arm,seed,event_idx,z_true,host_galaxy_index,in_catalog,host_draw_mode,s_tilde_phi_host,SNR,candidate_count_no_bh,candidate_count_with_bh,h_fiducial_used,L_cat_no_bh,L_cat_with_bh,B_num,B_num_wbh,g_frac,combined_no_bh,combined_with_bh,impostor_share_proxy_no_bh
bc,900101,0,0.2888145889115512,10791058.0,True,catalogue_selected,0.6456652581460561,31.71527396330816,6806,1596,0.73,0.0797050069719356,0.0006416451259485,26642520.291520435,3497867.583052792,0.1312889,0.0410341419508865,0.0037330314903694,
bc,900101,1,0.1399706337820377,9395586.0,True,catalogue_selected,0.8547759691829862,385.538769323715,23,20,0.73,0.090513039352501,0.0240824501483854,2384193.9497525413,243397.61606832623,0.102088,0.0171703499220118,0.0017493080248753,
bc,900101,2,0.200882311571994,11311856.0,True,catalogue_selected,0.7211881449044129,81.67219967312538,134,49,0.73,0.0789795744643595,0.0030720234100377,8687959.33716551,1265524.3362840624,0.1456642,0.0219591373221204,0.0015265845632984,
bc,900101,3,0.1163680470536264,154375.0,True,catalogue_selected,0.9010896182507766,158.93501165546587,39,31,0.73,0.0161859455511686,0.0060202970216549,382853.7423542921,38294.033460338855,0.1000226,0.0030245501498532,0.0004134920618367,
bc,900101,5,0.2379710142629953,19142281.0,True,catalogue_selected,0.7169123151376593,61.121842277459976,200,35,0.73,0.091003328465306,0.0004616666300223,13424266.800613835,2511981.667190236,0.1871224,0.0289065319504008,0.0026809178208683,
bc,900101,7,0.1079739940798883,1566826.0,True,catalogue_selected,0.9520168898667684,135.05974619098578,103,72,0.73,0.0163752195886949,0.0119688918836393,488224.1096801054,40039.61617315888,0.08201073,0.0031664480543195,0.0007839507915848,
bc,900101,8,0.3662049767946729,14944724.0,True,catalogue_selected,0.5806536868068537,21.13513636457883,18277,601,0.73,0.0075611790748463,1.0295787441383624e-07,19356417.793328576,5220756.4293639455,0.2697171,0.0216617988270586,0.0055124126257154,
bc,900101,9,0.3375571132364938,8111837.0,True,catalogue_selected,0.5621464701403652,49.2070697785198,360,53,0.73,0.0182476516807881,3.095708068201504e-05,36558793.872981794,5331723.440129813,0.1458397,0.0415551708232579,0.0056314905765169,
bc,900101,11,0.1640823715448116,5590045.0,True,catalogue_selected,0.705104235784189,1424.7236072062765,1,0,0.73,0.1271121114056788,0.0,3660820.830931981,474722.6447891388,0.1296766,0.0244432408500339,0.0005012423214023,
bc,900101,12,0.0924874118893752,5386571.0,True,catalogue_selected,0.8300752100993535,270.0169486273753,67,48,0.73,0.0608233990395238,0.0076912295648479,301206.9134092677,33715.127857024294,0.1119334,0.0101646061686364,0.0005121997738726,
bc,900101,13,0.2056007584770926,8021769.0,True,catalogue_selected,0.7318590054559778,122.19849211982591,23,6,0.73,0.0117587581873857,0.000350535422238,2307650.6826208658,457209.28189674666,0.1981276,0.0043401649200357,0.000504472173275,
bc,900101,14,0.2227159025413963,9931818.0,True,catalogue_selected,0.611598780389282,37.433663811414256,1124,238,0.73,0.1063477429412872,0.0011646070252363,17161966.77707161,2904776.313514958,0.1692566,0.0353371081399407,0.0031392143534388,
bc,900101,15,0.0834229255621479,19357878.0,True,catalogue_selected,0.9271008951540268,276.148343063909,8,8,0.73,0.0450671971636855,0.0284100837419125,180711.8577547188,19940.43474863478,0.1103438,0.0074866412886993,0.0017815375227486,
bc,900101,17,0.3166972100297248,8045262.0,True,catalogue_selected,0.6183361686523247,27.17882033382198,1598,73,0.73,0.0320931514714032,9.645220332451066e-07,27735578.78174568,8220848.247741855,0.2964008,0.0344804788892365,0.0086801535132786,
bc,900101,21,0.12363349708051,7228408.0,True,catalogue_selected,0.9029045832450154,299.25833132273544,13,10,0.73,0.1001042204122098,0.0301582352722523,967862.9201704632,136321.4761528362,0.1408479,0.0172275938887279,0.0020127474465746,
bc,900101,22,0.1527639221530482,13252529.0,True,catalogue_selected,0.7946914014486115,309.9688163411626,596,385,0.73,0.0509756792251842,0.0158756585738025,3213017.201912828,274464.6115895084,0.0854227,0.0116448536699883,0.0012735615825017,
bc,900101,23,0.1206833969926503,16967752.0,True,catalogue_selected,0.9511744676052784,51.23570475840657,6447,3788,0.73,0.0562459496445014,0.0137377236008978,1269313.4703377574,171454.61601932332,0.1350767,0.01044576086007,0.0010323160095051,
bc,900101,24,0.2342874028626522,18060584.0,True,catalogue_selected,0.65591258736884,91.69452141764684,1348,234,0.73,0.1244667658540039,0.0009444842218068,16341401.724076029,2995506.9490233515,0.1833078,0.0374039541363844,0.0032213732065758,
bc,900101,25,0.2930953677889049,16222830.0,True,catalogue_selected,0.5714107736199736,28.197096848827428,644,124,0.73,0.0342196211591743,5.1296104252349386e-05,26181508.609786253,5271549.175398404,0.2013463,0.0331838426189786,0.0055692151107571,
bc,900101,29,0.2034119258851567,13878630.0,True,catalogue_selected,0.788701784954627,589.8166147157915,26,7,0.73,0.1471965098171413,0.0057565187092431,11527965.017742712,2025893.043742662,0.1757373,0.0360012926067792,0.0024957798347624,
bc,900101,30,0.2700978308641988,4374164.0,True,catalogue_selected,0.6591643697321612,22.471681036801712,22250,3610,0.73,0.0556490505453446,0.0001020152658125,11067648.618741397,2797597.3764824728,0.2527725,0.0206948347262149,0.0029602025692963,
bc,900101,34,0.1649920502240154,9847087.0,True,catalogue_selected,0.8563354757444537,406.7105275653722,4,2,0.73,0.1615626414922855,0.0226038506343728,3869529.927437272,600755.6492154603,0.1552529,0.0302407333874513,0.0020350051934878,
bc,900101,36,0.3208770848381517,16028685.0,True,catalogue_selected,0.5479281027199941,27.9127610375079,11097,2058,0.73,0.0251987030752161,5.5141491584672944e-05,18387568.33544363,3656449.938408195,0.1988545,0.0234941278789901,0.0038641290363328,
bc,900101,37,0.1655045351861467,9643684.0,True,catalogue_selected,0.8376508726790332,112.76986331146492,494,241,0.73,0.0444265974402104,0.0043926567835593,2512464.7236170764,321677.9625921693,0.1280328,0.0098449487222265,0.0006118470899366,
bc,900101,38,0.1864500852077379,14102738.0,True,catalogue_selected,0.8568427191563771,485.945860890477,4,2,0.73,0.1184130805735436,0.0112330991685832,1911322.681094298,315790.6505128485,0.165221,0.0211877416844353,0.0010295114982986,
bc,900101,40,0.1917489682737859,12538079.0,True,catalogue_selected,0.8553075801192521,60.17458900837416,3710,1739,0.73,0.0891760640976848,0.0060403365713357,9021363.929991543,1238366.8274352727,0.1372705,0.0239618554353881,0.0016818469305215,
bc,900101,42,0.2650193934333896,1869290.0,True,catalogue_selected,0.7490779485206676,26.024497205416377,1442,261,0.73,0.06998666621013,0.0001948169008589,15629800.132539026,3630464.314998815,0.2322784,0.0278329306632094,0.0038453470084978,
bc,900101,43,0.0947822977069215,9128213.0,True,catalogue_selected,0.8970124616527418,46.53492987019028,1488,948,0.73,0.0189970278238758,0.0067094032292101,314577.31284437474,37556.06362898765,0.1193858,0.0034075397848712,0.0004554146012871,
bc,900101,45,0.1888557169434301,9463525.0,True,catalogue_selected,0.7927036782722607,32.692422632788684,2061,637,0.73,0.0450673993584651,0.0024816935010192,2570831.250086335,424438.7403127466,0.1650979,0.0100103138896074,0.0006019320880288,
bc,900101,47,0.0786307752579717,5597014.0,True,catalogue_selected,0.8834436385910146,128.75812784012476,5,2,0.73,0.0128309697049707,0.0029833232167062,104979.68200410958,12940.5904246011,0.1232676,0.0021880230488079,0.0001985306130718,
bc,900101,51,0.0951546185468806,6521323.0,True,catalogue_selected,0.9142718262578444,307.13263456812825,3,3,0.73,0.0639303899149767,0.0397296075221731,286127.2043216367,38889.45810493232,0.1359167,0.0106516683043938,0.0025029802367383,
bc,900101,55,0.0473940525720119,3781718.0,True,catalogue_selected,0.9490510960290068,87.42875499752449,35,25,0.73,0.007686917839599,0.0021550678804374,9577.786981612016,951.1303663431436,0.09930586,0.0012545318775118,0.000134547012784,
bc,900101,60,0.17269903846372,19403816.0,True,catalogue_selected,0.8777689765307132,184.21296492154545,13,9,0.73,0.0437847163327304,0.0063195776004242,3836563.4616147536,485587.267430448,0.1265683,0.0111391034836514,0.0009043181411302,
bc,900101,65,0.1705363227914491,11302897.0,True,catalogue_selected,0.7252399116597912,33.53663292022108,1979,460,0.73,0.0847485170268495,0.0009020223615224,4657589.372579351,1159376.4496912952,0.248922,0.0186375387539008,0.0012800387722378,
bc,900101,66,0.1367961072908075,3957134.0,True,catalogue_selected,0.892738180742219,994.9974612426676,190,130,0.73,0.0504542906142193,0.0135386112593403,1727416.4274107155,211463.1264850932,0.1224158,0.0099918555000748,0.0010622211732493,
bc,900101,70,0.1606525053660716,2613361.0,True,catalogue_selected,0.7363011335097037,1068.0998922314843,3,1,0.73,0.133662280527601,0.000463732852186,3767457.971058217,737594.5881733365,0.1957804,0.025616228286644,0.0008075352760757,
bc,900101,71,0.2390334328203628,15906953.0,True,catalogue_selected,0.6939230988325693,30.85059009204141,280,37,0.73,0.049868978603431,1.571100624950392e-05,16114809.46961508,4301152.198147837,0.2669068,0.0250882239839028,0.0045424032492025,
bc,900101,72,0.1701299638919828,3626307.0,True,catalogue_selected,0.904518608752568,35.866096304740985,12104,3108,0.73,0.1027140608227976,0.0045644512001514,6094075.870559082,925724.8423506676,0.1519057,0.0230626767263591,0.0012602837102443,
bc,900101,74,0.0818427276860421,15273415.0,True,catalogue_selected,0.8597347236490348,275.550638566041,23,15,0.73,0.0090907429216881,0.0008473814220009,30907.3980246428,4117.197714243811,0.1332108,0.0015043153402236,5.6856748796828334e-05,
bc,900101,76,0.1562909197656983,12264856.0,True,catalogue_selected,0.759097077978032,41.078827531600616,187,97,0.73,0.0650035219315375,0.0051043666251287,4333356.81225706,688471.620128709,0.1588772,0.0150987174892618,0.0010432335419245,
bc,900101,77,0.2241742452131973,9449249.0,True,catalogue_selected,0.6697455695129559,39.90018420555952,2245,370,0.73,0.0665643639650647,0.0003483246039011,12868632.687141895,2695801.3276436995,0.2094862,0.0243634853446793,0.002867982846754,
bc,900101,78,0.0598708284253662,31074.0,True,catalogue_selected,0.968451220545906,83.08265043593336,365,288,0.73,0.0062786763747489,0.0019845340680259,19349.98395847916,1849.5441132878648,0.09558375,0.0010368727202435,0.000124928173425,
bc,900101,82,0.2865336674713265,15600763.0,True,catalogue_selected,0.5674987379027898,221.1338187340414,21,2,0.73,0.0243858286696815,1.767625221145967e-05,20050810.6910696,4507196.287303895,0.2247887,0.0251186902661835,0.004760079465953,
bc,900101,83,0.271081093539745,5683343.0,True,catalogue_selected,0.8118328757034136,46.04098492127464,157,42,0.73,0.0271285359073107,0.0004019797315339,10256704.67767826,1486566.1401518562,0.144936,0.0152214621781391,0.0015945203673846,
bc,900101,84,0.1424210927052636,17821891.0,True,catalogue_selected,0.8839477593694066,334.3495633469489,2,1,0.73,0.012568172069986,0.0038445853438121,2105633.91724207,308792.838240182,0.1466508,0.0042578971071085,0.000564279901395,
bc,900101,86,0.1118508417751737,11908088.0,True,catalogue_selected,0.90687402240321,52.04359158584538,264,135,0.73,0.0244135901266096,0.0044017118475301,728240.5369734168,97853.30129745284,0.1343695,0.0047211876268809,0.0003760799095452,
bc,900101,87,0.0783400362060432,1255727.0,True,catalogue_selected,0.934922380115683,75.67811681288687,157,124,0.73,0.0090610647989011,0.001618702883142,62297.271950716815,8921.498592542717,0.1432085,0.0015326542337235,0.0001097257892476,
bc,900101,89,0.1913700231577754,11897999.0,True,catalogue_selected,0.7656296054431271,177.0123020948896,34,15,0.73,0.0832031444304272,0.0056313905842528,5287160.55075535,581962.2085533323,0.1100708,0.0190521028569547,0.0009634321499446,
bc,900101,90,0.1385014946699081,17096053.0,True,catalogue_selected,0.8541943169472662,61.962260005145644,37,23,0.73,0.0327349850473032,0.0062044205423183,2443106.0741041554,344756.40544008464,0.141114,0.0078789847928417,0.000748484052742,
bc,900101,93,0.0921799670564509,16974092.0,True,catalogue_selected,0.9240414765359746,107.79314909054284,92,68,0.73,0.0577179837487346,0.0143257932569473,446699.944258688,58896.95348290035,0.131849,0.0098154977695827,0.0009499112989947,
bc,900101,96,0.2884417059515889,3156278.0,True,catalogue_selected,0.5683368332389628,36.308698534866586,192,7,0.73,0.0292303848248714,4.003088889328466e-07,13037472.123917976,4150537.913705016,0.3183545,0.0184978369967859,0.0043824263655456,
bc,900101,98,0.374533394513599,4398038.0,True,catalogue_selected,0.5562513416028546,57.20262169377478,299,0,0.73,0.005547275569697,0.0,28166640.109871965,7472359.627741628,0.2652911,0.0306381645254642,0.0078897919180277,
bc,900101,106,0.2955751402950312,14566048.0,True,catalogue_selected,0.5934246169649667,90.62126205632914,10,2,0.73,0.0148410958132635,6.860255093226864e-06,13757289.360309076,3251797.5735744163,0.2363691,0.0169284138719184,0.0034338795314622,
bc,900101,107,0.2328547517827255,5411492.0,True,catalogue_selected,0.6775085662075426,181.85607616538803,33,14,0.73,0.0253690588402593,0.0008297088057954,2816961.4592895,428803.7728263103,0.1522221,0.0070812706767041,0.0005041726934846,
bc,900101,111,0.394059623472922,6866171.0,True,catalogue_selected,0.5909325189132602,43.11779280688452,1501,0,0.73,0.0029232010751064,0.0,32059160.029868357,12831090.25994354,0.4002316,0.0343233283706099,0.0135478800908546,
bc,900101,112,0.2302410190664054,10123882.0,True,catalogue_selected,0.8316626906200182,35.85215741003731,435,129,0.73,0.0618480443630359,0.0011446092655853,12339024.003601125,2136216.3115787143,0.1731268,0.0230407757474268,0.0023264806886514,
bc,900101,113,0.0738735540158486,8706333.0,True,catalogue_selected,0.892745502503735,419.1725101352295,1,1,0.73,0.0147458421796206,0.002389718371228,112753.1361686984,14936.05145680305,0.1324668,0.0025062254528866,0.0001638537304332,
bc,900101,115,0.2709872807595498,17850499.0,True,catalogue_selected,0.5773136932018726,40.95702638471474,2919,772,0.73,0.0670683380334264,0.0004741177159772,23840801.68209881,3955090.795051182,0.1658959,0.0360301855977592,0.0042054156547216,
bc,900101,116,0.2927674463602892,15263917.0,True,catalogue_selected,0.6795274023109024,71.158808156538,1377,128,0.73,0.0577462322844166,3.564508432772996e-05,19721138.197204284,4428365.750605411,0.2245492,0.0301712470309332,0.0046779586499797,
bc,900101,117,0.1450095220526029,19593483.0,True,catalogue_selected,0.8208843029910062,168.27646830916524,17,9,0.73,0.0323547413087181,0.0022434925855783,1897383.78068819,384375.9605928506,0.2025821,0.0072412196696681,0.000544870702247,
bc,900101,119,0.2998524625569221,6653039.0,True,catalogue_selected,0.6294777067578162,31.404009484239744,12357,2127,0.73,0.0159659688579,4.2155090174601495e-05,4763273.493235747,1035735.135197388,0.2174419,0.0076140639881537,0.00109620716047,
bc,900101,120,0.1152437726154429,14745158.0,True,catalogue_selected,0.863518599511023,69.50825315901089,281,215,0.73,0.0119116927665392,0.0027891980314783,177748.5663366295,20730.04543914616,0.1166257,0.002116037239284,0.0001947258899315,
bc,900101,122,0.2792774797574033,19786113.0,True,catalogue_selected,0.5767059951292283,56.20607173499768,719,206,0.73,0.0751078131834062,0.0010653470638999,24748838.346248847,2972904.031619306,0.120123,0.0382904421904773,0.0032049970992397,
bc,900101,123,0.0861655976576593,1742224.0,True,catalogue_selected,0.846386547686835,235.85577567934249,1,1,0.73,0.0024905421739845,0.0002703468154703,215671.64195971796,28770.47528099096,0.1333994,0.0006309084787033,4.713023337961468e-05,
bc,900101,125,0.3047238940814132,5679728.0,True,catalogue_selected,0.5671011413012819,36.65712644823669,2577,261,0.73,0.0288342247555098,1.9498715798042887e-05,8802858.123153469,2044955.7305051396,0.2323059,0.0139625290395915,0.0021604024238703,
bc,900101,128,0.0888327407847143,15215555.0,True,catalogue_selected,0.9334487609501074,45.01669386617085,137,100,0.73,0.0229231877902371,0.0029154709474133,148269.54114687582,25434.83352143561,0.1715446,0.0038675392962961,0.0002075182377419,
bc,900101,130,0.1370241863822973,12411752.0,True,catalogue_selected,0.8373193891210033,81.36575516946877,54,29,0.73,0.0521136408582836,0.0064944212528445,1693894.487689169,238390.8230685548,0.1407353,0.0102250896451768,0.0006541469427857,
bc,900101,132,0.1592856858875706,13388057.0,True,catalogue_selected,0.7160327189764019,191.1097339359392,165,29,0.73,0.0186896344330923,0.0003181649849073,2173597.4617941133,331006.1509666388,0.1522849,0.0053206480650989,0.0003692129978278,
bc,900101,135,0.1705424303952714,15166534.0,True,catalogue_selected,0.867113965046703,29.56506635502989,36002,13221,0.73,0.0591836345800455,0.0019335757254394,2888173.9556386634,555950.0502345721,0.1924919,0.012630632252019,0.0007068249551597,
bc,900101,136,0.1611861188903268,12170382.0,True,catalogue_selected,0.8150599579600439,125.25829128233202,192,112,0.73,0.0761112964274801,0.0159437843841483,3490985.482598866,353670.47756490594,0.1013096,0.0160075027008714,0.0013614137079954,
bc,900101,137,0.1221211887272887,992170.0,True,catalogue_selected,0.9158968668898944,54.3008437800032,125,86,0.73,0.0282727137958422,0.0053160587578334,1023144.4575758624,118983.42453536314,0.1162919,0.0056573113720459,0.0004550496254962,
bc,900101,138,0.1944133689510439,19741494.0,True,catalogue_selected,0.6255821476469344,75.18426845986467,248,50,0.73,0.0797525035003376,0.0007482984773833,8072881.420168519,1635676.8262745857,0.2026138,0.0214348268533805,0.001773421179578,
bc,900101,140,0.1827562764886093,10312353.0,True,catalogue_selected,0.6819950515286375,167.92971655824752,323,88,0.73,0.0868586381660352,0.0004792592469039,6822106.692431007,1498356.6874770415,0.2196325,0.021264576719296,0.0016117583436027,
bc,900101,142,0.2054208111172219,9398417.0,True,catalogue_selected,0.778078109065497,88.46775212145687,129,37,0.73,0.0711776097283199,0.0024932074130877,9128833.735061172,1466409.0366612575,0.1606349,0.0211615967715538,0.0017028239906668,
bc,900101,143,0.1136972330867059,14836215.0,True,catalogue_selected,0.8598862757051501,50.57449373515,81,56,0.73,0.0164568402126958,0.0025636665404064,394636.58574840985,56905.46796506133,0.1441971,0.0030808457941404,0.0002189467247217,
bc,900101,144,0.216827094939395,4932973.0,True,catalogue_selected,0.8782518950746692,38.93408877311971,554,137,0.73,0.0300822246814933,0.0008345871217622,4652926.071754744,740689.081722933,0.1591878,0.0097828032839982,0.000833783306517,
bc,900101,145,0.1563104997514293,19802984.0,True,catalogue_selected,0.7723018402516506,48.12419494250376,681,333,0.73,0.0490400616778942,0.0061878467716219,3431543.344459719,428966.26042778575,0.1250068,0.0115622343776312,0.0008363711421934,
bc,900101,146,0.3162451343558667,14059420.0,True,catalogue_selected,0.6025916105588135,80.98549230158378,52,2,0.73,0.012021925505976,2.71210769249122e-06,7826619.63615195,1486890.3561456816,0.1899786,0.0102100464968479,0.0015701213418169,
bc,900101,147,0.29784730905758,6551159.0,True,catalogue_selected,0.7904819812533951,386.9752492241015,10,1,0.73,0.0070240391743329,3.375962206833524e-42,5277927.614405534,1232458.5773279972,0.2335118,0.0067098782160926,0.0013013080482109,
bc,900101,153,0.3196050617312394,13826767.0,True,catalogue_selected,0.5606276965452608,21.96883900076013,6825,307,0.73,0.0189453964288691,1.153438047858438e-06,26633265.789169174,6366160.850304735,0.2390304,0.0311881242680261,0.0067218684611179,
bc,900101,155,0.1126748086755113,3744116.0,True,catalogue_selected,0.8026456555016711,89.4837444172793,30,20,0.73,0.0388472598719883,0.0086817771373559,786624.5980502879,122198.86577667826,0.1553458,0.0071194698148599,0.0006670076286422,
bc,900101,156,0.3004654312261997,4800964.0,True,catalogue_selected,0.5696866030724589,217.3384971767157,52,1,0.73,0.0902164435621652,3.544903855483673e-06,26670262.20076376,6247483.911861638,0.2342491,0.0427651080917259,0.0065967100030694,
bc,900101,157,0.2123659841197258,2087166.0,True,catalogue_selected,0.6496899869069412,47.39194137175564,293,70,0.73,0.0904403128474996,0.0019785414507707,10436401.406487089,1737118.1294829897,0.166448,0.0256606084664867,0.0019567636216285,
bc,900101,161,0.2122607279789302,6939736.0,True,catalogue_selected,0.6126812959334813,226.6449486495829,58,17,0.73,0.1007553997170216,0.0003005426024438,7976143.79118276,1935944.3415850787,0.2427168,0.0247328000332868,0.0020627166772236,
bc,900101,162,0.2623404550473099,9969727.0,True,catalogue_selected,0.6460666823485868,32.93212530231793,772,132,0.73,0.0837223351033842,0.0002341191060448,24242141.20638809,5284093.259596371,0.2179714,0.0391500260911697,0.0055937889155214,
bc,900101,163,0.1835935609880283,13562284.0,True,catalogue_selected,0.8435770378495374,34.20521768923424,11831,2018,0.73,0.0305396613464395,0.0011992898982632,2683479.0091870595,425737.5139304682,0.1586513,0.0077773894460084,0.0005238369154168,
bc,900101,164,0.2958653023239258,6755313.0,True,catalogue_selected,0.6180724722022309,50.79143476226123,66,6,0.73,0.0351004769702364,6.882984194058037e-06,29183686.182444427,8338483.977113557,0.2857242,0.0364963322937567,0.0088047275366409,
bc,900101,165,0.0877051909430371,17392610.0,True,catalogue_selected,0.9433710936676134,262.3441467922373,24,18,0.73,0.0985278317030529,0.0271904873937238,368575.6298226381,49255.7042000264,0.133638,0.0163396300335359,0.0017369159131305,
bc,900101,166,0.1484576121532615,15452951.0,True,catalogue_selected,0.7651945783616028,43.048423697750906,253,118,0.73,0.0286123807698108,0.002088904866074,1265374.3572405083,206376.7411515017,0.1630954,0.0059680610614185,0.0003473485077038,
bc,900101,168,0.1728456684703026,16049397.0,True,catalogue_selected,0.771324871527004,46.62542662222315,2965,1131,0.73,0.039730912754853,0.0022790542176901,2789309.164769938,411547.63431853184,0.1475446,0.0093770841011118,0.0005757639232408,
bc,900101,172,0.1444987564970925,11947034.0,True,catalogue_selected,0.8592772711255491,143.78053906903736,319,270,0.73,0.087580634425425,0.0293018556830574,2358638.147315816,194401.56588640896,0.08242111,0.0166686455859393,0.0020210049564634,
bc,900101,173,0.1262366003604391,18491829.0,True,catalogue_selected,0.8208206692268009,58.21805599108515,357,213,0.73,0.0597087088973915,0.0073024914777251,1408492.600274101,219325.24980529005,0.1557163,0.0111532938742138,0.0006840898587748,
bc,900101,175,0.1765770921274949,10150794.0,True,catalogue_selected,0.889487863913387,101.79947512510566,103,52,0.73,0.0960110834519954,0.0107433048301359,5113610.229302399,623699.1177316516,0.1219685,0.0209423078475412,0.0013242698075119,
bc,900101,177,0.1998762624555027,1180282.0,True,catalogue_selected,0.8277914758097743,26.19062132488805,2320,429,0.73,0.0700711596270911,0.0005262450929006,5829763.300569786,1435741.2330899488,0.2462778,0.0174991077679557,0.0015485565341583,
bc,900101,178,0.2175847886740101,19323715.0,True,catalogue_selected,0.8315175168936841,88.62281577882493,434,85,0.73,0.0389007150575163,0.0004794032255487,5490803.385103689,1003401.1699475456,0.1827421,0.0120950943224178,0.0010891617919283,
bc,900101,181,0.1589954844782781,10663762.0,True,catalogue_selected,0.8614336737652111,64.0156676510371,1183,659,0.73,0.0792715749408212,0.012887717182314,4270910.450849346,497271.7933151331,0.1164323,0.0173426078955771,0.001323662267592,
bc,900101,182,0.126740275930606,18096897.0,True,catalogue_selected,0.90140940835071,33.52245009411842,1369,828,0.73,0.0687608046078342,0.0128876574213185,1831111.174172772,220992.63819989483,0.1206877,0.0130649462381598,0.0010319454839541,
bc,900101,184,0.0402100938252107,734970.0,True,catalogue_selected,0.9762928560465024,136.12304068130743,354,269,0.73,0.0145237507372216,0.000493593246052,6349.735938655878,1105.5044215007674,0.1741024,0.002357924065671,3.175367603822446e-05,
bc,900101,185,0.1666505341389912,9140269.0,True,catalogue_selected,0.711918803009965,309.3830615536255,18,11,0.73,0.0946934887114615,0.0248452171587587,4367564.905962366,449126.6649696186,0.1028323,0.019941283153432,0.0020137960841665,
bc,900101,188,0.0846180805730275,240317.0,True,catalogue_selected,0.9468647102100044,57.7745167044806,122,31,0.73,0.0024437413179905,5.8931895019522765e-06,731901.4545380158,92754.77630178707,0.1267312,0.0011684002116441,9.830156667684907e-05,
bc,900101,189,0.2747678651078059,17436398.0,True,catalogue_selected,0.7237344944921185,41.57335651533892,245,40,0.73,0.0567660967927651,0.0001481523670258,25902788.30324311,5301201.214840116,0.2046576,0.0365395537702553,0.0056065254940588,
bc,900101,190,0.3850958298094271,360495.0,True,catalogue_selected,0.4660278813037252,132.27776087512888,229,0,0.73,0.0385658355354016,0.0,45317212.53656483,13705694.138922386,0.302439,0.0540921338199217,0.0144713424186346,
bc,900101,192,0.0430341803622598,6888004.0,True,catalogue_selected,0.9096641978663964,667.3384720182261,0,0,0.73,0.0,0.0,7763.699950264912,995.7822752140264,0.1282613,8.197407535657567e-06,1.051410175432548e-06,1.0
bc,900101,195,0.2059436266584442,1667158.0,True,catalogue_selected,0.7640392389849326,536.3839644445267,2,0,0.73,0.3698684951164482,0.0,5094358.1311479695,901139.6494090628,0.1768897,0.0652561834976201,0.0009514804796769,
bc,900101,197,0.0592818371174396,15982409.0,True,catalogue_selected,0.9163621172013988,45.799845843275456,2425,2161,0.73,0.0052181162512085,0.0029764672590287,30740.87614078247,2840.371822986399,0.09239723,0.0008772080888956,0.0001874413186949,
bc,900101,199,0.0624978628108111,12305634.0,True,catalogue_selected,0.92610412765572,296.2851668655232,2,2,0.73,0.0053751663232627,0.0041348010138346,70390.70363952951,7614.352335639739,0.1081727,0.0009444974026994,0.0002642602742873,
bc,900102,1,0.2202835665633465,13908693.0,True,catalogue_selected,0.7231043447038656,309.3830615536255,5,1,0.73,0.0209465116726344,0.0003761410939441,8285706.396665028,940084.5441282538,0.1134586,0.0121395620353892,0.0010159092485942,
bc,900102,3,0.210259128855521,7584453.0,True,catalogue_selected,0.7834508869984164,24.724337242190924,34704,7384,0.73,0.0716939939537648,0.0002467976243145,10172471.84336632,2464080.0197914266,0.2422302,0.0223471325367849,0.0026170254654318,
bc,900102,5,0.341912053474169,11579731.0,True,catalogue_selected,0.5812567597194577,53.10727783499081,3278,174,0.73,0.0236109850861307,4.361139215744608e-06,34887384.01242499,7428441.303349393,0.2129263,0.0406586489497369,0.007843690407588,
bc,900102,7,0.2462766604309856,8960980.0,True,catalogue_selected,0.5681021237798469,188.89116438451816,43,7,0.73,0.0938262618681435,0.0001464012638714,13319699.453393774,2647043.868811085,0.1987315,0.0292531218840588,0.002803989073255,
bc,900102,8,0.1365007906801576,20348178.0,True,catalogue_selected,0.9237429794490633,276.148343063909,5,4,0.73,0.0762548875339173,0.043880961453527,1987769.82546084,236981.29756471983,0.1192197,0.0144435577937862,0.0029693844725301,
bc,900102,10,0.134288233583866,998319.0,True,catalogue_selected,0.8920150911039042,26.54164521292477,180,41,0.73,0.0007472937678041,2.887221317965091e-06,6249255.639166451,421589.66903323215,0.06746238,0.0067193388629121,0.0004453200627281,
bc,900102,11,0.0490649103456956,18659271.0,True,catalogue_selected,0.9441399709170588,45.01669386617085,57,53,0.73,0.0067007852952069,0.0032717299925212,21315.81451286435,3536.401313420823,0.1659051,0.0011072826987387,0.000206472729733,
bc,900102,12,0.1822977279914644,6491372.0,True,catalogue_selected,0.6949108391273054,41.57335651533892,158,53,0.73,0.0509520414717485,0.0024874254498955,5623278.30164538,864951.2112611382,0.1538162,0.0141859337655906,0.0010674083257223,
bc,900102,15,0.1603495078583,11749777.0,True,catalogue_selected,0.8479761863001164,36.61251046020066,728,227,0.73,0.11540715916217,0.0064178346623624,5918662.377778346,868330.295317335,0.1467106,0.0249323231446154,0.0013145312204682,
bc,900102,17,0.2083008176303277,18994804.0,True,catalogue_selected,0.7760113047883532,56.381399409447326,241,85,0.73,0.1566887271236395,0.0070810533360187,9516887.981300889,1386060.3338619457,0.1456422,0.0354145449279826,0.0019022810460773,
bc,900102,19,0.2933311082461153,10630437.0,True,catalogue_selected,0.6620540161658776,31.404009484239744,10948,929,0.73,0.0565217414394128,1.1702758091034987e-05,33214209.113292065,8133949.198150056,0.2448937,0.0442198580854259,0.0085890653917064,
bc,900102,20,0.1396474845354455,1100244.0,True,catalogue_selected,0.9069085447634436,32.13834662815349,5759,2544,0.73,0.0763035341354766,0.0068031263913426,1563697.858837394,243597.22892793367,0.1557828,0.0140036709720959,0.0006787736790555,
bc,900102,21,0.1117579712677821,13857905.0,True,catalogue_selected,0.8977368703147313,217.3384971767157,48,33,0.73,0.077710288468694,0.0109623141722526,720551.6702172833,99228.04168280584,0.1377112,0.0133411601868109,0.0007840712496113,
bc,900102,22,0.0418390831961834,16092602.0,True,catalogue_selected,0.9486607379099772,75.18426845986467,54,50,0.73,0.0039718762958738,0.0016920400781686,5518.298211451649,855.3156300806149,0.1549963,0.0006488253108469,0.0001057534752465,
bc,900102,23,0.2715585769454161,10090277.0,True,catalogue_selected,0.6103822165982102,32.71303272149448,2817,361,0.73,0.0660872119809527,5.78519979704792e-05,27692898.40185006,6141753.153835685,0.2217808,0.0399386415454065,0.0064884379921004,
bc,900102,24,0.0971120376861826,10534137.0,True,catalogue_selected,0.8569449789571862,667.3384720182261,1,1,0.73,0.0364346147277167,0.00907398977572,414220.7244045654,56684.55970435335,0.1368463,0.0063356840778715,0.0006221376412516,
bc,900102,25,0.2435470811862048,5384312.0,True,catalogue_selected,0.6402830943243586,29.19122955630292,10673,1383,0.73,0.0525914105260668,4.803112615800244e-05,8779659.416735683,2240031.0760980644,0.2551387,0.0177840354565532,0.0023681434277184,
bc,900102,26,0.2167910031619919,4173791.0,True,catalogue_selected,0.7465630572186635,35.79017586776522,290,67,0.73,0.0478662672218523,0.0005050428835224,8804051.61337872,1478040.01241152,0.1678818,0.0170448467264806,0.0015919044381246,
bc,900102,27,0.0727635048616203,13552492.0,True,catalogue_selected,0.923682166319245,994.9974612426676,81,51,0.73,0.0413536665311661,0.0059239151072335,120996.58152442717,13497.064581525943,0.1115491,0.0068224144047896,0.0003813373642845,
bc,900102,29,0.1373987177939578,9475054.0,True,catalogue_selected,0.8580155346620231,42.58475475814269,522,168,0.73,0.0496831675983432,0.0025616978871544,2075328.528338337,371613.2047482247,0.1790624,0.0102343677034095,0.0005511131513356,
bc,900102,31,0.292683789880711,14320270.0,True,catalogue_selected,0.6241390851765595,40.724150027141306,1299,192,0.73,0.0523390673270662,9.66955765358609e-05,13139875.533833124,2809945.8667873237,0.2138487,0.0223469772691516,0.0029729112453611,
bc,900102,32,0.0953774164393887,8562573.0,True,catalogue_selected,0.926914249737949,1068.0998922314843,1,1,0.73,0.8485962636038383,0.1772399321496215,357878.0580158154,62251.25729768365,0.1739454,0.137755343534629,0.0110487275454929,
bc,900102,33,0.2250291190159214,18095282.0,True,catalogue_selected,0.7137354014069434,56.52423917219187,1805,613,0.73,0.1011885703775695,0.0035313803582632,8371909.331839532,1240658.0817201105,0.148193,0.0252207995207,0.0015287940913198,
bc,900102,35,0.170127792736748,15927989.0,True,catalogue_selected,0.8282119631407396,36.88912600889518,776,329,0.73,0.0648327994104253,0.0041953646169607,5418143.913395857,806142.3850045182,0.1487857,0.0162164667015893,0.0011111498265835,
bc,900102,37,0.1363731789473722,8098892.0,True,catalogue_selected,0.909788563878792,175.63948635743802,386,196,0.73,0.0587309422297112,0.0058160195521253,1732435.1462200773,250623.4780305514,0.1446654,0.0113370443905997,0.0006250245464802,
bc,900102,38,0.1107645861228716,11947781.0,True,catalogue_selected,0.9369465398930764,126.11322204528734,87,69,0.73,0.0407108076325781,0.010491316949063,748651.4539630781,84633.58718909572,0.1130481,0.0073810612042651,0.0007394752874655,
bc,900102,39,0.0572878172124741,789652.0,True,catalogue_selected,0.9626494839477332,79.01638706633085,66,44,0.73,0.0076848074372232,0.001175758233783,36866.449632608295,3735.483320973921,0.1013247,0.0012830033322131,7.680218421519063e-05,
bc,900102,40,0.3067114417186062,5136300.0,True,catalogue_selected,0.637531544967148,48.29372005308613,505,26,0.73,0.0229104788115197,3.4607413827981208e-06,30770766.47466222,7925707.418541348,0.2575726,0.036198659182756,0.0083686797621294,
bc,900102,41,0.1843894954174054,13635234.0,True,catalogue_selected,0.8579959978092502,275.550638566041,27,12,0.73,0.0853247686372304,0.0051405379962747,8583581.910652082,1400760.259822522,0.1631906,0.0228761392107017,0.0017975545558729,
bc,900102,43,0.1402245082731688,19955112.0,True,catalogue_selected,0.8848857240056317,147.9905701953819,239,134,0.73,0.033908504592961,0.0045291632414694,1738835.267369901,252269.8062404054,0.1450798,0.0073253495650836,0.0005470204238394,
bc,900102,44,0.2883057951384659,14990667.0,True,catalogue_selected,0.5240653553533551,112.76986331146492,433,44,0.73,0.0501867694537947,0.0001468980277312,24973484.20231916,4512456.000645548,0.1806899,0.0344932219402316,0.0047736404706129,
bc,900102,46,0.1429735560409588,4535876.0,True,catalogue_selected,0.756659338018284,386.9752492241015,7,2,0.73,0.0130774859435426,1.445178840548923e-07,816810.9730594947,119560.82248616753,0.1463751,0.0029795277373523,0.0001262488658614,
bc,900102,47,0.1486961135040505,10387846.0,True,catalogue_selected,0.8868953646642113,50.57449373515,98,39,0.73,0.0326980218895381,0.0025130954557638,2034987.569713155,317151.09917040466,0.1558492,0.0074420834651245,0.0004905968618447,
bc,900102,48,0.0948060868591647,6036022.0,True,catalogue_selected,0.9259463394572603,536.3839644445267,1,1,0.73,0.0888772939038367,0.003797395101117,323527.76796257985,44225.056792415846,0.1366963,0.0147297602722636,0.0002820082028774,
bc,900102,50,0.082475414504552,16542533.0,True,catalogue_selected,0.9469610146872828,168.27646830916524,11,10,0.73,0.0123388572560402,0.0029270898800298,285690.7532874595,52457.24260231529,0.1836155,0.0022991622216716,0.0002367702021875,
bc,900102,51,0.1509116844137993,2308723.0,True,catalogue_selected,0.7959413099833825,39.70978183113083,1944,786,0.73,0.0584562679144942,0.0060621152881903,2044387.371882572,296914.0774804337,0.1452338,0.0116219569147288,0.0006891508770016,
bc,900102,53,0.1668799281947774,6917436.0,True,catalogue_selected,0.8086326145213646,33.53663292022108,1788,528,0.73,0.0600782498175858,0.0007643942301934,3502367.1527781337,853471.11587772,0.2436841,0.0134239638298965,0.0009485161100131,
bc,900102,54,0.2975163883373692,5456026.0,True,catalogue_selected,0.4889991810338083,36.60306668547025,1536,199,0.73,0.0400925410256916,5.111976785845244e-05,17761982.495061945,3699602.92699376,0.2082877,0.0252447268688545,0.0039094434891216,
bc,900102,55,0.2614911946219723,11617028.0,True,catalogue_selected,0.5737160749182258,32.6701569930338,2386,413,0.73,0.0871771905384325,0.0005316062888948,13884923.58274341,2781544.3002430387,0.2003284,0.028773517179047,0.0029698731104269,
bc,900102,56,0.2974636840838016,10701158.0,True,catalogue_selected,0.6331112716301533,132.5305200235132,1067,218,0.73,0.0469076809625311,0.0002509138883476,24516867.100042656,3157044.477888409,0.1287703,0.0334802518273413,0.0033489564273039,
bc,900102,59,0.0761892538104039,10281200.0,True,catalogue_selected,0.905043261672096,56.0359521222489,151,108,0.73,0.0281857244790573,0.0061189592207942,169271.52687551916,20475.93379220638,0.120965,0.0047416555777886,0.0004007923652697,
bc,900102,60,0.1838416396743302,19051142.0,True,catalogue_selected,0.6465227847576548,38.79089760119882,2008,594,0.73,0.0854462070897378,0.0041783482788635,5283343.514848593,773896.1703222203,0.1464785,0.0194111973075706,0.0010760477762148,
bc,900102,61,0.270130453416057,8754413.0,True,catalogue_selected,0.645925734805947,167.92971655824752,272,14,0.73,0.070380054315847,2.955309531287013e-05,20581548.661364317,5926176.288338748,0.2879364,0.0331249860580854,0.006259064651074,
bc,900102,62,0.2084767736734721,6843353.0,True,catalogue_selected,0.7360317477481072,33.30512401745811,406,142,0.73,0.0779056470705618,0.0026314254852927,10603300.919485357,1822947.350994823,0.1719226,0.0238076207635528,0.0020878447265601,
bc,900102,64,0.1278209238073878,5598196.0,True,catalogue_selected,0.8597061855942978,48.94379929055725,326,184,0.73,0.0245243536700309,0.0051808185892606,1335590.27459064,131754.5516012374,0.09864893,0.0053803973352229,0.0004601537866003,
bc,900102,65,0.1402744483091198,4176495.0,True,catalogue_selected,0.9174523542564158,406.7105275653722,1,1,0.73,0.0048818968826934,0.0005800944198126,760252.8267892611,111425.78573431208,0.1465641,0.0015930432929973,0.0001535970407695,
bc,900102,66,0.1434333750811342,10589728.0,True,catalogue_selected,0.8301776745637237,42.66613788470291,2137,1118,0.73,0.0621278740584465,0.0128362586851941,1580075.0596128108,213850.3189015064,0.1353419,0.0117260951182429,0.0010212191522643,
bc,900102,68,0.2811999015196823,6635790.0,True,catalogue_selected,0.5363406741879199,23.049828714662453,1320,199,0.73,0.0310282913357479,2.197370464550313e-05,16164311.498789448,4400117.616119277,0.2722119,0.0220904119390688,0.0046472853031354,
bc,900102,69,0.2787846745106322,8700562.0,True,catalogue_selected,0.6778751760461721,45.1818514865256,293,30,0.73,0.031285013455779,2.6185860154339903e-05,14332489.25227909,3127507.221914599,0.218211,0.0201978178657942,0.0033038434303079,
bc,900102,70,0.2407303507093327,4685575.0,True,catalogue_selected,0.6560421065656983,67.58698696413336,80,10,0.73,0.069239022310076,0.0001031131707023,15762855.11569479,3136465.091615395,0.1989782,0.0278523840594095,0.0033180686605463,
bc,900102,71,0.1192680333863629,15754181.0,True,catalogue_selected,0.808989908298018,29.817563854886657,494,199,0.73,0.0307258345229219,0.0033573860678151,397871.781810124,51050.75559913821,0.1283096,0.0053942393459776,0.0002619492393726,
bc,900102,72,0.1694646485703457,8626482.0,True,catalogue_selected,0.784203374501473,133.21207702628178,38,22,0.73,0.0416303871557807,0.0048912724468309,4490126.934368875,623439.5613285383,0.1388468,0.0114804174688626,0.0009613637905034,
bc,900102,73,0.2975206741318122,9124486.0,True,catalogue_selected,0.5988646379592207,184.21296492154545,7,3,0.73,0.0324852334120122,0.000122337797507,20827076.3039031,3666108.0752985794,0.1760261,0.0272495164894821,0.0038784906535314,
bc,900102,74,0.1160164049048226,16492758.0,True,catalogue_selected,0.909623353073416,42.979379111757744,124,67,0.73,0.0127206696928823,0.0026053832178349,321030.8301602762,42144.08943827808,0.1312774,0.0023982873358682,0.0002059457743942,
bc,900102,75,0.2049554732856252,9097020.0,True,catalogue_selected,0.6522826713250514,44.81856820938026,281,61,0.73,0.0661594489755875,0.0009776827708807,9472806.499692053,1797686.329494425,0.1897734,0.0207124055225069,0.0019586953235294,
bc,900102,76,0.1980325930153214,2220248.0,True,catalogue_selected,0.738320677737635,122.19849211982591,21,6,0.73,0.0508345854627672,0.000819694820566,4915611.66310059,943687.8723053832,0.1919777,0.0134197196721614,0.0010471994946585,
bc,900102,77,0.0703186893595861,3180266.0,True,catalogue_selected,0.92326749626882,128.75812784012476,4,3,0.73,0.0022430532702382,0.0003831027922016,90690.29539125484,11081.707833141436,0.1221929,0.0004588797738602,3.5440440862321705e-05,
bc,900102,78,0.0630538809735778,97587.0,True,catalogue_selected,0.955052887459018,1424.7236072062765,2,1,0.73,1.2310845310087009,0.0956030903367609,52211.17132987924,5758.039689861954,0.1102837,0.19935282614894,0.005930301212644,
bc,900102,80,0.2632640421213042,8512482.0,True,catalogue_selected,0.6161680674946928,270.0169486273753,102,15,0.73,0.099351789827274,0.0004012015757249,19857210.95765844,3297969.234000748,0.1660842,0.0370503579317513,0.0035070665891921,
bc,900102,81,0.3136534173825617,12825565.0,True,catalogue_selected,0.6611884393502492,57.20758250655379,155,4,0.73,0.0467341161515205,4.879868495917072e-06,29008132.61526619,6415757.771893989,0.221171,0.0381943171867289,0.0067744669563109,
bc,900102,83,0.2709864140706963,20674115.0,True,catalogue_selected,0.6033998704903402,21.995342973100687,3666,906,0.73,0.0529400088074609,0.0002670832450829,30326080.57285739,5211668.282514809,0.1718543,0.0405905493268742,0.005519360708056,
bc,900102,84,0.1829075475924727,10619224.0,True,catalogue_selected,0.8456524681164401,52.14411113595688,576,280,0.73,0.0964490010399532,0.0060271242356491,7326926.029136625,981797.0997480276,0.1339985,0.0233501608143675,0.0014101255887428,
bc,900102,89,0.0834623110776208,19643754.0,True,catalogue_selected,0.915270270380065,38.98028315180833,1340,959,0.73,0.0271553471088118,0.0064614616027537,264887.9482152172,31118.486028310217,0.1174779,0.0046758078326552,0.0004332532385882,
bc,900102,94,0.1820369522241368,11607686.0,True,catalogue_selected,0.8046541953752472,51.55371246737515,191,24,0.73,0.1122249436263825,0.0006746862062544,4901080.029680032,1306169.013893359,0.2665064,0.0233427328542911,0.0014209443819568,
bc,900102,95,0.1816692473739204,4451088.0,True,catalogue_selected,0.7202302433252931,135.05974619098578,151,93,0.73,0.0539909255607134,0.0073397491651207,3811689.081667141,314075.0811336588,0.08239788,0.0127651013854398,0.0007864414901265,
bc,900102,96,0.1514743932167735,9579058.0,True,catalogue_selected,0.7098482207437352,39.604803105774025,4734,1617,0.73,0.0510954056221771,0.003843431076577,2215516.0252554603,342080.44832556223,0.1544022,0.0106110108250747,0.0005993555481633,
bc,900102,98,0.3221514669487347,18003288.0,True,catalogue_selected,0.5236807746184525,31.3642109821647,843,93,0.73,0.0545853859178961,1.9507293649165444e-05,29246413.29745013,7397740.686673513,0.2529452,0.0397169346970193,0.0078122133058309,
bc,900102,100,0.1715743337842603,7780998.0,True,catalogue_selected,0.7007632356965529,55.84395848222772,327,219,0.73,0.0171396565873899,0.0040054778041764,1172033.291984183,104231.7707343069,0.08893243,0.0040122103284974,0.0003582613307117,
bc,900102,101,0.0770921335763727,18923043.0,True,catalogue_selected,0.84255375644265,63.67264990229036,49,34,0.73,0.0166811763669587,0.0033708283897954,57932.32652494642,7811.88778706609,0.1348451,0.002761649361271,0.0002171278745569,
bc,900102,102,0.1250053728327403,16177116.0,True,catalogue_selected,0.9175489784660364,76.99914723574052,114,69,0.73,0.0388406861895084,0.0087850045807667,549943.1135862641,68872.06630151595,0.1252349,0.0068685022705281,0.0006170984851736,
bc,900102,103,0.2409635854343523,11181888.0,True,catalogue_selected,0.6280091590203415,419.1725101352295,9,1,0.73,0.537805252193117,0.0015695384227498,13399054.741971182,2640218.4305090387,0.1970451,0.101211739810614,0.0028849696561664,
bc,900102,106,0.1373658274285809,4661345.0,True,catalogue_selected,0.8824393138611826,40.42774537739192,127,51,0.73,0.0226201942903273,0.0015247931844498,1378894.8136325104,238999.3960777268,0.1733268,0.0051178606412207,0.0003468373599293,
bc,900102,112,0.1444362140446032,15549727.0,True,catalogue_selected,0.8404716754377742,45.83621584453015,453,207,0.73,0.0667129253558169,0.0065618258644336,2474304.618450422,357672.3273645789,0.1445547,0.0134125438441969,0.0007842687823002,
bc,900102,113,0.2706546991251711,20190339.0,True,catalogue_selected,0.7090535275745674,38.93408877311971,1846,219,0.73,0.0980952337292813,0.0002706955360855,21016644.867121905,4061508.777086671,0.193252,0.038071140660362,0.0043051730896228,
bc,900102,114,0.2447393561224804,18757925.0,True,catalogue_selected,0.6651581926069886,143.78053906903736,398,169,0.73,0.0967000146149273,0.0045547472739277,18497285.662158117,1714410.5141010736,0.09268444,0.0351851720867504,0.0020924268158975,
bc,900102,115,0.20761966900804,16798160.0,True,catalogue_selected,0.8049465065940575,158.93501165546587,73,32,0.73,0.075850772657561,0.0046251710076441,12136582.738538915,1403742.7650598004,0.1156621,0.0250938977795916,0.0017687680100444,
bc,900102,118,0.1648730859078218,13284711.0,True,catalogue_selected,0.8352529052142043,187.883818495227,230,83,0.73,0.0398182012969109,0.0048379245477405,3488518.3921647007,432124.736811273,0.1238706,0.0101294845745731,0.0007560556462173,
bc,900102,120,0.147379589301455,8635362.0,True,catalogue_selected,0.8413624111175233,73.65100866643479,1089,459,0.73,0.0658835920441075,0.0029741557317215,2707800.3948325813,515738.9675833717,0.1904642,0.0135248244817082,0.0007288489959153,
bc,900102,121,0.0432180355951395,814267.0,True,catalogue_selected,0.965699915604023,218.3432081256031,26,22,0.73,0.0064030261086388,0.0004416206393254,8815.491272473562,1256.8964871296482,0.1425782,0.0010458804519215,2.8692947133959876e-05,
bc,900102,124,0.2598419359243949,12465667.0,True,catalogue_selected,0.7167980682405564,27.33754276830437,1207,127,0.73,0.0764519082527228,2.3752719892085843e-05,23975708.270925723,7278869.823681586,0.3035935,0.037691715087738,0.0076869649739979,
bc,900102,125,0.1029126444849198,11192048.0,True,catalogue_selected,0.8314982876819742,64.04086441036453,225,128,0.73,0.0642619831978831,0.0087325323916931,652700.4051095746,87175.34424631944,0.133561,0.0110924005160765,0.0006331727127969,
bc,900102,126,0.2540321443237456,16717967.0,True,catalogue_selected,0.5913363462847802,60.904080680169,417,114,0.73,0.010207733106394,7.94641740540266e-05,12392728.168205751,2476432.2909354186,0.1998295,0.0147375381004568,0.0026196986525619,
bc,900102,127,0.1599812690933965,4441843.0,True,catalogue_selected,0.8716531773334136,48.12419494250376,1261,663,0.73,0.0415125591327008,0.0044110385433007,2180571.7949437997,279035.29579402035,0.1279643,0.0090227675242128,0.0005679613133753,
bc,900102,129,0.2092388737228003,15172688.0,True,catalogue_selected,0.6640996830617779,43.249488849280425,5699,1488,0.73,0.0104242062517528,0.0003468874297292,1040411.1695806478,167793.17398328934,0.1612758,0.0027860851308404,0.0001986622090787,
bc,900102,132,0.2124134225214033,10803527.0,True,catalogue_selected,0.7749658796891549,44.34587595259183,1350,300,0.73,0.1043769163124902,0.0018856276196637,9269915.672850212,1694505.6286377397,0.1827962,0.0266851263050986,0.0019060130600019,
bc,900102,134,0.130697448770695,3021907.0,True,catalogue_selected,0.8137043642773665,35.12536791768465,8936,3879,0.73,0.0282059376888568,0.0030173716184174,880226.5451640496,121741.64737725643,0.1383072,0.0054955993181726,0.0003155195516354,
bc,900102,135,0.1707444992382808,2071157.0,True,catalogue_selected,0.8249133905899918,36.11194909791417,3269,1562,0.73,0.0980882469819425,0.0088710595402083,5202534.343812225,699274.9845771719,0.1344105,0.0213724672325669,0.0012880504816903,
bc,900102,136,0.1822184961528357,10257320.0,True,catalogue_selected,0.7965872921647011,86.60474356259388,375,111,0.73,0.0288042040319979,0.00119152067909,5426030.096100327,880976.9313631954,0.1623612,0.0103921995300033,0.0010040261738869,
bc,900102,137,0.2130591898848399,5138100.0,True,catalogue_selected,0.77823660589776,57.09279404541642,293,56,0.73,0.0373597635688419,0.0007066412276018,4296717.01698117,722936.4179574678,0.1682532,0.0105848406784233,0.0008071105136204,
bc,900102,138,0.1173802913591581,1619438.0,True,catalogue_selected,0.9136327727921888,58.51975449692943,95,56,0.73,0.0451613175906355,0.0030919809828644,898372.3642035451,158133.01144324825,0.1760217,0.008259629794106,0.0003585671719244,
bc,900102,140,0.1013287443910698,593614.0,True,catalogue_selected,0.9159438746698858,75.67811681288687,255,155,0.73,0.0358140886639317,0.0054750401324077,595336.9445531727,87787.54518954761,0.1474586,0.0064264624212799,0.0004319626081871,
bc,900102,142,0.1289652189332395,5198253.0,True,catalogue_selected,0.9044823625766742,47.62206280017095,165,79,0.73,0.0227465197344767,0.0022085245109903,765987.1263417167,121856.52676015806,0.1590843,0.0044911643365998,0.0002655191483957,
bc,900102,143,0.2787492662099319,15425709.0,True,catalogue_selected,0.6602956516734501,132.27776087512888,282,27,0.73,0.0485011914985426,5.598635079997542e-05,24949915.220076986,5529970.778237648,0.2216429,0.0341954616241929,0.0058423636930035,
bc,900102,146,0.1178586498318519,9699383.0,True,catalogue_selected,0.9083069050081716,385.538769323715,20,17,0.73,0.0392832683392122,0.0131163337819615,781452.7076263328,77890.53542489148,0.09967402,0.0071845935027151,0.0008950195461109,
bc,900102,147,0.0912637072572823,4344392.0,True,catalogue_selected,0.8958177282108043,41.03172461686228,2889,2376,0.73,0.0137789172155677,0.0065463285411866,205757.78483323328,14680.754034167676,0.07134969,0.002447892209514,0.0004211561731602,
bc,900102,148,0.0588779400658137,12508111.0,True,catalogue_selected,0.9502702866544356,63.83430935653512,469,313,0.73,0.0131342566904502,0.0038408103925177,76561.75730967872,6859.573881254993,0.0895953,0.0022071160942417,0.0002452456611345,
bc,900102,149,0.1683286847227036,13663805.0,True,catalogue_selected,0.8981491959244109,339.7987207144713,6,3,0.73,0.0664761419946844,0.0225780426160945,5453780.639797268,569695.1849642358,0.1044588,0.0165201315126014,0.0020006103410908,
bc,900102,151,0.2877694756428926,5269650.0,True,catalogue_selected,0.6871675636758416,31.482858202233103,6732,621,0.73,0.0572720041126699,2.1188262437620397e-05,20165096.9401064,4993903.63852707,0.2476509,0.0305632350644411,0.0052741936298225,
bc,900102,152,0.2262406822471669,15086210.0,True,catalogue_selected,0.7860826085505929,31.493694897190693,4533,1032,0.73,0.0812462170805921,0.0005986526151796,10082754.13802639,2176828.581163568,0.2158962,0.0237987922957239,0.002335530493446,
bc,900102,153,0.2047712953818196,2572352.0,True,catalogue_selected,0.752482683195495,240.17064418255305,4,2,0.73,0.0291339531174695,0.000966455783647,7322735.175818223,1281956.9811946107,0.1750653,0.0124482436158277,0.0014134598189972,
bc,900102,154,0.1499363933851118,10188559.0,True,catalogue_selected,0.8818215735450187,89.4837444172793,28,15,0.73,0.0315073357781974,0.0016472698755411,2604236.445326864,432232.5378653328,0.1659728,0.0078503749024043,0.0005584546783056,
bc,900102,155,0.2180536678261237,13757049.0,True,catalogue_selected,0.8647628244538462,175.34537635840928,21,4,0.73,0.1136530413982015,0.0014158966536884,13981783.993288675,2190405.365696433,0.1566614,0.033161908639109,0.0024005077563977,
bc,900102,156,0.1455330395048073,8330863.0,True,catalogue_selected,0.7693367774147422,46.29626602503123,398,185,0.73,0.0743207715705162,0.0049414049986386,2304461.9978294503,386777.686263721,0.1678386,0.0144648315192155,0.0007145877065922,
bc,900102,157,0.1904922743608706,4858068.0,True,catalogue_selected,0.7713107339710555,80.96965286655515,1478,402,0.73,0.0241511720391624,0.0009000665271768,1838472.7912552769,317495.4632564604,0.1726952,0.0058509590447697,0.0003910061559949,
bc,900102,158,0.10088740773413,3892881.0,True,catalogue_selected,0.9096225566674178,48.41364041814112,130,87,0.73,0.0128185780235976,0.0028605178349219,315019.22525880206,39701.21259826335,0.1260279,0.0024077900763275,0.0002191763161408,
bc,900102,161,0.2306728717417379,12903847.0,True,catalogue_selected,0.8009554665443063,31.674063341650346,14730,1539,0.73,0.0915959658602373,0.0005345114793541,18395037.486798584,3319703.891550626,0.1804674,0.0342509281976869,0.0035382762147737,
bc,900102,162,0.1826432609308228,8177513.0,True,catalogue_selected,0.774336085626536,39.90018420555952,2354,679,0.73,0.080716332643905,0.0021238235795676,7084576.096967262,1250655.1481398633,0.1765321,0.0205473436017222,0.0014521277817711,
bc,900102,163,0.2111987420753839,14473954.0,True,catalogue_selected,0.6379767913057159,30.125782986915087,132,26,0.73,0.0325007310359675,0.0002625717803411,4160105.9302577297,855837.2857285993,0.2057249,0.0096539794082804,0.0009199181104182,
bc,900102,164,0.2857887878178716,16161364.0,True,catalogue_selected,0.5552959695005834,24.66988924044667,2206,474,0.73,0.029617227531308,6.004861802674952e-05,16449643.72356018,3779358.1268157233,0.2297532,0.0221632496592859,0.003994207387557,
bc,900102,165,0.2201861988421173,18029349.0,True,catalogue_selected,0.7140896524019027,56.28121623558471,2868,1089,0.73,0.0891453721340514,0.0041836803414628,10188313.92478083,1473272.4767548193,0.1446042,0.0251890267034759,0.0018148241140186,
bc,900102,167,0.1622713879403568,7315106.0,True,catalogue_selected,0.887735734113575,257.3198853700213,14,8,0.73,0.033975144673466,0.0034608243021783,767679.3455646433,118119.60429289396,0.1538658,0.0063107296809429,0.0003391745304798,
bc,900102,168,0.0893258720425933,1793613.0,True,catalogue_selected,0.9104751626849408,50.80729718236565,56,29,0.73,0.0101799700323294,0.0026374878998169,183289.1679099898,23588.9301583197,0.1286979,0.0018415423891034,0.0001883434843827,
bc,900102,169,0.2910540750493065,13289917.0,True,catalogue_selected,0.6820990516057295,35.88837174870247,675,35,0.73,0.0574236827915295,2.8170386811342196e-05,28931400.72891019,5520568.483552173,0.1908158,0.0398438103592592,0.0058307124856467,
bc,900102,173,0.1906858821202819,2501663.0,True,catalogue_selected,0.8389863282248698,50.25479168547841,149,39,0.73,0.0423545473372643,0.0014062585185416,4728112.256249684,805104.6169596412,0.1702804,0.0118489302640943,0.0009372219907236,
bc,900102,176,0.1361386381037157,5700469.0,True,catalogue_selected,0.7932631094095183,72.29843219803796,304,200,0.73,0.0196097526476234,0.0060127970593907,296275.9960848143,33214.08335964899,0.1121052,0.0034874088315782,0.0004076635788864,
bc,900102,181,0.2690375574657091,14569978.0,True,catalogue_selected,0.553891462380432,410.73417578029085,4,0,0.73,0.1814897854654935,0.0,4192109.634659632,1220307.8427931992,0.2910964,0.0338072971654394,0.0012884785309089,
bc,900102,192,0.1850593609868668,11185915.0,True,catalogue_selected,0.8175527772899246,168.38847835559497,451,149,0.73,0.1042105715169345,0.0053149802750977,6716484.5731349895,961690.2464740413,0.1431836,0.0239621223525073,0.0013447661842743,
bc,900102,193,0.0472631813618822,874670.0,True,catalogue_selected,0.9466168433715212,128.0257586852264,115,75,0.73,0.0154704778198869,0.0027476062081225,15808.304301631357,1658.9320415192196,0.1049405,0.0025211746890067,0.000172012083154,
bc,900102,194,0.1212941090939712,12270881.0,True,catalogue_selected,0.8951173464091714,235.85577567934249,10,8,0.73,0.066926680961569,0.004819173158858,845322.9336839868,118637.83231944348,0.1403462,0.0117271659607927,0.0004238942963216,
bc,900102,198,0.2129611691189797,13619038.0,True,catalogue_selected,0.7383140731831251,34.20521768923424,13911,2135,0.73,0.094018897632734,0.0005053583728399,14792072.499613998,2757461.485507631,0.1864148,0.030838932267988,0.0029428184445137,
bc,900103,0,0.1573787490440177,1078496.0,True,catalogue_selected,0.8536745476199774,86.5913918708544,364,184,0.73,0.0835150854375246,0.0079593132359236,3913014.5272298288,478423.5128110865,0.1222647,0.0176516916802648,0.0009983634315705,
bc,900103,2,0.1847258899008852,19774325.0,True,catalogue_selected,0.6794281756226971,309.9688163411626,913,609,0.73,0.0742246256941946,0.0132132403316536,7021172.482193893,614044.4207665342,0.08745611,0.0194294691859585,0.0014671298659938,
bc,900103,4,0.1085739644043973,1636940.0,True,catalogue_selected,0.9180910055924456,88.62281577882493,266,201,0.73,0.0391837385151435,0.0114950342572699,537184.1734011413,74350.03875798789,0.138407,0.0069105665941169,0.000790814454808,
bc,900103,9,0.2403584476918277,19229568.0,True,catalogue_selected,0.6627902379349018,27.002518607579844,6143,1424,0.73,0.0589680139424629,0.000267039063644,14393666.08811089,3195622.483910829,0.2220159,0.0247439552679002,0.0033906887626032,
bc,900103,13,0.187791833180919,10368755.0,True,catalogue_selected,0.6202795653299165,285.768509871934,27,13,0.73,0.0882052844689498,0.0055008161201404,6541129.320536278,820945.6732561868,0.1255052,0.021185908714846,0.0012076747844579,
bc,900103,14,0.186212925958015,9418389.0,True,catalogue_selected,0.8463879784743467,536.3839644445267,1,0,0.73,0.0425702253103984,0.0,6018534.745402459,996101.8053584473,0.1655057,0.0132463559478069,0.0010517475556546,
bc,900103,17,0.1638879847136569,19846546.0,True,catalogue_selected,0.8757998407528316,55.11157810497004,227,114,0.73,0.0931177731554184,0.0038197899590029,5199767.38687884,940104.3335278634,0.1807974,0.0205648860982537,0.0012293221855619,
bc,900103,19,0.2485886993026632,9173078.0,True,catalogue_selected,0.747879830102105,317.03055070300803,8,2,0.73,0.1028955348865192,0.0012168245702999,13733602.31071704,2763325.848003807,0.2012091,0.0311583524392791,0.0029930977237385,
bc,900103,23,0.1051676040521163,20168248.0,True,catalogue_selected,0.7549364312922704,98.8664172379715,144,107,0.73,0.0351822243733547,0.0076243578336801,400277.26560867694,54421.639838761934,0.1359599,0.0061182148349947,0.0005299191945017,
bc,900103,25,0.1191557320505801,7230652.0,True,catalogue_selected,0.7917816140643134,1424.7236072062765,0,0,0.73,0.0,0.0,1000603.9085735364,118590.3104028962,0.1185187,0.0010565011621899,0.000125215182243,1.0
bc,900103,26,0.3003993436197349,18709024.0,True,catalogue_selected,0.6633662019230971,40.385855219638,5487,511,0.73,0.0462537803995406,3.047109247660452e-05,25277190.151590355,5213540.5391430175,0.2062548,0.0341771906050841,0.005506675447859,
bc,900103,27,0.1231421834342818,924033.0,True,catalogue_selected,0.916343368276367,74.79517255519544,184,128,0.73,0.0347050070019769,0.0088396764839323,1116924.1045883957,128624.49869816496,0.1151596,0.0067976403654422,0.0006835767437395,
bc,900103,29,0.2210000908875657,4322431.0,True,catalogue_selected,0.5893463606342281,82.88801510766642,665,91,0.73,0.1015670134539013,0.0009440426163879,11603373.041301142,1787163.2619198605,0.154021,0.0286940495161567,0.0019454998262804,
bc,900103,31,0.2067034488261636,7998727.0,True,catalogue_selected,0.693901112553231,39.6500020333033,2247,579,0.73,0.111664667797063,0.0019828017445388,7709115.700989411,1446009.3622459115,0.1875714,0.026216933393061,0.0016496564917246,
bc,900103,35,0.1218292677794281,19837425.0,True,catalogue_selected,0.897750759351388,147.9905701953819,323,194,0.73,0.0390336121878619,0.0050057265928677,1025154.1123463477,143535.40251849222,0.1400135,0.0074014926131845,0.0004617428593647,
bc,900103,36,0.224106640530754,14617637.0,True,catalogue_selected,0.6897285474791229,994.9974612426676,152,36,0.73,0.0946700051224065,0.0002794915176013,10358948.577193648,1593888.6086851773,0.1538659,0.0262635648801051,0.0017002480387897,
bc,900103,37,0.1547847129590069,18148224.0,True,catalogue_selected,0.7278076381286449,69.50825315901089,467,290,0.73,0.0763729856718925,0.0115657311505742,3087942.024793125,392792.9805060192,0.1272022,0.0156243081420521,0.0011314276024511,
bc,900103,40,0.2310045124560474,5298326.0,True,catalogue_selected,0.7503791953207518,31.05372626423492,13297,3116,0.73,0.0198477258514161,0.0001361352896686,5054521.662473608,958269.8933696595,0.1895867,0.0085499918203256,0.0010202380938658,
bc,900103,41,0.1284730225580012,769497.0,True,catalogue_selected,0.8929181887804082,385.538769323715,19,17,0.73,0.1087556293533831,0.0177155281118782,1583541.8173861837,159636.93890832676,0.1008101,0.0192782252621666,0.001266330135488,
bc,900103,42,0.2546395266761505,11529751.0,True,catalogue_selected,0.6946526820713135,90.62126205632914,38,5,0.73,0.0764275099782021,0.0002281529577119,17524006.93624372,3653403.3802343607,0.2084799,0.0308756492392373,0.003871633260736,
bc,900103,43,0.2363974442973167,9190538.0,True,catalogue_selected,0.7148963933328247,221.1338187340414,24,6,0.73,0.0879719466062355,0.0008404075315651,15793930.580419336,3035090.8125494947,0.1921682,0.0309178294184248,0.0032567190602137,
bc,900103,44,0.0559787290239863,17042790.0,True,catalogue_selected,0.9425672809938952,93.39711387004137,293,261,0.73,0.0187736628774137,0.0107081000216933,38039.610372351366,5047.711850268922,0.1326962,0.0030793936299934,0.0006688768274312,
bc,900103,50,0.2488296640616221,5909466.0,True,catalogue_selected,0.5682767582097252,36.04998260292323,99,23,0.73,0.0078666034302248,4.127512554941102e-05,3587720.722094085,685751.6692077041,0.1911385,0.0050616513860945,0.0007266178584943,
bc,900103,51,0.1176606855836571,16692006.0,True,catalogue_selected,0.9501222004584162,54.89171773696903,1820,1302,0.73,0.1222827380490527,0.0440196457847608,1148025.492510743,150274.15046700696,0.1308979,0.0210082547804457,0.0028864273891508,
bc,900103,53,0.1769588669370257,7870849.0,True,catalogue_selected,0.8231297109859895,23.81279793836828,14717,9137,0.73,0.0906922610595004,0.0165086891185391,6045806.386031151,574741.3956330493,0.09506447,0.021065526734522,0.0016298397870073,
bc,900103,54,0.2971410088378384,17815241.0,True,catalogue_selected,0.6094014636173669,38.40647964408659,3497,228,0.73,0.0288869929157874,8.811668757284387e-06,13172729.998300698,3215091.953920355,0.2440718,0.0185850598542535,0.0033952443297352,
bc,900103,56,0.1823415171113847,6307550.0,True,catalogue_selected,0.761112172497042,218.3432081256031,38,13,0.73,0.0381540660945252,0.0004600412369414,2902183.639167009,525583.67823955,0.1810994,0.0092409917348732,0.0005834519333016,
bc,900103,57,0.2704906695586816,14538484.0,True,catalogue_selected,0.7679354270483318,56.85743895146796,1526,244,0.73,0.0406752307153081,8.452826773385515e-05,28315925.262536988,6623979.498609365,0.2339312,0.0364825804136037,0.0069992562407299,
bc,900103,58,0.1567213464408098,11550537.0,True,catalogue_selected,0.822369694479231,24.043081168995144,5701,1495,0.73,0.0984972611051558,0.0011099514992355,5291741.940785694,1300198.5862630294,0.2457033,0.0215328727200758,0.0014416124404913,
bc,900103,59,0.2032514240562773,13213489.0,True,catalogue_selected,0.7571781841944336,51.55371246737515,51,3,0.73,0.038255393296161,2.425105445996569e-05,7356467.424534836,2101218.205425017,0.2856287,0.0139605111275306,0.002220102405938,
bc,900103,61,0.2738183014318857,12212396.0,True,catalogue_selected,0.6333790965169988,71.158808156538,1237,152,0.73,0.0610138080301909,8.864370612974446e-05,22535379.11243826,4810331.951333925,0.2134569,0.0336716823408387,0.0050845469832932,
bc,900103,62,0.1692918614887794,19361968.0,True,catalogue_selected,0.7831417430516995,27.33754276830437,1194,308,0.73,0.0602567696580714,0.00120623616706,3802493.861692118,849380.921774582,0.2233747,0.0137697568757289,0.0009715769723794,
bc,900103,63,0.1297312470731653,1761863.0,True,catalogue_selected,0.8935330342482122,589.8166147157915,24,12,0.73,0.0803875035574037,0.0151279850746452,1545912.80405115,223682.11436045147,0.1446926,0.0146460376442704,0.0011736112314422,
bc,900103,65,0.1871013102496659,8379906.0,True,catalogue_selected,0.786322899468349,38.93953624261341,875,312,0.73,0.0676983731515954,0.004840694772546,5798004.236884983,780454.3862403237,0.1346074,0.0170814490945855,0.0011240158770747,
bc,900103,67,0.2721236598570521,10545733.0,True,catalogue_selected,0.6031394686929518,26.7839604939488,411,60,0.73,0.0417512398748673,1.043025744240585e-05,30519883.244690493,7802976.507388944,0.2556686,0.038983852111252,0.0082395245495101,
bc,900103,68,0.1700480542331285,17947186.0,True,catalogue_selected,0.8547156955420713,276.148343063909,6,2,0.73,0.0365852765751062,0.0020930368766667,4023300.892838954,514573.7330253343,0.1278984,0.0101707704893899,0.0006730185151655,
bc,900103,69,0.1454573195484016,4382659.0,True,catalogue_selected,0.8351843806409178,1068.0998922314843,3,2,0.73,0.3391854208785326,0.0276988861307392,821159.8005621264,155201.4290763393,0.1890027,0.0557770506047605,0.001880284002584,
bc,900103,70,0.2196904017409795,12193919.0,True,catalogue_selected,0.6211196195660995,410.73417578029085,3,0,0.73,0.0801265035260292,0.0,8866586.597734729,2225278.715109008,0.2509736,0.0223334172751951,0.0023495906107951,
bc,900103,71,0.1885806057614337,10714827.0,True,catalogue_selected,0.7999335096427276,81.36575516946877,55,14,0.73,0.065805032258596,0.0014205162745095,6307690.450338396,1022433.0416598507,0.1620931,0.0173130991778376,0.0011675746537049,
bc,900103,72,0.1632682996114454,11910909.0,True,catalogue_selected,0.7632620435895479,226.6449486495829,37,12,0.73,0.0696664033886275,0.0004261672336742,4472836.78276469,939077.7683631002,0.2099513,0.0160008534219789,0.0010179461926458,
bc,900103,73,0.1430861477751997,3494486.0,True,catalogue_selected,0.9334903379178258,667.3384720182261,0,0,0.73,0.0,0.0,1783125.137610935,263775.77323517686,0.1479289,0.0018827367793333,0.0002785112156695,1.0
bc,900103,74,0.1672792246047415,1367152.0,True,catalogue_selected,0.8396075404770104,128.75812784012476,13,8,0.73,0.0668891580895604,0.0056849180987293,4527296.9153307,653361.3441974864,0.144316,0.0156087534599233,0.0010421368234126,
bc,900103,78,0.3204684672611926,3736591.0,True,catalogue_selected,0.5979443698753185,25.5357118566142,274,19,0.73,0.0253833407293361,8.191383679743141e-07,17256177.59879965,5552218.205984009,0.3217525,0.0223294242799263,0.0058624354024242,
bc,900103,80,0.2204653740361061,11748510.0,True,catalogue_selected,0.6375373135419818,40.95702638471474,2805,1091,0.73,0.0347805654980846,0.0017003661686619,4335829.450633168,617826.9847851158,0.1424934,0.0102085970923245,0.000757707293355,
bc,900103,81,0.475294884996748,399284.0,True,catalogue_selected,0.3316516697991797,82.66345517858497,19,0,0.73,0.0232084036393817,0.0,55207772.43957321,18031948.45197765,0.3266197,0.0620490326765915,0.0190392765137435,
bc,900103,83,0.2082252570990949,19729614.0,True,catalogue_selected,0.8630635376766463,34.823165918893366,425,159,0.73,0.0685059618529798,0.0031167698369494,5059918.598350164,837242.2853411959,0.1654656,0.0164328702410409,0.0010771499653803,
bc,900103,84,0.1849605466486087,19336580.0,True,catalogue_selected,0.7985564452941981,47.35741501166083,6193,2267,0.73,0.0606523057962024,0.0019863542297098,4804788.0416723965,902683.6385337666,0.1878717,0.0148920752514447,0.0010761988184068,
bc,900103,90,0.1334525270289638,4071161.0,True,catalogue_selected,0.9207890871487842,35.01982214322121,12932,8610,0.73,0.0495699960335216,0.0131964934947036,1674651.468601373,162861.04925303705,0.09725071,0.0097929863060901,0.0009897040558793,
bc,900103,91,0.09855942336124,18781316.0,True,catalogue_selected,0.9338062942163672,167.2950711855289,40,33,0.73,0.0652130368179405,0.0127974926744471,333972.7589510885,40748.131421973856,0.1220103,0.010909831702748,0.0008360446605357,
bc,900103,96,0.3279831757259288,6116473.0,True,catalogue_selected,0.4685853707763453,29.19122955630292,4337,132,0.73,0.0320536607346462,9.553169554531728e-07,31760926.204125825,9725941.465777528,0.3062235,0.0387243033036933,0.010269325961717,
bc,900103,97,0.1900387645923812,7350780.0,True,catalogue_selected,0.7342321013942507,42.979379111757744,265,88,0.73,0.0124098173244391,0.0007142814406645,895370.8521729072,138202.07693494533,0.1543518,0.0029543887721889,0.0001901842955733,
bc,900103,101,0.1745892379751555,11314079.0,True,catalogue_selected,0.6523404468227626,50.80729718236565,219,74,0.73,0.103623554193046,0.0060842305386299,5880210.947326157,903834.0711503008,0.1537078,0.0229841005346145,0.0013313459683624,
bc,900103,102,0.1597345911703295,12573332.0,True,catalogue_selected,0.8452699659960794,336.9278731502751,79,52,0.73,0.1065857493440477,0.0186799443246585,4157203.967948713,520509.90165815136,0.1252067,0.0216443838989121,0.0017071245574069,
bc,900103,103,0.2945148376698934,17668252.0,True,catalogue_selected,0.5784099371926387,25.59343009927487,583,144,0.73,0.0532095312002243,0.0002915780589623,23108179.89952801,4820958.291334416,0.2086256,0.0330130637515256,0.0051083421488186,
bc,900103,104,0.1338540742182586,7415008.0,True,catalogue_selected,0.912167753089843,41.01798535431967,568,274,0.73,0.0607125626031684,0.0060346639466365,1498701.9865391208,237690.47385435467,0.1585976,0.0114110544496124,0.0006249177616578,
bc,900103,106,0.2964088163188849,18537240.0,True,catalogue_selected,0.6917098539528491,36.63598801224361,7630,2489,0.73,0.021365861268443,0.0002995707519006,7415556.716943759,1176108.0448776255,0.1586001,0.0112886903625428,0.0012603730300085,
bc,900103,108,0.0784304638508065,16103052.0,True,catalogue_selected,0.9056994863395356,95.98280691546908,26,19,0.73,0.029673798147409,0.0099953230971746,85002.2101521146,8584.738138484683,0.1009943,0.004893579812533,0.0006284429100191,
bc,900103,110,0.3558545451338838,15353598.0,True,catalogue_selected,0.5414918028637151,175.34537635840928,6,0,0.73,0.0147290771979938,0.0,35345456.83070834,8035607.030429026,0.2273448,0.0397044378470516,0.0084845043016602,
bc,900103,111,0.1014361974315954,224499.0,True,catalogue_selected,0.933489430418271,69.61143882866557,56,15,0.73,0.003997228386699,3.77274112577903e-05,2824522.1947623515,319689.7520106752,0.1131837,0.0036294128768716,0.0003398865944567,
bc,900103,112,0.1363214251445473,6779922.0,True,catalogue_selected,0.893121903608328,27.95314463652089,10183,5916,0.73,0.0221607076561031,0.0044282879094263,623697.995881152,71998.18090304572,0.1154376,0.0042460905434936,0.0003504272657939,
bc,900103,113,0.220014673913357,7351639.0,True,catalogue_selected,0.6098037902778614,28.32543508894824,4003,1510,0.73,0.0159461762017075,0.0005914392824378,2050245.9946250108,283578.1380788023,0.1383142,0.0047462730396318,0.0003360694343029,
bc,900103,114,0.1919206105884608,4713086.0,True,catalogue_selected,0.6404247371190261,177.0123020948896,83,45,0.73,0.113291803355589,0.0125663397706856,4264723.061620129,469944.8531021392,0.1101935,0.0228435384366347,0.0012748940053825,
bc,900103,115,0.2397910289569954,2283989.0,True,catalogue_selected,0.647585706314099,485.945860890477,3,0,0.73,0.1337017623881927,0.0,15706790.362374272,3089164.113679681,0.196677,0.0382289254136575,0.0032617356861526,
bc,900103,116,0.3211072019004899,3832365.0,True,catalogue_selected,0.5916205846048049,339.7987207144713,1,0,0.73,0.0007075053375283,0.0,24080660.927473422,3420240.036793384,0.1420326,0.025540427900813,0.0036113066747783,
bc,900103,117,0.1575618576759805,9537255.0,True,catalogue_selected,0.8187512156744382,36.075653327652994,278,69,0.73,0.0384040394797118,0.0005890271519148,2037796.329505718,457318.1641547786,0.224418,0.008368784378083,0.000519365717198,
bc,900103,121,0.149587283427092,14704180.0,True,catalogue_selected,0.6929930439285814,37.735690647216686,881,470,0.73,0.0648475015867818,0.0055759920141112,7008906.817020758,1104808.672286546,0.1576292,0.0178984753205387,0.0015120537816826,
bc,900103,124,0.2105171113051395,12723205.0,True,catalogue_selected,0.7144291009911803,36.53282441944434,10018,3680,0.73,0.0749056216613124,0.0063052427585418,6517399.649835845,833133.9909165801,0.1278323,0.0190077988432454,0.0012703917620982,
bc,900103,126,0.1569215912729756,4352294.0,True,catalogue_selected,0.7776891630770212,82.33201815717514,27,12,0.73,0.0588434951622715,0.0030520635319434,3369448.662986524,560417.1258386917,0.1663231,0.0130837281987487,0.0007808507335086,
bc,900103,127,0.3956922540764967,392680.0,True,catalogue_selected,0.3809531582047751,32.162710306307794,7420,21,0.73,0.0060418778784548,6.772594695608569e-09,32300453.56844656,9423764.27730706,0.2917533,0.0350829774757637,0.0099502093143955,
bc,900103,128,0.2131424884905063,17538087.0,True,catalogue_selected,0.853269338683771,33.35326184303668,7881,1971,0.73,0.0842935146288585,0.0008024264603541,14925312.44495692,2925168.546756275,0.1959871,0.0294051935643514,0.0031383025830342,
bc,900103,131,0.1295289700363472,19075113.0,True,catalogue_selected,0.923611887715364,167.92971655824752,180,97,0.73,0.0699345318049896,0.0024869495496808,2129686.847546142,414325.5747333064,0.1945477,0.0135702136383255,0.0005915796661828,
bc,900103,133,0.1956115099680798,13802808.0,True,catalogue_selected,0.6897236511920515,406.7105275653722,2,0,0.73,0.0196886192078236,0.0,2351806.1474741413,400180.3312306512,0.1701587,0.0056705356692283,0.0004225358120312,
bc,900103,134,0.1808964522806261,1377274.0,True,catalogue_selected,0.8817559922119947,321.40781546179966,7,1,0.73,0.0854921429373106,8.431752588755034e-06,5196389.634117898,840323.6546120008,0.161713,0.0193268223354594,0.0008877895785838,
bc,900103,138,0.1980415017364338,15811428.0,True,catalogue_selected,0.8457235045179963,45.14538314775778,357,161,0.73,0.0440571834185013,0.0037008630113122,4572938.319749272,511732.3758981831,0.1119045,0.0119607239575981,0.0007696503364552,
bc,900103,139,0.2167020799814465,9148373.0,True,catalogue_selected,0.6690702503472575,26.106789663862056,19952,9554,0.73,0.0856350070868731,0.0097819369254077,10704605.922697889,863481.2139494127,0.08066446,0.0251658749373773,0.0015178740427749,
bc,900103,140,0.2684258600555534,20330209.0,True,catalogue_selected,0.6692968873761221,28.31468710485672,8503,1590,0.73,0.0722220882100337,0.0001419849714227,21247381.117090937,4575586.650250709,0.2153483,0.0341262172686993,0.0048399933737659,
bc,900103,141,0.2221410095361876,19189627.0,True,catalogue_selected,0.6471299364434949,57.55377213721637,446,86,0.73,0.0743387195546446,0.0004613539739969,11881371.069948295,2396627.878856896,0.2017131,0.0245796459772079,0.0025591005898948,
bc,900103,144,0.2057989093027234,2052109.0,True,catalogue_selected,0.7042770577174292,40.06061164225432,596,171,0.73,0.0656789931736757,0.001262359823068,10660323.101059277,1690362.9368093875,0.1585658,0.0218884809936512,0.0018630170063163,
bc,900103,146,0.1968528246701151,5149887.0,True,catalogue_selected,0.8407176609399368,33.752900199106435,4590,1592,0.73,0.0425012540026418,0.0034861102892388,4094674.314247165,602980.9454706495,0.1472598,0.0112038562857756,0.0008526888242529,
bc,900103,147,0.2901231114237141,5565914.0,True,catalogue_selected,0.4765178465585913,81.67219967312538,88,9,0.73,0.0135672051151426,1.3797559919673792e-05,5097222.953334359,970372.3926009464,0.1903728,0.0075783381975297,0.0010254357986093,
bc,900103,151,0.2237845027049139,5245812.0,True,catalogue_selected,0.7059640366926218,64.64036122792551,396,83,0.73,0.0428319002102063,0.0003182679516486,6220379.052835664,1269919.848236618,0.2041547,0.0135018379900615,0.0013605840970602,
bc,900103,154,0.1297280816398383,12365910.0,True,catalogue_selected,0.8223562522519435,104.3272260849585,100,56,0.73,0.0435988024237896,0.0079962687526055,1010884.4496177906,108697.26030839844,0.1075269,0.0081254748900478,0.0006102729868472,
bc,900103,157,0.2272758961999487,5033589.0,True,catalogue_selected,0.7031124296187632,47.62206280017095,265,44,0.73,0.0780323226526281,0.0005734043634177,11173617.696766092,2280333.2526756627,0.2040819,0.0244303046867782,0.002443252745546,
bc,900103,160,0.110697628167526,11447112.0,True,catalogue_selected,0.940121261969984,36.8144383602511,202,81,0.73,0.0350257027884005,0.0034515184474563,1192518.3940874569,201603.8193474097,0.1690572,0.0069293743875331,0.0004267458129936,
bc,900103,163,0.1715391619886966,10870902.0,True,catalogue_selected,0.6823955990482856,64.37152086846767,705,335,0.73,0.1081578725448194,0.0059154781388853,4882184.378651787,779490.3124620804,0.1596602,0.0226643720000197,0.001189598876835,
bc,900103,164,0.2496535565580926,13969598.0,True,catalogue_selected,0.6722298415943098,40.42774537739192,537,65,0.73,0.1568222589901599,0.000180197171773,17007334.979170162,4001295.432314965,0.2352688,0.0433450518346614,0.0042359881178701,
bc,900103,165,0.2184580544066475,4687979.0,True,catalogue_selected,0.5875697521475368,38.58965585113839,288,46,0.73,0.0725792421608539,0.000497542782638,10755376.65449836,2216255.229952862,0.2060602,0.0231059114404101,0.0023708941965787,
bc,900103,167,0.208161901471681,2396363.0,True,catalogue_selected,0.766111852553267,217.3384971767157,36,7,0.73,0.1320752255655916,0.0024986492240881,7822949.04385217,1374077.975240529,0.1756471,0.029641348348205,0.0016056722032496,
bc,900103,168,0.1662698442480088,15076880.0,True,catalogue_selected,0.8400983674228312,48.41364041814112,138,60,0.73,0.0475280053225813,0.0032007734123652,2300591.6187125803,331963.54479028785,0.1442949,0.0101233200718572,0.0005488500134468,
bc,900103,169,0.2148381790056356,8068689.0,True,catalogue_selected,0.7613607987428563,57.09279404541642,331,85,0.73,0.0662220120675836,0.0013144144423441,10527037.24792332,1750020.1997816083,0.1662405,0.0218356575162615,0.001929232594144,
bc,900103,172,0.1372778258897049,10174254.0,True,catalogue_selected,0.8203737050156136,41.03172461686228,5794,4681,0.73,0.0671878520450771,0.0275858803492863,2250446.805317032,150641.60285958956,0.06693853,0.0132530654340631,0.0018684668371332,
bc,900103,173,0.1828114498144817,12114078.0,True,catalogue_selected,0.7258131058790673,36.61251046020066,480,143,0.73,0.0579429969272146,0.0021695450500674,5342701.788270211,827330.426955091,0.1548524,0.0150214344091704,0.0010079878678582,
bc,900103,175,0.1647715677339261,8896605.0,True,catalogue_selected,0.8686061043611454,242.8632944675712,0,0,0.73,0.0,0.0,2363605.894817529,500952.94651742576,0.2119444,0.0024956452332809,0.0005289379400412,1.0
bc,900103,177,0.1608199245082816,8319617.0,True,catalogue_selected,0.852803149658476,72.29843219803796,194,124,0.73,0.0171804673936359,0.0030207764871762,1639424.5083018146,194305.8927522444,0.1185208,0.0045123184380611,0.0003923484799384,
bc,900103,179,0.225998890996214,9358041.0,True,catalogue_selected,0.7967866276270976,70.87039121694417,168,47,0.73,0.0877294038814004,0.0023798051182658,13996511.369201835,2188306.5646899985,0.1563466,0.0289807353141351,0.0024580220716551,
bc,900103,180,0.2198825617210425,13947255.0,True,catalogue_selected,0.832587403013925,50.57329917852324,533,100,0.73,0.1432871256593748,0.0021613987111804,7017253.723159501,1168353.582211419,0.1664973,0.0306057150947539,0.0013675569731125,
bc,900103,183,0.2089435718704294,19798821.0,True,catalogue_selected,0.8305415950379988,31.2071284531012,801,165,0.73,0.1557736077659022,0.0023813387473896,7914880.169566167,1466496.755517538,0.1852835,0.0335748965677299,0.0016959844619743,
bc,900103,186,0.1315584754618248,17765239.0,True,catalogue_selected,0.7970614102606302,270.0169486273753,106,84,0.73,0.0781103807230118,0.018387409108484,1839882.845426632,218330.20873617555,0.1186653,0.0145877912360613,0.0013699365607641,
bc,900103,187,0.2800274752459624,8161485.0,True,catalogue_selected,0.6330141486128517,60.650355976800086,658,147,0.73,0.1054241640726235,0.0005750552427439,21517014.988750648,3253867.644526978,0.151223,0.0397859284119661,0.0034712744923787,
bc,900103,188,0.2246997660052477,8658181.0,True,catalogue_selected,0.6784046689067341,334.3495633469489,5,1,0.73,0.1901640308577962,0.0038475408141499,10396985.554943638,1934470.3264706857,0.1860607,0.0417630547110327,0.0022809565930459,
bc,900103,189,0.136543546700433,19922993.0,True,catalogue_selected,0.8698432414013253,47.39194137175564,153,75,0.73,0.0641154389427607,0.0082589546189518,1400288.9488015044,188562.66790532108,0.1346598,0.0118580282424372,0.0007108777703538,
bc,900103,191,0.3298417629837108,2343425.0,True,catalogue_selected,0.5313844022605964,43.81572669304647,460,0,0.73,0.0294543973010111,0.0,29706188.080477912,10437142.437825195,0.3513457,0.0361339909641545,0.0110201979234965,
bc,900103,194,0.2242378040548402,18163354.0,True,catalogue_selected,0.6444721482880966,37.20578757310103,1892,494,0.73,0.1139366132463819,0.002550277793619,11938599.904688168,1939683.0086293584,0.1624716,0.0310504919541501,0.0022060731824916,
bc,900103,195,0.2150470102673151,15018501.0,True,catalogue_selected,0.6905879352124904,234.99458292096327,29,13,0.73,0.0177189438807044,0.0003249889699016,1579906.9637352228,228288.77291434028,0.1444951,0.0045366488656757,0.000261180326558,
bc,900103,198,0.1807100772208917,14433096.0,True,catalogue_selected,0.8613754154053186,61.88914068165919,2564,1275,0.73,0.1023952189962057,0.0079217055394027,6794604.458193927,921789.1586907542,0.1356649,0.0237507226687438,0.0014641666116618,
bc,900104,0,0.2605403403481536,15692227.0,True,catalogue_selected,0.661265750923941,336.9278731502751,54,17,0.73,0.0910950666894534,0.000401012349432,11164117.787442349,1838134.6555755476,0.1646467,0.026534974373164,0.0019656687909894,
bc,900104,2,0.2461682571683652,20313050.0,True,catalogue_selected,0.6651742451498853,218.3432081256031,51,7,0.73,0.0541883348866289,6.611597783879418e-05,8219544.39413155,1832673.2758573608,0.2229653,0.0174511531814174,0.0019391498491445,
bc,900104,3,0.1203851705995365,18361545.0,True,catalogue_selected,0.9245154174531668,43.11779280688452,4065,2431,0.73,0.0575946206614917,0.0052498639845563,1014176.1579599668,198346.00225928705,0.1955735,0.0103947042084695,0.0005347437949446,
bc,900104,4,0.2423271649258189,19581340.0,True,catalogue_selected,0.6802992927663835,81.67219967312538,163,31,0.73,0.1168853880840085,0.0017072325142015,15363740.043673044,2534868.8302647145,0.1649903,0.0351443434552503,0.002782267324608,
bc,900104,5,0.0616745772306872,10504322.0,True,catalogue_selected,0.9346989004400132,299.25833132273544,2,2,0.73,0.0028575122227047,0.0010243237207818,45195.25228084955,5849.713495635925,0.129432,0.0005103166914868,6.965060431765135e-05,
bc,900104,6,0.1150780733029323,6914735.0,True,catalogue_selected,0.8870843977731347,72.0546273698848,30,17,0.73,0.0083419333945871,0.0039721365638415,109065.50875135211,15188.86041498955,0.1392636,0.0014656164306965,0.0002621781189016,
bc,900104,7,0.0659519904211886,917179.0,True,catalogue_selected,0.9497812455195592,95.8557315135619,49,25,0.73,0.0419971040906212,0.0013786854242151,23324.63635411552,2803.94963605256,0.1202141,0.0068234509211309,8.839336874885776e-05,
bc,900104,13,0.1762340447783762,8774488.0,True,catalogue_selected,0.8165771553070987,339.7987207144713,8,4,0.73,0.1077699487963625,0.0364837566819254,4860976.269994073,513283.9476856869,0.1055928,0.0225791789680397,0.002802740947741,
bc,900104,14,0.0855285670997395,13529964.0,True,catalogue_selected,0.912539025992826,55.23968879524174,778,415,0.73,0.0067594514594208,0.0019103639078487,64403.28433839663,7300.284769975085,0.1133527,0.0011622745287206,0.000126087321095,
bc,900104,15,0.1291167291348441,6518655.0,True,catalogue_selected,0.7993269481890378,112.76986331146492,432,319,0.73,0.0447663496240778,0.010382267607911,1150737.817206116,137330.54959307075,0.1193413,0.0084621527314165,0.0007883586443366,
bc,900104,16,0.0828345715364144,6913499.0,True,catalogue_selected,0.9182396668356332,994.9974612426676,9,8,0.73,0.0223556272758762,0.0078886178875778,46514.78504358922,5250.094448025716,0.1128694,0.0036682189777653,0.0004943761144131,
bc,900104,20,0.1588481667310631,8320033.0,True,catalogue_selected,0.7800105538254292,41.15567580349753,1584,741,0.73,0.0039823138822809,0.000434834304787,2466795.5993246976,346283.4892154152,0.1403779,0.0032492879377245,0.0003925734111315,
bc,900104,22,0.2197262447420296,20327355.0,True,catalogue_selected,0.6778063422989989,38.5749688343941,11431,2489,0.73,0.0602331482471128,0.0009392925961097,9144549.59430664,1554097.6237480177,0.169948,0.0194064146096447,0.0016991199780795,
bc,900104,24,0.1976689439603928,11850537.0,True,catalogue_selected,0.8355652265230131,40.54155643177327,1002,262,0.73,0.1081393140262316,0.0020443123822638,9423380.490840718,1647967.4810455723,0.1748807,0.027456250899412,0.0018667083212739,
bc,900104,26,0.097487937697266,7901878.0,True,catalogue_selected,0.9169753516099276,56.71655723574097,1212,748,0.73,0.0428967471623299,0.0105610361251828,433059.2614609141,52954.592001880446,0.1222802,0.0074017160975797,0.000710346869296,
bc,900104,28,0.1217623373910822,10849405.0,True,catalogue_selected,0.934461286210513,136.12304068130743,1424,760,0.73,0.0455777458067424,0.002383244159098,939665.732677777,180949.1560051088,0.1925676,0.0083706446477719,0.0003387397244218,
bc,900104,29,0.260308204163494,8809213.0,True,catalogue_selected,0.6889728302526767,31.877280098064176,767,258,0.73,0.0732286648112913,0.0015993638674756,14734119.180664908,1899326.0757128885,0.1289067,0.0274120541917103,0.0021045366371892,
bc,900104,31,0.2063525682688799,2908847.0,True,catalogue_selected,0.8211674270490197,41.012951050167146,3578,1820,0.73,0.0801310640560283,0.0089438875197664,9426098.89095089,819270.6881028519,0.08691514,0.0229249241876614,0.0014192624870966,
bc,900104,32,0.2207301313752826,15906732.0,True,catalogue_selected,0.757680059485306,34.867938606676205,12057,4819,0.73,0.0501081231763687,0.0016673367447268,13577804.168406911,1964637.320550324,0.1446948,0.0224482072579415,0.0021777084623578,
bc,900104,33,0.2151183706792525,14073457.0,True,catalogue_selected,0.7993611661162618,26.02771121400144,956,210,0.73,0.0916419618259141,0.000485041719316,10235593.037743311,2462908.3140755333,0.2406219,0.0256431146742618,0.0026305515380941,
bc,900104,37,0.1051702127553617,16641501.0,True,catalogue_selected,0.910289981704254,44.19698012498672,221,136,0.73,0.0101289766256451,0.0024447923173961,159151.06690530115,21961.405964707734,0.1379909,0.0018078006329913,0.0001746843044248,
bc,900104,39,0.2478360380252875,19006216.0,True,catalogue_selected,0.643668675255237,235.85577567934249,13,0,0.73,0.1035935986539979,0.0,15292213.77287925,3048565.317071678,0.1993541,0.0329170415019932,0.0032188688979736,
bc,900104,41,0.099604571238483,5845878.0,True,catalogue_selected,0.9125350957102047,203.25443419761925,47,33,0.73,0.0194236619986154,0.0093732827209745,76881.03548000318,8784.295855383807,0.1142583,0.0032256318711146,0.0005901077385754,
bc,900104,42,0.2811034550956693,2564389.0,True,catalogue_selected,0.6023228580276849,128.75812784012476,8,0,0.73,0.0452237473858864,0.0,16755185.906147957,3455461.256677404,0.2062323,0.0250123673403438,0.0036484954758837,
bc,900104,43,0.2643135736291244,20284549.0,True,catalogue_selected,0.6709819496931617,1068.0998922314843,1,0,0.73,0.8394620240088373,0.0,21055355.555982083,5655920.744857914,0.2686215,0.1581303319903102,0.0059718803704409,
bc,900104,44,0.1290857554777404,17477945.0,True,catalogue_selected,0.8991555060181615,191.1097339359392,206,131,0.73,0.0475816640951005,0.0051450832586338,1625460.700389713,232077.1479163302,0.1427762,0.0094191606722783,0.0005638663504411,
bc,900104,45,0.2373881495713514,10355225.0,True,catalogue_selected,0.6404126493351265,27.48599414669093,995,307,0.73,0.0683941955483211,0.0005498919726541,13829011.69698971,2923604.4363418533,0.2114109,0.0256737421093157,0.0031210023314365,
bc,900104,46,0.3036897848675426,3824143.0,True,catalogue_selected,0.6093276015758325,44.78379325324706,219,16,0.73,0.0159140696275291,3.621593891810261e-06,11345529.140554177,2576326.814768138,0.2270786,0.0145556257289855,0.0027204739107266,
bc,900104,47,0.2056237967732114,10781971.0,True,catalogue_selected,0.8200413649898014,40.67410456094966,1685,466,0.73,0.059854514831727,0.0013481629663854,8875107.554851538,1681570.4701520326,0.1894704,0.0190606244189925,0.0018590503112957,
bc,900104,48,0.2128409357643541,5176627.0,True,catalogue_selected,0.7717926819810771,187.883818495227,323,128,0.73,0.0227471748092415,0.0008778149722578,2649858.6020150534,373722.03149173,0.1410347,0.0064803815474634,0.0004489948795214,
bc,900104,50,0.1974035295500743,7028706.0,True,catalogue_selected,0.7630947866816514,65.59785736462707,139,62,0.73,0.0422651219966139,0.002147843119743,2264138.876290703,288651.4105189906,0.1274884,0.0092328337836974,0.0004378715468757,
bc,900104,51,0.1670866637582908,5186173.0,True,catalogue_selected,0.8920435760775253,1424.7236072062765,0,0,0.73,0.0,0.0,2290057.506751659,299098.4166081617,0.1306074,0.0024179881735762,0.0003158071061367,1.0
bc,900104,54,0.1574518738860011,6314216.0,True,catalogue_selected,0.6846382332101485,83.08265043593336,770,469,0.73,0.0396017867871124,0.0084780488147721,2748379.82132076,290509.5638219978,0.1057021,0.0093129643679033,0.0008320963536606,
bc,900104,56,0.2657105356681468,15037788.0,True,catalogue_selected,0.7135572534052902,217.3384971767157,58,8,0.73,0.0990663649605104,0.0005872262552265,18594779.57382947,3912352.631354712,0.2104006,0.0356711958563137,0.004167298965764,
bc,900104,57,0.1701486273536444,5129480.0,True,catalogue_selected,0.8813417722242117,296.2851668655232,4,2,0.73,0.0406242129855804,0.0026789188216476,4510202.678704186,579359.1827956268,0.1284552,0.0113387272842209,0.0007777283614151,
bc,900104,59,0.3655257292057851,5870355.0,True,catalogue_selected,0.5475077057775944,182.02522096909468,14,0,0.73,0.0028731860607484,0.0,24662255.919601284,5231630.714943568,0.2121311,0.0265051103546502,0.0055238880071598,
bc,900104,60,0.3222305696731422,9470928.0,True,catalogue_selected,0.6006739048417312,41.352518547835984,411,16,0.73,0.0261724029808079,6.925613683329517e-07,30297647.11863673,7170648.938340183,0.2366735,0.0362271757925895,0.007571269524192,
bc,900104,61,0.1340770136268071,6088133.0,True,catalogue_selected,0.816016465569432,175.34537635840928,4,2,0.73,0.0228961381390622,0.002987999058117,1158163.684653938,144838.36796922397,0.1250586,0.0049294706671997,0.0003380864114973,
bc,900104,62,0.2164825866299453,20338838.0,True,catalogue_selected,0.7556802444870927,21.501049876003226,44211,16476,0.73,0.0780887709012751,0.0029199660399633,11175129.964408817,1592113.709225773,0.1424694,0.0244410397238473,0.0018619958523884,
bc,900104,63,0.1357549286086933,14096823.0,True,catalogue_selected,0.7924370114300779,36.8144383602511,316,165,0.73,0.0546617858191581,0.0043071208071838,3085548.7795672743,542372.5422878998,0.1757783,0.0121070004953585,0.0008395700508148,
bc,900104,65,0.1860620074270765,13050416.0,True,catalogue_selected,0.7533283454703815,35.85958303824084,405,66,0.73,0.0415592439384665,0.0010842255839037,6715994.036755604,1071120.753727106,0.159488,0.0138191121097577,0.0011981433608189,
bc,900104,66,0.2429044150074674,8109456.0,True,catalogue_selected,0.6415651320549027,86.5913918708544,397,110,0.73,0.0733302415379001,0.0009691700347538,14945128.072726265,2248433.32745673,0.1504459,0.0276512948263223,0.00243409512678,
bc,900104,67,0.2612415976936023,18845903.0,True,catalogue_selected,0.5387421663984621,50.56619255867735,4795,577,0.73,0.065396802486208,0.0001357624706122,24177863.926958103,4860468.954547382,0.2010297,0.0361154759336137,0.005140404616838,
bc,900104,69,0.3774760913955593,2688263.0,True,catalogue_selected,0.5845204752952802,126.11322204528734,72,0,0.73,0.0077001703952803,0.0,19601438.20389729,4187942.882011644,0.2136549,0.0219430079535178,0.0044218961010638,
bc,900104,70,0.1660079832907804,17363337.0,True,catalogue_selected,0.84855671107927,37.50301274457001,1939,733,0.73,0.0787357828232702,0.0062693326036553,4556696.227478422,650168.1824149482,0.1426841,0.0175576204062528,0.0010749796011516,
bc,900104,71,0.1881058506621284,1937361.0,True,catalogue_selected,0.735795889960897,147.9905701953819,1028,335,0.73,0.1693460185752774,0.0043027714477853,7238186.960987907,1187647.815675906,0.1640808,0.0350576100777033,0.0015206231544475,
bc,900104,73,0.1921251259114043,11701411.0,True,catalogue_selected,0.6764306988855925,257.3198853700213,22,4,0.73,0.1412733823099768,0.0021144033567354,7757204.030109474,1300358.446787108,0.1676324,0.0310610009319559,0.0015040239400437,
bc,900104,74,0.1550953498334078,14403297.0,True,catalogue_selected,0.8665778271435733,175.63948635743802,476,208,0.73,0.0517586987585692,0.0032027194605101,2044373.415258258,307708.2677801184,0.1505147,0.0105376867246398,0.0005233603418094,
bc,900104,76,0.2525199513653877,14546849.0,True,catalogue_selected,0.5950454273540985,33.335490008615764,3503,1953,0.73,0.0664942929134512,0.0043111186730942,17070185.00045388,2283333.647289519,0.1337615,0.0287884074918434,0.0026780351015013,
bc,900104,77,0.0783473404441476,17351279.0,True,catalogue_selected,0.9386378558448124,181.85607616538803,11,8,0.73,0.0598756019823446,0.0256139473779701,191559.64972230868,21003.619355696534,0.1096453,0.0098953967411416,0.0016093923627985,
bc,900104,79,0.2083697541770224,3143932.0,True,catalogue_selected,0.8044149527105926,234.99458292096327,22,9,0.73,0.0634647661201589,0.0021092738816244,7262917.099191819,1029713.3573038618,0.1417768,0.0179428273596012,0.0012179418065908,
bc,900104,80,0.120234891343051,1491265.0,True,catalogue_selected,0.9244825216647669,80.98549230158378,33,24,0.73,0.0263846838837405,0.0068406002983451,882526.0894933626,103295.19203578032,0.1170449,0.005203188356195,0.000532956016559,
bc,900104,81,0.2902603544891924,6417150.0,True,catalogue_selected,0.6120457101466357,32.52366078797578,561,174,0.73,0.0423372605699082,0.0006424957491094,16298558.529900832,2138673.664292788,0.1312186,0.0240629438431073,0.0022979609292359,
bc,900104,83,0.2713377932432617,10291401.0,True,catalogue_selected,0.5724628607655189,90.62126205632914,41,10,0.73,0.0666942739259788,0.0003669071609701,22492860.58986733,4944361.283353227,0.2198191,0.0345463873196887,0.0052433067724947,
bc,900104,86,0.1230182982294909,767750.0,True,catalogue_selected,0.9031803891151166,188.89116438451816,24,15,0.73,0.0462974762251311,0.0034307781506702,1092587.184617136,153639.15810177685,0.1406196,0.0086486244810273,0.0003748164663959,
bc,900104,89,0.2406464191721489,4049455.0,True,catalogue_selected,0.6909045551190102,69.61143882866557,978,254,0.73,0.0869798254685124,0.0013497431824842,10547743.7324857,1643041.712697462,0.1557719,0.0252179597068418,0.0018184671229379,
bc,900104,90,0.1189130749853956,4447877.0,True,catalogue_selected,0.9111397012122512,667.3384720182261,1,1,0.73,0.0741445453459102,0.00310975544784,1106635.8952529544,156237.10743545243,0.141182,0.0131715617429132,0.0003576667834975,
bc,900104,91,0.1067460150438597,14148403.0,True,catalogue_selected,0.9284145029069076,151.9419447096078,193,132,0.73,0.0258657899845115,0.0056198606221632,440178.5673200811,63600.90591200468,0.1444889,0.0046521270982354,0.0004153988864495,
bc,900104,92,0.2315199956525736,9484395.0,True,catalogue_selected,0.6848126220852172,63.582308753103504,1417,421,0.73,0.0919853740556021,0.0023854548695164,15004795.91495379,2063450.231837416,0.1375194,0.0307343362854021,0.0023265409221478,
bc,900104,93,0.0790119852050171,2365568.0,True,catalogue_selected,0.9162371531514296,89.4837444172793,20,14,0.73,0.0267749901669857,0.0025742162158421,161814.21744390886,24061.05139611465,0.1486955,0.0045054008514653,0.0001849212335857,
bc,900104,94,0.2542806098917967,2801866.0,True,catalogue_selected,0.6596363773233218,55.74574537392985,1857,336,0.73,0.0780695240513582,0.0004334528631395,18433547.586756304,3378855.493812978,0.1832993,0.0321018222513388,0.0035944699503702,
bc,900104,95,0.1593734982983934,8161283.0,True,catalogue_selected,0.8486519692664942,80.96965286655515,904,352,0.73,0.062842397874933,0.0029797615277452,3461164.2510448075,540855.4364141414,0.156264,0.0138279413332751,0.000755715932505,
bc,900104,97,0.0859937077448048,243356.0,True,catalogue_selected,0.9205830073407076,132.5305200235132,49,15,0.73,0.001215696522429,6.629659032921028e-05,2005681.6771293124,189364.4917084867,0.09441403,0.0023145326756895,0.0002040512485195,
bc,900104,98,0.2405041926750259,4602423.0,True,catalogue_selected,0.6746610423977292,21.183523789068506,34444,7860,0.73,0.0258962929736091,0.0001619098297942,4855652.235519085,981690.3991835912,0.2021748,0.0093192027205326,0.0010465641183408,
bc,900104,99,0.223771744820725,17532417.0,True,catalogue_selected,0.7171021574825255,410.73417578029085,6,1,0.73,0.20142092627639,6.370496235149615e-05,12936229.25183376,3287184.911504779,0.2541069,0.0462665047323367,0.003474766217495,
bc,900104,102,0.1279129387037575,1417884.0,True,catalogue_selected,0.8481385529936826,276.148343063909,7,4,0.73,0.0825651282190041,0.0155877630349514,1766700.159260673,207591.9913130373,0.1175027,0.0152316900567609,0.0011851132453424,
bc,900104,103,0.1631309546985609,19640886.0,True,catalogue_selected,0.8077133985666917,240.17064418255305,17,9,0.73,0.0863060168416663,0.0033074926863235,3042747.309147597,469074.3701567901,0.1541615,0.0171846263185915,0.0007002333880518,
bc,900104,104,0.2285722171152615,7853544.0,True,catalogue_selected,0.644668120705269,43.38564937404964,6243,2227,0.73,0.1035517807710161,0.0031382917328747,13899829.262619888,1969046.3351080755,0.1416597,0.031440103686194,0.0022735142140077,
bc,900104,105,0.1194639293128864,16854847.0,True,catalogue_selected,0.8686853563953092,39.23794258540148,83,53,0.73,0.0157644380406518,0.002089012213814,442971.8822046735,72126.5351612311,0.1628242,0.0030197897317055,0.0002056052650279,
bc,900104,106,0.1499707367750714,9351745.0,True,catalogue_selected,0.8381469452981515,43.048423697750906,998,356,0.73,0.074343307136353,0.0042283034568814,3144073.1632045205,526593.2069983186,0.1674876,0.015354994552925,0.0008180251641346,
bc,900104,109,0.2009385398438942,2245075.0,True,catalogue_selected,0.8359983124172008,27.27336646040236,1582,655,0.73,0.0555299674107203,0.0032693644942441,6296373.4118131045,1019333.2289701848,0.1618921,0.0156377411854479,0.0012788689584462,
bc,900104,110,0.071910999155269,1586130.0,True,catalogue_selected,0.9401937207824748,61.99179613679674,96,58,0.73,0.0152353074977319,0.0049985584960801,115454.0592441588,13834.09444153605,0.1198234,0.0025883157750074,0.0003243517957236,
bc,900104,111,0.0968957880054375,3394101.0,True,catalogue_selected,0.8647596533922599,36.28276045241339,739,428,0.73,0.020997589926605,0.0024042747996501,300923.33797851094,49808.0770837456,0.1655175,0.0037169898629264,0.0002015758459493,
bc,900104,112,0.2890866943762705,20716144.0,True,catalogue_selected,0.5038658937347392,26.106333981136,14977,1753,0.73,0.0537636061779073,3.023120016830875e-05,23248013.42386076,5201793.141966713,0.2237522,0.0332504069068984,0.0054942569343904,
bc,900104,113,0.2174448298007397,14449317.0,True,catalogue_selected,0.7427025558849273,44.81856820938026,322,107,0.73,0.0682593994705396,0.0009213727473035,17146967.044495214,3517038.0479071187,0.2051114,0.0291552282573838,0.0037706067218829,
bc,900104,114,0.1703943519662742,1879333.0,True,catalogue_selected,0.8809432373817451,28.21324123800009,9520,4452,0.73,0.0740566009797987,0.0081286979708054,6791873.635503626,744529.5672719335,0.1096206,0.0191601597298446,0.001289831343124,
bc,900104,115,0.1431901945024916,9981040.0,True,catalogue_selected,0.8653848581739954,221.1338187340414,8,4,0.73,0.0247292269435744,0.0019581969803809,1846712.3272490213,269819.6375141015,0.1461081,0.0059532389689301,0.0004062359926113,
bc,900104,116,0.2401827542300766,15876496.0,True,catalogue_selected,0.7102048568872593,536.3839644445267,1,0,0.73,0.0216778330416419,0.0,12753327.59243455,2518606.4015298984,0.1974862,0.0169751523503901,0.0026593046134597,
bc,900104,117,0.1644842513075652,15504373.0,True,catalogue_selected,0.8714080691274185,67.38964371443768,643,278,0.73,0.1424893983071608,0.0055877812826485,2653483.919033701,411102.2708045074,0.1549292,0.0258690273497507,0.000780325044468,
bc,900104,118,0.1877294791290118,6184157.0,True,catalogue_selected,0.8674762729760161,419.1725101352295,1,0,0.73,0.0448987109169956,0.0,4300458.424164052,712469.9162469956,0.165673,0.0118092555022499,0.0007522709916388,
bc,900104,120,0.2095789150415159,15790782.0,True,catalogue_selected,0.7729126338075224,37.75138486546591,212,71,0.73,0.0497022799073525,0.0010826806025619,7203435.290851981,1310562.031429973,0.1819357,0.0156520425977532,0.001450864932834,
bc,900104,121,0.1679169694654613,1408529.0,True,catalogue_selected,0.8593226553927584,42.857553709507975,805,254,0.73,0.0666788267298399,0.0040995929971401,4887259.580538324,699608.1907097122,0.1431494,0.0159547748020175,0.0009927295927493,
bc,900104,122,0.1239839844388865,19625887.0,True,catalogue_selected,0.8988234749859726,76.99914723574052,71,38,0.73,0.0364892839641214,0.0054772618472397,864130.4886239687,108840.59325881372,0.1259539,0.0068195776721929,0.0004543294262184,
bc,900104,123,0.3386752003310605,10340228.0,True,catalogue_selected,0.5592107195842785,38.99024641853998,435,15,0.73,0.0209180454642308,6.384107649439091e-07,33146902.301366184,7830063.001379535,0.2362231,0.0383849834492142,0.0082675174205153,
bc,900104,124,0.2631647185648755,5784781.0,True,catalogue_selected,0.6215921306353998,31.136027417652542,778,152,0.73,0.0771145022562306,0.0001175086240986,21776898.92539819,5375303.746750703,0.2468351,0.0354773384751393,0.0056828687580833,
bc,900104,126,0.2292063529055832,12345429.0,True,catalogue_selected,0.6471073877713952,589.8166147157915,36,4,0.73,0.1115825903697147,3.1102106658280394e-05,13490560.198441615,2575589.479090205,0.1909179,0.0323080623714636,0.0027213982654526,
bc,900104,127,0.2444391450125679,13114528.0,True,catalogue_selected,0.6893335263984994,26.694816712442627,3323,101,0.73,0.1272230193144242,6.906903345445654e-05,17165170.350222375,4455757.966545264,0.2595813,0.0387199454796585,0.0047089522679895,
bc,900104,128,0.181013652456497,3680754.0,True,catalogue_selected,0.8607228972711376,49.54396668356426,235,98,0.73,0.0625496579543092,0.0039556751632796,5611977.148412521,942088.0090334011,0.167871,0.016051515150746,0.0012398370530208,
bc,900104,129,0.1177293158101275,19120097.0,True,catalogue_selected,0.8758690152614415,275.550638566041,9,9,0.73,0.0162387120160499,0.0041972307445805,653926.803854999,91517.50909650764,0.1399507,0.0033193085585451,0.0003567191296913,
bc,900104,130,0.1677837333555447,20516215.0,True,catalogue_selected,0.869125173685831,307.13263456812825,7,3,0.73,0.1772145987725188,0.0123608495445375,2982397.769165189,465832.5026622705,0.156194,0.0318379055138897,0.0012578183443897,
bc,900104,131,0.0786247424114149,7847803.0,True,catalogue_selected,0.9005390353871967,51.793039956560456,122,70,0.73,0.019454435578428,0.005878134670198,272424.90396690945,36538.28148592365,0.1341224,0.0034370813782862,0.000402828875537,
bc,900104,132,0.2674933640331326,5848116.0,True,catalogue_selected,0.7078464381661054,48.41364041814112,169,26,0.73,0.0483488318504015,0.000149783402913,12976912.619839996,2546682.342905008,0.1962472,0.021528939803172,0.0026982305799969,
bc,900104,133,0.2697778561054835,12974240.0,True,catalogue_selected,0.7553701549754311,24.256573779392102,2214,222,0.73,0.0335966930596809,7.938524958763332e-05,12413802.453108434,2400495.0606370065,0.1933731,0.0185461794468244,0.0025395144107958,
bc,900104,138,0.1086196158189806,8115056.0,True,catalogue_selected,0.8632211530525032,67.58698696413336,58,28,0.73,0.0365469694261468,0.0071233039562318,621702.0918939771,87376.65809880057,0.1405443,0.0065729449512839,0.000533666469978,
bc,900104,142,0.1996131782924393,16104964.0,True,catalogue_selected,0.7564947892919754,60.26705346934994,712,186,0.73,0.0743379106122426,0.0025431885511744,4697966.931043969,709775.1090221319,0.1510813,0.0169948206599339,0.0009070190038699,
bc,900104,143,0.1494214943722087,4149562.0,True,catalogue_selected,0.8591635429673492,56.20607173499768,542,326,0.73,0.0612859864130314,0.0124338290993553,2804503.9472056846,272408.9160536648,0.09713266,0.0128826334810174,0.0010581117484093,
bc,900104,144,0.0948251947864456,17452823.0,True,catalogue_selected,0.9453367420081475,386.9752492241015,15,13,0.73,0.0705874953156476,0.0081027390872278,367199.6067667556,49571.66375655862,0.1349992,0.0118149745575282,0.0005544420568264,
bc,900104,145,0.2609944487955125,3560685.0,True,catalogue_selected,0.7880548537661112,85.2387807427901,5948,590,0.73,0.0736705280549318,9.571815560791189e-05,20336437.021014687,4572472.358843442,0.2248414,0.033398869526637,0.0048338380986629,
bc,900104,146,0.2661899607336783,6368263.0,True,catalogue_selected,0.7155024745203142,53.67491329815188,868,97,0.73,0.0274986958400891,4.2595634850300186e-05,3717284.12012755,883687.831592716,0.237724,0.0083766510048954,0.0009356932588733,
bc,900104,147,0.1291803034462771,10909320.0,True,catalogue_selected,0.9154350112498258,309.3830615536255,7,3,0.73,0.0419225663258019,0.0151144663121484,1406941.6831298857,138706.38371598232,0.09858716,0.0082722949197894,0.0010830507426031,
bc,900104,148,0.1618786885604951,8899944.0,True,catalogue_selected,0.8055252096430052,88.62281577882493,311,148,0.73,0.0540862186813479,0.0033794709016217,4203716.3351677535,647379.0962198178,0.1540016,0.0131944554640108,0.0008929591058697,
bc,900104,149,0.154624292620543,2136647.0,True,catalogue_selected,0.8514007794848527,35.07212794752977,4812,2815,0.73,0.0639863080815572,0.0064723766755024,4569679.368753292,742214.064763674,0.1624215,0.0151835672336274,0.001184749489967,
bc,900104,150,0.1025529994774803,15864214.0,True,catalogue_selected,0.8733558261838391,38.59939095662589,623,425,0.73,0.0414159265049952,0.008075019975957,348475.1677637952,49596.12356688322,0.1423233,0.0070726798817986,0.0005527502172839,
bc,900104,151,0.1711196020196186,9344153.0,True,catalogue_selected,0.8024997385608313,32.39315148182517,702,177,0.73,0.0535957896307521,0.0019271104904,2913328.045013301,527760.0967612154,0.1811537,0.0117525870128492,0.0006766595815444,
bc,900104,153,0.1907257529078173,17420819.0,True,catalogue_selected,0.7506554537681687,51.55371246737515,131,31,0.73,0.0654881428706571,0.0006815258775238,8317522.663168967,2279916.3049001056,0.27411,0.0193839071271585,0.0024495124542865,
bc,900104,156,0.1749158511810625,2567103.0,True,catalogue_selected,0.8879523322064146,27.95314463652089,12407,6218,0.73,0.0671116082789491,0.0078793990847675,3358732.8397705387,412162.5325228029,0.1227137,0.0144109212806865,0.0009234488523657,
bc,900104,158,0.2449675320025379,8114308.0,True,catalogue_selected,0.5990466982433416,23.83932629974176,20400,4406,0.73,0.0831148776851009,0.0005374079247602,16668858.422878832,3422917.254742056,0.205348,0.0310553330847877,0.0036474349230231,
bc,900104,160,0.2460737303288124,10777816.0,True,catalogue_selected,0.7351942316411447,184.21296492154545,14,7,0.73,0.062879978518294,0.0018293313562958,12886634.534833431,1994882.674529677,0.1548025,0.0237860353897023,0.0022196817225441,
bc,900104,163,0.2515690320773134,14837381.0,True,catalogue_selected,0.6619342447402197,37.805938309878265,175,20,0.73,0.0328811728270431,2.5344254904406048e-05,7918184.846224602,2085803.9215886493,0.2634195,0.0136835867556144,0.0022038947681703,
bc,900104,164,0.3259682268838043,9444227.0,True,catalogue_selected,0.547783039866525,27.73805024500657,10212,1470,0.73,0.0496074607867571,5.558050858209292e-05,31977132.3257788,6572983.489916243,0.2055526,0.0417943354131012,0.0069436176144383,
bc,900104,165,0.2717935179476277,4537615.0,True,catalogue_selected,0.7090332663226484,53.312265178754735,137,24,0.73,0.0181891518139027,4.13977563164794e-05,6646592.499520984,1277931.6622079704,0.1922687,0.0099624982540731,0.0013518867077363,
bc,900104,166,0.1143664434924964,17116420.0,True,catalogue_selected,0.9172091154787554,47.98020708341739,13,9,0.73,0.0046081168477304,0.0014138614759882,302283.48091227224,44370.74898886121,0.1467852,0.0010651684918225,0.0001344619845217,
bc,900104,168,0.1991769438115408,6968319.0,True,catalogue_selected,0.863366890601711,23.07989956031537,34530,8377,0.73,0.0615757159847526,0.0006101820707792,6346419.994640158,1357655.3417812297,0.2139246,0.0166693171303572,0.0014713097996921,
bc,900104,169,0.1665498323631429,20122221.0,True,catalogue_selected,0.768622768822144,46.60950645461511,1089,390,0.73,0.0361374885847641,0.0013807110644888,1696650.822812933,279339.56643657247,0.1646418,0.0076416541026392,0.0003805027602527,
bc,900104,170,0.2331512452801127,14649290.0,True,catalogue_selected,0.8254465667286842,26.466301864976085,1024,245,0.73,0.0561520105249808,0.0001331900979466,25381778.21417044,6205768.548462285,0.244497,0.0358900250844162,0.006560697975894,
bc,900104,172,0.2192237234665432,6343565.0,True,catalogue_selected,0.7854214490531947,58.47824090950008,412,72,0.73,0.04886181630588,0.0006980265917864,7540288.549897384,1278620.2477395586,0.1695718,0.0158716527711181,0.0013933029747939,
bc,900104,173,0.1632587360610302,2120718.0,True,catalogue_selected,0.8886956471764631,58.2722841743266,333,170,0.73,0.0746980862474303,0.0084052773272796,4336645.740748187,485092.00929627824,0.1118588,0.0166716228769192,0.0010330394397137,
bc,900104,176,0.2033616719563989,2006454.0,True,catalogue_selected,0.7966249468227633,334.3495633469489,1,1,0.73,0.0409543288143103,0.0048916832535558,9605287.204054214,1667823.3441441546,0.173636,0.0167718829120196,0.0020641159810864,
bc,900104,177,0.2748587281210655,2885773.0,True,catalogue_selected,0.6286775978705605,31.493694897190693,3230,266,0.73,0.0692640396165463,2.1720872014553e-05,24030046.27130257,6270126.936188763,0.2609286,0.0365854595893868,0.0066217442537055,
bc,900104,178,0.3344995392240134,15899456.0,True,catalogue_selected,0.5723115870053089,53.21518471874273,63,0,0.73,0.0038548011967463,0.0,4461290.904034461,992441.6708929364,0.2224562,0.0053345600033143,0.0010478829532046,
bc,900104,179,0.2368124224219977,12285147.0,True,catalogue_selected,0.7638484099584332,44.74010258655029,1848,1082,0.73,0.097965593347922,0.0072270645054996,15776719.736138085,1573751.5670359945,0.09975151,0.0325175076718857,0.002109505222616,
bc,900104,183,0.1102329570068392,1666262.0,True,catalogue_selected,0.9213433187816756,47.95811278661193,144,94,0.73,0.0735424028816409,0.0144427205917776,867628.4502779217,131415.61667596988,0.1514653,0.012821722918074,0.0010337267273523,
bc,900104,186,0.1996184775996864,9616802.0,True,catalogue_selected,0.7724903937927886,226.6449486495829,22,8,0.73,0.0427846507369945,0.0003268149650377,4146516.661172633,967946.4412084502,0.233436,0.0113044732327621,0.0010422710248474,
bc,900104,189,0.1999467586033276,5072577.0,True,catalogue_selected,0.7629824047895005,39.854352886410666,2240,748,0.73,0.0515095131327878,0.0013021546005802,7242073.792829225,1076495.445933944,0.1486446,0.0159854087869878,0.0012173226749859,
bc,900104,190,0.1231265746013113,190961.0,True,catalogue_selected,0.8934405795456425,39.30803667661059,861,464,0.73,0.0052128117153885,0.0007299117204727,2659207.5448402576,276450.1715717661,0.1039596,0.0036516514102427,0.0003371239740825,
bc,900104,192,0.1959207323799844,4584374.0,True,catalogue_selected,0.8406489895051154,106.22133695608942,609,212,0.73,0.1258013875750115,0.0031332358917783,9266211.771332752,1546494.5241608943,0.1668961,0.0301495783055909,0.001827043878217,
bc,900104,196,0.1558516346859261,1190416.0,True,catalogue_selected,0.7787207206275495,128.0257586852264,477,279,0.73,0.0271753934986705,0.0028679969293518,1695718.9118191935,207303.68449698968,0.1222512,0.0061898153144473,0.0003966051074606,
bc,900104,197,0.191056891710801,12954498.0,True,catalogue_selected,0.7350525438350256,67.1104461487829,1334,259,0.73,0.093427795721911,0.0051097961950205,7521489.12266182,1090966.3879448306,0.1450466,0.0230664962805289,0.0014685495364039,
bc,900104,198,0.152030466950819,7171379.0,True,catalogue_selected,0.8535733019619984,36.31401842220345,784,440,0.73,0.0687004273585836,0.0092045578421727,1875052.2543004872,270848.9795738835,0.1444488,0.0131015676750492,0.0008563569294935,
bc,900104,199,0.0740519762758654,20428221.0,True,catalogue_selected,0.914627601976004,321.40781546179966,3,3,0.73,0.0205808938858519,0.0090815349197288,122601.478169144,16212.169757253438,0.1322347,0.0034612482668769,0.0005798718699942,
bc,900105,1,0.3250214120774591,6567860.0,True,catalogue_selected,0.6619455168917846,22.765637081591205,13791,2289,0.73,0.02299327488238,2.0476188448656706e-05,17509367.889546648,4114020.5568179167,0.2349611,0.0222098359128559,0.0043451130595043,
bc,900105,8,0.1481973788655535,3347932.0,True,catalogue_selected,0.8482059482034778,589.8166147157915,36,14,0.73,0.1116823275375244,0.0010171361055115,2508967.2692547827,376303.2201706435,0.1499833,0.0207291452786028,0.0004603535530061,
bc,900105,10,0.1471196306051274,9162338.0,True,catalogue_selected,0.7787494688455192,40.06061164225432,611,232,0.73,0.0639883805203431,0.0046974718960627,4038747.7009299486,564628.0923425993,0.1398028,0.0146233113582459,0.0008872576980739,
bc,900105,12,0.0933959854545786,11652874.0,True,catalogue_selected,0.8706265347388925,181.85607616538803,14,13,0.73,0.0472088324059825,0.0124029034111913,346843.227052714,38762.3214558293,0.1117575,0.0080087581879,0.0008094964660602,
bc,900105,13,0.1394169908280834,15096806.0,True,catalogue_selected,0.8605826351691026,46.53492987019028,211,101,0.73,0.0165823622699859,0.0019701886605459,598298.6419173479,77447.60788414154,0.1294464,0.0033162056322376,0.0002038604713426,
bc,900105,14,0.1559295550749678,14112602.0,True,catalogue_selected,0.8523539767657142,95.98280691546908,45,34,0.73,0.0436992603812616,0.0132327198694269,2069745.7670263853,230930.29659997136,0.1115742,0.009259750853325,0.0010638207248,
bc,900105,15,0.1971779706393551,15073906.0,True,catalogue_selected,0.7222951681574664,1068.0998922314843,1,0,0.73,0.6379649118014549,0.0,6310938.810173456,1372752.1569963663,0.2175195,0.109942294469977,0.0014494389206744,
bc,900105,17,0.3630341360630368,15302845.0,True,catalogue_selected,0.6200435329712818,25.21266812033485,2497,704,0.73,0.0100016940813552,5.223779671620149e-05,11768220.105756989,1631354.861557145,0.1386238,0.0140447875945857,0.001725725093108,
bc,900105,19,0.1344953294205088,10854555.0,True,catalogue_selected,0.8580811441026824,1424.7236072062765,2,0,0.73,0.1709173079500284,0.0,1559534.9116441852,190077.08704558667,0.1218806,0.0293161013005998,0.0002006954616593,
bc,900105,20,0.0850849255819595,16640757.0,True,catalogue_selected,0.8682306129347666,128.0257586852264,363,287,0.73,0.0143701461221635,0.0059683197298888,128194.03728809532,14021.776566013485,0.1093793,0.0024617082885758,0.0003846430027226,
bc,900105,21,0.1438449460294676,1166250.0,True,catalogue_selected,0.9014818326444975,37.45102922050583,1266,488,0.73,0.0494355646113501,0.0032766919548506,2052902.5166710047,322175.7334467776,0.1569367,0.0101706049664805,0.000543219852796,
bc,900105,24,0.0456831826415288,12430.0,True,catalogue_selected,0.9718533921633352,235.85577567934249,2,2,0.73,0.007370159072607,0.0007566201496188,8493.225218742227,1081.2860621944458,0.1273116,0.0012021073144472,4.802705109739101e-05,
bc,900105,26,0.1908979436283809,15141724.0,True,catalogue_selected,0.7591986301112164,307.13263456812825,4,1,0.73,0.1064537086483391,0.0035332820042135,4874258.932216061,814356.628671576,0.1670729,0.0223801202835902,0.0010787957787262,
bc,900105,28,0.1025023627449956,15258339.0,True,catalogue_selected,0.7591886102870762,419.1725101352295,0,0,0.73,0.0,0.0,345975.5885254341,47578.12368444436,0.1375187,0.0003653030017517,5.023600501330604e-05,1.0
bc,900105,29,0.1042830757988453,5386204.0,True,catalogue_selected,0.9154196700802456,50.66107532905932,1138,705,0.73,0.038413953155411,0.0104737694484538,796552.983620098,85653.5756729656,0.1075303,0.0070598057174567,0.0007394648929114,
bc,900105,30,0.2421189445480814,19162043.0,True,catalogue_selected,0.682268935419595,56.381399409447326,107,18,0.73,0.0680089282059769,0.0003355893385714,19276315.687520616,3171271.458304136,0.1645165,0.0313629815360403,0.0033692252470542,
bc,900105,31,0.1982908762300427,18411195.0,True,catalogue_selected,0.7348292357787438,175.63948635743802,543,163,0.73,0.075636308342227,0.002382189177878,7156457.791379096,1220194.917685438,0.1705026,0.019800846357817,0.001435976035689,
bc,900105,33,0.0663811669894286,4614017.0,True,catalogue_selected,0.9063396252837748,994.9974612426676,54,42,0.73,0.0343049999842009,0.0191570040728619,67918.18995722733,7519.974040559495,0.1107211,0.0056252769919364,0.0011950390937825,
bc,900105,34,0.1520710990147969,15960477.0,True,catalogue_selected,0.8524289827419562,111.25612981195296,947,590,0.73,0.024239042255349,0.0053940498551923,891268.9511978684,99257.16028109854,0.1113661,0.004865066192141,0.0004390542446784,
bc,900105,35,0.2278386287800297,11198393.0,True,catalogue_selected,0.7638756917559381,54.58734513957013,573,100,0.73,0.0764230168011741,0.0005693027228558,15242497.184179831,2614573.0432201037,0.1715318,0.0284659589369639,0.0027959101806559,
bc,900105,36,0.1450600780848189,17554073.0,True,catalogue_selected,0.6956007021085691,56.28121623558471,3029,1723,0.73,0.096441780593092,0.0153092005625481,3181489.2036080845,395232.2970412303,0.1242287,0.0189719764045713,0.0013659741620426,
bc,900105,38,0.168508374103368,8100758.0,True,catalogue_selected,0.856899098222472,67.38964371443768,359,135,0.73,0.0576143640536912,0.0031231513978703,2664241.4533823035,421416.0898643944,0.1581749,0.0121401441712806,0.0006384897012687,
bc,900105,39,0.0895010261480012,8717127.0,True,catalogue_selected,0.8993011917065231,242.8632944675712,7,2,0.73,0.0790492865847428,0.0008961836292327,273587.90841770696,50619.81132128744,0.1850221,0.01308599505995,0.0001089812805784,
bc,900105,40,0.1140558809852182,16693729.0,True,catalogue_selected,0.9420859561095504,126.11322204528734,132,114,0.73,0.0909992869113853,0.0408681945965572,1412132.29424882,160701.6324508918,0.1138007,0.0162227030832115,0.0027021519119053,
bc,900105,41,0.1675368110282767,5946833.0,True,catalogue_selected,0.7953530097646654,75.18426845986467,218,92,0.73,0.0257781081217256,0.0009904019025894,1231572.4067950682,232329.18038988407,0.1886444,0.0054735363477784,0.0003066799828788,
bc,900105,43,0.1559870668673573,19332150.0,True,catalogue_selected,0.831109956675298,70.91438515374698,406,209,0.73,0.0558015054650114,0.0107606361677292,3097926.3515256755,357822.9837914146,0.115504,0.0123045763502514,0.0010446148658439,
bc,900105,44,0.08320054748144,20134724.0,True,catalogue_selected,0.886051443420263,221.1338187340414,8,8,0.73,0.0149986870977084,0.006518923963905,230939.4277832841,30658.56315235725,0.1327559,0.0026719465810594,0.0004363283838061,
bc,900105,48,0.1649119050475194,12350397.0,True,catalogue_selected,0.8628120404868319,72.08434982451821,393,183,0.73,0.0877377966614804,0.0103922664883457,4024408.466457644,453575.4376716856,0.1127061,0.0184529143593699,0.0011228896831822,
bc,900105,52,0.2085764549512863,7731296.0,True,catalogue_selected,0.7428811376839283,410.73417578029085,2,0,0.73,0.088628722549649,0.0,10607246.26729533,2574506.908732736,0.2427121,0.0255477227601345,0.0027183279196059,
bc,900105,54,0.2301663755772034,15064706.0,True,catalogue_selected,0.6299836729913567,147.9905701953819,588,82,0.73,0.0361851557774381,8.88725388042693e-05,4875875.9286067365,916677.1968740444,0.1880026,0.0110061986467472,0.0009733931596825,
bc,900105,55,0.1992079752804096,11022406.0,True,catalogue_selected,0.6605261833355717,32.11857527579847,703,133,0.73,0.1043193546355511,0.0007673129536842,13486253.787155852,2836655.0970898503,0.2103368,0.0311276853565899,0.0030426685876649,
bc,900105,60,0.2406696828549847,15775367.0,True,catalogue_selected,0.6126771392354531,43.69612729510705,608,126,0.73,0.0246489820791243,0.000259698465929,4888622.935672022,828625.3503089836,0.1695008,0.0091520907296572,0.0008910079703597,
bc,900105,61,0.1074415947348827,12108147.0,True,catalogue_selected,0.8102923404086365,70.87039121694417,73,58,0.73,0.0378809391068062,0.0119675406395591,752376.5778369751,89158.07754735113,0.1185019,0.0069268729334487,0.0008357294506416,
bc,900105,62,0.1694888043905968,11525881.0,True,catalogue_selected,0.82341657099952,63.75574683180261,157,54,0.73,0.0876197751596054,0.0037435252872215,4226683.50157812,740788.9736406874,0.1752648,0.0186473829354458,0.0010141464878489,
bc,900105,63,0.1618137128885753,2974590.0,True,catalogue_selected,0.9038203768008226,136.12304068130743,1894,660,0.73,0.0593750155034297,0.0012170018462209,2844014.1451151143,593866.3867063627,0.2088127,0.012614987776322,0.0007024556118269,
bc,900105,65,0.1317693857023205,10815000.0,True,catalogue_selected,0.9064795348315324,158.93501165546587,55,35,0.73,0.0465636968321535,0.0095639756019124,1587304.50312106,161525.33850130215,0.1017608,0.0092140763458597,0.0007631980685321,
bc,900105,66,0.1175800986226671,15466939.0,True,catalogue_selected,0.838396540682703,52.41963627899271,387,238,0.73,0.0424372624200829,0.0073481810697136,542741.580011419,72514.2508159174,0.1336073,0.0074431406329144,0.0005319087207114,
bc,900105,68,0.2258067185510758,17695318.0,True,catalogue_selected,0.7278505459319979,36.03391003064969,1097,261,0.73,0.0779234579947253,0.0012034661612407,11676150.442188077,2046062.2740028845,0.1752343,0.0249432868072143,0.0022349375053519,
bc,900105,70,0.180679343875638,9024763.0,True,catalogue_selected,0.7688632019983453,44.29004408260674,2768,901,0.73,0.0576228718134482,0.0018796779572027,4941585.686040814,902907.0871136736,0.1827161,0.0145460861659801,0.0010698243579816,
bc,900105,73,0.0940221308561592,17397384.0,True,catalogue_selected,0.9211440566855482,60.26705346934994,462,314,0.73,0.0526890414606905,0.0201398188816464,511721.67588208825,61967.45359694568,0.121096,0.0090700269015215,0.0013134301301447,
bc,900105,76,0.2067154216942057,16298608.0,True,catalogue_selected,0.637624342628867,112.76986331146492,419,168,0.73,0.0276972970737278,0.0010749107897771,3940384.346395903,568874.5953056334,0.1443703,0.0086443655325579,0.0006672627571405,
bc,900105,77,0.1145921829040051,686249.0,True,catalogue_selected,0.9135564663146912,122.19849211982591,23,9,0.73,0.1131803071834315,0.0017659915445492,830191.1879900653,130846.73651658224,0.1576104,0.019199091650779,0.0002475892128714,
bc,900105,78,0.2233916632010608,8208193.0,True,catalogue_selected,0.7722926516068308,43.015160620222815,1554,545,0.73,0.0853608410623879,0.0036728873516303,10231607.87487619,1254123.988937104,0.1225735,0.0246220693910729,0.0015517809928497,
bc,900105,80,0.1428174550549503,16930950.0,True,catalogue_selected,0.888358947313376,485.945860890477,9,7,0.73,0.2732398475182843,0.0309394917837173,3368051.059338583,497298.68606275984,0.1476518,0.0477904293084666,0.0024423021111573,
bc,900105,81,0.1593207647771597,20497623.0,True,catalogue_selected,0.8542720992426119,37.433663811414256,720,258,0.73,0.0579686880135362,0.004530328882923,3301952.606166729,447205.9316119493,0.1354368,0.0128708408763119,0.0007529185979143,
bc,900105,85,0.3324989626752653,19303428.0,True,catalogue_selected,0.5369782585725119,50.56619255867735,3205,47,0.73,0.0211606943670378,4.2319146709621685e-07,37931738.5965104,9489025.989659134,0.2501606,0.0434763994518907,0.0100191425796975,
bc,900105,86,0.2391830968652376,8896484.0,True,catalogue_selected,0.6937340007174649,46.37353753324903,219,93,0.73,0.0611149254710762,0.0020111715807212,8152951.178125032,1193106.117280736,0.1463404,0.0185021710877056,0.0013843831711257,
bc,900105,89,0.1186193759658964,10975893.0,True,catalogue_selected,0.8575128425829912,308.7083631539789,3,3,0.73,0.0660332974875525,0.010785006558357,767463.6082485524,107408.87596171876,0.1399531,0.0115003291586834,0.0007817219013283,
bc,900105,90,0.2848428812385084,12589818.0,True,catalogue_selected,0.5925026584567845,53.67491329815188,635,38,0.73,0.0457352662720166,7.423179214685567e-06,14939572.121845689,3829765.006662056,0.2563504,0.0231781357062023,0.0040441691407954,
bc,900105,91,0.1782979917049116,5025943.0,True,catalogue_selected,0.7759378118555628,47.8115418229536,599,382,0.73,0.0886839234294385,0.015349909152042,5994228.911288522,577538.6734086775,0.09634912,0.0206859423848067,0.0015609873964916,
bc,900105,93,0.1411273336742121,20502600.0,True,catalogue_selected,0.8747982039788966,35.22652230163095,577,195,0.73,0.0737339832995933,0.003789924618965,2465635.714542672,439505.4181023635,0.1782524,0.0145400150414846,0.0006989073932537,
bc,900105,94,0.1315528581306872,14854630.0,True,catalogue_selected,0.8523916360238614,296.2851668655232,1,1,0.73,0.022181199545837,0.0044118763744747,779959.0584924787,92519.29441769396,0.1186207,0.0044143982878005,0.0003710777899068,
bc,900105,95,0.1359791341015073,14643444.0,True,catalogue_selected,0.8749274040866645,309.3830615536255,16,12,0.73,0.0246682422326096,0.0076698966551848,441626.68328106304,43861.55389025649,0.09931817,0.0044597876117522,0.0005215910819271,
bc,900105,96,0.4294006548610934,275136.0,True,catalogue_selected,0.3817463792807974,20.67205512482056,9328,1135,0.73,0.0059845576761685,5.982743862171202e-07,44584130.81804254,9814213.45685492,0.220128,0.0480435846925871,0.0103625070118825,
bc,900105,98,0.0980858239553068,17144883.0,True,catalogue_selected,0.9320561925677447,385.538769323715,22,18,0.73,0.0244823207606342,0.0066363773374676,426602.4760241603,41833.5705966224,0.09806218,0.0044138256614388,0.000455405881008,
bc,900105,99,0.2097107332920257,3716565.0,True,catalogue_selected,0.69570122129941,37.798482870785975,158,43,0.73,0.0704522742634611,0.0014388515820175,6581462.86567177,1211591.3312009785,0.1840915,0.0183544977654864,0.0013684361716867,
bc,900105,100,0.2524969725187316,6627175.0,True,catalogue_selected,0.7905487463981916,22.25857866325627,379,83,0.73,0.0546511954228269,0.0001962276851026,9899152.381412435,2410556.5449817805,0.2435114,0.019299521501835,0.0025573783216805,
bc,900105,101,0.2195567432204347,7474547.0,True,catalogue_selected,0.7335839805602818,168.27646830916524,32,10,0.73,0.0792503259175034,0.0001509742252293,11653141.173966857,2911202.322167956,0.2498213,0.0251337960314564,0.0030831877188737,
bc,900105,103,0.3407906184461985,14322333.0,True,catalogue_selected,0.504559661987959,184.21296492154545,11,0,0.73,0.012963891803899,0.0,9566142.770942677,1869133.0561407155,0.1953905,0.0121992384647265,0.0019735494026957,
bc,900105,104,0.2164749738998009,12849832.0,True,catalogue_selected,0.731133495772921,60.06998452164695,1366,59,0.73,0.0855334790366793,0.0001490557997499,8387794.417020725,1722407.7287205895,0.2053469,0.0227032020288323,0.0018278639994893,
bc,900105,105,0.1215932766845006,11036267.0,True,catalogue_selected,0.8017904301728231,58.28146309644613,160,107,0.73,0.0398175955545479,0.0079604351401486,1056689.8689603952,113241.2628161387,0.107166,0.0075617074945705,0.0006128503375475,
bc,900105,106,0.2379703540558318,14958856.0,True,catalogue_selected,0.7361633190650907,46.23339582846525,2223,762,0.73,0.1084698495345276,0.0021502741905507,13852510.150122626,2014722.922024668,0.145441,0.0321863170211011,0.0022605181296614,
bc,900105,107,0.2955394426198475,1414514.0,True,catalogue_selected,0.5827744660241221,51.05206249087193,222,13,0.73,0.0768352157630574,4.177783046064721e-05,26535463.928593785,5816483.7507018,0.2191966,0.0404565205501639,0.006144001830699,
bc,900105,108,0.2386474594042965,2379141.0,True,catalogue_selected,0.6568308141224714,86.5913918708544,521,167,0.73,0.1043470495510116,0.0018900354625065,15924846.234211858,2360648.1381616066,0.1482368,0.0337069896265602,0.0026096417731343,
bc,900105,109,0.1222182725140687,13517068.0,True,catalogue_selected,0.9177257778348058,135.05974619098578,92,71,0.73,0.024409593220829,0.0074867123128657,727247.9834241208,59328.0466291483,0.08157884,0.0047194925750874,0.0005265702323141,
bc,900105,110,0.2816622380392865,19450688.0,True,catalogue_selected,0.6395155748163053,40.724150027141306,803,127,0.73,0.0184259882050449,2.3583460700280707e-05,11078825.49848649,2401036.3570572915,0.216723,0.0146806723249355,0.0025366280853523,
bc,900105,111,0.1386445618342301,1458952.0,True,catalogue_selected,0.9120171416965543,27.420722392470022,2309,720,0.73,0.1220957863736502,0.0030882656663166,7277592.885327033,1400023.5093875786,0.1923745,0.0274499761510173,0.0016696038145806,
bc,900105,112,0.3793823189927005,18967948.0,True,catalogue_selected,0.4603274780355884,31.43223672766297,525,14,0.73,0.0075563017241934,3.248711287684477e-07,47846738.64641772,10557736.050641753,0.2206574,0.0517428996239136,0.0111475484509096,
bc,900105,115,0.238093453602885,7005882.0,True,catalogue_selected,0.719383293223266,53.95973124952943,847,308,0.73,0.0329805115955314,0.0008466643211986,9604617.277633969,1196809.0500097398,0.1246077,0.0154803109794258,0.0013161321263775,
bc,900105,117,0.1538267506371863,15852142.0,True,catalogue_selected,0.8661881017758305,257.3198853700213,16,9,0.73,0.0971181438705272,0.0162121294941998,2703803.1306823283,407342.2640713757,0.1506553,0.0185771001429864,0.0014347122880658,
bc,900105,118,0.0947502075116326,15051212.0,True,catalogue_selected,0.92597474734306,321.40781546179966,2,2,0.73,0.0688276965712073,0.0212279616583473,383941.99865009525,52125.18475741572,0.1357632,0.0115477621025249,0.0013704668081007,
bc,900105,119,0.1845226046519816,20363267.0,True,catalogue_selected,0.7657591373797773,86.59553650249653,154,70,0.73,0.0711410985076721,0.0042856003583872,7875551.438835478,1086292.9505183904,0.1379323,0.0198323909931682,0.0014125422118727,
bc,900105,125,0.2099250124699234,13676040.0,True,catalogue_selected,0.7985760389370223,133.21207702628178,57,10,0.73,0.083396433379637,0.0028710881822693,10677450.347385537,1664420.198882787,0.1558818,0.0247748043436008,0.0019353128304296,
bc,900105,126,0.2379849869686579,8553503.0,True,catalogue_selected,0.7696923312516532,317.03055070300803,20,3,0.73,0.1941568852400306,0.0062868121218542,13799565.131824756,2686337.998229992,0.1946683,0.0460021091900796,0.003225980174939,
bc,900105,127,0.0736821982167409,9523515.0,True,catalogue_selected,0.9442937041343716,143.78053906903736,99,89,0.73,0.0163473087040108,0.0076328834373706,129355.24829498609,10786.106854195186,0.0833836,0.0027830130814296,0.0004843743319007,
bc,900105,128,0.2516007816267269,19210185.0,True,catalogue_selected,0.8119828885457261,35.89683269201536,186,37,0.73,0.0609694801833427,0.0001005833224874,18081895.829234637,4183664.395555599,0.2313731,0.0289622356754686,0.0044236114340691,
bc,900105,129,0.1736872013836034,7460609.0,True,catalogue_selected,0.6840209447771671,43.11779280688452,1922,774,0.73,0.0171175929172602,0.0005192966007219,2036206.4449363984,435652.586886353,0.2139531,0.0049210873918264,0.0004921688425957,
bc,900105,132,0.1316551106462297,4482637.0,True,catalogue_selected,0.9276331322528184,285.768509871934,5,5,0.73,0.0089305961708041,0.0022610687858421,1490597.445634067,167266.13735582266,0.1122142,0.003019622985514,0.0003167215022832,
bc,900105,135,0.1466184939361459,2169690.0,True,catalogue_selected,0.6653583463900856,536.3839644445267,0,0,0.73,0.0,0.0,2774196.6286547924,413976.7669072092,0.149224,0.0029291730096234,0.0004371029651289,1.0
bc,900105,136,0.2696900202979135,6015542.0,True,catalogue_selected,0.5575931582683458,36.40840854724299,123,24,0.73,0.0328642036270846,2.69903491820781e-05,13070254.17983382,2865890.646350306,0.2192682,0.0191207216945808,0.0030276618843291,
bc,900105,137,0.1303682821940263,9025868.0,True,catalogue_selected,0.7509398927506565,64.96781760041952,1700,1264,0.73,0.0414508456420079,0.0113157574699567,1067463.6177394574,131314.88854417013,0.1230158,0.0078374865413982,0.0008398523452634,
bc,900105,141,0.2348513615045353,8752427.0,True,catalogue_selected,0.7256360635017034,36.31401842220345,793,134,0.73,0.0989079694751831,0.0008215150589684,12331257.014908146,2382561.5027189124,0.1932132,0.029032128583818,0.0025665664612388,
bc,900105,142,0.0786423627491382,13507634.0,True,catalogue_selected,0.9191592304422768,166.76449765898423,3,2,0.73,0.0020218100492369,0.0007214523881331,89550.17263440444,9743.141451161984,0.1088009,0.0004218593578121,5.499355310529984e-05,
bc,900105,147,0.3014271823265518,6517613.0,True,catalogue_selected,0.5660569519939106,151.9419447096078,276,10,0.73,0.0009452350487965,6.5916627908981e-101,337242.6038497128,83958.85915076661,0.2489569,0.0005091042856729,8.864909631962559e-05,
bc,900105,148,0.1892487882797937,2452722.0,True,catalogue_selected,0.6490690053061043,76.5531063365683,1036,296,0.73,0.0921534054558643,0.0027510051089632,8058439.051193983,1321853.5840076392,0.1640335,0.0234271337475156,0.0015661680708624,
bc,900105,150,0.1095538949762975,15376904.0,True,catalogue_selected,0.8977865989496596,46.29626602503123,418,316,0.73,0.0359640734838091,0.005394122998889,345668.1761628117,54216.56987012212,0.1568457,0.00618712700596,0.0003915020609559,
bc,900105,152,0.1280845967670532,8603441.0,True,catalogue_selected,0.9310702926381929,38.93408877311971,579,380,0.73,0.0343005944745446,0.0080160352183552,1480770.05221616,192960.1672739525,0.1303107,0.0071163425297081,0.0007004679816044,
bc,900105,154,0.2570558698659254,19138045.0,True,catalogue_selected,0.6470717819273843,32.39315148182517,867,82,0.73,0.0834844401966015,5.99291414369411e-05,20882890.974356987,5043947.556714914,0.2415349,0.0355646040175724,0.0053294338271862,
bc,900105,156,0.1660580185843234,16621253.0,True,catalogue_selected,0.8757540829062785,334.3495633469489,6,1,0.73,0.1953163867447193,0.0048744284181892,6274160.309742825,972147.2665400204,0.1549446,0.0382440180585451,0.0013285077633421,
bc,900105,157,0.157624317479434,20067828.0,True,catalogue_selected,0.7137218392167026,257.6790023132774,92,53,0.73,0.0832364415886467,0.0315441828656054,2487329.354760909,247692.35748108197,0.09958165,0.0161012536501582,0.0022162226913483,
bc,900105,158,0.1297125625277163,18494331.0,True,catalogue_selected,0.8507164058394706,57.09279404541642,197,111,0.73,0.0343499510047828,0.0054540095798242,1437683.064757281,193071.4965799833,0.1342935,0.0070788387769716,0.0005418248944922,
bc,900105,159,0.2688710674684945,1116832.0,True,catalogue_selected,0.6259057293193928,217.3384971767157,67,5,0.73,0.1801587041085135,0.0001719012051838,20674831.859212328,4395304.386347619,0.212592,0.0509953162506599,0.0046514937230238,
bc,900105,163,0.0812911847597982,5442450.0,True,catalogue_selected,0.9462857994726148,276.148343063909,4,3,0.73,0.0200809521871878,0.008570851254217,174463.63709092836,19211.081085872025,0.1101151,0.0034350731130984,0.0005513928574986,
bc,900105,164,0.1169885217475634,8584479.0,True,catalogue_selected,0.9163194727093384,80.98549230158378,46,30,0.73,0.0320297290850218,0.0082209047061732,856272.4117714238,99019.00988463045,0.1156396,0.0060893326092291,0.0006139740557573,
bc,900105,166,0.2104110049945929,1569477.0,True,catalogue_selected,0.7404201633707586,24.338653748314044,3538,111,0.73,0.0847511317424696,7.610858234069205e-05,8364193.129252377,2240116.3906349586,0.2678222,0.0225516297239777,0.0023699733794914,
bc,900105,167,0.1060903100259009,3000905.0,True,catalogue_selected,0.850704190783465,218.3432081256031,47,33,0.73,0.0233104138820114,0.0020257897907774,458303.0364916134,70675.31304676611,0.1542109,0.0042575795747281,0.000200155278699,
bc,900105,170,0.1707994758134621,18587905.0,True,catalogue_selected,0.8319844478713537,42.979379111757744,883,297,0.73,0.0929166296297969,0.0046113799487239,6666170.468282126,1010325.6071576276,0.1515601,0.0220806449089534,0.0013525185976341,
bc,900105,171,0.1157113434709353,3328942.0,True,catalogue_selected,0.8644762068254379,82.88801510766642,250,169,0.73,0.0338323258530899,0.0068385068798784,1036303.2449896308,124184.54652949888,0.1198342,0.0065712392162472,0.0005548826013364,
bc,900105,172,0.1295451874133482,16654620.0,True,catalogue_selected,0.8476130968671504,54.34334964951975,3712,2300,0.73,0.0560400288503077,0.0102534703934085,1460181.4055162526,201291.1587198994,0.1378535,0.0106139552630051,0.0008479111615223,
bc,900105,173,0.0874620552688175,7881591.0,True,catalogue_selected,0.8537454860608018,63.52557887928698,785,497,0.73,0.0326993143002894,0.0058159329171813,396470.6246520732,53931.53312393544,0.1360291,0.0057122424262586,0.0004173393292404,
bc,900105,175,0.2387102032907653,11013348.0,True,catalogue_selected,0.6746916013276636,37.735690647216686,874,160,0.73,0.0613286068332014,0.0003747884979745,15025985.895057516,2925559.7652275097,0.1947,0.0257937501260014,0.0031122162826775,
bc,900105,178,0.1597872149752701,7355991.0,True,catalogue_selected,0.8981327263226806,386.9752492241015,18,8,0.73,0.1463427347988702,0.0164047257387922,2072562.3273726583,315224.5161772504,0.1520941,0.0258794620150615,0.0013493830996687,
bc,900105,181,0.0731359774727197,4781602.0,True,catalogue_selected,0.8348645025400228,101.79947512510566,24,21,0.73,0.0117768769992646,0.0026408479948925,144395.73232206906,15126.6031978221,0.104758,0.0020589961562361,0.0001796166365525,
bc,900105,182,0.1478386015858367,17046789.0,True,catalogue_selected,0.7342685426213672,406.7105275653722,5,2,0.73,0.1324162777668477,0.0048897730414499,2186881.330297381,325612.5906255411,0.1488936,0.0237456422963201,0.0006468062442969,
bc,900105,183,0.2871233393169702,12756044.0,True,catalogue_selected,0.5992915753145795,41.078827531600616,230,11,0.73,0.0821992038371661,3.742910812158178e-05,27416817.807781745,6427515.675369524,0.234437,0.0422554747603234,0.0067888986711892,
bc,900105,184,0.2135731725413699,2219862.0,True,catalogue_selected,0.6938422507926383,182.02522096909468,31,12,0.73,0.0478457323048806,0.0011047903272726,6418565.329766936,926514.9798345,0.1443492,0.0145227744341981,0.0010467337319799,
bc,900105,186,0.1588617559982115,13345312.0,True,catalogue_selected,0.7228823285716938,25.273937539836474,3848,1461,0.73,0.077351669032329,0.0080349420628096,5775216.216199902,746005.4351096953,0.1291736,0.0186201399223687,0.001285579900676,
bc,900105,191,0.2584072282403324,10341605.0,True,catalogue_selected,0.6630527896483572,37.272714686355016,1825,615,0.73,0.0959332908263405,0.0027988339185331,15015140.155085957,1688153.9001054922,0.1124301,0.0313843783748781,0.0019558950111972,
bc,900105,192,0.2552777640431775,17831564.0,True,catalogue_selected,0.5494650209151832,40.147921652622415,3239,408,0.73,0.127609429255746,0.0001573734930717,19237835.36911982,4672766.219555137,0.2428946,0.0409709519531163,0.0049435553136837,
bc,900105,194,0.0955555146365034,13338288.0,True,catalogue_selected,0.914263984582758,76.8587807997609,107,63,0.73,0.0427229350647362,0.0096864409565604,478783.4744017877,56448.32639604435,0.1178995,0.007421856549154,0.0006598398761311,
bc,900105,198,0.3283262960410411,3466363.0,True,catalogue_selected,0.5450336190811141,26.694816712442627,2344,130,0.73,0.0441860573768722,1.4553092072333213e-06,24839202.15744823,7733346.144293043,0.3113363,0.0333799957083626,0.0081654482402393,
bc,900106,0,0.1887617405589736,16396269.0,True,catalogue_selected,0.8520245242927689,60.94288359594032,1633,774,0.73,0.0322716674123358,0.0035580740401567,3271158.200172369,371658.8463272487,0.1136169,0.0086782893007823,0.0006129036253735,
bc,900106,1,0.1234223521068487,16112583.0,True,catalogue_selected,0.8120068159432462,187.883818495227,225,158,0.73,0.0098545282488175,0.0041171651885504,134032.52554466444,15387.833825422613,0.1148067,0.0017368490082127,0.0002713751734104,
bc,900106,3,0.0975500297660394,13802127.0,True,catalogue_selected,0.7663476783650278,32.69992106317173,22,13,0.73,0.0022795029108758,0.0004215427179137,72547.88572786827,14138.998677587248,0.1948919,0.0004456246214233,4.105052349522956e-05,
bc,900106,4,0.1114884587862249,19396827.0,True,catalogue_selected,0.8805322710869223,133.21207702628178,27,19,0.73,0.0381317289951246,0.0146034073054185,624339.316521809,76858.22961077785,0.1231033,0.006832282910549,0.0009860788208115,
bc,900106,6,0.1840183102997847,6001800.0,True,catalogue_selected,0.718632377006574,39.1448435988528,422,118,0.73,0.0538686249305855,0.0012027231320561,5328841.469248917,880786.9795115598,0.1652868,0.0143472082484014,0.0010045197912798,
bc,900106,7,0.1426024282325901,7859866.0,True,catalogue_selected,0.8465503897645992,107.79314909054284,64,32,0.73,0.0643422382192027,0.008617637600161,2460957.280608489,351740.1693699216,0.1429282,0.0130146652980101,0.0009053973922773,
bc,900106,8,0.0701140343730273,17018437.0,True,catalogue_selected,0.9406061226633796,132.5305200235132,935,793,0.73,0.0268218540518303,0.0134142802176564,119551.69900032642,11117.07463991669,0.09298968,0.0044683640963369,0.0008429786843938,
bc,900106,10,0.0849282551754092,7892652.0,True,catalogue_selected,0.8110167739129036,203.25443419761925,17,12,0.73,0.0146864199011512,0.0045257410154953,197392.48267524684,22117.786569332904,0.1120498,0.0025859733026783,0.0003037992383349,
bc,900106,11,0.1715175036638091,4115613.0,True,catalogue_selected,0.793148102276636,151.9419447096078,316,102,0.73,0.0595172684054353,0.001771432614543,4492283.052387844,742365.2414843962,0.1652534,0.0143783638065745,0.0008936064582546,
bc,900106,12,0.0811415940891652,5788838.0,True,catalogue_selected,0.898422541768152,994.9974612426676,26,23,0.73,0.0181982755668011,0.003370654663926,111972.6398276954,12613.644138783831,0.1126493,0.0030643085709794,0.0002221871086636,
bc,900106,14,0.2799358366119055,10492605.0,True,catalogue_selected,0.6508786376177346,589.8166147157915,15,1,0.73,0.0658590764300301,5.458758831868178e-18,25289751.0781783,5665575.460704974,0.2240265,0.0373643135730914,0.0059820744326723,
bc,900106,15,0.1967412497554028,11497117.0,True,catalogue_selected,0.7910518041299193,339.7987207144713,4,2,0.73,0.0782737534017693,0.0020914876723161,6844081.374258549,753000.2768709443,0.1100221,0.0198979899563313,0.0009246684050347,
bc,900106,16,0.2452087797123462,9139829.0,True,catalogue_selected,0.5948678114614526,27.551947356283744,2453,483,0.73,0.1007023678200533,0.0006138823627519,13799554.36098346,2743671.519583922,0.1988232,0.0308729415765666,0.0029349830114315,
bc,900106,17,0.1843059419363023,5280486.0,True,catalogue_selected,0.7412405647676372,24.70612119931477,5476,2450,0.73,0.0556548712159157,0.0052289809298729,3213326.967926598,397755.3311931007,0.123783,0.0124026853392609,0.0007439987734156,
bc,900106,18,0.2823141160915258,17626804.0,True,catalogue_selected,0.5016567754887434,23.79541650353535,5400,579,0.73,0.0530963278248465,1.3921981781118606e-05,35168649.85722497,9005980.048399884,0.2560798,0.0457289477221309,0.0095099484706045,
bc,900106,19,0.1416819903341025,9004017.0,True,catalogue_selected,0.8131599799731689,257.6790023132774,79,56,0.73,0.0415986625656399,0.006395671912998,1266828.786869277,124221.7945214598,0.09805729,0.0080719187224862,0.0005274808461012,
bc,900106,20,0.2099393924196089,5307496.0,True,catalogue_selected,0.7867039672700552,410.73417578029085,1,0,0.73,0.0180624147424164,0.0,6120474.810545417,1492112.3862040315,0.2437903,0.0093864725812874,0.0015754670320946,
bc,900106,23,0.1579742953165585,1387577.0,True,catalogue_selected,0.8543507386347048,64.0156676510371,1063,572,0.73,0.0793998990055468,0.0094749866261542,4033786.623228708,468138.82751869154,0.1160544,0.0171130116112216,0.0010814256997332,
bc,900106,24,0.1386021053487735,17669360.0,True,catalogue_selected,0.8924071091206752,39.48156178990438,202,96,0.73,0.0750902560247586,0.0052950919761209,2716237.7913392666,512746.23356760544,0.1887707,0.0150241807847313,0.0008695101647366,
bc,900106,25,0.2562494586202387,9898141.0,True,catalogue_selected,0.6504126130516366,35.269326960325714,3501,1328,0.73,0.1031698868611852,0.0027426676202918,13236320.486619854,2049660.538278445,0.1548512,0.0306777049704758,0.0023341162335761,
bc,900106,26,0.2330792597195541,7960448.0,True,catalogue_selected,0.6942625399146949,37.77444793837719,4209,1648,0.73,0.0859268659654788,0.0036155943259977,10338261.014682228,1326708.9507798771,0.12833,0.0248263131373537,0.0016248705381378,
bc,900106,27,0.3557326254824153,7194276.0,True,catalogue_selected,0.4755939636522125,25.5357118566142,453,14,0.73,0.0125329599760157,6.88149992283803e-08,45516233.83652996,16426984.974096406,0.3609039,0.0500878654076907,0.0173446583953234,
bc,900106,29,0.0773299285893353,8630827.0,True,catalogue_selected,0.910006005338952,234.99458292096327,6,5,0.73,0.0142177460472515,0.0083451027570315,89502.66874221341,9782.279863143987,0.109296,0.0023961837549188,0.0005274484090209,
bc,900106,30,0.2769032560276504,12573426.0,True,catalogue_selected,0.6192310343063184,85.2387807427901,3726,332,0.73,0.0431753967475629,3.0286951470680968e-05,23509864.859763183,5566734.614348399,0.2367829,0.0318127832195966,0.0058795887757088,
bc,900106,31,0.1330039826115374,5919892.0,True,catalogue_selected,0.8634230915919262,130.8260513017163,185,106,0.73,0.0187882553416705,0.0025474654479606,366668.9858466237,50647.29962639589,0.1381281,0.0034287437417226,0.0002113350225673,
bc,900106,32,0.0932790849191214,2419781.0,True,catalogue_selected,0.9097652857782592,55.98678159100008,285,167,0.73,0.1266446752199804,0.0128480362419242,470372.9343535955,60619.31653310149,0.128875,0.020998891046799,0.0008601579451523,
bc,900106,33,0.1180470324318801,2211223.0,True,catalogue_selected,0.9206747453435346,88.62281577882493,176,119,0.73,0.0302331401469849,0.0042639700240935,931754.0662584072,130492.75284919108,0.1400506,0.0058781849111879,0.0004020072899716,
bc,900106,36,0.187496067572491,18345120.0,True,catalogue_selected,0.8549601524813133,667.3384720182261,1,0,0.73,0.0425102442865812,0.0,6662282.708259345,1106054.1858504014,0.1660173,0.0139163557336173,0.0011678422628409,
bc,900106,37,0.180255069288216,14463605.0,True,catalogue_selected,0.806398608707247,275.550638566041,22,5,0.73,0.0617257624978885,0.0019239668686022,3275326.0790447355,527597.6823324115,0.1610825,0.0134509518230997,0.0006762932937619,
bc,900106,38,0.2739589046582988,19701450.0,True,catalogue_selected,0.6422080980665975,33.84868292877799,3243,935,0.73,0.0641892759613639,0.0009804238195278,22622711.86850244,2765460.382703209,0.1222427,0.0342779636694921,0.0029807024932921,
bc,900106,39,0.2201403410875942,5399757.0,True,catalogue_selected,0.8139842369107154,217.3384971767157,29,5,0.73,0.115092239340252,0.0005751258330496,6531063.076546224,1191909.316172744,0.1824985,0.0255279529894298,0.0012941322938246,
bc,900106,40,0.2568969861024834,10521044.0,True,catalogue_selected,0.6836049422045146,317.03055070300803,6,0,0.73,0.0699637167889318,0.0,17447678.482709233,3600888.267513111,0.2063821,0.0297486468580196,0.0038020465510346,
bc,900106,41,0.1228630362289925,5788127.0,True,catalogue_selected,0.9033313833366048,221.1338187340414,11,7,0.73,0.0097110002468307,0.0015302595777793,710955.4328312373,99794.1107068806,0.1403662,0.0023227654103678,0.0002001943128373,
bc,900106,42,0.3108251737180441,9830515.0,True,catalogue_selected,0.6252718251929187,321.40781546179966,10,0,0.73,0.0971765710120805,0.0,31205006.070142142,7621929.1478741085,0.2442534,0.0486799391695887,0.0080477169176146,
bc,900106,45,0.1945938327015129,10650730.0,True,catalogue_selected,0.6473284627974885,35.095017661906326,492,219,0.73,0.0645579313498937,0.0047875703630898,7453437.675371071,1009478.3953866182,0.135438,0.018320961316493,0.001362542021046,
bc,900106,46,0.1696072558817863,9388859.0,True,catalogue_selected,0.7943173491713511,72.29843219803796,296,169,0.73,0.0689662421025183,0.0088349078944945,3569778.196403693,422221.75433919206,0.1182767,0.014933999161491,0.000993279880285,
bc,900106,47,0.3892200500560175,9750324.0,True,catalogue_selected,0.5218792245198612,159.7207545131756,26,0,0.73,0.0098513004082523,0.0,49862374.91945819,14396755.204956658,0.2887298,0.0542426689624072,0.0152010085863895,
bc,900106,48,0.1171063652207222,17037034.0,True,catalogue_selected,0.8933678312309604,43.81331323414299,305,161,0.73,0.0551273854086234,0.0114486867560834,1222881.2140411094,163391.0299888985,0.1336115,0.0102156527114422,0.0008819575807386,
bc,900106,49,0.1671463288833843,10522923.0,True,catalogue_selected,0.8367300573279333,182.02522096909468,35,22,0.73,0.0394901163519074,0.0043311396961167,4855001.166811791,616128.7128198623,0.126906,0.0115191908980283,0.0009189348751191,
bc,900106,51,0.240973502051662,3140094.0,True,catalogue_selected,0.6639916638337466,26.313859797768018,1280,241,0.73,0.0860502722966671,0.0002281601552844,17826802.23268623,3950287.6772246696,0.2215926,0.0327531685988771,0.0041851030047565,
bc,900106,53,0.1330803222469749,10281228.0,True,catalogue_selected,0.7636981164538891,49.17414279556028,1808,1496,0.73,0.0485151386483504,0.0180613036143787,1672050.0480067828,136983.97739233784,0.08192576,0.0096194709065402,0.0012638383154911,
bc,900106,54,0.248656767259657,6082640.0,True,catalogue_selected,0.7102891597576431,63.67264990229036,73,3,0.73,0.0346199653058788,0.0001155604642233,8821597.99806986,1836243.345664256,0.2081531,0.0149189572189765,0.0019459832742389,
bc,900106,55,0.1291836422037446,7717349.0,True,catalogue_selected,0.8065285661774726,82.33201815717514,43,22,0.73,0.0790037458655988,0.0032182846985657,1703417.776047001,266753.7611886462,0.1565991,0.0145883277612113,0.0004810825010696,
bc,900106,56,0.2464115438786838,14191968.0,True,catalogue_selected,0.7497042737243773,1068.0998922314843,1,0,0.73,0.2972729000651302,0.0,13488884.344426485,3426408.394430509,0.2540172,0.0623673085172297,0.0036178196185681,
bc,900106,60,0.0957313129421109,10284603.0,True,catalogue_selected,0.8897306443537548,147.9905701953819,207,146,0.73,0.010723417097255,0.0022233726784929,159857.84961668274,21524.444267205377,0.1346474,0.0019047796229586,0.0001605022569272,
bc,900106,62,0.2397382440447113,10009732.0,True,catalogue_selected,0.752461162714695,307.13263456812825,6,0,0.73,0.1138214062062875,0.0,6656391.520343388,1305421.562796749,0.1961155,0.025454550204474,0.0013783470026703,
bc,900106,63,0.1782665838663263,16958572.0,True,catalogue_selected,0.8103878888464388,45.98519915167473,201,101,0.73,0.031000182597995,0.0016253225983063,9682102.101650942,1657371.8184141226,0.1711789,0.0152415330613138,0.0018506745446348,
bc,900106,64,0.1974911340002502,15720236.0,True,catalogue_selected,0.8001521950849296,385.538769323715,38,17,0.73,0.0066287167946313,0.002806572103099,779398.6153858595,87376.30109388473,0.1121073,0.0018960476524353,0.0002661718561682,
bc,900106,66,0.1750070908113042,17809580.0,True,catalogue_selected,0.7670629261058874,262.3441467922373,18,8,0.73,0.076723209345201,0.0033887039197939,5844619.410270475,924771.9973494372,0.1582262,0.0185916801994705,0.0011864202910615,
bc,900106,67,0.1661956018947256,17433287.0,True,catalogue_selected,0.7544692516116601,37.735690647216686,907,357,0.73,0.0410191151762811,0.0022810186198174,3653527.6292682886,599692.19166652,0.1641406,0.0104981252426513,0.0007745406250912,
bc,900106,69,0.1855024733803402,18459454.0,True,catalogue_selected,0.807092874214701,76.99914723574052,110,50,0.73,0.0609770446127635,0.0059335518096118,5697398.656246494,824124.0129110661,0.1446492,0.0158871215217936,0.0012378459410571,
bc,900106,70,0.2209131711916241,2100817.0,True,catalogue_selected,0.677268426908254,1424.7236072062765,2,0,0.73,0.9481839214515884,0.0,8042819.848778803,1226067.219817492,0.1524425,0.1619916307122142,0.0012945596469904,
bc,900106,71,0.2862156975819026,4351947.0,True,catalogue_selected,0.5679126401269369,61.88914068165919,2952,355,0.73,0.0348494178143746,0.000120971127494,10820981.482670425,1971376.5939633849,0.1821809,0.0170671788835734,0.0020890008227844,
bc,900106,72,0.1400041946776539,12157134.0,True,catalogue_selected,0.8269154186699238,44.83162212045494,446,155,0.73,0.0554786922005055,0.0039272260021455,2943189.0203234907,455813.2061952595,0.1548705,0.0120889352836939,0.0007246343247424,
bc,900106,74,0.1237220348521077,1024877.0,True,catalogue_selected,0.9077860899320842,50.96216223853821,844,628,0.73,0.0949634330142347,0.0362733527749448,1815984.112896919,201929.43001008785,0.1111956,0.0172908628011785,0.0024609550061515,
bc,900106,76,0.088464665485761,4234494.0,True,catalogue_selected,0.8872731972532311,112.76986331146492,181,149,0.73,0.0248825629178936,0.0070128391234607,241576.57054057484,27178.858143189616,0.1125062,0.0042832579233104,0.0004632606524509,
bc,900106,77,0.156960630687597,5899137.0,True,catalogue_selected,0.7622182034561914,60.650355976800086,703,372,0.73,0.052553168962267,0.0060871430228921,1566506.0936644613,182294.91309069475,0.1163704,0.0101617391723141,0.0005696795726148,
bc,900106,80,0.195029196958557,9103635.0,True,catalogue_selected,0.8897634698553748,37.95111283524109,2085,494,0.73,0.0898419787963563,0.0020033403507947,8171171.017231908,1395241.9208173293,0.1707518,0.0231719712931813,0.0015973257150112,
bc,900106,82,0.1262054999063992,4185188.0,True,catalogue_selected,0.8788748270505612,296.2851668655232,1,1,0.73,0.0147488004953394,0.0048650126069044,506130.727064913,59485.58632180154,0.1175301,0.0029220574151225,0.0003642781236084,
bc,900106,83,0.1652772252465799,9824222.0,True,catalogue_selected,0.8759632645040881,175.63948635743802,333,130,0.73,0.0600860369244711,0.0036954261338335,4285132.760729918,661986.1884735213,0.1544844,0.0142517181162565,0.0009279609493448,
bc,900106,84,0.1851185889950781,15588445.0,True,catalogue_selected,0.7956903739204182,270.0169486273753,152,82,0.73,0.13102455316797,0.0092894429228311,5241150.054081296,698411.0117266419,0.1332553,0.0267452298306914,0.001313064140872,
bc,900106,85,0.2146542773366843,2700645.0,True,catalogue_selected,0.6525409825772595,41.10436757900438,3109,755,0.73,0.0717445320086821,0.002560445635289,8472465.957065094,1253817.2968888076,0.1479873,0.0205603398424262,0.0014825226688233,
bc,900106,87,0.0436434735603245,10279995.0,True,catalogue_selected,0.935862989143906,257.3198853700213,1,1,0.73,0.0021727675727234,0.0010058974353257,4418.549119025835,564.2599616635069,0.1277025,0.0003564101799349,6.292806805636612e-05,
bc,900106,89,0.0231559451811693,7161076.0,True,catalogue_selected,0.962833019560883,132.27776087512888,68,46,0.73,0.0009970598116411,0.0005798865470177,246.30991738515945,30.914148757228425,0.1255092,0.0001616719958884,3.596637864321262e-05,
bc,900106,93,0.1827355627967118,2016127.0,True,catalogue_selected,0.7839823728506697,36.61251046020066,413,110,0.73,0.0571474410420533,0.0027593538453848,5711312.519091869,866062.3666746484,0.1516398,0.0152818461545906,0.0010854320978621,
bc,900106,94,0.1603587287187082,2116979.0,True,catalogue_selected,0.7473018213422888,32.68206130932714,164,68,0.73,0.0567610523352045,0.0015315542606148,3397085.388982446,693060.416576534,0.2040162,0.0127757864983804,0.0008266827885706,
bc,900106,95,0.1561473872634968,18052683.0,True,catalogue_selected,0.8656228822606872,42.979379111757744,671,315,0.73,0.0654734794245857,0.0085175558279781,2725340.0267931703,383748.6230922101,0.1408076,0.0134769516655202,0.0009329921995284,
bc,900106,96,0.2009916044751022,14912068.0,True,catalogue_selected,0.720986548214206,175.34537635840928,20,7,0.73,0.1615091752964333,0.004400250620775,8251354.063358097,1218670.01520662,0.1476933,0.034858686100628,0.0015594188395783,
bc,900106,97,0.1279053962749187,17869833.0,True,catalogue_selected,0.9180592230626002,27.4852817673362,10446,8658,0.73,0.0486806108639492,0.0226533943922544,936528.9916488748,74663.83987548487,0.079724,0.0088696490077078,0.001482594115502,
bc,900106,100,0.1674165129830997,9681773.0,True,catalogue_selected,0.8310098531679789,419.1725101352295,1,0,0.73,0.1056135207737409,0.0,3900251.697513179,609678.1164487734,0.1563176,0.0212156853223672,0.0006437368803687,
bc,900106,103,0.1685411696831441,15845321.0,True,catalogue_selected,0.882203204209719,38.93408877311971,824,370,0.73,0.0521750700023231,0.0044307284304619,3185520.667790212,447132.7303312872,0.1403641,0.0118099879455534,0.0007466693819405,
bc,900106,106,0.3272469430611283,15059243.0,True,catalogue_selected,0.6319089704118757,26.71672707106141,1266,131,0.73,0.006895101489536,1.7283005575822206e-06,5606346.441115713,1380230.5178523615,0.2461907,0.0070357702216167,0.0014574421463964,
bc,900106,107,0.1294486435403312,16292792.0,True,catalogue_selected,0.8336388846776779,57.20262169377478,321,167,0.73,0.0148618559237543,0.0031080172217738,384369.5156342217,51401.22461489902,0.1337287,0.0028117965008683,0.0002468666871596,
bc,900106,108,0.0520905869361423,826500.0,True,catalogue_selected,0.9672949996798248,406.7105275653722,1,1,0.73,0.0023311870040627,0.0006185708949206,17425.875753821172,2248.8916688588256,0.1290547,0.0003957903317794,4.070540702854239e-05,
bc,900106,112,0.1704430690356758,10156929.0,True,catalogue_selected,0.8564761809795339,98.8664172379715,229,108,0.73,0.0607006770826057,0.0051163697954326,4119568.760506576,640336.6483579278,0.1554378,0.0141764079375305,0.0009931533798792,
bc,900106,113,0.3491503292937234,14911000.0,True,catalogue_selected,0.4784515665587492,60.904080680169,945,7,0.73,0.0126293291161405,3.035821343136452e-08,37853921.07575477,10151174.70897434,0.2681671,0.0420131099049336,0.0107182569127205,
bc,900106,114,0.1202057998249151,5863322.0,True,catalogue_selected,0.9080389017424332,136.12304068130743,1589,939,0.73,0.053425203538419,0.0028539940635055,891973.0215585224,171569.44986585897,0.1923483,0.0095906961628756,0.000358006919437,
bc,900106,115,0.3214401414237178,17149081.0,True,catalogue_selected,0.5592687359090858,29.73352259570872,619,68,0.73,0.0660779557065663,2.5868607407049524e-05,33911658.14398274,8951847.751864696,0.2639755,0.0465033046002158,0.0094535324482449,
bc,900106,120,0.3103314316065088,1136571.0,True,catalogue_selected,0.5318560947606132,72.08434982451821,337,77,0.73,0.0378969544524178,0.0001607771405945,32737367.20372946,5064035.209212501,0.1546867,0.0407012503228002,0.005356892878544,
bc,900106,121,0.2130675576926354,2589204.0,True,catalogue_selected,0.6484353379643925,36.27156880446833,670,173,0.73,0.075968254521919,0.0016634044088642,7276667.545116341,1195455.7447580865,0.1642862,0.0199815095235193,0.0013653140239759,
bc,900106,122,0.1893377112568038,19998581.0,True,catalogue_selected,0.6469988218797113,40.724150027141306,1964,601,0.73,0.06386923578078,0.0018553839983346,4054658.9474002416,663568.0242516971,0.1636557,0.0146208233703679,0.0008156095533853,
bc,900106,123,0.2142798087002195,4051366.0,True,catalogue_selected,0.6674561591322793,28.59640259082292,8815,1437,0.73,0.0611760359503776,0.0003013503540926,5368283.833253078,1125504.422409426,0.2096581,0.0155718354784304,0.0012070527875345,
bc,900106,126,0.1348233530563155,15000368.0,True,catalogue_selected,0.872080657883259,86.73922090776315,514,337,0.73,0.0748709132342138,0.0170262464801605,1663223.4032636818,164278.94256553045,0.09877142,0.0138768323640035,0.0012285188524429,
bc,900106,129,0.1030420763773781,605608.0,True,catalogue_selected,0.9080761569237686,43.11057276556424,316,129,0.73,0.0435197150578103,0.0095456800482451,485379.7347561372,68286.93295679908,0.1406876,0.0075578103453679,0.0006636173200525,
bc,900106,130,0.1589180462945058,5404994.0,True,catalogue_selected,0.8175225365144898,218.3432081256031,67,30,0.73,0.0484451075117402,0.0019603930424836,2869329.2733185277,488626.183867024,0.1702928,0.0108722971662571,0.0006374019252524,
bc,900106,131,0.2221942185035355,8527908.0,True,catalogue_selected,0.6864490223296402,41.84865195961499,687,194,0.73,0.1069260100318118,0.0035757201973666,9503926.34200903,1586809.8657350922,0.1669636,0.027344877080698,0.0018970307312255,
bc,900106,132,0.1659773853079364,14154812.0,True,catalogue_selected,0.7498963382746879,43.64152405130391,243,130,0.73,0.0740936819609377,0.0065958666625649,5282877.269820231,804173.6729474725,0.1522227,0.0175728684822258,0.0012578226641929,
bc,900106,135,0.0646977692109201,12785288.0,True,catalogue_selected,0.9546347345551152,309.9688163411626,483,272,0.73,0.0380947319457261,0.0109278694311941,85453.3988725947,7256.626529216831,0.08491911,0.0062573035552935,0.0006848275559328,
bc,900106,137,0.1131633469080779,4823013.0,True,catalogue_selected,0.9353455036201006,242.8632944675712,1,1,0.73,0.0809351406360928,0.0084350894290737,504988.1103290173,96504.4810520348,0.1911025,0.0136356190566181,0.0006245914071925,
bc,900106,138,0.204188579099126,13259996.0,True,catalogue_selected,0.6995497812190672,167.2950711855289,60,8,0.73,0.1330855140638646,0.001702456469648,9139016.218908455,1414298.1296285584,0.1547539,0.0311944891551044,0.0015988016470145,
bc,900106,139,0.3063968474353262,2774967.0,True,catalogue_selected,0.4717059020118591,41.20168431488087,2913,184,0.73,0.0160449843813272,3.975534967190566e-06,16945851.683905665,3560669.235307627,0.2101204,0.0204899955023466,0.003759827093577,
bc,900106,144,0.2442754910519093,1888626.0,True,catalogue_selected,0.658674468944971,299.25833132273544,11,1,0.73,0.1618356308580177,9.416853163718721e-08,16213605.493690832,3198464.6931877467,0.1972704,0.043318586108017,0.003377148015786,
bc,900106,146,0.1898507583442234,1421948.0,True,catalogue_selected,0.7546167541112709,29.136612384683108,1263,243,0.73,0.0836589458267483,0.0025060345080195,6834837.764961051,1091008.2852700818,0.1596246,0.0207600274979105,0.0013072468875121,
bc,900106,149,0.2382526199262103,19299408.0,True,catalogue_selected,0.7337651000321376,25.570784732018428,2789,788,0.73,0.0718585311090738,0.0012105243879215,13378096.74830463,2415115.5109109213,0.1805276,0.0257584714993322,0.0026250447301039,
bc,900106,152,0.181418916066633,2825330.0,True,catalogue_selected,0.7524458946810411,36.03391003064969,1035,235,0.73,0.0856292928200989,0.0030700525699789,6768557.741076166,1056348.834363434,0.156067,0.0210090201899319,0.0013056016554041,
bc,900106,154,0.2238234980855137,3279785.0,True,catalogue_selected,0.748867352110622,32.42133517253814,464,164,0.73,0.0674976889761426,0.0018294714731555,10730144.94062635,1881149.8998218656,0.1753145,0.0222566281839965,0.0020996041176239,
bc,900106,156,0.2774593579745355,18479078.0,True,catalogue_selected,0.6217865115871529,40.54155643177327,550,73,0.73,0.0619581914904659,7.873117364986245e-05,19641033.25147242,4150249.669609684,0.2113051,0.0307685324021559,0.004386975935372,
bc,900106,157,0.1468569933774193,18225053.0,True,catalogue_selected,0.7631962684453182,41.01798535431967,959,330,0.73,0.0713705767056262,0.0029478357452198,5636226.035845484,986980.7908491774,0.1751138,0.0175051187423112,0.0012247850784398,
bc,900106,159,0.1828929977854201,20524967.0,True,catalogue_selected,0.8529888874424969,81.0042129356557,147,69,0.73,0.0742693954378319,0.0077512785639788,6698415.699867525,752518.97107934,0.1123428,0.0190959297546864,0.0012748795747131,
bc,900106,162,0.135607224918854,2573283.0,True,catalogue_selected,0.9303690188649898,235.85577567934249,4,1,0.73,0.0145639739726594,0.0013510490535275,1919107.1013133968,276944.8556411001,0.1443092,0.004384046440353,0.0003761362113693,
bc,900106,163,0.04241230590072,16949324.0,True,catalogue_selected,0.9425412593420568,336.9278731502751,9,8,0.73,0.0028293639267696,0.0023899787518504,8707.325355626588,920.182761778018,0.1056792,0.0004672335519103,0.0001490710209815,
bc,900106,164,0.1599804422456955,20300606.0,True,catalogue_selected,0.8508954975694124,52.753665792750354,110,34,0.73,0.0439513931675603,0.0021453588129277,3273894.197298146,454429.5507771704,0.138804,0.0105719844991973,0.0006127566924712,
bc,900106,165,0.2442291717695845,13518855.0,True,catalogue_selected,0.5220648252881186,26.00916506713656,1763,418,0.73,0.0263127003303389,0.0004806844833646,4698364.82414546,706423.3220754882,0.1503551,0.0092205399966671,0.0007756731124552,
bc,900106,167,0.2022956459362114,12325870.0,True,catalogue_selected,0.718158607290373,111.25612981195296,1047,433,0.73,0.0829987380106091,0.005327677344297,8616249.167615619,1070654.0471117916,0.1242599,0.0225340751453714,0.0014606038833284,
bc,900106,168,0.174961794748761,14587482.0,True,catalogue_selected,0.8225273300614045,76.8587807997609,263,80,0.73,0.0864179663229986,0.0059432126961278,4072220.003110287,557986.7285884914,0.1370227,0.0182897322453006,0.0009574399466047,
bc,900106,170,0.0763102733305311,16132503.0,True,catalogue_selected,0.9284744724839138,57.38360026281263,36,28,0.73,0.0064108368960171,0.0013931027059214,24325.22181910276,3363.234645304025,0.1382612,0.0010635210825887,8.987729079056744e-05,
bc,900106,171,0.1193398463798918,7918606.0,True,catalogue_selected,0.8266286080517468,37.805938309878265,64,34,0.73,0.0219596035332242,0.0017495802488805,763827.00790121,135229.0825235605,0.1770415,0.0043614913294045,0.0002511994159886,
bc,900106,172,0.257960534365036,6944530.0,True,catalogue_selected,0.6401066040367528,40.06061164225432,523,115,0.73,0.0360441375831072,0.0003101434489035,6053894.804488406,1038706.2725002082,0.1715765,0.0122271966599623,0.0011159506679974,
bc,900106,173,0.245031609135843,19640464.0,True,catalogue_selected,0.6695300346486353,56.381399409447326,91,16,0.73,0.057921862925746,0.0004506256818718,14913287.351936638,2472347.3080758317,0.1657815,0.025123245204431,0.0026383851743737,
bc,900106,174,0.1379274123333356,5421787.0,True,catalogue_selected,0.8452173104499278,50.66162544224554,288,140,0.73,0.0113767016397015,0.0020573126952262,383701.9898217703,47942.21466965585,0.1249465,0.0022468873514962,0.0001781056043019,
bc,900106,175,0.2076704476330302,18521568.0,True,catalogue_selected,0.7431750087060727,21.27149176432157,21946,5564,0.73,0.0981305746980601,0.0012372687864286,8207299.967367512,1757526.0770414944,0.2141418,0.0245519419774716,0.0019323773035045,
bc,900106,176,0.1130363115591994,9249129.0,True,catalogue_selected,0.9188474416848038,62.94310551927204,137,88,0.73,0.0201572458475222,0.0037326799712027,593788.3348514701,68722.23557115282,0.1157352,0.0038901737843098,0.0003038636880504,
bc,900106,180,0.0224047661374929,34573.0,True,catalogue_selected,0.9782192095068912,181.85607616538803,1,1,0.73,0.0018938404793441,0.0009151213611148,162.05173353837446,16.725599989774018,0.1032115,0.0003067609762337,5.672483993218822e-05,
bc,900106,181,0.208926215193541,13656543.0,True,catalogue_selected,0.6902451151454522,30.98684430242267,829,97,0.73,0.0912119230837992,0.0007367310637115,8729773.3901586,1645624.6966852746,0.1885071,0.0239835565729909,0.001783207976933,
bc,900106,183,0.0878329849490301,1401267.0,True,catalogue_selected,0.9459036798427654,56.71655723574097,1046,645,0.73,0.0346582633747646,0.0069705478445623,477764.7843540337,58309.07017328961,0.1220456,0.0061152081295712,0.0004935092506551,
bc,900106,184,0.274564288905356,17773008.0,True,catalogue_selected,0.6961793395721225,40.42774537739192,272,39,0.73,0.0542440633214882,0.0001085371366891,19983194.212535404,5215981.844422989,0.2610184,0.0298809836129992,0.0055140906391962,
bc,900106,186,0.1984366109949333,14504537.0,True,catalogue_selected,0.5952906627694898,43.76596561426361,5331,2568,0.73,0.0598732926305946,0.0033081220727316,6127812.979239432,841710.4435481606,0.137359,0.0161628962042735,0.0010937252242109,
bc,900106,188,0.3184117055844263,11291682.0,True,catalogue_selected,0.6694705423407414,31.56623742787377,1376,165,0.73,0.0447236345069112,4.998413922214072e-05,31016243.215698466,6120665.924473325,0.1973374,0.0399891352422912,0.0064656852095858,
bc,900106,191,0.0782748349310421,17377593.0,True,catalogue_selected,0.95076783749586,86.5913918708544,267,214,0.73,0.0393185259708581,0.016359207672734,176523.33118368682,18926.9147284676,0.1072205,0.0065515784278703,0.00103371266131,
bc,900106,193,0.1729710412457729,8687637.0,True,catalogue_selected,0.7405771436977892,37.56292612523079,2763,672,0.73,0.100297290857536,0.0036300458344197,7617860.288232002,1170852.952134956,0.1536984,0.0242803392692015,0.0014612033895643,
bc,900106,194,0.2354152024396687,9464263.0,True,catalogue_selected,0.7452333555302153,22.81894866458904,11787,2740,0.73,0.0491062446886035,0.0004374977545349,10144094.499162104,1909931.980589589,0.1882802,0.0186604864780423,0.0020437378524023,
bc,900106,196,0.1423914901568535,19787982.0,True,catalogue_selected,0.8070072492705911,59.482550338857074,76,32,0.73,0.0335929905974402,0.004879856787377,1845493.54161299,254960.96809671263,0.1381533,0.0073868882452415,0.0005715932947001,
bc,900106,198,0.2285474457378088,6437910.0,True,catalogue_selected,0.7360106613731036,33.35326184303668,6096,1584,0.73,0.0768877185644304,0.0008178835856541,12729154.356830332,2525135.807498197,0.1983742,0.0258874415353642,0.0027168804372097,
bc,900106,199,0.1331683914269449,19831349.0,True,catalogue_selected,0.8767389606380248,78.25123349679926,106,55,0.73,0.0499426445164472,0.0039686491096741,1645510.645528638,225475.1772923305,0.1370244,0.0098225448571595,0.0004839956625319,
bc,900107,0,0.2556291879790998,9620846.0,True,catalogue_selected,0.6426251697520055,270.0169486273753,226,79,0.73,0.1061570863060884,0.0014743794987153,16763684.88513021,2724584.360000125,0.162529,0.0348857118170336,0.0029681518652814,
bc,900107,2,0.1860413794926876,15998454.0,True,catalogue_selected,0.8756541018106874,195.50814959276823,4,1,0.73,0.0520288263948952,0.0002827775601455,2040868.062338208,456605.2533101509,0.2237309,0.0105777159480912,0.0004996356608528,
bc,900107,5,0.2503238440656496,10515726.0,True,catalogue_selected,0.6345299060113709,31.58347992526133,1120,374,0.73,0.1018383600712665,0.0024615813634477,13913973.439564608,2061563.413434396,0.148165,0.031177655915421,0.0023292660177863,
bc,900107,7,0.1699557914645821,4091300.0,True,catalogue_selected,0.7813849093471658,105.57418855638647,187,138,0.73,0.0616847846325616,0.0125678981775397,4579968.871387543,441686.12641840894,0.09643867,0.0148218427296013,0.0012451532163857,
bc,900107,8,0.2096337648116868,10079978.0,True,catalogue_selected,0.5948858790439593,37.27099610751073,3930,1502,0.73,0.069992015372124,0.0035759466357182,8360316.233191576,1097006.3005791046,0.1312159,0.0201582137899505,0.001379879047872,
bc,900107,9,0.1631839228462999,5433425.0,True,catalogue_selected,0.8503553305105274,53.67491329815188,316,123,0.73,0.0253924615004909,0.00094596098037,3931494.4869146096,683097.2539854695,0.17375,0.0082618540469299,0.0007798756829227,
bc,900107,10,0.2766644152363796,3959455.0,True,catalogue_selected,0.6888444106191577,37.67014201296301,864,267,0.73,0.0581781359269328,0.0007707213974727,18979769.52779844,2637594.0328890486,0.1389687,0.0294583828769298,0.002832698482783,
bc,900107,11,0.3078258489254123,8081843.0,True,catalogue_selected,0.5807088536465452,1068.0998922314843,2,0,0.73,1.125253894440242,0.0,27916434.475448817,8547669.814727725,0.3061877,0.2116409427008992,0.0090251727140963,
bc,900107,12,0.1102517611393626,19375373.0,True,catalogue_selected,0.8775000329630482,321.40781546179966,3,2,0.73,0.0396916163209782,0.002936153982843,510425.44951046986,70865.54426501838,0.1388362,0.0069645323088812,0.0002567685301449,
bc,900107,14,0.1458130398373872,11053670.0,True,catalogue_selected,0.8556213953294235,48.41364041814112,315,141,0.73,0.0566014341901702,0.0066713838752319,2348025.95380353,326857.8933051354,0.1392054,0.0116422826659967,0.0007585219094225,
bc,900107,17,0.3452087746745704,14411043.0,True,catalogue_selected,0.5835507965546765,262.3441467922373,7,0,0.73,0.0103027699759099,0.0,40092705.474446416,10745401.831503186,0.2680139,0.0440003188841719,0.0113456777711028,
bc,900107,20,0.0875564034932361,7386014.0,True,catalogue_selected,0.9012191136787668,55.09976599758209,2800,1944,0.73,0.0045964993594781,0.0017117020916647,66013.02126670981,6687.521702444504,0.1013061,0.0008138184024405,0.0001131298817291,
bc,900107,22,0.3028713975693431,15305383.0,True,catalogue_selected,0.5806551338873551,589.8166147157915,9,0,0.73,0.0458249737748878,0.0,17030859.098271877,4096522.431477656,0.2405353,0.025400771888419,0.0043253685826226,
bc,900107,23,0.1639214777355194,11281122.0,True,catalogue_selected,0.8402444282688071,39.48156178990438,240,88,0.73,0.0804248441876795,0.0020638436071786,3788839.2923799446,743346.1169552817,0.1961936,0.0170203068914553,0.0009127619143989,
bc,900107,24,0.1965239065372948,6443028.0,True,catalogue_selected,0.8020386323943155,336.9278731502751,63,24,0.73,0.0639094262072553,0.0046902582924533,5590556.195243605,771205.2091387298,0.1379479,0.0162490275845018,0.0011049279349502,
bc,900107,25,0.2775616209957842,6522347.0,True,catalogue_selected,0.6414412225190369,93.39711387004137,521,53,0.73,0.0476333044990793,4.0214377815386336e-05,11466718.399510844,2572552.6257859627,0.2243495,0.0198185455966708,0.0027187564215006,
bc,900107,27,0.2167036504400961,11003661.0,True,catalogue_selected,0.8248277121652546,1424.7236072062765,0,0,0.73,0.0,0.0,11480295.675571686,1729404.2473966838,0.1506411,0.0121216253700398,0.0018260148512468,1.0
bc,900107,28,0.2514843225360177,7503775.0,True,catalogue_selected,0.6513742579561633,89.4837444172793,86,7,0.73,0.1771826441195448,0.0002134535103089,15943649.270837933,3580706.6270502945,0.2245851,0.04551804503934,0.0037939645329114,
bc,900107,32,0.2322498100544122,11815062.0,True,catalogue_selected,0.6709634831820603,57.20758250655379,128,25,0.73,0.0451542326421313,0.000320971714909,16252110.144640973,2974584.547225269,0.1830276,0.0244699344010172,0.0031606449053803,
bc,900107,34,0.207996107163395,10426407.0,True,catalogue_selected,0.7037978319293156,26.08580396188806,8341,1595,0.73,0.0823066556621114,0.0003724864982842,9034139.101031294,2160820.5577322585,0.2391839,0.0228632701172635,0.0023046134056928,
bc,900107,35,0.1624962785292202,10132825.0,True,catalogue_selected,0.8277626921055896,994.9974612426676,161,101,0.73,0.1426402989242695,0.0288571385410274,4829250.591010599,623929.0334414536,0.1291979,0.0281907689856375,0.0024469696225932,
bc,900107,36,0.1089880828269368,1226052.0,True,catalogue_selected,0.9158568942825897,56.8469088260637,179,118,0.73,0.0332336568635839,0.0070721706548742,798120.3353389975,96073.77898257936,0.1203751,0.0062228333017358,0.0005396808734628,
bc,900107,37,0.2157786698877978,9942435.0,True,catalogue_selected,0.7166864475046018,56.016846939707335,1216,265,0.73,0.0658496167783813,0.0010067821446285,11209355.41432805,2012506.387865601,0.1795381,0.0224958060812534,0.0021873191821871,
bc,900107,38,0.1999642243786744,15352717.0,True,catalogue_selected,0.6712749575357737,24.338653748314044,4171,815,0.73,0.0486747474574198,0.0002216828407232,4454805.559400901,1199568.0507635549,0.2692751,0.0125835196642623,0.0012803171265194,
bc,900107,39,0.3441020031276065,8777059.0,True,catalogue_selected,0.5317666376879907,22.39444236424024,250,17,0.73,0.0160416495166909,1.2890572670087689e-06,32258221.91620993,9969316.11419035,0.3090473,0.0366572287176188,0.0105263170548105,
bc,900107,42,0.0840373470445101,18516611.0,True,catalogue_selected,0.9473412760565564,86.73922090776315,166,134,0.73,0.0287005810614181,0.0125302168131088,260948.6179190642,24760.63941906056,0.09488703,0.0049218031281934,0.0008026018101666,
bc,900107,43,0.1713454736094076,20027720.0,True,catalogue_selected,0.7717283915137835,406.7105275653722,7,2,0.73,0.1818761208542431,0.0063600797479286,3974586.6606555134,627597.9351666077,0.1579027,0.0336401656205959,0.0010567718143793,
bc,900107,44,0.2508714450933044,6484154.0,True,catalogue_selected,0.7063809744192047,22.15621811022864,20373,6630,0.73,0.0524455945249708,0.0011730913693782,10868935.238189816,1277477.071181019,0.1175347,0.0199664197264603,0.0014215341999625,
bc,900107,45,0.1457774124229959,14612748.0,True,catalogue_selected,0.8403981875071882,34.2636425352316,3126,1577,0.73,0.0238632687616543,0.004000264476441,832849.9168208644,92417.07378683424,0.1109649,0.0047425504805694,0.0003454635697871,
bc,900107,46,0.12459114018205,13230518.0,True,catalogue_selected,0.8124624666671756,181.85607616538803,13,7,0.73,0.0330403501946623,0.0056153616132239,586046.6264869765,68371.3189627704,0.1166653,0.0059676183975359,0.0004201570021795,
bc,900107,49,0.0818934514439771,159568.0,True,catalogue_selected,0.9444547387134296,168.38847835559497,194,140,0.73,0.0080121702280206,0.0027980770284926,30078.19323513752,3548.746283949321,0.117984,0.0013288319370264,0.0001771349863734,
bc,900107,50,0.3204566784708365,9251469.0,True,catalogue_selected,0.5564694975358773,39.6500020333033,1722,73,0.73,0.0577751576952925,3.884241884786354e-06,32993822.719527356,9111080.417166771,0.276145,0.0441900730670522,0.0096202981085922,
bc,900107,52,0.2718976416485427,2084922.0,True,catalogue_selected,0.5873200672878846,81.0042129356557,191,52,0.73,0.0982621816108109,0.0012344919850786,22062493.171736788,2975065.947801788,0.1348472,0.0392024405728357,0.0032177611641193,
bc,900107,55,0.1731801122814633,11662948.0,True,catalogue_selected,0.9024506972479572,25.04339716979037,1187,306,0.73,0.0568772770002351,0.00103675622314,3351943.842804124,764027.1329545479,0.2279355,0.0127469385544462,0.0008709528839566,
bc,900107,57,0.2121687529831099,20649095.0,True,catalogue_selected,0.619043923725748,125.25829128233202,391,145,0.73,0.1680957233202953,0.0082806101108498,10313326.081347829,1140776.698410931,0.1106119,0.0381021296029039,0.0017176277481177,
bc,900107,58,0.1796692216168224,3430108.0,True,catalogue_selected,0.7139488836036062,41.094993660015405,1821,345,0.73,0.0690156727649084,0.0006030046040287,7185450.979480699,1585964.1371335334,0.2207188,0.018759658369613,0.0017119279624095,
bc,900107,64,0.0911851185984564,18667365.0,True,catalogue_selected,0.8916129826419292,111.25612981195296,452,351,0.73,0.0248315035732053,0.0088141133479548,212038.8008295644,21702.93140239744,0.1023536,0.004243804179441,0.000569098094849,
bc,900107,68,0.2007497910727742,12526299.0,True,catalogue_selected,0.8162743375952144,45.67232916500112,183,55,0.73,0.0736625903443247,0.002672877643347,9234551.917748122,1420614.1788826569,0.1538368,0.0216755090550436,0.0016656044676757,
bc,900107,69,0.2228641630048171,15787850.0,True,catalogue_selected,0.8121654463295752,55.25887968801057,1167,283,0.73,0.0662488941556777,0.0005231598131327,9760822.287325695,1960030.7196546595,0.2008059,0.0210309909780467,0.0021019434904111,
bc,900107,71,0.1891277959341427,6114638.0,True,catalogue_selected,0.7285852747888104,35.932677014138896,6272,1820,0.73,0.0636927426977709,0.0034171318914919,3509295.5431087487,525646.3989534862,0.1497869,0.0140164219523438,0.0007667597245561,
bc,900107,72,0.2050583120427302,19752611.0,True,catalogue_selected,0.7361428133122381,36.385089987755386,7118,1445,0.73,0.0690247770667877,0.0005435632656596,8873088.82118144,1761733.6153151905,0.198548,0.0205430474732201,0.0018938331498816,
bc,900107,73,0.1247787230623224,15345241.0,True,catalogue_selected,0.8896747086232911,203.25443419761925,47,31,0.73,0.0640824653214505,0.0109842025640626,966065.140340495,114449.88914139042,0.1184702,0.0113942091342554,0.000801499797504,
bc,900107,74,0.2556855433525893,6564833.0,True,catalogue_selected,0.6612863698756694,29.77771820152289,254,66,0.73,0.0393147048501802,0.0001151483321553,21965930.128337268,5040712.014805499,0.2294787,0.0295575995323019,0.0053294392953434,
bc,900107,76,0.1715487732607274,6278690.0,True,catalogue_selected,0.7020407652174391,177.0123020948896,14,8,0.73,0.015060223647634,0.002912690221976,1348506.083332552,143068.63959343825,0.1060942,0.0038619064639299,0.0003315511691866,
bc,900107,78,0.289805920333881,16593991.0,True,catalogue_selected,0.6028551685759173,45.14538314775778,473,159,0.73,0.0487390197317359,0.000572328856353,28704280.480173424,4016055.0298182224,0.1399114,0.038198060447358,0.0042758714001946,
bc,900107,80,0.0546509823625885,20807299.0,True,catalogue_selected,0.9397291904316356,75.18426845986467,58,50,0.73,0.0099719829027175,0.0024848034093487,37161.27868397984,5856.970094086186,0.1576095,0.0016535806808984,0.0001601595791022,
bc,900107,83,0.0776215808436919,1326839.0,True,catalogue_selected,0.9416240715702612,667.3384720182261,1,1,0.73,0.1494379519916025,0.0793164946408246,153502.1826251021,20484.791536901583,0.1334495,0.0243542746545648,0.0049366217649186,
bc,900107,84,0.2065135532877172,14827619.0,True,catalogue_selected,0.734804975338697,132.27776087512888,227,59,0.73,0.0450551090878689,0.0010401625052708,8091355.612018741,1430443.5269350724,0.1767866,0.0158372445127765,0.0015748087181412,
bc,900107,85,0.2143228702684967,3856377.0,True,catalogue_selected,0.6088239127832543,52.52887104039452,456,140,0.73,0.0687396257542976,0.0024449713788764,7977014.237038725,1102676.2000918947,0.1382317,0.0195507524619633,0.0013157827238725,
bc,900107,91,0.1563728393134844,8725076.0,True,catalogue_selected,0.8704459858333671,191.1097339359392,282,157,0.73,0.0792388406989923,0.0055800562209034,3370014.349119233,508296.0337907978,0.150829,0.0163860852911065,0.0008824696952269,
bc,900107,92,0.1136202222806946,17861942.0,True,catalogue_selected,0.8544518156472697,58.28146309644613,179,118,0.73,0.0579520351074818,0.0205412753126624,1421238.3457322523,151621.06990978247,0.1066824,0.0108823673984081,0.0014329690996645,
bc,900107,98,0.265757524157949,14785275.0,True,catalogue_selected,0.5755587016847854,419.1725101352295,3,0,0.73,0.0950885720066273,0.0,5592128.152386999,1190766.4678125577,0.2129362,0.0212982140175995,0.0012572868708201,
bc,900107,99,0.1176334979670869,7844414.0,True,catalogue_selected,0.928458843842146,57.55377213721637,330,231,0.73,0.071074074256598,0.0077947457570537,1006848.7514171175,153318.7927995556,0.1522759,0.0125691279995717,0.0006448994916388,
bc,900107,101,0.0773562129209909,899536.0,True,catalogue_selected,0.9395988172417402,410.73417578029085,2,1,0.73,0.0665926867096262,9.900250828309453e-05,165095.02122789173,30282.700366275934,0.1834259,0.010954868494222,3.810927121817769e-05,
bc,900107,102,0.1031365389640634,11615798.0,True,catalogue_selected,0.903611874875668,43.76596561426361,2149,1518,0.73,0.0327841556838994,0.0085701337949621,537323.4874332311,60615.27135304101,0.1128096,0.005874698619391,0.0005950655727756,
bc,900107,103,0.0916199757971653,265960.0,True,catalogue_selected,0.9210006395293834,81.36575516946877,5,4,0.73,0.0042002699967148,0.00125011126403,317408.64366312017,41969.87813891181,0.1322266,0.0010151131262043,0.0001217799092155,
bc,900107,104,0.1057718129160347,15661895.0,True,catalogue_selected,0.9382391711985802,53.95973124952943,555,411,0.73,0.0356806384333252,0.0155605314944152,303860.2707349601,29731.42177902224,0.0978457,0.0060970988567476,0.0009956293062846,
bc,900107,105,0.1614915629533646,12506037.0,True,catalogue_selected,0.7474064465867171,386.9752492241015,11,5,0.73,0.044011799690669,0.0013580430863194,2110152.853910211,321996.8725820016,0.1525941,0.0093530115569095,0.0004241383905504,
bc,900107,106,0.1499885336701304,16870545.0,True,catalogue_selected,0.7538518247013932,68.45264056268448,61,27,0.73,0.0215979744700347,0.0022844324916053,460098.53345384815,57596.415797501366,0.1251828,0.0039822521419004,0.0002023730193955,
bc,900107,108,0.1204744465118881,10717847.0,True,catalogue_selected,0.8667314108331302,158.93501165546587,78,60,0.73,0.0825666687360255,0.0233037602681241,1249068.4907986452,125376.1097946236,0.1003757,0.014685391053782,0.0015764404700759,
bc,900107,112,0.2001835260060807,15763330.0,True,catalogue_selected,0.6516300164702136,76.5531063365683,1383,392,0.73,0.0442066312510004,0.0008442195005246,4749348.727213187,808829.4074962382,0.1703032,0.0121711830677213,0.0009063270786326,
bc,900107,113,0.2435753572622722,7229650.0,True,catalogue_selected,0.5938433886371246,47.68923441531515,115,28,0.73,0.0149558283034492,6.775059698418463e-05,7066002.239789298,1372957.5892443648,0.1943047,0.0098819017212434,0.0014538541195688,
bc,900107,116,0.1211848581982982,15631332.0,True,catalogue_selected,0.8351471153007356,240.17064418255305,8,6,0.73,0.0674569549834746,0.0242042815005679,810172.8071245597,114326.33130943474,0.1411135,0.0117758971761695,0.0016205758682285,
bc,900107,118,0.2378356689268873,3681700.0,True,catalogue_selected,0.7026484562059756,299.25833132273544,13,1,0.73,0.0971763709200949,3.402407618402063e-07,14747605.278936232,2853223.6201220057,0.1934703,0.03130313769441,0.0030126358104297,
bc,900107,119,0.20772897091668,17771685.0,True,catalogue_selected,0.7238837875210257,43.69612729510705,738,246,0.73,0.0985092749838568,0.0053413789523518,8574809.430805596,1237417.596975908,0.1443085,0.0250012888088401,0.0016375324769912,
bc,900107,120,0.1420067845892206,9999498.0,True,catalogue_selected,0.8205973749789381,275.550638566041,42,24,0.73,0.0585569326808944,0.0036302129818146,2157751.872081609,316457.4456761599,0.1466607,0.0117579507629886,0.0005590887026656,
bc,900107,121,0.2303305161700601,19237449.0,True,catalogue_selected,0.6421557760397276,50.79143476226123,47,7,0.73,0.0466769581733004,0.0003472427510613,10461960.54520658,2366427.805171889,0.2261935,0.0186028375295186,0.0025201423218546,
bc,900107,122,0.2108147945102703,6918571.0,True,catalogue_selected,0.7031817543559875,38.93953624261341,1031,361,0.73,0.0917634790712129,0.0023765872463624,11413624.063640838,1705136.3384486877,0.1493948,0.0269066268291158,0.0019476608558322,
bc,900107,123,0.2115580961993302,10744484.0,True,catalogue_selected,0.7923692702538103,60.904080680169,1382,468,0.73,0.0649473312225388,0.0019564439304799,10080802.012100236,1751945.964198601,0.1737903,0.0211581385963672,0.0019710504778144,
bc,900107,126,0.1411257806902131,1674331.0,True,catalogue_selected,0.9041096703284022,133.21207702628178,50,34,0.73,0.0666444490220777,0.0113062097826834,2510361.1271552187,325775.63543747255,0.1297724,0.0134395291059345,0.0010445847134074,
bc,900107,129,0.1474667651037366,19113115.0,True,catalogue_selected,0.8248081878280047,42.7352180757756,319,142,0.73,0.0457077711370393,0.0070281556729426,2751346.607286562,376042.7218627512,0.1366759,0.0103045819166081,0.0008325623967958,
bc,900107,130,0.2111896306005057,19561914.0,True,catalogue_selected,0.7079841196417069,309.3830615536255,36,15,0.73,0.2692006466221272,0.0104645045076326,10327769.596727053,1152116.154696595,0.1115552,0.0544850444220638,0.0018649297034025,
bc,900107,131,0.114653929612496,6450061.0,True,catalogue_selected,0.8496454308917187,47.8115418229536,312,236,0.73,0.0208456919312986,0.00727320409497,501567.5754621204,45920.49816343392,0.09155396,0.0039042523446497,0.0004991832612204,
bc,900107,132,0.2529820819920092,4020457.0,True,catalogue_selected,0.6288588294557331,24.3837068869272,18163,5195,0.73,0.0574226365104476,0.0006098636308771,12894793.526329808,2198127.1080822954,0.1704663,0.022911172494783,0.0023587135422172,
bc,900107,133,0.1705692816008636,7987104.0,True,catalogue_selected,0.7993247243669056,64.86803080311213,91,20,0.73,0.0657393333817785,0.0025392530101808,4214120.879389592,735094.8178012855,0.1744361,0.0150919395935659,0.0009335092875915,
bc,900107,135,0.2580922817921016,11314528.0,True,catalogue_selected,0.6857448435692184,63.52557887928698,1077,158,0.73,0.0647698270654845,0.0002032445702332,19009704.064340908,3911025.79194218,0.2057384,0.0305571047451185,0.0041421038723717,
bc,900107,136,0.1914843082910358,11587648.0,True,catalogue_selected,0.8983131173781043,58.51975449692943,182,53,0.73,0.0544176955338465,0.0006954108688314,7448294.059032532,1566831.855888301,0.2103612,0.0166739488051552,0.0016974530089713,
bc,900107,141,0.1152313257784775,18765307.0,True,catalogue_selected,0.926721570302963,126.11322204528734,66,47,0.73,0.0294344964194109,0.0094100500624337,806798.7771408373,91694.06486986078,0.1136517,0.0056169584184989,0.0006799274949002,
bc,900107,142,0.2029560872940255,6789711.0,True,catalogue_selected,0.747559846134195,35.16017907277117,522,208,0.73,0.0129861794662509,0.0003481361801388,1303494.655395273,174834.46606413924,0.1341275,0.0034786178674074,0.0002061742336187,
bc,900107,143,0.0421202837673002,10289133.0,True,catalogue_selected,0.9454130066732552,117.03167360854296,26,20,0.73,0.0013048840973386,0.0003909441893668,6070.652438480935,632.1594646348804,0.1041337,0.0002176547360565,2.48930505814466e-05,
bc,900107,144,0.3608163741508451,9593694.0,True,catalogue_selected,0.4823895215098358,39.54980590001722,1182,11,0.73,0.0107476295439796,6.772450064123768e-08,29664155.140251186,8637814.30034051,0.2911869,0.0330612104338946,0.0091203571844013,
bc,900107,145,0.1035083521169443,1263792.0,True,catalogue_selected,0.9189952221195072,122.19849211982591,22,12,0.73,0.0455716780264671,0.0029743806831652,347433.43570708064,53831.43262283541,0.1549403,0.007744345871467,0.0002411516209797,
bc,900107,146,0.1086483700591017,17733442.0,True,catalogue_selected,0.9235851576794174,40.147921652622415,2301,1319,0.73,0.059156444651054,0.0074240757556318,872841.5612866731,145324.65144154467,0.166496,0.0104983145811724,0.0006134895203452,
bc,900107,150,0.2704137085048248,10318918.0,True,catalogue_selected,0.6807004159696088,35.22652230163095,647,88,0.73,0.1073963222134795,0.0001805438865619,18005153.5702164,4271171.99003132,0.2372194,0.0363971506168531,0.0045209624141196,
bc,900107,151,0.152307802462304,8383640.0,True,catalogue_selected,0.9084130038609056,30.19445188129401,7100,2744,0.73,0.0734636920220113,0.0054210442431039,2058865.316859405,330962.0930672398,0.1607498,0.0140667641294556,0.0006853757868997,
bc,900107,153,0.2022484942529167,8856878.0,True,catalogue_selected,0.7283226991497312,48.540378510003386,172,60,0.73,0.0528461698131575,0.0025742561322582,6477748.860996549,1027901.6294241633,0.1586819,0.015394774528804,0.001244842350464,
bc,900107,154,0.2528584358796945,18366780.0,True,catalogue_selected,0.5173592271624595,26.929043310666945,816,109,0.73,0.0856584230650449,8.449582060717795e-05,15378266.067737166,3892639.346475704,0.253126,0.0301044129398272,0.0041153318104933,
bc,900107,155,0.1363390496407751,17529378.0,True,catalogue_selected,0.8110451876920196,385.538769323715,31,25,0.73,0.0711221475810424,0.0614217877536621,1868427.1221042783,189940.2289609749,0.1016578,0.0134866196582391,0.0040066651206768,
bc,900107,157,0.2871676991499869,11324236.0,True,catalogue_selected,0.660355432250693,32.68206130932714,152,8,0.73,0.070208568223663,3.439089641117945e-06,29186505.37320565,8921967.678981943,0.3056881,0.0421828843922823,0.0094205932830344,
bc,900107,158,0.2266313363893007,3054799.0,True,catalogue_selected,0.6568316942297042,257.6790023132774,132,62,0.73,0.1026823558182729,0.0036981273994829,12319617.770875065,1376867.241822759,0.1117622,0.029630866636621,0.0016829451615841,
bc,900107,159,0.2437809605375432,15002583.0,True,catalogue_selected,0.6172222287499841,37.56237489029062,1519,356,0.73,0.0408361669334558,0.000624209334179,8826189.94950586,1444871.6502592398,0.1637028,0.0159301335650237,0.0015642675431177,
bc,900107,160,0.1385037732602033,6248382.0,True,catalogue_selected,0.898266076900804,37.80400954121356,336,157,0.73,0.0134014960635097,0.0024941540040081,253947.20487307783,33758.09592453032,0.1329335,0.0024376737396177,0.0001901987867678,
bc,900107,161,0.1558584247925196,9187772.0,True,catalogue_selected,0.8410873316087146,67.58698696413336,61,26,0.73,0.0431962729180009,0.0021312603995998,3605927.751841484,562123.3668534013,0.1558887,0.0108003217790474,0.0007255930297512,
bc,900107,162,0.2986484563456999,2211231.0,True,catalogue_selected,0.5726721183500899,39.70978183113083,1328,42,0.73,0.0297659241022758,4.461802757181699e-07,37299427.01633731,9592312.260918131,0.2571705,0.0442018473554883,0.0101282002098872,
bc,900107,163,0.2173592753464977,8840910.0,True,catalogue_selected,0.6456438467950502,38.98028315180833,2281,612,0.73,0.0462079166794743,0.0010782082763095,9183030.922503902,1463644.712007111,0.1593858,0.0171765302540796,0.0016122222144341,
bc,900107,164,0.10475301787155,1148881.0,True,catalogue_selected,0.9278022176671186,242.8632944675712,2,0,0.73,0.1678504174220186,0.0,409655.1603670484,77413.69746546527,0.1889728,0.0276054927329979,8.173829888220586e-05,
bc,900107,167,0.2382824471349201,13587229.0,True,catalogue_selected,0.6449418243153926,33.60953913906966,5472,2529,0.73,0.0833089203934478,0.0093006723342832,13953343.593629131,1281633.654446977,0.09185136,0.0282195332142339,0.001929563502857,
bc,900107,169,0.3069546699171179,7887667.0,True,catalogue_selected,0.555553681726808,29.38848085923783,813,77,0.73,0.0023918071819704,7.751071987567282e-07,33541557.094258506,8709051.227424962,0.2596496,0.0358025111035995,0.0091956174910556,
bc,900107,171,0.2134129141483627,20745520.0,True,catalogue_selected,0.6341410670740354,107.79314909054284,93,8,0.73,0.0899134021111039,0.0012160198359896,10791381.377211427,1893158.804780464,0.1754325,0.0259501183905148,0.0020742702221213,
bc,900107,176,0.1935248197143861,2112492.0,True,catalogue_selected,0.7792145234280895,68.28346993526442,1025,441,0.73,0.0892362266804376,0.006628398041433,7549500.2427185215,866021.3165003236,0.1147124,0.0224175078603767,0.0013251412014281,
bc,900107,177,0.098926273275252,3886730.0,True,catalogue_selected,0.9003943044576631,485.945860890477,1,1,0.73,0.0042691321950062,0.0001830292440268,449878.8093874666,61669.02987561463,0.1370792,0.0011661314984694,7.645582286753465e-05,
bc,900107,178,0.0884042357790746,1049992.0,True,catalogue_selected,0.904361467136392,53.10727783499081,4329,3111,0.73,0.070492966178449,0.0166582266572225,570178.7895918279,67414.83514573834,0.1182346,0.0120139897472281,0.0011034385494024,
bc,900107,184,0.1749446900092519,3951279.0,True,catalogue_selected,0.7311182563276146,309.9688163411626,899,639,0.73,0.0807173910090735,0.0172236939062951,5057608.584795564,437698.9988939324,0.08654268,0.0184073138916747,0.0015294483080627,
bc,900107,185,0.1848640495373177,10396489.0,True,catalogue_selected,0.7975451518270179,44.79012847156033,184,85,0.73,0.0575338394507258,0.0031110000535271,6393146.807256263,1037850.9901904945,0.1623381,0.0160643233339268,0.0012886078428027,
bc,900107,186,0.2248031979391789,6116284.0,True,catalogue_selected,0.6948513595675546,62.94310551927204,270,97,0.73,0.0580440146997862,0.0015380566308433,11548104.659789898,1735437.4642629796,0.150279,0.0215898464662736,0.00192769361569,
bc,900107,190,0.1979646222706064,3792559.0,True,catalogue_selected,0.6363086875891865,60.94288359594032,2138,896,0.73,0.0792067728822846,0.0050766308480402,7730258.372321145,890072.9609368946,0.1151414,0.0209847164893837,0.0012543783442023,
bc,900107,191,0.176919313332868,15593120.0,True,catalogue_selected,0.7919849282813338,52.14411113595688,461,191,0.73,0.0555984330394608,0.0039951491179241,4817629.504435566,657945.0433558957,0.1365703,0.0140874731997762,0.0009422669381799,
bc,900107,192,0.2597963938487397,4162320.0,True,catalogue_selected,0.6024781438594106,71.98952937570598,2349,592,0.73,0.0937263186267654,0.0012507024344003,17675990.19578164,2390608.0799687896,0.1352461,0.033836590746903,0.0026016579344951,
bc,900107,193,0.1694458926503799,10976119.0,True,catalogue_selected,0.67520286171722,234.99458292096327,26,11,0.73,0.1361485543259327,0.0056315984864202,3420963.615357123,435425.4775708597,0.1272815,0.0256528751994283,0.0008087222448169,
bc,900107,195,0.2152183593432488,7264492.0,True,catalogue_selected,0.7620052429019617,175.63948635743802,636,162,0.73,0.1111006747717721,0.0024060760472388,11147746.120496877,2011430.7011159104,0.1804338,0.0297563541514893,0.0022728932267226,
bc,900107,197,0.1186245481037837,8103627.0,True,catalogue_selected,0.8422081297377058,536.3839644445267,3,2,0.73,0.2564545388538811,0.0284059896870492,928714.8483575094,131305.061374455,0.1413836,0.042497484706274,0.0018988696734577,
bc,900107,199,0.2756096085646742,18148206.0,True,catalogue_selected,0.539736036375281,28.69774725479456,3997,1391,0.73,0.0730478576492652,0.0008702883939758,21651671.19877583,3501607.0328377,0.1617246,0.0346867745026243,0.0037511481400324,
bc,900108,0,0.064569939752997,17447408.0,True,catalogue_selected,0.9532495347193412,994.9974612426676,74,63,0.73,0.0458807157363691,0.0105266046249483,68886.77102731587,7611.266447466149,0.1104895,0.0075002680784987,0.0006603368947922,
bc,900108,1,0.2425635452580292,8987790.0,True,catalogue_selected,0.7185473734320468,309.3830615536255,7,3,0.73,0.0378856054768989,0.0005202796342957,15093316.7567414,1786556.3253567982,0.1183674,0.0220697038990088,0.0019185997307263,
bc,900108,2,0.251989627220864,8579442.0,True,catalogue_selected,0.5910879203559244,1068.0998922314843,1,0,0.73,2.7598883946809e-06,0.0,18760578.05678816,4847666.011010449,0.2583964,0.0198090567235414,0.0051184736843999,
bc,900108,4,0.2398046514319989,11260197.0,True,catalogue_selected,0.6323759772924704,26.497506660606955,1929,937,0.73,0.0714001538300709,0.0026294089958562,14469105.269440249,2014229.816440652,0.139209,0.026836221855316,0.0022896879478162,
bc,900108,7,0.2489451812828087,12788490.0,True,catalogue_selected,0.6171127791471779,41.012951050167146,3481,1278,0.73,0.0700951286816613,0.0027473936955567,19126498.87588049,1794037.226115911,0.09379852,0.031542526059324,0.0020645057640833,
bc,900108,9,0.2713182094119205,9362700.0,True,catalogue_selected,0.5590151005192079,28.6151528864938,403,139,0.73,0.0299827856078919,0.0002554146768194,24004775.532075737,4293318.992226106,0.1788527,0.0301996171351969,0.0045489861321152,
bc,900108,10,0.1991397795275673,15160099.0,True,catalogue_selected,0.7868525807417619,44.389659709322544,5031,1508,0.73,0.0269700456822836,0.0011750640125476,1996446.8468395504,306339.3833302453,0.1534423,0.0064740996413886,0.0003962675836881,
bc,900108,11,0.1866532726281232,8786220.0,True,catalogue_selected,0.7811949997340198,667.3384720182261,3,1,0.73,0.1711436538266452,0.0029105157823878,3823765.055303808,632913.0926037544,0.1655209,0.0317434619640055,0.0008486253130507,
bc,900108,13,0.2325753762849278,7479185.0,True,catalogue_selected,0.7357296602250489,51.23570475840657,4545,890,0.73,0.0541874353982821,0.0005010106801554,15761549.46832159,2880819.90346148,0.1827752,0.0254143355692003,0.0030727986847838,
bc,900108,14,0.2516994389723201,8985506.0,True,catalogue_selected,0.5741905787001669,285.768509871934,29,10,0.73,0.0963608614883816,0.0026325579157134,16796444.087122023,2485732.8851815118,0.1479916,0.0333344107293341,0.0027877259649448,
bc,900108,16,0.281284059858626,12252894.0,True,catalogue_selected,0.6428025724020126,46.29626602503123,553,51,0.73,0.08644443941601,5.575316484034353e-05,24594329.348459046,6171079.537539031,0.2509147,0.0399625644718359,0.0065192725926839,
bc,900108,17,0.2310209911262057,5791996.0,True,catalogue_selected,0.7085418027646692,64.06945285577426,242,64,0.73,0.1128682060612583,0.003813961905428,11987895.217503097,1861331.7610996848,0.1552676,0.0309295788733102,0.0022016514712718,
bc,900108,18,0.0852444844053564,12542329.0,True,catalogue_selected,0.927178862312682,296.2851668655232,2,2,0.73,0.01690518295126,0.0010514971064244,158132.5430059684,17554.29656293916,0.11101,0.0029037110713903,8.369289543253954e-05,
bc,900108,20,0.2488160511675397,4274573.0,True,catalogue_selected,0.7760991081973736,22.694686492358496,15371,2653,0.73,0.0774467423458344,0.0004744643353587,16330249.7084581,3159121.3599314494,0.1934521,0.0297802059289919,0.0033650020463127,
bc,900108,21,0.1090334694392141,5758574.0,True,catalogue_selected,0.8192249087592463,39.1448435988528,171,102,0.73,0.0124125020916903,0.0022904647688852,229382.04408344647,32304.95346676096,0.1408347,0.0022516301182423,0.0001760424881926,
bc,900108,23,0.1915234641093003,19208190.0,True,catalogue_selected,0.6834714944498944,132.5305200235132,1109,537,0.73,0.0598384442692654,0.0058501820159942,6381312.738789523,669984.6810740164,0.1049917,0.0164249158237072,0.0010699296812564,
bc,900108,24,0.156188909233766,7462903.0,True,catalogue_selected,0.7959481768900134,32.70490839345884,9193,4054,0.73,0.0730386780494257,0.0076063826964482,2756811.9764019046,413266.4126409282,0.1499074,0.0147348959216487,0.0009076964359541,
bc,900108,26,0.1881441819651685,13139780.0,True,catalogue_selected,0.767239913207821,51.95536188669894,119,21,0.73,0.0562607250853424,0.0028434243722856,9093156.657534515,1339638.1684034143,0.1473238,0.0187090634106031,0.0015906730944996,
bc,900108,27,0.0486211686313167,659741.0,True,catalogue_selected,0.9685422716094226,72.0546273698848,9,7,0.73,0.0023918057819947,0.0002754008470598,8977.304711743656,1156.5711417390166,0.1288328,0.0003966832409387,1.8286901805118425e-05,
bc,900108,31,0.3745561002249299,573206.0,True,catalogue_selected,0.4971071785085885,57.09279404541642,205,0,0.73,0.0171952609730028,0.0,46489451.49346077,12505650.245987162,0.2689997,0.0518702205769118,0.0132042598530942,
bc,900108,32,0.026192738473102,60753.0,True,catalogue_selected,0.979231615770468,485.945860890477,1,1,0.73,0.0601062151440914,0.0340043281388057,2617.2579136013,329.6509063478402,0.1259528,0.0097332328449077,0.0021074888652242,
bc,900108,33,0.2038816785512163,9217830.0,True,catalogue_selected,0.7656984035038715,60.650355976800086,568,258,0.73,0.0942671723826781,0.0067785255589133,8541588.627847752,1070836.3482015557,0.1253674,0.0242794670628686,0.0015507008491893,
bc,900108,34,0.2522619382569795,20713938.0,True,catalogue_selected,0.6612629297773471,1424.7236072062765,2,0,0.73,0.652500230052032,0.0,19897898.89225934,3311710.296769882,0.1664352,0.1266413621814318,0.0034967140817607,
bc,900108,35,0.182140013112372,15221757.0,True,catalogue_selected,0.7876446495444844,339.7987207144713,4,1,0.73,0.060374632968314,0.0012908550104292,4311886.64575366,459683.69136508927,0.1066085,0.0143266867769515,0.000565353446474,
bc,900108,38,0.1828535349623349,3921310.0,True,catalogue_selected,0.8489877459525669,39.95894288848073,984,427,0.73,0.0542973052870325,0.0066040398502062,5977902.008879945,619521.1430131865,0.1036352,0.015101925758377,0.001063361261104,
bc,900108,39,0.1558733851444934,19443418.0,True,catalogue_selected,0.9179841191431966,42.71799109712864,5723,2784,0.73,0.0739241493658566,0.0079649576441763,4068466.8364415327,496999.4430644848,0.1221589,0.0162631715337481,0.0010183268447717,
bc,900108,40,0.1330637106779054,11904560.0,True,catalogue_selected,0.8561859586336251,57.55377213721637,298,195,0.73,0.0526621067251891,0.0080527416801487,1790911.052631347,283217.3356060006,0.1581415,0.0104163158880085,0.000798041816294,
bc,900108,43,0.1635894494984474,5702288.0,True,catalogue_selected,0.8076509715561043,30.85059009204141,374,77,0.73,0.0627707505972767,0.0008755508533911,4348252.077113026,887504.9625788606,0.2041061,0.0147529861775025,0.0009913392319015,
bc,900108,44,0.1770556773369219,9975287.0,True,catalogue_selected,0.7586999590106094,147.9905701953819,629,230,0.73,0.1102039904456619,0.0051010528976202,5819882.497178437,922465.1179095772,0.1585024,0.0239856949782775,0.0012900933982578,
bc,900108,46,0.2352219376936615,13374055.0,True,catalogue_selected,0.7164462438170635,28.963262957843263,2404,431,0.73,0.0694381955684845,0.0004507270099162,23465912.60522757,3953143.439670873,0.1684632,0.0360180051751578,0.0042019100650546,
bc,900108,47,0.2512961436425388,7339926.0,True,catalogue_selected,0.6800276231058366,23.83932629974176,16152,4055,0.73,0.0639418978104117,0.0006588403238537,11703434.962539813,2326099.1649118587,0.1987535,0.0227086500195862,0.0024968694991912,
bc,900108,51,0.2063117490451315,9816170.0,True,catalogue_selected,0.821765903071759,95.98280691546908,60,27,0.73,0.086803578823243,0.0075474332834516,6013444.227042845,758507.1260326135,0.1261352,0.0204018260826215,0.0012685706009537,
bc,900108,53,0.2458584107417367,5420731.0,True,catalogue_selected,0.8117516352748364,47.99239280170424,161,44,0.73,0.0732051586554181,0.0010964253792305,14006993.93979418,2197833.6415966665,0.1569097,0.0266405038150892,0.0023885543762123,
bc,900108,54,0.1757053721132346,15912495.0,True,catalogue_selected,0.8823974918840722,50.4414977178912,269,138,0.73,0.032176033474549,0.0058989980690309,2156857.731338067,228044.0168955793,0.1057297,0.0074862581105435,0.0006063256338034,
bc,900108,58,0.2000661168865538,9467310.0,True,catalogue_selected,0.7377688356679597,79.73177346742939,2737,1570,0.73,0.0815910222121763,0.0107763636182227,7421324.70026028,604930.3349345321,0.08151245,0.0210445058300271,0.0013065010831636,
bc,900108,59,0.3179363564473708,10929787.0,True,catalogue_selected,0.6147789962388387,25.379665929148388,1170,133,0.73,0.0282877686549548,7.95585099378583e-06,32968847.636619795,8690488.724624075,0.263597,0.0393900510884384,0.0091764629895707,
bc,900108,60,0.2776092826283272,9977670.0,True,catalogue_selected,0.7552063595969676,53.67491329815188,700,64,0.73,0.0584770930234107,2.5755625712399164e-05,17876984.768745147,4337558.397575121,0.2426337,0.0283423902212493,0.0045814656603145,
bc,900108,64,0.1985700074652153,12015921.0,True,catalogue_selected,0.568076568454071,35.71654808317346,2998,1322,0.73,0.0804518894905058,0.0064413296914423,9904058.38117244,1089240.088417273,0.1099792,0.0234815219342219,0.0015492377243196,
bc,900108,65,0.1287072977380033,13896891.0,True,catalogue_selected,0.9059467669671656,64.07705234387501,638,361,0.73,0.07906416062595,0.0173291864158367,1571072.3432820763,202405.4552958854,0.1288327,0.0144583694662078,0.0012875474771315,
bc,900108,66,0.270505215800195,19748095.0,True,catalogue_selected,0.578445389605077,309.9688163411626,781,239,0.73,0.0726194174460426,0.0023610597399837,22189482.76208065,2250327.4493264365,0.1014141,0.0351852708235759,0.0025223460691671,
bc,900108,68,0.2508050531195782,17227658.0,True,catalogue_selected,0.6518483725602121,41.69365349777638,779,170,0.73,0.0633302931346529,0.0002923921682313,18561127.566321768,3931301.542363896,0.2118029,0.0298504260508382,0.0041690364925656,
bc,900108,69,0.2024481863632255,10348468.0,True,catalogue_selected,0.7065238004540384,55.84395848222772,395,221,0.73,0.0608638599847644,0.0073626433117202,8309752.9910327345,769736.3672388226,0.09263048,0.0186270879352369,0.0012689762962516,
bc,900108,71,0.3384998273944516,8205188.0,True,catalogue_selected,0.4744834795264818,46.62542662222315,2648,93,0.73,0.0565907603978031,5.832753282613322e-06,35632875.11702845,8328686.233655127,0.233736,0.0467848126136941,0.0087943173772807,
bc,900108,74,0.1273972125734095,6494096.0,True,catalogue_selected,0.8642296308382748,410.73417578029085,3,1,0.73,0.079529135444684,3.760820004792706e-05,331495.1791905884,65248.78617759627,0.1968318,0.0132248189622325,7.122427422069875e-05,
bc,900108,76,0.0639201842971819,13338147.0,True,catalogue_selected,0.9376081587922256,308.7083631539789,1,0,0.73,0.0400142232319676,0.0,67686.17644909113,8807.501898147435,0.1301226,0.0065492862205015,9.299519931566722e-06,
bc,900108,77,0.1778314664624801,4811940.0,True,catalogue_selected,0.7768601323726959,51.793039956560456,211,69,0.73,0.0578514749105234,0.0033106756005213,5011075.947164077,791907.1416450373,0.1580314,0.0146564664744567,0.0010412979687481,
bc,900108,78,0.286786328078688,18206941.0,True,catalogue_selected,0.5237449672663653,175.34537635840928,14,1,0.73,0.1040983053468114,3.814339722913023e-05,27942698.52619512,5295383.532855917,0.1895087,0.0463559327376373,0.0055935659075451,
bc,900108,79,0.1163485471573103,8429939.0,True,catalogue_selected,0.9319797643205932,536.3839644445267,0,0,0.73,0.0,0.0,807778.4066305736,113832.62133919002,0.1409206,0.0008529037495104,0.0001201917119346,1.0
bc,900108,82,0.1706334052193728,1759252.0,True,catalogue_selected,0.7213937538811275,53.70017939484863,274,85,0.73,0.0713764900928843,0.0022646647964524,4612026.195423448,867475.2996799016,0.1880898,0.0164246608024165,0.0010562696445801,
bc,900108,83,0.1634072399812825,13660418.0,True,catalogue_selected,0.8103658560762158,276.148343063909,5,4,0.73,0.093804796276868,0.0289183447834261,3037356.942815965,382670.9694658202,0.1259881,0.0183928965365539,0.0021960267921186,
bc,900108,84,0.2998001447209983,17857728.0,True,catalogue_selected,0.5764890315000963,64.37152086846767,352,27,0.73,0.0411770435805282,1.6123403168663803e-05,30716290.371790763,7363086.0444770735,0.2397127,0.0390982757948702,0.0077754130444317,
bc,900108,85,0.2384015771802137,20771300.0,True,catalogue_selected,0.7606014126117229,143.78053906903736,475,235,0.73,0.075627694471368,0.005599160044105,13493657.66230073,1235721.0063675705,0.09157791,0.0264906700209449,0.0016517149888184,
bc,900108,86,0.2198739855730699,14920434.0,True,catalogue_selected,0.6913114902544331,299.25833132273544,10,2,0.73,0.076250217967472,4.104994985886653e-08,6817503.293243919,1243743.4076560913,0.1824339,0.0195423412136832,0.0013132258325873,
bc,900108,88,0.2414648138126786,9175161.0,True,catalogue_selected,0.6715235456616171,166.76449765898423,54,17,0.73,0.1093131414721475,0.0019227328193358,17465797.993986152,2689230.4331780616,0.1539712,0.0361379745993495,0.0029586059827421,
bc,900108,89,0.3182374233661893,7447115.0,True,catalogue_selected,0.5692275293828342,46.50409391831387,1562,72,0.73,0.0562153316675413,1.6113754866472566e-05,29515323.25799281,6864190.15792186,0.2325636,0.0402647354199726,0.0072486464810823,
bc,900108,90,0.1362282649258926,168319.0,True,catalogue_selected,0.879053596499031,43.81331323414299,10,0,0.73,0.000727604893738,0.0,8125964.644491429,1099794.0351028284,0.1353432,0.0086977000433423,0.0011612323980546,
bc,900108,92,0.1072305708888316,18132500.0,True,catalogue_selected,0.9427794733245134,52.41963627899271,312,211,0.73,0.0396990783660481,0.0113630455165051,548024.2643062255,72124.4021093766,0.131608,0.007005439540572,0.0007802855609409,
bc,900108,93,0.0729368679578126,17490701.0,True,catalogue_selected,0.8786720638000942,177.0123020948896,17,17,0.73,0.0088695992943257,0.0046244686202627,107594.26667021972,10303.263557476235,0.09576034,0.0015494857280533,0.0002974425523119,
bc,900108,97,0.0877820684034064,15889772.0,True,catalogue_selected,0.8639243367797186,104.3272260849585,90,70,0.73,0.031980683611897,0.0117103947170619,362979.448688276,37222.77696858508,0.1025479,0.0055605426972376,0.0007649583409861,
bc,900108,98,0.2251779205225828,20275412.0,True,catalogue_selected,0.6817244354950365,30.909914358919785,4412,921,0.73,0.0683958178700016,0.0008743592009695,11388762.75746477,2173137.728854816,0.1908142,0.0230974349155458,0.0023487181233409,
bc,900108,99,0.1084749919203157,16990654.0,True,catalogue_selected,0.9072492551103744,317.03055070300803,13,11,0.73,0.0893311685244381,0.0357803447919945,929029.3872783792,128439.82129265708,0.1382516,0.0154425641541282,0.0023528098620706,
bc,900108,100,0.1485458229723133,3054017.0,True,catalogue_selected,0.7384529180378067,81.0042129356557,124,72,0.73,0.0756105940332912,0.012657900021678,2904820.4884581286,308601.35704863304,0.1062377,0.0153075348058105,0.001110210993694,
bc,900108,105,0.1795191100044142,3002318.0,True,catalogue_selected,0.7239524530152461,130.8260513017163,184,60,0.73,0.0468189079844809,0.0032848821183311,6339228.47662485,979384.564500064,0.1544959,0.0142727751051354,0.0012376501992192,
bc,900108,106,0.2993405757010919,9539229.0,True,catalogue_selected,0.6009177409932961,29.263696000886792,543,199,0.73,0.0361967844352862,0.0005654631237116,11057971.952403104,1712094.1152733816,0.1548289,0.0175355308369327,0.0018427776778016,
bc,900108,107,0.1863706849047985,12261304.0,True,catalogue_selected,0.7134105135094515,39.51027733802777,2407,1068,0.73,0.0739291113929091,0.0054669054442445,7735754.708358106,992758.8715841098,0.1283338,0.0201361302968011,0.0013869847348736,
bc,900108,110,0.1823018966958423,9866224.0,True,catalogue_selected,0.714301375821042,53.10727783499081,4320,1425,0.73,0.0694113666098465,0.0050333164694638,5384009.470300224,749300.2681204012,0.1391714,0.0169216400502109,0.00110305753843,
bc,900108,111,0.1555381973702158,20133524.0,True,catalogue_selected,0.8227521872826499,270.0169486273753,80,44,0.73,0.0632868941329185,0.0052065984308297,2758635.9727747063,342174.5888938641,0.1240376,0.0131581259234283,0.0006839261226033,
bc,900108,112,0.2008284830359254,11800738.0,True,catalogue_selected,0.5970531924998788,38.40647964408659,4358,1196,0.73,0.0980963058035769,0.002100871345901,9458600.636258967,1738664.2642207027,0.1838183,0.0258675969831423,0.0019659765260653,
bc,900108,117,0.205713017029514,13944004.0,True,catalogue_selected,0.7693481930107644,74.79517255519544,194,70,0.73,0.0517402342538654,0.002412280990434,4835593.819919411,671613.5495843848,0.1388896,0.0134818453382492,0.000858613677485,
bc,900108,118,0.265407065736522,4274139.0,True,catalogue_selected,0.6293459142608896,41.078827531600616,70,13,0.73,0.0266657040878681,8.63241258515615e-05,19916276.65815318,4238908.272839315,0.2128364,0.0253457249490759,0.0044810578312672,
bc,900108,119,0.1224790399341581,18616320.0,True,catalogue_selected,0.9119277324722712,70.91438515374698,624,448,0.73,0.0593612777421295,0.0179280745229788,1060848.667432368,117547.72413144672,0.1108054,0.0107299844259524,0.0012350604988245,
bc,900108,120,0.1891204904777909,16740962.0,True,catalogue_selected,0.765586436572575,235.85577567934249,28,10,0.73,0.194942742350509,0.0123780904758356,6793375.245486982,1121958.3309291634,0.1651548,0.0387317496577561,0.0019516660351731,
bc,900108,123,0.1264455536355158,6189005.0,True,catalogue_selected,0.8379724386709598,76.5531063365683,883,468,0.73,0.0269446063547506,0.0040256538682033,657362.5989080042,91768.567479096,0.1396011,0.0050560911181006,0.0003463521360414,
bc,900108,125,0.0982181852278417,1074052.0,True,catalogue_selected,0.922887776250448,275.550638566041,12,11,0.73,0.0167305324235876,0.0015029761327298,133465.80808169558,18172.62274014092,0.1361594,0.0028493925574848,0.0001123224925727,
bc,900108,127,0.1838827943844706,10955433.0,True,catalogue_selected,0.7960282458920059,39.14538832760667,2198,701,0.73,0.0756055174748513,0.0020053821047068,7186723.750211233,1343969.212832384,0.1870072,0.0198278184104803,0.0015433152542641,
bc,900108,130,0.1293737578970353,8315207.0,True,catalogue_selected,0.9232441594707904,257.3198853700213,9,3,0.73,0.0439736557909638,0.008668807926517,1441036.9023330167,206388.79939079095,0.1432224,0.008640341398795,0.0007550970470301,
bc,900108,133,0.1381089597857509,19008688.0,True,catalogue_selected,0.8147716230330981,48.540378510003386,140,63,0.73,0.0440330647633408,0.0060521764001201,2225312.456158525,301026.460471854,0.1352738,0.0094780469376848,0.000692877110673,
bc,900108,134,0.0574382218849436,203846.0,True,catalogue_selected,0.9543188329656932,589.8166147157915,1,0,0.73,0.0479059430303764,0.0,438537.36957935255,57356.91843036532,0.1307914,0.0082184284677823,6.056107762731476e-05,
bc,900108,136,0.1142910792290686,17890637.0,True,catalogue_selected,0.8739282728649339,385.538769323715,25,22,0.73,0.1029325597393026,0.0487639983209869,1005349.7509966122,99940.59337587112,0.09940878,0.0177250488002091,0.0031272745623156,
bc,900108,138,0.2229262225620214,19427256.0,True,catalogue_selected,0.7771454465461821,24.3837068869272,20991,7925,0.73,0.0791986272087691,0.0036630342437531,9839750.723730784,1412566.074867746,0.1435571,0.0232107338169261,0.0017184636449963,
bc,900108,139,0.291708603074943,7504802.0,True,catalogue_selected,0.6217111318015185,257.6790023132774,62,23,0.73,0.0162042671060502,6.778883969413628e-05,21878650.053343467,2777593.55987942,0.1269545,0.0257241432850939,0.0029369603656322,
bc,900108,141,0.1226489194477165,17511355.0,True,catalogue_selected,0.9166062669900258,128.75812784012476,9,7,0.73,0.0425215334340481,0.0179447151547649,1282490.6834054918,168396.36741250733,0.1313042,0.0082378571811258,0.0012897808935479,
bc,900108,142,0.318707482240947,20606135.0,True,catalogue_selected,0.6110754753359832,32.445343617885484,1244,241,0.73,0.034055926945976,9.312886909305855e-05,35311390.434802465,5734835.049683024,0.1624075,0.0427972516403997,0.0060609740077216,
bc,900108,144,0.1556307200151746,8292925.0,True,catalogue_selected,0.9524637697001576,45.1818514865256,465,245,0.73,0.0658073453875609,0.0103688055326915,2203542.688547427,316898.9678412132,0.1438134,0.0129800537547379,0.0009771241837227,
bc,900108,146,0.1985701503950043,16416157.0,True,catalogue_selected,0.8825705396858008,40.95702638471474,2547,1204,0.73,0.0284884817373984,0.0023154413480534,3463632.707480363,462714.69129809766,0.1335923,0.0082690640996699,0.0006320441475117,
bc,900108,148,0.2146834167380358,3560460.0,True,catalogue_selected,0.5817971234593936,406.7105275653722,2,2,0.73,0.0298344615314691,0.0043464935594998,4475922.443265404,810644.3956831481,0.1811123,0.0095558017524395,0.0011252683185825,
bc,900108,150,0.1993368693998841,8437661.0,True,catalogue_selected,0.7844926840121883,56.85743895146796,2746,657,0.73,0.1049489407024561,0.0018454516393685,7798052.29052795,1441050.2709456233,0.1847962,0.025223643288805,0.0016359092159987,
bc,900108,151,0.0988008672420356,3845827.0,True,catalogue_selected,0.9474054830305044,34.867938606676205,8624,6076,0.73,0.0461688621005618,0.0108492488048194,948779.8879103524,105624.0793172294,0.1113262,0.0084759625314739,0.000783818288745,
bc,900108,152,0.2610880946876226,10754871.0,True,catalogue_selected,0.7517249306619778,32.39315148182517,952,127,0.73,0.0751168289013614,8.851731474985809e-05,22167205.931820817,5441683.71411405,0.2454835,0.0355660502450778,0.0057511604440325,
bc,900108,153,0.0734963062015755,6386750.0,True,catalogue_selected,0.8810990136204356,262.3441467922373,4,4,0.73,0.0057923078973152,0.0009710577051919,73129.95059565334,9614.922091154862,0.1314772,0.0010149198500431,7.032542398348743e-05,
bc,900108,155,0.1391394759967582,17987910.0,True,catalogue_selected,0.8852083856651172,336.9278731502751,65,50,0.73,0.0962524533920311,0.0133166210501251,1370163.7495103886,164607.68049553872,0.1201372,0.0170288141555366,0.0009989921852261,
bc,900108,160,0.1303168904274568,7378287.0,True,catalogue_selected,0.7767846959197957,234.99458292096327,21,12,0.73,0.0242479692068524,0.0037853204367364,1236653.2611714343,145376.7771307505,0.1175566,0.0052311900499377,0.0003880623852715,
bc,900108,161,0.2159431193911517,12379192.0,True,catalogue_selected,0.6113756849253915,54.3008437800032,159,79,0.73,0.0443184362688764,0.0015586952703712,12889599.89062535,1850241.0603701728,0.1435453,0.0207842771720385,0.0020501894557546,
bc,900108,162,0.2294192655275283,11313955.0,True,catalogue_selected,0.7139708803342356,37.50301274457001,1338,319,0.73,0.0613001111168835,0.0007338400092874,14392052.91010964,2485544.027942663,0.1727025,0.0251197903029928,0.0026698690066545,
bc,900108,163,0.0757638007369564,16680150.0,True,catalogue_selected,0.9294765591887332,419.1725101352295,2,2,0.73,0.09984277404879,0.0700843725320779,175057.03030173495,23251.93842964068,0.1328249,0.0163481740688144,0.0043674580505405,
bc,900108,164,0.2104730353967296,5111812.0,True,catalogue_selected,0.7330214589600347,44.78379325324706,285,79,0.73,0.055217323998218,0.0013484652498152,4497937.451144541,739974.1852539654,0.1645141,0.0136882250788889,0.0008648718777282,
bc,900108,165,0.180192888947485,17961722.0,True,catalogue_selected,0.7698153034239948,195.50814959276823,9,3,0.73,0.0440928337972135,0.0007330591001924,4725362.252149367,1037377.066835004,0.2195339,0.012127434192161,0.0011407539551954,
bc,900108,167,0.2756949525312548,15473373.0,True,catalogue_selected,0.5810155483005498,56.016846939707335,1171,131,0.73,0.0376391555659562,4.894049503105244e-05,11268672.064462053,2409408.2492690347,0.2138147,0.0179915038420279,0.0025470389562257,
bc,900108,168,0.1669664744185916,20080182.0,True,catalogue_selected,0.7774318025933548,218.3432081256031,124,50,0.73,0.0789818218347939,0.0028787083683337,4631670.418759608,805377.4404019312,0.1738849,0.0176766136602136,0.0010287531209287,
bc,900108,171,0.1854540609079154,5449084.0,True,catalogue_selected,0.8527205473696433,30.650524612855623,1343,344,0.73,0.0557605177532023,0.001835451223605,7380145.603662951,1209699.3524309902,0.1639127,0.0168193800161765,0.0013910145273031,
bc,900108,172,0.1694591243671241,11200554.0,True,catalogue_selected,0.7902413388273357,33.752900199106435,15188,4805,0.73,0.0998334213991063,0.0059464331736733,4941267.262034015,744909.892819862,0.1507528,0.0213791274867289,0.001155004859049,
bc,900108,173,0.2528926966629636,3697317.0,True,catalogue_selected,0.5491412543830089,95.8557315135619,42,8,0.73,0.0720231117641931,0.0003535039389385,17741251.15171887,3302785.4961542347,0.1861642,0.0303920106714494,0.0035091962328089,
bc,900108,174,0.2099102412755883,6395205.0,True,catalogue_selected,0.6224745269009141,30.148264619322266,1833,534,0.73,0.081051364667244,0.0022120641663489,10051368.10196821,1761152.3014236658,0.1752152,0.0237341086758973,0.0019966110919578,
bc,900108,176,0.3393659848988292,18775693.0,True,catalogue_selected,0.5308556148876666,56.15266471466619,375,11,0.73,0.0177187647547134,1.4538585281357488e-06,33682705.651563905,6893698.627114672,0.2046658,0.0384327938005373,0.0072788949696831,
bc,900108,177,0.2452592406718735,9453411.0,True,catalogue_selected,0.6199957055256207,36.50356428092724,584,161,0.73,0.0872311417661224,0.0012065229721829,18750542.360978805,3021765.511037351,0.1611562,0.033919680586732,0.0032653363778289,
bc,900108,178,0.2558859903577453,20070450.0,True,catalogue_selected,0.6276102007432374,307.13263456812825,8,1,0.73,0.104004137627807,0.0005068619613144,18805978.594603635,3871784.760827207,0.2058805,0.0366935588804132,0.0041194849098733,
bc,900108,179,0.0804443362177273,6566398.0,True,catalogue_selected,0.9425678860536544,75.67811681288687,141,112,0.73,0.0208091144080959,0.006350512613189,135034.31049998934,19245.651932359146,0.1425242,0.00351132178367,0.0004138419878133,
bc,900108,181,0.271052789713983,9311773.0,True,catalogue_selected,0.6734522406425295,44.74010258655029,948,412,0.73,0.0600634431467837,0.0019383176933166,17634274.89443871,1878594.796531425,0.1065309,0.0283429326212311,0.0021036511337072,
bc,900108,182,0.1688351247794761,2824756.0,True,catalogue_selected,0.859801555553085,32.50087749738594,812,200,0.73,0.073401105546602,0.001210321446391,4149534.952662844,892421.2720599271,0.2150654,0.0162640939308122,0.0010172748598667,
bc,900108,183,0.200537591939408,16155408.0,True,catalogue_selected,0.7977520899416585,386.9752492241015,18,1,0.73,0.0001194324974986,0.0,402339.8519918821,69119.14000040948,0.1717929,0.000444150648286,7.298037826387065e-05,
bc,900108,184,0.1783457278727556,14760801.0,True,catalogue_selected,0.8487032101797893,64.13915312402968,664,231,0.73,0.042911115506949,0.0025653480498449,3476204.1759648365,522573.7761271928,0.1503288,0.0106171878514737,0.0007107331002357,
bc,900108,186,0.2705623350948818,7634783.0,True,catalogue_selected,0.6284929568503257,58.63974807184425,3092,847,0.73,0.0616861858760852,0.0006266929896806,21601088.02630406,3194779.018206245,0.147899,0.0327940483108835,0.0034120847956273,
bc,900108,187,0.1677463891523465,10020748.0,True,catalogue_selected,0.7736533947686545,181.85607616538803,30,17,0.73,0.0693771525676416,0.0080091589782921,3281918.2159079085,416653.29896770447,0.1269542,0.0146965797452696,0.0009362312995235,
bc,900108,188,0.1970004366225411,5915742.0,True,catalogue_selected,0.8658916134074702,49.63454453450794,2725,695,0.73,0.0424023125005718,0.0004800695848517,4760566.036284056,960546.8016419763,0.2017716,0.0118909296287502,0.0010439547200646,
bc,900108,189,0.1193098121303374,6595632.0,True,catalogue_selected,0.8701461791702183,91.69452141764684,1230,792,0.73,0.0137073914079361,0.002859183080532,179371.95565659637,24051.65818098353,0.1340882,0.00240845321181,0.0002025698120586,
bc,900108,190,0.2758415220595762,11107302.0,True,catalogue_selected,0.6541002233790335,168.38847835559497,300,38,0.73,0.0518985312782401,8.158912906624088e-05,22712658.340964213,4284101.141019649,0.1886217,0.0323832119339142,0.0045284819192211,
bc,900108,192,0.2312615703917435,7680104.0,True,catalogue_selected,0.7868864831885551,86.5913918708544,721,231,0.73,0.1292709921276738,0.003325955630142,12782888.588072656,1863793.4114782857,0.1458038,0.0344243960777752,0.0021740104307768,
bc,900108,195,0.155853913442046,18679048.0,True,catalogue_selected,0.836409287548585,126.11322204528734,160,89,0.73,0.0814856672656088,0.0102713230353266,2606918.3688357603,318317.18779085623,0.1221048,0.0159440941360842,0.0009725809480015,
bc,900108,196,0.1220358937739876,191197.0,True,catalogue_selected,0.9277214787251788,158.93501165546587,28,17,0.73,0.0098122472604613,0.0029805817526349,292930.87594761373,29471.253477845174,0.1006082,0.0018977791986218,0.0002158148572356,
bc,900108,198,0.1550783348934213,5659955.0,True,catalogue_selected,0.8421939510211058,80.98549230158378,40,23,0.73,0.0380788979926676,0.0037016639882829,2244477.1707281177,282820.34653648135,0.1260072,0.0085343746631529,0.0005280001100259,
bc,900108,199,0.2965761807066973,11696778.0,True,catalogue_selected,0.6496129634246594,27.293549514771133,6658,1937,0.73,0.0724971109916207,0.0006431035305821,28292581.99653812,4186953.0608100826,0.1479877,0.0416095107109034,0.0044607020792659,
bc,900109,3,0.2100551604218641,17370209.0,True,catalogue_selected,0.7514464103825157,1424.7236072062765,1,0,0.73,0.5254369885492751,0.0,11374269.71817324,1682253.0255880065,0.1478999,0.0970715708572304,0.0017762295963495,
bc,900109,4,0.1613014430635726,3659802.0,True,catalogue_selected,0.8791778275191452,50.80729718236565,136,41,0.73,0.0508275274155699,0.0030200910286351,3159687.246215357,465555.7841666111,0.1473424,0.0115645605289933,0.0006787088686158,
bc,900109,5,0.3055077094536398,15430539.0,True,catalogue_selected,0.6574669498686575,38.33269292101996,932,208,0.73,0.0176543614170598,5.9001866946416856e-05,10332068.23458376,1710747.851232972,0.1655765,0.0137672815279813,0.0018099724024901,
bc,900109,8,0.1798043154535325,11915702.0,True,catalogue_selected,0.7537626925031531,44.81856820938026,473,191,0.73,0.0923391794638714,0.003139918476585,7329821.903243264,1280279.6202989437,0.1746672,0.0226878880483811,0.001546371372176,
bc,900109,11,0.2008654803571367,19137911.0,True,catalogue_selected,0.930899374029929,336.9278731502751,65,25,0.73,0.0669428451723877,0.0046299087138613,8742530.343072869,1221260.216014717,0.1396918,0.0200681559420685,0.0015763849246778,
bc,900109,12,0.1980253106796775,18208239.0,True,catalogue_selected,0.747411339338568,307.13263456812825,13,5,0.73,0.2538886775388421,0.0028281074277752,9372541.918350946,1606299.2753490717,0.1713835,0.0509976317362961,0.0018712816861021,
bc,900109,14,0.157375370687451,16938047.0,True,catalogue_selected,0.7455601043804103,41.352518547835984,528,195,0.73,0.0523796536127364,0.0048592401158376,3076999.1323577054,438430.5452166016,0.1424864,0.0117285236279958,0.0007640345776801,
bc,900109,15,0.2822963544385559,13059678.0,True,catalogue_selected,0.6931832514973972,994.9974612426676,49,1,0.73,0.0585926159503329,5.550382903618454e-19,16196024.212014733,2924747.6854675445,0.1805843,0.0265862270604835,0.0030881343779818,
bc,900109,17,0.2896181539085324,3896901.0,True,catalogue_selected,0.6118440243117891,262.3441467922373,14,0,0.73,0.0193834344752696,0.0,11003444.204161365,2506576.1791211744,0.2277992,0.0147560789392985,0.002646602340515,
bc,900109,18,0.1795111109446374,4380206.0,True,catalogue_selected,0.7628183651577612,589.8166147157915,5,2,0.73,0.1169150847788547,0.0004520087655802,1846841.8230731972,299790.31203376263,0.1623259,0.0208771512947396,0.0003445472086317,
bc,900109,19,0.1371495350639381,2457004.0,True,catalogue_selected,0.7958413374489459,135.05974619098578,141,104,0.73,0.0443401754112151,0.0116999749219153,1113877.7697582608,90689.4849103146,0.08141781,0.0083542411006641,0.0008207662054941,
bc,900109,23,0.156294883811563,12565228.0,True,catalogue_selected,0.6613984079484571,308.7083631539789,3,1,0.73,0.0781145965032978,0.0005476457864137,3305577.3357651467,499555.8822564092,0.1511252,0.016136047059559,0.0005613987102886,
bc,900109,24,0.1946124202392657,7870454.0,True,catalogue_selected,0.6564143953281268,128.0257586852264,608,296,0.73,0.077587251531686,0.0048607828538351,7773154.687779429,1043569.557608098,0.134253,0.0207678282218264,0.0014030743822746,
bc,900109,25,0.1030067139795492,11217628.0,True,catalogue_selected,0.8757747761166019,168.27646830916524,17,14,0.73,0.052797166426974,0.0035802061572495,522613.3679104784,98567.01552263544,0.1886041,0.0090990311662792,0.000325927381776,
bc,900109,26,0.0408588520267729,834507.0,True,catalogue_selected,0.9755656030750528,667.3384720182261,1,1,0.73,0.0285451865999132,0.0158205740212747,7224.792127969578,924.558642352981,0.1279703,0.0046287489129472,0.0009813272043988,
bc,900109,27,0.1157968628396432,10806913.0,True,catalogue_selected,0.8869883295648767,95.98280691546908,22,19,0.73,0.0313300177818953,0.0093281413005032,763581.4901459656,80707.79331280972,0.1056964,0.0058781888482245,0.0006632518643373,
bc,900109,28,0.1768211387213188,13921791.0,True,catalogue_selected,0.8733128928578674,36.11194909791417,3601,1696,0.73,0.10239499220176,0.0079511852618118,5458453.932990175,754961.8274058312,0.1383106,0.0223398933604695,0.0012898464841675,
bc,900109,29,0.1896218988057086,8834856.0,True,catalogue_selected,0.8094601731900606,75.18426845986467,125,35,0.73,0.0390985843044572,0.0007976147836872,6010714.376095957,1203390.3165824187,0.2002075,0.0126760820082579,0.0013200416007507,
bc,900109,30,0.0970983411433193,19406142.0,True,catalogue_selected,0.9186817372207604,168.38847835559497,223,170,0.73,0.0365640543577174,0.0100594780808894,353828.38746381964,42537.8141253065,0.1202216,0.0062928727233858,0.0006682682059312,
bc,900109,32,0.2442309408836661,12296806.0,True,catalogue_selected,0.6563122757918886,26.313859797768018,1146,264,0.73,0.0767078267189359,0.0007261320090722,15540247.146392465,3177318.552615912,0.2044574,0.0288264495408284,0.0033998108489327,
bc,900109,36,0.2154874311717851,11609142.0,True,catalogue_selected,0.8519319834544724,50.4414977178912,308,128,0.73,0.0471359112542286,0.0025757482402482,7274604.357396505,860933.6372771342,0.1183478,0.0153117233683795,0.0010686394002413,
bc,900109,37,0.1921525939637157,19306215.0,True,catalogue_selected,0.8423749749680802,276.148343063909,5,2,0.73,0.0656576095734807,0.0031491347871818,5926782.408828686,803667.4377394834,0.1355993,0.0168870463234517,0.0010437050624321,
bc,900109,38,0.1011859196591861,3709899.0,True,catalogue_selected,0.8798140475238103,386.9752492241015,14,4,0.73,0.0293305953264659,0.0071458613592932,193119.4839738269,26319.721821554034,0.1362872,0.0049521765111177,0.0004705964895047,
bc,900109,39,0.2933317967763307,8324139.0,True,catalogue_selected,0.5467796050551855,1068.0998922314843,0,0,0.73,0.0,0.0,28036029.76232986,8240344.281959212,0.2939198,0.0296022209920413,0.0087006788961544,1.0
bc,900109,40,0.2783570019280004,5708045.0,True,catalogue_selected,0.59556989961495,39.07359280183597,77,7,0.73,0.0373211808458485,1.3475644378594797e-05,13298702.754360251,3491302.634421442,0.2625296,0.0200834629242334,0.0036871741221624,
bc,900109,41,0.1811760390655178,7721909.0,True,catalogue_selected,0.7459916501945217,234.99458292096327,26,13,0.73,0.0552157947900161,0.0023130044440875,5383500.322913549,704896.3403028907,0.1309364,0.0146230110470253,0.0008876039079805,
bc,900109,43,0.1978431649871095,12783168.0,True,catalogue_selected,0.7332501394153843,36.93631158329696,5711,1156,0.73,0.0965316292745401,0.0029425412465539,9153121.534288865,1388448.8414781007,0.1516913,0.0252917505354291,0.0016483524630464,
bc,900109,45,0.1134326797916422,2660658.0,True,catalogue_selected,0.9441356117241292,257.3198853700213,9,6,0.73,0.0214498238756602,0.0041209155623684,433653.162139845,60455.003032844215,0.1394087,0.0039303456494624,0.0003191923520166,
bc,900109,46,0.1182048580896976,16765730.0,True,catalogue_selected,0.8080492274488265,46.60950645461511,986,653,0.73,0.0647062300144858,0.0126334155938262,1048130.1090633442,155268.2824208699,0.1481384,0.0115818385014905,0.0009467949715702,
bc,900109,50,0.1365216751464773,17817003.0,True,catalogue_selected,0.833086083552134,406.7105275653722,2,1,0.73,0.0698194709539981,0.0013834490556601,612339.5656888838,89128.06367651258,0.1455533,0.0119494750401868,0.0001798350386081,
bc,900109,51,0.2252226558377801,7681687.0,True,catalogue_selected,0.6858407497006496,147.9905701953819,465,91,0.73,0.0477664347322854,0.0003303905069163,12565152.313944716,2327422.0463224784,0.1852283,0.0209998940677674,0.0024779132837911,
bc,900109,52,0.1692768149922947,18892377.0,True,catalogue_selected,0.7699126598833688,32.16812997088113,3262,1404,0.73,0.0476817411812368,0.002629158749057,5850200.862827338,787905.0448912735,0.13468,0.0138961109493051,0.0009948408543446,
bc,900109,53,0.1245332102157012,13645367.0,True,catalogue_selected,0.9317950637048232,191.1097339359392,250,97,0.73,0.0513322879182076,0.0057028803152688,1490925.198802092,211006.0514125108,0.1415269,0.0098842901857048,0.0005761830699568,
bc,900109,54,0.2991241194706307,15265466.0,True,catalogue_selected,0.6296770524587192,25.45382316739321,462,41,0.73,0.0102648693412896,9.51371970025778e-07,6307001.693268262,1796708.149542611,0.2848752,0.0083210912056497,0.0018971375396008,
bc,900109,55,0.1968207320636317,2425333.0,True,catalogue_selected,0.7257126758437921,38.72728425647463,490,106,0.73,0.0493213850286251,0.001555594173339,8179949.98305819,1318601.5220446002,0.1611992,0.0166214465604539,0.0014886584977701,
bc,900109,56,0.0769060848004483,9192191.0,True,catalogue_selected,0.9118619430602942,74.58357997650322,100,88,0.73,0.0186962499803884,0.0071793130932575,138448.83520450085,15764.517057354982,0.1138653,0.0031728798553923,0.0004615245321614,
bc,900109,62,0.1377709020450259,18025041.0,True,catalogue_selected,0.8848661457300463,56.0359521222489,290,181,0.73,0.0600897391305105,0.0163042551044724,1110735.302317423,144320.1019287909,0.129932,0.0109005869933426,0.001162705515909,
bc,900109,63,0.1527458279849561,2213319.0,True,catalogue_selected,0.904548256381727,64.13915312402968,547,284,0.73,0.0493477629193865,0.0062015781658848,1956183.1538865424,274341.0677994955,0.140243,0.0100542684877552,0.00067395893359,
bc,900109,67,0.1840071240263443,17811758.0,True,catalogue_selected,0.8003710303266999,35.025354893588,7457,3419,0.73,0.0795776769341479,0.0052714422319149,7909034.651935227,1067731.399123313,0.1350015,0.0212335247214798,0.00145403325367,
bc,900109,68,0.1176056282658545,20515670.0,True,catalogue_selected,0.9427146741219524,56.52423917219187,951,638,0.73,0.046229536217973,0.0114324576549185,805842.9263864271,94973.01799331886,0.1178555,0.0083348630144344,0.0008087118318226,
bc,900109,69,0.2364232016700596,17095219.0,True,catalogue_selected,0.7175522840653232,29.87131004838968,4452,1708,0.73,0.0330338731817329,0.0008079460167176,12441178.140526883,2273240.79910272,0.1827191,0.0184839707042704,0.0024502978879351,
bc,900109,70,0.1992216465502393,14217136.0,True,catalogue_selected,0.8369634557845992,30.123290191501336,1889,737,0.73,0.0311682137556276,0.0019706139923492,1990881.75096518,274502.3348074657,0.1378798,0.0071478563030392,0.000411949724853,
bc,900109,75,0.1471629016481885,8178520.0,True,catalogue_selected,0.8401215294468445,69.61143882866557,639,426,0.73,0.0505644616751465,0.0068360257096086,1920429.953601948,233785.83993520777,0.1217362,0.0102134868031829,0.0006704528581931,
bc,900109,77,0.1412285251433433,6772508.0,True,catalogue_selected,0.918169174532409,74.79517255519544,87,60,0.73,0.0241625359574018,0.0046024400902836,1256450.9463696172,149107.3702947134,0.1186735,0.0052382630935062,0.0004426357062306,
bc,900109,78,0.2389048383109484,19404448.0,True,catalogue_selected,0.6763980236194276,64.76523630744823,2893,1010,0.73,0.0539261295614957,0.001389456484162,11412300.40190216,1385893.3139085546,0.1214386,0.0207798198978787,0.0015494144180158,
bc,900109,79,0.2111092014590787,4409928.0,True,catalogue_selected,0.804860728808315,182.02522096909468,60,17,0.73,0.0772083570538651,0.0017312493265441,9707705.479600834,1392659.944508651,0.1434592,0.0227491113909488,0.0015777388791572,
bc,900109,80,0.2284968662281725,9705275.0,True,catalogue_selected,0.6821013507944311,175.63948635743802,417,56,0.73,0.0617023108161469,0.0002798796789776,12796557.190840142,2410340.971904037,0.1883586,0.0235002758488114,0.0025623343557455,
bc,900109,81,0.1250130963422289,1842458.0,True,catalogue_selected,0.886665757141026,38.98028315180833,1878,935,0.73,0.0517769164802068,0.007012119494573,1521786.3545114526,191531.80788853223,0.1258599,0.0099888553414871,0.0006367503428956,
bc,900109,85,0.1084378283643447,12395333.0,True,catalogue_selected,0.8677539430624642,34.867938606676205,8538,5786,0.73,0.0297561185109529,0.0087759849669841,561955.6025641531,63139.170155914726,0.1123562,0.0054105041703381,0.0006104864123117,
bc,900109,91,0.1798601996858028,18046525.0,True,catalogue_selected,0.8090486314580192,221.1338187340414,20,8,0.73,0.0732149032649075,0.0069226257363712,6299053.538961877,1007634.49517317,0.159966,0.0185035482878472,0.0014928977511604,
bc,900109,96,0.2158629395958116,4457770.0,True,catalogue_selected,0.6810064035634068,136.12304068130743,2536,395,0.73,0.1020094198520274,0.0004065552053762,10746715.38150652,2638450.443752703,0.2455123,0.0278611561923969,0.002811036507206,
bc,900109,97,0.2854133734060386,7132297.0,True,catalogue_selected,0.6284770689582603,47.62206280017095,384,42,0.73,0.0786116791804789,9.963516490636476e-05,24027564.69931036,5937166.839408295,0.2470982,0.0380961091940668,0.006275011937453,
bc,900109,98,0.2755896830169073,5161666.0,True,catalogue_selected,0.7272859287166349,419.1725101352295,5,0,0.73,0.0147342619964438,0.0,5473945.797119633,1201757.1639697915,0.2195413,0.0081650385004287,0.0012688915459207,
bc,900109,100,0.2835209097449974,17390388.0,True,catalogue_selected,0.5793493130441293,55.23968879524174,1471,183,0.73,0.0503422182431163,8.874473339840187e-05,21026173.573048,3833444.753647153,0.1823178,0.0303505659350642,0.0040530936912163,
bc,900109,101,0.2679414254909862,6397539.0,True,catalogue_selected,0.5783029429138362,82.33201815717514,40,10,0.73,0.056039911717849,8.67966283324847e-05,8894811.213672323,2069952.590242556,0.2327146,0.0184638906786949,0.0021909659351637,
bc,900109,103,0.255097716191321,20473031.0,True,catalogue_selected,0.7296545611387851,235.85577567934249,32,1,0.73,0.3529827625850977,2.317290727782017e-05,17636602.24203745,3598839.106944465,0.2040551,0.0757654855770347,0.0038013188690128,
bc,900109,106,0.155624555844121,9934820.0,True,catalogue_selected,0.8784727243992119,122.19849211982591,15,4,0.73,0.0605587820848782,0.000668390219578,3418256.1900646053,582398.4584322529,0.1703788,0.0134129464960551,0.0006563513152451,
bc,900109,110,0.1490465942656035,13619007.0,True,catalogue_selected,0.8561852921666697,25.273937539836474,3249,1262,0.73,0.0626447139180955,0.0110147352970119,2796499.8769062134,344915.021038319,0.1233381,0.0130941438274125,0.0010467315392627,
bc,900109,111,0.3205376849965947,6743899.0,True,catalogue_selected,0.6051111660796301,61.88914068165919,2145,101,0.73,0.0432737691521797,9.489282001843957e-06,26382365.820296828,5301134.619101994,0.2009348,0.0348616774895366,0.0055978626646909,
bc,900109,114,0.1142661232437138,15439672.0,True,catalogue_selected,0.9085994279645684,44.19698012498672,444,284,0.73,0.0328837978640519,0.0080889730740397,352073.30107094074,47639.44142956423,0.1353111,0.0056952305700751,0.0005515488574123,
bc,900109,115,0.4241935925116721,5813946.0,True,catalogue_selected,0.4612240631216127,296.2851668655232,3,0,0.73,0.0097705724993485,0.0,39538618.36949524,9660052.878763942,0.2443194,0.0433291221890423,0.0101996974085182,
bc,900109,117,0.3750087873016357,6212782.0,True,catalogue_selected,0.4911545838398766,270.0169486273753,48,0,0.73,0.0133374979523529,0.0,37752075.53770844,8249723.157195854,0.2185237,0.0420202188877445,0.0087105817083488,
bc,900109,118,0.4241777438154759,555869.0,True,catalogue_selected,0.362418701934141,31.05391128413028,9702,1162,0.73,0.0151230188850331,2.5457938147500586e-05,47551577.30906162,7171937.648904574,0.1508244,0.052656209541461,0.007574164858829,
bc,900109,120,0.2541936821076336,16972710.0,True,catalogue_selected,0.5518246367006416,41.84865195961499,503,139,0.73,0.0736918467974758,0.0006766374937777,21023927.517013498,4001222.987729452,0.1903176,0.03412821690637,0.0042666744648299,
bc,900109,122,0.0661664868759318,17365594.0,True,catalogue_selected,0.9233032378258538,57.38360026281263,97,82,0.73,0.0198621611860342,0.0075553941349521,97475.72958752463,13381.65981948467,0.137282,0.0033183647730181,0.0004823131142929,
bc,900109,123,0.0913055711905003,125386.0,True,catalogue_selected,0.9365005989076766,43.048423697750906,486,316,0.73,0.0199246893227775,0.0028735227854756,358968.19891744805,54118.11801876241,0.1507602,0.0036045876805923,0.0002352044763093,
bc,900109,124,0.1645784964796071,2178093.0,True,catalogue_selected,0.777606548719084,40.42774537739192,142,47,0.73,0.0345464984671289,0.0010306311168222,3748392.381444127,688426.0642452246,0.183659,0.0095504511005611,0.0007907489201582,
bc,900109,126,0.2823475866742345,4582088.0,True,catalogue_selected,0.5890004673920184,36.61251046020066,586,79,0.73,0.0679029713899027,0.0001090526935867,22276748.55189154,4580727.734559351,0.2056282,0.0345138760060109,0.004843380947898,
bc,900109,127,0.2822241747315483,18991704.0,True,catalogue_selected,0.6542548691942957,187.883818495227,233,44,0.73,0.0613374433856679,0.000181477975054,26734685.94043796,4510222.692672802,0.168703,0.0381579698682676,0.0047734252123032,
bc,900109,129,0.2904264766725627,12774334.0,True,catalogue_selected,0.6249070104973468,56.29529508588652,649,77,0.73,0.0563753352692448,0.0001923183963531,29064375.186985053,4211016.641877027,0.1448858,0.0398144984518819,0.0044581762058188,
bc,900109,130,0.2410605529576205,4168940.0,True,catalogue_selected,0.6407630489903389,29.650515242380088,5785,1049,0.73,0.1008039202015773,0.0006294711547563,15137707.118287766,2883334.7714980603,0.1904737,0.0323022883559039,0.0030834143320128,
bc,900109,131,0.204044520043893,15989641.0,True,catalogue_selected,0.834398108097613,64.96781760041952,3166,872,0.73,0.0448235736063485,0.0015476216137924,2201239.429442569,322573.5954316156,0.1465418,0.0095806029292241,0.0004364949136568,
bc,900109,134,0.1595532028163537,17398297.0,True,catalogue_selected,0.8460621925272618,61.5995118415526,2185,1015,0.73,0.0849552355245543,0.0087048631697139,3211638.415702187,446380.6187363847,0.1389884,0.0171442771158997,0.0010107298830202,
bc,900109,135,0.1111892701561259,8599079.0,True,catalogue_selected,0.9106343520230852,68.45264056268448,33,27,0.73,0.0201745273016284,0.0042313506566329,558331.2291149766,66582.81271219182,0.1192532,0.0038555335783767,0.0003325057966365,
bc,900109,138,0.0796549623642154,12276015.0,True,catalogue_selected,0.9334938554162078,104.3272260849585,77,62,0.73,0.0242791443928229,0.0093727814627425,146143.33845769404,14818.197259838518,0.101395,0.0040848072930564,0.0005964476535453,
bc,900109,140,0.2948844733840269,20401783.0,True,catalogue_selected,0.6021065159012035,126.11322204528734,185,30,0.73,0.0868992404531398,0.000344701626602,25169834.584901188,4426019.682428768,0.1758462,0.0406438462430104,0.0046946327798326,
bc,900109,143,0.1596439679630071,15345383.0,True,catalogue_selected,0.7288453853813549,53.312265178754735,262,107,0.73,0.0721999301497709,0.0066436172657359,2689410.975646008,373953.7314893415,0.1390467,0.0145279465218097,0.0008065280776924,
bc,900109,144,0.1745187771509651,10074808.0,True,catalogue_selected,0.6638436012866167,55.25887968801057,1549,524,0.73,0.0693790124204819,0.002430183910818,4687233.353515224,835850.6103700155,0.1783249,0.0161807018168651,0.001033134985557,
bc,900109,146,0.2326041819024844,19267310.0,True,catalogue_selected,0.745721003800711,26.59454669929407,1216,266,0.73,0.0743068809531184,0.0006761658665474,16111112.525722727,2939508.663710721,0.1824522,0.0290405213828087,0.0031456198192032,
bc,900109,148,0.1365603700866802,2677688.0,True,catalogue_selected,0.9149711976490066,46.29626602503123,362,171,0.73,0.0489509213097705,0.0029878942872627,2110767.626871201,347204.65458867856,0.1644921,0.0101532447354392,0.0005517510983229,
bc,900109,150,0.1861067613920041,7469345.0,True,catalogue_selected,0.7672470873719246,63.52557887928698,1185,454,0.73,0.0806744943503941,0.0040974649078823,4052246.463702831,652117.6648952545,0.1609274,0.0173388442561805,0.0009424542081621,
bc,900109,151,0.2094960738469452,17216550.0,True,catalogue_selected,0.6120249574089381,39.90018420555952,1435,604,0.73,0.0614168435631847,0.0017743804741183,12144586.649629986,2225567.5066492828,0.1832559,0.0227656702439364,0.0024598482881564,
bc,900109,153,0.1597355913524147,16357213.0,True,catalogue_selected,0.6991765669895821,56.49986689465316,153,57,0.73,0.0554765873641929,0.0038598277164094,3137295.6943694875,508087.3048897147,0.1619507,0.0122935446917106,0.0007756521795829,
bc,900109,158,0.3322386431952801,14770849.0,True,catalogue_selected,0.5086001832750242,36.31649693449704,500,88,0.73,0.0124524203325641,2.4137764075105733e-05,25016845.92134837,3951045.768847766,0.1579354,0.0284302711896278,0.0041732608229448,
bc,900109,159,0.1831084591401575,11176246.0,True,catalogue_selected,0.8151592503097075,60.26705346934994,644,208,0.73,0.0822682980404176,0.0042327927928056,4662595.332378112,663458.396996639,0.1422938,0.0182413069031767,0.0009628143149888,
bc,900109,160,0.1264658100973654,17381431.0,True,catalogue_selected,0.901577636076766,105.57418855638647,57,47,0.73,0.003315680167391,0.0018100037524186,300512.5564475245,27823.41510074718,0.09258653,0.0008540687679549,0.0001415379438638,
bc,900109,163,0.2117471665642931,4051009.0,True,catalogue_selected,0.7189507971051703,30.40367816499112,1404,221,0.73,0.0544420792055751,0.0007386581827415,5783460.578463586,943821.9071633192,0.1631933,0.0149200592924622,0.0010423194327148,
bc,900109,164,0.101247461731346,1955669.0,True,catalogue_selected,0.8536248296959067,39.62278683735923,456,386,0.73,0.0123806360174994,0.0051195929127365,374639.1803096998,30538.605854293022,0.08151471,0.0023998430969301,0.0003494896003622,
bc,900109,165,0.1261258993835086,13133399.0,True,catalogue_selected,0.8986935222646065,63.75574683180261,178,69,0.73,0.1033044194978962,0.026064092087226,1577438.7038736637,254858.3750430905,0.1615647,0.0183892962522025,0.0018842051133184,
bc,900109,166,0.2648084145249467,10775414.0,True,catalogue_selected,0.7349344472687733,63.83430935653512,1565,421,0.73,0.0937903407976799,0.0015519590164815,21990693.558415808,2479928.9595739846,0.1127717,0.0384026930301357,0.0027146365113463,
bc,900109,167,0.1060549859024,14123246.0,True,catalogue_selected,0.9395324844871586,114.28843233558096,27,15,0.73,0.0111730120068122,0.0005771645565811,215236.82129599745,40465.54580706322,0.1880048,0.0020360362377564,7.84911578921066e-05,
bc,900109,169,0.3804634626823083,2578143.0,True,catalogue_selected,0.4707424309493797,23.74843477546814,3467,76,0.73,0.0161983934049899,1.2063779183139204e-07,47515125.33979378,13614857.05279403,0.2865373,0.0527918113674453,0.0143754383289294,
bc,900109,173,0.1081687115914315,16890073.0,True,catalogue_selected,0.9215450214627854,183.7784208372273,138,117,0.73,0.0866351973815137,0.0099905315950151,999200.4685634788,190535.435365811,0.1906879,0.0150802101126902,0.0008202610988901,
bc,900109,174,0.3375092495191195,16364924.0,True,catalogue_selected,0.5892979872270397,26.612907883648308,650,51,0.73,0.0081721694411988,2.618778338875672e-07,43977387.083235085,12882830.926075304,0.2929422,0.0477570940090864,0.0136025274003188,
bc,900109,175,0.0865653624793613,7446229.0,True,catalogue_selected,0.8142301177467565,117.03167360854296,238,195,0.73,0.047044254976197,0.0120660756362057,247906.34464983843,27126.38920931616,0.1094219,0.0078776512475935,0.0007763383564987,
bc,900109,176,0.1618277918125875,2005991.0,True,catalogue_selected,0.8558722653658708,177.0123020948896,26,21,0.73,0.0729200315812947,0.0157304412805561,3400165.4567880463,355608.62063193566,0.1045857,0.0153949819618068,0.0013502399243485,
bc,900109,177,0.1406433457298786,12068385.0,True,catalogue_selected,0.8628355184038117,24.781074247911185,6712,2520,0.73,0.0817919688074426,0.0022504715562925,2682707.629768827,644503.6688678751,0.2402437,0.0160737037672672,0.0008199625239863,
bc,900109,181,0.1663062211797811,4542547.0,True,catalogue_selected,0.8565588283852078,410.73417578029085,2,0,0.73,0.0845849382019582,0.0,2892329.3097502496,618686.7926812554,0.2139061,0.0167471836216414,0.0006532488129405,
bc,900109,182,0.1309794776769786,4340173.0,True,catalogue_selected,0.8563397364199126,43.41692830414722,4857,2797,0.73,0.0539284451416993,0.0148152891257134,1567145.7434181122,160436.58310892846,0.102375,0.0103850551376258,0.0010874558021869,
bc,900109,183,0.2934223793067718,10535901.0,True,catalogue_selected,0.5973835910328881,73.65100866643479,1088,38,0.73,0.0596445804828995,4.106051288509326e-06,26263410.31641431,7744784.385734853,0.2948888,0.0373863130978746,0.0081776897201915,
bc,900109,185,0.1241214410283381,13483556.0,True,catalogue_selected,0.8692216419046483,48.09334902527712,214,93,0.73,0.0582167256360466,0.0141252341314691,2124913.2214476764,256323.5394163793,0.1206278,0.0116682022233356,0.0011459388129373,
bc,900109,188,0.2401764402169485,20772838.0,True,catalogue_selected,0.6889257244431274,339.7987207144713,8,2,0.73,0.1826890910659628,0.015580221736408,13100443.464569122,1572960.8082243083,0.1200693,0.0434074349288391,0.0026262890561376,
bc,900109,189,0.2542615265089411,20049816.0,True,catalogue_selected,0.5973697382111166,57.20262169377478,631,100,0.73,0.0919170303025774,0.00072999044934,13809608.008563671,2590213.1702876715,0.187566,0.0294613169517491,0.0027801467903594,
bc,900109,190,0.2644952884040155,1122823.0,True,catalogue_selected,0.5533765643040005,65.59785736462707,108,38,0.73,0.0827122625240463,0.0014345784769918,23246629.38589503,3498714.728577127,0.1505042,0.0379353829430483,0.0037830615353979,
bc,900109,193,0.1942986953758093,9270186.0,True,catalogue_selected,0.7615384959787578,27.33754276830437,1395,312,0.73,0.0774372492222534,0.0007062772264823,7249565.272160192,1761305.3111582194,0.2429532,0.0201907056999581,0.0019034637893048,
bc,900109,194,0.2246752068663543,10506880.0,True,catalogue_selected,0.7007386451596612,299.25833132273544,26,2,0.73,0.2002520598173182,0.0001148164187195,13025413.005053656,2412677.9928408405,0.1852285,0.0461714452588612,0.0025545734820699,
bc,900109,195,0.224598498974142,5928872.0,True,catalogue_selected,0.7676066164532694,128.75812784012476,14,3,0.73,0.0791418348545774,0.001948060621197,12078306.941771092,2091653.5894011687,0.1731744,0.0255651496633019,0.0023292158785724,
bc,900109,197,0.1121037320360197,19102661.0,True,catalogue_selected,0.8799416818139297,63.67264990229036,63,34,0.73,0.0236268820129666,0.0024573381174824,870062.6586456196,123940.93601111484,0.1424506,0.0047435739010071,0.0002831381932984,
bc,900110,0,0.1979965476813781,9442503.0,True,catalogue_selected,0.7641706614059459,39.30803667661059,2919,1324,0.73,0.0711183682102279,0.0100160406338989,3843612.084045484,403460.28912074136,0.104969,0.0155715335647633,0.0010466613984259,
bc,900110,1,0.1341713436095094,6380584.0,True,catalogue_selected,0.8599832275379913,1068.0998922314843,1,1,0.73,0.8534137823711616,0.0416036662911647,778215.2779066274,143936.52547381577,0.1849572,0.1389790603010242,0.0027300251047282,
bc,900110,3,0.2574156960733507,7121495.0,True,catalogue_selected,0.6941903637777469,43.81572669304647,517,47,0.73,0.0491582985912228,1.5058510801189738e-05,18807442.040257476,5607047.941770758,0.2981292,0.0278162259805134,0.005921210489026,
bc,900110,4,0.1788382504914647,15362416.0,True,catalogue_selected,0.8290839514546545,75.18426845986467,291,129,0.73,0.0910134545715423,0.0041439547942312,5996479.368346264,1159440.584045628,0.1933536,0.0210654414816002,0.0014809988013125,
bc,900110,5,0.1295715905327969,16262728.0,True,catalogue_selected,0.9485429664106628,63.625250032077446,273,148,0.73,0.0427343975333569,0.0080164771124006,1067850.6582267368,144669.97656441585,0.1354777,0.0080456867327667,0.0006495075137756,
bc,900110,6,0.2134067478283774,18123311.0,True,catalogue_selected,0.6999779364837233,34.70780327816902,261,83,0.73,0.0334190609300611,0.00066707852013,9877057.678281998,1980016.4284167024,0.2004662,0.0158389666930294,0.0021319638588069,
bc,900110,7,0.2624042390873675,5522605.0,True,catalogue_selected,0.8350210955379235,667.3384720182261,1,0,0.73,0.0049835399283662,0.0,4290036.423761937,906294.6402102456,0.2112557,0.0053364677964514,0.0009569234463951,
bc,900110,8,0.1319370652578189,3806586.0,True,catalogue_selected,0.8333246414458162,24.65440531984506,361,106,0.73,0.0157774867627147,0.0005470691991753,620023.4158841718,122097.64088194072,0.1969242,0.0032088444170809,0.0001628185946804,
bc,900110,9,0.0954265514897188,13843388.0,True,catalogue_selected,0.9256264807533,270.0169486273753,35,30,0.73,0.0161287593737073,0.0042033141775257,184599.56351130837,20748.50262443817,0.1123974,0.0028059630447001,0.0002823736887345,
bc,900110,11,0.1945092766800286,3653397.0,True,catalogue_selected,0.6639528954626538,589.8166147157915,9,4,0.73,0.0187126161449797,0.0002733252532095,4471550.025317519,762385.5283821435,0.1704969,0.0077506928023271,0.0008219121679662,
bc,900110,12,0.1953780692753393,18687656.0,True,catalogue_selected,0.8891922457601172,64.64036122792551,457,180,0.73,0.0743014556072522,0.0028523899033494,4979799.593770563,884455.6667775813,0.1776087,0.017286495861987,0.0011106180630224,
bc,900110,13,0.1959853211859359,14482975.0,True,catalogue_selected,0.7650466132660153,34.867938606676205,12127,5617,0.73,0.0336144115820621,0.0029515528905973,2720109.99963767,348859.4961236281,0.128252,0.008313831653147,0.0005512464235735,
bc,900110,14,0.1609109763199658,18489194.0,True,catalogue_selected,0.8854908642771818,36.03391003064969,902,329,0.73,0.0628922363877397,0.0044326114012069,3713170.745752523,542666.0045858326,0.1461463,0.0141020940496592,0.0008476561626496,
bc,900110,16,0.264028243852779,19307586.0,True,catalogue_selected,0.5617712377859336,46.60950645461511,1037,98,0.73,0.0589364995486091,0.0001051762279815,12736148.372470932,2804393.5899156663,0.2201917,0.0229887409836437,0.0029675743179558,
bc,900110,17,0.1374315295260048,13268868.0,True,catalogue_selected,0.8802093291878711,56.20607173499768,574,289,0.73,0.0385290866364722,0.011579339767377,1939673.6297146392,187782.6003890705,0.09681144,0.0082854238216742,0.0009158079044418,
bc,900110,18,0.2423966199222948,18634649.0,True,catalogue_selected,0.6461696132698882,168.27646830916524,30,2,0.73,0.1165125623927698,2.292014470259989e-05,13508145.30016358,3617007.927450033,0.267765,0.0331247326920508,0.0038204870008361,
bc,900110,19,0.2003870548784442,7469968.0,True,catalogue_selected,0.7596717304025882,257.6790023132774,117,60,0.73,0.0620260429485107,0.0069752548393201,6203660.74070941,660058.7024482167,0.1063983,0.0165914853321011,0.0011291664114345,
bc,900110,20,0.1883424876994364,19892765.0,True,catalogue_selected,0.7949654075424017,71.98952937570598,2521,1115,0.73,0.0806427512778207,0.0061267450283134,6959662.993314808,798690.1367423619,0.1147599,0.0204035404793981,0.0012229628125976,
bc,900110,23,0.2163650210348454,8896282.0,True,catalogue_selected,0.6877470479332716,285.768509871934,29,15,0.73,0.0839547797367315,0.0042417276689056,6518295.666997271,884761.3056683487,0.1357351,0.0204736941775833,0.0011970336485442,
bc,900110,24,0.244452984521403,359065.0,True,catalogue_selected,0.7148973550908686,28.55928311370242,8390,1735,0.73,0.0737182743305384,0.0004193800927302,16159538.848794997,3091014.310906217,0.1912811,0.0289963646763333,0.0032896769014749,
bc,900110,25,0.1531551892531359,6930769.0,True,catalogue_selected,0.8103163418873154,54.34334964951975,2706,1262,0.73,0.069272083756861,0.0073514808108839,3955726.66583491,579335.6062704595,0.1464549,0.0153910201352148,0.00106724737419,
bc,900110,26,0.1926221505155108,8314762.0,True,catalogue_selected,0.7304397521732129,50.384642965484566,3416,931,0.73,0.060215353185416,0.0018558414735093,5645230.866898258,977220.2499517192,0.1731055,0.0157087308251651,0.0011468118438693,
bc,900110,27,0.1877587916840849,5064880.0,True,catalogue_selected,0.897828099042876,39.48156178990438,161,51,0.73,0.0374372202900986,0.0008933621537639,2221000.56844802,441321.3265453712,0.1987038,0.00840570671495,0.0005213339186804,
bc,900110,29,0.1577147856100655,12719486.0,True,catalogue_selected,0.6881351454740728,536.3839644445267,0,0,0.73,0.0,0.0,2212502.932794817,338872.42421279324,0.1531625,0.0023361011283463,0.0003578030296976,1.0
bc,900110,30,0.099065555165798,17394570.0,True,catalogue_selected,0.9087575058062316,55.23968879524174,1629,1186,0.73,0.0399350338617479,0.0112701128549432,466900.6002677152,54725.701889690645,0.1172106,0.0069579823647202,0.0007561561646599,
bc,900110,34,0.21142801665085,16203442.0,True,catalogue_selected,0.7240346892048766,336.9278731502751,63,25,0.73,0.0437357392752659,0.002720222783357,4590876.490452922,662058.4273497418,0.1442118,0.0119276262979873,0.0008676069526689,
bc,900110,35,0.1708204470159994,4608985.0,True,catalogue_selected,0.7738462759058119,485.945860890477,1,0,0.73,0.0187284286031221,0.0,4638860.728631949,732612.8014972608,0.1579295,0.007929909915743,0.0007735391293049,
bc,900110,37,0.2074569585482402,5194550.0,True,catalogue_selected,0.7305568767858608,410.73417578029085,9,1,0.73,0.167563275659569,0.0001273141189519,7277807.911023186,1759665.1708207314,0.2417851,0.0348108398737094,0.001865855510066,
bc,900110,38,0.178257699702603,17269600.0,True,catalogue_selected,0.7611769849046331,55.74574537392985,2366,869,0.73,0.1130923306520946,0.0078745239482706,5745108.627957866,823696.0649529152,0.1433735,0.0243743313289534,0.0013576699985377,
bc,900110,40,0.1246539336370098,2409972.0,True,catalogue_selected,0.8516052675065879,83.08265043593336,1094,722,0.73,0.0224118901249243,0.0060904344786526,757477.0451442943,77488.21300302664,0.1022978,0.0044280063651668,0.0004592219627545,
bc,900110,42,0.059128725648665,934711.0,True,catalogue_selected,0.9478712104478536,257.3198853700213,7,7,0.73,0.0126124154951424,0.0028402301576523,37448.05210679572,4865.4006396978,0.129924,0.002081337580912,0.0001811372899293,
bc,900110,43,0.3478675382777841,17827352.0,True,catalogue_selected,0.5562478022928912,24.565731073501137,13492,2760,0.73,0.0100986387629323,1.5034700846310112e-05,32240108.78058429,5010841.174719196,0.1554226,0.0356760021452982,0.005291696039585,
bc,900110,44,0.2004442476244078,16286925.0,True,catalogue_selected,0.7934042960040552,994.9974612426676,129,50,0.73,0.0831715081352798,0.0083244990548142,9754000.727252023,1399742.314769362,0.1435044,0.0237633549026877,0.0019937797538464,
bc,900110,45,0.1517336608046268,19880858.0,True,catalogue_selected,0.8596911712376936,39.1631128605062,424,142,0.73,0.062551147335185,0.0049200454903865,2042592.934423592,313850.046000838,0.1536528,0.0122829736932231,0.000636262490592,
bc,900110,48,0.2473596871561358,5116629.0,True,catalogue_selected,0.6630438674842,45.714942233754016,5359,2385,0.73,0.0402875762709808,0.0016752987996567,7270130.703941171,747924.5380090451,0.1028764,0.0141983371828506,0.0008935192078036,
bc,900110,51,0.1777359758903865,3088069.0,True,catalogue_selected,0.7215015116613338,122.19849211982591,27,12,0.73,0.0739108919616453,0.0027190718100428,4973245.353972155,896747.9724074809,0.1803144,0.017216347948096,0.0011153357589737,
bc,900110,52,0.2763091779757227,18160833.0,True,catalogue_selected,0.6401651243167124,29.67466154646216,639,98,0.73,0.06396826911386,0.0001254852762512,26215201.50844729,5252389.202156973,0.2003566,0.03803536408007,0.0055535820626551,
bc,900110,53,0.2123227329621287,5531611.0,True,catalogue_selected,0.599179973275672,385.538769323715,45,20,0.73,0.013925875597517,0.0007606446623971,2881419.325472613,333666.7076746009,0.1157994,0.0052968163994371,0.0003994412504609,
bc,900110,56,0.1056289180082336,20107021.0,True,catalogue_selected,0.8892078907757115,128.75812784012476,8,7,0.73,0.0302847093876558,0.00216650369838,424794.4460835205,54332.96760191827,0.1279041,0.005351253180019,0.0001916195887134,
bc,900110,57,0.069958722576324,1034012.0,True,catalogue_selected,0.9399353543328484,76.5531063365683,39,6,0.73,0.0010202862637748,5.744634237499909e-06,91820.84242544802,12060.059492551394,0.1313434,0.0002621222855916,1.308975366999301e-05,
bc,900110,59,0.3188861394493347,4820161.0,True,catalogue_selected,0.6235581005522797,33.30512401745811,191,13,0.73,0.0199244150966979,2.445876706258786e-06,25715065.279699396,6057470.249435359,0.2355611,0.0303771211318577,0.0063960134059109,
bc,900110,60,0.1561305587793902,1710447.0,True,catalogue_selected,0.8377116412095813,1424.7236072062765,1,1,0.73,0.4154441158323578,0.0185400046871172,3498089.673231798,445145.88885589567,0.127254,0.0709488837251191,0.0016188788284976,
bc,900110,61,0.2099557387531665,11838043.0,True,catalogue_selected,0.6522565472351545,61.962260005145644,93,23,0.73,0.0678093630649276,0.0012298713984178,8806034.81846473,1501426.0163138737,0.1704997,0.0202754867689622,0.0016615121998724,
bc,900110,62,0.1948501785555594,16747496.0,True,catalogue_selected,0.7344568594278121,23.81279793836828,16882,11654,0.73,0.0949161066598487,0.0178846260914127,10637362.059452504,1028705.5281008146,0.09670683,0.0265973723815561,0.0021944264203556,
bc,900110,63,0.2364869746399309,16409512.0,True,catalogue_selected,0.7465170412598635,38.72728425647463,677,169,0.73,0.0162426955152635,5.33305811072332e-05,2086957.139661198,392051.6303877834,0.187858,0.0048330378894566,0.0004172577410151,
bc,900110,64,0.0824882683167758,10969663.0,True,catalogue_selected,0.809793038390669,55.25887968801057,668,472,0.73,0.0135691373837783,0.0029763257250092,145794.50060424028,21733.2637505307,0.1490678,0.0023506183473921,0.0002073808635987,
bc,900110,65,0.3160374058239302,14194107.0,True,catalogue_selected,0.5707809821435877,67.38964371443768,289,9,0.73,0.0505625961804927,4.337330968318642e-06,27650728.92396876,6745235.863942394,0.2439442,0.037380868770574,0.0071223172340714,
bc,900110,66,0.2314590391576683,1942260.0,True,catalogue_selected,0.6818044920752728,40.147921652622415,3265,537,0.73,0.0802395759593516,0.0004470050563451,10130139.129881708,2280107.775626508,0.2250816,0.0236858613554931,0.0024351821067779,
bc,900110,67,0.0954917948245951,13709535.0,True,catalogue_selected,0.8905730702470763,89.4837444172793,22,17,0.73,0.026272247929778,0.0040977019625547,355410.8324270682,53841.63432170604,0.1514913,0.0046284245656426,0.0003107710638178,
bc,900110,70,0.1139212179503701,10882292.0,True,catalogue_selected,0.8510204911316807,38.70374681485398,782,500,0.73,0.0415643716082195,0.005387046651128,477422.7078088176,72892.8690607347,0.1526799,0.0072328623520506,0.0004107831849895,
bc,900110,72,0.1915824387630511,17224174.0,True,catalogue_selected,0.8720355345108498,136.12304068130743,3076,696,0.73,0.1085841525482468,0.0009723291783474,7058391.838264062,1607128.768575628,0.2276905,0.0250311596400191,0.0017571608018185,
bc,900110,73,0.2683367789444144,3484782.0,True,catalogue_selected,0.697095665584297,44.81856820938026,228,15,0.73,0.0552091240256815,2.7204064067116178e-05,25828625.46115053,6305436.763098809,0.2441259,0.0362091928681725,0.0066593663878277,
bc,900110,74,0.2893474679869727,12042439.0,True,catalogue_selected,0.6687492025463339,309.3830615536255,13,4,0.73,0.0916352792786744,0.0010181137322305,30341583.80639877,3951304.995590645,0.1302274,0.0468712149796431,0.004235128081892,
bc,900110,75,0.1910380823088728,5074043.0,True,catalogue_selected,0.7497402540168082,50.18416466668685,60,12,0.73,0.0190915298101773,0.0006711179452409,2079620.3425570289,315179.02722723054,0.151556,0.0052864830549475,0.0003743730953024,
bc,900110,77,0.1790127594987254,12861043.0,True,catalogue_selected,0.813457805597154,128.0257586852264,638,186,0.73,0.0795546272208723,0.0095251691247449,6214199.868563475,800522.6118086322,0.1288215,0.0194402790362616,0.001435487262177,
bc,900110,80,0.1820356026438694,15955797.0,True,catalogue_selected,0.787559088066227,95.98280691546908,57,29,0.73,0.0098742081830973,0.0013254291095066,410756.4237790949,49109.071150164105,0.1195576,0.0020322176200585,0.0001339851316215,
bc,900110,81,0.1460346804446398,7086611.0,True,catalogue_selected,0.9207624593526916,58.51975449692943,118,49,0.73,0.0509044762694722,0.0031339775374337,1751853.7286210384,328646.5568633129,0.1875993,0.0100905375684487,0.0005412085975392,
bc,900110,84,0.1493759092076455,13404433.0,True,catalogue_selected,0.8549725631475837,73.65100866643479,994,157,0.73,0.0710809614268441,0.0012186632197332,2431630.0853785435,461939.1050597466,0.189971,0.0140746175796088,0.0005632613582867,
bc,900110,85,0.13693765307602,8709676.0,True,catalogue_selected,0.8251797751271363,226.6449486495829,27,10,0.73,0.0819930672656095,0.0023280228436043,1740817.803030272,345142.6236745573,0.1982646,0.0151117520705587,0.0005086837262067,
bc,900110,86,0.2626789285571391,7134038.0,True,catalogue_selected,0.6218901481326323,31.21191294097127,2144,502,0.73,0.0690584537634836,0.0004466458567468,21042166.739079565,3798259.263294732,0.180507,0.0333973847341484,0.0040381206176637,
bc,900110,90,0.2103843428382498,2441633.0,True,catalogue_selected,0.6263076580071234,63.582308753103504,1337,471,0.73,0.077569365124671,0.0029066424214151,11224178.396012217,1454877.177806744,0.1296199,0.0244087426592033,0.001716267183088,
bc,900110,92,0.1565121815600272,10923084.0,True,catalogue_selected,0.8852915735853604,114.28843233558096,68,36,0.73,0.0472925522647999,0.0015965098560089,1790667.7179659202,369427.44108637824,0.2063071,0.0095467930257694,0.0004889956298599,
bc,900110,93,0.0717274529885634,939129.0,True,catalogue_selected,0.9526145308735656,299.25833132273544,1,0,0.73,0.0280187731122268,0.0,74445.40909122558,9749.546918202012,0.1309624,0.0046145047321705,1.0294190899764116e-05,
bc,900110,94,0.1043367486111731,14397132.0,True,catalogue_selected,0.8759333950059093,61.74085647149202,558,375,0.73,0.0594083547797479,0.0129274938293117,812240.8869490236,106489.371922508,0.1311057,0.010475109743554,0.0009135141988607,
bc,900110,95,0.1113509896107548,1064908.0,True,catalogue_selected,0.919960069071848,88.62281577882493,9,1,0.73,0.0029372232417544,4.635267670465967e-06,3999820.585341273,556758.6835466286,0.1391959,0.0046987655547525,0.0005881484147138,
bc,900110,96,0.2547485853627892,5101762.0,True,catalogue_selected,0.7406729622422081,23.203038760836748,4209,1306,0.73,0.0480064479096768,0.0012720579532824,15516393.599737007,1784683.6970037029,0.1150192,0.0241548573027521,0.0019632078184103,
bc,900110,98,0.1329941821102427,10609828.0,True,catalogue_selected,0.7616679763275928,46.62542662222315,2738,1254,0.73,0.0964871318397928,0.0117921898982593,2836248.9175589867,389483.3274884325,0.1373234,0.0186147916002945,0.0011419659938114,
bc,900110,99,0.1301763369396279,11146541.0,True,catalogue_selected,0.8875336965973891,406.7105275653722,4,2,0.73,0.0997975416863802,0.0187670492523199,1446098.8524635984,207915.6973308228,0.143777,0.017682898185132,0.0013824653585945,
bc,900110,100,0.0477231641000627,46826.0,True,catalogue_selected,0.968011328506483,177.0123020948896,1,1,0.73,0.0029875980117315,0.0001517646897178,134625.96920295942,12564.932269774255,0.09333216,0.0006258026389368,2.267123199321937e-05,
bc,900110,101,0.0923240276818894,16780625.0,True,catalogue_selected,0.90426558376248,317.03055070300803,22,18,0.73,0.2220626840227039,0.1110982363195806,471478.1227261984,63756.701605847054,0.1352273,0.0364470797265606,0.0069517251329121,
bc,900110,103,0.2420504483914123,1987331.0,True,catalogue_selected,0.7366004235568656,166.76449765898423,48,17,0.73,0.0945872823564329,0.0028283284894313,17665271.32223536,2718667.8941632,0.153899,0.0339646526957281,0.0030458048268336,
bc,900110,107,0.1647213110228153,1220954.0,True,catalogue_selected,0.8963410282770192,44.08220550057354,12922,3906,0.73,0.0538056542217757,0.0014673301981249,2983326.915895496,587284.8770988745,0.1968557,0.0118604708062866,0.0007110184931525,
bc,900110,108,0.1943831784207186,12309843.0,True,catalogue_selected,0.7841918681497168,321.40781546179966,13,4,0.73,0.1318118936884298,0.0031574140605664,8546505.384341417,1444004.055007443,0.1689584,0.0303626948442514,0.001720326175725,
bc,900110,109,0.0703705839670114,12168928.0,True,catalogue_selected,0.9301923597693842,40.75559318918488,2737,2347,0.73,0.0124142442840052,0.0053413335351758,89968.18630575394,8383.56264481781,0.09318364,0.0021047101518961,0.0003398374644348,
bc,900110,111,0.2243000593255531,10700159.0,True,catalogue_selected,0.6986053171428325,58.65756101631632,123,26,0.73,0.1795182625768179,0.0012243255749794,13806880.09087465,3005322.9673219724,0.2176685,0.0436400168016284,0.0032490784668494,
bc,900110,112,0.3171596341675478,9046453.0,True,catalogue_selected,0.6436894818526793,307.13263456812825,6,0,0.73,0.020114965170967,0.0,33866881.10206509,8441935.46988829,0.2492682,0.0390151738100321,0.0089135316768695,
bc,900110,114,0.1801335562567786,6603038.0,True,catalogue_selected,0.7812530908028773,60.17458900837416,4205,2018,0.73,0.0092546154569134,0.0009771618532526,474879.502107817,61294.632328209664,0.1290741,0.0019996182693323,0.0001252703993731,
bc,900110,115,0.3071097903119985,8111317.0,True,catalogue_selected,0.5518803252479157,42.319048461331626,127,6,0.73,0.0554461902201283,7.63287453246281e-06,26820393.53703335,6188278.183497388,0.2307303,0.0372947427470611,0.0065344501531121,
bc,900110,116,0.130628971939375,18251353.0,True,catalogue_selected,0.8705729766865465,29.87131004838968,7939,4787,0.73,0.0558778939774682,0.0104975104632216,1511899.4197646785,217778.36754273425,0.1440429,0.0106423147521863,0.0008804417960489,
bc,900110,117,0.1956133298457622,17602838.0,True,catalogue_selected,0.8029449362451283,44.35627042231905,359,111,0.73,0.12913154774892,0.0040234700981362,8650463.129467983,1450019.9425417974,0.1676234,0.03003854444001,0.001780344888769,
bc,900110,118,0.1694565538354882,5725258.0,True,catalogue_selected,0.7878402655462206,24.724337242190924,33788,9137,0.73,0.0412269868383116,0.0008371195086664,3184256.0168070407,660178.464672442,0.2073258,0.0100362903757415,0.0007489320072463,
bc,900110,119,0.1386810864348221,15185103.0,True,catalogue_selected,0.8167229192122109,175.34537635840928,6,4,0.73,0.0073586890575166,2.601850300256584e-06,296021.7158679925,37415.931516255936,0.1263959,0.0015038413011295,3.966734549270237e-05,
bc,900110,120,0.2148514857421526,3520482.0,True,catalogue_selected,0.626523973335836,242.8632944675712,3,0,0.73,0.0696851740834241,0.0,8839106.64487669,2175044.908592682,0.2460707,0.0206140772239528,0.0022965505671664,
bc,900110,124,0.1809923497079043,8314131.0,True,catalogue_selected,0.8198531320039234,36.27156880446833,394,123,0.73,0.0537675882483816,0.002547184897061,4830363.719518556,714901.6281522693,0.1480016,0.0138045271613157,0.00091267954932,
bc,900110,125,0.2382556006912631,4807309.0,True,catalogue_selected,0.726509658185678,38.99024641853998,538,83,0.73,0.0774876507359532,0.0005925002823516,14342980.075325448,2535795.378038078,0.176797,0.0276885429982704,0.0027141691975066,
bc,900110,127,0.0900929341363549,11095633.0,True,catalogue_selected,0.8614604526362771,55.11157810497004,84,56,0.73,0.0239660933808566,0.008409135392037,263788.43984007783,41457.8971788606,0.1571634,0.004158345290413,0.0005648614378473,
bc,900110,128,0.154577798628462,4507724.0,True,catalogue_selected,0.7070806217546449,56.28121623558471,1842,859,0.73,0.0428640457906337,0.004706480554192,3159753.8704777854,402200.55719678727,0.1272886,0.0102754395010505,0.0007163146276182,
bc,900110,129,0.1412521672097842,6301068.0,True,catalogue_selected,0.820007015548992,80.98549230158378,51,27,0.73,0.0201574316735931,0.0009797283540548,486607.6200128126,59138.43069190569,0.1215321,0.0037770356607622,0.0001231527826771,
bc,900110,130,0.2528960310797815,3649781.0,True,catalogue_selected,0.7305113947015411,98.8664172379715,281,41,0.73,0.0941921613580638,0.0002797998763405,17286436.069987748,3484010.035551349,0.2015459,0.0335006890623599,0.0036959774044361,
bc,900110,132,0.0767003903129187,14467041.0,True,catalogue_selected,0.8472321674884101,296.2851668655232,3,3,0.73,0.0212557925163132,0.012342254307777,144321.2204567059,15855.7366381106,0.1098642,0.0035934392771997,0.0007815520054937,
bc,900110,133,0.1408270683507907,2791519.0,True,catalogue_selected,0.9135965191170884,262.3441467922373,23,12,0.73,0.1120493598384642,0.0077987309251192,2221138.986594522,323889.5788193788,0.1458214,0.0204846559867992,0.0008252459099667,
bc,900110,135,0.164956792314792,4133565.0,True,catalogue_selected,0.8115412918852558,38.59939095662589,968,305,0.73,0.0977346916148904,0.0036244477363397,5175780.8661313085,859306.6745555684,0.1660245,0.0212869828730847,0.0011319061447072,
bc,900110,136,0.1032300924719474,1205530.0,True,catalogue_selected,0.8972084962480487,339.7987207144713,6,5,0.73,0.0981125857510539,0.0579960551802862,538305.3653700238,52457.22798229349,0.09744883,0.0164516181709464,0.0036492200096512,
bc,900110,137,0.0745177752916942,20652958.0,True,catalogue_selected,0.9161688907339368,26.08580396188806,4682,3176,0.73,0.0248255338437954,0.0023630165095237,192701.3851998439,34587.35526911267,0.1794868,0.0042224200807609,0.0001829481951716,
bc,900110,139,0.2292467389730177,15583460.0,True,catalogue_selected,0.6286396565228389,39.06788560180376,4849,1076,0.73,0.063993849782427,0.0004534179159131,10397774.617502552,2155157.060551544,0.207271,0.0213384612914826,0.0023036485899372,
bc,900110,141,0.2880553468896343,6617241.0,True,catalogue_selected,0.5932976436442317,95.8557315135619,35,2,0.73,0.0176137186530123,6.230818954137467e-05,11836783.44617602,2453500.0662901173,0.2072776,0.0153494758516031,0.0025944222510253,
bc,900110,142,0.1604155228364808,3274481.0,True,catalogue_selected,0.7650068345238007,31.04214069933646,4016,1170,0.73,0.060968636816139,0.0044215991821808,3688828.687901313,490909.8698541687,0.1330801,0.0137649846499563,0.0007923263557706,
bc,900110,143,0.0891545705159966,7912555.0,True,catalogue_selected,0.9094837876268572,61.5995118415526,1042,753,0.73,0.0386741045606964,0.0110568080055042,355851.8942485645,44249.3606912485,0.1243477,0.0066366008817666,0.0007318767504818,
bc,900110,145,0.1496194590924739,8004269.0,True,catalogue_selected,0.8909758853860561,38.5749688343941,8024,3368,0.73,0.0134551499801279,0.0010972812517441,830264.402599042,115535.58459841437,0.1391552,0.0030548719632811,0.0001899848616919,
bc,900110,146,0.1630273065924049,18380083.0,True,catalogue_selected,0.8210680537025388,27.4852817673362,12499,9284,0.73,0.0681546786433397,0.0222210562613973,2474530.8779793484,196167.99107450835,0.07927482,0.0136461851657556,0.0015840952876755,
bc,900110,149,0.1188509944297418,20564806.0,True,catalogue_selected,0.8757049074006569,112.76986331146492,449,337,0.73,0.0872458679661366,0.0199423384056083,1017674.744713748,119260.19605507076,0.1171889,0.0151985766097999,0.0013616862054231,
bc,900110,152,0.2398628672837066,9003636.0,True,catalogue_selected,0.653832675886867,23.998504185485665,1270,201,0.73,0.0588401331568268,5.231127205987168e-05,21587784.862553485,5697030.743106484,0.2639007,0.032319260467192,0.0060185284820661,
bc,900110,153,0.2581718700890415,5625985.0,True,catalogue_selected,0.7200221048667871,68.45264056268448,127,14,0.73,0.09235684774476,0.0004352320874542,17895317.506037638,3124015.957594941,0.1745717,0.0338464696770969,0.0033255044342581,
bc,900110,155,0.1295912027178113,13928551.0,True,catalogue_selected,0.8688399165587104,69.61143882866557,450,327,0.73,0.0176293957209721,0.0030119614156428,418031.28552771744,49181.35260434008,0.1176499,0.0032953699614112,0.0002385705304146,
bc,900110,156,0.1603096075833648,11862315.0,True,catalogue_selected,0.8373180630821211,63.52557887928698,1274,446,0.73,0.0952366531400261,0.0049807422983122,4053547.651304903,623243.6611624147,0.1537526,0.0196976555430717,0.0009667011107359,
bc,900110,158,0.209768481606138,3147937.0,True,catalogue_selected,0.8517887008080951,39.23794258540148,682,148,0.73,0.072840263676705,0.0006175775805962,10498761.752578318,2108144.600885611,0.2007994,0.0228772173544416,0.0022641823047822,
bc,900110,161,0.1846024558960735,2315178.0,True,catalogue_selected,0.8311940207401065,48.73529557713772,4410,1327,0.73,0.0772718803461453,0.0014866333952835,7861150.435379408,1451686.589022168,0.1846659,0.0208096849401726,0.0016249048830938,
bc,900110,167,0.0868123656466521,13353976.0,True,catalogue_selected,0.8885048126394391,184.21296492154545,15,9,0.73,0.0311956567025166,0.0178693734133632,234813.8070192265,25677.057602842666,0.1093507,0.0052981309086119,0.0011344200914073,
bc,900110,168,0.1237296165238803,4911731.0,True,catalogue_selected,0.9259223867282568,309.9688163411626,230,199,0.73,0.0492497422851515,0.0153349526428179,800457.3192269702,68173.50608555583,0.0851682,0.0088181113877635,0.0010222404917726,
bc,900110,171,0.1483589426982641,18043312.0,True,catalogue_selected,0.8052319282272253,135.05974619098578,270,207,0.73,0.0683122205510855,0.0199752576212796,2133097.7425456755,173178.0786580149,0.08118619,0.0133111825042388,0.001420656030393,
bc,900110,172,0.2450476001422021,10833041.0,True,catalogue_selected,0.6362164498429255,46.13042144469142,634,109,0.73,0.0989903422885939,0.0006625314971706,17197525.739475787,3084659.808345153,0.1793665,0.0341835793571542,0.0032980347384959,
bc,900110,173,0.2051870226048819,3932902.0,True,catalogue_selected,0.6900326270858069,334.3495633469489,6,2,0.73,0.1502833445729518,0.0008938241869966,6862218.146283265,1199235.4355780291,0.1747592,0.031574621923311,0.0013216164062883,
bc,900110,174,0.2947559264101608,5165512.0,True,catalogue_selected,0.5927130799489533,36.308698534866586,201,0,0.73,0.0399938565781928,0.0,17690296.08599474,5825669.346082223,0.3293144,0.0251530599861681,0.0061511117255625,
bc,900110,175,0.2370048525639694,14628219.0,True,catalogue_selected,0.6513528470098408,56.15266471466619,420,208,0.73,0.0568370816938492,0.0023250042030568,15678200.649976015,2351254.360342277,0.1499697,0.0257552762862487,0.0026266768646804,
bc,900110,177,0.1453965597438208,12992649.0,True,catalogue_selected,0.836606701791307,53.312265178754735,449,164,0.73,0.1367901165024844,0.0149809575958889,2324475.4312227108,309575.6982948532,0.1331809,0.0245989944868876,0.0012551923046616,
bc,900110,179,0.1289450564444525,5734489.0,True,catalogue_selected,0.8980635151879182,43.11779280688452,5185,3293,0.73,0.0146319360849835,0.001997707252053,187469.6689198005,36768.74521414383,0.1961317,0.0025666758946721,0.0001626143845173,
bc,900110,180,0.2782700054014882,2774317.0,True,catalogue_selected,0.6691329744263641,43.15524010685234,365,85,0.73,0.0438178225006526,0.0003108929397776,22507524.19396414,3465816.0905304607,0.1539848,0.0308584492394958,0.003678693820577,
bc,900110,181,0.1335814230779246,4731778.0,True,catalogue_selected,0.8406344465982505,60.650355976800086,176,94,0.73,0.0214096005090209,0.00411322770176,1513230.1101794045,167006.93071162014,0.1103645,0.0050637198862191,0.0004312202526989,
bc,900110,182,0.1851793473418128,6334416.0,True,catalogue_selected,0.7809093211337979,105.57418855638647,241,108,0.73,0.0213546768688201,0.0029920228724823,1763028.5906841794,172467.8475632096,0.09782476,0.0053185815152596,0.0003675087140641,
bc,900110,183,0.2691911032797489,7663089.0,True,catalogue_selected,0.5962813651558001,43.249488849280425,4493,558,0.73,0.0198442833851543,6.516011477995752e-05,4245170.27406395,809403.2181027228,0.1906645,0.0076948699230828,0.0008586570951454,
bc,900110,184,0.2305333483614631,20107849.0,True,catalogue_selected,0.7633381869774706,235.85577567934249,17,2,0.73,0.1091601197989492,0.0002259639775643,8641247.500402125,1633033.983837284,0.1889813,0.0267956813194163,0.0017382632797098,
bc,900110,186,0.1691000056618695,10526311.0,True,catalogue_selected,0.7836526858150863,25.465909394007408,30627,8670,0.73,0.0826258795053887,0.0022862614179312,6572998.698585878,1189583.0771019228,0.1809803,0.0203163202356221,0.001397709769765,
bc,900110,187,0.2095779071326179,6543814.0,True,catalogue_selected,0.6361718962547585,218.3432081256031,165,29,0.73,0.0758698551650334,0.0007709325094826,7271983.284623233,1443238.2104506567,0.1984656,0.0199606339178064,0.0015716348253076,
bc,900110,188,0.1437032211063591,8161455.0,True,catalogue_selected,0.8939197933502604,70.91438515374698,619,382,0.73,0.0587046028019629,0.011164975108815,2275572.3390872544,259252.87710946964,0.1139286,0.0119062591025263,0.0009655938932331,
bc,900110,190,0.1216403132873516,7341742.0,True,catalogue_selected,0.886907594276483,48.21246823352151,1996,1450,0.73,0.0581373797380849,0.0155991588715135,888961.1636701978,101703.90732746072,0.1144076,0.0103503603952064,0.0010740160445537,
bc,900110,191,0.146859489771705,18042610.0,True,catalogue_selected,0.8256586723425369,183.7784208372273,80,46,0.73,0.0581060870954897,0.0010252701794416,1977847.1170547227,403521.6518611057,0.2040206,0.0114950094473129,0.0004895965448892,
bc,900110,192,0.3006281946184125,9612599.0,True,catalogue_selected,0.5437137805661415,240.17064418255305,10,0,0.73,0.0346217362623281,0.0,25895779.278277483,6129217.647109163,0.2366879,0.0329472490145483,0.0064716173023126,
bc,900110,195,0.1941663799469843,1676600.0,True,catalogue_selected,0.7504745402219571,59.482550338857074,81,21,0.73,0.0464407658690896,0.0009547166029435,6917432.313542148,1091646.6979512228,0.157811,0.0148220628063433,0.0012117906940348,
bc,900110,196,0.4104351538376454,7337041.0,True,catalogue_selected,0.5077177954829469,36.25283255601909,129,10,0.73,0.0016807284700174,5.1911047274512796e-08,55755705.803656034,12255915.754944116,0.2198146,0.0591425052460943,0.0129405775317891,
bc,900110,197,0.2257437964846387,15057153.0,True,catalogue_selected,0.6518858085196414,63.75574683180261,207,35,0.73,0.0758732361643172,0.000441988651529,10312138.80763753,2222889.385692343,0.2155605,0.0231711705639463,0.0023744564455756,
bc,900110,199,0.2204744459169874,6166476.0,True,catalogue_selected,0.6710865902355968,87.75053606941009,391,128,0.73,0.1063700384211441,0.0019272031023026,9607665.332471732,1448206.9805497287,0.1507345,0.027364406215536,0.0016485316044868,
bc,900111,0,,,,,,,292,106,0.73,0.0828907164562792,0.0022802178512034,9613580.4957564,1467585.1546638908,0.1526575,0.0235696335259154,0.0016908675204181,
bc,900111,3,,,,,,,354,38,0.73,0.0970575328555859,3.120626201071127e-05,15374845.970280224,3456766.921933806,0.2248326,0.0319461798113222,0.0036518078336732,
bc,900111,5,,,,,,,19,3,0.73,0.0432436145063235,6.37096052998814e-05,21757862.82265809,3056344.818357507,0.1404708,0.0299739518168261,0.0032310308725519,
bc,900111,10,,,,,,,223,67,0.73,0.0783196148491614,0.0045935980247747,12397967.838838032,1346169.0458210995,0.1085798,0.0257695604664648,0.0017060215423402,
bc,900111,13,,,,,,,259,131,0.73,0.0759098632148232,0.0124988031594064,3492900.733091153,304281.64813901857,0.08711431,0.0159769153427603,0.0010957912406659,
bc,900111,14,,,,,,,30233,10879,0.73,0.0788279033477306,0.0013158996957627,7338695.029912888,1529734.681067641,0.2084478,0.0205099446454373,0.001696733188038,
bc,900111,17,,,,,,,146,110,0.73,0.0323344325829332,0.0155678663122703,631106.7366448806,73440.36424227864,0.1163676,0.0059009161991315,0.0010422344994978,
bc,900111,18,,,,,,,308,211,0.73,0.0285195745219353,0.0075122992708903,313448.9270118,42294.3449632636,0.1349322,0.0049479335193425,0.0005101705111253,
bc,900111,19,,,,,,,1964,900,0.73,0.0811008733292798,0.0106851729015162,2166809.763574244,293515.4750939022,0.1354597,0.0154171060311555,0.0009720386933036,
bc,900111,24,,,,,,,1438,334,0.73,0.0450729525558365,0.0002454874119168,19670461.671018586,3379362.767186064,0.1717989,0.0280660888034807,0.0035833579365678,
bc,900111,25,,,,,,,1,1,0.73,0.0227015920870147,0.000943142397517,409972.8808338295,77616.32888232078,0.1893206,0.0041079886403571,0.0001403958050945,
bc,900111,26,,,,,,,179,84,0.73,0.0467526944604033,0.005665210901461,1659931.7210087122,218175.32910581,0.1314363,0.0093213572060781,0.0005814185941374,
bc,900111,27,,,,,,,3621,1755,0.73,0.0684892558291973,0.0067147372039044,1321366.2505253474,206471.2958020625,0.1562559,0.0124827647067544,0.0006340965619935,
bc,900111,28,,,,,,,1,0,0.73,0.0518830564605154,0.0,4795039.427912914,763515.6629510551,0.1592303,0.0134621466234013,0.0008061683332898,
bc,900111,30,,,,,,,22,13,0.73,0.0389235455396522,0.004377870224026,1092773.9848565855,126400.53100388462,0.1156694,0.0074550715102748,0.0004047444978127,
bc,900111,32,,,,,,,370,206,0.73,0.0614681020996091,0.0088159907839159,1153872.6208899966,169063.59054280558,0.1465184,0.0111692744106435,0.0007248071774758,
bc,900111,33,,,,,,,0,0,0.73,0.0,0.0,533261.0155155482,72970.29721873524,0.1368379,0.0005630508514062,7.70466746695462e-05,1.0
bc,900111,34,,,,,,,732,78,0.73,0.0357074890988747,1.0517346536901902e-05,26822715.42143007,7178808.936519273,0.2676392,0.0341017373252553,0.0075804941794708,
bc,900111,35,,,,,,,182,142,0.73,0.0135919483891698,0.0042265487816278,108723.72748496318,12614.438934691934,0.1160229,0.0023151694964259,0.000275225002659,
bc,900111,38,,,,,,,1331,124,0.73,0.0785608383130325,0.0005155358237921,6762308.129411283,1394475.2859072466,0.2062129,0.0198581241458827,0.0015043217064498,
bc,900111,40,,,,,,,1559,1249,0.73,0.0237848532899694,0.0099960230398595,88716.94287941734,9836.06041759052,0.1108701,0.0039441531048682,0.0006298075087989,
bc,900111,42,,,,,,,20,8,0.73,0.0735557705825906,0.0026187470876977,11321820.292441327,1707074.860223721,0.1507774,0.023862086754731,0.0019647135506632,
bc,900111,43,,,,,,,2194,776,0.73,0.0624441278923505,0.0031726755243563,7533368.882290136,909624.614128853,0.1207461,0.0180631585438449,0.001157040124483,
bc,900111,44,,,,,,,658,214,0.73,0.0569329579725675,0.0012399767754555,14863357.962292109,1933390.5919577016,0.1300776,0.0249104348302083,0.0021182340342933,
bc,900111,45,,,,,,,136,59,0.73,0.0873387425353867,0.0066080430866472,3667269.8307782505,520335.3381894688,0.1418863,0.0180112226660659,0.000958882656287,
bc,900111,46,,,,,,,20,2,0.73,0.5106689205833237,0.0049203813872152,2249238.657657176,344100.1237159168,0.1529852,0.0850460118514893,0.000668223258508,
bc,900111,47,,,,,,,1638,994,0.73,0.0617683142338625,0.012163162661701,514358.0578591548,63546.232892990105,0.1235447,0.0105426350289692,0.0008208089170277,
bc,900111,48,,,,,,,1568,633,0.73,0.0561080032660995,0.0072480678176886,2558912.231781424,343959.05622632883,0.1344161,0.0117850692935509,0.0008123136856854,
bc,900111,49,,,,,,,203,50,0.73,0.0239105563896329,0.0003251591170713,2911446.8785210885,612147.7193449205,0.2102555,0.0069449204744358,0.0006664935273119,
bc,900111,50,,,,,,,305,6,0.73,0.0093785616938024,2.077537049802944e-08,29867356.505675104,9716157.20187012,0.3253102,0.0330541278132398,0.010258937203825,
bc,900111,52,,,,,,,4072,1605,0.73,0.0859491876460695,0.0073330682177104,7803830.555198112,858502.9736775946,0.1100105,0.0221539140885621,0.001360869042381,
bc,900111,53,,,,,,,199,6,0.73,0.0946694317229919,1.5301355957203794e-05,17088846.416047182,3672705.7930607246,0.2149183,0.0333693256559297,0.0038788242328464,
bc,900111,54,,,,,,,544,310,0.73,0.03013274663971,0.0058419948930408,888574.7098345349,102021.0351276315,0.1148142,0.0058163409092591,0.0004697302582816,
bc,900111,55,,,,,,,3,2,0.73,0.0294774116257434,0.0023248822731903,717106.5272167146,82291.16708406278,0.1147545,0.0055292030969711,0.0002309538515327,
bc,900111,56,,,,,,,659,223,0.73,0.086759020648794,0.0045254769923706,4757653.374513081,740192.7169808828,0.1555794,0.0190686689066437,0.0010619719992643,
bc,900111,57,,,,,,,28,16,0.73,0.0990504327364864,0.0103899771974429,7298649.22902442,807987.415998019,0.1107037,0.0237414447057521,0.0014969585010156,
bc,900111,58,,,,,,,39,30,0.73,0.0464924873623869,0.0171079357321394,936656.244505574,119205.60768113354,0.1272672,0.0085155526350529,0.0011859895874396,
bc,900111,59,,,,,,,25,4,0.73,0.0599939807872903,9.212347306777004e-05,17599975.22744439,3965483.2270663534,0.2253119,0.0282954717381954,0.0041927176679853,
bc,900111,60,,,,,,,1153,237,0.73,0.0786495658959635,0.0005405988102274,15338221.213156512,2883573.8508577785,0.1879992,0.0289274818200491,0.0030781596287338,
bc,900111,62,,,,,,,2,0,0.73,0.0313664198925073,0.0,5281029.4141245065,1185231.9803563466,0.224432,0.0106538903633249,0.0012514432074289,
bc,900111,63,,,,,,,6058,1283,0.73,0.0474198826177257,0.0007609387097427,4832624.712829122,960932.0306826629,0.1988427,0.0127792976817683,0.0010617660417895,
bc,900111,64,,,,,,,1,0,0.73,0.7737764154466203,0.0,17968976.73446855,5144339.085465684,0.28629,0.1442378314910239,0.0054317199602407,
bc,900111,65,,,,,,,12,5,0.73,0.1309215400696076,0.0377234375756122,1915600.8490708272,194190.0066777496,0.1013729,0.0232172271756969,0.0025426404058513,
bc,900111,66,,,,,,,584,148,0.73,0.0492287941779977,0.0022634522742002,7919074.539493938,1149185.7883678204,0.1451162,0.0163310083580402,0.0013536423358131,
bc,900111,67,,,,,,,1,0,0.73,0.1146796021945992,0.0,9238070.509609584,1523234.463929823,0.1648866,0.0283193824147493,0.0016083276985434,
bc,900111,69,,,,,,,1450,353,0.73,0.0912462643551415,0.0018188846317436,9487976.699397942,1652612.397394661,0.1741796,0.0247896752223536,0.0018576436733887,
bc,900111,72,,,,,,,3,1,0.73,0.005074860988367,0.0001438667789118,498163.56667441846,69814.16943948426,0.1401431,0.0013475513602297,8.262920432190336e-05,
bc,900111,74,,,,,,,1500,146,0.73,0.0647124870967462,8.830437202977323e-05,19924630.936333224,4182489.1557220262,0.2099155,0.0315138600025876,0.0044216096534329,
bc,900111,75,,,,,,,544,149,0.73,0.0751615493503672,0.0007572996374878,24768781.05433437,4194245.272913243,0.169336,0.038320198203987,0.0044754780319972,
bc,900111,76,,,,,,,1759,225,0.73,0.0835107711187043,0.0001069842193143,15635759.16376846,3283189.5901240027,0.2099795,0.0300286116269182,0.0034732295822493,
bc,900111,78,,,,,,,13,1,0.73,0.0497914703251911,9.204754289361875e-06,18690294.411829107,3803773.5008320175,0.203516,0.0277950369204273,0.004016836056613,
bc,900111,80,,,,,,,11,0,0.73,0.1760020916891135,0.0,16347185.530705271,3564007.564966289,0.2180196,0.0457530070917145,0.0037631055627282,
bc,900111,82,,,,,,,28,22,0.73,0.0225126633977842,0.0022909817394187,70055.9973584482,8966.922973312681,0.1279965,0.0037184975341245,0.0001514327482631,
bc,900111,84,,,,,,,2614,1159,0.73,0.0781524353677463,0.0038361073807264,11433601.35136474,1710954.907882268,0.1496427,0.024724256738802,0.0020442463232835,
bc,900111,86,,,,,,,1020,490,0.73,0.082502173158631,0.0238780688494735,2048651.4119544344,211291.6325570088,0.1031369,0.0155192004351279,0.0017027436247274,
bc,900111,87,,,,,,,194,110,0.73,0.0437961129939743,0.0044001169670965,2804806.462340292,341558.2357964081,0.121776,0.0100515538911811,0.000633300229132,
bc,900111,88,,,,,,,61,12,0.73,0.0478350545979454,0.0004748825890072,5038318.873480562,1000983.2498104334,0.1986741,0.0130636939646875,0.0010863286687018,
bc,900111,89,,,,,,,370,184,0.73,0.0244824409922914,0.0023790065985457,2849843.0851993174,303524.68927225564,0.1065058,0.0069724564780175,0.0004679001698535,
bc,900111,91,,,,,,,146,108,0.73,0.0254293803188893,0.0067866309769901,283668.5675818298,34653.46873608795,0.1221618,0.0044162244520035,0.0004571354168106,
bc,900111,92,,,,,,,2,2,0.73,0.0673070553797372,0.006118147010752,1083615.9083293062,161668.3581633368,0.1491934,0.0120403488376155,0.0005498219649718,
bc,900111,94,,,,,,,2905,523,0.73,0.0796467680129433,0.000372707409065,15155133.271407418,3323012.3946150355,0.2192665,0.0288956009056706,0.0035317430553411,
bc,900111,97,,,,,,,51,4,0.73,0.1167735820244811,0.000144940858381,22744200.789505888,4956831.132121989,0.2179382,0.0429190026476166,0.0052427186802696,
bc,900111,99,,,,,,,1,1,0.73,0.2546354064918744,0.011553976003541,2401116.8681975,295007.4951487413,0.1228626,0.0437576447506592,0.0010274510466262,
bc,900111,100,,,,,,,6927,936,0.73,0.0400324235400122,1.7628212654107642e-05,15912989.324032605,4859331.403020699,0.3053689,0.0232827101421464,0.0051318831108895,
bc,900111,103,,,,,,,20,7,0.73,0.0765250187772044,0.0010047271733558,10962906.970379848,1588858.240337122,0.1449304,0.0239638086482468,0.0017398772190212,
bc,900111,108,,,,,,,324,48,0.73,0.0458475080208595,7.927926817605611e-05,21001202.46784728,4126842.623233904,0.1965051,0.0295965606248697,0.0043622952527458,
bc,900111,110,,,,,,,1178,31,0.73,0.0371438328913308,1.4783707577116048e-07,19140304.35007181,5145406.733027924,0.2688258,0.0262226864417275,0.0054328564113475,
bc,900111,111,,,,,,,2779,1537,0.73,0.0516813377044717,0.0062372578731588,1739613.8795565933,264630.1053315668,0.15212,0.0102033784302415,0.0006659164413551,
bc,900111,112,,,,,,,200,18,0.73,0.0647259011972576,9.922976519499272e-05,16085909.872526256,3248692.070093512,0.2019589,0.0274628660594206,0.0034363243903903,
bc,900111,113,,,,,,,745,77,0.73,0.0894548560597539,0.000330686916655,19356552.867015265,3611314.412243111,0.1865681,0.0349195374242177,0.0038335467605015,
bc,900111,114,,,,,,,1710,349,0.73,0.0740149183889654,0.0005436035153685,16280544.64783101,2827594.2131054783,0.1736793,0.0291721533706942,0.0030192389636134,
bc,900111,115,,,,,,,743,507,0.73,0.0152573219501352,0.0036313786810942,180678.42269348656,23519.1584234651,0.1301714,0.0026607476744306,0.0002498580870783,
bc,900111,116,,,,,,,405,165,0.73,0.0699497520770404,0.0053030740312735,3482357.41133772,491457.8018335715,0.1411279,0.0150009131153575,0.0008475271090745,
bc,900111,117,,,,,,,460,94,0.73,0.0655085463104815,0.0018932323412718,4787726.009866018,752256.287409821,0.1571218,0.0156602266881166,0.0009115975971073,
bc,900111,119,,,,,,,186,28,0.73,0.0619659089143674,0.0009480163317514,6426783.130666637,1125465.8816922389,0.1751212,0.0168173371505811,0.0012470839416867,
bc,900111,120,,,,,,,263,112,0.73,0.0741541701995902,0.005516945761408,3167746.9316665656,472386.0922245524,0.1491237,0.0153493718384961,0.0008406429422078,
bc,900111,126,,,,,,,50,17,0.73,0.0459651722005633,0.0015738786584144,4751340.747737893,610911.3536751365,0.1285766,0.0124579728835213,0.0007425672993178,
bc,900111,127,,,,,,,275,157,0.73,0.0292805350854908,0.0065370038254185,1591613.98725368,158906.57644749962,0.0998399,0.006420691688435,0.0005728611340984,
bc,900111,129,,,,,,,808,173,0.73,0.062974153412024,0.0080814561882047,1820804.586875859,249248.10158672545,0.136889,0.0121172750370173,0.0007639542887455,
bc,900111,130,,,,,,,199,87,0.73,0.038047676628804,0.0021681930736819,6273311.440936772,875374.8736300168,0.1395395,0.0127832194244931,0.0010586324685985,
bc,900111,132,,,,,,,4251,2311,0.73,0.0428917855775116,0.0083337914945843,876910.0096734313,113195.6886458148,0.1290847,0.0078695586890988,0.0006359379313367,
bc,900111,133,,,,,,,1192,340,0.73,0.0436186838567266,0.0003676447523102,16458398.149122966,2582532.071961945,0.1569127,0.0244391595997463,0.0027495831806305,
bc,900111,135,,,,,,,1816,236,0.73,0.0564303514526025,5.400630690134078e-05,13962990.485147905,3491707.865582029,0.2500688,0.0238784037414063,0.0036901135480855,
bc,900111,136,,,,,,,1111,261,0.73,0.0654800127751061,0.0009786946138654,12153852.785215132,2170602.280941705,0.1785938,0.0234332319786532,0.0023525063723429,
bc,900111,137,,,,,,,767,189,0.73,0.091935060784894,0.0017627497398364,9928462.639861992,1840662.836066835,0.1853925,0.0253662760691921,0.0020527207690409,
bc,900111,141,,,,,,,11538,4984,0.73,0.0822760890092003,0.0084101346838686,5480612.007733839,577880.2203404481,0.1054408,0.0191062821307439,0.0011313121216217,
bc,900111,143,,,,,,,558,479,0.73,0.0195047864944643,0.0075707558461347,490553.931870075,44909.0319425894,0.09154759,0.003675547065304,0.0005165536330256,
bc,900111,150,,,,,,,64,45,0.73,0.0359327093595785,0.0104345740594824,287454.2400851833,37676.7508505055,0.1310704,0.0061205835622334,0.0006863790994715,
bc,900111,151,,,,,,,982,128,0.73,0.0481322852466876,3.885868251194624e-05,28323018.694509186,7444570.473514282,0.2628452,0.0376972770613939,0.0078628583137113,
bc,900111,152,,,,,,,67,39,0.73,0.1469254242874491,0.0047024136629232,625731.2984424683,118410.28509843755,0.189235,0.0244461362979575,0.0004164188203797,
bc,900111,153,,,,,,,21,11,0.73,0.0408641475493216,0.0087222811992798,4265559.034710394,447718.9945658498,0.1049614,0.0111192594902054,0.0010132223655014,
bc,900111,154,,,,,,,0,0,0.73,0.0,0.0,32899.20557509136,4278.136234900289,0.1300377,3.473707091026864e-05,4.517127971869222e-06,1.0
bc,900111,155,,,,,,,558,147,0.73,0.0983470075855843,0.0010403473451547,14351408.594940946,2888669.4110324,0.2012812,0.0310743199899958,0.0031145076828809,
bc,900111,156,,,,,,,1861,567,0.73,0.0200943973219291,0.0001457854238881,35181934.56318136,6207026.495788818,0.1764265,0.0404003610967033,0.006562806689144,
bc,900111,157,,,,,,,2248,544,0.73,0.0578427197109781,0.0005465196386833,12577329.317858111,2362789.1463946635,0.187861,0.0226439800092262,0.0025286489540327,
bc,900111,158,,,,,,,874,141,0.73,0.0923881082809228,0.0001822056483321,18066161.70028608,4443761.948950501,0.2459716,0.0340319185316989,0.004703296829298,
bc,900111,159,,,,,,,28,16,0.73,0.0436232168064199,0.0040517398747584,3565811.92046318,472025.0364106703,0.1323752,0.0108270819888109,0.0007494675361735,
bc,900111,162,,,,,,,124,101,0.73,0.0254112271851946,0.0014812903929147,240153.7120414212,43791.03500464928,0.1823459,0.0043673399307615,0.0001380282426568,
bc,900111,163,,,,,,,10,9,0.73,0.0187945883271881,0.0133759453180208,393295.022577103,53522.73866158061,0.136088,0.0034578824362845,0.0008853777853205,
bc,900111,164,,,,,,,15670,2856,0.73,0.0614195656618833,0.0003117775646443,15508890.06255748,2793046.912011772,0.1800933,0.0263183561531631,0.0029683962069184,
bc,900111,167,,,,,,,2,2,0.73,0.0654506858477638,0.0158830292660025,139632.9625669703,18593.78096496795,0.1331618,0.0107431079058935,0.0010038536458524,
bc,900111,168,,,,,,,137,10,0.73,0.0447809506088691,2.884917134457097e-05,21027500.62279657,4602555.919156163,0.2188827,0.0294516651399424,0.0048614585727402,
bc,900111,169,,,,,,,2215,1104,0.73,0.0577912978877959,0.006264611797195,4348427.006614989,557173.0726706993,0.1281321,0.0139470577011773,0.0009764969240346,
bc,900111,171,,,,,,,3381,1101,0.73,0.0660478216829213,0.010725607236105,1037257.97480717,146167.05314618535,0.1409168,0.0117875464790594,0.0008189644582449,
bc,900111,172,,,,,,,4020,2046,0.73,0.1037968188435063,0.0097345461324902,4361199.753153302,504853.5737560202,0.1157603,0.0214082814841806,0.0011362755435149,
bc,900111,173,,,,,,,31,19,0.73,0.083450234627835,0.0100192229491826,1804527.6422651976,261802.7728922309,0.1450811,0.0154149187401623,0.0008972875931343,
bc,900111,175,,,,,,,8226,3021,0.73,0.0578520327368467,0.0018925666866304,2299910.299375802,498724.17373840703,0.2168451,0.0117939358833171,0.000643861039338,
bc,900111,177,,,,,,,25,4,0.73,0.0277950535105265,3.793576349852678e-05,9512624.503955336,1696274.1143506535,0.1783182,0.0145437162087419,0.0017933847118739,
bc,900111,181,,,,,,,141,107,0.73,0.0170240428103898,0.0058175773743404,274231.4284507588,22879.303483688043,0.08343064,0.0030455376227557,0.0003846543146523,
bc,900111,183,,,,,,,500,91,0.73,0.0745672375456044,0.0006420636021082,11507106.841979817,2198935.6737214825,0.1910937,0.0242214683324259,0.0023615626076779,
bc,900111,188,,,,,,,240,5,0.73,0.0288188228714948,5.606405026602153e-07,37081125.20600423,9936538.633888118,0.2679676,0.0438180262020957,0.010491663371489,
bc,900111,189,,,,,,,509,66,0.73,0.0559814222398529,6.56061316156401e-05,22417685.972094603,5065590.96086987,0.225964,0.0327327320440453,0.005352638093169,
bc,900111,191,,,,,,,2905,994,0.73,0.0282419213941135,0.0018404704740796,2187877.204512468,306404.5668641149,0.1400465,0.0068821252693045,0.0004375695450793,
bc,900111,193,,,,,,,173,61,0.73,0.0598866276983296,0.0025796044455486,8554016.349715112,1069016.9435015388,0.1249725,0.0187267946145758,0.0012885859286747,
bc,900111,196,,,,,,,64,17,0.73,0.1163299619967671,0.0032337063752828,12244104.479198778,1851929.5186316092,0.1512507,0.0317605173090359,0.0021557673842301,
bc,900111,197,,,,,,,204,97,0.73,0.0647447347840563,0.0076613402353941,7677377.4318201635,758346.8075177697,0.0987768,0.0185876523523785,0.0012754597804752,
bc,900112,0,,,,,,,23,15,0.73,0.026913134147459,0.0052579783822779,332930.4943148666,48996.8280350805,0.1471683,0.0047084401252929,0.0003775542741577,
bc,900112,1,,,,,,,3,1,0.73,0.0610980265097028,0.008439867408546,4287057.071206036,793205.0742881395,0.1850232,0.0144175788015179,0.0013605082222687,
bc,900112,3,,,,,,,998,277,0.73,0.0733083474152378,0.0011176810530447,20342319.13656096,2860990.6375406752,0.1406423,0.0333464475720674,0.0030900748013406,
bc,900112,7,,,,,,,9,6,0.73,0.0754847457656395,0.0043424287961149,556393.582939805,77971.553347453,0.1401374,0.0128075432008865,0.0003514139137999,
bc,900112,8,,,,,,,5918,1640,0.73,0.0817127621502447,0.0009431504657906,18836118.667514868,2992549.7120797317,0.1588729,0.0331166785597366,0.0032181681193283,
bc,900112,9,,,,,,,220,121,0.73,0.0916308504125372,0.0106631318274712,4729886.850285741,549257.9466354096,0.116125,0.0198280415712688,0.0012407020230593,
bc,900112,12,,,,,,,629,191,0.73,0.0908105225868759,0.0027436949807514,6814064.455331091,1168613.3844750528,0.1715002,0.021895847512825,0.0014039143492603,
bc,900112,13,,,,,,,107,57,0.73,0.050530004604407,0.0061507109144008,3358315.0196834328,423897.0862193493,0.1262231,0.0117261190032575,0.0008287175943207,
bc,900112,15,,,,,,,0,0,0.73,0.0,0.0,164981.9176979103,18259.01326916312,0.1106728,0.0001741983878882,1.927902597024013e-05,1.0
bc,900112,16,,,,,,,2,1,0.73,0.1449365813339626,0.0315924268531462,105144.23043198934,13908.328114405733,0.1322786,0.0235744977819047,0.001972368191356,
bc,900112,17,,,,,,,28,17,0.73,0.0702541452395972,0.0251963601825856,3637.1071290245895,336.1599083849906,0.09242508,0.0113771368317857,0.0015616937869894,
bc,900112,18,,,,,,,446,70,0.73,0.0710686010389269,0.0004896668253586,16475297.3821222,3161289.3655774323,0.1918806,0.0289008125280344,0.0033682332146617,
bc,900112,20,,,,,,,1155,178,0.73,0.0565929089011538,0.0002432106044909,13554226.89657258,2404748.855869554,0.1774169,0.0234731212662277,0.0025541575777286,
bc,900112,22,,,,,,,2,2,0.73,0.1056080376573505,0.0608361641727386,792429.9595569216,111686.94966117782,0.1409424,0.0179333620811868,0.0038877510945762,
bc,900112,23,,,,,,,109,66,0.73,0.0143251817350993,0.0013272608431371,277610.660165097,40900.09235176766,0.147329,0.0026121926590097,0.000125431077142,
bc,900112,24,,,,,,,576,82,0.73,0.058313927349405,0.000194476772258,17516514.816888038,3465764.771120546,0.197857,0.0279353686005639,0.003671425692129,
bc,900112,25,,,,,,,3,3,0.73,1.1456944840591603,0.2134542903018375,114608.56289372253,19479.27002737975,0.1699635,0.1855950932842004,0.0132476555421278,
bc,900112,26,,,,,,,1,0,0.73,0.3281657446499822,0.0,4077296.582988001,530984.1012556363,0.1302295,0.0574311343178419,0.0005606467407075,
bc,900112,29,,,,,,,7352,2383,0.73,0.082695025648639,0.0030290308028844,5431421.496450478,934964.175797747,0.1721399,0.0191221644402862,0.0011748940335581,
bc,900112,31,,,,,,,22,11,0.73,0.0318521601134934,0.0054827680677474,229990.4180279033,32677.941893963063,0.1420839,0.0053993180314018,0.0003742532643634,
bc,900112,32,,,,,,,225,43,0.73,0.1538827528854176,0.0011912177645724,10786067.52138435,2206846.761996495,0.2046016,0.0363003720040751,0.0024039449858993,
bc,900112,33,,,,,,,770,171,0.73,0.0430930109994831,0.0002177523375287,16843057.35975661,3383972.768395774,0.200912,0.024760207148077,0.0035865068137114,
bc,900112,34,,,,,,,183,23,0.73,0.0918698897311352,0.0003004306459367,10611984.030762546,2625562.8723632377,0.2474149,0.0260774309635408,0.0027908527870383,
bc,900112,37,,,,,,,112,32,0.73,0.0402864381351685,0.0027307916261039,2562786.645040768,411645.10401509615,0.160624,0.0092278400779155,0.0006038595781485,
bc,900112,38,,,,,,,332,278,0.73,0.0185738741896093,0.0053364074767028,84519.3371594103,9211.18635280289,0.1089832,0.0030961265052499,0.0003404060698313,
bc,900112,39,,,,,,,100,76,0.73,0.0174468101971598,0.0055729548903341,130418.33197283738,18246.05846149718,0.1399041,0.0029621315483601,0.0003646037576687,
bc,900112,41,,,,,,,1210,360,0.73,0.0632967976185794,0.0022107949943075,4044883.629163759,688519.3949492874,0.1702198,0.0145178311524088,0.0008639784921246,
bc,900112,42,,,,,,,16258,3408,0.73,0.0688740906021628,0.0003327784133436,17045814.031069607,3413000.416156349,0.2002251,0.0291479355417132,0.0036242838505343,
bc,900112,43,,,,,,,8693,2424,0.73,0.0610524035944137,0.00061439690573,16547093.028668797,2534354.833004908,0.1531601,0.0273551176897909,0.002714005043143,
bc,900112,50,,,,,,,19,13,0.73,0.0754821776004348,0.0077570635984066,1321556.8312660838,214803.98203455805,0.1625386,0.0136150354045752,0.0007074844154601,
bc,900112,51,,,,,,,14783,7384,0.73,0.0666896046969857,0.005680828337187,5350794.478785377,673983.1377433536,0.1259595,0.0164459492125516,0.0010636571932724,
bc,900112,53,,,,,,,180,117,0.73,0.0137945638100001,0.0024006962100571,165527.25118225496,21287.29283641255,0.128603,0.0024079472511831,0.0001712400364891,
bc,900112,54,,,,,,,757,209,0.73,0.0703024457472776,0.0008901596075673,9525215.149418289,2021231.074668702,0.2121979,0.0214384429805295,0.0021893045304571,
bc,900112,55,,,,,,,88,67,0.73,0.0076067001452638,0.001944635417718,19712.36718155898,2534.9595913773883,0.1285974,0.0012522463363525,0.0001231794852982,
bc,900112,56,,,,,,,325,185,0.73,0.0187390266002039,0.0018132245085783,407949.68679516617,69328.09090130917,0.1699427,0.0034643609898882,0.0001855607969183,
bc,900112,57,,,,,,,178,73,0.73,0.0418076998820836,0.0074495926790676,927731.6024451496,115566.37654057267,0.1245688,0.0077477189903614,0.0005836500466839,
bc,900112,58,,,,,,,11,1,0.73,0.0351807397482391,4.147196377439631e-05,27076082.019958973,6532446.480280919,0.2412626,0.0342839835231296,0.0068999418029152,
bc,900112,59,,,,,,,140,75,0.73,0.0797610280676822,0.0102503138535957,2172746.655951289,319696.2653975983,0.1471392,0.0152064698338862,0.0009727351931076,
bc,900112,60,,,,,,,40,29,0.73,0.0746352587199536,0.0221267184892281,1752136.8795268254,207367.37182266032,0.1183511,0.0139325632436441,0.0015900744914834,
bc,900112,61,,,,,,,471,85,0.73,0.0722228959224582,0.0007202906456107,16001692.7461332,2719258.3954061056,0.1699357,0.0285876170542913,0.0029157998694291,
bc,900112,62,,,,,,,513,187,0.73,0.0687705666121428,0.0026527877927809,11312406.154334856,1670801.723979962,0.1476964,0.0230774800535876,0.0019285234644136,
bc,900112,63,,,,,,,10,5,0.73,0.0419161628102605,0.0048976508929678,898306.9393347349,116691.15857131692,0.1299012,0.0077342093985268,0.0004267018918115,
bc,900112,68,,,,,,,0,0,0.73,0.0,0.0,20137332.53157986,4535115.343666394,0.2252093,0.0212622747530038,0.0047884628374875,1.0
bc,900112,70,,,,,,,1775,105,0.73,0.0393720120504312,3.751826600712672e-06,22016221.06758493,5660670.672948014,0.2571136,0.0296199772430118,0.0059771281350632,
bc,900112,71,,,,,,,291,195,0.73,0.0198933323036425,0.0070554833336719,424664.2163778223,41740.54182147703,0.0982907,0.0036688773864484,0.0004812783299937,
bc,900112,73,,,,,,,17,2,0.73,0.1932410579129418,0.0003167196767004,12317683.898229867,2378090.279145748,0.1930631,0.0442891834894493,0.0025305648841443,
bc,900112,75,,,,,,,23,2,0.73,0.063009950583652,3.48259733864358e-05,21122485.378915925,4401142.801667091,0.2083629,0.0325030107343878,0.0046491641736486,
bc,900112,76,,,,,,,217,25,0.73,0.0705919079206321,0.0004862721893087,8225434.697760305,1549358.8219720067,0.1883619,0.0201129126467568,0.0016660442066009,
bc,900112,77,,,,,,,213,107,0.73,0.0716887662697315,0.0047031550228132,2525090.7296372224,382131.3577432907,0.1513337,0.0142716955181564,0.0006949182194221,
bc,900112,81,,,,,,,1968,1539,0.73,0.0329727162089566,0.009163323179695,243470.45672381247,35945.49686570886,0.147638,0.0055949555936351,0.0006057757302702,
bc,900112,84,,,,,,,632,351,0.73,0.0149917865549318,0.0035035937245234,507560.4050170147,53155.63967136015,0.1047277,0.002962903464573,0.0002732317363048,
bc,900112,86,,,,,,,600,14,0.73,0.0274884942806098,1.8323308919193771e-06,37594328.89043218,9178984.69215518,0.2441588,0.0441445351379243,0.0096918686047692,
bc,900112,88,,,,,,,4206,1185,0.73,0.092048932764217,0.0022081507418398,7417233.812576199,1275224.6674027562,0.1719273,0.0227331956636401,0.0014832953286608,
bc,900112,89,,,,,,,462,205,0.73,0.073694650015776,0.0047292364425344,6102978.299202043,979219.0801984988,0.1604494,0.0183741847930376,0.0013269775452982,
bc,900112,91,,,,,,,7,0,0.73,0.2075975720849616,0.0,15697992.806581922,2896425.197267744,0.1845093,0.0501824743761139,0.0030582296959764,
bc,900112,92,,,,,,,129,99,0.73,0.0181542549363472,0.0050943673701685,226870.96536724857,29524.41172103991,0.1301375,0.0031784991133627,0.0003468556025894,
bc,900112,93,,,,,,,769,208,0.73,0.0290692552870624,0.0018541444836966,2065127.010683217,313995.7320090879,0.1520467,0.0068864531703786,0.0004464321145899,
bc,900112,96,,,,,,,2604,1204,0.73,0.0179816141616323,0.0020119233686616,2343974.043947039,261676.98613423263,0.1116382,0.0053859225623899,0.0004009677186524,
bc,900112,98,,,,,,,18176,3327,0.73,0.0804717331810746,0.0004234562693099,16359670.081603035,3290694.374678728,0.2011467,0.0303009792631912,0.0035007643837029,
bc,900112,99,,,,,,,442,83,0.73,0.1250612508433316,0.0006226061904135,10551253.575128084,2303730.5805739574,0.2183371,0.0313865878777298,0.0024710060122686,
bc,900112,100,,,,,,,934,203,0.73,0.0137141152938685,0.0001759121475799,2029357.30197179,388727.4144654178,0.191552,0.0043628737620856,0.0004213438151523,
bc,900112,102,,,,,,,874,179,0.73,0.01650240384782,0.0001878255713815,2660620.920886471,533556.4114553115,0.2005383,0.005480792185601,0.0005750017065405,
bc,900112,106,,,,,,,3022,2528,0.73,0.0837755525495328,0.0380319395588521,2767580.5615961035,226429.8908722324,0.0818151,0.0164844362202872,0.0025957982167475,
bc,900112,107,,,,,,,1161,888,0.73,0.0496437058324987,0.0189895872100959,474605.0028051559,63329.42279727859,0.1334361,0.0085378337490542,0.0012435919605032,
bc,900112,108,,,,,,,300,30,0.73,0.0522110135439073,5.745137681426627e-05,22234750.42618516,5273482.776722547,0.237173,0.0319291935021547,0.0055716381526488,
bc,900112,109,,,,,,,410,75,0.73,0.0090108514687681,0.0001091618400289,2378805.972560141,426746.6561546665,0.1793953,0.0039704423269521,0.0004573506396999,
bc,900112,112,,,,,,,1307,403,0.73,0.0895399230787076,0.00243813043046,6759704.7699776,1148236.8127768636,0.1698649,0.0216327564090237,0.0013634646006624,
bc,900112,115,,,,,,,650,338,0.73,0.0544688727905703,0.0041944167774301,1117912.9651802566,206234.38280442983,0.1844816,0.0099982153374264,0.0004776701187868,
bc,900112,117,,,,,,,142,53,0.73,0.0353508989028877,0.0038110780949095,871894.7479178571,126017.97080157936,0.1445335,0.0066434848951991,0.0003692182486441,
bc,900112,120,,,,,,,816,607,0.73,0.0456240849481611,0.0129737643023652,2017893.1500995408,180690.18598323932,0.08954398,0.009516607387653,0.0009947273664228,
bc,900112,121,,,,,,,1963,434,0.73,0.0959178050258167,0.0015161170123795,13312540.019271232,2236458.899016799,0.1679964,0.0295841580433229,0.00245534434111,
bc,900112,124,,,,,,,1179,659,0.73,0.0544722140478193,0.0054778492288892,718647.8520402672,140294.60656139356,0.1952202,0.0095771867799307,0.0004875769695182,
bc,900112,125,,,,,,,307,154,0.73,0.0889633596072558,0.0097201649730392,4417276.032614749,566923.1048765464,0.1283422,0.0190661327099507,0.0012009213419295,
bc,900112,127,,,,,,,260,61,0.73,0.0314687473670834,0.0004850434383565,4495272.334029152,792492.911206845,0.1762947,0.0098408037098079,0.0008668209622273,
bc,900112,128,,,,,,,11486,2265,0.73,0.0930395009538931,0.000546011462779,21862884.5795264,4204246.293406693,0.1923006,0.0381461923012283,0.0044729448839198,
bc,900112,131,,,,,,,1826,379,0.73,0.1106217590470101,0.0015234838156792,12502384.643129757,2269876.8120580823,0.1815555,0.0311091368820822,0.0024910855938395,
bc,900112,133,,,,,,,829,423,0.73,0.0785000547851381,0.0045392523667176,8931975.041976856,1302253.52572882,0.1457968,0.0221391561651273,0.0016562851180798,
bc,900112,134,,,,,,,2,1,0.73,0.0549976253537967,0.0125043796033088,575598.1869618974,78991.04693402366,0.137233,0.0095112035941622,0.0008582606687079,
bc,900112,137,,,,,,,8,0,0.73,0.0213834766682423,0.0,16251979.459256688,3146116.6456069527,0.1935836,0.0206215984785568,0.0033218697868245,
bc,900112,138,,,,,,,3989,1115,0.73,0.0552044192236962,0.0014550787771338,8416915.068710255,1454532.681848149,0.1728107,0.0178240414429012,0.001625954628666,
bc,900112,140,,,,,,,5114,1712,0.73,0.0529248874104739,0.0044562586205241,2408436.635135595,334306.8508681967,0.1388066,0.0111108796366736,0.0006291226772551,
bc,900112,143,,,,,,,336,130,0.73,0.056274923045528,0.00244857018544,17514713.243957657,1618243.1618038537,0.09239336,0.027603376245962,0.0018603740760714,
bc,900112,144,,,,,,,2819,1525,0.73,0.0441164511420515,0.0069993999612991,1369194.3291843662,179345.59931807313,0.1309862,0.0085876022873701,0.0006230951805562,
bc,900112,145,,,,,,,6719,1475,0.73,0.087272104205239,0.0011077069570178,11489458.953695849,2237798.498201243,0.1947697,0.0262595988454712,0.0024314508940078,
bc,900112,146,,,,,,,155,92,0.73,0.0246481223199862,0.0027545291287979,512362.8486731802,77089.22556497248,0.1504583,0.0045312181775864,0.0002520851696995,
bc,900112,147,,,,,,,1700,1034,0.73,0.0739743161186823,0.01473534949531,3396761.034128328,359658.65895940934,0.1058828,0.0155620632734459,0.0012928535175145,
bc,900112,152,,,,,,,942,487,0.73,0.081337402574315,0.0166330393056737,2139801.062145649,277680.7532058857,0.1297694,0.0154268797531351,0.0013238898805728,
bc,900112,153,,,,,,,641,100,0.73,0.0745663395429475,0.0001874787015709,23733043.24729001,4567751.818225132,0.1924638,0.0371302431701341,0.0048345399632147,
bc,900112,158,,,,,,,8,3,0.73,0.0094224972855475,0.0003807543194361,2431865.668056393,261546.89848000117,0.1075499,0.0040931066034331,0.000299751970546,
bc,900112,161,,,,,,,1001,411,0.73,0.0433836219906553,0.0031385389883161,5909042.89275067,795823.1149889473,0.1346789,0.0132624265814338,0.0010347659400382,
bc,900112,163,,,,,,,11850,3321,0.73,0.0594860487984075,0.0007720416712807,21865273.794880997,2493198.814501444,0.1140255,0.0327168168386779,0.0026803186528325,
bc,900112,164,,,,,,,10,8,0.73,0.0156878455179315,0.0043592128731598,35587.15050330005,4602.795364232449,0.1293387,0.0025772476528459,0.0002749865751815,
bc,900112,166,,,,,,,5850,3072,0.73,0.0475864604632267,0.0087321013318199,3065132.1142105944,326473.098660722,0.1065119,0.0109400336688271,0.0008858117700026,
bc,900112,169,,,,,,,20123,1945,0.73,0.0537079249975122,1.4422774719195891e-05,28384793.037485342,7274952.388370404,0.2562975,0.0386651309868501,0.0076822505497419,
bc,900112,170,,,,,,,1733,375,0.73,0.081379296954822,0.0012916599355186,11676418.695237512,2048587.460952064,0.1754466,0.0255030285825992,0.0022430688477231,
bc,900112,171,,,,,,,122,54,0.73,0.0458533944794456,0.00416811082634,4409081.002620221,456773.53886532784,0.1035984,0.012078497843919,0.0007405751765999,
bc,900112,173,,,,,,,50,0,0.73,0.0251678510843801,0.0,2865918.023858355,689269.4467165759,0.2405056,0.0071003890246516,0.0007277744622807,
bc,900112,174,,,,,,,6688,1882,0.73,0.0221526648821109,0.0010240361463129,2994109.2593861097,477653.9447355514,0.1595312,0.0067476192894429,0.0005677936592439,
bc,900112,175,,,,,,,816,487,0.73,0.0722718427460394,0.0121126546909898,3038634.0460781297,351815.0967261025,0.1157807,0.0149083202009387,0.0011220516740862,
bc,900112,176,,,,,,,2,2,0.73,0.0054838568996473,0.0002925546192781,295451.20864712977,27214.397389576658,0.09211131,0.0011997262690308,4.6863374954190765e-05,
bc,900112,179,,,,,,,263,199,0.73,0.0742521355116419,0.0151841215167472,1333414.033908173,154965.18672968814,0.1162169,0.0134284260527712,0.0011045341325339,
bc,900112,181,,,,,,,2,0,0.73,0.2942664015457333,0.0,14387047.546942765,2729898.751267223,0.189747,0.0628289305219981,0.0028824004970022,
bc,900112,183,,,,,,,18,13,0.73,0.0345032594731629,0.0184540727724239,306679.31939444906,30046.71508011053,0.09797438,0.0059094719715702,0.0011752658256005,
bc,900112,184,,,,,,,300,62,0.73,0.042538102126863,0.0001771066060492,15310773.779028472,3643118.7259170194,0.2379448,0.0230524917811835,0.003857610888293,
bc,900112,186,,,,,,,4920,2350,0.73,0.0357216077624174,0.0076574185582863,2046943.027544767,203934.92734880283,0.09962902,0.0079441887859979,0.0006898334887828,
bc,900112,187,,,,,,,41,15,0.73,0.0177931578594793,0.0004474785373172,1019226.2412332172,148358.91201945322,0.1455603,0.0039566608917181,0.0001843755940692,
bc,900112,189,,,,,,,69,14,0.73,0.1054409872976031,0.0016571182927263,16884358.59773206,2715023.617380164,0.1608011,0.0348971990178378,0.0029693807717653,
bc,900112,190,,,,,,,698,616,0.73,0.0204599713403942,0.0097740492905711,162194.15302182577,15253.142642785862,0.09404249,0.0034834768299865,0.000621772196237,
bc,900112,191,,,,,,,446,143,0.73,0.0824972051901617,0.0033052087418716,5188773.888018671,890676.9217483761,0.1716546,0.0188339369429982,0.0011452466121958,
bc,900112,194,,,,,,,251,66,0.73,0.0350136031896254,0.0001899583106124,19440849.678488616,3428357.6604420007,0.1763481,0.0261951628610489,0.0036316488938863,
bc,900112,195,,,,,,,194,119,0.73,0.0323187304625371,0.0069225024433167,722172.4666208717,83859.12912276981,0.1161206,0.0059945271976676,0.000517509404016,
bc,900112,196,,,,,,,3000,374,0.73,0.0355126119825581,3.010343170368372e-05,35504253.40500409,6996719.098587999,0.1970671,0.0432367083064289,0.0073894458505812,
bc,900112,197,,,,,,,245,8,0.73,0.0302290365555329,2.0058903231991555e-06,15643963.206158685,4338065.763275279,0.2772997,0.0214116054769968,0.0045805296731678,
bt,900101,0,0.2888145889115512,10791058.0,True,catalogue_selected,0.6456652581460561,31.71527396330816,6806,1596,0.73,0.0437340298043393,0.0006416451259485,26642520.291520435,3497867.583052792,0.1312889,0.0352108757382597,0.0037330314903694,
bt,900101,1,0.1399706337820377,9395586.0,True,catalogue_selected,0.8547759691829862,385.538769323715,23,20,0.73,0.079312517669723,0.0240824501483854,2384193.9497525413,243397.61606832623,0.102088,0.0153571209075421,0.0017493080248753,
bt,900101,2,0.200882311571994,11311856.0,True,catalogue_selected,0.7211881449044129,81.67219967312538,134,49,0.73,0.0595352047944527,0.0030720234100377,8687959.33716551,1265524.3362840624,0.1456642,0.0188113290099627,0.0015265845632984,
bt,900101,3,0.1163680470536264,154375.0,True,catalogue_selected,0.9010896182507766,158.93501165546587,39,31,0.73,0.0147395668249448,0.0060202970216549,382853.7423542921,38294.033460338855,0.1000226,0.0027903989248854,0.0004134920618367,
bt,900101,5,0.2379710142629953,19142281.0,True,catalogue_selected,0.7169123151376593,61.121842277459976,200,35,0.73,0.0595923318647623,0.0004616666300223,13424266.800613835,2511981.667190236,0.1871224,0.0238214714485233,0.0026809178208683,
bt,900101,7,0.1079739940798883,1566826.0,True,catalogue_selected,0.9520168898667684,135.05974619098578,103,72,0.73,0.0150400505750701,0.0119688918836393,488224.1096801054,40039.61617315888,0.08201073,0.0029503003369817,0.0007839507915848,
bt,900101,8,0.3662049767946729,14944724.0,True,catalogue_selected,0.5806536868068537,21.13513636457883,18277,601,0.73,0.003369018941484,1.0295787441383624e-07,19356417.793328576,5220756.4293639455,0.2697171,0.0209831387965349,0.0055124126257154,
bt,900101,9,0.3375571132364938,8111837.0,True,catalogue_selected,0.5621464701403652,49.2070697785198,360,53,0.73,0.008672974154839,3.095708068201504e-05,36558793.872981794,5331723.440129813,0.1458397,0.0400051463167265,0.0056314905765169,
bt,900101,11,0.1640823715448116,5590045.0,True,catalogue_selected,0.705104235784189,1424.7236072062765,1,0,0.73,0.1059068335795137,0.0,3660820.830931981,474722.6447891388,0.1296766,0.0210103628017359,0.0005012423214023,
bt,900101,12,0.0924874118893752,5386571.0,True,catalogue_selected,0.8300752100993535,270.0169486273753,67,48,0.73,0.0568521839167401,0.0076912295648479,301206.9134092677,33715.127857024294,0.1119334,0.0095217144634756,0.0005121997738726,
bt,900101,13,0.2056007584770926,8021769.0,True,catalogue_selected,0.7318590054559778,122.19849211982591,23,6,0.73,0.0086670710199983,0.000350535422238,2307650.6826208658,457209.28189674666,0.1981276,0.003839658154874,0.000504472173275,
bt,900101,14,0.2227159025413963,9931818.0,True,catalogue_selected,0.611598780389282,37.433663811414256,1124,238,0.73,0.0695197119221386,0.0011646070252363,17161966.77707161,2904776.313514958,0.1692566,0.0293750952729516,0.0031392143534388,
bt,900101,15,0.0834229255621479,19357878.0,True,catalogue_selected,0.9271008951540268,276.148343063909,8,8,0.73,0.0425021341876114,0.0284100837419125,180711.8577547188,19940.43474863478,0.1103438,0.007071388611736,0.0017815375227486,
bt,900101,17,0.3166972100297248,8045262.0,True,catalogue_selected,0.6183361686523247,27.17882033382198,1598,73,0.73,0.0161659373725884,9.645220332451066e-07,27735578.78174568,8220848.247741855,0.2964008,0.0319020555316844,0.0086801535132786,
bt,900101,21,0.12363349708051,7228408.0,True,catalogue_selected,0.9029045832450154,299.25833132273544,13,10,0.73,0.0901486059958863,0.0301582352722523,967862.9201704632,136321.4761528362,0.1408479,0.0156159003062489,0.0020127474465746,
bt,900101,22,0.1527639221530482,13252529.0,True,catalogue_selected,0.7946914014486115,309.9688163411626,596,385,0.73,0.0436070304980766,0.0158756585738025,3213017.201912828,274464.6115895084,0.0854227,0.0104519585488645,0.0012735615825017,
bt,900101,23,0.1206833969926503,16967752.0,True,catalogue_selected,0.9511744676052784,51.23570475840657,6447,3788,0.73,0.0505478512365735,0.0137377236008978,1269313.4703377574,171454.61601932332,0.1350767,0.0095233076339453,0.0010323160095051,
bt,900101,24,0.2342874028626522,18060584.0,True,catalogue_selected,0.65591258736884,91.69452141764684,1348,234,0.73,0.0835639687923084,0.0009444842218068,16341401.724076029,2995506.9490233515,0.1833078,0.0307822859225482,0.0032213732065758,
bt,900101,25,0.2930953677889049,16222830.0,True,catalogue_selected,0.5714107736199736,28.197096848827428,644,124,0.73,0.0196004624715282,5.1296104252349386e-05,26181508.609786253,5271549.175398404,0.2013463,0.0308171776144069,0.0055692151107571,
bt,900101,29,0.2034119258851567,13878630.0,True,catalogue_selected,0.788701784954627,589.8166147157915,26,7,0.73,0.1096038475199331,0.0057565187092431,11527965.017742712,2025893.043742662,0.1757373,0.0299154951824261,0.0024957798347624,
bt,900101,30,0.2700978308641988,4374164.0,True,catalogue_selected,0.6591643697321612,22.471681036801712,22250,3610,0.73,0.036896668146478,0.0001020152658125,11067648.618741397,2797597.3764824728,0.2527725,0.0176590507851563,0.0029602025692963,
bt,900101,34,0.1649920502240154,9847087.0,True,catalogue_selected,0.8563354757444537,406.7105275653722,4,2,0.73,0.1343214353081797,0.0226038506343728,3869529.927437272,600755.6492154603,0.1552529,0.0258307115294407,0.0020350051934878,
bt,900101,36,0.3208770848381517,16028685.0,True,catalogue_selected,0.5479281027199941,27.9127610375079,11097,2058,0.73,0.0139091483689866,5.5141491584672944e-05,18387568.33544363,3656449.938408195,0.1988545,0.0216664854946845,0.0038641290363328,
bt,900101,37,0.1655045351861467,9643684.0,True,catalogue_selected,0.8376508726790332,112.76986331146492,494,241,0.73,0.0370471001456029,0.0043926567835593,2512464.7236170764,321677.9625921693,0.1280328,0.0086502973492143,0.0006118470899366,
bt,900101,38,0.1864500852077379,14102738.0,True,catalogue_selected,0.8568427191563771,485.945860890477,4,2,0.73,0.0930618762613705,0.0112330991685832,1911322.681094298,315790.6505128485,0.165221,0.0170836882740247,0.0010295114982986,
bt,900101,40,0.1917489682737859,12538079.0,True,catalogue_selected,0.8553075801192521,60.17458900837416,3710,1739,0.73,0.0673861362509609,0.0060403365713357,9021363.929991543,1238366.8274352727,0.1372705,0.0204343296188332,0.0016818469305215,
bt,900101,42,0.2650193934333896,1869290.0,True,catalogue_selected,0.7490779485206676,26.024497205416377,1442,261,0.73,0.0421650733069736,0.0001948169008589,15629800.132539026,3630464.314998815,0.2322784,0.0233289512139007,0.0038453470084978,
bt,900101,43,0.0947822977069215,9128213.0,True,catalogue_selected,0.8970124616527418,46.53492987019028,1488,948,0.73,0.017726410731982,0.0067094032292101,314577.31284437474,37556.06362898765,0.1193858,0.0032018422430464,0.0004554146012871,
bt,900101,45,0.1888557169434301,9463525.0,True,catalogue_selected,0.7927036782722607,32.692422632788684,2061,637,0.73,0.0377212327830498,0.0024816935010192,2570831.250086335,424438.7403127466,0.1650979,0.0088210583569698,0.0006019320880288,
bt,900101,47,0.0786307752579717,5597014.0,True,catalogue_selected,0.8834436385910146,128.75812784012476,5,2,0.73,0.0121686258030197,0.0029833232167062,104979.68200410958,12940.5904246011,0.1232676,0.0020807975806923,0.0001985306130718,
bt,900101,51,0.0951546185468806,6521323.0,True,catalogue_selected,0.9142718262578444,307.13263456812825,3,3,0.73,0.0595933553919261,0.0397296075221731,286127.2043216367,38889.45810493232,0.1359167,0.0099495548621205,0.0025029802367383,
bt,900101,55,0.0473940525720119,3781718.0,True,catalogue_selected,0.9490510960290068,87.42875499752449,35,25,0.73,0.0074691335715974,0.0021550678804374,9577.786981612016,951.1303663431436,0.09930586,0.0012192752381498,0.000134547012784,
bt,900101,60,0.17269903846372,19403816.0,True,catalogue_selected,0.8777689765307132,184.21296492154545,13,9,0.73,0.0357425116673099,0.0063195776004242,3836563.4616147536,485587.267430448,0.1265683,0.0098371678013102,0.0009043181411302,
bt,900101,65,0.1705363227914491,11302897.0,True,catalogue_selected,0.7252399116597912,33.53663292022108,1979,460,0.73,0.0692233659561485,0.0009020223615224,4657589.372579351,1159376.4496912952,0.248922,0.0161242045385217,0.0012800387722378,
bt,900101,66,0.1367961072908075,3957134.0,True,catalogue_selected,0.892738180742219,994.9974612426676,190,130,0.73,0.0444422894215311,0.0135386112593403,1727416.4274107155,211463.1264850932,0.1224158,0.0090185852090694,0.0010622211732493,
bt,900101,70,0.1606525053660716,2613361.0,True,catalogue_selected,0.7363011335097037,1068.0998922314843,3,1,0.73,0.1122696033082815,0.000463732852186,3767457.971058217,737594.5881733365,0.1957804,0.0221530125427827,0.0008075352760757,
bt,900101,71,0.2390334328203628,15906953.0,True,catalogue_selected,0.6939230988325693,30.85059009204141,280,37,0.73,0.0316992695036777,1.571100624950392e-05,16114809.46961508,4301152.198147837,0.2669068,0.0221467678038031,0.0045424032492025,
bt,900101,72,0.1701299638919828,3626307.0,True,catalogue_selected,0.904518608752568,35.866096304740985,12104,3108,0.73,0.0818665378829527,0.0045644512001514,6094075.870559082,925724.8423506676,0.1519057,0.0196877148678883,0.0012602837102443,
bt,900101,74,0.0818427276860421,15273415.0,True,catalogue_selected,0.8597347236490348,275.550638566041,23,15,0.73,0.0085858076749318,0.0008473814220009,30907.3980246428,4117.197714243811,0.1332108,0.0014225724298683,5.6856748796828334e-05,
bt,900101,76,0.1562909197656983,12264856.0,True,catalogue_selected,0.759097077978032,41.078827531600616,187,97,0.73,0.0540669624161904,0.0051043666251287,4333356.81225706,688471.620128709,0.1588772,0.0133282207576502,0.0010432335419245,
bt,900101,77,0.2241742452131973,9449249.0,True,catalogue_selected,0.6697455695129559,39.90018420555952,2245,370,0.73,0.0434217877545083,0.0003483246039011,12868632.687141895,2695801.3276436995,0.2094862,0.0206169821153627,0.002867982846754,
bt,900101,78,0.0598708284253662,31074.0,True,catalogue_selected,0.968451220545906,83.08265043593336,365,288,0.73,0.0060474961222299,0.0019845340680259,19349.98395847916,1849.5441132878648,0.09558375,0.0009994474329834,0.000124928173425,
bt,900101,82,0.2865336674713265,15600763.0,True,catalogue_selected,0.5674987379027898,221.1338187340414,21,2,0.73,0.0139611150901805,1.767625221145967e-05,20050810.6910696,4507196.287303895,0.2247887,0.023431055201921,0.004760079465953,
bt,900101,83,0.271081093539745,5683343.0,True,catalogue_selected,0.8118328757034136,46.04098492127464,157,42,0.73,0.0162343397637581,0.0004019797315339,10256704.67767826,1486566.1401518562,0.144936,0.0134578235641282,0.0015945203673846,
bt,900101,84,0.1424210927052636,17821891.0,True,catalogue_selected,0.8839477593694066,334.3495633469489,2,1,0.73,0.0109631734696102,0.0038445853438121,2105633.91724207,308792.838240182,0.1466508,0.0039980672426782,0.000564279901395,
bt,900101,86,0.1118508417751737,11908088.0,True,catalogue_selected,0.90687402240321,52.04359158584538,264,135,0.73,0.0220651189803696,0.0044017118475301,728240.5369734168,97853.30129745284,0.1343695,0.0043409985479602,0.0003760799095452,
bt,900101,87,0.0783400362060432,1255727.0,True,catalogue_selected,0.934922380115683,75.67811681288687,157,124,0.73,0.0085516769503544,0.001618702883142,62297.271950716815,8921.498592542717,0.1432085,0.001450190500983,0.0001097257892476,
bt,900101,89,0.1913700231577754,11897999.0,True,catalogue_selected,0.7656296054431271,177.0123020948896,34,15,0.73,0.064329123598987,0.0056313905842528,5287160.55075535,581962.2085533323,0.1100708,0.0159966271246149,0.0009634321499446,
bt,900101,90,0.1385014946699081,17096053.0,True,catalogue_selected,0.8541943169472662,61.962260005145644,37,23,0.73,0.0287069658198781,0.0062044205423183,2443106.0741041554,344756.40544008464,0.141114,0.0072268971900616,0.000748484052742,
bt,900101,93,0.0921799670564509,16974092.0,True,catalogue_selected,0.9240414765359746,107.79314909054284,92,68,0.73,0.0538961891929594,0.0143257932569473,446699.944258688,58896.95348290035,0.131849,0.0091967954473034,0.0009499112989947,
bt,900101,96,0.2884417059515889,3156278.0,True,catalogue_selected,0.5683368332389628,36.308698534866586,192,7,0.73,0.016818519572659,4.003088889328466e-07,13037472.123917976,4150537.913705016,0.3183545,0.0164885061069931,0.0043824263655456,
bt,900101,98,0.374533394513599,4398038.0,True,catalogue_selected,0.5562513416028546,57.20262169377478,299,0,0.73,0.0023952457729395,0.0,28166640.109871965,7472359.627741628,0.2652911,0.0301278890183205,0.0078897919180277,
bt,900101,106,0.2955751402950312,14566048.0,True,catalogue_selected,0.5934246169649667,90.62126205632914,10,2,0.73,0.0082875711087825,6.860255093226864e-06,13757289.360309076,3251797.5735744163,0.2363691,0.015867477472904,0.0034338795314622,
bt,900101,107,0.2328547517827255,5411492.0,True,catalogue_selected,0.6775085662075426,181.85607616538803,33,14,0.73,0.0172110195905381,0.0008297088057954,2816961.4592895,428803.7728263103,0.1522221,0.0057605827759323,0.0005041726934846,
bt,900101,111,0.394059623472922,6866171.0,True,catalogue_selected,0.5909325189132602,43.11779280688452,1501,0,0.73,0.0011808217077519,0.0,32059160.029868357,12831090.25994354,0.4002316,0.0340412582213276,0.0135478800908546,
bt,900101,112,0.2302410190664054,10123882.0,True,catalogue_selected,0.8316626906200182,35.85215741003731,435,129,0.73,0.0427064587882604,0.0011446092655853,12339024.003601125,2136216.3115787143,0.1731268,0.0199419845187552,0.0023264806886514,
bt,900101,113,0.0738735540158486,8706333.0,True,catalogue_selected,0.892745502503735,419.1725101352295,1,1,0.73,0.0140231928483772,0.002389718371228,112753.1361686984,14936.05145680305,0.1324668,0.0023892372650317,0.0001638537304332,
bt,900101,115,0.2709872807595498,17850499.0,True,catalogue_selected,0.5773136932018726,40.95702638471474,2919,772,0.73,0.039709166024043,0.0004741177159772,23840801.68209881,3955090.795051182,0.1658959,0.0316010664991764,0.0042054156547216,
bt,900101,116,0.2927674463602892,15263917.0,True,catalogue_selected,0.6795274023109024,71.158808156538,1377,128,0.73,0.0325503563884189,3.564508432772996e-05,19721138.197204284,4428365.750605411,0.2245492,0.0260923394127417,0.0046779586499797,
bt,900101,117,0.1450095220526029,19593483.0,True,catalogue_selected,0.8208843029910062,168.27646830916524,17,9,0.73,0.0280878136554703,0.0022434925855783,1897383.78068819,384375.9605928506,0.2025821,0.0065504556818256,0.000544870702247,
bt,900101,119,0.2998524625569221,6653039.0,True,catalogue_selected,0.6294777067578162,31.404009484239744,12357,2127,0.73,0.0097970612141713,4.2155090174601495e-05,4763273.493235747,1035735.135197388,0.2174419,0.0066153924401675,0.00109620716047,
bt,900101,120,0.1152437726154429,14745158.0,True,catalogue_selected,0.863518599511023,69.50825315901089,281,215,0.73,0.0109608852321859,0.0027891980314783,177748.5663366295,20730.04543914616,0.1166257,0.0019621129974233,0.0001947258899315,
bt,900101,122,0.2792774797574033,19786113.0,True,catalogue_selected,0.5767059951292283,56.20607173499768,719,206,0.73,0.0446541657682469,0.0010653470638999,24748838.346248847,2972904.031619306,0.120123,0.0333603649446554,0.0032049970992397,
bt,900101,123,0.0861655976576593,1742224.0,True,catalogue_selected,0.846386547686835,235.85577567934249,1,1,0.73,0.0023427979120605,0.0002703468154703,215671.64195971796,28770.47528099096,0.1333994,0.0006069904693437,4.713023337961468e-05,
bt,900101,125,0.3047238940814132,5679728.0,True,catalogue_selected,0.5671011413012819,36.65712644823669,2577,261,0.73,0.0166932786199889,1.9498715798042887e-05,8802858.123153469,2044955.7305051396,0.2323059,0.011997056678613,0.0021604024238703,
bt,900101,128,0.0888327407847143,15215555.0,True,catalogue_selected,0.9334487609501074,45.01669386617085,137,100,0.73,0.0215760919531256,0.0029154709474133,148269.54114687582,25434.83352143561,0.1715446,0.0036494607704647,0.0002075182377419,
bt,900101,130,0.1370241863822973,12411752.0,True,catalogue_selected,0.8373193891210033,81.36575516946877,54,29,0.73,0.0463378308091645,0.0064944212528445,1693894.487689169,238390.8230685548,0.1407353,0.0092900558440966,0.0006541469427857,
bt,900101,132,0.1592856858875706,13388057.0,True,catalogue_selected,0.7160327189764019,191.1097339359392,165,29,0.73,0.0157424425064698,0.0003181649849073,2173597.4617941133,331006.1509666388,0.1522849,0.0048435333320611,0.0003692129978278,
bt,900101,135,0.1705424303952714,15166534.0,True,catalogue_selected,0.867113965046703,29.56506635502989,36002,13221,0.73,0.0493266938489565,0.0019335757254394,2888173.9556386634,555950.0502345721,0.1924919,0.0110349127459355,0.0007068249551597,
bt,900101,136,0.1611861188903268,12170382.0,True,catalogue_selected,0.8150599579600439,125.25829128233202,192,112,0.73,0.0638032077065575,0.0159437843841483,3490985.482598866,353670.47756490594,0.1013096,0.0140149719765427,0.0013614137079954,
bt,900101,137,0.1221211887272887,992170.0,True,catalogue_selected,0.9158968668898944,54.3008437800032,125,86,0.73,0.0254786648317612,0.0053160587578334,1023144.4575758624,118983.42453536314,0.1162919,0.0052049886327121,0.0004550496254962,
bt,900101,138,0.1944133689510439,19741494.0,True,catalogue_selected,0.6255821476469344,75.18426845986467,248,50,0.73,0.0617558284254383,0.0007482984773833,8072881.420168519,1635676.8262745857,0.2026138,0.0185213827894341,0.001773421179578,
bt,900101,140,0.1827562764886093,10312353.0,True,catalogue_selected,0.6819950515286375,167.92971655824752,323,88,0.73,0.0691713161201157,0.0004792592469039,6822106.692431007,1498356.6874770415,0.2196325,0.0184012131697888,0.0016117583436027,
bt,900101,142,0.2054208111172219,9398417.0,True,catalogue_selected,0.778078109065497,88.46775212145687,129,37,0.73,0.0525966899718861,0.0024932074130877,9128833.735061172,1466409.0366612575,0.1606349,0.0181535705588369,0.0017028239906668,
bt,900101,143,0.1136972330867059,14836215.0,True,catalogue_selected,0.8598862757051501,50.57449373515,81,56,0.73,0.0151173239360668,0.0025636665404064,394636.58574840985,56905.46796506133,0.1441971,0.0028639943074929,0.0002189467247217,
bt,900101,144,0.216827094939395,4932973.0,True,catalogue_selected,0.8782518950746692,38.93408877311971,554,137,0.73,0.022136892345705,0.0008345871217622,4652926.071754744,740689.081722933,0.1591878,0.0084965500603642,0.000833783306517,
bt,900101,145,0.1563104997514293,19802984.0,True,catalogue_selected,0.7723018402516506,48.12419494250376,681,333,0.73,0.0412857175281373,0.0061878467716219,3431543.344459719,428966.26042778575,0.1250068,0.0103068998317286,0.0008363711421934,
bt,900101,146,0.3162451343558667,14059420.0,True,catalogue_selected,0.6025916105588135,80.98549230158378,52,2,0.73,0.0063411873964359,2.71210769249122e-06,7826619.63615195,1486890.3561456816,0.1899786,0.009290403693097,0.0015701213418169,
bt,900101,147,0.29784730905758,6551159.0,True,catalogue_selected,0.7904819812533951,386.9752492241015,10,1,0.73,0.0038726147193173,3.375962206833524e-42,5277927.614405534,1232458.5773279972,0.2335118,0.0061997007064566,0.0013013080482109,
bt,900101,153,0.3196050617312394,13826767.0,True,catalogue_selected,0.5606276965452608,21.96883900076013,6825,307,0.73,0.0091740499798305,1.153438047858438e-06,26633265.789169174,6366160.850304735,0.2390304,0.0296062614411298,0.0067218684611179,
bt,900101,155,0.1126748086755113,3744116.0,True,catalogue_selected,0.8026456555016711,89.4837444172793,30,20,0.73,0.0355172739478334,0.0086817771373559,786624.5980502879,122198.86577667826,0.1553458,0.0065803853626832,0.0006670076286422,
bt,900101,156,0.3004654312261997,4800964.0,True,catalogue_selected,0.5696866030724589,217.3384971767157,52,1,0.73,0.0493338143611729,3.544903855483673e-06,26670262.20076376,6247483.911861638,0.2342491,0.0361467048106511,0.0065967100030694,
bt,900101,157,0.2123659841197258,2087166.0,True,catalogue_selected,0.6496899869069412,47.39194137175564,293,70,0.73,0.0656955356777417,0.0019785414507707,10436401.406487089,1737118.1294829897,0.166448,0.0216547282770145,0.0019567636216285,
bt,900101,161,0.2122607279789302,6939736.0,True,catalogue_selected,0.6126812959334813,226.6449486495829,58,17,0.73,0.0730467996204561,0.0003005426024438,7976143.79118276,1935944.3415850787,0.2427168,0.0202471127529626,0.0020627166772236,
bt,900101,162,0.2623404550473099,9969727.0,True,catalogue_selected,0.6460666823485868,32.93212530231793,772,132,0.73,0.0517641909990226,0.0002341191060448,24242141.20638809,5284093.259596371,0.2179714,0.0339763890249842,0.0055937889155214,
bt,900101,163,0.1835935609880283,13562284.0,True,catalogue_selected,0.8435770378495374,34.20521768923424,11831,2018,0.73,0.0236922729769379,0.0011992898982632,2683479.0091870595,425737.5139304682,0.1586513,0.0066688800732697,0.0005238369154168,
bt,900101,164,0.2958653023239258,6755313.0,True,catalogue_selected,0.6180724722022309,50.79143476226123,66,6,0.73,0.0192730867199752,6.882984194058037e-06,29183686.182444427,8338483.977113557,0.2857242,0.033934069210133,0.0088047275366409,
bt,900101,165,0.0877051909430371,17392610.0,True,catalogue_selected,0.9433710936676134,262.3441467922373,24,18,0.73,0.0925897107157172,0.0271904873937238,368575.6298226381,49255.7042000264,0.133638,0.0153783200543566,0.0017369159131305,
bt,900101,166,0.1484576121532615,15452951.0,True,catalogue_selected,0.7651945783616028,43.048423697750906,253,118,0.73,0.0248977236657239,0.002088904866074,1265374.3572405083,206376.7411515017,0.1630954,0.0053667029969729,0.0003473485077038,
bt,900101,168,0.1728456684703026,16049397.0,True,catalogue_selected,0.771324871527004,46.62542662222315,2965,1131,0.73,0.0322267801773429,0.0022790542176901,2789309.164769938,411547.63431853184,0.1475446,0.0081622557829906,0.0005757639232408,
bt,900101,172,0.1444987564970925,11947034.0,True,catalogue_selected,0.8592772711255491,143.78053906903736,319,270,0.73,0.0761107160381888,0.0293018556830574,2358638.147315816,194401.56588640896,0.08242111,0.0148118045027855,0.0020210049564634,
bt,900101,173,0.1262366003604391,18491829.0,True,catalogue_selected,0.8208206692268009,58.21805599108515,357,213,0.73,0.0532559513273008,0.0073024914777251,1408492.600274101,219325.24980529005,0.1557163,0.0101086704556977,0.0006840898587748,
bt,900101,175,0.1765770921274949,10150794.0,True,catalogue_selected,0.889487863913387,101.79947512510566,103,52,0.73,0.0778526246398851,0.0107433048301359,5113610.229302399,623699.1177316516,0.1219685,0.0180026729529632,0.0013242698075119,
bt,900101,177,0.1998762624555027,1180282.0,True,catalogue_selected,0.8277914758097743,26.19062132488805,2320,429,0.73,0.0550003501534192,0.0005262450929006,5829763.300569786,1435741.2330899488,0.2462778,0.0150593259628612,0.0015485565341583,
bt,900101,178,0.2175847886740101,19323715.0,True,catalogue_selected,0.8315175168936841,88.62281577882493,434,85,0.73,0.0276463032222129,0.0004794032255487,5490803.385103689,1003401.1699475456,0.1827421,0.0102731411439385,0.0010891617919283,
bt,900101,181,0.1589954844782781,10663762.0,True,catalogue_selected,0.8614336737652111,64.0156676510371,1183,659,0.73,0.0660660169271127,0.012887717182314,4270910.450849346,497271.7933151331,0.1164323,0.0152047877456874,0.001323662267592,
bt,900101,182,0.126740275930606,18096897.0,True,catalogue_selected,0.90140940835071,33.52245009411842,1369,828,0.73,0.0611790867427703,0.0128876574213185,1831111.174172772,220992.63819989483,0.1206877,0.0118375578002092,0.0010319454839541,
bt,900101,184,0.0402100938252107,734970.0,True,catalogue_selected,0.9762928560465024,136.12304068130743,354,269,0.73,0.014171388711398,0.000493593246052,6349.735938655878,1105.5044215007674,0.1741024,0.0023008809147432,3.175367603822446e-05,
bt,900101,185,0.1666505341389912,9140269.0,True,catalogue_selected,0.711918803009965,309.3830615536255,18,11,0.73,0.0783969670902465,0.0248452171587587,4367564.905962366,449126.6649696186,0.1028323,0.0173030733739754,0.0020137960841665,
bt,900101,188,0.0846180805730275,240317.0,True,catalogue_selected,0.9468647102100044,57.7745167044806,122,31,0.73,0.0023084249693456,5.8931895019522765e-06,731901.4545380158,92754.77630178707,0.1267312,0.0011464941311557,9.830156667684907e-05,
bt,900101,189,0.2747678651078059,17436398.0,True,catalogue_selected,0.7237344944921185,41.57335651533892,245,40,0.73,0.0331557438524384,0.0001481523670258,25902788.30324311,5301201.214840116,0.2046576,0.032717323145132,0.0056065254940588,
bt,900101,190,0.3850958298094271,360495.0,True,catalogue_selected,0.4660278813037252,132.27776087512888,229,0,0.73,0.0159206100826376,0.0,45317212.53656483,13705694.138922386,0.302439,0.050426145663915,0.0144713424186346,
bt,900101,192,0.0430341803622598,6888004.0,True,catalogue_selected,0.9096641978663964,667.3384720182261,0,0,0.73,0.0,0.0,7763.699950264912,995.7822752140264,0.1282613,8.197407535657567e-06,1.051410175432548e-06,1.0
bt,900101,195,0.2059436266584442,1667158.0,True,catalogue_selected,0.7640392389849326,536.3839644445267,2,0,0.73,0.2731807106591551,0.0,5094358.1311479695,901139.6494090628,0.1768897,0.0496036004226433,0.0009514804796769,
bt,900101,197,0.0592818371174396,15982409.0,True,catalogue_selected,0.9163621172013988,45.799845843275456,2425,2161,0.73,0.0050000467165471,0.0029764672590287,30740.87614078247,2840.371822986399,0.09239723,0.0008419052683111,0.0001874413186949,
bt,900101,199,0.0624978628108111,12305634.0,True,catalogue_selected,0.92610412765572,296.2851668655232,2,2,0.73,0.0051584127458409,0.0041348010138346,70390.70363952951,7614.352335639739,0.1081727,0.0009094076196784,0.0002642602742873,
bt,900102,1,0.2202835665633465,13908693.0,True,catalogue_selected,0.7231043447038656,309.3830615536255,5,1,0.73,0.0148072318118848,0.0003761410939441,8285706.396665028,940084.5441282538,0.1134586,0.0111456868671837,0.0010159092485942,
bt,900102,3,0.210259128855521,7584453.0,True,catalogue_selected,0.7834508869984164,24.724337242190924,34704,7384,0.73,0.049825965466988,0.0002467976243145,10172471.84336632,2464080.0197914266,0.2422302,0.018806963171063,0.0026170254654318,
bt,900102,5,0.341912053474169,11579731.0,True,catalogue_selected,0.5812567597194577,53.10727783499081,3278,174,0.73,0.01171766304831,4.361139215744608e-06,34887384.01242499,7428441.303349393,0.2129263,0.0387332639357006,0.007843690407588,
bt,900102,7,0.2462766604309856,8960980.0,True,catalogue_selected,0.5681021237798469,188.89116438451816,43,7,0.73,0.0610104325786873,0.0001464012638714,13319699.453393774,2647043.868811085,0.1987315,0.0239406359582452,0.002803989073255,
bt,900102,8,0.1365007906801576,20348178.0,True,catalogue_selected,0.9237429794490633,276.148343063909,5,4,0.73,0.0672069245494291,0.043880961453527,1987769.82546084,236981.29756471983,0.1192197,0.0129788020020494,0.0029693844725301,
bt,900102,10,0.134288233583866,998319.0,True,catalogue_selected,0.8920150911039042,26.54164521292477,180,41,0.73,0.0006624124969507,2.887221317965091e-06,6249255.639166451,421589.66903323215,0.06746238,0.0067055976116155,0.0004453200627281,
bt,900102,11,0.0490649103456956,18659271.0,True,catalogue_selected,0.9441399709170588,45.01669386617085,57,53,0.73,0.0064626051016698,0.0032717299925212,21315.81451286435,3536.401313420823,0.1659051,0.0010687242056769,0.000206472729733,
bt,900102,12,0.1822977279914644,6491372.0,True,catalogue_selected,0.6949108391273054,41.57335651533892,158,53,0.73,0.0397773066746734,0.0024874254498955,5623278.30164538,864951.2112611382,0.1538162,0.0123768793360798,0.0010674083257223,
bt,900102,15,0.1603495078583,11749777.0,True,catalogue_selected,0.8479761863001164,36.61251046020066,728,227,0.73,0.0940007800117672,0.0064178346623624,5918662.377778346,868330.295317335,0.1467106,0.0214668892238068,0.0013145312204682,
bt,900102,17,0.2083008176303277,18994804.0,True,catalogue_selected,0.7760113047883532,56.381399409447326,241,85,0.73,0.1145752476248376,0.0070810533360187,9516887.981300889,1386060.3338619457,0.1456422,0.0285968818681522,0.0019022810460773,
bt,900102,19,0.2933311082461153,10630437.0,True,catalogue_selected,0.6620540161658776,31.404009484239744,10948,929,0.73,0.0306516328420808,1.1702758091034987e-05,33214209.113292065,8133949.198150056,0.2448937,0.0400318003462678,0.0085890653917064,
bt,900102,20,0.1396474845354455,1100244.0,True,catalogue_selected,0.9069085447634436,32.13834662815349,5759,2544,0.73,0.067713608933398,0.0068031263913426,1563697.858837394,243597.22892793367,0.1557828,0.0126130659583596,0.0006787736790555,
bt,900102,21,0.1117579712677821,13857905.0,True,catalogue_selected,0.8977368703147313,217.3384971767157,48,33,0.73,0.0711300028207993,0.0109623141722526,720551.6702172833,99228.04168280584,0.1377112,0.0122758915146733,0.0007840712496113,
bt,900102,22,0.0418390831961834,16092602.0,True,catalogue_selected,0.9486607379099772,75.18426845986467,54,50,0.73,0.0038705405686207,0.0016920400781686,5518.298211451649,855.3156300806149,0.1549963,0.0006324202820401,0.0001057534752465,
bt,900102,23,0.2715585769454161,10090277.0,True,catalogue_selected,0.6103822165982102,32.71303272149448,2817,361,0.73,0.0382826569870121,5.78519979704792e-05,27692898.40185006,6141753.153835685,0.2217808,0.0354374203275633,0.0064884379921004,
bt,900102,24,0.0971120376861826,10534137.0,True,catalogue_selected,0.8569449789571862,667.3384720182261,1,1,0.73,0.0338836387119289,0.00907398977572,414220.7244045654,56684.55970435335,0.1368463,0.0059227119094273,0.0006221376412516,
bt,900102,25,0.2435470811862048,5384312.0,True,catalogue_selected,0.6402830943243586,29.19122955630292,10673,1383,0.73,0.0330145551696298,4.803112615800244e-05,8779659.416735683,2240031.0760980644,0.2551387,0.0146147793138728,0.0023681434277184,
bt,900102,26,0.2167910031619919,4173791.0,True,catalogue_selected,0.7465630572186635,35.79017586776522,290,67,0.73,0.0330174246845102,0.0005050428835224,8804051.61337872,1478040.01241152,0.1678818,0.0146409986841702,0.0015919044381246,
bt,900102,27,0.0727635048616203,13552492.0,True,catalogue_selected,0.923682166319245,994.9974612426676,81,51,0.73,0.0393577830258637,0.0059239151072335,120996.58152442717,13497.064581525943,0.1115491,0.0064993050011553,0.0003813373642845,
bt,900102,29,0.1373987177939578,9475054.0,True,catalogue_selected,0.8580155346620231,42.58475475814269,522,168,0.73,0.0432900859553984,0.0025616978871544,2075328.528338337,371613.2047482247,0.1790624,0.0091994050958476,0.0005511131513356,
bt,900102,31,0.292683789880711,14320270.0,True,catalogue_selected,0.6241390851765595,40.724150027141306,1299,192,0.73,0.0315839342546747,9.66955765358609e-05,13139875.533833124,2809945.8667873237,0.2138487,0.0189869722129669,0.0029729112453611,
bt,900102,32,0.0953774164393887,8562573.0,True,catalogue_selected,0.926914249737949,1068.0998922314843,1,1,0.73,0.7905943904158497,0.1772399321496215,357878.0580158154,62251.25729768365,0.1739454,0.1283655416721169,0.0110487275454929,
bt,900102,33,0.2250291190159214,18095282.0,True,catalogue_selected,0.7137354014069434,56.52423917219187,1805,613,0.73,0.0719694183777491,0.0035313803582632,8371909.331839532,1240658.0817201105,0.148193,0.0204905721540818,0.0015287940913198,
bt,900102,35,0.170127792736748,15927989.0,True,catalogue_selected,0.8282119631407396,36.88912600889518,776,329,0.73,0.0522919836823257,0.0041953646169607,5418143.913395857,806142.3850045182,0.1487857,0.0141862602891261,0.0011111498265835,
bt,900102,37,0.1363731789473722,8098892.0,True,catalogue_selected,0.909788563878792,175.63948635743802,386,196,0.73,0.0518086704070993,0.0058160195521253,1732435.1462200773,250623.4780305514,0.1446654,0.0102164122923551,0.0006250245464802,
bt,900102,38,0.1107645861228716,11947781.0,True,catalogue_selected,0.9369465398930764,126.11322204528734,87,69,0.73,0.0373115425334297,0.010491316949063,748651.4539630781,84633.58718909572,0.1130481,0.006830761291438,0.0007394752874655,
bt,900102,39,0.0572878172124741,789652.0,True,catalogue_selected,0.9626494839477332,79.01638706633085,66,44,0.73,0.0074085775251865,0.001175758233783,36866.449632608295,3735.483320973921,0.1013247,0.0012382850498549,7.680218421519063e-05,
bt,900102,40,0.3067114417186062,5136300.0,True,catalogue_selected,0.637531544967148,48.29372005308613,505,26,0.73,0.0122239396033154,3.4607413827981208e-06,30770766.47466222,7925707.418541348,0.2575726,0.0344686377154185,0.0083686797621294,
bt,900102,41,0.1843894954174054,13635234.0,True,catalogue_selected,0.8579959978092502,275.550638566041,27,12,0.73,0.0675021220239409,0.0051405379962747,8583581.910652082,1400760.259822522,0.1631906,0.0199908682501939,0.0017975545558729,
bt,900102,43,0.1402245082731688,19955112.0,True,catalogue_selected,0.8848857240056317,147.9905701953819,239,134,0.73,0.0296828348266093,0.0045291632414694,1738835.267369901,252269.8062404054,0.1450798,0.0066412647302051,0.0005470204238394,
bt,900102,44,0.2883057951384659,14990667.0,True,catalogue_selected,0.5240653553533551,112.76986331146492,433,44,0.73,0.0284891065125701,0.0001468980277312,24973484.20231916,4512456.000645548,0.1806899,0.0309806326961335,0.0047736404706129,
bt,900102,46,0.1429735560409588,4535876.0,True,catalogue_selected,0.756659338018284,386.9752492241015,7,2,0.73,0.0113978480142527,1.445178840548923e-07,816810.9730594947,119560.82248616753,0.1463751,0.0027076146681713,0.0001262488658614,
bt,900102,47,0.1486961135040505,10387846.0,True,catalogue_selected,0.8868953646642113,50.57449373515,98,39,0.73,0.0280967230203732,0.0025130954557638,2034987.569713155,317151.09917040466,0.1558492,0.0066971888209183,0.0004905968618447,
bt,900102,48,0.0948060868591647,6036022.0,True,catalogue_selected,0.9259463394572603,536.3839644445267,1,1,0.73,0.082846123286901,0.003797395101117,323527.76796257985,44225.056792415846,0.1366963,0.0137533866832851,0.0002820082028774,
bt,900102,50,0.082475414504552,16542533.0,True,catalogue_selected,0.9469610146872828,168.27646830916524,11,10,0.73,0.0116446893221973,0.0029270898800298,285690.7532874595,52457.24260231529,0.1836155,0.0021867848276353,0.0002367702021875,
bt,900102,51,0.1509116844137993,2308723.0,True,catalogue_selected,0.7959413099833825,39.70978183113083,1944,786,0.73,0.051398886050334,0.0060621152881903,2044387.371882572,296914.0774804337,0.1452338,0.0104794521346199,0.0006891508770016,
bt,900102,53,0.1668799281947774,6917436.0,True,catalogue_selected,0.8086326145213646,33.53663292022108,1788,528,0.73,0.0501310219206174,0.0007643942301934,3502367.1527781337,853471.11587772,0.2436841,0.0118136279234842,0.0009485161100131,
bt,900102,54,0.2975163883373692,5456026.0,True,catalogue_selected,0.4889991810338083,36.60306668547025,1536,199,0.73,0.0221279540552221,5.111976785845244e-05,17761982.495061945,3699602.92699376,0.2082877,0.0223364774809794,0.0039094434891216,
bt,900102,55,0.2614911946219723,11617028.0,True,catalogue_selected,0.5737160749182258,32.6701569930338,2386,413,0.73,0.0550770566648512,0.0005316062888948,13884923.58274341,2781544.3002430387,0.2003284,0.0235768936862826,0.0029698731104269,
bt,900102,56,0.2974636840838016,10701158.0,True,catalogue_selected,0.6331112716301533,132.5305200235132,1067,218,0.73,0.0259818191884647,0.0002509138883476,24516867.100042656,3157044.477888409,0.1287703,0.030092607858948,0.0033489564273039,
bt,900102,59,0.0761892538104039,10281200.0,True,catalogue_selected,0.905043261672096,56.0359521222489,151,108,0.73,0.0267029179202031,0.0061189592207942,169271.52687551916,20475.93379220638,0.120965,0.0045016071272334,0.0004007923652697,
bt,900102,60,0.1838416396743302,19051142.0,True,catalogue_selected,0.6465227847576548,38.79089760119882,2008,594,0.73,0.0676659973308275,0.0041783482788635,5283343.514848593,773896.1703222203,0.1464785,0.0165327963606052,0.0010760477762148,
bt,900102,61,0.270130453416057,8754413.0,True,catalogue_selected,0.645925734805947,167.92971655824752,272,14,0.73,0.042505118325263,2.955309531287013e-05,20581548.661364317,5926176.288338748,0.2879364,0.0286123710079908,0.006259064651074,
bt,900102,62,0.2084767736734721,6843353.0,True,catalogue_selected,0.7360317477481072,33.30512401745811,406,142,0.73,0.0553603947474224,0.0026314254852927,10603300.919485357,1822947.350994823,0.1719226,0.0201578170482746,0.0020878447265601,
bt,900102,64,0.1278209238073878,5598196.0,True,catalogue_selected,0.8597061855942978,48.94379929055725,326,184,0.73,0.0216682731408709,0.0051808185892606,1335590.27459064,131754.5516012374,0.09864893,0.0049180324356398,0.0004601537866003,
bt,900102,65,0.1402744483091198,4176495.0,True,catalogue_selected,0.9174523542564158,406.7105275653722,1,1,0.73,0.0042765681406186,0.0005800944198126,760252.8267892611,111425.78573431208,0.1465641,0.0014950478897912,0.0001535970407695,
bt,900102,66,0.1434333750811342,10589728.0,True,catalogue_selected,0.8301776745637237,42.66613788470291,2137,1118,0.73,0.0548188871265086,0.0128362586851941,1580075.0596128108,213850.3189015064,0.1353419,0.0105428585202773,0.0010212191522643,
bt,900102,68,0.2811999015196823,6635790.0,True,catalogue_selected,0.5363406741879199,23.049828714662453,1320,199,0.73,0.0176879117412492,2.197370464550313e-05,16164311.498789448,4400117.616119277,0.2722119,0.0199307658056232,0.0046472853031354,
bt,900102,69,0.2787846745106322,8700562.0,True,catalogue_selected,0.6778751760461721,45.1818514865256,293,30,0.73,0.0182589458988476,2.6185860154339903e-05,14332489.25227909,3127507.221914599,0.218211,0.0180890550503096,0.0033038434303079,
bt,900102,70,0.2407303507093327,4685575.0,True,catalogue_selected,0.6560421065656983,67.58698696413336,80,10,0.73,0.0458812072964292,0.0001031131707023,15762855.11569479,3136465.091615395,0.1989782,0.0240710362707182,0.0033180686605463,
bt,900102,71,0.1192680333863629,15754181.0,True,catalogue_selected,0.808989908298018,29.817563854886657,494,199,0.73,0.0272633009645719,0.0033573860678151,397871.781810124,51050.75559913821,0.1283096,0.0048336970347003,0.0002619492393726,
bt,900102,72,0.1694646485703457,8626482.0,True,catalogue_selected,0.784203374501473,133.21207702628178,38,22,0.73,0.0341548968451592,0.0048912724468309,4490126.934368875,623439.5613285383,0.1388468,0.0102702259873847,0.0009613637905034,
bt,900102,73,0.2975206741318122,9124486.0,True,catalogue_selected,0.5988646379592207,184.21296492154545,7,3,0.73,0.0179547823964433,0.000122337797507,20827076.3039031,3666108.0752985794,0.1760261,0.0248972121842931,0.0038784906535314,
bt,900102,74,0.1160164049048226,16492758.0,True,catalogue_selected,0.909623353073416,42.979379111757744,124,67,0.73,0.0116206891427468,0.0026053832178349,321030.8301602762,42144.08943827808,0.1312774,0.0022202137866759,0.0002059457743942,
bt,900102,75,0.2049554732856252,9097020.0,True,catalogue_selected,0.6522826713250514,44.81856820938026,281,61,0.73,0.0487718016054446,0.0009776827708807,9472806.499692053,1797686.329494425,0.1897734,0.0178975556790939,0.0019586953235294,
bt,900102,76,0.1980325930153214,2220248.0,True,catalogue_selected,0.738320677737635,122.19849211982591,21,6,0.73,0.0386063108262395,0.000819694820566,4915611.66310059,943687.8723053832,0.1919777,0.0114401098829183,0.0010471994946585,
bt,900102,77,0.0703186893595861,3180266.0,True,catalogue_selected,0.92326749626882,128.75812784012476,4,3,0.73,0.0021405762919223,0.0003831027922016,90690.29539125484,11081.707833141436,0.1221929,0.0004422899903073,3.5440440862321705e-05,
bt,900102,78,0.0630538809735778,97587.0,True,catalogue_selected,0.955052887459018,1424.7236072062765,2,1,0.73,1.1813621139094084,0.0956030903367609,52211.17132987924,5758.039689861954,0.1102837,0.191303368105157,0.005930301212644,
bt,900102,80,0.2632640421213042,8512482.0,True,catalogue_selected,0.6161680674946928,270.0169486273753,102,15,0.73,0.0613050934167557,0.0004012015757249,19857210.95765844,3297969.234000748,0.1660842,0.0308910578750094,0.0035070665891921,
bt,900102,81,0.3136534173825617,12825565.0,True,catalogue_selected,0.6611884393502492,57.20758250655379,155,4,0.73,0.0248993278828322,4.879868495917072e-06,29008132.61526619,6415757.771893989,0.221171,0.0346595290103473,0.0067744669563109,
bt,900102,83,0.2709864140706963,20674115.0,True,catalogue_selected,0.6033998704903402,21.995342973100687,3666,906,0.73,0.0289416287844692,0.0002670832450829,30326080.57285739,5211668.282514809,0.1718543,0.0367055018094119,0.005519360708056,
bt,900102,84,0.1829075475924727,10619224.0,True,catalogue_selected,0.8456524681164401,52.14411113595688,576,280,0.73,0.0764974214228325,0.0060271242356491,7326926.029136625,981797.0997480276,0.1339985,0.0201202413453581,0.0014101255887428,
bt,900102,89,0.0834623110776208,19643754.0,True,catalogue_selected,0.915270270380065,38.98028315180833,1340,959,0.73,0.0254700950252351,0.0064614616027537,264887.9482152172,31118.486028310217,0.1174779,0.0044029858997862,0.0004332532385882,
bt,900102,94,0.1820369522241368,11607686.0,True,catalogue_selected,0.8046541953752472,51.55371246737515,191,24,0.73,0.0902184750534132,0.0006746862062544,4901080.029680032,1306169.013893359,0.2665064,0.0197801517127466,0.0014209443819568,
bt,900102,95,0.1816692473739204,4451088.0,True,catalogue_selected,0.7202302433252931,135.05974619098578,151,93,0.73,0.0431376276030582,0.0073397491651207,3811689.081667141,314075.0811336588,0.08239788,0.0110080836931509,0.0007864414901265,
bt,900102,96,0.1514743932167735,9579058.0,True,catalogue_selected,0.7098482207437352,39.604803105774025,4734,1617,0.73,0.0435426742258742,0.003843431076577,2215516.0252554603,342080.44832556223,0.1544022,0.009388314945888,0.0005993555481633,
bt,900102,98,0.3221514669487347,18003288.0,True,catalogue_selected,0.5236807746184525,31.3642109821647,843,93,0.73,0.0303462197763022,1.9507293649165444e-05,29246413.29745013,7397740.686673513,0.2529452,0.0357929068187402,0.0078122133058309,
bt,900102,100,0.1715743337842603,7780998.0,True,catalogue_selected,0.7007632356965529,55.84395848222772,327,219,0.73,0.0140110255139116,0.0040054778041764,1172033.291984183,104231.7707343069,0.08893243,0.0035057227916958,0.0003582613307117,
bt,900102,101,0.0770921335763727,18923043.0,True,catalogue_selected,0.84255375644265,63.67264990229036,49,34,0.73,0.0158646199265089,0.0033708283897954,57932.32652494642,7811.88778706609,0.1348451,0.002629458748038,0.0002171278745569,
bt,900102,102,0.1250053728327403,16177116.0,True,catalogue_selected,0.9175489784660364,76.99914723574052,114,69,0.73,0.0353041871717139,0.0087850045807667,549943.1135862641,68872.06630151595,0.1252349,0.0062959858458183,0.0006170984851736,
bt,900102,103,0.2409635854343523,11181888.0,True,catalogue_selected,0.6280091590203415,419.1725101352295,9,1,0.73,0.3557920301144249,0.0015695384227498,13399054.741971182,2640218.4305090387,0.1970451,0.071746000210496,0.0028849696561664,
bt,900102,106,0.1373658274285809,4661345.0,True,catalogue_selected,0.8824393138611826,40.42774537739192,127,51,0.73,0.0200985371113023,0.0015247931844498,1378894.8136325104,238999.3960777268,0.1733268,0.0047096348379008,0.0003468373599293,
bt,900102,112,0.1444362140446032,15549727.0,True,catalogue_selected,0.8404716754377742,45.83621584453015,453,207,0.73,0.056848861455827,0.0065618258644336,2474304.618450422,357672.3273645789,0.1445547,0.0118156711832076,0.0007842687823002,
bt,900102,113,0.2706546991251711,20190339.0,True,catalogue_selected,0.7090535275745674,38.93408877311971,1846,219,0.73,0.0589786685582562,0.0002706955360855,21016644.867121905,4061508.777086671,0.193252,0.0317386417890319,0.0043051730896228,
bt,900102,114,0.2447393561224804,18757925.0,True,catalogue_selected,0.6651581926069886,143.78053906903736,398,169,0.73,0.0630842226767478,0.0045547472739277,18497285.662158117,1714410.5141010736,0.09268444,0.0297431818819185,0.0020924268158975,
bt,900102,115,0.20761966900804,16798160.0,True,catalogue_selected,0.8049465065940575,158.93501165546587,73,32,0.73,0.0556548542580805,0.0046251710076441,12136582.738538915,1403742.7650598004,0.1156621,0.0218244228164647,0.0017687680100444,
bt,900102,118,0.1648730859078218,13284711.0,True,catalogue_selected,0.8352529052142043,187.883818495227,230,83,0.73,0.0331319113793255,0.0048379245477405,3488518.3921647007,432124.736811273,0.1238706,0.0090470550930639,0.0007560556462173,
bt,900102,120,0.147379589301455,8635362.0,True,catalogue_selected,0.8413624111175233,73.65100866643479,1089,459,0.73,0.0570385648703062,0.0029741557317215,2707800.3948325813,515738.9675833717,0.1904642,0.012092921543654,0.0007288489959153,
bt,900102,121,0.0432180355951395,814267.0,True,catalogue_selected,0.965699915604023,218.3432081256031,26,22,0.73,0.0062364691725899,0.0004416206393254,8815.491272473562,1256.8964871296482,0.1425782,0.0010189168981194,2.8692947133959876e-05,
bt,900102,124,0.2598419359243949,12465667.0,True,catalogue_selected,0.7167980682405564,27.33754276830437,1207,127,0.73,0.0461807014024194,2.3752719892085843e-05,23975708.270925723,7278869.823681586,0.3035935,0.032791172763144,0.0076869649739979,
bt,900102,125,0.1029126444849198,11192048.0,True,catalogue_selected,0.8314982876819742,64.04086441036453,225,128,0.73,0.0589795862299112,0.0087325323916931,652700.4051095746,87175.34424631944,0.133561,0.010237244326075,0.0006331727127969,
bt,900102,126,0.2540321443237456,16717967.0,True,catalogue_selected,0.5913363462847802,60.904080680169,417,114,0.73,0.0065958662661338,7.94641740540266e-05,12392728.168205751,2476432.2909354186,0.1998295,0.0141528205366998,0.0026196986525619,
bt,900102,127,0.1599812690933965,4441843.0,True,catalogue_selected,0.8716531773334136,48.12419494250376,1261,663,0.73,0.0341198872504883,0.0044110385433007,2180571.7949437997,279035.29579402035,0.1279643,0.0078259833447853,0.0005679613133753,
bt,900102,129,0.2092388737228003,15172688.0,True,catalogue_selected,0.6640996830617779,43.249488849280425,5699,1488,0.73,0.0075439170356943,0.0003468874297292,1040411.1695806478,167793.17398328934,0.1612758,0.0023198011376,0.0001986622090787,
bt,900102,132,0.2124134225214033,10803527.0,True,catalogue_selected,0.7749658796891549,44.34587595259183,1350,300,0.73,0.0756200059989972,0.0018856276196637,9269915.672850212,1694505.6286377397,0.1827962,0.0220297302776881,0.0019060130600019,
bt,900102,134,0.130697448770695,3021907.0,True,catalogue_selected,0.8137043642773665,35.12536791768465,8936,3879,0.73,0.0248361198743422,0.0030173716184174,880226.5451640496,121741.64737725643,0.1383072,0.0049500665646268,0.0003155195516354,
bt,900102,135,0.1707444992382808,2071157.0,True,catalogue_selected,0.8249133905899918,36.11194909791417,3269,1562,0.73,0.0800544371795183,0.0088710595402083,5202534.343812225,699274.9845771719,0.1344105,0.0184530115052981,0.0012880504816903,
bt,900102,136,0.1822184961528357,10257320.0,True,catalogue_selected,0.7965872921647011,86.60474356259388,375,111,0.73,0.0229803951736791,0.00119152067909,5426030.096100327,880976.9313631954,0.1623612,0.009449395302155,0.0010040261738869,
bt,900102,137,0.2130591898848399,5138100.0,True,catalogue_selected,0.77823660589776,57.09279404541642,293,56,0.73,0.0269156410314229,0.0007066412276018,4296717.01698117,722936.4179574678,0.1682532,0.0088940635385831,0.0008071105136204,
bt,900102,138,0.1173802913591581,1619438.0,True,catalogue_selected,0.9136327727921888,58.51975449692943,95,56,0.73,0.0411400887973325,0.0030919809828644,898372.3642035451,158133.01144324825,0.1760217,0.0076086414804947,0.0003585671719244,
bt,900102,140,0.1013287443910698,593614.0,True,catalogue_selected,0.9159438746698858,75.67811681288687,255,155,0.73,0.0330422091648045,0.0054750401324077,595336.9445531727,87787.54518954761,0.1474586,0.0059777286502307,0.0004319626081871,
bt,900102,142,0.1289652189332395,5198253.0,True,catalogue_selected,0.9044823625766742,47.62206280017095,165,79,0.73,0.0202889405816138,0.0022085245109903,765987.1263417167,121856.52676015806,0.1590843,0.004093311990831,0.0002655191483957,
bt,900102,143,0.2787492662099319,15425709.0,True,catalogue_selected,0.6602956516734501,132.27776087512888,282,27,0.73,0.0285241043657259,5.598635079997542e-05,24949915.220076986,5529970.778237648,0.2216429,0.0309614127968503,0.0058423636930035,
bt,900102,146,0.1178586498318519,9699383.0,True,catalogue_selected,0.9083069050081716,385.538769323715,20,17,0.73,0.0357039010742922,0.0131163337819615,781452.7076263328,77890.53542489148,0.09967402,0.006605137227194,0.0008950195461109,
bt,900102,147,0.0912637072572823,4344392.0,True,catalogue_selected,0.8958177282108043,41.03172461686228,2889,2376,0.73,0.0128948321882685,0.0065463285411866,205757.78483323328,14680.754034167676,0.07134969,0.0023047695346816,0.0004211561731602,
bt,900102,148,0.0588779400658137,12508111.0,True,catalogue_selected,0.9502702866544356,63.83430935653512,469,313,0.73,0.0126195981089274,0.0038408103925177,76561.75730967872,6859.573881254993,0.0895953,0.0021237990935704,0.0002452456611345,
bt,900102,149,0.1683286847227036,13663805.0,True,catalogue_selected,0.8981491959244109,339.7987207144713,6,3,0.73,0.0548036845083158,0.0225780426160945,5453780.639797268,569695.1849642358,0.1044588,0.0146305017985684,0.0020006103410908,
bt,900102,151,0.2877694756428926,5269650.0,True,catalogue_selected,0.6871675636758416,31.482858202233103,6732,621,0.73,0.0337267060561938,2.1188262437620397e-05,20165096.9401064,4993903.63852707,0.2476509,0.0267515360383157,0.0052741936298225,
bt,900102,152,0.2262406822471669,15086210.0,True,catalogue_selected,0.7860826085505929,31.493694897190693,4533,1032,0.73,0.0562362330466223,0.0005986526151796,10082754.13802639,2176828.581163568,0.2158962,0.0197499783220366,0.002335530493446,
bt,900102,153,0.2047712953818196,2572352.0,True,catalogue_selected,0.752482683195495,240.17064418255305,4,2,0.73,0.0215881174013457,0.000966455783647,7322735.175818223,1281956.9811946107,0.1750653,0.0112266640638738,0.0014134598189972,
bt,900102,154,0.1499363933851118,10188559.0,True,catalogue_selected,0.8818215735450187,89.4837444172793,28,15,0.73,0.0271944588128102,0.0016472698755411,2604236.445326864,432232.5378653328,0.1659728,0.0071521722765835,0.0005584546783056,
bt,900102,155,0.2180536678261237,13757049.0,True,catalogue_selected,0.8647628244538462,175.34537635840928,21,4,0.73,0.080525040926535,0.0014158966536884,13981783.993288675,2190405.365696433,0.1566614,0.0277988859739277,0.0024005077563977,
bt,900102,156,0.1455330395048073,8330863.0,True,catalogue_selected,0.7693367774147422,46.29626602503123,398,185,0.73,0.0646254237378455,0.0049414049986386,2304461.9978294503,386777.686263721,0.1678386,0.012895271949271,0.0007145877065922,
bt,900102,157,0.1904922743608706,4858068.0,True,catalogue_selected,0.7713107339710555,80.96965286655515,1478,402,0.73,0.018517436822742,0.0009000665271768,1838472.7912552769,317495.4632564604,0.1726952,0.0049389254410171,0.0003910061559949,
bt,900102,158,0.10088740773413,3892881.0,True,catalogue_selected,0.9096225566674178,48.41364041814112,130,87,0.73,0.0119632116066126,0.0028605178349219,315019.22525880206,39701.21259826335,0.1260279,0.0022693165972158,0.0002191763161408,
bt,900102,161,0.2306728717417379,12903847.0,True,catalogue_selected,0.8009554665443063,31.674063341650346,14730,1539,0.73,0.0598268214892102,0.0005345114793541,18395037.486798584,3319703.891550626,0.1804674,0.0291078879027872,0.0035382762147737,
bt,900102,162,0.1826432609308228,8177513.0,True,catalogue_selected,0.774336085626536,39.90018420555952,2354,679,0.73,0.0622625766629872,0.0021238235795676,7084576.096967262,1250655.1481398633,0.1765321,0.0175599036664918,0.0014521277817711,
bt,900102,163,0.2111987420753839,14473954.0,True,catalogue_selected,0.6379767913057159,30.125782986915087,132,26,0.73,0.0236386406478403,0.0002625717803411,4160105.9302577297,855837.2857285993,0.2057249,0.0082193141421693,0.0009199181104182,
bt,900102,164,0.2857887878178716,16161364.0,True,catalogue_selected,0.5552959695005834,24.66988924044667,2206,474,0.73,0.0173689677853983,6.004861802674952e-05,16449643.72356018,3779358.1268157233,0.2297532,0.0201804045225104,0.003994207387557,
bt,900102,165,0.2201861988421173,18029349.0,True,catalogue_selected,0.7140896524019027,56.28121623558471,2868,1089,0.73,0.0656058133235174,0.0041836803414628,10188313.92478083,1473272.4767548193,0.1446042,0.0213782567918649,0.0018148241140186,
bt,900102,167,0.1622713879403568,7315106.0,True,catalogue_selected,0.887735734113575,257.3198853700213,14,8,0.73,0.0284345217968203,0.0034608243021783,767679.3455646433,118119.60429289396,0.1538658,0.0054137698390083,0.0003391745304798,
bt,900102,168,0.0893258720425933,1793613.0,True,catalogue_selected,0.9104751626849408,50.80729718236565,56,29,0.73,0.009556869425202,0.0026374878998169,183289.1679099898,23588.9301583197,0.1286979,0.0017406699358574,0.0001883434843827,
bt,900102,169,0.2910540750493065,13289917.0,True,catalogue_selected,0.6820990516057295,35.88837174870247,675,35,0.73,0.032560462901379,2.8170386811342196e-05,28931400.72891019,5520568.483552173,0.1908158,0.0358187557256628,0.0058307124856467,
bt,900102,173,0.1906858821202819,2501663.0,True,catalogue_selected,0.8389863282248698,50.25479168547841,149,39,0.73,0.0332418339707902,0.0014062585185416,4728112.256249684,805104.6169596412,0.1702804,0.0103736921685292,0.0009372219907236,
bt,900102,176,0.1361386381037157,5700469.0,True,catalogue_selected,0.7932631094095183,72.29843219803796,304,200,0.73,0.0173522814009597,0.0060127970593907,296275.9960848143,33214.08335964899,0.1121052,0.0031219515359528,0.0004076635788864,
bt,900102,181,0.2690375574657091,14569978.0,True,catalogue_selected,0.553891462380432,410.73417578029085,4,0,0.73,0.1099181538390269,0.0,4192109.634659632,1220307.8427931992,0.2910964,0.0222207155084801,0.0012884785309089,
bt,900102,192,0.1850593609868668,11185915.0,True,catalogue_selected,0.8175527772899246,168.38847835559497,451,149,0.73,0.0826815783993778,0.0053149802750977,6716484.5731349895,961690.2464740413,0.1431836,0.020476838713166,0.0013447661842743,
bt,900102,193,0.0472631813618822,874670.0,True,catalogue_selected,0.9466168433715212,128.0257586852264,115,75,0.73,0.0150209742943217,0.0027476062081225,15808.304301631357,1658.9320415192196,0.1049405,0.0024484055039861,0.000172012083154,
bt,900102,194,0.1212941090939712,12270881.0,True,catalogue_selected,0.8951173464091714,235.85577567934249,10,8,0.73,0.0604947937820692,0.004819173158858,845322.9336839868,118637.83231944348,0.1403462,0.0106859212061312,0.0004238942963216,
bt,900102,198,0.2129611691189797,13619038.0,True,catalogue_selected,0.7383140731831251,34.20521768923424,13911,2135,0.73,0.0621197843140036,0.0005053583728399,14792072.499613998,2757461.485507631,0.1864148,0.0256748515721471,0.0029428184445137,
bt,900103,0,0.1573787490440177,1078496.0,True,catalogue_selected,0.8536745476199774,86.5913918708544,364,184,0.73,0.0698153169752554,0.0079593132359236,3913014.5272298288,478423.5128110865,0.1222647,0.0154338648351546,0.0009983634315705,
bt,900103,2,0.1847258899008852,19774325.0,True,catalogue_selected,0.6794281756226971,309.9688163411626,913,609,0.73,0.0586575810781693,0.0132132403316536,7021172.482193893,614044.4207665342,0.08745611,0.0169093529122028,0.0014671298659938,
bt,900103,4,0.1085739644043973,1636940.0,True,catalogue_selected,0.9180910055924456,88.62281577882493,266,201,0.73,0.03596809245121,0.0114950342572699,537184.1734011413,74350.03875798789,0.138407,0.0063899923826179,0.000790814454808,
bt,900103,9,0.2403584476918277,19229568.0,True,catalogue_selected,0.6627902379349018,27.002518607579844,6143,1424,0.73,0.0377364758342037,0.000267039063644,14393666.08811089,3195622.483910829,0.2220159,0.0213068259974922,0.0033906887626032,
bt,900103,13,0.187791833180919,10368755.0,True,catalogue_selected,0.6202795653299165,285.768509871934,27,13,0.73,0.0690787619313863,0.0055008161201404,6541129.320536278,820945.6732561868,0.1255052,0.0180895560097443,0.0012076747844579,
bt,900103,14,0.186212925958015,9418389.0,True,catalogue_selected,0.8463879784743467,536.3839644445267,1,0,0.73,0.0334954160693823,0.0,6018534.745402459,996101.8053584473,0.1655057,0.0117772540717853,0.0010517475556546,
bt,900103,17,0.1638879847136569,19846546.0,True,catalogue_selected,0.8757998407528316,55.11157810497004,227,114,0.73,0.077415953995256,0.0038197899590029,5199767.38687884,940104.3335278634,0.1807974,0.0180229514556074,0.0012293221855619,
bt,900103,19,0.2485886993026632,9173078.0,True,catalogue_selected,0.747879830102105,317.03055070300803,8,2,0.73,0.0664688321463489,0.0012168245702999,13733602.31071704,2763325.848003807,0.2012091,0.0252613097674632,0.0029930977237385,
bt,900103,23,0.1051676040521163,20168248.0,True,catalogue_selected,0.7549364312922704,98.8664172379715,144,107,0.73,0.0324208232176267,0.0076243578336801,400277.26560867694,54421.639838761934,0.1359599,0.0056711773810291,0.0005299191945017,
bt,900103,25,0.1191557320505801,7230652.0,True,catalogue_selected,0.7917816140643134,1424.7236072062765,0,0,0.73,0.0,0.0,1000603.9085735364,118590.3104028962,0.1185187,0.0010565011621899,0.000125215182243,1.0
bt,900103,26,0.3003993436197349,18709024.0,True,catalogue_selected,0.6633662019230971,40.385855219638,5487,511,0.73,0.025452246333211,3.047109247660452e-05,25277190.151590355,5213540.5391430175,0.2062548,0.0308096737891,0.005506675447859,
bt,900103,27,0.1231421834342818,924033.0,True,catalogue_selected,0.916343368276367,74.79517255519544,184,128,0.73,0.0312176734940909,0.0088396764839323,1116924.1045883957,128624.49869816496,0.1151596,0.0062330832422365,0.0006835767437395,
bt,900103,29,0.2210000908875657,4322431.0,True,catalogue_selected,0.5893463606342281,82.88801510766642,665,91,0.73,0.0717804301620899,0.0009440426163879,11603373.041301142,1787163.2619198605,0.154021,0.0238719618852138,0.0019454998262804,
bt,900103,31,0.2067034488261636,7998727.0,True,catalogue_selected,0.693901112553231,39.6500020333033,2247,579,0.73,0.0861401310638433,0.0019828017445388,7709115.700989411,1446009.3622459115,0.1875714,0.0220848195597619,0.0016496564917246,
bt,900103,35,0.1218292677794281,19837425.0,True,catalogue_selected,0.897750759351388,147.9905701953819,323,194,0.73,0.0352481941258442,0.0050057265928677,1025154.1123463477,143535.40251849222,0.1400135,0.0067886792053499,0.0004617428593647,
bt,900103,36,0.224106640530754,14617637.0,True,catalogue_selected,0.6897285474791229,994.9974612426676,152,36,0.73,0.066069537313347,0.0002794915176013,10358948.577193648,1593888.6086851773,0.1538659,0.0216334950023302,0.0017002480387897,
bt,900103,37,0.1547847129590069,18148224.0,True,catalogue_selected,0.7278076381286449,69.50825315901089,467,290,0.73,0.0649444471879279,0.0115657311505742,3087942.024793125,392792.9805060192,0.1272022,0.013774165964838,0.0011314276024511,
bt,900103,40,0.2310045124560474,5298326.0,True,catalogue_selected,0.7503791953207518,31.05372626423492,13297,3116,0.73,0.012994096631654,0.0001361352896686,5054521.662473608,958269.8933696595,0.1895867,0.0074404721293992,0.0010202380938658,
bt,900103,41,0.1284730225580012,769497.0,True,catalogue_selected,0.8929181887804082,385.538769323715,19,17,0.73,0.0971751106631558,0.0177155281118782,1583541.8173861837,159636.93890832676,0.1008101,0.0174034793274289,0.001266330135488,
bt,900103,42,0.2546395266761505,11529751.0,True,catalogue_selected,0.6946526820713135,90.62126205632914,38,5,0.73,0.0485506031929176,0.0002281529577119,17524006.93624372,3653403.3802343607,0.2084799,0.0263627151413133,0.003871633260736,
bt,900103,43,0.2363974442973167,9190538.0,True,catalogue_selected,0.7148963933328247,221.1338187340414,24,6,0.73,0.0590766752159165,0.0008404075315651,15793930.580419336,3035090.8125494947,0.1921682,0.0262400344058527,0.0032567190602137,
bt,900103,44,0.0559787290239863,17042790.0,True,catalogue_selected,0.9425672809938952,93.39711387004137,293,261,0.73,0.0181332459727042,0.0107081000216933,38039.610372351366,5047.711850268922,0.1326962,0.0029757178775718,0.0006688768274312,
bt,900103,50,0.2488296640616221,5909466.0,True,catalogue_selected,0.5682767582097252,36.04998260292323,99,23,0.73,0.0050283574869951,4.127512554941102e-05,3587720.722094085,685751.6692077041,0.1911385,0.004602173690303,0.0007266178584943,
bt,900103,51,0.1176606855836571,16692006.0,True,catalogue_selected,0.9501222004584162,54.89171773696903,1820,1302,0.73,0.1121497036817077,0.0440196457847608,1148025.492510743,150274.15046700696,0.1308979,0.019367839053405,0.0028864273891508,
bt,900103,53,0.1769588669370257,7870849.0,True,catalogue_selected,0.8231297109859895,23.81279793836828,14717,9137,0.73,0.0724595886800192,0.0165086891185391,6045806.386031151,574741.3956330493,0.09506447,0.0181138775608384,0.0016298397870073,
bt,900103,54,0.2971410088378384,17815241.0,True,catalogue_selected,0.6094014636173669,38.40647964408659,3497,228,0.73,0.0163421429274566,8.811668757284387e-06,13172729.998300698,3215091.953920355,0.2440718,0.0165542003438444,0.0033952443297352,
bt,900103,56,0.1823415171113847,6307550.0,True,catalogue_selected,0.761112172497042,218.3432081256031,38,13,0.73,0.0303838097892907,0.0004600412369414,2902183.639167009,525583.67823955,0.1810994,0.0079830812034216,0.0005834519333016,
bt,900103,57,0.2704906695586816,14538484.0,True,catalogue_selected,0.7679354270483318,56.85743895146796,1526,244,0.73,0.0244939048033939,8.452826773385515e-05,28315925.262536988,6623979.498609365,0.2339312,0.0338630194264411,0.0069992562407299,
bt,900103,58,0.1567213464408098,11550537.0,True,catalogue_selected,0.822369694479231,24.043081168995144,5701,1495,0.73,0.0788480290920001,0.0011099514992355,5291741.940785694,1300198.5862630294,0.2457033,0.0183518996719111,0.0014416124404913,
bt,900103,59,0.2032514240562773,13213489.0,True,catalogue_selected,0.7571781841944336,51.55371246737515,51,3,0.73,0.0285199756103908,2.425105445996569e-05,7356467.424534836,2101218.205425017,0.2856287,0.0123844647329271,0.002220102405938,
bt,900103,61,0.2738183014318857,12212396.0,True,catalogue_selected,0.6333790965169988,71.158808156538,1237,152,0.73,0.0362800566640661,8.864370612974446e-05,22535379.11243826,4810331.951333925,0.2134569,0.0296675870956416,0.0050845469832932,
bt,900103,62,0.1692918614887794,19361968.0,True,catalogue_selected,0.7831417430516995,27.33754276830437,1194,308,0.73,0.0499875860945753,0.00120623616706,3802493.861692118,849380.921774582,0.2233747,0.0121073002402601,0.0009715769723794,
bt,900103,63,0.1297312470731653,1761863.0,True,catalogue_selected,0.8935330342482122,589.8166147157915,24,12,0.73,0.0716550429616352,0.0151279850746452,1545912.80405115,223682.11436045147,0.1446926,0.0132323578739515,0.0011736112314422,
bt,900103,65,0.1871013102496659,8379906.0,True,catalogue_selected,0.786322899468349,38.93953624261341,875,312,0.73,0.0515449874593372,0.004840694772546,5798004.236884983,780454.3862403237,0.1346074,0.014466411291109,0.0011240158770747,
bt,900103,67,0.2721236598570521,10545733.0,True,catalogue_selected,0.6031394686929518,26.7839604939488,411,60,0.73,0.0229933986600133,1.043025744240585e-05,30519883.244690493,7802976.507388944,0.2556686,0.0359471844538975,0.0082395245495101,
bt,900103,68,0.1700480542331285,17947186.0,True,catalogue_selected,0.8547156955420713,276.148343063909,6,2,0.73,0.0300353550747675,0.0020930368766667,4023300.892838954,514573.7330253343,0.1278984,0.0091104174055532,0.0006730185151655,
bt,900103,69,0.1454573195484016,4382659.0,True,catalogue_selected,0.8351843806409178,1068.0998922314843,3,2,0.73,0.2943359871814419,0.0276988861307392,821159.8005621264,155201.4290763393,0.1890027,0.0485164696456482,0.001880284002584,
bt,900103,70,0.2196904017409795,12193919.0,True,catalogue_selected,0.6211196195660995,410.73417578029085,3,0,0.73,0.0566945308865678,0.0,8866586.597734729,2225278.715109008,0.2509736,0.0185400642636597,0.0023495906107951,
bt,900103,71,0.1885806057614337,10714827.0,True,catalogue_selected,0.7999335096427276,81.36575516946877,55,14,0.73,0.0513943395238536,0.0014205162745095,6307690.450338396,1022433.0416598507,0.1620931,0.0149801822900982,0.0011675746537049,
bt,900103,72,0.1632682996114454,11910909.0,True,catalogue_selected,0.7632620435895479,226.6449486495829,37,12,0.73,0.0581973362162937,0.0004261672336742,4472836.78276469,939077.7683631002,0.2099513,0.0141441501402243,0.0010179461926458,
bt,900103,73,0.1430861477751997,3494486.0,True,catalogue_selected,0.9334903379178258,667.3384720182261,0,0,0.73,0.0,0.0,1783125.137610935,263775.77323517686,0.1479289,0.0018827367793333,0.0002785112156695,1.0
bt,900103,74,0.1672792246047415,1367152.0,True,catalogue_selected,0.8396075404770104,128.75812784012476,13,8,0.73,0.0554559273445995,0.0056849180987293,4527296.9153307,653361.3441974864,0.144316,0.0137578516623966,0.0010421368234126,
bt,900103,78,0.3204684672611926,3736591.0,True,catalogue_selected,0.5979443698753185,25.5357118566142,274,19,0.73,0.0132478638339155,8.191383679743141e-07,17256177.59879965,5552218.205984009,0.3217525,0.0203648373227814,0.0058624354024242,
bt,900103,80,0.2204653740361061,11748510.0,True,catalogue_selected,0.6375373135419818,40.95702638471474,2805,1091,0.73,0.0247932977323968,0.0017003661686619,4335829.450633168,617826.9847851158,0.1424934,0.0085917792153618,0.000757707293355,
bt,900103,81,0.475294884996748,399284.0,True,catalogue_selected,0.3316516697991797,82.66345517858497,19,0,0.73,0.0066944106136293,0.0,55207772.43957321,18031948.45197765,0.3266197,0.0593756169065844,0.0190392765137435,
bt,900103,83,0.2082252570990949,19729614.0,True,catalogue_selected,0.8630635376766463,34.823165918893366,425,159,0.73,0.0535098666640054,0.0031167698369494,5059918.598350164,837242.2853411959,0.1654656,0.014005183775132,0.0010771499653803,
bt,900103,84,0.1849605466486087,19336580.0,True,catalogue_selected,0.7985564452941981,47.35741501166083,6193,2267,0.73,0.0474093267346782,0.0019863542297098,4804788.0416723965,902683.6385337666,0.1878717,0.0127481970864398,0.0010761988184068,
bt,900103,90,0.1334525270289638,4071161.0,True,catalogue_selected,0.9207890871487842,35.01982214322121,12932,8610,0.73,0.0438826234742471,0.0131964934947036,1674651.468601373,162861.04925303705,0.09725071,0.0088722694651565,0.0009897040558793,
bt,900103,91,0.09855942336124,18781316.0,True,catalogue_selected,0.9338062942163672,167.2950711855289,40,33,0.73,0.0605367318377407,0.0127974926744471,333972.7589510885,40748.131421973856,0.1220103,0.0101527944762012,0.0008360446605357,
bt,900103,96,0.3279831757259288,6116473.0,True,catalogue_selected,0.4685853707763453,29.19122955630292,4337,132,0.73,0.0165892844396077,9.553169554531728e-07,31760926.204125825,9725941.465777528,0.3062235,0.0362208077895551,0.010269325961717,
bt,900103,97,0.1900387645923812,7350780.0,True,catalogue_selected,0.7342321013942507,42.979379111757744,265,88,0.73,0.0097949647014259,0.0007142814406645,895370.8521729072,138202.07693494533,0.1543518,0.0025310757534837,0.0001901842955733,
bt,900103,101,0.1745892379751555,11314079.0,True,catalogue_selected,0.6523404468227626,50.80729718236565,219,74,0.73,0.0833976769699926,0.0060842305386299,5880210.947326157,903834.0711503008,0.1537078,0.0197097756002381,0.0013313459683624,
bt,900103,102,0.1597345911703295,12573332.0,True,catalogue_selected,0.8452699659960794,336.9278731502751,79,52,0.73,0.0897399129131356,0.0186799443246585,4157203.967948713,520509.90165815136,0.1252067,0.0189172466945345,0.0017071245574069,
bt,900103,103,0.2945148376698934,17668252.0,True,catalogue_selected,0.5784099371926387,25.59343009927487,583,144,0.73,0.0314077153466469,0.0002915780589623,23108179.89952801,4820958.291334416,0.2086256,0.0294836134104208,0.0051083421488186,
bt,900103,104,0.1338540742182586,7415008.0,True,catalogue_selected,0.912167753089843,41.01798535431967,568,274,0.73,0.0541753564398792,0.0060346639466365,1498701.9865391208,237690.47385435467,0.1585976,0.0103527598250796,0.0006249177616578,
bt,900103,106,0.2964088163188849,18537240.0,True,catalogue_selected,0.6917098539528491,36.63598801224361,7630,2489,0.73,0.0133622873122035,0.0002995707519006,7415556.716943759,1176108.0448776255,0.1586001,0.0099930085248636,0.0012603730300085,
bt,900103,108,0.0784304638508065,16103052.0,True,catalogue_selected,0.9056994863395356,95.98280691546908,26,19,0.73,0.0282673758333859,0.0099953230971746,85002.2101521146,8584.738138484683,0.1009943,0.0046658970475145,0.0006284429100191,
bt,900103,110,0.3558545451338838,15353598.0,True,catalogue_selected,0.5414918028637151,175.34537635840928,6,0,0.73,0.0067149495692944,0.0,35345456.83070834,8035607.030429026,0.2273448,0.0384070474974249,0.0084845043016602,
bt,900103,111,0.1014361974315954,224499.0,True,catalogue_selected,0.933489430418271,69.61143882866557,56,15,0.73,0.0036971918525888,3.77274112577903e-05,2824522.1947623515,319689.7520106752,0.1131837,0.0035808405902891,0.0003398865944567,
bt,900103,112,0.1363214251445473,6779922.0,True,catalogue_selected,0.893121903608328,27.95314463652089,10183,5916,0.73,0.0197961692508353,0.0044282879094263,623697.995881152,71998.18090304572,0.1154376,0.0038633003696348,0.0003504272657939,
bt,900103,113,0.220014673913357,7351639.0,True,catalogue_selected,0.6098037902778614,28.32543508894824,4003,1510,0.73,0.0112473654052015,0.0005914392824378,2050245.9946250108,283578.1380788023,0.1383142,0.0039855923935839,0.0003360694343029,
bt,900103,114,0.1919206105884608,4713086.0,True,catalogue_selected,0.6404247371190261,177.0123020948896,83,45,0.73,0.0874550872369107,0.0125663397706856,4264723.061620129,469944.8531021392,0.1101935,0.0186608865359613,0.0012748940053825,
bt,900103,115,0.2397910289569954,2283989.0,True,catalogue_selected,0.647585706314099,485.945860890477,3,0,0.73,0.0887472397992454,0.0,15706790.362374272,3089164.113679681,0.196677,0.0309513318337754,0.0032617356861526,
bt,900103,116,0.3211072019004899,3832365.0,True,catalogue_selected,0.5916205846048049,339.7987207144713,1,0,0.73,0.0003616800727377,0.0,24080660.927473422,3420240.036793384,0.1420326,0.0254844429724485,0.0036113066747783,
bt,900103,117,0.1575618576759805,9537255.0,True,catalogue_selected,0.8187512156744382,36.075653327652994,278,69,0.73,0.0321642032303152,0.0005890271519148,2037796.329505718,457318.1641547786,0.224418,0.0073586303465665,0.000519365717198,
bt,900103,121,0.149587283427092,14704180.0,True,catalogue_selected,0.6929930439285814,37.735690647216686,881,470,0.73,0.0533575158532622,0.0055759920141112,7008906.817020758,1104808.672286546,0.1576292,0.0160383855766926,0.0015120537816826,
bt,900103,124,0.2105171113051395,12723205.0,True,catalogue_selected,0.7144291009911803,36.53282441944434,10018,3680,0.73,0.0577111229515788,0.0063052427585418,6517399.649835845,833133.9909165801,0.1278323,0.0162242174322393,0.0012703917620982,
bt,900103,126,0.1569215912729756,4352294.0,True,catalogue_selected,0.7776891630770212,82.33201815717514,27,12,0.73,0.0496228354838565,0.0030520635319434,3369448.662986524,560417.1258386917,0.1663231,0.0115910149006565,0.0007808507335086,
bt,900103,127,0.3956922540764967,392680.0,True,catalogue_selected,0.3809531582047751,32.162710306307794,7420,21,0.73,0.0024357961191068,6.772594695608569e-09,32300453.56844656,9423764.27730706,0.2917533,0.0344991964466484,0.0099502093143955,
bt,900103,128,0.2131424884905063,17538087.0,True,catalogue_selected,0.853269338683771,33.35326184303668,7881,1971,0.73,0.0583673675219779,0.0008024264603541,14925312.44495692,2925168.546756275,0.1959871,0.0252080638681615,0.0031383025830342,
bt,900103,131,0.1295289700363472,19075113.0,True,catalogue_selected,0.923611887715364,167.92971655824752,180,97,0.73,0.0623754764931397,0.0024869495496808,2129686.847546142,414325.5747333064,0.1945477,0.0123464939936859,0.0005915796661828,
bt,900103,133,0.1956115099680798,13802808.0,True,catalogue_selected,0.6897236511920515,406.7105275653722,2,0,0.73,0.0150177324135817,0.0,2351806.1474741413,400180.3312306512,0.1701587,0.0049143755814668,0.0004225358120312,
bt,900103,134,0.1808964522806261,1377274.0,True,catalogue_selected,0.8817559922119947,321.40781546179966,7,1,0.73,0.0683492595674357,8.431752588755034e-06,5196389.634117898,840323.6546120008,0.161713,0.016551596823801,0.0008877895785838,
bt,900103,138,0.1980415017364338,15811428.0,True,catalogue_selected,0.8457235045179963,45.14538314775778,357,161,0.73,0.0340976071684745,0.0037008630113122,4572938.319749272,511732.3758981831,0.1119045,0.0103483890021522,0.0007696503364552,
bt,900103,139,0.2167020799814465,9148373.0,True,catalogue_selected,0.6690702503472575,26.106789663862056,19952,9554,0.73,0.0618379203968602,0.0097819369254077,10704605.922697889,863481.2139494127,0.08066446,0.0213134143763188,0.0015178740427749,
bt,900103,140,0.2684258600555534,20330209.0,True,catalogue_selected,0.6692968873761221,28.31468710485672,8503,1590,0.73,0.0441780445532308,0.0001419849714227,21247381.117090937,4575586.650250709,0.2153483,0.0295862257324337,0.0048399933737659,
bt,900103,141,0.2221410095361876,19189627.0,True,catalogue_selected,0.6471299364434949,57.55377213721637,446,86,0.73,0.0521952155317092,0.0004613539739969,11881371.069948295,2396627.878856896,0.2017131,0.0209948804534599,0.0025591005898948,
bt,900103,144,0.2057989093027234,2052109.0,True,catalogue_selected,0.7042770577174292,40.06061164225432,596,171,0.73,0.0470157200427321,0.001262359823068,10660323.101059277,1690362.9368093875,0.1585658,0.0188671227654863,0.0018630170063163,
bt,900103,146,0.1968528246701151,5149887.0,True,catalogue_selected,0.8407176609399368,33.752900199106435,4590,1592,0.73,0.035345716617999,0.0034861102892388,4094674.314247165,602980.9454706495,0.1472598,0.0100454613138782,0.0008526888242529,
bt,900103,147,0.2901231114237141,5565914.0,True,catalogue_selected,0.4765178465585913,81.67219967312538,88,9,0.73,0.0075792289694538,1.3797559919673792e-05,5097222.953334359,970372.3926009464,0.1903728,0.0066089572711028,0.0010254357986093,
bt,900103,151,0.2237845027049139,5245812.0,True,catalogue_selected,0.7059640366926218,64.64036122792551,396,83,0.73,0.0292618371430957,0.0003182679516486,6220379.052835664,1269919.848236618,0.2041547,0.0113050088799225,0.0013605840970602,
bt,900103,154,0.1297280816398383,12365910.0,True,catalogue_selected,0.8223562522519435,104.3272260849585,100,56,0.73,0.0388886600221153,0.0079962687526055,1010884.4496177906,108697.26030839844,0.1075269,0.0073629597941544,0.0006102729868472,
bt,900103,157,0.2272758961999487,5033589.0,True,catalogue_selected,0.7031124296187632,47.62206280017095,265,44,0.73,0.0551033350565852,0.0005734043634177,11173617.696766092,2280333.2526756627,0.2040819,0.0207183788712611,0.002443252745546,
bt,900103,160,0.110697628167526,11447112.0,True,catalogue_selected,0.940121261969984,36.8144383602511,202,81,0.73,0.0313027882500971,0.0034515184474563,1192518.3940874569,201603.8193474097,0.1690572,0.0063266795443436,0.0004267458129936,
bt,900103,163,0.1715391619886966,10870902.0,True,catalogue_selected,0.6823955990482856,64.37152086846767,705,335,0.73,0.0894178878366647,0.0059154781388853,4882184.378651787,779490.3124620804,0.1596602,0.0196305950951641,0.001189598876835,
bt,900103,164,0.2496535565580926,13969598.0,True,catalogue_selected,0.6722298415943098,40.42774537739192,537,65,0.73,0.1041676903610531,0.000180197171773,17007334.979170162,4001295.432314965,0.2352688,0.0348209139162028,0.0042359881178701,
bt,900103,165,0.2184580544066475,4687979.0,True,catalogue_selected,0.5875697521475368,38.58965585113839,288,46,0.73,0.050653226522291,0.000497542782638,10755376.65449836,2216255.229952862,0.2060602,0.0195563546560427,0.0023708941965787,
bt,900103,167,0.208161901471681,2396363.0,True,catalogue_selected,0.766111852553267,217.3384971767157,36,7,0.73,0.0967094002378992,0.0024986492240881,7822949.04385217,1374077.975240529,0.1756471,0.0239160489004621,0.0016056722032496,
bt,900103,168,0.1662698442480088,15076880.0,True,catalogue_selected,0.8400983674228312,48.41364041814112,138,60,0.73,0.0394454292206459,0.0032007734123652,2300591.6187125803,331963.54479028785,0.1442949,0.008814848742149,0.0005488500134468,
bt,900103,169,0.2148381790056356,8068689.0,True,catalogue_selected,0.7613607987428563,57.09279404541642,331,85,0.73,0.0483035082301275,0.0013144144423441,10527037.24792332,1750020.1997816083,0.1662405,0.018934868430346,0.001929232594144,
bt,900103,172,0.1372778258897049,10174254.0,True,catalogue_selected,0.8203737050156136,41.03172461686228,5794,4681,0.73,0.0585892216671371,0.0275858803492863,2250446.805317032,150641.60285958956,0.06693853,0.011861051157625,0.0018684668371332,
bt,900103,173,0.1828114498144817,12114078.0,True,catalogue_selected,0.7258131058790673,36.61251046020066,480,143,0.73,0.04487004286405,0.0021695450500674,5342701.788270211,827330.426955091,0.1548524,0.0129050812353171,0.0010079878678582,
bt,900103,175,0.1647715677339261,8896605.0,True,catalogue_selected,0.8686061043611454,242.8632944675712,0,0,0.73,0.0,0.0,2363605.894817529,500952.94651742576,0.2119444,0.0024956452332809,0.0005289379400412,1.0
bt,900103,177,0.1608199245082816,8319617.0,True,catalogue_selected,0.852803149658476,72.29843219803796,194,124,0.73,0.0142889292969598,0.0030207764871762,1639424.5083018146,194305.8927522444,0.1185208,0.0040442133870795,0.0003923484799384,
bt,900103,179,0.225998890996214,9358041.0,True,catalogue_selected,0.7967866276270976,70.87039121694417,168,47,0.73,0.0613448182371787,0.0023798051182658,13996511.369201835,2188306.5646899985,0.1563466,0.0247093899625676,0.0024580220716551,
bt,900103,180,0.2198825617210425,13947255.0,True,catalogue_selected,0.832587403013925,50.57329917852324,533,100,0.73,0.1032916409643503,0.0021613987111804,7017253.723159501,1168353.582211419,0.1664973,0.0241309297811101,0.0013675569731125,
bt,900103,183,0.2089435718704294,19798821.0,True,catalogue_selected,0.8305415950379988,31.2071284531012,801,165,0.73,0.1145131143357572,0.0023813387473896,7914880.169566167,1466496.755517538,0.1852835,0.026895321637402,0.0016959844619743,
bt,900103,186,0.1315584754618248,17765239.0,True,catalogue_selected,0.7970614102606302,270.0169486273753,106,84,0.73,0.0693737952338118,0.018387409108484,1839882.845426632,218330.20873617555,0.1186653,0.0131734436953775,0.0013699365607641,
bt,900103,187,0.2800274752459624,8161485.0,True,catalogue_selected,0.6330141486128517,60.650355976800086,658,147,0.73,0.0632565478475202,0.0005750552427439,21517014.988750648,3253867.644526978,0.151223,0.0329595012708136,0.0034712744923787,
bt,900103,188,0.2246997660052477,8658181.0,True,catalogue_selected,0.6784046689067341,334.3495633469489,5,1,0.73,0.1325000041550275,0.0038475408141499,10396985.554943638,1934470.3264706857,0.1860607,0.0324279461089586,0.0022809565930459,
bt,900103,189,0.136543546700433,19922993.0,True,catalogue_selected,0.8698432414013253,47.39194137175564,153,75,0.73,0.0568751128159014,0.0082589546189518,1400288.9488015044,188562.66790532108,0.1346598,0.0106859069985106,0.0007108777703538,
bt,900103,191,0.3298417629837108,2343425.0,True,catalogue_selected,0.5313844022605964,43.81572669304647,460,0,0.73,0.0147832104300354,0.0,29706188.080477912,10437142.437825195,0.3513457,0.0337589032258695,0.0110201979234965,
bt,900103,194,0.2242378040548402,18163354.0,True,catalogue_selected,0.6444721482880966,37.20578757310103,1892,494,0.73,0.0808493460144008,0.002550277793619,11938599.904688168,1939683.0086293584,0.1624716,0.0256940635078938,0.0022060731824916,
bt,900103,195,0.2150470102673151,15018501.0,True,catalogue_selected,0.6905879352124904,234.99458292096327,29,13,0.73,0.0127127017208996,0.0003249889699016,1579906.9637352228,228288.77291434028,0.1444951,0.0037261987996241,0.000261180326558,
bt,900103,198,0.1807100772208917,14433096.0,True,catalogue_selected,0.8613754154053186,61.88914068165919,2564,1275,0.73,0.0816004091794507,0.0079217055394027,6794604.458193927,921789.1586907542,0.1356649,0.0203842944274506,0.0014641666116618,
bt,900104,0,0.2605403403481536,15692227.0,True,catalogue_selected,0.661265750923941,336.9278731502751,54,17,0.73,0.0567231421187869,0.000401012349432,11164117.787442349,1838134.6555755476,0.1646467,0.0209705754389136,0.0019656687909894,
bt,900104,2,0.2461682571683652,20313050.0,True,catalogue_selected,0.6651742451498853,218.3432081256031,51,7,0.73,0.0352823518364942,6.611597783879418e-05,8219544.39413155,1832673.2758573608,0.2229653,0.0143905031523846,0.0019391498491445,
bt,900104,3,0.1203851705995365,18361545.0,True,catalogue_selected,0.9245154174531668,43.11779280688452,4065,2431,0.73,0.0519576302791349,0.0052498639845563,1014176.1579599668,198346.00225928705,0.1955735,0.0094821436327159,0.0005347437949446,
bt,900104,4,0.2423271649258189,19581340.0,True,catalogue_selected,0.6802992927663835,81.67219967312538,163,31,0.73,0.0771146822207979,0.0017072325142015,15363740.043673044,2534868.8302647145,0.1649903,0.0287059471162656,0.002782267324608,
bt,900104,5,0.0616745772306872,10504322.0,True,catalogue_selected,0.9346989004400132,299.25833132273544,2,2,0.73,0.0027455785454693,0.0010243237207818,45195.25228084955,5849.713495635925,0.129432,0.000492195982737,6.965060431765135e-05,
bt,900104,6,0.1150780733029323,6914735.0,True,catalogue_selected,0.8870843977731347,72.0546273698848,30,17,0.73,0.0076653899313542,0.0039721365638415,109065.50875135211,15188.86041498955,0.1392636,0.0013560922253222,0.0002621781189016,
bt,900104,7,0.0659519904211886,917179.0,True,catalogue_selected,0.9497812455195592,95.8557315135619,49,25,0.73,0.0402133254866864,0.0013786854242151,23324.63635411552,2803.94963605256,0.1202141,0.0065346787360801,8.839336874885776e-05,
bt,900104,13,0.1762340447783762,8774488.0,True,catalogue_selected,0.8165771553070987,339.7987207144713,8,4,0.73,0.0871899584769097,0.0364837566819254,4860976.269994073,513283.9476856869,0.1055928,0.0192475274055847,0.002802740947741,
bt,900104,14,0.0855285670997395,13529964.0,True,catalogue_selected,0.912539025992826,55.23968879524174,778,415,0.73,0.0063777667833304,0.0019103639078487,64403.28433839663,7300.284769975085,0.1133527,0.0011004843953084,0.000126087321095,
bt,900104,15,0.1291167291348441,6518655.0,True,catalogue_selected,0.7993269481890378,112.76986331146492,432,319,0.73,0.0399592838099062,0.010382267607911,1150737.817206116,137330.54959307075,0.1193413,0.0076839469071178,0.0007883586443366,
bt,900104,16,0.0828345715364144,6913499.0,True,catalogue_selected,0.9182396668356332,994.9974612426676,9,8,0.73,0.0210928637945906,0.0078886178875778,46514.78504358922,5250.094448025716,0.1128694,0.0034637928405256,0.0004943761144131,
bt,900104,20,0.1588481667310631,8320033.0,True,catalogue_selected,0.7800105538254292,41.15567580349753,1584,741,0.73,0.00332250032423,0.000434834304787,2466795.5993246976,346283.4892154152,0.1403779,0.0031424721016874,0.0003925734111315,
bt,900104,22,0.2197262447420296,20327355.0,True,catalogue_selected,0.6778063422989989,38.5749688343941,11431,2489,0.73,0.0423271366114832,0.0009392925961097,9144549.59430664,1554097.6237480177,0.169948,0.0165076478601388,0.0016991199780795,
bt,900104,24,0.1976689439603928,11850537.0,True,catalogue_selected,0.8355652265230131,40.54155643177327,1002,262,0.73,0.0786468866161438,0.0020443123822638,9423380.490840718,1647967.4810455723,0.1748807,0.0226817835485439,0.0018667083212739,
bt,900104,26,0.097487937697266,7901878.0,True,catalogue_selected,0.9169753516099276,56.71655723574097,1212,748,0.73,0.0398005498757273,0.0105610361251828,433059.2614609141,52954.592001880446,0.1222802,0.0069004791986572,0.000710346869296,
bt,900104,28,0.1217623373910822,10849405.0,True,catalogue_selected,0.934461286210513,136.12304068130743,1424,760,0.73,0.0411995566346369,0.002383244159098,939665.732677777,180949.1560051088,0.1925676,0.0076618687654926,0.0003387397244218,
bt,900104,29,0.260308204163494,8809213.0,True,catalogue_selected,0.6889728302526767,31.877280098064176,767,258,0.73,0.046926505864637,0.0015993638674756,14734119.180664908,1899326.0757128885,0.1289067,0.0231540527257072,0.0021045366371892,
bt,900104,31,0.2063525682688799,2908847.0,True,catalogue_selected,0.8211674270490197,41.012951050167146,3578,1820,0.73,0.0594421098416655,0.0089438875197664,9426098.89095089,819270.6881028519,0.08691514,0.019575632688302,0.0014192624870966,
bt,900104,32,0.2207301313752826,15906732.0,True,catalogue_selected,0.757680059485306,34.867938606676205,12057,4819,0.73,0.0348305543838917,0.0016673367447268,13577804.168406911,1964637.320550324,0.1446948,0.0199749536194372,0.0021777084623578,
bt,900104,33,0.2151183706792525,14073457.0,True,catalogue_selected,0.7993611661162618,26.02771121400144,956,210,0.73,0.0647886949252434,0.000485041719316,10235593.037743311,2462908.3140755333,0.2406219,0.0212958954949566,0.0026305515380941,
bt,900104,37,0.1051702127553617,16641501.0,True,catalogue_selected,0.910289981704254,44.19698012498672,221,136,0.73,0.0092522550395913,0.0024447923173961,159151.06690530115,21961.405964707734,0.1379909,0.0016658700102517,0.0001746843044248,
bt,900104,39,0.2478360380252875,19006216.0,True,catalogue_selected,0.643668675255237,235.85577567934249,13,0,0.73,0.0671803331019682,0.0,15292213.77287925,3048565.317071678,0.1993541,0.0270221741484436,0.0032188688979736,
bt,900104,41,0.099604571238483,5845878.0,True,catalogue_selected,0.9125350957102047,203.25443419761925,47,33,0.73,0.0180138727868219,0.0093732827209745,76881.03548000318,8784.295855383807,0.1142583,0.0029974040460624,0.0005901077385754,
bt,900104,42,0.2811034550956693,2564389.0,True,catalogue_selected,0.6023228580276849,128.75812784012476,8,0,0.73,0.0261834303076284,0.0,16755185.906147957,3455461.256677404,0.2062323,0.021929970256636,0.0036484954758837,
bt,900104,43,0.2643135736291244,20284549.0,True,catalogue_selected,0.6709819496931617,1068.0998922314843,1,0,0.73,0.5161736267173349,0.0,21055355.555982083,5655920.744857914,0.2686215,0.1057938499395039,0.0059718803704409,
bt,900104,44,0.1290857554777404,17477945.0,True,catalogue_selected,0.8991555060181615,191.1097339359392,206,131,0.73,0.0424529305467937,0.0051450832586338,1625460.700389713,232077.1479163302,0.1427762,0.0085888807316954,0.0005638663504411,
bt,900104,45,0.2373881495713514,10355225.0,True,catalogue_selected,0.6404126493351265,27.48599414669093,995,307,0.73,0.0448408557395891,0.0005498919726541,13829011.69698971,2923604.4363418533,0.2114109,0.0218607412207476,0.0031210023314365,
bt,900104,46,0.3036897848675426,3824143.0,True,catalogue_selected,0.6093276015758325,44.78379325324706,219,16,0.73,0.0085326023314941,3.621593891810261e-06,11345529.140554177,2576326.814768138,0.2270786,0.0133606554365651,0.0027204739107266,
bt,900104,47,0.2056237967732114,10781971.0,True,catalogue_selected,0.8200413649898014,40.67410456094966,1685,466,0.73,0.0445220720998808,0.0013481629663854,8875107.554851538,1681570.4701520326,0.1894704,0.0165784873532854,0.0018590503112957,
bt,900104,48,0.2128409357643541,5176627.0,True,catalogue_selected,0.7717926819810771,187.883818495227,323,128,0.73,0.0164273236907827,0.0008778149722578,2649858.6020150534,373722.03149173,0.1410347,0.0054572740762517,0.0004489948795214,
bt,900104,50,0.1974035295500743,7028706.0,True,catalogue_selected,0.7630947866816514,65.59785736462707,139,62,0.73,0.0327984078693385,0.002147843119743,2264138.876290703,288651.4105189906,0.1274884,0.0077002872458286,0.0004378715468757,
bt,900104,51,0.1670866637582908,5186173.0,True,catalogue_selected,0.8920435760775253,1424.7236072062765,0,0,0.73,0.0,0.0,2290057.506751659,299098.4166081617,0.1306074,0.0024179881735762,0.0003158071061367,1.0
bt,900104,54,0.1574518738860011,6314216.0,True,catalogue_selected,0.6846382332101485,83.08265043593336,770,469,0.73,0.0336199254425331,0.0084780488147721,2748379.82132076,290509.5638219978,0.1057021,0.0083445733538309,0.0008320963536606,
bt,900104,56,0.2657105356681468,15037788.0,True,catalogue_selected,0.7135572534052902,217.3384971767157,58,8,0.73,0.060627656231371,0.0005872262552265,18594779.57382947,3912352.631354712,0.2104006,0.0294484337457242,0.004167298965764,
bt,900104,57,0.1701486273536444,5129480.0,True,catalogue_selected,0.8813417722242117,296.2851668655232,4,2,0.73,0.0333570840530287,0.0026789188216476,4510202.678704186,579359.1827956268,0.1284552,0.0101622669901744,0.0007777283614151,
bt,900104,59,0.3655257292057851,5870355.0,True,catalogue_selected,0.5475077057775944,182.02522096909468,14,0,0.73,0.0012707926087431,0.0,24662255.919601284,5231630.714943568,0.2121311,0.0262457022322375,0.0055238880071598,
bt,900104,60,0.3222305696731422,9470928.0,True,catalogue_selected,0.6006739048417312,41.352518547835984,411,16,0.73,0.0129968049200397,6.925613683329517e-07,30297647.11863673,7170648.938340183,0.2366735,0.0340942057967803,0.007571269524192,
bt,900104,61,0.1340770136268071,6088133.0,True,catalogue_selected,0.816016465569432,175.34537635840928,4,2,0.73,0.0202741065635124,0.002987999058117,1158163.684653938,144838.36796922397,0.1250586,0.0045049954628927,0.0003380864114973,
bt,900104,62,0.2164825866299453,20338838.0,True,catalogue_selected,0.7556802444870927,21.501049876003226,44211,16476,0.73,0.0568921817353766,0.0029199660399633,11175129.964408817,1592113.709225773,0.1424694,0.021009568264576,0.0018619958523884,
bt,900104,63,0.1357549286086933,14096823.0,True,catalogue_selected,0.7924370114300779,36.8144383602511,316,165,0.73,0.0472569649138064,0.0043071208071838,3085548.7795672743,542372.5422878998,0.1757783,0.0109082495360009,0.0008395700508148,
bt,900104,65,0.1860620074270765,13050416.0,True,catalogue_selected,0.7533283454703815,35.85958303824084,405,66,0.73,0.0308364376180824,0.0010842255839037,6715994.036755604,1071120.753727106,0.159488,0.0120832194355302,0.0011981433608189,
bt,900104,66,0.2429044150074674,8109456.0,True,catalogue_selected,0.6415651320549027,86.5913918708544,397,110,0.73,0.0484013814098085,0.0009691700347538,14945128.072726265,2248433.32745673,0.1504459,0.0236156138319793,0.00243409512678,
bt,900104,67,0.2612415976936023,18845903.0,True,catalogue_selected,0.5387421663984621,50.56619255867735,4795,577,0.73,0.0402370000485468,0.0001357624706122,24177863.926958103,4860468.954547382,0.2010297,0.0320424081720968,0.005140404616838,
bt,900104,69,0.3774760913955593,2688263.0,True,catalogue_selected,0.5845204752952802,126.11322204528734,72,0,0.73,0.0032704099166475,0.0,19601438.20389729,4187942.882011644,0.2136549,0.0212258833003547,0.0044218961010638,
bt,900104,70,0.1660079832907804,17363337.0,True,catalogue_selected,0.84855671107927,37.50301274457001,1939,733,0.73,0.0647723978153656,0.0062693326036553,4556696.227478422,650168.1824149482,0.1426841,0.0152971172302735,0.0010749796011516,
bt,900104,71,0.1881058506621284,1937361.0,True,catalogue_selected,0.735795889960897,147.9905701953819,1028,335,0.73,0.1323012758705238,0.0043027714477853,7238186.960987907,1187647.815675906,0.1640808,0.0290605142094717,0.0015206231544475,
bt,900104,73,0.1921251259114043,11701411.0,True,catalogue_selected,0.6764306988855925,257.3198853700213,22,4,0.73,0.1091150344973782,0.0021144033567354,7757204.030109474,1300358.446787108,0.1676324,0.0258549533064357,0.0015040239400437,
bt,900104,74,0.1550953498334078,14403297.0,True,catalogue_selected,0.8665778271435733,175.63948635743802,476,208,0.73,0.0440728480537308,0.0032027194605101,2044373.415258258,307708.2677801184,0.1505147,0.0092934404391901,0.0005233603418094,
bt,900104,76,0.2525199513653877,14546849.0,True,catalogue_selected,0.5950454273540985,33.335490008615764,3503,1953,0.73,0.046314465340006,0.0043111186730942,17070185.00045388,2283333.647289519,0.1337615,0.0255215374388681,0.0026780351015013,
bt,900104,77,0.0783473404441476,17351279.0,True,catalogue_selected,0.9386378558448124,181.85607616538803,11,8,0.73,0.0567064311734342,0.0256139473779701,191559.64972230868,21003.619355696534,0.1096453,0.0093823463114136,0.0016093923627985,
bt,900104,79,0.2083697541770224,3143932.0,True,catalogue_selected,0.8044149527105926,234.99458292096327,22,9,0.73,0.0465230787500882,0.0021092738816244,7262917.099191819,1029713.3573038618,0.1417768,0.0152001730472827,0.0012179418065908,
bt,900104,80,0.120234891343051,1491265.0,True,catalogue_selected,0.9244825216647669,80.98549230158378,33,24,0.73,0.023887374516999,0.0068406002983451,882526.0894933626,103295.19203578032,0.1170449,0.0047989041692499,0.000532956016559,
bt,900104,81,0.2902603544891924,6417150.0,True,catalogue_selected,0.6120457101466357,32.52366078797578,561,174,0.73,0.0251930968875378,0.0006424957491094,16298558.529900832,2138673.664292788,0.1312186,0.0212875110643385,0.0022979609292359,
bt,900104,83,0.2713377932432617,10291401.0,True,catalogue_selected,0.5724628607655189,90.62126205632914,41,10,0.73,0.0401566871129606,0.0003669071609701,22492860.58986733,4944361.283353227,0.2198191,0.0302502729291097,0.0052433067724947,
bt,900104,86,0.1230182982294909,767750.0,True,catalogue_selected,0.9031803891151166,188.89116438451816,24,15,0.73,0.041762181355701,0.0034307781506702,1092587.184617136,153639.15810177685,0.1406196,0.0079144150862032,0.0003748164663959,
bt,900104,89,0.2406464191721489,4049455.0,True,catalogue_selected,0.6909045551190102,69.61143882866557,978,254,0.73,0.0576859249947603,0.0013497431824842,10547743.7324857,1643041.712697462,0.1557719,0.0204756314662145,0.0018184671229379,
bt,900104,90,0.1189130749853956,4447877.0,True,catalogue_selected,0.9111397012122512,667.3384720182261,1,1,0.73,0.0672912502888461,0.00310975544784,1106635.8952529544,156237.10743545243,0.141182,0.0120620961488866,0.0003576667834975,
bt,900104,91,0.1067460150438597,14148403.0,True,catalogue_selected,0.9284145029069076,151.9419447096078,193,132,0.73,0.0238212175472704,0.0056198606221632,440178.5673200811,63600.90591200468,0.1444889,0.004321135545307,0.0004153988864495,
bt,900104,92,0.2315199956525736,9484395.0,True,catalogue_selected,0.6848126220852172,63.582308753103504,1417,421,0.73,0.0614600722792138,0.0023854548695164,15004795.91495379,2063450.231837416,0.1375194,0.0257926590650011,0.0023265409221478,
bt,900104,93,0.0790119852050171,2365568.0,True,catalogue_selected,0.9162371531514296,89.4837444172793,20,14,0.73,0.0253211217118178,0.0025742162158421,161814.21744390886,24061.05139611465,0.1486955,0.0042700371299535,0.0001849212335857,
bt,900104,94,0.2542806098917967,2801866.0,True,catalogue_selected,0.6596363773233218,55.74574537392985,1857,336,0.73,0.0496301925243177,0.0004334528631395,18433547.586756304,3378855.493812978,0.1832993,0.0274978383890296,0.0035944699503702,
bt,900104,95,0.1593734982983934,8161283.0,True,catalogue_selected,0.8486519692664942,80.96965286655515,904,352,0.73,0.0528951715289391,0.0029797615277452,3461164.2510448075,540855.4364141414,0.156264,0.0122176056779469,0.000755715932505,
bt,900104,97,0.0859937077448048,243356.0,True,catalogue_selected,0.9205830073407076,132.5305200235132,49,15,0.73,0.0011422136136521,6.629659032921028e-05,2005681.6771293124,189364.4917084867,0.09441403,0.0023026366813746,0.0002040512485195,
bt,900104,98,0.2405041926750259,4602423.0,True,catalogue_selected,0.6746610423977292,21.183523789068506,34444,7860,0.73,0.017282627417389,0.0001619098297942,4855652.235519085,981690.3991835912,0.2021748,0.0079247544305487,0.0010465641183408,
bt,900104,99,0.223771744820725,17532417.0,True,catalogue_selected,0.7171021574825255,410.73417578029085,6,1,0.73,0.1407142567671475,6.370496235149615e-05,12936229.25183376,3287184.911504779,0.2541069,0.0364388290540478,0.003474766217495,
bt,900104,102,0.1279129387037575,1417884.0,True,catalogue_selected,0.8481385529936826,276.148343063909,7,4,0.73,0.0737843113097004,0.0155877630349514,1766700.159260673,207591.9913130373,0.1175027,0.0138101819840452,0.0011851132453424,
bt,900104,103,0.1631309546985609,19640886.0,True,catalogue_selected,0.8077133985666917,240.17064418255305,17,9,0.73,0.0720921270863276,0.0033074926863235,3042747.309147597,469074.3701567901,0.1541615,0.0148835694533133,0.0007002333880518,
bt,900104,104,0.2285722171152615,7853544.0,True,catalogue_selected,0.644668120705269,43.38564937404964,6243,2227,0.73,0.0706921552160843,0.0031382917328747,13899829.262619888,1969046.3351080755,0.1416597,0.0261205276746206,0.0022735142140077,
bt,900104,105,0.1194639293128864,16854847.0,True,catalogue_selected,0.8686853563953092,39.23794258540148,83,53,0.73,0.014020882058425,0.002089012213814,442971.8822046735,72126.5351612311,0.1628242,0.002737529102704,0.0002056052650279,
bt,900104,106,0.1499707367750714,9351745.0,True,catalogue_selected,0.8381469452981515,43.048423697750906,998,356,0.73,0.0631482177910639,0.0042283034568814,3144073.1632045205,526593.2069983186,0.1674876,0.0135426449682024,0.0008180251641346,
bt,900104,109,0.2009385398438942,2245075.0,True,catalogue_selected,0.8359983124172008,27.27336646040236,1582,655,0.73,0.0435221444440559,0.0032693644942441,6296373.4118131045,1019333.2289701848,0.1618921,0.0136938198556718,0.0012788689584462,
bt,900104,110,0.071910999155269,1586130.0,True,catalogue_selected,0.9401937207824748,61.99179613679674,96,58,0.73,0.0144263053843237,0.0049985584960801,115454.0592441588,13834.09444153605,0.1198234,0.0024573481159693,0.0003243517957236,
bt,900104,111,0.0968957880054375,3394101.0,True,catalogue_selected,0.8647596533922599,36.28276045241339,739,428,0.73,0.019588071893668,0.0024042747996501,300923.33797851094,49808.0770837456,0.1655175,0.0034888059384518,0.0002015758459493,
bt,900104,112,0.2890866943762705,20716144.0,True,catalogue_selected,0.5038658937347392,26.106333981136,14977,1753,0.73,0.0304916142354481,3.023120016830875e-05,23248013.42386076,5201793.141966713,0.2237522,0.0294829528355888,0.0054942569343904,
bt,900104,113,0.2174448298007397,14449317.0,True,catalogue_selected,0.7427025558849273,44.81856820938026,322,107,0.73,0.0466997551619865,0.0009213727473035,17146967.044495214,3517038.0479071187,0.2051114,0.0256649825608797,0.0037706067218829,
bt,900104,114,0.1703943519662742,1879333.0,True,catalogue_selected,0.8809432373817451,28.21324123800009,9520,4452,0.73,0.0588020106199554,0.0081286979708054,6791873.635503626,744529.5672719335,0.1096206,0.0166906260217095,0.001289831343124,
bt,900104,115,0.1431901945024916,9981040.0,True,catalogue_selected,0.8653848581739954,221.1338187340414,8,4,0.73,0.0215477401618753,0.0019581969803809,1846712.3272490213,269819.6375141015,0.1461081,0.0054381947321426,0.0004062359926113,
bt,900104,116,0.2401827542300766,15876496.0,True,catalogue_selected,0.7102048568872593,536.3839644445267,1,0,0.73,0.014373013239351,0.0,12753327.59243455,2518606.4015298984,0.1974862,0.015792590360322,0.0026593046134597,
bt,900104,117,0.1644842513075652,15504373.0,True,catalogue_selected,0.8714080691274185,67.38964371443768,643,278,0.73,0.1185785407096672,0.0055877812826485,2653483.919033701,411102.2708045074,0.1549292,0.021998148654583,0.000780325044468,
bt,900104,118,0.1877294791290118,6184157.0,True,catalogue_selected,0.8674762729760161,419.1725101352295,1,0,0.73,0.0351465678924997,0.0,4300458.424164052,712469.9162469956,0.165673,0.0102305014775634,0.0007522709916388,
bt,900104,120,0.2095789150415159,15790782.0,True,catalogue_selected,0.7729126338075224,37.75138486546591,212,71,0.73,0.037000308316558,0.0010826806025619,7203435.290851981,1310562.031429973,0.1819357,0.0135957469999497,0.001450864932834,
bt,900104,121,0.1679169694654613,1408529.0,True,catalogue_selected,0.8593226553927584,42.857553709507975,805,254,0.73,0.0538221493977789,0.0040995929971401,4887259.580538324,699608.1907097122,0.1431494,0.0138734342155327,0.0009927295927493,
bt,900104,122,0.1239839844388865,19625887.0,True,catalogue_selected,0.8988234749859726,76.99914723574052,71,38,0.73,0.0330077452557947,0.0054772618472397,864130.4886239687,108840.59325881372,0.1259539,0.0062559586569604,0.0004543294262184,
bt,900104,123,0.3386752003310605,10340228.0,True,catalogue_selected,0.5592107195842785,38.99024641853998,435,15,0.73,0.0099750095093039,6.384107649439091e-07,33146902.301366184,7830063.001379535,0.2362231,0.0366134382603531,0.0082675174205153,
bt,900104,124,0.2631647185648755,5784781.0,True,catalogue_selected,0.6215921306353998,31.136027417652542,778,152,0.73,0.0472655643320717,0.0001175086240986,21776898.92539819,5375303.746750703,0.2468351,0.0306451563832631,0.0056828687580833,
bt,900104,126,0.2292063529055832,12345429.0,True,catalogue_selected,0.6471073877713952,589.8166147157915,36,4,0.73,0.0766442681075948,3.1102106658280394e-05,13490560.198441615,2575589.479090205,0.1909179,0.0266519705003163,0.0027213982654526,
bt,900104,127,0.2444391450125679,13114528.0,True,catalogue_selected,0.6893335263984994,26.694816712442627,3323,101,0.73,0.0822377325814857,6.906903345445654e-05,17165170.350222375,4455757.966545264,0.2595813,0.0314373715568897,0.0047089522679895,
bt,900104,128,0.181013652456497,3680754.0,True,catalogue_selected,0.8607228972711376,49.54396668356426,235,98,0.73,0.0499529601337579,0.0039556751632796,5611977.148412521,942088.0090334011,0.167871,0.0140122621032874,0.0012398370530208,
bt,900104,129,0.1177293158101275,19120097.0,True,catalogue_selected,0.8758690152614415,275.550638566041,9,9,0.73,0.0147637466715879,0.0041972307445805,653926.803854999,91517.50909650764,0.1399507,0.0030805295057776,0.0003567191296913,
bt,900104,130,0.1677837333555447,20516215.0,True,catalogue_selected,0.869125173685831,307.13263456812825,7,3,0.73,0.1464201292758827,0.0123608495445375,2982397.769165189,465832.5026622705,0.156194,0.0268526532945792,0.0012578183443897,
bt,900104,131,0.0786247424114149,7847803.0,True,catalogue_selected,0.9005390353871967,51.793039956560456,122,70,0.73,0.0182049424705911,0.005878134670198,272424.90396690945,36538.28148592365,0.1341224,0.0032348035540315,0.000402828875537,
bt,900104,132,0.2674933640331326,5848116.0,True,catalogue_selected,0.7078464381661054,48.41364041814112,169,26,0.73,0.0295559191627482,0.000149783402913,12976912.619839996,2546682.342905008,0.1962472,0.0184865944984845,0.0026982305799969,
bt,900104,133,0.2697778561054835,12974240.0,True,catalogue_selected,0.7553701549754311,24.256573779392102,2214,222,0.73,0.0209491126758501,7.938524958763332e-05,12413802.453108434,2400495.0606370065,0.1933731,0.0164986891276849,0.0025395144107958,
bt,900104,138,0.1086196158189806,8115056.0,True,catalogue_selected,0.8632211530525032,67.58698696413336,58,28,0.73,0.0335239909863092,0.0071233039562318,621702.0918939771,87376.65809880057,0.1405443,0.0060835612982297,0.000533666469978,
bt,900104,142,0.1996131782924393,16104964.0,True,catalogue_selected,0.7564947892919754,60.26705346934994,712,186,0.73,0.0561894428103081,0.0025431885511744,4697966.931043969,709775.1090221319,0.1510813,0.0140568031890838,0.0009070190038699,
bt,900104,143,0.1494214943722087,4149562.0,True,catalogue_selected,0.8591635429673492,56.20607173499768,542,326,0.73,0.0526493411126784,0.0124338290993553,2804503.9472056846,272408.9160536648,0.09713266,0.0114844650483485,0.0010581117484093,
bt,900104,144,0.0948251947864456,17452823.0,True,catalogue_selected,0.9453367420081475,386.9752492241015,15,13,0.73,0.0658183174702422,0.0081027390872278,367199.6067667556,49571.66375655862,0.1349992,0.0110429023372001,0.0005544420568264,
bt,900104,145,0.2609944487955125,3560685.0,True,catalogue_selected,0.7880548537661112,85.2387807427901,5948,590,0.73,0.0458298749155964,9.571815560791189e-05,20336437.021014687,4572472.358843442,0.2248414,0.028891804455583,0.0048338380986629,
bt,900104,146,0.2661899607336783,6368263.0,True,catalogue_selected,0.7155024745203142,53.67491329815188,868,97,0.73,0.016927685399314,4.2595634850300186e-05,3717284.12012755,883687.831592716,0.237724,0.0066653322479353,0.0009356932588733,
bt,900104,147,0.1291803034462771,10909320.0,True,catalogue_selected,0.9154350112498258,309.3830615536255,7,3,0.73,0.0374399169917253,0.0151144663121484,1406941.6831298857,138706.38371598232,0.09858716,0.0075466082005057,0.0010830507426031,
bt,900104,148,0.1618786885604951,8899944.0,True,catalogue_selected,0.8055252096430052,88.62281577882493,311,148,0.73,0.0452136046693486,0.0033794709016217,4203716.3351677535,647379.0962198178,0.1540016,0.0117580865504552,0.0008929591058697,
bt,900104,149,0.154624292620543,2136647.0,True,catalogue_selected,0.8514007794848527,35.07212794752977,4812,2815,0.73,0.0503701417549732,0.0064723766755024,4569679.368753292,742214.064763674,0.1624215,0.0129792745632984,0.001184749489967,
bt,900104,150,0.1025529994774803,15864214.0,True,catalogue_selected,0.8733558261838391,38.59939095662589,623,425,0.73,0.0384335382614034,0.008075019975957,348475.1677637952,49596.12356688322,0.1423233,0.0065898672906664,0.0005527502172839,
bt,900104,151,0.1711196020196186,9344153.0,True,catalogue_selected,0.8024997385608313,32.39315148182517,702,177,0.73,0.0448607694081283,0.0019271104904,2913328.045013301,527760.0967612154,0.1811537,0.0103384928698955,0.0006766595815444,
bt,900104,153,0.1907257529078173,17420819.0,True,catalogue_selected,0.7506554537681687,51.55371246737515,131,31,0.73,0.0510795324245023,0.0006815258775238,8317522.663168967,2279916.3049001056,0.27411,0.0170513273367608,0.0024495124542865,
bt,900104,156,0.1749158511810625,2567103.0,True,catalogue_selected,0.8879523322064146,27.95314463652089,12407,6218,0.73,0.0563327306467759,0.0078793990847675,3358732.8397705387,412162.5325228029,0.1227137,0.012665951339141,0.0009234488523657,
bt,900104,158,0.2449675320025379,8114308.0,True,catalogue_selected,0.5990466982433416,23.83932629974176,20400,4406,0.73,0.0550727053418108,0.0005374079247602,16668858.422878832,3422917.254742056,0.205348,0.0265156444915504,0.0036474349230231,
bt,900104,160,0.2460737303288124,10777816.0,True,catalogue_selected,0.7351942316411447,184.21296492154545,14,7,0.73,0.0409035349708557,0.0018293313562958,12886634.534833431,1994882.674529677,0.1548025,0.0202283149367038,0.0022196817225441,
bt,900104,163,0.2515690320773134,14837381.0,True,catalogue_selected,0.6619342447402197,37.805938309878265,175,20,0.73,0.0206146692368318,2.5344254904406048e-05,7918184.846224602,2085803.9215886493,0.2634195,0.0116977881610661,0.0022038947681703,
bt,900104,164,0.3259682268838043,9444227.0,True,catalogue_selected,0.547783039866525,27.73805024500657,10212,1470,0.73,0.0269775667961219,5.558050858209292e-05,31977132.3257788,6572983.489916243,0.2055526,0.0381308292354124,0.0069436176144383,
bt,900104,165,0.2717935179476277,4537615.0,True,catalogue_selected,0.7090332663226484,53.312265178754735,137,24,0.73,0.0111094462083606,4.13977563164794e-05,6646592.499520984,1277931.6622079704,0.1922687,0.0088163795301915,0.0013518867077363,
bt,900104,166,0.1143664434924964,17116420.0,True,catalogue_selected,0.9172091154787554,47.98020708341739,13,9,0.73,0.0042185217079813,0.0014138614759882,302283.48091227224,44370.74898886121,0.1467852,0.0010020977500038,0.0001344619845217,
bt,900104,168,0.1991769438115408,6968319.0,True,catalogue_selected,0.863366890601711,23.07989956031537,34530,8377,0.73,0.0440580216018926,0.0006101820707792,6346419.994640158,1357655.3417812297,0.2139246,0.0138334142482213,0.0014713097996921,
bt,900104,169,0.1665498323631429,20122221.0,True,catalogue_selected,0.768622768822144,46.60950645461511,1089,390,0.73,0.0299389791840103,0.0013807110644888,1696650.822812933,279339.56643657247,0.1646418,0.0066381903881595,0.0003805027602527,
bt,900104,170,0.2331512452801127,14649290.0,True,catalogue_selected,0.8254465667286842,26.466301864976085,1024,245,0.73,0.0348907363377721,0.0001331900979466,25381778.21417044,6205768.548462285,0.244497,0.0324480819024196,0.006560697975894,
bt,900104,172,0.2192237234665432,6343565.0,True,catalogue_selected,0.7854214490531947,58.47824090950008,412,72,0.73,0.034734000442529,0.0006980265917864,7540288.549897384,1278620.2477395586,0.1695718,0.013584530228076,0.0013933029747939,
bt,900104,173,0.1632587360610302,2120718.0,True,catalogue_selected,0.8886956471764631,58.2722841743266,333,170,0.73,0.0624327574878079,0.0084052773272796,4336645.740748187,485092.00929627824,0.1118588,0.0146860144732362,0.0010330394397137,
bt,900104,176,0.2033616719563989,2006454.0,True,catalogue_selected,0.7966249468227633,334.3495633469489,1,1,0.73,0.0305195083770285,0.0048916832535558,9605287.204054214,1667823.3441441546,0.173636,0.0150826116697029,0.0020641159810864,
bt,900104,177,0.2748587281210655,2885773.0,True,catalogue_selected,0.6286775978705605,31.493694897190693,3230,266,0.73,0.039682255008716,2.1720872014553e-05,24030046.27130257,6270126.936188763,0.2609286,0.0317965263887853,0.0066217442537055,
bt,900104,178,0.3344995392240134,15899456.0,True,catalogue_selected,0.5723115870053089,53.21518471874273,63,0,0.73,0.001903568743113,0.0,4461290.904034461,992441.6708929364,0.2224562,0.0050186790649877,0.0010478829532046,
bt,900104,179,0.2368124224219977,12285147.0,True,catalogue_selected,0.7638484099584332,44.74010258655029,1848,1082,0.73,0.0679745255572994,0.0072270645054996,15776719.736138085,1573751.5670359945,0.09975151,0.0276623164733809,0.002109505222616,
bt,900104,183,0.1102329570068392,1666262.0,True,catalogue_selected,0.9213433187816756,47.95811278661193,144,94,0.73,0.0673561621691432,0.0144427205917776,867628.4502779217,131415.61667596988,0.1514653,0.0118202453558599,0.0010337267273523,
bt,900104,186,0.1996184775996864,9616802.0,True,catalogue_selected,0.7724903937927886,226.6449486495829,22,8,0.73,0.0322445192990329,0.0003268149650377,4146516.661172633,967946.4412084502,0.233436,0.0095981534129431,0.0010422710248474,
bt,900104,189,0.1999467586033276,5072577.0,True,catalogue_selected,0.7629824047895005,39.854352886410666,2240,748,0.73,0.0366952074967379,0.0013021546005802,7242073.792829225,1076495.445933944,0.1486446,0.0135871518513478,0.0012173226749859,
bt,900104,190,0.1231265746013113,190961.0,True,catalogue_selected,0.8934405795456425,39.30803667661059,861,464,0.73,0.0044350343702809,0.0007299117204727,2659207.5448402576,276450.1715717661,0.1039596,0.0035257386635967,0.0003371239740825,
bt,900104,192,0.1959207323799844,4584374.0,True,catalogue_selected,0.8406489895051154,106.22133695608942,609,212,0.73,0.095802461559987,0.0031332358917783,9266211.771332752,1546494.5241608943,0.1668961,0.0252931149555836,0.001827043878217,
bt,900104,196,0.1558516346859261,1190416.0,True,catalogue_selected,0.7787207206275495,128.0257586852264,477,279,0.73,0.0230715725773872,0.0028679969293518,1695718.9118191935,207303.68449698968,0.1222512,0.0055254563340884,0.0003966051074606,
bt,900104,197,0.191056891710801,12954498.0,True,catalogue_selected,0.7350525438350256,67.1104461487829,1334,259,0.73,0.0726322002820113,0.0051097961950205,7521489.12266182,1090966.3879448306,0.1450466,0.019699940856349,0.0014685495364039,
bt,900104,198,0.152030466950819,7171379.0,True,catalogue_selected,0.8535733019619984,36.31401842220345,784,440,0.73,0.0611402896875442,0.0092045578421727,1875052.2543004872,270848.9795738835,0.1444488,0.0118776728095456,0.0008563569294935,
bt,900104,199,0.0740519762758654,20428221.0,True,catalogue_selected,0.914627601976004,321.40781546179966,3,3,0.73,0.0195693184215805,0.0090815349197288,122601.478169144,16212.169757253438,0.1322347,0.0032974864320186,0.0005798718699942,
bt,900105,1,0.3250214120774591,6567860.0,True,catalogue_selected,0.6619455168917846,22.765637081591205,13791,2289,0.73,0.0126611560821279,2.0476188448656706e-05,17509367.889546648,4114020.5568179167,0.2349611,0.0205371908236212,0.0043451130595043,
bt,900105,8,0.1481973788655535,3347932.0,True,catalogue_selected,0.8482059482034778,589.8166147157915,36,14,0.73,0.0964560076366007,0.0010171361055115,2508967.2692547827,376303.2201706435,0.1499833,0.018264188215897,0.0004603535530061,
bt,900105,10,0.1471196306051274,9162338.0,True,catalogue_selected,0.7787494688455192,40.06061164225432,611,232,0.73,0.0520160657732739,0.0046974718960627,4038747.7009299486,564628.0923425993,0.1398028,0.0126851383798275,0.0008872576980739,
bt,900105,12,0.0933959854545786,11652874.0,True,catalogue_selected,0.8706265347388925,181.85607616538803,14,13,0.73,0.0440432729127328,0.0124029034111913,346843.227052714,38762.3214558293,0.1117575,0.0074962923865065,0.0008094964660602,
bt,900105,13,0.1394169908280834,15096806.0,True,catalogue_selected,0.8605826351691026,46.53492987019028,211,101,0.73,0.0144472505865511,0.0019701886605459,598298.6419173479,77447.60788414154,0.1294464,0.0029705568702259,0.0002038604713426,
bt,900105,14,0.1559295550749678,14112602.0,True,catalogue_selected,0.8523539767657142,95.98280691546908,45,34,0.73,0.0375432577860472,0.0132327198694269,2069745.7670263853,230930.29659997136,0.1115742,0.0082631684766347,0.0010638207248,
bt,900105,15,0.1971779706393551,15073906.0,True,catalogue_selected,0.7222951681574664,1068.0998922314843,1,0,0.73,0.4847145897308006,0.0,6310938.810173456,1372752.1569963663,0.2175195,0.085132920556384,0.0014494389206744,
bt,900105,17,0.3630341360630368,15302845.0,True,catalogue_selected,0.6200435329712818,25.21266812033485,2497,704,0.73,0.005089171416261,5.223779671620149e-05,11768220.105756989,1631354.861557145,0.1386238,0.0132495095813941,0.001725725093108,
bt,900105,19,0.1344953294205088,10854555.0,True,catalogue_selected,0.8580811441026824,1424.7236072062765,2,0,0.73,0.1511416431747368,0.0,1559534.9116441852,190077.08704558667,0.1218806,0.0261146603171748,0.0002006954616593,
bt,900105,20,0.0850849255819595,16640757.0,True,catalogue_selected,0.8682306129347666,128.0257586852264,363,287,0.73,0.0135324116467166,0.0059683197298888,128194.03728809532,14021.776566013485,0.1093793,0.0023260892075791,0.0003846430027226,
bt,900105,21,0.1438449460294676,1166250.0,True,catalogue_selected,0.9014818326444975,37.45102922050583,1266,488,0.73,0.0433156205315237,0.0032766919548506,2052902.5166710047,322175.7334467776,0.1569367,0.0091798600273821,0.000543219852796,
bt,900105,24,0.0456831826415288,12430.0,True,catalogue_selected,0.9718533921633352,235.85577567934249,2,2,0.73,0.0071641346665577,0.0007566201496188,8493.225218742227,1081.2860621944458,0.1273116,0.0011687544545254,4.802705109739101e-05,
bt,900105,26,0.1908979436283809,15141724.0,True,catalogue_selected,0.7591986301112164,307.13263456812825,4,1,0.73,0.0825706941933115,0.0035332820042135,4874258.932216061,814356.628671576,0.1670729,0.0185137490564853,0.0010787957787262,
bt,900105,28,0.1025023627449956,15258339.0,True,catalogue_selected,0.7591886102870762,419.1725101352295,0,0,0.73,0.0,0.0,345975.5885254341,47578.12368444436,0.1375187,0.0003653030017517,5.023600501330604e-05,1.0
bt,900105,29,0.1042830757988453,5386204.0,True,catalogue_selected,0.9154196700802456,50.66107532905932,1138,705,0.73,0.0349569751778725,0.0104737694484538,796552.983620098,85653.5756729656,0.1075303,0.0065001627875302,0.0007394648929114,
bt,900105,30,0.2421189445480814,19162043.0,True,catalogue_selected,0.682268935419595,56.381399409447326,107,18,0.73,0.0433668258229171,0.0003355893385714,19276315.687520616,3171271.458304136,0.1645165,0.0273737231529061,0.0033692252470542,
bt,900105,31,0.1982908762300427,18411195.0,True,catalogue_selected,0.7348292357787438,175.63948635743802,543,163,0.73,0.0573065144018403,0.002382189177878,7156457.791379096,1220194.917685438,0.1705026,0.0168334743778971,0.001435976035689,
bt,900105,33,0.0663811669894286,4614017.0,True,catalogue_selected,0.9063396252837748,994.9974612426676,54,42,0.73,0.0328278880101898,0.0191570040728619,67918.18995722733,7519.974040559495,0.1107211,0.0053861504258037,0.0011950390937825,
bt,900105,34,0.1520710990147969,15960477.0,True,catalogue_selected,0.8524289827419562,111.25612981195296,947,590,0.73,0.0207243995995406,0.0053940498551923,891268.9511978684,99257.16028109854,0.1113661,0.0042960880481315,0.0004390542446784,
bt,900105,35,0.2278386287800297,11198393.0,True,catalogue_selected,0.7638756917559381,54.58734513957013,573,100,0.73,0.051517339667635,0.0005693027228558,15242497.184179831,2614573.0432201037,0.1715318,0.024434030989091,0.0027959101806559,
bt,900105,36,0.1450600780848189,17554073.0,True,catalogue_selected,0.6956007021085691,56.28121623558471,3029,1723,0.73,0.0829916185896403,0.0153092005625481,3181489.2036080845,395232.2970412303,0.1242287,0.0167945578266959,0.0013659741620426,
bt,900105,38,0.168508374103368,8100758.0,True,catalogue_selected,0.856899098222472,67.38964371443768,359,135,0.73,0.0470246867216545,0.0031231513978703,2664241.4533823035,421416.0898643944,0.1581749,0.0104258034703608,0.0006384897012687,
bt,900105,39,0.0895010261480012,8717127.0,True,catalogue_selected,0.8993011917065231,242.8632944675712,7,2,0.73,0.074133273915558,0.0008961836292327,273587.90841770696,50619.81132128744,0.1850221,0.0122901520573001,0.0001089812805784,
bt,900105,40,0.1140558809852182,16693729.0,True,catalogue_selected,0.9420859561095504,126.11322204528734,132,114,0.73,0.0829305298401443,0.0408681945965572,1412132.29424882,160701.6324508918,0.1138007,0.0149164688874617,0.0027021519119053,
bt,900105,41,0.1675368110282767,5946833.0,True,catalogue_selected,0.7953530097646654,75.18426845986467,218,92,0.73,0.0213564918594645,0.0009904019025894,1231572.4067950682,232329.18038988407,0.1886444,0.0047577301447592,0.0003066799828788,
bt,900105,43,0.1559870668673573,19332150.0,True,catalogue_selected,0.831109956675298,70.91438515374698,406,209,0.73,0.0477695198611551,0.0107606361677292,3097926.3515256755,357822.9837914146,0.115504,0.0110042950104001,0.0010446148658439,
bt,900105,44,0.08320054748144,20134724.0,True,catalogue_selected,0.886051443420263,221.1338187340414,8,8,0.73,0.014141706590341,0.006518923963905,230939.4277832841,30658.56315235725,0.1327559,0.0025332118002337,0.0004363283838061,
bt,900105,48,0.1649119050475194,12350397.0,True,catalogue_selected,0.8628120404868319,72.08434982451821,393,183,0.73,0.0721662049848317,0.0103922664883457,4024408.466457644,453575.4376716856,0.1127061,0.0159320619714861,0.0011228896831822,
bt,900105,52,0.2085764549512863,7731296.0,True,catalogue_selected,0.7428811376839283,410.73417578029085,2,0,0.73,0.0648940432213183,0.0,10607246.26729533,2574506.908732736,0.2427121,0.0217053651962509,0.0027183279196059,
bt,900105,54,0.2301663755772034,15064706.0,True,catalogue_selected,0.6299836729913567,147.9905701953819,588,82,0.73,0.0247835201192916,8.88725388042693e-05,4875875.9286067365,916677.1968740444,0.1880026,0.0091604117117018,0.0009733931596825,
bt,900105,55,0.1992079752804096,11022406.0,True,catalogue_selected,0.6605261833355717,32.11857527579847,703,133,0.73,0.0716790954594764,0.0007673129536842,13486253.787155852,2836655.0970898503,0.2103368,0.0258436221089937,0.0030426685876649,
bt,900105,60,0.2406696828549847,15775367.0,True,catalogue_selected,0.6126771392354531,43.69612729510705,608,126,0.73,0.015859266129062,0.000259698465929,4888622.935672022,828625.3503089836,0.1695008,0.0077291420098572,0.0008910079703597,
bt,900105,61,0.1074415947348827,12108147.0,True,catalogue_selected,0.8102923404086365,70.87039121694417,73,58,0.73,0.0347864947977895,0.0119675406395591,752376.5778369751,89158.07754735113,0.1185019,0.0064259198203989,0.0008357294506416,
bt,900105,62,0.1694888043905968,11525881.0,True,catalogue_selected,0.82341657099952,63.75574683180261,157,54,0.73,0.0732862476186271,0.0037435252872215,4226683.50157812,740788.9736406874,0.1752648,0.0163269581594315,0.0010141464878489,
bt,900105,63,0.1618137128885753,2974590.0,True,catalogue_selected,0.9038203768008226,136.12304068130743,1894,660,0.73,0.0498365026420968,0.0012170018462209,2844014.1451151143,593866.3867063627,0.2088127,0.0110708178916589,0.0007024556118269,
bt,900105,65,0.1317693857023205,10815000.0,True,catalogue_selected,0.9064795348315324,158.93501165546587,55,35,0.73,0.0413497318286538,0.0095639756019124,1587304.50312106,161525.33850130215,0.1017608,0.0083699984633704,0.0007631980685321,
bt,900105,66,0.1175800986226671,15466939.0,True,catalogue_selected,0.838396540682703,52.41963627899271,387,238,0.73,0.0386040523635802,0.0073481810697136,542741.580011419,72514.2508159174,0.1336073,0.006822590279113,0.0005319087207114,
bt,900105,68,0.2258067185510758,17695318.0,True,catalogue_selected,0.7278505459319979,36.03391003064969,1097,261,0.73,0.0542156362975022,0.0012034661612407,11676150.442188077,2046062.2740028845,0.1752343,0.0211052771690222,0.0022349375053519,
bt,900105,70,0.180679343875638,9024763.0,True,catalogue_selected,0.7688632019983453,44.29004408260674,2768,901,0.73,0.0453312039238495,0.0018796779572027,4941585.686040814,902907.0871136736,0.1827161,0.0125562137756684,0.0010698243579816,
bt,900105,73,0.0940221308561592,17397384.0,True,catalogue_selected,0.9211440566855482,60.26705346934994,462,314,0.73,0.0489081373967168,0.0201398188816464,511721.67588208825,61967.45359694568,0.121096,0.0084579442553833,0.0013134301301447,
bt,900105,76,0.2067154216942057,16298608.0,True,catalogue_selected,0.637624342628867,112.76986331146492,419,168,0.73,0.0204049951413702,0.0010749107897771,3940384.346395903,568874.5953056334,0.1443703,0.0074638300342556,0.0006672627571405,
bt,900105,77,0.1145921829040051,686249.0,True,catalogue_selected,0.9135564663146912,122.19849211982591,23,9,0.73,0.1030425927790607,0.0017659915445492,830191.1879900653,130846.73651658224,0.1576104,0.0175579182823387,0.0002475892128714,
bt,900105,78,0.2233916632010608,8208193.0,True,catalogue_selected,0.7722926516068308,43.015160620222815,1554,545,0.73,0.0613593272507278,0.0036728873516303,10231607.87487619,1254123.988937104,0.1225735,0.0207365145511215,0.0015517809928497,
bt,900105,80,0.1428174550549503,16930950.0,True,catalogue_selected,0.888358947313376,485.945860890477,9,7,0.73,0.2382296583057797,0.0309394917837173,3368051.059338583,497298.68606275984,0.1476518,0.0421227030471265,0.0024423021111573,
bt,900105,81,0.1593207647771597,20497623.0,True,catalogue_selected,0.8542720992426119,37.433663811414256,720,258,0.73,0.0477646068170981,0.004530328882923,3301952.606166729,447205.9316119493,0.1354368,0.0112189235267981,0.0007529185979143,
bt,900105,85,0.3324989626752653,19303428.0,True,catalogue_selected,0.5369782585725119,50.56619255867735,3205,47,0.73,0.0102370115706833,4.2319146709621685e-07,37931738.5965104,9489025.989659134,0.2501606,0.0417079873053681,0.0100191425796975,
bt,900105,86,0.2391830968652376,8896484.0,True,catalogue_selected,0.6937340007174649,46.37353753324903,219,93,0.73,0.0416071586255696,0.0020111715807212,8152951.178125032,1193106.117280736,0.1463404,0.0153440995394694,0.0013843831711257,
bt,900105,89,0.1186193759658964,10975893.0,True,catalogue_selected,0.8575128425829912,308.7083631539789,3,3,0.73,0.059934225164421,0.010785006558357,767463.6082485524,107408.87596171876,0.1399531,0.0105129631045954,0.0007817219013283,
bt,900105,90,0.2848428812385084,12589818.0,True,catalogue_selected,0.5925026584567845,53.67491329815188,635,38,0.73,0.026066197643571,7.423179214685567e-06,14939572.121845689,3829765.006662056,0.2563504,0.0199939513499028,0.0040441691407954,
bt,900105,91,0.1782979917049116,5025943.0,True,catalogue_selected,0.7759378118555628,47.8115418229536,599,382,0.73,0.0705933764664372,0.015349909152042,5994228.911288522,577538.6734086775,0.09634912,0.0177573015973531,0.0015609873964916,
bt,900105,93,0.1411273336742121,20502600.0,True,catalogue_selected,0.8747982039788966,35.22652230163095,577,195,0.73,0.062638461434979,0.003789924618965,2465635.714542672,439505.4181023635,0.1782524,0.0127437842278309,0.0006989073932537,
bt,900105,94,0.1315528581306872,14854630.0,True,catalogue_selected,0.8523916360238614,296.2851668655232,1,1,0.73,0.0197180739814145,0.0044118763744747,779959.0584924787,92519.29441769396,0.1186207,0.0040156480450721,0.0003710777899068,
bt,900105,95,0.1359791341015073,14643444.0,True,catalogue_selected,0.8749274040866645,309.3830615536255,16,12,0.73,0.021745709955589,0.0076698966551848,441626.68328106304,43861.55389025649,0.09931817,0.00398666497778,0.0005215910819271,
bt,900105,96,0.4294006548610934,275136.0,True,catalogue_selected,0.3817463792807974,20.67205512482056,9328,1135,0.73,0.0021370845567563,5.982743862171202e-07,44584130.81804254,9814213.45685492,0.220128,0.0474207253213814,0.0103625070118825,
bt,900105,98,0.0980858239553068,17144883.0,True,catalogue_selected,0.9320561925677447,385.538769323715,22,18,0.73,0.0227407454665149,0.0066363773374676,426602.4760241603,41833.5705966224,0.09806218,0.0041318856818898,0.000455405881008,
bt,900105,99,0.2097107332920257,3716565.0,True,catalogue_selected,0.69570122129941,37.798482870785975,158,43,0.73,0.0551448337621587,0.0014388515820175,6581462.86567177,1211591.3312009785,0.1840915,0.0158764082585567,0.0013684361716867,
bt,900105,100,0.2524969725187316,6627175.0,True,catalogue_selected,0.7905487463981916,22.25857866325627,379,83,0.73,0.0364630970396864,0.0001962276851026,9899152.381412435,2410556.5449817805,0.2435114,0.0163550883191334,0.0025573783216805,
bt,900105,101,0.2195567432204347,7474547.0,True,catalogue_selected,0.7335839805602818,168.27646830916524,32,10,0.73,0.0560762706887974,0.0001509742252293,11653141.173966857,2911202.322167956,0.2498213,0.0213821967297716,0.0030831877188737,
bt,900105,103,0.3407906184461985,14322333.0,True,catalogue_selected,0.504559661987959,184.21296492154545,11,0,0.73,0.0062177271708389,0.0,9566142.770942677,1869133.0561407155,0.1953905,0.0111071159908365,0.0019735494026957,
bt,900105,104,0.2164749738998009,12849832.0,True,catalogue_selected,0.731133495772921,60.06998452164695,1366,59,0.73,0.05958113433387,0.0001490557997499,8387794.417020725,1722407.7287205895,0.2053469,0.0185018312586645,0.0018278639994893,
bt,900105,105,0.1215932766845006,11036267.0,True,catalogue_selected,0.8017904301728231,58.28146309644613,160,107,0.73,0.0355762741638418,0.0079604351401486,1056689.8689603952,113241.2628161387,0.107166,0.0068750888509814,0.0006128503375475,
bt,900105,106,0.2379703540558318,14958856.0,True,catalogue_selected,0.7361633190650907,46.23339582846525,2223,762,0.73,0.0713613516613346,0.0021502741905507,13852510.150122626,2014722.922024668,0.145441,0.0261788999620795,0.0022605181296614,
bt,900105,107,0.2955394426198475,1414514.0,True,catalogue_selected,0.5827744660241221,51.05206249087193,222,13,0.73,0.0426906988371857,4.177783046064721e-05,26535463.928593785,5816483.7507018,0.2191966,0.0349289361636045,0.006144001830699,
bt,900105,108,0.2386474594042965,2379141.0,True,catalogue_selected,0.6568308141224714,86.5913918708544,521,167,0.73,0.0701113993671855,0.0018900354625065,15924846.234211858,2360648.1381616066,0.1482368,0.0281646518675966,0.0026096417731343,
bt,900105,109,0.1222182725140687,13517068.0,True,catalogue_selected,0.9177257778348058,135.05974619098578,92,71,0.73,0.0220392908596732,0.0074867123128657,727247.9834241208,59328.0466291483,0.08157884,0.0043357692864729,0.0005265702323141,
bt,900105,110,0.2816622380392865,19450688.0,True,catalogue_selected,0.6395155748163053,40.724150027141306,803,127,0.73,0.0109532427607682,2.3583460700280707e-05,11078825.49848649,2401036.3570572915,0.216723,0.0134709252041256,0.0025366280853523,
bt,900105,111,0.1386445618342301,1458952.0,True,catalogue_selected,0.9120171416965543,27.420722392470022,2309,720,0.73,0.0958288336499251,0.0030882656663166,7277592.885327033,1400023.5093875786,0.1923745,0.0231976741467637,0.0016696038145806,
bt,900105,112,0.3793823189927005,18967948.0,True,catalogue_selected,0.4603274780355884,31.43223672766297,525,14,0.73,0.0032983652652444,3.248711287684477e-07,47846738.64641772,10557736.050641753,0.2206574,0.0510535912016991,0.0111475484509096,
bt,900105,115,0.238093453602885,7005882.0,True,catalogue_selected,0.719383293223266,53.95973124952943,847,308,0.73,0.0213799450166969,0.0008466643211986,9604617.277633969,1196809.0500097398,0.1246077,0.0136023195339582,0.0013161321263775,
bt,900105,117,0.1538267506371863,15852142.0,True,catalogue_selected,0.8661881017758305,257.3198853700213,16,9,0.73,0.0828754045019956,0.0162121294941998,2703803.1306823283,407342.2640713757,0.1506553,0.0162713728742056,0.0014347122880658,
bt,900105,118,0.0947502075116326,15051212.0,True,catalogue_selected,0.92597474734306,321.40781546179966,2,2,0.73,0.0641787834265098,0.0212279616583473,383941.99865009525,52125.18475741572,0.1357632,0.0107951592829011,0.0013704668081007,
bt,900105,119,0.1845226046519816,20363267.0,True,catalogue_selected,0.7657591373797773,86.59553650249653,154,70,0.73,0.0558342195472933,0.0042856003583872,7875551.438835478,1086292.9505183904,0.1379323,0.0173543923929234,0.0014125422118727,
bt,900105,125,0.2099250124699234,13676040.0,True,catalogue_selected,0.7985760389370223,133.21207702628178,57,10,0.73,0.0610604785996697,0.0028710881822693,10677450.347385537,1664420.198882787,0.1558818,0.0211588833695631,0.0019353128304296,
bt,900105,126,0.2379849869686579,8553503.0,True,catalogue_selected,0.7696923312516532,317.03055070300803,20,3,0.73,0.1296300197953656,0.0062868121218542,13799565.131824756,2686337.998229992,0.1946683,0.0355559899868146,0.003225980174939,
bt,900105,127,0.0736821982167409,9523515.0,True,catalogue_selected,0.9442937041343716,143.78053906903736,99,89,0.73,0.0155414894193442,0.0076328834373706,129355.24829498609,10786.106854195186,0.0833836,0.0026525606838753,0.0004843743319007,
bt,900105,128,0.2516007816267269,19210185.0,True,catalogue_selected,0.8119828885457261,35.89683269201536,186,37,0.73,0.040174868933336,0.0001005833224874,18081895.829234637,4183664.395555599,0.2313731,0.0255958395797307,0.0044236114340691,
bt,900105,129,0.1736872013836034,7460609.0,True,catalogue_selected,0.6840209447771671,43.11779280688452,1922,774,0.73,0.0142215159894957,0.0005192966007219,2036206.4449363984,435652.586886353,0.2139531,0.0044522475589789,0.0004921688425957,
bt,900105,132,0.1316551106462297,4482637.0,True,catalogue_selected,0.9276331322528184,285.768509871934,5,5,0.73,0.0079369211027363,0.0022610687858421,1490597.445634067,167266.13735582266,0.1122142,0.0028587590083346,0.0003167215022832,
bt,900105,135,0.1466184939361459,2169690.0,True,catalogue_selected,0.6653583463900856,536.3839644445267,0,0,0.73,0.0,0.0,2774196.6286547924,413976.7669072092,0.149224,0.0029291730096234,0.0004371029651289,1.0
bt,900105,136,0.2696900202979135,6015542.0,True,catalogue_selected,0.5575931582683458,36.40840854724299,123,24,0.73,0.0194165801513963,2.69903491820781e-05,13070254.17983382,2865890.646350306,0.2192682,0.0169437140736523,0.0030276618843291,
bt,900105,137,0.1303682821940263,9025868.0,True,catalogue_selected,0.7509398927506565,64.96781760041952,1700,1264,0.73,0.0371305629354581,0.0113157574699567,1067463.6177394574,131314.88854417013,0.1230158,0.0071380850156395,0.0008398523452634,
bt,900105,141,0.2348513615045353,8752427.0,True,catalogue_selected,0.7256360635017034,36.31401842220345,793,134,0.73,0.0668288871643288,0.0008215150589684,12331257.014908146,2382561.5027189124,0.1932132,0.0238389130844862,0.0025665664612388,
bt,900105,142,0.0786423627491382,13507634.0,True,catalogue_selected,0.9191592304422768,166.76449765898423,3,2,0.73,0.0019145096535949,0.0007214523881331,89550.17263440444,9743.141451161984,0.1088009,0.0004044887213228,5.499355310529984e-05,
bt,900105,147,0.3014271823265518,6517613.0,True,catalogue_selected,0.5660569519939106,151.9419447096078,276,10,0.73,0.0005152868125149,6.5916627908981e-101,337242.6038497128,83958.85915076661,0.2489569,0.0004395008655086,8.864909631962559e-05,
bt,900105,148,0.1892487882797937,2452722.0,True,catalogue_selected,0.6490690053061043,76.5531063365683,1036,296,0.73,0.0718879814763433,0.0027510051089632,8058439.051193983,1321853.5840076392,0.1640335,0.0201464066714992,0.0015661680708624,
bt,900105,150,0.1095538949762975,15376904.0,True,catalogue_selected,0.8977865989496596,46.29626602503123,418,316,0.73,0.0331389792578167,0.005394122998889,345668.1761628117,54216.56987012212,0.1568457,0.0057297784141478,0.0003915020609559,
bt,900105,152,0.1280845967670532,8603441.0,True,catalogue_selected,0.9310702926381929,38.93408877311971,579,380,0.73,0.0305449129067348,0.0080160352183552,1480770.05221616,192960.1672739525,0.1303107,0.0065083431006875,0.0007004679816044,
bt,900105,154,0.2570558698659254,19138045.0,True,catalogue_selected,0.6470717819273843,32.39315148182517,867,82,0.73,0.053002119580731,5.99291414369411e-05,20882890.974356987,5043947.556714914,0.2415349,0.0306298849272954,0.0053294338271862,
bt,900105,156,0.1660580185843234,16621253.0,True,catalogue_selected,0.8757540829062785,334.3495633469489,6,1,0.73,0.1620498581594784,0.0048744284181892,6274160.309742825,972147.2665400204,0.1549446,0.0328585693669726,0.0013285077633421,
bt,900105,157,0.157624317479434,20067828.0,True,catalogue_selected,0.7137218392167026,257.6790023132774,92,53,0.73,0.0704643802622987,0.0315441828656054,2487329.354760909,247692.35748108197,0.09958165,0.0140336113717516,0.0022162226913483,
bt,900105,158,0.1297125625277163,18494331.0,True,catalogue_selected,0.8507164058394706,57.09279404541642,197,111,0.73,0.0306037480190709,0.0054540095798242,1437683.064757281,193071.4965799833,0.1342935,0.0064723738157697,0.0005418248944922,
bt,900105,159,0.2688710674684945,1116832.0,True,catalogue_selected,0.6259057293193928,217.3384971767157,67,5,0.73,0.1090744461757556,0.0001719012051838,20674831.859212328,4395304.386347619,0.212592,0.0394876345009862,0.0046514937230238,
bt,900105,163,0.0812911847597982,5442450.0,True,catalogue_selected,0.9462857994726148,276.148343063909,4,3,0.73,0.0189675851880398,0.008570851254217,174463.63709092836,19211.081085872025,0.1101151,0.0032548324596909,0.0005513928574986,
bt,900105,164,0.1169885217475634,8584479.0,True,catalogue_selected,0.9163194727093384,80.98549230158378,46,30,0.73,0.0292968002531982,0.0082209047061732,856272.4117714238,99019.00988463045,0.1156396,0.0056469044801927,0.0006139740557573,
bt,900105,166,0.2104110049945929,1569477.0,True,catalogue_selected,0.7404201633707586,24.338653748314044,3538,111,0.73,0.0624353675394383,7.610858234069205e-05,8364193.129252377,2240116.3906349586,0.2678222,0.0189389773601848,0.0023699733794914,
bt,900105,167,0.1060903100259009,3000905.0,True,catalogue_selected,0.850704190783465,218.3432081256031,47,33,0.73,0.0214455627390449,0.0020257897907774,458303.0364916134,70675.31304676611,0.1542109,0.0039556827260042,0.000200155278699,
bt,900105,170,0.1707994758134621,18587905.0,True,catalogue_selected,0.8319844478713537,42.979379111757744,883,297,0.73,0.0746065567102923,0.0046113799487239,6666170.468282126,1010325.6071576276,0.1515601,0.0191164655238314,0.0013525185976341,
bt,900105,171,0.1157113434709353,3328942.0,True,catalogue_selected,0.8644762068254379,82.88801510766642,250,169,0.73,0.0306823739846361,0.0068385068798784,1036303.2449896308,124184.54652949888,0.1198342,0.0060613001005678,0.0005548826013364,
bt,900105,172,0.1295451874133482,16654620.0,True,catalogue_selected,0.8476130968671504,54.34334964951975,3712,2300,0.73,0.0498316879976545,0.0102534703934085,1460181.4055162526,201291.1587198994,0.1378535,0.009608899955353,0.0008479111615223,
bt,900105,173,0.0874620552688175,7881591.0,True,catalogue_selected,0.8537454860608018,63.52557887928698,785,497,0.73,0.0305184938620695,0.0058159329171813,396470.6246520732,53931.53312393544,0.1360291,0.0053591939695953,0.0004173393292404,
bt,900105,175,0.2387102032907653,11013348.0,True,catalogue_selected,0.6746916013276636,37.735690647216686,874,160,0.73,0.0410698779681831,0.0003747884979745,15025985.895057516,2925559.7652275097,0.1947,0.0225141069080601,0.0031122162826775,
bt,900105,178,0.1597872149752701,7355991.0,True,catalogue_selected,0.8981327263226806,386.9752492241015,18,8,0.73,0.1231934089076787,0.0164047257387922,2072562.3273726583,315224.5161772504,0.1520941,0.0221318660940728,0.0013493830996687,
bt,900105,181,0.0731359774727197,4781602.0,True,catalogue_selected,0.8348645025400228,101.79947512510566,24,21,0.73,0.0111666970274237,0.0026408479948925,144395.73232206906,15126.6031978221,0.104758,0.001960215397596,0.0001796166365525,
bt,900105,182,0.1478386015858367,17046789.0,True,catalogue_selected,0.7342685426213672,406.7105275653722,5,2,0.73,0.1143966481569161,0.0048897730414499,2186881.330297381,325612.5906255411,0.1488936,0.0208284821707373,0.0006468062442969,
bt,900105,183,0.2871233393169702,12756044.0,True,catalogue_selected,0.5992915753145795,41.078827531600616,230,11,0.73,0.0466568703385241,3.742910812158178e-05,27416817.807781745,6427515.675369524,0.234437,0.0365016007741866,0.0067888986711892,
bt,900105,184,0.2135731725413699,2219862.0,True,catalogue_selected,0.6938422507926383,182.02522096909468,31,12,0.73,0.0345149269360157,0.0011047903272726,6418565.329766936,926514.9798345,0.1443492,0.0123646782521031,0.0010467337319799,
bt,900105,186,0.1588617559982115,13345312.0,True,catalogue_selected,0.7228823285716938,25.273937539836474,3848,1461,0.73,0.0631653812326135,0.0080349420628096,5775216.216199902,746005.4351096953,0.1291736,0.0163235514799202,0.001285579900676,
bt,900105,191,0.2584072282403324,10341605.0,True,catalogue_selected,0.6630527896483572,37.272714686355016,1825,615,0.73,0.0628592370316143,0.0027988339185331,15015140.155085957,1688153.9001054922,0.1124301,0.0260300890243256,0.0019558950111972,
bt,900105,192,0.2552777640431775,17831564.0,True,catalogue_selected,0.5494650209151832,40.147921652622415,3239,408,0.73,0.0814482463022129,0.0001573734930717,19237835.36911982,4672766.219555137,0.2428946,0.0334980146521429,0.0049435553136837,
bt,900105,194,0.0955555146365034,13338288.0,True,catalogue_selected,0.914263984582758,76.8587807997609,107,63,0.73,0.039647163168233,0.0096864409565604,478783.4744017877,56448.32639604435,0.1178995,0.0069239262738879,0.0006598398761311,
bt,900105,198,0.3283262960410411,3466363.0,True,catalogue_selected,0.5450336190811141,26.694816712442627,2344,130,0.73,0.023743370745143,1.4553092072333213e-06,24839202.15744823,7733346.144293043,0.3113363,0.0300705719525603,0.0081654482402393,
bt,900106,0,0.1887617405589736,16396269.0,True,catalogue_selected,0.8520245242927689,60.94288359594032,1633,774,0.73,0.0250066748581427,0.0035580740401567,3271158.200172369,371658.8463272487,0.1136169,0.0075021748605572,0.0006129036253735,
bt,900106,1,0.1234223521068487,16112583.0,True,catalogue_selected,0.8120068159432462,187.883818495227,225,158,0.73,0.0088617407430382,0.0041171651885504,134032.52554466444,15387.833825422613,0.1148067,0.0015761287166347,0.0002713751734104,
bt,900106,3,0.0975500297660394,13802127.0,True,catalogue_selected,0.7663476783650278,32.69992106317173,22,13,0.73,0.0021377947140932,0.0004215427179137,72547.88572786827,14138.998677587248,0.1948919,0.0004226837780169,4.105052349522956e-05,
bt,900106,4,0.1114884587862249,19396827.0,True,catalogue_selected,0.8805322710869223,133.21207702628178,27,19,0.73,0.0349134446117407,0.0146034073054185,624339.316521809,76858.22961077785,0.1231033,0.0063112815870357,0.0009860788208115,
bt,900106,6,0.1840183102997847,6001800.0,True,catalogue_selected,0.718632377006574,39.1448435988528,422,118,0.73,0.0428408546360765,0.0012027231320561,5328841.469248917,880786.9795115598,0.1652868,0.0125619455946398,0.0010045197912798,
bt,900106,7,0.1426024282325901,7859866.0,True,catalogue_selected,0.8465503897645992,107.79314909054284,64,32,0.73,0.0561765193048073,0.008617637600161,2460957.280608489,351740.1693699216,0.1429282,0.0116927341523964,0.0009053973922773,
bt,900106,8,0.0701140343730273,17018437.0,True,catalogue_selected,0.9406061226633796,132.5305200235132,935,793,0.73,0.0256059636514851,0.0134142802176564,119551.69900032642,11117.07463991669,0.09298968,0.0042715261440734,0.0008429786843938,
bt,900106,10,0.0849282551754092,7892652.0,True,catalogue_selected,0.8110167739129036,203.25443419761925,17,12,0.73,0.0138347020034348,0.0045257410154953,197392.48267524684,22117.786569332904,0.1120498,0.0024480904747152,0.0003037992383349,
bt,900106,11,0.1715175036638091,4115613.0,True,catalogue_selected,0.793148102276636,151.9419447096078,316,102,0.73,0.0486711306379256,0.001771432614543,4492283.052387844,742365.2414843962,0.1652534,0.0126225052624833,0.0008936064582546,
bt,900106,12,0.0811415940891652,5788838.0,True,catalogue_selected,0.898422541768152,994.9974612426676,26,23,0.73,0.0171951642083809,0.003370654663926,111972.6398276954,12613.644138783831,0.1126493,0.0029019169725034,0.0002221871086636,
bt,900106,14,0.2799358366119055,10492605.0,True,catalogue_selected,0.6508786376177346,589.8166147157915,15,1,0.73,0.0385097660344662,5.458758831868178e-18,25289751.0781783,5665575.460704974,0.2240265,0.0329367909505312,0.0059820744326723,
bt,900106,15,0.1967412497554028,11497117.0,True,catalogue_selected,0.7910518041299193,339.7987207144713,4,2,0.73,0.0595318315385604,0.0020914876723161,6844081.374258549,753000.2768709443,0.1100221,0.0168638994494982,0.0009246684050347,
bt,900106,16,0.2452087797123462,9139829.0,True,catalogue_selected,0.5948678114614526,27.551947356283744,2453,483,0.73,0.0689740978006236,0.0006138823627519,13799554.36098346,2743671.519583922,0.1988232,0.0257365183449041,0.0029349830114315,
bt,900106,17,0.1843059419363023,5280486.0,True,catalogue_selected,0.7412405647676372,24.70612119931477,5476,2450,0.73,0.0464779092455226,0.0052289809298729,3213326.967926598,397755.3311931007,0.123783,0.0109170461716685,0.0007439987734156,
bt,900106,18,0.2823141160915258,17626804.0,True,catalogue_selected,0.5016567754887434,23.79541650353535,5400,579,0.73,0.028981022886138,1.3921981781118606e-05,35168649.85722497,9005980.048399884,0.2560798,0.0418249714747668,0.0095099484706045,
bt,900106,19,0.1416819903341025,9004017.0,True,catalogue_selected,0.8131599799731689,257.6790023132774,79,56,0.73,0.0363204531686464,0.006395671912998,1266828.786869277,124221.7945214598,0.09805729,0.0072174404495866,0.0005274808461012,
bt,900106,20,0.2099393924196089,5307496.0,True,catalogue_selected,0.7867039672700552,410.73417578029085,1,0,0.73,0.0131665023137254,0.0,6120474.810545417,1492112.3862040315,0.2437903,0.0085938835645047,0.0015754670320946,
bt,900106,23,0.1579742953165585,1387577.0,True,catalogue_selected,0.8543507386347048,64.0156676510371,1063,572,0.73,0.0664237906749761,0.0094749866261542,4033786.623228708,468138.82751869154,0.1160544,0.0150123365903365,0.0010814256997332,
bt,900106,24,0.1386021053487735,17669360.0,True,catalogue_selected,0.8924071091206752,39.48156178990438,202,96,0.73,0.0643848811122298,0.0052950919761209,2716237.7913392666,512746.23356760544,0.1887707,0.0132911100446406,0.0008695101647366,
bt,900106,25,0.2562494586202387,9898141.0,True,catalogue_selected,0.6504126130516366,35.269326960325714,3501,1328,0.73,0.0697327915033177,0.0027426676202918,13236320.486619854,2049660.538278445,0.1548512,0.0252646435810496,0.0023341162335761,
bt,900106,26,0.2330792597195541,7960448.0,True,catalogue_selected,0.6942625399146949,37.77444793837719,4209,1648,0.73,0.0610653591678959,0.0036155943259977,10338261.014682228,1326708.9507798771,0.12833,0.0208015358327279,0.0016248705381378,
bt,900106,27,0.3557326254824153,7194276.0,True,catalogue_selected,0.4755939636522125,25.5357118566142,453,14,0.73,0.0057615764963104,6.88149992283803e-08,45516233.83652996,16426984.974096406,0.3609039,0.048991660307496,0.0173446583953234,
bt,900106,29,0.0773299285893353,8630827.0,True,catalogue_selected,0.910006005338952,234.99458292096327,6,5,0.73,0.0134761604656203,0.0083451027570315,89502.66874221341,9782.279863143987,0.109296,0.0022761300171189,0.0005274484090209,
bt,900106,30,0.2769032560276504,12573426.0,True,catalogue_selected,0.6192310343063184,85.2387807427901,3726,332,0.73,0.0254832607617038,3.0286951470680968e-05,23509864.859763183,5566734.614348399,0.2367829,0.0289486403514273,0.0058795887757088,
bt,900106,31,0.1330039826115374,5919892.0,True,catalogue_selected,0.8634230915919262,130.8260513017163,185,106,0.73,0.0166836590295976,0.0025474654479606,366668.9858466237,50647.29962639589,0.1381281,0.0030880350493173,0.0002113350225673,
bt,900106,32,0.0932790849191214,2419781.0,True,catalogue_selected,0.9097652857782592,55.98678159100008,285,167,0.73,0.1165647757702838,0.0128480362419242,470372.9343535955,60619.31653310149,0.128875,0.0193670772203742,0.0008601579451523,
bt,900106,33,0.1180470324318801,2211223.0,True,catalogue_selected,0.9206747453435346,88.62281577882493,176,119,0.73,0.0274975040112328,0.0042639700240935,931754.0662584072,130492.75284919108,0.1400506,0.0054353185023844,0.0004020072899716,
bt,900106,36,0.187496067572491,18345120.0,True,catalogue_selected,0.8549601524813133,667.3384720182261,1,0,0.73,0.0332910550768911,0.0,6662282.708259345,1106054.1858504014,0.1660173,0.0124238804866295,0.0011678422628409,
bt,900106,37,0.180255069288216,14463605.0,True,catalogue_selected,0.806398608707247,275.550638566041,22,5,0.73,0.0494375346844097,0.0019239668686022,3275326.0790447355,527597.6823324115,0.1610825,0.0114616363395116,0.0006762932937619,
bt,900106,38,0.2739589046582988,19701450.0,True,catalogue_selected,0.6422080980665975,33.84868292877799,3243,935,0.73,0.0386933329585711,0.0009804238195278,22622711.86850244,2765460.382703209,0.1222427,0.0301504788153701,0.0029807024932921,
bt,900106,39,0.2201403410875942,5399757.0,True,catalogue_selected,0.8139842369107154,217.3384971767157,29,5,0.73,0.0811706557067428,0.0005751258330496,6531063.076546224,1191909.316172744,0.1824985,0.02003645880701,0.0012941322938246,
bt,900106,40,0.2568969861024834,10521044.0,True,catalogue_selected,0.6836049422045146,317.03055070300803,6,0,0.73,0.0440618082896437,0.0,17447678.482709233,3600888.267513111,0.2063821,0.0255554410992855,0.0038020465510346,
bt,900106,41,0.1228630362289925,5788127.0,True,catalogue_selected,0.9033313833366048,221.1338187340414,11,7,0.73,0.008764245234093,0.0015302595777793,710955.4328312373,99794.1107068806,0.1403662,0.0021694972227503,0.0002001943128373,
bt,900106,42,0.3108251737180441,9830515.0,True,catalogue_selected,0.6252718251929187,321.40781546179966,10,0,0.73,0.0513935472267796,0.0,31205006.070142142,7621929.1478741085,0.2442534,0.0412682212649387,0.0080477169176146,
bt,900106,45,0.1945938327015129,10650730.0,True,catalogue_selected,0.6473284627974885,35.095017661906326,492,219,0.73,0.048469895855891,0.0047875703630898,7453437.675371071,1009478.3953866182,0.135438,0.0157165029198454,0.001362542021046,
bt,900106,46,0.1696072558817863,9388859.0,True,catalogue_selected,0.7943173491713511,72.29843219803796,296,169,0.73,0.0574641287870263,0.0088349078944945,3569778.196403693,422221.75433919206,0.1182767,0.0130719461087804,0.000993279880285,
bt,900106,47,0.3892200500560175,9750324.0,True,catalogue_selected,0.5218792245198612,159.7207545131756,26,0,0.73,0.003996882578946,0.0,49862374.91945819,14396755.204956658,0.2887298,0.053294909512305,0.0152010085863895,
bt,900106,48,0.1171063652207222,17037034.0,True,catalogue_selected,0.8933678312309604,43.81331323414299,305,161,0.73,0.0494165254938504,0.0114486867560834,1222881.2140411094,163391.0299888985,0.1336115,0.009291133551682,0.0008819575807386,
bt,900106,49,0.1671463288833843,10522923.0,True,catalogue_selected,0.8367300573279333,182.02522096909468,35,22,0.73,0.0326698629581367,0.0043311396961167,4855001.166811791,616128.7128198623,0.126906,0.0104150743497218,0.0009189348751191,
bt,900106,51,0.240973502051662,3140094.0,True,catalogue_selected,0.6639916638337466,26.313859797768018,1280,241,0.73,0.0538378966902781,0.0002281601552844,17826802.23268623,3950287.6772246696,0.2215926,0.027538374526891,0.0041851030047565,
bt,900106,53,0.1330803222469749,10281228.0,True,catalogue_selected,0.7636981164538891,49.17414279556028,1808,1496,0.73,0.0431278574212124,0.0180613036143787,1672050.0480067828,136983.97739233784,0.08192576,0.0087473352233269,0.0012638383154911,
bt,900106,54,0.248656767259657,6082640.0,True,catalogue_selected,0.7102891597576431,63.67264990229036,73,3,0.73,0.0220729984472614,0.0001155604642233,8821597.99806986,1836243.345664256,0.2081531,0.0128877550128671,0.0019459832742389,
bt,900106,55,0.1291836422037446,7717349.0,True,catalogue_selected,0.8065285661774726,82.33201815717514,43,22,0.73,0.0703210733226654,0.0032182846985657,1703417.776047001,266753.7611886462,0.1565991,0.0131827080745681,0.0004810825010696,
bt,900106,56,0.2464115438786838,14191968.0,True,catalogue_selected,0.7497042737243773,1068.0998922314843,1,0,0.73,0.1934387005153481,0.0,13488884.344426485,3426408.394430509,0.2540172,0.0455578072591409,0.0036178196185681,
bt,900106,60,0.0957313129421109,10284603.0,True,catalogue_selected,0.8897306443537548,147.9905701953819,207,146,0.73,0.0099891584572072,0.0022233726784929,159857.84961668274,21524.444267205377,0.1346474,0.0017859120283976,0.0001605022569272,
bt,900106,62,0.2397382440447113,10009732.0,True,catalogue_selected,0.752461162714695,307.13263456812825,6,0,0.73,0.0755610699419087,0.0,6656391.520343388,1305421.562796749,0.1961155,0.0192606644389019,0.0013783470026703,
bt,900106,63,0.1782665838663263,16958572.0,True,catalogue_selected,0.8103878888464388,45.98519915167473,201,101,0.73,0.0244966760625422,0.0016253225983063,9682102.101650942,1657371.8184141226,0.1711789,0.014188693999004,0.0018506745446348,
bt,900106,64,0.1974911340002502,15720236.0,True,catalogue_selected,0.8001521950849296,385.538769323715,38,17,0.73,0.0050288016268133,0.002806572103099,779398.6153858595,87376.30109388473,0.1121073,0.001637040734263,0.0002661718561682,
bt,900106,66,0.1750070908113042,17809580.0,True,catalogue_selected,0.7670629261058874,262.3441467922373,18,8,0.73,0.062265463741042,0.0033887039197939,5844619.410270475,924771.9973494372,0.1582262,0.0162511460211748,0.0011864202910615,
bt,900106,67,0.1661956018947256,17433287.0,True,catalogue_selected,0.7544692516116601,37.735690647216686,907,357,0.73,0.0324775488046281,0.0022810186198174,3653527.6292682886,599692.19166652,0.1641406,0.0091153489387659,0.0007745406250912,
bt,900106,69,0.1855024733803402,18459454.0,True,catalogue_selected,0.807092874214701,76.99914723574052,110,50,0.73,0.0485161682182597,0.0059335518096118,5697398.656246494,824124.0129110661,0.1446492,0.0138698563207471,0.0012378459410571,
bt,900106,70,0.2209131711916241,2100817.0,True,catalogue_selected,0.677268426908254,1424.7236072062765,2,0,0.73,0.6683905735664892,0.0,8042819.848778803,1226067.219817492,0.1524425,0.1166964711821929,0.0012945596469904,
bt,900106,71,0.2862156975819026,4351947.0,True,catalogue_selected,0.5679126401269369,61.88914068165919,2952,355,0.73,0.020002943526999,0.000120971127494,10820981.482670425,1971376.5939633849,0.1821809,0.0146637142322938,0.0020890008227844,
bt,900106,72,0.1400041946776539,12157134.0,True,catalogue_selected,0.8269154186699238,44.83162212045494,446,155,0.73,0.0474093174320896,0.0039272260021455,2943189.0203234907,455813.2061952595,0.1548705,0.0107826010902411,0.0007246343247424,
bt,900106,74,0.1237220348521077,1024877.0,True,catalogue_selected,0.9077860899320842,50.96216223853821,844,628,0.73,0.0858443374859234,0.0362733527749448,1815984.112896919,201929.43001008785,0.1111956,0.0158145915107904,0.0024609550061515,
bt,900106,76,0.088464665485761,4234494.0,True,catalogue_selected,0.8872731972532311,112.76986331146492,181,149,0.73,0.0233523917574893,0.0070128391234607,241576.57054057484,27178.858143189616,0.1125062,0.0040355417165362,0.0004632606524509,
bt,900106,77,0.156960630687597,5899137.0,True,catalogue_selected,0.7622182034561914,60.650355976800086,703,372,0.73,0.0440283904858949,0.0060871430228921,1566506.0936644613,182294.91309069475,0.1163704,0.0087816806256616,0.0005696795726148,
bt,900106,80,0.195029196958557,9103635.0,True,catalogue_selected,0.8897634698553748,37.95111283524109,2085,494,0.73,0.0690123566882354,0.0020033403507947,8171171.017231908,1395241.9208173293,0.1707518,0.019799907362895,0.0015973257150112,
bt,900106,82,0.1262054999063992,4185188.0,True,catalogue_selected,0.8788748270505612,296.2851668655232,1,1,0.73,0.0132264580104589,0.0048650126069044,506130.727064913,59485.58632180154,0.1175301,0.0026756085762448,0.0003642781236084,
bt,900106,83,0.1652772252465799,9824222.0,True,catalogue_selected,0.8759632645040881,175.63948635743802,333,130,0.73,0.0499498930406526,0.0036954261338335,4285132.760729918,661986.1884735213,0.1544844,0.0126107989961016,0.0009279609493448,
bt,900106,84,0.1851185889950781,15588445.0,True,catalogue_selected,0.7956903739204182,270.0169486273753,152,82,0.73,0.1034815115198523,0.0092894429228311,5241150.054081296,698411.0117266419,0.1332553,0.0222863444611013,0.001313064140872,
bt,900106,85,0.2146542773366843,2700645.0,True,catalogue_selected,0.6525409825772595,41.10436757900438,3109,755,0.73,0.0539948678111941,0.002560445635289,8472465.957065094,1253817.2968888076,0.1479873,0.0176868838524729,0.0014825226688233,
bt,900106,87,0.0436434735603245,10279995.0,True,catalogue_selected,0.935862989143906,257.3198853700213,1,1,0.73,0.0021155876894817,0.0010058974353257,4418.549119025835,564.2599616635069,0.1277025,0.0003471534483045,6.292806805636612e-05,
bt,900106,89,0.0231559451811693,7161076.0,True,catalogue_selected,0.962833019560883,132.27776087512888,68,46,0.73,0.0009836194505255,0.0005798865470177,246.30991738515945,30.914148757228425,0.1255092,0.0001594961639558,3.596637864321262e-05,
bt,900106,93,0.1827355627967118,2016127.0,True,catalogue_selected,0.7839823728506697,36.61251046020066,413,110,0.73,0.0449812085807186,0.0027593538453848,5711312.519091869,866062.3666746484,0.1516398,0.013312280243246,0.0010854320978621,
bt,900106,94,0.1603587287187082,2116979.0,True,catalogue_selected,0.7473018213422888,32.68206130932714,164,68,0.73,0.0482030238816108,0.0015315542606148,3397085.388982446,693060.416576534,0.2040162,0.0113903451825019,0.0008266827885706,
bt,900106,95,0.1561473872634968,18052683.0,True,catalogue_selected,0.8656228822606872,42.979379111757744,671,315,0.73,0.05628862449693,0.0085175558279781,2725340.0267931703,383748.6230922101,0.1408076,0.0119900347235952,0.0009329921995284,
bt,900106,96,0.2009916044751022,14912068.0,True,catalogue_selected,0.720986548214206,175.34537635840928,20,7,0.73,0.1216442697826437,0.004400250620775,8251354.063358097,1218670.01520662,0.1476933,0.0284050399773547,0.0015594188395783,
bt,900106,97,0.1279053962749187,17869833.0,True,catalogue_selected,0.9180592230626002,27.4852817673362,10446,8658,0.73,0.0439755750563569,0.0226533943922544,936528.9916488748,74663.83987548487,0.079724,0.0081079606076431,0.001482594115502,
bt,900106,100,0.1674165129830997,9681773.0,True,catalogue_selected,0.8310098531679789,419.1725101352295,1,0,0.73,0.0872973916207463,0.0,3900251.697513179,609678.1164487734,0.1563176,0.0182505255062802,0.0006437368803687,
bt,900106,103,0.1685411696831441,15845321.0,True,catalogue_selected,0.882203204209719,38.93408877311971,824,370,0.73,0.0434023474486033,0.0044307284304619,3185520.667790212,447132.7303312872,0.1403641,0.0103897902511231,0.0007466693819405,
bt,900106,106,0.3272469430611283,15059243.0,True,catalogue_selected,0.6319089704118757,26.71672707106141,1266,131,0.73,0.0037106479262266,1.7283005575822206e-06,5606346.441115713,1380230.5178523615,0.2461907,0.0065202456987632,0.0014574421463964,
bt,900106,107,0.1294486435403312,16292792.0,True,catalogue_selected,0.8336388846776779,57.20262169377478,321,167,0.73,0.0132323311274607,0.0031080172217738,384369.5156342217,51401.22461489902,0.1337287,0.00254799614191,0.0002468666871596,
bt,900106,108,0.0520905869361423,826500.0,True,catalogue_selected,0.9672949996798248,406.7105275653722,1,1,0.73,0.0022573177624057,0.0006185708949206,17425.875753821172,2248.8916688588256,0.1290547,0.0003838317948431,4.070540702854239e-05,
bt,900106,112,0.1704430690356758,10156929.0,True,catalogue_selected,0.8564761809795339,98.8664172379715,229,108,0.73,0.0497062762219581,0.0051163697954326,4119568.760506576,640336.6483579278,0.1554378,0.0123965473915802,0.0009931533798792,
bt,900106,113,0.3491503292937234,14911000.0,True,catalogue_selected,0.4784515665587492,60.904080680169,945,7,0.73,0.0059578322173016,3.035821343136452e-08,37853921.07575477,10151174.70897434,0.2681671,0.04093307523427,0.0107182569127205,
bt,900106,114,0.1202057998249151,5863322.0,True,catalogue_selected,0.9080389017424332,136.12304068130743,1589,939,0.73,0.0483446953273095,0.0028539940635055,891973.0215585224,171569.44986585897,0.1923483,0.0087682233212043,0.000358006919437,
bt,900106,115,0.3214401414237178,17149081.0,True,catalogue_selected,0.5592687359090858,29.73352259570872,619,68,0.73,0.0363031220670924,2.5868607407049524e-05,33911658.14398274,8951847.751864696,0.2639755,0.0416831190958998,0.0094535324482449,
bt,900106,120,0.3103314316065088,1136571.0,True,catalogue_selected,0.5318560947606132,72.08434982451821,337,77,0.73,0.0200039650310972,0.0001607771405945,32737367.20372946,5064035.209212501,0.1546867,0.0378045917123155,0.005356892878544,
bt,900106,121,0.2130675576926354,2589204.0,True,catalogue_selected,0.6484353379643925,36.27156880446833,670,173,0.73,0.0540856509495296,0.0016634044088642,7276667.545116341,1195455.7447580865,0.1642862,0.0164389806276907,0.0013653140239759,
bt,900106,122,0.1893377112568038,19998581.0,True,catalogue_selected,0.6469988218797113,40.724150027141306,1964,601,0.73,0.0501672810980357,0.0018553839983346,4054658.9474002416,663568.0242516971,0.1636557,0.0124026426026003,0.0008156095533853,
bt,900106,123,0.2142798087002195,4051366.0,True,catalogue_selected,0.6674561591322793,28.59640259082292,8815,1437,0.73,0.0421416472352783,0.0003013503540926,5368283.833253078,1125504.422409426,0.2096581,0.0124903981250273,0.0012070527875345,
bt,900106,126,0.1348233530563155,15000368.0,True,catalogue_selected,0.872080657883259,86.73922090776315,514,337,0.73,0.0659332694736654,0.0170262464801605,1663223.4032636818,164278.94256553045,0.09877142,0.0124299359205513,0.0012285188524429,
bt,900106,129,0.1030420763773781,605608.0,True,catalogue_selected,0.9080761569237686,43.11057276556424,316,129,0.73,0.0403754088674369,0.0095456800482451,485379.7347561372,68286.93295679908,0.1406876,0.0070487851966975,0.0006636173200525,
bt,900106,130,0.1589180462945058,5404994.0,True,catalogue_selected,0.8175225365144898,218.3432081256031,67,30,0.73,0.040857794394869,0.0019603930424836,2869329.2733185277,488626.183867024,0.1702928,0.0096440029247012,0.0006374019252524,
bt,900106,131,0.2221942185035355,8527908.0,True,catalogue_selected,0.6864490223296402,41.84865195961499,687,194,0.73,0.0786513848130895,0.0035757201973666,9503926.34200903,1586809.8657350922,0.1669636,0.0227675571779406,0.0018970307312255,
bt,900106,132,0.1659773853079364,14154812.0,True,catalogue_selected,0.7498963382746879,43.64152405130391,243,130,0.73,0.0621937133509409,0.0065958666625649,5282877.269820231,804173.6729474725,0.1522227,0.01564640746853,0.0012578226641929,
bt,900106,135,0.0646977692109201,12785288.0,True,catalogue_selected,0.9546347345551152,309.9688163411626,483,272,0.73,0.0365125017240536,0.0109278694311941,85453.3988725947,7256.626529216831,0.08491911,0.0060011596160412,0.0006848275559328,
bt,900106,137,0.1131633469080779,4823013.0,True,catalogue_selected,0.9353455036201006,242.8632944675712,1,1,0.73,0.0739469589975552,0.0084350894290737,504988.1103290173,96504.4810520348,0.1911025,0.012504316956211,0.0006245914071925,
bt,900106,138,0.204188579099126,13259996.0,True,catalogue_selected,0.6995497812190672,167.2950711855289,60,8,0.73,0.0991006420581464,0.001702456469648,9139016.218908455,1414298.1296285584,0.1547539,0.0256927493505594,0.0015988016470145,
bt,900106,139,0.3063968474353262,2774967.0,True,catalogue_selected,0.4717059020118591,41.20168431488087,2913,184,0.73,0.0083287625206227,3.975534967190566e-06,16945851.683905665,3560669.235307627,0.2101204,0.0192408324940352,0.003759827093577,
bt,900106,144,0.2442754910519093,1888626.0,True,catalogue_selected,0.658674468944971,299.25833132273544,11,1,0.73,0.1059819495990723,9.416853163718721e-08,16213605.493690832,3198464.6931877467,0.1972704,0.0342765505411034,0.003377148015786,
bt,900106,146,0.1898507583442234,1421948.0,True,catalogue_selected,0.7546167541112709,29.136612384683108,1263,243,0.73,0.0630402739772857,0.0025060345080195,6834837.764961051,1091008.2852700818,0.1596246,0.0174221138635159,0.0013072468875121,
bt,900106,149,0.2382526199262103,19299408.0,True,catalogue_selected,0.7337651000321376,25.570784732018428,2789,788,0.73,0.0498155898970779,0.0012105243879215,13378096.74830463,2415115.5109109213,0.1805276,0.0221899858785867,0.0026250447301039,
bt,900106,152,0.181418916066633,2825330.0,True,catalogue_selected,0.7524458946810411,36.03391003064969,1035,235,0.73,0.0666864044271263,0.0030700525699789,6768557.741076166,1056348.834363434,0.156067,0.0179423956321835,0.0013056016554041,
bt,900106,154,0.2238234980855137,3279785.0,True,catalogue_selected,0.748867352110622,32.42133517253814,464,164,0.73,0.0499113624420398,0.0018294714731555,10730144.94062635,1881149.8998218656,0.1753145,0.0194096145865312,0.0020996041176239,
bt,900106,156,0.2774593579745355,18479078.0,True,catalogue_selected,0.6217865115871529,40.54155643177327,550,73,0.73,0.0372206895042317,7.873117364986245e-05,19641033.25147242,4150249.669609684,0.2113051,0.0267638299769187,0.004386975935372,
bt,900106,157,0.1468569933774193,18225053.0,True,catalogue_selected,0.7631962684453182,41.01798535431967,959,330,0.73,0.0581874481284298,0.0029478357452198,5636226.035845484,986980.7908491774,0.1751138,0.0153709296469575,0.0012247850784398,
bt,900106,159,0.1828929977854201,20524967.0,True,catalogue_selected,0.8529888874424969,81.0042129356557,147,69,0.73,0.0588971880750815,0.0077512785639788,6698415.699867525,752518.97107934,0.1123428,0.0166073552761027,0.0012748795747131,
bt,900106,162,0.135607224918854,2573283.0,True,catalogue_selected,0.9303690188649898,235.85577567934249,4,1,0.73,0.0128476037870612,0.0013510490535275,1919107.1013133968,276944.8556411001,0.1443092,0.0041061868630726,0.0003761362113693,
bt,900106,163,0.04241230590072,16949324.0,True,catalogue_selected,0.9425412593420568,336.9278731502751,9,8,0.73,0.002757032827057,0.0023899787518504,8707.325355626588,920.182761778018,0.1056792,0.0004555240215543,0.0001490710209815,
bt,900106,164,0.1599804422456955,20300606.0,True,catalogue_selected,0.8508954975694124,52.753665792750354,110,34,0.73,0.0370078144447849,0.0021453588129277,3273894.197298146,454429.5507771704,0.138804,0.0094479030714769,0.0006127566924712,
bt,900106,165,0.2442291717695845,13518855.0,True,catalogue_selected,0.5220648252881186,26.00916506713656,1763,418,0.73,0.0176345981591438,0.0004806844833646,4698364.82414546,706423.3220754882,0.1503551,0.0078156601979396,0.0007756731124552,
bt,900106,167,0.2022956459362114,12325870.0,True,catalogue_selected,0.718158607290373,111.25612981195296,1047,433,0.73,0.0617737959938711,0.005327677344297,8616249.167615619,1070654.0471117916,0.1242599,0.0190980137024152,0.0014606038833284,
bt,900106,168,0.174961794748761,14587482.0,True,catalogue_selected,0.8225273300614045,76.8587807997609,263,80,0.73,0.0698644640504575,0.0059432126961278,4072220.003110287,557986.7285884914,0.1370227,0.0156099204060169,0.0009574399466047,
bt,900106,170,0.0763102733305311,16132503.0,True,catalogue_selected,0.9284744724839138,57.38360026281263,36,28,0.73,0.0060882973948223,0.0013931027059214,24325.22181910276,3363.234645304025,0.1382612,0.0010113058377596,8.987729079056744e-05,
bt,900106,171,0.1193398463798918,7918606.0,True,catalogue_selected,0.8266286080517468,37.805938309878265,64,34,0.73,0.0201490046436925,0.0017495802488805,763827.00790121,135229.0825235605,0.1770415,0.0040683772644486,0.0002511994159886,
bt,900106,172,0.257960534365036,6944530.0,True,catalogue_selected,0.6401066040367528,40.06061164225432,523,115,0.73,0.0236845554191184,0.0003101434489035,6053894.804488406,1038706.2725002082,0.1715765,0.0102263297699025,0.0011159506679974,
bt,900106,173,0.245031609135843,19640464.0,True,catalogue_selected,0.6695300346486353,56.381399409447326,91,16,0.73,0.0365969754138715,0.0004506256818718,14913287.351936638,2472347.3080758317,0.1657815,0.0216710037944359,0.0026383851743737,
bt,900106,174,0.1379274123333356,5421787.0,True,catalogue_selected,0.8452173104499278,50.66162544224554,288,140,0.73,0.0101466945574563,0.0020573126952262,383701.9898217703,47942.21466965585,0.1249465,0.0020477640791436,0.0001781056043019,
bt,900106,175,0.2076704476330302,18521568.0,True,catalogue_selected,0.7431750087060727,21.27149176432157,21946,5564,0.73,0.0734597032981767,0.0012372687864286,8207299.967367512,1757526.0770414944,0.2141418,0.0205580262384124,0.0019323773035045,
bt,900106,176,0.1130363115591994,9249129.0,True,catalogue_selected,0.9188474416848038,62.94310551927204,137,88,0.73,0.0184152027039888,0.0037326799712027,593788.3348514701,68722.23557115282,0.1157352,0.0036081580655982,0.0003038636880504,
bt,900106,180,0.0224047661374929,34573.0,True,catalogue_selected,0.9782192095068912,181.85607616538803,1,1,0.73,0.0018692093785935,0.0009151213611148,162.05173353837446,16.725599989774018,0.1032115,0.0003027734988818,5.672483993218822e-05,
bt,900106,181,0.208926215193541,13656543.0,True,catalogue_selected,0.6902451151454522,30.98684430242267,829,97,0.73,0.0668352951668023,0.0007367310637115,8729773.3901586,1645624.6966852746,0.1885071,0.0200372752955755,0.001783207976933,
bt,900106,183,0.0878329849490301,1401267.0,True,catalogue_selected,0.9459036798427654,56.71655723574097,1046,645,0.73,0.0321944297894148,0.0069705478445623,477764.7843540337,58309.07017328961,0.1220456,0.0057163432668166,0.0004935092506551,
bt,900106,184,0.274564288905356,17773008.0,True,catalogue_selected,0.6961793395721225,40.42774537739192,272,39,0.73,0.0324680057083889,0.0001085371366891,19983194.212535404,5215981.844422989,0.2610184,0.0263557032195377,0.0055140906391962,
bt,900106,186,0.1984366109949333,14504537.0,True,catalogue_selected,0.5952906627694898,43.76596561426361,5331,2568,0.73,0.0451939836230806,0.0033081220727316,6127812.979239432,841710.4435481606,0.137359,0.0137864935903026,0.0010937252242109,
bt,900106,188,0.3184117055844263,11291682.0,True,catalogue_selected,0.6694705423407414,31.56623742787377,1376,165,0.73,0.0240394185071594,4.998413922214072e-05,31016243.215698466,6120665.924473325,0.1973374,0.0366406108025789,0.0064656852095858,
bt,900106,191,0.0782748349310421,17377593.0,True,catalogue_selected,0.95076783749586,86.5913918708544,267,214,0.73,0.0372653794575859,0.016359207672734,176523.33118368682,18926.9147284676,0.1072205,0.0062191988357173,0.00103371266131,
bt,900106,193,0.1729710412457729,8687637.0,True,catalogue_selected,0.7405771436977892,37.56292612523079,2763,672,0.73,0.075558278866,0.0036300458344197,7617860.288232002,1170852.952134956,0.1536984,0.0202753923923661,0.0014612033895643,
bt,900106,194,0.2354152024396687,9464263.0,True,catalogue_selected,0.7452333555302153,22.81894866458904,11787,2740,0.73,0.0317188942189068,0.0004374977545349,10144094.499162104,1909931.980589589,0.1882802,0.0158456846992212,0.0020437378524023,
bt,900106,196,0.1423914901568535,19787982.0,True,catalogue_selected,0.8070072492705911,59.482550338857074,76,32,0.73,0.029235414364044,0.004879856787377,1845493.54161299,254960.96809671263,0.1381533,0.0066814493484705,0.0005715932947001,
bt,900106,198,0.2285474457378088,6437910.0,True,catalogue_selected,0.7360106613731036,33.35326184303668,6096,1584,0.73,0.0526412104415257,0.0008178835856541,12729154.356830332,2525135.807498197,0.1983742,0.0219622250790962,0.0027168804372097,
bt,900106,199,0.1331683914269449,19831349.0,True,catalogue_selected,0.8767389606380248,78.25123349679926,106,55,0.73,0.0437947713532947,0.0039686491096741,1645510.645528638,225475.1772923305,0.1370244,0.0088272785372123,0.0004839956625319,
bt,900107,0,0.2556291879790998,9620846.0,True,catalogue_selected,0.6426251697520055,270.0169486273753,226,79,0.73,0.0671875274685106,0.0014743794987153,16763684.88513021,2724584.360000125,0.162529,0.0285770114933664,0.0029681518652814,
bt,900107,2,0.1860413794926876,15998454.0,True,catalogue_selected,0.8756541018106874,195.50814959276823,4,1,0.73,0.0409557259238294,0.0002827775601455,2040868.062338208,456605.2533101509,0.2237309,0.0087851148869149,0.0004996356608528,
bt,900107,5,0.2503238440656496,10515726.0,True,catalogue_selected,0.6345299060113709,31.58347992526133,1120,374,0.73,0.0676334916041128,0.0024615813634477,13913973.439564608,2061563.413434396,0.148165,0.0256403013441487,0.0023292660177863,
bt,900107,7,0.1699557914645821,4091300.0,True,catalogue_selected,0.7813849093471658,105.57418855638647,187,138,0.73,0.0501233475805548,0.0125678981775397,4579968.871387543,441686.12641840894,0.09643867,0.0129501858813406,0.0012451532163857,
bt,900107,8,0.2096337648116868,10079978.0,True,catalogue_selected,0.5948858790439593,37.27099610751073,3930,1502,0.73,0.0513197073327901,0.0035759466357182,8360316.233191576,1097006.3005791046,0.1312159,0.0171353929193748,0.001379879047872,
bt,900107,9,0.1631839228462999,5433425.0,True,catalogue_selected,0.8503553305105274,53.67491329815188,316,123,0.73,0.0211618158244324,0.00094596098037,3931494.4869146096,683097.2539854695,0.17375,0.0075769636724427,0.0007798756829227,
bt,900107,10,0.2766644152363796,3959455.0,True,catalogue_selected,0.6888444106191577,37.67014201296301,864,267,0.73,0.0364841320576401,0.0007707213974727,18979769.52779844,2637594.0328890486,0.1389687,0.025946385992329,0.002832698482783,
bt,900107,11,0.3078258489254123,8081843.0,True,catalogue_selected,0.5807088536465452,1068.0998922314843,2,0,0.73,0.6010417342084856,0.0,27916434.475448817,8547669.814727725,0.3061877,0.1267773331663889,0.0090251727140963,
bt,900107,12,0.1102517611393626,19375373.0,True,catalogue_selected,0.8775000329630482,321.40781546179966,3,2,0.73,0.0363711621283088,0.002936153982843,510425.44951046986,70865.54426501838,0.1388362,0.0064269909287664,0.0002567685301449,
bt,900107,14,0.1458130398373872,11053670.0,True,catalogue_selected,0.8556213953294235,48.41364041814112,315,141,0.73,0.0485736978500316,0.0066713838752319,2348025.95380353,326857.8933051354,0.1392054,0.0103426892305557,0.0007585219094225,
bt,900107,17,0.3452087746745704,14411043.0,True,catalogue_selected,0.5835507965546765,262.3441467922373,7,0,0.73,0.0048692528311436,0.0,40092705.474446416,10745401.831503186,0.2680139,0.0431206981650176,0.0113456777711028,
bt,900107,20,0.0875564034932361,7386014.0,True,catalogue_selected,0.9012191136787668,55.09976599758209,2800,1944,0.73,0.0042802410268364,0.0017117020916647,66013.02126670981,6687.521702444504,0.1013061,0.0007626200028431,0.0001131298817291,
bt,900107,22,0.3028713975693431,15305383.0,True,catalogue_selected,0.5806551338873551,589.8166147157915,9,0,0.73,0.0248668987449392,0.0,17030859.098271877,4096522.431477656,0.2405353,0.0220079129834477,0.0043253685826226,
bt,900107,23,0.1639214777355194,11281122.0,True,catalogue_selected,0.8402444282688071,39.48156178990438,240,88,0.73,0.066490346395416,0.0020638436071786,3788839.2923799446,743346.1169552817,0.1961936,0.0147644802063601,0.0009127619143989,
bt,900107,24,0.1965239065372948,6443028.0,True,catalogue_selected,0.8020386323943155,336.9278731502751,63,24,0.73,0.048624287889651,0.0046902582924533,5590556.195243605,771205.2091387298,0.1379479,0.0137745485314164,0.0011049279349502,
bt,900107,25,0.2775616209957842,6522347.0,True,catalogue_selected,0.6414412225190369,93.39711387004137,521,53,0.73,0.0283138842135544,4.0214377815386336e-05,11466718.399510844,2572552.6257859627,0.2243495,0.0166909650788532,0.0027187564215006,
bt,900107,27,0.2167036504400961,11003661.0,True,catalogue_selected,0.8248277121652546,1424.7236072062765,0,0,0.73,0.0,0.0,11480295.675571686,1729404.2473966838,0.1506411,0.0121216253700398,0.0018260148512468,1.0
bt,900107,28,0.2514843225360177,7503775.0,True,catalogue_selected,0.6513742579561633,89.4837444172793,86,7,0.73,0.1144771605655048,0.0002134535103089,15943649.270837933,3580706.6270502945,0.2245851,0.035366785538511,0.0037939645329114,
bt,900107,32,0.2322498100544122,11815062.0,True,catalogue_selected,0.6709634831820603,57.20758250655379,128,25,0.73,0.0295036529122144,0.000320971714909,16252110.144640973,2974584.547225269,0.1830276,0.0219362948024982,0.0031606449053803,
bt,900107,34,0.207996107163395,10426407.0,True,catalogue_selected,0.7037978319293156,26.08580396188806,8341,1595,0.73,0.059611105809617,0.0003724864982842,9034139.101031294,2160820.5577322585,0.2391839,0.0191891350495047,0.0023046134056928,
bt,900107,35,0.1624962785292202,10132825.0,True,catalogue_selected,0.8277626921055896,994.9974612426676,161,101,0.73,0.1192996372512028,0.0288571385410274,4829250.591010599,623929.0334414536,0.1291979,0.0244121981153537,0.0024469696225932,
bt,900107,36,0.1089880828269368,1226052.0,True,catalogue_selected,0.9158568942825897,56.8469088260637,179,118,0.73,0.0303851347978105,0.0070721706548742,798120.3353389975,96073.77898257936,0.1203751,0.0057616920259719,0.0005396808734628,
bt,900107,37,0.2157786698877978,9942435.0,True,catalogue_selected,0.7166864475046018,56.016846939707335,1216,265,0.73,0.047676317713498,0.0010067821446285,11209355.41432805,2012506.387865601,0.1795381,0.019553768729212,0.0021873191821871,
bt,900107,38,0.1999642243786744,15352717.0,True,catalogue_selected,0.6712749575357737,24.338653748314044,4171,815,0.73,0.0357484857194563,0.0002216828407232,4454805.559400901,1199568.0507635549,0.2692751,0.0104909142039341,0.0012803171265194,
bt,900107,39,0.3441020031276065,8777059.0,True,catalogue_selected,0.5317666376879907,22.39444236424024,250,17,0.73,0.0082403801027693,1.2890572670087689e-06,32258221.91620993,9969316.11419035,0.3090473,0.0353942975389069,0.0105263170548105,
bt,900107,42,0.0840373470445101,18516611.0,True,catalogue_selected,0.9473412760565564,86.73922090776315,166,134,0.73,0.027011849714412,0.0125302168131088,260948.6179190642,24760.63941906056,0.09488703,0.0046484179446493,0.0008026018101666,
bt,900107,43,0.1713454736094076,20027720.0,True,catalogue_selected,0.7717283915137835,406.7105275653722,7,2,0.73,0.1488592219096779,0.0063600797479286,3974586.6606555134,627597.9351666077,0.1579027,0.0282951289491207,0.0010567718143793,
bt,900107,44,0.2508714450933044,6484154.0,True,catalogue_selected,0.7063809744192047,22.15621811022864,20373,6630,0.73,0.0332715987567048,0.0011730913693782,10868935.238189816,1277477.071181019,0.1175347,0.0168623816793934,0.0014215341999625,
bt,900107,45,0.1457774124229959,14612748.0,True,catalogue_selected,0.8403981875071882,34.2636425352316,3126,1577,0.73,0.0206994994900719,0.004000264476441,832849.9168208644,92417.07378683424,0.1109649,0.0042303744944149,0.0003454635697871,
bt,900107,46,0.12459114018205,13230518.0,True,catalogue_selected,0.8124624666671756,181.85607616538803,13,7,0.73,0.029705926910072,0.0056153616132239,586046.6264869765,68371.3189627704,0.1166653,0.005427815590365,0.0004201570021795,
bt,900107,49,0.0818934514439771,159568.0,True,catalogue_selected,0.9444547387134296,168.38847835559497,194,140,0.73,0.0075629189482583,0.0027980770284926,30078.19323513752,3548.746283949321,0.117984,0.0012561035875509,0.0001771349863734,
bt,900107,50,0.3204566784708365,9251469.0,True,catalogue_selected,0.5564694975358773,39.6500020333033,1722,73,0.73,0.0302286706062987,3.884241884786354e-06,32993822.719527356,9111080.417166771,0.276145,0.0397306299222494,0.0096202981085922,
bt,900107,52,0.2718976416485427,2084922.0,True,catalogue_selected,0.5873200672878846,81.0042129356557,191,52,0.73,0.0601284408387586,0.0012344919850786,22062493.171736788,2975065.947801788,0.1348472,0.0330290490865738,0.0032177611641193,
bt,900107,55,0.1731801122814633,11662948.0,True,catalogue_selected,0.9024506972479572,25.04339716979037,1187,306,0.73,0.0465587570976885,0.00103675622314,3351943.842804124,764027.1329545479,0.2279355,0.0110764949623009,0.0008709528839566,
bt,900107,57,0.2121687529831099,20649095.0,True,catalogue_selected,0.619043923725748,125.25829128233202,391,145,0.73,0.1219014556276224,0.0082806101108498,10313326.081347829,1140776.698410931,0.1106119,0.0306238362827518,0.0017176277481177,
bt,900107,58,0.1796692216168224,3430108.0,True,catalogue_selected,0.7139488836036062,41.094993660015405,1821,345,0.73,0.0539836455588549,0.0006030046040287,7185450.979480699,1585964.1371335334,0.2207188,0.0163261549446588,0.0017119279624095,
bt,900107,64,0.0911851185984564,18667365.0,True,catalogue_selected,0.8916129826419292,111.25612981195296,452,351,0.73,0.0233126285703198,0.0088141133479548,212038.8008295644,21702.93140239744,0.1023536,0.0039979166839666,0.000569098094849,
bt,900107,68,0.2007497910727742,12526299.0,True,catalogue_selected,0.8162743375952144,45.67232916500112,183,55,0.73,0.0556400946628127,0.002672877643347,9234551.917748122,1420614.1788826569,0.1538368,0.0187578849471307,0.0016656044676757,
bt,900107,69,0.2228641630048171,15787850.0,True,catalogue_selected,0.8121654463295752,55.25887968801057,1167,283,0.73,0.0478489358565921,0.0005231598131327,9760822.287325695,1960030.7196546595,0.2008059,0.0180522602369389,0.0021019434904111,
bt,900107,71,0.1891277959341427,6114638.0,True,catalogue_selected,0.7285852747888104,35.932677014138896,6272,1820,0.73,0.0507056373326611,0.0034171318914919,3509295.5431087487,525646.3989534862,0.1497869,0.011913966644552,0.0007667597245561,
bt,900107,72,0.2050583120427302,19752611.0,True,catalogue_selected,0.7361428133122381,36.385089987755386,7118,1445,0.73,0.0492431254352592,0.0005435632656596,8873088.82118144,1761733.6153151905,0.198548,0.0173406372901683,0.0018938331498816,
bt,900107,73,0.1247787230623224,15345241.0,True,catalogue_selected,0.8896747086232911,203.25443419761925,47,31,0.73,0.057638872062545,0.0109842025640626,966065.140340495,114449.88914139042,0.1184702,0.0103510693068977,0.000801499797504,
bt,900107,74,0.2556855433525893,6564833.0,True,catalogue_selected,0.6612863698756694,29.77771820152289,254,66,0.73,0.0245487450660919,0.0001151483321553,21965930.128337268,5040712.014805499,0.2294787,0.0271671692054564,0.0053294392953434,
bt,900107,76,0.1715487732607274,6278690.0,True,catalogue_selected,0.7020407652174391,177.0123020948896,14,8,0.73,0.0123094650305015,0.002912690221976,1348506.083332552,143068.63959343825,0.1060942,0.0034165919082644,0.0003315511691866,
bt,900107,78,0.289805920333881,16593991.0,True,catalogue_selected,0.6028551685759173,45.14538314775778,473,159,0.73,0.0269671955782289,0.000572328856353,28704280.480173424,4016055.0298182224,0.1399114,0.0346734653998101,0.0042758714001946,
bt,900107,80,0.0546509823625885,20807299.0,True,catalogue_selected,0.9397291904316356,75.18426845986467,58,50,0.73,0.0096119974601138,0.0024848034093487,37161.27868397984,5856.970094086186,0.1576095,0.0015953033909825,0.0001601595791022,
bt,900107,83,0.0776215808436919,1326839.0,True,catalogue_selected,0.9416240715702612,667.3384720182261,1,1,0.73,0.1416215854978716,0.0793164946408246,153502.1826251021,20484.791536901583,0.1334495,0.0230888994411982,0.0049366217649186,
bt,900107,84,0.2065135532877172,14827619.0,True,catalogue_selected,0.734804975338697,132.27776087512888,227,59,0.73,0.0331994927903955,0.0010401625052708,8091355.612018741,1430443.5269350724,0.1767866,0.0139179636021335,0.0015748087181412,
bt,900107,85,0.2143228702684967,3856377.0,True,catalogue_selected,0.6088239127832543,52.52887104039452,456,140,0.73,0.0508183048589034,0.0024449713788764,7977014.237038725,1102676.2000918947,0.1382317,0.0166495073284338,0.0013157827238725,
bt,900107,91,0.1563728393134844,8725076.0,True,catalogue_selected,0.8704459858333671,191.1097339359392,282,157,0.73,0.0673336487230414,0.0055800562209034,3370014.349119233,508296.0337907978,0.150829,0.0144587786776281,0.0008824696952269,
bt,900107,92,0.1136202222806946,17861942.0,True,catalogue_selected,0.8544518156472697,58.28146309644613,179,118,0.73,0.0521062351054391,0.0205412753126624,1421238.3457322523,151621.06990978247,0.1066824,0.009936003070326,0.0014329690996645,
bt,900107,98,0.265757524157949,14785275.0,True,catalogue_selected,0.5755587016847854,419.1725101352295,3,0,0.73,0.058206927985114,0.0,5592128.152386999,1190766.4678125577,0.2129362,0.0153275218538603,0.0012572868708201,
bt,900107,99,0.1176334979670869,7844414.0,True,catalogue_selected,0.928458843842146,57.55377213721637,330,231,0.73,0.0647801306253157,0.0077947457570537,1006848.7514171175,153318.7927995556,0.1522759,0.0115502146372391,0.0006448994916388,
bt,900107,101,0.0773562129209909,899536.0,True,catalogue_selected,0.9395988172417402,410.73417578029085,2,1,0.73,0.0631209930189951,9.900250828309453e-05,165095.02122789173,30282.700366275934,0.1834259,0.0103928432683003,3.810927121817769e-05,
bt,900107,102,0.1031365389640634,11615798.0,True,catalogue_selected,0.903611874875668,43.76596561426361,2149,1518,0.73,0.030218419246967,0.0085701337949621,537323.4874332311,60615.27135304101,0.1128096,0.0054593369172587,0.0005950655727756,
bt,900107,103,0.0916199757971653,265960.0,True,catalogue_selected,0.9210006395293834,81.36575516946877,5,4,0.73,0.0039301284532636,0.00125011126403,317408.64366312017,41969.87813891181,0.1322266,0.0009713804770945,0.0001217799092155,
bt,900107,104,0.1057718129160347,15661895.0,True,catalogue_selected,0.9382391711985802,53.95973124952943,555,411,0.73,0.0333019629807831,0.0155605314944152,303860.2707349601,29731.42177902224,0.0978457,0.005712020065892,0.0009956293062846,
bt,900107,105,0.1614915629533646,12506037.0,True,catalogue_selected,0.7474064465867171,386.9752492241015,11,5,0.73,0.0369377158254223,0.0013580430863194,2110152.853910211,321996.8725820016,0.1525941,0.0082078029247991,0.0004241383905504,
bt,900107,106,0.1499885336701304,16870545.0,True,catalogue_selected,0.7538518247013932,68.45264056268448,61,27,0.73,0.0190790261136616,0.0022844324916053,460098.53345384815,57596.415797501366,0.1251828,0.0035744648642105,0.0002023730193955,
bt,900107,108,0.1204744465118881,10717847.0,True,catalogue_selected,0.8667314108331302,158.93501165546587,78,60,0.73,0.0748339783319213,0.0233037602681241,1249068.4907986452,125376.1097946236,0.1003757,0.0134335619874455,0.0015764404700759,
bt,900107,112,0.2001835260060807,15763330.0,True,catalogue_selected,0.6516300164702136,76.5531063365683,1383,392,0.73,0.0332724016833278,0.0008442195005246,4749348.727213187,808829.4074962382,0.1703032,0.0104010635264626,0.0009063270786326,
bt,900107,113,0.2435753572622722,7229650.0,True,catalogue_selected,0.5938433886371246,47.68923441531515,115,28,0.73,0.0096539060022531,6.775059698418463e-05,7066002.239789298,1372957.5892443648,0.1943047,0.0090235846159094,0.0014538541195688,
bt,900107,116,0.1211848581982982,15631332.0,True,catalogue_selected,0.8351471153007356,240.17064418255305,8,6,0.73,0.0609798218958886,0.0242042815005679,810172.8071245597,114326.33130943474,0.1411135,0.0107273276561398,0.0016205758682285,
bt,900107,118,0.2378356689268873,3681700.0,True,catalogue_selected,0.7026484562059756,299.25833132273544,13,1,0.73,0.06488718323309,3.402407618402063e-07,14747605.278936232,2853223.6201220057,0.1934703,0.0260759086754475,0.0030126358104297,
bt,900107,119,0.20772897091668,17771685.0,True,catalogue_selected,0.7238837875210257,43.69612729510705,738,246,0.73,0.0754401347238309,0.0053413789523518,8574809.430805596,1237417.596975908,0.1443085,0.0212666739718661,0.0016375324769912,
bt,900107,120,0.1420067845892206,9999498.0,True,catalogue_selected,0.8205973749789381,275.550638566041,42,24,0.73,0.0511129140338651,0.0036302129818146,2157751.872081609,316457.4456761599,0.1466607,0.0105528541632649,0.0005590887026656,
bt,900107,121,0.2303305161700601,19237449.0,True,catalogue_selected,0.6421557760397276,50.79143476226123,47,7,0.73,0.0325260487816545,0.0003472427510613,10461960.54520658,2366427.805171889,0.2261935,0.0163119764235116,0.0025201423218546,
bt,900107,122,0.2108147945102703,6918571.0,True,catalogue_selected,0.7031817543559875,38.93953624261341,1031,361,0.73,0.0619266830633837,0.0023765872463624,11413624.063640838,1705136.3384486877,0.1493948,0.0220764103666632,0.0019476608558322,
bt,900107,123,0.2115580961993302,10744484.0,True,catalogue_selected,0.7923692702538103,60.904080680169,1382,468,0.73,0.0481656064732829,0.0019564439304799,10080802.012100236,1751945.964198601,0.1737903,0.0184413802979583,0.0019710504778144,
bt,900107,126,0.1411257806902131,1674331.0,True,catalogue_selected,0.9041096703284022,133.21207702628178,50,34,0.73,0.0582691589817871,0.0113062097826834,2510361.1271552187,325775.63543747255,0.1297724,0.0120836709293457,0.0010445847134074,
bt,900107,129,0.1474667651037366,19113115.0,True,catalogue_selected,0.8248081878280047,42.7352180757756,319,142,0.73,0.0395246460361614,0.0070281556729426,2751346.607286562,376042.7218627512,0.1366759,0.0093036087342387,0.0008325623967958,
bt,900107,130,0.2111896306005057,19561914.0,True,catalogue_selected,0.7079841196417069,309.3830615536255,36,15,0.73,0.1957887729014651,0.0104645045076326,10327769.596727053,1152116.154696595,0.1115552,0.0426005498237837,0.0018649297034025,
bt,900107,131,0.114653929612496,6450061.0,True,catalogue_selected,0.8496454308917187,47.8115418229536,312,236,0.73,0.0188802866318623,0.00727320409497,501567.5754621204,45920.49816343392,0.09155396,0.0035860769939774,0.0004991832612204,
bt,900107,132,0.2529820819920092,4020457.0,True,catalogue_selected,0.6288588294557331,24.3837068869272,18163,5195,0.73,0.0356057392888962,0.0006098636308771,12894793.526329808,2198127.1080822954,0.1704663,0.0193792806625796,0.0023587135422172,
bt,900107,133,0.1705692816008636,7987104.0,True,catalogue_selected,0.7993247243669056,64.86803080311213,91,20,0.73,0.0540424978679764,0.0025392530101808,4214120.879389592,735094.8178012855,0.1744361,0.0131983633716907,0.0009335092875915,
bt,900107,135,0.2580922817921016,11314528.0,True,catalogue_selected,0.6857448435692184,63.52557887928698,1077,158,0.73,0.0410913966142327,0.0002032445702332,19009704.064340908,3911025.79194218,0.2057384,0.026723853194226,0.0041421038723717,
bt,900107,136,0.1914843082910358,11587648.0,True,catalogue_selected,0.8983131173781043,58.51975449692943,182,53,0.73,0.0420402760510965,0.0006954108688314,7448294.059032532,1566831.855888301,0.2103612,0.0146701942688916,0.0016974530089713,
bt,900107,141,0.1152313257784775,18765307.0,True,catalogue_selected,0.926721570302963,126.11322204528734,66,47,0.73,0.0268545361577689,0.0094100500624337,806798.7771408373,91694.06486986078,0.1136517,0.0051992940511524,0.0006799274949002,
bt,900107,142,0.2029560872940255,6789711.0,True,catalogue_selected,0.747559846134195,35.16017907277117,522,208,0.73,0.0091150343111516,0.0003481361801388,1303494.655395273,174834.46606413924,0.1341275,0.0028519262798858,0.0002061742336187,
bt,900107,143,0.0421202837673002,10289133.0,True,catalogue_selected,0.9454130066732552,117.03167360854296,26,20,0.73,0.0012731569949803,0.0003909441893668,6070.652438480935,632.1594646348804,0.1041337,0.000212518501855,2.48930505814466e-05,
bt,900107,144,0.3608163741508451,9593694.0,True,catalogue_selected,0.4823895215098358,39.54980590001722,1182,11,0.73,0.0048490928480989,6.772450064123768e-08,29664155.140251186,8637814.30034051,0.2911869,0.0321063086728158,0.0091203571844013,
bt,900107,145,0.1035083521169443,1263792.0,True,catalogue_selected,0.9189952221195072,122.19849211982591,22,12,0.73,0.0420463673809962,0.0029743806831652,347433.43570708064,53831.43262283541,0.1549403,0.0071736407089373,0.0002411516209797,
bt,900107,146,0.1086483700591017,17733442.0,True,catalogue_selected,0.9235851576794174,40.147921652622415,2301,1319,0.73,0.0539996549513385,0.0074240757556318,872841.5612866731,145324.65144154467,0.166496,0.0096634926889546,0.0006134895203452,
bt,900107,150,0.2704137085048248,10318918.0,True,catalogue_selected,0.6807004159696088,35.22652230163095,647,88,0.73,0.0693455592971516,0.0001805438865619,18005153.5702164,4271171.99003132,0.2372194,0.0302371922419961,0.0045209624141196,
bt,900107,151,0.152307802462304,8383640.0,True,catalogue_selected,0.9084130038609056,30.19445188129401,7100,2744,0.73,0.0642576042109316,0.0054210442431039,2058865.316859405,330962.0930672398,0.1607498,0.0125764098404698,0.0006853757868997,
bt,900107,153,0.2022484942529167,8856878.0,True,catalogue_selected,0.7283226991497312,48.540378510003386,172,60,0.73,0.040036092967229,0.0025742561322582,6477748.860996549,1027901.6294241633,0.1586819,0.0133209779974924,0.001244842350464,
bt,900107,154,0.2528584358796945,18366780.0,True,catalogue_selected,0.5173592271624595,26.929043310666945,816,109,0.73,0.0533327124790179,8.449582060717795e-05,15378266.067737166,3892639.346475704,0.253126,0.024871271305178,0.0041153318104933,
bt,900107,155,0.1363390496407751,17529378.0,True,catalogue_selected,0.8110451876920196,385.538769323715,31,25,0.73,0.0627323794557698,0.0614217877536621,1868427.1221042783,189940.2289609749,0.1016578,0.0121284176547727,0.0040066651206768,
bt,900107,157,0.2871676991499869,11324236.0,True,catalogue_selected,0.660355432250693,32.68206130932714,152,8,0.73,0.03944877309132,3.439089641117945e-06,29186505.37320565,8921967.678981943,0.3056881,0.0372032455332397,0.0094205932830344,
bt,900107,158,0.2266313363893007,3054799.0,True,catalogue_selected,0.6568316942297042,257.6790023132774,132,62,0.73,0.0711180132938347,0.0036981273994829,12319617.770875065,1376867.241822759,0.1117622,0.0245209812840507,0.0016829451615841,
bt,900107,159,0.2437809605375432,15002583.0,True,catalogue_selected,0.6172222287499841,37.56237489029062,1519,356,0.73,0.0270870893757897,0.000624209334179,8826189.94950586,1444871.6502592398,0.1637028,0.0137043241736551,0.0015642675431177,
bt,900107,160,0.1385037732602033,6248382.0,True,catalogue_selected,0.898266076900804,37.80400954121356,336,157,0.73,0.0116793358029796,0.0024941540040081,253947.20487307783,33758.09592453032,0.1329335,0.0021588768192241,0.0001901987867678,
bt,900107,161,0.1558584247925196,9187772.0,True,catalogue_selected,0.8410873316087146,67.58698696413336,61,26,0.73,0.0361909187942585,0.0021312603995998,3605927.751841484,562123.3668534013,0.1558887,0.0096662396609496,0.0007255930297512,
bt,900107,162,0.2986484563456999,2211231.0,True,catalogue_selected,0.5726721183500899,39.70978183113083,1328,42,0.73,0.0147825368602794,4.461802757181699e-07,37299427.01633731,9592312.260918131,0.2571705,0.0417762181525202,0.0101282002098872,
bt,900107,163,0.2173592753464977,8840910.0,True,catalogue_selected,0.6456438467950502,38.98028315180833,2281,612,0.73,0.0323992725324419,0.0010782082763095,9183030.922503902,1463644.712007111,0.1593858,0.014941077752221,0.0016122222144341,
bt,900107,164,0.10475301787155,1148881.0,True,catalogue_selected,0.9278022176671186,242.8632944675712,2,0,0.73,0.1547585897464136,0.0,409655.1603670484,77413.69746546527,0.1889728,0.0254860841495258,8.173829888220586e-05,
bt,900107,167,0.2382824471349201,13587229.0,True,catalogue_selected,0.6449418243153926,33.60953913906966,5472,2529,0.73,0.0593508367568871,0.0093006723342832,13953343.593629131,1281633.654446977,0.09185136,0.0243410091944375,0.001929563502857,
bt,900107,169,0.3069546699171179,7887667.0,True,catalogue_selected,0.555553681726808,29.38848085923783,813,77,0.73,0.0012954622908023,7.751071987567282e-07,33541557.094258506,8709051.227424962,0.2596496,0.0356250261236286,0.0091956174910556,
bt,900107,171,0.2134129141483627,20745520.0,True,catalogue_selected,0.6341410670740354,107.79314909054284,93,8,0.73,0.0647294308138595,0.0012160198359896,10791381.377211427,1893158.804780464,0.1754325,0.0218731379829012,0.0020742702221213,
bt,900107,176,0.1935248197143861,2112492.0,True,catalogue_selected,0.7792145234280895,68.28346993526442,1025,441,0.73,0.0685633830520666,0.006628398041433,7549500.2427185215,866021.3165003236,0.1147124,0.0190708244700668,0.0013251412014281,
bt,900107,177,0.098926273275252,3886730.0,True,catalogue_selected,0.9003943044576631,485.945860890477,1,1,0.73,0.0039616616990624,0.0001830292440268,449878.8093874666,61669.02987561463,0.1370792,0.0011163557433636,7.645582286753465e-05,
bt,900107,178,0.0884042357790746,1049992.0,True,catalogue_selected,0.904361467136392,53.10727783499081,4329,3111,0.73,0.0654802828867856,0.0166582266572225,570178.7895918279,67414.83514573834,0.1182346,0.0112024969398201,0.0011034385494024,
bt,900107,184,0.1749446900092519,3951279.0,True,catalogue_selected,0.7311182563276146,309.9688163411626,899,639,0.73,0.0655827573803834,0.0172236939062951,5057608.584795564,437698.9988939324,0.08654268,0.0159571997276973,0.0015294483080627,
bt,900107,185,0.1848640495373177,10396489.0,True,catalogue_selected,0.7975451518270179,44.79012847156033,184,85,0.73,0.0467575106549867,0.0031110000535271,6393146.807256263,1037850.9901904945,0.1623381,0.0143197660181774,0.0012886078428027,
bt,900107,186,0.2248031979391789,6116284.0,True,catalogue_selected,0.6948513595675546,62.94310551927204,270,97,0.73,0.0406355418195554,0.0015380566308433,11548104.659789898,1735437.4642629796,0.150279,0.0187716252246166,0.00192769361569,
bt,900107,190,0.1979646222706064,3792559.0,True,catalogue_selected,0.6363086875891865,60.94288359594032,2138,896,0.73,0.0602715418404301,0.0050766308480402,7730258.372321145,890072.9609368946,0.1151414,0.0179193315641823,0.0012543783442023,
bt,900107,191,0.176919313332868,15593120.0,True,catalogue_selected,0.7919849282813338,52.14411113595688,461,191,0.73,0.0431940148167468,0.0039951491179241,4817629.504435566,657945.0433558957,0.1365703,0.0120793478940035,0.0009422669381799,
bt,900107,192,0.2597963938487397,4162320.0,True,catalogue_selected,0.6024781438594106,71.98952937570598,2349,592,0.73,0.0588800496413594,0.0012507024344003,17675990.19578164,2390608.0799687896,0.1352461,0.0281954011880712,0.0026016579344951,
bt,900107,193,0.1694458926503799,10976119.0,True,catalogue_selected,0.67520286171722,234.99458292096327,26,11,0.73,0.1119143959541308,0.0056315984864202,3420963.615357123,435425.4775708597,0.1272815,0.0217296580185204,0.0008087222448169,
bt,900107,195,0.2152183593432488,7264492.0,True,catalogue_selected,0.7620052429019617,175.63948635743802,636,162,0.73,0.0797134575059742,0.0024060760472388,11147746.120496877,2011430.7011159104,0.1804338,0.0246751432363477,0.0022728932267226,
bt,900107,197,0.1186245481037837,8103627.0,True,catalogue_selected,0.8422081297377058,536.3839644445267,3,2,0.73,0.2328360253196717,0.0284059896870492,928714.8483575094,131305.061374455,0.1413836,0.0386739329796858,0.0018988696734577,
bt,900107,199,0.2756096085646742,18148206.0,True,catalogue_selected,0.539736036375281,28.69774725479456,3997,1391,0.73,0.0444852573462651,0.0008702883939758,21651671.19877583,3501607.0328377,0.1617246,0.0300628349161552,0.0037511481400324,
bt,900108,0,0.064569939752997,17447408.0,True,catalogue_selected,0.9532495347193412,994.9974612426676,74,63,0.73,0.0439722580774003,0.0105266046249483,68886.77102731587,7611.266447466149,0.1104895,0.0071913118621601,0.0006603368947922,
bt,900108,1,0.2425635452580292,8987790.0,True,catalogue_selected,0.7185473734320468,309.3830615536255,7,3,0.73,0.0249751913414588,0.0005202796342957,15093316.7567414,1786556.3253567982,0.1183674,0.0199796639738868,0.0019185997307263,
bt,900108,2,0.251989627220864,8579442.0,True,catalogue_selected,0.5910879203559244,1068.0998922314843,1,0,0.73,1.7650968536779075e-06,0.0,18760578.05678816,4847666.011010449,0.2583964,0.0198088956788208,0.0051184736843999,
bt,900108,4,0.2398046514319989,11260197.0,True,catalogue_selected,0.6323759772924704,26.497506660606955,1929,937,0.73,0.0479732858109502,0.0026294089958562,14469105.269440249,2014229.816440652,0.139209,0.0230436952200846,0.0022896879478162,
bt,900108,7,0.2489451812828087,12788490.0,True,catalogue_selected,0.6171127791471779,41.012951050167146,3481,1278,0.73,0.0449631647344269,0.0027473936955567,19126498.87588049,1794037.226115911,0.09379852,0.0274739650127612,0.0020645057640833,
bt,900108,9,0.2713182094119205,9362700.0,True,catalogue_selected,0.5590151005192079,28.6151528864938,403,139,0.73,0.0172221869831108,0.0002554146768194,24004775.532075737,4293318.992226106,0.1788527,0.0281338305295576,0.0045489861321152,
bt,900108,10,0.1991397795275673,15160099.0,True,catalogue_selected,0.7868525807417619,44.389659709322544,5031,1508,0.73,0.0205411436716765,0.0011750640125476,1996446.8468395504,306339.3833302453,0.1534423,0.0054333381494717,0.0003962675836881,
bt,900108,11,0.1866532726281232,8786220.0,True,catalogue_selected,0.7811949997340198,667.3384720182261,3,1,0.73,0.1344095008587374,0.0029105157823878,3823765.055303808,632913.0926037544,0.1655209,0.0257966468182613,0.0008486253130507,
bt,900108,13,0.2325753762849278,7479185.0,True,catalogue_selected,0.7357296602250489,51.23570475840657,4545,890,0.73,0.036506767985704,0.0005010106801554,15761549.46832159,2880819.90346148,0.1827752,0.0225520493243578,0.0030727986847838,
bt,900108,14,0.2516994389723201,8985506.0,True,catalogue_selected,0.5741905787001669,285.768509871934,29,10,0.73,0.0616778347435156,0.0026325579157134,16796444.087122023,2485732.8851815118,0.1479916,0.0277196481151856,0.0027877259649448,
bt,900108,16,0.281284059858626,12252894.0,True,catalogue_selected,0.6428025724020126,46.29626602503123,553,51,0.73,0.0509482218756619,5.575316484034353e-05,24594329.348459046,6171079.537539031,0.2509147,0.0342161561016746,0.0065192725926839,
bt,900108,17,0.2310209911262057,5791996.0,True,catalogue_selected,0.7085418027646692,64.06945285577426,242,64,0.73,0.0783091623235112,0.003813961905428,11987895.217503097,1861331.7610996848,0.1552676,0.0253348876087091,0.0022016514712718,
bt,900108,18,0.0852444844053564,12542329.0,True,catalogue_selected,0.927178862312682,296.2851668655232,2,2,0.73,0.015913635524385,0.0010514971064244,158132.5430059684,17554.29656293916,0.11101,0.0027431915335908,8.369289543253954e-05,
bt,900108,20,0.2488160511675397,4274573.0,True,catalogue_selected,0.7760991081973736,22.694686492358496,15371,2653,0.73,0.0502392019691012,0.0004744643353587,16330249.7084581,3159121.3599314494,0.1934521,0.0253756341580801,0.0033650020463127,
bt,900108,21,0.1090334694392141,5758574.0,True,catalogue_selected,0.8192249087592463,39.1448435988528,171,102,0.73,0.0113838428852044,0.0022904647688852,229382.04408344647,32304.95346676096,0.1408347,0.0020851026321101,0.0001760424881926,
bt,900108,23,0.1915234641093003,19208190.0,True,catalogue_selected,0.6834714944498944,132.5305200235132,1109,537,0.73,0.0463228965296176,0.0058501820159942,6381312.738789523,669984.6810740164,0.1049917,0.01423691208584,0.0010699296812564,
bt,900108,24,0.156188909233766,7462903.0,True,catalogue_selected,0.7959481768900134,32.70490839345884,9193,4054,0.73,0.0628668063702528,0.0076063826964482,2756811.9764019046,413266.4126409282,0.1499074,0.013088192903476,0.0009076964359541,
bt,900108,26,0.1881441819651685,13139780.0,True,catalogue_selected,0.767239913207821,51.95536188669894,119,21,0.73,0.0420686342467212,0.0028434243722856,9093156.657534515,1339638.1684034143,0.1473238,0.0164115355263309,0.0015906730944996,
bt,900108,27,0.0486211686313167,659741.0,True,catalogue_selected,0.9685422716094226,72.0546273698848,9,7,0.73,0.0023229546227965,0.0002754008470598,8977.304711743656,1156.5711417390166,0.1288328,0.0003855370708697,1.8286901805118425e-05,
bt,900108,31,0.3745561002249299,573206.0,True,catalogue_selected,0.4971071785085885,57.09279404541642,205,0,0.73,0.0073468855621031,0.0,46489451.49346077,12505650.245987162,0.2689997,0.0502758876925881,0.0132042598530942,
bt,900108,32,0.026192738473102,60753.0,True,catalogue_selected,0.979231615770468,485.945860890477,1,1,0.73,0.0591704342109455,0.0340043281388057,2617.2579136013,329.6509063478402,0.1259528,0.0095817412280684,0.0021074888652242,
bt,900108,33,0.2038816785512163,9217830.0,True,catalogue_selected,0.7656984035038715,60.650355976800086,568,258,0.73,0.0722488449481281,0.0067785255589133,8541588.627847752,1070836.3482015557,0.1253674,0.0207149661150414,0.0015507008491893,
bt,900108,34,0.2522619382569795,20713938.0,True,catalogue_selected,0.6612629297773471,1424.7236072062765,2,0,0.73,0.4169560593218458,0.0,19897898.89225934,3311710.296769882,0.1664352,0.0885096093351428,0.0034967140817607,
bt,900108,35,0.182140013112372,15221757.0,True,catalogue_selected,0.7876446495444844,339.7987207144713,4,1,0.73,0.0480919568453547,0.0012908550104292,4311886.64575366,459683.69136508927,0.1066085,0.0123382700449229,0.000565353446474,
bt,900108,38,0.1828535349623349,3921310.0,True,catalogue_selected,0.8489877459525669,39.95894288848073,984,427,0.73,0.0429302888806153,0.0066040398502062,5977902.008879945,619521.1430131865,0.1036352,0.013261743261542,0.001063361261104,
bt,900108,39,0.1558733851444934,19443418.0,True,catalogue_selected,0.9179841191431966,42.71799109712864,5723,2784,0.73,0.0619974804403468,0.0079649576441763,4068466.8364415327,496999.4430644848,0.1221589,0.0143323880618531,0.0010183268447717,
bt,900108,40,0.1330637106779054,11904560.0,True,catalogue_selected,0.8561859586336251,57.55377213721637,298,195,0.73,0.0464711416759889,0.0080527416801487,1790911.052631347,283217.3356060006,0.1581415,0.0094140735128128,0.000798041816294,
bt,900108,43,0.1635894494984474,5702288.0,True,catalogue_selected,0.8076509715561043,30.85059009204141,374,77,0.73,0.0519416983192777,0.0008755508533911,4348252.077113026,887504.9625788606,0.2041061,0.0129998935675512,0.0009913392319015,
bt,900108,44,0.1770556773369219,9975287.0,True,catalogue_selected,0.7586999590106094,147.9905701953819,629,230,0.73,0.0889710963790592,0.0051010528976202,5819882.497178437,922465.1179095772,0.1585024,0.020548346194611,0.0012900933982578,
bt,900108,46,0.2352219376936615,13374055.0,True,catalogue_selected,0.7164462438170635,28.963262957843263,2404,431,0.73,0.0426038563482699,0.0004507270099162,23465912.60522757,3953143.439670873,0.1684632,0.0316738501584293,0.0042019100650546,
bt,900108,47,0.2512961436425388,7339926.0,True,catalogue_selected,0.6800276231058366,23.83932629974176,16152,4055,0.73,0.0436259676020163,0.0006588403238537,11703434.962539813,2326099.1649118587,0.1987535,0.0194197465958781,0.0024968694991912,
bt,900108,51,0.2063117490451315,9816170.0,True,catalogue_selected,0.821765903071759,95.98280691546908,60,27,0.73,0.0639732522284056,0.0075474332834516,6013444.227042845,758507.1260326135,0.1261352,0.0167058722901092,0.0012685706009537,
bt,900108,53,0.2458584107417367,5420731.0,True,catalogue_selected,0.8117516352748364,47.99239280170424,161,44,0.73,0.0477629695732841,0.0010964253792305,14006993.93979418,2197833.6415966665,0.1569097,0.022521721070685,0.0023885543762123,
bt,900108,54,0.1757053721132346,15912495.0,True,catalogue_selected,0.8823974918840722,50.4414977178912,269,138,0.73,0.0265388499285875,0.0058989980690309,2156857.731338067,228044.0168955793,0.1057297,0.0065736662639382,0.0006063256338034,
bt,900108,58,0.2000661168865538,9467310.0,True,catalogue_selected,0.7377688356679597,79.73177346742939,2737,1570,0.73,0.061648672879711,0.0107763636182227,7421324.70026028,604930.3349345321,0.08151245,0.0178160806324832,0.0013065010831636,
bt,900108,59,0.3179363564473708,10929787.0,True,catalogue_selected,0.6147789962388387,25.379665929148388,1170,133,0.73,0.0143617712428808,7.95585099378583e-06,32968847.636619795,8690488.724624075,0.263597,0.0371356005121023,0.0091764629895707,
bt,900108,60,0.2776092826283272,9977670.0,True,catalogue_selected,0.7552063595969676,53.67491329815188,700,64,0.73,0.0352417365631681,2.5755625712399164e-05,17876984.768745147,4337558.397575121,0.2426337,0.024580866991484,0.0045814656603145,
bt,900108,64,0.1985700074652153,12015921.0,True,catalogue_selected,0.568076568454071,35.71654808317346,2998,1322,0.73,0.0603473724038938,0.0064413296914423,9904058.38117244,1089240.088417273,0.1099792,0.0202268437383482,0.0015492377243196,
bt,900108,65,0.1287072977380033,13896891.0,True,catalogue_selected,0.9059467669671656,64.07705234387501,638,361,0.73,0.07087875362215,0.0173291864158367,1571072.3432820763,202405.4552958854,0.1288327,0.0131332510570041,0.0012875474771315,
bt,900108,66,0.270505215800195,19748095.0,True,catalogue_selected,0.578445389605077,309.9688163411626,781,239,0.73,0.0437838900620017,0.0023610597399837,22189482.76208065,2250327.4493264365,0.1014141,0.0305171476431464,0.0025223460691671,
bt,900108,68,0.2508050531195782,17227658.0,True,catalogue_selected,0.6518483725602121,41.69365349777638,779,170,0.73,0.0417472026467866,0.0002923921682313,18561127.566321768,3931301.542363896,0.2118029,0.0263563847014339,0.0041690364925656,
bt,900108,69,0.2024481863632255,10348468.0,True,catalogue_selected,0.7065238004540384,55.84395848222772,395,221,0.73,0.045727042799291,0.0073626433117202,8309752.9910327345,769736.3672388226,0.09263048,0.0161766202798217,0.0012689762962516,
bt,900108,71,0.3384998273944516,8205188.0,True,catalogue_selected,0.4744834795264818,46.62542662222315,2648,93,0.73,0.0283618803405317,5.832753282613322e-06,35632875.11702845,8328686.233655127,0.233736,0.0422148982993873,0.0087943173772807,
bt,900108,74,0.1273972125734095,6494096.0,True,catalogue_selected,0.8642296308382748,410.73417578029085,3,1,0.73,0.0711629639745909,3.760820004792706e-05,331495.1791905884,65248.78617759627,0.1968318,0.0118704369718894,7.122427422069875e-05,
bt,900108,76,0.0639201842971819,13338147.0,True,catalogue_selected,0.9376081587922256,308.7083631539789,1,0,0.73,0.0383742538736617,0.0,67686.17644909113,8807.501898147435,0.1301226,0.0062837950132577,9.299519931566722e-06,
bt,900108,77,0.1778314664624801,4811940.0,True,catalogue_selected,0.7768601323726959,51.793039956560456,211,69,0.73,0.0469298666801733,0.0033106756005213,5011075.947164077,791907.1416450373,0.1580314,0.0128883901750829,0.0010412979687481,
bt,900108,78,0.286786328078688,18206941.0,True,catalogue_selected,0.5237449672663653,175.34537635840928,14,1,0.73,0.0596629900208892,3.814339722913023e-05,27942698.52619512,5295383.532855917,0.1895087,0.0391623925349554,0.0055935659075451,
bt,900108,79,0.1163485471573103,8429939.0,True,catalogue_selected,0.9319797643205932,536.3839644445267,0,0,0.73,0.0,0.0,807778.4066305736,113832.62133919002,0.1409206,0.0008529037495104,0.0001201917119346,1.0
bt,900108,82,0.1706334052193728,1759252.0,True,catalogue_selected,0.7213937538811275,53.70017939484863,274,85,0.73,0.0592435724595374,0.0022646647964524,4612026.195423448,867475.2996799016,0.1880898,0.0144604881588527,0.0010562696445801,
bt,900108,83,0.1634072399812825,13660418.0,True,catalogue_selected,0.8103658560762158,276.148343063909,5,4,0.73,0.0782246780052819,0.0289183447834261,3037356.942815965,382670.9694658202,0.1259881,0.0158706637960604,0.0021960267921186,
bt,900108,84,0.2998001447209983,17857728.0,True,catalogue_selected,0.5764890315000963,64.37152086846767,352,27,0.73,0.0228004637360256,1.6123403168663803e-05,30716290.371790763,7363086.0444770735,0.2397127,0.0361233297428478,0.0077754130444317,
bt,900108,85,0.2384015771802137,20771300.0,True,catalogue_selected,0.7606014126117229,143.78053906903736,475,235,0.73,0.0503486599211732,0.005599160044105,13493657.66230073,1235721.0063675705,0.09157791,0.0223983000222622,0.0016517149888184,
bt,900108,86,0.2198739855730699,14920434.0,True,catalogue_selected,0.6913114902544331,299.25833132273544,10,2,0.73,0.053947052335801,4.104994985886653e-08,6817503.293243919,1243743.4076560913,0.1824339,0.0159317284062412,0.0013132258325873,
bt,900108,88,0.2414648138126786,9175161.0,True,catalogue_selected,0.6715235456616171,166.76449765898423,54,17,0.73,0.0720918528226987,0.0019227328193358,17465797.993986152,2689230.4331780616,0.1539712,0.0301122980776114,0.0029586059827421,
bt,900108,89,0.3182374233661893,7447115.0,True,catalogue_selected,0.5692275293828342,46.50409391831387,1562,72,0.73,0.0302839111473386,1.6113754866472566e-05,29515323.25799281,6864190.15792186,0.2325636,0.0360667520219362,0.0072486464810823,
bt,900108,90,0.1362282649258926,168319.0,True,catalogue_selected,0.879053596499031,43.81331323414299,10,0,0.73,0.0006494162953471,0.0,8125964.644491429,1099794.0351028284,0.1353432,0.008685042254784,0.0011612323980546,
bt,900108,92,0.1072305708888316,18132500.0,True,catalogue_selected,0.9427794733245134,52.41963627899271,312,211,0.73,0.0365528918538038,0.0113630455165051,548024.2643062255,72124.4021093766,0.131608,0.0064961099905292,0.0007802855609409,
bt,900108,93,0.0729368679578126,17490701.0,True,catalogue_selected,0.8786720638000942,177.0123020948896,17,17,0.73,0.008431073374407,0.0046244686202627,107594.26667021972,10303.263557476235,0.09576034,0.0014784936846366,0.0002974425523119,
bt,900108,97,0.0877820684034064,15889772.0,True,catalogue_selected,0.8639243367797186,104.3272260849585,90,70,0.73,0.0299788755787613,0.0117103947170619,362979.448688276,37222.77696858508,0.1025479,0.0052364741841914,0.0007649583409861,
bt,900108,98,0.2251779205225828,20275412.0,True,catalogue_selected,0.6817244354950365,30.909914358919785,4412,921,0.73,0.049430288594228,0.0008743592009695,11388762.75746477,2173137.728854816,0.1908142,0.0200271450726642,0.0023487181233409,
bt,900108,99,0.1084749919203157,16990654.0,True,catalogue_selected,0.9072492551103744,317.03055070300803,13,11,0.73,0.0820670202104029,0.0357803447919945,929029.3872783792,128439.82129265708,0.1382516,0.0142665863861754,0.0023528098620706,
bt,900108,100,0.1485458229723133,3054017.0,True,catalogue_selected,0.7384529180378067,81.0042129356557,124,72,0.73,0.0650273976848991,0.012657900021678,2904820.4884581286,308601.35704863304,0.1062377,0.0135942432977693,0.001110210993694,
bt,900108,105,0.1795191100044142,3002318.0,True,catalogue_selected,0.7239524530152461,130.8260513017163,184,60,0.73,0.0375305436616024,0.0032848821183311,6339228.47662485,979384.564500064,0.1544959,0.012769101243845,0.0012376501992192,
bt,900108,106,0.2993405757010919,9539229.0,True,catalogue_selected,0.6009177409932961,29.263696000886792,543,199,0.73,0.0227505170358536,0.0005654631237116,11057971.952403104,1712094.1152733816,0.1548289,0.0153587427483512,0.0018427776778016,
bt,900108,107,0.1863706849047985,12261304.0,True,catalogue_selected,0.7134105135094515,39.51027733802777,2407,1068,0.73,0.0578297141741233,0.0054669054442445,7735754.708358106,992758.8715841098,0.1283338,0.0175298325743065,0.0013869847348736,
bt,900108,110,0.1823018966958423,9866224.0,True,catalogue_selected,0.714301375821042,53.10727783499081,4320,1425,0.73,0.0554803593096929,0.0050333164694638,5384009.470300224,749300.2681204012,0.1391714,0.0146663784335785,0.00110305753843,
bt,900108,111,0.1555381973702158,20133524.0,True,catalogue_selected,0.8227521872826499,270.0169486273753,80,44,0.73,0.0538407799340317,0.0052065984308297,2758635.9727747063,342174.5888938641,0.1240376,0.0116289142648542,0.0006839261226033,
bt,900108,112,0.2008284830359254,11800738.0,True,catalogue_selected,0.5970531924998788,38.40647964408659,4358,1196,0.73,0.0735430260010005,0.002100871345901,9458600.636258967,1738664.2642207027,0.1838183,0.0218927179016723,0.0019659765260653,
bt,900108,117,0.205713017029514,13944004.0,True,catalogue_selected,0.7693481930107644,74.79517255519544,194,70,0.73,0.0382135185315169,0.002412280990434,4835593.819919411,671613.5495843848,0.1388896,0.0112920336390353,0.000858613677485,
bt,900108,118,0.265407065736522,4274139.0,True,catalogue_selected,0.6293459142608896,41.078827531600616,70,13,0.73,0.0166807409198328,8.63241258515615e-05,19916276.65815318,4238908.272839315,0.2128364,0.0237292801586041,0.0044810578312672,
bt,900108,119,0.1224790399341581,18616320.0,True,catalogue_selected,0.9119277324722712,70.91438515374698,624,448,0.73,0.0531606356609507,0.0179280745229788,1060848.667432368,117547.72413144672,0.1108054,0.009726175456302,0.0012350604988245,
bt,900108,120,0.1891204904777909,16740962.0,True,catalogue_selected,0.765586436572575,235.85577567934249,28,10,0.73,0.1518815723075757,0.0123780904758356,6793375.245486982,1121958.3309291634,0.1651548,0.0317606669590887,0.0019516660351731,
bt,900108,123,0.1264455536355158,6189005.0,True,catalogue_selected,0.8379724386709598,76.5531063365683,883,468,0.73,0.0243382473131246,0.0040256538682033,657362.5989080042,91768.567479096,0.1396011,0.0046341531075105,0.0003463521360414,
bt,900108,125,0.0982181852278417,1074052.0,True,catalogue_selected,0.922887776250448,275.550638566041,12,11,0.73,0.0155410214750574,0.0015029761327298,133465.80808169558,18172.62274014092,0.1361594,0.002656825119468,0.0001123224925727,
bt,900108,127,0.1838827943844706,10955433.0,True,catalogue_selected,0.7960282458920059,39.14538832760667,2198,701,0.73,0.0593004698991024,0.0020053821047068,7186723.750211233,1343969.212832384,0.1870072,0.0171882283820875,0.0015433152542641,
bt,900108,130,0.1293737578970353,8315207.0,True,catalogue_selected,0.9232441594707904,257.3198853700213,9,3,0.73,0.0392452664315368,0.008668807926517,1441036.9023330167,206388.79939079095,0.1432224,0.0078748723410987,0.0007550970470301,
bt,900108,133,0.1381089597857509,19008688.0,True,catalogue_selected,0.8147716230330981,48.540378510003386,140,63,0.73,0.0387018248194472,0.0060521764001201,2225312.456158525,301026.460471854,0.1352738,0.0086149836605313,0.000692877110673,
bt,900108,134,0.0574382218849436,203846.0,True,catalogue_selected,0.9543188329656932,589.8166147157915,1,0,0.73,0.0461849640910796,0.0,438537.36957935255,57356.91843036532,0.1307914,0.0079398227890109,6.056107762731476e-05,
bt,900108,136,0.1142910792290686,17890637.0,True,catalogue_selected,0.8739282728649339,385.538769323715,25,22,0.73,0.0938903336728845,0.0487639983209869,1005349.7509966122,99940.59337587112,0.09940878,0.0162612217461323,0.0031272745623156,
bt,900108,138,0.2229262225620214,19427256.0,True,catalogue_selected,0.7771454465461821,24.3837068869272,20991,7925,0.73,0.059516414155906,0.0036630342437531,9839750.723730784,1412566.074867746,0.1435571,0.0200244215372668,0.0017184636449963,
bt,900108,139,0.291708603074943,7504802.0,True,catalogue_selected,0.6217111318015185,257.6790023132774,62,23,0.73,0.0091035416322333,6.778883969413628e-05,21878650.053343467,2777593.55987942,0.1269545,0.0245746216987283,0.0029369603656322,
bt,900108,141,0.1226489194477165,17511355.0,True,catalogue_selected,0.9166062669900258,128.75812784012476,9,7,0.73,0.0383936024253484,0.0179447151547649,1282490.6834054918,168396.36741250733,0.1313042,0.0075695950691732,0.0012897808935479,
bt,900108,142,0.318707482240947,20606135.0,True,catalogue_selected,0.6110754753359832,32.445343617885484,1244,241,0.73,0.0176711881957578,9.312886909305855e-05,35311390.434802465,5734835.049683024,0.1624075,0.0401447605745519,0.0060609740077216,
bt,900108,144,0.1556307200151746,8292925.0,True,catalogue_selected,0.9524637697001576,45.1818514865256,465,245,0.73,0.057660645272405,0.0103688055326915,2203542.688547427,316898.9678412132,0.1438134,0.01166120152273,0.0009771241837227,
bt,900108,146,0.1985701503950043,16416157.0,True,catalogue_selected,0.8825705396858008,40.95702638471474,2547,1204,0.73,0.0218310750798408,0.0023154413480534,3463632.707480363,462714.69129809766,0.1335923,0.0071913104686789,0.0006320441475117,
bt,900108,148,0.2146834167380358,3560460.0,True,catalogue_selected,0.5817971234593936,406.7105275653722,2,2,0.73,0.021433833154825,0.0043464935594998,4475922.443265404,810644.3956831481,0.1811123,0.0081958416056072,0.0011252683185825,
bt,900108,150,0.1993368693998841,8437661.0,True,catalogue_selected,0.7844926840121883,56.85743895146796,2746,657,0.73,0.079648249928248,0.0018454516393685,7798052.29052795,1441050.2709456233,0.1847962,0.0211277674093394,0.0016359092159987,
bt,900108,151,0.0988008672420356,3845827.0,True,catalogue_selected,0.9474054830305044,34.867938606676205,8624,6076,0.73,0.0425342737220532,0.0108492488048194,948779.8879103524,105624.0793172294,0.1113262,0.0078875666254421,0.000783818288745,
bt,900108,152,0.2610880946876226,10754871.0,True,catalogue_selected,0.7517249306619778,32.39315148182517,952,127,0.73,0.0469925925280837,8.851731474985809e-05,22167205.931820817,5441683.71411405,0.2454835,0.0310130764777716,0.0057511604440325,
bt,900108,153,0.0734963062015755,6386750.0,True,catalogue_selected,0.8810990136204356,262.3441467922373,4,4,0.73,0.0055077318505914,0.0009710577051919,73129.95059565334,9614.922091154862,0.1314772,0.0009688504294074,7.032542398348743e-05,
bt,900108,155,0.1391394759967582,17987910.0,True,catalogue_selected,0.8852083856651172,336.9278731502751,65,50,0.73,0.084438653615337,0.0133166210501251,1370163.7495103886,164607.68049553872,0.1201372,0.0151163028339278,0.0009989921852261,
bt,900108,160,0.1303168904274568,7378287.0,True,catalogue_selected,0.7767846959197957,234.99458292096327,21,12,0.73,0.0215944449324206,0.0037853204367364,1236653.2611714343,145376.7771307505,0.1175566,0.0048016165585174,0.0003880623852715,
bt,900108,161,0.2159431193911517,12379192.0,True,catalogue_selected,0.6113756849253915,54.3008437800032,159,79,0.73,0.0321253171636301,0.0015586952703712,12889599.89062535,1850241.0603701728,0.1435453,0.0188103586381802,0.0020501894557546,
bt,900108,162,0.2294192655275283,11313955.0,True,catalogue_selected,0.7139708803342356,37.50301274457001,1338,319,0.73,0.0417531084648988,0.0007338400092874,14392052.91010964,2485544.027942663,0.1727025,0.0219553669521597,0.0026698690066545,
bt,900108,163,0.0757638007369564,16680150.0,True,catalogue_selected,0.9294765591887332,419.1725101352295,2,2,0.73,0.0947659364760966,0.0700843725320779,175057.03030173495,23251.93842964068,0.1328249,0.0155262954591143,0.0043674580505405,
bt,900108,164,0.2104730353967296,5111812.0,True,catalogue_selected,0.7330214589600347,44.78379325324706,285,79,0.73,0.0413083862307909,0.0013484652498152,4497937.451144541,739974.1852539654,0.1645141,0.0114365362527218,0.0008648718777282,
bt,900108,165,0.180192888947485,17961722.0,True,catalogue_selected,0.7698153034239948,195.50814959276823,9,3,0.73,0.0353606670922899,0.0007330591001924,4725362.252149367,1037377.066835004,0.2195339,0.0107138019992159,0.0011407539551954,
bt,900108,167,0.2756949525312548,15473373.0,True,catalogue_selected,0.5810155483005498,56.016846939707335,1171,131,0.73,0.0229049739948728,4.894049503105244e-05,11268672.064462053,2409408.2492690347,0.2138147,0.0156062180235795,0.0025470389562257,
bt,900108,168,0.1669664744185916,20080182.0,True,catalogue_selected,0.7774318025933548,218.3432081256031,124,50,0.73,0.0653328728507331,0.0028787083683337,4631670.418759608,805377.4404019312,0.1738849,0.0154670138740741,0.0010287531209287,
bt,900108,171,0.1854540609079154,5449084.0,True,catalogue_selected,0.8527205473696433,30.650524612855623,1343,344,0.73,0.0425470652605832,0.001835451223605,7380145.603662951,1209699.3524309902,0.1639127,0.0146802818456177,0.0013910145273031,
bt,900108,172,0.1694591243671241,11200554.0,True,catalogue_selected,0.7902413388273357,33.752900199106435,15188,4805,0.73,0.0809130040891277,0.0059464331736733,4941267.262034015,744909.892819862,0.1507528,0.0183161407255783,0.001155004859049,
bt,900108,173,0.2528926966629636,3697317.0,True,catalogue_selected,0.5491412543830089,95.8557315135619,42,8,0.73,0.0458537426090185,0.0003535039389385,17741251.15171887,3302785.4961542347,0.1861642,0.0261555062668829,0.0035091962328089,
bt,900108,174,0.2099102412755883,6395205.0,True,catalogue_selected,0.6224745269009141,30.148264619322266,1833,534,0.73,0.0574347652715394,0.0022120641663489,10051368.10196821,1761152.3014236658,0.1752152,0.0199108668251857,0.0019966110919578,
bt,900108,176,0.3393659848988292,18775693.0,True,catalogue_selected,0.5308556148876666,56.15266471466619,375,11,0.73,0.0084407414813915,1.4538585281357488e-06,33682705.651563905,6893698.627114672,0.2046658,0.0369307940301177,0.0072788949696831,
bt,900108,177,0.2452592406718735,9453411.0,True,catalogue_selected,0.6199957055256207,36.50356428092724,584,161,0.73,0.0552039004828724,0.0012065229721829,18750542.360978805,3021765.511037351,0.1611562,0.0287348575228647,0.0032653363778289,
bt,900108,178,0.2558859903577453,20070450.0,True,catalogue_selected,0.6276102007432374,307.13263456812825,8,1,0.73,0.0657718948383888,0.0005068619613144,18805978.594603635,3871784.760827207,0.2058805,0.0305042211087076,0.0041194849098733,
bt,900108,179,0.0804443362177273,6566398.0,True,catalogue_selected,0.9425678860536544,75.67811681288687,141,112,0.73,0.0197038990531162,0.006350512613189,135034.31049998934,19245.651932359146,0.1425242,0.003332400782877,0.0004138419878133,
bt,900108,181,0.271052789713983,9311773.0,True,catalogue_selected,0.6734522406425295,44.74010258655029,948,412,0.73,0.0371882783157187,0.0019383176933166,17634274.89443871,1878594.796531425,0.1065309,0.0246397200604946,0.0021036511337072,
bt,900108,182,0.1688351247794761,2824756.0,True,catalogue_selected,0.859801555553085,32.50087749738594,812,200,0.73,0.0595881951849528,0.001210321446391,4149534.952662844,892421.2720599271,0.2150654,0.0140279507803977,0.0010172748598667,
bt,900108,183,0.200537591939408,16155408.0,True,catalogue_selected,0.7977520899416585,386.9752492241015,18,1,0.73,8.966506987243126e-05,0.0,402339.8519918821,69119.14000040948,0.1717929,0.0004393316617257,7.298037826387065e-05,
bt,900108,184,0.1783457278727556,14760801.0,True,catalogue_selected,0.8487032101797893,64.13915312402968,664,231,0.73,0.0348055049727824,0.0025653480498449,3476204.1759648365,522573.7761271928,0.1503288,0.0093049875257388,0.0007107331002357,
bt,900108,186,0.2705623350948818,7634783.0,True,catalogue_selected,0.6284929568503257,58.63974807184425,3092,847,0.73,0.0364172924400877,0.0006266929896806,21601088.02630406,3194779.018206245,0.147899,0.0287033200359545,0.0034120847956273,
bt,900108,187,0.1677463891523465,10020748.0,True,catalogue_selected,0.7736533947686545,181.85607616538803,30,17,0.73,0.0573414504219405,0.0080091589782921,3281918.2159079085,416653.29896770447,0.1269542,0.0127481451135455,0.0009362312995235,
bt,900108,188,0.1970004366225411,5915742.0,True,catalogue_selected,0.8658916134074702,49.63454453450794,2725,695,0.73,0.0315196667296168,0.0004800695848517,4760566.036284056,960546.8016419763,0.2017716,0.0101291608803861,0.0010439547200646,
bt,900108,189,0.1193098121303374,6595632.0,True,catalogue_selected,0.8701461791702183,91.69452141764684,1230,792,0.73,0.0123842439634602,0.002859183080532,179371.95565659637,24051.65818098353,0.1340882,0.0021942516411426,0.0002025698120586,
bt,900108,190,0.2758415220595762,11107302.0,True,catalogue_selected,0.6541002233790335,168.38847835559497,300,38,0.73,0.030822682869672,8.158912906624088e-05,22712658.340964213,4284101.141019649,0.1886217,0.0289712869431575,0.0045284819192211,
bt,900108,192,0.2312615703917435,7680104.0,True,catalogue_selected,0.7868864831885551,86.5913918708544,721,231,0.73,0.0886135656203206,0.003325955630142,12782888.588072656,1863793.4114782857,0.1458038,0.0278424503894633,0.0021740104307768,
bt,900108,195,0.155853913442046,18679048.0,True,catalogue_selected,0.836409287548585,126.11322204528734,160,89,0.73,0.0693122003465778,0.0102713230353266,2606918.3688357603,318317.18779085623,0.1221048,0.0139733570535236,0.0009725809480015,
bt,900108,196,0.1220358937739876,191197.0,True,catalogue_selected,0.9277214787251788,158.93501165546587,28,17,0.73,0.0088627524473641,0.0029805817526349,292930.87594761373,29471.253477845174,0.1006082,0.001744067470458,0.0002158148572356,
bt,900108,198,0.1550783348934213,5659955.0,True,catalogue_selected,0.8421939510211058,80.98549230158378,40,23,0.73,0.0321188112500179,0.0037016639882829,2244477.1707281177,282820.34653648135,0.1260072,0.0075695086938163,0.0005280001100259,
bt,900108,199,0.2965761807066973,11696778.0,True,catalogue_selected,0.6496129634246594,27.293549514771133,6658,1937,0.73,0.0416548791164646,0.0006431035305821,28292581.99653812,4186953.0608100826,0.1479877,0.0366165263400927,0.0044607020792659,
bt,900109,3,0.2100551604218641,17370209.0,True,catalogue_selected,0.7514464103825157,1424.7236072062765,1,0,0.73,0.3828818596604807,0.0,11374269.71817324,1682253.0255880065,0.1478999,0.0739936193846588,0.0017762295963495,
bt,900109,4,0.1613014430635726,3659802.0,True,catalogue_selected,0.8791778275191452,50.80729718236565,136,41,0.73,0.0424927065430167,0.0030200910286351,3159687.246215357,465555.7841666111,0.1473424,0.0102152538212745,0.0006787088686158,
bt,900109,5,0.3055077094536398,15430539.0,True,catalogue_selected,0.6574669498686575,38.33269292101996,932,208,0.73,0.0094727224086181,5.9001866946416856e-05,10332068.23458376,1710747.851232972,0.1655765,0.0124427731116604,0.0018099724024901,
bt,900109,8,0.1798043154535325,11915702.0,True,catalogue_selected,0.7537626925031531,44.81856820938026,473,191,0.73,0.0736690223742226,0.003139918476585,7329821.903243264,1280279.6202989437,0.1746672,0.0196654153905483,0.001546371372176,
bt,900109,11,0.2008654803571367,19137911.0,True,catalogue_selected,0.930899374029929,336.9278731502751,65,25,0.73,0.0502600171322995,0.0046299087138613,8742530.343072869,1221260.216014717,0.1396918,0.017367407824933,0.0015763849246778,
bt,900109,12,0.1980253106796775,18208239.0,True,catalogue_selected,0.747411339338568,307.13263456812825,13,5,0.73,0.1922153113008432,0.0028281074277752,9372541.918350946,1606299.2753490717,0.1713835,0.0410134595477179,0.0018712816861021,
bt,900109,14,0.157375370687451,16938047.0,True,catalogue_selected,0.7455601043804103,41.352518547835984,528,195,0.73,0.0440684168081654,0.0048592401158376,3076999.1323577054,438430.5452166016,0.1424864,0.0103830348956853,0.0007640345776801,
bt,900109,15,0.2822963544385559,13059678.0,True,catalogue_selected,0.6931832514973972,994.9974612426676,49,1,0.73,0.0339947886850586,5.550382903618454e-19,16196024.212014733,2924747.6854675445,0.1805843,0.0226041362835074,0.0030881343779818,
bt,900109,17,0.2896181539085324,3896901.0,True,catalogue_selected,0.6118440243117891,262.3441467922373,14,0,0.73,0.0109714148982875,0.0,11003444.204161365,2506576.1791211744,0.2277992,0.0133942746948833,0.002646602340515,
bt,900109,18,0.1795111109446374,4380206.0,True,catalogue_selected,0.7628183651577612,589.8166147157915,5,2,0.73,0.0938700215230992,0.0004520087655802,1846841.8230731972,299790.31203376263,0.1623259,0.017146434233598,0.0003445472086317,
bt,900109,19,0.1371495350639381,2457004.0,True,catalogue_selected,0.7958413374489459,135.05974619098578,141,104,0.73,0.0391236296177295,0.0116999749219153,1113877.7697582608,90689.4849103146,0.08141781,0.0075097454194851,0.0008207662054941,
bt,900109,23,0.156294883811563,12565228.0,True,catalogue_selected,0.6613984079484571,308.7083631539789,3,1,0.73,0.0662410872282751,0.0005476457864137,3305577.3357651467,499555.8822564092,0.1511252,0.0142138694922274,0.0005613987102886,
bt,900109,24,0.1946124202392657,7870454.0,True,catalogue_selected,0.6564143953281268,128.0257586852264,608,296,0.73,0.0595889866432589,0.0048607828538351,7773154.687779429,1043569.557608098,0.134253,0.0178541267862952,0.0014030743822746,
bt,900109,25,0.1030067139795492,11217628.0,True,catalogue_selected,0.8757747761166019,168.27646830916524,17,14,0.73,0.0487810838797247,0.0035802061572495,522613.3679104784,98567.01552263544,0.1886041,0.0084488759676714,0.000325927381776,
bt,900109,26,0.0408588520267729,834507.0,True,catalogue_selected,0.9755656030750528,667.3384720182261,1,1,0.73,0.0278437844827414,0.0158205740212747,7224.792127969578,924.558642352981,0.1279703,0.0045152003921116,0.0009813272043988,
bt,900109,27,0.1157968628396432,10806913.0,True,catalogue_selected,0.8869883295648767,95.98280691546908,22,19,0.73,0.0286197161546731,0.0093281413005032,763581.4901459656,80707.79331280972,0.1056964,0.0054394237899862,0.0006632518643373,
bt,900109,28,0.1768211387213188,13921791.0,True,catalogue_selected,0.8733128928578674,36.11194909791417,3601,1696,0.73,0.0814564193990917,0.0079511852618118,5458453.932990175,754961.8274058312,0.1383106,0.0189501916302579,0.0012898464841675,
bt,900109,29,0.1896218988057086,8834856.0,True,catalogue_selected,0.8094601731900606,75.18426845986467,125,35,0.73,0.0306210728759202,0.0007976147836872,6010714.376095957,1203390.3165824187,0.2002075,0.0113036754250576,0.0013200416007507,
bt,900109,30,0.0970983411433193,19406142.0,True,catalogue_selected,0.9186817372207604,168.38847835559497,223,170,0.73,0.0340169349796356,0.0100594780808894,353828.38746381964,42537.8141253065,0.1202216,0.0058805248979486,0.0006682682059312,
bt,900109,32,0.2442309408836661,12296806.0,True,catalogue_selected,0.6563122757918886,26.313859797768018,1146,264,0.73,0.0518072678697736,0.0007261320090722,15540247.146392465,3177318.552615912,0.2044574,0.0247953501813015,0.0033998108489327,
bt,900109,36,0.2154874311717851,11609142.0,True,catalogue_selected,0.8519319834544724,50.4414977178912,308,128,0.73,0.0327992187212241,0.0025757482402482,7274604.357396505,860933.6372771342,0.1183478,0.0129907862184299,0.0010686394002413,
bt,900109,37,0.1921525939637157,19306215.0,True,catalogue_selected,0.8423749749680802,276.148343063909,5,2,0.73,0.0506862219216193,0.0031491347871818,5926782.408828686,803667.4377394834,0.1355993,0.0144633597090175,0.0010437050624321,
bt,900109,38,0.1011859196591861,3709899.0,True,catalogue_selected,0.8798140475238103,386.9752492241015,14,4,0.73,0.0271479738876991,0.0071458613592932,193119.4839738269,26319.721821554034,0.1362872,0.0045988364942451,0.0004705964895047,
bt,900109,39,0.2933317967763307,8324139.0,True,catalogue_selected,0.5467796050551855,1068.0998922314843,0,0,0.73,0.0,0.0,28036029.76232986,8240344.281959212,0.2939198,0.0296022209920413,0.0087006788961544,1.0
bt,900109,40,0.2783570019280004,5708045.0,True,catalogue_selected,0.59556989961495,39.07359280183597,77,7,0.73,0.0222331553187331,1.3475644378594797e-05,13298702.754360251,3491302.634421442,0.2625296,0.0176408940482772,0.0036871741221624,
bt,900109,41,0.1811760390655178,7721909.0,True,catalogue_selected,0.7459916501945217,234.99458292096327,26,13,0.73,0.0440578740133731,0.0023130044440875,5383500.322913549,704896.3403028907,0.1309364,0.0128166786040934,0.0008876039079805,
bt,900109,43,0.1978431649871095,12783168.0,True,catalogue_selected,0.7332501394153843,36.93631158329696,5711,1156,0.73,0.0736231890813635,0.0029425412465539,9153121.534288865,1388448.8414781007,0.1516913,0.0215831510959599,0.0016483524630464,
bt,900109,45,0.1134326797916422,2660658.0,True,catalogue_selected,0.9441356117241292,257.3198853700213,9,6,0.73,0.0195860796407605,0.0041209155623684,433653.162139845,60455.003032844215,0.1394087,0.003628627995769,0.0003191923520166,
bt,900109,46,0.1182048580896976,16765730.0,True,catalogue_selected,0.8080492274488265,46.60950645461511,986,653,0.73,0.0588865516512059,0.0126334155938262,1048130.1090633442,155268.2824208699,0.1481384,0.0106397029508397,0.0009467949715702,
bt,900109,50,0.1365216751464773,17817003.0,True,catalogue_selected,0.833086083552134,406.7105275653722,2,1,0.73,0.0615349678606666,0.0013834490556601,612339.5656888838,89128.06367651258,0.1455533,0.0106083141724399,0.0001798350386081,
bt,900109,51,0.2252226558377801,7681687.0,True,catalogue_selected,0.6858407497006496,147.9905701953819,465,91,0.73,0.033195136430842,0.0003303905069163,12565152.313944716,2327422.0463224784,0.1852283,0.0186409770809545,0.0024779132837911,
bt,900109,52,0.1692768149922947,18892377.0,True,catalogue_selected,0.7699126598833688,32.16812997088113,3262,1404,0.73,0.0345372319604474,0.002629158749057,5850200.862827338,787905.0448912735,0.13468,0.0117681738607365,0.0009948408543446,
bt,900109,53,0.1245332102157012,13645367.0,True,catalogue_selected,0.9317950637048232,191.1097339359392,250,97,0.73,0.0461526721341744,0.0057028803152688,1490925.198802092,211006.0514125108,0.1415269,0.0090457730264679,0.0005761830699568,
bt,900109,54,0.2991241194706307,15265466.0,True,catalogue_selected,0.6296770524587192,25.45382316739321,462,41,0.73,0.0055134924699977,9.51371970025778e-07,6307001.693268262,1796708.149542611,0.2848752,0.0075519007477665,0.0018971375396008,
bt,900109,55,0.1968207320636317,2425333.0,True,catalogue_selected,0.7257126758437921,38.72728425647463,490,106,0.73,0.0378203517413731,0.001555594173339,8179949.98305819,1318601.5220446002,0.1611992,0.0147595683512547,0.0014886584977701,
bt,900109,56,0.0769060848004483,9192191.0,True,catalogue_selected,0.9118619430602942,74.58357997650322,100,88,0.73,0.0177465174478766,0.0071793130932575,138448.83520450085,15764.517057354982,0.1138653,0.0030191296433299,0.0004615245321614,
bt,900109,62,0.1377709020450259,18025041.0,True,catalogue_selected,0.8848661457300463,56.0359521222489,290,181,0.73,0.0537202083631935,0.0163042551044724,1110735.302317423,144320.1019287909,0.129932,0.0098694369877482,0.001162705515909,
bt,900109,63,0.1527458279849561,2213319.0,True,catalogue_selected,0.904548256381727,64.13915312402968,547,284,0.73,0.0426855008972815,0.0062015781658848,1956183.1538865424,274341.0677994955,0.140243,0.0089757288319591,0.00067395893359,
bt,900109,67,0.1840071240263443,17811758.0,True,catalogue_selected,0.8003710303266999,35.025354893588,7457,3419,0.73,0.0616699048622414,0.0052714422319149,7909034.651935227,1067731.399123313,0.1350015,0.0183344729786293,0.00145403325367,
bt,900109,68,0.1176056282658545,20515670.0,True,catalogue_selected,0.9427146741219524,56.52423917219187,951,638,0.73,0.0416036679365135,0.0114324576549185,805842.9263864271,94973.01799331886,0.1178555,0.0075859908794914,0.0008087118318226,
bt,900109,69,0.2364232016700596,17095219.0,True,catalogue_selected,0.7175522840653232,29.87131004838968,4452,1708,0.73,0.0234382304075385,0.0008079460167176,12441178.140526883,2273240.79910272,0.1827191,0.0169305521775772,0.0024502978879351,
bt,900109,70,0.1992216465502393,14217136.0,True,catalogue_selected,0.8369634557845992,30.123290191501336,1889,737,0.73,0.0244347626048363,0.0019706139923492,1990881.75096518,274502.3348074657,0.1378798,0.0060577919881866,0.000411949724853,
bt,900109,75,0.1471629016481885,8178520.0,True,catalogue_selected,0.8401215294468445,69.61143882866557,639,426,0.73,0.0437479299713248,0.0068360257096086,1920429.953601948,233785.83993520777,0.1217362,0.0091099727514734,0.0006704528581931,
bt,900109,77,0.1412285251433433,6772508.0,True,catalogue_selected,0.918169174532409,74.79517255519544,87,60,0.73,0.0211046845193134,0.0046024400902836,1256450.9463696172,149107.3702947134,0.1186735,0.0047432339237483,0.0004426357062306,
bt,900109,78,0.2389048383109484,19404448.0,True,catalogue_selected,0.6763980236194276,64.76523630744823,2893,1010,0.73,0.0362573897993841,0.001389456484162,11412300.40190216,1385893.3139085546,0.1214386,0.0179194645954077,0.0015494144180158,
bt,900109,79,0.2111092014590787,4409928.0,True,catalogue_selected,0.804860728808315,182.02522096909468,60,17,0.73,0.0560904357228158,0.0017312493265441,9707705.479600834,1392659.944508651,0.1434592,0.019330375302823,0.0015777388791572,
bt,900109,80,0.2284968662281725,9705275.0,True,catalogue_selected,0.6821013507944311,175.63948635743802,417,56,0.73,0.0424423195335673,0.0002798796789776,12796557.190840142,2410340.971904037,0.1883586,0.0203823161679061,0.0025623343557455,
bt,900109,81,0.1250130963422289,1842458.0,True,catalogue_selected,0.886665757141026,38.98028315180833,1878,935,0.73,0.0458607290424557,0.007012119494573,1521786.3545114526,191531.80788853223,0.1258599,0.0090310961387469,0.0006367503428956,
bt,900109,85,0.1084378283643447,12395333.0,True,catalogue_selected,0.8677539430624642,34.867938606676205,8538,5786,0.73,0.0271817996552447,0.0087759849669841,561955.6025641531,63139.170155914726,0.1123562,0.0049937530783918,0.0006104864123117,
bt,900109,91,0.1798601996858028,18046525.0,True,catalogue_selected,0.8090486314580192,221.1338187340414,20,8,0.73,0.0587043247853903,0.0069226257363712,6299053.538961877,1007634.49517317,0.159966,0.0161544611059299,0.0014928977511604,
bt,900109,96,0.2158629395958116,4457770.0,True,catalogue_selected,0.6810064035634068,136.12304068130743,2536,395,0.73,0.0730718603112838,0.0004065552053762,10746715.38150652,2638450.443752703,0.2455123,0.0231765152396544,0.002811036507206,
bt,900109,97,0.2854133734060386,7132297.0,True,catalogue_selected,0.6284770689582603,47.62206280017095,384,42,0.73,0.0459053914622544,9.963516490636476e-05,24027564.69931036,5937166.839408295,0.2470982,0.0328013567239683,0.006275011937453,
bt,900109,98,0.2755896830169073,5161666.0,True,catalogue_selected,0.7272859287166349,419.1725101352295,5,0,0.73,0.0087384813806414,0.0,5473945.797119633,1201757.1639697915,0.2195413,0.0071943941246685,0.0012688915459207,
bt,900109,100,0.2835209097449974,17390388.0,True,catalogue_selected,0.5793493130441293,55.23968879524174,1471,183,0.73,0.0290879734763526,8.874473339840187e-05,21026173.573048,3833444.753647153,0.1823178,0.026909760731232,0.0040530936912163,
bt,900109,101,0.2679414254909862,6397539.0,True,catalogue_selected,0.5783029429138362,82.33201815717514,40,10,0.73,0.0341687924224982,8.67966283324847e-05,8894811.213672323,2069952.590242556,0.2327146,0.0149232209484415,0.0021909659351637,
bt,900109,103,0.255097716191321,20473031.0,True,catalogue_selected,0.7296545611387851,235.85577567934249,32,1,0.73,0.2236254927110389,2.317290727782017e-05,17636602.24203745,3598839.106944465,0.2040551,0.0548241078795218,0.0038013188690128,
bt,900109,106,0.155624555844121,9934820.0,True,catalogue_selected,0.8784727243992119,122.19849211982591,15,4,0.73,0.0514453478805016,0.000668390219578,3418256.1900646053,582398.4584322529,0.1703788,0.0119375917055505,0.0006563513152451,
bt,900109,110,0.1490465942656035,13619007.0,True,catalogue_selected,0.8561852921666697,25.273937539836474,3249,1262,0.73,0.0535984046718199,0.0110147352970119,2796499.8769062134,344915.021038319,0.1233381,0.011629655755894,0.0010467315392627,
bt,900109,111,0.3205376849965947,6743899.0,True,catalogue_selected,0.6051111660796301,61.88914068165919,2145,101,0.73,0.0219430708370693,9.489282001843957e-06,26382365.820296828,5301134.619101994,0.2009348,0.0314084953807667,0.0055978626646909,
bt,900109,114,0.1142661232437138,15439672.0,True,catalogue_selected,0.9085994279645684,44.19698012498672,444,284,0.73,0.0304809290127284,0.0080889730740397,352073.30107094074,47639.44142956423,0.1353111,0.0053062351605234,0.0005515488574123,
bt,900109,115,0.4241935925116721,5813946.0,True,catalogue_selected,0.4612240631216127,296.2851668655232,3,0,0.73,0.0034905872666735,0.0,39538618.36949524,9660052.878763942,0.2443194,0.0423124685226477,0.0101996974085182,
bt,900109,117,0.3750087873016357,6212782.0,True,catalogue_selected,0.4911545838398766,270.0169486273753,48,0,0.73,0.005706157734397,0.0,37752075.53770844,8249723.157195854,0.2185237,0.0407847971909351,0.0087105817083488,
bt,900109,118,0.4241777438154759,555869.0,True,catalogue_selected,0.362418701934141,31.05391128413028,9702,1162,0.73,0.0064439082387953,2.5457938147500586e-05,47551577.30906162,7171937.648904574,0.1508244,0.0512511664828194,0.007574164858829,
bt,900109,120,0.2541936821076336,16972710.0,True,catalogue_selected,0.5518246367006416,41.84865195961499,503,139,0.73,0.0474682226656249,0.0006766374937777,21023927.517013498,4001222.987729452,0.1903176,0.0298829292771756,0.0042666744648299,
bt,900109,122,0.0661664868759318,17365594.0,True,catalogue_selected,0.9233032378258538,57.38360026281263,97,82,0.73,0.0189543550938324,0.0075553941349521,97475.72958752463,13381.65981948467,0.137282,0.0031714019446327,0.0004823131142929,
bt,900109,123,0.0913055711905003,125386.0,True,catalogue_selected,0.9365005989076766,43.048423697750906,486,316,0.73,0.0185167901919167,0.0028735227854756,358968.19891744805,54118.11801876241,0.1507602,0.0033766658367866,0.0002352044763093,
bt,900109,124,0.1645784964796071,2178093.0,True,catalogue_selected,0.777606548719084,40.42774537739192,142,47,0.73,0.0291437778432168,0.0010306311168222,3748392.381444127,688426.0642452246,0.183659,0.008675815965716,0.0007907489201582,
bt,900109,126,0.2823475866742345,4582088.0,True,catalogue_selected,0.5890004673920184,36.61251046020066,586,79,0.73,0.0394069773491307,0.0001090526935867,22276748.55189154,4580727.734559351,0.2056282,0.0299007191679386,0.004843380947898,
bt,900109,127,0.2822241747315483,18991704.0,True,catalogue_selected,0.6542548691942957,187.883818495227,233,44,0.73,0.0355934102030563,0.000181477975054,26734685.94043796,4510222.692672802,0.168703,0.0339903222141446,0.0047734252123032,
bt,900109,129,0.2904264766725627,12774334.0,True,catalogue_selected,0.6249070104973468,56.29529508588652,649,77,0.73,0.0316326067563243,0.0001923183963531,29064375.186985053,4211016.641877027,0.1448858,0.0358089499151777,0.0044581762058188,
bt,900109,130,0.2410605529576205,4168940.0,True,catalogue_selected,0.6407630489903389,29.650515242380088,5785,1049,0.73,0.0668920747449503,0.0006294711547563,15137707.118287766,2883334.7714980603,0.1904737,0.0268123706665594,0.0030834143320128,
bt,900109,131,0.204044520043893,15989641.0,True,catalogue_selected,0.834398108097613,64.96781760041952,3166,872,0.73,0.0338773660869697,0.0015476216137924,2201239.429442569,322573.5954316156,0.1465418,0.0078085443024314,0.0004364949136568,
bt,900109,134,0.1595532028163537,17398297.0,True,catalogue_selected,0.8460621925272618,61.5995118415526,2185,1015,0.73,0.072244331528166,0.0087048631697139,3211638.415702187,446380.6187363847,0.1389884,0.0150865354696486,0.0010107298830202,
bt,900109,135,0.1111892701561259,8599079.0,True,catalogue_selected,0.9106343520230852,68.45264056268448,33,27,0.73,0.0185835927307953,0.0042313506566329,558331.2291149766,66582.81271219182,0.1192532,0.0035979805102555,0.0003325057966365,
bt,900109,138,0.0796549623642154,12276015.0,True,catalogue_selected,0.9334938554162078,104.3272260849585,77,62,0.73,0.0229841089423646,0.0093727814627425,146143.33845769404,14818.197259838518,0.101395,0.0038751567142669,0.0005964476535453,
bt,900109,140,0.2948844733840269,20401783.0,True,catalogue_selected,0.6021065159012035,126.11322204528734,185,30,0.73,0.0483645078260081,0.000344701626602,25169834.584901188,4426019.682428768,0.1758462,0.0344055390245364,0.0046946327798326,
bt,900109,143,0.1596439679630071,15345383.0,True,catalogue_selected,0.7288453853813549,53.312265178754735,262,107,0.73,0.0609570068252667,0.0066436172657359,2689410.975646008,373953.7314893415,0.1390467,0.0127078531943002,0.0008065280776924,
bt,900109,144,0.1745187771509651,10074808.0,True,catalogue_selected,0.6638436012866167,55.25887968801057,1549,524,0.73,0.0561129109550487,0.002430183910818,4687233.353515224,835850.6103700155,0.1783249,0.0140330804142826,0.001033134985557,
bt,900109,146,0.2326041819024844,19267310.0,True,catalogue_selected,0.745721003800711,26.59454669929407,1216,266,0.73,0.0500944786625572,0.0006761658665474,16111112.525722727,2939508.663710721,0.1824522,0.0251208262483612,0.0031456198192032,
bt,900109,148,0.1365603700866802,2677688.0,True,catalogue_selected,0.9149711976490066,46.29626602503123,362,171,0.73,0.0433401605890046,0.0029878942872627,2110767.626871201,347204.65458867856,0.1644921,0.0092449304247064,0.0005517510983229,
bt,900109,150,0.1861067613920041,7469345.0,True,catalogue_selected,0.7672470873719246,63.52557887928698,1185,454,0.73,0.0650028569149079,0.0040974649078823,4052246.463702831,652117.6648952545,0.1609274,0.014801795669777,0.0009424542081621,
bt,900109,151,0.2094960738469452,17216550.0,True,catalogue_selected,0.6120249574089381,39.90018420555952,1435,604,0.73,0.0457545770524944,0.0017743804741183,12144586.649629986,2225567.5066492828,0.1832559,0.0202301386969364,0.0024598482881564,
bt,900109,153,0.1597355913524147,16357213.0,True,catalogue_selected,0.6991765669895821,56.49986689465316,153,57,0.73,0.0466742743104823,0.0038598277164094,3137295.6943694875,508087.3048897147,0.1619507,0.0108685566531646,0.0007756521795829,
bt,900109,158,0.3322386431952801,14770849.0,True,catalogue_selected,0.5086001832750242,36.31649693449704,500,88,0.73,0.0059951469187094,2.4137764075105733e-05,25016845.92134837,3951045.768847766,0.1579354,0.0273849167106156,0.0041732608229448,
bt,900109,159,0.1831084591401575,11176246.0,True,catalogue_selected,0.8151592503097075,60.26705346934994,644,208,0.73,0.0659630691659063,0.0042327927928056,4662595.332378112,663458.396996639,0.1422938,0.0156016875247067,0.0009628143149888,
bt,900109,160,0.1264658100973654,17381431.0,True,catalogue_selected,0.901577636076766,105.57418855638647,57,47,0.73,0.0029877776711204,0.0018100037524186,300512.5564475245,27823.41510074718,0.09258653,0.0008009853190769,0.0001415379438638,
bt,900109,163,0.2117471665642931,4051009.0,True,catalogue_selected,0.7189507971051703,30.40367816499112,1404,221,0.73,0.0372032154102428,0.0007386581827415,5783460.578463586,943821.9071633192,0.1631933,0.0121292957105969,0.0010423194327148,
bt,900109,164,0.101247461731346,1955669.0,True,catalogue_selected,0.8536248296959067,39.62278683735923,456,386,0.73,0.0114894826393484,0.0051195929127365,374639.1803096998,30538.605854293022,0.08151471,0.0022555761415711,0.0003494896003622,
bt,900109,165,0.1261258993835086,13133399.0,True,catalogue_selected,0.8986935222646065,63.75574683180261,178,69,0.73,0.0930247216650019,0.026064092087226,1577438.7038736637,254858.3750430905,0.1615647,0.0167251374836653,0.0018842051133184,
bt,900109,166,0.2648084145249467,10775414.0,True,catalogue_selected,0.7349344472687733,63.83430935653512,1565,421,0.73,0.0579717767080396,0.0015519590164815,21990693.558415808,2479928.9595739846,0.1127717,0.032604100651725,0.0027146365113463,
bt,900109,167,0.1060549859024,14123246.0,True,catalogue_selected,0.9395324844871586,114.28843233558096,27,15,0.73,0.0102861734478254,0.0005771645565811,215236.82129599745,40465.54580706322,0.1880048,0.0018924677994418,7.84911578921066e-05,
bt,900109,169,0.3804634626823083,2578143.0,True,catalogue_selected,0.4707424309493797,23.74843477546814,3467,76,0.73,0.0068272335756529,1.2063779183139204e-07,47515125.33979378,13614857.05279403,0.2865373,0.0512747339148911,0.0143754383289294,
bt,900109,173,0.1081687115914315,16890073.0,True,catalogue_selected,0.9215450214627854,183.7784208372273,138,117,0.73,0.0795972334140652,0.0099905315950151,999200.4685634788,190535.435365811,0.1906879,0.0139408488552416,0.0008202610988901,
bt,900109,174,0.3375092495191195,16364924.0,True,catalogue_selected,0.5892979872270397,26.612907883648308,650,51,0.73,0.0037482118063491,2.618778338875672e-07,43977387.083235085,12882830.926075304,0.2929422,0.047040908766159,0.0136025274003188,
bt,900109,175,0.0865653624793613,7446229.0,True,catalogue_selected,0.8142301177467565,117.03167360854296,238,195,0.73,0.0442913825289199,0.0120660756362057,247906.34464983843,27126.38920931616,0.1094219,0.0074319944883898,0.0007763383564987,
bt,900109,176,0.1618277918125875,2005991.0,True,catalogue_selected,0.8558722653658708,177.0123020948896,26,21,0.73,0.0610462803834586,0.0157304412805561,3400165.4567880463,355608.62063193566,0.1045857,0.0134727652300973,0.0013502399243485,
bt,900109,177,0.1406433457298786,12068385.0,True,catalogue_selected,0.8628355184038117,24.781074247911185,6712,2520,0.73,0.0706833470113936,0.0022504715562925,2682707.629768827,644503.6688678751,0.2402437,0.0142753522331295,0.0008199625239863,
bt,900109,181,0.1663062211797811,4542547.0,True,catalogue_selected,0.8565588283852078,410.73417578029085,2,0,0.73,0.0700891006197665,0.0,2892329.3097502496,618686.7926812554,0.2139061,0.014400482812742,0.0006532488129405,
bt,900109,182,0.1309794776769786,4340173.0,True,catalogue_selected,0.8563397364199126,43.41692830414722,4857,2797,0.73,0.0478242496451949,0.0148152891257134,1567145.7434181122,160436.58310892846,0.102375,0.0093968597037224,0.0010874558021869,
bt,900109,183,0.2934223793067718,10535901.0,True,catalogue_selected,0.5973835910328881,73.65100866643479,1088,38,0.73,0.0333830821075993,4.106051288509326e-06,26263410.31641431,7744784.385734853,0.2948888,0.0331348940866724,0.0081776897201915,
bt,900109,185,0.1241214410283381,13483556.0,True,catalogue_selected,0.8692216419046483,48.09334902527712,214,93,0.73,0.051106037166349,0.0141252341314691,2124913.2214476764,256323.5394163793,0.1206278,0.0105170677484177,0.0011459388129373,
bt,900109,188,0.2401764402169485,20772838.0,True,catalogue_selected,0.6889257244431274,339.7987207144713,8,2,0.73,0.1210997896051145,0.015580221736408,13100443.464569122,1572960.8082243083,0.1200693,0.0334368718111008,0.0026262890561376,
bt,900109,189,0.2542615265089411,20049816.0,True,catalogue_selected,0.5973697382111166,57.20262169377478,631,100,0.73,0.0589875026488338,0.00072999044934,13809608.008563671,2590213.1702876715,0.187566,0.024130424635692,0.0027801467903594,
bt,900109,190,0.2644952884040155,1122823.0,True,catalogue_selected,0.5533765643040005,65.59785736462707,108,38,0.73,0.0522457073216678,0.0014345784769918,23246629.38589503,3498714.728577127,0.1505042,0.0330032160825672,0.0037830615353979,
bt,900109,193,0.1942986953758093,9270186.0,True,catalogue_selected,0.7615384959787578,27.33754276830437,1395,312,0.73,0.0591871160125337,0.0007062772264823,7249565.272160192,1761305.3111582194,0.2429532,0.0172362298290097,0.0019034637893048,
bt,900109,194,0.2246752068663543,10506880.0,True,catalogue_selected,0.7007386451596612,299.25833132273544,26,2,0.73,0.1395749556769199,0.0001148164187195,13025413.005053656,2412677.9928408405,0.1852285,0.0363485558562592,0.0025545734820699,
bt,900109,195,0.224598498974142,5928872.0,True,catalogue_selected,0.7676066164532694,128.75812784012476,14,3,0.73,0.0549741102753129,0.001948060621197,12078306.941771092,2091653.5894011687,0.1731744,0.0216526873100334,0.0023292158785724,
bt,900109,197,0.1121037320360197,19102661.0,True,catalogue_selected,0.8799416818139297,63.67264990229036,63,34,0.73,0.0215425556221531,0.0024573381174824,870062.6586456196,123940.93601111484,0.1424506,0.0044061466637331,0.0002831381932984,
bt,900110,0,0.1979965476813781,9442503.0,True,catalogue_selected,0.7641706614059459,39.30803667661059,2919,1324,0.73,0.0597739888817238,0.0100160406338989,3843612.084045484,403460.28912074136,0.104969,0.0137350157370961,0.0010466613984259,
bt,900110,1,0.1341713436095094,6380584.0,True,catalogue_selected,0.8599832275379913,1068.0998922314843,1,1,0.73,0.7550870565048691,0.0416036662911647,778215.2779066274,143936.52547381577,0.1849572,0.1230611524313654,0.0027300251047282,
bt,900110,3,0.2574156960733507,7121495.0,True,catalogue_selected,0.6941903637777469,43.81572669304647,517,47,0.73,0.0300203321684823,1.5058510801189738e-05,18807442.040257476,5607047.941770758,0.2981292,0.0247180206487905,0.005921210489026,
bt,900110,4,0.1788382504914647,15362416.0,True,catalogue_selected,0.8290839514546545,75.18426845986467,291,129,0.73,0.0736830980225497,0.0041439547942312,5996479.368346264,1159440.584045628,0.1933536,0.0182598663293234,0.0014809988013125,
bt,900110,5,0.1295715905327969,16262728.0,True,catalogue_selected,0.9485429664106628,63.625250032077446,273,148,0.73,0.0380277586284798,0.0080164771124006,1067850.6582267368,144669.97656441585,0.1354777,0.0072837388106375,0.0006495075137756,
bt,900110,6,0.2134067478283774,18123311.0,True,catalogue_selected,0.6999779364837233,34.70780327816902,261,83,0.73,0.0245506324022375,0.00066707852013,9877057.678281998,1980016.4284167024,0.2004662,0.0144032753587475,0.0021319638588069,
bt,900110,7,0.2624042390873675,5522605.0,True,catalogue_selected,0.8350210955379235,667.3384720182261,1,0,0.73,0.0030831092735792,0.0,4290036.423761937,906294.6402102456,0.2112557,0.0050288110550206,0.0009569234463951,
bt,900110,8,0.1319370652578189,3806586.0,True,catalogue_selected,0.8333246414458162,24.65440531984506,361,106,0.73,0.0140515090773511,0.0005470691991753,620023.4158841718,122097.64088194072,0.1969242,0.0029294295017702,0.0001628185946804,
bt,900110,9,0.0954265514897188,13843388.0,True,catalogue_selected,0.9256264807533,270.0169486273753,35,30,0.73,0.0150245158725887,0.0042033141775257,184599.56351130837,20748.50262443817,0.1123974,0.0026271993752947,0.0002823736887345,
bt,900110,11,0.1945092766800286,3653397.0,True,catalogue_selected,0.6639528954626538,589.8166147157915,9,4,0.73,0.014340906731297,0.0002733252532095,4471550.025317519,762385.5283821435,0.1704969,0.0070429659145779,0.0008219121679662,
bt,900110,12,0.1953780692753393,18687656.0,True,catalogue_selected,0.8891922457601172,64.64036122792551,457,180,0.73,0.0580652471515176,0.0028523899033494,4979799.593770563,884455.6667775813,0.1776087,0.014658050054665,0.0011106180630224,
bt,900110,13,0.1959853211859359,14482975.0,True,catalogue_selected,0.7650466132660153,34.867938606676205,12127,5617,0.73,0.0267788004535212,0.0029515528905973,2720109.99963767,348859.4961236281,0.128252,0.0072072288732996,0.0005512464235735,
bt,900110,14,0.1609109763199658,18489194.0,True,catalogue_selected,0.8854908642771818,36.03391003064969,902,329,0.73,0.0521350701506481,0.0044326114012069,3713170.745752523,542666.0045858326,0.1461463,0.0123606389204253,0.0008476561626496,
bt,900110,16,0.264028243852779,19307586.0,True,catalogue_selected,0.5617712377859336,46.60950645461511,1037,98,0.73,0.0368692239861188,0.0001051762279815,12736148.372470932,2804393.5899156663,0.2201917,0.0194163159258242,0.0029675743179558,
bt,900110,17,0.1374315295260048,13268868.0,True,catalogue_selected,0.8802093291878711,56.20607173499768,574,289,0.73,0.0333242462367529,0.011579339767377,1939673.6297146392,187782.6003890705,0.09681144,0.0074428231021947,0.0009158079044418,
bt,900110,18,0.2423966199222948,18634649.0,True,catalogue_selected,0.6461696132698882,168.27646830916524,30,2,0.73,0.0767475644203112,2.292014470259989e-05,13508145.30016358,3617007.927450033,0.267765,0.0266872603915544,0.0038204870008361,
bt,900110,19,0.2003870548784442,7469968.0,True,catalogue_selected,0.7596717304025882,257.6790023132774,117,60,0.73,0.0467202254114512,0.0069752548393201,6203660.74070941,660058.7024482167,0.1063983,0.0141136585634561,0.0011291664114345,
bt,900110,20,0.1883424876994364,19892765.0,True,catalogue_selected,0.7949654075424017,71.98952937570598,2521,1115,0.73,0.0636082980227879,0.0061267450283134,6959662.993314808,798690.1367423619,0.1147599,0.017645868492106,0.0012229628125976,
bt,900110,23,0.2163650210348454,8896282.0,True,catalogue_selected,0.6877470479332716,285.768509871934,29,15,0.73,0.0599547692248207,0.0042417276689056,6518295.666997271,884761.3056683487,0.1357351,0.0165883827036822,0.0011970336485442,
bt,900110,24,0.244452984521403,359065.0,True,catalogue_selected,0.7148973550908686,28.55928311370242,8390,1735,0.73,0.0469461936313276,0.0004193800927302,16159538.848794997,3091014.310906217,0.1912811,0.0246622885612738,0.0032896769014749,
bt,900110,25,0.1531551892531359,6930769.0,True,catalogue_selected,0.8103163418873154,54.34334964951975,2706,1262,0.73,0.0583480924024263,0.0073514808108839,3955726.66583491,579335.6062704595,0.1464549,0.0136225580368704,0.00106724737419,
bt,900110,26,0.1926221505155108,8314762.0,True,catalogue_selected,0.7304397521732129,50.384642965484566,3416,931,0.73,0.0463792266018474,0.0018558414735093,5645230.866898258,977220.2499517192,0.1731055,0.0134688292491717,0.0011468118438693,
bt,900110,27,0.1877587916840849,5064880.0,True,catalogue_selected,0.897828099042876,39.48156178990438,161,51,0.73,0.0306119635220532,0.0008933621537639,2221000.56844802,441321.3265453712,0.1987038,0.0073007801808534,0.0005213339186804,
bt,900110,29,0.1577147856100655,12719486.0,True,catalogue_selected,0.6881351454740728,536.3839644445267,0,0,0.73,0.0,0.0,2212502.932794817,338872.42421279324,0.1531625,0.0023361011283463,0.0003578030296976,1.0
bt,900110,30,0.099065555165798,17394570.0,True,catalogue_selected,0.9087575058062316,55.23968879524174,1629,1186,0.73,0.0367003471039166,0.0112701128549432,466900.6002677152,54725.701889690645,0.1172106,0.006434325695135,0.0007561561646599,
bt,900110,34,0.21142801665085,16203442.0,True,catalogue_selected,0.7240346892048766,336.9278731502751,63,25,0.73,0.031732786115436,0.002720222783357,4590876.490452922,662058.4273497418,0.1442118,0.0099844933310479,0.0008676069526689,
bt,900110,35,0.1708204470159994,4608985.0,True,catalogue_selected,0.7738462759058119,485.945860890477,1,0,0.73,0.0153547629586787,0.0,4638860.728631949,732612.8014972608,0.1579295,0.0073837542450629,0.0007735391293049,
bt,900110,37,0.2074569585482402,5194550.0,True,catalogue_selected,0.7305568767858608,410.73417578029085,9,1,0.73,0.1231574048791818,0.0001273141189519,7277807.911023186,1759665.1708207314,0.2417851,0.0276220663868817,0.001865855510066,
bt,900110,38,0.178257699702603,17269600.0,True,catalogue_selected,0.7611769849046331,55.74574537392985,2366,869,0.73,0.0920891249041359,0.0078745239482706,5745108.627957866,823696.0649529152,0.1433735,0.0209741663064943,0.0013576699985377,
bt,900110,40,0.1246539336370098,2409972.0,True,catalogue_selected,0.8516052675065879,83.08265043593336,1094,722,0.73,0.0199680427632681,0.0060904344786526,757477.0451442943,77488.21300302664,0.1022978,0.0040323770303383,0.0004592219627545,
bt,900110,42,0.059128725648665,934711.0,True,catalogue_selected,0.9478712104478536,257.3198853700213,7,7,0.73,0.0121406910736491,0.0028402301576523,37448.05210679572,4865.4006396978,0.129924,0.0020049711015541,0.0001811372899293,
bt,900110,43,0.3478675382777841,17827352.0,True,catalogue_selected,0.5562478022928912,24.565731073501137,13492,2760,0.73,0.0046714791923762,1.5034700846310112e-05,32240108.78058429,5010841.174719196,0.1554226,0.0347974106405274,0.005291696039585,
bt,900110,44,0.2004442476244078,16286925.0,True,catalogue_selected,0.7934042960040552,994.9974612426676,129,50,0.73,0.0625368680347562,0.0083244990548142,9754000.727252023,1399742.314769362,0.1435044,0.0204228562015476,0.0019937797538464,
bt,900110,45,0.1517336608046268,19880858.0,True,catalogue_selected,0.8596911712376936,39.1631128605062,424,142,0.73,0.0541900158653941,0.0049200454903865,2042592.934423592,313850.046000838,0.1536528,0.0109294076179811,0.000636262490592,
bt,900110,48,0.2473596871561358,5116629.0,True,catalogue_selected,0.6630438674842,45.714942233754016,5359,2385,0.73,0.0260923265094188,0.0016752987996567,7270130.703941171,747924.5380090451,0.1028764,0.0119002979071545,0.0008935192078036,
bt,900110,51,0.1777359758903865,3088069.0,True,catalogue_selected,0.7215015116613338,122.19849211982591,27,12,0.73,0.05956376524059,0.0027190718100428,4973245.353972155,896747.9724074809,0.1803144,0.0148937216292798,0.0011153357589737,
bt,900110,52,0.2763091779757227,18160833.0,True,catalogue_selected,0.6401651243167124,29.67466154646216,639,98,0.73,0.036227125800181,0.0001254852762512,26215201.50844729,5252389.202156973,0.2003566,0.0335444084464347,0.0055535820626551,
bt,900110,53,0.2123227329621287,5531611.0,True,catalogue_selected,0.599179973275672,385.538769323715,45,20,0.73,0.0100783056470661,0.0007606446623971,2881419.325472613,333666.7076746009,0.1157994,0.0046739413524572,0.0003994412504609,
bt,900110,56,0.1056289180082336,20107021.0,True,catalogue_selected,0.8892078907757115,128.75812784012476,8,7,0.73,0.0279265195912182,0.00216650369838,424794.4460835205,54332.96760191827,0.1279041,0.0049694907691572,0.0001916195887134,
bt,900110,57,0.069958722576324,1034012.0,True,catalogue_selected,0.9399353543328484,76.5531063365683,39,6,0.73,0.0009660551519919,5.744634237499909e-06,91820.84242544802,12060.059492551394,0.1313434,0.0002533429244014,1.308975366999301e-05,
bt,900110,59,0.3188861394493347,4820161.0,True,catalogue_selected,0.6235581005522797,33.30512401745811,191,13,0.73,0.0101645803602111,2.445876706258786e-06,25715065.279699396,6057470.249435359,0.2355611,0.0287971219120144,0.0063960134059109,
bt,900110,60,0.1561305587793902,1710447.0,True,catalogue_selected,0.8377116412095813,1424.7236072062765,1,1,0.73,0.3526806057996363,0.0185400046871172,3498089.673231798,445145.88885589567,0.127254,0.0607882304390957,0.0016188788284976,
bt,900110,61,0.2099557387531665,11838043.0,True,catalogue_selected,0.6522565472351545,61.962260005145644,93,23,0.73,0.049786162990697,0.0012298713984178,8806034.81846473,1501426.0163138737,0.1704997,0.0173577486283864,0.0016615121998724,
bt,900110,62,0.1948501785555594,16747496.0,True,catalogue_selected,0.7344568594278121,23.81279793836828,16882,11654,0.73,0.0735510536956481,0.0178846260914127,10637362.059452504,1028705.5281008146,0.09670683,0.0231386286705432,0.0021944264203556,
bt,900110,63,0.2364869746399309,16409512.0,True,catalogue_selected,0.7465170412598635,38.72728425647463,677,169,0.73,0.0107191696504463,5.33305811072332e-05,2086957.139661198,392051.6303877834,0.187858,0.0039388458469859,0.0004172577410151,
bt,900110,64,0.0824882683167758,10969663.0,True,catalogue_selected,0.809793038390669,55.25887968801057,668,472,0.73,0.0128129544293508,0.0029763257250092,145794.50060424028,21733.2637505307,0.1490678,0.00222820147146,0.0002073808635987,
bt,900110,65,0.3160374058239302,14194107.0,True,catalogue_selected,0.5707809821435877,67.38964371443768,289,9,0.73,0.0267920572829333,4.337330968318642e-06,27650728.92396876,6745235.863942394,0.2439442,0.0335327059760757,0.0071223172340714,
bt,900110,66,0.2314590391576683,1942260.0,True,catalogue_selected,0.6818044920752728,40.147921652622415,3265,537,0.73,0.0552108882925175,0.0004470050563451,10130139.129881708,2280107.775626508,0.2250816,0.0196340194898248,0.0024351821067779,
bt,900110,67,0.0954917948245951,13709535.0,True,catalogue_selected,0.8905730702470763,89.4837444172793,22,17,0.73,0.024496135634558,0.0040977019625547,355410.8324270682,53841.63432170604,0.1514913,0.0043408934632654,0.0003107710638178,
bt,900110,70,0.1139212179503701,10882292.0,True,catalogue_selected,0.8510204911316807,38.70374681485398,782,500,0.73,0.0385192247794485,0.005387046651128,477422.7078088176,72892.8690607347,0.1526799,0.0067398899049067,0.0004107831849895,
bt,900110,72,0.1915824387630511,17224174.0,True,catalogue_selected,0.8720355345108498,136.12304068130743,3076,696,0.73,0.0838457484038071,0.0009723291783474,7058391.838264062,1607128.768575628,0.2276905,0.0210263111662781,0.0017571608018185,
bt,900110,73,0.2683367789444144,3484782.0,True,catalogue_selected,0.697095665584297,44.81856820938026,228,15,0.73,0.0317246965631401,2.7204064067116178e-05,25828625.46115053,6305436.763098809,0.2441259,0.0324073480551076,0.0066593663878277,
bt,900110,74,0.2893474679869727,12042439.0,True,catalogue_selected,0.6687492025463339,309.3830615536255,13,4,0.73,0.0519379397390833,0.0010181137322305,30341583.80639877,3951304.995590645,0.1302274,0.0404446957612462,0.004235128081892,
bt,900110,75,0.1910380823088728,5074043.0,True,catalogue_selected,0.7497402540168082,50.18416466668685,60,12,0.73,0.0143394653104751,0.0006711179452409,2079620.3425570289,315179.02722723054,0.151556,0.00451718127834,0.0003743730953024,
bt,900110,77,0.1790127594987254,12861043.0,True,catalogue_selected,0.813457805597154,128.0257586852264,638,186,0.73,0.0638788446595848,0.0095251691247449,6214199.868563475,800522.6118086322,0.1288215,0.0169025594041171,0.001435487262177,
bt,900110,80,0.1820356026438694,15955797.0,True,catalogue_selected,0.787559088066227,95.98280691546908,57,29,0.73,0.0077744288741056,0.0013254291095066,410756.4237790949,49109.071150164105,0.1195576,0.0016922887422008,0.0001339851316215,
bt,900110,81,0.1460346804446398,7086611.0,True,catalogue_selected,0.9207624593526916,58.51975449692943,118,49,0.73,0.0438098573675461,0.0031339775374337,1751853.7286210384,328646.5568633129,0.1875993,0.0089420045622265,0.0005412085975392,
bt,900110,84,0.1493759092076455,13404433.0,True,catalogue_selected,0.8549725631475837,73.65100866643479,994,157,0.73,0.0616685685692039,0.0012186632197332,2431630.0853785435,461939.1050597466,0.189971,0.0125508649983962,0.0005632613582867,
bt,900110,85,0.13693765307602,8709676.0,True,catalogue_selected,0.8251797751271363,226.6449486495829,27,10,0.73,0.0722257442680112,0.0023280228436043,1740817.803030272,345142.6236745573,0.1982646,0.0135305405917956,0.0005086837262067,
bt,900110,86,0.2626789285571391,7134038.0,True,catalogue_selected,0.6218901481326323,31.21191294097127,2144,502,0.73,0.0424218207250928,0.0004466458567468,21042166.739079565,3798259.263294732,0.180507,0.0290852359574304,0.0040381206176637,
bt,900110,90,0.2103843428382498,2441633.0,True,catalogue_selected,0.6263076580071234,63.582308753103504,1337,471,0.73,0.0560705444689658,0.0029066424214151,11224178.396012217,1454877.177806744,0.1296199,0.0209283435765654,0.001716267183088,
bt,900110,92,0.1565121815600272,10923084.0,True,catalogue_selected,0.8852915735853604,114.28843233558096,68,36,0.73,0.0400836579817658,0.0015965098560089,1790667.7179659202,369427.44108637824,0.2063071,0.0083797602172582,0.0004889956298599,
bt,900110,93,0.0717274529885634,939129.0,True,catalogue_selected,0.9526145308735656,299.25833132273544,1,0,0.73,0.0266958522776676,0.0,74445.40909122558,9749.546918202012,0.1309624,0.0044003398469082,1.0294190899764116e-05,
bt,900110,94,0.1043367486111731,14397132.0,True,catalogue_selected,0.8759333950059093,61.74085647149202,558,375,0.73,0.0547320170423464,0.0129274938293117,812240.8869490236,106489.371922508,0.1311057,0.0097180672140123,0.0009135141988607,
bt,900110,95,0.1113509896107548,1064908.0,True,catalogue_selected,0.919960069071848,88.62281577882493,9,1,0.73,0.0026846644226244,4.635267670465967e-06,3999820.585341273,556758.6835466286,0.1391959,0.0046578793360855,0.0005881484147138,
bt,900110,96,0.2547485853627892,5101762.0,True,catalogue_selected,0.7406729622422081,23.203038760836748,4209,1306,0.73,0.031709270947053,0.0012720579532824,15516393.599737007,1784683.6970037029,0.1150192,0.0215165414314463,0.0019632078184103,
bt,900110,98,0.1329941821102427,10609828.0,True,catalogue_selected,0.7616679763275928,46.62542662222315,2738,1254,0.73,0.0836222894267181,0.0117921898982593,2836248.9175589867,389483.3274884325,0.1373234,0.0165321291859325,0.0011419659938114,
bt,900110,99,0.1301763369396279,11146541.0,True,catalogue_selected,0.8875336965973891,406.7105275653722,4,2,0.73,0.0889072058399979,0.0187670492523199,1446098.8524635984,207915.6973308228,0.143777,0.015919884506551,0.0013824653585945,
bt,900110,100,0.0477231641000627,46826.0,True,catalogue_selected,0.968011328506483,177.0123020948896,1,1,0.73,0.002904001208537,0.0001517646897178,134625.96920295942,12564.932269774255,0.09333216,0.0006122693274213,2.267123199321937e-05,
bt,900110,101,0.0923240276818894,16780625.0,True,catalogue_selected,0.90426558376248,317.03055070300803,22,18,0.73,0.2075430468471743,0.1110982363195806,471478.1227261984,63756.701605847054,0.1352273,0.0340965260513041,0.0069517251329121,
bt,900110,103,0.2420504483914123,1987331.0,True,catalogue_selected,0.7366004235568656,166.76449765898423,48,17,0.73,0.0624156920680028,0.0028283284894313,17665271.32223536,2718667.8941632,0.153899,0.0287564612735097,0.0030458048268336,
bt,900110,107,0.1647213110228153,1220954.0,True,catalogue_selected,0.8963410282770192,44.08220550057354,12922,3906,0.73,0.0452730030580124,0.0014673301981249,2983326.915895496,587284.8770988745,0.1968557,0.0104791377667484,0.0007110184931525,
bt,900110,108,0.1943831784207186,12309843.0,True,catalogue_selected,0.7841918681497168,321.40781546179966,13,4,0.73,0.1010871766521902,0.0031574140605664,8546505.384341417,1444004.055007443,0.1689584,0.0253887347047746,0.001720326175725,
bt,900110,109,0.0703705839670114,12168928.0,True,catalogue_selected,0.9301923597693842,40.75559318918488,2737,2347,0.73,0.0118316836328737,0.0053413335351758,89968.18630575394,8383.56264481781,0.09318364,0.0020104006272831,0.0003398374644348,
bt,900110,111,0.2243000593255531,10700159.0,True,catalogue_selected,0.6986053171428325,58.65756101631632,123,26,0.73,0.1231685099986064,0.0012243255749794,13806880.09087465,3005322.9673219724,0.2176685,0.0345176732870303,0.0032490784668494,
bt,900110,112,0.3171596341675478,9046453.0,True,catalogue_selected,0.6436894818526793,307.13263456812825,6,0,0.73,0.0104176633788724,0.0,33866881.10206509,8441935.46988829,0.2492682,0.0374452979176858,0.0089135316768695,
bt,900110,114,0.1801335562567786,6603038.0,True,catalogue_selected,0.7812530908028773,60.17458900837416,4205,2018,0.73,0.0074549166938245,0.0009771618532526,474879.502107817,61294.632328209664,0.1290741,0.0017082688030341,0.0001252703993731,
bt,900110,115,0.3071097903119985,8111317.0,True,catalogue_selected,0.5518803252479157,42.319048461331626,127,6,0.73,0.03111493964372,7.63287453246281e-06,26820393.53703335,6188278.183497388,0.2307303,0.0333558075123466,0.0065344501531121,
bt,900110,116,0.130628971939375,18251353.0,True,catalogue_selected,0.8705729766865465,29.87131004838968,7939,4787,0.73,0.0494568195758578,0.0104975104632216,1511899.4197646785,217778.36754273425,0.1440429,0.009602820455508,0.0008804417960489,
bt,900110,117,0.1956133298457622,17602838.0,True,catalogue_selected,0.8029449362451283,44.35627042231905,359,111,0.73,0.0985396471223133,0.0040234700981362,8650463.129467983,1450019.9425417974,0.1676234,0.025086085671127,0.001780344888769,
bt,900110,118,0.1694565538354882,5725258.0,True,catalogue_selected,0.7878402655462206,24.724337242190924,33788,9137,0.73,0.0334890734850548,0.0008371195086664,3184256.0168070407,660178.464672442,0.2073258,0.0087836157770975,0.0007489320072463,
bt,900110,119,0.1386810864348221,15185103.0,True,catalogue_selected,0.8167229192122109,175.34537635840928,6,4,0.73,0.0064534638238962,2.601850300256584e-06,296021.7158679925,37415.931516255936,0.1263959,0.0013572962825386,3.966734549270237e-05,
bt,900110,120,0.2148514857421526,3520482.0,True,catalogue_selected,0.626523973335836,242.8632944675712,3,0,0.73,0.0500465866234995,0.0,8839106.64487669,2175044.908592682,0.2460707,0.0174348274002334,0.0022965505671664,
bt,900110,124,0.1809923497079043,8314131.0,True,catalogue_selected,0.8198531320039234,36.27156880446833,394,123,0.73,0.0425024440130392,0.002547184897061,4830363.719518556,714901.6281522693,0.1480016,0.0119808365370551,0.00091267954932,
bt,900110,125,0.2382556006912631,4807309.0,True,catalogue_selected,0.726509658185678,38.99024641853998,538,83,0.73,0.0512770510041149,0.0005925002823516,14342980.075325448,2535795.378038078,0.176797,0.0234453638619362,0.0027141691975066,
bt,900110,127,0.0900929341363549,11095633.0,True,catalogue_selected,0.8614604526362771,55.11157810497004,84,56,0.73,0.022487935027015,0.008409135392037,263788.43984007783,41457.8971788606,0.1571634,0.0039190493280394,0.0005648614378473,
bt,900110,128,0.154577798628462,4507724.0,True,catalogue_selected,0.7070806217546449,56.28121623558471,1842,859,0.73,0.0359876049680959,0.004706480554192,3159753.8704777854,402200.55719678727,0.1272886,0.0091622268874915,0.0007163146276182,
bt,900110,129,0.1412521672097842,6301068.0,True,catalogue_selected,0.820007015548992,80.98549230158378,51,27,0.73,0.0176112269854994,0.0009797283540548,486607.6200128126,59138.43069190569,0.1215321,0.0033648359125729,0.0001231527826771,
bt,900110,130,0.2528960310797815,3649781.0,True,catalogue_selected,0.7305113947015411,98.8664172379715,281,41,0.73,0.0599220540879484,0.0002797998763405,17286436.069987748,3484010.035551349,0.2015459,0.0279527731178097,0.0036959774044361,
bt,900110,132,0.0767003903129187,14467041.0,True,catalogue_selected,0.8472321674884101,296.2851668655232,3,3,0.73,0.0201652805488815,0.012342254307777,144321.2204567059,15855.7366381106,0.1098642,0.0034168985770452,0.0007815520054937,
bt,900110,133,0.1408270683507907,2791519.0,True,catalogue_selected,0.9135965191170884,262.3441467922373,23,12,0.73,0.097981173949076,0.0077987309251192,2221138.986594522,323889.5788193788,0.1458214,0.0182071868154467,0.0008252459099667,
bt,900110,135,0.164956792314792,4133565.0,True,catalogue_selected,0.8115412918852558,38.59939095662589,968,305,0.73,0.0792192702203661,0.0036244477363397,5175780.8661313085,859306.6745555684,0.1660245,0.0182895600531006,0.0011319061447072,
bt,900110,136,0.1032300924719474,1205530.0,True,catalogue_selected,0.8972084962480487,339.7987207144713,6,5,0.73,0.0906391596751688,0.0579960551802862,538305.3653700238,52457.22798229349,0.09744883,0.0152417608641099,0.0036492200096512,
bt,900110,137,0.0745177752916942,20652958.0,True,catalogue_selected,0.9161688907339368,26.08580396188806,4682,3176,0.73,0.0234296593865769,0.0023630165095237,192701.3851998439,34587.35526911267,0.1794868,0.0039964448862057,0.0001829481951716,
bt,900110,139,0.2292467389730177,15583460.0,True,catalogue_selected,0.6286396565228389,39.06788560180376,4849,1076,0.73,0.0435412283769316,0.0004534179159131,10397774.617502552,2155157.060551544,0.207271,0.018027429215947,0.0023036485899372,
bt,900110,141,0.2880553468896343,6617241.0,True,catalogue_selected,0.5932976436442317,95.8557315135619,35,2,0.73,0.0099966295444768,6.230818954137467e-05,11836783.44617602,2453500.0662901173,0.2072776,0.0141163612370727,0.0025944222510253,
bt,900110,142,0.1604155228364808,3274481.0,True,catalogue_selected,0.7650068345238007,31.04214069933646,4016,1170,0.73,0.0508925908111279,0.0044215991821808,3688828.687901313,490909.8698541687,0.1330801,0.0121337946496271,0.0007923263557706,
bt,900110,143,0.0891545705159966,7912555.0,True,catalogue_selected,0.9094837876268572,61.5995118415526,1042,753,0.73,0.0361652690263826,0.0110568080055042,355851.8942485645,44249.3606912485,0.1243477,0.0062304507476755,0.0007318767504818,
bt,900110,145,0.1496194590924739,8004269.0,True,catalogue_selected,0.8909758853860561,38.5749688343941,8024,3368,0.73,0.0114618949152152,0.0010972812517441,830264.402599042,115535.58459841437,0.1391552,0.0027321880723605,0.0001899848616919,
bt,900110,146,0.1630273065924049,18380083.0,True,catalogue_selected,0.8210680537025388,27.4852817673362,12499,9284,0.73,0.0580622430472025,0.0222210562613973,2474530.8779793484,196167.99107450835,0.07927482,0.0120123418888195,0.0015840952876755,
bt,900110,149,0.1188509944297418,20564806.0,True,catalogue_selected,0.8757049074006569,112.76986331146492,449,337,0.73,0.0791996067978514,0.0199423384056083,1017674.744713748,119260.19605507076,0.1171889,0.0138959842286995,0.0013616862054231,
bt,900110,152,0.2398628672837066,9003636.0,True,catalogue_selected,0.653832675886867,23.998504185485665,1270,201,0.73,0.0353968487524151,5.231127205987168e-05,21587784.862553485,5697030.743106484,0.2639007,0.0285240762177024,0.0060185284820661,
bt,900110,153,0.2581718700890415,5625985.0,True,catalogue_selected,0.7200221048667871,68.45264056268448,127,14,0.73,0.0580236276937996,0.0004352320874542,17895317.506037638,3124015.957594941,0.1745717,0.0282883365365399,0.0033255044342581,
bt,900110,155,0.1295912027178113,13928551.0,True,catalogue_selected,0.8688399165587104,69.61143882866557,450,327,0.73,0.0157590148909958,0.0030119614156428,418031.28552771744,49181.35260434008,0.1176499,0.00299257792323,0.0002385705304146,
bt,900110,156,0.1603096075833648,11862315.0,True,catalogue_selected,0.8373180630821211,63.52557887928698,1274,446,0.73,0.0800264331492498,0.0049807422983122,4053547.651304903,623243.6611624147,0.1537526,0.0172353048611253,0.0009667011107359,
bt,900110,158,0.209768481606138,3147937.0,True,catalogue_selected,0.8517887008080951,39.23794258540148,682,148,0.73,0.0532670656283226,0.0006175775805962,10498761.752578318,2108144.600885611,0.2007994,0.019708553285708,0.0022641823047822,
bt,900110,161,0.1846024558960735,2315178.0,True,catalogue_selected,0.8311940207401065,48.73529557713772,4410,1327,0.73,0.0596794313693752,0.0014866333952835,7861150.435379408,1451686.589022168,0.1846659,0.017961680193277,0.0016249048830938,
bt,900110,167,0.0868123656466521,13353976.0,True,catalogue_selected,0.8885048126394391,184.21296492154545,15,9,0.73,0.0293452686053962,0.0178693734133632,234813.8070192265,25677.057602842666,0.1093507,0.0049985754521114,0.0011344200914073,
bt,900110,168,0.1237296165238803,4911731.0,True,catalogue_selected,0.9259223867282568,309.9688163411626,230,199,0.73,0.0443696724919424,0.0153349526428179,800457.3192269702,68173.50608555583,0.0851682,0.0080280871020831,0.0010222404917726,
bt,900110,171,0.1483589426982641,18043312.0,True,catalogue_selected,0.8052319282272253,135.05974619098578,270,207,0.73,0.0588908225038374,0.0199752576212796,2133097.7425456755,173178.0786580149,0.08118619,0.0117859720917268,0.001420656030393,
bt,900110,172,0.2450476001422021,10833041.0,True,catalogue_selected,0.6362164498429255,46.13042144469142,634,109,0.73,0.063787417966789,0.0006625314971706,17197525.739475787,3084659.808345153,0.1793665,0.0284846516123308,0.0032980347384959,
bt,900110,173,0.2051870226048819,3932902.0,True,catalogue_selected,0.6900326270858069,334.3495633469489,6,2,0.73,0.1113065781978557,0.0008938241869966,6862218.146283265,1199235.4355780291,0.1747592,0.0252647547864791,0.0013216164062883,
bt,900110,174,0.2947559264101608,5165512.0,True,catalogue_selected,0.5927130799489533,36.308698534866586,201,0,0.73,0.0221144061523147,0.0,17690296.08599474,5825669.346082223,0.3293144,0.0222585931753209,0.0061511117255625,
bt,900110,175,0.2370048525639694,14628219.0,True,catalogue_selected,0.6513528470098408,56.15266471466619,420,208,0.73,0.03985078587816,0.0023250042030568,15678200.649976015,2351254.360342277,0.1499697,0.0230054004060268,0.0026266768646804,
bt,900110,177,0.1453965597438208,12992649.0,True,catalogue_selected,0.836606701791307,53.312265178754735,449,164,0.73,0.1201072438923735,0.0149809575958889,2324475.4312227108,309575.6982948532,0.1331809,0.0218982391544044,0.0012551923046616,
bt,900110,179,0.1289450564444525,5734489.0,True,catalogue_selected,0.8980635151879182,43.11779280688452,5185,3293,0.73,0.013171027130502,0.001997707252053,187469.6689198005,36768.74521414383,0.1961317,0.002330172401461,0.0001626143845173,
bt,900110,180,0.2782700054014882,2774317.0,True,catalogue_selected,0.6691329744263641,43.15524010685234,365,85,0.73,0.0246358208396529,0.0003108929397776,22507524.19396414,3465816.0905304607,0.1539848,0.0277531151352092,0.003678693820577,
bt,900110,181,0.1335814230779246,4731778.0,True,catalogue_selected,0.8406344465982505,60.650355976800086,176,94,0.73,0.0190432888390764,0.00411322770176,1513230.1101794045,167006.93071162014,0.1103645,0.004680642642253,0.0004312202526989,
bt,900110,182,0.1851793473418128,6334416.0,True,catalogue_selected,0.7809093211337979,105.57418855638647,241,108,0.73,0.0168709646687933,0.0029920228724823,1763028.5906841794,172467.8475632096,0.09782476,0.0045927227308316,0.0003675087140641,
bt,900110,183,0.2691911032797489,7663089.0,True,catalogue_selected,0.5962813651558001,43.249488849280425,4493,558,0.73,0.0120339286245915,6.516011477995752e-05,4245170.27406395,809403.2181027228,0.1906645,0.0064304679366173,0.0008586570951454,
bt,900110,184,0.2305333483614631,20107849.0,True,catalogue_selected,0.7633381869774706,235.85577567934249,17,2,0.73,0.0746504392647922,0.0002259639775643,8641247.500402125,1633033.983837284,0.1889813,0.0212089813605359,0.0017382632797098,
bt,900110,186,0.1691000056618695,10526311.0,True,catalogue_selected,0.7836526858150863,25.465909394007408,30627,8670,0.73,0.0640106860777114,0.0022862614179312,6572998.698585878,1189583.0771019228,0.1809803,0.0173027455299965,0.001397709769765,
bt,900110,187,0.2095779071326179,6543814.0,True,catalogue_selected,0.6361718962547585,218.3432081256031,165,29,0.73,0.0553891210941615,0.0007709325094826,7271983.284623233,1443238.2104506567,0.1984656,0.016645050741708,0.0015716348253076,
bt,900110,188,0.1437032211063591,8161455.0,True,catalogue_selected,0.8939197933502604,70.91438515374698,619,382,0.73,0.0510296109961979,0.011164975108815,2275572.3390872544,259252.87710946964,0.1139286,0.0106637707415217,0.0009655938932331,
bt,900110,190,0.1216403132873516,7341742.0,True,catalogue_selected,0.886907594276483,48.21246823352151,1996,1450,0.73,0.0529171713427792,0.0155991588715135,888961.1636701978,101703.90732746072,0.1144076,0.0095052717830839,0.0010740160445537,
bt,900110,191,0.146859489771705,18042610.0,True,catalogue_selected,0.8256586723425369,183.7784208372273,80,46,0.73,0.050304722824936,0.0010252701794416,1977847.1170547227,403521.6518611057,0.2040206,0.0102320629124594,0.0004895965448892,
bt,900110,192,0.3006281946184125,9612599.0,True,catalogue_selected,0.5437137805661415,240.17064418255305,10,0,0.73,0.0189252009149537,0.0,25895779.278277483,6129217.647109163,0.2366879,0.0304061697572963,0.0064716173023126,
bt,900110,195,0.1941663799469843,1676600.0,True,catalogue_selected,0.7504745402219571,59.482550338857074,81,21,0.73,0.0356903503018495,0.0009547166029435,6917432.313542148,1091646.6979512228,0.157811,0.0130817005289237,0.0012117906940348,
bt,900110,196,0.4104351538376454,7337041.0,True,catalogue_selected,0.5077177954829469,36.25283255601909,129,10,0.73,0.0006068698924364,5.1911047274512796e-08,55755705.803656034,12255915.754944116,0.2198146,0.0589686605283701,0.0129405775317891,
bt,900110,197,0.2257437964846387,15057153.0,True,catalogue_selected,0.6518858085196414,63.75574683180261,207,35,0.73,0.05206944654976,0.000441988651529,10312138.80763753,2222889.385692343,0.2155605,0.0193176248804613,0.0023744564455756,
bt,900110,199,0.2204744459169874,6166476.0,True,catalogue_selected,0.6710865902355968,87.75053606941009,391,128,0.73,0.0743058331125788,0.0019272031023026,9607665.332471732,1448206.9805497287,0.1507345,0.0221735991229698,0.0016485316044868,
bt,900111,0,,,,,,,292,106,0.73,0.0570864533791834,0.0022802178512034,9613580.4957564,1467585.1546638908,0.1526575,0.0193922353802251,0.0016908675204181,
bt,900111,3,,,,,,,354,38,0.73,0.059269622580097,3.120626201071127e-05,15374845.970280224,3456766.921933806,0.2248326,0.0258287741003855,0.0036518078336732,
bt,900111,5,,,,,,,19,3,0.73,0.0218008312235324,6.37096052998814e-05,21757862.82265809,3056344.818357507,0.1404708,0.0265026245072127,0.0032310308725519,
bt,900111,10,,,,,,,223,67,0.73,0.0560124360769698,0.0045935980247747,12397967.838838032,1346169.0458210995,0.1085798,0.0221582979801027,0.0017060215423402,
bt,900111,13,,,,,,,259,131,0.73,0.0604412794652588,0.0124988031594064,3492900.733091153,304281.64813901857,0.08711431,0.0134727386926144,0.0010957912406659,
bt,900111,14,,,,,,,30233,10879,0.73,0.0597802110867606,0.0013158996957627,7338695.029912888,1529734.681067641,0.2084478,0.0174263536088351,0.001696733188038,
bt,900111,17,,,,,,,146,110,0.73,0.0297796311564952,0.0155678663122703,631106.7366448806,73440.36424227864,0.1163676,0.0054873247429631,0.0010422344994978,
bt,900111,18,,,,,,,308,211,0.73,0.0265210051354029,0.0075122992708903,313448.9270118,42294.3449632636,0.1349322,0.0046243893040169,0.0005101705111253,
bt,900111,19,,,,,,,1964,900,0.73,0.0715039137223954,0.0106851729015162,2166809.763574244,293515.4750939022,0.1354597,0.013863474325174,0.0009720386933036,
bt,900111,24,,,,,,,1438,334,0.73,0.024462547936857,0.0002454874119168,19670461.671018586,3379362.767186064,0.1717989,0.0247295135337272,0.0035833579365678,
bt,900111,25,,,,,,,1,1,0.73,0.0209930662163553,0.000943142397517,409972.8808338295,77616.32888232078,0.1893206,0.0038313989628053,0.0001403958050945,
bt,900111,26,,,,,,,179,84,0.73,0.0405295136432948,0.005665210901461,1659931.7210087122,218175.32910581,0.1314363,0.0083138994876378,0.0005814185941374,
bt,900111,27,,,,,,,3621,1755,0.73,0.0616117435031655,0.0067147372039044,1321366.2505253474,206471.2958020625,0.1562559,0.0113693786297372,0.0006340965619935,
bt,900111,28,,,,,,,1,0,0.73,0.0422147336848793,0.0,4795039.427912914,763515.6629510551,0.1592303,0.0118969620833814,0.0008061683332898,
bt,900111,30,,,,,,,22,13,0.73,0.0349914706928384,0.004377870224026,1092773.9848565855,126400.53100388462,0.1156694,0.0068185161424769,0.0004047444978127,
bt,900111,32,,,,,,,370,206,0.73,0.0548964320351723,0.0088159907839159,1153872.6208899966,169063.59054280558,0.1465184,0.010105400497281,0.0007248071774758,
bt,900111,33,,,,,,,0,0,0.73,0.0,0.0,533261.0155155482,72970.29721873524,0.1368379,0.0005630508514062,7.70466746695462e-05,1.0
bt,900111,34,,,,,,,732,78,0.73,0.0197595590436763,1.0517346536901902e-05,26822715.42143007,7178808.936519273,0.2676392,0.0315199603048792,0.0075804941794708,
bt,900111,35,,,,,,,182,142,0.73,0.0128548243710636,0.0042265487816278,108723.72748496318,12614.438934691934,0.1160229,0.0021958380318078,0.000275225002659,
bt,900111,38,,,,,,,1331,124,0.73,0.0608161291741337,0.0005155358237921,6762308.129411283,1394475.2859072466,0.2062129,0.0169854703199943,0.0015043217064498,
bt,900111,40,,,,,,,1559,1249,0.73,0.0227475379468353,0.0099960230398595,88716.94287941734,9836.06041759052,0.1108701,0.0037762242948898,0.0006298075087989,
bt,900111,42,,,,,,,20,8,0.73,0.0493840166622353,0.0026187470876977,11321820.292441327,1707074.860223721,0.1507774,0.0199489720998661,0.0019647135506632,
bt,900111,43,,,,,,,2194,776,0.73,0.04442869546521,0.0031726755243563,7533368.882290136,909624.614128853,0.1207461,0.0151466778914001,0.001157040124483,
bt,900111,44,,,,,,,658,214,0.73,0.0374706584024331,0.0012399767754555,14863357.962292109,1933390.5919577016,0.1300776,0.021759723884027,0.0021182340342933,
bt,900111,45,,,,,,,136,59,0.73,0.0742172401036474,0.0066080430866472,3667269.8307782505,520335.3381894688,0.1418863,0.0158870100984273,0.000958882656287,
bt,900111,46,,,,,,,20,2,0.73,0.4287008033113064,0.0049203813872152,2249238.657657176,344100.1237159168,0.1529852,0.0717763648914186,0.000668223258508,
bt,900111,47,,,,,,,1638,994,0.73,0.0570791648584371,0.012163162661701,514358.0578591548,63546.232892990105,0.1235447,0.0097835184501605,0.0008208089170277,
bt,900111,48,,,,,,,1568,633,0.73,0.0485245074728226,0.0072480678176886,2558912.231781424,343959.05622632883,0.1344161,0.0105573930305227,0.0008123136856854,
bt,900111,49,,,,,,,203,50,0.73,0.0187702523173979,0.0003251591170713,2911446.8785210885,612147.7193449205,0.2102555,0.0061127674059493,0.0006664935273119,
bt,900111,50,,,,,,,305,6,0.73,0.0043154989235468,2.077537049802944e-08,29867356.505675104,9716157.20187012,0.3253102,0.032234479177478,0.010258937203825,
bt,900111,52,,,,,,,4072,1605,0.73,0.0644971944421369,0.0073330682177104,7803830.555198112,858502.9736775946,0.1100105,0.01868109580409,0.001360869042381,
bt,900111,53,,,,,,,199,6,0.73,0.059842905462442,1.5301355957203794e-05,17088846.416047182,3672705.7930607246,0.2149183,0.0277313322055068,0.0038788242328464,
bt,900111,54,,,,,,,544,310,0.73,0.0263352697366737,0.0058419948930408,888574.7098345349,102021.0351276315,0.1148142,0.005201575320889,0.0004697302582816,
bt,900111,55,,,,,,,3,2,0.73,0.0270036111277237,0.0023248822731903,717106.5272167146,82291.16708406278,0.1147545,0.0051287247115834,0.0002309538515327,
bt,900111,56,,,,,,,659,223,0.73,0.0706297423163088,0.0045254769923706,4757653.374513081,740192.7169808828,0.1555794,0.0164575337931883,0.0010619719992643,
bt,900111,57,,,,,,,28,16,0.73,0.0765084141755257,0.0103899771974429,7298649.22902442,807987.415998019,0.1107037,0.0200921644974652,0.0014969585010156,
bt,900111,58,,,,,,,39,30,0.73,0.0426519711067844,0.0171079357321394,936656.244505574,119205.60768113354,0.1272672,0.0078938194959698,0.0011859895874396,
bt,900111,59,,,,,,,25,4,0.73,0.0389741291396308,9.212347306777004e-05,17599975.22744439,3965483.2270663534,0.2253119,0.0248926119458707,0.0041927176679853,
bt,900111,60,,,,,,,1153,237,0.73,0.0538432465727072,0.0005405988102274,15338221.213156512,2883573.8508577785,0.1879992,0.0249116387001441,0.0030781596287338,
bt,900111,62,,,,,,,2,0,0.73,0.0246866416241278,0.0,5281029.4141245065,1185231.9803563466,0.224432,0.0095725150390779,0.0012514432074289,
bt,900111,63,,,,,,,6058,1283,0.73,0.0350814163939581,0.0007609387097427,4832624.712829122,960932.0306826629,0.1988427,0.0107818492070789,0.0010617660417895,
bt,900111,64,,,,,,,1,0,0.73,0.4448412929022362,0.0,17968976.73446855,5144339.085465684,0.28629,0.0909872129066482,0.0054317199602407,
bt,900111,65,,,,,,,12,5,0.73,0.1136248116894608,0.0377234375756122,1915600.8490708272,194190.0066777496,0.1013729,0.0204170960172966,0.0025426404058513,
bt,900111,66,,,,,,,584,148,0.73,0.0378232264463474,0.0022634522742002,7919074.539493938,1149185.7883678204,0.1451162,0.0144845848678444,0.0013536423358131,
bt,900111,67,,,,,,,1,0,0.73,0.0903930755076108,0.0,9238070.509609584,1523234.463929823,0.1648866,0.0243876874368937,0.0016083276985434,
bt,900111,69,,,,,,,1450,353,0.73,0.0674216689262837,0.0018188846317436,9487976.699397942,1652612.397394661,0.1741796,0.0209327613291345,0.0018576436733887,
bt,900111,72,,,,,,,3,1,0.73,0.004612694348911,0.0001438667789118,498163.56667441846,69814.16943948426,0.1401431,0.001272732170203,8.262920432190336e-05,
bt,900111,74,,,,,,,1500,146,0.73,0.038757990356553,8.830437202977323e-05,19924630.936333224,4182489.1557220262,0.2099155,0.0273121408435916,0.0044216096534329,
bt,900111,75,,,,,,,544,149,0.73,0.0457621435111066,0.0007572996374878,24768781.05433437,4194245.272913243,0.169336,0.033560789920542,0.0044754780319972,
bt,900111,76,,,,,,,1759,225,0.73,0.0505553022191767,0.0001069842193143,15635759.16376846,3283189.5901240027,0.2099795,0.0246935197368717,0.0034732295822493,
bt,900111,78,,,,,,,13,1,0.73,0.0316429789124233,9.204754289361875e-06,18690294.411829107,3803773.5008320175,0.203516,0.0248570156272688,0.004016836056613,
bt,900111,80,,,,,,,11,0,0.73,0.1058510127010943,0.0,16347185.530705271,3564007.564966289,0.2180196,0.0343963957284224,0.0037631055627282,
bt,900111,82,,,,,,,28,22,0.73,0.0214864175247911,0.0022909817394187,70055.9973584482,8966.922973312681,0.1279965,0.0035523607375008,0.0001514327482631,
bt,900111,84,,,,,,,2614,1159,0.73,0.0563319870226727,0.0038361073807264,11433601.35136474,1710954.907882268,0.1496427,0.0211917900226434,0.0020442463232835,
bt,900111,86,,,,,,,1020,490,0.73,0.0726458455448465,0.0238780688494735,2048651.4119544344,211291.6325570088,0.1031369,0.0139235801853217,0.0017027436247274,
bt,900111,87,,,,,,,194,110,0.73,0.0373364906650468,0.0044001169670965,2804806.462340292,341558.2357964081,0.121776,0.0090058191512236,0.000633300229132,
bt,900111,88,,,,,,,61,12,0.73,0.0348858629563673,0.0004748825890072,5038318.873480562,1000983.2498104334,0.1986741,0.0109673764302514,0.0010863286687018,
bt,900111,89,,,,,,,370,184,0.73,0.0188752485236819,0.0023790065985457,2849843.0851993174,303524.68927225564,0.1065058,0.0060647198241586,0.0004679001698535,
bt,900111,91,,,,,,,146,108,0.73,0.0238953081834099,0.0067866309769901,283668.5675818298,34653.46873608795,0.1221618,0.0041678767245385,0.0004571354168106,
bt,900111,92,,,,,,,2,2,0.73,0.0580732263495726,0.006118147010752,1083615.9083293062,161668.3581633368,0.1491934,0.0105455035807296,0.0005498219649718,
bt,900111,94,,,,,,,2905,523,0.73,0.0536506046647936,0.000372707409065,15155133.271407418,3323012.3946150355,0.2192665,0.0246871364267135,0.0035317430553411,
bt,900111,97,,,,,,,51,4,0.73,0.0688968641341889,0.000144940858381,22744200.789505888,4956831.132121989,0.2179382,0.0351683409860493,0.0052427186802696,
bt,900111,99,,,,,,,1,1,0.73,0.2235114881891686,0.011553976003541,2401116.8681975,295007.4951487413,0.1228626,0.0387190587536135,0.0010274510466262,
bt,900111,100,,,,,,,6927,936,0.73,0.0234834809589716,1.7628212654107642e-05,15912989.324032605,4859331.403020699,0.3053689,0.0206036364617771,0.0051318831108895,
bt,900111,103,,,,,,,20,7,0.73,0.0547138030580595,0.0010047271733558,10962906.970379848,1588858.240337122,0.1449304,0.0204328365825775,0.0017398772190212,
bt,900111,108,,,,,,,324,48,0.73,0.0267517372829068,7.927926817605611e-05,21001202.46784728,4126842.623233904,0.1965051,0.0265051862642488,0.0043622952527458,
bt,900111,110,,,,,,,1178,31,0.73,0.0197036274350005,1.4783707577116048e-07,19140304.35007181,5145406.733027924,0.2688258,0.0233993280797366,0.0054328564113475,
bt,900111,111,,,,,,,2779,1537,0.73,0.0452171135685078,0.0062372578731588,1739613.8795565933,264630.1053315668,0.15212,0.0091568987133736,0.0006659164413551,
bt,900111,112,,,,,,,200,18,0.73,0.0426347861188688,9.922976519499272e-05,16085909.872526256,3248692.070093512,0.2019589,0.0238865816722643,0.0034363243903903,
bt,900111,113,,,,,,,745,77,0.73,0.0562548316036154,0.000330686916655,19356552.867015265,3611314.412243111,0.1865681,0.029544854946924,0.0038335467605015,
bt,900111,114,,,,,,,1710,349,0.73,0.0470655546901543,0.0005436035153685,16280544.64783101,2827594.2131054783,0.1736793,0.024809377281852,0.0030192389636134,
bt,900111,115,,,,,,,743,507,0.73,0.0143832087845928,0.0036313786810942,180678.42269348656,23519.1584234651,0.1301714,0.0025192393234287,0.0002498580870783,
bt,900111,116,,,,,,,405,165,0.73,0.0593183304473552,0.0053030740312735,3482357.41133772,491457.8018335715,0.1411279,0.013279814517455,0.0008475271090745,
bt,900111,117,,,,,,,460,94,0.73,0.0502255991088535,0.0018932323412718,4787726.009866018,752256.287409821,0.1571218,0.013186102350211,0.0009115975971073,
bt,900111,119,,,,,,,186,28,0.73,0.04391330695566,0.0009480163317514,6426783.130666637,1125465.8816922389,0.1751212,0.0138948392004603,0.0012470839416867,
bt,900111,120,,,,,,,263,112,0.73,0.063095037232873,0.005516945761408,3167746.9316665656,472386.0922245524,0.1491237,0.0135590319473673,0.0008406429422078,
bt,900111,126,,,,,,,50,17,0.73,0.0330338706861646,0.0015738786584144,4751340.747737893,610911.3536751365,0.1285766,0.0103645515443334,0.0007425672993178,
bt,900111,127,,,,,,,275,157,0.73,0.0248188096271131,0.0065370038254185,1591613.98725368,158906.57644749962,0.0998399,0.0056983922915981,0.0005728611340984,
bt,900111,129,,,,,,,808,173,0.73,0.0557458642533626,0.0080814561882047,1820804.586875859,249248.10158672545,0.136889,0.0109471024326809,0.0007639542887455,
bt,900111,130,,,,,,,199,87,0.73,0.0278656420184809,0.0021681930736819,6273311.440936772,875374.8736300168,0.1395395,0.0111348711506657,0.0010586324685985,
bt,900111,132,,,,,,,4251,2311,0.73,0.0390980995287698,0.0083337914945843,876910.0096734313,113195.6886458148,0.1290847,0.0072554067941969,0.0006359379313367,
bt,900111,133,,,,,,,1192,340,0.73,0.0252868104147458,0.0003676447523102,16458398.149122966,2582532.071961945,0.1569127,0.0214714509736654,0.0027495831806305,
bt,900111,135,,,,,,,1816,236,0.73,0.0344466719823457,5.400630690134078e-05,13962990.485147905,3491707.865582029,0.2500688,0.0203195118800063,0.0036901135480855,
bt,900111,136,,,,,,,1111,261,0.73,0.0470465438715755,0.0009786946138654,12153852.785215132,2170602.280941705,0.1785938,0.0204490762759237,0.0023525063723429,
bt,900111,137,,,,,,,767,189,0.73,0.0681731080623758,0.0017627497398364,9928462.639861992,1840662.836066835,0.1853925,0.0215195032726019,0.0020527207690409,
bt,900111,141,,,,,,,11538,4984,0.73,0.0633148918162645,0.0084101346838686,5480612.007733839,577880.2203404481,0.1054408,0.0160366935996867,0.0011313121216217,
bt,900111,143,,,,,,,558,479,0.73,0.0180812511422122,0.0075707558461347,490553.931870075,44909.0319425894,0.09154759,0.0034450939063413,0.0005165536330256,
bt,900111,150,,,,,,,64,45,0.73,0.0335104684192975,0.0104345740594824,287454.2400851833,37676.7508505055,0.1310704,0.0057284520457427,0.0006863790994715,
bt,900111,151,,,,,,,982,128,0.73,0.0269334470324773,3.885868251194624e-05,28323018.694509186,7444570.473514282,0.2628452,0.0342654415083983,0.0078628583137113,
bt,900111,152,,,,,,,67,39,0.73,0.1347935594136227,0.0047024136629232,625731.2984424683,118410.28509843755,0.189235,0.0224821340834292,0.0004164188203797,
bt,900111,153,,,,,,,21,11,0.73,0.0340053734532514,0.0087222811992798,4265559.034710394,447718.9945658498,0.1049614,0.0100089069060208,0.0010132223655014,
bt,900111,154,,,,,,,0,0,0.73,0.0,0.0,32899.20557509136,4278.136234900289,0.1300377,3.473707091026864e-05,4.517127971869222e-06,1.0
bt,900111,155,,,,,,,558,147,0.73,0.0682767117731893,0.0010403473451547,14351408.594940946,2888669.4110324,0.2012812,0.0262063027328568,0.0031145076828809,
bt,900111,156,,,,,,,1861,567,0.73,0.0112290249398389,0.0001457854238881,35181934.56318136,6207026.495788818,0.1764265,0.0389651645154582,0.006562806689144,
bt,900111,157,,,,,,,2248,544,0.73,0.0392269078478381,0.0005465196386833,12577329.317858111,2362789.1463946635,0.187861,0.0196303051863778,0.0025286489540327,
bt,900111,158,,,,,,,874,141,0.73,0.0607044418493214,0.0001822056483321,18066161.70028608,4443761.948950501,0.2459716,0.0289027160815222,0.004703296829298,
bt,900111,159,,,,,,,28,16,0.73,0.0346675435313976,0.0040517398747584,3565811.92046318,472025.0364106703,0.1323752,0.0093772667849932,0.0007494675361735,
bt,900111,162,,,,,,,124,101,0.73,0.0239179357117366,0.0014812903929147,240153.7120414212,43791.03500464928,0.1823459,0.0041255940993242,0.0001380282426568,
bt,900111,163,,,,,,,10,9,0.73,0.0174002851903131,0.0133759453180208,393295.022577103,53522.73866158061,0.136088,0.0032321616194911,0.0008853777853205,
bt,900111,164,,,,,,,15670,2856,0.73,0.0396812114239495,0.0003117775646443,15508890.06255748,2793046.912011772,0.1800933,0.0227991794802006,0.0029683962069184,
bt,900111,167,,,,,,,2,2,0.73,0.0622082702500324,0.0158830292660025,139632.9625669703,18593.78096496795,0.1331618,0.010218200030592,0.0010038536458524,
bt,900111,168,,,,,,,137,10,0.73,0.0261624513027079,2.884917134457097e-05,21027500.62279657,4602555.919156163,0.2188827,0.0264375552525676,0.0048614585727402,
bt,900111,169,,,,,,,2215,1104,0.73,0.0459805227095618,0.006264611797195,4348427.006614989,557173.0726706993,0.1281321,0.0120350360254832,0.0009764969240346,
bt,900111,171,,,,,,,3381,1101,0.73,0.0599665958451924,0.010725607236105,1037257.97480717,146167.05314618535,0.1409168,0.0108030695551436,0.0008189644582449,
bt,900111,172,,,,,,,4020,2046,0.73,0.0849039093854723,0.0097345461324902,4361199.753153302,504853.5737560202,0.1157603,0.0183497479116121,0.0011362755435149,
bt,900111,173,,,,,,,31,19,0.73,0.0732458143131953,0.0100192229491826,1804527.6422651976,261802.7728922309,0.1450811,0.0137629464915125,0.0008972875931343,
bt,900111,175,,,,,,,8226,3021,0.73,0.0507885634532115,0.0018925666866304,2299910.299375802,498724.17373840703,0.2168451,0.0106504456236093,0.000643861039338,
bt,900111,177,,,,,,,25,4,0.73,0.0193526362061889,3.793576349852678e-05,9512624.503955336,1696274.1143506535,0.1783182,0.0131769909398623,0.0017933847118739,
bt,900111,181,,,,,,,141,107,0.73,0.0159215006828073,0.0058175773743404,274231.4284507588,22879.303483688043,0.08343064,0.0028670493851514,0.0003846543146523,
bt,900111,183,,,,,,,500,91,0.73,0.0515443708618708,0.0006420636021082,11507106.841979817,2198935.6737214825,0.1910937,0.0204943446278753,0.0023615626076779,
bt,900111,188,,,,,,,240,5,0.73,0.0142694701798708,5.606405026602153e-07,37081125.20600423,9936538.633888118,0.2679676,0.0414626619441281,0.010491663371489,
bt,900111,189,,,,,,,509,66,0.73,0.0323371892076012,6.56061316156401e-05,22417685.972094603,5065590.96086987,0.225964,0.0289050166417455,0.005352638093169,
bt,900111,191,,,,,,,2905,994,0.73,0.022733423310928,0.0018404704740796,2187877.204512468,306404.5668641149,0.1400465,0.0059903660429516,0.0004375695450793,
bt,900111,193,,,,,,,173,61,0.73,0.0440844707805481,0.0025796044455486,8554016.349715112,1069016.9435015388,0.1249725,0.0161686165023382,0.0012885859286747,
bt,900111,196,,,,,,,64,17,0.73,0.0815294703692103,0.0032337063752828,12244104.479198778,1851929.5186316092,0.1512507,0.0261267385508623,0.0021557673842301,
bt,900111,197,,,,,,,204,97,0.73,0.0503320786548273,0.0076613402353941,7677377.4318201635,758346.8075177697,0.0987768,0.0162544176148148,0.0012754597804752,
bt,900112,0,,,,,,,23,15,0.73,0.0250631274355087,0.0052579783822779,332930.4943148666,48996.8280350805,0.1471683,0.0044089464104394,0.0003775542741577,
bt,900112,1,,,,,,,3,1,0.73,0.0429842959679736,0.008439867408546,4287057.071206036,793205.0742881395,0.1850232,0.0114851848730233,0.0013605082222687,
bt,900112,3,,,,,,,998,277,0.73,0.0461790604880323,0.0011176810530447,20342319.13656096,2860990.6375406752,0.1406423,0.0289545440883286,0.0030900748013406,
bt,900112,7,,,,,,,9,6,0.73,0.0683465378537779,0.0043424287961149,556393.582939805,77971.553347453,0.1401374,0.0116519536610701,0.0003514139137999,
bt,900112,8,,,,,,,5918,1640,0.73,0.0504466893410802,0.0009431504657906,18836118.667514868,2992549.7120797317,0.1588729,0.028055079467145,0.0032181681193283,
bt,900112,9,,,,,,,220,121,0.73,0.0762221655198242,0.0106631318274712,4729886.850285741,549257.9466354096,0.116125,0.0173335618217007,0.0012407020230593,
bt,900112,12,,,,,,,629,191,0.73,0.0705655202400618,0.0027436949807514,6814064.455331091,1168613.3844750528,0.1715002,0.0186184264521886,0.0014039143492603,
bt,900112,13,,,,,,,107,57,0.73,0.0422190441221103,0.0061507109144008,3358315.0196834328,423897.0862193493,0.1262231,0.0103806750041817,0.0008287175943207,
bt,900112,15,,,,,,,0,0,0.73,0.0,0.0,164981.9176979103,18259.01326916312,0.1106728,0.0001741983878882,1.927902597024013e-05,1.0
bt,900112,16,,,,,,,2,1,0.73,0.1379747241605415,0.0315924268531462,105144.23043198934,13908.328114405733,0.1322786,0.0224474572940628,0.001972368191356,
bt,900112,17,,,,,,,28,17,0.73,0.0687564706159107,0.0251963601825856,3637.1071290245895,336.1599083849906,0.09242508,0.0111346814213311,0.0015616937869894,
bt,900112,18,,,,,,,446,70,0.73,0.0461765505357877,0.0004896668253586,16475297.3821222,3161289.3655774323,0.1918806,0.0248710905668387,0.0033682332146617,
bt,900112,20,,,,,,,1155,178,0.73,0.0356107001786565,0.0002432106044909,13554226.89657258,2404748.855869554,0.1774169,0.0200763554082774,0.0025541575777286,
bt,900112,22,,,,,,,2,2,0.73,0.0958934957391545,0.0608361641727386,792429.9595569216,111686.94966117782,0.1409424,0.0163606952209066,0.0038877510945762,
bt,900112,23,,,,,,,109,66,0.73,0.0129322592326626,0.0013272608431371,277610.660165097,40900.09235176766,0.147329,0.0023866953502362,0.000125431077142,
bt,900112,24,,,,,,,576,82,0.73,0.0360218870135048,0.000194476772258,17516514.816888038,3465764.771120546,0.197857,0.0243265568439709,0.003671425692129,
bt,900112,25,,,,,,,3,3,0.73,1.0862924207890243,0.2134542903018375,114608.56289372253,19479.27002737975,0.1699635,0.1759786175796451,0.0132476555421278,
bt,900112,26,,,,,,,1,0,0.73,0.2722652968679432,0.0,4077296.582988001,530984.1012556363,0.1302295,0.048381527816379,0.0005606467407075,
bt,900112,29,,,,,,,7352,2383,0.73,0.0676107025902403,0.0030290308028844,5431421.496450478,934964.175797747,0.1721399,0.016680194949242,0.0011748940335581,
bt,900112,31,,,,,,,22,11,0.73,0.0284944040729802,0.0054827680677474,229990.4180279033,32677.941893963063,0.1420839,0.0048557379332059,0.0003742532643634,
bt,900112,32,,,,,,,225,43,0.73,0.1086805541652421,0.0011912177645724,10786067.52138435,2206846.761996495,0.2046016,0.0289826826536518,0.0024039449858993,
bt,900112,33,,,,,,,770,171,0.73,0.0267638833594806,0.0002177523375287,16843057.35975661,3383972.768395774,0.200912,0.0221167188484776,0.0035865068137114,
bt,900112,34,,,,,,,183,23,0.73,0.0651690226561752,0.0003004306459367,10611984.030762546,2625562.8723632377,0.2474149,0.0217548834730734,0.0027908527870383,
bt,900112,37,,,,,,,112,32,0.73,0.0341457952486619,0.0027307916261039,2562786.645040768,411645.10401509615,0.160624,0.0082337442523227,0.0006038595781485,
bt,900112,38,,,,,,,332,278,0.73,0.0176991122960052,0.0053364074767028,84519.3371594103,9211.18635280289,0.1089832,0.0029545131330197,0.0003404060698313,
bt,900112,39,,,,,,,100,76,0.73,0.0165453413893949,0.0055729548903341,130418.33197283738,18246.05846149718,0.1399041,0.0028161946496894,0.0003646037576687,
bt,900112,41,,,,,,,1210,360,0.73,0.0508195314396491,0.0022107949943075,4044883.629163759,688519.3949492874,0.1702198,0.0124979126434624,0.0008639784921246,
bt,900112,42,,,,,,,16258,3408,0.73,0.0442678188261031,0.0003327784133436,17045814.031069607,3413000.416156349,0.2002251,0.025164477700559,0.0036242838505343,
bt,900112,43,,,,,,,8693,2424,0.73,0.0374936056956964,0.00061439690573,16547093.028668797,2534354.833004908,0.1531601,0.0235412332024579,0.002714005043143,
bt,900112,50,,,,,,,19,13,0.73,0.0668986078140817,0.0077570635984066,1321556.8312660838,214803.98203455805,0.1625386,0.0122254592557898,0.0007074844154601,
bt,900112,51,,,,,,,14783,7384,0.73,0.0524645412274456,0.005680828337187,5350794.478785377,673983.1377433536,0.1259595,0.0141430834580659,0.0010636571932724,
bt,900112,53,,,,,,,180,117,0.73,0.0126185997291851,0.0024006962100571,165527.25118225496,21287.29283641255,0.128603,0.0022175728872294,0.0001712400364891,
bt,900112,54,,,,,,,757,209,0.73,0.0524350481260504,0.0008901596075673,9525215.149418289,2021231.074668702,0.2121979,0.0185459273730027,0.0021893045304571,
bt,900112,55,,,,,,,88,67,0.73,0.0073743292105534,0.001944635417718,19712.36718155898,2534.9595913773883,0.1285974,0.0012146282920444,0.0001231794852982,
bt,900112,56,,,,,,,325,185,0.73,0.0171001960565204,0.0018132245085783,407949.68679516617,69328.09090130917,0.1699427,0.0031990541429602,0.0001855607969183,
bt,900112,57,,,,,,,178,73,0.73,0.0378068751384952,0.0074495926790676,927731.6024451496,115566.37654057267,0.1245688,0.0071000338456563,0.0005836500466839,
bt,900112,58,,,,,,,11,1,0.73,0.0188408328706663,4.147196377439631e-05,27076082.019958973,6532446.480280919,0.2412626,0.0316387501953191,0.0068999418029152,
bt,900112,59,,,,,,,140,75,0.73,0.0693066632598843,0.0102503138535957,2172746.655951289,319696.2653975983,0.1471392,0.0135140345943296,0.0009727351931076,
bt,900112,60,,,,,,,40,29,0.73,0.0664153531382165,0.0221267184892281,1752136.8795268254,207367.37182266032,0.1183511,0.0126018599318578,0.0015900744914834,
bt,900112,61,,,,,,,471,85,0.73,0.0471785267955132,0.0007202906456107,16001692.7461332,2719258.3954061056,0.1699357,0.0245332365498642,0.0029157998694291,
bt,900112,62,,,,,,,513,187,0.73,0.0494307688505887,0.0026527877927809,11312406.154334856,1670801.723979962,0.1476964,0.0199466006688223,0.0019285234644136,
bt,900112,63,,,,,,,10,5,0.73,0.0348685962855781,0.0048976508929678,898306.9393347349,116691.15857131692,0.1299012,0.0065932936031841,0.0004267018918115,
bt,900112,68,,,,,,,0,0,0.73,0.0,0.0,20137332.53157986,4535115.343666394,0.2252093,0.0212622747530038,0.0047884628374875,1.0
bt,900112,70,,,,,,,1775,105,0.73,0.0213516353473627,3.751826600712672e-06,22016221.06758493,5660670.672948014,0.2571136,0.0267026961720845,0.0059771281350632,
bt,900112,71,,,,,,,291,195,0.73,0.0176769488131918,0.0070554833336719,424664.2163778223,41740.54182147703,0.0982907,0.0033100717016867,0.0004812783299937,
bt,900112,73,,,,,,,17,2,0.73,0.129395128811717,0.0003167196767004,12317683.898229867,2378090.279145748,0.1930631,0.0339532996457419,0.0025305648841443,
bt,900112,75,,,,,,,23,2,0.73,0.038944422314946,3.48259733864358e-05,21122485.378915925,4401142.801667091,0.2083629,0.0286070927279564,0.0046491641736486,
bt,900112,76,,,,,,,217,25,0.73,0.0502988294300848,0.0004862721893087,8225434.697760305,1549358.8219720067,0.1883619,0.0168277086398265,0.0016660442066009,
bt,900112,77,,,,,,,213,107,0.73,0.0604101073212398,0.0047031550228132,2525090.7296372224,382131.3577432907,0.1513337,0.012445817025268,0.0006949182194221,
bt,900112,81,,,,,,,1968,1539,0.73,0.0310325964500242,0.009163323179695,243470.45672381247,35945.49686570886,0.147638,0.0052808736661967,0.0006057757302702,
bt,900112,84,,,,,,,632,351,0.73,0.0132519792008095,0.0035035937245234,507560.4050170147,53155.63967136015,0.1047277,0.0026812496931301,0.0002732317363048,
bt,900112,86,,,,,,,600,14,0.73,0.013582363814457,1.8323308919193771e-06,37594328.89043218,9178984.69215518,0.2441588,0.0418933007798854,0.0096918686047692,
bt,900112,88,,,,,,,4206,1185,0.73,0.0713382145673384,0.0022081507418398,7417233.812576199,1275224.6674027562,0.1719273,0.0193803808386994,0.0014832953286608,
bt,900112,89,,,,,,,462,205,0.73,0.0598832318146763,0.0047292364425344,6102978.299202043,979219.0801984988,0.1604494,0.0161382832053717,0.0013269775452982,
bt,900112,91,,,,,,,7,0,0.73,0.1456529227223916,0.0,15697992.806581922,2896425.197267744,0.1845093,0.0401543847302476,0.0030582296959764,
bt,900112,92,,,,,,,129,99,0.73,0.0169288978231538,0.0050943673701685,226870.96536724857,29524.41172103991,0.1301375,0.0029801286147684,0.0003468556025894,
bt,900112,93,,,,,,,769,208,0.73,0.0234342339540265,0.0018541444836966,2065127.010683217,313995.7320090879,0.1520467,0.0059742113598987,0.0004464321145899,
bt,900112,96,,,,,,,2604,1204,0.73,0.013805571503367,0.0020119233686616,2343974.043947039,261676.98613423263,0.1116382,0.0047098717561785,0.0004009677186524,
bt,900112,98,,,,,,,18176,3327,0.73,0.0527271712374801,0.0004234562693099,16359670.081603035,3290694.374678728,0.2011467,0.0258094701947134,0.0035007643837029,
bt,900112,99,,,,,,,442,83,0.73,0.0894859797114042,0.0006226061904135,10551253.575128084,2303730.5805739574,0.2183371,0.0256273816870731,0.0024710060122686,
bt,900112,100,,,,,,,934,203,0.73,0.0096669169355998,0.0001759121475799,2029357.30197179,388727.4144654178,0.191552,0.0037076812899518,0.0004213438151523,
bt,900112,102,,,,,,,874,179,0.73,0.0113885650155788,0.0001878255713815,2660620.920886471,533556.4114553115,0.2005383,0.0046529235194299,0.0005750017065405,
bt,900112,106,,,,,,,3022,2528,0.73,0.0713934411156041,0.0380319395588521,2767580.5615961035,226429.8908722324,0.0818151,0.0144799221138667,0.0025957982167475,
bt,900112,107,,,,,,,1161,888,0.73,0.0461448521755885,0.0189895872100959,474605.0028051559,63329.42279727859,0.1334361,0.0079714116530327,0.0012435919605032,
bt,900112,108,,,,,,,300,30,0.73,0.0298735057675598,5.745137681426627e-05,22234750.42618516,5273482.776722547,0.237173,0.0283130211167832,0.0055716381526488,
bt,900112,109,,,,,,,410,75,0.73,0.0064625775762871,0.0001091618400289,2378805.972560141,426746.6561546665,0.1793953,0.003557907599595,0.0004573506396999,
bt,900112,112,,,,,,,1307,403,0.73,0.0697069820877553,0.00243813043046,6759704.7699776,1148236.8127768636,0.1698649,0.0184220430989146,0.0013634646006624,
bt,900112,115,,,,,,,650,338,0.73,0.0485252889148736,0.0041944167774301,1117912.9651802566,206234.38280442983,0.1844816,0.0090360209826832,0.0004776701187868,
bt,900112,117,,,,,,,142,53,0.73,0.0319130180247638,0.0038110780949095,871894.7479178571,126017.97080157936,0.1445335,0.0060869335547298,0.0003692182486441,
bt,900112,120,,,,,,,816,607,0.73,0.0398383350891283,0.0129737643023652,2017893.1500995408,180690.18598323932,0.08954398,0.0085799644515483,0.0009947273664228,
bt,900112,121,,,,,,,1963,434,0.73,0.0651704436449387,0.0015161170123795,13312540.019271232,2236458.899016799,0.1679964,0.0246065320582833,0.00245534434111,
bt,900112,124,,,,,,,1179,659,0.73,0.0499353858331626,0.0054778492288892,718647.8520402672,140294.60656139356,0.1952202,0.0088427291550569,0.0004875769695182,
bt,900112,125,,,,,,,307,154,0.73,0.0717244442585672,0.0097201649730392,4417276.032614749,566923.1048765464,0.1283422,0.0162753607822205,0.0012009213419295,
bt,900112,127,,,,,,,260,61,0.73,0.0232497872315451,0.0004850434383565,4495272.334029152,792492.911206845,0.1762947,0.008510253454328,0.0008668209622273,
bt,900112,128,,,,,,,11486,2265,0.73,0.058678167525919,0.000546011462779,21862884.5795264,4204246.293406693,0.1923006,0.032583507944903,0.0044729448839198,
bt,900112,131,,,,,,,1826,379,0.73,0.0792372687769079,0.0015234838156792,12502384.643129757,2269876.8120580823,0.1815555,0.0260283674345667,0.0024910855938395,
bt,900112,133,,,,,,,829,423,0.73,0.0595470007228592,0.0045392523667176,8931975.041976856,1302253.52572882,0.1457968,0.0190708859084499,0.0016562851180798,
bt,900112,134,,,,,,,2,1,0.73,0.0507434532963612,0.0125043796033088,575598.1869618974,78991.04693402366,0.137233,0.0088225045830305,0.0008582606687079,
bt,900112,137,,,,,,,8,0,0.73,0.0103891175515457,0.0,16251979.459256688,3146116.6456069527,0.1935836,0.0188417446904474,0.0033218697868245,
bt,900112,138,,,,,,,3989,1115,0.73,0.0400998409806244,0.0014550787771338,8416915.068710255,1454532.681848149,0.1728107,0.0153787928824008,0.001625954628666,
bt,900112,140,,,,,,,5114,1712,0.73,0.045215052509765,0.0044562586205241,2408436.635135595,334306.8508681967,0.1388066,0.0098627505999492,0.0006291226772551,
bt,900112,143,,,,,,,336,130,0.73,0.0360185745028986,0.00244857018544,17514713.243957657,1618243.1618038537,0.09239336,0.0243241183734306,0.0018603740760714,
bt,900112,144,,,,,,,2819,1525,0.73,0.0393787861694314,0.0069993999612991,1369194.3291843662,179345.59931807313,0.1309862,0.0078206316200662,0.0006230951805562,
bt,900112,145,,,,,,,6719,1475,0.73,0.0625395311714072,0.0011077069570178,11489458.953695849,2237798.498201243,0.1947697,0.0222556943580229,0.0024314508940078,
bt,900112,146,,,,,,,155,92,0.73,0.0223076228470306,0.0027545291287979,512362.8486731802,77089.22556497248,0.1504583,0.0041523196161703,0.0002520851696995,
bt,900112,147,,,,,,,1700,1034,0.73,0.063481814320159,0.01473534949531,3396761.034128328,359658.65895940934,0.1058828,0.0138634541162749,0.0012928535175145,
bt,900112,152,,,,,,,942,487,0.73,0.0720083571527623,0.0166330393056737,2139801.062145649,277680.7532058857,0.1297694,0.0139166201139189,0.0013238898805728,
bt,900112,153,,,,,,,641,100,0.73,0.0448902850329252,0.0001874787015709,23733043.24729001,4567751.818225132,0.1924638,0.0323260488123573,0.0048345399632147,
bt,900112,158,,,,,,,8,3,0.73,0.0072475043269365,0.0003807543194361,2431865.668056393,261546.89848000117,0.1075499,0.0037410015452477,0.000299751970546,
bt,900112,161,,,,,,,1001,411,0.73,0.0341752819944967,0.0031385389883161,5909042.89275067,795823.1149889473,0.1346789,0.0117717076909191,0.0010347659400382,
bt,900112,163,,,,,,,11850,3321,0.73,0.0347397575928159,0.0007720416712807,21865273.794880997,2493198.814501444,0.1140255,0.0287106915451132,0.0026803186528325,
bt,900112,164,,,,,,,10,8,0.73,0.0151323177265269,0.0043592128731598,35587.15050330005,4602.795364232449,0.1293387,0.0024873144213191,0.0002749865751815,
bt,900112,166,,,,,,,5850,3072,0.73,0.0397107571124236,0.0087321013318199,3065132.1142105944,326473.098660722,0.1065119,0.0096650525358509,0.0008858117700026,
bt,900112,169,,,,,,,20123,1945,0.73,0.0293730481507216,1.4422774719195891e-05,28384793.037485342,7274952.388370404,0.2562975,0.0347256087028126,0.0076822505497419,
bt,900112,170,,,,,,,1733,375,0.73,0.0586043900564318,0.0012916599355186,11676418.695237512,2048587.460952064,0.1754466,0.0218160465687609,0.0022430688477231,
bt,900112,171,,,,,,,122,54,0.73,0.0354469133299451,0.00416811082634,4409081.002620221,456773.53886532784,0.1035984,0.010393814389592,0.0007405751765999,
bt,900112,173,,,,,,,50,0,0.73,0.0185820351320348,0.0,2865918.023858355,689269.4467165759,0.2405056,0.0060342250631004,0.0007277744622807,
bt,900112,174,,,,,,,6688,1882,0.73,0.01609825789207,0.0010240361463129,2994109.2593861097,477653.9447355514,0.1595312,0.0057674840126522,0.0005677936592439,
bt,900112,175,,,,,,,816,487,0.73,0.0626262719807042,0.0121126546909898,3038634.0460781297,351815.0967261025,0.1157807,0.0133468189362503,0.0011220516740862,
bt,900112,176,,,,,,,2,2,0.73,0.0052757171510395,0.0002925546192781,295451.20864712977,27214.397389576658,0.09211131,0.0011660309607292,4.6863374954190765e-05,
bt,900112,179,,,,,,,263,199,0.73,0.0659763900775216,0.0151841215167472,1333414.033908173,154965.18672968814,0.1162169,0.0120886829441457,0.0011045341325339,
bt,900112,181,,,,,,,2,0,0.73,0.2029560417997296,0.0,14387047.546942765,2729898.751267223,0.189747,0.0480468874795119,0.0028824004970022,
bt,900112,183,,,,,,,18,13,0.73,0.0320870381290482,0.0184540727724239,306679.31939444906,30046.71508011053,0.09797438,0.0055183149549049,0.0011752658256005,
bt,900112,184,,,,,,,300,62,0.73,0.0281089145195616,0.0001771066060492,15310773.779028472,3643118.7259170194,0.2379448,0.0207165807972322,0.003857610888293,
bt,900112,186,,,,,,,4920,2350,0.73,0.0308314246079194,0.0076574185582863,2046943.027544767,203934.92734880283,0.09962902,0.0071525272694239,0.0006898334887828,
bt,900112,187,,,,,,,41,15,0.73,0.0142860227193413,0.0004474785373172,1019226.2412332172,148358.91201945322,0.1455603,0.0033888981237085,0.0001843755940692,
bt,900112,189,,,,,,,69,14,0.73,0.0689727492276767,0.0016571182927263,16884358.59773206,2715023.617380164,0.1608011,0.0289934322784139,0.0029693807717653,
bt,900112,190,,,,,,,698,616,0.73,0.0193105261814,0.0097740492905711,162194.15302182577,15253.142642785862,0.09404249,0.0032973955587869,0.000621772196237,
bt,900112,191,,,,,,,446,143,0.73,0.067342300217568,0.0033052087418716,5188773.888018671,890676.9217483761,0.1716546,0.0163805410935806,0.0011452466121958,
bt,900112,194,,,,,,,251,66,0.73,0.019197921929513,0.0001899583106124,19440849.678488616,3428357.6604420007,0.1763481,0.0236347953213354,0.0036316488938863,
bt,900112,195,,,,,,,194,119,0.73,0.029458814582737,0.0069225024433167,722172.4666208717,83859.12912276981,0.1161206,0.0055315414011962,0.000517509404016,
bt,900112,196,,,,,,,3000,374,0.73,0.0187478318930098,3.010343170368372e-05,35504253.40500409,6996719.098587999,0.1970671,0.0405226931435179,0.0073894458505812,
bt,900112,197,,,,,,,245,8,0.73,0.0170991012969843,2.0058903231991555e-06,15643963.206158685,4338065.763275279,0.2772997,0.0192860277366745,0.0045805296731678,
