{
  "h_values": [
    0.652,
    0.678,
    0.704,
    0.73
  ],
  "with_bh_mass_log_posterior": {
    "0.652": 50.25873247884683,
    "0.678": 49.28242904758131,
    "0.704": 48.109402401781516,
    "0.73": 46.74682681160638
  },
  "without_bh_mass_log_posterior": {
    "0.652": 63.9547640750182,
    "0.678": 64.03846676512696,
    "0.704": 63.975679576200726,
    "0.73": 63.77248165171941
  },
  "p_det": "P_det = 1 (mock)",
  "fix_applied": "/(1+z) removed from line 655"
}