Log file location: /pfs/work9/workspace/scratch/st_ac147838-emri/run_20260829_wave2_c4_iiib/darksiren_emri_20260829_205820_h_0_67.log
---------- STARTING MASTER THESIS CODE ----------
Random seed: 777009
Run metadata written to: /pfs/work9/workspace/scratch/st_ac147838-emri/run_20260829_wave2_c4_iiib/run_metadata_9.json
Setup emcee MCMC with 50 walkers and 10000 burn in steps...
Burn in complete...
Successfully loaded reduced galaxy catalog.
Mapping catalog to spherical coordinates and using empirical relation to estimate BH mass.
Galaxies without stellar mass estimation 0.0%
Galaxies with stellar mass estimation statistics
:               PHI_S       THETA_S  ...  STELLAR_MASS_ABSOULTE_ERROR  REDSHIFT_FLAG
count  2.083417e+07  2.083417e+07  ...                 2.083417e+07   2.083417e+07
mean   3.193332e+00  1.571029e+00  ...                 9.476349e+06   1.020277e+00
std    1.828907e+00  6.799163e-01  ...                 1.226213e+07   2.003581e-01
min    3.952458e-07  2.572372e-04  ...                 6.321471e+03   1.000000e+00
25%    1.778479e+00  1.062946e+00  ...                 3.089097e+06   1.000000e+00
50%    3.189815e+00  1.566617e+00  ...                 7.326278e+06   1.000000e+00
75%    4.832395e+00  2.074150e+00  ...                 1.295954e+07   1.000000e+00
max    6.283184e+00  3.141298e+00  ...                 3.766871e+10   3.000000e+00

[8 rows x 8 columns]
Pruned galaxy catalog contains 20834171 galaxies.
5-D BallTree (3 sky Cartesian + z_norm + log_M_norm) built successfully.
Loaded 1590 detections...
[PHYSICS] selection fusion ACTIVE (rows #117-#118): the 1D completion numerator carries S_bar_phi(z;h) and the 2D leg uses the fused g_sel,prod (S_4D inside the mass quadrature). This is the production absolute_marginal estimator.
[PHYSICS] catalogue_numerator_survival="phi" ACTIVE (row #195): the WITHOUT-BH catalogue numerator carries per-candidate S_bar_phi(z;h) inside the z-quadrature. This is the production absolute_marginal estimator.
COUNTERFACTUAL: catalogue_numerator_survival_2d='mz_sel' (center='eff') — S_4D inside the with-BH catalogue numerator's own mass quadrature ([P3-2D] twin cell). Not a production posterior.
[PHYSICS] catalogue_global_selection="phi" ACTIVE (rows #172-#178): the no-BH catalogue divisor is Σ^φ. This is the production absolute_marginal estimator.
host_z_kernel='volume_deconv' overrides the mode-bundled numerator kernel (resolved: volume_deconv numerator with absolute_marginal normalization) — diagnostic decomposition, issue #40(a)
Computing posteriors for h = 0.67...
SNR filter (>= 20): 1590 -> 1590 detections
After quality filtering: 1588 detections (d_L relative error < 0.1)
Pooled 200100 injection events from 707 files (h values: 0.73).
Injection pool strata: 200100 rows total (a=99014, b=50947, c=50139). Leg masks — pool-marginal legs (pooled/1D survival, 2D S(d_L|M_z) grid, sky bands, FIX-2 S(d_L|z), wbh (K5) m-marginal shrinkage target, quality flags, SNR rescaling, d_L grid support): stratum 'a' only; measure-free legs (FIX-3 joint S(d_L|u,m) kernel/ESS/DLQ): all rows. (SIZING_ANALYSIS.md §4; measure-match rule [RATIFY-Z1].)
Injection pool spans 2 code revisions (a9f29e82, f6449051) — legitimate for straggler resubmits after a non-physics fix, but verify none of them changed SNR semantics.
Sky bands built: 6 equal-|sin beta| bands, per-band injection counts [16719, 16459, 16513, 16711, 16246, 16366].
z-resolved survival built: 121 u-nodes on [0, 0.9163], sigma_u=0.01692 (Scott d=1, scale 1), Abramson lambda in [0.743, 20.3], node ESS min/median = 388/6761, sky-band cells below ESS floor: 0/726.
P_det grid coverage: 100.0% of events have 4-sigma d_L bounds within grid (1588/1588)
Loaded cached m_th map from /pfs/work9/workspace/scratch/st_ac147838-emri/run_20260829_wave2_c4_iiib/cwd/darksiren_emri/galaxy_catalogue/m_th_map_nside32.npy (nside=32).
D(h=0.6700) = 1.675039e+09  [z_max=1.2381, dl_max=9.1650 Gpc]
D(h) precomputed for 1 h-value(s).
beta_Gbar(h=0.6700) = 1.443975e+09  [z_max=1.2381]
Global catalog selection (with_bh=False) sum_w_Dg(h=0.6700) = 1.087076e+09  [20834082 eligible galaxies, z_max=1.2381]
Global catalog selection (with_bh=True) sum_w_Dg(h=0.6700) = 3.624336e+08  [20834082 eligible galaxies, z_max=1.2381]
T9 Sigma^4D(h=0.6700) mass-band shares [%]: in_band=99.1473 above=0.8311 below=0.0217 clamped_hi=0.0149 clamped_lo=0.0283  (of record at 0.73: 98.980/0.999/~0/0.020)
S_bar_phi(h=0.6700): z_max=1.2381, S_bar_phi(z_min)=0.9895809, S_bar_phi(z_max)=0, max=0.9895809 [1500 z x 600 log10M nodes]
phi-convention legs(h=0.6700): beta_G_phi=1.878931e+08, beta_Gbar_phi=9.49229e+08, D_phi=1.137122e+09
Global catalog selection (with_bh=False, phi_marginal) sum_w_Dg(h=0.6700) = 9.478484e+08  [20834082 eligible galaxies, z_max=1.2381]
path-A(h=0.6700): w_tilde_G=0.07036279, alpha_G_phi=7.184565e+07, r_Malm=0.3823751, n_hat_w_phi=5.044614, D_phi=1.137122e+09, D_tilde_phi=1.021075e+09, Sigma_phi=9.478484e+08, Sigma_4D=3.624336e+08 | w_G_legacy=0.1379453
path-A(h=0.6700) monitored gate(ii): predicted in-cat share = 0.07036279 (SNR-only) -> 0.05239354 (S_and, rho=0.7305). Monitored consistency number, not evidence.
Partition-norm: w_G=beta_G/D(h)=0.1379453, sum_w_Dg(no_bh)=1.0871e+09, sum_w_Dg(with_bh)=3.6243e+08
Fisher quality: 1588 total, 0 flagged/excluded (0.0%). Top-5 worst cond: [(118, '1.48e+03', '8.01e+12'), (1008, '2.45e+03', '7.83e+12'), (491, '1.63e+02', '2.56e+12'), (511, '4.52e+01', '2.03e+12'), (386, '1.58e+02', '2.00e+12')]
Gaussian precomputation: 0.36s (1588 detections)
Multiprocessing context: forkserver
Pool spawn (14 workers): 20.15s
Progess: detections: 0/1588...
No possible hosts. Returning None.
Detection 0: no catalogue hosts in the localization volume — pure-completion fallback p_i = B_num/D (issue #29)
start parallel computation with: <multiprocessing.pool.Pool state=RUN pool_size=14>
parallel computing took: 1.0967254638671875e-05s
Detection 0: no catalog results found
Progess: detections: 1/1588...
No possible hosts. Returning None.
Detection 1: no catalogue hosts in the localization volume — pure-completion fallback p_i = B_num/D (issue #29)
start parallel computation with: <multiprocessing.pool.Pool state=RUN pool_size=14>
parallel computing took: 9.775161743164062e-06s
Detection 1: no catalog results found
Progess: detections: 2/1588...
No possible hosts. Returning None.
Detection 2: no catalogue hosts in the localization volume — pure-completion fallback p_i = B_num/D (issue #29)
start parallel computation with: <multiprocessing.pool.Pool state=RUN pool_size=14>
parallel computing took: 6.198883056640625e-06s
Detection 2: no catalog results found
Progess: detections: 3/1588...
No possible hosts. Returning None.
Detection 3: no catalogue hosts in the localization volume — pure-completion fallback p_i = B_num/D (issue #29)
start parallel computation with: <multiprocessing.pool.Pool state=RUN pool_size=14>
parallel computing took: 6.9141387939453125e-06s
Detection 3: no catalog results found
Progess: detections: 4/1588...
Found 138 possible hosts without BH mass and 138 possible hosts with BH mass.
possible hosts found 138/138...
start parallel computation with: <multiprocessing.pool.Pool state=RUN pool_size=14>
parallel computing took: 0.025612831115722656s
Progess: detections: 5/1588...
Found 14586 possible hosts without BH mass and 14586 possible hosts with BH mass.
possible hosts found 14586/14586...
start parallel computation with: <multiprocessing.pool.Pool state=RUN pool_size=14>
parallel computing took: 1.4251289367675781s
Progess: detections: 6/1588...
Found 2 possible hosts without BH mass and 2 possible hosts with BH mass.
possible hosts found 2/2...
start parallel computation with: <multiprocessing.pool.Pool state=RUN pool_size=14>
parallel computing took: 0.0030219554901123047s
Progess: detections: 7/1588...
No possible hosts. Returning None.
Detection 7: no catalogue hosts in the localization volume — pure-completion fallback p_i = B_num/D (issue #29)
start parallel computation with: <multiprocessing.pool.Pool state=RUN pool_size=14>
parallel computing took: 6.67572021484375e-06s
Detection 7: no catalog results found
Progess: detections: 8/1588...
Found 28 possible hosts without BH mass and 28 possible hosts with BH mass.
possible hosts found 28/28...
start parallel computation with: <multiprocessing.pool.Pool state=RUN pool_size=14>
parallel computing took: 0.006182432174682617s
Progess: detections: 9/1588...
Found 38 possible hosts without BH mass and 38 possible hosts with BH mass.
possible hosts found 38/38...
start parallel computation with: <multiprocessing.pool.Pool state=RUN pool_size=14>
parallel computing took: 0.006210803985595703s
Progess: detections: 10/1588...
Found 384 possible hosts without BH mass and 384 possible hosts with BH mass.
possible hosts found 384/384...
start parallel computation with: <multiprocessing.pool.Pool state=RUN pool_size=14>
parallel computing took: 0.027472257614135742s
Progess: detections: 11/1588...
Found 2 possible hosts without BH mass and 2 possible hosts with BH mass.
possible hosts found 2/2...
start parallel computation with: <multiprocessing.pool.Pool state=RUN pool_size=14>
parallel computing took: 0.0027451515197753906s
Progess: detections: 12/1588...
Found 1071 possible hosts without BH mass and 1071 possible hosts with BH mass.
possible hosts found 1071/1071...
start parallel computation with: <multiprocessing.pool.Pool state=RUN pool_size=14>
parallel computing took: 0.08207249641418457s
Progess: detections: 13/1588...
Found 8 possible hosts without BH mass and 7 possible hosts with BH mass.
possible hosts found 8/7...
start parallel computation with: <multiprocessing.pool.Pool state=RUN pool_size=14>
Event 13: >5% quadrature weight outside P_det grid — numerator=0.000, denominator=0.054 (repeats for this event suppressed)
Event 13: >5% quadrature weight outside P_det grid — numerator=0.000, denominator=0.067 (repeats for this event suppressed)
Event 13: >5% quadrature weight outside P_det grid — numerator=0.000, denominator=0.057 (repeats for this event suppressed)
Event 13: >5% quadrature weight outside P_det grid — numerator=0.000, denominator=0.075 (repeats for this event suppressed)
Event 13: >5% quadrature weight outside P_det grid — numerator=0.000, denominator=0.054 (repeats for this event suppressed)
Event 13: >5% quadrature weight outside P_det grid — numerator=0.000, denominator=0.058 (repeats for this event suppressed)
Event 13: >5% quadrature weight outside P_det grid — numerator=0.000, denominator=0.079 (repeats for this event suppressed)
parallel computing took: 0.0062253475189208984s
Progess: detections: 14/1588...
Found 1 possible hosts without BH mass and 1 possible hosts with BH mass.
possible hosts found 1/1...
start parallel computation with: <multiprocessing.pool.Pool state=RUN pool_size=14>
parallel computing took: 0.002493619918823242s
Progess: detections: 15/1588...
No possible hosts. Returning None.
Detection 15: no catalogue hosts in the localization volume — pure-completion fallback p_i = B_num/D (issue #29)
start parallel computation with: <multiprocessing.pool.Pool state=RUN pool_size=14>
parallel computing took: 6.67572021484375e-06s
Detection 15: no catalog results found
Progess: detections: 16/1588...
No possible hosts. Returning None.
Detection 16: no catalogue hosts in the localization volume — pure-completion fallback p_i = B_num/D (issue #29)
start parallel computation with: <multiprocessing.pool.Pool state=RUN pool_size=14>
parallel computing took: 6.9141387939453125e-06s
Detection 16: no catalog results found
Progess: detections: 17/1588...
No possible hosts. Returning None.
Detection 17: no catalogue hosts in the localization volume — pure-completion fallback p_i = B_num/D (issue #29)
start parallel computation with: <multiprocessing.pool.Pool state=RUN pool_size=14>
parallel computing took: 1.3589859008789062e-05s
Detection 17: no catalog results found
Progess: detections: 18/1588...
Found 1 possible hosts without BH mass and 1 possible hosts with BH mass.
possible hosts found 1/1...
start parallel computation with: <multiprocessing.pool.Pool state=RUN pool_size=14>
Event 18: >5% quadrature weight outside P_det grid — numerator=0.000, denominator=0.078 (repeats for this event suppressed)
parallel computing took: 0.002958059310913086s
Progess: detections: 19/1588...
No possible hosts. Returning None.
Detection 19: no catalogue hosts in the localization volume — pure-completion fallback p_i = B_num/D (issue #29)
start parallel computation with: <multiprocessing.pool.Pool state=RUN pool_size=14>
parallel computing took: 6.67572021484375e-06s
Detection 19: no catalog results found
Progess: detections: 20/1588...
Found 1 possible hosts without BH mass and 1 possible hosts with BH mass.
possible hosts found 1/1...
start parallel computation with: <multiprocessing.pool.Pool state=RUN pool_size=14>
parallel computing took: 0.002695798873901367s
Progess: detections: 21/1588...
Found 822 possible hosts without BH mass and 822 possible hosts with BH mass.
possible hosts found 822/822...
start parallel computation with: <multiprocessing.pool.Pool state=RUN pool_size=14>
Event 21: >5% quadrature weight outside P_det grid — numerator=0.000, denominator=0.052 (repeats for this event suppressed)
Event 21: >5% quadrature weight outside P_det grid — numerator=0.000, denominator=0.051 (repeats for this event suppressed)
Event 21: >5% quadrature weight outside P_det grid — numerator=0.000, denominator=0.051 (repeats for this event suppressed)
Event 21: >5% quadrature weight outside P_det grid — numerator=0.000, denominator=0.052 (repeats for this event suppressed)
Event 21: >5% quadrature weight outside P_det grid — numerator=0.000, denominator=0.051 (repeats for this event suppressed)
Event 21: >5% quadrature weight outside P_det grid — numerator=0.000, denominator=0.051 (repeats for this event suppressed)
Event 21: >5% quadrature weight outside P_det grid — numerator=0.000, denominator=0.051 (repeats for this event suppressed)
Event 21: >5% quadrature weight outside P_det grid — numerator=0.000, denominator=0.050 (repeats for this event suppressed)
Event 21: >5% quadrature weight outside P_det grid — numerator=0.000, denominator=0.051 (repeats for this event suppressed)
Event 21: >5% quadrature weight outside P_det grid — numerator=0.000, denominator=0.052 (repeats for this event suppressed)
Event 21: >5% quadrature weight outside P_det grid — numerator=0.000, denominator=0.052 (repeats for this event suppressed)
Event 21: >5% quadrature weight outside P_det grid — numerator=0.000, denominator=0.052 (repeats for this event suppressed)
Event 21: >5% quadrature weight outside P_det grid — numerator=0.000, denominator=0.050 (repeats for this event suppressed)
Event 21: >5% quadrature weight outside P_det grid — numerator=0.000, denominator=0.052 (repeats for this event suppressed)
parallel computing took: 0.05951118469238281s
Progess: detections: 22/1588...
No possible hosts. Returning None.
Detection 22: no catalogue hosts in the localization volume — pure-completion fallback p_i = B_num/D (issue #29)
start parallel computation with: <multiprocessing.pool.Pool state=RUN pool_size=14>
parallel computing took: 8.58306884765625e-06s
Detection 22: no catalog results found
Progess: detections: 23/1588...
Found 32 possible hosts without BH mass and 32 possible hosts with BH mass.
possible hosts found 32/32...
start parallel computation with: <multiprocessing.pool.Pool state=RUN pool_size=14>
parallel computing took: 0.0057222843170166016s
Progess: detections: 24/1588...
Found 6 possible hosts without BH mass and 6 possible hosts with BH mass.
possible hosts found 6/6...
start parallel computation with: <multiprocessing.pool.Pool state=RUN pool_size=14>
parallel computing took: 0.003949642181396484s
Progess: detections: 25/1588...
No possible hosts. Returning None.
Detection 25: no catalogue hosts in the localization volume — pure-completion fallback p_i = B_num/D (issue #29)
start parallel computation with: <multiprocessing.pool.Pool state=RUN pool_size=14>
parallel computing took: 6.9141387939453125e-06s
Detection 25: no catalog results found
Progess: detections: 26/1588...
Found 2 possible hosts without BH mass and 2 possible hosts with BH mass.
possible hosts found 2/2...
start parallel computation with: <multiprocessing.pool.Pool state=RUN pool_size=14>
parallel computing took: 0.003545999526977539s
Progess: detections: 27/1588...
Found 4 possible hosts without BH mass and 4 possible hosts with BH mass.
possible hosts found 4/4...
start parallel computation with: <multiprocessing.pool.Pool state=RUN pool_size=14>
parallel computing took: 0.00403594970703125s
Progess: detections: 28/1588...
Found 195 possible hosts without BH mass and 195 possible hosts with BH mass.
possible hosts found 195/195...
start parallel computation with: <multiprocessing.pool.Pool state=RUN pool_size=14>
parallel computing took: 0.016860485076904297s
Progess: detections: 29/1588...
Found 149 possible hosts without BH mass and 149 possible hosts with BH mass.
possible hosts found 149/149...
start parallel computation with: <multiprocessing.pool.Pool state=RUN pool_size=14>
parallel computing took: 0.012691974639892578s
Progess: detections: 30/1588...
Found 1 possible hosts without BH mass and 1 possible hosts with BH mass.
possible hosts found 1/1...
start parallel computation with: <multiprocessing.pool.Pool state=RUN pool_size=14>
parallel computing took: 0.002681255340576172s
Progess: detections: 31/1588...
Found 23 possible hosts without BH mass and 23 possible hosts with BH mass.
possible hosts found 23/23...
start parallel computation with: <multiprocessing.pool.Pool state=RUN pool_size=14>
parallel computing took: 0.0049898624420166016s
Progess: detections: 32/1588...
No possible hosts. Returning None.
Detection 32: no catalogue hosts in the localization volume — pure-completion fallback p_i = B_num/D (issue #29)
start parallel computation with: <multiprocessing.pool.Pool state=RUN pool_size=14>
parallel computing took: 6.9141387939453125e-06s
Detection 32: no catalog results found
Progess: detections: 33/1588...
Found 80 possible hosts without BH mass and 80 possible hosts with BH mass.
possible hosts found 80/80...
start parallel computation with: <multiprocessing.pool.Pool state=RUN pool_size=14>
parallel computing took: 0.008397817611694336s
Progess: detections: 34/1588...
Found 224 possible hosts without BH mass and 224 possible hosts with BH mass.
possible hosts found 224/224...
start parallel computation with: <multiprocessing.pool.Pool state=RUN pool_size=14>
parallel computing took: 0.017296314239501953s
Progess: detections: 35/1588...
No possible hosts. Returning None.
Detection 35: no catalogue hosts in the localization volume — pure-completion fallback p_i = B_num/D (issue #29)
start parallel computation with: <multiprocessing.pool.Pool state=RUN pool_size=14>
parallel computing took: 7.152557373046875e-06s
Detection 35: no catalog results found
Progess: detections: 36/1588...
No possible hosts. Returning None.
Detection 36: no catalogue hosts in the localization volume — pure-completion fallback p_i = B_num/D (issue #29)
start parallel computation with: <multiprocessing.pool.Pool state=RUN pool_size=14>
parallel computing took: 7.152557373046875e-06s
Detection 36: no catalog results found
Progess: detections: 37/1588...
No possible hosts. Returning None.
Detection 37: no catalogue hosts in the localization volume — pure-completion fallback p_i = B_num/D (issue #29)
start parallel computation with: <multiprocessing.pool.Pool state=RUN pool_size=14>
parallel computing took: 7.152557373046875e-06s
Detection 37: no catalog results found
Progess: detections: 38/1588...
Found 50 possible hosts without BH mass and 50 possible hosts with BH mass.
possible hosts found 50/50...
start parallel computation with: <multiprocessing.pool.Pool state=RUN pool_size=14>
parallel computing took: 0.006625652313232422s
Progess: detections: 39/1588...
No possible hosts. Returning None.
Detection 39: no catalogue hosts in the localization volume — pure-completion fallback p_i = B_num/D (issue #29)
start parallel computation with: <multiprocessing.pool.Pool state=RUN pool_size=14>
parallel computing took: 7.152557373046875e-06s
Detection 39: no catalog results found
Progess: detections: 40/1588...
No possible hosts. Returning None.
Detection 40: no catalogue hosts in the localization volume — pure-completion fallback p_i = B_num/D (issue #29)
start parallel computation with: <multiprocessing.pool.Pool state=RUN pool_size=14>
parallel computing took: 6.4373016357421875e-06s
Detection 40: no catalog results found
Progess: detections: 41/1588...
Found 2 possible hosts without BH mass and 2 possible hosts with BH mass.
possible hosts found 2/2...
start parallel computation with: <multiprocessing.pool.Pool state=RUN pool_size=14>
parallel computing took: 0.002695322036743164s
Progess: detections: 42/1588...
No possible hosts. Returning None.
Detection 42: no catalogue hosts in the localization volume — pure-completion fallback p_i = B_num/D (issue #29)
start parallel computation with: <multiprocessing.pool.Pool state=RUN pool_size=14>
parallel computing took: 6.67572021484375e-06s
Detection 42: no catalog results found
Progess: detections: 43/1588...
Found 1 possible hosts without BH mass and 1 possible hosts with BH mass.
possible hosts found 1/1...
start parallel computation with: <multiprocessing.pool.Pool state=RUN pool_size=14>
Event 43: >5% quadrature weight outside P_det grid — numerator=0.000, denominator=0.087 (repeats for this event suppressed)
parallel computing took: 0.002753019332885742s
Progess: detections: 44/1588...
Found 1 possible hosts without BH mass and 1 possible hosts with BH mass.
possible hosts found 1/1...
start parallel computation with: <multiprocessing.pool.Pool state=RUN pool_size=14>
Event 44: >5% quadrature weight outside P_det grid — numerator=0.000, denominator=0.078 (repeats for this event suppressed)
parallel computing took: 0.002711772918701172s
Progess: detections: 45/1588...
Found 568 possible hosts without BH mass and 568 possible hosts with BH mass.
possible hosts found 568/568...
start parallel computation with: <multiprocessing.pool.Pool state=RUN pool_size=14>
parallel computing took: 0.04294395446777344s
Progess: detections: 46/1588...
Found 1601 possible hosts without BH mass and 1601 possible hosts with BH mass.
possible hosts found 1601/1601...
start parallel computation with: <multiprocessing.pool.Pool state=RUN pool_size=14>
Event 46: >5% quadrature weight outside P_det grid — numerator=0.000, denominator=0.054 (repeats for this event suppressed)
Event 46: >5% quadrature weight outside P_det grid — numerator=0.000, denominator=0.060 (repeats for this event suppressed)
Event 46: >5% quadrature weight outside P_det grid — numerator=0.000, denominator=0.061 (repeats for this event suppressed)
Event 46: >5% quadrature weight outside P_det grid — numerator=0.000, denominator=0.062 (repeats for this event suppressed)
Event 46: >5% quadrature weight outside P_det grid — numerator=0.000, denominator=0.061 (repeats for this event suppressed)
Event 46: >5% quadrature weight outside P_det grid — numerator=0.000, denominator=0.063 (repeats for this event suppressed)
Event 46: >5% quadrature weight outside P_det grid — numerator=0.000, denominator=0.055 (repeats for this event suppressed)
Event 46: >5% quadrature weight outside P_det grid — numerator=0.000, denominator=0.051 (repeats for this event suppressed)
Event 46: >5% quadrature weight outside P_det grid — numerator=0.000, denominator=0.053 (repeats for this event suppressed)
Event 46: >5% quadrature weight outside P_det grid — numerator=0.000, denominator=0.054 (repeats for this event suppressed)
Event 46: >5% quadrature weight outside P_det grid — numerator=0.000, denominator=0.059 (repeats for this event suppressed)
Event 46: >5% quadrature weight outside P_det grid — numerator=0.000, denominator=0.062 (repeats for this event suppressed)
Event 46: >5% quadrature weight outside P_det grid — numerator=0.000, denominator=0.061 (repeats for this event suppressed)
Event 46: >5% quadrature weight outside P_det grid — numerator=0.000, denominator=0.055 (repeats for this event suppressed)
parallel computing took: 0.12225198745727539s
Progess: detections: 47/1588...
Found 3 possible hosts without BH mass and 3 possible hosts with BH mass.
possible hosts found 3/3...
start parallel computation with: <multiprocessing.pool.Pool state=RUN pool_size=14>
parallel computing took: 0.0027403831481933594s
Progess: detections: 48/1588...
No possible hosts. Returning None.
Detection 48: no catalogue hosts in the localization volume — pure-completion fallback p_i = B_num/D (issue #29)
start parallel computation with: <multiprocessing.pool.Pool state=RUN pool_size=14>
parallel computing took: 6.4373016357421875e-06s
Detection 48: no catalog results found
Progess: detections: 49/1588...
No possible hosts. Returning None.
Detection 49: no catalogue hosts in the localization volume — pure-completion fallback p_i = B_num/D (issue #29)
start parallel computation with: <multiprocessing.pool.Pool state=RUN pool_size=14>
parallel computing took: 6.67572021484375e-06s
Detection 49: no catalog results found
Progess: detections: 50/1588...
Found 1 possible hosts without BH mass and 1 possible hosts with BH mass.
possible hosts found 1/1...
start parallel computation with: <multiprocessing.pool.Pool state=RUN pool_size=14>
Event 50: >5% quadrature weight outside P_det grid — numerator=0.000, denominator=0.091 (repeats for this event suppressed)
parallel computing took: 0.0028672218322753906s
Progess: detections: 51/1588...
Found 62 possible hosts without BH mass and 62 possible hosts with BH mass.
possible hosts found 62/62...
start parallel computation with: <multiprocessing.pool.Pool state=RUN pool_size=14>
parallel computing took: 0.00805974006652832s
Progess: detections: 52/1588...
No possible hosts. Returning None.
Detection 52: no catalogue hosts in the localization volume — pure-completion fallback p_i = B_num/D (issue #29)
start parallel computation with: <multiprocessing.pool.Pool state=RUN pool_size=14>
parallel computing took: 7.62939453125e-06s
Detection 52: no catalog results found
Progess: detections: 53/1588...
No possible hosts. Returning None.
Detection 53: no catalogue hosts in the localization volume — pure-completion fallback p_i = B_num/D (issue #29)
start parallel computation with: <multiprocessing.pool.Pool state=RUN pool_size=14>
parallel computing took: 7.62939453125e-06s
Detection 53: no catalog results found
Progess: detections: 54/1588...
Found 1123 possible hosts without BH mass and 1123 possible hosts with BH mass.
possible hosts found 1123/1123...
start parallel computation with: <multiprocessing.pool.Pool state=RUN pool_size=14>
parallel computing took: 0.08595013618469238s
Progess: detections: 55/1588...
Found 1 possible hosts without BH mass and 1 possible hosts with BH mass.
possible hosts found 1/1...
start parallel computation with: <multiprocessing.pool.Pool state=RUN pool_size=14>
parallel computing took: 0.0027446746826171875s
Progess: detections: 56/1588...
Found 1 possible hosts without BH mass and 1 possible hosts with BH mass.
possible hosts found 1/1...
start parallel computation with: <multiprocessing.pool.Pool state=RUN pool_size=14>
parallel computing took: 0.002597332000732422s
Progess: detections: 57/1588...
Found 64 possible hosts without BH mass and 64 possible hosts with BH mass.
possible hosts found 64/64...
start parallel computation with: <multiprocessing.pool.Pool state=RUN pool_size=14>
parallel computing took: 0.007431745529174805s
Progess: detections: 58/1588...
Found 8524 possible hosts without BH mass and 8524 possible hosts with BH mass.
possible hosts found 8524/8524...
start parallel computation with: <multiprocessing.pool.Pool state=RUN pool_size=14>
parallel computing took: 0.7698464393615723s
Progess: detections: 59/1588...
Found 2591 possible hosts without BH mass and 2591 possible hosts with BH mass.
possible hosts found 2591/2591...
start parallel computation with: <multiprocessing.pool.Pool state=RUN pool_size=14>
parallel computing took: 0.22152090072631836s
Progess: detections: 60/1588...
Found 27 possible hosts without BH mass and 27 possible hosts with BH mass.
possible hosts found 27/27...
start parallel computation with: <multiprocessing.pool.Pool state=RUN pool_size=14>
parallel computing took: 0.00530552864074707s
Progess: detections: 61/1588...
No possible hosts. Returning None.
Detection 61: no catalogue hosts in the localization volume — pure-completion fallback p_i = B_num/D (issue #29)
start parallel computation with: <multiprocessing.pool.Pool state=RUN pool_size=14>
parallel computing took: 7.867813110351562e-06s
Detection 61: no catalog results found
Progess: detections: 62/1588...
Found 33 possible hosts without BH mass and 33 possible hosts with BH mass.
possible hosts found 33/33...
start parallel computation with: <multiprocessing.pool.Pool state=RUN pool_size=14>
parallel computing took: 0.005581378936767578s
Progess: detections: 63/1588...
No possible hosts. Returning None.
Detection 63: no catalogue hosts in the localization volume — pure-completion fallback p_i = B_num/D (issue #29)
start parallel computation with: <multiprocessing.pool.Pool state=RUN pool_size=14>
parallel computing took: 7.152557373046875e-06s
Detection 63: no catalog results found
Progess: detections: 64/1588...
Found 32 possible hosts without BH mass and 32 possible hosts with BH mass.
possible hosts found 32/32...
start parallel computation with: <multiprocessing.pool.Pool state=RUN pool_size=14>
parallel computing took: 0.005456686019897461s
Progess: detections: 65/1588...
Found 162 possible hosts without BH mass and 162 possible hosts with BH mass.
possible hosts found 162/162...
start parallel computation with: <multiprocessing.pool.Pool state=RUN pool_size=14>
parallel computing took: 0.013698339462280273s
Progess: detections: 66/1588...
Found 861 possible hosts without BH mass and 861 possible hosts with BH mass.
possible hosts found 861/861...
start parallel computation with: <multiprocessing.pool.Pool state=RUN pool_size=14>
parallel computing took: 0.0694882869720459s
Progess: detections: 67/1588...
Found 115 possible hosts without BH mass and 115 possible hosts with BH mass.
possible hosts found 115/115...
start parallel computation with: <multiprocessing.pool.Pool state=RUN pool_size=14>
parallel computing took: 0.010427713394165039s
Progess: detections: 68/1588...
No possible hosts. Returning None.
Detection 68: no catalogue hosts in the localization volume — pure-completion fallback p_i = B_num/D (issue #29)
start parallel computation with: <multiprocessing.pool.Pool state=RUN pool_size=14>
parallel computing took: 8.344650268554688e-06s
Detection 68: no catalog results found
Progess: detections: 69/1588...
Found 14 possible hosts without BH mass and 14 possible hosts with BH mass.
possible hosts found 14/14...
start parallel computation with: <multiprocessing.pool.Pool state=RUN pool_size=14>
parallel computing took: 0.004937410354614258s
Progess: detections: 70/1588...
Found 463 possible hosts without BH mass and 463 possible hosts with BH mass.
possible hosts found 463/463...
start parallel computation with: <multiprocessing.pool.Pool state=RUN pool_size=14>
parallel computing took: 0.03335213661193848s
Progess: detections: 71/1588...
Found 2 possible hosts without BH mass and 2 possible hosts with BH mass.
possible hosts found 2/2...
start parallel computation with: <multiprocessing.pool.Pool state=RUN pool_size=14>
parallel computing took: 0.002839326858520508s
Progess: detections: 72/1588...
No possible hosts. Returning None.
Detection 72: no catalogue hosts in the localization volume — pure-completion fallback p_i = B_num/D (issue #29)
start parallel computation with: <multiprocessing.pool.Pool state=RUN pool_size=14>
parallel computing took: 7.152557373046875e-06s
Detection 72: no catalog results found
Progess: detections: 73/1588...
Found 1 possible hosts without BH mass and 1 possible hosts with BH mass.
possible hosts found 1/1...
start parallel computation with: <multiprocessing.pool.Pool state=RUN pool_size=14>
parallel computing took: 0.0027511119842529297s
Progess: detections: 74/1588...
Found 3131 possible hosts without BH mass and 3131 possible hosts with BH mass.
possible hosts found 3131/3131...
start parallel computation with: <multiprocessing.pool.Pool state=RUN pool_size=14>
parallel computing took: 0.2654869556427002s
Progess: detections: 75/1588...
Found 263 possible hosts without BH mass and 263 possible hosts with BH mass.
possible hosts found 263/263...
start parallel computation with: <multiprocessing.pool.Pool state=RUN pool_size=14>
parallel computing took: 0.02109241485595703s
Progess: detections: 76/1588...
Found 3639 possible hosts without BH mass and 3639 possible hosts with BH mass.
possible hosts found 3639/3639...
start parallel computation with: <multiprocessing.pool.Pool state=RUN pool_size=14>
parallel computing took: 0.32848167419433594s
Progess: detections: 77/1588...
Found 15 possible hosts without BH mass and 15 possible hosts with BH mass.
possible hosts found 15/15...
start parallel computation with: <multiprocessing.pool.Pool state=RUN pool_size=14>
parallel computing took: 0.0049877166748046875s
Progess: detections: 78/1588...
Found 445 possible hosts without BH mass and 445 possible hosts with BH mass.
possible hosts found 445/445...
start parallel computation with: <multiprocessing.pool.Pool state=RUN pool_size=14>
parallel computing took: 0.033926963806152344s
Progess: detections: 79/1588...
Found 626 possible hosts without BH mass and 626 possible hosts with BH mass.
possible hosts found 626/626...
start parallel computation with: <multiprocessing.pool.Pool state=RUN pool_size=14>
parallel computing took: 0.04690265655517578s
Progess: detections: 80/1588...
No possible hosts. Returning None.
Detection 80: no catalogue hosts in the localization volume — pure-completion fallback p_i = B_num/D (issue #29)
start parallel computation with: <multiprocessing.pool.Pool state=RUN pool_size=14>
parallel computing took: 7.867813110351562e-06s
Detection 80: no catalog results found
Progess: detections: 81/1588...
Found 52 possible hosts without BH mass and 52 possible hosts with BH mass.
possible hosts found 52/52...
start parallel computation with: <multiprocessing.pool.Pool state=RUN pool_size=14>
parallel computing took: 0.0065000057220458984s
Progess: detections: 82/1588...
No possible hosts. Returning None.
Detection 82: no catalogue hosts in the localization volume — pure-completion fallback p_i = B_num/D (issue #29)
start parallel computation with: <multiprocessing.pool.Pool state=RUN pool_size=14>
parallel computing took: 7.152557373046875e-06s
Detection 82: no catalog results found
Progess: detections: 83/1588...
Found 136 possible hosts without BH mass and 136 possible hosts with BH mass.
possible hosts found 136/136...
start parallel computation with: <multiprocessing.pool.Pool state=RUN pool_size=14>
parallel computing took: 0.012183904647827148s
Progess: detections: 84/1588...
Found 557 possible hosts without BH mass and 557 possible hosts with BH mass.
possible hosts found 557/557...
start parallel computation with: <multiprocessing.pool.Pool state=RUN pool_size=14>
parallel computing took: 0.042755126953125s
Progess: detections: 85/1588...
Found 26 possible hosts without BH mass and 26 possible hosts with BH mass.
possible hosts found 26/26...
start parallel computation with: <multiprocessing.pool.Pool state=RUN pool_size=14>
parallel computing took: 0.0053064823150634766s
Progess: detections: 86/1588...
Found 270 possible hosts without BH mass and 270 possible hosts with BH mass.
possible hosts found 270/270...
start parallel computation with: <multiprocessing.pool.Pool state=RUN pool_size=14>
parallel computing took: 0.019904375076293945s
Progess: detections: 87/1588...
No possible hosts. Returning None.
Detection 87: no catalogue hosts in the localization volume — pure-completion fallback p_i = B_num/D (issue #29)
start parallel computation with: <multiprocessing.pool.Pool state=RUN pool_size=14>
parallel computing took: 8.344650268554688e-06s
Detection 87: no catalog results found
Progess: detections: 88/1588...
Found 7 possible hosts without BH mass and 7 possible hosts with BH mass.
possible hosts found 7/7...
start parallel computation with: <multiprocessing.pool.Pool state=RUN pool_size=14>
parallel computing took: 0.003970146179199219s
Progess: detections: 89/1588...
Found 35 possible hosts without BH mass and 35 possible hosts with BH mass.
possible hosts found 35/35...
start parallel computation with: <multiprocessing.pool.Pool state=RUN pool_size=14>
parallel computing took: 0.006128072738647461s
Progess: detections: 90/1588...
No possible hosts. Returning None.
Detection 90: no catalogue hosts in the localization volume — pure-completion fallback p_i = B_num/D (issue #29)
start parallel computation with: <multiprocessing.pool.Pool state=RUN pool_size=14>
parallel computing took: 6.9141387939453125e-06s
Detection 90: no catalog results found
Progess: detections: 91/1588...
No possible hosts. Returning None.
Detection 91: no catalogue hosts in the localization volume — pure-completion fallback p_i = B_num/D (issue #29)
start parallel computation with: <multiprocessing.pool.Pool state=RUN pool_size=14>
parallel computing took: 6.9141387939453125e-06s
Detection 91: no catalog results found
Progess: detections: 92/1588...
No possible hosts. Returning None.
Detection 92: no catalogue hosts in the localization volume — pure-completion fallback p_i = B_num/D (issue #29)
start parallel computation with: <multiprocessing.pool.Pool state=RUN pool_size=14>
parallel computing took: 1.239776611328125e-05s
Detection 92: no catalog results found
Progess: detections: 93/1588...
Found 602 possible hosts without BH mass and 602 possible hosts with BH mass.
possible hosts found 602/602...
start parallel computation with: <multiprocessing.pool.Pool state=RUN pool_size=14>
parallel computing took: 0.042326927185058594s
Progess: detections: 94/1588...
Found 1805 possible hosts without BH mass and 1797 possible hosts with BH mass.
possible hosts found 1805/1797...
start parallel computation with: <multiprocessing.pool.Pool state=RUN pool_size=14>
Event 94: >5% quadrature weight outside P_det grid — numerator=0.000, denominator=0.055 (repeats for this event suppressed)
Event 94: >5% quadrature weight outside P_det grid — numerator=0.000, denominator=0.058 (repeats for this event suppressed)
Event 94: >5% quadrature weight outside P_det grid — numerator=0.000, denominator=0.057 (repeats for this event suppressed)
Event 94: >5% quadrature weight outside P_det grid — numerator=0.000, denominator=0.051 (repeats for this event suppressed)
Event 94: >5% quadrature weight outside P_det grid — numerator=0.000, denominator=0.052 (repeats for this event suppressed)
Event 94: >5% quadrature weight outside P_det grid — numerator=0.000, denominator=0.058 (repeats for this event suppressed)
Event 94: >5% quadrature weight outside P_det grid — numerator=0.000, denominator=0.052 (repeats for this event suppressed)
Event 94: >5% quadrature weight outside P_det grid — numerator=0.000, denominator=0.056 (repeats for this event suppressed)
Event 94: >5% quadrature weight outside P_det grid — numerator=0.000, denominator=0.053 (repeats for this event suppressed)
Event 94: >5% quadrature weight outside P_det grid — numerator=0.000, denominator=0.056 (repeats for this event suppressed)
Event 94: >5% quadrature weight outside P_det grid — numerator=0.000, denominator=0.057 (repeats for this event suppressed)
Event 94: >5% quadrature weight outside P_det grid — numerator=0.000, denominator=0.050 (repeats for this event suppressed)
Event 94: >5% quadrature weight outside P_det grid — numerator=0.000, denominator=0.057 (repeats for this event suppressed)
Event 94: >5% quadrature weight outside P_det grid — numerator=0.000, denominator=0.058 (repeats for this event suppressed)
parallel computing took: 0.14998507499694824s
Progess: detections: 95/1588...
Found 4 possible hosts without BH mass and 4 possible hosts with BH mass.
possible hosts found 4/4...
start parallel computation with: <multiprocessing.pool.Pool state=RUN pool_size=14>
parallel computing took: 0.0036025047302246094s
Progess: detections: 96/1588...
Found 302 possible hosts without BH mass and 302 possible hosts with BH mass.
possible hosts found 302/302...
start parallel computation with: <multiprocessing.pool.Pool state=RUN pool_size=14>
parallel computing took: 0.022151947021484375s
Progess: detections: 97/1588...
Found 49 possible hosts without BH mass and 49 possible hosts with BH mass.
possible hosts found 49/49...
start parallel computation with: <multiprocessing.pool.Pool state=RUN pool_size=14>
parallel computing took: 0.006526947021484375s
Progess: detections: 98/1588...
Found 11597 possible hosts without BH mass and 11597 possible hosts with BH mass.
possible hosts found 11597/11597...
start parallel computation with: <multiprocessing.pool.Pool state=RUN pool_size=14>
parallel computing took: 1.0696461200714111s
Progess: detections: 99/1588...
No possible hosts. Returning None.
Detection 99: no catalogue hosts in the localization volume — pure-completion fallback p_i = B_num/D (issue #29)
start parallel computation with: <multiprocessing.pool.Pool state=RUN pool_size=14>
parallel computing took: 7.867813110351562e-06s
Detection 99: no catalog results found
Detection 100/1588: last=0.01s, avg=0.09s, est_remaining=130s
Progess: detections: 100/1588...
Found 131 possible hosts without BH mass and 131 possible hosts with BH mass.
possible hosts found 131/131...
start parallel computation with: <multiprocessing.pool.Pool state=RUN pool_size=14>
parallel computing took: 0.010996103286743164s
Progess: detections: 101/1588...
Found 462 possible hosts without BH mass and 462 possible hosts with BH mass.
possible hosts found 462/462...
start parallel computation with: <multiprocessing.pool.Pool state=RUN pool_size=14>
parallel computing took: 0.03333163261413574s
Progess: detections: 102/1588...
Found 34 possible hosts without BH mass and 34 possible hosts with BH mass.
possible hosts found 34/34...
start parallel computation with: <multiprocessing.pool.Pool state=RUN pool_size=14>
parallel computing took: 0.006250143051147461s
Progess: detections: 103/1588...
Found 3 possible hosts without BH mass and 3 possible hosts with BH mass.
possible hosts found 3/3...
start parallel computation with: <multiprocessing.pool.Pool state=RUN pool_size=14>
parallel computing took: 0.0025653839111328125s
Progess: detections: 104/1588...
Found 140 possible hosts without BH mass and 140 possible hosts with BH mass.
possible hosts found 140/140...
start parallel computation with: <multiprocessing.pool.Pool state=RUN pool_size=14>
parallel computing took: 0.013051033020019531s
Progess: detections: 105/1588...
Found 98 possible hosts without BH mass and 90 possible hosts with BH mass.
possible hosts found 98/90...
start parallel computation with: <multiprocessing.pool.Pool state=RUN pool_size=14>
Event 105: >5% quadrature weight outside P_det grid — numerator=0.000, denominator=0.079 (repeats for this event suppressed)
Event 105: >5% quadrature weight outside P_det grid — numerator=0.000, denominator=0.063 (repeats for this event suppressed)
Event 105: >5% quadrature weight outside P_det grid — numerator=0.000, denominator=0.062 (repeats for this event suppressed)
Event 105: >5% quadrature weight outside P_det grid — numerator=0.000, denominator=0.085 (repeats for this event suppressed)
Event 105: >5% quadrature weight outside P_det grid — numerator=0.000, denominator=0.130 (repeats for this event suppressed)
Event 105: >5% quadrature weight outside P_det grid — numerator=0.000, denominator=0.072 (repeats for this event suppressed)
Event 105: >5% quadrature weight outside P_det grid — numerator=0.000, denominator=0.090 (repeats for this event suppressed)
Event 105: >5% quadrature weight outside P_det grid — numerator=0.000, denominator=0.063 (repeats for this event suppressed)
Event 105: >5% quadrature weight outside P_det grid — numerator=0.000, denominator=0.067 (repeats for this event suppressed)
Event 105: >5% quadrature weight outside P_det grid — numerator=0.000, denominator=0.071 (repeats for this event suppressed)
Event 105: >5% quadrature weight outside P_det grid — numerator=0.000, denominator=0.079 (repeats for this event suppressed)
Event 105: >5% quadrature weight outside P_det grid — numerator=0.000, denominator=0.066 (repeats for this event suppressed)
Event 105: >5% quadrature weight outside P_det grid — numerator=0.000, denominator=0.062 (repeats for this event suppressed)
Event 105: >5% quadrature weight outside P_det grid — numerator=0.000, denominator=0.065 (repeats for this event suppressed)
parallel computing took: 0.011091470718383789s
Progess: detections: 106/1588...
No possible hosts. Returning None.
Detection 106: no catalogue hosts in the localization volume — pure-completion fallback p_i = B_num/D (issue #29)
start parallel computation with: <multiprocessing.pool.Pool state=RUN pool_size=14>
parallel computing took: 8.344650268554688e-06s
Detection 106: no catalog results found
Progess: detections: 107/1588...
Found 63 possible hosts without BH mass and 61 possible hosts with BH mass.
possible hosts found 63/61...
start parallel computation with: <multiprocessing.pool.Pool state=RUN pool_size=14>
Event 107: >5% quadrature weight outside P_det grid — numerator=0.000, denominator=0.056 (repeats for this event suppressed)
Event 107: >5% quadrature weight outside P_det grid — numerator=0.000, denominator=0.055 (repeats for this event suppressed)
Event 107: >5% quadrature weight outside P_det grid — numerator=0.000, denominator=0.059 (repeats for this event suppressed)
Event 107: >5% quadrature weight outside P_det grid — numerator=0.000, denominator=0.063 (repeats for this event suppressed)
Event 107: >5% quadrature weight outside P_det grid — numerator=0.000, denominator=0.064 (repeats for this event suppressed)
Event 107: >5% quadrature weight outside P_det grid — numerator=0.000, denominator=0.085 (repeats for this event suppressed)
Event 107: >5% quadrature weight outside P_det grid — numerator=0.000, denominator=0.056 (repeats for this event suppressed)
Event 107: >5% quadrature weight outside P_det grid — numerator=0.000, denominator=0.060 (repeats for this event suppressed)
Event 107: >5% quadrature weight outside P_det grid — numerator=0.000, denominator=0.067 (repeats for this event suppressed)
Event 107: >5% quadrature weight outside P_det grid — numerator=0.000, denominator=0.061 (repeats for this event suppressed)
Event 107: >5% quadrature weight outside P_det grid — numerator=0.000, denominator=0.059 (repeats for this event suppressed)
Event 107: >5% quadrature weight outside P_det grid — numerator=0.000, denominator=0.054 (repeats for this event suppressed)
Event 107: >5% quadrature weight outside P_det grid — numerator=0.000, denominator=0.055 (repeats for this event suppressed)
Event 107: >5% quadrature weight outside P_det grid — numerator=0.000, denominator=0.073 (repeats for this event suppressed)
parallel computing took: 0.008687019348144531s
Progess: detections: 108/1588...
No possible hosts. Returning None.
Detection 108: no catalogue hosts in the localization volume — pure-completion fallback p_i = B_num/D (issue #29)
start parallel computation with: <multiprocessing.pool.Pool state=RUN pool_size=14>
parallel computing took: 7.152557373046875e-06s
Detection 108: no catalog results found
Progess: detections: 109/1588...
Found 240 possible hosts without BH mass and 240 possible hosts with BH mass.
possible hosts found 240/240...
start parallel computation with: <multiprocessing.pool.Pool state=RUN pool_size=14>
parallel computing took: 0.017749309539794922s
Progess: detections: 110/1588...
No possible hosts. Returning None.
Detection 110: no catalogue hosts in the localization volume — pure-completion fallback p_i = B_num/D (issue #29)
start parallel computation with: <multiprocessing.pool.Pool state=RUN pool_size=14>
parallel computing took: 7.867813110351562e-06s
Detection 110: no catalog results found
Progess: detections: 111/1588...
No possible hosts. Returning None.
Detection 111: no catalogue hosts in the localization volume — pure-completion fallback p_i = B_num/D (issue #29)
start parallel computation with: <multiprocessing.pool.Pool state=RUN pool_size=14>
parallel computing took: 7.152557373046875e-06s
Detection 111: no catalog results found
Progess: detections: 112/1588...
Found 3461 possible hosts without BH mass and 3461 possible hosts with BH mass.
possible hosts found 3461/3461...
start parallel computation with: <multiprocessing.pool.Pool state=RUN pool_size=14>
parallel computing took: 0.28772592544555664s
Progess: detections: 113/1588...
Found 54 possible hosts without BH mass and 54 possible hosts with BH mass.
possible hosts found 54/54...
start parallel computation with: <multiprocessing.pool.Pool state=RUN pool_size=14>
parallel computing took: 0.007828474044799805s
Progess: detections: 114/1588...
Found 15620 possible hosts without BH mass and 15620 possible hosts with BH mass.
possible hosts found 15620/15620...
start parallel computation with: <multiprocessing.pool.Pool state=RUN pool_size=14>
parallel computing took: 1.427762508392334s
Progess: detections: 115/1588...
No possible hosts. Returning None.
Detection 115: no catalogue hosts in the localization volume — pure-completion fallback p_i = B_num/D (issue #29)
start parallel computation with: <multiprocessing.pool.Pool state=RUN pool_size=14>
parallel computing took: 9.5367431640625e-06s
Detection 115: no catalog results found
Progess: detections: 116/1588...
No possible hosts. Returning None.
Detection 116: no catalogue hosts in the localization volume — pure-completion fallback p_i = B_num/D (issue #29)
start parallel computation with: <multiprocessing.pool.Pool state=RUN pool_size=14>
parallel computing took: 6.9141387939453125e-06s
Detection 116: no catalog results found
Progess: detections: 117/1588...
No possible hosts. Returning None.
Detection 117: no catalogue hosts in the localization volume — pure-completion fallback p_i = B_num/D (issue #29)
start parallel computation with: <multiprocessing.pool.Pool state=RUN pool_size=14>
parallel computing took: 7.152557373046875e-06s
Detection 117: no catalog results found
Progess: detections: 118/1588...
Found 1 possible hosts without BH mass and 1 possible hosts with BH mass.
possible hosts found 1/1...
start parallel computation with: <multiprocessing.pool.Pool state=RUN pool_size=14>
Event 118: >5% quadrature weight outside P_det grid — numerator=0.000, denominator=0.198 (repeats for this event suppressed)
parallel computing took: 0.002875089645385742s
Progess: detections: 119/1588...
No possible hosts. Returning None.
Detection 119: no catalogue hosts in the localization volume — pure-completion fallback p_i = B_num/D (issue #29)
start parallel computation with: <multiprocessing.pool.Pool state=RUN pool_size=14>
parallel computing took: 6.4373016357421875e-06s
Detection 119: no catalog results found
Progess: detections: 120/1588...
No possible hosts. Returning None.
Detection 120: no catalogue hosts in the localization volume — pure-completion fallback p_i = B_num/D (issue #29)
start parallel computation with: <multiprocessing.pool.Pool state=RUN pool_size=14>
parallel computing took: 7.3909759521484375e-06s
Detection 120: no catalog results found
Progess: detections: 121/1588...
Found 59 possible hosts without BH mass and 59 possible hosts with BH mass.
possible hosts found 59/59...
start parallel computation with: <multiprocessing.pool.Pool state=RUN pool_size=14>
parallel computing took: 0.00738072395324707s
Progess: detections: 122/1588...
Found 27 possible hosts without BH mass and 27 possible hosts with BH mass.
possible hosts found 27/27...
start parallel computation with: <multiprocessing.pool.Pool state=RUN pool_size=14>
parallel computing took: 0.00565648078918457s
Progess: detections: 123/1588...
No possible hosts. Returning None.
Detection 123: no catalogue hosts in the localization volume — pure-completion fallback p_i = B_num/D (issue #29)
start parallel computation with: <multiprocessing.pool.Pool state=RUN pool_size=14>
parallel computing took: 6.9141387939453125e-06s
Detection 123: no catalog results found
Progess: detections: 124/1588...
No possible hosts. Returning None.
Detection 124: no catalogue hosts in the localization volume — pure-completion fallback p_i = B_num/D (issue #29)
start parallel computation with: <multiprocessing.pool.Pool state=RUN pool_size=14>
parallel computing took: 6.9141387939453125e-06s
Detection 124: no catalog results found
Progess: detections: 125/1588...
Found 76139 possible hosts without BH mass and 76139 possible hosts with BH mass.
possible hosts found 76139/76139...
start parallel computation with: <multiprocessing.pool.Pool state=RUN pool_size=14>
Event 125: >5% quadrature weight outside P_det grid — numerator=0.000, denominator=0.050 (repeats for this event suppressed)
Event 125: >5% quadrature weight outside P_det grid — numerator=0.000, denominator=0.053 (repeats for this event suppressed)
Event 125: >5% quadrature weight outside P_det grid — numerator=0.000, denominator=0.051 (repeats for this event suppressed)
Event 125: >5% quadrature weight outside P_det grid — numerator=0.000, denominator=0.052 (repeats for this event suppressed)
Event 125: >5% quadrature weight outside P_det grid — numerator=0.000, denominator=0.053 (repeats for this event suppressed)
Event 125: >5% quadrature weight outside P_det grid — numerator=0.000, denominator=0.054 (repeats for this event suppressed)
Event 125: >5% quadrature weight outside P_det grid — numerator=0.000, denominator=0.054 (repeats for this event suppressed)
Event 125: >5% quadrature weight outside P_det grid — numerator=0.000, denominator=0.054 (repeats for this event suppressed)
Event 125: >5% quadrature weight outside P_det grid — numerator=0.000, denominator=0.052 (repeats for this event suppressed)
Event 125: >5% quadrature weight outside P_det grid — numerator=0.000, denominator=0.054 (repeats for this event suppressed)
Event 125: >5% quadrature weight outside P_det grid — numerator=0.000, denominator=0.051 (repeats for this event suppressed)
Event 125: >5% quadrature weight outside P_det grid — numerator=0.000, denominator=0.051 (repeats for this event suppressed)
Event 125: >5% quadrature weight outside P_det grid — numerator=0.000, denominator=0.055 (repeats for this event suppressed)
Event 125: >5% quadrature weight outside P_det grid — numerator=0.000, denominator=0.050 (repeats for this event suppressed)
parallel computing took: 6.915053606033325s
Progess: detections: 126/1588...
Found 5464 possible hosts without BH mass and 5464 possible hosts with BH mass.
possible hosts found 5464/5464...
start parallel computation with: <multiprocessing.pool.Pool state=RUN pool_size=14>
parallel computing took: 0.49365782737731934s
Progess: detections: 127/1588...
Found 242 possible hosts without BH mass and 242 possible hosts with BH mass.
possible hosts found 242/242...
start parallel computation with: <multiprocessing.pool.Pool state=RUN pool_size=14>
parallel computing took: 0.01859569549560547s
Progess: detections: 128/1588...
Found 5010 possible hosts without BH mass and 5010 possible hosts with BH mass.
possible hosts found 5010/5010...
start parallel computation with: <multiprocessing.pool.Pool state=RUN pool_size=14>
Event 128: >5% quadrature weight outside P_det grid — numerator=0.000, denominator=0.053 (repeats for this event suppressed)
Event 128: >5% quadrature weight outside P_det grid — numerator=0.000, denominator=0.053 (repeats for this event suppressed)
Event 128: >5% quadrature weight outside P_det grid — numerator=0.000, denominator=0.053 (repeats for this event suppressed)
Event 128: >5% quadrature weight outside P_det grid — numerator=0.000, denominator=0.052 (repeats for this event suppressed)
Event 128: >5% quadrature weight outside P_det grid — numerator=0.000, denominator=0.050 (repeats for this event suppressed)
Event 128: >5% quadrature weight outside P_det grid — numerator=0.000, denominator=0.053 (repeats for this event suppressed)
Event 128: >5% quadrature weight outside P_det grid — numerator=0.000, denominator=0.052 (repeats for this event suppressed)
Event 128: >5% quadrature weight outside P_det grid — numerator=0.000, denominator=0.052 (repeats for this event suppressed)
Event 128: >5% quadrature weight outside P_det grid — numerator=0.000, denominator=0.051 (repeats for this event suppressed)
Event 128: >5% quadrature weight outside P_det grid — numerator=0.000, denominator=0.054 (repeats for this event suppressed)
Event 128: >5% quadrature weight outside P_det grid — numerator=0.000, denominator=0.050 (repeats for this event suppressed)
Event 128: >5% quadrature weight outside P_det grid — numerator=0.000, denominator=0.053 (repeats for this event suppressed)
Event 128: >5% quadrature weight outside P_det grid — numerator=0.000, denominator=0.054 (repeats for this event suppressed)
Event 128: >5% quadrature weight outside P_det grid — numerator=0.000, denominator=0.052 (repeats for this event suppressed)
parallel computing took: 0.4580962657928467s
Progess: detections: 129/1588...
Found 1 possible hosts without BH mass and 1 possible hosts with BH mass.
possible hosts found 1/1...
start parallel computation with: <multiprocessing.pool.Pool state=RUN pool_size=14>
parallel computing took: 0.0027937889099121094s
Progess: detections: 130/1588...
Found 4 possible hosts without BH mass and 4 possible hosts with BH mass.
possible hosts found 4/4...
start parallel computation with: <multiprocessing.pool.Pool state=RUN pool_size=14>
parallel computing took: 0.0038182735443115234s
Progess: detections: 131/1588...
Found 2288 possible hosts without BH mass and 2288 possible hosts with BH mass.
possible hosts found 2288/2288...
start parallel computation with: <multiprocessing.pool.Pool state=RUN pool_size=14>
Event 131: >5% quadrature weight outside P_det grid — numerator=0.000, denominator=0.058 (repeats for this event suppressed)
Event 131: >5% quadrature weight outside P_det grid — numerator=0.000, denominator=0.059 (repeats for this event suppressed)
Event 131: >5% quadrature weight outside P_det grid — numerator=0.000, denominator=0.075 (repeats for this event suppressed)
Event 131: >5% quadrature weight outside P_det grid — numerator=0.000, denominator=0.056 (repeats for this event suppressed)
Event 131: >5% quadrature weight outside P_det grid — numerator=0.000, denominator=0.070 (repeats for this event suppressed)
Event 131: >5% quadrature weight outside P_det grid — numerator=0.000, denominator=0.064 (repeats for this event suppressed)
Event 131: >5% quadrature weight outside P_det grid — numerator=0.000, denominator=0.067 (repeats for this event suppressed)
Event 131: >5% quadrature weight outside P_det grid — numerator=0.000, denominator=0.060 (repeats for this event suppressed)
Event 131: >5% quadrature weight outside P_det grid — numerator=0.000, denominator=0.073 (repeats for this event suppressed)
Event 131: >5% quadrature weight outside P_det grid — numerator=0.000, denominator=0.051 (repeats for this event suppressed)
Event 131: >5% quadrature weight outside P_det grid — numerator=0.000, denominator=0.051 (repeats for this event suppressed)
Event 131: >5% quadrature weight outside P_det grid — numerator=0.000, denominator=0.054 (repeats for this event suppressed)
Event 131: >5% quadrature weight outside P_det grid — numerator=0.000, denominator=0.067 (repeats for this event suppressed)
Event 131: >5% quadrature weight outside P_det grid — numerator=0.000, denominator=0.052 (repeats for this event suppressed)
parallel computing took: 0.19062018394470215s
Progess: detections: 132/1588...
Found 2991 possible hosts without BH mass and 2991 possible hosts with BH mass.
possible hosts found 2991/2991...
start parallel computation with: <multiprocessing.pool.Pool state=RUN pool_size=14>
parallel computing took: 0.2664618492126465s
Progess: detections: 133/1588...
No possible hosts. Returning None.
Detection 133: no catalogue hosts in the localization volume — pure-completion fallback p_i = B_num/D (issue #29)
start parallel computation with: <multiprocessing.pool.Pool state=RUN pool_size=14>
parallel computing took: 8.344650268554688e-06s
Detection 133: no catalog results found
Progess: detections: 134/1588...
No possible hosts. Returning None.
Detection 134: no catalogue hosts in the localization volume — pure-completion fallback p_i = B_num/D (issue #29)
start parallel computation with: <multiprocessing.pool.Pool state=RUN pool_size=14>
parallel computing took: 7.152557373046875e-06s
Detection 134: no catalog results found
Progess: detections: 135/1588...
Found 573 possible hosts without BH mass and 573 possible hosts with BH mass.
possible hosts found 573/573...
start parallel computation with: <multiprocessing.pool.Pool state=RUN pool_size=14>
Event 135: >5% quadrature weight outside P_det grid — numerator=0.000, denominator=0.050 (repeats for this event suppressed)
Event 135: >5% quadrature weight outside P_det grid — numerator=0.000, denominator=0.052 (repeats for this event suppressed)
Event 135: >5% quadrature weight outside P_det grid — numerator=0.000, denominator=0.051 (repeats for this event suppressed)
Event 135: >5% quadrature weight outside P_det grid — numerator=0.000, denominator=0.051 (repeats for this event suppressed)
Event 135: >5% quadrature weight outside P_det grid — numerator=0.000, denominator=0.051 (repeats for this event suppressed)
Event 135: >5% quadrature weight outside P_det grid — numerator=0.000, denominator=0.051 (repeats for this event suppressed)
Event 135: >5% quadrature weight outside P_det grid — numerator=0.000, denominator=0.051 (repeats for this event suppressed)
Event 135: >5% quadrature weight outside P_det grid — numerator=0.000, denominator=0.051 (repeats for this event suppressed)
Event 135: >5% quadrature weight outside P_det grid — numerator=0.000, denominator=0.051 (repeats for this event suppressed)
Event 135: >5% quadrature weight outside P_det grid — numerator=0.000, denominator=0.052 (repeats for this event suppressed)
Event 135: >5% quadrature weight outside P_det grid — numerator=0.000, denominator=0.051 (repeats for this event suppressed)
Event 135: >5% quadrature weight outside P_det grid — numerator=0.000, denominator=0.052 (repeats for this event suppressed)
Event 135: >5% quadrature weight outside P_det grid — numerator=0.000, denominator=0.050 (repeats for this event suppressed)
parallel computing took: 0.04335618019104004s
Progess: detections: 136/1588...
Found 395 possible hosts without BH mass and 395 possible hosts with BH mass.
possible hosts found 395/395...
start parallel computation with: <multiprocessing.pool.Pool state=RUN pool_size=14>
parallel computing took: 0.029529094696044922s
Progess: detections: 137/1588...
Found 119 possible hosts without BH mass and 119 possible hosts with BH mass.
possible hosts found 119/119...
start parallel computation with: <multiprocessing.pool.Pool state=RUN pool_size=14>
parallel computing took: 0.01051187515258789s
Progess: detections: 138/1588...
Found 616 possible hosts without BH mass and 616 possible hosts with BH mass.
possible hosts found 616/616...
start parallel computation with: <multiprocessing.pool.Pool state=RUN pool_size=14>
parallel computing took: 0.04543113708496094s
Progess: detections: 139/1588...
No possible hosts. Returning None.
Detection 139: no catalogue hosts in the localization volume — pure-completion fallback p_i = B_num/D (issue #29)
start parallel computation with: <multiprocessing.pool.Pool state=RUN pool_size=14>
parallel computing took: 7.3909759521484375e-06s
Detection 139: no catalog results found
Progess: detections: 140/1588...
Found 1 possible hosts without BH mass and 1 possible hosts with BH mass.
possible hosts found 1/1...
start parallel computation with: <multiprocessing.pool.Pool state=RUN pool_size=14>
parallel computing took: 0.0024995803833007812s
Progess: detections: 141/1588...
No possible hosts. Returning None.
Detection 141: no catalogue hosts in the localization volume — pure-completion fallback p_i = B_num/D (issue #29)
start parallel computation with: <multiprocessing.pool.Pool state=RUN pool_size=14>
parallel computing took: 6.67572021484375e-06s
Detection 141: no catalog results found
Progess: detections: 142/1588...
No possible hosts. Returning None.
Detection 142: no catalogue hosts in the localization volume — pure-completion fallback p_i = B_num/D (issue #29)
start parallel computation with: <multiprocessing.pool.Pool state=RUN pool_size=14>
parallel computing took: 6.67572021484375e-06s
Detection 142: no catalog results found
Progess: detections: 143/1588...
Found 35 possible hosts without BH mass and 35 possible hosts with BH mass.
possible hosts found 35/35...
start parallel computation with: <multiprocessing.pool.Pool state=RUN pool_size=14>
parallel computing took: 0.006275177001953125s
Progess: detections: 144/1588...
No possible hosts. Returning None.
Detection 144: no catalogue hosts in the localization volume — pure-completion fallback p_i = B_num/D (issue #29)
start parallel computation with: <multiprocessing.pool.Pool state=RUN pool_size=14>
parallel computing took: 7.3909759521484375e-06s
Detection 144: no catalog results found
Progess: detections: 145/1588...
Found 24 possible hosts without BH mass and 24 possible hosts with BH mass.
possible hosts found 24/24...
start parallel computation with: <multiprocessing.pool.Pool state=RUN pool_size=14>
parallel computing took: 0.004824638366699219s
Progess: detections: 146/1588...
No possible hosts. Returning None.
Detection 146: no catalogue hosts in the localization volume — pure-completion fallback p_i = B_num/D (issue #29)
start parallel computation with: <multiprocessing.pool.Pool state=RUN pool_size=14>
parallel computing took: 7.152557373046875e-06s
Detection 146: no catalog results found
Progess: detections: 147/1588...
No possible hosts. Returning None.
Detection 147: no catalogue hosts in the localization volume — pure-completion fallback p_i = B_num/D (issue #29)
start parallel computation with: <multiprocessing.pool.Pool state=RUN pool_size=14>
parallel computing took: 6.67572021484375e-06s
Detection 147: no catalog results found
Progess: detections: 148/1588...
No possible hosts. Returning None.
Detection 148: no catalogue hosts in the localization volume — pure-completion fallback p_i = B_num/D (issue #29)
start parallel computation with: <multiprocessing.pool.Pool state=RUN pool_size=14>
parallel computing took: 6.67572021484375e-06s
Detection 148: no catalog results found
Progess: detections: 149/1588...
No possible hosts. Returning None.
Detection 149: no catalogue hosts in the localization volume — pure-completion fallback p_i = B_num/D (issue #29)
start parallel computation with: <multiprocessing.pool.Pool state=RUN pool_size=14>
parallel computing took: 6.9141387939453125e-06s
Detection 149: no catalog results found
Progess: detections: 150/1588...
Found 5370 possible hosts without BH mass and 5370 possible hosts with BH mass.
possible hosts found 5370/5370...
start parallel computation with: <multiprocessing.pool.Pool state=RUN pool_size=14>
parallel computing took: 0.5013096332550049s
Progess: detections: 151/1588...
No possible hosts. Returning None.
Detection 151: no catalogue hosts in the localization volume — pure-completion fallback p_i = B_num/D (issue #29)
start parallel computation with: <multiprocessing.pool.Pool state=RUN pool_size=14>
parallel computing took: 7.867813110351562e-06s
Detection 151: no catalog results found
Progess: detections: 152/1588...
Found 4 possible hosts without BH mass and 4 possible hosts with BH mass.
possible hosts found 4/4...
start parallel computation with: <multiprocessing.pool.Pool state=RUN pool_size=14>
parallel computing took: 0.0030202865600585938s
Progess: detections: 153/1588...
No possible hosts. Returning None.
Detection 153: no catalogue hosts in the localization volume — pure-completion fallback p_i = B_num/D (issue #29)
start parallel computation with: <multiprocessing.pool.Pool state=RUN pool_size=14>
parallel computing took: 7.152557373046875e-06s
Detection 153: no catalog results found
Progess: detections: 154/1588...
No possible hosts. Returning None.
Detection 154: no catalogue hosts in the localization volume — pure-completion fallback p_i = B_num/D (issue #29)
start parallel computation with: <multiprocessing.pool.Pool state=RUN pool_size=14>
parallel computing took: 6.9141387939453125e-06s
Detection 154: no catalog results found
Progess: detections: 155/1588...
No possible hosts. Returning None.
Detection 155: no catalogue hosts in the localization volume — pure-completion fallback p_i = B_num/D (issue #29)
start parallel computation with: <multiprocessing.pool.Pool state=RUN pool_size=14>
parallel computing took: 6.4373016357421875e-06s
Detection 155: no catalog results found
Progess: detections: 156/1588...
Found 1 possible hosts without BH mass and 1 possible hosts with BH mass.
possible hosts found 1/1...
start parallel computation with: <multiprocessing.pool.Pool state=RUN pool_size=14>
parallel computing took: 0.0024852752685546875s
Progess: detections: 157/1588...
No possible hosts. Returning None.
Detection 157: no catalogue hosts in the localization volume — pure-completion fallback p_i = B_num/D (issue #29)
start parallel computation with: <multiprocessing.pool.Pool state=RUN pool_size=14>
parallel computing took: 6.9141387939453125e-06s
Detection 157: no catalog results found
Progess: detections: 158/1588...
Found 292 possible hosts without BH mass and 291 possible hosts with BH mass.
possible hosts found 292/291...
start parallel computation with: <multiprocessing.pool.Pool state=RUN pool_size=14>
Event 158: >5% quadrature weight outside P_det grid — numerator=0.000, denominator=0.057 (repeats for this event suppressed)
Event 158: >5% quadrature weight outside P_det grid — numerator=0.000, denominator=0.058 (repeats for this event suppressed)
Event 158: >5% quadrature weight outside P_det grid — numerator=0.000, denominator=0.053 (repeats for this event suppressed)
Event 158: >5% quadrature weight outside P_det grid — numerator=0.000, denominator=0.052 (repeats for this event suppressed)
Event 158: >5% quadrature weight outside P_det grid — numerator=0.000, denominator=0.058 (repeats for this event suppressed)
Event 158: >5% quadrature weight outside P_det grid — numerator=0.000, denominator=0.063 (repeats for this event suppressed)
Event 158: >5% quadrature weight outside P_det grid — numerator=0.000, denominator=0.060 (repeats for this event suppressed)
Event 158: >5% quadrature weight outside P_det grid — numerator=0.000, denominator=0.055 (repeats for this event suppressed)
Event 158: >5% quadrature weight outside P_det grid — numerator=0.000, denominator=0.055 (repeats for this event suppressed)
Event 158: >5% quadrature weight outside P_det grid — numerator=0.000, denominator=0.066 (repeats for this event suppressed)
Event 158: >5% quadrature weight outside P_det grid — numerator=0.000, denominator=0.056 (repeats for this event suppressed)
Event 158: >5% quadrature weight outside P_det grid — numerator=0.000, denominator=0.067 (repeats for this event suppressed)
Event 158: >5% quadrature weight outside P_det grid — numerator=0.000, denominator=0.053 (repeats for this event suppressed)
Event 158: >5% quadrature weight outside P_det grid — numerator=0.000, denominator=0.051 (repeats for this event suppressed)
parallel computing took: 0.023006677627563477s
Progess: detections: 159/1588...
Found 1270 possible hosts without BH mass and 1270 possible hosts with BH mass.
possible hosts found 1270/1270...
start parallel computation with: <multiprocessing.pool.Pool state=RUN pool_size=14>
parallel computing took: 0.10614752769470215s
Progess: detections: 160/1588...
No possible hosts. Returning None.
Detection 160: no catalogue hosts in the localization volume — pure-completion fallback p_i = B_num/D (issue #29)
start parallel computation with: <multiprocessing.pool.Pool state=RUN pool_size=14>
parallel computing took: 7.867813110351562e-06s
Detection 160: no catalog results found
Progess: detections: 161/1588...
No possible hosts. Returning None.
Detection 161: no catalogue hosts in the localization volume — pure-completion fallback p_i = B_num/D (issue #29)
start parallel computation with: <multiprocessing.pool.Pool state=RUN pool_size=14>
parallel computing took: 7.152557373046875e-06s
Detection 161: no catalog results found
Progess: detections: 162/1588...
No possible hosts. Returning None.
Detection 162: no catalogue hosts in the localization volume — pure-completion fallback p_i = B_num/D (issue #29)
start parallel computation with: <multiprocessing.pool.Pool state=RUN pool_size=14>
parallel computing took: 6.67572021484375e-06s
Detection 162: no catalog results found
Progess: detections: 163/1588...
Found 10965 possible hosts without BH mass and 10965 possible hosts with BH mass.
possible hosts found 10965/10965...
start parallel computation with: <multiprocessing.pool.Pool state=RUN pool_size=14>
parallel computing took: 0.979910135269165s
Progess: detections: 164/1588...
Found 5 possible hosts without BH mass and 5 possible hosts with BH mass.
possible hosts found 5/5...
start parallel computation with: <multiprocessing.pool.Pool state=RUN pool_size=14>
parallel computing took: 0.0038890838623046875s
Progess: detections: 165/1588...
Found 1534 possible hosts without BH mass and 1534 possible hosts with BH mass.
possible hosts found 1534/1534...
start parallel computation with: <multiprocessing.pool.Pool state=RUN pool_size=14>
parallel computing took: 0.12354040145874023s
Progess: detections: 166/1588...
No possible hosts. Returning None.
Detection 166: no catalogue hosts in the localization volume — pure-completion fallback p_i = B_num/D (issue #29)
start parallel computation with: <multiprocessing.pool.Pool state=RUN pool_size=14>
parallel computing took: 8.106231689453125e-06s
Detection 166: no catalog results found
Progess: detections: 167/1588...
No possible hosts. Returning None.
Detection 167: no catalogue hosts in the localization volume — pure-completion fallback p_i = B_num/D (issue #29)
start parallel computation with: <multiprocessing.pool.Pool state=RUN pool_size=14>
parallel computing took: 6.67572021484375e-06s
Detection 167: no catalog results found
Progess: detections: 168/1588...
Found 1073 possible hosts without BH mass and 1073 possible hosts with BH mass.
possible hosts found 1073/1073...
start parallel computation with: <multiprocessing.pool.Pool state=RUN pool_size=14>
parallel computing took: 0.0793766975402832s
Progess: detections: 169/1588...
Found 4375 possible hosts without BH mass and 4375 possible hosts with BH mass.
possible hosts found 4375/4375...
start parallel computation with: <multiprocessing.pool.Pool state=RUN pool_size=14>
Event 169: >5% quadrature weight outside P_det grid — numerator=0.000, denominator=0.052 (repeats for this event suppressed)
Event 169: >5% quadrature weight outside P_det grid — numerator=0.000, denominator=0.051 (repeats for this event suppressed)
Event 169: >5% quadrature weight outside P_det grid — numerator=0.000, denominator=0.050 (repeats for this event suppressed)
Event 169: >5% quadrature weight outside P_det grid — numerator=0.000, denominator=0.055 (repeats for this event suppressed)
Event 169: >5% quadrature weight outside P_det grid — numerator=0.000, denominator=0.056 (repeats for this event suppressed)
Event 169: >5% quadrature weight outside P_det grid — numerator=0.000, denominator=0.051 (repeats for this event suppressed)
Event 169: >5% quadrature weight outside P_det grid — numerator=0.000, denominator=0.056 (repeats for this event suppressed)
Event 169: >5% quadrature weight outside P_det grid — numerator=0.000, denominator=0.053 (repeats for this event suppressed)
Event 169: >5% quadrature weight outside P_det grid — numerator=0.000, denominator=0.057 (repeats for this event suppressed)
Event 169: >5% quadrature weight outside P_det grid — numerator=0.000, denominator=0.052 (repeats for this event suppressed)
Event 169: >5% quadrature weight outside P_det grid — numerator=0.000, denominator=0.053 (repeats for this event suppressed)
Event 169: >5% quadrature weight outside P_det grid — numerator=0.000, denominator=0.055 (repeats for this event suppressed)
Event 169: >5% quadrature weight outside P_det grid — numerator=0.000, denominator=0.056 (repeats for this event suppressed)
Event 169: >5% quadrature weight outside P_det grid — numerator=0.000, denominator=0.057 (repeats for this event suppressed)
parallel computing took: 0.3673577308654785s
Progess: detections: 170/1588...
Found 3 possible hosts without BH mass and 3 possible hosts with BH mass.
possible hosts found 3/3...
start parallel computation with: <multiprocessing.pool.Pool state=RUN pool_size=14>
parallel computing took: 0.002888202667236328s
Progess: detections: 171/1588...
Found 7 possible hosts without BH mass and 7 possible hosts with BH mass.
possible hosts found 7/7...
start parallel computation with: <multiprocessing.pool.Pool state=RUN pool_size=14>
Event 171: >5% quadrature weight outside P_det grid — numerator=0.000, denominator=0.066 (repeats for this event suppressed)
Event 171: >5% quadrature weight outside P_det grid — numerator=0.000, denominator=0.090 (repeats for this event suppressed)
Event 171: >5% quadrature weight outside P_det grid — numerator=0.000, denominator=0.065 (repeats for this event suppressed)
Event 171: >5% quadrature weight outside P_det grid — numerator=0.000, denominator=0.083 (repeats for this event suppressed)
Event 171: >5% quadrature weight outside P_det grid — numerator=0.000, denominator=0.072 (repeats for this event suppressed)
Event 171: >5% quadrature weight outside P_det grid — numerator=0.000, denominator=0.084 (repeats for this event suppressed)
Event 171: >5% quadrature weight outside P_det grid — numerator=0.000, denominator=0.077 (repeats for this event suppressed)
parallel computing took: 0.004717350006103516s
Progess: detections: 172/1588...
Found 1069 possible hosts without BH mass and 1069 possible hosts with BH mass.
possible hosts found 1069/1069...
start parallel computation with: <multiprocessing.pool.Pool state=RUN pool_size=14>
Event 172: >5% quadrature weight outside P_det grid — numerator=0.000, denominator=0.056 (repeats for this event suppressed)
Event 172: >5% quadrature weight outside P_det grid — numerator=0.000, denominator=0.060 (repeats for this event suppressed)
Event 172: >5% quadrature weight outside P_det grid — numerator=0.000, denominator=0.052 (repeats for this event suppressed)
Event 172: >5% quadrature weight outside P_det grid — numerator=0.000, denominator=0.059 (repeats for this event suppressed)
Event 172: >5% quadrature weight outside P_det grid — numerator=0.000, denominator=0.055 (repeats for this event suppressed)
Event 172: >5% quadrature weight outside P_det grid — numerator=0.000, denominator=0.052 (repeats for this event suppressed)
Event 172: >5% quadrature weight outside P_det grid — numerator=0.000, denominator=0.059 (repeats for this event suppressed)
Event 172: >5% quadrature weight outside P_det grid — numerator=0.000, denominator=0.055 (repeats for this event suppressed)
Event 172: >5% quadrature weight outside P_det grid — numerator=0.000, denominator=0.051 (repeats for this event suppressed)
Event 172: >5% quadrature weight outside P_det grid — numerator=0.000, denominator=0.053 (repeats for this event suppressed)
Event 172: >5% quadrature weight outside P_det grid — numerator=0.000, denominator=0.058 (repeats for this event suppressed)
Event 172: >5% quadrature weight outside P_det grid — numerator=0.000, denominator=0.055 (repeats for this event suppressed)
Event 172: >5% quadrature weight outside P_det grid — numerator=0.000, denominator=0.052 (repeats for this event suppressed)
Event 172: >5% quadrature weight outside P_det grid — numerator=0.000, denominator=0.058 (repeats for this event suppressed)
parallel computing took: 0.08429884910583496s
Progess: detections: 173/1588...
Found 1417 possible hosts without BH mass and 1417 possible hosts with BH mass.
possible hosts found 1417/1417...
start parallel computation with: <multiprocessing.pool.Pool state=RUN pool_size=14>
parallel computing took: 0.1086127758026123s
Progess: detections: 174/1588...
No possible hosts. Returning None.
Detection 174: no catalogue hosts in the localization volume — pure-completion fallback p_i = B_num/D (issue #29)
start parallel computation with: <multiprocessing.pool.Pool state=RUN pool_size=14>
parallel computing took: 8.58306884765625e-06s
Detection 174: no catalog results found
Progess: detections: 175/1588...
Found 241 possible hosts without BH mass and 241 possible hosts with BH mass.
possible hosts found 241/241...
start parallel computation with: <multiprocessing.pool.Pool state=RUN pool_size=14>
parallel computing took: 0.018923044204711914s
Progess: detections: 176/1588...
Found 610 possible hosts without BH mass and 610 possible hosts with BH mass.
possible hosts found 610/610...
start parallel computation with: <multiprocessing.pool.Pool state=RUN pool_size=14>
parallel computing took: 0.04546785354614258s
Progess: detections: 177/1588...
No possible hosts. Returning None.
Detection 177: no catalogue hosts in the localization volume — pure-completion fallback p_i = B_num/D (issue #29)
start parallel computation with: <multiprocessing.pool.Pool state=RUN pool_size=14>
parallel computing took: 7.62939453125e-06s
Detection 177: no catalog results found
Progess: detections: 178/1588...
No possible hosts. Returning None.
Detection 178: no catalogue hosts in the localization volume — pure-completion fallback p_i = B_num/D (issue #29)
start parallel computation with: <multiprocessing.pool.Pool state=RUN pool_size=14>
parallel computing took: 6.4373016357421875e-06s
Detection 178: no catalog results found
Progess: detections: 179/1588...
Found 221 possible hosts without BH mass and 221 possible hosts with BH mass.
possible hosts found 221/221...
start parallel computation with: <multiprocessing.pool.Pool state=RUN pool_size=14>
parallel computing took: 0.01696920394897461s
Progess: detections: 180/1588...
Found 129 possible hosts without BH mass and 129 possible hosts with BH mass.
possible hosts found 129/129...
start parallel computation with: <multiprocessing.pool.Pool state=RUN pool_size=14>
parallel computing took: 0.011772871017456055s
Progess: detections: 181/1588...
No possible hosts. Returning None.
Detection 181: no catalogue hosts in the localization volume — pure-completion fallback p_i = B_num/D (issue #29)
start parallel computation with: <multiprocessing.pool.Pool state=RUN pool_size=14>
parallel computing took: 7.3909759521484375e-06s
Detection 181: no catalog results found
Progess: detections: 182/1588...
Found 8 possible hosts without BH mass and 8 possible hosts with BH mass.
possible hosts found 8/8...
start parallel computation with: <multiprocessing.pool.Pool state=RUN pool_size=14>
parallel computing took: 0.004487276077270508s
Progess: detections: 183/1588...
Found 812 possible hosts without BH mass and 812 possible hosts with BH mass.
possible hosts found 812/812...
start parallel computation with: <multiprocessing.pool.Pool state=RUN pool_size=14>
parallel computing took: 0.05999398231506348s
Progess: detections: 184/1588...
Found 279 possible hosts without BH mass and 279 possible hosts with BH mass.
possible hosts found 279/279...
start parallel computation with: <multiprocessing.pool.Pool state=RUN pool_size=14>
Event 184: >5% quadrature weight outside P_det grid — numerator=0.000, denominator=0.060 (repeats for this event suppressed)
Event 184: >5% quadrature weight outside P_det grid — numerator=0.000, denominator=0.050 (repeats for this event suppressed)
Event 184: >5% quadrature weight outside P_det grid — numerator=0.000, denominator=0.052 (repeats for this event suppressed)
Event 184: >5% quadrature weight outside P_det grid — numerator=0.000, denominator=0.060 (repeats for this event suppressed)
Event 184: >5% quadrature weight outside P_det grid — numerator=0.000, denominator=0.052 (repeats for this event suppressed)
Event 184: >5% quadrature weight outside P_det grid — numerator=0.000, denominator=0.053 (repeats for this event suppressed)
Event 184: >5% quadrature weight outside P_det grid — numerator=0.000, denominator=0.057 (repeats for this event suppressed)
Event 184: >5% quadrature weight outside P_det grid — numerator=0.000, denominator=0.062 (repeats for this event suppressed)
Event 184: >5% quadrature weight outside P_det grid — numerator=0.000, denominator=0.055 (repeats for this event suppressed)
Event 184: >5% quadrature weight outside P_det grid — numerator=0.000, denominator=0.053 (repeats for this event suppressed)
Event 184: >5% quadrature weight outside P_det grid — numerator=0.000, denominator=0.061 (repeats for this event suppressed)
Event 184: >5% quadrature weight outside P_det grid — numerator=0.000, denominator=0.055 (repeats for this event suppressed)
Event 184: >5% quadrature weight outside P_det grid — numerator=0.000, denominator=0.055 (repeats for this event suppressed)
Event 184: >5% quadrature weight outside P_det grid — numerator=0.000, denominator=0.053 (repeats for this event suppressed)
parallel computing took: 0.02084827423095703s
Progess: detections: 185/1588...
Found 1696 possible hosts without BH mass and 1696 possible hosts with BH mass.
possible hosts found 1696/1696...
start parallel computation with: <multiprocessing.pool.Pool state=RUN pool_size=14>
parallel computing took: 0.130828857421875s
Progess: detections: 186/1588...
Found 6 possible hosts without BH mass and 6 possible hosts with BH mass.
possible hosts found 6/6...
start parallel computation with: <multiprocessing.pool.Pool state=RUN pool_size=14>
parallel computing took: 0.004165172576904297s
Progess: detections: 187/1588...
Found 419 possible hosts without BH mass and 410 possible hosts with BH mass.
possible hosts found 419/410...
start parallel computation with: <multiprocessing.pool.Pool state=RUN pool_size=14>
Event 187: >5% quadrature weight outside P_det grid — numerator=0.000, denominator=0.062 (repeats for this event suppressed)
Event 187: >5% quadrature weight outside P_det grid — numerator=0.000, denominator=0.058 (repeats for this event suppressed)
Event 187: >5% quadrature weight outside P_det grid — numerator=0.000, denominator=0.064 (repeats for this event suppressed)
Event 187: >5% quadrature weight outside P_det grid — numerator=0.000, denominator=0.058 (repeats for this event suppressed)
Event 187: >5% quadrature weight outside P_det grid — numerator=0.000, denominator=0.057 (repeats for this event suppressed)
Event 187: >5% quadrature weight outside P_det grid — numerator=0.000, denominator=0.055 (repeats for this event suppressed)
Event 187: >5% quadrature weight outside P_det grid — numerator=0.000, denominator=0.070 (repeats for this event suppressed)
Event 187: >5% quadrature weight outside P_det grid — numerator=0.000, denominator=0.073 (repeats for this event suppressed)
Event 187: >5% quadrature weight outside P_det grid — numerator=0.000, denominator=0.062 (repeats for this event suppressed)
Event 187: >5% quadrature weight outside P_det grid — numerator=0.000, denominator=0.063 (repeats for this event suppressed)
Event 187: >5% quadrature weight outside P_det grid — numerator=0.000, denominator=0.051 (repeats for this event suppressed)
Event 187: >5% quadrature weight outside P_det grid — numerator=0.000, denominator=0.060 (repeats for this event suppressed)
Event 187: >5% quadrature weight outside P_det grid — numerator=0.000, denominator=0.051 (repeats for this event suppressed)
Event 187: >5% quadrature weight outside P_det grid — numerator=0.000, denominator=0.060 (repeats for this event suppressed)
parallel computing took: 0.03202462196350098s
Progess: detections: 188/1588...
Found 76 possible hosts without BH mass and 76 possible hosts with BH mass.
possible hosts found 76/76...
start parallel computation with: <multiprocessing.pool.Pool state=RUN pool_size=14>
parallel computing took: 0.008161306381225586s
Progess: detections: 189/1588...
Found 1 possible hosts without BH mass and 1 possible hosts with BH mass.
possible hosts found 1/1...
start parallel computation with: <multiprocessing.pool.Pool state=RUN pool_size=14>
Event 189: >5% quadrature weight outside P_det grid — numerator=0.000, denominator=0.071 (repeats for this event suppressed)
parallel computing took: 0.002789020538330078s
Progess: detections: 190/1588...
No possible hosts. Returning None.
Detection 190: no catalogue hosts in the localization volume — pure-completion fallback p_i = B_num/D (issue #29)
start parallel computation with: <multiprocessing.pool.Pool state=RUN pool_size=14>
parallel computing took: 6.4373016357421875e-06s
Detection 190: no catalog results found
Progess: detections: 191/1588...
No possible hosts. Returning None.
Detection 191: no catalogue hosts in the localization volume — pure-completion fallback p_i = B_num/D (issue #29)
start parallel computation with: <multiprocessing.pool.Pool state=RUN pool_size=14>
parallel computing took: 6.67572021484375e-06s
Detection 191: no catalog results found
Progess: detections: 192/1588...
No possible hosts. Returning None.
Detection 192: no catalogue hosts in the localization volume — pure-completion fallback p_i = B_num/D (issue #29)
start parallel computation with: <multiprocessing.pool.Pool state=RUN pool_size=14>
parallel computing took: 6.4373016357421875e-06s
Detection 192: no catalog results found
Progess: detections: 193/1588...
No possible hosts. Returning None.
Detection 193: no catalogue hosts in the localization volume — pure-completion fallback p_i = B_num/D (issue #29)
start parallel computation with: <multiprocessing.pool.Pool state=RUN pool_size=14>
parallel computing took: 6.4373016357421875e-06s
Detection 193: no catalog results found
Progess: detections: 194/1588...
Found 670 possible hosts without BH mass and 670 possible hosts with BH mass.
possible hosts found 670/670...
start parallel computation with: <multiprocessing.pool.Pool state=RUN pool_size=14>
parallel computing took: 0.05437302589416504s
Progess: detections: 195/1588...
Found 202 possible hosts without BH mass and 202 possible hosts with BH mass.
possible hosts found 202/202...
start parallel computation with: <multiprocessing.pool.Pool state=RUN pool_size=14>
parallel computing took: 0.01589369773864746s
Progess: detections: 196/1588...
Found 19 possible hosts without BH mass and 19 possible hosts with BH mass.
possible hosts found 19/19...
start parallel computation with: <multiprocessing.pool.Pool state=RUN pool_size=14>
parallel computing took: 0.006101369857788086s
Progess: detections: 197/1588...
Found 52 possible hosts without BH mass and 52 possible hosts with BH mass.
possible hosts found 52/52...
start parallel computation with: <multiprocessing.pool.Pool state=RUN pool_size=14>
parallel computing took: 0.011430740356445312s
Progess: detections: 198/1588...
No possible hosts. Returning None.
Detection 198: no catalogue hosts in the localization volume — pure-completion fallback p_i = B_num/D (issue #29)
start parallel computation with: <multiprocessing.pool.Pool state=RUN pool_size=14>
parallel computing took: 7.867813110351562e-06s
Detection 198: no catalog results found
Progess: detections: 199/1588...
No possible hosts. Returning None.
Detection 199: no catalogue hosts in the localization volume — pure-completion fallback p_i = B_num/D (issue #29)
start parallel computation with: <multiprocessing.pool.Pool state=RUN pool_size=14>
parallel computing took: 6.67572021484375e-06s
Detection 199: no catalog results found
Detection 200/1588: last=0.00s, avg=0.15s, est_remaining=209s
Progess: detections: 200/1588...
Found 10 possible hosts without BH mass and 10 possible hosts with BH mass.
possible hosts found 10/10...
start parallel computation with: <multiprocessing.pool.Pool state=RUN pool_size=14>
parallel computing took: 0.004508495330810547s
Progess: detections: 201/1588...
Found 175 possible hosts without BH mass and 173 possible hosts with BH mass.
possible hosts found 175/173...
start parallel computation with: <multiprocessing.pool.Pool state=RUN pool_size=14>
Event 201: >5% quadrature weight outside P_det grid — numerator=0.000, denominator=0.074 (repeats for this event suppressed)
Event 201: >5% quadrature weight outside P_det grid — numerator=0.000, denominator=0.053 (repeats for this event suppressed)
Event 201: >5% quadrature weight outside P_det grid — numerator=0.000, denominator=0.059 (repeats for this event suppressed)
Event 201: >5% quadrature weight outside P_det grid — numerator=0.000, denominator=0.060 (repeats for this event suppressed)
Event 201: >5% quadrature weight outside P_det grid — numerator=0.000, denominator=0.058 (repeats for this event suppressed)
Event 201: >5% quadrature weight outside P_det grid — numerator=0.000, denominator=0.071 (repeats for this event suppressed)
Event 201: >5% quadrature weight outside P_det grid — numerator=0.000, denominator=0.056 (repeats for this event suppressed)
Event 201: >5% quadrature weight outside P_det grid — numerator=0.000, denominator=0.062 (repeats for this event suppressed)
Event 201: >5% quadrature weight outside P_det grid — numerator=0.000, denominator=0.056 (repeats for this event suppressed)
Event 201: >5% quadrature weight outside P_det grid — numerator=0.000, denominator=0.062 (repeats for this event suppressed)
Event 201: >5% quadrature weight outside P_det grid — numerator=0.000, denominator=0.061 (repeats for this event suppressed)
Event 201: >5% quadrature weight outside P_det grid — numerator=0.000, denominator=0.067 (repeats for this event suppressed)
Event 201: >5% quadrature weight outside P_det grid — numerator=0.000, denominator=0.080 (repeats for this event suppressed)
Event 201: >5% quadrature weight outside P_det grid — numerator=0.000, denominator=0.054 (repeats for this event suppressed)
parallel computing took: 0.015197992324829102s
Progess: detections: 202/1588...
Found 989 possible hosts without BH mass and 989 possible hosts with BH mass.
possible hosts found 989/989...
start parallel computation with: <multiprocessing.pool.Pool state=RUN pool_size=14>
parallel computing took: 0.07361745834350586s
Progess: detections: 203/1588...
No possible hosts. Returning None.
Detection 203: no catalogue hosts in the localization volume — pure-completion fallback p_i = B_num/D (issue #29)
start parallel computation with: <multiprocessing.pool.Pool state=RUN pool_size=14>
parallel computing took: 8.58306884765625e-06s
Detection 203: no catalog results found
Progess: detections: 204/1588...
No possible hosts. Returning None.
Detection 204: no catalogue hosts in the localization volume — pure-completion fallback p_i = B_num/D (issue #29)
start parallel computation with: <multiprocessing.pool.Pool state=RUN pool_size=14>
parallel computing took: 7.152557373046875e-06s
Detection 204: no catalog results found
Progess: detections: 205/1588...
Found 48 possible hosts without BH mass and 48 possible hosts with BH mass.
possible hosts found 48/48...
start parallel computation with: <multiprocessing.pool.Pool state=RUN pool_size=14>
parallel computing took: 0.006875514984130859s
Progess: detections: 206/1588...
Found 903 possible hosts without BH mass and 903 possible hosts with BH mass.
possible hosts found 903/903...
start parallel computation with: <multiprocessing.pool.Pool state=RUN pool_size=14>
parallel computing took: 0.065521240234375s
Progess: detections: 207/1588...
Found 1040 possible hosts without BH mass and 1040 possible hosts with BH mass.
possible hosts found 1040/1040...
start parallel computation with: <multiprocessing.pool.Pool state=RUN pool_size=14>
parallel computing took: 0.0770726203918457s
Progess: detections: 208/1588...
No possible hosts. Returning None.
Detection 208: no catalogue hosts in the localization volume — pure-completion fallback p_i = B_num/D (issue #29)
start parallel computation with: <multiprocessing.pool.Pool state=RUN pool_size=14>
parallel computing took: 8.344650268554688e-06s
Detection 208: no catalog results found
Progess: detections: 209/1588...
Found 11 possible hosts without BH mass and 11 possible hosts with BH mass.
possible hosts found 11/11...
start parallel computation with: <multiprocessing.pool.Pool state=RUN pool_size=14>
parallel computing took: 0.00500035285949707s
Progess: detections: 210/1588...
No possible hosts. Returning None.
Detection 210: no catalogue hosts in the localization volume — pure-completion fallback p_i = B_num/D (issue #29)
start parallel computation with: <multiprocessing.pool.Pool state=RUN pool_size=14>
parallel computing took: 6.9141387939453125e-06s
Detection 210: no catalog results found
Progess: detections: 211/1588...
Found 9 possible hosts without BH mass and 9 possible hosts with BH mass.
possible hosts found 9/9...
start parallel computation with: <multiprocessing.pool.Pool state=RUN pool_size=14>
Event 211: >5% quadrature weight outside P_det grid — numerator=0.000, denominator=0.069 (repeats for this event suppressed)
Event 211: >5% quadrature weight outside P_det grid — numerator=0.000, denominator=0.071 (repeats for this event suppressed)
Event 211: >5% quadrature weight outside P_det grid — numerator=0.000, denominator=0.070 (repeats for this event suppressed)
Event 211: >5% quadrature weight outside P_det grid — numerator=0.000, denominator=0.074 (repeats for this event suppressed)
Event 211: >5% quadrature weight outside P_det grid — numerator=0.000, denominator=0.148 (repeats for this event suppressed)
Event 211: >5% quadrature weight outside P_det grid — numerator=0.000, denominator=0.090 (repeats for this event suppressed)
Event 211: >5% quadrature weight outside P_det grid — numerator=0.000, denominator=0.070 (repeats for this event suppressed)
Event 211: >5% quadrature weight outside P_det grid — numerator=0.000, denominator=0.079 (repeats for this event suppressed)
Event 211: >5% quadrature weight outside P_det grid — numerator=0.000, denominator=0.072 (repeats for this event suppressed)
parallel computing took: 0.00461125373840332s
Progess: detections: 212/1588...
Found 1 possible hosts without BH mass and 1 possible hosts with BH mass.
possible hosts found 1/1...
start parallel computation with: <multiprocessing.pool.Pool state=RUN pool_size=14>
parallel computing took: 0.0025482177734375s
Progess: detections: 213/1588...
Found 19 possible hosts without BH mass and 19 possible hosts with BH mass.
possible hosts found 19/19...
start parallel computation with: <multiprocessing.pool.Pool state=RUN pool_size=14>
parallel computing took: 0.0047032833099365234s
Progess: detections: 214/1588...
Found 721 possible hosts without BH mass and 721 possible hosts with BH mass.
possible hosts found 721/721...
start parallel computation with: <multiprocessing.pool.Pool state=RUN pool_size=14>
parallel computing took: 0.05357170104980469s
Progess: detections: 215/1588...
No possible hosts. Returning None.
Detection 215: no catalogue hosts in the localization volume — pure-completion fallback p_i = B_num/D (issue #29)
start parallel computation with: <multiprocessing.pool.Pool state=RUN pool_size=14>
parallel computing took: 7.62939453125e-06s
Detection 215: no catalog results found
Progess: detections: 216/1588...
No possible hosts. Returning None.
Detection 216: no catalogue hosts in the localization volume — pure-completion fallback p_i = B_num/D (issue #29)
start parallel computation with: <multiprocessing.pool.Pool state=RUN pool_size=14>
parallel computing took: 7.3909759521484375e-06s
Detection 216: no catalog results found
Progess: detections: 217/1588...
Found 1480 possible hosts without BH mass and 1480 possible hosts with BH mass.
possible hosts found 1480/1480...
start parallel computation with: <multiprocessing.pool.Pool state=RUN pool_size=14>
parallel computing took: 0.11943650245666504s
Progess: detections: 218/1588...
Found 516 possible hosts without BH mass and 516 possible hosts with BH mass.
possible hosts found 516/516...
start parallel computation with: <multiprocessing.pool.Pool state=RUN pool_size=14>
parallel computing took: 0.03970646858215332s
Progess: detections: 219/1588...
Found 666 possible hosts without BH mass and 666 possible hosts with BH mass.
possible hosts found 666/666...
start parallel computation with: <multiprocessing.pool.Pool state=RUN pool_size=14>
parallel computing took: 0.04828619956970215s
Progess: detections: 220/1588...
Found 1 possible hosts without BH mass and 1 possible hosts with BH mass.
possible hosts found 1/1...
start parallel computation with: <multiprocessing.pool.Pool state=RUN pool_size=14>
parallel computing took: 0.002564668655395508s
Progess: detections: 221/1588...
Found 3 possible hosts without BH mass and 3 possible hosts with BH mass.
possible hosts found 3/3...
start parallel computation with: <multiprocessing.pool.Pool state=RUN pool_size=14>
parallel computing took: 0.0028693675994873047s
Progess: detections: 222/1588...
Found 1817 possible hosts without BH mass and 1817 possible hosts with BH mass.
possible hosts found 1817/1817...
start parallel computation with: <multiprocessing.pool.Pool state=RUN pool_size=14>
parallel computing took: 0.14176464080810547s
Progess: detections: 223/1588...
Found 72 possible hosts without BH mass and 72 possible hosts with BH mass.
possible hosts found 72/72...
start parallel computation with: <multiprocessing.pool.Pool state=RUN pool_size=14>
parallel computing took: 0.008483409881591797s
Progess: detections: 224/1588...
No possible hosts. Returning None.
Detection 224: no catalogue hosts in the localization volume — pure-completion fallback p_i = B_num/D (issue #29)
start parallel computation with: <multiprocessing.pool.Pool state=RUN pool_size=14>
parallel computing took: 7.867813110351562e-06s
Detection 224: no catalog results found
Progess: detections: 225/1588...
No possible hosts. Returning None.
Detection 225: no catalogue hosts in the localization volume — pure-completion fallback p_i = B_num/D (issue #29)
start parallel computation with: <multiprocessing.pool.Pool state=RUN pool_size=14>
parallel computing took: 6.9141387939453125e-06s
Detection 225: no catalog results found
Progess: detections: 226/1588...
Found 10 possible hosts without BH mass and 10 possible hosts with BH mass.
possible hosts found 10/10...
start parallel computation with: <multiprocessing.pool.Pool state=RUN pool_size=14>
parallel computing took: 0.0048792362213134766s
Progess: detections: 227/1588...
No possible hosts. Returning None.
Detection 227: no catalogue hosts in the localization volume — pure-completion fallback p_i = B_num/D (issue #29)
start parallel computation with: <multiprocessing.pool.Pool state=RUN pool_size=14>
parallel computing took: 6.4373016357421875e-06s
Detection 227: no catalog results found
Progess: detections: 228/1588...
Found 3 possible hosts without BH mass and 3 possible hosts with BH mass.
possible hosts found 3/3...
start parallel computation with: <multiprocessing.pool.Pool state=RUN pool_size=14>
parallel computing took: 0.003679990768432617s
Progess: detections: 229/1588...
Found 2821 possible hosts without BH mass and 2821 possible hosts with BH mass.
possible hosts found 2821/2821...
start parallel computation with: <multiprocessing.pool.Pool state=RUN pool_size=14>
parallel computing took: 0.23105502128601074s
Progess: detections: 230/1588...
Found 484 possible hosts without BH mass and 484 possible hosts with BH mass.
possible hosts found 484/484...
start parallel computation with: <multiprocessing.pool.Pool state=RUN pool_size=14>
parallel computing took: 0.0374758243560791s
Progess: detections: 231/1588...
Found 4596 possible hosts without BH mass and 4474 possible hosts with BH mass.
possible hosts found 4596/4474...
start parallel computation with: <multiprocessing.pool.Pool state=RUN pool_size=14>
Event 231: >5% quadrature weight outside P_det grid — numerator=0.000, denominator=0.061 (repeats for this event suppressed)
Event 231: >5% quadrature weight outside P_det grid — numerator=0.000, denominator=0.056 (repeats for this event suppressed)
Event 231: >5% quadrature weight outside P_det grid — numerator=0.000, denominator=0.064 (repeats for this event suppressed)
Event 231: >5% quadrature weight outside P_det grid — numerator=0.000, denominator=0.054 (repeats for this event suppressed)
Event 231: >5% quadrature weight outside P_det grid — numerator=0.000, denominator=0.076 (repeats for this event suppressed)
Event 231: >5% quadrature weight outside P_det grid — numerator=0.000, denominator=0.062 (repeats for this event suppressed)
Event 231: >5% quadrature weight outside P_det grid — numerator=0.000, denominator=0.065 (repeats for this event suppressed)
Event 231: >5% quadrature weight outside P_det grid — numerator=0.000, denominator=0.058 (repeats for this event suppressed)
Event 231: >5% quadrature weight outside P_det grid — numerator=0.000, denominator=0.057 (repeats for this event suppressed)
Event 231: >5% quadrature weight outside P_det grid — numerator=0.000, denominator=0.055 (repeats for this event suppressed)
Event 231: >5% quadrature weight outside P_det grid — numerator=0.000, denominator=0.060 (repeats for this event suppressed)
Event 231: >5% quadrature weight outside P_det grid — numerator=0.000, denominator=0.051 (repeats for this event suppressed)
Event 231: >5% quadrature weight outside P_det grid — numerator=0.000, denominator=0.053 (repeats for this event suppressed)
Event 231: >5% quadrature weight outside P_det grid — numerator=0.000, denominator=0.071 (repeats for this event suppressed)
parallel computing took: 0.3892982006072998s
Progess: detections: 232/1588...
No possible hosts. Returning None.
Detection 232: no catalogue hosts in the localization volume — pure-completion fallback p_i = B_num/D (issue #29)
start parallel computation with: <multiprocessing.pool.Pool state=RUN pool_size=14>
parallel computing took: 8.344650268554688e-06s
Detection 232: no catalog results found
Progess: detections: 233/1588...
No possible hosts. Returning None.
Detection 233: no catalogue hosts in the localization volume — pure-completion fallback p_i = B_num/D (issue #29)
start parallel computation with: <multiprocessing.pool.Pool state=RUN pool_size=14>
parallel computing took: 6.67572021484375e-06s
Detection 233: no catalog results found
Progess: detections: 234/1588...
Found 316 possible hosts without BH mass and 316 possible hosts with BH mass.
possible hosts found 316/316...
start parallel computation with: <multiprocessing.pool.Pool state=RUN pool_size=14>
parallel computing took: 0.024222135543823242s
Progess: detections: 235/1588...
No possible hosts. Returning None.
Detection 235: no catalogue hosts in the localization volume — pure-completion fallback p_i = B_num/D (issue #29)
start parallel computation with: <multiprocessing.pool.Pool state=RUN pool_size=14>
parallel computing took: 7.62939453125e-06s
Detection 235: no catalog results found
Progess: detections: 236/1588...
No possible hosts. Returning None.
Detection 236: no catalogue hosts in the localization volume — pure-completion fallback p_i = B_num/D (issue #29)
start parallel computation with: <multiprocessing.pool.Pool state=RUN pool_size=14>
parallel computing took: 7.3909759521484375e-06s
Detection 236: no catalog results found
Progess: detections: 237/1588...
Found 29 possible hosts without BH mass and 29 possible hosts with BH mass.
possible hosts found 29/29...
start parallel computation with: <multiprocessing.pool.Pool state=RUN pool_size=14>
parallel computing took: 0.005832672119140625s
Progess: detections: 238/1588...
Found 315 possible hosts without BH mass and 315 possible hosts with BH mass.
possible hosts found 315/315...
start parallel computation with: <multiprocessing.pool.Pool state=RUN pool_size=14>
parallel computing took: 0.023106098175048828s
Progess: detections: 239/1588...
Found 7995 possible hosts without BH mass and 7995 possible hosts with BH mass.
possible hosts found 7995/7995...
start parallel computation with: <multiprocessing.pool.Pool state=RUN pool_size=14>
parallel computing took: 0.7279539108276367s
Progess: detections: 240/1588...
Found 1514 possible hosts without BH mass and 1514 possible hosts with BH mass.
possible hosts found 1514/1514...
start parallel computation with: <multiprocessing.pool.Pool state=RUN pool_size=14>
parallel computing took: 0.12072348594665527s
Progess: detections: 241/1588...
Found 172 possible hosts without BH mass and 172 possible hosts with BH mass.
possible hosts found 172/172...
start parallel computation with: <multiprocessing.pool.Pool state=RUN pool_size=14>
parallel computing took: 0.014349937438964844s
Progess: detections: 242/1588...
Found 21 possible hosts without BH mass and 21 possible hosts with BH mass.
possible hosts found 21/21...
start parallel computation with: <multiprocessing.pool.Pool state=RUN pool_size=14>
parallel computing took: 0.005479335784912109s
Progess: detections: 243/1588...
Found 265 possible hosts without BH mass and 265 possible hosts with BH mass.
possible hosts found 265/265...
start parallel computation with: <multiprocessing.pool.Pool state=RUN pool_size=14>
parallel computing took: 0.0199737548828125s
Progess: detections: 244/1588...
Found 7 possible hosts without BH mass and 7 possible hosts with BH mass.
possible hosts found 7/7...
start parallel computation with: <multiprocessing.pool.Pool state=RUN pool_size=14>
parallel computing took: 0.004079103469848633s
Progess: detections: 245/1588...
Found 46 possible hosts without BH mass and 46 possible hosts with BH mass.
possible hosts found 46/46...
start parallel computation with: <multiprocessing.pool.Pool state=RUN pool_size=14>
parallel computing took: 0.006563663482666016s
Progess: detections: 246/1588...
Found 39 possible hosts without BH mass and 39 possible hosts with BH mass.
possible hosts found 39/39...
start parallel computation with: <multiprocessing.pool.Pool state=RUN pool_size=14>
parallel computing took: 0.005833864212036133s
Progess: detections: 247/1588...
No possible hosts. Returning None.
Detection 247: no catalogue hosts in the localization volume — pure-completion fallback p_i = B_num/D (issue #29)
start parallel computation with: <multiprocessing.pool.Pool state=RUN pool_size=14>
parallel computing took: 7.867813110351562e-06s
Detection 247: no catalog results found
Progess: detections: 248/1588...
Found 82 possible hosts without BH mass and 82 possible hosts with BH mass.
possible hosts found 82/82...
start parallel computation with: <multiprocessing.pool.Pool state=RUN pool_size=14>
parallel computing took: 0.009206056594848633s
Progess: detections: 249/1588...
Found 537 possible hosts without BH mass and 537 possible hosts with BH mass.
possible hosts found 537/537...
start parallel computation with: <multiprocessing.pool.Pool state=RUN pool_size=14>
parallel computing took: 0.03809237480163574s
Progess: detections: 250/1588...
Found 118 possible hosts without BH mass and 118 possible hosts with BH mass.
possible hosts found 118/118...
start parallel computation with: <multiprocessing.pool.Pool state=RUN pool_size=14>
parallel computing took: 0.010897636413574219s
Progess: detections: 251/1588...
Found 33 possible hosts without BH mass and 32 possible hosts with BH mass.
possible hosts found 33/32...
start parallel computation with: <multiprocessing.pool.Pool state=RUN pool_size=14>
Event 251: >5% quadrature weight outside P_det grid — numerator=0.000, denominator=0.057 (repeats for this event suppressed)
Event 251: >5% quadrature weight outside P_det grid — numerator=0.000, denominator=0.056 (repeats for this event suppressed)
Event 251: >5% quadrature weight outside P_det grid — numerator=0.000, denominator=0.057 (repeats for this event suppressed)
Event 251: >5% quadrature weight outside P_det grid — numerator=0.000, denominator=0.064 (repeats for this event suppressed)
Event 251: >5% quadrature weight outside P_det grid — numerator=0.000, denominator=0.059 (repeats for this event suppressed)
Event 251: >5% quadrature weight outside P_det grid — numerator=0.000, denominator=0.053 (repeats for this event suppressed)
Event 251: >5% quadrature weight outside P_det grid — numerator=0.000, denominator=0.056 (repeats for this event suppressed)
Event 251: >5% quadrature weight outside P_det grid — numerator=0.000, denominator=0.061 (repeats for this event suppressed)
Event 251: >5% quadrature weight outside P_det grid — numerator=0.000, denominator=0.066 (repeats for this event suppressed)
Event 251: >5% quadrature weight outside P_det grid — numerator=0.000, denominator=0.063 (repeats for this event suppressed)
Event 251: >5% quadrature weight outside P_det grid — numerator=0.000, denominator=0.056 (repeats for this event suppressed)
Event 251: >5% quadrature weight outside P_det grid — numerator=0.000, denominator=0.053 (repeats for this event suppressed)
parallel computing took: 0.007390499114990234s
Progess: detections: 252/1588...
No possible hosts. Returning None.
Detection 252: no catalogue hosts in the localization volume — pure-completion fallback p_i = B_num/D (issue #29)
start parallel computation with: <multiprocessing.pool.Pool state=RUN pool_size=14>
parallel computing took: 7.867813110351562e-06s
Detection 252: no catalog results found
Progess: detections: 253/1588...
No possible hosts. Returning None.
Detection 253: no catalogue hosts in the localization volume — pure-completion fallback p_i = B_num/D (issue #29)
start parallel computation with: <multiprocessing.pool.Pool state=RUN pool_size=14>
parallel computing took: 6.198883056640625e-06s
Detection 253: no catalog results found
Progess: detections: 254/1588...
Found 6 possible hosts without BH mass and 6 possible hosts with BH mass.
possible hosts found 6/6...
start parallel computation with: <multiprocessing.pool.Pool state=RUN pool_size=14>
parallel computing took: 0.004000425338745117s
Progess: detections: 255/1588...
Found 25 possible hosts without BH mass and 25 possible hosts with BH mass.
possible hosts found 25/25...
start parallel computation with: <multiprocessing.pool.Pool state=RUN pool_size=14>
parallel computing took: 0.0053827762603759766s
Progess: detections: 256/1588...
No possible hosts. Returning None.
Detection 256: no catalogue hosts in the localization volume — pure-completion fallback p_i = B_num/D (issue #29)
start parallel computation with: <multiprocessing.pool.Pool state=RUN pool_size=14>
parallel computing took: 6.198883056640625e-06s
Detection 256: no catalog results found
Progess: detections: 257/1588...
Found 186 possible hosts without BH mass and 186 possible hosts with BH mass.
possible hosts found 186/186...
start parallel computation with: <multiprocessing.pool.Pool state=RUN pool_size=14>
parallel computing took: 0.016255855560302734s
Progess: detections: 258/1588...
No possible hosts. Returning None.
Detection 258: no catalogue hosts in the localization volume — pure-completion fallback p_i = B_num/D (issue #29)
start parallel computation with: <multiprocessing.pool.Pool state=RUN pool_size=14>
parallel computing took: 7.867813110351562e-06s
Detection 258: no catalog results found
Progess: detections: 259/1588...
No possible hosts. Returning None.
Detection 259: no catalogue hosts in the localization volume — pure-completion fallback p_i = B_num/D (issue #29)
start parallel computation with: <multiprocessing.pool.Pool state=RUN pool_size=14>
parallel computing took: 6.4373016357421875e-06s
Detection 259: no catalog results found
Progess: detections: 260/1588...
Found 41 possible hosts without BH mass and 41 possible hosts with BH mass.
possible hosts found 41/41...
start parallel computation with: <multiprocessing.pool.Pool state=RUN pool_size=14>
parallel computing took: 0.006259918212890625s
Progess: detections: 261/1588...
No possible hosts. Returning None.
Detection 261: no catalogue hosts in the localization volume — pure-completion fallback p_i = B_num/D (issue #29)
start parallel computation with: <multiprocessing.pool.Pool state=RUN pool_size=14>
parallel computing took: 7.152557373046875e-06s
Detection 261: no catalog results found
Progess: detections: 262/1588...
No possible hosts. Returning None.
Detection 262: no catalogue hosts in the localization volume — pure-completion fallback p_i = B_num/D (issue #29)
start parallel computation with: <multiprocessing.pool.Pool state=RUN pool_size=14>
parallel computing took: 6.4373016357421875e-06s
Detection 262: no catalog results found
Progess: detections: 263/1588...
No possible hosts. Returning None.
Detection 263: no catalogue hosts in the localization volume — pure-completion fallback p_i = B_num/D (issue #29)
start parallel computation with: <multiprocessing.pool.Pool state=RUN pool_size=14>
parallel computing took: 6.4373016357421875e-06s
Detection 263: no catalog results found
Progess: detections: 264/1588...
Found 22 possible hosts without BH mass and 22 possible hosts with BH mass.
possible hosts found 22/22...
start parallel computation with: <multiprocessing.pool.Pool state=RUN pool_size=14>
parallel computing took: 0.004921436309814453s
Progess: detections: 265/1588...
No possible hosts. Returning None.
Detection 265: no catalogue hosts in the localization volume — pure-completion fallback p_i = B_num/D (issue #29)
start parallel computation with: <multiprocessing.pool.Pool state=RUN pool_size=14>
parallel computing took: 6.198883056640625e-06s
Detection 265: no catalog results found
Progess: detections: 266/1588...
Found 715 possible hosts without BH mass and 715 possible hosts with BH mass.
possible hosts found 715/715...
start parallel computation with: <multiprocessing.pool.Pool state=RUN pool_size=14>
parallel computing took: 0.05261063575744629s
Progess: detections: 267/1588...
Found 249 possible hosts without BH mass and 249 possible hosts with BH mass.
possible hosts found 249/249...
start parallel computation with: <multiprocessing.pool.Pool state=RUN pool_size=14>
parallel computing took: 0.01859593391418457s
Progess: detections: 268/1588...
Found 454 possible hosts without BH mass and 454 possible hosts with BH mass.
possible hosts found 454/454...
start parallel computation with: <multiprocessing.pool.Pool state=RUN pool_size=14>
parallel computing took: 0.03267860412597656s
Progess: detections: 269/1588...
Found 42 possible hosts without BH mass and 42 possible hosts with BH mass.
possible hosts found 42/42...
start parallel computation with: <multiprocessing.pool.Pool state=RUN pool_size=14>
parallel computing took: 0.006278514862060547s
Progess: detections: 270/1588...
No possible hosts. Returning None.
Detection 270: no catalogue hosts in the localization volume — pure-completion fallback p_i = B_num/D (issue #29)
start parallel computation with: <multiprocessing.pool.Pool state=RUN pool_size=14>
parallel computing took: 7.62939453125e-06s
Detection 270: no catalog results found
Progess: detections: 271/1588...
Found 9 possible hosts without BH mass and 9 possible hosts with BH mass.
possible hosts found 9/9...
start parallel computation with: <multiprocessing.pool.Pool state=RUN pool_size=14>
Event 271: >5% quadrature weight outside P_det grid — numerator=0.000, denominator=0.065 (repeats for this event suppressed)
Event 271: >5% quadrature weight outside P_det grid — numerator=0.000, denominator=0.056 (repeats for this event suppressed)
Event 271: >5% quadrature weight outside P_det grid — numerator=0.000, denominator=0.058 (repeats for this event suppressed)
Event 271: >5% quadrature weight outside P_det grid — numerator=0.000, denominator=0.064 (repeats for this event suppressed)
Event 271: >5% quadrature weight outside P_det grid — numerator=0.000, denominator=0.057 (repeats for this event suppressed)
Event 271: >5% quadrature weight outside P_det grid — numerator=0.000, denominator=0.060 (repeats for this event suppressed)
Event 271: >5% quadrature weight outside P_det grid — numerator=0.000, denominator=0.060 (repeats for this event suppressed)
Event 271: >5% quadrature weight outside P_det grid — numerator=0.000, denominator=0.055 (repeats for this event suppressed)
parallel computing took: 0.004152536392211914s
Progess: detections: 272/1588...
Found 7 possible hosts without BH mass and 7 possible hosts with BH mass.
possible hosts found 7/7...
start parallel computation with: <multiprocessing.pool.Pool state=RUN pool_size=14>
parallel computing took: 0.003940582275390625s
Progess: detections: 273/1588...
No possible hosts. Returning None.
Detection 273: no catalogue hosts in the localization volume — pure-completion fallback p_i = B_num/D (issue #29)
start parallel computation with: <multiprocessing.pool.Pool state=RUN pool_size=14>
parallel computing took: 6.198883056640625e-06s
Detection 273: no catalog results found
Progess: detections: 274/1588...
Found 1181 possible hosts without BH mass and 1181 possible hosts with BH mass.
possible hosts found 1181/1181...
start parallel computation with: <multiprocessing.pool.Pool state=RUN pool_size=14>
parallel computing took: 0.09245944023132324s
Progess: detections: 275/1588...
No possible hosts. Returning None.
Detection 275: no catalogue hosts in the localization volume — pure-completion fallback p_i = B_num/D (issue #29)
start parallel computation with: <multiprocessing.pool.Pool state=RUN pool_size=14>
parallel computing took: 8.344650268554688e-06s
Detection 275: no catalog results found
Progess: detections: 276/1588...
Found 31 possible hosts without BH mass and 31 possible hosts with BH mass.
possible hosts found 31/31...
start parallel computation with: <multiprocessing.pool.Pool state=RUN pool_size=14>
parallel computing took: 0.0056455135345458984s
Progess: detections: 277/1588...
Found 96 possible hosts without BH mass and 96 possible hosts with BH mass.
possible hosts found 96/96...
start parallel computation with: <multiprocessing.pool.Pool state=RUN pool_size=14>
parallel computing took: 0.009084224700927734s
Progess: detections: 278/1588...
No possible hosts. Returning None.
Detection 278: no catalogue hosts in the localization volume — pure-completion fallback p_i = B_num/D (issue #29)
start parallel computation with: <multiprocessing.pool.Pool state=RUN pool_size=14>
parallel computing took: 6.9141387939453125e-06s
Detection 278: no catalog results found
Progess: detections: 279/1588...
Found 56 possible hosts without BH mass and 56 possible hosts with BH mass.
possible hosts found 56/56...
start parallel computation with: <multiprocessing.pool.Pool state=RUN pool_size=14>
parallel computing took: 0.0075070858001708984s
Progess: detections: 280/1588...
Found 12 possible hosts without BH mass and 12 possible hosts with BH mass.
possible hosts found 12/12...
start parallel computation with: <multiprocessing.pool.Pool state=RUN pool_size=14>
Event 280: >5% quadrature weight outside P_det grid — numerator=0.000, denominator=0.062 (repeats for this event suppressed)
Event 280: >5% quadrature weight outside P_det grid — numerator=0.000, denominator=0.075 (repeats for this event suppressed)
Event 280: >5% quadrature weight outside P_det grid — numerator=0.000, denominator=0.082 (repeats for this event suppressed)
Event 280: >5% quadrature weight outside P_det grid — numerator=0.000, denominator=0.076 (repeats for this event suppressed)
Event 280: >5% quadrature weight outside P_det grid — numerator=0.000, denominator=0.059 (repeats for this event suppressed)
Event 280: >5% quadrature weight outside P_det grid — numerator=0.000, denominator=0.065 (repeats for this event suppressed)
Event 280: >5% quadrature weight outside P_det grid — numerator=0.000, denominator=0.061 (repeats for this event suppressed)
Event 280: >5% quadrature weight outside P_det grid — numerator=0.000, denominator=0.083 (repeats for this event suppressed)
Event 280: >5% quadrature weight outside P_det grid — numerator=0.000, denominator=0.066 (repeats for this event suppressed)
Event 280: >5% quadrature weight outside P_det grid — numerator=0.000, denominator=0.074 (repeats for this event suppressed)
Event 280: >5% quadrature weight outside P_det grid — numerator=0.000, denominator=0.063 (repeats for this event suppressed)
parallel computing took: 0.004927635192871094s
Progess: detections: 281/1588...
No possible hosts. Returning None.
Detection 281: no catalogue hosts in the localization volume — pure-completion fallback p_i = B_num/D (issue #29)
start parallel computation with: <multiprocessing.pool.Pool state=RUN pool_size=14>
parallel computing took: 6.9141387939453125e-06s
Detection 281: no catalog results found
Progess: detections: 282/1588...
Found 18 possible hosts without BH mass and 18 possible hosts with BH mass.
possible hosts found 18/18...
start parallel computation with: <multiprocessing.pool.Pool state=RUN pool_size=14>
parallel computing took: 0.004797697067260742s
Progess: detections: 283/1588...
Found 929 possible hosts without BH mass and 929 possible hosts with BH mass.
possible hosts found 929/929...
start parallel computation with: <multiprocessing.pool.Pool state=RUN pool_size=14>
parallel computing took: 0.06867527961730957s
Progess: detections: 284/1588...
Found 363 possible hosts without BH mass and 363 possible hosts with BH mass.
possible hosts found 363/363...
start parallel computation with: <multiprocessing.pool.Pool state=RUN pool_size=14>
parallel computing took: 0.026782989501953125s
Progess: detections: 285/1588...
No possible hosts. Returning None.
Detection 285: no catalogue hosts in the localization volume — pure-completion fallback p_i = B_num/D (issue #29)
start parallel computation with: <multiprocessing.pool.Pool state=RUN pool_size=14>
parallel computing took: 7.3909759521484375e-06s
Detection 285: no catalog results found
Progess: detections: 286/1588...
No possible hosts. Returning None.
Detection 286: no catalogue hosts in the localization volume — pure-completion fallback p_i = B_num/D (issue #29)
start parallel computation with: <multiprocessing.pool.Pool state=RUN pool_size=14>
parallel computing took: 6.198883056640625e-06s
Detection 286: no catalog results found
Progess: detections: 287/1588...
Found 45 possible hosts without BH mass and 45 possible hosts with BH mass.
possible hosts found 45/45...
start parallel computation with: <multiprocessing.pool.Pool state=RUN pool_size=14>
parallel computing took: 0.0063037872314453125s
Progess: detections: 288/1588...
Found 1 possible hosts without BH mass and 1 possible hosts with BH mass.
possible hosts found 1/1...
start parallel computation with: <multiprocessing.pool.Pool state=RUN pool_size=14>
parallel computing took: 0.0024912357330322266s
Progess: detections: 289/1588...
Found 594 possible hosts without BH mass and 594 possible hosts with BH mass.
possible hosts found 594/594...
start parallel computation with: <multiprocessing.pool.Pool state=RUN pool_size=14>
parallel computing took: 0.043473243713378906s
Progess: detections: 290/1588...
Found 391 possible hosts without BH mass and 391 possible hosts with BH mass.
possible hosts found 391/391...
start parallel computation with: <multiprocessing.pool.Pool state=RUN pool_size=14>
parallel computing took: 0.029120683670043945s
Progess: detections: 291/1588...
No possible hosts. Returning None.
Detection 291: no catalogue hosts in the localization volume — pure-completion fallback p_i = B_num/D (issue #29)
start parallel computation with: <multiprocessing.pool.Pool state=RUN pool_size=14>
parallel computing took: 7.3909759521484375e-06s
Detection 291: no catalog results found
Progess: detections: 292/1588...
Found 5742 possible hosts without BH mass and 5719 possible hosts with BH mass.
possible hosts found 5742/5719...
start parallel computation with: <multiprocessing.pool.Pool state=RUN pool_size=14>
Event 292: >5% quadrature weight outside P_det grid — numerator=0.000, denominator=0.052 (repeats for this event suppressed)
Event 292: >5% quadrature weight outside P_det grid — numerator=0.000, denominator=0.063 (repeats for this event suppressed)
Event 292: >5% quadrature weight outside P_det grid — numerator=0.000, denominator=0.058 (repeats for this event suppressed)
Event 292: >5% quadrature weight outside P_det grid — numerator=0.000, denominator=0.057 (repeats for this event suppressed)
Event 292: >5% quadrature weight outside P_det grid — numerator=0.000, denominator=0.052 (repeats for this event suppressed)
Event 292: >5% quadrature weight outside P_det grid — numerator=0.000, denominator=0.053 (repeats for this event suppressed)
Event 292: >5% quadrature weight outside P_det grid — numerator=0.000, denominator=0.061 (repeats for this event suppressed)
Event 292: >5% quadrature weight outside P_det grid — numerator=0.000, denominator=0.054 (repeats for this event suppressed)
Event 292: >5% quadrature weight outside P_det grid — numerator=0.000, denominator=0.070 (repeats for this event suppressed)
Event 292: >5% quadrature weight outside P_det grid — numerator=0.000, denominator=0.069 (repeats for this event suppressed)
Event 292: >5% quadrature weight outside P_det grid — numerator=0.000, denominator=0.066 (repeats for this event suppressed)
Event 292: >5% quadrature weight outside P_det grid — numerator=0.000, denominator=0.053 (repeats for this event suppressed)
Event 292: >5% quadrature weight outside P_det grid — numerator=0.000, denominator=0.052 (repeats for this event suppressed)
Event 292: >5% quadrature weight outside P_det grid — numerator=0.000, denominator=0.051 (repeats for this event suppressed)
parallel computing took: 0.49584484100341797s
Progess: detections: 293/1588...
Found 427 possible hosts without BH mass and 427 possible hosts with BH mass.
possible hosts found 427/427...
start parallel computation with: <multiprocessing.pool.Pool state=RUN pool_size=14>
parallel computing took: 0.03200674057006836s
Progess: detections: 294/1588...
Found 11325 possible hosts without BH mass and 11320 possible hosts with BH mass.
possible hosts found 11325/11320...
start parallel computation with: <multiprocessing.pool.Pool state=RUN pool_size=14>
Event 294: >5% quadrature weight outside P_det grid — numerator=0.000, denominator=0.052 (repeats for this event suppressed)
Event 294: >5% quadrature weight outside P_det grid — numerator=0.000, denominator=0.056 (repeats for this event suppressed)
Event 294: >5% quadrature weight outside P_det grid — numerator=0.000, denominator=0.051 (repeats for this event suppressed)
Event 294: >5% quadrature weight outside P_det grid — numerator=0.000, denominator=0.056 (repeats for this event suppressed)
Event 294: >5% quadrature weight outside P_det grid — numerator=0.000, denominator=0.054 (repeats for this event suppressed)
Event 294: >5% quadrature weight outside P_det grid — numerator=0.000, denominator=0.051 (repeats for this event suppressed)
Event 294: >5% quadrature weight outside P_det grid — numerator=0.000, denominator=0.056 (repeats for this event suppressed)
Event 294: >5% quadrature weight outside P_det grid — numerator=0.000, denominator=0.057 (repeats for this event suppressed)
Event 294: >5% quadrature weight outside P_det grid — numerator=0.000, denominator=0.051 (repeats for this event suppressed)
Event 294: >5% quadrature weight outside P_det grid — numerator=0.000, denominator=0.058 (repeats for this event suppressed)
Event 294: >5% quadrature weight outside P_det grid — numerator=0.000, denominator=0.054 (repeats for this event suppressed)
Event 294: >5% quadrature weight outside P_det grid — numerator=0.000, denominator=0.052 (repeats for this event suppressed)
Event 294: >5% quadrature weight outside P_det grid — numerator=0.000, denominator=0.052 (repeats for this event suppressed)
Event 294: >5% quadrature weight outside P_det grid — numerator=0.000, denominator=0.051 (repeats for this event suppressed)
parallel computing took: 1.0301048755645752s
Progess: detections: 295/1588...
Found 99 possible hosts without BH mass and 99 possible hosts with BH mass.
possible hosts found 99/99...
start parallel computation with: <multiprocessing.pool.Pool state=RUN pool_size=14>
parallel computing took: 0.010139942169189453s
Progess: detections: 296/1588...
No possible hosts. Returning None.
Detection 296: no catalogue hosts in the localization volume — pure-completion fallback p_i = B_num/D (issue #29)
start parallel computation with: <multiprocessing.pool.Pool state=RUN pool_size=14>
parallel computing took: 8.106231689453125e-06s
Detection 296: no catalog results found
Progess: detections: 297/1588...
Found 191 possible hosts without BH mass and 191 possible hosts with BH mass.
possible hosts found 191/191...
start parallel computation with: <multiprocessing.pool.Pool state=RUN pool_size=14>
Event 297: >5% quadrature weight outside P_det grid — numerator=0.000, denominator=0.058 (repeats for this event suppressed)
Event 297: >5% quadrature weight outside P_det grid — numerator=0.000, denominator=0.055 (repeats for this event suppressed)
Event 297: >5% quadrature weight outside P_det grid — numerator=0.000, denominator=0.054 (repeats for this event suppressed)
Event 297: >5% quadrature weight outside P_det grid — numerator=0.000, denominator=0.054 (repeats for this event suppressed)
Event 297: >5% quadrature weight outside P_det grid — numerator=0.000, denominator=0.053 (repeats for this event suppressed)
Event 297: >5% quadrature weight outside P_det grid — numerator=0.000, denominator=0.057 (repeats for this event suppressed)
Event 297: >5% quadrature weight outside P_det grid — numerator=0.000, denominator=0.054 (repeats for this event suppressed)
Event 297: >5% quadrature weight outside P_det grid — numerator=0.000, denominator=0.055 (repeats for this event suppressed)
Event 297: >5% quadrature weight outside P_det grid — numerator=0.000, denominator=0.053 (repeats for this event suppressed)
Event 297: >5% quadrature weight outside P_det grid — numerator=0.000, denominator=0.051 (repeats for this event suppressed)
Event 297: >5% quadrature weight outside P_det grid — numerator=0.000, denominator=0.057 (repeats for this event suppressed)
Event 297: >5% quadrature weight outside P_det grid — numerator=0.000, denominator=0.058 (repeats for this event suppressed)
Event 297: >5% quadrature weight outside P_det grid — numerator=0.000, denominator=0.050 (repeats for this event suppressed)
Event 297: >5% quadrature weight outside P_det grid — numerator=0.000, denominator=0.055 (repeats for this event suppressed)
parallel computing took: 0.015151023864746094s
Progess: detections: 298/1588...
No possible hosts. Returning None.
Detection 298: no catalogue hosts in the localization volume — pure-completion fallback p_i = B_num/D (issue #29)
start parallel computation with: <multiprocessing.pool.Pool state=RUN pool_size=14>
parallel computing took: 7.62939453125e-06s
Detection 298: no catalog results found
Progess: detections: 299/1588...
No possible hosts. Returning None.
Detection 299: no catalogue hosts in the localization volume — pure-completion fallback p_i = B_num/D (issue #29)
start parallel computation with: <multiprocessing.pool.Pool state=RUN pool_size=14>
parallel computing took: 7.152557373046875e-06s
Detection 299: no catalog results found
Detection 300/1588: last=0.00s, avg=0.13s, est_remaining=161s
Progess: detections: 300/1588...
Found 1606 possible hosts without BH mass and 1606 possible hosts with BH mass.
possible hosts found 1606/1606...
start parallel computation with: <multiprocessing.pool.Pool state=RUN pool_size=14>
parallel computing took: 0.12843728065490723s
Progess: detections: 301/1588...
No possible hosts. Returning None.
Detection 301: no catalogue hosts in the localization volume — pure-completion fallback p_i = B_num/D (issue #29)
start parallel computation with: <multiprocessing.pool.Pool state=RUN pool_size=14>
parallel computing took: 7.62939453125e-06s
Detection 301: no catalog results found
Progess: detections: 302/1588...
No possible hosts. Returning None.
Detection 302: no catalogue hosts in the localization volume — pure-completion fallback p_i = B_num/D (issue #29)
start parallel computation with: <multiprocessing.pool.Pool state=RUN pool_size=14>
parallel computing took: 6.67572021484375e-06s
Detection 302: no catalog results found
Progess: detections: 303/1588...
Found 404 possible hosts without BH mass and 404 possible hosts with BH mass.
possible hosts found 404/404...
start parallel computation with: <multiprocessing.pool.Pool state=RUN pool_size=14>
parallel computing took: 0.029148578643798828s
Progess: detections: 304/1588...
Found 67 possible hosts without BH mass and 67 possible hosts with BH mass.
possible hosts found 67/67...
start parallel computation with: <multiprocessing.pool.Pool state=RUN pool_size=14>
parallel computing took: 0.007969141006469727s
Progess: detections: 305/1588...
No possible hosts. Returning None.
Detection 305: no catalogue hosts in the localization volume — pure-completion fallback p_i = B_num/D (issue #29)
start parallel computation with: <multiprocessing.pool.Pool state=RUN pool_size=14>
parallel computing took: 7.62939453125e-06s
Detection 305: no catalog results found
Progess: detections: 306/1588...
Found 151 possible hosts without BH mass and 151 possible hosts with BH mass.
possible hosts found 151/151...
start parallel computation with: <multiprocessing.pool.Pool state=RUN pool_size=14>
Event 306: >5% quadrature weight outside P_det grid — numerator=0.000, denominator=0.054 (repeats for this event suppressed)
Event 306: >5% quadrature weight outside P_det grid — numerator=0.000, denominator=0.053 (repeats for this event suppressed)
Event 306: >5% quadrature weight outside P_det grid — numerator=0.000, denominator=0.052 (repeats for this event suppressed)
Event 306: >5% quadrature weight outside P_det grid — numerator=0.000, denominator=0.056 (repeats for this event suppressed)
Event 306: >5% quadrature weight outside P_det grid — numerator=0.000, denominator=0.054 (repeats for this event suppressed)
Event 306: >5% quadrature weight outside P_det grid — numerator=0.000, denominator=0.052 (repeats for this event suppressed)
Event 306: >5% quadrature weight outside P_det grid — numerator=0.000, denominator=0.054 (repeats for this event suppressed)
Event 306: >5% quadrature weight outside P_det grid — numerator=0.000, denominator=0.052 (repeats for this event suppressed)
Event 306: >5% quadrature weight outside P_det grid — numerator=0.000, denominator=0.051 (repeats for this event suppressed)
Event 306: >5% quadrature weight outside P_det grid — numerator=0.000, denominator=0.050 (repeats for this event suppressed)
Event 306: >5% quadrature weight outside P_det grid — numerator=0.000, denominator=0.052 (repeats for this event suppressed)
Event 306: >5% quadrature weight outside P_det grid — numerator=0.000, denominator=0.052 (repeats for this event suppressed)
Event 306: >5% quadrature weight outside P_det grid — numerator=0.000, denominator=0.053 (repeats for this event suppressed)
parallel computing took: 0.012953758239746094s
Progess: detections: 307/1588...
No possible hosts. Returning None.
Detection 307: no catalogue hosts in the localization volume — pure-completion fallback p_i = B_num/D (issue #29)
start parallel computation with: <multiprocessing.pool.Pool state=RUN pool_size=14>
parallel computing took: 7.62939453125e-06s
Detection 307: no catalog results found
Progess: detections: 308/1588...
Found 28 possible hosts without BH mass and 28 possible hosts with BH mass.
possible hosts found 28/28...
start parallel computation with: <multiprocessing.pool.Pool state=RUN pool_size=14>
parallel computing took: 0.005816459655761719s
Progess: detections: 309/1588...
No possible hosts. Returning None.
Detection 309: no catalogue hosts in the localization volume — pure-completion fallback p_i = B_num/D (issue #29)
start parallel computation with: <multiprocessing.pool.Pool state=RUN pool_size=14>
parallel computing took: 7.152557373046875e-06s
Detection 309: no catalog results found
Progess: detections: 310/1588...
Found 56 possible hosts without BH mass and 56 possible hosts with BH mass.
possible hosts found 56/56...
start parallel computation with: <multiprocessing.pool.Pool state=RUN pool_size=14>
parallel computing took: 0.007071256637573242s
Progess: detections: 311/1588...
Found 99 possible hosts without BH mass and 99 possible hosts with BH mass.
possible hosts found 99/99...
start parallel computation with: <multiprocessing.pool.Pool state=RUN pool_size=14>
parallel computing took: 0.00946950912475586s
Progess: detections: 312/1588...
No possible hosts. Returning None.
Detection 312: no catalogue hosts in the localization volume — pure-completion fallback p_i = B_num/D (issue #29)
start parallel computation with: <multiprocessing.pool.Pool state=RUN pool_size=14>
parallel computing took: 9.059906005859375e-06s
Detection 312: no catalog results found
Progess: detections: 313/1588...
Found 3 possible hosts without BH mass and 3 possible hosts with BH mass.
possible hosts found 3/3...
start parallel computation with: <multiprocessing.pool.Pool state=RUN pool_size=14>
parallel computing took: 0.0029168128967285156s
Progess: detections: 314/1588...
Found 11 possible hosts without BH mass and 11 possible hosts with BH mass.
possible hosts found 11/11...
start parallel computation with: <multiprocessing.pool.Pool state=RUN pool_size=14>
parallel computing took: 0.0046575069427490234s
Progess: detections: 315/1588...
Found 3 possible hosts without BH mass and 3 possible hosts with BH mass.
possible hosts found 3/3...
start parallel computation with: <multiprocessing.pool.Pool state=RUN pool_size=14>
parallel computing took: 0.0026471614837646484s
Progess: detections: 316/1588...
Found 50 possible hosts without BH mass and 50 possible hosts with BH mass.
possible hosts found 50/50...
start parallel computation with: <multiprocessing.pool.Pool state=RUN pool_size=14>
parallel computing took: 0.006598711013793945s
Progess: detections: 317/1588...
No possible hosts. Returning None.
Detection 317: no catalogue hosts in the localization volume — pure-completion fallback p_i = B_num/D (issue #29)
start parallel computation with: <multiprocessing.pool.Pool state=RUN pool_size=14>
parallel computing took: 8.106231689453125e-06s
Detection 317: no catalog results found
Progess: detections: 318/1588...
Found 1 possible hosts without BH mass and 1 possible hosts with BH mass.
possible hosts found 1/1...
start parallel computation with: <multiprocessing.pool.Pool state=RUN pool_size=14>
parallel computing took: 0.0024340152740478516s
Progess: detections: 319/1588...
No possible hosts. Returning None.
Detection 319: no catalogue hosts in the localization volume — pure-completion fallback p_i = B_num/D (issue #29)
start parallel computation with: <multiprocessing.pool.Pool state=RUN pool_size=14>
parallel computing took: 6.4373016357421875e-06s
Detection 319: no catalog results found
Progess: detections: 320/1588...
No possible hosts. Returning None.
Detection 320: no catalogue hosts in the localization volume — pure-completion fallback p_i = B_num/D (issue #29)
start parallel computation with: <multiprocessing.pool.Pool state=RUN pool_size=14>
parallel computing took: 6.67572021484375e-06s
Detection 320: no catalog results found
Progess: detections: 321/1588...
No possible hosts. Returning None.
Detection 321: no catalogue hosts in the localization volume — pure-completion fallback p_i = B_num/D (issue #29)
start parallel computation with: <multiprocessing.pool.Pool state=RUN pool_size=14>
parallel computing took: 6.4373016357421875e-06s
Detection 321: no catalog results found
Progess: detections: 322/1588...
No possible hosts. Returning None.
Detection 322: no catalogue hosts in the localization volume — pure-completion fallback p_i = B_num/D (issue #29)
start parallel computation with: <multiprocessing.pool.Pool state=RUN pool_size=14>
parallel computing took: 6.198883056640625e-06s
Detection 322: no catalog results found
Progess: detections: 323/1588...
No possible hosts. Returning None.
Detection 323: no catalogue hosts in the localization volume — pure-completion fallback p_i = B_num/D (issue #29)
start parallel computation with: <multiprocessing.pool.Pool state=RUN pool_size=14>
parallel computing took: 6.198883056640625e-06s
Detection 323: no catalog results found
Progess: detections: 324/1588...
No possible hosts. Returning None.
Detection 324: no catalogue hosts in the localization volume — pure-completion fallback p_i = B_num/D (issue #29)
start parallel computation with: <multiprocessing.pool.Pool state=RUN pool_size=14>
parallel computing took: 6.9141387939453125e-06s
Detection 324: no catalog results found
Progess: detections: 325/1588...
No possible hosts. Returning None.
Detection 325: no catalogue hosts in the localization volume — pure-completion fallback p_i = B_num/D (issue #29)
start parallel computation with: <multiprocessing.pool.Pool state=RUN pool_size=14>
parallel computing took: 6.4373016357421875e-06s
Detection 325: no catalog results found
Progess: detections: 326/1588...
No possible hosts. Returning None.
Detection 326: no catalogue hosts in the localization volume — pure-completion fallback p_i = B_num/D (issue #29)
start parallel computation with: <multiprocessing.pool.Pool state=RUN pool_size=14>
parallel computing took: 6.67572021484375e-06s
Detection 326: no catalog results found
Progess: detections: 327/1588...
No possible hosts. Returning None.
Detection 327: no catalogue hosts in the localization volume — pure-completion fallback p_i = B_num/D (issue #29)
start parallel computation with: <multiprocessing.pool.Pool state=RUN pool_size=14>
parallel computing took: 6.4373016357421875e-06s
Detection 327: no catalog results found
Progess: detections: 328/1588...
Found 517 possible hosts without BH mass and 517 possible hosts with BH mass.
possible hosts found 517/517...
start parallel computation with: <multiprocessing.pool.Pool state=RUN pool_size=14>
parallel computing took: 0.03803443908691406s
Progess: detections: 329/1588...
No possible hosts. Returning None.
Detection 329: no catalogue hosts in the localization volume — pure-completion fallback p_i = B_num/D (issue #29)
start parallel computation with: <multiprocessing.pool.Pool state=RUN pool_size=14>
parallel computing took: 9.059906005859375e-06s
Detection 329: no catalog results found
Progess: detections: 330/1588...
Found 67 possible hosts without BH mass and 67 possible hosts with BH mass.
possible hosts found 67/67...
start parallel computation with: <multiprocessing.pool.Pool state=RUN pool_size=14>
parallel computing took: 0.007708072662353516s
Progess: detections: 331/1588...
No possible hosts. Returning None.
Detection 331: no catalogue hosts in the localization volume — pure-completion fallback p_i = B_num/D (issue #29)
start parallel computation with: <multiprocessing.pool.Pool state=RUN pool_size=14>
parallel computing took: 7.867813110351562e-06s
Detection 331: no catalog results found
Progess: detections: 332/1588...
No possible hosts. Returning None.
Detection 332: no catalogue hosts in the localization volume — pure-completion fallback p_i = B_num/D (issue #29)
start parallel computation with: <multiprocessing.pool.Pool state=RUN pool_size=14>
parallel computing took: 7.3909759521484375e-06s
Detection 332: no catalog results found
Progess: detections: 333/1588...
Found 3 possible hosts without BH mass and 3 possible hosts with BH mass.
possible hosts found 3/3...
start parallel computation with: <multiprocessing.pool.Pool state=RUN pool_size=14>
parallel computing took: 0.002969026565551758s
Progess: detections: 334/1588...
Found 848 possible hosts without BH mass and 848 possible hosts with BH mass.
possible hosts found 848/848...
start parallel computation with: <multiprocessing.pool.Pool state=RUN pool_size=14>
parallel computing took: 0.061484336853027344s
Progess: detections: 335/1588...
No possible hosts. Returning None.
Detection 335: no catalogue hosts in the localization volume — pure-completion fallback p_i = B_num/D (issue #29)
start parallel computation with: <multiprocessing.pool.Pool state=RUN pool_size=14>
parallel computing took: 8.344650268554688e-06s
Detection 335: no catalog results found
Progess: detections: 336/1588...
No possible hosts. Returning None.
Detection 336: no catalogue hosts in the localization volume — pure-completion fallback p_i = B_num/D (issue #29)
start parallel computation with: <multiprocessing.pool.Pool state=RUN pool_size=14>
parallel computing took: 6.67572021484375e-06s
Detection 336: no catalog results found
Progess: detections: 337/1588...
Found 8 possible hosts without BH mass and 8 possible hosts with BH mass.
possible hosts found 8/8...
start parallel computation with: <multiprocessing.pool.Pool state=RUN pool_size=14>
parallel computing took: 0.004373073577880859s
Progess: detections: 338/1588...
Found 524 possible hosts without BH mass and 524 possible hosts with BH mass.
possible hosts found 524/524...
start parallel computation with: <multiprocessing.pool.Pool state=RUN pool_size=14>
parallel computing took: 0.03926515579223633s
Progess: detections: 339/1588...
No possible hosts. Returning None.
Detection 339: no catalogue hosts in the localization volume — pure-completion fallback p_i = B_num/D (issue #29)
start parallel computation with: <multiprocessing.pool.Pool state=RUN pool_size=14>
parallel computing took: 7.62939453125e-06s
Detection 339: no catalog results found
Progess: detections: 340/1588...
Found 5 possible hosts without BH mass and 5 possible hosts with BH mass.
possible hosts found 5/5...
start parallel computation with: <multiprocessing.pool.Pool state=RUN pool_size=14>
Event 340: >5% quadrature weight outside P_det grid — numerator=0.000, denominator=0.057 (repeats for this event suppressed)
parallel computing took: 0.0039021968841552734s
Progess: detections: 341/1588...
No possible hosts. Returning None.
Detection 341: no catalogue hosts in the localization volume — pure-completion fallback p_i = B_num/D (issue #29)
start parallel computation with: <multiprocessing.pool.Pool state=RUN pool_size=14>
parallel computing took: 6.67572021484375e-06s
Detection 341: no catalog results found
Progess: detections: 342/1588...
No possible hosts. Returning None.
Detection 342: no catalogue hosts in the localization volume — pure-completion fallback p_i = B_num/D (issue #29)
start parallel computation with: <multiprocessing.pool.Pool state=RUN pool_size=14>
parallel computing took: 6.67572021484375e-06s
Detection 342: no catalog results found
Progess: detections: 343/1588...
Found 304 possible hosts without BH mass and 304 possible hosts with BH mass.
possible hosts found 304/304...
start parallel computation with: <multiprocessing.pool.Pool state=RUN pool_size=14>
parallel computing took: 0.02277207374572754s
Progess: detections: 344/1588...
Found 610 possible hosts without BH mass and 610 possible hosts with BH mass.
possible hosts found 610/610...
start parallel computation with: <multiprocessing.pool.Pool state=RUN pool_size=14>
parallel computing took: 0.04402804374694824s
Progess: detections: 345/1588...
Found 2096 possible hosts without BH mass and 2090 possible hosts with BH mass.
possible hosts found 2096/2090...
start parallel computation with: <multiprocessing.pool.Pool state=RUN pool_size=14>
parallel computing took: 0.16716408729553223s
Progess: detections: 346/1588...
Found 278 possible hosts without BH mass and 278 possible hosts with BH mass.
possible hosts found 278/278...
start parallel computation with: <multiprocessing.pool.Pool state=RUN pool_size=14>
parallel computing took: 0.020227670669555664s
Progess: detections: 347/1588...
No possible hosts. Returning None.
Detection 347: no catalogue hosts in the localization volume — pure-completion fallback p_i = B_num/D (issue #29)
start parallel computation with: <multiprocessing.pool.Pool state=RUN pool_size=14>
parallel computing took: 7.3909759521484375e-06s
Detection 347: no catalog results found
Progess: detections: 348/1588...
No possible hosts. Returning None.
Detection 348: no catalogue hosts in the localization volume — pure-completion fallback p_i = B_num/D (issue #29)
start parallel computation with: <multiprocessing.pool.Pool state=RUN pool_size=14>
parallel computing took: 6.9141387939453125e-06s
Detection 348: no catalog results found
Progess: detections: 349/1588...
Found 20 possible hosts without BH mass and 20 possible hosts with BH mass.
possible hosts found 20/20...
start parallel computation with: <multiprocessing.pool.Pool state=RUN pool_size=14>
parallel computing took: 0.004994630813598633s
Progess: detections: 350/1588...
No possible hosts. Returning None.
Detection 350: no catalogue hosts in the localization volume — pure-completion fallback p_i = B_num/D (issue #29)
start parallel computation with: <multiprocessing.pool.Pool state=RUN pool_size=14>
parallel computing took: 7.62939453125e-06s
Detection 350: no catalog results found
Progess: detections: 351/1588...
No possible hosts. Returning None.
Detection 351: no catalogue hosts in the localization volume — pure-completion fallback p_i = B_num/D (issue #29)
start parallel computation with: <multiprocessing.pool.Pool state=RUN pool_size=14>
parallel computing took: 6.4373016357421875e-06s
Detection 351: no catalog results found
Progess: detections: 352/1588...
Found 113 possible hosts without BH mass and 113 possible hosts with BH mass.
possible hosts found 113/113...
start parallel computation with: <multiprocessing.pool.Pool state=RUN pool_size=14>
parallel computing took: 0.010533571243286133s
Progess: detections: 353/1588...
Found 37 possible hosts without BH mass and 37 possible hosts with BH mass.
possible hosts found 37/37...
start parallel computation with: <multiprocessing.pool.Pool state=RUN pool_size=14>
parallel computing took: 0.0060272216796875s
Progess: detections: 354/1588...
Found 30 possible hosts without BH mass and 30 possible hosts with BH mass.
possible hosts found 30/30...
start parallel computation with: <multiprocessing.pool.Pool state=RUN pool_size=14>
parallel computing took: 0.005670785903930664s
Progess: detections: 355/1588...
Found 78 possible hosts without BH mass and 78 possible hosts with BH mass.
possible hosts found 78/78...
start parallel computation with: <multiprocessing.pool.Pool state=RUN pool_size=14>
parallel computing took: 0.007959127426147461s
Progess: detections: 356/1588...
No possible hosts. Returning None.
Detection 356: no catalogue hosts in the localization volume — pure-completion fallback p_i = B_num/D (issue #29)
start parallel computation with: <multiprocessing.pool.Pool state=RUN pool_size=14>
parallel computing took: 7.62939453125e-06s
Detection 356: no catalog results found
Progess: detections: 357/1588...
Found 10 possible hosts without BH mass and 10 possible hosts with BH mass.
possible hosts found 10/10...
start parallel computation with: <multiprocessing.pool.Pool state=RUN pool_size=14>
parallel computing took: 0.0041961669921875s
Progess: detections: 358/1588...
No possible hosts. Returning None.
Detection 358: no catalogue hosts in the localization volume — pure-completion fallback p_i = B_num/D (issue #29)
start parallel computation with: <multiprocessing.pool.Pool state=RUN pool_size=14>
parallel computing took: 5.9604644775390625e-06s
Detection 358: no catalog results found
Progess: detections: 359/1588...
Found 5416 possible hosts without BH mass and 5416 possible hosts with BH mass.
possible hosts found 5416/5416...
start parallel computation with: <multiprocessing.pool.Pool state=RUN pool_size=14>
parallel computing took: 0.45394229888916016s
Progess: detections: 360/1588...
Found 210 possible hosts without BH mass and 210 possible hosts with BH mass.
possible hosts found 210/210...
start parallel computation with: <multiprocessing.pool.Pool state=RUN pool_size=14>
parallel computing took: 0.016786813735961914s
Progess: detections: 361/1588...
Found 56 possible hosts without BH mass and 55 possible hosts with BH mass.
possible hosts found 56/55...
start parallel computation with: <multiprocessing.pool.Pool state=RUN pool_size=14>
Event 361: >5% quadrature weight outside P_det grid — numerator=0.000, denominator=0.058 (repeats for this event suppressed)
Event 361: >5% quadrature weight outside P_det grid — numerator=0.000, denominator=0.069 (repeats for this event suppressed)
Event 361: >5% quadrature weight outside P_det grid — numerator=0.000, denominator=0.056 (repeats for this event suppressed)
Event 361: >5% quadrature weight outside P_det grid — numerator=0.000, denominator=0.054 (repeats for this event suppressed)
Event 361: >5% quadrature weight outside P_det grid — numerator=0.000, denominator=0.066 (repeats for this event suppressed)
Event 361: >5% quadrature weight outside P_det grid — numerator=0.000, denominator=0.057 (repeats for this event suppressed)
Event 361: >5% quadrature weight outside P_det grid — numerator=0.000, denominator=0.071 (repeats for this event suppressed)
Event 361: >5% quadrature weight outside P_det grid — numerator=0.000, denominator=0.061 (repeats for this event suppressed)
Event 361: >5% quadrature weight outside P_det grid — numerator=0.000, denominator=0.058 (repeats for this event suppressed)
Event 361: >5% quadrature weight outside P_det grid — numerator=0.000, denominator=0.057 (repeats for this event suppressed)
Event 361: >5% quadrature weight outside P_det grid — numerator=0.000, denominator=0.056 (repeats for this event suppressed)
Event 361: >5% quadrature weight outside P_det grid — numerator=0.000, denominator=0.055 (repeats for this event suppressed)
Event 361: >5% quadrature weight outside P_det grid — numerator=0.000, denominator=0.058 (repeats for this event suppressed)
Event 361: >5% quadrature weight outside P_det grid — numerator=0.000, denominator=0.063 (repeats for this event suppressed)
parallel computing took: 0.009115934371948242s
Progess: detections: 362/1588...
Found 19 possible hosts without BH mass and 19 possible hosts with BH mass.
possible hosts found 19/19...
start parallel computation with: <multiprocessing.pool.Pool state=RUN pool_size=14>
parallel computing took: 0.004810810089111328s
Progess: detections: 363/1588...
Found 10 possible hosts without BH mass and 10 possible hosts with BH mass.
possible hosts found 10/10...
start parallel computation with: <multiprocessing.pool.Pool state=RUN pool_size=14>
parallel computing took: 0.004348039627075195s
Progess: detections: 364/1588...
No possible hosts. Returning None.
Detection 364: no catalogue hosts in the localization volume — pure-completion fallback p_i = B_num/D (issue #29)
start parallel computation with: <multiprocessing.pool.Pool state=RUN pool_size=14>
parallel computing took: 6.9141387939453125e-06s
Detection 364: no catalog results found
Progess: detections: 365/1588...
Found 2894 possible hosts without BH mass and 2894 possible hosts with BH mass.
possible hosts found 2894/2894...
start parallel computation with: <multiprocessing.pool.Pool state=RUN pool_size=14>
parallel computing took: 0.24748659133911133s
Progess: detections: 366/1588...
No possible hosts. Returning None.
Detection 366: no catalogue hosts in the localization volume — pure-completion fallback p_i = B_num/D (issue #29)
start parallel computation with: <multiprocessing.pool.Pool state=RUN pool_size=14>
parallel computing took: 9.059906005859375e-06s
Detection 366: no catalog results found
Progess: detections: 367/1588...
No possible hosts. Returning None.
Detection 367: no catalogue hosts in the localization volume — pure-completion fallback p_i = B_num/D (issue #29)
start parallel computation with: <multiprocessing.pool.Pool state=RUN pool_size=14>
parallel computing took: 6.9141387939453125e-06s
Detection 367: no catalog results found
Progess: detections: 368/1588...
No possible hosts. Returning None.
Detection 368: no catalogue hosts in the localization volume — pure-completion fallback p_i = B_num/D (issue #29)
start parallel computation with: <multiprocessing.pool.Pool state=RUN pool_size=14>
parallel computing took: 6.198883056640625e-06s
Detection 368: no catalog results found
Progess: detections: 369/1588...
No possible hosts. Returning None.
Detection 369: no catalogue hosts in the localization volume — pure-completion fallback p_i = B_num/D (issue #29)
start parallel computation with: <multiprocessing.pool.Pool state=RUN pool_size=14>
parallel computing took: 6.67572021484375e-06s
Detection 369: no catalog results found
Progess: detections: 370/1588...
Found 5 possible hosts without BH mass and 5 possible hosts with BH mass.
possible hosts found 5/5...
start parallel computation with: <multiprocessing.pool.Pool state=RUN pool_size=14>
parallel computing took: 0.0038433074951171875s
Progess: detections: 371/1588...
Found 7 possible hosts without BH mass and 7 possible hosts with BH mass.
possible hosts found 7/7...
start parallel computation with: <multiprocessing.pool.Pool state=RUN pool_size=14>
parallel computing took: 0.004055500030517578s
Progess: detections: 372/1588...
No possible hosts. Returning None.
Detection 372: no catalogue hosts in the localization volume — pure-completion fallback p_i = B_num/D (issue #29)
start parallel computation with: <multiprocessing.pool.Pool state=RUN pool_size=14>
parallel computing took: 6.4373016357421875e-06s
Detection 372: no catalog results found
Progess: detections: 373/1588...
No possible hosts. Returning None.
Detection 373: no catalogue hosts in the localization volume — pure-completion fallback p_i = B_num/D (issue #29)
start parallel computation with: <multiprocessing.pool.Pool state=RUN pool_size=14>
parallel computing took: 6.67572021484375e-06s
Detection 373: no catalog results found
Progess: detections: 374/1588...
No possible hosts. Returning None.
Detection 374: no catalogue hosts in the localization volume — pure-completion fallback p_i = B_num/D (issue #29)
start parallel computation with: <multiprocessing.pool.Pool state=RUN pool_size=14>
parallel computing took: 6.4373016357421875e-06s
Detection 374: no catalog results found
Progess: detections: 375/1588...
No possible hosts. Returning None.
Detection 375: no catalogue hosts in the localization volume — pure-completion fallback p_i = B_num/D (issue #29)
start parallel computation with: <multiprocessing.pool.Pool state=RUN pool_size=14>
parallel computing took: 6.67572021484375e-06s
Detection 375: no catalog results found
Progess: detections: 376/1588...
Found 418 possible hosts without BH mass and 418 possible hosts with BH mass.
possible hosts found 418/418...
start parallel computation with: <multiprocessing.pool.Pool state=RUN pool_size=14>
parallel computing took: 0.034085750579833984s
Progess: detections: 377/1588...
Found 1 possible hosts without BH mass and 1 possible hosts with BH mass.
possible hosts found 1/1...
start parallel computation with: <multiprocessing.pool.Pool state=RUN pool_size=14>
parallel computing took: 0.0025925636291503906s
Progess: detections: 378/1588...
Found 1664 possible hosts without BH mass and 1664 possible hosts with BH mass.
possible hosts found 1664/1664...
start parallel computation with: <multiprocessing.pool.Pool state=RUN pool_size=14>
parallel computing took: 0.14328885078430176s
Progess: detections: 379/1588...
Found 14 possible hosts without BH mass and 14 possible hosts with BH mass.
possible hosts found 14/14...
start parallel computation with: <multiprocessing.pool.Pool state=RUN pool_size=14>
parallel computing took: 0.004787921905517578s
Progess: detections: 380/1588...
Found 40 possible hosts without BH mass and 40 possible hosts with BH mass.
possible hosts found 40/40...
start parallel computation with: <multiprocessing.pool.Pool state=RUN pool_size=14>
parallel computing took: 0.005959510803222656s
Progess: detections: 381/1588...
Found 3484 possible hosts without BH mass and 3484 possible hosts with BH mass.
possible hosts found 3484/3484...
start parallel computation with: <multiprocessing.pool.Pool state=RUN pool_size=14>
parallel computing took: 0.3090662956237793s
Progess: detections: 382/1588...
Found 3 possible hosts without BH mass and 3 possible hosts with BH mass.
possible hosts found 3/3...
start parallel computation with: <multiprocessing.pool.Pool state=RUN pool_size=14>
parallel computing took: 0.002999544143676758s
Progess: detections: 383/1588...
Found 323 possible hosts without BH mass and 321 possible hosts with BH mass.
possible hosts found 323/321...
start parallel computation with: <multiprocessing.pool.Pool state=RUN pool_size=14>
Event 383: >5% quadrature weight outside P_det grid — numerator=0.000, denominator=0.065 (repeats for this event suppressed)
Event 383: >5% quadrature weight outside P_det grid — numerator=0.000, denominator=0.087 (repeats for this event suppressed)
Event 383: >5% quadrature weight outside P_det grid — numerator=0.000, denominator=0.062 (repeats for this event suppressed)
Event 383: >5% quadrature weight outside P_det grid — numerator=0.000, denominator=0.058 (repeats for this event suppressed)
Event 383: >5% quadrature weight outside P_det grid — numerator=0.000, denominator=0.063 (repeats for this event suppressed)
Event 383: >5% quadrature weight outside P_det grid — numerator=0.000, denominator=0.074 (repeats for this event suppressed)
Event 383: >5% quadrature weight outside P_det grid — numerator=0.000, denominator=0.058 (repeats for this event suppressed)
Event 383: >5% quadrature weight outside P_det grid — numerator=0.000, denominator=0.063 (repeats for this event suppressed)
Event 383: >5% quadrature weight outside P_det grid — numerator=0.000, denominator=0.059 (repeats for this event suppressed)
Event 383: >5% quadrature weight outside P_det grid — numerator=0.000, denominator=0.073 (repeats for this event suppressed)
Event 383: >5% quadrature weight outside P_det grid — numerator=0.000, denominator=0.064 (repeats for this event suppressed)
Event 383: >5% quadrature weight outside P_det grid — numerator=0.000, denominator=0.068 (repeats for this event suppressed)
Event 383: >5% quadrature weight outside P_det grid — numerator=0.000, denominator=0.060 (repeats for this event suppressed)
Event 383: >5% quadrature weight outside P_det grid — numerator=0.000, denominator=0.060 (repeats for this event suppressed)
parallel computing took: 0.024728775024414062s
Progess: detections: 384/1588...
Found 114 possible hosts without BH mass and 114 possible hosts with BH mass.
possible hosts found 114/114...
start parallel computation with: <multiprocessing.pool.Pool state=RUN pool_size=14>
parallel computing took: 0.011063814163208008s
Progess: detections: 385/1588...
Found 592 possible hosts without BH mass and 592 possible hosts with BH mass.
possible hosts found 592/592...
start parallel computation with: <multiprocessing.pool.Pool state=RUN pool_size=14>
parallel computing took: 0.04682612419128418s
Progess: detections: 386/1588...
Found 6 possible hosts without BH mass and 6 possible hosts with BH mass.
possible hosts found 6/6...
start parallel computation with: <multiprocessing.pool.Pool state=RUN pool_size=14>
Event 386: >5% quadrature weight outside P_det grid — numerator=0.000, denominator=0.061 (repeats for this event suppressed)
Event 386: >5% quadrature weight outside P_det grid — numerator=0.000, denominator=0.064 (repeats for this event suppressed)
Event 386: >5% quadrature weight outside P_det grid — numerator=0.000, denominator=0.078 (repeats for this event suppressed)
Event 386: >5% quadrature weight outside P_det grid — numerator=0.000, denominator=0.066 (repeats for this event suppressed)
Event 386: >5% quadrature weight outside P_det grid — numerator=0.000, denominator=0.140 (repeats for this event suppressed)
Event 386: >5% quadrature weight outside P_det grid — numerator=0.000, denominator=0.061 (repeats for this event suppressed)
parallel computing took: 0.004483461380004883s
Progess: detections: 387/1588...
Found 978 possible hosts without BH mass and 978 possible hosts with BH mass.
possible hosts found 978/978...
start parallel computation with: <multiprocessing.pool.Pool state=RUN pool_size=14>
Event 387: >5% quadrature weight outside P_det grid — numerator=0.000, denominator=0.058 (repeats for this event suppressed)
Event 387: >5% quadrature weight outside P_det grid — numerator=0.000, denominator=0.062 (repeats for this event suppressed)
Event 387: >5% quadrature weight outside P_det grid — numerator=0.000, denominator=0.052 (repeats for this event suppressed)
Event 387: >5% quadrature weight outside P_det grid — numerator=0.000, denominator=0.051 (repeats for this event suppressed)
Event 387: >5% quadrature weight outside P_det grid — numerator=0.000, denominator=0.058 (repeats for this event suppressed)
Event 387: >5% quadrature weight outside P_det grid — numerator=0.000, denominator=0.057 (repeats for this event suppressed)
Event 387: >5% quadrature weight outside P_det grid — numerator=0.000, denominator=0.057 (repeats for this event suppressed)
Event 387: >5% quadrature weight outside P_det grid — numerator=0.000, denominator=0.060 (repeats for this event suppressed)
Event 387: >5% quadrature weight outside P_det grid — numerator=0.000, denominator=0.052 (repeats for this event suppressed)
Event 387: >5% quadrature weight outside P_det grid — numerator=0.000, denominator=0.055 (repeats for this event suppressed)
Event 387: >5% quadrature weight outside P_det grid — numerator=0.000, denominator=0.062 (repeats for this event suppressed)
Event 387: >5% quadrature weight outside P_det grid — numerator=0.000, denominator=0.051 (repeats for this event suppressed)
Event 387: >5% quadrature weight outside P_det grid — numerator=0.000, denominator=0.050 (repeats for this event suppressed)
Event 387: >5% quadrature weight outside P_det grid — numerator=0.000, denominator=0.055 (repeats for this event suppressed)
parallel computing took: 0.07273077964782715s
Progess: detections: 388/1588...
No possible hosts. Returning None.
Detection 388: no catalogue hosts in the localization volume — pure-completion fallback p_i = B_num/D (issue #29)
start parallel computation with: <multiprocessing.pool.Pool state=RUN pool_size=14>
parallel computing took: 8.821487426757812e-06s
Detection 388: no catalog results found
Progess: detections: 389/1588...
No possible hosts. Returning None.
Detection 389: no catalogue hosts in the localization volume — pure-completion fallback p_i = B_num/D (issue #29)
start parallel computation with: <multiprocessing.pool.Pool state=RUN pool_size=14>
parallel computing took: 6.9141387939453125e-06s
Detection 389: no catalog results found
Progess: detections: 390/1588...
No possible hosts. Returning None.
Detection 390: no catalogue hosts in the localization volume — pure-completion fallback p_i = B_num/D (issue #29)
start parallel computation with: <multiprocessing.pool.Pool state=RUN pool_size=14>
parallel computing took: 6.67572021484375e-06s
Detection 390: no catalog results found
Progess: detections: 391/1588...
Found 23 possible hosts without BH mass and 23 possible hosts with BH mass.
possible hosts found 23/23...
start parallel computation with: <multiprocessing.pool.Pool state=RUN pool_size=14>
parallel computing took: 0.005213260650634766s
Progess: detections: 392/1588...
Found 7046 possible hosts without BH mass and 7043 possible hosts with BH mass.
possible hosts found 7046/7043...
start parallel computation with: <multiprocessing.pool.Pool state=RUN pool_size=14>
parallel computing took: 0.6426386833190918s
Progess: detections: 393/1588...
No possible hosts. Returning None.
Detection 393: no catalogue hosts in the localization volume — pure-completion fallback p_i = B_num/D (issue #29)
start parallel computation with: <multiprocessing.pool.Pool state=RUN pool_size=14>
parallel computing took: 8.106231689453125e-06s
Detection 393: no catalog results found
Progess: detections: 394/1588...
Found 221 possible hosts without BH mass and 221 possible hosts with BH mass.
possible hosts found 221/221...
start parallel computation with: <multiprocessing.pool.Pool state=RUN pool_size=14>
parallel computing took: 0.01711559295654297s
Progess: detections: 395/1588...
No possible hosts. Returning None.
Detection 395: no catalogue hosts in the localization volume — pure-completion fallback p_i = B_num/D (issue #29)
start parallel computation with: <multiprocessing.pool.Pool state=RUN pool_size=14>
parallel computing took: 7.152557373046875e-06s
Detection 395: no catalog results found
Progess: detections: 396/1588...
Found 19 possible hosts without BH mass and 19 possible hosts with BH mass.
possible hosts found 19/19...
start parallel computation with: <multiprocessing.pool.Pool state=RUN pool_size=14>
Event 396: >5% quadrature weight outside P_det grid — numerator=0.000, denominator=0.052 (repeats for this event suppressed)
Event 396: >5% quadrature weight outside P_det grid — numerator=0.000, denominator=0.051 (repeats for this event suppressed)
Event 396: >5% quadrature weight outside P_det grid — numerator=0.000, denominator=0.060 (repeats for this event suppressed)
Event 396: >5% quadrature weight outside P_det grid — numerator=0.000, denominator=0.052 (repeats for this event suppressed)
Event 396: >5% quadrature weight outside P_det grid — numerator=0.000, denominator=0.054 (repeats for this event suppressed)
Event 396: >5% quadrature weight outside P_det grid — numerator=0.000, denominator=0.056 (repeats for this event suppressed)
Event 396: >5% quadrature weight outside P_det grid — numerator=0.000, denominator=0.056 (repeats for this event suppressed)
parallel computing took: 0.0055904388427734375s
Progess: detections: 397/1588...
No possible hosts. Returning None.
Detection 397: no catalogue hosts in the localization volume — pure-completion fallback p_i = B_num/D (issue #29)
start parallel computation with: <multiprocessing.pool.Pool state=RUN pool_size=14>
parallel computing took: 6.67572021484375e-06s
Detection 397: no catalog results found
Progess: detections: 398/1588...
Found 82 possible hosts without BH mass and 82 possible hosts with BH mass.
possible hosts found 82/82...
start parallel computation with: <multiprocessing.pool.Pool state=RUN pool_size=14>
parallel computing took: 0.008309602737426758s
Progess: detections: 399/1588...
No possible hosts. Returning None.
Detection 399: no catalogue hosts in the localization volume — pure-completion fallback p_i = B_num/D (issue #29)
start parallel computation with: <multiprocessing.pool.Pool state=RUN pool_size=14>
parallel computing took: 7.3909759521484375e-06s
Detection 399: no catalog results found
Detection 400/1588: last=0.00s, avg=0.11s, est_remaining=126s
Progess: detections: 400/1588...
Found 11754 possible hosts without BH mass and 11754 possible hosts with BH mass.
possible hosts found 11754/11754...
start parallel computation with: <multiprocessing.pool.Pool state=RUN pool_size=14>
parallel computing took: 1.1332740783691406s
Progess: detections: 401/1588...
Found 6 possible hosts without BH mass and 6 possible hosts with BH mass.
possible hosts found 6/6...
start parallel computation with: <multiprocessing.pool.Pool state=RUN pool_size=14>
parallel computing took: 0.003637552261352539s
Progess: detections: 402/1588...
Found 7 possible hosts without BH mass and 7 possible hosts with BH mass.
possible hosts found 7/7...
start parallel computation with: <multiprocessing.pool.Pool state=RUN pool_size=14>
parallel computing took: 0.004025459289550781s
Progess: detections: 403/1588...
Found 935 possible hosts without BH mass and 935 possible hosts with BH mass.
possible hosts found 935/935...
start parallel computation with: <multiprocessing.pool.Pool state=RUN pool_size=14>
parallel computing took: 0.06707906723022461s
Progess: detections: 404/1588...
Found 404 possible hosts without BH mass and 404 possible hosts with BH mass.
possible hosts found 404/404...
start parallel computation with: <multiprocessing.pool.Pool state=RUN pool_size=14>
parallel computing took: 0.03021407127380371s
Progess: detections: 405/1588...
Found 4 possible hosts without BH mass and 4 possible hosts with BH mass.
possible hosts found 4/4...
start parallel computation with: <multiprocessing.pool.Pool state=RUN pool_size=14>
parallel computing took: 0.0038411617279052734s
Progess: detections: 406/1588...
Found 341 possible hosts without BH mass and 341 possible hosts with BH mass.
possible hosts found 341/341...
start parallel computation with: <multiprocessing.pool.Pool state=RUN pool_size=14>
parallel computing took: 0.02470707893371582s
Progess: detections: 407/1588...
Found 378 possible hosts without BH mass and 378 possible hosts with BH mass.
possible hosts found 378/378...
start parallel computation with: <multiprocessing.pool.Pool state=RUN pool_size=14>
parallel computing took: 0.0283355712890625s
Progess: detections: 408/1588...
Found 4 possible hosts without BH mass and 4 possible hosts with BH mass.
possible hosts found 4/4...
start parallel computation with: <multiprocessing.pool.Pool state=RUN pool_size=14>
Event 408: >5% quadrature weight outside P_det grid — numerator=0.000, denominator=0.094 (repeats for this event suppressed)
Event 408: >5% quadrature weight outside P_det grid — numerator=0.000, denominator=0.072 (repeats for this event suppressed)
Event 408: >5% quadrature weight outside P_det grid — numerator=0.000, denominator=0.060 (repeats for this event suppressed)
Event 408: >5% quadrature weight outside P_det grid — numerator=0.000, denominator=0.059 (repeats for this event suppressed)
parallel computing took: 0.00377655029296875s
Progess: detections: 409/1588...
No possible hosts. Returning None.
Detection 409: no catalogue hosts in the localization volume — pure-completion fallback p_i = B_num/D (issue #29)
start parallel computation with: <multiprocessing.pool.Pool state=RUN pool_size=14>
parallel computing took: 6.67572021484375e-06s
Detection 409: no catalog results found
Progess: detections: 410/1588...
Found 37 possible hosts without BH mass and 37 possible hosts with BH mass.
possible hosts found 37/37...
start parallel computation with: <multiprocessing.pool.Pool state=RUN pool_size=14>
parallel computing took: 0.005696535110473633s
Progess: detections: 411/1588...
Found 330 possible hosts without BH mass and 330 possible hosts with BH mass.
possible hosts found 330/330...
start parallel computation with: <multiprocessing.pool.Pool state=RUN pool_size=14>
parallel computing took: 0.023426294326782227s
Progess: detections: 412/1588...
No possible hosts. Returning None.
Detection 412: no catalogue hosts in the localization volume — pure-completion fallback p_i = B_num/D (issue #29)
start parallel computation with: <multiprocessing.pool.Pool state=RUN pool_size=14>
parallel computing took: 7.3909759521484375e-06s
Detection 412: no catalog results found
Progess: detections: 413/1588...
No possible hosts. Returning None.
Detection 413: no catalogue hosts in the localization volume — pure-completion fallback p_i = B_num/D (issue #29)
start parallel computation with: <multiprocessing.pool.Pool state=RUN pool_size=14>
parallel computing took: 6.67572021484375e-06s
Detection 413: no catalog results found
Progess: detections: 414/1588...
No possible hosts. Returning None.
Detection 414: no catalogue hosts in the localization volume — pure-completion fallback p_i = B_num/D (issue #29)
start parallel computation with: <multiprocessing.pool.Pool state=RUN pool_size=14>
parallel computing took: 6.9141387939453125e-06s
Detection 414: no catalog results found
Progess: detections: 415/1588...
No possible hosts. Returning None.
Detection 415: no catalogue hosts in the localization volume — pure-completion fallback p_i = B_num/D (issue #29)
start parallel computation with: <multiprocessing.pool.Pool state=RUN pool_size=14>
parallel computing took: 6.67572021484375e-06s
Detection 415: no catalog results found
Progess: detections: 416/1588...
No possible hosts. Returning None.
Detection 416: no catalogue hosts in the localization volume — pure-completion fallback p_i = B_num/D (issue #29)
start parallel computation with: <multiprocessing.pool.Pool state=RUN pool_size=14>
parallel computing took: 6.67572021484375e-06s
Detection 416: no catalog results found
Progess: detections: 417/1588...
Found 27 possible hosts without BH mass and 27 possible hosts with BH mass.
possible hosts found 27/27...
start parallel computation with: <multiprocessing.pool.Pool state=RUN pool_size=14>
parallel computing took: 0.005940675735473633s
Progess: detections: 418/1588...
No possible hosts. Returning None.
Detection 418: no catalogue hosts in the localization volume — pure-completion fallback p_i = B_num/D (issue #29)
start parallel computation with: <multiprocessing.pool.Pool state=RUN pool_size=14>
parallel computing took: 7.3909759521484375e-06s
Detection 418: no catalog results found
Progess: detections: 419/1588...
Found 91 possible hosts without BH mass and 91 possible hosts with BH mass.
possible hosts found 91/91...
start parallel computation with: <multiprocessing.pool.Pool state=RUN pool_size=14>
parallel computing took: 0.008410453796386719s
Progess: detections: 420/1588...
Found 2497 possible hosts without BH mass and 2497 possible hosts with BH mass.
possible hosts found 2497/2497...
start parallel computation with: <multiprocessing.pool.Pool state=RUN pool_size=14>
parallel computing took: 0.21710705757141113s
Progess: detections: 421/1588...
No possible hosts. Returning None.
Detection 421: no catalogue hosts in the localization volume — pure-completion fallback p_i = B_num/D (issue #29)
start parallel computation with: <multiprocessing.pool.Pool state=RUN pool_size=14>
parallel computing took: 8.344650268554688e-06s
Detection 421: no catalog results found
Progess: detections: 422/1588...
No possible hosts. Returning None.
Detection 422: no catalogue hosts in the localization volume — pure-completion fallback p_i = B_num/D (issue #29)
start parallel computation with: <multiprocessing.pool.Pool state=RUN pool_size=14>
parallel computing took: 6.9141387939453125e-06s
Detection 422: no catalog results found
Progess: detections: 423/1588...
No possible hosts. Returning None.
Detection 423: no catalogue hosts in the localization volume — pure-completion fallback p_i = B_num/D (issue #29)
start parallel computation with: <multiprocessing.pool.Pool state=RUN pool_size=14>
parallel computing took: 1.239776611328125e-05s
Detection 423: no catalog results found
Progess: detections: 424/1588...
No possible hosts. Returning None.
Detection 424: no catalogue hosts in the localization volume — pure-completion fallback p_i = B_num/D (issue #29)
start parallel computation with: <multiprocessing.pool.Pool state=RUN pool_size=14>
parallel computing took: 6.4373016357421875e-06s
Detection 424: no catalog results found
Progess: detections: 425/1588...
Found 2 possible hosts without BH mass and 2 possible hosts with BH mass.
possible hosts found 2/2...
start parallel computation with: <multiprocessing.pool.Pool state=RUN pool_size=14>
parallel computing took: 0.002724170684814453s
Progess: detections: 426/1588...
Found 1257 possible hosts without BH mass and 1257 possible hosts with BH mass.
possible hosts found 1257/1257...
start parallel computation with: <multiprocessing.pool.Pool state=RUN pool_size=14>
parallel computing took: 0.0944528579711914s
Progess: detections: 427/1588...
Found 20 possible hosts without BH mass and 20 possible hosts with BH mass.
possible hosts found 20/20...
start parallel computation with: <multiprocessing.pool.Pool state=RUN pool_size=14>
parallel computing took: 0.00518035888671875s
Progess: detections: 428/1588...
No possible hosts. Returning None.
Detection 428: no catalogue hosts in the localization volume — pure-completion fallback p_i = B_num/D (issue #29)
start parallel computation with: <multiprocessing.pool.Pool state=RUN pool_size=14>
parallel computing took: 7.3909759521484375e-06s
Detection 428: no catalog results found
Progess: detections: 429/1588...
No possible hosts. Returning None.
Detection 429: no catalogue hosts in the localization volume — pure-completion fallback p_i = B_num/D (issue #29)
start parallel computation with: <multiprocessing.pool.Pool state=RUN pool_size=14>
parallel computing took: 6.4373016357421875e-06s
Detection 429: no catalog results found
Progess: detections: 430/1588...
No possible hosts. Returning None.
Detection 430: no catalogue hosts in the localization volume — pure-completion fallback p_i = B_num/D (issue #29)
start parallel computation with: <multiprocessing.pool.Pool state=RUN pool_size=14>
parallel computing took: 6.198883056640625e-06s
Detection 430: no catalog results found
Progess: detections: 431/1588...
Found 124 possible hosts without BH mass and 124 possible hosts with BH mass.
possible hosts found 124/124...
start parallel computation with: <multiprocessing.pool.Pool state=RUN pool_size=14>
parallel computing took: 0.01083827018737793s
Progess: detections: 432/1588...
Found 1375 possible hosts without BH mass and 1375 possible hosts with BH mass.
possible hosts found 1375/1375...
start parallel computation with: <multiprocessing.pool.Pool state=RUN pool_size=14>
parallel computing took: 0.10593509674072266s
Progess: detections: 433/1588...
No possible hosts. Returning None.
Detection 433: no catalogue hosts in the localization volume — pure-completion fallback p_i = B_num/D (issue #29)
start parallel computation with: <multiprocessing.pool.Pool state=RUN pool_size=14>
parallel computing took: 8.58306884765625e-06s
Detection 433: no catalog results found
Progess: detections: 434/1588...
Found 9 possible hosts without BH mass and 9 possible hosts with BH mass.
possible hosts found 9/9...
start parallel computation with: <multiprocessing.pool.Pool state=RUN pool_size=14>
Event 434: >5% quadrature weight outside P_det grid — numerator=0.000, denominator=0.058 (repeats for this event suppressed)
Event 434: >5% quadrature weight outside P_det grid — numerator=0.000, denominator=0.060 (repeats for this event suppressed)
Event 434: >5% quadrature weight outside P_det grid — numerator=0.000, denominator=0.060 (repeats for this event suppressed)
Event 434: >5% quadrature weight outside P_det grid — numerator=0.000, denominator=0.052 (repeats for this event suppressed)
Event 434: >5% quadrature weight outside P_det grid — numerator=0.000, denominator=0.062 (repeats for this event suppressed)
Event 434: >5% quadrature weight outside P_det grid — numerator=0.000, denominator=0.054 (repeats for this event suppressed)
Event 434: >5% quadrature weight outside P_det grid — numerator=0.000, denominator=0.076 (repeats for this event suppressed)
Event 434: >5% quadrature weight outside P_det grid — numerator=0.000, denominator=0.060 (repeats for this event suppressed)
Event 434: >5% quadrature weight outside P_det grid — numerator=0.000, denominator=0.065 (repeats for this event suppressed)
parallel computing took: 0.004381656646728516s
Progess: detections: 435/1588...
Found 1868 possible hosts without BH mass and 1865 possible hosts with BH mass.
possible hosts found 1868/1865...
start parallel computation with: <multiprocessing.pool.Pool state=RUN pool_size=14>
parallel computing took: 0.1481797695159912s
Progess: detections: 436/1588...
Found 552 possible hosts without BH mass and 552 possible hosts with BH mass.
possible hosts found 552/552...
start parallel computation with: <multiprocessing.pool.Pool state=RUN pool_size=14>
parallel computing took: 0.04397320747375488s
Progess: detections: 437/1588...
No possible hosts. Returning None.
Detection 437: no catalogue hosts in the localization volume — pure-completion fallback p_i = B_num/D (issue #29)
start parallel computation with: <multiprocessing.pool.Pool state=RUN pool_size=14>
parallel computing took: 7.62939453125e-06s
Detection 437: no catalog results found
Progess: detections: 438/1588...
No possible hosts. Returning None.
Detection 438: no catalogue hosts in the localization volume — pure-completion fallback p_i = B_num/D (issue #29)
start parallel computation with: <multiprocessing.pool.Pool state=RUN pool_size=14>
parallel computing took: 6.67572021484375e-06s
Detection 438: no catalog results found
Progess: detections: 439/1588...
Found 541 possible hosts without BH mass and 541 possible hosts with BH mass.
possible hosts found 541/541...
start parallel computation with: <multiprocessing.pool.Pool state=RUN pool_size=14>
parallel computing took: 0.03885006904602051s
Progess: detections: 440/1588...
Found 168 possible hosts without BH mass and 168 possible hosts with BH mass.
possible hosts found 168/168...
start parallel computation with: <multiprocessing.pool.Pool state=RUN pool_size=14>
parallel computing took: 0.013863563537597656s
Progess: detections: 441/1588...
Found 24 possible hosts without BH mass and 24 possible hosts with BH mass.
possible hosts found 24/24...
start parallel computation with: <multiprocessing.pool.Pool state=RUN pool_size=14>
parallel computing took: 0.005305767059326172s
Progess: detections: 442/1588...
Found 3 possible hosts without BH mass and 3 possible hosts with BH mass.
possible hosts found 3/3...
start parallel computation with: <multiprocessing.pool.Pool state=RUN pool_size=14>
Event 442: >5% quadrature weight outside P_det grid — numerator=0.000, denominator=0.078 (repeats for this event suppressed)
Event 442: >5% quadrature weight outside P_det grid — numerator=0.000, denominator=0.067 (repeats for this event suppressed)
Event 442: >5% quadrature weight outside P_det grid — numerator=0.000, denominator=0.055 (repeats for this event suppressed)
parallel computing took: 0.002705812454223633s
Progess: detections: 443/1588...
Found 3 possible hosts without BH mass and 3 possible hosts with BH mass.
possible hosts found 3/3...
start parallel computation with: <multiprocessing.pool.Pool state=RUN pool_size=14>
parallel computing took: 0.0025687217712402344s
Progess: detections: 444/1588...
No possible hosts. Returning None.
Detection 444: no catalogue hosts in the localization volume — pure-completion fallback p_i = B_num/D (issue #29)
start parallel computation with: <multiprocessing.pool.Pool state=RUN pool_size=14>
parallel computing took: 6.67572021484375e-06s
Detection 444: no catalog results found
Progess: detections: 445/1588...
No possible hosts. Returning None.
Detection 445: no catalogue hosts in the localization volume — pure-completion fallback p_i = B_num/D (issue #29)
start parallel computation with: <multiprocessing.pool.Pool state=RUN pool_size=14>
parallel computing took: 6.9141387939453125e-06s
Detection 445: no catalog results found
Progess: detections: 446/1588...
No possible hosts. Returning None.
Detection 446: no catalogue hosts in the localization volume — pure-completion fallback p_i = B_num/D (issue #29)
start parallel computation with: <multiprocessing.pool.Pool state=RUN pool_size=14>
parallel computing took: 6.67572021484375e-06s
Detection 446: no catalog results found
Progess: detections: 447/1588...
Found 884 possible hosts without BH mass and 884 possible hosts with BH mass.
possible hosts found 884/884...
start parallel computation with: <multiprocessing.pool.Pool state=RUN pool_size=14>
parallel computing took: 0.0701301097869873s
Progess: detections: 448/1588...
Found 1 possible hosts without BH mass and 1 possible hosts with BH mass.
possible hosts found 1/1...
start parallel computation with: <multiprocessing.pool.Pool state=RUN pool_size=14>
parallel computing took: 0.0024557113647460938s
Progess: detections: 449/1588...
Found 85 possible hosts without BH mass and 85 possible hosts with BH mass.
possible hosts found 85/85...
start parallel computation with: <multiprocessing.pool.Pool state=RUN pool_size=14>
parallel computing took: 0.008691787719726562s
Progess: detections: 450/1588...
Found 706 possible hosts without BH mass and 706 possible hosts with BH mass.
possible hosts found 706/706...
start parallel computation with: <multiprocessing.pool.Pool state=RUN pool_size=14>
parallel computing took: 0.05186009407043457s
Progess: detections: 451/1588...
No possible hosts. Returning None.
Detection 451: no catalogue hosts in the localization volume — pure-completion fallback p_i = B_num/D (issue #29)
start parallel computation with: <multiprocessing.pool.Pool state=RUN pool_size=14>
parallel computing took: 7.152557373046875e-06s
Detection 451: no catalog results found
Progess: detections: 452/1588...
No possible hosts. Returning None.
Detection 452: no catalogue hosts in the localization volume — pure-completion fallback p_i = B_num/D (issue #29)
start parallel computation with: <multiprocessing.pool.Pool state=RUN pool_size=14>
parallel computing took: 7.152557373046875e-06s
Detection 452: no catalog results found
Progess: detections: 453/1588...
Found 63 possible hosts without BH mass and 63 possible hosts with BH mass.
possible hosts found 63/63...
start parallel computation with: <multiprocessing.pool.Pool state=RUN pool_size=14>
parallel computing took: 0.008190393447875977s
Progess: detections: 454/1588...
No possible hosts. Returning None.
Detection 454: no catalogue hosts in the localization volume — pure-completion fallback p_i = B_num/D (issue #29)
start parallel computation with: <multiprocessing.pool.Pool state=RUN pool_size=14>
parallel computing took: 7.152557373046875e-06s
Detection 454: no catalog results found
Progess: detections: 455/1588...
Found 346 possible hosts without BH mass and 346 possible hosts with BH mass.
possible hosts found 346/346...
start parallel computation with: <multiprocessing.pool.Pool state=RUN pool_size=14>
parallel computing took: 0.024968862533569336s
Progess: detections: 456/1588...
No possible hosts. Returning None.
Detection 456: no catalogue hosts in the localization volume — pure-completion fallback p_i = B_num/D (issue #29)
start parallel computation with: <multiprocessing.pool.Pool state=RUN pool_size=14>
parallel computing took: 7.62939453125e-06s
Detection 456: no catalog results found
Progess: detections: 457/1588...
Found 144 possible hosts without BH mass and 144 possible hosts with BH mass.
possible hosts found 144/144...
start parallel computation with: <multiprocessing.pool.Pool state=RUN pool_size=14>
parallel computing took: 0.012476205825805664s
Progess: detections: 458/1588...
No possible hosts. Returning None.
Detection 458: no catalogue hosts in the localization volume — pure-completion fallback p_i = B_num/D (issue #29)
start parallel computation with: <multiprocessing.pool.Pool state=RUN pool_size=14>
parallel computing took: 8.344650268554688e-06s
Detection 458: no catalog results found
Progess: detections: 459/1588...
No possible hosts. Returning None.
Detection 459: no catalogue hosts in the localization volume — pure-completion fallback p_i = B_num/D (issue #29)
start parallel computation with: <multiprocessing.pool.Pool state=RUN pool_size=14>
parallel computing took: 6.67572021484375e-06s
Detection 459: no catalog results found
Progess: detections: 460/1588...
No possible hosts. Returning None.
Detection 460: no catalogue hosts in the localization volume — pure-completion fallback p_i = B_num/D (issue #29)
start parallel computation with: <multiprocessing.pool.Pool state=RUN pool_size=14>
parallel computing took: 6.67572021484375e-06s
Detection 460: no catalog results found
Progess: detections: 461/1588...
Found 1 possible hosts without BH mass and 1 possible hosts with BH mass.
possible hosts found 1/1...
start parallel computation with: <multiprocessing.pool.Pool state=RUN pool_size=14>
parallel computing took: 0.002686023712158203s
Progess: detections: 462/1588...
Found 313 possible hosts without BH mass and 313 possible hosts with BH mass.
possible hosts found 313/313...
start parallel computation with: <multiprocessing.pool.Pool state=RUN pool_size=14>
parallel computing took: 0.023262500762939453s
Progess: detections: 463/1588...
Found 2309 possible hosts without BH mass and 2309 possible hosts with BH mass.
possible hosts found 2309/2309...
start parallel computation with: <multiprocessing.pool.Pool state=RUN pool_size=14>
parallel computing took: 0.18186664581298828s
Progess: detections: 464/1588...
No possible hosts. Returning None.
Detection 464: no catalogue hosts in the localization volume — pure-completion fallback p_i = B_num/D (issue #29)
start parallel computation with: <multiprocessing.pool.Pool state=RUN pool_size=14>
parallel computing took: 8.344650268554688e-06s
Detection 464: no catalog results found
Progess: detections: 465/1588...
Found 15 possible hosts without BH mass and 15 possible hosts with BH mass.
possible hosts found 15/15...
start parallel computation with: <multiprocessing.pool.Pool state=RUN pool_size=14>
Event 465: >5% quadrature weight outside P_det grid — numerator=0.000, denominator=0.057 (repeats for this event suppressed)
Event 465: >5% quadrature weight outside P_det grid — numerator=0.000, denominator=0.071 (repeats for this event suppressed)
Event 465: >5% quadrature weight outside P_det grid — numerator=0.000, denominator=0.058 (repeats for this event suppressed)
Event 465: >5% quadrature weight outside P_det grid — numerator=0.000, denominator=0.069 (repeats for this event suppressed)
Event 465: >5% quadrature weight outside P_det grid — numerator=0.000, denominator=0.069 (repeats for this event suppressed)
Event 465: >5% quadrature weight outside P_det grid — numerator=0.000, denominator=0.067 (repeats for this event suppressed)
Event 465: >5% quadrature weight outside P_det grid — numerator=0.000, denominator=0.063 (repeats for this event suppressed)
Event 465: >5% quadrature weight outside P_det grid — numerator=0.000, denominator=0.069 (repeats for this event suppressed)
Event 465: >5% quadrature weight outside P_det grid — numerator=0.000, denominator=0.074 (repeats for this event suppressed)
Event 465: >5% quadrature weight outside P_det grid — numerator=0.000, denominator=0.147 (repeats for this event suppressed)
Event 465: >5% quadrature weight outside P_det grid — numerator=0.000, denominator=0.054 (repeats for this event suppressed)
Event 465: >5% quadrature weight outside P_det grid — numerator=0.000, denominator=0.084 (repeats for this event suppressed)
Event 465: >5% quadrature weight outside P_det grid — numerator=0.000, denominator=0.138 (repeats for this event suppressed)
Event 465: >5% quadrature weight outside P_det grid — numerator=0.000, denominator=0.076 (repeats for this event suppressed)
parallel computing took: 0.005288839340209961s
Progess: detections: 466/1588...
Found 2601 possible hosts without BH mass and 2601 possible hosts with BH mass.
possible hosts found 2601/2601...
start parallel computation with: <multiprocessing.pool.Pool state=RUN pool_size=14>
parallel computing took: 0.22198987007141113s
Progess: detections: 467/1588...
Found 2 possible hosts without BH mass and 2 possible hosts with BH mass.
possible hosts found 2/2...
start parallel computation with: <multiprocessing.pool.Pool state=RUN pool_size=14>
parallel computing took: 0.00270843505859375s
Progess: detections: 468/1588...
No possible hosts. Returning None.
Detection 468: no catalogue hosts in the localization volume — pure-completion fallback p_i = B_num/D (issue #29)
start parallel computation with: <multiprocessing.pool.Pool state=RUN pool_size=14>
parallel computing took: 6.9141387939453125e-06s
Detection 468: no catalog results found
Progess: detections: 469/1588...
Found 3 possible hosts without BH mass and 3 possible hosts with BH mass.
possible hosts found 3/3...
start parallel computation with: <multiprocessing.pool.Pool state=RUN pool_size=14>
parallel computing took: 0.0030198097229003906s
Progess: detections: 470/1588...
No possible hosts. Returning None.
Detection 470: no catalogue hosts in the localization volume — pure-completion fallback p_i = B_num/D (issue #29)
start parallel computation with: <multiprocessing.pool.Pool state=RUN pool_size=14>
parallel computing took: 6.4373016357421875e-06s
Detection 470: no catalog results found
Progess: detections: 471/1588...
No possible hosts. Returning None.
Detection 471: no catalogue hosts in the localization volume — pure-completion fallback p_i = B_num/D (issue #29)
start parallel computation with: <multiprocessing.pool.Pool state=RUN pool_size=14>
parallel computing took: 6.198883056640625e-06s
Detection 471: no catalog results found
Progess: detections: 472/1588...
Found 2030 possible hosts without BH mass and 2030 possible hosts with BH mass.
possible hosts found 2030/2030...
start parallel computation with: <multiprocessing.pool.Pool state=RUN pool_size=14>
parallel computing took: 0.15549468994140625s
Progess: detections: 473/1588...
No possible hosts. Returning None.
Detection 473: no catalogue hosts in the localization volume — pure-completion fallback p_i = B_num/D (issue #29)
start parallel computation with: <multiprocessing.pool.Pool state=RUN pool_size=14>
parallel computing took: 7.62939453125e-06s
Detection 473: no catalog results found
Progess: detections: 474/1588...
Found 13 possible hosts without BH mass and 13 possible hosts with BH mass.
possible hosts found 13/13...
start parallel computation with: <multiprocessing.pool.Pool state=RUN pool_size=14>
Event 474: >5% quadrature weight outside P_det grid — numerator=0.000, denominator=0.063 (repeats for this event suppressed)
Event 474: >5% quadrature weight outside P_det grid — numerator=0.000, denominator=0.066 (repeats for this event suppressed)
Event 474: >5% quadrature weight outside P_det grid — numerator=0.000, denominator=0.065 (repeats for this event suppressed)
Event 474: >5% quadrature weight outside P_det grid — numerator=0.000, denominator=0.085 (repeats for this event suppressed)
Event 474: >5% quadrature weight outside P_det grid — numerator=0.000, denominator=0.068 (repeats for this event suppressed)
Event 474: >5% quadrature weight outside P_det grid — numerator=0.000, denominator=0.065 (repeats for this event suppressed)
Event 474: >5% quadrature weight outside P_det grid — numerator=0.000, denominator=0.083 (repeats for this event suppressed)
Event 474: >5% quadrature weight outside P_det grid — numerator=0.000, denominator=0.065 (repeats for this event suppressed)
Event 474: >5% quadrature weight outside P_det grid — numerator=0.000, denominator=0.131 (repeats for this event suppressed)
Event 474: >5% quadrature weight outside P_det grid — numerator=0.000, denominator=0.072 (repeats for this event suppressed)
Event 474: >5% quadrature weight outside P_det grid — numerator=0.000, denominator=0.081 (repeats for this event suppressed)
parallel computing took: 0.004773616790771484s
Progess: detections: 475/1588...
Found 1086 possible hosts without BH mass and 1086 possible hosts with BH mass.
possible hosts found 1086/1086...
start parallel computation with: <multiprocessing.pool.Pool state=RUN pool_size=14>
parallel computing took: 0.08107161521911621s
Progess: detections: 476/1588...
Found 1760 possible hosts without BH mass and 1760 possible hosts with BH mass.
possible hosts found 1760/1760...
start parallel computation with: <multiprocessing.pool.Pool state=RUN pool_size=14>
parallel computing took: 0.14754962921142578s
Progess: detections: 477/1588...
No possible hosts. Returning None.
Detection 477: no catalogue hosts in the localization volume — pure-completion fallback p_i = B_num/D (issue #29)
start parallel computation with: <multiprocessing.pool.Pool state=RUN pool_size=14>
parallel computing took: 8.344650268554688e-06s
Detection 477: no catalog results found
Progess: detections: 478/1588...
Found 237 possible hosts without BH mass and 237 possible hosts with BH mass.
possible hosts found 237/237...
start parallel computation with: <multiprocessing.pool.Pool state=RUN pool_size=14>
parallel computing took: 0.018691062927246094s
Progess: detections: 479/1588...
No possible hosts. Returning None.
Detection 479: no catalogue hosts in the localization volume — pure-completion fallback p_i = B_num/D (issue #29)
start parallel computation with: <multiprocessing.pool.Pool state=RUN pool_size=14>
parallel computing took: 7.867813110351562e-06s
Detection 479: no catalog results found
Progess: detections: 480/1588...
No possible hosts. Returning None.
Detection 480: no catalogue hosts in the localization volume — pure-completion fallback p_i = B_num/D (issue #29)
start parallel computation with: <multiprocessing.pool.Pool state=RUN pool_size=14>
parallel computing took: 6.67572021484375e-06s
Detection 480: no catalog results found
Progess: detections: 481/1588...
Found 3537 possible hosts without BH mass and 3537 possible hosts with BH mass.
possible hosts found 3537/3537...
start parallel computation with: <multiprocessing.pool.Pool state=RUN pool_size=14>
parallel computing took: 0.3042919635772705s
Progess: detections: 482/1588...
Found 19 possible hosts without BH mass and 19 possible hosts with BH mass.
possible hosts found 19/19...
start parallel computation with: <multiprocessing.pool.Pool state=RUN pool_size=14>
parallel computing took: 0.0049457550048828125s
Progess: detections: 483/1588...
Found 6 possible hosts without BH mass and 6 possible hosts with BH mass.
possible hosts found 6/6...
start parallel computation with: <multiprocessing.pool.Pool state=RUN pool_size=14>
parallel computing took: 0.0029096603393554688s
Progess: detections: 484/1588...
Found 1 possible hosts without BH mass and 1 possible hosts with BH mass.
possible hosts found 1/1...
start parallel computation with: <multiprocessing.pool.Pool state=RUN pool_size=14>
parallel computing took: 0.002458333969116211s
Progess: detections: 485/1588...
Found 448 possible hosts without BH mass and 448 possible hosts with BH mass.
possible hosts found 448/448...
start parallel computation with: <multiprocessing.pool.Pool state=RUN pool_size=14>
parallel computing took: 0.033998966217041016s
Progess: detections: 486/1588...
Found 611 possible hosts without BH mass and 611 possible hosts with BH mass.
possible hosts found 611/611...
start parallel computation with: <multiprocessing.pool.Pool state=RUN pool_size=14>
parallel computing took: 0.04598712921142578s
Progess: detections: 487/1588...
No possible hosts. Returning None.
Detection 487: no catalogue hosts in the localization volume — pure-completion fallback p_i = B_num/D (issue #29)
start parallel computation with: <multiprocessing.pool.Pool state=RUN pool_size=14>
parallel computing took: 6.9141387939453125e-06s
Detection 487: no catalog results found
Progess: detections: 488/1588...
Found 47 possible hosts without BH mass and 47 possible hosts with BH mass.
possible hosts found 47/47...
start parallel computation with: <multiprocessing.pool.Pool state=RUN pool_size=14>
parallel computing took: 0.0068359375s
Progess: detections: 489/1588...
No possible hosts. Returning None.
Detection 489: no catalogue hosts in the localization volume — pure-completion fallback p_i = B_num/D (issue #29)
start parallel computation with: <multiprocessing.pool.Pool state=RUN pool_size=14>
parallel computing took: 7.152557373046875e-06s
Detection 489: no catalog results found
Progess: detections: 490/1588...
No possible hosts. Returning None.
Detection 490: no catalogue hosts in the localization volume — pure-completion fallback p_i = B_num/D (issue #29)
start parallel computation with: <multiprocessing.pool.Pool state=RUN pool_size=14>
parallel computing took: 6.4373016357421875e-06s
Detection 490: no catalog results found
Progess: detections: 491/1588...
Found 7 possible hosts without BH mass and 7 possible hosts with BH mass.
possible hosts found 7/7...
start parallel computation with: <multiprocessing.pool.Pool state=RUN pool_size=14>
parallel computing took: 0.004155397415161133s
Progess: detections: 492/1588...
Found 8 possible hosts without BH mass and 8 possible hosts with BH mass.
possible hosts found 8/8...
start parallel computation with: <multiprocessing.pool.Pool state=RUN pool_size=14>
parallel computing took: 0.004015684127807617s
Progess: detections: 493/1588...
No possible hosts. Returning None.
Detection 493: no catalogue hosts in the localization volume — pure-completion fallback p_i = B_num/D (issue #29)
start parallel computation with: <multiprocessing.pool.Pool state=RUN pool_size=14>
parallel computing took: 6.9141387939453125e-06s
Detection 493: no catalog results found
Progess: detections: 494/1588...
Found 10 possible hosts without BH mass and 10 possible hosts with BH mass.
possible hosts found 10/10...
start parallel computation with: <multiprocessing.pool.Pool state=RUN pool_size=14>
parallel computing took: 0.004219532012939453s
Progess: detections: 495/1588...
Found 65 possible hosts without BH mass and 65 possible hosts with BH mass.
possible hosts found 65/65...
start parallel computation with: <multiprocessing.pool.Pool state=RUN pool_size=14>
parallel computing took: 0.007285594940185547s
Progess: detections: 496/1588...
Found 14 possible hosts without BH mass and 14 possible hosts with BH mass.
possible hosts found 14/14...
start parallel computation with: <multiprocessing.pool.Pool state=RUN pool_size=14>
parallel computing took: 0.0051915645599365234s
Progess: detections: 497/1588...
No possible hosts. Returning None.
Detection 497: no catalogue hosts in the localization volume — pure-completion fallback p_i = B_num/D (issue #29)
start parallel computation with: <multiprocessing.pool.Pool state=RUN pool_size=14>
parallel computing took: 7.3909759521484375e-06s
Detection 497: no catalog results found
Progess: detections: 498/1588...
Found 264 possible hosts without BH mass and 264 possible hosts with BH mass.
possible hosts found 264/264...
start parallel computation with: <multiprocessing.pool.Pool state=RUN pool_size=14>
parallel computing took: 0.019830942153930664s
Progess: detections: 499/1588...
No possible hosts. Returning None.
Detection 499: no catalogue hosts in the localization volume — pure-completion fallback p_i = B_num/D (issue #29)
start parallel computation with: <multiprocessing.pool.Pool state=RUN pool_size=14>
parallel computing took: 7.867813110351562e-06s
Detection 499: no catalog results found
Detection 500/1588: last=0.00s, avg=0.10s, est_remaining=106s
Progess: detections: 500/1588...
Found 25 possible hosts without BH mass and 25 possible hosts with BH mass.
possible hosts found 25/25...
start parallel computation with: <multiprocessing.pool.Pool state=RUN pool_size=14>
parallel computing took: 0.005506038665771484s
Progess: detections: 501/1588...
Found 99 possible hosts without BH mass and 99 possible hosts with BH mass.
possible hosts found 99/99...
start parallel computation with: <multiprocessing.pool.Pool state=RUN pool_size=14>
parallel computing took: 0.00916433334350586s
Progess: detections: 502/1588...
No possible hosts. Returning None.
Detection 502: no catalogue hosts in the localization volume — pure-completion fallback p_i = B_num/D (issue #29)
start parallel computation with: <multiprocessing.pool.Pool state=RUN pool_size=14>
parallel computing took: 9.5367431640625e-06s
Detection 502: no catalog results found
Progess: detections: 503/1588...
No possible hosts. Returning None.
Detection 503: no catalogue hosts in the localization volume — pure-completion fallback p_i = B_num/D (issue #29)
start parallel computation with: <multiprocessing.pool.Pool state=RUN pool_size=14>
parallel computing took: 6.67572021484375e-06s
Detection 503: no catalog results found
Progess: detections: 504/1588...
Found 424 possible hosts without BH mass and 424 possible hosts with BH mass.
possible hosts found 424/424...
start parallel computation with: <multiprocessing.pool.Pool state=RUN pool_size=14>
parallel computing took: 0.030871152877807617s
Progess: detections: 505/1588...
No possible hosts. Returning None.
Detection 505: no catalogue hosts in the localization volume — pure-completion fallback p_i = B_num/D (issue #29)
start parallel computation with: <multiprocessing.pool.Pool state=RUN pool_size=14>
parallel computing took: 7.62939453125e-06s
Detection 505: no catalog results found
Progess: detections: 506/1588...
Found 72 possible hosts without BH mass and 72 possible hosts with BH mass.
possible hosts found 72/72...
start parallel computation with: <multiprocessing.pool.Pool state=RUN pool_size=14>
parallel computing took: 0.00807499885559082s
Progess: detections: 507/1588...
Found 91 possible hosts without BH mass and 91 possible hosts with BH mass.
possible hosts found 91/91...
start parallel computation with: <multiprocessing.pool.Pool state=RUN pool_size=14>
parallel computing took: 0.009225606918334961s
Progess: detections: 508/1588...
No possible hosts. Returning None.
Detection 508: no catalogue hosts in the localization volume — pure-completion fallback p_i = B_num/D (issue #29)
start parallel computation with: <multiprocessing.pool.Pool state=RUN pool_size=14>
parallel computing took: 7.867813110351562e-06s
Detection 508: no catalog results found
Progess: detections: 509/1588...
No possible hosts. Returning None.
Detection 509: no catalogue hosts in the localization volume — pure-completion fallback p_i = B_num/D (issue #29)
start parallel computation with: <multiprocessing.pool.Pool state=RUN pool_size=14>
parallel computing took: 6.4373016357421875e-06s
Detection 509: no catalog results found
Progess: detections: 510/1588...
Found 666 possible hosts without BH mass and 666 possible hosts with BH mass.
possible hosts found 666/666...
start parallel computation with: <multiprocessing.pool.Pool state=RUN pool_size=14>
parallel computing took: 0.050431013107299805s
Progess: detections: 511/1588...
Found 391 possible hosts without BH mass and 391 possible hosts with BH mass.
possible hosts found 391/391...
start parallel computation with: <multiprocessing.pool.Pool state=RUN pool_size=14>
parallel computing took: 0.030348539352416992s
Progess: detections: 512/1588...
No possible hosts. Returning None.
Detection 512: no catalogue hosts in the localization volume — pure-completion fallback p_i = B_num/D (issue #29)
start parallel computation with: <multiprocessing.pool.Pool state=RUN pool_size=14>
parallel computing took: 8.106231689453125e-06s
Detection 512: no catalog results found
Progess: detections: 513/1588...
No possible hosts. Returning None.
Detection 513: no catalogue hosts in the localization volume — pure-completion fallback p_i = B_num/D (issue #29)
start parallel computation with: <multiprocessing.pool.Pool state=RUN pool_size=14>
parallel computing took: 6.9141387939453125e-06s
Detection 513: no catalog results found
Progess: detections: 514/1588...
No possible hosts. Returning None.
Detection 514: no catalogue hosts in the localization volume — pure-completion fallback p_i = B_num/D (issue #29)
start parallel computation with: <multiprocessing.pool.Pool state=RUN pool_size=14>
parallel computing took: 6.67572021484375e-06s
Detection 514: no catalog results found
Progess: detections: 515/1588...
Found 12 possible hosts without BH mass and 12 possible hosts with BH mass.
possible hosts found 12/12...
start parallel computation with: <multiprocessing.pool.Pool state=RUN pool_size=14>
parallel computing took: 0.004756927490234375s
Progess: detections: 516/1588...
No possible hosts. Returning None.
Detection 516: no catalogue hosts in the localization volume — pure-completion fallback p_i = B_num/D (issue #29)
start parallel computation with: <multiprocessing.pool.Pool state=RUN pool_size=14>
parallel computing took: 6.4373016357421875e-06s
Detection 516: no catalog results found
Progess: detections: 517/1588...
Found 231 possible hosts without BH mass and 231 possible hosts with BH mass.
possible hosts found 231/231...
start parallel computation with: <multiprocessing.pool.Pool state=RUN pool_size=14>
parallel computing took: 0.018207073211669922s
Progess: detections: 518/1588...
No possible hosts. Returning None.
Detection 518: no catalogue hosts in the localization volume — pure-completion fallback p_i = B_num/D (issue #29)
start parallel computation with: <multiprocessing.pool.Pool state=RUN pool_size=14>
parallel computing took: 7.62939453125e-06s
Detection 518: no catalog results found
Progess: detections: 519/1588...
No possible hosts. Returning None.
Detection 519: no catalogue hosts in the localization volume — pure-completion fallback p_i = B_num/D (issue #29)
start parallel computation with: <multiprocessing.pool.Pool state=RUN pool_size=14>
parallel computing took: 6.4373016357421875e-06s
Detection 519: no catalog results found
Progess: detections: 520/1588...
No possible hosts. Returning None.
Detection 520: no catalogue hosts in the localization volume — pure-completion fallback p_i = B_num/D (issue #29)
start parallel computation with: <multiprocessing.pool.Pool state=RUN pool_size=14>
parallel computing took: 6.9141387939453125e-06s
Detection 520: no catalog results found
Progess: detections: 521/1588...
No possible hosts. Returning None.
Detection 521: no catalogue hosts in the localization volume — pure-completion fallback p_i = B_num/D (issue #29)
start parallel computation with: <multiprocessing.pool.Pool state=RUN pool_size=14>
parallel computing took: 7.152557373046875e-06s
Detection 521: no catalog results found
Progess: detections: 522/1588...
Found 869 possible hosts without BH mass and 869 possible hosts with BH mass.
possible hosts found 869/869...
start parallel computation with: <multiprocessing.pool.Pool state=RUN pool_size=14>
parallel computing took: 0.06597328186035156s
Progess: detections: 523/1588...
No possible hosts. Returning None.
Detection 523: no catalogue hosts in the localization volume — pure-completion fallback p_i = B_num/D (issue #29)
start parallel computation with: <multiprocessing.pool.Pool state=RUN pool_size=14>
parallel computing took: 7.867813110351562e-06s
Detection 523: no catalog results found
Progess: detections: 524/1588...
Found 25 possible hosts without BH mass and 25 possible hosts with BH mass.
possible hosts found 25/25...
start parallel computation with: <multiprocessing.pool.Pool state=RUN pool_size=14>
parallel computing took: 0.006072282791137695s
Progess: detections: 525/1588...
No possible hosts. Returning None.
Detection 525: no catalogue hosts in the localization volume — pure-completion fallback p_i = B_num/D (issue #29)
start parallel computation with: <multiprocessing.pool.Pool state=RUN pool_size=14>
parallel computing took: 7.3909759521484375e-06s
Detection 525: no catalog results found
Progess: detections: 526/1588...
No possible hosts. Returning None.
Detection 526: no catalogue hosts in the localization volume — pure-completion fallback p_i = B_num/D (issue #29)
start parallel computation with: <multiprocessing.pool.Pool state=RUN pool_size=14>
parallel computing took: 6.9141387939453125e-06s
Detection 526: no catalog results found
Progess: detections: 527/1588...
No possible hosts. Returning None.
Detection 527: no catalogue hosts in the localization volume — pure-completion fallback p_i = B_num/D (issue #29)
start parallel computation with: <multiprocessing.pool.Pool state=RUN pool_size=14>
parallel computing took: 6.4373016357421875e-06s
Detection 527: no catalog results found
Progess: detections: 528/1588...
Found 137 possible hosts without BH mass and 137 possible hosts with BH mass.
possible hosts found 137/137...
start parallel computation with: <multiprocessing.pool.Pool state=RUN pool_size=14>
parallel computing took: 0.011072874069213867s
Progess: detections: 529/1588...
Found 2 possible hosts without BH mass and 2 possible hosts with BH mass.
possible hosts found 2/2...
start parallel computation with: <multiprocessing.pool.Pool state=RUN pool_size=14>
parallel computing took: 0.003035306930541992s
Progess: detections: 530/1588...
Found 954 possible hosts without BH mass and 954 possible hosts with BH mass.
possible hosts found 954/954...
start parallel computation with: <multiprocessing.pool.Pool state=RUN pool_size=14>
parallel computing took: 0.073883056640625s
Progess: detections: 531/1588...
Found 5 possible hosts without BH mass and 5 possible hosts with BH mass.
possible hosts found 5/5...
start parallel computation with: <multiprocessing.pool.Pool state=RUN pool_size=14>
parallel computing took: 0.0030586719512939453s
Progess: detections: 532/1588...
Found 3857 possible hosts without BH mass and 3857 possible hosts with BH mass.
possible hosts found 3857/3857...
start parallel computation with: <multiprocessing.pool.Pool state=RUN pool_size=14>
parallel computing took: 0.3270375728607178s
Progess: detections: 533/1588...
Found 162 possible hosts without BH mass and 162 possible hosts with BH mass.
possible hosts found 162/162...
start parallel computation with: <multiprocessing.pool.Pool state=RUN pool_size=14>
parallel computing took: 0.013584136962890625s
Progess: detections: 534/1588...
Found 28 possible hosts without BH mass and 27 possible hosts with BH mass.
possible hosts found 28/27...
start parallel computation with: <multiprocessing.pool.Pool state=RUN pool_size=14>
Event 534: >5% quadrature weight outside P_det grid — numerator=0.000, denominator=0.055 (repeats for this event suppressed)
Event 534: >5% quadrature weight outside P_det grid — numerator=0.000, denominator=0.061 (repeats for this event suppressed)
Event 534: >5% quadrature weight outside P_det grid — numerator=0.000, denominator=0.066 (repeats for this event suppressed)
Event 534: >5% quadrature weight outside P_det grid — numerator=0.000, denominator=0.061 (repeats for this event suppressed)
Event 534: >5% quadrature weight outside P_det grid — numerator=0.000, denominator=0.053 (repeats for this event suppressed)
Event 534: >5% quadrature weight outside P_det grid — numerator=0.000, denominator=0.052 (repeats for this event suppressed)
Event 534: >5% quadrature weight outside P_det grid — numerator=0.000, denominator=0.059 (repeats for this event suppressed)
Event 534: >5% quadrature weight outside P_det grid — numerator=0.000, denominator=0.065 (repeats for this event suppressed)
Event 534: >5% quadrature weight outside P_det grid — numerator=0.000, denominator=0.056 (repeats for this event suppressed)
Event 534: >5% quadrature weight outside P_det grid — numerator=0.000, denominator=0.064 (repeats for this event suppressed)
Event 534: >5% quadrature weight outside P_det grid — numerator=0.000, denominator=0.057 (repeats for this event suppressed)
Event 534: >5% quadrature weight outside P_det grid — numerator=0.000, denominator=0.058 (repeats for this event suppressed)
Event 534: >5% quadrature weight outside P_det grid — numerator=0.000, denominator=0.064 (repeats for this event suppressed)
Event 534: >5% quadrature weight outside P_det grid — numerator=0.000, denominator=0.053 (repeats for this event suppressed)
parallel computing took: 0.007008075714111328s
Progess: detections: 535/1588...
No possible hosts. Returning None.
Detection 535: no catalogue hosts in the localization volume — pure-completion fallback p_i = B_num/D (issue #29)
start parallel computation with: <multiprocessing.pool.Pool state=RUN pool_size=14>
parallel computing took: 7.867813110351562e-06s
Detection 535: no catalog results found
Progess: detections: 536/1588...
No possible hosts. Returning None.
Detection 536: no catalogue hosts in the localization volume — pure-completion fallback p_i = B_num/D (issue #29)
start parallel computation with: <multiprocessing.pool.Pool state=RUN pool_size=14>
parallel computing took: 6.67572021484375e-06s
Detection 536: no catalog results found
Progess: detections: 537/1588...
Found 96 possible hosts without BH mass and 96 possible hosts with BH mass.
possible hosts found 96/96...
start parallel computation with: <multiprocessing.pool.Pool state=RUN pool_size=14>
parallel computing took: 0.009211301803588867s
Progess: detections: 538/1588...
No possible hosts. Returning None.
Detection 538: no catalogue hosts in the localization volume — pure-completion fallback p_i = B_num/D (issue #29)
start parallel computation with: <multiprocessing.pool.Pool state=RUN pool_size=14>
parallel computing took: 9.059906005859375e-06s
Detection 538: no catalog results found
Progess: detections: 539/1588...
No possible hosts. Returning None.
Detection 539: no catalogue hosts in the localization volume — pure-completion fallback p_i = B_num/D (issue #29)
start parallel computation with: <multiprocessing.pool.Pool state=RUN pool_size=14>
parallel computing took: 6.9141387939453125e-06s
Detection 539: no catalog results found
Progess: detections: 540/1588...
No possible hosts. Returning None.
Detection 540: no catalogue hosts in the localization volume — pure-completion fallback p_i = B_num/D (issue #29)
start parallel computation with: <multiprocessing.pool.Pool state=RUN pool_size=14>
parallel computing took: 6.67572021484375e-06s
Detection 540: no catalog results found
Progess: detections: 541/1588...
Found 88 possible hosts without BH mass and 88 possible hosts with BH mass.
possible hosts found 88/88...
start parallel computation with: <multiprocessing.pool.Pool state=RUN pool_size=14>
parallel computing took: 0.008950233459472656s
Progess: detections: 542/1588...
No possible hosts. Returning None.
Detection 542: no catalogue hosts in the localization volume — pure-completion fallback p_i = B_num/D (issue #29)
start parallel computation with: <multiprocessing.pool.Pool state=RUN pool_size=14>
parallel computing took: 8.58306884765625e-06s
Detection 542: no catalog results found
Progess: detections: 543/1588...
No possible hosts. Returning None.
Detection 543: no catalogue hosts in the localization volume — pure-completion fallback p_i = B_num/D (issue #29)
start parallel computation with: <multiprocessing.pool.Pool state=RUN pool_size=14>
parallel computing took: 6.198883056640625e-06s
Detection 543: no catalog results found
Progess: detections: 544/1588...
Found 1319 possible hosts without BH mass and 1319 possible hosts with BH mass.
possible hosts found 1319/1319...
start parallel computation with: <multiprocessing.pool.Pool state=RUN pool_size=14>
parallel computing took: 0.10921931266784668s
Progess: detections: 545/1588...
Found 1 possible hosts without BH mass and 1 possible hosts with BH mass.
possible hosts found 1/1...
start parallel computation with: <multiprocessing.pool.Pool state=RUN pool_size=14>
parallel computing took: 0.0025153160095214844s
Progess: detections: 546/1588...
Found 964 possible hosts without BH mass and 964 possible hosts with BH mass.
possible hosts found 964/964...
start parallel computation with: <multiprocessing.pool.Pool state=RUN pool_size=14>
parallel computing took: 0.07119941711425781s
Progess: detections: 547/1588...
Found 1694 possible hosts without BH mass and 1694 possible hosts with BH mass.
possible hosts found 1694/1694...
start parallel computation with: <multiprocessing.pool.Pool state=RUN pool_size=14>
parallel computing took: 0.13233160972595215s
Progess: detections: 548/1588...
Found 1 possible hosts without BH mass and 1 possible hosts with BH mass.
possible hosts found 1/1...
start parallel computation with: <multiprocessing.pool.Pool state=RUN pool_size=14>
parallel computing took: 0.0026433467864990234s
Progess: detections: 549/1588...
No possible hosts. Returning None.
Detection 549: no catalogue hosts in the localization volume — pure-completion fallback p_i = B_num/D (issue #29)
start parallel computation with: <multiprocessing.pool.Pool state=RUN pool_size=14>
parallel computing took: 6.67572021484375e-06s
Detection 549: no catalog results found
Progess: detections: 550/1588...
No possible hosts. Returning None.
Detection 550: no catalogue hosts in the localization volume — pure-completion fallback p_i = B_num/D (issue #29)
start parallel computation with: <multiprocessing.pool.Pool state=RUN pool_size=14>
parallel computing took: 6.4373016357421875e-06s
Detection 550: no catalog results found
Progess: detections: 551/1588...
Found 84 possible hosts without BH mass and 84 possible hosts with BH mass.
possible hosts found 84/84...
start parallel computation with: <multiprocessing.pool.Pool state=RUN pool_size=14>
parallel computing took: 0.008902788162231445s
Progess: detections: 552/1588...
Found 26 possible hosts without BH mass and 26 possible hosts with BH mass.
possible hosts found 26/26...
start parallel computation with: <multiprocessing.pool.Pool state=RUN pool_size=14>
parallel computing took: 0.0054705142974853516s
Progess: detections: 553/1588...
Found 53 possible hosts without BH mass and 53 possible hosts with BH mass.
possible hosts found 53/53...
start parallel computation with: <multiprocessing.pool.Pool state=RUN pool_size=14>
parallel computing took: 0.006659269332885742s
Progess: detections: 554/1588...
No possible hosts. Returning None.
Detection 554: no catalogue hosts in the localization volume — pure-completion fallback p_i = B_num/D (issue #29)
start parallel computation with: <multiprocessing.pool.Pool state=RUN pool_size=14>
parallel computing took: 9.059906005859375e-06s
Detection 554: no catalog results found
Progess: detections: 555/1588...
Found 120 possible hosts without BH mass and 120 possible hosts with BH mass.
possible hosts found 120/120...
start parallel computation with: <multiprocessing.pool.Pool state=RUN pool_size=14>
parallel computing took: 0.010834693908691406s
Progess: detections: 556/1588...
No possible hosts. Returning None.
Detection 556: no catalogue hosts in the localization volume — pure-completion fallback p_i = B_num/D (issue #29)
start parallel computation with: <multiprocessing.pool.Pool state=RUN pool_size=14>
parallel computing took: 9.059906005859375e-06s
Detection 556: no catalog results found
Progess: detections: 557/1588...
No possible hosts. Returning None.
Detection 557: no catalogue hosts in the localization volume — pure-completion fallback p_i = B_num/D (issue #29)
start parallel computation with: <multiprocessing.pool.Pool state=RUN pool_size=14>
parallel computing took: 6.9141387939453125e-06s
Detection 557: no catalog results found
Progess: detections: 558/1588...
Found 161 possible hosts without BH mass and 161 possible hosts with BH mass.
possible hosts found 161/161...
start parallel computation with: <multiprocessing.pool.Pool state=RUN pool_size=14>
parallel computing took: 0.013473033905029297s
Progess: detections: 559/1588...
Found 177 possible hosts without BH mass and 177 possible hosts with BH mass.
possible hosts found 177/177...
start parallel computation with: <multiprocessing.pool.Pool state=RUN pool_size=14>
parallel computing took: 0.015085697174072266s
Progess: detections: 560/1588...
Found 194 possible hosts without BH mass and 194 possible hosts with BH mass.
possible hosts found 194/194...
start parallel computation with: <multiprocessing.pool.Pool state=RUN pool_size=14>
parallel computing took: 0.01555943489074707s
Progess: detections: 561/1588...
No possible hosts. Returning None.
Detection 561: no catalogue hosts in the localization volume — pure-completion fallback p_i = B_num/D (issue #29)
start parallel computation with: <multiprocessing.pool.Pool state=RUN pool_size=14>
parallel computing took: 7.152557373046875e-06s
Detection 561: no catalog results found
Progess: detections: 562/1588...
Found 1 possible hosts without BH mass and 1 possible hosts with BH mass.
possible hosts found 1/1...
start parallel computation with: <multiprocessing.pool.Pool state=RUN pool_size=14>
parallel computing took: 0.0025620460510253906s
Progess: detections: 563/1588...
No possible hosts. Returning None.
Detection 563: no catalogue hosts in the localization volume — pure-completion fallback p_i = B_num/D (issue #29)
start parallel computation with: <multiprocessing.pool.Pool state=RUN pool_size=14>
parallel computing took: 6.198883056640625e-06s
Detection 563: no catalog results found
Progess: detections: 564/1588...
No possible hosts. Returning None.
Detection 564: no catalogue hosts in the localization volume — pure-completion fallback p_i = B_num/D (issue #29)
start parallel computation with: <multiprocessing.pool.Pool state=RUN pool_size=14>
parallel computing took: 6.198883056640625e-06s
Detection 564: no catalog results found
Progess: detections: 565/1588...
Found 297 possible hosts without BH mass and 297 possible hosts with BH mass.
possible hosts found 297/297...
start parallel computation with: <multiprocessing.pool.Pool state=RUN pool_size=14>
parallel computing took: 0.02191448211669922s
Progess: detections: 566/1588...
No possible hosts. Returning None.
Detection 566: no catalogue hosts in the localization volume — pure-completion fallback p_i = B_num/D (issue #29)
start parallel computation with: <multiprocessing.pool.Pool state=RUN pool_size=14>
parallel computing took: 7.62939453125e-06s
Detection 566: no catalog results found
Progess: detections: 567/1588...
No possible hosts. Returning None.
Detection 567: no catalogue hosts in the localization volume — pure-completion fallback p_i = B_num/D (issue #29)
start parallel computation with: <multiprocessing.pool.Pool state=RUN pool_size=14>
parallel computing took: 6.9141387939453125e-06s
Detection 567: no catalog results found
Progess: detections: 568/1588...
No possible hosts. Returning None.
Detection 568: no catalogue hosts in the localization volume — pure-completion fallback p_i = B_num/D (issue #29)
start parallel computation with: <multiprocessing.pool.Pool state=RUN pool_size=14>
parallel computing took: 6.9141387939453125e-06s
Detection 568: no catalog results found
Progess: detections: 569/1588...
Found 1174 possible hosts without BH mass and 1174 possible hosts with BH mass.
possible hosts found 1174/1174...
start parallel computation with: <multiprocessing.pool.Pool state=RUN pool_size=14>
parallel computing took: 0.0880589485168457s
Progess: detections: 570/1588...
No possible hosts. Returning None.
Detection 570: no catalogue hosts in the localization volume — pure-completion fallback p_i = B_num/D (issue #29)
start parallel computation with: <multiprocessing.pool.Pool state=RUN pool_size=14>
parallel computing took: 7.867813110351562e-06s
Detection 570: no catalog results found
Progess: detections: 571/1588...
Found 27 possible hosts without BH mass and 27 possible hosts with BH mass.
possible hosts found 27/27...
start parallel computation with: <multiprocessing.pool.Pool state=RUN pool_size=14>
parallel computing took: 0.005511045455932617s
Progess: detections: 572/1588...
Found 5 possible hosts without BH mass and 5 possible hosts with BH mass.
possible hosts found 5/5...
start parallel computation with: <multiprocessing.pool.Pool state=RUN pool_size=14>
parallel computing took: 0.004024505615234375s
Progess: detections: 573/1588...
Found 5474 possible hosts without BH mass and 5474 possible hosts with BH mass.
possible hosts found 5474/5474...
start parallel computation with: <multiprocessing.pool.Pool state=RUN pool_size=14>
parallel computing took: 0.46347832679748535s
Progess: detections: 574/1588...
No possible hosts. Returning None.
Detection 574: no catalogue hosts in the localization volume — pure-completion fallback p_i = B_num/D (issue #29)
start parallel computation with: <multiprocessing.pool.Pool state=RUN pool_size=14>
parallel computing took: 7.867813110351562e-06s
Detection 574: no catalog results found
Progess: detections: 575/1588...
No possible hosts. Returning None.
Detection 575: no catalogue hosts in the localization volume — pure-completion fallback p_i = B_num/D (issue #29)
start parallel computation with: <multiprocessing.pool.Pool state=RUN pool_size=14>
parallel computing took: 6.9141387939453125e-06s
Detection 575: no catalog results found
Progess: detections: 576/1588...
Found 48 possible hosts without BH mass and 48 possible hosts with BH mass.
possible hosts found 48/48...
start parallel computation with: <multiprocessing.pool.Pool state=RUN pool_size=14>
Event 576: >5% quadrature weight outside P_det grid — numerator=0.000, denominator=0.051 (repeats for this event suppressed)
Event 576: >5% quadrature weight outside P_det grid — numerator=0.000, denominator=0.063 (repeats for this event suppressed)
Event 576: >5% quadrature weight outside P_det grid — numerator=0.000, denominator=0.071 (repeats for this event suppressed)
Event 576: >5% quadrature weight outside P_det grid — numerator=0.000, denominator=0.065 (repeats for this event suppressed)
Event 576: >5% quadrature weight outside P_det grid — numerator=0.000, denominator=0.065 (repeats for this event suppressed)
Event 576: >5% quadrature weight outside P_det grid — numerator=0.000, denominator=0.061 (repeats for this event suppressed)
Event 576: >5% quadrature weight outside P_det grid — numerator=0.000, denominator=0.056 (repeats for this event suppressed)
Event 576: >5% quadrature weight outside P_det grid — numerator=0.000, denominator=0.063 (repeats for this event suppressed)
Event 576: >5% quadrature weight outside P_det grid — numerator=0.000, denominator=0.053 (repeats for this event suppressed)
Event 576: >5% quadrature weight outside P_det grid — numerator=0.000, denominator=0.058 (repeats for this event suppressed)
Event 576: >5% quadrature weight outside P_det grid — numerator=0.000, denominator=0.071 (repeats for this event suppressed)
Event 576: >5% quadrature weight outside P_det grid — numerator=0.000, denominator=0.053 (repeats for this event suppressed)
Event 576: >5% quadrature weight outside P_det grid — numerator=0.000, denominator=0.058 (repeats for this event suppressed)
Event 576: >5% quadrature weight outside P_det grid — numerator=0.000, denominator=0.065 (repeats for this event suppressed)
parallel computing took: 0.007092475891113281s
Progess: detections: 577/1588...
No possible hosts. Returning None.
Detection 577: no catalogue hosts in the localization volume — pure-completion fallback p_i = B_num/D (issue #29)
start parallel computation with: <multiprocessing.pool.Pool state=RUN pool_size=14>
parallel computing took: 7.152557373046875e-06s
Detection 577: no catalog results found
Progess: detections: 578/1588...
No possible hosts. Returning None.
Detection 578: no catalogue hosts in the localization volume — pure-completion fallback p_i = B_num/D (issue #29)
start parallel computation with: <multiprocessing.pool.Pool state=RUN pool_size=14>
parallel computing took: 6.4373016357421875e-06s
Detection 578: no catalog results found
Progess: detections: 579/1588...
No possible hosts. Returning None.
Detection 579: no catalogue hosts in the localization volume — pure-completion fallback p_i = B_num/D (issue #29)
start parallel computation with: <multiprocessing.pool.Pool state=RUN pool_size=14>
parallel computing took: 6.4373016357421875e-06s
Detection 579: no catalog results found
Progess: detections: 580/1588...
Found 348 possible hosts without BH mass and 348 possible hosts with BH mass.
possible hosts found 348/348...
start parallel computation with: <multiprocessing.pool.Pool state=RUN pool_size=14>
parallel computing took: 0.02618861198425293s
Progess: detections: 581/1588...
No possible hosts. Returning None.
Detection 581: no catalogue hosts in the localization volume — pure-completion fallback p_i = B_num/D (issue #29)
start parallel computation with: <multiprocessing.pool.Pool state=RUN pool_size=14>
parallel computing took: 7.3909759521484375e-06s
Detection 581: no catalog results found
Progess: detections: 582/1588...
No possible hosts. Returning None.
Detection 582: no catalogue hosts in the localization volume — pure-completion fallback p_i = B_num/D (issue #29)
start parallel computation with: <multiprocessing.pool.Pool state=RUN pool_size=14>
parallel computing took: 6.67572021484375e-06s
Detection 582: no catalog results found
Progess: detections: 583/1588...
No possible hosts. Returning None.
Detection 583: no catalogue hosts in the localization volume — pure-completion fallback p_i = B_num/D (issue #29)
start parallel computation with: <multiprocessing.pool.Pool state=RUN pool_size=14>
parallel computing took: 6.67572021484375e-06s
Detection 583: no catalog results found
Progess: detections: 584/1588...
Found 3 possible hosts without BH mass and 3 possible hosts with BH mass.
possible hosts found 3/3...
start parallel computation with: <multiprocessing.pool.Pool state=RUN pool_size=14>
parallel computing took: 0.0029137134552001953s
Progess: detections: 585/1588...
No possible hosts. Returning None.
Detection 585: no catalogue hosts in the localization volume — pure-completion fallback p_i = B_num/D (issue #29)
start parallel computation with: <multiprocessing.pool.Pool state=RUN pool_size=14>
parallel computing took: 6.67572021484375e-06s
Detection 585: no catalog results found
Progess: detections: 586/1588...
No possible hosts. Returning None.
Detection 586: no catalogue hosts in the localization volume — pure-completion fallback p_i = B_num/D (issue #29)
start parallel computation with: <multiprocessing.pool.Pool state=RUN pool_size=14>
parallel computing took: 6.198883056640625e-06s
Detection 586: no catalog results found
Progess: detections: 587/1588...
Found 62 possible hosts without BH mass and 62 possible hosts with BH mass.
possible hosts found 62/62...
start parallel computation with: <multiprocessing.pool.Pool state=RUN pool_size=14>
parallel computing took: 0.008391857147216797s
Progess: detections: 588/1588...
Found 163 possible hosts without BH mass and 163 possible hosts with BH mass.
possible hosts found 163/163...
start parallel computation with: <multiprocessing.pool.Pool state=RUN pool_size=14>
parallel computing took: 0.014089584350585938s
Progess: detections: 589/1588...
Found 73 possible hosts without BH mass and 73 possible hosts with BH mass.
possible hosts found 73/73...
start parallel computation with: <multiprocessing.pool.Pool state=RUN pool_size=14>
parallel computing took: 0.008026361465454102s
Progess: detections: 590/1588...
No possible hosts. Returning None.
Detection 590: no catalogue hosts in the localization volume — pure-completion fallback p_i = B_num/D (issue #29)
start parallel computation with: <multiprocessing.pool.Pool state=RUN pool_size=14>
parallel computing took: 7.3909759521484375e-06s
Detection 590: no catalog results found
Progess: detections: 591/1588...
Found 25 possible hosts without BH mass and 25 possible hosts with BH mass.
possible hosts found 25/25...
start parallel computation with: <multiprocessing.pool.Pool state=RUN pool_size=14>
parallel computing took: 0.005268096923828125s
Progess: detections: 592/1588...
No possible hosts. Returning None.
Detection 592: no catalogue hosts in the localization volume — pure-completion fallback p_i = B_num/D (issue #29)
start parallel computation with: <multiprocessing.pool.Pool state=RUN pool_size=14>
parallel computing took: 6.9141387939453125e-06s
Detection 592: no catalog results found
Progess: detections: 593/1588...
Found 27 possible hosts without BH mass and 27 possible hosts with BH mass.
possible hosts found 27/27...
start parallel computation with: <multiprocessing.pool.Pool state=RUN pool_size=14>
parallel computing took: 0.0056569576263427734s
Progess: detections: 594/1588...
No possible hosts. Returning None.
Detection 594: no catalogue hosts in the localization volume — pure-completion fallback p_i = B_num/D (issue #29)
start parallel computation with: <multiprocessing.pool.Pool state=RUN pool_size=14>
parallel computing took: 7.152557373046875e-06s
Detection 594: no catalog results found
Progess: detections: 595/1588...
Found 13 possible hosts without BH mass and 13 possible hosts with BH mass.
possible hosts found 13/13...
start parallel computation with: <multiprocessing.pool.Pool state=RUN pool_size=14>
parallel computing took: 0.0049440860748291016s
Progess: detections: 596/1588...
No possible hosts. Returning None.
Detection 596: no catalogue hosts in the localization volume — pure-completion fallback p_i = B_num/D (issue #29)
start parallel computation with: <multiprocessing.pool.Pool state=RUN pool_size=14>
parallel computing took: 6.4373016357421875e-06s
Detection 596: no catalog results found
Progess: detections: 597/1588...
Found 12 possible hosts without BH mass and 12 possible hosts with BH mass.
possible hosts found 12/12...
start parallel computation with: <multiprocessing.pool.Pool state=RUN pool_size=14>
parallel computing took: 0.004384040832519531s
Progess: detections: 598/1588...
No possible hosts. Returning None.
Detection 598: no catalogue hosts in the localization volume — pure-completion fallback p_i = B_num/D (issue #29)
start parallel computation with: <multiprocessing.pool.Pool state=RUN pool_size=14>
parallel computing took: 6.67572021484375e-06s
Detection 598: no catalog results found
Progess: detections: 599/1588...
Found 114 possible hosts without BH mass and 114 possible hosts with BH mass.
possible hosts found 114/114...
start parallel computation with: <multiprocessing.pool.Pool state=RUN pool_size=14>
parallel computing took: 0.010485410690307617s
Detection 600/1588: last=0.02s, avg=0.09s, est_remaining=85s
Progess: detections: 600/1588...
No possible hosts. Returning None.
Detection 600: no catalogue hosts in the localization volume — pure-completion fallback p_i = B_num/D (issue #29)
start parallel computation with: <multiprocessing.pool.Pool state=RUN pool_size=14>
parallel computing took: 7.867813110351562e-06s
Detection 600: no catalog results found
Progess: detections: 601/1588...
Found 11090 possible hosts without BH mass and 11090 possible hosts with BH mass.
possible hosts found 11090/11090...
start parallel computation with: <multiprocessing.pool.Pool state=RUN pool_size=14>
parallel computing took: 1.038456678390503s
Progess: detections: 602/1588...
No possible hosts. Returning None.
Detection 602: no catalogue hosts in the localization volume — pure-completion fallback p_i = B_num/D (issue #29)
start parallel computation with: <multiprocessing.pool.Pool state=RUN pool_size=14>
parallel computing took: 8.821487426757812e-06s
Detection 602: no catalog results found
Progess: detections: 603/1588...
No possible hosts. Returning None.
Detection 603: no catalogue hosts in the localization volume — pure-completion fallback p_i = B_num/D (issue #29)
start parallel computation with: <multiprocessing.pool.Pool state=RUN pool_size=14>
parallel computing took: 6.9141387939453125e-06s
Detection 603: no catalog results found
Progess: detections: 604/1588...
No possible hosts. Returning None.
Detection 604: no catalogue hosts in the localization volume — pure-completion fallback p_i = B_num/D (issue #29)
start parallel computation with: <multiprocessing.pool.Pool state=RUN pool_size=14>
parallel computing took: 6.4373016357421875e-06s
Detection 604: no catalog results found
Progess: detections: 605/1588...
No possible hosts. Returning None.
Detection 605: no catalogue hosts in the localization volume — pure-completion fallback p_i = B_num/D (issue #29)
start parallel computation with: <multiprocessing.pool.Pool state=RUN pool_size=14>
parallel computing took: 6.198883056640625e-06s
Detection 605: no catalog results found
Progess: detections: 606/1588...
Found 4332 possible hosts without BH mass and 4327 possible hosts with BH mass.
possible hosts found 4332/4327...
start parallel computation with: <multiprocessing.pool.Pool state=RUN pool_size=14>
parallel computing took: 0.36649489402770996s
Progess: detections: 607/1588...
No possible hosts. Returning None.
Detection 607: no catalogue hosts in the localization volume — pure-completion fallback p_i = B_num/D (issue #29)
start parallel computation with: <multiprocessing.pool.Pool state=RUN pool_size=14>
parallel computing took: 8.344650268554688e-06s
Detection 607: no catalog results found
Progess: detections: 608/1588...
No possible hosts. Returning None.
Detection 608: no catalogue hosts in the localization volume — pure-completion fallback p_i = B_num/D (issue #29)
start parallel computation with: <multiprocessing.pool.Pool state=RUN pool_size=14>
parallel computing took: 6.198883056640625e-06s
Detection 608: no catalog results found
Progess: detections: 609/1588...
Found 38 possible hosts without BH mass and 38 possible hosts with BH mass.
possible hosts found 38/38...
start parallel computation with: <multiprocessing.pool.Pool state=RUN pool_size=14>
parallel computing took: 0.006680011749267578s
Progess: detections: 610/1588...
Found 1122 possible hosts without BH mass and 1070 possible hosts with BH mass.
possible hosts found 1122/1070...
start parallel computation with: <multiprocessing.pool.Pool state=RUN pool_size=14>
Event 610: >5% quadrature weight outside P_det grid — numerator=0.000, denominator=0.057 (repeats for this event suppressed)
Event 610: >5% quadrature weight outside P_det grid — numerator=0.000, denominator=0.054 (repeats for this event suppressed)
Event 610: >5% quadrature weight outside P_det grid — numerator=0.000, denominator=0.068 (repeats for this event suppressed)
Event 610: >5% quadrature weight outside P_det grid — numerator=0.000, denominator=0.050 (repeats for this event suppressed)
Event 610: >5% quadrature weight outside P_det grid — numerator=0.000, denominator=0.051 (repeats for this event suppressed)
Event 610: >5% quadrature weight outside P_det grid — numerator=0.000, denominator=0.051 (repeats for this event suppressed)
Event 610: >5% quadrature weight outside P_det grid — numerator=0.000, denominator=0.065 (repeats for this event suppressed)
Event 610: >5% quadrature weight outside P_det grid — numerator=0.000, denominator=0.069 (repeats for this event suppressed)
Event 610: >5% quadrature weight outside P_det grid — numerator=0.000, denominator=0.058 (repeats for this event suppressed)
Event 610: >5% quadrature weight outside P_det grid — numerator=0.000, denominator=0.067 (repeats for this event suppressed)
Event 610: >5% quadrature weight outside P_det grid — numerator=0.000, denominator=0.059 (repeats for this event suppressed)
Event 610: >5% quadrature weight outside P_det grid — numerator=0.000, denominator=0.052 (repeats for this event suppressed)
Event 610: >5% quadrature weight outside P_det grid — numerator=0.000, denominator=0.061 (repeats for this event suppressed)
Event 610: >5% quadrature weight outside P_det grid — numerator=0.000, denominator=0.054 (repeats for this event suppressed)
parallel computing took: 0.08939743041992188s
Progess: detections: 611/1588...
No possible hosts. Returning None.
Detection 611: no catalogue hosts in the localization volume — pure-completion fallback p_i = B_num/D (issue #29)
start parallel computation with: <multiprocessing.pool.Pool state=RUN pool_size=14>
parallel computing took: 8.344650268554688e-06s
Detection 611: no catalog results found
Progess: detections: 612/1588...
Found 26556 possible hosts without BH mass and 26556 possible hosts with BH mass.
possible hosts found 26556/26556...
start parallel computation with: <multiprocessing.pool.Pool state=RUN pool_size=14>
parallel computing took: 2.5998504161834717s
Progess: detections: 613/1588...
No possible hosts. Returning None.
Detection 613: no catalogue hosts in the localization volume — pure-completion fallback p_i = B_num/D (issue #29)
start parallel computation with: <multiprocessing.pool.Pool state=RUN pool_size=14>
parallel computing took: 9.059906005859375e-06s
Detection 613: no catalog results found
Progess: detections: 614/1588...
No possible hosts. Returning None.
Detection 614: no catalogue hosts in the localization volume — pure-completion fallback p_i = B_num/D (issue #29)
start parallel computation with: <multiprocessing.pool.Pool state=RUN pool_size=14>
parallel computing took: 7.152557373046875e-06s
Detection 614: no catalog results found
Progess: detections: 615/1588...
Found 3 possible hosts without BH mass and 3 possible hosts with BH mass.
possible hosts found 3/3...
start parallel computation with: <multiprocessing.pool.Pool state=RUN pool_size=14>
parallel computing took: 0.0030736923217773438s
Progess: detections: 616/1588...
No possible hosts. Returning None.
Detection 616: no catalogue hosts in the localization volume — pure-completion fallback p_i = B_num/D (issue #29)
start parallel computation with: <multiprocessing.pool.Pool state=RUN pool_size=14>
parallel computing took: 6.67572021484375e-06s
Detection 616: no catalog results found
Progess: detections: 617/1588...
Found 7 possible hosts without BH mass and 7 possible hosts with BH mass.
possible hosts found 7/7...
start parallel computation with: <multiprocessing.pool.Pool state=RUN pool_size=14>
parallel computing took: 0.004158735275268555s
Progess: detections: 618/1588...
Found 15 possible hosts without BH mass and 15 possible hosts with BH mass.
possible hosts found 15/15...
start parallel computation with: <multiprocessing.pool.Pool state=RUN pool_size=14>
parallel computing took: 0.00542759895324707s
Progess: detections: 619/1588...
Found 1 possible hosts without BH mass and 1 possible hosts with BH mass.
possible hosts found 1/1...
start parallel computation with: <multiprocessing.pool.Pool state=RUN pool_size=14>
Event 619: >5% quadrature weight outside P_det grid — numerator=0.000, denominator=0.069 (repeats for this event suppressed)
parallel computing took: 0.002663135528564453s
Progess: detections: 620/1588...
Found 4207 possible hosts without BH mass and 4207 possible hosts with BH mass.
possible hosts found 4207/4207...
start parallel computation with: <multiprocessing.pool.Pool state=RUN pool_size=14>
parallel computing took: 0.3606133460998535s
Progess: detections: 621/1588...
No possible hosts. Returning None.
Detection 621: no catalogue hosts in the localization volume — pure-completion fallback p_i = B_num/D (issue #29)
start parallel computation with: <multiprocessing.pool.Pool state=RUN pool_size=14>
parallel computing took: 8.821487426757812e-06s
Detection 621: no catalog results found
Progess: detections: 622/1588...
No possible hosts. Returning None.
Detection 622: no catalogue hosts in the localization volume — pure-completion fallback p_i = B_num/D (issue #29)
start parallel computation with: <multiprocessing.pool.Pool state=RUN pool_size=14>
parallel computing took: 6.4373016357421875e-06s
Detection 622: no catalog results found
Progess: detections: 623/1588...
No possible hosts. Returning None.
Detection 623: no catalogue hosts in the localization volume — pure-completion fallback p_i = B_num/D (issue #29)
start parallel computation with: <multiprocessing.pool.Pool state=RUN pool_size=14>
parallel computing took: 6.67572021484375e-06s
Detection 623: no catalog results found
Progess: detections: 624/1588...
Found 9 possible hosts without BH mass and 9 possible hosts with BH mass.
possible hosts found 9/9...
start parallel computation with: <multiprocessing.pool.Pool state=RUN pool_size=14>
parallel computing took: 0.005258083343505859s
Progess: detections: 625/1588...
Found 109 possible hosts without BH mass and 109 possible hosts with BH mass.
possible hosts found 109/109...
start parallel computation with: <multiprocessing.pool.Pool state=RUN pool_size=14>
parallel computing took: 0.010188102722167969s
Progess: detections: 626/1588...
Found 85 possible hosts without BH mass and 85 possible hosts with BH mass.
possible hosts found 85/85...
start parallel computation with: <multiprocessing.pool.Pool state=RUN pool_size=14>
parallel computing took: 0.009067058563232422s
Progess: detections: 627/1588...
Found 20 possible hosts without BH mass and 20 possible hosts with BH mass.
possible hosts found 20/20...
start parallel computation with: <multiprocessing.pool.Pool state=RUN pool_size=14>
parallel computing took: 0.0049593448638916016s
Progess: detections: 628/1588...
No possible hosts. Returning None.
Detection 628: no catalogue hosts in the localization volume — pure-completion fallback p_i = B_num/D (issue #29)
start parallel computation with: <multiprocessing.pool.Pool state=RUN pool_size=14>
parallel computing took: 1.4781951904296875e-05s
Detection 628: no catalog results found
Progess: detections: 629/1588...
No possible hosts. Returning None.
Detection 629: no catalogue hosts in the localization volume — pure-completion fallback p_i = B_num/D (issue #29)
start parallel computation with: <multiprocessing.pool.Pool state=RUN pool_size=14>
parallel computing took: 6.4373016357421875e-06s
Detection 629: no catalog results found
Progess: detections: 630/1588...
No possible hosts. Returning None.
Detection 630: no catalogue hosts in the localization volume — pure-completion fallback p_i = B_num/D (issue #29)
start parallel computation with: <multiprocessing.pool.Pool state=RUN pool_size=14>
parallel computing took: 6.67572021484375e-06s
Detection 630: no catalog results found
Progess: detections: 631/1588...
No possible hosts. Returning None.
Detection 631: no catalogue hosts in the localization volume — pure-completion fallback p_i = B_num/D (issue #29)
start parallel computation with: <multiprocessing.pool.Pool state=RUN pool_size=14>
parallel computing took: 7.152557373046875e-06s
Detection 631: no catalog results found
Progess: detections: 632/1588...
No possible hosts. Returning None.
Detection 632: no catalogue hosts in the localization volume — pure-completion fallback p_i = B_num/D (issue #29)
start parallel computation with: <multiprocessing.pool.Pool state=RUN pool_size=14>
parallel computing took: 6.9141387939453125e-06s
Detection 632: no catalog results found
Progess: detections: 633/1588...
Found 351 possible hosts without BH mass and 351 possible hosts with BH mass.
possible hosts found 351/351...
start parallel computation with: <multiprocessing.pool.Pool state=RUN pool_size=14>
parallel computing took: 0.028980255126953125s
Progess: detections: 634/1588...
No possible hosts. Returning None.
Detection 634: no catalogue hosts in the localization volume — pure-completion fallback p_i = B_num/D (issue #29)
start parallel computation with: <multiprocessing.pool.Pool state=RUN pool_size=14>
parallel computing took: 7.867813110351562e-06s
Detection 634: no catalog results found
Progess: detections: 635/1588...
Found 24 possible hosts without BH mass and 24 possible hosts with BH mass.
possible hosts found 24/24...
start parallel computation with: <multiprocessing.pool.Pool state=RUN pool_size=14>
parallel computing took: 0.00529170036315918s
Progess: detections: 636/1588...
No possible hosts. Returning None.
Detection 636: no catalogue hosts in the localization volume — pure-completion fallback p_i = B_num/D (issue #29)
start parallel computation with: <multiprocessing.pool.Pool state=RUN pool_size=14>
parallel computing took: 6.9141387939453125e-06s
Detection 636: no catalog results found
Progess: detections: 637/1588...
No possible hosts. Returning None.
Detection 637: no catalogue hosts in the localization volume — pure-completion fallback p_i = B_num/D (issue #29)
start parallel computation with: <multiprocessing.pool.Pool state=RUN pool_size=14>
parallel computing took: 6.9141387939453125e-06s
Detection 637: no catalog results found
Progess: detections: 638/1588...
Found 110 possible hosts without BH mass and 110 possible hosts with BH mass.
possible hosts found 110/110...
start parallel computation with: <multiprocessing.pool.Pool state=RUN pool_size=14>
parallel computing took: 0.009734630584716797s
Progess: detections: 639/1588...
Found 1 possible hosts without BH mass and 1 possible hosts with BH mass.
possible hosts found 1/1...
start parallel computation with: <multiprocessing.pool.Pool state=RUN pool_size=14>
parallel computing took: 0.0027642250061035156s
Progess: detections: 640/1588...
Found 195 possible hosts without BH mass and 187 possible hosts with BH mass.
possible hosts found 195/187...
start parallel computation with: <multiprocessing.pool.Pool state=RUN pool_size=14>
Event 640: >5% quadrature weight outside P_det grid — numerator=0.000, denominator=0.149 (repeats for this event suppressed)
Event 640: >5% quadrature weight outside P_det grid — numerator=0.000, denominator=0.067 (repeats for this event suppressed)
Event 640: >5% quadrature weight outside P_det grid — numerator=0.000, denominator=0.057 (repeats for this event suppressed)
Event 640: >5% quadrature weight outside P_det grid — numerator=0.000, denominator=0.055 (repeats for this event suppressed)
Event 640: >5% quadrature weight outside P_det grid — numerator=0.000, denominator=0.069 (repeats for this event suppressed)
Event 640: >5% quadrature weight outside P_det grid — numerator=0.000, denominator=0.057 (repeats for this event suppressed)
Event 640: >5% quadrature weight outside P_det grid — numerator=0.000, denominator=0.069 (repeats for this event suppressed)
Event 640: >5% quadrature weight outside P_det grid — numerator=0.000, denominator=0.057 (repeats for this event suppressed)
Event 640: >5% quadrature weight outside P_det grid — numerator=0.000, denominator=0.058 (repeats for this event suppressed)
Event 640: >5% quadrature weight outside P_det grid — numerator=0.000, denominator=0.060 (repeats for this event suppressed)
Event 640: >5% quadrature weight outside P_det grid — numerator=0.000, denominator=0.061 (repeats for this event suppressed)
Event 640: >5% quadrature weight outside P_det grid — numerator=0.000, denominator=0.057 (repeats for this event suppressed)
Event 640: >5% quadrature weight outside P_det grid — numerator=0.000, denominator=0.065 (repeats for this event suppressed)
Event 640: >5% quadrature weight outside P_det grid — numerator=0.000, denominator=0.059 (repeats for this event suppressed)
parallel computing took: 0.017322540283203125s
Progess: detections: 641/1588...
Found 177 possible hosts without BH mass and 177 possible hosts with BH mass.
possible hosts found 177/177...
start parallel computation with: <multiprocessing.pool.Pool state=RUN pool_size=14>
parallel computing took: 0.014823198318481445s
Progess: detections: 642/1588...
No possible hosts. Returning None.
Detection 642: no catalogue hosts in the localization volume — pure-completion fallback p_i = B_num/D (issue #29)
start parallel computation with: <multiprocessing.pool.Pool state=RUN pool_size=14>
parallel computing took: 8.106231689453125e-06s
Detection 642: no catalog results found
Progess: detections: 643/1588...
Found 584 possible hosts without BH mass and 584 possible hosts with BH mass.
possible hosts found 584/584...
start parallel computation with: <multiprocessing.pool.Pool state=RUN pool_size=14>
parallel computing took: 0.043489933013916016s
Progess: detections: 644/1588...
No possible hosts. Returning None.
Detection 644: no catalogue hosts in the localization volume — pure-completion fallback p_i = B_num/D (issue #29)
start parallel computation with: <multiprocessing.pool.Pool state=RUN pool_size=14>
parallel computing took: 7.62939453125e-06s
Detection 644: no catalog results found
Progess: detections: 645/1588...
Found 7 possible hosts without BH mass and 7 possible hosts with BH mass.
possible hosts found 7/7...
start parallel computation with: <multiprocessing.pool.Pool state=RUN pool_size=14>
parallel computing took: 0.004084587097167969s
Progess: detections: 646/1588...
Found 1011 possible hosts without BH mass and 1011 possible hosts with BH mass.
possible hosts found 1011/1011...
start parallel computation with: <multiprocessing.pool.Pool state=RUN pool_size=14>
parallel computing took: 0.07879996299743652s
Progess: detections: 647/1588...
No possible hosts. Returning None.
Detection 647: no catalogue hosts in the localization volume — pure-completion fallback p_i = B_num/D (issue #29)
start parallel computation with: <multiprocessing.pool.Pool state=RUN pool_size=14>
parallel computing took: 9.059906005859375e-06s
Detection 647: no catalog results found
Progess: detections: 648/1588...
Found 1451 possible hosts without BH mass and 1451 possible hosts with BH mass.
possible hosts found 1451/1451...
start parallel computation with: <multiprocessing.pool.Pool state=RUN pool_size=14>
parallel computing took: 0.11182141304016113s
Progess: detections: 649/1588...
No possible hosts. Returning None.
Detection 649: no catalogue hosts in the localization volume — pure-completion fallback p_i = B_num/D (issue #29)
start parallel computation with: <multiprocessing.pool.Pool state=RUN pool_size=14>
parallel computing took: 7.62939453125e-06s
Detection 649: no catalog results found
Progess: detections: 650/1588...
No possible hosts. Returning None.
Detection 650: no catalogue hosts in the localization volume — pure-completion fallback p_i = B_num/D (issue #29)
start parallel computation with: <multiprocessing.pool.Pool state=RUN pool_size=14>
parallel computing took: 6.9141387939453125e-06s
Detection 650: no catalog results found
Progess: detections: 651/1588...
Found 25 possible hosts without BH mass and 25 possible hosts with BH mass.
possible hosts found 25/25...
start parallel computation with: <multiprocessing.pool.Pool state=RUN pool_size=14>
parallel computing took: 0.005380868911743164s
Progess: detections: 652/1588...
No possible hosts. Returning None.
Detection 652: no catalogue hosts in the localization volume — pure-completion fallback p_i = B_num/D (issue #29)
start parallel computation with: <multiprocessing.pool.Pool state=RUN pool_size=14>
parallel computing took: 6.9141387939453125e-06s
Detection 652: no catalog results found
Progess: detections: 653/1588...
No possible hosts. Returning None.
Detection 653: no catalogue hosts in the localization volume — pure-completion fallback p_i = B_num/D (issue #29)
start parallel computation with: <multiprocessing.pool.Pool state=RUN pool_size=14>
parallel computing took: 1.2874603271484375e-05s
Detection 653: no catalog results found
Progess: detections: 654/1588...
Found 459 possible hosts without BH mass and 459 possible hosts with BH mass.
possible hosts found 459/459...
start parallel computation with: <multiprocessing.pool.Pool state=RUN pool_size=14>
parallel computing took: 0.033109188079833984s
Progess: detections: 655/1588...
No possible hosts. Returning None.
Detection 655: no catalogue hosts in the localization volume — pure-completion fallback p_i = B_num/D (issue #29)
start parallel computation with: <multiprocessing.pool.Pool state=RUN pool_size=14>
parallel computing took: 7.62939453125e-06s
Detection 655: no catalog results found
Progess: detections: 656/1588...
Found 1 possible hosts without BH mass and 1 possible hosts with BH mass.
possible hosts found 1/1...
start parallel computation with: <multiprocessing.pool.Pool state=RUN pool_size=14>
Event 656: >5% quadrature weight outside P_det grid — numerator=0.000, denominator=0.065 (repeats for this event suppressed)
parallel computing took: 0.002742767333984375s
Progess: detections: 657/1588...
Found 1 possible hosts without BH mass and 1 possible hosts with BH mass.
possible hosts found 1/1...
start parallel computation with: <multiprocessing.pool.Pool state=RUN pool_size=14>
parallel computing took: 0.0023872852325439453s
Progess: detections: 658/1588...
Found 12 possible hosts without BH mass and 12 possible hosts with BH mass.
possible hosts found 12/12...
start parallel computation with: <multiprocessing.pool.Pool state=RUN pool_size=14>
parallel computing took: 0.004899024963378906s
Progess: detections: 659/1588...
No possible hosts. Returning None.
Detection 659: no catalogue hosts in the localization volume — pure-completion fallback p_i = B_num/D (issue #29)
start parallel computation with: <multiprocessing.pool.Pool state=RUN pool_size=14>
parallel computing took: 6.198883056640625e-06s
Detection 659: no catalog results found
Progess: detections: 660/1588...
Found 287 possible hosts without BH mass and 287 possible hosts with BH mass.
possible hosts found 287/287...
start parallel computation with: <multiprocessing.pool.Pool state=RUN pool_size=14>
parallel computing took: 0.0209963321685791s
Progess: detections: 661/1588...
Found 52 possible hosts without BH mass and 52 possible hosts with BH mass.
possible hosts found 52/52...
start parallel computation with: <multiprocessing.pool.Pool state=RUN pool_size=14>
parallel computing took: 0.006715297698974609s
Progess: detections: 662/1588...
Found 97 possible hosts without BH mass and 97 possible hosts with BH mass.
possible hosts found 97/97...
start parallel computation with: <multiprocessing.pool.Pool state=RUN pool_size=14>
parallel computing took: 0.009447813034057617s
Progess: detections: 663/1588...
No possible hosts. Returning None.
Detection 663: no catalogue hosts in the localization volume — pure-completion fallback p_i = B_num/D (issue #29)
start parallel computation with: <multiprocessing.pool.Pool state=RUN pool_size=14>
parallel computing took: 7.62939453125e-06s
Detection 663: no catalog results found
Progess: detections: 664/1588...
No possible hosts. Returning None.
Detection 664: no catalogue hosts in the localization volume — pure-completion fallback p_i = B_num/D (issue #29)
start parallel computation with: <multiprocessing.pool.Pool state=RUN pool_size=14>
parallel computing took: 6.67572021484375e-06s
Detection 664: no catalog results found
Progess: detections: 665/1588...
Found 11327 possible hosts without BH mass and 11327 possible hosts with BH mass.
possible hosts found 11327/11327...
start parallel computation with: <multiprocessing.pool.Pool state=RUN pool_size=14>
parallel computing took: 1.0155274868011475s
Progess: detections: 666/1588...
Found 6094 possible hosts without BH mass and 6067 possible hosts with BH mass.
possible hosts found 6094/6067...
start parallel computation with: <multiprocessing.pool.Pool state=RUN pool_size=14>
parallel computing took: 0.5289995670318604s
Progess: detections: 667/1588...
No possible hosts. Returning None.
Detection 667: no catalogue hosts in the localization volume — pure-completion fallback p_i = B_num/D (issue #29)
start parallel computation with: <multiprocessing.pool.Pool state=RUN pool_size=14>
parallel computing took: 7.867813110351562e-06s
Detection 667: no catalog results found
Progess: detections: 668/1588...
Found 721 possible hosts without BH mass and 721 possible hosts with BH mass.
possible hosts found 721/721...
start parallel computation with: <multiprocessing.pool.Pool state=RUN pool_size=14>
parallel computing took: 0.055143117904663086s
Progess: detections: 669/1588...
Found 652 possible hosts without BH mass and 652 possible hosts with BH mass.
possible hosts found 652/652...
start parallel computation with: <multiprocessing.pool.Pool state=RUN pool_size=14>
parallel computing took: 0.048033952713012695s
Progess: detections: 670/1588...
No possible hosts. Returning None.
Detection 670: no catalogue hosts in the localization volume — pure-completion fallback p_i = B_num/D (issue #29)
start parallel computation with: <multiprocessing.pool.Pool state=RUN pool_size=14>
parallel computing took: 8.58306884765625e-06s
Detection 670: no catalog results found
Progess: detections: 671/1588...
No possible hosts. Returning None.
Detection 671: no catalogue hosts in the localization volume — pure-completion fallback p_i = B_num/D (issue #29)
start parallel computation with: <multiprocessing.pool.Pool state=RUN pool_size=14>
parallel computing took: 7.3909759521484375e-06s
Detection 671: no catalog results found
Progess: detections: 672/1588...
Found 12 possible hosts without BH mass and 12 possible hosts with BH mass.
possible hosts found 12/12...
start parallel computation with: <multiprocessing.pool.Pool state=RUN pool_size=14>
parallel computing took: 0.004791975021362305s
Progess: detections: 673/1588...
Found 9083 possible hosts without BH mass and 9083 possible hosts with BH mass.
possible hosts found 9083/9083...
start parallel computation with: <multiprocessing.pool.Pool state=RUN pool_size=14>
parallel computing took: 0.813431978225708s
Progess: detections: 674/1588...
No possible hosts. Returning None.
Detection 674: no catalogue hosts in the localization volume — pure-completion fallback p_i = B_num/D (issue #29)
start parallel computation with: <multiprocessing.pool.Pool state=RUN pool_size=14>
parallel computing took: 7.3909759521484375e-06s
Detection 674: no catalog results found
Progess: detections: 675/1588...
No possible hosts. Returning None.
Detection 675: no catalogue hosts in the localization volume — pure-completion fallback p_i = B_num/D (issue #29)
start parallel computation with: <multiprocessing.pool.Pool state=RUN pool_size=14>
parallel computing took: 7.3909759521484375e-06s
Detection 675: no catalog results found
Progess: detections: 676/1588...
Found 10830 possible hosts without BH mass and 10830 possible hosts with BH mass.
possible hosts found 10830/10830...
start parallel computation with: <multiprocessing.pool.Pool state=RUN pool_size=14>
parallel computing took: 0.9917571544647217s
Progess: detections: 677/1588...
No possible hosts. Returning None.
Detection 677: no catalogue hosts in the localization volume — pure-completion fallback p_i = B_num/D (issue #29)
start parallel computation with: <multiprocessing.pool.Pool state=RUN pool_size=14>
parallel computing took: 9.059906005859375e-06s
Detection 677: no catalog results found
Progess: detections: 678/1588...
Found 16 possible hosts without BH mass and 16 possible hosts with BH mass.
possible hosts found 16/16...
start parallel computation with: <multiprocessing.pool.Pool state=RUN pool_size=14>
parallel computing took: 0.005342006683349609s
Progess: detections: 679/1588...
Found 79 possible hosts without BH mass and 79 possible hosts with BH mass.
possible hosts found 79/79...
start parallel computation with: <multiprocessing.pool.Pool state=RUN pool_size=14>
parallel computing took: 0.008007049560546875s
Progess: detections: 680/1588...
No possible hosts. Returning None.
Detection 680: no catalogue hosts in the localization volume — pure-completion fallback p_i = B_num/D (issue #29)
start parallel computation with: <multiprocessing.pool.Pool state=RUN pool_size=14>
parallel computing took: 7.3909759521484375e-06s
Detection 680: no catalog results found
Progess: detections: 681/1588...
Found 284 possible hosts without BH mass and 284 possible hosts with BH mass.
possible hosts found 284/284...
start parallel computation with: <multiprocessing.pool.Pool state=RUN pool_size=14>
parallel computing took: 0.02078843116760254s
Progess: detections: 682/1588...
Found 134 possible hosts without BH mass and 134 possible hosts with BH mass.
possible hosts found 134/134...
start parallel computation with: <multiprocessing.pool.Pool state=RUN pool_size=14>
parallel computing took: 0.011914968490600586s
Progess: detections: 683/1588...
Found 3 possible hosts without BH mass and 3 possible hosts with BH mass.
possible hosts found 3/3...
start parallel computation with: <multiprocessing.pool.Pool state=RUN pool_size=14>
parallel computing took: 0.0028433799743652344s
Progess: detections: 684/1588...
Found 352 possible hosts without BH mass and 352 possible hosts with BH mass.
possible hosts found 352/352...
start parallel computation with: <multiprocessing.pool.Pool state=RUN pool_size=14>
parallel computing took: 0.025782108306884766s
Progess: detections: 685/1588...
Found 537 possible hosts without BH mass and 537 possible hosts with BH mass.
possible hosts found 537/537...
start parallel computation with: <multiprocessing.pool.Pool state=RUN pool_size=14>
parallel computing took: 0.042050838470458984s
Progess: detections: 686/1588...
No possible hosts. Returning None.
Detection 686: no catalogue hosts in the localization volume — pure-completion fallback p_i = B_num/D (issue #29)
start parallel computation with: <multiprocessing.pool.Pool state=RUN pool_size=14>
parallel computing took: 8.106231689453125e-06s
Detection 686: no catalog results found
Progess: detections: 687/1588...
No possible hosts. Returning None.
Detection 687: no catalogue hosts in the localization volume — pure-completion fallback p_i = B_num/D (issue #29)
start parallel computation with: <multiprocessing.pool.Pool state=RUN pool_size=14>
parallel computing took: 6.4373016357421875e-06s
Detection 687: no catalog results found
Progess: detections: 688/1588...
Found 129 possible hosts without BH mass and 129 possible hosts with BH mass.
possible hosts found 129/129...
start parallel computation with: <multiprocessing.pool.Pool state=RUN pool_size=14>
parallel computing took: 0.011631488800048828s
Progess: detections: 689/1588...
Found 7 possible hosts without BH mass and 7 possible hosts with BH mass.
possible hosts found 7/7...
start parallel computation with: <multiprocessing.pool.Pool state=RUN pool_size=14>
parallel computing took: 0.003930091857910156s
Progess: detections: 690/1588...
No possible hosts. Returning None.
Detection 690: no catalogue hosts in the localization volume — pure-completion fallback p_i = B_num/D (issue #29)
start parallel computation with: <multiprocessing.pool.Pool state=RUN pool_size=14>
parallel computing took: 6.9141387939453125e-06s
Detection 690: no catalog results found
Progess: detections: 691/1588...
Found 958 possible hosts without BH mass and 958 possible hosts with BH mass.
possible hosts found 958/958...
start parallel computation with: <multiprocessing.pool.Pool state=RUN pool_size=14>
parallel computing took: 0.07254624366760254s
Progess: detections: 692/1588...
Found 40 possible hosts without BH mass and 40 possible hosts with BH mass.
possible hosts found 40/40...
start parallel computation with: <multiprocessing.pool.Pool state=RUN pool_size=14>
parallel computing took: 0.006133079528808594s
Progess: detections: 693/1588...
Found 294 possible hosts without BH mass and 294 possible hosts with BH mass.
possible hosts found 294/294...
start parallel computation with: <multiprocessing.pool.Pool state=RUN pool_size=14>
parallel computing took: 0.022006511688232422s
Progess: detections: 694/1588...
Found 71 possible hosts without BH mass and 71 possible hosts with BH mass.
possible hosts found 71/71...
start parallel computation with: <multiprocessing.pool.Pool state=RUN pool_size=14>
parallel computing took: 0.008451461791992188s
Progess: detections: 695/1588...
Found 97 possible hosts without BH mass and 97 possible hosts with BH mass.
possible hosts found 97/97...
start parallel computation with: <multiprocessing.pool.Pool state=RUN pool_size=14>
parallel computing took: 0.009312868118286133s
Progess: detections: 696/1588...
No possible hosts. Returning None.
Detection 696: no catalogue hosts in the localization volume — pure-completion fallback p_i = B_num/D (issue #29)
start parallel computation with: <multiprocessing.pool.Pool state=RUN pool_size=14>
parallel computing took: 7.867813110351562e-06s
Detection 696: no catalog results found
Progess: detections: 697/1588...
Found 11 possible hosts without BH mass and 10 possible hosts with BH mass.
possible hosts found 11/10...
start parallel computation with: <multiprocessing.pool.Pool state=RUN pool_size=14>
Event 697: >5% quadrature weight outside P_det grid — numerator=0.000, denominator=0.054 (repeats for this event suppressed)
Event 697: >5% quadrature weight outside P_det grid — numerator=0.000, denominator=0.078 (repeats for this event suppressed)
Event 697: >5% quadrature weight outside P_det grid — numerator=0.000, denominator=0.064 (repeats for this event suppressed)
Event 697: >5% quadrature weight outside P_det grid — numerator=0.000, denominator=0.075 (repeats for this event suppressed)
Event 697: >5% quadrature weight outside P_det grid — numerator=0.000, denominator=0.058 (repeats for this event suppressed)
Event 697: >5% quadrature weight outside P_det grid — numerator=0.000, denominator=0.061 (repeats for this event suppressed)
Event 697: >5% quadrature weight outside P_det grid — numerator=0.000, denominator=0.058 (repeats for this event suppressed)
Event 697: >5% quadrature weight outside P_det grid — numerator=0.000, denominator=0.055 (repeats for this event suppressed)
Event 697: >5% quadrature weight outside P_det grid — numerator=0.000, denominator=0.077 (repeats for this event suppressed)
parallel computing took: 0.006121397018432617s
Progess: detections: 698/1588...
Found 50 possible hosts without BH mass and 50 possible hosts with BH mass.
possible hosts found 50/50...
start parallel computation with: <multiprocessing.pool.Pool state=RUN pool_size=14>
parallel computing took: 0.006839275360107422s
Progess: detections: 699/1588...
No possible hosts. Returning None.
Detection 699: no catalogue hosts in the localization volume — pure-completion fallback p_i = B_num/D (issue #29)
start parallel computation with: <multiprocessing.pool.Pool state=RUN pool_size=14>
parallel computing took: 6.4373016357421875e-06s
Detection 699: no catalog results found
Detection 700/1588: last=0.00s, avg=0.09s, est_remaining=84s
Progess: detections: 700/1588...
Found 8 possible hosts without BH mass and 8 possible hosts with BH mass.
possible hosts found 8/8...
start parallel computation with: <multiprocessing.pool.Pool state=RUN pool_size=14>
parallel computing took: 0.004088401794433594s
Progess: detections: 701/1588...
No possible hosts. Returning None.
Detection 701: no catalogue hosts in the localization volume — pure-completion fallback p_i = B_num/D (issue #29)
start parallel computation with: <multiprocessing.pool.Pool state=RUN pool_size=14>
parallel computing took: 6.4373016357421875e-06s
Detection 701: no catalog results found
Progess: detections: 702/1588...
Found 617 possible hosts without BH mass and 617 possible hosts with BH mass.
possible hosts found 617/617...
start parallel computation with: <multiprocessing.pool.Pool state=RUN pool_size=14>
parallel computing took: 0.04492926597595215s
Progess: detections: 703/1588...
Found 333 possible hosts without BH mass and 333 possible hosts with BH mass.
possible hosts found 333/333...
start parallel computation with: <multiprocessing.pool.Pool state=RUN pool_size=14>
parallel computing took: 0.027265548706054688s
Progess: detections: 704/1588...
No possible hosts. Returning None.
Detection 704: no catalogue hosts in the localization volume — pure-completion fallback p_i = B_num/D (issue #29)
start parallel computation with: <multiprocessing.pool.Pool state=RUN pool_size=14>
parallel computing took: 7.867813110351562e-06s
Detection 704: no catalog results found
Progess: detections: 705/1588...
Found 554 possible hosts without BH mass and 554 possible hosts with BH mass.
possible hosts found 554/554...
start parallel computation with: <multiprocessing.pool.Pool state=RUN pool_size=14>
parallel computing took: 0.04084420204162598s
Progess: detections: 706/1588...
No possible hosts. Returning None.
Detection 706: no catalogue hosts in the localization volume — pure-completion fallback p_i = B_num/D (issue #29)
start parallel computation with: <multiprocessing.pool.Pool state=RUN pool_size=14>
parallel computing took: 7.62939453125e-06s
Detection 706: no catalog results found
Progess: detections: 707/1588...
Found 308 possible hosts without BH mass and 308 possible hosts with BH mass.
possible hosts found 308/308...
start parallel computation with: <multiprocessing.pool.Pool state=RUN pool_size=14>
parallel computing took: 0.02292919158935547s
Progess: detections: 708/1588...
Found 556 possible hosts without BH mass and 556 possible hosts with BH mass.
possible hosts found 556/556...
start parallel computation with: <multiprocessing.pool.Pool state=RUN pool_size=14>
parallel computing took: 0.04068112373352051s
Progess: detections: 709/1588...
No possible hosts. Returning None.
Detection 709: no catalogue hosts in the localization volume — pure-completion fallback p_i = B_num/D (issue #29)
start parallel computation with: <multiprocessing.pool.Pool state=RUN pool_size=14>
parallel computing took: 7.3909759521484375e-06s
Detection 709: no catalog results found
Progess: detections: 710/1588...
Found 1022 possible hosts without BH mass and 1022 possible hosts with BH mass.
possible hosts found 1022/1022...
start parallel computation with: <multiprocessing.pool.Pool state=RUN pool_size=14>
parallel computing took: 0.07675933837890625s
Progess: detections: 711/1588...
Found 197 possible hosts without BH mass and 197 possible hosts with BH mass.
possible hosts found 197/197...
start parallel computation with: <multiprocessing.pool.Pool state=RUN pool_size=14>
parallel computing took: 0.01586174964904785s
Progess: detections: 712/1588...
Found 101 possible hosts without BH mass and 101 possible hosts with BH mass.
possible hosts found 101/101...
start parallel computation with: <multiprocessing.pool.Pool state=RUN pool_size=14>
parallel computing took: 0.010461568832397461s
Progess: detections: 713/1588...
Found 181 possible hosts without BH mass and 181 possible hosts with BH mass.
possible hosts found 181/181...
start parallel computation with: <multiprocessing.pool.Pool state=RUN pool_size=14>
parallel computing took: 0.01499485969543457s
Progess: detections: 714/1588...
Found 238 possible hosts without BH mass and 238 possible hosts with BH mass.
possible hosts found 238/238...
start parallel computation with: <multiprocessing.pool.Pool state=RUN pool_size=14>
parallel computing took: 0.01907944679260254s
Progess: detections: 715/1588...
Found 964 possible hosts without BH mass and 964 possible hosts with BH mass.
possible hosts found 964/964...
start parallel computation with: <multiprocessing.pool.Pool state=RUN pool_size=14>
parallel computing took: 0.07306051254272461s
Progess: detections: 716/1588...
Found 10772 possible hosts without BH mass and 10772 possible hosts with BH mass.
possible hosts found 10772/10772...
start parallel computation with: <multiprocessing.pool.Pool state=RUN pool_size=14>
Event 716: >5% quadrature weight outside P_det grid — numerator=0.000, denominator=0.051 (repeats for this event suppressed)
Event 716: >5% quadrature weight outside P_det grid — numerator=0.000, denominator=0.051 (repeats for this event suppressed)
Event 716: >5% quadrature weight outside P_det grid — numerator=0.000, denominator=0.050 (repeats for this event suppressed)
Event 716: >5% quadrature weight outside P_det grid — numerator=0.000, denominator=0.050 (repeats for this event suppressed)
Event 716: >5% quadrature weight outside P_det grid — numerator=0.000, denominator=0.051 (repeats for this event suppressed)
Event 716: >5% quadrature weight outside P_det grid — numerator=0.000, denominator=0.051 (repeats for this event suppressed)
Event 716: >5% quadrature weight outside P_det grid — numerator=0.000, denominator=0.051 (repeats for this event suppressed)
Event 716: >5% quadrature weight outside P_det grid — numerator=0.000, denominator=0.051 (repeats for this event suppressed)
Event 716: >5% quadrature weight outside P_det grid — numerator=0.000, denominator=0.051 (repeats for this event suppressed)
Event 716: >5% quadrature weight outside P_det grid — numerator=0.000, denominator=0.050 (repeats for this event suppressed)
Event 716: >5% quadrature weight outside P_det grid — numerator=0.000, denominator=0.051 (repeats for this event suppressed)
Event 716: >5% quadrature weight outside P_det grid — numerator=0.000, denominator=0.051 (repeats for this event suppressed)
Event 716: >5% quadrature weight outside P_det grid — numerator=0.000, denominator=0.051 (repeats for this event suppressed)
Event 716: >5% quadrature weight outside P_det grid — numerator=0.000, denominator=0.051 (repeats for this event suppressed)
parallel computing took: 0.962432861328125s
Progess: detections: 717/1588...
No possible hosts. Returning None.
Detection 717: no catalogue hosts in the localization volume — pure-completion fallback p_i = B_num/D (issue #29)
start parallel computation with: <multiprocessing.pool.Pool state=RUN pool_size=14>
parallel computing took: 8.821487426757812e-06s
Detection 717: no catalog results found
Progess: detections: 718/1588...
No possible hosts. Returning None.
Detection 718: no catalogue hosts in the localization volume — pure-completion fallback p_i = B_num/D (issue #29)
start parallel computation with: <multiprocessing.pool.Pool state=RUN pool_size=14>
parallel computing took: 6.9141387939453125e-06s
Detection 718: no catalog results found
Progess: detections: 719/1588...
Found 42 possible hosts without BH mass and 42 possible hosts with BH mass.
possible hosts found 42/42...
start parallel computation with: <multiprocessing.pool.Pool state=RUN pool_size=14>
parallel computing took: 0.007043123245239258s
Progess: detections: 720/1588...
Found 242 possible hosts without BH mass and 242 possible hosts with BH mass.
possible hosts found 242/242...
start parallel computation with: <multiprocessing.pool.Pool state=RUN pool_size=14>
parallel computing took: 0.018731117248535156s
Progess: detections: 721/1588...
No possible hosts. Returning None.
Detection 721: no catalogue hosts in the localization volume — pure-completion fallback p_i = B_num/D (issue #29)
start parallel computation with: <multiprocessing.pool.Pool state=RUN pool_size=14>
parallel computing took: 8.344650268554688e-06s
Detection 721: no catalog results found
Progess: detections: 722/1588...
Found 201 possible hosts without BH mass and 201 possible hosts with BH mass.
possible hosts found 201/201...
start parallel computation with: <multiprocessing.pool.Pool state=RUN pool_size=14>
parallel computing took: 0.015656709671020508s
Progess: detections: 723/1588...
No possible hosts. Returning None.
Detection 723: no catalogue hosts in the localization volume — pure-completion fallback p_i = B_num/D (issue #29)
start parallel computation with: <multiprocessing.pool.Pool state=RUN pool_size=14>
parallel computing took: 8.106231689453125e-06s
Detection 723: no catalog results found
Progess: detections: 724/1588...
No possible hosts. Returning None.
Detection 724: no catalogue hosts in the localization volume — pure-completion fallback p_i = B_num/D (issue #29)
start parallel computation with: <multiprocessing.pool.Pool state=RUN pool_size=14>
parallel computing took: 6.4373016357421875e-06s
Detection 724: no catalog results found
Progess: detections: 725/1588...
Found 807 possible hosts without BH mass and 807 possible hosts with BH mass.
possible hosts found 807/807...
start parallel computation with: <multiprocessing.pool.Pool state=RUN pool_size=14>
parallel computing took: 0.06729817390441895s
Progess: detections: 726/1588...
Found 12 possible hosts without BH mass and 12 possible hosts with BH mass.
possible hosts found 12/12...
start parallel computation with: <multiprocessing.pool.Pool state=RUN pool_size=14>
parallel computing took: 0.004626750946044922s
Progess: detections: 727/1588...
Found 91 possible hosts without BH mass and 91 possible hosts with BH mass.
possible hosts found 91/91...
start parallel computation with: <multiprocessing.pool.Pool state=RUN pool_size=14>
parallel computing took: 0.008819103240966797s
Progess: detections: 728/1588...
Found 1 possible hosts without BH mass and 1 possible hosts with BH mass.
possible hosts found 1/1...
start parallel computation with: <multiprocessing.pool.Pool state=RUN pool_size=14>
parallel computing took: 0.00267791748046875s
Progess: detections: 729/1588...
Found 499 possible hosts without BH mass and 499 possible hosts with BH mass.
possible hosts found 499/499...
start parallel computation with: <multiprocessing.pool.Pool state=RUN pool_size=14>
parallel computing took: 0.03516674041748047s
Progess: detections: 730/1588...
No possible hosts. Returning None.
Detection 730: no catalogue hosts in the localization volume — pure-completion fallback p_i = B_num/D (issue #29)
start parallel computation with: <multiprocessing.pool.Pool state=RUN pool_size=14>
parallel computing took: 8.106231689453125e-06s
Detection 730: no catalog results found
Progess: detections: 731/1588...
Found 503 possible hosts without BH mass and 503 possible hosts with BH mass.
possible hosts found 503/503...
start parallel computation with: <multiprocessing.pool.Pool state=RUN pool_size=14>
parallel computing took: 0.03624749183654785s
Progess: detections: 732/1588...
No possible hosts. Returning None.
Detection 732: no catalogue hosts in the localization volume — pure-completion fallback p_i = B_num/D (issue #29)
start parallel computation with: <multiprocessing.pool.Pool state=RUN pool_size=14>
parallel computing took: 8.344650268554688e-06s
Detection 732: no catalog results found
Progess: detections: 733/1588...
No possible hosts. Returning None.
Detection 733: no catalogue hosts in the localization volume — pure-completion fallback p_i = B_num/D (issue #29)
start parallel computation with: <multiprocessing.pool.Pool state=RUN pool_size=14>
parallel computing took: 6.4373016357421875e-06s
Detection 733: no catalog results found
Progess: detections: 734/1588...
Found 221 possible hosts without BH mass and 221 possible hosts with BH mass.
possible hosts found 221/221...
start parallel computation with: <multiprocessing.pool.Pool state=RUN pool_size=14>
parallel computing took: 0.017343521118164062s
Progess: detections: 735/1588...
No possible hosts. Returning None.
Detection 735: no catalogue hosts in the localization volume — pure-completion fallback p_i = B_num/D (issue #29)
start parallel computation with: <multiprocessing.pool.Pool state=RUN pool_size=14>
parallel computing took: 8.106231689453125e-06s
Detection 735: no catalog results found
Progess: detections: 736/1588...
Found 2 possible hosts without BH mass and 2 possible hosts with BH mass.
possible hosts found 2/2...
start parallel computation with: <multiprocessing.pool.Pool state=RUN pool_size=14>
parallel computing took: 0.003077268600463867s
Progess: detections: 737/1588...
Found 279 possible hosts without BH mass and 279 possible hosts with BH mass.
possible hosts found 279/279...
start parallel computation with: <multiprocessing.pool.Pool state=RUN pool_size=14>
parallel computing took: 0.020911693572998047s
Progess: detections: 738/1588...
No possible hosts. Returning None.
Detection 738: no catalogue hosts in the localization volume — pure-completion fallback p_i = B_num/D (issue #29)
start parallel computation with: <multiprocessing.pool.Pool state=RUN pool_size=14>
parallel computing took: 7.152557373046875e-06s
Detection 738: no catalog results found
Progess: detections: 739/1588...
No possible hosts. Returning None.
Detection 739: no catalogue hosts in the localization volume — pure-completion fallback p_i = B_num/D (issue #29)
start parallel computation with: <multiprocessing.pool.Pool state=RUN pool_size=14>
parallel computing took: 7.152557373046875e-06s
Detection 739: no catalog results found
Progess: detections: 740/1588...
Found 6008 possible hosts without BH mass and 6008 possible hosts with BH mass.
possible hosts found 6008/6008...
start parallel computation with: <multiprocessing.pool.Pool state=RUN pool_size=14>
parallel computing took: 0.5317728519439697s
Progess: detections: 741/1588...
Found 14 possible hosts without BH mass and 14 possible hosts with BH mass.
possible hosts found 14/14...
start parallel computation with: <multiprocessing.pool.Pool state=RUN pool_size=14>
parallel computing took: 0.005614757537841797s
Progess: detections: 742/1588...
No possible hosts. Returning None.
Detection 742: no catalogue hosts in the localization volume — pure-completion fallback p_i = B_num/D (issue #29)
start parallel computation with: <multiprocessing.pool.Pool state=RUN pool_size=14>
parallel computing took: 7.62939453125e-06s
Detection 742: no catalog results found
Progess: detections: 743/1588...
Found 39 possible hosts without BH mass and 39 possible hosts with BH mass.
possible hosts found 39/39...
start parallel computation with: <multiprocessing.pool.Pool state=RUN pool_size=14>
parallel computing took: 0.0065746307373046875s
Progess: detections: 744/1588...
Found 8245 possible hosts without BH mass and 8238 possible hosts with BH mass.
possible hosts found 8245/8238...
start parallel computation with: <multiprocessing.pool.Pool state=RUN pool_size=14>
Event 744: >5% quadrature weight outside P_det grid — numerator=0.000, denominator=0.053 (repeats for this event suppressed)
Event 744: >5% quadrature weight outside P_det grid — numerator=0.000, denominator=0.064 (repeats for this event suppressed)
Event 744: >5% quadrature weight outside P_det grid — numerator=0.000, denominator=0.056 (repeats for this event suppressed)
Event 744: >5% quadrature weight outside P_det grid — numerator=0.000, denominator=0.053 (repeats for this event suppressed)
Event 744: >5% quadrature weight outside P_det grid — numerator=0.000, denominator=0.053 (repeats for this event suppressed)
Event 744: >5% quadrature weight outside P_det grid — numerator=0.000, denominator=0.063 (repeats for this event suppressed)
Event 744: >5% quadrature weight outside P_det grid — numerator=0.000, denominator=0.052 (repeats for this event suppressed)
Event 744: >5% quadrature weight outside P_det grid — numerator=0.000, denominator=0.058 (repeats for this event suppressed)
Event 744: >5% quadrature weight outside P_det grid — numerator=0.000, denominator=0.069 (repeats for this event suppressed)
Event 744: >5% quadrature weight outside P_det grid — numerator=0.000, denominator=0.054 (repeats for this event suppressed)
Event 744: >5% quadrature weight outside P_det grid — numerator=0.000, denominator=0.058 (repeats for this event suppressed)
Event 744: >5% quadrature weight outside P_det grid — numerator=0.000, denominator=0.050 (repeats for this event suppressed)
Event 744: >5% quadrature weight outside P_det grid — numerator=0.000, denominator=0.064 (repeats for this event suppressed)
Event 744: >5% quadrature weight outside P_det grid — numerator=0.000, denominator=0.068 (repeats for this event suppressed)
parallel computing took: 0.7524523735046387s
Progess: detections: 745/1588...
No possible hosts. Returning None.
Detection 745: no catalogue hosts in the localization volume — pure-completion fallback p_i = B_num/D (issue #29)
start parallel computation with: <multiprocessing.pool.Pool state=RUN pool_size=14>
parallel computing took: 9.059906005859375e-06s
Detection 745: no catalog results found
Progess: detections: 746/1588...
Found 60 possible hosts without BH mass and 60 possible hosts with BH mass.
possible hosts found 60/60...
start parallel computation with: <multiprocessing.pool.Pool state=RUN pool_size=14>
parallel computing took: 0.0074024200439453125s
Progess: detections: 747/1588...
No possible hosts. Returning None.
Detection 747: no catalogue hosts in the localization volume — pure-completion fallback p_i = B_num/D (issue #29)
start parallel computation with: <multiprocessing.pool.Pool state=RUN pool_size=14>
parallel computing took: 7.62939453125e-06s
Detection 747: no catalog results found
Progess: detections: 748/1588...
No possible hosts. Returning None.
Detection 748: no catalogue hosts in the localization volume — pure-completion fallback p_i = B_num/D (issue #29)
start parallel computation with: <multiprocessing.pool.Pool state=RUN pool_size=14>
parallel computing took: 6.4373016357421875e-06s
Detection 748: no catalog results found
Progess: detections: 749/1588...
Found 225 possible hosts without BH mass and 225 possible hosts with BH mass.
possible hosts found 225/225...
start parallel computation with: <multiprocessing.pool.Pool state=RUN pool_size=14>
parallel computing took: 0.017048120498657227s
Progess: detections: 750/1588...
Found 536 possible hosts without BH mass and 536 possible hosts with BH mass.
possible hosts found 536/536...
start parallel computation with: <multiprocessing.pool.Pool state=RUN pool_size=14>
parallel computing took: 0.03910565376281738s
Progess: detections: 751/1588...
No possible hosts. Returning None.
Detection 751: no catalogue hosts in the localization volume — pure-completion fallback p_i = B_num/D (issue #29)
start parallel computation with: <multiprocessing.pool.Pool state=RUN pool_size=14>
parallel computing took: 8.344650268554688e-06s
Detection 751: no catalog results found
Progess: detections: 752/1588...
Found 3 possible hosts without BH mass and 3 possible hosts with BH mass.
possible hosts found 3/3...
start parallel computation with: <multiprocessing.pool.Pool state=RUN pool_size=14>
parallel computing took: 0.002738475799560547s
Progess: detections: 753/1588...
Found 227 possible hosts without BH mass and 227 possible hosts with BH mass.
possible hosts found 227/227...
start parallel computation with: <multiprocessing.pool.Pool state=RUN pool_size=14>
parallel computing took: 0.01787400245666504s
Progess: detections: 754/1588...
No possible hosts. Returning None.
Detection 754: no catalogue hosts in the localization volume — pure-completion fallback p_i = B_num/D (issue #29)
start parallel computation with: <multiprocessing.pool.Pool state=RUN pool_size=14>
parallel computing took: 7.152557373046875e-06s
Detection 754: no catalog results found
Progess: detections: 755/1588...
Found 38 possible hosts without BH mass and 38 possible hosts with BH mass.
possible hosts found 38/38...
start parallel computation with: <multiprocessing.pool.Pool state=RUN pool_size=14>
parallel computing took: 0.006062746047973633s
Progess: detections: 756/1588...
Found 4 possible hosts without BH mass and 4 possible hosts with BH mass.
possible hosts found 4/4...
start parallel computation with: <multiprocessing.pool.Pool state=RUN pool_size=14>
parallel computing took: 0.0026607513427734375s
Progess: detections: 757/1588...
No possible hosts. Returning None.
Detection 757: no catalogue hosts in the localization volume — pure-completion fallback p_i = B_num/D (issue #29)
start parallel computation with: <multiprocessing.pool.Pool state=RUN pool_size=14>
parallel computing took: 6.67572021484375e-06s
Detection 757: no catalog results found
Progess: detections: 758/1588...
No possible hosts. Returning None.
Detection 758: no catalogue hosts in the localization volume — pure-completion fallback p_i = B_num/D (issue #29)
start parallel computation with: <multiprocessing.pool.Pool state=RUN pool_size=14>
parallel computing took: 6.67572021484375e-06s
Detection 758: no catalog results found
Progess: detections: 759/1588...
Found 88 possible hosts without BH mass and 88 possible hosts with BH mass.
possible hosts found 88/88...
start parallel computation with: <multiprocessing.pool.Pool state=RUN pool_size=14>
parallel computing took: 0.009706735610961914s
Progess: detections: 760/1588...
Found 2 possible hosts without BH mass and 2 possible hosts with BH mass.
possible hosts found 2/2...
start parallel computation with: <multiprocessing.pool.Pool state=RUN pool_size=14>
parallel computing took: 0.00260162353515625s
Progess: detections: 761/1588...
Found 16 possible hosts without BH mass and 16 possible hosts with BH mass.
possible hosts found 16/16...
start parallel computation with: <multiprocessing.pool.Pool state=RUN pool_size=14>
Event 761: >5% quadrature weight outside P_det grid — numerator=0.000, denominator=0.057 (repeats for this event suppressed)
Event 761: >5% quadrature weight outside P_det grid — numerator=0.000, denominator=0.051 (repeats for this event suppressed)
Event 761: >5% quadrature weight outside P_det grid — numerator=0.000, denominator=0.054 (repeats for this event suppressed)
Event 761: >5% quadrature weight outside P_det grid — numerator=0.000, denominator=0.054 (repeats for this event suppressed)
parallel computing took: 0.004914999008178711s
Progess: detections: 762/1588...
Found 1256 possible hosts without BH mass and 1256 possible hosts with BH mass.
possible hosts found 1256/1256...
start parallel computation with: <multiprocessing.pool.Pool state=RUN pool_size=14>
parallel computing took: 0.10033059120178223s
Progess: detections: 763/1588...
No possible hosts. Returning None.
Detection 763: no catalogue hosts in the localization volume — pure-completion fallback p_i = B_num/D (issue #29)
start parallel computation with: <multiprocessing.pool.Pool state=RUN pool_size=14>
parallel computing took: 8.106231689453125e-06s
Detection 763: no catalog results found
Progess: detections: 764/1588...
Found 19 possible hosts without BH mass and 19 possible hosts with BH mass.
possible hosts found 19/19...
start parallel computation with: <multiprocessing.pool.Pool state=RUN pool_size=14>
Event 764: >5% quadrature weight outside P_det grid — numerator=0.000, denominator=0.054 (repeats for this event suppressed)
Event 764: >5% quadrature weight outside P_det grid — numerator=0.000, denominator=0.054 (repeats for this event suppressed)
Event 764: >5% quadrature weight outside P_det grid — numerator=0.000, denominator=0.051 (repeats for this event suppressed)
Event 764: >5% quadrature weight outside P_det grid — numerator=0.000, denominator=0.066 (repeats for this event suppressed)
Event 764: >5% quadrature weight outside P_det grid — numerator=0.000, denominator=0.063 (repeats for this event suppressed)
Event 764: >5% quadrature weight outside P_det grid — numerator=0.000, denominator=0.055 (repeats for this event suppressed)
Event 764: >5% quadrature weight outside P_det grid — numerator=0.000, denominator=0.055 (repeats for this event suppressed)
Event 764: >5% quadrature weight outside P_det grid — numerator=0.000, denominator=0.054 (repeats for this event suppressed)
Event 764: >5% quadrature weight outside P_det grid — numerator=0.000, denominator=0.054 (repeats for this event suppressed)
parallel computing took: 0.005051374435424805s
Progess: detections: 765/1588...
Found 7 possible hosts without BH mass and 7 possible hosts with BH mass.
possible hosts found 7/7...
start parallel computation with: <multiprocessing.pool.Pool state=RUN pool_size=14>
Event 765: >5% quadrature weight outside P_det grid — numerator=0.000, denominator=0.057 (repeats for this event suppressed)
Event 765: >5% quadrature weight outside P_det grid — numerator=0.000, denominator=0.073 (repeats for this event suppressed)
Event 765: >5% quadrature weight outside P_det grid — numerator=0.000, denominator=0.059 (repeats for this event suppressed)
Event 765: >5% quadrature weight outside P_det grid — numerator=0.000, denominator=0.064 (repeats for this event suppressed)
Event 765: >5% quadrature weight outside P_det grid — numerator=0.000, denominator=0.066 (repeats for this event suppressed)
Event 765: >5% quadrature weight outside P_det grid — numerator=0.000, denominator=0.069 (repeats for this event suppressed)
parallel computing took: 0.003599882125854492s
Progess: detections: 766/1588...
Found 126 possible hosts without BH mass and 126 possible hosts with BH mass.
possible hosts found 126/126...
start parallel computation with: <multiprocessing.pool.Pool state=RUN pool_size=14>
parallel computing took: 0.010727405548095703s
Progess: detections: 767/1588...
Found 99 possible hosts without BH mass and 99 possible hosts with BH mass.
possible hosts found 99/99...
start parallel computation with: <multiprocessing.pool.Pool state=RUN pool_size=14>
parallel computing took: 0.009510993957519531s
Progess: detections: 768/1588...
No possible hosts. Returning None.
Detection 768: no catalogue hosts in the localization volume — pure-completion fallback p_i = B_num/D (issue #29)
start parallel computation with: <multiprocessing.pool.Pool state=RUN pool_size=14>
parallel computing took: 8.821487426757812e-06s
Detection 768: no catalog results found
Progess: detections: 769/1588...
Found 48 possible hosts without BH mass and 48 possible hosts with BH mass.
possible hosts found 48/48...
start parallel computation with: <multiprocessing.pool.Pool state=RUN pool_size=14>
parallel computing took: 0.006584882736206055s
Progess: detections: 770/1588...
Found 387 possible hosts without BH mass and 387 possible hosts with BH mass.
possible hosts found 387/387...
start parallel computation with: <multiprocessing.pool.Pool state=RUN pool_size=14>
parallel computing took: 0.029030799865722656s
Progess: detections: 771/1588...
No possible hosts. Returning None.
Detection 771: no catalogue hosts in the localization volume — pure-completion fallback p_i = B_num/D (issue #29)
start parallel computation with: <multiprocessing.pool.Pool state=RUN pool_size=14>
parallel computing took: 7.152557373046875e-06s
Detection 771: no catalog results found
Progess: detections: 772/1588...
No possible hosts. Returning None.
Detection 772: no catalogue hosts in the localization volume — pure-completion fallback p_i = B_num/D (issue #29)
start parallel computation with: <multiprocessing.pool.Pool state=RUN pool_size=14>
parallel computing took: 6.67572021484375e-06s
Detection 772: no catalog results found
Progess: detections: 773/1588...
No possible hosts. Returning None.
Detection 773: no catalogue hosts in the localization volume — pure-completion fallback p_i = B_num/D (issue #29)
start parallel computation with: <multiprocessing.pool.Pool state=RUN pool_size=14>
parallel computing took: 6.4373016357421875e-06s
Detection 773: no catalog results found
Progess: detections: 774/1588...
No possible hosts. Returning None.
Detection 774: no catalogue hosts in the localization volume — pure-completion fallback p_i = B_num/D (issue #29)
start parallel computation with: <multiprocessing.pool.Pool state=RUN pool_size=14>
parallel computing took: 6.67572021484375e-06s
Detection 774: no catalog results found
Progess: detections: 775/1588...
Found 92 possible hosts without BH mass and 92 possible hosts with BH mass.
possible hosts found 92/92...
start parallel computation with: <multiprocessing.pool.Pool state=RUN pool_size=14>
parallel computing took: 0.008982419967651367s
Progess: detections: 776/1588...
No possible hosts. Returning None.
Detection 776: no catalogue hosts in the localization volume — pure-completion fallback p_i = B_num/D (issue #29)
start parallel computation with: <multiprocessing.pool.Pool state=RUN pool_size=14>
parallel computing took: 7.3909759521484375e-06s
Detection 776: no catalog results found
Progess: detections: 777/1588...
Found 1769 possible hosts without BH mass and 1685 possible hosts with BH mass.
possible hosts found 1769/1685...
start parallel computation with: <multiprocessing.pool.Pool state=RUN pool_size=14>
Event 777: >5% quadrature weight outside P_det grid — numerator=0.000, denominator=0.068 (repeats for this event suppressed)
Event 777: >5% quadrature weight outside P_det grid — numerator=0.000, denominator=0.063 (repeats for this event suppressed)
Event 777: >5% quadrature weight outside P_det grid — numerator=0.000, denominator=0.075 (repeats for this event suppressed)
Event 777: >5% quadrature weight outside P_det grid — numerator=0.000, denominator=0.081 (repeats for this event suppressed)
Event 777: >5% quadrature weight outside P_det grid — numerator=0.000, denominator=0.058 (repeats for this event suppressed)
Event 777: >5% quadrature weight outside P_det grid — numerator=0.000, denominator=0.059 (repeats for this event suppressed)
Event 777: >5% quadrature weight outside P_det grid — numerator=0.000, denominator=0.051 (repeats for this event suppressed)
Event 777: >5% quadrature weight outside P_det grid — numerator=0.000, denominator=0.066 (repeats for this event suppressed)
Event 777: >5% quadrature weight outside P_det grid — numerator=0.000, denominator=0.070 (repeats for this event suppressed)
Event 777: >5% quadrature weight outside P_det grid — numerator=0.000, denominator=0.066 (repeats for this event suppressed)
Event 777: >5% quadrature weight outside P_det grid — numerator=0.000, denominator=0.064 (repeats for this event suppressed)
Event 777: >5% quadrature weight outside P_det grid — numerator=0.000, denominator=0.059 (repeats for this event suppressed)
Event 777: >5% quadrature weight outside P_det grid — numerator=0.000, denominator=0.073 (repeats for this event suppressed)
Event 777: >5% quadrature weight outside P_det grid — numerator=0.000, denominator=0.069 (repeats for this event suppressed)
parallel computing took: 0.13511991500854492s
Progess: detections: 778/1588...
Found 267 possible hosts without BH mass and 267 possible hosts with BH mass.
possible hosts found 267/267...
start parallel computation with: <multiprocessing.pool.Pool state=RUN pool_size=14>
parallel computing took: 0.021518945693969727s
Progess: detections: 779/1588...
No possible hosts. Returning None.
Detection 779: no catalogue hosts in the localization volume — pure-completion fallback p_i = B_num/D (issue #29)
start parallel computation with: <multiprocessing.pool.Pool state=RUN pool_size=14>
parallel computing took: 7.152557373046875e-06s
Detection 779: no catalog results found
Progess: detections: 780/1588...
Found 1 possible hosts without BH mass and 1 possible hosts with BH mass.
possible hosts found 1/1...
start parallel computation with: <multiprocessing.pool.Pool state=RUN pool_size=14>
parallel computing took: 0.002622842788696289s
Progess: detections: 781/1588...
Found 60 possible hosts without BH mass and 60 possible hosts with BH mass.
possible hosts found 60/60...
start parallel computation with: <multiprocessing.pool.Pool state=RUN pool_size=14>
parallel computing took: 0.007034778594970703s
Progess: detections: 782/1588...
No possible hosts. Returning None.
Detection 782: no catalogue hosts in the localization volume — pure-completion fallback p_i = B_num/D (issue #29)
start parallel computation with: <multiprocessing.pool.Pool state=RUN pool_size=14>
parallel computing took: 7.867813110351562e-06s
Detection 782: no catalog results found
Progess: detections: 783/1588...
Found 26 possible hosts without BH mass and 26 possible hosts with BH mass.
possible hosts found 26/26...
start parallel computation with: <multiprocessing.pool.Pool state=RUN pool_size=14>
parallel computing took: 0.005255699157714844s
Progess: detections: 784/1588...
Found 145 possible hosts without BH mass and 145 possible hosts with BH mass.
possible hosts found 145/145...
start parallel computation with: <multiprocessing.pool.Pool state=RUN pool_size=14>
parallel computing took: 0.011636018753051758s
Progess: detections: 785/1588...
Found 954 possible hosts without BH mass and 954 possible hosts with BH mass.
possible hosts found 954/954...
start parallel computation with: <multiprocessing.pool.Pool state=RUN pool_size=14>
parallel computing took: 0.07291913032531738s
Progess: detections: 786/1588...
Found 245364 possible hosts without BH mass and 245249 possible hosts with BH mass.
possible hosts found 245364/245249...
start parallel computation with: <multiprocessing.pool.Pool state=RUN pool_size=14>
Event 786: >5% quadrature weight outside P_det grid — numerator=0.000, denominator=0.055 (repeats for this event suppressed)
Event 786: >5% quadrature weight outside P_det grid — numerator=0.000, denominator=0.053 (repeats for this event suppressed)
Event 786: >5% quadrature weight outside P_det grid — numerator=0.000, denominator=0.053 (repeats for this event suppressed)
Event 786: >5% quadrature weight outside P_det grid — numerator=0.000, denominator=0.051 (repeats for this event suppressed)
Event 786: >5% quadrature weight outside P_det grid — numerator=0.000, denominator=0.055 (repeats for this event suppressed)
Event 786: >5% quadrature weight outside P_det grid — numerator=0.000, denominator=0.051 (repeats for this event suppressed)
Event 786: >5% quadrature weight outside P_det grid — numerator=0.000, denominator=0.054 (repeats for this event suppressed)
Event 786: >5% quadrature weight outside P_det grid — numerator=0.000, denominator=0.053 (repeats for this event suppressed)
Event 786: >5% quadrature weight outside P_det grid — numerator=0.000, denominator=0.053 (repeats for this event suppressed)
Event 786: >5% quadrature weight outside P_det grid — numerator=0.000, denominator=0.051 (repeats for this event suppressed)
Event 786: >5% quadrature weight outside P_det grid — numerator=0.000, denominator=0.051 (repeats for this event suppressed)
Event 786: >5% quadrature weight outside P_det grid — numerator=0.000, denominator=0.051 (repeats for this event suppressed)
Event 786: >5% quadrature weight outside P_det grid — numerator=0.000, denominator=0.056 (repeats for this event suppressed)
Event 786: >5% quadrature weight outside P_det grid — numerator=0.000, denominator=0.052 (repeats for this event suppressed)
parallel computing took: 21.781147718429565s
Progess: detections: 787/1588...
Found 4195 possible hosts without BH mass and 4195 possible hosts with BH mass.
possible hosts found 4195/4195...
start parallel computation with: <multiprocessing.pool.Pool state=RUN pool_size=14>
parallel computing took: 0.35988473892211914s
Progess: detections: 788/1588...
Found 79 possible hosts without BH mass and 79 possible hosts with BH mass.
possible hosts found 79/79...
start parallel computation with: <multiprocessing.pool.Pool state=RUN pool_size=14>
parallel computing took: 0.008478641510009766s
Progess: detections: 789/1588...
Found 12 possible hosts without BH mass and 12 possible hosts with BH mass.
possible hosts found 12/12...
start parallel computation with: <multiprocessing.pool.Pool state=RUN pool_size=14>
parallel computing took: 0.004290103912353516s
Progess: detections: 790/1588...
Found 27 possible hosts without BH mass and 27 possible hosts with BH mass.
possible hosts found 27/27...
start parallel computation with: <multiprocessing.pool.Pool state=RUN pool_size=14>
parallel computing took: 0.005121946334838867s
Progess: detections: 791/1588...
Found 4 possible hosts without BH mass and 4 possible hosts with BH mass.
possible hosts found 4/4...
start parallel computation with: <multiprocessing.pool.Pool state=RUN pool_size=14>
parallel computing took: 0.0035779476165771484s
Progess: detections: 792/1588...
Found 37 possible hosts without BH mass and 37 possible hosts with BH mass.
possible hosts found 37/37...
start parallel computation with: <multiprocessing.pool.Pool state=RUN pool_size=14>
parallel computing took: 0.005503177642822266s
Progess: detections: 793/1588...
Found 49 possible hosts without BH mass and 49 possible hosts with BH mass.
possible hosts found 49/49...
start parallel computation with: <multiprocessing.pool.Pool state=RUN pool_size=14>
parallel computing took: 0.007441997528076172s
Progess: detections: 794/1588...
No possible hosts. Returning None.
Detection 794: no catalogue hosts in the localization volume — pure-completion fallback p_i = B_num/D (issue #29)
start parallel computation with: <multiprocessing.pool.Pool state=RUN pool_size=14>
parallel computing took: 8.106231689453125e-06s
Detection 794: no catalog results found
Progess: detections: 795/1588...
Found 22372 possible hosts without BH mass and 22372 possible hosts with BH mass.
possible hosts found 22372/22372...
start parallel computation with: <multiprocessing.pool.Pool state=RUN pool_size=14>
parallel computing took: 2.1217198371887207s
Progess: detections: 796/1588...
No possible hosts. Returning None.
Detection 796: no catalogue hosts in the localization volume — pure-completion fallback p_i = B_num/D (issue #29)
start parallel computation with: <multiprocessing.pool.Pool state=RUN pool_size=14>
parallel computing took: 8.821487426757812e-06s
Detection 796: no catalog results found
Progess: detections: 797/1588...
No possible hosts. Returning None.
Detection 797: no catalogue hosts in the localization volume — pure-completion fallback p_i = B_num/D (issue #29)
start parallel computation with: <multiprocessing.pool.Pool state=RUN pool_size=14>
parallel computing took: 7.62939453125e-06s
Detection 797: no catalog results found
Progess: detections: 798/1588...
Found 542 possible hosts without BH mass and 542 possible hosts with BH mass.
possible hosts found 542/542...
start parallel computation with: <multiprocessing.pool.Pool state=RUN pool_size=14>
parallel computing took: 0.03984975814819336s
Progess: detections: 799/1588...
No possible hosts. Returning None.
Detection 799: no catalogue hosts in the localization volume — pure-completion fallback p_i = B_num/D (issue #29)
start parallel computation with: <multiprocessing.pool.Pool state=RUN pool_size=14>
parallel computing took: 7.3909759521484375e-06s
Detection 799: no catalog results found
Detection 800/1588: last=0.00s, avg=0.14s, est_remaining=109s
Progess: detections: 800/1588...
Found 4 possible hosts without BH mass and 4 possible hosts with BH mass.
possible hosts found 4/4...
start parallel computation with: <multiprocessing.pool.Pool state=RUN pool_size=14>
parallel computing took: 0.0033292770385742188s
Progess: detections: 801/1588...
No possible hosts. Returning None.
Detection 801: no catalogue hosts in the localization volume — pure-completion fallback p_i = B_num/D (issue #29)
start parallel computation with: <multiprocessing.pool.Pool state=RUN pool_size=14>
parallel computing took: 6.67572021484375e-06s
Detection 801: no catalog results found
Progess: detections: 802/1588...
Found 170 possible hosts without BH mass and 170 possible hosts with BH mass.
possible hosts found 170/170...
start parallel computation with: <multiprocessing.pool.Pool state=RUN pool_size=14>
parallel computing took: 0.013819694519042969s
Progess: detections: 803/1588...
Found 92 possible hosts without BH mass and 92 possible hosts with BH mass.
possible hosts found 92/92...
start parallel computation with: <multiprocessing.pool.Pool state=RUN pool_size=14>
parallel computing took: 0.011602163314819336s
Progess: detections: 804/1588...
Found 1 possible hosts without BH mass and 1 possible hosts with BH mass.
possible hosts found 1/1...
start parallel computation with: <multiprocessing.pool.Pool state=RUN pool_size=14>
parallel computing took: 0.002676248550415039s
Progess: detections: 805/1588...
No possible hosts. Returning None.
Detection 805: no catalogue hosts in the localization volume — pure-completion fallback p_i = B_num/D (issue #29)
start parallel computation with: <multiprocessing.pool.Pool state=RUN pool_size=14>
parallel computing took: 6.198883056640625e-06s
Detection 805: no catalog results found
Progess: detections: 806/1588...
Found 124 possible hosts without BH mass and 124 possible hosts with BH mass.
possible hosts found 124/124...
start parallel computation with: <multiprocessing.pool.Pool state=RUN pool_size=14>
parallel computing took: 0.011339902877807617s
Progess: detections: 807/1588...
Found 85 possible hosts without BH mass and 85 possible hosts with BH mass.
possible hosts found 85/85...
start parallel computation with: <multiprocessing.pool.Pool state=RUN pool_size=14>
parallel computing took: 0.008697271347045898s
Progess: detections: 808/1588...
Found 178 possible hosts without BH mass and 178 possible hosts with BH mass.
possible hosts found 178/178...
start parallel computation with: <multiprocessing.pool.Pool state=RUN pool_size=14>
parallel computing took: 0.014889955520629883s
Progess: detections: 809/1588...
No possible hosts. Returning None.
Detection 809: no catalogue hosts in the localization volume — pure-completion fallback p_i = B_num/D (issue #29)
start parallel computation with: <multiprocessing.pool.Pool state=RUN pool_size=14>
parallel computing took: 7.62939453125e-06s
Detection 809: no catalog results found
Progess: detections: 810/1588...
Found 992 possible hosts without BH mass and 992 possible hosts with BH mass.
possible hosts found 992/992...
start parallel computation with: <multiprocessing.pool.Pool state=RUN pool_size=14>
parallel computing took: 0.0782930850982666s
Progess: detections: 811/1588...
No possible hosts. Returning None.
Detection 811: no catalogue hosts in the localization volume — pure-completion fallback p_i = B_num/D (issue #29)
start parallel computation with: <multiprocessing.pool.Pool state=RUN pool_size=14>
parallel computing took: 8.58306884765625e-06s
Detection 811: no catalog results found
Progess: detections: 812/1588...
Found 20468 possible hosts without BH mass and 20468 possible hosts with BH mass.
possible hosts found 20468/20468...
start parallel computation with: <multiprocessing.pool.Pool state=RUN pool_size=14>
parallel computing took: 1.9095258712768555s
Progess: detections: 813/1588...
No possible hosts. Returning None.
Detection 813: no catalogue hosts in the localization volume — pure-completion fallback p_i = B_num/D (issue #29)
start parallel computation with: <multiprocessing.pool.Pool state=RUN pool_size=14>
parallel computing took: 9.298324584960938e-06s
Detection 813: no catalog results found
Progess: detections: 814/1588...
Found 3002 possible hosts without BH mass and 3002 possible hosts with BH mass.
possible hosts found 3002/3002...
start parallel computation with: <multiprocessing.pool.Pool state=RUN pool_size=14>
parallel computing took: 0.4532630443572998s
Progess: detections: 815/1588...
No possible hosts. Returning None.
Detection 815: no catalogue hosts in the localization volume — pure-completion fallback p_i = B_num/D (issue #29)
start parallel computation with: <multiprocessing.pool.Pool state=RUN pool_size=14>
parallel computing took: 7.62939453125e-06s
Detection 815: no catalog results found
Progess: detections: 816/1588...
Found 709 possible hosts without BH mass and 704 possible hosts with BH mass.
possible hosts found 709/704...
start parallel computation with: <multiprocessing.pool.Pool state=RUN pool_size=14>
Event 816: >5% quadrature weight outside P_det grid — numerator=0.000, denominator=0.061 (repeats for this event suppressed)
Event 816: >5% quadrature weight outside P_det grid — numerator=0.000, denominator=0.050 (repeats for this event suppressed)
Event 816: >5% quadrature weight outside P_det grid — numerator=0.000, denominator=0.061 (repeats for this event suppressed)
Event 816: >5% quadrature weight outside P_det grid — numerator=0.000, denominator=0.065 (repeats for this event suppressed)
Event 816: >5% quadrature weight outside P_det grid — numerator=0.000, denominator=0.066 (repeats for this event suppressed)
Event 816: >5% quadrature weight outside P_det grid — numerator=0.000, denominator=0.054 (repeats for this event suppressed)
Event 816: >5% quadrature weight outside P_det grid — numerator=0.000, denominator=0.054 (repeats for this event suppressed)
Event 816: >5% quadrature weight outside P_det grid — numerator=0.000, denominator=0.053 (repeats for this event suppressed)
Event 816: >5% quadrature weight outside P_det grid — numerator=0.000, denominator=0.059 (repeats for this event suppressed)
Event 816: >5% quadrature weight outside P_det grid — numerator=0.000, denominator=0.068 (repeats for this event suppressed)
Event 816: >5% quadrature weight outside P_det grid — numerator=0.000, denominator=0.057 (repeats for this event suppressed)
Event 816: >5% quadrature weight outside P_det grid — numerator=0.000, denominator=0.054 (repeats for this event suppressed)
Event 816: >5% quadrature weight outside P_det grid — numerator=0.000, denominator=0.050 (repeats for this event suppressed)
Event 816: >5% quadrature weight outside P_det grid — numerator=0.000, denominator=0.055 (repeats for this event suppressed)
parallel computing took: 0.057471275329589844s
Progess: detections: 817/1588...
No possible hosts. Returning None.
Detection 817: no catalogue hosts in the localization volume — pure-completion fallback p_i = B_num/D (issue #29)
start parallel computation with: <multiprocessing.pool.Pool state=RUN pool_size=14>
parallel computing took: 7.62939453125e-06s
Detection 817: no catalog results found
Progess: detections: 818/1588...
Found 1 possible hosts without BH mass and 1 possible hosts with BH mass.
possible hosts found 1/1...
start parallel computation with: <multiprocessing.pool.Pool state=RUN pool_size=14>
parallel computing took: 0.002789020538330078s
Progess: detections: 819/1588...
No possible hosts. Returning None.
Detection 819: no catalogue hosts in the localization volume — pure-completion fallback p_i = B_num/D (issue #29)
start parallel computation with: <multiprocessing.pool.Pool state=RUN pool_size=14>
parallel computing took: 6.67572021484375e-06s
Detection 819: no catalog results found
Progess: detections: 820/1588...
Found 42 possible hosts without BH mass and 42 possible hosts with BH mass.
possible hosts found 42/42...
start parallel computation with: <multiprocessing.pool.Pool state=RUN pool_size=14>
parallel computing took: 0.00802469253540039s
Progess: detections: 821/1588...
No possible hosts. Returning None.
Detection 821: no catalogue hosts in the localization volume — pure-completion fallback p_i = B_num/D (issue #29)
start parallel computation with: <multiprocessing.pool.Pool state=RUN pool_size=14>
parallel computing took: 7.3909759521484375e-06s
Detection 821: no catalog results found
Progess: detections: 822/1588...
Found 72 possible hosts without BH mass and 72 possible hosts with BH mass.
possible hosts found 72/72...
start parallel computation with: <multiprocessing.pool.Pool state=RUN pool_size=14>
parallel computing took: 0.010567903518676758s
Progess: detections: 823/1588...
Found 19 possible hosts without BH mass and 19 possible hosts with BH mass.
possible hosts found 19/19...
start parallel computation with: <multiprocessing.pool.Pool state=RUN pool_size=14>
parallel computing took: 0.008810281753540039s
Progess: detections: 824/1588...
Found 457 possible hosts without BH mass and 457 possible hosts with BH mass.
possible hosts found 457/457...
start parallel computation with: <multiprocessing.pool.Pool state=RUN pool_size=14>
parallel computing took: 0.03364062309265137s
Progess: detections: 825/1588...
No possible hosts. Returning None.
Detection 825: no catalogue hosts in the localization volume — pure-completion fallback p_i = B_num/D (issue #29)
start parallel computation with: <multiprocessing.pool.Pool state=RUN pool_size=14>
parallel computing took: 7.867813110351562e-06s
Detection 825: no catalog results found
Progess: detections: 826/1588...
Found 6 possible hosts without BH mass and 6 possible hosts with BH mass.
possible hosts found 6/6...
start parallel computation with: <multiprocessing.pool.Pool state=RUN pool_size=14>
parallel computing took: 0.004057884216308594s
Progess: detections: 827/1588...
Found 3196 possible hosts without BH mass and 3196 possible hosts with BH mass.
possible hosts found 3196/3196...
start parallel computation with: <multiprocessing.pool.Pool state=RUN pool_size=14>
parallel computing took: 0.27594518661499023s
Progess: detections: 828/1588...
No possible hosts. Returning None.
Detection 828: no catalogue hosts in the localization volume — pure-completion fallback p_i = B_num/D (issue #29)
start parallel computation with: <multiprocessing.pool.Pool state=RUN pool_size=14>
parallel computing took: 7.867813110351562e-06s
Detection 828: no catalog results found
Progess: detections: 829/1588...
Found 5251 possible hosts without BH mass and 5251 possible hosts with BH mass.
possible hosts found 5251/5251...
start parallel computation with: <multiprocessing.pool.Pool state=RUN pool_size=14>
parallel computing took: 0.44684481620788574s
Progess: detections: 830/1588...
Found 822 possible hosts without BH mass and 822 possible hosts with BH mass.
possible hosts found 822/822...
start parallel computation with: <multiprocessing.pool.Pool state=RUN pool_size=14>
Event 830: >5% quadrature weight outside P_det grid — numerator=0.000, denominator=0.053 (repeats for this event suppressed)
Event 830: >5% quadrature weight outside P_det grid — numerator=0.000, denominator=0.055 (repeats for this event suppressed)
Event 830: >5% quadrature weight outside P_det grid — numerator=0.000, denominator=0.052 (repeats for this event suppressed)
Event 830: >5% quadrature weight outside P_det grid — numerator=0.000, denominator=0.057 (repeats for this event suppressed)
Event 830: >5% quadrature weight outside P_det grid — numerator=0.000, denominator=0.053 (repeats for this event suppressed)
Event 830: >5% quadrature weight outside P_det grid — numerator=0.000, denominator=0.059 (repeats for this event suppressed)
Event 830: >5% quadrature weight outside P_det grid — numerator=0.000, denominator=0.060 (repeats for this event suppressed)
Event 830: >5% quadrature weight outside P_det grid — numerator=0.000, denominator=0.057 (repeats for this event suppressed)
Event 830: >5% quadrature weight outside P_det grid — numerator=0.000, denominator=0.058 (repeats for this event suppressed)
Event 830: >5% quadrature weight outside P_det grid — numerator=0.000, denominator=0.058 (repeats for this event suppressed)
Event 830: >5% quadrature weight outside P_det grid — numerator=0.000, denominator=0.053 (repeats for this event suppressed)
Event 830: >5% quadrature weight outside P_det grid — numerator=0.000, denominator=0.050 (repeats for this event suppressed)
Event 830: >5% quadrature weight outside P_det grid — numerator=0.000, denominator=0.053 (repeats for this event suppressed)
Event 830: >5% quadrature weight outside P_det grid — numerator=0.000, denominator=0.054 (repeats for this event suppressed)
parallel computing took: 0.0665748119354248s
Progess: detections: 831/1588...
No possible hosts. Returning None.
Detection 831: no catalogue hosts in the localization volume — pure-completion fallback p_i = B_num/D (issue #29)
start parallel computation with: <multiprocessing.pool.Pool state=RUN pool_size=14>
parallel computing took: 7.867813110351562e-06s
Detection 831: no catalog results found
Progess: detections: 832/1588...
Found 142 possible hosts without BH mass and 142 possible hosts with BH mass.
possible hosts found 142/142...
start parallel computation with: <multiprocessing.pool.Pool state=RUN pool_size=14>
parallel computing took: 0.011672496795654297s
Progess: detections: 833/1588...
No possible hosts. Returning None.
Detection 833: no catalogue hosts in the localization volume — pure-completion fallback p_i = B_num/D (issue #29)
start parallel computation with: <multiprocessing.pool.Pool state=RUN pool_size=14>
parallel computing took: 7.62939453125e-06s
Detection 833: no catalog results found
Progess: detections: 834/1588...
No possible hosts. Returning None.
Detection 834: no catalogue hosts in the localization volume — pure-completion fallback p_i = B_num/D (issue #29)
start parallel computation with: <multiprocessing.pool.Pool state=RUN pool_size=14>
parallel computing took: 7.152557373046875e-06s
Detection 834: no catalog results found
Progess: detections: 835/1588...
Found 178 possible hosts without BH mass and 178 possible hosts with BH mass.
possible hosts found 178/178...
start parallel computation with: <multiprocessing.pool.Pool state=RUN pool_size=14>
parallel computing took: 0.016463518142700195s
Progess: detections: 836/1588...
Found 839 possible hosts without BH mass and 839 possible hosts with BH mass.
possible hosts found 839/839...
start parallel computation with: <multiprocessing.pool.Pool state=RUN pool_size=14>
parallel computing took: 0.061357736587524414s
Progess: detections: 837/1588...
No possible hosts. Returning None.
Detection 837: no catalogue hosts in the localization volume — pure-completion fallback p_i = B_num/D (issue #29)
start parallel computation with: <multiprocessing.pool.Pool state=RUN pool_size=14>
parallel computing took: 7.62939453125e-06s
Detection 837: no catalog results found
Progess: detections: 838/1588...
No possible hosts. Returning None.
Detection 838: no catalogue hosts in the localization volume — pure-completion fallback p_i = B_num/D (issue #29)
start parallel computation with: <multiprocessing.pool.Pool state=RUN pool_size=14>
parallel computing took: 6.67572021484375e-06s
Detection 838: no catalog results found
Progess: detections: 839/1588...
Found 2 possible hosts without BH mass and 2 possible hosts with BH mass.
possible hosts found 2/2...
start parallel computation with: <multiprocessing.pool.Pool state=RUN pool_size=14>
parallel computing took: 0.0028073787689208984s
Progess: detections: 840/1588...
Found 2 possible hosts without BH mass and 2 possible hosts with BH mass.
possible hosts found 2/2...
start parallel computation with: <multiprocessing.pool.Pool state=RUN pool_size=14>
parallel computing took: 0.003689289093017578s
Progess: detections: 841/1588...
Found 547 possible hosts without BH mass and 547 possible hosts with BH mass.
possible hosts found 547/547...
start parallel computation with: <multiprocessing.pool.Pool state=RUN pool_size=14>
parallel computing took: 0.039371490478515625s
Progess: detections: 842/1588...
Found 5 possible hosts without BH mass and 5 possible hosts with BH mass.
possible hosts found 5/5...
start parallel computation with: <multiprocessing.pool.Pool state=RUN pool_size=14>
parallel computing took: 0.004171609878540039s
Progess: detections: 843/1588...
Found 70 possible hosts without BH mass and 70 possible hosts with BH mass.
possible hosts found 70/70...
start parallel computation with: <multiprocessing.pool.Pool state=RUN pool_size=14>
parallel computing took: 0.008117914199829102s
Progess: detections: 844/1588...
Found 24 possible hosts without BH mass and 24 possible hosts with BH mass.
possible hosts found 24/24...
start parallel computation with: <multiprocessing.pool.Pool state=RUN pool_size=14>
parallel computing took: 0.005158662796020508s
Progess: detections: 845/1588...
No possible hosts. Returning None.
Detection 845: no catalogue hosts in the localization volume — pure-completion fallback p_i = B_num/D (issue #29)
start parallel computation with: <multiprocessing.pool.Pool state=RUN pool_size=14>
parallel computing took: 7.867813110351562e-06s
Detection 845: no catalog results found
Progess: detections: 846/1588...
Found 168 possible hosts without BH mass and 168 possible hosts with BH mass.
possible hosts found 168/168...
start parallel computation with: <multiprocessing.pool.Pool state=RUN pool_size=14>
parallel computing took: 0.013643026351928711s
Progess: detections: 847/1588...
Found 100 possible hosts without BH mass and 100 possible hosts with BH mass.
possible hosts found 100/100...
start parallel computation with: <multiprocessing.pool.Pool state=RUN pool_size=14>
parallel computing took: 0.010050296783447266s
Progess: detections: 848/1588...
Found 4757 possible hosts without BH mass and 4757 possible hosts with BH mass.
possible hosts found 4757/4757...
start parallel computation with: <multiprocessing.pool.Pool state=RUN pool_size=14>
parallel computing took: 0.38834619522094727s
Progess: detections: 849/1588...
Found 1 possible hosts without BH mass and 1 possible hosts with BH mass.
possible hosts found 1/1...
start parallel computation with: <multiprocessing.pool.Pool state=RUN pool_size=14>
parallel computing took: 0.002683877944946289s
Progess: detections: 850/1588...
No possible hosts. Returning None.
Detection 850: no catalogue hosts in the localization volume — pure-completion fallback p_i = B_num/D (issue #29)
start parallel computation with: <multiprocessing.pool.Pool state=RUN pool_size=14>
parallel computing took: 7.152557373046875e-06s
Detection 850: no catalog results found
Progess: detections: 851/1588...
Found 52 possible hosts without BH mass and 52 possible hosts with BH mass.
possible hosts found 52/52...
start parallel computation with: <multiprocessing.pool.Pool state=RUN pool_size=14>
parallel computing took: 0.00689697265625s
Progess: detections: 852/1588...
Found 66 possible hosts without BH mass and 66 possible hosts with BH mass.
possible hosts found 66/66...
start parallel computation with: <multiprocessing.pool.Pool state=RUN pool_size=14>
parallel computing took: 0.0076465606689453125s
Progess: detections: 853/1588...
No possible hosts. Returning None.
Detection 853: no catalogue hosts in the localization volume — pure-completion fallback p_i = B_num/D (issue #29)
start parallel computation with: <multiprocessing.pool.Pool state=RUN pool_size=14>
parallel computing took: 7.3909759521484375e-06s
Detection 853: no catalog results found
Progess: detections: 854/1588...
No possible hosts. Returning None.
Detection 854: no catalogue hosts in the localization volume — pure-completion fallback p_i = B_num/D (issue #29)
start parallel computation with: <multiprocessing.pool.Pool state=RUN pool_size=14>
parallel computing took: 6.9141387939453125e-06s
Detection 854: no catalog results found
Progess: detections: 855/1588...
Found 53 possible hosts without BH mass and 53 possible hosts with BH mass.
possible hosts found 53/53...
start parallel computation with: <multiprocessing.pool.Pool state=RUN pool_size=14>
parallel computing took: 0.007257223129272461s
Progess: detections: 856/1588...
No possible hosts. Returning None.
Detection 856: no catalogue hosts in the localization volume — pure-completion fallback p_i = B_num/D (issue #29)
start parallel computation with: <multiprocessing.pool.Pool state=RUN pool_size=14>
parallel computing took: 8.106231689453125e-06s
Detection 856: no catalog results found
Progess: detections: 857/1588...
Found 16 possible hosts without BH mass and 16 possible hosts with BH mass.
possible hosts found 16/16...
start parallel computation with: <multiprocessing.pool.Pool state=RUN pool_size=14>
parallel computing took: 0.0046656131744384766s
Progess: detections: 858/1588...
No possible hosts. Returning None.
Detection 858: no catalogue hosts in the localization volume — pure-completion fallback p_i = B_num/D (issue #29)
start parallel computation with: <multiprocessing.pool.Pool state=RUN pool_size=14>
parallel computing took: 6.9141387939453125e-06s
Detection 858: no catalog results found
Progess: detections: 859/1588...
No possible hosts. Returning None.
Detection 859: no catalogue hosts in the localization volume — pure-completion fallback p_i = B_num/D (issue #29)
start parallel computation with: <multiprocessing.pool.Pool state=RUN pool_size=14>
parallel computing took: 6.67572021484375e-06s
Detection 859: no catalog results found
Progess: detections: 860/1588...
Found 533 possible hosts without BH mass and 533 possible hosts with BH mass.
possible hosts found 533/533...
start parallel computation with: <multiprocessing.pool.Pool state=RUN pool_size=14>
parallel computing took: 0.04150748252868652s
Progess: detections: 861/1588...
No possible hosts. Returning None.
Detection 861: no catalogue hosts in the localization volume — pure-completion fallback p_i = B_num/D (issue #29)
start parallel computation with: <multiprocessing.pool.Pool state=RUN pool_size=14>
parallel computing took: 7.3909759521484375e-06s
Detection 861: no catalog results found
Progess: detections: 862/1588...
Found 22 possible hosts without BH mass and 22 possible hosts with BH mass.
possible hosts found 22/22...
start parallel computation with: <multiprocessing.pool.Pool state=RUN pool_size=14>
parallel computing took: 0.005057811737060547s
Progess: detections: 863/1588...
Found 122 possible hosts without BH mass and 122 possible hosts with BH mass.
possible hosts found 122/122...
start parallel computation with: <multiprocessing.pool.Pool state=RUN pool_size=14>
parallel computing took: 0.010915756225585938s
Progess: detections: 864/1588...
Found 68 possible hosts without BH mass and 68 possible hosts with BH mass.
possible hosts found 68/68...
start parallel computation with: <multiprocessing.pool.Pool state=RUN pool_size=14>
parallel computing took: 0.007859230041503906s
Progess: detections: 865/1588...
Found 121 possible hosts without BH mass and 121 possible hosts with BH mass.
possible hosts found 121/121...
start parallel computation with: <multiprocessing.pool.Pool state=RUN pool_size=14>
parallel computing took: 0.010615348815917969s
Progess: detections: 866/1588...
Found 7221 possible hosts without BH mass and 7221 possible hosts with BH mass.
possible hosts found 7221/7221...
start parallel computation with: <multiprocessing.pool.Pool state=RUN pool_size=14>
parallel computing took: 0.6810042858123779s
Progess: detections: 867/1588...
Found 102 possible hosts without BH mass and 102 possible hosts with BH mass.
possible hosts found 102/102...
start parallel computation with: <multiprocessing.pool.Pool state=RUN pool_size=14>
parallel computing took: 0.010432243347167969s
Progess: detections: 868/1588...
Found 365 possible hosts without BH mass and 365 possible hosts with BH mass.
possible hosts found 365/365...
start parallel computation with: <multiprocessing.pool.Pool state=RUN pool_size=14>
parallel computing took: 0.027293682098388672s
Progess: detections: 869/1588...
Found 701 possible hosts without BH mass and 701 possible hosts with BH mass.
possible hosts found 701/701...
start parallel computation with: <multiprocessing.pool.Pool state=RUN pool_size=14>
parallel computing took: 0.0539090633392334s
Progess: detections: 870/1588...
Found 5144 possible hosts without BH mass and 5144 possible hosts with BH mass.
possible hosts found 5144/5144...
start parallel computation with: <multiprocessing.pool.Pool state=RUN pool_size=14>
parallel computing took: 0.4563608169555664s
Progess: detections: 871/1588...
Found 83 possible hosts without BH mass and 83 possible hosts with BH mass.
possible hosts found 83/83...
start parallel computation with: <multiprocessing.pool.Pool state=RUN pool_size=14>
parallel computing took: 0.009831666946411133s
Progess: detections: 872/1588...
No possible hosts. Returning None.
Detection 872: no catalogue hosts in the localization volume — pure-completion fallback p_i = B_num/D (issue #29)
start parallel computation with: <multiprocessing.pool.Pool state=RUN pool_size=14>
parallel computing took: 7.62939453125e-06s
Detection 872: no catalog results found
Progess: detections: 873/1588...
No possible hosts. Returning None.
Detection 873: no catalogue hosts in the localization volume — pure-completion fallback p_i = B_num/D (issue #29)
start parallel computation with: <multiprocessing.pool.Pool state=RUN pool_size=14>
parallel computing took: 7.152557373046875e-06s
Detection 873: no catalog results found
Progess: detections: 874/1588...
No possible hosts. Returning None.
Detection 874: no catalogue hosts in the localization volume — pure-completion fallback p_i = B_num/D (issue #29)
start parallel computation with: <multiprocessing.pool.Pool state=RUN pool_size=14>
parallel computing took: 6.67572021484375e-06s
Detection 874: no catalog results found
Progess: detections: 875/1588...
Found 36 possible hosts without BH mass and 36 possible hosts with BH mass.
possible hosts found 36/36...
start parallel computation with: <multiprocessing.pool.Pool state=RUN pool_size=14>
parallel computing took: 0.0068128108978271484s
Progess: detections: 876/1588...
Found 365 possible hosts without BH mass and 365 possible hosts with BH mass.
possible hosts found 365/365...
start parallel computation with: <multiprocessing.pool.Pool state=RUN pool_size=14>
parallel computing took: 0.029325246810913086s
Progess: detections: 877/1588...
Found 2985 possible hosts without BH mass and 2985 possible hosts with BH mass.
possible hosts found 2985/2985...
start parallel computation with: <multiprocessing.pool.Pool state=RUN pool_size=14>
parallel computing took: 0.25443363189697266s
Progess: detections: 878/1588...
Found 4731 possible hosts without BH mass and 4727 possible hosts with BH mass.
possible hosts found 4731/4727...
start parallel computation with: <multiprocessing.pool.Pool state=RUN pool_size=14>
Event 878: >5% quadrature weight outside P_det grid — numerator=0.000, denominator=0.059 (repeats for this event suppressed)
Event 878: >5% quadrature weight outside P_det grid — numerator=0.000, denominator=0.059 (repeats for this event suppressed)
Event 878: >5% quadrature weight outside P_det grid — numerator=0.000, denominator=0.051 (repeats for this event suppressed)
Event 878: >5% quadrature weight outside P_det grid — numerator=0.000, denominator=0.055 (repeats for this event suppressed)
Event 878: >5% quadrature weight outside P_det grid — numerator=0.000, denominator=0.056 (repeats for this event suppressed)
Event 878: >5% quadrature weight outside P_det grid — numerator=0.000, denominator=0.050 (repeats for this event suppressed)
Event 878: >5% quadrature weight outside P_det grid — numerator=0.000, denominator=0.059 (repeats for this event suppressed)
Event 878: >5% quadrature weight outside P_det grid — numerator=0.000, denominator=0.060 (repeats for this event suppressed)
Event 878: >5% quadrature weight outside P_det grid — numerator=0.000, denominator=0.056 (repeats for this event suppressed)
Event 878: >5% quadrature weight outside P_det grid — numerator=0.000, denominator=0.051 (repeats for this event suppressed)
Event 878: >5% quadrature weight outside P_det grid — numerator=0.000, denominator=0.062 (repeats for this event suppressed)
Event 878: >5% quadrature weight outside P_det grid — numerator=0.000, denominator=0.052 (repeats for this event suppressed)
Event 878: >5% quadrature weight outside P_det grid — numerator=0.000, denominator=0.053 (repeats for this event suppressed)
Event 878: >5% quadrature weight outside P_det grid — numerator=0.000, denominator=0.052 (repeats for this event suppressed)
parallel computing took: 0.406968355178833s
Progess: detections: 879/1588...
Found 29 possible hosts without BH mass and 29 possible hosts with BH mass.
possible hosts found 29/29...
start parallel computation with: <multiprocessing.pool.Pool state=RUN pool_size=14>
parallel computing took: 0.005970954895019531s
Progess: detections: 880/1588...
Found 66 possible hosts without BH mass and 66 possible hosts with BH mass.
possible hosts found 66/66...
start parallel computation with: <multiprocessing.pool.Pool state=RUN pool_size=14>
parallel computing took: 0.0071942806243896484s
Progess: detections: 881/1588...
Found 5 possible hosts without BH mass and 5 possible hosts with BH mass.
possible hosts found 5/5...
start parallel computation with: <multiprocessing.pool.Pool state=RUN pool_size=14>
parallel computing took: 0.0028753280639648438s
Progess: detections: 882/1588...
Found 5 possible hosts without BH mass and 5 possible hosts with BH mass.
possible hosts found 5/5...
start parallel computation with: <multiprocessing.pool.Pool state=RUN pool_size=14>
Event 882: >5% quadrature weight outside P_det grid — numerator=0.000, denominator=0.065 (repeats for this event suppressed)
Event 882: >5% quadrature weight outside P_det grid — numerator=0.000, denominator=0.068 (repeats for this event suppressed)
Event 882: >5% quadrature weight outside P_det grid — numerator=0.000, denominator=0.055 (repeats for this event suppressed)
Event 882: >5% quadrature weight outside P_det grid — numerator=0.000, denominator=0.056 (repeats for this event suppressed)
parallel computing took: 0.003645181655883789s
Progess: detections: 883/1588...
Found 2 possible hosts without BH mass and 2 possible hosts with BH mass.
possible hosts found 2/2...
start parallel computation with: <multiprocessing.pool.Pool state=RUN pool_size=14>
Event 883: >5% quadrature weight outside P_det grid — numerator=0.000, denominator=0.072 (repeats for this event suppressed)
Event 883: >5% quadrature weight outside P_det grid — numerator=0.000, denominator=0.080 (repeats for this event suppressed)
parallel computing took: 0.002939939498901367s
Progess: detections: 884/1588...
Found 2062 possible hosts without BH mass and 2062 possible hosts with BH mass.
possible hosts found 2062/2062...
start parallel computation with: <multiprocessing.pool.Pool state=RUN pool_size=14>
parallel computing took: 0.17098474502563477s
Progess: detections: 885/1588...
Found 84 possible hosts without BH mass and 84 possible hosts with BH mass.
possible hosts found 84/84...
start parallel computation with: <multiprocessing.pool.Pool state=RUN pool_size=14>
parallel computing took: 0.009086847305297852s
Progess: detections: 886/1588...
No possible hosts. Returning None.
Detection 886: no catalogue hosts in the localization volume — pure-completion fallback p_i = B_num/D (issue #29)
start parallel computation with: <multiprocessing.pool.Pool state=RUN pool_size=14>
parallel computing took: 7.867813110351562e-06s
Detection 886: no catalog results found
Progess: detections: 887/1588...
No possible hosts. Returning None.
Detection 887: no catalogue hosts in the localization volume — pure-completion fallback p_i = B_num/D (issue #29)
start parallel computation with: <multiprocessing.pool.Pool state=RUN pool_size=14>
parallel computing took: 6.4373016357421875e-06s
Detection 887: no catalog results found
Progess: detections: 888/1588...
Found 8 possible hosts without BH mass and 8 possible hosts with BH mass.
possible hosts found 8/8...
start parallel computation with: <multiprocessing.pool.Pool state=RUN pool_size=14>
Event 888: >5% quadrature weight outside P_det grid — numerator=0.000, denominator=0.074 (repeats for this event suppressed)
Event 888: >5% quadrature weight outside P_det grid — numerator=0.000, denominator=0.060 (repeats for this event suppressed)
Event 888: >5% quadrature weight outside P_det grid — numerator=0.000, denominator=0.057 (repeats for this event suppressed)
Event 888: >5% quadrature weight outside P_det grid — numerator=0.000, denominator=0.055 (repeats for this event suppressed)
Event 888: >5% quadrature weight outside P_det grid — numerator=0.000, denominator=0.050 (repeats for this event suppressed)
parallel computing took: 0.0042951107025146484s
Progess: detections: 889/1588...
Found 2 possible hosts without BH mass and 2 possible hosts with BH mass.
possible hosts found 2/2...
start parallel computation with: <multiprocessing.pool.Pool state=RUN pool_size=14>
Event 889: >5% quadrature weight outside P_det grid — numerator=0.000, denominator=0.370 (repeats for this event suppressed)
parallel computing took: 0.0027713775634765625s
Progess: detections: 890/1588...
Found 3 possible hosts without BH mass and 3 possible hosts with BH mass.
possible hosts found 3/3...
start parallel computation with: <multiprocessing.pool.Pool state=RUN pool_size=14>
parallel computing took: 0.0028617382049560547s
Progess: detections: 891/1588...
Found 38 possible hosts without BH mass and 38 possible hosts with BH mass.
possible hosts found 38/38...
start parallel computation with: <multiprocessing.pool.Pool state=RUN pool_size=14>
parallel computing took: 0.005831003189086914s
Progess: detections: 892/1588...
Found 20 possible hosts without BH mass and 20 possible hosts with BH mass.
possible hosts found 20/20...
start parallel computation with: <multiprocessing.pool.Pool state=RUN pool_size=14>
parallel computing took: 0.00451207160949707s
Progess: detections: 893/1588...
Found 2 possible hosts without BH mass and 2 possible hosts with BH mass.
possible hosts found 2/2...
start parallel computation with: <multiprocessing.pool.Pool state=RUN pool_size=14>
parallel computing took: 0.0026912689208984375s
Progess: detections: 894/1588...
No possible hosts. Returning None.
Detection 894: no catalogue hosts in the localization volume — pure-completion fallback p_i = B_num/D (issue #29)
start parallel computation with: <multiprocessing.pool.Pool state=RUN pool_size=14>
parallel computing took: 6.67572021484375e-06s
Detection 894: no catalog results found
Progess: detections: 895/1588...
Found 180 possible hosts without BH mass and 180 possible hosts with BH mass.
possible hosts found 180/180...
start parallel computation with: <multiprocessing.pool.Pool state=RUN pool_size=14>
parallel computing took: 0.014147520065307617s
Progess: detections: 896/1588...
Found 305 possible hosts without BH mass and 305 possible hosts with BH mass.
possible hosts found 305/305...
start parallel computation with: <multiprocessing.pool.Pool state=RUN pool_size=14>
parallel computing took: 0.022512435913085938s
Progess: detections: 897/1588...
No possible hosts. Returning None.
Detection 897: no catalogue hosts in the localization volume — pure-completion fallback p_i = B_num/D (issue #29)
start parallel computation with: <multiprocessing.pool.Pool state=RUN pool_size=14>
parallel computing took: 7.152557373046875e-06s
Detection 897: no catalog results found
Progess: detections: 898/1588...
Found 299 possible hosts without BH mass and 299 possible hosts with BH mass.
possible hosts found 299/299...
start parallel computation with: <multiprocessing.pool.Pool state=RUN pool_size=14>
parallel computing took: 0.02203536033630371s
Progess: detections: 899/1588...
Found 27 possible hosts without BH mass and 27 possible hosts with BH mass.
possible hosts found 27/27...
start parallel computation with: <multiprocessing.pool.Pool state=RUN pool_size=14>
parallel computing took: 0.005689859390258789s
Detection 900/1588: last=0.01s, avg=0.13s, est_remaining=93s
Progess: detections: 900/1588...
Found 2 possible hosts without BH mass and 2 possible hosts with BH mass.
possible hosts found 2/2...
start parallel computation with: <multiprocessing.pool.Pool state=RUN pool_size=14>
Event 900: >5% quadrature weight outside P_det grid — numerator=0.000, denominator=0.083 (repeats for this event suppressed)
Event 900: >5% quadrature weight outside P_det grid — numerator=0.000, denominator=0.064 (repeats for this event suppressed)
parallel computing took: 0.002917051315307617s
Progess: detections: 901/1588...
No possible hosts. Returning None.
Detection 901: no catalogue hosts in the localization volume — pure-completion fallback p_i = B_num/D (issue #29)
start parallel computation with: <multiprocessing.pool.Pool state=RUN pool_size=14>
parallel computing took: 6.67572021484375e-06s
Detection 901: no catalog results found
Progess: detections: 902/1588...
Found 9 possible hosts without BH mass and 9 possible hosts with BH mass.
possible hosts found 9/9...
start parallel computation with: <multiprocessing.pool.Pool state=RUN pool_size=14>
parallel computing took: 0.004403829574584961s
Progess: detections: 903/1588...
Found 44 possible hosts without BH mass and 44 possible hosts with BH mass.
possible hosts found 44/44...
start parallel computation with: <multiprocessing.pool.Pool state=RUN pool_size=14>
parallel computing took: 0.006417036056518555s
Progess: detections: 904/1588...
Found 6 possible hosts without BH mass and 6 possible hosts with BH mass.
possible hosts found 6/6...
start parallel computation with: <multiprocessing.pool.Pool state=RUN pool_size=14>
Event 904: >5% quadrature weight outside P_det grid — numerator=0.000, denominator=0.066 (repeats for this event suppressed)
Event 904: >5% quadrature weight outside P_det grid — numerator=0.000, denominator=0.075 (repeats for this event suppressed)
Event 904: >5% quadrature weight outside P_det grid — numerator=0.000, denominator=0.060 (repeats for this event suppressed)
Event 904: >5% quadrature weight outside P_det grid — numerator=0.000, denominator=0.059 (repeats for this event suppressed)
parallel computing took: 0.004218101501464844s
Progess: detections: 905/1588...
No possible hosts. Returning None.
Detection 905: no catalogue hosts in the localization volume — pure-completion fallback p_i = B_num/D (issue #29)
start parallel computation with: <multiprocessing.pool.Pool state=RUN pool_size=14>
parallel computing took: 6.9141387939453125e-06s
Detection 905: no catalog results found
Progess: detections: 906/1588...
No possible hosts. Returning None.
Detection 906: no catalogue hosts in the localization volume — pure-completion fallback p_i = B_num/D (issue #29)
start parallel computation with: <multiprocessing.pool.Pool state=RUN pool_size=14>
parallel computing took: 6.4373016357421875e-06s
Detection 906: no catalog results found
Progess: detections: 907/1588...
No possible hosts. Returning None.
Detection 907: no catalogue hosts in the localization volume — pure-completion fallback p_i = B_num/D (issue #29)
start parallel computation with: <multiprocessing.pool.Pool state=RUN pool_size=14>
parallel computing took: 6.4373016357421875e-06s
Detection 907: no catalog results found
Progess: detections: 908/1588...
No possible hosts. Returning None.
Detection 908: no catalogue hosts in the localization volume — pure-completion fallback p_i = B_num/D (issue #29)
start parallel computation with: <multiprocessing.pool.Pool state=RUN pool_size=14>
parallel computing took: 6.4373016357421875e-06s
Detection 908: no catalog results found
Progess: detections: 909/1588...
No possible hosts. Returning None.
Detection 909: no catalogue hosts in the localization volume — pure-completion fallback p_i = B_num/D (issue #29)
start parallel computation with: <multiprocessing.pool.Pool state=RUN pool_size=14>
parallel computing took: 6.67572021484375e-06s
Detection 909: no catalog results found
Progess: detections: 910/1588...
Found 501 possible hosts without BH mass and 492 possible hosts with BH mass.
possible hosts found 501/492...
start parallel computation with: <multiprocessing.pool.Pool state=RUN pool_size=14>
Event 910: >5% quadrature weight outside P_det grid — numerator=0.000, denominator=0.050 (repeats for this event suppressed)
Event 910: >5% quadrature weight outside P_det grid — numerator=0.000, denominator=0.080 (repeats for this event suppressed)
Event 910: >5% quadrature weight outside P_det grid — numerator=0.000, denominator=0.051 (repeats for this event suppressed)
Event 910: >5% quadrature weight outside P_det grid — numerator=0.000, denominator=0.067 (repeats for this event suppressed)
Event 910: >5% quadrature weight outside P_det grid — numerator=0.000, denominator=0.061 (repeats for this event suppressed)
Event 910: >5% quadrature weight outside P_det grid — numerator=0.000, denominator=0.058 (repeats for this event suppressed)
Event 910: >5% quadrature weight outside P_det grid — numerator=0.000, denominator=0.051 (repeats for this event suppressed)
Event 910: >5% quadrature weight outside P_det grid — numerator=0.000, denominator=0.053 (repeats for this event suppressed)
Event 910: >5% quadrature weight outside P_det grid — numerator=0.000, denominator=0.061 (repeats for this event suppressed)
Event 910: >5% quadrature weight outside P_det grid — numerator=0.000, denominator=0.054 (repeats for this event suppressed)
Event 910: >5% quadrature weight outside P_det grid — numerator=0.000, denominator=0.065 (repeats for this event suppressed)
Event 910: >5% quadrature weight outside P_det grid — numerator=0.000, denominator=0.055 (repeats for this event suppressed)
Event 910: >5% quadrature weight outside P_det grid — numerator=0.000, denominator=0.067 (repeats for this event suppressed)
Event 910: >5% quadrature weight outside P_det grid — numerator=0.000, denominator=0.068 (repeats for this event suppressed)
parallel computing took: 0.03821110725402832s
Progess: detections: 911/1588...
Found 28062 possible hosts without BH mass and 28062 possible hosts with BH mass.
possible hosts found 28062/28062...
start parallel computation with: <multiprocessing.pool.Pool state=RUN pool_size=14>
parallel computing took: 2.628342866897583s
Progess: detections: 912/1588...
No possible hosts. Returning None.
Detection 912: no catalogue hosts in the localization volume — pure-completion fallback p_i = B_num/D (issue #29)
start parallel computation with: <multiprocessing.pool.Pool state=RUN pool_size=14>
parallel computing took: 9.775161743164062e-06s
Detection 912: no catalog results found
Progess: detections: 913/1588...
Found 909 possible hosts without BH mass and 909 possible hosts with BH mass.
possible hosts found 909/909...
start parallel computation with: <multiprocessing.pool.Pool state=RUN pool_size=14>
parallel computing took: 0.06670403480529785s
Progess: detections: 914/1588...
Found 166 possible hosts without BH mass and 166 possible hosts with BH mass.
possible hosts found 166/166...
start parallel computation with: <multiprocessing.pool.Pool state=RUN pool_size=14>
parallel computing took: 0.014286994934082031s
Progess: detections: 915/1588...
Found 6 possible hosts without BH mass and 6 possible hosts with BH mass.
possible hosts found 6/6...
start parallel computation with: <multiprocessing.pool.Pool state=RUN pool_size=14>
parallel computing took: 0.004075288772583008s
Progess: detections: 916/1588...
No possible hosts. Returning None.
Detection 916: no catalogue hosts in the localization volume — pure-completion fallback p_i = B_num/D (issue #29)
start parallel computation with: <multiprocessing.pool.Pool state=RUN pool_size=14>
parallel computing took: 6.67572021484375e-06s
Detection 916: no catalog results found
Progess: detections: 917/1588...
No possible hosts. Returning None.
Detection 917: no catalogue hosts in the localization volume — pure-completion fallback p_i = B_num/D (issue #29)
start parallel computation with: <multiprocessing.pool.Pool state=RUN pool_size=14>
parallel computing took: 6.198883056640625e-06s
Detection 917: no catalog results found
Progess: detections: 918/1588...
No possible hosts. Returning None.
Detection 918: no catalogue hosts in the localization volume — pure-completion fallback p_i = B_num/D (issue #29)
start parallel computation with: <multiprocessing.pool.Pool state=RUN pool_size=14>
parallel computing took: 6.4373016357421875e-06s
Detection 918: no catalog results found
Progess: detections: 919/1588...
Found 436 possible hosts without BH mass and 436 possible hosts with BH mass.
possible hosts found 436/436...
start parallel computation with: <multiprocessing.pool.Pool state=RUN pool_size=14>
parallel computing took: 0.032318115234375s
Progess: detections: 920/1588...
Found 152 possible hosts without BH mass and 152 possible hosts with BH mass.
possible hosts found 152/152...
start parallel computation with: <multiprocessing.pool.Pool state=RUN pool_size=14>
parallel computing took: 0.012971878051757812s
Progess: detections: 921/1588...
Found 17 possible hosts without BH mass and 17 possible hosts with BH mass.
possible hosts found 17/17...
start parallel computation with: <multiprocessing.pool.Pool state=RUN pool_size=14>
parallel computing took: 0.0049288272857666016s
Progess: detections: 922/1588...
Found 56 possible hosts without BH mass and 56 possible hosts with BH mass.
possible hosts found 56/56...
start parallel computation with: <multiprocessing.pool.Pool state=RUN pool_size=14>
parallel computing took: 0.007337093353271484s
Progess: detections: 923/1588...
No possible hosts. Returning None.
Detection 923: no catalogue hosts in the localization volume — pure-completion fallback p_i = B_num/D (issue #29)
start parallel computation with: <multiprocessing.pool.Pool state=RUN pool_size=14>
parallel computing took: 7.867813110351562e-06s
Detection 923: no catalog results found
Progess: detections: 924/1588...
No possible hosts. Returning None.
Detection 924: no catalogue hosts in the localization volume — pure-completion fallback p_i = B_num/D (issue #29)
start parallel computation with: <multiprocessing.pool.Pool state=RUN pool_size=14>
parallel computing took: 6.9141387939453125e-06s
Detection 924: no catalog results found
Progess: detections: 925/1588...
Found 180 possible hosts without BH mass and 180 possible hosts with BH mass.
possible hosts found 180/180...
start parallel computation with: <multiprocessing.pool.Pool state=RUN pool_size=14>
parallel computing took: 0.015213727951049805s
Progess: detections: 926/1588...
Found 1543 possible hosts without BH mass and 1543 possible hosts with BH mass.
possible hosts found 1543/1543...
start parallel computation with: <multiprocessing.pool.Pool state=RUN pool_size=14>
parallel computing took: 0.11750435829162598s
Progess: detections: 927/1588...
Found 4216 possible hosts without BH mass and 4216 possible hosts with BH mass.
possible hosts found 4216/4216...
start parallel computation with: <multiprocessing.pool.Pool state=RUN pool_size=14>
parallel computing took: 0.38365769386291504s
Progess: detections: 928/1588...
No possible hosts. Returning None.
Detection 928: no catalogue hosts in the localization volume — pure-completion fallback p_i = B_num/D (issue #29)
start parallel computation with: <multiprocessing.pool.Pool state=RUN pool_size=14>
parallel computing took: 9.298324584960938e-06s
Detection 928: no catalog results found
Progess: detections: 929/1588...
No possible hosts. Returning None.
Detection 929: no catalogue hosts in the localization volume — pure-completion fallback p_i = B_num/D (issue #29)
start parallel computation with: <multiprocessing.pool.Pool state=RUN pool_size=14>
parallel computing took: 6.4373016357421875e-06s
Detection 929: no catalog results found
Progess: detections: 930/1588...
No possible hosts. Returning None.
Detection 930: no catalogue hosts in the localization volume — pure-completion fallback p_i = B_num/D (issue #29)
start parallel computation with: <multiprocessing.pool.Pool state=RUN pool_size=14>
parallel computing took: 6.67572021484375e-06s
Detection 930: no catalog results found
Progess: detections: 931/1588...
Found 1 possible hosts without BH mass and 1 possible hosts with BH mass.
possible hosts found 1/1...
start parallel computation with: <multiprocessing.pool.Pool state=RUN pool_size=14>
parallel computing took: 0.002645730972290039s
Progess: detections: 932/1588...
No possible hosts. Returning None.
Detection 932: no catalogue hosts in the localization volume — pure-completion fallback p_i = B_num/D (issue #29)
start parallel computation with: <multiprocessing.pool.Pool state=RUN pool_size=14>
parallel computing took: 6.4373016357421875e-06s
Detection 932: no catalog results found
Progess: detections: 933/1588...
Found 99 possible hosts without BH mass and 99 possible hosts with BH mass.
possible hosts found 99/99...
start parallel computation with: <multiprocessing.pool.Pool state=RUN pool_size=14>
parallel computing took: 0.009821414947509766s
Progess: detections: 934/1588...
No possible hosts. Returning None.
Detection 934: no catalogue hosts in the localization volume — pure-completion fallback p_i = B_num/D (issue #29)
start parallel computation with: <multiprocessing.pool.Pool state=RUN pool_size=14>
parallel computing took: 7.867813110351562e-06s
Detection 934: no catalog results found
Progess: detections: 935/1588...
No possible hosts. Returning None.
Detection 935: no catalogue hosts in the localization volume — pure-completion fallback p_i = B_num/D (issue #29)
start parallel computation with: <multiprocessing.pool.Pool state=RUN pool_size=14>
parallel computing took: 6.67572021484375e-06s
Detection 935: no catalog results found
Progess: detections: 936/1588...
Found 2353 possible hosts without BH mass and 2353 possible hosts with BH mass.
possible hosts found 2353/2353...
start parallel computation with: <multiprocessing.pool.Pool state=RUN pool_size=14>
parallel computing took: 0.20370101928710938s
Progess: detections: 937/1588...
Found 664 possible hosts without BH mass and 664 possible hosts with BH mass.
possible hosts found 664/664...
start parallel computation with: <multiprocessing.pool.Pool state=RUN pool_size=14>
parallel computing took: 0.04794478416442871s
Progess: detections: 938/1588...
No possible hosts. Returning None.
Detection 938: no catalogue hosts in the localization volume — pure-completion fallback p_i = B_num/D (issue #29)
start parallel computation with: <multiprocessing.pool.Pool state=RUN pool_size=14>
parallel computing took: 7.3909759521484375e-06s
Detection 938: no catalog results found
Progess: detections: 939/1588...
Found 90 possible hosts without BH mass and 90 possible hosts with BH mass.
possible hosts found 90/90...
start parallel computation with: <multiprocessing.pool.Pool state=RUN pool_size=14>
parallel computing took: 0.008908987045288086s
Progess: detections: 940/1588...
Found 110 possible hosts without BH mass and 110 possible hosts with BH mass.
possible hosts found 110/110...
start parallel computation with: <multiprocessing.pool.Pool state=RUN pool_size=14>
parallel computing took: 0.011399507522583008s
Progess: detections: 941/1588...
Found 6 possible hosts without BH mass and 6 possible hosts with BH mass.
possible hosts found 6/6...
start parallel computation with: <multiprocessing.pool.Pool state=RUN pool_size=14>
parallel computing took: 0.004271030426025391s
Progess: detections: 942/1588...
Found 17 possible hosts without BH mass and 17 possible hosts with BH mass.
possible hosts found 17/17...
start parallel computation with: <multiprocessing.pool.Pool state=RUN pool_size=14>
parallel computing took: 0.005362749099731445s
Progess: detections: 943/1588...
Found 70 possible hosts without BH mass and 70 possible hosts with BH mass.
possible hosts found 70/70...
start parallel computation with: <multiprocessing.pool.Pool state=RUN pool_size=14>
parallel computing took: 0.00795602798461914s
Progess: detections: 944/1588...
Found 8 possible hosts without BH mass and 8 possible hosts with BH mass.
possible hosts found 8/8...
start parallel computation with: <multiprocessing.pool.Pool state=RUN pool_size=14>
parallel computing took: 0.004128456115722656s
Progess: detections: 945/1588...
No possible hosts. Returning None.
Detection 945: no catalogue hosts in the localization volume — pure-completion fallback p_i = B_num/D (issue #29)
start parallel computation with: <multiprocessing.pool.Pool state=RUN pool_size=14>
parallel computing took: 7.152557373046875e-06s
Detection 945: no catalog results found
Progess: detections: 946/1588...
Found 14 possible hosts without BH mass and 12 possible hosts with BH mass.
possible hosts found 14/12...
start parallel computation with: <multiprocessing.pool.Pool state=RUN pool_size=14>
Event 946: >5% quadrature weight outside P_det grid — numerator=0.000, denominator=0.059 (repeats for this event suppressed)
Event 946: >5% quadrature weight outside P_det grid — numerator=0.000, denominator=0.058 (repeats for this event suppressed)
Event 946: >5% quadrature weight outside P_det grid — numerator=0.000, denominator=0.075 (repeats for this event suppressed)
Event 946: >5% quadrature weight outside P_det grid — numerator=0.000, denominator=0.084 (repeats for this event suppressed)
Event 946: >5% quadrature weight outside P_det grid — numerator=0.000, denominator=0.061 (repeats for this event suppressed)
Event 946: >5% quadrature weight outside P_det grid — numerator=0.000, denominator=0.059 (repeats for this event suppressed)
Event 946: >5% quadrature weight outside P_det grid — numerator=0.000, denominator=0.057 (repeats for this event suppressed)
Event 946: >5% quadrature weight outside P_det grid — numerator=0.000, denominator=0.053 (repeats for this event suppressed)
Event 946: >5% quadrature weight outside P_det grid — numerator=0.000, denominator=0.077 (repeats for this event suppressed)
Event 946: >5% quadrature weight outside P_det grid — numerator=0.000, denominator=0.054 (repeats for this event suppressed)
Event 946: >5% quadrature weight outside P_det grid — numerator=0.000, denominator=0.072 (repeats for this event suppressed)
Event 946: >5% quadrature weight outside P_det grid — numerator=0.000, denominator=0.083 (repeats for this event suppressed)
parallel computing took: 0.006711721420288086s
Progess: detections: 947/1588...
Found 1885 possible hosts without BH mass and 1885 possible hosts with BH mass.
possible hosts found 1885/1885...
start parallel computation with: <multiprocessing.pool.Pool state=RUN pool_size=14>
parallel computing took: 0.15008926391601562s
Progess: detections: 948/1588...
No possible hosts. Returning None.
Detection 948: no catalogue hosts in the localization volume — pure-completion fallback p_i = B_num/D (issue #29)
start parallel computation with: <multiprocessing.pool.Pool state=RUN pool_size=14>
parallel computing took: 7.867813110351562e-06s
Detection 948: no catalog results found
Progess: detections: 949/1588...
Found 35 possible hosts without BH mass and 35 possible hosts with BH mass.
possible hosts found 35/35...
start parallel computation with: <multiprocessing.pool.Pool state=RUN pool_size=14>
parallel computing took: 0.005686283111572266s
Progess: detections: 950/1588...
Found 38 possible hosts without BH mass and 38 possible hosts with BH mass.
possible hosts found 38/38...
start parallel computation with: <multiprocessing.pool.Pool state=RUN pool_size=14>
parallel computing took: 0.005927562713623047s
Progess: detections: 951/1588...
No possible hosts. Returning None.
Detection 951: no catalogue hosts in the localization volume — pure-completion fallback p_i = B_num/D (issue #29)
start parallel computation with: <multiprocessing.pool.Pool state=RUN pool_size=14>
parallel computing took: 6.9141387939453125e-06s
Detection 951: no catalog results found
Progess: detections: 952/1588...
No possible hosts. Returning None.
Detection 952: no catalogue hosts in the localization volume — pure-completion fallback p_i = B_num/D (issue #29)
start parallel computation with: <multiprocessing.pool.Pool state=RUN pool_size=14>
parallel computing took: 6.9141387939453125e-06s
Detection 952: no catalog results found
Progess: detections: 953/1588...
Found 1570 possible hosts without BH mass and 1570 possible hosts with BH mass.
possible hosts found 1570/1570...
start parallel computation with: <multiprocessing.pool.Pool state=RUN pool_size=14>
parallel computing took: 0.11919856071472168s
Progess: detections: 954/1588...
No possible hosts. Returning None.
Detection 954: no catalogue hosts in the localization volume — pure-completion fallback p_i = B_num/D (issue #29)
start parallel computation with: <multiprocessing.pool.Pool state=RUN pool_size=14>
parallel computing took: 8.58306884765625e-06s
Detection 954: no catalog results found
Progess: detections: 955/1588...
No possible hosts. Returning None.
Detection 955: no catalogue hosts in the localization volume — pure-completion fallback p_i = B_num/D (issue #29)
start parallel computation with: <multiprocessing.pool.Pool state=RUN pool_size=14>
parallel computing took: 6.67572021484375e-06s
Detection 955: no catalog results found
Progess: detections: 956/1588...
Found 108 possible hosts without BH mass and 108 possible hosts with BH mass.
possible hosts found 108/108...
start parallel computation with: <multiprocessing.pool.Pool state=RUN pool_size=14>
parallel computing took: 0.010271549224853516s
Progess: detections: 957/1588...
Found 715 possible hosts without BH mass and 715 possible hosts with BH mass.
possible hosts found 715/715...
start parallel computation with: <multiprocessing.pool.Pool state=RUN pool_size=14>
parallel computing took: 0.054041385650634766s
Progess: detections: 958/1588...
No possible hosts. Returning None.
Detection 958: no catalogue hosts in the localization volume — pure-completion fallback p_i = B_num/D (issue #29)
start parallel computation with: <multiprocessing.pool.Pool state=RUN pool_size=14>
parallel computing took: 8.344650268554688e-06s
Detection 958: no catalog results found
Progess: detections: 959/1588...
No possible hosts. Returning None.
Detection 959: no catalogue hosts in the localization volume — pure-completion fallback p_i = B_num/D (issue #29)
start parallel computation with: <multiprocessing.pool.Pool state=RUN pool_size=14>
parallel computing took: 6.67572021484375e-06s
Detection 959: no catalog results found
Progess: detections: 960/1588...
No possible hosts. Returning None.
Detection 960: no catalogue hosts in the localization volume — pure-completion fallback p_i = B_num/D (issue #29)
start parallel computation with: <multiprocessing.pool.Pool state=RUN pool_size=14>
parallel computing took: 6.4373016357421875e-06s
Detection 960: no catalog results found
Progess: detections: 961/1588...
Found 6 possible hosts without BH mass and 4 possible hosts with BH mass.
possible hosts found 6/4...
start parallel computation with: <multiprocessing.pool.Pool state=RUN pool_size=14>
parallel computing took: 0.00590968132019043s
Progess: detections: 962/1588...
No possible hosts. Returning None.
Detection 962: no catalogue hosts in the localization volume — pure-completion fallback p_i = B_num/D (issue #29)
start parallel computation with: <multiprocessing.pool.Pool state=RUN pool_size=14>
parallel computing took: 6.4373016357421875e-06s
Detection 962: no catalog results found
Progess: detections: 963/1588...
Found 3462 possible hosts without BH mass and 3462 possible hosts with BH mass.
possible hosts found 3462/3462...
start parallel computation with: <multiprocessing.pool.Pool state=RUN pool_size=14>
parallel computing took: 0.2848849296569824s
Progess: detections: 964/1588...
Found 1 possible hosts without BH mass and 1 possible hosts with BH mass.
possible hosts found 1/1...
start parallel computation with: <multiprocessing.pool.Pool state=RUN pool_size=14>
parallel computing took: 0.0027098655700683594s
Progess: detections: 965/1588...
No possible hosts. Returning None.
Detection 965: no catalogue hosts in the localization volume — pure-completion fallback p_i = B_num/D (issue #29)
start parallel computation with: <multiprocessing.pool.Pool state=RUN pool_size=14>
parallel computing took: 6.67572021484375e-06s
Detection 965: no catalog results found
Progess: detections: 966/1588...
No possible hosts. Returning None.
Detection 966: no catalogue hosts in the localization volume — pure-completion fallback p_i = B_num/D (issue #29)
start parallel computation with: <multiprocessing.pool.Pool state=RUN pool_size=14>
parallel computing took: 6.67572021484375e-06s
Detection 966: no catalog results found
Progess: detections: 967/1588...
No possible hosts. Returning None.
Detection 967: no catalogue hosts in the localization volume — pure-completion fallback p_i = B_num/D (issue #29)
start parallel computation with: <multiprocessing.pool.Pool state=RUN pool_size=14>
parallel computing took: 5.9604644775390625e-06s
Detection 967: no catalog results found
Progess: detections: 968/1588...
Found 606 possible hosts without BH mass and 606 possible hosts with BH mass.
possible hosts found 606/606...
start parallel computation with: <multiprocessing.pool.Pool state=RUN pool_size=14>
parallel computing took: 0.046233415603637695s
Progess: detections: 969/1588...
Found 313 possible hosts without BH mass and 313 possible hosts with BH mass.
possible hosts found 313/313...
start parallel computation with: <multiprocessing.pool.Pool state=RUN pool_size=14>
parallel computing took: 0.022803544998168945s
Progess: detections: 970/1588...
No possible hosts. Returning None.
Detection 970: no catalogue hosts in the localization volume — pure-completion fallback p_i = B_num/D (issue #29)
start parallel computation with: <multiprocessing.pool.Pool state=RUN pool_size=14>
parallel computing took: 8.106231689453125e-06s
Detection 970: no catalog results found
Progess: detections: 971/1588...
Found 303 possible hosts without BH mass and 303 possible hosts with BH mass.
possible hosts found 303/303...
start parallel computation with: <multiprocessing.pool.Pool state=RUN pool_size=14>
parallel computing took: 0.023124217987060547s
Progess: detections: 972/1588...
Found 69 possible hosts without BH mass and 69 possible hosts with BH mass.
possible hosts found 69/69...
start parallel computation with: <multiprocessing.pool.Pool state=RUN pool_size=14>
parallel computing took: 0.008705377578735352s
Progess: detections: 973/1588...
No possible hosts. Returning None.
Detection 973: no catalogue hosts in the localization volume — pure-completion fallback p_i = B_num/D (issue #29)
start parallel computation with: <multiprocessing.pool.Pool state=RUN pool_size=14>
parallel computing took: 7.62939453125e-06s
Detection 973: no catalog results found
Progess: detections: 974/1588...
No possible hosts. Returning None.
Detection 974: no catalogue hosts in the localization volume — pure-completion fallback p_i = B_num/D (issue #29)
start parallel computation with: <multiprocessing.pool.Pool state=RUN pool_size=14>
parallel computing took: 6.4373016357421875e-06s
Detection 974: no catalog results found
Progess: detections: 975/1588...
Found 50 possible hosts without BH mass and 50 possible hosts with BH mass.
possible hosts found 50/50...
start parallel computation with: <multiprocessing.pool.Pool state=RUN pool_size=14>
parallel computing took: 0.007204771041870117s
Progess: detections: 976/1588...
Found 17 possible hosts without BH mass and 17 possible hosts with BH mass.
possible hosts found 17/17...
start parallel computation with: <multiprocessing.pool.Pool state=RUN pool_size=14>
parallel computing took: 0.005551576614379883s
Progess: detections: 977/1588...
No possible hosts. Returning None.
Detection 977: no catalogue hosts in the localization volume — pure-completion fallback p_i = B_num/D (issue #29)
start parallel computation with: <multiprocessing.pool.Pool state=RUN pool_size=14>
parallel computing took: 6.67572021484375e-06s
Detection 977: no catalog results found
Progess: detections: 978/1588...
No possible hosts. Returning None.
Detection 978: no catalogue hosts in the localization volume — pure-completion fallback p_i = B_num/D (issue #29)
start parallel computation with: <multiprocessing.pool.Pool state=RUN pool_size=14>
parallel computing took: 1.2159347534179688e-05s
Detection 978: no catalog results found
Progess: detections: 979/1588...
Found 4 possible hosts without BH mass and 4 possible hosts with BH mass.
possible hosts found 4/4...
start parallel computation with: <multiprocessing.pool.Pool state=RUN pool_size=14>
parallel computing took: 0.003598451614379883s
Progess: detections: 980/1588...
No possible hosts. Returning None.
Detection 980: no catalogue hosts in the localization volume — pure-completion fallback p_i = B_num/D (issue #29)
start parallel computation with: <multiprocessing.pool.Pool state=RUN pool_size=14>
parallel computing took: 6.67572021484375e-06s
Detection 980: no catalog results found
Progess: detections: 981/1588...
Found 18 possible hosts without BH mass and 14 possible hosts with BH mass.
possible hosts found 18/14...
start parallel computation with: <multiprocessing.pool.Pool state=RUN pool_size=14>
Event 981: >5% quadrature weight outside P_det grid — numerator=0.000, denominator=0.082 (repeats for this event suppressed)
Event 981: >5% quadrature weight outside P_det grid — numerator=0.000, denominator=0.177 (repeats for this event suppressed)
Event 981: >5% quadrature weight outside P_det grid — numerator=0.000, denominator=0.077 (repeats for this event suppressed)
Event 981: >5% quadrature weight outside P_det grid — numerator=0.000, denominator=0.086 (repeats for this event suppressed)
Event 981: >5% quadrature weight outside P_det grid — numerator=0.000, denominator=0.070 (repeats for this event suppressed)
Event 981: >5% quadrature weight outside P_det grid — numerator=0.000, denominator=0.072 (repeats for this event suppressed)
Event 981: >5% quadrature weight outside P_det grid — numerator=0.000, denominator=0.072 (repeats for this event suppressed)
Event 981: >5% quadrature weight outside P_det grid — numerator=0.000, denominator=0.071 (repeats for this event suppressed)
Event 981: >5% quadrature weight outside P_det grid — numerator=0.000, denominator=0.064 (repeats for this event suppressed)
Event 981: >5% quadrature weight outside P_det grid — numerator=0.000, denominator=0.076 (repeats for this event suppressed)
Event 981: >5% quadrature weight outside P_det grid — numerator=0.000, denominator=0.064 (repeats for this event suppressed)
Event 981: >5% quadrature weight outside P_det grid — numerator=0.000, denominator=0.074 (repeats for this event suppressed)
Event 981: >5% quadrature weight outside P_det grid — numerator=0.000, denominator=0.072 (repeats for this event suppressed)
Event 981: >5% quadrature weight outside P_det grid — numerator=0.000, denominator=0.091 (repeats for this event suppressed)
parallel computing took: 0.007339000701904297s
Progess: detections: 982/1588...
Found 2 possible hosts without BH mass and 2 possible hosts with BH mass.
possible hosts found 2/2...
start parallel computation with: <multiprocessing.pool.Pool state=RUN pool_size=14>
parallel computing took: 0.0028073787689208984s
Progess: detections: 983/1588...
No possible hosts. Returning None.
Detection 983: no catalogue hosts in the localization volume — pure-completion fallback p_i = B_num/D (issue #29)
start parallel computation with: <multiprocessing.pool.Pool state=RUN pool_size=14>
parallel computing took: 6.4373016357421875e-06s
Detection 983: no catalog results found
Progess: detections: 984/1588...
Found 20 possible hosts without BH mass and 20 possible hosts with BH mass.
possible hosts found 20/20...
start parallel computation with: <multiprocessing.pool.Pool state=RUN pool_size=14>
parallel computing took: 0.00545501708984375s
Progess: detections: 985/1588...
No possible hosts. Returning None.
Detection 985: no catalogue hosts in the localization volume — pure-completion fallback p_i = B_num/D (issue #29)
start parallel computation with: <multiprocessing.pool.Pool state=RUN pool_size=14>
parallel computing took: 6.4373016357421875e-06s
Detection 985: no catalog results found
Progess: detections: 986/1588...
Found 4161 possible hosts without BH mass and 4161 possible hosts with BH mass.
possible hosts found 4161/4161...
start parallel computation with: <multiprocessing.pool.Pool state=RUN pool_size=14>
parallel computing took: 0.35421323776245117s
Progess: detections: 987/1588...
Found 85 possible hosts without BH mass and 85 possible hosts with BH mass.
possible hosts found 85/85...
start parallel computation with: <multiprocessing.pool.Pool state=RUN pool_size=14>
parallel computing took: 0.008938789367675781s
Progess: detections: 988/1588...
Found 25 possible hosts without BH mass and 25 possible hosts with BH mass.
possible hosts found 25/25...
start parallel computation with: <multiprocessing.pool.Pool state=RUN pool_size=14>
parallel computing took: 0.005560874938964844s
Progess: detections: 989/1588...
Found 30 possible hosts without BH mass and 30 possible hosts with BH mass.
possible hosts found 30/30...
start parallel computation with: <multiprocessing.pool.Pool state=RUN pool_size=14>
parallel computing took: 0.005626201629638672s
Progess: detections: 990/1588...
Found 68 possible hosts without BH mass and 68 possible hosts with BH mass.
possible hosts found 68/68...
start parallel computation with: <multiprocessing.pool.Pool state=RUN pool_size=14>
parallel computing took: 0.007202625274658203s
Progess: detections: 991/1588...
No possible hosts. Returning None.
Detection 991: no catalogue hosts in the localization volume — pure-completion fallback p_i = B_num/D (issue #29)
start parallel computation with: <multiprocessing.pool.Pool state=RUN pool_size=14>
parallel computing took: 7.62939453125e-06s
Detection 991: no catalog results found
Progess: detections: 992/1588...
Found 10226 possible hosts without BH mass and 10226 possible hosts with BH mass.
possible hosts found 10226/10226...
start parallel computation with: <multiprocessing.pool.Pool state=RUN pool_size=14>
parallel computing took: 0.9586629867553711s
Progess: detections: 993/1588...
No possible hosts. Returning None.
Detection 993: no catalogue hosts in the localization volume — pure-completion fallback p_i = B_num/D (issue #29)
start parallel computation with: <multiprocessing.pool.Pool state=RUN pool_size=14>
parallel computing took: 8.106231689453125e-06s
Detection 993: no catalog results found
Progess: detections: 994/1588...
Found 102 possible hosts without BH mass and 102 possible hosts with BH mass.
possible hosts found 102/102...
start parallel computation with: <multiprocessing.pool.Pool state=RUN pool_size=14>
parallel computing took: 0.010413885116577148s
Progess: detections: 995/1588...
Found 646 possible hosts without BH mass and 646 possible hosts with BH mass.
possible hosts found 646/646...
start parallel computation with: <multiprocessing.pool.Pool state=RUN pool_size=14>
parallel computing took: 0.04732108116149902s
Progess: detections: 996/1588...
No possible hosts. Returning None.
Detection 996: no catalogue hosts in the localization volume — pure-completion fallback p_i = B_num/D (issue #29)
start parallel computation with: <multiprocessing.pool.Pool state=RUN pool_size=14>
parallel computing took: 7.62939453125e-06s
Detection 996: no catalog results found
Progess: detections: 997/1588...
Found 83 possible hosts without BH mass and 83 possible hosts with BH mass.
possible hosts found 83/83...
start parallel computation with: <multiprocessing.pool.Pool state=RUN pool_size=14>
parallel computing took: 0.008716106414794922s
Progess: detections: 998/1588...
Found 194 possible hosts without BH mass and 194 possible hosts with BH mass.
possible hosts found 194/194...
start parallel computation with: <multiprocessing.pool.Pool state=RUN pool_size=14>
parallel computing took: 0.015319108963012695s
Progess: detections: 999/1588...
Found 247 possible hosts without BH mass and 247 possible hosts with BH mass.
possible hosts found 247/247...
start parallel computation with: <multiprocessing.pool.Pool state=RUN pool_size=14>
parallel computing took: 0.018979310989379883s
Detection 1000/1588: last=0.04s, avg=0.13s, est_remaining=77s
Progess: detections: 1000/1588...
Found 2948 possible hosts without BH mass and 2948 possible hosts with BH mass.
possible hosts found 2948/2948...
start parallel computation with: <multiprocessing.pool.Pool state=RUN pool_size=14>
parallel computing took: 0.24727106094360352s
Progess: detections: 1001/1588...
Found 1 possible hosts without BH mass and 1 possible hosts with BH mass.
possible hosts found 1/1...
start parallel computation with: <multiprocessing.pool.Pool state=RUN pool_size=14>
parallel computing took: 0.002599477767944336s
Progess: detections: 1002/1588...
Found 30 possible hosts without BH mass and 30 possible hosts with BH mass.
possible hosts found 30/30...
start parallel computation with: <multiprocessing.pool.Pool state=RUN pool_size=14>
parallel computing took: 0.005948066711425781s
Progess: detections: 1003/1588...
Found 94 possible hosts without BH mass and 94 possible hosts with BH mass.
possible hosts found 94/94...
start parallel computation with: <multiprocessing.pool.Pool state=RUN pool_size=14>
parallel computing took: 0.009332656860351562s
Progess: detections: 1004/1588...
No possible hosts. Returning None.
Detection 1004: no catalogue hosts in the localization volume — pure-completion fallback p_i = B_num/D (issue #29)
start parallel computation with: <multiprocessing.pool.Pool state=RUN pool_size=14>
parallel computing took: 8.821487426757812e-06s
Detection 1004: no catalog results found
Progess: detections: 1005/1588...
No possible hosts. Returning None.
Detection 1005: no catalogue hosts in the localization volume — pure-completion fallback p_i = B_num/D (issue #29)
start parallel computation with: <multiprocessing.pool.Pool state=RUN pool_size=14>
parallel computing took: 6.4373016357421875e-06s
Detection 1005: no catalog results found
Progess: detections: 1006/1588...
Found 160 possible hosts without BH mass and 160 possible hosts with BH mass.
possible hosts found 160/160...
start parallel computation with: <multiprocessing.pool.Pool state=RUN pool_size=14>
parallel computing took: 0.013628959655761719s
Progess: detections: 1007/1588...
Found 44 possible hosts without BH mass and 44 possible hosts with BH mass.
possible hosts found 44/44...
start parallel computation with: <multiprocessing.pool.Pool state=RUN pool_size=14>
parallel computing took: 0.007047414779663086s
Progess: detections: 1008/1588...
Found 212 possible hosts without BH mass and 212 possible hosts with BH mass.
possible hosts found 212/212...
start parallel computation with: <multiprocessing.pool.Pool state=RUN pool_size=14>
parallel computing took: 0.01673102378845215s
Progess: detections: 1009/1588...
Found 81 possible hosts without BH mass and 81 possible hosts with BH mass.
possible hosts found 81/81...
start parallel computation with: <multiprocessing.pool.Pool state=RUN pool_size=14>
parallel computing took: 0.008394241333007812s
Progess: detections: 1010/1588...
Found 58 possible hosts without BH mass and 58 possible hosts with BH mass.
possible hosts found 58/58...
start parallel computation with: <multiprocessing.pool.Pool state=RUN pool_size=14>
parallel computing took: 0.007554292678833008s
Progess: detections: 1011/1588...
Found 172 possible hosts without BH mass and 172 possible hosts with BH mass.
possible hosts found 172/172...
start parallel computation with: <multiprocessing.pool.Pool state=RUN pool_size=14>
parallel computing took: 0.014378547668457031s
Progess: detections: 1012/1588...
Found 1 possible hosts without BH mass and 1 possible hosts with BH mass.
possible hosts found 1/1...
start parallel computation with: <multiprocessing.pool.Pool state=RUN pool_size=14>
parallel computing took: 0.002618551254272461s
Progess: detections: 1013/1588...
Found 169 possible hosts without BH mass and 169 possible hosts with BH mass.
possible hosts found 169/169...
start parallel computation with: <multiprocessing.pool.Pool state=RUN pool_size=14>
parallel computing took: 0.01496434211730957s
Progess: detections: 1014/1588...
Found 47 possible hosts without BH mass and 47 possible hosts with BH mass.
possible hosts found 47/47...
start parallel computation with: <multiprocessing.pool.Pool state=RUN pool_size=14>
parallel computing took: 0.00696253776550293s
Progess: detections: 1015/1588...
Found 1579 possible hosts without BH mass and 1579 possible hosts with BH mass.
possible hosts found 1579/1579...
start parallel computation with: <multiprocessing.pool.Pool state=RUN pool_size=14>
parallel computing took: 0.12980270385742188s
Progess: detections: 1016/1588...
No possible hosts. Returning None.
Detection 1016: no catalogue hosts in the localization volume — pure-completion fallback p_i = B_num/D (issue #29)
start parallel computation with: <multiprocessing.pool.Pool state=RUN pool_size=14>
parallel computing took: 9.059906005859375e-06s
Detection 1016: no catalog results found
Progess: detections: 1017/1588...
No possible hosts. Returning None.
Detection 1017: no catalogue hosts in the localization volume — pure-completion fallback p_i = B_num/D (issue #29)
start parallel computation with: <multiprocessing.pool.Pool state=RUN pool_size=14>
parallel computing took: 6.67572021484375e-06s
Detection 1017: no catalog results found
Progess: detections: 1018/1588...
No possible hosts. Returning None.
Detection 1018: no catalogue hosts in the localization volume — pure-completion fallback p_i = B_num/D (issue #29)
start parallel computation with: <multiprocessing.pool.Pool state=RUN pool_size=14>
parallel computing took: 6.67572021484375e-06s
Detection 1018: no catalog results found
Progess: detections: 1019/1588...
Found 231 possible hosts without BH mass and 231 possible hosts with BH mass.
possible hosts found 231/231...
start parallel computation with: <multiprocessing.pool.Pool state=RUN pool_size=14>
parallel computing took: 0.017261028289794922s
Progess: detections: 1020/1588...
Found 1 possible hosts without BH mass and 1 possible hosts with BH mass.
possible hosts found 1/1...
start parallel computation with: <multiprocessing.pool.Pool state=RUN pool_size=14>
parallel computing took: 0.002685546875s
Progess: detections: 1021/1588...
Found 72 possible hosts without BH mass and 72 possible hosts with BH mass.
possible hosts found 72/72...
start parallel computation with: <multiprocessing.pool.Pool state=RUN pool_size=14>
parallel computing took: 0.008394718170166016s
Progess: detections: 1022/1588...
Found 17711 possible hosts without BH mass and 17711 possible hosts with BH mass.
possible hosts found 17711/17711...
start parallel computation with: <multiprocessing.pool.Pool state=RUN pool_size=14>
parallel computing took: 1.680598258972168s
Progess: detections: 1023/1588...
No possible hosts. Returning None.
Detection 1023: no catalogue hosts in the localization volume — pure-completion fallback p_i = B_num/D (issue #29)
start parallel computation with: <multiprocessing.pool.Pool state=RUN pool_size=14>
parallel computing took: 8.344650268554688e-06s
Detection 1023: no catalog results found
Progess: detections: 1024/1588...
Found 20 possible hosts without BH mass and 20 possible hosts with BH mass.
possible hosts found 20/20...
start parallel computation with: <multiprocessing.pool.Pool state=RUN pool_size=14>
parallel computing took: 0.004941701889038086s
Progess: detections: 1025/1588...
Found 14 possible hosts without BH mass and 14 possible hosts with BH mass.
possible hosts found 14/14...
start parallel computation with: <multiprocessing.pool.Pool state=RUN pool_size=14>
parallel computing took: 0.004564523696899414s
Progess: detections: 1026/1588...
Found 140 possible hosts without BH mass and 140 possible hosts with BH mass.
possible hosts found 140/140...
start parallel computation with: <multiprocessing.pool.Pool state=RUN pool_size=14>
parallel computing took: 0.011600494384765625s
Progess: detections: 1027/1588...
Found 2 possible hosts without BH mass and 2 possible hosts with BH mass.
possible hosts found 2/2...
start parallel computation with: <multiprocessing.pool.Pool state=RUN pool_size=14>
parallel computing took: 0.0029709339141845703s
Progess: detections: 1028/1588...
Found 13 possible hosts without BH mass and 13 possible hosts with BH mass.
possible hosts found 13/13...
start parallel computation with: <multiprocessing.pool.Pool state=RUN pool_size=14>
parallel computing took: 0.004688739776611328s
Progess: detections: 1029/1588...
Found 44 possible hosts without BH mass and 44 possible hosts with BH mass.
possible hosts found 44/44...
start parallel computation with: <multiprocessing.pool.Pool state=RUN pool_size=14>
parallel computing took: 0.006201505661010742s
Progess: detections: 1030/1588...
Found 2 possible hosts without BH mass and 2 possible hosts with BH mass.
possible hosts found 2/2...
start parallel computation with: <multiprocessing.pool.Pool state=RUN pool_size=14>
Event 1030: >5% quadrature weight outside P_det grid — numerator=0.000, denominator=0.072 (repeats for this event suppressed)
Event 1030: >5% quadrature weight outside P_det grid — numerator=0.000, denominator=0.072 (repeats for this event suppressed)
parallel computing took: 0.003008127212524414s
Progess: detections: 1031/1588...
No possible hosts. Returning None.
Detection 1031: no catalogue hosts in the localization volume — pure-completion fallback p_i = B_num/D (issue #29)
start parallel computation with: <multiprocessing.pool.Pool state=RUN pool_size=14>
parallel computing took: 6.198883056640625e-06s
Detection 1031: no catalog results found
Progess: detections: 1032/1588...
Found 76 possible hosts without BH mass and 76 possible hosts with BH mass.
possible hosts found 76/76...
start parallel computation with: <multiprocessing.pool.Pool state=RUN pool_size=14>
parallel computing took: 0.007656097412109375s
Progess: detections: 1033/1588...
Found 4 possible hosts without BH mass and 4 possible hosts with BH mass.
possible hosts found 4/4...
start parallel computation with: <multiprocessing.pool.Pool state=RUN pool_size=14>
parallel computing took: 0.004019021987915039s
Progess: detections: 1034/1588...
Found 2 possible hosts without BH mass and 2 possible hosts with BH mass.
possible hosts found 2/2...
start parallel computation with: <multiprocessing.pool.Pool state=RUN pool_size=14>
Event 1034: >5% quadrature weight outside P_det grid — numerator=0.000, denominator=0.069 (repeats for this event suppressed)
Event 1034: >5% quadrature weight outside P_det grid — numerator=0.000, denominator=0.064 (repeats for this event suppressed)
parallel computing took: 0.002863168716430664s
Progess: detections: 1035/1588...
Found 46576 possible hosts without BH mass and 46570 possible hosts with BH mass.
possible hosts found 46576/46570...
start parallel computation with: <multiprocessing.pool.Pool state=RUN pool_size=14>
Event 1035: >5% quadrature weight outside P_det grid — numerator=0.000, denominator=0.057 (repeats for this event suppressed)
Event 1035: >5% quadrature weight outside P_det grid — numerator=0.000, denominator=0.055 (repeats for this event suppressed)
Event 1035: >5% quadrature weight outside P_det grid — numerator=0.000, denominator=0.052 (repeats for this event suppressed)
Event 1035: >5% quadrature weight outside P_det grid — numerator=0.000, denominator=0.057 (repeats for this event suppressed)
Event 1035: >5% quadrature weight outside P_det grid — numerator=0.000, denominator=0.051 (repeats for this event suppressed)
Event 1035: >5% quadrature weight outside P_det grid — numerator=0.000, denominator=0.052 (repeats for this event suppressed)
Event 1035: >5% quadrature weight outside P_det grid — numerator=0.000, denominator=0.056 (repeats for this event suppressed)
Event 1035: >5% quadrature weight outside P_det grid — numerator=0.000, denominator=0.053 (repeats for this event suppressed)
Event 1035: >5% quadrature weight outside P_det grid — numerator=0.000, denominator=0.051 (repeats for this event suppressed)
Event 1035: >5% quadrature weight outside P_det grid — numerator=0.000, denominator=0.052 (repeats for this event suppressed)
Event 1035: >5% quadrature weight outside P_det grid — numerator=0.000, denominator=0.051 (repeats for this event suppressed)
Event 1035: >5% quadrature weight outside P_det grid — numerator=0.000, denominator=0.050 (repeats for this event suppressed)
Event 1035: >5% quadrature weight outside P_det grid — numerator=0.000, denominator=0.051 (repeats for this event suppressed)
Event 1035: >5% quadrature weight outside P_det grid — numerator=0.000, denominator=0.053 (repeats for this event suppressed)
parallel computing took: 4.490779876708984s
Progess: detections: 1036/1588...
Found 3 possible hosts without BH mass and 3 possible hosts with BH mass.
possible hosts found 3/3...
start parallel computation with: <multiprocessing.pool.Pool state=RUN pool_size=14>
Event 1036: >5% quadrature weight outside P_det grid — numerator=0.000, denominator=0.059 (repeats for this event suppressed)
Event 1036: >5% quadrature weight outside P_det grid — numerator=0.000, denominator=0.075 (repeats for this event suppressed)
Event 1036: >5% quadrature weight outside P_det grid — numerator=0.000, denominator=0.070 (repeats for this event suppressed)
parallel computing took: 0.0031135082244873047s
Progess: detections: 1037/1588...
No possible hosts. Returning None.
Detection 1037: no catalogue hosts in the localization volume — pure-completion fallback p_i = B_num/D (issue #29)
start parallel computation with: <multiprocessing.pool.Pool state=RUN pool_size=14>
parallel computing took: 7.152557373046875e-06s
Detection 1037: no catalog results found
Progess: detections: 1038/1588...
Found 5 possible hosts without BH mass and 5 possible hosts with BH mass.
possible hosts found 5/5...
start parallel computation with: <multiprocessing.pool.Pool state=RUN pool_size=14>
parallel computing took: 0.0033278465270996094s
Progess: detections: 1039/1588...
Found 30 possible hosts without BH mass and 30 possible hosts with BH mass.
possible hosts found 30/30...
start parallel computation with: <multiprocessing.pool.Pool state=RUN pool_size=14>
parallel computing took: 0.005546092987060547s
Progess: detections: 1040/1588...
No possible hosts. Returning None.
Detection 1040: no catalogue hosts in the localization volume — pure-completion fallback p_i = B_num/D (issue #29)
start parallel computation with: <multiprocessing.pool.Pool state=RUN pool_size=14>
parallel computing took: 7.62939453125e-06s
Detection 1040: no catalog results found
Progess: detections: 1041/1588...
No possible hosts. Returning None.
Detection 1041: no catalogue hosts in the localization volume — pure-completion fallback p_i = B_num/D (issue #29)
start parallel computation with: <multiprocessing.pool.Pool state=RUN pool_size=14>
parallel computing took: 6.9141387939453125e-06s
Detection 1041: no catalog results found
Progess: detections: 1042/1588...
Found 9 possible hosts without BH mass and 9 possible hosts with BH mass.
possible hosts found 9/9...
start parallel computation with: <multiprocessing.pool.Pool state=RUN pool_size=14>
parallel computing took: 0.004094123840332031s
Progess: detections: 1043/1588...
No possible hosts. Returning None.
Detection 1043: no catalogue hosts in the localization volume — pure-completion fallback p_i = B_num/D (issue #29)
start parallel computation with: <multiprocessing.pool.Pool state=RUN pool_size=14>
parallel computing took: 6.9141387939453125e-06s
Detection 1043: no catalog results found
Progess: detections: 1044/1588...
Found 100 possible hosts without BH mass and 100 possible hosts with BH mass.
possible hosts found 100/100...
start parallel computation with: <multiprocessing.pool.Pool state=RUN pool_size=14>
parallel computing took: 0.009922027587890625s
Progess: detections: 1045/1588...
No possible hosts. Returning None.
Detection 1045: no catalogue hosts in the localization volume — pure-completion fallback p_i = B_num/D (issue #29)
start parallel computation with: <multiprocessing.pool.Pool state=RUN pool_size=14>
parallel computing took: 7.867813110351562e-06s
Detection 1045: no catalog results found
Progess: detections: 1046/1588...
Found 1952 possible hosts without BH mass and 1952 possible hosts with BH mass.
possible hosts found 1952/1952...
start parallel computation with: <multiprocessing.pool.Pool state=RUN pool_size=14>
parallel computing took: 0.15364694595336914s
Progess: detections: 1047/1588...
Found 341 possible hosts without BH mass and 341 possible hosts with BH mass.
possible hosts found 341/341...
start parallel computation with: <multiprocessing.pool.Pool state=RUN pool_size=14>
parallel computing took: 0.02445244789123535s
Progess: detections: 1048/1588...
Found 84 possible hosts without BH mass and 84 possible hosts with BH mass.
possible hosts found 84/84...
start parallel computation with: <multiprocessing.pool.Pool state=RUN pool_size=14>
parallel computing took: 0.008790016174316406s
Progess: detections: 1049/1588...
No possible hosts. Returning None.
Detection 1049: no catalogue hosts in the localization volume — pure-completion fallback p_i = B_num/D (issue #29)
start parallel computation with: <multiprocessing.pool.Pool state=RUN pool_size=14>
parallel computing took: 7.3909759521484375e-06s
Detection 1049: no catalog results found
Progess: detections: 1050/1588...
No possible hosts. Returning None.
Detection 1050: no catalogue hosts in the localization volume — pure-completion fallback p_i = B_num/D (issue #29)
start parallel computation with: <multiprocessing.pool.Pool state=RUN pool_size=14>
parallel computing took: 6.9141387939453125e-06s
Detection 1050: no catalog results found
Progess: detections: 1051/1588...
Found 1 possible hosts without BH mass and 1 possible hosts with BH mass.
possible hosts found 1/1...
start parallel computation with: <multiprocessing.pool.Pool state=RUN pool_size=14>
parallel computing took: 0.0025603771209716797s
Progess: detections: 1052/1588...
Found 799 possible hosts without BH mass and 799 possible hosts with BH mass.
possible hosts found 799/799...
start parallel computation with: <multiprocessing.pool.Pool state=RUN pool_size=14>
parallel computing took: 0.05958986282348633s
Progess: detections: 1053/1588...
No possible hosts. Returning None.
Detection 1053: no catalogue hosts in the localization volume — pure-completion fallback p_i = B_num/D (issue #29)
start parallel computation with: <multiprocessing.pool.Pool state=RUN pool_size=14>
parallel computing took: 7.62939453125e-06s
Detection 1053: no catalog results found
Progess: detections: 1054/1588...
Found 4 possible hosts without BH mass and 4 possible hosts with BH mass.
possible hosts found 4/4...
start parallel computation with: <multiprocessing.pool.Pool state=RUN pool_size=14>
parallel computing took: 0.003084421157836914s
Progess: detections: 1055/1588...
Found 139 possible hosts without BH mass and 139 possible hosts with BH mass.
possible hosts found 139/139...
start parallel computation with: <multiprocessing.pool.Pool state=RUN pool_size=14>
parallel computing took: 0.011565208435058594s
Progess: detections: 1056/1588...
No possible hosts. Returning None.
Detection 1056: no catalogue hosts in the localization volume — pure-completion fallback p_i = B_num/D (issue #29)
start parallel computation with: <multiprocessing.pool.Pool state=RUN pool_size=14>
parallel computing took: 7.3909759521484375e-06s
Detection 1056: no catalog results found
Progess: detections: 1057/1588...
No possible hosts. Returning None.
Detection 1057: no catalogue hosts in the localization volume — pure-completion fallback p_i = B_num/D (issue #29)
start parallel computation with: <multiprocessing.pool.Pool state=RUN pool_size=14>
parallel computing took: 6.67572021484375e-06s
Detection 1057: no catalog results found
Progess: detections: 1058/1588...
Found 814 possible hosts without BH mass and 814 possible hosts with BH mass.
possible hosts found 814/814...
start parallel computation with: <multiprocessing.pool.Pool state=RUN pool_size=14>
parallel computing took: 0.06045246124267578s
Progess: detections: 1059/1588...
Found 38 possible hosts without BH mass and 38 possible hosts with BH mass.
possible hosts found 38/38...
start parallel computation with: <multiprocessing.pool.Pool state=RUN pool_size=14>
parallel computing took: 0.00624394416809082s
Progess: detections: 1060/1588...
No possible hosts. Returning None.
Detection 1060: no catalogue hosts in the localization volume — pure-completion fallback p_i = B_num/D (issue #29)
start parallel computation with: <multiprocessing.pool.Pool state=RUN pool_size=14>
parallel computing took: 8.106231689453125e-06s
Detection 1060: no catalog results found
Progess: detections: 1061/1588...
Found 7155 possible hosts without BH mass and 7086 possible hosts with BH mass.
possible hosts found 7155/7086...
start parallel computation with: <multiprocessing.pool.Pool state=RUN pool_size=14>
Event 1061: >5% quadrature weight outside P_det grid — numerator=0.000, denominator=0.052 (repeats for this event suppressed)
Event 1061: >5% quadrature weight outside P_det grid — numerator=0.000, denominator=0.053 (repeats for this event suppressed)
Event 1061: >5% quadrature weight outside P_det grid — numerator=0.000, denominator=0.068 (repeats for this event suppressed)
Event 1061: >5% quadrature weight outside P_det grid — numerator=0.000, denominator=0.050 (repeats for this event suppressed)
Event 1061: >5% quadrature weight outside P_det grid — numerator=0.000, denominator=0.055 (repeats for this event suppressed)
Event 1061: >5% quadrature weight outside P_det grid — numerator=0.000, denominator=0.065 (repeats for this event suppressed)
Event 1061: >5% quadrature weight outside P_det grid — numerator=0.000, denominator=0.053 (repeats for this event suppressed)
Event 1061: >5% quadrature weight outside P_det grid — numerator=0.000, denominator=0.052 (repeats for this event suppressed)
Event 1061: >5% quadrature weight outside P_det grid — numerator=0.000, denominator=0.059 (repeats for this event suppressed)
Event 1061: >5% quadrature weight outside P_det grid — numerator=0.000, denominator=0.057 (repeats for this event suppressed)
Event 1061: >5% quadrature weight outside P_det grid — numerator=0.000, denominator=0.064 (repeats for this event suppressed)
Event 1061: >5% quadrature weight outside P_det grid — numerator=0.000, denominator=0.059 (repeats for this event suppressed)
Event 1061: >5% quadrature weight outside P_det grid — numerator=0.000, denominator=0.063 (repeats for this event suppressed)
Event 1061: >5% quadrature weight outside P_det grid — numerator=0.000, denominator=0.052 (repeats for this event suppressed)
parallel computing took: 0.6371841430664062s
Progess: detections: 1062/1588...
No possible hosts. Returning None.
Detection 1062: no catalogue hosts in the localization volume — pure-completion fallback p_i = B_num/D (issue #29)
start parallel computation with: <multiprocessing.pool.Pool state=RUN pool_size=14>
parallel computing took: 8.106231689453125e-06s
Detection 1062: no catalog results found
Progess: detections: 1063/1588...
Found 386 possible hosts without BH mass and 386 possible hosts with BH mass.
possible hosts found 386/386...
start parallel computation with: <multiprocessing.pool.Pool state=RUN pool_size=14>
parallel computing took: 0.027863740921020508s
Progess: detections: 1064/1588...
Found 6 possible hosts without BH mass and 6 possible hosts with BH mass.
possible hosts found 6/6...
start parallel computation with: <multiprocessing.pool.Pool state=RUN pool_size=14>
parallel computing took: 0.003949165344238281s
Progess: detections: 1065/1588...
Found 53 possible hosts without BH mass and 53 possible hosts with BH mass.
possible hosts found 53/53...
start parallel computation with: <multiprocessing.pool.Pool state=RUN pool_size=14>
parallel computing took: 0.007525920867919922s
Progess: detections: 1066/1588...
Found 69 possible hosts without BH mass and 68 possible hosts with BH mass.
possible hosts found 69/68...
start parallel computation with: <multiprocessing.pool.Pool state=RUN pool_size=14>
Event 1066: >5% quadrature weight outside P_det grid — numerator=0.000, denominator=0.063 (repeats for this event suppressed)
Event 1066: >5% quadrature weight outside P_det grid — numerator=0.000, denominator=0.054 (repeats for this event suppressed)
Event 1066: >5% quadrature weight outside P_det grid — numerator=0.000, denominator=0.050 (repeats for this event suppressed)
Event 1066: >5% quadrature weight outside P_det grid — numerator=0.000, denominator=0.052 (repeats for this event suppressed)
Event 1066: >5% quadrature weight outside P_det grid — numerator=0.000, denominator=0.050 (repeats for this event suppressed)
Event 1066: >5% quadrature weight outside P_det grid — numerator=0.000, denominator=0.055 (repeats for this event suppressed)
Event 1066: >5% quadrature weight outside P_det grid — numerator=0.000, denominator=0.051 (repeats for this event suppressed)
Event 1066: >5% quadrature weight outside P_det grid — numerator=0.000, denominator=0.059 (repeats for this event suppressed)
Event 1066: >5% quadrature weight outside P_det grid — numerator=0.000, denominator=0.087 (repeats for this event suppressed)
Event 1066: >5% quadrature weight outside P_det grid — numerator=0.000, denominator=0.075 (repeats for this event suppressed)
Event 1066: >5% quadrature weight outside P_det grid — numerator=0.000, denominator=0.052 (repeats for this event suppressed)
Event 1066: >5% quadrature weight outside P_det grid — numerator=0.000, denominator=0.059 (repeats for this event suppressed)
Event 1066: >5% quadrature weight outside P_det grid — numerator=0.000, denominator=0.063 (repeats for this event suppressed)
Event 1066: >5% quadrature weight outside P_det grid — numerator=0.000, denominator=0.056 (repeats for this event suppressed)
parallel computing took: 0.010169267654418945s
Progess: detections: 1067/1588...
Found 2 possible hosts without BH mass and 2 possible hosts with BH mass.
possible hosts found 2/2...
start parallel computation with: <multiprocessing.pool.Pool state=RUN pool_size=14>
parallel computing took: 0.00267791748046875s
Progess: detections: 1068/1588...
No possible hosts. Returning None.
Detection 1068: no catalogue hosts in the localization volume — pure-completion fallback p_i = B_num/D (issue #29)
start parallel computation with: <multiprocessing.pool.Pool state=RUN pool_size=14>
parallel computing took: 6.4373016357421875e-06s
Detection 1068: no catalog results found
Progess: detections: 1069/1588...
No possible hosts. Returning None.
Detection 1069: no catalogue hosts in the localization volume — pure-completion fallback p_i = B_num/D (issue #29)
start parallel computation with: <multiprocessing.pool.Pool state=RUN pool_size=14>
parallel computing took: 6.4373016357421875e-06s
Detection 1069: no catalog results found
Progess: detections: 1070/1588...
No possible hosts. Returning None.
Detection 1070: no catalogue hosts in the localization volume — pure-completion fallback p_i = B_num/D (issue #29)
start parallel computation with: <multiprocessing.pool.Pool state=RUN pool_size=14>
parallel computing took: 6.198883056640625e-06s
Detection 1070: no catalog results found
Progess: detections: 1071/1588...
No possible hosts. Returning None.
Detection 1071: no catalogue hosts in the localization volume — pure-completion fallback p_i = B_num/D (issue #29)
start parallel computation with: <multiprocessing.pool.Pool state=RUN pool_size=14>
parallel computing took: 6.4373016357421875e-06s
Detection 1071: no catalog results found
Progess: detections: 1072/1588...
No possible hosts. Returning None.
Detection 1072: no catalogue hosts in the localization volume — pure-completion fallback p_i = B_num/D (issue #29)
start parallel computation with: <multiprocessing.pool.Pool state=RUN pool_size=14>
parallel computing took: 6.4373016357421875e-06s
Detection 1072: no catalog results found
Progess: detections: 1073/1588...
Found 1184 possible hosts without BH mass and 1184 possible hosts with BH mass.
possible hosts found 1184/1184...
start parallel computation with: <multiprocessing.pool.Pool state=RUN pool_size=14>
parallel computing took: 0.0971059799194336s
Progess: detections: 1074/1588...
Found 213 possible hosts without BH mass and 213 possible hosts with BH mass.
possible hosts found 213/213...
start parallel computation with: <multiprocessing.pool.Pool state=RUN pool_size=14>
parallel computing took: 0.016414403915405273s
Progess: detections: 1075/1588...
Found 1503 possible hosts without BH mass and 1503 possible hosts with BH mass.
possible hosts found 1503/1503...
start parallel computation with: <multiprocessing.pool.Pool state=RUN pool_size=14>
parallel computing took: 0.12140822410583496s
Progess: detections: 1076/1588...
Found 175 possible hosts without BH mass and 175 possible hosts with BH mass.
possible hosts found 175/175...
start parallel computation with: <multiprocessing.pool.Pool state=RUN pool_size=14>
parallel computing took: 0.01394796371459961s
Progess: detections: 1077/1588...
Found 259 possible hosts without BH mass and 259 possible hosts with BH mass.
possible hosts found 259/259...
start parallel computation with: <multiprocessing.pool.Pool state=RUN pool_size=14>
parallel computing took: 0.02040266990661621s
Progess: detections: 1078/1588...
No possible hosts. Returning None.
Detection 1078: no catalogue hosts in the localization volume — pure-completion fallback p_i = B_num/D (issue #29)
start parallel computation with: <multiprocessing.pool.Pool state=RUN pool_size=14>
parallel computing took: 8.106231689453125e-06s
Detection 1078: no catalog results found
Progess: detections: 1079/1588...
Found 491 possible hosts without BH mass and 491 possible hosts with BH mass.
possible hosts found 491/491...
start parallel computation with: <multiprocessing.pool.Pool state=RUN pool_size=14>
parallel computing took: 0.035619497299194336s
Progess: detections: 1080/1588...
Found 7 possible hosts without BH mass and 7 possible hosts with BH mass.
possible hosts found 7/7...
start parallel computation with: <multiprocessing.pool.Pool state=RUN pool_size=14>
parallel computing took: 0.0042629241943359375s
Progess: detections: 1081/1588...
Found 142 possible hosts without BH mass and 142 possible hosts with BH mass.
possible hosts found 142/142...
start parallel computation with: <multiprocessing.pool.Pool state=RUN pool_size=14>
parallel computing took: 0.012064456939697266s
Progess: detections: 1082/1588...
No possible hosts. Returning None.
Detection 1082: no catalogue hosts in the localization volume — pure-completion fallback p_i = B_num/D (issue #29)
start parallel computation with: <multiprocessing.pool.Pool state=RUN pool_size=14>
parallel computing took: 8.821487426757812e-06s
Detection 1082: no catalog results found
Progess: detections: 1083/1588...
Found 863 possible hosts without BH mass and 863 possible hosts with BH mass.
possible hosts found 863/863...
start parallel computation with: <multiprocessing.pool.Pool state=RUN pool_size=14>
parallel computing took: 0.06423521041870117s
Progess: detections: 1084/1588...
No possible hosts. Returning None.
Detection 1084: no catalogue hosts in the localization volume — pure-completion fallback p_i = B_num/D (issue #29)
start parallel computation with: <multiprocessing.pool.Pool state=RUN pool_size=14>
parallel computing took: 8.821487426757812e-06s
Detection 1084: no catalog results found
Progess: detections: 1085/1588...
Found 279 possible hosts without BH mass and 279 possible hosts with BH mass.
possible hosts found 279/279...
start parallel computation with: <multiprocessing.pool.Pool state=RUN pool_size=14>
Event 1085: >5% quadrature weight outside P_det grid — numerator=0.000, denominator=0.054 (repeats for this event suppressed)
Event 1085: >5% quadrature weight outside P_det grid — numerator=0.000, denominator=0.054 (repeats for this event suppressed)
Event 1085: >5% quadrature weight outside P_det grid — numerator=0.000, denominator=0.051 (repeats for this event suppressed)
Event 1085: >5% quadrature weight outside P_det grid — numerator=0.000, denominator=0.054 (repeats for this event suppressed)
Event 1085: >5% quadrature weight outside P_det grid — numerator=0.000, denominator=0.058 (repeats for this event suppressed)
Event 1085: >5% quadrature weight outside P_det grid — numerator=0.000, denominator=0.059 (repeats for this event suppressed)
Event 1085: >5% quadrature weight outside P_det grid — numerator=0.000, denominator=0.053 (repeats for this event suppressed)
Event 1085: >5% quadrature weight outside P_det grid — numerator=0.000, denominator=0.059 (repeats for this event suppressed)
Event 1085: >5% quadrature weight outside P_det grid — numerator=0.000, denominator=0.055 (repeats for this event suppressed)
Event 1085: >5% quadrature weight outside P_det grid — numerator=0.000, denominator=0.057 (repeats for this event suppressed)
Event 1085: >5% quadrature weight outside P_det grid — numerator=0.000, denominator=0.055 (repeats for this event suppressed)
Event 1085: >5% quadrature weight outside P_det grid — numerator=0.000, denominator=0.053 (repeats for this event suppressed)
Event 1085: >5% quadrature weight outside P_det grid — numerator=0.000, denominator=0.055 (repeats for this event suppressed)
Event 1085: >5% quadrature weight outside P_det grid — numerator=0.000, denominator=0.052 (repeats for this event suppressed)
parallel computing took: 0.021143436431884766s
Progess: detections: 1086/1588...
Found 30 possible hosts without BH mass and 30 possible hosts with BH mass.
possible hosts found 30/30...
start parallel computation with: <multiprocessing.pool.Pool state=RUN pool_size=14>
parallel computing took: 0.0060482025146484375s
Progess: detections: 1087/1588...
Found 4 possible hosts without BH mass and 4 possible hosts with BH mass.
possible hosts found 4/4...
start parallel computation with: <multiprocessing.pool.Pool state=RUN pool_size=14>
parallel computing took: 0.0038127899169921875s
Progess: detections: 1088/1588...
Found 416 possible hosts without BH mass and 416 possible hosts with BH mass.
possible hosts found 416/416...
start parallel computation with: <multiprocessing.pool.Pool state=RUN pool_size=14>
parallel computing took: 0.030452728271484375s
Progess: detections: 1089/1588...
No possible hosts. Returning None.
Detection 1089: no catalogue hosts in the localization volume — pure-completion fallback p_i = B_num/D (issue #29)
start parallel computation with: <multiprocessing.pool.Pool state=RUN pool_size=14>
parallel computing took: 8.106231689453125e-06s
Detection 1089: no catalog results found
Progess: detections: 1090/1588...
Found 1 possible hosts without BH mass and 1 possible hosts with BH mass.
possible hosts found 1/1...
start parallel computation with: <multiprocessing.pool.Pool state=RUN pool_size=14>
parallel computing took: 0.002568960189819336s
Progess: detections: 1091/1588...
Found 27 possible hosts without BH mass and 27 possible hosts with BH mass.
possible hosts found 27/27...
start parallel computation with: <multiprocessing.pool.Pool state=RUN pool_size=14>
parallel computing took: 0.005614757537841797s
Progess: detections: 1092/1588...
Found 6 possible hosts without BH mass and 6 possible hosts with BH mass.
possible hosts found 6/6...
start parallel computation with: <multiprocessing.pool.Pool state=RUN pool_size=14>
parallel computing took: 0.0039038658142089844s
Progess: detections: 1093/1588...
No possible hosts. Returning None.
Detection 1093: no catalogue hosts in the localization volume — pure-completion fallback p_i = B_num/D (issue #29)
start parallel computation with: <multiprocessing.pool.Pool state=RUN pool_size=14>
parallel computing took: 7.3909759521484375e-06s
Detection 1093: no catalog results found
Progess: detections: 1094/1588...
Found 50 possible hosts without BH mass and 50 possible hosts with BH mass.
possible hosts found 50/50...
start parallel computation with: <multiprocessing.pool.Pool state=RUN pool_size=14>
parallel computing took: 0.007093191146850586s
Progess: detections: 1095/1588...
Found 528 possible hosts without BH mass and 528 possible hosts with BH mass.
possible hosts found 528/528...
start parallel computation with: <multiprocessing.pool.Pool state=RUN pool_size=14>
parallel computing took: 0.037967681884765625s
Progess: detections: 1096/1588...
Found 2 possible hosts without BH mass and 2 possible hosts with BH mass.
possible hosts found 2/2...
start parallel computation with: <multiprocessing.pool.Pool state=RUN pool_size=14>
parallel computing took: 0.002925872802734375s
Progess: detections: 1097/1588...
Found 6 possible hosts without BH mass and 6 possible hosts with BH mass.
possible hosts found 6/6...
start parallel computation with: <multiprocessing.pool.Pool state=RUN pool_size=14>
parallel computing took: 0.003572702407836914s
Progess: detections: 1098/1588...
No possible hosts. Returning None.
Detection 1098: no catalogue hosts in the localization volume — pure-completion fallback p_i = B_num/D (issue #29)
start parallel computation with: <multiprocessing.pool.Pool state=RUN pool_size=14>
parallel computing took: 7.152557373046875e-06s
Detection 1098: no catalog results found
Progess: detections: 1099/1588...
Found 10 possible hosts without BH mass and 10 possible hosts with BH mass.
possible hosts found 10/10...
start parallel computation with: <multiprocessing.pool.Pool state=RUN pool_size=14>
parallel computing took: 0.004172086715698242s
Detection 1100/1588: last=0.01s, avg=0.13s, est_remaining=64s
Progess: detections: 1100/1588...
Found 9 possible hosts without BH mass and 9 possible hosts with BH mass.
possible hosts found 9/9...
start parallel computation with: <multiprocessing.pool.Pool state=RUN pool_size=14>
Event 1100: >5% quadrature weight outside P_det grid — numerator=0.000, denominator=0.060 (repeats for this event suppressed)
Event 1100: >5% quadrature weight outside P_det grid — numerator=0.000, denominator=0.075 (repeats for this event suppressed)
Event 1100: >5% quadrature weight outside P_det grid — numerator=0.000, denominator=0.071 (repeats for this event suppressed)
Event 1100: >5% quadrature weight outside P_det grid — numerator=0.000, denominator=0.056 (repeats for this event suppressed)
Event 1100: >5% quadrature weight outside P_det grid — numerator=0.000, denominator=0.067 (repeats for this event suppressed)
Event 1100: >5% quadrature weight outside P_det grid — numerator=0.000, denominator=0.062 (repeats for this event suppressed)
Event 1100: >5% quadrature weight outside P_det grid — numerator=0.000, denominator=0.055 (repeats for this event suppressed)
Event 1100: >5% quadrature weight outside P_det grid — numerator=0.000, denominator=0.098 (repeats for this event suppressed)
Event 1100: >5% quadrature weight outside P_det grid — numerator=0.000, denominator=0.065 (repeats for this event suppressed)
parallel computing took: 0.0042781829833984375s
Progess: detections: 1101/1588...
Found 11 possible hosts without BH mass and 11 possible hosts with BH mass.
possible hosts found 11/11...
start parallel computation with: <multiprocessing.pool.Pool state=RUN pool_size=14>
parallel computing took: 0.005008697509765625s
Progess: detections: 1102/1588...
Found 146 possible hosts without BH mass and 146 possible hosts with BH mass.
possible hosts found 146/146...
start parallel computation with: <multiprocessing.pool.Pool state=RUN pool_size=14>
parallel computing took: 0.012947559356689453s
Progess: detections: 1103/1588...
No possible hosts. Returning None.
Detection 1103: no catalogue hosts in the localization volume — pure-completion fallback p_i = B_num/D (issue #29)
start parallel computation with: <multiprocessing.pool.Pool state=RUN pool_size=14>
parallel computing took: 7.867813110351562e-06s
Detection 1103: no catalog results found
Progess: detections: 1104/1588...
No possible hosts. Returning None.
Detection 1104: no catalogue hosts in the localization volume — pure-completion fallback p_i = B_num/D (issue #29)
start parallel computation with: <multiprocessing.pool.Pool state=RUN pool_size=14>
parallel computing took: 7.152557373046875e-06s
Detection 1104: no catalog results found
Progess: detections: 1105/1588...
Found 81 possible hosts without BH mass and 81 possible hosts with BH mass.
possible hosts found 81/81...
start parallel computation with: <multiprocessing.pool.Pool state=RUN pool_size=14>
parallel computing took: 0.008692026138305664s
Progess: detections: 1106/1588...
Found 108 possible hosts without BH mass and 108 possible hosts with BH mass.
possible hosts found 108/108...
start parallel computation with: <multiprocessing.pool.Pool state=RUN pool_size=14>
parallel computing took: 0.011413097381591797s
Progess: detections: 1107/1588...
Found 4474 possible hosts without BH mass and 4474 possible hosts with BH mass.
possible hosts found 4474/4474...
start parallel computation with: <multiprocessing.pool.Pool state=RUN pool_size=14>
parallel computing took: 0.38608551025390625s
Progess: detections: 1108/1588...
No possible hosts. Returning None.
Detection 1108: no catalogue hosts in the localization volume — pure-completion fallback p_i = B_num/D (issue #29)
start parallel computation with: <multiprocessing.pool.Pool state=RUN pool_size=14>
parallel computing took: 8.58306884765625e-06s
Detection 1108: no catalog results found
Progess: detections: 1109/1588...
Found 20 possible hosts without BH mass and 20 possible hosts with BH mass.
possible hosts found 20/20...
start parallel computation with: <multiprocessing.pool.Pool state=RUN pool_size=14>
parallel computing took: 0.005105495452880859s
Progess: detections: 1110/1588...
No possible hosts. Returning None.
Detection 1110: no catalogue hosts in the localization volume — pure-completion fallback p_i = B_num/D (issue #29)
start parallel computation with: <multiprocessing.pool.Pool state=RUN pool_size=14>
parallel computing took: 7.867813110351562e-06s
Detection 1110: no catalog results found
Progess: detections: 1111/1588...
No possible hosts. Returning None.
Detection 1111: no catalogue hosts in the localization volume — pure-completion fallback p_i = B_num/D (issue #29)
start parallel computation with: <multiprocessing.pool.Pool state=RUN pool_size=14>
parallel computing took: 6.4373016357421875e-06s
Detection 1111: no catalog results found
Progess: detections: 1112/1588...
Found 481 possible hosts without BH mass and 481 possible hosts with BH mass.
possible hosts found 481/481...
start parallel computation with: <multiprocessing.pool.Pool state=RUN pool_size=14>
parallel computing took: 0.041260480880737305s
Progess: detections: 1113/1588...
Found 15 possible hosts without BH mass and 15 possible hosts with BH mass.
possible hosts found 15/15...
start parallel computation with: <multiprocessing.pool.Pool state=RUN pool_size=14>
parallel computing took: 0.005020618438720703s
Progess: detections: 1114/1588...
No possible hosts. Returning None.
Detection 1114: no catalogue hosts in the localization volume — pure-completion fallback p_i = B_num/D (issue #29)
start parallel computation with: <multiprocessing.pool.Pool state=RUN pool_size=14>
parallel computing took: 7.152557373046875e-06s
Detection 1114: no catalog results found
Progess: detections: 1115/1588...
Found 17 possible hosts without BH mass and 17 possible hosts with BH mass.
possible hosts found 17/17...
start parallel computation with: <multiprocessing.pool.Pool state=RUN pool_size=14>
parallel computing took: 0.0046160221099853516s
Progess: detections: 1116/1588...
Found 82 possible hosts without BH mass and 82 possible hosts with BH mass.
possible hosts found 82/82...
start parallel computation with: <multiprocessing.pool.Pool state=RUN pool_size=14>
parallel computing took: 0.008958816528320312s
Progess: detections: 1117/1588...
Found 93 possible hosts without BH mass and 93 possible hosts with BH mass.
possible hosts found 93/93...
start parallel computation with: <multiprocessing.pool.Pool state=RUN pool_size=14>
parallel computing took: 0.009235382080078125s
Progess: detections: 1118/1588...
No possible hosts. Returning None.
Detection 1118: no catalogue hosts in the localization volume — pure-completion fallback p_i = B_num/D (issue #29)
start parallel computation with: <multiprocessing.pool.Pool state=RUN pool_size=14>
parallel computing took: 1.3828277587890625e-05s
Detection 1118: no catalog results found
Progess: detections: 1119/1588...
Found 5 possible hosts without BH mass and 5 possible hosts with BH mass.
possible hosts found 5/5...
start parallel computation with: <multiprocessing.pool.Pool state=RUN pool_size=14>
Event 1119: >5% quadrature weight outside P_det grid — numerator=0.000, denominator=0.130 (repeats for this event suppressed)
parallel computing took: 0.003990888595581055s
Progess: detections: 1120/1588...
Found 2 possible hosts without BH mass and 2 possible hosts with BH mass.
possible hosts found 2/2...
start parallel computation with: <multiprocessing.pool.Pool state=RUN pool_size=14>
parallel computing took: 0.002629518508911133s
Progess: detections: 1121/1588...
Found 15246 possible hosts without BH mass and 15193 possible hosts with BH mass.
possible hosts found 15246/15193...
start parallel computation with: <multiprocessing.pool.Pool state=RUN pool_size=14>
Event 1121: >5% quadrature weight outside P_det grid — numerator=0.000, denominator=0.062 (repeats for this event suppressed)
Event 1121: >5% quadrature weight outside P_det grid — numerator=0.000, denominator=0.052 (repeats for this event suppressed)
Event 1121: >5% quadrature weight outside P_det grid — numerator=0.000, denominator=0.056 (repeats for this event suppressed)
Event 1121: >5% quadrature weight outside P_det grid — numerator=0.000, denominator=0.066 (repeats for this event suppressed)
Event 1121: >5% quadrature weight outside P_det grid — numerator=0.000, denominator=0.070 (repeats for this event suppressed)
Event 1121: >5% quadrature weight outside P_det grid — numerator=0.000, denominator=0.063 (repeats for this event suppressed)
Event 1121: >5% quadrature weight outside P_det grid — numerator=0.000, denominator=0.058 (repeats for this event suppressed)
Event 1121: >5% quadrature weight outside P_det grid — numerator=0.000, denominator=0.054 (repeats for this event suppressed)
Event 1121: >5% quadrature weight outside P_det grid — numerator=0.000, denominator=0.056 (repeats for this event suppressed)
Event 1121: >5% quadrature weight outside P_det grid — numerator=0.000, denominator=0.052 (repeats for this event suppressed)
Event 1121: >5% quadrature weight outside P_det grid — numerator=0.000, denominator=0.052 (repeats for this event suppressed)
Event 1121: >5% quadrature weight outside P_det grid — numerator=0.000, denominator=0.060 (repeats for this event suppressed)
Event 1121: >5% quadrature weight outside P_det grid — numerator=0.000, denominator=0.060 (repeats for this event suppressed)
Event 1121: >5% quadrature weight outside P_det grid — numerator=0.000, denominator=0.055 (repeats for this event suppressed)
parallel computing took: 1.4051003456115723s
Progess: detections: 1122/1588...
No possible hosts. Returning None.
Detection 1122: no catalogue hosts in the localization volume — pure-completion fallback p_i = B_num/D (issue #29)
start parallel computation with: <multiprocessing.pool.Pool state=RUN pool_size=14>
parallel computing took: 8.821487426757812e-06s
Detection 1122: no catalog results found
Progess: detections: 1123/1588...
No possible hosts. Returning None.
Detection 1123: no catalogue hosts in the localization volume — pure-completion fallback p_i = B_num/D (issue #29)
start parallel computation with: <multiprocessing.pool.Pool state=RUN pool_size=14>
parallel computing took: 7.152557373046875e-06s
Detection 1123: no catalog results found
Progess: detections: 1124/1588...
Found 1 possible hosts without BH mass and 1 possible hosts with BH mass.
possible hosts found 1/1...
start parallel computation with: <multiprocessing.pool.Pool state=RUN pool_size=14>
parallel computing took: 0.003129720687866211s
Progess: detections: 1125/1588...
Found 122 possible hosts without BH mass and 122 possible hosts with BH mass.
possible hosts found 122/122...
start parallel computation with: <multiprocessing.pool.Pool state=RUN pool_size=14>
Event 1125: >5% quadrature weight outside P_det grid — numerator=0.000, denominator=0.050 (repeats for this event suppressed)
Event 1125: >5% quadrature weight outside P_det grid — numerator=0.000, denominator=0.051 (repeats for this event suppressed)
Event 1125: >5% quadrature weight outside P_det grid — numerator=0.000, denominator=0.051 (repeats for this event suppressed)
Event 1125: >5% quadrature weight outside P_det grid — numerator=0.000, denominator=0.056 (repeats for this event suppressed)
Event 1125: >5% quadrature weight outside P_det grid — numerator=0.000, denominator=0.051 (repeats for this event suppressed)
Event 1125: >5% quadrature weight outside P_det grid — numerator=0.000, denominator=0.052 (repeats for this event suppressed)
Event 1125: >5% quadrature weight outside P_det grid — numerator=0.000, denominator=0.051 (repeats for this event suppressed)
Event 1125: >5% quadrature weight outside P_det grid — numerator=0.000, denominator=0.053 (repeats for this event suppressed)
parallel computing took: 0.010828256607055664s
Progess: detections: 1126/1588...
Found 178 possible hosts without BH mass and 178 possible hosts with BH mass.
possible hosts found 178/178...
start parallel computation with: <multiprocessing.pool.Pool state=RUN pool_size=14>
parallel computing took: 0.015515804290771484s
Progess: detections: 1127/1588...
Found 18 possible hosts without BH mass and 18 possible hosts with BH mass.
possible hosts found 18/18...
start parallel computation with: <multiprocessing.pool.Pool state=RUN pool_size=14>
parallel computing took: 0.0052754878997802734s
Progess: detections: 1128/1588...
No possible hosts. Returning None.
Detection 1128: no catalogue hosts in the localization volume — pure-completion fallback p_i = B_num/D (issue #29)
start parallel computation with: <multiprocessing.pool.Pool state=RUN pool_size=14>
parallel computing took: 7.152557373046875e-06s
Detection 1128: no catalog results found
Progess: detections: 1129/1588...
Found 1 possible hosts without BH mass and 1 possible hosts with BH mass.
possible hosts found 1/1...
start parallel computation with: <multiprocessing.pool.Pool state=RUN pool_size=14>
parallel computing took: 0.0023910999298095703s
Progess: detections: 1130/1588...
Found 247 possible hosts without BH mass and 242 possible hosts with BH mass.
possible hosts found 247/242...
start parallel computation with: <multiprocessing.pool.Pool state=RUN pool_size=14>
Event 1130: >5% quadrature weight outside P_det grid — numerator=0.000, denominator=0.056 (repeats for this event suppressed)
Event 1130: >5% quadrature weight outside P_det grid — numerator=0.000, denominator=0.056 (repeats for this event suppressed)
Event 1130: >5% quadrature weight outside P_det grid — numerator=0.000, denominator=0.064 (repeats for this event suppressed)
Event 1130: >5% quadrature weight outside P_det grid — numerator=0.000, denominator=0.057 (repeats for this event suppressed)
Event 1130: >5% quadrature weight outside P_det grid — numerator=0.000, denominator=0.055 (repeats for this event suppressed)
Event 1130: >5% quadrature weight outside P_det grid — numerator=0.000, denominator=0.071 (repeats for this event suppressed)
Event 1130: >5% quadrature weight outside P_det grid — numerator=0.000, denominator=0.062 (repeats for this event suppressed)
Event 1130: >5% quadrature weight outside P_det grid — numerator=0.000, denominator=0.057 (repeats for this event suppressed)
Event 1130: >5% quadrature weight outside P_det grid — numerator=0.000, denominator=0.056 (repeats for this event suppressed)
Event 1130: >5% quadrature weight outside P_det grid — numerator=0.000, denominator=0.064 (repeats for this event suppressed)
Event 1130: >5% quadrature weight outside P_det grid — numerator=0.000, denominator=0.057 (repeats for this event suppressed)
Event 1130: >5% quadrature weight outside P_det grid — numerator=0.000, denominator=0.061 (repeats for this event suppressed)
Event 1130: >5% quadrature weight outside P_det grid — numerator=0.000, denominator=0.054 (repeats for this event suppressed)
Event 1130: >5% quadrature weight outside P_det grid — numerator=0.000, denominator=0.056 (repeats for this event suppressed)
parallel computing took: 0.020613670349121094s
Progess: detections: 1131/1588...
Found 10 possible hosts without BH mass and 10 possible hosts with BH mass.
possible hosts found 10/10...
start parallel computation with: <multiprocessing.pool.Pool state=RUN pool_size=14>
parallel computing took: 0.004262447357177734s
Progess: detections: 1132/1588...
No possible hosts. Returning None.
Detection 1132: no catalogue hosts in the localization volume — pure-completion fallback p_i = B_num/D (issue #29)
start parallel computation with: <multiprocessing.pool.Pool state=RUN pool_size=14>
parallel computing took: 6.4373016357421875e-06s
Detection 1132: no catalog results found
Progess: detections: 1133/1588...
No possible hosts. Returning None.
Detection 1133: no catalogue hosts in the localization volume — pure-completion fallback p_i = B_num/D (issue #29)
start parallel computation with: <multiprocessing.pool.Pool state=RUN pool_size=14>
parallel computing took: 6.198883056640625e-06s
Detection 1133: no catalog results found
Progess: detections: 1134/1588...
Found 61 possible hosts without BH mass and 61 possible hosts with BH mass.
possible hosts found 61/61...
start parallel computation with: <multiprocessing.pool.Pool state=RUN pool_size=14>
parallel computing took: 0.007022380828857422s
Progess: detections: 1135/1588...
Found 26 possible hosts without BH mass and 26 possible hosts with BH mass.
possible hosts found 26/26...
start parallel computation with: <multiprocessing.pool.Pool state=RUN pool_size=14>
parallel computing took: 0.005362510681152344s
Progess: detections: 1136/1588...
Found 108 possible hosts without BH mass and 108 possible hosts with BH mass.
possible hosts found 108/108...
start parallel computation with: <multiprocessing.pool.Pool state=RUN pool_size=14>
parallel computing took: 0.009835958480834961s
Progess: detections: 1137/1588...
No possible hosts. Returning None.
Detection 1137: no catalogue hosts in the localization volume — pure-completion fallback p_i = B_num/D (issue #29)
start parallel computation with: <multiprocessing.pool.Pool state=RUN pool_size=14>
parallel computing took: 7.62939453125e-06s
Detection 1137: no catalog results found
Progess: detections: 1138/1588...
Found 1 possible hosts without BH mass and 1 possible hosts with BH mass.
possible hosts found 1/1...
start parallel computation with: <multiprocessing.pool.Pool state=RUN pool_size=14>
parallel computing took: 0.0026564598083496094s
Progess: detections: 1139/1588...
No possible hosts. Returning None.
Detection 1139: no catalogue hosts in the localization volume — pure-completion fallback p_i = B_num/D (issue #29)
start parallel computation with: <multiprocessing.pool.Pool state=RUN pool_size=14>
parallel computing took: 6.198883056640625e-06s
Detection 1139: no catalog results found
Progess: detections: 1140/1588...
Found 81 possible hosts without BH mass and 81 possible hosts with BH mass.
possible hosts found 81/81...
start parallel computation with: <multiprocessing.pool.Pool state=RUN pool_size=14>
parallel computing took: 0.008305788040161133s
Progess: detections: 1141/1588...
No possible hosts. Returning None.
Detection 1141: no catalogue hosts in the localization volume — pure-completion fallback p_i = B_num/D (issue #29)
start parallel computation with: <multiprocessing.pool.Pool state=RUN pool_size=14>
parallel computing took: 7.152557373046875e-06s
Detection 1141: no catalog results found
Progess: detections: 1142/1588...
Found 13 possible hosts without BH mass and 13 possible hosts with BH mass.
possible hosts found 13/13...
start parallel computation with: <multiprocessing.pool.Pool state=RUN pool_size=14>
parallel computing took: 0.004889965057373047s
Progess: detections: 1143/1588...
No possible hosts. Returning None.
Detection 1143: no catalogue hosts in the localization volume — pure-completion fallback p_i = B_num/D (issue #29)
start parallel computation with: <multiprocessing.pool.Pool state=RUN pool_size=14>
parallel computing took: 6.4373016357421875e-06s
Detection 1143: no catalog results found
Progess: detections: 1144/1588...
No possible hosts. Returning None.
Detection 1144: no catalogue hosts in the localization volume — pure-completion fallback p_i = B_num/D (issue #29)
start parallel computation with: <multiprocessing.pool.Pool state=RUN pool_size=14>
parallel computing took: 6.9141387939453125e-06s
Detection 1144: no catalog results found
Progess: detections: 1145/1588...
Found 897 possible hosts without BH mass and 897 possible hosts with BH mass.
possible hosts found 897/897...
start parallel computation with: <multiprocessing.pool.Pool state=RUN pool_size=14>
parallel computing took: 0.06720376014709473s
Progess: detections: 1146/1588...
Found 5 possible hosts without BH mass and 5 possible hosts with BH mass.
possible hosts found 5/5...
start parallel computation with: <multiprocessing.pool.Pool state=RUN pool_size=14>
parallel computing took: 0.00410151481628418s
Progess: detections: 1147/1588...
Found 1304 possible hosts without BH mass and 1304 possible hosts with BH mass.
possible hosts found 1304/1304...
start parallel computation with: <multiprocessing.pool.Pool state=RUN pool_size=14>
Event 1147: >5% quadrature weight outside P_det grid — numerator=0.000, denominator=0.055 (repeats for this event suppressed)
Event 1147: >5% quadrature weight outside P_det grid — numerator=0.000, denominator=0.052 (repeats for this event suppressed)
Event 1147: >5% quadrature weight outside P_det grid — numerator=0.000, denominator=0.052 (repeats for this event suppressed)
Event 1147: >5% quadrature weight outside P_det grid — numerator=0.000, denominator=0.051 (repeats for this event suppressed)
Event 1147: >5% quadrature weight outside P_det grid — numerator=0.000, denominator=0.055 (repeats for this event suppressed)
Event 1147: >5% quadrature weight outside P_det grid — numerator=0.000, denominator=0.051 (repeats for this event suppressed)
Event 1147: >5% quadrature weight outside P_det grid — numerator=0.000, denominator=0.050 (repeats for this event suppressed)
Event 1147: >5% quadrature weight outside P_det grid — numerator=0.000, denominator=0.054 (repeats for this event suppressed)
Event 1147: >5% quadrature weight outside P_det grid — numerator=0.000, denominator=0.054 (repeats for this event suppressed)
Event 1147: >5% quadrature weight outside P_det grid — numerator=0.000, denominator=0.051 (repeats for this event suppressed)
Event 1147: >5% quadrature weight outside P_det grid — numerator=0.000, denominator=0.057 (repeats for this event suppressed)
Event 1147: >5% quadrature weight outside P_det grid — numerator=0.000, denominator=0.050 (repeats for this event suppressed)
Event 1147: >5% quadrature weight outside P_det grid — numerator=0.000, denominator=0.051 (repeats for this event suppressed)
Event 1147: >5% quadrature weight outside P_det grid — numerator=0.000, denominator=0.054 (repeats for this event suppressed)
parallel computing took: 0.09975957870483398s
Progess: detections: 1148/1588...
Found 7 possible hosts without BH mass and 7 possible hosts with BH mass.
possible hosts found 7/7...
start parallel computation with: <multiprocessing.pool.Pool state=RUN pool_size=14>
parallel computing took: 0.004258632659912109s
Progess: detections: 1149/1588...
No possible hosts. Returning None.
Detection 1149: no catalogue hosts in the localization volume — pure-completion fallback p_i = B_num/D (issue #29)
start parallel computation with: <multiprocessing.pool.Pool state=RUN pool_size=14>
parallel computing took: 7.152557373046875e-06s
Detection 1149: no catalog results found
Progess: detections: 1150/1588...
Found 123 possible hosts without BH mass and 123 possible hosts with BH mass.
possible hosts found 123/123...
start parallel computation with: <multiprocessing.pool.Pool state=RUN pool_size=14>
parallel computing took: 0.010639190673828125s
Progess: detections: 1151/1588...
Found 354 possible hosts without BH mass and 354 possible hosts with BH mass.
possible hosts found 354/354...
start parallel computation with: <multiprocessing.pool.Pool state=RUN pool_size=14>
parallel computing took: 0.02650308609008789s
Progess: detections: 1152/1588...
No possible hosts. Returning None.
Detection 1152: no catalogue hosts in the localization volume — pure-completion fallback p_i = B_num/D (issue #29)
start parallel computation with: <multiprocessing.pool.Pool state=RUN pool_size=14>
parallel computing took: 7.3909759521484375e-06s
Detection 1152: no catalog results found
Progess: detections: 1153/1588...
No possible hosts. Returning None.
Detection 1153: no catalogue hosts in the localization volume — pure-completion fallback p_i = B_num/D (issue #29)
start parallel computation with: <multiprocessing.pool.Pool state=RUN pool_size=14>
parallel computing took: 6.9141387939453125e-06s
Detection 1153: no catalog results found
Progess: detections: 1154/1588...
Found 1 possible hosts without BH mass and 1 possible hosts with BH mass.
possible hosts found 1/1...
start parallel computation with: <multiprocessing.pool.Pool state=RUN pool_size=14>
parallel computing took: 0.0026264190673828125s
Progess: detections: 1155/1588...
Found 151 possible hosts without BH mass and 151 possible hosts with BH mass.
possible hosts found 151/151...
start parallel computation with: <multiprocessing.pool.Pool state=RUN pool_size=14>
parallel computing took: 0.013039588928222656s
Progess: detections: 1156/1588...
No possible hosts. Returning None.
Detection 1156: no catalogue hosts in the localization volume — pure-completion fallback p_i = B_num/D (issue #29)
start parallel computation with: <multiprocessing.pool.Pool state=RUN pool_size=14>
parallel computing took: 8.106231689453125e-06s
Detection 1156: no catalog results found
Progess: detections: 1157/1588...
No possible hosts. Returning None.
Detection 1157: no catalogue hosts in the localization volume — pure-completion fallback p_i = B_num/D (issue #29)
start parallel computation with: <multiprocessing.pool.Pool state=RUN pool_size=14>
parallel computing took: 6.198883056640625e-06s
Detection 1157: no catalog results found
Progess: detections: 1158/1588...
No possible hosts. Returning None.
Detection 1158: no catalogue hosts in the localization volume — pure-completion fallback p_i = B_num/D (issue #29)
start parallel computation with: <multiprocessing.pool.Pool state=RUN pool_size=14>
parallel computing took: 6.4373016357421875e-06s
Detection 1158: no catalog results found
Progess: detections: 1159/1588...
Found 134 possible hosts without BH mass and 134 possible hosts with BH mass.
possible hosts found 134/134...
start parallel computation with: <multiprocessing.pool.Pool state=RUN pool_size=14>
parallel computing took: 0.011612176895141602s
Progess: detections: 1160/1588...
No possible hosts. Returning None.
Detection 1160: no catalogue hosts in the localization volume — pure-completion fallback p_i = B_num/D (issue #29)
start parallel computation with: <multiprocessing.pool.Pool state=RUN pool_size=14>
parallel computing took: 8.344650268554688e-06s
Detection 1160: no catalog results found
Progess: detections: 1161/1588...
Found 3 possible hosts without BH mass and 3 possible hosts with BH mass.
possible hosts found 3/3...
start parallel computation with: <multiprocessing.pool.Pool state=RUN pool_size=14>
parallel computing took: 0.0028603076934814453s
Progess: detections: 1162/1588...
Found 23 possible hosts without BH mass and 23 possible hosts with BH mass.
possible hosts found 23/23...
start parallel computation with: <multiprocessing.pool.Pool state=RUN pool_size=14>
parallel computing took: 0.005106449127197266s
Progess: detections: 1163/1588...
Found 326 possible hosts without BH mass and 326 possible hosts with BH mass.
possible hosts found 326/326...
start parallel computation with: <multiprocessing.pool.Pool state=RUN pool_size=14>
parallel computing took: 0.02318406105041504s
Progess: detections: 1164/1588...
Found 123 possible hosts without BH mass and 123 possible hosts with BH mass.
possible hosts found 123/123...
start parallel computation with: <multiprocessing.pool.Pool state=RUN pool_size=14>
parallel computing took: 0.011004447937011719s
Progess: detections: 1165/1588...
Found 2 possible hosts without BH mass and 2 possible hosts with BH mass.
possible hosts found 2/2...
start parallel computation with: <multiprocessing.pool.Pool state=RUN pool_size=14>
parallel computing took: 0.002993345260620117s
Progess: detections: 1166/1588...
Found 4 possible hosts without BH mass and 4 possible hosts with BH mass.
possible hosts found 4/4...
start parallel computation with: <multiprocessing.pool.Pool state=RUN pool_size=14>
parallel computing took: 0.00374603271484375s
Progess: detections: 1167/1588...
Found 3038 possible hosts without BH mass and 3038 possible hosts with BH mass.
possible hosts found 3038/3038...
start parallel computation with: <multiprocessing.pool.Pool state=RUN pool_size=14>
parallel computing took: 0.25129151344299316s
Progess: detections: 1168/1588...
Found 1 possible hosts without BH mass and 1 possible hosts with BH mass.
possible hosts found 1/1...
start parallel computation with: <multiprocessing.pool.Pool state=RUN pool_size=14>
parallel computing took: 0.0027174949645996094s
Progess: detections: 1169/1588...
Found 10163 possible hosts without BH mass and 10163 possible hosts with BH mass.
possible hosts found 10163/10163...
start parallel computation with: <multiprocessing.pool.Pool state=RUN pool_size=14>
parallel computing took: 0.9568953514099121s
Progess: detections: 1170/1588...
Found 2392 possible hosts without BH mass and 2392 possible hosts with BH mass.
possible hosts found 2392/2392...
start parallel computation with: <multiprocessing.pool.Pool state=RUN pool_size=14>
parallel computing took: 0.2069377899169922s
Progess: detections: 1171/1588...
Found 595 possible hosts without BH mass and 595 possible hosts with BH mass.
possible hosts found 595/595...
start parallel computation with: <multiprocessing.pool.Pool state=RUN pool_size=14>
parallel computing took: 0.042511701583862305s
Progess: detections: 1172/1588...
No possible hosts. Returning None.
Detection 1172: no catalogue hosts in the localization volume — pure-completion fallback p_i = B_num/D (issue #29)
start parallel computation with: <multiprocessing.pool.Pool state=RUN pool_size=14>
parallel computing took: 8.58306884765625e-06s
Detection 1172: no catalog results found
Progess: detections: 1173/1588...
No possible hosts. Returning None.
Detection 1173: no catalogue hosts in the localization volume — pure-completion fallback p_i = B_num/D (issue #29)
start parallel computation with: <multiprocessing.pool.Pool state=RUN pool_size=14>
parallel computing took: 6.9141387939453125e-06s
Detection 1173: no catalog results found
Progess: detections: 1174/1588...
No possible hosts. Returning None.
Detection 1174: no catalogue hosts in the localization volume — pure-completion fallback p_i = B_num/D (issue #29)
start parallel computation with: <multiprocessing.pool.Pool state=RUN pool_size=14>
parallel computing took: 6.67572021484375e-06s
Detection 1174: no catalog results found
Progess: detections: 1175/1588...
No possible hosts. Returning None.
Detection 1175: no catalogue hosts in the localization volume — pure-completion fallback p_i = B_num/D (issue #29)
start parallel computation with: <multiprocessing.pool.Pool state=RUN pool_size=14>
parallel computing took: 6.67572021484375e-06s
Detection 1175: no catalog results found
Progess: detections: 1176/1588...
No possible hosts. Returning None.
Detection 1176: no catalogue hosts in the localization volume — pure-completion fallback p_i = B_num/D (issue #29)
start parallel computation with: <multiprocessing.pool.Pool state=RUN pool_size=14>
parallel computing took: 6.67572021484375e-06s
Detection 1176: no catalog results found
Progess: detections: 1177/1588...
Found 9 possible hosts without BH mass and 9 possible hosts with BH mass.
possible hosts found 9/9...
start parallel computation with: <multiprocessing.pool.Pool state=RUN pool_size=14>
parallel computing took: 0.004213094711303711s
Progess: detections: 1178/1588...
Found 63 possible hosts without BH mass and 63 possible hosts with BH mass.
possible hosts found 63/63...
start parallel computation with: <multiprocessing.pool.Pool state=RUN pool_size=14>
parallel computing took: 0.007123470306396484s
Progess: detections: 1179/1588...
Found 78 possible hosts without BH mass and 78 possible hosts with BH mass.
possible hosts found 78/78...
start parallel computation with: <multiprocessing.pool.Pool state=RUN pool_size=14>
parallel computing took: 0.008043289184570312s
Progess: detections: 1180/1588...
No possible hosts. Returning None.
Detection 1180: no catalogue hosts in the localization volume — pure-completion fallback p_i = B_num/D (issue #29)
start parallel computation with: <multiprocessing.pool.Pool state=RUN pool_size=14>
parallel computing took: 7.62939453125e-06s
Detection 1180: no catalog results found
Progess: detections: 1181/1588...
No possible hosts. Returning None.
Detection 1181: no catalogue hosts in the localization volume — pure-completion fallback p_i = B_num/D (issue #29)
start parallel computation with: <multiprocessing.pool.Pool state=RUN pool_size=14>
parallel computing took: 6.9141387939453125e-06s
Detection 1181: no catalog results found
Progess: detections: 1182/1588...
No possible hosts. Returning None.
Detection 1182: no catalogue hosts in the localization volume — pure-completion fallback p_i = B_num/D (issue #29)
start parallel computation with: <multiprocessing.pool.Pool state=RUN pool_size=14>
parallel computing took: 6.9141387939453125e-06s
Detection 1182: no catalog results found
Progess: detections: 1183/1588...
Found 96 possible hosts without BH mass and 96 possible hosts with BH mass.
possible hosts found 96/96...
start parallel computation with: <multiprocessing.pool.Pool state=RUN pool_size=14>
parallel computing took: 0.009082317352294922s
Progess: detections: 1184/1588...
No possible hosts. Returning None.
Detection 1184: no catalogue hosts in the localization volume — pure-completion fallback p_i = B_num/D (issue #29)
start parallel computation with: <multiprocessing.pool.Pool state=RUN pool_size=14>
parallel computing took: 8.344650268554688e-06s
Detection 1184: no catalog results found
Progess: detections: 1185/1588...
Found 4 possible hosts without BH mass and 4 possible hosts with BH mass.
possible hosts found 4/4...
start parallel computation with: <multiprocessing.pool.Pool state=RUN pool_size=14>
parallel computing took: 0.003709554672241211s
Progess: detections: 1186/1588...
Found 12 possible hosts without BH mass and 12 possible hosts with BH mass.
possible hosts found 12/12...
start parallel computation with: <multiprocessing.pool.Pool state=RUN pool_size=14>
parallel computing took: 0.004956245422363281s
Progess: detections: 1187/1588...
No possible hosts. Returning None.
Detection 1187: no catalogue hosts in the localization volume — pure-completion fallback p_i = B_num/D (issue #29)
start parallel computation with: <multiprocessing.pool.Pool state=RUN pool_size=14>
parallel computing took: 6.4373016357421875e-06s
Detection 1187: no catalog results found
Progess: detections: 1188/1588...
Found 617 possible hosts without BH mass and 617 possible hosts with BH mass.
possible hosts found 617/617...
start parallel computation with: <multiprocessing.pool.Pool state=RUN pool_size=14>
parallel computing took: 0.04524421691894531s
Progess: detections: 1189/1588...
No possible hosts. Returning None.
Detection 1189: no catalogue hosts in the localization volume — pure-completion fallback p_i = B_num/D (issue #29)
start parallel computation with: <multiprocessing.pool.Pool state=RUN pool_size=14>
parallel computing took: 7.62939453125e-06s
Detection 1189: no catalog results found
Progess: detections: 1190/1588...
Found 11 possible hosts without BH mass and 11 possible hosts with BH mass.
possible hosts found 11/11...
start parallel computation with: <multiprocessing.pool.Pool state=RUN pool_size=14>
parallel computing took: 0.0043261051177978516s
Progess: detections: 1191/1588...
No possible hosts. Returning None.
Detection 1191: no catalogue hosts in the localization volume — pure-completion fallback p_i = B_num/D (issue #29)
start parallel computation with: <multiprocessing.pool.Pool state=RUN pool_size=14>
parallel computing took: 6.9141387939453125e-06s
Detection 1191: no catalog results found
Progess: detections: 1192/1588...
No possible hosts. Returning None.
Detection 1192: no catalogue hosts in the localization volume — pure-completion fallback p_i = B_num/D (issue #29)
start parallel computation with: <multiprocessing.pool.Pool state=RUN pool_size=14>
parallel computing took: 6.4373016357421875e-06s
Detection 1192: no catalog results found
Progess: detections: 1193/1588...
Found 7 possible hosts without BH mass and 7 possible hosts with BH mass.
possible hosts found 7/7...
start parallel computation with: <multiprocessing.pool.Pool state=RUN pool_size=14>
parallel computing took: 0.003871440887451172s
Progess: detections: 1194/1588...
Found 674 possible hosts without BH mass and 674 possible hosts with BH mass.
possible hosts found 674/674...
start parallel computation with: <multiprocessing.pool.Pool state=RUN pool_size=14>
parallel computing took: 0.05242800712585449s
Progess: detections: 1195/1588...
No possible hosts. Returning None.
Detection 1195: no catalogue hosts in the localization volume — pure-completion fallback p_i = B_num/D (issue #29)
start parallel computation with: <multiprocessing.pool.Pool state=RUN pool_size=14>
parallel computing took: 8.344650268554688e-06s
Detection 1195: no catalog results found
Progess: detections: 1196/1588...
Found 4 possible hosts without BH mass and 4 possible hosts with BH mass.
possible hosts found 4/4...
start parallel computation with: <multiprocessing.pool.Pool state=RUN pool_size=14>
parallel computing took: 0.0028476715087890625s
Progess: detections: 1197/1588...
Found 55 possible hosts without BH mass and 55 possible hosts with BH mass.
possible hosts found 55/55...
start parallel computation with: <multiprocessing.pool.Pool state=RUN pool_size=14>
parallel computing took: 0.007314920425415039s
Progess: detections: 1198/1588...
Found 4753 possible hosts without BH mass and 4753 possible hosts with BH mass.
possible hosts found 4753/4753...
start parallel computation with: <multiprocessing.pool.Pool state=RUN pool_size=14>
parallel computing took: 0.4126558303833008s
Progess: detections: 1199/1588...
Found 1306 possible hosts without BH mass and 1306 possible hosts with BH mass.
possible hosts found 1306/1306...
start parallel computation with: <multiprocessing.pool.Pool state=RUN pool_size=14>
parallel computing took: 0.10596871376037598s
Detection 1200/1588: last=0.18s, avg=0.13s, est_remaining=49s
Progess: detections: 1200/1588...
Found 11 possible hosts without BH mass and 11 possible hosts with BH mass.
possible hosts found 11/11...
start parallel computation with: <multiprocessing.pool.Pool state=RUN pool_size=14>
Event 1200: >5% quadrature weight outside P_det grid — numerator=0.000, denominator=0.056 (repeats for this event suppressed)
parallel computing took: 0.0045092105865478516s
Progess: detections: 1201/1588...
Found 19 possible hosts without BH mass and 19 possible hosts with BH mass.
possible hosts found 19/19...
start parallel computation with: <multiprocessing.pool.Pool state=RUN pool_size=14>
parallel computing took: 0.004594564437866211s
Progess: detections: 1202/1588...
Found 1 possible hosts without BH mass and 1 possible hosts with BH mass.
possible hosts found 1/1...
start parallel computation with: <multiprocessing.pool.Pool state=RUN pool_size=14>
Event 1202: >5% quadrature weight outside P_det grid — numerator=0.000, denominator=0.082 (repeats for this event suppressed)
parallel computing took: 0.0025649070739746094s
Progess: detections: 1203/1588...
Found 123 possible hosts without BH mass and 123 possible hosts with BH mass.
possible hosts found 123/123...
start parallel computation with: <multiprocessing.pool.Pool state=RUN pool_size=14>
parallel computing took: 0.010730743408203125s
Progess: detections: 1204/1588...
Found 5 possible hosts without BH mass and 5 possible hosts with BH mass.
possible hosts found 5/5...
start parallel computation with: <multiprocessing.pool.Pool state=RUN pool_size=14>
parallel computing took: 0.004271268844604492s
Progess: detections: 1205/1588...
Found 33 possible hosts without BH mass and 33 possible hosts with BH mass.
possible hosts found 33/33...
start parallel computation with: <multiprocessing.pool.Pool state=RUN pool_size=14>
parallel computing took: 0.0060193538665771484s
Progess: detections: 1206/1588...
Found 1 possible hosts without BH mass and 1 possible hosts with BH mass.
possible hosts found 1/1...
start parallel computation with: <multiprocessing.pool.Pool state=RUN pool_size=14>
parallel computing took: 0.0024220943450927734s
Progess: detections: 1207/1588...
Found 373 possible hosts without BH mass and 373 possible hosts with BH mass.
possible hosts found 373/373...
start parallel computation with: <multiprocessing.pool.Pool state=RUN pool_size=14>
parallel computing took: 0.027330875396728516s
Progess: detections: 1208/1588...
Found 2302 possible hosts without BH mass and 2302 possible hosts with BH mass.
possible hosts found 2302/2302...
start parallel computation with: <multiprocessing.pool.Pool state=RUN pool_size=14>
parallel computing took: 0.18531346321105957s
Progess: detections: 1209/1588...
Found 271 possible hosts without BH mass and 255 possible hosts with BH mass.
possible hosts found 271/255...
start parallel computation with: <multiprocessing.pool.Pool state=RUN pool_size=14>
Event 1210: >5% quadrature weight outside P_det grid — numerator=0.000, denominator=0.071 (repeats for this event suppressed)
Event 1210: >5% quadrature weight outside P_det grid — numerator=0.000, denominator=0.057 (repeats for this event suppressed)
Event 1210: >5% quadrature weight outside P_det grid — numerator=0.000, denominator=0.084 (repeats for this event suppressed)
Event 1210: >5% quadrature weight outside P_det grid — numerator=0.000, denominator=0.058 (repeats for this event suppressed)
Event 1210: >5% quadrature weight outside P_det grid — numerator=0.000, denominator=0.057 (repeats for this event suppressed)
Event 1210: >5% quadrature weight outside P_det grid — numerator=0.000, denominator=0.069 (repeats for this event suppressed)
Event 1210: >5% quadrature weight outside P_det grid — numerator=0.000, denominator=0.057 (repeats for this event suppressed)
Event 1210: >5% quadrature weight outside P_det grid — numerator=0.000, denominator=0.054 (repeats for this event suppressed)
Event 1210: >5% quadrature weight outside P_det grid — numerator=0.000, denominator=0.054 (repeats for this event suppressed)
Event 1210: >5% quadrature weight outside P_det grid — numerator=0.000, denominator=0.060 (repeats for this event suppressed)
Event 1210: >5% quadrature weight outside P_det grid — numerator=0.000, denominator=0.061 (repeats for this event suppressed)
Event 1210: >5% quadrature weight outside P_det grid — numerator=0.000, denominator=0.058 (repeats for this event suppressed)
Event 1210: >5% quadrature weight outside P_det grid — numerator=0.000, denominator=0.064 (repeats for this event suppressed)
Event 1210: >5% quadrature weight outside P_det grid — numerator=0.000, denominator=0.063 (repeats for this event suppressed)
parallel computing took: 0.022016525268554688s
Progess: detections: 1210/1588...
Found 911 possible hosts without BH mass and 911 possible hosts with BH mass.
possible hosts found 911/911...
start parallel computation with: <multiprocessing.pool.Pool state=RUN pool_size=14>
parallel computing took: 0.0688791275024414s
Progess: detections: 1211/1588...
Found 46 possible hosts without BH mass and 46 possible hosts with BH mass.
possible hosts found 46/46...
start parallel computation with: <multiprocessing.pool.Pool state=RUN pool_size=14>
parallel computing took: 0.006730318069458008s
Progess: detections: 1212/1588...
Found 50 possible hosts without BH mass and 50 possible hosts with BH mass.
possible hosts found 50/50...
start parallel computation with: <multiprocessing.pool.Pool state=RUN pool_size=14>
parallel computing took: 0.006807565689086914s
Progess: detections: 1213/1588...
Found 10 possible hosts without BH mass and 10 possible hosts with BH mass.
possible hosts found 10/10...
start parallel computation with: <multiprocessing.pool.Pool state=RUN pool_size=14>
parallel computing took: 0.0041730403900146484s
Progess: detections: 1214/1588...
No possible hosts. Returning None.
Detection 1215: no catalogue hosts in the localization volume — pure-completion fallback p_i = B_num/D (issue #29)
start parallel computation with: <multiprocessing.pool.Pool state=RUN pool_size=14>
parallel computing took: 6.9141387939453125e-06s
Detection 1215: no catalog results found
Progess: detections: 1215/1588...
No possible hosts. Returning None.
Detection 1216: no catalogue hosts in the localization volume — pure-completion fallback p_i = B_num/D (issue #29)
start parallel computation with: <multiprocessing.pool.Pool state=RUN pool_size=14>
parallel computing took: 6.198883056640625e-06s
Detection 1216: no catalog results found
Progess: detections: 1216/1588...
No possible hosts. Returning None.
Detection 1217: no catalogue hosts in the localization volume — pure-completion fallback p_i = B_num/D (issue #29)
start parallel computation with: <multiprocessing.pool.Pool state=RUN pool_size=14>
parallel computing took: 6.198883056640625e-06s
Detection 1217: no catalog results found
Progess: detections: 1217/1588...
Found 1474 possible hosts without BH mass and 1474 possible hosts with BH mass.
possible hosts found 1474/1474...
start parallel computation with: <multiprocessing.pool.Pool state=RUN pool_size=14>
parallel computing took: 0.11770915985107422s
Progess: detections: 1218/1588...
Found 21 possible hosts without BH mass and 21 possible hosts with BH mass.
possible hosts found 21/21...
start parallel computation with: <multiprocessing.pool.Pool state=RUN pool_size=14>
parallel computing took: 0.005536556243896484s
Progess: detections: 1219/1588...
Found 2 possible hosts without BH mass and 2 possible hosts with BH mass.
possible hosts found 2/2...
start parallel computation with: <multiprocessing.pool.Pool state=RUN pool_size=14>
parallel computing took: 0.0027933120727539062s
Progess: detections: 1220/1588...
Found 231 possible hosts without BH mass and 231 possible hosts with BH mass.
possible hosts found 231/231...
start parallel computation with: <multiprocessing.pool.Pool state=RUN pool_size=14>
parallel computing took: 0.017815113067626953s
Progess: detections: 1221/1588...
Found 464 possible hosts without BH mass and 464 possible hosts with BH mass.
possible hosts found 464/464...
start parallel computation with: <multiprocessing.pool.Pool state=RUN pool_size=14>
Event 1222: >5% quadrature weight outside P_det grid — numerator=0.000, denominator=0.147 (repeats for this event suppressed)
Event 1222: >5% quadrature weight outside P_det grid — numerator=0.000, denominator=0.082 (repeats for this event suppressed)
Event 1222: >5% quadrature weight outside P_det grid — numerator=0.000, denominator=0.065 (repeats for this event suppressed)
Event 1222: >5% quadrature weight outside P_det grid — numerator=0.000, denominator=0.251 (repeats for this event suppressed)
Event 1222: >5% quadrature weight outside P_det grid — numerator=0.000, denominator=0.179 (repeats for this event suppressed)
Event 1222: >5% quadrature weight outside P_det grid — numerator=0.000, denominator=0.082 (repeats for this event suppressed)
Event 1222: >5% quadrature weight outside P_det grid — numerator=0.000, denominator=0.090 (repeats for this event suppressed)
Event 1222: >5% quadrature weight outside P_det grid — numerator=0.000, denominator=0.171 (repeats for this event suppressed)
Event 1222: >5% quadrature weight outside P_det grid — numerator=0.000, denominator=0.131 (repeats for this event suppressed)
Event 1222: >5% quadrature weight outside P_det grid — numerator=0.000, denominator=0.179 (repeats for this event suppressed)
Event 1222: >5% quadrature weight outside P_det grid — numerator=0.000, denominator=0.082 (repeats for this event suppressed)
parallel computing took: 0.03252434730529785s
Progess: detections: 1222/1588...
Found 1512 possible hosts without BH mass and 1512 possible hosts with BH mass.
possible hosts found 1512/1512...
start parallel computation with: <multiprocessing.pool.Pool state=RUN pool_size=14>
parallel computing took: 0.11555814743041992s
Progess: detections: 1223/1588...
Found 166 possible hosts without BH mass and 166 possible hosts with BH mass.
possible hosts found 166/166...
start parallel computation with: <multiprocessing.pool.Pool state=RUN pool_size=14>
parallel computing took: 0.013497591018676758s
Progess: detections: 1224/1588...
Found 4511 possible hosts without BH mass and 4511 possible hosts with BH mass.
possible hosts found 4511/4511...
start parallel computation with: <multiprocessing.pool.Pool state=RUN pool_size=14>
parallel computing took: 0.3763082027435303s
Progess: detections: 1225/1588...
No possible hosts. Returning None.
Detection 1226: no catalogue hosts in the localization volume — pure-completion fallback p_i = B_num/D (issue #29)
start parallel computation with: <multiprocessing.pool.Pool state=RUN pool_size=14>
parallel computing took: 8.344650268554688e-06s
Detection 1226: no catalog results found
Progess: detections: 1226/1588...
No possible hosts. Returning None.
Detection 1227: no catalogue hosts in the localization volume — pure-completion fallback p_i = B_num/D (issue #29)
start parallel computation with: <multiprocessing.pool.Pool state=RUN pool_size=14>
parallel computing took: 6.67572021484375e-06s
Detection 1227: no catalog results found
Progess: detections: 1227/1588...
Found 23 possible hosts without BH mass and 23 possible hosts with BH mass.
possible hosts found 23/23...
start parallel computation with: <multiprocessing.pool.Pool state=RUN pool_size=14>
parallel computing took: 0.005202054977416992s
Progess: detections: 1228/1588...
Found 2166 possible hosts without BH mass and 2166 possible hosts with BH mass.
possible hosts found 2166/2166...
start parallel computation with: <multiprocessing.pool.Pool state=RUN pool_size=14>
parallel computing took: 0.18469810485839844s
Progess: detections: 1229/1588...
Found 2 possible hosts without BH mass and 2 possible hosts with BH mass.
possible hosts found 2/2...
start parallel computation with: <multiprocessing.pool.Pool state=RUN pool_size=14>
parallel computing took: 0.0028862953186035156s
Progess: detections: 1230/1588...
Found 62 possible hosts without BH mass and 62 possible hosts with BH mass.
possible hosts found 62/62...
start parallel computation with: <multiprocessing.pool.Pool state=RUN pool_size=14>
parallel computing took: 0.007258415222167969s
Progess: detections: 1231/1588...
Found 3 possible hosts without BH mass and 3 possible hosts with BH mass.
possible hosts found 3/3...
start parallel computation with: <multiprocessing.pool.Pool state=RUN pool_size=14>
parallel computing took: 0.0026450157165527344s
Progess: detections: 1232/1588...
Found 9 possible hosts without BH mass and 9 possible hosts with BH mass.
possible hosts found 9/9...
start parallel computation with: <multiprocessing.pool.Pool state=RUN pool_size=14>
parallel computing took: 0.004252195358276367s
Progess: detections: 1233/1588...
No possible hosts. Returning None.
Detection 1234: no catalogue hosts in the localization volume — pure-completion fallback p_i = B_num/D (issue #29)
start parallel computation with: <multiprocessing.pool.Pool state=RUN pool_size=14>
parallel computing took: 6.4373016357421875e-06s
Detection 1234: no catalog results found
Progess: detections: 1234/1588...
Found 161 possible hosts without BH mass and 161 possible hosts with BH mass.
possible hosts found 161/161...
start parallel computation with: <multiprocessing.pool.Pool state=RUN pool_size=14>
parallel computing took: 0.013514280319213867s
Progess: detections: 1235/1588...
No possible hosts. Returning None.
Detection 1236: no catalogue hosts in the localization volume — pure-completion fallback p_i = B_num/D (issue #29)
start parallel computation with: <multiprocessing.pool.Pool state=RUN pool_size=14>
parallel computing took: 7.867813110351562e-06s
Detection 1236: no catalog results found
Progess: detections: 1236/1588...
Found 275 possible hosts without BH mass and 275 possible hosts with BH mass.
possible hosts found 275/275...
start parallel computation with: <multiprocessing.pool.Pool state=RUN pool_size=14>
parallel computing took: 0.020824670791625977s
Progess: detections: 1237/1588...
Found 142 possible hosts without BH mass and 142 possible hosts with BH mass.
possible hosts found 142/142...
start parallel computation with: <multiprocessing.pool.Pool state=RUN pool_size=14>
parallel computing took: 0.012269735336303711s
Progess: detections: 1238/1588...
No possible hosts. Returning None.
Detection 1239: no catalogue hosts in the localization volume — pure-completion fallback p_i = B_num/D (issue #29)
start parallel computation with: <multiprocessing.pool.Pool state=RUN pool_size=14>
parallel computing took: 7.867813110351562e-06s
Detection 1239: no catalog results found
Progess: detections: 1239/1588...
Found 3475 possible hosts without BH mass and 3475 possible hosts with BH mass.
possible hosts found 3475/3475...
start parallel computation with: <multiprocessing.pool.Pool state=RUN pool_size=14>
parallel computing took: 0.28662872314453125s
Progess: detections: 1240/1588...
Found 261 possible hosts without BH mass and 261 possible hosts with BH mass.
possible hosts found 261/261...
start parallel computation with: <multiprocessing.pool.Pool state=RUN pool_size=14>
parallel computing took: 0.023119449615478516s
Progess: detections: 1241/1588...
No possible hosts. Returning None.
Detection 1242: no catalogue hosts in the localization volume — pure-completion fallback p_i = B_num/D (issue #29)
start parallel computation with: <multiprocessing.pool.Pool state=RUN pool_size=14>
parallel computing took: 7.62939453125e-06s
Detection 1242: no catalog results found
Progess: detections: 1242/1588...
No possible hosts. Returning None.
Detection 1243: no catalogue hosts in the localization volume — pure-completion fallback p_i = B_num/D (issue #29)
start parallel computation with: <multiprocessing.pool.Pool state=RUN pool_size=14>
parallel computing took: 6.9141387939453125e-06s
Detection 1243: no catalog results found
Progess: detections: 1243/1588...
No possible hosts. Returning None.
Detection 1244: no catalogue hosts in the localization volume — pure-completion fallback p_i = B_num/D (issue #29)
start parallel computation with: <multiprocessing.pool.Pool state=RUN pool_size=14>
parallel computing took: 6.67572021484375e-06s
Detection 1244: no catalog results found
Progess: detections: 1244/1588...
Found 1698 possible hosts without BH mass and 1698 possible hosts with BH mass.
possible hosts found 1698/1698...
start parallel computation with: <multiprocessing.pool.Pool state=RUN pool_size=14>
parallel computing took: 0.13852667808532715s
Progess: detections: 1245/1588...
No possible hosts. Returning None.
Detection 1246: no catalogue hosts in the localization volume — pure-completion fallback p_i = B_num/D (issue #29)
start parallel computation with: <multiprocessing.pool.Pool state=RUN pool_size=14>
parallel computing took: 8.106231689453125e-06s
Detection 1246: no catalog results found
Progess: detections: 1246/1588...
Found 4 possible hosts without BH mass and 4 possible hosts with BH mass.
possible hosts found 4/4...
start parallel computation with: <multiprocessing.pool.Pool state=RUN pool_size=14>
Event 1247: >5% quadrature weight outside P_det grid — numerator=0.000, denominator=0.071 (repeats for this event suppressed)
Event 1247: >5% quadrature weight outside P_det grid — numerator=0.000, denominator=0.066 (repeats for this event suppressed)
Event 1247: >5% quadrature weight outside P_det grid — numerator=0.000, denominator=0.080 (repeats for this event suppressed)
Event 1247: >5% quadrature weight outside P_det grid — numerator=0.000, denominator=0.076 (repeats for this event suppressed)
parallel computing took: 0.003291606903076172s
Progess: detections: 1247/1588...
Found 739 possible hosts without BH mass and 739 possible hosts with BH mass.
possible hosts found 739/739...
start parallel computation with: <multiprocessing.pool.Pool state=RUN pool_size=14>
parallel computing took: 0.05331850051879883s
Progess: detections: 1248/1588...
No possible hosts. Returning None.
Detection 1249: no catalogue hosts in the localization volume — pure-completion fallback p_i = B_num/D (issue #29)
start parallel computation with: <multiprocessing.pool.Pool state=RUN pool_size=14>
parallel computing took: 1.6689300537109375e-05s
Detection 1249: no catalog results found
Progess: detections: 1249/1588...
Found 17 possible hosts without BH mass and 17 possible hosts with BH mass.
possible hosts found 17/17...
start parallel computation with: <multiprocessing.pool.Pool state=RUN pool_size=14>
parallel computing took: 0.00478816032409668s
Progess: detections: 1250/1588...
Found 71 possible hosts without BH mass and 66 possible hosts with BH mass.
possible hosts found 71/66...
start parallel computation with: <multiprocessing.pool.Pool state=RUN pool_size=14>
Event 1251: >5% quadrature weight outside P_det grid — numerator=0.000, denominator=0.079 (repeats for this event suppressed)
Event 1251: >5% quadrature weight outside P_det grid — numerator=0.000, denominator=0.080 (repeats for this event suppressed)
Event 1251: >5% quadrature weight outside P_det grid — numerator=0.000, denominator=0.072 (repeats for this event suppressed)
Event 1251: >5% quadrature weight outside P_det grid — numerator=0.000, denominator=0.064 (repeats for this event suppressed)
Event 1251: >5% quadrature weight outside P_det grid — numerator=0.000, denominator=0.064 (repeats for this event suppressed)
Event 1251: >5% quadrature weight outside P_det grid — numerator=0.000, denominator=0.062 (repeats for this event suppressed)
Event 1251: >5% quadrature weight outside P_det grid — numerator=0.000, denominator=0.067 (repeats for this event suppressed)
Event 1251: >5% quadrature weight outside P_det grid — numerator=0.000, denominator=0.091 (repeats for this event suppressed)
Event 1251: >5% quadrature weight outside P_det grid — numerator=0.000, denominator=0.061 (repeats for this event suppressed)
Event 1251: >5% quadrature weight outside P_det grid — numerator=0.000, denominator=0.132 (repeats for this event suppressed)
Event 1251: >5% quadrature weight outside P_det grid — numerator=0.000, denominator=0.061 (repeats for this event suppressed)
Event 1251: >5% quadrature weight outside P_det grid — numerator=0.000, denominator=0.065 (repeats for this event suppressed)
Event 1251: >5% quadrature weight outside P_det grid — numerator=0.000, denominator=0.070 (repeats for this event suppressed)
Event 1251: >5% quadrature weight outside P_det grid — numerator=0.000, denominator=0.081 (repeats for this event suppressed)
parallel computing took: 0.00994873046875s
Progess: detections: 1251/1588...
No possible hosts. Returning None.
Detection 1252: no catalogue hosts in the localization volume — pure-completion fallback p_i = B_num/D (issue #29)
start parallel computation with: <multiprocessing.pool.Pool state=RUN pool_size=14>
parallel computing took: 7.62939453125e-06s
Detection 1252: no catalog results found
Progess: detections: 1252/1588...
Found 1 possible hosts without BH mass and 1 possible hosts with BH mass.
possible hosts found 1/1...
start parallel computation with: <multiprocessing.pool.Pool state=RUN pool_size=14>
parallel computing took: 0.0025975704193115234s
Progess: detections: 1253/1588...
Found 246 possible hosts without BH mass and 246 possible hosts with BH mass.
possible hosts found 246/246...
start parallel computation with: <multiprocessing.pool.Pool state=RUN pool_size=14>
parallel computing took: 0.018464326858520508s
Progess: detections: 1254/1588...
No possible hosts. Returning None.
Detection 1255: no catalogue hosts in the localization volume — pure-completion fallback p_i = B_num/D (issue #29)
start parallel computation with: <multiprocessing.pool.Pool state=RUN pool_size=14>
parallel computing took: 8.106231689453125e-06s
Detection 1255: no catalog results found
Progess: detections: 1255/1588...
No possible hosts. Returning None.
Detection 1256: no catalogue hosts in the localization volume — pure-completion fallback p_i = B_num/D (issue #29)
start parallel computation with: <multiprocessing.pool.Pool state=RUN pool_size=14>
parallel computing took: 7.3909759521484375e-06s
Detection 1256: no catalog results found
Progess: detections: 1256/1588...
Found 3 possible hosts without BH mass and 3 possible hosts with BH mass.
possible hosts found 3/3...
start parallel computation with: <multiprocessing.pool.Pool state=RUN pool_size=14>
parallel computing took: 0.0028502941131591797s
Progess: detections: 1257/1588...
No possible hosts. Returning None.
Detection 1258: no catalogue hosts in the localization volume — pure-completion fallback p_i = B_num/D (issue #29)
start parallel computation with: <multiprocessing.pool.Pool state=RUN pool_size=14>
parallel computing took: 6.67572021484375e-06s
Detection 1258: no catalog results found
Progess: detections: 1258/1588...
No possible hosts. Returning None.
Detection 1259: no catalogue hosts in the localization volume — pure-completion fallback p_i = B_num/D (issue #29)
start parallel computation with: <multiprocessing.pool.Pool state=RUN pool_size=14>
parallel computing took: 6.4373016357421875e-06s
Detection 1259: no catalog results found
Progess: detections: 1259/1588...
Found 102 possible hosts without BH mass and 102 possible hosts with BH mass.
possible hosts found 102/102...
start parallel computation with: <multiprocessing.pool.Pool state=RUN pool_size=14>
parallel computing took: 0.009756803512573242s
Progess: detections: 1260/1588...
Found 87 possible hosts without BH mass and 87 possible hosts with BH mass.
possible hosts found 87/87...
start parallel computation with: <multiprocessing.pool.Pool state=RUN pool_size=14>
parallel computing took: 0.008466005325317383s
Progess: detections: 1261/1588...
Found 2102 possible hosts without BH mass and 2102 possible hosts with BH mass.
possible hosts found 2102/2102...
start parallel computation with: <multiprocessing.pool.Pool state=RUN pool_size=14>
parallel computing took: 0.17133831977844238s
Progess: detections: 1262/1588...
Found 1021 possible hosts without BH mass and 1021 possible hosts with BH mass.
possible hosts found 1021/1021...
start parallel computation with: <multiprocessing.pool.Pool state=RUN pool_size=14>
parallel computing took: 0.075897216796875s
Progess: detections: 1263/1588...
Found 214 possible hosts without BH mass and 213 possible hosts with BH mass.
possible hosts found 214/213...
start parallel computation with: <multiprocessing.pool.Pool state=RUN pool_size=14>
parallel computing took: 0.018937349319458008s
Progess: detections: 1264/1588...
Found 20 possible hosts without BH mass and 20 possible hosts with BH mass.
possible hosts found 20/20...
start parallel computation with: <multiprocessing.pool.Pool state=RUN pool_size=14>
parallel computing took: 0.0048065185546875s
Progess: detections: 1265/1588...
No possible hosts. Returning None.
Detection 1266: no catalogue hosts in the localization volume — pure-completion fallback p_i = B_num/D (issue #29)
start parallel computation with: <multiprocessing.pool.Pool state=RUN pool_size=14>
parallel computing took: 7.152557373046875e-06s
Detection 1266: no catalog results found
Progess: detections: 1266/1588...
Found 3309 possible hosts without BH mass and 3309 possible hosts with BH mass.
possible hosts found 3309/3309...
start parallel computation with: <multiprocessing.pool.Pool state=RUN pool_size=14>
parallel computing took: 0.2695505619049072s
Progess: detections: 1267/1588...
Found 1463 possible hosts without BH mass and 1463 possible hosts with BH mass.
possible hosts found 1463/1463...
start parallel computation with: <multiprocessing.pool.Pool state=RUN pool_size=14>
parallel computing took: 0.12078857421875s
Progess: detections: 1268/1588...
Found 83 possible hosts without BH mass and 83 possible hosts with BH mass.
possible hosts found 83/83...
start parallel computation with: <multiprocessing.pool.Pool state=RUN pool_size=14>
parallel computing took: 0.008594036102294922s
Progess: detections: 1269/1588...
Found 1 possible hosts without BH mass and 1 possible hosts with BH mass.
possible hosts found 1/1...
start parallel computation with: <multiprocessing.pool.Pool state=RUN pool_size=14>
parallel computing took: 0.002616405487060547s
Progess: detections: 1270/1588...
No possible hosts. Returning None.
Detection 1271: no catalogue hosts in the localization volume — pure-completion fallback p_i = B_num/D (issue #29)
start parallel computation with: <multiprocessing.pool.Pool state=RUN pool_size=14>
parallel computing took: 6.67572021484375e-06s
Detection 1271: no catalog results found
Progess: detections: 1271/1588...
No possible hosts. Returning None.
Detection 1272: no catalogue hosts in the localization volume — pure-completion fallback p_i = B_num/D (issue #29)
start parallel computation with: <multiprocessing.pool.Pool state=RUN pool_size=14>
parallel computing took: 6.4373016357421875e-06s
Detection 1272: no catalog results found
Progess: detections: 1272/1588...
Found 160 possible hosts without BH mass and 160 possible hosts with BH mass.
possible hosts found 160/160...
start parallel computation with: <multiprocessing.pool.Pool state=RUN pool_size=14>
parallel computing took: 0.013332843780517578s
Progess: detections: 1273/1588...
Found 89 possible hosts without BH mass and 89 possible hosts with BH mass.
possible hosts found 89/89...
start parallel computation with: <multiprocessing.pool.Pool state=RUN pool_size=14>
parallel computing took: 0.009321451187133789s
Progess: detections: 1274/1588...
Found 112 possible hosts without BH mass and 112 possible hosts with BH mass.
possible hosts found 112/112...
start parallel computation with: <multiprocessing.pool.Pool state=RUN pool_size=14>
parallel computing took: 0.0106964111328125s
Progess: detections: 1275/1588...
Found 12 possible hosts without BH mass and 12 possible hosts with BH mass.
possible hosts found 12/12...
start parallel computation with: <multiprocessing.pool.Pool state=RUN pool_size=14>
parallel computing took: 0.0044972896575927734s
Progess: detections: 1276/1588...
Found 35 possible hosts without BH mass and 35 possible hosts with BH mass.
possible hosts found 35/35...
start parallel computation with: <multiprocessing.pool.Pool state=RUN pool_size=14>
parallel computing took: 0.00553584098815918s
Progess: detections: 1277/1588...
No possible hosts. Returning None.
Detection 1278: no catalogue hosts in the localization volume — pure-completion fallback p_i = B_num/D (issue #29)
start parallel computation with: <multiprocessing.pool.Pool state=RUN pool_size=14>
parallel computing took: 7.152557373046875e-06s
Detection 1278: no catalog results found
Progess: detections: 1278/1588...
No possible hosts. Returning None.
Detection 1279: no catalogue hosts in the localization volume — pure-completion fallback p_i = B_num/D (issue #29)
start parallel computation with: <multiprocessing.pool.Pool state=RUN pool_size=14>
parallel computing took: 6.4373016357421875e-06s
Detection 1279: no catalog results found
Progess: detections: 1279/1588...
Found 364 possible hosts without BH mass and 364 possible hosts with BH mass.
possible hosts found 364/364...
start parallel computation with: <multiprocessing.pool.Pool state=RUN pool_size=14>
parallel computing took: 0.026591062545776367s
Progess: detections: 1280/1588...
Found 1 possible hosts without BH mass and 1 possible hosts with BH mass.
possible hosts found 1/1...
start parallel computation with: <multiprocessing.pool.Pool state=RUN pool_size=14>
parallel computing took: 0.0025560855865478516s
Progess: detections: 1281/1588...
Found 1 possible hosts without BH mass and 1 possible hosts with BH mass.
possible hosts found 1/1...
start parallel computation with: <multiprocessing.pool.Pool state=RUN pool_size=14>
parallel computing took: 0.0024542808532714844s
Progess: detections: 1282/1588...
No possible hosts. Returning None.
Detection 1283: no catalogue hosts in the localization volume — pure-completion fallback p_i = B_num/D (issue #29)
start parallel computation with: <multiprocessing.pool.Pool state=RUN pool_size=14>
parallel computing took: 6.67572021484375e-06s
Detection 1283: no catalog results found
Progess: detections: 1283/1588...
No possible hosts. Returning None.
Detection 1284: no catalogue hosts in the localization volume — pure-completion fallback p_i = B_num/D (issue #29)
start parallel computation with: <multiprocessing.pool.Pool state=RUN pool_size=14>
parallel computing took: 6.4373016357421875e-06s
Detection 1284: no catalog results found
Progess: detections: 1284/1588...
Found 6 possible hosts without BH mass and 6 possible hosts with BH mass.
possible hosts found 6/6...
start parallel computation with: <multiprocessing.pool.Pool state=RUN pool_size=14>
Event 1285: >5% quadrature weight outside P_det grid — numerator=0.000, denominator=0.069 (repeats for this event suppressed)
Event 1285: >5% quadrature weight outside P_det grid — numerator=0.000, denominator=0.057 (repeats for this event suppressed)
Event 1285: >5% quadrature weight outside P_det grid — numerator=0.000, denominator=0.065 (repeats for this event suppressed)
Event 1285: >5% quadrature weight outside P_det grid — numerator=0.000, denominator=0.058 (repeats for this event suppressed)
Event 1285: >5% quadrature weight outside P_det grid — numerator=0.000, denominator=0.057 (repeats for this event suppressed)
Event 1285: >5% quadrature weight outside P_det grid — numerator=0.000, denominator=0.061 (repeats for this event suppressed)
parallel computing took: 0.004034519195556641s
Progess: detections: 1285/1588...
Found 98 possible hosts without BH mass and 98 possible hosts with BH mass.
possible hosts found 98/98...
start parallel computation with: <multiprocessing.pool.Pool state=RUN pool_size=14>
parallel computing took: 0.009545326232910156s
Progess: detections: 1286/1588...
No possible hosts. Returning None.
Detection 1287: no catalogue hosts in the localization volume — pure-completion fallback p_i = B_num/D (issue #29)
start parallel computation with: <multiprocessing.pool.Pool state=RUN pool_size=14>
parallel computing took: 8.344650268554688e-06s
Detection 1287: no catalog results found
Progess: detections: 1287/1588...
No possible hosts. Returning None.
Detection 1288: no catalogue hosts in the localization volume — pure-completion fallback p_i = B_num/D (issue #29)
start parallel computation with: <multiprocessing.pool.Pool state=RUN pool_size=14>
parallel computing took: 6.9141387939453125e-06s
Detection 1288: no catalog results found
Progess: detections: 1288/1588...
Found 1 possible hosts without BH mass and 1 possible hosts with BH mass.
possible hosts found 1/1...
start parallel computation with: <multiprocessing.pool.Pool state=RUN pool_size=14>
parallel computing took: 0.00264739990234375s
Progess: detections: 1289/1588...
No possible hosts. Returning None.
Detection 1290: no catalogue hosts in the localization volume — pure-completion fallback p_i = B_num/D (issue #29)
start parallel computation with: <multiprocessing.pool.Pool state=RUN pool_size=14>
parallel computing took: 6.9141387939453125e-06s
Detection 1290: no catalog results found
Progess: detections: 1290/1588...
Found 537 possible hosts without BH mass and 537 possible hosts with BH mass.
possible hosts found 537/537...
start parallel computation with: <multiprocessing.pool.Pool state=RUN pool_size=14>
parallel computing took: 0.03860902786254883s
Progess: detections: 1291/1588...
Found 1 possible hosts without BH mass and 1 possible hosts with BH mass.
possible hosts found 1/1...
start parallel computation with: <multiprocessing.pool.Pool state=RUN pool_size=14>
parallel computing took: 0.002507448196411133s
Progess: detections: 1292/1588...
No possible hosts. Returning None.
Detection 1293: no catalogue hosts in the localization volume — pure-completion fallback p_i = B_num/D (issue #29)
start parallel computation with: <multiprocessing.pool.Pool state=RUN pool_size=14>
parallel computing took: 7.3909759521484375e-06s
Detection 1293: no catalog results found
Progess: detections: 1293/1588...
No possible hosts. Returning None.
Detection 1294: no catalogue hosts in the localization volume — pure-completion fallback p_i = B_num/D (issue #29)
start parallel computation with: <multiprocessing.pool.Pool state=RUN pool_size=14>
parallel computing took: 6.9141387939453125e-06s
Detection 1294: no catalog results found
Progess: detections: 1294/1588...
Found 2204 possible hosts without BH mass and 2204 possible hosts with BH mass.
possible hosts found 2204/2204...
start parallel computation with: <multiprocessing.pool.Pool state=RUN pool_size=14>
parallel computing took: 0.1854233741760254s
Progess: detections: 1295/1588...
No possible hosts. Returning None.
Detection 1296: no catalogue hosts in the localization volume — pure-completion fallback p_i = B_num/D (issue #29)
start parallel computation with: <multiprocessing.pool.Pool state=RUN pool_size=14>
parallel computing took: 8.821487426757812e-06s
Detection 1296: no catalog results found
Progess: detections: 1296/1588...
Found 876 possible hosts without BH mass and 876 possible hosts with BH mass.
possible hosts found 876/876...
start parallel computation with: <multiprocessing.pool.Pool state=RUN pool_size=14>
parallel computing took: 0.06612324714660645s
Progess: detections: 1297/1588...
Found 287 possible hosts without BH mass and 287 possible hosts with BH mass.
possible hosts found 287/287...
start parallel computation with: <multiprocessing.pool.Pool state=RUN pool_size=14>
parallel computing took: 0.02213740348815918s
Progess: detections: 1298/1588...
Found 245 possible hosts without BH mass and 245 possible hosts with BH mass.
possible hosts found 245/245...
start parallel computation with: <multiprocessing.pool.Pool state=RUN pool_size=14>
parallel computing took: 0.018306255340576172s
Progess: detections: 1299/1588...
Found 2 possible hosts without BH mass and 2 possible hosts with BH mass.
possible hosts found 2/2...
start parallel computation with: <multiprocessing.pool.Pool state=RUN pool_size=14>
parallel computing took: 0.002799510955810547s
Detection 1300/1588: last=0.01s, avg=0.12s, est_remaining=35s
Progess: detections: 1300/1588...
Found 3 possible hosts without BH mass and 3 possible hosts with BH mass.
possible hosts found 3/3...
start parallel computation with: <multiprocessing.pool.Pool state=RUN pool_size=14>
parallel computing took: 0.0037415027618408203s
Progess: detections: 1301/1588...
Found 5 possible hosts without BH mass and 5 possible hosts with BH mass.
possible hosts found 5/5...
start parallel computation with: <multiprocessing.pool.Pool state=RUN pool_size=14>
parallel computing took: 0.0039157867431640625s
Progess: detections: 1302/1588...
No possible hosts. Returning None.
Detection 1303: no catalogue hosts in the localization volume — pure-completion fallback p_i = B_num/D (issue #29)
start parallel computation with: <multiprocessing.pool.Pool state=RUN pool_size=14>
parallel computing took: 6.67572021484375e-06s
Detection 1303: no catalog results found
Progess: detections: 1303/1588...
No possible hosts. Returning None.
Detection 1304: no catalogue hosts in the localization volume — pure-completion fallback p_i = B_num/D (issue #29)
start parallel computation with: <multiprocessing.pool.Pool state=RUN pool_size=14>
parallel computing took: 6.198883056640625e-06s
Detection 1304: no catalog results found
Progess: detections: 1304/1588...
Found 77 possible hosts without BH mass and 77 possible hosts with BH mass.
possible hosts found 77/77...
start parallel computation with: <multiprocessing.pool.Pool state=RUN pool_size=14>
parallel computing took: 0.008372306823730469s
Progess: detections: 1305/1588...
No possible hosts. Returning None.
Detection 1306: no catalogue hosts in the localization volume — pure-completion fallback p_i = B_num/D (issue #29)
start parallel computation with: <multiprocessing.pool.Pool state=RUN pool_size=14>
parallel computing took: 7.152557373046875e-06s
Detection 1306: no catalog results found
Progess: detections: 1306/1588...
Found 36 possible hosts without BH mass and 36 possible hosts with BH mass.
possible hosts found 36/36...
start parallel computation with: <multiprocessing.pool.Pool state=RUN pool_size=14>
parallel computing took: 0.005757808685302734s
Progess: detections: 1307/1588...
Found 1 possible hosts without BH mass and 1 possible hosts with BH mass.
possible hosts found 1/1...
start parallel computation with: <multiprocessing.pool.Pool state=RUN pool_size=14>
parallel computing took: 0.0025594234466552734s
Progess: detections: 1308/1588...
Found 4113 possible hosts without BH mass and 4113 possible hosts with BH mass.
possible hosts found 4113/4113...
start parallel computation with: <multiprocessing.pool.Pool state=RUN pool_size=14>
parallel computing took: 0.34074878692626953s
Progess: detections: 1309/1588...
Found 2 possible hosts without BH mass and 2 possible hosts with BH mass.
possible hosts found 2/2...
start parallel computation with: <multiprocessing.pool.Pool state=RUN pool_size=14>
Event 1310: >5% quadrature weight outside P_det grid — numerator=0.000, denominator=0.059 (repeats for this event suppressed)
Event 1310: >5% quadrature weight outside P_det grid — numerator=0.000, denominator=0.077 (repeats for this event suppressed)
parallel computing took: 0.0029048919677734375s
Progess: detections: 1310/1588...
Found 2610 possible hosts without BH mass and 2610 possible hosts with BH mass.
possible hosts found 2610/2610...
start parallel computation with: <multiprocessing.pool.Pool state=RUN pool_size=14>
parallel computing took: 0.2182607650756836s
Progess: detections: 1311/1588...
No possible hosts. Returning None.
Detection 1312: no catalogue hosts in the localization volume — pure-completion fallback p_i = B_num/D (issue #29)
start parallel computation with: <multiprocessing.pool.Pool state=RUN pool_size=14>
parallel computing took: 8.106231689453125e-06s
Detection 1312: no catalog results found
Progess: detections: 1312/1588...
Found 276 possible hosts without BH mass and 276 possible hosts with BH mass.
possible hosts found 276/276...
start parallel computation with: <multiprocessing.pool.Pool state=RUN pool_size=14>
parallel computing took: 0.02030038833618164s
Progess: detections: 1313/1588...
Found 9632 possible hosts without BH mass and 9632 possible hosts with BH mass.
possible hosts found 9632/9632...
start parallel computation with: <multiprocessing.pool.Pool state=RUN pool_size=14>
parallel computing took: 0.8626277446746826s
Progess: detections: 1314/1588...
Found 4 possible hosts without BH mass and 4 possible hosts with BH mass.
possible hosts found 4/4...
start parallel computation with: <multiprocessing.pool.Pool state=RUN pool_size=14>
parallel computing took: 0.0037767887115478516s
Progess: detections: 1315/1588...
No possible hosts. Returning None.
Detection 1316: no catalogue hosts in the localization volume — pure-completion fallback p_i = B_num/D (issue #29)
start parallel computation with: <multiprocessing.pool.Pool state=RUN pool_size=14>
parallel computing took: 6.9141387939453125e-06s
Detection 1316: no catalog results found
Progess: detections: 1316/1588...
Found 248 possible hosts without BH mass and 225 possible hosts with BH mass.
possible hosts found 248/225...
start parallel computation with: <multiprocessing.pool.Pool state=RUN pool_size=14>
Event 1317: >5% quadrature weight outside P_det grid — numerator=0.000, denominator=0.069 (repeats for this event suppressed)
Event 1317: >5% quadrature weight outside P_det grid — numerator=0.000, denominator=0.052 (repeats for this event suppressed)
Event 1317: >5% quadrature weight outside P_det grid — numerator=0.000, denominator=0.059 (repeats for this event suppressed)
Event 1317: >5% quadrature weight outside P_det grid — numerator=0.000, denominator=0.055 (repeats for this event suppressed)
Event 1317: >5% quadrature weight outside P_det grid — numerator=0.000, denominator=0.059 (repeats for this event suppressed)
Event 1317: >5% quadrature weight outside P_det grid — numerator=0.000, denominator=0.069 (repeats for this event suppressed)
Event 1317: >5% quadrature weight outside P_det grid — numerator=0.000, denominator=0.077 (repeats for this event suppressed)
Event 1317: >5% quadrature weight outside P_det grid — numerator=0.000, denominator=0.059 (repeats for this event suppressed)
Event 1317: >5% quadrature weight outside P_det grid — numerator=0.000, denominator=0.053 (repeats for this event suppressed)
Event 1317: >5% quadrature weight outside P_det grid — numerator=0.000, denominator=0.054 (repeats for this event suppressed)
Event 1317: >5% quadrature weight outside P_det grid — numerator=0.000, denominator=0.066 (repeats for this event suppressed)
Event 1317: >5% quadrature weight outside P_det grid — numerator=0.000, denominator=0.060 (repeats for this event suppressed)
Event 1317: >5% quadrature weight outside P_det grid — numerator=0.000, denominator=0.064 (repeats for this event suppressed)
Event 1317: >5% quadrature weight outside P_det grid — numerator=0.000, denominator=0.057 (repeats for this event suppressed)
parallel computing took: 0.02056097984313965s
Progess: detections: 1317/1588...
Found 1088 possible hosts without BH mass and 1088 possible hosts with BH mass.
possible hosts found 1088/1088...
start parallel computation with: <multiprocessing.pool.Pool state=RUN pool_size=14>
parallel computing took: 0.08636903762817383s
Progess: detections: 1318/1588...
Found 8 possible hosts without BH mass and 8 possible hosts with BH mass.
possible hosts found 8/8...
start parallel computation with: <multiprocessing.pool.Pool state=RUN pool_size=14>
parallel computing took: 0.004311561584472656s
Progess: detections: 1319/1588...
No possible hosts. Returning None.
Detection 1320: no catalogue hosts in the localization volume — pure-completion fallback p_i = B_num/D (issue #29)
start parallel computation with: <multiprocessing.pool.Pool state=RUN pool_size=14>
parallel computing took: 7.62939453125e-06s
Detection 1320: no catalog results found
Progess: detections: 1320/1588...
Found 1 possible hosts without BH mass and 1 possible hosts with BH mass.
possible hosts found 1/1...
start parallel computation with: <multiprocessing.pool.Pool state=RUN pool_size=14>
parallel computing took: 0.0027282238006591797s
Progess: detections: 1321/1588...
Found 2 possible hosts without BH mass and 2 possible hosts with BH mass.
possible hosts found 2/2...
start parallel computation with: <multiprocessing.pool.Pool state=RUN pool_size=14>
Event 1322: >5% quadrature weight outside P_det grid — numerator=0.000, denominator=0.068 (repeats for this event suppressed)
Event 1322: >5% quadrature weight outside P_det grid — numerator=0.000, denominator=0.061 (repeats for this event suppressed)
parallel computing took: 0.002858877182006836s
Progess: detections: 1322/1588...
Found 3 possible hosts without BH mass and 3 possible hosts with BH mass.
possible hosts found 3/3...
start parallel computation with: <multiprocessing.pool.Pool state=RUN pool_size=14>
parallel computing took: 0.0038785934448242188s
Progess: detections: 1323/1588...
Found 1124 possible hosts without BH mass and 1027 possible hosts with BH mass.
possible hosts found 1124/1027...
start parallel computation with: <multiprocessing.pool.Pool state=RUN pool_size=14>
Event 1324: >5% quadrature weight outside P_det grid — numerator=0.000, denominator=0.057 (repeats for this event suppressed)
Event 1324: >5% quadrature weight outside P_det grid — numerator=0.000, denominator=0.069 (repeats for this event suppressed)
Event 1324: >5% quadrature weight outside P_det grid — numerator=0.000, denominator=0.059 (repeats for this event suppressed)
Event 1324: >5% quadrature weight outside P_det grid — numerator=0.000, denominator=0.051 (repeats for this event suppressed)
Event 1324: >5% quadrature weight outside P_det grid — numerator=0.000, denominator=0.059 (repeats for this event suppressed)
Event 1324: >5% quadrature weight outside P_det grid — numerator=0.000, denominator=0.052 (repeats for this event suppressed)
Event 1324: >5% quadrature weight outside P_det grid — numerator=0.000, denominator=0.050 (repeats for this event suppressed)
Event 1324: >5% quadrature weight outside P_det grid — numerator=0.000, denominator=0.056 (repeats for this event suppressed)
Event 1324: >5% quadrature weight outside P_det grid — numerator=0.000, denominator=0.060 (repeats for this event suppressed)
Event 1324: >5% quadrature weight outside P_det grid — numerator=0.000, denominator=0.071 (repeats for this event suppressed)
Event 1324: >5% quadrature weight outside P_det grid — numerator=0.000, denominator=0.068 (repeats for this event suppressed)
Event 1324: >5% quadrature weight outside P_det grid — numerator=0.000, denominator=0.056 (repeats for this event suppressed)
Event 1324: >5% quadrature weight outside P_det grid — numerator=0.000, denominator=0.069 (repeats for this event suppressed)
Event 1324: >5% quadrature weight outside P_det grid — numerator=0.000, denominator=0.091 (repeats for this event suppressed)
parallel computing took: 0.07758831977844238s
Progess: detections: 1324/1588...
Found 136 possible hosts without BH mass and 136 possible hosts with BH mass.
possible hosts found 136/136...
start parallel computation with: <multiprocessing.pool.Pool state=RUN pool_size=14>
parallel computing took: 0.011250019073486328s
Progess: detections: 1325/1588...
No possible hosts. Returning None.
Detection 1326: no catalogue hosts in the localization volume — pure-completion fallback p_i = B_num/D (issue #29)
start parallel computation with: <multiprocessing.pool.Pool state=RUN pool_size=14>
parallel computing took: 7.152557373046875e-06s
Detection 1326: no catalog results found
Progess: detections: 1326/1588...
Found 19 possible hosts without BH mass and 19 possible hosts with BH mass.
possible hosts found 19/19...
start parallel computation with: <multiprocessing.pool.Pool state=RUN pool_size=14>
parallel computing took: 0.005069255828857422s
Progess: detections: 1327/1588...
No possible hosts. Returning None.
Detection 1328: no catalogue hosts in the localization volume — pure-completion fallback p_i = B_num/D (issue #29)
start parallel computation with: <multiprocessing.pool.Pool state=RUN pool_size=14>
parallel computing took: 7.152557373046875e-06s
Detection 1328: no catalog results found
Progess: detections: 1328/1588...
Found 344 possible hosts without BH mass and 344 possible hosts with BH mass.
possible hosts found 344/344...
start parallel computation with: <multiprocessing.pool.Pool state=RUN pool_size=14>
parallel computing took: 0.02446746826171875s
Progess: detections: 1329/1588...
No possible hosts. Returning None.
Detection 1330: no catalogue hosts in the localization volume — pure-completion fallback p_i = B_num/D (issue #29)
start parallel computation with: <multiprocessing.pool.Pool state=RUN pool_size=14>
parallel computing took: 8.106231689453125e-06s
Detection 1330: no catalog results found
Progess: detections: 1330/1588...
No possible hosts. Returning None.
Detection 1331: no catalogue hosts in the localization volume — pure-completion fallback p_i = B_num/D (issue #29)
start parallel computation with: <multiprocessing.pool.Pool state=RUN pool_size=14>
parallel computing took: 6.67572021484375e-06s
Detection 1331: no catalog results found
Progess: detections: 1331/1588...
No possible hosts. Returning None.
Detection 1332: no catalogue hosts in the localization volume — pure-completion fallback p_i = B_num/D (issue #29)
start parallel computation with: <multiprocessing.pool.Pool state=RUN pool_size=14>
parallel computing took: 6.4373016357421875e-06s
Detection 1332: no catalog results found
Progess: detections: 1332/1588...
Found 19 possible hosts without BH mass and 19 possible hosts with BH mass.
possible hosts found 19/19...
start parallel computation with: <multiprocessing.pool.Pool state=RUN pool_size=14>
parallel computing took: 0.004938840866088867s
Progess: detections: 1333/1588...
Found 104 possible hosts without BH mass and 103 possible hosts with BH mass.
possible hosts found 104/103...
start parallel computation with: <multiprocessing.pool.Pool state=RUN pool_size=14>
Event 1334: >5% quadrature weight outside P_det grid — numerator=0.000, denominator=0.057 (repeats for this event suppressed)
Event 1334: >5% quadrature weight outside P_det grid — numerator=0.000, denominator=0.090 (repeats for this event suppressed)
Event 1334: >5% quadrature weight outside P_det grid — numerator=0.000, denominator=0.061 (repeats for this event suppressed)
Event 1334: >5% quadrature weight outside P_det grid — numerator=0.000, denominator=0.067 (repeats for this event suppressed)
Event 1334: >5% quadrature weight outside P_det grid — numerator=0.000, denominator=0.066 (repeats for this event suppressed)
Event 1334: >5% quadrature weight outside P_det grid — numerator=0.000, denominator=0.058 (repeats for this event suppressed)
Event 1334: >5% quadrature weight outside P_det grid — numerator=0.000, denominator=0.088 (repeats for this event suppressed)
Event 1334: >5% quadrature weight outside P_det grid — numerator=0.000, denominator=0.061 (repeats for this event suppressed)
Event 1334: >5% quadrature weight outside P_det grid — numerator=0.000, denominator=0.067 (repeats for this event suppressed)
Event 1334: >5% quadrature weight outside P_det grid — numerator=0.000, denominator=0.062 (repeats for this event suppressed)
Event 1334: >5% quadrature weight outside P_det grid — numerator=0.000, denominator=0.071 (repeats for this event suppressed)
Event 1334: >5% quadrature weight outside P_det grid — numerator=0.000, denominator=0.085 (repeats for this event suppressed)
Event 1334: >5% quadrature weight outside P_det grid — numerator=0.000, denominator=0.073 (repeats for this event suppressed)
Event 1334: >5% quadrature weight outside P_det grid — numerator=0.000, denominator=0.057 (repeats for this event suppressed)
parallel computing took: 0.01080012321472168s
Progess: detections: 1334/1588...
Found 97 possible hosts without BH mass and 97 possible hosts with BH mass.
possible hosts found 97/97...
start parallel computation with: <multiprocessing.pool.Pool state=RUN pool_size=14>
parallel computing took: 0.022101402282714844s
Progess: detections: 1335/1588...
Found 1 possible hosts without BH mass and 1 possible hosts with BH mass.
possible hosts found 1/1...
start parallel computation with: <multiprocessing.pool.Pool state=RUN pool_size=14>
Event 1336: >5% quadrature weight outside P_det grid — numerator=0.000, denominator=0.066 (repeats for this event suppressed)
parallel computing took: 0.0037136077880859375s
Progess: detections: 1336/1588...
Found 6 possible hosts without BH mass and 6 possible hosts with BH mass.
possible hosts found 6/6...
start parallel computation with: <multiprocessing.pool.Pool state=RUN pool_size=14>
parallel computing took: 0.004641294479370117s
Progess: detections: 1337/1588...
Found 5 possible hosts without BH mass and 5 possible hosts with BH mass.
possible hosts found 5/5...
start parallel computation with: <multiprocessing.pool.Pool state=RUN pool_size=14>
parallel computing took: 0.004143238067626953s
Progess: detections: 1338/1588...
Found 7 possible hosts without BH mass and 7 possible hosts with BH mass.
possible hosts found 7/7...
start parallel computation with: <multiprocessing.pool.Pool state=RUN pool_size=14>
parallel computing took: 0.004117012023925781s
Progess: detections: 1339/1588...
No possible hosts. Returning None.
Detection 1340: no catalogue hosts in the localization volume — pure-completion fallback p_i = B_num/D (issue #29)
start parallel computation with: <multiprocessing.pool.Pool state=RUN pool_size=14>
parallel computing took: 6.4373016357421875e-06s
Detection 1340: no catalog results found
Progess: detections: 1340/1588...
Found 263 possible hosts without BH mass and 263 possible hosts with BH mass.
possible hosts found 263/263...
start parallel computation with: <multiprocessing.pool.Pool state=RUN pool_size=14>
parallel computing took: 0.02528238296508789s
Progess: detections: 1341/1588...
Found 6 possible hosts without BH mass and 6 possible hosts with BH mass.
possible hosts found 6/6...
start parallel computation with: <multiprocessing.pool.Pool state=RUN pool_size=14>
Event 1342: >5% quadrature weight outside P_det grid — numerator=0.000, denominator=0.058 (repeats for this event suppressed)
Event 1342: >5% quadrature weight outside P_det grid — numerator=0.000, denominator=0.068 (repeats for this event suppressed)
Event 1342: >5% quadrature weight outside P_det grid — numerator=0.000, denominator=0.082 (repeats for this event suppressed)
Event 1342: >5% quadrature weight outside P_det grid — numerator=0.000, denominator=0.055 (repeats for this event suppressed)
Event 1342: >5% quadrature weight outside P_det grid — numerator=0.000, denominator=0.055 (repeats for this event suppressed)
Event 1342: >5% quadrature weight outside P_det grid — numerator=0.000, denominator=0.057 (repeats for this event suppressed)
parallel computing took: 0.011986732482910156s
Progess: detections: 1342/1588...
Found 332 possible hosts without BH mass and 332 possible hosts with BH mass.
possible hosts found 332/332...
start parallel computation with: <multiprocessing.pool.Pool state=RUN pool_size=14>
parallel computing took: 0.04641532897949219s
Progess: detections: 1343/1588...
Found 2506 possible hosts without BH mass and 2506 possible hosts with BH mass.
possible hosts found 2506/2506...
start parallel computation with: <multiprocessing.pool.Pool state=RUN pool_size=14>
parallel computing took: 0.20969438552856445s
Progess: detections: 1344/1588...
Found 5093 possible hosts without BH mass and 5093 possible hosts with BH mass.
possible hosts found 5093/5093...
start parallel computation with: <multiprocessing.pool.Pool state=RUN pool_size=14>
parallel computing took: 0.43031883239746094s
Progess: detections: 1345/1588...
No possible hosts. Returning None.
Detection 1346: no catalogue hosts in the localization volume — pure-completion fallback p_i = B_num/D (issue #29)
start parallel computation with: <multiprocessing.pool.Pool state=RUN pool_size=14>
parallel computing took: 8.106231689453125e-06s
Detection 1346: no catalog results found
Progess: detections: 1346/1588...
No possible hosts. Returning None.
Detection 1347: no catalogue hosts in the localization volume — pure-completion fallback p_i = B_num/D (issue #29)
start parallel computation with: <multiprocessing.pool.Pool state=RUN pool_size=14>
parallel computing took: 6.9141387939453125e-06s
Detection 1347: no catalog results found
Progess: detections: 1347/1588...
Found 1 possible hosts without BH mass and 1 possible hosts with BH mass.
possible hosts found 1/1...
start parallel computation with: <multiprocessing.pool.Pool state=RUN pool_size=14>
parallel computing took: 0.0026633739471435547s
Progess: detections: 1348/1588...
No possible hosts. Returning None.
Detection 1349: no catalogue hosts in the localization volume — pure-completion fallback p_i = B_num/D (issue #29)
start parallel computation with: <multiprocessing.pool.Pool state=RUN pool_size=14>
parallel computing took: 6.198883056640625e-06s
Detection 1349: no catalog results found
Progess: detections: 1349/1588...
Found 16 possible hosts without BH mass and 16 possible hosts with BH mass.
possible hosts found 16/16...
start parallel computation with: <multiprocessing.pool.Pool state=RUN pool_size=14>
parallel computing took: 0.004805803298950195s
Progess: detections: 1350/1588...
Found 688 possible hosts without BH mass and 688 possible hosts with BH mass.
possible hosts found 688/688...
start parallel computation with: <multiprocessing.pool.Pool state=RUN pool_size=14>
parallel computing took: 0.05610799789428711s
Progess: detections: 1351/1588...
No possible hosts. Returning None.
Detection 1352: no catalogue hosts in the localization volume — pure-completion fallback p_i = B_num/D (issue #29)
start parallel computation with: <multiprocessing.pool.Pool state=RUN pool_size=14>
parallel computing took: 7.867813110351562e-06s
Detection 1352: no catalog results found
Progess: detections: 1352/1588...
Found 300 possible hosts without BH mass and 300 possible hosts with BH mass.
possible hosts found 300/300...
start parallel computation with: <multiprocessing.pool.Pool state=RUN pool_size=14>
parallel computing took: 0.02387237548828125s
Progess: detections: 1353/1588...
No possible hosts. Returning None.
Detection 1354: no catalogue hosts in the localization volume — pure-completion fallback p_i = B_num/D (issue #29)
start parallel computation with: <multiprocessing.pool.Pool state=RUN pool_size=14>
parallel computing took: 8.344650268554688e-06s
Detection 1354: no catalog results found
Progess: detections: 1354/1588...
Found 2142 possible hosts without BH mass and 2142 possible hosts with BH mass.
possible hosts found 2142/2142...
start parallel computation with: <multiprocessing.pool.Pool state=RUN pool_size=14>
parallel computing took: 0.17764568328857422s
Progess: detections: 1355/1588...
Found 44 possible hosts without BH mass and 44 possible hosts with BH mass.
possible hosts found 44/44...
start parallel computation with: <multiprocessing.pool.Pool state=RUN pool_size=14>
parallel computing took: 0.0071163177490234375s
Progess: detections: 1356/1588...
Found 29 possible hosts without BH mass and 29 possible hosts with BH mass.
possible hosts found 29/29...
start parallel computation with: <multiprocessing.pool.Pool state=RUN pool_size=14>
parallel computing took: 0.0054454803466796875s
Progess: detections: 1357/1588...
Found 3 possible hosts without BH mass and 3 possible hosts with BH mass.
possible hosts found 3/3...
start parallel computation with: <multiprocessing.pool.Pool state=RUN pool_size=14>
parallel computing took: 0.002716064453125s
Progess: detections: 1358/1588...
No possible hosts. Returning None.
Detection 1360: no catalogue hosts in the localization volume — pure-completion fallback p_i = B_num/D (issue #29)
start parallel computation with: <multiprocessing.pool.Pool state=RUN pool_size=14>
parallel computing took: 6.67572021484375e-06s
Detection 1360: no catalog results found
Progess: detections: 1359/1588...
Found 49 possible hosts without BH mass and 49 possible hosts with BH mass.
possible hosts found 49/49...
start parallel computation with: <multiprocessing.pool.Pool state=RUN pool_size=14>
parallel computing took: 0.0066263675689697266s
Progess: detections: 1360/1588...
Found 68 possible hosts without BH mass and 68 possible hosts with BH mass.
possible hosts found 68/68...
start parallel computation with: <multiprocessing.pool.Pool state=RUN pool_size=14>
parallel computing took: 0.007835149765014648s
Progess: detections: 1361/1588...
No possible hosts. Returning None.
Detection 1363: no catalogue hosts in the localization volume — pure-completion fallback p_i = B_num/D (issue #29)
start parallel computation with: <multiprocessing.pool.Pool state=RUN pool_size=14>
parallel computing took: 7.867813110351562e-06s
Detection 1363: no catalog results found
Progess: detections: 1362/1588...
No possible hosts. Returning None.
Detection 1364: no catalogue hosts in the localization volume — pure-completion fallback p_i = B_num/D (issue #29)
start parallel computation with: <multiprocessing.pool.Pool state=RUN pool_size=14>
parallel computing took: 6.4373016357421875e-06s
Detection 1364: no catalog results found
Progess: detections: 1363/1588...
No possible hosts. Returning None.
Detection 1365: no catalogue hosts in the localization volume — pure-completion fallback p_i = B_num/D (issue #29)
start parallel computation with: <multiprocessing.pool.Pool state=RUN pool_size=14>
parallel computing took: 6.67572021484375e-06s
Detection 1365: no catalog results found
Progess: detections: 1364/1588...
No possible hosts. Returning None.
Detection 1366: no catalogue hosts in the localization volume — pure-completion fallback p_i = B_num/D (issue #29)
start parallel computation with: <multiprocessing.pool.Pool state=RUN pool_size=14>
parallel computing took: 6.9141387939453125e-06s
Detection 1366: no catalog results found
Progess: detections: 1365/1588...
Found 133 possible hosts without BH mass and 133 possible hosts with BH mass.
possible hosts found 133/133...
start parallel computation with: <multiprocessing.pool.Pool state=RUN pool_size=14>
parallel computing took: 0.011100053787231445s
Progess: detections: 1366/1588...
Found 15 possible hosts without BH mass and 15 possible hosts with BH mass.
possible hosts found 15/15...
start parallel computation with: <multiprocessing.pool.Pool state=RUN pool_size=14>
parallel computing took: 0.0051305294036865234s
Progess: detections: 1367/1588...
Found 128 possible hosts without BH mass and 128 possible hosts with BH mass.
possible hosts found 128/128...
start parallel computation with: <multiprocessing.pool.Pool state=RUN pool_size=14>
parallel computing took: 0.011119842529296875s
Progess: detections: 1368/1588...
Found 75 possible hosts without BH mass and 75 possible hosts with BH mass.
possible hosts found 75/75...
start parallel computation with: <multiprocessing.pool.Pool state=RUN pool_size=14>
parallel computing took: 0.007888078689575195s
Progess: detections: 1369/1588...
Found 394 possible hosts without BH mass and 394 possible hosts with BH mass.
possible hosts found 394/394...
start parallel computation with: <multiprocessing.pool.Pool state=RUN pool_size=14>
parallel computing took: 0.03021693229675293s
Progess: detections: 1370/1588...
Found 39 possible hosts without BH mass and 39 possible hosts with BH mass.
possible hosts found 39/39...
start parallel computation with: <multiprocessing.pool.Pool state=RUN pool_size=14>
parallel computing took: 0.006581306457519531s
Progess: detections: 1371/1588...
Found 95 possible hosts without BH mass and 95 possible hosts with BH mass.
possible hosts found 95/95...
start parallel computation with: <multiprocessing.pool.Pool state=RUN pool_size=14>
Event 1373: >5% quadrature weight outside P_det grid — numerator=0.000, denominator=0.050 (repeats for this event suppressed)
Event 1373: >5% quadrature weight outside P_det grid — numerator=0.000, denominator=0.051 (repeats for this event suppressed)
Event 1373: >5% quadrature weight outside P_det grid — numerator=0.000, denominator=0.051 (repeats for this event suppressed)
parallel computing took: 0.008973836898803711s
Progess: detections: 1372/1588...
Found 13 possible hosts without BH mass and 13 possible hosts with BH mass.
possible hosts found 13/13...
start parallel computation with: <multiprocessing.pool.Pool state=RUN pool_size=14>
parallel computing took: 0.004717588424682617s
Progess: detections: 1373/1588...
Found 21 possible hosts without BH mass and 21 possible hosts with BH mass.
possible hosts found 21/21...
start parallel computation with: <multiprocessing.pool.Pool state=RUN pool_size=14>
parallel computing took: 0.004693269729614258s
Progess: detections: 1374/1588...
Found 1224 possible hosts without BH mass and 1224 possible hosts with BH mass.
possible hosts found 1224/1224...
start parallel computation with: <multiprocessing.pool.Pool state=RUN pool_size=14>
parallel computing took: 0.09168338775634766s
Progess: detections: 1375/1588...
Found 45 possible hosts without BH mass and 45 possible hosts with BH mass.
possible hosts found 45/45...
start parallel computation with: <multiprocessing.pool.Pool state=RUN pool_size=14>
parallel computing took: 0.0067539215087890625s
Progess: detections: 1376/1588...
Found 149 possible hosts without BH mass and 149 possible hosts with BH mass.
possible hosts found 149/149...
start parallel computation with: <multiprocessing.pool.Pool state=RUN pool_size=14>
parallel computing took: 0.011873960494995117s
Progess: detections: 1377/1588...
Found 112 possible hosts without BH mass and 112 possible hosts with BH mass.
possible hosts found 112/112...
start parallel computation with: <multiprocessing.pool.Pool state=RUN pool_size=14>
Event 1379: >5% quadrature weight outside P_det grid — numerator=0.000, denominator=0.051 (repeats for this event suppressed)
Event 1379: >5% quadrature weight outside P_det grid — numerator=0.000, denominator=0.071 (repeats for this event suppressed)
Event 1379: >5% quadrature weight outside P_det grid — numerator=0.000, denominator=0.057 (repeats for this event suppressed)
Event 1379: >5% quadrature weight outside P_det grid — numerator=0.000, denominator=0.051 (repeats for this event suppressed)
Event 1379: >5% quadrature weight outside P_det grid — numerator=0.000, denominator=0.052 (repeats for this event suppressed)
Event 1379: >5% quadrature weight outside P_det grid — numerator=0.000, denominator=0.058 (repeats for this event suppressed)
Event 1379: >5% quadrature weight outside P_det grid — numerator=0.000, denominator=0.050 (repeats for this event suppressed)
Event 1379: >5% quadrature weight outside P_det grid — numerator=0.000, denominator=0.054 (repeats for this event suppressed)
Event 1379: >5% quadrature weight outside P_det grid — numerator=0.000, denominator=0.071 (repeats for this event suppressed)
Event 1379: >5% quadrature weight outside P_det grid — numerator=0.000, denominator=0.056 (repeats for this event suppressed)
Event 1379: >5% quadrature weight outside P_det grid — numerator=0.000, denominator=0.060 (repeats for this event suppressed)
Event 1379: >5% quadrature weight outside P_det grid — numerator=0.000, denominator=0.059 (repeats for this event suppressed)
Event 1379: >5% quadrature weight outside P_det grid — numerator=0.000, denominator=0.067 (repeats for this event suppressed)
parallel computing took: 0.010576725006103516s
Progess: detections: 1378/1588...
No possible hosts. Returning None.
Detection 1380: no catalogue hosts in the localization volume — pure-completion fallback p_i = B_num/D (issue #29)
start parallel computation with: <multiprocessing.pool.Pool state=RUN pool_size=14>
parallel computing took: 8.106231689453125e-06s
Detection 1380: no catalog results found
Progess: detections: 1379/1588...
Found 4512 possible hosts without BH mass and 4512 possible hosts with BH mass.
possible hosts found 4512/4512...
start parallel computation with: <multiprocessing.pool.Pool state=RUN pool_size=14>
parallel computing took: 0.36737966537475586s
Progess: detections: 1380/1588...
No possible hosts. Returning None.
Detection 1382: no catalogue hosts in the localization volume — pure-completion fallback p_i = B_num/D (issue #29)
start parallel computation with: <multiprocessing.pool.Pool state=RUN pool_size=14>
parallel computing took: 7.867813110351562e-06s
Detection 1382: no catalog results found
Progess: detections: 1381/1588...
No possible hosts. Returning None.
Detection 1383: no catalogue hosts in the localization volume — pure-completion fallback p_i = B_num/D (issue #29)
start parallel computation with: <multiprocessing.pool.Pool state=RUN pool_size=14>
parallel computing took: 6.9141387939453125e-06s
Detection 1383: no catalog results found
Progess: detections: 1382/1588...
Found 2 possible hosts without BH mass and 2 possible hosts with BH mass.
possible hosts found 2/2...
start parallel computation with: <multiprocessing.pool.Pool state=RUN pool_size=14>
parallel computing took: 0.002707958221435547s
Progess: detections: 1383/1588...
Found 295 possible hosts without BH mass and 295 possible hosts with BH mass.
possible hosts found 295/295...
start parallel computation with: <multiprocessing.pool.Pool state=RUN pool_size=14>
parallel computing took: 0.022392988204956055s
Progess: detections: 1384/1588...
No possible hosts. Returning None.
Detection 1386: no catalogue hosts in the localization volume — pure-completion fallback p_i = B_num/D (issue #29)
start parallel computation with: <multiprocessing.pool.Pool state=RUN pool_size=14>
parallel computing took: 8.58306884765625e-06s
Detection 1386: no catalog results found
Progess: detections: 1385/1588...
Found 7 possible hosts without BH mass and 7 possible hosts with BH mass.
possible hosts found 7/7...
start parallel computation with: <multiprocessing.pool.Pool state=RUN pool_size=14>
parallel computing took: 0.003922462463378906s
Progess: detections: 1386/1588...
Found 111 possible hosts without BH mass and 111 possible hosts with BH mass.
possible hosts found 111/111...
start parallel computation with: <multiprocessing.pool.Pool state=RUN pool_size=14>
parallel computing took: 0.010722160339355469s
Progess: detections: 1387/1588...
Found 3 possible hosts without BH mass and 3 possible hosts with BH mass.
possible hosts found 3/3...
start parallel computation with: <multiprocessing.pool.Pool state=RUN pool_size=14>
parallel computing took: 0.002717733383178711s
Progess: detections: 1388/1588...
Found 24 possible hosts without BH mass and 24 possible hosts with BH mass.
possible hosts found 24/24...
start parallel computation with: <multiprocessing.pool.Pool state=RUN pool_size=14>
parallel computing took: 0.00539851188659668s
Progess: detections: 1389/1588...
Found 5 possible hosts without BH mass and 5 possible hosts with BH mass.
possible hosts found 5/5...
start parallel computation with: <multiprocessing.pool.Pool state=RUN pool_size=14>
parallel computing took: 0.00281524658203125s
Progess: detections: 1390/1588...
No possible hosts. Returning None.
Detection 1392: no catalogue hosts in the localization volume — pure-completion fallback p_i = B_num/D (issue #29)
start parallel computation with: <multiprocessing.pool.Pool state=RUN pool_size=14>
parallel computing took: 6.67572021484375e-06s
Detection 1392: no catalog results found
Progess: detections: 1391/1588...
Found 3469 possible hosts without BH mass and 3469 possible hosts with BH mass.
possible hosts found 3469/3469...
start parallel computation with: <multiprocessing.pool.Pool state=RUN pool_size=14>
parallel computing took: 0.2995336055755615s
Progess: detections: 1392/1588...
Found 271 possible hosts without BH mass and 271 possible hosts with BH mass.
possible hosts found 271/271...
start parallel computation with: <multiprocessing.pool.Pool state=RUN pool_size=14>
parallel computing took: 0.021032094955444336s
Progess: detections: 1393/1588...
No possible hosts. Returning None.
Detection 1395: no catalogue hosts in the localization volume — pure-completion fallback p_i = B_num/D (issue #29)
start parallel computation with: <multiprocessing.pool.Pool state=RUN pool_size=14>
parallel computing took: 7.3909759521484375e-06s
Detection 1395: no catalog results found
Progess: detections: 1394/1588...
Found 5 possible hosts without BH mass and 5 possible hosts with BH mass.
possible hosts found 5/5...
start parallel computation with: <multiprocessing.pool.Pool state=RUN pool_size=14>
parallel computing took: 0.0030074119567871094s
Progess: detections: 1395/1588...
Found 697 possible hosts without BH mass and 697 possible hosts with BH mass.
possible hosts found 697/697...
start parallel computation with: <multiprocessing.pool.Pool state=RUN pool_size=14>
parallel computing took: 0.05336427688598633s
Progess: detections: 1396/1588...
No possible hosts. Returning None.
Detection 1398: no catalogue hosts in the localization volume — pure-completion fallback p_i = B_num/D (issue #29)
start parallel computation with: <multiprocessing.pool.Pool state=RUN pool_size=14>
parallel computing took: 7.867813110351562e-06s
Detection 1398: no catalog results found
Progess: detections: 1397/1588...
No possible hosts. Returning None.
Detection 1399: no catalogue hosts in the localization volume — pure-completion fallback p_i = B_num/D (issue #29)
start parallel computation with: <multiprocessing.pool.Pool state=RUN pool_size=14>
parallel computing took: 6.67572021484375e-06s
Detection 1399: no catalog results found
Progess: detections: 1398/1588...
No possible hosts. Returning None.
Detection 1400: no catalogue hosts in the localization volume — pure-completion fallback p_i = B_num/D (issue #29)
start parallel computation with: <multiprocessing.pool.Pool state=RUN pool_size=14>
parallel computing took: 5.9604644775390625e-06s
Detection 1400: no catalog results found
Progess: detections: 1399/1588...
No possible hosts. Returning None.
Detection 1401: no catalogue hosts in the localization volume — pure-completion fallback p_i = B_num/D (issue #29)
start parallel computation with: <multiprocessing.pool.Pool state=RUN pool_size=14>
parallel computing took: 6.198883056640625e-06s
Detection 1401: no catalog results found
Detection 1400/1588: last=0.00s, avg=0.12s, est_remaining=22s
Progess: detections: 1400/1588...
No possible hosts. Returning None.
Detection 1402: no catalogue hosts in the localization volume — pure-completion fallback p_i = B_num/D (issue #29)
start parallel computation with: <multiprocessing.pool.Pool state=RUN pool_size=14>
parallel computing took: 6.4373016357421875e-06s
Detection 1402: no catalog results found
Progess: detections: 1401/1588...
Found 8 possible hosts without BH mass and 8 possible hosts with BH mass.
possible hosts found 8/8...
start parallel computation with: <multiprocessing.pool.Pool state=RUN pool_size=14>
parallel computing took: 0.004070281982421875s
Progess: detections: 1402/1588...
Found 6 possible hosts without BH mass and 6 possible hosts with BH mass.
possible hosts found 6/6...
start parallel computation with: <multiprocessing.pool.Pool state=RUN pool_size=14>
parallel computing took: 0.003922700881958008s
Progess: detections: 1403/1588...
Found 29 possible hosts without BH mass and 29 possible hosts with BH mass.
possible hosts found 29/29...
start parallel computation with: <multiprocessing.pool.Pool state=RUN pool_size=14>
parallel computing took: 0.005218505859375s
Progess: detections: 1404/1588...
Found 1278 possible hosts without BH mass and 1278 possible hosts with BH mass.
possible hosts found 1278/1278...
start parallel computation with: <multiprocessing.pool.Pool state=RUN pool_size=14>
parallel computing took: 0.10126519203186035s
Progess: detections: 1405/1588...
Found 16 possible hosts without BH mass and 16 possible hosts with BH mass.
possible hosts found 16/16...
start parallel computation with: <multiprocessing.pool.Pool state=RUN pool_size=14>
parallel computing took: 0.0047299861907958984s
Progess: detections: 1406/1588...
Found 30 possible hosts without BH mass and 30 possible hosts with BH mass.
possible hosts found 30/30...
start parallel computation with: <multiprocessing.pool.Pool state=RUN pool_size=14>
Event 1408: >5% quadrature weight outside P_det grid — numerator=0.000, denominator=0.057 (repeats for this event suppressed)
Event 1408: >5% quadrature weight outside P_det grid — numerator=0.000, denominator=0.052 (repeats for this event suppressed)
Event 1408: >5% quadrature weight outside P_det grid — numerator=0.000, denominator=0.050 (repeats for this event suppressed)
Event 1408: >5% quadrature weight outside P_det grid — numerator=0.000, denominator=0.051 (repeats for this event suppressed)
Event 1408: >5% quadrature weight outside P_det grid — numerator=0.000, denominator=0.052 (repeats for this event suppressed)
Event 1408: >5% quadrature weight outside P_det grid — numerator=0.000, denominator=0.052 (repeats for this event suppressed)
parallel computing took: 0.005639553070068359s
Progess: detections: 1407/1588...
No possible hosts. Returning None.
Detection 1409: no catalogue hosts in the localization volume — pure-completion fallback p_i = B_num/D (issue #29)
start parallel computation with: <multiprocessing.pool.Pool state=RUN pool_size=14>
parallel computing took: 6.9141387939453125e-06s
Detection 1409: no catalog results found
Progess: detections: 1408/1588...
Found 111 possible hosts without BH mass and 111 possible hosts with BH mass.
possible hosts found 111/111...
start parallel computation with: <multiprocessing.pool.Pool state=RUN pool_size=14>
parallel computing took: 0.010577201843261719s
Progess: detections: 1409/1588...
No possible hosts. Returning None.
Detection 1411: no catalogue hosts in the localization volume — pure-completion fallback p_i = B_num/D (issue #29)
start parallel computation with: <multiprocessing.pool.Pool state=RUN pool_size=14>
parallel computing took: 8.344650268554688e-06s
Detection 1411: no catalog results found
Progess: detections: 1410/1588...
Found 459 possible hosts without BH mass and 459 possible hosts with BH mass.
possible hosts found 459/459...
start parallel computation with: <multiprocessing.pool.Pool state=RUN pool_size=14>
parallel computing took: 0.03369021415710449s
Progess: detections: 1411/1588...
No possible hosts. Returning None.
Detection 1413: no catalogue hosts in the localization volume — pure-completion fallback p_i = B_num/D (issue #29)
start parallel computation with: <multiprocessing.pool.Pool state=RUN pool_size=14>
parallel computing took: 7.62939453125e-06s
Detection 1413: no catalog results found
Progess: detections: 1412/1588...
Found 524 possible hosts without BH mass and 524 possible hosts with BH mass.
possible hosts found 524/524...
start parallel computation with: <multiprocessing.pool.Pool state=RUN pool_size=14>
parallel computing took: 0.03779315948486328s
Progess: detections: 1413/1588...
No possible hosts. Returning None.
Detection 1415: no catalogue hosts in the localization volume — pure-completion fallback p_i = B_num/D (issue #29)
start parallel computation with: <multiprocessing.pool.Pool state=RUN pool_size=14>
parallel computing took: 8.58306884765625e-06s
Detection 1415: no catalog results found
Progess: detections: 1414/1588...
Found 31 possible hosts without BH mass and 31 possible hosts with BH mass.
possible hosts found 31/31...
start parallel computation with: <multiprocessing.pool.Pool state=RUN pool_size=14>
parallel computing took: 0.005683183670043945s
Progess: detections: 1415/1588...
Found 37 possible hosts without BH mass and 37 possible hosts with BH mass.
possible hosts found 37/37...
start parallel computation with: <multiprocessing.pool.Pool state=RUN pool_size=14>
parallel computing took: 0.0054318904876708984s
Progess: detections: 1416/1588...
Found 18 possible hosts without BH mass and 18 possible hosts with BH mass.
possible hosts found 18/18...
start parallel computation with: <multiprocessing.pool.Pool state=RUN pool_size=14>
parallel computing took: 0.004574298858642578s
Progess: detections: 1417/1588...
Found 1467 possible hosts without BH mass and 1467 possible hosts with BH mass.
possible hosts found 1467/1467...
start parallel computation with: <multiprocessing.pool.Pool state=RUN pool_size=14>
parallel computing took: 0.1181783676147461s
Progess: detections: 1418/1588...
No possible hosts. Returning None.
Detection 1420: no catalogue hosts in the localization volume — pure-completion fallback p_i = B_num/D (issue #29)
start parallel computation with: <multiprocessing.pool.Pool state=RUN pool_size=14>
parallel computing took: 7.867813110351562e-06s
Detection 1420: no catalog results found
Progess: detections: 1419/1588...
Found 750 possible hosts without BH mass and 750 possible hosts with BH mass.
possible hosts found 750/750...
start parallel computation with: <multiprocessing.pool.Pool state=RUN pool_size=14>
parallel computing took: 0.05544447898864746s
Progess: detections: 1420/1588...
Found 15 possible hosts without BH mass and 15 possible hosts with BH mass.
possible hosts found 15/15...
start parallel computation with: <multiprocessing.pool.Pool state=RUN pool_size=14>
parallel computing took: 0.004711627960205078s
Progess: detections: 1421/1588...
Found 283 possible hosts without BH mass and 283 possible hosts with BH mass.
possible hosts found 283/283...
start parallel computation with: <multiprocessing.pool.Pool state=RUN pool_size=14>
parallel computing took: 0.02065277099609375s
Progess: detections: 1422/1588...
Found 2202 possible hosts without BH mass and 2202 possible hosts with BH mass.
possible hosts found 2202/2202...
start parallel computation with: <multiprocessing.pool.Pool state=RUN pool_size=14>
parallel computing took: 0.18228960037231445s
Progess: detections: 1423/1588...
Found 1 possible hosts without BH mass and 1 possible hosts with BH mass.
possible hosts found 1/1...
start parallel computation with: <multiprocessing.pool.Pool state=RUN pool_size=14>
parallel computing took: 0.0024940967559814453s
Progess: detections: 1424/1588...
No possible hosts. Returning None.
Detection 1426: no catalogue hosts in the localization volume — pure-completion fallback p_i = B_num/D (issue #29)
start parallel computation with: <multiprocessing.pool.Pool state=RUN pool_size=14>
parallel computing took: 6.9141387939453125e-06s
Detection 1426: no catalog results found
Progess: detections: 1425/1588...
Found 310 possible hosts without BH mass and 310 possible hosts with BH mass.
possible hosts found 310/310...
start parallel computation with: <multiprocessing.pool.Pool state=RUN pool_size=14>
parallel computing took: 0.02251911163330078s
Progess: detections: 1426/1588...
Found 3132 possible hosts without BH mass and 3132 possible hosts with BH mass.
possible hosts found 3132/3132...
start parallel computation with: <multiprocessing.pool.Pool state=RUN pool_size=14>
parallel computing took: 0.25262022018432617s
Progess: detections: 1427/1588...
Found 1 possible hosts without BH mass and 1 possible hosts with BH mass.
possible hosts found 1/1...
start parallel computation with: <multiprocessing.pool.Pool state=RUN pool_size=14>
parallel computing took: 0.0025789737701416016s
Progess: detections: 1428/1588...
No possible hosts. Returning None.
Detection 1430: no catalogue hosts in the localization volume — pure-completion fallback p_i = B_num/D (issue #29)
start parallel computation with: <multiprocessing.pool.Pool state=RUN pool_size=14>
parallel computing took: 6.4373016357421875e-06s
Detection 1430: no catalog results found
Progess: detections: 1429/1588...
Found 10 possible hosts without BH mass and 10 possible hosts with BH mass.
possible hosts found 10/10...
start parallel computation with: <multiprocessing.pool.Pool state=RUN pool_size=14>
parallel computing took: 0.004392862319946289s
Progess: detections: 1430/1588...
No possible hosts. Returning None.
Detection 1432: no catalogue hosts in the localization volume — pure-completion fallback p_i = B_num/D (issue #29)
start parallel computation with: <multiprocessing.pool.Pool state=RUN pool_size=14>
parallel computing took: 6.67572021484375e-06s
Detection 1432: no catalog results found
Progess: detections: 1431/1588...
Found 54 possible hosts without BH mass and 54 possible hosts with BH mass.
possible hosts found 54/54...
start parallel computation with: <multiprocessing.pool.Pool state=RUN pool_size=14>
parallel computing took: 0.006902933120727539s
Progess: detections: 1432/1588...
No possible hosts. Returning None.
Detection 1434: no catalogue hosts in the localization volume — pure-completion fallback p_i = B_num/D (issue #29)
start parallel computation with: <multiprocessing.pool.Pool state=RUN pool_size=14>
parallel computing took: 7.3909759521484375e-06s
Detection 1434: no catalog results found
Progess: detections: 1433/1588...
No possible hosts. Returning None.
Detection 1435: no catalogue hosts in the localization volume — pure-completion fallback p_i = B_num/D (issue #29)
start parallel computation with: <multiprocessing.pool.Pool state=RUN pool_size=14>
parallel computing took: 6.9141387939453125e-06s
Detection 1435: no catalog results found
Progess: detections: 1434/1588...
Found 65 possible hosts without BH mass and 65 possible hosts with BH mass.
possible hosts found 65/65...
start parallel computation with: <multiprocessing.pool.Pool state=RUN pool_size=14>
parallel computing took: 0.007684946060180664s
Progess: detections: 1435/1588...
No possible hosts. Returning None.
Detection 1437: no catalogue hosts in the localization volume — pure-completion fallback p_i = B_num/D (issue #29)
start parallel computation with: <multiprocessing.pool.Pool state=RUN pool_size=14>
parallel computing took: 7.3909759521484375e-06s
Detection 1437: no catalog results found
Progess: detections: 1436/1588...
No possible hosts. Returning None.
Detection 1438: no catalogue hosts in the localization volume — pure-completion fallback p_i = B_num/D (issue #29)
start parallel computation with: <multiprocessing.pool.Pool state=RUN pool_size=14>
parallel computing took: 6.4373016357421875e-06s
Detection 1438: no catalog results found
Progess: detections: 1437/1588...
No possible hosts. Returning None.
Detection 1439: no catalogue hosts in the localization volume — pure-completion fallback p_i = B_num/D (issue #29)
start parallel computation with: <multiprocessing.pool.Pool state=RUN pool_size=14>
parallel computing took: 6.4373016357421875e-06s
Detection 1439: no catalog results found
Progess: detections: 1438/1588...
No possible hosts. Returning None.
Detection 1440: no catalogue hosts in the localization volume — pure-completion fallback p_i = B_num/D (issue #29)
start parallel computation with: <multiprocessing.pool.Pool state=RUN pool_size=14>
parallel computing took: 6.4373016357421875e-06s
Detection 1440: no catalog results found
Progess: detections: 1439/1588...
Found 14 possible hosts without BH mass and 14 possible hosts with BH mass.
possible hosts found 14/14...
start parallel computation with: <multiprocessing.pool.Pool state=RUN pool_size=14>
parallel computing took: 0.004640340805053711s
Progess: detections: 1440/1588...
No possible hosts. Returning None.
Detection 1442: no catalogue hosts in the localization volume — pure-completion fallback p_i = B_num/D (issue #29)
start parallel computation with: <multiprocessing.pool.Pool state=RUN pool_size=14>
parallel computing took: 6.4373016357421875e-06s
Detection 1442: no catalog results found
Progess: detections: 1441/1588...
Found 107 possible hosts without BH mass and 107 possible hosts with BH mass.
possible hosts found 107/107...
start parallel computation with: <multiprocessing.pool.Pool state=RUN pool_size=14>
parallel computing took: 0.009588003158569336s
Progess: detections: 1442/1588...
No possible hosts. Returning None.
Detection 1444: no catalogue hosts in the localization volume — pure-completion fallback p_i = B_num/D (issue #29)
start parallel computation with: <multiprocessing.pool.Pool state=RUN pool_size=14>
parallel computing took: 8.821487426757812e-06s
Detection 1444: no catalog results found
Progess: detections: 1443/1588...
No possible hosts. Returning None.
Detection 1445: no catalogue hosts in the localization volume — pure-completion fallback p_i = B_num/D (issue #29)
start parallel computation with: <multiprocessing.pool.Pool state=RUN pool_size=14>
parallel computing took: 6.9141387939453125e-06s
Detection 1445: no catalog results found
Progess: detections: 1444/1588...
No possible hosts. Returning None.
Detection 1446: no catalogue hosts in the localization volume — pure-completion fallback p_i = B_num/D (issue #29)
start parallel computation with: <multiprocessing.pool.Pool state=RUN pool_size=14>
parallel computing took: 6.67572021484375e-06s
Detection 1446: no catalog results found
Progess: detections: 1445/1588...
No possible hosts. Returning None.
Detection 1447: no catalogue hosts in the localization volume — pure-completion fallback p_i = B_num/D (issue #29)
start parallel computation with: <multiprocessing.pool.Pool state=RUN pool_size=14>
parallel computing took: 6.9141387939453125e-06s
Detection 1447: no catalog results found
Progess: detections: 1446/1588...
Found 8 possible hosts without BH mass and 8 possible hosts with BH mass.
possible hosts found 8/8...
start parallel computation with: <multiprocessing.pool.Pool state=RUN pool_size=14>
parallel computing took: 0.0042667388916015625s
Progess: detections: 1447/1588...
Found 18 possible hosts without BH mass and 18 possible hosts with BH mass.
possible hosts found 18/18...
start parallel computation with: <multiprocessing.pool.Pool state=RUN pool_size=14>
parallel computing took: 0.005053997039794922s
Progess: detections: 1448/1588...
Found 5 possible hosts without BH mass and 5 possible hosts with BH mass.
possible hosts found 5/5...
start parallel computation with: <multiprocessing.pool.Pool state=RUN pool_size=14>
parallel computing took: 0.0035614967346191406s
Progess: detections: 1449/1588...
Found 45 possible hosts without BH mass and 45 possible hosts with BH mass.
possible hosts found 45/45...
start parallel computation with: <multiprocessing.pool.Pool state=RUN pool_size=14>
parallel computing took: 0.006834268569946289s
Progess: detections: 1450/1588...
No possible hosts. Returning None.
Detection 1452: no catalogue hosts in the localization volume — pure-completion fallback p_i = B_num/D (issue #29)
start parallel computation with: <multiprocessing.pool.Pool state=RUN pool_size=14>
parallel computing took: 7.62939453125e-06s
Detection 1452: no catalog results found
Progess: detections: 1451/1588...
Found 488 possible hosts without BH mass and 488 possible hosts with BH mass.
possible hosts found 488/488...
start parallel computation with: <multiprocessing.pool.Pool state=RUN pool_size=14>
parallel computing took: 0.0376431941986084s
Progess: detections: 1452/1588...
Found 8885 possible hosts without BH mass and 8885 possible hosts with BH mass.
possible hosts found 8885/8885...
start parallel computation with: <multiprocessing.pool.Pool state=RUN pool_size=14>
parallel computing took: 0.8291137218475342s
Progess: detections: 1453/1588...
Found 233 possible hosts without BH mass and 233 possible hosts with BH mass.
possible hosts found 233/233...
start parallel computation with: <multiprocessing.pool.Pool state=RUN pool_size=14>
Event 1455: >5% quadrature weight outside P_det grid — numerator=0.000, denominator=0.050 (repeats for this event suppressed)
Event 1455: >5% quadrature weight outside P_det grid — numerator=0.000, denominator=0.050 (repeats for this event suppressed)
Event 1455: >5% quadrature weight outside P_det grid — numerator=0.000, denominator=0.050 (repeats for this event suppressed)
Event 1455: >5% quadrature weight outside P_det grid — numerator=0.000, denominator=0.050 (repeats for this event suppressed)
Event 1455: >5% quadrature weight outside P_det grid — numerator=0.000, denominator=0.050 (repeats for this event suppressed)
parallel computing took: 0.03379535675048828s
Progess: detections: 1454/1588...
No possible hosts. Returning None.
Detection 1456: no catalogue hosts in the localization volume — pure-completion fallback p_i = B_num/D (issue #29)
start parallel computation with: <multiprocessing.pool.Pool state=RUN pool_size=14>
parallel computing took: 8.106231689453125e-06s
Detection 1456: no catalog results found
Progess: detections: 1455/1588...
Found 1020 possible hosts without BH mass and 1020 possible hosts with BH mass.
possible hosts found 1020/1020...
start parallel computation with: <multiprocessing.pool.Pool state=RUN pool_size=14>
parallel computing took: 0.08113336563110352s
Progess: detections: 1456/1588...
No possible hosts. Returning None.
Detection 1458: no catalogue hosts in the localization volume — pure-completion fallback p_i = B_num/D (issue #29)
start parallel computation with: <multiprocessing.pool.Pool state=RUN pool_size=14>
parallel computing took: 8.344650268554688e-06s
Detection 1458: no catalog results found
Progess: detections: 1457/1588...
Found 3874 possible hosts without BH mass and 3874 possible hosts with BH mass.
possible hosts found 3874/3874...
start parallel computation with: <multiprocessing.pool.Pool state=RUN pool_size=14>
parallel computing took: 0.3464210033416748s
Progess: detections: 1458/1588...
Found 473 possible hosts without BH mass and 473 possible hosts with BH mass.
possible hosts found 473/473...
start parallel computation with: <multiprocessing.pool.Pool state=RUN pool_size=14>
parallel computing took: 0.0389103889465332s
Progess: detections: 1459/1588...
No possible hosts. Returning None.
Detection 1461: no catalogue hosts in the localization volume — pure-completion fallback p_i = B_num/D (issue #29)
start parallel computation with: <multiprocessing.pool.Pool state=RUN pool_size=14>
parallel computing took: 7.62939453125e-06s
Detection 1461: no catalog results found
Progess: detections: 1460/1588...
Found 906 possible hosts without BH mass and 906 possible hosts with BH mass.
possible hosts found 906/906...
start parallel computation with: <multiprocessing.pool.Pool state=RUN pool_size=14>
parallel computing took: 0.07233119010925293s
Progess: detections: 1461/1588...
Found 14 possible hosts without BH mass and 14 possible hosts with BH mass.
possible hosts found 14/14...
start parallel computation with: <multiprocessing.pool.Pool state=RUN pool_size=14>
parallel computing took: 0.005006551742553711s
Progess: detections: 1462/1588...
No possible hosts. Returning None.
Detection 1464: no catalogue hosts in the localization volume — pure-completion fallback p_i = B_num/D (issue #29)
start parallel computation with: <multiprocessing.pool.Pool state=RUN pool_size=14>
parallel computing took: 7.152557373046875e-06s
Detection 1464: no catalog results found
Progess: detections: 1463/1588...
No possible hosts. Returning None.
Detection 1465: no catalogue hosts in the localization volume — pure-completion fallback p_i = B_num/D (issue #29)
start parallel computation with: <multiprocessing.pool.Pool state=RUN pool_size=14>
parallel computing took: 1.3113021850585938e-05s
Detection 1465: no catalog results found
Progess: detections: 1464/1588...
No possible hosts. Returning None.
Detection 1466: no catalogue hosts in the localization volume — pure-completion fallback p_i = B_num/D (issue #29)
start parallel computation with: <multiprocessing.pool.Pool state=RUN pool_size=14>
parallel computing took: 6.9141387939453125e-06s
Detection 1466: no catalog results found
Progess: detections: 1465/1588...
No possible hosts. Returning None.
Detection 1467: no catalogue hosts in the localization volume — pure-completion fallback p_i = B_num/D (issue #29)
start parallel computation with: <multiprocessing.pool.Pool state=RUN pool_size=14>
parallel computing took: 6.198883056640625e-06s
Detection 1467: no catalog results found
Progess: detections: 1466/1588...
Found 45 possible hosts without BH mass and 45 possible hosts with BH mass.
possible hosts found 45/45...
start parallel computation with: <multiprocessing.pool.Pool state=RUN pool_size=14>
parallel computing took: 0.006210803985595703s
Progess: detections: 1467/1588...
Found 17 possible hosts without BH mass and 17 possible hosts with BH mass.
possible hosts found 17/17...
start parallel computation with: <multiprocessing.pool.Pool state=RUN pool_size=14>
parallel computing took: 0.0045359134674072266s
Progess: detections: 1468/1588...
Found 888 possible hosts without BH mass and 888 possible hosts with BH mass.
possible hosts found 888/888...
start parallel computation with: <multiprocessing.pool.Pool state=RUN pool_size=14>
parallel computing took: 0.06954765319824219s
Progess: detections: 1469/1588...
No possible hosts. Returning None.
Detection 1471: no catalogue hosts in the localization volume — pure-completion fallback p_i = B_num/D (issue #29)
start parallel computation with: <multiprocessing.pool.Pool state=RUN pool_size=14>
parallel computing took: 8.344650268554688e-06s
Detection 1471: no catalog results found
Progess: detections: 1470/1588...
No possible hosts. Returning None.
Detection 1472: no catalogue hosts in the localization volume — pure-completion fallback p_i = B_num/D (issue #29)
start parallel computation with: <multiprocessing.pool.Pool state=RUN pool_size=14>
parallel computing took: 1.4066696166992188e-05s
Detection 1472: no catalog results found
Progess: detections: 1471/1588...
Found 120 possible hosts without BH mass and 117 possible hosts with BH mass.
possible hosts found 120/117...
start parallel computation with: <multiprocessing.pool.Pool state=RUN pool_size=14>
Event 1473: >5% quadrature weight outside P_det grid — numerator=0.000, denominator=0.052 (repeats for this event suppressed)
Event 1473: >5% quadrature weight outside P_det grid — numerator=0.000, denominator=0.054 (repeats for this event suppressed)
Event 1473: >5% quadrature weight outside P_det grid — numerator=0.000, denominator=0.062 (repeats for this event suppressed)
Event 1473: >5% quadrature weight outside P_det grid — numerator=0.000, denominator=0.061 (repeats for this event suppressed)
Event 1473: >5% quadrature weight outside P_det grid — numerator=0.000, denominator=0.056 (repeats for this event suppressed)
Event 1473: >5% quadrature weight outside P_det grid — numerator=0.000, denominator=0.052 (repeats for this event suppressed)
Event 1473: >5% quadrature weight outside P_det grid — numerator=0.000, denominator=0.063 (repeats for this event suppressed)
Event 1473: >5% quadrature weight outside P_det grid — numerator=0.000, denominator=0.064 (repeats for this event suppressed)
Event 1473: >5% quadrature weight outside P_det grid — numerator=0.000, denominator=0.058 (repeats for this event suppressed)
Event 1473: >5% quadrature weight outside P_det grid — numerator=0.000, denominator=0.065 (repeats for this event suppressed)
Event 1473: >5% quadrature weight outside P_det grid — numerator=0.000, denominator=0.055 (repeats for this event suppressed)
Event 1473: >5% quadrature weight outside P_det grid — numerator=0.000, denominator=0.074 (repeats for this event suppressed)
Event 1473: >5% quadrature weight outside P_det grid — numerator=0.000, denominator=0.078 (repeats for this event suppressed)
Event 1473: >5% quadrature weight outside P_det grid — numerator=0.000, denominator=0.052 (repeats for this event suppressed)
parallel computing took: 0.012549638748168945s
Progess: detections: 1472/1588...
Found 1 possible hosts without BH mass and 1 possible hosts with BH mass.
possible hosts found 1/1...
start parallel computation with: <multiprocessing.pool.Pool state=RUN pool_size=14>
parallel computing took: 0.0027132034301757812s
Progess: detections: 1473/1588...
Found 466 possible hosts without BH mass and 466 possible hosts with BH mass.
possible hosts found 466/466...
start parallel computation with: <multiprocessing.pool.Pool state=RUN pool_size=14>
parallel computing took: 0.03459596633911133s
Progess: detections: 1474/1588...
Found 5 possible hosts without BH mass and 5 possible hosts with BH mass.
possible hosts found 5/5...
start parallel computation with: <multiprocessing.pool.Pool state=RUN pool_size=14>
Event 1476: >5% quadrature weight outside P_det grid — numerator=0.000, denominator=0.077 (repeats for this event suppressed)
Event 1476: >5% quadrature weight outside P_det grid — numerator=0.000, denominator=0.062 (repeats for this event suppressed)
Event 1476: >5% quadrature weight outside P_det grid — numerator=0.000, denominator=0.068 (repeats for this event suppressed)
Event 1476: >5% quadrature weight outside P_det grid — numerator=0.000, denominator=0.059 (repeats for this event suppressed)
parallel computing took: 0.004142284393310547s
Progess: detections: 1475/1588...
Found 1101 possible hosts without BH mass and 1101 possible hosts with BH mass.
possible hosts found 1101/1101...
start parallel computation with: <multiprocessing.pool.Pool state=RUN pool_size=14>
parallel computing took: 0.08303141593933105s
Progess: detections: 1476/1588...
No possible hosts. Returning None.
Detection 1478: no catalogue hosts in the localization volume — pure-completion fallback p_i = B_num/D (issue #29)
start parallel computation with: <multiprocessing.pool.Pool state=RUN pool_size=14>
parallel computing took: 8.344650268554688e-06s
Detection 1478: no catalog results found
Progess: detections: 1477/1588...
Found 42 possible hosts without BH mass and 42 possible hosts with BH mass.
possible hosts found 42/42...
start parallel computation with: <multiprocessing.pool.Pool state=RUN pool_size=14>
parallel computing took: 0.007070779800415039s
Progess: detections: 1478/1588...
No possible hosts. Returning None.
Detection 1480: no catalogue hosts in the localization volume — pure-completion fallback p_i = B_num/D (issue #29)
start parallel computation with: <multiprocessing.pool.Pool state=RUN pool_size=14>
parallel computing took: 8.106231689453125e-06s
Detection 1480: no catalog results found
Progess: detections: 1479/1588...
Found 9023 possible hosts without BH mass and 9023 possible hosts with BH mass.
possible hosts found 9023/9023...
start parallel computation with: <multiprocessing.pool.Pool state=RUN pool_size=14>
parallel computing took: 0.8540406227111816s
Progess: detections: 1480/1588...
No possible hosts. Returning None.
Detection 1482: no catalogue hosts in the localization volume — pure-completion fallback p_i = B_num/D (issue #29)
start parallel computation with: <multiprocessing.pool.Pool state=RUN pool_size=14>
parallel computing took: 8.58306884765625e-06s
Detection 1482: no catalog results found
Progess: detections: 1481/1588...
Found 1 possible hosts without BH mass and 1 possible hosts with BH mass.
possible hosts found 1/1...
start parallel computation with: <multiprocessing.pool.Pool state=RUN pool_size=14>
parallel computing took: 0.0026917457580566406s
Progess: detections: 1482/1588...
Found 14 possible hosts without BH mass and 13 possible hosts with BH mass.
possible hosts found 14/13...
start parallel computation with: <multiprocessing.pool.Pool state=RUN pool_size=14>
Event 1484: >5% quadrature weight outside P_det grid — numerator=0.000, denominator=0.054 (repeats for this event suppressed)
Event 1484: >5% quadrature weight outside P_det grid — numerator=0.000, denominator=0.059 (repeats for this event suppressed)
Event 1484: >5% quadrature weight outside P_det grid — numerator=0.000, denominator=0.077 (repeats for this event suppressed)
Event 1484: >5% quadrature weight outside P_det grid — numerator=0.000, denominator=0.058 (repeats for this event suppressed)
Event 1484: >5% quadrature weight outside P_det grid — numerator=0.000, denominator=0.051 (repeats for this event suppressed)
Event 1484: >5% quadrature weight outside P_det grid — numerator=0.000, denominator=0.057 (repeats for this event suppressed)
Event 1484: >5% quadrature weight outside P_det grid — numerator=0.000, denominator=0.067 (repeats for this event suppressed)
Event 1484: >5% quadrature weight outside P_det grid — numerator=0.000, denominator=0.059 (repeats for this event suppressed)
Event 1484: >5% quadrature weight outside P_det grid — numerator=0.000, denominator=0.052 (repeats for this event suppressed)
Event 1484: >5% quadrature weight outside P_det grid — numerator=0.000, denominator=0.051 (repeats for this event suppressed)
Event 1484: >5% quadrature weight outside P_det grid — numerator=0.000, denominator=0.082 (repeats for this event suppressed)
Event 1484: >5% quadrature weight outside P_det grid — numerator=0.000, denominator=0.061 (repeats for this event suppressed)
Event 1484: >5% quadrature weight outside P_det grid — numerator=0.000, denominator=0.075 (repeats for this event suppressed)
parallel computing took: 0.012715578079223633s
Progess: detections: 1483/1588...
Found 1 possible hosts without BH mass and 1 possible hosts with BH mass.
possible hosts found 1/1...
start parallel computation with: <multiprocessing.pool.Pool state=RUN pool_size=14>
parallel computing took: 0.0024423599243164062s
Progess: detections: 1484/1588...
No possible hosts. Returning None.
Detection 1486: no catalogue hosts in the localization volume — pure-completion fallback p_i = B_num/D (issue #29)
start parallel computation with: <multiprocessing.pool.Pool state=RUN pool_size=14>
parallel computing took: 6.4373016357421875e-06s
Detection 1486: no catalog results found
Progess: detections: 1485/1588...
Found 1 possible hosts without BH mass and 1 possible hosts with BH mass.
possible hosts found 1/1...
start parallel computation with: <multiprocessing.pool.Pool state=RUN pool_size=14>
parallel computing took: 0.002531290054321289s
Progess: detections: 1486/1588...
Found 4025 possible hosts without BH mass and 4025 possible hosts with BH mass.
possible hosts found 4025/4025...
start parallel computation with: <multiprocessing.pool.Pool state=RUN pool_size=14>
parallel computing took: 0.34899139404296875s
Progess: detections: 1487/1588...
Found 11 possible hosts without BH mass and 11 possible hosts with BH mass.
possible hosts found 11/11...
start parallel computation with: <multiprocessing.pool.Pool state=RUN pool_size=14>
parallel computing took: 0.004448890686035156s
Progess: detections: 1488/1588...
Found 139 possible hosts without BH mass and 139 possible hosts with BH mass.
possible hosts found 139/139...
start parallel computation with: <multiprocessing.pool.Pool state=RUN pool_size=14>
parallel computing took: 0.012068986892700195s
Progess: detections: 1489/1588...
Found 168 possible hosts without BH mass and 168 possible hosts with BH mass.
possible hosts found 168/168...
start parallel computation with: <multiprocessing.pool.Pool state=RUN pool_size=14>
parallel computing took: 0.038832902908325195s
Progess: detections: 1490/1588...
Found 569 possible hosts without BH mass and 569 possible hosts with BH mass.
possible hosts found 569/569...
start parallel computation with: <multiprocessing.pool.Pool state=RUN pool_size=14>
parallel computing took: 0.04330277442932129s
Progess: detections: 1491/1588...
Found 209 possible hosts without BH mass and 209 possible hosts with BH mass.
possible hosts found 209/209...
start parallel computation with: <multiprocessing.pool.Pool state=RUN pool_size=14>
parallel computing took: 0.016300678253173828s
Progess: detections: 1492/1588...
Found 2 possible hosts without BH mass and 2 possible hosts with BH mass.
possible hosts found 2/2...
start parallel computation with: <multiprocessing.pool.Pool state=RUN pool_size=14>
parallel computing took: 0.0031027793884277344s
Progess: detections: 1493/1588...
Found 81 possible hosts without BH mass and 81 possible hosts with BH mass.
possible hosts found 81/81...
start parallel computation with: <multiprocessing.pool.Pool state=RUN pool_size=14>
parallel computing took: 0.00859975814819336s
Progess: detections: 1494/1588...
No possible hosts. Returning None.
Detection 1496: no catalogue hosts in the localization volume — pure-completion fallback p_i = B_num/D (issue #29)
start parallel computation with: <multiprocessing.pool.Pool state=RUN pool_size=14>
parallel computing took: 7.62939453125e-06s
Detection 1496: no catalog results found
Progess: detections: 1495/1588...
No possible hosts. Returning None.
Detection 1497: no catalogue hosts in the localization volume — pure-completion fallback p_i = B_num/D (issue #29)
start parallel computation with: <multiprocessing.pool.Pool state=RUN pool_size=14>
parallel computing took: 6.4373016357421875e-06s
Detection 1497: no catalog results found
Progess: detections: 1496/1588...
Found 739 possible hosts without BH mass and 739 possible hosts with BH mass.
possible hosts found 739/739...
start parallel computation with: <multiprocessing.pool.Pool state=RUN pool_size=14>
parallel computing took: 0.054618120193481445s
Progess: detections: 1497/1588...
Found 12139 possible hosts without BH mass and 12139 possible hosts with BH mass.
possible hosts found 12139/12139...
start parallel computation with: <multiprocessing.pool.Pool state=RUN pool_size=14>
parallel computing took: 1.1511869430541992s
Progess: detections: 1498/1588...
No possible hosts. Returning None.
Detection 1500: no catalogue hosts in the localization volume — pure-completion fallback p_i = B_num/D (issue #29)
start parallel computation with: <multiprocessing.pool.Pool state=RUN pool_size=14>
parallel computing took: 9.059906005859375e-06s
Detection 1500: no catalog results found
Progess: detections: 1499/1588...
Found 9 possible hosts without BH mass and 9 possible hosts with BH mass.
possible hosts found 9/9...
start parallel computation with: <multiprocessing.pool.Pool state=RUN pool_size=14>
parallel computing took: 0.004548549652099609s
Detection 1500/1588: last=0.01s, avg=0.11s, est_remaining=10s
Progess: detections: 1500/1588...
No possible hosts. Returning None.
Detection 1502: no catalogue hosts in the localization volume — pure-completion fallback p_i = B_num/D (issue #29)
start parallel computation with: <multiprocessing.pool.Pool state=RUN pool_size=14>
parallel computing took: 6.4373016357421875e-06s
Detection 1502: no catalog results found
Progess: detections: 1501/1588...
Found 22 possible hosts without BH mass and 22 possible hosts with BH mass.
possible hosts found 22/22...
start parallel computation with: <multiprocessing.pool.Pool state=RUN pool_size=14>
parallel computing took: 0.005647420883178711s
Progess: detections: 1502/1588...
No possible hosts. Returning None.
Detection 1504: no catalogue hosts in the localization volume — pure-completion fallback p_i = B_num/D (issue #29)
start parallel computation with: <multiprocessing.pool.Pool state=RUN pool_size=14>
parallel computing took: 6.9141387939453125e-06s
Detection 1504: no catalog results found
Progess: detections: 1503/1588...
Found 10 possible hosts without BH mass and 10 possible hosts with BH mass.
possible hosts found 10/10...
start parallel computation with: <multiprocessing.pool.Pool state=RUN pool_size=14>
parallel computing took: 0.004312038421630859s
Progess: detections: 1504/1588...
Found 69 possible hosts without BH mass and 69 possible hosts with BH mass.
possible hosts found 69/69...
start parallel computation with: <multiprocessing.pool.Pool state=RUN pool_size=14>
parallel computing took: 0.00766301155090332s
Progess: detections: 1505/1588...
Found 3 possible hosts without BH mass and 3 possible hosts with BH mass.
possible hosts found 3/3...
start parallel computation with: <multiprocessing.pool.Pool state=RUN pool_size=14>
parallel computing took: 0.002883434295654297s
Progess: detections: 1506/1588...
Found 34 possible hosts without BH mass and 34 possible hosts with BH mass.
possible hosts found 34/34...
start parallel computation with: <multiprocessing.pool.Pool state=RUN pool_size=14>
parallel computing took: 0.006018638610839844s
Progess: detections: 1507/1588...
Found 110 possible hosts without BH mass and 107 possible hosts with BH mass.
possible hosts found 110/107...
start parallel computation with: <multiprocessing.pool.Pool state=RUN pool_size=14>
Event 1509: >5% quadrature weight outside P_det grid — numerator=0.000, denominator=0.068 (repeats for this event suppressed)
Event 1509: >5% quadrature weight outside P_det grid — numerator=0.000, denominator=0.078 (repeats for this event suppressed)
Event 1509: >5% quadrature weight outside P_det grid — numerator=0.000, denominator=0.055 (repeats for this event suppressed)
Event 1509: >5% quadrature weight outside P_det grid — numerator=0.000, denominator=0.060 (repeats for this event suppressed)
Event 1509: >5% quadrature weight outside P_det grid — numerator=0.000, denominator=0.072 (repeats for this event suppressed)
Event 1509: >5% quadrature weight outside P_det grid — numerator=0.000, denominator=0.083 (repeats for this event suppressed)
Event 1509: >5% quadrature weight outside P_det grid — numerator=0.000, denominator=0.065 (repeats for this event suppressed)
Event 1509: >5% quadrature weight outside P_det grid — numerator=0.000, denominator=0.057 (repeats for this event suppressed)
Event 1509: >5% quadrature weight outside P_det grid — numerator=0.000, denominator=0.062 (repeats for this event suppressed)
Event 1509: >5% quadrature weight outside P_det grid — numerator=0.000, denominator=0.057 (repeats for this event suppressed)
Event 1509: >5% quadrature weight outside P_det grid — numerator=0.000, denominator=0.075 (repeats for this event suppressed)
Event 1509: >5% quadrature weight outside P_det grid — numerator=0.000, denominator=0.056 (repeats for this event suppressed)
Event 1509: >5% quadrature weight outside P_det grid — numerator=0.000, denominator=0.071 (repeats for this event suppressed)
Event 1509: >5% quadrature weight outside P_det grid — numerator=0.000, denominator=0.063 (repeats for this event suppressed)
parallel computing took: 0.011251449584960938s
Progess: detections: 1508/1588...
Found 1 possible hosts without BH mass and 1 possible hosts with BH mass.
possible hosts found 1/1...
start parallel computation with: <multiprocessing.pool.Pool state=RUN pool_size=14>
parallel computing took: 0.0025718212127685547s
Progess: detections: 1509/1588...
No possible hosts. Returning None.
Detection 1511: no catalogue hosts in the localization volume — pure-completion fallback p_i = B_num/D (issue #29)
start parallel computation with: <multiprocessing.pool.Pool state=RUN pool_size=14>
parallel computing took: 7.152557373046875e-06s
Detection 1511: no catalog results found
Progess: detections: 1510/1588...
No possible hosts. Returning None.
Detection 1512: no catalogue hosts in the localization volume — pure-completion fallback p_i = B_num/D (issue #29)
start parallel computation with: <multiprocessing.pool.Pool state=RUN pool_size=14>
parallel computing took: 6.198883056640625e-06s
Detection 1512: no catalog results found
Progess: detections: 1511/1588...
Found 2 possible hosts without BH mass and 2 possible hosts with BH mass.
possible hosts found 2/2...
start parallel computation with: <multiprocessing.pool.Pool state=RUN pool_size=14>
Event 1513: >5% quadrature weight outside P_det grid — numerator=0.000, denominator=0.075 (repeats for this event suppressed)
Event 1513: >5% quadrature weight outside P_det grid — numerator=0.000, denominator=0.062 (repeats for this event suppressed)
parallel computing took: 0.0029811859130859375s
Progess: detections: 1512/1588...
Found 1567 possible hosts without BH mass and 1567 possible hosts with BH mass.
possible hosts found 1567/1567...
start parallel computation with: <multiprocessing.pool.Pool state=RUN pool_size=14>
parallel computing took: 0.1293792724609375s
Progess: detections: 1513/1588...
Found 214 possible hosts without BH mass and 214 possible hosts with BH mass.
possible hosts found 214/214...
start parallel computation with: <multiprocessing.pool.Pool state=RUN pool_size=14>
parallel computing took: 0.016422748565673828s
Progess: detections: 1514/1588...
No possible hosts. Returning None.
Detection 1516: no catalogue hosts in the localization volume — pure-completion fallback p_i = B_num/D (issue #29)
start parallel computation with: <multiprocessing.pool.Pool state=RUN pool_size=14>
parallel computing took: 7.867813110351562e-06s
Detection 1516: no catalog results found
Progess: detections: 1515/1588...
Found 44 possible hosts without BH mass and 44 possible hosts with BH mass.
possible hosts found 44/44...
start parallel computation with: <multiprocessing.pool.Pool state=RUN pool_size=14>
parallel computing took: 0.006183624267578125s
Progess: detections: 1516/1588...
No possible hosts. Returning None.
Detection 1518: no catalogue hosts in the localization volume — pure-completion fallback p_i = B_num/D (issue #29)
start parallel computation with: <multiprocessing.pool.Pool state=RUN pool_size=14>
parallel computing took: 7.62939453125e-06s
Detection 1518: no catalog results found
Progess: detections: 1517/1588...
Found 5 possible hosts without BH mass and 5 possible hosts with BH mass.
possible hosts found 5/5...
start parallel computation with: <multiprocessing.pool.Pool state=RUN pool_size=14>
parallel computing took: 0.003798961639404297s
Progess: detections: 1518/1588...
No possible hosts. Returning None.
Detection 1520: no catalogue hosts in the localization volume — pure-completion fallback p_i = B_num/D (issue #29)
start parallel computation with: <multiprocessing.pool.Pool state=RUN pool_size=14>
parallel computing took: 6.4373016357421875e-06s
Detection 1520: no catalog results found
Progess: detections: 1519/1588...
Found 374 possible hosts without BH mass and 374 possible hosts with BH mass.
possible hosts found 374/374...
start parallel computation with: <multiprocessing.pool.Pool state=RUN pool_size=14>
parallel computing took: 0.028658390045166016s
Progess: detections: 1520/1588...
Found 62 possible hosts without BH mass and 62 possible hosts with BH mass.
possible hosts found 62/62...
start parallel computation with: <multiprocessing.pool.Pool state=RUN pool_size=14>
parallel computing took: 0.007592439651489258s
Progess: detections: 1521/1588...
Found 12 possible hosts without BH mass and 12 possible hosts with BH mass.
possible hosts found 12/12...
start parallel computation with: <multiprocessing.pool.Pool state=RUN pool_size=14>
parallel computing took: 0.004736185073852539s
Progess: detections: 1522/1588...
Found 146 possible hosts without BH mass and 146 possible hosts with BH mass.
possible hosts found 146/146...
start parallel computation with: <multiprocessing.pool.Pool state=RUN pool_size=14>
parallel computing took: 0.012183904647827148s
Progess: detections: 1523/1588...
Found 6 possible hosts without BH mass and 6 possible hosts with BH mass.
possible hosts found 6/6...
start parallel computation with: <multiprocessing.pool.Pool state=RUN pool_size=14>
parallel computing took: 0.004322052001953125s
Progess: detections: 1524/1588...
Found 56 possible hosts without BH mass and 56 possible hosts with BH mass.
possible hosts found 56/56...
start parallel computation with: <multiprocessing.pool.Pool state=RUN pool_size=14>
parallel computing took: 0.007826089859008789s
Progess: detections: 1525/1588...
Found 1 possible hosts without BH mass and 1 possible hosts with BH mass.
possible hosts found 1/1...
start parallel computation with: <multiprocessing.pool.Pool state=RUN pool_size=14>
parallel computing took: 0.002713441848754883s
Progess: detections: 1526/1588...
Found 17 possible hosts without BH mass and 17 possible hosts with BH mass.
possible hosts found 17/17...
start parallel computation with: <multiprocessing.pool.Pool state=RUN pool_size=14>
parallel computing took: 0.0048215389251708984s
Progess: detections: 1527/1588...
No possible hosts. Returning None.
Detection 1529: no catalogue hosts in the localization volume — pure-completion fallback p_i = B_num/D (issue #29)
start parallel computation with: <multiprocessing.pool.Pool state=RUN pool_size=14>
parallel computing took: 6.67572021484375e-06s
Detection 1529: no catalog results found
Progess: detections: 1528/1588...
No possible hosts. Returning None.
Detection 1530: no catalogue hosts in the localization volume — pure-completion fallback p_i = B_num/D (issue #29)
start parallel computation with: <multiprocessing.pool.Pool state=RUN pool_size=14>
parallel computing took: 6.4373016357421875e-06s
Detection 1530: no catalog results found
Progess: detections: 1529/1588...
Found 246 possible hosts without BH mass and 246 possible hosts with BH mass.
possible hosts found 246/246...
start parallel computation with: <multiprocessing.pool.Pool state=RUN pool_size=14>
parallel computing took: 0.018227100372314453s
Progess: detections: 1530/1588...
Found 7 possible hosts without BH mass and 7 possible hosts with BH mass.
possible hosts found 7/7...
start parallel computation with: <multiprocessing.pool.Pool state=RUN pool_size=14>
parallel computing took: 0.004181385040283203s
Progess: detections: 1531/1588...
No possible hosts. Returning None.
Detection 1533: no catalogue hosts in the localization volume — pure-completion fallback p_i = B_num/D (issue #29)
start parallel computation with: <multiprocessing.pool.Pool state=RUN pool_size=14>
parallel computing took: 7.62939453125e-06s
Detection 1533: no catalog results found
Progess: detections: 1532/1588...
Found 1 possible hosts without BH mass and 1 possible hosts with BH mass.
possible hosts found 1/1...
start parallel computation with: <multiprocessing.pool.Pool state=RUN pool_size=14>
parallel computing took: 0.002630949020385742s
Progess: detections: 1533/1588...
No possible hosts. Returning None.
Detection 1535: no catalogue hosts in the localization volume — pure-completion fallback p_i = B_num/D (issue #29)
start parallel computation with: <multiprocessing.pool.Pool state=RUN pool_size=14>
parallel computing took: 6.4373016357421875e-06s
Detection 1535: no catalog results found
Progess: detections: 1534/1588...
Found 1 possible hosts without BH mass and 1 possible hosts with BH mass.
possible hosts found 1/1...
start parallel computation with: <multiprocessing.pool.Pool state=RUN pool_size=14>
Event 1536: >5% quadrature weight outside P_det grid — numerator=1.000, denominator=0.511 (repeats for this event suppressed)
parallel computing took: 0.0028638839721679688s
Progess: detections: 1535/1588...
No possible hosts. Returning None.
Detection 1537: no catalogue hosts in the localization volume — pure-completion fallback p_i = B_num/D (issue #29)
start parallel computation with: <multiprocessing.pool.Pool state=RUN pool_size=14>
parallel computing took: 6.198883056640625e-06s
Detection 1537: no catalog results found
Progess: detections: 1536/1588...
Found 1 possible hosts without BH mass and 1 possible hosts with BH mass.
possible hosts found 1/1...
start parallel computation with: <multiprocessing.pool.Pool state=RUN pool_size=14>
parallel computing took: 0.002608060836791992s
Progess: detections: 1537/1588...
No possible hosts. Returning None.
Detection 1539: no catalogue hosts in the localization volume — pure-completion fallback p_i = B_num/D (issue #29)
start parallel computation with: <multiprocessing.pool.Pool state=RUN pool_size=14>
parallel computing took: 6.4373016357421875e-06s
Detection 1539: no catalog results found
Progess: detections: 1538/1588...
Found 7 possible hosts without BH mass and 7 possible hosts with BH mass.
possible hosts found 7/7...
start parallel computation with: <multiprocessing.pool.Pool state=RUN pool_size=14>
parallel computing took: 0.003912448883056641s
Progess: detections: 1539/1588...
Found 1586 possible hosts without BH mass and 1528 possible hosts with BH mass.
possible hosts found 1586/1528...
start parallel computation with: <multiprocessing.pool.Pool state=RUN pool_size=14>
Event 1541: >5% quadrature weight outside P_det grid — numerator=0.000, denominator=0.059 (repeats for this event suppressed)
Event 1541: >5% quadrature weight outside P_det grid — numerator=0.000, denominator=0.059 (repeats for this event suppressed)
Event 1541: >5% quadrature weight outside P_det grid — numerator=0.000, denominator=0.051 (repeats for this event suppressed)
Event 1541: >5% quadrature weight outside P_det grid — numerator=0.000, denominator=0.071 (repeats for this event suppressed)
Event 1541: >5% quadrature weight outside P_det grid — numerator=0.000, denominator=0.058 (repeats for this event suppressed)
Event 1541: >5% quadrature weight outside P_det grid — numerator=0.000, denominator=0.062 (repeats for this event suppressed)
Event 1541: >5% quadrature weight outside P_det grid — numerator=0.000, denominator=0.059 (repeats for this event suppressed)
Event 1541: >5% quadrature weight outside P_det grid — numerator=0.000, denominator=0.055 (repeats for this event suppressed)
Event 1541: >5% quadrature weight outside P_det grid — numerator=0.000, denominator=0.052 (repeats for this event suppressed)
Event 1541: >5% quadrature weight outside P_det grid — numerator=0.000, denominator=0.052 (repeats for this event suppressed)
Event 1541: >5% quadrature weight outside P_det grid — numerator=0.000, denominator=0.069 (repeats for this event suppressed)
Event 1541: >5% quadrature weight outside P_det grid — numerator=0.000, denominator=0.059 (repeats for this event suppressed)
Event 1541: >5% quadrature weight outside P_det grid — numerator=0.000, denominator=0.059 (repeats for this event suppressed)
Event 1541: >5% quadrature weight outside P_det grid — numerator=0.000, denominator=0.060 (repeats for this event suppressed)
parallel computing took: 0.12141537666320801s
Progess: detections: 1540/1588...
Found 1 possible hosts without BH mass and 1 possible hosts with BH mass.
possible hosts found 1/1...
start parallel computation with: <multiprocessing.pool.Pool state=RUN pool_size=14>
parallel computing took: 0.0024728775024414062s
Progess: detections: 1541/1588...
Found 486 possible hosts without BH mass and 486 possible hosts with BH mass.
possible hosts found 486/486...
start parallel computation with: <multiprocessing.pool.Pool state=RUN pool_size=14>
parallel computing took: 0.0343477725982666s
Progess: detections: 1542/1588...
Found 161 possible hosts without BH mass and 161 possible hosts with BH mass.
possible hosts found 161/161...
start parallel computation with: <multiprocessing.pool.Pool state=RUN pool_size=14>
parallel computing took: 0.013993501663208008s
Progess: detections: 1543/1588...
Found 183 possible hosts without BH mass and 183 possible hosts with BH mass.
possible hosts found 183/183...
start parallel computation with: <multiprocessing.pool.Pool state=RUN pool_size=14>
Event 1545: >5% quadrature weight outside P_det grid — numerator=0.000, denominator=0.051 (repeats for this event suppressed)
Event 1545: >5% quadrature weight outside P_det grid — numerator=0.000, denominator=0.057 (repeats for this event suppressed)
Event 1545: >5% quadrature weight outside P_det grid — numerator=0.000, denominator=0.060 (repeats for this event suppressed)
Event 1545: >5% quadrature weight outside P_det grid — numerator=0.000, denominator=0.055 (repeats for this event suppressed)
Event 1545: >5% quadrature weight outside P_det grid — numerator=0.000, denominator=0.068 (repeats for this event suppressed)
Event 1545: >5% quadrature weight outside P_det grid — numerator=0.000, denominator=0.055 (repeats for this event suppressed)
Event 1545: >5% quadrature weight outside P_det grid — numerator=0.000, denominator=0.053 (repeats for this event suppressed)
Event 1545: >5% quadrature weight outside P_det grid — numerator=0.000, denominator=0.051 (repeats for this event suppressed)
Event 1545: >5% quadrature weight outside P_det grid — numerator=0.000, denominator=0.069 (repeats for this event suppressed)
Event 1545: >5% quadrature weight outside P_det grid — numerator=0.000, denominator=0.075 (repeats for this event suppressed)
Event 1545: >5% quadrature weight outside P_det grid — numerator=0.000, denominator=0.073 (repeats for this event suppressed)
Event 1545: >5% quadrature weight outside P_det grid — numerator=0.000, denominator=0.055 (repeats for this event suppressed)
Event 1545: >5% quadrature weight outside P_det grid — numerator=0.000, denominator=0.053 (repeats for this event suppressed)
Event 1545: >5% quadrature weight outside P_det grid — numerator=0.000, denominator=0.061 (repeats for this event suppressed)
parallel computing took: 0.014716863632202148s
Progess: detections: 1544/1588...
No possible hosts. Returning None.
Detection 1546: no catalogue hosts in the localization volume — pure-completion fallback p_i = B_num/D (issue #29)
start parallel computation with: <multiprocessing.pool.Pool state=RUN pool_size=14>
parallel computing took: 6.9141387939453125e-06s
Detection 1546: no catalog results found
Progess: detections: 1545/1588...
No possible hosts. Returning None.
Detection 1547: no catalogue hosts in the localization volume — pure-completion fallback p_i = B_num/D (issue #29)
start parallel computation with: <multiprocessing.pool.Pool state=RUN pool_size=14>
parallel computing took: 6.4373016357421875e-06s
Detection 1547: no catalog results found
Progess: detections: 1546/1588...
Found 90 possible hosts without BH mass and 90 possible hosts with BH mass.
possible hosts found 90/90...
start parallel computation with: <multiprocessing.pool.Pool state=RUN pool_size=14>
parallel computing took: 0.009065389633178711s
Progess: detections: 1547/1588...
Found 479 possible hosts without BH mass and 479 possible hosts with BH mass.
possible hosts found 479/479...
start parallel computation with: <multiprocessing.pool.Pool state=RUN pool_size=14>
parallel computing took: 0.03490614891052246s
Progess: detections: 1548/1588...
No possible hosts. Returning None.
Detection 1550: no catalogue hosts in the localization volume — pure-completion fallback p_i = B_num/D (issue #29)
start parallel computation with: <multiprocessing.pool.Pool state=RUN pool_size=14>
parallel computing took: 7.62939453125e-06s
Detection 1550: no catalog results found
Progess: detections: 1549/1588...
No possible hosts. Returning None.
Detection 1551: no catalogue hosts in the localization volume — pure-completion fallback p_i = B_num/D (issue #29)
start parallel computation with: <multiprocessing.pool.Pool state=RUN pool_size=14>
parallel computing took: 6.4373016357421875e-06s
Detection 1551: no catalog results found
Progess: detections: 1550/1588...
Found 29 possible hosts without BH mass and 29 possible hosts with BH mass.
possible hosts found 29/29...
start parallel computation with: <multiprocessing.pool.Pool state=RUN pool_size=14>
parallel computing took: 0.006823539733886719s
Progess: detections: 1551/1588...
Found 4890 possible hosts without BH mass and 4890 possible hosts with BH mass.
possible hosts found 4890/4890...
start parallel computation with: <multiprocessing.pool.Pool state=RUN pool_size=14>
parallel computing took: 0.42769312858581543s
Progess: detections: 1552/1588...
Found 5 possible hosts without BH mass and 5 possible hosts with BH mass.
possible hosts found 5/5...
start parallel computation with: <multiprocessing.pool.Pool state=RUN pool_size=14>
parallel computing took: 0.004200935363769531s
Progess: detections: 1553/1588...
Found 147 possible hosts without BH mass and 147 possible hosts with BH mass.
possible hosts found 147/147...
start parallel computation with: <multiprocessing.pool.Pool state=RUN pool_size=14>
parallel computing took: 0.012464523315429688s
Progess: detections: 1554/1588...
No possible hosts. Returning None.
Detection 1556: no catalogue hosts in the localization volume — pure-completion fallback p_i = B_num/D (issue #29)
start parallel computation with: <multiprocessing.pool.Pool state=RUN pool_size=14>
parallel computing took: 7.867813110351562e-06s
Detection 1556: no catalog results found
Progess: detections: 1555/1588...
No possible hosts. Returning None.
Detection 1557: no catalogue hosts in the localization volume — pure-completion fallback p_i = B_num/D (issue #29)
start parallel computation with: <multiprocessing.pool.Pool state=RUN pool_size=14>
parallel computing took: 6.9141387939453125e-06s
Detection 1557: no catalog results found
Progess: detections: 1556/1588...
Found 1 possible hosts without BH mass and 1 possible hosts with BH mass.
possible hosts found 1/1...
start parallel computation with: <multiprocessing.pool.Pool state=RUN pool_size=14>
parallel computing took: 0.0026063919067382812s
Progess: detections: 1557/1588...
No possible hosts. Returning None.
Detection 1559: no catalogue hosts in the localization volume — pure-completion fallback p_i = B_num/D (issue #29)
start parallel computation with: <multiprocessing.pool.Pool state=RUN pool_size=14>
parallel computing took: 6.67572021484375e-06s
Detection 1559: no catalog results found
Progess: detections: 1558/1588...
Found 278 possible hosts without BH mass and 278 possible hosts with BH mass.
possible hosts found 278/278...
start parallel computation with: <multiprocessing.pool.Pool state=RUN pool_size=14>
parallel computing took: 0.022037744522094727s
Progess: detections: 1559/1588...
No possible hosts. Returning None.
Detection 1561: no catalogue hosts in the localization volume — pure-completion fallback p_i = B_num/D (issue #29)
start parallel computation with: <multiprocessing.pool.Pool state=RUN pool_size=14>
parallel computing took: 7.62939453125e-06s
Detection 1561: no catalog results found
Progess: detections: 1560/1588...
No possible hosts. Returning None.
Detection 1562: no catalogue hosts in the localization volume — pure-completion fallback p_i = B_num/D (issue #29)
start parallel computation with: <multiprocessing.pool.Pool state=RUN pool_size=14>
parallel computing took: 7.152557373046875e-06s
Detection 1562: no catalog results found
Progess: detections: 1561/1588...
No possible hosts. Returning None.
Detection 1563: no catalogue hosts in the localization volume — pure-completion fallback p_i = B_num/D (issue #29)
start parallel computation with: <multiprocessing.pool.Pool state=RUN pool_size=14>
parallel computing took: 6.9141387939453125e-06s
Detection 1563: no catalog results found
Progess: detections: 1562/1588...
Found 208 possible hosts without BH mass and 208 possible hosts with BH mass.
possible hosts found 208/208...
start parallel computation with: <multiprocessing.pool.Pool state=RUN pool_size=14>
parallel computing took: 0.01644301414489746s
Progess: detections: 1563/1588...
Found 136 possible hosts without BH mass and 136 possible hosts with BH mass.
possible hosts found 136/136...
start parallel computation with: <multiprocessing.pool.Pool state=RUN pool_size=14>
parallel computing took: 0.011490345001220703s
Progess: detections: 1564/1588...
No possible hosts. Returning None.
Detection 1566: no catalogue hosts in the localization volume — pure-completion fallback p_i = B_num/D (issue #29)
start parallel computation with: <multiprocessing.pool.Pool state=RUN pool_size=14>
parallel computing took: 7.3909759521484375e-06s
Detection 1566: no catalog results found
Progess: detections: 1565/1588...
No possible hosts. Returning None.
Detection 1567: no catalogue hosts in the localization volume — pure-completion fallback p_i = B_num/D (issue #29)
start parallel computation with: <multiprocessing.pool.Pool state=RUN pool_size=14>
parallel computing took: 6.198883056640625e-06s
Detection 1567: no catalog results found
Progess: detections: 1566/1588...
Found 22 possible hosts without BH mass and 22 possible hosts with BH mass.
possible hosts found 22/22...
start parallel computation with: <multiprocessing.pool.Pool state=RUN pool_size=14>
parallel computing took: 0.005492210388183594s
Progess: detections: 1567/1588...
No possible hosts. Returning None.
Detection 1569: no catalogue hosts in the localization volume — pure-completion fallback p_i = B_num/D (issue #29)
start parallel computation with: <multiprocessing.pool.Pool state=RUN pool_size=14>
parallel computing took: 6.9141387939453125e-06s
Detection 1569: no catalog results found
Progess: detections: 1568/1588...
Found 14 possible hosts without BH mass and 14 possible hosts with BH mass.
possible hosts found 14/14...
start parallel computation with: <multiprocessing.pool.Pool state=RUN pool_size=14>
parallel computing took: 0.004755258560180664s
Progess: detections: 1569/1588...
Found 5 possible hosts without BH mass and 5 possible hosts with BH mass.
possible hosts found 5/5...
start parallel computation with: <multiprocessing.pool.Pool state=RUN pool_size=14>
parallel computing took: 0.0035049915313720703s
Progess: detections: 1570/1588...
Found 28 possible hosts without BH mass and 28 possible hosts with BH mass.
possible hosts found 28/28...
start parallel computation with: <multiprocessing.pool.Pool state=RUN pool_size=14>
parallel computing took: 0.005557537078857422s
Progess: detections: 1571/1588...
No possible hosts. Returning None.
Detection 1573: no catalogue hosts in the localization volume — pure-completion fallback p_i = B_num/D (issue #29)
start parallel computation with: <multiprocessing.pool.Pool state=RUN pool_size=14>
parallel computing took: 6.67572021484375e-06s
Detection 1573: no catalog results found
Progess: detections: 1572/1588...
Found 1 possible hosts without BH mass and 1 possible hosts with BH mass.
possible hosts found 1/1...
start parallel computation with: <multiprocessing.pool.Pool state=RUN pool_size=14>
Event 1574: >5% quadrature weight outside P_det grid — numerator=0.000, denominator=0.076 (repeats for this event suppressed)
parallel computing took: 0.0025801658630371094s
Progess: detections: 1573/1588...
Found 2526 possible hosts without BH mass and 2526 possible hosts with BH mass.
possible hosts found 2526/2526...
start parallel computation with: <multiprocessing.pool.Pool state=RUN pool_size=14>
parallel computing took: 0.2146315574645996s
Progess: detections: 1574/1588...
No possible hosts. Returning None.
Detection 1576: no catalogue hosts in the localization volume — pure-completion fallback p_i = B_num/D (issue #29)
start parallel computation with: <multiprocessing.pool.Pool state=RUN pool_size=14>
parallel computing took: 8.821487426757812e-06s
Detection 1576: no catalog results found
Progess: detections: 1575/1588...
Found 432 possible hosts without BH mass and 432 possible hosts with BH mass.
possible hosts found 432/432...
start parallel computation with: <multiprocessing.pool.Pool state=RUN pool_size=14>
Event 1577: >5% quadrature weight outside P_det grid — numerator=0.000, denominator=0.050 (repeats for this event suppressed)
Event 1577: >5% quadrature weight outside P_det grid — numerator=0.000, denominator=0.052 (repeats for this event suppressed)
Event 1577: >5% quadrature weight outside P_det grid — numerator=0.000, denominator=0.053 (repeats for this event suppressed)
Event 1577: >5% quadrature weight outside P_det grid — numerator=0.000, denominator=0.050 (repeats for this event suppressed)
Event 1577: >5% quadrature weight outside P_det grid — numerator=0.000, denominator=0.051 (repeats for this event suppressed)
Event 1577: >5% quadrature weight outside P_det grid — numerator=0.000, denominator=0.051 (repeats for this event suppressed)
Event 1577: >5% quadrature weight outside P_det grid — numerator=0.000, denominator=0.051 (repeats for this event suppressed)
Event 1577: >5% quadrature weight outside P_det grid — numerator=0.000, denominator=0.051 (repeats for this event suppressed)
Event 1577: >5% quadrature weight outside P_det grid — numerator=0.000, denominator=0.053 (repeats for this event suppressed)
Event 1577: >5% quadrature weight outside P_det grid — numerator=0.000, denominator=0.051 (repeats for this event suppressed)
Event 1577: >5% quadrature weight outside P_det grid — numerator=0.000, denominator=0.052 (repeats for this event suppressed)
Event 1577: >5% quadrature weight outside P_det grid — numerator=0.000, denominator=0.052 (repeats for this event suppressed)
parallel computing took: 0.0533905029296875s
Progess: detections: 1576/1588...
No possible hosts. Returning None.
Detection 1578: no catalogue hosts in the localization volume — pure-completion fallback p_i = B_num/D (issue #29)
start parallel computation with: <multiprocessing.pool.Pool state=RUN pool_size=14>
parallel computing took: 8.344650268554688e-06s
Detection 1578: no catalog results found
Progess: detections: 1577/1588...
Found 17229 possible hosts without BH mass and 17229 possible hosts with BH mass.
possible hosts found 17229/17229...
start parallel computation with: <multiprocessing.pool.Pool state=RUN pool_size=14>
parallel computing took: 1.62103271484375s
Progess: detections: 1578/1588...
No possible hosts. Returning None.
Detection 1580: no catalogue hosts in the localization volume — pure-completion fallback p_i = B_num/D (issue #29)
start parallel computation with: <multiprocessing.pool.Pool state=RUN pool_size=14>
parallel computing took: 8.821487426757812e-06s
Detection 1580: no catalog results found
Progess: detections: 1579/1588...
No possible hosts. Returning None.
Detection 1581: no catalogue hosts in the localization volume — pure-completion fallback p_i = B_num/D (issue #29)
start parallel computation with: <multiprocessing.pool.Pool state=RUN pool_size=14>
parallel computing took: 7.62939453125e-06s
Detection 1581: no catalog results found
Progess: detections: 1580/1588...
No possible hosts. Returning None.
Detection 1582: no catalogue hosts in the localization volume — pure-completion fallback p_i = B_num/D (issue #29)
start parallel computation with: <multiprocessing.pool.Pool state=RUN pool_size=14>
parallel computing took: 6.67572021484375e-06s
Detection 1582: no catalog results found
Progess: detections: 1581/1588...
Found 1 possible hosts without BH mass and 1 possible hosts with BH mass.
possible hosts found 1/1...
start parallel computation with: <multiprocessing.pool.Pool state=RUN pool_size=14>
parallel computing took: 0.0028693675994873047s
Progess: detections: 1582/1588...
No possible hosts. Returning None.
Detection 1584: no catalogue hosts in the localization volume — pure-completion fallback p_i = B_num/D (issue #29)
start parallel computation with: <multiprocessing.pool.Pool state=RUN pool_size=14>
parallel computing took: 6.198883056640625e-06s
Detection 1584: no catalog results found
Progess: detections: 1583/1588...
No possible hosts. Returning None.
Detection 1585: no catalogue hosts in the localization volume — pure-completion fallback p_i = B_num/D (issue #29)
start parallel computation with: <multiprocessing.pool.Pool state=RUN pool_size=14>
parallel computing took: 6.4373016357421875e-06s
Detection 1585: no catalog results found
Progess: detections: 1584/1588...
Found 64 possible hosts without BH mass and 64 possible hosts with BH mass.
possible hosts found 64/64...
start parallel computation with: <multiprocessing.pool.Pool state=RUN pool_size=14>
parallel computing took: 0.0075795650482177734s
Progess: detections: 1585/1588...
No possible hosts. Returning None.
Detection 1587: no catalogue hosts in the localization volume — pure-completion fallback p_i = B_num/D (issue #29)
start parallel computation with: <multiprocessing.pool.Pool state=RUN pool_size=14>
parallel computing took: 7.62939453125e-06s
Detection 1587: no catalog results found
Progess: detections: 1586/1588...
No possible hosts. Returning None.
Detection 1588: no catalogue hosts in the localization volume — pure-completion fallback p_i = B_num/D (issue #29)
start parallel computation with: <multiprocessing.pool.Pool state=RUN pool_size=14>
parallel computing took: 6.67572021484375e-06s
Detection 1588: no catalog results found
Progess: detections: 1587/1588...
No possible hosts. Returning None.
Detection 1589: no catalogue hosts in the localization volume — pure-completion fallback p_i = B_num/D (issue #29)
start parallel computation with: <multiprocessing.pool.Pool state=RUN pool_size=14>
parallel computing took: 5.9604644775390625e-06s
Detection 1589: no catalog results found
Detection 1588/1588: last=0.00s, avg=0.11s, est_remaining=0s
Host-lookup yield at h=0.6700: 982/1588 events with catalogue hosts, 606 pure-completion (zero-host) fallbacks
Per-class Sigma ln p_i (h=0.6700): IN-CAT (N=76) 1D=-443.5936 2D=-576.5452
Per-class Sigma ln p_i (h=0.6700): DARK (N=1512) 1D=-5183.524 2D=-6824.64
P6 host-recovery (h=0.6700): 1D 66/76 hosts recovered/in-cat events seen (86.84211%), 2D 66/76 hosts recovered/in-cat events seen (86.84211%)
posteriors comupted for h = 0.67
Wrote 1588 diagnostic rows to simulations/diagnostics/event_likelihoods.csv
Fisher quality CSV written to simulations/fisher_quality.csv (1588 rows)
/pfs/work9/workspace/scratch/st_ac147838-emri/run_20260829_wave2_c4_iiib/cwd/darksiren_emri/plotting/fisher_plots.py:834: UserWarning: The figure layout has changed to tight
  fig.tight_layout()
maxp pruned
cmap pruned
kern dropped
post pruned
FFTM dropped
GPOS pruned
GSUB pruned
glyf pruned
Added gid0 to subset
Added first four glyphs to subset
Closing glyph list over 'GSUB': 7 glyphs before
Glyph names: ['.notdef', '.null', 'L', 'M', 'd', 'nonmarkingreturn', 'space']
Glyph IDs:   [0, 1, 2, 3, 47, 48, 71]
Closed glyph list over 'GSUB': 7 glyphs after
Glyph names: ['.notdef', '.null', 'L', 'M', 'd', 'nonmarkingreturn', 'space']
Glyph IDs:   [0, 1, 2, 3, 47, 48, 71]
Closing glyph list over 'glyf': 7 glyphs before
Glyph names: ['.notdef', '.null', 'L', 'M', 'd', 'nonmarkingreturn', 'space']
Glyph IDs:   [0, 1, 2, 3, 47, 48, 71]
Closed glyph list over 'glyf': 7 glyphs after
Glyph names: ['.notdef', '.null', 'L', 'M', 'd', 'nonmarkingreturn', 'space']
Glyph IDs:   [0, 1, 2, 3, 47, 48, 71]
Retaining 7 glyphs
head subsetting not needed
hhea subsetting not needed
maxp subsetting not needed
OS/2 subsetting not needed
hmtx subsetted
cmap subsetted
fpgm subsetting not needed
prep subsetting not needed
cvt  subsetting not needed
loca subsetting not needed
post subsetted
gasp subsetting not needed
GDEF subsetted
GPOS subsetted
GSUB subsetted
name subsetting not needed
glyf subsetted
head pruned
OS/2 Unicode ranges pruned: [0]
OS/2 CodePage ranges pruned: [0]
glyf pruned
GDEF pruned
GPOS pruned
GSUB pruned
name pruned
maxp pruned
cmap pruned
kern dropped
post pruned
FFTM dropped
GPOS pruned
GSUB pruned
glyf pruned
Added gid0 to subset
Added first four glyphs to subset
Closing glyph list over 'MATH': 44 glyphs before
Glyph names: ['.notdef', '.null', 'A', 'E', 'G', 'N', 'P', 'a', 'bracketleft', 'bracketright', 'c', 'colon', 'comma', 'd', 'e', 'eight', 'f', 'five', 'four', 'g', 'h', 'i', 'l', 'm', 'n', 'nonmarkingreturn', 'o', 'one', 'p', 'parenleft', 'parenright', 'period', 'plus', 'r', 's', 'six', 'space', 't', 'three', 'two', 'u', 'uni2299', 'v', 'zero']
Glyph IDs:   [0, 1, 2, 3, 11, 12, 14, 15, 17, 19, 20, 21, 22, 23, 24, 25, 27, 29, 36, 40, 42, 49, 51, 62, 64, 68, 70, 71, 72, 73, 74, 75, 76, 79, 80, 81, 82, 83, 85, 86, 87, 88, 89, 3363]
Closed glyph list over 'MATH': 56 glyphs after
Glyph names: ['.notdef', '.null', 'A', 'E', 'G', 'N', 'P', 'a', 'bracketleft', 'bracketright', 'c', 'colon', 'comma', 'd', 'e', 'eight', 'f', 'five', 'four', 'g', 'h', 'i', 'l', 'm', 'n', 'nonmarkingreturn', 'o', 'one', 'p', 'parenleft', 'parenright', 'period', 'plus', 'r', 's', 'six', 'space', 't', 'three', 'two', 'u', 'uni2299', 'uni239B', 'uni239C', 'uni239D', 'uni239E', 'uni239F', 'uni23A0', 'uni23A1', 'uni23A2', 'uni23A3', 'uni23A4', 'uni23A5', 'uni23A6', 'v', 'zero']
Glyph IDs:   [0, 1, 2, 3, 11, 12, 14, 15, 17, 19, 20, 21, 22, 23, 24, 25, 27, 29, 36, 40, 42, 49, 51, 62, 64, 68, 70, 71, 72, 73, 74, 75, 76, 79, 80, 81, 82, 83, 85, 86, 87, 88, 89, 3363, 3506, 3507, 3508, 3509, 3510, 3511, 3512, 3513, 3514, 3515, 3516, 3517]
Closing glyph list over 'GSUB': 56 glyphs before
Glyph names: ['.notdef', '.null', 'A', 'E', 'G', 'N', 'P', 'a', 'bracketleft', 'bracketright', 'c', 'colon', 'comma', 'd', 'e', 'eight', 'f', 'five', 'four', 'g', 'h', 'i', 'l', 'm', 'n', 'nonmarkingreturn', 'o', 'one', 'p', 'parenleft', 'parenright', 'period', 'plus', 'r', 's', 'six', 'space', 't', 'three', 'two', 'u', 'uni2299', 'uni239B', 'uni239C', 'uni239D', 'uni239E', 'uni239F', 'uni23A0', 'uni23A1', 'uni23A2', 'uni23A3', 'uni23A4', 'uni23A5', 'uni23A6', 'v', 'zero']
Glyph IDs:   [0, 1, 2, 3, 11, 12, 14, 15, 17, 19, 20, 21, 22, 23, 24, 25, 27, 29, 36, 40, 42, 49, 51, 62, 64, 68, 70, 71, 72, 73, 74, 75, 76, 79, 80, 81, 82, 83, 85, 86, 87, 88, 89, 3363, 3506, 3507, 3508, 3509, 3510, 3511, 3512, 3513, 3514, 3515, 3516, 3517]
Closed glyph list over 'GSUB': 61 glyphs after
Glyph names: ['.notdef', '.null', 'A', 'E', 'G', 'N', 'P', 'a', 'bracketleft', 'bracketright', 'c', 'colon', 'comma', 'd', 'e', 'eight', 'f', 'fi', 'five', 'fl', 'four', 'g', 'h', 'i', 'l', 'm', 'n', 'nonmarkingreturn', 'o', 'one', 'p', 'parenleft', 'parenright', 'period', 'plus', 'r', 's', 'six', 'space', 't', 'three', 'two', 'u', 'uni2299', 'uni239B', 'uni239C', 'uni239D', 'uni239E', 'uni239F', 'uni23A0', 'uni23A1', 'uni23A2', 'uni23A3', 'uni23A4', 'uni23A5', 'uni23A6', 'uniFB00', 'uniFB03', 'uniFB04', 'v', 'zero']
Glyph IDs:   [0, 1, 2, 3, 11, 12, 14, 15, 17, 19, 20, 21, 22, 23, 24, 25, 27, 29, 36, 40, 42, 49, 51, 62, 64, 68, 70, 71, 72, 73, 74, 75, 76, 79, 80, 81, 82, 83, 85, 86, 87, 88, 89, 3363, 3506, 3507, 3508, 3509, 3510, 3511, 3512, 3513, 3514, 3515, 3516, 3517, 5038, 5039, 5040, 5041, 5042]
Closing glyph list over 'glyf': 61 glyphs before
Glyph names: ['.notdef', '.null', 'A', 'E', 'G', 'N', 'P', 'a', 'bracketleft', 'bracketright', 'c', 'colon', 'comma', 'd', 'e', 'eight', 'f', 'fi', 'five', 'fl', 'four', 'g', 'h', 'i', 'l', 'm', 'n', 'nonmarkingreturn', 'o', 'one', 'p', 'parenleft', 'parenright', 'period', 'plus', 'r', 's', 'six', 'space', 't', 'three', 'two', 'u', 'uni2299', 'uni239B', 'uni239C', 'uni239D', 'uni239E', 'uni239F', 'uni23A0', 'uni23A1', 'uni23A2', 'uni23A3', 'uni23A4', 'uni23A5', 'uni23A6', 'uniFB00', 'uniFB03', 'uniFB04', 'v', 'zero']
Glyph IDs:   [0, 1, 2, 3, 11, 12, 14, 15, 17, 19, 20, 21, 22, 23, 24, 25, 27, 29, 36, 40, 42, 49, 51, 62, 64, 68, 70, 71, 72, 73, 74, 75, 76, 79, 80, 81, 82, 83, 85, 86, 87, 88, 89, 3363, 3506, 3507, 3508, 3509, 3510, 3511, 3512, 3513, 3514, 3515, 3516, 3517, 5038, 5039, 5040, 5041, 5042]
Closed glyph list over 'glyf': 61 glyphs after
Glyph names: ['.notdef', '.null', 'A', 'E', 'G', 'N', 'P', 'a', 'bracketleft', 'bracketright', 'c', 'colon', 'comma', 'd', 'e', 'eight', 'f', 'fi', 'five', 'fl', 'four', 'g', 'h', 'i', 'l', 'm', 'n', 'nonmarkingreturn', 'o', 'one', 'p', 'parenleft', 'parenright', 'period', 'plus', 'r', 's', 'six', 'space', 't', 'three', 'two', 'u', 'uni2299', 'uni239B', 'uni239C', 'uni239D', 'uni239E', 'uni239F', 'uni23A0', 'uni23A1', 'uni23A2', 'uni23A3', 'uni23A4', 'uni23A5', 'uni23A6', 'uniFB00', 'uniFB03', 'uniFB04', 'v', 'zero']
Glyph IDs:   [0, 1, 2, 3, 11, 12, 14, 15, 17, 19, 20, 21, 22, 23, 24, 25, 27, 29, 36, 40, 42, 49, 51, 62, 64, 68, 70, 71, 72, 73, 74, 75, 76, 79, 80, 81, 82, 83, 85, 86, 87, 88, 89, 3363, 3506, 3507, 3508, 3509, 3510, 3511, 3512, 3513, 3514, 3515, 3516, 3517, 5038, 5039, 5040, 5041, 5042]
Retaining 61 glyphs
head subsetting not needed
hhea subsetting not needed
maxp subsetting not needed
OS/2 subsetting not needed
hmtx subsetted
cmap subsetted
fpgm subsetting not needed
prep subsetting not needed
cvt  subsetting not needed
loca subsetting not needed
post subsetted
gasp subsetting not needed
MATH subsetted
GDEF subsetted
GPOS subsetted
GSUB subsetted
name subsetting not needed
glyf subsetted
head pruned
OS/2 Unicode ranges pruned: [0, 38]
OS/2 CodePage ranges pruned: [0]
glyf pruned
GDEF pruned
GPOS pruned
GSUB pruned
name pruned
