{
  "h_values": [
    0.6,
    0.61,
    0.62,
    0.63,
    0.64,
    0.65,
    0.66,
    0.67,
    0.68,
    0.685,
    0.69,
    0.695,
    0.7,
    0.705,
    0.71,
    0.715,
    0.72,
    0.725,
    0.73,
    0.735,
    0.74,
    0.745,
    0.75,
    0.755,
    0.76,
    0.765,
    0.77,
    0.775,
    0.78,
    0.785,
    0.79,
    0.8,
    0.81,
    0.82,
    0.83,
    0.84,
    0.85,
    0.86
  ],
  "posterior": [
    1.4058030611864502e-39,
    1.6336446239136032e-39,
    4.973877772211561e-37,
    3.1382129549566865e-35,
    1.8908834968944418e-33,
    8.692015539447523e-30,
    6.599200368119431e-27,
    3.593887594305906e-25,
    7.995525149877442e-20,
    2.232820705193007e-18,
    1.1016415616369495e-15,
    1.0760192613493761e-13,
    5.005247650241905e-13,
    9.94388158057828e-12,
    1.1252098748003883e-09,
    1.2777833183779974e-07,
    2.9544849901750506e-05,
    0.0012331548913870516,
    0.003135895978350111,
    0.009552176867291949,
    0.03444648384716382,
    0.20464865219373315,
    0.19388590501255568,
    0.24747391126024387,
    0.09017642243099604,
    0.19876966782241,
    0.010827396130927931,
    0.005532135721593548,
    0.00027390163310475076,
    1.4483561309961798e-05,
    1.331215908077761e-07,
    2.584954743926204e-09,
    7.524461574506331e-10,
    1.916963551290345e-09,
    1.835943466155859e-10,
    1.6631714491320241e-10,
    1.412120086734817e-10,
    1.7856593771675638e-11
  ],
  "strategy": "physics-floor",
  "n_events_total": 412,
  "n_events_used": 412,
  "n_events_excluded": 0,
  "n_events_empty": 5,
  "map_h": 0.755,
  "map_posterior": 0.24747391126024387,
  "variant": "posteriors",
  "D_h_per_h": [
    4614399.557928639,
    4616412.812035505,
    4557479.769013957,
    4507904.768671158,
    4478024.755794029,
    4413424.730375915,
    4400925.483580507,
    4376100.726638472,
    4298610.303314956,
    4299560.7438843595,
    4249767.21044016,
    4227753.953091248,
    4237084.642190079,
    4247415.853516307,
    4227962.526478252,
    4204063.763051482,
    4166875.6415007925,
    4140373.672120324,
    4138737.222056589,
    4124035.5379892476,
    4119632.694145223,
    4099235.885213229,
    4078167.662133093,
    4069119.3156775115,
    4036786.532408959,
    4000439.858721631,
    3968263.9890595954,
    3928996.859464718,
    3921579.86133436,
    3891639.4866813254,
    3883220.284219881,
    3842309.7900884454,
    3821647.26680255,
    3791103.8676348864,
    3777151.9092460168,
    3746718.8972303364,
    3696685.8108664425,
    3655051.0652625626
  ]
}