event_idx,h,w_G,w_G_legacy,w_tilde_G,alpha_G_phi,r_Malm,D_tilde_phi,L_cat_no_bh,L_cat_with_bh,B_num,B_num_wbh,g_frac,L_comp,combined_no_bh,combined_with_bh,den_log_term,num_log_term_no_bh,num_log_term_with_bh
0,0.725,0.06259443942520057,0.1227371,0.06259444,5.965099e+07,0.3826937,9.529759e+08,0.0011116983046488402,1.9309215439099202e-05,43135554.36099119,11527309.55696146,0.2672345,0.032081457981356594,0.045445890668143314,0.012097327931093504,20.675100120520536,17.583867243731984,16.260329437613052
1,0.725,0.06259443942520057,0.1227371,0.06259444,5.965099e+07,0.3826937,9.529759e+08,2.9428773610260622e-08,1.2448661091848446e-09,57776399.60175123,13841325.167504348,0.2395671,0.04297037939111022,0.06062735396109448,0.014524318993268318,20.675100120520536,17.872091018266488,16.443169258032192
2,0.725,0.06259443942520057,0.1227371,0.06259444,5.965099e+07,0.3826937,9.529759e+08,0.0030397568588681908,3.3290961013746725e-05,52009086.25926453,17530420.932143204,0.3370646,0.03868102172773387,0.055072641467031336,0.018397535222416973,20.675100120520536,17.775997909288613,16.6795615418771
3,0.725,0.06259443942520057,0.1227371,0.06259444,5.965099e+07,0.3826937,9.529759e+08,0.0011316784745198695,7.422005319484529e-06,38509200.22955995,15104040.04271794,0.392219,0.028640672581166916,0.040594519257412386,0.015849806444599938,20.675100120520536,17.47097790537383,16.53050213008996
5,0.725,0.06259443942520057,0.1227371,0.06259444,5.965099e+07,0.3826937,9.529759e+08,0.0,0.0,36092400.11318393,10631611.775411291,0.2945665,0.026843211703905724,0.037873362797291664,0.011156223709905816,20.675100120520536,17.401592877959494,16.17934236398048
6,0.725,0.06259443942520057,0.1227371,0.06259444,5.965099e+07,0.3826937,9.529759e+08,1.3445424070864888e-06,6.258295159872452e-08,22635138.34358807,8520202.895464284,0.3764149,0.01683456374745726,0.023752278626539673,0.00894063225889364,20.675100120520536,16.935023309586985,15.957951150694429
7,0.725,0.06259443942520057,0.1227371,0.06259444,5.965099e+07,0.3826937,9.529759e+08,0.0007373812882515904,8.305730222946772e-06,53891697.78727272,17344282.367304545,0.3218359,0.040081187403722754,0.05667156665691692,0.01820064780022068,20.675100120520536,17.804617456598383,16.668802028406436
8,0.725,0.06259443942520057,0.1227371,0.06259444,5.965099e+07,0.3826937,9.529759e+08,0.0,0.0,13256043.031499462,10184408.954053799,0.7682842,0.009858994368197864,0.013910156304764519,0.010686953873482334,20.675100120520536,16.39996408427363,16.13636857493844
9,0.725,0.06259443942520057,0.1227371,0.06259444,5.965099e+07,0.3826937,9.529759e+08,0.04266542556135213,0.0031617520708253698,9032637.45213777,1310172.3625871514,0.1450487,0.006717896249958548,0.01645682396404837,0.001572730306464279,20.675100120520536,16.568085063372575,14.220157999207627
10,0.725,0.06259443942520057,0.1227371,0.06259444,5.965099e+07,0.3826937,9.529759e+08,0.06583160163422652,0.021556392509516874,7736191.7790125925,525390.3802823921,0.06791331,0.005753683131485454,0.01888552972938257,0.0019006258292133499,20.675100120520536,16.705740847581197,14.40952805727236
11,0.725,0.06259443942520057,0.1227371,0.06259444,5.965099e+07,0.3826937,9.529759e+08,0.0,0.0,34706811.60080623,8089788.578078634,0.2330894,0.025812699860536567,0.03641940306470321,0.00848897543001138,20.675100120520536,17.362446525387867,15.906113154957538
12,0.725,0.06259443942520057,0.1227371,0.06259444,5.965099e+07,0.3826937,9.529759e+08,0.007018250059157182,0.00015368831671811538,17216769.56242137,4093205.158069821,0.2377452,0.012804728662326353,0.01921424746847819,0.004304802495413022,20.675100120520536,16.722996901034875,15.227076100412827
13,0.725,0.06259443942520057,0.1227371,0.06259444,5.965099e+07,0.3826937,9.529759e+08,0.0,0.0,1682670.2653900932,1160348.3080440478,0.6895875,0.0012514621920428704,0.0017657008464243187,0.0012176051552116908,20.675100120520536,14.3358925332353,13.96423078356708
14,0.725,0.06259443942520057,0.1227371,0.06259444,5.965099e+07,0.3826937,9.529759e+08,1.4923746709711067e-12,2.682442789670228e-14,15170875.84809479,7807062.12487899,0.5146085,0.011283124171487914,0.015919475655665597,0.008192297971577419,20.675100120520536,16.534888085210316,15.870539282657623
15,0.725,0.06259443942520057,0.1227371,0.06259444,5.965099e+07,0.3826937,9.529759e+08,1.1832648019704528e-05,1.8638546666046164e-07,56510145.75335499,18446769.893949933,0.3264329,0.042028621014920386,0.0593005479731804,0.019357028834873807,20.675100120520536,17.849963388193824,16.73040044233617
16,0.725,0.06259443942520057,0.1227371,0.06259444,5.965099e+07,0.3826937,9.529759e+08,1.7983294293585565e-10,2.5564915673457854e-12,36684627.20144999,19811448.129121177,0.5400477,0.02728367221795468,0.03849481308498566,0.020789034815826113,20.675100120520536,17.417868348690593,16.801770516925437
17,0.725,0.06259443942520057,0.1227371,0.06259444,5.965099e+07,0.3826937,9.529759e+08,0.0,0.0,29357931.525625527,17744745.690338235,0.6044277,0.021834546016884837,0.030806584991888916,0.018620351907003497,20.675100120520536,17.19507330710425,16.691600012618153
19,0.725,0.06259443942520057,0.1227371,0.06259444,5.965099e+07,0.3826937,9.529759e+08,0.00010851045732207466,1.0333134104824849e-06,53766721.479616955,19395313.34451227,0.3607308,0.03998823804391693,0.05643756359596412,0.02035243073347738,20.675100120520536,17.800479799553756,16.78054519265638
20,0.725,0.06259443942520057,0.1227371,0.06259444,5.965099e+07,0.3826937,9.529759e+08,0.061812607315582746,0.003250351253021098,8178160.825523412,1498528.3072432878,0.1832354,0.006082391353849686,0.01869194968628609,0.0017759264036808634,20.675100120520536,16.69543777464848,14.34166704588086
21,0.725,0.06259443942520057,0.1227371,0.06259444,5.965099e+07,0.3826937,9.529759e+08,2.6925244615803523e-13,5.841481898388214e-15,57965096.76682836,24321865.60958573,0.419595,0.04311072023666795,0.060825357486544114,0.02552201674729701,20.675100120520536,17.87535160748696,17.00688632304059
22,0.725,0.06259443942520057,0.1227371,0.06259444,5.965099e+07,0.3826937,9.529759e+08,5.764257006366375e-08,1.4126300371957068e-09,49931792.79078272,24492483.682313066,0.4905188,0.03713606411419935,0.052395663293096306,0.02570105397783004,20.675100120520536,17.726168667858335,17.01387684340916
23,0.725,0.06259443942520057,0.1227371,0.06259444,5.965099e+07,0.3826937,9.529759e+08,3.0956355118926906e-05,4.802247835828525e-07,20639619.311343458,6883995.607893271,0.3335331,0.015350424713374337,0.021663135026613035,0.007223713226358695,20.675100120520536,16.842956810708476,15.744713959517211
24,0.725,0.06259443942520057,0.1227371,0.06259444,5.965099e+07,0.3826937,9.529759e+08,0.0,0.0,53279202.51592497,18979962.94294899,0.3562359,0.03962565271539863,0.05590823996487035,0.01991652038000323,20.675100120520536,17.791056616290188,16.75889439871786
25,0.725,0.06259443942520057,0.1227371,0.06259444,5.965099e+07,0.3826937,9.529759e+08,0.012098337912042291,0.0001411461084191326,35838053.61667476,11554174.98393033,0.3223996,0.026654045097347784,0.039585303361975285,0.012133145332068834,20.675100120520536,17.445802763691237,16.26328583278323
26,0.725,0.06259443942520057,0.1227371,0.06259444,5.965099e+07,0.3826937,9.529759e+08,0.027588310866020323,0.0007902728801413652,29762450.419782575,6160718.898908459,0.2069964,0.022135401218534922,0.035743485248862235,0.006514183393347837,20.675100120520536,17.34371286327131,15.641326701718551
27,0.725,0.06259443942520057,0.1227371,0.06259444,5.965099e+07,0.3826937,9.529759e+08,3.476400263322916e-10,1.1356968324594002e-11,53778567.17111262,17124759.678580824,0.3184309,0.039997048109293575,0.05643224559339619,0.017969772974783922,20.675100120520536,17.80038556704623,16.65603590868611
28,0.725,0.06259443942520057,0.1227371,0.06259444,5.965099e+07,0.3826937,9.529759e+08,0.05652176847604775,0.002256627447844826,22614390.88726797,4218523.868993098,0.1865416,0.016819133120495034,0.03297514454065371,0.004567937295854472,20.675100120520536,17.263098923472693,15.286406586970939
29,0.725,0.06259443942520057,0.1227371,0.06259444,5.965099e+07,0.3826937,9.529759e+08,0.0012639672508048055,1.4950955160022538e-05,26516807.388408452,10517798.257041145,0.3966465,0.019721500155339702,0.02803200489225483,0.01103772996310416,20.675100120520536,17.100691730816294,16.168664241960762
30,0.725,0.06259443942520057,0.1227371,0.06259444,5.965099e+07,0.3826937,9.529759e+08,5.725743523348412e-06,2.1358126576780172e-07,54670370.23989893,22218802.125041444,0.406414,0.04066031401841994,0.057368990731129825,0.023315191942993738,20.675100120520536,17.816848767721503,16.916450004361568
31,0.725,0.06259443942520057,0.1227371,0.06259444,5.965099e+07,0.3826937,9.529759e+08,5.294605898838492e-07,5.199777815809778e-09,38685074.67204828,16299318.002245668,0.4213335,0.02877147670830215,0.04059405827552452,0.017103600587904298,20.675100120520536,17.470966549542702,16.60663384357838
32,0.725,0.06259443942520057,0.1227371,0.06259444,5.965099e+07,0.3826937,9.529759e+08,0.0,0.0,33732134.12647974,13306696.74790454,0.3944813,0.025087797285359332,0.03539663058407699,0.013963309505228455,20.675100120520536,17.333961475907344,16.40377798135094
33,0.725,0.06259443942520057,0.1227371,0.06259444,5.965099e+07,0.3826937,9.529759e+08,1.1232288351235819e-13,7.767048295784483e-15,37903524.202153265,19893135.79153092,0.524836,0.028190209608999005,0.03977385596144832,0.020874753317755793,20.675100120520536,17.45055465259431,16.805885295092
35,0.725,0.06259443942520057,0.1227371,0.06259444,5.965099e+07,0.3826937,9.529759e+08,1.799886658400957e-11,3.399185885487108e-13,50232589.338811226,21743018.433879767,0.4328469,0.037359777289084156,0.05271129308154474,0.02281591755807044,20.675100120520536,17.732174564101285,16.894803272425328
36,0.725,0.06259443942520057,0.1227371,0.06259444,5.965099e+07,0.3826937,9.529759e+08,0.0,0.0,43705225.7104244,20856019.566912055,0.4771974,0.03250514298392032,0.0458618397301814,0.02188515014485118,20.675100120520536,17.592978234390767,16.85315317278606
37,0.725,0.06259443942520057,0.1227371,0.06259444,5.965099e+07,0.3826937,9.529759e+08,0.0,0.0,45336778.54800865,13986416.291423343,0.3085004,0.033718587312588956,0.04757390078311779,0.014676569493241653,20.675100120520536,17.629629149527105,16.45359715166952
38,0.725,0.06259443942520057,0.1227371,0.06259444,5.965099e+07,0.3826937,9.529759e+08,9.395870668768065e-05,1.0055690995365663e-06,59323589.4412499,15998428.85637402,0.2696807,0.04412107993409305,0.06226625249602473,0.016787926824737627,20.675100120520536,17.89876442708014,16.588004828216448
39,0.725,0.06259443942520057,0.1227371,0.06259444,5.965099e+07,0.3826937,9.529759e+08,0.0,0.0,14500193.168782914,1750343.4624876387,0.1207117,0.010784313422120901,0.015215698451473244,0.0018367133459336472,20.675100120520536,16.489672529287095,14.375322590921034
40,0.725,0.06259443942520057,0.1227371,0.06259444,5.965099e+07,0.3826937,9.529759e+08,0.001618783311799986,2.411033397464456e-05,12305337.571789533,3243788.28748095,0.2636082,0.00915192063957291,0.013177311410421798,0.003405360683520697,20.675100120520536,16.34584135969938,14.99269570314248
41,0.725,0.06259443942520057,0.1227371,0.06259444,5.965099e+07,0.3826937,9.529759e+08,0.0,0.0,38522560.49640524,16164388.281242166,0.4196084,0.02865060909052135,0.040423438313486715,0.016962012497144748,20.675100120520536,17.466754614554336,16.598321126250703
42,0.725,0.06259443942520057,0.1227371,0.06259444,5.965099e+07,0.3826937,9.529759e+08,0.007972900567367535,0.00023195409843423384,43168577.77837121,9319133.505201159,0.2158777,0.03210601868059351,0.04660278086362643,0.009793500847118853,20.675100120520536,17.609005056074622,16.049063828349126
43,0.725,0.06259443942520057,0.1227371,0.06259444,5.965099e+07,0.3826937,9.529759e+08,0.0,0.0,12862651.43641929,6534152.707654038,0.5079942,0.009566414937731645,0.013497352984532173,0.006856577431643023,20.675100120520536,16.369838432537684,15.692553242105745
44,0.725,0.06259443942520057,0.1227371,0.06259444,5.965099e+07,0.3826937,9.529759e+08,0.0,0.0,41372659.37659639,14641361.982167415,0.3538898,0.030770329790117873,0.04341417399632108,0.015363833174246125,20.675100120520536,17.538130819102907,16.499361093739083
45,0.725,0.06259443942520057,0.1227371,0.06259444,5.965099e+07,0.3826937,9.529759e+08,0.0,0.0,54948879.31195591,10339118.975160334,0.1881589,0.04086745119852543,0.057660306185237896,0.010849297988569435,20.675100120520536,17.82191384391905,16.151445217917296
46,0.725,0.06259443942520057,0.1227371,0.06259444,5.965099e+07,0.3826937,9.529759e+08,0.0055402119427851075,0.00011139723279100669,34083625.84249201,8352530.335867018,0.2450599,0.025349214273852706,0.036671638911258554,0.008771654904882789,20.675100120520536,17.369348516139638,15.938870330791543
47,0.725,0.06259443942520057,0.1227371,0.06259444,5.965099e+07,0.3826937,9.529759e+08,7.842367892139021e-06,1.1534788998066995e-07,41066313.78154023,15199999.24070266,0.370133,0.03054248959005183,0.0430939946398896,0.01595004334841842,20.675100120520536,17.530728493438605,16.53680638853474
48,0.725,0.06259443942520057,0.1227371,0.06259444,5.965099e+07,0.3826937,9.529759e+08,0.0,0.0,26865805.10092467,7360531.77119335,0.273974,0.01998106226403498,0.028191485748740062,0.007723733785428372,20.675100120520536,17.106364850090756,15.811642739615879
49,0.725,0.06259443942520057,0.1227371,0.06259444,5.965099e+07,0.3826937,9.529759e+08,0.04135693721514541,0.0018828775301163241,14552928.939618,2525252.212959929,0.1735219,0.010823534905215836,0.02203549168608398,0.0027677172715148616,20.675100120520536,16.859999253451516,14.78536773228323
50,0.725,0.06259443942520057,0.1227371,0.06259444,5.965099e+07,0.3826937,9.529759e+08,2.2875266846238533e-10,4.721900369896667e-12,35375271.23035246,12600659.369916368,0.3561997,0.02630985724810718,0.03712084756094529,0.013222433041749394,20.675100120520536,17.38152358219533,16.349259701520587
51,0.725,0.06259443942520057,0.1227371,0.06259444,5.965099e+07,0.3826937,9.529759e+08,0.014745702067729917,0.00047865771916095616,16207805.941561254,3366259.4105578284,0.2076937,0.012054326250977873,0.019419420468935578,0.003562327225928633,20.675100120520536,16.733618461985934,15.037758887972156
52,0.725,0.06259443942520057,0.1227371,0.06259444,5.965099e+07,0.3826937,9.529759e+08,7.454718811293727e-05,1.8183944511550182e-06,46943430.68448218,11173380.64200019,0.238018,0.03491351209727064,0.04927202556607865,0.011724839730427502,20.675100120520536,17.66470132879942,16.229054486730625
53,0.725,0.06259443942520057,0.1227371,0.06259444,5.965099e+07,0.3826937,9.529759e+08,0.0017712204740546187,8.871388360672995e-06,12326281.76012071,4867290.776197132,0.394871,0.009167497583183677,0.013224222124605117,0.005108020273613076,20.675100120520536,16.349394998997504,15.398156748693195
54,0.725,0.06259443942520057,0.1227371,0.06259444,5.965099e+07,0.3826937,9.529759e+08,0.0,0.0,44156765.47946908,10109230.95101046,0.2289396,0.03284096929569757,0.04633566051895703,0.010608066246870985,20.675100120520536,17.603256711767497,16.128959519954016
55,0.725,0.06259443942520057,0.1227371,0.06259444,5.965099e+07,0.3826937,9.529759e+08,0.0007532469751631149,1.7052047704357227e-05,51265857.40450354,17208288.92664168,0.3356676,0.03812825578725232,0.05391875043838853,0.018058491297367252,20.675100120520536,17.75482313351169,16.660960847685956
56,0.725,0.06259443942520057,0.1227371,0.06259444,5.965099e+07,0.3826937,9.529759e+08,0.00014923482990651248,4.199410345695524e-06,52887837.01959466,9687604.799623188,0.1831726,0.039334580167198624,0.05552197198256339,0.010165898009029055,20.675100120520536,17.78412367552411,16.086383627956128
58,0.725,0.06259443942520057,0.1227371,0.06259444,5.965099e+07,0.3826937,9.529759e+08,0.0,0.0,36853208.37801454,8662361.185871575,0.2350504,0.027409052081793738,0.03867171279182645,0.009089801366627666,20.675100120520536,17.422453238698736,15.974497897632888
59,0.725,0.06259443942520057,0.1227371,0.06259444,5.965099e+07,0.3826937,9.529759e+08,5.0142981990768596e-05,9.233913505361087e-07,34300884.853441685,10255068.738011952,0.2989739,0.025510797587991272,0.03600164757600097,0.010761158130754735,20.675100120520536,17.350909544947303,16.143288023449795
60,0.725,0.06259443942520057,0.1227371,0.06259444,5.965099e+07,0.3826937,9.529759e+08,0.0,0.0,431759.988220935,262264.73457966174,0.6074318,0.00032111537976818664,0.0004530649838737842,0.0002752060658344147,20.675100120520536,12.975625130011013,12.477109709922011
61,0.725,0.06259443942520057,0.1227371,0.06259444,5.965099e+07,0.3826937,9.529759e+08,0.0,0.0,57090025.22969765,23348946.595029745,0.4089847,0.04245989816737914,0.05990710595167824,0.02450108949681982,20.675100120520536,17.860139969868836,16.966062427358303
62,0.725,0.06259443942520057,0.1227371,0.06259444,5.965099e+07,0.3826937,9.529759e+08,0.004281918473496249,8.846532477241591e-05,46220497.639332205,11907286.928436933,0.2576192,0.03437584087790439,0.04920158903143018,0.012500383896997674,20.675100120520536,17.663270761901906,16.293104197134873
64,0.725,0.06259443942520057,0.1227371,0.06259444,5.965099e+07,0.3826937,9.529759e+08,0.01218556361657673,0.0005189048960858015,38202522.00819242,5388612.1628421815,0.1410538,0.028412584994990046,0.04208071222362943,0.005686991282933314,20.675100120520536,17.5069343352911,15.505526177056069
65,0.725,0.06259443942520057,0.1227371,0.06259444,5.965099e+07,0.3826937,9.529759e+08,0.05667935432038575,0.0010907921494347265,28533107.38489079,6862955.961236124,0.2405261,0.02122109473742429,0.039211692526275876,0.007269882851852462,20.675100120520536,17.436319822590086,15.751085019040993
66,0.725,0.06259443942520057,0.1227371,0.06259444,5.965099e+07,0.3826937,9.529759e+08,0.0016232863515124255,3.75364316507269e-05,47656843.848485634,15172839.056043196,0.3183769,0.035444103039786054,0.050273957839370984,0.01592388530884953,20.675100120520536,17.684832047780294,16.535165044242188
67,0.725,0.06259443942520057,0.1227371,0.06259444,5.965099e+07,0.3826937,9.529759e+08,0.001566200663757219,7.657215360701954e-05,58874855.601963624,10810615.55990259,0.1836202,0.043787340492856285,0.06203618006805607,0.011348853343854801,20.675100120520536,17.895062605869473,16.196461553389096
68,0.725,0.06259443942520057,0.1227371,0.06259444,5.965099e+07,0.3826937,9.529759e+08,0.002962906206716858,3.306300493329504e-05,47463231.21833209,16172237.230415098,0.3407319,0.03530010638665511,0.05028990341940448,0.016972318309320777,20.675100120520536,17.68514917124726,16.598928523670832
69,0.725,0.06259443942520057,0.1227371,0.06259444,5.965099e+07,0.3826937,9.529759e+08,0.0005030986862773081,5.747866245296682e-06,44686105.5000826,14039128.43942877,0.3141721,0.03323465844333305,0.04697340879160364,0.01473224248212066,20.675100120520536,17.616926512748584,16.457383299537803
70,0.725,0.06259443942520057,0.1227371,0.06259444,5.965099e+07,0.3826937,9.529759e+08,0.009265050793993446,0.00018318033107904554,26404589.061425216,6784284.680013661,0.2569358,0.019638039363072558,0.029222928597692065,0.007130518119890552,20.675100120520536,17.142298468632386,15.731728740910775
71,0.725,0.06259443942520057,0.1227371,0.06259444,5.965099e+07,0.3826937,9.529759e+08,9.028458318108724e-06,4.4986989098626337e-07,52616468.41682805,21340048.420534074,0.4055774,0.03913275361005602,0.05521428027978638,0.02239309133631397,20.675100120520536,17.778566462084953,16.876097330341413
72,0.725,0.06259443942520057,0.1227371,0.06259444,5.965099e+07,0.3826937,9.529759e+08,0.0040843706453450365,6.600467664231355e-05,52663331.342494644,14034082.46201778,0.2664868,0.03916760724768577,0.05593002989467693,0.014730719254571365,20.675100120520536,17.791446284873395,16.457279900051745
73,0.725,0.06259443942520057,0.1227371,0.06259444,5.965099e+07,0.3826937,9.529759e+08,1.683513792981079e-05,3.420855099514253e-07,18081215.18867128,4186966.722151691,0.2315645,0.013447647860805078,0.018976177937925737,0.00439359205885205,20.675100120520536,16.710529241308365,15.24749197069293
74,0.725,0.06259443942520057,0.1227371,0.06259444,5.965099e+07,0.3826937,9.529759e+08,8.548040040570085e-13,1.5849710255893444e-14,46653113.97355072,22214698.579555143,0.4761675,0.03469759315288688,0.048955190167674884,0.023310872540966834,20.675100120520536,17.65825023487728,16.91626472593041
75,0.725,0.06259443942520057,0.1227371,0.06259444,5.965099e+07,0.3826937,9.529759e+08,0.0,0.0,58440112.87576668,20486542.434668064,0.3505562,0.043464006743938466,0.061323813044234156,0.021497441335492497,20.675100120520536,17.8835130763262,16.835278761938532
76,0.725,0.06259443942520057,0.1227371,0.06259444,5.965099e+07,0.3826937,9.529759e+08,0.05542326444167542,0.0010453240486674505,20602115.994533386,4663792.824427535,0.2263745,0.015322532152348349,0.030683900516395184,0.004959356983395712,20.675100120520536,17.191082945432147,15.368620933426772
77,0.725,0.06259443942520057,0.1227371,0.06259444,5.965099e+07,0.3826937,9.529759e+08,0.00158912862565031,8.253463686931161e-05,10668502.737631932,2175401.547375057,0.2039088,0.00793454790071839,0.011454857320616567,0.0022879119335013705,20.675100120520536,16.20575870172391,14.59498442371262
78,0.725,0.06259443942520057,0.1227371,0.06259444,5.965099e+07,0.3826937,9.529759e+08,0.0,0.0,561221.7276187207,65895.987876932,0.1174152,0.00041740071594180444,0.0005889149525432197,6.914759472693925e-05,20.675100120520536,13.23787134281651,11.095832836648324
79,0.725,0.06259443942520057,0.1227371,0.06259444,5.965099e+07,0.3826937,9.529759e+08,1.1070918017907295e-09,3.807084117486421e-10,12199749.04596619,9715774.014521137,0.7963913,0.009073390668075006,0.012801740165254039,0.010195194384818296,20.675100120520536,16.316925953634023,16.08926131206459
80,0.725,0.06259443942520057,0.1227371,0.06259444,5.965099e+07,0.3826937,9.529759e+08,0.0007415335526202104,2.125884993059901e-05,16663909.590255512,3885651.1774810837,0.2331776,0.012393546883643738,0.017607469735135217,0.004078717512022742,20.675100120520536,16.635668070312228,15.173127445252234
81,0.725,0.06259443942520057,0.1227371,0.06259444,5.965099e+07,0.3826937,9.529759e+08,3.9378995782794564e-08,1.0004611022560543e-09,31020636.818013463,11105944.55567085,0.3580179,0.023071159542857315,0.032551342143948794,0.011653962283048849,20.675100120520536,17.250163442643945,16.222991073858715
82,0.725,0.06259443942520057,0.1227371,0.06259444,5.965099e+07,0.3826937,9.529759e+08,4.68547405020635e-08,1.6300025223940522e-09,44057744.5611954,21841581.63673182,0.495749,0.03276732388935163,0.04623176112325235,0.02291934441829806,20.675100120520536,17.60101187362697,16.899326129934767
83,0.725,0.06259443942520057,0.1227371,0.06259444,5.965099e+07,0.3826937,9.529759e+08,0.0,0.0,626265.2343640185,495701.0149905763,0.7915193,0.00046577590340656584,0.000657168000853878,0.0005201611508475447,20.675100120520536,13.3475292574151,13.113728231597
84,0.725,0.06259443942520057,0.1227371,0.06259444,5.965099e+07,0.3826937,9.529759e+08,0.0,0.0,44401953.17319815,11588629.39445007,0.2609937,0.033023324172328714,0.04659294688530872,0.012160464917905062,20.675100120520536,17.60879401682225,16.265534950725893
85,0.725,0.06259443942520057,0.1227371,0.06259444,5.965099e+07,0.3826937,9.529759e+08,7.019321225998695e-09,1.194297224889328e-10,42071808.16022728,21393511.77856876,0.5084999,0.03129031180164048,0.04414782309935583,0.02244916466698795,20.675100120520536,17.554888460449884,16.878598246436987
86,0.725,0.06259443942520057,0.1227371,0.06259444,5.965099e+07,0.3826937,9.529759e+08,0.009928541333552058,0.00017781251582207956,43744154.47480669,11883273.521294488,0.271654,0.03253409570140124,0.047526629146600295,0.012480778196794974,20.675100120520536,17.628635009106528,16.291534558048074
88,0.725,0.06259443942520057,0.1227371,0.06259444,5.965099e+07,0.3826937,9.529759e+08,0.007008525465770455,0.0001350053843180447,43476478.03220592,11898057.02199895,0.2736665,0.032335015136120235,0.04676813844848772,0.01249361169406071,20.675100120520536,17.61254701022808,16.29256229073355
89,0.725,0.06259443942520057,0.1227371,0.06259444,5.965099e+07,0.3826937,9.529759e+08,0.0,0.0,14120346.089220634,9415435.545187078,0.6667992,0.010501807533351368,0.014817107994572625,0.009880035829679504,20.675100120520536,16.463127300297025,16.05786097977738
90,0.725,0.06259443942520057,0.1227371,0.06259444,5.965099e+07,0.3826937,9.529759e+08,1.3009110022687856e-08,3.936444108635663e-10,15865573.83984088,4906482.678521846,0.3092534,0.011799795969546218,0.01664845532402401,0.005148590807174432,20.675100120520536,16.57966228032925,15.406067889095747
93,0.725,0.06259443942520057,0.1227371,0.06259444,5.965099e+07,0.3826937,9.529759e+08,3.5012897952702076e-13,5.090445600048983e-15,43115077.562958926,22098530.032212634,0.5125476,0.03206622865266484,0.04524257099712538,0.023188971710726553,20.675100120520536,17.57938332134673,16.9110216498963
94,0.725,0.06259443942520057,0.1227371,0.06259444,5.965099e+07,0.3826937,9.529759e+08,0.0,0.0,43072529.47150397,14975124.359981868,0.3476723,0.032034584111904435,0.04519792338984464,0.01571406490124164,20.675100120520536,17.578395984618634,16.521901006437606
95,0.725,0.06259443942520057,0.1227371,0.06259444,5.965099e+07,0.3826937,9.529759e+08,0.0,0.0,43264069.6450209,4537028.046080642,0.1048683,0.03217703940474709,0.04539891502406995,0.004760905583220885,20.675100120520536,17.582833048151898,15.327782740262577
96,0.725,0.06259443942520057,0.1227371,0.06259444,5.965099e+07,0.3826937,9.529759e+08,0.0035779318646239617,5.046223709599828e-05,53418304.33392019,17625195.903714154,0.3299467,0.03972910772357582,0.05663942214675349,0.018498061647246957,20.675100120520536,17.804050088660546,16.68501079230882
97,0.725,0.06259443942520057,0.1227371,0.06259444,5.965099e+07,0.3826937,9.529759e+08,8.094215642966051e-09,1.8037054374974452e-10,41286585.378354385,20753694.05065054,0.502674,0.030706313472284585,0.043323854040611946,0.02177777543490811,20.675100120520536,17.536048226487008,16.848234815851942
98,0.725,0.06259443942520057,0.1227371,0.06259444,5.965099e+07,0.3826937,9.529759e+08,3.618748698997455e-12,1.7233015150877983e-13,22173456.56908773,11420512.299449317,0.5150533,0.01649119446268031,0.023267595463280208,0.011984052163113643,20.675100120520536,16.914406481467072,16.250921621033566
99,0.725,0.06259443942520057,0.1227371,0.06259444,5.965099e+07,0.3826937,9.529759e+08,0.0,0.0,53356771.87884468,15976442.495622054,0.2994267,0.03968334383109227,0.05598963695189809,0.016764792614213982,20.675100120520536,17.792511460718472,16.58662585121688
100,0.725,0.06259443942520057,0.1227371,0.06259444,5.965099e+07,0.3826937,9.529759e+08,0.0015610373604982666,4.656273626417396e-05,32796528.974597823,4446393.59688151,0.1355751,0.024391954196939805,0.03467018602742751,0.004668713387687062,20.675100120520536,17.3132249668808,15.308228369411902
101,0.725,0.06259443942520057,0.1227371,0.06259444,5.965099e+07,0.3826937,9.529759e+08,0.0,0.0,26618721.039860025,14220347.216223316,0.5342235,0.019797296991040672,0.027932209439689302,0.014922043630640983,20.675100120520536,17.09712532469289,16.470184399497196
102,0.725,0.06259443942520057,0.1227371,0.06259444,5.965099e+07,0.3826937,9.529759e+08,0.0,0.0,50290264.30398371,22324571.914330583,0.4439144,0.03740267222805428,0.052771813988084476,0.02342616752430441,20.675100120520536,17.733322063731546,16.921198509373028
103,0.725,0.06259443942520057,0.1227371,0.06259444,5.965099e+07,0.3826937,9.529759e+08,0.0,0.0,17623151.57248345,6484337.825477617,0.3679443,0.013106969530058793,0.018492757784000058,0.006804304457292315,20.675100120520536,16.68472402584272,15.684900261880475
104,0.725,0.06259443942520057,0.1227371,0.06259444,5.965099e+07,0.3826937,9.529759e+08,0.0,0.0,12138243.189790037,7882659.4623736795,0.6494069,0.00902764655814635,0.01273719915015423,0.008271625624501759,20.675100120520536,16.31187162058587,15.880175900120445
105,0.725,0.06259443942520057,0.1227371,0.06259444,5.965099e+07,0.3826937,9.529759e+08,0.0039886946206298,9.597066318279867e-05,13163270.457359485,3057217.088651544,0.2322536,0.009789996079357382,0.014465207855064038,0.0032140812727497075,20.675100120520536,16.4390911493803,14.934886395637212
106,0.725,0.06259443942520057,0.1227371,0.06259444,5.965099e+07,0.3826937,9.529759e+08,0.021281278063093077,0.00027857395239805143,36025713.8449437,10762579.816849746,0.2987472,0.026793614735832052,0.041284210731834525,0.011311091488777817,20.675100120520536,17.487824961672292,16.19312863353321
107,0.725,0.06259443942520057,0.1227371,0.06259444,5.965099e+07,0.3826937,9.529759e+08,0.0003729937001593705,3.8764512000445235e-06,52786610.60248289,17932799.10593118,0.3397225,0.039259294452310224,0.05545234921582005,0.018817927375147835,20.675100120520536,17.78286892081823,16.702154840786577
108,0.725,0.06259443942520057,0.1227371,0.06259444,5.965099e+07,0.3826937,9.529759e+08,0.0015181687906440902,3.099544670185827e-05,24060405.167452034,5765523.412745911,0.239627,0.017894585773356238,0.025495970555247674,0.006051960624552939,20.675100120520536,17.00586526377544,15.567727131255792
109,0.725,0.06259443942520057,0.1227371,0.06259444,5.965099e+07,0.3826937,9.529759e+08,0.008132366939131615,9.486768727259112e-05,42874381.409831285,13568097.378407685,0.3164616,0.0318872142957792,0.046320150273828097,0.014243547017877294,20.675100120520536,17.602921919051504,16.423648804838958
110,0.725,0.06259443942520057,0.1227371,0.06259444,5.965099e+07,0.3826937,9.529759e+08,0.0,0.0,5350796.586612196,1979175.72326172,0.3698843,0.003979579221901089,0.00561482915361032,0.00207683722810394,20.675100120520536,15.492756002482343,14.49819101461027
112,0.725,0.06259443942520057,0.1227371,0.06259444,5.965099e+07,0.3826937,9.529759e+08,3.689424577109104e-06,1.2044164728845144e-07,53468973.435515136,23505628.917491145,0.4396125,0.03976679215067666,0.056107978494663806,0.024665510774531517,20.675100120520536,17.79462286311108,16.972750784484507
113,0.725,0.06259443942520057,0.1227371,0.06259444,5.965099e+07,0.3826937,9.529759e+08,0.0,0.0,12284990.885743836,7999875.632073136,0.651191,0.009136788079829452,0.012891188042860059,0.008394625771535894,20.675100120520536,16.323888822035947,15.894936553532412
114,0.725,0.06259443942520057,0.1227371,0.06259444,5.965099e+07,0.3826937,9.529759e+08,4.751140214737284e-16,9.621003884658245e-17,33015615.051084377,13102035.235007219,0.3968436,0.0245548963652097,0.03464475520841548,0.013748549065238452,20.675100120520536,17.312491190881005,16.388278137554973
115,0.725,0.06259443942520057,0.1227371,0.06259444,5.965099e+07,0.3826937,9.529759e+08,0.0,0.0,33359217.693150956,12009617.463892704,0.360009,0.024810445966624135,0.03500531276292234,0.0126022264476823,20.675100120520536,17.32284468473474,16.301218342082844
116,0.725,0.06259443942520057,0.1227371,0.06259444,5.965099e+07,0.3826937,9.529759e+08,0.0,0.0,37014867.99246016,12314739.495428398,0.3326971,0.02752928413178008,0.03884134942470121,0.012922404583842794,20.675100120520536,17.426830227527436,16.326307435876448
117,0.725,0.06259443942520057,0.1227371,0.06259444,5.965099e+07,0.3826937,9.529759e+08,0.0,0.0,8311596.8439233955,6128933.9842195595,0.7373955,0.006181632503776111,0.008721728721491937,0.006431363378912753,20.675100120520536,15.933162307688288,15.628531391357415
118,0.725,0.06259443942520057,0.1227371,0.06259444,5.965099e+07,0.3826937,9.529759e+08,0.0,0.0,32138663.356182244,9352991.929719111,0.2910199,0.023902675955191632,0.03372453074031204,0.009814510963071118,20.675100120520536,17.28557032923777,16.051206842561523
119,0.725,0.06259443942520057,0.1227371,0.06259444,5.965099e+07,0.3826937,9.529759e+08,0.0,0.0,40180836.497761235,19554581.3007586,0.4866644,0.029883928393984502,0.04216354117227267,0.020519493013218548,20.675100120520536,17.508900735893967,16.788720154577586
120,0.725,0.06259443942520057,0.1227371,0.06259444,5.965099e+07,0.3826937,9.529759e+08,0.0017797961401940128,1.4032512398707749e-05,46900533.45123805,18628372.688282013,0.3971889,0.03488160788724656,0.049505926832291845,0.019548459425117345,20.675100120520536,17.669437237931195,16.740241323080472
121,0.725,0.06259443942520057,0.1227371,0.06259444,5.965099e+07,0.3826937,9.529759e+08,0.0,0.0,12556968.802267106,2248101.502168239,0.1790322,0.009339067805453865,0.013176586583080017,0.002359033024397088,20.675100120520536,16.345786352478655,14.625596641186458
122,0.725,0.06259443942520057,0.1227371,0.06259444,5.965099e+07,0.3826937,9.529759e+08,0.00027157650102399203,1.6869175064925862e-06,59532106.92554269,25008972.599788096,0.4200922,0.04427616186151502,0.06251411083710466,0.02624313430376714,20.675100120520536,17.902737146191452,17.034749246033098
123,0.725,0.06259443942520057,0.1227371,0.06259444,5.965099e+07,0.3826937,9.529759e+08,7.36765483992324e-07,2.094778359524329e-08,48587065.61374739,24527048.891774658,0.5048061,0.03613594231060753,0.05098469225864897,0.02573732601425587,20.675100120520536,17.69887027741696,17.015287153859973
124,0.725,0.06259443942520057,0.1227371,0.06259444,5.965099e+07,0.3826937,9.529759e+08,2.1626273943423994e-06,1.465292246320043e-08,42281549.55865219,18652860.359701775,0.4411584,0.031446303997873966,0.04436826666668947,0.01957327798922949,20.675100120520536,17.559869340732053,16.74151010964681
125,0.725,0.06259443942520057,0.1227371,0.06259444,5.965099e+07,0.3826937,9.529759e+08,1.1392120383507643e-06,2.3445946040489902e-08,53742470.83389579,18625804.359065995,0.3465751,0.03997020196942456,0.05639455437503723,0.019544887473230136,20.675100120520536,17.79971744174672,16.74005858344928
126,0.725,0.06259443942520057,0.1227371,0.06259444,5.965099e+07,0.3826937,9.529759e+08,4.269666458406026e-12,5.2739836607899125e-14,30249195.195954263,15111194.348145137,0.4995569,0.02249741075604346,0.031741827653883045,0.015856849199639332,20.675100120520536,17.224980137016782,16.530946374682276
127,0.725,0.06259443942520057,0.1227371,0.06259444,5.965099e+07,0.3826937,9.529759e+08,0.00923241736983378,0.0003068504959347196,17442579.116021283,3226410.0463937186,0.1849732,0.01297267132152991,0.019813354829691217,0.00340482288315673,20.675100120520536,16.75370103822324,14.992537763092901
129,0.725,0.06259443942520057,0.1227371,0.06259444,5.965099e+07,0.3826937,9.529759e+08,4.1087874219756195e-09,8.529204059514115e-11,35246069.208147556,14017226.135881327,0.3976962,0.026213765072919525,0.03698527075972197,0.01470889964047255,20.675100120520536,17.37786458734965,16.455797569850937
130,0.725,0.06259443942520057,0.1227371,0.06259444,5.965099e+07,0.3826937,9.529759e+08,0.0,0.0,53875844.249122106,17545894.5537756,0.3256728,0.0400693965591267,0.05653432270668075,0.018411688553663926,20.675100120520536,17.802192776782753,16.6803305519508
132,0.725,0.06259443942520057,0.1227371,0.06259444,5.965099e+07,0.3826937,9.529759e+08,0.00017654751478333812,1.6225710275918138e-06,38377979.04074205,13503911.64675763,0.3518661,0.02854307867939172,0.040300599153881886,0.014170357445394202,20.675100120520536,17.4637111777225,16.41849712042701
133,0.725,0.06259443942520057,0.1227371,0.06259444,5.965099e+07,0.3826937,9.529759e+08,0.004724476330055199,0.00012280395944589905,56888070.78909208,15696501.470489036,0.275919,0.04230969741080106,0.060467934602210706,0.016478724874497128,20.675100120520536,17.86945805949703,16.569414988905873
134,0.725,0.06259443942520057,0.1227371,0.06259444,5.965099e+07,0.3826937,9.529759e+08,0.03903940305202625,0.001261033126684428,16713390.868110983,3336792.9128651405,0.1996479,0.012430347883651743,0.023923498293747947,0.0035803790676766953,20.675100120520536,16.942206009666005,15.042813521171498
135,0.725,0.06259443942520057,0.1227371,0.06259444,5.965099e+07,0.3826937,9.529759e+08,0.06997869379947698,0.003485319113741001,20336722.826540027,3474086.174222889,0.1708282,0.015125149740237338,0.0327861380016499,0.0038636749355931022,20.675100120520536,17.257350645697773,15.118963627950546
136,0.725,0.06259443942520057,0.1227371,0.06259444,5.965099e+07,0.3826937,9.529759e+08,0.0022925978640120814,3.9408252346214264e-05,57840178.56894055,20322782.584451444,0.351361,0.043017814095179505,0.06106925891719411,0.021328067569154525,20.675100120520536,17.879353453726733,16.827368773065874
137,0.725,0.06259443942520057,0.1227371,0.06259444,5.965099e+07,0.3826937,9.529759e+08,0.0,0.0,38682503.311955675,8925299.002574742,0.2307322,0.028769564295630334,0.040591273432823906,0.009365713727509679,20.675100120520536,17.47089794496493,16.004400386757855
138,0.725,0.06259443942520057,0.1227371,0.06259444,5.965099e+07,0.3826937,9.529759e+08,0.016815184308307474,0.0004249525055911551,3208331.935907028,750372.0776700625,0.2338823,0.002386151464072216,0.006116983718514837,0.0008139985024462139,20.675100120520536,15.578413960117148,13.561548088810444
139,0.725,0.06259443942520057,0.1227371,0.06259444,5.965099e+07,0.3826937,9.529759e+08,0.0002534210885230946,7.86164247790725e-06,42336263.660121,14664068.241385281,0.3463713,0.031486996836374875,0.044466777140111255,0.015388151958360165,20.675100120520536,17.562087170759025,16.500942701500573
140,0.725,0.06259443942520057,0.1227371,0.06259444,5.965099e+07,0.3826937,9.529759e+08,0.033852858536911584,0.002822554820151978,2051170.0649445066,331391.8295417447,0.1615623,0.001525528701924896,0.007689451438045264,0.0005244204418359896,20.675100120520536,15.807194288057076,13.121883295066658
141,0.725,0.06259443942520057,0.1227371,0.06259444,5.965099e+07,0.3826937,9.529759e+08,0.0,0.0,15741784.572518356,3461284.7016582186,0.2198788,0.011707729454185937,0.016518555605118015,0.0036320801841807147,20.675100120520536,16.571829172704497,15.057150379176017
142,0.725,0.06259443942520057,0.1227371,0.06259444,5.965099e+07,0.3826937,9.529759e+08,0.009092552661676764,0.00012316786032023496,39998322.62956176,11605682.67476038,0.2901542,0.02974818628795627,0.04345922434896807,0.012186069307566655,20.675100120520536,17.539167968737743,16.267638280823224
143,0.725,0.06259443942520057,0.1227371,0.06259444,5.965099e+07,0.3826937,9.529759e+08,0.0,0.0,35027685.931878775,16324043.639567042,0.4660326,0.026051345602363617,0.036756110790289176,0.017129545974813386,20.675100120520536,17.371649333382123,16.608149648842108
144,0.725,0.06259443942520057,0.1227371,0.06259444,5.965099e+07,0.3826937,9.529759e+08,0.021595541952913456,0.0008751305278062716,17843280.411851853,3183305.9240128496,0.1784036,0.013270687238461972,0.022255975456710073,0.0033951629779516474,20.675100120520536,16.869955373947043,14.989696606684513
146,0.725,0.06259443942520057,0.1227371,0.06259444,5.965099e+07,0.3826937,9.529759e+08,6.668581760303159e-10,9.696250178176455e-11,21625891.189413775,3991402.8673952096,0.1845659,0.016083950462219714,0.022693010833295914,0.004188356790127849,20.675100120520536,16.889401825810687,15.199653324358204
147,0.725,0.06259443942520057,0.1227371,0.06259444,5.965099e+07,0.3826937,9.529759e+08,0.017187637195141565,0.0013276724809341976,22924871.284098994,1955104.8173795703,0.08528313,0.01705004852085389,0.026867345949786795,0.00213468346925936,20.675100120520536,17.05825648555407,14.525663219269545
148,0.725,0.06259443942520057,0.1227371,0.06259444,5.965099e+07,0.3826937,9.529759e+08,7.064971980528328e-09,2.9963395092809395e-10,10197726.926158816,2012945.6802190722,0.1973916,0.007584415054667104,0.010700930170288316,0.002112273566624293,20.675100120520536,16.137675511030555,14.515109728645827
149,0.725,0.06259443942520057,0.1227371,0.06259444,5.965099e+07,0.3826937,9.529759e+08,0.0,0.0,58128527.94265878,13842532.249439886,0.2381366,0.04323226986035816,0.06099685309763159,0.014525585560178423,20.675100120520536,17.878167115817558,16.44325645741755
151,0.725,0.06259443942520057,0.1227371,0.06259444,5.965099e+07,0.3826937,9.529759e+08,0.0,0.0,17766771.238684162,4950100.899744249,0.2786157,0.013213784623889635,0.0186434642957806,0.0051943613245806755,20.675100120520536,16.692840486305286,15.414918518123843
152,0.725,0.06259443942520057,0.1227371,0.06259444,5.965099e+07,0.3826937,9.529759e+08,6.530271312391166e-11,8.232831847718897e-13,28193398.81989342,14147625.04206381,0.5018063,0.020968441300710242,0.029584588972514,0.014845733014698189,20.675100120520536,17.154598424466407,16.46505732641976
153,0.725,0.06259443942520057,0.1227371,0.06259444,5.965099e+07,0.3826937,9.529759e+08,0.08032129274720218,0.001921434184034113,18406970.21519266,3855368.170425324,0.2094515,0.01368992355078699,0.03245282678682619,0.00416588061392707,20.675100120520536,17.247132392969228,15.194272526723891
154,0.725,0.06259443942520057,0.1227371,0.06259444,5.965099e+07,0.3826937,9.529759e+08,0.0,0.0,48887425.626882195,19057197.456846535,0.389818,0.03635933081884421,0.05129975288942313,0.019997565995039667,20.675100120520536,17.70503077673321,16.762955407438298
155,0.725,0.06259443942520057,0.1227371,0.06259444,5.965099e+07,0.3826937,9.529759e+08,5.172349575030523e-06,2.3450683502188511e-07,58639017.758491635,19796355.955181185,0.337597,0.04361193943500869,0.06153337879964333,0.020773212604251672,20.675100120520536,17.88692461382788,16.80100914268218
156,0.725,0.06259443942520057,0.1227371,0.06259444,5.965099e+07,0.3826937,9.529759e+08,0.0012110839262556713,1.234970608155227e-05,42797012.2065366,15120021.107060345,0.3532962,0.031829672045973444,0.045106899096299426,0.01586688453379067,20.675100120520536,17.576380049658216,16.531579045134652
157,0.725,0.06259443942520057,0.1227371,0.06259444,5.965099e+07,0.3826937,9.529759e+08,0.010504977455010063,0.00019883749798717398,13396552.966369955,3401881.5303877015,0.2539371,0.009963496643369442,0.01577582285644857,0.0035821919127967208,20.675100120520536,16.525823410662245,15.043319720736898
158,0.725,0.06259443942520057,0.1227371,0.06259444,5.965099e+07,0.3826937,9.529759e+08,0.03908445890608633,0.0011011795783065531,28899995.886388183,6271245.554401098,0.2169981,0.02149396286718399,0.0367188151246354,0.006649624965695493,20.675100120520536,17.37063413892245,15.661905298479823
160,0.725,0.06259443942520057,0.1227371,0.06259444,5.965099e+07,0.3826937,9.529759e+08,7.64481837115068e-05,1.6485017586299166e-06,33851374.214771315,9748347.49099086,0.2879749,0.02517648041320801,0.03553425859577276,0.010229478347536094,20.675100120520536,17.337842103543675,16.092618427781062
161,0.725,0.06259443942520057,0.1227371,0.06259444,5.965099e+07,0.3826937,9.529759e+08,1.337920812113573e-06,2.2419747996148426e-08,45326151.388518654,15252527.642909577,0.3365061,0.03371068351314346,0.04756296806542436,0.01600515792339754,20.675100120520536,17.62939931817205,16.540255882040412
162,0.725,0.06259443942520057,0.1227371,0.06259444,5.965099e+07,0.3826937,9.529759e+08,0.004675617177351013,6.268109622191042e-05,47623633.8322268,15033772.840865128,0.3156788,0.03541940356027429,0.050738356777516265,0.01577953085219628,20.675100120520536,17.69402701003566,16.52605842598161
163,0.725,0.06259443942520057,0.1227371,0.06259444,5.965099e+07,0.3826937,9.529759e+08,9.82676443385959e-08,1.102232299921927e-09,55140205.61972866,26570723.45707605,0.4818757,0.041009747431748074,0.05786108947354162,0.0278818435075173,20.675100120520536,17.82538997038616,17.095320548182908
164,0.725,0.06259443942520057,0.1227371,0.06259444,5.965099e+07,0.3826937,9.529759e+08,2.80119617105259e-07,8.220672570099846e-09,42971943.96735945,21397944.03318966,0.4979515,0.031959775066963445,0.0450924203579571,0.022453816136242852,20.675100120520536,17.576059010906388,16.878805425078063
165,0.725,0.06259443942520057,0.1227371,0.06259444,5.965099e+07,0.3826937,9.529759e+08,0.0,0.0,25888817.072046615,13812228.12693778,0.533521,0.01925444124661543,0.027166288700323397,0.014493786094856733,20.675100120520536,17.06932166014879,16.441064853930904
166,0.725,0.06259443942520057,0.1227371,0.06259444,5.965099e+07,0.3826937,9.529759e+08,1.39652358072291e-08,2.7890614212557815e-10,47666740.04351969,14614564.551525958,0.3065988,0.03545146319476409,0.050018835428319496,0.015335713454320703,20.675100120520536,17.67974448459608,16.497529162594972
167,0.725,0.06259443942520057,0.1227371,0.06259444,5.965099e+07,0.3826937,9.529759e+08,5.267942767346279e-07,9.391807992796662e-09,11664367.007343851,3434292.204817504,0.2944259,0.008675207855068938,0.012240025931985981,0.003603756343022211,20.675100120520536,16.27205623724664,15.049321571624484
168,0.725,0.06259443942520057,0.1227371,0.06259444,5.965099e+07,0.3826937,9.529759e+08,0.02098197190907232,0.0009253784515770802,7617648.5255208975,1406411.204952616,0.1846254,0.005665518264655637,0.0114254073081092,0.0015337334566690255,20.675100120520536,16.203184428283567,14.195049772325348
169,0.725,0.06259443942520057,0.1227371,0.06259444,5.965099e+07,0.3826937,9.529759e+08,8.349968231852012e-09,2.089153282154361e-10,57403439.11391209,19857718.264704414,0.3459326,0.04269299530745652,0.06023598646387235,0.02083758814262984,20.675100120520536,17.86561479704471,16.804103319606597
170,0.725,0.06259443942520057,0.1227371,0.06259444,5.965099e+07,0.3826937,9.529759e+08,0.0777696285090101,0.00622352876918967,6110826.05678751,894897.1475858997,0.1464445,0.004544840382287896,0.0191325778453685,0.0013286137253509973,20.675100120520536,16.718737369982538,14.05148092842123
171,0.725,0.06259443942520057,0.1227371,0.06259444,5.965099e+07,0.3826937,9.529759e+08,0.00243669260952929,5.4257037146796726e-05,55290147.09414319,18023770.628400985,0.3259852,0.041121264280954084,0.0584169658620351,0.018916541389585786,20.675100120520536,17.83495120051855,16.70738158663291
172,0.725,0.06259443942520057,0.1227371,0.06259444,5.965099e+07,0.3826937,9.529759e+08,0.0035995194961623085,3.9106620789255967e-05,43748307.16406633,14819486.856667938,0.3387442,0.03253718420525766,0.04649579440035453,0.01555319539477544,20.675100120520536,17.606706707038366,16.51161095067856
173,0.725,0.06259443942520057,0.1227371,0.06259444,5.965099e+07,0.3826937,9.529759e+08,0.0,0.0,22968101.317364678,4945677.411299043,0.2153281,0.01708220024618328,0.02410145158619565,0.005189719561157088,20.675100120520536,16.949616912013497,15.414024502797147
174,0.725,0.06259443942520057,0.1227371,0.06259444,5.965099e+07,0.3826937,9.529759e+08,3.1657792340429794e-06,1.5590861114573587e-08,54772465.64962326,26015976.071951002,0.4749827,0.040736246034263526,0.057475705276473686,0.02729972327779217,20.675100120520536,17.818707183125383,17.07422140733333
175,0.725,0.06259443942520057,0.1227371,0.06259444,5.965099e+07,0.3826937,9.529759e+08,0.0,0.0,50141491.870936856,13365584.672445653,0.2665574,0.03729202483681795,0.052615700448576164,0.014025103226996224,20.675100120520536,17.730359404359014,16.408193653133708
176,0.725,0.06259443942520057,0.1227371,0.06259444,5.965099e+07,0.3826937,9.529759e+08,0.007921742092184008,0.00026908855912650276,33798496.33892219,6082387.723060546,0.1799603,0.02513715324152035,0.03676196949497254,0.006399363761676412,20.675100120520536,17.371808714711808,15.62354341472424
177,0.725,0.06259443942520057,0.1227371,0.06259444,5.965099e+07,0.3826937,9.529759e+08,0.016670973336596555,0.0006046620070024332,34185015.3550627,6320190.440723317,0.1848819,0.025424621288680095,0.03859860961655067,0.006669905775610975,20.675100120520536,17.42056109706382,15.664950574771094
178,0.725,0.06259443942520057,0.1227371,0.06259444,5.965099e+07,0.3826937,9.529759e+08,1.3019828623384537e-12,2.6908126852176733e-14,20160368.005855836,10329256.63107501,0.5123546,0.014993988338618584,0.021155171981523814,0.010838948991707406,20.675100120520536,16.819229255269622,16.15049087636476
179,0.725,0.06259443942520057,0.1227371,0.06259444,5.965099e+07,0.3826937,9.529759e+08,3.411150147063774e-06,6.644827148379665e-08,37615275.51054341,7721730.540994427,0.2052818,0.027975828724713322,0.0394719417094697,0.00810275989969492,20.675100120520536,17.442934924567865,15.859549573539464
180,0.725,0.06259443942520057,0.1227371,0.06259444,5.965099e+07,0.3826937,9.529759e+08,0.0,0.0,47212922.6160152,18469746.187478103,0.3912011,0.035113942906747145,0.049542622306894844,0.019381127216217833,20.675100120520536,17.67017819732133,16.731644610201094
181,0.725,0.06259443942520057,0.1227371,0.06259444,5.965099e+07,0.3826937,9.529759e+08,0.0,0.0,9743646.163456172,4317675.023865072,0.4431272,0.007246698914823979,0.010224441848139,0.0045307286882235905,20.675100120520536,16.09212595499827,15.278227626424531
182,0.725,0.06259443942520057,0.1227371,0.06259444,5.965099e+07,0.3826937,9.529759e+08,1.0022535812333362e-17,1.3678389265052598e-19,50558332.12984996,10199338.518107355,0.2017341,0.037602043879099045,0.05305310949604392,0.010702620129925036,20.675100120520536,17.738638319320668,16.137833424985626
183,0.725,0.06259443942520057,0.1227371,0.06259444,5.965099e+07,0.3826937,9.529759e+08,0.000569038404946757,8.560901139066038e-06,44939881.693445355,12948998.732243879,0.2881405,0.033423400894998366,0.04725049273619561,0.013588496912286007,20.675100120520536,17.62280792370305,16.37656846110375
184,0.725,0.06259443942520057,0.1227371,0.06259444,5.965099e+07,0.3826937,9.529759e+08,0.0018680214905813966,0.00010318673929621074,10342685.58830789,1666738.4036321843,0.1611514,0.0076922260077813345,0.011158579365450887,0.0017554417504659304,20.675100120520536,16.179553493386003,14.330065376449861
185,0.725,0.06259443942520057,0.1227371,0.06259444,5.965099e+07,0.3826937,9.529759e+08,9.05278934760043e-06,1.0176476396503914e-07,47403045.56616522,14977607.945547132,0.315963,0.03525534415977115,0.04974360748483481,0.01571667740808897,20.675100120520536,17.674226804119957,16.522067245391025
187,0.725,0.06259443942520057,0.1227371,0.06259444,5.965099e+07,0.3826937,9.529759e+08,0.0,0.0,31383734.980002407,17496617.50594499,0.5575059,0.023341208661259057,0.03293235077479666,0.018359979952844486,20.675100120520536,17.261800322405666,16.677518134837147
188,0.725,0.06259443942520057,0.1227371,0.06259444,5.965099e+07,0.3826937,9.529759e+08,0.004867439773346233,7.19080488808621e-05,50751932.64615789,15664958.77400905,0.3086574,0.03774603152272878,0.05405239507562911,0.01644243991735027,20.675100120520536,17.757298696864414,16.567210633618373
189,0.725,0.06259443942520057,0.1227371,0.06259444,5.965099e+07,0.3826937,9.529759e+08,0.0,0.0,44433202.693383425,12470562.210371627,0.2806586,0.033046565560636176,0.046625738398522215,0.013085916298126048,20.675100120520536,17.6094975563426,16.33888140167373
190,0.725,0.06259443942520057,0.1227371,0.06259444,5.965099e+07,0.3826937,9.529759e+08,1.3401821781138092e-05,2.8827430163840514e-07,58839248.580250844,11990603.795002988,0.2037858,0.043760858274467254,0.061744835953379366,0.012582292602519586,20.675100120520536,17.89035518526409,16.299635318060368
191,0.725,0.06259443942520057,0.1227371,0.06259444,5.965099e+07,0.3826937,9.529759e+08,1.005714638728796e-06,5.707071725925878e-09,42215565.95202336,20906975.22872102,0.4952433,0.03139722962442774,0.04429883790184825,0.021938620547305367,20.675100120520536,17.558303285781488,16.85559342053944
192,0.725,0.06259443942520057,0.1227371,0.06259444,5.965099e+07,0.3826937,9.529759e+08,0.0,0.0,58225703.49188989,17540616.112006903,0.3012521,0.04330454279959949,0.061098823729108416,0.018406149649643044,20.675100120520536,17.879837455961216,16.680029670403542
193,0.725,0.06259443942520057,0.1227371,0.06259444,5.965099e+07,0.3826937,9.529759e+08,0.037461717309594605,0.005244702371536006,6227652.188262712,812074.7045382693,0.1303982,0.004631728163923445,0.012662295067962386,0.001180435357745787,20.675100120520536,16.30597352681342,13.933228159213867
194,0.725,0.06259443942520057,0.1227371,0.06259444,5.965099e+07,0.3826937,9.529759e+08,1.7073753946629749e-07,4.1880132831930094e-09,11861008.336982038,4599838.6877018865,0.3878118,0.00882145706057099,0.012446312198880488,0.004826815848863591,20.675100120520536,16.288769211645324,15.341531847263948
196,0.725,0.06259443942520057,0.1227371,0.06259444,5.965099e+07,0.3826937,9.529759e+08,0.0033247177444954094,4.233841029708899e-05,56321791.76606441,21493727.82369628,0.3816237,0.0418885354029838,0.05964476441169917,0.02255697596779905,20.675100120520536,17.85575121442293,16.88338921520302
197,0.725,0.06259443942520057,0.1227371,0.06259444,5.965099e+07,0.3826937,9.529759e+08,5.213116264712721e-07,7.829334962434283e-09,48462369.70750385,16598714.425287915,0.3425073,0.03604320149538303,0.05085380805072257,0.01741777075268092,20.675100120520536,17.696299849148822,16.624835834204415
198,0.725,0.06259443942520057,0.1227371,0.06259444,5.965099e+07,0.3826937,9.529759e+08,0.00045352786772286753,1.1785191695698872e-05,56662692.758671336,21476129.813607067,0.3790171,0.04214207569085389,0.05953286723344301,0.022536597130502118,20.675100120520536,17.853873392056556,16.882485368500085
199,0.725,0.06259443942520057,0.1227371,0.06259444,5.965099e+07,0.3826937,9.529759e+08,1.2803393478774424e-05,1.7275126384974095e-07,37701447.02807984,14041744.808553256,0.3724458,0.02803991757114147,0.03956390154177292,0.01473463898356479,20.675100120520536,17.445261966831684,16.45754595682152
0,0.735,0.06135086832471734,0.1202819,0.06135087,5.774696e+07,0.3828665,9.412575e+08,0.0009424608578925901,1.5842472264231087e-05,42689909.17222386,11410791.43852287,0.2672948,0.03216347603737444,0.04550514588768616,0.012123894505381235,20.66272727544914,17.57279741246165,16.250150254319955
1,0.735,0.06135086832471734,0.1202819,0.06135087,5.774696e+07,0.3828665,9.412575e+08,1.156597534258667e-08,4.863393323810684e-10,56873430.56514769,13627044.860068673,0.239603,0.042849639566242145,0.060422821597895825,0.014477489202706969,20.66272727544914,17.856338871068594,16.427566970786362
2,0.735,0.06135086832471734,0.1202819,0.06135087,5.774696e+07,0.3828665,9.412575e+08,0.002596976809864621,2.7304569987819047e-05,51535690.16797332,17375963.57206703,0.3371637,0.03882807361102697,0.05516810046086362,0.018462047680483904,20.66272727544914,17.765356892505405,16.670689144659942
3,0.735,0.06135086832471734,0.1202819,0.06135087,5.774696e+07,0.3828665,9.412575e+08,0.0009704088398099378,6.077470298066707e-06,38171405.26363168,14976516.846284619,0.3923491,0.028759140094599782,0.040709127043931544,0.015911552627124407,20.66272727544914,17.46142431546855,16.522017422183787
5,0.735,0.06135086832471734,0.1202819,0.06135087,5.774696e+07,0.3828665,9.412575e+08,0.0,0.0,35532212.88819479,10469214.001864208,0.2946401,0.026770717013563657,0.03774972730032874,0.011122582622780063,20.66272727544914,17.385950248303594,16.16394950857353
6,0.735,0.06135086832471734,0.1202819,0.06135087,5.774696e+07,0.3828665,9.412575e+08,8.40456577538227e-07,3.8417074180822347e-08,22243204.001189414,8372722.837087815,0.3764171,0.016758498032883457,0.023631505115963115,0.008895254810119746,20.66272727544914,16.917552780769114,15.94048996361854
7,0.735,0.06135086832471734,0.1202819,0.06135087,5.774696e+07,0.3828665,9.412575e+08,0.0005592530616369849,6.196700847690463e-06,53403057.17452225,17193076.32788615,0.3219493,0.04023498721503152,0.056825480529969774,0.01826645171976493,20.66272727544914,17.79495682248257,16.660038134517478
8,0.735,0.06135086832471734,0.1202819,0.06135087,5.774696e+07,0.3828665,9.412575e+08,0.0,0.0,12978747.63793027,9971253.910345206,0.7682755,0.00977846162575835,0.0137887326515043,0.010593545556599068,20.66272727544914,16.37882378060462,16.115216902369387
9,0.735,0.06135086832471734,0.1202819,0.06135087,5.774696e+07,0.3828665,9.412575e+08,0.04296687294972176,0.0030790780804605105,9113221.856744437,1322594.1367199752,0.1451291,0.006866093146981682,0.016567014185745552,0.0015940394525414839,20.66272727544914,16.562385617688236,14.221243327182112
10,0.735,0.06135086832471734,0.1202819,0.06135087,5.774696e+07,0.3828665,9.412575e+08,0.06576494446493454,0.0207097166184151,7817624.635064413,531271.898180515,0.06795823,0.005889962932567746,0.018843743483295036,0.001834986912187255,20.66272727544914,16.691152944565946,14.362009345625081
11,0.735,0.06135086832471734,0.1202819,0.06135087,5.774696e+07,0.3828665,9.412575e+08,0.0,0.0,34044647.06203933,7935444.499327561,0.2330893,0.025649953612298357,0.03616932462584983,0.008430684201941025,20.66272727544914,17.343183370037988,15.88684992793233
12,0.735,0.06135086832471734,0.1202819,0.06135087,5.774696e+07,0.3828665,9.412575e+08,0.006426166163300691,0.00013654524605701945,17160300.720780037,4081506.604135661,0.2378459,0.012928931724831682,0.019260984937168938,0.004344604743118055,20.66272727544914,16.713053540530932,15.223906782834314
13,0.735,0.06135086832471734,0.1202819,0.06135087,5.774696e+07,0.3828665,9.412575e+08,0.0,0.0,1644537.419280756,1134040.240283985,0.6895801,0.0012390291032059082,0.0017471706394526483,0.0012048140641570564,20.66272727544914,14.31296969855168,13.941297247899493
14,0.735,0.06135086832471734,0.1202819,0.06135087,5.774696e+07,0.3828665,9.412575e+08,5.433071375686988e-13,9.634634030678685e-15,14901123.658087483,7668540.5179669345,0.5146283,0.01122682017835465,0.015831081400259822,0.008147123126152747,20.66272727544914,16.51694718137221,15.852636870747803
15,0.735,0.06135086832471734,0.1202819,0.06135087,5.774696e+07,0.3828665,9.412575e+08,8.042320654331978e-06,1.2421550500408387e-07,55723993.995180696,18194450.72673586,0.3265102,0.0419836298629779,0.05920293719635702,0.01932994790547113,20.66272727544914,17.835943151929516,16.716627594674357
16,0.735,0.06135086832471734,0.1202819,0.06135087,5.774696e+07,0.3828665,9.412575e+08,7.726635120896406e-11,1.080098033095567e-12,36005641.407411985,19444886.010534782,0.5400511,0.027127408023886992,0.03825270182636839,0.02065841344010118,20.66272727544914,17.39918619022843,16.783094663410147
17,0.735,0.06135086832471734,0.1202819,0.06135087,5.774696e+07,0.3828665,9.412575e+08,0.0,0.0,28791527.282453023,17402441.164770726,0.6044292,0.021692142611329665,0.03058836517985849,0.018488502542670815,20.66272727544914,17.17559171024185,16.67212105116998
19,0.735,0.06135086832471734,0.1202819,0.06135087,5.774696e+07,0.3828665,9.412575e+08,8.966412236289206e-05,8.028408505573303e-07,53109026.03732177,19162940.93134488,0.3608227,0.04001345796798072,0.05643785198989348,0.02035892182807086,20.66272727544914,17.788112064433502,16.76849123134787
20,0.735,0.06135086832471734,0.1202819,0.06135087,5.774696e+07,0.3828665,9.412575e+08,0.061486096211073024,0.0031219042744346096,8259351.332514023,1514315.8372212106,0.1833456,0.00622276912316356,0.01862739133032716,0.0018003536534080772,20.66272727544914,16.67960514606549,14.342955116186209
21,0.735,0.06135086832471734,0.1202819,0.06135087,5.774696e+07,0.3828665,9.412575e+08,8.467703053517271e-14,1.8263238725506924e-15,57094633.25331054,23960196.659564327,0.4196576,0.04301629832701453,0.06065782737503845,0.02545551814650172,20.66272727544914,17.860220681650777,16.99190453900607
22,0.735,0.06135086832471734,0.1202819,0.06135087,5.774696e+07,0.3828665,9.412575e+08,2.409829852311436e-08,5.842240454625195e-10,49069495.25210459,24071454.96833341,0.4905584,0.036969990456995595,0.05213185589000966,0.02557371996249075,20.66272727544914,17.70874819580283,16.99653725670964
23,0.735,0.06135086832471734,0.1202819,0.06135087,5.774696e+07,0.3828665,9.412575e+08,2.209543978420691e-05,3.365381113484204e-07,20354843.5328335,6790915.350663361,0.3336265,0.015335767512917663,0.021628700697931064,0.007214747278590306,20.66272727544914,16.828993165183952,15.73109916085696
24,0.735,0.06135086832471734,0.1202819,0.06135087,5.774696e+07,0.3828665,9.412575e+08,0.0,0.0,52661390.73566167,18765426.31656305,0.3563413,0.03967620011061814,0.05594791255423787,0.019936549641692107,20.66272727544914,17.77939312140003,16.747526709001587
25,0.735,0.06135086832471734,0.1202819,0.06135087,5.774696e+07,0.3828665,9.412575e+08,0.01067749372906897,0.00011995285391206963,35708579.49838274,11517174.65772855,0.3225324,0.0269035953295537,0.0396480716142079,0.012243304210936888,20.66272727544914,17.435014308162305,16.259951188994663
26,0.735,0.06135086832471734,0.1202819,0.06135087,5.774696e+07,0.3828665,9.412575e+08,0.025744934899413346,0.0007150991661310146,29728642.307306223,6156349.191858388,0.2070848,0.02239818479391038,0.035709355052274,0.0065844300643899106,20.66272727544914,17.33038469720665,15.639679777330336
27,0.735,0.06135086832471734,0.1202819,0.06135087,5.774696e+07,0.3828665,9.412575e+08,1.396509580707908e-10,4.546764559875419e-12,52956518.20155508,16865903.583268296,0.3184859,0.03989855535477991,0.05626145852410195,0.017918480421000138,20.66272727544914,17.784981723901208,16.64080460248298
28,0.735,0.06135086832471734,0.1202819,0.06135087,5.774696e+07,0.3828665,9.412575e+08,0.055206251092185916,0.0021312060514151413,22661575.537408147,4229099.449183878,0.1866198,0.017073707953466893,0.03292214981423729,0.004623782818229184,20.66272727544914,17.249117674342834,15.28618515835799
29,0.735,0.06135086832471734,0.1202819,0.06135087,5.774696e+07,0.3828665,9.412575e+08,0.0012158906927614214,1.450833737680546e-05,26269258.666356854,10422959.128428996,0.396774,0.019791812351399887,0.02810352078536516,0.011074331148172667,20.66272727544914,17.090866859810813,16.159601917632955
30,0.735,0.06135086832471734,0.1202819,0.06135087,5.774696e+07,0.3828665,9.412575e+08,3.2711822168496473e-06,1.2152865792637405e-07,53790332.10519302,21863532.71400725,0.4064584,0.04052676829852489,0.05714783371153048,0.023228011869027884,20.66272727544914,17.800613480679345,16.900330954956008
31,0.735,0.06135086832471734,0.1202819,0.06135087,5.774696e+07,0.3828665,9.412575e+08,3.6542354043756116e-07,3.4293230508103546e-09,38088591.469921984,16050315.001758453,0.4213943,0.02869674643949032,0.040465704356330214,0.017051992336726957,20.66272727544914,17.455426805820206,16.591239045963754
32,0.735,0.06135086832471734,0.1202819,0.06135087,5.774696e+07,0.3828665,9.412575e+08,0.0,0.0,33246059.669354286,13119575.24993441,0.3946205,0.025048281063294976,0.035320898540083676,0.013938349112664226,20.66272727544914,17.319446811858892,16.389615966713357
33,0.735,0.06135086832471734,0.1202819,0.06135087,5.774696e+07,0.3828665,9.412575e+08,2.5942251805365787e-14,1.7583789145649992e-15,37196650.32515152,19522540.306877814,0.5248467,0.028024739208909494,0.03951803988900507,0.020740914029566907,20.66272727544914,17.431729270166375,16.787080269153943
35,0.735,0.06135086832471734,0.1202819,0.06135087,5.774696e+07,0.3828665,9.412575e+08,6.012263567879832e-12,1.1188834448641394e-13,49373076.69581655,21372660.49721801,0.4328809,0.03719871510597129,0.052454379555368406,0.022706497565784512,20.66272727544914,17.71491582744912,16.877623116374718
36,0.735,0.06135086832471734,0.1202819,0.06135087,5.774696e+07,0.3828665,9.412575e+08,0.0,0.0,42911194.46545545,20477323.798367776,0.4772024,0.03233019703454416,0.04558922052784698,0.021755284188498744,20.66272727544914,17.574643293109187,16.834828675689177
37,0.735,0.06135086832471734,0.1202819,0.06135087,5.774696e+07,0.3828665,9.412575e+08,0.0,0.0,44692741.847721994,13792655.906134496,0.3086106,0.033672452327423996,0.047481951725444886,0.014653435766642967,20.66272727544914,17.615321671628266,16.439646827754125
38,0.735,0.06135086832471734,0.1202819,0.06135087,5.774696e+07,0.3828665,9.412575e+08,7.950881961818165e-05,8.462065707443449e-07,58411629.53789065,15756288.863209838,0.2697458,0.044008551045789684,0.06206975607029967,0.016739668153960437,20.66272727544914,17.883230846971838,16.57275323779304
39,0.735,0.06135086832471734,0.1202819,0.06135087,5.774696e+07,0.3828665,9.412575e+08,0.0,0.0,14372334.212005783,1736115.2683734961,0.1207956,0.01082841908058583,0.015269290963655702,0.001844463730678896,20.66272727544914,16.480815681329094,14.367160570830787
40,0.735,0.06135086832471734,0.1202819,0.06135087,5.774696e+07,0.3828665,9.412575e+08,0.0014738984596422723,2.126392178017139e-05,12273124.190517679,3236733.634437369,0.2637253,0.009246830069675511,0.01327525103331278,0.0034400380954146877,20.66272727544914,16.340873473646926,14.990454542039448
41,0.735,0.06135086832471734,0.1202819,0.06135087,5.774696e+07,0.3828665,9.412575e+08,0.0,0.0,37927074.39558085,15917077.712220293,0.4196759,0.028575056076335887,0.040294048677394285,0.016910439688772882,20.66272727544914,17.45117577901564,16.582903160740983
42,0.735,0.06135086832471734,0.1202819,0.06135087,5.774696e+07,0.3828665,9.412575e+08,0.007050265363752735,0.00019889401489678346,42904350.673802406,9264843.44658829,0.2159418,0.032325040777875874,0.04671169030179089,0.00985525135012581,20.66272727544914,17.59896645747659,16.0429764415791
43,0.735,0.06135086832471734,0.1202819,0.06135087,5.774696e+07,0.3828665,9.412575e+08,0.0,0.0,12601208.88067857,6401540.738449832,0.50801,0.009494015980229874,0.013387632242239,0.006801051708735936,20.66272727544914,16.34930331023048,15.67204925973937
44,0.735,0.06135086832471734,0.1202819,0.06135087,5.774696e+07,0.3828665,9.412575e+08,0.0,0.0,40673054.2738722,14395273.351745818,0.3539265,0.030643935109510346,0.043211401218984175,0.015293661702185702,20.66272727544914,17.52107637400319,16.48241047120177
45,0.735,0.06135086832471734,0.1202819,0.06135087,5.774696e+07,0.3828665,9.412575e+08,0.0,0.0,54181059.407015756,10198212.739411077,0.1882247,0.04082115047110398,0.057562421566411705,0.010834668560465936,20.66272727544914,17.80784194790026,16.13772304127503
46,0.735,0.06135086832471734,0.1202819,0.06135087,5.774696e+07,0.3828665,9.412575e+08,0.005125610784977903,0.00010189253831151077,34005091.96299805,8337162.839910675,0.245174,0.025620151968189963,0.03694863329671919,0.008863724403333233,20.66272727544914,17.364500655266973,15.936939034306855
47,0.735,0.06135086832471734,0.1202819,0.06135087,5.774696e+07,0.3828665,9.412575e+08,4.53885390672055e-06,6.644033043910987e-08,40529719.64589484,15005677.410099283,0.3702389,0.030535943784120615,0.043059848592494565,0.01594216427796879,20.66272727544914,17.517562972198583,16.52393943714733
48,0.735,0.06135086832471734,0.1202819,0.06135087,5.774696e+07,0.3828665,9.412575e+08,0.0,0.0,26762303.472581644,7335378.736860469,0.2740937,0.0201632826852061,0.02843250042426289,0.007793169196425494,20.66272727544914,17.102504868465225,15.808219602426693
49,0.735,0.06135086832471734,0.1202819,0.06135087,5.774696e+07,0.3828665,9.412575e+08,0.04053213829028769,0.001792701461630935,14617750.627191512,2537584.993903405,0.1735961,0.011013320972907971,0.02202492868954069,0.002805935822864222,20.66272727544914,16.847146930578702,14.786709106490216
50,0.735,0.06135086832471734,0.1202819,0.06135087,5.774696e+07,0.3828665,9.412575e+08,8.888285209960811e-11,1.8229447836492637e-12,34755269.73736446,12380538.764637684,0.3562205,0.026185351691906035,0.036924296256731284,0.013153190421063572,20.66272727544914,17.36384176598194,16.331636343235267
51,0.735,0.06135086832471734,0.1202819,0.06135087,5.774696e+07,0.3828665,9.412575e+08,0.014401850493867465,0.0004471449426588557,16286480.651372364,3384228.7354008267,0.2077937,0.012270577293811785,0.019610661631247178,0.003622866324384928,20.66272727544914,16.73104537558836,15.042237511310883
52,0.735,0.06135086832471734,0.1202819,0.06135087,5.774696e+07,0.3828665,9.412575e+08,5.26030570933742e-05,1.2652177203044568e-06,46409996.94829852,11048841.026594866,0.2380703,0.03496626846216034,0.04931480741211329,0.011738460960475539,20.66272727544914,17.65319638560554,16.217842708617173
53,0.735,0.06135086832471734,0.1202819,0.06135087,5.774696e+07,0.3828665,9.412575e+08,0.001568080836396523,7.5539787391331325e-06,12270241.247553255,4847176.861005921,0.3950352,0.00924465799977067,0.013287280036288302,0.0051501456556081494,20.66272727544914,16.341779185814666,15.393996993385061
54,0.735,0.06135086832471734,0.1202819,0.06135087,5.774696e+07,0.3828665,9.412575e+08,0.0,0.0,43581275.59244369,9981791.75609263,0.2290385,0.032835050258382965,0.046301120456300554,0.010604741054176152,20.66272727544914,17.590138157186477,16.116273166851844
55,0.735,0.06135086832471734,0.1202819,0.06135087,5.774696e+07,0.3828665,9.412575e+08,0.000754453212937694,1.705706278939129e-05,50678492.329397604,17015279.399768725,0.3357495,0.03818224271855326,0.05396215854568798,0.01807822503316522,20.66272727544914,17.743255029706397,16.649680173667353
56,0.735,0.06135086832471734,0.1202819,0.06135087,5.774696e+07,0.3828665,9.412575e+08,0.00010220243195739411,2.8134075567716457e-06,52292692.67138161,9581292.789134884,0.1832243,0.03939841522923886,0.055572581579825,0.010179420126465062,20.66272727544914,17.772661939037967,16.07534004393015
58,0.735,0.06135086832471734,0.1202819,0.06135087,5.774696e+07,0.3828665,9.412575e+08,0.0,0.0,36412771.41155762,8562780.527104335,0.2351587,0.027434148337613273,0.03868524021739704,0.009097171370887171,20.66272727544914,17.410430134023837,15.962935523305504
59,0.735,0.06135086832471734,0.1202819,0.06135087,5.774696e+07,0.3828665,9.412575e+08,3.460375056862474e-05,6.281344834886447e-07,33895331.74488149,10136879.705596387,0.2990642,0.025537456309808335,0.03601623568923913,0.010769546356629245,20.66272727544914,17.338941824624825,16.131694365729544
60,0.735,0.06135086832471734,0.1202819,0.06135087,5.774696e+07,0.3828665,9.412575e+08,0.0,0.0,423420.4711883825,257199.01892498147,0.6074317,0.0003190138944512515,0.00044984553512141825,0.00027325044057573795,20.66272727544914,12.956120986037915,12.457605456894242
61,0.735,0.06135086832471734,0.1202819,0.06135087,5.774696e+07,0.3828665,9.412575e+08,0.0,0.0,56262902.28737236,23018757.177558497,0.4091285,0.0423896547123708,0.05977418927316501,0.024455324777534985,20.66272727544914,17.84554594674434,16.95181997098903
62,0.735,0.06135086832471734,0.1202819,0.06135087,5.774696e+07,0.3828665,9.412575e+08,0.0035376376719521182,7.119395667255848e-05,45889778.301132455,11826691.6892145,0.2577195,0.03457432478467864,0.049320567654913064,0.012569146355468892,20.66272727544914,17.65331318432613,16.28621710550365
64,0.735,0.06135086832471734,0.1202819,0.06135087,5.774696e+07,0.3828665,9.412575e+08,0.010980291842526699,0.000448443068514082,38075363.93763015,5373028.752362333,0.1411156,0.028686780538270302,0.04221108430765225,0.00573586413731795,20.66272727544914,17.4976548443383,15.501710413521105
65,0.735,0.06135086832471734,0.1202819,0.06135087,5.774696e+07,0.3828665,9.412575e+08,0.05339756141037998,0.001023990243301752,28525099.050113592,6864330.3929258175,0.2406418,0.021491409973741743,0.03886178140069839,0.007355546091955673,20.66272727544914,17.414983280865822,15.75042659548079
66,0.735,0.06135086832471734,0.1202819,0.06135087,5.774696e+07,0.3828665,9.412575e+08,0.0014919568878684222,3.4081861467269754e-05,47106714.721868806,15001769.033719998,0.3184635,0.035491190296138404,0.050285649656442395,0.015940098861051973,20.66272727544914,17.67269173776776,16.523809871883365
67,0.735,0.06135086832471734,0.1202819,0.06135087,5.774696e+07,0.3828665,9.412575e+08,0.0013608131069070607,6.560823600756104e-05,58104690.39128692,10671098.08042118,0.183653,0.04377729663278792,0.0619489786096431,0.01134109111919323,20.66272727544914,17.881283117071984,16.183404508761637
68,0.735,0.06135086832471734,0.1202819,0.06135087,5.774696e+07,0.3828665,9.412575e+08,0.0025932121696385286,2.7882860899604627e-05,47151929.33348111,16070319.260450855,0.34082,0.03552525593612992,0.05051015215482884,0.01707495545983077,20.66272727544914,17.677146345312828,16.592584793418595
69,0.735,0.06135086832471734,0.1202819,0.06135087,5.774696e+07,0.3828665,9.412575e+08,0.00038897850151348726,4.290686481999796e-06,44296299.17305798,13921415.052920567,0.3142794,0.03337376407265851,0.04712309788707472,0.014790493824332058,20.66272727544914,17.607735278281567,16.448956661701413
70,0.735,0.06135086832471734,0.1202819,0.06135087,5.774696e+07,0.3828665,9.412575e+08,0.008111914914746348,0.0001557001709520999,26256238.668036073,6749244.638202649,0.257053,0.019782002810641495,0.029194713169236684,0.007180007650549698,20.66272727544914,17.128959633500592,15.726272445062738
71,0.735,0.06135086832471734,0.1202819,0.06135087,5.774696e+07,0.3828665,9.412575e+08,4.888878534164977e-06,2.4580820813936213e-07,51735341.278009914,20984533.448683567,0.4056131,0.03897849495925686,0.05496485307712254,0.0222941631457135,20.66272727544914,17.7616659424682,16.859296898327884
72,0.735,0.06135086832471734,0.1202819,0.06135087,5.774696e+07,0.3828665,9.412575e+08,0.0034130155156678436,5.532933129755003e-05,52209673.05358155,13918084.366051827,0.2665806,0.03933586650192788,0.05601490840571768,0.014790086539253441,20.66272727544914,17.780589873302162,16.448929124372963
73,0.735,0.06135086832471734,0.1202819,0.06135087,5.774696e+07,0.3828665,9.412575e+08,1.2323880986220784e-05,2.4564030601477894e-07,17895982.892681215,4145484.5628046696,0.2316433,0.013483210156570835,0.019014820290959578,0.0044042133752041955,20.66272727544914,16.70019068689326,15.237533664472604
74,0.735,0.06135086832471734,0.1202819,0.06135087,5.774696e+07,0.3828665,9.412575e+08,2.2924127193394986e-13,4.172277023311002e-15,45829662.04468612,21823763.294295855,0.476193,0.03452903193184384,0.048689825480282035,0.023185753041019132,20.66272727544914,17.640442082352088,16.898509993447377
75,0.735,0.06135086832471734,0.1202819,0.06135087,5.774696e+07,0.3828665,9.412575e+08,0.0,0.0,57589481.31628663,20195285.81499218,0.3506766,0.04338912727240916,0.06118355819542784,0.02145564461934878,20.66272727544914,17.86885049295309,16.8209597596397
76,0.735,0.06135086832471734,0.1202819,0.06135087,5.774696e+07,0.3828665,9.412575e+08,0.05546293497066858,0.001007920695242233,20673133.798580404,4682311.376016432,0.2264926,0.015575574097981586,0.030850743528985237,0.005036364519008536,20.66272727544914,17.184132847953745,15.371656492676259
77,0.735,0.06135086832471734,0.1202819,0.06135087,5.774696e+07,0.3828665,9.412575e+08,0.0013960593564393718,6.744324632362592e-05,10699835.933744207,2182882.117145069,0.2040108,0.00806148158503782,0.01159130310849469,0.0023232503590274027,20.66272727544914,16.205227081363393,14.59793921845901
78,0.735,0.06135086832471734,0.1202819,0.06135087,5.774696e+07,0.3828665,9.412575e+08,0.0,0.0,571429.2459793729,67134.01936731212,0.1174844,0.0004305268204241315,0.0006070913251316423,7.132375716833028e-05,20.66272727544914,13.255895950492057,11.11444618952312
79,0.735,0.06135086832471734,0.1202819,0.06135087,5.774696e+07,0.3828665,9.412575e+08,7.153535735041151e-10,2.357468089187628e-10,11943804.661843723,9511761.059815492,0.7963761,0.008998713805796553,0.01268920048421223,0.010105376431174339,20.66272727544914,16.295723272600313,16.068039598600482
80,0.735,0.06135086832471734,0.1202819,0.06135087,5.774696e+07,0.3828665,9.412575e+08,0.0009095058089881617,2.5861578162139656e-05,16516335.014381321,3852604.2895118124,0.2332602,0.012443754408499458,0.01769283578397126,0.0040946264244140235,20.66272727544914,16.628131796142444,15.164647482361255
81,0.735,0.06135086832471734,0.1202819,0.06135087,5.774696e+07,0.3828665,9.412575e+08,1.853983242934662e-08,4.677552203607416e-10,30554542.739971265,10941197.725134986,0.3580874,0.023020435562074653,0.032461410872719657,0.011624022201547752,20.66272727544914,17.23502402257251,16.20804583270802
82,0.735,0.06135086832471734,0.1202819,0.06135087,5.774696e+07,0.3828665,9.412575e+08,2.524245467399916e-08,8.502668011449989e-10,43271261.54676341,21452136.420445334,0.4957594,0.03260147915170151,0.04597176292382043,0.02279093351947796,20.66272727544914,17.582999354991202,16.88133480068814
83,0.735,0.06135086832471734,0.1202819,0.06135087,5.774696e+07,0.3828665,9.412575e+08,0.0,0.0,612610.7454247195,484893.54589374113,0.7915198,0.00046155382882674873,0.0006508429028555553,0.0005151550561957732,20.66272727544914,13.325485013913752,13.09168465282491
84,0.735,0.06135086832471734,0.1202819,0.06135087,5.774696e+07,0.3828665,9.412575e+08,0.0,0.0,43725719.83688882,11415339.387512187,0.2610669,0.0329438775921729,0.046454579258741684,0.012127754335910144,20.66272727544914,17.593447041555358,16.25046856921778
85,0.735,0.06135086832471734,0.1202819,0.06135087,5.774696e+07,0.3828665,9.412575e+08,3.762307889843131e-09,6.183912120943427e-11,41309186.36186641,21005973.073052112,0.5085061,0.031123210412867496,0.04388723400051773,0.022316925709516582,20.66272727544914,17.536595477003686,16.860317387464672
86,0.735,0.06135086832471734,0.1202819,0.06135087,5.774696e+07,0.3828665,9.412575e+08,0.009117683096185714,0.00015719517217853565,43526052.249930605,11828029.004368355,0.271746,0.03279344382988349,0.04770347620336065,0.012575843379790518,20.66272727544914,17.61997626808667,16.28674977817924
88,0.735,0.06135086832471734,0.1202819,0.06135087,5.774696e+07,0.3828665,9.412575e+08,0.006528988084593194,0.00012212975851325083,43180747.90617019,11819290.111434665,0.2737167,0.03253328426989628,0.04692180716246724,0.012564407811513967,20.66272727544914,17.603454535334674,16.28584003634904
89,0.735,0.06135086832471734,0.1202819,0.06135087,5.774696e+07,0.3828665,9.412575e+08,0.0,0.0,13838435.386692367,9227450.88932484,0.6667987,0.01042616846897002,0.014702072278881824,0.00980332285650914,20.66272727544914,16.44296045166867,16.037693391664035
90,0.735,0.06135086832471734,0.1202819,0.06135087,5.774696e+07,0.3828665,9.412575e+08,6.215850646834187e-09,1.8634096491695368e-10,15626409.556990271,4833097.008286101,0.3092903,0.011773265839213157,0.016601632347162023,0.005134723667764078,20.66272727544914,16.5644730211614,15.390998024916389
93,0.735,0.06135086832471734,0.1202819,0.06135087,5.774696e+07,0.3828665,9.412575e+08,1.1978351993610882e-13,1.717270145795851e-15,42326829.496473715,21694749.12305681,0.5125531,0.031889924168160215,0.044968386179824356,0.023048687280508188,20.66272727544914,17.560931710010713,16.8925808133338
94,0.735,0.06135086832471734,0.1202819,0.06135087,5.774696e+07,0.3828665,9.412575e+08,0.0,0.0,42399936.00723967,14717949.406540276,0.347122,0.03194500415199693,0.045046055162988874,0.015636475506469863,20.66272727544914,17.56265741093783,16.50457835494003
95,0.735,0.06135086832471734,0.1202819,0.06135087,5.774696e+07,0.3828665,9.412575e+08,0.0,0.0,42725340.56716569,4482624.963546224,0.1049172,0.03219017079602536,0.04539176775449403,0.004762379154261368,20.66272727544914,17.570302758079055,15.315719362164579
96,0.735,0.06135086832471734,0.1202819,0.06135087,5.774696e+07,0.3828665,9.412575e+08,0.0035088104434879103,4.899507324242231e-05,52906075.31841881,17461976.880732942,0.3300562,0.039860550624986175,0.056770122399321964,0.018554759687510334,20.66272727544914,17.793982169703717,16.675698339535433
97,0.735,0.06135086832471734,0.1202819,0.06135087,5.774696e+07,0.3828665,9.412575e+08,3.913951906833361e-09,8.562356273924186e-11,40561930.67167274,20390423.948341474,0.5026986,0.030560212248866396,0.04309334317942607,0.021662961048800097,20.66272727544914,17.518340531054623,16.830575934550566
98,0.735,0.06135086832471734,0.1202819,0.06135087,5.774696e+07,0.3828665,9.412575e+08,1.0424224910238762e-12,4.9105321820200924e-14,21758045.127303384,11206731.00127552,0.5150615,0.016392969126471403,0.023115933497707172,0.011906126999676744,20.66272727544914,16.895494138023917,16.232025138004804
99,0.735,0.06135086832471734,0.1202819,0.06135087,5.774696e+07,0.3828665,9.412575e+08,0.0,0.0,52551353.1023339,15739785.039447675,0.2995125,0.03959329544177781,0.05583100763013514,0.016722082434734917,20.66272727544914,17.777301403810807,16.57170214390015
100,0.735,0.06135086832471734,0.1202819,0.06135087,5.774696e+07,0.3828665,9.412575e+08,0.0013074338056841808,3.791793778571925e-05,32524050.816991676,4411110.672582037,0.1356261,0.02450430439826973,0.034763334485859894,0.004688728057440405,20.66272727544914,17.303535221085525,15.300133339038588
101,0.735,0.06135086832471734,0.1202819,0.06135087,5.774696e+07,0.3828665,9.412575e+08,0.0,0.0,26105052.00107627,13945997.027195102,0.534226,0.01966809559382558,0.027734230831678332,0.014816346687000752,20.66272727544914,17.077639416821597,16.450703073597655
102,0.735,0.06135086832471734,0.1202819,0.06135087,5.774696e+07,0.3828665,9.412575e+08,0.0,0.0,49406661.80424936,21933764.227411672,0.4439435,0.03722401883350872,0.05249006066125528,0.023302618974502108,20.66272727544914,17.715595827403153,16.903537753061133
103,0.735,0.06135086832471734,0.1202819,0.06135087,5.774696e+07,0.3828665,9.412575e+08,0.0,0.0,17406034.17598314,6406186.179517642,0.368044,0.013114072481775449,0.018492319788556467,0.006805987065113861,20.66272727544914,16.672327495789574,15.672774672031696
104,0.735,0.06135086832471734,0.1202819,0.06135087,5.774696e+07,0.3828665,9.412575e+08,0.0,0.0,11883154.26393412,7717008.304075569,0.6494074,0.008953018519541599,0.012624764867382907,0.008198615717233064,20.66272727544914,16.290632347089282,15.858937321514782
105,0.735,0.06135086832471734,0.1202819,0.06135087,5.774696e+07,0.3828665,9.412575e+08,0.0035859670180299484,8.233711490783923e-05,13117745.043316308,3047965.3524428834,0.2323544,0.00988318519636505,0.01451102317101777,0.003243235949282337,20.66272727544914,16.429880575764553,14.931543577631016
106,0.735,0.06135086832471734,0.1202819,0.06135087,5.774696e+07,0.3828665,9.412575e+08,0.019314609724947703,0.0002455383051269143,35930168.46798473,10738926.04337303,0.2988833,0.027070545122892153,0.04126750864082252,0.011424190993947493,20.66272727544914,17.475047471092196,16.190705120582347
107,0.735,0.06135086832471734,0.1202819,0.06135087,5.774696e+07,0.3828665,9.412575e+08,0.00032103962044991715,3.2353050668293458e-06,52243954.40533893,17754103.772121347,0.3398308,0.03936169479383942,0.05555586829067578,0.01886231039743113,20.66272727544914,17.772361146769295,16.6921377686844
108,0.735,0.06135086832471734,0.1202819,0.06135087,5.774696e+07,0.3828665,9.412575e+08,0.001293901659863514,2.571280619553935e-05,23904232.089807004,5729925.051871715,0.2397034,0.01800995155343623,0.025603396839824058,0.0060890989540179725,20.66272727544914,16.997697028205735,15.561472112237128
109,0.735,0.06135086832471734,0.1202819,0.06135087,5.774696e+07,0.3828665,9.412575e+08,0.007250892891311213,8.150082721413315e-05,42651581.816002145,13502668.615867978,0.3165807,0.032134599400545825,0.04647529523250272,0.014350350932286277,20.66272727544914,17.59389288255574,16.4187463935852
110,0.735,0.06135086832471734,0.1202819,0.06135087,5.774696e+07,0.3828665,9.412575e+08,0.0,0.0,5234259.470356697,1936099.486026311,0.3698899,0.003943601247054325,0.005560922091930174,0.002056928676347156,20.66272727544914,15.470735934851254,14.476185932908656
112,0.735,0.06135086832471734,0.1202819,0.06135087,5.774696e+07,0.3828665,9.412575e+08,2.0041124201786123e-06,6.457750287021995e-08,52589588.70119765,23121128.337893512,0.4396522,0.039622102946681774,0.055871950598573784,0.024564088736953947,20.66272727544914,17.77803447249442,16.956257565407437
113,0.735,0.06135086832471734,0.1202819,0.06135087,5.774696e+07,0.3828665,9.412575e+08,0.0,0.0,12032193.937011274,7835340.208458234,0.651198,0.009065308145979927,0.012783105892561835,0.008324332545943676,20.66272727544914,16.30309644347697,15.874154854457931
114,0.735,0.06135086832471734,0.1202819,0.06135087,5.774696e+07,0.3828665,9.412575e+08,7.896949029519283e-17,1.586219437972711e-17,32383805.84834004,12851280.768135455,0.3968428,0.024398640887242064,0.03440483269556746,0.013653310757300254,20.66272727544914,17.29316903631548,16.36895403501073
115,0.735,0.06135086832471734,0.1202819,0.06135087,5.774696e+07,0.3828665,9.412575e+08,0.0,0.0,32767157.84647113,11797056.591490382,0.3600268,0.024687466350796612,0.03481210914173253,0.012533293962765424,20.66272727544914,17.304937286564943,16.283360616921094
116,0.735,0.06135086832471734,0.1202819,0.06135087,5.774696e+07,0.3828665,9.412575e+08,0.0,0.0,36334347.96358854,12088581.386145663,0.332704,0.02737506246138557,0.03860192247458998,0.012843012401471994,20.66272727544914,17.40827407673875,16.307771877918572
117,0.735,0.06135086832471734,0.1202819,0.06135087,5.774696e+07,0.3828665,9.412575e+08,0.0,0.0,8134392.716155703,5998333.039899527,0.7374039,0.006128622671675691,0.008642048491459966,0.006372680396384484,20.66272727544914,15.911611645099624,15.606992161907934
118,0.735,0.06135086832471734,0.1202819,0.06135087,5.774696e+07,0.3828665,9.412575e+08,0.0,0.0,31617809.824831437,9203063.362441756,0.2910721,0.02382152336170577,0.03359103195955439,0.009777413339073152,20.66272727544914,17.269231121844783,16.03504696077412
119,0.735,0.06135086832471734,0.1202819,0.06135087,5.774696e+07,0.3828665,9.412575e+08,0.0,0.0,39436890.56518763,19193146.93925223,0.48668,0.029712583354646056,0.04189809030732663,0.020390963694598106,20.66272727544914,17.490212244965644,16.770063843035967
120,0.735,0.06135086832471734,0.1202819,0.06135087,5.774696e+07,0.3828665,9.412575e+08,0.0015705109000583876,1.2349280401976105e-05,46505002.1576491,18477759.78398461,0.3973284,0.03503784738639851,0.04965897263813173,0.019631687892737237,20.66272727544914,17.660151088417837,16.73211698642498
121,0.735,0.06135086832471734,0.1202819,0.06135087,5.774696e+07,0.3828665,9.412575e+08,0.0,0.0,12452190.122565297,2230899.197736832,0.1791572,0.00938174211156552,0.013229313437296834,0.002370126414982372,20.66272727544914,16.33740707886309,14.617915289846543
122,0.735,0.06135086832471734,0.1202819,0.06135087,5.774696e+07,0.3828665,9.412575e+08,0.00023365407673977507,1.4406256977046443e-06,58646179.44540788,24644455.401393596,0.4202227,0.044185265882534,0.06234364427150059,0.026182568878028858,20.66272727544914,17.887633727094073,17.020065875818247
123,0.735,0.06135086832471734,0.1202819,0.06135087,5.774696e+07,0.3828665,9.412575e+08,3.984363945770234e-07,1.1128561756647776e-08,47738008.64404303,24099584.617058765,0.5048301,0.03596682042354101,0.05071733309789141,0.025603605789126935,20.66272727544914,17.681239724336017,16.9977051891717
124,0.735,0.06135086832471734,0.1202819,0.06135087,5.774696e+07,0.3828665,9.412575e+08,1.3130052397944386e-06,8.8172319339539e-09,41709783.98316278,18404725.18690817,0.4412568,0.03142502909187229,0.04431304213867008,0.01955333821314218,20.66272727544914,17.546251035125582,16.728118020912206
125,0.735,0.06135086832471734,0.1202819,0.06135087,5.774696e+07,0.3828665,9.412575e+08,5.9090149759138e-07,1.2080954619877388e-08,53036492.19801804,18386041.26189672,0.3466677,0.03995880944687629,0.056346518247103156,0.019533488451417304,20.66272727544914,17.78649244705986,16.727102345549167
126,0.735,0.06135086832471734,0.1202819,0.06135087,5.774696e+07,0.3828665,9.412575e+08,1.4028641559342671e-12,1.719316180201055e-14,29727536.636863716,14851372.658633595,0.499583,0.022397351758528663,0.03158278953498463,0.01577822551224439,20.66272727544914,17.20758433372353,16.513602853866026
127,0.735,0.06135086832471734,0.1202819,0.06135087,5.774696e+07,0.3828665,9.412575e+08,0.008559010862100253,0.00027135355633132536,17441928.864217933,3227760.9321061014,0.1850576,0.013141116295343926,0.019901957985380855,0.0034458486358468644,20.66272727544914,16.74579011458252,14.992142209013386
129,0.735,0.06135086832471734,0.1202819,0.06135087,5.774696e+07,0.3828665,9.412575e+08,1.7475820884586344e-09,3.596181162214727e-11,34691607.39709288,13798159.099903846,0.3977377,0.026137387144885154,0.03685666110696006,0.014659282409043817,20.66272727544914,17.36200836150649,16.440045742821866
130,0.735,0.06135086832471734,0.1202819,0.06135087,5.774696e+07,0.3828665,9.412575e+08,0.0,0.0,53098113.09922554,17298004.671651404,0.3257744,0.04000523593074144,0.056411890133747665,0.01837754831789843,20.66272727544914,17.78765195072628,16.66610171591743
132,0.735,0.06135086832471734,0.1202819,0.06135087,5.774696e+07,0.3828665,9.412575e+08,0.00013515835708000136,1.2189804959706002e-06,37919047.738944694,13346314.710946793,0.3519686,0.02856900862429433,0.04030717898176952,0.014179313843544112,20.66272727544914,17.45150158806031,16.40675612736946
133,0.735,0.06135086832471734,0.1202819,0.06135087,5.774696e+07,0.3828665,9.412575e+08,0.00450679787212247,0.0001155358374044214,56250499.344701104,15522444.280103458,0.2759521,0.04238031007432553,0.060483185506132534,0.016498265974465,20.66272727544914,17.857337397356876,16.558227279394274
134,0.735,0.06135086832471734,0.1202819,0.06135087,5.774696e+07,0.3828665,9.412575e+08,0.038454056221628806,0.001201355168064452,16774296.059018083,3350582.6178349024,0.1997451,0.012638107688668743,0.023983067341931355,0.0036333918531371084,20.66272727544914,16.932320050393827,15.045138603272298
135,0.735,0.06135086832471734,0.1202819,0.06135087,5.774696e+07,0.3828665,9.412575e+08,0.06866919200786094,0.0032815969475137687,20421745.937390648,3490227.0189323975,0.1709074,0.015386173192562833,0.03269984906894118,0.003909375900390366,20.66272727544914,17.24234245873085,15.118349741455797
136,0.735,0.06135086832471734,0.1202819,0.06135087,5.774696e+07,0.3828665,9.412575e+08,0.002202447097815647,3.7928029484709765e-05,57101308.28605645,20069111.621882632,0.351465,0.043021327437170416,0.061017841032688404,0.02132392299346947,20.66272727544914,17.866138293823276,16.81480158415995
137,0.735,0.06135086832471734,0.1202819,0.06135087,5.774696e+07,0.3828665,9.412575e+08,0.0,0.0,38194931.646071315,8816915.33101929,0.2308399,0.02877686536627442,0.0405786225144713,0.009367166363191728,20.66272727544914,17.458213385351893,15.992182631099078
138,0.735,0.06135086832471734,0.1202819,0.06135087,5.774696e+07,0.3828665,9.412575e+08,0.01703975298754879,0.00041557832919387826,3236507.9076270782,757377.2569721158,0.2340106,0.002438453174303478,0.006168958615785338,0.0008301401759792813,20.66272727544914,15.574502038256593,13.568811290737779
139,0.735,0.06135086832471734,0.1202819,0.06135087,5.774696e+07,0.3828665,9.412575e+08,0.0002018086258438358,6.14959682568032e-06,41699300.95520937,14443552.308963327,0.346374,0.031417130957982646,0.04433403247326634,0.015345330962940492,20.66272727544914,17.546724605969978,16.48578325243518
140,0.735,0.06135086832471734,0.1202819,0.06135087,5.774696e+07,0.3828665,9.412575e+08,0.0338774392331994,0.002734895619867939,2081201.4478640733,336475.89516420884,0.1616739,0.0015680209725271257,0.007639636681317055,0.0005252630939428471,20.66272727544914,15.788322043713235,13.111115985871834
141,0.735,0.06135086832471734,0.1202819,0.06135087,5.774696e+07,0.3828665,9.412575e+08,0.0,0.0,15568898.813010076,3425030.97451598,0.2199919,0.011729936034306892,0.0165405314441535,0.0036387822421866107,20.66272727544914,16.560785816389984,15.04662107329187
142,0.735,0.06135086832471734,0.1202819,0.06135087,5.774696e+07,0.3828665,9.412575e+08,0.00795520208394237,0.00010402163270291366,39757563.0338482,11540928.330398403,0.2902826,0.02995418474152183,0.043513524011412286,0.012267562921973221,20.66272727544914,17.528043783057317,16.261930614596007
143,0.735,0.06135086832471734,0.1202819,0.06135087,5.774696e+07,0.3828665,9.412575e+08,0.0,0.0,34437752.9266413,16050790.16698438,0.4660812,0.025946127844135407,0.03658696366329393,0.01705249694594075,20.66272727544914,17.354663989362706,16.591268637916276
144,0.735,0.06135086832471734,0.1202819,0.06135087,5.774696e+07,0.3828665,9.412575e+08,0.020637997302843197,0.0008082535790262485,17851851.309901092,3186257.598792406,0.1784833,0.013449960493295294,0.022273010434890023,0.003434694421660654,20.66272727544914,16.858347647535773,14.988899957968883
146,0.735,0.06135086832471734,0.1202819,0.06135087,5.774696e+07,0.3828665,9.412575e+08,2.631564623352293e-10,3.805652568293157e-11,21408635.253477607,3952600.354350926,0.1846265,0.01612971637372651,0.022744717497114493,0.004199276472208241,20.66272727544914,16.879304916972817,15.189884238394553
147,0.735,0.06135086832471734,0.1202819,0.06135087,5.774696e+07,0.3828665,9.412575e+08,0.015969913880123473,0.0011885440383646328,22902315.761889286,1954110.790114817,0.08532372,0.017255086705295422,0.026890649362207857,0.0021489822488706565,20.66272727544914,17.04675061529249,14.519966353912087
148,0.735,0.06135086832471734,0.1202819,0.06135087,5.774696e+07,0.3828665,9.412575e+08,3.1170903756326676e-09,1.3160823108420271e-10,10056529.885607278,1985479.1068580563,0.1974318,0.007576801269123429,0.010684143982578323,0.0021093900165219007,20.66272727544914,16.12373276809137,14.501370810464138
149,0.735,0.06135086832471734,0.1202819,0.06135087,5.774696e+07,0.3828665,9.412575e+08,0.0,0.0,57245893.73261642,13634501.72292832,0.2381743,0.043130261155605455,0.06081852780376207,0.014485411407838595,20.66272727544914,17.862866472631776,16.428114029621092
151,0.735,0.06135086832471734,0.1202819,0.06135087,5.774696e+07,0.3828665,9.412575e+08,0.0,0.0,17543149.10219894,4890031.453103976,0.2787431,0.013217377752955967,0.01863799186053628,0.005195211298141128,20.66272727544914,16.680174067117004,15.40270929355797
152,0.735,0.06135086832471734,0.1202819,0.06135087,5.774696e+07,0.3828665,9.412575e+08,2.444584540773814e-11,3.043223412534653e-13,27716735.59481128,13909755.038733562,0.501854,0.020882371933412018,0.029446497289400467,0.014777842888070856,20.66272727544914,17.13754696194939,16.448100953302514
153,0.735,0.06135086832471734,0.1202819,0.06135087,5.774696e+07,0.3828665,9.412575e+08,0.08015951523595159,0.001825800914476744,18481738.558167547,3873008.9882772937,0.2095587,0.013924530802970434,0.032479988038582305,0.004226732392360278,20.66272727544914,17.235596143490163,15.196401206930037
154,0.735,0.06135086832471734,0.1202819,0.06135087,5.774696e+07,0.3828665,9.412575e+08,0.0,0.0,48150938.43524272,18775672.884784196,0.3899337,0.0362779304188982,0.05115596939894609,0.019947435683530523,20.66272727544914,17.689851185846994,16.748072594374875
155,0.735,0.06135086832471734,0.1202819,0.06135087,5.774696e+07,0.3828665,9.412575e+08,2.5228599184003693e-06,1.1370363938870793e-07,57719384.91837805,19488888.69194607,0.3376489,0.043486999380222276,0.06132197316016983,0.020705169241459445,20.66272727544914,17.871110228037875,16.78535538737266
156,0.735,0.06135086832471734,0.1202819,0.06135087,5.774696e+07,0.3828665,9.412575e+08,0.0009764093359313818,9.735381352341287e-06,42474766.437782444,15011633.796829252,0.3534248,0.032001382973275726,0.0452820163377095,0.01594908559217371,20.66272727544914,17.567881959796928,16.52437349441017
157,0.735,0.06135086832471734,0.1202819,0.06135087,5.774696e+07,0.3828665,9.412575e+08,0.009846620443585577,0.00017858358945271782,13388689.392283065,3401464.681540778,0.2540551,0.010087320371267798,0.015802089338455925,0.0036247014689695686,20.66272727544914,16.51511416436857,15.04274392799471
158,0.735,0.06135086832471734,0.1202819,0.06135087,5.774696e+07,0.3828665,9.412575e+08,0.03628349605290035,0.0009862311962668421,28936615.30002003,6282162.50377951,0.2171008,0.0218014549773387,0.036556607015606764,0.006734729390025954,20.66272727544914,17.353833932827364,15.66224962586746
160,0.735,0.06135086832471734,0.1202819,0.06135087,5.774696e+07,0.3828665,9.412575e+08,5.888484803844615e-05,1.2559413394722878e-06,33444157.403833233,9633103.164633632,0.2880355,0.025197532065686836,0.03554079502932709,0.010234368361237969,20.66272727544914,17.325653188929998,16.080723500069443
161,0.735,0.06135086832471734,0.1202819,0.06135087,5.774696e+07,0.3828665,9.412575e+08,7.893404198126782e-07,1.2966138094345358e-08,44644686.12490571,15026195.405342957,0.336573,0.033636246134456364,0.047431023398532994,0.01596395949116099,20.66272727544914,17.614248513153715,16.52530564613843
162,0.735,0.06135086832471734,0.1202819,0.06135087,5.774696e+07,0.3828665,9.412575e+08,0.004597244209664397,6.0856610942035875e-05,47217731.58882309,14911197.48742199,0.3157966,0.03557483274020225,0.050901188878116156,0.015845517528663127,20.66272727544914,17.68485827688462,16.517858651030625
163,0.735,0.06135086832471734,0.1202819,0.06135087,5.774696e+07,0.3828665,9.412575e+08,5.672584376542642e-08,6.288891183680151e-10,54276901.30149371,26158190.203592077,0.4819396,0.0408933597715263,0.05766425390577482,0.02779068535173451,20.66272727544914,17.809609461637113,17.079672901728564
164,0.735,0.06135086832471734,0.1202819,0.06135087,5.774696e+07,0.3828665,9.412575e+08,1.4420510957808128e-07,4.162827344154551e-09,42223697.66174337,21026353.861285504,0.4979752,0.031812222473325075,0.044858841142832076,0.022338578685093223,20.66272727544914,17.55849269247533,16.861287166109754
165,0.735,0.06135086832471734,0.1202819,0.06135087,5.774696e+07,0.3828665,9.412575e+08,0.0,0.0,25404176.252273336,13553903.528518518,0.5335305,0.019140041053797012,0.026989614433257654,0.014399783195786548,20.66272727544914,17.05042413785422,16.42218514708746
166,0.735,0.06135086832471734,0.1202819,0.06135087,5.774696e+07,0.3828665,9.412575e+08,8.26443732520144e-09,1.6029259491853385e-10,46852350.841458805,14365634.434746599,0.306615,0.035299547195204756,0.049776340141408706,0.01526217307274708,20.66272727544914,17.662511770040933,16.480349415379376
167,0.735,0.06135086832471734,0.1202819,0.06135087,5.774696e+07,0.3828665,9.412575e+08,3.87180577145608e-07,6.636321470370349e-09,11593017.256910933,3414647.2077623494,0.2945434,0.008734423192123626,0.012316582868296552,0.0036277508465962813,20.66272727544914,16.265918551513387,15.043584851222807
168,0.735,0.06135086832471734,0.1202819,0.06135087,5.774696e+07,0.3828665,9.412575e+08,0.020663386609879545,0.0008807331297625419,7673255.431288673,1417410.8471229193,0.1847209,0.0057811921359974625,0.011463251400076483,0.0015599031661614605,20.66272727544914,16.19411838479762,14.19959574282842
169,0.735,0.06135086832471734,0.1202819,0.06135087,5.774696e+07,0.3828665,9.412575e+08,3.757088074371958e-09,9.286216063038979e-11,56499967.521812044,19547672.2785739,0.3459767,0.04256826464935695,0.06002605001069989,0.020767614457245346,20.66272727544914,17.84975063131095,16.788366772546592
170,0.735,0.06135086832471734,0.1202819,0.06135087,5.774696e+07,0.3828665,9.412575e+08,0.07812437856650266,0.006077991402404379,6177655.982803708,905272.4284390976,0.1465398,0.004654376034590641,0.019081913251351404,0.0013346592316997791,20.66272727544914,16.70371293268798,14.043647998581841
171,0.735,0.06135086832471734,0.1202819,0.06135087,5.774696e+07,0.3828665,9.412575e+08,0.0022955970212931776,5.06122390551854e-05,54689525.581369184,17829409.00314448,0.3260114,0.04120423958822192,0.058470468855741094,0.01894522193588652,20.66272727544914,17.82349381736266,16.696523755616195
172,0.735,0.06135086832471734,0.1202819,0.06135087,5.774696e+07,0.3828665,9.412575e+08,0.003191525426135273,3.362558694329909e-05,43396474.93616963,14704030.18045328,0.3388301,0.03269581755456571,0.046616199476790895,0.015623750560415917,20.66272727544914,17.596920105447214,16.503764224758786
173,0.735,0.06135086832471734,0.1202819,0.06135087,5.774696e+07,0.3828665,9.412575e+08,0.0,0.0,22712419.850592285,4893108.738845895,0.2154376,0.017112015129107334,0.024129869377634235,0.005198480632869819,20.66272727544914,16.938422462812635,15.40333839337317
174,0.735,0.06135086832471734,0.1202819,0.06135087,5.774696e+07,0.3828665,9.412575e+08,2.0839471115566328e-06,9.908631182122305e-09,53936585.067278564,25623018.54066401,0.4750582,0.040636958358252026,0.05730302386749444,0.027222114962697403,20.66272727544914,17.803325391351898,17.05900168952194
175,0.735,0.06135086832471734,0.1202819,0.06135087,5.774696e+07,0.3828665,9.412575e+08,0.0,0.0,49374953.2433938,13164753.498822534,0.2666282,0.03720012893641048,0.05245637321462341,0.013986346871227686,20.66272727544914,17.714953834215873,16.39305362675871
176,0.735,0.06135086832471734,0.1202819,0.06135087,5.774696e+07,0.3828665,9.412575e+08,0.0069741057322916,0.00022875206746259265,33728510.3046452,6072468.805573987,0.1800396,0.02541176952575092,0.036950995018110826,0.006465477006768306,20.66272727544914,17.364564572270247,15.621448788918464
177,0.735,0.06135086832471734,0.1202819,0.06135087,5.774696e+07,0.3828665,9.412575e+08,0.01559414915526641,0.0005451172843811294,34100844.75974743,6306877.865466065,0.1849478,0.025692294140508387,0.0387278496156461,0.006733924480440702,20.66272727544914,17.41153096600571,15.662130102477231
178,0.735,0.06135086832471734,0.1202819,0.06135087,5.774696e+07,0.3828665,9.412575e+08,5.26857518219013e-13,1.06868445274046e-14,19798166.051154874,10143649.777907554,0.512353,0.014916354982188596,0.021033741181063062,0.010776700402841918,20.66272727544914,16.801099867699893,16.132358430014655
179,0.735,0.06135086832471734,0.1202819,0.06135087,5.774696e+07,0.3828665,9.412575e+08,2.7165881080473843e-06,5.5859408128118917e-08,37174582.74061349,7634704.2757343715,0.2053743,0.02800811302627631,0.03949503040663229,0.00811117863962529,20.66272727544914,17.4311468479687,15.848215185677773
180,0.735,0.06135086832471734,0.1202819,0.06135087,5.774696e+07,0.3828665,9.412575e+08,0.0,0.0,46490930.3184922,18191378.428179864,0.3912888,0.03502724536661676,0.04939236255799742,0.019326676248442386,20.66272727544914,17.654767804619315,16.716458327072328
181,0.735,0.06135086832471734,0.1202819,0.06135087,5.774696e+07,0.3828665,9.412575e+08,0.0,0.0,9591293.799295321,4250683.0731016975,0.4431814,0.007226282610171758,0.010189872680320056,0.004515962103306667,20.66272727544914,16.076366349052435,15.262590251068781
182,0.735,0.06135086832471734,0.1202819,0.06135087,5.774696e+07,0.3828665,9.412575e+08,1.6412043436707514e-18,2.231503400041009e-20,49879696.18889614,10066304.539499091,0.2018117,0.03758041289455161,0.052992616442970396,0.010694528159106102,20.66272727544914,17.725124587917467,16.124704220132507
183,0.735,0.06135086832471734,0.1202819,0.06135087,5.774696e+07,0.3828665,9.412575e+08,0.0004911192380911788,6.877804811660813e-06,44467010.13632947,12816297.679624004,0.2882204,0.033502381305230935,0.04732082979736606,0.013616566383738305,20.66272727544914,17.611922571293388,16.366259164358446
184,0.735,0.06135086832471734,0.1202819,0.06135087,5.774696e+07,0.3828665,9.412575e+08,0.0016943416662762536,9.053515489553826e-05,10314875.265634758,1662816.8871196317,0.1612057,0.007771444115664941,0.011230114615297127,0.00177214531301224,20.66272727544914,16.173570971335987,14.327162850373574
185,0.735,0.06135086832471734,0.1202819,0.06135087,5.774696e+07,0.3828665,9.412575e+08,6.532137907612135e-06,7.124781522547941e-08,46696077.12690114,14757108.46378929,0.3160246,0.0351818072896648,0.0496113589997827,0.015678082795397816,20.66272727544914,17.65919181607101,16.507235733211925
187,0.735,0.06135086832471734,0.1202819,0.06135087,5.774696e+07,0.3828665,9.412575e+08,0.0,0.0,30779639.06628637,17159952.879760865,0.5575099,0.023190027871777843,0.03270055216687313,0.018230880911801663,20.66272727544914,17.242363960064747,16.658088906085638
188,0.735,0.06135086832471734,0.1202819,0.06135087,5.774696e+07,0.3828665,9.412575e+08,0.004698248136064358,6.896553674647442e-05,50319707.36697983,15536781.775467461,0.3087614,0.0379119265767517,0.054212939470116274,0.016510641123954638,20.66272727544914,17.747891612030795,16.558977086107504
189,0.735,0.06135086832471734,0.1202819,0.06135087,5.774696e+07,0.3828665,9.412575e+08,0.0,0.0,43727749.54223069,12275077.735813497,0.280716,0.03294540681489536,0.046456735635081,0.013041147720671506,20.66272727544914,17.59349345950439,16.323081564481303
190,0.735,0.06135086832471734,0.1202819,0.06135087,5.774696e+07,0.3828665,9.412575e+08,1.1024903469165959e-05,2.2770478327917644e-07,57910299.61915931,11802599.77256158,0.2038083,0.043630838533849615,0.06152616494831565,0.012539197055698129,20.66272727544914,17.87443452711693,16.283831498975648
191,0.735,0.06135086832471734,0.1202819,0.06135087,5.774696e+07,0.3828665,9.412575e+08,7.659751824263907e-07,4.242284154283416e-09,41498950.098938845,20553466.06430233,0.4952768,0.03126618240621302,0.04408896275773699,0.021836178644242168,20.66272727544914,17.541181469992804,16.83854016153285
192,0.735,0.06135086832471734,0.1202819,0.06135087,5.774696e+07,0.3828665,9.412575e+08,0.0,0.0,57327904.789061375,17274833.295297857,0.3013338,0.04319205001156497,0.06090565705254121,0.018352930849201164,20.66272727544914,17.864298057715093,16.66476127751633
193,0.735,0.06135086832471734,0.1202819,0.06135087,5.774696e+07,0.3828665,9.412575e+08,0.03757482111583378,0.005046499597185658,6300741.476820373,822168.812789161,0.1304876,0.004747111236283907,0.012714983848498411,0.0011830863207436665,20.66272727544914,16.297753125068823,13.923098546462837
194,0.735,0.06135086832471734,0.1202819,0.06135087,5.774696e+07,0.3828665,9.412575e+08,7.424757014380959e-08,1.8110142804272539e-09,11708811.234054456,4541789.888830385,0.387895,0.008821664811544807,0.012439553236713108,0.004825236588728999,20.66272727544914,16.275853169685636,15.3288317639893
196,0.735,0.06135086832471734,0.1202819,0.06135087,5.774696e+07,0.3828665,9.412575e+08,0.0033524381270056457,4.2507803555992496e-05,55645521.85951644,21242022.70694584,0.3817382,0.04192450730441595,0.059655476631013137,0.022570314749158753,20.66272727544914,17.84355795355437,16.871607532664818
197,0.735,0.06135086832471734,0.1202819,0.06135087,5.774696e+07,0.3828665,9.412575e+08,3.649299565106323e-07,5.352413317051207e-09,47639029.5099555,16316423.577508261,0.3425012,0.03589224746076939,0.05061217144899496,0.017334708484765628,20.66272727544914,17.67916408630498,16.60768275889297
198,0.735,0.06135086832471734,0.1202819,0.06135087,5.774696e+07,0.3828665,9.412575e+08,0.00036057233224260325,9.318318571942482e-06,55820996.750236064,21160370.898741394,0.3790755,0.042056713780191116,0.05936248347095918,0.022481530965064212,20.66272727544914,17.83863443189974,16.867666122601683
199,0.735,0.06135086832471734,0.1202819,0.06135087,5.774696e+07,0.3828665,9.412575e+08,9.745591735680069e-06,1.284908109733471e-07,37160487.38537109,13842540.984590821,0.372507,0.02799749328898082,0.039481181714175875,0.014706441984275778,20.66272727544914,17.43079614255434,16.443257624479717
