{
  "h_values": [
    0.6,
    0.61,
    0.62,
    0.63,
    0.64,
    0.65,
    0.66,
    0.67,
    0.68,
    0.685,
    0.69,
    0.695,
    0.7,
    0.705,
    0.71,
    0.715,
    0.72,
    0.725,
    0.73,
    0.735,
    0.74,
    0.745,
    0.75,
    0.755,
    0.76,
    0.765,
    0.77,
    0.775,
    0.78,
    0.785,
    0.79,
    0.8,
    0.81,
    0.82,
    0.83,
    0.84,
    0.85,
    0.86
  ],
  "posterior": [
    1.1518062237443163e-47,
    3.272229064336881e-47,
    2.4609743235911806e-44,
    4.551115229617481e-42,
    7.685978536895608e-40,
    9.962199552228372e-36,
    2.372322482723659e-32,
    5.978152229454657e-30,
    5.391599091662279e-24,
    3.0694052391166997e-22,
    3.5471011682910667e-19,
    8.179702267549761e-17,
    8.026899341542329e-16,
    3.43901805556002e-14,
    7.980680837796661e-12,
    1.8077990163059236e-09,
    8.404994215792683e-07,
    6.863425411188379e-05,
    0.0003347129773818273,
    0.0018909584396342388,
    0.01061025383185514,
    0.09568935501385208,
    0.13850984705446198,
    0.24136039241958887,
    0.1224553427144049,
    0.34710211807486474,
    0.024886443859575433,
    0.01603287034077451,
    0.0009948662708503845,
    6.25917243524666e-05,
    7.228212077311941e-07,
    1.7738421358962265e-08,
    5.578457464858815e-09,
    1.7106825205682247e-08,
    2.000662669777872e-09,
    2.3114332394549187e-09,
    2.656697599171859e-09,
    4.953497489803554e-10
  ],
  "strategy": "physics-floor",
  "n_events_total": 412,
  "n_events_used": 412,
  "n_events_excluded": 0,
  "n_events_empty": 5,
  "map_h": 0.765,
  "map_posterior": 0.34710211807486474,
  "variant": "posteriors",
  "D_h_per_h": [
    4540097.329048747,
    4545239.046101745,
    4489018.047795278,
    4442233.791319054,
    4414807.720932305,
    4352316.244637489,
    4342001.633720148,
    4319688.453297556,
    4244039.838454398,
    4245879.506867823,
    4197058.603216153,
    4176044.073599334,
    4186181.798670219,
    4197371.8934164625,
    4178638.4810347566,
    4155443.8670916953,
    4119018.5601030705,
    4093318.25977283,
    4092577.3850179287,
    4078758.2978312406,
    4074954.1745288153,
    4055151.2382836496,
    4034786.922078749,
    4026294.894162534,
    3994577.6538747605,
    3958726.7151084966,
    3927148.396096083,
    3888398.69120573,
    3881659.2141372454,
    3852284.4479785375,
    3844876.9254335803,
    3805591.7843362265,
    3786077.112942574,
    3756707.93267325,
    3743865.833239902,
    3714511.4308398007,
    3665500.920195338,
    3624973.981731165
  ]
}