event_idx,h,w_G,w_G_legacy,w_tilde_G,alpha_G_phi,r_Malm,D_tilde_phi,L_cat_no_bh,L_cat_with_bh,B_num,B_num_wbh,g_frac,L_comp,combined_no_bh,combined_with_bh
0,0.675,0.06958414803997318,0.1364279,0.06958415,7.060137e+07,0.3823541,1.014619e+09,0.0,0.0,149912193.67708462,23123916.37901162,0.1542497,0.10448844778009293,0.14775225678826132,0.02279074668296489
1,0.675,0.06958414803997318,0.1364279,0.06958415,7.060137e+07,0.3823541,1.014619e+09,0.0,0.0,645618480.524907,86774537.95648865,0.1344053,0.4499945683771385,0.6363164008342076,0.0855242892545949
2,0.675,0.06958414803997318,0.1364279,0.06958415,7.060137e+07,0.3823541,1.014619e+09,0.0,0.0,111460483.67996724,10844888.640463185,0.09729806,0.07768769599639579,0.10985455954236821,0.010688635340080068
3,0.675,0.06958414803997318,0.1364279,0.06958415,7.060137e+07,0.3823541,1.014619e+09,0.0,0.0,80453505.55694327,11939823.261376873,0.1484065,0.056075904887496045,0.07929433037428996,0.011767794128350979
4,0.675,0.06958414803997318,0.1364279,0.06958415,7.060137e+07,0.3823541,1.014619e+09,0.003374218603921344,0.0,282860245.5577574,45928194.4143881,0.1623706,0.19715292847151386,0.27939886122699936,0.04526646037581902
5,0.675,0.06958414803997318,0.1364279,0.06958415,7.060137e+07,0.3823541,1.014619e+09,0.07042442903772428,1.340640692622521e-05,44324988.52598756,7378964.675880565,0.1664741,0.030894413158459616,0.05650280813054713,0.007273581327676509
6,0.675,0.06958414803997318,0.1364279,0.06958415,7.060137e+07,0.3823541,1.014619e+09,9.782052922295494e-09,0.0,751048342.1178497,102250703.68516319,0.136144,0.5234789349073612,0.7402272293533537,0.10077747418074105
7,0.675,0.06958414803997318,0.1364279,0.06958415,7.060137e+07,0.3823541,1.014619e+09,0.0,0.0,264463824.51447096,34965995.09894822,0.1322147,0.18433066610330023,0.26065342619851717,0.0344622045745342
8,0.675,0.06958414803997318,0.1364279,0.06958415,7.060137e+07,0.3823541,1.014619e+09,2.5246666874561964e-06,0.0,401967109.62941396,43236590.354099,0.1075625,0.28017013368705124,0.3961760216059056,0.042613636982781374
9,0.675,0.06958414803997318,0.1364279,0.06958415,7.060137e+07,0.3823541,1.014619e+09,0.0007584468690627978,0.0,29337569.256236866,4268331.406506759,0.1454903,0.020448217039824055,0.0290529019730281,0.004206833230591224
10,0.675,0.06958414803997318,0.1364279,0.06958415,7.060137e+07,0.3823541,1.014619e+09,0.00429218046401577,0.0,123727492.52018681,14019126.13581792,0.1133065,0.08623777241899937,0.1227259537628446,0.013817138379204572
11,0.675,0.06958414803997318,0.1364279,0.06958415,7.060137e+07,0.3823541,1.014619e+09,7.217897766595379e-06,0.0,280509600.8843876,37961999.44465315,0.1353323,0.1955145346412427,0.27646932838445465,0.03741504244960966
12,0.675,0.06958414803997318,0.1364279,0.06958415,7.060137e+07,0.3823541,1.014619e+09,0.0023872930823938144,1.2559946817122532e-11,262734886.63978633,26936052.610780265,0.1025218,0.18312560045518395,0.2593838593956111,0.026547957605862836
13,0.675,0.06958414803997318,0.1364279,0.06958415,7.060137e+07,0.3823541,1.014619e+09,0.004365534988498946,0.0023661312591582552,78034.13714843441,8116.296708524127,0.1040096,5.438961077483824e-05,0.0008713881268038523,0.00017264458481641742
14,0.675,0.06958414803997318,0.1364279,0.06958415,7.060137e+07,0.3823541,1.014619e+09,1.5454695807050078e-21,0.0,38843761.56112797,5285652.430210396,0.1360747,0.027074010805317916,0.03828410012573292,0.005209496679397343
15,0.675,0.06958414803997318,0.1364279,0.06958415,7.060137e+07,0.3823541,1.014619e+09,0.0,0.0,544478760.7832353,66061381.72088491,0.1213296,0.379500420666349,0.5366339035254611,0.065109568450692
16,0.675,0.06958414803997318,0.1364279,0.06958415,7.060137e+07,0.3823541,1.014619e+09,0.0,0.0,644494739.4686706,76282318.50717308,0.1183599,0.44921132349363146,0.6352088506541188,0.07518324184324592
17,0.675,0.06958414803997318,0.1364279,0.06958415,7.060137e+07,0.3823541,1.014619e+09,0.0,0.0,361294881.80454487,57992175.62842389,0.160512,0.2518216861796188,0.35608934032181766,0.05715662358738868
18,0.675,0.06958414803997318,0.1364279,0.06958415,7.060137e+07,0.3823541,1.014619e+09,0.015720949530550345,0.013546702173941013,7281.497727366317,1244.4788131451592,0.1709097,5.075186856951988e-06,0.0028682127230145204,0.0009438622778707212
19,0.675,0.06958414803997318,0.1364279,0.06958415,7.060137e+07,0.3823541,1.014619e+09,0.0,0.0,481520300.37709105,63614952.40751673,0.1321127,0.3356185212617375,0.4745825494577624,0.06269838732354692
20,0.675,0.06958414803997318,0.1364279,0.06958415,7.060137e+07,0.3823541,1.014619e+09,9.37485949437982e-09,0.0,105496155.10589379,13401400.139608894,0.1270321,0.0735305729534378,0.10397616680017249,0.01320831258739967
21,0.675,0.06958414803997318,0.1364279,0.06958415,7.060137e+07,0.3823541,1.014619e+09,0.06886888645372016,0.0032550906558158604,10897787.593153171,1359346.1093106342,0.124736,0.007595732421196561,0.023274135486654034,0.001566263342489208
22,0.675,0.06958414803997318,0.1364279,0.06958415,7.060137e+07,0.3823541,1.014619e+09,0.0,0.0,155153906.04843998,17559975.43800578,0.1131778,0.10814190902269466,0.1529184464977585,0.017306971077352643
23,0.675,0.06958414803997318,0.1364279,0.06958415,7.060137e+07,0.3823541,1.014619e+09,0.016399648904945358,1.7121061117517403e-05,13642175.166292338,2001872.9741453526,0.1467415,0.00950856413014994,0.016430170320172785,0.0019742213160469633
24,0.675,0.06958414803997318,0.1364279,0.06958415,7.060137e+07,0.3823541,1.014619e+09,3.312031761958028e-07,0.0,270652521.741594,34785991.44148189,0.1285264,0.1886441735717851,0.2667530168685875,0.0342847944121689
25,0.675,0.06958414803997318,0.1364279,0.06958415,7.060137e+07,0.3823541,1.014619e+09,0.0,0.0,537716107.0559973,77644352.48646846,0.1443966,0.3747868668619437,0.5299686862034515,0.0765256516187754
26,0.675,0.06958414803997318,0.1364279,0.06958415,7.060137e+07,0.3823541,1.014619e+09,5.254344805482583e-07,0.0,593505122.8242588,71856381.59457578,0.1210712,0.4136716801504563,0.5849539887105404,0.07082107388880098
27,0.675,0.06958414803997318,0.1364279,0.06958415,7.060137e+07,0.3823541,1.014619e+09,1.4528964040790718e-07,0.0,51747864.006253354,6037830.143450317,0.1166779,0.03606813997796411,0.05100230653155517,0.005950837006098333
28,0.675,0.06958414803997318,0.1364279,0.06958415,7.060137e+07,0.3823541,1.014619e+09,0.04883502942163652,4.4249531297162945e-05,27706110.747295238,3426656.025164528,0.1236787,0.01931109428125693,0.036194347263721255,0.003380363785321812
29,0.675,0.06958414803997318,0.1364279,0.06958415,7.060137e+07,0.3823541,1.014619e+09,0.0006856235436811732,0.0,231732245.26368895,36884694.179668315,0.1591695,0.16151683204873193,0.2285182197584448,0.0363532590132719
30,0.675,0.06958414803997318,0.1364279,0.06958415,7.060137e+07,0.3823541,1.014619e+09,1.001038769859281e-06,0.0,272990889.35590106,43463925.73178469,0.1592138,0.1902740103206521,0.26905781515362504,0.04283769690930893
31,0.675,0.06958414803997318,0.1364279,0.06958415,7.060137e+07,0.3823541,1.014619e+09,0.00017897150157667255,0.0,290410694.88400596,38415272.911623456,0.1322791,0.20241557396278959,0.28625902451514934,0.03786178514641364
32,0.675,0.06958414803997318,0.1364279,0.06958415,7.060137e+07,0.3823541,1.014619e+09,0.0,0.0,125069484.9579629,15839225.112208337,0.1266434,0.08717313800412241,0.12326748214817991,0.015611013345232738
33,0.675,0.06958414803997318,0.1364279,0.06958415,7.060137e+07,0.3823541,1.014619e+09,0.003312051628406184,0.0,186255397.46112642,26075546.00202783,0.1399989,0.12981957567306432,0.1841745833811711,0.02569984918694881
34,0.675,0.06958414803997318,0.1364279,0.06958415,7.060137e+07,0.3823541,1.014619e+09,0.0048551132940126964,3.083403804964826e-08,171282224.23936644,18116939.891018815,0.1057724,0.11938330901650279,0.16969796372087223,0.01785591292464776
35,0.675,0.06958414803997318,0.1364279,0.06958415,7.060137e+07,0.3823541,1.014619e+09,0.0,0.0,24656938.046050366,4489035.805934903,0.1820597,0.01718582805206152,0.024301680553348914,0.0044243577180845374
36,0.675,0.06958414803997318,0.1364279,0.06958415,7.060137e+07,0.3823541,1.014619e+09,0.0,0.0,230976926.43483564,34011164.011442095,0.1472492,0.16099037659457482,0.22764900779368583,0.03352113070609021
37,0.675,0.06958414803997318,0.1364279,0.06958415,7.060137e+07,0.3823541,1.014619e+09,0.0,0.0,36077339.97183898,4953473.440561612,0.1373015,0.02514582143872919,0.03555753717565252,0.004882103729068216
38,0.675,0.06958414803997318,0.1364279,0.06958415,7.060137e+07,0.3823541,1.014619e+09,0.00040718002774068213,0.0,97812779.47634138,11958957.80535392,0.1222638,0.06817527814017776,0.09647759383221743,0.011786652981562833
39,0.675,0.06958414803997318,0.1364279,0.06958415,7.060137e+07,0.3823541,1.014619e+09,0.0,0.0,666943761.594974,88474536.59297664,0.1326567,0.46485823932231335,0.6573344269697828,0.0871997942880221
40,0.675,0.06958414803997318,0.1364279,0.06958415,7.060137e+07,0.3823541,1.014619e+09,0.0,0.0,471706322.8150226,70900453.18496288,0.1503063,0.3287782018930674,0.46490997181549004,0.06987891850848178
41,0.675,0.06958414803997318,0.1364279,0.06958415,7.060137e+07,0.3823541,1.014619e+09,9.81853638571461e-10,0.0,369592127.40031314,47190057.800978765,0.1276814,0.25760484692116264,0.3642670392709051,0.046510142817881434
42,0.675,0.06958414803997318,0.1364279,0.06958415,7.060137e+07,0.3823541,1.014619e+09,0.0,0.0,512971424.2607702,74808174.45016465,0.145833,0.35753988092527356,0.5055805251284441,0.07373033727350048
43,0.675,0.06958414803997318,0.1364279,0.06958415,7.060137e+07,0.3823541,1.014619e+09,0.0056405935998994705,0.002798216228269075,458.99663957095345,57.39199639436634,0.1250379,3.1991958244807396e-07,0.0010269770276898624,0.00019476805736747446
44,0.675,0.06958414803997318,0.1364279,0.06958415,7.060137e+07,0.3823541,1.014619e+09,0.03548143552799314,0.022510144959415352,16411.384806149013,2051.099185127219,0.1249803,1.1438696761452526e-05,0.00647339744305716,0.0015683708061778859
45,0.675,0.06958414803997318,0.1364279,0.06958415,7.060137e+07,0.3823541,1.014619e+09,0.008842778281510507,0.0,171587332.3379769,20930933.48744741,0.1219841,0.11959596864642998,0.1707243860309173,0.020629360318193228
46,0.675,0.06958414803997318,0.1364279,0.06958415,7.060137e+07,0.3823541,1.014619e+09,0.045803274724666616,0.025385602084533408,3072749.771119373,253270.11628562724,0.08242458,0.002141699391661807,0.011364158798546985,0.0020160564906013694
47,0.675,0.06958414803997318,0.1364279,0.06958415,7.060137e+07,0.3823541,1.014619e+09,8.299731033772449e-05,0.0,109526789.77935949,15746627.053221561,0.1437696,0.07633991587791153,0.10796383090703765,0.015519749440316644
48,0.675,0.06958414803997318,0.1364279,0.06958415,7.060137e+07,0.3823541,1.014619e+09,0.0,0.0,34398799.71228674,5358958.968029458,0.1557891,0.023975882810289135,0.033903181346579575,0.0052817470156403794
49,0.675,0.06958414803997318,0.1364279,0.06958415,7.060137e+07,0.3823541,1.014619e+09,0.0,0.0,702544300.7232138,86246808.3206877,0.1227635,0.4896717316900983,0.6924220330547592,0.08500416315443526
50,0.675,0.06958414803997318,0.1364279,0.06958415,7.060137e+07,0.3823541,1.014619e+09,0.004832661026205257,0.002360698057763447,1118.8843469658589,191.3386210244353,0.1710084,7.798597685237949e-07,0.0008805927591339689,0.00016445574494070592
51,0.675,0.06958414803997318,0.1364279,0.06958415,7.060137e+07,0.3823541,1.014619e+09,0.0003543443358774571,0.0,81230464.38976945,10463579.75907616,0.1288135,0.05661744337372427,0.08012458146076322,0.010312820362149075
52,0.675,0.06958414803997318,0.1364279,0.06958415,7.060137e+07,0.3823541,1.014619e+09,0.0,0.0,159422615.15645322,23692598.555851065,0.148615,0.11111718927028955,0.15712565198792783,0.023351235279404744
53,0.675,0.06958414803997318,0.1364279,0.06958415,7.060137e+07,0.3823541,1.014619e+09,0.0,0.0,141822241.3508929,20073337.02331052,0.1415387,0.09884976996179924,0.13977886460323996,0.019784120115366233
54,0.675,0.06958414803997318,0.1364279,0.06958415,7.060137e+07,0.3823541,1.014619e+09,0.0303877986747867,4.110579981080278e-06,74797994.13960704,8681737.284429915,0.1160691,0.052134026679290055,0.07925054149142878,0.008556936728882903
55,0.675,0.06958414803997318,0.1364279,0.06958415,7.060137e+07,0.3823541,1.014619e+09,1.1664678183177742e-07,0.0,844127261.4964811,130729591.54230721,0.1548695,0.5883547236498767,0.8319650858665353,0.12884603784125695
56,0.675,0.06958414803997318,0.1364279,0.06958415,7.060137e+07,0.3823541,1.014619e+09,3.43389420064862e-08,0.0,394417154.2804379,58875273.792679586,0.1492716,0.27490783249677714,0.38873439290277717,0.05802699806149855
57,0.675,0.06958414803997318,0.1364279,0.06958415,7.060137e+07,0.3823541,1.014619e+09,2.7376735404689534e-05,0.0,394702796.1308822,61474801.506046675,0.1557496,0.2751069241973379,0.38902089523049815,0.06058907174485048
58,0.675,0.06958414803997318,0.1364279,0.06958415,7.060137e+07,0.3823541,1.014619e+09,0.0115935883793407,0.0,165216471.72033593,23724352.103302285,0.1435956,0.11515549372152475,0.16494593338141797,0.023382531321320166
59,0.675,0.06958414803997318,0.1364279,0.06958415,7.060137e+07,0.3823541,1.014619e+09,0.03671785930124027,2.693446116310528e-06,56966130.659917824,9639092.792168599,0.1692074,0.03970525961026368,0.06282759963357763,0.009500400035626392
60,0.675,0.06958414803997318,0.1364279,0.06958415,7.060137e+07,0.3823541,1.014619e+09,0.00022288464682988356,0.0,290924308.6926864,31600260.357064284,0.1086202,0.20277356158415039,0.2867732298681394,0.031144963383766256
61,0.675,0.06958414803997318,0.1364279,0.06958415,7.060137e+07,0.3823541,1.014619e+09,0.0,0.0,216641755.19469965,30259846.58056244,0.1396769,0.15099879582450035,0.21352037789224748,0.02982386230685968
62,0.675,0.06958414803997318,0.1364279,0.06958415,7.060137e+07,0.3823541,1.014619e+09,0.002486219701061905,0.0,156320106.3923929,20935736.1984015,0.1339286,0.10895474793026698,0.15452030825619323,0.020634093831623745
63,0.675,0.06958414803997318,0.1364279,0.06958415,7.060137e+07,0.3823541,1.014619e+09,0.0,0.0,635291247.7481878,102085272.61774431,0.1606905,0.44279651132630615,0.6261379629652725,0.10061442664635115
64,0.675,0.06958414803997318,0.1364279,0.06958415,7.060137e+07,0.3823541,1.014619e+09,0.0002730221764422332,0.0,229686212.9588573,28717886.10480699,0.125031,0.16009075232568895,0.22642657790250575,0.028304118418234332
65,0.675,0.06958414803997318,0.1364279,0.06958415,7.060137e+07,0.3823541,1.014619e+09,7.826691081812855e-05,0.0,365747035.9600976,43306118.41274021,0.1184046,0.2549248271955754,0.36049159147901016,0.04268216328022502
66,0.675,0.06958414803997318,0.1364279,0.06958415,7.060137e+07,0.3823541,1.014619e+09,0.0009710069025045647,0.0,327169335.23498666,40744658.97244766,0.1245369,0.22803626016963663,0.3226321874267878,0.04015760938176071
67,0.675,0.06958414803997318,0.1364279,0.06958415,7.060137e+07,0.3823541,1.014619e+09,0.01282606691063143,0.0,115744911.35983212,21155784.023639284,0.1827794,0.08067393205174596,0.11641145716504601,0.020850971204856402
68,0.675,0.06958414803997318,0.1364279,0.06958415,7.060137e+07,0.3823541,1.014619e+09,0.0,0.0,297259900.5188578,36242474.487730786,0.1219218,0.20718945424402868,0.29297697590178723,0.03572029243123371
69,0.675,0.06958414803997318,0.1364279,0.06958415,7.060137e+07,0.3823541,1.014619e+09,0.0006556067763943546,0.0,164741714.25518623,19561321.135268554,0.1187393,0.1148245888805726,0.16248742650117373,0.01927948135907799
70,0.675,0.06958414803997318,0.1364279,0.06958415,7.060137e+07,0.3823541,1.014619e+09,0.00593409647520324,0.0,138652391.49087268,18540265.310219683,0.1337176,0.09664039203565869,0.13773462485144203,0.018273136919994305
71,0.675,0.06958414803997318,0.1364279,0.06958415,7.060137e+07,0.3823541,1.014619e+09,3.602812357407599e-08,0.0,315844103.8276607,38255958.11815116,0.1211229,0.22014260041137285,0.3112934243178079,0.0377047657626136
72,0.675,0.06958414803997318,0.1364279,0.06958415,7.060137e+07,0.3823541,1.014619e+09,0.0,0.0,107341941.03125288,18916096.173357762,0.1762228,0.0748170814191237,0.10579535691114643,0.018643552807036452
73,0.675,0.06958414803997318,0.1364279,0.06958415,7.060137e+07,0.3823541,1.014619e+09,4.7555402401936854e-08,0.0,65281809.343278736,6658864.488377848,0.1020018,0.04550126817067478,0.06434123681686364,0.0065629234798892135
74,0.675,0.06958414803997318,0.1364279,0.06958415,7.060137e+07,0.3823541,1.014619e+09,0.011581322055228702,0.0,156980867.26376462,20909558.002240043,0.1331981,0.1094152967095889,0.1568267552907217,0.020608292811262235
75,0.675,0.06958414803997318,0.1364279,0.06958415,7.060137e+07,0.3823541,1.014619e+09,0.01149973000494205,0.0,178547764.97022718,26082296.82085743,0.1460802,0.12444737388427429,0.17806806801077507,0.02570650273989055
76,0.675,0.06958414803997318,0.1364279,0.06958415,7.060137e+07,0.3823541,1.014619e+09,0.07421807903006658,6.275814751102115e-05,56408919.35544679,6915751.432132959,0.1226003,0.03931688463647662,0.06910303518749729,0.006820476165354676
77,0.675,0.06958414803997318,0.1364279,0.06958415,7.060137e+07,0.3823541,1.014619e+09,0.0012914203849313903,0.0,145789462.37937874,16982006.475302614,0.1164831,0.10161491372428688,0.14392394985479637,0.01673732949918383
78,0.675,0.06958414803997318,0.1364279,0.06958415,7.060137e+07,0.3823541,1.014619e+09,0.03352908911261021,0.0,73854529.93503147,10880131.252665263,0.1473184,0.05147643433903969,0.07889235028851203,0.010723370176254816
79,0.675,0.06958414803997318,0.1364279,0.06958415,7.060137e+07,0.3823541,1.014619e+09,0.0007290510815834915,0.0,306246161.2180212,45108404.84424129,0.1472946,0.21345285689842108,0.301966441540296,0.044458482344748536
80,0.675,0.06958414803997318,0.1364279,0.06958415,7.060137e+07,0.3823541,1.014619e+09,0.0,0.0,566735729.5310487,73246995.03942242,0.1292437,0.3950134757401641,0.5585701935702776,0.07219165135656035
81,0.675,0.06958414803997318,0.1364279,0.06958415,7.060137e+07,0.3823541,1.014619e+09,0.0014664210674378265,0.0,164328119.45092806,22007141.84652913,0.1339219,0.11453631427097057,0.16222734986514376,0.021690062652862767
82,0.675,0.06958414803997318,0.1364279,0.06958415,7.060137e+07,0.3823541,1.014619e+09,0.0,0.0,197828091.15296096,25890118.447331797,0.1308718,0.13788571606387834,0.1949777813733096,0.025517093274937532
83,0.675,0.06958414803997318,0.1364279,0.06958415,7.060137e+07,0.3823541,1.014619e+09,0.006744284050752768,0.0,215745367.8079139,32484696.207477756,0.1505696,0.15037401591595836,0.2138642895695914,0.032016656270633874
84,0.675,0.06958414803997318,0.1364279,0.06958415,7.060137e+07,0.3823541,1.014619e+09,0.02691059489131227,3.166166775962679e-05,41153251.04268183,5097638.847496777,0.1238697,0.02868371956331137,0.045457740291826663,0.005026395149071271
85,0.675,0.06958414803997318,0.1364279,0.06958415,7.060137e+07,0.3823541,1.014619e+09,7.826107682600316e-05,0.0,109201626.50944906,14112200.692193184,0.1292307,0.07611327784057333,0.10764249065259145,0.013908871916128416
86,0.675,0.06958414803997318,0.1364279,0.06958415,7.060137e+07,0.3823541,1.014619e+09,0.0001687386579078147,0.0,253514220.85114163,40136086.41154537,0.1583189,0.17669881800258508,0.24989229311041608,0.03955780514244439
87,0.675,0.06958414803997318,0.1364279,0.06958415,7.060137e+07,0.3823541,1.014619e+09,0.0,0.0,19899091.53417862,2523335.2431248506,0.1268066,0.013869620179923627,0.01961238515756908,0.002486978995238616
88,0.675,0.06958414803997318,0.1364279,0.06958415,7.060137e+07,0.3823541,1.014619e+09,0.0003523397310974064,0.0,200634150.1143838,22264557.51168236,0.1109709,0.13984153258598228,0.19780753247108318,0.02194376946967426
89,0.675,0.06958414803997318,0.1364279,0.06958415,7.060137e+07,0.3823541,1.014619e+09,9.537991591055715e-05,0.0,259778840.59292153,33428418.745409243,0.1286803,0.18106524328591522,0.256053301660669,0.03294678164163388
90,0.675,0.06958414803997318,0.1364279,0.06958415,7.060137e+07,0.3823541,1.014619e+09,0.0,0.0,596330271.7762313,82494833.87537302,0.1383375,0.41564080235124956,0.5877383372555078,0.08130624720704248
91,0.675,0.06958414803997318,0.1364279,0.06958415,7.060137e+07,0.3823541,1.014619e+09,0.0,0.0,578128890.3873645,86307255.40897776,0.1492872,0.4029544821652294,0.5697992016128013,0.08506373932026988
92,0.675,0.06958414803997318,0.1364279,0.06958415,7.060137e+07,0.3823541,1.014619e+09,0.0,0.0,354200230.9004289,47847570.24797337,0.1350862,0.24687673112072936,0.34909690924268894,0.04715818181675758
93,0.675,0.06958414803997318,0.1364279,0.06958415,7.060137e+07,0.3823541,1.014619e+09,0.08661541469158733,0.0007793301287181152,20992269.877287,2802967.1044507516,0.1335238,0.014631562923982537,0.03645284503300528,0.0028168109400203223
94,0.675,0.06958414803997318,0.1364279,0.06958415,7.060137e+07,0.3823541,1.014619e+09,0.06276810549513845,0.01433776197165972,5807413.212221104,561368.2570471762,0.09666408,0.004047753403366696,0.01714682971597402,0.001550961007299512
95,0.675,0.06958414803997318,0.1364279,0.06958415,7.060137e+07,0.3823541,1.014619e+09,0.0009951671510526144,0.0,109042566.68593796,17033856.76022899,0.1562129,0.0760024135162299,0.10765258916615016,0.016788432724512442
96,0.675,0.06958414803997318,0.1364279,0.06958415,7.060137e+07,0.3823541,1.014619e+09,0.012549774960110418,4.532166258538579e-05,49709042.173346005,4669580.475347625,0.09393825,0.034647085936959726,0.05127675163388413,0.004605454766767649
97,0.675,0.06958414803997318,0.1364279,0.06958415,7.060137e+07,0.3823541,1.014619e+09,0.0010482792831647272,0.0,279408502.6112708,44248943.4459223,0.1583665,0.19474707172452263,0.2755735562223058,0.04361140407773604
98,0.675,0.06958414803997318,0.1364279,0.06958415,7.060137e+07,0.3823541,1.014619e+09,0.1080089498761965,0.0035003408409751873,22386853.462837797,2482358.3870993773,0.1108846,0.015603584415894527,0.04172071841543163,0.002690160769570853
99,0.675,0.06958414803997318,0.1364279,0.06958415,7.060137e+07,0.3823541,1.014619e+09,0.0,0.0,361120745.9792981,45512076.09517419,0.1260301,0.2517003139173855,0.35591771344786693,0.0448563374949063
100,0.675,0.06958414803997318,0.1364279,0.06958415,7.060137e+07,0.3823541,1.014619e+09,0.0026700526259714236,0.0,124911150.12094194,18282842.30904834,0.1463668,0.08706277899366413,0.12359734817257645,0.018019422872862144
101,0.675,0.06958414803997318,0.1364279,0.06958415,7.060137e+07,0.3823541,1.014619e+09,0.0041138857797279145,0.0,119531443.16641434,15726084.542694416,0.1315644,0.08331313584988373,0.11855791351540208,0.015499502906555553
102,0.675,0.06958414803997318,0.1364279,0.06958415,7.060137e+07,0.3823541,1.014619e+09,0.0010388044579624134,0.0,140693780.7191662,19400370.496261273,0.1378907,0.09806323554523236,0.1388557135842804,0.019120849699027286
103,0.675,0.06958414803997318,0.1364279,0.06958415,7.060137e+07,0.3823541,1.014619e+09,2.0023577540034695e-05,0.0,506254593.13297236,75080127.84973803,0.1483051,0.3528582653653254,0.49896411425933035,0.07399837236486043
104,0.675,0.06958414803997318,0.1364279,0.06958415,7.060137e+07,0.3823541,1.014619e+09,0.03958586923882613,0.0,37895882.25370907,5136331.388590811,0.135538,0.0264133411487294,0.04455406119809343,0.005062327057339841
105,0.675,0.06958414803997318,0.1364279,0.06958415,7.060137e+07,0.3823541,1.014619e+09,0.0037215449238354893,0.0022099828136452424,11017.96551463484,1146.8552975549912,0.1040896,7.679496150917614e-06,0.0006881385706758212,0.00015491010266159666
106,0.675,0.06958414803997318,0.1364279,0.06958415,7.060137e+07,0.3823541,1.014619e+09,0.0,0.0,115918417.49290055,15611219.808673711,0.1346742,0.08079486542000616,0.11424826338538174,0.015386293145156826
107,0.675,0.06958414803997318,0.1364279,0.06958415,7.060137e+07,0.3823541,1.014619e+09,0.02634622385122536,0.014707865810241423,86053.16962180544,8951.030393053412,0.1040174,5.997885762186626e-05,0.00487952996753877,0.0010322563757194938
108,0.675,0.06958414803997318,0.1364279,0.06958415,7.060137e+07,0.3823541,1.014619e+09,0.0,0.0,81000478.5324139,10711313.170844896,0.1322377,0.056457143769956086,0.07983342255582428,0.01055698442761216
109,0.675,0.06958414803997318,0.1364279,0.06958415,7.060137e+07,0.3823541,1.014619e+09,0.0020485005776914944,0.0,114039696.17971668,13876063.426371489,0.1216775,0.0794854010661671,0.11276941479736803,0.013676136919186682
110,0.675,0.06958414803997318,0.1364279,0.06958415,7.060137e+07,0.3823541,1.014619e+09,0.0,0.0,53408411.654364206,7624177.238705052,0.1427524,0.03722553779838243,0.05263890254589096,0.0075143279912163645
111,0.675,0.06958414803997318,0.1364279,0.06958415,7.060137e+07,0.3823541,1.014619e+09,0.0,0.0,674855762.5297145,81789279.79900287,0.1211952,0.4703728854376683,0.6651324316893777,0.0806108587632285
112,0.675,0.06958414803997318,0.1364279,0.06958415,7.060137e+07,0.3823541,1.014619e+09,0.07337842791471798,0.0031522578469620577,23848372.343307864,2267485.6445134724,0.09507926,0.01662225965154989,0.03685881390489914,0.0024541628577444976
113,0.675,0.06958414803997318,0.1364279,0.06958415,7.060137e+07,0.3823541,1.014619e+09,0.04038448493640208,4.3207206544321436e-05,38553207.68493339,4395399.934570164,0.1140087,0.0268714954343171,0.045347254957570075,0.0043350774902616565
114,0.675,0.06958414803997318,0.1364279,0.06958415,7.060137e+07,0.3823541,1.014619e+09,0.09590902047535865,0.00407228012500673,19824202.31954327,2134515.377783919,0.1076722,0.013817422572772515,0.036992938816191236,0.002387127394789554
115,0.675,0.06958414803997318,0.1364279,0.06958415,7.060137e+07,0.3823541,1.014619e+09,0.0,0.0,536654902.1538156,65552798.45693448,0.1221507,0.37404720953130366,0.5289227711556747,0.06460831286120154
116,0.675,0.06958414803997318,0.1364279,0.06958415,7.060137e+07,0.3823541,1.014619e+09,0.0,0.0,320462889.2174856,41139777.22215697,0.1283761,0.22336188300723514,0.31584565562933115,0.04054703476245075
117,0.675,0.06958414803997318,0.1364279,0.06958415,7.060137e+07,0.3823541,1.014619e+09,0.0,0.0,455505777.47068334,80461941.21320203,0.1766431,0.31748645974254364,0.44894284414485697,0.07930264448950067
118,0.675,0.06958414803997318,0.1364279,0.06958415,7.060137e+07,0.3823541,1.014619e+09,0.006567831790753554,0.004676373700154273,34.31574954619111,3.574519030624902,0.1041656,2.3917997039089603e-08,0.0011953053957263142,0.00032540500285908473
119,0.675,0.06958414803997318,0.1364279,0.06958415,7.060137e+07,0.3823541,1.014619e+09,0.0,0.0,34296228.46582103,4653191.05152763,0.1356765,0.023904390891805457,0.03380208794800295,0.004586147812706201
120,0.675,0.06958414803997318,0.1364279,0.06958415,7.060137e+07,0.3823541,1.014619e+09,0.0,0.0,166364101.05755007,25674372.17938274,0.1543264,0.11595538868090813,0.16396712486744672,0.025304455482098732
121,0.675,0.06958414803997318,0.1364279,0.06958415,7.060137e+07,0.3823541,1.014619e+09,0.0006550114828215855,0.0,276364608.24948925,42153826.538420215,0.1525298,0.19262548448556713,0.2725019480111594,0.04154647364262098
122,0.675,0.06958414803997318,0.1364279,0.06958415,7.060137e+07,0.3823541,1.014619e+09,0.0001366320329494912,0.0,300466427.76524544,51062514.03858475,0.1699442,0.20942439622253992,0.29616216895526026,0.05032680465429297
123,0.675,0.06958414803997318,0.1364279,0.06958415,7.060137e+07,0.3823541,1.014619e+09,0.0,0.0,123969574.51952119,21120434.636851672,0.1703679,0.08640650300538806,0.12218341923402638,0.020816131132505775
124,0.675,0.06958414803997318,0.1364279,0.06958415,7.060137e+07,0.3823541,1.014619e+09,0.0,0.0,449009163.7439304,66038281.659592785,0.1470756,0.3129583351952005,0.442539833715452,0.06508680121539151
125,0.675,0.06958414803997318,0.1364279,0.06958415,7.060137e+07,0.3823541,1.014619e+09,0.08651857474150604,0.0006188192192077789,16348079.145742323,2914152.132367064,0.1782565,0.011394572864460951,0.031857944080956865,0.0029152249976799596
126,0.675,0.06958414803997318,0.1364279,0.06958415,7.060137e+07,0.3823541,1.014619e+09,0.013752660387992829,4.27891817255914e-06,147457675.161599,13007159.925038794,0.08820945,0.10277765412522166,0.1478359326418893,0.012820050335982394
127,0.675,0.06958414803997318,0.1364279,0.06958415,7.060137e+07,0.3823541,1.014619e+09,0.000834344047714653,0.0,306163165.70026034,37217974.97308391,0.1215625,0.21339500921698287,0.30190380395958144,0.03668173789256446
128,0.675,0.06958414803997318,0.1364279,0.06958415,7.060137e+07,0.3823541,1.014619e+09,0.03751669039529687,0.0036725030994845995,5884777.483480512,614743.2213062537,0.1044633,0.004101676119186238,0.012627605557565756,0.0008614339921145631
129,0.675,0.06958414803997318,0.1364279,0.06958415,7.060137e+07,0.3823541,1.014619e+09,2.385786167184938e-07,0.0,381351517.2503986,55988549.336950354,0.1468161,0.2658011140968876,0.3758570429149052,0.05518186557028442
130,0.675,0.06958414803997318,0.1364279,0.06958415,7.060137e+07,0.3823541,1.014619e+09,1.0310142623283202e-05,0.0,234458952.55383354,30350326.20345889,0.1294484,0.1634173406418593,0.2310827411639416,0.029913038298140935
131,0.675,0.06958414803997318,0.1364279,0.06958415,7.060137e+07,0.3823541,1.014619e+09,0.019517388856963747,0.003448941958476561,455918.2115628618,62294.61399615972,0.1366355,0.0003177739253385454,0.00400129476482079,0.0003013887601855641
132,0.675,0.06958414803997318,0.1364279,0.06958415,7.060137e+07,0.3823541,1.014619e+09,0.06331192428179826,5.240900930542775e-05,60985107.54253198,6830716.714432906,0.1120063,0.042506477081825644,0.07162849199693727,0.006735946493038039
133,0.675,0.06958414803997318,0.1364279,0.06958415,7.060137e+07,0.3823541,1.014619e+09,0.0,0.0,61131860.8175647,8089914.637508313,0.1323355,0.0426087637707113,0.0602510721503887,0.00797335503935698
134,0.675,0.06958414803997318,0.1364279,0.06958415,7.060137e+07,0.3823541,1.014619e+09,0.0,0.0,449608142.1170573,67339256.96735825,0.1497732,0.3133758217179893,0.4431301820001786,0.06636903205354602
135,0.675,0.06958414803997318,0.1364279,0.06958415,7.060137e+07,0.3823541,1.014619e+09,0.054613195249483375,0.0023603182074435104,11195496.600656182,1391858.2170701446,0.124323,0.007803234901956381,0.020973179509916503,0.0015360450368562357
136,0.675,0.06958414803997318,0.1364279,0.06958415,7.060137e+07,0.3823541,1.014619e+09,0.003305717195026023,0.0,243907526.70684913,36590926.070859805,0.1500197,0.17000297469048317,0.24099490718299577,0.03606372351929886
137,0.675,0.06958414803997318,0.1364279,0.06958415,7.060137e+07,0.3823541,1.014619e+09,0.001005713461986931,0.0,244009385.6578845,26800346.521707334,0.1098333,0.17007397014072068,0.24067672371771212,0.02641420677105987
138,0.675,0.06958414803997318,0.1364279,0.06958415,7.060137e+07,0.3823541,1.014619e+09,0.01678654182305386,2.0872037087587864e-13,121847636.85922934,15367016.511745159,0.1261167,0.08492751742741964,0.12314701643883813,0.01514560833260668
139,0.675,0.06958414803997318,0.1364279,0.06958415,7.060137e+07,0.3823541,1.014619e+09,0.0,0.0,152715487.11038366,21114094.165884543,0.1382577,0.10644233673557367,0.15051516033233078,0.02080988201512903
140,0.675,0.06958414803997318,0.1364279,0.06958415,7.060137e+07,0.3823541,1.014619e+09,5.24666126367086e-06,0.0,385649709.13097835,51556500.58292325,0.1336874,0.26879694376788943,0.38009421780421937,0.05081367383390264
141,0.675,0.06958414803997318,0.1364279,0.06958415,7.060137e+07,0.3823541,1.014619e+09,0.0,0.0,256440424.9496289,42847664.85104604,0.1670862,0.17873837540374807,0.252745627881771,0.04223031512357114
142,0.675,0.06958414803997318,0.1364279,0.06958415,7.060137e+07,0.3823541,1.014619e+09,0.0,0.0,414415812.01232225,57369093.91264745,0.1384337,0.28884685008323896,0.408444903457644,0.05654251924129543
143,0.675,0.06958414803997318,0.1364279,0.06958415,7.060137e+07,0.3823541,1.014619e+09,0.0003831834086451636,0.0,214239572.790202,35930322.143829755,0.1677109,0.14932448031637513,0.2112225412379474,0.035412637582472914
144,0.675,0.06958414803997318,0.1364279,0.06958415,7.060137e+07,0.3823541,1.014619e+09,0.0,0.0,219270343.3150749,28299880.736175995,0.1290639,0.1528309155861711,0.21611109327987527,0.027892135676537724
145,0.675,0.06958414803997318,0.1364279,0.06958415,7.060137e+07,0.3823541,1.014619e+09,0.003310310760060529,0.0,118334538.1370321,15038956.57378191,0.1270885,0.08247889584850182,0.11723201188693867,0.014822275086596863
146,0.675,0.06958414803997318,0.1364279,0.06958415,7.060137e+07,0.3823541,1.014619e+09,0.0,0.0,145125172.16753334,25915575.173324786,0.1785739,0.10115190500292331,0.14303420674855818,0.025542183220082396
147,0.675,0.06958414803997318,0.1364279,0.06958415,7.060137e+07,0.3823541,1.014619e+09,0.0,0.0,196647544.47553155,27395544.186774746,0.1393129,0.13706287779548335,0.19381424402817674,0.02700082882021915
148,0.675,0.06958414803997318,0.1364279,0.06958415,7.060137e+07,0.3823541,1.014619e+09,0.0,0.0,560526665.1440108,65061658.82818859,0.1160724,0.3906857724089346,0.5524505894658605,0.0641242495787866
149,0.675,0.06958414803997318,0.1364279,0.06958415,7.060137e+07,0.3823541,1.014619e+09,0.0,0.0,603759439.2823937,65692626.73628492,0.108806,0.4208189146980631,0.5950604652170127,0.06474612649283545
150,0.675,0.06958414803997318,0.1364279,0.06958415,7.060137e+07,0.3823541,1.014619e+09,0.015215755720933281,3.164451972156175e-07,106626944.78795505,15854632.57799308,0.1486926,0.07431873071263138,0.10785975888466452,0.015626220839614114
151,0.675,0.06958414803997318,0.1364279,0.06958415,7.060137e+07,0.3823541,1.014619e+09,0.0,0.0,23762930.253828246,3030511.558959172,0.1275311,0.016562706715355497,0.023420553637338075,0.0029868479079402225
152,0.675,0.06958414803997318,0.1364279,0.06958415,7.060137e+07,0.3823541,1.014619e+09,7.176757109366721e-05,0.0,114907781.32122248,18839154.040551882,0.1639502,0.08009045437605518,0.11326524936455469,0.018567719257507727
153,0.675,0.06958414803997318,0.1364279,0.06958415,7.060137e+07,0.3823541,1.014619e+09,0.0,0.0,369689642.0002736,54328718.586722836,0.1469576,0.25767281436887884,0.3643631487005205,0.05354594968367595
154,0.675,0.06958414803997318,0.1364279,0.06958415,7.060137e+07,0.3823541,1.014619e+09,0.0,0.0,486712126.84143907,75813826.52636425,0.1557673,0.33923721214402736,0.47969957201706676,0.07472149990115406
155,0.675,0.06958414803997318,0.1364279,0.06958415,7.060137e+07,0.3823541,1.014619e+09,0.0,0.0,118500973.0451399,15424849.614826012,0.1301664,0.08259490058953085,0.11679360944273014,0.015202608175551366
156,0.675,0.06958414803997318,0.1364279,0.06958415,7.060137e+07,0.3823541,1.014619e+09,1.915574039936454e-09,0.0,49497093.18920066,6614662.109221297,0.1336374,0.03449935799156245,0.04878393875802852,0.006519357969201946
157,0.675,0.06958414803997318,0.1364279,0.06958415,7.060137e+07,0.3823541,1.014619e+09,0.0,0.0,115732124.51192039,14112719.76464536,0.121943,0.08066501964870838,0.1140646545161598,0.013909383509777768
158,0.675,0.06958414803997318,0.1364279,0.06958415,7.060137e+07,0.3823541,1.014619e+09,0.03840244024125737,0.008564681220639872,1639662.8418723508,220386.54441386808,0.1344097,0.001142841159398807,0.008604851102022354,0.0008131772581105114
159,0.675,0.06958414803997318,0.1364279,0.06958415,7.060137e+07,0.3823541,1.014619e+09,0.03720358232986919,2.2983013314535347e-05,41503619.27866205,5114658.558593189,0.123234,0.028927925402950274,0.047676268455320775,0.0050425657431671855
160,0.675,0.06958414803997318,0.1364279,0.06958415,7.060137e+07,0.3823541,1.014619e+09,0.0,0.0,924467855.9722365,140180824.94734198,0.1516341,0.6443519297783118,0.9111481107556,0.13816109774915522
161,0.675,0.06958414803997318,0.1364279,0.06958415,7.060137e+07,0.3823541,1.014619e+09,0.0,0.0,666461559.6792344,90120088.7958003,0.1352217,0.46452214571674083,0.6568591726256858,0.08882163735272841
162,0.675,0.06958414803997318,0.1364279,0.06958415,7.060137e+07,0.3823541,1.014619e+09,0.0,0.0,99466670.17588964,14510821.897034025,0.1458863,0.06932803608304379,0.09803355306345446,0.014301749781325668
163,0.675,0.06958414803997318,0.1364279,0.06958415,7.060137e+07,0.3823541,1.014619e+09,0.023732010811482945,0.0,100552523.08969796,16735436.843494724,0.1664348,0.0700848730200425,0.10342272025329016,0.01649431244592437
164,0.675,0.06958414803997318,0.1364279,0.06958415,7.060137e+07,0.3823541,1.014619e+09,0.0011910720481327138,0.0,190038412.74766394,26996805.092890088,0.1420597,0.1324563284649694,0.18751709848560905,0.026607834764524996
165,0.675,0.06958414803997318,0.1364279,0.06958415,7.060137e+07,0.3823541,1.014619e+09,0.06159421267684437,3.7413141728964732e-06,67260520.55373141,8684736.420680964,0.1291209,0.046880425248654836,0.07750088456577617,0.008559866958492125
166,0.675,0.06958414803997318,0.1364279,0.06958415,7.060137e+07,0.3823541,1.014619e+09,0.0,0.0,161111821.09476575,20474271.110179584,0.1270811,0.11229456185183807,0.15879051982451903,0.020179277538556556
167,0.675,0.06958414803997318,0.1364279,0.06958415,7.060137e+07,0.3823541,1.014619e+09,0.0,0.0,85788463.21467736,14815414.686409649,0.1726971,0.05979435787624959,0.08455242189083428,0.01460195399372363
168,0.675,0.06958414803997318,0.1364279,0.06958415,7.060137e+07,0.3823541,1.014619e+09,0.02303193276491227,0.0,94620355.84191267,12105884.559397254,0.1279417,0.06595016634616012,0.0974486174136832,0.011931462812971461
169,0.675,0.06958414803997318,0.1364279,0.06958415,7.060137e+07,0.3823541,1.014619e+09,0.029620162284516846,0.0006910522411149445,2813642.62071747,474422.91077049973,0.1686152,0.0019611023148654026,0.008163640274621454,0.0005156737005845177
170,0.675,0.06958414803997318,0.1364279,0.06958415,7.060137e+07,0.3823541,1.014619e+09,2.6434685655030705e-05,0.0,183981733.29796916,20442250.02627783,0.1111102,0.1282348370780621,0.1813357328429407,0.02014771781485935
171,0.675,0.06958414803997318,0.1364279,0.06958415,7.060137e+07,0.3823541,1.014619e+09,0.006292784272367914,0.0030089835662580958,13460.0450671729,2300.7761915202595,0.1709338,9.381619877756323e-06,0.0011584821296876109,0.00021164518450177196
172,0.675,0.06958414803997318,0.1364279,0.06958415,7.060137e+07,0.3823541,1.014619e+09,0.05234811190012841,0.011566332299817335,4020739.3175647715,373647.2852348334,0.09293,0.002802445884593524,0.01348957651178196,0.0011730971491885087
173,0.675,0.06958414803997318,0.1364279,0.06958415,7.060137e+07,0.3823541,1.014619e+09,0.028820253509007226,0.0,95218599.31272689,12861338.9002572,0.1350717,0.06636714064375862,0.09909165070889528,0.012676032557597963
174,0.675,0.06958414803997318,0.1364279,0.06958415,7.060137e+07,0.3823541,1.014619e+09,0.0,0.0,492349581.09897614,71521135.97677499,0.1452649,0.3431665045541575,0.48525580175836375,0.07049065849433922
175,0.675,0.06958414803997318,0.1364279,0.06958415,7.060137e+07,0.3823541,1.014619e+09,0.007558998468992398,6.368392408099028e-08,13078206.468867611,2478393.2558812546,0.1895056,0.009115479269305306,0.014265428266154326,0.0024426889641391007
176,0.675,0.06958414803997318,0.1364279,0.06958415,7.060137e+07,0.3823541,1.014619e+09,0.008536576064536679,1.334212521744218e-07,37750761.14608501,5288489.483677737,0.1400896,0.026312192076703756,0.038760408582080706,0.005212302140564597
177,0.675,0.06958414803997318,0.1364279,0.06958415,7.060137e+07,0.3823541,1.014619e+09,0.0,0.0,707659635.0011094,84769254.14451224,0.1197882,0.4932371076976359,0.6974636655280552,0.0835478975985653
178,0.675,0.06958414803997318,0.1364279,0.06958415,7.060137e+07,0.3823541,1.014619e+09,0.0,0.0,286862787.1185821,36860662.14035549,0.1284958,0.1999426905622931,0.2827296642502533,0.036329573227902485
179,0.675,0.06958414803997318,0.1364279,0.06958415,7.060137e+07,0.3823541,1.014619e+09,0.000398903146877322,0.0,159761317.2302591,24367065.469410717,0.1525217,0.1113532638222243,0.15753206992745336,0.024015984464665217
180,0.675,0.06958414803997318,0.1364279,0.06958415,7.060137e+07,0.3823541,1.014619e+09,0.00042545854797086343,0.0,333866972.4621694,47062949.976844214,0.1409632,0.23270449762582338,0.3291340413378754,0.04638486636497475
181,0.675,0.06958414803997318,0.1364279,0.06958415,7.060137e+07,0.3823541,1.014619e+09,0.0,0.0,523379028.4973156,54876747.84246369,0.1048509,0.36479395669531134,0.5158381764641387,0.05408608292658026
182,0.675,0.06958414803997318,0.1364279,0.06958415,7.060137e+07,0.3823541,1.014619e+09,5.223071325920889e-06,0.0,320240865.3372221,42731994.943394944,0.133437,0.22320713288284688,0.31562778121238266,0.04211631178949444
183,0.675,0.06958414803997318,0.1364279,0.06958415,7.060137e+07,0.3823541,1.014619e+09,0.0011711496571989069,0.0,309239428.2754145,39889083.65022966,0.1289909,0.21553915702482718,0.3049970385382549,0.03931436120021284
184,0.675,0.06958414803997318,0.1364279,0.06958415,7.060137e+07,0.3823541,1.014619e+09,0.005523833749225707,0.0019819079087540757,1941161.002313662,153018.84861538874,0.07882852,0.0013529846708794317,0.002918468392309065,0.00028872352432505707
185,0.675,0.06958414803997318,0.1364279,0.06958415,7.060137e+07,0.3823541,1.014619e+09,0.0210615440744381,4.080923384043071e-05,88796180.13186513,8653067.802797362,0.09744865,0.06189072952107941,0.09134976790728676,0.008531233962087657
186,0.675,0.06958414803997318,0.1364279,0.06958415,7.060137e+07,0.3823541,1.014619e+09,0.00014962794518076896,0.0,236196839.6429952,33800462.23595968,0.1431029,0.16462864387149995,0.23282094302707507,0.03331346472460321
187,0.675,0.06958414803997318,0.1364279,0.06958415,7.060137e+07,0.3823541,1.014619e+09,0.04291133166052962,0.019089311068685617,584249.6618112437,60724.7814591848,0.1039364,0.0004072206455079892,0.008385211895014682,0.0013881633053813602
188,0.675,0.06958414803997318,0.1364279,0.06958415,7.060137e+07,0.3823541,1.014619e+09,0.01487730947514791,0.0,150876843.01703206,22869713.14527711,0.1515787,0.10516080611006517,0.15141051057586746,0.022540206012817327
189,0.675,0.06958414803997318,0.1364279,0.06958415,7.060137e+07,0.3823541,1.014619e+09,0.02013632954595225,0.017987460884710284,39626.40331253512,4950.821717921397,0.1249374,2.7619510272483187e-05,0.0037036411440347665,0.0012565216312773904
190,0.675,0.06958414803997318,0.1364279,0.06958415,7.060137e+07,0.3823541,1.014619e+09,0.0,0.0,603811726.591419,94191338.87495214,0.1559946,0.4208553588299555,0.5951119991697912,0.0928342288063616
191,0.675,0.06958414803997318,0.1364279,0.06958415,7.060137e+07,0.3823541,1.014619e+09,0.0,0.0,150966057.43832198,19878339.201914575,0.1316742,0.10522298835269356,0.14879093646635067,0.01959193182518548
192,0.675,0.06958414803997318,0.1364279,0.06958415,7.060137e+07,0.3823541,1.014619e+09,0.0,0.0,203780519.12247404,24570187.3130501,0.1205718,0.14203454441333838,0.20084444668113346,0.024216179726068415
193,0.675,0.06958414803997318,0.1364279,0.06958415,7.060137e+07,0.3823541,1.014619e+09,0.0,0.0,319521682.5394364,38796159.0345825,0.1214195,0.22270586415768473,0.31491800986967067,0.03823718345702573
194,0.675,0.06958414803997318,0.1364279,0.06958415,7.060137e+07,0.3823541,1.014619e+09,0.08219538318339509,7.511774577386528e-05,45264496.20109687,5540960.555980998,0.122413,0.03154924780694133,0.05957096073506664,0.005466353326624141
195,0.675,0.06958414803997318,0.1364279,0.06958415,7.060137e+07,0.3823541,1.014619e+09,0.002061719576680654,0.0,190535406.55046868,29224421.435533006,0.1533805,0.13280273198117204,0.18816537966062868,0.028803355581149638
196,0.675,0.06958414803997318,0.1364279,0.06958415,7.060137e+07,0.3823541,1.014619e+09,0.019133874383904296,0.0,30219176.994648155,3430634.4964778763,0.1135251,0.021062695568074656,0.033265928793790873,0.0033812058688308575
197,0.675,0.06958414803997318,0.1364279,0.06958415,7.060137e+07,0.3823541,1.014619e+09,0.002071513350249094,0.0,128006853.99659416,13011653.174280072,0.1016481,0.08922047734240868,0.12653952168384575,0.012824181101553018
198,0.675,0.06958414803997318,0.1364279,0.06958415,7.060137e+07,0.3823541,1.014619e+09,0.0,0.0,75157589.49282628,12136287.721133962,0.1614779,0.05238466379802736,0.07407471793956043,0.011961427925547783
199,0.675,0.06958414803997318,0.1364279,0.06958415,7.060137e+07,0.3823541,1.014619e+09,0.0,0.0,104445791.72269154,14218404.522330271,0.1361319,0.07279847213612699,0.10294093536050568,0.014013545560062362
200,0.675,0.06958414803997318,0.1364279,0.06958415,7.060137e+07,0.3823541,1.014619e+09,0.0002669729665659449,0.0,143900294.5877576,16916164.239018053,0.1175548,0.10029816819945093,0.14187556330089446,0.016672435918719086
201,0.675,0.06958414803997318,0.1364279,0.06958415,7.060137e+07,0.3823541,1.014619e+09,0.04024160609129415,0.02041233382866752,248232.24177765197,30980.595826555476,0.1248049,0.0001730172909629322,0.007568175768136495,0.001450909085963443
202,0.675,0.06958414803997318,0.1364279,0.06958415,7.060137e+07,0.3823541,1.014619e+09,0.0028562770249914585,0.0,137132430.7942247,17486156.069044277,0.1275129,0.09558098299104426,0.13567643521845202,0.017234215298845116
203,0.675,0.06958414803997318,0.1364279,0.06958415,7.060137e+07,0.3823541,1.014619e+09,0.0,0.0,762463791.4805033,92766261.40676056,0.1216664,0.5314354763691266,0.7514782029888943,0.09142968387336597
204,0.675,0.06958414803997318,0.1364279,0.06958415,7.060137e+07,0.3823541,1.014619e+09,0.0,0.0,431762903.2060172,57397495.17331644,0.1329375,0.30093773200464713,0.4255420575297213,0.05657051129622136
205,0.675,0.06958414803997318,0.1364279,0.06958415,7.060137e+07,0.3823541,1.014619e+09,0.023248153818108304,0.0,45764504.1638148,5900505.644021462,0.1289319,0.03189775218554191,0.049336031300829836,0.005815491079891444
206,0.675,0.06958414803997318,0.1364279,0.06958415,7.060137e+07,0.3823541,1.014619e+09,0.0034468803222459567,0.0,254445641.50214463,35034458.83586139,0.1376894,0.17734801601421088,0.25140687878228174,0.03452968188501149
207,0.675,0.06958414803997318,0.1364279,0.06958415,7.060137e+07,0.3823541,1.014619e+09,0.00752211672225441,0.0,169136991.98242667,21300016.52044473,0.1259335,0.11788808715924512,0.16806900465019553,0.02099312559792141
208,0.675,0.06958414803997318,0.1364279,0.06958415,7.060137e+07,0.3823541,1.014619e+09,0.0,0.0,92070424.79433858,15910041.09102387,0.172803,0.06417287037995473,0.09074387288414981,0.015680809006479633
209,0.675,0.06958414803997318,0.1364279,0.06958415,7.060137e+07,0.3823541,1.014619e+09,0.0008479916991440418,0.0,231057383.91298467,29709645.866000686,0.1285812,0.16104645526834968,0.22788263099864128,0.029281588891542167
210,0.675,0.06958414803997318,0.1364279,0.06958415,7.060137e+07,0.3823541,1.014619e+09,0.0,0.0,637985142.4252405,82568154.33094464,0.1294202,0.4446741496049816,0.6287930439718369,0.0813785112605109
211,0.675,0.06958414803997318,0.1364279,0.06958415,7.060137e+07,0.3823541,1.014619e+09,0.0016626205597302787,0.0012203214878074616,697.8123132671129,119.29393420159434,0.1709542,4.863735475192503e-07,0.0003032660150019637,8.503260620955897e-05
212,0.675,0.06958414803997318,0.1364279,0.06958415,7.060137e+07,0.3823541,1.014619e+09,1.0929037915405908e-09,0.0,445698388.138207,58412468.87778297,0.1310583,0.31065073235446433,0.439276760007773,0.057570861245997286
213,0.675,0.06958414803997318,0.1364279,0.06958415,7.060137e+07,0.3823541,1.014619e+09,7.041812172118263e-06,0.0,311777977.4271167,42320244.88957881,0.1357384,0.21730851983627522,0.3072871576947162,0.04171049423595329
214,0.675,0.06958414803997318,0.1364279,0.06958415,7.060137e+07,0.3823541,1.014619e+09,0.0008131190492785544,0.0,341137406.98485297,48684982.966404505,0.1427137,0.23777197345503026,0.33637027319742546,0.047983529081556536
215,0.675,0.06958414803997318,0.1364279,0.06958415,7.060137e+07,0.3823541,1.014619e+09,0.0,0.0,668108515.1842734,84897067.87029976,0.1270708,0.4656700698452816,0.6584823987738104,0.08367386978248452
216,0.675,0.06958414803997318,0.1364279,0.06958415,7.060137e+07,0.3823541,1.014619e+09,0.0,0.0,502208942.8102529,70815738.72750415,0.1410085,0.3500384565685003,0.49497310965441643,0.06979542461805761
217,0.675,0.06958414803997318,0.1364279,0.06958415,7.060137e+07,0.3823541,1.014619e+09,0.029141427628100378,2.1045981101894787e-05,53257643.658946484,6014942.363131991,0.1129405,0.037120452858794076,0.05779371914484352,0.005929743459889179
218,0.675,0.06958414803997318,0.1364279,0.06958415,7.060137e+07,0.3823541,1.014619e+09,0.03704930719601134,0.00010446113682069055,33827693.938841134,4287438.531483818,0.1267434,0.023577823424178624,0.0400828616097547,0.004232933899065362
219,0.675,0.06958414803997318,0.1364279,0.06958415,7.060137e+07,0.3823541,1.014619e+09,0.0003185313352275454,0.0,247734631.05821666,35772699.13538332,0.1443993,0.17267045745728335,0.2442232363082748,0.035257285608437494
220,0.675,0.06958414803997318,0.1364279,0.06958415,7.060137e+07,0.3823541,1.014619e+09,1.0102402761929554e-06,0.0,339800246.8291489,45699804.628721565,0.1344902,0.23683997595919037,0.3349045841866202,0.0450413612332349
221,0.675,0.06958414803997318,0.1364279,0.06958415,7.060137e+07,0.3823541,1.014619e+09,0.00013619045088268146,0.0,85474357.23271495,12945120.332337085,0.1514503,0.059575426742706244,0.08426762668356162,0.0127586068656854
222,0.675,0.06958414803997318,0.1364279,0.06958415,7.060137e+07,0.3823541,1.014619e+09,0.008495562108135611,2.267133501142824e-07,177014999.81879416,19515327.371078927,0.1102467,0.12337904016467281,0.17601066216475428,0.019234166049312447
223,0.675,0.06958414803997318,0.1364279,0.06958415,7.060137e+07,0.3823541,1.014619e+09,0.028081784664358653,0.0,48555342.13514498,8945233.781774685,0.1842276,0.033842959713210885,0.052966325333429515,0.008816350733968567
224,0.675,0.06958414803997318,0.1364279,0.06958415,7.060137e+07,0.3823541,1.014619e+09,0.0,0.0,534334496.4681618,85666501.17929731,0.1603237,0.3724298922046269,0.5266357979061326,0.08443221708608899
225,0.675,0.06958414803997318,0.1364279,0.06958415,7.060137e+07,0.3823541,1.014619e+09,0.0,0.0,591388012.1482544,83591939.03104374,0.1413487,0.4121960589692276,0.5828672857702629,0.08238754525697664
226,0.675,0.06958414803997318,0.1364279,0.06958415,7.060137e+07,0.3823541,1.014619e+09,1.253515999989127e-06,0.0,297130937.3330307,42570517.02543058,0.1432719,0.20709956720564093,0.2928500989450886,0.04195716044752892
227,0.675,0.06958414803997318,0.1364279,0.06958415,7.060137e+07,0.3823541,1.014619e+09,0.0,0.0,193290718.6220267,33999389.74320637,0.1758977,0.13472317803992956,0.1905057833664051,0.03350952608166848
228,0.675,0.06958414803997318,0.1364279,0.06958415,7.060137e+07,0.3823541,1.014619e+09,3.4502784781840856e-06,0.0,272068569.26040983,30380766.12515835,0.1116658,0.1896311553748973,0.2681492295924903,0.029943039641041974
229,0.675,0.06958414803997318,0.1364279,0.06958415,7.060137e+07,0.3823541,1.014619e+09,0.06837758996613989,6.761536612774669e-06,67142538.86040303,9390900.062403725,0.1398651,0.04679819228481132,0.07861910118702096,0.009256066344638339
230,0.675,0.06958414803997318,0.1364279,0.06958415,7.060137e+07,0.3823541,1.014619e+09,0.0005704175782853325,0.0,226805786.8930548,35319515.57644424,0.1557258,0.1580831021060589,0.22364177567483737,0.034810631524268616
231,0.675,0.06958414803997318,0.1364279,0.06958415,7.060137e+07,0.3823541,1.014619e+09,0.0328162081434715,0.016473528478758697,717095.8220381737,54490.86137064761,0.07598826,0.0004998141079554622,0.006678944978304041,0.0012000022007188635
232,0.675,0.06958414803997318,0.1364279,0.06958415,7.060137e+07,0.3823541,1.014619e+09,0.0,0.0,52803807.61205555,6048675.350317627,0.11455,0.03680413019735379,0.05204300964669936,0.005961525955080244
233,0.675,0.06958414803997318,0.1364279,0.06958415,7.060137e+07,0.3823541,1.014619e+09,0.0,0.0,526936850.3374645,77596238.20291722,0.1472591,0.36727375018266456,0.5193447371596941,0.07647823056646422
234,0.675,0.06958414803997318,0.1364279,0.06958415,7.060137e+07,0.3823541,1.014619e+09,0.0006259953152001335,0.0,333316439.6903784,45261243.73857521,0.1357906,0.23232077757366792,0.32862793608754926,0.044609119134251474
235,0.675,0.06958414803997318,0.1364279,0.06958415,7.060137e+07,0.3823541,1.014619e+09,0.0,0.0,376142484.2196722,52017135.98202609,0.138291,0.26217043027814346,0.3707230182830337,0.051267672392022665
236,0.675,0.06958414803997318,0.1364279,0.06958415,7.060137e+07,0.3823541,1.014619e+09,0.0,0.0,338130479.3784832,36601052.7819365,0.1082454,0.23567615195799138,0.33325869091530935,0.036073704324587105
237,0.675,0.06958414803997318,0.1364279,0.06958415,7.060137e+07,0.3823541,1.014619e+09,0.0001589076620272822,0.0,233658157.86501104,30762354.14205462,0.1316554,0.16285918861984405,0.2303205274142338,0.03031912973269407
238,0.675,0.06958414803997318,0.1364279,0.06958415,7.060137e+07,0.3823541,1.014619e+09,0.0005429143870341438,0.0,332135838.6374776,37317182.629606746,0.1123552,0.23149790140569673,0.32744922535515286,0.036779516163847024
239,0.675,0.06958414803997318,0.1364279,0.06958415,7.060137e+07,0.3823541,1.014619e+09,0.010448155218022536,0.0,129807040.95838672,19095461.695153233,0.1471065,0.09047520343731752,0.1298382262082441,0.01882033402799817
240,0.675,0.06958414803997318,0.1364279,0.06958415,7.060137e+07,0.3823541,1.014619e+09,0.007450803232657333,0.0,127070777.75906825,14965576.15487753,0.1177735,0.08856803439788345,0.12659590274956922,0.014749951933748173
241,0.675,0.06958414803997318,0.1364279,0.06958415,7.060137e+07,0.3823541,1.014619e+09,0.0014813269502299874,0.0,304696358.14123416,49543017.45804873,0.162598,0.21237264778476417,0.3005758738007021,0.04882920100078469
242,0.675,0.06958414803997318,0.1364279,0.06958415,7.060137e+07,0.3823541,1.014619e+09,0.005300431496606299,0.0,44872103.64867611,6967200.64932247,0.155268,0.03127575111719753,0.045190204744302846,0.006866817129308609
243,0.675,0.06958414803997318,0.1364279,0.06958415,7.060137e+07,0.3823541,1.014619e+09,0.0038054131130067083,0.0,251316762.98828322,29164771.663892854,0.1160479,0.17516719502035574,0.2483883301304449,0.028744565244215998
244,0.675,0.06958414803997318,0.1364279,0.06958415,7.060137e+07,0.3823541,1.014619e+09,3.2063782898414976e-05,0.0,245180109.41105667,36130981.91733426,0.1473651,0.17088996185392138,0.24165338636802244,0.035610406247280624
245,0.675,0.06958414803997318,0.1364279,0.06958415,7.060137e+07,0.3823541,1.014619e+09,3.4189417435232554e-06,0.0,427838769.47237015,59601968.01813486,0.1393094,0.2982026199857176,0.42167508497629597,0.058743222066847275
246,0.675,0.06958414803997318,0.1364279,0.06958415,7.060137e+07,0.3823541,1.014619e+09,0.0025742179097829033,0.0,56096169.41003914,7703144.919868188,0.1373203,0.03909889865723503,0.055756413781570265,0.007592157904974558
247,0.675,0.06958414803997318,0.1364279,0.06958415,7.060137e+07,0.3823541,1.014619e+09,0.0,0.0,730507081.7497562,93789676.57418758,0.1283898,0.5091617245546659,0.7199819259587823,0.0924383536613913
248,0.675,0.06958414803997318,0.1364279,0.06958415,7.060137e+07,0.3823541,1.014619e+09,0.05662226721260234,0.001570804299712602,26132823.028483722,2624099.98741048,0.100414,0.01821451642712853,0.03606091725771568,0.002695594998675727
249,0.675,0.06958414803997318,0.1364279,0.06958415,7.060137e+07,0.3823541,1.014619e+09,0.11250637667793603,0.00038881906257840545,25754652.266283445,3542060.769825458,0.1375309,0.017950932291849735,0.04585847506304538,0.0035180823541549854
250,0.675,0.06958414803997318,0.1364279,0.06958415,7.060137e+07,0.3823541,1.014619e+09,8.133056825869293e-05,0.0,318752670.51600945,43153165.00102824,0.1353813,0.22216986457899007,0.31417487903115127,0.04253141362331194
251,0.675,0.06958414803997318,0.1364279,0.06958415,7.060137e+07,0.3823541,1.014619e+09,0.006268625958416858,0.0037552470570577177,180087.10660350719,18713.75510812508,0.103915,0.00012552029139631577,0.001318311884655975,0.0002797497942195521
252,0.675,0.06958414803997318,0.1364279,0.06958415,7.060137e+07,0.3823541,1.014619e+09,0.0,0.0,670807884.3519605,92767575.77721292,0.1382923,0.4675515238311036,0.661142875394475,0.0914309793063513
253,0.675,0.06958414803997318,0.1364279,0.06958415,7.060137e+07,0.3823541,1.014619e+09,0.0,0.0,617976937.4424251,68873231.3825298,0.1114495,0.430728477606988,0.6090731174736563,0.06788090494485503
254,0.675,0.06958414803997318,0.1364279,0.06958415,7.060137e+07,0.3823541,1.014619e+09,5.507935811430563e-05,0.0,248420707.94301683,27844271.75218091,0.1120851,0.17314865143865477,0.24485148288908307,0.02744309111286945
255,0.675,0.06958414803997318,0.1364279,0.06958415,7.060137e+07,0.3823541,1.014619e+09,0.0004297488735096758,0.0,198415148.56543037,25386044.751642995,0.1279441,0.1382948937050171,0.19563458992005436,0.025020282279788947
256,0.675,0.06958414803997318,0.1364279,0.06958415,7.060137e+07,0.3823541,1.014619e+09,0.0,0.0,23570285.855018925,2361573.480137923,0.1001928,0.01642843402071083,0.023230684861599883,0.002327547897893398
257,0.675,0.06958414803997318,0.1364279,0.06958415,7.060137e+07,0.3823541,1.014619e+09,0.04661747966888656,5.774653882581179e-07,37727372.09122749,4652024.129731083,0.1233063,0.02629588996026371,0.04566765300693455,0.004585037886371549
258,0.675,0.06958414803997318,0.1364279,0.06958415,7.060137e+07,0.3823541,1.014619e+09,0.0,0.0,164305346.5707003,24667342.872610588,0.1501311,0.11452044162680389,0.16193803294274153,0.024311935467029082
259,0.675,0.06958414803997318,0.1364279,0.06958415,7.060137e+07,0.3823541,1.014619e+09,0.0,0.0,57813983.14504841,10542332.095415264,0.1823492,0.040296210806059114,0.05698099850369373,0.01039043803377434
260,0.675,0.06958414803997318,0.1364279,0.06958415,7.060137e+07,0.3823541,1.014619e+09,8.164530588662543e-05,0.0,353762016.5379732,39451376.46218594,0.1115195,0.24657129673674213,0.34867986720673433,0.038882960503180755
261,0.675,0.06958414803997318,0.1364279,0.06958415,7.060137e+07,0.3823541,1.014619e+09,0.0,0.0,39016944.45565861,6509413.545836749,0.1668356,0.027194718877074562,0.03845478779880602,0.00641562582852441
262,0.675,0.06958414803997318,0.1364279,0.06958415,7.060137e+07,0.3823541,1.014619e+09,0.0,0.0,363797419.59974474,54314198.81108101,0.1492979,0.2535659491599518,0.3585558215190388,0.0535316391091555
263,0.675,0.06958414803997318,0.1364279,0.06958415,7.060137e+07,0.3823541,1.014619e+09,0.0,0.0,654225814.8277465,110044331.86666647,0.1682054,0.45599386022103827,0.6447997205494467,0.10845881166330851
264,0.675,0.06958414803997318,0.1364279,0.06958415,7.060137e+07,0.3823541,1.014619e+09,0.0026347463633319313,0.0,94244498.46168615,11728849.21421118,0.1244513,0.06568819463269726,0.09336611669701414,0.011559859798074756
265,0.675,0.06958414803997318,0.1364279,0.06958415,7.060137e+07,0.3823541,1.014619e+09,0.0,0.0,369609470.44789755,53228327.046953,0.1440123,0.2576169349846979,0.3642841322609419,0.052461412599908656
266,0.675,0.06958414803997318,0.1364279,0.06958415,7.060137e+07,0.3823541,1.014619e+09,0.004104586525347597,0.0,267384003.9997674,40414114.09498108,0.1511463,0.18636602436318364,0.264278520317665,0.03983182699930364
267,0.675,0.06958414803997318,0.1364279,0.06958415,7.060137e+07,0.3823541,1.014619e+09,0.0623886931452375,4.509212766231161e-05,26124598.577941123,3811788.556737504,0.145908,0.0182087840043685,0.03710223601985786,0.003760005953586017
268,0.675,0.06958414803997318,0.1364279,0.06958415,7.060137e+07,0.3823541,1.014619e+09,0.0002981613919024554,0.0,214979263.82109195,41794141.8333348,0.1944101,0.14984004323196445,0.21193610173904356,0.04119197127957062
269,0.675,0.06958414803997318,0.1364279,0.06958415,7.060137e+07,0.3823541,1.014619e+09,0.000196951069148523,0.0,335928596.5220591,56154611.18720754,0.1671623,0.2341414447656136,0.3311243756976726,0.055345534799185074
270,0.675,0.06958414803997318,0.1364279,0.06958415,7.060137e+07,0.3823541,1.014619e+09,0.0,0.0,660909.7759026373,65722.37563408948,0.09944228,0.00046065256543111787,0.0006513873790238951,6.477544676812311e-05
271,0.675,0.06958414803997318,0.1364279,0.06958415,7.060137e+07,0.3823541,1.014619e+09,0.029862307185449525,0.013119467048115712,391831.7411578013,35775.37504608955,0.0913029,0.0002731058056073803,0.0058207905292250684,0.0009481668602462201
272,0.675,0.06958414803997318,0.1364279,0.06958415,7.060137e+07,0.3823541,1.014619e+09,3.04214128032742e-05,0.0,188120817.517453,35169038.19580854,0.1869492,0.13111976908203593,0.1854159066212427,0.034662322223742985
273,0.675,0.06958414803997318,0.1364279,0.06958415,7.060137e+07,0.3823541,1.014619e+09,0.0,0.0,48931115.66947086,7465741.874906907,0.1525766,0.03410487298627743,0.04822611550134961,0.007358175366255987
274,0.675,0.06958414803997318,0.1364279,0.06958415,7.060137e+07,0.3823541,1.014619e+09,0.09206191211436704,2.928521613181145e-05,32994215.821256004,6230699.661751999,0.1888422,0.022996891128886247,0.04927306810087065,0.006142965444618934
275,0.675,0.06958414803997318,0.1364279,0.06958415,7.060137e+07,0.3823541,1.014619e+09,0.0,0.0,153399445.57362285,22410543.488480262,0.1460927,0.10691905418208013,0.15118926431289623,0.022087652078568575
276,0.675,0.06958414803997318,0.1364279,0.06958415,7.060137e+07,0.3823541,1.014619e+09,0.04186030964376118,0.0,15634967.061121298,2254544.1230377983,0.1441988,0.01089753541215218,0.023027804161698008,0.0022220606211999254
277,0.675,0.06958414803997318,0.1364279,0.06958415,7.060137e+07,0.3823541,1.014619e+09,0.002863727820640751,0.0,172075303.9829242,17953194.255811017,0.1043334,0.119936083739743,0.17011720698460278,0.017694524393178857
278,0.675,0.06958414803997318,0.1364279,0.06958415,7.060137e+07,0.3823541,1.014619e+09,0.0,0.0,128244760.23873025,14998653.59898406,0.1169533,0.0893862974358131,0.12639700802029094,0.014782552797598214
279,0.675,0.06958414803997318,0.1364279,0.06958415,7.060137e+07,0.3823541,1.014619e+09,0.0001233237761061634,0.0,204019222.72045538,34913525.944911666,0.1711286,0.14220092026189887,0.20110215457578376,0.03441049139676982
280,0.675,0.06958414803997318,0.1364279,0.06958415,7.060137e+07,0.3823541,1.014619e+09,0.0221320064700147,0.010644397799835982,22639.190448247577,3868.999752033708,0.1708983,1.57794627035525e-05,0.004050089455246352,0.0007444946074520813
281,0.675,0.06958414803997318,0.1364279,0.06958415,7.060137e+07,0.3823541,1.014619e+09,0.0,0.0,585299390.0954492,88750934.57010747,0.1516334,0.4079523036627872,0.576866388665318,0.08747220991940668
282,0.675,0.06958414803997318,0.1364279,0.06958415,7.060137e+07,0.3823541,1.014619e+09,0.0034161896081288156,0.0,131722103.6849765,17212684.51372186,0.1306742,0.09180999767116019,0.1304459579721014,0.016964683925344448
283,0.675,0.06958414803997318,0.1364279,0.06958415,7.060137e+07,0.3823541,1.014619e+09,0.013594192339208734,0.0,102071055.5540502,11450678.367654849,0.1121834,0.07114328659009288,0.10307440465189793,0.011285696840791037
284,0.675,0.06958414803997318,0.1364279,0.06958415,7.060137e+07,0.3823541,1.014619e+09,0.0003214348364774109,0.0,140704534.2109426,17741653.435978357,0.1260916,0.09807073070380734,0.1387357589305362,0.01748603145630382
285,0.675,0.06958414803997318,0.1364279,0.06958415,7.060137e+07,0.3823541,1.014619e+09,0.0,0.0,100221944.42040955,12335977.861817626,0.1230866,0.06985446046202498,0.0987779453065714,0.012158240928017287
286,0.675,0.06958414803997318,0.1364279,0.06958415,7.060137e+07,0.3823541,1.014619e+09,0.0,0.0,349343966.4767416,53891784.41080741,0.1542657,0.24349192619462856,0.34431061394168155,0.05311531086120309
287,0.675,0.06958414803997318,0.1364279,0.06958415,7.060137e+07,0.3823541,1.014619e+09,2.4750955375364328e-06,0.0,419242635.18445796,52659319.302439034,0.1256058,0.29221113452598296,0.4132026321366173,0.05190060312657768
288,0.675,0.06958414803997318,0.1364279,0.06958415,7.060137e+07,0.3823541,1.014619e+09,1.7568108526806217e-06,0.0,181723542.60155797,31642444.699415796,0.1741241,0.12666088345313078,0.1791055870923695,0.031186539933549726
289,0.675,0.06958414803997318,0.1364279,0.06958415,7.060137e+07,0.3823541,1.014619e+09,0.03532674852188479,0.00048677323967104584,12273409.377685867,1720480.881607171,0.1401795,0.00855453758222246,0.01852564514845636,0.0017295638712562906
290,0.675,0.06958414803997318,0.1364279,0.06958415,7.060137e+07,0.3823541,1.014619e+09,0.057909128421117465,0.00011201333862278645,32522331.673913784,3897477.448694799,0.11984,0.02266798898371433,0.042592560055007535,0.0038491168942939628
291,0.675,0.06958414803997318,0.1364279,0.06958415,7.060137e+07,0.3823541,1.014619e+09,0.0,0.0,82428759.499126,11342619.835988076,0.1376051,0.057452652257591615,0.08124112483129095,0.011179195217891819
292,0.675,0.06958414803997318,0.1364279,0.06958415,7.060137e+07,0.3823541,1.014619e+09,0.029018006323748943,0.013313353626606806,1121031.3117806804,102422.98953576738,0.09136497,0.0007813561979698372,0.00638583051440435,0.0010273456473968304
293,0.675,0.06958414803997318,0.1364279,0.06958415,7.060137e+07,0.3823541,1.014619e+09,0.06401362860243351,0.0,78093183.48077774,9386625.07904079,0.1201978,0.05443076593014837,0.08861777684892302,0.009251382459528156
294,0.675,0.06958414803997318,0.1364279,0.06958415,7.060137e+07,0.3823541,1.014619e+09,0.07832368852446694,0.01032633809992394,8034138.320876052,773418.0763758518,0.09626646,0.005599775587349182,0.022172413431947938,0.001480824097457081
295,0.675,0.06958414803997318,0.1364279,0.06958415,7.060137e+07,0.3823541,1.014619e+09,8.784478146398558e-05,0.0,261655082.5131838,30543253.004909784,0.116731,0.18237297950869663,0.257901139352497,0.03010318540765967
296,0.675,0.06958414803997318,0.1364279,0.06958415,7.060137e+07,0.3823541,1.014619e+09,0.0,0.0,56656684.37412227,6242861.410381321,0.1101876,0.03948957627403194,0.05584037410891672,0.0061529141797968655
297,0.675,0.06958414803997318,0.1364279,0.06958415,7.060137e+07,0.3823541,1.014619e+09,0.042816741113932744,0.005902027965907587,4408105.305753315,517371.1492792311,0.1173681,0.0030724390708436545,0.01213675895932493,0.0009206044465658486
298,0.675,0.06958414803997318,0.1364279,0.06958415,7.060137e+07,0.3823541,1.014619e+09,0.0,0.0,5758.148133009697,719.8806319718188,0.1250195,4.013415758574095e-06,5.675184657799755e-06,7.095085822111791e-07
299,0.675,0.06958414803997318,0.1364279,0.06958415,7.060137e+07,0.3823541,1.014619e+09,0.0,0.0,382599049.1575048,50808452.24288259,0.1327982,0.26667064091343495,0.37708655694700394,0.0500764033843367
300,0.675,0.06958414803997318,0.1364279,0.06958415,7.060137e+07,0.3823541,1.014619e+09,0.010293029392234455,1.16304122407006e-05,78467605.14302203,7425412.541446135,0.09463029,0.0546917369515412,0.07921025851289293,0.007319236390697506
301,0.675,0.06958414803997318,0.1364279,0.06958415,7.060137e+07,0.3823541,1.014619e+09,0.0,0.0,384791829.1747823,55721239.88350195,0.1448088,0.2681990034482536,0.3792477433605043,0.054918407515011654
302,0.675,0.06958414803997318,0.1364279,0.06958415,7.060137e+07,0.3823541,1.014619e+09,0.0,0.0,7450114.054783606,915166.4734219688,0.1228393,0.00519271204212914,0.007342772711973759,0.0009019807426493518
303,0.675,0.06958414803997318,0.1364279,0.06958415,7.060137e+07,0.3823541,1.014619e+09,0.000315964234789057,0.0,234490590.09605458,28720730.976211045,0.1224814,0.16343939193466725,0.23116954848176166,0.0283069223006932
304,0.675,0.06958414803997318,0.1364279,0.06958415,7.060137e+07,0.3823541,1.014619e+09,0.0006504355211001192,0.0,294561297.1366585,47599157.435559876,0.1615934,0.20530853400889765,0.29043562598818845,0.0469133481394633
305,0.675,0.06958414803997318,0.1364279,0.06958415,7.060137e+07,0.3823541,1.014619e+09,0.0,0.0,14560384.63952619,2125330.182786116,0.1459666,0.010148553981821677,0.014350598423162015,0.002094708397125254
306,0.675,0.06958414803997318,0.1364279,0.06958415,7.060137e+07,0.3823541,1.014619e+09,0.060893467110783084,0.004841579254866249,6225958.494912393,778788.9412164678,0.1250874,0.004339478484838692,0.017218181474510475,0.0011044653073672898
307,0.675,0.06958414803997318,0.1364279,0.06958415,7.060137e+07,0.3823541,1.014619e+09,0.0,0.0,454618432.9691944,63437272.73619367,0.1395396,0.31686798270386796,0.44806828451479747,0.06252326766330149
308,0.675,0.06958414803997318,0.1364279,0.06958415,7.060137e+07,0.3823541,1.014619e+09,1.717637740385797e-06,0.0,378783268.93921787,48226723.56438561,0.1273201,0.2640110510408619,0.37332606713183353,0.04753187228712274
309,0.675,0.06958414803997318,0.1364279,0.06958415,7.060137e+07,0.3823541,1.014619e+09,0.0,0.0,318511258.6564945,35924513.785223864,0.1127888,0.22200160107848552,0.31392214418753006,0.0354069129107754
310,0.675,0.06958414803997318,0.1364279,0.06958415,7.060137e+07,0.3823541,1.014619e+09,0.0005317979724499496,0.0,321781547.3098483,54447878.58577792,0.1692076,0.22428098460827256,0.31724209573274637,0.05366339282387307
311,0.675,0.06958414803997318,0.1364279,0.06958415,7.060137e+07,0.3823541,1.014619e+09,0.00014585916571391793,0.0,352277776.6145144,58684135.52095791,0.1665848,0.24553678498735423,0.3472286984327487,0.05783861371254881
312,0.675,0.06958414803997318,0.1364279,0.06958415,7.060137e+07,0.3823541,1.014619e+09,0.0,0.0,184694159.09201735,20808973.436140247,0.1126672,0.12873139618744944,0.18203308318092534,0.020509157468934277
313,0.675,0.06958414803997318,0.1364279,0.06958415,7.060137e+07,0.3823541,1.014619e+09,1.883624581554152e-08,0.0,558484655.36152,85078888.68990593,0.1523388,0.3892624963745393,0.5504380044155753,0.08385307092529329
314,0.675,0.06958414803997318,0.1364279,0.06958415,7.060137e+07,0.3823541,1.014619e+09,2.1366494160608514e-06,0.0,337304926.07925344,48082761.12009057,0.1425498,0.23510074324252653,0.3324454210452229,0.047389984055647955
315,0.675,0.06958414803997318,0.1364279,0.06958415,7.060137e+07,0.3823541,1.014619e+09,9.211508853906921e-09,0.0,458248657.2138567,62466635.183425285,0.136316,0.31939824049754334,0.45164620611644607,0.06156661506935785
316,0.675,0.06958414803997318,0.1364279,0.06958415,7.060137e+07,0.3823541,1.014619e+09,1.4021356321957058e-05,0.0,257940448.99657097,34975521.428000845,0.1355953,0.1797838886502249,0.25422659129148334,0.0344715936481106
317,0.675,0.06958414803997318,0.1364279,0.06958415,7.060137e+07,0.3823541,1.014619e+09,0.0,0.0,353335395.8390135,41787482.755433045,0.1182658,0.24627394310905004,0.3482445347363897,0.04118540814575221
318,0.675,0.06958414803997318,0.1364279,0.06958415,7.060137e+07,0.3823541,1.014619e+09,7.512945558884531e-11,0.0,363082300.0025908,44987359.89906883,0.123904,0.25306751247611076,0.3578510053882649,0.04433918141676287
319,0.675,0.06958414803997318,0.1364279,0.06958415,7.060137e+07,0.3823541,1.014619e+09,0.0,0.0,385955430.0812552,55098726.70437999,0.1427593,0.2690100305539923,0.38039457908957497,0.054304863514089176
320,0.675,0.06958414803997318,0.1364279,0.06958415,7.060137e+07,0.3823541,1.014619e+09,0.0,0.0,553086218.0372376,70105983.55001298,0.1267542,0.38549979820692115,0.5451173444203811,0.06909589560264369
321,0.675,0.06958414803997318,0.1364279,0.06958415,7.060137e+07,0.3823541,1.014619e+09,0.0,0.0,275462696.0418681,31886538.07336855,0.1157563,0.19199685378984638,0.27149382583803955,0.0314271164069103
322,0.675,0.06958414803997318,0.1364279,0.06958415,7.060137e+07,0.3823541,1.014619e+09,0.0,0.0,155013391.2583141,19637487.14798129,0.1266825,0.1080439705431736,0.15277995624660554,0.01935454997086224
323,0.675,0.06958414803997318,0.1364279,0.06958415,7.060137e+07,0.3823541,1.014619e+09,0.0,0.0,68975480.78248388,7800264.7520518275,0.1130875,0.04807574851030309,0.06798168113408887,0.007687878433318901
324,0.675,0.06958414803997318,0.1364279,0.06958415,7.060137e+07,0.3823541,1.014619e+09,0.0,0.0,202494441.69421038,33297948.268343538,0.1644388,0.14113815145884834,0.1995768990736339,0.03281819098494439
325,0.675,0.06958414803997318,0.1364279,0.06958415,7.060137e+07,0.3823541,1.014619e+09,0.0,0.0,544601649.3366528,85459593.10954516,0.1569213,0.3795860737001788,0.5367550214989596,0.08422829015056942
326,0.675,0.06958414803997318,0.1364279,0.06958415,7.060137e+07,0.3823541,1.014619e+09,0.0,0.0,520312516.3906134,64927637.88550956,0.1247858,0.3626566049411347,0.512815846704828,0.06399215961163976
327,0.675,0.06958414803997318,0.1364279,0.06958415,7.060137e+07,0.3823541,1.014619e+09,0.0,0.0,166426561.0344552,19980066.02177578,0.1200533,0.11599892313848037,0.16402868492017036,0.019692192963667393
328,0.675,0.06958414803997318,0.1364279,0.06958415,7.060137e+07,0.3823541,1.014619e+09,0.0027423110641806264,0.0,290157703.6707741,43627495.41431708,0.1503579,0.20223923967987234,0.2864761773954124,0.042998909877670646
329,0.675,0.06958414803997318,0.1364279,0.06958415,7.060137e+07,0.3823541,1.014619e+09,0.0,0.0,334837229.9257422,50564567.139689945,0.1510124,0.23338076480482384,0.33001289064467026,0.04983603218096834
330,0.675,0.06958414803997318,0.1364279,0.06958415,7.060137e+07,0.3823541,1.014619e+09,7.229037168738585e-05,0.0,253006148.83106342,32079159.81232494,0.126792,0.17634469299489677,0.24937398889461568,0.03161696284927903
331,0.675,0.06958414803997318,0.1364279,0.06958415,7.060137e+07,0.3823541,1.014619e+09,0.0,0.0,200308231.1201656,24899133.858036846,0.1243041,0.13961436781057207,0.1974221874507404,0.02454038680484137
332,0.675,0.06958414803997318,0.1364279,0.06958415,7.060137e+07,0.3823541,1.014619e+09,0.0,0.0,751772749.8170273,88153334.21040769,0.1172606,0.5239838453765527,0.7409411979965022,0.08688321979367139
333,0.675,0.06958414803997318,0.1364279,0.06958415,7.060137e+07,0.3823541,1.014619e+09,5.019948897357585e-07,0.0,269503251.1166185,39418774.51803506,0.1462646,0.18784313463867724,0.26562033603229945,0.03885082828827665
334,0.675,0.06958414803997318,0.1364279,0.06958415,7.060137e+07,0.3823541,1.014619e+09,0.0055890428005076764,0.0,151150048.956253,19058542.13136108,0.1260902,0.10535123000963793,0.14998942001016985,0.018783946401774256
335,0.675,0.06958414803997318,0.1364279,0.06958415,7.060137e+07,0.3823541,1.014619e+09,0.0,0.0,384776078.73905253,40864112.77567099,0.1062023,0.26818802543144993,0.37923221985726296,0.040275342092991696
336,0.675,0.06958414803997318,0.1364279,0.06958415,7.060137e+07,0.3823541,1.014619e+09,0.0,0.0,128800661.73801325,14391607.570743207,0.1117355,0.0897737594784527,0.1269449000833473,0.014184253096640351
337,0.675,0.06958414803997318,0.1364279,0.06958415,7.060137e+07,0.3823541,1.014619e+09,5.932806356002326e-06,0.0,241927465.97401178,36038533.10311935,0.1489642,0.16862287699856263,0.23844285151700095,0.03551928943681573
338,0.675,0.06958414803997318,0.1364279,0.06958415,7.060137e+07,0.3823541,1.014619e+09,9.305639605721288e-06,0.0,448085816.6486104,51118141.560652636,0.1140811,0.3123147644329711,0.4416314837392426,0.05038163069427991
339,0.675,0.06958414803997318,0.1364279,0.06958415,7.060137e+07,0.3823541,1.014619e+09,0.0,0.0,330810406.92061895,42505926.99096584,0.1284903,0.23057407860425486,0.32604408615918967,0.04189350102714345
340,0.675,0.06958414803997318,0.1364279,0.06958415,7.060137e+07,0.3823541,1.014619e+09,5.535404597333953e-06,1.5738225866501243e-07,13906689.501658875,2475986.0693633566,0.1780428,0.009692930002198796,0.013707329115000229,0.0024403229803154894
341,0.675,0.06958414803997318,0.1364279,0.06958415,7.060137e+07,0.3823541,1.014619e+09,0.0,0.0,407911471.24012774,50746065.5699964,0.1244046,0.2843133398033259,0.40203427731417146,0.05001491557946673
342,0.675,0.06958414803997318,0.1364279,0.06958415,7.060137e+07,0.3823541,1.014619e+09,0.0,0.0,232187761.68814683,26540235.54067217,0.1143051,0.16183432592939961,0.2288423973164946,0.026157843472513674
343,0.675,0.06958414803997318,0.1364279,0.06958415,7.060137e+07,0.3823541,1.014619e+09,0.012546993973975075,0.0,196627055.01540127,31136329.03131374,0.1583522,0.13704859668977507,0.19607746167635642,0.030687716386753692
344,0.675,0.06958414803997318,0.1364279,0.06958415,7.060137e+07,0.3823541,1.014619e+09,0.004167996810114787,0.0,261337148.27465844,44163736.07771953,0.1689914,0.1821513800892977,0.25833032772981057,0.043527424378432426
345,0.675,0.06958414803997318,0.1364279,0.06958415,7.060137e+07,0.3823541,1.014619e+09,0.0015799088457386715,0.0,181662177.45857385,17960198.28154864,0.09886592,0.1266181120922365,0.1793323120337272,0.017701427504820105
346,0.675,0.06958414803997318,0.1364279,0.06958415,7.060137e+07,0.3823541,1.014619e+09,0.006692337011669597,0.0,125664194.76039097,14459452.335200775,0.1150642,0.08758764934313441,0.12507155348920468,0.014251120352825438
347,0.675,0.06958414803997318,0.1364279,0.06958415,7.060137e+07,0.3823541,1.014619e+09,0.0,0.0,7651785.478466444,697194.7598468593,0.0911153,0.00533327655196222,0.00754153845109052,0.0006871495684348031
348,0.675,0.06958414803997318,0.1364279,0.06958415,7.060137e+07,0.3823541,1.014619e+09,0.0,0.0,264342679.7647712,33423579.257535294,0.1264403,0.18424622849657624,0.26053402690398914,0.032942011881165856
349,0.675,0.06958414803997318,0.1364279,0.06958415,7.060137e+07,0.3823541,1.014619e+09,0.005029910940963019,0.0,59321155.30202683,8169434.291436584,0.1377154,0.041346706268484745,0.059381842567515816,0.008051728973049335
350,0.675,0.06958414803997318,0.1364279,0.06958415,7.060137e+07,0.3823541,1.014619e+09,0.0,0.0,364626002.9888133,48779790.7921972,0.1337803,0.25414346984093544,0.35937246666757056,0.04807697091492889
351,0.675,0.06958414803997318,0.1364279,0.06958415,7.060137e+07,0.3823541,1.014619e+09,0.0,0.0,453078101.925536,56587135.7239229,0.1248949,0.31579437557511064,0.4465501465813897,0.055771827516598364
352,0.675,0.06958414803997318,0.1364279,0.06958415,7.060137e+07,0.3823541,1.014619e+09,2.136932251595993e-05,0.0,403755108.17494375,60683601.74347301,0.150298,0.2814163644843798,0.3979416881600879,0.05980927159902375
353,0.675,0.06958414803997318,0.1364279,0.06958415,7.060137e+07,0.3823541,1.014619e+09,0.0017914667689104436,0.0,189640383.95170566,24983206.745898504,0.1317399,0.1321789033266845,0.18723406958560157,0.024623248369411786
354,0.675,0.06958414803997318,0.1364279,0.06958415,7.060137e+07,0.3823541,1.014619e+09,0.0002539029331936627,0.0,179023604.7348053,26337343.67805659,0.1471166,0.12477903308539244,0.1764904377270256,0.025957874878564612
355,0.675,0.06958414803997318,0.1364279,0.06958415,7.060137e+07,0.3823541,1.014619e+09,0.0015584935964094348,0.0,115760506.18385805,17339182.360487655,0.149785,0.08068480160755663,0.11437625558425661,0.01708935918944445
356,0.675,0.06958414803997318,0.1364279,0.06958415,7.060137e+07,0.3823541,1.014619e+09,0.0,0.0,421655433.4872324,55109540.59299173,0.130698,0.29389284929033627,0.4155802163696466,0.05431552159604936
357,0.675,0.06958414803997318,0.1364279,0.06958415,7.060137e+07,0.3823541,1.014619e+09,9.935839824428697e-07,0.0,339935435.3330618,49345031.106850356,0.14516,0.23693420202969936,0.3350378218615048,0.04863406723957882
358,0.675,0.06958414803997318,0.1364279,0.06958415,7.060137e+07,0.3823541,1.014619e+09,0.0,0.0,470945685.7007903,70553633.29926172,0.1498127,0.32824803960646076,0.46416029397095915,0.06953709560832616
359,0.675,0.06958414803997318,0.1364279,0.06958415,7.060137e+07,0.3823541,1.014619e+09,0.03982936483218528,2.720969821016862e-06,77838975.90265077,10804717.22544548,0.1388086,0.054253583843748926,0.08396596768174087,0.010649232051713331
360,0.675,0.06958414803997318,0.1364279,0.06958415,7.060137e+07,0.3823541,1.014619e+09,0.0025203185289211605,0.0,167283315.43036586,21489490.05069882,0.1284616,0.1165960789452342,0.1653317648353716,0.021179869191020873
361,0.675,0.06958414803997318,0.1364279,0.06958415,7.060137e+07,0.3823541,1.014619e+09,0.003959289120374483,0.0010747288077842447,47833.15717524552,8168.533936279152,0.1707714,3.333959848808889e-05,0.0007676901004835357,8.28349300539038e-05
362,0.675,0.06958414803997318,0.1364279,0.06958415,7.060137e+07,0.3823541,1.014619e+09,8.100598836869763e-06,0.0,280093610.85755527,35116793.03474704,0.1253752,0.19522459056711797,0.27605949258915985,0.03461082981165988
363,0.675,0.06958414803997318,0.1364279,0.06958415,7.060137e+07,0.3823541,1.014619e+09,6.679988431826267e-05,0.0,162216268.93677464,25070305.98289002,0.1545487,0.11306435941022856,0.15989121159549474,0.024709092679433376
364,0.675,0.06958414803997318,0.1364279,0.06958415,7.060137e+07,0.3823541,1.014619e+09,0.0,0.0,340484440.97021013,39934971.43046133,0.1172887,0.23731685767258667,0.3355787365969817,0.039359587828694025
365,0.675,0.06958414803997318,0.1364279,0.06958415,7.060137e+07,0.3823541,1.014619e+09,0.043542060272452214,7.088563965904852e-06,91711489.3291364,11960213.751216972,0.1304113,0.06392269320161935,0.09831427459508697,0.011788384083425509
366,0.675,0.06958414803997318,0.1364279,0.06958415,7.060137e+07,0.3823541,1.014619e+09,0.0,0.0,118271516.45135288,19139016.236324362,0.1618227,0.08243496988122999,0.11656745886261118,0.018863261034758366
367,0.675,0.06958414803997318,0.1364279,0.06958415,7.060137e+07,0.3823541,1.014619e+09,0.0,0.0,143883985.28042087,22567402.357938804,0.1568444,0.10028680065044653,0.1418109028986933,0.02224225092334085
368,0.675,0.06958414803997318,0.1364279,0.06958415,7.060137e+07,0.3823541,1.014619e+09,0.0,0.0,18825800.60374306,2288638.8065677197,0.1215693,0.013121538915905638,0.018554558217194803,0.002255664068074157
369,0.675,0.06958414803997318,0.1364279,0.06958415,7.060137e+07,0.3823541,1.014619e+09,0.0,0.0,548616906.7109495,81761246.03505455,0.1490316,0.3823846986831576,0.5407124269913771,0.08058322891012558
370,0.675,0.06958414803997318,0.1364279,0.06958415,7.060137e+07,0.3823541,1.014619e+09,8.820571266068501e-08,0.0,527413280.30881256,82688492.62221505,0.1567812,0.36760582075651865,0.5198143187740999,0.08149711571607336
371,0.675,0.06958414803997318,0.1364279,0.06958415,7.060137e+07,0.3823541,1.014619e+09,1.7108755922958593e-06,0.0,305330962.4319864,44068270.859251045,0.1443295,0.21281496548867368,0.3009320612071996,0.04343333462410673
372,0.675,0.06958414803997318,0.1364279,0.06958415,7.060137e+07,0.3823541,1.014619e+09,0.0,0.0,344413575.67062813,51958789.54551722,0.1508616,0.24005545535363929,0.339451260272156,0.051210166611750325
373,0.675,0.06958414803997318,0.1364279,0.06958415,7.060137e+07,0.3823541,1.014619e+09,0.0,0.0,802740330.0338807,107598685.26192081,0.1340392,0.5595081293813463,0.7911744366368353,0.10604840196750966
374,0.675,0.06958414803997318,0.1364279,0.06958415,7.060137e+07,0.3823541,1.014619e+09,0.0,0.0,239349969.26889762,40266735.1245906,0.1682337,0.1668263678336324,0.23590141171475887,0.039686571467087026
375,0.675,0.06958414803997318,0.1364279,0.06958415,7.060137e+07,0.3823541,1.014619e+09,0.0,0.0,364324961.6536934,65420398.96702613,0.1795661,0.25393364473563357,0.35907576274002795,0.0644778209849122
376,0.675,0.06958414803997318,0.1364279,0.06958415,7.060137e+07,0.3823541,1.014619e+09,0.01255180083318852,4.930830874005705e-05,74985639.04953726,7536729.409920773,0.100509,0.05226481474189874,0.07618953165080547,0.007431571188572186
377,0.675,0.06958414803997318,0.1364279,0.06958415,7.060137e+07,0.3823541,1.014619e+09,0.0011759408508992117,0.0,85507236.73742954,14943253.123099118,0.1747601,0.05959834368046253,0.0844892553476689,0.014727950532509786
378,0.675,0.06958414803997318,0.1364279,0.06958415,7.060137e+07,0.3823541,1.014619e+09,0.03852181713744961,0.00014525310057255715,70104252.21432897,7382770.124254988,0.1053113,0.04886249955382435,0.07610472700985242,0.007286506386949191
379,0.675,0.06958414803997318,0.1364279,0.06958415,7.060137e+07,0.3823541,1.014619e+09,0.000361425687283628,0.0,274835494.7752092,40203908.18273826,0.1462835,0.19155969597638617,0.2709414367088693,0.03962464973665206
380,0.675,0.06958414803997318,0.1364279,0.06958415,7.060137e+07,0.3823541,1.014619e+09,0.005365605657601776,0.0,61568912.312098436,6935524.846407478,0.1126465,0.04291338763848131,0.06165830653034112,0.006835597711785098
381,0.675,0.06958414803997318,0.1364279,0.06958415,7.060137e+07,0.3823541,1.014619e+09,0.06494231988470799,0.00014364801950761201,46961037.95481522,5511893.078675974,0.1173716,0.032731733434641426,0.0581031950679463,0.005442473274633081
382,0.675,0.06958414803997318,0.1364279,0.06958415,7.060137e+07,0.3823541,1.014619e+09,2.1805505796341675e-07,0.0,496057231.92888254,72500994.58255392,0.1461545,0.3457507284963538,0.48891007238916107,0.07145639928423847
383,0.675,0.06958414803997318,0.1364279,0.06958415,7.060137e+07,0.3823541,1.014619e+09,0.0031736382571517824,0.0005607584546327265,34383.138903483574,5876.111370280878,0.170901,2.396496726324332e-05,0.0006114542425586989,4.481134760100297e-05
384,0.675,0.06958414803997318,0.1364279,0.06958415,7.060137e+07,0.3823541,1.014619e+09,0.046722028982020984,5.460925311282465e-05,38179895.81660169,5368334.0877476055,0.1406063,0.026611297936681336,0.04613268356445924,0.005294786996861363
385,0.675,0.06958414803997318,0.1364279,0.06958415,7.060137e+07,0.3823541,1.014619e+09,0.025150171911231582,3.448755190216469e-11,53395201.10132101,10572116.703760816,0.1979975,0.03721633007386088,0.05720293097236473,0.010419793507484811
386,0.675,0.06958414803997318,0.1364279,0.06958415,7.060137e+07,0.3823541,1.014619e+09,0.001935661199534717,0.0009746451658248814,2382.1740055982473,196.87566416218564,0.08264538,1.6603697009677957e-06,0.000354616436309736,6.80138925821661e-05
387,0.675,0.06958414803997318,0.1364279,0.06958415,7.060137e+07,0.3823541,1.014619e+09,0.046076907633065795,0.010855276236840312,3651163.7442029496,328703.26939113956,0.09002699,0.002544852575798407,0.011984037089530032,0.0010793224569744786
388,0.675,0.06958414803997318,0.1364279,0.06958415,7.060137e+07,0.3823541,1.014619e+09,0.0,0.0,730006702.6575888,86960377.39070264,0.1191227,0.5088129614997084,0.7194887563352582,0.08570745111175854
389,0.675,0.06958414803997318,0.1364279,0.06958415,7.060137e+07,0.3823541,1.014619e+09,0.0,0.0,41291532.5779702,5902649.106578429,0.1429506,0.028780101469442723,0.04069660362507048,0.005817603659411261
390,0.675,0.06958414803997318,0.1364279,0.06958415,7.060137e+07,0.3823541,1.014619e+09,0.0,0.0,35400844.10016581,4621366.759959884,0.130544,0.024674305401060963,0.03489078826553413,0.004554782045956429
391,0.675,0.06958414803997318,0.1364279,0.06958415,7.060137e+07,0.3823541,1.014619e+09,8.915000371154469e-05,0.0,263751312.98492762,37907251.03440201,0.1437235,0.18383404723647362,0.2599674048433858,0.03736108285518467
392,0.675,0.06958414803997318,0.1364279,0.06958415,7.060137e+07,0.3823541,1.014619e+09,0.010785659427445542,1.6169830262091826e-05,137434765.39401492,12159121.818235274,0.08847195,0.09579170949879146,0.1374174722614513,0.01198505819253581
393,0.675,0.06958414803997318,0.1364279,0.06958415,7.060137e+07,0.3823541,1.014619e+09,0.0,0.0,125542832.46705216,16350166.969587311,0.1302358,0.08750306010900367,0.12373400966003588,0.01611459354550613
394,0.675,0.06958414803997318,0.1364279,0.06958415,7.060137e+07,0.3823541,1.014619e+09,0.004767252583785094,0.0,227536351.12235138,33698813.31410923,0.148103,0.1585923036623198,0.22512559073050775,0.033213280361776475
395,0.675,0.06958414803997318,0.1364279,0.06958415,7.060137e+07,0.3823541,1.014619e+09,0.0,0.0,473843252.9593445,71965180.3773877,0.1518755,0.33026763719728053,0.4670161130417504,0.07092830509729696
396,0.675,0.06958414803997318,0.1364279,0.06958415,7.060137e+07,0.3823541,1.014619e+09,0.004855052635532327,0.0015769275004037784,203666.26800715574,16817.211284413308,0.08257239,0.0001419549116536279,0.0010842968586380652,0.00012630406531600734
397,0.675,0.06958414803997318,0.1364279,0.06958415,7.060137e+07,0.3823541,1.014619e+09,0.0,0.0,492746526.66548276,65321791.69497851,0.1325667,0.3434431746840524,0.48564702812784627,0.06438063444775731
398,0.675,0.06958414803997318,0.1364279,0.06958415,7.060137e+07,0.3823541,1.014619e+09,0.004394575882293343,0.0,203642001.80374235,31209446.062513787,0.1532564,0.14193799816669941,0.2015076885446251,0.03075977994679161
399,0.675,0.06958414803997318,0.1364279,0.06958415,7.060137e+07,0.3823541,1.014619e+09,0.0,0.0,139130629.999911,22340434.80176936,0.1605716,0.09697372315604587,0.13712603402455392,0.02201855351875222
400,0.675,0.06958414803997318,0.1364279,0.06958415,7.060137e+07,0.3823541,1.014619e+09,0.06563565051376631,0.00015588587305354689,50258335.93942669,5698571.371004212,0.1133856,0.03502994240503785,0.061479163921758784,0.005627313464244889
401,0.675,0.06958414803997318,0.1364279,0.06958415,7.060137e+07,0.3823541,1.014619e+09,0.0008414211540773321,0.0,173208876.2229798,28331893.12432961,0.1635707,0.12072618093533971,0.17086640961473584,0.027923686829775245
402,0.675,0.06958414803997318,0.1364279,0.06958415,7.060137e+07,0.3823541,1.014619e+09,1.7319811328928663e-05,0.0,449283724.61547756,66950020.186432675,0.149015,0.31314970347943033,0.4428135907213107,0.06598540340135893
403,0.675,0.06958414803997318,0.1364279,0.06958415,7.060137e+07,0.3823541,1.014619e+09,0.06481703246302777,0.0011831204615480766,20396294.241303347,2764561.4555047913,0.1355423,0.014216169301947877,0.031898395633951235,0.0028070560464740963
404,0.675,0.06958414803997318,0.1364279,0.06958415,7.060137e+07,0.3823541,1.014619e+09,0.0024038997268385166,0.0,215120288.6108614,34610540.41044076,0.1608892,0.14993833718004224,0.21245831535371598,0.03411187128192644
405,0.675,0.06958414803997318,0.1364279,0.06958415,7.060137e+07,0.3823541,1.014619e+09,6.577845236633885e-07,0.0,296413631.5830201,45242908.94295684,0.1526344,0.2065996067783805,0.2921430197294713,0.044591048506613266
406,0.675,0.06958414803997318,0.1364279,0.06958415,7.060137e+07,0.3823541,1.014619e+09,0.06282112079531775,0.0003520267571467335,24012822.558508474,2973233.222001479,0.1238186,0.016736881066272344,0.03509958347006563,0.0029548903200097925
407,0.675,0.06958414803997318,0.1364279,0.06958415,7.060137e+07,0.3823541,1.014619e+09,0.008974006934014747,0.0,135499080.48017442,13795402.749798449,0.1018118,0.09444254164874849,0.13517997632786372,0.013596638402719062
408,0.675,0.06958414803997318,0.1364279,0.06958415,7.060137e+07,0.3823541,1.014619e+09,0.0011333528272362546,7.746759432204231e-05,10538.36544976352,1471.2440298925667,0.1396084,7.34521602930469e-06,0.00021664400609359427,6.840562877864568e-06
409,0.675,0.06958414803997318,0.1364279,0.06958415,7.060137e+07,0.3823541,1.014619e+09,0.0,0.0,333102586.79933935,42191373.74426996,0.1266618,0.23217172260962615,0.3283032402796016,0.04158347986782734
410,0.675,0.06958414803997318,0.1364279,0.06958415,7.060137e+07,0.3823541,1.014619e+09,1.998055520493064e-05,0.0,290317762.5732992,37194017.54279305,0.1281149,0.2023508003599479,0.28613849660897106,0.03665812564124921
411,0.675,0.06958414803997318,0.1364279,0.06958415,7.060137e+07,0.3823541,1.014619e+09,0.0049950590127063954,0.0,190420421.80960548,29184719.77966544,0.1532647,0.13272258788617552,0.18858588643294202,0.028764225947270093
412,0.675,0.06958414803997318,0.1364279,0.06958415,7.060137e+07,0.3823541,1.014619e+09,0.0,0.0,40410711.81016072,5555592.060773159,0.1374782,0.028166171457857877,0.03982847373464841,0.005475547016157471
413,0.675,0.06958414803997318,0.1364279,0.06958415,7.060137e+07,0.3823541,1.014619e+09,0.0,0.0,239497534.51116145,26497332.50910458,0.1106372,0.16692922046177586,0.2360468508350412,0.02611555858839795
414,0.675,0.06958414803997318,0.1364279,0.06958415,7.060137e+07,0.3823541,1.014619e+09,0.0,0.0,522387702.155167,58973254.91224395,0.1128917,0.3641030045573035,0.5148611331651685,0.058123567467783535
415,0.675,0.06958414803997318,0.1364279,0.06958415,7.060137e+07,0.3823541,1.014619e+09,0.0,0.0,752315062.7613223,107555337.72871387,0.1429658,0.5243618362282008,0.7414756972886523,0.10600567898614015
416,0.675,0.06958414803997318,0.1364279,0.06958415,7.060137e+07,0.3823541,1.014619e+09,0.0,0.0,512100733.6530606,60454742.10713404,0.1180524,0.3569330116115455,0.5047223794426399,0.059583709375381946
417,0.675,0.06958414803997318,0.1364279,0.06958415,7.060137e+07,0.3823541,1.014619e+09,7.605193660868746e-06,0.0,353246878.8630864,45105044.78573718,0.127687,0.24621224698420557,0.34815867717401056,0.04445517069801223
418,0.675,0.06958414803997318,0.1364279,0.06958415,7.060137e+07,0.3823541,1.014619e+09,0.0,0.0,306019926.73115635,41801338.59362476,0.1365968,0.21329517199109624,0.30161078753941445,0.0411990643488422
419,0.675,0.06958414803997318,0.1364279,0.06958415,7.060137e+07,0.3823541,1.014619e+09,0.005054107157315752,0.0,133742257.12892954,16940767.60471604,0.1266673,0.09321803988879954,0.13273508760473124,0.01669668479879548
420,0.675,0.06958414803997318,0.1364279,0.06958415,7.060137e+07,0.3823541,1.014619e+09,0.05783658525492684,2.5597886557909377e-05,48279508.655283734,6939693.7768197255,0.1437399,0.0336507044239676,0.058109505378984884,0.00684148778332004
421,0.675,0.06958414803997318,0.1364279,0.06958415,7.060137e+07,0.3823541,1.014619e+09,0.0,0.0,98697057.06734669,11687865.500339568,0.1184216,0.06879161754943149,0.09727502855085884,0.01151946657810001
422,0.675,0.06958414803997318,0.1364279,0.06958415,7.060137e+07,0.3823541,1.014619e+09,0.0,0.0,197958672.99219275,31134663.390440024,0.1572786,0.13797673129989702,0.1951064817876576,0.03068607474445593
423,0.675,0.06958414803997318,0.1364279,0.06958415,7.060137e+07,0.3823541,1.014619e+09,0.0,0.0,546283400.7833401,74000474.72690721,0.1354617,0.3807582505185289,0.5384125422483406,0.07293427489864389
424,0.675,0.06958414803997318,0.1364279,0.06958415,7.060137e+07,0.3823541,1.014619e+09,0.0,0.0,487481023.38766724,71375267.80432276,0.1464165,0.33977313123538505,0.48045739029158696,0.070346891992464
425,0.675,0.06958414803997318,0.1364279,0.06958415,7.060137e+07,0.3823541,1.014619e+09,3.393418999596707e-06,0.0,236785850.56268924,33343938.958746497,0.140819,0.1650391831025976,0.2333748544292391,0.032863519040865735
426,0.675,0.06958414803997318,0.1364279,0.06958415,7.060137e+07,0.3823541,1.014619e+09,0.022079061362485233,3.886798098234429e-05,95056773.97189552,10315423.1698751,0.1085185,0.06625434876032199,0.09770533573887005,0.01016950301040679
427,0.675,0.06958414803997318,0.1364279,0.06958415,7.060137e+07,0.3823541,1.014619e+09,0.006260510133476521,0.0,63124845.52506272,8881244.757998206,0.1406933,0.04399786944269215,0.0633546843941605,0.008753283664901338
428,0.675,0.06958414803997318,0.1364279,0.06958415,7.060137e+07,0.3823541,1.014619e+09,0.0,0.0,221250927.46020994,30903487.05628307,0.1396762,0.15421137809523688,0.21806314114219325,0.030458229202009253
429,0.675,0.06958414803997318,0.1364279,0.06958415,7.060137e+07,0.3823541,1.014619e+09,0.0,0.0,693640409.6388354,102177731.61649066,0.1473065,0.48346574046423635,0.6836464293520507,0.10070555349460862
430,0.675,0.06958414803997318,0.1364279,0.06958415,7.060137e+07,0.3823541,1.014619e+09,0.0,0.0,416485770.2607025,51271784.24509682,0.1231057,0.29028960613288185,0.4104850377199339,0.050533059692874464
431,0.675,0.06958414803997318,0.1364279,0.06958415,7.060137e+07,0.3823541,1.014619e+09,0.024058778530418483,3.3153600691156036e-05,70734575.51277146,8305425.821608615,0.1174168,0.04930183341612345,0.07409385811583968,0.00818806810049681
432,0.675,0.06958414803997318,0.1364279,0.06958415,7.060137e+07,0.3823541,1.014619e+09,0.013034468515074298,0.0,141560821.9916026,20203250.238865968,0.1427178,0.09866756128082464,0.14189333856154077,0.019912161539576756
433,0.675,0.06958414803997318,0.1364279,0.06958415,7.060137e+07,0.3823541,1.014619e+09,0.0,0.0,398503458.3242227,47338669.50538249,0.1187911,0.27775597684194164,0.39276181517401826,0.04665661332286316
434,0.675,0.06958414803997318,0.1364279,0.06958415,7.060137e+07,0.3823541,1.014619e+09,0.012566325572124988,0.008581913548186455,166534.67731961305,17318.32122529626,0.1039923,0.0001160742799359416,0.002451065272967413,0.0006142339414250252
435,0.675,0.06958414803997318,0.1364279,0.06958415,7.060137e+07,0.3823541,1.014619e+09,0.06022861597081256,3.4376805592758017e-07,20847257.612053465,3709894.894867405,0.177956,0.014530489714848093,0.03150782128302799,0.003656466600477703
436,0.675,0.06958414803997318,0.1364279,0.06958415,7.060137e+07,0.3823541,1.014619e+09,0.06588107215422402,1.6153421655723364e-05,51366826.01135333,6617065.759358029,0.1288198,0.035802557388210914,0.06261634683435516,0.006522851009599247
437,0.675,0.06958414803997318,0.1364279,0.06958415,7.060137e+07,0.3823541,1.014619e+09,0.0,0.0,429171563.5494098,65735857.778451845,0.1531692,0.29913157433495724,0.4229880539294979,0.06478873466156942
438,0.675,0.06958414803997318,0.1364279,0.06958415,7.060137e+07,0.3823541,1.014619e+09,0.0,0.0,53002238.3965272,6512961.451758846,0.1228809,0.03694243598924881,0.05223858143777798,0.006419122616170593
439,0.675,0.06958414803997318,0.1364279,0.06958415,7.060137e+07,0.3823541,1.014619e+09,0.0008999218708323567,0.0,158408771.5532428,17974246.936702903,0.1134675,0.11041054265407485,0.15629019152375867,0.01771527374676326
440,0.675,0.06958414803997318,0.1364279,0.06958415,7.060137e+07,0.3823541,1.014619e+09,0.005837952070790313,0.0,107086646.26493135,15451985.976825276,0.1442942,0.07463914156509971,0.10660618210322874,0.015229353556484493
441,0.675,0.06958414803997318,0.1364279,0.06958415,7.060137e+07,0.3823541,1.014619e+09,1.1468407879270163e-05,0.0,288363256.9895146,41381049.19708527,0.1435032,0.20098851454704678,0.28421060245259233,0.040784830487541696
442,0.675,0.06958414803997318,0.1364279,0.06958415,7.060137e+07,0.3823541,1.014619e+09,0.027206189859805538,0.022260185688455832,99468.61551516368,10348.261924278819,0.1040354,6.932939197996028e-05,0.005049256272480775,0.0015591552203710586
443,0.675,0.06958414803997318,0.1364279,0.06958415,7.060137e+07,0.3823541,1.014619e+09,3.840828956966103e-18,0.0,140938679.5093178,16417914.252997125,0.1164898,0.09823392942822151,0.13890803313247968,0.016181364725151696
444,0.675,0.06958414803997318,0.1364279,0.06958415,7.060137e+07,0.3823541,1.014619e+09,0.0,0.0,402219515.3691152,52484481.63760306,0.1304872,0.28034605989628925,0.39642433121937387,0.05172828452515191
445,0.675,0.06958414803997318,0.1364279,0.06958415,7.060137e+07,0.3823541,1.014619e+09,0.0,0.0,309158311.759657,39164995.126545645,0.1266827,0.21548261900338317,0.3047039546745062,0.038600705353649456
446,0.675,0.06958414803997318,0.1364279,0.06958415,7.060137e+07,0.3823541,1.014619e+09,0.0,0.0,395629470.1796229,42247421.25520247,0.1067853,0.27575281383830713,0.38992923548899266,0.04163871984547372
447,0.675,0.06958414803997318,0.1364279,0.06958415,7.060137e+07,0.3823541,1.014619e+09,0.057901461825244444,6.881462258479175e-09,61771094.84812735,8425192.988769311,0.1363938,0.04305430839242217,0.07141851142445262,0.008303803174495503
448,0.675,0.06958414803997318,0.1364279,0.06958415,7.060137e+07,0.3823541,1.014619e+09,7.644468351390239e-08,0.0,423635616.6571808,60338782.881256215,0.1424309,0.29527303232063634,0.4175318829461071,0.0594694208915794
449,0.675,0.06958414803997318,0.1364279,0.06958415,7.060137e+07,0.3823541,1.014619e+09,0.00819766609458254,0.0,145219594.63085294,18309396.78725657,0.1260808,0.10121771723864503,0.1446191518728305,0.01804559475379367
450,0.675,0.06958414803997318,0.1364279,0.06958415,7.060137e+07,0.3823541,1.014619e+09,0.011208772168999265,0.0,97080518.26797657,14479751.706149751,0.149152,0.06766489379348195,0.09772165143088071,0.01427112725016665
451,0.675,0.06958414803997318,0.1364279,0.06958415,7.060137e+07,0.3823541,1.014619e+09,0.0,0.0,623641149.2136594,65895200.47559904,0.105662,0.4346764199414779,0.6146557192060358,0.06494578154700784
452,0.675,0.06958414803997318,0.1364279,0.06958415,7.060137e+07,0.3823541,1.014619e+09,0.0,0.0,122210699.24569401,11997708.420616468,0.09817232,0.08518057106020648,0.12044988585863718,0.0118248452774431
453,0.675,0.06958414803997318,0.1364279,0.06958415,7.060137e+07,0.3823541,1.014619e+09,1.1333486757942307e-05,0.0,323433083.5986115,52518865.75234457,0.1623794,0.22543210153233725,0.3187751179773623,0.05176217323310897
454,0.675,0.06958414803997318,0.1364279,0.06958415,7.060137e+07,0.3823541,1.014619e+09,0.0,0.0,387721374.21658194,51660224.9902888,0.1332406,0.2702408894790782,0.38213507947821285,0.05091590377862146
455,0.675,0.06958414803997318,0.1364279,0.06958415,7.060137e+07,0.3823541,1.014619e+09,0.013688525610773395,0.0,174394173.74255937,24720695.442459952,0.1417518,0.12155233052958311,0.1743726579828284,0.024364519332339445
456,0.675,0.06958414803997318,0.1364279,0.06958415,7.060137e+07,0.3823541,1.014619e+09,0.0,0.0,352859840.1221569,52532791.10832622,0.1488772,0.24594248188852832,0.3477758308326534,0.05177589795237564
457,0.675,0.06958414803997318,0.1364279,0.06958415,7.060137e+07,0.3823541,1.014619e+09,2.3938329196112605e-07,0.0,507063379.36506397,72585758.12732118,0.1431493,0.35342198747427667,0.4997576469875757,0.07153994155472057
458,0.675,0.06958414803997318,0.1364279,0.06958415,7.060137e+07,0.3823541,1.014619e+09,0.0,0.0,247693226.37980977,36590226.386043265,0.147724,0.17264159849343622,0.2441244590657791,0.036063033915550505
459,0.675,0.06958414803997318,0.1364279,0.06958415,7.060137e+07,0.3823541,1.014619e+09,0.0,0.0,145025363.8382898,21248472.395461485,0.1465156,0.10108233883127055,0.14293583645905547,0.020942324121379384
460,0.675,0.06958414803997318,0.1364279,0.06958415,7.060137e+07,0.3823541,1.014619e+09,0.0,0.0,76765831.50088367,9224159.115452917,0.1201597,0.05350560470986956,0.07565978837528502,0.009091257307713657
461,0.675,0.06958414803997318,0.1364279,0.06958415,7.060137e+07,0.3823541,1.014619e+09,7.269993533097912e-08,0.0,433587865.2532232,70186514.56042752,0.1618738,0.3022097262760463,0.427340738729947,0.06917526632118455
462,0.675,0.06958414803997318,0.1364279,0.06958415,7.060137e+07,0.3823541,1.014619e+09,0.0012749529991316832,0.0,202171212.6805525,21182741.310550705,0.1047762,0.1409128615935866,0.19949035426541034,0.020877540090817943
463,0.675,0.06958414803997318,0.1364279,0.06958415,7.060137e+07,0.3823541,1.014619e+09,0.004797684166520095,0.0,265705185.21897015,42094987.557508804,0.1584274,0.18519589160608832,0.26275002596171226,0.04148848241453243
464,0.675,0.06958414803997318,0.1364279,0.06958415,7.060137e+07,0.3823541,1.014619e+09,0.0,0.0,236428738.76473427,34485700.367206275,0.1458609,0.16479027701606105,0.23302227033871736,0.033988829935702326
465,0.675,0.06958414803997318,0.1364279,0.06958415,7.060137e+07,0.3823541,1.014619e+09,0.031785695477859775,0.0060556757176013,62757.48912051906,7838.341151392535,0.1248989,4.374182288936425e-05,0.00584649263693593,0.00042910444184302905
466,0.675,0.06958414803997318,0.1364279,0.06958415,7.060137e+07,0.3823541,1.014619e+09,0.06950489706775775,9.90441657421795e-05,42947867.406602025,5502928.382310811,0.1281304,0.029934562964553917,0.0549781841061213,0.005430534020569319
467,0.675,0.06958414803997318,0.1364279,0.06958415,7.060137e+07,0.3823541,1.014619e+09,2.731786508088684e-08,0.0,421179834.1293025,50922381.379760765,0.1209041,0.2935613576520887,0.4151114744251626,0.050188691028689024
468,0.675,0.06958414803997318,0.1364279,0.06958415,7.060137e+07,0.3823541,1.014619e+09,0.0,0.0,437699077.3702843,46964898.263268664,0.1072995,0.30507523148993,0.43139270321734224,0.04628822738179804
469,0.675,0.06958414803997318,0.1364279,0.06958415,7.060137e+07,0.3823541,1.014619e+09,5.449920091935245e-08,0.0,470296630.29247606,63443400.28142621,0.1349008,0.3277956495074664,0.4635206000798793,0.06252930692278048
470,0.675,0.06958414803997318,0.1364279,0.06958415,7.060137e+07,0.3823541,1.014619e+09,0.0,0.0,30006861.102140576,6492328.493807477,0.2163615,0.020914711888408488,0.029574521846589957,0.006398786938152975
471,0.675,0.06958414803997318,0.1364279,0.06958415,7.060137e+07,0.3823541,1.014619e+09,0.0,0.0,286687412.6064415,30536188.63442682,0.1065139,0.1998204549381968,0.282556816536426,0.030096222820720983
472,0.675,0.06958414803997318,0.1364279,0.06958415,7.060137e+07,0.3823541,1.014619e+09,0.02655058818916011,4.2902808858673726e-07,142506217.29817095,18388637.315488115,0.1290374,0.09932649959463982,0.14528489448185675,0.0181237234369901
473,0.675,0.06958414803997318,0.1364279,0.06958415,7.060137e+07,0.3823541,1.014619e+09,0.0,0.0,147028955.97079992,17601489.99038773,0.1197144,0.10247883785363386,0.14491056080935913,0.01734788748750938
474,0.675,0.06958414803997318,0.1364279,0.06958415,7.060137e+07,0.3823541,1.014619e+09,0.04407428053261902,0.0013337344807333041,9934.87880435261,1034.291572229669,0.1041071,6.924587251295952e-06,0.008030815472179155,9.38261670388053e-05
475,0.675,0.06958414803997318,0.1364279,0.06958415,7.060137e+07,0.3823541,1.014619e+09,0.0077415593966028845,0.0,149815119.03664455,22311588.491024427,0.1489275,0.10442078698313173,0.14906545760845197,0.02199012282603779
476,0.675,0.06958414803997318,0.1364279,0.06958415,7.060137e+07,0.3823541,1.014619e+09,0.07289758067055342,0.0013420705985192688,43056640.26668213,4374137.571266955,0.1015903,0.03001037739319775,0.055702820052961705,0.0044045017779238
477,0.675,0.06958414803997318,0.1364279,0.06958415,7.060137e+07,0.3823541,1.014619e+09,0.0,0.0,112794692.94543642,20363813.515550017,0.1805388,0.07861763672865527,0.11116954550291995,0.020070411418425752
478,0.675,0.06958414803997318,0.1364279,0.06958415,7.060137e+07,0.3823541,1.014619e+09,3.1450584073512265e-05,0.0,337409686.13709515,58672968.73365581,0.1738924,0.23517376075741137,0.3325540065254197,0.05782760781646731
479,0.675,0.06958414803997318,0.1364279,0.06958415,7.060137e+07,0.3823541,1.014619e+09,0.0,0.0,158553379.3572997,28696237.825309597,0.1809879,0.11051133395471674,0.15626894014977857,0.02828278204743709
480,0.675,0.06958414803997318,0.1364279,0.06958415,7.060137e+07,0.3823541,1.014619e+09,0.0,0.0,340241040.87316066,51084732.736964546,0.1501428,0.23714720837517855,0.3353388434117815,0.050348703225369745
481,0.675,0.06958414803997318,0.1364279,0.06958415,7.060137e+07,0.3823541,1.014619e+09,0.07112242841232451,0.0006278739455291268,50487081.4943598,5427415.547301578,0.1075011,0.035189377520923354,0.06270314562295,0.005392907345180138
482,0.675,0.06958414803997318,0.1364279,0.06958415,7.060137e+07,0.3823541,1.014619e+09,5.0217377459110535e-05,0.0,276711762.70646816,32968203.382836316,0.1191428,0.19286745032877134,0.2727340349317904,0.03249319706815183
483,0.675,0.06958414803997318,0.1364279,0.06958415,7.060137e+07,0.3823541,1.014619e+09,6.695099864677455e-07,0.0,426179146.8949204,60426872.587837815,0.1417875,0.2970458669373829,0.4200388738974284,0.05955624140049199
484,0.675,0.06958414803997318,0.1364279,0.06958415,7.060137e+07,0.3823541,1.014619e+09,2.6251921843933187e-09,0.0,579790863.9995224,69009441.87204605,0.1190247,0.40411287387924777,0.5714372299647124,0.06801515291181903
485,0.675,0.06958414803997318,0.1364279,0.06958415,7.060137e+07,0.3823541,1.014619e+09,0.000719276438361696,0.0,237069710.87967008,38745900.82995115,0.1634367,0.16523703307850807,0.2337849075471695,0.03818764937327799
486,0.675,0.06958414803997318,0.1364279,0.06958415,7.060137e+07,0.3823541,1.014619e+09,0.0010528920612739305,0.0,181427864.76605573,23987335.851620518,0.1322142,0.12645479669449688,0.1790054641896331,0.02364172599628005
487,0.675,0.06958414803997318,0.1364279,0.06958415,7.060137e+07,0.3823541,1.014619e+09,0.0,0.0,107452580.31400266,11704349.912675453,0.1089257,0.07489419673999566,0.10590440210163259,0.011535713482802783
488,0.675,0.06958414803997318,0.1364279,0.06958415,7.060137e+07,0.3823541,1.014619e+09,1.968772378490684e-06,0.0,378119733.9889459,59587277.92286012,0.1575884,0.2635485687350456,0.37267213810566946,0.058728743626661466
489,0.675,0.06958414803997318,0.1364279,0.06958415,7.060137e+07,0.3823541,1.014619e+09,0.0,0.0,364782646.7272066,57606933.32791229,0.1579213,0.2542526501596121,0.35952685348088886,0.0567769318630884
490,0.675,0.06958414803997318,0.1364279,0.06958415,7.060137e+07,0.3823541,1.014619e+09,0.0,0.0,90658911.9908763,14346325.372410879,0.1582451,0.06318904926282004,0.0893526971760129,0.014139623324826414
491,0.675,0.06958414803997318,0.1364279,0.06958415,7.060137e+07,0.3823541,1.014619e+09,1.8217936111730305e-06,0.0,38331353.51011271,4141319.174836351,0.10804,0.0267168635942249,0.03777940640272404,0.004081650992851181
492,0.675,0.06958414803997318,0.1364279,0.06958415,7.060137e+07,0.3823541,1.014619e+09,7.041480415778692e-06,0.0,254629281.91048002,46474273.58787994,0.1825174,0.17747601294858967,0.2509618612860221,0.045804671633285415
493,0.675,0.06958414803997318,0.1364279,0.06958415,7.060137e+07,0.3823541,1.014619e+09,0.0,0.0,356736854.08612466,48379846.626295686,0.1356177,0.24864475153838309,0.3515969847276444,0.0476827891499116
494,0.675,0.06958414803997318,0.1364279,0.06958415,7.060137e+07,0.3823541,1.014619e+09,0.01569018856039641,0.000505664717743636,7220923.402936682,1058724.0197110546,0.1466189,0.005032966694737473,0.009972322228437717,0.0010786561584721218
495,0.675,0.06958414803997318,0.1364279,0.06958415,7.060137e+07,0.3823541,1.014619e+09,7.078160051974112e-05,0.0,58868774.86144327,9395662.269771751,0.1596035,0.04103139816123052,0.058033474222777284,0.009260289442294359
496,0.675,0.06958414803997318,0.1364279,0.06958415,7.060137e+07,0.3823541,1.014619e+09,0.0004933083313831151,0.0,223055104.46280932,28873729.623937916,0.1294466,0.15546888523924024,0.219931100110787,0.028457716541860075
497,0.675,0.06958414803997318,0.1364279,0.06958415,7.060137e+07,0.3823541,1.014619e+09,0.0,0.0,537909094.7084075,60932664.8038985,0.1132769,0.37492137880354404,0.5301588932871882,0.06005474615554798
498,0.675,0.06958414803997318,0.1364279,0.06958415,7.060137e+07,0.3823541,1.014619e+09,0.06689844652047129,7.144405009281331e-05,39211953.352059506,5677135.007980804,0.1447807,0.027330639621001036,0.050821752443743984,0.005600310144316576
499,0.675,0.06958414803997318,0.1364279,0.06958415,7.060137e+07,0.3823541,1.014619e+09,0.0,0.0,261083779.53355852,35807406.55269597,0.1371491,0.1819747826703409,0.25732208095083575,0.03529149296081792
500,0.675,0.06958414803997318,0.1364279,0.06958415,7.060137e+07,0.3823541,1.014619e+09,3.067932567391593e-05,0.0,265383065.15037298,47822990.83123571,0.1802036,0.18497137467293587,0.26156500569554714,0.047133956540584575
501,0.675,0.06958414803997318,0.1364279,0.06958415,7.060137e+07,0.3823541,1.014619e+09,3.6170817784682224e-05,0.0,140806299.607056,20262395.770816255,0.1439026,0.0981416609464834,0.13878414324395474,0.019970454901912717
502,0.675,0.06958414803997318,0.1364279,0.06958415,7.060137e+07,0.3823541,1.014619e+09,0.0,0.0,170396101.13348845,23865225.698044594,0.1400573,0.11876568328770645,0.167941031832437,0.023521375207427832
503,0.675,0.06958414803997318,0.1364279,0.06958415,7.060137e+07,0.3823541,1.014619e+09,0.0,0.0,92900710.95284322,14355454.759081626,0.1545247,0.0647515778872461,0.09156219626859288,0.014148621175172071
504,0.675,0.06958414803997318,0.1364279,0.06958415,7.060137e+07,0.3823541,1.014619e+09,0.006349884893376735,0.0,200671063.15956655,33606755.09059014,0.1674719,0.13986726089199517,0.19893539948970848,0.033122548514371436
505,0.675,0.06958414803997318,0.1364279,0.06958415,7.060137e+07,0.3823541,1.014619e+09,0.0,0.0,565511417.5233338,63138026.73210821,0.1116477,0.39416013313909315,0.5573635214663226,0.062228333199639815
506,0.675,0.06958414803997318,0.1364279,0.06958415,7.060137e+07,0.3823541,1.014619e+09,0.00011168766519938398,0.0,223989898.1038763,35234309.26183853,0.1573031,0.15612043421703845,0.22078297456012466,0.03472665286338182
507,0.675,0.06958414803997318,0.1364279,0.06958415,7.060137e+07,0.3823541,1.014619e+09,1.244007674071947e-05,0.0,300952036.2834014,47813804.2425513,0.1588752,0.2097628642220157,0.2966181792790818,0.04712490231239263
508,0.675,0.06958414803997318,0.1364279,0.06958415,7.060137e+07,0.3823541,1.014619e+09,0.0,0.0,138517101.043154,19489225.912786268,0.1406991,0.09654609491055592,0.13652134480120057,0.01920842488552418
509,0.675,0.06958414803997318,0.1364279,0.06958415,7.060137e+07,0.3823541,1.014619e+09,0.0,0.0,20966915.067165397,3085669.8986232462,0.1471685,0.014613890680728783,0.020664823474830046,0.0030412115255096864
510,0.675,0.06958414803997318,0.1364279,0.06958415,7.060137e+07,0.3823541,1.014619e+09,0.0007373266958047056,0.0,290202093.9397104,55897700.093778506,0.1926165,0.20227017959332383,0.2861550434664101,0.05509232528422164
511,0.675,0.06958414803997318,0.1364279,0.06958415,7.060137e+07,0.3823541,1.014619e+09,0.003444553653392173,1.284087275230378e-05,11232222.08244802,1158833.9941670774,0.1031705,0.00782883247672519,0.011697258130515843,0.0011430310196915432
512,0.675,0.06958414803997318,0.1364279,0.06958415,7.060137e+07,0.3823541,1.014619e+09,0.0,0.0,93620751.1558248,12043490.777339986,0.1286413,0.06525344422182104,0.09227186212271257,0.011869968001359445
513,0.675,0.06958414803997318,0.1364279,0.06958415,7.060137e+07,0.3823541,1.014619e+09,0.0,0.0,560888687.1068913,67669611.42505994,0.1206471,0.3909381008689208,0.5528073954114644,0.06669462675980874
514,0.675,0.06958414803997318,0.1364279,0.06958415,7.060137e+07,0.3823541,1.014619e+09,0.0,0.0,462445116.85354924,65329222.36357772,0.1412691,0.3223231630349841,0.45578220143320824,0.06438795805518409
515,0.675,0.06958414803997318,0.1364279,0.06958415,7.060137e+07,0.3823541,1.014619e+09,2.3527347221217843e-05,0.0,348543840.4871015,50870205.829996355,0.1459507,0.24293424025437682,0.3435262978907731,0.05013726722494251
516,0.675,0.06958414803997318,0.1364279,0.06958415,7.060137e+07,0.3823541,1.014619e+09,0.0,0.0,243285578.39167064,40499716.52775577,0.1664699,0.16956947817189824,0.23978031652872445,0.03991619607108354
517,0.675,0.06958414803997318,0.1364279,0.06958415,7.060137e+07,0.3823541,1.014619e+09,0.0032361753979304607,0.0,118865855.32692344,16127654.503624411,0.1356795,0.08284922268509132,0.11774218204891208,0.015895287042124843
518,0.675,0.06958414803997318,0.1364279,0.06958415,7.060137e+07,0.3823541,1.014619e+09,0.0,0.0,77731010.09391466,8989690.061771283,0.1156513,0.0541783319280011,0.07661106066225606,0.008860166487289187
519,0.675,0.06958414803997318,0.1364279,0.06958415,7.060137e+07,0.3823541,1.014619e+09,0.0,0.0,91306468.94296156,13918345.139180858,0.1524355,0.06364039494133332,0.08999092411888332,0.013717809436513151
520,0.675,0.06958414803997318,0.1364279,0.06958415,7.060137e+07,0.3823541,1.014619e+09,0.0,0.0,302748311.52165246,48634053.73522638,0.1606419,0.21101486385478047,0.2983863098055469,0.04793333363942147
521,0.675,0.06958414803997318,0.1364279,0.06958415,7.060137e+07,0.3823541,1.014619e+09,0.0,0.0,117344329.30853212,19852649.897209633,0.1691829,0.08178872261488898,0.11565363064452829,0.01956661265232585
522,0.675,0.06958414803997318,0.1364279,0.06958415,7.060137e+07,0.3823541,1.014619e+09,0.008605782776320674,0.0,171588307.50772783,19910825.695113465,0.1160384,0.11959664833746177,0.17068221663190067,0.01962395025255645
523,0.675,0.06958414803997318,0.1364279,0.06958415,7.060137e+07,0.3823541,1.014619e+09,0.0,0.0,466045982.53993726,66784750.82063626,0.1433008,0.32483295798232326,0.4593311857986913,0.06582251523879235
524,0.675,0.06958414803997318,0.1364279,0.06958415,7.060137e+07,0.3823541,1.014619e+09,2.8028383043012385e-06,0.0,454048191.12190944,64733150.136660166,0.1425689,0.3164705254722674,0.4475067688047368,0.06380047404487349
525,0.675,0.06958414803997318,0.1364279,0.06958415,7.060137e+07,0.3823541,1.014619e+09,0.0,0.0,370392094.8043256,46024047.18719348,0.1242576,0.25816242232760345,0.3650554805551893,0.04536093210059356
526,0.675,0.06958414803997318,0.1364279,0.06958415,7.060137e+07,0.3823541,1.014619e+09,0.0,0.0,257762711.95706597,34950931.90001795,0.1355934,0.17966000635009052,0.25404886336034366,0.03444735840637531
527,0.675,0.06958414803997318,0.1364279,0.06958415,7.060137e+07,0.3823541,1.014619e+09,0.0,0.0,295585834.03463745,37810916.16045697,0.1279186,0.20602263382651387,0.29132702938983146,0.037266135975390136
528,0.675,0.06958414803997318,0.1364279,0.06958415,7.060137e+07,0.3823541,1.014619e+09,0.0017818068776530496,0.0,119092258.25379863,14306353.10224017,0.1201283,0.08300702499470873,0.1177006442333885,0.01410022697565822
529,0.675,0.06958414803997318,0.1364279,0.06958415,7.060137e+07,0.3823541,1.014619e+09,1.1441715060608005e-05,0.0,124974397.22499403,19601961.34374217,0.1568478,0.08710686207701374,0.12317584670409287,0.019319536022885102
530,0.675,0.06958414803997318,0.1364279,0.06958415,7.060137e+07,0.3823541,1.014619e+09,0.047510783922439404,1.099741869565829e-06,28515168.324473426,4684138.286613987,0.1642683,0.019875005517097873,0.03675075012998681,0.00461672568421714
531,0.675,0.06958414803997318,0.1364279,0.06958415,7.060137e+07,0.3823541,1.014619e+09,4.330220504094994e-07,0.0,317303762.8126416,42613575.88975865,0.134299,0.22115997930422962,0.31273212476507023,0.04199959891916462
532,0.675,0.06958414803997318,0.1364279,0.06958415,7.060137e+07,0.3823541,1.014619e+09,0.0009265996629707466,0.0,199143581.25936916,28569551.077217124,0.1434621,0.13880260958612736,0.1964429486059139,0.02815792060370324
533,0.675,0.06958414803997318,0.1364279,0.06958415,7.060137e+07,0.3823541,1.014619e+09,0.0027974332885136975,0.0,127705958.43327063,17549891.355632883,0.1374242,0.08901075383970738,0.1263750706984475,0.017297032286573262
534,0.675,0.06958414803997318,0.1364279,0.06958415,7.060137e+07,0.3823541,1.014619e+09,0.004787863504768312,0.0017760974419992494,106762.66578868672,9553.987870812323,0.0894881,7.441332793217551e-05,0.0009765617781098289,0.00013300456122345388
535,0.675,0.06958414803997318,0.1364279,0.06958415,7.060137e+07,0.3823541,1.014619e+09,0.0,0.0,282365069.0574434,40353371.346835226,0.1429121,0.1968077916108897,0.2782967493710139,0.03977195943348438
536,0.675,0.06958414803997318,0.1364279,0.06958415,7.060137e+07,0.3823541,1.014619e+09,0.0,0.0,201440249.63504365,27973624.61929299,0.1388681,0.14040338206336006,0.19853789582773612,0.027570580262144456
537,0.675,0.06958414803997318,0.1364279,0.06958415,7.060137e+07,0.3823541,1.014619e+09,0.011310084355969672,0.0,158488106.77852133,19954215.62074884,0.1259036,0.11046583912022818,0.15826291626541414,0.019666715015563725
538,0.675,0.06958414803997318,0.1364279,0.06958415,7.060137e+07,0.3823541,1.014619e+09,0.0,0.0,663191277.7615066,105670565.17599776,0.1593365,0.4622427668816693,0.6536360089735086,0.1041480622615378
539,0.675,0.06958414803997318,0.1364279,0.06958415,7.060137e+07,0.3823541,1.014619e+09,0.0,0.0,637463124.6676537,76105140.03329033,0.1193875,0.4443103044509217,0.6282785474530738,0.07500861615918138
540,0.675,0.06958414803997318,0.1364279,0.06958415,7.060137e+07,0.3823541,1.014619e+09,0.0,0.0,30576808.968202345,3196743.1471400997,0.104548,0.0213119642157852,0.030136257896184918,0.003150684429178343
541,0.675,0.06958414803997318,0.1364279,0.06958415,7.060137e+07,0.3823541,1.014619e+09,4.222645638959727e-05,0.0,394522846.4225991,55170354.31673173,0.1398407,0.27498149967224894,0.3888462407223485,0.05437545911484545
542,0.675,0.06958414803997318,0.1364279,0.06958415,7.060137e+07,0.3823541,1.014619e+09,0.0,0.0,81086012.1009682,12534162.397759248,0.1545786,0.05651676046685122,0.0799177237555804,0.01235357001851798
543,0.675,0.06958414803997318,0.1364279,0.06958415,7.060137e+07,0.3823541,1.014619e+09,0.0,0.0,75517433.71951415,10346460.677246803,0.1370076,0.05263547438098923,0.07442937752582386,0.010197388733615033
544,0.675,0.06958414803997318,0.1364279,0.06958415,7.060137e+07,0.3823541,1.014619e+09,0.011315304354936316,2.14427332859459e-06,125053546.3230518,13114721.03690741,0.1048728,0.08716202881293025,0.12531103138470837,0.012925913168471715
545,0.675,0.06958414803997318,0.1364279,0.06958415,7.060137e+07,0.3823541,1.014619e+09,5.1237661051824e-09,0.0,397059477.3041884,50792545.46277688,0.1279218,0.27674952545392245,0.3913386399842752,0.05006072578933121
546,0.675,0.06958414803997318,0.1364279,0.06958415,7.060137e+07,0.3823541,1.014619e+09,0.021338589035989522,2.693257302323141e-07,89734737.26841524,13978101.203639202,0.1557714,0.06254490164641227,0.0923252213695547,0.013776723275598124
547,0.675,0.06958414803997318,0.1364279,0.06958415,7.060137e+07,0.3823541,1.014619e+09,0.006496093320331784,0.0,192650526.7554452,27829003.159057844,0.1444533,0.13427696580875756,0.19105703137179117,0.027428042509840034
548,0.675,0.06958414803997318,0.1364279,0.06958415,7.060137e+07,0.3823541,1.014619e+09,3.298983830066325e-07,0.0,356054755.91678214,52457990.54166335,0.1473312,0.24816933071236433,0.35092477427563457,0.05170217511327633
549,0.675,0.06958414803997318,0.1364279,0.06958415,7.060137e+07,0.3823541,1.014619e+09,0.0,0.0,613597376.3294318,80711724.57535528,0.1315386,0.427675933771625,0.6047566571356753,0.07954882896963573
550,0.675,0.06958414803997318,0.1364279,0.06958415,7.060137e+07,0.3823541,1.014619e+09,0.0,0.0,245971859.64612195,29553731.31577239,0.1201509,0.17144180991285712,0.24242789380698193,0.02912792076023606
551,0.675,0.06958414803997318,0.1364279,0.06958415,7.060137e+07,0.3823541,1.014619e+09,3.502591926639049e-05,0.0,397920959.03687614,55860979.81482806,0.1403821,0.2773499762033348,0.39219408286785734,0.055056134071540766
552,0.675,0.06958414803997318,0.1364279,0.06958415,7.060137e+07,0.3823541,1.014619e+09,0.004821876989832065,0.0,124964824.64810559,14281382.06013423,0.1142832,0.08710019001334902,0.1240418572077273,0.014075615716660472
553,0.675,0.06958414803997318,0.1364279,0.06958415,7.060137e+07,0.3823541,1.014619e+09,9.320216599594315e-06,0.0,420889744.35768664,55971177.37381625,0.132983,0.29335916576089194,0.41482725547398375,0.055164743902627184
554,0.675,0.06958414803997318,0.1364279,0.06958415,7.060137e+07,0.3823541,1.014619e+09,0.0,0.0,299764449.518692,38140086.47227576,0.1272335,0.20893511902928003,0.2954454393261795,0.03759056359695963
555,0.675,0.06958414803997318,0.1364279,0.06958415,7.060137e+07,0.3823541,1.014619e+09,4.208194076442737e-05,0.0,270887435.72990036,38833040.36348681,0.1433549,0.1888079080712804,0.2669921443780448,0.038273533399250576
556,0.675,0.06958414803997318,0.1364279,0.06958415,7.060137e+07,0.3823541,1.014619e+09,0.0,0.0,165990609.51377505,19757587.97882096,0.1190283,0.1156950659499093,0.163599014594823,0.01947292038732703
557,0.675,0.06958414803997318,0.1364279,0.06958415,7.060137e+07,0.3823541,1.014619e+09,0.0,0.0,315799462.28414696,39297882.555617645,0.1244394,0.22011148536012956,0.3112494194135358,0.03873167813886846
558,0.675,0.06958414803997318,0.1364279,0.06958415,7.060137e+07,0.3823541,1.014619e+09,3.0812513144870856e-05,0.0,411001024.15580183,44311081.43638424,0.1078126,0.2864667509473761,0.40508492344128133,0.04367264678320145
559,0.675,0.06958414803997318,0.1364279,0.06958415,7.060137e+07,0.3823541,1.014619e+09,0.06985361788805715,0.003028362960270109,27990088.414642207,2899882.2653564084,0.1036039,0.01950902605009764,0.040299380263915156,0.003068826779490663
560,0.675,0.06958414803997318,0.1364279,0.06958415,7.060137e+07,0.3823541,1.014619e+09,0.0007614504687909997,0.0,135996283.10346088,20185531.11917923,0.1484271,0.09478909071233767,0.13417542226793383,0.019894697717203133
561,0.675,0.06958414803997318,0.1364279,0.06958415,7.060137e+07,0.3823541,1.014619e+09,0.0,0.0,179648034.09550524,29070661.40606524,0.1618201,0.12521425888689325,0.17705966282076227,0.02865181092824016
562,0.675,0.06958414803997318,0.1364279,0.06958415,7.060137e+07,0.3823541,1.014619e+09,2.6571379830263765e-07,0.0,379964918.9066756,49487190.23942849,0.1302415,0.26483465829982183,0.3744904276369369,0.04877417814147599
563,0.675,0.06958414803997318,0.1364279,0.06958415,7.060137e+07,0.3823541,1.014619e+09,0.0,0.0,236503317.4190207,36307297.70237281,0.1535171,0.16484225816337655,0.23309577446275673,0.035784181672133354
564,0.675,0.06958414803997318,0.1364279,0.06958415,7.060137e+07,0.3823541,1.014619e+09,0.0,0.0,529843488.95456874,61659683.07071217,0.1163734,0.3692996704891414,0.5222094968887802,0.06077128953346288
565,0.675,0.06958414803997318,0.1364279,0.06958415,7.060137e+07,0.3823541,1.014619e+09,9.769333839572233e-05,0.0,427387072.02053255,62203249.64011604,0.1455431,0.29788778792001924,0.42124705246808064,0.06130702438847455
566,0.675,0.06958414803997318,0.1364279,0.06958415,7.060137e+07,0.3823541,1.014619e+09,0.0,0.0,480631430.0549503,73062455.73483586,0.1520135,0.33499898072964224,0.4737064859910954,0.0720097708967391
567,0.675,0.06958414803997318,0.1364279,0.06958415,7.060137e+07,0.3823541,1.014619e+09,0.0,0.0,85968794.75430149,10894242.680838104,0.1267232,0.05992004853688863,0.08473015521122688,0.010737278286782061
568,0.675,0.06958414803997318,0.1364279,0.06958415,7.060137e+07,0.3823541,1.014619e+09,0.0,0.0,71182935.49848235,9734987.319518492,0.1367601,0.049614339275750506,0.07015733081305504,0.009594725492192103
569,0.675,0.06958414803997318,0.1364279,0.06958415,7.060137e+07,0.3823541,1.014619e+09,0.012336976886227133,4.534667700038883e-06,128025732.1499113,13903886.595161112,0.1086023,0.08923363537104316,0.12842632683726896,0.013703874752377311
570,0.675,0.06958414803997318,0.1364279,0.06958415,7.060137e+07,0.3823541,1.014619e+09,0.0,0.0,473928545.6311862,71684182.00451432,0.1512553,0.3303270859897313,0.4671001768156369,0.07065135535273313
571,0.675,0.06958414803997318,0.1364279,0.06958415,7.060137e+07,0.3823541,1.014619e+09,0.004328063906983935,0.0,95947501.00761138,11319867.942738447,0.1179798,0.06687518341742928,0.09535274712237975,0.011156771134224018
572,0.675,0.06958414803997318,0.1364279,0.06958415,7.060137e+07,0.3823541,1.014619e+09,5.84009197127047e-07,0.0,585644532.3216037,85302955.55515456,0.1456565,0.40819286698582097,0.5772066643607787,0.08407390943215463
573,0.675,0.06958414803997318,0.1364279,0.06958415,7.060137e+07,0.3823541,1.014619e+09,0.028177417497036464,3.345924999279622e-09,98131918.55933695,15533165.844108654,0.1582886,0.06839771733334972,0.1018460058831182,0.015309364015979102
574,0.675,0.06958414803997318,0.1364279,0.06958415,7.060137e+07,0.3823541,1.014619e+09,0.0,0.0,602191692.148591,68600117.2107204,0.1139174,0.4197261986187054,0.5935153062048537,0.06761172580568096
575,0.675,0.06958414803997318,0.1364279,0.06958415,7.060137e+07,0.3823541,1.014619e+09,0.0,0.0,647085654.1681798,89171024.27544942,0.1378041,0.45101718496921944,0.6377624354200315,0.08788624696666307
576,0.675,0.06958414803997318,0.1364279,0.06958415,7.060137e+07,0.3823541,1.014619e+09,0.010364183606646638,0.004818426698126107,258616.02639941947,23583.225482193557,0.09119012,0.0001802547645172741,0.002141054823440132,0.00035852955473661955
577,0.675,0.06958414803997318,0.1364279,0.06958415,7.060137e+07,0.3823541,1.014619e+09,0.0,0.0,606441873.7725962,98838719.61559804,0.1629814,0.4226885652533527,0.5977042511552522,0.09741465002322286
578,0.675,0.06958414803997318,0.1364279,0.06958415,7.060137e+07,0.3823541,1.014619e+09,0.0,0.0,502115622.7281898,64865536.409706965,0.1291845,0.3499734126899317,0.49488113412934215,0.06393095289473
579,0.675,0.06958414803997318,0.1364279,0.06958415,7.060137e+07,0.3823541,1.014619e+09,0.0,0.0,632233913.7887806,87812597.59699614,0.1388926,0.4406655567192917,0.6231246791143882,0.08654739251793697
580,0.675,0.06958414803997318,0.1364279,0.06958415,7.060137e+07,0.3823541,1.014619e+09,0.006742567958829895,0.0,142074020.0685786,22467142.710983567,0.1581369,0.09902525913816143,0.1412540872830425,0.022143435818718075
581,0.675,0.06958414803997318,0.1364279,0.06958415,7.060137e+07,0.3823541,1.014619e+09,0.0,0.0,38430111.99106562,4620030.456549461,0.120219,0.026785698024078663,0.037876410424201,0.0045534649960233915
582,0.675,0.06958414803997318,0.1364279,0.06958415,7.060137e+07,0.3823541,1.014619e+09,0.0,0.0,503279501.7562558,78877895.7099498,0.1567278,0.3507846336457692,0.49602824397282624,0.07774142193501683
583,0.675,0.06958414803997318,0.1364279,0.06958415,7.060137e+07,0.3823541,1.014619e+09,0.0,0.0,97485200.43112706,13195835.89867499,0.1353625,0.0679469563131124,0.0960806323612402,0.01300571011879479
584,0.675,0.06958414803997318,0.1364279,0.06958415,7.060137e+07,0.3823541,1.014619e+09,2.3110006712136615e-06,0.0,199434758.80186117,33291495.689885747,0.1669293,0.13900555965107636,0.19656172070941513,0.032811831375323196
585,0.675,0.06958414803997318,0.1364279,0.06958415,7.060137e+07,0.3823541,1.014619e+09,0.0,0.0,167700538.96512863,23118506.37092895,0.1378559,0.1168868827714966,0.16528430735980257,0.022785414622350935
586,0.675,0.06958414803997318,0.1364279,0.06958415,7.060137e+07,0.3823541,1.014619e+09,0.0,0.0,9430924.568508325,940516.2086513046,0.09972683,0.006573332329571587,0.00929504368135975,0.0009269652385549159
587,0.675,0.06958414803997318,0.1364279,0.06958415,7.060137e+07,0.3823541,1.014619e+09,0.018909361298362785,0.00011004805648812299,30736875.068481702,3191759.4139817418,0.1038414,0.021423529912678606,0.03373530900844747,0.0031534301019680777
588,0.675,0.06958414803997318,0.1364279,0.06958415,7.060137e+07,0.3823541,1.014619e+09,0.002497634573646799,0.0,258154505.63517776,26888380.609255526,0.1041562,0.179933085625844,0.2548895534930484,0.02650097246229883
589,0.675,0.06958414803997318,0.1364279,0.06958415,7.060137e+07,0.3823541,1.014619e+09,0.016166217025598638,0.0,97019636.20477764,11157039.902298067,0.1149978,0.06762245913806621,0.09856384580771792,0.01099628912236514
590,0.675,0.06958414803997318,0.1364279,0.06958415,7.060137e+07,0.3823541,1.014619e+09,0.0,0.0,101460595.58445178,12024710.817874154,0.1185161,0.07071779742146247,0.09999874996809789,0.011851458623800435
591,0.675,0.06958414803997318,0.1364279,0.06958415,7.060137e+07,0.3823541,1.014619e+09,5.9061688547815534e-05,0.0,59414123.82583666,9271256.522756722,0.1560447,0.04141150511177444,0.05856883289974111,0.009137676134943965
592,0.675,0.06958414803997318,0.1364279,0.06958415,7.060137e+07,0.3823541,1.014619e+09,0.0,0.0,84653577.80770479,13139165.94122888,0.155211,0.05900334540638825,0.08343388792796363,0.012949856662852484
593,0.675,0.06958414803997318,0.1364279,0.06958415,7.060137e+07,0.3823541,1.014619e+09,2.667467615283785e-05,0.0,173888989.9774982,23723691.648767043,0.1364301,0.1212002186288751,0.17138844957860974,0.02338188038262269
594,0.675,0.06958414803997318,0.1364279,0.06958415,7.060137e+07,0.3823541,1.014619e+09,0.0,0.0,124024531.77490528,17480787.145199124,0.1409462,0.08644480808363744,0.12223758466454086,0.017228923730526435
595,0.675,0.06958414803997318,0.1364279,0.06958415,7.060137e+07,0.3823541,1.014619e+09,0.0004308415138515234,0.0,81727121.3774777,13049438.18301221,0.1596708,0.05696361213059374,0.08062800423464898,0.012861421703374662
596,0.675,0.06958414803997318,0.1364279,0.06958415,7.060137e+07,0.3823541,1.014619e+09,0.0,0.0,300949538.7581733,39499608.55515183,0.1312499,0.2097611234527829,0.2966134537840695,0.03893049766750697
597,0.675,0.06958414803997318,0.1364279,0.06958415,7.060137e+07,0.3823541,1.014619e+09,0.00022707894591308088,0.0,232181764.3506953,46098020.75089447,0.1985428,0.1618301457992464,0.22887781220492726,0.04543383985220071
598,0.675,0.06958414803997318,0.1364279,0.06958415,7.060137e+07,0.3823541,1.014619e+09,0.0,0.0,519715036.06214035,70805948.34744346,0.1362399,0.3622401625519602,0.5122269748809081,0.06978577529792361
599,0.675,0.06958414803997318,0.1364279,0.06958415,7.060137e+07,0.3823541,1.014619e+09,0.004301919100579046,0.0,141584385.3201585,17799088.4948431,0.1257136,0.09868398486562417,0.1403273365352546,0.0175426389900733
600,0.675,0.06958414803997318,0.1364279,0.06958415,7.060137e+07,0.3823541,1.014619e+09,0.0,0.0,317810630.5007023,40709536.39326799,0.1280937,0.22151326489532322,0.3132316106915646,0.04012299284917097
601,0.675,0.06958414803997318,0.1364279,0.06958415,7.060137e+07,0.3823541,1.014619e+09,0.06752906055799356,5.543926938830971e-05,45244073.41654768,7363811.412640622,0.1627575,0.03153501317395684,0.056881726309549,0.007261571213779828
602,0.675,0.06958414803997318,0.1364279,0.06958415,7.060137e+07,0.3823541,1.014619e+09,0.0,0.0,381423497.8510631,65825834.95491828,0.1725794,0.2658512844069153,0.37592794299948684,0.06487741544567553
603,0.675,0.06958414803997318,0.1364279,0.06958415,7.060137e+07,0.3823541,1.014619e+09,0.0,0.0,193660038.78735495,30004566.962784056,0.1549342,0.13498059332992365,0.19086978236185842,0.029572260761223927
604,0.675,0.06958414803997318,0.1364279,0.06958415,7.060137e+07,0.3823541,1.014619e+09,0.0,0.0,417948583.1419573,55790777.583478056,0.1334872,0.2913091832840526,0.41192677437365727,0.05498694331487772
605,0.675,0.06958414803997318,0.1364279,0.06958415,7.060137e+07,0.3823541,1.014619e+09,0.0,0.0,237007978.18851304,28724636.793806646,0.1211969,0.16519400553739835,0.23359316407314162,0.028310771843216717
606,0.675,0.06958414803997318,0.1364279,0.06958415,7.060137e+07,0.3823541,1.014619e+09,0.09728980501742389,0.00014080909300480523,25111902.87878592,4637918.983574347,0.1846901,0.017502937474590998,0.042455741384081806,0.004580893865684993
607,0.675,0.06958414803997318,0.1364279,0.06958415,7.060137e+07,0.3823541,1.014619e+09,0.0,0.0,295535054.433725,49838432.26131061,0.168638,0.20598724056364384,0.2912769814220872,0.04912035946361542
608,0.675,0.06958414803997318,0.1364279,0.06958415,7.060137e+07,0.3823541,1.014619e+09,0.0,0.0,14537671.135268576,1937717.9891639128,0.1332894,0.010132722722567098,0.01432821217537712,0.0019097993224946287
609,0.675,0.06958414803997318,0.1364279,0.06958415,7.060137e+07,0.3823541,1.014619e+09,0.008066020844416285,0.0,122213125.4438481,13054349.8997732,0.1068163,0.0851822621146358,0.12192020224510491,0.012866262652054955
610,0.675,0.06958414803997318,0.1364279,0.06958415,7.060137e+07,0.3823541,1.014619e+09,0.016040717224530897,0.010689475330380536,633084.2398554505,52285.56275539121,0.08258863,0.00044125823199562495,0.0035431930175221886,0.0007953502655276923
611,0.675,0.06958414803997318,0.1364279,0.06958415,7.060137e+07,0.3823541,1.014619e+09,0.0,0.0,121836248.1701995,12393794.689509585,0.101725,0.08491957953784715,0.1200808298792398,0.01221522473008362
612,0.675,0.06958414803997318,0.1364279,0.06958415,7.060137e+07,0.3823541,1.014619e+09,0.07607685019310431,1.5054715497823485e-05,27954437.10175258,6545872.426173908,0.2341622,0.01948417716853712,0.04139680095634356,0.0064526069783786034
613,0.675,0.06958414803997318,0.1364279,0.06958415,7.060137e+07,0.3823541,1.014619e+09,0.0,0.0,83609563.75079873,12591371.977768572,0.1505973,0.058275670054630746,0.082404916039534,0.012409955322134403
614,0.675,0.06958414803997318,0.1364279,0.06958415,7.060137e+07,0.3823541,1.014619e+09,0.0,0.0,326031061.6705005,48743517.579580985,0.1495057,0.22724288616192606,0.32133360177927095,0.048041220327244546
615,0.675,0.06958414803997318,0.1364279,0.06958415,7.060137e+07,0.3823541,1.014619e+09,2.4249618635359643e-07,0.0,336445755.0831746,37867986.29931105,0.112553,0.23450190307111707,0.3315982842817305,0.03732238384692134
616,0.675,0.06958414803997318,0.1364279,0.06958415,7.060137e+07,0.3823541,1.014619e+09,0.0,0.0,187698802.74490955,30264280.850784227,0.1612385,0.13082562577426526,0.1849944358879347,0.029828232688056885
617,0.675,0.06958414803997318,0.1364279,0.06958415,7.060137e+07,0.3823541,1.014619e+09,7.606594883227269e-06,0.0,106701074.48651224,12303141.276240211,0.1153048,0.07437039893885541,0.10516510829492551,0.012125877452403457
618,0.675,0.06958414803997318,0.1364279,0.06958415,7.060137e+07,0.3823541,1.014619e+09,2.6974650945578652e-05,0.0,301365406.9936429,34593947.47375647,0.1147907,0.21005098263861313,0.2970282392677698,0.034095517416495524
619,0.675,0.06958414803997318,0.1364279,0.06958415,7.060137e+07,0.3823541,1.014619e+09,0.01041482163464107,0.009307937743691439,77728.42929115155,9709.572895612382,0.1249166,5.417653311452149e-05,0.001971989009254725,0.000657254595143524
620,0.675,0.06958414803997318,0.1364279,0.06958415,7.060137e+07,0.3823541,1.014619e+09,0.05514520504563133,6.2247061624914485e-06,59727515.589613676,8863106.934212962,0.1483924,0.04162993843691583,0.06890276832504878,0.00873584031199857
621,0.675,0.06958414803997318,0.1364279,0.06958415,7.060137e+07,0.3823541,1.014619e+09,0.0,0.0,93780870.46971774,11711814.839427907,0.1248849,0.06536504700847845,0.0924296744353923,0.011543070854790881
622,0.675,0.06958414803997318,0.1364279,0.06958415,7.060137e+07,0.3823541,1.014619e+09,0.0,0.0,196463942.4311155,27667633.419452965,0.140828,0.13693490760066646,0.19363328732446894,0.027268997787598743
623,0.675,0.06958414803997318,0.1364279,0.06958415,7.060137e+07,0.3823541,1.014619e+09,0.0,0.0,300030871.6528667,39573899.62083194,0.1318994,0.2091208146326286,0.2957080228466865,0.03900371834652048
624,0.675,0.06958414803997318,0.1364279,0.06958415,7.060137e+07,0.3823541,1.014619e+09,0.00019583875212729487,0.0,51078785.6866327,7860977.556864048,0.1538991,0.03560179395669872,0.05037848231220344,0.007747716487228468
625,0.675,0.06958414803997318,0.1364279,0.06958415,7.060137e+07,0.3823541,1.014619e+09,0.008863442242926893,0.0,200680977.31744784,21700401.298065804,0.1081338,0.13987417103681163,0.19940260999367976,0.021387741626318724
626,0.675,0.06958414803997318,0.1364279,0.06958415,7.060137e+07,0.3823541,1.014619e+09,0.0051477810803179334,0.0,217556478.9494497,25567082.704539943,0.1175193,0.15163635613855517,0.21535876059903167,0.025198711835442495
627,0.675,0.06958414803997318,0.1364279,0.06958415,7.060137e+07,0.3823541,1.014619e+09,2.1128856469539114e-05,0.0,110027872.03723462,14891006.531307664,0.1353385,0.07668916903771983,0.10844643420174317,0.014676456710310702
628,0.675,0.06958414803997318,0.1364279,0.06958415,7.060137e+07,0.3823541,1.014619e+09,0.0,0.0,15519891.70552784,2133963.316947664,0.1374986,0.010817328158900968,0.015296280898540918,0.0021032171449744926
629,0.675,0.06958414803997318,0.1364279,0.06958415,7.060137e+07,0.3823541,1.014619e+09,0.0,0.0,374645108.8033555,55708006.583935,0.1486954,0.26112676312100735,0.3692472170717152,0.054905364881001624
630,0.675,0.06958414803997318,0.1364279,0.06958415,7.060137e+07,0.3823541,1.014619e+09,0.0,0.0,162493657.86213222,15657545.033231229,0.09635788,0.11325769884133871,0.16015244706928458,0.01543195091526017
631,0.675,0.06958414803997318,0.1364279,0.06958415,7.060137e+07,0.3823541,1.014619e+09,0.0,0.0,144941235.2027974,23671121.903442107,0.1633153,0.1010237013694281,0.14285291995006694,0.023330068062890553
632,0.675,0.06958414803997318,0.1364279,0.06958415,7.060137e+07,0.3823541,1.014619e+09,0.0,0.0,171981874.54803026,26945050.63192691,0.1566738,0.1198709636425075,0.16950395740244148,0.026556825982526643
633,0.675,0.06958414803997318,0.1364279,0.06958415,7.060137e+07,0.3823541,1.014619e+09,0.0381724372071099,3.386248929979553e-05,42131851.30324233,5088011.759437324,0.120764,0.02936580165226683,0.048471769603838324,0.005017059910517025
634,0.675,0.06958414803997318,0.1364279,0.06958415,7.060137e+07,0.3823541,1.014619e+09,0.0,0.0,793989803.8882445,95868420.53959623,0.1207426,0.5534090331584858,0.7825499881887831,0.09448714705598131
635,0.675,0.06958414803997318,0.1364279,0.06958415,7.060137e+07,0.3823541,1.014619e+09,0.00017768380505439783,0.0,78986751.97715372,8817959.534867244,0.1116385,0.05505358107867881,0.07788104625531801,0.008690910256110525
636,0.675,0.06958414803997318,0.1364279,0.06958415,7.060137e+07,0.3823541,1.014619e+09,0.0,0.0,119882101.93076901,17054407.308435477,0.1422598,0.08355754418711897,0.11815483900492786,0.016808687180145884
637,0.675,0.06958414803997318,0.1364279,0.06958415,7.060137e+07,0.3823541,1.014619e+09,0.0,0.0,449496553.98120654,49440895.96246499,0.1099917,0.3132980450487289,0.44302020162767963,0.04872855087307332
638,0.675,0.06958414803997318,0.1364279,0.06958415,7.060137e+07,0.3823541,1.014619e+09,4.994114176590754e-05,0.0,299316853.52686983,35380677.931290336,0.1182048,0.2086231456716035,0.2950133810299318,0.034870912651089166
639,0.675,0.06958414803997318,0.1364279,0.06958415,7.060137e+07,0.3823541,1.014619e+09,1.55725872344809e-19,0.0,55140626.76868839,7301850.528012039,0.1324223,0.0384328876748496,0.054346159881711376,0.0071966453680762195
640,0.675,0.06958414803997318,0.1364279,0.06958415,7.060137e+07,0.3823541,1.014619e+09,0.008849655934465893,0.0039518836743896845,72588.76127454906,9069.297796990913,0.1249408,5.0594196548114e-05,0.0016820808260740304,0.0002839270858686814
641,0.675,0.06958414803997318,0.1364279,0.06958415,7.060137e+07,0.3823541,1.014619e+09,0.047879091104973966,0.0,61632116.34014433,8962614.125924148,0.1454212,0.042957440697955505,0.06945757648437702,0.008833480661887381
642,0.675,0.06958414803997318,0.1364279,0.06958415,7.060137e+07,0.3823541,1.014619e+09,0.0,0.0,352952406.08639985,58204363.03038404,0.1649071,0.246007000148743,0.3478670631052472,0.05736575379042728
643,0.675,0.06958414803997318,0.1364279,0.06958415,7.060137e+07,0.3823541,1.014619e+09,0.006929130052289664,0.0,138789013.33497912,18493517.254645284,0.1332491,0.09673561714092455,0.1380503631746991,0.01822706241102902
644,0.675,0.06958414803997318,0.1364279,0.06958415,7.060137e+07,0.3823541,1.014619e+09,0.0,0.0,51244956.92389918,7808155.137062341,0.1523692,0.03571761491976909,0.050506618900078966,0.007695655133556794
645,0.675,0.06958414803997318,0.1364279,0.06958415,7.060137e+07,0.3823541,1.014619e+09,8.265958200997532e-06,0.0,73203138.05770344,11032513.565040372,0.1507109,0.05102241572661662,0.07214993057831669,0.010873556962237909
646,0.675,0.06958414803997318,0.1364279,0.06958415,7.060137e+07,0.3823541,1.014619e+09,0.01527147257073778,0.0,158624553.11753958,30264085.549823567,0.1907907,0.11056094189885875,0.15911832481942242,0.029828040200995075
647,0.675,0.06958414803997318,0.1364279,0.06958415,7.060137e+07,0.3823541,1.014619e+09,0.0,0.0,117952715.63893361,15675877.940547861,0.1328997,0.08221276646185721,0.11625325133655535,0.015450019681803318
648,0.675,0.06958414803997318,0.1364279,0.06958415,7.060137e+07,0.3823541,1.014619e+09,0.00042045621865096543,0.0,219405900.65011224,29463867.631328393,0.1342893,0.15292539873110972,0.21632121580958386,0.029039351832957805
649,0.675,0.06958414803997318,0.1364279,0.06958415,7.060137e+07,0.3823541,1.014619e+09,0.0,0.0,256101494.30324548,36984012.402276844,0.1444115,0.17850214153726227,0.2524115805526677,0.03645114625760253
650,0.675,0.06958414803997318,0.1364279,0.06958415,7.060137e+07,0.3823541,1.014619e+09,0.0,0.0,167713647.15798178,22360360.553699326,0.1333246,0.1168960191512055,0.165297226689638,0.02203819218018224
651,0.675,0.06958414803997318,0.1364279,0.06958415,7.060137e+07,0.3823541,1.014619e+09,0.00046270136902383307,0.0,275635300.29795325,45550731.59871052,0.1652572,0.19211715855196215,0.2717481496588652,0.04489443604943137
652,0.675,0.06958414803997318,0.1364279,0.06958415,7.060137e+07,0.3823541,1.014619e+09,0.0,0.0,511420578.30107194,71871056.70951185,0.1405322,0.3564589449246708,0.5040520237780473,0.07083553756448505
653,0.675,0.06958414803997318,0.1364279,0.06958415,7.060137e+07,0.3823541,1.014619e+09,0.0,0.0,646365620.9765335,80735683.53684504,0.1249071,0.45051532352152884,0.6370527764762278,0.07957244273008836
654,0.675,0.06958414803997318,0.1364279,0.06958415,7.060137e+07,0.3823541,1.014619e+09,0.05537184924815746,0.0003374603469098948,57140985.52081556,6115225.57256737,0.10702,0.03982713303866113,0.0663947517137847,0.006050599211575924
655,0.675,0.06958414803997318,0.1364279,0.06958415,7.060137e+07,0.3823541,1.014619e+09,0.0,0.0,331681090.4679083,56706710.624714285,0.1709676,0.23118094299688657,0.3269022248863003,0.05588967958062203
656,0.675,0.06958414803997318,0.1364279,0.06958415,7.060137e+07,0.3823541,1.014619e+09,0.0030830928451784207,0.00015993513366752507,11219.351745952079,1402.4345188182174,0.1250014,7.819861882340018e-06,0.000572145952156785,1.2511178241453228e-05
657,0.675,0.06958414803997318,0.1364279,0.06958415,7.060137e+07,0.3823541,1.014619e+09,2.6660234129411173e-08,0.0,470621471.3175946,67958602.12115303,0.1444018,0.32802206294093966,0.46384075572479,0.06697945367409255
658,0.675,0.06958414803997318,0.1364279,0.06958415,7.060137e+07,0.3823541,1.014619e+09,0.002842634474953255,0.0,38954265.94111211,4758148.998316023,0.1221471,0.027151032099278268,0.03891033988508656,0.004689593523995381
659,0.675,0.06958414803997318,0.1364279,0.06958415,7.060137e+07,0.3823541,1.014619e+09,0.0,0.0,163632308.0486343,25374341.063386176,0.1550693,0.11405133535371202,0.16127469156869098,0.025008747218428853
660,0.675,0.06958414803997318,0.1364279,0.06958415,7.060137e+07,0.3823541,1.014619e+09,0.008712677734719542,0.0,206588625.09375897,30195451.32577827,0.1461622,0.1439917876965205,0.2051977028557723,0.029760394859766545
661,0.675,0.06958414803997318,0.1364279,0.06958415,7.060137e+07,0.3823541,1.014619e+09,1.704755468109034e-06,0.0,416049999.61353767,45706945.816781335,0.1098593,0.2899858750127272,0.4100558559084104,0.04504839953096172
662,0.675,0.06958414803997318,0.1364279,0.06958415,7.060137e+07,0.3823541,1.014619e+09,0.002502286219744281,0.0,155256973.63014957,25245555.00226275,0.162605,0.10821374688568051,0.1534754170508274,0.024881816708594243
663,0.675,0.06958414803997318,0.1364279,0.06958415,7.060137e+07,0.3823541,1.014619e+09,0.0,0.0,455413317.3546306,60598720.071848884,0.1330631,0.3174220152582695,0.44885171619539127,0.05972561290365812
664,0.675,0.06958414803997318,0.1364279,0.06958415,7.060137e+07,0.3823541,1.014619e+09,0.0,0.0,360812829.9578846,50881196.20183846,0.1410183,0.251485697171843,0.35561423388460267,0.05014809924736032
665,0.675,0.06958414803997318,0.1364279,0.06958415,7.060137e+07,0.3823541,1.014619e+09,0.07469602248963152,0.00352269741411484,17011315.556268316,1789635.510528034,0.1052027,0.011856847088773732,0.030360052928427476,0.0020089743165526185
666,0.675,0.06958414803997318,0.1364279,0.06958415,7.060137e+07,0.3823541,1.014619e+09,0.052670875493166396,3.0501708790834026e-06,73217194.17328092,9497026.76284624,0.1297103,0.0510322128062436,0.08174778726831082,0.009360405717940739
667,0.675,0.06958414803997318,0.1364279,0.06958415,7.060137e+07,0.3823541,1.014619e+09,0.0,0.0,201261606.20732522,26595189.910688467,0.1321424,0.1402788680127644,0.19836182629691035,0.02621200605923277
668,0.675,0.06958414803997318,0.1364279,0.06958415,7.060137e+07,0.3823541,1.014619e+09,0.015083821351596824,0.0,116330101.78004757,13530021.620738408,0.1163071,0.08108180840365767,0.11739910208871726,0.01333508088851112
669,0.675,0.06958414803997318,0.1364279,0.06958415,7.060137e+07,0.3823541,1.014619e+09,0.016989947498867314,1.8797186752329547e-06,93767757.4638384,13943914.491746351,0.1487069,0.06535590727410157,0.09550872986788511,0.01374314118412793
670,0.675,0.06958414803997318,0.1364279,0.06958415,7.060137e+07,0.3823541,1.014619e+09,0.0,0.0,713199982.87166,98578086.92579363,0.1382194,0.4970987171835364,0.7029241879924865,0.09715777253269434
671,0.675,0.06958414803997318,0.1364279,0.06958415,7.060137e+07,0.3823541,1.014619e+09,0.0,0.0,85912523.68642493,13233424.09433591,0.1540337,0.059880827734409975,0.08467469489764787,0.013042756743230577
672,0.675,0.06958414803997318,0.1364279,0.06958415,7.060137e+07,0.3823541,1.014619e+09,3.5832640592739006e-06,0.0,294563474.3170589,47832003.934273496,0.1623827,0.20531005149853607,0.29032005195850796,0.04714283978271341
673,0.675,0.06958414803997318,0.1364279,0.06958415,7.060137e+07,0.3823541,1.014619e+09,0.02748622046582614,1.1279984497221466e-06,83642723.22278948,11568896.122811254,0.1383132,0.0582987821289226,0.08743978097473286,0.01140228980376327
674,0.675,0.06958414803997318,0.1364279,0.06958415,7.060137e+07,0.3823541,1.014619e+09,0.0,0.0,36465816.86115383,6584380.20280411,0.1805631,0.02541658892046175,0.035940416884757374,0.006489512364896882
675,0.675,0.06958414803997318,0.1364279,0.06958415,7.060137e+07,0.3823541,1.014619e+09,0.0,0.0,196225718.17374986,30118609.175652992,0.1534896,0.13676886585139209,0.1933984954053853,0.029684659852366627
676,0.675,0.06958414803997318,0.1364279,0.06958415,7.060137e+07,0.3823541,1.014619e+09,0.02011438986732879,6.120612301645428e-07,69621531.30779415,9947323.74881613,0.1428771,0.04852604421288345,0.07227901625832792,0.00980404516513957
677,0.675,0.06958414803997318,0.1364279,0.06958415,7.060137e+07,0.3823541,1.014619e+09,0.0,0.0,739685147.9283676,122962710.17545669,0.1662366,0.5155588151788735,0.729027754437304,0.1211910618048795
678,0.675,0.06958414803997318,0.1364279,0.06958415,7.060137e+07,0.3823541,1.014619e+09,7.194090146841427e-06,0.0,259751715.91579896,42466248.43637419,0.1634878,0.1810463374495082,0.25601051896702987,0.04185439416169632
679,0.675,0.06958414803997318,0.1364279,0.06958415,7.060137e+07,0.3823541,1.014619e+09,0.0008308602379624087,0.0,176342706.7343845,25023205.60225995,0.141901,0.12291045345988101,0.17395316588622897,0.024662670921716524
680,0.675,0.06958414803997318,0.1364279,0.06958415,7.060137e+07,0.3823541,1.014619e+09,0.0,0.0,228505746.9708417,27186850.02305462,0.1189767,0.15926797029762635,0.22521343311641578,0.026795141524797356
681,0.675,0.06958414803997318,0.1364279,0.06958415,7.060137e+07,0.3823541,1.014619e+09,0.07688227627926604,0.0013788168670685998,26533645.335530464,2795071.8343424867,0.1053407,0.01849388863609749,0.04014305847289641,0.0028507441990186125
682,0.675,0.06958414803997318,0.1364279,0.06958415,7.060137e+07,0.3823541,1.014619e+09,0.008109183094406707,0.0,88644468.25726558,10711601.96458535,0.1208378,0.061784986699912635,0.08884305776405757,0.010557269060408546
683,0.675,0.06958414803997318,0.1364279,0.06958415,7.060137e+07,0.3823541,1.014619e+09,5.261362046654304e-06,0.0,70985474.19018485,8810608.43792296,0.1241185,0.04947670920647759,0.06996367203868845,0.0086836650738692
684,0.675,0.06958414803997318,0.1364279,0.06958415,7.060137e+07,0.3823541,1.014619e+09,0.0006320012700160412,0.0,176151968.24624902,22827582.32987547,0.1295903,0.12277750918051086,0.17372898546345636,0.02249868221876672
685,0.675,0.06958414803997318,0.1364279,0.06958415,7.060137e+07,0.3823541,1.014619e+09,0.07703955074983032,0.00010478886278162726,33147581.16119652,5154742.87523168,0.1555089,0.023103786411521953,0.046690322808985205,0.005087764914776011
686,0.675,0.06958414803997318,0.1364279,0.06958415,7.060137e+07,0.3823541,1.014619e+09,0.0,0.0,70746647.86001919,9990019.426201386,0.1412084,0.04931024781387214,0.06972732921271421,0.009846083092875537
687,0.675,0.06958414803997318,0.1364279,0.06958415,7.060137e+07,0.3823541,1.014619e+09,0.0,0.0,224506269.74500167,38719502.36672508,0.1724651,0.15648034404115235,0.22127158041186523,0.038161631259462675
688,0.675,0.06958414803997318,0.1364279,0.06958415,7.060137e+07,0.3823541,1.014619e+09,0.0005499549068605833,0.0,60928599.70992856,9383071.43529736,0.1540011,0.04246709125488706,0.06015082524397533,0.009247880016731247
689,0.675,0.06958414803997318,0.1364279,0.06958415,7.060137e+07,0.3823541,1.014619e+09,1.4304156536435267e-09,0.0,356871062.71473974,49486674.58664976,0.1386682,0.24873829463810512,0.35172925993686543,0.04877366991822939
690,0.675,0.06958414803997318,0.1364279,0.06958415,7.060137e+07,0.3823541,1.014619e+09,0.0,0.0,693070382.5070201,102086707.12243766,0.1472963,0.4830684328888151,0.6830846151787642,0.10061584048268171
691,0.675,0.06958414803997318,0.1364279,0.06958415,7.060137e+07,0.3823541,1.014619e+09,0.014202820571792292,0.0,116662880.13091958,19107158.029436346,0.163781,0.08131375413458557,0.11756675352372589,0.018831861841340707
692,0.675,0.06958414803997318,0.1364279,0.06958415,7.060137e+07,0.3823541,1.014619e+09,0.00011385095172630024,0.0,180551474.21504295,24734831.519715186,0.136996,0.12584395453364028,0.17797080575670937,0.024378451736804776
693,0.675,0.06958414803997318,0.1364279,0.06958415,7.060137e+07,0.3823541,1.014619e+09,0.0009713852960938949,1.8873467535131646e-08,273766993.7234175,25849337.12131922,0.09442094,0.19081495324656128,0.26999933642837415,0.025476900840109003
694,0.675,0.06958414803997318,0.1364279,0.06958415,7.060137e+07,0.3823541,1.014619e+09,0.018427910331863397,0.0,12513569.082049709,1888517.6291676385,0.1509176,0.008721928333520229,0.015686945992876383,0.0018613078419423325
695,0.675,0.06958414803997318,0.1364279,0.06958415,7.060137e+07,0.3823541,1.014619e+09,0.00023189292546128926,0.0,222468270.75216448,30712900.445054594,0.1380552,0.1550598635177491,0.21930514684208038,0.030270388565220952
696,0.675,0.06958414803997318,0.1364279,0.06958415,7.060137e+07,0.3823541,1.014619e+09,0.0,0.0,717375729.6703068,86558974.20486045,0.1206606,0.5000092029192941,0.7070397705754844,0.08531183134837937
697,0.675,0.06958414803997318,0.1364279,0.06958415,7.060137e+07,0.3823541,1.014619e+09,0.005676769182864298,0.002437758617712927,140571.4540201535,14609.939047382972,0.1039325,9.797797412260632e-05,0.0011716542924592155,0.00018402879539110523
698,0.675,0.06958414803997318,0.1364279,0.06958415,7.060137e+07,0.3823541,1.014619e+09,4.1145925263123637e-07,0.0,419141541.2828849,49055473.44676434,0.117038,0.2921406723134284,0.4131026192387164,0.04834868153012684
699,0.675,0.06958414803997318,0.1364279,0.06958415,7.060137e+07,0.3823541,1.014619e+09,0.0,0.0,151510298.51472932,18766435.033123285,0.1238624,0.10560232310790676,0.1493273361100599,0.01849604798650944
700,0.675,0.06958414803997318,0.1364279,0.06958415,7.060137e+07,0.3823541,1.014619e+09,5.561080992447702e-05,0.0,250744176.34334713,43198794.13669557,0.1722823,0.17476810347028574,0.24714157144392446,0.04257638533378312
701,0.675,0.06958414803997318,0.1364279,0.06958415,7.060137e+07,0.3823541,1.014619e+09,0.0,0.0,227763918.2266267,27297844.17475171,0.1198515,0.1587509174008577,0.22448229265065575,0.026904536471274287
702,0.675,0.06958414803997318,0.1364279,0.06958415,7.060137e+07,0.3823541,1.014619e+09,0.013510447228178322,0.0,168548781.2605517,30495435.29485957,0.1809294,0.11747810566415264,0.1685790777294492,0.030056056655814543
703,0.675,0.06958414803997318,0.1364279,0.06958415,7.060137e+07,0.3823541,1.014619e+09,0.054624474701922686,1.2883164637389213e-05,41322957.2947328,4876223.190920303,0.1180028,0.028802004423404737,0.05066861608149273,0.004806862966090895
704,0.675,0.06958414803997318,0.1364279,0.06958415,7.060137e+07,0.3823541,1.014619e+09,0.0,0.0,449194537.1002116,63272780.03841422,0.1408583,0.31308753999023764,0.44272253620994,0.06236114497850871
705,0.675,0.06958414803997318,0.1364279,0.06958415,7.060137e+07,0.3823541,1.014619e+09,0.00012212136622500778,4.493517334603528e-15,365745378.69368917,37876999.38138915,0.1035611,0.25492367208477135,0.3604979391085511,0.03733126706839279
706,0.675,0.06958414803997318,0.1364279,0.06958415,7.060137e+07,0.3823541,1.014619e+09,0.0,0.0,365917025.5563268,54756832.28886808,0.1496428,0.2550433095458972,0.3606448881646876,0.05396789511788252
707,0.675,0.06958414803997318,0.1364279,0.06958415,7.060137e+07,0.3823541,1.014619e+09,0.0004196283078904244,0.0,199531703.64115646,19797308.625431653,0.09921886,0.13907312997694377,0.1967332158261316,0.01951206873833082
708,0.675,0.06958414803997318,0.1364279,0.06958415,7.060137e+07,0.3823541,1.014619e+09,0.006338175052362012,3.4974369147454212e-06,84309613.97451566,8751745.539979398,0.1038048,0.058763603420490564,0.0842483565592488,0.008625893639513457
709,0.675,0.06958414803997318,0.1364279,0.06958415,7.060137e+07,0.3823541,1.014619e+09,0.0,0.0,173878902.7203685,22883641.157926023,0.1316068,0.12119318783428804,0.17137365316753472,0.022553933350473964
710,0.675,0.06958414803997318,0.1364279,0.06958415,7.060137e+07,0.3823541,1.014619e+09,0.017296923160094853,0.0,161692464.9786449,22769465.15976795,0.1408196,0.11269926927857497,0.16251064341001903,0.022441402401622363
711,0.675,0.06958414803997318,0.1364279,0.06958415,7.060137e+07,0.3823541,1.014619e+09,0.06870334022466289,0.007555863016639076,10746986.114584018,985632.9219594446,0.0917125,0.007490624143930104,0.023095379204578485,0.001497200200374676
712,0.675,0.06958414803997318,0.1364279,0.06958415,7.060137e+07,0.3823541,1.014619e+09,0.0013327846762493972,0.0,271401675.5791434,38099074.076076604,0.1403789,0.18916633204144664,0.2677338684451751,0.0375501421079127
713,0.675,0.06958414803997318,0.1364279,0.06958415,7.060137e+07,0.3823541,1.014619e+09,0.003204107468652427,0.0,51957780.291243166,6953069.084946889,0.1338215,0.03621445113681217,0.0517922834492749,0.006852889172701302
714,0.675,0.06958414803997318,0.1364279,0.06958415,7.060137e+07,0.3823541,1.014619e+09,0.00553320173655562,0.0,141430785.87373587,14069689.699833367,0.0994811,0.09857692641131889,0.1404000297538839,0.013866973422714323
715,0.675,0.06958414803997318,0.1364279,0.06958415,7.060137e+07,0.3823541,1.014619e+09,0.004104370247513859,0.0,263425393.82893112,33904587.462596126,0.1287066,0.1836068823483043,0.2603769064949088,0.033416089713583515
716,0.675,0.06958414803997318,0.1364279,0.06958415,7.060137e+07,0.3823541,1.014619e+09,0.062045947614923776,0.00030047614547758586,17191305.548135266,3029509.8127169427,0.1762234,0.011982299691426185,0.028235278160717553,0.003006768971460624
717,0.675,0.06958414803997318,0.1364279,0.06958415,7.060137e+07,0.3823541,1.014619e+09,0.0,0.0,446583094.3010376,69643194.85264179,0.1559468,0.31126737047727626,0.4401487191134966,0.06863977477100552
718,0.675,0.06958414803997318,0.1364279,0.06958415,7.060137e+07,0.3823541,1.014619e+09,0.0,0.0,204890870.8260983,29555861.37852226,0.1442517,0.14280845694944325,0.20193880042258133,0.029130020133013374
719,0.675,0.06958414803997318,0.1364279,0.06958415,7.060137e+07,0.3823541,1.014619e+09,0.040563392673518835,0.0,29250886.291645743,4827923.37938111,0.1650522,0.02038779921658405,0.036211520732694215,0.00475836259484613
720,0.675,0.06958414803997318,0.1364279,0.06958415,7.060137e+07,0.3823541,1.014619e+09,0.0014457020054272744,0.0,272142009.79908806,31665843.205420356,0.1163578,0.18968234325830025,0.2684840856046976,0.03120960131356725
721,0.675,0.06958414803997318,0.1364279,0.06958415,7.060137e+07,0.3823541,1.014619e+09,0.0,0.0,261257382.06223097,42721945.33808308,0.1635244,0.18209578322611128,0.2574931822119564,0.04210640697903014
722,0.675,0.06958414803997318,0.1364279,0.06958415,7.060137e+07,0.3823541,1.014619e+09,0.020463587820594,1.167987458240594e-05,91259578.5383555,9822881.828267263,0.1076367,0.06360771243917727,0.093668852318469,0.009682166349806877
723,0.675,0.06958414803997318,0.1364279,0.06958415,7.060137e+07,0.3823541,1.014619e+09,0.0,0.0,291523276.8719391,40392204.22027645,0.1385557,0.2031910410018327,0.2873230056049954,0.039810232802366396
724,0.675,0.06958414803997318,0.1364279,0.06958415,7.060137e+07,0.3823541,1.014619e+09,0.0,0.0,590185840.2915229,80856307.97207636,0.1370014,0.4113581480015223,0.5816824348217001,0.07969132920684571
725,0.675,0.06958414803997318,0.1364279,0.06958415,7.060137e+07,0.3823541,1.014619e+09,0.06733490065008993,1.59948866194713e-09,53746071.57928991,8031430.491705602,0.1494329,0.03746088597498925,0.06522589264800063,0.007915713645207201
726,0.675,0.06958414803997318,0.1364279,0.06958415,7.060137e+07,0.3823541,1.014619e+09,1.7665416440833362e-06,0.0,379497001.1426218,48449156.154760145,0.1276668,0.2645085207145096,0.3740295247720786,0.047751100065764204
727,0.675,0.06958414803997318,0.1364279,0.06958415,7.060137e+07,0.3823541,1.014619e+09,0.016108140598156295,0.0,106621446.39801292,13909221.840959175,0.1304543,0.0743148983477233,0.10801674373432915,0.013708817586894103
728,0.675,0.06958414803997318,0.1364279,0.06958415,7.060137e+07,0.3823541,1.014619e+09,6.982381933906297e-07,0.0,344680878.7248982,47494661.73118196,0.1377931,0.24024176495623054,0.3397148390919541,0.046810358010589775
729,0.675,0.06958414803997318,0.1364279,0.06958415,7.060137e+07,0.3823541,1.014619e+09,0.003233139756515294,0.0,165166891.56312725,16683062.016437935,0.1010073,0.11512093646810623,0.16337555988397617,0.016442692236075366
730,0.675,0.06958414803997318,0.1364279,0.06958415,7.060137e+07,0.3823541,1.014619e+09,0.0,0.0,551034528.6237773,71108688.36035426,0.1290458,0.38406977549241733,0.5430952157753935,0.0700841534286848
731,0.675,0.06958414803997318,0.1364279,0.06958415,7.060137e+07,0.3823541,1.014619e+09,0.0005007343018714148,0.0,239151258.80856943,29542991.704425886,0.1235327,0.16668786710832056,0.23579669229291608,0.029117335885353278
732,0.675,0.06958414803997318,0.1364279,0.06958415,7.060137e+07,0.3823541,1.014619e+09,0.0,0.0,19712562.208138715,2453011.839131043,0.124439,0.013739609676672912,0.019428543348550167,0.0024176688117888354
733,0.675,0.06958414803997318,0.1364279,0.06958415,7.060137e+07,0.3823541,1.014619e+09,0.0,0.0,426686922.64948994,59038310.139693104,0.1383645,0.2973997854487057,0.4205392117688505,0.05818768537864668
734,0.675,0.06958414803997318,0.1364279,0.06958415,7.060137e+07,0.3823541,1.014619e+09,0.00027846887590953916,0.0,421619169.5824853,59328360.63707478,0.1407155,0.2938675734336863,0.41559515316161144,0.058473556824587984
735,0.675,0.06958414803997318,0.1364279,0.06958415,7.060137e+07,0.3823541,1.014619e+09,0.0,0.0,403476554.68139726,52846950.31031441,0.130979,0.28122221335197034,0.39766325909245476,0.05208553074438547
736,0.675,0.06958414803997318,0.1364279,0.06958415,7.060137e+07,0.3823541,1.014619e+09,1.7940635438109895e-06,0.0,322987261.5294381,42341977.16714774,0.1310949,0.22512136459459103,0.3183339832506986,0.041731913394576735
737,0.675,0.06958414803997318,0.1364279,0.06958415,7.060137e+07,0.3823541,1.014619e+09,0.0009059662895525288,0.0,311873903.3831157,40258676.3466463,0.1290864,0.21737538000287213,0.3075452957007254,0.03967862880012299
738,0.675,0.06958414803997318,0.1364279,0.06958415,7.060137e+07,0.3823541,1.014619e+09,0.0,0.0,718541556.8174276,86201882.19777341,0.1199678,0.5008217817095487,0.708188800469498,0.08495988432769999
739,0.675,0.06958414803997318,0.1364279,0.06958415,7.060137e+07,0.3823541,1.014619e+09,0.0,0.0,450808987.4353497,64876551.85319393,0.1439114,0.31421280809151025,0.4443137255230858,0.06394180962756008
740,0.675,0.06958414803997318,0.1364279,0.06958415,7.060137e+07,0.3823541,1.014619e+09,0.013057265851183946,0.0,143580882.11308798,19178290.089508813,0.1335713,0.10007553845292268,0.14388844248878233,0.018901969029741564
741,0.675,0.06958414803997318,0.1364279,0.06958415,7.060137e+07,0.3823541,1.014619e+09,0.00079731864399589,0.0,213074768.93987748,26153343.267692536,0.1227426,0.14851261476159014,0.210149887855698,0.02577652554857071
742,0.675,0.06958414803997318,0.1364279,0.06958415,7.060137e+07,0.3823541,1.014619e+09,0.0,0.0,225521501.60876563,30570204.549454708,0.1355534,0.15718795827172047,0.222272184801376,0.03012974863399081
743,0.675,0.06958414803997318,0.1364279,0.06958415,7.060137e+07,0.3823541,1.014619e+09,1.696044011484849e-05,0.0,104871729.62199281,12488341.330866449,0.1190821,0.07309534985405679,0.10336382295035845,0.012308409142168988
744,0.675,0.06958414803997318,0.1364279,0.06958415,7.060137e+07,0.3823541,1.014619e+09,0.045176047027560076,0.019400831147365214,2115294.2415724,174640.88043674882,0.08256103,0.001474355130685106,0.010306349909182068,0.0015221149589555835
745,0.675,0.06958414803997318,0.1364279,0.06958415,7.060137e+07,0.3823541,1.014619e+09,0.0,0.0,322107927.71501887,44211225.92193893,0.1372559,0.22450847098603557,0.3174669923902198,0.043574229988342005
746,0.675,0.06958414803997318,0.1364279,0.06958415,7.060137e+07,0.3823541,1.014619e+09,0.0019724866381270155,0.0,235375338.27103382,31756724.922439527,0.1349195,0.16405605933984832,0.23234301765406612,0.03129917360559373
747,0.675,0.06958414803997318,0.1364279,0.06958415,7.060137e+07,0.3823541,1.014619e+09,0.0,0.0,270205114.96093994,43570738.47676083,0.1612506,0.18833233209384947,0.26631199605554906,0.04294297069482879
748,0.675,0.06958414803997318,0.1364279,0.06958415,7.060137e+07,0.3823541,1.014619e+09,0.0,0.0,665184708.5052944,105663524.3442449,0.1588484,0.46363218343989926,0.6556007183405145,0.10414112287418288
749,0.675,0.06958414803997318,0.1364279,0.06958415,7.060137e+07,0.3823541,1.014619e+09,0.002460320174074648,0.0,194470333.04176325,22991855.674241807,0.1182281,0.1355453665268967,0.19211615250759642,0.022660588710593288
750,0.675,0.06958414803997318,0.1364279,0.06958415,7.060137e+07,0.3823541,1.014619e+09,0.024393540997370355,0.0,82356693.53283693,12960690.563577915,0.1573726,0.057402422447923575,0.08560944751105079,0.012773952760826547
751,0.675,0.06958414803997318,0.1364279,0.06958415,7.060137e+07,0.3823541,1.014619e+09,0.0,0.0,93081625.44026926,12059124.358986942,0.1295543,0.06487767486113734,0.09174050413766767,0.01188537633415322
752,0.675,0.06958414803997318,0.1364279,0.06958415,7.060137e+07,0.3823541,1.014619e+09,5.4769010565397465e-05,0.0,206198802.80280942,30878489.105538875,0.1497511,0.14372008247300055,0.20323785504231262,0.030433591422073268
753,0.675,0.06958414803997318,0.1364279,0.06958415,7.060137e+07,0.3823541,1.014619e+09,0.05634034119723129,2.036959259597543e-05,22959934.13507576,4442092.793098884,0.1934715,0.01600302030183654,0.03288243602344562,0.004379508461551173
754,0.675,0.06958414803997318,0.1364279,0.06958415,7.060137e+07,0.3823541,1.014619e+09,0.0,0.0,555009836.9459436,88401682.18296655,0.1592795,0.38684055607965345,0.5470132478021573,0.08712798956532451
755,0.675,0.06958414803997318,0.1364279,0.06958415,7.060137e+07,0.3823541,1.014619e+09,1.1866130133295327e-06,0.0,233450770.4577789,29751595.14888868,0.1274427,0.16271464008286846,0.2300874245891371,0.02932293376860201
756,0.675,0.06958414803997318,0.1364279,0.06958415,7.060137e+07,0.3823541,1.014619e+09,3.7204897888023235e-05,0.0,262400511.8527564,34896602.075476676,0.1329898,0.1828925420119941,0.2586266126464859,0.034393811366671696
757,0.675,0.06958414803997318,0.1364279,0.06958415,7.060137e+07,0.3823541,1.014619e+09,0.0,0.0,395525075.015279,44344441.2489664,0.1121154,0.27568005065333545,0.389826344451571,0.043705525947158354
758,0.675,0.06958414803997318,0.1364279,0.06958415,7.060137e+07,0.3823541,1.014619e+09,0.0,0.0,408700935.40463185,40303139.47523514,0.09861279,0.2848635944764363,0.4028123668684488,0.039722451303361245
759,0.675,0.06958414803997318,0.1364279,0.06958415,7.060137e+07,0.3823541,1.014619e+09,0.05743932896504384,0.0,60520765.12518078,9955861.75402327,0.1645032,0.04218283150478878,0.07010209348190359,0.009812417564894397
760,0.675,0.06958414803997318,0.1364279,0.06958415,7.060137e+07,0.3823541,1.014619e+09,4.8684298935055265e-08,0.0,367108708.69578815,54508130.10378236,0.1484795,0.255873909902238,0.36181941037755394,0.05372277623720135
761,0.675,0.06958414803997318,0.1364279,0.06958415,7.060137e+07,0.3823541,1.014619e+09,0.015619724159861757,0.0012204451999549423,3372652.8626883365,403282.7488576216,0.1195743,0.002350731143875317,0.006166673892538748,0.000482395885093916
762,0.675,0.06958414803997318,0.1364279,0.06958415,7.060137e+07,0.3823541,1.014619e+09,0.0033065124732094874,2.078645960296815e-07,262719671.24109983,27510496.29869057,0.1047143,0.18311499535794595,0.25953615081922166,0.027114139164651937
763,0.675,0.06958414803997318,0.1364279,0.06958415,7.060137e+07,0.3823541,1.014619e+09,0.0,0.0,44419875.704047665,5984768.948252992,0.1347318,0.030960549299266747,0.04377987354160325,0.005898540317310131
764,0.675,0.06958414803997318,0.1364279,0.06958415,7.060137e+07,0.3823541,1.014619e+09,0.024487638091002812,0.004185400322072568,1938273.6603831581,221061.67238765926,0.1140508,0.001350972200318307,0.006366821919785671,0.0005091141284769046
765,0.675,0.06958414803997318,0.1364279,0.06958415,7.060137e+07,0.3823541,1.014619e+09,0.007068978152129053,0.002939483668500724,46362.02839566068,5791.596792457557,0.1249211,3.231422517526451e-05,0.0013321686237876026,0.00021024961813855336
766,0.675,0.06958414803997318,0.1364279,0.06958415,7.060137e+07,0.3823541,1.014619e+09,4.039873495161628e-06,0.0,467763649.0192589,81232926.47024438,0.1736623,0.3260301674942781,0.46102483932801125,0.08006252138066178
767,0.675,0.06958414803997318,0.1364279,0.06958415,7.060137e+07,0.3823541,1.014619e+09,5.8993648825651716e-05,0.0,386442187.1831715,58079853.129787505,0.1502938,0.2693492991136581,0.38088505916976106,0.05724303783014157
768,0.675,0.06958414803997318,0.1364279,0.06958415,7.060137e+07,0.3823541,1.014619e+09,0.0,0.0,418341310.39248914,64236030.041542545,0.1535493,0.29158291325759567,0.412313843204718,0.06331051646272617
769,0.675,0.06958414803997318,0.1364279,0.06958415,7.060137e+07,0.3823541,1.014619e+09,0.005316147515718186,0.0,74152918.04983981,8904693.805260986,0.1200855,0.05168441015600031,0.07405200091933756,0.008776394857977956
770,0.675,0.06958414803997318,0.1364279,0.06958415,7.060137e+07,0.3823541,1.014619e+09,0.006834836085711528,7.951284575629602e-06,73220367.00726616,8478462.33121418,0.1157938,0.05103442426409803,0.07340927033684323,0.008356857816065258
771,0.675,0.06958414803997318,0.1364279,0.06958415,7.060137e+07,0.3823541,1.014619e+09,0.0,0.0,648710565.4920688,81085306.8391863,0.1249946,0.4521497443551436,0.6393639349998625,0.07991702865521967
772,0.675,0.06958414803997318,0.1364279,0.06958415,7.060137e+07,0.3823541,1.014619e+09,0.0,0.0,471528355.80329037,57352418.39707958,0.1216309,0.32865415930282943,0.4647345689548399,0.05652608398677859
773,0.675,0.06958414803997318,0.1364279,0.06958415,7.060137e+07,0.3823541,1.014619e+09,0.0,0.0,218964261.50618508,27842822.634474978,0.1271569,0.1526175772824604,0.21580942150177615,0.027441662874070776
774,0.675,0.06958414803997318,0.1364279,0.06958415,7.060137e+07,0.3823541,1.014619e+09,0.0,0.0,594649811.7294184,86256357.90984505,0.145054,0.4144695256355865,0.5860820892994948,0.0850135751529845
775,0.675,0.06958414803997318,0.1364279,0.06958415,7.060137e+07,0.3823541,1.014619e+09,0.014662667030582749,1.634591296605509e-05,63144329.23625529,6665083.481578952,0.1055532,0.044011449543747125,0.06490298551276977,0.00657019028618089
776,0.675,0.06958414803997318,0.1364279,0.06958415,7.060137e+07,0.3823541,1.014619e+09,0.0,0.0,121384649.9232338,21940808.456569575,0.1807544,0.08460481661771206,0.11963573826584822,0.02162468499527174
777,0.675,0.06958414803997318,0.1364279,0.06958415,7.060137e+07,0.3823541,1.014619e+09,0.013673787716187292,0.006646887896355375,848468.9503944559,64516.024623471756,0.07603817,0.0005913808706400985,0.003324719892112037,0.0005261045082640774
778,0.675,0.06958414803997318,0.1364279,0.06958415,7.060137e+07,0.3823541,1.014619e+09,0.12979756037917173,6.937663084631995e-07,42392237.713115774,6036752.344345114,0.1424023,0.029547290369917864,0.06540314706598228,0.0059498230110745474
779,0.675,0.06958414803997318,0.1364279,0.06958415,7.060137e+07,0.3823541,1.014619e+09,0.0,0.0,250569771.7398509,32184653.825451184,0.1284459,0.17464654387024228,0.24695955912185175,0.0317209369032551
780,0.675,0.06958414803997318,0.1364279,0.06958415,7.060137e+07,0.3823541,1.014619e+09,0.0008197256916635736,0.0,16309194.342025898,2574361.0254672007,0.1578472,0.011367470247369544,0.01622339211563763,0.002537269597427444
781,0.675,0.06958414803997318,0.1364279,0.06958415,7.060137e+07,0.3823541,1.014619e+09,9.840649343687395e-05,0.0,203158032.5857302,25949408.458146628,0.1277302,0.14160067275558333,0.20024883781460537,0.025575529034484627
782,0.675,0.06958414803997318,0.1364279,0.06958415,7.060137e+07,0.3823541,1.014619e+09,0.0,0.0,260076295.07857755,42129322.630037755,0.1619883,0.18127256836554398,0.2563291123453388,0.041522322786877786
783,0.675,0.06958414803997318,0.1364279,0.06958415,7.060137e+07,0.3823541,1.014619e+09,0.00041088537620698326,0.0,197608273.07699713,21466764.438068297,0.1086329,0.1377325033799192,0.19483590695992092,0.021157471009320666
784,0.675,0.06958414803997318,0.1364279,0.06958415,7.060137e+07,0.3823541,1.014619e+09,0.005417266903949098,0.0,192552788.64047307,31372066.574586302,0.1629271,0.1342088425716019,0.19076436718532006,0.03092005742035412
785,0.675,0.06958414803997318,0.1364279,0.06958415,7.060137e+07,0.3823541,1.014619e+09,0.021191397976867987,0.0,71691673.23269942,8775489.590402575,0.122406,0.04996892828463397,0.07451533492288315,0.00864905221917296
786,0.675,0.06958414803997318,0.1364279,0.06958415,7.060137e+07,0.3823541,1.014619e+09,0.08628065913931975,0.0005804531525888375,14756389.877123825,2846607.272866061,0.1929068,0.010285169173228057,0.030245889926758484,0.002845983655357496
787,0.675,0.06958414803997318,0.1364279,0.06958415,7.060137e+07,0.3823541,1.014619e+09,0.04425964178723141,0.0002727579916794774,78771543.52478826,7757290.1397441905,0.09847833,0.05490358129156836,0.08569135947398779,0.007664502632271499
788,0.675,0.06958414803997318,0.1364279,0.06958415,7.060137e+07,0.3823541,1.014619e+09,0.00025320432775997886,0.0,330559378.47256625,41941332.89428732,0.1268799,0.23039911236406915,0.3258427548744257,0.04133704160975095
789,0.675,0.06958414803997318,0.1364279,0.06958415,7.060137e+07,0.3823541,1.014619e+09,4.38413155900711e-06,0.0,467338405.6452962,65008552.09861023,0.1391038,0.32573377385888214,0.4606057855173592,0.06407190801167734
790,0.675,0.06958414803997318,0.1364279,0.06958415,7.060137e+07,0.3823541,1.014619e+09,0.018921380493804704,0.0,57689241.30037503,7621780.750120689,0.1321179,0.04020926603256575,0.060301532546173146,0.007511966031271534
791,0.675,0.06958414803997318,0.1364279,0.06958415,7.060137e+07,0.3823541,1.014619e+09,5.729261212490975e-07,0.0,307278803.80753815,32956001.484962124,0.1072511,0.21417260636404936,0.30285163096418066,0.03248117097538519
792,0.675,0.06958414803997318,0.1364279,0.06958415,7.060137e+07,0.3823541,1.014619e+09,0.001184770909572496,0.0,230932925.1101006,32416847.88403529,0.1403734,0.16095970777432037,0.22782125543131063,0.031949785506741796
793,0.675,0.06958414803997318,0.1364279,0.06958415,7.060137e+07,0.3823541,1.014619e+09,0.000228447847877048,0.0,105772806.17580612,10243136.531166205,0.09684093,0.07372339810103125,0.10429040511259464,0.010095553283211229
794,0.675,0.06958414803997318,0.1364279,0.06958415,7.060137e+07,0.3823541,1.014619e+09,0.0,0.0,36573784.842744835,4376117.188351775,0.1196517,0.025491842350684336,0.03604682926222752,0.00431306603345176
795,0.675,0.06958414803997318,0.1364279,0.06958415,7.060137e+07,0.3823541,1.014619e+09,0.06870265302914688,0.0004582463717402323,30086291.616971746,3847875.5397094986,0.1278946,0.020970074771156772,0.0421559186731186,0.003824321980908611
796,0.675,0.06958414803997318,0.1364279,0.06958415,7.060137e+07,0.3823541,1.014619e+09,0.0,0.0,276563993.23171175,33146033.41083848,0.1198494,0.19276445535105902,0.2725792555232623,0.03266846491873533
797,0.675,0.06958414803997318,0.1364279,0.06958415,7.060137e+07,0.3823541,1.014619e+09,0.0,0.0,722364692.2148988,111714841.63379501,0.1546516,0.5034864981247816,0.7119568520810982,0.11010525270339985
798,0.675,0.06958414803997318,0.1364279,0.06958415,7.060137e+07,0.3823541,1.014619e+09,0.006099195670371531,0.0,184996184.28954092,23628976.093559504,0.1277268,0.12894190704254166,0.18344074186254944,0.023288529490399664
799,0.675,0.06958414803997318,0.1364279,0.06958415,7.060137e+07,0.3823541,1.014619e+09,0.0,0.0,461549962.0055516,53225017.421429954,0.115318,0.3216992422030898,0.4548999439882168,0.052458150659514355
800,0.675,0.06958414803997318,0.1364279,0.06958415,7.060137e+07,0.3823541,1.014619e+09,8.6367933457626e-05,0.0,184410349.63913187,26105718.39267523,0.1415632,0.1285335816636943,0.18176908085168494,0.02572958685338876
801,0.675,0.06958414803997318,0.1364279,0.06958415,7.060137e+07,0.3823541,1.014619e+09,0.0,0.0,396686167.93560004,53778975.41870372,0.1355706,0.27648932969860196,0.39097070832958775,0.053004127222564375
802,0.675,0.06958414803997318,0.1364279,0.06958415,7.060137e+07,0.3823541,1.014619e+09,0.00030557204827759036,0.0,154657755.14376596,19844654.40840772,0.1283133,0.1077960930045144,0.15248505482061026,0.019558732362633387
803,0.675,0.06958414803997318,0.1364279,0.06958415,7.060137e+07,0.3823541,1.014619e+09,0.0025570861325622286,0.0,136185784.0913385,16910069.796137817,0.1241691,0.09492117245692727,0.1346889784338915,0.016666429284653273
804,0.675,0.06958414803997318,0.1364279,0.06958415,7.060137e+07,0.3823541,1.014619e+09,1.8330539554883086e-07,0.0,124804829.49466306,18750434.060927976,0.150238,0.08698867376623468,0.12300667320385215,0.01848027755653524
805,0.675,0.06958414803997318,0.1364279,0.06958415,7.060137e+07,0.3823541,1.014619e+09,0.0,0.0,97275204.48737726,13381798.059109706,0.1375664,0.06780058963229524,0.0958736620418528,0.013188992933938134
806,0.675,0.06958414803997318,0.1364279,0.06958415,7.060137e+07,0.3823541,1.014619e+09,0.0043981623138268835,0.0,156403724.54608554,23307764.55390071,0.1490231,0.10901302958749094,0.15495067370687504,0.022971945970894584
807,0.675,0.06958414803997318,0.1364279,0.06958415,7.060137e+07,0.3823541,1.014619e+09,0.0005686822272859202,0.0,191590092.90796277,21688035.68919245,0.1132002,0.13353784590143644,0.1889331540646666,0.021375554181303182
808,0.675,0.06958414803997318,0.1364279,0.06958415,7.060137e+07,0.3823541,1.014619e+09,0.028042404899186826,0.0,80826698.68121132,14117426.6869508,0.1746629,0.056336019620797644,0.08476554906864497,0.013914022614683762
809,0.675,0.06958414803997318,0.1364279,0.06958415,7.060137e+07,0.3823541,1.014619e+09,0.0,0.0,131210881.02515012,17012277.36046908,0.129656,0.09145367667494869,0.12932039289880265,0.0167671642410325
810,0.675,0.06958414803997318,0.1364279,0.06958415,7.060137e+07,0.3823541,1.014619e+09,0.047534128277069196,4.2008125508294045e-07,66858589.672827944,10579890.23398561,0.1582428,0.0466002803663049,0.07454596736160564,0.010427484265178755
811,0.675,0.06958414803997318,0.1364279,0.06958415,7.060137e+07,0.3823541,1.014619e+09,0.0,0.0,124439449.78008683,15935870.095846638,0.1280612,0.08673400496118311,0.12264652452556184,0.015706265866655928
812,0.675,0.06958414803997318,0.1364279,0.06958415,7.060137e+07,0.3823541,1.014619e+09,0.04248033538583276,4.627493121265441e-07,70383710.79635571,12509546.440118358,0.1777335,0.04905728153078413,0.07710056498293336,0.012329340927940207
813,0.675,0.06958414803997318,0.1364279,0.06958415,7.060137e+07,0.3823541,1.014619e+09,0.0,0.0,221221815.18431777,28370909.716970008,0.1282464,0.154191086907144,0.21803444831636096,0.02796214127082775
814,0.675,0.06958414803997318,0.1364279,0.06958415,7.060137e+07,0.3823541,1.014619e+09,0.0007841586743497377,0.0,164152842.3756245,27890206.81372535,0.1699039,0.11441414656012143,0.16193043409623617,0.027488364341433615
815,0.675,0.06958414803997318,0.1364279,0.06958415,7.060137e+07,0.3823541,1.014619e+09,0.0,0.0,380237116.71974504,56621147.95722172,0.1489101,0.26502437953782887,0.37475865526335495,0.055805349701185517
816,0.675,0.06958414803997318,0.1364279,0.06958415,7.060137e+07,0.3823541,1.014619e+09,0.023776819590305715,0.01024288753945876,910699.1885094978,75180.58823173615,0.0825526,0.0006347552008138837,0.005224691775919952,0.0007868399882148279
817,0.675,0.06958414803997318,0.1364279,0.06958415,7.060137e+07,0.3823541,1.014619e+09,0.0,0.0,24410746.725283034,2380733.235643643,0.09752808,0.01701423327826133,0.02405903636041949,0.0023464315993858816
818,0.675,0.06958414803997318,0.1364279,0.06958415,7.060137e+07,0.3823541,1.014619e+09,1.1359844775378872e-06,0.0,266845942.40353692,38577333.06653876,0.1445678,0.1859909966911765,0.2630014292376287,0.03802151033645234
819,0.675,0.06958414803997318,0.1364279,0.06958415,7.060137e+07,0.3823541,1.014619e+09,0.0,0.0,340251184.989069,42861525.38975132,0.1259702,0.23715427880020112,0.33534884137113236,0.04224397595944963
820,0.675,0.06958414803997318,0.1364279,0.06958415,7.060137e+07,0.3823541,1.014619e+09,3.987965317757475e-05,0.0,63818895.78414102,7901165.32542711,0.123806,0.0444816208472555,0.06290664992997408,0.0077873252298852995
821,0.675,0.06958414803997318,0.1364279,0.06958415,7.060137e+07,0.3823541,1.014619e+09,0.0,0.0,67133599.03222808,9170930.342706274,0.1366072,0.04679196124551753,0.06616633724069212,0.009038795455835705
822,0.675,0.06958414803997318,0.1364279,0.06958415,7.060137e+07,0.3823541,1.014619e+09,1.0815212304066725e-06,0.0,438327112.28612506,46034598.972017154,0.1050234,0.30551297035491687,0.4320118862224366,0.045371331855160554
823,0.675,0.06958414803997318,0.1364279,0.06958415,7.060137e+07,0.3823541,1.014619e+09,0.0011027296427347654,0.0,254834302.97881508,43294502.22996959,0.1698928,0.17761891215289785,0.2513633313398935,0.04267071446357091
824,0.675,0.06958414803997318,0.1364279,0.06958415,7.060137e+07,0.3823541,1.014619e+09,0.003742813259685467,0.0,224645881.02465126,40083915.59350588,0.1784316,0.15657765277598815,0.22209033012059232,0.03950638600224803
825,0.675,0.06958414803997318,0.1364279,0.06958415,7.060137e+07,0.3823541,1.014619e+09,0.0,0.0,710332701.4710414,96916160.12340009,0.1364377,0.49510022876474435,0.7000982184205853,0.09551979079386744
826,0.675,0.06958414803997318,0.1364279,0.06958415,7.060137e+07,0.3823541,1.014619e+09,2.1150602540109206e-05,0.0,299611721.4517215,41643925.800843894,0.138993,0.2088286679244114,0.2952987609392025,0.04104391956168222
827,0.675,0.06958414803997318,0.1364279,0.06958415,7.060137e+07,0.3823541,1.014619e+09,0.05937794324820063,0.0014440698162192628,28079807.50966332,3017928.410293088,0.1074768,0.01957156004913433,0.038481351629743345,0.003074930425320046
828,0.675,0.06958414803997318,0.1364279,0.06958415,7.060137e+07,0.3823541,1.014619e+09,0.0,0.0,72525784.34011222,12172459.232671745,0.1678363,0.05055030177235328,0.07148083187063876,0.011997078277464199
829,0.675,0.06958414803997318,0.1364279,0.06958415,7.060137e+07,0.3823541,1.014619e+09,0.004659087089286987,0.0,156860434.63106084,19788476.393029913,0.1261534,0.10933135544674276,0.15544828888361864,0.019503363760851492
830,0.675,0.06958414803997318,0.1364279,0.06958415,7.060137e+07,0.3823541,1.014619e+09,0.0399180999424222,0.0017481609904649858,2236442.812577977,372012.4613343864,0.1663411,0.0015587954008502946,0.009468865691053905,0.0004882967939808641
831,0.675,0.06958414803997318,0.1364279,0.06958415,7.060137e+07,0.3823541,1.014619e+09,0.0,0.0,115860021.04832777,16107388.252521116,0.1390246,0.08075416323494956,0.11419070831756235,0.01587531278743813
832,0.675,0.06958414803997318,0.1364279,0.06958415,7.060137e+07,0.3823541,1.014619e+09,0.0036399161851509237,0.0,223069953.68111795,34966730.482453264,0.1567523,0.15547923510961276,0.22051838264810064,0.034462929362623886
833,0.675,0.06958414803997318,0.1364279,0.06958415,7.060137e+07,0.3823541,1.014619e+09,0.0,0.0,530872121.1425183,67428831.76716317,0.1270152,0.37001662471427277,0.5232233085304266,0.06645731625843895
834,0.675,0.06958414803997318,0.1364279,0.06958415,7.060137e+07,0.3823541,1.014619e+09,0.0,0.0,134821496.1068471,16438096.102815555,0.1219249,0.09397026692797746,0.13287898619017685,0.01620125579460838
835,0.675,0.06958414803997318,0.1364279,0.06958415,7.060137e+07,0.3823541,1.014619e+09,0.0007068042536555703,0.0,64267378.18497732,9041913.866210978,0.1406921,0.044794212029938184,0.06347004337255131,0.008911637850456981
836,0.675,0.06958414803997318,0.1364279,0.06958415,7.060137e+07,0.3823541,1.014619e+09,0.045140530058513616,1.1529101186594115e-05,74680483.77328865,8535709.46782599,0.1142964,0.052052122229268284,0.08181955553168319,0.008413529094488852
837,0.675,0.06958414803997318,0.1364279,0.06958415,7.060137e+07,0.3823541,1.014619e+09,0.0,0.0,74816144.23596463,8449878.810461378,0.1129419,0.05214667725392942,0.07373819223052021,0.008328132843698223
838,0.675,0.06958414803997318,0.1364279,0.06958415,7.060137e+07,0.3823541,1.014619e+09,0.0,0.0,196924875.68447196,21664768.39306496,0.1100154,0.13725617699838594,0.1940875794453545,0.02135262212068907
839,0.675,0.06958414803997318,0.1364279,0.06958415,7.060137e+07,0.3823541,1.014619e+09,1.4580860422342508e-07,0.0,580664942.5165845,70554359.68452734,0.1215061,0.4047221045578574,0.5722987408045976,0.06953781152782317
840,0.675,0.06958414803997318,0.1364279,0.06958415,7.060137e+07,0.3823541,1.014619e+09,4.749745195639285e-06,0.0,230664535.1317231,29712862.41821879,0.1288142,0.1607726405881727,0.2273419818288874,0.02928475909963295
841,0.675,0.06958414803997318,0.1364279,0.06958415,7.060137e+07,0.3823541,1.014619e+09,0.005361055207738197,0.0,144447122.5750712,16470797.261641964,0.1140265,0.1006793060255052,0.1433415783021345,0.016233485794701644
842,0.675,0.06958414803997318,0.1364279,0.06958415,7.060137e+07,0.3823541,1.014619e+09,0.00013472323678436263,0.0,229491848.47811556,31046296.552476596,0.1352828,0.15995528073796716,0.2262098449750312,0.030598981097074165
843,0.675,0.06958414803997318,0.1364279,0.06958415,7.060137e+07,0.3823541,1.014619e+09,0.020106114706233698,0.0,62790491.64134106,8020288.310625192,0.1277309,0.043764825569059196,0.0655448923163086,0.007904731889521564
844,0.675,0.06958414803997318,0.1364279,0.06958415,7.060137e+07,0.3823541,1.014619e+09,7.715699744815834e-18,0.0,147904439.34078103,17402978.612193566,0.1176637,0.10308904771143675,0.14577343020325204,0.01715223626390368
845,0.675,0.06958414803997318,0.1364279,0.06958415,7.060137e+07,0.3823541,1.014619e+09,0.0,0.0,625434689.364022,72783365.8614378,0.1163724,0.43592651322439213,0.6164234180059563,0.07173470215396466
846,0.675,0.06958414803997318,0.1364279,0.06958415,7.060137e+07,0.3823541,1.014619e+09,0.003468589299201307,0.0,156734159.5432109,23863889.75152296,0.1522571,0.1092433420063474,0.15510717595034293,0.023520058509241524
847,0.675,0.06958414803997318,0.1364279,0.06958415,7.060137e+07,0.3823541,1.014619e+09,3.4012933257222313e-06,0.0,369275529.23323023,56661635.497122824,0.15344,0.257384178740429,0.36395562147291627,0.05584525389607095
848,0.675,0.06958414803997318,0.1364279,0.06958415,7.060137e+07,0.3823541,1.014619e+09,0.016152997416709246,1.3657993817580547e-05,73092419.89014693,8413155.451556675,0.115103,0.05094524542321918,0.0749789673250843,0.00829288897530285
849,0.675,0.06958414803997318,0.1364279,0.06958415,7.060137e+07,0.3823541,1.014619e+09,9.440792373058529e-08,0.0,108870865.5836014,14857152.220549976,0.1364658,0.075882738250161,0.10730226987930455,0.014643090172914592
850,0.675,0.06958414803997318,0.1364279,0.06958415,7.060137e+07,0.3823541,1.014619e+09,0.0,0.0,51749417.70746744,6205607.0982557265,0.1199165,0.03606922290407033,0.05100381140593967,0.00611619662829797
851,0.675,0.06958414803997318,0.1364279,0.06958415,7.060137e+07,0.3823541,1.014619e+09,0.0023180037769942757,0.0,273303139.0445635,44156729.195309505,0.1615669,0.19049164762211426,0.2697872344036978,0.043520518451277745
852,0.675,0.06958414803997318,0.1364279,0.06958415,7.060137e+07,0.3823541,1.014619e+09,0.00017865281473294908,0.0,227337264.97013488,33885226.94736894,0.1490527,0.15845354108064202,0.2240942994245027,0.03339700814491832
853,0.675,0.06958414803997318,0.1364279,0.06958415,7.060137e+07,0.3823541,1.014619e+09,0.0,0.0,96200049.4114544,12792246.966797192,0.1329755,0.0670512090632399,0.0948139978146243,0.012607936101638082
854,0.675,0.06958414803997318,0.1364279,0.06958415,7.060137e+07,0.3823541,1.014619e+09,0.0,0.0,416309282.6996782,69257986.24285685,0.1663619,0.2901665947163213,0.4103110929940461,0.06826011625201546
855,0.675,0.06958414803997318,0.1364279,0.06958415,7.060137e+07,0.3823541,1.014619e+09,0.04221759104101345,1.691089333569529e-05,38501277.06475857,5316959.577757034,0.1380983,0.026835299913717803,0.04562967726443624,0.005241529483249331
856,0.675,0.06958414803997318,0.1364279,0.06958415,7.060137e+07,0.3823541,1.014619e+09,0.0,0.0,358355033.04939044,61916126.05962915,0.1727787,0.24977261848472535,0.353191848946794,0.06102403768837032
857,0.675,0.06958414803997318,0.1364279,0.06958415,7.060137e+07,0.3823541,1.014619e+09,3.6809715213744646e-05,0.0,283439578.9072195,47340893.66782744,0.1670229,0.1975567224588324,0.27936247662301145,0.0466588054395459
858,0.675,0.06958414803997318,0.1364279,0.06958415,7.060137e+07,0.3823541,1.014619e+09,0.0,0.0,408950264.2439513,46240822.07868877,0.113072,0.28503737609331675,0.40305810337452114,0.0455745836965568
859,0.675,0.06958414803997318,0.1364279,0.06958415,7.060137e+07,0.3823541,1.014619e+09,0.0,0.0,255901233.2689787,29910545.558520816,0.1168832,0.17836256006554793,0.2522142048820574,0.029479594018609123
860,0.675,0.06958414803997318,0.1364279,0.06958415,7.060137e+07,0.3823541,1.014619e+09,5.575975457782845e-05,0.0,395615748.76749647,51601387.28715875,0.1304331,0.2757432500462014,0.38992585942384156,0.050857913809903975
861,0.675,0.06958414803997318,0.1364279,0.06958415,7.060137e+07,0.3823541,1.014619e+09,0.0,0.0,151942018.40033954,16808333.170501713,0.1106233,0.10590323085674792,0.14975283576979193,0.01656615848167819
862,0.675,0.06958414803997318,0.1364279,0.06958415,7.060137e+07,0.3823541,1.014619e+09,0.002321866748627807,0.0,136248940.02909437,18513793.039008714,0.1358821,0.09496519199758201,0.13470841713565168,0.018247046061620524
863,0.675,0.06958414803997318,0.1364279,0.06958415,7.060137e+07,0.3823541,1.014619e+09,1.7293598661936117e-05,0.0,417187025.7279136,65272125.19407993,0.1564577,0.2907783795506335,0.41117933672961215,0.06433168354246704
864,0.675,0.06958414803997318,0.1364279,0.06958415,7.060137e+07,0.3823541,1.014619e+09,0.00029006485891822716,0.0,204745195.5087684,23867662.993593067,0.1165725,0.14270692159455106,0.20184801254164525,0.023523777386389486
865,0.675,0.06958414803997318,0.1364279,0.06958415,7.060137e+07,0.3823541,1.014619e+09,0.0015581645308664976,0.0,129224475.50437003,19400435.536667276,0.1501297,0.09006915668069658,0.12764617596873454,0.01912091380233025
866,0.675,0.06958414803997318,0.1364279,0.06958415,7.060137e+07,0.3823541,1.014619e+09,0.05778334140442225,1.3432713610419553e-05,29963098.849144515,5993645.444689871,0.2000342,0.020884209700596016,0.04004730886755888,0.005908223625000234
867,0.675,0.06958414803997318,0.1364279,0.06958415,7.060137e+07,0.3823541,1.014619e+09,0.033954770770012695,0.0,61791221.20134208,8185244.385128708,0.1324661,0.043068336413461014,0.06708031914587556,0.008067311274700374
868,0.675,0.06958414803997318,0.1364279,0.06958415,7.060137e+07,0.3823541,1.014619e+09,0.007866722414366886,0.0,71230737.83420506,8174358.262312872,0.1147589,0.04964765739175839,0.07163609948260952,0.00805658199928747
869,0.675,0.06958414803997318,0.1364279,0.06958415,7.060137e+07,0.3823541,1.014619e+09,0.0012761073557970557,1.434775053271437e-07,326263260.9676728,35262336.93275836,0.1080794,0.2274047285280609,0.32179469274329653,0.034754286695004646
870,0.675,0.06958414803997318,0.1364279,0.06958415,7.060137e+07,0.3823541,1.014619e+09,0.05454920633917684,0.00043335135075451127,51782312.10500475,5290620.166679953,0.1021704,0.03609215022208916,0.06096357437182801,0.005244547225197719
871,0.675,0.06958414803997318,0.1364279,0.06958415,7.060137e+07,0.3823541,1.014619e+09,0.028089637668262443,0.0,34769575.1659013,4221939.726090241,0.1214263,0.024234312432809345,0.03938061303726607,0.004161109962125785
872,0.675,0.06958414803997318,0.1364279,0.06958415,7.060137e+07,0.3823541,1.014619e+09,0.0,0.0,644909547.6071708,98687007.9381312,0.1530246,0.4495004437943576,0.6356176822314191,0.09726512420963132
873,0.675,0.06958414803997318,0.1364279,0.06958415,7.060137e+07,0.3823541,1.014619e+09,0.0,0.0,98461568.44195521,13914328.869483575,0.1413174,0.0686274825292341,0.09704293284872735,0.013713851033283311
874,0.675,0.06958414803997318,0.1364279,0.06958415,7.060137e+07,0.3823541,1.014619e+09,0.0,0.0,360315594.2279353,47967512.39642888,0.1331264,0.25113912503298735,0.35512416233369193,0.04727639583713612
875,0.675,0.06958414803997318,0.1364279,0.06958415,7.060137e+07,0.3823541,1.014619e+09,0.0003002592343778804,0.0,169917325.36167422,28036098.210807335,0.1649985,0.11843197769642318,0.16752379807457968,0.027632153733317823
876,0.675,0.06958414803997318,0.1364279,0.06958415,7.060137e+07,0.3823541,1.014619e+09,0.002676130872016687,0.0,272001276.12037367,28359741.63458405,0.1042633,0.18958425221394581,0.26856930384444866,0.027951134098321975
877,0.675,0.06958414803997318,0.1364279,0.06958415,7.060137e+07,0.3823541,1.014619e+09,0.02534480495005415,0.0,92290161.9694037,13864044.109646522,0.1502223,0.064326026676177,0.09557291375046759,0.013664290776937624
878,0.675,0.06958414803997318,0.1364279,0.06958415,7.060137e+07,0.3823541,1.014619e+09,0.03881871276350691,0.0011221625516646394,4135244.645667415,722106.4148201542,0.1746224,0.002882255830019093,0.011140233450693534,0.000789787021070453
879,0.675,0.06958414803997318,0.1364279,0.06958415,7.060137e+07,0.3823541,1.014619e+09,0.0011241039057836703,0.0,139365245.02039465,16903375.041540645,0.1212883,0.09713724927566916,0.13756184298648091,0.016659830988169755
880,0.675,0.06958414803997318,0.1364279,0.06958415,7.060137e+07,0.3823541,1.014619e+09,0.0014378648426066295,0.0,183073312.58599028,23406225.701173384,0.1278517,0.12760166997005204,0.18069726509514836,0.02306898848864224
881,0.675,0.06958414803997318,0.1364279,0.06958415,7.060137e+07,0.3823541,1.014619e+09,1.0393111643437986e-05,0.0,203868063.6316012,29162554.497543976,0.1430462,0.14209556273110158,0.20093262127732164,0.028742380022829486
882,0.675,0.06958414803997318,0.1364279,0.06958415,7.060137e+07,0.3823541,1.014619e+09,0.004689974368256321,0.0036860047466539987,91011.91086444737,11370.658789693043,0.1249359,6.343508865069675e-05,0.00094322323753901,0.000267694330153193
883,0.675,0.06958414803997318,0.1364279,0.06958415,7.060137e+07,0.3823541,1.014619e+09,0.021281620753101638,0.01258299086241589,40662.28093600185,4230.21329946322,0.1040329,2.8341514549195436e-05,0.0039130922252502195,0.0008797459632857202
884,0.675,0.06958414803997318,0.1364279,0.06958415,7.060137e+07,0.3823541,1.014619e+09,0.001129962429367428,0.0,39644679.51242191,5005283.948821482,0.1262536,0.027632248740986978,0.03927911890373135,0.004933167750833064
885,0.675,0.06958414803997318,0.1364279,0.06958415,7.060137e+07,0.3823541,1.014619e+09,0.0008670579967545024,0.0,209821499.53703395,27642335.979989514,0.1317422,0.14624509360953622,0.206956183380311,0.02724406483398097
886,0.675,0.06958414803997318,0.1364279,0.06958415,7.060137e+07,0.3823541,1.014619e+09,0.0,0.0,101994066.86623542,17386295.886429977,0.1704638,0.07108962565505432,0.1005245349885282,0.017135793903075718
887,0.675,0.06958414803997318,0.1364279,0.06958415,7.060137e+07,0.3823541,1.014619e+09,0.0,0.0,405832476.70581234,62352891.70078247,0.1536419,0.28286428548355635,0.39998523696087485,0.06145451040433218
888,0.675,0.06958414803997318,0.1364279,0.06958415,7.060137e+07,0.3823541,1.014619e+09,0.012317258241018874,0.008220230232193166,213817.00369723368,22219.12770496309,0.1039166,0.000149029950648567,0.0024523388997967806,0.0005938967116158093
889,0.675,0.06958414803997318,0.1364279,0.06958415,7.060137e+07,0.3823541,1.014619e+09,0.9103123989438443,1.0743851368136754,200.04443727422878,20.837627743912726,0.104165,1.394305041179678e-07,0.16566682337085475,0.07476019494938856
890,0.675,0.06958414803997318,0.1364279,0.06958415,7.060137e+07,0.3823541,1.014619e+09,9.238982650367741e-08,0.0,522169767.50304776,71352516.1965183,0.1366462,0.3639511046153516,0.5146463553323379,0.07032446819012866
891,0.675,0.06958414803997318,0.1364279,0.06958415,7.060137e+07,0.3823541,1.014619e+09,0.00024784489407564994,0.0,244070949.49216416,43636981.291333474,0.1787881,0.17011687998898242,0.24059947697726902,0.043008259082044295
892,0.675,0.06958414803997318,0.1364279,0.06958415,7.060137e+07,0.3823541,1.014619e+09,0.0002584553439858407,0.0,61474803.59124458,9233709.609655352,0.1502032,0.042847794080523166,0.06063610976800154,0.009100670198268062
893,0.675,0.06958414803997318,0.1364279,0.06958415,7.060137e+07,0.3823541,1.014619e+09,1.244879752461002e-08,0.0,77794197.98677352,8564788.00886735,0.1100955,0.054222373741287744,0.07667334040865187,0.00844138642883876
894,0.675,0.06958414803997318,0.1364279,0.06958415,7.060137e+07,0.3823541,1.014619e+09,0.0,0.0,97104407.96095283,11439698.006339515,0.1178082,0.06768154485351786,0.09570532635406236,0.011274874684668194
895,0.675,0.06958414803997318,0.1364279,0.06958415,7.060137e+07,0.3823541,1.014619e+09,0.0004023994363593457,0.0,229293317.82309237,30930391.41685774,0.1348944,0.1598169053365317,0.22606288881242412,0.03048474592419741
896,0.675,0.06958414803997318,0.1364279,0.06958415,7.060137e+07,0.3823541,1.014619e+09,0.005850422649357377,0.0,220215681.67529827,25465553.623267643,0.1156391,0.15348981420851723,0.21810752236552938,0.025098645586529255
897,0.675,0.06958414803997318,0.1364279,0.06958415,7.060137e+07,0.3823541,1.014619e+09,0.0,0.0,161084096.6421623,27169576.706506643,0.168667,0.11227523797332603,0.158763194826199,0.026778117082424918
898,0.675,0.06958414803997318,0.1364279,0.06958415,7.060137e+07,0.3823541,1.014619e+09,0.033634185241380135,0.0001247868412716553,57257386.9690082,5870586.980982672,0.1025298,0.03990826457534721,0.0625534654943556,0.005794686671385818
899,0.675,0.06958414803997318,0.1364279,0.06958415,7.060137e+07,0.3823541,1.014619e+09,4.8640308106557515e-05,0.0,47033404.79860966,4788618.793679368,0.1018131,0.03278217295522581,0.04636459886350195,0.004719624310140156
900,0.675,0.06958414803997318,0.1364279,0.06958415,7.060137e+07,0.3823541,1.014619e+09,0.01724882403423603,0.01955877010617349,18205.81299209975,2275.0026423335876,0.1249602,1.2689409003091218e-05,0.0031570356294985426,0.0013632225789216544
901,0.675,0.06958414803997318,0.1364279,0.06958415,7.060137e+07,0.3823541,1.014619e+09,0.0,0.0,459229418.8371727,54280685.03770688,0.1181995,0.3200818290512758,0.45261283523680257,0.05349860820267578
902,0.675,0.06958414803997318,0.1364279,0.06958415,7.060137e+07,0.3823541,1.014619e+09,8.447657791944964e-05,0.0,311535361.7779343,39935943.10035081,0.1281907,0.2171394172971927,0.3070621299121757,0.03936054549875076
903,0.675,0.06958414803997318,0.1364279,0.06958415,7.060137e+07,0.3823541,1.014619e+09,0.00024957016324474943,0.0,82626494.39302652,14377032.425256807,0.1740003,0.057590473015388874,0.08148142972315557,0.014169887950044795
904,0.675,0.06958414803997318,0.1364279,0.06958415,7.060137e+07,0.3823541,1.014619e+09,0.0076573086696489975,0.004026199671031385,36908.03791487953,4612.316560146963,0.1249678,2.5724815958877362e-05,0.0014299203888589118,0.00028470553618908256
905,0.675,0.06958414803997318,0.1364279,0.06958415,7.060137e+07,0.3823541,1.014619e+09,0.0,0.0,695376841.8019907,93575259.71439634,0.1345677,0.48467602961385914,0.6853578429774063,0.09222702612257984
906,0.675,0.06958414803997318,0.1364279,0.06958415,7.060137e+07,0.3823541,1.014619e+09,0.0,0.0,122643467.55676638,17347578.077689778,0.1414472,0.0854822095591385,0.12087641883810328,0.01709763394104099
907,0.675,0.06958414803997318,0.1364279,0.06958415,7.060137e+07,0.3823541,1.014619e+09,0.0,0.0,199892429.78257012,29398998.347999595,0.1470741,0.13932455525240336,0.1970123769843707,0.028975417187129645
908,0.675,0.06958414803997318,0.1364279,0.06958415,7.060137e+07,0.3823541,1.014619e+09,0.0,0.0,510235809.4907124,59291857.40365689,0.1162048,0.35563316383951504,0.5028843251325319,0.05843757953024474
909,0.675,0.06958414803997318,0.1364279,0.06958415,7.060137e+07,0.3823541,1.014619e+09,0.0,0.0,262643073.73600364,36430376.9130238,0.1387068,0.18306160707634578,0.25885890882158513,0.035905487555873354
910,0.675,0.06958414803997318,0.1364279,0.06958415,7.060137e+07,0.3823541,1.014619e+09,0.04325282286908582,0.02276242684269936,271739.37248796795,33942.44581283928,0.1249081,0.00018940170599574433,0.008139351820277406,0.0016173574817716623
911,0.675,0.06958414803997318,0.1364279,0.06958415,7.060137e+07,0.3823541,1.014619e+09,0.06845430472497484,0.00011727398756234978,25529067.072306473,4243929.103565156,0.1662391,0.017793699940146592,0.03761915808022516,0.004190942926868114
912,0.675,0.06958414803997318,0.1364279,0.06958415,7.060137e+07,0.3823541,1.014619e+09,0.0,0.0,677177122.926165,81207220.22806492,0.1199202,0.47199086819553365,0.6674203458942307,0.080037185514363
913,0.675,0.06958414803997318,0.1364279,0.06958415,7.060137e+07,0.3823541,1.014619e+09,0.003076339784721984,0.0,168038382.56054336,30542138.84733945,0.1817569,0.11712235896600395,0.16617714256805285,0.030102087302886493
914,0.675,0.06958414803997318,0.1364279,0.06958415,7.060137e+07,0.3823541,1.014619e+09,1.6556328578886768e-05,0.0,419914768.12200105,75525803.14722039,0.1798598,0.292679609608784,0.4138676435999827,0.07443762636670392
915,0.675,0.06958414803997318,0.1364279,0.06958415,7.060137e+07,0.3823541,1.014619e+09,0.03099517461320557,0.0022529128324180296,3203656.007187535,360527.68365506135,0.1125363,0.002232940731515454,0.008798271133976982,0.0005121002160256506
916,0.675,0.06958414803997318,0.1364279,0.06958415,7.060137e+07,0.3823541,1.014619e+09,0.0,0.0,490645442.468752,70161996.74138704,0.1429994,0.3419787239213308,0.4835762163802855,0.06915110175520828
917,0.675,0.06958414803997318,0.1364279,0.06958415,7.060137e+07,0.3823541,1.014619e+09,0.0,0.0,44402133.50323738,8047721.656395182,0.1812463,0.030948183026868237,0.04376238697065922,0.007931769975279283
918,0.675,0.06958414803997318,0.1364279,0.06958415,7.060137e+07,0.3823541,1.014619e+09,0.0,0.0,205346050.02466178,27372463.82159857,0.1332992,0.1431257157844526,0.20238742139317226,0.02697808099725271
919,0.675,0.06958414803997318,0.1364279,0.06958415,7.060137e+07,0.3823541,1.014619e+09,0.003490334462647043,0.0,213294762.93067852,31178630.66311384,0.1461763,0.14866595005777866,0.21085681078411164,0.030729408536077807
920,0.675,0.06958414803997318,0.1364279,0.06958415,7.060137e+07,0.3823541,1.014619e+09,0.004190173838885111,7.289091881117736e-06,104071016.9333549,10779819.823016908,0.1035814,0.0725372549859781,0.10333412487942355,0.01062501124027319
921,0.675,0.06958414803997318,0.1364279,0.06958415,7.060137e+07,0.3823541,1.014619e+09,0.009043537206300203,0.0,31426597.899083227,4068351.3567996346,0.1294557,0.021904265109731903,0.03261962519401124,0.004009734496111342
922,0.675,0.06958414803997318,0.1364279,0.06958415,7.060137e+07,0.3823541,1.014619e+09,0.0014468649617168864,0.0,12547365.502889173,2656048.7849716367,0.2116818,0.008745484359667408,0.012629896055806734,0.002617780398601866
923,0.675,0.06958414803997318,0.1364279,0.06958415,7.060137e+07,0.3823541,1.014619e+09,0.0,0.0,93541343.24115497,11118209.616381165,0.1188588,0.06519809709133227,0.09219359831833794,0.01095801830372637
924,0.675,0.06958414803997318,0.1364279,0.06958415,7.060137e+07,0.3823541,1.014619e+09,0.0,0.0,133291827.50489122,16382266.846557196,0.1229053,0.09290409149610698,0.13137135707386918,0.016146230927019885
925,0.675,0.06958414803997318,0.1364279,0.06958415,7.060137e+07,0.3823541,1.014619e+09,0.005183548686955765,0.0,14923638.383324144,2146189.044556493,0.1438114,0.0104017409902215,0.015651966008717287,0.002115266724136639
926,0.675,0.06958414803997318,0.1364279,0.06958415,7.060137e+07,0.3823541,1.014619e+09,0.005736155239702393,1.6592532341019496e-06,149755508.79025668,15978508.324363219,0.1066973,0.1043792387810537,0.1486417452081456,0.015748405220729213
927,0.675,0.06958414803997318,0.1364279,0.06958415,7.060137e+07,0.3823541,1.014619e+09,0.09332856033907999,0.00019773320987308724,41748268.247953385,5367816.7162889475,0.1285758,0.0290984451613851,0.05813150776515533,0.005304236238292865
928,0.675,0.06958414803997318,0.1364279,0.06958415,7.060137e+07,0.3823541,1.014619e+09,0.0,0.0,348418499.16904354,45666714.64545928,0.1310686,0.24284687764933885,0.3433984807793139,0.045008748010893426
929,0.675,0.06958414803997318,0.1364279,0.06958415,7.060137e+07,0.3823541,1.014619e+09,0.0,0.0,411422219.4173363,64476689.87759146,0.1567166,0.28676032305789345,0.405494442584751,0.06354770886864289
930,0.675,0.06958414803997318,0.1364279,0.06958415,7.060137e+07,0.3823541,1.014619e+09,0.0,0.0,363342077.7920315,40202780.05909629,0.1106472,0.2532485769867461,0.35810704028217294,0.03962353786703059
931,0.675,0.06958414803997318,0.1364279,0.06958415,7.060137e+07,0.3823541,1.014619e+09,1.77482681095286e-07,0.0,148696919.9906376,20826877.230443545,0.1400626,0.10364140486777078,0.14655452508117395,0.02052680330513012
932,0.675,0.06958414803997318,0.1364279,0.06958415,7.060137e+07,0.3823541,1.014619e+09,0.0,0.0,170615965.59601647,20011315.902827907,0.1172886,0.11891892830299215,0.16815772848485225,0.01972299259601593
933,0.675,0.06958414803997318,0.1364279,0.06958415,7.060137e+07,0.3823541,1.014619e+09,0.0033955820631504925,0.0,209412037.14494765,33558965.14083889,0.1602533,0.1459596992815366,0.20701278349151295,0.03307544712285451
934,0.675,0.06958414803997318,0.1364279,0.06958415,7.060137e+07,0.3823541,1.014619e+09,0.0,0.0,245583654.1012582,36452415.0767619,0.1484318,0.17117123155757127,0.24204528153279367,0.03592720819345396
935,0.675,0.06958414803997318,0.1364279,0.06958415,7.060137e+07,0.3823541,1.014619e+09,0.0,0.0,253244120.0100457,41276370.637734175,0.1629904,0.17651055834913085,0.24959537534644927,0.04068166013827189
936,0.675,0.06958414803997318,0.1364279,0.06958415,7.060137e+07,0.3823541,1.014619e+09,0.05518071442548977,1.496564349875963e-06,71431041.27042672,11197746.525822736,0.156763,0.04978726841753594,0.08044413175960065,0.011036513381469635
937,0.675,0.06958414803997318,0.1364279,0.06958415,7.060137e+07,0.3823541,1.014619e+09,0.017683581833955575,0.0,115967595.69372536,14688171.878824573,0.1266576,0.08082914251076684,0.11751494618572894,0.014476544502209778
938,0.675,0.06958414803997318,0.1364279,0.06958415,7.060137e+07,0.3823541,1.014619e+09,0.0,0.0,455398724.7319501,58589419.29816861,0.1286552,0.3174118442344487,0.4488373338234133,0.057745262162362546
939,0.675,0.06958414803997318,0.1364279,0.06958415,7.060137e+07,0.3823541,1.014619e+09,1.948461418421923e-05,0.0,416532879.8503769,69437592.6169442,0.1667037,0.29032244140651703,0.4105350145348179,0.06843713485506601
940,0.675,0.06958414803997318,0.1364279,0.06958415,7.060137e+07,0.3823541,1.014619e+09,0.0443705078239299,5.1951071916487455e-09,47117108.757516876,7824896.580050916,0.1660734,0.03284051441848332,0.054513178598369336,0.007712155727108288
941,0.675,0.06958414803997318,0.1364279,0.06958415,7.060137e+07,0.3823541,1.014619e+09,8.908396159232001e-06,0.0,249367620.39786088,42059987.819961235,0.1686666,0.17380864720126377,0.24577634962043926,0.041453986953670925
942,0.675,0.06958414803997318,0.1364279,0.06958415,7.060137e+07,0.3823541,1.014619e+09,1.4851023849363582e-05,0.0,282969234.3233553,45299412.299017206,0.160086,0.1972288933857978,0.2788949125351447,0.04464673776156482
943,0.675,0.06958414803997318,0.1364279,0.06958415,7.060137e+07,0.3823541,1.014619e+09,0.00013148675644249335,0.0,175234235.40128827,24934971.228050772,0.1422951,0.12213785153762884,0.17273338730906493,0.02457570782954947
944,0.675,0.06958414803997318,0.1364279,0.06958415,7.060137e+07,0.3823541,1.014619e+09,0.0004961387812315033,0.0,69015538.05748196,8682630.905356025,0.1258069,0.048103668337130964,0.06811145294574218,0.00855753144330084
945,0.675,0.06958414803997318,0.1364279,0.06958415,7.060137e+07,0.3823541,1.014619e+09,0.0,0.0,243349687.57210547,39725603.928479075,0.1632449,0.16961416212046695,0.2398435020232313,0.039153236896476776
946,0.675,0.06958414803997318,0.1364279,0.06958415,7.060137e+07,0.3823541,1.014619e+09,0.005947614344939606,0.0006876495380267853,80019.82575315468,8324.22340675818,0.104027,5.577363108027625e-05,0.0011612658685090766,5.60537951384049e-05
947,0.675,0.06958414803997318,0.1364279,0.06958415,7.060137e+07,0.3823541,1.014619e+09,0.021328773169521753,0.0,110335154.13026507,17267476.267207835,0.1565002,0.07690334393666455,0.11262704077272347,0.017018686238514363
948,0.675,0.06958414803997318,0.1364279,0.06958415,7.060137e+07,0.3823541,1.014619e+09,0.0,0.0,168648371.57439354,20620198.17642203,0.1222674,0.11754751987958119,0.16621848358417332,0.020323102085679483
949,0.675,0.06958414803997318,0.1364279,0.06958415,7.060137e+07,0.3823541,1.014619e+09,7.752177095899339e-05,0.0,239253580.63406107,28737390.79520428,0.1201127,0.16675918518096966,0.2358205199397591,0.028323342084791866
950,0.675,0.06958414803997318,0.1364279,0.06958415,7.060137e+07,0.3823541,1.014619e+09,0.015148588242974406,0.0,32541731.400658034,4220855.5459808195,0.1297059,0.022681510547805577,0.03482974251524391,0.004160041402897861
951,0.675,0.06958414803997318,0.1364279,0.06958415,7.060137e+07,0.3823541,1.014619e+09,0.0,0.0,31115623.807577565,3722212.818785793,0.1196252,0.021687516896499545,0.03066730948415766,0.003668583126776454
952,0.675,0.06958414803997318,0.1364279,0.06958415,7.060137e+07,0.3823541,1.014619e+09,0.0,0.0,285867808.65625185,48988772.94952216,0.1713686,0.1992491929050748,0.28174902145089786,0.04828294205453982
953,0.675,0.06958414803997318,0.1364279,0.06958415,7.060137e+07,0.3823541,1.014619e+09,0.01478290901553138,0.0,116579465.0498736,28114841.240170915,0.2411646,0.08125561401852056,0.11759010986581184,0.02770976223206259
954,0.675,0.06958414803997318,0.1364279,0.06958415,7.060137e+07,0.3823541,1.014619e+09,0.0,0.0,508930027.7458974,60511499.104486756,0.1188994,0.35472303702255187,0.501597357108537,0.05963964861715872
955,0.675,0.06958414803997318,0.1364279,0.06958415,7.060137e+07,0.3823541,1.014619e+09,0.0,0.0,178749600.90401456,20841701.68398053,0.1165972,0.12458805305726482,0.17617417426669463,0.020541414167742536
956,0.675,0.06958414803997318,0.1364279,0.06958415,7.060137e+07,0.3823541,1.014619e+09,2.7508651102473025e-05,0.0,347535043.3339561,60811785.63901443,0.1749803,0.2422311110020347,0.34253276005304756,0.0599356086192861
957,0.675,0.06958414803997318,0.1364279,0.06958415,7.060137e+07,0.3823541,1.014619e+09,0.0012390839654908723,0.0,208920474.44395986,28546753.577358954,0.1366393,0.14561708123057646,0.20613584481416874,0.028135451570527523
958,0.675,0.06958414803997318,0.1364279,0.06958415,7.060137e+07,0.3823541,1.014619e+09,0.0,0.0,70672126.01441666,8115487.957744966,0.1148329,0.04925830626207624,0.06965388107885848,0.007998559898854089
959,0.675,0.06958414803997318,0.1364279,0.06958415,7.060137e+07,0.3823541,1.014619e+09,0.0,0.0,101749220.60464334,12743020.28329199,0.1252395,0.0709189683843481,0.10028321647514347,0.012559418676846327
960,0.675,0.06958414803997318,0.1364279,0.06958415,7.060137e+07,0.3823541,1.014619e+09,0.0,0.0,122971946.2662576,17693749.175876737,0.1438844,0.08571115845009715,0.12120016482196078,0.017438817401421586
961,0.675,0.06958414803997318,0.1364279,0.06958415,7.060137e+07,0.3823541,1.014619e+09,5.652584563942347e-05,0.0,13502796.24936908,2800119.487637061,0.2073733,0.009411417351590005,0.013318534849305891,0.0027597753286589858
962,0.675,0.06958414803997318,0.1364279,0.06958415,7.060137e+07,0.3823541,1.014619e+09,0.0,0.0,355375041.7336876,58510156.233220644,0.1646434,0.24769557151917523,0.3502547933857705,0.05766714112071304
963,0.675,0.06958414803997318,0.1364279,0.06958415,7.060137e+07,0.3823541,1.014619e+09,0.03729168897162016,7.846838679776687e-48,87892871.96572179,11471304.143416237,0.1305146,0.061261125845539124,0.09341317858868699,0.011306025440099765
964,0.675,0.06958414803997318,0.1364279,0.06958415,7.060137e+07,0.3823541,1.014619e+09,3.414716904046548e-07,0.0,241921230.0168918,29826421.61797339,0.1232898,0.16861853055105955,0.23843568784756264,0.029396682136920718
965,0.675,0.06958414803997318,0.1364279,0.06958415,7.060137e+07,0.3823541,1.014619e+09,0.0,0.0,201406293.0106363,30768501.047437754,0.1527683,0.1403797143757014,0.19850442845082678,0.030325188073382338
966,0.675,0.06958414803997318,0.1364279,0.06958415,7.060137e+07,0.3823541,1.014619e+09,0.0,0.0,20581323.419476938,2635880.2643319042,0.1280715,0.014345134205650303,0.020284787436751692,0.0025979024662768943
967,0.675,0.06958414803997318,0.1364279,0.06958415,7.060137e+07,0.3823541,1.014619e+09,0.0,0.0,141341259.3969819,15104505.047197444,0.1068655,0.09851452666676314,0.13930481264374522,0.014886879136731918
968,0.675,0.06958414803997318,0.1364279,0.06958415,7.060137e+07,0.3823541,1.014619e+09,0.023897484571442373,0.0,90271419.52414006,13342437.486485958,0.1478036,0.06291896792131849,0.0933198613298883,0.013150199468970473
969,0.675,0.06958414803997318,0.1364279,0.06958415,7.060137e+07,0.3823541,1.014619e+09,0.0005673908534473802,0.0,213286593.6109453,42200845.51115869,0.1978598,0.14866025606106362,0.2103168162802024,0.04159281516537222
970,0.675,0.06958414803997318,0.1364279,0.06958415,7.060137e+07,0.3823541,1.014619e+09,0.0,0.0,295249478.9696056,43934254.649975106,0.1488038,0.20578819513419608,0.2909955205330692,0.04330124932216404
971,0.675,0.06958414803997318,0.1364279,0.06958415,7.060137e+07,0.3823541,1.014619e+09,0.0007626598487626864,0.0,320100068.4260416,45826994.43246441,0.1431646,0.22310899776561172,0.3156268578861414,0.04516671848458659
972,0.675,0.06958414803997318,0.1364279,0.06958415,7.060137e+07,0.3823541,1.014619e+09,0.002080752743784997,0.0,36340987.41868079,5131565.328482759,0.141206,0.025329583091507242,0.03619605960172344,0.005057629666689486
973,0.675,0.06958414803997318,0.1364279,0.06958415,7.060137e+07,0.3823541,1.014619e+09,0.0,0.0,291158971.3233634,35081734.14715956,0.12049,0.20293712088796695,0.2869639489756295,0.03457627605299303
974,0.675,0.06958414803997318,0.1364279,0.06958415,7.060137e+07,0.3823541,1.014619e+09,0.0,0.0,233903432.27592945,38089946.15599615,0.1628448,0.16303014430962767,0.23053334849953286,0.03754114570302668
975,0.675,0.06958414803997318,0.1364279,0.06958415,7.060137e+07,0.3823541,1.014619e+09,6.373838608193724e-06,0.0,366605756.430068,51095932.949861534,0.1393757,0.2555233533513428,0.3613248557617961,0.050359742065449714
976,0.675,0.06958414803997318,0.1364279,0.06958415,7.060137e+07,0.3823541,1.014619e+09,1.1539657581158413e-06,0.0,449143707.1810099,58469287.986235715,0.1301795,0.31305211165563784,0.44267264865769235,0.05762686170397653
977,0.675,0.06958414803997318,0.1364279,0.06958415,7.060137e+07,0.3823541,1.014619e+09,0.0,0.0,538444556.6155164,68934088.39069225,0.1280245,0.375294594498324,0.5306866402519875,0.06794088512443104
978,0.675,0.06958414803997318,0.1364279,0.06958415,7.060137e+07,0.3823541,1.014619e+09,0.0,0.0,45499300.22625451,6053263.163122915,0.1330408,0.0317129056623796,0.04484374570087665,0.005966047666617355
979,0.675,0.06958414803997318,0.1364279,0.06958415,7.060137e+07,0.3823541,1.014619e+09,1.8487270913682114e-05,0.0,181522706.08058897,25466092.01176349,0.1402915,0.12652090086853324,0.17891068898238563,0.025099176217916463
980,0.675,0.06958414803997318,0.1364279,0.06958415,7.060137e+07,0.3823541,1.014619e+09,0.0,0.0,162178607.87887907,21133032.996002216,0.1303072,0.11303810974110731,0.15984193633039817,0.020828547974329405
981,0.675,0.06958414803997318,0.1364279,0.06958415,7.060137e+07,0.3823541,1.014619e+09,0.006048925021188009,0.0013975993391291946,8272.456039606126,756.3186988302828,0.09142614,5.765882478975601e-06,0.0011089896403701743,9.79961809634502e-05
982,0.675,0.06958414803997318,0.1364279,0.06958415,7.060137e+07,0.3823541,1.014619e+09,1.3890543696073998e-06,0.0,281880122.5067298,30195158.77104828,0.1071206,0.1964697850011704,0.2778190427289648,0.029760106520169013
983,0.675,0.06958414803997318,0.1364279,0.06958415,7.060137e+07,0.3823541,1.014619e+09,0.0,0.0,302465895.00895494,39197072.57010901,0.1295917,0.21081802020707296,0.2981079623537365,0.03863232062497751
984,0.675,0.06958414803997318,0.1364279,0.06958415,7.060137e+07,0.3823541,1.014619e+09,0.0008096982053228158,0.0,202611203.78689206,30220754.02704453,0.1491564,0.14121953436389836,0.19983933483023072,0.029785332999375004
985,0.675,0.06958414803997318,0.1364279,0.06958415,7.060137e+07,0.3823541,1.014619e+09,0.0,0.0,51467209.171634726,6850282.898357144,0.1330999,0.03587252421575035,0.050725668934460594,0.00675158393086082
986,0.675,0.06958414803997318,0.1364279,0.06958415,7.060137e+07,0.3823541,1.014619e+09,0.004180833660411426,0.0,129383418.33468781,19285200.66440305,0.1490547,0.09017993946105836,0.1282801250557632,0.019007339235644762
987,0.675,0.06958414803997318,0.1364279,0.06958415,7.060137e+07,0.3823541,1.014619e+09,0.017743152724148788,0.0,35714473.39362182,5028143.01406226,0.1407873,0.024892904283832132,0.038428953176175035,0.004955697462356533
988,0.675,0.06958414803997318,0.1364279,0.06958415,7.060137e+07,0.3823541,1.014619e+09,0.001780036708799134,0.0,179912930.05669755,21077711.79855315,0.1171551,0.1253988907512486,0.17764468883375348,0.02077402384543209
989,0.675,0.06958414803997318,0.1364279,0.06958415,7.060137e+07,0.3823541,1.014619e+09,0.011752247242878485,0.0,19664016.377689276,2489922.751195061,0.1266233,0.013705773346582354,0.0215194738895424,0.0024540479109388296
990,0.675,0.06958414803997318,0.1364279,0.06958415,7.060137e+07,0.3823541,1.014619e+09,0.0030822156191713575,0.0,186678024.84788284,21650866.57201063,0.1159797,0.1301141459715062,0.18454929397618844,0.02133892059725817
991,0.675,0.06958414803997318,0.1364279,0.06958415,7.060137e+07,0.3823541,1.014619e+09,0.0,0.0,605010549.5801699,70582874.64449337,0.1166639,0.42169093564452403,0.596293549500908,0.06956591564386515
992,0.675,0.06958414803997318,0.1364279,0.06958415,7.060137e+07,0.3823541,1.014619e+09,0.03667505615115914,0.00024358002901477503,71868341.5707664,7001786.422498576,0.09742518,0.050092065702369785,0.07750730959830071,0.00691785389900139
993,0.675,0.06958414803997318,0.1364279,0.06958415,7.060137e+07,0.3823541,1.014619e+09,0.0,0.0,399061535.6746501,66835797.02079926,0.1674824,0.2781449554477313,0.3933118517385266,0.0658728259646216
994,0.675,0.06958414803997318,0.1364279,0.06958415,7.060137e+07,0.3823541,1.014619e+09,0.04125099335792921,1.2002063206194895e-07,60262482.50938358,7945995.867240743,0.1318564,0.042002809126680134,0.06690143705498929,0.007831518204187125
995,0.675,0.06958414803997318,0.1364279,0.06958415,7.060137e+07,0.3823541,1.014619e+09,0.01528112645239064,0.0,128061448.36793995,22221520.946305998,0.1735223,0.08925852949133352,0.1289973305892428,0.021901352975706664
996,0.675,0.06958414803997318,0.1364279,0.06958415,7.060137e+07,0.3823541,1.014619e+09,0.0,0.0,33613395.16457851,3440695.196953778,0.1023608,0.023428457680574666,0.03312909291808509,0.003391121614599925
997,0.675,0.06958414803997318,0.1364279,0.06958415,7.060137e+07,0.3823541,1.014619e+09,0.027711727232315984,0.0,80449128.05785388,12945572.938817753,0.1609163,0.056072853780886306,0.08433323886876908,0.01275905295100585
998,0.675,0.06958414803997318,0.1364279,0.06958415,7.060137e+07,0.3823541,1.014619e+09,0.0016884505811294796,0.0,127949745.78868733,14358747.309159225,0.1122218,0.08918067305529018,0.1264135231727706,0.014151866286144175
999,0.675,0.06958414803997318,0.1364279,0.06958415,7.060137e+07,0.3823541,1.014619e+09,0.004047815177488702,0.0,93064332.64243406,12819777.427277263,0.1377518,0.0648656218215596,0.09246011736627939,0.012635069902875842
1000,0.675,0.06958414803997318,0.1364279,0.06958415,7.060137e+07,0.3823541,1.014619e+09,0.026932290392865994,0.0,86223069.48988593,13265831.409000756,0.1538548,0.06009727743187859,0.08988214053032327,0.013074697132872879
1001,0.675,0.06958414803997318,0.1364279,0.06958415,7.060137e+07,0.3823541,1.014619e+09,0.000750654236816882,0.0,4571601.3645734945,430236.6771883826,0.09411072,0.003186395440804337,0.0046423443060455314,0.000424037821396934
1002,0.675,0.06958414803997318,0.1364279,0.06958415,7.060137e+07,0.3823541,1.014619e+09,0.004131456308400298,0.0,101693423.49863698,13006072.541655768,0.1278949,0.07088007793218257,0.10098010191200898,0.012818680874758103
1003,0.675,0.06958414803997318,0.1364279,0.06958415,7.060137e+07,0.3823541,1.014619e+09,9.30388856830866e-05,0.0,228003132.57107776,31865430.241250876,0.1397587,0.15891764923851104,0.22473499242322867,0.03140631269671971
1004,0.675,0.06958414803997318,0.1364279,0.06958415,7.060137e+07,0.3823541,1.014619e+09,0.0,0.0,499631352.26475763,75275102.78149857,0.1506613,0.34824188199704426,0.4924326570679286,0.07419053809519995
1005,0.675,0.06958414803997318,0.1364279,0.06958415,7.060137e+07,0.3823541,1.014619e+09,0.0,0.0,53602067.80106957,9648936.236547152,0.1800105,0.037360515678940324,0.05282976849224799,0.009509914234373569
1006,0.675,0.06958414803997318,0.1364279,0.06958415,7.060137e+07,0.3823541,1.014619e+09,0.01416077571862044,1.599887522999684e-05,76596085.85460652,8416060.569741933,0.1098759,0.05338729239209285,0.07806959046374091,0.00829591512474524
1007,0.675,0.06958414803997318,0.1364279,0.06958415,7.060137e+07,0.3823541,1.014619e+09,0.0021352101702936215,0.0,159125021.986877,20585952.915073782,0.1293697,0.1109097675282933,0.15722093079949193,0.020289350230514144
1008,0.675,0.06958414803997318,0.1364279,0.06958415,7.060137e+07,0.3823541,1.014619e+09,0.0002727311325520987,1.2219064694531873e-07,1436473.7607399751,213869.9460171816,0.1488854,0.001001218845878952,0.0014654110286883874,0.00021079700751044732
1009,0.675,0.06958414803997318,0.1364279,0.06958415,7.060137e+07,0.3823541,1.014619e+09,0.005648416209452495,0.0,141598784.48053032,18988635.72602461,0.1341017,0.09869402104666912,0.14058657557375573,0.018715047208859588
1010,0.675,0.06958414803997318,0.1364279,0.06958415,7.060137e+07,0.3823541,1.014619e+09,6.44647180244202e-05,0.0,305244203.15285075,45585795.214264005,0.1493421,0.21275449447437492,0.3008579724509903,0.04492899446794363
1011,0.675,0.06958414803997318,0.1364279,0.06958415,7.060137e+07,0.3823541,1.014619e+09,0.0012174171789087515,0.0,301286138.677859,41768778.95183358,0.1386349,0.2099957328082208,0.29716676021243127,0.04116697382680483
1012,0.675,0.06958414803997318,0.1364279,0.06958415,7.060137e+07,0.3823541,1.014619e+09,5.677227660628991e-10,0.0,490894566.51161325,63478978.818809874,0.1293129,0.34215236279555966,0.48382175114392884,0.0625643728441223
1013,0.675,0.06958414803997318,0.1364279,0.06958415,7.060137e+07,0.3823541,1.014619e+09,0.028752444971190873,9.314614861735197e-06,44188205.377266854,6111165.028331306,0.1382986,0.03079907562425552,0.048784162979024936,0.006023763430517924
1014,0.675,0.06958414803997318,0.1364279,0.06958415,7.060137e+07,0.3823541,1.014619e+09,0.003404181726346692,0.0,21532721.97692497,2962596.910665439,0.1375858,0.015008256771264258,0.021842001047924168,0.0029199117748062173
1015,0.675,0.06958414803997318,0.1364279,0.06958415,7.060137e+07,0.3823541,1.014619e+09,0.036191888167933096,0.0,88293599.38477977,14481808.918449268,0.1640188,0.061540431917802216,0.09360798093540176,0.014273154822123876
1016,0.675,0.06958414803997318,0.1364279,0.06958415,7.060137e+07,0.3823541,1.014619e+09,0.0,0.0,24421062.8466915,3691864.6337203165,0.1511754,0.017021423590714523,0.024069203847012912,0.0036386721987667504
1017,0.675,0.06958414803997318,0.1364279,0.06958415,7.060137e+07,0.3823541,1.014619e+09,0.0,0.0,144816542.20782256,23314374.9668513,0.1609925,0.10093679064406018,0.14273002353342917,0.022978461140927088
1018,0.675,0.06958414803997318,0.1364279,0.06958415,7.060137e+07,0.3823541,1.014619e+09,0.0,0.0,35053287.41661586,5080339.321714769,0.1449319,0.02443205920687908,0.034548239183322955,0.005007141724911216
1019,0.675,0.06958414803997318,0.1364279,0.06958415,7.060137e+07,0.3823541,1.014619e+09,0.0009530726032781966,1.1486401289441506e-07,58031665.248050556,6490437.4865837665,0.111843,0.040447934721868084,0.057368992742892165,0.006396931169301079
1020,0.675,0.06958414803997318,0.1364279,0.06958415,7.060137e+07,0.3823541,1.014619e+09,1.9393885853491995e-08,0.0,324724028.6702458,42134752.805912614,0.1297556,0.2263318872228528,0.3200454040574108,0.04152767472470611
1021,0.675,0.06958414803997318,0.1364279,0.06958415,7.060137e+07,0.3823541,1.014619e+09,2.422133623898819e-06,0.0,448379657.13377076,67005482.53606878,0.1494392,0.3125195705627212,0.44191983784603844,0.06604006664872068
1022,0.675,0.06958414803997318,0.1364279,0.06958415,7.060137e+07,0.3823541,1.014619e+09,0.05572549358331974,1.9130004608968535e-81,65396146.123654485,12969446.955253722,0.1983213,0.04558096063872957,0.07459533114702137,0.012782582990294134
1023,0.675,0.06958414803997318,0.1364279,0.06958415,7.060137e+07,0.3823541,1.014619e+09,0.0,0.0,469822499.0343188,65523645.55129657,0.1394647,0.32746518113132095,0.4630532901929802,0.06457957999101745
1024,0.675,0.06958414803997318,0.1364279,0.06958415,7.060137e+07,0.3823541,1.014619e+09,0.011660216728624275,0.0007660441868329558,6091983.239039135,681498.9263403133,0.1118682,0.0042460980453709616,0.008126238266306578,0.0007249844128088084
1025,0.675,0.06958414803997318,0.1364279,0.06958415,7.060137e+07,0.3823541,1.014619e+09,0.0021805068883165037,0.0,94138638.63953899,12949200.358289462,0.1375546,0.06561441058466805,0.0931791156250427,0.01276262810656936
1026,0.675,0.06958414803997318,0.1364279,0.06958415,7.060137e+07,0.3823541,1.014619e+09,1.1457837786653415e-06,0.0,388772311.54496163,41925688.34874912,0.1078412,0.2709733903348331,0.3831710834072993,0.04132162247103383
1027,0.675,0.06958414803997318,0.1364279,0.06958415,7.060137e+07,0.3823541,1.014619e+09,0.00013460451280509163,0.0,145657736.64695194,20433562.93986589,0.1402848,0.10152310119739118,0.14358359454044345,0.020139155892104466
1028,0.675,0.06958414803997318,0.1364279,0.06958415,7.060137e+07,0.3823541,1.014619e+09,0.00030010142498960367,0.0,235059869.9254051,29143691.85322606,0.1239841,0.1638361786420213,0.23172773926661538,0.028723789151742844
1029,0.675,0.06958414803997318,0.1364279,0.06958415,7.060137e+07,0.3823541,1.014619e+09,0.0022908914400288365,0.0,216354097.36493665,28558703.41098125,0.1319998,0.1507982989910775,0.21365378113660904,0.02814722923078738
1030,0.675,0.06958414803997318,0.1364279,0.06958415,7.060137e+07,0.3823541,1.014619e+09,0.05933336369847668,0.038581197684605384,51136.15594941073,6389.255532346,0.1249459,3.564178089544851e-05,0.010848404770213062,0.0026909369702983483
1031,0.675,0.06958414803997318,0.1364279,0.06958415,7.060137e+07,0.3823541,1.014619e+09,0.0,0.0,373220114.06095195,50476891.07583079,0.135247,0.26013354512401593,0.36784275367259334,0.04974961935500832
1032,0.675,0.06958414803997318,0.1364279,0.06958415,7.060137e+07,0.3823541,1.014619e+09,0.0003573596768065765,0.0,234512558.65310404,28616239.971849635,0.1220243,0.16345470396746298,0.23119873402077892,0.02820393680411828
1033,0.675,0.06958414803997318,0.1364279,0.06958415,7.060137e+07,0.3823541,1.014619e+09,1.595246315570164e-06,0.0,24095431.733407296,2867002.7995093474,0.1189853,0.01679445946764085,0.02374855474805976,0.0028256949848804794
1034,0.675,0.06958414803997318,0.1364279,0.06958415,7.060137e+07,0.3823541,1.014619e+09,0.012293400819290999,0.010547607145045322,79632.58477540647,9948.148195936983,0.1249256,5.5503725026010156e-05,0.0023157460291383467,0.0007437510721921685
1035,0.675,0.06958414803997318,0.1364279,0.06958415,7.060137e+07,0.3823541,1.014619e+09,0.10331546311912622,0.007006134559156948,16767440.0126858,1816259.2907556517,0.1083206,0.011686866406245978,0.0353281077065333,0.002277606506987664
1036,0.675,0.06958414803997318,0.1364279,0.06958415,7.060137e+07,0.3823541,1.014619e+09,0.007834519443488314,0.0038557403126239474,27026.95010226966,3376.6786456489767,0.1249375,1.8837720902805082e-05,0.0014524320371755307,0.0002716264321319386
1037,0.675,0.06958414803997318,0.1364279,0.06958415,7.060137e+07,0.3823541,1.014619e+09,0.0,0.0,428147002.5971289,59375714.616718575,0.1386807,0.29841745775154893,0.42197825486510215,0.058520228527460576
1038,0.675,0.06958414803997318,0.1364279,0.06958415,7.060137e+07,0.3823541,1.014619e+09,4.050269055277337e-06,0.0,306266871.7758383,37713355.40094576,0.1231389,0.21346729210869914,0.301854911700044,0.03716998087260505
1039,0.675,0.06958414803997318,0.1364279,0.06958415,7.060137e+07,0.3823541,1.014619e+09,0.00178244759934415,0.0,219363529.3564359,29638738.646316186,0.1351124,0.15289586603868435,0.21652732212683837,0.029211703304025966
1040,0.675,0.06958414803997318,0.1364279,0.06958415,7.060137e+07,0.3823541,1.014619e+09,0.0,0.0,152046390.31198722,23650681.810447022,0.1555491,0.10597597783464485,0.14985570388954253,0.023309922471028352
1041,0.675,0.06958414803997318,0.1364279,0.06958415,7.060137e+07,0.3823541,1.014619e+09,0.0,0.0,154872376.42337465,21451501.38704991,0.1385108,0.107945683533589,0.15264097315529138,0.021142427868545217
1042,0.675,0.06958414803997318,0.1364279,0.06958415,7.060137e+07,0.3823541,1.014619e+09,2.1032019177409354e-06,0.0,89749894.55276416,12153825.047579676,0.1354188,0.06255546623809313,0.08845715963240303,0.011978712573959827
1043,0.675,0.06958414803997318,0.1364279,0.06958415,7.060137e+07,0.3823541,1.014619e+09,0.0,0.0,485533616.44142014,63916292.50091655,0.1316413,0.33841579315621695,0.47853804161063224,0.06299538570485615
1044,0.675,0.06958414803997318,0.1364279,0.06958415,7.060137e+07,0.3823541,1.014619e+09,0.00014188362992567047,0.0,214374075.68179876,22474330.36696316,0.104837,0.14941822851670603,0.21131119236216725,0.02215051991485431
1045,0.675,0.06958414803997318,0.1364279,0.06958415,7.060137e+07,0.3823541,1.014619e+09,0.0,0.0,543544032.3640785,63233834.01218176,0.1163362,0.3788489171480694,0.5357126426858524,0.0623227600871424
1046,0.675,0.06958414803997318,0.1364279,0.06958415,7.060137e+07,0.3823541,1.014619e+09,0.00498960133752069,0.0,240321457.4764771,29507218.794069596,0.1227823,0.1675034928383221,0.23776695407586634,0.029082078391567207
1047,0.675,0.06958414803997318,0.1364279,0.06958415,7.060137e+07,0.3823541,1.014619e+09,0.06613504396417547,0.0012571843642802394,15800202.23391263,2237957.489374269,0.1416411,0.011012703940476376,0.027608387462540507,0.0022931930708933773
1048,0.675,0.06958414803997318,0.1364279,0.06958415,7.060137e+07,0.3823541,1.014619e+09,0.0001005381944577945,0.0,54381803.4068507,7936667.874617358,0.1459434,0.03790398956941275,0.053616566478515405,0.007822316257872618
1049,0.675,0.06958414803997318,0.1364279,0.06958415,7.060137e+07,0.3823541,1.014619e+09,0.0,0.0,91720419.41361305,13703827.129581662,0.1494087,0.06392891744957825,0.09039891038562467,0.013506382205261501
1050,0.675,0.06958414803997318,0.1364279,0.06958415,7.060137e+07,0.3823541,1.014619e+09,0.0,0.0,678240892.6471171,90680823.14762205,0.1337,0.47273231319884795,0.6684687888068349,0.08937429263651958
1051,0.675,0.06958414803997318,0.1364279,0.06958415,7.060137e+07,0.3823541,1.014619e+09,1.3093776431204877e-08,0.0,439234979.45381933,50933536.291326426,0.1159597,0.3061457516438574,0.43290647838606333,0.05019968522013985
1052,0.675,0.06958414803997318,0.1364279,0.06958415,7.060137e+07,0.3823541,1.014619e+09,0.0018621730599751654,0.0,274698682.63669634,37284395.57775066,0.1357283,0.19146433823636486,0.27107971491739796,0.03674720150827201
1053,0.675,0.06958414803997318,0.1364279,0.06958415,7.060137e+07,0.3823541,1.014619e+09,0.0,0.0,174115784.8557887,21997093.38317939,0.126336,0.12135829412771075,0.17160712230198386,0.021680158967907183
1054,0.675,0.06958414803997318,0.1364279,0.06958415,7.060137e+07,0.3823541,1.014619e+09,3.7549973621440166e-05,0.0,250819892.92399362,41530722.049255244,0.1655799,0.17482087774960828,0.24721291022983233,0.04093234685125848
1055,0.675,0.06958414803997318,0.1364279,0.06958415,7.060137e+07,0.3823541,1.014619e+09,0.03543559301557473,0.0,74240402.74426165,9426803.598739536,0.1269767,0.051745386783054036,0.07961962572155569,0.009290982086578432
1056,0.675,0.06958414803997318,0.1364279,0.06958415,7.060137e+07,0.3823541,1.014619e+09,0.0,0.0,392770250.4731873,51434406.23498541,0.1309529,0.2737599444014738,0.38711121145827704,0.05069333862296066
1057,0.675,0.06958414803997318,0.1364279,0.06958415,7.060137e+07,0.3823541,1.014619e+09,0.0,0.0,56414812.91171688,7514362.102989042,0.1331984,0.0393209924313895,0.05560198753377226,0.007406095073442512
1058,0.675,0.06958414803997318,0.1364279,0.06958415,7.060137e+07,0.3823541,1.014619e+09,0.07417937337586138,0.0020265461571320055,20250860.90481998,2037969.0027231951,0.1006362,0.014114802607138783,0.033458898531899345,0.002149621405919244
1059,0.675,0.06958414803997318,0.1364279,0.06958415,7.060137e+07,0.3823541,1.014619e+09,0.00011882396753313901,0.0,233686548.39200032,36925646.39455782,0.1580136,0.16287897675064253,0.23034121410820727,0.0363936211881023
1060,0.675,0.06958414803997318,0.1364279,0.06958415,7.060137e+07,0.3823541,1.014619e+09,0.0,0.0,241603151.68529016,27557253.319872428,0.11406,0.16839683069912403,0.23812213024880108,0.02716020804596727
1061,0.675,0.06958414803997318,0.1364279,0.06958415,7.060137e+07,0.3823541,1.014619e+09,0.043103381905758284,0.02003046489906498,1116835.0151919003,92162.44292620524,0.08252109,0.0007784313890785004,0.008945074737816177,0.0014846374000635674
1062,0.675,0.06958414803997318,0.1364279,0.06958415,7.060137e+07,0.3823541,1.014619e+09,0.0,0.0,136470930.0672475,20664213.31624636,0.1514184,0.09511991853409864,0.1345046550840449,0.02036648305478133
1063,0.675,0.06958414803997318,0.1364279,0.06958415,7.060137e+07,0.3823541,1.014619e+09,0.06711151301105595,0.000136893431245438,20841739.08331053,4072110.4660991747,0.1953825,0.014526643313243022,0.03275499217431657,0.004022965056899368
1064,0.675,0.06958414803997318,0.1364279,0.06958415,7.060137e+07,0.3823541,1.014619e+09,0.0001272526773074115,0.0,85605586.4340506,11470265.00346614,0.1339897,0.059666893188594694,0.08439533855846666,0.011305001272091948
1065,0.675,0.06958414803997318,0.1364279,0.06958415,7.060137e+07,0.3823541,1.014619e+09,3.175881046994962e-05,0.0,279286709.42322254,34944941.29224984,0.1251221,0.1946621821577889,0.2752685225301087,0.03444145411136395
1066,0.675,0.06958414803997318,0.1364279,0.06958415,7.060137e+07,0.3823541,1.014619e+09,0.012732989617662204,0.005115308024288483,217112.6091427401,19683.676086680312,0.09066114,0.00015132697992317247,0.002531245460534051,0.0003753444242508681
1067,0.675,0.06958414803997318,0.1364279,0.06958415,7.060137e+07,0.3823541,1.014619e+09,1.5822113239560015e-07,0.0,342387507.1109099,36222164.96103671,0.1057929,0.23864329031416948,0.33745441212977556,0.03570027552447151
1068,0.675,0.06958414803997318,0.1364279,0.06958415,7.060137e+07,0.3823541,1.014619e+09,0.0,0.0,548711803.8590903,76248504.68639927,0.1389591,0.38245084177308764,0.54080595686014,0.07514991521245346
1069,0.675,0.06958414803997318,0.1364279,0.06958415,7.060137e+07,0.3823541,1.014619e+09,0.0,0.0,304968551.59606665,43053274.866624914,0.1411728,0.2125623659850902,0.300574560631314,0.04243296270729929
1070,0.675,0.06958414803997318,0.1364279,0.06958415,7.060137e+07,0.3823541,1.014619e+09,0.0,0.0,469013702.80132526,62638005.8885025,0.1335526,0.32690145205176446,0.46225614710691443,0.06173551666302737
1071,0.675,0.06958414803997318,0.1364279,0.06958415,7.060137e+07,0.3823541,1.014619e+09,0.0,0.0,85477140.93506531,9427214.335463969,0.1102893,0.05957736697672281,0.08424558514678511,0.009291386905402653
1072,0.675,0.06958414803997318,0.1364279,0.06958415,7.060137e+07,0.3823541,1.014619e+09,0.0,0.0,639923336.4782586,99184065.63176817,0.1549937,0.4460250663191529,0.6307033124990513,0.09775502028937934
1073,0.675,0.06958414803997318,0.1364279,0.06958415,7.060137e+07,0.3823541,1.014619e+09,0.018426979884919977,4.1025860801280944e-05,38031695.36412638,4349680.1995922085,0.1143699,0.026508002568508625,0.04083723743975732,0.004289864698750815
1074,0.675,0.06958414803997318,0.1364279,0.06958415,7.060137e+07,0.3823541,1.014619e+09,0.03169526413287774,3.7538293894637006e-05,59508064.24830275,6782086.236547984,0.1139692,0.04147698136615059,0.06441885313385338,0.0066869819176654174
1075,0.675,0.06958414803997318,0.1364279,0.06958415,7.060137e+07,0.3823541,1.014619e+09,0.022135424156599998,3.416219811095929e-05,38661779.42151489,4349017.268806212,0.1124888,0.026947169680353593,0.042133138418323925,0.004288733717359697
1076,0.675,0.06958414803997318,0.1364279,0.06958415,7.060137e+07,0.3823541,1.014619e+09,0.018892222940281447,0.0,41913693.47518403,6400591.785484715,0.1527088,0.02921374615720824,0.04474797267769711,0.006308371973549022
1077,0.675,0.06958414803997318,0.1364279,0.06958415,7.060137e+07,0.3823541,1.014619e+09,0.05943774422494424,6.112252645916679e-06,19776820.105521362,3854268.5356872883,0.1948882,0.013784397280605837,0.03030887688472401,0.0037991614990379825
1078,0.675,0.06958414803997318,0.1364279,0.06958415,7.060137e+07,0.3823541,1.014619e+09,0.0,0.0,119675971.61515683,16697859.19370286,0.1395256,0.08341387184005739,0.11795167861765624,0.016457276215412618
1079,0.675,0.06958414803997318,0.1364279,0.06958415,7.060137e+07,0.3823541,1.014619e+09,0.005575071016599449,0.0,94408697.21983567,10739148.693468424,0.1137517,0.06580264078244422,0.09406305571979325,0.010584418895653938
1080,0.675,0.06958414803997318,0.1364279,0.06958415,7.060137e+07,0.3823541,1.014619e+09,0.00015240221794487305,0.0,119719003.9793508,15825763.278770935,0.1321909,0.0834438652970848,0.11802182646189036,0.015597745470071308
1081,0.675,0.06958414803997318,0.1364279,0.06958415,7.060137e+07,0.3823541,1.014619e+09,0.020448645538172255,0.0,68439343.77057089,8387303.6064004265,0.1225509,0.04770206226905634,0.07117469247054607,0.008266459224013176
1082,0.675,0.06958414803997318,0.1364279,0.06958415,7.060137e+07,0.3823541,1.014619e+09,0.0,0.0,317918873.2358262,50675235.94429672,0.1593968,0.22158870982811454,0.31333829386391504,0.049945106467960174
1083,0.675,0.06958414803997318,0.1364279,0.06958415,7.060137e+07,0.3823541,1.014619e+09,1.753312567392983e-05,0.0,434102266.1670162,50191000.605431855,0.1156202,0.30256826250782654,0.4278509057497616,0.04946784799832544
1084,0.675,0.06958414803997318,0.1364279,0.06958415,7.060137e+07,0.3823541,1.014619e+09,0.0,0.0,398965419.67794305,47993342.955404036,0.1202945,0.2780779628232061,0.39321712058238395,0.04730185422907255
1085,0.675,0.06958414803997318,0.1364279,0.06958415,7.060137e+07,0.3823541,1.014619e+09,0.04456300288371389,0.0031099213612569955,4442519.78952821,576973.9620716255,0.1298754,0.003096425885408837,0.012488477615776766,0.000785062141914043
1086,0.675,0.06958414803997318,0.1364279,0.06958415,7.060137e+07,0.3823541,1.014619e+09,0.00013276987827782298,0.0,63702265.14851342,6021995.849121272,0.09453346,0.04440032956746419,0.06280860468713882,0.005935230852493474
1087,0.675,0.06958414803997318,0.1364279,0.06958415,7.060137e+07,0.3823541,1.014619e+09,8.540076017437868e-06,0.0,267010383.68415752,35708751.26930686,0.1337354,0.1861056118785176,0.2631648487075323,0.03519425910406959
1088,0.675,0.06958414803997318,0.1364279,0.06958415,7.060137e+07,0.3823541,1.014619e+09,0.018054709837994964,1.2282642026275355e-05,93186656.99932143,10131332.258847268,0.1087208,0.06495088161172978,0.09512977668618382,0.00998621456552227
1089,0.675,0.06958414803997318,0.1364279,0.06958415,7.060137e+07,0.3823541,1.014619e+09,0.0,0.0,432051212.00197464,62827738.24411672,0.1454173,0.30113868255998244,0.4258262123686957,0.06192251535232772
1090,0.675,0.06958414803997318,0.1364279,0.06958415,7.060137e+07,0.3823541,1.014619e+09,7.071734220191273e-09,0.0,207417873.24717596,21660781.755442467,0.1044306,0.1445697717166976,0.20442939504600002,0.021348692922594687
1091,0.675,0.06958414803997318,0.1364279,0.06958415,7.060137e+07,0.3823541,1.014619e+09,0.03150005035894916,0.0012761615958715243,12011843.510132924,1600076.9726998238,0.1332083,0.008372226785332039,0.017571431865492773,0.001665823659715558
1092,0.675,0.06958414803997318,0.1364279,0.06958415,7.060137e+07,0.3823541,1.014619e+09,0.0002081021206225733,0.0,194878653.1613806,23957434.56578371,0.1229351,0.13582996469366157,0.19210871117093767,0.023612255528568958
1093,0.675,0.06958414803997318,0.1364279,0.06958415,7.060137e+07,0.3823541,1.014619e+09,0.0,0.0,187124629.30659756,27976971.1208564,0.1495098,0.13042542823292977,0.18442853514819094,0.027573878547268643
1094,0.675,0.06958414803997318,0.1364279,0.06958415,7.060137e+07,0.3823541,1.014619e+09,8.993227454738008e-05,0.0,362216833.70590514,52276453.15974212,0.1443236,0.2524642844949269,0.3570143753911472,0.05152325332437855
1095,0.675,0.06958414803997318,0.1364279,0.06958415,7.060137e+07,0.3823541,1.014619e+09,0.007643927145961058,0.0,206591683.88265663,23761862.80227873,0.1150185,0.14399391966521607,0.2050062169774258,0.023419501565644745
1096,0.675,0.06958414803997318,0.1364279,0.06958415,7.060137e+07,0.3823541,1.014619e+09,2.9506296930155784e-06,0.0,95464513.82565002,13584383.468963612,0.1422977,0.06653854248313991,0.09408959681680844,0.013388659490501003
1097,0.675,0.06958414803997318,0.1364279,0.06958415,7.060137e+07,0.3823541,1.014619e+09,1.0507416756677746e-05,0.0,181658002.53178722,19498486.03077187,0.1073362,0.1266152021780472,0.17904258383673166,0.019217551583606163
1098,0.675,0.06958414803997318,0.1364279,0.06958415,7.060137e+07,0.3823541,1.014619e+09,0.0,0.0,395437766.3601055,56181957.60881907,0.1420753,0.2756191967252254,0.38974029374066743,0.05537248721318876
1099,0.675,0.06958414803997318,0.1364279,0.06958415,7.060137e+07,0.3823541,1.014619e+09,1.0426086423829253e-07,0.0,504210728.09612405,81474295.8901339,0.1615878,0.3514336962229893,0.49694607216545716,0.08030041314672565
1100,0.675,0.06958414803997318,0.1364279,0.06958415,7.060137e+07,0.3823541,1.014619e+09,0.018212111500687304,0.006822459238576376,111466.42184942818,13921.375587326947,0.124893,7.769183488659818e-05,0.003424260031401064,0.0004884558098757031
1101,0.675,0.06958414803997318,0.1364279,0.06958415,7.060137e+07,0.3823541,1.014619e+09,0.0002611140959701268,0.0,193034054.05110267,35528448.90164102,0.1840528,0.13454428343530678,0.19030033665302504,0.03501655453532531
1102,0.675,0.06958414803997318,0.1364279,0.06958415,7.060137e+07,0.3823541,1.014619e+09,0.0001633745739148653,0.0,255870021.2851353,39790095.58249621,0.155509,0.17834080538593222,0.25221317493728784,0.03921679935388144
1103,0.675,0.06958414803997318,0.1364279,0.06958415,7.060137e+07,0.3823541,1.014619e+09,0.0,0.0,311579408.83003265,34567488.771854155,0.1109428,0.21717011798931224,0.3070901685459541,0.03406943993192362
1104,0.675,0.06958414803997318,0.1364279,0.06958415,7.060137e+07,0.3823541,1.014619e+09,0.0,0.0,239081450.8328492,29276110.052212946,0.1224525,0.16663921111278904,0.23563676209592355,0.028854299467550065
1105,0.675,0.06958414803997318,0.1364279,0.06958415,7.060137e+07,0.3823541,1.014619e+09,0.0022105855332633082,0.0,79951186.76604822,11208859.377339717,0.1401963,0.055725789867069796,0.07920155072298826,0.011047361981718256
1106,0.675,0.06958414803997318,0.1364279,0.06958415,7.060137e+07,0.3823541,1.014619e+09,0.036737495014071794,0.0,76233446.23661391,10713336.462239575,0.1405333,0.053134533427940576,0.08182088494916054,0.0105589785673974
1107,0.675,0.06958414803997318,0.1364279,0.06958415,7.060137e+07,0.3823541,1.014619e+09,0.013803228526729829,3.992777643751595e-06,80466952.27519551,10983880.851474296,0.1365018,0.05608527721861502,0.08181961581855264,0.010825902783489116
1108,0.675,0.06958414803997318,0.1364279,0.06958415,7.060137e+07,0.3823541,1.014619e+09,0.0,0.0,275230943.6409206,40570906.51379022,0.1474068,0.19183532290933322,0.27126541252878034,0.039986360350848356
1109,0.675,0.06958414803997318,0.1364279,0.06958415,7.060137e+07,0.3823541,1.014619e+09,4.7169687431975745e-05,0.0,249310193.20638835,30756066.533749815,0.1233647,0.17376862058334727,0.24572671296572676,0.030312932716333698
1110,0.675,0.06958414803997318,0.1364279,0.06958415,7.060137e+07,0.3823541,1.014619e+09,0.0,0.0,540436303.7400832,65225085.38261346,0.1206897,0.37668283757790116,0.5326496902573805,0.06428532148123248
1111,0.675,0.06958414803997318,0.1364279,0.06958415,7.060137e+07,0.3823541,1.014619e+09,0.0,0.0,382989219.52454764,56231872.21283903,0.1468236,0.26694258874517646,0.3774711057341871,0.05542168264692732
1112,0.675,0.06958414803997318,0.1364279,0.06958415,7.060137e+07,0.3823541,1.014619e+09,0.03587050742499683,1.3212017387118705e-05,30032104.573848464,4558535.686133279,0.1517888,0.020932306529048726,0.0361274308364557,0.004493775590054502
1113,0.675,0.06958414803997318,0.1364279,0.06958415,7.060137e+07,0.3823541,1.014619e+09,0.00015104617471287096,0.0,191539898.31482115,31835076.167726047,0.166206,0.13350286038761214,0.18880767760786052,0.031376395965091654
1114,0.675,0.06958414803997318,0.1364279,0.06958415,7.060137e+07,0.3823541,1.014619e+09,0.0,0.0,471475401.9852935,71018008.44771338,0.1506293,0.3286172506157453,0.46468237809616003,0.06999478003343643
1115,0.675,0.06958414803997318,0.1364279,0.06958415,7.060137e+07,0.3823541,1.014619e+09,4.811058919506214e-18,0.0,265307855.02164707,41288819.91410834,0.1556261,0.18491895338941547,0.26148529590287245,0.040693930045305776
1116,0.675,0.06958414803997318,0.1364279,0.06958415,7.060137e+07,0.3823541,1.014619e+09,3.6689552149827864e-06,0.0,450290052.47672457,76097719.04337685,0.1689971,0.31385111164110435,0.4438029350948919,0.0750013020909897
1117,0.675,0.06958414803997318,0.1364279,0.06958415,7.060137e+07,0.3823541,1.014619e+09,0.009904229823022553,0.0,91401892.24322587,17980459.739662353,0.1967187,0.06370690475806076,0.09188743107966306,0.01772139703557469
1118,0.675,0.06958414803997318,0.1364279,0.06958415,7.060137e+07,0.3823541,1.014619e+09,0.0,0.0,90145791.47846305,9622192.044551406,0.1067403,0.06283140546780178,0.08884696971079606,0.00948355537305331
1119,0.675,0.06958414803997318,0.1364279,0.06958415,7.060137e+07,0.3823541,1.014619e+09,1.719811008391175e-10,7.143681552228471e-19,624278320.0108396,66866433.62511502,0.10711,0.4351205264943549,0.6152837096691584,0.06590302115633317
1120,0.675,0.06958414803997318,0.1364279,0.06958415,7.060137e+07,0.3823541,1.014619e+09,5.407585955329572e-07,0.0,477952400.1336068,89686712.90558115,0.1876478,0.33313170315087115,0.4710661539806286,0.08839450554812399
1121,0.675,0.06958414803997318,0.1364279,0.06958415,7.060137e+07,0.3823541,1.014619e+09,0.042465530712190204,0.016229972574894183,989929.0827466281,90112.45151017206,0.0910292,0.0006899782514781348,0.008703915518899017,0.0012181629244413551
1122,0.675,0.06958414803997318,0.1364279,0.06958415,7.060137e+07,0.3823541,1.014619e+09,0.0,0.0,185281071.2376405,24219465.824797336,0.1307174,0.12914047257793668,0.18261153908851516,0.02387051143770286
1123,0.675,0.06958414803997318,0.1364279,0.06958415,7.060137e+07,0.3823541,1.014619e+09,0.0,0.0,509331125.0944379,67087186.856767274,0.1317163,0.3550026009347976,0.5019926754411225,0.06612059377247526
1124,0.675,0.06958414803997318,0.1364279,0.06958415,7.060137e+07,0.3823541,1.014619e+09,1.0233985404754288e-07,0.0,280288493.3666348,27868350.648233823,0.09942738,0.19536042321937752,0.2762501116351978,0.027466823079866417
1125,0.675,0.06958414803997318,0.1364279,0.06958415,7.060137e+07,0.3823541,1.014619e+09,0.028075089736719197,0.000881811568863073,3596059.370877893,590181.4467150737,0.1641189,0.002506444956688835,0.008653598114144637,0.0006430382112990881
1126,0.675,0.06958414803997318,0.1364279,0.06958415,7.060137e+07,0.3823541,1.014619e+09,0.0023989348021344866,0.0,220867079.7491983,32400447.132387504,0.1466966,0.15394383713993645,0.21812140308807526,0.031933621057342806
1127,0.675,0.06958414803997318,0.1364279,0.06958415,7.060137e+07,0.3823541,1.014619e+09,2.6631663439521646e-05,0.0,282725386.45258605,41666864.31804149,0.1473757,0.19705893199115604,0.278656721971765,0.04106652758041765
1128,0.675,0.06958414803997318,0.1364279,0.06958415,7.060137e+07,0.3823541,1.014619e+09,0.0,0.0,457052948.57681215,56039244.13133561,0.12261,0.31856483437881794,0.45046772358902365,0.05523182995339506
1129,0.675,0.06958414803997318,0.1364279,0.06958415,7.060137e+07,0.3823541,1.014619e+09,0.00013026361631711527,0.0,181988332.00704163,24294419.406659175,0.1334944,0.12684544104840684,0.1793899482029538,0.023944385087356104
1130,0.675,0.06958414803997318,0.1364279,0.06958415,7.060137e+07,0.3823541,1.014619e+09,0.07447627545958477,0.026140321746622754,1333114.3418212538,138525.4467068389,0.1039112,0.0009291775730420486,0.014867751956609384,0.0019554815884499795
1131,0.675,0.06958414803997318,0.1364279,0.06958415,7.060137e+07,0.3823541,1.014619e+09,8.888535305338537e-05,0.0,101583732.75213502,9841661.876583407,0.09688226,0.07080362373885313,0.10013628910915646,0.009699863080814013
1132,0.675,0.06958414803997318,0.1364279,0.06958415,7.060137e+07,0.3823541,1.014619e+09,0.0,0.0,68910403.50651553,9688428.134866182,0.1405946,0.04803038980141557,0.0679175414923819,0.00954883713289414
1133,0.675,0.06958414803997318,0.1364279,0.06958415,7.060137e+07,0.3823541,1.014619e+09,0.0,0.0,59646699.22932067,7348295.765439414,0.123197,0.04157360962312739,0.058787308790144856,0.007242421421902389
1134,0.675,0.06958414803997318,0.1364279,0.06958415,7.060137e+07,0.3823541,1.014619e+09,0.00019135939317153485,0.0,288471660.69828117,44225075.28239139,0.1533082,0.2010640716780899,0.28435018241692245,0.04358787980702408
1135,0.675,0.06958414803997318,0.1364279,0.06958415,7.060137e+07,0.3823541,1.014619e+09,0.0023717203667543408,0.0,110825350.41429892,14558061.470244078,0.1313604,0.07724500959820904,0.10966020373782726,0.014348308726133949
1136,0.675,0.06958414803997318,0.1364279,0.06958415,7.060137e+07,0.3823541,1.014619e+09,0.014883121736176988,0.0,48436441.77269914,7511159.751355107,0.1550725,0.03376008643914475,0.05044712976711004,0.007402938861333691
1137,0.675,0.06958414803997318,0.1364279,0.06958415,7.060137e+07,0.3823541,1.014619e+09,0.0,0.0,132634691.56915729,21085160.377962366,0.1589717,0.09244606928843214,0.13072368916147445,0.02078136510560969
1138,0.675,0.06958414803997318,0.1364279,0.06958415,7.060137e+07,0.3823541,1.014619e+09,5.084069646407871e-08,0.0,582161720.7347842,70849729.25891958,0.1217011,0.4057653554693051,0.5737739361391457,0.06982892541344242
1139,0.675,0.06958414803997318,0.1364279,0.06958415,7.060137e+07,0.3823541,1.014619e+09,0.0,0.0,71705311.40809543,10680411.635189738,0.1489487,0.04997843406093361,0.07067218032358524,0.010526528121695463
1140,0.675,0.06958414803997318,0.1364279,0.06958415,7.060137e+07,0.3823541,1.014619e+09,0.003010609352695234,0.0,38476360.71578589,5905887.897611855,0.1534939,0.026817933276857626,0.038469889864620514,0.0058207957859002174
1141,0.675,0.06958414803997318,0.1364279,0.06958415,7.060137e+07,0.3823541,1.014619e+09,0.0,0.0,592187789.3262084,83480623.91604275,0.1409699,0.4127535017885513,0.5836555397479545,0.08227783397163937
1142,0.675,0.06958414803997318,0.1364279,0.06958415,7.060137e+07,0.3823541,1.014619e+09,3.185448246382283e-06,0.0,420166250.6593602,59362601.62911907,0.1412836,0.29285489234815243,0.4141130694236305,0.05850730447196155
1143,0.675,0.06958414803997318,0.1364279,0.06958415,7.060137e+07,0.3823541,1.014619e+09,0.0,0.0,288350287.82652175,33429900.139751222,0.115935,0.20097947507082478,0.28419573302812495,0.03294824169202639
1144,0.675,0.06958414803997318,0.1364279,0.06958415,7.060137e+07,0.3823541,1.014619e+09,0.0,0.0,495593680.57986146,70847944.31606917,0.1429557,0.3454276342920897,0.4884531602105982,0.06982716618807244
1145,0.675,0.06958414803997318,0.1364279,0.06958415,7.060137e+07,0.3823541,1.014619e+09,0.030147807711491066,6.012702770787933e-07,90919759.53004947,10391853.850295654,0.114297,0.06337085938651266,0.09509634861257298,0.010242169720100268
1146,0.675,0.06958414803997318,0.1364279,0.06958415,7.060137e+07,0.3823541,1.014619e+09,6.962063850216018e-06,0.0,269996781.1783096,40685938.66540254,0.1506905,0.1881871239354385,0.2661079309662202,0.0400997351176838
1147,0.675,0.06958414803997318,0.1364279,0.06958415,7.060137e+07,0.3823541,1.014619e+09,0.05555024636243813,0.006088554199147847,5109097.697437924,515889.44571584207,0.1009747,0.003561029125569643,0.0151450062950496,0.0009321233604343203
1148,0.675,0.06958414803997318,0.1364279,0.06958415,7.060137e+07,0.3823541,1.014619e+09,0.0001426222112783129,0.0,223834903.51698655,31476515.675439563,0.1406238,0.1560124033530961,0.2206358428770465,0.031023001617167197
1149,0.675,0.06958414803997318,0.1364279,0.06958415,7.060137e+07,0.3823541,1.014619e+09,0.0,0.0,153262704.4624034,25049573.433031097,0.1634421,0.10682374594791591,0.1510544933694336,0.024688658844429737
1150,0.675,0.06958414803997318,0.1364279,0.06958415,7.060137e+07,0.3823541,1.014619e+09,0.009644522656005492,0.0,146268745.34297252,21379359.861983165,0.1461649,0.10194897282705226,0.14591649804139153,0.0210713257595352
1151,0.675,0.06958414803997318,0.1364279,0.06958415,7.060137e+07,0.3823541,1.014619e+09,0.03282062494398438,9.54735274784019e-05,43502828.04249436,4292255.62127365,0.09866613,0.03032136922761447,0.04884902360550992,0.004237056189022162
1152,0.675,0.06958414803997318,0.1364279,0.06958415,7.060137e+07,0.3823541,1.014619e+09,0.0,0.0,121492512.86540006,19257248.27004162,0.1585056,0.08467999683570168,0.11974204711730306,0.018979789579754637
1153,0.675,0.06958414803997318,0.1364279,0.06958415,7.060137e+07,0.3823541,1.014619e+09,0.0,0.0,782692732.5494082,98559015.51359576,0.125923,0.5455350009019861,0.7714156852046877,0.09713897590165814
1154,0.675,0.06958414803997318,0.1364279,0.06958415,7.060137e+07,0.3823541,1.014619e+09,1.590943263508399e-11,0.0,60947003.08891581,9017903.121710561,0.147963,0.04247991836692592,0.0600688778572586,0.008887973053084029
1155,0.675,0.06958414803997318,0.1364279,0.06958415,7.060137e+07,0.3823541,1.014619e+09,0.001539984165327658,0.0,286510284.55978507,30030395.240304194,0.1048144,0.19969699710465114,0.28266250036425755,0.029597716904576576
1156,0.675,0.06958414803997318,0.1364279,0.06958415,7.060137e+07,0.3823541,1.014619e+09,0.0,0.0,297422917.04515904,47389818.349072345,0.1593348,0.20730307638094714,0.2931376436838002,0.04670702521332995
1157,0.675,0.06958414803997318,0.1364279,0.06958415,7.060137e+07,0.3823541,1.014619e+09,0.0,0.0,170050016.78504887,19124150.002277836,0.1124619,0.11852446330764713,0.16759993387191224,0.018848608993610544
1158,0.675,0.06958414803997318,0.1364279,0.06958415,7.060137e+07,0.3823541,1.014619e+09,0.0,0.0,325617778.7479602,45713293.81072507,0.1403894,0.2269548289331507,0.32092627344259866,0.04505465606292393
1159,0.675,0.06958414803997318,0.1364279,0.06958415,7.060137e+07,0.3823541,1.014619e+09,4.4001607149218706e-05,0.0,284746105.9734462,48787163.90697543,0.1713357,0.19846736876307344,0.2806514880733244,0.04808423779777092
1160,0.675,0.06958414803997318,0.1364279,0.06958415,7.060137e+07,0.3823541,1.014619e+09,0.0,0.0,28697599.29096544,4062107.411157456,0.1415487,0.020002159473345306,0.028284123897077577,0.004003580513321375
1161,0.675,0.06958414803997318,0.1364279,0.06958415,7.060137e+07,0.3823541,1.014619e+09,3.842822929210282e-08,0.0,488931352.98792875,54936628.0836904,0.1123606,0.34078400756894917,0.48188683051710224,0.05414510041249157
1162,0.675,0.06958414803997318,0.1364279,0.06958415,7.060137e+07,0.3823541,1.014619e+09,0.00018236707610297425,0.0,197927305.69992623,28943756.567943648,0.1462343,0.13795486837067425,0.19510875519410478,0.028526734536721245
1163,0.675,0.06958414803997318,0.1364279,0.06958415,7.060137e+07,0.3823541,1.014619e+09,0.07801594423230893,0.00013596760300116806,23499938.040329117,3802043.4400519063,0.1617895,0.016379401758682213,0.03735937569983378,0.003756724737200969
1164,0.675,0.06958414803997318,0.1364279,0.06958415,7.060137e+07,0.3823541,1.014619e+09,0.009540479211185258,0.0,131719819.49511848,18904917.97907974,0.1435237,0.09180840559618053,0.13155825857379638,0.018632535668330886
1165,0.675,0.06958414803997318,0.1364279,0.06958415,7.060137e+07,0.3823541,1.014619e+09,3.3775870545823793e-07,0.0,430348468.19664335,67956220.78009264,0.1579098,0.2999518741168382,0.4241480631871431,0.06697710664342597
1166,0.675,0.06958414803997318,0.1364279,0.06958415,7.060137e+07,0.3823541,1.014619e+09,0.0008072231204707085,0.0,7735265.271576636,1137815.9072222915,0.1470946,0.005391461772184373,0.007770721002305355,0.00112142224043363
1167,0.675,0.06958414803997318,0.1364279,0.06958415,7.060137e+07,0.3823541,1.014619e+09,0.08569291919510094,0.0012154437326035445,18871211.954521004,2594357.42061553,0.137477,0.01315319052100859,0.03419446352807708,0.0026415535008711345
1168,0.675,0.06958414803997318,0.1364279,0.06958415,7.060137e+07,0.3823541,1.014619e+09,4.488242787303592e-08,0.0,462707619.7677344,60750603.114518225,0.1312937,0.32250612695118186,0.45604093036999716,0.05987530761342003
1169,0.675,0.06958414803997318,0.1364279,0.06958415,7.060137e+07,0.3823541,1.014619e+09,0.07801269008235959,0.00025229097391805846,37480713.769502684,4649292.76412128,0.1240449,0.026123969687890252,0.05113812400684562,0.004599861144355133
1170,0.675,0.06958414803997318,0.1364279,0.06958415,7.060137e+07,0.3823541,1.014619e+09,0.04581901076165607,1.2852655518387935e-06,65254172.25483024,9896924.619470328,0.1516673,0.045482005184774084,0.07265253429846256,0.009754419031471725
1171,0.675,0.06958414803997318,0.1364279,0.06958415,7.060137e+07,0.3823541,1.014619e+09,0.00028494686981590036,0.0,203722076.2055516,35266274.195045345,0.1731097,0.14199380983716292,0.2008387029385157,0.03475815724540404
1172,0.675,0.06958414803997318,0.1364279,0.06958415,7.060137e+07,0.3823541,1.014619e+09,0.0,0.0,109687589.76828049,14459139.30561755,0.1318211,0.07645199309346881,0.10810720950984096,0.014250811833376629
1173,0.675,0.06958414803997318,0.1364279,0.06958415,7.060137e+07,0.3823541,1.014619e+09,0.0,0.0,372224889.4529566,54489363.18980683,0.1463883,0.25943987590384576,0.3668618682740429,0.05370427971717303
1174,0.675,0.06958414803997318,0.1364279,0.06958415,7.060137e+07,0.3823541,1.014619e+09,0.0,0.0,598909411.4215224,98853907.61584179,0.1650565,0.41743845664163404,0.5902803166223409,0.09742961919455624
1175,0.675,0.06958414803997318,0.1364279,0.06958415,7.060137e+07,0.3823541,1.014619e+09,0.0,0.0,220477255.23024336,33447080.20550723,0.1517031,0.15367213036350197,0.21730061599204967,0.03296517422716552
1176,0.675,0.06958414803997318,0.1364279,0.06958415,7.060137e+07,0.3823541,1.014619e+09,0.0,0.0,829752750.6725116,99075611.8124214,0.1194038,0.5783357232820346,0.8177976619581094,0.0976481290741103
1177,0.675,0.06958414803997318,0.1364279,0.06958415,7.060137e+07,0.3823541,1.014619e+09,1.447361909580043e-05,0.0,281479992.38479525,43160767.63388086,0.1533351,0.196190895243603,0.2774270589309029,0.04253890671732887
1178,0.675,0.06958414803997318,0.1364279,0.06958415,7.060137e+07,0.3823541,1.014619e+09,0.04868650897740307,0.0,61411120.2087817,7208470.112631957,0.1173805,0.04280340691214335,0.06938670544697337,0.007104610378968183
1179,0.675,0.06958414803997318,0.1364279,0.06958415,7.060137e+07,0.3823541,1.014619e+09,3.123725448500155e-05,0.0,272005925.44170904,44561235.5768238,0.1638245,0.18958749278002418,0.26809254526411985,0.043919196699444336
1180,0.675,0.06958414803997318,0.1364279,0.06958415,7.060137e+07,0.3823541,1.014619e+09,0.0,0.0,175477692.92907575,21312118.652727094,0.121452,0.12230754086412678,0.17294940798556044,0.021005053362520208
1181,0.675,0.06958414803997318,0.1364279,0.06958415,7.060137e+07,0.3823541,1.014619e+09,0.0,0.0,633391894.2069511,78272053.73108567,0.123576,0.4414726663578513,0.624265975335227,0.07714430893547619
1182,0.675,0.06958414803997318,0.1364279,0.06958415,7.060137e+07,0.3823541,1.014619e+09,0.0,0.0,279566961.53227115,36162525.701212846,0.1293519,0.19485751722122385,0.27553895701643766,0.03564149554789977
1183,0.675,0.06958414803997318,0.1364279,0.06958415,7.060137e+07,0.3823541,1.014619e+09,0.0029447488962016824,0.0,141993150.55565318,24112093.476794858,0.1698117,0.09896889327711274,0.14048322255091833,0.023764686111924536
1184,0.675,0.06958414803997318,0.1364279,0.06958415,7.060137e+07,0.3823541,1.014619e+09,0.0,0.0,507115389.73715,55448066.07728226,0.1093401,0.3534582385817713,0.4998088644284571,0.05464916960064067
1185,0.675,0.06958414803997318,0.1364279,0.06958415,7.060137e+07,0.3823541,1.014619e+09,2.8579443296900632e-08,0.0,485849909.94675785,50727434.20398845,0.1044097,0.338636248988428,0.47884978315605786,0.04999655265442907
1186,0.675,0.06958414803997318,0.1364279,0.06958415,7.060137e+07,0.3823541,1.014619e+09,0.00015740236616456032,0.0,507529982.49043745,78212152.50347412,0.1541035,0.3537472087595087,0.5002461291855185,0.07708527076555215
1187,0.675,0.06958414803997318,0.1364279,0.06958415,7.060137e+07,0.3823541,1.014619e+09,0.0,0.0,113934544.56103298,15097215.74146748,0.1325078,0.07941211063429275,0.1122929741212144,0.014879694855416271
1188,0.675,0.06958414803997318,0.1364279,0.06958415,7.060137e+07,0.3823541,1.014619e+09,0.05465910864454601,8.246608614801932e-05,95725750.2052469,10225309.052292217,0.1068188,0.06672062362769686,0.10429387581344284,0.010083720995237773
1189,0.675,0.06958414803997318,0.1364279,0.06958415,7.060137e+07,0.3823541,1.014619e+09,0.0,0.0,360931378.7955582,45267616.302229784,0.1254189,0.2515683254339664,0.3557310746690397,0.0446153998819238
1190,0.675,0.06958414803997318,0.1364279,0.06958415,7.060137e+07,0.3823541,1.014619e+09,1.2499918447048247e-06,0.0,419189566.89604205,52417969.24851493,0.125046,0.29217414605328496,0.4131501055017057,0.05166273044745414
1191,0.675,0.06958414803997318,0.1364279,0.06958415,7.060137e+07,0.3823541,1.014619e+09,0.0,0.0,429769561.41768897,72956506.87112631,0.1697573,0.2995483774481642,0.42357743583650365,0.07190534854567299
1192,0.675,0.06958414803997318,0.1364279,0.06958415,7.060137e+07,0.3823541,1.014619e+09,0.0,0.0,454061214.9279304,56290521.88576208,0.1239712,0.31647960303455197,0.44751909487851455,0.05547948729457953
1193,0.675,0.06958414803997318,0.1364279,0.06958415,7.060137e+07,0.3823541,1.014619e+09,1.7061984936296743e-06,0.0,66097939.90374245,9528383.992705062,0.1441555,0.046070109259295215,0.06514591041171364,0.009391098908870929
1194,0.675,0.06958414803997318,0.1364279,0.06958415,7.060137e+07,0.3823541,1.014619e+09,0.049267399492102605,8.647033142439084e-05,31697194.75264395,4498771.19780843,0.1419296,0.022092870482712038,0.04020661417111692,0.004439969806644818
1195,0.675,0.06958414803997318,0.1364279,0.06958415,7.060137e+07,0.3823541,1.014619e+09,0.0,0.0,447721656.08730185,66744545.074684195,0.149076,0.3120609453748909,0.441270876486337,0.06578288877776498
1196,0.675,0.06958414803997318,0.1364279,0.06958415,7.060137e+07,0.3823541,1.014619e+09,1.6532705230159847e-05,0.0,345087635.3659783,50357914.50827766,0.1459279,0.24052527338211785,0.3401186168729642,0.049632357003429634
1197,0.675,0.06958414803997318,0.1364279,0.06958415,7.060137e+07,0.3823541,1.014619e+09,0.001540522837141752,0.0,238794230.6669463,29856116.2723085,0.1250286,0.1664390193300513,0.23563403804544955,0.029425948950279546
1198,0.675,0.06958414803997318,0.1364279,0.06958415,7.060137e+07,0.3823541,1.014619e+09,0.06481116352316604,1.4284728117293603e-05,55120683.67206383,8180405.662091646,0.148409,0.03841898738322477,0.06612140751689428,0.008063536258685484
1199,0.675,0.06958414803997318,0.1364279,0.06958415,7.060137e+07,0.3823541,1.014619e+09,0.04271890733736322,1.546003764781301e-66,72124289.50614107,11395124.11067319,0.1579929,0.05027046081369359,0.07885948282544597,0.011230943010285988
1200,0.675,0.06958414803997318,0.1364279,0.06958415,7.060137e+07,0.3823541,1.014619e+09,0.00015913182233739365,8.093438718989745e-07,6096412.851803313,558442.0547469519,0.09160174,0.00424918547508994,0.0060375358572949895,0.0005504523316670433
1201,0.675,0.06958414803997318,0.1364279,0.06958415,7.060137e+07,0.3823541,1.014619e+09,0.00016065583475068933,0.0,324032548.0291848,51967067.61762423,0.1603761,0.22584992683602742,0.3193931203056127,0.05121832541328385
1202,0.675,0.06958414803997318,0.1364279,0.06958415,7.060137e+07,0.3823541,1.014619e+09,0.026739952730849573,0.02302837679003615,6558.126444752389,1121.066352613664,0.1709431,4.570998767677313e-06,0.004872834521238675,0.0016035148936917895
1204,0.675,0.06958414803997318,0.1364279,0.06958415,7.060137e+07,0.3823541,1.014619e+09,0.003645423415792116,0.0,69014076.53963089,7735492.151136017,0.1120857,0.0481026496626128,0.06868314689622229,0.00762403907690223
1205,0.675,0.06958414803997318,0.1364279,0.06958415,7.060137e+07,0.3823541,1.014619e+09,1.0797891255727792e-06,0.0,352414519.9091309,41623432.49104321,0.1181093,0.24563209474334105,0.34733712330869043,0.041023721519762864
1206,0.675,0.06958414803997318,0.1364279,0.06958415,7.060137e+07,0.3823541,1.014619e+09,0.02110703032752071,0.0,68493289.77853024,8155078.157896702,0.1190639,0.04773966251021983,0.07134767985621232,0.008037579682873245
1207,0.675,0.06958414803997318,0.1364279,0.06958415,7.060137e+07,0.3823541,1.014619e+09,2.926367934075406e-10,0.0,648735859.7983272,83842316.78163908,0.1292395,0.45216737442734645,0.6393888649186753,0.0826343155615972
1208,0.675,0.06958414803997318,0.1364279,0.06958415,7.060137e+07,0.3823541,1.014619e+09,0.00011047405301589132,0.0,424928831.6473949,56600280.076993965,0.1331994,0.296174400139084,0.4188265564014999,0.05578478248565481
1209,0.675,0.06958414803997318,0.1364279,0.06958415,7.060137e+07,0.3823541,1.014619e+09,0.007505497968104647,0.0,201963372.49421695,23186951.078251004,0.1148077,0.1407679974706367,0.2004193978066336,0.0228528731774157
1210,0.675,0.06958414803997318,0.1364279,0.06958415,7.060137e+07,0.3823541,1.014619e+09,0.008289186571015366,0.002565722822157669,84399.64441151028,8772.531240421582,0.1039404,5.882635442415337e-05,0.001591722412445577,0.000187179773179695
1211,0.675,0.06958414803997318,0.1364279,0.06958415,7.060137e+07,0.3823541,1.014619e+09,0.007044027584350792,3.366932387267667e-07,154188356.76725513,17225474.510269456,0.1117171,0.10746892343578832,0.15324874272069702,0.01697731307196312
1212,0.675,0.06958414803997318,0.1364279,0.06958415,7.060137e+07,0.3823541,1.014619e+09,6.083378617702075e-05,0.0,275239335.282867,28871105.48869152,0.1048945,0.19184117186411004,0.27128475432925103,0.028455130215189358
1213,0.675,0.06958414803997318,0.1364279,0.06958415,7.060137e+07,0.3823541,1.014619e+09,0.023986870874201604,0.0,38309588.56409751,4888563.331960667,0.1276068,0.026701693477843007,0.04212296442690239,0.004818128846178975
1214,0.675,0.06958414803997318,0.1364279,0.06958415,7.060137e+07,0.3823541,1.014619e+09,7.557868250488402e-05,0.0,80135360.54695624,9628969.19260983,0.1201588,0.05585415856088213,0.07899452367269323,0.009490234875871988
1215,0.675,0.06958414803997318,0.1364279,0.06958415,7.060137e+07,0.3823541,1.014619e+09,0.0,0.0,74120029.83270581,9371948.873983342,0.1264429,0.05166148714570811,0.07305210745288129,0.0092369177094292
1216,0.675,0.06958414803997318,0.1364279,0.06958415,7.060137e+07,0.3823541,1.014619e+09,0.0,0.0,442904953.8690397,54973399.663504116,0.1241201,0.3087037152132855,0.43652357337797054,0.05418134218689219
1217,0.675,0.06958414803997318,0.1364279,0.06958415,7.060137e+07,0.3823541,1.014619e+09,0.0,0.0,384670851.3127961,55956706.271449775,0.1454665,0.268114682161875,0.3791285085491695,0.05515048130009689
1218,0.675,0.06958414803997318,0.1364279,0.06958415,7.060137e+07,0.3823541,1.014619e+09,0.06812132261122078,0.0005023574471739709,31069789.358191848,3745311.63160554,0.1205451,0.021655570392658204,0.043019450562872596,0.0037263052465657076
1219,0.675,0.06958414803997318,0.1364279,0.06958415,7.060137e+07,0.3823541,1.014619e+09,2.2428824394652044e-05,0.0,382513095.6390346,58200653.49284733,0.1521534,0.2666107315124323,0.37700592364195307,0.05736209769995695
1220,0.675,0.06958414803997318,0.1364279,0.06958415,7.060137e+07,0.3823541,1.014619e+09,3.1512471844787355e-05,0.0,349871659.41148907,47877242.054566205,0.1368423,0.24385972693387364,0.34483643878530484,0.04718742611156471
1221,0.675,0.06958414803997318,0.1364279,0.06958415,7.060137e+07,0.3823541,1.014619e+09,0.0057073967544145395,0.0,161649511.53614378,24378373.936805524,0.1508101,0.1126693308297826,0.1603591452824812,0.024027129999510753
1222,0.675,0.06958414803997318,0.1364279,0.06958415,7.060137e+07,0.3823541,1.014619e+09,0.00125438290927966,0.0,653604779.0880566,87941542.9831352,0.1345485,0.4555609997654309,0.644415916293298,0.08667448005723025
1223,0.675,0.06958414803997318,0.1364279,0.06958415,7.060137e+07,0.3823541,1.014619e+09,0.002869116842986255,0.0,170692747.72754657,23379887.65362792,0.1369706,0.1189724452687842,0.16875555135972217,0.0230430299200376
1224,0.675,0.06958414803997318,0.1364279,0.06958415,7.060137e+07,0.3823541,1.014619e+09,0.102822982764288,0.0025613541018999863,19033098.61581016,2317154.8233937845,0.1217434,0.01326602514466063,0.03747149678032275,0.002461998868758315
1225,0.675,0.06958414803997318,0.1364279,0.06958415,7.060137e+07,0.3823541,1.014619e+09,0.008334890152432056,0.0,145133283.89121866,21790282.5297379,0.1501398,0.10115755885532791,0.14455905793584384,0.02147632784800438
1226,0.675,0.06958414803997318,0.1364279,0.06958415,7.060137e+07,0.3823541,1.014619e+09,0.0,0.0,65921135.611850955,9516320.802502936,0.1443592,0.04594687708206223,0.06497134300947023,0.009379209525274358
1227,0.675,0.06958414803997318,0.1364279,0.06958415,7.060137e+07,0.3823541,1.014619e+09,0.0,0.0,26784075.888665758,3005082.153976639,0.1121966,0.018668438144926518,0.02639817056551648,0.0029617848901643293
1228,0.675,0.06958414803997318,0.1364279,0.06958415,7.060137e+07,0.3823541,1.014619e+09,0.0012738222107643918,0.0,308077031.58591527,49499407.316790946,0.1606722,0.2147289692554979,0.30387007492666357,0.048786219195024634
1229,0.675,0.06958414803997318,0.1364279,0.06958415,7.060137e+07,0.3823541,1.014619e+09,0.00744464888607921,0.0,31121962.864874728,3707231.3565233126,0.1191195,0.021691935204584584,0.03202839964001288,0.003653817517622353
1230,0.675,0.06958414803997318,0.1364279,0.06958415,7.060137e+07,0.3823541,1.014619e+09,4.122183083660804e-06,0.0,195974610.27447605,24785092.652079765,0.1264709,0.1365938442338914,0.1931517556630729,0.024427988706102927
1231,0.675,0.06958414803997318,0.1364279,0.06958415,7.060137e+07,0.3823541,1.014619e+09,0.007429029541798366,0.0,108116204.24989747,13401397.22338703,0.1239536,0.07535674106858262,0.10791046442165188,0.013208309713194772
1232,0.675,0.06958414803997318,0.1364279,0.06958415,7.060137e+07,0.3823541,1.014619e+09,6.966790165522269e-05,0.0,196433326.47876915,24311249.83199943,0.1237634,0.1369135683536078,0.1936157912623227,0.023960973019703256
1233,0.675,0.06958414803997318,0.1364279,0.06958415,7.060137e+07,0.3823541,1.014619e+09,0.0008085483648627967,0.0,120854843.88588399,15805981.375627654,0.1307848,0.08423554305090368,0.11926071239662558,0.015578248584852735
1234,0.675,0.06958414803997318,0.1364279,0.06958415,7.060137e+07,0.3823541,1.014619e+09,0.0,0.0,273774579.93723094,41357328.869797654,0.1510634,0.19082024081981633,0.26983003213278556,0.04076145192304647
1235,0.675,0.06958414803997318,0.1364279,0.06958415,7.060137e+07,0.3823541,1.014619e+09,0.00019490530758523367,0.0,235020061.2333024,23952440.528902818,0.1019166,0.1638084320768891,0.2316693596275422,0.023607333445838152
1236,0.675,0.06958414803997318,0.1364279,0.06958415,7.060137e+07,0.3823541,1.014619e+09,0.0,0.0,236071846.78480294,29535914.518364,0.1251141,0.164541524142172,0.23267052046319975,0.0291103606674827
1237,0.675,0.06958414803997318,0.1364279,0.06958415,7.060137e+07,0.3823541,1.014619e+09,0.0003402207519934122,0.0,188867258.0261915,18335597.480906982,0.09708193,0.13164003636787305,0.18620797240326406,0.018071417947500015
1238,0.675,0.06958414803997318,0.1364279,0.06958415,7.060137e+07,0.3823541,1.014619e+09,0.030236178318583887,0.00020243939932941432,66609380.141251415,6894240.7789743515,0.1035026,0.04642658190664173,0.07115231595206588,0.006808995038879027
1239,0.675,0.06958414803997318,0.1364279,0.06958415,7.060137e+07,0.3823541,1.014619e+09,0.0,0.0,35620266.590030566,3738775.485086168,0.104962,0.024827242362435813,0.03510704931323416,0.0036849071579595515
1240,0.675,0.06958414803997318,0.1364279,0.06958415,7.060137e+07,0.3823541,1.014619e+09,0.013365578955359447,0.0,150970309.2810059,20048223.368056472,0.1327958,0.10522595187708307,0.15122751221139974,0.019759368297992522
1241,0.675,0.06958414803997318,0.1364279,0.06958415,7.060137e+07,0.3823541,1.014619e+09,0.037781788153384496,0.0009481899332087868,34009572.55130758,3080371.728132263,0.09057367,0.023704592390964285,0.04039542301511622,0.0031019686798123155
1242,0.675,0.06958414803997318,0.1364279,0.06958415,7.060137e+07,0.3823541,1.014619e+09,0.0,0.0,464466235.3890758,54211567.03224144,0.116718,0.32373187791918917,0.4577741996658796,0.053430486050356274
1243,0.675,0.06958414803997318,0.1364279,0.06958415,7.060137e+07,0.3823541,1.014619e+09,0.0,0.0,640005304.0962142,75803833.9101045,0.1184425,0.446082197556835,0.6307840991264726,0.07471165125864285
1244,0.675,0.06958414803997318,0.1364279,0.06958415,7.060137e+07,0.3823541,1.014619e+09,0.0,0.0,248271117.75598174,27960752.621559028,0.1126219,0.17304438742874978,0.2446940241752845,0.02755789372432577
1245,0.675,0.06958414803997318,0.1364279,0.06958415,7.060137e+07,0.3823541,1.014619e+09,0.004629000682621822,0.0,135897561.86698774,16481135.16084165,0.1212762,0.09472028224179904,0.13478197408243212,0.01624367474531158
1246,0.675,0.06958414803997318,0.1364279,0.06958415,7.060137e+07,0.3823541,1.014619e+09,0.0,0.0,229247481.5293266,31808113.103309143,0.1387501,0.1597849575471618,0.22594448075347492,0.031349821384867006
1247,0.675,0.06958414803997318,0.1364279,0.06958415,7.060137e+07,0.3823541,1.014619e+09,0.03313423346054578,0.019281685423661262,12414.354875023842,1551.6009872969296,0.1249844,8.652776263661282e-06,0.006042293604763229,0.0013432288984797861
1248,0.675,0.06958414803997318,0.1364279,0.06958415,7.060137e+07,0.3823541,1.014619e+09,0.0019671432685610005,0.0,176654335.68023282,26355934.850888345,0.149195,0.12312765810505602,0.17446709561969853,0.02597619818952989
1249,0.675,0.06958414803997318,0.1364279,0.06958415,7.060137e+07,0.3823541,1.014619e+09,0.0,0.0,430649421.9490332,62951034.25896226,0.146177,0.3001616381771824,0.42444461932556027,0.06204403491654454
1250,0.675,0.06958414803997318,0.1364279,0.06958415,7.060137e+07,0.3823541,1.014619e+09,0.003798026595458093,0.0,130856480.83688238,18080834.88034414,0.138173,0.09120666057401142,0.12966229707004492,0.017820325969888858
1251,0.675,0.06958414803997318,0.1364279,0.06958415,7.060137e+07,0.3823541,1.014619e+09,0.005321043862893514,0.001687887808423327,14963.199150283892,1870.4818086732348,0.1250055,1.0429314752109861e-05,0.0009831177925301855,0.00011929376701798519
1252,0.675,0.06958414803997318,0.1364279,0.06958415,7.060137e+07,0.3823541,1.014619e+09,0.0,0.0,455255572.8463874,59597717.147212565,0.1309105,0.3173120677055863,0.44869624447212975,0.05873903244253
1253,0.675,0.06958414803997318,0.1364279,0.06958415,7.060137e+07,0.3823541,1.014619e+09,2.1136721972205197e-05,0.0,148577771.88789466,21224355.05222561,0.1428501,0.10355835891929797,0.14644090801189066,0.020918554261146974
1254,0.675,0.06958414803997318,0.1364279,0.06958415,7.060137e+07,0.3823541,1.014619e+09,0.04090755154254619,0.0,75574242.80217808,8755866.5259086,0.1158578,0.05267507017851423,0.08193008275028722,0.008629711884054312
1255,0.675,0.06958414803997318,0.1364279,0.06958415,7.060137e+07,0.3823541,1.014619e+09,0.0,0.0,86820341.1875679,11374878.190023225,0.1310163,0.06051357440588058,0.08556943255210898,0.011210988793131165
1256,0.675,0.06958414803997318,0.1364279,0.06958415,7.060137e+07,0.3823541,1.014619e+09,0.0,0.0,580208340.3355798,88697066.74071012,0.1528711,0.40440385390742023,0.5718486908183882,0.08741911821841478
1257,0.675,0.06958414803997318,0.1364279,0.06958415,7.060137e+07,0.3823541,1.014619e+09,7.012740421399521e-08,0.0,464051396.5617997,70537011.61663744,0.1520026,0.3234427362284581,0.45736535060436717,0.06952071341112713
1258,0.675,0.06958414803997318,0.1364279,0.06958415,7.060137e+07,0.3823541,1.014619e+09,0.0,0.0,321201786.0500393,46561277.924477115,0.1449596,0.2238768923684447,0.3165739064264522,0.04589042241023881
1259,0.675,0.06958414803997318,0.1364279,0.06958415,7.060137e+07,0.3823541,1.014619e+09,0.0,0.0,269045038.9399002,39375727.7253748,0.1463537,0.18752376182499964,0.2651686344253152,0.038808401714380006
1260,0.675,0.06958414803997318,0.1364279,0.06958415,7.060137e+07,0.3823541,1.014619e+09,6.91300617833611e-05,0.0,393219380.18893415,59328142.41485879,0.150878,0.27407298676113256,0.387566451001418,0.05847334174652059
1261,0.675,0.06958414803997318,0.1364279,0.06958415,7.060137e+07,0.3823541,1.014619e+09,0.0008741396565883846,0.0,192207548.26778895,25307583.999395464,0.131668,0.13396821084066685,0.18959730293872024,0.02494295199110777
1262,0.675,0.06958414803997318,0.1364279,0.06958415,7.060137e+07,0.3823541,1.014619e+09,0.06313464564352275,7.229229370273115e-14,51653307.30604363,10818100.199837532,0.2094367,0.03600223417944445,0.06239888174304903,0.010662232867669784
1263,0.675,0.06958414803997318,0.1364279,0.06958415,7.060137e+07,0.3823541,1.014619e+09,0.00838081934318049,0.0,149767875.39675727,17371574.91243918,0.11599,0.10438785827681224,0.1491352327816165,0.017121285029074805
1264,0.675,0.06958414803997318,0.1364279,0.06958415,7.060137e+07,0.3823541,1.014619e+09,0.006382798639412628,0.0,5638673.079806692,1154908.8723540474,0.2048193,0.003930141926396598,0.006719028623078819,0.001138268929895463
1265,0.675,0.06958414803997318,0.1364279,0.06958415,7.060137e+07,0.3823541,1.014619e+09,6.483365074603768e-07,0.0,312541884.4662013,53159893.13689886,0.1700889,0.2178409612528432,0.30803889481025953,0.05239396468654462
1266,0.675,0.06958414803997318,0.1364279,0.06958415,7.060137e+07,0.3823541,1.014619e+09,0.0,0.0,358956692.8287963,41837896.06515689,0.1165542,0.2501919739414085,0.3537848400040621,0.0412350950998362
1267,0.675,0.06958414803997318,0.1364279,0.06958415,7.060137e+07,0.3823541,1.014619e+09,0.014787470759721979,0.0,110786844.34009752,14448659.131897273,0.1304185,0.07721817095470232,0.11188177949876844,0.014240482658139292
1268,0.675,0.06958414803997318,0.1364279,0.06958415,7.060137e+07,0.3823541,1.014619e+09,0.006133616580450881,0.0,249940804.13356042,29324996.322245453,0.1173278,0.17420815492219704,0.24745590297521466,0.028902481383550987
1269,0.675,0.06958414803997318,0.1364279,0.06958415,7.060137e+07,0.3823541,1.014619e+09,0.0004344734785841357,0.0,157953262.25308722,15685111.621749708,0.09930223,0.11009305373902918,0.15575653883116136,0.015459120324003078
1270,0.675,0.06958414803997318,0.1364279,0.06958415,7.060137e+07,0.3823541,1.014619e+09,2.3286437396637495e-09,0.0,211790448.06105554,27576549.220090754,0.1302068,0.14761744611794575,0.2087389688803691,0.02717922593059752
1271,0.675,0.06958414803997318,0.1364279,0.06958415,7.060137e+07,0.3823541,1.014619e+09,0.0,0.0,385447111.1387304,42354000.61964872,0.1098828,0.2686557334419372,0.37989358401316353,0.04174376361301348
1272,0.675,0.06958414803997318,0.1364279,0.06958415,7.060137e+07,0.3823541,1.014619e+09,0.0,0.0,5027796.477198627,1082676.8588829937,0.2153382,0.0035043623655345636,0.004955355918400658,0.0010670776362392775
1273,0.675,0.06958414803997318,0.1364279,0.06958415,7.060137e+07,0.3823541,1.014619e+09,9.391244892032319e-05,0.0,429227271.71473515,52673120.9798961,0.1227162,0.2991704027956764,0.4230600504611167,0.0519142059492816
1274,0.675,0.06958414803997318,0.1364279,0.06958415,7.060137e+07,0.3823541,1.014619e+09,1.7002175024125632e-05,0.0,300002281.07792807,42389838.834615245,0.1412984,0.20910088706887808,0.2956829384099116,0.0417790854705001
1275,0.675,0.06958414803997318,0.1364279,0.06958415,7.060137e+07,0.3823541,1.014619e+09,0.0017463036480228863,0.0,228530350.41998926,39499708.52891257,0.1728423,0.15928511884404148,0.22555548971712758,0.03893059620084443
1276,0.675,0.06958414803997318,0.1364279,0.06958415,7.060137e+07,0.3823541,1.014619e+09,1.2318614503066634e-05,0.0,271129941.6268565,44993127.665541425,0.1659467,0.18897693411331837,0.2672257396559093,0.04434486608117909
1277,0.675,0.06958414803997318,0.1364279,0.06958415,7.060137e+07,0.3823541,1.014619e+09,0.007609810660323723,0.0,137019189.93030784,14283526.54663689,0.1042447,0.09550205437419379,0.13642991563022414,0.014077729305372958
1278,0.675,0.06958414803997318,0.1364279,0.06958415,7.060137e+07,0.3823541,1.014619e+09,0.0,0.0,46864999.23768694,6140606.803075374,0.1310276,0.032664794673801595,0.04618976770271121,0.006052132858238761
1279,0.675,0.06958414803997318,0.1364279,0.06958415,7.060137e+07,0.3823541,1.014619e+09,0.0,0.0,423981917.75405383,58441066.494338125,0.1378386,0.295514403373846,0.41787318062007767,0.05759904682771115
1280,0.675,0.06958414803997318,0.1364279,0.06958415,7.060137e+07,0.3823541,1.014619e+09,0.0005176567770058175,0.0,179815478.34618717,28351461.052031484,0.1576697,0.12533096713733177,0.17731890224825672,0.027942972822513425
1281,0.675,0.06958414803997318,0.1364279,0.06958415,7.060137e+07,0.3823541,1.014619e+09,3.228248414563509e-06,0.0,296333784.7992266,42759313.17176695,0.1442944,0.20654395375714069,0.2920647911747456,0.04214323641646719
1282,0.675,0.06958414803997318,0.1364279,0.06958415,7.060137e+07,0.3823541,1.014619e+09,2.1305197565871703e-06,0.0,153030911.0739764,15152296.538743768,0.09901461,0.1066621864992256,0.15082642739389523,0.014933982047829709
1283,0.675,0.06958414803997318,0.1364279,0.06958415,7.060137e+07,0.3823541,1.014619e+09,0.0,0.0,110898888.41339591,11886391.01241562,0.1071822,0.07729626541129553,0.10930105574789867,0.011715131731946436
1284,0.675,0.06958414803997318,0.1364279,0.06958415,7.060137e+07,0.3823541,1.014619e+09,0.0,0.0,208808397.38198134,30876870.92705086,0.1478718,0.14553896378095046,0.20579988320352222,0.03043199655832252
1285,0.675,0.06958414803997318,0.1364279,0.06958415,7.060137e+07,0.3823541,1.014619e+09,0.019880874439597407,0.01713056313744165,351253.4298944954,36526.462749783925,0.1039889,0.00024482281772333057,0.003964288285789885,0.001228015830350461
1286,0.675,0.06958414803997318,0.1364279,0.06958415,7.060137e+07,0.3823541,1.014619e+09,0.0025673168913034404,0.0,195355546.51792607,32999297.020230684,0.1689192,0.13616235824591263,0.19300808401624148,0.03252384270800332
1287,0.675,0.06958414803997318,0.1364279,0.06958415,7.060137e+07,0.3823541,1.014619e+09,0.0,0.0,298981549.4786408,36127255.99314118,0.1208344,0.20838943953553496,0.29467381932036224,0.03560673400625309
1288,0.675,0.06958414803997318,0.1364279,0.06958415,7.060137e+07,0.3823541,1.014619e+09,0.0,0.0,326965937.5814364,47579584.9653972,0.1455185,0.22789449248163013,0.32225500798559525,0.04689405766971216
1289,0.675,0.06958414803997318,0.1364279,0.06958415,7.060137e+07,0.3823541,1.014619e+09,2.091871812188645e-06,0.0,93259113.29192372,14053434.961324811,0.1506924,0.06500138347792367,0.09191581543914551,0.013850952882695307
1290,0.675,0.06958414803997318,0.1364279,0.06958415,7.060137e+07,0.3823541,1.014619e+09,0.0,0.0,193917598.45826024,35550316.09100543,0.1833269,0.13516011181713633,0.1911236311095852,0.035038106661933285
1291,0.675,0.06958414803997318,0.1364279,0.06958415,7.060137e+07,0.3823541,1.014619e+09,0.07109766865880214,8.221351883152093e-05,16086948.131594667,2937252.266054992,0.182586,0.011212565159375245,0.028794143844263365,0.002900653053839097
1292,0.675,0.06958414803997318,0.1364279,0.06958415,7.060137e+07,0.3823541,1.014619e+09,2.333310812817154e-09,0.0,511053629.2487003,72565448.55808477,0.1419918,0.3562031822948524,0.5036903621571597,0.07151992460602898
1293,0.675,0.06958414803997318,0.1364279,0.06958415,7.060137e+07,0.3823541,1.014619e+09,0.0,0.0,449583226.4407724,66078383.98715355,0.146977,0.31335845554999087,0.44310562530929043,0.06512632574808115
1294,0.675,0.06958414803997318,0.1364279,0.06958415,7.060137e+07,0.3823541,1.014619e+09,0.0,0.0,482176210.33243245,78649047.30922544,0.1631127,0.336075688963951,0.4752290090537065,0.07751587078510674
1295,0.675,0.06958414803997318,0.1364279,0.06958415,7.060137e+07,0.3823541,1.014619e+09,0.009596543742754749,3.5016229682766503e-07,62079650.65262675,10787488.085627759,0.1737685,0.04326937106527671,0.0629316693288197,0.01063208617895049
1296,0.675,0.06958414803997318,0.1364279,0.06958415,7.060137e+07,0.3823541,1.014619e+09,0.0,0.0,104072830.4938652,17771690.12132781,0.1707621,0.072538519033405,0.1025733477620458,0.017515635372689572
1297,0.675,0.06958414803997318,0.1364279,0.06958415,7.060137e+07,0.3823541,1.014619e+09,0.0005819382223188939,0.0,229688254.4774293,41310144.056096286,0.1798531,0.16009217525935077,0.22648480925549727,0.04071494694877114
1298,0.675,0.06958414803997318,0.1364279,0.06958415,7.060137e+07,0.3823541,1.014619e+09,0.0006770375075703728,0.0,304468560.3007294,36473156.17920328,0.1197928,0.2122138732236149,0.30020498643483906,0.03594765045781433
1299,0.675,0.06958414803997318,0.1364279,0.06958415,7.060137e+07,0.3823541,1.014619e+09,0.012030432200950913,0.0,114747312.16390191,15144969.718574025,0.1319854,0.07997860774934833,0.11528343481610588,0.014926760792582833
1300,0.675,0.06958414803997318,0.1364279,0.06958415,7.060137e+07,0.3823541,1.014619e+09,4.704440397625987e-07,0.0,40588415.8711933,4306891.808044758,0.1061114,0.02829003077207423,0.04000370304872433,0.004244838053348826
1301,0.675,0.06958414803997318,0.1364279,0.06958415,7.060137e+07,0.3823541,1.014619e+09,4.096898013257811e-06,0.0,363520296.7726195,51121294.36662463,0.1406284,0.25337279519868616,0.35828343707070426,0.050384738074581346
1302,0.675,0.06958414803997318,0.1364279,0.06958415,7.060137e+07,0.3823541,1.014619e+09,4.3378911053045705e-05,0.0,70299521.59511176,10288253.483076375,0.1463488,0.04899860185475474,0.06929453962330842,0.010140020189475666
1303,0.675,0.06958414803997318,0.1364279,0.06958415,7.060137e+07,0.3823541,1.014619e+09,0.0,0.0,393364681.13160187,58680620.83359692,0.1491761,0.27417426117776234,0.38769707755182553,0.05783514966485026
1304,0.675,0.06958414803997318,0.1364279,0.06958415,7.060137e+07,0.3823541,1.014619e+09,0.0,0.0,595775886.4157267,84430046.6321671,0.1417144,0.4152543970537865,0.5871919394866821,0.08321357739258871
1305,0.675,0.06958414803997318,0.1364279,0.06958415,7.060137e+07,0.3823541,1.014619e+09,2.365882878608599e-05,0.0,356110937.7263782,39029196.14641446,0.1095984,0.2482084893020306,0.35098439222012245,0.03846686296703782
1306,0.675,0.06958414803997318,0.1364279,0.06958415,7.060137e+07,0.3823541,1.014619e+09,0.0,0.0,142469364.1961447,26099461.97846223,0.1831935,0.09930081306886661,0.140416663693894,0.02572342058167531
1307,0.675,0.06958414803997318,0.1364279,0.06958415,7.060137e+07,0.3823541,1.014619e+09,0.002155820470159523,0.0,89364322.52807592,14964963.704186881,0.1674602,0.06228672344019983,0.08846909527321219,0.014749348307255255
1308,0.675,0.06958414803997318,0.1364279,0.06958415,7.060137e+07,0.3823541,1.014619e+09,1.0510071242582468e-06,0.0,256892473.6252602,35270333.17759662,0.1372961,0.17905345227160785,0.25319135470553106,0.034762157746080505
1309,0.675,0.06958414803997318,0.1364279,0.06958415,7.060137e+07,0.3823541,1.014619e+09,0.010053075531725747,1.5175052101142767e-09,185126017.78488415,25293396.322540358,0.136628,0.12903240068462324,0.18428826641488277,0.0249289688360846
1310,0.675,0.06958414803997318,0.1364279,0.06958415,7.060137e+07,0.3823541,1.014619e+09,0.015271783220564945,0.009091005368059495,16762.397174894635,2094.875699609383,0.1249747,1.1683351560119849e-05,0.0027958138010019855,0.0006346545560657917
1311,0.675,0.06958414803997318,0.1364279,0.06958415,7.060137e+07,0.3823541,1.014619e+09,0.014281133447677877,3.7627991816067916e-06,132496989.27542008,14608215.072401745,0.1102532,0.09235009111230491,0.13318697667548643,0.014398001545697143
1312,0.675,0.06958414803997318,0.1364279,0.06958415,7.060137e+07,0.3823541,1.014619e+09,0.0,0.0,90998219.55292524,13367723.835754111,0.1469009,0.06342554583864168,0.08968711599017583,0.013175121492180631
1313,0.675,0.06958414803997318,0.1364279,0.06958415,7.060137e+07,0.3823541,1.014619e+09,0.001143974566927862,0.0,120826731.25315969,18298072.97967997,0.1514406,0.08421594861175685,0.11929404861023161,0.01803443409978788
1314,0.675,0.06958414803997318,0.1364279,0.06958415,7.060137e+07,0.3823541,1.014619e+09,0.004456919856924784,0.0,86340265.54837525,12102611.223624174,0.1401734,0.06017896281007986,0.08590738317472314,0.01192823663946392
1315,0.675,0.06958414803997318,0.1364279,0.06958415,7.060137e+07,0.3823541,1.014619e+09,5.6386374157780205e-06,0.0,362455356.9810398,41124325.45827911,0.1134604,0.2526305346588858,0.35723412152511036,0.040531805627793224
1316,0.675,0.06958414803997318,0.1364279,0.06958415,7.060137e+07,0.3823541,1.014619e+09,0.0,0.0,407664721.99912024,56825303.81791442,0.1393923,0.2841413561604254,0.4017910832395241,0.05600656408151052
1317,0.675,0.06958414803997318,0.1364279,0.06958415,7.060137e+07,0.3823541,1.014619e+09,0.04768779824761289,0.032013535333303075,369378.9753551722,30487.799869842554,0.08253799,0.00025745628044507,0.009042700307578583,0.002257683113157576
1318,0.675,0.06958414803997318,0.1364279,0.06958415,7.060137e+07,0.3823541,1.014619e+09,0.025569547791565197,1.1232649482885539e-06,59650163.184267156,9355077.556871237,0.1568324,0.04157602399160977,0.06344409317520698,0.00922036763591384
1319,0.675,0.06958414803997318,0.1364279,0.06958415,7.060137e+07,0.3823541,1.014619e+09,2.480388001944406e-05,0.0,175055228.66768727,20726149.123312294,0.1183978,0.12201308426368418,0.17253754462230192,0.020427526489911804
1320,0.675,0.06958414803997318,0.1364279,0.06958415,7.060137e+07,0.3823541,1.014619e+09,0.0,0.0,431224888.70653963,51267383.574259914,0.1188878,0.3005627371589664,0.42501179475033823,0.050528722426961756
1321,0.675,0.06958414803997318,0.1364279,0.06958415,7.060137e+07,0.3823541,1.014619e+09,4.3718063289047866e-07,0.0,125280069.76178974,14302981.576990759,0.1141681,0.08731991511903368,0.12347511240530251,0.014096904027389634
1322,0.675,0.06958414803997318,0.1364279,0.06958415,7.060137e+07,0.3823541,1.014619e+09,0.022541377575206245,0.02491403729274209,151487.45633170786,13834.992038692266,0.09132764,0.00010558640215985524,0.004251582214087684,0.001747257716540188
1323,0.675,0.06958414803997318,0.1364279,0.06958415,7.060137e+07,0.3823541,1.014619e+09,2.6245176640152074e-06,0.0,373717440.1461943,55296416.59301399,0.1479632,0.26048018024029906,0.36833339190967657,0.05449970508416726
1324,0.675,0.06958414803997318,0.1364279,0.06958415,7.060137e+07,0.3823541,1.014619e+09,0.004130245927153563,0.0020383952657064873,42364.37138193377,3220.8336653491147,0.07602694,2.9527867602368977e-05,0.0007934123265922628,0.0001450144257837799
1325,0.675,0.06958414803997318,0.1364279,0.06958415,7.060137e+07,0.3823541,1.014619e+09,0.023886881010627636,0.0,72755670.53442666,11818497.035926677,0.1624409,0.05071053191121529,0.07605454975666845,0.011648215972777582
1326,0.675,0.06958414803997318,0.1364279,0.06958415,7.060137e+07,0.3823541,1.014619e+09,0.0,0.0,51689138.66635794,7739273.428062255,0.1497273,0.03602720855363817,0.05094440086605961,0.007627765873140009
1327,0.675,0.06958414803997318,0.1364279,0.06958415,7.060137e+07,0.3823541,1.014619e+09,0.0015332672226231444,0.0,191713063.362808,30382538.563209247,0.1584792,0.13362355602036957,0.18922989638837437,0.02994478654178176
1328,0.675,0.06958414803997318,0.1364279,0.06958415,7.060137e+07,0.3823541,1.014619e+09,0.0,0.0,470479782.3133882,72560707.70548852,0.154227,0.32792330603695546,0.4637011033257857,0.07151525205970026
1329,0.675,0.06958414803997318,0.1364279,0.06958415,7.060137e+07,0.3823541,1.014619e+09,0.02409795870445387,5.938390094913345e-05,69455266.54354697,7136149.248231315,0.1027445,0.048410158061726646,0.07284011179868544,0.007037463692702625
1330,0.675,0.06958414803997318,0.1364279,0.06958415,7.060137e+07,0.3823541,1.014619e+09,0.0,0.0,87068220.17575373,10268820.683267156,0.1179399,0.06068634547991761,0.08581374009652219,0.010120867377705655
1331,0.675,0.06958414803997318,0.1364279,0.06958415,7.060137e+07,0.3823541,1.014619e+09,0.0,0.0,567202530.9554791,94157941.93525073,0.1660041,0.3953388352393743,0.55903026931355,0.09280131305021347
1332,0.675,0.06958414803997318,0.1364279,0.06958415,7.060137e+07,0.3823541,1.014619e+09,0.0,0.0,98665956.19502491,14611082.972033072,0.1480864,0.06876994031428603,0.09724437578032089,0.014400566293416978
1333,0.675,0.06958414803997318,0.1364279,0.06958415,7.060137e+07,0.3823541,1.014619e+09,4.577112723498694e-06,0.0,304782242.34216386,41430079.21185022,0.1359334,0.21243250887160348,0.3003917687067064,0.040833154077199035
1334,0.675,0.06958414803997318,0.1364279,0.06958415,7.060137e+07,0.3823541,1.014619e+09,0.02074684883963439,0.002326979584929469,50576.78192090991,8639.891513086317,0.1708272,3.5251898508079495e-05,0.0038255413996693974,0.00017043629976449333
1335,0.675,0.06958414803997318,0.1364279,0.06958415,7.060137e+07,0.3823541,1.014619e+09,0.0045054382568300135,4.878617188948394e-06,73099971.40507747,7058322.409913946,0.09655712,0.05095050881143416,0.07286668516980443,0.006956965480777109
1336,0.675,0.06958414803997318,0.1364279,0.06958415,7.060137e+07,0.3823541,1.014619e+09,0.002327896187437991,0.00208085328900081,41079.17886186401,5131.198073677803,0.1249099,2.8632091426816943e-05,0.00046413825393189776,0.0001498516710145941
1337,0.675,0.06958414803997318,0.1364279,0.06958415,7.060137e+07,0.3823541,1.014619e+09,4.915328288969595e-06,0.0,64676878.302204415,8947692.595912335,0.1383445,0.04507963265227256,0.06374590751026865,0.008818774121479281
1338,0.675,0.06958414803997318,0.1364279,0.06958415,7.060137e+07,0.3823541,1.014619e+09,8.331983970899198e-06,0.0,242647409.32770872,28933406.367860995,0.1192405,0.1691246758294131,0.23915285854060492,0.02851653346245963
1339,0.675,0.06958414803997318,0.1364279,0.06958415,7.060137e+07,0.3823541,1.014619e+09,7.39214859221284e-06,0.0,260731521.11462593,25955636.69691522,0.09954929,0.1817292593776125,0.25697624316387646,0.025581667536705852
1340,0.675,0.06958414803997318,0.1364279,0.06958415,7.060137e+07,0.3823541,1.014619e+09,0.0,0.0,626557664.9867134,72902040.95092629,0.1163533,0.4367092246025116,0.6175302137808768,0.07185166737117869
1341,0.675,0.06958414803997318,0.1364279,0.06958415,7.060137e+07,0.3823541,1.014619e+09,0.008801567627523247,0.0,137871410.10146424,19052225.422208764,0.1381884,0.09609604983691665,0.13748674337643352,0.018777720703851777
1342,0.675,0.06958414803997318,0.1364279,0.06958415,7.060137e+07,0.3823541,1.014619e+09,0.013068677703788318,0.01104346636099171,133822.5617150201,16712.95249409468,0.1248889,9.327401199716786e-05,0.0025102469163206676,0.0007849223501890419
1343,0.675,0.06958414803997318,0.1364279,0.06958415,7.060137e+07,0.3823541,1.014619e+09,0.0007772952996845743,0.0,316382862.6628564,43581329.60987117,0.1377487,0.2205181140573053,0.31196587316083124,0.04295340923075182
1344,0.675,0.06958414803997318,0.1364279,0.06958415,7.060137e+07,0.3823541,1.014619e+09,0.007675987891168723,0.0,189889826.42369464,27631766.24028482,0.1455147,0.13235276414526942,0.18855083479913157,0.027233647383227116
1345,0.675,0.06958414803997318,0.1364279,0.06958415,7.060137e+07,0.3823541,1.014619e+09,0.002735736849808091,0.0,276584642.544891,44713828.22563699,0.1616642,0.19277884787396793,0.27309748068238904,0.0440695907913353
1346,0.675,0.06958414803997318,0.1364279,0.06958415,7.060137e+07,0.3823541,1.014619e+09,0.0,0.0,494822573.76235485,53809793.606341064,0.1087456,0.3448901746468292,0.4876931635104176,0.053034501381342615
1347,0.675,0.06958414803997318,0.1364279,0.06958415,7.060137e+07,0.3823541,1.014619e+09,0.0,0.0,638061252.0559183,78798825.7690708,0.1234973,0.4447271978392551,0.6288680570139393,0.07766349123490213
1348,0.675,0.06958414803997318,0.1364279,0.06958415,7.060137e+07,0.3823541,1.014619e+09,5.372864089737515e-07,0.0,256666398.5707903,40788880.71447087,0.1589179,0.17889587848828875,0.2529684434520687,0.04020119397633419
1349,0.675,0.06958414803997318,0.1364279,0.06958415,7.060137e+07,0.3823541,1.014619e+09,0.0,0.0,339379806.2432402,46772724.322891116,0.1378182,0.23654692985581613,0.33449001746191215,0.04609882228612025
1350,0.675,0.06958414803997318,0.1364279,0.06958415,7.060137e+07,0.3823541,1.014619e+09,0.0011934590342137334,0.0,129667841.08531837,19837787.836037178,0.1529893,0.09037818145190499,0.12801678123076382,0.019551964723929272
1351,0.675,0.06958414803997318,0.1364279,0.06958415,7.060137e+07,0.3823541,1.014619e+09,0.06346933652987972,2.9555361242256636e-05,58456160.69454482,7966794.060104948,0.1362866,0.04074380705357077,0.06916462950901281,0.007854064969509375
1352,0.675,0.06958414803997318,0.1364279,0.06958415,7.060137e+07,0.3823541,1.014619e+09,0.0,0.0,576453229.4349937,61655515.86915528,0.1069567,0.4017865504071492,0.5681476836058135,0.06076718237300168
1353,0.675,0.06958414803997318,0.1364279,0.06958415,7.060137e+07,0.3823541,1.014619e+09,0.08663523695608481,0.00016906658967222926,27858555.205520358,4495871.6041677855,0.1613821,0.019417347711494438,0.043223808259888134,0.004442859380649543
1354,0.675,0.06958414803997318,0.1364279,0.06958415,7.060137e+07,0.3823541,1.014619e+09,0.0,0.0,226194790.47233433,27495635.03654856,0.1215573,0.1576572390322532,0.22293577291000552,0.027099477559692543
1355,0.675,0.06958414803997318,0.1364279,0.06958415,7.060137e+07,0.3823541,1.014619e+09,0.0024882292934691017,0.0,281777740.46378297,33189290.290803216,0.1177854,0.19639842495709614,0.2781707127834233,0.03271109855299577
1357,0.675,0.06958414803997318,0.1364279,0.06958415,7.060137e+07,0.3823541,1.014619e+09,2.153863007689966e-06,0.0,386165570.346682,50453467.87788113,0.1306524,0.2691564978266802,0.38060208363011233,0.04972653363880759
1358,0.675,0.06958414803997318,0.1364279,0.06958415,7.060137e+07,0.3823541,1.014619e+09,0.007379721537143124,0.0,60885429.150845796,9099907.45399059,0.1494595,0.042437001476345944,0.06135121745836481,0.008968795865849264
1359,0.675,0.06958414803997318,0.1364279,0.06958415,7.060137e+07,0.3823541,1.014619e+09,6.240146383949264e-05,0.0,27372955.648929786,3305244.5763687226,0.1207485,0.019078885958208745,0.026989922103459164,0.003257622568365425
1360,0.675,0.06958414803997318,0.1364279,0.06958415,7.060137e+07,0.3823541,1.014619e+09,0.0,0.0,60658589.12472831,6030098.692217458,0.09941047,0.04227889450958067,0.059784619362424005,0.005943216949718104
1361,0.675,0.06958414803997318,0.1364279,0.06958415,7.060137e+07,0.3823541,1.014619e+09,4.408653741420247e-05,0.0,335896864.87473744,44977352.55692182,0.1339023,0.23411932788177103,0.3310652816135171,0.044329318260535176
1362,0.675,0.06958414803997318,0.1364279,0.06958415,7.060137e+07,0.3823541,1.014619e+09,0.01772782046288788,0.0,89054254.19060825,12059136.7836571,0.1354134,0.06207060653540996,0.09099742339975765,0.011885388579808564
1363,0.675,0.06958414803997318,0.1364279,0.06958415,7.060137e+07,0.3823541,1.014619e+09,0.0,0.0,89191256.0111429,13842606.74313238,0.1552014,0.06216609648335607,0.08790618720323844,0.013643162280286551
1364,0.675,0.06958414803997318,0.1364279,0.06958415,7.060137e+07,0.3823541,1.014619e+09,0.0,0.0,25453713.901037868,3062845.7598844534,0.12033,0.017741178956309053,0.025086976451175504,0.003018716237266696
1365,0.675,0.06958414803997318,0.1364279,0.06958415,7.060137e+07,0.3823541,1.014619e+09,0.0,0.0,366722203.242753,57094589.42273504,0.1556889,0.2556045165069738,0.3614384648402533,0.05627196981574014
1366,0.675,0.06958414803997318,0.1364279,0.06958415,7.060137e+07,0.3823541,1.014619e+09,0.0,0.0,526285235.4342416,71891394.36394095,0.1366016,0.3668195761217153,0.5187025107327002,0.07085558219371749
1367,0.675,0.06958414803997318,0.1364279,0.06958415,7.060137e+07,0.3823541,1.014619e+09,0.0013949140986812005,0.0,180283306.70657545,29207792.204356525,0.1620105,0.12565704240849868,0.17793964110500987,0.02878696594415806
1368,0.675,0.06958414803997318,0.1364279,0.06958415,7.060137e+07,0.3823541,1.014619e+09,0.00016509092544465183,0.0,202906456.9893685,25601778.844212748,0.1261753,0.1414253251543081,0.2000130227399994,0.02523290807267147
1369,0.675,0.06958414803997318,0.1364279,0.06958415,7.060137e+07,0.3823541,1.014619e+09,0.005312323218730802,7.409820985642351e-06,52640013.559027,7410424.868745777,0.1407755,0.036689966126128015,0.05284835866469565,0.007304170974338891
1370,0.675,0.06958414803997318,0.1364279,0.06958415,7.060137e+07,0.3823541,1.014619e+09,0.002186514466088412,0.0,181469271.83966365,26099608.35215394,0.1438238,0.12648365732779351,0.17925258120721504,0.025723564846412913
1371,0.675,0.06958414803997318,0.1364279,0.06958415,7.060137e+07,0.3823541,1.014619e+09,0.02834470849017647,0.0,37442841.041011035,7387908.274856054,0.1973116,0.026097572484859433,0.0420617824849574,0.007281463193754264
1372,0.675,0.06958414803997318,0.1364279,0.06958415,7.060137e+07,0.3823541,1.014619e+09,0.00011399229436881446,0.0,275414493.1153121,39340795.71621197,0.1428421,0.1919632564629662,0.27146706273638427,0.03877397300607176
1373,0.675,0.06958414803997318,0.1364279,0.06958415,7.060137e+07,0.3823541,1.014619e+09,0.05431253121577902,0.003609960916418533,8952603.159502227,1011600.9984032497,0.1129952,0.0062399434281011,0.018707884232250296,0.001248221892533245
1374,0.675,0.06958414803997318,0.1364279,0.06958415,7.060137e+07,0.3823541,1.014619e+09,3.997827369936689e-05,0.0,33009827.399132345,4354671.194084555,0.1319204,0.0230077723620914,0.03254149696158901,0.00429192903335639
1375,0.675,0.06958414803997318,0.1364279,0.06958415,7.060137e+07,0.3823541,1.014619e+09,0.0005446309948695532,0.0,219602764.967766,30004282.96822032,0.1366298,0.15306261269930257,0.21653784211727298,0.029571980858457657
1376,0.675,0.06958414803997318,0.1364279,0.06958415,7.060137e+07,0.3823541,1.014619e+09,0.03594299898292088,0.0,85700221.9282977,12387914.257757088,0.1445494,0.0597328539063738,0.09100667386138026,0.012209429023670356
1377,0.675,0.06958414803997318,0.1364279,0.06958415,7.060137e+07,0.3823541,1.014619e+09,4.097460176036499e-05,0.0,309283891.03892577,33150741.43075575,0.1071855,0.21557014746682757,0.30483518152287586,0.03267310510543875
1378,0.675,0.06958414803997318,0.1364279,0.06958415,7.060137e+07,0.3823541,1.014619e+09,0.07308664584220617,0.0024881830901947923,18282981.22769962,2098727.3377244277,0.1147913,0.012743195082515334,0.03132050796076816,0.0022416269467092115
1379,0.675,0.06958414803997318,0.1364279,0.06958415,7.060137e+07,0.3823541,1.014619e+09,0.08136185800250507,0.0309248022440011,1431216.5076383713,130538.6400066211,0.09120817,0.0009975545527837759,0.016217539305413392,0.0022805338549913142
1380,0.675,0.06958414803997318,0.1364279,0.06958415,7.060137e+07,0.3823541,1.014619e+09,0.0,0.0,92389113.9548914,10245273.264704803,0.1108926,0.06439499597823817,0.09105797036702076,0.010097659230664463
1381,0.675,0.06958414803997318,0.1364279,0.06958415,7.060137e+07,0.3823541,1.014619e+09,0.040046381564802565,0.00014057770608359087,83978792.78866953,7980987.0037987875,0.09503574,0.05853302182900048,0.09005681661048731,0.007875778816360089
1382,0.675,0.06958414803997318,0.1364279,0.06958415,7.060137e+07,0.3823541,1.014619e+09,0.0,0.0,108743203.92295715,12369267.919044266,0.1137475,0.07579375837177646,0.10717643038839086,0.012191051341654761
1383,0.675,0.06958414803997318,0.1364279,0.06958415,7.060137e+07,0.3823541,1.014619e+09,0.0,0.0,164899596.13561693,22613963.490207005,0.1371378,0.11493463218134867,0.16252372055198966,0.02228814120219343
1384,0.675,0.06958414803997318,0.1364279,0.06958415,7.060137e+07,0.3823541,1.014619e+09,1.908541649958328e-05,0.0,301925334.4922881,43051498.32900139,0.1425899,0.2104412507933761,0.2975786635715284,0.04243121176605358
1385,0.675,0.06958414803997318,0.1364279,0.06958415,7.060137e+07,0.3823541,1.014619e+09,0.00018056488744754725,0.0,231373386.30171114,34582101.04463538,0.1494645,0.1612667081929647,0.22807261624177008,0.03408384167088344
1386,0.675,0.06958414803997318,0.1364279,0.06958415,7.060137e+07,0.3823541,1.014619e+09,0.0,0.0,305206902.7741298,35912483.302750394,0.117666,0.2127284961977934,0.30080947764242005,0.03539505576365409
1387,0.675,0.06958414803997318,0.1364279,0.06958415,7.060137e+07,0.3823541,1.014619e+09,1.7977247033897399e-06,0.0,326818947.5011371,37283664.62531867,0.1140805,0.22779204074002846,0.32211046290602874,0.03674648108741242
1388,0.675,0.06958414803997318,0.1364279,0.06958415,7.060137e+07,0.3823541,1.014619e+09,0.046085746422673705,0.0,63178561.61331836,10872189.12239826,0.1720867,0.044035309430360804,0.07065537197543625,0.010715542476306779
1389,0.675,0.06958414803997318,0.1364279,0.06958415,7.060137e+07,0.3823541,1.014619e+09,1.2756057312525114e-06,0.0,240445323.64799953,28568434.56858434,0.1188147,0.16758982726968077,0.23698121635924382,0.028156820181741753
1390,0.675,0.06958414803997318,0.1364279,0.06958415,7.060137e+07,0.3823541,1.014619e+09,7.675859877322789e-05,0.0,260261222.50357345,37574027.67160067,0.1443704,0.18140146234751994,0.2565253445358629,0.037032660579045314
1391,0.675,0.06958414803997318,0.1364279,0.06958415,7.060137e+07,0.3823541,1.014619e+09,2.422758790778193e-05,0.0,265873006.16708213,32794240.882403206,0.1233455,0.18531286241375308,0.26204671349177694,0.03232174102174852
1392,0.675,0.06958414803997318,0.1364279,0.06958415,7.060137e+07,0.3823541,1.014619e+09,0.0,0.0,349241258.3975824,51009792.2917049,0.1460589,0.2434203389040781,0.3442093856818987,0.05027484252304635
1393,0.675,0.06958414803997318,0.1364279,0.06958415,7.060137e+07,0.3823541,1.014619e+09,0.07962704145769266,0.0001398752407126399,38221692.92417284,4931715.945368657,0.1290292,0.026640430422736568,0.05216222093164128,0.004870392815613483
1394,0.675,0.06958414803997318,0.1364279,0.06958415,7.060137e+07,0.3823541,1.014619e+09,0.0006869882753099993,0.0,319846504.73080516,38162296.153975144,0.1193144,0.2229322644640785,0.31536317616406706,0.03761245328126844
1395,0.675,0.06958414803997318,0.1364279,0.06958415,7.060137e+07,0.3823541,1.014619e+09,0.0,0.0,423854140.22841126,58375615.17114551,0.1377257,0.29542534273782906,0.4177472441147312,0.05753453852805731
1396,0.675,0.06958414803997318,0.1364279,0.06958415,7.060137e+07,0.3823541,1.014619e+09,3.3221121226825993e-06,0.0,259861370.88341287,39351855.0609968,0.151434,0.18112276670503652,0.25611788936792,0.03878487300766922
1397,0.675,0.06958414803997318,0.1364279,0.06958415,7.060137e+07,0.3823541,1.014619e+09,0.02583292611004417,1.9228383126183017e-05,35007020.138077945,4200837.127246438,0.1199998,0.024399811022132685,0.039203940757205374,0.004141649400466004
1398,0.675,0.06958414803997318,0.1364279,0.06958415,7.060137e+07,0.3823541,1.014619e+09,0.0,0.0,39695989.09061082,5033573.015939722,0.1268031,0.02766801139677706,0.03912404874958808,0.004961049228694417
1399,0.675,0.06958414803997318,0.1364279,0.06958415,7.060137e+07,0.3823541,1.014619e+09,0.0,0.0,44479229.64443862,5776430.683986139,0.129868,0.031001918856665405,0.04383837230962828,0.005693203793537535
1400,0.675,0.06958414803997318,0.1364279,0.06958415,7.060137e+07,0.3823541,1.014619e+09,0.0,0.0,291785102.0146358,53695542.29531847,0.1840243,0.20337353251289086,0.28758105836753906,0.052921896204735246
1401,0.675,0.06958414803997318,0.1364279,0.06958415,7.060137e+07,0.3823541,1.014619e+09,0.0,0.0,230678410.7720617,32089951.60729219,0.1391112,0.160782311876981,0.2273547931485683,0.03162759915592025
1402,0.675,0.06958414803997318,0.1364279,0.06958415,7.060137e+07,0.3823541,1.014619e+09,0.0,0.0,155934641.17223158,23743837.278244253,0.1522679,0.10868607957487872,0.1536879327794585,0.023401735753601317
1403,0.675,0.06958414803997318,0.1364279,0.06958415,7.060137e+07,0.3823541,1.014619e+09,1.983590098189282e-07,0.0,434798643.0960086,63701190.62251363,0.1465073,0.3030536355958691,0.4285340945379409,0.06278338301719029
1404,0.675,0.06958414803997318,0.1364279,0.06958415,7.060137e+07,0.3823541,1.014619e+09,2.2653929232539783e-08,0.0,415309824.39665335,58178152.13954408,0.1400837,0.2894699746206342,0.4093260390223612,0.05733992054645263
1405,0.675,0.06958414803997318,0.1364279,0.06958415,7.060137e+07,0.3823541,1.014619e+09,0.004934084128706738,4.5145367133818886e-05,21014171.301595584,3032232.6507371184,0.1442947,0.014646828165415175,0.021609346701319084,0.002991685604114803
1406,0.675,0.06958414803997318,0.1364279,0.06958415,7.060137e+07,0.3823541,1.014619e+09,0.0351311733233667,1.4448332826844757e-11,82584278.16297756,9774778.109525016,0.1183612,0.05756104840194853,0.08778788150898233,0.009633942976970117
1407,0.675,0.06958414803997318,0.1364279,0.06958415,7.060137e+07,0.3823541,1.014619e+09,0.0032257188115115566,0.0,122579274.837796,18774619.187224187,0.1531631,0.08543746738440623,0.12140019558065958,0.018504114223208745
1408,0.675,0.06958414803997318,0.1364279,0.06958415,7.060137e+07,0.3823541,1.014619e+09,0.0397694828934875,0.0029711973434590594,2498247.3632564023,315742.0525499448,0.1263854,0.0017412725593199919,0.009699851525571951,0.0005179410726427811
1409,0.675,0.06958414803997318,0.1364279,0.06958415,7.060137e+07,0.3823541,1.014619e+09,0.0,0.0,398262168.74049884,54316444.775930524,0.1363836,0.277587798567377,0.39252400209383953,0.05353385271411347
1410,0.675,0.06958414803997318,0.1364279,0.06958415,7.060137e+07,0.3823541,1.014619e+09,0.051974963356872725,0.0,46505659.89139773,8081015.222433728,0.1737641,0.03241433599129476,0.055294464941228354,0.007964583847173655
1411,0.675,0.06958414803997318,0.1364279,0.06958415,7.060137e+07,0.3823541,1.014619e+09,0.0,0.0,369255425.0005057,40505389.7805361,0.1096948,0.25737016613732,0.36393518790508494,0.03992178758356204
1412,0.675,0.06958414803997318,0.1364279,0.06958415,7.060137e+07,0.3823541,1.014619e+09,0.001792637829312856,0.0,315401452.878497,42739042.48378583,0.1355068,0.2198340737368441,0.3111833844713823,0.04212325778882924
1413,0.675,0.06958414803997318,0.1364279,0.06958415,7.060137e+07,0.3823541,1.014619e+09,0.0,0.0,76136954.2349548,9525030.366740765,0.1251039,0.05306727872884471,0.07503997198140334,0.00938779360199432
1414,0.675,0.06958414803997318,0.1364279,0.06958415,7.060137e+07,0.3823541,1.014619e+09,0.017712492289545016,0.0,115443682.33577546,17327338.69683245,0.1500934,0.0804639761276949,0.1170038427564499,0.017077686169453384
1415,0.675,0.06958414803997318,0.1364279,0.06958415,7.060137e+07,0.3823541,1.014619e+09,0.0,0.0,316230605.2681757,39555414.591301925,0.1250841,0.22041199100991998,0.3116743504836921,0.038985499649542836
1416,0.675,0.06958414803997318,0.1364279,0.06958415,7.060137e+07,0.3823541,1.014619e+09,0.0028286719347046106,0.0,34452854.63350064,4693401.552352311,0.1362268,0.02401355896373588,0.03447124394630942,0.004625778960097923
1417,0.675,0.06958414803997318,0.1364279,0.06958415,7.060137e+07,0.3823541,1.014619e+09,0.0002550716571576028,0.0,210731782.59859332,25846131.91498976,0.1226494,0.14687955877084077,0.20774197643526426,0.025473740501140988
1418,0.675,0.06958414803997318,0.1364279,0.06958415,7.060137e+07,0.3823541,1.014619e+09,5.238408260406898e-06,0.0,367035593.50097823,42076565.26506424,0.1146389,0.2558229487827491,0.3617482930988845,0.04147032555072347
1419,0.675,0.06958414803997318,0.1364279,0.06958415,7.060137e+07,0.3823541,1.014619e+09,0.031477987907614455,0.00015306382038648443,68304527.89613913,7034224.374636209,0.1029833,0.04760809592042273,0.07304903538478642,0.006943525991430152
1420,0.675,0.06958414803997318,0.1364279,0.06958415,7.060137e+07,0.3823541,1.014619e+09,0.0,0.0,441651032.38133633,61586761.852659926,0.1394467,0.3078297348740313,0.43528771840781016,0.060699418965294315
1421,0.675,0.06958414803997318,0.1364279,0.06958415,7.060137e+07,0.3823541,1.014619e+09,0.004537725875390837,0.0,71681681.20511103,9241659.96987133,0.1289264,0.049961963864814087,0.07147470569770158,0.009108506009587855
1422,0.675,0.06958414803997318,0.1364279,0.06958415,7.060137e+07,0.3823541,1.014619e+09,0.000375415828816339,0.0,185037144.08796126,19280898.274161413,0.1042002,0.12897045592608042,0.18243944790626085,0.019003098834299192
1423,0.675,0.06958414803997318,0.1364279,0.06958415,7.060137e+07,0.3823541,1.014619e+09,0.007455548716389814,0.0,171816201.53702152,26986869.02694465,0.1570682,0.11975548994197154,0.17069749748878899,0.026598041857550412
1424,0.675,0.06958414803997318,0.1364279,0.06958415,7.060137e+07,0.3823541,1.014619e+09,0.030187321158521022,1.5938199712246424e-07,62049283.75784323,10416700.58536837,0.1678779,0.04324820541075586,0.06664903004419931,0.0102666277146627
1425,0.675,0.06958414803997318,0.1364279,0.06958415,7.060137e+07,0.3823541,1.014619e+09,2.281378686776508e-14,0.0,12843534.836015187,1466120.149277286,0.1141524,0.008951913690993596,0.012658485014555503,0.001444996270584053
1426,0.675,0.06958414803997318,0.1364279,0.06958415,7.060137e+07,0.3823541,1.014619e+09,0.0,0.0,427941394.7427117,61626259.686893575,0.1440063,0.29827414955871623,0.42177560941139763,0.06073834771420476
1427,0.675,0.06958414803997318,0.1364279,0.06958415,7.060137e+07,0.3823541,1.014619e+09,0.005674911807640739,0.0,181287670.21397972,21053296.260442056,0.116132,0.12635708142014634,0.179708445212551,0.020749960086720212
1428,0.675,0.06958414803997318,0.1364279,0.06958415,7.060137e+07,0.3823541,1.014619e+09,0.030882249442469922,2.6051302077201655e-06,95712247.77558185,10741380.962976199,0.1122258,0.0667112124658537,0.09995344676458533,0.010586800278358866
1429,0.675,0.06958414803997318,0.1364279,0.06958415,7.060137e+07,0.3823541,1.014619e+09,6.295387650603251e-05,0.0,33290796.44639867,3842612.4212928256,0.1154257,0.02320360712978447,0.03282259910457273,0.0037872480102024305
1430,0.675,0.06958414803997318,0.1364279,0.06958415,7.060137e+07,0.3823541,1.014619e+09,0.0,0.0,299450608.8053258,44941096.26357863,0.1500785,0.20871637278732677,0.29513612043400334,0.04429358434835074
1431,0.675,0.06958414803997318,0.1364279,0.06958415,7.060137e+07,0.3823541,1.014619e+09,4.436784973594421e-07,0.0,384910752.14864415,49612137.572032616,0.1288926,0.26828189248242373,0.37936503363507074,0.048897325231243086
1432,0.675,0.06958414803997318,0.1364279,0.06958415,7.060137e+07,0.3823541,1.014619e+09,0.0,0.0,662354378.3376579,78653019.88718277,0.1187476,0.46165944994392666,0.6528111676077369,0.07751978612610781
1433,0.675,0.06958414803997318,0.1364279,0.06958415,7.060137e+07,0.3823541,1.014619e+09,0.021739380522150815,0.0006910477910526263,4192592.1030165777,450049.5691148456,0.107344,0.0029222268734383923,0.008088508120506,0.0004916512207071892
1434,0.675,0.06958414803997318,0.1364279,0.06958415,7.060137e+07,0.3823541,1.014619e+09,0.0,0.0,557355475.6796576,93504131.54299973,0.1677639,0.3884754607817124,0.5493250905416661,0.09215692276682674
1435,0.675,0.06958414803997318,0.1364279,0.06958415,7.060137e+07,0.3823541,1.014619e+09,0.0,0.0,97491229.90065986,14144679.18225979,0.1450867,0.06795115883925097,0.09608657495809544,0.013940882455676339
1436,0.675,0.06958414803997318,0.1364279,0.06958415,7.060137e+07,0.3823541,1.014619e+09,0.001479651082405719,0.0,155653068.52238166,18472337.88216868,0.1186763,0.108489824097599,0.1536796969002862,0.018206188191233943
1437,0.675,0.06958414803997318,0.1364279,0.06958415,7.060137e+07,0.3823541,1.014619e+09,0.0,0.0,196559735.5833005,25727458.974218428,0.1308888,0.13700167520331613,0.19372770028763778,0.025356777401685363
1438,0.675,0.06958414803997318,0.1364279,0.06958415,7.060137e+07,0.3823541,1.014619e+09,0.0,0.0,281631363.31923217,42151991.89309024,0.1496708,0.1962964004302752,0.27757361487487864,0.041544665430885426
1439,0.675,0.06958414803997318,0.1364279,0.06958415,7.060137e+07,0.3823541,1.014619e+09,0.0,0.0,156725705.75038472,20034623.587970003,0.1278324,0.10923744973255302,0.15446759968860363,0.019745964463719186
1440,0.675,0.06958414803997318,0.1364279,0.06958415,7.060137e+07,0.3823541,1.014619e+09,0.0,0.0,29844061.93598432,5029808.024284228,0.1685363,0.020801241251001888,0.02941406829299413,0.004957338483088982
1441,0.675,0.06958414803997318,0.1364279,0.06958415,7.060137e+07,0.3823541,1.014619e+09,6.905565583914002e-06,0.0,223917181.38464072,26335550.443218872,0.1176129,0.15606975083409128,0.22069223637979782,0.02595610748067839
1442,0.675,0.06958414803997318,0.1364279,0.06958415,7.060137e+07,0.3823541,1.014619e+09,0.0,0.0,312142526.68369234,39351538.40638731,0.1260691,0.217562609814046,0.3076451729900569,0.038784560915423566
1443,0.675,0.06958414803997318,0.1364279,0.06958415,7.060137e+07,0.3823541,1.014619e+09,0.014994343087889663,0.0,152646995.62148863,17880315.28557092,0.1171351,0.10639459832827503,0.15317645760021134,0.017622695464115396
1444,0.675,0.06958414803997318,0.1364279,0.06958415,7.060137e+07,0.3823541,1.014619e+09,0.0,0.0,120554464.79385339,18460146.111733794,0.153127,0.08402617952748359,0.11881751445490041,0.018194172079990325
1445,0.675,0.06958414803997318,0.1364279,0.06958415,7.060137e+07,0.3823541,1.014619e+09,0.0,0.0,619542176.6456864,82301652.49295738,0.1328427,0.43181944566463387,0.6106158046895707,0.08111584918456494
1446,0.675,0.06958414803997318,0.1364279,0.06958415,7.060137e+07,0.3823541,1.014619e+09,0.0,0.0,371696666.9077567,42215123.051711164,0.1135741,0.2590717060273561,0.36634125636632947,0.04160688699492972
1447,0.675,0.06958414803997318,0.1364279,0.06958415,7.060137e+07,0.3823541,1.014619e+09,0.0,0.0,205154528.20888057,30743784.483678445,0.1498567,0.14299222552754853,0.2021986590262709,0.030300827626203803
1448,0.675,0.06958414803997318,0.1364279,0.06958415,7.060137e+07,0.3823541,1.014619e+09,0.0018091826579864608,0.0,72260198.47752409,9161702.449121453,0.1267877,0.05036518904834133,0.07154832348425208,0.009029700517864907
1449,0.675,0.06958414803997318,0.1364279,0.06958415,7.060137e+07,0.3823541,1.014619e+09,1.598930755271914e-05,0.0,294157737.8427383,30436455.15741806,0.1034698,0.20502725412649006,0.2899224191012211,0.02999792630498107
1450,0.675,0.06958414803997318,0.1364279,0.06958415,7.060137e+07,0.3823541,1.014619e+09,5.2420043652643914e-05,0.0,195498472.17219475,28468353.18870263,0.1456193,0.13626197709209306,0.19269126743276474,0.02805818077571813
1451,0.675,0.06958414803997318,0.1364279,0.06958415,7.060137e+07,0.3823541,1.014619e+09,0.0026870720341788446,0.0,246979451.53943655,37181882.972631104,0.1505465,0.17214409910192086,0.24390998521483434,0.036646165906136244
1452,0.675,0.06958414803997318,0.1364279,0.06958415,7.060137e+07,0.3823541,1.014619e+09,0.0,0.0,58554692.82783955,10936549.294971302,0.1867749,0.04081248371963707,0.057711036031481824,0.010778975346653754
1453,0.675,0.06958414803997318,0.1364279,0.06958415,7.060137e+07,0.3823541,1.014619e+09,0.007178300275284316,0.0,249439372.07216316,28995706.55127004,0.1162435,0.17385865795015332,0.2471518162456059,0.028577936023993996
1454,0.675,0.06958414803997318,0.1364279,0.06958415,7.060137e+07,0.3823541,1.014619e+09,0.05389140106366424,0.000357729583253189,73033926.21718791,7828844.754517824,0.1071946,0.050904475470205164,0.0817892817765278,0.007740938963007002
1455,0.675,0.06958414803997318,0.1364279,0.06958415,7.060137e+07,0.3823541,1.014619e+09,0.06550604925721153,0.0018018363314243355,15407269.909892417,2171015.275439741,0.1409085,0.01073883103119233,0.027106646544881197,0.0022651145043833592
1456,0.675,0.06958414803997318,0.1364279,0.06958415,7.060137e+07,0.3823541,1.014619e+09,0.0,0.0,218108548.39886922,27359188.31756639,0.1254384,0.15202114725141763,0.21496603752033996,0.02696499676685994
1457,0.675,0.06958414803997318,0.1364279,0.06958415,7.060137e+07,0.3823541,1.014619e+09,0.041820676109010954,1.0323279122700338e-05,84673684.9781094,10416387.422972135,0.123018,0.05901736005705338,0.09106459845090308,0.0102670263104367
1458,0.675,0.06958414803997318,0.1364279,0.06958415,7.060137e+07,0.3823541,1.014619e+09,0.0,0.0,644152600.0819596,90976910.12748457,0.141235,0.4489728531426547,0.6348716408162615,0.08966611359122152
1459,0.675,0.06958414803997318,0.1364279,0.06958415,7.060137e+07,0.3823541,1.014619e+09,0.06062178634595196,4.04175408980405e-05,49649461.25342847,6208825.470836211,0.1250532,0.0346055581753628,0.05996659497933076,0.0061221810506725885
1460,0.675,0.06958414803997318,0.1364279,0.06958415,7.060137e+07,0.3823541,1.014619e+09,0.039827924420502016,8.967341225979101e-08,59117022.30177586,11062050.313695338,0.1871212,0.04120442604555063,0.06551349809967133,0.010902674384871736
1461,0.675,0.06958414803997318,0.1364279,0.06958415,7.060137e+07,0.3823541,1.014619e+09,0.0,0.0,212330953.96888593,31203579.459616084,0.1469573,0.14799417746941151,0.20927168674807314,0.030753997869986817
1462,0.675,0.06958414803997318,0.1364279,0.06958415,7.060137e+07,0.3823541,1.014619e+09,0.02717716595580988,1.3463878559429995e-07,83182164.61618516,14998508.123284807,0.1803092,0.05797777385911163,0.08692961365512032,0.014782418786639965
1463,0.675,0.06958414803997318,0.1364279,0.06958415,7.060137e+07,0.3823541,1.014619e+09,0.0003730643807302674,0.0,85131954.94092181,11887908.397488022,0.139641,0.0593367731475032,0.08397326612172477,0.011716627254514448
1464,0.675,0.06958414803997318,0.1364279,0.06958415,7.060137e+07,0.3823541,1.014619e+09,0.0,0.0,152689529.28574386,14454865.320762876,0.09466835,0.10642424419261347,0.1504895765083751,0.014246599428152826
1465,0.675,0.06958414803997318,0.1364279,0.06958415,7.060137e+07,0.3823541,1.014619e+09,0.0,0.0,99694571.02696079,13600587.676988306,0.1364226,0.06948688244231647,0.09825817031601938,0.013404630228080043
1466,0.675,0.06958414803997318,0.1364279,0.06958415,7.060137e+07,0.3823541,1.014619e+09,0.0,0.0,149013607.86044368,18888116.879114326,0.1267543,0.10386213557109235,0.14686661780806862,0.018615976638838183
1467,0.675,0.06958414803997318,0.1364279,0.06958415,7.060137e+07,0.3823541,1.014619e+09,0.0,0.0,232093870.19841734,24347961.48858661,0.1049057,0.16176888378102622,0.2287498586166032,0.023997155734251985
1468,0.675,0.06958414803997318,0.1364279,0.06958415,7.060137e+07,0.3823541,1.014619e+09,0.0026995552355422547,0.0,158460184.3625529,18309481.163229782,0.1155463,0.11044637726171457,0.15666837662411334,0.018045677914076734
1469,0.675,0.06958414803997318,0.1364279,0.06958415,7.060137e+07,0.3823541,1.014619e+09,6.888031305761066e-05,0.0,316917240.4127246,51488913.65075693,0.162468,0.22089057409702842,0.31236362802278334,0.050747060695157706
1470,0.675,0.06958414803997318,0.1364279,0.06958415,7.060137e+07,0.3823541,1.014619e+09,0.05353623829247155,4.997410142073189e-08,61879369.85237638,8248527.263508739,0.1333001,0.04312977581671811,0.07073080477589039,0.008129685849928731
1471,0.675,0.06958414803997318,0.1364279,0.06958415,7.060137e+07,0.3823541,1.014619e+09,0.0,0.0,25102132.514290716,2677316.2708656625,0.1066569,0.017496127553427755,0.024740460653744554,0.002638741462275068
1472,0.675,0.06958414803997318,0.1364279,0.06958415,7.060137e+07,0.3823541,1.014619e+09,0.0,0.0,37953294.68039509,5396671.369593256,0.1421924,0.02645335747562428,0.03740646310371129,0.005318916056418735
1473,0.675,0.06958414803997318,0.1364279,0.06958415,7.060137e+07,0.3823541,1.014619e+09,0.045941675191201854,0.02847406703744309,555845.1576815675,57758.39260480441,0.1039109,0.00038742277267540196,0.008908705109915076,0.0020382699049462565
1474,0.675,0.06958414803997318,0.1364279,0.06958415,7.060137e+07,0.3823541,1.014619e+09,1.2455259821679566e-11,0.0,620723358.1821214,82134514.40538287,0.1323206,0.43264272642826845,0.6117799677489189,0.0809511192247886
1475,0.675,0.06958414803997318,0.1364279,0.06958415,7.060137e+07,0.3823541,1.014619e+09,0.0034775384858949324,0.0,239562719.0585899,28585947.660737097,0.1193255,0.16697465393861977,0.23674396912531698,0.028174080945028854
1476,0.675,0.06958414803997318,0.1364279,0.06958415,7.060137e+07,0.3823541,1.014619e+09,0.002520194854486866,0.0018319508781014264,22859.76220230145,2089.1452270386017,0.09138963,1.593320069937468e-05,0.0004811775391562478,0.00012953378589847196
1477,0.675,0.06958414803997318,0.1364279,0.06958415,7.060137e+07,0.3823541,1.014619e+09,0.0036388434622256316,6.269603302932186e-13,248534628.5739046,27456462.287845485,0.1104734,0.1732280538514914,0.24561596694139262,0.027060869212519625
1478,0.675,0.06958414803997318,0.1364279,0.06958415,7.060137e+07,0.3823541,1.014619e+09,0.0,0.0,456237003.54496,60394205.040710315,0.1323746,0.3179961226032051,0.44966353470408876,0.05952404452781983
1479,0.675,0.06958414803997318,0.1364279,0.06958415,7.060137e+07,0.3823541,1.014619e+09,0.03740810808106056,0.0,40034533.61627051,5058736.25730032,0.1263593,0.02790397613802303,0.04626557078696219,0.004985849917737395
1480,0.675,0.06958414803997318,0.1364279,0.06958415,7.060137e+07,0.3823541,1.014619e+09,0.0,0.0,460170897.3394719,78576439.98103026,0.1707549,0.3207380373616916,0.45354074890426566,0.07744430958426599
1481,0.675,0.06958414803997318,0.1364279,0.06958415,7.060137e+07,0.3823541,1.014619e+09,0.061750882512058416,0.0008236181571380849,52147368.31297969,4865064.200113403,0.09329453,0.036346593543797545,0.06263399497367048,0.004852279057911942
1482,0.675,0.06958414803997318,0.1364279,0.06958415,7.060137e+07,0.3823541,1.014619e+09,0.0,0.0,513093218.8503509,74337365.65598522,0.1448808,0.35762477146887217,0.5057005648999513,0.07326631189871602
1483,0.675,0.06958414803997318,0.1364279,0.06958415,7.060137e+07,0.3823541,1.014619e+09,8.69331557450371e-09,0.0,454725195.49176675,80638443.74068898,0.1773345,0.31694239593197865,0.4481735103836043,0.0794766039662141
1484,0.675,0.06958414803997318,0.1364279,0.06958415,7.060137e+07,0.3823541,1.014619e+09,0.01799063969572484,0.009190082185217626,166380.9572950597,17301.798213130445,0.1039891,0.0001159671374389617,0.0034380779779585235,0.0006565365529490852
1485,0.675,0.06958414803997318,0.1364279,0.06958415,7.060137e+07,0.3823541,1.014619e+09,4.528142934767491e-08,0.0,411408122.83916414,61725432.54326193,0.1500345,0.2867504977759328,0.40548055735097666,0.06083609168673395
1486,0.675,0.06958414803997318,0.1364279,0.06958415,7.060137e+07,0.3823541,1.014619e+09,0.0,0.0,261262377.4541006,36812166.57241869,0.1409011,0.18209926500254126,0.25749810563015324,0.036281776384756256
1487,0.675,0.06958414803997318,0.1364279,0.06958415,7.060137e+07,0.3823541,1.014619e+09,5.789318631997674e-07,0.0,356010322.7237225,43376943.89163874,0.1218418,0.24813836088089944,0.35088102659790865,0.04275196830467759
1488,0.675,0.06958414803997318,0.1364279,0.06958415,7.060137e+07,0.3823541,1.014619e+09,0.009982686534022936,9.139860161082977e-05,79383779.67717169,8764394.210594863,0.1104054,0.05533030845543869,0.08005675387966121,0.00864447659557085
1489,0.675,0.06958414803997318,0.1364279,0.06958415,7.060137e+07,0.3823541,1.014619e+09,5.335869225799402e-05,0.0,205342936.3471453,23668100.89009767,0.1152613,0.14312354555851828,0.2023940632598909,0.023327090576346732
1490,0.675,0.06958414803997318,0.1364279,0.06958415,7.060137e+07,0.3823541,1.014619e+09,0.005130152586605148,0.0,148521756.96655604,21475074.050514095,0.1445921,0.10351931665035617,0.14731548362479904,0.021165660896759357
1491,0.675,0.06958414803997318,0.1364279,0.06958415,7.060137e+07,0.3823541,1.014619e+09,0.0017010349805581131,0.0,165761084.77713665,30300560.290510487,0.1827966,0.11553508774620067,0.16368236610331,0.029863989413131
1492,0.675,0.06958414803997318,0.1364279,0.06958415,7.060137e+07,0.3823541,1.014619e+09,0.014799068439820519,4.450057965251094e-05,97104771.81027026,8835783.89083827,0.09099227,0.0676817984556397,0.0983989491001368,0.008711574333445053
1493,0.675,0.06958414803997318,0.1364279,0.06958415,7.060137e+07,0.3823541,1.014619e+09,0.0010876569857277087,0.0,85552780.23116203,10379077.457445387,0.1213178,0.05963008738889521,0.08451807597883815,0.010229535570808865
1494,0.675,0.06958414803997318,0.1364279,0.06958415,7.060137e+07,0.3823541,1.014619e+09,6.400129001290011e-08,0.0,508579317.08597994,73999159.0790261,0.1455017,0.3544785925142309,0.5012517111400074,0.07293297820663502
1495,0.675,0.06958414803997318,0.1364279,0.06958415,7.060137e+07,0.3823541,1.014619e+09,0.0009145604311412056,0.0,156440681.39174187,16111471.766876278,0.1029877,0.10903878842233126,0.15435312168505483,0.015879337466463923
1496,0.675,0.06958414803997318,0.1364279,0.06958415,7.060137e+07,0.3823541,1.014619e+09,0.0,0.0,570257351.9621865,65635064.66154775,0.1150973,0.39746803832424427,0.5620410764183905,0.06468939377323994
1497,0.675,0.06958414803997318,0.1364279,0.06958415,7.060137e+07,0.3823541,1.014619e+09,0.0,0.0,534105019.76998574,73465855.33499986,0.1375495,0.37226994748361397,0.5264096275112888,0.07240735831007586
1498,0.675,0.06958414803997318,0.1364279,0.06958415,7.060137e+07,0.3823541,1.014619e+09,0.010957207850131007,0.0,148622332.40291053,23540305.68114118,0.1583901,0.10358941749386809,0.14847506854046386,0.023201136642467802
1499,0.675,0.06958414803997318,0.1364279,0.06958415,7.060137e+07,0.3823541,1.014619e+09,0.08059196446025114,0.00010734962929213612,39372071.3953959,6005765.303816591,0.1525387,0.0274422415220835,0.05347162987681982,0.00592670398959903
1500,0.675,0.06958414803997318,0.1364279,0.06958415,7.060137e+07,0.3823541,1.014619e+09,0.0,0.0,122068011.18961233,17484248.624791484,0.1432337,0.08508111781940574,0.12030925365397335,0.017232335337074595
1501,0.675,0.06958414803997318,0.1364279,0.06958415,7.060137e+07,0.3823541,1.014619e+09,1.129535371557676e-05,0.0,239585420.07943875,33031591.773437023,0.1378698,0.16699047649696766,0.23613552577431213,0.032555672157974114
1502,0.675,0.06958414803997318,0.1364279,0.06958415,7.060137e+07,0.3823541,1.014619e+09,0.0,0.0,689418670.5348288,85411663.26789983,0.1238894,0.4805231981993932,0.6794855171214428,0.0841810508827227
1503,0.675,0.06958414803997318,0.1364279,0.06958415,7.060137e+07,0.3823541,1.014619e+09,0.0004757116003381377,0.0,257516275.37362948,44017326.46342614,0.1709303,0.17948824062878455,0.2538925516035463,0.04338312423581731
1504,0.675,0.06958414803997318,0.1364279,0.06958415,7.060137e+07,0.3823541,1.014619e+09,0.0,0.0,88087995.4308939,13381534.366876869,0.151911,0.06139712644363072,0.08681882241616554,0.013188733040986509
1505,0.675,0.06958414803997318,0.1364279,0.06958415,7.060137e+07,0.3823541,1.014619e+09,0.000257893251879803,0.0,238002780.23548523,31134767.906251475,0.1308168,0.16588738023352537,0.2346205666724842,0.030686177754402175
1506,0.675,0.06958414803997318,0.1364279,0.06958415,7.060137e+07,0.3823541,1.014619e+09,0.004395459372164596,0.0,87982285.73291034,12300366.223890195,0.139805,0.06132344703179183,0.08751455999299497,0.012123142383044766
1507,0.675,0.06958414803997318,0.1364279,0.06958415,7.060137e+07,0.3823541,1.014619e+09,2.4527414177374125e-06,0.0,292427902.9298832,34310833.49536452,0.1173309,0.20382156324487055,0.28821504416998717,0.0338164825480857
1508,0.675,0.06958414803997318,0.1364279,0.06958415,7.060137e+07,0.3823541,1.014619e+09,0.002021212810551574,0.0,167614133.7302383,24505770.699326932,0.1462035,0.11682665852520738,0.16556698506913672,0.02415269122777616
1509,0.675,0.06958414803997318,0.1364279,0.06958415,7.060137e+07,0.3823541,1.014619e+09,0.012089059136261371,0.007054917684743176,68991.92249968919,8619.996266818387,0.1249421,4.80872083486757e-05,0.0022680707878164866,0.0004994062358304658
1510,0.675,0.06958414803997318,0.1364279,0.06958415,7.060137e+07,0.3823541,1.014619e+09,3.027294857267617e-13,0.0,644111341.3744984,71626615.61042963,0.1112022,0.4489440959202147,0.6348309765648634,0.07059461837602331
1511,0.675,0.06958414803997318,0.1364279,0.06958415,7.060137e+07,0.3823541,1.014619e+09,0.0,0.0,342483115.7654181,42682250.020367146,0.1246259,0.23870992932237067,0.3375486144590447,0.04206728359198205
1512,0.675,0.06958414803997318,0.1364279,0.06958415,7.060137e+07,0.3823541,1.014619e+09,0.0,0.0,132935847.16470733,12483092.884734692,0.09390314,0.09265597403298612,0.13102050570318138,0.0123032363157192
1513,0.675,0.06958414803997318,0.1364279,0.06958415,7.060137e+07,0.3823541,1.014619e+09,0.011245577322356445,0.008998048571954647,14717.494073082085,1839.0165037820252,0.1249545,1.0258058888935677e-05,0.0020610741352832425,0.0006279340638311938
1514,0.675,0.06958414803997318,0.1364279,0.06958415,7.060137e+07,0.3823541,1.014619e+09,0.08106347896578778,0.00033013653958847815,36661777.42092335,4187035.2389362184,0.1142071,0.0255531729715266,0.050886196195099834,0.004149680649133013
1515,0.675,0.06958414803997318,0.1364279,0.06958415,7.060137e+07,0.3823541,1.014619e+09,0.006139355605873095,0.0,130858278.83192666,18093127.498779826,0.1382651,0.09120791377234494,0.13009016472679957,0.017832441476113934
1516,0.675,0.06958414803997318,0.1364279,0.06958415,7.060137e+07,0.3823541,1.014619e+09,0.0,0.0,147113763.28214565,21133639.166009415,0.1436551,0.10253794835095609,0.14499414621583026,0.020829145410631043
1517,0.675,0.06958414803997318,0.1364279,0.06958415,7.060137e+07,0.3823541,1.014619e+09,0.0021197329659145155,0.0,204988446.08411676,43234024.427348554,0.2109096,0.14287646667568377,0.20242073739249827,0.042611108025937816
1518,0.675,0.06958414803997318,0.1364279,0.06958415,7.060137e+07,0.3823541,1.014619e+09,0.0,0.0,62957318.07528854,9571415.843419872,0.1520302,0.04388110320268124,0.06205022819556127,0.00943351075610588
1519,0.675,0.06958414803997318,0.1364279,0.06958415,7.060137e+07,0.3823541,1.014619e+09,1.7028613624157555e-07,0.0,395807651.5019816,46676093.28647021,0.1179262,0.2758770058025497,0.39010488056264203,0.04600358351096276
1520,0.675,0.06958414803997318,0.1364279,0.06958415,7.060137e+07,0.3823541,1.014619e+09,0.0,0.0,333341801.1066774,48764181.119851194,0.1462888,0.23233845442141182,0.3285390079840044,0.048061586146950545
1521,0.675,0.06958414803997318,0.1364279,0.06958415,7.060137e+07,0.3823541,1.014619e+09,0.05122476967263129,8.997878312819348e-05,49103799.477390274,8050797.286722504,0.1639547,0.03422523319583531,0.05771864367776231,0.007941062388849417
1522,0.675,0.06958414803997318,0.1364279,0.06958415,7.060137e+07,0.3823541,1.014619e+09,1.7929989008247664e-05,0.0,378277378.0285676,56381075.576033205,0.1490469,0.263658446261335,0.3728304155699117,0.05556873628607173
1523,0.675,0.06958414803997318,0.1364279,0.06958415,7.060137e+07,0.3823541,1.014619e+09,0.00025473878720883074,0.0,236416167.83729967,35535466.42922516,0.150309,0.1647815151090902,0.23305624012980436,0.03502347095427829
1524,0.675,0.06958414803997318,0.1364279,0.06958415,7.060137e+07,0.3823541,1.014619e+09,0.03202592550509408,0.00010564838474296415,57879460.48350388,7208855.982354527,0.1245495,0.0403418483575629,0.06287389096750928,0.007112342141918775
1525,0.675,0.06958414803997318,0.1364279,0.06958415,7.060137e+07,0.3823541,1.014619e+09,2.0151980582404237e-06,0.0,336035456.07071483,36476285.67391381,0.1085489,0.23421592562067717,0.331194219474741,0.03595073486272327
1526,0.675,0.06958414803997318,0.1364279,0.06958415,7.060137e+07,0.3823541,1.014619e+09,0.00020298967994369197,0.0,211913525.17598662,36258882.48154588,0.1711023,0.14770323057870885,0.20889721411528034,0.03573646401845476
1527,0.675,0.06958414803997318,0.1364279,0.06958415,7.060137e+07,0.3823541,1.014619e+09,2.241759264888742e-06,0.0,105964223.89436582,10763837.305030549,0.1015799,0.07385681580241578,0.10443789791616188,0.01060875179337092
1528,0.675,0.06958414803997318,0.1364279,0.06958415,7.060137e+07,0.3823541,1.014619e+09,0.00024309866119909658,0.0,202300958.396834,29690046.553713575,0.1467618,0.14100329405386777,0.19943044471050353,0.029262271966408272
1529,0.675,0.06958414803997318,0.1364279,0.06958415,7.060137e+07,0.3823541,1.014619e+09,0.0,0.0,640767902.4752821,86352444.28016576,0.134764,0.4466137268404372,0.6315357099779091,0.08510827710959823
1530,0.675,0.06958414803997318,0.1364279,0.06958415,7.060137e+07,0.3823541,1.014619e+09,0.0,0.0,540477486.5610963,69869790.4147196,0.1292742,0.3767115419076646,0.5326902797157583,0.06886310554119836
1531,0.675,0.06958414803997318,0.1364279,0.06958415,7.060137e+07,0.3823541,1.014619e+09,0.0007541527024480701,0.0,202105022.38901812,30164574.903645527,0.149252,0.1408667271154571,0.1993303378434142,0.029729963305536296
1532,0.675,0.06958414803997318,0.1364279,0.06958415,7.060137e+07,0.3823541,1.014619e+09,4.7933881057620795e-08,0.0,466724010.14636403,57433262.13259934,0.1230562,0.3253055416355262,0.45999945309773616,0.05660576292467718
1533,0.675,0.06958414803997318,0.1364279,0.06958415,7.060137e+07,0.3823541,1.014619e+09,0.0,0.0,307796418.99072164,40798097.30541104,0.132549,0.2145333829340644,0.303361684074776,0.040210277774508994
1534,0.675,0.06958414803997318,0.1364279,0.06958415,7.060137e+07,0.3823541,1.014619e+09,4.5764371513493954e-07,0.0,160414367.0721098,19609248.659138944,0.1222412,0.11180843803203538,0.15810319801475015,0.019326718342544305
1535,0.675,0.06958414803997318,0.1364279,0.06958415,7.060137e+07,0.3823541,1.014619e+09,0.0,0.0,239516214.2463471,30465379.297850437,0.1271955,0.16694224019343754,0.2360652614323528,0.030026433706011765
1536,0.675,0.06958414803997318,0.1364279,0.06958415,7.060137e+07,0.3823541,1.014619e+09,0.715529901363561,0.8494745415495405,56.717084781900695,8.936531550210892,0.1575633,3.9531675216748014e-08,0.13021845658064599,0.05910997106314545
1537,0.675,0.06958414803997318,0.1364279,0.06958415,7.060137e+07,0.3823541,1.014619e+09,0.0,0.0,11817177.946044898,1363532.0761771589,0.1153856,0.008236545343223283,0.011646915888360438,0.001343886287811385
1538,0.675,0.06958414803997318,0.1364279,0.06958415,7.060137e+07,0.3823541,1.014619e+09,4.5369682413017035e-17,0.0,546017688.4934441,77001307.22173052,0.1410235,0.38057304967497957,0.5381506583446664,0.07589187135880072
1539,0.675,0.06958414803997318,0.1364279,0.06958415,7.060137e+07,0.3823541,1.014619e+09,0.0,0.0,34657021.443868525,4533087.78530277,0.1307985,0.02415586275224227,0.03415768261600375,0.004467774995945285
1540,0.675,0.06958414803997318,0.1364279,0.06958415,7.060137e+07,0.3823541,1.014619e+09,8.514965736654577e-05,0.0,434651570.1662644,57121011.37668257,0.1314179,0.30295112610839847,0.42840460081852233,0.05629801108182229
1541,0.675,0.06958414803997318,0.1364279,0.06958415,7.060137e+07,0.3823541,1.014619e+09,0.022334302894725985,0.012288039502765006,262179.28228352114,21653.560551320752,0.08259066,0.00018273834552053162,0.004322993926060713,0.000876394335643117
1542,0.675,0.06958414803997318,0.1364279,0.06958415,7.060137e+07,0.3823541,1.014619e+09,1.5028777776029757e-09,0.0,51000240.71357024,6179738.149498717,0.1211708,0.035547048294488584,0.050265428837683895,0.006090700399700173
1543,0.675,0.06958414803997318,0.1364279,0.06958415,7.060137e+07,0.3823541,1.014619e+09,0.00806548987850434,0.0,144460687.6873786,24974845.62710127,0.1728833,0.10068876087700325,0.14384712468484903,0.02461500771772586
1544,0.675,0.06958414803997318,0.1364279,0.06958415,7.060137e+07,0.3823541,1.014619e+09,0.0001631473792276737,0.0,342599419.25994825,49861946.482951134,0.1455401,0.23879099258558348,0.3376929332407862,0.049143534892036475
1545,0.675,0.06958414803997318,0.1364279,0.06958415,7.060137e+07,0.3823541,1.014619e+09,0.024949199902522506,0.009355466330468914,490765.1568341286,44788.55358836118,0.0912627,0.0003420621645535326,0.0050241682005982185,0.0006951353936323687
1546,0.675,0.06958414803997318,0.1364279,0.06958415,7.060137e+07,0.3823541,1.014619e+09,0.0,0.0,52880312.99662003,5911211.4874506425,0.1117847,0.03685745427115916,0.05211841274066118,0.005826042673385503
1547,0.675,0.06958414803997318,0.1364279,0.06958415,7.060137e+07,0.3823541,1.014619e+09,0.0,0.0,254053914.77278167,35378406.195722416,0.1392555,0.17707498340157848,0.2503935025754276,0.03486867364671765
1548,0.675,0.06958414803997318,0.1364279,0.06958415,7.060137e+07,0.3823541,1.014619e+09,0.005930175489807509,0.0,194305671.20330626,25686302.126668353,0.1321953,0.13543059761126033,0.1925853377911611,0.025316213542544506
1549,0.675,0.06958414803997318,0.1364279,0.06958415,7.060137e+07,0.3823541,1.014619e+09,0.003242909459106865,8.412477665634385e-07,119984424.07485312,11901990.59050817,0.09919613,0.08362886248182627,0.1188458599668357,0.011730565088618599
1550,0.675,0.06958414803997318,0.1364279,0.06958415,7.060137e+07,0.3823541,1.014619e+09,0.0,0.0,294286964.25285196,42165154.09065577,0.143279,0.2051173246315889,0.29004687374121046,0.04155763798733262
1551,0.675,0.06958414803997318,0.1364279,0.06958415,7.060137e+07,0.3823541,1.014619e+09,0.0,0.0,676907950.4416783,72392761.40238896,0.1069462,0.4718032556044611,0.6671550516504957,0.07134972552917895
1552,0.675,0.06958414803997318,0.1364279,0.06958415,7.060137e+07,0.3823541,1.014619e+09,5.855585187399875e-16,0.0,196982494.69404837,28187910.991828237,0.1430986,0.13729633731307145,0.19414436827947149,0.02778177919376207
1553,0.675,0.06958414803997318,0.1364279,0.06958415,7.060137e+07,0.3823541,1.014619e+09,0.05722251547237136,0.00024579775174498285,32550848.073739734,4823719.785307105,0.1481903,0.02268786484758507,0.04249570974988104,0.004771323193357005
1554,0.675,0.06958414803997318,0.1364279,0.06958415,7.060137e+07,0.3823541,1.014619e+09,5.377569468259297e-09,0.0,560086044.9743955,80258659.44193839,0.143297,0.3903786611829934,0.5520163187361914,0.07910229160471255
1555,0.675,0.06958414803997318,0.1364279,0.06958415,7.060137e+07,0.3823541,1.014619e+09,0.0001154742217841995,0.0,183912648.9780095,20744922.302817896,0.1127977,0.12818668546890027,0.18128384808570477,0.020446029185196342
1556,0.675,0.06958414803997318,0.1364279,0.06958415,7.060137e+07,0.3823541,1.014619e+09,0.0,0.0,490190038.1094438,61489247.714287214,0.1254396,0.34166130814980983,0.48312737349306883,0.06060330981192974
1557,0.675,0.06958414803997318,0.1364279,0.06958415,7.060137e+07,0.3823541,1.014619e+09,0.0,0.0,389828090.2685489,51919552.76474121,0.1331858,0.2717092656317052,0.3842114419371644,0.05117149515503581
1558,0.675,0.06958414803997318,0.1364279,0.06958415,7.060137e+07,0.3823541,1.014619e+09,3.445282514034545e-07,0.0,345058200.6375604,55083446.29330217,0.1596352,0.24050475744536998,0.3400866601742245,0.05428980326337826
1559,0.675,0.06958414803997318,0.1364279,0.06958415,7.060137e+07,0.3823541,1.014619e+09,0.0,0.0,648646882.334922,92436055.8326457,0.142506,0.4521053573438085,0.6393011693904945,0.0911042359055734
1560,0.675,0.06958414803997318,0.1364279,0.06958415,7.060137e+07,0.3823541,1.014619e+09,4.928391517153202e-05,0.0,323782973.41814345,43430301.69476251,0.134134,0.22567597391683256,0.3191268731311726,0.04280455732786127
1561,0.675,0.06958414803997318,0.1364279,0.06958415,7.060137e+07,0.3823541,1.014619e+09,0.0,0.0,225622242.49967238,34533031.89015063,0.1530569,0.15725817443666767,0.222371474216181,0.034035479505431905
1562,0.675,0.06958414803997318,0.1364279,0.06958415,7.060137e+07,0.3823541,1.014619e+09,0.0,0.0,451765213.91716164,67868988.15525515,0.1502307,0.31487929570909506,0.4452561746809758,0.06689113086741229
1563,0.675,0.06958414803997318,0.1364279,0.06958415,7.060137e+07,0.3823541,1.014619e+09,0.0,0.0,213278383.0491895,31951114.658674315,0.1498094,0.14865453331875544,0.21020546525753322,0.03149076257191245
1564,0.675,0.06958414803997318,0.1364279,0.06958415,7.060137e+07,0.3823541,1.014619e+09,0.04469003466804438,0.0,75871934.0182469,9003895.634057159,0.1186723,0.052882560258686095,0.0829118542473527,0.008874167385499829
1565,0.675,0.06958414803997318,0.1364279,0.06958415,7.060137e+07,0.3823541,1.014619e+09,0.011302022118172274,0.0,130011725.54470564,21254986.467853706,0.1634852,0.09061786811444873,0.1301953558760912,0.02094874433892957
1566,0.675,0.06958414803997318,0.1364279,0.06958415,7.060137e+07,0.3823541,1.014619e+09,0.0,0.0,325319766.6377128,40991615.184607714,0.1260041,0.22674711519048812,0.32063255509481614,0.04040100744551745
1567,0.675,0.06958414803997318,0.1364279,0.06958415,7.060137e+07,0.3823541,1.014619e+09,0.0,0.0,141322809.71415913,18005083.14447647,0.1274039,0.0985016672810594,0.13928662878419898,0.017745665666043357
1568,0.675,0.06958414803997318,0.1364279,0.06958415,7.060137e+07,0.3823541,1.014619e+09,0.00016789309755261457,0.0,316645745.9537552,52406660.46604678,0.1655057,0.2207013430951813,0.31211406447364387,0.05165158460207484
1569,0.675,0.06958414803997318,0.1364279,0.06958415,7.060137e+07,0.3823541,1.014619e+09,0.0,0.0,514536522.4640161,82705381.95890868,0.1607376,0.35863075070623907,0.5071230733758731,0.08151376171097834
1570,0.675,0.06958414803997318,0.1364279,0.06958415,7.060137e+07,0.3823541,1.014619e+09,0.0004913460280316892,0.0,217549841.18449157,32880289.140186768,0.1511391,0.15163172963193025,0.21450479962215815,0.03240654949508462
1571,0.675,0.06958414803997318,0.1364279,0.06958415,7.060137e+07,0.3823541,1.014619e+09,5.906946685583584e-06,0.0,313999335.0742423,50025043.91495649,0.1593158,0.2188568009121466,0.30947630345842764,0.049304282414063066
1572,0.675,0.06958414803997318,0.1364279,0.06958415,7.060137e+07,0.3823541,1.014619e+09,0.0035540002416138534,0.0,137417200.4704571,21004152.02398032,0.1528495,0.09577946678822259,0.1360840797135611,0.020701523921073817
1573,0.675,0.06958414803997318,0.1364279,0.06958415,7.060137e+07,0.3823541,1.014619e+09,0.0,0.0,467897771.7520989,70866315.20848486,0.1514568,0.3261236507248461,0.46115629440715045,0.06984527239242483
1574,0.675,0.06958414803997318,0.1364279,0.06958415,7.060137e+07,0.3823541,1.014619e+09,0.020654723117711767,0.01311145819441065,9227.613970748018,1153.0358728739116,0.1249549,6.431625319246752e-06,0.003768022145033502,0.000913486070936407
1575,0.675,0.06958414803997318,0.1364279,0.06958415,7.060137e+07,0.3823541,1.014619e+09,0.026569372156904362,0.0,93937854.12763652,12561738.31865627,0.1337239,0.06547446425026804,0.09741972340762259,0.012380748625178396
1576,0.675,0.06958414803997318,0.1364279,0.06958415,7.060137e+07,0.3823541,1.014619e+09,0.0,0.0,200424870.6244718,33178254.871511973,0.1655396,0.1396956652718116,0.19753714641151066,0.03270022213217307
1577,0.675,0.06958414803997318,0.1364279,0.06958415,7.060137e+07,0.3823541,1.014619e+09,0.04905984935608888,0.0004459720410618391,11629818.789868917,2195534.329094419,0.1887849,0.00810595645031184,0.020390597437010594,0.0021949336256827908
1578,0.675,0.06958414803997318,0.1364279,0.06958415,7.060137e+07,0.3823541,1.014619e+09,0.0,0.0,12230452.677801909,1473473.5010783344,0.1204758,0.008524596863041882,0.01205423615226233,0.001452243675194136
1579,0.675,0.06958414803997318,0.1364279,0.06958415,7.060137e+07,0.3823541,1.014619e+09,0.10389505370702241,0.002881891740908824,32080553.360364884,3084968.864156961,0.09616321,0.022360070534164698,0.05052606848592894,0.003241054573091931
1580,0.675,0.06958414803997318,0.1364279,0.06958415,7.060137e+07,0.3823541,1.014619e+09,0.0,0.0,515452248.9899676,68645303.05220778,0.1331749,0.35926900994947203,0.5080256061018077,0.06765626060896066
1581,0.675,0.06958414803997318,0.1364279,0.06958415,7.060137e+07,0.3823541,1.014619e+09,0.0,0.0,321388318.4108017,45954419.31025646,0.1429872,0.2240069049868899,0.3167577512264693,0.04529230742303744
1582,0.675,0.06958414803997318,0.1364279,0.06958415,7.060137e+07,0.3823541,1.014619e+09,0.0,0.0,613406296.4535921,88992425.3899099,0.1450791,0.42754275154582483,0.6045683303412388,0.08771022133625188
1583,0.675,0.06958414803997318,0.1364279,0.06958415,7.060137e+07,0.3823541,1.014619e+09,3.069195873828038e-09,0.0,370115670.34611523,47690888.519918576,0.128854,0.2579697551278354,0.36478303938282414,0.04700375756113334
1584,0.675,0.06958414803997318,0.1364279,0.06958415,7.060137e+07,0.3823541,1.014619e+09,0.0,0.0,80165550.37665442,13516965.794371355,0.1686131,0.05587520080145332,0.07901052405608482,0.013322213170664746
1585,0.675,0.06958414803997318,0.1364279,0.06958415,7.060137e+07,0.3823541,1.014619e+09,0.0,0.0,476897372.8467283,74322326.63585499,0.1558455,0.3323963516036246,0.47002622912900394,0.07325148956098869
1586,0.675,0.06958414803997318,0.1364279,0.06958415,7.060137e+07,0.3823541,1.014619e+09,3.7539821953523705e-05,0.0,436204491.14690346,56628642.070326164,0.1298213,0.30403350839373566,0.4299264828379408,0.05581273583900826
1587,0.675,0.06958414803997318,0.1364279,0.06958415,7.060137e+07,0.3823541,1.014619e+09,0.0,0.0,332891035.85221744,41919988.94722945,0.1259271,0.2320242720951017,0.3280947373613514,0.041316005186567376
1588,0.675,0.06958414803997318,0.1364279,0.06958415,7.060137e+07,0.3823541,1.014619e+09,0.0,0.0,265578947.4053723,39328392.353078745,0.1480855,0.18510790414575934,0.2617524823839121,0.03876174835076023
1589,0.675,0.06958414803997318,0.1364279,0.06958415,7.060137e+07,0.3823541,1.014619e+09,0.0,0.0,554866909.1419811,67575923.65013018,0.1217876,0.38674093573514146,0.5468723793039034,0.06660228883959152
0,0.7,0.06591814617341918,0.1292661,0.06591815,6.480724e+07,0.3824064,9.831473e+08,0.0,0.0,143564186.30626643,22232575.49589441,0.1548616,0.10336309918331191,0.14602511002678098,0.02261367801048157
1,0.7,0.06591814617341918,0.1292661,0.06591815,6.480724e+07,0.3824064,9.831473e+08,0.0,0.0,608220372.0185378,82199241.61047418,0.1351471,0.4379054711050793,0.6186462587198875,0.08360827034314143
2,0.7,0.06591814617341918,0.1292661,0.06591815,6.480724e+07,0.3824064,9.831473e+08,0.0,0.0,107475646.5294768,10491869.700108042,0.0976209,0.07738013356839529,0.10931795396510557,0.010671717416184407
3,0.7,0.06591814617341918,0.1292661,0.06591815,6.480724e+07,0.3824064,9.831473e+08,0.0,0.0,77561249.23358832,11549008.45380774,0.1489018,0.05584241657742069,0.07889077523128032,0.011746977248001073
4,0.7,0.06591814617341918,0.1292661,0.06591815,6.480724e+07,0.3824064,9.831473e+08,0.0019756604782441736,0.0,270882810.46375734,44175788.76981771,0.1630808,0.19502974610456514,0.275866741338458,0.0449330336597387
5,0.7,0.06591814617341918,0.1292661,0.06591815,6.480724e+07,0.3824064,9.831473e+08,0.06616541799575933,8.44924156445015e-06,44594191.77509805,7445636.116856473,0.1669643,0.03210685050389824,0.05676401751788435,0.007573823391682751
6,0.7,0.06591814617341918,0.1292661,0.06591815,6.480724e+07,0.3824064,9.831473e+08,3.340589972313011e-09,0.0,705721904.6783168,96633507.70879266,0.1369286,0.5081044590987708,0.7178191268523403,0.09828996324575907
7,0.7,0.06591814617341918,0.1292661,0.06591815,6.480724e+07,0.3824064,9.831473e+08,0.0,0.0,251825664.80082783,33445335.004640777,0.1328115,0.18130901471612537,0.2561423663953372,0.0340186424594533
8,0.7,0.06591814617341918,0.1292661,0.06591815,6.480724e+07,0.3824064,9.831473e+08,6.606183927350286e-07,0.0,381534324.4887031,41238501.48538072,0.108086,0.27469643536190447,0.3880745574112171,0.04194539649251954
9,0.7,0.06591814617341918,0.1292661,0.06591815,6.480724e+07,0.3824064,9.831473e+08,0.0004919635153458417,0.0,28586222.62695325,4174523.155669648,0.1460327,0.020581460047163807,0.029161040277961108,0.004246081274166617
10,0.7,0.06591814617341918,0.1292661,0.06591815,6.480724e+07,0.3824064,9.831473e+08,0.0028303209798586663,0.0,121416306.41629241,13807531.747168463,0.1137206,0.08741710621203047,0.12398546221638373,0.014044215305043241
11,0.7,0.06591814617341918,0.1292661,0.06591815,6.480724e+07,0.3824064,9.831473e+08,2.268025198835044e-06,0.0,266417181.1178392,36228376.749019854,0.1359836,0.19181458986766528,0.27098439599703716,0.036849390067113026
12,0.7,0.06591814617341918,0.1292661,0.06591815,6.480724e+07,0.3824064,9.831473e+08,0.0015939884728826245,4.690957238879326e-12,252233846.41442686,25968905.616512366,0.1029557,0.1816028966214721,0.25683231215768043,0.02641405490838059
13,0.7,0.06591814617341918,0.1292661,0.06591815,6.480724e+07,0.3824064,9.831473e+08,0.004782214554171727,0.0025432496280835613,82523.16053738716,8591.821037675818,0.1041141,5.9414885056009266e-05,0.0009082824424753842,0.00017638539956795998
14,0.7,0.06591814617341918,0.1292661,0.06591815,6.480724e+07,0.3824064,9.831473e+08,4.0927864961570725e-22,0.0,37833265.07643547,5160754.250799516,0.1364078,0.027239129974809307,0.03848178879148299,0.005249217974784587
15,0.7,0.06591814617341918,0.1292661,0.06591815,6.480724e+07,0.3824064,9.831473e+08,0.0,0.0,514060834.5810615,62702771.3555112,0.1219754,0.37011264715912695,0.5228726736208431,0.06377759886884099
16,0.7,0.06591814617341918,0.1292661,0.06591815,6.480724e+07,0.3824064,9.831473e+08,0.0,0.0,607233652.3914973,72268194.04983068,0.1190122,0.43719505438277556,0.6176426251131272,0.07350698847030387
17,0.7,0.06591814617341918,0.1292661,0.06591815,6.480724e+07,0.3824064,9.831473e+08,0.0,0.0,342568760.1024994,55256961.21658421,0.1613018,0.2466420744519155,0.3484409459820965,0.05620415543040681
18,0.7,0.06591814617341918,0.1292661,0.06591815,6.480724e+07,0.3824064,9.831473e+08,0.01728873071177817,0.014762689679663574,7752.581256848907,1325.9234375871522,0.1710299,5.5816902947429665e-06,0.0029880682697601075,0.0009744777881393669
19,0.7,0.06591814617341918,0.1292661,0.06591815,6.480724e+07,0.3824064,9.831473e+08,0.0,0.0,455655941.3468443,60505181.796072066,0.132787,0.3280623912597862,0.4634666254965924,0.06154233904905404
20,0.7,0.06591814617341918,0.1292661,0.06591815,6.480724e+07,0.3824064,9.831473e+08,2.777060467977633e-09,0.0,100230408.94429632,12793388.107422268,0.1276398,0.07216371970925874,0.10194852169900617,0.013012687593382786
21,0.7,0.06591814617341918,0.1292661,0.06591815,6.480724e+07,0.3824064,9.831473e+08,0.06991963059781832,0.0028283283931514174,11212740.937901834,1401730.6106906494,0.1250123,0.008072930188930695,0.023457494918643167,0.0016121967183054828
22,0.7,0.06591814617341918,0.1292661,0.06591815,6.480724e+07,0.3824064,9.831473e+08,0.0,0.0,148104642.7275693,16833873.43556852,0.113662,0.10663212929094223,0.1506433972580974,0.017122433413593638
23,0.7,0.06591814617341918,0.1292661,0.06591815,6.480724e+07,0.3824064,9.831473e+08,0.015810596151802723,1.1186526034982452e-05,13769009.623045571,2026037.352412816,0.1471447,0.009913388178070382,0.016730418965688568,0.002061504323889091
24,0.7,0.06591814617341918,0.1292661,0.06591815,6.480724e+07,0.3824064,9.831473e+08,1.4410392130602243e-07,0.0,258431889.93941185,33356510.69064839,0.1290727,0.18606535347856604,0.26286185782081506,0.03392829555220917
25,0.7,0.06591814617341918,0.1292661,0.06591815,6.480724e+07,0.3824064,9.831473e+08,0.0,0.0,507096417.77736676,73620247.97316541,0.14518,0.36509841816960353,0.5157888753825948,0.07488221879756606
26,0.7,0.06591814617341918,0.1292661,0.06591815,6.480724e+07,0.3824064,9.831473e+08,4.099196903526761e-07,0.0,560234430.4183377,68190716.25159265,0.1217182,0.40335663431896795,0.5698378306722497,0.06935961606888014
27,0.7,0.06591814617341918,0.1292661,0.06591815,6.480724e+07,0.3824064,9.831473e+08,4.7492776817285627e-07,0.0,50245589.26697141,5878191.6177619705,0.1169892,0.036175734077902304,0.05110696227919762,0.005978953385428876
28,0.7,0.06591814617341918,0.1292661,0.06591815,6.480724e+07,0.3824064,9.831473e+08,0.04575047562210657,2.9727229684555966e-05,27861747.83428687,3456129.432281158,0.1240457,0.020059853915600924,0.03622568189133781,0.003517332677462914
29,0.7,0.06591814617341918,0.1292661,0.06591815,6.480724e+07,0.3824064,9.831473e+08,0.0004046025349822361,0.0,222220491.8262491,35515437.38046096,0.1598207,0.15999393252715666,0.2260994568383013,0.03612422975788281
30,0.7,0.06591814617341918,0.1292661,0.06591815,6.480724e+07,0.3824064,9.831473e+08,3.164433688672981e-07,0.0,260904976.42153928,41724343.572927155,0.1599216,0.18784592208636433,0.26537736673614565,0.04243956670387199
31,0.7,0.06591814617341918,0.1292661,0.06591815,6.480724e+07,0.3824064,9.831473e+08,0.0001183084859539726,0.0,277450819.63918495,36860846.06980148,0.1328554,0.19975857020271695,0.28222717176187184,0.03749270094102886
32,0.7,0.06591814617341918,0.1292661,0.06591815,6.480724e+07,0.3824064,9.831473e+08,0.0,0.0,120198900.45137173,15277706.618321098,0.1271035,0.08654060033172681,0.12225930515891847,0.015539591365342073
33,0.7,0.06591814617341918,0.1292661,0.06591815,6.480724e+07,0.3824064,9.831473e+08,0.0026350482039478626,0.0,179852031.99495676,25280510.381598514,0.1405628,0.1294895607303941,0.18338921062948194,0.025713859458868175
34,0.7,0.06591814617341918,0.1292661,0.06591815,6.480724e+07,0.3824064,9.831473e+08,0.003981349285783081,1.2971829228718873e-08,165551150.75058365,17581609.26447175,0.1062005,0.11919323652515336,0.16907526060987113,0.017882987506188434
35,0.7,0.06591814617341918,0.1292661,0.06591815,6.480724e+07,0.3824064,9.831473e+08,0.0,0.0,23971949.276749134,4375537.936529788,0.1825274,0.017259283352353657,0.024382867487759457,0.004450541775405358
36,0.7,0.06591814617341918,0.1292661,0.06591815,6.480724e+07,0.3824064,9.831473e+08,0.0,0.0,219386353.87660846,32459388.964530032,0.1479554,0.15795341469659582,0.22314699290576293,0.03301579570016124
37,0.7,0.06591814617341918,0.1292661,0.06591815,6.480724e+07,0.3824064,9.831473e+08,0.0,0.0,34198567.34298058,4718925.240560836,0.1379861,0.024622226469899058,0.03478478642551984,0.004799815296490643
38,0.7,0.06591814617341918,0.1292661,0.06591815,6.480724e+07,0.3824064,9.831473e+08,0.00022259763418818257,0.0,94850137.8275259,11642135.709472645,0.1227424,0.06829004124261476,0.0965143942577273,0.011841700856338526
39,0.7,0.06591814617341918,0.1292661,0.06591815,6.480724e+07,0.3824064,9.831473e+08,0.0,0.0,627551111.9017243,83718046.4579049,0.1334043,0.45182318439584457,0.6383083589342096,0.08515310997662875
40,0.7,0.06591814617341918,0.1292661,0.06591815,6.480724e+07,0.3824064,9.831473e+08,0.0,0.0,445555256.035136,67322897.46675245,0.1510989,0.32079011699309495,0.45319279800565,0.06847692145819738
41,0.7,0.06591814617341918,0.1292661,0.06591815,6.480724e+07,0.3824064,9.831473e+08,2.555392089259471e-10,0.0,350429756.3698478,44964563.98922298,0.1283126,0.25230182120190353,0.3564366925587163,0.04573532976967754
42,0.7,0.06591814617341918,0.1292661,0.06591815,6.480724e+07,0.3824064,9.831473e+08,0.0,0.0,485359775.2061887,71143828.20718245,0.1465796,0.34944850714511,0.4936796313940016,0.07236334916786111
43,0.7,0.06591814617341918,0.1292661,0.06591815,6.480724e+07,0.3824064,9.831473e+08,0.006210061144222381,0.0030549208027719804,491.49850211968715,61.48721714542905,0.1251015,3.538682573289448e-07,0.001070972805411554,0.00020143725723342442
44,0.7,0.06591814617341918,0.1292661,0.06591815,6.480724e+07,0.3824064,9.831473e+08,0.03900279652457752,0.024521157138116537,17455.085003199452,2183.086853632511,0.1250688,1.2567282473846983e-05,0.0067409467107151675,0.001618609729085755
45,0.7,0.06591814617341918,0.1292661,0.06591815,6.480724e+07,0.3824064,9.831473e+08,0.0076822224327095295,0.0,166575447.01446548,20396824.693485692,0.122448,0.11993070761067083,0.17075506108704194,0.020746459452702693
46,0.7,0.06591814617341918,0.1292661,0.06591815,6.480724e+07,0.3824064,9.831473e+08,0.047446423153389435,0.02524548470530103,3199194.7513653594,264163.14705856796,0.08257176,0.002303350807050649,0.01143271519227267,0.0019328268841939042
47,0.7,0.06591814617341918,0.1292661,0.06591815,6.480724e+07,0.3824064,9.831473e+08,4.421427079951893e-05,0.0,105115098.4050846,15176927.336211551,0.1443839,0.07568059013638628,0.10692456373714371,0.015437084562377494
48,0.7,0.06591814617341918,0.1292661,0.06591815,6.480724e+07,0.3824064,9.831473e+08,0.0,0.0,33420764.884958643,5220144.773293026,0.1561947,0.024062225576347265,0.03399365116794623,0.005309626547457173
49,0.7,0.06591814617341918,0.1292661,0.06591815,6.480724e+07,0.3824064,9.831473e+08,0.0,0.0,661115911.949434,81617454.57208303,0.1234541,0.4759891121641965,0.6724485142619299,0.08301651052839218
50,0.7,0.06591814617341918,0.1292661,0.06591815,6.480724e+07,0.3824064,9.831473e+08,0.0053246455664290255,0.0025797684554517025,1204.6977165909125,206.102455997429,0.1710823,8.673562172410727e-07,0.0009190727818712353,0.00017026318952744626
51,0.7,0.06591814617341918,0.1292661,0.06591815,6.480724e+07,0.3824064,9.831473e+08,0.00020639126709453645,0.0,78394440.08963528,10138033.031682415,0.1293208,0.05644229591577104,0.0797738254805318,0.010311815411598558
52,0.7,0.06591814617341918,0.1292661,0.06591815,6.480724e+07,0.3824064,9.831473e+08,0.0,0.0,152805222.48280197,22797406.10198147,0.1491926,0.11001644472475579,0.15542455259779472,0.0231881907320903
53,0.7,0.06591814617341918,0.1292661,0.06591815,6.480724e+07,0.3824064,9.831473e+08,0.0,0.0,134511494.8468056,19131593.03799836,0.1422302,0.09684535775158738,0.13681724070771414,0.019459539668211567
54,0.7,0.06591814617341918,0.1292661,0.06591815,6.480724e+07,0.3824064,9.831473e+08,0.024809801989737527,2.308290437028722e-06,74271143.4828273,8649199.033614572,0.1164544,0.053473611823329645,0.07982091563492875,0.008797612534818752
55,0.7,0.06591814617341918,0.1292661,0.06591815,6.480724e+07,0.3824064,9.831473e+08,2.989496449060254e-08,0.0,791330805.3216505,123285846.12015247,0.1557956,0.5697410100787901,0.8048955079087701,0.12539916609867102
56,0.7,0.06591814617341918,0.1292661,0.06591815,6.480724e+07,0.3824064,9.831473e+08,7.93034762776185e-09,0.0,373409314.8316649,56021763.274455674,0.1500278,0.2688466046997211,0.3798101593613988,0.056982067439820774
57,0.7,0.06591814617341918,0.1292661,0.06591815,6.480724e+07,0.3824064,9.831473e+08,8.594588936325151e-06,0.0,375174962.130258,58711237.794935316,0.1564903,0.2701178324449046,0.381607552871322,0.05971764392913719
58,0.7,0.06591814617341918,0.1292661,0.06591815,6.480724e+07,0.3824064,9.831473e+08,0.01027730726655519,0.0,160589078.8708959,23146505.99169238,0.144135,0.11562065243540882,0.1651134102823091,0.02354327476186791
59,0.7,0.06591814617341918,0.1292661,0.06591815,6.480724e+07,0.3824064,9.831473e+08,0.032958134249292864,1.5988325424259537e-06,56754060.52246878,9632784.781589152,0.1697286,0.04086169216551726,0.06340814798142937,0.00979801177657823
60,0.7,0.06591814617341918,0.1292661,0.06591815,6.480724e+07,0.3824064,9.831473e+08,0.00010118040218046374,0.0,277587801.3114894,30286202.893371645,0.1091049,0.1998571940346418,0.28236354903196853,0.030805357684146658
61,0.7,0.06591814617341918,0.1292661,0.06591815,6.480724e+07,0.3824064,9.831473e+08,0.0,0.0,207109895.17908975,29048068.113008242,0.1402544,0.149114630800559,0.21066009573337144,0.029545999259303495
62,0.7,0.06591814617341918,0.1292661,0.06591815,6.480724e+07,0.3824064,9.831473e+08,0.0015868814116721413,0.0,152243036.05855146,20466079.060946453,0.1344303,0.10961168269723068,0.15512627154017844,0.02081690095269294
63,0.7,0.06591814617341918,0.1292661,0.06591815,6.480724e+07,0.3824064,9.831473e+08,0.0,0.0,597916176.2468854,96618699.79797472,0.1615924,0.4304866737228587,0.6081654322686227,0.09827490150325846
64,0.7,0.06591814617341918,0.1292661,0.06591815,6.480724e+07,0.3824064,9.831473e+08,0.00014174139440343474,0.0,220675464.54480264,27708766.00312172,0.1255634,0.15888154640745694,0.22448263401118052,0.02818373933231819
65,0.7,0.06591814617341918,0.1292661,0.06591815,6.480724e+07,0.3824064,9.831473e+08,2.9108272765639035e-05,0.0,347784375.05521536,41376240.783498235,0.118971,0.25039720405303667,0.3537509826627101,0.0420854968662974
66,0.7,0.06591814617341918,0.1292661,0.06591815,6.480724e+07,0.3824064,9.831473e+08,0.0005120137278211685,0.0,312400543.9302888,39081444.19620342,0.1251004,0.22492161337717673,0.3178438569904546,0.03975136373204942
67,0.7,0.06591814617341918,0.1292661,0.06591815,6.480724e+07,0.3824064,9.831473e+08,0.009144967739794885,0.0,113454706.99493521,20812183.797880836,0.1834405,0.08168492737397423,0.11697588908431426,0.021168938487902564
68,0.7,0.06591814617341918,0.1292661,0.06591815,6.480724e+07,0.3824064,9.831473e+08,0.0,0.0,282921263.6906521,34651507.365457386,0.1224776,0.20369717122583209,0.287770994440137,0.03524549057687839
69,0.7,0.06591814617341918,0.1292661,0.06591815,6.480724e+07,0.3824064,9.831473e+08,0.00035727627523801295,0.0,158756050.83873263,18923379.69899001,0.1191978,0.11430091202403568,0.16153897411318072,0.01924775721382649
70,0.7,0.06591814617341918,0.1292661,0.06591815,6.480724e+07,0.3824064,9.831473e+08,0.00389552597241757,0.0,135374966.70137995,18169770.920622393,0.1342181,0.09746703875186113,0.1383670136903885,0.01848123035493762
71,0.7,0.06591814617341918,0.1292661,0.06591815,6.480724e+07,0.3824064,9.831473e+08,9.419982397998119e-09,0.0,299233834.9287109,36426315.632379524,0.1217319,0.21544186857825748,0.3043631913122295,0.03705072194496391
72,0.7,0.06591814617341918,0.1292661,0.06591815,6.480724e+07,0.3824064,9.831473e+08,0.0,0.0,103369182.45705646,18278682.31868794,0.1768291,0.07442356853549222,0.10514109841760173,0.01859200867155597
73,0.7,0.06591814617341918,0.1292661,0.06591815,6.480724e+07,0.3824064,9.831473e+08,1.508179187997124e-08,0.0,62052919.45256229,6359387.173461354,0.1024833,0.04467675562417962,0.06311661004677635,0.00646839741581888
74,0.7,0.06591814617341918,0.1292661,0.06591815,6.480724e+07,0.3824064,9.831473e+08,0.01009116887550658,0.0,153141410.28378227,20474381.347572517,0.1336959,0.1102584926470894,0.15750599052630088,0.020825345554018916
75,0.7,0.06591814617341918,0.1292661,0.06591815,6.480724e+07,0.3824064,9.831473e+08,0.01031522364978016,0.0,173577316.07589817,25454716.473594487,0.1466477,0.12497190141315219,0.17833082292335478,0.025891051726700066
76,0.7,0.06591814617341918,0.1292661,0.06591815,6.480724e+07,0.3824064,9.831473e+08,0.06710456357005005,4.169848668920435e-05,56574815.27947261,6957082.176528499,0.1229714,0.0407326394797003,0.0691118956745173,0.00707908657058042
77,0.7,0.06591814617341918,0.1292661,0.06591815,6.480724e+07,0.3824064,9.831473e+08,0.0006730476799803122,0.0,141687929.5564907,16567740.829771174,0.1169312,0.10201223503320483,0.1442327092507474,0.01685173886195688
78,0.7,0.06591814617341918,0.1292661,0.06591815,6.480724e+07,0.3824064,9.831473e+08,0.027650524467829094,0.0,73395494.13604929,10848116.095077682,0.1478036,0.05284316329288812,0.07941993198844634,0.011034070453947664
79,0.7,0.06591814617341918,0.1292661,0.06591815,6.480724e+07,0.3824064,9.831473e+08,0.00040429852677408934,0.0,292632580.337184,43294618.29582347,0.1479487,0.21068910850185044,0.2977184706969601,0.04403675849022769
80,0.7,0.06591814617341918,0.1292661,0.06591815,6.480724e+07,0.3824064,9.831473e+08,0.0,0.0,535187768.24755293,69536089.62940131,0.1299284,0.3853235810012915,0.5443617573021766,0.07072805133519723
81,0.7,0.06591814617341918,0.1292661,0.06591815,6.480724e+07,0.3824064,9.831473e+08,0.0008606749237328023,0.0,158596519.99679837,21320334.08858159,0.1344313,0.11418605327923376,0.16146348309690542,0.02168579930130502
82,0.7,0.06591814617341918,0.1292661,0.06591815,6.480724e+07,0.3824064,9.831473e+08,0.0,0.0,189421425.1268016,24888661.481281407,0.1313931,0.1363793161551968,0.1926684165266886,0.025315293630893423
83,0.7,0.06591814617341918,0.1292661,0.06591815,6.480724e+07,0.3824064,9.831473e+08,0.005413896934020295,0.0,207592213.8557469,31382547.540261507,0.151174,0.14946188978273245,0.21208391447035033,0.03192049546194756
84,0.7,0.06591814617341918,0.1292661,0.06591815,6.480724e+07,0.3824064,9.831473e+08,0.023453048452772518,2.4448082350490112e-05,41040061.853031434,5099347.640003803,0.1242529,0.029547954075082466,0.0457863258412489,0.005188370327042327
85,0.7,0.06591814617341918,0.1292661,0.06591815,6.480724e+07,0.3824064,9.831473e+08,3.90231202797256e-05,0.0,104670413.57444158,13583854.043749396,0.1297774,0.07536042670678962,0.1064713614491047,0.013816703401882187
86,0.7,0.06591814617341918,0.1292661,0.06591815,6.480724e+07,0.3824064,9.831473e+08,0.00010803928889620714,0.0,242857983.8073987,38609927.69040219,0.1589815,0.17485247897544492,0.2470395882688863,0.03927176466621985
87,0.7,0.06591814617341918,0.1292661,0.06591815,6.480724e+07,0.3824064,9.831473e+08,0.0,0.0,19339748.065615617,2458713.7133467123,0.1271327,0.013924198986660759,0.01967126281165344,0.0025008600665202075
88,0.7,0.06591814617341918,0.1292661,0.06591815,6.480724e+07,0.3824064,9.831473e+08,0.00019136832980994983,0.0,191607305.24619216,21357680.57142612,0.1114659,0.13795310241343112,0.19492475372227702,0.021723785963625186
89,0.7,0.06591814617341918,0.1292661,0.06591815,6.480724e+07,0.3824064,9.831473e+08,4.068076859339935e-05,0.0,249668920.31697363,32263658.052354574,0.1292258,0.17975620548331217,0.25395566423870747,0.03281670964171286
90,0.7,0.06591814617341918,0.1292661,0.06591815,6.480724e+07,0.3824064,9.831473e+08,0.0,0.0,562834631.4928993,78277554.51199333,0.1390774,0.40522872267527366,0.5724825327627405,0.07961935914752748
91,0.7,0.06591814617341918,0.1292661,0.06591815,6.480724e+07,0.3824064,9.831473e+08,0.0,0.0,545430928.7696917,81864531.52358991,0.1500915,0.3926984343281633,0.5547805022604518,0.08326782278082194
92,0.7,0.06591814617341918,0.1292661,0.06591815,6.480724e+07,0.3824064,9.831473e+08,0.0,0.0,336401004.6339565,45662291.747480325,0.1357377,0.24220142433829037,0.3421674651503875,0.04644501771685759
93,0.7,0.06591814617341918,0.1292661,0.06591815,6.480724e+07,0.3824064,9.831473e+08,0.08897212628274866,0.0006370813288207041,21448157.77115133,2871179.3806408066,0.133866,0.015442208227819484,0.0371525790928871,0.002962391286557291
94,0.7,0.06591814617341918,0.1292661,0.06591815,6.480724e+07,0.3824064,9.831473e+08,0.06434000453162626,0.01350117750743557,6010154.238087982,582105.1158851804,0.09685361,0.0043271806472208905,0.017203927163206536,0.0014820559370574292
95,0.7,0.06591814617341918,0.1292661,0.06591815,6.480724e+07,0.3824064,9.831473e+08,0.0006482083498818753,0.0,106334436.38490547,16674227.464287305,0.1568093,0.07655848702549854,0.10826891795505844,0.016960050850633686
96,0.7,0.06591814617341918,0.1292661,0.06591815,6.480724e+07,0.3824064,9.831473e+08,0.009757042526724082,2.6697310272195183e-05,49138355.287013836,4631413.246050624,0.09425251,0.03537854963633596,0.05166255820171688,0.004712563041220605
97,0.7,0.06591814617341918,0.1292661,0.06591815,6.480724e+07,0.3824064,9.831473e+08,0.0006113624834779775,0.0,267018572.53592342,42472925.14900011,0.1590636,0.1922475786401076,0.2717010902328258,0.043200980186040024
98,0.7,0.06591814617341918,0.1292661,0.06591815,6.480724e+07,0.3824064,9.831473e+08,0.10652130745561407,0.0030109087477469434,22798853.98242597,2534456.9305923497,0.111166,0.01641468019345769,0.041551506949626546,0.002776375168686283
99,0.7,0.06591814617341918,0.1292661,0.06591815,6.480724e+07,0.3824064,9.831473e+08,0.0,0.0,340910553.77385664,43193858.9212234,0.1267014,0.24544820187391572,0.3467543152992143,0.04393427193601968
100,0.7,0.06591814617341918,0.1292661,0.06591815,6.480724e+07,0.3824064,9.831473e+08,0.0017646954024709755,0.0,121474467.3884043,17848150.09407963,0.1469292,0.08745898085001416,0.12386093062092168,0.01815409642417705
101,0.7,0.06591814617341918,0.1292661,0.06591815,6.480724e+07,0.3824064,9.831473e+08,0.002633277958909701,0.0,115861936.56091887,15299772.73144586,0.1320518,0.0834180804310672,0.118301915703174,0.01556203572754556
102,0.7,0.06591814617341918,0.1292661,0.06591815,6.480724e+07,0.3824064,9.831473e+08,0.0006803057608570019,0.0,135077640.75685942,18706078.52353964,0.1384839,0.09725297052298067,0.13751036047426662,0.019026731142697605
103,0.7,0.06591814617341918,0.1292661,0.06591815,6.480724e+07,0.3824064,9.831473e+08,1.4385949369339062e-05,0.0,479050977.4392248,71409624.5480891,0.1490648,0.3449063096368608,0.4872651703789218,0.07263370169047988
104,0.7,0.06591814617341918,0.1292661,0.06591815,6.480724e+07,0.3824064,9.831473e+08,0.037727111873855634,0.0,38063278.545472205,5174289.203365025,0.1359391,0.027404734681841344,0.04521903854896345,0.005262984938457333
105,0.7,0.06591814617341918,0.1292661,0.06591815,6.480724e+07,0.3824064,9.831473e+08,0.004131420114224702,0.002423927854635501,11747.918224966299,1223.5874536426263,0.1041536,8.458246223707577e-06,0.0007241118813709686,0.0001610253923689604
106,0.7,0.06591814617341918,0.1292661,0.06591815,6.480724e+07,0.3824064,9.831473e+08,0.0,0.0,111126197.23679529,15023693.669651892,0.1351949,0.08000845087052039,0.11303108105069583,0.015281224221474321
107,0.7,0.06591814617341918,0.1292661,0.06591815,6.480724e+07,0.3824064,9.831473e+08,0.028703509981882924,0.01594608615870265,91144.41759287444,9489.185317171155,0.1041115,6.562200307784048e-05,0.005040537138292052,0.0010607882836949358
108,0.7,0.06591814617341918,0.1292661,0.06591815,6.480724e+07,0.3824064,9.831473e+08,0.0,0.0,78029743.82713503,10353648.01292426,0.1326885,0.056179722519700104,0.07936730058436292,0.01053112638440688
109,0.7,0.06591814617341918,0.1292661,0.06591815,6.480724e+07,0.3824064,9.831473e+08,0.0013428919329928858,0.0,110654027.71609148,13511656.584135776,0.1221072,0.07966849906042389,0.11278230171239105,0.01374326836035141
110,0.7,0.06591814617341918,0.1292661,0.06591815,6.480724e+07,0.3824064,9.831473e+08,0.0,0.0,51750942.701988295,7408668.760154982,0.1431601,0.03725955588898861,0.05263803805446447,0.007535665396004022
111,0.7,0.06591814617341918,0.1292661,0.06591815,6.480724e+07,0.3824064,9.831473e+08,0.0,0.0,635377638.7204207,77434412.42426193,0.1218715,0.4574581138906976,0.6462690451556994,0.07876176423268892
112,0.7,0.06591814617341918,0.1292661,0.06591815,6.480724e+07,0.3824064,9.831473e+08,0.07233195998184035,0.002705577574361172,24228726.610255484,2309539.19974122,0.09532235,0.017444157461099848,0.037112426318854703,0.0025274751170870115
113,0.7,0.06591814617341918,0.1292661,0.06591815,6.480724e+07,0.3824064,9.831473e+08,0.035082134351230844,2.8787674900118485e-05,38799190.43879453,4436930.96674374,0.1143563,0.027934575277722144,0.04551163137982613,0.00451488481220069
114,0.7,0.06591814617341918,0.1292661,0.06591815,6.480724e+07,0.3824064,9.831473e+08,0.09622216763980361,0.0035839230938254007,20249776.917440034,2185776.956930055,0.1079408,0.014579400014792781,0.03718339778891411,0.0024594902964257957
115,0.7,0.06591814617341918,0.1292661,0.06591815,6.480724e+07,0.3824064,9.831473e+08,0.0,0.0,507403092.8732236,62301182.28003891,0.1227844,0.3653192175845947,0.51610080738853,0.06336912590326242
116,0.7,0.06591814617341918,0.1292661,0.06591815,6.480724e+07,0.3824064,9.831473e+08,0.0,0.0,305257511.5758243,39363288.13550762,0.1289511,0.21977878506657675,0.3104901219533151,0.04003803893501041
117,0.7,0.06591814617341918,0.1292661,0.06591815,6.480724e+07,0.3824064,9.831473e+08,0.0,0.0,429317055.9213896,76251314.88877812,0.1776107,0.30909896523652086,0.43667624872372646,0.0775583864806437
118,0.7,0.06591814617341918,0.1292661,0.06591815,6.480724e+07,0.3824064,9.831473e+08,0.007259605411993886,0.0051283987847807735,36.80821509488107,3.8352919972482256,0.1041966,2.6501116228921246e-08,0.001251427811309774,0.0003380584417659061
119,0.7,0.06591814617341918,0.1292661,0.06591815,6.480724e+07,0.3824064,9.831473e+08,0.0,0.0,33348355.505595665,4536017.624400947,0.1360192,0.024010092394294948,0.03392000057401682,0.004613772346213995
120,0.7,0.06591814617341918,0.1292661,0.06591815,6.480724e+07,0.3824064,9.831473e+08,0.0,0.0,158361635.02618244,24550434.63026867,0.1550277,0.1140169411967632,0.16107621109199888,0.02497126902138682
121,0.7,0.06591814617341918,0.1292661,0.06591815,6.480724e+07,0.3824064,9.831473e+08,0.00034410962131524626,0.0,263464831.1378107,40367997.24500406,0.1532197,0.18968896194010873,0.2680403636284447,0.04105997039322341
122,0.7,0.06591814617341918,0.1292661,0.06591815,6.480724e+07,0.3824064,9.831473e+08,5.788554481791435e-05,0.0,286003843.33115107,48830484.5759009,0.1707337,0.20591656168329361,0.29091639265826313,0.04966751852474869
123,0.7,0.06591814617341918,0.1292661,0.06591815,6.480724e+07,0.3824064,9.831473e+08,0.0,0.0,117848339.00804354,20173231.335966047,0.1711796,0.08484824709339975,0.11986845126827983,0.020519033341267
124,0.7,0.06591814617341918,0.1292661,0.06591815,6.480724e+07,0.3824064,9.831473e+08,0.0,0.0,425238502.0671609,62857602.04537023,0.1478173,0.30616249495513903,0.4325277818209617,0.0639350836086211
125,0.7,0.06591814617341918,0.1292661,0.06591815,6.480724e+07,0.3824064,9.831473e+08,0.08686917721057824,0.000496970385853778,16722950.212055223,2988038.9308071453,0.1786789,0.012040161309581441,0.031983873339616865,0.003072018145915451
126,0.7,0.06591814617341918,0.1292661,0.06591815,6.480724e+07,0.3824064,9.831473e+08,0.01158880390920409,2.4817760630466243e-06,144562391.4250465,12799148.133787578,0.08853719,0.10408178521046386,0.1490380714438008,0.013018709950048385
127,0.7,0.06591814617341918,0.1292661,0.06591815,6.480724e+07,0.3824064,9.831473e+08,0.0004436204790972915,0.0,292652228.2347502,35735059.891730286,0.1221076,0.2107032545617915,0.2977452335990526,0.036347616956303216
128,0.7,0.06591814617341918,0.1292661,0.06591815,6.480724e+07,0.3824064,9.831473e+08,0.038316723071332354,0.003340226181462604,6055773.548923509,634026.1829791041,0.1046978,0.004360025561205968,0.012764508363832468,0.000865075940946202
129,0.7,0.06591814617341918,0.1292661,0.06591815,6.480724e+07,0.3824064,9.831473e+08,8.606359198709798e-08,0.0,362486809.6558894,53473250.04716582,0.1475178,0.2609826379621849,0.36870043814527415,0.054389868549591956
130,0.7,0.06591814617341918,0.1292661,0.06591815,6.480724e+07,0.3824064,9.831473e+08,3.83911209939712e-06,0.0,224612165.2299772,29199818.181857664,0.1300011,0.16171588548495255,0.22846304494304823,0.029700350571217986
131,0.7,0.06591814617341918,0.1292661,0.06591815,6.480724e+07,0.3824064,9.831473e+08,0.020937761126090276,0.0035481725851907006,479534.8218239604,65607.44691223589,0.1368148,0.00034525466709574705,0.004096947229857682,0.00030062102440939746
132,0.7,0.06591814617341918,0.1292661,0.06591815,6.480724e+07,0.3824064,9.831473e+08,0.055862611197819434,3.320397199306669e-05,61049755.06894469,6859302.258772182,0.1123559,0.043954499033947374,0.07172568706668457,0.006979070603292395
133,0.7,0.06591814617341918,0.1292661,0.06591815,6.480724e+07,0.3824064,9.831473e+08,0.0,0.0,58792706.47779481,7808091.324556037,0.1328071,0.04232947302021099,0.0598005091177638,0.007941934712986855
134,0.7,0.06591814617341918,0.1292661,0.06591815,6.480724e+07,0.3824064,9.831473e+08,0.0,0.0,423883317.7240776,63832436.07668103,0.1505896,0.305186791631979,0.4311493674134635,0.06492662788120405
135,0.7,0.06591814617341918,0.1292661,0.06591815,6.480724e+07,0.3824064,9.831473e+08,0.05533955084224828,0.0020809266826262722,11482107.564479144,1430704.6001187973,0.124603,0.008266868315534135,0.02121820576784698,0.0015924000338460877
136,0.7,0.06591814617341918,0.1292661,0.06591815,6.480724e+07,0.3824064,9.831473e+08,0.002371071451663659,0.0,234414791.0401319,35314616.28016425,0.1506501,0.1687735633776157,0.238841760563405,0.03591996625720746
137,0.7,0.06591814617341918,0.1292661,0.06591815,6.480724e+07,0.3824064,9.831473e+08,0.0006869885944892552,0.0,235024310.950695,25921698.479077324,0.1102937,0.1692124044882764,0.2391714311683817,0.026366038563498527
138,0.7,0.06591814617341918,0.1292661,0.06591815,6.480724e+07,0.3824064,9.831473e+08,0.015406050386483012,1.5991261747811256e-13,119635092.37135795,15141590.947205545,0.1265648,0.08613467074723771,0.12434148414605678,0.015401142450185042
139,0.7,0.06591814617341918,0.1292661,0.06591815,6.480724e+07,0.3824064,9.831473e+08,0.0,0.0,145817250.41408312,20246079.410754617,0.1388456,0.10498525645550098,0.14831679531895725,0.020593130150575324
140,0.7,0.06591814617341918,0.1292661,0.06591815,6.480724e+07,0.3824064,9.831473e+08,1.846966434732065e-06,0.0,366444123.21079385,49221328.92986673,0.1343215,0.2638318178586421,0.37272589003221784,0.0500650625868134
141,0.7,0.06591814617341918,0.1292661,0.06591815,6.480724e+07,0.3824064,9.831473e+08,0.0,0.0,242966165.12433153,40799602.11855805,0.167923,0.17493036717639257,0.2471310004807022,0.041498973676496055
142,0.7,0.06591814617341918,0.1292661,0.06591815,6.480724e+07,0.3824064,9.831473e+08,0.0,0.0,392501818.2436274,54608181.059123956,0.1391285,0.28259279290029643,0.3992299379767776,0.05554425412553527
143,0.7,0.06591814617341918,0.1292661,0.06591815,6.480724e+07,0.3824064,9.831473e+08,0.0002316051149389771,0.0,206358899.767391,34755228.62237946,0.1684213,0.148573930398719,0.20993615047711442,0.03535098978489013
144,0.7,0.06591814617341918,0.1292661,0.06591815,6.480724e+07,0.3824064,9.831473e+08,0.0,0.0,209921693.1592388,27201661.93773387,0.12958,0.1511390643378032,0.21352009250546627,0.027667942678232627
145,0.7,0.06591814617341918,0.1292661,0.06591815,6.480724e+07,0.3824064,9.831473e+08,0.002321792045643249,0.0,115281209.43725865,14705154.857666304,0.127559,0.08299996950225047,0.11765754090576354,0.014957225136014626
146,0.7,0.06591814617341918,0.1292661,0.06591815,6.480724e+07,0.3824064,9.831473e+08,0.0,0.0,139580413.3710052,25014094.747350156,0.1792092,0.10049486910709529,0.14197304874213565,0.025442877027212287
147,0.7,0.06591814617341918,0.1292661,0.06591815,6.480724e+07,0.3824064,9.831473e+08,0.0,0.0,185806375.66868883,26021186.182077523,0.1400446,0.13377655898221807,0.18899139923947306,0.02646723164758653
148,0.7,0.06591814617341918,0.1292661,0.06591815,6.480724e+07,0.3824064,9.831473e+08,0.0,0.0,528437084.24629265,61671473.11202233,0.1167054,0.3804632349920932,0.5374953555943224,0.06272862249562057
149,0.7,0.06591814617341918,0.1292661,0.06591815,6.480724e+07,0.3824064,9.831473e+08,0.0,0.0,569637751.7827811,62313649.98659425,0.1093917,0.41012682167455283,0.5794022696025128,0.06338180732659206
150,0.7,0.06591814617341918,0.1292661,0.06591815,6.480724e+07,0.3824064,9.831473e+08,0.01295396797345836,1.7793536365781045e-07,102986209.67128934,15363202.818635548,0.1491773,0.07414783643922059,0.1069845294372654,0.01562656483879457
151,0.7,0.06591814617341918,0.1292661,0.06591815,6.480724e+07,0.3824064,9.831473e+08,0.0,0.0,23178920.363005746,2962631.3616931327,0.1278158,0.016688319741055606,0.023576244768241127,0.003013415683192211
152,0.7,0.06591814617341918,0.1292661,0.06591815,6.480724e+07,0.3824064,9.831473e+08,3.2134461009949305e-05,0.0,110356712.00564913,18168658.208661668,0.1646357,0.07945443819985767,0.11225394483884805,0.018480098569283593
153,0.7,0.06591814617341918,0.1292661,0.06591815,6.480724e+07,0.3824064,9.831473e+08,0.0,0.0,351525546.2968376,51899256.37918296,0.1476401,0.25309076617363835,0.35755126606376647,0.05278889406938051
154,0.7,0.06591814617341918,0.1292661,0.06591815,6.480724e+07,0.3824064,9.831473e+08,0.0,0.0,460582061.0452098,72109661.36606213,0.156562,0.33160909055904453,0.468477186900983,0.07334573827841578
155,0.7,0.06591814617341918,0.1292661,0.06591815,6.480724e+07,0.3824064,9.831473e+08,0.0,0.0,114204594.10566849,14915670.53666567,0.1306048,0.08222482982316623,0.11616224665020221,0.015171349396243886
156,0.7,0.06591814617341918,0.1292661,0.06591815,6.480724e+07,0.3824064,9.831473e+08,3.048638429756504e-10,0.0,47993710.09373009,6431648.798341766,0.1340102,0.034554429932897604,0.0488164004191412,0.006541897722513514
157,0.7,0.06591814617341918,0.1292661,0.06591815,6.480724e+07,0.3824064,9.831473e+08,0.0,0.0,111436927.14565738,13635846.694484958,0.1223638,0.08023216966289674,0.11334713737572803,0.01386958729123916
158,0.7,0.06591814617341918,0.1292661,0.06591815,6.480724e+07,0.3824064,9.831473e+08,0.0402774625039504,0.008359680891397651,1714087.6498935474,230751.72804484097,0.1346207,0.0012341059168257432,0.008686385656132951,0.0007857618550400655
159,0.7,0.06591814617341918,0.1292661,0.06591815,6.480724e+07,0.3824064,9.831473e+08,0.03240439176775902,1.3633372297101303e-05,41494560.48040017,5129494.312735106,0.1236185,0.029875183225388617,0.047791622710435265,0.0052183208771523
160,0.7,0.06591814617341918,0.1292661,0.06591815,6.480724e+07,0.3824064,9.831473e+08,0.0,0.0,864781474.2243507,131941233.2151654,0.1525718,0.6226238980065226,0.8796052356215018,0.13420292061010153
161,0.7,0.06591814617341918,0.1292661,0.06591815,6.480724e+07,0.3824064,9.831473e+08,0.0,0.0,626806601.1342916,85239151.14049439,0.1359896,0.4512871527971768,0.6375510860409648,0.08670028886819112
162,0.7,0.06591814617341918,0.1292661,0.06591815,6.480724e+07,0.3824064,9.831473e+08,0.0,0.0,95514051.70721571,13985909.427131305,0.1464278,0.06876804483084364,0.09715131794705147,0.014225650668646587
163,0.7,0.06591814617341918,0.1292661,0.06591815,6.480724e+07,0.3824064,9.831473e+08,0.01950837649184763,0.0,99474132.580826,16612256.17301916,0.1670008,0.07161921713672569,0.10454208014573624,0.016897017270610968
164,0.7,0.06591814617341918,0.1292661,0.06591815,6.480724e+07,0.3824064,9.831473e+08,0.0008451388376579448,0.0,182845194.4079795,26084847.527466528,0.1426608,0.13164457272418637,0.18612514117126894,0.02653198425200732
165,0.7,0.06591814617341918,0.1292661,0.06591815,6.480724e+07,0.3824064,9.831473e+08,0.05244190677552225,2.1849792110047573e-06,67038769.71866314,8683452.292684399,0.1295288,0.04826645963621448,0.07722771175937722,0.008832444822028872
166,0.7,0.06591814617341918,0.1292661,0.06591815,6.480724e+07,0.3824064,9.831473e+08,0.0,0.0,153291896.20372748,19569881.927039437,0.1276642,0.11036683924430972,0.15591956869807536,0.019905341541871093
167,0.7,0.06591814617341918,0.1292661,0.06591815,6.480724e+07,0.3824064,9.831473e+08,0.0,0.0,82035895.77904192,14225551.10950613,0.1734064,0.05906406500233705,0.08344212449840807,0.014469400199334794
168,0.7,0.06591814617341918,0.1292661,0.06591815,6.480724e+07,0.3824064,9.831473e+08,0.0171422762177043,0.0,93859317.39235203,12049273.668505054,0.1283759,0.06757667202743146,0.09842315617659693,0.012255817822369014
169,0.7,0.06591814617341918,0.1292661,0.06591815,6.480724e+07,0.3824064,9.831473e+08,0.030179684959259104,0.0006260331400692928,2911135.589279623,491878.99067471176,0.1689646,0.0020959544604589497,0.008163326439217343,0.0005415775408583795
170,0.7,0.06591814617341918,0.1292661,0.06591815,6.480724e+07,0.3824064,9.831473e+08,1.0625540588729752e-05,0.0,176601463.9989888,19705862.89966869,0.1115838,0.127149222301891,0.17963053200892895,0.020043653449601167
171,0.7,0.06591814617341918,0.1292661,0.06591815,6.480724e+07,0.3824064,9.831473e+08,0.007037837425443388,0.0033160606138169443,14326.576099465356,2450.32695851349,0.1710337,1.0314823943397827e-05,0.001227734786994117,0.00022108089781056804
172,0.7,0.06591814617341918,0.1292661,0.06591815,6.480724e+07,0.3824064,9.831473e+08,0.05411964298182338,0.011079082192659188,4172699.3227777025,388532.9654218814,0.0931131,0.00300425297603337,0.013573218089593086,0.0011255056120037007
173,0.7,0.06591814617341918,0.1292661,0.06591815,6.480724e+07,0.3824064,9.831473e+08,0.02420966334453223,0.0,94414135.9022512,12796443.669914607,0.1355353,0.06797612931648757,0.10020574150292459,0.013015795533187395
174,0.7,0.06591814617341918,0.1292661,0.06591815,6.480724e+07,0.3824064,9.831473e+08,0.0,0.0,466186053.6480439,68062892.72466624,0.1459994,0.335643843641499,0.4741772410542686,0.06922960143874375
175,0.7,0.06591814617341918,0.1292661,0.06591815,6.480724e+07,0.3824064,9.831473e+08,0.00648215232021804,3.611808381412811e-08,13058601.301471503,2482279.9332607132,0.1900877,0.009401909600489328,0.014399822166877622,0.002524832630620981
176,0.7,0.06591814617341918,0.1292661,0.06591815,6.480724e+07,0.3824064,9.831473e+08,0.0067712981479356,7.062816748981893e-08,37342296.80276965,5248910.12441578,0.1405621,0.026885643470462618,0.039149621861572864,0.005338889639174922
177,0.7,0.06591814617341918,0.1292661,0.06591815,6.480724e+07,0.3824064,9.831473e+08,0.0,0.0,664867318.603484,80103161.48396024,0.1204799,0.4786900435596651,0.6762642261292631,0.08147625999310758
178,0.7,0.06591814617341918,0.1292661,0.06591815,6.480724e+07,0.3824064,9.831473e+08,0.0,0.0,271607351.46311307,35076540.13313765,0.1291443,0.19555139990350784,0.2762631433502053,0.03567780909769035
179,0.7,0.06591814617341918,0.1292661,0.06591815,6.480724e+07,0.3824064,9.831473e+08,0.00025712179520081586,0.0,153329031.96274048,23483146.570229832,0.1531553,0.11039357618505286,0.15600166295663023,0.023885685907608267
180,0.7,0.06591814617341918,0.1292661,0.06591815,6.480724e+07,0.3824064,9.831473e+08,0.00017132495816410686,0.0,317966699.4009187,45025633.05701286,0.1416049,0.2289291245454084,0.32344669844919,0.04579744566064374
181,0.7,0.06591814617341918,0.1292661,0.06591815,6.480724e+07,0.3824064,9.831473e+08,0.0,0.0,495069895.0546009,52176081.619498216,0.1053913,0.35643958275244947,0.5035561984941889,0.05307046454468686
182,0.7,0.06591814617341918,0.1292661,0.06591815,6.480724e+07,0.3824064,9.831473e+08,1.5137245460584244e-06,0.0,303998044.4374841,40763225.78246631,0.1340904,0.2188719960540255,0.30920932643075516,0.041461973790822365
183,0.7,0.06591814617341918,0.1292661,0.06591815,6.480724e+07,0.3824064,9.831473e+08,0.0006118626990328462,0.0,295269902.39697427,38255395.17293427,0.1295608,0.21258792316209513,0.30043678007605623,0.03891115488460704
184,0.7,0.06591814617341918,0.1292661,0.06591815,6.480724e+07,0.3824064,9.831473e+08,0.005622820436359544,0.0019203960215249504,2013300.9145010675,159006.8947928675,0.07897821,0.001449532975219064,0.0030170581471537,0.0002883214773186043
185,0.7,0.06591814617341918,0.1292661,0.06591815,6.480724e+07,0.3824064,9.831473e+08,0.017712669805723055,2.387455290571631e-05,87733956.06659564,8578839.883706337,0.09778244,0.06316654477677366,0.09229111903542071,0.008727468922654314
186,0.7,0.06591814617341918,0.1292661,0.06591815,6.480724e+07,0.3824064,9.831473e+08,7.286265836557313e-05,0.0,225367990.97424638,32398481.36349361,0.1437581,0.16226006362143802,0.22924372485510197,0.03295384404375135
187,0.7,0.06591814617341918,0.1292661,0.06591815,6.480724e+07,0.3824064,9.831473e+08,0.048756571317283864,0.019852702807254315,614120.3080635301,63911.62197925412,0.1040702,0.0004421532970447101,0.009029168024607181,0.0013736605367450153
188,0.7,0.06591814617341918,0.1292661,0.06591815,6.480724e+07,0.3824064,9.831473e+08,0.014065608187762143,0.0,147265987.14933392,22407128.594807286,0.1521541,0.106028315471186,0.15221495575588184,0.02279122323349347
189,0.7,0.06591814617341918,0.1292661,0.06591815,6.480724e+07,0.3824064,9.831473e+08,0.022103193456175837,0.01955542627642994,41981.884098056325,5249.803758309865,0.1250493,3.0226045656487598e-05,0.003852787871620712,0.0012943972417089609
190,0.7,0.06591814617341918,0.1292661,0.06591815,6.480724e+07,0.3824064,9.831473e+08,0.0,0.0,566232594.722885,88854749.29866008,0.1569227,0.4076751824741889,0.5759387426106972,0.09037786426107117
191,0.7,0.06591814617341918,0.1292661,0.06591815,6.480724e+07,0.3824064,9.831473e+08,0.0,0.0,144515104.30646184,19105215.972393975,0.1322022,0.10404773951108635,0.1469923283085658,0.01943271045678939
192,0.7,0.06591814617341918,0.1292661,0.06591815,6.480724e+07,0.3824064,9.831473e+08,0.0,0.0,195080537.55129474,23615370.355670497,0.1210545,0.1404537543132938,0.198424535345052,0.0240201762238487
193,0.7,0.06591814617341918,0.1292661,0.06591815,6.480724e+07,0.3824064,9.831473e+08,0.0,0.0,303199028.2341033,36992400.806392774,0.122007,0.21829672172409664,0.3083963528581325,0.03762651073983416
194,0.7,0.06591814617341918,0.1292661,0.06591815,6.480724e+07,0.3824064,9.831473e+08,0.08000494607937332,5.3674829250771554e-05,45605185.76011105,5599065.293792275,0.1227726,0.03283474423725387,0.06017796052888154,0.0056985805273909555
195,0.7,0.06591814617341918,0.1292661,0.06591815,6.480724e+07,0.3824064,9.831473e+08,0.001460582107491671,0.0,183726442.94815525,28297919.009659626,0.154022,0.1322790525523868,0.18712758412581393,0.02878299137989206
196,0.7,0.06591814617341918,0.1292661,0.06591815,6.480724e+07,0.3824064,9.831473e+08,0.017452751095473566,0.0,30300926.65121423,3450424.9459238076,0.1138719,0.021816009740160434,0.033828790000435045,0.003509570843056987
197,0.7,0.06591814617341918,0.1292661,0.06591815,6.480724e+07,0.3824064,9.831473e+08,0.0013718836147960619,0.0,124234233.10426086,12676988.450148879,0.102041,0.08944595228592815,0.126600291419406,0.012894292656610979
198,0.7,0.06591814617341918,0.1292661,0.06591815,6.480724e+07,0.3824064,9.831473e+08,0.0,0.0,72534424.16242288,11750577.809002524,0.162,0.05222321159478253,0.0737777822001606,0.011952001829880802
199,0.7,0.06591814617341918,0.1292661,0.06591815,6.480724e+07,0.3824064,9.831473e+08,0.0,0.0,100705568.90678467,13754813.289651416,0.1365844,0.07250582457255554,0.10243182619759622,0.013990593167395721
200,0.7,0.06591814617341918,0.1292661,0.06591815,6.480724e+07,0.3824064,9.831473e+08,0.00012926533551657756,0.0,139005653.29595548,16406837.5197207,0.11803,0.10008105432380919,0.1414107187394472,0.01668807740739557
201,0.7,0.06591814617341918,0.1292661,0.06591815,6.480724e+07,0.3824064,9.831473e+08,0.04277397364230311,0.02078735437055658,261823.28594075463,32714.76935268944,0.1249498,0.0001885070850153496,0.007639568689905769,0.0014035394176806694
202,0.7,0.06591814617341918,0.1292661,0.06591815,6.480724e+07,0.3824064,9.831473e+08,0.001962034571279512,0.0,133532615.21544822,17088848.342922006,0.1279751,0.0961405856560686,0.13615979149048818,0.017381779005682548
203,0.7,0.06591814617341918,0.1292661,0.06591815,6.480724e+07,0.3824064,9.831473e+08,0.0,0.0,716378475.5647672,87662401.08067788,0.1223688,0.5157769589180525,0.7286583681253148,0.08916507725477943
204,0.7,0.06591814617341918,0.1292661,0.06591815,6.480724e+07,0.3824064,9.831473e+08,0.0,0.0,409600382.00307465,54716080.505357265,0.1335841,0.2949033878141951,0.41662159893703077,0.055654003143820616
205,0.7,0.06591814617341918,0.1292661,0.06591815,6.480724e+07,0.3824064,9.831473e+08,0.0193838734300407,0.0,45315517.939092375,5861897.557824358,0.1293574,0.03262618969113403,0.049433637249611855,0.005962380018794826
206,0.7,0.06591814617341918,0.1292661,0.06591815,6.480724e+07,0.3824064,9.831473e+08,0.0025953586017448778,0.0,244634419.03524455,33826214.25747885,0.1382725,0.17613147379562136,0.24927523159725254,0.0344060506023445
207,0.7,0.06591814617341918,0.1292661,0.06591815,6.480724e+07,0.3824064,9.831473e+08,0.006053859606663606,0.0,164480720.28320122,20792186.59030991,0.1264111,0.11842254981410376,0.16834373472548297,0.021148598495660045
208,0.7,0.06591814617341918,0.1292661,0.06591815,6.480724e+07,0.3824064,9.831473e+08,0.0,0.0,88352704.35483003,15325201.30708229,0.1734548,0.06361203011912665,0.08986721345011768,0.015587900190338616
209,0.7,0.06591814617341918,0.1292661,0.06591815,6.480724e+07,0.3824064,9.831473e+08,0.000499247377813095,0.0,221861349.39217362,28647043.69204841,0.1291214,0.1597353577670484,0.22575047273054444,0.02913810062733438
210,0.7,0.06591814617341918,0.1292661,0.06591815,6.480724e+07,0.3824064,9.831473e+08,0.0,0.0,600178658.2920287,78114721.91774835,0.1301524,0.432115611705579,0.6104666969368936,0.07945373533770178
211,0.7,0.06591814617341918,0.1292661,0.06591815,6.480724e+07,0.3824064,9.831473e+08,0.001859130348952702,0.0013437046267876303,751.0500756015552,128.45280907344403,0.171031,5.407397586639542e-07,0.00032123558731382665,8.870517270168988e-05
212,0.7,0.06591814617341918,0.1292661,0.06591815,6.480724e+07,0.3824064,9.831473e+08,2.455710889733126e-10,0.0,422465946.05494,55642109.99643764,0.1317079,0.30416631478335776,0.4297076997302996,0.05659590628695259
213,0.7,0.06591814617341918,0.1292661,0.06591815,6.480724e+07,0.3824064,9.831473e+08,2.835628544645643e-06,0.0,297237673.5115224,40529832.12676789,0.136355,0.21400467566922243,0.3023332996146453,0.04122457938815283
214,0.7,0.06591814617341918,0.1292661,0.06591815,6.480724e+07,0.3824064,9.831473e+08,0.0003943628151098998,0.0,325363512.93684155,46645045.635719515,0.1433629,0.23425466980028847,0.3310087520418897,0.04744461760560164
215,0.7,0.06591814617341918,0.1292661,0.06591815,6.480724e+07,0.3824064,9.831473e+08,0.0,0.0,629052478.0112925,80379788.82913056,0.1277791,0.452904135419122,0.6398354609014959,0.08175762918102426
216,0.7,0.06591814617341918,0.1292661,0.06591815,6.480724e+07,0.3824064,9.831473e+08,0.0,0.0,475164167.7757104,67345430.14884824,0.1417309,0.3421078910124594,0.483309254664743,0.06849984038712312
217,0.7,0.06591814617341918,0.1292661,0.06591815,6.480724e+07,0.3824064,9.831473e+08,0.025073297853342807,1.214397514180118e-05,53072924.600025654,6013135.977136761,0.1132995,0.03821135417211944,0.05830474546891006,0.006117011418995343
218,0.7,0.06591814617341918,0.1292661,0.06591815,6.480724e+07,0.3824064,9.831473e+08,0.03461570462773465,7.103661299694418e-05,34117482.48556803,4336600.002142169,0.1271079,0.024563847131885617,0.040669269491052124,0.004415618983312687
219,0.7,0.06591814617341918,0.1292661,0.06591815,6.480724e+07,0.3824064,9.831473e+08,0.00019159715513849195,0.0,238428429.12330788,34572525.964261614,0.1450017,0.1716632957123375,0.24254850728106422,0.03516515530596982
220,0.7,0.06591814617341918,0.1292661,0.06591815,6.480724e+07,0.3824064,9.831473e+08,2.8482991690642346e-07,0.0,322726259.48321676,43611081.270181455,0.1351334,0.23235590453499436,0.32825836171824907,0.04435864615482562
221,0.7,0.06591814617341918,0.1292661,0.06591815,6.480724e+07,0.3824064,9.831473e+08,7.062605048756152e-05,0.0,82727804.0638031,12579660.020689933,0.1520608,0.05956222395481394,0.08415806753688193,0.012795295859525688
222,0.7,0.06591814617341918,0.1292661,0.06591815,6.480724e+07,0.3824064,9.831473e+08,0.007545203122028106,1.211854717404871e-07,172423450.26824814,19082824.185908407,0.1106742,0.12414114306743268,0.1766796896272432,0.01940994282697549
223,0.7,0.06591814617341918,0.1292661,0.06591815,6.480724e+07,0.3824064,9.831473e+08,0.025570624841117617,0.0,48413099.05049286,8947361.998883551,0.1848128,0.034856380882153,0.05365077075632968,0.009100734340172835
224,0.7,0.06591814617341918,0.1292661,0.06591815,6.480724e+07,0.3824064,9.831473e+08,0.0,0.0,505230287.96283174,81419751.60430706,0.1611537,0.3637548451931425,0.5138907570669976,0.08281541861010192
225,0.7,0.06591814617341918,0.1292661,0.06591815,6.480724e+07,0.3824064,9.831473e+08,0.0,0.0,557027289.5771426,79171253.03573963,0.1421317,0.4010475624996487,0.5665756435584759,0.08052837711794542
226,0.7,0.06591814617341918,0.1292661,0.06591815,6.480724e+07,0.3824064,9.831473e+08,3.864542409209585e-07,0.0,281959480.2879076,40593976.39473895,0.143971,0.20300470804397236,0.2867927911210219,0.04128982319323441
227,0.7,0.06591814617341918,0.1292661,0.06591815,6.480724e+07,0.3824064,9.831473e+08,0.0,0.0,185270225.415454,32715134.396965098,0.1765806,0.1333905424329093,0.18844605849862503,0.03327592502538521
228,0.7,0.06591814617341918,0.1292661,0.06591815,6.480724e+07,0.3824064,9.831473e+08,1.9164250461310906e-06,0.0,259497941.2291415,29105155.798719097,0.1121595,0.18683288727672204,0.2639464884717622,0.029604065520824445
229,0.7,0.06591814617341918,0.1292661,0.06591815,6.480724e+07,0.3824064,9.831473e+08,0.05944753234310816,4.195147655654081e-06,66769241.71448322,9367190.668092418,0.140292,0.048072405321238625,0.07816117364727675,0.009528036092155339
230,0.7,0.06591814617341918,0.1292661,0.06591815,6.480724e+07,0.3824064,9.831473e+08,0.0003400233737904841,0.0,218919732.6940295,34230874.61530262,0.1563627,0.1576174575695652,0.2227309853502333,0.03481764749705078
231,0.7,0.06591814617341918,0.1292661,0.06591815,6.480724e+07,0.3824064,9.831473e+08,0.03629516512975386,0.017665108411420348,753027.536405806,57298.30254189297,0.07609058,0.0005421634875374271,0.007022394182719269,0.0012227316871004305
232,0.7,0.06591814617341918,0.1292661,0.06591815,6.480724e+07,0.3824064,9.831473e+08,0.0,0.0,51041734.06037551,5864856.10377634,0.1149032,0.03674894105494985,0.05191667242290981,0.005965389279037738
233,0.7,0.06591814617341918,0.1292661,0.06591815,6.480724e+07,0.3824064,9.831473e+08,0.0,0.0,498393674.4349055,73771859.50235876,0.1480193,0.3588326317891846,0.5069369528605899,0.07503642919502938
234,0.7,0.06591814617341918,0.1292661,0.06591815,6.480724e+07,0.3824064,9.831473e+08,0.00028305130400634504,0.0,318038015.8008055,43381673.8128913,0.1364041,0.22898047080595257,0.32353849640159915,0.04412530628049028
235,0.7,0.06591814617341918,0.1292661,0.06591815,6.480724e+07,0.3824064,9.831473e+08,0.0,0.0,357652483.5058205,49693528.4987373,0.1389436,0.2575020280260268,0.3637832289445386,0.0505453564245246
236,0.7,0.06591814617341918,0.1292661,0.06591815,6.480724e+07,0.3824064,9.831473e+08,0.0,0.0,321740669.48871064,34986374.26587041,0.1087409,0.23164630112360535,0.32725582800958225,0.03558609764076563
237,0.7,0.06591814617341918,0.1292661,0.06591815,6.480724e+07,0.3824064,9.831473e+08,9.004702421267038e-05,0.0,224582805.80846044,29692028.101247765,0.1322097,0.16169474733848108,0.22844804253081688,0.030200997769411837
238,0.7,0.06591814617341918,0.1292661,0.06591815,6.480724e+07,0.3824064,9.831473e+08,0.0002785034131344498,0.0,316984671.7129819,35775717.11605436,0.1128626,0.22822208591745677,0.32246631232976214,0.036388971111598195
239,0.7,0.06591814617341918,0.1292661,0.06591815,6.480724e+07,0.3824064,9.831473e+08,0.007215123191552858,0.0,127004488.19554564,18749868.27202056,0.1476315,0.09144047584455918,0.13042527440119817,0.01907127151870984
240,0.7,0.06591814617341918,0.1292661,0.06591815,6.480724e+07,0.3824064,9.831473e+08,0.005237779083491427,0.0,124308206.33122976,14692303.547024852,0.1181925,0.08949921140432544,0.12734192486061585,0.014944153533000744
241,0.7,0.06591814617341918,0.1292661,0.06591815,6.480724e+07,0.3824064,9.831473e+08,0.0008092145243629327,0.0,291915566.8722582,47676432.563039474,0.1633227,0.21017287436437,0.2970589647360555,0.0484936841828383
242,0.7,0.06591814617341918,0.1292661,0.06591815,6.480724e+07,0.3824064,9.831473e+08,0.0038722519981478592,0.0,44161469.56396779,6880009.536660787,0.1557921,0.031795299900794056,0.04558595691286365,0.006997944093333685
243,0.7,0.06591814617341918,0.1292661,0.06591815,6.480724e+07,0.3824064,9.831473e+08,0.002717223279667476,0.0,241498607.62740496,28143235.0446615,0.1165358,0.17387375762066096,0.24610667397075778,0.028625655880075665
244,0.7,0.06591814617341918,0.1292661,0.06591815,6.480724e+07,0.3824064,9.831473e+08,1.3346061452704838e-05,0.0,235450759.79878142,34842823.45982472,0.1479835,0.16951943840610414,0.23948906943747422,0.03544008614035886
245,0.7,0.06591814617341918,0.1292661,0.06591815,6.480724e+07,0.3824064,9.831473e+08,8.353893366086417e-07,0.0,406048543.43310714,56841325.35027345,0.1399865,0.2923461411091745,0.41300902007748763,0.05781567814297874
246,0.7,0.06591814617341918,0.1292661,0.06591815,6.480724e+07,0.3824064,9.831473e+08,0.0015970837459077707,0.0,55042283.75377865,7585592.873806677,0.1378139,0.039629250033018065,0.05626109885289734,0.0077156222768048136
247,0.7,0.06591814617341918,0.1292661,0.06591815,6.480724e+07,0.3824064,9.831473e+08,0.0,0.0,686460699.1948816,88642065.80699109,0.1291291,0.49423680906711676,0.6982277523946666,0.09016153502833626
248,0.7,0.06591814617341918,0.1292661,0.06591815,6.480724e+07,0.3824064,9.831473e+08,0.051099395050025524,0.0013003843643122955,26362589.27424567,2654640.1734204995,0.1006972,0.018980492280084964,0.03562285700824764,0.002785863951484401
249,0.7,0.06591814617341918,0.1292661,0.06591815,6.480724e+07,0.3824064,9.831473e+08,0.11001985179201883,0.000304478943412119,26189567.50822375,3611472.775657741,0.1378974,0.018855920362656733,0.04560341205899555,0.003693449982102816
250,0.7,0.06591814617341918,0.1292661,0.06591815,6.480724e+07,0.3824064,9.831473e+08,4.852968579388601e-05,0.0,304339106.6075051,41386533.52405056,0.1359882,0.21911755341630768,0.30956433944047557,0.04209596604116825
251,0.7,0.06591814617341918,0.1292661,0.06591815,6.480724e+07,0.3824064,9.831473e+08,0.006738231497230301,0.003982553233547644,189534.87898080627,19721.62070545085,0.1040527,0.0001364610004684363,0.0013543012176070019,0.00028258220756222785
252,0.7,0.06591814617341918,0.1292661,0.06591815,6.480724e+07,0.3824064,9.831473e+08,0.0,0.0,631490252.7937477,87818413.31060822,0.1390654,0.45465928036932535,0.6423150231097832,0.08932376378814995
253,0.7,0.06591814617341918,0.1292661,0.06591815,6.480724e+07,0.3824064,9.831473e+08,0.0,0.0,581928697.2519418,65216501.27987733,0.1120696,0.41897603573184783,0.591903901873381,0.06633441821374438
254,0.7,0.06591814617341918,0.1292661,0.06591815,6.480724e+07,0.3824064,9.831473e+08,3.5189692707213616e-05,0.0,237918837.74168074,26782432.690836005,0.1125696,0.17129640097433005,0.24200321959542348,0.02724152715999113
255,0.7,0.06591814617341918,0.1292661,0.06591815,6.480724e+07,0.3824064,9.831473e+08,0.00023250030563172407,0.0,191051883.59431595,24542024.676943343,0.1284574,0.1375532108752381,0.19436690145402064,0.02496271490777919
256,0.7,0.06591814617341918,0.1292661,0.06591815,6.480724e+07,0.3824064,9.831473e+08,0.0,0.0,23023070.021005698,2311597.869604064,0.1004035,0.016576110876349345,0.023417722897823397,0.0023512224178703282
257,0.7,0.06591814617341918,0.1292661,0.06591815,6.480724e+07,0.3824064,9.831473e+08,0.043440409255788216,3.5260962198451506e-07,37867992.96046085,4683373.687696859,0.1236763,0.027264133297805783,0.046005247592334854,0.004763677575543703
258,0.7,0.06591814617341918,0.1292661,0.06591815,6.480724e+07,0.3824064,9.831473e+08,0.0,0.0,157545898.14747706,23743617.199864436,0.1507092,0.11342962834339436,0.16024649115605508,0.024150621427599283
259,0.7,0.06591814617341918,0.1292661,0.06591815,6.480724e+07,0.3824064,9.831473e+08,0.0,0.0,56035201.09486332,10246885.59495003,0.1828652,0.0403441289749599,0.05699573560633245,0.010422533884894824
260,0.7,0.06591814617341918,0.1292661,0.06591815,6.480724e+07,0.3824064,9.831473e+08,2.9622972754443753e-05,0.0,336788074.6823828,37734064.62014339,0.112041,0.24248010637477704,0.34256627653394023,0.03838088787797902
261,0.7,0.06591814617341918,0.1292661,0.06591815,6.480724e+07,0.3824064,9.831473e+08,0.0,0.0,37762166.41648423,6318747.536637817,0.1673301,0.02718794048229435,0.03840947138482847,0.006427061149502812
262,0.7,0.06591814617341918,0.1292661,0.06591815,6.480724e+07,0.3824064,9.831473e+08,0.0,0.0,345706708.8577235,51856052.39647668,0.1500001,0.248901329470618,0.3516326842841719,0.052744949500121284
263,0.7,0.06591814617341918,0.1292661,0.06591815,6.480724e+07,0.3824064,9.831473e+08,0.0,0.0,614614552.1130145,103979016.76292399,0.1691776,0.4425091420365706,0.6251500454639932,0.10576138627562251
264,0.7,0.06591814617341918,0.1292661,0.06591815,6.480724e+07,0.3824064,9.831473e+08,0.001651180153592149,0.0,92454095.28706275,11549508.277943913,0.1249215,0.06656494260116816,0.09432353468850532,0.011747485639936113
265,0.7,0.06591814617341918,0.1292661,0.06591815,6.480724e+07,0.3824064,9.831473e+08,0.0,0.0,351455625.1679464,50848982.99937298,0.1446811,0.25304042447793734,0.3574801463729701,0.05172061729513144
266,0.7,0.06591814617341918,0.1292661,0.06591815,6.480724e+07,0.3824064,9.831473e+08,0.002725876277021145,0.0,256186584.42010656,38886059.14102105,0.151788,0.18444878222176464,0.2610479181611847,0.03955262945914567
267,0.7,0.06591814617341918,0.1292661,0.06591815,6.480724e+07,0.3824064,9.831473e+08,0.06288761344796383,3.3841900216095376e-05,26572987.141544383,3887642.2141813827,0.1463005,0.01913197417947149,0.037868881384755734,0.003956513521934574
268,0.7,0.06591814617341918,0.1292661,0.06591815,6.480724e+07,0.3824064,9.831473e+08,0.00019297655275049867,0.0,206115355.5240988,40232896.56939919,0.195196,0.1483985838278045,0.20968177280631117,0.04092255387224089
269,0.7,0.06591814617341918,0.1292661,0.06591815,6.480724e+07,0.3824064,9.831473e+08,8.408959607888136e-05,0.0,320096183.0280126,53757648.21469692,0.1679422,0.2304623065528415,0.3255976475036752,0.05467914176440717
270,0.7,0.06591814617341918,0.1292661,0.06591815,6.480724e+07,0.3824064,9.831473e+08,0.0,0.0,690232.6052136759,68705.9213523523,0.09954024,0.0004969524995604202,0.0007020643150192066,6.98836526232635e-05
271,0.7,0.06591814617341918,0.1292661,0.06591815,6.480724e+07,0.3824064,9.831473e+08,0.03284175862824134,0.014137557896434394,412584.7862810305,37715.287609599196,0.09141221,0.00029705209414076725,0.006080827185743814,0.0009702833969512643
272,0.7,0.06591814617341918,0.1292661,0.06591815,6.480724e+07,0.3824064,9.831473e+08,1.4563298152118724e-05,0.0,180595263.04956546,33906553.94861191,0.1877489,0.13002467096359496,0.18369347005239656,0.03448776744648971
273,0.7,0.06591814617341918,0.1292661,0.06591815,6.480724e+07,0.3824064,9.831473e+08,0.0,0.0,47499917.30424495,7266813.934807976,0.1529858,0.0341989098384454,0.048314143165332106,0.007391378948164333
274,0.7,0.06591814617341918,0.1292661,0.06591815,6.480724e+07,0.3824064,9.831473e+08,0.09431688102138173,2.0164078279874464e-05,33400982.13453655,6324730.1194339385,0.1893576,0.0240479824252759,0.05023160810837924,0.006434475462160739
275,0.7,0.06591814617341918,0.1292661,0.06591815,6.480724e+07,0.3824064,9.831473e+08,0.0,0.0,146564504.02288857,21501693.00145915,0.1467046,0.10552326284044486,0.14907685807033833,0.021870267001005465
276,0.7,0.06591814617341918,0.1292661,0.06591815,6.480724e+07,0.3824064,9.831473e+08,0.04315496039153423,0.0,16013810.076339234,2315079.4934103577,0.1445677,0.011529595798301978,0.023727243585862142,0.0023547637223729797
277,0.7,0.06591814617341918,0.1292661,0.06591815,6.480724e+07,0.3824064,9.831473e+08,0.0017359293028372399,0.0,167543678.10825545,17548048.20490725,0.1047372,0.12062781299018574,0.17071488394397522,0.017848850300382954
278,0.7,0.06591814617341918,0.1292661,0.06591815,6.480724e+07,0.3824064,9.831473e+08,0.0,0.0,122549121.92630278,14392385.995820878,0.1174418,0.08823270880018433,0.12464981325354854,0.014639094907027734
279,0.7,0.06591814617341918,0.1292661,0.06591815,6.480724e+07,0.3824064,9.831473e+08,5.716428361515768e-05,0.0,196361493.83659658,33744427.89674721,0.1718485,0.14137601504540062,0.19973730312360016,0.034322862290330186
280,0.7,0.06591814617341918,0.1292661,0.06591815,6.480724e+07,0.3824064,9.831473e+08,0.02422820268660416,0.011580448055152143,24071.874266823674,4116.96259328024,0.1710279,1.7331227177103457e-05,0.004200873972229883,0.0007675492016832984
281,0.7,0.06591814617341918,0.1292661,0.06591815,6.480724e+07,0.3824064,9.831473e+08,0.0,0.0,552486857.4981575,84222567.17471395,0.1524427,0.39777854991795897,0.5619573810867443,0.08566627899933799
282,0.7,0.06591814617341918,0.1292661,0.06591815,6.480724e+07,0.3824064,9.831473e+08,0.0022963151478054508,0.0,128596500.75639802,16866491.803353917,0.1311582,0.0925866903459768,0.13119668634497963,0.017155610913270305
283,0.7,0.06591814617341918,0.1292661,0.06591815,6.480724e+07,0.3824064,9.831473e+08,0.010893177673998949,0.0,99991038.01834656,11256386.374267641,0.112574,0.07199137783628101,0.10358278243092718,0.011449339149945394
284,0.7,0.06591814617341918,0.1292661,0.06591815,6.480724e+07,0.3824064,9.831473e+08,0.00022008840712720967,0.0,135371993.40729725,17129511.660390295,0.1265366,0.0974648980446341,0.13773042783438424,0.017423139358568145
285,0.7,0.06591814617341918,0.1292661,0.06591815,6.480724e+07,0.3824064,9.831473e+08,0.0,0.0,96745086.98024517,11946257.456326725,0.1234818,0.06965436351726624,0.09840345516745468,0.01215103574471497
286,0.7,0.06591814617341918,0.1292661,0.06591815,6.480724e+07,0.3824064,9.831473e+08,0.0,0.0,332232896.76546776,51489512.6857659,0.1549802,0.23920047710972284,0.3379279091318612,0.0523721267024387
287,0.7,0.06591814617341918,0.1292661,0.06591815,6.480724e+07,0.3824064,9.831473e+08,6.570920075453937e-07,0.0,397978446.4889483,50230544.707211114,0.1262142,0.28653584640880586,0.40480055780792384,0.05109157796449324
288,0.7,0.06591814617341918,0.1292661,0.06591815,6.480724e+07,0.3824064,9.831473e+08,6.325156352425237e-07,0.0,173585024.23199075,30361005.171993908,0.1749057,0.12497745111829257,0.1765606629872747,0.030881442195521715
289,0.7,0.06591814617341918,0.1292661,0.06591815,6.480724e+07,0.3824064,9.831473e+08,0.034008867569060644,0.00038120837428067775,12498253.831902735,1756430.1807507204,0.140534,0.008998471580434696,0.01857484721935494,0.001811666800955841
290,0.7,0.06591814617341918,0.1292661,0.06591815,6.480724e+07,0.3824064,9.831473e+08,0.05575403646948271,7.68389170873626e-05,32872765.206857253,3950860.950663416,0.1201864,0.02366767769823524,0.04304698195025914,0.00402365021405478
291,0.7,0.06591814617341918,0.1292661,0.06591815,6.480724e+07,0.3824064,9.831473e+08,0.0,0.0,79408036.31163058,10964168.927716712,0.1380738,0.057172063203292364,0.08076921924441222,0.011152112620946623
292,0.7,0.06591814617341918,0.1292661,0.06591815,6.480724e+07,0.3824064,9.831473e+08,0.030883781529921148,0.013649105134947593,1174553.5987781931,107473.76993540359,0.0915018,0.000845653106462298,0.006518346795560114,0.0010090397526249986
293,0.7,0.06591814617341918,0.1292661,0.06591815,6.480724e+07,0.3824064,9.831473e+08,0.05864798931495318,0.0,77677865.69390595,9367771.26146155,0.1205977,0.05592637789858544,0.08911896620969384,0.009528350101483013
294,0.7,0.06591814617341918,0.1292661,0.06591815,6.480724e+07,0.3824064,9.831473e+08,0.0812981287247608,0.00967180486544326,8292039.464207209,799933.0214742835,0.09647,0.00597008849924694,0.02244812138893378,0.0014511926217692292
295,0.7,0.06591814617341918,0.1292661,0.06591815,6.480724e+07,0.3824064,9.831473e+08,3.7702508327685763e-05,0.0,251259591.75686523,29453939.052287545,0.1172251,0.18090145440673677,0.2555730889908397,0.029958827486800968
296,0.7,0.06591814617341918,0.1292661,0.06591815,6.480724e+07,0.3824064,9.831473e+08,0.0,0.0,54981221.81899702,6074822.824903118,0.110489,0.039585286764855246,0.055923689410939455,0.0061789551713633635
297,0.7,0.06591814617341918,0.1292661,0.06591815,6.480724e+07,0.3824064,9.831473e+08,0.04410531230056659,0.005689817246055935,4567764.022098189,537174.6938195438,0.1176012,0.00328869098770137,0.012248812670842235,0.0009214449469365938
298,0.7,0.06591814617341918,0.1292661,0.06591815,6.480724e+07,0.3824064,9.831473e+08,0.0,0.0,6151.9119578197915,769.5479124382571,0.1250909,4.429243129666065e-06,6.257365737435962e-06,7.827392156491547e-07
299,0.7,0.06591814617341918,0.1292661,0.06591815,6.480724e+07,0.3824064,9.831473e+08,0.0,0.0,363121042.8393487,48454863.84109175,0.13344,0.2614392720931192,0.36934552828194356,0.04928545903944061
300,0.7,0.06591814617341918,0.1292661,0.06591815,6.480724e+07,0.3824064,9.831473e+08,0.008302754351454444,6.1883763343443695e-06,77077659.83172384,7319474.378285099,0.09496233,0.05549424270066926,0.07983010177405066,0.0074453500036126856
301,0.7,0.06591814617341918,0.1292661,0.06591815,6.480724e+07,0.3824064,9.831473e+08,0.0,0.0,363661570.267669,52936356.998730615,0.1455649,0.26182844011351664,0.36989532122977936,0.05384377228082536
302,0.7,0.06591814617341918,0.1292661,0.06591815,6.480724e+07,0.3824064,9.831473e+08,0.0,0.0,7318530.994868177,900424.2032117367,0.1230335,0.005269183523841578,0.007443982522773406,0.0009158589389715456
303,0.7,0.06591814617341918,0.1292661,0.06591815,6.480724e+07,0.3824064,9.831473e+08,0.00017359809028070515,0.0,225315051.3946252,27710620.27307319,0.1229861,0.16222194827275743,0.22920724229551578,0.02818562538747337
304,0.7,0.06591814617341918,0.1292661,0.06591815,6.480724e+07,0.3824064,9.831473e+08,0.00031874306445533665,0.0,281165978.1499386,45640857.824415356,0.1623271,0.20243340372149954,0.2860405644829243,0.04642321638148004
305,0.7,0.06591814617341918,0.1292661,0.06591815,6.480724e+07,0.3824064,9.831473e+08,0.0,0.0,14261049.87408121,2085492.1916044785,0.1462369,0.010267646482864315,0.014505507470488286,0.0021212409206943276
306,0.7,0.06591814617341918,0.1292661,0.06591815,6.480724e+07,0.3824064,9.831473e+08,0.060516710940959985,0.004616302223083667,6444449.547062882,807755.428541654,0.1253413,0.00463986384664122,0.01698661839952692,0.0011258997554609862
307,0.7,0.06591814617341918,0.1292661,0.06591815,6.480724e+07,0.3824064,9.831473e+08,0.0,0.0,430221968.0489961,60339182.65883031,0.1402513,0.3097504823342352,0.43759667251741835,0.06137349441653289
308,0.7,0.06591814617341918,0.1292661,0.06591815,6.480724e+07,0.3824064,9.831473e+08,6.305107601673449e-07,0.0,360038028.0135399,46055047.09417879,0.1279172,0.25921956831167703,0.366209774251879,0.04684450552917939
309,0.7,0.06591814617341918,0.1292661,0.06591815,6.480724e+07,0.3824064,9.831473e+08,0.0,0.0,302873221.1089303,34319373.69449041,0.1133127,0.2180621476631115,0.30806496086877233,0.03490766359443664
310,0.7,0.06591814617341918,0.1292661,0.06591815,6.480724e+07,0.3824064,9.831473e+08,0.00025351921144577756,0.0,306796031.636337,52148658.07877676,0.1699783,0.22088648612839334,0.3120987156796674,0.05304257091986158
311,0.7,0.06591814617341918,0.1292661,0.06591815,6.480724e+07,0.3824064,9.831473e+08,6.210642014179109e-05,0.0,335065700.3624098,56078988.74985782,0.1673671,0.24124003423529253,0.34081997732130087,0.0570402738529725
312,0.7,0.06591814617341918,0.1292661,0.06591815,6.480724e+07,0.3824064,9.831473e+08,0.0,0.0,176946113.12485704,20014425.48196623,0.1131103,0.12739736219455589,0.17997925738071527,0.02035750529656545
313,0.7,0.06591814617341918,0.1292661,0.06591815,6.480724e+07,0.3824064,9.831473e+08,5.276507317156691e-09,0.0,527713769.9035324,80812383.41618462,0.1531368,0.3799424643592841,0.5367596433765032,0.08219763914309654
314,0.7,0.06591814617341918,0.1292661,0.06591815,6.480724e+07,0.3824064,9.831473e+08,7.157221003084293e-07,0.0,320662782.6990554,45927641.23086771,0.1432272,0.23087024602230147,0.32615958786088195,0.04671491572209221
315,0.7,0.06591814617341918,0.1292661,0.06591815,6.480724e+07,0.3824064,9.831473e+08,2.5133166108514e-09,0.0,434362783.2741487,59503892.162436776,0.1369912,0.31273177945177777,0.44180846848553723,0.06052388568208165
316,0.7,0.06591814617341918,0.1292661,0.06591815,6.480724e+07,0.3824064,9.831473e+08,5.995273452897885e-06,0.0,246493549.0795306,33571512.05791343,0.1361963,0.17747000708937935,0.2507198829840429,0.034146982392698824
317,0.7,0.06591814617341918,0.1292661,0.06591815,6.480724e+07,0.3824064,9.831473e+08,0.0,0.0,332815977.060048,39578744.4098298,0.1189208,0.2396202822705445,0.33852098437131467,0.04025718848040426
318,0.7,0.06591814617341918,0.1292661,0.06591815,6.480724e+07,0.3824064,9.831473e+08,2.1352315058323033e-11,0.0,345546651.46435946,43013552.56509703,0.1244797,0.2487860916202114,0.3514698832503659,0.043750874835605566
319,0.7,0.06591814617341918,0.1292661,0.06591815,6.480724e+07,0.3824064,9.831473e+08,0.0,0.0,365991175.27829134,52505162.351112396,0.1434602,0.2635057051749938,0.37226485946036114,0.05340518625542843
320,0.7,0.06591814617341918,0.1292661,0.06591815,6.480724e+07,0.3824064,9.831473e+08,0.0,0.0,519939473.76237124,66281587.27812265,0.1274794,0.374345139818991,0.5288520822417871,0.06741776151880768
321,0.7,0.06591814617341918,0.1292661,0.06591815,6.480724e+07,0.3824064,9.831473e+08,0.0,0.0,262948855.60942483,30568115.2643439,0.1162512,0.18931747075495384,0.2674562267909181,0.031092102491805818
322,0.7,0.06591814617341918,0.1292661,0.06591815,6.480724e+07,0.3824064,9.831473e+08,0.0,0.0,148862718.98298758,18928190.67813282,0.127152,0.10717792774662499,0.15141446817386178,0.01925265066097888
323,0.7,0.06591814617341918,0.1292661,0.06591815,6.480724e+07,0.3824064,9.831473e+08,0.0,0.0,66303745.760124214,7525184.698687503,0.1134956,0.04773725833411193,0.0674402998332408,0.007654178607284921
324,0.7,0.06591814617341918,0.1292661,0.06591815,6.480724e+07,0.3824064,9.831473e+08,0.0,0.0,193799794.6830022,31996291.708010554,0.1650997,0.13953164723680306,0.1971218384603327,0.032544760203243546
325,0.7,0.06591814617341918,0.1292661,0.06591815,6.480724e+07,0.3824064,9.831473e+08,0.0,0.0,514097088.2261463,81103066.32827638,0.1577583,0.3701387489969813,0.5229095487123864,0.08249330483321896
326,0.7,0.06591814617341918,0.1292661,0.06591815,6.480724e+07,0.3824064,9.831473e+08,0.0,0.0,491376518.8217833,61641364.51710453,0.1254463,0.3537804320011639,0.49979951178391885,0.06269799779040164
327,0.7,0.06591814617341918,0.1292661,0.06591815,6.480724e+07,0.3824064,9.831473e+08,0.0,0.0,159175174.80266488,19187703.312261347,0.1205446,0.11460267218420274,0.1619036962638131,0.019516611763862265
328,0.7,0.06591814617341918,0.1292661,0.06591815,6.480724e+07,0.3824064,9.831473e+08,0.001669888625244871,0.0,278224062.1486341,42016290.06027329,0.151016,0.20031528803223494,0.2832811259284215,0.042736517628984366
329,0.7,0.06591814617341918,0.1292661,0.06591815,6.480724e+07,0.3824064,9.831473e+08,0.0,0.0,317923278.01234514,48240257.49359104,0.1517355,0.22889786208776292,0.32337300023272714,0.04906717398999671
330,0.7,0.06591814617341918,0.1292661,0.06591815,6.480724e+07,0.3824064,9.831473e+08,2.9191215733837094e-05,0.0,242651681.83095595,30895610.70139771,0.1273249,0.17470394602860487,0.24681615833174303,0.03142521173345911
331,0.7,0.06591814617341918,0.1292661,0.06591815,6.480724e+07,0.3824064,9.831473e+08,0.0,0.0,191959301.06792963,23954507.665949445,0.1247895,0.1382065317677183,0.19524979579036475,0.024365126899374583
332,0.7,0.06591814617341918,0.1292661,0.06591815,6.480724e+07,0.3824064,9.831473e+08,0.0,0.0,706516342.2330358,83322744.83666308,0.1179346,0.5086764369010075,0.7186271817833908,0.08475103224247535
333,0.7,0.06591814617341918,0.1292661,0.06591815,6.480724e+07,0.3824064,9.831473e+08,1.8548097754015907e-07,0.0,257686642.04139942,37852859.32994652,0.1468949,0.1855287911618746,0.26210384229383377,0.03850171892237748
334,0.7,0.06591814617341918,0.1292661,0.06591815,6.480724e+07,0.3824064,9.831473e+08,0.003784782423961866,0.0,147151178.29393828,18622659.251478527,0.1265546,0.1059456555863449,0.15032599904702754,0.018941881928597012
335,0.7,0.06591814617341918,0.1292661,0.06591815,6.480724e+07,0.3824064,9.831473e+08,0.0,0.0,364869362.06638217,38940713.23916803,0.1067251,0.26269802400275244,0.37112381654490123,0.039608220417452655
336,0.7,0.06591814617341918,0.1292661,0.06591815,6.480724e+07,0.3824064,9.831473e+08,0.0,0.0,123977548.52261725,13900955.66008229,0.1121248,0.08926114495651066,0.12610272540565745,0.0141392406558175
337,0.7,0.06591814617341918,0.1292661,0.06591815,6.480724e+07,0.3824064,9.831473e+08,2.308601897066108e-06,0.0,230717476.71981874,34519541.02074559,0.1496182,0.16611157728877926,0.23467274757962364,0.035111262114319745
338,0.7,0.06591814617341918,0.1292661,0.06591815,6.480724e+07,0.3824064,9.831473e+08,2.7610551115243884e-06,0.0,425076738.6876849,48731352.46831159,0.1146413,0.3060460288317471,0.43236372149690366,0.04956668713155545
339,0.7,0.06591814617341918,0.1292661,0.06591815,6.480724e+07,0.3824064,9.831473e+08,0.0,0.0,314197551.22125846,40563298.622542135,0.1291013,0.22621541963644382,0.31958340842298755,0.041258619554111906
340,0.7,0.06591814617341918,0.1292661,0.06591815,6.480724e+07,0.3824064,9.831473e+08,4.985678915339146e-06,1.2227734822637977e-07,13883305.799510473,2477156.911259398,0.178427,0.009995678945205104,0.014122147665235889,0.00251962747114681
341,0.7,0.06591814617341918,0.1292661,0.06591815,6.480724e+07,0.3824064,9.831473e+08,0.0,0.0,385174180.13616604,48171716.868712746,0.1250648,0.2773170524529876,0.39177669223068456,0.04899745846729799
342,0.7,0.06591814617341918,0.1292661,0.06591815,6.480724e+07,0.3824064,9.831473e+08,0.0,0.0,221548262.61393806,25433424.660374686,0.1147986,0.15950994207986086,0.22534596027609957,0.025869394937161633
343,0.7,0.06591814617341918,0.1292661,0.06591815,6.480724e+07,0.3824064,9.831473e+08,0.01044029468967616,0.0,190302301.65032923,30255372.974910595,0.1589858,0.13701352813948234,0.1953640613549671,0.030773999290725423
344,0.7,0.06591814617341918,0.1292661,0.06591815,6.480724e+07,0.3824064,9.831473e+08,0.0030695059248532727,0.0,250753950.47149,42554329.989655256,0.1697055,0.18053740365232424,0.25558139394089086,0.043283780438103034
345,0.7,0.06591814617341918,0.1292661,0.06591815,6.480724e+07,0.3824064,9.831473e+08,0.0009937797233745007,0.0,176697764.88127923,17537194.306902748,0.09924967,0.12721855684766964,0.17989795699912325,0.017837810348908245
346,0.7,0.06591814617341918,0.1292661,0.06591815,6.480724e+07,0.3824064,9.831473e+08,0.005830009066209018,0.0,122066555.62228037,14098782.582594005,0.1155008,0.08788527153168073,0.1251639355510292,0.014340458653629339
347,0.7,0.06591814617341918,0.1292661,0.06591815,6.480724e+07,0.3824064,9.831473e+08,0.0,0.0,7523344.802495333,686519.6955547939,0.09125192,0.0054166450214236765,0.007652307172278657,0.0006982877600481701
348,0.7,0.06591814617341918,0.1292661,0.06591815,6.480724e+07,0.3824064,9.831473e+08,0.0,0.0,250661082.2523663,31850203.502929535,0.1270648,0.18047054054954606,0.25495782100731423,0.032396167808653835
349,0.7,0.06591814617341918,0.1292661,0.06591815,6.480724e+07,0.3824064,9.831473e+08,0.003771516668626766,0.0,58395646.03977186,8070663.86847132,0.1382066,0.04204359811997939,0.06004676585839979,0.008209008177488965
350,0.7,0.06591814617341918,0.1292661,0.06591815,6.480724e+07,0.3824064,9.831473e+08,0.0,0.0,346195108.39462936,46538394.89251392,0.1344282,0.2492529665402322,0.3521294557837265,0.04733613869514544
351,0.7,0.06591814617341918,0.1292661,0.06591815,6.480724e+07,0.3824064,9.831473e+08,0.0,0.0,428937391.81558347,53843957.88719089,0.1255287,0.3088256153180317,0.43629007655746427,0.05476693092510649
352,0.7,0.06591814617341918,0.1292661,0.06591815,6.480724e+07,0.3824064,9.831473e+08,6.7021304898377754e-06,0.0,383893561.2031245,57973880.49138049,0.1510155,0.27639503460718856,0.3904752767000804,0.058967647121779224
353,0.7,0.06591814617341918,0.1292661,0.06591815,6.480724e+07,0.3824064,9.831473e+08,0.0010864819352596174,0.0,183938046.27425724,24328267.09507177,0.1322634,0.13243140235595646,0.18727832834119734,0.02474529317318818
354,0.7,0.06591814617341918,0.1292661,0.06591815,6.480724e+07,0.3824064,9.831473e+08,0.00012870804060112088,0.0,171967484.5266654,25403778.383630607,0.1477243,0.12381285762672486,0.17493747331873244,0.025839240475002086
355,0.7,0.06591814617341918,0.1292661,0.06591815,6.480724e+07,0.3824064,9.831473e+08,0.00099608140266909,0.0,112236735.94361326,16877638.243302975,0.1503753,0.08080801464372252,0.11433235790963378,0.017166948421334437
356,0.7,0.06591814617341918,0.1292661,0.06591815,6.480724e+07,0.3824064,9.831473e+08,0.0,0.0,399762659.70521206,52505457.49615665,0.1313416,0.2878204412118818,0.4066152420738108,0.053405486459738916
357,0.7,0.06591814617341918,0.1292661,0.06591815,6.480724e+07,0.3824064,9.831473e+08,3.815085021573808e-07,0.0,324447042.1674697,47310618.08779531,0.1458192,0.23359483073129458,0.330008658082466,0.04812159905233813
358,0.7,0.06591814617341918,0.1292661,0.06591815,6.480724e+07,0.3824064,9.831473e+08,0.0,0.0,444737014.38680106,66980274.035151824,0.1506065,0.3202010007599396,0.45236053036425017,0.06812842490355873
359,0.7,0.06591814617341918,0.1292661,0.06591815,6.480724e+07,0.3824064,9.831473e+08,0.03362755745802224,1.5839677062861264e-06,77266236.02433026,10759285.90702938,0.1392495,0.055630013467749054,0.084387328833815,0.010943821984171537
360,0.7,0.06591814617341918,0.1292661,0.06591815,6.480724e+07,0.3824064,9.831473e+08,0.001550659328919055,0.0,162477377.3502744,20951422.411074914,0.1289498,0.11698018636955672,0.16552980223128574,0.02131056387745666
361,0.7,0.06591814617341918,0.1292661,0.06591815,6.480724e+07,0.3824064,9.831473e+08,0.004433684538889431,0.0011762548041463453,50698.48651248615,8665.63961736773,0.170925,3.650181026801927e-05,0.0008158336175423586,8.635071889560382e-05
362,0.7,0.06591814617341918,0.1292661,0.06591815,6.480724e+07,0.3824064,9.831473e+08,2.2765989115296233e-06,0.0,265766492.89345005,33483332.594661903,0.1259878,0.19134610846429168,0.2703225553957778,0.034057291389986366
363,0.7,0.06591814617341918,0.1292661,0.06591815,6.480724e+07,0.3824064,9.831473e+08,2.7807825571584548e-05,0.0,155932177.5835223,24197456.681163345,0.1551794,0.11226778455074837,0.15860990223103885,0.024612240455967486
364,0.7,0.06591814617341918,0.1292661,0.06591815,6.480724e+07,0.3824064,9.831473e+08,0.0,0.0,324122345.01045907,38188296.64826278,0.1178206,0.23336105582330305,0.3296783293245653,0.038842906182058844
365,0.7,0.06591814617341918,0.1292661,0.06591815,6.480724e+07,0.3824064,9.831473e+08,0.03633509630483354,3.887308643740068e-06,90698494.98653035,11867116.641444065,0.1308414,0.06530094847659544,0.09851655650258305,0.012070794571688968
366,0.7,0.06591814617341918,0.1292661,0.06591815,6.480724e+07,0.3824064,9.831473e+08,0.0,0.0,112278153.30602549,18256321.925751876,0.1625991,0.08083783424601382,0.11420278352109123,0.01856926498510645
367,0.7,0.06591814617341918,0.1292661,0.06591815,6.480724e+07,0.3824064,9.831473e+08,0.0,0.0,136662807.8953099,21537578.14745053,0.1575965,0.0983942564687962,0.1390054307618807,0.02190676727678134
368,0.7,0.06591814617341918,0.1292661,0.06591815,6.480724e+07,0.3824064,9.831473e+08,0.0,0.0,18395598.10350013,2240964.979790946,0.1218207,0.013244431499455608,0.018710928583132294,0.0022793787654118605
369,0.7,0.06591814617341918,0.1292661,0.06591815,6.480724e+07,0.3824064,9.831473e+08,0.0,0.0,517354430.9011947,77520955.71692954,0.1498411,0.37248396504743,0.5262227275403161,0.07884979101819174
370,0.7,0.06591814617341918,0.1292661,0.06591815,6.480724e+07,0.3824064,9.831473e+08,2.759560559960486e-08,0.0,498734957.77790475,78596599.69256644,0.1575919,0.3590783483912123,0.5072840911121813,0.0799438732815561
371,0.7,0.06591814617341918,0.1292661,0.06591815,6.480724e+07,0.3824064,9.831473e+08,6.69556781437624e-07,0.0,291649105.9533752,42280028.61219408,0.1449688,0.20998102828426043,0.29664856153504654,0.043004777088766204
372,0.7,0.06591814617341918,0.1292661,0.06591815,6.480724e+07,0.3824064,9.831473e+08,0.0,0.0,327781838.3425411,49678870.41631278,0.1515608,0.23599581162122696,0.3334005523260565,0.050530447078719815
373,0.7,0.06591814617341918,0.1292661,0.06591815,6.480724e+07,0.3824064,9.831473e+08,0.0,0.0,753343604.0139635,101571451.28940663,0.1348275,0.5423910493574824,0.7662571390153802,0.10331255121297635
374,0.7,0.06591814617341918,0.1292661,0.06591815,6.480724e+07,0.3824064,9.831473e+08,0.0,0.0,227897387.15015522,38517431.119135246,0.1690122,0.16408117398698982,0.2318039191363754,0.03917768255323701
375,0.7,0.06591814617341918,0.1292661,0.06591815,6.480724e+07,0.3824064,9.831473e+08,0.0,0.0,346474171.5322468,62506237.76448816,0.1804066,0.24945388594439633,0.3524133025175357,0.06357769637232369
376,0.7,0.06591814617341918,0.1292661,0.06591815,6.480724e+07,0.3824064,9.831473e+08,0.010570360966086555,3.108598516628624e-05,74803902.85310212,7542701.139178557,0.100833,0.05385718701048028,0.07790825255495319,0.007674044438577949
377,0.7,0.06591814617341918,0.1292661,0.06591815,6.480724e+07,0.3824064,9.831473e+08,0.0008924604976525175,0.0,83355696.8256808,14617191.640647963,0.1753592,0.060014293119779606,0.08493838891382477,0.014867754086347608
378,0.7,0.06591814617341918,0.1292661,0.06591815,6.480724e+07,0.3824064,9.831473e+08,0.03349013490327519,9.7874684313192e-05,69875943.1227234,7382096.672194672,0.1056458,0.050309162928096236,0.07684666577481651,0.007515089536972685
379,0.7,0.06591814617341918,0.1292661,0.06591815,6.480724e+07,0.3824064,9.831473e+08,0.00015774327603169428,0.0,262168142.12513357,38526119.711896524,0.1469519,0.1887553739856496,0.2666893219498108,0.03918652008261385
380,0.7,0.06591814617341918,0.1292661,0.06591815,6.480724e+07,0.3824064,9.831473e+08,0.004154667470587396,0.0,60517786.61436104,6840243.978461725,0.1130287,0.04357149328893364,0.06227132983308521,0.00695749688877177
381,0.7,0.06591814617341918,0.1292661,0.06591815,6.480724e+07,0.3824064,9.831473e+08,0.06029831742114223,0.00010210862620571512,47316326.12122128,5569936.609358218,0.117717,0.03406672817010387,0.05852145937239593,0.005672145196023113
382,0.7,0.06591814617341918,0.1292661,0.06591815,6.480724e+07,0.3824064,9.831473e+08,7.118804537035524e-08,0.0,469763196.6352894,69005440.64353502,0.1468941,0.3382193089779219,0.47781571436323067,0.07018830616239055
383,0.7,0.06591814617341918,0.1292661,0.06591815,6.480724e+07,0.3824064,9.831473e+08,0.003568977009221678,0.00060634869021237,36528.62860501511,6247.582891195898,0.1710325,2.6299820022493556e-05,0.000652365012187294,4.632405821973921e-05
384,0.7,0.06591814617341918,0.1292661,0.06591815,6.480724e+07,0.3824064,9.831473e+08,0.045510881000937545,3.661997688393944e-05,38463273.531427205,5423696.829468744,0.1410098,0.027692722392912216,0.04696763433951527,0.005519081738027444
385,0.7,0.06591814617341918,0.1292661,0.06591815,6.480724e+07,0.3824064,9.831473e+08,0.02068483009021047,1.860337760069828e-11,53082265.832952246,10544830.199086955,0.1986507,0.03821807965714692,0.05755777508996572,0.010725585745504532
386,0.7,0.06591814617341918,0.1292661,0.06591815,6.480724e+07,0.3824064,9.831473e+08,0.0021648698047011423,0.0010763646940069446,2534.428150398962,209.6075629229788,0.08270409,1.824733278004384e-06,0.0003757520432531878,7.116516581302327e-05
387,0.7,0.06591814617341918,0.1292661,0.06591815,6.480724e+07,0.3824064,9.831473e+08,0.04773453157515325,0.010758280780164425,3796356.265844316,342408.46684326907,0.09019398,0.002733294140674732,0.012089776346433328,0.0010574438300771836
388,0.7,0.06591814617341918,0.1292661,0.06591815,6.480724e+07,0.3824064,9.831473e+08,0.0,0.0,685981632.4618907,82186417.19169115,0.1198085,0.49389189141382456,0.6977404736784698,0.08359522609295617
389,0.7,0.06591814617341918,0.1292661,0.06591815,6.480724e+07,0.3824064,9.831473e+08,0.0,0.0,39830318.933613665,5712455.990744387,0.1434198,0.028676965421273404,0.040513075400817014,0.005810376780125859
390,0.7,0.06591814617341918,0.1292661,0.06591815,6.480724e+07,0.3824064,9.831473e+08,0.0,0.0,34273486.87705625,4487328.529476208,0.1309271,0.0246761669088809,0.03486099020229754,0.004564248640989059
391,0.7,0.06591814617341918,0.1292661,0.06591815,6.480724e+07,0.3824064,9.831473e+08,4.3150576278193376e-05,0.0,252560874.19022414,36455139.68141325,0.144342,0.18183834952442188,0.2568976166448241,0.03708004008509245
392,0.7,0.06591814617341918,0.1292661,0.06591815,6.480724e+07,0.3824064,9.831473e+08,0.007799757612857371,8.151322153945363e-06,134002663.8187996,11898007.16905443,0.08878933,0.09647901045168955,0.13764418777806972,0.012102495689064794
393,0.7,0.06591814617341918,0.1292661,0.06591815,6.480724e+07,0.3824064,9.831473e+08,0.0,0.0,119996766.79648215,15696984.384616882,0.1308117,0.08639506848596365,0.1220537066043291,0.015966056234682904
394,0.7,0.06591814617341918,0.1292661,0.06591815,6.480724e+07,0.3824064,9.831473e+08,0.0035442125137685747,0.0,220053528.8607468,32724945.472153053,0.1487136,0.15843376620927044,0.22443654574392127,0.033285904278363705
395,0.7,0.06591814617341918,0.1292661,0.06591815,6.480724e+07,0.3824064,9.831473e+08,0.0,0.0,448862044.3156707,68512140.91226088,0.1526352,0.323170932806657,0.456556270017188,0.06968655047116393
396,0.7,0.06591814617341918,0.1292661,0.06591815,6.480724e+07,0.3824064,9.831473e+08,0.0054585089827790525,0.001768468904431485,213811.03086160345,17679.236789916235,0.08268627,0.00015393930309532517,0.0011583985328425049,0.00013455647941663321
397,0.7,0.06591814617341918,0.1292661,0.06591815,6.480724e+07,0.3824064,9.831473e+08,0.0,0.0,465091973.1923083,61985201.749070846,0.1332751,0.33485612945197635,0.4730644062795421,0.063047728951919
398,0.7,0.06591814617341918,0.1292661,0.06591815,6.480724e+07,0.3824064,9.831473e+08,0.003384760460883946,0.0,195942720.6894185,30154990.35187874,0.153897,0.14107450746568478,0.19988495319760546,0.03067189594622046
399,0.7,0.06591814617341918,0.1292661,0.06591815,6.480724e+07,0.3824064,9.831473e+08,0.0,0.0,132701732.42736457,21400908.419697456,0.1612708,0.09554236807657296,0.134976456016068,0.021767754807544077
400,0.7,0.06591814617341918,0.1292661,0.06591815,6.480724e+07,0.3824064,9.831473e+08,0.06143050425024892,0.00010320425075154741,50382425.46262705,5729202.166936573,0.1137143,0.036274253169796496,0.06183527982751518,0.005834213045909401
401,0.7,0.06591814617341918,0.1292661,0.06591815,6.480724e+07,0.3824064,9.831473e+08,0.0005693823901767757,0.0,166201136.12291452,27302895.90243014,0.1642762,0.11966121189029501,0.1691482425274838,0.027770911957783195
402,0.7,0.06591814617341918,0.1292661,0.06591815,6.480724e+07,0.3824064,9.831473e+08,1.577839603371967e-05,0.0,426027933.0757605,63799403.3007756,0.149754,0.30673086815279843,0.4333334647969394,0.06489302886977798
403,0.7,0.06591814617341918,0.1292661,0.06591815,6.480724e+07,0.3824064,9.831473e+08,0.06509385118277694,0.0010000183318853012,20800605.817829806,2826290.1522178324,0.1358754,0.014975984871565918,0.03237785711233583,0.002940656718147787
404,0.7,0.06591814617341918,0.1292661,0.06591815,6.480724e+07,0.3824064,9.831473e+08,0.0016125200583036283,0.0,206278169.27545357,33328528.483616788,0.1615708,0.14851580619615887,0.210092074369003,0.03389983368462427
405,0.7,0.06591814617341918,0.1292661,0.06591815,6.480724e+07,0.3824064,9.831473e+08,2.1189325376085144e-07,0.0,282154355.79803294,43266427.72043813,0.1533431,0.2031450141829875,0.2869909770241051,0.04400808468251647
406,0.7,0.06591814617341918,0.1292661,0.06591815,6.480724e+07,0.3824064,9.831473e+08,0.06283543237406289,0.00028117380465551243,24388085.8918891,3027913.8919263715,0.1241555,0.01755889268620771,0.0356375325462017,0.0030983517181584195
407,0.7,0.06591814617341918,0.1292661,0.06591815,6.480724e+07,0.3824064,9.831473e+08,0.008162128413420738,0.0,132275992.77890384,13518348.212251123,0.102198,0.09523584476708798,0.1359503832472728,0.013750074693859386
408,0.7,0.06591814617341918,0.1292661,0.06591815,6.480724e+07,0.3824064,9.831473e+08,0.001248610918532851,8.565338592786505e-05,11191.495113135275,1563.6508137908959,0.1397178,8.0576336560761e-06,0.0002266153754898436,7.2365667465129426e-06
409,0.7,0.06591814617341918,0.1292661,0.06591815,6.480724e+07,0.3824064,9.831473e+08,0.0,0.0,316865723.4650856,40319753.5073459,0.1272456,0.22813644575982894,0.3222973174799726,0.04101089967941316
410,0.7,0.06591814617341918,0.1292661,0.06591815,6.480724e+07,0.3824064,9.831473e+08,7.85150722975329e-06,0.0,277481109.74216545,35705214.75801107,0.1286762,0.19978037841964902,0.28223894082302986,0.036317260228436454
411,0.7,0.06591814617341918,0.1292661,0.06591815,6.480724e+07,0.3824064,9.831473e+08,0.0041424389867447415,0.0,184102574.7379422,28328716.628317934,0.1538746,0.13254985927998392,0.1879724543758108,0.028814316919839385
412,0.7,0.06591814617341918,0.1292661,0.06591815,6.480724e+07,0.3824064,9.831473e+08,0.0,0.0,39997047.75369834,5517111.434858221,0.137938,0.028797006554166844,0.04068266222413214,0.00561168370074214
413,0.7,0.06591814617341918,0.1292661,0.06591815,6.480724e+07,0.3824064,9.831473e+08,0.0,0.0,229020789.71096876,25442313.631809942,0.1110917,0.1648899994559577,0.23294657864476567,0.02587843628002892
414,0.7,0.06591814617341918,0.1292661,0.06591815,6.480724e+07,0.3824064,9.831473e+08,0.0,0.0,491661968.1950908,55816005.26253421,0.1135252,0.35398594935646066,0.5000898542238876,0.056772782400823465
415,0.7,0.06591814617341918,0.1292661,0.06591815,6.480724e+07,0.3824064,9.831473e+08,0.0,0.0,706816020.9988542,101634390.14056852,0.1437919,0.5088921991101725,0.7189319975308082,0.10337656893844353
416,0.7,0.06591814617341918,0.1292661,0.06591815,6.480724e+07,0.3824064,9.831473e+08,0.0,0.0,483641432.0525849,57397124.20529661,0.118677,0.3482113373579459,0.49193183304314086,0.05838100429461642
417,0.7,0.06591814617341918,0.1292661,0.06591815,6.480724e+07,0.3824064,9.831473e+08,2.0652331544985927e-06,0.0,335335673.90897447,43025979.38107905,0.1283072,0.24143440933111834,0.3410842289226583,0.04376351466743093
418,0.7,0.06591814617341918,0.1292661,0.06591815,6.480724e+07,0.3824064,9.831473e+08,0.0,0.0,291238916.4715614,39963846.234851055,0.1372201,0.20968570075736437,0.2962312253218539,0.04064889157723565
419,0.7,0.06591814617341918,0.1292661,0.06591815,6.480724e+07,0.3824064,9.831473e+08,0.0034445605212002762,0.0,130394091.99941997,16577024.403302457,0.1271302,0.09388091703805133,0.13322302253586885,0.016861181571042105
420,0.7,0.06591814617341918,0.1292661,0.06591815,6.480724e+07,0.3824064,9.831473e+08,0.053022954797333,1.66917039241005e-05,48518892.03685589,6994787.208870575,0.1441663,0.03493254953691076,0.05849053266828442,0.007115789527758216
421,0.7,0.06591814617341918,0.1292661,0.06591815,6.480724e+07,0.3824064,9.831473e+08,0.0,0.0,94443183.75654605,11229369.0744104,0.1189008,0.06799704314131945,0.09606209357749249,0.011421858729613654
422,0.7,0.06591814617341918,0.1292661,0.06591815,6.480724e+07,0.3824064,9.831473e+08,0.0,0.0,188671068.25295523,29805257.927464318,0.1579747,0.13583907548675594,0.19190519731525502,0.030316168539065436
423,0.7,0.06591814617341918,0.1292661,0.06591815,6.480724e+07,0.3824064,9.831473e+08,0.0,0.0,515859391.9433339,70249845.1732923,0.1361802,0.37140756943609965,0.5247020611824111,0.07145404181033257
424,0.7,0.06591814617341918,0.1292661,0.06591815,6.480724e+07,0.3824064,9.831473e+08,0.0,0.0,461316050.6221049,67888750.21226482,0.1471632,0.3321375471288068,0.4692237582533672,0.0690524738403641
425,0.7,0.06591814617341918,0.1292661,0.06591815,6.480724e+07,0.3824064,9.831473e+08,1.090096327201994e-06,0.0,226635126.34623265,32054656.95455956,0.1414373,0.16317237359583434,0.23052020903641854,0.0326041259250739
426,0.7,0.06591814617341918,0.1292661,0.06591815,6.480724e+07,0.3824064,9.831473e+08,0.01740163862052355,2.3027812934448844e-05,93630640.87028117,10195327.428245448,0.1088888,0.06741202989320672,0.0982352679287576,0.010371609878071057
427,0.7,0.06591814617341918,0.1292661,0.06591815,6.480724e+07,0.3824064,9.831473e+08,0.004942671834403824,0.0,61974477.15585056,8751370.245232733,0.1412093,0.04462027887253431,0.06388882439730702,0.00890138296900184
428,0.7,0.06591814617341918,0.1292661,0.06591815,6.480724e+07,0.3824064,9.831473e+08,0.0,0.0,211787041.1984926,29700308.954265546,0.1402367,0.1524820744530242,0.21541741564488204,0.030209420569722617
429,0.7,0.06591814617341918,0.1292661,0.06591815,6.480724e+07,0.3824064,9.831473e+08,0.0,0.0,652421689.7311624,96651119.41560104,0.1481421,0.4697294608083086,0.6636052589300464,0.09830787684587497
430,0.7,0.06591814617341918,0.1292661,0.06591815,6.480724e+07,0.3824064,9.831473e+08,0.0,0.0,394116840.7223664,48765539.01438882,0.1237337,0.283755574043339,0.400872644568312,0.04960145969065117
431,0.7,0.06591814617341918,0.1292661,0.06591815,6.480724e+07,0.3824064,9.831473e+08,0.020707696694818842,1.998344785831605e-05,70102388.39942575,8257154.72705297,0.1177871,0.050472198614067695,0.07487359192859817,0.008400013064629099
432,0.7,0.06591814617341918,0.1292661,0.06591815,6.480724e+07,0.3824064,9.831473e+08,0.010949426205000116,0.0,138610700.3553974,19854638.453485277,0.1432403,0.09979669677602526,0.14287414457512038,0.020194979258455866
433,0.7,0.06591814617341918,0.1292661,0.06591815,6.480724e+07,0.3824064,9.831473e+08,0.0,0.0,378070919.89266455,45130558.637540385,0.1193706,0.272202859199333,0.38455167055018424,0.045904169836326864
434,0.7,0.06591814617341918,0.1292661,0.06591815,6.480724e+07,0.3824064,9.831473e+08,0.013920551037820509,0.009361202424951458,175940.9231780247,18316.1702630985,0.1041041,0.00012667364724275833,0.002578542290187086,0.0006357032490272399
435,0.7,0.06591814617341918,0.1292661,0.06591815,6.480724e+07,0.3824064,9.831473e+08,0.05927206964371258,2.2678628174484744e-07,21160297.559675578,3775285.850661547,0.1784136,0.01523495512135028,0.03174017222077526,0.003840015341555405
436,0.7,0.06591814617341918,0.1292661,0.06591815,6.480724e+07,0.3824064,9.831473e+08,0.06255143819016676,1.0873218242987832e-05,51531961.598628506,6657960.731758406,0.1292006,0.03710189424587128,0.06319774432439405,0.006772805753049495
437,0.7,0.06591814617341918,0.1292661,0.06591815,6.480724e+07,0.3824064,9.831473e+08,0.0,0.0,407264479.57912964,62684510.94489096,0.153916,0.2932215887517626,0.41424565534521657,0.06375902544507452
438,0.7,0.06591814617341918,0.1292661,0.06591815,6.480724e+07,0.3824064,9.831473e+08,0.0,0.0,51279344.42332474,6320147.351424267,0.1232494,0.03692001536076669,0.052158355814052676,0.006428484959392086
439,0.7,0.06591814617341918,0.1292661,0.06591815,6.480724e+07,0.3824064,9.831473e+08,0.0005320584342075542,0.0,152708926.80812198,17395937.6688645,0.1139157,0.10994711392834366,0.15541832099570937,0.01769413234228099
440,0.7,0.06591814617341918,0.1292661,0.06591815,6.480724e+07,0.3824064,9.831473e+08,0.004371668090634724,0.0,104505149.85149582,15134151.300929194,0.1448173,0.07524144041204753,0.10705011399679223,0.015393575276257275
441,0.7,0.06591814617341918,0.1292661,0.06591815,6.480724e+07,0.3824064,9.831473e+08,4.903634800399764e-06,0.0,275172327.94637454,39665574.589569755,0.1441481,0.19811810562104268,0.2798900746050973,0.040345507070690574
442,0.7,0.06591814617341918,0.1292661,0.06591815,6.480724e+07,0.3824064,9.831473e+08,0.029695767935124667,0.023980395077820262,105168.51256030054,10952.222904725393,0.1041398,7.571904716919808e-05,0.00522584426552897,0.001591883149859784
443,0.7,0.06591814617341918,0.1292661,0.06591815,6.480724e+07,0.3824064,9.831473e+08,3.057925990703849e-19,0.0,135596403.04288208,15851365.519158535,0.1169011,0.09762646811316888,0.13792074599532855,0.01612308371303612
444,0.7,0.06591814617341918,0.1292661,0.06591815,6.480724e+07,0.3824064,9.831473e+08,0.0,0.0,381994176.49110025,50082659.66557819,0.1311084,0.27502751882607723,0.38854217814953573,0.05094115793264982
445,0.7,0.06591814617341918,0.1292661,0.06591815,6.480724e+07,0.3824064,9.831473e+08,0.0,0.0,293774339.1440882,37391606.66462609,0.12728,0.21151115006972235,0.2988101092639138,0.03803255963595298
446,0.7,0.06591814617341918,0.1292661,0.06591815,6.480724e+07,0.3824064,9.831473e+08,0.0,0.0,373347019.9354039,40081811.86526243,0.1073581,0.26880175372604503,0.3797467952622561,0.040768879330472726
447,0.7,0.06591814617341918,0.1292661,0.06591815,6.480724e+07,0.3824064,9.831473e+08,0.05141333627817491,4.18125384403663e-09,61868475.74919988,8464628.588928651,0.1368165,0.0445439601596916,0.07179148844889673,0.008609726369823914
448,0.7,0.06591814617341918,0.1292661,0.06591815,6.480724e+07,0.3824064,9.831473e+08,2.020019325828788e-08,0.0,400522815.02625805,57342835.57393938,0.14317,0.2883677365497064,0.40738843117582274,0.05832578506779455
449,0.7,0.06591814617341918,0.1292661,0.06591815,6.480724e+07,0.3824064,9.831473e+08,0.006977177417414849,0.0,141473148.25101537,17903140.5571192,0.126548,0.10185759715343998,0.1451009344057349,0.018210029513218116
450,0.7,0.06591814617341918,0.1292661,0.06591815,6.480724e+07,0.3824064,9.831473e+08,0.009234516820867704,0.0,95388859.07609767,14279138.260905832,0.149694,0.06867790885278245,0.09861579935933419,0.014523905921691413
451,0.7,0.06591814617341918,0.1292661,0.06591815,6.480724e+07,0.3824064,9.831473e+08,0.0,0.0,587469241.5193516,62416397.82155893,0.1062462,0.42296510738945536,0.597539420083548,0.06348631642661039
452,0.7,0.06591814617341918,0.1292661,0.06591815,6.480724e+07,0.3824064,9.831473e+08,0.0,0.0,116718889.88761608,11507018.95004606,0.09858746,0.08403506823270396,0.11871964155240662,0.01170426797583142
453,0.7,0.06591814617341918,0.1292661,0.06591815,6.480724e+07,0.3824064,9.831473e+08,5.059976144447172e-06,0.0,308219806.67705214,50272679.081871636,0.1631066,0.22191157326561442,0.31350406783645335,0.05113443459088464
454,0.7,0.06591814617341918,0.1292661,0.06591815,6.480724e+07,0.3824064,9.831473e+08,0.0,0.0,365809632.829458,49003057.457968906,0.1339578,0.26337499855081725,0.37208020507860007,0.049843049586777356
455,0.7,0.06591814617341918,0.1292661,0.06591815,6.480724e+07,0.3824064,9.831473e+08,0.012572748795736138,0.0,169349119.06003645,24099318.320277914,0.1423055,0.12192769130224919,0.17441929356983588,0.02451241984391337
456,0.7,0.06591814617341918,0.1292661,0.06591815,6.480724e+07,0.3824064,9.831473e+08,0.0,0.0,334327228.5777272,50022248.98326036,0.1496206,0.2407083505731751,0.3400581411986899,0.050879711712953815
457,0.7,0.06591814617341918,0.1292661,0.06591815,6.480724e+07,0.3824064,9.831473e+08,5.525262715077111e-08,0.0,479915900.3639199,69049474.12624472,0.1438783,0.3455290353761372,0.48814244920448846,0.07023309445063279
458,0.7,0.06591814617341918,0.1292661,0.06591815,6.480724e+07,0.3824064,9.831473e+08,0.0,0.0,236297218.1268,35058090.33750955,0.1483644,0.17012887003640556,0.2403477368818,0.03565904304254887
459,0.7,0.06591814617341918,0.1292661,0.06591815,6.480724e+07,0.3824064,9.831473e+08,0.0,0.0,137892806.51437178,20298322.42621892,0.1472036,0.09927982878685475,0.14025651355838079,0.02064626869631981
460,0.7,0.06591814617341918,0.1292661,0.06591815,6.480724e+07,0.3824064,9.831473e+08,0.0,0.0,72831240.92632622,8794415.547736501,0.1207506,0.05243691322466646,0.0740796868862939,0.00894516613802172
461,0.7,0.06591814617341918,0.1292661,0.06591815,6.480724e+07,0.3824064,9.831473e+08,1.858825812946682e-08,0.0,410824250.2370858,66833577.860928394,0.1626817,0.29578454638803003,0.4178664494678984,0.0679792141182464
462,0.7,0.06591814617341918,0.1292661,0.06591815,6.480724e+07,0.3824064,9.831473e+08,0.0007496582692931604,0.0,195685476.36125702,20584515.106998157,0.1051918,0.14088929713091944,0.19916906777536522,0.02093736718525976
463,0.7,0.06591814617341918,0.1292661,0.06591815,6.480724e+07,0.3824064,9.831473e+08,0.0033989187851439584,0.0,255183433.3529695,40599559.456730105,0.1590995,0.18372653521910945,0.2601435886281518,0.04129550195799128
464,0.7,0.06591814617341918,0.1292661,0.06591815,6.480724e+07,0.3824064,9.831473e+08,0.0,0.0,225615650.4385003,33050267.541736342,0.1464893,0.16243837306215572,0.22948306974528315,0.03361680289749213
465,0.7,0.06591814617341918,0.1292661,0.06591815,6.480724e+07,0.3824064,9.831473e+08,0.03202754765591806,0.006435648914917284,66504.87858795511,8314.151864665182,0.1250157,4.78820696061081e-05,0.005588463506954351,0.0004326827158483967
466,0.7,0.06591814617341918,0.1292661,0.06591815,6.480724e+07,0.3824064,9.831473e+08,0.0655966885067457,6.91638351545669e-05,43304587.69535928,5564537.1970538935,0.1284976,0.03117836354743072,0.05535427153567937,0.005664481569455327
467,0.7,0.06591814617341918,0.1292661,0.06591815,6.480724e+07,0.3824064,9.831473e+08,6.037323235107593e-09,0.0,399004869.3343027,48483270.36937831,0.1215105,0.2872748485868425,0.40584446298377774,0.049314352501837105
468,0.7,0.06591814617341918,0.1292661,0.06591815,6.480724e+07,0.3824064,9.831473e+08,0.0,0.0,414591983.6612232,44708863.886732824,0.1078382,0.29849723270371453,0.42169876476852886,0.045475246551427484
469,0.7,0.06591814617341918,0.1292661,0.06591815,6.480724e+07,0.3824064,9.831473e+08,1.3927804785823606e-08,0.0,445677520.8701037,60421981.97313804,0.1355733,0.32087814502145323,0.4533171610596398,0.061457713045795594
470,0.7,0.06591814617341918,0.1292661,0.06591815,6.480724e+07,0.3824064,9.831473e+08,0.0,0.0,29183815.982275143,6330067.679730438,0.2169034,0.021011714296825017,0.029684074067900346,0.00643857533826499
471,0.7,0.06591814617341918,0.1292661,0.06591815,6.480724e+07,0.3824064,9.831473e+08,0.0,0.0,272022183.58213764,29114568.905984726,0.1070301,0.19585007002846289,0.27668508636664796,0.029613639984062964
472,0.7,0.06591814617341918,0.1292661,0.06591815,6.480724e+07,0.3824064,9.831473e+08,0.022784161977140116,2.518210979039199e-07,139190282.45688194,18026080.06753579,0.1295067,0.1002139833137194,0.14550370013841243,0.01833509300643575
473,0.7,0.06591814617341918,0.1292661,0.06591815,6.480724e+07,0.3824064,9.831473e+08,0.0,0.0,140496532.6097434,16889703.84674474,0.1202144,0.10115445508166018,0.1429048717550771,0.017179220848848945
474,0.7,0.06591814617341918,0.1292661,0.06591815,6.480724e+07,0.3824064,9.831473e+08,0.022132684951773424,0.001457350328348198,10594.413592517083,1103.610114395512,0.1041691,7.6277479162961155e-06,0.003825946029908138,9.718835975717688e-05
475,0.7,0.06591814617341918,0.1292661,0.06591815,6.480724e+07,0.3824064,9.831473e+08,0.0069569385409738605,0.0,145977253.10766828,21822709.46596486,0.1494939,0.10510045492325364,0.14967875822681845,0.022196786209980415
476,0.7,0.06591814617341918,0.1292661,0.06591815,6.480724e+07,0.3824064,9.831473e+08,0.06749707155210107,0.0010586360693638343,43429185.63263656,4424685.334926324,0.1018828,0.031268071358829815,0.05580858797116336,0.004570314967333999
477,0.7,0.06591814617341918,0.1292661,0.06591815,6.480724e+07,0.3824064,9.831473e+08,0.0,0.0,108622783.41843459,19678026.01828437,0.1811593,0.07820604723865586,0.11048475464663828,0.020015339398781584
478,0.7,0.06591814617341918,0.1292661,0.06591815,6.480724e+07,0.3824064,9.831473e+08,1.5923634686696282e-05,0.0,321725310.17445105,56199160.937717564,0.1746806,0.2316352427505943,0.3272429502830694,0.05716250598764251
479,0.7,0.06591814617341918,0.1292661,0.06591815,6.480724e+07,0.3824064,9.831473e+08,0.0,0.0,152335953.4019367,27671783.502336092,0.1816497,0.1096785811684113,0.1549472394814209,0.028146122891301584
480,0.7,0.06591814617341918,0.1292661,0.06591815,6.480724e+07,0.3824064,9.831473e+08,0.0,0.0,322271115.0686982,48629303.72785466,0.1508956,0.2320282104319522,0.3277953662898025,0.04946288910966211
481,0.7,0.06591814617341918,0.1292661,0.06591815,6.480724e+07,0.3824064,9.831473e+08,0.0650919080082054,0.000495823128006472,50729189.17317234,5469602.389370657,0.1078196,0.03652391551754806,0.0628191301187839,0.005596044014349668
482,0.7,0.06591814617341918,0.1292661,0.06591815,6.480724e+07,0.3824064,9.831473e+08,2.0784057669030216e-05,0.0,265240957.82924002,31737458.947702803,0.1196552,0.19096773462075967,0.26979120206927554,0.03228149062832432
483,0.7,0.06591814617341918,0.1292661,0.06591815,6.480724e+07,0.3824064,9.831473e+08,1.6187002271097365e-07,0.0,403608514.0807416,57515738.776601605,0.1425038,0.2905893729175538,0.4105270485529278,0.058501652112649814
484,0.7,0.06591814617341918,0.1292661,0.06591815,6.480724e+07,0.3824064,9.831473e+08,9.017879410914183e-10,0.0,547442625.8990335,65505213.37657243,0.1196568,0.3941468126128656,0.5568266833069055,0.06662807930548786
485,0.7,0.06591814617341918,0.1292661,0.06591815,6.480724e+07,0.3824064,9.831473e+08,0.0004933885279143677,0.0,228293819.17704552,37465437.77841054,0.1641106,0.16436659644484078,0.2322921955805582,0.038107656335144895
486,0.7,0.06591814617341918,0.1292661,0.06591815,6.480724e+07,0.3824064,9.831473e+08,0.0006061859195675755,0.0,174875613.13430944,23211000.09664591,0.1327286,0.12590664712564964,0.17797775827645224,0.023608874400706994
487,0.7,0.06591814617341918,0.1292661,0.06591815,6.480724e+07,0.3824064,9.831473e+08,0.0,0.0,103696262.80755715,11332338.415438518,0.109284,0.07465905929108771,0.10547378545744306,0.011526593132669717
488,0.7,0.06591814617341918,0.1292661,0.06591815,6.480724e+07,0.3824064,9.831473e+08,8.078313864514088e-07,0.0,359660121.80486584,56943096.24153323,0.1583247,0.2589474840409813,0.3658254206819967,0.05791919355288765
489,0.7,0.06591814617341918,0.1292661,0.06591815,6.480724e+07,0.3824064,9.831473e+08,0.0,0.0,346926668.93686664,55040399.26670562,0.1586514,0.24977967425774442,0.3528735564638471,0.05598388125637866
490,0.7,0.06591814617341918,0.1292661,0.06591815,6.480724e+07,0.3824064,9.831473e+08,0.0,0.0,87598207.00517462,13905206.417350685,0.1587385,0.0630688083979405,0.08909978278838351,0.014143564277981111
491,0.7,0.06591814617341918,0.1292661,0.06591815,6.480724e+07,0.3824064,9.831473e+08,6.45344456951333e-07,0.0,36733484.14397772,3985868.273917079,0.1085078,0.026447311565731723,0.03736326706725226,0.0040541925408146984
492,0.7,0.06591814617341918,0.1292661,0.06591815,6.480724e+07,0.3824064,9.831473e+08,2.3943557889574933e-06,0.0,243293606.01858124,44606611.84599148,0.1833448,0.17516611751566455,0.24746446697691868,0.0453712417443521
493,0.7,0.06591814617341918,0.1292661,0.06591815,6.480724e+07,0.3824064,9.831473e+08,0.0,0.0,338252643.8980384,46098487.521293275,0.1362842,0.2435345644328312,0.3440508445239219,0.04688869059588865
494,0.7,0.06591814617341918,0.1292661,0.06591815,6.480724e+07,0.3824064,9.831473e+08,0.016166304870720672,0.0004934097187146406,7437270.466252978,1092850.377537652,0.1469424,0.005354673366911064,0.010351459567495782,0.0011441082649487197
495,0.7,0.06591814617341918,0.1292661,0.06591815,6.480724e+07,0.3824064,9.831473e+08,3.56022665074051e-05,0.0,56776082.163670875,9099615.625442559,0.160272,0.04087754726937231,0.05775545360062509,0.009255597841595301
496,0.7,0.06591814617341918,0.1292661,0.06591815,6.480724e+07,0.3824064,9.831473e+08,0.00032584437013908425,0.0,214531560.56878635,27886716.931799866,0.1299889,0.1544580688509377,0.21826514867877697,0.028364740629425532
497,0.7,0.06591814617341918,0.1292661,0.06591815,6.480724e+07,0.3824064,9.831473e+08,0.0,0.0,508552542.4408769,57906414.44201101,0.1138652,0.3661467963333371,0.5172699603918336,0.05889902459456179
498,0.7,0.06591814617341918,0.1292661,0.06591815,6.480724e+07,0.3824064,9.831473e+08,0.06276527897668299,5.011864163125471e-05,39668906.286029905,5759821.365608377,0.1451974,0.028560751817233963,0.05116819821712733,0.005861857802519684
499,0.7,0.06591814617341918,0.1292661,0.06591815,6.480724e+07,0.3824064,9.831473e+08,0.0,0.0,248971187.14411452,34295524.247493565,0.137749,0.17925385273778924,0.2532389583475855,0.034883405329117156
500,0.7,0.06591814617341918,0.1292661,0.06591815,6.480724e+07,0.3824064,9.831473e+08,1.4606929255961762e-05,0.0,254173397.10039172,45999304.006747656,0.1809761,0.18299933103232696,0.25853286054748564,0.04678780691454023
501,0.7,0.06591814617341918,0.1292661,0.06591815,6.480724e+07,0.3824064,9.831473e+08,2.9000691958798145e-05,0.0,135467833.3184623,19562916.641602147,0.1444101,0.09753390070120431,0.13779497143441058,0.01989825686010946
502,0.7,0.06591814617341918,0.1292661,0.06591815,6.480724e+07,0.3824064,9.831473e+08,0.0,0.0,163603354.97073635,22999179.80241878,0.1405789,0.11779086582559956,0.16640778264425338,0.023393423162022465
503,0.7,0.06591814617341918,0.1292661,0.06591815,6.480724e+07,0.3824064,9.831473e+08,0.0,0.0,89745428.45683232,13911504.345012017,0.1550107,0.06461476125419643,0.09128381110907684,0.014149970162368773
504,0.7,0.06591814617341918,0.1292661,0.06591815,6.480724e+07,0.3824064,9.831473e+08,0.005575283947060879,0.0,193772078.40614408,32579448.8249166,0.1681328,0.13951169211883396,0.19805469885451182,0.033137913581882436
505,0.7,0.06591814617341918,0.1292661,0.06591815,6.480724e+07,0.3824064,9.831473e+08,0.0,0.0,532262408.87036526,59759233.8471253,0.112274,0.38321738572215674,0.5413862525059429,0.060783604338665836
506,0.7,0.06591814617341918,0.1292661,0.06591815,6.480724e+07,0.3824064,9.831473e+08,5.171841766173509e-05,0.0,214941361.30507925,33951149.71143302,0.1579554,0.15475311648949341,0.21863472100535883,0.03453312765323925
507,0.7,0.06591814617341918,0.1292661,0.06591815,6.480724e+07,0.3824064,9.831473e+08,5.4052546592749635e-06,0.0,287403986.9079044,45868106.09552858,0.1595945,0.20692463467920144,0.29233149056896063,0.04665436005767455
508,0.7,0.06591814617341918,0.1292661,0.06591815,6.480724e+07,0.3824064,9.831473e+08,0.0,0.0,131748345.72053121,18623423.146707762,0.141356,0.09485595033358347,0.13400672670999708,0.018942658918233272
509,0.7,0.06591814617341918,0.1292661,0.06591815,6.480724e+07,0.3824064,9.831473e+08,0.0,0.0,20418394.23526039,3012109.58628175,0.1475194,0.01470080082508058,0.020768398731515293,0.003063742045047314
510,0.7,0.06591814617341918,0.1292661,0.06591815,6.480724e+07,0.3824064,9.831473e+08,0.00044903574697411475,0.0,277924150.5384584,53765681.03759619,0.1934545,0.2000993581801848,0.28276562615831763,0.05468731228295968
511,0.7,0.06591814617341918,0.1292661,0.06591815,6.480724e+07,0.3824064,9.831473e+08,0.0027149775557823268,8.004817141647397e-06,11151167.16350854,1154314.7649391044,0.1035152,0.008028598407353028,0.011810316509236697,0.0011746292606925972
512,0.7,0.06591814617341918,0.1292661,0.06591815,6.480724e+07,0.3824064,9.831473e+08,0.0,0.0,89778667.17785925,11593573.61567447,0.1291351,0.06463869241214486,0.09131761959585886,0.011792306329246082
513,0.7,0.06591814617341918,0.1292661,0.06591815,6.480724e+07,0.3824064,9.831473e+08,0.0,0.0,529064666.39267683,64175229.305317596,0.1212994,0.38091508052064305,0.5381336955197206,0.06527529714347609
514,0.7,0.06591814617341918,0.1292661,0.06591815,6.480724e+07,0.3824064,9.831473e+08,0.0,0.0,438136549.1230092,62204023.28500965,0.1419741,0.3154488089823755,0.44564692238741815,0.0632703014449886
515,0.7,0.06591814617341918,0.1292661,0.06591815,6.480724e+07,0.3824064,9.831473e+08,8.749048229851548e-06,0.0,331692316.6473704,48635749.1465941,0.1466291,0.2388112711538292,0.33737957072739777,0.049469445013364914
516,0.7,0.06591814617341918,0.1292661,0.06591815,6.480724e+07,0.3824064,9.831473e+08,0.0,0.0,230817466.96287313,38611389.19810218,0.1672811,0.16618356809425874,0.23477405386781508,0.039273251226539574
517,0.7,0.06591814617341918,0.1292661,0.06591815,6.480724e+07,0.3824064,9.831473e+08,0.0021662963395378044,0.0,115867384.15140611,15779600.972354433,0.1361867,0.08342200257801993,0.11822695969549334,0.01605008900514473
518,0.7,0.06591814617341918,0.1292661,0.06591815,6.480724e+07,0.3824064,9.831473e+08,0.0,0.0,74691825.520873,8669704.464367928,0.116073,0.05377649376305235,0.07597216492781064,0.008818317303789446
519,0.7,0.06591814617341918,0.1292661,0.06591815,6.480724e+07,0.3824064,9.831473e+08,0.0,0.0,88225365.41905507,13490645.618471742,0.1529112,0.06352034884828153,0.08973769171781347,0.013721897232552765
520,0.7,0.06591814617341918,0.1292661,0.06591815,6.480724e+07,0.3824064,9.831473e+08,0.0,0.0,287106943.11716205,46348421.07557003,0.1614326,0.2067107695949193,0.29202842322177647,0.04714290841790723
521,0.7,0.06591814617341918,0.1292661,0.06591815,6.480724e+07,0.3824064,9.831473e+08,0.0,0.0,113105566.788197,19199686.245495662,0.1697501,0.08143355400052733,0.11504438021648143,0.019528800104067472
522,0.7,0.06591814617341918,0.1292661,0.06591815,6.480724e+07,0.3824064,9.831473e+08,0.007980319392037288,0.0,166624034.7812657,19408388.067061875,0.1164801,0.11996568974854296,0.17085586684302864,0.019741079414396175
523,0.7,0.06591814617341918,0.1292661,0.06591815,6.480724e+07,0.3824064,9.831473e+08,0.0,0.0,440691151.84731966,63478448.89303326,0.1440429,0.3172880675158621,0.4482453151585536,0.06456657278132027
524,0.7,0.06591814617341918,0.1292661,0.06591815,6.480724e+07,0.3824064,9.831473e+08,6.82127364353701e-07,0.0,430329568.9440781,61657357.35213577,0.1432794,0.30982795264404384,0.4377062354500974,0.06271426476864436
525,0.7,0.06591814617341918,0.1292661,0.06591815,6.480724e+07,0.3824064,9.831473e+08,0.0,0.0,350552552.5851532,43780659.4329044,0.1248904,0.25239023181257547,0.3565615936568824,0.04453113116314748
526,0.7,0.06591814617341918,0.1292661,0.06591815,6.480724e+07,0.3824064,9.831473e+08,0.0,0.0,246264743.10675228,33531995.138545737,0.1361624,0.17730527175345395,0.25048612145625904,0.03410678808904236
527,0.7,0.06591814617341918,0.1292661,0.06591815,6.480724e+07,0.3824064,9.831473e+08,0.0,0.0,279368743.2764853,35922958.870817065,0.1285862,0.20113943360778222,0.28415757804641034,0.03653873682958786
528,0.7,0.06591814617341918,0.1292661,0.06591815,6.480724e+07,0.3824064,9.831473e+08,0.0010124505454149938,0.0,115419620.36036293,13918802.79928277,0.120593,0.08309962236374033,0.11757262381038827,0.014157393724019716
529,0.7,0.06591814617341918,0.1292661,0.06591815,6.480724e+07,0.3824064,9.831473e+08,4.197507425087096e-06,0.0,119738663.35752179,18861508.684636444,0.1575223,0.08620923961006349,0.12179190240704128,0.019184825629627807
530,0.7,0.06591814617341918,0.1292661,0.06591815,6.480724e+07,0.3824064,9.831473e+08,0.04631280184060373,7.364230833700277e-07,28884771.48171152,4758289.865815423,0.1647335,0.02079640874488158,0.03736317404114394,0.004839903239109584
531,0.7,0.06591814617341918,0.1292661,0.06591815,6.480724e+07,0.3824064,9.831473e+08,1.2638872253263777e-07,0.0,302107445.2166953,40758840.45198422,0.134915,0.21751080563598213,0.3072860801184222,0.04145751328864124
532,0.7,0.06591814617341918,0.1292661,0.06591815,6.480724e+07,0.3824064,9.831473e+08,0.0005272237904766447,0.0,192038381.49548027,27659726.05960856,0.1440323,0.13826346795972191,0.19542111313993013,0.028133858764389223
533,0.7,0.06591814617341918,0.1292661,0.06591815,6.480724e+07,0.3824064,9.831473e+08,0.002255781293985207,0.0,123013878.3128641,16974389.014494278,0.1379876,0.08856732331454333,0.12551138155852246,0.017265357658149575
534,0.7,0.06591814617341918,0.1292661,0.06591815,6.480724e+07,0.3824064,9.831473e+08,0.0052568249915554,0.001970548079023551,112797.40716871862,10104.95488881089,0.08958499,8.121168576073888e-05,0.001020887651881466,0.00014017304657036757
535,0.7,0.06591814617341918,0.1292661,0.06591815,6.480724e+07,0.3824064,9.831473e+08,0.0,0.0,267128961.55300146,38372079.85670261,0.1436463,0.19232705633725866,0.27170798655105916,0.03902983973369163
536,0.7,0.06591814617341918,0.1292661,0.06591815,6.480724e+07,0.3824064,9.831473e+08,0.0,0.0,191262777.6897704,26687422.6569323,0.1395328,0.13770505004812997,0.19454133286831715,0.02714488849953274
537,0.7,0.06591814617341918,0.1292661,0.06591815,6.480724e+07,0.3824064,9.831473e+08,0.010064404943363851,0.0,153821942.3401438,19440539.433935553,0.1263834,0.11074846096195212,0.15819357451789673,0.01977378190800572
538,0.7,0.06591814617341918,0.1292661,0.06591815,6.480724e+07,0.3824064,9.831473e+08,0.0,0.0,622613695.4480919,99784927.7456736,0.1602678,0.4482683516779033,0.6332863071297878,0.1014954037491756
539,0.7,0.06591814617341918,0.1292661,0.06591815,6.480724e+07,0.3824064,9.831473e+08,0.0,0.0,600713853.3138828,72111733.9255937,0.1200434,0.43250094050901966,0.611011066072141,0.07334784636498962
540,0.7,0.06591814617341918,0.1292661,0.06591815,6.480724e+07,0.3824064,9.831473e+08,0.0,0.0,29700914.848414235,3113317.8856924293,0.1048223,0.021384014260788804,0.030210036849882754,0.003166685219367543
541,0.7,0.06591814617341918,0.1292661,0.06591815,6.480724e+07,0.3824064,9.831473e+08,1.4893033155389583e-05,0.0,374869879.9956442,52673309.14551405,0.1405109,0.26989817992744547,0.38129832684068493,0.05357621535944725
542,0.7,0.06591814617341918,0.1292661,0.06591815,6.480724e+07,0.3824064,9.831473e+08,0.0,0.0,76903282.20640756,11946078.455973491,0.155339,0.05536869459396759,0.07822152957879498,0.012150853676004462
543,0.7,0.06591814617341918,0.1292661,0.06591815,6.480724e+07,0.3824064,9.831473e+08,0.0,0.0,72589307.5052008,9981234.94831867,0.1375028,0.05226272641076152,0.07383360633272446,0.01015232955398826
544,0.7,0.06591814617341918,0.1292661,0.06591815,6.480724e+07,0.3824064,9.831473e+08,0.008154748457008977,1.0985035240554822e-06,122557423.84686011,12898257.29891441,0.1052426,0.08823868600285624,0.12606395009627547,0.0131194268247466
545,0.7,0.06591814617341918,0.1292661,0.06591815,6.480724e+07,0.3824064,9.831473e+08,1.3978470837133322e-09,0.0,376092605.59109014,48352348.04910988,0.128565,0.27077851582630563,0.38253944496388176,0.04918118595999934
546,0.7,0.06591814617341918,0.1292661,0.06591815,6.480724e+07,0.3824064,9.831473e+08,0.017139936643043505,1.4199443142371073e-07,88169876.73611638,13779588.773785887,0.1562845,0.06348039820052104,0.09263578596195454,0.014015802703645636
547,0.7,0.06591814617341918,0.1292661,0.06591815,6.480724e+07,0.3824064,9.831473e+08,0.005521802285385509,0.0,185863131.0530152,26953042.291618302,0.1450155,0.1338174216274937,0.1900009602580501,0.027415061286898745
548,0.7,0.06591814617341918,0.1292661,0.06591815,6.480724e+07,0.3824064,9.831473e+08,1.2958824689781684e-07,0.0,338151229.27466923,50057719.38946368,0.1480335,0.2434615481044303,0.34394771382697253,0.05091579013962692
549,0.7,0.06591814617341918,0.1292661,0.06591815,6.480724e+07,0.3824064,9.831473e+08,0.0,0.0,578801178.516059,76546014.63817129,0.1322492,0.41672429010076767,0.5887227723781473,0.07785813786319393
550,0.7,0.06591814617341918,0.1292661,0.06591815,6.480724e+07,0.3824064,9.831473e+08,0.0,0.0,233479634.9690976,28188837.146340292,0.1207336,0.16810027129684577,0.23748185576479652,0.028672039675968135
551,0.7,0.06591814617341918,0.1292661,0.06591815,6.480724e+07,0.3824064,9.831473e+08,1.094239163270248e-05,0.0,378300394.67010033,53361504.55765525,0.1410559,0.27236807606010055,0.38478696511734956,0.05427620756059038
552,0.7,0.06591814617341918,0.1292661,0.06591815,6.480724e+07,0.3824064,9.831473e+08,0.004642968826834125,0.0,121516811.11430055,13941363.411063783,0.1147279,0.08748946741391435,0.12440014886843116,0.014180341061390931
553,0.7,0.06591814617341918,0.1292661,0.06591815,6.480724e+07,0.3824064,9.831473e+08,3.2933417098236462e-06,0.0,399434073.8616312,53376026.3703353,0.1336291,0.2875838665339337,0.406281591431274,0.05429097830076557
554,0.7,0.06591814617341918,0.1292661,0.06591815,6.480724e+07,0.3824064,9.831473e+08,0.0,0.0,283570815.31700003,36265113.49129286,0.1278873,0.20416483430327714,0.28843168043812806,0.036886756536916275
555,0.7,0.06591814617341918,0.1292661,0.06591815,6.480724e+07,0.3824064,9.831473e+08,1.873793609377276e-05,0.0,259203491.32998765,37316745.7619635,0.143967,0.18662088973810312,0.2636498908670753,0.03795641549562617
556,0.7,0.06591814617341918,0.1292661,0.06591815,6.480724e+07,0.3824064,9.831473e+08,0.0,0.0,156628080.82464215,18743288.449564956,0.1196675,0.11276881978512368,0.15931294095109286,0.019064578907392514
557,0.7,0.06591814617341918,0.1292661,0.06591815,6.480724e+07,0.3824064,9.831473e+08,0.0,0.0,299696887.62785435,37474296.84571958,0.1250407,0.21577525647464105,0.3048341798641952,0.038116667261280594
558,0.7,0.06591814617341918,0.1292661,0.06591815,6.480724e+07,0.3824064,9.831473e+08,1.2425499625998648e-05,0.0,390710315.3700879,42326112.49150696,0.1083312,0.28130294970214803,0.39740986770205045,0.04305165092074521
559,0.7,0.06591814617341918,0.1292661,0.06591815,6.480724e+07,0.3824064,9.831473e+08,0.07004313226415386,0.0025571048972546783,28339960.203310166,2943826.552932237,0.1038755,0.020404156445373866,0.040899591456895076,0.0031628481438132623
560,0.7,0.06591814617341918,0.1292661,0.06591815,6.480724e+07,0.3824064,9.831473e+08,0.00047026189197603874,0.0,131383218.26805696,19577599.973960385,0.1490114,0.09459306649008693,0.1337164028018562,0.0199131918886729
561,0.7,0.06591814617341918,0.1292661,0.06591815,6.480724e+07,0.3824064,9.831473e+08,0.0,0.0,169910330.98666346,27636884.769210104,0.1626557,0.12233175171262936,0.1728228704900292,0.028110625937112423
562,0.7,0.06591814617341918,0.1292661,0.06591815,6.480724e+07,0.3824064,9.831473e+08,7.849360814064301e-08,0.0,360226456.09787565,47148569.019117996,0.1308859,0.2593552324440155,0.36640133714497264,0.04795677219898306
563,0.7,0.06591814617341918,0.1292661,0.06591815,6.480724e+07,0.3824064,9.831473e+08,0.0,0.0,225682138.09092146,34795399.47486676,0.1541788,0.1624862427292955,0.2295506971042368,0.03539184923114377
564,0.7,0.06591814617341918,0.1292661,0.06591815,6.480724e+07,0.3824064,9.831473e+08,0.0,0.0,500498528.632287,58551903.055188954,0.1169872,0.36034808114161726,0.5090778876833407,0.05955557793272694
565,0.7,0.06591814617341918,0.1292661,0.06591815,6.480724e+07,0.3824064,9.831473e+08,4.502041199931915e-05,0.0,405597851.157131,59319366.67856995,0.1462517,0.29202165244928346,0.41255821869265186,0.06033619713121343
566,0.7,0.06591814617341918,0.1292661,0.06591815,6.480724e+07,0.3824064,9.831473e+08,0.0,0.0,454854812.81678677,69496342.08125499,0.152788,0.3274855961004819,0.46265176432015886,0.07068762244940965
567,0.7,0.06591814617341918,0.1292661,0.06591815,6.480724e+07,0.3824064,9.831473e+08,0.0,0.0,82986418.16940114,10550103.648516102,0.1271305,0.059748420499613125,0.08440894038896048,0.010730949589210068
568,0.7,0.06591814617341918,0.1292661,0.06591815,6.480724e+07,0.3824064,9.831473e+08,0.0,0.0,67566003.76806681,9285307.88269479,0.1374257,0.04864605671222251,0.06872419499703039,0.009444473166242997
569,0.7,0.06591814617341918,0.1292661,0.06591815,6.480724e+07,0.3824064,9.831473e+08,0.009088311223708288,2.3398839008695194e-06,124791552.32211787,13600187.52461874,0.1089832,0.08984721003045523,0.12849730009356206,0.013833471105995879
570,0.7,0.06591814617341918,0.1292661,0.06591815,6.480724e+07,0.3824064,9.831473e+08,0.0,0.0,448015885.54547334,68117080.73432784,0.1520417,0.32256171685148727,0.45569560670903814,0.06928471831905042
571,0.7,0.06591814617341918,0.1292661,0.06591815,6.480724e+07,0.3824064,9.831473e+08,0.0030492812508672237,0.0,94259593.5714424,11160079.067584885,0.1183973,0.06786486219145867,0.09640098288757351,0.01135138097934196
572,0.7,0.06591814617341918,0.1292661,0.06591815,6.480724e+07,0.3824064,9.831473e+08,1.9322914468378313e-07,0.0,552919943.8978646,80964784.62869307,0.1464313,0.39809036272893655,0.5623979246002353,0.08235265276033174
573,0.7,0.06591814617341918,0.1292661,0.06591815,6.480724e+07,0.3824064,9.831473e+08,0.022696249267525143,1.7445493786625818e-09,96407983.22977847,15310570.465137072,0.1588102,0.06941165613117607,0.1019728885535077,0.015573018666956732
574,0.7,0.06591814617341918,0.1292661,0.06591815,6.480724e+07,0.3824064,9.831473e+08,0.0,0.0,567533174.7523618,65006474.857414275,0.1145422,0.40861157187631914,0.577261616697817,0.06612079159670443
575,0.7,0.06591814617341918,0.1292661,0.06591815,6.480724e+07,0.3824064,9.831473e+08,0.0,0.0,609636166.7003961,84473522.34707595,0.1385638,0.4389248125570758,0.6200863224259754,0.08592153595163787
576,0.7,0.06591814617341918,0.1292661,0.06591815,6.480724e+07,0.3824064,9.831473e+08,0.01071696013629888,0.004807262235985906,268570.5392813021,24526.38992431045,0.09132197,0.00019336496102327077,0.0021205337351952965,0.00034183262691572656
577,0.7,0.06591814617341918,0.1292661,0.06591815,6.480724e+07,0.3824064,9.831473e+08,0.0,0.0,572112370.9034902,93746217.04811712,0.1638598,0.4119084937488758,0.5819193077209545,0.09535317972577308
578,0.7,0.06591814617341918,0.1292661,0.06591815,6.480724e+07,0.3824064,9.831473e+08,0.0,0.0,474899451.83774275,61665572.63590379,0.1298497,0.3419173012807475,0.48304000106492734,0.06272262087574176
579,0.7,0.06591814617341918,0.1292661,0.06591815,6.480724e+07,0.3824064,9.831473e+08,0.0,0.0,595892145.1093825,83218385.22135936,0.1396534,0.42902941521989535,0.6061067059444895,0.08464488373358073
580,0.7,0.06591814617341918,0.1292661,0.06591815,6.480724e+07,0.3824064,9.831473e+08,0.005411400595378855,0.0,138539361.13630345,21989027.802080173,0.1587204,0.09974533408614704,0.1418469532000976,0.022365955512963116
581,0.7,0.06591814617341918,0.1292661,0.06591815,6.480724e+07,0.3824064,9.831473e+08,0.0,0.0,37126814.05180788,4477351.186969042,0.1205962,0.026730500565167004,0.037763228046955075,0.004554100270598997
582,0.7,0.06591814617341918,0.1292661,0.06591815,6.480724e+07,0.3824064,9.831473e+08,0.0,0.0,475977366.2764443,74984214.1347033,0.1575374,0.3426933762887648,0.4841363927107872,0.07626956555817442
583,0.7,0.06591814617341918,0.1292661,0.06591815,6.480724e+07,0.3824064,9.831473e+08,0.0,0.0,94133126.29382198,12782638.813548,0.1357932,0.06777380849557217,0.09574672122541912,0.013001754039123289
584,0.7,0.06591814617341918,0.1292661,0.06591815,6.480724e+07,0.3824064,9.831473e+08,8.123277451025573e-07,0.0,190538567.6272216,31944368.17596643,0.167653,0.1371836345165078,0.19380484869383857,0.03249194661738483
585,0.7,0.06591814617341918,0.1292661,0.06591815,6.480724e+07,0.3824064,9.831473e+08,0.0,0.0,160021182.66885626,22155021.43763394,0.1384506,0.1152117794917624,0.1627642060812168,0.022534794549488382
586,0.7,0.06591814617341918,0.1292661,0.06591815,6.480724e+07,0.3824064,9.831473e+08,0.0,0.0,9224905.27268865,921785.8439156556,0.09992361,0.006641731640671403,0.00938303515723123,0.0009375867529507773
587,0.7,0.06591814617341918,0.1292661,0.06591815,6.480724e+07,0.3824064,9.831473e+08,0.016376983010562295,7.72056433437307e-05,30849069.138248146,3213498.914688873,0.1041684,0.022210660437605306,0.034200890663287256,0.0032736727670706965
588,0.7,0.06591814617341918,0.1292661,0.06591815,6.480724e+07,0.3824064,9.831473e+08,0.0016455410237453218,0.0,247558550.68245327,25893782.67266464,0.1045966,0.1782367851358097,0.252085760734325,0.026337644234747187
589,0.7,0.06591814617341918,0.1292661,0.06591815,6.480724e+07,0.3824064,9.831473e+08,0.01214538710081525,0.0,95662158.9707338,11040127.57537388,0.1154075,0.0688746788470469,0.0993955516943894,0.011229373323403161
590,0.7,0.06591814617341918,0.1292661,0.06591815,6.480724e+07,0.3824064,9.831473e+08,0.0,0.0,97294479.31660113,11575260.997980272,0.1189714,0.07004991407910462,0.0989622649822723,0.011773679803491472
591,0.7,0.06591814617341918,0.1292661,0.06591815,6.480724e+07,0.3824064,9.831473e+08,2.85117121588252e-05,0.0,57281950.66089484,8975485.023441562,0.1566896,0.04124176161138604,0.05826877125707319,0.009129339439125639
592,0.7,0.06591814617341918,0.1292661,0.06591815,6.480724e+07,0.3824064,9.831473e+08,0.0,0.0,81673686.77686235,12718016.615221195,0.1557174,0.05880328237973015,0.08307370664464664,0.012936024111182115
593,0.7,0.06591814617341918,0.1292661,0.06591815,6.480724e+07,0.3824064,9.831473e+08,1.1420543339659183e-05,0.0,166710424.64802793,22841089.937824044,0.1370106,0.12002788857818372,0.16957008119191733,0.023232623379949257
594,0.7,0.06591814617341918,0.1292661,0.06591815,6.480724e+07,0.3824064,9.831473e+08,0.0,0.0,118672356.68211198,16794178.674951445,0.1415172,0.08544152193975897,0.12070659394589137,0.01708205822019945
595,0.7,0.06591814617341918,0.1292661,0.06591815,6.480724e+07,0.3824064,9.831473e+08,0.0002657210512537364,0.0,79133645.37607528,12685266.431858804,0.1603018,0.056974507683238786,0.08053592904960889,0.012902712536395014
596,0.7,0.06591814617341918,0.1292661,0.06591815,6.480724e+07,0.3824064,9.831473e+08,0.0,0.0,286686310.07379085,37795932.77486277,0.1318372,0.2064079229302992,0.29160057984370624,0.03844381655352473
597,0.7,0.06591814617341918,0.1292661,0.06591815,6.480724e+07,0.3824064,9.831473e+08,0.0001176333082903476,0.0,222578139.33796215,44377694.95066128,0.1993803,0.16025143097559977,0.22641376806168192,0.04513840084100682
598,0.7,0.06591814617341918,0.1292661,0.06591815,6.480724e+07,0.3824064,9.831473e+08,0.0,0.0,490048929.1044754,67127300.80061261,0.1369808,0.35282459620983286,0.498449165018976,0.06827797194698007
599,0.7,0.06591814617341918,0.1292661,0.06591815,6.480724e+07,0.3824064,9.831473e+08,0.0026962513021954325,0.0,138021176.46033254,17415878.58678033,0.1261827,0.09937225236266349,0.14085185619362006,0.017714415079972144
600,0.7,0.06591814617341918,0.1292661,0.06591815,6.480724e+07,0.3824064,9.831473e+08,0.0,0.0,302521011.58768725,38927139.40431819,0.1286758,0.217808564449817,0.30770671390331905,0.03959441390498997
601,0.7,0.06591814617341918,0.1292661,0.06591815,6.480724e+07,0.3824064,9.831473e+08,0.06360357957237184,3.723754373580415e-05,45429411.17092318,7414861.462771229,0.1632172,0.03270819034687502,0.057171951427607254,0.007544418881469249
602,0.7,0.06591814617341918,0.1292661,0.06591815,6.480724e+07,0.3824064,9.831473e+08,0.0,0.0,362521236.686115,62857037.18618914,0.1733886,0.2610074246769733,0.3687354404754078,0.06393450906683466
603,0.7,0.06591814617341918,0.1292661,0.06591815,6.480724e+07,0.3824064,9.831473e+08,0.0,0.0,185538920.82241622,28859285.11287146,0.155543,0.13358399729595352,0.1887193597820081,0.029353980211409822
604,0.7,0.06591814617341918,0.1292661,0.06591815,6.480724e+07,0.3824064,9.831473e+08,0.0,0.0,396437283.1062456,53177596.632824235,0.1341387,0.28542624221236546,0.4032328631098214,0.05408914715472456
605,0.7,0.06591814617341918,0.1292661,0.06591815,6.480724e+07,0.3824064,9.831473e+08,0.0,0.0,222886036.92520335,27166749.65248511,0.1218863,0.16047311055786287,0.2267066662155097,0.02763243193961526
606,0.7,0.06591814617341918,0.1292661,0.06591815,6.480724e+07,0.3824064,9.831473e+08,0.09735826997007144,0.0001042229413979056,25552837.459230814,4731555.447466835,0.1851675,0.018397488542713496,0.04277319954182902,0.004819532188777019
607,0.7,0.06591814617341918,0.1292661,0.06591815,6.480724e+07,0.3824064,9.831473e+08,0.0,0.0,280325682.48547953,47505122.7661715,0.169464,0.20182840907524774,0.2851309207503088,0.04831943785734494
608,0.7,0.06591814617341918,0.1292661,0.06591815,6.480724e+07,0.3824064,9.831473e+08,0.0,0.0,14201072.681915168,1896881.8163234545,0.1335731,0.010224464205848724,0.014444502171670516,0.0019293974567272853
609,0.7,0.06591814617341918,0.1292661,0.06591815,6.480724e+07,0.3824064,9.831473e+08,0.005494961505256206,0.0,119565495.29697844,12817654.470548948,0.107202,0.08608456236375403,0.12256224842608555,0.013037369921452852
610,0.7,0.06591814617341918,0.1292661,0.06591815,6.480724e+07,0.3824064,9.831473e+08,0.017247634511374614,0.011307774605729919,665139.2046829159,55004.77502393089,0.08269664,0.0004788857956376585,0.003649639521933459,0.0008013351857127073
611,0.7,0.06591814617341918,0.1292661,0.06591815,6.480724e+07,0.3824064,9.831473e+08,0.0,0.0,117291783.10825513,11972922.619782513,0.1020781,0.08444753892132009,0.11930235509489798,0.012178157992454437
612,0.7,0.06591814617341918,0.1292661,0.06591815,6.480724e+07,0.3824064,9.831473e+08,0.07453814655264004,1.0448167408872386e-05,28365518.38019105,6659589.630812361,0.2347776,0.02042255777818432,0.04170042566881796,0.006774434555520306
613,0.7,0.06591814617341918,0.1292661,0.06591815,6.480724e+07,0.3824064,9.831473e+08,0.0,0.0,79946101.15965986,12089202.664864216,0.1512169,0.0575594582193116,0.08131650739932436,0.012296431266686992
614,0.7,0.06591814617341918,0.1292661,0.06591815,6.480724e+07,0.3824064,9.831473e+08,0.0,0.0,308556216.6078709,46365782.72583202,0.1502669,0.22215378111661208,0.31384537215633507,0.0471605676751007
615,0.7,0.06591814617341918,0.1292661,0.06591815,6.480724e+07,0.3824064,9.831473e+08,6.807428657251237e-08,0.0,319468112.6729909,36129932.44399398,0.113094,0.2300101095246655,0.3249443276072306,0.03674925826653815
616,0.7,0.06591814617341918,0.1292661,0.06591815,6.480724e+07,0.3824064,9.831473e+08,0.0,0.0,179373127.61243665,29049784.763796445,0.1619517,0.1291447599659183,0.18244787484516667,0.02954774533627906
617,0.7,0.06591814617341918,0.1292661,0.06591815,6.480724e+07,0.3824064,9.831473e+08,3.1642260742978846e-06,0.0,102321782.793661,11848705.465399796,0.1157985,0.07366946350360665,0.10407629006033699,0.012051811553954418
618,0.7,0.06591814617341918,0.1292661,0.06591815,6.480724e+07,0.3824064,9.831473e+08,1.5295725998759792e-05,0.0,288357113.80073345,33248172.118684188,0.1153021,0.20761086536174508,0.2933026604990372,0.03381809988086348
619,0.7,0.06591814617341918,0.1292661,0.06591815,6.480724e+07,0.3824064,9.831473e+08,0.011439484932393914,0.010124123260544434,82313.9084919081,10292.175822080872,0.1250357,5.9264228123471645e-05,0.0020556311558617697,0.0006778320374264834
620,0.7,0.06591814617341918,0.1292661,0.06591815,6.480724e+07,0.3824064,9.831473e+08,0.04875949801058941,3.829578701627347e-06,59635204.5249188,8876395.771911854,0.1488449,0.04293605333419576,0.06906247414259516,0.009028804075343216
621,0.7,0.06591814617341918,0.1292661,0.06591815,6.480724e+07,0.3824064,9.831473e+08,0.0,0.0,90557681.89209214,11345228.845608018,0.1252818,0.06519956610386583,0.09210998788968712,0.011539704525784001
622,0.7,0.06591814617341918,0.1292661,0.06591815,6.480724e+07,0.3824064,9.831473e+08,0.0,0.0,188320855.48211506,26623809.847886838,0.1413747,0.13558692989042742,0.19154898132775502,0.02708018526344738
623,0.7,0.06591814617341918,0.1292661,0.06591815,6.480724e+07,0.3824064,9.831473e+08,0.0,0.0,285861454.6212641,37872981.94550072,0.1324872,0.2058140449016275,0.2907615850267506,0.03852218647230013
624,0.7,0.06591814617341918,0.1292661,0.06591815,6.480724e+07,0.3824064,9.831473e+08,0.00014205612707982499,0.0,49667186.76978497,7669046.024646032,0.1544087,0.03575929682970855,0.050543050391308776,0.007800505950421027
625,0.7,0.06591814617341918,0.1292661,0.06591815,6.480724e+07,0.3824064,9.831473e+08,0.0076760548625837395,0.0,193843582.33197585,21044385.69478837,0.1085637,0.13956317339398971,0.1984895534585277,0.021405120703096647
626,0.7,0.06591814617341918,0.1292661,0.06591815,6.480724e+07,0.3824064,9.831473e+08,0.0038285140655985477,0.0,209486269.98059928,24719471.805064797,0.1180004,0.1508255690966961,0.21373715395675288,0.025143203768368653
627,0.7,0.06591814617341918,0.1292661,0.06591815,6.480724e+07,0.3824064,9.831473e+08,8.867229593172878e-06,0.0,105562575.20121343,14347459.082445985,0.1359143,0.07600276372055459,0.1073736179899737,0.01459339787326517
628,0.7,0.06591814617341918,0.1292661,0.06591815,6.480724e+07,0.3824064,9.831473e+08,0.0,0.0,15055238.302079078,2075784.5217618144,0.1378779,0.010839444919267246,0.015313309580221854,0.002111366845596973
629,0.7,0.06591814617341918,0.1292661,0.06591815,6.480724e+07,0.3824064,9.831473e+08,0.0,0.0,355972748.0255019,53184444.87303202,0.1494059,0.2562926549259452,0.3620747000652947,0.054096112784911034
630,0.7,0.06591814617341918,0.1292661,0.06591815,6.480724e+07,0.3824064,9.831473e+08,0.0,0.0,153856641.46255878,14900263.076291509,0.09684511,0.11077344357721315,0.1564939946094375,0.01515567782693223
631,0.7,0.06591814617341918,0.1292661,0.06591815,6.480724e+07,0.3824064,9.831473e+08,0.0,0.0,139264417.0088394,22827135.88098259,0.1639122,0.10026735858260813,0.141651635688222,0.023218430127871423
632,0.7,0.06591814617341918,0.1292661,0.06591815,6.480724e+07,0.3824064,9.831473e+08,0.0,0.0,162943553.3550399,25656916.97522082,0.1574589,0.11731582297822081,0.16573667095542047,0.026096718273888007
633,0.7,0.06591814617341918,0.1292661,0.06591815,6.480724e+07,0.3824064,9.831473e+08,0.034318344800847285,2.1263981318668618e-05,42238089.460425355,5116225.437291427,0.1211282,0.030410507958425155,0.04887781883002655,0.0052053275471970134
634,0.7,0.06591814617341918,0.1292661,0.06591815,6.480724e+07,0.3824064,9.831473e+08,0.0,0.0,745414381.2098423,90529533.89787008,0.1214486,0.5366821809813505,0.7581919964321975,0.09208135739304961
635,0.7,0.06591814617341918,0.1292661,0.06591815,6.480724e+07,0.3824064,9.831473e+08,9.27927673462518e-05,0.0,76276933.47643909,8549732.822368972,0.1120881,0.05491773709847523,0.0776004395689453,0.008696289152662549
636,0.7,0.06591814617341918,0.1292661,0.06591815,6.480724e+07,0.3824064,9.831473e+08,0.0,0.0,115250532.36060083,16454590.356601592,0.1427724,0.082977882672667,0.11722611398848036,0.016736648805590577
637,0.7,0.06591814617341918,0.1292661,0.06591815,6.480724e+07,0.3824064,9.831473e+08,0.0,0.0,425058310.8476457,46994693.37140082,0.1105606,0.30603276118675354,0.4323445018307876,0.04780025887232088
638,0.7,0.06591814617341918,0.1292661,0.06591815,6.480724e+07,0.3824064,9.831473e+08,2.3620255185533614e-05,0.0,285725010.2598396,33922150.48732807,0.1187231,0.205715807921878,0.2906268733801731,0.03450363133525376
639,0.7,0.06591814617341918,0.1292661,0.06591815,6.480724e+07,0.3824064,9.831473e+08,1.593831181041646e-20,0.0,53519296.78377014,7106267.237225193,0.1327795,0.03853273245933812,0.05443670460217596,0.007228080218988595
640,0.7,0.06591814617341918,0.1292661,0.06591815,6.480724e+07,0.3824064,9.831473e+08,0.009989108315117845,0.004351351375600622,76919.34371345148,9618.837032996344,0.125051,5.538025853054766e-05,0.0018001322755940253,0.0002966167355775558
641,0.7,0.06591814617341918,0.1292661,0.06591815,6.480724e+07,0.3824064,9.831473e+08,0.04260561810078387,0.0,61549538.460465305,8978322.060879987,0.1458715,0.04431433223188514,0.0699488343576843,0.009132225108001386
642,0.7,0.06591814617341918,0.1292661,0.06591815,6.480724e+07,0.3824064,9.831473e+08,0.0,0.0,335701313.8432281,55615369.5059508,0.1656692,0.24169766215037658,0.34145578052116615,0.056568707420954205
643,0.7,0.06591814617341918,0.1292661,0.06591815,6.480724e+07,0.3824064,9.831473e+08,0.004742936205963775,0.0,135474431.0304463,18118376.64018605,0.1337402,0.09753865091068015,0.13861425719362733,0.01842895509292029
644,0.7,0.06591814617341918,0.1292661,0.06591815,6.480724e+07,0.3824064,9.831473e+08,0.0,0.0,49815079.10509138,7610672.759907571,0.1527785,0.035865776102262756,0.05066899060602451,0.007741132072956406
645,0.7,0.06591814617341918,0.1292661,0.06591815,6.480724e+07,0.3824064,9.831473e+08,4.064251221037568e-06,0.0,70346271.52349985,10647268.02102997,0.1513551,0.05064778917179238,0.07155282164926023,0.010829779517147335
646,0.7,0.06591814617341918,0.1292661,0.06591815,6.480724e+07,0.3824064,9.831473e+08,0.013218570280053415,0.0,154657785.61908624,29617742.092065383,0.191505,0.11135024998723676,0.1595874516639883,0.03012543837717479
647,0.7,0.06591814617341918,0.1292661,0.06591815,6.480724e+07,0.3824064,9.831473e+08,0.0,0.0,113663256.55831544,15156842.671424087,0.1333487,0.08183507853464268,0.11561162969657549,0.01541665561375946
648,0.7,0.06591814617341918,0.1292661,0.06591815,6.480724e+07,0.3824064,9.831473e+08,0.00022821169747789082,0.0,211589647.10189,28529078.10953271,0.1348321,0.15233995498639197,0.21525597638316404,0.029018112922813973
649,0.7,0.06591814617341918,0.1292661,0.06591815,6.480724e+07,0.3824064,9.831473e+08,0.0,0.0,243246475.7748809,35294675.20331953,0.1450984,0.17513218476279996,0.24741611611184455,0.035899683357863116
650,0.7,0.06591814617341918,0.1292661,0.06591815,6.480724e+07,0.3824064,9.831473e+08,0.0,0.0,160936486.0723876,21537879.392209373,0.1338284,0.11587077808267979,0.1636951992742087,0.02190707368536545
651,0.7,0.06591814617341918,0.1292661,0.06591815,6.480724e+07,0.3824064,9.831473e+08,0.0002455847778690931,0.0,263060713.1783778,43670399.1338674,0.1660088,0.18939800577759122,0.26761233499418774,0.04441898082320047
652,0.7,0.06591814617341918,0.1292661,0.06591815,6.480724e+07,0.3824064,9.831473e+08,0.0,0.0,483730094.115586,68329512.81924085,0.1412555,0.3482751721195781,0.49202201491814773,0.06950079183550853
653,0.7,0.06591814617341918,0.1292661,0.06591815,6.480724e+07,0.3824064,9.831473e+08,0.0,0.0,607277838.4575834,76291576.8362713,0.1256288,0.4372268673916387,0.6176875686002732,0.07759933858341983
654,0.7,0.06591814617341918,0.1292661,0.06591815,6.480724e+07,0.3824064,9.831473e+08,0.04949351102684309,0.00024582079331425934,57142897.29260152,6134025.7296398245,0.1073454,0.041141646203299416,0.06665397180976161,0.00625537696119171
655,0.7,0.06591814617341918,0.1292661,0.06591815,6.480724e+07,0.3824064,9.831473e+08,0.0,0.0,315631200.4601954,54209345.10923982,0.171749,0.22724761598214102,0.3210416327423103,0.05513858147859654
656,0.7,0.06591814617341918,0.1292661,0.06591815,6.480724e+07,0.3824064,9.831473e+08,0.003541544786687692,0.00018214704937339485,11960.579120589997,1496.0301727221402,0.1250801,8.611357454386455e-06,0.00062264713696372,1.3528470389454145e-05
657,0.7,0.06591814617341918,0.1292661,0.06591815,6.480724e+07,0.3824064,9.831473e+08,7.237923594283195e-09,0.0,445802595.7627573,64697192.61660707,0.1451252,0.32096819623037465,0.45344437878625726,0.06580620775511281
658,0.7,0.06591814617341918,0.1292661,0.06591815,6.480724e+07,0.3824064,9.831473e+08,0.0021663625303827727,0.0,38663347.25066882,4738513.073654318,0.1225583,0.027836771129703914,0.03969953140739624,0.004819738896911154
659,0.7,0.06591814617341918,0.1292661,0.06591815,6.480724e+07,0.3824064,9.831473e+08,0.0,0.0,157067225.88192993,24447636.31579679,0.1556508,0.11308499469810278,0.15975961366911573,0.024866708576560415
660,0.7,0.06591814617341918,0.1292661,0.06591815,6.480724e+07,0.3824064,9.831473e+08,0.00707384324300163,0.0,199680799.4417658,29302354.31451818,0.146746,0.14376584306110715,0.20432302242025713,0.02980464434001023
661,0.7,0.06591814617341918,0.1292661,0.06591815,6.480724e+07,0.3824064,9.831473e+08,4.5348828292372843e-07,0.0,394356226.0978768,43539409.31701239,0.1104063,0.2839279263196869,0.4011162115696545,0.04428574562777482
662,0.7,0.06591814617341918,0.1292661,0.06591815,6.480724e+07,0.3824064,9.831473e+08,0.001539206668708744,0.0,151471814.18449637,24724236.617355864,0.1632266,0.10905641968135402,0.15433361163032194,0.02514805025729435
663,0.7,0.06591814617341918,0.1292661,0.06591815,6.480724e+07,0.3824064,9.831473e+08,0.0,0.0,431582381.1570325,57714000.641898185,0.1337265,0.3107299502547113,0.4389804053194077,0.058703312508873465
664,0.7,0.06591814617341918,0.1292661,0.06591815,6.480724e+07,0.3824064,9.831473e+08,0.0,0.0,341494794.75426924,48401735.08097758,0.1417349,0.2458688427033529,0.3473485711205436,0.049231419565941924
665,0.7,0.06591814617341918,0.1292661,0.06591815,6.480724e+07,0.3824064,9.831473e+08,0.07559223255160102,0.0031070136739171947,17396755.487536356,1834644.4028701659,0.105459,0.012525286488163359,0.030725340716071182,0.002070901774272296
666,0.7,0.06591814617341918,0.1292661,0.06591815,6.480724e+07,0.3824064,9.831473e+08,0.0440983004399177,1.7857761952980767e-06,72902537.26947084,9486112.263295135,0.1301205,0.05248824504479146,0.08175374642195267,0.00964883737567546
667,0.7,0.06591814617341918,0.1292661,0.06591815,6.480724e+07,0.3824064,9.831473e+08,0.0,0.0,191047718.3144408,25366813.537303697,0.1327774,0.13755021196410339,0.1943225870254103,0.025801641991070344
668,0.7,0.06591814617341918,0.1292661,0.06591815,6.480724e+07,0.3824064,9.831473e+08,0.01084931077137823,0.0,113966773.99158496,13302328.261279069,0.1167211,0.08205360450108373,0.1177905236027781,0.013530351809480826
669,0.7,0.06591814617341918,0.1292661,0.06591815,6.480724e+07,0.3824064,9.831473e+08,0.013705694642093053,9.913865359593062e-07,92354366.90903994,13778708.719977742,0.1491939,0.06649314033282964,0.0963000201227555,0.014014963554636347
670,0.7,0.06591814617341918,0.1292661,0.06591815,6.480724e+07,0.3824064,9.831473e+08,0.0,0.0,670805710.1480502,93244078.47187564,0.1390031,0.482965556624608,0.6823044113661819,0.09484243367739631
671,0.7,0.06591814617341918,0.1292661,0.06591815,6.480724e+07,0.3824064,9.831473e+08,0.0,0.0,82644604.64782357,12775163.409348626,0.1545795,0.05950232218051251,0.08406126762752034,0.012994150494334064
672,0.7,0.06591814617341918,0.1292661,0.06591815,6.480724e+07,0.3824064,9.831473e+08,1.2660627611953554e-06,0.0,281049831.7704999,45840504.19394971,0.1631045,0.20234978084836813,0.28586770137254575,0.04662628501459658
673,0.7,0.06591814617341918,0.1292661,0.06591815,6.480724e+07,0.3824064,9.831473e+08,0.022588951790408162,6.070516246745635e-07,82655735.05079156,11470461.196560599,0.1387739,0.05951033582914962,0.08796640882948424,0.011667123578692463
674,0.7,0.06591814617341918,0.1292661,0.06591815,6.480724e+07,0.3824064,9.831473e+08,0.0,0.0,35318014.67139793,6395609.075275382,0.1810863,0.02542820425735959,0.035923422902395793,0.006505240219960081
675,0.7,0.06591814617341918,0.1292661,0.06591815,6.480724e+07,0.3824064,9.831473e+08,0.0,0.0,187104831.33893266,28850268.585937243,0.1541931,0.1347114188917935,0.19031211255238636,0.029344809126534796
676,0.7,0.06591814617341918,0.1292661,0.06591815,6.480724e+07,0.3824064,9.831473e+08,0.015619464036555685,3.28877676025701e-07,68858628.41270033,9871479.029490072,0.1433586,0.04957671840987611,0.07273141663101532,0.01004071391915373
677,0.7,0.06591814617341918,0.1292661,0.06591815,6.480724e+07,0.3824064,9.831473e+08,0.0,0.0,695400510.1726645,116261588.17559327,0.1671865,0.5006732790012365,0.7073208062769524,0.11825450094504714
678,0.7,0.06591814617341918,0.1292661,0.06591815,6.480724e+07,0.3824064,9.831473e+08,4.759863435962108e-06,0.0,248112814.14061376,40734363.460435376,0.1641768,0.17863584279965708,0.2523666919261796,0.04143261672163518
679,0.7,0.06591814617341918,0.1292661,0.06591815,6.480724e+07,0.3824064,9.831473e+08,0.00046457526844552097,0.0,170966830.15983528,24356490.438471742,0.1424633,0.12309240819411899,0.17397756195659106,0.024774000310611107
680,0.7,0.06591814617341918,0.1292661,0.06591815,6.480724e+07,0.3824064,9.831473e+08,0.0,0.0,217631268.74245697,26009390.09298712,0.1195113,0.15668979148063963,0.22136182275703167,0.026455233354337842
681,0.7,0.06591814617341918,0.1292661,0.06591815,6.480724e+07,0.3824064,9.831473e+08,0.07427535688421853,0.0010709468199235352,26925162.805126917,2843890.8593380223,0.105622,0.019385533015985033,0.04019008111158877,0.0029632346044652963
682,0.7,0.06591814617341918,0.1292661,0.06591815,6.480724e+07,0.3824064,9.831473e+08,0.0063877023463902345,0.0,87904299.95904642,10657306.341979088,0.1212376,0.06328918868333333,0.09051221684632911,0.01083998991124905
683,0.7,0.06591814617341918,0.1292661,0.06591815,6.480724e+07,0.3824064,9.831473e+08,1.9817377176559435e-06,0.0,67901198.6467928,8464853.390578806,0.1246643,0.04888738975207676,0.06906547726768902,0.008609954749319585
684,0.7,0.06591814617341918,0.1292661,0.06591815,6.480724e+07,0.3824064,9.831473e+08,0.00035521912539165294,0.0,169894844.5396615,22104628.351076484,0.1301077,0.12232060180680225,0.17286835025434533,0.022483537643441888
685,0.7,0.06591814617341918,0.1292661,0.06591815,6.480724e+07,0.3824064,9.831473e+08,0.0730965371649042,7.224033741096957e-05,33509247.691167336,5225744.451705984,0.1559493,0.02412593127697831,0.046683826295121106,0.005320084162589423
686,0.7,0.06591814617341918,0.1292661,0.06591815,6.480724e+07,0.3824064,9.831473e+08,0.0,0.0,67160542.59306659,9529500.971474592,0.1418914,0.048354133463640696,0.0683117835578384,0.009692852121846729
687,0.7,0.06591814617341918,0.1292661,0.06591815,6.480724e+07,0.3824064,9.831473e+08,0.0,0.0,214312959.02820843,37119455.21479419,0.1732021,0.15430068048478782,0.21798663181566158,0.03775574306750274
688,0.7,0.06591814617341918,0.1292661,0.06591815,6.480724e+07,0.3824064,9.831473e+08,0.00032720812307093983,0.0,59299018.11787567,9167572.103040064,0.1545991,0.04269400641546668,0.060371902979464986,0.009324719203778474
689,0.7,0.06591814617341918,0.1292661,0.06591815,6.480724e+07,0.3824064,9.831473e+08,6.13076466707087e-10,0.0,339478237.1462251,47291591.794877514,0.1393067,0.24441696497944435,0.3452974465400032,0.048102246617805496
690,0.7,0.06591814617341918,0.1292661,0.06591815,6.480724e+07,0.3824064,9.831473e+08,0.0,0.0,651814263.9448091,96555364.97418672,0.1481332,0.46929212742164206,0.6629874208774827,0.09821048101755014
691,0.7,0.06591814617341918,0.1292661,0.06591815,6.480724e+07,0.3824064,9.831473e+08,0.010645908532641175,0.0,114415951.89200388,18804069.936476484,0.1643483,0.08237700284343151,0.118212339237093,0.019126402287876227
692,0.7,0.06591814617341918,0.1292661,0.06591815,6.480724e+07,0.3824064,9.831473e+08,6.323681919653046e-05,0.0,172812744.43912923,23776134.842868682,0.1375832,0.12442142642382928,0.175785936616177,0.024183696475908175
693,0.7,0.06591814617341918,0.1292661,0.06591815,6.480724e+07,0.3824064,9.831473e+08,0.0005995634768845847,8.588064413928002e-09,262287582.8173038,24871838.054820497,0.09482659,0.18884136869246998,0.26688696977390824,0.025298182389641915
694,0.7,0.06591814617341918,0.1292661,0.06591815,6.480724e+07,0.3824064,9.831473e+08,0.016649292986068116,0.0,12568401.58450948,1902404.1303133783,0.151364,0.009048976440293753,0.015653802754560308,0.001935014432163351
695,0.7,0.06591814617341918,0.1292661,0.06591815,6.480724e+07,0.3824064,9.831473e+08,0.00011816717703760382,0.0,213747506.82956123,29631442.378408846,0.1386282,0.15389356717055563,0.21743185617216174,0.030139373508715428
696,0.7,0.06591814617341918,0.1292661,0.06591815,6.480724e+07,0.3824064,9.831473e+08,0.0,0.0,674197964.2059827,81816550.72687356,0.1213539,0.4854079059435186,0.6857548141775881,0.08321901951518904
697,0.7,0.06591814617341918,0.1292661,0.06591815,6.480724e+07,0.3824064,9.831473e+08,0.005907922913980827,0.0025530723741289687,147906.27163139783,15392.019985244688,0.104066,0.00010648930640581869,0.0011688327688499597,0.00018394966219850494
698,0.7,0.06591814617341918,0.1292661,0.06591815,6.480724e+07,0.3824064,9.831473e+08,1.4172248261401909e-07,0.0,397930081.58579844,46798552.25618655,0.117605,0.2865010247279265,0.4047512750136984,0.04760075557928624
699,0.7,0.06591814617341918,0.1292661,0.06591815,6.480724e+07,0.3824064,9.831473e+08,0.0,0.0,144766913.15376565,18006200.006949317,0.1243806,0.10422903641756952,0.14724845356918487,0.018314855569687646
700,0.7,0.06591814617341918,0.1292661,0.06591815,6.480724e+07,0.3824064,9.831473e+08,2.985760312749135e-05,0.0,239860081.20789674,41502441.349710345,0.1730277,0.17269405415023692,0.24397682000228352,0.042213860715532424
701,0.7,0.06591814617341918,0.1292661,0.06591815,6.480724e+07,0.3824064,9.831473e+08,0.0,0.0,217010428.50864205,26124853.747983474,0.1203852,0.15624279998285825,0.2207303403115527,0.026572676244230785
702,0.7,0.06591814617341918,0.1292661,0.06591815,6.480724e+07,0.3824064,9.831473e+08,0.012428810760258957,0.0,163922411.02468005,29770972.357274335,0.1816162,0.1180205792617797,0.16887475129603643,0.03028129525842257
703,0.7,0.06591814617341918,0.1292661,0.06591815,6.480724e+07,0.3824064,9.831473e+08,0.05060488987868501,8.993250154444485e-06,41465477.593868166,4907439.59610585,0.11835,0.02985424417810609,0.05089939199359272,0.004992153913165438
704,0.7,0.06591814617341918,0.1292661,0.06591815,6.480724e+07,0.3824064,9.831473e+08,0.0,0.0,425912398.0734169,60288175.877381176,0.1415506,0.3066476854579102,0.4332132295011388,0.06132161329586585
705,0.7,0.06591814617341918,0.1292661,0.06591815,6.480724e+07,0.3824064,9.831473e+08,4.5202031899992344e-05,1.7288743381167354e-15,348296187.6384729,36237160.48794615,0.1040412,0.2507656980080239,0.35427434274327757,0.03685832437361506
706,0.7,0.06591814617341918,0.1292661,0.06591815,6.480724e+07,0.3824064,9.831473e+08,0.0,0.0,344894867.24494535,51893607.38606588,0.1504621,0.24831682112419995,0.3508069263853506,0.052783148243330955
707,0.7,0.06591814617341918,0.1292661,0.06591815,6.480724e+07,0.3824064,9.831473e+08,0.00025163550966194025,0.0,192114032.28600812,19140392.477228094,0.09963037,0.13831793488748304,0.19545055557499405,0.01946848994414567
708,0.7,0.06591814617341918,0.1292661,0.06591815,6.480724e+07,0.3824064,9.831473e+08,0.004350671068913034,1.7096340306353314e-06,82272385.68248636,8570802.902085472,0.1041759,0.059234332601621406,0.08443262467145558,0.008717833103730624
709,0.7,0.06591814617341918,0.1292661,0.06591815,6.480724e+07,0.3824064,9.831473e+08,0.0,0.0,166001832.66336456,21940058.645268787,0.1321676,0.11951771772376873,0.16884737414666087,0.022316146945135156
710,0.7,0.06591814617341918,0.1292661,0.06591815,6.480724e+07,0.3824064,9.831473e+08,0.014893641520546239,0.0,157373756.9000378,22244520.749978237,0.1413483,0.11330569038024074,0.16263872318270245,0.022625828025654344
711,0.7,0.06591814617341918,0.1292661,0.06591815,6.480724e+07,0.3824064,9.831473e+08,0.07031717154905809,0.006811268024003056,11057183.436611928,1016429.6355954364,0.09192482,0.007960932163181882,0.023367797900277897,0.001482839054430251
712,0.7,0.06591814617341918,0.1292661,0.06591815,6.480724e+07,0.3824064,9.831473e+08,0.0007780847286686935,0.0,260509346.83895138,36726786.29953473,0.1409807,0.18756107737100025,0.26510902492935134,0.03735634316819543
713,0.7,0.06591814617341918,0.1292661,0.06591815,6.480724e+07,0.3824064,9.831473e+08,0.002770130478192963,0.0,50705300.902685896,6810490.831637973,0.1343152,0.03650671648110912,0.05205197955776886,0.006927233724605516
714,0.7,0.06591814617341918,0.1292661,0.06591815,6.480724e+07,0.3824064,9.831473e+08,0.004909775544592217,0.0,137633660.8953412,13744527.169463877,0.09986312,0.09909324956391653,0.14083925906745826,0.013980130726373488
715,0.7,0.06591814617341918,0.1292661,0.06591815,6.480724e+07,0.3824064,9.831473e+08,0.002842943603400862,0.0,253198255.65474635,32726558.6498056,0.1292527,0.18229725034941224,0.2580285443156314,0.03328754510850573
716,0.7,0.06591814617341918,0.1292661,0.06591815,6.480724e+07,0.3824064,9.831473e+08,0.06327801659962462,0.0002328768836771278,17579160.085645627,3105584.2085460103,0.1766628,0.01265661384111223,0.028788182098646628,0.003174169786871412
717,0.7,0.06591814617341918,0.1292661,0.06591815,6.480724e+07,0.3824064,9.831473e+08,0.0,0.0,422936174.482686,66288425.75921973,0.1567339,0.30450486904864116,0.43018598859598967,0.06742471722259642
718,0.7,0.06591814617341918,0.1292661,0.06591815,6.480724e+07,0.3824064,9.831473e+08,0.0,0.0,196226366.40340793,28418211.893054694,0.1448236,0.14127872622540713,0.19959000556786052,0.02890534627901523
719,0.7,0.06591814617341918,0.1292661,0.06591815,6.480724e+07,0.3824064,9.831473e+08,0.03619230146174787,0.0,29385414.629127324,4864698.7114113355,0.1655481,0.021156860948409486,0.03612785562285681,0.004948087561793071
720,0.7,0.06591814617341918,0.1292661,0.06591815,6.480724e+07,0.3824064,9.831473e+08,0.0008499079047291491,0.0,260513680.5634224,30444604.251787245,0.1168637,0.18756419755858922,0.26512581361808474,0.030966474299551596
721,0.7,0.06591814617341918,0.1292661,0.06591815,6.480724e+07,0.3824064,9.831473e+08,0.0,0.0,249579200.70410824,40983842.189389996,0.1642118,0.1796916093087237,0.25385739424918596,0.04168637192188563
722,0.7,0.06591814617341918,0.1292661,0.06591815,6.480724e+07,0.3824064,9.831473e+08,0.016305776542303408,6.664283367143968e-06,90030612.89927645,9723111.403060922,0.1079978,0.06482008786501986,0.09438462799710853,0.00989022064842397
723,0.7,0.06591814617341918,0.1292661,0.06591815,6.480724e+07,0.3824064,9.831473e+08,0.0,0.0,276509273.91770357,38499019.35412087,0.1392323,0.19908067771226332,0.2812490927306956,0.03915895518061585
724,0.7,0.06591814617341918,0.1292661,0.06591815,6.480724e+07,0.3824064,9.831473e+08,0.0,0.0,553892108.9960322,76330022.33417785,0.1378067,0.3987903005062461,0.5633867208815222,0.07763844309970819
725,0.7,0.06591814617341918,0.1292661,0.06591815,6.480724e+07,0.3824064,9.831473e+08,0.060895092920455175,1.0079698256817233e-09,53949021.48338308,8085928.911282287,0.1498809,0.038842124919187794,0.06537072040678875,0.008224534954412194
726,0.7,0.06591814617341918,0.1292661,0.06591815,6.480724e+07,0.3824064,9.831473e+08,6.741017835971238e-07,0.0,360909793.88286066,46293421.52854632,0.1282687,0.2598472208226103,0.36709649112058995,0.047086966089167744
727,0.7,0.06591814617341918,0.1292661,0.06591815,6.480724e+07,0.3824064,9.831473e+08,0.011990532598616346,0.0,104347038.89498867,13659135.740011076,0.130901,0.07512760395394542,0.10820261120638767,0.013893275548894973
728,0.7,0.06591814617341918,0.1292661,0.06591815,6.480724e+07,0.3824064,9.831473e+08,2.275895186121597e-07,0.0,327481251.3175033,45340603.984910876,0.1384525,0.23577939548513074,0.33309485198162037,0.046117815702677936
729,0.7,0.06591814617341918,0.1292661,0.06591815,6.480724e+07,0.3824064,9.831473e+08,0.0021657378756168473,0.0,160672075.51731342,16290235.746989256,0.1013881,0.11568040822002516,0.16379958009855117,0.016569476890577934
730,0.7,0.06591814617341918,0.1292661,0.06591815,6.480724e+07,0.3824064,9.831473e+08,0.0,0.0,520742178.3545232,67551176.84139782,0.129721,0.37492306970880696,0.5296685464965835,0.0687091139127161
731,0.7,0.06591814617341918,0.1292661,0.06591815,6.480724e+07,0.3824064,9.831473e+08,0.00027570848683159126,0.0,229737309.5301474,28497567.928692844,0.1240441,0.16540587817921099,0.23372290663323086,0.02898606260621002
732,0.7,0.06591814617341918,0.1292661,0.06591815,6.480724e+07,0.3824064,9.831473e+08,0.0,0.0,19171432.303677596,2391690.8730888874,0.1247529,0.013803015290065288,0.019500061843719784,0.002432688345739667
733,0.7,0.06591814617341918,0.1292661,0.06591815,6.480724e+07,0.3824064,9.831473e+08,0.0,0.0,404609300.44171405,56258043.00545207,0.1390429,0.2913099173830783,0.4115449621176257,0.05722239738981431
734,0.7,0.06591814617341918,0.1292661,0.06591815,6.480724e+07,0.3824064,9.831473e+08,0.00025727799805748153,0.0,400328278.65429723,56604947.785993464,0.1413963,0.2882276745828113,0.40723490550992403,0.05757524868267997
735,0.7,0.06591814617341918,0.1292661,0.06591815,6.480724e+07,0.3824064,9.831473e+08,0.0,0.0,383153952.6087626,50424414.89849212,0.1316035,0.2758625324667678,0.389721834716716,0.0512887714062638
736,0.7,0.06591814617341918,0.1292661,0.06591815,6.480724e+07,0.3824064,9.831473e+08,5.308262292273543e-07,0.0,307234451.05417085,40465593.15403306,0.1317092,0.22120213859671004,0.3125010408929729,0.04115923925491375
737,0.7,0.06591814617341918,0.1292661,0.06591815,6.480724e+07,0.3824064,9.831473e+08,0.0004813374330942578,0.0,297834009.8573862,38617190.674026325,0.1296601,0.21443402489934751,0.30302234093153385,0.03927915214919959
738,0.7,0.06591814617341918,0.1292661,0.06591815,6.480724e+07,0.3824064,9.831473e+08,0.0,0.0,675762425.2560974,81530399.3372562,0.1206495,0.4865342839549989,0.6873460926353524,0.08292796302520865
739,0.7,0.06591814617341918,0.1292661,0.06591815,6.480724e+07,0.3824064,9.831473e+08,0.0,0.0,426703077.54104424,61721908.23494735,0.1446484,0.3072169575189814,0.43401746250121226,0.06277992215860635
740,0.7,0.06591814617341918,0.1292661,0.06591815,6.480724e+07,0.3824064,9.831473e+08,0.010852724197474399,0.0,140397291.68520397,18821811.178041127,0.1340611,0.10108300376925328,0.1446746917667573,0.01914444764318484
741,0.7,0.06591814617341918,0.1292661,0.06591815,6.480724e+07,0.3824064,9.831473e+08,0.0005742124076064263,0.0,205213221.31523976,25290869.271159682,0.1232419,0.147749066771315,0.20882989091431314,0.02572439591664949
742,0.7,0.06591814617341918,0.1292661,0.06591815,6.480724e+07,0.3824064,9.831473e+08,0.0,0.0,215729789.39116555,29362135.272551343,0.1361061,0.15532076760470398,0.21942774895610725,0.029865450040922826
743,0.7,0.06591814617341918,0.1292661,0.06591815,6.480724e+07,0.3824064,9.831473e+08,1.3042728064961873e-05,0.0,102017510.24816602,12188893.683983821,0.1194784,0.07345039387274716,0.10376850461678754,0.012397831152063468
744,0.7,0.06591814617341918,0.1292661,0.06591815,6.480724e+07,0.3824064,9.831473e+08,0.04759755489322078,0.019662118188549835,2207955.3139138487,182600.1710800956,0.08270103,0.001589679919318681,0.010450535962636114,0.00148182061591987
745,0.7,0.06591814617341918,0.1292661,0.06591815,6.480724e+07,0.3824064,9.831473e+08,0.0,0.0,304403318.5116766,41999610.33464832,0.1379736,0.21916378459408536,0.30962128663034544,0.042719551985725635
746,0.7,0.06591814617341918,0.1292661,0.06591815,6.480724e+07,0.3824064,9.831473e+08,0.0012925854952436796,0.0,226064879.03483486,30630357.132803794,0.1354937,0.1627618079044628,0.23016281110446862,0.031155411287153562
747,0.7,0.06591814617341918,0.1292661,0.06591815,6.480724e+07,0.3824064,9.831473e+08,0.0,0.0,257979966.8742047,41776593.58847338,0.1619374,0.18573997867713343,0.26240216321879944,0.04249271236969119
748,0.7,0.06591814617341918,0.1292661,0.06591815,6.480724e+07,0.3824064,9.831473e+08,0.0,0.0,626002176.4028621,99998467.71863069,0.1597414,0.4507079844444033,0.636732872160905,0.10171260414468129
749,0.7,0.06591814617341918,0.1292661,0.06591815,6.480724e+07,0.3824064,9.831473e+08,0.0018472624461854778,0.0,187203672.70116183,22223150.832205664,0.1187111,0.13478258252800646,0.19073107412367396,0.022604091792724035
750,0.7,0.06591814617341918,0.1292661,0.06591815,6.480724e+07,0.3824064,9.831473e+08,0.01926321221357427,0.0,81478088.31462349,12863863.146012586,0.1578813,0.05866245573087938,0.08619529367365084,0.013084370688791683
751,0.7,0.06591814617341918,0.1292661,0.06591815,6.480724e+07,0.3824064,9.831473e+08,0.0,0.0,89178563.17538536,11598851.407115769,0.1300632,0.0642066305510085,0.09070722883446229,0.011797674590619223
752,0.7,0.06591814617341918,0.1292661,0.06591815,6.480724e+07,0.3824064,9.831473e+08,2.42924733459311e-05,0.0,197374954.84536186,29683591.536521573,0.1503919,0.1421056849823301,0.20076247015263174,0.030192416588240636
753,0.7,0.06591814617341918,0.1292661,0.06591815,6.480724e+07,0.3824064,9.831473e+08,0.05715930439036591,1.4392176549497175e-05,23308410.357092936,4521285.59063373,0.1939766,0.01678154972721335,0.033560914631545785,0.004599736487017734
754,0.7,0.06591814617341918,0.1292661,0.06591815,6.480724e+07,0.3824064,9.831473e+08,0.0,0.0,524443015.3047263,83970514.8422515,0.1601137,0.3775875920147326,0.533432821813073,0.08540990607982853
755,0.7,0.06591814617341918,0.1292661,0.06591815,6.480724e+07,0.3824064,9.831473e+08,5.436634336722264e-07,0.0,222533332.76517802,28485258.260192472,0.1280045,0.16021917121537746,0.22634800984753492,0.028973541929964722
756,0.7,0.06591814617341918,0.1292661,0.06591815,6.480724e+07,0.3824064,9.831473e+08,1.812720987412092e-05,0.0,250645649.72322622,33477356.835752886,0.1335645,0.18045942946340962,0.2549452486569947,0.03405121319684758
757,0.7,0.06591814617341918,0.1292661,0.06591815,6.480724e+07,0.3824064,9.831473e+08,0.0,0.0,374098497.9234067,42158536.669476725,0.1126937,0.26934280157235335,0.3805111548055667,0.04288120257649319
758,0.7,0.06591814617341918,0.1292661,0.06591815,6.480724e+07,0.3824064,9.831473e+08,0.0,0.0,386357135.7460889,38297795.770541914,0.09912537,0.27816875482517306,0.39297992562433387,0.03895428229743999
759,0.7,0.06591814617341918,0.1292661,0.06591815,6.480724e+07,0.3824064,9.831473e+08,0.049120855488214946,0.0,60403499.085256904,9967628.835557038,0.1650174,0.04348920874771104,0.0699062283077664,0.010138490210317859
760,0.7,0.06591814617341918,0.1292661,0.06591815,6.480724e+07,0.3824064,9.831473e+08,1.6537458442314863e-08,0.0,349480028.08459806,52135049.83888813,0.1491789,0.25161803744307637,0.3554706871921584,0.05302872941260176
761,0.7,0.06591814617341918,0.1292661,0.06591815,6.480724e+07,0.3824064,9.831473e+08,0.015959236932581042,0.0011889919156793122,3500060.3985218112,419346.184440478,0.1198111,0.0025199675450269378,0.006311065524633227,0.0005049106031805997
762,0.7,0.06591814617341918,0.1292661,0.06591815,6.480724e+07,0.3824064,9.831473e+08,0.002231901199489702,1.1076773109521963e-07,252560468.48764303,26558758.59004172,0.105158,0.18183805742736614,0.2572744946670808,0.027014026222813195
763,0.7,0.06591814617341918,0.1292661,0.06591815,6.480724e+07,0.3824064,9.831473e+08,0.0,0.0,43747634.33810966,5913384.721249673,0.1351704,0.03149734751728896,0.04449753996449882,0.006014749755966667
764,0.7,0.06591814617341918,0.1292661,0.06591815,6.480724e+07,0.3824064,9.831473e+08,0.026317019632786178,0.0042782561208987244,2022377.5491040023,231033.12375295724,0.1142384,0.001456067955194588,0.00659349825034944,0.0005170081197108646
765,0.7,0.06591814617341918,0.1292661,0.06591815,6.480724e+07,0.3824064,9.831473e+08,0.007878414549643092,0.0032180164125799418,49195.26523253183,6150.584409587858,0.1250239,3.5419523562315966e-05,0.0014080975037600186,0.00021838169170577412
766,0.7,0.06591814617341918,0.1292661,0.06591815,6.480724e+07,0.3824064,9.831473e+08,1.085861537625052e-06,0.0,443245609.0651903,77358942.56861305,0.1745284,0.31912722128786913,0.4508437471067913,0.07868500070093093
767,0.7,0.06591814617341918,0.1292661,0.06591815,6.480724e+07,0.3824064,9.831473e+08,2.303407768035023e-05,0.0,367453616.9606002,55488133.41077372,0.1510072,0.26455863145520003,0.37375634032193344,0.05643929029210303
768,0.7,0.06591814617341918,0.1292661,0.06591815,6.480724e+07,0.3824064,9.831473e+08,0.0,0.0,395269370.4571816,61011784.93492935,0.154355,0.2845853704456066,0.40204493053785384,0.06205762618991333
769,0.7,0.06591814617341918,0.1292661,0.06591815,6.480724e+07,0.3824064,9.831473e+08,0.0045940188715071165,0.0,72242831.09691116,8706888.349914037,0.1205225,0.052013270914400334,0.07427309481310868,0.008856138581628965
770,0.7,0.06591814617341918,0.1292661,0.06591815,6.480724e+07,0.3824064,9.831473e+08,0.005734860024750445,4.77662912299949e-06,73008750.57957122,8480955.250140741,0.1161635,0.052564716323520215,0.07524879839256317,0.00862664748748757
771,0.7,0.06591814617341918,0.1292661,0.06591815,6.480724e+07,0.3824064,9.831473e+08,0.0,0.0,610314104.746967,76716649.87448344,0.1257003,0.4394129132411724,0.6207758814336145,0.07803169806506609
772,0.7,0.06591814617341918,0.1292661,0.06591815,6.480724e+07,0.3824064,9.831473e+08,0.0,0.0,444834035.1746572,54397390.482058704,0.1222869,0.3202708536221056,0.4524592142462551,0.05532985025504004
773,0.7,0.06591814617341918,0.1292661,0.06591815,6.480724e+07,0.3824064,9.831473e+08,0.0,0.0,209435797.76075217,26740028.664259784,0.1276765,0.15078923019351775,0.2130258680693374,0.0271983962594115
774,0.7,0.06591814617341918,0.1292661,0.06591815,6.480724e+07,0.3824064,9.831473e+08,0.0,0.0,561101184.8945524,81827460.92966247,0.1458337,0.4039806787355986,0.5707193720695216,0.08323011673660374
775,0.7,0.06591814617341918,0.1292661,0.06591815,6.480724e+07,0.3824064,9.831473e+08,0.011789886500986644,9.344613475914048e-06,62467728.463237494,6615985.122637501,0.1059104,0.0449754091116245,0.06557083444937577,0.006730009850904886
776,0.7,0.06591814617341918,0.1292661,0.06591815,6.480724e+07,0.3824064,9.831473e+08,0.0,0.0,116373626.54977946,21116248.147188447,0.1814522,0.08378648612074857,0.11836845983924418,0.021478214994845212
777,0.7,0.06591814617341918,0.1292661,0.06591815,6.480724e+07,0.3824064,9.831473e+08,0.014138935121602357,0.006897360164343236,890005.0064286207,67766.91670287157,0.07614217,0.0006407842939107038,0.003342491027972325,0.0005235897474303026
778,0.7,0.06591814617341918,0.1292661,0.06591815,6.480724e+07,0.3824064,9.831473e+08,0.12345813713807562,5.13917047727373e-07,42673976.814867906,6094496.298176978,0.1428153,0.030724337396039084,0.06468684480912694,0.006198999756435347
779,0.7,0.06591814617341918,0.1292661,0.06591815,6.480724e+07,0.3824064,9.831473e+08,0.0,0.0,239497565.59326628,30890266.104666874,0.1289795,0.17243305077331805,0.24360294351054587,0.03141977552164508
780,0.7,0.06591814617341918,0.1292661,0.06591815,6.480724e+07,0.3824064,9.831473e+08,0.0005903192808602492,0.0,16056452.134860761,2539326.016040356,0.1581499,0.011560297155219354,0.016433443425073073,0.0025828541952316636
781,0.7,0.06591814617341918,0.1292661,0.06591815,6.480724e+07,0.3824064,9.831473e+08,4.487233118538469e-05,0.0,195365245.00850305,25057346.496477954,0.128259,0.14065873750509672,0.19872185811757376,0.025486870181687205
782,0.7,0.06591814617341918,0.1292661,0.06591815,6.480724e+07,0.3824064,9.831473e+08,0.0,0.0,247628707.94192806,40296595.45881222,0.1627299,0.17828729684040748,0.25187346686776935,0.040987344664251364
783,0.7,0.06591814617341918,0.1292661,0.06591815,6.480724e+07,0.3824064,9.831473e+08,0.00018159099937152792,0.0,188410507.01249045,20560700.724252757,0.1091271,0.13565147704710032,0.19167147177718546,0.020913144585250044
784,0.7,0.06591814617341918,0.1292661,0.06591815,6.480724e+07,0.3824064,9.831473e+08,0.00443002213796594,0.0,186264946.37166044,30466714.225059964,0.1635665,0.1341067199386052,0.19022146535246431,0.030988963273737333
785,0.7,0.06591814617341918,0.1292661,0.06591815,6.480724e+07,0.3824064,9.831473e+08,0.015992151365685735,0.0,70912511.84375821,8710257.039576767,0.122831,0.051055469916484485,0.0748847497596497,0.008859565016113097
786,0.7,0.06591814617341918,0.1292661,0.06591815,6.480724e+07,0.3824064,9.831473e+08,0.08731041597219653,0.0004706338879038677,15117210.30494573,2923053.409249263,0.1933593,0.010884063416705243,0.03042666793537404,0.0030041826136703634
787,0.7,0.06591814617341918,0.1292661,0.06591815,6.480724e+07,0.3824064,9.831473e+08,0.03745395026396374,0.00022481942970639166,78454850.02639788,7751328.62956979,0.09879987,0.05648578975950676,0.08625590044848591,0.007899018693090279
788,0.7,0.06591814617341918,0.1292661,0.06591815,6.480724e+07,0.3824064,9.831473e+08,0.00010144900201895793,0.0,314879192.9150211,40133862.024136074,0.127458,0.2267061868661592,0.32029422205812336,0.04082182171375084
789,0.7,0.06591814617341918,0.1292661,0.06591815,6.480724e+07,0.3824064,9.831473e+08,1.7703879291766565e-06,0.0,442702923.31594974,61891679.22193266,0.1398041,0.31873649932323894,0.4502918768376383,0.06295260329651214
790,0.7,0.06591814617341918,0.1292661,0.06591815,6.480724e+07,0.3824064,9.831473e+08,0.016435233526024128,0.0,57455180.315629,7615077.146867419,0.1325394,0.041366483204176456,0.06127311493231874,0.007745611958274324
791,0.7,0.06591814617341918,0.1292661,0.06591815,6.480724e+07,0.3824064,9.831473e+08,1.573488529356523e-07,0.0,292213491.6966304,31487698.278975774,0.1077558,0.2103873737737496,0.29722253347518796,0.032027448655395065
792,0.7,0.06591814617341918,0.1292661,0.06591815,6.480724e+07,0.3824064,9.831473e+08,0.000746526187608526,0.0,221990831.81843668,31294575.77104033,0.1409724,0.15982858230453698,0.22592479992231376,0.03183101571347904
793,0.7,0.06591814617341918,0.1292661,0.06591815,6.480724e+07,0.3824064,9.831473e+08,0.00011923744808026618,0.0,102287441.06795388,9944381.020253992,0.09721996,0.07364473820622072,0.10406136803727521,0.010114843889638217
794,0.7,0.06591814617341918,0.1292661,0.06591815,6.480724e+07,0.3824064,9.831473e+08,0.0,0.0,35402025.91908273,4248408.510463889,0.1200047,0.025488690532874243,0.03600887423954536,0.0043212331441474785
795,0.7,0.06591814617341918,0.1292661,0.06591815,6.480724e+07,0.3824064,9.831473e+08,0.06696943112001748,0.00034097834039111045,30562546.395329792,3919434.393415705,0.1282431,0.022004370279477953,0.042630440430018214,0.0040090965356028956
796,0.7,0.06591814617341918,0.1292661,0.06591815,6.480724e+07,0.3824064,9.831473e+08,0.0,0.0,261631142.78415284,31517193.651674084,0.1204642,0.18836874611158666,0.2661159262240096,0.03205744962676799
797,0.7,0.06591814617341918,0.1292661,0.06591815,6.480724e+07,0.3824064,9.831473e+08,0.0,0.0,678081181.681788,105480465.0871261,0.1555573,0.4882037382707103,0.6897045963186069,0.10728857186683545
798,0.7,0.06591814617341918,0.1292661,0.06591815,6.480724e+07,0.3824064,9.831473e+08,0.004923420773084818,0.0,179388393.8738551,23001559.728689503,0.1282221,0.12915575134290272,0.1833120882268969,0.023395843884101413
799,0.7,0.06591814617341918,0.1292661,0.06591815,6.480724e+07,0.3824064,9.831473e+08,0.0,0.0,435874024.7281091,50530311.289818555,0.1159287,0.3138198405087492,0.44334561464344674,0.05139648303402236
800,0.7,0.06591814617341918,0.1292661,0.06591815,6.480724e+07,0.3824064,9.831473e+08,3.711549251943516e-05,0.0,177658833.01231676,25252960.366011426,0.142143,0.12791050504941986,0.1807105923108417,0.025685837191192294
801,0.7,0.06591814617341918,0.1292661,0.06591815,6.480724e+07,0.3824064,9.831473e+08,0.0,0.0,376778395.5257047,51322705.482346416,0.1362146,0.2712722696994287,0.38323699021274293,0.05220246015217089
802,0.7,0.06591814617341918,0.1292661,0.06591815,6.480724e+07,0.3824064,9.831473e+08,0.0001608311240843131,0.0,148906426.3857869,19184581.781825487,0.1288365,0.10720939612830727,0.1514866484096819,0.019513436725316257
803,0.7,0.06591814617341918,0.1292661,0.06591815,6.480724e+07,0.3824064,9.831473e+08,0.001954269946201892,0.0,131273163.60717173,16366159.364385432,0.1246725,0.09451382952214007,0.13386027076145995,0.016646701962297818
804,0.7,0.06591814617341918,0.1292661,0.06591815,6.480724e+07,0.3824064,9.831473e+08,5.432097010150714e-08,0.0,118741541.38423783,17921875.87201984,0.1509318,0.08549133342416738,0.12077697395006563,0.018229085981896983
805,0.7,0.06591814617341918,0.1292661,0.06591815,6.480724e+07,0.3824064,9.831473e+08,0.0,0.0,93818197.9586249,12948775.058493776,0.1380199,0.06754706692732919,0.09542639450619404,0.01317073812959756
806,0.7,0.06591814617341918,0.1292661,0.06591815,6.480724e+07,0.3824064,9.831473e+08,0.0036547305918206915,0.0,151640062.96875265,22687173.143264893,0.149612,0.10917755515547187,0.1548694125390051,0.023076068201121284
807,0.7,0.06591814617341918,0.1292661,0.06591815,6.480724e+07,0.3824064,9.831473e+08,0.0003484915232035716,0.0,184541016.66280597,20975145.195034083,0.1136612,0.13286552795287382,0.1877644219106563,0.021334693308527924
808,0.7,0.06591814617341918,0.1292661,0.06591815,6.480724e+07,0.3824064,9.831473e+08,0.0230104306773866,0.0,80476775.79788145,14105016.059271106,0.1752682,0.057941532444617,0.08582275201563276,0.014346798982238044
809,0.7,0.06591814617341918,0.1292661,0.06591815,6.480724e+07,0.3824064,9.831473e+08,0.0,0.0,125889146.7764117,16384611.20853393,0.1301511,0.09063745422269551,0.1280470915635364,0.016665470101074664
810,0.7,0.06591814617341918,0.1292661,0.06591815,6.480724e+07,0.3824064,9.831473e+08,0.04044887834971103,2.4176272052168593e-07,66469265.37763106,10551573.503229467,0.1587436,0.04785642886738578,0.07458112066311244,0.010732460576174904
811,0.7,0.06591814617341918,0.1292661,0.06591815,6.480724e+07,0.3824064,9.831473e+08,0.0,0.0,118494077.91573076,15246174.412230838,0.1286661,0.08531316509613483,0.12052525919140936,0.015507518645939097
812,0.7,0.06591814617341918,0.1292661,0.06591815,6.480724e+07,0.3824064,9.831473e+08,0.035507572902071925,2.550784341276114e-07,70154611.36319046,12509043.322409198,0.1783068,0.05050979801488026,0.07747787113294682,0.012723485490446317
813,0.7,0.06591814617341918,0.1292661,0.06591815,6.480724e+07,0.3824064,9.831473e+08,0.0,0.0,211679857.45512754,27257010.18616248,0.1287653,0.15240490448340066,0.2153083945977765,0.027724239685686387
814,0.7,0.06591814617341918,0.1292661,0.06591815,6.480724e+07,0.3824064,9.831473e+08,0.000512362390505124,0.0,157975998.32947558,26941061.335294805,0.170539,0.11373929114241468,0.16077228354339257,0.027402874957491826
815,0.7,0.06591814617341918,0.1292661,0.06591815,6.480724e+07,0.3824064,9.831473e+08,0.0,0.0,361281500.5220683,54058462.493551284,0.1496298,0.26011484153780423,0.3674744532165597,0.0549851124894014
816,0.7,0.06591814617341918,0.1292661,0.06591815,6.480724e+07,0.3824064,9.831473e+08,0.025710444895732248,0.010637137136651598,952870.9795242806,78782.48584674236,0.08267907,0.0006860464305168337,0.005401098950244709,0.0007813133064673417
817,0.7,0.06591814617341918,0.1292661,0.06591815,6.480724e+07,0.3824064,9.831473e+08,0.0,0.0,23832806.509753104,2329362.6204054677,0.09773766,0.017159103579140793,0.02424133958736318,0.0023692916854022687
818,0.7,0.06591814617341918,0.1292661,0.06591815,6.480724e+07,0.3824064,9.831473e+08,3.4111146057674475e-07,0.0,254596788.10519847,36971680.91983639,0.1452166,0.18330416336934033,0.2589610500613711,0.03760543568071263
819,0.7,0.06591814617341918,0.1292661,0.06591815,6.480724e+07,0.3824064,9.831473e+08,0.0,0.0,322065447.058707,40776727.0641969,0.1266101,0.23188013392720186,0.32758617279551494,0.041475706506487305
820,0.7,0.06591814617341918,0.1292661,0.06591815,6.480724e+07,0.3824064,9.831473e+08,2.3949684634272652e-05,0.0,61380578.253853954,7628303.624815046,0.1242788,0.04419268454910759,0.06243686960562897,0.007759065159572375
821,0.7,0.06591814617341918,0.1292661,0.06591815,6.480724e+07,0.3824064,9.831473e+08,0.0,0.0,64793109.9673206,8879793.417846622,0.1370484,0.04664963334003215,0.06590376928526727,0.009032007523728361
822,0.7,0.06591814617341918,0.1292661,0.06591815,6.480724e+07,0.3824064,9.831473e+08,2.579205754843607e-07,0.0,415473286.6717964,43851080.250057526,0.1055449,0.2991317517494193,0.42259521920613513,0.04460275910767554
823,0.7,0.06591814617341918,0.1292661,0.06591815,6.480724e+07,0.3824064,9.831473e+08,0.0005870337939418128,0.0,243330886.66740188,41524323.79033223,0.1706496,0.17519295877392546,0.2476031651794768,0.04223611825678751
824,0.7,0.06591814617341918,0.1292661,0.06591815,6.480724e+07,0.3824064,9.831473e+08,0.0026817651465317416,0.0,216248608.0464316,38744514.93495499,0.1791665,0.15569430577952437,0.2204177361439688,0.039408658955106764
825,0.7,0.06591814617341918,0.1292661,0.06591815,6.480724e+07,0.3824064,9.831473e+08,0.0,0.0,668322632.739482,91698956.55896857,0.1372076,0.4811777947665486,0.6797787699710663,0.09327082586111464
826,0.7,0.06591814617341918,0.1292661,0.06591815,6.480724e+07,0.3824064,9.831473e+08,2.077234213991466e-05,0.0,284268562.65119594,39704163.16308336,0.1396713,0.20466719724465535,0.28914496897475134,0.040384757115134666
827,0.7,0.06591814617341918,0.1292661,0.06591815,6.480724e+07,0.3824064,9.831473e+08,0.05684288253695165,0.00116008432515782,28424395.723477323,3063319.1353311515,0.1077708,0.020464948187870244,0.03871005240085966,0.0031923000172004285
828,0.7,0.06591814617341918,0.1292661,0.06591815,6.480724e+07,0.3824064,9.831473e+08,0.0,0.0,69786639.98901032,11753908.044116437,0.1684263,0.05024486660946093,0.07098289653559493,0.011955389150642589
829,0.7,0.06591814617341918,0.1292661,0.06591815,6.480724e+07,0.3824064,9.831473e+08,0.002965671140101094,0.0,152991150.84758875,19372643.581734512,0.1266259,0.11015030911325618,0.1561248821310453,0.01970472221043694
830,0.7,0.06591814617341918,0.1292661,0.06591815,6.480724e+07,0.3824064,9.831473e+08,0.040304883330283585,0.0016752713317363963,2326379.0052408567,387656.88252086466,0.1666353,0.0016749424075981354,0.009313899406414741,0.0005047327326989497
831,0.7,0.06591814617341918,0.1292661,0.06591815,6.480724e+07,0.3824064,9.831473e+08,0.0,0.0,111448974.7546294,15549095.484858135,0.1395176,0.08024084367995585,0.11335939150031832,0.01581563227857911
832,0.7,0.06591814617341918,0.1292661,0.06591815,6.480724e+07,0.3824064,9.831473e+08,0.0027116008549258183,0.0,214539337.33673975,33767089.55865514,0.1573935,0.15446366795512917,0.21868430874900524,0.034345912409991894
833,0.7,0.06591814617341918,0.1292661,0.06591815,6.480724e+07,0.3824064,9.831473e+08,0.0,0.0,499094046.0383647,63754635.59175853,0.1277407,0.35933688414749276,0.5076493299727799,0.06484749376939494
834,0.7,0.06591814617341918,0.1292661,0.06591815,6.480724e+07,0.3824064,9.831473e+08,0.0,0.0,129365274.907569,15832537.218548663,0.1223863,0.09314019105448591,0.1315828061862388,0.016103932664721685
835,0.7,0.06591814617341918,0.1292661,0.06591815,6.480724e+07,0.3824064,9.831473e+08,0.0004449343788762013,0.0,62306848.60608482,8799915.317878187,0.1412351,0.04485957910513533,0.06345158589675133,0.008950760183171312
836,0.7,0.06591814617341918,0.1292661,0.06591815,6.480724e+07,0.3824064,9.831473e+08,0.03740230897290092,6.86108594392644e-06,74295266.81413423,8518982.515991483,0.1146639,0.05349098009845914,0.08201611343208602,0.008665464006071669
837,0.7,0.06591814617341918,0.1292661,0.06591815,6.480724e+07,0.3824064,9.831473e+08,0.0,0.0,72222701.91289711,8183152.070984355,0.1133044,0.051998778338659436,0.07346071652413126,0.008323424610802207
838,0.7,0.06591814617341918,0.1292661,0.06591815,6.480724e+07,0.3824064,9.831473e+08,0.0,0.0,188721660.1857246,20843325.769586693,0.1104448,0.13587550058064085,0.191956656476061,0.021200614283668907
839,0.7,0.06591814617341918,0.1292661,0.06591815,6.480724e+07,0.3824064,9.831473e+08,3.630345021991466e-08,0.0,548230740.0731966,66967862.94142014,0.1221527,0.3947142377183025,0.5576283131426503,0.06811580106348865
840,0.7,0.06591814617341918,0.1292661,0.06591815,6.480724e+07,0.3824064,9.831473e+08,1.7748492588043769e-06,0.0,220798590.35862848,28564991.782865595,0.1293713,0.15897019432191214,0.224583743362204,0.029054642214936404
841,0.7,0.06591814617341918,0.1292661,0.06591815,6.480724e+07,0.3824064,9.831473e+08,0.0036448830044690326,0.0,140757855.2601581,16110079.412815843,0.1144524,0.10134260171995922,0.14379896858639724,0.016386232383737123
842,0.7,0.06591814617341918,0.1292661,0.06591815,6.480724e+07,0.3824064,9.831473e+08,7.858832942064143e-05,0.0,220288786.5246555,29925563.022582244,0.135847,0.15860314662282535,0.2240784415528736,0.030438535859240265
843,0.7,0.06591814617341918,0.1292661,0.06591815,6.480724e+07,0.3824064,9.831473e+08,0.016305812514404997,0.0,62080816.114464,7956033.976539563,0.1281561,0.04469684061546623,0.06595573242413375,0.00809241334271601
844,0.7,0.06591814617341918,0.1292661,0.06591815,6.480724e+07,0.3824064,9.831473e+08,5.9218508845941556e-18,0.0,142229472.39409125,16795093.116342638,0.1180845,0.10240213412625235,0.14466751694668042,0.017082988336603808
845,0.7,0.06591814617341918,0.1292661,0.06591815,6.480724e+07,0.3824064,9.831473e+08,0.0,0.0,588714884.5042285,68893475.46511513,0.1170235,0.42386194331146,0.5988064154157453,0.07007442171865433
846,0.7,0.06591814617341918,0.1292661,0.06591815,6.480724e+07,0.3824064,9.831473e+08,0.0020471165166103585,0.0,152642340.6379166,23329965.205970414,0.1528407,0.10989917333053681,0.15561175488320977,0.023729878765551854
847,0.7,0.06591814617341918,0.1292661,0.06591815,6.480724e+07,0.3824064,9.831473e+08,9.070349445321283e-07,0.0,350170441.77947056,53995573.665018894,0.154198,0.252115120323262,0.35617308920246105,0.05492114564403297
848,0.7,0.06591814617341918,0.1292661,0.06591815,6.480724e+07,0.3824064,9.831473e+08,0.013610914323449992,7.928465483186272e-06,72452539.23067223,8366120.533421686,0.1154704,0.05216425622060511,0.07604070477445594,0.008510052080107135
849,0.7,0.06591814617341918,0.1292661,0.06591815,6.480724e+07,0.3824064,9.831473e+08,2.871670391503401e-08,0.0,103927767.75603904,14246854.616699582,0.1370842,0.07482573783095915,0.10570926372748629,0.01449106888330061
850,0.7,0.06591814617341918,0.1292661,0.06591815,6.480724e+07,0.3824064,9.831473e+08,0.0,0.0,50252460.28194264,6042069.872674544,0.1202343,0.036180681059599026,0.05111386920783052,0.006145640780247209
851,0.7,0.06591814617341918,0.1292661,0.06591815,6.480724e+07,0.3824064,9.831473e+08,0.0013778784136672239,0.0,262146547.72551697,42539234.15862131,0.1622727,0.1887398264864661,0.2668776808519376,0.043268425839965485
852,0.7,0.06591814617341918,0.1292661,0.06591815,6.480724e+07,0.3824064,9.831473e+08,9.252675428469779e-05,0.0,218388819.40855023,32687461.316275656,0.1496755,0.15723521152341227,0.22214830857579998,0.0332477775830709
853,0.7,0.06591814617341918,0.1292661,0.06591815,6.480724e+07,0.3824064,9.831473e+08,0.0,0.0,92896386.12936565,12392212.663408602,0.1333982,0.06688338241110306,0.0944887813224686,0.01260463534957899
854,0.7,0.06591814617341918,0.1292661,0.06591815,6.480724e+07,0.3824064,9.831473e+08,0.0,0.0,395013383.1785281,66035102.445070654,0.1671718,0.2844010651592124,0.4017845552207738,0.06716705153470645
855,0.7,0.06591814617341918,0.1292661,0.06591815,6.480724e+07,0.3824064,9.831473e+08,0.03596569361367116,1.0805771008478398e-05,38653797.21056824,5354446.707931875,0.1385232,0.02782989530804171,0.045516051336852825,0.005446942932146883
856,0.7,0.06591814617341918,0.1292661,0.06591815,6.480724e+07,0.3824064,9.831473e+08,0.0,0.0,340525218.73129284,59112268.80040525,0.1735915,0.2451707690040051,0.34636237498711225,0.06012554925848562
857,0.7,0.06591814617341918,0.1292661,0.06591815,6.480724e+07,0.3824064,9.831473e+08,1.6839931366654965e-05,0.0,270686394.38779,45409910.590175584,0.1677584,0.19488833079156992,0.2753293023923164,0.04618831033591308
858,0.7,0.06591814617341918,0.1292661,0.06591815,6.480724e+07,0.3824064,9.831473e+08,0.0,0.0,388346427.73975825,44122401.0486892,0.1136161,0.2796010018983223,0.3950033173191906,0.04487873078621258
859,0.7,0.06591814617341918,0.1292661,0.06591815,6.480724e+07,0.3824064,9.831473e+08,0.0,0.0,240650667.35847065,28288014.975612264,0.117548,0.17326325902505435,0.2447758113160084,0.02877291757458807
860,0.7,0.06591814617341918,0.1292661,0.06591815,6.480724e+07,0.3824064,9.831473e+08,2.064256523938056e-05,0.0,376017392.0709144,49277996.2571753,0.1310524,0.27072436372371045,0.38246650022801093,0.050122701284305154
861,0.7,0.06591814617341918,0.1292661,0.06591815,6.480724e+07,0.3824064,9.831473e+08,0.0,0.0,145468162.71388227,16156494.154722577,0.1110655,0.10473392088562174,0.14796172368763774,0.01643344274983314
862,0.7,0.06591814617341918,0.1292661,0.06591815,6.480724e+07,0.3824064,9.831473e+08,0.0018859475973549689,0.0,131356865.63213567,17919460.274901774,0.1364181,0.09457409316400502,0.1339336303608871,0.018226628977514335
863,0.7,0.06591814617341918,0.1292661,0.06591815,6.480724e+07,0.3824064,9.831473e+08,4.964586545570546e-06,0.0,396325027.00032294,62307101.528186165,0.1572121,0.28534542025175713,0.40311953853308363,0.06337514661695305
864,0.7,0.06591814617341918,0.1292661,0.06591815,6.480724e+07,0.3824064,9.831473e+08,0.00015480379515793233,0.0,198103494.10553017,23188761.400368128,0.1170538,0.14263021744230633,0.2015259949357435,0.023586254496994464
865,0.7,0.06591814617341918,0.1292661,0.06591815,6.480724e+07,0.3824064,9.831473e+08,0.0009769278050975577,0.0,125691574.24843594,18944399.759776626,0.1507213,0.0904952062893461,0.12801453238962268,0.019269137592652915
866,0.7,0.06591814617341918,0.1292661,0.06591815,6.480724e+07,0.3824064,9.831473e+08,0.05597398791299015,9.222051685717264e-06,30305848.531803317,6079130.368825554,0.2005926,0.021819553387392988,0.040473978758717555,0.00618394445414769
867,0.7,0.06591814617341918,0.1292661,0.06591815,6.480724e+07,0.3824064,9.831473e+08,0.028669395379333343,0.0,61704560.79474102,8200127.6621992625,0.1328934,0.044425944948995426,0.06770422713286729,0.008340691191268441
868,0.7,0.06591814617341918,0.1292661,0.06591815,6.480724e+07,0.3824064,9.831473e+08,0.0061308502827155985,0.0,70029886.21175529,8065756.9765845835,0.1151759,0.050419998612047684,0.07228713113054232,0.008204017173492176
869,0.7,0.06591814617341918,0.1292661,0.06591815,6.480724e+07,0.3824064,9.831473e+08,0.0006431034458874199,6.268081217555425e-08,311473279.667404,33814936.28932979,0.1085645,0.22425400322704336,0.3169232947865911,0.03439458344327597
870,0.7,0.06591814617341918,0.1292661,0.06591815,6.480724e+07,0.3824064,9.831473e+08,0.049201982843781654,0.00032100420179308745,51960605.08914676,5325037.221841137,0.1024822,0.037410508258632104,0.06133259387814376,0.005437477025120939
871,0.7,0.06591814617341918,0.1292661,0.06591815,6.480724e+07,0.3824064,9.831473e+08,0.025101243731372687,0.0,34753676.02475416,4233254.559921915,0.1218074,0.025021892676408777,0.039676292401025826,0.004305819430238974
872,0.7,0.06591814617341918,0.1292661,0.06591815,6.480724e+07,0.3824064,9.831473e+08,0.0,0.0,607617052.0906835,93492788.94791436,0.1538679,0.43747109384744604,0.6180325969069175,0.095095407455626
873,0.7,0.06591814617341918,0.1292661,0.06591815,6.480724e+07,0.3824064,9.831473e+08,0.0,0.0,93072982.3448088,13221329.761807108,0.1420534,0.06701052785455862,0.0946684046843521,0.01344796486394996
874,0.7,0.06591814617341918,0.1292661,0.06591815,6.480724e+07,0.3824064,9.831473e+08,0.0,0.0,340187682.1518085,45528791.56986093,0.1338343,0.24492774999041347,0.34601905248151105,0.046309229128999894
875,0.7,0.06591814617341918,0.1292661,0.06591815,6.480724e+07,0.3824064,9.831473e+08,0.0001485382997991225,0.0,162329542.09676662,26903587.139045615,0.1657344,0.116873748194659,0.16513773915977087,0.02736475839255146
876,0.7,0.06591814617341918,0.1292661,0.06591815,6.480724e+07,0.3824064,9.831473e+08,0.0017197057389716193,0.0,260638747.5573403,27292846.94774681,0.1047152,0.18765424308059228,0.26540295776917433,0.027760690747667762
877,0.7,0.06591814617341918,0.1292661,0.06591815,6.480724e+07,0.3824064,9.831473e+08,0.01951549296162227,0.0,90944075.29753631,13708209.458579125,0.1507323,0.06547776097208667,0.09586703051995665,0.013943190470838217
878,0.7,0.06591814617341918,0.1292661,0.06591815,6.480724e+07,0.3824064,9.831473e+08,0.03971984291784341,0.0010315203569610878,4282465.501057208,749268.2825567801,0.1749619,0.0030832822427633994,0.011202668785578108,0.0008301078695892236
879,0.7,0.06591814617341918,0.1292661,0.06591815,6.480724e+07,0.3824064,9.831473e+08,0.0007014289928388804,0.0,134630323.5870675,16392375.385599693,0.1217584,0.0969309118663115,0.13705901672378165,0.01667336736876702
880,0.7,0.06591814617341918,0.1292661,0.06591815,6.480724e+07,0.3824064,9.831473e+08,0.000874153820374728,0.0,178244242.7477803,22878827.140418,0.1283566,0.12833198735713486,0.18145032323539223,0.023271007459591025
881,0.7,0.06591814617341918,0.1292661,0.06591815,6.480724e+07,0.3824064,9.831473e+08,3.914851539203356e-06,0.0,194834241.40421343,27992607.77999602,0.143674,0.14027642643136,0.19817469211240854,0.02847244661903554
882,0.7,0.06591814617341918,0.1292661,0.06591815,6.480724e+07,0.3824064,9.831473e+08,0.005229192713708557,0.004024987323770431,96359.36348589332,12050.437530759045,0.1250573,6.93766509704966e-05,0.0009994046590133688,0.0002775767043895741
883,0.7,0.06591814617341918,0.1292661,0.06591815,6.480724e+07,0.3824064,9.831473e+08,0.02297805561360719,0.01331048628604792,43091.118634871025,4486.897869087738,0.1041258,3.102467045558437e-05,0.004004722399458374,0.000881966391241379
884,0.7,0.06591814617341918,0.1292661,0.06591815,6.480724e+07,0.3824064,9.831473e+08,0.000750602319939523,0.0,38905984.85686017,4930279.186127167,0.1267229,0.028011464941577403,0.03970228345193029,0.005014792192539617
885,0.7,0.06591814617341918,0.1292661,0.06591815,6.480724e+07,0.3824064,9.831473e+08,0.0004645524394832088,0.0,201786879.77008122,26690041.462075505,0.1322685,0.1452821752012085,0.20532591342367199,0.02714755219525668
886,0.7,0.06591814617341918,0.1292661,0.06591815,6.480724e+07,0.3824064,9.831473e+08,0.0,0.0,98042517.97169626,16773021.60195197,0.1710791,0.07058848568034368,0.09972312623691366,0.01706053848054793
887,0.7,0.06591814617341918,0.1292661,0.06591815,6.480724e+07,0.3824064,9.831473e+08,0.0,0.0,385041734.1866572,59445846.11234701,0.1543881,0.2772216942430626,0.3916419759421224,0.06046484462825715
888,0.7,0.06591814617341918,0.1292661,0.06591815,6.480724e+07,0.3824064,9.831473e+08,0.013228482685018644,0.008381056334161564,225131.78993128584,23423.567470098358,0.1040438,0.00016209000399543456,0.00250927957136739,0.0005762887820476929
889,0.7,0.06591814617341918,0.1292661,0.06591815,6.480724e+07,0.3824064,9.831473e+08,1.0721782670634556,1.2491942710804633,218.65266934418642,22.782853150837788,0.1041965,1.5742517775223548e-07,0.18481929788469556,0.08234459373346811
890,0.7,0.06591814617341918,0.1292661,0.06591815,6.480724e+07,0.3824064,9.831473e+08,7.749665149399413e-08,0.0,493894418.15374017,67836897.63948819,0.137351,0.35559326488852094,0.5023605853654973,0.06899973243013018
891,0.7,0.06591814617341918,0.1292661,0.06591815,6.480724e+07,0.3824064,9.831473e+08,0.00014582492370566547,0.0,233516211.7846497,41932322.901458845,0.1795692,0.1681266058104246,0.23754419645686847,0.04265111113646012
892,0.7,0.06591814617341918,0.1292661,0.06591815,6.480724e+07,0.3824064,9.831473e+08,0.000146336313111887,0.0,59614518.2877745,8989727.107447833,0.1507976,0.04292115969228765,0.060661633161449346,0.009143825655622486
893,0.7,0.06591814617341918,0.1292661,0.06591815,6.480724e+07,0.3824064,9.831473e+08,1.4183047127536779e-09,0.0,75272532.51331274,8311939.98486957,0.1104246,0.05419459019782713,0.07656282642734712,0.008454420159058848
894,0.7,0.06591814617341918,0.1292661,0.06591815,6.480724e+07,0.3824064,9.831473e+08,0.0,0.0,93406106.53892486,11043051.84930129,0.1182262,0.06725037004642201,0.0950072391691212,0.011232347724143242
895,0.7,0.06591814617341918,0.1292661,0.06591815,6.480724e+07,0.3824064,9.831473e+08,0.0003162618285166904,0.0,220000592.64103103,29800766.42378633,0.1354577,0.15839565327964886,0.22382627704682348,0.030311600043707098
896,0.7,0.06591814617341918,0.1292661,0.06591815,6.480724e+07,0.3824064,9.831473e+08,0.004743346188626403,0.0,212211388.33214235,24639332.301077545,0.1161075,0.15278759518205912,0.2166666814599058,0.02506169054290262
897,0.7,0.06591814617341918,0.1292661,0.06591815,6.480724e+07,0.3824064,9.831473e+08,0.0,0.0,154666825.54635426,26184243.942747857,0.1692945,0.1113567585387276,0.1573180665665327,0.026633084483556432
898,0.7,0.06591814617341918,0.1292661,0.06591815,6.480724e+07,0.3824064,9.831473e+08,0.030179604523247763,8.576022121184046e-05,57032200.70579883,5865688.245189851,0.1028487,0.041061947062620056,0.06321210079706019,0.005971888839506609
899,0.7,0.06591814617341918,0.1292661,0.06591815,6.480724e+07,0.3824064,9.831473e+08,2.3862743028071792e-05,0.0,45205321.58114232,4621656.519192882,0.102237,0.03254685070437495,0.045984327730973704,0.004700879230990163
900,0.7,0.06591814617341918,0.1292661,0.06591815,6.480724e+07,0.3824064,9.831473e+08,0.019086328524149664,0.02107797430230897,19363.529906862983,2421.417441598071,0.1250504,1.3941321396356791e-05,0.0033097431063073513,0.0013918839155751715
901,0.7,0.06591814617341918,0.1292661,0.06591815,6.480724e+07,0.3824064,9.831473e+08,0.0,0.0,435203402.333565,51696206.73247067,0.1187863,0.31333700693538197,0.4426634966900122,0.052582363821378354
902,0.7,0.06591814617341918,0.1292661,0.06591815,6.480724e+07,0.3824064,9.831473e+08,3.3609400566475087e-05,0.0,297272365.6294005,38281388.5081054,0.1287755,0.21402965324136888,0.3023738911081724,0.03893759378783203
903,0.7,0.06591814617341918,0.1292661,0.06591815,6.480724e+07,0.3824064,9.831473e+08,0.00013582043053251278,0.0,79873005.3119635,13954158.22873484,0.1747043,0.057506830794953764,0.08126557091386354,0.014193355203052996
904,0.7,0.06591814617341918,0.1292661,0.06591815,6.480724e+07,0.3824064,9.831473e+08,0.009024218718150177,0.004405012618263313,39174.208828714814,4899.348662448816,0.1250657,2.8204580381573062e-05,0.0015954151715378518,0.000295353597135801
905,0.7,0.06591814617341918,0.1292661,0.06591815,6.480724e+07,0.3824064,9.831473e+08,0.0,0.0,654480642.4563514,88565365.62425417,0.1353216,0.47121186209670124,0.6656995054546934,0.09008352007968229
906,0.7,0.06591814617341918,0.1292661,0.06591815,6.480724e+07,0.3824064,9.831473e+08,0.0,0.0,117491224.88765813,16684244.894545712,0.1420042,0.08459113267513937,0.11950521563087546,0.016970239995944266
907,0.7,0.06591814617341918,0.1292661,0.06591815,6.480724e+07,0.3824064,9.831473e+08,0.0,0.0,191569599.84695438,28284795.622664746,0.1476476,0.1379259553440858,0.19485341445644988,0.028769643036693406
908,0.7,0.06591814617341918,0.1292661,0.06591815,6.480724e+07,0.3824064,9.831473e+08,0.0,0.0,482809843.47586125,56391923.5781296,0.1167994,0.3476126116259432,0.4910859896852854,0.0573585728933203
909,0.7,0.06591814617341918,0.1292661,0.06591815,6.480724e+07,0.3824064,9.831473e+08,0.0,0.0,249743116.7934198,34802888.04638084,0.1393547,0.1798096253364892,0.2540241201269464,0.035399466168956895
910,0.7,0.06591814617341918,0.1292661,0.06591815,6.480724e+07,0.3824064,9.831473e+08,0.047583300919632664,0.02391692521811572,286564.64545210777,35832.13767714089,0.1250403,0.00020632032704248285,0.008493752472275767,0.0016130057313593809
911,0.7,0.06591814617341918,0.1292661,0.06591815,6.480724e+07,0.3824064,9.831473e+08,0.06820963320053876,8.548894873807632e-05,25970490.12010978,4328713.096377671,0.1666781,0.018698189396605513,0.03817345138742578,0.004408549554331965
912,0.7,0.06591814617341918,0.1292661,0.06591815,6.480724e+07,0.3824064,9.831473e+08,0.0,0.0,637235240.995236,76847536.28075,0.1205952,0.45879554722358523,0.6481584897556725,0.07816482807727758
913,0.7,0.06591814617341918,0.1292661,0.06591815,6.480724e+07,0.3824064,9.831473e+08,0.0019792112309811485,0.0,163448826.3309571,29820475.04830621,0.1824453,0.1176796085578149,0.16659177600006403,0.030331646506115577
914,0.7,0.06591814617341918,0.1292661,0.06591815,6.480724e+07,0.3824064,9.831473e+08,5.495275580973215e-06,0.0,398805345.3897656,72076255.14893053,0.1807304,0.28713119567590945,0.4056424650936811,0.07331175942437336
915,0.7,0.06591814617341918,0.1292661,0.06591815,6.480724e+07,0.3824064,9.831473e+08,0.03552082288146676,0.002560944312117329,3327809.411868414,375202.18581142585,0.1127475,0.0023959505720202007,0.00950783306861998,0.0005504464632077332
916,0.7,0.06591814617341918,0.1292661,0.06591815,6.480724e+07,0.3824064,9.831473e+08,0.0,0.0,463761737.9036422,66663123.69041863,0.1437443,0.33389838890666923,0.4717113685938439,0.06780583808593905
917,0.7,0.06591814617341918,0.1292661,0.06591815,6.480724e+07,0.3824064,9.831473e+08,0.0,0.0,42906429.53801477,7800848.622962309,0.1818107,0.03089169831310515,0.043641915545558685,0.007934567859704525
918,0.7,0.06591814617341918,0.1292661,0.06591815,6.480724e+07,0.3824064,9.831473e+08,0.0,0.0,196618205.27141368,26313529.957828436,0.1338306,0.14156084170852037,0.19998856119155378,0.026764586671273297
919,0.7,0.06591814617341918,0.1292661,0.06591815,6.480724e+07,0.3824064,9.831473e+08,0.0026238347147291524,0.0,205045431.1113821,30093710.94789857,0.1467661,0.14762826146513416,0.2090125326446217,0.030609566113559476
920,0.7,0.06591814617341918,0.1292661,0.06591815,6.480724e+07,0.3824064,9.831473e+08,0.003302945543369564,4.152398388005014e-06,100673591.9991212,10462930.367818115,0.1039292,0.07248280189285085,0.1029686536209756,0.010642555735061008
921,0.7,0.06591814617341918,0.1292661,0.06591815,6.480724e+07,0.3824064,9.831473e+08,0.007899055171017747,0.0,31074641.563040867,4035594.2712107557,0.1298678,0.022373067689140384,0.032968928399270174,0.0041047709226021325
922,0.7,0.06591814617341918,0.1292661,0.06591815,6.480724e+07,0.3824064,9.831473e+08,0.0010713000490630157,0.0,12440544.288546985,2642513.7758391974,0.2124114,0.008956921961360628,0.012838463148137823,0.0026878107611115285
923,0.7,0.06591814617341918,0.1292661,0.06591815,6.480724e+07,0.3824064,9.831473e+08,0.0,0.0,89960971.12221918,10730791.594898267,0.1192827,0.06476994729657812,0.09150304852641877,0.010914734820957778
924,0.7,0.06591814617341918,0.1292661,0.06591815,6.480724e+07,0.3824064,9.831473e+08,0.0,0.0,127811083.63296854,15769112.102219295,0.1233783,0.09202120705854937,0.1300019735446492,0.01603942033871094
925,0.7,0.06591814617341918,0.1292661,0.06591815,6.480724e+07,0.3824064,9.831473e+08,0.0042953189429390855,0.0,14905409.919896757,2150514.7053279732,0.1442775,0.010731571734969398,0.015901327899853508,0.002187378026089371
926,0.7,0.06591814617341918,0.1292661,0.06591815,6.480724e+07,0.3824064,9.831473e+08,0.00380991675549746,7.447025716081342e-07,146297591.64712745,15667887.844304519,0.107096,0.10533109172117842,0.14946211312178498,0.01593651002174486
927,0.7,0.06591814617341918,0.1292661,0.06591815,6.480724e+07,0.3824064,9.831473e+08,0.0888721002335733,0.00015043042304710858,42049998.94652632,5421808.321116129,0.1289372,0.03027508686947675,0.05809032713436807,0.005524663031195462
928,0.7,0.06591814617341918,0.1292661,0.06591815,6.480724e+07,0.3824064,9.831473e+08,0.0,0.0,328324606.83133626,43269652.16941838,0.1317892,0.23638659315654126,0.33395262474978965,0.04401136440379816
929,0.7,0.06591814617341918,0.1292661,0.06591815,6.480724e+07,0.3824064,9.831473e+08,0.0,0.0,390510070.053947,61493951.781116776,0.1574708,0.281158777419312,0.3972040479827141,0.06254805816029056
930,0.7,0.06591814617341918,0.1292661,0.06591815,6.480724e+07,0.3824064,9.831473e+08,0.0,0.0,345084338.63187146,38364325.02231819,0.1111738,0.24845323641176661,0.3509996456201031,0.03902195196882938
931,0.7,0.06591814617341918,0.1292661,0.06591815,6.480724e+07,0.3824064,9.831473e+08,5.054901684291788e-08,0.0,141485496.7823917,19908736.542504292,0.1407122,0.10186648782810098,0.1439107970961061,0.020250004676733848
932,0.7,0.06591814617341918,0.1292661,0.06591815,6.480724e+07,0.3824064,9.831473e+08,0.0,0.0,163738751.39758626,19277079.077826165,0.1177307,0.11788834831519272,0.16654549998613843,0.019607519575455947
933,0.7,0.06591814617341918,0.1292661,0.06591815,6.480724e+07,0.3824064,9.831473e+08,0.002505121283559604,0.0,201566771.93795794,32434102.298629336,0.16091,0.14512370233782845,0.20545378010594179,0.03299007557966766
934,0.7,0.06591814617341918,0.1292661,0.06591815,6.480724e+07,0.3824064,9.831473e+08,0.0,0.0,234217266.8559704,34921170.08657231,0.1490973,0.16863135025076365,0.23823213186227726,0.035519775755752485
935,0.7,0.06591814617341918,0.1292661,0.06591815,6.480724e+07,0.3824064,9.831473e+08,0.0,0.0,241164351.73644316,39484428.44653727,0.1637241,0.17363310063162343,0.24529830107994197,0.04016125578805651
936,0.7,0.06591814617341918,0.1292661,0.06591815,6.480724e+07,0.3824064,9.831473e+08,0.04798898449571622,8.705359637764756e-07,71108057.24292026,11182451.746146997,0.15726,0.05119625836107128,0.08059917126801383,0.01137419454613006
937,0.7,0.06591814617341918,0.1292661,0.06591815,6.480724e+07,0.3824064,9.831473e+08,0.014410123956144877,0.0,114068302.31192796,14498940.97545812,0.1271075,0.08212670268883887,0.11850759525006019,0.014747476412372222
938,0.7,0.06591814617341918,0.1292661,0.06591815,6.480724e+07,0.3824064,9.831473e+08,0.0,0.0,430579162.76085603,55683038.17813212,0.1293213,0.3100076547766086,0.43795999012776626,0.05663753604426812
939,0.7,0.06591814617341918,0.1292661,0.06591815,6.480724e+07,0.3824064,9.831473e+08,5.6175754588360214e-06,0.0,395391019.9607759,66231934.61765674,0.16751,0.28467295544872706,0.4021696336537186,0.06736725773096056
940,0.7,0.06591814617341918,0.1292661,0.06591815,6.480724e+07,0.3824064,9.831473e+08,0.04048403714780733,3.6235054604686504e-09,47225783.622927375,7866703.574,0.1665765,0.034001539535861255,0.055013834898332045,0.0080015519105984
941,0.7,0.06591814617341918,0.1292661,0.06591815,6.480724e+07,0.3824064,9.831473e+08,3.1339537750230513e-06,0.0,238488994.9711515,40399748.12773736,0.1693988,0.17170690180866868,0.2425776245692472,0.04109226553774285
942,0.7,0.06591814617341918,0.1292661,0.06591815,6.480724e+07,0.3824064,9.831473e+08,6.389266449755834e-06,0.0,269801166.3177576,43383073.26707704,0.1607965,0.19425098578821778,0.27442709861673104,0.044126729723597574
943,0.7,0.06591814617341918,0.1292661,0.06591815,6.480724e+07,0.3824064,9.831473e+08,7.704593228291485e-05,0.0,168204057.22844088,24030450.894243386,0.1428649,0.12110327162826626,0.1711006293848317,0.02444237191815492
944,0.7,0.06591814617341918,0.1292661,0.06591815,6.480724e+07,0.3824064,9.831473e+08,0.0003141999149371469,0.0,66554406.3704585,8406529.99066248,0.1263106,0.0479177285348907,0.06774941807227378,0.008550631591441276
945,0.7,0.06591814617341918,0.1292661,0.06591815,6.480724e+07,0.3824064,9.831473e+08,0.0,0.0,232299236.84793124,38083647.58110911,0.1639422,0.1672504102610744,0.23628122369942187,0.03873646325963866
946,0.7,0.06591814617341918,0.1292661,0.06591815,6.480724e+07,0.3824064,9.831473e+08,0.006754634528504483,0.0007509324894110333,84779.72488259785,8827.53583863195,0.1041232,6.103956242317626e-05,0.0012505778981569992,5.847893176795317e-05
947,0.7,0.06591814617341918,0.1292661,0.06591815,6.480724e+07,0.3824064,9.831473e+08,0.016127092803671157,0.0,108652986.53138885,17062745.462629393,0.1570389,0.0782277928246565,0.11329541840982324,0.01735522867955446
948,0.7,0.06591814617341918,0.1292661,0.06591815,6.480724e+07,0.3824064,9.831473e+08,0.0,0.0,159906332.1522262,19647638.114626076,0.1228697,0.11512908961173646,0.1626473868398793,0.019984430597015945
949,0.7,0.06591814617341918,0.1292661,0.06591815,6.480724e+07,0.3824064,9.831473e+08,3.332549194605975e-05,0.0,229393607.68880618,27669335.50256451,0.1206195,0.16515842031085198,0.2333315318839021,0.02814363292883122
950,0.7,0.06591814617341918,0.1292661,0.06591815,6.480724e+07,0.3824064,9.831473e+08,0.012972804475690375,0.0,32446982.207423307,4222041.791744087,0.1301212,0.023361123176990146,0.03523939183639736,0.0042944144569723175
951,0.7,0.06591814617341918,0.1292661,0.06591815,6.480724e+07,0.3824064,9.831473e+08,0.0,0.0,30209234.462396376,3623438.8277508756,0.1199447,0.02174999335368577,0.030727069889043113,0.0036855504642980498
952,0.7,0.06591814617341918,0.1292661,0.06591815,6.480724e+07,0.3824064,9.831473e+08,0.0,0.0,271762133.5667025,46791479.179682836,0.1721781,0.19566283965973635,0.27642057867086806,0.04759356125874393
953,0.7,0.06591814617341918,0.1292661,0.06591815,6.480724e+07,0.3824064,9.831473e+08,0.011945784937442357,0.0,114340198.3670934,27621127.08481226,0.2415697,0.08232246194914396,0.11835935621386491,0.028094598140367532
954,0.7,0.06591814617341918,0.1292661,0.06591815,6.480724e+07,0.3824064,9.831473e+08,0.0,0.0,480454480.7444085,57430350.13738128,0.1195334,0.34591680156434146,0.4886902522046324,0.0584147997732329
955,0.7,0.06591814617341918,0.1292661,0.06591815,6.480724e+07,0.3824064,9.831473e+08,0.0,0.0,171450904.3825324,20067079.209560364,0.1170427,0.1234409311313506,0.17438985182029063,0.02041106159471387
956,0.7,0.06591814617341918,0.1292661,0.06591815,6.480724e+07,0.3824064,9.831473e+08,1.272293404258397e-05,0.0,331819541.08048135,58327493.63109097,0.1757808,0.23890286998524063,0.33750966100154073,0.05932732176600409
957,0.7,0.06591814617341918,0.1292661,0.06591815,6.480724e+07,0.3824064,9.831473e+08,0.0007368904834727569,0.0,202581523.44182727,27791925.221940313,0.1371888,0.14585430140323258,0.20618112344717685,0.028268324035440603
958,0.7,0.06591814617341918,0.1292661,0.06591815,6.480724e+07,0.3824064,9.831473e+08,0.0,0.0,68095143.67620622,7846060.038189787,0.115222,0.04902702596516826,0.0692624052240628,0.007980554272144289
959,0.7,0.06591814617341918,0.1292661,0.06591815,6.480724e+07,0.3824064,9.831473e+08,0.0,0.0,98217794.87834385,12340296.807590535,0.1256422,0.07071468125009191,0.09990140767490242,0.012551829571529336
960,0.7,0.06591814617341918,0.1292661,0.06591815,6.480724e+07,0.3824064,9.831473e+08,0.0,0.0,116678576.64186879,16869611.152423535,0.1445819,0.08400604357045505,0.11867863727204085,0.0171587837330579
961,0.7,0.06591814617341918,0.1292661,0.06591815,6.480724e+07,0.3824064,9.831473e+08,4.6843398155211815e-05,0.0,13236037.41106547,2750207.326475942,0.2077818,0.009529659749510037,0.013470999359528883,0.0027973503544148127
962,0.7,0.06591814617341918,0.1292661,0.06591815,6.480724e+07,0.3824064,9.831473e+08,0.0,0.0,338311685.6222451,55959761.1367186,0.1654089,0.2435770731932132,0.3441108983193375,0.05691900248457047
963,0.7,0.06591814617341918,0.1292661,0.06591815,6.480724e+07,0.3824064,9.831473e+08,0.03185090696460206,4.6292898988419204e-48,87062894.1506691,11400197.540215574,0.1309421,0.06268339475754751,0.09404566360140802,0.011595615473246714
964,0.7,0.06591814617341918,0.1292661,0.06591815,6.480724e+07,0.3824064,9.831473e+08,1.0897549370781221e-07,0.0,230523909.66518793,28552599.890536495,0.1238596,0.1659722132093302,0.234475483305343,0.029042037905412182
965,0.7,0.06591814617341918,0.1292661,0.06591815,6.480724e+07,0.3824064,9.831473e+08,0.0,0.0,190485171.6828897,29250474.852812152,0.1535578,0.1371451905951374,0.19375039742937694,0.029751875579926906
966,0.7,0.06591814617341918,0.1292661,0.06591815,6.480724e+07,0.3824064,9.831473e+08,0.0,0.0,20268971.0694894,2601188.864250053,0.1283335,0.014593219387806784,0.020616414209583683,0.002645777473305485
967,0.7,0.06591814617341918,0.1292661,0.06591815,6.480724e+07,0.3824064,9.831473e+08,0.0,0.0,135979174.61455944,14582838.478548227,0.1072432,0.09790205533966168,0.13831007889448257,0.01483281205515969
968,0.7,0.06591814617341918,0.1292661,0.06591815,6.480724e+07,0.3824064,9.831473e+08,0.019168146401034328,0.0,89259845.91234267,13237542.330163933,0.1483034,0.06426515235800072,0.09409405607937091,0.013464455342104949
969,0.7,0.06591814617341918,0.1292661,0.06591815,6.480724e+07,0.3824064,9.831473e+08,0.00030276603883397065,0.0,205733311.4750547,40873410.24028113,0.1986718,0.14812352040182236,0.20931210510367412,0.04157404698950526
970,0.7,0.06591814617341918,0.1292661,0.06591815,6.480724e+07,0.3824064,9.831473e+08,0.0,0.0,281487114.56256264,42070425.31512047,0.1494577,0.20266461497079136,0.2863122616627484,0.04279158085017328
971,0.7,0.06591814617341918,0.1292661,0.06591815,6.480724e+07,0.3824064,9.831473e+08,0.0003786191993781994,0.0,305557794.31266516,43940603.30452088,0.1438046,0.2199949821217734,0.3108608173379855,0.04469381673293911
972,0.7,0.06591814617341918,0.1292661,0.06591815,6.480724e+07,0.3824064,9.831473e+08,0.0016095715413620142,0.0,35452689.16495188,5023369.157997898,0.1416922,0.02552516697064369,0.036337859353218704,0.005109477877978005
973,0.7,0.06591814617341918,0.1292661,0.06591815,6.480724e+07,0.3824064,9.831473e+08,0.0,0.0,274804859.47975355,33288366.287573908,0.1211346,0.1978535362981542,0.2795154618563358,0.0338589830432006
974,0.7,0.06591814617341918,0.1292661,0.06591815,6.480724e+07,0.3824064,9.831473e+08,0.0,0.0,223664057.79998538,36572249.08667245,0.1635142,0.16103326870674287,0.22749802363386198,0.03719915693608524
975,0.7,0.06591814617341918,0.1292661,0.06591815,6.480724e+07,0.3824064,9.831473e+08,2.8566148917271814e-06,0.0,348917759.01577514,48856879.5274702,0.1400241,0.2512132159132523,0.3548992694812936,0.049694365928730326
976,0.7,0.06591814617341918,0.1292661,0.06591815,6.480724e+07,0.3824064,9.831473e+08,5.006853492657855e-07,0.0,425707124.53479683,55693969.990514725,0.130827,0.30649989296398816,0.4330045235468364,0.05664865524570013
977,0.7,0.06591814617341918,0.1292661,0.06591815,6.480724e+07,0.3824064,9.831473e+08,0.0,0.0,508732337.4749862,65472256.707647696,0.1286969,0.3662762448568265,0.5174528374053394,0.06659455770563995
978,0.7,0.06591814617341918,0.1292661,0.06591815,6.480724e+07,0.3824064,9.831473e+08,0.0,0.0,44132445.409909435,5887655.26240641,0.1334088,0.03177440313961822,0.04488894732412548,0.005988579252339098
979,0.7,0.06591814617341918,0.1292661,0.06591815,6.480724e+07,0.3824064,9.831473e+08,7.079805262124976e-06,0.0,174129300.73034284,24533939.472947005,0.140895,0.1253693183877681,0.17711538063596277,0.024954491110232385
980,0.7,0.06591814617341918,0.1292661,0.06591815,6.480724e+07,0.3824064,9.831473e+08,0.0,0.0,155359176.71544316,20324199.967842378,0.1308207,0.11185523635831104,0.15802228576105867,0.020672589821107343
981,0.7,0.06591814617341918,0.1292661,0.06591815,6.480724e+07,0.3824064,9.831473e+08,0.006500873699662167,0.0015383819972700804,8823.754259356396,807.2248043227379,0.09148315,6.352911614971595e-06,0.0011295773403397994,0.00010222835131736348
982,0.7,0.06591814617341918,0.1292661,0.06591815,6.480724e+07,0.3824064,9.831473e+08,4.3391752388444853e-07,0.0,268917252.4930071,28937888.558281023,0.1076089,0.19361458701295306,0.27352700650466294,0.0294339310477551
983,0.7,0.06591814617341918,0.1292661,0.06591815,6.480724e+07,0.3824064,9.831473e+08,0.0,0.0,286741299.6889269,37342409.6749319,0.1302303,0.2064475142600702,0.2916565120703093,0.03798251932981594
984,0.7,0.06591814617341918,0.1292661,0.06591815,6.480724e+07,0.3824064,9.831473e+08,0.0004799187594756287,0.0,194174712.2930442,29089266.20867278,0.1498098,0.13980157978132826,0.19758590981474403,0.029587903557353665
985,0.7,0.06591814617341918,0.1292661,0.06591815,6.480724e+07,0.3824064,9.831473e+08,0.0,0.0,49853339.29725639,6654634.688078804,0.1334842,0.035893322610478166,0.050707906640129446,0.006768705953180505
986,0.7,0.06591814617341918,0.1292661,0.06591815,6.480724e+07,0.3824064,9.831473e+08,0.0026408165983113244,0.0,125913747.13479456,18837364.419729218,0.1496053,0.09065516594696947,0.12852733015322895,0.019160267492739323
987,0.7,0.06591814617341918,0.1292661,0.06591815,6.480724e+07,0.3824064,9.831473e+08,0.014641410185726086,0.0,35561607.33498082,5022187.557492479,0.141225,0.02560358568983281,0.038695036267261805,0.005108276022917556
988,0.7,0.06591814617341918,0.1292661,0.06591815,6.480724e+07,0.3824064,9.831473e+08,0.0010211314824716945,0.0,172144393.8382728,20256245.842360202,0.1176701,0.12394022849262537,0.17527124858781604,0.020603470851358583
989,0.7,0.06591814617341918,0.1292661,0.06591815,6.480724e+07,0.3824064,9.831473e+08,0.010303392581502025,0.0,19695597.788037084,2501640.41214942,0.1270152,0.014180403065821126,0.021809282224742012,0.002544522598778632
990,0.7,0.06591814617341918,0.1292661,0.06591815,6.480724e+07,0.3824064,9.831473e+08,0.002548971583251462,0.0,180901618.5168325,21065784.621790122,0.1164488,0.13024524025293652,0.18444195112604408,0.02142688644252152
991,0.7,0.06591814617341918,0.1292661,0.06591815,6.480724e+07,0.3824064,9.831473e+08,0.0,0.0,570755256.0475837,66945662.61583552,0.1172931,0.41093140049837,0.5805389297085025,0.06809322018820538
992,0.7,0.06591814617341918,0.1292661,0.06591815,6.480724e+07,0.3824064,9.831473e+08,0.030803440446617453,0.0001613321651705594,71717358.00126928,7009571.248767792,0.09773884,0.051634941686892824,0.07825652066282204,0.007140361421218733
993,0.7,0.06591814617341918,0.1292661,0.06591815,6.480724e+07,0.3824064,9.831473e+08,0.0,0.0,377220483.1104488,63506336.84464428,0.1683534,0.2715905631683314,0.38368665589793,0.06459493877779333
994,0.7,0.06591814617341918,0.1292661,0.06591815,6.480724e+07,0.3824064,9.831473e+08,0.03712010950617423,7.49358381581677e-08,60329376.1915004,7979421.562297759,0.1322643,0.04343584187247404,0.0677621799720821,0.00811620676937533
995,0.7,0.06591814617341918,0.1292661,0.06591815,6.480724e+07,0.3824064,9.831473e+08,0.0117847034774745,0.0,125365231.7029507,21832944.6761541,0.1741547,0.09026024673735333,0.12954560978870477,0.02220719686832415
996,0.7,0.06591814617341918,0.1292661,0.06591815,6.480724e+07,0.3824064,9.831473e+08,0.0,0.0,32675925.60174732,3353270.4897627793,0.1026221,0.023525957453446766,0.03323604412762789,0.0034107510014549803
997,0.7,0.06591814617341918,0.1292661,0.06591815,6.480724e+07,0.3824064,9.831473e+08,0.02257387541503622,0.0,79522210.64910549,12838434.729880543,0.1614446,0.057254266248997876,0.08477657189836185,0.013058506388237178
998,0.7,0.06591814617341918,0.1292661,0.06591815,6.480724e+07,0.3824064,9.831473e+08,0.001046674992124522,0.0,123845889.80557252,13952065.092443863,0.1126567,0.08916635353687896,0.1261492327366514,0.01419122618700063
999,0.7,0.06591814617341918,0.1292661,0.06591815,6.480724e+07,0.3824064,9.831473e+08,0.002816075586473209,0.0,91330064.88886039,12627684.564006073,0.1382643,0.06575566510290272,0.09338103798044574,0.012844143621646284
1000,0.7,0.06591814617341918,0.1292661,0.06591815,6.480724e+07,0.3824064,9.831473e+08,0.022010136257112404,0.0,85254397.09576946,13160654.792311624,0.1543692,0.06138131611754787,0.09050984157530685,0.013386249826764096
1001,0.7,0.06591814617341918,0.1292661,0.06591815,6.480724e+07,0.3824064,9.831473e+08,0.0003940502283511864,0.0,4584946.204023905,432222.53823905904,0.09426993,0.0033010617858806927,0.004731464911872476,0.00043963153573530356
1002,0.7,0.06591814617341918,0.1292661,0.06591815,6.480724e+07,0.3824064,9.831473e+08,0.0031827184960663934,0.0,97856655.17715378,12567690.915406816,0.1284296,0.07045466850099648,0.1000827055185308,0.01278312158430526
1003,0.7,0.06591814617341918,0.1292661,0.06591815,6.480724e+07,0.3824064,9.831473e+08,5.74339586388583e-05,0.0,219119666.63196778,30748694.98167559,0.1403283,0.15776140566685137,0.22288563451219798,0.03127577763928105
1004,0.7,0.06591814617341918,0.1292661,0.06591815,6.480724e+07,0.3824064,9.831473e+08,0.0,0.0,472398411.7201921,71541255.00343345,0.1514426,0.3401166066619632,0.4804960890507735,0.07276758850598085
1005,0.7,0.06591814617341918,0.1292661,0.06591815,6.480724e+07,0.3824064,9.831473e+08,0.0,0.0,52833694.806357026,9539882.968791978,0.1805644,0.03803911391132193,0.05373935029145147,0.009703412083488797
1006,0.7,0.06591814617341918,0.1292661,0.06591815,6.480724e+07,0.3824064,9.831473e+08,0.011593730378463096,9.909112603529026e-06,75869128.5994528,8364491.564225659,0.1102489,0.05462412643531548,0.07916814354596009,0.008508525748315284
1007,0.7,0.06591814617341918,0.1292661,0.06591815,6.480724e+07,0.3824064,9.831473e+08,0.001401591045324659,0.0,152756051.76675612,19847039.031262707,0.1299264,0.10998104287607523,0.15561614133980844,0.02018724956977276
1008,0.7,0.06591814617341918,0.1292661,0.06591815,6.480724e+07,0.3824064,9.831473e+08,0.00024137477665767219,7.933864576663678e-08,1421440.5721436734,212236.17237893335,0.1493106,0.001023406370501311,0.0014874138815464916,0.0002158794755209042
1009,0.7,0.06591814617341918,0.1292661,0.06591815,6.480724e+07,0.3824064,9.831473e+08,0.0038964111163191156,0.0,138412401.96670124,18630733.6054138,0.1346031,0.09965392623870638,0.14145666811643426,0.01895009469009505
1010,0.7,0.06591814617341918,0.1292661,0.06591815,6.480724e+07,0.3824064,9.831473e+08,3.5381972300394025e-05,0.0,291592634.31084573,43738706.28026214,0.1499994,0.20994036992692214,0.2965971055052902,0.044488458865214575
1011,0.7,0.06591814617341918,0.1292661,0.06591815,6.480724e+07,0.3824064,9.831473e+08,0.0006785413471047413,0.0,288285937.0582251,40142670.3778567,0.139246,0.2075596196514832,0.29334459208696106,0.040830781056984705
1012,0.7,0.06591814617341918,0.1292661,0.06591815,6.480724e+07,0.3824064,9.831473e+08,1.3289737841902328e-10,0.0,464844188.1800248,60414067.57156019,0.1299663,0.3346777296194014,0.4728123738519305,0.06144966297849861
1013,0.7,0.06591814617341918,0.1292661,0.06591815,6.480724e+07,0.3824064,9.831473e+08,0.025384279801004578,5.671747923532681e-06,44211416.08995357,6133338.674037309,0.1387275,0.031831260315798374,0.04934494247990441,0.006238847948460912
1014,0.7,0.06591814617341918,0.1292661,0.06591815,6.480724e+07,0.3824064,9.831473e+08,0.002582195282316545,0.0,21265739.7781272,2935970.065408272,0.138061,0.015310871230822549,0.022075380719042848,0.0029862973689132725
1015,0.7,0.06591814617341918,0.1292661,0.06591815,6.480724e+07,0.3824064,9.831473e+08,0.02998678888790216,0.0,87449286.98341538,14390805.206476867,0.1645617,0.0629615892134383,0.09411734840243202,0.014637487020382551
1016,0.7,0.06591814617341918,0.1292661,0.06591815,6.480724e+07,0.3824064,9.831473e+08,0.0,0.0,23973712.329937845,3632302.8740952495,0.1515119,0.01726055271239601,0.024384660762548166,0.003694566454817847
1017,0.7,0.06591814617341918,0.1292661,0.06591815,6.480724e+07,0.3824064,9.831473e+08,0.0,0.0,137010243.835455,22170683.14645779,0.1618177,0.09864440280727406,0.13935882231928984,0.022550724725481797
1018,0.7,0.06591814617341918,0.1292661,0.06591815,6.480724e+07,0.3824064,9.831473e+08,0.0,0.0,34095338.63274164,4953879.418394332,0.1452949,0.024547904038312737,0.03467978820724271,0.005038796971183494
1019,0.7,0.06591814617341918,0.1292661,0.06591815,6.480724e+07,0.3824064,9.831473e+08,0.0006004032611108834,5.023533137310347e-08,56538110.18660408,6347391.065799331,0.1122675,0.040706212609236875,0.05761076120434684,0.006456198986774757
1020,0.7,0.06591814617341918,0.1292661,0.06591815,6.480724e+07,0.3824064,9.831473e+08,5.275763943738148e-09,0.0,308349103.87924486,40201593.75271777,0.1303769,0.2220046644457912,0.31363471008800625,0.040890714474354425
1021,0.7,0.06591814617341918,0.1292661,0.06591815,6.480724e+07,0.3824064,9.831473e+08,5.985752058907826e-07,0.0,425305420.70349634,63870290.07443408,0.1501751,0.3062106749213459,0.43259595073230633,0.06496513075806395
1022,0.7,0.06591814617341918,0.1292661,0.06591815,6.480724e+07,0.3824064,9.831473e+08,0.04895159953777844,1.194922594127788e-81,65159082.46103876,12962325.163940253,0.1989335,0.04691312559488919,0.07471415425464502,0.013184520505896306
1023,0.7,0.06591814617341918,0.1292661,0.06591815,6.480724e+07,0.3824064,9.831473e+08,0.0,0.0,444661466.35377157,62330185.066411205,0.1401745,0.32014660781534776,0.45228368731502405,0.0633986258445783
1024,0.7,0.06591814617341918,0.1292661,0.06591815,6.480724e+07,0.3824064,9.831473e+08,0.01206862232990125,0.0006594815439192408,6214059.459360431,696785.887006452,0.1121305,0.004473987982341484,0.008400933737223669,0.0007522017315343067
1025,0.7,0.06591814617341918,0.1292661,0.06591815,6.480724e+07,0.3824064,9.831473e+08,0.0017568663236808956,0.0,91326867.678053,12603098.945521595,0.1379999,0.0657533631804923,0.09319520244925632,0.012819136565662186
1026,0.7,0.06591814617341918,0.1292661,0.06591815,6.480724e+07,0.3824064,9.831473e+08,2.882722337239162e-07,0.0,368305571.28533286,39917371.87147658,0.1083811,0.26517202008388724,0.3746189776718542,0.040601620567662935
1027,0.7,0.06591814617341918,0.1292661,0.06591815,6.480724e+07,0.3824064,9.831473e+08,7.193513757179946e-05,0.0,139738718.79385749,19684410.63310901,0.1408658,0.10060884557674649,0.1421464677542705,0.020021833456291566
1028,0.7,0.06591814617341918,0.1292661,0.06591815,6.480724e+07,0.3824064,9.831473e+08,0.0001737775772745421,0.0,225871430.73671702,28121887.660079177,0.124504,0.16262252932712637,0.2297731898241783,0.02860394256659115
1029,0.7,0.06591814617341918,0.1292661,0.06591815,6.480724e+07,0.3824064,9.831473e+08,0.0016443623368229186,0.0,208582877.27434206,27646091.797281258,0.1325425,0.1501751459493859,0.21244177769501807,0.0281199907886238
1030,0.7,0.06591814617341918,0.1292661,0.06591815,6.480724e+07,0.3824064,9.831473e+08,0.0651148845239357,0.04193496799736123,54174.64412887626,6774.695130194321,0.1250529,3.900456832853754e-05,0.011279424023784125,0.0027711661746543156
1031,0.7,0.06591814617341918,0.1292661,0.06591815,6.480724e+07,0.3824064,9.831473e+08,0.0,0.0,354795030.29204607,48209111.52063511,0.1358788,0.2554447237111682,0.3608767943338367,0.049035494124392356
1032,0.7,0.06591814617341918,0.1292661,0.06591815,6.480724e+07,0.3824064,9.831473e+08,0.00023701150990276188,0.0,225545222.02593857,27635453.124562405,0.1225273,0.16238766613321864,0.22945228945292034,0.028109169751746294
1033,0.7,0.06591814617341918,0.1292661,0.06591815,6.480724e+07,0.3824064,9.831473e+08,6.30621295625875e-07,0.0,23150324.511053838,2765758.10493054,0.1194695,0.016667731348103405,0.023547267441589734,0.0028131676985119715
1034,0.7,0.06591814617341918,0.1292661,0.06591815,6.480724e+07,0.3824064,9.831473e+08,0.013519456646171915,0.011474773341294472,84370.93407369492,10550.00339638948,0.1250431,6.074524191042862e-05,0.0024162631188485288,0.0007671266340369014
1035,0.7,0.06591814617341918,0.1292661,0.06591815,6.480724e+07,0.3824064,9.831473e+08,0.1035130455638784,0.0061496999318418726,17133020.396608572,1860230.125040144,0.1085757,0.012335402945038381,0.03526999603046559,0.0022974943148558837
1036,0.7,0.06591814617341918,0.1292661,0.06591815,6.480724e+07,0.3824064,9.831473e+08,0.0087871511132456,0.004248315536966376,28708.213252689373,3589.53088697156,0.125035,2.066929065082493e-05,0.0015439047245001016,0.0002836921458428057
1037,0.7,0.06591814617341918,0.1292661,0.06591815,6.480724e+07,0.3824064,9.831473e+08,0.0,0.0,404909080.39748764,56443197.585762486,0.1393972,0.2915257524468155,0.4118498807895588,0.05741072582086265
1038,0.7,0.06591814617341918,0.1292661,0.06591815,6.480724e+07,0.3824064,9.831473e+08,1.281450888161861e-06,0.0,292542237.9532756,36183296.41816661,0.1236857,0.21062406394562347,0.29755710874706415,0.036803536986046936
1039,0.7,0.06591814617341918,0.1292661,0.06591815,6.480724e+07,0.3824064,9.831473e+08,0.0010315962040398968,0.0,209747102.1539063,28465100.59078083,0.1357115,0.15101336260211962,0.2135203323798045,0.02895303872530448
1040,0.7,0.06591814617341918,0.1292661,0.06591815,6.480724e+07,0.3824064,9.831473e+08,0.0,0.0,146151683.86101574,22815955.265100803,0.1561115,0.10522604128098502,0.14865696149926624,0.023207057858043476
1041,0.7,0.06591814617341918,0.1292661,0.06591815,6.480724e+07,0.3824064,9.831473e+08,0.0,0.0,146402371.19427636,20383832.53196906,0.1392316,0.10540653072169093,0.1489119460212668,0.020733244584400477
1042,0.7,0.06591814617341918,0.1292661,0.06591815,6.480724e+07,0.3824064,9.831473e+08,8.48632840910544e-07,0.0,85839822.05924487,11676319.142308304,0.1360245,0.06180280938910103,0.08731140254867496,0.011876470248826647
1043,0.7,0.06591814617341918,0.1292661,0.06591815,6.480724e+07,0.3824064,9.831473e+08,0.0,0.0,459681244.34220964,60819473.41588326,0.1323079,0.33096052207818705,0.46756092873413807,0.06186201813855563
1044,0.7,0.06591814617341918,0.1292661,0.06591815,6.480724e+07,0.3824064,9.831473e+08,6.298913341649664e-05,0.0,204249459.5456492,21511153.616988715,0.105318,0.1470551792082513,0.20776148546921647,0.021879889786876855
1045,0.7,0.06591814617341918,0.1292661,0.06591815,6.480724e+07,0.3824064,9.831473e+08,0.0,0.0,512967429.667006,59996435.97206899,0.1169595,0.36932541934495655,0.5217605259676801,0.06102487249393957
1046,0.7,0.06591814617341918,0.1292661,0.06591815,6.480724e+07,0.3824064,9.831473e+08,0.003693300659253203,0.0,230944099.63366017,28472888.533195153,0.1232891,0.1662747408696366,0.23553949801334326,0.02896096016572213
1047,0.7,0.06591814617341918,0.1292661,0.06591815,6.480724e+07,0.3824064,9.831473e+08,0.06717759528904127,0.0010689824647973393,16172007.792737506,2296027.9571402958,0.1419754,0.01164349472164324,0.028029107337793298,0.0024058509541472857
1048,0.7,0.06591814617341918,0.1292661,0.06591815,6.480724e+07,0.3824064,9.831473e+08,5.092122444568809e-05,0.0,52483891.698895544,7690847.876543145,0.1465373,0.03778726326373745,0.053392328647143134,0.007822681521529491
1049,0.7,0.06591814617341918,0.1292661,0.06591815,6.480724e+07,0.3824064,9.831473e+08,0.0,0.0,87873385.31987776,13180610.198633771,0.1499955,0.06326693081389652,0.08937967810709334,0.013406547301216425
1050,0.7,0.06591814617341918,0.1292661,0.06591815,6.480724e+07,0.3824064,9.831473e+08,0.0,0.0,636846604.441857,85642931.3997967,0.1344797,0.45851573733752155,0.6477631913394885,0.08711099057805542
1051,0.7,0.06591814617341918,0.1292661,0.06591815,6.480724e+07,0.3824064,9.831473e+08,2.9090753264753567e-09,0.0,416277636.37451047,48511837.0739003,0.1165372,0.2997108660831455,0.42341331281319966,0.0493434088861503
1052,0.7,0.06591814617341918,0.1292661,0.06591815,6.480724e+07,0.3824064,9.831473e+08,0.0011244183255439825,0.0,263142207.53171125,35868639.11377941,0.136309,0.18945667994378274,0.26784671714962377,0.03648348594354076
1053,0.7,0.06591814617341918,0.1292661,0.06591815,6.480724e+07,0.3824064,9.831473e+08,0.0,0.0,165026801.4260437,20952438.581756625,0.1269639,0.11881571638845642,0.167855629287636,0.021311597466957082
1054,0.7,0.06591814617341918,0.1292661,0.06591815,6.480724e+07,0.3824064,9.831473e+08,1.674792327471606e-05,0.0,240030113.10120857,39916548.33289521,0.1662981,0.1728164734241861,0.2441475067091167,0.040600782912290447
1055,0.7,0.06591814617341918,0.1292661,0.06591815,6.480724e+07,0.3824064,9.831473e+08,0.029820615523279387,0.0,73529641.20942551,9366933.742202688,0.1273899,0.05293974627508786,0.07993045275631332,0.009527498225781477
1056,0.7,0.06591814617341918,0.1292661,0.06591815,6.480724e+07,0.3824064,9.831473e+08,0.0,0.0,369081486.4580948,48610680.22098454,0.1317072,0.26573066217300084,0.37540814360147073,0.04944394636558531
1057,0.7,0.06591814617341918,0.1292661,0.06591815,6.480724e+07,0.3824064,9.831473e+08,0.0,0.0,53605151.234288365,7174315.875257563,0.1338363,0.0385945458009003,0.05452403073765426,0.007297295321386426
1058,0.7,0.06591814617341918,0.1292661,0.06591815,6.480724e+07,0.3824064,9.831473e+08,0.07305338040672604,0.0017071297981419624,20559911.975657757,2074706.6252728063,0.1009103,0.014802690527611864,0.03350507865728529,0.002222801303779415
1059,0.7,0.06591814617341918,0.1292661,0.06591815,6.480724e+07,0.3824064,9.831473e+08,5.574635771213101e-05,0.0,223592924.98421514,35478210.19609397,0.1586732,0.1609820546227793,0.227435280886326,0.03608636443901018
1060,0.7,0.06591814617341918,0.1292661,0.06591815,6.480724e+07,0.3824064,9.831473e+08,0.0,0.0,229142558.41447693,26263782.45075012,0.1146177,0.1649776702804298,0.23307043466195973,0.026713986410988523
1061,0.7,0.06591814617341918,0.1292661,0.06591815,6.480724e+07,0.3824064,9.831473e+08,0.04570962571201999,0.020677672077378646,1169130.8484812686,96626.29695420135,0.08264797,0.0008417488439076272,0.009068468431023916,0.0014613164394097764
1062,0.7,0.06591814617341918,0.1292661,0.06591815,6.480724e+07,0.3824064,9.831473e+08,0.0,0.0,130245353.12573975,19806230.59149119,0.1520686,0.0937738282762356,0.1324779703768845,0.020145741606951557
1063,0.7,0.06591814617341918,0.1292661,0.06591815,6.480724e+07,0.3824064,9.831473e+08,0.06844062712169638,0.00010120508189514341,21228554.25554096,4158092.033785778,0.1958726,0.015284098461386406,0.033390049110135996,0.004236039747503419
1064,0.7,0.06591814617341918,0.1292661,0.06591815,6.480724e+07,0.3824064,9.831473e+08,8.485247889894451e-05,0.0,82446450.8038684,11091938.149933584,0.1345351,0.05935965571227092,0.08387434373606821,0.011282072015502399
1065,0.7,0.06591814617341918,0.1292661,0.06591815,6.480724e+07,0.3824064,9.831473e+08,1.1376940599089704e-05,0.0,265448331.55391726,33370790.333163425,0.1257148,0.1911170392030745,0.2700005089445794,0.03394281997102872
1066,0.7,0.06591814617341918,0.1292661,0.06591815,6.480724e+07,0.3824064,9.831473e+08,0.013659121690953322,0.00538860898031501,229072.61570008323,20791.29857748443,0.09076292,0.00016492731304363538,0.002587520290497817,0.0003763548096966541
1067,0.7,0.06591814617341918,0.1292661,0.06591815,6.480724e+07,0.3824064,9.831473e+08,4.558638247057984e-08,0.0,324858284.28680974,34535165.2600676,0.1063084,0.23389091613437013,0.3304268916554783,0.0351271541785231
1068,0.7,0.06591814617341918,0.1292661,0.06591815,6.480724e+07,0.3824064,9.831473e+08,0.0,0.0,517514786.4127415,72302844.68533166,0.1397116,0.3725994175364598,0.5263858318062161,0.0735422330740711
1069,0.7,0.06591814617341918,0.1292661,0.06591815,6.480724e+07,0.3824064,9.831473e+08,0.0,0.0,290682371.6291385,41217820.87776547,0.1417968,0.209285000546348,0.2956651403953789,0.04192436138564411
1070,0.7,0.06591814617341918,0.1292661,0.06591815,6.480724e+07,0.3824064,9.831473e+08,0.0,0.0,441322615.54454714,59271828.906908765,0.134305,0.3177427076767999,0.4488876031708915,0.06028784448480589
1071,0.7,0.06591814617341918,0.1292661,0.06591815,6.480724e+07,0.3824064,9.831473e+08,0.0,0.0,82897118.35088092,9173422.224434894,0.1106603,0.059684126567844754,0.08431810982626729,0.009330669605771683
1072,0.7,0.06591814617341918,0.1292661,0.06591815,6.480724e+07,0.3824064,9.831473e+08,0.0,0.0,603085395.1091027,93987310.63925624,0.1558441,0.4342083991454915,0.6134232599520361,0.09559840605330394
1073,0.7,0.06591814617341918,0.1292661,0.06591815,6.480724e+07,0.3824064,9.831473e+08,0.015960942295319108,2.5354484325107344e-05,37952756.48872567,4353900.671227082,0.114719,0.027325161199015582,0.041354630843185046,0.004430204932777191
1074,0.7,0.06591814617341918,0.1292661,0.06591815,6.480724e+07,0.3824064,9.831473e+08,0.0280446552331682,2.418684120407326e-05,59265288.73134058,6775827.067839255,0.1143304,0.042669721988998495,0.06511545102772642,0.006893570119234133
1075,0.7,0.06591814617341918,0.1292661,0.06591815,6.480724e+07,0.3824064,9.831473e+08,0.019702960952597798,2.1112407964516136e-05,38612417.443490274,4356838.630473174,0.1128352,0.027800102773575364,0.042670638116211475,0.004432913623614965
1076,0.7,0.06591814617341918,0.1292661,0.06591815,6.480724e+07,0.3824064,9.831473e+08,0.015526567578178326,0.0,41117930.04805757,6299233.79059109,0.1531992,0.02960401748597062,0.044499184334211066,0.00640721290610157
1077,0.7,0.06591814617341918,0.1292661,0.06591815,6.480724e+07,0.3824064,9.831473e+08,0.058707032112985225,4.160485831136472e-06,20016422.57376312,3911394.7001432674,0.1954093,0.014411389950507822,0.030479289775544396,0.003978716620337141
1078,0.7,0.06591814617341918,0.1292661,0.06591815,6.480724e+07,0.3824064,9.831473e+08,0.0,0.0,113074736.50127852,15859732.133382864,0.1402588,0.08141135686288045,0.1150130214482868,0.016131593744640054
1079,0.7,0.06591814617341918,0.1292661,0.06591815,6.480724e+07,0.3824064,9.831473e+08,0.004782582126981915,0.0,92094907.22335814,10514615.910394145,0.1141715,0.06630633498871696,0.0944979718259469,0.010694853533521044
1080,0.7,0.06591814617341918,0.1292661,0.06591815,6.480724e+07,0.3824064,9.831473e+08,8.57046110989227e-05,0.0,114536870.13823043,15205622.001222849,0.1327574,0.08246406135711348,0.11651499195446992,0.015466271100630966
1081,0.7,0.06591814617341918,0.1292661,0.06591815,6.480724e+07,0.3824064,9.831473e+08,0.016801334519087642,0.0,67503287.5758502,8299674.38022246,0.1229522,0.04860090241459946,0.07155657055840355,0.00844194430199295
1082,0.7,0.06591814617341918,0.1292661,0.06591815,6.480724e+07,0.3824064,9.831473e+08,0.0,0.0,302843381.4306538,48488172.94113658,0.1601097,0.21804066374219327,0.3080346096898635,0.0493193391116514
1083,0.7,0.06591814617341918,0.1292661,0.06591815,6.480724e+07,0.3824064,9.831473e+08,1.0898971081694065e-05,0.0,411737828.3328301,47838697.10719069,0.1161873,0.2964423027947753,0.41879756330832413,0.04865873020526745
1084,0.7,0.06591814617341918,0.1292661,0.06591815,6.480724e+07,0.3824064,9.831473e+08,0.0,0.0,377404337.8426717,45632866.22883949,0.1209124,0.2717229345863781,0.38387366219937985,0.04641508779695433
1085,0.7,0.06591814617341918,0.1292661,0.06591815,6.480724e+07,0.3824064,9.831473e+08,0.04655967407398289,0.002970276432501287,4612299.789711987,600180.4837765186,0.1301261,0.003320755774076779,0.012717187836574355,0.0008062636697662394
1086,0.7,0.06591814617341918,0.1292661,0.06591815,6.480724e+07,0.3824064,9.831473e+08,7.283153271340184e-05,0.0,61543030.65934071,5841542.947446945,0.09491803,0.044309646756277236,0.06261053282519395,0.0059416764972802525
1087,0.7,0.06591814617341918,0.1292661,0.06591815,6.480724e+07,0.3824064,9.831473e+08,2.931095244790857e-06,0.0,253590734.00503954,34076459.253163114,0.1343758,0.18257982624589741,0.25793819701129095,0.034660585204383
1088,0.7,0.06591814617341918,0.1292661,0.06591815,6.480724e+07,0.3824064,9.831473e+08,0.01405314079623811,6.6990774079338986e-06,91941223.55660239,10030644.990917552,0.1090985,0.06619568608317557,0.09593968661239001,0.010203028155867202
1089,0.7,0.06591814617341918,0.1292661,0.06591815,6.480724e+07,0.3824064,9.831473e+08,0.0,0.0,409881094.0712254,59893694.39483782,0.1461246,0.29510549441256584,0.41690712286672527,0.060920369758922496
1090,0.7,0.06591814617341918,0.1292661,0.06591815,6.480724e+07,0.3824064,9.831473e+08,1.5265448549415398e-09,0.0,196682658.79751375,20641190.45124488,0.1049467,0.14160724684884404,0.20005411981909338,0.020995014037113034
1091,0.7,0.06591814617341918,0.1292661,0.06591815,6.480724e+07,0.3824064,9.831473e+08,0.031132536192225505,0.0010475592318396716,12299667.971515562,1642340.89200135,0.1335273,0.00885549406973566,0.017877043357669386,0.001739546449414693
1092,0.7,0.06591814617341918,0.1292661,0.06591815,6.480724e+07,0.3824064,9.831473e+08,8.545676239742114e-05,0.0,187629003.93420526,23161466.745266348,0.1234429,0.1350888117872525,0.19086000111518728,0.023558491967098062
1093,0.7,0.06591814617341918,0.1292661,0.06591815,6.480724e+07,0.3824064,9.831473e+08,0.0,0.0,178909884.8806956,26859081.833914183,0.1501263,0.12881123525018767,0.18197669137934544,0.027319490194083574
1094,0.7,0.06591814617341918,0.1292661,0.06591815,6.480724e+07,0.3824064,9.831473e+08,5.421631453403112e-05,0.0,343461002.9958082,49814018.75891474,0.1450354,0.24728446997582376,0.34935782902608514,0.05066791208378931
1095,0.7,0.06591814617341918,0.1292661,0.06591815,6.480724e+07,0.3824064,9.831473e+08,0.0066351835230828325,0.0,199656241.0232028,23055559.3000261,0.1154763,0.14374816153259354,0.2042224281011208,0.02345076909594362
1096,0.7,0.06591814617341918,0.1292661,0.06591815,6.480724e+07,0.3824064,9.831473e+08,1.5005417750048979e-06,0.0,92036440.13331553,13147419.773424465,0.1428502,0.0662642399524651,0.09361435311215689,0.013372787938120915
1097,0.7,0.06591814617341918,0.1292661,0.06591815,6.480724e+07,0.3824064,9.831473e+08,3.8022212540302844e-06,0.0,173950436.43921527,18753737.174606785,0.1078108,0.1252405399790309,0.17693288533917056,0.01907520674058078
1098,0.7,0.06591814617341918,0.1292661,0.06591815,6.480724e+07,0.3824064,9.831473e+08,0.0,0.0,375344177.8929431,53583846.582449414,0.1427592,0.2702396641225104,0.38177818775640066,0.054502360889421855
1099,0.7,0.06591814617341918,0.1292661,0.06591815,6.480724e+07,0.3824064,9.831473e+08,2.5295008151835697e-08,0.0,477333075.4146227,77524071.36862999,0.1624109,0.34366945745300664,0.4855153452695046,0.07885296007723125
1100,0.7,0.06591814617341918,0.1292661,0.06591815,6.480724e+07,0.3824064,9.831473e+08,0.020100549695267537,0.00738514811933843,117881.75455707895,14737.29786551902,0.1250176,8.487230556367759e-05,0.003584778687827632,0.0005018051923702183
1101,0.7,0.06591814617341918,0.1292661,0.06591815,6.480724e+07,0.3824064,9.831473e+08,0.00012437331535448533,0.0,185229502.68573198,34229171.21719473,0.1847933,0.13336122295108327,0.1884260768375157,0.03481591489992803
1102,0.7,0.06591814617341918,0.1292661,0.06591815,6.480724e+07,0.3824064,9.831473e+08,8.277375336483071e-05,0.0,244678204.29146945,38211168.23481702,0.1561691,0.17616299823008083,0.24888665509141789,0.03886616982481683
1103,0.7,0.06591814617341918,0.1292661,0.06591815,6.480724e+07,0.3824064,9.831473e+08,0.0,0.0,295090231.7740582,32902646.081308134,0.1115003,0.21245856421196546,0.3001485584344115,0.033466650965064106
1104,0.7,0.06591814617341918,0.1292661,0.06591815,6.480724e+07,0.3824064,9.831473e+08,0.0,0.0,227477930.85984018,27985988.787621222,0.1230273,0.16377917455903776,0.2313772726828232,0.02846571416636288
1105,0.7,0.06591814617341918,0.1292661,0.06591815,6.480724e+07,0.3824064,9.831473e+08,0.0015785136771727418,0.0,76992650.51417825,10831717.295324469,0.1406851,0.05543303783651027,0.07858452955478422,0.011017390552087171
1106,0.7,0.06591814617341918,0.1292661,0.06591815,6.480724e+07,0.3824064,9.831473e+08,0.02986605432084504,0.0,75799918.7147632,10687681.978665266,0.1409986,0.054574296820007556,0.08224747912383208,0.010870886235766713
1107,0.7,0.06591814617341918,0.1292661,0.06591815,6.480724e+07,0.3824064,9.831473e+08,0.011794968997168902,2.348258811378454e-06,79180449.4797242,10842839.753539355,0.1369383,0.05700820562234268,0.082570914800723,0.011028858460198776
1108,0.7,0.06591814617341918,0.1292661,0.06591815,6.480724e+07,0.3824064,9.831473e+08,0.0,0.0,260495269.6538619,38593966.47534621,0.1481561,0.18755094210317294,0.2649605823802925,0.03925552984997022
1109,0.7,0.06591814617341918,0.1292661,0.06591815,6.480724e+07,0.3824064,9.831473e+08,2.282341194029247e-05,0.0,238644531.8825505,29568357.296925377,0.1239013,0.17181888501014278,0.2427392216497994,0.03007520704630105
1110,0.7,0.06591814617341918,0.1292661,0.06591815,6.480724e+07,0.3824064,9.831473e+08,0.0,0.0,510416650.8515023,61927638.058252424,0.1213276,0.3674889139428422,0.5191660226533695,0.06298917852578852
1111,0.7,0.06591814617341918,0.1292661,0.06591815,6.480724e+07,0.3824064,9.831473e+08,0.0,0.0,363925377.32260627,53687059.86870674,0.1475222,0.262018375469167,0.3701636503668308,0.05460734341932523
1112,0.7,0.06591814617341918,0.1292661,0.06591815,6.480724e+07,0.3824064,9.831473e+08,0.033493469708966335,1.0481322940372955e-05,30273520.88434,4608363.585770709,0.1522242,0.02179627818264251,0.036565968433785324,0.00468804934444029
1113,0.7,0.06591814617341918,0.1292661,0.06591815,6.480724e+07,0.3824064,9.831473e+08,7.32469551517434e-05,0.0,183863744.96219784,30686754.87980186,0.1668994,0.1323779070234126,0.18702809478638246,0.03121277578328971
1114,0.7,0.06591814617341918,0.1292661,0.06591815,6.480724e+07,0.3824064,9.831473e+08,0.0,0.0,445569260.85104,67467895.53438194,0.1514195,0.320800200156679,0.4532070428868833,0.06862440502860608
1115,0.7,0.06591814617341918,0.1292661,0.06591815,6.480724e+07,0.3824064,9.831473e+08,2.6350242213426242e-18,0.0,253397041.31427476,39601621.607436106,0.1562829,0.18244037171115784,0.2577406788587261,0.04028045783039687
1116,0.7,0.06591814617341918,0.1292661,0.06591815,6.480724e+07,0.3824064,9.831473e+08,9.640118821172127e-07,0.0,427041646.30484104,72524399.41242632,0.1698298,0.3074607196828824,0.43436200105810246,0.07376758560963964
1117,0.7,0.06591814617341918,0.1292661,0.06591815,6.480724e+07,0.3824064,9.831473e+08,0.008324980164420796,0.0,89359877.94597477,17642587.88697008,0.197433,0.0643371732517894,0.09232668831210343,0.017945010546404693
1118,0.7,0.06591814617341918,0.1292661,0.06591815,6.480724e+07,0.3824064,9.831473e+08,0.0,0.0,87115881.9242914,9327671.550803147,0.107072,0.06272154480486322,0.08860918987091038,0.009487563016544964
1119,0.7,0.06591814617341918,0.1292661,0.06591815,6.480724e+07,0.3824064,9.831473e+08,6.291855253534548e-11,2.2207252444022673e-19,588559195.8737284,63384253.491527356,0.1076939,0.42374985087552497,0.5986480580396714,0.06447076271738432
1120,0.7,0.06591814617341918,0.1292661,0.06591815,6.480724e+07,0.3824064,9.831473e+08,1.4366674792645144e-07,0.0,452212668.4552537,85290980.9130132,0.1886081,0.3255833094876134,0.45996435407058583,0.08675300708733372
1121,0.7,0.06591814617341918,0.1292661,0.06591815,6.480724e+07,0.3824064,9.831473e+08,0.044722270801033324,0.016613714905565517,1037668.5478548539,94597.52677835773,0.09116353,0.0007470988398353974,0.00876455518886074,0.0011913643699183823
1122,0.7,0.06591814617341918,0.1292661,0.06591815,6.480724e+07,0.3824064,9.831473e+08,0.0,0.0,177729969.3105364,23320976.48382839,0.1312158,0.1279617216406714,0.18077655013668728,0.023720735962088395
1123,0.7,0.06591814617341918,0.1292661,0.06591815,6.480724e+07,0.3824064,9.831473e+08,0.0,0.0,481133490.6228344,63707053.64824798,0.1324103,0.3464056739441177,0.48938090141706825,0.06479909619396068
1124,0.7,0.06591814617341918,0.1292661,0.06591815,6.480724e+07,0.3824064,9.831473e+08,3.380930877251116e-08,0.0,267314316.8790026,26702241.891052276,0.0998908,0.1924605081502668,0.2718965249968595,0.027159961759435216
1125,0.7,0.06591814617341918,0.1292661,0.06591815,6.480724e+07,0.3824064,9.831473e+08,0.03013417517726676,0.0008259679355990826,3729984.643316284,613386.2561126552,0.1644474,0.00268550801254047,0.008988367049961699,0.000678346969585228
1126,0.7,0.06591814617341918,0.1292661,0.06591815,6.480724e+07,0.3824064,9.831473e+08,0.0018213555187196228,0.0,213208953.43539917,31407003.46181165,0.1473062,0.15350582041192093,0.2171776619148425,0.03194537059778086
1127,0.7,0.06591814617341918,0.1292661,0.06591815,6.480724e+07,0.3824064,9.831473e+08,8.737446990241732e-06,0.0,268638320.7334067,39779202.64234781,0.1480772,0.19341376219811068,0.27324472473996964,0.04046108289315683
1128,0.7,0.06591814617341918,0.1292661,0.06591815,6.480724e+07,0.3824064,9.831473e+08,0.0,0.0,433093835.2655791,53365703.0283032,0.1232197,0.3118181644183708,0.4405177682103874,0.054280477999855796
1129,0.7,0.06591814617341918,0.1292661,0.06591815,6.480724e+07,0.3824064,9.831473e+08,0.00014839798973237343,0.0,172419309.32229975,23132530.903035052,0.1341644,0.12413816167619723,0.17540043722452336,0.023529060117454665
1130,0.7,0.06591814617341918,0.1292661,0.06591815,6.480724e+07,0.3824064,9.831473e+08,0.07871674685835604,0.02652274250054908,1394430.4235541238,145101.16649657037,0.1040577,0.0010039596495645048,0.014987304758330643,0.0018959184536292398
1131,0.7,0.06591814617341918,0.1292661,0.06591815,6.480724e+07,0.3824064,9.831473e+08,4.196303983657129e-05,0.0,97873729.9701073,9520310.292241694,0.09727135,0.07046696198144586,0.09955867840521035,0.009683503899419294
1132,0.7,0.06591814617341918,0.1292661,0.06591815,6.480724e+07,0.3824064,9.831473e+08,0.0,0.0,66183021.40741321,9339366.24418238,0.1411142,0.04765033941955417,0.06731750606871566,0.00949945817599503
1133,0.7,0.06591814617341918,0.1292661,0.06591815,6.480724e+07,0.3824064,9.831473e+08,0.0,0.0,57685117.83266852,7128215.623582068,0.1235711,0.041532033227418455,0.05867393460130363,0.007250404836395862
1134,0.7,0.06591814617341918,0.1292661,0.06591815,6.480724e+07,0.3824064,9.831473e+08,8.428657138003339e-05,0.0,275377516.60322183,42411535.830170654,0.1540123,0.19826583700193007,0.2801124643367882,0.04313853855441041
1135,0.7,0.06591814617341918,0.1292661,0.06591815,6.480724e+07,0.3824064,9.831473e+08,0.0016618295241356811,0.0,107722315.85328272,14202809.312798213,0.1318465,0.07755773012947383,0.10985531310393618,0.014446268571232254
1136,0.7,0.06591814617341918,0.1292661,0.06591815,6.480724e+07,0.3824064,9.831473e+08,0.01219799449006401,0.0,47815071.12872772,7438948.231855259,0.1555775,0.034425813754081575,0.05073735523732542,0.007566463907111473
1137,0.7,0.06591814617341918,0.1292661,0.06591815,6.480724e+07,0.3824064,9.831473e+08,0.0,0.0,126909527.23301686,20256727.240140755,0.1596155,0.09137210601193627,0.1290849630012436,0.02060396050108029
1138,0.7,0.06591814617341918,0.1292661,0.06591815,6.480724e+07,0.3824064,9.831473e+08,1.1296376423155445e-08,0.0,548119508.0186213,67078809.06280749,0.1223799,0.39463415305244504,0.5575151700790449,0.06822864898189687
1139,0.7,0.06591814617341918,0.1292661,0.06591815,6.480724e+07,0.3824064,9.831473e+08,0.0,0.0,69258509.89897417,10348538.44309376,0.149419,0.04986462440363919,0.07044571343659098,0.010525929228236633
1140,0.7,0.06591814617341918,0.1292661,0.06591815,6.480724e+07,0.3824064,9.831473e+08,0.002302249388389723,0.0,37569397.64315419,5786453.20033061,0.1540204,0.027049151148061286,0.03861025351840933,0.005885642422271816
1141,0.7,0.06591814617341918,0.1292661,0.06591815,6.480724e+07,0.3824064,9.831473e+08,0.0,0.0,557116730.1232792,78980393.75729541,0.1417663,0.40111195775224745,0.5666666172610858,0.08033424620095618
1142,0.7,0.06591814617341918,0.1292661,0.06591815,6.480724e+07,0.3824064,9.831473e+08,8.187429187954877e-07,0.0,398598220.33959323,56591204.166542225,0.1419756,0.2869820701338425,0.40543098345562,0.05756126947523159
1143,0.7,0.06591814617341918,0.1292661,0.06591815,6.480724e+07,0.3824064,9.831473e+08,0.0,0.0,274621979.9554111,31981467.69796425,0.1164563,0.19772186700862204,0.279329447479416,0.032529682085547594
1144,0.7,0.06591814617341918,0.1292661,0.06591815,6.480724e+07,0.3824064,9.831473e+08,0.0,0.0,468216476.99569607,67286605.01032089,0.1437083,0.3371057043970761,0.4762424691614328,0.06844000689001771
1145,0.7,0.06591814617341918,0.1292661,0.06591815,6.480724e+07,0.3824064,9.831473e+08,0.024682356718506847,3.3501351430402466e-07,89732313.90623903,10290289.905742927,0.1146776,0.06460531906231978,0.09552514701589084,0.01046670429965979
1146,0.7,0.06591814617341918,0.1292661,0.06591815,6.480724e+07,0.3824064,9.831473e+08,2.55957222584293e-06,0.0,258409153.5199627,39112392.7286574,0.1513584,0.18604898374988188,0.262839148033782,0.0397828427727004
1147,0.7,0.06591814617341918,0.1292661,0.06591815,6.480724e+07,0.3824064,9.831473e+08,0.057661039559953255,0.005819092688690648,5282046.237886196,534449.5816168005,0.1011823,0.003802958685063361,0.01531203700192709,0.0009271947194013887
1148,0.7,0.06591814617341918,0.1292661,0.06591815,6.480724e+07,0.3824064,9.831473e+08,7.401416226579607e-05,0.0,214796915.72311994,30334991.77953704,0.1412264,0.15464911880456383,0.21849164266889887,0.03085498289119647
1149,0.7,0.06591814617341918,0.1292661,0.06591815,6.480724e+07,0.3824064,9.831473e+08,0.0,0.0,147207816.5549647,24148780.47959653,0.1640455,0.1059864339053858,0.14973119802583126,0.024562729865113604
1150,0.7,0.06591814617341918,0.1292661,0.06591815,6.480724e+07,0.3824064,9.831473e+08,0.008312449466020494,0.0,142808460.61391962,20950933.571248498,0.1467065,0.10281899308203969,0.14668930663689977,0.021310066658120314
1151,0.7,0.06591814617341918,0.1292661,0.06591815,6.480724e+07,0.3824064,9.831473e+08,0.027781276191080836,6.6268612775542e-05,43305813.912186354,4286426.526636818,0.09898039,0.0311792463969406,0.04883700430656467,0.004364271155073473
1152,0.7,0.06591814617341918,0.1292661,0.06591815,6.480724e+07,0.3824064,9.831473e+08,0.0,0.0,116641635.067638,18567062.556206614,0.1591804,0.0839794464385418,0.11864106245912681,0.01888533221551685
1153,0.7,0.06591814617341918,0.1292661,0.06591815,6.480724e+07,0.3824064,9.831473e+08,0.0,0.0,734192128.1871998,92999340.79627787,0.1266689,0.5286024022977932,0.7467773757350563,0.09459350079987054
1154,0.7,0.06591814617341918,0.1292661,0.06591815,6.480724e+07,0.3824064,9.831473e+08,1.6978918128660522e-12,0.0,59109416.53877402,8770336.975144995,0.1483746,0.04255749739235845,0.06012264810474232,0.008920674819522122
1155,0.7,0.06591814617341918,0.1292661,0.06591815,6.480724e+07,0.3824064,9.831473e+08,0.0008461348839184529,0.0,273875210.9592281,28832783.254181407,0.1052771,0.19718420953425153,0.27871573200027466,0.02932702406774546
1156,0.7,0.06591814617341918,0.1292661,0.06591815,6.480724e+07,0.3824064,9.831473e+08,0.0,0.0,283228448.9664235,45331491.25399803,0.1600527,0.2039183379592922,0.28808344537130054,0.046108546764731584
1157,0.7,0.06591814617341918,0.1292661,0.06591815,6.480724e+07,0.3824064,9.831473e+08,0.0,0.0,162453172.8472383,18346581.958561916,0.1129346,0.11696275965254341,0.16523788452790605,0.018661072221724567
1158,0.7,0.06591814617341918,0.1292661,0.06591815,6.480724e+07,0.3824064,9.831473e+08,0.0,0.0,307055068.4500135,43341380.5328093,0.1411518,0.2210729870138374,0.3123184918768064,0.0440843223080338
1159,0.7,0.06591814617341918,0.1292661,0.06591815,6.480724e+07,0.3824064,9.831473e+08,3.6838159702706783e-05,0.0,272245238.59756845,46848228.58372731,0.172081,0.1960106647998784,0.2769183149663428,0.047651283439900376
1160,0.7,0.06591814617341918,0.1292661,0.06591815,6.480724e+07,0.3824064,9.831473e+08,0.0,0.0,27767929.91449651,3942260.548963861,0.1419717,0.01999230704894871,0.028243917409388804,0.00400983730850957
1161,0.7,0.06591814617341918,0.1292661,0.06591815,6.480724e+07,0.3824064,9.831473e+08,1.2939278950483894e-08,0.0,462879715.7749926,52272884.68188093,0.1129297,0.33326335211155245,0.47081422940136763,0.053168926969049506
1162,0.7,0.06591814617341918,0.1292661,0.06591815,6.480724e+07,0.3824064,9.831473e+08,9.182435804360948e-05,0.0,190295770.3736255,27940404.895342145,0.1468262,0.1370088257619668,0.1935735778982271,0.028419348892008863
1163,0.7,0.06591814617341918,0.1292661,0.06591815,6.480724e+07,0.3824064,9.831473e+08,0.07868284835829917,0.00010261626278810448,23947763.308336165,3884500.7563786497,0.1622072,0.017241869979866865,0.03792139513304983,0.003957851692919212
1164,0.7,0.06591814617341918,0.1292661,0.06591815,6.480724e+07,0.3824064,9.831473e+08,0.008369311544369108,0.0,128776846.52870028,18549435.474627256,0.1440432,0.09271653538901561,0.13242696958317834,0.018867402977081397
1165,0.7,0.06591814617341918,0.1292661,0.06591815,6.480724e+07,0.3824064,9.831473e+08,9.517771463893682e-08,0.0,408417839.87379545,64807591.18886856,0.1586796,0.29405198313910175,0.41541880251822294,0.06591849873851234
1166,0.7,0.06591814617341918,0.1292661,0.06591815,6.480724e+07,0.3824064,9.831473e+08,0.0008419490077150058,0.0,7904454.291152859,1165647.895846507,0.1474672,0.00569103558420493,0.008185082300602036,0.0011856289971953979
1167,0.7,0.06591814617341918,0.1292661,0.06591815,6.480724e+07,0.3824064,9.831473e+08,0.08665072148364708,0.0010052539315770007,19282091.88558543,2657399.7761611114,0.137817,0.013882687788023255,0.03454922608087786,0.002769216407300366
1168,0.7,0.06591814617341918,0.1292661,0.06591815,6.480724e+07,0.3824064,9.831473e+08,1.1815314677376403e-08,0.0,438427008.7172601,57850530.4464445,0.1319502,0.3156579335880432,0.4459423629683593,0.058842182656392565
1169,0.7,0.06591814617341918,0.1292661,0.06591815,6.480724e+07,0.3824064,9.831473e+08,0.07484309480195453,0.0001830395865826329,37907424.97113555,4715575.840951702,0.1243972,0.02729252348992286,0.05145846218455741,0.004808474112946884
1170,0.7,0.06591814617341918,0.1292661,0.06591815,6.480724e+07,0.3824064,9.831473e+08,0.04129810594057092,7.658347213508116e-07,65055962.916457675,9897162.573981546,0.1521331,0.04683888176020793,0.07328997936312326,0.010066866524781207
1171,0.7,0.06591814617341918,0.1292661,0.06591815,6.480724e+07,0.3824064,9.831473e+08,0.00015098211219108745,0.0,195618224.6920193,34003459.27544041,0.1738256,0.14084087738824885,0.19899746519018835,0.034586333888277115
1172,0.7,0.06591814617341918,0.1292661,0.06591815,6.480724e+07,0.3824064,9.831473e+08,0.0,0.0,105022486.68375662,13899408.69639103,0.132347,0.07561391170645572,0.10682274296853869,0.014137667174651787
1173,0.7,0.06591814617341918,0.1292661,0.06591815,6.480724e+07,0.3824064,9.831473e+08,0.0,0.0,352907363.62852246,51915713.270094454,0.1471086,0.25408564467072714,0.3589567699926205,0.052805633058176246
1174,0.7,0.06591814617341918,0.1292661,0.06591815,6.480724e+07,0.3824064,9.831473e+08,0.0,0.0,564840476.7816552,93735242.3371397,0.1659499,0.4066728877617232,0.5745227615030924,0.09534201689039455
1175,0.7,0.06591814617341918,0.1292661,0.06591815,6.480724e+07,0.3824064,9.831473e+08,0.0,0.0,211051313.32598042,32145489.165818285,0.1523112,0.15195236634813394,0.21466907619966577,0.032696515148210196
1176,0.7,0.06591814617341918,0.1292661,0.06591815,6.480724e+07,0.3824064,9.831473e+08,0.0,0.0,776270888.8393979,93261731.6158736,0.1201407,0.5588981969713018,0.7895774348035456,0.09486038942500262
1177,0.7,0.06591814617341918,0.1292661,0.06591815,6.480724e+07,0.3824064,9.831473e+08,6.05352002054358e-06,0.0,268926513.7271685,41419186.08255928,0.1540167,0.19362125490060533,0.27353739518272524,0.04212917831765286
1178,0.7,0.06591814617341918,0.1292661,0.06591815,6.480724e+07,0.3824064,9.831473e+08,0.042704143807439254,0.0,61076454.28149546,7191900.611440901,0.1177524,0.04397372188768273,0.06948462433054753,0.007315181488556878
1179,0.7,0.06591814617341918,0.1292661,0.06591815,6.480724e+07,0.3824064,9.831473e+08,1.2365794485693117e-05,0.0,260393214.3840168,42840973.11759363,0.1645242,0.18747746452320968,0.2648589092979764,0.04357533709559927
1180,0.7,0.06591814617341918,0.1292661,0.06591815,6.480724e+07,0.3824064,9.831473e+08,0.0,0.0,167156713.87407714,20395373.405455805,0.1220135,0.12034920713766177,0.17002205190022263,0.020744983287234845
1181,0.7,0.06591814617341918,0.1292661,0.06591815,6.480724e+07,0.3824064,9.831473e+08,0.0,0.0,596723515.5497177,74147721.61760192,0.1242581,0.4296279838984313,0.6069523274267439,0.0754187341984248
1182,0.7,0.06591814617341918,0.1292661,0.06591815,6.480724e+07,0.3824064,9.831473e+08,0.0,0.0,266199090.18535164,34588863.42459207,0.1299361,0.19165756912826165,0.2707621756753429,0.035181772816950056
1183,0.7,0.06591814617341918,0.1292661,0.06591815,6.480724e+07,0.3824064,9.831473e+08,0.0021877500754809605,0.0,137677434.68548647,23466717.439993326,0.1704471,0.09912476574304747,0.14041456811359115,0.023868975155350653
1184,0.7,0.06591814617341918,0.1292661,0.06591815,6.480724e+07,0.3824064,9.831473e+08,0.0,0.0,477655506.67281,52516228.66656756,0.1099458,0.3439016009630093,0.48584329916374414,0.053416442265534485
1185,0.7,0.06591814617341918,0.1292661,0.06591815,6.480724e+07,0.3824064,9.831473e+08,7.110706001494173e-09,0.0,460027057.8995218,48274267.843604796,0.1049379,0.33120950033622654,0.46791267132415654,0.04910176733274176
1186,0.7,0.06591814617341918,0.1292661,0.06591815,6.480724e+07,0.3824064,9.831473e+08,0.00012661297919932908,0.0,480380859.36118925,74405585.31060043,0.1548887,0.3458637957658099,0.4886371940205388,0.07568101809464452
1187,0.7,0.06591814617341918,0.1292661,0.06591815,6.480724e+07,0.3824064,9.831473e+08,0.0,0.0,109572873.73425856,14571045.566010186,0.1329804,0.0788900916516414,0.11145113105619495,0.01482081699291464
1188,0.7,0.06591814617341918,0.1292661,0.06591815,6.480724e+07,0.3824064,9.831473e+08,0.04624198042702203,5.23620693069488e-05,94611000.3585383,10140246.669329442,0.1071783,0.06811786745358439,0.10420384941596027,0.01031751860513478
1189,0.7,0.06591814617341918,0.1292661,0.06591815,6.480724e+07,0.3824064,9.831473e+08,0.0,0.0,342578722.3483277,43172856.76716208,0.1260232,0.24664924705275787,0.34845107899702604,0.04391290977086896
1190,0.7,0.06591814617341918,0.1292661,0.06591815,6.480724e+07,0.3824064,9.831473e+08,5.52963951919335e-07,0.0,398176922.1080886,50030302.86386617,0.1256484,0.28667874454819914,0.4050024176727784,0.05088790365017622
1191,0.7,0.06591814617341918,0.1292661,0.06591815,6.480724e+07,0.3824064,9.831473e+08,0.0,0.0,407598072.0524885,69531080.5465014,0.1705874,0.2934617680945204,0.4145849661362966,0.07072295638846704
1192,0.7,0.06591814617341918,0.1292661,0.06591815,6.480724e+07,0.3824064,9.831473e+08,0.0,0.0,429598275.66770405,53530803.76535788,0.1246067,0.3093014373521542,0.4369622890340143,0.054448408832149034
1193,0.7,0.06591814617341918,0.1292661,0.06591815,6.480724e+07,0.3824064,9.831473e+08,6.867214184565547e-07,0.0,63388529.73569134,9177585.853731671,0.1447831,0.045638366048877124,0.06447523063843792,0.009334904606448492
1194,0.7,0.06591814617341918,0.1292661,0.06591815,6.480724e+07,0.3824064,9.831473e+08,0.048816897150940695,6.101121248795943e-05,32040576.98783808,4559947.329467528,0.1423179,0.023068520236790357,0.041004724097768626,0.004642133991380095
1195,0.7,0.06591814617341918,0.1292661,0.06591815,6.480724e+07,0.3824064,9.831473e+08,0.0,0.0,423718839.4355045,63489109.82312444,0.1498378,0.3050683708329434,0.43098206969943154,0.06457741645709768
1196,0.7,0.06591814617341918,0.1292661,0.06591815,6.480724e+07,0.3824064,9.831473e+08,7.45898569788855e-06,0.0,328888323.9190605,48213470.15313824,0.1465953,0.23679245722855619,0.33452729062450454,0.04903992747094773
1197,0.7,0.06591814617341918,0.1292661,0.06591815,6.480724e+07,0.3824064,9.831473e+08,0.0009050730974007301,0.0,228845264.2166992,28735861.773679134,0.125569,0.16476362490851537,0.23292405831407548,0.02922844119538403
1198,0.7,0.06591814617341918,0.1292661,0.06591815,6.480724e+07,0.3824064,9.831473e+08,0.05778938670746276,8.894050271502884e-06,55347406.658123374,8238980.83694979,0.1488594,0.03984893190379886,0.06625772327249432,0.00838079665195101
1199,0.7,0.06591814617341918,0.1292661,0.06591815,6.480724e+07,0.3824064,9.831473e+08,0.037491355495665686,1.0065541390709789e-66,71774063.68749022,11375430.618637294,0.1584894,0.05167576855061083,0.07946704237131898,0.011570424006338821
1200,0.7,0.06591814617341918,0.1292661,0.06591815,6.480724e+07,0.3824064,9.831473e+08,0.00015553641020676847,7.381840582270674e-07,6039942.761103991,554277.0816795485,0.0917686,0.004348627737461486,0.006170288135658872,0.0005638269523478062
1201,0.7,0.06591814617341918,0.1292661,0.06591815,6.480724e+07,0.3824064,9.831473e+08,6.737608735107291e-05,0.0,308937662.34217477,49774394.08796916,0.1611147,0.22242841376896308,0.3142449705916306,0.05062760818151762
1202,0.7,0.06591814617341918,0.1292661,0.06591815,6.480724e+07,0.3824064,9.831473e+08,0.029425124879013997,0.025118377507899445,7001.513690878062,1197.5879848049824,0.171047,5.040937943392618e-06,0.005079341835430053,0.0016569749967960828
1204,0.7,0.06591814617341918,0.1292661,0.06591815,6.480724e+07,0.3824064,9.831473e+08,0.002536298645198666,0.0,67772542.44681829,7624150.114909834,0.1124962,0.04879476007958906,0.06937147411497305,0.007754840451749966
1205,0.7,0.06591814617341918,0.1292661,0.06591815,6.480724e+07,0.3824064,9.831473e+08,3.561776596103254e-07,0.0,335311382.88062507,39788338.44035632,0.1186609,0.24141692031775686,0.3410592269043819,0.0404703752936064
1206,0.7,0.06591814617341918,0.1292661,0.06591815,6.480724e+07,0.3824064,9.831473e+08,0.018532403917948897,0.0,67626305.94426085,8078255.472919687,0.1194543,0.04868947297068698,0.07198009453824594,0.008216729914388498
1207,0.7,0.06591814617341918,0.1292661,0.06591815,6.480724e+07,0.3824064,9.831473e+08,9.631341574281588e-11,0.0,611106165.1726623,79415842.19679043,0.1299542,0.4399831795620894,0.6215815190802262,0.08077715893514324
1208,0.7,0.06591814617341918,0.1292661,0.06591815,6.480724e+07,0.3824064,9.831473e+08,6.427115865691796e-05,0.0,403429727.7466124,53996457.138663195,0.1338435,0.29046065063616405,0.41035624850910657,0.05492204426185287
1209,0.7,0.06591814617341918,0.1292661,0.06591815,6.480724e+07,0.3824064,9.831473e+08,0.00654127485271487,0.0,195242556.76272064,22504173.25755249,0.1152626,0.14057040463013876,0.199716898399115,0.022889931399641877
1210,0.7,0.06591814617341918,0.1292661,0.06591815,6.480724e+07,0.3824064,9.831473e+08,0.00841441425734944,0.0027972645817334178,89321.7016908773,9292.790234152608,0.1040373,6.430968717644141e-05,0.0015413058953913045,0.00019384257936180967
1211,0.7,0.06591814617341918,0.1292661,0.06591815,6.480724e+07,0.3824064,9.831473e+08,0.006465001350051585,1.9357617264229434e-07,150075611.04059097,16831188.644024886,0.1121514,0.10805118371159986,0.1537625699324072,0.017119715360537455
1212,0.7,0.06591814617341918,0.1292661,0.06591815,6.480724e+07,0.3824064,9.831473e+08,2.6894318718256164e-05,0.0,263735753.46716002,27784358.982915577,0.1053492,0.18988402013895342,0.26826124932520673,0.02826062809876933
1213,0.7,0.06591814617341918,0.1292661,0.06591815,6.480724e+07,0.3824064,9.831473e+08,0.020787445788618183,0.0,38177008.64366991,4887086.235886562,0.1280112,0.027486617884906063,0.04241470614843114,0.004970858844860479
1214,0.7,0.06591814617341918,0.1292661,0.06591815,6.480724e+07,0.3824064,9.831473e+08,3.906848849091168e-05,0.0,77413550.06924765,9339588.761789115,0.1206454,0.05573607638377052,0.07874727877918199,0.009499684507915563
1215,0.7,0.06591814617341918,0.1292661,0.06591815,6.480724e+07,0.3824064,9.831473e+08,0.0,0.0,71693304.89895608,9092504.71125296,0.126825,0.051617623975115025,0.0729222447840855,0.009248365034767614
1216,0.7,0.06591814617341918,0.1292661,0.06591815,6.480724e+07,0.3824064,9.831473e+08,0.0,0.0,418767358.03514194,52246776.45608498,0.1247632,0.30150341165852806,0.42594571185221025,0.053142371205787464
1217,0.7,0.06591814617341918,0.1292661,0.06591815,6.480724e+07,0.3824064,9.831473e+08,0.0,0.0,365493805.0856785,53417729.409585156,0.1461522,0.26314760942790966,0.3717589635334662,0.05433339619795561
1218,0.7,0.06591814617341918,0.1292661,0.06591815,6.480724e+07,0.3824064,9.831473e+08,0.06577852391143744,0.0003651321494043948,31322894.83243454,3786186.145287917,0.120876,0.02255180465667474,0.04319853723971746,0.0038751563700313452
1219,0.7,0.06591814617341918,0.1292661,0.06591815,6.480724e+07,0.3824064,9.831473e+08,8.402012221708973e-06,0.0,364120761.85515255,55663479.4695512,0.1528709,0.2621590480932808,0.370363832423386,0.0566176420676017
1220,0.7,0.06591814617341918,0.1292661,0.06591815,6.480724e+07,0.3824064,9.831473e+08,2.7136588700992427e-05,0.0,329923222.0590891,45392718.99945766,0.1375857,0.2375375614348671,0.33558332057223456,0.04617082405336093
1221,0.7,0.06591814617341918,0.1292661,0.06591815,6.480724e+07,0.3824064,9.831473e+08,0.0038973051614884188,0.0,156593236.25639465,23703777.59734506,0.1513717,0.11274373245201902,0.15994930559758086,0.02411009890947694
1222,0.7,0.06591814617341918,0.1292661,0.06591815,6.480724e+07,0.3824064,9.831473e+08,0.0010218973228605598,0.0,615810580.789383,83312959.3834659,0.1352899,0.4433702567329465,0.6265427278053919,0.08474107905069023
1223,0.7,0.06591814617341918,0.1292661,0.06591815,6.480724e+07,0.3824064,9.831473e+08,0.001816114839256576,0.0,164681570.74066824,22641232.309869453,0.1374849,0.11856715778556462,0.16781753755703624,0.023029339867099458
1224,0.7,0.06591814617341918,0.1292661,0.06591815,6.480724e+07,0.3824064,9.831473e+08,0.10373311620522742,0.0021324015386367167,19434151.89063872,2371830.409958353,0.1220445,0.013992167692367979,0.037648507820532466,0.002553051398284
1225,0.7,0.06591814617341918,0.1292661,0.06591815,6.480724e+07,0.3824064,9.831473e+08,0.005779018893246407,0.0,142085381.09497908,21411232.738291707,0.1506927,0.10229839151728572,0.14551712671865902,0.021778256101755857
1226,0.7,0.06591814617341918,0.1292661,0.06591815,6.480724e+07,0.3824064,9.831473e+08,0.0,0.0,63644546.2139545,9217514.397549191,0.144828,0.04582269235835673,0.06473551728054891,0.009375517590467529
1227,0.7,0.06591814617341918,0.1292661,0.06591815,6.480724e+07,0.3824064,9.831473e+08,0.0,0.0,26212761.26570913,2947483.3615735956,0.1124446,0.018872619364803972,0.02666209063982862,0.0029980080217060635
1228,0.7,0.06591814617341918,0.1292661,0.06591815,6.480724e+07,0.3824064,9.831473e+08,0.0006594454845182353,0.0,294186302.0785839,47480386.38600996,0.1613956,0.21180775444407018,0.29934280727207274,0.04829427745538335
1229,0.7,0.06591814617341918,0.1292661,0.06591815,6.480724e+07,0.3824064,9.831473e+08,0.00590440213083143,0.0,30834182.659391236,3685261.649301246,0.1195187,0.022199942495824933,0.03238051495526419,0.003748433029590483
1230,0.7,0.06591814617341918,0.1292661,0.06591815,6.480724e+07,0.3824064,9.831473e+08,1.4129763230655257e-06,0.0,186828429.39857754,23735907.624265715,0.1270466,0.13451241549191745,0.19003121619797644,0.024142779697331952
1231,0.7,0.06591814617341918,0.1292661,0.06591815,6.480724e+07,0.3824064,9.831473e+08,0.005126600378689371,0.0,105805385.11303797,13162423.414911509,0.1244022,0.07617758158874541,0.10850277051158343,0.013388048766432747
1232,0.7,0.06591814617341918,0.1292661,0.06591815,6.480724e+07,0.3824064,9.831473e+08,3.6590374777629693e-05,0.0,187805704.25615245,23344572.69787679,0.1243017,0.13521603218513215,0.1910313069176088,0.0237447366536347
1233,0.7,0.06591814617341918,0.1292661,0.06591815,6.480724e+07,0.3824064,9.831473e+08,0.0004289233699892853,0.0,116837871.68346229,15340176.104058955,0.1312946,0.08412073254412786,0.11891459949450273,0.015603131679698236
1234,0.7,0.06591814617341918,0.1292661,0.06591815,6.480724e+07,0.3824064,9.831473e+08,0.0,0.0,259305151.11081025,39367969.095696576,0.151821,0.18669408257455122,0.2637500632691871,0.04004280013447254
1235,0.7,0.06591814617341918,0.1292661,0.06591815,6.480724e+07,0.3824064,9.831473e+08,0.00010176473579776648,0.0,225399277.61945495,23068151.707357645,0.1023435,0.16228258932715203,0.22928052986316616,0.023463577357623645
1236,0.7,0.06591814617341918,0.1292661,0.06591815,6.480724e+07,0.3824064,9.831473e+08,0.0,0.0,225685315.43713275,28353150.59901425,0.1256313,0.16248853034962774,0.22955392891533144,0.028839169728545513
1237,0.7,0.06591814617341918,0.1292661,0.06591815,6.480724e+07,0.3824064,9.831473e+08,0.0002143707182122961,0.0,181238913.3648234,17667755.575713515,0.09748323,0.1304880852250978,0.1843825958225801,0.017970609650278968
1238,0.7,0.06591814617341918,0.1292661,0.06591815,6.480724e+07,0.3824064,9.831473e+08,0.02630990797640522,0.000146183074670651,66331113.222615875,6886925.356268411,0.1038265,0.04775696231330551,0.07200336439104053,0.007014614578625078
1239,0.7,0.06591814617341918,0.1292661,0.06591815,6.480724e+07,0.3824064,9.831473e+08,0.0,0.0,34792464.44669758,3660822.7162214834,0.1052188,0.025049819498603475,0.03538886389181671,0.003723575173437582
1240,0.7,0.06591814617341918,0.1292661,0.06591815,6.480724e+07,0.3824064,9.831473e+08,0.011743184563368567,0.0,147327600.16969207,19636720.456822958,0.1332861,0.10607267550900683,0.15187729206825648,0.019973325792795944
1241,0.7,0.06591814617341918,0.1292661,0.06591815,6.480724e+07,0.3824064,9.831473e+08,0.03555011561079921,0.0007307968891853855,34216496.171385095,3107982.961970252,0.09083288,0.024635134837342892,0.04093105157090181,0.003209431622537684
1242,0.7,0.06591814617341918,0.1292661,0.06591815,6.480724e+07,0.3824064,9.831473e+08,0.0,0.0,439689409.7477323,51579866.10379558,0.1173098,0.31656683493927185,0.44722640156962656,0.05246402892505106
1243,0.7,0.06591814617341918,0.1292661,0.06591815,6.480724e+07,0.3824064,9.831473e+08,0.0,0.0,603043419.6253043,71819195.3646947,0.1190946,0.43417817770791184,0.6133805649401547,0.07305029321722041
1244,0.7,0.06591814617341918,0.1292661,0.06591815,6.480724e+07,0.3824064,9.831473e+08,0.0,0.0,235657982.75990182,26667987.75646189,0.1131639,0.1696686344419292,0.23969754398072934,0.027125120453249264
1245,0.7,0.06591814617341918,0.1292661,0.06591815,6.480724e+07,0.3824064,9.831473e+08,0.0032671087853099272,0.0,131517427.65604466,16006425.56608214,0.1217057,0.09468969433745487,0.1343350253618572,0.016280801741434047
1246,0.7,0.06591814617341918,0.1292661,0.06591815,6.480724e+07,0.3824064,9.831473e+08,0.0,0.0,216517564.4663192,30200729.49033448,0.139484,0.1558879485662116,0.22022902777769485,0.03071841912792318
1247,0.7,0.06591814617341918,0.1292661,0.06591815,6.480724e+07,0.3824064,9.831473e+08,0.03673180604711168,0.02113380675636723,13228.35061784506,1654.4307955308936,0.1250671,9.524125425174106e-06,0.006345180569108571,0.001394784153397999
1248,0.7,0.06591814617341918,0.1292661,0.06591815,6.480724e+07,0.3824064,9.831473e+08,0.0012539391311165483,0.0,171044861.5396568,25617301.095415164,0.1497695,0.12314858909451915,0.17419299924473844,0.026056423313450674
1249,0.7,0.06591814617341918,0.1292661,0.06591815,6.480724e+07,0.3824064,9.831473e+08,0.0,0.0,408222122.7713504,59967470.10583243,0.1468991,0.2939110710718767,0.4152197140997594,0.060995410105630615
1250,0.7,0.06591814617341918,0.1292661,0.06591815,6.480724e+07,0.3824064,9.831473e+08,0.0030254516493024527,0.0,127533569.05826373,17688204.373047464,0.1386945,0.0918214025860827,0.1302412207685579,0.017991408973267748
1251,0.7,0.06591814617341918,0.1292661,0.06591815,6.480724e+07,0.3824064,9.831473e+08,0.0057931739649717,0.0018303637459767402,15933.618895447387,1993.1223859548716,0.1250891,1.1471859887993064e-05,0.0010148177888985074,0.00012268147270411958
1252,0.7,0.06591814617341918,0.1292661,0.06591815,6.480724e+07,0.3824064,9.831473e+08,0.0,0.0,431276411.55956095,56741430.80795768,0.1315663,0.31050965878325015,0.4386691909052479,0.0577140712456874
1253,0.7,0.06591814617341918,0.1292661,0.06591815,6.480724e+07,0.3824064,9.831473e+08,9.153192105280426e-06,0.0,142393575.07011327,20429091.72618715,0.1434692,0.10252028449240096,0.14483601041107405,0.020779279594840484
1254,0.7,0.06591814617341918,0.1292661,0.06591815,6.480724e+07,0.3824064,9.831473e+08,0.03224177727833967,0.0,74956918.2550803,8712058.586588116,0.1162275,0.05396735477988137,0.08179954870936967,0.00886139744457119
1255,0.7,0.06591814617341918,0.1292661,0.06591815,6.480724e+07,0.3824064,9.831473e+08,0.0,0.0,83568460.68144761,10986991.291766364,0.1314729,0.06016747847952756,0.08500096005659913,0.011175326197446211
1256,0.7,0.06591814617341918,0.1292661,0.06591815,6.480724e+07,0.3824064,9.831473e+08,0.0,0.0,546237272.4247465,83969995.84338766,0.1537244,0.3932789842643115,0.5556006679576097,0.0854093781844798
1257,0.7,0.06591814617341918,0.1292661,0.06591815,6.480724e+07,0.3824064,9.831473e+08,1.7226387123974752e-08,0.0,439638586.2432609,67160685.55885495,0.1527634,0.316530243118786,0.4471747098370391,0.06831192897429297
1258,0.7,0.06591814617341918,0.1292661,0.06591815,6.480724e+07,0.3824064,9.831473e+08,0.0,0.0,305329307.12027305,44469930.364094295,0.1456458,0.21983047630080937,0.3105631481902012,0.045232217319485575
1259,0.7,0.06591814617341918,0.1292661,0.06591815,6.480724e+07,0.3824064,9.831473e+08,0.0,0.0,256257959.0500933,37672464.40955175,0.1470099,0.18450017040671735,0.26065063737901645,0.03831823173955931
1260,0.7,0.06591814617341918,0.1292661,0.06591815,6.480724e+07,0.3824064,9.831473e+08,2.2860587157085445e-05,0.0,373809324.06031585,56667563.96653673,0.1515948,0.269134602665224,0.3802209646757468,0.05763893820642917
1261,0.7,0.06591814617341918,0.1292661,0.06591815,6.480724e+07,0.3824064,9.831473e+08,0.0006033721574274301,0.0,186134837.11701474,24604026.4521245,0.1321839,0.1340130440982816,0.189429498647653,0.02502577949425878
1262,0.7,0.06591814617341918,0.1292661,0.06591815,6.480724e+07,0.3824064,9.831473e+08,0.05697060269419157,4.330634948641896e-14,51912986.26476926,10905277.021575172,0.2100684,0.03737622373828088,0.06262329163969894,0.011092211211724342
1263,0.7,0.06591814617341918,0.1292661,0.06591815,6.480724e+07,0.3824064,9.831473e+08,0.007491222569935337,0.0,145659610.20427498,16958747.00930158,0.1164272,0.10487175892480821,0.14944776878617266,0.01724944752353961
1264,0.7,0.06591814617341918,0.1292661,0.06591815,6.480724e+07,0.3824064,9.831473e+08,0.005638148295737729,0.0,5666263.099424482,1164127.5139014216,0.2054489,0.004079586488897118,0.0067352802203070414,0.0011840825534302362
1265,0.7,0.06591814617341918,0.1292661,0.06591815,6.480724e+07,0.3824064,9.831473e+08,1.7531190976956306e-07,0.0,296325283.23089725,50651836.84268542,0.1709332,0.21334777446359054,0.30140481090232296,0.05152009173257752
1266,0.7,0.06591814617341918,0.1292661,0.06591815,6.480724e+07,0.3824064,9.831473e+08,0.0,0.0,341259559.1670616,39965941.33150262,0.117113,0.2456994781845438,0.34710930321266215,0.04065102258725237
1267,0.7,0.06591814617341918,0.1292661,0.06591815,6.480724e+07,0.3824064,9.831473e+08,0.011239297231651074,0.0,109307771.75717309,14305253.731189068,0.1308713,0.07869922398014065,0.11311888325991268,0.014550469053623045
1268,0.7,0.06591814617341918,0.1292661,0.06591815,6.480724e+07,0.3824064,9.831473e+08,0.004250450472902677,0.0,240131103.8594,28291704.73979888,0.1178177,0.17288918457885577,0.24498002235659228,0.028776670587335792
1269,0.7,0.06591814617341918,0.1292661,0.06591815,6.480724e+07,0.3824064,9.831473e+08,0.00023542731058912603,0.0,151103813.7600744,15071163.699333215,0.09974046,0.10879146736039089,0.1537345612594538,0.015329507964694249
1270,0.7,0.06591814617341918,0.1292661,0.06591815,6.480724e+07,0.3824064,9.831473e+08,1.0749680688055495e-09,0.0,202790362.8108288,26509834.553370226,0.1307253,0.14600466121766034,0.2062665197380915,0.026964256246954244
1271,0.7,0.06591814617341918,0.1292661,0.06591815,6.480724e+07,0.3824064,9.831473e+08,0.0,0.0,363496163.413828,40158618.93343606,0.1104788,0.2617093507676355,0.36972707903336005,0.040847002996753694
1272,0.7,0.06591814617341918,0.1292661,0.06591815,6.480724e+07,0.3824064,9.831473e+08,0.0,0.0,4951547.346253676,1067696.827943818,0.2156289,0.0035650066540261075,0.005036424923532256,0.001085998888630456
1273,0.7,0.06591814617341918,0.1292661,0.06591815,6.480724e+07,0.3824064,9.831473e+08,7.790016056304044e-05,0.0,407399932.4101794,50238122.88497335,0.123314,0.29331911185115583,0.41439685826883993,0.0510992860445514
1274,0.7,0.06591814617341918,0.1292661,0.06591815,6.480724e+07,0.3824064,9.831473e+08,7.288005498834044e-06,0.0,286058947.68796766,40599193.91709745,0.141926,0.20595623562458504,0.29096371973182183,0.041295130152414615
1275,0.7,0.06591814617341918,0.1292661,0.06591815,6.480724e+07,0.3824064,9.831473e+08,0.0010465017517035963,0.0,218425372.3102366,37919553.66722957,0.1736042,0.15726152881952668,0.22234993158185487,0.03856955650910781
1276,0.7,0.06591814617341918,0.1292661,0.06591815,6.480724e+07,0.3824064,9.831473e+08,5.3157886437893834e-06,0.0,259336116.1834859,43227308.75443216,0.1666845,0.1867163767550188,0.26378247545428835,0.04396829515378979
1277,0.7,0.06591814617341918,0.1292661,0.06591815,6.480724e+07,0.3824064,9.831473e+08,0.007144986253902629,0.0,133170441.29709795,13936177.366665833,0.1046492,0.09587982829305756,0.1366848319622764,0.014175066119754729
1278,0.7,0.06591814617341918,0.1292661,0.06591815,6.480724e+07,0.3824064,9.831473e+08,0.0,0.0,45324869.05234072,5956825.321963317,0.1314251,0.0326329222897788,0.046101811047764084,0.006058934999250858
1279,0.7,0.06591814617341918,0.1292661,0.06591815,6.480724e+07,0.3824064,9.831473e+08,0.0,0.0,401260357.93422604,55591301.884045795,0.1385417,0.2888987514407434,0.408138613287103,0.05654422724085369
1280,0.7,0.06591814617341918,0.1292661,0.06591815,6.480724e+07,0.3824064,9.831473e+08,0.0002874556293338372,0.0,173169495.32295674,27416766.429134496,0.1583233,0.12467827931964921,0.17618745299870772,0.027886734410573325
1281,0.7,0.06591814617341918,0.1292661,0.06591815,6.480724e+07,0.3824064,9.831473e+08,1.0241518808360186e-06,0.0,281673802.17638576,40836005.43384576,0.1449762,0.20279902600212427,0.28650232594642006,0.04153600100383302
1282,0.7,0.06591814617341918,0.1292661,0.06591815,6.480724e+07,0.3824064,9.831473e+08,8.945402199609151e-07,0.0,145712839.44153672,14495246.213923506,0.09947817,0.1049100828207052,0.14821074877080156,0.014743718316613828
1283,0.7,0.06591814617341918,0.1292661,0.06591815,6.480724e+07,0.3824064,9.831473e+08,0.0,0.0,106935568.6225053,11499694.727281278,0.1075385,0.07699128919361564,0.10876861824414585,0.011696818203972536
1284,0.7,0.06591814617341918,0.1292661,0.06591815,6.480724e+07,0.3824064,9.831473e+08,0.0,0.0,198091585.6821809,29434592.981061857,0.1485908,0.14262164363587568,0.20148719773963136,0.029939149792439994
1285,0.7,0.06591814617341918,0.1292661,0.06591815,6.480724e+07,0.3824064,9.831473e+08,0.020687901824298728,0.01744129645721104,368919.3058859059,38415.323977286695,0.1041293,0.0002656138956799076,0.003941365539995449,0.0011887717544492324
1286,0.7,0.06591814617341918,0.1292661,0.06591815,6.480724e+07,0.3824064,9.831473e+08,0.0020725348437782482,0.0,188620791.27084246,31987528.527929727,0.1695864,0.13580287715051023,0.19221131623376875,0.032535846807999154
1287,0.7,0.06591814617341918,0.1292661,0.06591815,6.480724e+07,0.3824064,9.831473e+08,0.0,0.0,284567254.2509745,34542113.20453416,0.1213847,0.20488224871569052,0.2894451999565557,0.03513422122206156
1288,0.7,0.06591814617341918,0.1292661,0.06591815,6.480724e+07,0.3824064,9.831473e+08,0.0,0.0,311169028.07998264,45491089.23762614,0.1461941,0.22403494868554213,0.31650297146791007,0.046270880517451984
1289,0.7,0.06591814617341918,0.1292661,0.06591815,6.480724e+07,0.3824064,9.831473e+08,7.819316985369101e-07,0.0,89771218.28109986,13583840.945611326,0.1513162,0.06463332936809915,0.09131017780007822,0.01381669007922072
1290,0.7,0.06591814617341918,0.1292661,0.06591815,6.480724e+07,0.3824064,9.831473e+08,0.0,0.0,185175944.58169323,34091644.63293581,0.1841041,0.13332266227824235,0.18835016153798637,0.03467603088627037
1291,0.7,0.06591814617341918,0.1292661,0.06591815,6.480724e+07,0.3824064,9.831473e+08,0.07258315788595905,6.0621408879264615e-05,16436090.688786278,3008620.784273442,0.1830497,0.011833628676908892,0.029229512728232813,0.003064189490188329
1292,0.7,0.06591814617341918,0.1292661,0.06591815,6.480724e+07,0.3824064,9.831473e+08,5.359224010626031e-10,0.0,483597322.80364287,69018042.5665048,0.142718,0.34817957965575985,0.4918869677822907,0.07020112410282235
1293,0.7,0.06591814617341918,0.1292661,0.06591815,6.480724e+07,0.3824064,9.831473e+08,0.0,0.0,425923994.4551269,62913609.35834428,0.1477109,0.3066560346011311,0.43322502466369767,0.06399205097805886
1294,0.7,0.06591814617341918,0.1292661,0.06591815,6.480724e+07,0.3824064,9.831473e+08,0.0,0.0,456376821.3656625,74819449.56880611,0.1639423,0.3285814092321753,0.46419986257174617,0.07610197665955926
1295,0.7,0.06591814617341918,0.1292661,0.06591815,6.480724e+07,0.3824064,9.831473e+08,0.00852632661330756,2.2141114072132212e-07,62110529.63589275,10826465.799109163,0.1743097,0.04471823370619133,0.06464494937433679,0.011012063631694916
1296,0.7,0.06591814617341918,0.1292661,0.06591815,6.480724e+07,0.3824064,9.831473e+08,0.0,0.0,100324211.16162,17188848.022070043,0.171333,0.07223125527047565,0.10204393136024148,0.017483492842022507
1297,0.7,0.06591814617341918,0.1292661,0.06591815,6.480724e+07,0.3824064,9.831473e+08,0.00030992243335446285,0.0,221114085.81309023,39930150.98851909,0.1805862,0.15919734420372073,0.22495776453629812,0.04061461873956213
1298,0.7,0.06591814617341918,0.1292661,0.06591815,6.480724e+07,0.3824064,9.831473e+08,0.0003493317266401485,0.0,290293707.75353175,34932933.64915885,0.1203365,0.2090051709888732,0.295330031009589,0.03553174096494011
1299,0.7,0.06591814617341918,0.1292661,0.06591815,6.480724e+07,0.3824064,9.831473e+08,0.008291766251186567,0.0,112652414.04675661,14921158.901721211,0.1324531,0.08110729385888749,0.11601277105571994,0.015176931840805602
1300,0.7,0.06591814617341918,0.1292661,0.06591815,6.480724e+07,0.3824064,9.831473e+08,1.418478505951335e-07,0.0,38673397.15927815,4122099.99356195,0.1065875,0.027844006845846606,0.0393363465563857,0.004192759493772183
1301,0.7,0.06591814617341918,0.1292661,0.06591815,6.480724e+07,0.3824064,9.831473e+08,1.667061994641431e-06,0.0,346377658.56850314,48936087.92857378,0.1412796,0.24938439870457293,0.3523154225280348,0.04977493209069443
1302,0.7,0.06591814617341918,0.1292661,0.06591815,6.480724e+07,0.3824064,9.831473e+08,2.8465571750654057e-05,0.0,67297599.52736844,9891599.65331238,0.1469829,0.048452811482570725,0.06845609668620835,0.010061157764196246
1303,0.7,0.06591814617341918,0.1292661,0.06591815,6.480724e+07,0.3824064,9.831473e+08,0.0,0.0,373296407.59175783,55958243.512943484,0.149903,0.2687653139367718,0.3796953153406978,0.05691745884625479
1304,0.7,0.06591814617341918,0.1292661,0.06591815,6.480724e+07,0.3824064,9.831473e+08,0.0,0.0,562158163.0712466,80093940.61650349,0.1424758,0.40474168008923134,0.5717944685717817,0.08146688106498103
1305,0.7,0.06591814617341918,0.1292661,0.06591815,6.480724e+07,0.3824064,9.831473e+08,7.419163610511846e-06,0.0,338398313.6008973,37266336.803048894,0.1101257,0.24363944345824837,0.3442002901370464,0.0379051424451445
1306,0.7,0.06591814617341918,0.1292661,0.06591815,6.480724e+07,0.3824064,9.831473e+08,0.0,0.0,136322636.90548578,25074535.536266077,0.1839352,0.09814934073691954,0.13865942868786055,0.025504353869582462
1307,0.7,0.06591814617341918,0.1292661,0.06591815,6.480724e+07,0.3824064,9.831473e+08,0.001237363541577237,0.0,87414567.93331704,14692853.578404324,0.1680824,0.06293659225067762,0.08912628909279122,0.014944712992812918
1308,0.7,0.06591814617341918,0.1292661,0.06591815,6.480724e+07,0.3824064,9.831473e+08,2.990726891495965e-07,0.0,244866443.47584623,33770657.3478691,0.1379146,0.17629852635854748,0.24906390424806918,0.03434954135691748
1309,0.7,0.06591814617341918,0.1292661,0.06591815,6.480724e+07,0.3824064,9.831473e+08,0.008730757066300105,6.661388281524255e-10,179267690.06633618,24587961.593680218,0.1371578,0.1290688472204375,0.18384561328648102,0.02500943930191519
1310,0.7,0.06591814617341918,0.1292661,0.06591815,6.480724e+07,0.3824064,9.831473e+08,0.016846601895121063,0.009898425187628804,17813.637218459022,2227.9195184489167,0.1250682,1.2825432289213947e-05,0.0029220888661216,0.0006547519480884081
1311,0.7,0.06591814617341918,0.1292661,0.06591815,6.480724e+07,0.3824064,9.831473e+08,0.012158492026951571,2.330279983736645e-06,129659070.9988962,14346489.658694068,0.1106478,0.0933517178656555,0.1339774850952441,0.014592565439749565
1312,0.7,0.06591814617341918,0.1292661,0.06591815,6.480724e+07,0.3824064,9.831473e+08,0.0,0.0,87925082.4259763,12956605.104416987,0.1473596,0.06330415160859915,0.08943226138569739,0.01317870239524674
1313,0.7,0.06591814617341918,0.1292661,0.06591815,6.480724e+07,0.3824064,9.831473e+08,0.0006620729007217343,0.0,116809285.99343787,17759300.92506685,0.1520367,0.08410015146754296,0.11892571345990394,0.01806372423585704
1314,0.7,0.06591814617341918,0.1292661,0.06591815,6.480724e+07,0.3824064,9.831473e+08,0.0029791384639250647,0.0,84308999.86289975,11860629.074276358,0.1406805,0.060700650622462105,0.08626772879763969,0.012063939552885863
1315,0.7,0.06591814617341918,0.1292661,0.06591815,6.480724e+07,0.3824064,9.831473e+08,2.0467753211441025e-06,0.0,344857391.8007218,39309073.36827091,0.1139865,0.2482898396174755,0.35076916136841935,0.03998289483846025
1316,0.7,0.06591814617341918,0.1292661,0.06591815,6.480724e+07,0.3824064,9.831473e+08,0.0,0.0,385844498.60945207,54057033.92167049,0.1401006,0.27779966720964333,0.3924585010531562,0.0549836594294744
1317,0.7,0.06591814617341918,0.1292661,0.06591815,6.480724e+07,0.3824064,9.831473e+08,0.05087766677015624,0.033841507989846496,389052.07212926995,32149.376485469078,0.08263515,0.000280109050548183,0.009165870224116003,0.0022634699395064784
1318,0.7,0.06591814617341918,0.1292661,0.06591815,6.480724e+07,0.3824064,9.831473e+08,0.022021950352529608,6.167556362247517e-07,59204886.980815694,9315000.048392747,0.157335,0.042626234039176314,0.06401583695710915,0.009474714959355932
1319,0.7,0.06591814617341918,0.1292661,0.06591815,6.480724e+07,0.3824064,9.831473e+08,1.277845434624846e-05,0.0,167433689.82934025,19904818.847180437,0.1188818,0.12054862381581699,0.17030597838801265,0.02024601982573837
1320,0.7,0.06591814617341918,0.1292661,0.06591815,6.480724e+07,0.3824064,9.831473e+08,0.0,0.0,405739507.3319139,48509425.418895446,0.1195581,0.29212364182156864,0.412694542592678,0.049340955891455096
1321,0.7,0.06591814617341918,0.1292661,0.06591815,6.480724e+07,0.3824064,9.831473e+08,1.4979578350764173e-07,0.0,119121470.54621978,13663919.366960587,0.1147058,0.08576487417735215,0.12116343217367766,0.013898141174992969
1322,0.7,0.06591814617341918,0.1292661,0.06591815,6.480724e+07,0.3824064,9.831473e+08,0.025024481187988404,0.027233341438739365,160038.8172834348,14630.266403821555,0.09141699,0.00011522447603163516,0.004476431859364376,0.0018100524347216887
1323,0.7,0.06591814617341918,0.1292661,0.06591815,6.480724e+07,0.3824064,9.831473e+08,8.514815014396672e-07,0.0,355000346.76551366,52776167.104648456,0.1486651,0.25559254711724894,0.3610857770416801,0.05368083647134273
1324,0.7,0.06591814617341918,0.1292661,0.06591815,6.480724e+07,0.3824064,9.831473e+08,0.004778829095388193,0.0022139777631015028,44846.86874578242,3412.8373808956107,0.07609979,3.228877244037947e-05,0.000869376741878581,0.00014941264877883678
1325,0.7,0.06591814617341918,0.1292661,0.06591815,6.480724e+07,0.3824064,9.831473e+08,0.019193956997942366,0.0,72068084.79565765,11745577.896956518,0.1629789,0.051887457369023136,0.07661204936568658,0.011946916211207878
1326,0.7,0.06591814617341918,0.1292661,0.06591815,6.480724e+07,0.3824064,9.831473e+08,0.0,0.0,50071755.6358758,7518701.814227739,0.1501585,0.03605057763523631,0.05093006699013837,0.007647584595638393
1327,0.7,0.06591814617341918,0.1292661,0.06591815,6.480724e+07,0.3824064,9.831473e+08,0.0010136886964980298,0.0,183609441.71184117,29222863.930070452,0.1591577,0.1321948142008532,0.18693154306811302,0.029723791361048694
1328,0.7,0.06591814617341918,0.1292661,0.06591815,6.480724e+07,0.3824064,9.831473e+08,0.0,0.0,445737286.02002764,69088879.42605458,0.1549991,0.32092117463265524,0.45337794828063066,0.0702731752213906
1329,0.7,0.06591814617341918,0.1292661,0.06591815,6.480724e+07,0.3824064,9.831473e+08,0.01985911306289114,3.902305521680907e-05,68798731.38648987,7091792.115034891,0.1030803,0.04953359385060915,0.07340131165265072,0.007215929297112024
1330,0.7,0.06591814617341918,0.1292661,0.06591815,6.480724e+07,0.3824064,9.831473e+08,0.0,0.0,84169250.8919043,9957454.897321427,0.1183028,0.06060003439552265,0.08561204878869973,0.010128141874228721
1331,0.7,0.06591814617341918,0.1292661,0.06591815,6.480724e+07,0.3824064,9.831473e+08,0.0,0.0,533620383.168076,89083080.48681241,0.1669409,0.384195097752114,0.5427675046924297,0.09061010941726465
1332,0.7,0.06591814617341918,0.1292661,0.06591815,6.480724e+07,0.3824064,9.831473e+08,0.0,0.0,95267832.74613439,14152858.770610118,0.1485586,0.06859077252115515,0.09690087839239904,0.014395461795485596
1333,0.7,0.06591814617341918,0.1292661,0.06591815,6.480724e+07,0.3824064,9.831473e+08,1.823988404305961e-06,0.0,290596094.7325655,39683045.17330837,0.1365574,0.20922288305279232,0.2955776989864265,0.04036327712865769
1334,0.7,0.06591814617341918,0.1292661,0.06591815,6.480724e+07,0.3824064,9.831473e+08,0.02326101476753857,0.002513069164478507,53653.62445997109,9173.003152837238,0.1709671,3.862944547165307e-05,0.004064241667295167,0.00017498710387861167
1335,0.7,0.06591814617341918,0.1292661,0.06591815,6.480724e+07,0.3824064,9.831473e+08,0.0031844621007934854,2.450011458594943e-06,71820797.65900105,6959766.276818653,0.09690461,0.051709415996096984,0.07360085160198077,0.007079229493989024
1336,0.7,0.06591814617341918,0.1292661,0.06591815,6.480724e+07,0.3824064,9.831473e+08,0.002553787865219506,0.0022598499406424224,43416.970485973055,5428.949346254178,0.1250421,3.125927671826796e-05,0.00048437598079186753,0.00015448712908776676
1337,0.7,0.06591814617341918,0.1292661,0.06591815,6.480724e+07,0.3824064,9.831473e+08,1.9263528981399242e-06,0.0,62119771.4802175,8630647.796418294,0.1389356,0.044724887633581956,0.06318493748648855,0.00877859114100914
1338,0.7,0.06591814617341918,0.1292661,0.06591815,6.480724e+07,0.3824064,9.831473e+08,3.00998547057698e-06,0.0,232584367.3000561,27853907.142069798,0.1197583,0.1674556980000394,0.23657176060421364,0.028331368426520637
1339,0.7,0.06591814617341918,0.1292661,0.06591815,6.480724e+07,0.3824064,9.831473e+08,3.3916333900119076e-06,0.0,248212447.39817274,24823234.321356058,0.100008,0.1787075765833255,0.2524677972082195,0.025248744943002298
1340,0.7,0.06591814617341918,0.1292661,0.06591815,6.480724e+07,0.3824064,9.831473e+08,0.0,0.0,590840903.4490664,69119582.18457347,0.1169851,0.4253926308228431,0.6009688777841572,0.07030440427514138
1341,0.7,0.06591814617341918,0.1292661,0.06591815,6.480724e+07,0.3824064,9.831473e+08,0.005921922073501251,0.0,134091865.35742287,18595977.59559915,0.1386809,0.09654323362406453,0.13741122236503436,0.01891474290572698
1342,0.7,0.06591814617341918,0.1292661,0.06591815,6.480724e+07,0.3824064,9.831473e+08,0.014372923326695158,0.012003670309698183,141484.45666461316,17686.93464552368,0.1250097,0.0001018657389658682,0.0026214738471911896,0.0008092498115727651
1343,0.7,0.06591814617341918,0.1292661,0.06591815,6.480724e+07,0.3824064,9.831473e+08,0.00042860653609846114,0.0,302553713.96260446,41862238.04360367,0.138363,0.2178321094502037,0.3078138588399064,0.04257982491011896
1344,0.7,0.06591814617341918,0.1292661,0.06591815,6.480724e+07,0.3824064,9.831473e+08,0.006557007107454948,0.0,183987079.6855818,26877182.6838778,0.1460819,0.13246670534821683,0.18827119601497488,0.027337901322064175
1345,0.7,0.06591814617341918,0.1292661,0.06591815,6.480724e+07,0.3824064,9.831473e+08,0.0017653509165784682,0.0,265109095.08901373,43043258.87970166,0.1623606,0.19087279630886397,0.26995780251782614,0.04378109036477227
1346,0.7,0.06591814617341918,0.1292661,0.06591815,6.480724e+07,0.3824064,9.831473e+08,0.0,0.0,466701036.7603234,51026636.53114395,0.1093347,0.3360146203085901,0.47470105181492817,0.05190131609746477
1347,0.7,0.06591814617341918,0.1292661,0.06591815,6.480724e+07,0.3824064,9.831473e+08,0.0,0.0,601336473.2522076,74671177.85114498,0.1241754,0.43294921335543335,0.6116443587291606,0.07595116332343142
1348,0.7,0.06591814617341918,0.1292661,0.06591815,6.480724e+07,0.3824064,9.831473e+08,1.6287509595794488e-07,0.0,244284768.06621918,39000509.81609978,0.1596518,0.17587973268440987,0.24847223449822442,0.039669042004997164
1349,0.7,0.06591814617341918,0.1292661,0.06591815,6.480724e+07,0.3824064,9.831473e+08,0.0,0.0,322062175.7372514,44601561.39464005,0.1384874,0.23187777864673273,0.3275828453982874,0.04536610472004784
1350,0.7,0.06591814617341918,0.1292661,0.06591815,6.480724e+07,0.3824064,9.831473e+08,0.0007126137837135258,0.0,123927199.9410492,19042705.523989763,0.1536604,0.08922489507021064,0.12617435212816855,0.019369128477600125
1351,0.7,0.06591814617341918,0.1292661,0.06591815,6.480724e+07,0.3824064,9.831473e+08,0.056840398780127976,1.8528448899680997e-05,58477648.07654402,7993813.990403786,0.1366986,0.04210263780723142,0.06927803825043027,0.008132062328485803
1352,0.7,0.06591814617341918,0.1292661,0.06591815,6.480724e+07,0.3824064,9.831473e+08,0.0,0.0,544360202.442253,58531347.11629754,0.1075232,0.3919275346042926,0.5536914219417765,0.0595346696316001
1353,0.7,0.06591814617341918,0.1292661,0.06591815,6.480724e+07,0.3824064,9.831473e+08,0.08296653274818257,0.00012368204526184878,28244942.953030493,4570613.3292950755,0.1618206,0.020335746086791597,0.0430306449005105,0.0046571139689129985
1354,0.7,0.06591814617341918,0.1292661,0.06591815,6.480724e+07,0.3824064,9.831473e+08,0.0,0.0,215486176.8144182,26313102.841225255,0.1221104,0.1551453718351844,0.21917996046345664,0.026764152233196656
1355,0.7,0.06591814617341918,0.1292661,0.06591815,6.480724e+07,0.3824064,9.831473e+08,0.0016045821931836295,0.0,270835560.79135007,32038437.475223195,0.1182948,0.19499572736562287,0.2757547162982203,0.03258762841747394
1357,0.7,0.06591814617341918,0.1292661,0.06591815,6.480724e+07,0.3824064,9.831473e+08,1.211845556475963e-06,0.0,366947829.7030963,48168812.09800482,0.1312688,0.2641944756040221,0.37323812139293616,0.0489945039040943
1358,0.7,0.06591814617341918,0.1292661,0.06591815,6.480724e+07,0.3824064,9.831473e+08,0.005436565388284992,0.0,59769474.80629311,8964689.392960193,0.1499878,0.043032725023480836,0.06173116070246449,0.009118358753974208
1359,0.7,0.06591814617341918,0.1292661,0.06591815,6.480724e+07,0.3824064,9.831473e+08,3.418323887319378e-05,0.0,26754568.711543363,3237701.1560833906,0.1210149,0.019262708970038452,0.027219077957379323,0.0032932006213744446
1360,0.7,0.06591814617341918,0.1292661,0.06591815,6.480724e+07,0.3824064,9.831473e+08,0.0,0.0,58828790.3648236,5864499.152404172,0.09968757,0.0423554526359483,0.05983721154132181,0.00596502620893832
1361,0.7,0.06591814617341918,0.1292661,0.06591815,6.480724e+07,0.3824064,9.831473e+08,1.760234130139825e-05,0.0,319615038.0594041,42999603.069592565,0.1345356,0.23011589261499674,0.3250967940414568,0.04373668622305346
1362,0.7,0.06591814617341918,0.1292661,0.06591815,6.480724e+07,0.3824064,9.831473e+08,0.014984792945332365,0.0,87199845.58950974,11851072.795738699,0.135907,0.06278199682203443,0.09127762929143263,0.012054219464186784
1363,0.7,0.06591814617341918,0.1292661,0.06591815,6.480724e+07,0.3824064,9.831473e+08,0.0,0.0,85790668.51113129,13362085.53554192,0.1557522,0.06176741990095921,0.08726126014383452,0.013591133420644753
1364,0.7,0.06591814617341918,0.1292661,0.06591815,6.480724e+07,0.3824064,9.831473e+08,0.0,0.0,24754349.069005832,2986170.4413574557,0.1206322,0.017822594226804673,0.0251786788853561,0.0030373582609781436
1365,0.7,0.06591814617341918,0.1292661,0.06591815,6.480724e+07,0.3824064,9.831473e+08,0.0,0.0,348075142.51204985,54454497.13597899,0.1564447,0.25060655031308476,0.35404171674458185,0.05538793580991638
1366,0.7,0.06591814617341918,0.1292661,0.06591815,6.480724e+07,0.3824064,9.831473e+08,0.0,0.0,497040040.38362825,68255471.70546448,0.1373239,0.35785804464248777,0.5055601153194216,0.06942548153658318
1367,0.7,0.06591814617341918,0.1292661,0.06591815,6.480724e+07,0.3824064,9.831473e+08,0.0008066662489286825,0.0,174360577.21148422,28358901.76210194,0.1626451,0.12553583243611152,0.17748845203555744,0.0288450194759252
1368,0.7,0.06591814617341918,0.1292661,0.06591815,6.480724e+07,0.3824064,9.831473e+08,7.298040257881048e-05,0.0,195322512.2619763,24748000.57093434,0.1267033,0.1406279708547833,0.19868323805257604,0.025172221563699176
1369,0.7,0.06591814617341918,0.1292661,0.06591815,6.480724e+07,0.3824064,9.831473e+08,0.004762770098726986,4.693725303079091e-06,52384861.68420311,7396105.412633671,0.1411878,0.0377159638018442,0.05410381635951111,0.00752319609393728
1370,0.7,0.06591814617341918,0.1292661,0.06591815,6.480724e+07,0.3824064,9.831473e+08,0.001367151467823699,0.0,175864109.16969097,25391648.68743003,0.1443822,0.12661834282341566,0.17911437184400444,0.025826902856074606
1371,0.7,0.06591814617341918,0.1292661,0.06591815,6.480724e+07,0.3824064,9.831473e+08,0.024662642832448,0.0,37388665.99767138,7400063.248476002,0.1979226,0.02691902828470489,0.04228084559906562,0.007526912371854398
1372,0.7,0.06591814617341918,0.1292661,0.06591815,6.480724e+07,0.3824064,9.831473e+08,4.386542635447187e-05,0.0,262144535.3940507,37622193.18607967,0.143517,0.18873837765147256,0.26664568061736604,0.038267098785529745
1373,0.7,0.06591814617341918,0.1292661,0.06591815,6.480724e+07,0.3824064,9.831473e+08,0.05465854956583409,0.0032499615204938754,9198094.464079289,1041719.3013828987,0.1132538,0.00662242844019519,0.01877765188145962,0.001273807503566868
1374,0.7,0.06591814617341918,0.1292661,0.06591815,6.480724e+07,0.3824064,9.831473e+08,1.9229521783290008e-05,0.0,31679330.04788688,4196355.1473199,0.1324635,0.022808430278113707,0.03222568003550002,0.004268287501672624
1375,0.7,0.06591814617341918,0.1292661,0.06591815,6.480724e+07,0.3824064,9.831473e+08,0.000373408472223608,0.0,210625946.1169537,28893944.99612927,0.1371813,0.15164611118696053,0.214300784607325,0.029389234221455476
1376,0.7,0.06591814617341918,0.1292661,0.06591815,6.480724e+07,0.3824064,9.831473e+08,0.029016674415413616,0.0,84773769.22234629,12295065.228989061,0.1450338,0.061035274477016975,0.091228742308584,0.012505822650082543
1377,0.7,0.06591814617341918,0.1292661,0.06591815,6.480724e+07,0.3824064,9.831473e+08,1.5111938916478696e-05,0.0,294414704.5612654,31706219.2577623,0.1076924,0.21197219927588054,0.2994640565397103,0.03224971543927381
1378,0.7,0.06591814617341918,0.1292661,0.06591815,6.480724e+07,0.3824064,9.831473e+08,0.07368221447853904,0.0021605032205195473,18682080.26920549,2149873.143152446,0.1150768,0.013450692442870019,0.03170345450977635,0.0023291418335927364
1379,0.7,0.06591814617341918,0.1292661,0.06591815,6.480724e+07,0.3824064,9.831473e+08,0.08591719187905948,0.032415893617522576,1497084.894613622,136751.9512427984,0.09134549,0.0010778686414010725,0.01633291136424227,0.002275891715993233
1380,0.7,0.06591814617341918,0.1292661,0.06591815,6.480724e+07,0.3824064,9.831473e+08,0.0,0.0,89092591.8820428,9912408.047747705,0.1112596,0.064144733085148,0.09061978385328355,0.010082322848365754
1381,0.7,0.06591814617341918,0.1292661,0.06591815,6.480724e+07,0.3824064,9.831473e+08,0.03094122689990217,8.774454369954863e-05,83244227.34592287,7937540.876654034,0.09535245,0.05993403751294217,0.09000473054278058,0.008079387198669184
1382,0.7,0.06591814617341918,0.1292661,0.06591815,6.480724e+07,0.3824064,9.831473e+08,0.0,0.0,104855229.54315756,11966598.33566386,0.114125,0.07549349019425507,0.10665261876843604,0.012171725299816897
1383,0.7,0.06591814617341918,0.1292661,0.06591815,6.480724e+07,0.3824064,9.831473e+08,0.0,0.0,157398415.7173097,21677725.736855477,0.1377252,0.11332344419364643,0.16009648063709278,0.02204931722387739
1384,0.7,0.06591814617341918,0.1292661,0.06591815,6.480724e+07,0.3824064,9.831473e+08,1.0151808402623922e-05,0.0,287912597.112743,41240259.08959026,0.1432388,0.20729082299121004,0.2928496373777679,0.041947184224924716
1385,0.7,0.06591814617341918,0.1292661,0.06591815,6.480724e+07,0.3824064,9.831473e+08,8.695472132960226e-05,0.0,222570031.83616242,33403526.354997516,0.150081,0.16024559375021497,0.22640023329553688,0.03397611714153589
1386,0.7,0.06591814617341918,0.1292661,0.06591815,6.480724e+07,0.3824064,9.831473e+08,0.0,0.0,290274119.1553557,34315250.562048584,0.1182167,0.20899106762320638,0.29524988981000194,0.034903469784796755
1387,0.7,0.06591814617341918,0.1292661,0.06591815,6.480724e+07,0.3824064,9.831473e+08,7.108743483394217e-07,0.0,311212349.40242124,35669151.29780902,0.1146135,0.22406613909774162,0.3165471579268172,0.036280578581854225
1388,0.7,0.06591814617341918,0.1292661,0.06591815,6.480724e+07,0.3824064,9.831473e+08,0.041763237663805165,0.0,63144658.450090215,10900559.845831273,0.1726284,0.04546278401459612,0.07142609012750174,0.011087413175910879
1389,0.7,0.06591814617341918,0.1292661,0.06591815,6.480724e+07,0.3824064,9.831473e+08,4.431882569066993e-07,0.0,229547499.71898115,27394876.671194177,0.119343,0.1652692192335343,0.23348239371477544,0.02786446942656906
1390,0.7,0.06591814617341918,0.1292661,0.06591815,6.480724e+07,0.3824064,9.831473e+08,3.6604654596664915e-05,0.0,249285068.1151152,36141531.96746571,0.1449807,0.1794798402265358,0.2535645295565413,0.03676105662471367
1391,0.7,0.06591814617341918,0.1292661,0.06591815,6.480724e+07,0.3824064,9.831473e+08,1.0664504975772706e-05,0.0,254569663.0690646,31537246.61287539,0.1238845,0.18328463393186437,0.2589352395755398,0.03207784632834882
1392,0.7,0.06591814617341918,0.1292661,0.06591815,6.480724e+07,0.3824064,9.831473e+08,0.0,0.0,330039876.7903005,48457334.41180256,0.1468227,0.23762155031024496,0.3356972972264549,0.04928797195975282
1393,0.7,0.06591814617341918,0.1292661,0.06591815,6.480724e+07,0.3824064,9.831473e+08,0.07615400143829233,9.818507490058605e-05,38662087.89466652,5002666.651649886,0.1293946,0.027835864420706898,0.052452031659020126,0.005094892675109244
1394,0.7,0.06591814617341918,0.1292661,0.06591815,6.480724e+07,0.3824064,9.831473e+08,0.00032563844513546137,0.0,304948652.32567024,36550712.06322181,0.1198586,0.21955641310788188,0.3102321009928365,0.03717725073301368
1395,0.7,0.06591814617341918,0.1292661,0.06591815,6.480724e+07,0.3824064,9.831473e+08,0.0,0.0,402116518.52085555,55650955.68869787,0.1383951,0.28951516848673176,0.40900944985909077,0.05660490360876937
1396,0.7,0.06591814617341918,0.1292661,0.06591815,6.480724e+07,0.3824064,9.831473e+08,1.0078876754834601e-06,0.0,246931833.272223,37572867.71330105,0.1521589,0.17778556219852823,0.2511648203693113,0.03821692779389917
1397,0.7,0.06591814617341918,0.1292661,0.06591815,6.480724e+07,0.3824064,9.831473e+08,0.022971355427912416,1.1436704184827173e-05,34957829.12212978,4207727.8408367,0.1203658,0.02516887847694541,0.03951680085659107,0.004280609027996945
1398,0.7,0.06591814617341918,0.1292661,0.06591815,6.480724e+07,0.3824064,9.831473e+08,0.0,0.0,38477052.7665793,4892783.952925265,0.1271611,0.027702643143249335,0.03913661205002597,0.004976654230038947
1399,0.7,0.06591814617341918,0.1292661,0.06591815,6.480724e+07,0.3824064,9.831473e+08,0.0,0.0,42806938.250983566,5578710.787683169,0.1303226,0.03082006674513636,0.043540718816003555,0.005674338966691632
1400,0.7,0.06591814617341918,0.1292661,0.06591815,6.480724e+07,0.3824064,9.831473e+08,0.0,0.0,278213661.27749515,51422483.65113737,0.1848309,0.20030779963068587,0.28298269606273324,0.05230394868110586
1401,0.7,0.06591814617341918,0.1292661,0.06591815,6.480724e+07,0.3824064,9.831473e+08,0.0,0.0,219152170.76289916,30630708.09231135,0.1397691,0.15778480793586963,0.2229087955124878,0.031155768262678057
1402,0.7,0.06591814617341918,0.1292661,0.06591815,6.480724e+07,0.3824064,9.831473e+08,0.0,0.0,149820705.98787037,22896361.62639735,0.1528251,0.10786765760439594,0.15238887663457498,0.023288842515187237
1403,0.7,0.06591814617341918,0.1292661,0.06591815,6.480724e+07,0.3824064,9.831473e+08,5.201730219032129e-08,0.0,412288849.9217254,60702527.82558278,0.147233,0.2968390263830916,0.41935616053632163,0.06174306791057647
1404,0.7,0.06591814617341918,0.1292661,0.06591815,6.480724e+07,0.3824064,9.831473e+08,6.359071825944359e-09,0.0,394077031.2727501,55472107.35342403,0.1407646,0.28372691210337336,0.4008321538161215,0.05642298952205728
1405,0.7,0.06591814617341918,0.1292661,0.06591815,6.480724e+07,0.3824064,9.831473e+08,0.0051471688969062235,3.56366537341596e-05,21411931.147480365,3097341.5151482653,0.1446549,0.015416125844796812,0.022666220987134226,0.0031527840899899795
1406,0.7,0.06591814617341918,0.1292661,0.06591815,6.480724e+07,0.3824064,9.831473e+08,0.028944152774709662,8.369075833615333e-12,81768745.95907983,9709262.05370708,0.1187405,0.05887172292839783,0.08815970698111136,0.009875694602036978
1407,0.7,0.06591814617341918,0.1292661,0.06591815,6.480724e+07,0.3824064,9.831473e+08,0.0024139224459493198,0.0,117848563.29568896,18125541.7851323,0.1538037,0.084848408575638,0.12028478456560322,0.018436243060108028
1408,0.7,0.06591814617341918,0.1292661,0.06591815,6.480724e+07,0.3824064,9.831473e+08,0.04140667654997407,0.0028901690221536007,2593976.9106336255,328466.79886281065,0.1266267,0.0018676070933252048,0.009776008393027827,0.0005246118382522274
1409,0.7,0.06591814617341918,0.1292661,0.06591815,6.480724e+07,0.3824064,9.831473e+08,0.0,0.0,378289373.065,51837394.183651485,0.1370311,0.2723601407435675,0.38477386836529903,0.05272597145517288
1410,0.7,0.06591814617341918,0.1292661,0.06591815,6.480724e+07,0.3824064,9.831473e+08,0.04599762413701478,0.0,46649008.163982786,8130665.02683974,0.1742945,0.03358627371989927,0.055377589194621796,0.008270037853328811
1411,0.7,0.06591814617341918,0.1292661,0.06591815,6.480724e+07,0.3824064,9.831473e+08,0.0,0.0,350610807.5034105,38644162.41496277,0.1102195,0.25243217408974544,0.3566208471592146,0.0393065862296565
1412,0.7,0.06591814617341918,0.1292661,0.06591815,6.480724e+07,0.3824064,9.831473e+08,0.0009096843736985704,0.0,301743549.3646664,41070544.852037355,0.1361108,0.2172488085180838,0.3070727335478894,0.04177456080922893
1413,0.7,0.06591814617341918,0.1292661,0.06591815,6.480724e+07,0.3824064,9.831473e+08,0.0,0.0,73241207.8660711,9195223.255453425,0.1255471,0.05273208052610144,0.0744966813263688,0.00935284434193037
1414,0.7,0.06591814617341918,0.1292661,0.06591815,6.480724e+07,0.3824064,9.831473e+08,0.013597892197051887,0.0,112661700.42583048,16968232.276576117,0.1506123,0.0811139798503312,0.11693687169198622,0.017259095383726986
1415,0.7,0.06591814617341918,0.1292661,0.06591815,6.480724e+07,0.3824064,9.831473e+08,0.0,0.0,298576030.3678858,37545736.37462654,0.1257493,0.21496826356705542,0.30369410928724744,0.03818933137993931
1416,0.7,0.06591814617341918,0.1292661,0.06591815,6.480724e+07,0.3824064,9.831473e+08,0.0019282435214871903,0.0,33942525.94517008,4640552.225535508,0.1367179,0.024437882218886053,0.034856741258995495,0.0047200988404812756
1417,0.7,0.06591814617341918,0.1292661,0.06591815,6.480724e+07,0.3824064,9.831473e+08,0.00011497792146195812,0.0,202303049.21159014,24915220.925578017,0.1231579,0.1456538059996046,0.205790672176509,0.025342308347275327
1418,0.7,0.06591814617341918,0.1292661,0.06591815,6.480724e+07,0.3824064,9.831473e+08,1.5170984303652462e-06,0.0,348676677.25798076,40164264.37062394,0.1151906,0.25103964227846687,0.3546538242878684,0.04085274520591964
1419,0.7,0.06591814617341918,0.1292661,0.06591815,6.480724e+07,0.3824064,9.831473e+08,0.02657990642789391,0.00010309590963117374,67823527.20497036,7006961.787425355,0.1033117,0.04883146799922625,0.07356790235111503,0.0071338684034582675
1420,0.7,0.06591814617341918,0.1292661,0.06591815,6.480724e+07,0.3824064,9.831473e+08,0.0,0.0,417149684.9745531,58477241.04356108,0.1401829,0.3003387221540641,0.42430030924354073,0.05947963609275076
1421,0.7,0.06591814617341918,0.1292661,0.06591815,6.480724e+07,0.3824064,9.831473e+08,0.003095449280487033,0.0,70255166.32832038,9090556.40927578,0.1293934,0.05058219540800117,0.07199303902341318,0.009246383335724816
1422,0.7,0.06591814617341918,0.1292661,0.06591815,6.480724e+07,0.3824064,9.831473e+08,0.0001728312686467844,0.0,178802134.92808384,18705762.156899124,0.1046171,0.12873365762219172,0.1818968865854579,0.01902640935301817
1423,0.7,0.06591814617341918,0.1292661,0.06591815,6.480724e+07,0.3824064,9.831473e+08,0.00647983811089265,0.0,167676620.1382826,26438348.419280063,0.1576746,0.12072352836732034,0.1716678464805634,0.026891544724223667
1424,0.7,0.06591814617341918,0.1292661,0.06591815,6.480724e+07,0.3824064,9.831473e+08,0.02515188484535167,8.906484807776067e-08,61617770.437602274,10377578.528442819,0.1684186,0.04436345777497314,0.0670096104706627,0.010555472978884099
1425,0.7,0.06591814617341918,0.1292661,0.06591815,6.480724e+07,0.3824064,9.831473e+08,1.048659758696491e-14,0.0,12652642.603098908,1446877.532026721,0.1143538,0.009109628145874326,0.012869529482135673,0.0014716793668774278
1426,0.7,0.06591814617341918,0.1292661,0.06591815,6.480724e+07,0.3824064,9.831473e+08,0.0,0.0,405645265.89330363,58704247.42715516,0.1447182,0.2920557900305553,0.41259868570248687,0.05971053373508052
1427,0.7,0.06591814617341918,0.1292661,0.06591815,6.480724e+07,0.3824064,9.831473e+08,0.005029725970535059,0.0,176142795.51715255,20534964.5932051,0.1165813,0.12681899094684287,0.1800291796251194,0.020886967295045647
1428,0.7,0.06591814617341918,0.1292661,0.06591815,6.480724e+07,0.3824064,9.831473e+08,0.025119384665329238,1.505915757327453e-06,94450342.07918118,10635325.219818927,0.1126023,0.06800219697830037,0.10039938351643005,0.010817731264068587
1429,0.7,0.06591814617341918,0.1292661,0.06591815,6.480724e+07,0.3824064,9.831473e+08,2.063607612207792e-05,0.0,32442266.22755357,3753459.767750707,0.1156966,0.02335772777380803,0.03300193664040386,0.003817800174742946
1430,0.7,0.06591814617341918,0.1292661,0.06591815,6.480724e+07,0.3824064,9.831473e+08,0.0,0.0,284637000.22208476,42920463.569317386,0.1507902,0.2049324643015897,0.2895161414870819,0.043656190142990055
1431,0.7,0.06591814617341918,0.1292661,0.06591815,6.480724e+07,0.3824064,9.831473e+08,1.48022821986891e-07,0.0,365766022.21386975,47366679.20551491,0.1294999,0.26334359985382694,0.37203587242186764,0.048178621148822307
1432,0.7,0.06591814617341918,0.1292661,0.06591815,6.480724e+07,0.3824064,9.831473e+08,0.0,0.0,623984459.3190252,74505793.50317672,0.1194033,0.44925527192308146,0.63468056812359,0.07578294401867212
1433,0.7,0.06591814617341918,0.1292661,0.06591815,6.480724e+07,0.3824064,9.831473e+08,0.022564073268591618,0.0006473506169329051,4297994.678667033,462497.3819582049,0.1076077,0.003094462913701034,0.008261200816076803,0.0005130974921229341
1434,0.7,0.06591814617341918,0.1292661,0.06591815,6.480724e+07,0.3824064,9.831473e+08,0.0,0.0,526376862.46497035,88774707.2070121,0.1686524,0.37897992001081965,0.5353998182598554,0.09029645011775038
1435,0.7,0.06591814617341918,0.1292661,0.06591815,6.480724e+07,0.3824064,9.831473e+08,0.0,0.0,93370612.1997142,13600511.370121282,0.1456616,0.06722481489232215,0.09497113639919008,0.013833646261928198
1436,0.7,0.06591814617341918,0.1292661,0.06591815,6.480724e+07,0.3824064,9.831473e+08,0.000830024870415311,0.0,150469656.86096168,17926328.55018317,0.1191358,0.10833488815253095,0.1531920289351518,0.01823361498620818
1437,0.7,0.06591814617341918,0.1292661,0.06591815,6.480724e+07,0.3824064,9.831473e+08,0.0,0.0,188226579.17377445,24734667.361090273,0.131409,0.13551905299396483,0.1914530889701096,0.025158659800946337
1438,0.7,0.06591814617341918,0.1292661,0.06591815,6.480724e+07,0.3824064,9.831473e+08,0.0,0.0,265772865.20773807,39991888.67342357,0.1504739,0.19135069639231697,0.2703286445081797,0.04067741470882806
1439,0.7,0.06591814617341918,0.1292661,0.06591815,6.480724e+07,0.3824064,9.831473e+08,0.0,0.0,150404293.78714204,19299059.577446986,0.1283146,0.10828782815758393,0.15298246807817595,0.01962987685660075
1440,0.7,0.06591814617341918,0.1292661,0.06591815,6.480724e+07,0.3824064,9.831473e+08,0.0,0.0,29097421.963160567,4915126.525076472,0.1689197,0.020949512477580666,0.029596199114742122,0.004999379790226369
1441,0.7,0.06591814617341918,0.1292661,0.06591815,6.480724e+07,0.3824064,9.831473e+08,2.691146700692587e-06,0.0,213922891.3763231,25271486.19606947,0.1181336,0.15401984023885062,0.21759034166191735,0.02570468058411755
1442,0.7,0.06591814617341918,0.1292661,0.06591815,6.480724e+07,0.3824064,9.831473e+08,0.0,0.0,296312413.4193196,37536730.87334666,0.1266796,0.213338508478495,0.3013916902614626,0.03818017150971627
1443,0.7,0.06591814617341918,0.1292661,0.06591815,6.480724e+07,0.3824064,9.831473e+08,0.013844012003932689,0.0,148736716.34875327,17487245.303799707,0.1175718,0.10708720858389499,0.15367269751933593,0.017787005138629065
1444,0.7,0.06591814617341918,0.1292661,0.06591815,6.480724e+07,0.3824064,9.831473e+08,0.0,0.0,116173712.92601717,17849386.025461078,0.1536439,0.08364255264922835,0.11816511937072743,0.018155353541433137
1445,0.7,0.06591814617341918,0.1292661,0.06591815,6.480724e+07,0.3824064,9.831473e+08,0.0,0.0,583477790.9894979,77941077.4556184,0.1335802,0.42009134961171535,0.5934795495978481,0.07927711432698555
1446,0.7,0.06591814617341918,0.1292661,0.06591815,6.480724e+07,0.3824064,9.831473e+08,0.0,0.0,352961326.4583381,40278610.87312535,0.1141162,0.25412449673734594,0.3590116578331323,0.040969051793506364
1447,0.7,0.06591814617341918,0.1292661,0.06591815,6.480724e+07,0.3824064,9.831473e+08,0.0,0.0,196523733.04378623,29566482.944553588,0.1504474,0.14149282375442218,0.19989246955624618,0.03007330056448019
1448,0.7,0.06591814617341918,0.1292661,0.06591815,6.480724e+07,0.3824064,9.831473e+08,0.0013695816361589124,0.0,70128185.97999021,8925096.933795543,0.1272683,0.05049077231233591,0.07156638181269244,0.009078087615645774
1449,0.7,0.06591814617341918,0.1292661,0.06591815,6.480724e+07,0.3824064,9.831473e+08,6.514211496704756e-06,0.0,281469239.90385336,29250809.477003977,0.1039219,0.20265174560435276,0.2862952035047727,0.029752215940121784
1450,0.7,0.06591814617341918,0.1292661,0.06591815,6.480724e+07,0.3824064,9.831473e+08,2.221766035982414e-05,0.0,187433899.37072274,27410761.475405917,0.1462423,0.13494834073479,0.19065065116344096,0.02788062652216827
1451,0.7,0.06591814617341918,0.1292661,0.06591815,6.480724e+07,0.3824064,9.831473e+08,0.0017241410015730626,0.0,236853765.4653779,35808790.12545152,0.1511852,0.1705295720445994,0.24121102692602772,0.03642261104618351
1452,0.7,0.06591814617341918,0.1292661,0.06591815,6.480724e+07,0.3824064,9.831473e+08,0.0,0.0,56426930.69038335,10574703.742987359,0.1874053,0.04062616578425437,0.057394180084431805,0.010755971369322909
1453,0.7,0.06591814617341918,0.1292661,0.06591815,6.480724e+07,0.3824064,9.831473e+08,0.004760847392042885,0.0,239368718.23068595,27942835.820906933,0.1167355,0.17234028346790187,0.24429254898391597,0.02842182148759275
1454,0.7,0.06591814617341918,0.1292661,0.06591815,6.480724e+07,0.3824064,9.831473e+08,0.04490342942514376,0.00024765381612629694,72654508.57943521,7812852.322981471,0.1075343,0.05230966976952213,0.0816402519876783,0.007963102203122876
1455,0.7,0.06591814617341918,0.1292661,0.06591815,6.480724e+07,0.3824064,9.831473e+08,0.06589416253125602,0.0015187848852084422,15723196.06209519,2220713.172378529,0.141238,0.011320360013589726,0.02735136771320845,0.002358895293141505
1456,0.7,0.06591814617341918,0.1292661,0.06591815,6.480724e+07,0.3824064,9.831473e+08,0.0,0.0,205978924.76550943,25974338.76848974,0.1261019,0.1483003566418011,0.2095097386469057,0.02641958119311293
1457,0.7,0.06591814617341918,0.1292661,0.06591815,6.480724e+07,0.3824064,9.831473e+08,0.03426939199252485,5.9871811120459695e-06,84081911.28565416,10377498.772046557,0.1234213,0.06053715177405739,0.0914304734903474,0.010555780648223484
1458,0.7,0.06591814617341918,0.1292661,0.06591815,6.480724e+07,0.3824064,9.831473e+08,0.0,0.0,606085247.4134177,86083131.02269927,0.1420314,0.4363682277158615,0.6164745346053621,0.08755873593866344
1459,0.7,0.06591814617341918,0.1292661,0.06591815,6.480724e+07,0.3824064,9.831473e+08,0.05549531309757518,2.6133928847760996e-05,49949723.87711513,6265152.455728006,0.1254292,0.035962717416689986,0.060372069467438776,0.006374270061853252
1460,0.7,0.06591814617341918,0.1292661,0.06591815,6.480724e+07,0.3824064,9.831473e+08,0.03432299636587098,5.286813568857207e-08,59210151.193419546,11113578.140657598,0.1876972,0.04263002415803181,0.06614161113698677,0.01130408643584342
1461,0.7,0.06591814617341918,0.1292661,0.06591815,6.480724e+07,0.3824064,9.831473e+08,0.0,0.0,202197723.29556048,29848245.529760204,0.1476191,0.14557797362535269,0.20566372123205534,0.030359893018801997
1462,0.7,0.06591814617341918,0.1292661,0.06591815,6.480724e+07,0.3824064,9.831473e+08,0.022576720210237315,6.784270845843553e-08,82186874.08472402,14868936.775153691,0.1809162,0.0591727661066045,0.0874874023782563,0.015123819014093143
1463,0.7,0.06591814617341918,0.1292661,0.06591815,6.480724e+07,0.3824064,9.831473e+08,0.00019383145265566457,0.0,82237177.45758434,11529111.908831365,0.1401934,0.05920898344361586,0.08368026859328404,0.011726739643873748
1464,0.7,0.06591814617341918,0.1292661,0.06591815,6.480724e+07,0.3824064,9.831473e+08,0.0,0.0,146772390.00201192,13944920.372190215,0.09501052,0.10567293623484636,0.14928830755335737,0.014183958994617956
1465,0.7,0.06591814617341918,0.1292661,0.06591815,6.480724e+07,0.3824064,9.831473e+08,0.0,0.0,96153953.15634154,13160785.52133357,0.136872,0.0692287599900717,0.0978021883480828,0.013386382796694163
1466,0.7,0.06591814617341918,0.1292661,0.06591815,6.480724e+07,0.3824064,9.831473e+08,0.0,0.0,143281268.10162327,18226631.24558919,0.1272088,0.10315940421453389,0.1457373421438254,0.018539065358381457
1467,0.7,0.06591814617341918,0.1292661,0.06591815,6.480724e+07,0.3824064,9.831473e+08,0.0,0.0,221943908.90513334,23378848.92562716,0.1053367,0.15979479882505973,0.2257483885884102,0.023779600431693342
1468,0.7,0.06591814617341918,0.1292661,0.06591815,6.480724e+07,0.3824064,9.831473e+08,0.0018989528959956312,0.0,152390933.03880176,17682853.44389358,0.1160361,0.1097181653140437,0.1553304977204342,0.017985966320482643
1469,0.7,0.06591814617341918,0.1292661,0.06591815,6.480724e+07,0.3824064,9.831473e+08,3.784908024018178e-05,0.0,303024499.4258775,49451727.20493117,0.1631938,0.21817106476898038,0.308225356660237,0.05029941026315165
1470,0.7,0.06591814617341918,0.1292661,0.06591815,6.480724e+07,0.3824064,9.831473e+08,0.04808804219943931,3.254979419178567e-08,61899963.53438793,8276629.192827074,0.1337098,0.04456663068182664,0.07125031114098852,0.008418506228215055
1471,0.7,0.06591814617341918,0.1292661,0.06591815,6.480724e+07,0.3824064,9.831473e+08,0.0,0.0,24506696.02617929,2619430.437482372,0.1068863,0.017644289409375347,0.024926780666464206,0.002664331736780558
1472,0.7,0.06591814617341918,0.1292661,0.06591815,6.480724e+07,0.3824064,9.831473e+08,0.0,0.0,36670423.93066153,5230550.270725127,0.1426368,0.026401909580381303,0.03729901465662276,0.005320210412044156
1473,0.7,0.06591814617341918,0.1292661,0.06591815,6.480724e+07,0.3824064,9.831473e+08,0.04938876271181862,0.02929169058823922,584243.0898807506,60786.04566917112,0.1040424,0.0004206423482084871,0.009107754037620349,0.001992681959248
1474,0.7,0.06591814617341918,0.1292661,0.06591815,6.480724e+07,0.3824064,9.831473e+08,3.673976319661147e-12,0.0,585430378.106652,77884038.7712071,0.1330372,0.4214971699701709,0.5954656072355236,0.07921909790672614
1475,0.7,0.06591814617341918,0.1292661,0.06591815,6.480724e+07,0.3824064,9.831473e+08,0.0025792318478283153,0.0,230792706.53467166,27653684.79148305,0.1198204,0.16616574112318847,0.2351934697405789,0.02812771393909939
1476,0.7,0.06591814617341918,0.1292661,0.06591815,6.480724e+07,0.3824064,9.831473e+08,0.0028338095390935403,0.0020334876535328438,24320.47235381178,2224.2676999018704,0.0914566,1.751021240582419e-05,0.0005132214865365812,0.0001363061316544015
1477,0.7,0.06591814617341918,0.1292661,0.06591815,6.480724e+07,0.3824064,9.831473e+08,0.0025972270667187114,3.706308583646014e-13,238742147.17400214,26484776.19296261,0.1109346,0.17188916590199835,0.243282278690802,0.026938768345505765
1478,0.7,0.06591814617341918,0.1292661,0.06591815,6.480724e+07,0.3824064,9.831473e+08,0.0,0.0,431890932.53851575,57461079.00551387,0.1330453,0.31095210055464306,0.4392942457735575,0.058446055384158646
1479,0.7,0.06591814617341918,0.1292661,0.06591815,6.480724e+07,0.3824064,9.831473e+08,0.03589328618474723,0.0,40307706.01907172,5107675.890841749,0.1267171,0.02902067376478581,0.04718582944406842,0.00519522976538298
1480,0.7,0.06591814617341918,0.1292661,0.06591815,6.480724e+07,0.3824064,9.831473e+08,0.0,0.0,436125455.41300714,74839573.48157597,0.171601,0.3140008651465053,0.44360135525934113,0.07612244552893395
1481,0.7,0.06591814617341918,0.1292661,0.06591815,6.480724e+07,0.3824064,9.831473e+08,0.05614627420420924,0.0006164277181995749,52344294.10855217,4898100.376710607,0.09357468,0.037686756027582945,0.06291989737394134,0.005022695558410984
1482,0.7,0.06591814617341918,0.1292661,0.06591815,6.480724e+07,0.3824064,9.831473e+08,0.0,0.0,480948154.5754768,70097721.17308564,0.145749,0.3462722360113146,0.48919238840833235,0.07129931015726904
1483,0.7,0.06591814617341918,0.1292661,0.06591815,6.480724e+07,0.3824064,9.831473e+08,2.1409342279204634e-09,0.0,430811273.03609407,76780032.04399441,0.178222,0.3101747691386105,0.43819607951979456,0.0780961667080801
1484,0.7,0.06591814617341918,0.1292661,0.06591815,6.480724e+07,0.3824064,9.831473e+08,0.019838002696699615,0.009917283753360259,175742.7438318823,18293.800871867497,0.1040942,0.00012653096241349525,0.0035983743950734884,0.0006723363464786103
1485,0.7,0.06591814617341918,0.1292661,0.06591815,6.480724e+07,0.3824064,9.831473e+08,1.6888835814654246e-08,0.0,390861059.8833836,58924523.9316244,0.1507557,0.28141148248096987,0.39756105726010915,0.05993458613720828
1486,0.7,0.06591814617341918,0.1292661,0.06591815,6.480724e+07,0.3824064,9.831473e+08,0.0,0.0,249382120.33919784,35288657.608485326,0.1415044,0.17954971572210274,0.2536569356061873,0.03589356261166332
1487,0.7,0.06591814617341918,0.1292661,0.06591815,6.480724e+07,0.3824064,9.831473e+08,2.0351977083772262e-07,0.0,338846333.94052273,41475744.7578821,0.1224028,0.24396200838194076,0.3446547464617856,0.042186706500687066
1488,0.7,0.06591814617341918,0.1292661,0.06591815,6.480724e+07,0.3824064,9.831473e+08,0.00871019595011912,6.407806907856423e-05,76772252.85545512,8501777.456358254,0.1107402,0.055274356304266775,0.07958969326268218,0.008651735661182967
1489,0.7,0.06591814617341918,0.1292661,0.06591815,6.480724e+07,0.3824064,9.831473e+08,2.1844611147963294e-05,0.0,197021078.81365338,22805469.927100778,0.1157514,0.1418509019176593,0.20040210615440826,0.02319639278429134
1490,0.7,0.06591814617341918,0.1292661,0.06591815,6.480724e+07,0.3824064,9.831473e+08,0.0033923437636660656,0.0,144639479.75034454,20990732.471975878,0.1451245,0.10413728713206886,0.14770359843106073,0.02135054777675573
1491,0.7,0.06591814617341918,0.1292661,0.06591815,6.480724e+07,0.3824064,9.831473e+08,0.0009374126271483437,0.0,160147277.41967708,29390829.762002792,0.1835238,0.115302564976436,0.16305405085455182,0.029894636400607067
1492,0.7,0.06591814617341918,0.1292661,0.06591815,6.480724e+07,0.3824064,9.831473e+08,0.01106034107553916,2.545009450661028e-05,95907634.4565852,8756939.896764884,0.09130597,0.06905141587070127,0.09945819784596709,0.008908725716472434
1493,0.7,0.06591814617341918,0.1292661,0.06591815,6.480724e+07,0.3824064,9.831473e+08,0.0006723978546384938,0.0,83199911.92318454,10133286.60097123,0.1217944,0.05990213137009621,0.08474199982490514,0.010306987619342926
1494,0.7,0.06591814617341918,0.1292661,0.06591815,6.480724e+07,0.3824064,9.831473e+08,1.58732273093267e-08,0.0,481271707.9719667,70384578.17152207,0.1462471,0.3465051874365478,0.4895214907726153,0.0715910843513516
1495,0.7,0.06591814617341918,0.1292661,0.06591815,6.480724e+07,0.3824064,9.831473e+08,0.0004830792387688402,0.0,151960376.83039626,15710890.604360208,0.1033881,0.1094081741859049,0.15464849675752015,0.015980200829656916
1496,0.7,0.06591814617341918,0.1292661,0.06591815,6.480724e+07,0.3824064,9.831473e+08,0.0,0.0,536953476.3186166,62146288.35691791,0.1157387,0.3865948525013353,0.5461577324822414,0.06321157684629934
1497,0.7,0.06591814617341918,0.1292661,0.06591815,6.480724e+07,0.3824064,9.831473e+08,0.0,0.0,504898883.05623907,69809717.43715023,0.1382647,0.363516240850992,0.5135536713411372,0.0710063695687411
1498,0.7,0.06591814617341918,0.1292661,0.06591815,6.480724e+07,0.3824064,9.831473e+08,0.009226931573041063,0.0,144720535.38463607,23007944.7727183,0.1589819,0.10419564543006923,0.14879179333471979,0.02340233837817281
1499,0.7,0.06591814617341918,0.1292661,0.06591815,6.480724e+07,0.3824064,9.831473e+08,0.07672313072369409,7.309394578855083e-05,39692436.544149406,6071630.68733868,0.1529669,0.028577693092536608,0.05359814706688463,0.006180526532770605
1500,0.7,0.06591814617341918,0.1292661,0.06591815,6.480724e+07,0.3824064,9.831473e+08,0.0,0.0,117562279.35249062,16896673.597799726,0.1437253,0.08464229034812774,0.119577488084835,0.017186310072776233
1501,0.7,0.06591814617341918,0.1292661,0.06591815,6.480724e+07,0.3824064,9.831473e+08,4.4269295967757315e-06,0.0,229641856.36429745,31797980.97770974,0.1384677,0.1653371539708763,0.23357905449263577,0.03234305010438999
1502,0.7,0.06591814617341918,0.1292661,0.06591815,6.480724e+07,0.3824064,9.831473e+08,0.0,0.0,647678260.6135514,80704492.85276175,0.1246058,0.46631429476329866,0.6587805197201871,0.08208789915988746
1503,0.7,0.06591814617341918,0.1292661,0.06591815,6.480724e+07,0.3824064,9.831473e+08,0.00022524762195794145,0.0,245401962.03263187,42138716.562183864,0.171713,0.17668408810011896,0.24964737846269291,0.04286104272031563
1504,0.7,0.06591814617341918,0.1292661,0.06591815,6.480724e+07,0.3824064,9.831473e+08,0.0,0.0,84541315.53435816,12891088.862978358,0.1524827,0.06086791286528613,0.08599049122444408,0.013112063098840271
1505,0.7,0.06591814617341918,0.1292661,0.06591815,6.480724e+07,0.3824064,9.831473e+08,0.00014248934655514118,0.0,228526816.35158587,30023813.256404947,0.1313798,0.164534349355097,0.2324686996913304,0.030538470261915807
1506,0.7,0.06591814617341918,0.1292661,0.06591815,6.480724e+07,0.3824064,9.831473e+08,0.003623076988635088,0.0,86325805.721252,12112619.770471476,0.1403128,0.06215270708120615,0.08843010630218133,0.012320249779582081
1507,0.7,0.06591814617341918,0.1292661,0.06591815,6.480724e+07,0.3824064,9.831473e+08,1.0193409508045858e-06,0.0,278581484.6203477,32838220.50902037,0.1178765,0.20057262445676122,0.28335700020722837,0.03340112103365218
1508,0.7,0.06591814617341918,0.1292661,0.06591815,6.480724e+07,0.3824064,9.831473e+08,0.0012404370538561093,0.0,162094246.3526269,23790795.662865683,0.1467714,0.11670434036416398,0.16508662850136172,0.024198608606211886
1509,0.7,0.06591814617341918,0.1292661,0.06591815,6.480724e+07,0.3824064,9.831473e+08,0.013257969291791108,0.0075780976464726625,73131.88623101414,9145.37168562505,0.1250531,5.265337132084625e-05,0.0023597569604066,0.0005088362866117195
1510,0.7,0.06591814617341918,0.1292661,0.06591815,6.480724e+07,0.3824064,9.831473e+08,5.759769499900016e-14,0.0,606969646.6644611,67867570.12485607,0.1118138,0.43700497598752464,0.6173740938984238,0.0690309306917989
1511,0.7,0.06591814617341918,0.1292661,0.06591815,6.480724e+07,0.3824064,9.831473e+08,0.0,0.0,325308033.7005874,40737538.67166597,0.1252276,0.2342147259539359,0.33088434264786126,0.04143584636115207
1512,0.7,0.06591814617341918,0.1292661,0.06591815,6.480724e+07,0.3824064,9.831473e+08,0.0,0.0,126707048.19899973,11950745.43883897,0.09431792,0.09122632550069507,0.12887901314716654,0.012155600658549056
1513,0.7,0.06591814617341918,0.1292661,0.06591815,6.480724e+07,0.3824064,9.831473e+08,0.012422273635582261,0.009798198970489764,15624.637825871645,1953.9252615572634,0.1250541,1.1249400221957753e-05,0.002157209076360704,0.000647866530692407
1514,0.7,0.06591814617341918,0.1292661,0.06591815,6.480724e+07,0.3824064,9.831473e+08,0.07779375421079968,0.00024574409140251067,37068410.40732985,4245313.48455767,0.1145265,0.026688451208345024,0.05111369191988917,0.0043342840594001964
1515,0.7,0.06591814617341918,0.1292661,0.06591815,6.480724e+07,0.3824064,9.831473e+08,0.004146566179938283,0.0,127517522.5333721,17695603.917780645,0.13877,0.09180984943632722,0.13041815375114832,0.01799893535823611
1516,0.7,0.06591814617341918,0.1292661,0.06591815,6.480724e+07,0.3824064,9.831473e+08,0.0,0.0,140629223.0397718,20293105.13636351,0.1443022,0.10124998931225473,0.1430398367149527,0.020640961973628174
1517,0.7,0.06591814617341918,0.1292661,0.06591815,6.480724e+07,0.3824064,9.831473e+08,0.0013490954689376492,0.0,195927562.04778203,41502723.521483526,0.2118269,0.14106359357260834,0.19951863250370033,0.04221414772418886
1518,0.7,0.06591814617341918,0.1292661,0.06591815,6.480724e+07,0.3824064,9.831473e+08,0.0,0.0,60766938.7561228,9268186.114672776,0.1525202,0.043750877425069896,0.06180858294925727,0.009427057903261364
1519,0.7,0.06591814617341918,0.1292661,0.06591815,6.480724e+07,0.3824064,9.831473e+08,5.856928021224742e-08,0.0,375850273.3574354,44537184.330280654,0.1184971,0.27060404187603276,0.3822929686165383,0.04530062412806909
1520,0.7,0.06591814617341918,0.1292661,0.06591815,6.480724e+07,0.3824064,9.831473e+08,0.0,0.0,315597877.0779045,46401918.02080141,0.1470286,0.22722362386991946,0.3210077381430325,0.04719732238781504
1521,0.7,0.06591814617341918,0.1292661,0.06591815,6.480724e+07,0.3824064,9.831473e+08,0.047681209597357166,5.698494211865468e-05,49106165.754846774,8074074.815062577,0.1644208,0.03535537387160206,0.05816707819281332,0.00821623393499839
1522,0.7,0.06591814617341918,0.1292661,0.06591815,6.480724e+07,0.3824064,9.831473e+08,6.215071525504559e-06,0.0,359048134.47890824,53773545.364865564,0.149767,0.25850686644477283,0.36520387498247264,0.05469531141759307
1523,0.7,0.06591814617341918,0.1292661,0.06591815,6.480724e+07,0.3824064,9.831473e+08,0.00015210186524642168,0.0,226946093.19589946,34254276.987039864,0.1509357,0.16339626298044913,0.2308625373479964,0.03484145102351335
1524,0.7,0.06591814617341918,0.1292661,0.06591815,6.480724e+07,0.3824064,9.831473e+08,0.028024063904539223,6.873422786421205e-05,57349298.21627156,7164044.630379101,0.1249195,0.04129025038999623,0.06316306784272768,0.007291378843539739
1525,0.7,0.06591814617341918,0.1292661,0.06591815,6.480724e+07,0.3824064,9.831473e+08,8.359710743980414e-07,0.0,320069838.4113138,34905457.382253796,0.1090558,0.23044333900042577,0.3255565002715565,0.03550379371011866
1526,0.7,0.06591814617341918,0.1292661,0.06591815,6.480724e+07,0.3824064,9.831473e+08,9.734702407962392e-05,0.0,203225813.25078627,34917791.6810396,0.1718177,0.14631817608632489,0.2067262147280734,0.03551633943885255
1527,0.7,0.06591814617341918,0.1292661,0.06591815,6.480724e+07,0.3824064,9.831473e+08,7.229840070109621e-07,0.0,100785570.09462541,10286744.517257642,0.1020656,0.07256342369199001,0.10251332336190258,0.010463076053978004
1528,0.7,0.06591814617341918,0.1292661,0.06591815,6.480724e+07,0.3824064,9.831473e+08,0.0001424881850099368,0.0,194318990.44546634,28639095.260933496,0.1473819,0.13990545692062387,0.1976744957956126,0.029130015947178706
1529,0.7,0.06591814617341918,0.1292661,0.06591815,6.480724e+07,0.3824064,9.831473e+08,0.0,0.0,603855622.2315049,81824585.959591,0.1355036,0.43476294596176146,0.614206690020413,0.08322719248486792
1530,0.7,0.06591814617341918,0.1292661,0.06591815,6.480724e+07,0.3824064,9.831473e+08,0.0,0.0,510956591.7722027,66396293.29874523,0.1299451,0.3678776596904789,0.5197152190398906,0.06753443378724108
1531,0.7,0.06591814617341918,0.1292661,0.06591815,6.480724e+07,0.3824064,9.831473e+08,0.00044504789467487163,0.0,195121061.2429474,29237258.487678863,0.1498416,0.14048293049202845,0.19854246978363851,0.029738432664793285
1532,0.7,0.06591814617341918,0.1292661,0.06591815,6.480724e+07,0.3824064,9.831473e+08,1.1309567240919337e-08,0.0,442166519.33013606,54683877.069322914,0.1236726,0.3183503000919787,0.44974597478983946,0.055621247688500276
1533,0.7,0.06591814617341918,0.1292661,0.06591815,6.480724e+07,0.3824064,9.831473e+08,0.0,0.0,291251597.42055327,38802509.50341684,0.1332268,0.209694830765496,0.2962441236429424,0.03946764764482448
1534,0.7,0.06591814617341918,0.1292661,0.06591815,6.480724e+07,0.3824064,9.831473e+08,1.606684967573371e-07,0.0,152906722.17845818,18776507.366819955,0.1227971,0.11008952230335751,0.15552781985894998,0.019098367250933734
1535,0.7,0.06591814617341918,0.1292661,0.06591815,6.480724e+07,0.3824064,9.831473e+08,0.0,0.0,226908359.9830215,29005919.2754406,0.127831,0.16336909588588636,0.23079793843453048,0.029503127922087223
1536,0.7,0.06591814617341918,0.1292661,0.06591815,6.480724e+07,0.3824064,9.831473e+08,0.8233538928728118,0.9699855330762063,63.15700101453767,9.953564989874733,0.1576003,4.5471670393197795e-08,0.14192749361537688,0.06393965827960457
1537,0.7,0.06591814617341918,0.1292661,0.06591815,6.480724e+07,0.3824064,9.831473e+08,0.0,0.0,11588907.021961698,1339513.4494232638,0.1155858,0.008343761607660233,0.011787559742524907,0.0013624748892255391
1538,0.7,0.06591814617341918,0.1292661,0.06591815,6.480724e+07,0.3824064,9.831473e+08,3.783717440595383e-17,0.0,516126994.34056824,73165103.2760412,0.1417579,0.3716002373558552,0.5249742507201013,0.07441927217984982
1539,0.7,0.06591814617341918,0.1292661,0.06591815,6.480724e+07,0.3824064,9.831473e+08,0.0,0.0,33657872.698530674,4414030.5152873425,0.1311441,0.024232938057516494,0.03423482339519797,0.004489694179587104
1540,0.7,0.06591814617341918,0.1292661,0.06591815,6.480724e+07,0.3824064,9.831473e+08,6.228794402588927e-05,0.0,411527996.0853695,54356224.87470076,0.1320839,0.2962912281293998,0.4185929924814495,0.055287979002198895
1541,0.7,0.06591814617341918,0.1292661,0.06591815,6.480724e+07,0.3824064,9.831473e+08,0.024077023402406136,0.0130702481965021,276521.26058224036,22864.847478654592,0.08268748,0.0001990893078506514,0.004431590891738432,0.000884823319303575
1542,0.7,0.06591814617341918,0.1292661,0.06591815,6.480724e+07,0.3824064,9.831473e+08,3.45261788300723e-10,0.0,49532376.88833425,6017740.145599233,0.121491,0.03566223664007633,0.05038144247285398,0.0061208940020673445
1543,0.7,0.06591814617341918,0.1292661,0.06591815,6.480724e+07,0.3824064,9.831473e+08,0.005718882626427292,0.0,140717098.25747076,24417110.50614767,0.1735191,0.10131325756234182,0.14411502316661673,0.02483565950487091
1544,0.7,0.06591814617341918,0.1292661,0.06591815,6.480724e+07,0.3824064,9.831473e+08,6.478625180819662e-05,0.0,326086204.1914684,47679371.710965514,0.1462171,0.2347749918231609,0.33168701991893035,0.048496673712541544
1545,0.7,0.06591814617341918,0.1292661,0.06591815,6.480724e+07,0.3824064,9.831473e+08,0.029974338832124487,0.009927688276999013,515887.6119908582,47142.69008376333,0.09138171,0.0003714278872580179,0.0056916230266145194,0.0007023655994964727
1546,0.7,0.06591814617341918,0.1292661,0.06591815,6.480724e+07,0.3824064,9.831473e+08,0.0,0.0,51329335.36440051,5753272.028144776,0.1120855,0.03695600775367211,0.05220920368118967,0.005851892470811655
1547,0.7,0.06591814617341918,0.1292661,0.06591815,6.480724e+07,0.3824064,9.831473e+08,0.0,0.0,240855908.09594387,33705613.85602959,0.139941,0.1734110279028624,0.24498457021363185,0.034283382913807385
1548,0.7,0.06591814617341918,0.1292661,0.06591815,6.480724e+07,0.3824064,9.831473e+08,0.00535732649104849,0.0,187911067.03442588,24940440.84239966,0.1327247,0.13529189109939974,0.1920556493189666,0.02536796057450204
1549,0.7,0.06591814617341918,0.1292661,0.06591815,6.480724e+07,0.3824064,9.831473e+08,0.002379561763455727,4.194388801887241e-07,117503114.81405136,11697564.648679974,0.0995511,0.08459969316416303,0.11992749153712307,0.011898107586375647
1550,0.7,0.06591814617341918,0.1292661,0.06591815,6.480724e+07,0.3824064,9.831473e+08,0.0,0.0,280097278.0289196,40314840.66782243,0.1439316,0.20166396282228774,0.284898601069768,0.04100590262582747
1551,0.7,0.06591814617341918,0.1292661,0.06591815,6.480724e+07,0.3824064,9.831473e+08,0.0,0.0,636341773.8200923,68443790.54796329,0.1075582,0.4581522702433194,0.6472497070995485,0.06961702847042182
1552,0.7,0.06591814617341918,0.1292661,0.06591815,6.480724e+07,0.3824064,9.831473e+08,3.1516687639140235e-16,0.0,188815642.2238311,27124123.274657805,0.143654,0.13594316560891975,0.19205224951920183,0.027589074876322353
1553,0.7,0.06591814617341918,0.1292661,0.06591815,6.480724e+07,0.3824064,9.831473e+08,0.05579335988771935,0.0001788406881830445,32933200.81579824,4893605.744871846,0.1485919,0.02371119002538238,0.043115231984147705,0.004989278955461886
1554,0.7,0.06591814617341918,0.1292661,0.06591815,6.480724e+07,0.3824064,9.831473e+08,1.1003842800659986e-09,0.0,529204634.2998969,76231381.14587839,0.144049,0.38101585437691393,0.5382760628942679,0.0775381110409601
1555,0.7,0.06591814617341918,0.1292661,0.06591815,6.480724e+07,0.3824064,9.831473e+08,6.34703200342933e-05,0.0,176484326.82903102,19991566.70585922,0.1132767,0.12706488608108332,0.17952049615182486,0.0203342546838466
1556,0.7,0.06591814617341918,0.1292661,0.06591815,6.480724e+07,0.3824064,9.831473e+08,0.0,0.0,463009920.464511,58386507.95535961,0.1261021,0.3333570966629137,0.4709466637806603,0.059387347691802185
1557,0.7,0.06591814617341918,0.1292661,0.06591815,6.480724e+07,0.3824064,9.831473e+08,0.0,0.0,368906799.95445305,49383616.62393582,0.1338648,0.2656048916806067,0.37523046268695587,0.05023013215598767
1558,0.7,0.06591814617341918,0.1292661,0.06591815,6.480724e+07,0.3824064,9.831473e+08,8.959162179906746e-08,0.0,326933108.25978136,52451211.49479152,0.1604341,0.23538474437680287,0.3325372890724155,0.05335031059365657
1559,0.7,0.06591814617341918,0.1292661,0.06591815,6.480724e+07,0.3824064,9.831473e+08,0.0,0.0,609510309.6745642,87359237.48500207,0.1433269,0.4388341982292363,0.6199583080059617,0.08885671694185128
1560,0.7,0.06591814617341918,0.1292661,0.06591815,6.480724e+07,0.3824064,9.831473e+08,2.6090236239195997e-05,0.0,308829334.3869649,41609950.57120869,0.1347345,0.22235041999163763,0.3141276689800791,0.04232321281999599
1561,0.7,0.06591814617341918,0.1292661,0.06591815,6.480724e+07,0.3824064,9.831473e+08,0.0,0.0,215024206.29522166,33056767.207389724,0.1537351,0.1548127630848822,0.2187100710179727,0.03362341397798924
1562,0.7,0.06591814617341918,0.1292661,0.06591815,6.480724e+07,0.3824064,9.831473e+08,0.0,0.0,427820865.81498283,64596296.695686564,0.1509891,0.30802174082321426,0.43515441148471656,0.06570358231395829
1563,0.7,0.06591814617341918,0.1292661,0.06591815,6.480724e+07,0.3824064,9.831473e+08,0.0,0.0,203948829.95717803,30678953.43099591,0.1504248,0.14683873242740658,0.20744484471076077,0.031204840604958907
1564,0.7,0.06591814617341918,0.1292661,0.06591815,6.480724e+07,0.3824064,9.831473e+08,0.03774915604670995,0.0,75371122.48436843,8973297.160050815,0.1190548,0.05426557283784969,0.08317019954233672,0.009127114072196898
1565,0.7,0.06591814617341918,0.1292661,0.06591815,6.480724e+07,0.3824064,9.831473e+08,0.007865668764784426,0.0,126999925.22185889,20837192.713254794,0.1640725,0.09143719060250899,0.13053277242776726,0.0211943760967735
1566,0.7,0.06591814617341918,0.1292661,0.06591815,6.480724e+07,0.3824064,9.831473e+08,0.0,0.0,308589065.7078981,39073674.53836459,0.1266204,0.22217743175589444,0.31387878434337957,0.03974346088963463
1567,0.7,0.06591814617341918,0.1292661,0.06591815,6.480724e+07,0.3824064,9.831473e+08,0.0,0.0,135398759.57967144,17318112.591907907,0.1279045,0.09748416910798946,0.13771971460160867,0.017614973216890307
1568,0.7,0.06591814617341918,0.1292661,0.06591815,6.480724e+07,0.3824064,9.831473e+08,7.012976483625331e-05,0.0,302032597.7241024,50219252.057506666,0.166271,0.21745691706530476,0.3072220166032109,0.05108009174040064
1569,0.7,0.06591814617341918,0.1292661,0.06591815,6.480724e+07,0.3824064,9.831473e+08,0.0,0.0,486169760.44663984,78556220.98595257,0.1615819,0.35003167894373094,0.49450350109925406,0.07990280241821801
1570,0.7,0.06591814617341918,0.1292661,0.06591815,6.480724e+07,0.3824064,9.831473e+08,0.0002654824531575624,0.0,208127888.2480099,31596464.613131575,0.1518127,0.14984756372246644,0.2117413019786146,0.03213807942147225
1571,0.7,0.06591814617341918,0.1292661,0.06591815,6.480724e+07,0.3824064,9.831473e+08,2.661871082082118e-06,0.0,299132511.84608394,47874254.15782462,0.1600436,0.2153689181572048,0.30426058860918576,0.04869489676159767
1572,0.7,0.06591814617341918,0.1292661,0.06591815,6.480724e+07,0.3824064,9.831473e+08,0.0026508359400392065,0.0,132201638.68117625,20290575.050458234,0.153482,0.0951823114300083,0.13492473349656234,0.020638388517934238
1573,0.7,0.06591814617341918,0.1292661,0.06591815,6.480724e+07,0.3824064,9.831473e+08,0.0,0.0,443333648.27554,67480421.5705688,0.1522114,0.31919060760910656,0.45093310827467986,0.06863714578143201
1574,0.7,0.06591814617341918,0.1292661,0.06591815,6.480724e+07,0.3824064,9.831473e+08,0.022712231646808,0.014285232743835715,9808.042099902481,1226.5023235348747,0.1250507,7.061577503762636e-06,0.003925046808751283,0.0009429035866982561
1575,0.7,0.06591814617341918,0.1292661,0.06591815,6.480724e+07,0.3824064,9.831473e+08,0.021581194457089885,0.0,93315160.1847451,12520956.717629993,0.1341792,0.06718489064470418,0.0986348394762191,0.012735586286345815
1576,0.7,0.06591814617341918,0.1292661,0.06591815,6.480724e+07,0.3824064,9.831473e+08,0.0,0.0,190546992.61185372,31690030.591075346,0.1663108,0.1371897003226434,0.19381327806964102,0.0322332492725022
1577,0.7,0.06591814617341918,0.1292661,0.06591815,6.480724e+07,0.3824064,9.831473e+08,0.04974629914131479,0.00038870428492918287,11952255.787765224,2261506.970841295,0.1892117,0.008605364835346583,0.020732264092558125,0.0023258955454811534
1578,0.7,0.06591814617341918,0.1292661,0.06591815,6.480724e+07,0.3824064,9.831473e+08,0.0,0.0,11976629.923845544,1445592.5409330493,0.1207011,0.008622913684471135,0.01218192884574059,0.0014703723489458349
1579,0.7,0.06591814617341918,0.1292661,0.06591815,6.480724e+07,0.3824064,9.831473e+08,0.1013594693818155,0.00237526087386087,32552154.563641515,3138920.4496965744,0.09642743,0.02343684499150964,0.0505822118348354,0.0033492994464551676
1580,0.7,0.06591814617341918,0.1292661,0.06591815,6.480724e+07,0.3824064,9.831473e+08,0.0,0.0,487144925.0225526,65214798.747211106,0.1338715,0.3507337762799363,0.4954953815825112,0.06633268649689837
1581,0.7,0.06591814617341918,0.1292661,0.06591815,6.480724e+07,0.3824064,9.831473e+08,0.0,0.0,306133157.6039495,43969289.16996872,0.143628,0.22040923120766023,0.31138077797896707,0.044722994320790285
1582,0.7,0.06591814617341918,0.1292661,0.06591815,6.480724e+07,0.3824064,9.831473e+08,0.0,0.0,577954224.2030128,84310605.7456612,0.1458777,0.4161145013720079,0.5878612998902499,0.08575582669462284
1583,0.7,0.06591814617341918,0.1292661,0.06591815,6.480724e+07,0.3824064,9.831473e+08,7.808260473554704e-10,0.0,351730596.95049185,45537240.4198043,0.1294662,0.253238398195221,0.35775983175382164,0.04631782280597688
1584,0.7,0.06591814617341918,0.1292661,0.06591815,6.480724e+07,0.3824064,9.831473e+08,0.0,0.0,76872669.63249175,13011551.719871594,0.1692611,0.05534665420495883,0.07819039225555809,0.013234590885083903
1585,0.7,0.06591814617341918,0.1292661,0.06591815,6.480724e+07,0.3824064,9.831473e+08,0.0,0.0,448764966.7487663,70331823.74873489,0.1567231,0.32310103906480825,0.45645752838284953,0.07153742563193072
1586,0.7,0.06591814617341918,0.1292661,0.06591815,6.480724e+07,0.3824064,9.831473e+08,2.16423644922313e-05,0.0,413787428.06191397,53982213.475173876,0.1304588,0.2979179701289072,0.4208841484272496,0.054907556438798064
1587,0.7,0.06591814617341918,0.1292661,0.06591815,6.480724e+07,0.3824064,9.831473e+08,0.0,0.0,315423724.4900776,39918339.51149808,0.1265547,0.22709823778532742,0.3208306002965182,0.04060260479460867
1588,0.7,0.06591814617341918,0.1292661,0.06591815,6.480724e+07,0.3824064,9.831473e+08,0.0,0.0,250702239.91159806,37323437.29534421,0.1488756,0.18050017317118228,0.2549996841757854,0.0379632217327756
1589,0.7,0.06591814617341918,0.1292661,0.06591815,6.480724e+07,0.3824064,9.831473e+08,0.0,0.0,523884277.7836047,64141894.5802218,0.1224352,0.3771853131226283,0.5328645066218191,0.06524139100695928
