{
  "n_iterations": 1000,
  "n_events_used": 412,
  "n_events_excluded": 0,
  "strategy": "physics-floor",
  "h_truth": 0.73,
  "full_sample_map_h": 0.755,
  "cached_map_h": 0.755,
  "mean": 0.7550999999999999,
  "std": 0.009896359832682828,
  "p2.5": 0.745,
  "p16": 0.745,
  "p50": 0.755,
  "p84": 0.765,
  "p97.5": 0.765,
  "interval_68": [
    0.745,
    0.765
  ],
  "interval_95": [
    0.745,
    0.765
  ],
  "verdict": "systematic",
  "map_distribution": [
    0.745,
    0.755,
    0.765,
    0.745,
    0.765,
    0.765,
    0.745,
    0.765,
    0.755,
    0.765,
    0.765,
    0.755,
    0.745,
    0.765,
    0.745,
    0.765,
    0.765,
    0.765,
    0.745,
    0.765,
    0.755,
    0.745,
    0.765,
    0.745,
    0.765,
    0.745,
    0.725,
    0.765,
    0.745,
    0.765,
    0.745,
    0.765,
    0.765,
    0.765,
    0.755,
    0.765,
    0.765,
    0.765,
    0.745,
    0.765,
    0.765,
    0.745,
    0.745,
    0.765,
    0.755,
    0.765,
    0.765,
    0.745,
    0.745,
    0.755,
    0.745,
    0.765,
    0.745,
    0.745,
    0.745,
    0.745,
    0.745,
    0.755,
    0.755,
    0.765,
    0.745,
    0.765,
    0.765,
    0.765,
    0.745,
    0.745,
    0.745,
    0.765,
    0.765,
    0.745,
    0.745,
    0.745,
    0.755,
    0.755,
    0.765,
    0.745,
    0.745,
    0.745,
    0.755,
    0.765,
    0.745,
    0.765,
    0.765,
    0.765,
    0.745,
    0.765,
    0.765,
    0.755,
    0.765,
    0.755,
    0.765,
    0.765,
    0.745,
    0.765,
    0.755,
    0.765,
    0.755,
    0.765,
    0.745,
    0.745,
    0.765,
    0.755,
    0.765,
    0.765,
    0.765,
    0.725,
    0.745,
    0.745,
    0.745,
    0.765,
    0.745,
    0.745,
    0.765,
    0.765,
    0.745,
    0.765,
    0.755,
    0.765,
    0.745,
    0.765,
    0.745,
    0.745,
    0.765,
    0.765,
    0.755,
    0.745,
    0.765,
    0.745,
    0.765,
    0.755,
    0.745,
    0.765,
    0.755,
    0.745,
    0.745,
    0.745,
    0.765,
    0.765,
    0.765,
    0.85,
    0.765,
    0.765,
    0.755,
    0.755,
    0.765,
    0.755,
    0.745,
    0.745,
    0.765,
    0.745,
    0.755,
    0.765,
    0.765,
    0.745,
    0.765,
    0.745,
    0.765,
    0.745,
    0.745,
    0.765,
    0.745,
    0.745,
    0.745,
    0.745,
    0.765,
    0.745,
    0.745,
    0.745,
    0.765,
    0.745,
    0.745,
    0.765,
    0.765,
    0.765,
    0.765,
    0.745,
    0.745,
    0.745,
    0.745,
    0.765,
    0.765,
    0.765,
    0.745,
    0.745,
    0.745,
    0.745,
    0.745,
    0.765,
    0.765,
    0.755,
    0.745,
    0.75,
    0.765,
    0.765,
    0.745,
    0.745,
    0.765,
    0.745,
    0.755,
    0.765,
    0.765,
    0.765,
    0.755,
    0.765,
    0.745,
    0.755,
    0.745,
    0.745,
    0.745,
    0.765,
    0.745,
    0.755,
    0.765,
    0.755,
    0.755,
    0.765,
    0.745,
    0.745,
    0.755,
    0.765,
    0.765,
    0.745,
    0.745,
    0.745,
    0.765,
    0.765,
    0.765,
    0.745,
    0.765,
    0.765,
    0.765,
    0.755,
    0.745,
    0.765,
    0.745,
    0.765,
    0.765,
    0.765,
    0.745,
    0.765,
    0.765,
    0.755,
    0.765,
    0.765,
    0.745,
    0.765,
    0.765,
    0.765,
    0.745,
    0.765,
    0.765,
    0.745,
    0.745,
    0.765,
    0.745,
    0.765,
    0.75,
    0.755,
    0.765,
    0.765,
    0.745,
    0.755,
    0.745,
    0.745,
    0.745,
    0.765,
    0.765,
    0.755,
    0.755,
    0.745,
    0.745,
    0.745,
    0.765,
    0.755,
    0.755,
    0.745,
    0.765,
    0.745,
    0.765,
    0.755,
    0.745,
    0.765,
    0.745,
    0.745,
    0.755,
    0.765,
    0.745,
    0.765,
    0.765,
    0.765,
    0.765,
    0.765,
    0.745,
    0.745,
    0.765,
    0.765,
    0.745,
    0.745,
    0.765,
    0.755,
    0.745,
    0.745,
    0.745,
    0.745,
    0.765,
    0.765,
    0.765,
    0.765,
    0.755,
    0.745,
    0.745,
    0.765,
    0.745,
    0.765,
    0.745,
    0.745,
    0.765,
    0.765,
    0.755,
    0.745,
    0.755,
    0.765,
    0.745,
    0.765,
    0.765,
    0.755,
    0.765,
    0.745,
    0.765,
    0.745,
    0.745,
    0.745,
    0.755,
    0.745,
    0.755,
    0.745,
    0.765,
    0.765,
    0.745,
    0.765,
    0.755,
    0.745,
    0.745,
    0.755,
    0.745,
    0.745,
    0.765,
    0.745,
    0.745,
    0.765,
    0.765,
    0.765,
    0.745,
    0.755,
    0.765,
    0.765,
    0.765,
    0.765,
    0.755,
    0.765,
    0.765,
    0.765,
    0.765,
    0.745,
    0.725,
    0.755,
    0.765,
    0.765,
    0.755,
    0.745,
    0.745,
    0.765,
    0.745,
    0.765,
    0.765,
    0.765,
    0.745,
    0.755,
    0.755,
    0.765,
    0.745,
    0.755,
    0.765,
    0.725,
    0.745,
    0.745,
    0.745,
    0.755,
    0.745,
    0.745,
    0.745,
    0.745,
    0.765,
    0.745,
    0.745,
    0.745,
    0.765,
    0.745,
    0.765,
    0.765,
    0.755,
    0.765,
    0.745,
    0.745,
    0.765,
    0.765,
    0.765,
    0.745,
    0.745,
    0.755,
    0.765,
    0.745,
    0.765,
    0.745,
    0.765,
    0.765,
    0.745,
    0.745,
    0.745,
    0.755,
    0.765,
    0.755,
    0.745,
    0.745,
    0.765,
    0.745,
    0.745,
    0.745,
    0.745,
    0.765,
    0.765,
    0.745,
    0.765,
    0.755,
    0.755,
    0.745,
    0.745,
    0.765,
    0.745,
    0.745,
    0.745,
    0.755,
    0.755,
    0.765,
    0.745,
    0.745,
    0.745,
    0.765,
    0.765,
    0.755,
    0.765,
    0.755,
    0.745,
    0.745,
    0.745,
    0.745,
    0.765,
    0.765,
    0.745,
    0.745,
    0.755,
    0.745,
    0.755,
    0.745,
    0.765,
    0.745,
    0.725,
    0.765,
    0.765,
    0.765,
    0.745,
    0.765,
    0.745,
    0.745,
    0.765,
    0.765,
    0.745,
    0.745,
    0.745,
    0.765,
    0.765,
    0.745,
    0.765,
    0.755,
    0.745,
    0.765,
    0.745,
    0.765,
    0.765,
    0.765,
    0.755,
    0.765,
    0.765,
    0.765,
    0.745,
    0.765,
    0.745,
    0.745,
    0.745,
    0.755,
    0.765,
    0.755,
    0.745,
    0.745,
    0.755,
    0.765,
    0.765,
    0.765,
    0.745,
    0.745,
    0.745,
    0.755,
    0.765,
    0.745,
    0.755,
    0.745,
    0.745,
    0.765,
    0.755,
    0.745,
    0.765,
    0.765,
    0.765,
    0.765,
    0.745,
    0.745,
    0.765,
    0.745,
    0.755,
    0.765,
    0.765,
    0.765,
    0.765,
    0.755,
    0.745,
    0.745,
    0.765,
    0.765,
    0.755,
    0.745,
    0.745,
    0.745,
    0.755,
    0.745,
    0.745,
    0.745,
    0.745,
    0.765,
    0.765,
    0.745,
    0.745,
    0.745,
    0.765,
    0.755,
    0.755,
    0.745,
    0.765,
    0.745,
    0.765,
    0.745,
    0.745,
    0.755,
    0.765,
    0.745,
    0.765,
    0.745,
    0.745,
    0.745,
    0.765,
    0.745,
    0.745,
    0.745,
    0.755,
    0.765,
    0.755,
    0.745,
    0.755,
    0.765,
    0.765,
    0.745,
    0.755,
    0.765,
    0.745,
    0.755,
    0.745,
    0.765,
    0.765,
    0.745,
    0.765,
    0.745,
    0.745,
    0.755,
    0.755,
    0.745,
    0.745,
    0.765,
    0.765,
    0.745,
    0.755,
    0.755,
    0.745,
    0.745,
    0.745,
    0.745,
    0.745,
    0.745,
    0.755,
    0.745,
    0.745,
    0.745,
    0.765,
    0.765,
    0.765,
    0.765,
    0.745,
    0.765,
    0.765,
    0.765,
    0.745,
    0.765,
    0.765,
    0.745,
    0.755,
    0.745,
    0.765,
    0.765,
    0.745,
    0.745,
    0.765,
    0.765,
    0.745,
    0.755,
    0.755,
    0.755,
    0.765,
    0.765,
    0.745,
    0.765,
    0.765,
    0.765,
    0.765,
    0.745,
    0.765,
    0.765,
    0.755,
    0.765,
    0.765,
    0.765,
    0.745,
    0.745,
    0.765,
    0.765,
    0.765,
    0.745,
    0.765,
    0.745,
    0.765,
    0.745,
    0.765,
    0.765,
    0.745,
    0.755,
    0.745,
    0.765,
    0.765,
    0.755,
    0.765,
    0.765,
    0.75,
    0.745,
    0.765,
    0.755,
    0.755,
    0.745,
    0.745,
    0.755,
    0.765,
    0.745,
    0.765,
    0.745,
    0.765,
    0.745,
    0.755,
    0.765,
    0.755,
