event_idx,h,w_G,w_G_legacy,w_tilde_G,alpha_G_phi,r_Malm,D_tilde_phi,L_cat_no_bh,L_cat_with_bh,B_num,B_num_wbh,g_frac,L_comp,combined_no_bh,combined_with_bh,den_log_term,num_log_term_no_bh,num_log_term_with_bh
0,0.725,0.06259443942520057,0.1227371,0.06259444,5.965099e+07,0.3826937,9.529759e+08,0.0,0.0,43363290.236994915,16238665.577099733,0.3744796,0.032250833315581304,0.04550303160997196,0.017039954971593486,20.675100120520536,17.5851237940663,16.60290572042396
1,0.725,0.06259443942520057,0.1227371,0.06259444,5.965099e+07,0.3826937,9.529759e+08,0.0,0.0,41038820.2030757,22037005.9073537,0.5369795,0.03052204163023461,0.043063861684170944,0.023124411706562997,20.675100120520536,17.530029010925162,16.908233684897098
2,0.725,0.06259443942520057,0.1227371,0.06259444,5.965099e+07,0.3826937,9.529759e+08,0.0,0.0,14634534.282603847,2682274.4935506163,0.1832839,0.010884227723955224,0.015356668565025596,0.0028146300799501652,20.675100120520536,16.49889465543601,14.802175684175303
3,0.725,0.06259443942520057,0.1227371,0.06259444,5.965099e+07,0.3826937,9.529759e+08,0.0,0.0,29238985.35884861,5342879.605910382,0.1827314,0.021746081489002287,0.030681769481876772,0.005606521513180793,20.675100120520536,17.191013491794003,15.491275317635386
4,0.725,0.06259443942520057,0.1227371,0.06259444,5.965099e+07,0.3826937,9.529759e+08,0.0,0.0,18272095.236351248,12131558.851262722,0.6639391,0.013589612194400432,0.019173723270905735,0.012730184976053561,20.675100120520536,16.72088560357136,16.311320784721197
5,0.725,0.06259443942520057,0.1227371,0.06259444,5.965099e+07,0.3826937,9.529759e+08,0.0,0.0,54180636.07659671,19018445.04733079,0.3510192,0.04029608116654721,0.05685415434501445,0.019956901365913965,20.675100120520536,17.807834134615003,16.760919858181722
6,0.725,0.06259443942520057,0.1227371,0.06259444,5.965099e+07,0.3826937,9.529759e+08,0.006698249809769502,0.00011747720471478129,46333857.85658563,13305547.291436419,0.2871668,0.03446015093489677,0.04971576480431286,0.013969456749140298,20.675100120520536,17.673666923625873,16.404218127089113
7,0.725,0.06259443942520057,0.1227371,0.06259444,5.965099e+07,0.3826937,9.529759e+08,0.01106916413733893,0.0021369636592802562,1457230.3463742419,220419.56767332047,0.1512592,0.0010837944433291088,0.003339639856012615,0.00036505811096889854,20.675100120520536,14.973207815172067,12.759646111600452
8,0.725,0.06259443942520057,0.1227371,0.06259444,5.965099e+07,0.3826937,9.529759e+08,0.0,0.0,29435338.068586893,12821335.626195056,0.4355763,0.02189211603753914,0.030887811124683254,0.013453998464883177,20.675100120520536,17.197706485637145,16.36662118704066
10,0.725,0.06259443942520057,0.1227371,0.06259444,5.965099e+07,0.3826937,9.529759e+08,0.0,0.0,37993084.299554296,9764541.709815364,0.2570084,0.028256818663736825,0.039867835360150816,0.010246368475507299,20.675100120520536,17.452914709011093,16.09426818927303
12,0.725,0.06259443942520057,0.1227371,0.06259444,5.965099e+07,0.3826937,9.529759e+08,0.0,0.0,51766914.44943651,21398855.395971846,0.4133693,0.03850090987206493,0.054321328747646794,0.022454771955228933,20.675100120520536,17.76226178597064,16.878847992392103
13,0.725,0.06259443942520057,0.1227371,0.06259444,5.965099e+07,0.3826937,9.529759e+08,0.0030464978563795693,0.00010065085361976913,43066166.66795421,7420675.257234268,0.1723087,0.032029851866828433,0.045689540247267305,0.007793145207553741,20.675100120520536,17.589214234626255,15.820589369301263
14,0.725,0.06259443942520057,0.1227371,0.06259444,5.965099e+07,0.3826937,9.529759e+08,0.0,0.0,59126010.52014412,18941269.39990227,0.3203543,0.04397413340820839,0.062043555988617216,0.019875917522085066,20.675100120520536,17.895181495880113,16.756853665646453
15,0.725,0.06259443942520057,0.1227371,0.06259444,5.965099e+07,0.3826937,9.529759e+08,0.0069236779005470575,0.0002013244454590188,41357459.61073395,8904700.666334575,0.2153106,0.030759025179407148,0.04453068014645966,0.009356700766761487,20.675100120520536,17.563523234648464,16.00343758770785
16,0.725,0.06259443942520057,0.1227371,0.06259444,5.965099e+07,0.3826937,9.529759e+08,0.003458210618601911,8.150248954459137e-05,43990692.47842986,9849354.867617195,0.2238963,0.03271745485190278,0.046727027233686276,0.010340468301748746,20.675100120520536,17.611667580427596,16.10340999989763
17,0.725,0.06259443942520057,0.1227371,0.06259444,5.965099e+07,0.3826937,9.529759e+08,2.451510968150888e-06,1.896545654671253e-08,55303205.279003054,27035128.591567233,0.4888528,0.04113097612110777,0.05803251717813185,0.02836916561534762,20.675100120520536,17.82834833598664,17.112647679117615
19,0.725,0.06259443942520057,0.1227371,0.06259444,5.965099e+07,0.3826937,9.529759e+08,0.00022179297502088627,1.363576495966299e-05,55602790.62763675,11741982.798959501,0.2111761,0.041353788483586965,0.05838276152395613,0.012322238997844306,20.675100120520536,17.83436550841426,16.278750519969645
20,0.725,0.06259443942520057,0.1227371,0.06259444,5.965099e+07,0.3826937,9.529759e+08,0.0,0.0,57345140.76845192,16007114.787921064,0.2791364,0.042649636738221246,0.060174810047946906,0.01679697841649984,20.675100120520536,17.864598668541927,16.58854385561083
22,0.725,0.06259443942520057,0.1227371,0.06259444,5.965099e+07,0.3826937,9.529759e+08,0.0,0.0,13379208.497525902,8086446.041714701,0.6044039,0.009950596940173959,0.014039399313383747,0.008485467957746377,20.675100120520536,16.409212455273778,15.90569988988194
23,0.725,0.06259443942520057,0.1227371,0.06259444,5.965099e+07,0.3826937,9.529759e+08,3.4434760941102083e-05,1.1474821985570006e-06,51057016.05661123,22153343.759297907,0.4338942,0.037972932990862435,0.0535820329939656,0.02324656202166604,20.675100120520536,17.748558648084824,16.913502092602045
24,0.725,0.06259443942520057,0.1227371,0.06259444,5.965099e+07,0.3826937,9.529759e+08,1.7460225641892848e-06,3.563532905244544e-08,47882990.52741483,18303825.79675784,0.3822615,0.03561229643118133,0.0502460399917828,0.01920702179161981,20.675100120520536,17.684276579238542,16.722620772027025
25,0.725,0.06259443942520057,0.1227371,0.06259444,5.965099e+07,0.3826937,9.529759e+08,3.3508966136464143e-06,4.8754285555741204e-08,59939442.62555336,18264573.09063836,0.3047171,0.044579112022647444,0.06289767460458454,0.019165833000161055,20.675100120520536,17.90885403484096,16.72047400408386
26,0.725,0.06259443942520057,0.1227371,0.06259444,5.965099e+07,0.3826937,9.529759e+08,0.005065247783354736,0.00010490393241486959,35018519.0076104,9081385.166104533,0.2593309,0.026044527832194884,0.037574977490521085,0.009536068292970382,20.675100120520536,17.393683178122597,16.022426113430797
27,0.725,0.06259443942520057,0.1227371,0.06259444,5.965099e+07,0.3826937,9.529759e+08,0.0001906246264620831,4.764350016432572e-06,51385729.125411324,22287792.278991353,0.4337351,0.038217408682918674,0.053952513103315385,0.023387871236797225,20.675100120520536,17.75544911423947,16.919562406312348
28,0.725,0.06259443942520057,0.1227371,0.06259444,5.965099e+07,0.3826937,9.529759e+08,0.00024173186721603,1.5264535508382568e-06,57334628.402687974,25271809.200798433,0.4407774,0.04264181831498462,0.06020331728837405,0.026518930410363722,20.675100120520536,17.86507229679302,17.045203674608477
29,0.725,0.06259443942520057,0.1227371,0.06259444,5.965099e+07,0.3826937,9.529759e+08,0.00020220070709052058,7.239767278107613e-06,53787122.2855192,9196984.25243743,0.1709886,0.04000341085453764,0.0564742953069847,0.009651258328743252,20.675100120520536,17.801130425850644,16.034433145149332
30,0.725,0.06259443942520057,0.1227371,0.06259444,5.965099e+07,0.3826937,9.529759e+08,0.010729614326904146,0.00022921774134176213,44540583.03988469,11922864.645453783,0.2676854,0.03312642817340044,0.048493382826904775,0.012525540607822856,20.675100120520536,17.648772193614857,16.29511464987909
31,0.725,0.06259443942520057,0.1227371,0.06259444,5.965099e+07,0.3826937,9.529759e+08,0.047920513385831795,0.0047661406527293206,23766669.224927112,2316307.134952496,0.09746032,0.017676123823873346,0.032777436401842885,0.002728938134763514,20.675100120520536,17.257085205628734,14.771257413444987
32,0.725,0.06259443942520057,0.1227371,0.06259444,5.965099e+07,0.3826937,9.529759e+08,7.394770740627082e-09,1.41406647177097e-10,46468653.78678062,17900945.268234782,0.3852263,0.03456040349997147,0.04876162908821636,0.01878425908921836,20.675100120520536,17.654288555934134,16.700364078169155
33,0.725,0.06259443942520057,0.1227371,0.06259444,5.965099e+07,0.3826937,9.529759e+08,1.2205574462765869e-05,1.0475929617060277e-07,58846028.488787144,27891226.108875185,0.4739696,0.04376590073547296,0.0617517547518207,0.02926751223638744,20.675100120520536,17.89046723367626,17.143822944997897
34,0.725,0.06259443942520057,0.1227371,0.06259444,5.965099e+07,0.3826937,9.529759e+08,0.0,0.0,20555358.423565105,9797619.8761882,0.4766455,0.015287756870784198,0.02156965301733075,0.010281078868603324,20.675100120520536,16.83863221545545,16.097650044366446
36,0.725,0.06259443942520057,0.1227371,0.06259444,5.965099e+07,0.3826937,9.529759e+08,0.0,0.0,35210375.21217047,12678706.631056897,0.3600844,0.026187218168652514,0.03694781478808277,0.013304331508367658,20.675100120520536,17.37685134748373,16.355434501065638
37,0.725,0.06259443942520057,0.1227371,0.06259444,5.965099e+07,0.3826937,9.529759e+08,7.098396941401121e-07,2.3501210614221806e-08,45475793.47815495,22579193.341398507,0.4965102,0.03382197769915839,0.0477198914436338,0.02369335459822066,20.675100120520536,17.63269316390454,16.93253945366143
38,0.725,0.06259443942520057,0.1227371,0.06259444,5.965099e+07,0.3826937,9.529759e+08,3.4167657326624704e-05,8.279745653041613e-07,55419188.68012811,16229649.148543078,0.2928525,0.04121723713397407,0.058159411306976806,0.01703054545817024,20.675100120520536,17.830532552755365,16.60235336495258
39,0.725,0.06259443942520057,0.1227371,0.06259444,5.965099e+07,0.3826937,9.529759e+08,0.0,0.0,29213195.078889497,16369297.476436961,0.5603392,0.021726900333338645,0.030654706592557354,0.017177032841199914,20.675100120520536,17.190131051432,16.610918033120196
41,0.725,0.06259443942520057,0.1227371,0.06259444,5.965099e+07,0.3826937,9.529759e+08,0.0,0.0,34407633.13399185,7144557.898422423,0.2076446,0.025590190110651168,0.036105461775698726,0.0074971027824322165,20.675100120520536,17.35378899115892,15.781861491773563
42,0.725,0.06259443942520057,0.1227371,0.06259444,5.965099e+07,0.3826937,9.529759e+08,0.026424544113454997,0.0014764308310951703,16006176.221720472,3107726.4059397923,0.194158,0.011904367000872246,0.021118065188871035,0.003353492079148899,20.675100120520536,16.817473685804547,14.977347056127824
43,0.725,0.06259443942520057,0.1227371,0.06259444,5.965099e+07,0.3826937,9.529759e+08,0.0,0.0,11456504.17631259,507138.6047250079,0.04426644,0.00852061281674376,0.012021820042377259,0.0005321631231237103,20.675100120520536,16.254068177017984,13.13653962731185
44,0.725,0.06259443942520057,0.1227371,0.06259444,5.965099e+07,0.3826937,9.529759e+08,0.0,0.0,43175604.65700122,22812808.17138938,0.5283726,0.032111244822110606,0.04530608477239313,0.023938495572214558,20.675100120520536,17.58078618669342,16.942832698098563
45,0.725,0.06259443942520057,0.1227371,0.06259444,5.965099e+07,0.3826937,9.529759e+08,0.0012675994199212739,1.9002524474581192e-05,55240355.291391686,20484481.250113033,0.3708246,0.04108423233245007,0.05817349698456538,0.021496467895112142,20.675100120520536,17.830774714287546,16.835233479227657
46,0.725,0.06259443942520057,0.1227371,0.06259444,5.965099e+07,0.3826937,9.529759e+08,0.013272549790648909,0.00044121064345901707,9778148.19456368,2054917.6014128723,0.2101541,0.007272359312091249,0.0124315413849306,0.002183933886873587,20.675100120520536,16.287581744596707,14.548472627384836
47,0.725,0.06259443942520057,0.1227371,0.06259444,5.965099e+07,0.3826937,9.529759e+08,8.001537659656555e-05,7.111651282901613e-07,48790511.0996069,19589948.050540525,0.4015114,0.03628725201098781,0.05121114369660983,0.02055664943378929,20.675100120520536,17.703302000225875,16.790529303562458
48,0.725,0.06259443942520057,0.1227371,0.06259444,5.965099e+07,0.3826937,9.529759e+08,0.009722397480442062,0.0003311085007847034,33613901.15632068,6358944.524101862,0.189176,0.024999863187366172,0.036862785733522634,0.00669344923282096,20.675100120520536,17.37454736698302,15.668474163204404
49,0.725,0.06259443942520057,0.1227371,0.06259444,5.965099e+07,0.3826937,9.529759e+08,0.0,0.0,51882478.044645086,20570285.443767946,0.3964785,0.03858685866022311,0.054442594774671005,0.021585316604397605,20.675100120520536,17.76449168120329,16.839358138235237
50,0.725,0.06259443942520057,0.1227371,0.06259444,5.965099e+07,0.3826937,9.529759e+08,0.0007612531366084921,3.71455386964768e-05,34872858.818572745,6906244.354873899,0.1980407,0.025936195128387234,0.03671815647742795,0.007249354872173964,20.675100120520536,17.37061620116731,15.748257323297327
51,0.725,0.06259443942520057,0.1227371,0.06259444,5.965099e+07,0.3826937,9.529759e+08,0.0,0.0,39337380.72095254,8003914.59633709,0.2034684,0.02925662009892081,0.041278465462750144,0.008398864036611487,20.675100120520536,17.487685788153254,15.895441304506033
52,0.725,0.06259443942520057,0.1227371,0.06259444,5.965099e+07,0.3826937,9.529759e+08,2.7061218690921184e-05,7.703959857147653e-07,28261808.41283131,6787097.805145881,0.2401509,0.021019319967134506,0.029660800402202217,0.007122052209740276,20.675100120520536,17.157171163797834,15.7305407571366
53,0.725,0.06259443942520057,0.1227371,0.06259444,5.965099e+07,0.3826937,9.529759e+08,0.0,0.0,54589613.81818436,13730368.897304783,0.2515198,0.04060025257285977,0.057283312902899,0.014407887559639485,20.675100120520536,17.815354199510246,16.4351206453588
54,0.725,0.06259443942520057,0.1227371,0.06259444,5.965099e+07,0.3826937,9.529759e+08,0.004183339110919877,0.0001912698207697258,31568386.97246633,4976653.498812772,0.1576467,0.02347854096694428,0.033810352869957906,0.00523419657650117,20.675100120520536,17.288111895055486,15.422558202545433
55,0.725,0.06259443942520057,0.1227371,0.06259444,5.965099e+07,0.3826937,9.529759e+08,0.008599401520558466,0.00018096115302671588,48968437.5704577,13888027.241299478,0.2836118,0.0364195823051716,0.05279130426936293,0.01458465264316679,20.675100120520536,17.733691326819294,16.44731462854203
56,0.725,0.06259443942520057,0.1227371,0.06259444,5.965099e+07,0.3826937,9.529759e+08,1.7721423626895909e-10,4.485501929993747e-12,55297415.183994874,24844689.588440582,0.4492921,0.041126669819903004,0.05802604042663965,0.02607063923231653,20.675100120520536,17.82823672419975,17.028154589026567
57,0.725,0.06259443942520057,0.1227371,0.06259444,5.965099e+07,0.3826937,9.529759e+08,0.0030221980310234597,0.00011809228495059134,33214297.03423061,6494250.513905288,0.1955258,0.024702663277873342,0.03534756014532934,0.006822098203093438,20.675100120520536,17.33257421156489,15.687511920490383
58,0.725,0.06259443942520057,0.1227371,0.06259444,5.965099e+07,0.3826937,9.529759e+08,0.03358448905284668,0.0019167591838661398,28334597.79036464,4363553.70371025,0.1540009,0.02107345603635671,0.03522592741435309,0.00469884969679836,20.675100120520536,17.32912722727615,15.314662574937326
59,0.725,0.06259443942520057,0.1227371,0.06259444,5.965099e+07,0.3826937,9.529759e+08,0.011579964211101475,0.0003982488276735094,41668879.739527754,8430159.605063207,0.2023131,0.030990639492111612,0.045619062247035685,0.008871070069014237,20.675100120520536,17.587670502441057,15.950140269705809
60,0.725,0.06259443942520057,0.1227371,0.06259444,5.965099e+07,0.3826937,9.529759e+08,0.0,0.0,33994362.36992953,10159734.683037098,0.2988653,0.0252828258296399,0.035671798358143714,0.010661062062047137,20.675100120520536,17.341705256182866,16.133942885899337
61,0.725,0.06259443942520057,0.1227371,0.06259444,5.965099e+07,0.3826937,9.529759e+08,0.011028415444729241,0.00023302499184780763,46589048.73130702,10412974.268273652,0.2235069,0.03464994553579806,0.05069180184313906,0.010941383705481707,20.675100120520536,17.693109039714418,16.159897111839605
62,0.725,0.06259443942520057,0.1227371,0.06259444,5.965099e+07,0.3826937,9.529759e+08,0.0,0.0,11104839.45270042,8604215.196596906,0.7748167,0.008259067156296845,0.011652802586663418,0.009028786190576722,20.675100120520536,16.22289155799773,15.967762780283959
63,0.725,0.06259443942520057,0.1227371,0.06259444,5.965099e+07,0.3826937,9.529759e+08,5.81436027187238e-07,7.578772707610356e-09,28067720.881530624,13697319.217676595,0.4880097,0.020874970112997496,0.02945280460538697,0.014373207533342295,20.675100120520536,17.150133979882185,16.432710727114245
64,0.725,0.06259443942520057,0.1227371,0.06259444,5.965099e+07,0.3826937,9.529759e+08,0.0,0.0,14831929.026301626,8863197.31949563,0.5975755,0.011031037270499682,0.015563803660472284,0.00930054766578472,20.675100120520536,16.512292781602486,15.997418128757788
65,0.725,0.06259443942520057,0.1227371,0.06259444,5.965099e+07,0.3826937,9.529759e+08,0.00031623346097528726,9.13007938134864e-06,29687764.69307978,10298029.838145217,0.3468779,0.022079854766460353,0.031204417644557024,0.010806752819414338,20.675100120520536,17.207904517502453,16.147516041331205
66,0.725,0.06259443942520057,0.1227371,0.06259444,5.965099e+07,0.3826937,9.529759e+08,0.0,0.0,29030538.822238326,6323302.475068874,0.2178155,0.02159105232791494,0.03046303724794045,0.00663532289247276,20.675100120520536,17.183858896704837,15.659752173168272
67,0.725,0.06259443942520057,0.1227371,0.06259444,5.965099e+07,0.3826937,9.529759e+08,1.945102296887192e-18,4.636291378985114e-20,33023881.816295978,18999714.172549125,0.5753326,0.024561044654821517,0.034653429893308545,0.019937246224834625,20.675100120520536,17.31274154909531,16.75993449346751
69,0.725,0.06259443942520057,0.1227371,0.06259444,5.965099e+07,0.3826937,9.529759e+08,0.0,0.0,12932619.204738958,2115174.5501270797,0.1635535,0.009618452475040465,0.013570773279812555,0.0022195468537793005,20.675100120520536,16.375263298272493,14.564647896668047
70,0.725,0.06259443942520057,0.1227371,0.06259444,5.965099e+07,0.3826937,9.529759e+08,9.667345192419125e-09,1.7196620302699229e-10,39022040.564836524,19621397.799202885,0.5028286,0.029022090321382605,0.040947566574625775,0.020589606551442458,20.675100120520536,17.47963722576472,16.792131253674903
71,0.725,0.06259443942520057,0.1227371,0.06259444,5.965099e+07,0.3826937,9.529759e+08,0.06306268811346034,0.00266497674211493,14916149.519046262,2903338.689713389,0.194644,0.011093675069855279,0.025966887974638125,0.0032134153112304896,20.675100120520536,17.02416702848236,14.934679172961044
72,0.725,0.06259443942520057,0.1227371,0.06259444,5.965099e+07,0.3826937,9.529759e+08,0.009336352396916988,0.00025769386164571525,7673896.489344672,1875469.5442683503,0.244396,0.005707351891571562,0.00957964100671796,0.001984143918791987,20.675100120520536,16.02698495961631,14.452532387483906
73,0.725,0.06259443942520057,0.1227371,0.06259444,5.965099e+07,0.3826937,9.529759e+08,0.0,0.0,38345421.550393306,14501235.387605688,0.3781738,0.02851886450678922,0.04023755852863447,0.01521679209809872,20.675100120520536,17.462145692741565,16.48974440290678
74,0.725,0.06259443942520057,0.1227371,0.06259444,5.965099e+07,0.3826937,9.529759e+08,2.0435240039593813e-05,6.04753521006829e-07,38506923.33625358,16825966.580947284,0.4369595,0.028638979173999247,0.04041037198942815,0.017656273924319888,20.675100120520536,17.466431325966965,16.638436024889923
75,0.725,0.06259443942520057,0.1227371,0.06259444,5.965099e+07,0.3826937,9.529759e+08,0.0,0.0,20040668.520775143,13258587.572988106,0.6615841,0.014904963540910662,0.021029565980853877,0.013912826405468544,20.675100120520536,16.813274192944647,16.400156019174357
76,0.725,0.06259443942520057,0.1227371,0.06259444,5.965099e+07,0.3826937,9.529759e+08,0.0,0.0,41491099.94741047,10801846.074461991,0.2603413,0.030858418288159665,0.043538458961972934,0.011334858141206347,20.675100120520536,17.540989503102743,16.195227610307654
77,0.725,0.06259443942520057,0.1227371,0.06259444,5.965099e+07,0.3826937,9.529759e+08,0.0,0.0,28754403.71366601,13395846.740925765,0.4658711,0.021385680749548223,0.030173276380964786,0.014056858563159781,20.675100120520536,17.174301486127153,16.41045527217132
78,0.725,0.06259443942520057,0.1227371,0.06259444,5.965099e+07,0.3826937,9.529759e+08,0.0,0.0,39783652.6067138,11171691.577418694,0.2808111,0.02958852849707178,0.041746758426993706,0.011722953498359095,20.675100120520536,17.498966647353715,16.228893598918788
79,0.725,0.06259443942520057,0.1227371,0.06259444,5.965099e+07,0.3826937,9.529759e+08,0.020700195773131425,0.001477258461329974,15744101.054682937,2687531.4260559846,0.1707008,0.011709452305006529,0.019906767769271697,0.0029126145786162166,20.675100120520536,16.758404604359846,14.836395999953822
80,0.725,0.06259443942520057,0.1227371,0.06259444,5.965099e+07,0.3826937,9.529759e+08,0.03880357217279669,0.0027304932194409243,9680685.132339299,1460916.3743563418,0.1509104,0.007199872539130857,0.016505193814828765,0.0017039183052797284,20.675100120520536,16.571019949569443,14.300275325885266
81,0.725,0.06259443942520057,0.1227371,0.06259444,5.965099e+07,0.3826937,9.529759e+08,0.0035814278457877444,0.00014269085539519254,14476177.677201625,2232078.727068392,0.1541898,0.01076645224019151,0.01577628618842872,0.002351151267022424,20.675100120520536,16.525852779981392,14.622249950592824
82,0.725,0.06259443942520057,0.1227371,0.06259444,5.965099e+07,0.3826937,9.529759e+08,4.3976316482453815e-11,4.84407454299877e-13,13311583.481559185,6660080.732996275,0.5003222,0.009900301791766482,0.01396843737967361,0.0069887193168119525,20.675100120520536,16.40414515312318,15.71164216451895
83,0.725,0.06259443942520057,0.1227371,0.06259444,5.965099e+07,0.3826937,9.529759e+08,6.282035202024691e-05,1.141859875334475e-06,54898333.49277058,19634019.423730217,0.3576433,0.0408298584609717,0.05761754127696934,0.020602922447471927,20.675100120520536,17.821171898937045,16.792777773653984
84,0.725,0.06259443942520057,0.1227371,0.06259444,5.965099e+07,0.3826937,9.529759e+08,0.0,0.0,4500853.257900626,834466.5478335813,0.1854019,0.0033474459019395557,0.004722945766955952,0.0008756429112277392,20.675100120520536,15.319777549633107,13.63454793480191
85,0.725,0.06259443942520057,0.1227371,0.06259444,5.965099e+07,0.3826937,9.529759e+08,0.014492077805223307,0.00020531203203182522,27610801.264251813,8501976.591476522,0.3079221,0.02053514261524673,0.031343607801103374,0.008934354060626678,20.675100120520536,17.212355189935888,15.957248694377776
86,0.725,0.06259443942520057,0.1227371,0.06259444,5.965099e+07,0.3826937,9.529759e+08,0.11050032379891943,0.012147779428929641,5792707.533173065,914494.1033325002,0.1578699,0.004308244233249938,0.024152285122312985,0.0017200028328181625,20.675100120520536,16.951723839202543,14.309670779349707
88,0.725,0.06259443942520057,0.1227371,0.06259444,5.965099e+07,0.3826937,9.529759e+08,0.0,0.0,9031638.71034302,6119742.199640098,0.6775893,0.006717153449885681,0.00947730071866117,0.006421718030001603,20.675100120520536,16.016244382942375,15.627030529359445
89,0.725,0.06259443942520057,0.1227371,0.06259444,5.965099e+07,0.3826937,9.529759e+08,0.0004950912687460365,1.3067934075995098e-05,39532923.78815567,7231938.675426288,0.1829346,0.02940205248728246,0.04156463601129043,0.007589613303213233,20.675100120520536,17.49459455138676,15.794125483454785
90,0.725,0.06259443942520057,0.1227371,0.06259444,5.965099e+07,0.3826937,9.529759e+08,0.0,0.0,27870639.482349746,6861723.903944069,0.246199,0.02072839361200216,0.029245903215008886,0.007200312476143523,20.675100120520536,17.143084344381467,15.741469266083056
91,0.725,0.06259443942520057,0.1227371,0.06259444,5.965099e+07,0.3826937,9.529759e+08,9.689548874780652e-05,3.9144265156799946e-06,50454953.328709945,22876004.22768595,0.4533946,0.03752515735905618,0.05296047801069536,0.024005055029827426,20.675100120520536,17.736890779008128,16.94560927595056
92,0.725,0.06259443942520057,0.1227371,0.06259444,5.965099e+07,0.3826937,9.529759e+08,0.0023134894331960053,7.059816264726311e-05,53196475.381017745,11032139.42632058,0.2073848,0.03956412557979644,0.05619983143985117,0.011580934263735992,20.675100120520536,17.796258599142643,16.216704989507967
93,0.725,0.06259443942520057,0.1227371,0.06259444,5.965099e+07,0.3826937,9.529759e+08,0.028156285234586388,0.0008875441638454876,16225689.694104323,3710219.7654021955,0.2286633,0.012067627038791053,0.02163165882741413,0.003948854162177469,20.675100120520536,16.84150276961288,15.140770292843793
94,0.725,0.06259443942520057,0.1227371,0.06259444,5.965099e+07,0.3826937,9.529759e+08,0.05349509188133908,0.002386091400008639,22382682.66468164,4287230.822605307,0.1915423,0.016646803409727236,0.03223695117360136,0.004648138285623976,20.675100120520536,17.240458188129484,15.303811612285708
95,0.725,0.06259443942520057,0.1227371,0.06259444,5.965099e+07,0.3826937,9.529759e+08,0.004285908408265179,6.46253438314436e-05,48498967.602792695,15283933.770107727,0.3151394,0.03607042066196865,0.05159314163949279,0.0160421575551423,20.675100120520536,17.710733591228752,16.54256494585008
97,0.725,0.06259443942520057,0.1227371,0.06259444,5.965099e+07,0.3826937,9.529759e+08,0.04418706275482778,0.014725576296388942,2013633.6807174047,197336.25952141252,0.09800008,0.0014976115474755528,0.009340353914055414,0.001128812918881347,20.675100120520536,16.00168898535841,13.888511407821497
98,0.725,0.06259443942520057,0.1227371,0.06259444,5.965099e+07,0.3826937,9.529759e+08,0.03272019024841846,0.0008828962692093303,30667711.24281317,7434734.708312375,0.2424287,0.02280867614188882,0.03753280015691711,0.007856862628982983,20.675100120520536,17.39256006306425,15.828732211677364
99,0.725,0.06259443942520057,0.1227371,0.06259444,5.965099e+07,0.3826937,9.529759e+08,0.0,0.0,11381778.708648006,2948686.4429197875,0.2590708,0.008465036807891384,0.011943407281292291,0.0030941880029575256,20.675100120520536,16.247524275735856,14.896870355565769
100,0.725,0.06259443942520057,0.1227371,0.06259444,5.965099e+07,0.3826937,9.529759e+08,0.0003328813519000336,4.050898099470855e-06,33559264.24562309,12293685.486114634,0.3663276,0.02495922775840873,0.03526967751566941,0.012900565237934892,20.675100120520536,17.3303684424406,16.32461596884027
101,0.725,0.06259443942520057,0.1227371,0.06259444,5.965099e+07,0.3826937,9.529759e+08,6.690991304069362e-08,9.7829416448365e-10,51259330.0323778,24414096.309457947,0.4762859,0.03812340114662737,0.053788708757758055,0.025618798589360364,20.675100120520536,17.75240841228831,17.010671243439866
102,0.725,0.06259443942520057,0.1227371,0.06259444,5.965099e+07,0.3826937,9.529759e+08,0.028985050488397744,0.0019828643613227113,7903461.563745454,1151401.2229518122,0.1456832,0.005878087666212165,0.013034329364842065,0.00133233286352327,20.675100120520536,16.3349314387965,14.0542762799774
103,0.725,0.06259443942520057,0.1227371,0.06259444,5.965099e+07,0.3826937,9.529759e+08,0.0,0.0,22765212.322771374,12014539.203388138,0.5277587,0.016931304428305233,0.02388855112860034,0.012607391048122276,20.675100120520536,16.94074415342711,16.301628074639325
104,0.725,0.06259443942520057,0.1227371,0.06259444,5.965099e+07,0.3826937,9.529759e+08,0.0,0.0,42330549.156149365,8640519.37670573,0.2041202,0.031482746754933566,0.04441933040118914,0.009066881783554965,20.675100120520536,17.561019585626973,15.971973252018167
105,0.725,0.06259443942520057,0.1227371,0.06259444,5.965099e+07,0.3826937,9.529759e+08,0.0,0.0,33016654.788140964,16527443.207013594,0.500579,0.024555669654928277,0.034645846250813093,0.017342982199241738,20.675100120520536,17.31252268266704,16.62053278191191
106,0.725,0.06259443942520057,0.1227371,0.06259444,5.965099e+07,0.3826937,9.529759e+08,0.0014590618409624115,2.3783595827122347e-05,34707528.97812333,12796831.018609606,0.3687048,0.025813233399761836,0.03665880403811117,0.01342977340969059,20.675100120520536,17.368998460343924,16.364818979979656
107,0.725,0.06259443942520057,0.1227371,0.06259444,5.965099e+07,0.3826937,9.529759e+08,0.002687301687904224,8.18992913857181e-05,56937865.699703276,12766856.09636861,0.2242244,0.042346731670731726,0.06018698069048418,0.01340195710824896,20.675100120520536,17.864800902864033,16.362745590684984
108,0.725,0.06259443942520057,0.1227371,0.06259444,5.965099e+07,0.3826937,9.529759e+08,0.0,0.0,33100796.977007978,17691255.003259618,0.5344661,0.024618249216883267,0.03473414039682514,0.018564221746868625,20.675100120520536,17.31506791791265,16.68858100783999
109,0.725,0.06259443942520057,0.1227371,0.06259444,5.965099e+07,0.3826937,9.529759e+08,0.025318805643852322,0.001418418567980998,5117775.917464627,926717.7563516368,0.1810782,0.0038062733975807745,0.009511524191847363,0.00106123132782417,20.675100120520536,16.01984897779258,13.826774705515062
110,0.725,0.06259443942520057,0.1227371,0.06259444,5.965099e+07,0.3826937,9.529759e+08,0.029496587637847682,0.0018647569151666924,13645924.358403265,2300423.445339638,0.1685795,0.01014896308639501,0.019143819746748836,0.0025306601832697654,20.675100120520536,16.71932477644766,14.695825052242244
111,0.725,0.06259443942520057,0.1227371,0.06259444,5.965099e+07,0.3826937,9.529759e+08,0.03834701931994643,0.0006285062687859664,22012629.65891634,6121920.413712083,0.2781095,0.01637158172471117,0.029370977354456235,0.0064633447246029855,20.675100120520536,17.147351863500536,15.633491784568317
112,0.725,0.06259443942520057,0.1227371,0.06259444,5.965099e+07,0.3826937,9.529759e+08,0.0,0.0,5758114.200090696,1995488.1055948543,0.3465524,0.004282515931431225,0.00604224566513689,0.0020939545373505827,20.675100120520536,15.566120583248775,14.506399242839207
113,0.725,0.06259443942520057,0.1227371,0.06259444,5.965099e+07,0.3826937,9.529759e+08,0.0,0.0,47007912.06045751,21651491.872433666,0.4605925,0.034961469207932076,0.04932749560089686,0.022719874661030225,20.675100120520536,17.665826487218318,16.890584918696124
114,0.725,0.06259443942520057,0.1227371,0.06259444,5.965099e+07,0.3826937,9.529759e+08,0.05651161710904877,0.005416190981894381,15438242.876355056,1923932.4165760812,0.1246212,0.011481974614232863,0.025443232460620496,0.002357891404494814,20.675100120520536,17.00379463406992,14.62511258851961
115,0.725,0.06259443942520057,0.1227371,0.06259444,5.965099e+07,0.3826937,9.529759e+08,0.0005277226810999524,1.1167857373088695e-05,52033294.65122064,17697451.083481412,0.3401178,0.03869902637658657,0.05468716914042126,0.018571422615556804,20.675100120520536,17.768973955634205,16.68896882223783
116,0.725,0.06259443942520057,0.1227371,0.06259444,5.965099e+07,0.3826937,9.529759e+08,0.0,0.0,15415848.197161052,7380789.84273567,0.4787794,0.011465318888574261,0.01617653605102823,0.007744991482081676,20.675100120520536,16.5509066419314,15.814391215610845
117,0.725,0.06259443942520057,0.1227371,0.06259444,5.965099e+07,0.3826937,9.529759e+08,0.0,0.0,50931568.99953525,24021209.701213695,0.4716369,0.03787963351783868,0.05344476356533794,0.025206525113068534,20.675100120520536,17.745993505367124,16.994447735596673
118,0.725,0.06259443942520057,0.1227371,0.06259444,5.965099e+07,0.3826937,9.529759e+08,0.00013274489466772637,1.3703209709879229e-05,42722007.09320842,11752112.00945369,0.2750833,0.031773888054617096,0.04485181677072354,0.012332872251181947,20.675100120520536,17.57070893693123,16.279613079776375
119,0.725,0.06259443942520057,0.1227371,0.06259444,5.965099e+07,0.3826937,9.529759e+08,0.00012715332292872932,5.162154845933352e-06,50984320.931713246,16071201.071107293,0.3152185,0.03791886702070364,0.053520916066867055,0.01686455012968926,20.675100120520536,17.747417373558434,16.592558634907576
120,0.725,0.06259443942520057,0.1227371,0.06259444,5.965099e+07,0.3826937,9.529759e+08,0.0,0.0,52366793.50513543,25585565.659211304,0.4885838,0.03894706142858009,0.05495080855613099,0.026848073487672364,20.675100120520536,17.773783236677062,17.057538908994374
121,0.725,0.06259443942520057,0.1227371,0.06259444,5.965099e+07,0.3826937,9.529759e+08,0.05548570613534572,0.0026567973234151105,19608283.414537825,3507635.659524549,0.1788854,0.014583383238466203,0.029651240866755194,0.0038470190476141016,20.675100120520536,17.156848816587207,15.114643416586683
122,0.725,0.06259443942520057,0.1227371,0.06259444,5.965099e+07,0.3826937,9.529759e+08,0.0,0.0,17947974.511715513,11701403.385931456,0.6519623,0.013348551993312772,0.018833608959977263,0.0122788036895046,20.675100120520536,16.702987825958633,16.275219340090366
123,0.725,0.06259443942520057,0.1227371,0.06259444,5.965099e+07,0.3826937,9.529759e+08,0.0,0.0,45082440.53277825,12947773.401828423,0.2872021,0.03352942701386205,0.04730701257690937,0.013586675253703766,20.675100120520536,17.62400338348718,16.376434393244026
124,0.725,0.06259443942520057,0.1227371,0.06259444,5.965099e+07,0.3826937,9.529759e+08,0.013610918339677746,0.00021878297056600177,40349559.31640324,12456435.24497603,0.308713,0.030009413602113753,0.04456682905630813,0.013084786841596868,20.675100120520536,17.56433468071818,16.338795087100994
125,0.725,0.06259443942520057,0.1227371,0.06259444,5.965099e+07,0.3826937,9.529759e+08,0.0,0.0,10717175.216712272,6226047.57102764,0.5809411,0.007970747368085767,0.01124600923939165,0.006533268990459634,20.675100120520536,16.187358172979444,15.64425227065923
126,0.725,0.06259443942520057,0.1227371,0.06259444,5.965099e+07,0.3826937,9.529759e+08,1.0891905588687039e-07,2.1428238014473678e-09,55760462.92373715,22107854.293794736,0.396479,0.0414710550219937,0.0585119548276874,0.023198756207784912,20.675100120520536,17.836575930927204,16.911443507040094
127,0.725,0.06259443942520057,0.1227371,0.06259444,5.965099e+07,0.3826937,9.529759e+08,0.0,0.0,47548867.39804659,22868588.098820142,0.4809492,0.03536379708315579,0.04989514412782756,0.023997027934201207,20.675100120520536,17.677268527493162,16.945274828143074
128,0.725,0.06259443942520057,0.1227371,0.06259444,5.965099e+07,0.3826937,9.529759e+08,0.01840402094829763,0.0004843389264961776,27730025.496715304,6920958.3347440725,0.2495836,0.020623813950547708,0.0321085633574226,0.007292786725956077,20.675100120520536,17.236467607356516,15.754230581448565
129,0.725,0.06259443942520057,0.1227371,0.06259444,5.965099e+07,0.3826937,9.529759e+08,0.0,0.0,30699089.440465726,17014695.40467687,0.554241,0.022832013232241172,0.03221392171978493,0.017854277629803534,20.675100120520536,17.23974355219788,16.64958796418047
130,0.725,0.06259443942520057,0.1227371,0.06259444,5.965099e+07,0.3826937,9.529759e+08,0.0,0.0,8391483.4278862,2670858.049745609,0.318282,0.00624104701982078,0.008805557271756578,0.0028026502970394693,20.675100120520536,15.94272787185935,14.797910345695056
131,0.725,0.06259443942520057,0.1227371,0.06259444,5.965099e+07,0.3826937,9.529759e+08,0.0012272637912679742,2.5566405612313504e-05,44402503.38123011,13460322.582502708,0.3031433,0.033023733381764404,0.04679425890927252,0.014126116249955998,20.675100120520536,17.613105364058274,16.41537014199403
132,0.725,0.06259443942520057,0.1227371,0.06259444,5.965099e+07,0.3826937,9.529759e+08,0.00010037783280580033,1.6519971991833764e-06,32071790.026266754,7726266.285847113,0.2409054,0.0238529398626448,0.03367077565351675,0.008107618705312476,20.675100120520536,17.28397511137852,15.860149042050528
133,0.725,0.06259443942520057,0.1227371,0.06259444,5.965099e+07,0.3826937,9.529759e+08,0.00012311730576100525,3.6770120692262143e-06,49862375.071327016,18734981.254000004,0.3757338,0.03708443566794727,0.052342948168067296,0.019659680344150846,20.675100120520536,17.725162064300303,16.7459146969264
134,0.725,0.06259443942520057,0.1227371,0.06259444,5.965099e+07,0.3826937,9.529759e+08,0.0,0.0,13653374.400163632,8647872.042134713,0.6333872,0.010154503949500519,0.014327093804874567,0.009074597262837188,20.675100120520536,16.429497257847377,15.972823841953824
135,0.725,0.06259443942520057,0.1227371,0.06259444,5.965099e+07,0.3826937,9.529759e+08,0.00013971660708839072,1.4612683354242624e-06,59895523.40996868,18966495.133616544,0.3166596,0.04454644772772353,0.06287389256919342,0.019902479475160273,20.675100120520536,17.908475856589565,16.75818916224904
136,0.725,0.06259443942520057,0.1227371,0.06259444,5.965099e+07,0.3826937,9.529759e+08,0.017432733882294764,0.0007551763751564517,17610809.95186408,3335889.4479135717,0.1894228,0.013097790624416161,0.02133115342784105,0.0035477672018762695,20.675100120520536,16.827513447938966,15.033663289931205
138,0.725,0.06259443942520057,0.1227371,0.06259444,5.965099e+07,0.3826937,9.529759e+08,0.0,0.0,19010241.07358163,5929304.43533105,0.3119005,0.014138597712542632,0.019948292570898755,0.006221883202853405,20.675100120520536,16.760488395793022,15.595417468197251
139,0.725,0.06259443942520057,0.1227371,0.06259444,5.965099e+07,0.3826937,9.529759e+08,1.7838060736864124e-05,5.027896128257857e-07,47007908.90824068,21026080.258145075,0.4472881,0.03496146686351543,0.04933040993577475,0.022063633873571034,20.675100120520536,17.665885566819956,16.86127556861424
140,0.725,0.06259443942520057,0.1227371,0.06259444,5.965099e+07,0.3826937,9.529759e+08,2.5385396469572165e-12,7.582502072750477e-14,7511291.196069504,3772571.3177850847,0.5022534,0.005586416506341623,0.00788193236436815,0.003958727093494425,20.675100120520536,15.831917939250307,15.143267374094783
141,0.725,0.06259443942520057,0.1227371,0.06259444,5.965099e+07,0.3826937,9.529759e+08,0.0,0.0,47941122.59944147,11102633.023522025,0.2315889,0.03565553133690398,0.05030675497955716,0.011650487282264215,20.675100120520536,17.68548420345566,16.222692847479188
142,0.725,0.06259443942520057,0.1227371,0.06259444,5.965099e+07,0.3826937,9.529759e+08,0.0,0.0,33874983.32385478,14780333.834797025,0.43632,0.025194039353906905,0.03554652860860628,0.015509662528258255,20.675100120520536,17.338187344879287,16.508808060157328
143,0.725,0.06259443942520057,0.1227371,0.06259444,5.965099e+07,0.3826937,9.529759e+08,0.03545685261641969,0.002276453070153929,30735556.29356372,3916699.0158470687,0.1274322,0.022859134938052226,0.03805160906970611,0.00425246000953128,20.675100120520536,17.406288213249105,15.214842482791768
144,0.725,0.06259443942520057,0.1227371,0.06259444,5.965099e+07,0.3826937,9.529759e+08,0.0,0.0,42006667.54041913,22151842.000045888,0.5273411,0.031241864387709838,0.044079466997883815,0.023244914332797767,20.675100120520536,17.553338914610404,16.913431211270748
145,0.725,0.06259443942520057,0.1227371,0.06259444,5.965099e+07,0.3826937,9.529759e+08,0.021835281738650843,0.0004944475893097814,27331558.57480136,6797123.602954423,0.2486914,0.020327459817589048,0.03225166079284075,0.007163474173048225,20.675100120520536,17.24091438090666,15.736339924529414
146,0.725,0.06259443942520057,0.1227371,0.06259444,5.965099e+07,0.3826937,9.529759e+08,0.01227513350998739,0.0002611435730385508,39441692.51497274,12490900.366980338,0.3166928,0.029334200519211994,0.043395679322229985,0.013123604167169912,20.675100120520536,17.537704722901523,16.341757295192604
147,0.725,0.06259443942520057,0.1227371,0.06259444,5.965099e+07,0.3826937,9.529759e+08,0.0,0.0,60783513.46301271,11584789.286148407,0.190591,0.04520687776036401,0.06378284764270453,0.01215643532124666,20.675100120520536,17.922829150018018,16.265203527176375
148,0.725,0.06259443942520057,0.1227371,0.06259444,5.965099e+07,0.3826937,9.529759e+08,0.004447902880828124,8.108509124740197e-05,53959822.987652384,17503269.687657893,0.324376,0.04013185455720735,0.05734995665630519,0.018372035859200074,20.675100120520536,17.81651692933852,16.6781745598398
149,0.725,0.06259443942520057,0.1227371,0.06259444,5.965099e+07,0.3826937,9.529759e+08,2.070838181441044e-10,2.373001487616938e-12,12131891.453620454,2338057.516355499,0.19272,0.009022922544277704,0.012730534024391027,0.0024534278763822556,20.675100120520536,16.31134820329783,14.664831021437413
150,0.725,0.06259443942520057,0.1227371,0.06259444,5.965099e+07,0.3826937,9.529759e+08,0.0,0.0,52640057.07223247,25680775.71283906,0.4878562,0.03915029733862064,0.05523755618675387,0.02694798163708015,20.675100120520536,17.778987929179692,17.061253243216072
151,0.725,0.06259443942520057,0.1227371,0.06259444,5.965099e+07,0.3826937,9.529759e+08,0.0,0.0,26507829.140880454,10457793.67741227,0.3945172,0.019714822710825947,0.02781584563157005,0.010973828638765965,20.675100120520536,17.09295068660137,16.1628580648506
153,0.725,0.06259443942520057,0.1227371,0.06259444,5.965099e+07,0.3826937,9.529759e+08,0.0,0.0,22577510.24954225,967702.6117955821,0.04286135,0.01679170366822414,0.02369158698393506,0.0010154534467502233,20.675100120520536,16.93246484707852,13.782680099837782
154,0.725,0.06259443942520057,0.1227371,0.06259444,5.965099e+07,0.3826937,9.529759e+08,0.0,0.0,2537529.499680643,267846.63197681564,0.1055541,0.001887251647195169,0.002662742711730317,0.00028106339936049526,20.675100120520536,14.746701527754514,12.498169826941513
155,0.725,0.06259443942520057,0.1227371,0.06259444,5.965099e+07,0.3826937,9.529759e+08,0.0,0.0,15283694.72660689,5518499.229653318,0.361071,0.011367031615453974,0.01603786152898139,0.005790807005513859,20.675100120520536,16.54229711395289,15.523616502601575
156,0.725,0.06259443942520057,0.1227371,0.06259444,5.965099e+07,0.3826937,9.529759e+08,0.05576835828301116,0.00365867275529301,15366990.348430732,2391497.093549402,0.1556256,0.01142898155515358,0.02524689453688049,0.0027385169746482244,20.675100120520536,16.99604800105765,14.774761365281266
157,0.725,0.06259443942520057,0.1227371,0.06259444,5.965099e+07,0.3826937,9.529759e+08,1.405919378705092e-05,2.575158412082392e-07,36190477.85845483,12646062.938712185,0.3494307,0.026916155638681258,0.03797857970394262,0.013270093147278169,20.675100120520536,17.404367150329207,16.352857709245836
158,0.725,0.06259443942520057,0.1227371,0.06259444,5.965099e+07,0.3826937,9.529759e+08,0.0,0.0,52158037.569422334,17820383.707757417,0.3416613,0.03879180215628951,0.05473175165593715,0.018699722247185947,20.675100120520536,17.769788851589283,16.695853512196972
159,0.725,0.06259443942520057,0.1227371,0.06259444,5.965099e+07,0.3826937,9.529759e+08,0.0010055739147417835,2.8235556811299657e-05,23561365.30357482,5599291.88627165,0.2376472,0.017523431938401075,0.024888464363381213,0.005877353727017937,20.675100120520536,16.981749259083315,15.538451455722127
160,0.725,0.06259443942520057,0.1227371,0.06259444,5.965099e+07,0.3826937,9.529759e+08,8.75532709499563e-06,3.500205452256007e-07,48302956.02805192,12147291.220851308,0.2514813,0.0359246398277575,0.050687874955843024,0.012746715561436563,20.675100120520536,17.693031570789245,16.312618476932894
163,0.725,0.06259443942520057,0.1227371,0.06259444,5.965099e+07,0.3826937,9.529759e+08,8.781576053411018e-06,4.485904187913967e-08,56740727.05311784,27602146.460971575,0.4864609,0.04220011259278957,0.05954200815806962,0.028964164338389473,20.675100120520536,17.85402692443884,17.133404194933334
164,0.725,0.06259443942520057,0.1227371,0.06259444,5.965099e+07,0.3826937,9.529759e+08,0.0,0.0,56538555.611818485,14580896.02569161,0.257893,0.04204975044501708,0.05932842432219048,0.015300383553292352,20.675100120520536,17.850433363596693,16.49522273846521
165,0.725,0.06259443942520057,0.1227371,0.06259444,5.965099e+07,0.3826937,9.529759e+08,0.015864350711898262,0.0005059922196646319,33019564.600566536,7223013.163157742,0.2187495,0.024557833786732017,0.037243716805575554,0.0076111016850317305,20.675100120520536,17.384828095776122,15.796952771006607
166,0.725,0.06259443942520057,0.1227371,0.06259444,5.965099e+07,0.3826937,9.529759e+08,4.804896310601861e-09,6.487644518879836e-11,42921873.997768074,22182203.09962367,0.5168042,0.031922536235809665,0.04503983467778311,0.023276773590763314,20.675100120520536,17.57489215479878,16.914800863334897
167,0.725,0.06259443942520057,0.1227371,0.06259444,5.965099e+07,0.3826937,9.529759e+08,5.707311498957137e-06,4.937129614877039e-08,56713998.782521404,27435288.72583021,0.4837481,0.04218023381986648,0.05951345815817284,0.02878907336841476,20.675100120520536,17.853547316045756,17.127340759761033
168,0.725,0.06259443942520057,0.1227371,0.06259444,5.965099e+07,0.3826937,9.529759e+08,0.016459828863309735,0.0002534605752802595,35551356.76415044,10753076.32732477,0.302466,0.026440818371416014,0.03999783713141124,0.01129954709622294,20.675100120520536,17.456170222475688,16.192107486473198
169,0.725,0.06259443942520057,0.1227371,0.06259444,5.965099e+07,0.3826937,9.529759e+08,0.0,0.0,17937617.748524155,5979166.633056283,0.3333311,0.013340849297286989,0.01882274114712686,0.006274205827516657,20.675100120520536,16.702410615840222,15.603791757194756
170,0.725,0.06259443942520057,0.1227371,0.06259444,5.965099e+07,0.3826937,9.529759e+08,7.939795051728204e-05,1.4527719926178726e-06,46074002.524473235,22508068.23533391,0.4885199,0.03426688720983534,0.048360489282335134,0.0236188093213064,20.675100120520536,17.646027984734534,16.929388241270125
172,0.725,0.06259443942520057,0.1227371,0.06259444,5.965099e+07,0.3826937,9.529759e+08,0.004009286051592797,8.697733449831107e-05,44422539.3255431,11219835.213591402,0.2525708,0.033038634831742644,0.04727031878719044,0.01177891705734555,20.675100120520536,17.62322743028506,16.233656084920135
173,0.725,0.06259443942520057,0.1227371,0.06259444,5.965099e+07,0.3826937,9.529759e+08,0.04055607480994118,0.004717752155650587,16107529.17805464,2180121.8423897694,0.135348,0.011979746827516166,0.023535811675680595,0.00258300399147847,20.675100120520536,16.925868003822327,14.71629790093874
175,0.725,0.06259443942520057,0.1227371,0.06259444,5.965099e+07,0.3826937,9.529759e+08,0.0,0.0,36868794.4755186,19245024.26330342,0.5219868,0.02742064402119447,0.038688067978057177,0.020194661027835778,20.675100120520536,17.422876073053015,16.772763105458004
176,0.725,0.06259443942520057,0.1227371,0.06259444,5.965099e+07,0.3826937,9.529759e+08,0.03881196336526488,0.0019479127239572526,12334070.814437289,2430416.6243166933,0.197049,0.009173290582079219,0.019290882065061896,0.0026722729063933413,20.675100120520536,16.72697739395607,14.75027422762356
177,0.725,0.06259443942520057,0.1227371,0.06259444,5.965099e+07,0.3826937,9.529759e+08,0.0,0.0,26151604.226029232,6111402.807926888,0.2336913,0.019449885472693527,0.02744204296410304,0.006412967134885936,20.675100120520536,17.07942109366924,15.625666896927598
178,0.725,0.06259443942520057,0.1227371,0.06259444,5.965099e+07,0.3826937,9.529759e+08,3.437550807220456e-09,9.322623557996254e-11,33596055.95886608,14110502.510091672,0.4200047,0.0249865910743543,0.03525383826487637,0.014806778694448755,20.675100120520536,17.32991925181577,16.46242993734456
179,0.725,0.06259443942520057,0.1227371,0.06259444,5.965099e+07,0.3826937,9.529759e+08,4.750282852202771e-06,2.079042668723283e-07,31718904.60259202,5919378.055720842,0.1866199,0.023590486323805105,0.033284836155831034,0.006211480024312679,20.675100120520536,17.27244676411631,15.593744038284783
180,0.725,0.06259443942520057,0.1227371,0.06259444,5.965099e+07,0.3826937,9.529759e+08,0.0,0.0,4224069.6101678815,1562253.1982617457,0.3698455,0.003141591981752204,0.0044325043589568515,0.0016393418551675467,20.675100120520536,15.256309583912342,14.261639695004304
182,0.725,0.06259443942520057,0.1227371,0.06259444,5.965099e+07,0.3826937,9.529759e+08,0.03192378103813984,0.0010885780723593576,12547338.089972604,2779759.82310792,0.2215418,0.00933190509950552,0.018388022728008175,0.0029850647119290985,20.675100120520536,16.679044355505553,14.860966267186202
183,0.725,0.06259443942520057,0.1227371,0.06259444,5.965099e+07,0.3826937,9.529759e+08,0.043090363116445075,0.0019541949885552596,17212125.426819,3583290.846292976,0.2081841,0.012801274652208846,0.025109428929554145,0.0038824284050699553,20.675100120520536,16.990588271699536,15.123805676989234
184,0.725,0.06259443942520057,0.1227371,0.06259444,5.965099e+07,0.3826937,9.529759e+08,0.00044723286730014136,9.921922279585905e-06,6264245.428067065,1776990.1369845183,0.2836719,0.004658943868058377,0.006646502349932808,0.0018652959453437927,20.675100120520536,15.661435595423292,14.390764565875681
185,0.725,0.06259443942520057,0.1227371,0.06259444,5.965099e+07,0.3826937,9.529759e+08,2.8342377968500615e-05,4.011526825566174e-07,43563050.13309479,14203555.452876637,0.3260459,0.03239940191074659,0.045717284323036046,0.014904448395475101,20.675100120520536,17.589821280692043,16.469004559964507
186,0.725,0.06259443942520057,0.1227371,0.06259444,5.965099e+07,0.3826937,9.529759e+08,0.0,0.0,31928314.230920196,13510707.775286045,0.4231576,0.023746231770725275,0.03350380203537251,0.014177387361797644,20.675100120520536,17.279003767522717,16.41899309755643
187,0.725,0.06259443942520057,0.1227371,0.06259444,5.965099e+07,0.3826937,9.529759e+08,0.0,0.0,26613711.680652935,447116.8591728635,0.01680024,0.019793571351036817,0.02792695289598378,0.00046917963247486525,20.675100120520536,17.09693711765572,13.01057526934578
188,0.725,0.06259443942520057,0.1227371,0.06259444,5.965099e+07,0.3826937,9.529759e+08,0.029252599914614312,0.001642496136506453,24929037.206027072,3818784.957425027,0.1531862,0.018540618556744,0.03094378523798212,0.0041100322485898505,20.675100120520536,17.199517020440773,15.180775716387986
189,0.725,0.06259443942520057,0.1227371,0.06259444,5.965099e+07,0.3826937,9.529759e+08,0.022233899647123564,0.0007486561900777786,35786387.19697418,7109541.675562271,0.1986661,0.026615618929022703,0.041188888047602186,0.007507220414893718,20.675100120520536,17.485513353933776,15.783210120946894
192,0.725,0.06259443942520057,0.1227371,0.06259444,5.965099e+07,0.3826937,9.529759e+08,0.03065603396390383,0.0008825730153512199,35667317.54366683,8644375.195941947,0.2423612,0.02652706255978107,0.04244149058237279,0.009126172029544391,20.675100120520536,17.51547127677799,15.978491174352945
193,0.725,0.06259443942520057,0.1227371,0.06259444,5.965099e+07,0.3826937,9.529759e+08,0.005078794827647111,0.00025820791362083615,32885189.51029155,4594498.754076152,0.1397133,0.02445789421539092,0.035338595634231466,0.004837374536160509,20.675100120520536,17.332320568937217,15.34371696388055
194,0.725,0.06259443942520057,0.1227371,0.06259444,5.965099e+07,0.3826937,9.529759e+08,1.3369386258476967e-09,3.243461515316643e-11,20042193.91804318,8806121.088121068,0.4393791,0.014906098033537091,0.021031166866813486,0.009240655036369765,20.675100120520536,16.813350315534624,15.990957616061326
195,0.725,0.06259443942520057,0.1227371,0.06259444,5.965099e+07,0.3826937,9.529759e+08,0.0,0.0,54976941.33387087,8824429.383069562,0.1605115,0.040888321930112714,0.057689752914562575,0.009259866743580532,20.675100120520536,17.822424406812456,15.993034499550882
196,0.725,0.06259443942520057,0.1227371,0.06259444,5.965099e+07,0.3826937,9.529759e+08,0.05081021800389334,0.005209272892574238,9237416.608155865,1279287.761650849,0.1384898,0.006870197848641449,0.01800389267150004,0.0016684851373190395,20.675100120520536,16.657932835581622,14.27926095289803
197,0.725,0.06259443942520057,0.1227371,0.06259444,5.965099e+07,0.3826937,9.529759e+08,0.0005885661273587613,1.7570419159959234e-05,51450234.3486364,17101874.32567697,0.3323964,0.038265383529634565,0.05408528972124941,0.017946858164620084,20.675100120520536,17.757907081382665,16.654759908540996
198,0.725,0.06259443942520057,0.1227371,0.06259444,5.965099e+07,0.3826937,9.529759e+08,0.004626183210020286,8.248875335971344e-05,46529837.87116127,13519114.544777904,0.2905472,0.03460590829668183,0.0495825024072004,0.014191372296692518,20.675100120520536,17.670982838981498,16.419979036751243
199,0.725,0.06259443942520057,0.1227371,0.06259444,5.965099e+07,0.3826937,9.529759e+08,0.0,0.0,10779763.870326152,3962426.7523354935,0.3675801,0.008017296793281963,0.011311686300985752,0.0041579508560883474,20.675100120520536,16.193181218782787,15.192367211781802
0,0.735,0.06135086832471734,0.1202819,0.06135087,5.774696e+07,0.3828665,9.412575e+08,0.0,0.0,42638090.4537915,15968325.814738145,0.3745085,0.03212443472431231,0.04529907248676156,0.016964886111819923,20.66272727544914,17.56825855384045,16.58611768155481
1,0.735,0.06135086832471734,0.1202819,0.06135087,5.774696e+07,0.3828665,9.412575e+08,0.0,0.0,40280208.96861439,21630016.61454592,0.5369887,0.030347957188567018,0.042794039002018974,0.022979914909042182,20.66272727544914,17.511370813701237,16.88959256605405
2,0.735,0.06135086832471734,0.1202819,0.06135087,5.774696e+07,0.3828665,9.412575e+08,0.0,0.0,14328713.662702505,2626327.772703616,0.1832912,0.010795554440687137,0.015222948118472638,0.0027902331198117,20.66272727544914,16.477776030436928,14.781097144297776
3,0.735,0.06135086832471734,0.1202819,0.06135087,5.774696e+07,0.3828665,9.412575e+08,0.0,0.0,28691091.458067887,5242877.816619795,0.1827354,0.0216164721474298,0.03048166129981441,0.005570078296814892,20.66272727544914,17.172097230387216,15.472381107186195
4,0.735,0.06135086832471734,0.1202819,0.06135087,5.774696e+07,0.3828665,9.412575e+08,0.0,0.0,17909598.993495323,11891042.701252049,0.663948,0.013493468813493488,0.01902731136363623,0.01263314561075272,20.66272727544914,16.700847383696637,16.2912959604697
5,0.735,0.06135086832471734,0.1202819,0.06135087,5.774696e+07,0.3828665,9.412575e+08,0.0,0.0,53358924.170176655,18735574.52606438,0.3511235,0.04020173648071863,0.056688978049332636,0.01990483484379035,20.66272727544914,17.79255179764007,16.745934655662573
6,0.735,0.06135086832471734,0.1202819,0.06135087,5.774696e+07,0.3828665,9.412575e+08,0.006239664228782378,0.00010659808576784415,46057147.36935957,13231552.569863234,0.2872855,0.03470042416318992,0.04993135708083978,0.014063854661548653,20.66272727544914,17.665621200278494,16.398580003279967
7,0.735,0.06135086832471734,0.1202819,0.06135087,5.774696e+07,0.3828665,9.412575e+08,0.010858292726936279,0.001997473109191095,1474821.8590560034,223230.4372792718,0.1513609,0.0011111618282385004,0.0033068056806019445,0.00035970863820383194,20.66272727544914,14.950954668716617,12.732511082921253
8,0.735,0.06135086832471734,0.1202819,0.06135087,5.774696e+07,0.3828665,9.412575e+08,0.0,0.0,28881008.429501336,12580249.292241795,0.435589,0.02175955959076793,0.030683430716874807,0.013365364595968135,20.66272727544914,17.178694789298305,16.347638625593625
10,0.735,0.06135086832471734,0.1202819,0.06135087,5.774696e+07,0.3828665,9.412575e+08,0.0,0.0,37481515.843767025,9637131.671393037,0.2571169,0.0282393628860155,0.03982068345580716,0.010238571228230959,20.66272727544914,17.439358458587282,16.08113407785029
12,0.735,0.06135086832471734,0.1202819,0.06135087,5.774696e+07,0.3828665,9.412575e+08,0.0,0.0,50894482.25002601,21040451.070159514,0.4134132,0.03834497407055543,0.05407073384580051,0.022353555425148317,20.66272727544914,17.745265071912343,16.86195738429977
13,0.735,0.06135086832471734,0.1202819,0.06135087,5.774696e+07,0.3828665,9.412575e+08,0.00255994558087912,8.256406009137829e-05,42704030.45108069,7360868.063902782,0.1723694,0.032174115306066634,0.04577933561937555,0.007825314652566414,20.66272727544914,17.578804798421626,15.812335943275368
14,0.735,0.06135086832471734,0.1202819,0.06135087,5.774696e+07,0.3828665,9.412575e+08,0.0,0.0,58161617.21879125,18635434.705043692,0.3204078,0.04382018650273195,0.061791400278504306,0.01979844544025588,20.66272727544914,17.878736197178313,16.740575417966788
15,0.735,0.06135086832471734,0.1202819,0.06135087,5.774696e+07,0.3828665,9.412575e+08,0.006206317854371867,0.00017348896146266119,41176716.993114084,8869499.249268776,0.2154008,0.031023405202452017,0.04474100259683773,0.009433675666743602,20.66272727544914,17.5558623616842,15.999257801550435
16,0.735,0.06135086832471734,0.1202819,0.06135087,5.774696e+07,0.3828665,9.412575e+08,0.0029138460520950387,6.69473015498165e-05,43716856.64680266,9792074.433017636,0.2239885,0.03293719987822413,0.04691208016487526,0.010407291020323811,20.66272727544914,17.603247211564895,16.097478616633328
17,0.735,0.06135086832471734,0.1202819,0.06135087,5.774696e+07,0.3828665,9.412575e+08,1.874124101431937e-06,1.3835292331590623e-08,54418809.253725655,26605351.016171318,0.4888999,0.04100027620938311,0.05781530935112912,0.028265753639106234,20.66272727544914,17.812225604740682,17.09662294957176
19,0.735,0.06135086832471734,0.1202819,0.06135087,5.774696e+07,0.3828665,9.412575e+08,0.00017518055427526212,1.066963915597975e-05,54773931.96150119,11568470.666535823,0.2112039,0.04126783313146008,0.05822036553110956,0.012291096909917521,20.66272727544914,17.819207213210486,16.263847168293083
20,0.735,0.06135086832471734,0.1202819,0.06135087,5.774696e+07,0.3828665,9.412575e+08,0.0,0.0,56513596.93780926,15780473.545093779,0.2792332,0.04257853333821879,0.060040529416950095,0.0167653102516241,20.66272727544914,17.849991820930732,16.574283882126526
22,0.735,0.06135086832471734,0.1202819,0.06135087,5.774696e+07,0.3828665,9.412575e+08,0.0,0.0,13099415.30296445,7917344.275439521,0.6044044,0.009869375184209722,0.01391693101233651,0.008411454369056753,20.66272727544914,16.38807815381379,15.884566388801067
23,0.735,0.06135086832471734,0.1202819,0.06135087,5.774696e+07,0.3828665,9.412575e+08,2.54466500858849e-05,8.329638646434312e-07,50200733.63293417,21781997.916093696,0.433898,0.03782228926155815,0.05333776696657732,0.023141432248559274,20.66272727544914,17.731616650200888,16.896596611241897
24,0.735,0.06135086832471734,0.1202819,0.06135087,5.774696e+07,0.3828665,9.412575e+08,1.1135521451984481e-06,2.2592436240121917e-08,47141853.87157608,18024180.97660795,0.3823392,0.03551766487107891,0.05008408775242123,0.019149045629937637,20.66272727544914,17.668675344377057,16.707224874294994
25,0.735,0.06135086832471734,0.1202819,0.06135087,5.774696e+07,0.3828665,9.412575e+08,2.649382809268657e-06,3.719747939535103e-08,59041865.34716212,17996312.514104318,0.304806,0.044483383968661944,0.06272700796868895,0.019119438832716787,20.66272727544914,17.893764100462015,16.70567755390624
26,0.735,0.06135086832471734,0.1202819,0.06135087,5.774696e+07,0.3828665,9.412575e+08,0.0046578957537029946,9.433174675543326e-05,34748613.24057588,9014769.964100564,0.2594282,0.026180336547130516,0.037663609605233135,0.009583156154545653,20.66272727544914,17.383666362294495,16.01497898665002
27,0.735,0.06135086832471734,0.1202819,0.06135087,5.774696e+07,0.3828665,9.412575e+08,0.0001507507449835649,3.713206930943489e-06,50568954.550045475,21934916.23677417,0.4337625,0.038099714650218275,0.053749046860229244,0.02330407068758509,20.66272727544914,17.739297930484604,16.903600049400737
28,0.735,0.06135086832471734,0.1202819,0.06135087,5.774696e+07,0.3828665,9.412575e+08,0.00019916183696161788,1.1893862164467006e-06,56676677.58272452,24988609.94079476,0.4408976,0.04270140172835124,0.06024570155749281,0.026548186194558746,20.66272727544914,17.853403222848602,17.033933425232142
29,0.735,0.06135086832471734,0.1202819,0.06135087,5.774696e+07,0.3828665,9.412575e+08,0.00016426437968367218,5.76402179799251e-06,53111379.87622988,9084511.71859925,0.1710464,0.040015231399753826,0.056452306738869286,0.009651816685020721,20.66272727544914,17.788368149626713,16.022118151614777
30,0.735,0.06135086832471734,0.1202819,0.06135087,5.774696e+07,0.3828665,9.412575e+08,0.009745397274280357,0.00020063268342603046,44277942.21554518,11857157.540315762,0.2677893,0.033359933554521305,0.04860287601054706,0.012609454714895349,20.66272727544914,17.6386547027943,16.289418903232516
31,0.735,0.06135086832471734,0.1202819,0.06135087,5.774696e+07,0.3828665,9.412575e+08,0.04632893670220668,0.0044393229459122364,23832943.334222533,2323929.744740923,0.09750914,0.01795624110461037,0.03274411238635748,0.0027413191824173302,20.66272727544914,17.243695167924532,14.763411254442445
32,0.735,0.06135086832471734,0.1202819,0.06135087,5.774696e+07,0.3828665,9.412575e+08,4.142296360224701e-09,7.831244677751663e-11,45657166.16553593,17589485.921450846,0.3852514,0.03439906990608243,0.04850656504460079,0.018687220498981735,20.66272727544914,17.636671146994214,16.68281189092983
33,0.735,0.06135086832471734,0.1202819,0.06135087,5.774696e+07,0.3828665,9.412575e+08,1.2387964099826018e-05,1.0852645375819967e-07,57946976.982089214,27469761.127686065,0.4740499,0.043658472031005834,0.06156534971085374,0.029184116154503458,20.66272727544914,17.875071204047426,17.128596590425822
34,0.735,0.06135086832471734,0.1202819,0.06135087,5.774696e+07,0.3828665,9.412575e+08,0.0,0.0,20138697.68672036,9599244.965418514,0.4766567,0.015172918683373624,0.021395524907204228,0.010198320067309845,20.66272727544914,16.818153780141124,16.077195003909463
36,0.735,0.06135086832471734,0.1202819,0.06135087,5.774696e+07,0.3828665,9.412575e+08,0.0,0.0,34618293.92451193,12466925.30161114,0.3601254,0.026082151231661233,0.03677877196573742,0.013244968217719666,20.66272727544914,17.3598928264435,16.338589719619993
37,0.735,0.06135086832471734,0.1202819,0.06135087,5.774696e+07,0.3828665,9.412575e+08,4.1333236884214813e-07,1.3569792949198495e-08,44677665.76713159,22184030.49194689,0.4965351,0.03366109369101063,0.04746600100104097,0.023568504829954772,20.66272727544914,17.61498568282396,16.91488327610191
38,0.735,0.06135086832471734,0.1202819,0.06135087,5.774696e+07,0.3828665,9.412575e+08,2.452561003743325e-05,5.846298613251752e-07,54673472.495699756,16014736.30330648,0.292916,0.04119214485561962,0.058089495454434974,0.017014228879923224,20.66272727544914,17.81695684284989,16.58902198337662
39,0.735,0.06135086832471734,0.1202819,0.06135087,5.774696e+07,0.3828665,9.412575e+08,0.0,0.0,28648797.64188471,16052874.606509447,0.5603333,0.02158460709618669,0.030436727987261405,0.017054711472345087,20.66272727544914,17.170622033119937,16.591398494712546
41,0.735,0.06135086832471734,0.1202819,0.06135087,5.774696e+07,0.3828665,9.412575e+08,0.0,0.0,33954012.56058768,7053452.0862355465,0.2077355,0.025581667671378712,0.036073033755237106,0.0074936479081433955,20.66272727544914,17.34051759528219,15.769027712567341
42,0.735,0.06135086832471734,0.1202819,0.06135087,5.774696e+07,0.3828665,9.412575e+08,0.025155399250936142,0.0013588182194569367,16054729.731798915,3118745.035925765,0.1942571,0.01209597127349282,0.02108760551012745,0.0033967461153957793,20.66272727544914,16.80365744777067,14.977789944964822
43,0.735,0.06135086832471734,0.1202819,0.06135087,5.774696e+07,0.3828665,9.412575e+08,0.0,0.0,11217916.340534477,496587.2967540075,0.04426734,0.008451814267218227,0.011918010399903147,0.0005275785972648887,20.66272727544914,16.23302273141292,13.11551457129005
44,0.735,0.06135086832471734,0.1202819,0.06135087,5.774696e+07,0.3828665,9.412575e+08,0.0,0.0,42389171.67023812,22397791.485081077,0.5283847,0.031936894073949895,0.045034619039163545,0.023795605507371812,20.66272727544914,17.562403502449957,16.924472917548496
45,0.735,0.06135086832471734,0.1202819,0.06135087,5.774696e+07,0.3828665,9.412575e+08,0.001155749044210405,1.7120009589582392e-05,54583211.856977515,20246045.793937262,0.3709207,0.04112414059074876,0.058174870009444844,0.021510622783185458,20.66272727544914,17.818425471178344,16.823518892520696
46,0.735,0.06135086832471734,0.1202819,0.06135087,5.774696e+07,0.3828665,9.412575e+08,0.012870910956618967,0.0004128536732083943,9807229.43587124,2062003.7048046188,0.2102534,0.00738897306342631,0.012481730558145533,0.002216019328069785,20.66272727544914,16.279238016313045,14.550684487367157
47,0.735,0.06135086832471734,0.1202819,0.06135087,5.774696e+07,0.3828665,9.412575e+08,6.505194664940448e-05,5.369452378719468e-07,48152396.971345946,19338648.036082525,0.4016134,0.03627902931069524,0.05116794294091613,0.020545578248121598,20.66272727544914,17.690085217985736,16.777617743849067
48,0.735,0.06135086832471734,0.1202819,0.06135087,5.774696e+07,0.3828665,9.412575e+08,0.008710434082456526,0.0002879857143533139,33447366.08144831,6330297.382609452,0.1892615,0.025199949550933003,0.03693053575808523,0.006743030330943475,20.66272727544914,17.364010732620915,15.663481424347175
49,0.735,0.06135086832471734,0.1202819,0.06135087,5.774696e+07,0.3828665,9.412575e+08,0.0,0.0,51052050.19227642,20244681.03754851,0.3965498,0.03846368907447788,0.05423813537719241,0.02150812252685507,20.66272727544914,17.74835626224408,16.82340265220196
50,0.735,0.06135086832471734,0.1202819,0.06135087,5.774696e+07,0.3828665,9.412575e+08,0.0006353276551771608,3.0342228719233672e-05,34640274.725403816,6862878.79451992,0.1981185,0.026098712029668937,0.0369039300149776,0.007293042732872762,20.66272727544914,17.363290046313224,15.741892839888758
51,0.735,0.06135086832471734,0.1202819,0.06135087,5.774696e+07,0.3828665,9.412575e+08,0.0,0.0,39186470.074368514,7976812.199565266,0.2035604,0.029523911286424162,0.041632041433067604,0.008474633600981522,20.66272727544914,17.48384209401825,15.892049415876414
52,0.735,0.06135086832471734,0.1202819,0.06135087,5.774696e+07,0.3828665,9.412575e+08,2.109585211674449e-05,5.801038586891176e-07,27869677.578677762,6693534.070637648,0.2401726,0.020997601642928448,0.02961236457682744,0.007111303515605472,20.66272727544914,17.14316399276551,15.716657559006444
53,0.735,0.06135086832471734,0.1202819,0.06135087,5.774696e+07,0.3828665,9.412575e+08,0.0,0.0,53677431.8664315,13501521.097792123,0.2515307,0.040441706882503356,0.05702736335380296,0.014344131652735402,20.66272727544914,17.798503207948823,16.418312910971956
54,0.735,0.06135086832471734,0.1202819,0.06135087,5.774696e+07,0.3828665,9.412575e+08,0.00364654533431132,0.0001607674623705654,31367168.96451179,4947077.145320607,0.1577151,0.023632685262464204,0.03390907457067679,0.005265680353554407,20.66272727544914,17.278654661482424,15.416182355652161
55,0.735,0.06135086832471734,0.1202819,0.06135087,5.774696e+07,0.3828665,9.412575e+08,0.007935036179340115,0.00016212076834178844,48621412.17628991,13792040.374815654,0.2836619,0.03663239523716094,0.0529273218556816,0.014662728070809138,20.66272727544914,17.723891683204556,16.440280765027016
56,0.735,0.06135086832471734,0.1202819,0.06135087,5.774696e+07,0.3828665,9.412575e+08,8.49421969207965e-11,2.1368305626800796e-12,54380885.747005224,24435372.503434934,0.4493375,0.04097170384126832,0.05777471879510944,0.025960349032968486,20.66272727544914,17.81152328537388,17.01154233324211
57,0.735,0.06135086832471734,0.1202819,0.06135087,5.774696e+07,0.3828665,9.412575e+08,0.00258533852487379,9.968405654686645e-05,32993285.264035456,6453955.2914733365,0.1956142,0.024857835506347677,0.035466625749141216,0.006862853082217931,20.66272727544914,17.323564131016145,15.681095252939816
58,0.735,0.06135086832471734,0.1202819,0.06135087,5.774696e+07,0.3828665,9.412575e+08,0.03224423654431881,0.0017836571019788615,28328114.310834672,4364139.705586451,0.1540568,0.02134299752535808,0.03526287588302621,0.004745928313396939,20.66272727544914,17.31780273230658,15.312259049730372
59,0.735,0.06135086832471734,0.1202819,0.06135087,5.774696e+07,0.3828665,9.412575e+08,0.010085098505646675,0.0003386850658468091,41492967.87200858,8398222.187860474,0.2024011,0.03126167527053968,0.04569852943697442,0.008943121804736071,20.66272727544914,17.577038115227417,15.94585671985862
60,0.735,0.06135086832471734,0.1202819,0.06135087,5.774696e+07,0.3828665,9.412575e+08,0.0,0.0,33492535.44707249,10012993.138966829,0.2989619,0.025233981101644806,0.03558275651735843,0.010637889670576722,20.66272727544914,17.326833149491232,16.119394121477164
61,0.735,0.06135086832471734,0.1202819,0.06135087,5.774696e+07,0.3828665,9.412575e+08,0.00998783865300416,0.000206901616132533,46178125.77001472,10325638.808911577,0.2236045,0.034791571836397986,0.05066049631177339,0.010982740701895373,20.66272727544914,17.680118437908718,16.15129700995285
62,0.735,0.06135086832471734,0.1202819,0.06135087,5.774696e+07,0.3828665,9.412575e+08,0.0,0.0,10870714.122614864,8422815.094840616,0.7748171,0.00819022480889615,0.011549139789852027,0.008948470896867905,20.66272727544914,16.201582953592162,15.946454664645362
63,0.735,0.06135086832471734,0.1202819,0.06135087,5.774696e+07,0.3828665,9.412575e+08,3.563211268411691e-07,4.618333433160794e-09,27632182.236919433,13486790.868175015,0.4880827,0.02081866765403624,0.029356724171080942,0.014328482413966812,20.66272727544914,17.13449361943395,16.417221329975117
64,0.735,0.06135086832471734,0.1202819,0.06135087,5.774696e+07,0.3828665,9.412575e+08,0.0,0.0,14538967.217239704,8688151.067816421,0.5975769,0.010953963893746596,0.01544632329560215,0.009230366107118993,20.66272727544914,16.492342997095676,15.977470709105098
65,0.735,0.06135086832471734,0.1202819,0.06135087,5.774696e+07,0.3828665,9.412575e+08,0.00025675604120455693,7.342168959805811e-06,29252391.395738482,10148722.431613218,0.3469365,0.02203936733378907,0.031119133973235045,0.010782540082025727,20.66272727544914,17.19279486676642,16.132900163322073
66,0.735,0.06135086832471734,0.1202819,0.06135087,5.774696e+07,0.3828665,9.412575e+08,0.0,0.0,28616267.569444627,6235380.734123041,0.2178964,0.021560098254970846,0.03040216775968602,0.006624521897004402,20.66272727544914,17.1694859102213,15.645750199245262
67,0.735,0.06135086832471734,0.1202819,0.06135087,5.774696e+07,0.3828665,9.412575e+08,7.49708262402394e-19,1.773719128102711e-20,32392338.272337,18636384.346347887,0.5753331,0.024405069395057807,0.03441389761590072,0.01979945434731099,20.66272727544914,17.293432479722373,16.740626375571143
69,0.735,0.06135086832471734,0.1202819,0.06135087,5.774696e+07,0.3828665,9.412575e+08,0.0,0.0,12786609.638758792,2092356.5327350744,0.1636365,0.009633700813377848,0.013584603595552261,0.002222937501087996,20.66272727544914,16.36390905935037,14.55380151638357
70,0.735,0.06135086832471734,0.1202819,0.06135087,5.774696e+07,0.3828665,9.412575e+08,5.1653533946052476e-09,9.117438704730948e-11,38321596.01492265,19269813.474457946,0.5028448,0.0288722969675904,0.04071319265250043,0.020472414883831305,20.66272727544914,17.46152418018838,16.77405036103509
71,0.735,0.06135086832471734,0.1202819,0.06135087,5.774696e+07,0.3828665,9.412575e+08,0.06281045980475264,0.00257809926285208,15022857.958017087,2925635.9889667863,0.1947456,0.011318537361985015,0.02602521587607898,0.0032663893607015847,20.66272727544914,17.014037905883836,14.938657200290947
72,0.735,0.06135086832471734,0.1202819,0.06135087,5.774696e+07,0.3828665,9.412575e+08,0.00904265997402323,0.00024133677518209672,7682763.053185326,1878263.4546745066,0.2444776,0.005788355378435195,0.00961123699791642,0.00201028940199844,20.66272727544914,16.017904931031946,14.453250689267456
73,0.735,0.06135086832471734,0.1202819,0.06135087,5.774696e+07,0.3828665,9.412575e+08,0.0,0.0,37747503.57068339,14278504.32689973,0.3782635,0.02843976363754665,0.040103271095026864,0.01516960529008057,20.66272727544914,17.44642990089466,16.474265770377574
74,0.735,0.06135086832471734,0.1202819,0.06135087,5.774696e+07,0.3828665,9.412575e+08,1.4369288471055104e-05,4.230847820331382e-07,37909890.547261186,16567122.719467161,0.4370132,0.028562109403354463,0.040278094957091545,0.017601079028625708,20.66272727544914,17.450779768191264,16.622932205076467
75,0.735,0.06135086832471734,0.1202819,0.06135087,5.774696e+07,0.3828665,9.412575e+08,0.0,0.0,19633755.288634863,12989500.148850571,0.6615902,0.0147924844534586,0.020859069778724613,0.013800156211199623,20.66272727544914,16.79276085150382,16.379651908218243
76,0.735,0.06135086832471734,0.1202819,0.06135087,5.774696e+07,0.3828665,9.412575e+08,0.0,0.0,40818080.75112375,10628330.292624062,0.2603829,0.03075320110975052,0.043365478590545584,0.011291629132889764,20.66272727544914,17.524635696874718,16.179033662968713
77,0.735,0.06135086832471734,0.1202819,0.06135087,5.774696e+07,0.3828665,9.412575e+08,0.0,0.0,28231664.850524083,13152924.138402253,0.4658926,0.021270330472050413,0.029993562537042,0.013973779257400537,20.66272727544914,17.155954773004527,16.392154659807296
78,0.735,0.06135086832471734,0.1202819,0.06135087,5.774696e+07,0.3828665,9.412575e+08,0.0,0.0,39278733.60302481,11034674.028721998,0.2809325,0.029593424570724874,0.04173006299613491,0.011723332198391495,20.66272727544914,17.486193800681953,16.216553057474275
79,0.735,0.06135086832471734,0.1202819,0.06135087,5.774696e+07,0.3828665,9.412575e+08,0.01900836353734682,0.0013351412501914355,15767433.765738493,2692867.632704064,0.1707867,0.011879516446129753,0.019797373445994342,0.0029428377120151845,20.66272727544914,16.74052127112543,14.834346320472141
80,0.735,0.06135086832471734,0.1202819,0.06135087,5.774696e+07,0.3828665,9.412575e+08,0.037847008003764615,0.002585601145880768,9751067.153917152,1472343.402132029,0.1509931,0.007346659218190728,0.01642425486389492,0.0017228591162598717,20.66272727544914,16.5537311938357,14.298957184134544
81,0.735,0.06135086832471734,0.1202819,0.06135087,5.774696e+07,0.3828665,9.412575e+08,0.003296499269600105,0.00012690088423506963,14429775.447724499,2225754.3938618614,0.1542473,0.010871696516505,0.01585855094528313,0.0023724460107201494,20.66272727544914,16.518680843132874,14.618893491427682
82,0.735,0.06135086832471734,0.1202819,0.06135087,5.774696e+07,0.3828665,9.412575e+08,2.4571834592947143e-11,2.6659068194254583e-13,13070992.30421788,6539915.710743494,0.5003381,0.00984796069875351,0.013886734178966976,0.006948062464477324,20.66272727544914,16.385906005283392,15.69343483508716
83,0.735,0.06135086832471734,0.1202819,0.06135087,5.774696e+07,0.3828665,9.412575e+08,4.5492788917410685e-05,8.20860246272542e-07,54204171.858655505,19391503.781657554,0.3577493,0.040838563878602255,0.05759426623719995,0.020601750063354095,20.66272727544914,17.80839501472091,16.78034802318586
84,0.735,0.06135086832471734,0.1202819,0.06135087,5.774696e+07,0.3828665,9.412575e+08,0.0,0.0,4402398.691047385,816219.8427699022,0.1854034,0.003316859828284684,0.0046771460752329805,0.000867158951755521,20.66272727544914,15.29766010740059,13.61243901281969
85,0.735,0.06135086832471734,0.1202819,0.06135087,5.774696e+07,0.3828665,9.412575e+08,0.013299164482511082,0.00018339954246662405,27599442.38690843,8502242.153291453,0.3080585,0.020794000761983417,0.03145295370373781,0.009044106605227234,20.66272727544914,17.20346489265143,15.957085338211225
86,0.735,0.06135086832471734,0.1202819,0.06135087,5.774696e+07,0.3828665,9.412575e+08,0.10952609646760561,0.0117830991457381,5857424.069248762,925356.8088553051,0.1579802,0.004413106571203527,0.023773534814016523,0.0017060103634131641,20.66272727544914,16.923544975828722,14.289129520203366
88,0.735,0.06135086832471734,0.1202819,0.06135087,5.774696e+07,0.3828665,9.412575e+08,0.0,0.0,8840987.652396658,5990434.221256266,0.6775752,0.006660986167888118,0.009392741003598756,0.006364288623805723,20.66272727544914,15.994909153757247,15.605674458492041
89,0.735,0.06135086832471734,0.1202819,0.06135087,5.774696e+07,0.3828665,9.412575e+08,0.0004716065303521077,1.2141994502077728e-05,39050252.69135481,7147060.075365266,0.1830221,0.029421282243182117,0.04156289356081199,0.007593842759438662,20.66272727544914,17.48217978397056,15.782309752167942
90,0.735,0.06135086832471734,0.1202819,0.06135087,5.774696e+07,0.3828665,9.412575e+08,0.0,0.0,27852392.627808847,6860439.891800275,0.2463142,0.02098457879715858,0.029590620479221376,0.007288590099655755,20.66272727544914,17.142429431879325,15.741282121815338
91,0.735,0.06135086832471734,0.1202819,0.06135087,5.774696e+07,0.3828665,9.412575e+08,7.183975188204043e-05,2.8860852889172628e-06,49647370.56482353,22513345.32305499,0.453465,0.037405373879767535,0.052757303374680715,0.023918547958374593,20.66272727544914,17.720674211840084,16.929626219625536
92,0.735,0.06135086832471734,0.1202819,0.06135087,5.774696e+07,0.3828665,9.412575e+08,0.002246522046614632,6.789694233519592e-05,52676425.00163631,10927821.410425313,0.2074518,0.039687527243019945,0.05632386974115239,0.011613976597905798,20.66272727544914,17.786090415848996,16.207181248424803
93,0.735,0.06135086832471734,0.1202819,0.06135087,5.774696e+07,0.3828665,9.412575e+08,0.027908550673398518,0.0008490204895092925,16292083.711097961,3727317.274049775,0.2287809,0.012274798756933039,0.02178093979808814,0.004012021940103613,20.66272727544914,16.836007262631725,15.144267335171783
94,0.735,0.06135086832471734,0.1202819,0.06135087,5.774696e+07,0.3828665,9.412575e+08,0.05187622953116602,0.002224447727283144,22456876.02249048,4303561.339583114,0.1916367,0.016919483030749083,0.032171069734302234,0.004708612226122467,20.66272727544914,17.226039589707895,15.30436521694386
95,0.735,0.06135086832471734,0.1202819,0.06135087,5.774696e+07,0.3828665,9.412575e+08,0.003977143919252558,5.827935123295152e-05,48122697.40411954,15170963.826537557,0.3152559,0.0362566530316792,0.05176326689929252,0.016121337395076995,20.66272727544914,17.701652760960258,16.535115695059233
97,0.735,0.06135086832471734,0.1202819,0.06135087,5.774696e+07,0.3828665,9.412575e+08,0.04477656856834745,0.014646983337174643,2045092.021153284,200552.60158168263,0.09806532,0.0015408153704713717,0.009347759716777926,0.0011116739476957401,20.66272727544914,15.990108708574693,13.860838936796373
98,0.735,0.06135086832471734,0.1202819,0.06135087,5.774696e+07,0.3828665,9.412575e+08,0.030860085436904886,0.0008077589845167569,30664617.04069122,7436856.830007525,0.2425224,0.02310336785689997,0.037523398813186185,0.007950537106826302,20.66272727544914,17.37993670320769,15.828211483458212
99,0.735,0.06135086832471734,0.1202819,0.06135087,5.774696e+07,0.3828665,9.412575e+08,0.0,0.0,11175152.296164544,2895198.054639019,0.2590746,0.008419594936162622,0.011872577512897102,0.003075883210172274,20.66272727544914,16.22920332666317,14.878564079305159
100,0.735,0.06135086832471734,0.1202819,0.06135087,5.774696e+07,0.3828665,9.412575e+08,0.0002745143037758443,3.2285724407787577e-06,33191683.9981676,12162829.443843069,0.3664421,0.0250073132882132,0.03530711777298542,0.012922092249615545,20.66272727544914,17.319056576708803,16.313910420535517
101,0.735,0.06135086832471734,0.1202819,0.06135087,5.774696e+07,0.3828665,9.412575e+08,3.87352032722244e-08,5.587465590195826e-10,50430474.52655621,24022410.658404857,0.4763471,0.037995380886021606,0.05357777427319456,0.025521614866002656,20.66272727544914,17.736106319466717,16.994497731389977
102,0.735,0.06135086832471734,0.1202819,0.06135087,5.774696e+07,0.3828665,9.412575e+08,0.029933498247407164,0.001985787348560608,7967630.1819009455,1161401.5338234585,0.145765,0.006002980268624512,0.013261448438062248,0.0013557127149010741,20.66272727544914,16.33983320889885,14.0592993013719
103,0.735,0.06135086832471734,0.1202819,0.06135087,5.774696e+07,0.3828665,9.412575e+08,0.0,0.0,22312034.77897614,11775094.8710898,0.5277463,0.01681035658950502,0.023704496848312995,0.012509961642913105,20.66272727544914,16.920636767044797,16.281497254827062
104,0.735,0.06135086832471734,0.1202819,0.06135087,5.774696e+07,0.3828665,9.412575e+08,0.0,0.0,41733126.688270964,8521771.123676773,0.2041968,0.03144261597717967,0.044337631231397785,0.009053602629446529,20.66272727544914,17.5468057763909,15.958134755567603
105,0.735,0.06135086832471734,0.1202819,0.06135087,5.774696e+07,0.3828665,9.412575e+08,0.0,0.0,32420968.615201235,16229888.326437322,0.5005985,0.024426640097936107,0.03444431473737414,0.017242772364491607,20.66272727544914,17.29431595091375,16.60236505877932
106,0.735,0.06135086832471734,0.1202819,0.06135087,5.774696e+07,0.3828665,9.412575e+08,0.0014006133869979872,2.2218730476383554e-05,34361029.37881149,12673194.943257127,0.3688247,0.02588832270844934,0.03672988742083074,0.013465473990079756,20.66272727544914,17.358562791247074,16.35510092375079
107,0.735,0.06135086832471734,0.1202819,0.06135087,5.774696e+07,0.3828665,9.412575e+08,0.0025132940521743158,7.535754343869944e-05,56231111.43949059,12610171.881628124,0.2242561,0.04236570281849517,0.06014314683713306,0.013401777861939307,20.66272727544914,17.851699497851904,16.35035937088728
108,0.735,0.06135086832471734,0.1202819,0.06135087,5.774696e+07,0.3828665,9.412575e+08,0.0,0.0,32487691.309256013,17363522.99854069,0.5344647,0.02447691037990654,0.0345152014990075,0.018447155549539945,20.66272727544914,17.296371846618076,16.669882184311366
109,0.735,0.06135086832471734,0.1202819,0.06135087,5.774696e+07,0.3828665,9.412575e+08,0.02525271065608692,0.001364502771811489,5155646.677181454,934014.489879947,0.1811634,0.0038843727141632746,0.009523919588455153,0.001076018423620294,20.66272727544914,16.00877848201263,13.828239580383704
110,0.735,0.06135086832471734,0.1202819,0.06135087,5.774696e+07,0.3828665,9.412575e+08,0.029129558937439903,0.001779107298444476,13737208.243421908,2317066.501713757,0.1686708,0.010349901808767575,0.019262273649293275,0.0025708210743395064,20.66272727544914,16.713120446196346,14.699197328528726
111,0.735,0.06135086832471734,0.1202819,0.06135087,5.774696e+07,0.3828665,9.412575e+08,0.03678750098132888,0.0005873564160458518,22074285.35099466,6141983.652352499,0.2782416,0.016631231166704705,0.02934677109269777,0.006561330863540317,20.66272727544914,17.13415452281172,15.636165454386225
112,0.735,0.06135086832471734,0.1202819,0.06135087,5.774696e+07,0.3828665,9.412575e+08,0.0,0.0,5633071.826031864,1952170.0446309983,0.3465551,0.004244074869366763,0.005984623754365646,0.002074002175450626,20.66272727544914,15.544165468733222,14.484452155189231
113,0.735,0.06135086832471734,0.1202819,0.06135087,5.774696e+07,0.3828665,9.412575e+08,0.0,0.0,46234788.30233825,21298642.215346992,0.4606627,0.03483426258079035,0.0491202350862187,0.02262785990916274,20.66272727544914,17.64924306625166,16.87415388288945
114,0.735,0.06135086832471734,0.1202819,0.06135087,5.774696e+07,0.3828665,9.412575e+08,0.055588783930197484,0.0051096450032138,15534241.472607499,1936892.2687096829,0.1246853,0.01170382446463687,0.025411306455195067,0.0023712520932382512,20.66272727544914,16.990166207479145,14.618390121491002
115,0.735,0.06135086832471734,0.1202819,0.06135087,5.774696e+07,0.3828665,9.412575e+08,0.0005334535481775874,1.1191493494433715e-05,51458303.39140009,17507248.87206573,0.340222,0.03876976878484706,0.05475522331770541,0.018600537756406573,20.66272727544914,17.757844763676143,16.67816248840299
116,0.735,0.06135086832471734,0.1202819,0.06135087,5.774696e+07,0.3828665,9.412575e+08,0.0,0.0,15159519.441876423,7258702.259670179,0.4788214,0.011421501000150863,0.016105603293990075,0.007711707450336356,20.66272727544914,16.534139238591404,15.79771161871137
117,0.735,0.06135086832471734,0.1202819,0.06135087,5.774696e+07,0.3828665,9.412575e+08,0.0,0.0,50053545.69422114,23609009.048241597,0.4716751,0.03771139477076202,0.053177315646421815,0.02508241342036474,20.66272727544914,17.728603904257636,16.977138936484188
118,0.735,0.06135086832471734,0.1202819,0.06135087,5.774696e+07,0.3828665,9.412575e+08,9.491051036329747e-05,9.751316662018261e-06,42535041.79701571,11705769.823905507,0.275203,0.03204679569749873,0.04520480125424521,0.012436908370770725,20.66272727544914,17.566175300103037,16.275640529641073
119,0.735,0.06135086832471734,0.1202819,0.06135087,5.774696e+07,0.3828665,9.412575e+08,9.813824111909832e-05,3.852487695194042e-06,50160339.04159743,15813205.150090449,0.3152532,0.03779185512628611,0.0533064995707751,0.01680032094257901,20.66272727544914,17.73103026337085,16.576369986418683
120,0.735,0.06135086832471734,0.1202819,0.06135087,5.774696e+07,0.3828665,9.412575e+08,0.0,0.0,51459919.23420526,25144450.472434077,0.488622,0.03877098619482408,0.05467145894067291,0.02671367954024527,20.66272727544914,17.756313795329763,17.04014777300197
121,0.735,0.06135086832471734,0.1202819,0.06135087,5.774696e+07,0.3828665,9.412575e+08,0.054509399015218,0.002515199000792841,19690833.87675688,3524126.905904529,0.178973,0.014835488663046006,0.02965434424484888,0.003898372251143241,20.66272727544914,17.144580628710937,15.115531090977143
122,0.735,0.06135086832471734,0.1202819,0.06135087,5.774696e+07,0.3828665,9.412575e+08,0.0,0.0,17590736.637387916,11468272.091521522,0.6519495,0.013253231203511543,0.018688549265500932,0.01218399049401009,20.66272727544914,16.68288299402834,16.25509483185684
123,0.735,0.06135086832471734,0.1202819,0.06135087,5.774696e+07,0.3828665,9.412575e+08,0.0,0.0,44417433.97970286,12760931.318675686,0.2872956,0.033465029585431016,0.04718946228849202,0.013557322728365127,20.66272727544914,17.609142607533304,16.3618988205745
124,0.735,0.06135086832471734,0.1202819,0.06135087,5.774696e+07,0.3828665,9.412575e+08,0.012195491114159077,0.0001898988203682289,40173171.19366437,12406946.784549443,0.3088366,0.030267312676164566,0.044634537296020564,0.013192896985010024,20.66272727544914,17.553479934650973,16.334650574031482
125,0.735,0.06135086832471734,0.1202819,0.06135087,5.774696e+07,0.3828665,9.412575e+08,0.0,0.0,10502656.484139053,6101451.725251162,0.5809437,0.007912922437796429,0.01115811220237855,0.006482234570897661,20.66272727544914,16.167138781618466,15.62403728857504
126,0.735,0.06135086832471734,0.1202819,0.06135087,5.774696e+07,0.3828665,9.412575e+08,6.864669330942293e-08,1.3429793262258e-09,55031190.192133226,21823284.793705422,0.3965621,0.041461656896766536,0.05846561879376533,0.023185244760286265,20.66272727544914,17.82341086500679,16.898488071092586
127,0.735,0.06135086832471734,0.1202819,0.06135087,5.774696e+07,0.3828665,9.412575e+08,0.0,0.0,46770846.18749994,22497984.248069666,0.4810258,0.035238139873536196,0.049689747574667396,0.023902051156906415,20.66272727544914,17.660770622065662,16.928936274186636
128,0.735,0.06135086832471734,0.1202819,0.06135087,5.774696e+07,0.3828665,9.412575e+08,0.017043346461891373,0.00043414575632082377,27758838.865271423,6931345.024806615,0.2496987,0.020914093423497104,0.032222268876626305,0.007390555539382968,20.66272727544914,17.227629790005555,15.755174903078375
129,0.735,0.06135086832471734,0.1202819,0.06135087,5.774696e+07,0.3828665,9.412575e+08,0.0,0.0,30103579.872541413,16684632.941504661,0.5542408,0.022680670646628005,0.031982301089096,0.017725896938356477,20.66272727544914,17.22015465528975,16.629998670615144
130,0.735,0.06135086832471734,0.1202819,0.06135087,5.774696e+07,0.3828665,9.412575e+08,0.0,0.0,8212351.578908419,2613895.198592402,0.3182883,0.006187358519623556,0.00872487265495406,0.002777024646592871,20.66272727544914,15.921149869028243,14.776352080010787
131,0.735,0.06135086832471734,0.1202819,0.06135087,5.774696e+07,0.3828665,9.412575e+08,0.0009820630543167844,1.9958858290839985e-05,44045465.11152454,13357018.454547225,0.3032552,0.033184780411556286,0.04695164601825424,0.014191835300196135,20.66272727544914,17.604090260468475,16.40763881685106
132,0.735,0.06135086832471734,0.1202819,0.06135087,5.774696e+07,0.3828665,9.412575e+08,8.900419221710037e-05,1.3762604328183197e-06,31810999.151615147,7666814.520650173,0.2410114,0.023967076266435943,0.033810540064428185,0.008145373846592523,20.66272727544914,17.275744586570852,15.852422136374077
133,0.735,0.06135086832471734,0.1202819,0.06135087,5.774696e+07,0.3828665,9.412575e+08,9.667825356813998e-05,2.8621619906157754e-06,49110965.94184682,18455316.143294472,0.3757881,0.03700123534745429,0.05219140265220193,0.019607261533689285,20.66272727544914,17.70988977764165,16.73087198050305
134,0.735,0.06135086832471734,0.1202819,0.06135087,5.774696e+07,0.3828665,9.412575e+08,0.0,0.0,13378676.175940873,8473890.168608718,0.6333878,0.010079776203333876,0.01421362015561287,0.009002733492689248,20.66272727544914,16.40917266725678,15.95250024909913
135,0.735,0.06135086832471734,0.1202819,0.06135087,5.774696e+07,0.3828665,9.412575e+08,0.00012159958098805674,1.1989661246340143e-06,59018051.08300402,18693269.37643927,0.3167382,0.044465441800841755,0.06272076817408231,0.019859963048104404,20.66272727544914,17.89366462010766,16.743677794463185
136,0.735,0.06135086832471734,0.1202819,0.06135087,5.774696e+07,0.3828665,9.412575e+08,0.016684373212557183,0.0006977737287418896,17602623.52104726,3335637.6281937165,0.1894966,0.013262187031836077,0.02137469652164901,0.0035866190095661366,20.66272727544914,16.817179813371446,15.032181975148568
138,0.735,0.06135086832471734,0.1202819,0.06135087,5.774696e+07,0.3828665,9.412575e+08,0.0,0.0,18768202.234298475,5855995.581157931,0.3120169,0.01414035856558395,0.019939498800469527,0.006221459861119082,20.66272727544914,16.747674625302125,15.582976580039313
139,0.735,0.06135086832471734,0.1202819,0.06135087,5.774696e+07,0.3828665,9.412575e+08,1.2872236431020112e-05,3.6845538392635323e-07,46210701.500381984,20671522.601650994,0.4473319,0.0348161150772571,0.049096707719923874,0.021961625265447305,20.66272727544914,17.64876397647198,16.84426862063598
140,0.735,0.06135086832471734,0.1202819,0.06135087,5.774696e+07,0.3828665,9.412575e+08,1.168338619753138e-12,3.455771565362214e-14,7375080.850237317,3704203.597193153,0.5022594,0.005556541131145024,0.007835349061906737,0.003935377627591317,20.66272727544914,15.813617422898004,15.124978840082928
141,0.735,0.06135086832471734,0.1202819,0.06135087,5.774696e+07,0.3828665,9.412575e+08,0.0,0.0,47143311.08464616,10918990.03954182,0.2316127,0.035518762766074935,0.050085457471499804,0.01160042853747099,20.66272727544914,17.668702692391378,16.20601403678238
142,0.735,0.06135086832471734,0.1202819,0.06135087,5.774696e+07,0.3828665,9.412575e+08,0.0,0.0,33281286.625232045,14522198.697853483,0.4363473,0.02507482179325233,0.03535832395972163,0.015428508276986453,20.66272727544914,17.320505833783923,16.49118898136925
143,0.735,0.06135086832471734,0.1202819,0.06135087,5.774696e+07,0.3828665,9.412575e+08,0.03319633524737371,0.002064542286658473,30728580.521955837,3917655.021818463,0.1274922,0.023151559289882925,0.037965716872708805,0.004288811711269176,20.66272727544914,17.391655561416957,15.210981700657863
144,0.735,0.06135086832471734,0.1202819,0.06135087,5.774696e+07,0.3828665,9.412575e+08,0.0,0.0,41241135.95170274,21748754.97616211,0.5273559,0.031071939801637038,0.043814936059043096,0.023106063561398934,20.66272727544914,17.534946761634327,16.89506707138525
145,0.735,0.06135086832471734,0.1202819,0.06135087,5.774696e+07,0.3828665,9.412575e+08,0.0207048451528287,0.0004555034595728901,27309710.140773382,6795056.857396305,0.2488147,0.02057571038993731,0.03233183241974783,0.007247072136679104,20.66272727544914,17.231024265217037,15.735569540550278
146,0.735,0.06135086832471734,0.1202819,0.06135087,5.774696e+07,0.3828665,9.412575e+08,0.011315691613352422,0.00023775149919059253,39318012.26386112,12456903.375901844,0.3168243,0.029623017940471626,0.043585029284613996,0.013248907098930712,20.66272727544914,17.529685722826933,16.33888706239775
147,0.735,0.06135086832471734,0.1202819,0.06135087,5.774696e+07,0.3828665,9.412575e+08,0.0,0.0,59852831.02121985,11410476.688346375,0.1906422,0.04509438257536922,0.06358816030718924,0.01212258816266812,20.66272727544914,17.907399290791407,16.25004249908533
148,0.735,0.06135086832471734,0.1202819,0.06135087,5.774696e+07,0.3828665,9.412575e+08,0.004209959861321659,7.587443116209568e-05,53465656.74294401,17349034.305950623,0.3244893,0.04028215104737327,0.0574769792922873,0.018436417600674285,20.66272727544914,17.806356503970658,16.66929992243965
149,0.735,0.06135086832471734,0.1202819,0.06135087,5.774696e+07,0.3828665,9.412575e+08,1.1066498454276285e-10,1.2428906895553253e-12,12002584.786298754,2314305.706278909,0.1928173,0.009042999988668391,0.012751648894980108,0.00245873820409758,20.66272727544914,16.30063258480615,14.65462028965658
150,0.735,0.06135086832471734,0.1202819,0.06135087,5.774696e+07,0.3828665,9.412575e+08,0.0,0.0,51729674.96632378,25238743.52190629,0.4878968,0.03897422584077731,0.054958049740891766,0.02681385728360994,20.66272727544914,17.761542158687654,17.043890813174162
151,0.735,0.06135086832471734,0.1202819,0.06135087,5.774696e+07,0.3828665,9.412575e+08,0.0,0.0,26114182.955498114,10305757.614843808,0.3946422,0.019674975047060315,0.027743931635861314,0.010948925157230904,20.66272727544914,17.077989132956755,16.148213288754594
153,0.735,0.06135086832471734,0.1202819,0.06135087,5.774696e+07,0.3828665,9.412575e+08,0.0,0.0,22166137.67410584,948041.525237467,0.04276981,0.016700434640093346,0.02354949451451264,0.0010072074362413943,20.66272727544914,16.914076352347163,13.762153583270944
154,0.735,0.06135086832471734,0.1202819,0.06135087,5.774696e+07,0.3828665,9.412575e+08,0.0,0.0,2523008.9937637816,266456.6043599095,0.1056106,0.001900888076046808,0.0026804663641566504,0.00028308577863159364,20.66272727544914,14.74096279232702,12.49296667390643
155,0.735,0.06135086832471734,0.1202819,0.06135087,5.774696e+07,0.3828665,9.412575e+08,0.0,0.0,14968816.370789504,5404976.126976262,0.3610824,0.011277821292789276,0.01590299871792501,0.005742292930084572,20.66272727544914,16.521479686522344,15.502830592205036
156,0.735,0.06135086832471734,0.1202819,0.06135087,5.774696e+07,0.3828665,9.412575e+08,0.05494792966841459,0.0034802918219999607,15450325.16877088,2405652.5315653663,0.1557024,0.011640600155193966,0.02521946200889113,0.002769304778880207,20.66272727544914,16.98258799485282,14.773568302811192
157,0.735,0.06135086832471734,0.1202819,0.06135087,5.774696e+07,0.3828665,9.412575e+08,1.0302514326325677e-05,1.8493522746532148e-07,35673393.610281184,12467552.233416535,0.3494916,0.026877085540923266,0.03790136979255419,0.013245645621376081,20.66272727544914,17.38995925018602,16.338640862538817
158,0.735,0.06135086832471734,0.1202819,0.06135087,5.774696e+07,0.3828665,9.412575e+08,0.0,0.0,51389569.24955074,17563367.912054416,0.3417691,0.03871798303577455,0.0545967185144392,0.01865947249729772,20.66272727544914,17.75494577694361,16.681325922317153
159,0.735,0.06135086832471734,0.1202819,0.06135087,5.774696e+07,0.3828665,9.412575e+08,0.0008776827945580475,2.393515789189576e-05,23356969.032580685,5551720.373719245,0.2376901,0.01759763204822886,0.024955284606265192,0.0058996637173862635,20.66272727544914,16.97205760410275,15.529867348701108
160,0.735,0.06135086832471734,0.1202819,0.06135087,5.774696e+07,0.3828665,9.412575e+08,5.542717771492988e-06,2.2039430288763321e-07,47683169.997936085,11994723.481311763,0.2515505,0.03592550383341038,0.05065989637472169,0.01274331048087987,20.66272727544914,17.680106595533537,16.29997846221865
163,0.735,0.06135086832471734,0.1202819,0.06135087,5.774696e+07,0.3828665,9.412575e+08,5.979492576159185e-06,3.017909892104613e-08,55825547.04811984,27160325.255502105,0.4865214,0.042060142070383943,0.05931049748021366,0.028855364026946557,20.66272727544914,17.837758310079018,17.117267900282346
164,0.735,0.06135086832471734,0.1202819,0.06135087,5.774696e+07,0.3828665,9.412575e+08,0.0,0.0,55721105.16104735,14374769.110553775,0.2579771,0.0419814533545424,0.05919857936574868,0.01527187782072762,20.66272727544914,17.835869540868835,16.480985082644175
165,0.735,0.06135086832471734,0.1202819,0.06135087,5.774696e+07,0.3828665,9.412575e+08,0.014683881778762373,0.0004512441859801785,32925492.522610858,7205773.670624887,0.2188509,0.024806759028168222,0.03733328329312204,0.0076831598866458186,20.66272727544914,17.37485723873029,15.794002902580562
166,0.735,0.06135086832471734,0.1202819,0.06135087,5.774696e+07,0.3828665,9.412575e+08,2.2755986295995893e-09,3.055411493960325e-11,42156532.44055467,21787497.709301166,0.5168238,0.031761618782098364,0.044787461493672714,0.02314722417478591,20.66272727544914,17.556900219341586,16.896846863753176
167,0.735,0.06135086832471734,0.1202819,0.06135087,5.774696e+07,0.3828665,9.412575e+08,4.1578434439338745e-06,3.478190791225797e-08,55805070.83397217,26998696.851653066,0.4838036,0.042044714859695395,0.0592884514722803,0.02868364890876137,20.66272727544914,17.83738653598857,17.111299232444544
168,0.735,0.06135086832471734,0.1202819,0.06135087,5.774696e+07,0.3828665,9.412575e+08,0.015317656423593888,0.00022722980564456385,35478787.811094634,10735289.388687208,0.3025833,0.026730465436073214,0.04014748267856355,0.011419204138520924,20.66272727544914,17.44753173697546,16.190268508119367
169,0.735,0.06135086832471734,0.1202819,0.06135087,5.774696e+07,0.3828665,9.412575e+08,0.0,0.0,17568456.91231214,5856232.391371963,0.3333379,0.01323644518973243,0.018664879094758027,0.006221711450318712,20.66272727544914,16.681615631167674,15.583017018154866
170,0.735,0.06135086832471734,0.1202819,0.06135087,5.774696e+07,0.3828665,9.412575e+08,6.045006815134012e-05,1.0906453621988503e-06,45354707.56092116,22159391.79577749,0.4885798,0.03417119122771423,0.048194916340475534,0.023542394547639203,20.66272727544914,17.630225541846578,16.913774815625292
172,0.735,0.06135086832471734,0.1202819,0.06135087,5.774696e+07,0.3828665,9.412575e+08,0.0035473076294220965,7.423976607973862e-05,44099798.16291258,11143062.559109084,0.2526783,0.033225716075984776,0.047420426947592006,0.01184303977551896,20.66272727544914,17.614025080597937,16.226712330768564
173,0.735,0.06135086832471734,0.1202819,0.06135087,5.774696e+07,0.3828665,9.412575e+08,0.039022481029782195,0.004345524948090622,16180453.057175348,2191118.098240863,0.1354176,0.012190693872849271,0.023443248338096925,0.002594464363050969,20.66272727544914,16.90955453255119,14.708352080623445
175,0.735,0.06135086832471734,0.1202819,0.06135087,5.774696e+07,0.3828665,9.412575e+08,0.0,0.0,36171735.49807357,18880962.487013724,0.5219811,0.02725254680746677,0.038429161598476244,0.02005929625872834,20.66272727544914,17.403788584476768,16.753664696567284
176,0.735,0.06135086832471734,0.1202819,0.06135087,5.774696e+07,0.3828665,9.412575e+08,0.036892661113483015,0.0018446739422675403,12398786.85375177,2444441.557882604,0.1971517,0.009341506964897205,0.019084289571459804,0.002710167995492638,20.66272727544914,16.703837457525964,14.751982620393946
177,0.735,0.06135086832471734,0.1202819,0.06135087,5.774696e+07,0.3828665,9.412575e+08,0.0,0.0,25865354.94671163,6047577.682218749,0.23381,0.01948750278831775,0.027479574628153123,0.0064249983261571745,20.66272727544914,17.068414984376496,15.61516836672797
178,0.735,0.06135086832471734,0.1202819,0.06135087,5.774696e+07,0.3828665,9.412575e+08,1.711763121125709e-09,4.612448888932371e-11,33018778.19574077,13869142.718985565,0.420038,0.024877042417627775,0.03507943303018041,0.01473469601454345,20.66272727544914,17.312587001644836,16.445176982280536
179,0.735,0.06135086832471734,0.1202819,0.06135087,5.774696e+07,0.3828665,9.412575e+08,3.203060563279065e-06,1.3822920616303861e-07,31256096.181483917,5834184.61948925,0.1866575,0.023549000690053685,0.03320725754806149,0.006198296189116585,20.66272727544914,17.25774044934499,15.579246442544353
180,0.735,0.06135086832471734,0.1202819,0.06135087,5.774696e+07,0.3828665,9.412575e+08,0.0,0.0,4135325.8476650766,1529478.9950740018,0.3698569,0.0031156415271703444,0.0043934055989859975,0.0016249315841177757,20.66272727544914,15.23507668567257,14.240437709281018
182,0.735,0.06135086832471734,0.1202819,0.06135087,5.774696e+07,0.3828665,9.412575e+08,0.031147253047772126,0.001021314341690157,12604483.283738824,2793875.9254361424,0.2216573,0.009496482984409721,0.01838217401621061,0.003030896233993942,20.66272727544914,16.66635338802173,14.863830359048672
183,0.735,0.06135086832471734,0.1202819,0.06135087,5.774696e+07,0.3828665,9.412575e+08,0.041975444464755894,0.0018372775604457597,17274258.49572226,3598092.667781541,0.2082922,0.01301478991086904,0.025078502043058813,0.003935363041045459,20.66272727544914,16.976982983297223,15.124975133558607
184,0.735,0.06135086832471734,0.1202819,0.06135087,5.774696e+07,0.3828665,9.412575e+08,0.0003836092737215596,8.271614942491254e-06,6216915.305971347,1764108.0087926635,0.2837594,0.004683954834930827,0.006666373952896867,0.0018747109286128833,20.66272727544914,15.652048073323472,14.383426472597282
185,0.735,0.06135086832471734,0.1202819,0.06135087,5.774696e+07,0.3828665,9.412575e+08,2.4069006182485624e-05,3.270159247175888e-07,42913757.107351586,13992954.82179974,0.3260715,0.032332127782882976,0.04559579993910914,0.014866255112885909,20.66272727544914,17.574787602146788,16.454065883451996
186,0.735,0.06135086832471734,0.1202819,0.06135087,5.774696e+07,0.3828665,9.412575e+08,0.0,0.0,31454974.848365642,13314775.406921258,0.4232963,0.023698840063353575,0.033418034685900724,0.014145731431306222,20.66272727544914,17.26406771137907,16.404384909413952
187,0.735,0.06135086832471734,0.1202819,0.06135087,5.774696e+07,0.3828665,9.412575e+08,0.0,0.0,26085719.26652596,438256.9304522,0.01680065,0.019653529904731768,0.027713691568910202,0.00046560791651527805,20.66272727544914,17.076898568010016,12.990560616582458
188,0.735,0.06135086832471734,0.1202819,0.06135087,5.774696e+07,0.3828665,9.412575e+08,0.02815004857481015,0.001533063388299501,24949293.59313299,3823219.536395013,0.1532396,0.01879732288477835,0.031017131558977843,0.004155875950819381,20.66272727544914,17.189511679242678,15.179495221043739
189,0.735,0.06135086832471734,0.1202819,0.06135087,5.774696e+07,0.3828665,9.412575e+08,0.02077228634397464,0.0006740233282138853,35699801.83393441,7095387.43251636,0.1987515,0.02689698205242048,0.04125634452974626,0.007579552295658928,20.66272727544914,17.474776904202372,15.780426130479704
192,0.735,0.06135086832471734,0.1202819,0.06135087,5.774696e+07,0.3828665,9.412575e+08,0.02794858893015238,0.0007765259585171473,35573061.23393151,8625533.610291105,0.2424738,0.026801493016950523,0.04227163122215429,0.009211481325766963,20.66272727544914,17.49908820084178,15.975422672646529
193,0.735,0.06135086832471734,0.1202819,0.06135087,5.774696e+07,0.3828665,9.412575e+08,0.004504334854036966,0.00022193324782087938,32674802.3919317,4566343.606715122,0.1397512,0.02461788380760084,0.035435768465142146,0.0048649383552651785,20.66272727544914,17.322693715107366,15.337026040958953
194,0.735,0.06135086832471734,0.1202819,0.06135087,5.774696e+07,0.3828665,9.412575e+08,7.014234419702664e-10,1.679641777258471e-11,19698685.674853686,8655914.834630376,0.4394159,0.014841404372983877,0.02092805248955892,0.009196118057914258,20.66272727544914,16.79606247984066,15.97375344124924
195,0.735,0.06135086832471734,0.1202819,0.06135087,5.774696e+07,0.3828665,9.412575e+08,0.0,0.0,54185578.278786674,8700399.346821595,0.1605667,0.04082455508420198,0.05756722245448457,0.009243378783638704,20.66272727544914,17.80792534758618,15.978879484504867
196,0.735,0.06135086832471734,0.1202819,0.06135087,5.774696e+07,0.3828665,9.412575e+08,0.05038969077673596,0.004977013488762682,9323970.66658825,1292047.3797655303,0.1385727,0.0070248757358124655,0.01798035433512029,0.0016780263016483955,20.66272727544914,16.644251732497622,14.272590278792272
197,0.735,0.06135086832471734,0.1202819,0.06135087,5.774696e+07,0.3828665,9.412575e+08,0.00048284703162198114,1.4339740842335528e-05,50720918.28255484,16862470.93254285,0.3324559,0.038214207324573625,0.05396370983008609,0.01791571329874258,20.66272727544914,17.74328377692746,16.640650162157925
198,0.735,0.06135086832471734,0.1202819,0.06135087,5.774696e+07,0.3828665,9.412575e+08,0.004111454868794803,7.061542736000033e-05,46163016.20835043,13417671.2175074,0.2906585,0.034780187974638894,0.04970280691634984,0.014259381139545306,20.66272727544914,17.661033405164947,16.41238701216256
199,0.735,0.06135086832471734,0.1202819,0.06135087,5.774696e+07,0.3828665,9.412575e+08,0.0,0.0,10551892.336969776,3878819.9904192584,0.3675947,0.007950017765554375,0.011210420794123377,0.004120891579315025,20.66272727544914,16.17181577023491,15.171041539163108
