=== 2026-08-29T20:19:53+02:00 START P1 seed900101 b_plus sites2.2 nosmear
Injection pool spans 2 code revisions (a9f29e82, f6449051) — legitimate for straggler resubmits after a non-physics fix, but verify none of them changed SNR semantics.
Event -1: 171 host(s) have f_k == 0 across the whole host-z window (empty/ZoA pixel) — host-z kernel falls back to the w_pop-only form for those hosts (further occurrences in this worker are suppressed).
INSTRUMENTATION ACTIVE: theta=(b=0.02, s=1), sites=2.2 — the host-z kernel is reparametrized ([HIER] θ-hook). This run is a COUNTERFACTUAL/profile point, not a production posterior.
COUNTERFACTUAL: catalogue_numerator_survival="off" under absolute_marginal — the pre-adoption WITHOUT-BH catalogue numerator (no per-candidate survival factor). Not a production posterior.
Injection pool spans 2 code revisions (a9f29e82, f6449051) — legitimate for straggler resubmits after a non-physics fix, but verify none of them changed SNR semantics.
Event 1: >5% quadrature weight outside P_det grid — numerator=0.000, denominator=0.054 (repeats for this event suppressed)
Event 1: >5% quadrature weight outside P_det grid — numerator=0.000, denominator=0.062 (repeats for this event suppressed)
Event 1: >5% quadrature weight outside P_det grid — numerator=0.000, denominator=0.071 (repeats for this event suppressed)
Event 1: >5% quadrature weight outside P_det grid — numerator=0.000, denominator=0.062 (repeats for this event suppressed)
Event 1: >5% quadrature weight outside P_det grid — numerator=0.000, denominator=0.058 (repeats for this event suppressed)
Event 1: >5% quadrature weight outside P_det grid — numerator=0.000, denominator=0.067 (repeats for this event suppressed)
Event 1: >5% quadrature weight outside P_det grid — numerator=0.000, denominator=0.071 (repeats for this event suppressed)
Event 1: >5% quadrature weight outside P_det grid — numerator=0.000, denominator=0.067 (repeats for this event suppressed)
Event 2: >5% quadrature weight outside P_det grid — numerator=0.000, denominator=0.055 (repeats for this event suppressed)
Event 2: >5% quadrature weight outside P_det grid — numerator=0.000, denominator=0.057 (repeats for this event suppressed)
Event 2: >5% quadrature weight outside P_det grid — numerator=0.000, denominator=0.053 (repeats for this event suppressed)
Event 2: >5% quadrature weight outside P_det grid — numerator=0.000, denominator=0.055 (repeats for this event suppressed)
Event 2: >5% quadrature weight outside P_det grid — numerator=0.000, denominator=0.057 (repeats for this event suppressed)
Event 2: >5% quadrature weight outside P_det grid — numerator=0.000, denominator=0.055 (repeats for this event suppressed)
Event 2: >5% quadrature weight outside P_det grid — numerator=0.000, denominator=0.053 (repeats for this event suppressed)
Event 2: >5% quadrature weight outside P_det grid — numerator=0.000, denominator=0.055 (repeats for this event suppressed)
Event 2: >5% quadrature weight outside P_det grid — numerator=0.000, denominator=0.055 (repeats for this event suppressed)
Event 2: >5% quadrature weight outside P_det grid — numerator=0.000, denominator=0.052 (repeats for this event suppressed)
Event 3: >5% quadrature weight outside P_det grid — numerator=0.000, denominator=0.061 (repeats for this event suppressed)
Event 3: >5% quadrature weight outside P_det grid — numerator=0.000, denominator=0.054 (repeats for this event suppressed)
Event 3: >5% quadrature weight outside P_det grid — numerator=0.000, denominator=0.052 (repeats for this event suppressed)
Event 3: >5% quadrature weight outside P_det grid — numerator=0.000, denominator=0.056 (repeats for this event suppressed)
Event 3: >5% quadrature weight outside P_det grid — numerator=0.000, denominator=0.066 (repeats for this event suppressed)
Event 3: >5% quadrature weight outside P_det grid — numerator=0.000, denominator=0.053 (repeats for this event suppressed)
Event 3: >5% quadrature weight outside P_det grid — numerator=0.000, denominator=0.059 (repeats for this event suppressed)
Event 3: >5% quadrature weight outside P_det grid — numerator=0.000, denominator=0.063 (repeats for this event suppressed)
Event 3: >5% quadrature weight outside P_det grid — numerator=0.000, denominator=0.054 (repeats for this event suppressed)
Event 3: >5% quadrature weight outside P_det grid — numerator=0.000, denominator=0.066 (repeats for this event suppressed)
Event 5: >5% quadrature weight outside P_det grid — numerator=0.000, denominator=0.051 (repeats for this event suppressed)
Event 7: >5% quadrature weight outside P_det grid — numerator=0.000, denominator=0.057 (repeats for this event suppressed)
Event 7: >5% quadrature weight outside P_det grid — numerator=0.000, denominator=0.071 (repeats for this event suppressed)
Event 7: >5% quadrature weight outside P_det grid — numerator=0.000, denominator=0.053 (repeats for this event suppressed)
Event 7: >5% quadrature weight outside P_det grid — numerator=0.000, denominator=0.057 (repeats for this event suppressed)
Event 7: >5% quadrature weight outside P_det grid — numerator=0.000, denominator=0.064 (repeats for this event suppressed)
Event 7: >5% quadrature weight outside P_det grid — numerator=0.000, denominator=0.065 (repeats for this event suppressed)
Event 7: >5% quadrature weight outside P_det grid — numerator=0.000, denominator=0.057 (repeats for this event suppressed)
Event 7: >5% quadrature weight outside P_det grid — numerator=0.000, denominator=0.055 (repeats for this event suppressed)
Event 7: >5% quadrature weight outside P_det grid — numerator=0.000, denominator=0.059 (repeats for this event suppressed)
Event 7: >5% quadrature weight outside P_det grid — numerator=0.000, denominator=0.061 (repeats for this event suppressed)
Event 7: >5% quadrature weight outside P_det grid — numerator=0.000, denominator=0.055 (repeats for this event suppressed)
Event 7: >5% quadrature weight outside P_det grid — numerator=0.000, denominator=0.054 (repeats for this event suppressed)
Event 12: >5% quadrature weight outside P_det grid — numerator=0.000, denominator=0.073 (repeats for this event suppressed)
Event 12: >5% quadrature weight outside P_det grid — numerator=0.000, denominator=0.052 (repeats for this event suppressed)
Event 12: >5% quadrature weight outside P_det grid — numerator=0.000, denominator=0.070 (repeats for this event suppressed)
Event 12: >5% quadrature weight outside P_det grid — numerator=0.000, denominator=0.080 (repeats for this event suppressed)
Event 12: >5% quadrature weight outside P_det grid — numerator=0.000, denominator=0.063 (repeats for this event suppressed)
Event 12: >5% quadrature weight outside P_det grid — numerator=0.000, denominator=0.052 (repeats for this event suppressed)
Event 12: >5% quadrature weight outside P_det grid — numerator=0.000, denominator=0.066 (repeats for this event suppressed)
Event 12: >5% quadrature weight outside P_det grid — numerator=0.000, denominator=0.053 (repeats for this event suppressed)
Event 12: >5% quadrature weight outside P_det grid — numerator=0.000, denominator=0.066 (repeats for this event suppressed)
Event 12: >5% quadrature weight outside P_det grid — numerator=0.000, denominator=0.053 (repeats for this event suppressed)
Event 12: >5% quadrature weight outside P_det grid — numerator=0.000, denominator=0.068 (repeats for this event suppressed)
Event 12: >5% quadrature weight outside P_det grid — numerator=0.000, denominator=0.057 (repeats for this event suppressed)
Event 13: >5% quadrature weight outside P_det grid — numerator=0.000, denominator=0.053 (repeats for this event suppressed)
Event 14: >5% quadrature weight outside P_det grid — numerator=0.000, denominator=0.054 (repeats for this event suppressed)
Event 14: >5% quadrature weight outside P_det grid — numerator=0.000, denominator=0.052 (repeats for this event suppressed)
Event 14: >5% quadrature weight outside P_det grid — numerator=0.000, denominator=0.053 (repeats for this event suppressed)
Event 14: >5% quadrature weight outside P_det grid — numerator=0.000, denominator=0.054 (repeats for this event suppressed)
Event 14: >5% quadrature weight outside P_det grid — numerator=0.000, denominator=0.052 (repeats for this event suppressed)
Event 14: >5% quadrature weight outside P_det grid — numerator=0.000, denominator=0.054 (repeats for this event suppressed)
Event 14: >5% quadrature weight outside P_det grid — numerator=0.000, denominator=0.054 (repeats for this event suppressed)
Event 14: >5% quadrature weight outside P_det grid — numerator=0.000, denominator=0.052 (repeats for this event suppressed)
Event 14: >5% quadrature weight outside P_det grid — numerator=0.000, denominator=0.054 (repeats for this event suppressed)
Event 14: >5% quadrature weight outside P_det grid — numerator=0.000, denominator=0.053 (repeats for this event suppressed)
Event 14: >5% quadrature weight outside P_det grid — numerator=0.000, denominator=0.053 (repeats for this event suppressed)
Event 14: >5% quadrature weight outside P_det grid — numerator=0.000, denominator=0.052 (repeats for this event suppressed)
Event 15: >5% quadrature weight outside P_det grid — numerator=0.000, denominator=0.055 (repeats for this event suppressed)
Event 15: >5% quadrature weight outside P_det grid — numerator=0.000, denominator=0.056 (repeats for this event suppressed)
Event 15: >5% quadrature weight outside P_det grid — numerator=0.000, denominator=0.053 (repeats for this event suppressed)
Event 15: >5% quadrature weight outside P_det grid — numerator=0.000, denominator=0.052 (repeats for this event suppressed)
Event 15: >5% quadrature weight outside P_det grid — numerator=0.000, denominator=0.067 (repeats for this event suppressed)
Event 15: >5% quadrature weight outside P_det grid — numerator=0.000, denominator=0.065 (repeats for this event suppressed)
Event 15: >5% quadrature weight outside P_det grid — numerator=0.000, denominator=0.062 (repeats for this event suppressed)
Event 21: >5% quadrature weight outside P_det grid — numerator=0.000, denominator=0.061 (repeats for this event suppressed)
Event 21: >5% quadrature weight outside P_det grid — numerator=0.000, denominator=0.053 (repeats for this event suppressed)
Event 21: >5% quadrature weight outside P_det grid — numerator=0.000, denominator=0.062 (repeats for this event suppressed)
Event 21: >5% quadrature weight outside P_det grid — numerator=0.000, denominator=0.075 (repeats for this event suppressed)
Event 21: >5% quadrature weight outside P_det grid — numerator=0.000, denominator=0.059 (repeats for this event suppressed)
Event 21: >5% quadrature weight outside P_det grid — numerator=0.000, denominator=0.071 (repeats for this event suppressed)
Event 21: >5% quadrature weight outside P_det grid — numerator=0.000, denominator=0.056 (repeats for this event suppressed)
Event 22: >5% quadrature weight outside P_det grid — numerator=0.000, denominator=0.051 (repeats for this event suppressed)
Event 22: >5% quadrature weight outside P_det grid — numerator=0.000, denominator=0.062 (repeats for this event suppressed)
Event 22: >5% quadrature weight outside P_det grid — numerator=0.000, denominator=0.051 (repeats for this event suppressed)
Event 22: >5% quadrature weight outside P_det grid — numerator=0.000, denominator=0.057 (repeats for this event suppressed)
Event 22: >5% quadrature weight outside P_det grid — numerator=0.000, denominator=0.053 (repeats for this event suppressed)
Event 22: >5% quadrature weight outside P_det grid — numerator=0.000, denominator=0.055 (repeats for this event suppressed)
Event 22: >5% quadrature weight outside P_det grid — numerator=0.000, denominator=0.057 (repeats for this event suppressed)
Event 22: >5% quadrature weight outside P_det grid — numerator=0.000, denominator=0.057 (repeats for this event suppressed)
Event 22: >5% quadrature weight outside P_det grid — numerator=0.000, denominator=0.061 (repeats for this event suppressed)
Event 22: >5% quadrature weight outside P_det grid — numerator=0.000, denominator=0.057 (repeats for this event suppressed)
Event 22: >5% quadrature weight outside P_det grid — numerator=0.000, denominator=0.052 (repeats for this event suppressed)
Event 22: >5% quadrature weight outside P_det grid — numerator=0.000, denominator=0.062 (repeats for this event suppressed)
Event 23: >5% quadrature weight outside P_det grid — numerator=0.000, denominator=0.051 (repeats for this event suppressed)
Event 23: >5% quadrature weight outside P_det grid — numerator=0.000, denominator=0.055 (repeats for this event suppressed)
Event 23: >5% quadrature weight outside P_det grid — numerator=0.000, denominator=0.062 (repeats for this event suppressed)
Event 23: >5% quadrature weight outside P_det grid — numerator=0.000, denominator=0.066 (repeats for this event suppressed)
Event 23: >5% quadrature weight outside P_det grid — numerator=0.000, denominator=0.052 (repeats for this event suppressed)
Event 23: >5% quadrature weight outside P_det grid — numerator=0.000, denominator=0.076 (repeats for this event suppressed)
Event 23: >5% quadrature weight outside P_det grid — numerator=0.000, denominator=0.061 (repeats for this event suppressed)
Event 23: >5% quadrature weight outside P_det grid — numerator=0.000, denominator=0.060 (repeats for this event suppressed)
Event 23: >5% quadrature weight outside P_det grid — numerator=0.000, denominator=0.058 (repeats for this event suppressed)
Event 23: >5% quadrature weight outside P_det grid — numerator=0.000, denominator=0.059 (repeats for this event suppressed)
Event 23: >5% quadrature weight outside P_det grid — numerator=0.000, denominator=0.072 (repeats for this event suppressed)
Event 23: >5% quadrature weight outside P_det grid — numerator=0.000, denominator=0.052 (repeats for this event suppressed)
Event 24: >5% quadrature weight outside P_det grid — numerator=0.000, denominator=0.050 (repeats for this event suppressed)
Event 24: >5% quadrature weight outside P_det grid — numerator=0.000, denominator=0.050 (repeats for this event suppressed)
Event 25: >5% quadrature weight outside P_det grid — numerator=0.000, denominator=0.051 (repeats for this event suppressed)
Event 25: >5% quadrature weight outside P_det grid — numerator=0.000, denominator=0.050 (repeats for this event suppressed)
Event 25: >5% quadrature weight outside P_det grid — numerator=0.000, denominator=0.052 (repeats for this event suppressed)
Event 25: >5% quadrature weight outside P_det grid — numerator=0.000, denominator=0.052 (repeats for this event suppressed)
Event 25: >5% quadrature weight outside P_det grid — numerator=0.000, denominator=0.050 (repeats for this event suppressed)
Event 25: >5% quadrature weight outside P_det grid — numerator=0.000, denominator=0.052 (repeats for this event suppressed)
Event 25: >5% quadrature weight outside P_det grid — numerator=0.000, denominator=0.052 (repeats for this event suppressed)
Event 29: >5% quadrature weight outside P_det grid — numerator=0.000, denominator=0.054 (repeats for this event suppressed)
Event 30: >5% quadrature weight outside P_det grid — numerator=0.000, denominator=0.054 (repeats for this event suppressed)
Event 30: >5% quadrature weight outside P_det grid — numerator=0.000, denominator=0.056 (repeats for this event suppressed)
Event 30: >5% quadrature weight outside P_det grid — numerator=0.000, denominator=0.055 (repeats for this event suppressed)
Event 30: >5% quadrature weight outside P_det grid — numerator=0.000, denominator=0.055 (repeats for this event suppressed)
Event 30: >5% quadrature weight outside P_det grid — numerator=0.000, denominator=0.057 (repeats for this event suppressed)
Event 30: >5% quadrature weight outside P_det grid — numerator=0.000, denominator=0.052 (repeats for this event suppressed)
Event 30: >5% quadrature weight outside P_det grid — numerator=0.000, denominator=0.053 (repeats for this event suppressed)
Event 30: >5% quadrature weight outside P_det grid — numerator=0.000, denominator=0.058 (repeats for this event suppressed)
Event 30: >5% quadrature weight outside P_det grid — numerator=0.000, denominator=0.054 (repeats for this event suppressed)
Event 30: >5% quadrature weight outside P_det grid — numerator=0.000, denominator=0.056 (repeats for this event suppressed)
Event 30: >5% quadrature weight outside P_det grid — numerator=0.000, denominator=0.052 (repeats for this event suppressed)
Event 30: >5% quadrature weight outside P_det grid — numerator=0.000, denominator=0.053 (repeats for this event suppressed)
Event 34: >5% quadrature weight outside P_det grid — numerator=0.000, denominator=0.057 (repeats for this event suppressed)
Event 37: >5% quadrature weight outside P_det grid — numerator=0.000, denominator=0.060 (repeats for this event suppressed)
Event 37: >5% quadrature weight outside P_det grid — numerator=0.000, denominator=0.059 (repeats for this event suppressed)
Event 37: >5% quadrature weight outside P_det grid — numerator=0.000, denominator=0.053 (repeats for this event suppressed)
Event 37: >5% quadrature weight outside P_det grid — numerator=0.000, denominator=0.059 (repeats for this event suppressed)
Event 37: >5% quadrature weight outside P_det grid — numerator=0.000, denominator=0.063 (repeats for this event suppressed)
Event 37: >5% quadrature weight outside P_det grid — numerator=0.000, denominator=0.058 (repeats for this event suppressed)
Event 37: >5% quadrature weight outside P_det grid — numerator=0.000, denominator=0.052 (repeats for this event suppressed)
Event 37: >5% quadrature weight outside P_det grid — numerator=0.000, denominator=0.052 (repeats for this event suppressed)
Event 37: >5% quadrature weight outside P_det grid — numerator=0.000, denominator=0.059 (repeats for this event suppressed)
Event 37: >5% quadrature weight outside P_det grid — numerator=0.000, denominator=0.064 (repeats for this event suppressed)
Event 37: >5% quadrature weight outside P_det grid — numerator=0.000, denominator=0.052 (repeats for this event suppressed)
Event 37: >5% quadrature weight outside P_det grid — numerator=0.000, denominator=0.057 (repeats for this event suppressed)
Event 40: >5% quadrature weight outside P_det grid — numerator=0.000, denominator=0.055 (repeats for this event suppressed)
Event 40: >5% quadrature weight outside P_det grid — numerator=0.000, denominator=0.054 (repeats for this event suppressed)
Event 40: >5% quadrature weight outside P_det grid — numerator=0.000, denominator=0.051 (repeats for this event suppressed)
Event 40: >5% quadrature weight outside P_det grid — numerator=0.000, denominator=0.056 (repeats for this event suppressed)
Event 40: >5% quadrature weight outside P_det grid — numerator=0.000, denominator=0.054 (repeats for this event suppressed)
Event 40: >5% quadrature weight outside P_det grid — numerator=0.000, denominator=0.053 (repeats for this event suppressed)
Event 40: >5% quadrature weight outside P_det grid — numerator=0.000, denominator=0.056 (repeats for this event suppressed)
Event 40: >5% quadrature weight outside P_det grid — numerator=0.000, denominator=0.054 (repeats for this event suppressed)
Event 40: >5% quadrature weight outside P_det grid — numerator=0.000, denominator=0.056 (repeats for this event suppressed)
Event 40: >5% quadrature weight outside P_det grid — numerator=0.000, denominator=0.052 (repeats for this event suppressed)
Event 40: >5% quadrature weight outside P_det grid — numerator=0.000, denominator=0.059 (repeats for this event suppressed)
Event 40: >5% quadrature weight outside P_det grid — numerator=0.000, denominator=0.057 (repeats for this event suppressed)
Event 42: >5% quadrature weight outside P_det grid — numerator=0.000, denominator=0.052 (repeats for this event suppressed)
Event 42: >5% quadrature weight outside P_det grid — numerator=0.000, denominator=0.052 (repeats for this event suppressed)
Event 42: >5% quadrature weight outside P_det grid — numerator=0.000, denominator=0.052 (repeats for this event suppressed)
Event 42: >5% quadrature weight outside P_det grid — numerator=0.000, denominator=0.052 (repeats for this event suppressed)
Event 42: >5% quadrature weight outside P_det grid — numerator=0.000, denominator=0.050 (repeats for this event suppressed)
Event 42: >5% quadrature weight outside P_det grid — numerator=0.000, denominator=0.052 (repeats for this event suppressed)
Event 42: >5% quadrature weight outside P_det grid — numerator=0.000, denominator=0.052 (repeats for this event suppressed)
Event 42: >5% quadrature weight outside P_det grid — numerator=0.000, denominator=0.052 (repeats for this event suppressed)
Event 42: >5% quadrature weight outside P_det grid — numerator=0.000, denominator=0.052 (repeats for this event suppressed)
Event 42: >5% quadrature weight outside P_det grid — numerator=0.000, denominator=0.052 (repeats for this event suppressed)
Event 42: >5% quadrature weight outside P_det grid — numerator=0.000, denominator=0.052 (repeats for this event suppressed)
Event 43: >5% quadrature weight outside P_det grid — numerator=0.000, denominator=0.130 (repeats for this event suppressed)
Event 43: >5% quadrature weight outside P_det grid — numerator=0.000, denominator=0.077 (repeats for this event suppressed)
Event 43: >5% quadrature weight outside P_det grid — numerator=0.000, denominator=0.055 (repeats for this event suppressed)
Event 43: >5% quadrature weight outside P_det grid — numerator=0.000, denominator=0.055 (repeats for this event suppressed)
Event 43: >5% quadrature weight outside P_det grid — numerator=0.000, denominator=0.060 (repeats for this event suppressed)
Event 43: >5% quadrature weight outside P_det grid — numerator=0.000, denominator=0.067 (repeats for this event suppressed)
Event 43: >5% quadrature weight outside P_det grid — numerator=0.000, denominator=0.063 (repeats for this event suppressed)
Event 43: >5% quadrature weight outside P_det grid — numerator=0.000, denominator=0.080 (repeats for this event suppressed)
Event 43: >5% quadrature weight outside P_det grid — numerator=0.000, denominator=0.089 (repeats for this event suppressed)
Event 43: >5% quadrature weight outside P_det grid — numerator=0.000, denominator=0.062 (repeats for this event suppressed)
Event 43: >5% quadrature weight outside P_det grid — numerator=0.000, denominator=0.056 (repeats for this event suppressed)
Event 43: >5% quadrature weight outside P_det grid — numerator=0.000, denominator=0.058 (repeats for this event suppressed)
Event 45: >5% quadrature weight outside P_det grid — numerator=0.000, denominator=0.053 (repeats for this event suppressed)
Event 45: >5% quadrature weight outside P_det grid — numerator=0.000, denominator=0.067 (repeats for this event suppressed)
Event 45: >5% quadrature weight outside P_det grid — numerator=0.000, denominator=0.073 (repeats for this event suppressed)
Event 45: >5% quadrature weight outside P_det grid — numerator=0.000, denominator=0.055 (repeats for this event suppressed)
Event 45: >5% quadrature weight outside P_det grid — numerator=0.000, denominator=0.053 (repeats for this event suppressed)
Event 45: >5% quadrature weight outside P_det grid — numerator=0.000, denominator=0.053 (repeats for this event suppressed)
Event 45: >5% quadrature weight outside P_det grid — numerator=0.000, denominator=0.059 (repeats for this event suppressed)
Event 45: >5% quadrature weight outside P_det grid — numerator=0.000, denominator=0.059 (repeats for this event suppressed)
Event 45: >5% quadrature weight outside P_det grid — numerator=0.000, denominator=0.067 (repeats for this event suppressed)
Event 45: >5% quadrature weight outside P_det grid — numerator=0.000, denominator=0.053 (repeats for this event suppressed)
Event 45: >5% quadrature weight outside P_det grid — numerator=0.000, denominator=0.052 (repeats for this event suppressed)
Event 45: >5% quadrature weight outside P_det grid — numerator=0.000, denominator=0.052 (repeats for this event suppressed)
Event 47: >5% quadrature weight outside P_det grid — numerator=0.000, denominator=0.070 (repeats for this event suppressed)
Event 47: >5% quadrature weight outside P_det grid — numerator=0.000, denominator=0.056 (repeats for this event suppressed)
Event 47: >5% quadrature weight outside P_det grid — numerator=0.000, denominator=0.063 (repeats for this event suppressed)
Event 47: >5% quadrature weight outside P_det grid — numerator=0.000, denominator=0.054 (repeats for this event suppressed)
Event 51: >5% quadrature weight outside P_det grid — numerator=0.000, denominator=0.058 (repeats for this event suppressed)
Event 51: >5% quadrature weight outside P_det grid — numerator=0.000, denominator=0.062 (repeats for this event suppressed)
Event 55: >5% quadrature weight outside P_det grid — numerator=0.000, denominator=0.076 (repeats for this event suppressed)
Event 55: >5% quadrature weight outside P_det grid — numerator=0.000, denominator=0.061 (repeats for this event suppressed)
Event 55: >5% quadrature weight outside P_det grid — numerator=0.000, denominator=0.058 (repeats for this event suppressed)
Event 55: >5% quadrature weight outside P_det grid — numerator=0.000, denominator=0.077 (repeats for this event suppressed)
Event 55: >5% quadrature weight outside P_det grid — numerator=0.000, denominator=0.061 (repeats for this event suppressed)
Event 55: >5% quadrature weight outside P_det grid — numerator=0.000, denominator=0.070 (repeats for this event suppressed)
Event 55: >5% quadrature weight outside P_det grid — numerator=0.000, denominator=0.068 (repeats for this event suppressed)
Event 55: >5% quadrature weight outside P_det grid — numerator=0.000, denominator=0.077 (repeats for this event suppressed)
Event 55: >5% quadrature weight outside P_det grid — numerator=0.000, denominator=0.082 (repeats for this event suppressed)
Event 55: >5% quadrature weight outside P_det grid — numerator=0.000, denominator=0.064 (repeats for this event suppressed)
Event 55: >5% quadrature weight outside P_det grid — numerator=0.000, denominator=0.061 (repeats for this event suppressed)
Event 55: >5% quadrature weight outside P_det grid — numerator=0.000, denominator=0.070 (repeats for this event suppressed)
Event 60: >5% quadrature weight outside P_det grid — numerator=0.000, denominator=0.053 (repeats for this event suppressed)
Event 60: >5% quadrature weight outside P_det grid — numerator=0.000, denominator=0.051 (repeats for this event suppressed)
Event 60: >5% quadrature weight outside P_det grid — numerator=0.000, denominator=0.061 (repeats for this event suppressed)
Event 65: >5% quadrature weight outside P_det grid — numerator=0.000, denominator=0.055 (repeats for this event suppressed)
Event 65: >5% quadrature weight outside P_det grid — numerator=0.000, denominator=0.056 (repeats for this event suppressed)
Event 65: >5% quadrature weight outside P_det grid — numerator=0.000, denominator=0.052 (repeats for this event suppressed)
Event 65: >5% quadrature weight outside P_det grid — numerator=0.000, denominator=0.065 (repeats for this event suppressed)
Event 65: >5% quadrature weight outside P_det grid — numerator=0.000, denominator=0.052 (repeats for this event suppressed)
Event 65: >5% quadrature weight outside P_det grid — numerator=0.000, denominator=0.054 (repeats for this event suppressed)
Event 65: >5% quadrature weight outside P_det grid — numerator=0.000, denominator=0.054 (repeats for this event suppressed)
Event 65: >5% quadrature weight outside P_det grid — numerator=0.000, denominator=0.055 (repeats for this event suppressed)
Event 65: >5% quadrature weight outside P_det grid — numerator=0.000, denominator=0.064 (repeats for this event suppressed)
Event 65: >5% quadrature weight outside P_det grid — numerator=0.000, denominator=0.068 (repeats for this event suppressed)
Event 65: >5% quadrature weight outside P_det grid — numerator=0.000, denominator=0.069 (repeats for this event suppressed)
Event 65: >5% quadrature weight outside P_det grid — numerator=0.000, denominator=0.055 (repeats for this event suppressed)
Event 66: >5% quadrature weight outside P_det grid — numerator=0.000, denominator=0.059 (repeats for this event suppressed)
Event 66: >5% quadrature weight outside P_det grid — numerator=0.000, denominator=0.063 (repeats for this event suppressed)
Event 66: >5% quadrature weight outside P_det grid — numerator=0.000, denominator=0.064 (repeats for this event suppressed)
Event 66: >5% quadrature weight outside P_det grid — numerator=0.000, denominator=0.055 (repeats for this event suppressed)
Event 66: >5% quadrature weight outside P_det grid — numerator=0.000, denominator=0.055 (repeats for this event suppressed)
Event 66: >5% quadrature weight outside P_det grid — numerator=0.000, denominator=0.055 (repeats for this event suppressed)
Event 66: >5% quadrature weight outside P_det grid — numerator=0.000, denominator=0.059 (repeats for this event suppressed)
Event 66: >5% quadrature weight outside P_det grid — numerator=0.000, denominator=0.053 (repeats for this event suppressed)
Event 66: >5% quadrature weight outside P_det grid — numerator=0.000, denominator=0.052 (repeats for this event suppressed)
Event 66: >5% quadrature weight outside P_det grid — numerator=0.000, denominator=0.059 (repeats for this event suppressed)
Event 66: >5% quadrature weight outside P_det grid — numerator=0.000, denominator=0.071 (repeats for this event suppressed)
Event 66: >5% quadrature weight outside P_det grid — numerator=0.000, denominator=0.059 (repeats for this event suppressed)
Event 70: >5% quadrature weight outside P_det grid — numerator=0.000, denominator=0.052 (repeats for this event suppressed)
Event 70: >5% quadrature weight outside P_det grid — numerator=0.000, denominator=0.054 (repeats for this event suppressed)
Event 71: >5% quadrature weight outside P_det grid — numerator=0.000, denominator=0.053 (repeats for this event suppressed)
Event 71: >5% quadrature weight outside P_det grid — numerator=0.000, denominator=0.052 (repeats for this event suppressed)
Event 71: >5% quadrature weight outside P_det grid — numerator=0.000, denominator=0.051 (repeats for this event suppressed)
Event 71: >5% quadrature weight outside P_det grid — numerator=0.000, denominator=0.053 (repeats for this event suppressed)
Event 71: >5% quadrature weight outside P_det grid — numerator=0.000, denominator=0.052 (repeats for this event suppressed)
Event 71: >5% quadrature weight outside P_det grid — numerator=0.000, denominator=0.052 (repeats for this event suppressed)
Event 71: >5% quadrature weight outside P_det grid — numerator=0.000, denominator=0.052 (repeats for this event suppressed)
Event 72: >5% quadrature weight outside P_det grid — numerator=0.000, denominator=0.053 (repeats for this event suppressed)
Event 72: >5% quadrature weight outside P_det grid — numerator=0.000, denominator=0.068 (repeats for this event suppressed)
Event 72: >5% quadrature weight outside P_det grid — numerator=0.000, denominator=0.054 (repeats for this event suppressed)
Event 72: >5% quadrature weight outside P_det grid — numerator=0.000, denominator=0.054 (repeats for this event suppressed)
Event 72: >5% quadrature weight outside P_det grid — numerator=0.000, denominator=0.057 (repeats for this event suppressed)
Event 72: >5% quadrature weight outside P_det grid — numerator=0.000, denominator=0.061 (repeats for this event suppressed)
Event 72: >5% quadrature weight outside P_det grid — numerator=0.000, denominator=0.060 (repeats for this event suppressed)
Event 72: >5% quadrature weight outside P_det grid — numerator=0.000, denominator=0.053 (repeats for this event suppressed)
Event 72: >5% quadrature weight outside P_det grid — numerator=0.000, denominator=0.067 (repeats for this event suppressed)
Event 72: >5% quadrature weight outside P_det grid — numerator=0.000, denominator=0.052 (repeats for this event suppressed)
Event 72: >5% quadrature weight outside P_det grid — numerator=0.000, denominator=0.051 (repeats for this event suppressed)
Event 72: >5% quadrature weight outside P_det grid — numerator=0.000, denominator=0.056 (repeats for this event suppressed)
Event 74: >5% quadrature weight outside P_det grid — numerator=0.000, denominator=0.059 (repeats for this event suppressed)
Event 74: >5% quadrature weight outside P_det grid — numerator=0.000, denominator=0.058 (repeats for this event suppressed)
Event 74: >5% quadrature weight outside P_det grid — numerator=0.000, denominator=0.057 (repeats for this event suppressed)
Event 74: >5% quadrature weight outside P_det grid — numerator=0.000, denominator=0.059 (repeats for this event suppressed)
Event 74: >5% quadrature weight outside P_det grid — numerator=0.000, denominator=0.065 (repeats for this event suppressed)
Event 74: >5% quadrature weight outside P_det grid — numerator=0.000, denominator=0.064 (repeats for this event suppressed)
Event 74: >5% quadrature weight outside P_det grid — numerator=0.000, denominator=0.059 (repeats for this event suppressed)
Event 74: >5% quadrature weight outside P_det grid — numerator=0.000, denominator=0.053 (repeats for this event suppressed)
Event 74: >5% quadrature weight outside P_det grid — numerator=0.000, denominator=0.064 (repeats for this event suppressed)
Event 74: >5% quadrature weight outside P_det grid — numerator=0.000, denominator=0.068 (repeats for this event suppressed)
Event 74: >5% quadrature weight outside P_det grid — numerator=0.000, denominator=0.070 (repeats for this event suppressed)
Event 76: >5% quadrature weight outside P_det grid — numerator=0.000, denominator=0.050 (repeats for this event suppressed)
Event 76: >5% quadrature weight outside P_det grid — numerator=0.000, denominator=0.068 (repeats for this event suppressed)
Event 76: >5% quadrature weight outside P_det grid — numerator=0.000, denominator=0.054 (repeats for this event suppressed)
Event 76: >5% quadrature weight outside P_det grid — numerator=0.000, denominator=0.056 (repeats for this event suppressed)
Event 76: >5% quadrature weight outside P_det grid — numerator=0.000, denominator=0.064 (repeats for this event suppressed)
Event 76: >5% quadrature weight outside P_det grid — numerator=0.000, denominator=0.068 (repeats for this event suppressed)
Event 76: >5% quadrature weight outside P_det grid — numerator=0.000, denominator=0.057 (repeats for this event suppressed)
Event 76: >5% quadrature weight outside P_det grid — numerator=0.000, denominator=0.060 (repeats for this event suppressed)
Event 76: >5% quadrature weight outside P_det grid — numerator=0.000, denominator=0.067 (repeats for this event suppressed)
Event 76: >5% quadrature weight outside P_det grid — numerator=0.000, denominator=0.065 (repeats for this event suppressed)
Event 76: >5% quadrature weight outside P_det grid — numerator=0.000, denominator=0.058 (repeats for this event suppressed)
Event 76: >5% quadrature weight outside P_det grid — numerator=0.000, denominator=0.061 (repeats for this event suppressed)
Event 77: >5% quadrature weight outside P_det grid — numerator=0.000, denominator=0.050 (repeats for this event suppressed)
Event 77: >5% quadrature weight outside P_det grid — numerator=0.000, denominator=0.053 (repeats for this event suppressed)
Event 77: >5% quadrature weight outside P_det grid — numerator=0.000, denominator=0.052 (repeats for this event suppressed)
Event 77: >5% quadrature weight outside P_det grid — numerator=0.000, denominator=0.052 (repeats for this event suppressed)
Event 77: >5% quadrature weight outside P_det grid — numerator=0.000, denominator=0.052 (repeats for this event suppressed)
Event 77: >5% quadrature weight outside P_det grid — numerator=0.000, denominator=0.051 (repeats for this event suppressed)
Event 77: >5% quadrature weight outside P_det grid — numerator=0.000, denominator=0.051 (repeats for this event suppressed)
Event 77: >5% quadrature weight outside P_det grid — numerator=0.000, denominator=0.052 (repeats for this event suppressed)
Event 77: >5% quadrature weight outside P_det grid — numerator=0.000, denominator=0.052 (repeats for this event suppressed)
Event 77: >5% quadrature weight outside P_det grid — numerator=0.000, denominator=0.052 (repeats for this event suppressed)
Event 77: >5% quadrature weight outside P_det grid — numerator=0.000, denominator=0.052 (repeats for this event suppressed)
Event 77: >5% quadrature weight outside P_det grid — numerator=0.000, denominator=0.052 (repeats for this event suppressed)
Event 78: >5% quadrature weight outside P_det grid — numerator=0.000, denominator=0.076 (repeats for this event suppressed)
Event 78: >5% quadrature weight outside P_det grid — numerator=0.000, denominator=0.062 (repeats for this event suppressed)
Event 78: >5% quadrature weight outside P_det grid — numerator=0.000, denominator=0.057 (repeats for this event suppressed)
Event 78: >5% quadrature weight outside P_det grid — numerator=0.000, denominator=0.054 (repeats for this event suppressed)
Event 78: >5% quadrature weight outside P_det grid — numerator=0.000, denominator=0.055 (repeats for this event suppressed)
Event 78: >5% quadrature weight outside P_det grid — numerator=0.000, denominator=0.075 (repeats for this event suppressed)
Event 78: >5% quadrature weight outside P_det grid — numerator=0.000, denominator=0.059 (repeats for this event suppressed)
Event 78: >5% quadrature weight outside P_det grid — numerator=0.000, denominator=0.062 (repeats for this event suppressed)
Event 78: >5% quadrature weight outside P_det grid — numerator=0.000, denominator=0.056 (repeats for this event suppressed)
Event 78: >5% quadrature weight outside P_det grid — numerator=0.000, denominator=0.054 (repeats for this event suppressed)
Event 78: >5% quadrature weight outside P_det grid — numerator=0.000, denominator=0.055 (repeats for this event suppressed)
Event 78: >5% quadrature weight outside P_det grid — numerator=0.000, denominator=0.054 (repeats for this event suppressed)
Event 84: >5% quadrature weight outside P_det grid — numerator=0.000, denominator=0.067 (repeats for this event suppressed)
Event 84: >5% quadrature weight outside P_det grid — numerator=0.000, denominator=0.052 (repeats for this event suppressed)
Event 86: >5% quadrature weight outside P_det grid — numerator=0.000, denominator=0.056 (repeats for this event suppressed)
Event 86: >5% quadrature weight outside P_det grid — numerator=0.000, denominator=0.072 (repeats for this event suppressed)
Event 86: >5% quadrature weight outside P_det grid — numerator=0.000, denominator=0.062 (repeats for this event suppressed)
Event 86: >5% quadrature weight outside P_det grid — numerator=0.000, denominator=0.061 (repeats for this event suppressed)
Event 86: >5% quadrature weight outside P_det grid — numerator=0.000, denominator=0.075 (repeats for this event suppressed)
Event 86: >5% quadrature weight outside P_det grid — numerator=0.000, denominator=0.063 (repeats for this event suppressed)
Event 86: >5% quadrature weight outside P_det grid — numerator=0.000, denominator=0.051 (repeats for this event suppressed)
Event 86: >5% quadrature weight outside P_det grid — numerator=0.000, denominator=0.061 (repeats for this event suppressed)
Event 86: >5% quadrature weight outside P_det grid — numerator=0.000, denominator=0.053 (repeats for this event suppressed)
Event 86: >5% quadrature weight outside P_det grid — numerator=0.000, denominator=0.057 (repeats for this event suppressed)
Event 86: >5% quadrature weight outside P_det grid — numerator=0.000, denominator=0.064 (repeats for this event suppressed)
Event 87: >5% quadrature weight outside P_det grid — numerator=0.000, denominator=0.072 (repeats for this event suppressed)
Event 87: >5% quadrature weight outside P_det grid — numerator=0.000, denominator=0.080 (repeats for this event suppressed)
Event 87: >5% quadrature weight outside P_det grid — numerator=0.000, denominator=0.071 (repeats for this event suppressed)
Event 87: >5% quadrature weight outside P_det grid — numerator=0.000, denominator=0.075 (repeats for this event suppressed)
Event 87: >5% quadrature weight outside P_det grid — numerator=0.000, denominator=0.066 (repeats for this event suppressed)
Event 87: >5% quadrature weight outside P_det grid — numerator=0.000, denominator=0.077 (repeats for this event suppressed)
Event 87: >5% quadrature weight outside P_det grid — numerator=0.000, denominator=0.077 (repeats for this event suppressed)
Event 87: >5% quadrature weight outside P_det grid — numerator=0.000, denominator=0.056 (repeats for this event suppressed)
Event 87: >5% quadrature weight outside P_det grid — numerator=0.000, denominator=0.060 (repeats for this event suppressed)
Event 87: >5% quadrature weight outside P_det grid — numerator=0.000, denominator=0.079 (repeats for this event suppressed)
Event 87: >5% quadrature weight outside P_det grid — numerator=0.000, denominator=0.067 (repeats for this event suppressed)
Event 87: >5% quadrature weight outside P_det grid — numerator=0.000, denominator=0.075 (repeats for this event suppressed)
Event 89: >5% quadrature weight outside P_det grid — numerator=0.000, denominator=0.055 (repeats for this event suppressed)
Event 89: >5% quadrature weight outside P_det grid — numerator=0.000, denominator=0.056 (repeats for this event suppressed)
Event 89: >5% quadrature weight outside P_det grid — numerator=0.000, denominator=0.053 (repeats for this event suppressed)
Event 89: >5% quadrature weight outside P_det grid — numerator=0.000, denominator=0.056 (repeats for this event suppressed)
Event 89: >5% quadrature weight outside P_det grid — numerator=0.000, denominator=0.052 (repeats for this event suppressed)
Event 90: >5% quadrature weight outside P_det grid — numerator=0.000, denominator=0.057 (repeats for this event suppressed)
Event 90: >5% quadrature weight outside P_det grid — numerator=0.000, denominator=0.057 (repeats for this event suppressed)
Event 90: >5% quadrature weight outside P_det grid — numerator=0.000, denominator=0.069 (repeats for this event suppressed)
Event 90: >5% quadrature weight outside P_det grid — numerator=0.000, denominator=0.064 (repeats for this event suppressed)
Event 90: >5% quadrature weight outside P_det grid — numerator=0.000, denominator=0.061 (repeats for this event suppressed)
Event 90: >5% quadrature weight outside P_det grid — numerator=0.000, denominator=0.063 (repeats for this event suppressed)
Event 90: >5% quadrature weight outside P_det grid — numerator=0.000, denominator=0.057 (repeats for this event suppressed)
Event 90: >5% quadrature weight outside P_det grid — numerator=0.000, denominator=0.061 (repeats for this event suppressed)
Event 90: >5% quadrature weight outside P_det grid — numerator=0.000, denominator=0.051 (repeats for this event suppressed)
Event 93: >5% quadrature weight outside P_det grid — numerator=0.000, denominator=0.076 (repeats for this event suppressed)
Event 93: >5% quadrature weight outside P_det grid — numerator=0.000, denominator=0.053 (repeats for this event suppressed)
Event 93: >5% quadrature weight outside P_det grid — numerator=0.000, denominator=0.065 (repeats for this event suppressed)
Event 93: >5% quadrature weight outside P_det grid — numerator=0.000, denominator=0.062 (repeats for this event suppressed)
Event 93: >5% quadrature weight outside P_det grid — numerator=0.000, denominator=0.058 (repeats for this event suppressed)
Event 93: >5% quadrature weight outside P_det grid — numerator=0.000, denominator=0.060 (repeats for this event suppressed)
Event 93: >5% quadrature weight outside P_det grid — numerator=0.000, denominator=0.057 (repeats for this event suppressed)
Event 93: >5% quadrature weight outside P_det grid — numerator=0.000, denominator=0.062 (repeats for this event suppressed)
Event 93: >5% quadrature weight outside P_det grid — numerator=0.000, denominator=0.074 (repeats for this event suppressed)
Event 93: >5% quadrature weight outside P_det grid — numerator=0.000, denominator=0.052 (repeats for this event suppressed)
Event 93: >5% quadrature weight outside P_det grid — numerator=0.000, denominator=0.052 (repeats for this event suppressed)
Event 112: >5% quadrature weight outside P_det grid — numerator=0.000, denominator=0.056 (repeats for this event suppressed)
Event 112: >5% quadrature weight outside P_det grid — numerator=0.000, denominator=0.053 (repeats for this event suppressed)
Event 112: >5% quadrature weight outside P_det grid — numerator=0.000, denominator=0.054 (repeats for this event suppressed)
Event 112: >5% quadrature weight outside P_det grid — numerator=0.000, denominator=0.052 (repeats for this event suppressed)
Event 112: >5% quadrature weight outside P_det grid — numerator=0.000, denominator=0.057 (repeats for this event suppressed)
Event 112: >5% quadrature weight outside P_det grid — numerator=0.000, denominator=0.052 (repeats for this event suppressed)
Event 112: >5% quadrature weight outside P_det grid — numerator=0.000, denominator=0.052 (repeats for this event suppressed)
Event 112: >5% quadrature weight outside P_det grid — numerator=0.000, denominator=0.056 (repeats for this event suppressed)
Event 112: >5% quadrature weight outside P_det grid — numerator=0.000, denominator=0.055 (repeats for this event suppressed)
Event 112: >5% quadrature weight outside P_det grid — numerator=0.000, denominator=0.053 (repeats for this event suppressed)
Event 112: >5% quadrature weight outside P_det grid — numerator=0.000, denominator=0.054 (repeats for this event suppressed)
Event 113: >5% quadrature weight outside P_det grid — numerator=0.000, denominator=0.056 (repeats for this event suppressed)
Event 117: >5% quadrature weight outside P_det grid — numerator=0.000, denominator=0.058 (repeats for this event suppressed)
Event 117: >5% quadrature weight outside P_det grid — numerator=0.000, denominator=0.053 (repeats for this event suppressed)
Event 117: >5% quadrature weight outside P_det grid — numerator=0.000, denominator=0.053 (repeats for this event suppressed)
Event 117: >5% quadrature weight outside P_det grid — numerator=0.000, denominator=0.058 (repeats for this event suppressed)
Event 117: >5% quadrature weight outside P_det grid — numerator=0.000, denominator=0.065 (repeats for this event suppressed)
Event 117: >5% quadrature weight outside P_det grid — numerator=0.000, denominator=0.053 (repeats for this event suppressed)
Event 119: >5% quadrature weight outside P_det grid — numerator=0.000, denominator=0.053 (repeats for this event suppressed)
Event 119: >5% quadrature weight outside P_det grid — numerator=0.000, denominator=0.052 (repeats for this event suppressed)
Event 119: >5% quadrature weight outside P_det grid — numerator=0.000, denominator=0.052 (repeats for this event suppressed)
Event 119: >5% quadrature weight outside P_det grid — numerator=0.000, denominator=0.052 (repeats for this event suppressed)
Event 119: >5% quadrature weight outside P_det grid — numerator=0.000, denominator=0.052 (repeats for this event suppressed)
Event 119: >5% quadrature weight outside P_det grid — numerator=0.000, denominator=0.052 (repeats for this event suppressed)
Event 119: >5% quadrature weight outside P_det grid — numerator=0.000, denominator=0.052 (repeats for this event suppressed)
Event 119: >5% quadrature weight outside P_det grid — numerator=0.000, denominator=0.053 (repeats for this event suppressed)
Event 119: >5% quadrature weight outside P_det grid — numerator=0.000, denominator=0.052 (repeats for this event suppressed)
Event 119: >5% quadrature weight outside P_det grid — numerator=0.000, denominator=0.052 (repeats for this event suppressed)
Event 119: >5% quadrature weight outside P_det grid — numerator=0.000, denominator=0.052 (repeats for this event suppressed)
Event 119: >5% quadrature weight outside P_det grid — numerator=0.000, denominator=0.052 (repeats for this event suppressed)
Event 120: >5% quadrature weight outside P_det grid — numerator=0.000, denominator=0.054 (repeats for this event suppressed)
Event 120: >5% quadrature weight outside P_det grid — numerator=0.000, denominator=0.055 (repeats for this event suppressed)
Event 120: >5% quadrature weight outside P_det grid — numerator=0.000, denominator=0.064 (repeats for this event suppressed)
Event 120: >5% quadrature weight outside P_det grid — numerator=0.000, denominator=0.060 (repeats for this event suppressed)
Event 120: >5% quadrature weight outside P_det grid — numerator=0.000, denominator=0.055 (repeats for this event suppressed)
Event 120: >5% quadrature weight outside P_det grid — numerator=0.000, denominator=0.067 (repeats for this event suppressed)
Event 120: >5% quadrature weight outside P_det grid — numerator=0.000, denominator=0.073 (repeats for this event suppressed)
Event 120: >5% quadrature weight outside P_det grid — numerator=0.000, denominator=0.054 (repeats for this event suppressed)
Event 120: >5% quadrature weight outside P_det grid — numerator=0.000, denominator=0.069 (repeats for this event suppressed)
Event 120: >5% quadrature weight outside P_det grid — numerator=0.000, denominator=0.069 (repeats for this event suppressed)
Event 120: >5% quadrature weight outside P_det grid — numerator=0.000, denominator=0.059 (repeats for this event suppressed)
Event 120: >5% quadrature weight outside P_det grid — numerator=0.000, denominator=0.063 (repeats for this event suppressed)
Event 123: >5% quadrature weight outside P_det grid — numerator=0.000, denominator=0.058 (repeats for this event suppressed)
Event 128: >5% quadrature weight outside P_det grid — numerator=0.000, denominator=0.063 (repeats for this event suppressed)
Event 128: >5% quadrature weight outside P_det grid — numerator=0.000, denominator=0.064 (repeats for this event suppressed)
Event 128: >5% quadrature weight outside P_det grid — numerator=0.000, denominator=0.058 (repeats for this event suppressed)
Event 128: >5% quadrature weight outside P_det grid — numerator=0.000, denominator=0.073 (repeats for this event suppressed)
Event 128: >5% quadrature weight outside P_det grid — numerator=0.000, denominator=0.071 (repeats for this event suppressed)
Event 128: >5% quadrature weight outside P_det grid — numerator=0.000, denominator=0.062 (repeats for this event suppressed)
Event 128: >5% quadrature weight outside P_det grid — numerator=0.000, denominator=0.055 (repeats for this event suppressed)
Event 128: >5% quadrature weight outside P_det grid — numerator=0.000, denominator=0.065 (repeats for this event suppressed)
Event 128: >5% quadrature weight outside P_det grid — numerator=0.000, denominator=0.056 (repeats for this event suppressed)
Event 128: >5% quadrature weight outside P_det grid — numerator=0.000, denominator=0.053 (repeats for this event suppressed)
Event 128: >5% quadrature weight outside P_det grid — numerator=0.000, denominator=0.059 (repeats for this event suppressed)
Event 128: >5% quadrature weight outside P_det grid — numerator=0.000, denominator=0.067 (repeats for this event suppressed)
Event 130: >5% quadrature weight outside P_det grid — numerator=0.000, denominator=0.062 (repeats for this event suppressed)
Event 130: >5% quadrature weight outside P_det grid — numerator=0.000, denominator=0.069 (repeats for this event suppressed)
Event 130: >5% quadrature weight outside P_det grid — numerator=0.000, denominator=0.055 (repeats for this event suppressed)
Event 130: >5% quadrature weight outside P_det grid — numerator=0.000, denominator=0.062 (repeats for this event suppressed)
Event 130: >5% quadrature weight outside P_det grid — numerator=0.000, denominator=0.059 (repeats for this event suppressed)
Event 130: >5% quadrature weight outside P_det grid — numerator=0.000, denominator=0.058 (repeats for this event suppressed)
Event 130: >5% quadrature weight outside P_det grid — numerator=0.000, denominator=0.061 (repeats for this event suppressed)
Event 130: >5% quadrature weight outside P_det grid — numerator=0.000, denominator=0.055 (repeats for this event suppressed)
Event 130: >5% quadrature weight outside P_det grid — numerator=0.000, denominator=0.062 (repeats for this event suppressed)
Event 132: >5% quadrature weight outside P_det grid — numerator=0.000, denominator=0.063 (repeats for this event suppressed)
Event 132: >5% quadrature weight outside P_det grid — numerator=0.000, denominator=0.063 (repeats for this event suppressed)
Event 132: >5% quadrature weight outside P_det grid — numerator=0.000, denominator=0.059 (repeats for this event suppressed)
Event 132: >5% quadrature weight outside P_det grid — numerator=0.000, denominator=0.058 (repeats for this event suppressed)
Event 132: >5% quadrature weight outside P_det grid — numerator=0.000, denominator=0.057 (repeats for this event suppressed)
Event 132: >5% quadrature weight outside P_det grid — numerator=0.000, denominator=0.065 (repeats for this event suppressed)
Event 132: >5% quadrature weight outside P_det grid — numerator=0.000, denominator=0.052 (repeats for this event suppressed)
Event 132: >5% quadrature weight outside P_det grid — numerator=0.000, denominator=0.051 (repeats for this event suppressed)
Event 132: >5% quadrature weight outside P_det grid — numerator=0.000, denominator=0.059 (repeats for this event suppressed)
Event 132: >5% quadrature weight outside P_det grid — numerator=0.000, denominator=0.051 (repeats for this event suppressed)
Event 132: >5% quadrature weight outside P_det grid — numerator=0.000, denominator=0.054 (repeats for this event suppressed)
Event 132: >5% quadrature weight outside P_det grid — numerator=0.000, denominator=0.062 (repeats for this event suppressed)
Event 135: >5% quadrature weight outside P_det grid — numerator=0.000, denominator=0.056 (repeats for this event suppressed)
Event 135: >5% quadrature weight outside P_det grid — numerator=0.000, denominator=0.068 (repeats for this event suppressed)
Event 135: >5% quadrature weight outside P_det grid — numerator=0.000, denominator=0.054 (repeats for this event suppressed)
Event 135: >5% quadrature weight outside P_det grid — numerator=0.000, denominator=0.054 (repeats for this event suppressed)
Event 135: >5% quadrature weight outside P_det grid — numerator=0.000, denominator=0.054 (repeats for this event suppressed)
Event 135: >5% quadrature weight outside P_det grid — numerator=0.000, denominator=0.052 (repeats for this event suppressed)
Event 135: >5% quadrature weight outside P_det grid — numerator=0.000, denominator=0.068 (repeats for this event suppressed)
Event 135: >5% quadrature weight outside P_det grid — numerator=0.000, denominator=0.063 (repeats for this event suppressed)
Event 135: >5% quadrature weight outside P_det grid — numerator=0.000, denominator=0.055 (repeats for this event suppressed)
Event 135: >5% quadrature weight outside P_det grid — numerator=0.000, denominator=0.070 (repeats for this event suppressed)
Event 135: >5% quadrature weight outside P_det grid — numerator=0.000, denominator=0.052 (repeats for this event suppressed)
Event 135: >5% quadrature weight outside P_det grid — numerator=0.000, denominator=0.058 (repeats for this event suppressed)
Event 136: >5% quadrature weight outside P_det grid — numerator=0.000, denominator=0.060 (repeats for this event suppressed)
Event 136: >5% quadrature weight outside P_det grid — numerator=0.000, denominator=0.053 (repeats for this event suppressed)
Event 136: >5% quadrature weight outside P_det grid — numerator=0.000, denominator=0.057 (repeats for this event suppressed)
Event 136: >5% quadrature weight outside P_det grid — numerator=0.000, denominator=0.059 (repeats for this event suppressed)
Event 136: >5% quadrature weight outside P_det grid — numerator=0.000, denominator=0.055 (repeats for this event suppressed)
Event 136: >5% quadrature weight outside P_det grid — numerator=0.000, denominator=0.052 (repeats for this event suppressed)
Event 136: >5% quadrature weight outside P_det grid — numerator=0.000, denominator=0.055 (repeats for this event suppressed)
Event 136: >5% quadrature weight outside P_det grid — numerator=0.000, denominator=0.062 (repeats for this event suppressed)
Event 136: >5% quadrature weight outside P_det grid — numerator=0.000, denominator=0.055 (repeats for this event suppressed)
Event 136: >5% quadrature weight outside P_det grid — numerator=0.000, denominator=0.053 (repeats for this event suppressed)
Event 136: >5% quadrature weight outside P_det grid — numerator=0.000, denominator=0.059 (repeats for this event suppressed)
Event 137: >5% quadrature weight outside P_det grid — numerator=0.000, denominator=0.058 (repeats for this event suppressed)
Event 137: >5% quadrature weight outside P_det grid — numerator=0.000, denominator=0.069 (repeats for this event suppressed)
Event 137: >5% quadrature weight outside P_det grid — numerator=0.000, denominator=0.055 (repeats for this event suppressed)
Event 137: >5% quadrature weight outside P_det grid — numerator=0.000, denominator=0.052 (repeats for this event suppressed)
Event 137: >5% quadrature weight outside P_det grid — numerator=0.000, denominator=0.054 (repeats for this event suppressed)
Event 137: >5% quadrature weight outside P_det grid — numerator=0.000, denominator=0.055 (repeats for this event suppressed)
Event 137: >5% quadrature weight outside P_det grid — numerator=0.000, denominator=0.054 (repeats for this event suppressed)
Event 137: >5% quadrature weight outside P_det grid — numerator=0.000, denominator=0.064 (repeats for this event suppressed)
Event 138: >5% quadrature weight outside P_det grid — numerator=0.000, denominator=0.053 (repeats for this event suppressed)
Event 138: >5% quadrature weight outside P_det grid — numerator=0.000, denominator=0.059 (repeats for this event suppressed)
Event 138: >5% quadrature weight outside P_det grid — numerator=0.000, denominator=0.055 (repeats for this event suppressed)
Event 138: >5% quadrature weight outside P_det grid — numerator=0.000, denominator=0.054 (repeats for this event suppressed)
Event 138: >5% quadrature weight outside P_det grid — numerator=0.000, denominator=0.052 (repeats for this event suppressed)
Event 138: >5% quadrature weight outside P_det grid — numerator=0.000, denominator=0.058 (repeats for this event suppressed)
Event 138: >5% quadrature weight outside P_det grid — numerator=0.000, denominator=0.057 (repeats for this event suppressed)
Event 138: >5% quadrature weight outside P_det grid — numerator=0.000, denominator=0.056 (repeats for this event suppressed)
Event 138: >5% quadrature weight outside P_det grid — numerator=0.000, denominator=0.058 (repeats for this event suppressed)
Event 138: >5% quadrature weight outside P_det grid — numerator=0.000, denominator=0.055 (repeats for this event suppressed)
Event 138: >5% quadrature weight outside P_det grid — numerator=0.000, denominator=0.051 (repeats for this event suppressed)
Event 138: >5% quadrature weight outside P_det grid — numerator=0.000, denominator=0.055 (repeats for this event suppressed)
Event 140: >5% quadrature weight outside P_det grid — numerator=0.000, denominator=0.058 (repeats for this event suppressed)
Event 140: >5% quadrature weight outside P_det grid — numerator=0.000, denominator=0.052 (repeats for this event suppressed)
Event 140: >5% quadrature weight outside P_det grid — numerator=0.000, denominator=0.053 (repeats for this event suppressed)
Event 140: >5% quadrature weight outside P_det grid — numerator=0.000, denominator=0.058 (repeats for this event suppressed)
Event 140: >5% quadrature weight outside P_det grid — numerator=0.000, denominator=0.052 (repeats for this event suppressed)
Event 140: >5% quadrature weight outside P_det grid — numerator=0.000, denominator=0.056 (repeats for this event suppressed)
Event 140: >5% quadrature weight outside P_det grid — numerator=0.000, denominator=0.053 (repeats for this event suppressed)
Event 140: >5% quadrature weight outside P_det grid — numerator=0.000, denominator=0.060 (repeats for this event suppressed)
Event 140: >5% quadrature weight outside P_det grid — numerator=0.000, denominator=0.054 (repeats for this event suppressed)
Event 140: >5% quadrature weight outside P_det grid — numerator=0.000, denominator=0.055 (repeats for this event suppressed)
Event 140: >5% quadrature weight outside P_det grid — numerator=0.000, denominator=0.056 (repeats for this event suppressed)
Event 140: >5% quadrature weight outside P_det grid — numerator=0.000, denominator=0.052 (repeats for this event suppressed)
Event 142: >5% quadrature weight outside P_det grid — numerator=0.000, denominator=0.056 (repeats for this event suppressed)
Event 142: >5% quadrature weight outside P_det grid — numerator=0.000, denominator=0.053 (repeats for this event suppressed)
Event 142: >5% quadrature weight outside P_det grid — numerator=0.000, denominator=0.057 (repeats for this event suppressed)
Event 142: >5% quadrature weight outside P_det grid — numerator=0.000, denominator=0.051 (repeats for this event suppressed)
Event 142: >5% quadrature weight outside P_det grid — numerator=0.000, denominator=0.055 (repeats for this event suppressed)
Event 142: >5% quadrature weight outside P_det grid — numerator=0.000, denominator=0.050 (repeats for this event suppressed)
Event 143: >5% quadrature weight outside P_det grid — numerator=0.000, denominator=0.052 (repeats for this event suppressed)
Event 143: >5% quadrature weight outside P_det grid — numerator=0.000, denominator=0.058 (repeats for this event suppressed)
Event 143: >5% quadrature weight outside P_det grid — numerator=0.000, denominator=0.072 (repeats for this event suppressed)
Event 143: >5% quadrature weight outside P_det grid — numerator=0.000, denominator=0.055 (repeats for this event suppressed)
Event 143: >5% quadrature weight outside P_det grid — numerator=0.000, denominator=0.068 (repeats for this event suppressed)
Event 143: >5% quadrature weight outside P_det grid — numerator=0.000, denominator=0.062 (repeats for this event suppressed)
Event 143: >5% quadrature weight outside P_det grid — numerator=0.000, denominator=0.066 (repeats for this event suppressed)
Event 143: >5% quadrature weight outside P_det grid — numerator=0.000, denominator=0.068 (repeats for this event suppressed)
Event 143: >5% quadrature weight outside P_det grid — numerator=0.000, denominator=0.053 (repeats for this event suppressed)
Event 143: >5% quadrature weight outside P_det grid — numerator=0.000, denominator=0.061 (repeats for this event suppressed)
Event 143: >5% quadrature weight outside P_det grid — numerator=0.000, denominator=0.082 (repeats for this event suppressed)
Event 144: >5% quadrature weight outside P_det grid — numerator=0.000, denominator=0.051 (repeats for this event suppressed)
Event 144: >5% quadrature weight outside P_det grid — numerator=0.000, denominator=0.056 (repeats for this event suppressed)
Event 144: >5% quadrature weight outside P_det grid — numerator=0.000, denominator=0.052 (repeats for this event suppressed)
Event 144: >5% quadrature weight outside P_det grid — numerator=0.000, denominator=0.055 (repeats for this event suppressed)
Event 144: >5% quadrature weight outside P_det grid — numerator=0.000, denominator=0.058 (repeats for this event suppressed)
Event 144: >5% quadrature weight outside P_det grid — numerator=0.000, denominator=0.055 (repeats for this event suppressed)
Event 144: >5% quadrature weight outside P_det grid — numerator=0.000, denominator=0.054 (repeats for this event suppressed)
Event 144: >5% quadrature weight outside P_det grid — numerator=0.000, denominator=0.058 (repeats for this event suppressed)
Event 144: >5% quadrature weight outside P_det grid — numerator=0.000, denominator=0.055 (repeats for this event suppressed)
Event 144: >5% quadrature weight outside P_det grid — numerator=0.000, denominator=0.052 (repeats for this event suppressed)
Event 144: >5% quadrature weight outside P_det grid — numerator=0.000, denominator=0.055 (repeats for this event suppressed)
Event 144: >5% quadrature weight outside P_det grid — numerator=0.000, denominator=0.055 (repeats for this event suppressed)
Event 145: >5% quadrature weight outside P_det grid — numerator=0.000, denominator=0.054 (repeats for this event suppressed)
Event 145: >5% quadrature weight outside P_det grid — numerator=0.000, denominator=0.066 (repeats for this event suppressed)
Event 145: >5% quadrature weight outside P_det grid — numerator=0.000, denominator=0.054 (repeats for this event suppressed)
Event 145: >5% quadrature weight outside P_det grid — numerator=0.000, denominator=0.059 (repeats for this event suppressed)
Event 145: >5% quadrature weight outside P_det grid — numerator=0.000, denominator=0.061 (repeats for this event suppressed)
Event 145: >5% quadrature weight outside P_det grid — numerator=0.000, denominator=0.068 (repeats for this event suppressed)
Event 145: >5% quadrature weight outside P_det grid — numerator=0.000, denominator=0.065 (repeats for this event suppressed)
Event 145: >5% quadrature weight outside P_det grid — numerator=0.000, denominator=0.052 (repeats for this event suppressed)
Event 145: >5% quadrature weight outside P_det grid — numerator=0.000, denominator=0.063 (repeats for this event suppressed)
Event 145: >5% quadrature weight outside P_det grid — numerator=0.000, denominator=0.068 (repeats for this event suppressed)
Event 145: >5% quadrature weight outside P_det grid — numerator=0.000, denominator=0.057 (repeats for this event suppressed)
Event 145: >5% quadrature weight outside P_det grid — numerator=0.000, denominator=0.055 (repeats for this event suppressed)
Event 155: >5% quadrature weight outside P_det grid — numerator=0.000, denominator=0.061 (repeats for this event suppressed)
Event 155: >5% quadrature weight outside P_det grid — numerator=0.000, denominator=0.055 (repeats for this event suppressed)
Event 155: >5% quadrature weight outside P_det grid — numerator=0.000, denominator=0.073 (repeats for this event suppressed)
Event 155: >5% quadrature weight outside P_det grid — numerator=0.000, denominator=0.072 (repeats for this event suppressed)
Event 155: >5% quadrature weight outside P_det grid — numerator=0.000, denominator=0.062 (repeats for this event suppressed)
Event 155: >5% quadrature weight outside P_det grid — numerator=0.000, denominator=0.060 (repeats for this event suppressed)
Event 155: >5% quadrature weight outside P_det grid — numerator=0.000, denominator=0.066 (repeats for this event suppressed)
Event 155: >5% quadrature weight outside P_det grid — numerator=0.000, denominator=0.056 (repeats for this event suppressed)
Event 155: >5% quadrature weight outside P_det grid — numerator=0.000, denominator=0.058 (repeats for this event suppressed)
Event 157: >5% quadrature weight outside P_det grid — numerator=0.000, denominator=0.053 (repeats for this event suppressed)
Event 157: >5% quadrature weight outside P_det grid — numerator=0.000, denominator=0.055 (repeats for this event suppressed)
Event 157: >5% quadrature weight outside P_det grid — numerator=0.000, denominator=0.052 (repeats for this event suppressed)
Event 157: >5% quadrature weight outside P_det grid — numerator=0.000, denominator=0.052 (repeats for this event suppressed)
Event 157: >5% quadrature weight outside P_det grid — numerator=0.000, denominator=0.053 (repeats for this event suppressed)
Event 157: >5% quadrature weight outside P_det grid — numerator=0.000, denominator=0.053 (repeats for this event suppressed)
Event 157: >5% quadrature weight outside P_det grid — numerator=0.000, denominator=0.055 (repeats for this event suppressed)
Event 157: >5% quadrature weight outside P_det grid — numerator=0.000, denominator=0.055 (repeats for this event suppressed)
Event 157: >5% quadrature weight outside P_det grid — numerator=0.000, denominator=0.051 (repeats for this event suppressed)
Event 157: >5% quadrature weight outside P_det grid — numerator=0.000, denominator=0.057 (repeats for this event suppressed)
Event 157: >5% quadrature weight outside P_det grid — numerator=0.000, denominator=0.053 (repeats for this event suppressed)
Event 161: >5% quadrature weight outside P_det grid — numerator=0.000, denominator=0.053 (repeats for this event suppressed)
Event 161: >5% quadrature weight outside P_det grid — numerator=0.000, denominator=0.053 (repeats for this event suppressed)
Event 161: >5% quadrature weight outside P_det grid — numerator=0.000, denominator=0.054 (repeats for this event suppressed)
Event 161: >5% quadrature weight outside P_det grid — numerator=0.000, denominator=0.052 (repeats for this event suppressed)
Event 161: >5% quadrature weight outside P_det grid — numerator=0.000, denominator=0.052 (repeats for this event suppressed)
Event 162: >5% quadrature weight outside P_det grid — numerator=0.000, denominator=0.051 (repeats for this event suppressed)
Event 162: >5% quadrature weight outside P_det grid — numerator=0.000, denominator=0.053 (repeats for this event suppressed)
Event 162: >5% quadrature weight outside P_det grid — numerator=0.000, denominator=0.052 (repeats for this event suppressed)
Event 162: >5% quadrature weight outside P_det grid — numerator=0.000, denominator=0.053 (repeats for this event suppressed)
Event 162: >5% quadrature weight outside P_det grid — numerator=0.000, denominator=0.053 (repeats for this event suppressed)
Event 162: >5% quadrature weight outside P_det grid — numerator=0.000, denominator=0.052 (repeats for this event suppressed)
Event 162: >5% quadrature weight outside P_det grid — numerator=0.000, denominator=0.052 (repeats for this event suppressed)
Event 162: >5% quadrature weight outside P_det grid — numerator=0.000, denominator=0.051 (repeats for this event suppressed)
Event 163: >5% quadrature weight outside P_det grid — numerator=0.000, denominator=0.056 (repeats for this event suppressed)
Event 163: >5% quadrature weight outside P_det grid — numerator=0.000, denominator=0.052 (repeats for this event suppressed)
Event 163: >5% quadrature weight outside P_det grid — numerator=0.000, denominator=0.060 (repeats for this event suppressed)
Event 163: >5% quadrature weight outside P_det grid — numerator=0.000, denominator=0.060 (repeats for this event suppressed)
Event 163: >5% quadrature weight outside P_det grid — numerator=0.000, denominator=0.056 (repeats for this event suppressed)
Event 163: >5% quadrature weight outside P_det grid — numerator=0.000, denominator=0.069 (repeats for this event suppressed)
Event 163: >5% quadrature weight outside P_det grid — numerator=0.000, denominator=0.067 (repeats for this event suppressed)
Event 163: >5% quadrature weight outside P_det grid — numerator=0.000, denominator=0.061 (repeats for this event suppressed)
Event 163: >5% quadrature weight outside P_det grid — numerator=0.000, denominator=0.069 (repeats for this event suppressed)
Event 163: >5% quadrature weight outside P_det grid — numerator=0.000, denominator=0.062 (repeats for this event suppressed)
Event 163: >5% quadrature weight outside P_det grid — numerator=0.000, denominator=0.058 (repeats for this event suppressed)
Event 163: >5% quadrature weight outside P_det grid — numerator=0.000, denominator=0.060 (repeats for this event suppressed)
Event 165: >5% quadrature weight outside P_det grid — numerator=0.000, denominator=0.056 (repeats for this event suppressed)
Event 165: >5% quadrature weight outside P_det grid — numerator=0.000, denominator=0.055 (repeats for this event suppressed)
Event 165: >5% quadrature weight outside P_det grid — numerator=0.000, denominator=0.055 (repeats for this event suppressed)
Event 165: >5% quadrature weight outside P_det grid — numerator=0.000, denominator=0.053 (repeats for this event suppressed)
Event 165: >5% quadrature weight outside P_det grid — numerator=0.000, denominator=0.052 (repeats for this event suppressed)
Event 165: >5% quadrature weight outside P_det grid — numerator=0.000, denominator=0.061 (repeats for this event suppressed)
Event 165: >5% quadrature weight outside P_det grid — numerator=0.000, denominator=0.068 (repeats for this event suppressed)
Event 165: >5% quadrature weight outside P_det grid — numerator=0.000, denominator=0.076 (repeats for this event suppressed)
Event 165: >5% quadrature weight outside P_det grid — numerator=0.000, denominator=0.064 (repeats for this event suppressed)
Event 165: >5% quadrature weight outside P_det grid — numerator=0.000, denominator=0.057 (repeats for this event suppressed)
Event 165: >5% quadrature weight outside P_det grid — numerator=0.000, denominator=0.071 (repeats for this event suppressed)
Event 165: >5% quadrature weight outside P_det grid — numerator=0.000, denominator=0.053 (repeats for this event suppressed)
Event 166: >5% quadrature weight outside P_det grid — numerator=0.000, denominator=0.061 (repeats for this event suppressed)
Event 166: >5% quadrature weight outside P_det grid — numerator=0.000, denominator=0.052 (repeats for this event suppressed)
Event 166: >5% quadrature weight outside P_det grid — numerator=0.000, denominator=0.057 (repeats for this event suppressed)
Event 166: >5% quadrature weight outside P_det grid — numerator=0.000, denominator=0.057 (repeats for this event suppressed)
Event 166: >5% quadrature weight outside P_det grid — numerator=0.000, denominator=0.057 (repeats for this event suppressed)
Event 166: >5% quadrature weight outside P_det grid — numerator=0.000, denominator=0.056 (repeats for this event suppressed)
Event 166: >5% quadrature weight outside P_det grid — numerator=0.000, denominator=0.062 (repeats for this event suppressed)
Event 166: >5% quadrature weight outside P_det grid — numerator=0.000, denominator=0.061 (repeats for this event suppressed)
Event 166: >5% quadrature weight outside P_det grid — numerator=0.000, denominator=0.068 (repeats for this event suppressed)
Event 166: >5% quadrature weight outside P_det grid — numerator=0.000, denominator=0.061 (repeats for this event suppressed)
Event 166: >5% quadrature weight outside P_det grid — numerator=0.000, denominator=0.052 (repeats for this event suppressed)
Event 166: >5% quadrature weight outside P_det grid — numerator=0.000, denominator=0.053 (repeats for this event suppressed)
Event 168: >5% quadrature weight outside P_det grid — numerator=0.000, denominator=0.057 (repeats for this event suppressed)
Event 168: >5% quadrature weight outside P_det grid — numerator=0.000, denominator=0.059 (repeats for this event suppressed)
Event 168: >5% quadrature weight outside P_det grid — numerator=0.000, denominator=0.055 (repeats for this event suppressed)
Event 168: >5% quadrature weight outside P_det grid — numerator=0.000, denominator=0.064 (repeats for this event suppressed)
Event 168: >5% quadrature weight outside P_det grid — numerator=0.000, denominator=0.059 (repeats for this event suppressed)
Event 168: >5% quadrature weight outside P_det grid — numerator=0.000, denominator=0.055 (repeats for this event suppressed)
Event 168: >5% quadrature weight outside P_det grid — numerator=0.000, denominator=0.059 (repeats for this event suppressed)
Event 168: >5% quadrature weight outside P_det grid — numerator=0.000, denominator=0.052 (repeats for this event suppressed)
Event 168: >5% quadrature weight outside P_det grid — numerator=0.000, denominator=0.061 (repeats for this event suppressed)
Event 168: >5% quadrature weight outside P_det grid — numerator=0.000, denominator=0.060 (repeats for this event suppressed)
Event 168: >5% quadrature weight outside P_det grid — numerator=0.000, denominator=0.058 (repeats for this event suppressed)
Event 168: >5% quadrature weight outside P_det grid — numerator=0.000, denominator=0.052 (repeats for this event suppressed)
Event 172: >5% quadrature weight outside P_det grid — numerator=0.000, denominator=0.065 (repeats for this event suppressed)
Event 172: >5% quadrature weight outside P_det grid — numerator=0.000, denominator=0.059 (repeats for this event suppressed)
Event 172: >5% quadrature weight outside P_det grid — numerator=0.000, denominator=0.057 (repeats for this event suppressed)
Event 172: >5% quadrature weight outside P_det grid — numerator=0.000, denominator=0.068 (repeats for this event suppressed)
Event 172: >5% quadrature weight outside P_det grid — numerator=0.000, denominator=0.064 (repeats for this event suppressed)
Event 172: >5% quadrature weight outside P_det grid — numerator=0.000, denominator=0.055 (repeats for this event suppressed)
Event 172: >5% quadrature weight outside P_det grid — numerator=0.000, denominator=0.054 (repeats for this event suppressed)
Event 172: >5% quadrature weight outside P_det grid — numerator=0.000, denominator=0.055 (repeats for this event suppressed)
Event 172: >5% quadrature weight outside P_det grid — numerator=0.000, denominator=0.056 (repeats for this event suppressed)
Event 172: >5% quadrature weight outside P_det grid — numerator=0.000, denominator=0.055 (repeats for this event suppressed)
Event 172: >5% quadrature weight outside P_det grid — numerator=0.000, denominator=0.054 (repeats for this event suppressed)
Event 172: >5% quadrature weight outside P_det grid — numerator=0.000, denominator=0.067 (repeats for this event suppressed)
Event 173: >5% quadrature weight outside P_det grid — numerator=0.000, denominator=0.057 (repeats for this event suppressed)
Event 173: >5% quadrature weight outside P_det grid — numerator=0.000, denominator=0.057 (repeats for this event suppressed)
Event 173: >5% quadrature weight outside P_det grid — numerator=0.000, denominator=0.069 (repeats for this event suppressed)
Event 173: >5% quadrature weight outside P_det grid — numerator=0.000, denominator=0.052 (repeats for this event suppressed)
Event 173: >5% quadrature weight outside P_det grid — numerator=0.000, denominator=0.055 (repeats for this event suppressed)
Event 173: >5% quadrature weight outside P_det grid — numerator=0.000, denominator=0.057 (repeats for this event suppressed)
Event 173: >5% quadrature weight outside P_det grid — numerator=0.000, denominator=0.065 (repeats for this event suppressed)
Event 173: >5% quadrature weight outside P_det grid — numerator=0.000, denominator=0.057 (repeats for this event suppressed)
Event 173: >5% quadrature weight outside P_det grid — numerator=0.000, denominator=0.055 (repeats for this event suppressed)
Event 173: >5% quadrature weight outside P_det grid — numerator=0.000, denominator=0.051 (repeats for this event suppressed)
Event 173: >5% quadrature weight outside P_det grid — numerator=0.000, denominator=0.055 (repeats for this event suppressed)
Event 173: >5% quadrature weight outside P_det grid — numerator=0.000, denominator=0.053 (repeats for this event suppressed)
Event 175: >5% quadrature weight outside P_det grid — numerator=0.000, denominator=0.054 (repeats for this event suppressed)
Event 175: >5% quadrature weight outside P_det grid — numerator=0.000, denominator=0.053 (repeats for this event suppressed)
Event 175: >5% quadrature weight outside P_det grid — numerator=0.000, denominator=0.058 (repeats for this event suppressed)
Event 175: >5% quadrature weight outside P_det grid — numerator=0.000, denominator=0.062 (repeats for this event suppressed)
Event 175: >5% quadrature weight outside P_det grid — numerator=0.000, denominator=0.057 (repeats for this event suppressed)
Event 175: >5% quadrature weight outside P_det grid — numerator=0.000, denominator=0.055 (repeats for this event suppressed)
Event 175: >5% quadrature weight outside P_det grid — numerator=0.000, denominator=0.052 (repeats for this event suppressed)
Event 175: >5% quadrature weight outside P_det grid — numerator=0.000, denominator=0.053 (repeats for this event suppressed)
Event 175: >5% quadrature weight outside P_det grid — numerator=0.000, denominator=0.052 (repeats for this event suppressed)
Event 175: >5% quadrature weight outside P_det grid — numerator=0.000, denominator=0.054 (repeats for this event suppressed)
Event 175: >5% quadrature weight outside P_det grid — numerator=0.000, denominator=0.054 (repeats for this event suppressed)
Event 177: >5% quadrature weight outside P_det grid — numerator=0.000, denominator=0.055 (repeats for this event suppressed)
Event 177: >5% quadrature weight outside P_det grid — numerator=0.000, denominator=0.056 (repeats for this event suppressed)
Event 177: >5% quadrature weight outside P_det grid — numerator=0.000, denominator=0.055 (repeats for this event suppressed)
Event 177: >5% quadrature weight outside P_det grid — numerator=0.000, denominator=0.056 (repeats for this event suppressed)
Event 177: >5% quadrature weight outside P_det grid — numerator=0.000, denominator=0.067 (repeats for this event suppressed)
Event 177: >5% quadrature weight outside P_det grid — numerator=0.000, denominator=0.054 (repeats for this event suppressed)
Event 177: >5% quadrature weight outside P_det grid — numerator=0.000, denominator=0.052 (repeats for this event suppressed)
Event 177: >5% quadrature weight outside P_det grid — numerator=0.000, denominator=0.055 (repeats for this event suppressed)
Event 177: >5% quadrature weight outside P_det grid — numerator=0.000, denominator=0.052 (repeats for this event suppressed)
Event 177: >5% quadrature weight outside P_det grid — numerator=0.000, denominator=0.055 (repeats for this event suppressed)
Event 177: >5% quadrature weight outside P_det grid — numerator=0.000, denominator=0.064 (repeats for this event suppressed)
Event 177: >5% quadrature weight outside P_det grid — numerator=0.000, denominator=0.062 (repeats for this event suppressed)
Event 178: >5% quadrature weight outside P_det grid — numerator=0.000, denominator=0.054 (repeats for this event suppressed)
Event 178: >5% quadrature weight outside P_det grid — numerator=0.000, denominator=0.053 (repeats for this event suppressed)
Event 178: >5% quadrature weight outside P_det grid — numerator=0.000, denominator=0.052 (repeats for this event suppressed)
Event 178: >5% quadrature weight outside P_det grid — numerator=0.000, denominator=0.053 (repeats for this event suppressed)
Event 178: >5% quadrature weight outside P_det grid — numerator=0.000, denominator=0.052 (repeats for this event suppressed)
Event 178: >5% quadrature weight outside P_det grid — numerator=0.000, denominator=0.054 (repeats for this event suppressed)
Event 178: >5% quadrature weight outside P_det grid — numerator=0.000, denominator=0.054 (repeats for this event suppressed)
Event 178: >5% quadrature weight outside P_det grid — numerator=0.000, denominator=0.052 (repeats for this event suppressed)
Event 178: >5% quadrature weight outside P_det grid — numerator=0.000, denominator=0.052 (repeats for this event suppressed)
Event 178: >5% quadrature weight outside P_det grid — numerator=0.000, denominator=0.053 (repeats for this event suppressed)
Event 178: >5% quadrature weight outside P_det grid — numerator=0.000, denominator=0.052 (repeats for this event suppressed)
Event 181: >5% quadrature weight outside P_det grid — numerator=0.000, denominator=0.057 (repeats for this event suppressed)
Event 181: >5% quadrature weight outside P_det grid — numerator=0.000, denominator=0.063 (repeats for this event suppressed)
Event 181: >5% quadrature weight outside P_det grid — numerator=0.000, denominator=0.062 (repeats for this event suppressed)
Event 181: >5% quadrature weight outside P_det grid — numerator=0.000, denominator=0.051 (repeats for this event suppressed)
Event 181: >5% quadrature weight outside P_det grid — numerator=0.000, denominator=0.057 (repeats for this event suppressed)
Event 181: >5% quadrature weight outside P_det grid — numerator=0.000, denominator=0.053 (repeats for this event suppressed)
Event 181: >5% quadrature weight outside P_det grid — numerator=0.000, denominator=0.056 (repeats for this event suppressed)
Event 181: >5% quadrature weight outside P_det grid — numerator=0.000, denominator=0.054 (repeats for this event suppressed)
Event 181: >5% quadrature weight outside P_det grid — numerator=0.000, denominator=0.058 (repeats for this event suppressed)
Event 181: >5% quadrature weight outside P_det grid — numerator=0.000, denominator=0.055 (repeats for this event suppressed)
Event 181: >5% quadrature weight outside P_det grid — numerator=0.000, denominator=0.053 (repeats for this event suppressed)
Event 181: >5% quadrature weight outside P_det grid — numerator=0.000, denominator=0.054 (repeats for this event suppressed)
Event 182: >5% quadrature weight outside P_det grid — numerator=0.000, denominator=0.068 (repeats for this event suppressed)
Event 182: >5% quadrature weight outside P_det grid — numerator=0.000, denominator=0.072 (repeats for this event suppressed)
Event 182: >5% quadrature weight outside P_det grid — numerator=0.000, denominator=0.054 (repeats for this event suppressed)
Event 182: >5% quadrature weight outside P_det grid — numerator=0.000, denominator=0.058 (repeats for this event suppressed)
Event 182: >5% quadrature weight outside P_det grid — numerator=0.000, denominator=0.053 (repeats for this event suppressed)
Event 182: >5% quadrature weight outside P_det grid — numerator=0.000, denominator=0.062 (repeats for this event suppressed)
Event 182: >5% quadrature weight outside P_det grid — numerator=0.000, denominator=0.060 (repeats for this event suppressed)
Event 182: >5% quadrature weight outside P_det grid — numerator=0.000, denominator=0.066 (repeats for this event suppressed)
Event 182: >5% quadrature weight outside P_det grid — numerator=0.000, denominator=0.058 (repeats for this event suppressed)
Event 182: >5% quadrature weight outside P_det grid — numerator=0.000, denominator=0.061 (repeats for this event suppressed)
Event 182: >5% quadrature weight outside P_det grid — numerator=0.000, denominator=0.059 (repeats for this event suppressed)
Event 182: >5% quadrature weight outside P_det grid — numerator=0.000, denominator=0.078 (repeats for this event suppressed)
Event 184: >5% quadrature weight outside P_det grid — numerator=0.000, denominator=0.072 (repeats for this event suppressed)
Event 184: >5% quadrature weight outside P_det grid — numerator=0.000, denominator=0.066 (repeats for this event suppressed)
Event 184: >5% quadrature weight outside P_det grid — numerator=0.000, denominator=0.070 (repeats for this event suppressed)
Event 184: >5% quadrature weight outside P_det grid — numerator=0.000, denominator=0.081 (repeats for this event suppressed)
Event 184: >5% quadrature weight outside P_det grid — numerator=0.000, denominator=0.068 (repeats for this event suppressed)
Event 184: >5% quadrature weight outside P_det grid — numerator=0.000, denominator=0.063 (repeats for this event suppressed)
Event 184: >5% quadrature weight outside P_det grid — numerator=0.000, denominator=0.069 (repeats for this event suppressed)
Event 184: >5% quadrature weight outside P_det grid — numerator=0.000, denominator=0.066 (repeats for this event suppressed)
Event 184: >5% quadrature weight outside P_det grid — numerator=0.000, denominator=0.091 (repeats for this event suppressed)
Event 184: >5% quadrature weight outside P_det grid — numerator=0.000, denominator=0.079 (repeats for this event suppressed)
Event 184: >5% quadrature weight outside P_det grid — numerator=0.000, denominator=0.064 (repeats for this event suppressed)
Event 184: >5% quadrature weight outside P_det grid — numerator=0.000, denominator=0.068 (repeats for this event suppressed)
Event 185: >5% quadrature weight outside P_det grid — numerator=0.000, denominator=0.055 (repeats for this event suppressed)
Event 185: >5% quadrature weight outside P_det grid — numerator=0.000, denominator=0.063 (repeats for this event suppressed)
Event 185: >5% quadrature weight outside P_det grid — numerator=0.000, denominator=0.055 (repeats for this event suppressed)
Event 188: >5% quadrature weight outside P_det grid — numerator=0.000, denominator=0.113 (repeats for this event suppressed)
Event 188: >5% quadrature weight outside P_det grid — numerator=0.000, denominator=0.145 (repeats for this event suppressed)
Event 188: >5% quadrature weight outside P_det grid — numerator=0.000, denominator=0.145 (repeats for this event suppressed)
Event 188: >5% quadrature weight outside P_det grid — numerator=0.000, denominator=0.098 (repeats for this event suppressed)
Event 188: >5% quadrature weight outside P_det grid — numerator=0.000, denominator=0.135 (repeats for this event suppressed)
Event 188: >5% quadrature weight outside P_det grid — numerator=0.000, denominator=0.154 (repeats for this event suppressed)
Event 188: >5% quadrature weight outside P_det grid — numerator=0.000, denominator=0.153 (repeats for this event suppressed)
Event 188: >5% quadrature weight outside P_det grid — numerator=0.000, denominator=0.069 (repeats for this event suppressed)
Event 188: >5% quadrature weight outside P_det grid — numerator=0.000, denominator=0.148 (repeats for this event suppressed)
Event 188: >5% quadrature weight outside P_det grid — numerator=0.000, denominator=0.126 (repeats for this event suppressed)
No possible hosts. Returning None.
Detection 192: no catalogue hosts in the localization volume — pure-completion fallback p_i = B_num/D (issue #29)
Detection 192: no catalog results found
Event 197: >5% quadrature weight outside P_det grid — numerator=0.000, denominator=0.063 (repeats for this event suppressed)
Event 197: >5% quadrature weight outside P_det grid — numerator=0.000, denominator=0.062 (repeats for this event suppressed)
Event 197: >5% quadrature weight outside P_det grid — numerator=0.000, denominator=0.061 (repeats for this event suppressed)
Event 197: >5% quadrature weight outside P_det grid — numerator=0.000, denominator=0.064 (repeats for this event suppressed)
Event 197: >5% quadrature weight outside P_det grid — numerator=0.000, denominator=0.054 (repeats for this event suppressed)
Event 197: >5% quadrature weight outside P_det grid — numerator=0.000, denominator=0.053 (repeats for this event suppressed)
Event 197: >5% quadrature weight outside P_det grid — numerator=0.000, denominator=0.058 (repeats for this event suppressed)
Event 197: >5% quadrature weight outside P_det grid — numerator=0.000, denominator=0.068 (repeats for this event suppressed)
Event 197: >5% quadrature weight outside P_det grid — numerator=0.000, denominator=0.054 (repeats for this event suppressed)
Event 197: >5% quadrature weight outside P_det grid — numerator=0.000, denominator=0.065 (repeats for this event suppressed)
Event 197: >5% quadrature weight outside P_det grid — numerator=0.000, denominator=0.053 (repeats for this event suppressed)
Event 197: >5% quadrature weight outside P_det grid — numerator=0.000, denominator=0.060 (repeats for this event suppressed)
Event 199: >5% quadrature weight outside P_det grid — numerator=0.000, denominator=0.067 (repeats for this event suppressed)
Event 199: >5% quadrature weight outside P_det grid — numerator=0.000, denominator=0.055 (repeats for this event suppressed)
/home/jasper/Repositories/darksiren-emri/darksiren_emri/plotting/fisher_plots.py:834: UserWarning: The figure layout has changed to tight
  fig.tight_layout()
[S0-A seed=900101 node=b_plus theta=(0.02,1.0) theta_sites=2.2 smear=off config=b0i] n_events=106 evaluate_s=64.46 wall_s=67.42 -> results/campaign51_20260728/realistic_20260729/fanout1_20260829/hier_s0_registered_run/s0a_seed900101/node_b_plus_sites2.2_nosmear/simulations/diagnostics/event_likelihoods.csv
wrote results/campaign51_20260728/realistic_20260729/fanout1_20260829/hier_s0_registered_run/s0a_full_output.json
{
  "arm": "S0-A",
  "seeds_requested": [
    900101
  ],
  "jobs": 1,
  "cpu_per_job": 14,
  "wall_s": 506.0317931175232,
  "n_seeds_ok": 1,
  "n_seeds_error": 0,
  "errors": [],
  "theta_sites": "2.2",
  "smear": "off",
  "config": "b0i",
  "h_values": [
    0.73
  ],
  "score_h": null,
  "node_dir_suffix": "_sites2.2_nosmear",
  "note": "nodes=('b_plus',) does not include all 4 off-truth nodes -- scores/gates/verdict require {b_plus,b_minus,s_plus,s_minus}; this is expected for a --smoke run with 1-2 nodes and is NOT a registered read.",
  "smoke": false,
  "event_cap": null,
  "registration": "/home/jasper/Repositories/darksiren-emri/results/campaign51_20260728/realistic_20260729/PREREGISTRATION_HIER_HTHETA_20260826.md"
}
=== 2026-08-29T20:28:20+02:00 END rc=0
P1 DIFF L_cat_no_bh max_abs 0.0 max_rel 0.0
P1 DIFF combined_no_bh max_abs 0.000437751079994296 max_rel 0.00744711531563539
P1 DIFF D_tilde_phi max_abs 7053100.0 max_rel 0.007502986578216435
P1 DIFF alpha_G_phi max_abs 7053110.0 max_rel 0.13659499721120477
=== 2026-08-29T20:28:21+02:00 START P0 S0-A 4 seeds all nodes sites2.2 nosmear jobs2
Injection pool spans 2 code revisions (a9f29e82, f6449051) — legitimate for straggler resubmits after a non-physics fix, but verify none of them changed SNR semantics.
Injection pool spans 2 code revisions (a9f29e82, f6449051) — legitimate for straggler resubmits after a non-physics fix, but verify none of them changed SNR semantics.
Event -1: 171 host(s) have f_k == 0 across the whole host-z window (empty/ZoA pixel) — host-z kernel falls back to the w_pop-only form for those hosts (further occurrences in this worker are suppressed).
Event -1: 171 host(s) have f_k == 0 across the whole host-z window (empty/ZoA pixel) — host-z kernel falls back to the w_pop-only form for those hosts (further occurrences in this worker are suppressed).
COUNTERFACTUAL: catalogue_numerator_survival="off" under absolute_marginal — the pre-adoption WITHOUT-BH catalogue numerator (no per-candidate survival factor). Not a production posterior.
Injection pool spans 2 code revisions (a9f29e82, f6449051) — legitimate for straggler resubmits after a non-physics fix, but verify none of them changed SNR semantics.
COUNTERFACTUAL: catalogue_numerator_survival="off" under absolute_marginal — the pre-adoption WITHOUT-BH catalogue numerator (no per-candidate survival factor). Not a production posterior.
Injection pool spans 2 code revisions (a9f29e82, f6449051) — legitimate for straggler resubmits after a non-physics fix, but verify none of them changed SNR semantics.
COUNTERFACTUAL: catalogue_numerator_survival="off" under absolute_marginal — the pre-adoption WITHOUT-BH catalogue numerator (no per-candidate survival factor). Not a production posterior.
Injection pool spans 2 code revisions (a9f29e82, f6449051) — legitimate for straggler resubmits after a non-physics fix, but verify none of them changed SNR semantics.
COUNTERFACTUAL: catalogue_numerator_survival="off" under absolute_marginal — the pre-adoption WITHOUT-BH catalogue numerator (no per-candidate survival factor). Not a production posterior.
Injection pool spans 2 code revisions (a9f29e82, f6449051) — legitimate for straggler resubmits after a non-physics fix, but verify none of them changed SNR semantics.
Traceback (most recent call last):
  File "/home/jasper/Repositories/darksiren-emri/results/campaign51_20260728/realistic_20260729/fanout1_20260829/hier_s0_driver.py", line 1347, in <module>
    raise SystemExit(main())
                     ~~~~^^
  File "/home/jasper/Repositories/darksiren-emri/results/campaign51_20260728/realistic_20260729/fanout1_20260829/hier_s0_driver.py", line 1328, in main
    result = run_arm(
        args.arm, seeds, out_root, jobs, args.total_cpu_budget, nodes, event_cap,
        theta_sites=args.theta_sites, smear=args.smear, config=args.config,
        h_values=h_values, score_h=args.score_h,
    )
  File "/home/jasper/Repositories/darksiren-emri/results/campaign51_20260728/realistic_20260729/fanout1_20260829/hier_s0_driver.py", line 970, in run_arm
    scores = compute_scores(all_nodes)
  File "/home/jasper/Repositories/darksiren-emri/results/campaign51_20260728/realistic_20260729/fanout1_20260829/hier_s0_driver.py", line 647, in compute_scores
    bp = pd.concat(
         ~~~~~~~~~^
        [r.ln_l.assign(seed=r.seed)[["seed", "event_idx", channel]] for r in all_nodes["b_plus"]],
        ^^^^^^^^^^^^^^^^^^^^^^^^^^^^^^^^^^^^^^^^^^^^^^^^^^^^^^^^^^^^^^^^^^^^^^^^^^^^^^^^^^^^^^^^^^
        ignore_index=True,
        ^^^^^^^^^^^^^^^^^^
    ).rename(columns={channel: "b_plus"})
    ^
  File "/home/jasper/Repositories/darksiren-emri/.venv/lib/python3.13/site-packages/pandas/core/reshape/concat.py", line 407, in concat
    objs, keys, ndims = _clean_keys_and_objs(objs, keys)
                        ~~~~~~~~~~~~~~~~~~~~^^^^^^^^^^^^
  File "/home/jasper/Repositories/darksiren-emri/.venv/lib/python3.13/site-packages/pandas/core/reshape/concat.py", line 808, in _clean_keys_and_objs
    raise ValueError("No objects to concatenate")
ValueError: No objects to concatenate
=== 2026-08-29T20:46:40+02:00 END rc=1
=== 2026-08-29T20:46:40+02:00 START P0 score-only
wrote results/campaign51_20260728/realistic_20260729/fanout1_20260829/hier_s0_registered_run/s0a_score_output.json
wrote results/campaign51_20260728/realistic_20260729/fanout1_20260829/hier_s0_registered_run/s0a_score.md
{
  "arm": "S0-A",
  "seeds_requested": [
    900101,
    900102,
    900103,
    900104
  ],
  "nodes_requested": [
    "truth",
    "b_plus",
    "b_minus",
    "s_plus",
    "s_minus"
  ],
  "score_only": true,
  "n_present_by_node": {
    "truth": 0,
    "b_plus": 1,
    "b_minus": 0,
    "s_plus": 0,
    "s_minus": 0
  },
  "seeds_present_by_node": {
    "truth": [],
    "b_plus": [
      900101
    ],
    "b_minus": [],
    "s_plus": [],
    "s_minus": []
  },
  "n_missing_csv": 19,
  "note": "on-disk node set is INCOMPLETE for pooling -- scores/gate_eng/verdict require >=1 seed present for EACH of b_plus/b_minus/s_plus/s_minus; have {'b_plus': 1, 'b_minus': 0, 's_plus': 0, 's_minus': 0}. This is not an error: run the remaining (seed, node) combinations, then re-invoke --score-only.",
  "theta_sites": "2.2",
  "smear": "off",
  "config": "b0i",
  "h_values": [
    0.73
  ],
  "score_h": 0.73,
  "registration": "/home/jasper/Repositories/darksiren-emri/results/campaign51_20260728/realistic_20260729/PREREGISTRATION_HIER_HTHETA_20260826.md"
}
=== 2026-08-29T20:46:42+02:00 END rc=1
=== 2026-08-29T20:46:42+02:00 START S0-C seed900101
Injection pool spans 2 code revisions (a9f29e82, f6449051) — legitimate for straggler resubmits after a non-physics fix, but verify none of them changed SNR semantics.
Event -1: 171 host(s) have f_k == 0 across the whole host-z window (empty/ZoA pixel) — host-z kernel falls back to the w_pop-only form for those hosts (further occurrences in this worker are suppressed).
COUNTERFACTUAL: catalogue_numerator_survival="off" under absolute_marginal — the pre-adoption WITHOUT-BH catalogue numerator (no per-candidate survival factor). Not a production posterior.
Injection pool spans 2 code revisions (a9f29e82, f6449051) — legitimate for straggler resubmits after a non-physics fix, but verify none of them changed SNR semantics.
Event 1: >5% quadrature weight outside P_det grid — numerator=0.000, denominator=0.065 (repeats for this event suppressed)
Event 1: >5% quadrature weight outside P_det grid — numerator=0.000, denominator=0.062 (repeats for this event suppressed)
Event 1: >5% quadrature weight outside P_det grid — numerator=0.000, denominator=0.056 (repeats for this event suppressed)
Event 1: >5% quadrature weight outside P_det grid — numerator=0.000, denominator=0.065 (repeats for this event suppressed)
Event 1: >5% quadrature weight outside P_det grid — numerator=0.000, denominator=0.053 (repeats for this event suppressed)
Event 1: >5% quadrature weight outside P_det grid — numerator=0.000, denominator=0.057 (repeats for this event suppressed)
Event 1: >5% quadrature weight outside P_det grid — numerator=0.000, denominator=0.061 (repeats for this event suppressed)
Event 2: >5% quadrature weight outside P_det grid — numerator=0.000, denominator=0.051 (repeats for this event suppressed)
Event 2: >5% quadrature weight outside P_det grid — numerator=0.000, denominator=0.054 (repeats for this event suppressed)
Event 2: >5% quadrature weight outside P_det grid — numerator=0.000, denominator=0.051 (repeats for this event suppressed)
Event 2: >5% quadrature weight outside P_det grid — numerator=0.000, denominator=0.050 (repeats for this event suppressed)
Event 2: >5% quadrature weight outside P_det grid — numerator=0.000, denominator=0.052 (repeats for this event suppressed)
Event 2: >5% quadrature weight outside P_det grid — numerator=0.000, denominator=0.053 (repeats for this event suppressed)
Event 2: >5% quadrature weight outside P_det grid — numerator=0.000, denominator=0.052 (repeats for this event suppressed)
Event 2: >5% quadrature weight outside P_det grid — numerator=0.000, denominator=0.051 (repeats for this event suppressed)
Event 3: >5% quadrature weight outside P_det grid — numerator=0.000, denominator=0.061 (repeats for this event suppressed)
Event 3: >5% quadrature weight outside P_det grid — numerator=0.000, denominator=0.056 (repeats for this event suppressed)
Event 3: >5% quadrature weight outside P_det grid — numerator=0.000, denominator=0.050 (repeats for this event suppressed)
Event 3: >5% quadrature weight outside P_det grid — numerator=0.000, denominator=0.051 (repeats for this event suppressed)
Event 3: >5% quadrature weight outside P_det grid — numerator=0.000, denominator=0.060 (repeats for this event suppressed)
Event 3: >5% quadrature weight outside P_det grid — numerator=0.000, denominator=0.056 (repeats for this event suppressed)
Event 3: >5% quadrature weight outside P_det grid — numerator=0.000, denominator=0.058 (repeats for this event suppressed)
Event 3: >5% quadrature weight outside P_det grid — numerator=0.000, denominator=0.054 (repeats for this event suppressed)
Event 7: >5% quadrature weight outside P_det grid — numerator=0.000, denominator=0.059 (repeats for this event suppressed)
Event 7: >5% quadrature weight outside P_det grid — numerator=0.000, denominator=0.052 (repeats for this event suppressed)
Event 7: >5% quadrature weight outside P_det grid — numerator=0.000, denominator=0.053 (repeats for this event suppressed)
Event 7: >5% quadrature weight outside P_det grid — numerator=0.000, denominator=0.054 (repeats for this event suppressed)
Event 7: >5% quadrature weight outside P_det grid — numerator=0.000, denominator=0.056 (repeats for this event suppressed)
Event 7: >5% quadrature weight outside P_det grid — numerator=0.000, denominator=0.054 (repeats for this event suppressed)
Event 7: >5% quadrature weight outside P_det grid — numerator=0.000, denominator=0.055 (repeats for this event suppressed)
Event 7: >5% quadrature weight outside P_det grid — numerator=0.000, denominator=0.059 (repeats for this event suppressed)
Event 7: >5% quadrature weight outside P_det grid — numerator=0.000, denominator=0.055 (repeats for this event suppressed)
Event 12: >5% quadrature weight outside P_det grid — numerator=0.000, denominator=0.064 (repeats for this event suppressed)
Event 12: >5% quadrature weight outside P_det grid — numerator=0.000, denominator=0.057 (repeats for this event suppressed)
Event 12: >5% quadrature weight outside P_det grid — numerator=0.000, denominator=0.067 (repeats for this event suppressed)
Event 12: >5% quadrature weight outside P_det grid — numerator=0.000, denominator=0.062 (repeats for this event suppressed)
Event 12: >5% quadrature weight outside P_det grid — numerator=0.000, denominator=0.055 (repeats for this event suppressed)
Event 12: >5% quadrature weight outside P_det grid — numerator=0.000, denominator=0.054 (repeats for this event suppressed)
Event 12: >5% quadrature weight outside P_det grid — numerator=0.000, denominator=0.057 (repeats for this event suppressed)
Event 12: >5% quadrature weight outside P_det grid — numerator=0.000, denominator=0.064 (repeats for this event suppressed)
Event 12: >5% quadrature weight outside P_det grid — numerator=0.000, denominator=0.052 (repeats for this event suppressed)
Event 12: >5% quadrature weight outside P_det grid — numerator=0.000, denominator=0.062 (repeats for this event suppressed)
Event 15: >5% quadrature weight outside P_det grid — numerator=0.000, denominator=0.050 (repeats for this event suppressed)
Event 15: >5% quadrature weight outside P_det grid — numerator=0.000, denominator=0.062 (repeats for this event suppressed)
Event 15: >5% quadrature weight outside P_det grid — numerator=0.000, denominator=0.059 (repeats for this event suppressed)
Event 15: >5% quadrature weight outside P_det grid — numerator=0.000, denominator=0.051 (repeats for this event suppressed)
Event 15: >5% quadrature weight outside P_det grid — numerator=0.000, denominator=0.056 (repeats for this event suppressed)
Event 21: >5% quadrature weight outside P_det grid — numerator=0.000, denominator=0.069 (repeats for this event suppressed)
Event 21: >5% quadrature weight outside P_det grid — numerator=0.000, denominator=0.055 (repeats for this event suppressed)
Event 21: >5% quadrature weight outside P_det grid — numerator=0.000, denominator=0.053 (repeats for this event suppressed)
Event 21: >5% quadrature weight outside P_det grid — numerator=0.000, denominator=0.050 (repeats for this event suppressed)
Event 21: >5% quadrature weight outside P_det grid — numerator=0.000, denominator=0.066 (repeats for this event suppressed)
Event 22: >5% quadrature weight outside P_det grid — numerator=0.000, denominator=0.055 (repeats for this event suppressed)
Event 22: >5% quadrature weight outside P_det grid — numerator=0.000, denominator=0.057 (repeats for this event suppressed)
Event 22: >5% quadrature weight outside P_det grid — numerator=0.000, denominator=0.055 (repeats for this event suppressed)
Event 22: >5% quadrature weight outside P_det grid — numerator=0.000, denominator=0.051 (repeats for this event suppressed)
Event 22: >5% quadrature weight outside P_det grid — numerator=0.000, denominator=0.055 (repeats for this event suppressed)
Event 22: >5% quadrature weight outside P_det grid — numerator=0.000, denominator=0.058 (repeats for this event suppressed)
Event 22: >5% quadrature weight outside P_det grid — numerator=0.000, denominator=0.055 (repeats for this event suppressed)
Event 22: >5% quadrature weight outside P_det grid — numerator=0.000, denominator=0.056 (repeats for this event suppressed)
Event 22: >5% quadrature weight outside P_det grid — numerator=0.000, denominator=0.056 (repeats for this event suppressed)
Event 22: >5% quadrature weight outside P_det grid — numerator=0.000, denominator=0.055 (repeats for this event suppressed)
Event 23: >5% quadrature weight outside P_det grid — numerator=0.000, denominator=0.059 (repeats for this event suppressed)
Event 23: >5% quadrature weight outside P_det grid — numerator=0.000, denominator=0.050 (repeats for this event suppressed)
Event 23: >5% quadrature weight outside P_det grid — numerator=0.000, denominator=0.055 (repeats for this event suppressed)
Event 23: >5% quadrature weight outside P_det grid — numerator=0.000, denominator=0.062 (repeats for this event suppressed)
Event 23: >5% quadrature weight outside P_det grid — numerator=0.000, denominator=0.056 (repeats for this event suppressed)
Event 23: >5% quadrature weight outside P_det grid — numerator=0.000, denominator=0.051 (repeats for this event suppressed)
Event 23: >5% quadrature weight outside P_det grid — numerator=0.000, denominator=0.052 (repeats for this event suppressed)
Event 23: >5% quadrature weight outside P_det grid — numerator=0.000, denominator=0.075 (repeats for this event suppressed)
Event 23: >5% quadrature weight outside P_det grid — numerator=0.000, denominator=0.070 (repeats for this event suppressed)
Event 23: >5% quadrature weight outside P_det grid — numerator=0.000, denominator=0.060 (repeats for this event suppressed)
Event 29: >5% quadrature weight outside P_det grid — numerator=0.000, denominator=0.051 (repeats for this event suppressed)
Event 30: >5% quadrature weight outside P_det grid — numerator=0.000, denominator=0.052 (repeats for this event suppressed)
Event 30: >5% quadrature weight outside P_det grid — numerator=0.000, denominator=0.051 (repeats for this event suppressed)
Event 30: >5% quadrature weight outside P_det grid — numerator=0.000, denominator=0.053 (repeats for this event suppressed)
Event 30: >5% quadrature weight outside P_det grid — numerator=0.000, denominator=0.053 (repeats for this event suppressed)
Event 30: >5% quadrature weight outside P_det grid — numerator=0.000, denominator=0.053 (repeats for this event suppressed)
Event 30: >5% quadrature weight outside P_det grid — numerator=0.000, denominator=0.051 (repeats for this event suppressed)
Event 30: >5% quadrature weight outside P_det grid — numerator=0.000, denominator=0.053 (repeats for this event suppressed)
Event 30: >5% quadrature weight outside P_det grid — numerator=0.000, denominator=0.053 (repeats for this event suppressed)
Event 30: >5% quadrature weight outside P_det grid — numerator=0.000, denominator=0.051 (repeats for this event suppressed)
Event 30: >5% quadrature weight outside P_det grid — numerator=0.000, denominator=0.051 (repeats for this event suppressed)
Event 34: >5% quadrature weight outside P_det grid — numerator=0.000, denominator=0.052 (repeats for this event suppressed)
Event 37: >5% quadrature weight outside P_det grid — numerator=0.000, denominator=0.057 (repeats for this event suppressed)
Event 37: >5% quadrature weight outside P_det grid — numerator=0.000, denominator=0.052 (repeats for this event suppressed)
Event 37: >5% quadrature weight outside P_det grid — numerator=0.000, denominator=0.053 (repeats for this event suppressed)
Event 37: >5% quadrature weight outside P_det grid — numerator=0.000, denominator=0.052 (repeats for this event suppressed)
Event 37: >5% quadrature weight outside P_det grid — numerator=0.000, denominator=0.055 (repeats for this event suppressed)
Event 37: >5% quadrature weight outside P_det grid — numerator=0.000, denominator=0.057 (repeats for this event suppressed)
Event 37: >5% quadrature weight outside P_det grid — numerator=0.000, denominator=0.057 (repeats for this event suppressed)
Event 37: >5% quadrature weight outside P_det grid — numerator=0.000, denominator=0.054 (repeats for this event suppressed)
Event 37: >5% quadrature weight outside P_det grid — numerator=0.000, denominator=0.051 (repeats for this event suppressed)
Event 40: >5% quadrature weight outside P_det grid — numerator=0.000, denominator=0.051 (repeats for this event suppressed)
Event 40: >5% quadrature weight outside P_det grid — numerator=0.000, denominator=0.050 (repeats for this event suppressed)
Event 40: >5% quadrature weight outside P_det grid — numerator=0.000, denominator=0.053 (repeats for this event suppressed)
Event 40: >5% quadrature weight outside P_det grid — numerator=0.000, denominator=0.055 (repeats for this event suppressed)
Event 40: >5% quadrature weight outside P_det grid — numerator=0.000, denominator=0.051 (repeats for this event suppressed)
Event 40: >5% quadrature weight outside P_det grid — numerator=0.000, denominator=0.052 (repeats for this event suppressed)
Event 40: >5% quadrature weight outside P_det grid — numerator=0.000, denominator=0.052 (repeats for this event suppressed)
Event 40: >5% quadrature weight outside P_det grid — numerator=0.000, denominator=0.050 (repeats for this event suppressed)
Event 40: >5% quadrature weight outside P_det grid — numerator=0.000, denominator=0.054 (repeats for this event suppressed)
Event 40: >5% quadrature weight outside P_det grid — numerator=0.000, denominator=0.052 (repeats for this event suppressed)
Event 43: >5% quadrature weight outside P_det grid — numerator=0.000, denominator=0.084 (repeats for this event suppressed)
Event 43: >5% quadrature weight outside P_det grid — numerator=0.000, denominator=0.053 (repeats for this event suppressed)
Event 43: >5% quadrature weight outside P_det grid — numerator=0.000, denominator=0.082 (repeats for this event suppressed)
Event 43: >5% quadrature weight outside P_det grid — numerator=0.000, denominator=0.057 (repeats for this event suppressed)
Event 43: >5% quadrature weight outside P_det grid — numerator=0.000, denominator=0.055 (repeats for this event suppressed)
Event 43: >5% quadrature weight outside P_det grid — numerator=0.000, denominator=0.055 (repeats for this event suppressed)
Event 43: >5% quadrature weight outside P_det grid — numerator=0.000, denominator=0.075 (repeats for this event suppressed)
Event 43: >5% quadrature weight outside P_det grid — numerator=0.000, denominator=0.054 (repeats for this event suppressed)
Event 43: >5% quadrature weight outside P_det grid — numerator=0.000, denominator=0.060 (repeats for this event suppressed)
Event 43: >5% quadrature weight outside P_det grid — numerator=0.000, denominator=0.069 (repeats for this event suppressed)
Event 45: >5% quadrature weight outside P_det grid — numerator=0.000, denominator=0.054 (repeats for this event suppressed)
Event 45: >5% quadrature weight outside P_det grid — numerator=0.000, denominator=0.062 (repeats for this event suppressed)
Event 45: >5% quadrature weight outside P_det grid — numerator=0.000, denominator=0.050 (repeats for this event suppressed)
Event 45: >5% quadrature weight outside P_det grid — numerator=0.000, denominator=0.050 (repeats for this event suppressed)
Event 45: >5% quadrature weight outside P_det grid — numerator=0.000, denominator=0.065 (repeats for this event suppressed)
Event 45: >5% quadrature weight outside P_det grid — numerator=0.000, denominator=0.053 (repeats for this event suppressed)
Event 45: >5% quadrature weight outside P_det grid — numerator=0.000, denominator=0.055 (repeats for this event suppressed)
Event 45: >5% quadrature weight outside P_det grid — numerator=0.000, denominator=0.064 (repeats for this event suppressed)
Event 45: >5% quadrature weight outside P_det grid — numerator=0.000, denominator=0.059 (repeats for this event suppressed)
Event 45: >5% quadrature weight outside P_det grid — numerator=0.000, denominator=0.051 (repeats for this event suppressed)
Event 47: >5% quadrature weight outside P_det grid — numerator=0.000, denominator=0.050 (repeats for this event suppressed)
Event 47: >5% quadrature weight outside P_det grid — numerator=0.000, denominator=0.057 (repeats for this event suppressed)
Event 47: >5% quadrature weight outside P_det grid — numerator=0.000, denominator=0.065 (repeats for this event suppressed)
Event 51: >5% quadrature weight outside P_det grid — numerator=0.000, denominator=0.053 (repeats for this event suppressed)
Event 51: >5% quadrature weight outside P_det grid — numerator=0.000, denominator=0.057 (repeats for this event suppressed)
Event 55: >5% quadrature weight outside P_det grid — numerator=0.000, denominator=0.059 (repeats for this event suppressed)
Event 55: >5% quadrature weight outside P_det grid — numerator=0.000, denominator=0.058 (repeats for this event suppressed)
Event 55: >5% quadrature weight outside P_det grid — numerator=0.000, denominator=0.072 (repeats for this event suppressed)
Event 55: >5% quadrature weight outside P_det grid — numerator=0.000, denominator=0.056 (repeats for this event suppressed)
Event 55: >5% quadrature weight outside P_det grid — numerator=0.000, denominator=0.072 (repeats for this event suppressed)
Event 55: >5% quadrature weight outside P_det grid — numerator=0.000, denominator=0.071 (repeats for this event suppressed)
Event 55: >5% quadrature weight outside P_det grid — numerator=0.000, denominator=0.058 (repeats for this event suppressed)
Event 55: >5% quadrature weight outside P_det grid — numerator=0.000, denominator=0.062 (repeats for this event suppressed)
Event 55: >5% quadrature weight outside P_det grid — numerator=0.000, denominator=0.067 (repeats for this event suppressed)
Event 55: >5% quadrature weight outside P_det grid — numerator=0.000, denominator=0.056 (repeats for this event suppressed)
Event 60: >5% quadrature weight outside P_det grid — numerator=0.000, denominator=0.055 (repeats for this event suppressed)
Event 65: >5% quadrature weight outside P_det grid — numerator=0.000, denominator=0.050 (repeats for this event suppressed)
Event 65: >5% quadrature weight outside P_det grid — numerator=0.000, denominator=0.061 (repeats for this event suppressed)
Event 65: >5% quadrature weight outside P_det grid — numerator=0.000, denominator=0.057 (repeats for this event suppressed)
Event 65: >5% quadrature weight outside P_det grid — numerator=0.000, denominator=0.061 (repeats for this event suppressed)
Event 65: >5% quadrature weight outside P_det grid — numerator=0.000, denominator=0.058 (repeats for this event suppressed)
Event 65: >5% quadrature weight outside P_det grid — numerator=0.000, denominator=0.063 (repeats for this event suppressed)
Event 65: >5% quadrature weight outside P_det grid — numerator=0.000, denominator=0.050 (repeats for this event suppressed)
Event 65: >5% quadrature weight outside P_det grid — numerator=0.000, denominator=0.051 (repeats for this event suppressed)
Event 65: >5% quadrature weight outside P_det grid — numerator=0.000, denominator=0.053 (repeats for this event suppressed)
Event 65: >5% quadrature weight outside P_det grid — numerator=0.000, denominator=0.058 (repeats for this event suppressed)
Event 66: >5% quadrature weight outside P_det grid — numerator=0.000, denominator=0.053 (repeats for this event suppressed)
Event 66: >5% quadrature weight outside P_det grid — numerator=0.000, denominator=0.058 (repeats for this event suppressed)
Event 66: >5% quadrature weight outside P_det grid — numerator=0.000, denominator=0.050 (repeats for this event suppressed)
Event 66: >5% quadrature weight outside P_det grid — numerator=0.000, denominator=0.051 (repeats for this event suppressed)
Event 66: >5% quadrature weight outside P_det grid — numerator=0.000, denominator=0.064 (repeats for this event suppressed)
Event 66: >5% quadrature weight outside P_det grid — numerator=0.000, denominator=0.063 (repeats for this event suppressed)
Event 66: >5% quadrature weight outside P_det grid — numerator=0.000, denominator=0.051 (repeats for this event suppressed)
Event 66: >5% quadrature weight outside P_det grid — numerator=0.000, denominator=0.053 (repeats for this event suppressed)
Event 66: >5% quadrature weight outside P_det grid — numerator=0.000, denominator=0.057 (repeats for this event suppressed)
Event 66: >5% quadrature weight outside P_det grid — numerator=0.000, denominator=0.053 (repeats for this event suppressed)
Event 72: >5% quadrature weight outside P_det grid — numerator=0.000, denominator=0.061 (repeats for this event suppressed)
Event 72: >5% quadrature weight outside P_det grid — numerator=0.000, denominator=0.066 (repeats for this event suppressed)
Event 72: >5% quadrature weight outside P_det grid — numerator=0.000, denominator=0.055 (repeats for this event suppressed)
Event 72: >5% quadrature weight outside P_det grid — numerator=0.000, denominator=0.059 (repeats for this event suppressed)
Event 72: >5% quadrature weight outside P_det grid — numerator=0.000, denominator=0.058 (repeats for this event suppressed)
Event 72: >5% quadrature weight outside P_det grid — numerator=0.000, denominator=0.052 (repeats for this event suppressed)
Event 72: >5% quadrature weight outside P_det grid — numerator=0.000, denominator=0.067 (repeats for this event suppressed)
Event 72: >5% quadrature weight outside P_det grid — numerator=0.000, denominator=0.054 (repeats for this event suppressed)
Event 72: >5% quadrature weight outside P_det grid — numerator=0.000, denominator=0.061 (repeats for this event suppressed)
Event 72: >5% quadrature weight outside P_det grid — numerator=0.000, denominator=0.050 (repeats for this event suppressed)
Event 74: >5% quadrature weight outside P_det grid — numerator=0.000, denominator=0.058 (repeats for this event suppressed)
Event 74: >5% quadrature weight outside P_det grid — numerator=0.000, denominator=0.058 (repeats for this event suppressed)
Event 74: >5% quadrature weight outside P_det grid — numerator=0.000, denominator=0.054 (repeats for this event suppressed)
Event 74: >5% quadrature weight outside P_det grid — numerator=0.000, denominator=0.063 (repeats for this event suppressed)
Event 74: >5% quadrature weight outside P_det grid — numerator=0.000, denominator=0.054 (repeats for this event suppressed)
Event 74: >5% quadrature weight outside P_det grid — numerator=0.000, denominator=0.059 (repeats for this event suppressed)
Event 74: >5% quadrature weight outside P_det grid — numerator=0.000, denominator=0.065 (repeats for this event suppressed)
Event 74: >5% quadrature weight outside P_det grid — numerator=0.000, denominator=0.064 (repeats for this event suppressed)
Event 76: >5% quadrature weight outside P_det grid — numerator=0.000, denominator=0.051 (repeats for this event suppressed)
Event 76: >5% quadrature weight outside P_det grid — numerator=0.000, denominator=0.058 (repeats for this event suppressed)
Event 76: >5% quadrature weight outside P_det grid — numerator=0.000, denominator=0.054 (repeats for this event suppressed)
Event 76: >5% quadrature weight outside P_det grid — numerator=0.000, denominator=0.052 (repeats for this event suppressed)
Event 76: >5% quadrature weight outside P_det grid — numerator=0.000, denominator=0.051 (repeats for this event suppressed)
Event 76: >5% quadrature weight outside P_det grid — numerator=0.000, denominator=0.052 (repeats for this event suppressed)
Event 76: >5% quadrature weight outside P_det grid — numerator=0.000, denominator=0.063 (repeats for this event suppressed)
Event 76: >5% quadrature weight outside P_det grid — numerator=0.000, denominator=0.054 (repeats for this event suppressed)
Event 76: >5% quadrature weight outside P_det grid — numerator=0.000, denominator=0.061 (repeats for this event suppressed)
Event 76: >5% quadrature weight outside P_det grid — numerator=0.000, denominator=0.065 (repeats for this event suppressed)
Event 78: >5% quadrature weight outside P_det grid — numerator=0.000, denominator=0.071 (repeats for this event suppressed)
Event 78: >5% quadrature weight outside P_det grid — numerator=0.000, denominator=0.070 (repeats for this event suppressed)
Event 78: >5% quadrature weight outside P_det grid — numerator=0.000, denominator=0.055 (repeats for this event suppressed)
Event 78: >5% quadrature weight outside P_det grid — numerator=0.000, denominator=0.050 (repeats for this event suppressed)
Event 78: >5% quadrature weight outside P_det grid — numerator=0.000, denominator=0.056 (repeats for this event suppressed)
Event 78: >5% quadrature weight outside P_det grid — numerator=0.000, denominator=0.067 (repeats for this event suppressed)
Event 78: >5% quadrature weight outside P_det grid — numerator=0.000, denominator=0.052 (repeats for this event suppressed)
Event 78: >5% quadrature weight outside P_det grid — numerator=0.000, denominator=0.054 (repeats for this event suppressed)
Event 78: >5% quadrature weight outside P_det grid — numerator=0.000, denominator=0.062 (repeats for this event suppressed)
Event 78: >5% quadrature weight outside P_det grid — numerator=0.000, denominator=0.076 (repeats for this event suppressed)
Event 84: >5% quadrature weight outside P_det grid — numerator=0.000, denominator=0.062 (repeats for this event suppressed)
Event 86: >5% quadrature weight outside P_det grid — numerator=0.000, denominator=0.058 (repeats for this event suppressed)
Event 86: >5% quadrature weight outside P_det grid — numerator=0.000, denominator=0.050 (repeats for this event suppressed)
Event 86: >5% quadrature weight outside P_det grid — numerator=0.000, denominator=0.070 (repeats for this event suppressed)
Event 86: >5% quadrature weight outside P_det grid — numerator=0.000, denominator=0.069 (repeats for this event suppressed)
Event 86: >5% quadrature weight outside P_det grid — numerator=0.000, denominator=0.066 (repeats for this event suppressed)
Event 86: >5% quadrature weight outside P_det grid — numerator=0.000, denominator=0.066 (repeats for this event suppressed)
Event 86: >5% quadrature weight outside P_det grid — numerator=0.000, denominator=0.053 (repeats for this event suppressed)
Event 86: >5% quadrature weight outside P_det grid — numerator=0.000, denominator=0.071 (repeats for this event suppressed)
Event 86: >5% quadrature weight outside P_det grid — numerator=0.000, denominator=0.059 (repeats for this event suppressed)
Event 86: >5% quadrature weight outside P_det grid — numerator=0.000, denominator=0.057 (repeats for this event suppressed)
Event 87: >5% quadrature weight outside P_det grid — numerator=0.000, denominator=0.067 (repeats for this event suppressed)
Event 87: >5% quadrature weight outside P_det grid — numerator=0.000, denominator=0.070 (repeats for this event suppressed)
Event 87: >5% quadrature weight outside P_det grid — numerator=0.000, denominator=0.058 (repeats for this event suppressed)
Event 87: >5% quadrature weight outside P_det grid — numerator=0.000, denominator=0.074 (repeats for this event suppressed)
Event 87: >5% quadrature weight outside P_det grid — numerator=0.000, denominator=0.050 (repeats for this event suppressed)
Event 87: >5% quadrature weight outside P_det grid — numerator=0.000, denominator=0.050 (repeats for this event suppressed)
Event 87: >5% quadrature weight outside P_det grid — numerator=0.000, denominator=0.122 (repeats for this event suppressed)
Event 87: >5% quadrature weight outside P_det grid — numerator=0.000, denominator=0.052 (repeats for this event suppressed)
Event 87: >5% quadrature weight outside P_det grid — numerator=0.000, denominator=0.075 (repeats for this event suppressed)
Event 87: >5% quadrature weight outside P_det grid — numerator=0.000, denominator=0.069 (repeats for this event suppressed)
Event 89: >5% quadrature weight outside P_det grid — numerator=0.000, denominator=0.050 (repeats for this event suppressed)
Event 89: >5% quadrature weight outside P_det grid — numerator=0.000, denominator=0.051 (repeats for this event suppressed)
Event 90: >5% quadrature weight outside P_det grid — numerator=0.000, denominator=0.051 (repeats for this event suppressed)
Event 90: >5% quadrature weight outside P_det grid — numerator=0.000, denominator=0.068 (repeats for this event suppressed)
Event 90: >5% quadrature weight outside P_det grid — numerator=0.000, denominator=0.059 (repeats for this event suppressed)
Event 90: >5% quadrature weight outside P_det grid — numerator=0.000, denominator=0.063 (repeats for this event suppressed)
Event 90: >5% quadrature weight outside P_det grid — numerator=0.000, denominator=0.051 (repeats for this event suppressed)
Event 90: >5% quadrature weight outside P_det grid — numerator=0.000, denominator=0.056 (repeats for this event suppressed)
Event 90: >5% quadrature weight outside P_det grid — numerator=0.000, denominator=0.057 (repeats for this event suppressed)
Event 90: >5% quadrature weight outside P_det grid — numerator=0.000, denominator=0.051 (repeats for this event suppressed)
Event 90: >5% quadrature weight outside P_det grid — numerator=0.000, denominator=0.056 (repeats for this event suppressed)
Event 93: >5% quadrature weight outside P_det grid — numerator=0.000, denominator=0.052 (repeats for this event suppressed)
Event 93: >5% quadrature weight outside P_det grid — numerator=0.000, denominator=0.071 (repeats for this event suppressed)
Event 93: >5% quadrature weight outside P_det grid — numerator=0.000, denominator=0.053 (repeats for this event suppressed)
Event 93: >5% quadrature weight outside P_det grid — numerator=0.000, denominator=0.051 (repeats for this event suppressed)
Event 93: >5% quadrature weight outside P_det grid — numerator=0.000, denominator=0.051 (repeats for this event suppressed)
Event 93: >5% quadrature weight outside P_det grid — numerator=0.000, denominator=0.052 (repeats for this event suppressed)
Event 93: >5% quadrature weight outside P_det grid — numerator=0.000, denominator=0.069 (repeats for this event suppressed)
Event 93: >5% quadrature weight outside P_det grid — numerator=0.000, denominator=0.061 (repeats for this event suppressed)
Event 93: >5% quadrature weight outside P_det grid — numerator=0.000, denominator=0.055 (repeats for this event suppressed)
Event 112: >5% quadrature weight outside P_det grid — numerator=0.000, denominator=0.052 (repeats for this event suppressed)
Event 112: >5% quadrature weight outside P_det grid — numerator=0.000, denominator=0.050 (repeats for this event suppressed)
Event 112: >5% quadrature weight outside P_det grid — numerator=0.000, denominator=0.053 (repeats for this event suppressed)
Event 112: >5% quadrature weight outside P_det grid — numerator=0.000, denominator=0.052 (repeats for this event suppressed)
Event 112: >5% quadrature weight outside P_det grid — numerator=0.000, denominator=0.052 (repeats for this event suppressed)
Event 112: >5% quadrature weight outside P_det grid — numerator=0.000, denominator=0.052 (repeats for this event suppressed)
Event 112: >5% quadrature weight outside P_det grid — numerator=0.000, denominator=0.050 (repeats for this event suppressed)
Event 112: >5% quadrature weight outside P_det grid — numerator=0.000, denominator=0.053 (repeats for this event suppressed)
Event 113: >5% quadrature weight outside P_det grid — numerator=0.000, denominator=0.051 (repeats for this event suppressed)
Event 117: >5% quadrature weight outside P_det grid — numerator=0.000, denominator=0.053 (repeats for this event suppressed)
Event 117: >5% quadrature weight outside P_det grid — numerator=0.000, denominator=0.053 (repeats for this event suppressed)
Event 117: >5% quadrature weight outside P_det grid — numerator=0.000, denominator=0.059 (repeats for this event suppressed)
Event 120: >5% quadrature weight outside P_det grid — numerator=0.000, denominator=0.050 (repeats for this event suppressed)
Event 120: >5% quadrature weight outside P_det grid — numerator=0.000, denominator=0.050 (repeats for this event suppressed)
Event 120: >5% quadrature weight outside P_det grid — numerator=0.000, denominator=0.064 (repeats for this event suppressed)
Event 120: >5% quadrature weight outside P_det grid — numerator=0.000, denominator=0.062 (repeats for this event suppressed)
Event 120: >5% quadrature weight outside P_det grid — numerator=0.000, denominator=0.061 (repeats for this event suppressed)
Event 120: >5% quadrature weight outside P_det grid — numerator=0.000, denominator=0.057 (repeats for this event suppressed)
Event 120: >5% quadrature weight outside P_det grid — numerator=0.000, denominator=0.067 (repeats for this event suppressed)
Event 120: >5% quadrature weight outside P_det grid — numerator=0.000, denominator=0.053 (repeats for this event suppressed)
Event 120: >5% quadrature weight outside P_det grid — numerator=0.000, denominator=0.054 (repeats for this event suppressed)
Event 120: >5% quadrature weight outside P_det grid — numerator=0.000, denominator=0.067 (repeats for this event suppressed)
Event 123: >5% quadrature weight outside P_det grid — numerator=0.000, denominator=0.052 (repeats for this event suppressed)
Event 128: >5% quadrature weight outside P_det grid — numerator=0.000, denominator=0.063 (repeats for this event suppressed)
Event 128: >5% quadrature weight outside P_det grid — numerator=0.000, denominator=0.056 (repeats for this event suppressed)
Event 128: >5% quadrature weight outside P_det grid — numerator=0.000, denominator=0.067 (repeats for this event suppressed)
Event 128: >5% quadrature weight outside P_det grid — numerator=0.000, denominator=0.070 (repeats for this event suppressed)
Event 128: >5% quadrature weight outside P_det grid — numerator=0.000, denominator=0.060 (repeats for this event suppressed)
Event 128: >5% quadrature weight outside P_det grid — numerator=0.000, denominator=0.060 (repeats for this event suppressed)
Event 128: >5% quadrature weight outside P_det grid — numerator=0.000, denominator=0.053 (repeats for this event suppressed)
Event 128: >5% quadrature weight outside P_det grid — numerator=0.000, denominator=0.065 (repeats for this event suppressed)
Event 128: >5% quadrature weight outside P_det grid — numerator=0.000, denominator=0.073 (repeats for this event suppressed)
Event 128: >5% quadrature weight outside P_det grid — numerator=0.000, denominator=0.062 (repeats for this event suppressed)
Event 130: >5% quadrature weight outside P_det grid — numerator=0.000, denominator=0.056 (repeats for this event suppressed)
Event 130: >5% quadrature weight outside P_det grid — numerator=0.000, denominator=0.056 (repeats for this event suppressed)
Event 130: >5% quadrature weight outside P_det grid — numerator=0.000, denominator=0.053 (repeats for this event suppressed)
Event 130: >5% quadrature weight outside P_det grid — numerator=0.000, denominator=0.063 (repeats for this event suppressed)
Event 130: >5% quadrature weight outside P_det grid — numerator=0.000, denominator=0.053 (repeats for this event suppressed)
Event 130: >5% quadrature weight outside P_det grid — numerator=0.000, denominator=0.056 (repeats for this event suppressed)
Event 132: >5% quadrature weight outside P_det grid — numerator=0.000, denominator=0.059 (repeats for this event suppressed)
Event 132: >5% quadrature weight outside P_det grid — numerator=0.000, denominator=0.052 (repeats for this event suppressed)
Event 132: >5% quadrature weight outside P_det grid — numerator=0.000, denominator=0.057 (repeats for this event suppressed)
Event 132: >5% quadrature weight outside P_det grid — numerator=0.000, denominator=0.052 (repeats for this event suppressed)
Event 132: >5% quadrature weight outside P_det grid — numerator=0.000, denominator=0.055 (repeats for this event suppressed)
Event 132: >5% quadrature weight outside P_det grid — numerator=0.000, denominator=0.055 (repeats for this event suppressed)
Event 132: >5% quadrature weight outside P_det grid — numerator=0.000, denominator=0.056 (repeats for this event suppressed)
Event 132: >5% quadrature weight outside P_det grid — numerator=0.000, denominator=0.050 (repeats for this event suppressed)
Event 132: >5% quadrature weight outside P_det grid — numerator=0.000, denominator=0.053 (repeats for this event suppressed)
Event 135: >5% quadrature weight outside P_det grid — numerator=0.000, denominator=0.060 (repeats for this event suppressed)
Event 135: >5% quadrature weight outside P_det grid — numerator=0.000, denominator=0.059 (repeats for this event suppressed)
Event 135: >5% quadrature weight outside P_det grid — numerator=0.000, denominator=0.056 (repeats for this event suppressed)
Event 135: >5% quadrature weight outside P_det grid — numerator=0.000, denominator=0.061 (repeats for this event suppressed)
Event 135: >5% quadrature weight outside P_det grid — numerator=0.000, denominator=0.050 (repeats for this event suppressed)
Event 135: >5% quadrature weight outside P_det grid — numerator=0.000, denominator=0.064 (repeats for this event suppressed)
Event 135: >5% quadrature weight outside P_det grid — numerator=0.000, denominator=0.058 (repeats for this event suppressed)
Event 135: >5% quadrature weight outside P_det grid — numerator=0.000, denominator=0.064 (repeats for this event suppressed)
Event 135: >5% quadrature weight outside P_det grid — numerator=0.000, denominator=0.055 (repeats for this event suppressed)
Event 135: >5% quadrature weight outside P_det grid — numerator=0.000, denominator=0.063 (repeats for this event suppressed)
Event 136: >5% quadrature weight outside P_det grid — numerator=0.000, denominator=0.050 (repeats for this event suppressed)
Event 136: >5% quadrature weight outside P_det grid — numerator=0.000, denominator=0.057 (repeats for this event suppressed)
Event 136: >5% quadrature weight outside P_det grid — numerator=0.000, denominator=0.058 (repeats for this event suppressed)
Event 136: >5% quadrature weight outside P_det grid — numerator=0.000, denominator=0.055 (repeats for this event suppressed)
Event 136: >5% quadrature weight outside P_det grid — numerator=0.000, denominator=0.053 (repeats for this event suppressed)
Event 136: >5% quadrature weight outside P_det grid — numerator=0.000, denominator=0.054 (repeats for this event suppressed)
Event 136: >5% quadrature weight outside P_det grid — numerator=0.000, denominator=0.055 (repeats for this event suppressed)
Event 136: >5% quadrature weight outside P_det grid — numerator=0.000, denominator=0.058 (repeats for this event suppressed)
Event 137: >5% quadrature weight outside P_det grid — numerator=0.000, denominator=0.057 (repeats for this event suppressed)
Event 137: >5% quadrature weight outside P_det grid — numerator=0.000, denominator=0.065 (repeats for this event suppressed)
Event 137: >5% quadrature weight outside P_det grid — numerator=0.000, denominator=0.055 (repeats for this event suppressed)
Event 137: >5% quadrature weight outside P_det grid — numerator=0.000, denominator=0.064 (repeats for this event suppressed)
Event 137: >5% quadrature weight outside P_det grid — numerator=0.000, denominator=0.053 (repeats for this event suppressed)
Event 137: >5% quadrature weight outside P_det grid — numerator=0.000, denominator=0.068 (repeats for this event suppressed)
Event 137: >5% quadrature weight outside P_det grid — numerator=0.000, denominator=0.053 (repeats for this event suppressed)
Event 137: >5% quadrature weight outside P_det grid — numerator=0.000, denominator=0.055 (repeats for this event suppressed)
Event 137: >5% quadrature weight outside P_det grid — numerator=0.000, denominator=0.052 (repeats for this event suppressed)
Event 138: >5% quadrature weight outside P_det grid — numerator=0.000, denominator=0.053 (repeats for this event suppressed)
Event 138: >5% quadrature weight outside P_det grid — numerator=0.000, denominator=0.054 (repeats for this event suppressed)
Event 138: >5% quadrature weight outside P_det grid — numerator=0.000, denominator=0.050 (repeats for this event suppressed)
Event 138: >5% quadrature weight outside P_det grid — numerator=0.000, denominator=0.053 (repeats for this event suppressed)
Event 138: >5% quadrature weight outside P_det grid — numerator=0.000, denominator=0.052 (repeats for this event suppressed)
Event 138: >5% quadrature weight outside P_det grid — numerator=0.000, denominator=0.051 (repeats for this event suppressed)
Event 138: >5% quadrature weight outside P_det grid — numerator=0.000, denominator=0.052 (repeats for this event suppressed)
Event 138: >5% quadrature weight outside P_det grid — numerator=0.000, denominator=0.052 (repeats for this event suppressed)
Event 140: >5% quadrature weight outside P_det grid — numerator=0.000, denominator=0.052 (repeats for this event suppressed)
Event 140: >5% quadrature weight outside P_det grid — numerator=0.000, denominator=0.053 (repeats for this event suppressed)
Event 140: >5% quadrature weight outside P_det grid — numerator=0.000, denominator=0.051 (repeats for this event suppressed)
Event 140: >5% quadrature weight outside P_det grid — numerator=0.000, denominator=0.050 (repeats for this event suppressed)
Event 140: >5% quadrature weight outside P_det grid — numerator=0.000, denominator=0.050 (repeats for this event suppressed)
Event 140: >5% quadrature weight outside P_det grid — numerator=0.000, denominator=0.051 (repeats for this event suppressed)
Event 140: >5% quadrature weight outside P_det grid — numerator=0.000, denominator=0.051 (repeats for this event suppressed)
Event 140: >5% quadrature weight outside P_det grid — numerator=0.000, denominator=0.053 (repeats for this event suppressed)
Event 142: >5% quadrature weight outside P_det grid — numerator=0.000, denominator=0.051 (repeats for this event suppressed)
Event 142: >5% quadrature weight outside P_det grid — numerator=0.000, denominator=0.051 (repeats for this event suppressed)
Event 142: >5% quadrature weight outside P_det grid — numerator=0.000, denominator=0.051 (repeats for this event suppressed)
Event 143: >5% quadrature weight outside P_det grid — numerator=0.000, denominator=0.052 (repeats for this event suppressed)
Event 143: >5% quadrature weight outside P_det grid — numerator=0.000, denominator=0.056 (repeats for this event suppressed)
Event 143: >5% quadrature weight outside P_det grid — numerator=0.000, denominator=0.062 (repeats for this event suppressed)
Event 143: >5% quadrature weight outside P_det grid — numerator=0.000, denominator=0.066 (repeats for this event suppressed)
Event 143: >5% quadrature weight outside P_det grid — numerator=0.000, denominator=0.058 (repeats for this event suppressed)
Event 143: >5% quadrature weight outside P_det grid — numerator=0.000, denominator=0.060 (repeats for this event suppressed)
Event 143: >5% quadrature weight outside P_det grid — numerator=0.000, denominator=0.055 (repeats for this event suppressed)
Event 143: >5% quadrature weight outside P_det grid — numerator=0.000, denominator=0.065 (repeats for this event suppressed)
Event 143: >5% quadrature weight outside P_det grid — numerator=0.000, denominator=0.058 (repeats for this event suppressed)
Event 144: >5% quadrature weight outside P_det grid — numerator=0.000, denominator=0.052 (repeats for this event suppressed)
Event 144: >5% quadrature weight outside P_det grid — numerator=0.000, denominator=0.053 (repeats for this event suppressed)
Event 144: >5% quadrature weight outside P_det grid — numerator=0.000, denominator=0.050 (repeats for this event suppressed)
Event 144: >5% quadrature weight outside P_det grid — numerator=0.000, denominator=0.051 (repeats for this event suppressed)
Event 144: >5% quadrature weight outside P_det grid — numerator=0.000, denominator=0.053 (repeats for this event suppressed)
Event 144: >5% quadrature weight outside P_det grid — numerator=0.000, denominator=0.050 (repeats for this event suppressed)
Event 144: >5% quadrature weight outside P_det grid — numerator=0.000, denominator=0.054 (repeats for this event suppressed)
Event 144: >5% quadrature weight outside P_det grid — numerator=0.000, denominator=0.051 (repeats for this event suppressed)
Event 144: >5% quadrature weight outside P_det grid — numerator=0.000, denominator=0.054 (repeats for this event suppressed)
Event 145: >5% quadrature weight outside P_det grid — numerator=0.000, denominator=0.054 (repeats for this event suppressed)
Event 145: >5% quadrature weight outside P_det grid — numerator=0.000, denominator=0.059 (repeats for this event suppressed)
Event 145: >5% quadrature weight outside P_det grid — numerator=0.000, denominator=0.059 (repeats for this event suppressed)
Event 145: >5% quadrature weight outside P_det grid — numerator=0.000, denominator=0.055 (repeats for this event suppressed)
Event 145: >5% quadrature weight outside P_det grid — numerator=0.000, denominator=0.061 (repeats for this event suppressed)
Event 145: >5% quadrature weight outside P_det grid — numerator=0.000, denominator=0.064 (repeats for this event suppressed)
Event 145: >5% quadrature weight outside P_det grid — numerator=0.000, denominator=0.064 (repeats for this event suppressed)
Event 145: >5% quadrature weight outside P_det grid — numerator=0.000, denominator=0.052 (repeats for this event suppressed)
Event 145: >5% quadrature weight outside P_det grid — numerator=0.000, denominator=0.051 (repeats for this event suppressed)
Event 145: >5% quadrature weight outside P_det grid — numerator=0.000, denominator=0.052 (repeats for this event suppressed)
Event 155: >5% quadrature weight outside P_det grid — numerator=0.000, denominator=0.066 (repeats for this event suppressed)
Event 155: >5% quadrature weight outside P_det grid — numerator=0.000, denominator=0.055 (repeats for this event suppressed)
Event 155: >5% quadrature weight outside P_det grid — numerator=0.000, denominator=0.051 (repeats for this event suppressed)
Event 155: >5% quadrature weight outside P_det grid — numerator=0.000, denominator=0.061 (repeats for this event suppressed)
Event 155: >5% quadrature weight outside P_det grid — numerator=0.000, denominator=0.056 (repeats for this event suppressed)
Event 155: >5% quadrature weight outside P_det grid — numerator=0.000, denominator=0.067 (repeats for this event suppressed)
Event 155: >5% quadrature weight outside P_det grid — numerator=0.000, denominator=0.055 (repeats for this event suppressed)
Event 155: >5% quadrature weight outside P_det grid — numerator=0.000, denominator=0.052 (repeats for this event suppressed)
Event 157: >5% quadrature weight outside P_det grid — numerator=0.000, denominator=0.053 (repeats for this event suppressed)
Event 157: >5% quadrature weight outside P_det grid — numerator=0.000, denominator=0.050 (repeats for this event suppressed)
Event 157: >5% quadrature weight outside P_det grid — numerator=0.000, denominator=0.050 (repeats for this event suppressed)
Event 157: >5% quadrature weight outside P_det grid — numerator=0.000, denominator=0.050 (repeats for this event suppressed)
Event 163: >5% quadrature weight outside P_det grid — numerator=0.000, denominator=0.059 (repeats for this event suppressed)
Event 163: >5% quadrature weight outside P_det grid — numerator=0.000, denominator=0.051 (repeats for this event suppressed)
Event 163: >5% quadrature weight outside P_det grid — numerator=0.000, denominator=0.060 (repeats for this event suppressed)
Event 163: >5% quadrature weight outside P_det grid — numerator=0.000, denominator=0.054 (repeats for this event suppressed)
Event 163: >5% quadrature weight outside P_det grid — numerator=0.000, denominator=0.051 (repeats for this event suppressed)
Event 163: >5% quadrature weight outside P_det grid — numerator=0.000, denominator=0.052 (repeats for this event suppressed)
Event 163: >5% quadrature weight outside P_det grid — numerator=0.000, denominator=0.052 (repeats for this event suppressed)
Event 163: >5% quadrature weight outside P_det grid — numerator=0.000, denominator=0.050 (repeats for this event suppressed)
Event 163: >5% quadrature weight outside P_det grid — numerator=0.000, denominator=0.051 (repeats for this event suppressed)
Event 163: >5% quadrature weight outside P_det grid — numerator=0.000, denominator=0.060 (repeats for this event suppressed)
Event 165: >5% quadrature weight outside P_det grid — numerator=0.000, denominator=0.071 (repeats for this event suppressed)
Event 165: >5% quadrature weight outside P_det grid — numerator=0.000, denominator=0.050 (repeats for this event suppressed)
Event 165: >5% quadrature weight outside P_det grid — numerator=0.000, denominator=0.056 (repeats for this event suppressed)
Event 165: >5% quadrature weight outside P_det grid — numerator=0.000, denominator=0.058 (repeats for this event suppressed)
Event 165: >5% quadrature weight outside P_det grid — numerator=0.000, denominator=0.066 (repeats for this event suppressed)
Event 165: >5% quadrature weight outside P_det grid — numerator=0.000, denominator=0.055 (repeats for this event suppressed)
Event 165: >5% quadrature weight outside P_det grid — numerator=0.000, denominator=0.057 (repeats for this event suppressed)
Event 165: >5% quadrature weight outside P_det grid — numerator=0.000, denominator=0.054 (repeats for this event suppressed)
Event 165: >5% quadrature weight outside P_det grid — numerator=0.000, denominator=0.065 (repeats for this event suppressed)
Event 165: >5% quadrature weight outside P_det grid — numerator=0.000, denominator=0.073 (repeats for this event suppressed)
Event 166: >5% quadrature weight outside P_det grid — numerator=0.000, denominator=0.054 (repeats for this event suppressed)
Event 166: >5% quadrature weight outside P_det grid — numerator=0.000, denominator=0.051 (repeats for this event suppressed)
Event 166: >5% quadrature weight outside P_det grid — numerator=0.000, denominator=0.069 (repeats for this event suppressed)
Event 166: >5% quadrature weight outside P_det grid — numerator=0.000, denominator=0.057 (repeats for this event suppressed)
Event 166: >5% quadrature weight outside P_det grid — numerator=0.000, denominator=0.056 (repeats for this event suppressed)
Event 166: >5% quadrature weight outside P_det grid — numerator=0.000, denominator=0.059 (repeats for this event suppressed)
Event 166: >5% quadrature weight outside P_det grid — numerator=0.000, denominator=0.051 (repeats for this event suppressed)
Event 166: >5% quadrature weight outside P_det grid — numerator=0.000, denominator=0.057 (repeats for this event suppressed)
Event 166: >5% quadrature weight outside P_det grid — numerator=0.000, denominator=0.052 (repeats for this event suppressed)
Event 166: >5% quadrature weight outside P_det grid — numerator=0.000, denominator=0.055 (repeats for this event suppressed)
Event 168: >5% quadrature weight outside P_det grid — numerator=0.000, denominator=0.054 (repeats for this event suppressed)
Event 168: >5% quadrature weight outside P_det grid — numerator=0.000, denominator=0.055 (repeats for this event suppressed)
Event 168: >5% quadrature weight outside P_det grid — numerator=0.000, denominator=0.058 (repeats for this event suppressed)
Event 168: >5% quadrature weight outside P_det grid — numerator=0.000, denominator=0.050 (repeats for this event suppressed)
Event 168: >5% quadrature weight outside P_det grid — numerator=0.000, denominator=0.057 (repeats for this event suppressed)
Event 168: >5% quadrature weight outside P_det grid — numerator=0.000, denominator=0.062 (repeats for this event suppressed)
Event 168: >5% quadrature weight outside P_det grid — numerator=0.000, denominator=0.059 (repeats for this event suppressed)
Event 168: >5% quadrature weight outside P_det grid — numerator=0.000, denominator=0.052 (repeats for this event suppressed)
Event 168: >5% quadrature weight outside P_det grid — numerator=0.000, denominator=0.061 (repeats for this event suppressed)
Event 168: >5% quadrature weight outside P_det grid — numerator=0.000, denominator=0.056 (repeats for this event suppressed)
Event 172: >5% quadrature weight outside P_det grid — numerator=0.000, denominator=0.064 (repeats for this event suppressed)
Event 172: >5% quadrature weight outside P_det grid — numerator=0.000, denominator=0.063 (repeats for this event suppressed)
Event 172: >5% quadrature weight outside P_det grid — numerator=0.000, denominator=0.054 (repeats for this event suppressed)
Event 172: >5% quadrature weight outside P_det grid — numerator=0.000, denominator=0.059 (repeats for this event suppressed)
Event 172: >5% quadrature weight outside P_det grid — numerator=0.000, denominator=0.059 (repeats for this event suppressed)
Event 172: >5% quadrature weight outside P_det grid — numerator=0.000, denominator=0.054 (repeats for this event suppressed)
Event 172: >5% quadrature weight outside P_det grid — numerator=0.000, denominator=0.058 (repeats for this event suppressed)
Event 172: >5% quadrature weight outside P_det grid — numerator=0.000, denominator=0.059 (repeats for this event suppressed)
Event 172: >5% quadrature weight outside P_det grid — numerator=0.000, denominator=0.054 (repeats for this event suppressed)
Event 172: >5% quadrature weight outside P_det grid — numerator=0.000, denominator=0.054 (repeats for this event suppressed)
Event 173: >5% quadrature weight outside P_det grid — numerator=0.000, denominator=0.061 (repeats for this event suppressed)
Event 173: >5% quadrature weight outside P_det grid — numerator=0.000, denominator=0.052 (repeats for this event suppressed)
Event 173: >5% quadrature weight outside P_det grid — numerator=0.000, denominator=0.069 (repeats for this event suppressed)
Event 173: >5% quadrature weight outside P_det grid — numerator=0.000, denominator=0.072 (repeats for this event suppressed)
Event 173: >5% quadrature weight outside P_det grid — numerator=0.000, denominator=0.052 (repeats for this event suppressed)
Event 173: >5% quadrature weight outside P_det grid — numerator=0.000, denominator=0.054 (repeats for this event suppressed)
Event 173: >5% quadrature weight outside P_det grid — numerator=0.000, denominator=0.069 (repeats for this event suppressed)
Event 173: >5% quadrature weight outside P_det grid — numerator=0.000, denominator=0.070 (repeats for this event suppressed)
Event 173: >5% quadrature weight outside P_det grid — numerator=0.000, denominator=0.059 (repeats for this event suppressed)
Event 173: >5% quadrature weight outside P_det grid — numerator=0.000, denominator=0.055 (repeats for this event suppressed)
Event 175: >5% quadrature weight outside P_det grid — numerator=0.000, denominator=0.055 (repeats for this event suppressed)
Event 175: >5% quadrature weight outside P_det grid — numerator=0.000, denominator=0.051 (repeats for this event suppressed)
Event 175: >5% quadrature weight outside P_det grid — numerator=0.000, denominator=0.051 (repeats for this event suppressed)
Event 175: >5% quadrature weight outside P_det grid — numerator=0.000, denominator=0.052 (repeats for this event suppressed)
Event 175: >5% quadrature weight outside P_det grid — numerator=0.000, denominator=0.051 (repeats for this event suppressed)
Event 177: >5% quadrature weight outside P_det grid — numerator=0.000, denominator=0.050 (repeats for this event suppressed)
Event 177: >5% quadrature weight outside P_det grid — numerator=0.000, denominator=0.051 (repeats for this event suppressed)
Event 177: >5% quadrature weight outside P_det grid — numerator=0.000, denominator=0.056 (repeats for this event suppressed)
Event 177: >5% quadrature weight outside P_det grid — numerator=0.000, denominator=0.050 (repeats for this event suppressed)
Event 177: >5% quadrature weight outside P_det grid — numerator=0.000, denominator=0.050 (repeats for this event suppressed)
Event 177: >5% quadrature weight outside P_det grid — numerator=0.000, denominator=0.051 (repeats for this event suppressed)
Event 177: >5% quadrature weight outside P_det grid — numerator=0.000, denominator=0.051 (repeats for this event suppressed)
Event 177: >5% quadrature weight outside P_det grid — numerator=0.000, denominator=0.050 (repeats for this event suppressed)
Event 177: >5% quadrature weight outside P_det grid — numerator=0.000, denominator=0.050 (repeats for this event suppressed)
Event 177: >5% quadrature weight outside P_det grid — numerator=0.000, denominator=0.056 (repeats for this event suppressed)
Event 181: >5% quadrature weight outside P_det grid — numerator=0.000, denominator=0.052 (repeats for this event suppressed)
Event 181: >5% quadrature weight outside P_det grid — numerator=0.000, denominator=0.054 (repeats for this event suppressed)
Event 181: >5% quadrature weight outside P_det grid — numerator=0.000, denominator=0.059 (repeats for this event suppressed)
Event 181: >5% quadrature weight outside P_det grid — numerator=0.000, denominator=0.052 (repeats for this event suppressed)
Event 181: >5% quadrature weight outside P_det grid — numerator=0.000, denominator=0.057 (repeats for this event suppressed)
Event 181: >5% quadrature weight outside P_det grid — numerator=0.000, denominator=0.051 (repeats for this event suppressed)
Event 181: >5% quadrature weight outside P_det grid — numerator=0.000, denominator=0.052 (repeats for this event suppressed)
Event 181: >5% quadrature weight outside P_det grid — numerator=0.000, denominator=0.058 (repeats for this event suppressed)
Event 181: >5% quadrature weight outside P_det grid — numerator=0.000, denominator=0.058 (repeats for this event suppressed)
Event 181: >5% quadrature weight outside P_det grid — numerator=0.000, denominator=0.052 (repeats for this event suppressed)
Event 182: >5% quadrature weight outside P_det grid — numerator=0.000, denominator=0.051 (repeats for this event suppressed)
Event 182: >5% quadrature weight outside P_det grid — numerator=0.000, denominator=0.059 (repeats for this event suppressed)
Event 182: >5% quadrature weight outside P_det grid — numerator=0.000, denominator=0.056 (repeats for this event suppressed)
Event 182: >5% quadrature weight outside P_det grid — numerator=0.000, denominator=0.060 (repeats for this event suppressed)
Event 182: >5% quadrature weight outside P_det grid — numerator=0.000, denominator=0.052 (repeats for this event suppressed)
Event 182: >5% quadrature weight outside P_det grid — numerator=0.000, denominator=0.073 (repeats for this event suppressed)
Event 182: >5% quadrature weight outside P_det grid — numerator=0.000, denominator=0.068 (repeats for this event suppressed)
Event 182: >5% quadrature weight outside P_det grid — numerator=0.000, denominator=0.057 (repeats for this event suppressed)
Event 182: >5% quadrature weight outside P_det grid — numerator=0.000, denominator=0.078 (repeats for this event suppressed)
Event 182: >5% quadrature weight outside P_det grid — numerator=0.000, denominator=0.072 (repeats for this event suppressed)
Event 184: >5% quadrature weight outside P_det grid — numerator=0.000, denominator=0.124 (repeats for this event suppressed)
Event 184: >5% quadrature weight outside P_det grid — numerator=0.000, denominator=0.059 (repeats for this event suppressed)
Event 184: >5% quadrature weight outside P_det grid — numerator=0.000, denominator=0.063 (repeats for this event suppressed)
Event 184: >5% quadrature weight outside P_det grid — numerator=0.000, denominator=0.060 (repeats for this event suppressed)
Event 184: >5% quadrature weight outside P_det grid — numerator=0.000, denominator=0.078 (repeats for this event suppressed)
Event 184: >5% quadrature weight outside P_det grid — numerator=0.000, denominator=0.064 (repeats for this event suppressed)
Event 184: >5% quadrature weight outside P_det grid — numerator=0.000, denominator=0.137 (repeats for this event suppressed)
Event 184: >5% quadrature weight outside P_det grid — numerator=0.000, denominator=0.066 (repeats for this event suppressed)
Event 184: >5% quadrature weight outside P_det grid — numerator=0.000, denominator=0.066 (repeats for this event suppressed)
Event 184: >5% quadrature weight outside P_det grid — numerator=0.000, denominator=0.058 (repeats for this event suppressed)
Event 185: >5% quadrature weight outside P_det grid — numerator=0.000, denominator=0.057 (repeats for this event suppressed)
Event 185: >5% quadrature weight outside P_det grid — numerator=0.000, denominator=0.053 (repeats for this event suppressed)
Event 188: >5% quadrature weight outside P_det grid — numerator=0.000, denominator=0.142 (repeats for this event suppressed)
Event 188: >5% quadrature weight outside P_det grid — numerator=0.000, denominator=0.062 (repeats for this event suppressed)
Event 188: >5% quadrature weight outside P_det grid — numerator=0.000, denominator=0.157 (repeats for this event suppressed)
Event 188: >5% quadrature weight outside P_det grid — numerator=0.000, denominator=0.063 (repeats for this event suppressed)
Event 188: >5% quadrature weight outside P_det grid — numerator=0.000, denominator=0.121 (repeats for this event suppressed)
Event 188: >5% quadrature weight outside P_det grid — numerator=0.000, denominator=0.134 (repeats for this event suppressed)
Event 188: >5% quadrature weight outside P_det grid — numerator=0.000, denominator=0.116 (repeats for this event suppressed)
Event 188: >5% quadrature weight outside P_det grid — numerator=0.000, denominator=0.123 (repeats for this event suppressed)
Event 188: >5% quadrature weight outside P_det grid — numerator=0.000, denominator=0.093 (repeats for this event suppressed)
Event 188: >5% quadrature weight outside P_det grid — numerator=0.000, denominator=0.075 (repeats for this event suppressed)
No possible hosts. Returning None.
Detection 192: no catalogue hosts in the localization volume — pure-completion fallback p_i = B_num/D (issue #29)
Detection 192: no catalog results found
Event 197: >5% quadrature weight outside P_det grid — numerator=0.000, denominator=0.057 (repeats for this event suppressed)
Event 197: >5% quadrature weight outside P_det grid — numerator=0.000, denominator=0.052 (repeats for this event suppressed)
Event 197: >5% quadrature weight outside P_det grid — numerator=0.000, denominator=0.057 (repeats for this event suppressed)
Event 197: >5% quadrature weight outside P_det grid — numerator=0.000, denominator=0.057 (repeats for this event suppressed)
Event 197: >5% quadrature weight outside P_det grid — numerator=0.000, denominator=0.051 (repeats for this event suppressed)
Event 197: >5% quadrature weight outside P_det grid — numerator=0.000, denominator=0.066 (repeats for this event suppressed)
Event 197: >5% quadrature weight outside P_det grid — numerator=0.000, denominator=0.057 (repeats for this event suppressed)
Event 197: >5% quadrature weight outside P_det grid — numerator=0.000, denominator=0.056 (repeats for this event suppressed)
Event 197: >5% quadrature weight outside P_det grid — numerator=0.000, denominator=0.052 (repeats for this event suppressed)
Event 197: >5% quadrature weight outside P_det grid — numerator=0.000, denominator=0.054 (repeats for this event suppressed)
Event 199: >5% quadrature weight outside P_det grid — numerator=0.000, denominator=0.061 (repeats for this event suppressed)
Event 199: >5% quadrature weight outside P_det grid — numerator=0.000, denominator=0.050 (repeats for this event suppressed)
Event 1: >5% quadrature weight outside P_det grid — numerator=0.000, denominator=0.058 (repeats for this event suppressed)
Event 1: >5% quadrature weight outside P_det grid — numerator=0.000, denominator=0.066 (repeats for this event suppressed)
Event 1: >5% quadrature weight outside P_det grid — numerator=0.000, denominator=0.062 (repeats for this event suppressed)
Event 2: >5% quadrature weight outside P_det grid — numerator=0.000, denominator=0.051 (repeats for this event suppressed)
Event 2: >5% quadrature weight outside P_det grid — numerator=0.000, denominator=0.052 (repeats for this event suppressed)
Event 3: >5% quadrature weight outside P_det grid — numerator=0.000, denominator=0.051 (repeats for this event suppressed)
Event 7: >5% quadrature weight outside P_det grid — numerator=0.000, denominator=0.053 (repeats for this event suppressed)
Event 15: >5% quadrature weight outside P_det grid — numerator=0.000, denominator=0.060 (repeats for this event suppressed)
Event 15: >5% quadrature weight outside P_det grid — numerator=0.000, denominator=0.063 (repeats for this event suppressed)
Event 21: >5% quadrature weight outside P_det grid — numerator=0.000, denominator=0.071 (repeats for this event suppressed)
Event 21: >5% quadrature weight outside P_det grid — numerator=0.000, denominator=0.067 (repeats for this event suppressed)
Event 29: >5% quadrature weight outside P_det grid — numerator=0.000, denominator=0.051 (repeats for this event suppressed)
Event 34: >5% quadrature weight outside P_det grid — numerator=0.000, denominator=0.052 (repeats for this event suppressed)
Event 37: >5% quadrature weight outside P_det grid — numerator=0.000, denominator=0.051 (repeats for this event suppressed)
Event 47: >5% quadrature weight outside P_det grid — numerator=0.000, denominator=0.066 (repeats for this event suppressed)
Event 47: >5% quadrature weight outside P_det grid — numerator=0.000, denominator=0.051 (repeats for this event suppressed)
Event 51: >5% quadrature weight outside P_det grid — numerator=0.000, denominator=0.058 (repeats for this event suppressed)
Event 51: >5% quadrature weight outside P_det grid — numerator=0.000, denominator=0.053 (repeats for this event suppressed)
Event 60: >5% quadrature weight outside P_det grid — numerator=0.000, denominator=0.056 (repeats for this event suppressed)
Event 74: >5% quadrature weight outside P_det grid — numerator=0.000, denominator=0.059 (repeats for this event suppressed)
Event 84: >5% quadrature weight outside P_det grid — numerator=0.000, denominator=0.063 (repeats for this event suppressed)
Event 90: >5% quadrature weight outside P_det grid — numerator=0.000, denominator=0.064 (repeats for this event suppressed)
Event 93: >5% quadrature weight outside P_det grid — numerator=0.000, denominator=0.053 (repeats for this event suppressed)
Event 112: >5% quadrature weight outside P_det grid — numerator=0.000, denominator=0.051 (repeats for this event suppressed)
Event 112: >5% quadrature weight outside P_det grid — numerator=0.000, denominator=0.053 (repeats for this event suppressed)
Event 113: >5% quadrature weight outside P_det grid — numerator=0.000, denominator=0.052 (repeats for this event suppressed)
Event 117: >5% quadrature weight outside P_det grid — numerator=0.000, denominator=0.054 (repeats for this event suppressed)
Event 117: >5% quadrature weight outside P_det grid — numerator=0.000, denominator=0.060 (repeats for this event suppressed)
Event 123: >5% quadrature weight outside P_det grid — numerator=0.000, denominator=0.053 (repeats for this event suppressed)
Event 130: >5% quadrature weight outside P_det grid — numerator=0.000, denominator=0.051 (repeats for this event suppressed)
Event 130: >5% quadrature weight outside P_det grid — numerator=0.000, denominator=0.055 (repeats for this event suppressed)
Event 130: >5% quadrature weight outside P_det grid — numerator=0.000, denominator=0.057 (repeats for this event suppressed)
Event 132: >5% quadrature weight outside P_det grid — numerator=0.000, denominator=0.054 (repeats for this event suppressed)
Event 136: >5% quadrature weight outside P_det grid — numerator=0.000, denominator=0.054 (repeats for this event suppressed)
Event 138: >5% quadrature weight outside P_det grid — numerator=0.000, denominator=0.055 (repeats for this event suppressed)
Event 138: >5% quadrature weight outside P_det grid — numerator=0.000, denominator=0.053 (repeats for this event suppressed)
Event 140: >5% quadrature weight outside P_det grid — numerator=0.000, denominator=0.050 (repeats for this event suppressed)
Event 140: >5% quadrature weight outside P_det grid — numerator=0.000, denominator=0.051 (repeats for this event suppressed)
Event 142: >5% quadrature weight outside P_det grid — numerator=0.000, denominator=0.052 (repeats for this event suppressed)
Event 142: >5% quadrature weight outside P_det grid — numerator=0.000, denominator=0.052 (repeats for this event suppressed)
Event 143: >5% quadrature weight outside P_det grid — numerator=0.000, denominator=0.057 (repeats for this event suppressed)
Event 144: >5% quadrature weight outside P_det grid — numerator=0.000, denominator=0.050 (repeats for this event suppressed)
Event 155: >5% quadrature weight outside P_det grid — numerator=0.000, denominator=0.056 (repeats for this event suppressed)
Event 157: >5% quadrature weight outside P_det grid — numerator=0.000, denominator=0.051 (repeats for this event suppressed)
Event 157: >5% quadrature weight outside P_det grid — numerator=0.000, denominator=0.051 (repeats for this event suppressed)
Event 157: >5% quadrature weight outside P_det grid — numerator=0.000, denominator=0.050 (repeats for this event suppressed)
Event 157: >5% quadrature weight outside P_det grid — numerator=0.000, denominator=0.051 (repeats for this event suppressed)
Event 157: >5% quadrature weight outside P_det grid — numerator=0.000, denominator=0.051 (repeats for this event suppressed)
Event 161: >5% quadrature weight outside P_det grid — numerator=0.000, denominator=0.050 (repeats for this event suppressed)
Event 175: >5% quadrature weight outside P_det grid — numerator=0.000, denominator=0.056 (repeats for this event suppressed)
Event 175: >5% quadrature weight outside P_det grid — numerator=0.000, denominator=0.052 (repeats for this event suppressed)
Event 175: >5% quadrature weight outside P_det grid — numerator=0.000, denominator=0.053 (repeats for this event suppressed)
Event 175: >5% quadrature weight outside P_det grid — numerator=0.000, denominator=0.052 (repeats for this event suppressed)
Event 185: >5% quadrature weight outside P_det grid — numerator=0.000, denominator=0.050 (repeats for this event suppressed)
Event 185: >5% quadrature weight outside P_det grid — numerator=0.000, denominator=0.058 (repeats for this event suppressed)
No possible hosts. Returning None.
Detection 192: no catalogue hosts in the localization volume — pure-completion fallback p_i = B_num/D (issue #29)
Detection 192: no catalog results found
Event 199: >5% quadrature weight outside P_det grid — numerator=0.000, denominator=0.062 (repeats for this event suppressed)
Event 199: >5% quadrature weight outside P_det grid — numerator=0.000, denominator=0.051 (repeats for this event suppressed)
Event 3: >5% quadrature weight outside P_det grid — numerator=0.000, denominator=0.062 (repeats for this event suppressed)
Event 14: >5% quadrature weight outside P_det grid — numerator=0.000, denominator=0.050 (repeats for this event suppressed)
Event 14: >5% quadrature weight outside P_det grid — numerator=0.000, denominator=0.051 (repeats for this event suppressed)
Event 14: >5% quadrature weight outside P_det grid — numerator=0.000, denominator=0.051 (repeats for this event suppressed)
Event 14: >5% quadrature weight outside P_det grid — numerator=0.000, denominator=0.050 (repeats for this event suppressed)
Event 14: >5% quadrature weight outside P_det grid — numerator=0.000, denominator=0.050 (repeats for this event suppressed)
Event 14: >5% quadrature weight outside P_det grid — numerator=0.000, denominator=0.051 (repeats for this event suppressed)
Event 14: >5% quadrature weight outside P_det grid — numerator=0.000, denominator=0.050 (repeats for this event suppressed)
Event 15: >5% quadrature weight outside P_det grid — numerator=0.000, denominator=0.052 (repeats for this event suppressed)
Event 15: >5% quadrature weight outside P_det grid — numerator=0.000, denominator=0.058 (repeats for this event suppressed)
Event 21: >5% quadrature weight outside P_det grid — numerator=0.000, denominator=0.055 (repeats for this event suppressed)
Event 21: >5% quadrature weight outside P_det grid — numerator=0.000, denominator=0.052 (repeats for this event suppressed)
Event 29: >5% quadrature weight outside P_det grid — numerator=0.000, denominator=0.052 (repeats for this event suppressed)
Event 34: >5% quadrature weight outside P_det grid — numerator=0.000, denominator=0.053 (repeats for this event suppressed)
Event 47: >5% quadrature weight outside P_det grid — numerator=0.000, denominator=0.052 (repeats for this event suppressed)
Event 47: >5% quadrature weight outside P_det grid — numerator=0.000, denominator=0.067 (repeats for this event suppressed)
Event 51: >5% quadrature weight outside P_det grid — numerator=0.000, denominator=0.059 (repeats for this event suppressed)
Event 51: >5% quadrature weight outside P_det grid — numerator=0.000, denominator=0.054 (repeats for this event suppressed)
Event 60: >5% quadrature weight outside P_det grid — numerator=0.000, denominator=0.057 (repeats for this event suppressed)
Event 70: >5% quadrature weight outside P_det grid — numerator=0.000, denominator=0.051 (repeats for this event suppressed)
Event 89: >5% quadrature weight outside P_det grid — numerator=0.000, denominator=0.052 (repeats for this event suppressed)
Event 89: >5% quadrature weight outside P_det grid — numerator=0.000, denominator=0.052 (repeats for this event suppressed)
Event 113: >5% quadrature weight outside P_det grid — numerator=0.000, denominator=0.053 (repeats for this event suppressed)
Event 117: >5% quadrature weight outside P_det grid — numerator=0.000, denominator=0.055 (repeats for this event suppressed)
Event 123: >5% quadrature weight outside P_det grid — numerator=0.000, denominator=0.054 (repeats for this event suppressed)
Event 130: >5% quadrature weight outside P_det grid — numerator=0.000, denominator=0.056 (repeats for this event suppressed)
Event 136: >5% quadrature weight outside P_det grid — numerator=0.000, denominator=0.060 (repeats for this event suppressed)
Event 137: >5% quadrature weight outside P_det grid — numerator=0.000, denominator=0.050 (repeats for this event suppressed)
Event 142: >5% quadrature weight outside P_det grid — numerator=0.000, denominator=0.053 (repeats for this event suppressed)
Event 142: >5% quadrature weight outside P_det grid — numerator=0.000, denominator=0.052 (repeats for this event suppressed)
Event 155: >5% quadrature weight outside P_det grid — numerator=0.000, denominator=0.069 (repeats for this event suppressed)
Event 157: >5% quadrature weight outside P_det grid — numerator=0.000, denominator=0.052 (repeats for this event suppressed)
Event 161: >5% quadrature weight outside P_det grid — numerator=0.000, denominator=0.051 (repeats for this event suppressed)
Event 161: >5% quadrature weight outside P_det grid — numerator=0.000, denominator=0.050 (repeats for this event suppressed)
Event 178: >5% quadrature weight outside P_det grid — numerator=0.000, denominator=0.050 (repeats for this event suppressed)
Event 178: >5% quadrature weight outside P_det grid — numerator=0.000, denominator=0.051 (repeats for this event suppressed)
Event 178: >5% quadrature weight outside P_det grid — numerator=0.000, denominator=0.050 (repeats for this event suppressed)
Event 178: >5% quadrature weight outside P_det grid — numerator=0.000, denominator=0.050 (repeats for this event suppressed)
Event 178: >5% quadrature weight outside P_det grid — numerator=0.000, denominator=0.050 (repeats for this event suppressed)
Event 178: >5% quadrature weight outside P_det grid — numerator=0.000, denominator=0.051 (repeats for this event suppressed)
Event 185: >5% quadrature weight outside P_det grid — numerator=0.000, denominator=0.051 (repeats for this event suppressed)
Event 185: >5% quadrature weight outside P_det grid — numerator=0.000, denominator=0.054 (repeats for this event suppressed)
No possible hosts. Returning None.
Detection 192: no catalogue hosts in the localization volume — pure-completion fallback p_i = B_num/D (issue #29)
Detection 192: no catalog results found
Event 199: >5% quadrature weight outside P_det grid — numerator=0.000, denominator=0.052 (repeats for this event suppressed)
Event 199: >5% quadrature weight outside P_det grid — numerator=0.000, denominator=0.063 (repeats for this event suppressed)
Event 14: >5% quadrature weight outside P_det grid — numerator=0.000, denominator=0.051 (repeats for this event suppressed)
Event 14: >5% quadrature weight outside P_det grid — numerator=0.000, denominator=0.051 (repeats for this event suppressed)
Event 14: >5% quadrature weight outside P_det grid — numerator=0.000, denominator=0.051 (repeats for this event suppressed)
Event 15: >5% quadrature weight outside P_det grid — numerator=0.000, denominator=0.065 (repeats for this event suppressed)
Event 29: >5% quadrature weight outside P_det grid — numerator=0.000, denominator=0.051 (repeats for this event suppressed)
Event 34: >5% quadrature weight outside P_det grid — numerator=0.000, denominator=0.054 (repeats for this event suppressed)
Event 47: >5% quadrature weight outside P_det grid — numerator=0.000, denominator=0.053 (repeats for this event suppressed)
Event 47: >5% quadrature weight outside P_det grid — numerator=0.000, denominator=0.051 (repeats for this event suppressed)
Event 60: >5% quadrature weight outside P_det grid — numerator=0.000, denominator=0.050 (repeats for this event suppressed)
Event 60: >5% quadrature weight outside P_det grid — numerator=0.000, denominator=0.058 (repeats for this event suppressed)
Event 70: >5% quadrature weight outside P_det grid — numerator=0.000, denominator=0.051 (repeats for this event suppressed)
Event 71: >5% quadrature weight outside P_det grid — numerator=0.000, denominator=0.051 (repeats for this event suppressed)
Event 71: >5% quadrature weight outside P_det grid — numerator=0.000, denominator=0.050 (repeats for this event suppressed)
Event 74: >5% quadrature weight outside P_det grid — numerator=0.000, denominator=0.066 (repeats for this event suppressed)
Event 77: >5% quadrature weight outside P_det grid — numerator=0.000, denominator=0.050 (repeats for this event suppressed)
Event 77: >5% quadrature weight outside P_det grid — numerator=0.000, denominator=0.050 (repeats for this event suppressed)
Event 77: >5% quadrature weight outside P_det grid — numerator=0.000, denominator=0.050 (repeats for this event suppressed)
Event 84: >5% quadrature weight outside P_det grid — numerator=0.000, denominator=0.065 (repeats for this event suppressed)
Event 89: >5% quadrature weight outside P_det grid — numerator=0.000, denominator=0.053 (repeats for this event suppressed)
Event 89: >5% quadrature weight outside P_det grid — numerator=0.000, denominator=0.053 (repeats for this event suppressed)
Event 113: >5% quadrature weight outside P_det grid — numerator=0.000, denominator=0.054 (repeats for this event suppressed)
Event 117: >5% quadrature weight outside P_det grid — numerator=0.000, denominator=0.062 (repeats for this event suppressed)
Event 117: >5% quadrature weight outside P_det grid — numerator=0.000, denominator=0.056 (repeats for this event suppressed)
Event 117: >5% quadrature weight outside P_det grid — numerator=0.000, denominator=0.050 (repeats for this event suppressed)
Event 123: >5% quadrature weight outside P_det grid — numerator=0.000, denominator=0.055 (repeats for this event suppressed)
Event 161: >5% quadrature weight outside P_det grid — numerator=0.000, denominator=0.052 (repeats for this event suppressed)
Event 161: >5% quadrature weight outside P_det grid — numerator=0.000, denominator=0.051 (repeats for this event suppressed)
Event 162: >5% quadrature weight outside P_det grid — numerator=0.000, denominator=0.050 (repeats for this event suppressed)
Event 175: >5% quadrature weight outside P_det grid — numerator=0.000, denominator=0.055 (repeats for this event suppressed)
Event 178: >5% quadrature weight outside P_det grid — numerator=0.000, denominator=0.050 (repeats for this event suppressed)
Event 178: >5% quadrature weight outside P_det grid — numerator=0.000, denominator=0.051 (repeats for this event suppressed)
Event 178: >5% quadrature weight outside P_det grid — numerator=0.000, denominator=0.051 (repeats for this event suppressed)
Event 185: >5% quadrature weight outside P_det grid — numerator=0.000, denominator=0.052 (repeats for this event suppressed)
Event 185: >5% quadrature weight outside P_det grid — numerator=0.000, denominator=0.060 (repeats for this event suppressed)
No possible hosts. Returning None.
Detection 192: no catalogue hosts in the localization volume — pure-completion fallback p_i = B_num/D (issue #29)
Detection 192: no catalog results found
Event 13: >5% quadrature weight outside P_det grid — numerator=0.000, denominator=0.051 (repeats for this event suppressed)
Event 21: >5% quadrature weight outside P_det grid — numerator=0.000, denominator=0.054 (repeats for this event suppressed)
Event 34: >5% quadrature weight outside P_det grid — numerator=0.000, denominator=0.055 (repeats for this event suppressed)
Event 42: >5% quadrature weight outside P_det grid — numerator=0.000, denominator=0.050 (repeats for this event suppressed)
Event 42: >5% quadrature weight outside P_det grid — numerator=0.000, denominator=0.050 (repeats for this event suppressed)
Event 42: >5% quadrature weight outside P_det grid — numerator=0.000, denominator=0.050 (repeats for this event suppressed)
Event 42: >5% quadrature weight outside P_det grid — numerator=0.000, denominator=0.050 (repeats for this event suppressed)
Event 42: >5% quadrature weight outside P_det grid — numerator=0.000, denominator=0.050 (repeats for this event suppressed)
Event 51: >5% quadrature weight outside P_det grid — numerator=0.000, denominator=0.060 (repeats for this event suppressed)
Event 60: >5% quadrature weight outside P_det grid — numerator=0.000, denominator=0.051 (repeats for this event suppressed)
Event 70: >5% quadrature weight outside P_det grid — numerator=0.000, denominator=0.050 (repeats for this event suppressed)
Event 70: >5% quadrature weight outside P_det grid — numerator=0.000, denominator=0.052 (repeats for this event suppressed)
Event 71: >5% quadrature weight outside P_det grid — numerator=0.000, denominator=0.051 (repeats for this event suppressed)
Event 71: >5% quadrature weight outside P_det grid — numerator=0.000, denominator=0.051 (repeats for this event suppressed)
Event 71: >5% quadrature weight outside P_det grid — numerator=0.000, denominator=0.051 (repeats for this event suppressed)
Event 77: >5% quadrature weight outside P_det grid — numerator=0.000, denominator=0.051 (repeats for this event suppressed)
Event 77: >5% quadrature weight outside P_det grid — numerator=0.000, denominator=0.051 (repeats for this event suppressed)
Event 77: >5% quadrature weight outside P_det grid — numerator=0.000, denominator=0.050 (repeats for this event suppressed)
Event 77: >5% quadrature weight outside P_det grid — numerator=0.000, denominator=0.050 (repeats for this event suppressed)
Event 77: >5% quadrature weight outside P_det grid — numerator=0.000, denominator=0.050 (repeats for this event suppressed)
Event 84: >5% quadrature weight outside P_det grid — numerator=0.000, denominator=0.066 (repeats for this event suppressed)
Event 89: >5% quadrature weight outside P_det grid — numerator=0.000, denominator=0.051 (repeats for this event suppressed)
Event 119: >5% quadrature weight outside P_det grid — numerator=0.000, denominator=0.051 (repeats for this event suppressed)
Event 119: >5% quadrature weight outside P_det grid — numerator=0.000, denominator=0.051 (repeats for this event suppressed)
Event 119: >5% quadrature weight outside P_det grid — numerator=0.000, denominator=0.051 (repeats for this event suppressed)
Event 119: >5% quadrature weight outside P_det grid — numerator=0.000, denominator=0.051 (repeats for this event suppressed)
Event 119: >5% quadrature weight outside P_det grid — numerator=0.000, denominator=0.051 (repeats for this event suppressed)
Event 119: >5% quadrature weight outside P_det grid — numerator=0.000, denominator=0.050 (repeats for this event suppressed)
Event 119: >5% quadrature weight outside P_det grid — numerator=0.000, denominator=0.050 (repeats for this event suppressed)
Event 119: >5% quadrature weight outside P_det grid — numerator=0.000, denominator=0.050 (repeats for this event suppressed)
Event 119: >5% quadrature weight outside P_det grid — numerator=0.000, denominator=0.050 (repeats for this event suppressed)
Event 119: >5% quadrature weight outside P_det grid — numerator=0.000, denominator=0.050 (repeats for this event suppressed)
Event 123: >5% quadrature weight outside P_det grid — numerator=0.000, denominator=0.056 (repeats for this event suppressed)
Event 142: >5% quadrature weight outside P_det grid — numerator=0.000, denominator=0.054 (repeats for this event suppressed)
Event 142: >5% quadrature weight outside P_det grid — numerator=0.000, denominator=0.054 (repeats for this event suppressed)
Event 161: >5% quadrature weight outside P_det grid — numerator=0.000, denominator=0.051 (repeats for this event suppressed)
Event 161: >5% quadrature weight outside P_det grid — numerator=0.000, denominator=0.050 (repeats for this event suppressed)
Event 162: >5% quadrature weight outside P_det grid — numerator=0.000, denominator=0.051 (repeats for this event suppressed)
Event 162: >5% quadrature weight outside P_det grid — numerator=0.000, denominator=0.050 (repeats for this event suppressed)
Event 162: >5% quadrature weight outside P_det grid — numerator=0.000, denominator=0.050 (repeats for this event suppressed)
Event 162: >5% quadrature weight outside P_det grid — numerator=0.000, denominator=0.051 (repeats for this event suppressed)
Event 178: >5% quadrature weight outside P_det grid — numerator=0.000, denominator=0.052 (repeats for this event suppressed)
No possible hosts. Returning None.
Detection 192: no catalogue hosts in the localization volume — pure-completion fallback p_i = B_num/D (issue #29)
Detection 192: no catalog results found
Event 5: >5% quadrature weight outside P_det grid — numerator=0.000, denominator=0.050 (repeats for this event suppressed)
Event 13: >5% quadrature weight outside P_det grid — numerator=0.000, denominator=0.051 (repeats for this event suppressed)
Event 25: >5% quadrature weight outside P_det grid — numerator=0.000, denominator=0.050 (repeats for this event suppressed)
Event 25: >5% quadrature weight outside P_det grid — numerator=0.000, denominator=0.050 (repeats for this event suppressed)
Event 25: >5% quadrature weight outside P_det grid — numerator=0.000, denominator=0.050 (repeats for this event suppressed)
Event 25: >5% quadrature weight outside P_det grid — numerator=0.000, denominator=0.050 (repeats for this event suppressed)
Event 25: >5% quadrature weight outside P_det grid — numerator=0.000, denominator=0.050 (repeats for this event suppressed)
Event 25: >5% quadrature weight outside P_det grid — numerator=0.000, denominator=0.050 (repeats for this event suppressed)
Event 25: >5% quadrature weight outside P_det grid — numerator=0.000, denominator=0.051 (repeats for this event suppressed)
Event 29: >5% quadrature weight outside P_det grid — numerator=0.000, denominator=0.052 (repeats for this event suppressed)
Event 34: >5% quadrature weight outside P_det grid — numerator=0.000, denominator=0.056 (repeats for this event suppressed)
Event 42: >5% quadrature weight outside P_det grid — numerator=0.000, denominator=0.050 (repeats for this event suppressed)
Event 42: >5% quadrature weight outside P_det grid — numerator=0.000, denominator=0.050 (repeats for this event suppressed)
Event 42: >5% quadrature weight outside P_det grid — numerator=0.000, denominator=0.050 (repeats for this event suppressed)
Event 42: >5% quadrature weight outside P_det grid — numerator=0.000, denominator=0.051 (repeats for this event suppressed)
Event 51: >5% quadrature weight outside P_det grid — numerator=0.000, denominator=0.057 (repeats for this event suppressed)
Event 60: >5% quadrature weight outside P_det grid — numerator=0.000, denominator=0.060 (repeats for this event suppressed)
Event 70: >5% quadrature weight outside P_det grid — numerator=0.000, denominator=0.051 (repeats for this event suppressed)
Event 71: >5% quadrature weight outside P_det grid — numerator=0.000, denominator=0.050 (repeats for this event suppressed)
Event 71: >5% quadrature weight outside P_det grid — numerator=0.000, denominator=0.051 (repeats for this event suppressed)
Event 71: >5% quadrature weight outside P_det grid — numerator=0.000, denominator=0.050 (repeats for this event suppressed)
Event 77: >5% quadrature weight outside P_det grid — numerator=0.000, denominator=0.050 (repeats for this event suppressed)
Event 77: >5% quadrature weight outside P_det grid — numerator=0.000, denominator=0.050 (repeats for this event suppressed)
Event 89: >5% quadrature weight outside P_det grid — numerator=0.000, denominator=0.055 (repeats for this event suppressed)
Event 113: >5% quadrature weight outside P_det grid — numerator=0.000, denominator=0.055 (repeats for this event suppressed)
Event 142: >5% quadrature weight outside P_det grid — numerator=0.000, denominator=0.056 (repeats for this event suppressed)
Event 161: >5% quadrature weight outside P_det grid — numerator=0.000, denominator=0.051 (repeats for this event suppressed)
Event 161: >5% quadrature weight outside P_det grid — numerator=0.000, denominator=0.053 (repeats for this event suppressed)
Event 162: >5% quadrature weight outside P_det grid — numerator=0.000, denominator=0.050 (repeats for this event suppressed)
Event 162: >5% quadrature weight outside P_det grid — numerator=0.000, denominator=0.050 (repeats for this event suppressed)
Event 162: >5% quadrature weight outside P_det grid — numerator=0.000, denominator=0.052 (repeats for this event suppressed)
Event 162: >5% quadrature weight outside P_det grid — numerator=0.000, denominator=0.050 (repeats for this event suppressed)
Event 185: >5% quadrature weight outside P_det grid — numerator=0.000, denominator=0.057 (repeats for this event suppressed)
No possible hosts. Returning None.
Detection 192: no catalogue hosts in the localization volume — pure-completion fallback p_i = B_num/D (issue #29)
Detection 192: no catalog results found
Event 199: >5% quadrature weight outside P_det grid — numerator=0.000, denominator=0.066 (repeats for this event suppressed)
Event 5: >5% quadrature weight outside P_det grid — numerator=0.000, denominator=0.050 (repeats for this event suppressed)
Event 5: >5% quadrature weight outside P_det grid — numerator=0.000, denominator=0.050 (repeats for this event suppressed)
Event 13: >5% quadrature weight outside P_det grid — numerator=0.000, denominator=0.052 (repeats for this event suppressed)
Event 24: >5% quadrature weight outside P_det grid — numerator=0.000, denominator=0.050 (repeats for this event suppressed)
Event 24: >5% quadrature weight outside P_det grid — numerator=0.000, denominator=0.050 (repeats for this event suppressed)
Event 24: >5% quadrature weight outside P_det grid — numerator=0.000, denominator=0.050 (repeats for this event suppressed)
Event 24: >5% quadrature weight outside P_det grid — numerator=0.000, denominator=0.050 (repeats for this event suppressed)
Event 24: >5% quadrature weight outside P_det grid — numerator=0.000, denominator=0.050 (repeats for this event suppressed)
Event 24: >5% quadrature weight outside P_det grid — numerator=0.000, denominator=0.050 (repeats for this event suppressed)
Event 24: >5% quadrature weight outside P_det grid — numerator=0.000, denominator=0.050 (repeats for this event suppressed)
Event 25: >5% quadrature weight outside P_det grid — numerator=0.000, denominator=0.050 (repeats for this event suppressed)
Event 25: >5% quadrature weight outside P_det grid — numerator=0.000, denominator=0.050 (repeats for this event suppressed)
Event 25: >5% quadrature weight outside P_det grid — numerator=0.000, denominator=0.050 (repeats for this event suppressed)
Event 29: >5% quadrature weight outside P_det grid — numerator=0.000, denominator=0.053 (repeats for this event suppressed)
Event 36: >5% quadrature weight outside P_det grid — numerator=0.000, denominator=0.050 (repeats for this event suppressed)
Event 36: >5% quadrature weight outside P_det grid — numerator=0.000, denominator=0.050 (repeats for this event suppressed)
Event 36: >5% quadrature weight outside P_det grid — numerator=0.000, denominator=0.050 (repeats for this event suppressed)
Event 36: >5% quadrature weight outside P_det grid — numerator=0.000, denominator=0.050 (repeats for this event suppressed)
Event 36: >5% quadrature weight outside P_det grid — numerator=0.000, denominator=0.050 (repeats for this event suppressed)
Event 36: >5% quadrature weight outside P_det grid — numerator=0.000, denominator=0.050 (repeats for this event suppressed)
Event 36: >5% quadrature weight outside P_det grid — numerator=0.000, denominator=0.050 (repeats for this event suppressed)
Event 42: >5% quadrature weight outside P_det grid — numerator=0.000, denominator=0.050 (repeats for this event suppressed)
Event 47: >5% quadrature weight outside P_det grid — numerator=0.000, denominator=0.071 (repeats for this event suppressed)
Event 60: >5% quadrature weight outside P_det grid — numerator=0.000, denominator=0.050 (repeats for this event suppressed)
Event 70: >5% quadrature weight outside P_det grid — numerator=0.000, denominator=0.051 (repeats for this event suppressed)
Event 70: >5% quadrature weight outside P_det grid — numerator=0.000, denominator=0.054 (repeats for this event suppressed)
Event 71: >5% quadrature weight outside P_det grid — numerator=0.000, denominator=0.051 (repeats for this event suppressed)
Event 71: >5% quadrature weight outside P_det grid — numerator=0.000, denominator=0.051 (repeats for this event suppressed)
Event 84: >5% quadrature weight outside P_det grid — numerator=0.000, denominator=0.051 (repeats for this event suppressed)
Event 84: >5% quadrature weight outside P_det grid — numerator=0.000, denominator=0.067 (repeats for this event suppressed)
Event 89: >5% quadrature weight outside P_det grid — numerator=0.000, denominator=0.051 (repeats for this event suppressed)
Event 107: >5% quadrature weight outside P_det grid — numerator=0.000, denominator=0.050 (repeats for this event suppressed)
Event 113: >5% quadrature weight outside P_det grid — numerator=0.000, denominator=0.056 (repeats for this event suppressed)
Event 123: >5% quadrature weight outside P_det grid — numerator=0.000, denominator=0.057 (repeats for this event suppressed)
Event 162: >5% quadrature weight outside P_det grid — numerator=0.000, denominator=0.052 (repeats for this event suppressed)
Event 185: >5% quadrature weight outside P_det grid — numerator=0.000, denominator=0.054 (repeats for this event suppressed)
No possible hosts. Returning None.
Detection 192: no catalogue hosts in the localization volume — pure-completion fallback p_i = B_num/D (issue #29)
Detection 192: no catalog results found
Event 5: >5% quadrature weight outside P_det grid — numerator=0.000, denominator=0.051 (repeats for this event suppressed)
Event 5: >5% quadrature weight outside P_det grid — numerator=0.000, denominator=0.051 (repeats for this event suppressed)
Event 13: >5% quadrature weight outside P_det grid — numerator=0.000, denominator=0.052 (repeats for this event suppressed)
Event 24: >5% quadrature weight outside P_det grid — numerator=0.000, denominator=0.050 (repeats for this event suppressed)
Event 24: >5% quadrature weight outside P_det grid — numerator=0.000, denominator=0.050 (repeats for this event suppressed)
Event 24: >5% quadrature weight outside P_det grid — numerator=0.000, denominator=0.050 (repeats for this event suppressed)
Event 34: >5% quadrature weight outside P_det grid — numerator=0.000, denominator=0.057 (repeats for this event suppressed)
Event 36: >5% quadrature weight outside P_det grid — numerator=0.000, denominator=0.050 (repeats for this event suppressed)
Event 36: >5% quadrature weight outside P_det grid — numerator=0.000, denominator=0.050 (repeats for this event suppressed)
Event 36: >5% quadrature weight outside P_det grid — numerator=0.000, denominator=0.050 (repeats for this event suppressed)
Event 51: >5% quadrature weight outside P_det grid — numerator=0.000, denominator=0.062 (repeats for this event suppressed)
Event 60: >5% quadrature weight outside P_det grid — numerator=0.000, denominator=0.051 (repeats for this event suppressed)
Event 89: >5% quadrature weight outside P_det grid — numerator=0.000, denominator=0.051 (repeats for this event suppressed)
Event 107: >5% quadrature weight outside P_det grid — numerator=0.000, denominator=0.050 (repeats for this event suppressed)
Event 117: >5% quadrature weight outside P_det grid — numerator=0.000, denominator=0.058 (repeats for this event suppressed)
Event 123: >5% quadrature weight outside P_det grid — numerator=0.000, denominator=0.058 (repeats for this event suppressed)
Event 161: >5% quadrature weight outside P_det grid — numerator=0.000, denominator=0.050 (repeats for this event suppressed)
No possible hosts. Returning None.
Detection 192: no catalogue hosts in the localization volume — pure-completion fallback p_i = B_num/D (issue #29)
Detection 192: no catalog results found
Event 199: >5% quadrature weight outside P_det grid — numerator=0.000, denominator=0.055 (repeats for this event suppressed)
Event 5: >5% quadrature weight outside P_det grid — numerator=0.000, denominator=0.051 (repeats for this event suppressed)
Event 5: >5% quadrature weight outside P_det grid — numerator=0.000, denominator=0.051 (repeats for this event suppressed)
Event 29: >5% quadrature weight outside P_det grid — numerator=0.000, denominator=0.050 (repeats for this event suppressed)
Event 60: >5% quadrature weight outside P_det grid — numerator=0.000, denominator=0.061 (repeats for this event suppressed)
Event 70: >5% quadrature weight outside P_det grid — numerator=0.000, denominator=0.054 (repeats for this event suppressed)
Event 107: >5% quadrature weight outside P_det grid — numerator=0.000, denominator=0.050 (repeats for this event suppressed)
Event 107: >5% quadrature weight outside P_det grid — numerator=0.000, denominator=0.051 (repeats for this event suppressed)
Event 123: >5% quadrature weight outside P_det grid — numerator=0.000, denominator=0.058 (repeats for this event suppressed)
No possible hosts. Returning None.
Detection 192: no catalogue hosts in the localization volume — pure-completion fallback p_i = B_num/D (issue #29)
Detection 192: no catalog results found
Event 199: >5% quadrature weight outside P_det grid — numerator=0.000, denominator=0.056 (repeats for this event suppressed)
Event 5: >5% quadrature weight outside P_det grid — numerator=0.000, denominator=0.051 (repeats for this event suppressed)
Event 13: >5% quadrature weight outside P_det grid — numerator=0.000, denominator=0.050 (repeats for this event suppressed)
Event 13: >5% quadrature weight outside P_det grid — numerator=0.000, denominator=0.053 (repeats for this event suppressed)
Event 70: >5% quadrature weight outside P_det grid — numerator=0.000, denominator=0.055 (repeats for this event suppressed)
Event 84: >5% quadrature weight outside P_det grid — numerator=0.000, denominator=0.052 (repeats for this event suppressed)
Event 84: >5% quadrature weight outside P_det grid — numerator=0.000, denominator=0.069 (repeats for this event suppressed)
Event 107: >5% quadrature weight outside P_det grid — numerator=0.000, denominator=0.051 (repeats for this event suppressed)
Event 113: >5% quadrature weight outside P_det grid — numerator=0.000, denominator=0.057 (repeats for this event suppressed)
No possible hosts. Returning None.
Detection 192: no catalogue hosts in the localization volume — pure-completion fallback p_i = B_num/D (issue #29)
Detection 192: no catalog results found
Event 5: >5% quadrature weight outside P_det grid — numerator=0.000, denominator=0.052 (repeats for this event suppressed)
Event 13: >5% quadrature weight outside P_det grid — numerator=0.000, denominator=0.053 (repeats for this event suppressed)
Event 13: >5% quadrature weight outside P_det grid — numerator=0.000, denominator=0.051 (repeats for this event suppressed)
Event 38: >5% quadrature weight outside P_det grid — numerator=0.000, denominator=0.050 (repeats for this event suppressed)
Event 70: >5% quadrature weight outside P_det grid — numerator=0.000, denominator=0.053 (repeats for this event suppressed)
Event 84: >5% quadrature weight outside P_det grid — numerator=0.000, denominator=0.053 (repeats for this event suppressed)
Event 107: >5% quadrature weight outside P_det grid — numerator=0.000, denominator=0.051 (repeats for this event suppressed)
No possible hosts. Returning None.
Detection 192: no catalogue hosts in the localization volume — pure-completion fallback p_i = B_num/D (issue #29)
Detection 192: no catalog results found
Event 13: >5% quadrature weight outside P_det grid — numerator=0.000, denominator=0.051 (repeats for this event suppressed)
Event 29: >5% quadrature weight outside P_det grid — numerator=0.000, denominator=0.051 (repeats for this event suppressed)
Event 29: >5% quadrature weight outside P_det grid — numerator=0.000, denominator=0.050 (repeats for this event suppressed)
Event 34: >5% quadrature weight outside P_det grid — numerator=0.000, denominator=0.058 (repeats for this event suppressed)
Event 38: >5% quadrature weight outside P_det grid — numerator=0.000, denominator=0.050 (repeats for this event suppressed)
No possible hosts. Returning None.
Detection 192: no catalogue hosts in the localization volume — pure-completion fallback p_i = B_num/D (issue #29)
Detection 192: no catalog results found
Event 5: >5% quadrature weight outside P_det grid — numerator=0.000, denominator=0.050 (repeats for this event suppressed)
Event 29: >5% quadrature weight outside P_det grid — numerator=0.000, denominator=0.050 (repeats for this event suppressed)
Event 34: >5% quadrature weight outside P_det grid — numerator=0.000, denominator=0.051 (repeats for this event suppressed)
Event 38: >5% quadrature weight outside P_det grid — numerator=0.000, denominator=0.051 (repeats for this event suppressed)
Event 107: >5% quadrature weight outside P_det grid — numerator=0.000, denominator=0.052 (repeats for this event suppressed)
Event 123: >5% quadrature weight outside P_det grid — numerator=0.000, denominator=0.060 (repeats for this event suppressed)
No possible hosts. Returning None.
Detection 192: no catalogue hosts in the localization volume — pure-completion fallback p_i = B_num/D (issue #29)
Detection 192: no catalog results found
Event 51: >5% quadrature weight outside P_det grid — numerator=0.000, denominator=0.065 (repeats for this event suppressed)
Event 107: >5% quadrature weight outside P_det grid — numerator=0.000, denominator=0.051 (repeats for this event suppressed)
Event 107: >5% quadrature weight outside P_det grid — numerator=0.000, denominator=0.053 (repeats for this event suppressed)
Event 113: >5% quadrature weight outside P_det grid — numerator=0.000, denominator=0.059 (repeats for this event suppressed)
Event 125: >5% quadrature weight outside P_det grid — numerator=0.000, denominator=0.050 (repeats for this event suppressed)
Event 125: >5% quadrature weight outside P_det grid — numerator=0.000, denominator=0.050 (repeats for this event suppressed)
No possible hosts. Returning None.
Detection 192: no catalogue hosts in the localization volume — pure-completion fallback p_i = B_num/D (issue #29)
Detection 192: no catalog results found
Event 38: >5% quadrature weight outside P_det grid — numerator=0.000, denominator=0.052 (repeats for this event suppressed)
Event 125: >5% quadrature weight outside P_det grid — numerator=0.000, denominator=0.050 (repeats for this event suppressed)
Event 125: >5% quadrature weight outside P_det grid — numerator=0.000, denominator=0.050 (repeats for this event suppressed)
Event 125: >5% quadrature weight outside P_det grid — numerator=0.000, denominator=0.050 (repeats for this event suppressed)
Event 125: >5% quadrature weight outside P_det grid — numerator=0.000, denominator=0.050 (repeats for this event suppressed)
Event 125: >5% quadrature weight outside P_det grid — numerator=0.000, denominator=0.050 (repeats for this event suppressed)
Event 125: >5% quadrature weight outside P_det grid — numerator=0.000, denominator=0.050 (repeats for this event suppressed)
Event 125: >5% quadrature weight outside P_det grid — numerator=0.000, denominator=0.050 (repeats for this event suppressed)
Event 189: >5% quadrature weight outside P_det grid — numerator=0.000, denominator=0.050 (repeats for this event suppressed)
No possible hosts. Returning None.
Detection 192: no catalogue hosts in the localization volume — pure-completion fallback p_i = B_num/D (issue #29)
Detection 192: no catalog results found
Event 199: >5% quadrature weight outside P_det grid — numerator=0.000, denominator=0.071 (repeats for this event suppressed)
Event 13: >5% quadrature weight outside P_det grid — numerator=0.000, denominator=0.051 (repeats for this event suppressed)
Event 38: >5% quadrature weight outside P_det grid — numerator=0.000, denominator=0.052 (repeats for this event suppressed)
Event 83: >5% quadrature weight outside P_det grid — numerator=0.000, denominator=0.050 (repeats for this event suppressed)
Event 125: >5% quadrature weight outside P_det grid — numerator=0.000, denominator=0.050 (repeats for this event suppressed)
Event 189: >5% quadrature weight outside P_det grid — numerator=0.000, denominator=0.050 (repeats for this event suppressed)
Event 189: >5% quadrature weight outside P_det grid — numerator=0.000, denominator=0.050 (repeats for this event suppressed)
Event 189: >5% quadrature weight outside P_det grid — numerator=0.000, denominator=0.050 (repeats for this event suppressed)
Event 189: >5% quadrature weight outside P_det grid — numerator=0.000, denominator=0.050 (repeats for this event suppressed)
No possible hosts. Returning None.
Detection 192: no catalogue hosts in the localization volume — pure-completion fallback p_i = B_num/D (issue #29)
Detection 192: no catalog results found
Event 38: >5% quadrature weight outside P_det grid — numerator=0.000, denominator=0.052 (repeats for this event suppressed)
Event 83: >5% quadrature weight outside P_det grid — numerator=0.000, denominator=0.051 (repeats for this event suppressed)
Event 83: >5% quadrature weight outside P_det grid — numerator=0.000, denominator=0.050 (repeats for this event suppressed)
Event 113: >5% quadrature weight outside P_det grid — numerator=0.000, denominator=0.060 (repeats for this event suppressed)
Event 189: >5% quadrature weight outside P_det grid — numerator=0.000, denominator=0.050 (repeats for this event suppressed)
Event 189: >5% quadrature weight outside P_det grid — numerator=0.000, denominator=0.051 (repeats for this event suppressed)
Event 189: >5% quadrature weight outside P_det grid — numerator=0.000, denominator=0.050 (repeats for this event suppressed)
Event 189: >5% quadrature weight outside P_det grid — numerator=0.000, denominator=0.051 (repeats for this event suppressed)
No possible hosts. Returning None.
Detection 192: no catalogue hosts in the localization volume — pure-completion fallback p_i = B_num/D (issue #29)
Detection 192: no catalog results found
Event 83: >5% quadrature weight outside P_det grid — numerator=0.000, denominator=0.051 (repeats for this event suppressed)
Event 189: >5% quadrature weight outside P_det grid — numerator=0.000, denominator=0.051 (repeats for this event suppressed)
No possible hosts. Returning None.
Detection 192: no catalogue hosts in the localization volume — pure-completion fallback p_i = B_num/D (issue #29)
Detection 192: no catalog results found
Event 38: >5% quadrature weight outside P_det grid — numerator=0.000, denominator=0.053 (repeats for this event suppressed)
Event 83: >5% quadrature weight outside P_det grid — numerator=0.000, denominator=0.051 (repeats for this event suppressed)
Event 84: >5% quadrature weight outside P_det grid — numerator=0.000, denominator=0.074 (repeats for this event suppressed)
Event 122: >5% quadrature weight outside P_det grid — numerator=0.000, denominator=0.050 (repeats for this event suppressed)
Event 122: >5% quadrature weight outside P_det grid — numerator=0.000, denominator=0.050 (repeats for this event suppressed)
No possible hosts. Returning None.
Detection 192: no catalogue hosts in the localization volume — pure-completion fallback p_i = B_num/D (issue #29)
Detection 192: no catalog results found
Event 38: >5% quadrature weight outside P_det grid — numerator=0.000, denominator=0.053 (repeats for this event suppressed)
Event 122: >5% quadrature weight outside P_det grid — numerator=0.000, denominator=0.050 (repeats for this event suppressed)
Event 122: >5% quadrature weight outside P_det grid — numerator=0.000, denominator=0.050 (repeats for this event suppressed)
Event 122: >5% quadrature weight outside P_det grid — numerator=0.000, denominator=0.050 (repeats for this event suppressed)
Event 122: >5% quadrature weight outside P_det grid — numerator=0.000, denominator=0.050 (repeats for this event suppressed)
Event 122: >5% quadrature weight outside P_det grid — numerator=0.000, denominator=0.050 (repeats for this event suppressed)
Event 123: >5% quadrature weight outside P_det grid — numerator=0.000, denominator=0.063 (repeats for this event suppressed)
No possible hosts. Returning None.
Detection 192: no catalogue hosts in the localization volume — pure-completion fallback p_i = B_num/D (issue #29)
Detection 192: no catalog results found
Event 38: >5% quadrature weight outside P_det grid — numerator=0.000, denominator=0.054 (repeats for this event suppressed)
Event 83: >5% quadrature weight outside P_det grid — numerator=0.000, denominator=0.052 (repeats for this event suppressed)
Event 122: >5% quadrature weight outside P_det grid — numerator=0.000, denominator=0.051 (repeats for this event suppressed)
Event 122: >5% quadrature weight outside P_det grid — numerator=0.000, denominator=0.050 (repeats for this event suppressed)
Event 122: >5% quadrature weight outside P_det grid — numerator=0.000, denominator=0.051 (repeats for this event suppressed)
No possible hosts. Returning None.
Detection 192: no catalogue hosts in the localization volume — pure-completion fallback p_i = B_num/D (issue #29)
Detection 192: no catalog results found
Event 83: >5% quadrature weight outside P_det grid — numerator=0.000, denominator=0.050 (repeats for this event suppressed)
Event 83: >5% quadrature weight outside P_det grid — numerator=0.000, denominator=0.052 (repeats for this event suppressed)
Event 107: >5% quadrature weight outside P_det grid — numerator=0.000, denominator=0.056 (repeats for this event suppressed)
Event 113: >5% quadrature weight outside P_det grid — numerator=0.000, denominator=0.062 (repeats for this event suppressed)
Event 115: >5% quadrature weight outside P_det grid — numerator=0.000, denominator=0.050 (repeats for this event suppressed)
Event 115: >5% quadrature weight outside P_det grid — numerator=0.000, denominator=0.050 (repeats for this event suppressed)
Event 115: >5% quadrature weight outside P_det grid — numerator=0.000, denominator=0.050 (repeats for this event suppressed)
Event 115: >5% quadrature weight outside P_det grid — numerator=0.000, denominator=0.050 (repeats for this event suppressed)
Event 115: >5% quadrature weight outside P_det grid — numerator=0.000, denominator=0.050 (repeats for this event suppressed)
Event 115: >5% quadrature weight outside P_det grid — numerator=0.000, denominator=0.050 (repeats for this event suppressed)
Event 115: >5% quadrature weight outside P_det grid — numerator=0.000, denominator=0.050 (repeats for this event suppressed)
Event 115: >5% quadrature weight outside P_det grid — numerator=0.000, denominator=0.050 (repeats for this event suppressed)
No possible hosts. Returning None.
Detection 192: no catalogue hosts in the localization volume — pure-completion fallback p_i = B_num/D (issue #29)
Detection 192: no catalog results found
Event 83: >5% quadrature weight outside P_det grid — numerator=0.000, denominator=0.052 (repeats for this event suppressed)
Event 115: >5% quadrature weight outside P_det grid — numerator=0.000, denominator=0.051 (repeats for this event suppressed)
Event 115: >5% quadrature weight outside P_det grid — numerator=0.000, denominator=0.050 (repeats for this event suppressed)
No possible hosts. Returning None.
Detection 192: no catalogue hosts in the localization volume — pure-completion fallback p_i = B_num/D (issue #29)
Detection 192: no catalog results found
No possible hosts. Returning None.
Detection 192: no catalogue hosts in the localization volume — pure-completion fallback p_i = B_num/D (issue #29)
Detection 192: no catalog results found
No possible hosts. Returning None.
Detection 192: no catalogue hosts in the localization volume — pure-completion fallback p_i = B_num/D (issue #29)
Detection 192: no catalog results found
Event 83: >5% quadrature weight outside P_det grid — numerator=0.000, denominator=0.054 (repeats for this event suppressed)
No possible hosts. Returning None.
Detection 192: no catalogue hosts in the localization volume — pure-completion fallback p_i = B_num/D (issue #29)
Detection 192: no catalog results found
Event 34: >5% quadrature weight outside P_det grid — numerator=0.000, denominator=0.065 (repeats for this event suppressed)
No possible hosts. Returning None.
Detection 192: no catalogue hosts in the localization volume — pure-completion fallback p_i = B_num/D (issue #29)
Detection 192: no catalog results found
No possible hosts. Returning None.
Detection 192: no catalogue hosts in the localization volume — pure-completion fallback p_i = B_num/D (issue #29)
Detection 192: no catalog results found
No possible hosts. Returning None.
Detection 192: no catalogue hosts in the localization volume — pure-completion fallback p_i = B_num/D (issue #29)
Detection 192: no catalog results found
No possible hosts. Returning None.
Detection 192: no catalogue hosts in the localization volume — pure-completion fallback p_i = B_num/D (issue #29)
Detection 192: no catalog results found
No possible hosts. Returning None.
Detection 192: no catalogue hosts in the localization volume — pure-completion fallback p_i = B_num/D (issue #29)
Detection 192: no catalog results found
Event 38: >5% quadrature weight outside P_det grid — numerator=0.000, denominator=0.058 (repeats for this event suppressed)
No possible hosts. Returning None.
Detection 192: no catalogue hosts in the localization volume — pure-completion fallback p_i = B_num/D (issue #29)
Detection 192: no catalog results found
No possible hosts. Returning None.
Detection 192: no catalogue hosts in the localization volume — pure-completion fallback p_i = B_num/D (issue #29)
Detection 192: no catalog results found
No possible hosts. Returning None.
Detection 192: no catalogue hosts in the localization volume — pure-completion fallback p_i = B_num/D (issue #29)
Detection 192: no catalog results found
No possible hosts. Returning None.
Detection 192: no catalogue hosts in the localization volume — pure-completion fallback p_i = B_num/D (issue #29)
Detection 192: no catalog results found
No possible hosts. Returning None.
Detection 192: no catalogue hosts in the localization volume — pure-completion fallback p_i = B_num/D (issue #29)
Detection 192: no catalog results found
Event 96: >5% quadrature weight outside P_det grid — numerator=0.000, denominator=0.050 (repeats for this event suppressed)
No possible hosts. Returning None.
Detection 192: no catalogue hosts in the localization volume — pure-completion fallback p_i = B_num/D (issue #29)
Detection 192: no catalog results found
Event 0: >5% quadrature weight outside P_det grid — numerator=0.000, denominator=0.050 (repeats for this event suppressed)
Event 0: >5% quadrature weight outside P_det grid — numerator=0.000, denominator=0.050 (repeats for this event suppressed)
Event 96: >5% quadrature weight outside P_det grid — numerator=0.000, denominator=0.051 (repeats for this event suppressed)
No possible hosts. Returning None.
Detection 192: no catalogue hosts in the localization volume — pure-completion fallback p_i = B_num/D (issue #29)
Detection 192: no catalog results found
Event 0: >5% quadrature weight outside P_det grid — numerator=0.000, denominator=0.051 (repeats for this event suppressed)
Event 0: >5% quadrature weight outside P_det grid — numerator=0.000, denominator=0.050 (repeats for this event suppressed)
Event 0: >5% quadrature weight outside P_det grid — numerator=0.000, denominator=0.050 (repeats for this event suppressed)
Event 0: >5% quadrature weight outside P_det grid — numerator=0.000, denominator=0.050 (repeats for this event suppressed)
Event 0: >5% quadrature weight outside P_det grid — numerator=0.000, denominator=0.050 (repeats for this event suppressed)
Event 96: >5% quadrature weight outside P_det grid — numerator=0.000, denominator=0.050 (repeats for this event suppressed)
Event 96: >5% quadrature weight outside P_det grid — numerator=0.000, denominator=0.052 (repeats for this event suppressed)
No possible hosts. Returning None.
Detection 192: no catalogue hosts in the localization volume — pure-completion fallback p_i = B_num/D (issue #29)
Detection 192: no catalog results found
Event 0: >5% quadrature weight outside P_det grid — numerator=0.000, denominator=0.051 (repeats for this event suppressed)
Event 0: >5% quadrature weight outside P_det grid — numerator=0.000, denominator=0.051 (repeats for this event suppressed)
Event 96: >5% quadrature weight outside P_det grid — numerator=0.000, denominator=0.052 (repeats for this event suppressed)
Event 96: >5% quadrature weight outside P_det grid — numerator=0.000, denominator=0.051 (repeats for this event suppressed)
No possible hosts. Returning None.
Detection 192: no catalogue hosts in the localization volume — pure-completion fallback p_i = B_num/D (issue #29)
Detection 192: no catalog results found
Event 0: >5% quadrature weight outside P_det grid — numerator=0.000, denominator=0.052 (repeats for this event suppressed)
No possible hosts. Returning None.
Detection 192: no catalogue hosts in the localization volume — pure-completion fallback p_i = B_num/D (issue #29)
Detection 192: no catalog results found
/home/jasper/Repositories/darksiren-emri/darksiren_emri/plotting/fisher_plots.py:834: UserWarning: The figure layout has changed to tight
  fig.tight_layout()
wrote results/campaign51_20260728/realistic_20260729/fanout1_20260829/hier_s0_registered_run/s0c_full_output.json
{
  "arm": "S0-C",
  "seeds_requested": [
    900101
  ],
  "jobs": 1,
  "cpu_per_job": 12,
  "wall_s": 3125.1108396053314,
  "n_seeds_ok": 1,
  "n_seeds_error": 0,
  "errors": [],
  "theta_sites": "all",
  "smear": "auto",
  "config": "b0i",
  "h_values": [
    0.73
  ],
  "score_h": null,
  "node_dir_suffix": "",
  "per_seed": [
    {
      "seed": 900101,
      "n_h": 41,
      "diag_csv": "results/campaign51_20260728/realistic_20260729/fanout1_20260829/hier_s0_registered_run/s0c_seed900101/node_truth_fullgrid/simulations/diagnostics/event_likelihoods.csv",
      "evaluate_s": 2677.9321899414062,
      "wall_s": 2680.995066165924,
      "per_h_files": [
        "h_0_6.json",
        "h_0_61.json",
        "h_0_62.json",
        "h_0_63.json",
        "h_0_64.json",
        "h_0_65.json",
        "h_0_655.json",
        "h_0_66.json",
        "h_0_665.json",
        "h_0_67.json",
        "h_0_675.json",
        "h_0_68.json",
        "h_0_685.json",
        "h_0_69.json",
        "h_0_695.json",
        "h_0_7.json",
        "h_0_705.json",
        "h_0_71.json",
        "h_0_715.json",
        "h_0_72.json",
        "h_0_725.json",
        "h_0_73.json",
        "h_0_735.json",
        "h_0_74.json",
        "h_0_745.json",
        "h_0_75.json",
        "h_0_755.json",
        "h_0_76.json",
        "h_0_765.json",
        "h_0_77.json",
        "h_0_775.json",
        "h_0_78.json",
        "h_0_785.json",
        "h_0_79.json",
        "h_0_8.json",
        "h_0_81.json",
        "h_0_82.json",
        "h_0_83.json",
        "h_0_84.json",
        "h_0_85.json",
        "h_0_86.json"
      ],
      "per_h_delta_s": [
        1704.2717192173004,
        27.496151447296143,
        27.607014894485474,
        27.97701930999756,
        28.14035391807556,
        27.897017240524292,
        27.957017421722412,
        28.223686933517456,
        28.57035779953003,
        25.206981897354126,
        22.703616857528687,
        22.863618850708008,
        22.710283279418945,
        23.43695902824402,
        22.850284576416016,
        23.803629636764526,
        23.316956758499146,
        25.260314226150513,
        25.943655729293823,
        23.453624486923218,
        22.966951847076416,
        22.96361804008484,
        22.9102840423584,
        22.996951818466187,
        23.04695224761963,
        22.896950006484985,
        23.000284910202026,
        23.10695242881775,
        23.203620433807373,
        23.056951761245728,
        23.193619966506958,
        23.020284414291382,
        23.260287284851074,
        23.536957502365112,
        23.020284175872803,
        22.97028350830078,
        23.126951932907104,
        24.193631887435913,
        26.866997957229614,
        23.183619260787964,
        23.013617038726807
      ],
      "mean_marginal_h_cost_s": 24.37386491894722,
      "first_h_cost_s": 1704.2717192173004
    }
  ],
  "smoke": false,
  "event_cap": null,
  "registration": "/home/jasper/Repositories/darksiren-emri/results/campaign51_20260728/realistic_20260729/PREREGISTRATION_HIER_HTHETA_20260826.md"
}
=== 2026-08-29T21:38:48+02:00 END rc=0
=== 2026-08-29T21:38:48+02:00 START KW-Q1 ft 4 seeds s-nodes h0.725/0.735 sites2.2 nosmear jobs2
Injection pool spans 2 code revisions (a9f29e82, f6449051) — legitimate for straggler resubmits after a non-physics fix, but verify none of them changed SNR semantics.
Injection pool spans 2 code revisions (a9f29e82, f6449051) — legitimate for straggler resubmits after a non-physics fix, but verify none of them changed SNR semantics.
INSTRUMENTATION ACTIVE: theta=(b=0, s=0.707107), sites=2.2 — the host-z kernel is reparametrized ([HIER] θ-hook). This run is a COUNTERFACTUAL/profile point, not a production posterior.
Injection pool spans 2 code revisions (a9f29e82, f6449051) — legitimate for straggler resubmits after a non-physics fix, but verify none of them changed SNR semantics.
INSTRUMENTATION ACTIVE: theta=(b=0, s=0.707107), sites=2.2 — the host-z kernel is reparametrized ([HIER] θ-hook). This run is a COUNTERFACTUAL/profile point, not a production posterior.
Injection pool spans 2 code revisions (a9f29e82, f6449051) — legitimate for straggler resubmits after a non-physics fix, but verify none of them changed SNR semantics.
Process SpawnPoolWorker-1:
Traceback (most recent call last):
  File "/home/jasper/.local/share/uv/python/cpython-3.13.13-linux-x86_64-gnu/lib/python3.13/multiprocessing/pool.py", line 131, in worker
    put((job, i, result))
    ~~~^^^^^^^^^^^^^^^^^^
  File "/home/jasper/.local/share/uv/python/cpython-3.13.13-linux-x86_64-gnu/lib/python3.13/multiprocessing/queues.py", line 397, in put
    self._writer.send_bytes(obj)
    ~~~~~~~~~~~~~~~~~~~~~~~^^^^^
  File "/home/jasper/.local/share/uv/python/cpython-3.13.13-linux-x86_64-gnu/lib/python3.13/multiprocessing/connection.py", line 201, in send_bytes
    self._send_bytes(m[offset:offset + size])
    ~~~~~~~~~~~~~~~~^^^^^^^^^^^^^^^^^^^^^^^^^
  File "/home/jasper/.local/share/uv/python/cpython-3.13.13-linux-x86_64-gnu/lib/python3.13/multiprocessing/connection.py", line 428, in _send_bytes
    self._send(header + buf)
    ~~~~~~~~~~^^^^^^^^^^^^^^
  File "/home/jasper/.local/share/uv/python/cpython-3.13.13-linux-x86_64-gnu/lib/python3.13/multiprocessing/connection.py", line 385, in _send
    n = write(self._handle, buf)
BrokenPipeError: [Errno 32] Broken pipe

During handling of the above exception, another exception occurred:

Traceback (most recent call last):
  File "/home/jasper/.local/share/uv/python/cpython-3.13.13-linux-x86_64-gnu/lib/python3.13/multiprocessing/process.py", line 313, in _bootstrap
    self.run()
    ~~~~~~~~^^
  File "/home/jasper/.local/share/uv/python/cpython-3.13.13-linux-x86_64-gnu/lib/python3.13/multiprocessing/process.py", line 108, in run
    self._target(*self._args, **self._kwargs)
    ~~~~~~~~~~~~^^^^^^^^^^^^^^^^^^^^^^^^^^^^^
  File "/home/jasper/.local/share/uv/python/cpython-3.13.13-linux-x86_64-gnu/lib/python3.13/multiprocessing/pool.py", line 136, in worker
    put((job, i, (False, wrapped)))
    ~~~^^^^^^^^^^^^^^^^^^^^^^^^^^^^
  File "/home/jasper/.local/share/uv/python/cpython-3.13.13-linux-x86_64-gnu/lib/python3.13/multiprocessing/queues.py", line 397, in put
    self._writer.send_bytes(obj)
    ~~~~~~~~~~~~~~~~~~~~~~~^^^^^
  File "/home/jasper/.local/share/uv/python/cpython-3.13.13-linux-x86_64-gnu/lib/python3.13/multiprocessing/connection.py", line 201, in send_bytes
    self._send_bytes(m[offset:offset + size])
    ~~~~~~~~~~~~~~~~^^^^^^^^^^^^^^^^^^^^^^^^^
  File "/home/jasper/.local/share/uv/python/cpython-3.13.13-linux-x86_64-gnu/lib/python3.13/multiprocessing/connection.py", line 428, in _send_bytes
    self._send(header + buf)
    ~~~~~~~~~~^^^^^^^^^^^^^^
  File "/home/jasper/.local/share/uv/python/cpython-3.13.13-linux-x86_64-gnu/lib/python3.13/multiprocessing/connection.py", line 385, in _send
    n = write(self._handle, buf)
BrokenPipeError: [Errno 32] Broken pipe
/home/jasper/.local/share/uv/python/cpython-3.13.13-linux-x86_64-gnu/lib/python3.13/multiprocessing/resource_tracker.py:400: UserWarning: resource_tracker: There appear to be 6 leaked semaphore objects to clean up at shutdown: {'/loky-527510-nqm4f0xi', '/loky-527510-wvy9up_1', '/loky-527510-qlc3df1y', '/loky-527510-_rw3mgdw', '/loky-527510-zcnf7867', '/loky-527510-nvrehixj'}
  warnings.warn(
