{
  "h_values": [
    0.6,
    0.61,
    0.62,
    0.63,
    0.64,
    0.65,
    0.66,
    0.67,
    0.68,
    0.685,
    0.69,
    0.695,
    0.7,
    0.705,
    0.71,
    0.715,
    0.72,
    0.725,
    0.73,
    0.735,
    0.74,
    0.745,
    0.75,
    0.755,
    0.76,
    0.765,
    0.77,
    0.775,
    0.78,
    0.785,
    0.79,
    0.8,
    0.81,
    0.82,
    0.83,
    0.84,
    0.85,
    0.86
  ],
  "posterior": [
    3.0873032467499406e-49,
    1.2762560984761337e-48,
    1.3520346312069186e-45,
    3.567895256968193e-43,
    8.236814652286041e-41,
    1.4328553834938455e-36,
    4.5679465506946676e-33,
    1.4851591605060318e-30,
    1.7405650087560682e-24,
    1.1286963106441955e-22,
    1.456147372057284e-19,
    3.6808189907813807e-17,
    4.0750591554877487e-16,
    1.9202113942513542e-14,
    5.005811799433846e-12,
    1.2662976214752545e-09,
    6.358002761588986e-07,
    5.453503802390565e-05,
    0.0002659338469102404,
    0.0014751006200285246,
    0.008937038406195606,
    0.08619885492787423,
    0.12610947472815087,
    0.23418805453676042,
    0.12249847458194817,
    0.37321076762753475,
    0.027412606216509202,
    0.018493160831417815,
    0.001086316964456624,
    6.836878298822804e-05,
    6.39322585302803e-07,
    1.3128418183736456e-08,
    4.4292203534870116e-09,
    1.3367374193698551e-08,
    1.5687183960032716e-09,
    1.7503860246077437e-09,
    1.9425980298801788e-09,
    3.1030154301733793e-10
  ],
  "strategy": "physics-floor",
  "n_events_total": 412,
  "n_events_used": 412,
  "n_events_excluded": 0,
  "n_events_empty": 5,
  "map_h": 0.765,
  "map_posterior": 0.37321076762753475,
  "variant": "posteriors",
  "D_h_per_h": [
    4517541.574337583,
    4524392.908732413,
    4469388.994603712,
    4424231.227406331,
    4397883.390952846,
    4336039.411098938,
    4326700.079547169,
    4306130.753335101,
    4231185.566825446,
    4233284.576069257,
    4185015.478794509,
    4164591.2841585577,
    4174875.5507220197,
    4186395.115511235,
    4167807.5015304056,
    4144772.807146417,
    4108684.1415312504,
    4083388.372314765,
    4083187.184897903,
    4069925.23928565,
    4066193.4342245297,
    4046512.461091212,
    4026463.918066016,
    4018060.781448631,
    3986556.4809623915,
    3950798.6244882965,
    3919439.0119638215,
    3880830.517457922,
    3874463.691503474,
    3845327.4885157193,
    3838615.043301674,
    3800045.3912358903,
    3780614.751632008,
    3751465.8658554223,
    3738769.5421102527,
    3709656.058940277,
    3660869.30908231,
    3620704.4332131697
  ]
}