Injection pool spans 2 code revisions (a9f29e82, f6449051) — legitimate for straggler resubmits after a non-physics fix, but verify none of them changed SNR semantics.
Event -1: 171 host(s) have f_k == 0 across the whole host-z window (empty/ZoA pixel) — host-z kernel falls back to the w_pop-only form for those hosts (further occurrences in this worker are suppressed).
Injection pool spans 2 code revisions (a9f29e82, f6449051) — legitimate for straggler resubmits after a non-physics fix, but verify none of them changed SNR semantics.
Event 1: >5% quadrature weight outside P_det grid — numerator=0.000, denominator=0.060 (repeats for this event suppressed)
Event 3: >5% quadrature weight outside P_det grid — numerator=0.000, denominator=0.051 (repeats for this event suppressed)
Event 3: >5% quadrature weight outside P_det grid — numerator=0.000, denominator=0.050 (repeats for this event suppressed)
Event 3: >5% quadrature weight outside P_det grid — numerator=0.000, denominator=0.051 (repeats for this event suppressed)
Event 3: >5% quadrature weight outside P_det grid — numerator=0.000, denominator=0.051 (repeats for this event suppressed)
Event 3: >5% quadrature weight outside P_det grid — numerator=0.000, denominator=0.051 (repeats for this event suppressed)
Event 3: >5% quadrature weight outside P_det grid — numerator=0.000, denominator=0.051 (repeats for this event suppressed)
Event 3: >5% quadrature weight outside P_det grid — numerator=0.000, denominator=0.050 (repeats for this event suppressed)
Event 3: >5% quadrature weight outside P_det grid — numerator=0.000, denominator=0.051 (repeats for this event suppressed)
Event 3: >5% quadrature weight outside P_det grid — numerator=0.000, denominator=0.050 (repeats for this event suppressed)
Event 3: >5% quadrature weight outside P_det grid — numerator=0.000, denominator=0.050 (repeats for this event suppressed)
Event 3: >5% quadrature weight outside P_det grid — numerator=0.000, denominator=0.051 (repeats for this event suppressed)
Event 4: >5% quadrature weight outside P_det grid — numerator=0.000, denominator=0.050 (repeats for this event suppressed)
Event 4: >5% quadrature weight outside P_det grid — numerator=0.000, denominator=0.050 (repeats for this event suppressed)
Event 4: >5% quadrature weight outside P_det grid — numerator=0.000, denominator=0.066 (repeats for this event suppressed)
Event 4: >5% quadrature weight outside P_det grid — numerator=0.000, denominator=0.053 (repeats for this event suppressed)
Event 4: >5% quadrature weight outside P_det grid — numerator=0.000, denominator=0.053 (repeats for this event suppressed)
Event 4: >5% quadrature weight outside P_det grid — numerator=0.000, denominator=0.069 (repeats for this event suppressed)
Event 4: >5% quadrature weight outside P_det grid — numerator=0.000, denominator=0.054 (repeats for this event suppressed)
Event 4: >5% quadrature weight outside P_det grid — numerator=0.000, denominator=0.055 (repeats for this event suppressed)
Event 4: >5% quadrature weight outside P_det grid — numerator=0.000, denominator=0.052 (repeats for this event suppressed)
Event 4: >5% quadrature weight outside P_det grid — numerator=0.000, denominator=0.064 (repeats for this event suppressed)
Event 4: >5% quadrature weight outside P_det grid — numerator=0.000, denominator=0.064 (repeats for this event suppressed)
Event 4: >5% quadrature weight outside P_det grid — numerator=0.000, denominator=0.060 (repeats for this event suppressed)
Event 4: >5% quadrature weight outside P_det grid — numerator=0.000, denominator=0.060 (repeats for this event suppressed)
Event 4: >5% quadrature weight outside P_det grid — numerator=0.000, denominator=0.051 (repeats for this event suppressed)
Detection 4: fused completion mass factor zero at 50/50 quadrature nodes (0 beyond the detection horizon, S_4D=0; 50 off the phi support).
Event 5: >5% quadrature weight outside P_det grid — numerator=0.000, denominator=0.070 (repeats for this event suppressed)
Event 5: >5% quadrature weight outside P_det grid — numerator=0.000, denominator=0.068 (repeats for this event suppressed)
Event 5: >5% quadrature weight outside P_det grid — numerator=0.000, denominator=0.072 (repeats for this event suppressed)
Event 5: >5% quadrature weight outside P_det grid — numerator=0.000, denominator=0.055 (repeats for this event suppressed)
Event 5: >5% quadrature weight outside P_det grid — numerator=0.000, denominator=0.081 (repeats for this event suppressed)
Event 5: >5% quadrature weight outside P_det grid — numerator=0.000, denominator=0.071 (repeats for this event suppressed)
Event 5: >5% quadrature weight outside P_det grid — numerator=0.000, denominator=0.051 (repeats for this event suppressed)
Event 5: >5% quadrature weight outside P_det grid — numerator=0.000, denominator=0.059 (repeats for this event suppressed)
Event 5: >5% quadrature weight outside P_det grid — numerator=0.000, denominator=0.063 (repeats for this event suppressed)
Event 5: >5% quadrature weight outside P_det grid — numerator=0.000, denominator=0.068 (repeats for this event suppressed)
Event 5: >5% quadrature weight outside P_det grid — numerator=0.000, denominator=0.086 (repeats for this event suppressed)
Event 5: >5% quadrature weight outside P_det grid — numerator=0.000, denominator=0.058 (repeats for this event suppressed)
Event 5: >5% quadrature weight outside P_det grid — numerator=0.000, denominator=0.066 (repeats for this event suppressed)
Event 5: >5% quadrature weight outside P_det grid — numerator=0.000, denominator=0.067 (repeats for this event suppressed)
Event 6: >5% quadrature weight outside P_det grid — numerator=0.000, denominator=0.052 (repeats for this event suppressed)
Event 6: >5% quadrature weight outside P_det grid — numerator=0.000, denominator=0.058 (repeats for this event suppressed)
Event 6: >5% quadrature weight outside P_det grid — numerator=0.000, denominator=0.066 (repeats for this event suppressed)
Event 6: >5% quadrature weight outside P_det grid — numerator=0.000, denominator=0.055 (repeats for this event suppressed)
Event 6: >5% quadrature weight outside P_det grid — numerator=0.000, denominator=0.054 (repeats for this event suppressed)
Event 6: >5% quadrature weight outside P_det grid — numerator=0.000, denominator=0.053 (repeats for this event suppressed)
Event 6: >5% quadrature weight outside P_det grid — numerator=0.000, denominator=0.054 (repeats for this event suppressed)
Event 6: >5% quadrature weight outside P_det grid — numerator=0.000, denominator=0.061 (repeats for this event suppressed)
Event 6: >5% quadrature weight outside P_det grid — numerator=0.000, denominator=0.054 (repeats for this event suppressed)
Event 6: >5% quadrature weight outside P_det grid — numerator=0.000, denominator=0.062 (repeats for this event suppressed)
Event 6: >5% quadrature weight outside P_det grid — numerator=0.000, denominator=0.062 (repeats for this event suppressed)
Event 6: >5% quadrature weight outside P_det grid — numerator=0.000, denominator=0.058 (repeats for this event suppressed)
Event 6: >5% quadrature weight outside P_det grid — numerator=0.000, denominator=0.053 (repeats for this event suppressed)
Event 6: >5% quadrature weight outside P_det grid — numerator=0.000, denominator=0.059 (repeats for this event suppressed)
No possible hosts. Returning None.
Detection 7: no catalogue hosts in the localization volume — pure-completion fallback p_i = B_num/D (issue #29)
Detection 7: no catalog results found
Event 8: >5% quadrature weight outside P_det grid — numerator=0.000, denominator=0.065 (repeats for this event suppressed)
Event 8: >5% quadrature weight outside P_det grid — numerator=0.000, denominator=0.055 (repeats for this event suppressed)
Event 8: >5% quadrature weight outside P_det grid — numerator=0.000, denominator=0.065 (repeats for this event suppressed)
Event 8: >5% quadrature weight outside P_det grid — numerator=0.000, denominator=0.061 (repeats for this event suppressed)
Event 8: >5% quadrature weight outside P_det grid — numerator=0.000, denominator=0.066 (repeats for this event suppressed)
Event 8: >5% quadrature weight outside P_det grid — numerator=0.000, denominator=0.051 (repeats for this event suppressed)
Event 8: >5% quadrature weight outside P_det grid — numerator=0.000, denominator=0.057 (repeats for this event suppressed)
Event 8: >5% quadrature weight outside P_det grid — numerator=0.000, denominator=0.145 (repeats for this event suppressed)
Event 8: >5% quadrature weight outside P_det grid — numerator=0.000, denominator=0.054 (repeats for this event suppressed)
Event 8: >5% quadrature weight outside P_det grid — numerator=0.000, denominator=0.075 (repeats for this event suppressed)
Event 8: >5% quadrature weight outside P_det grid — numerator=0.000, denominator=0.054 (repeats for this event suppressed)
Event 8: >5% quadrature weight outside P_det grid — numerator=0.000, denominator=0.058 (repeats for this event suppressed)
Event 8: >5% quadrature weight outside P_det grid — numerator=0.000, denominator=0.070 (repeats for this event suppressed)
Event 8: >5% quadrature weight outside P_det grid — numerator=0.000, denominator=0.062 (repeats for this event suppressed)
Detection 8: fused completion mass factor zero at 50/50 quadrature nodes (0 beyond the detection horizon, S_4D=0; 50 off the phi support).
Event 9: >5% quadrature weight outside P_det grid — numerator=0.000, denominator=0.156 (repeats for this event suppressed)
Event 9: >5% quadrature weight outside P_det grid — numerator=0.000, denominator=0.075 (repeats for this event suppressed)
Event 9: >5% quadrature weight outside P_det grid — numerator=0.000, denominator=0.073 (repeats for this event suppressed)
Event 9: >5% quadrature weight outside P_det grid — numerator=0.000, denominator=0.066 (repeats for this event suppressed)
Event 9: >5% quadrature weight outside P_det grid — numerator=0.000, denominator=0.064 (repeats for this event suppressed)
Event 9: >5% quadrature weight outside P_det grid — numerator=0.000, denominator=0.071 (repeats for this event suppressed)
Event 9: >5% quadrature weight outside P_det grid — numerator=0.000, denominator=0.084 (repeats for this event suppressed)
Event 9: >5% quadrature weight outside P_det grid — numerator=0.000, denominator=0.064 (repeats for this event suppressed)
Event 9: >5% quadrature weight outside P_det grid — numerator=0.000, denominator=0.068 (repeats for this event suppressed)
Event 9: >5% quadrature weight outside P_det grid — numerator=0.000, denominator=0.077 (repeats for this event suppressed)
Event 9: >5% quadrature weight outside P_det grid — numerator=0.000, denominator=0.062 (repeats for this event suppressed)
Event 9: >5% quadrature weight outside P_det grid — numerator=0.000, denominator=0.060 (repeats for this event suppressed)
Event 9: >5% quadrature weight outside P_det grid — numerator=0.000, denominator=0.062 (repeats for this event suppressed)
Event 9: >5% quadrature weight outside P_det grid — numerator=0.000, denominator=0.154 (repeats for this event suppressed)
Event 11: >5% quadrature weight outside P_det grid — numerator=0.000, denominator=0.063 (repeats for this event suppressed)
Event 11: >5% quadrature weight outside P_det grid — numerator=0.000, denominator=0.063 (repeats for this event suppressed)
Event 11: >5% quadrature weight outside P_det grid — numerator=0.000, denominator=0.053 (repeats for this event suppressed)
Event 11: >5% quadrature weight outside P_det grid — numerator=0.000, denominator=0.055 (repeats for this event suppressed)
Event 11: >5% quadrature weight outside P_det grid — numerator=0.000, denominator=0.068 (repeats for this event suppressed)
Event 11: >5% quadrature weight outside P_det grid — numerator=0.000, denominator=0.061 (repeats for this event suppressed)
Event 11: >5% quadrature weight outside P_det grid — numerator=0.000, denominator=0.052 (repeats for this event suppressed)
Event 11: >5% quadrature weight outside P_det grid — numerator=0.000, denominator=0.074 (repeats for this event suppressed)
Event 11: >5% quadrature weight outside P_det grid — numerator=0.000, denominator=0.066 (repeats for this event suppressed)
Event 11: >5% quadrature weight outside P_det grid — numerator=0.000, denominator=0.078 (repeats for this event suppressed)
Event 11: >5% quadrature weight outside P_det grid — numerator=0.000, denominator=0.065 (repeats for this event suppressed)
Event 11: >5% quadrature weight outside P_det grid — numerator=0.000, denominator=0.057 (repeats for this event suppressed)
Event 12: >5% quadrature weight outside P_det grid — numerator=0.000, denominator=0.057 (repeats for this event suppressed)
Event 12: >5% quadrature weight outside P_det grid — numerator=0.000, denominator=0.070 (repeats for this event suppressed)
Event 12: >5% quadrature weight outside P_det grid — numerator=0.000, denominator=0.053 (repeats for this event suppressed)
Event 12: >5% quadrature weight outside P_det grid — numerator=0.000, denominator=0.064 (repeats for this event suppressed)
Event 12: >5% quadrature weight outside P_det grid — numerator=0.000, denominator=0.066 (repeats for this event suppressed)
Event 12: >5% quadrature weight outside P_det grid — numerator=0.000, denominator=0.087 (repeats for this event suppressed)
Event 12: >5% quadrature weight outside P_det grid — numerator=0.000, denominator=0.073 (repeats for this event suppressed)
Event 12: >5% quadrature weight outside P_det grid — numerator=0.000, denominator=0.085 (repeats for this event suppressed)
Event 12: >5% quadrature weight outside P_det grid — numerator=0.000, denominator=0.075 (repeats for this event suppressed)
Event 12: >5% quadrature weight outside P_det grid — numerator=0.000, denominator=0.056 (repeats for this event suppressed)
Event 12: >5% quadrature weight outside P_det grid — numerator=0.000, denominator=0.056 (repeats for this event suppressed)
Event 12: >5% quadrature weight outside P_det grid — numerator=0.000, denominator=0.069 (repeats for this event suppressed)
Event 12: >5% quadrature weight outside P_det grid — numerator=0.000, denominator=0.082 (repeats for this event suppressed)
Event 12: >5% quadrature weight outside P_det grid — numerator=0.000, denominator=0.056 (repeats for this event suppressed)
Event 13: >5% quadrature weight outside P_det grid — numerator=0.000, denominator=0.054 (repeats for this event suppressed)
Event 13: >5% quadrature weight outside P_det grid — numerator=0.000, denominator=0.059 (repeats for this event suppressed)
Event 13: >5% quadrature weight outside P_det grid — numerator=0.000, denominator=0.065 (repeats for this event suppressed)
Event 13: >5% quadrature weight outside P_det grid — numerator=0.000, denominator=0.067 (repeats for this event suppressed)
Event 13: >5% quadrature weight outside P_det grid — numerator=0.000, denominator=0.072 (repeats for this event suppressed)
Event 13: >5% quadrature weight outside P_det grid — numerator=0.000, denominator=0.065 (repeats for this event suppressed)
Event 13: >5% quadrature weight outside P_det grid — numerator=0.000, denominator=0.068 (repeats for this event suppressed)
Event 13: >5% quadrature weight outside P_det grid — numerator=0.000, denominator=0.051 (repeats for this event suppressed)
Event 13: >5% quadrature weight outside P_det grid — numerator=0.000, denominator=0.087 (repeats for this event suppressed)
Event 13: >5% quadrature weight outside P_det grid — numerator=0.000, denominator=0.060 (repeats for this event suppressed)
Event 13: >5% quadrature weight outside P_det grid — numerator=0.000, denominator=0.051 (repeats for this event suppressed)
Event 13: >5% quadrature weight outside P_det grid — numerator=0.000, denominator=0.077 (repeats for this event suppressed)
Event 13: >5% quadrature weight outside P_det grid — numerator=0.000, denominator=0.061 (repeats for this event suppressed)
Event 13: >5% quadrature weight outside P_det grid — numerator=0.000, denominator=0.062 (repeats for this event suppressed)
Detection 13: fused completion mass factor zero at 50/50 quadrature nodes (0 beyond the detection horizon, S_4D=0; 50 off the phi support).
Event 16: >5% quadrature weight outside P_det grid — numerator=0.000, denominator=0.055 (repeats for this event suppressed)
Event 16: >5% quadrature weight outside P_det grid — numerator=0.000, denominator=0.051 (repeats for this event suppressed)
Event 16: >5% quadrature weight outside P_det grid — numerator=0.000, denominator=0.062 (repeats for this event suppressed)
Event 16: >5% quadrature weight outside P_det grid — numerator=0.000, denominator=0.052 (repeats for this event suppressed)
Event 16: >5% quadrature weight outside P_det grid — numerator=0.000, denominator=0.058 (repeats for this event suppressed)
Event 16: >5% quadrature weight outside P_det grid — numerator=0.000, denominator=0.060 (repeats for this event suppressed)
Event 16: >5% quadrature weight outside P_det grid — numerator=0.000, denominator=0.060 (repeats for this event suppressed)
Event 16: >5% quadrature weight outside P_det grid — numerator=0.000, denominator=0.054 (repeats for this event suppressed)
Event 16: >5% quadrature weight outside P_det grid — numerator=0.000, denominator=0.053 (repeats for this event suppressed)
Event 16: >5% quadrature weight outside P_det grid — numerator=0.000, denominator=0.055 (repeats for this event suppressed)
Event 16: >5% quadrature weight outside P_det grid — numerator=0.000, denominator=0.081 (repeats for this event suppressed)
Event 16: >5% quadrature weight outside P_det grid — numerator=0.000, denominator=0.062 (repeats for this event suppressed)
Event 16: >5% quadrature weight outside P_det grid — numerator=0.000, denominator=0.081 (repeats for this event suppressed)
Event 16: >5% quadrature weight outside P_det grid — numerator=0.000, denominator=0.052 (repeats for this event suppressed)
Event 17: >5% quadrature weight outside P_det grid — numerator=0.000, denominator=0.080 (repeats for this event suppressed)
Event 17: >5% quadrature weight outside P_det grid — numerator=0.000, denominator=0.063 (repeats for this event suppressed)
Event 17: >5% quadrature weight outside P_det grid — numerator=0.000, denominator=0.052 (repeats for this event suppressed)
Event 17: >5% quadrature weight outside P_det grid — numerator=0.000, denominator=0.061 (repeats for this event suppressed)
Event 17: >5% quadrature weight outside P_det grid — numerator=0.000, denominator=0.072 (repeats for this event suppressed)
Event 17: >5% quadrature weight outside P_det grid — numerator=0.000, denominator=0.071 (repeats for this event suppressed)
Event 17: >5% quadrature weight outside P_det grid — numerator=0.000, denominator=0.055 (repeats for this event suppressed)
Event 17: >5% quadrature weight outside P_det grid — numerator=0.000, denominator=0.064 (repeats for this event suppressed)
Event 17: >5% quadrature weight outside P_det grid — numerator=0.000, denominator=0.051 (repeats for this event suppressed)
Event 17: >5% quadrature weight outside P_det grid — numerator=0.000, denominator=0.056 (repeats for this event suppressed)
Event 17: >5% quadrature weight outside P_det grid — numerator=0.000, denominator=0.051 (repeats for this event suppressed)
Event 17: >5% quadrature weight outside P_det grid — numerator=0.000, denominator=0.057 (repeats for this event suppressed)
Event 17: >5% quadrature weight outside P_det grid — numerator=0.000, denominator=0.053 (repeats for this event suppressed)
Event 17: >5% quadrature weight outside P_det grid — numerator=0.000, denominator=0.054 (repeats for this event suppressed)
Event 18: >5% quadrature weight outside P_det grid — numerator=0.000, denominator=0.076 (repeats for this event suppressed)
Event 18: >5% quadrature weight outside P_det grid — numerator=0.000, denominator=0.058 (repeats for this event suppressed)
Event 18: >5% quadrature weight outside P_det grid — numerator=0.000, denominator=0.069 (repeats for this event suppressed)
Event 18: >5% quadrature weight outside P_det grid — numerator=0.000, denominator=0.067 (repeats for this event suppressed)
Event 18: >5% quadrature weight outside P_det grid — numerator=0.000, denominator=0.060 (repeats for this event suppressed)
Event 18: >5% quadrature weight outside P_det grid — numerator=0.000, denominator=0.069 (repeats for this event suppressed)
Detection 18: fused completion mass factor zero at 50/50 quadrature nodes (0 beyond the detection horizon, S_4D=0; 50 off the phi support).
Event 19: >5% quadrature weight outside P_det grid — numerator=0.000, denominator=0.065 (repeats for this event suppressed)
Event 19: >5% quadrature weight outside P_det grid — numerator=0.000, denominator=0.059 (repeats for this event suppressed)
Event 19: >5% quadrature weight outside P_det grid — numerator=0.000, denominator=0.060 (repeats for this event suppressed)
Event 19: >5% quadrature weight outside P_det grid — numerator=0.000, denominator=0.064 (repeats for this event suppressed)
Event 19: >5% quadrature weight outside P_det grid — numerator=0.000, denominator=0.054 (repeats for this event suppressed)
Event 19: >5% quadrature weight outside P_det grid — numerator=0.000, denominator=0.055 (repeats for this event suppressed)
Event 19: >5% quadrature weight outside P_det grid — numerator=0.000, denominator=0.051 (repeats for this event suppressed)
Event 19: >5% quadrature weight outside P_det grid — numerator=0.000, denominator=0.065 (repeats for this event suppressed)
Event 19: >5% quadrature weight outside P_det grid — numerator=0.000, denominator=0.064 (repeats for this event suppressed)
Event 19: >5% quadrature weight outside P_det grid — numerator=0.000, denominator=0.059 (repeats for this event suppressed)
Event 19: >5% quadrature weight outside P_det grid — numerator=0.000, denominator=0.054 (repeats for this event suppressed)
Event 19: >5% quadrature weight outside P_det grid — numerator=0.000, denominator=0.068 (repeats for this event suppressed)
Event 19: >5% quadrature weight outside P_det grid — numerator=0.000, denominator=0.061 (repeats for this event suppressed)
Event 19: >5% quadrature weight outside P_det grid — numerator=0.000, denominator=0.068 (repeats for this event suppressed)
Event 20: >5% quadrature weight outside P_det grid — numerator=0.000, denominator=0.051 (repeats for this event suppressed)
Event 20: >5% quadrature weight outside P_det grid — numerator=0.000, denominator=0.057 (repeats for this event suppressed)
Event 20: >5% quadrature weight outside P_det grid — numerator=0.000, denominator=0.067 (repeats for this event suppressed)
Event 20: >5% quadrature weight outside P_det grid — numerator=0.000, denominator=0.081 (repeats for this event suppressed)
Event 20: >5% quadrature weight outside P_det grid — numerator=0.000, denominator=0.051 (repeats for this event suppressed)
Event 20: >5% quadrature weight outside P_det grid — numerator=0.000, denominator=0.054 (repeats for this event suppressed)
Event 20: >5% quadrature weight outside P_det grid — numerator=0.000, denominator=0.062 (repeats for this event suppressed)
Event 20: >5% quadrature weight outside P_det grid — numerator=0.000, denominator=0.054 (repeats for this event suppressed)
Event 20: >5% quadrature weight outside P_det grid — numerator=0.000, denominator=0.050 (repeats for this event suppressed)
Event 20: >5% quadrature weight outside P_det grid — numerator=0.000, denominator=0.071 (repeats for this event suppressed)
Event 20: >5% quadrature weight outside P_det grid — numerator=0.000, denominator=0.059 (repeats for this event suppressed)
Event 20: >5% quadrature weight outside P_det grid — numerator=0.000, denominator=0.053 (repeats for this event suppressed)
Event 20: >5% quadrature weight outside P_det grid — numerator=0.000, denominator=0.053 (repeats for this event suppressed)
Event 20: >5% quadrature weight outside P_det grid — numerator=0.000, denominator=0.070 (repeats for this event suppressed)
Event 23: >5% quadrature weight outside P_det grid — numerator=0.000, denominator=0.059 (repeats for this event suppressed)
Event 23: >5% quadrature weight outside P_det grid — numerator=0.000, denominator=0.063 (repeats for this event suppressed)
Event 23: >5% quadrature weight outside P_det grid — numerator=0.000, denominator=0.052 (repeats for this event suppressed)
Event 23: >5% quadrature weight outside P_det grid — numerator=0.000, denominator=0.089 (repeats for this event suppressed)
Event 23: >5% quadrature weight outside P_det grid — numerator=0.000, denominator=0.064 (repeats for this event suppressed)
Event 23: >5% quadrature weight outside P_det grid — numerator=0.000, denominator=0.060 (repeats for this event suppressed)
Event 23: >5% quadrature weight outside P_det grid — numerator=0.000, denominator=0.056 (repeats for this event suppressed)
Event 23: >5% quadrature weight outside P_det grid — numerator=0.000, denominator=0.069 (repeats for this event suppressed)
Event 23: >5% quadrature weight outside P_det grid — numerator=0.000, denominator=0.068 (repeats for this event suppressed)
Event 25: >5% quadrature weight outside P_det grid — numerator=0.000, denominator=0.076 (repeats for this event suppressed)
Event 25: >5% quadrature weight outside P_det grid — numerator=0.000, denominator=0.060 (repeats for this event suppressed)
Event 25: >5% quadrature weight outside P_det grid — numerator=0.000, denominator=0.058 (repeats for this event suppressed)
Event 25: >5% quadrature weight outside P_det grid — numerator=0.000, denominator=0.062 (repeats for this event suppressed)
Event 25: >5% quadrature weight outside P_det grid — numerator=0.000, denominator=0.067 (repeats for this event suppressed)
Event 25: >5% quadrature weight outside P_det grid — numerator=0.000, denominator=0.054 (repeats for this event suppressed)
Event 25: >5% quadrature weight outside P_det grid — numerator=0.000, denominator=0.066 (repeats for this event suppressed)
Event 25: >5% quadrature weight outside P_det grid — numerator=0.000, denominator=0.120 (repeats for this event suppressed)
Event 25: >5% quadrature weight outside P_det grid — numerator=0.000, denominator=0.086 (repeats for this event suppressed)
Event 25: >5% quadrature weight outside P_det grid — numerator=0.000, denominator=0.066 (repeats for this event suppressed)
Event 25: >5% quadrature weight outside P_det grid — numerator=0.000, denominator=0.068 (repeats for this event suppressed)
Event 25: >5% quadrature weight outside P_det grid — numerator=0.000, denominator=0.078 (repeats for this event suppressed)
Event 25: >5% quadrature weight outside P_det grid — numerator=0.000, denominator=0.062 (repeats for this event suppressed)
Event 25: >5% quadrature weight outside P_det grid — numerator=0.000, denominator=0.064 (repeats for this event suppressed)
Event 26: >5% quadrature weight outside P_det grid — numerator=0.000, denominator=0.059 (repeats for this event suppressed)
Event 26: >5% quadrature weight outside P_det grid — numerator=0.000, denominator=0.060 (repeats for this event suppressed)
Event 26: >5% quadrature weight outside P_det grid — numerator=0.000, denominator=0.061 (repeats for this event suppressed)
Event 26: >5% quadrature weight outside P_det grid — numerator=0.000, denominator=0.077 (repeats for this event suppressed)
Event 26: >5% quadrature weight outside P_det grid — numerator=0.000, denominator=0.086 (repeats for this event suppressed)
Event 26: >5% quadrature weight outside P_det grid — numerator=0.000, denominator=0.054 (repeats for this event suppressed)
Event 26: >5% quadrature weight outside P_det grid — numerator=0.000, denominator=0.077 (repeats for this event suppressed)
Event 26: >5% quadrature weight outside P_det grid — numerator=0.000, denominator=0.065 (repeats for this event suppressed)
Event 26: >5% quadrature weight outside P_det grid — numerator=0.000, denominator=0.059 (repeats for this event suppressed)
Event 26: >5% quadrature weight outside P_det grid — numerator=0.000, denominator=0.051 (repeats for this event suppressed)
Event 26: >5% quadrature weight outside P_det grid — numerator=0.000, denominator=0.055 (repeats for this event suppressed)
Event 26: >5% quadrature weight outside P_det grid — numerator=0.000, denominator=0.076 (repeats for this event suppressed)
Event 26: >5% quadrature weight outside P_det grid — numerator=0.000, denominator=0.182 (repeats for this event suppressed)
Event 26: >5% quadrature weight outside P_det grid — numerator=0.000, denominator=0.058 (repeats for this event suppressed)
Detection 26: fused completion mass factor zero at 50/50 quadrature nodes (0 beyond the detection horizon, S_4D=0; 50 off the phi support).
Event 27: >5% quadrature weight outside P_det grid — numerator=0.000, denominator=0.070 (repeats for this event suppressed)
Event 27: >5% quadrature weight outside P_det grid — numerator=0.000, denominator=0.054 (repeats for this event suppressed)
Event 27: >5% quadrature weight outside P_det grid — numerator=0.000, denominator=0.058 (repeats for this event suppressed)
Event 27: >5% quadrature weight outside P_det grid — numerator=0.000, denominator=0.058 (repeats for this event suppressed)
Event 27: >5% quadrature weight outside P_det grid — numerator=0.000, denominator=0.066 (repeats for this event suppressed)
Event 27: >5% quadrature weight outside P_det grid — numerator=0.000, denominator=0.070 (repeats for this event suppressed)
Event 27: >5% quadrature weight outside P_det grid — numerator=0.000, denominator=0.080 (repeats for this event suppressed)
Event 27: >5% quadrature weight outside P_det grid — numerator=0.000, denominator=0.062 (repeats for this event suppressed)
Event 27: >5% quadrature weight outside P_det grid — numerator=0.000, denominator=0.051 (repeats for this event suppressed)
Event 27: >5% quadrature weight outside P_det grid — numerator=0.000, denominator=0.053 (repeats for this event suppressed)
Event 27: >5% quadrature weight outside P_det grid — numerator=0.000, denominator=0.077 (repeats for this event suppressed)
Event 27: >5% quadrature weight outside P_det grid — numerator=0.000, denominator=0.069 (repeats for this event suppressed)
Event 27: >5% quadrature weight outside P_det grid — numerator=0.000, denominator=0.057 (repeats for this event suppressed)
Event 27: >5% quadrature weight outside P_det grid — numerator=0.000, denominator=0.051 (repeats for this event suppressed)
No possible hosts. Returning None.
Detection 29: no catalogue hosts in the localization volume — pure-completion fallback p_i = B_num/D (issue #29)
Detection 29: no catalog results found
Detection 29: fused completion mass factor zero at 50/50 quadrature nodes (0 beyond the detection horizon, S_4D=0; 50 off the phi support).
Event 30: >5% quadrature weight outside P_det grid — numerator=0.000, denominator=0.062 (repeats for this event suppressed)
Event 30: >5% quadrature weight outside P_det grid — numerator=0.000, denominator=0.055 (repeats for this event suppressed)
Event 30: >5% quadrature weight outside P_det grid — numerator=0.000, denominator=0.067 (repeats for this event suppressed)
Event 30: >5% quadrature weight outside P_det grid — numerator=0.000, denominator=0.058 (repeats for this event suppressed)
Event 30: >5% quadrature weight outside P_det grid — numerator=0.000, denominator=0.080 (repeats for this event suppressed)
Event 30: >5% quadrature weight outside P_det grid — numerator=0.000, denominator=0.096 (repeats for this event suppressed)
Event 30: >5% quadrature weight outside P_det grid — numerator=0.000, denominator=0.075 (repeats for this event suppressed)
Event 30: >5% quadrature weight outside P_det grid — numerator=0.000, denominator=0.079 (repeats for this event suppressed)
Event 30: >5% quadrature weight outside P_det grid — numerator=0.000, denominator=0.060 (repeats for this event suppressed)
Event 30: >5% quadrature weight outside P_det grid — numerator=0.000, denominator=0.065 (repeats for this event suppressed)
Event 30: >5% quadrature weight outside P_det grid — numerator=0.000, denominator=0.060 (repeats for this event suppressed)
Event 30: >5% quadrature weight outside P_det grid — numerator=0.000, denominator=0.056 (repeats for this event suppressed)
Event 30: >5% quadrature weight outside P_det grid — numerator=0.000, denominator=0.063 (repeats for this event suppressed)
Event 30: >5% quadrature weight outside P_det grid — numerator=0.000, denominator=0.085 (repeats for this event suppressed)
Event 32: >5% quadrature weight outside P_det grid — numerator=0.000, denominator=0.055 (repeats for this event suppressed)
Event 32: >5% quadrature weight outside P_det grid — numerator=0.000, denominator=0.055 (repeats for this event suppressed)
Event 32: >5% quadrature weight outside P_det grid — numerator=0.000, denominator=0.051 (repeats for this event suppressed)
Event 32: >5% quadrature weight outside P_det grid — numerator=0.000, denominator=0.052 (repeats for this event suppressed)
Event 32: >5% quadrature weight outside P_det grid — numerator=0.000, denominator=0.051 (repeats for this event suppressed)
Event 32: >5% quadrature weight outside P_det grid — numerator=0.000, denominator=0.055 (repeats for this event suppressed)
Event 32: >5% quadrature weight outside P_det grid — numerator=0.000, denominator=0.054 (repeats for this event suppressed)
Event 32: >5% quadrature weight outside P_det grid — numerator=0.000, denominator=0.052 (repeats for this event suppressed)
Event 32: >5% quadrature weight outside P_det grid — numerator=0.000, denominator=0.051 (repeats for this event suppressed)
Event 32: >5% quadrature weight outside P_det grid — numerator=0.000, denominator=0.054 (repeats for this event suppressed)
Event 32: >5% quadrature weight outside P_det grid — numerator=0.000, denominator=0.051 (repeats for this event suppressed)
Event 32: >5% quadrature weight outside P_det grid — numerator=0.000, denominator=0.054 (repeats for this event suppressed)
Event 32: >5% quadrature weight outside P_det grid — numerator=0.000, denominator=0.052 (repeats for this event suppressed)
Event 32: >5% quadrature weight outside P_det grid — numerator=0.000, denominator=0.051 (repeats for this event suppressed)
Event 34: >5% quadrature weight outside P_det grid — numerator=0.000, denominator=0.053 (repeats for this event suppressed)
Event 34: >5% quadrature weight outside P_det grid — numerator=0.000, denominator=0.054 (repeats for this event suppressed)
Event 34: >5% quadrature weight outside P_det grid — numerator=0.000, denominator=0.054 (repeats for this event suppressed)
Event 34: >5% quadrature weight outside P_det grid — numerator=0.000, denominator=0.067 (repeats for this event suppressed)
Event 34: >5% quadrature weight outside P_det grid — numerator=0.000, denominator=0.053 (repeats for this event suppressed)
Event 34: >5% quadrature weight outside P_det grid — numerator=0.000, denominator=0.055 (repeats for this event suppressed)
Event 34: >5% quadrature weight outside P_det grid — numerator=0.000, denominator=0.070 (repeats for this event suppressed)
Event 34: >5% quadrature weight outside P_det grid — numerator=0.000, denominator=0.051 (repeats for this event suppressed)
Event 34: >5% quadrature weight outside P_det grid — numerator=0.000, denominator=0.063 (repeats for this event suppressed)
Event 34: >5% quadrature weight outside P_det grid — numerator=0.000, denominator=0.057 (repeats for this event suppressed)
Event 34: >5% quadrature weight outside P_det grid — numerator=0.000, denominator=0.063 (repeats for this event suppressed)
Event 34: >5% quadrature weight outside P_det grid — numerator=0.000, denominator=0.056 (repeats for this event suppressed)
Event 34: >5% quadrature weight outside P_det grid — numerator=0.000, denominator=0.062 (repeats for this event suppressed)
Event 35: >5% quadrature weight outside P_det grid — numerator=0.000, denominator=0.087 (repeats for this event suppressed)
Detection 35: fused completion mass factor zero at 50/50 quadrature nodes (0 beyond the detection horizon, S_4D=0; 50 off the phi support).
Event 37: >5% quadrature weight outside P_det grid — numerator=0.000, denominator=0.067 (repeats for this event suppressed)
Event 37: >5% quadrature weight outside P_det grid — numerator=0.000, denominator=0.067 (repeats for this event suppressed)
Event 38: >5% quadrature weight outside P_det grid — numerator=0.000, denominator=0.062 (repeats for this event suppressed)
Event 38: >5% quadrature weight outside P_det grid — numerator=0.000, denominator=0.064 (repeats for this event suppressed)
Event 38: >5% quadrature weight outside P_det grid — numerator=0.000, denominator=0.061 (repeats for this event suppressed)
Event 38: >5% quadrature weight outside P_det grid — numerator=0.000, denominator=0.064 (repeats for this event suppressed)
Event 38: >5% quadrature weight outside P_det grid — numerator=0.000, denominator=0.122 (repeats for this event suppressed)
Event 38: >5% quadrature weight outside P_det grid — numerator=0.000, denominator=0.067 (repeats for this event suppressed)
Event 38: >5% quadrature weight outside P_det grid — numerator=0.000, denominator=0.064 (repeats for this event suppressed)
Event 38: >5% quadrature weight outside P_det grid — numerator=0.000, denominator=0.057 (repeats for this event suppressed)
Event 38: >5% quadrature weight outside P_det grid — numerator=0.000, denominator=0.050 (repeats for this event suppressed)
Event 38: >5% quadrature weight outside P_det grid — numerator=0.000, denominator=0.058 (repeats for this event suppressed)
Event 38: >5% quadrature weight outside P_det grid — numerator=0.000, denominator=0.070 (repeats for this event suppressed)
Event 38: >5% quadrature weight outside P_det grid — numerator=0.000, denominator=0.070 (repeats for this event suppressed)
Event 38: >5% quadrature weight outside P_det grid — numerator=0.000, denominator=0.062 (repeats for this event suppressed)
Event 38: >5% quadrature weight outside P_det grid — numerator=0.000, denominator=0.054 (repeats for this event suppressed)
Event 40: >5% quadrature weight outside P_det grid — numerator=0.000, denominator=0.059 (repeats for this event suppressed)
Event 40: >5% quadrature weight outside P_det grid — numerator=0.000, denominator=0.073 (repeats for this event suppressed)
Event 40: >5% quadrature weight outside P_det grid — numerator=0.000, denominator=0.057 (repeats for this event suppressed)
Event 40: >5% quadrature weight outside P_det grid — numerator=0.000, denominator=0.062 (repeats for this event suppressed)
Event 40: >5% quadrature weight outside P_det grid — numerator=0.000, denominator=0.060 (repeats for this event suppressed)
Event 40: >5% quadrature weight outside P_det grid — numerator=0.000, denominator=0.059 (repeats for this event suppressed)
Event 40: >5% quadrature weight outside P_det grid — numerator=0.000, denominator=0.078 (repeats for this event suppressed)
Event 40: >5% quadrature weight outside P_det grid — numerator=0.000, denominator=0.062 (repeats for this event suppressed)
Event 40: >5% quadrature weight outside P_det grid — numerator=0.000, denominator=0.052 (repeats for this event suppressed)
Event 40: >5% quadrature weight outside P_det grid — numerator=0.000, denominator=0.060 (repeats for this event suppressed)
Event 40: >5% quadrature weight outside P_det grid — numerator=0.000, denominator=0.056 (repeats for this event suppressed)
Event 40: >5% quadrature weight outside P_det grid — numerator=0.000, denominator=0.073 (repeats for this event suppressed)
Event 40: >5% quadrature weight outside P_det grid — numerator=0.000, denominator=0.055 (repeats for this event suppressed)
Event 40: >5% quadrature weight outside P_det grid — numerator=0.000, denominator=0.081 (repeats for this event suppressed)
Event 42: >5% quadrature weight outside P_det grid — numerator=0.000, denominator=0.055 (repeats for this event suppressed)
Event 42: >5% quadrature weight outside P_det grid — numerator=0.000, denominator=0.055 (repeats for this event suppressed)
Event 42: >5% quadrature weight outside P_det grid — numerator=0.000, denominator=0.064 (repeats for this event suppressed)
Event 42: >5% quadrature weight outside P_det grid — numerator=0.000, denominator=0.056 (repeats for this event suppressed)
Event 42: >5% quadrature weight outside P_det grid — numerator=0.000, denominator=0.066 (repeats for this event suppressed)
Event 42: >5% quadrature weight outside P_det grid — numerator=0.000, denominator=0.059 (repeats for this event suppressed)
Event 42: >5% quadrature weight outside P_det grid — numerator=0.000, denominator=0.058 (repeats for this event suppressed)
Event 42: >5% quadrature weight outside P_det grid — numerator=0.000, denominator=0.059 (repeats for this event suppressed)
Event 42: >5% quadrature weight outside P_det grid — numerator=0.000, denominator=0.060 (repeats for this event suppressed)
Event 42: >5% quadrature weight outside P_det grid — numerator=0.000, denominator=0.074 (repeats for this event suppressed)
Event 42: >5% quadrature weight outside P_det grid — numerator=0.000, denominator=0.059 (repeats for this event suppressed)
Detection 42: fused completion mass factor zero at 50/50 quadrature nodes (0 beyond the detection horizon, S_4D=0; 50 off the phi support).
Event 44: >5% quadrature weight outside P_det grid — numerator=0.000, denominator=0.079 (repeats for this event suppressed)
Event 44: >5% quadrature weight outside P_det grid — numerator=0.000, denominator=0.072 (repeats for this event suppressed)
Event 44: >5% quadrature weight outside P_det grid — numerator=0.000, denominator=0.055 (repeats for this event suppressed)
Event 44: >5% quadrature weight outside P_det grid — numerator=0.000, denominator=0.050 (repeats for this event suppressed)
Event 44: >5% quadrature weight outside P_det grid — numerator=0.000, denominator=0.051 (repeats for this event suppressed)
Event 44: >5% quadrature weight outside P_det grid — numerator=0.000, denominator=0.073 (repeats for this event suppressed)
Event 44: >5% quadrature weight outside P_det grid — numerator=0.000, denominator=0.081 (repeats for this event suppressed)
Event 44: >5% quadrature weight outside P_det grid — numerator=0.000, denominator=0.072 (repeats for this event suppressed)
Event 44: >5% quadrature weight outside P_det grid — numerator=0.000, denominator=0.082 (repeats for this event suppressed)
Event 44: >5% quadrature weight outside P_det grid — numerator=0.000, denominator=0.088 (repeats for this event suppressed)
Event 44: >5% quadrature weight outside P_det grid — numerator=0.000, denominator=0.055 (repeats for this event suppressed)
Event 44: >5% quadrature weight outside P_det grid — numerator=0.000, denominator=0.080 (repeats for this event suppressed)
Event 44: >5% quadrature weight outside P_det grid — numerator=0.000, denominator=0.056 (repeats for this event suppressed)
Event 44: >5% quadrature weight outside P_det grid — numerator=0.000, denominator=0.067 (repeats for this event suppressed)
Event 51: >5% quadrature weight outside P_det grid — numerator=0.000, denominator=0.066 (repeats for this event suppressed)
Event 51: >5% quadrature weight outside P_det grid — numerator=0.000, denominator=0.064 (repeats for this event suppressed)
Event 51: >5% quadrature weight outside P_det grid — numerator=0.000, denominator=0.061 (repeats for this event suppressed)
Event 51: >5% quadrature weight outside P_det grid — numerator=0.000, denominator=0.060 (repeats for this event suppressed)
Event 51: >5% quadrature weight outside P_det grid — numerator=0.000, denominator=0.068 (repeats for this event suppressed)
Event 51: >5% quadrature weight outside P_det grid — numerator=0.000, denominator=0.053 (repeats for this event suppressed)
Event 51: >5% quadrature weight outside P_det grid — numerator=0.000, denominator=0.058 (repeats for this event suppressed)
Event 53: >5% quadrature weight outside P_det grid — numerator=0.000, denominator=0.061 (repeats for this event suppressed)
Event 53: >5% quadrature weight outside P_det grid — numerator=0.000, denominator=0.051 (repeats for this event suppressed)
Event 53: >5% quadrature weight outside P_det grid — numerator=0.000, denominator=0.055 (repeats for this event suppressed)
Event 53: >5% quadrature weight outside P_det grid — numerator=0.000, denominator=0.060 (repeats for this event suppressed)
Event 53: >5% quadrature weight outside P_det grid — numerator=0.000, denominator=0.067 (repeats for this event suppressed)
Event 53: >5% quadrature weight outside P_det grid — numerator=0.000, denominator=0.062 (repeats for this event suppressed)
Event 53: >5% quadrature weight outside P_det grid — numerator=0.000, denominator=0.058 (repeats for this event suppressed)
Event 53: >5% quadrature weight outside P_det grid — numerator=0.000, denominator=0.057 (repeats for this event suppressed)
Event 53: >5% quadrature weight outside P_det grid — numerator=0.000, denominator=0.057 (repeats for this event suppressed)
Event 53: >5% quadrature weight outside P_det grid — numerator=0.000, denominator=0.052 (repeats for this event suppressed)
Event 53: >5% quadrature weight outside P_det grid — numerator=0.000, denominator=0.055 (repeats for this event suppressed)
Event 53: >5% quadrature weight outside P_det grid — numerator=0.000, denominator=0.054 (repeats for this event suppressed)
Event 53: >5% quadrature weight outside P_det grid — numerator=0.000, denominator=0.073 (repeats for this event suppressed)
Event 56: >5% quadrature weight outside P_det grid — numerator=0.000, denominator=0.051 (repeats for this event suppressed)
Event 56: >5% quadrature weight outside P_det grid — numerator=0.000, denominator=0.066 (repeats for this event suppressed)
Event 56: >5% quadrature weight outside P_det grid — numerator=0.000, denominator=0.053 (repeats for this event suppressed)
Event 56: >5% quadrature weight outside P_det grid — numerator=0.000, denominator=0.062 (repeats for this event suppressed)
Event 56: >5% quadrature weight outside P_det grid — numerator=0.000, denominator=0.054 (repeats for this event suppressed)
Event 56: >5% quadrature weight outside P_det grid — numerator=0.000, denominator=0.054 (repeats for this event suppressed)
Event 56: >5% quadrature weight outside P_det grid — numerator=0.000, denominator=0.051 (repeats for this event suppressed)
Event 56: >5% quadrature weight outside P_det grid — numerator=0.000, denominator=0.057 (repeats for this event suppressed)
Event 56: >5% quadrature weight outside P_det grid — numerator=0.000, denominator=0.051 (repeats for this event suppressed)
Event 56: >5% quadrature weight outside P_det grid — numerator=0.000, denominator=0.051 (repeats for this event suppressed)
Event 57: >5% quadrature weight outside P_det grid — numerator=0.000, denominator=0.051 (repeats for this event suppressed)
Event 57: >5% quadrature weight outside P_det grid — numerator=0.000, denominator=0.061 (repeats for this event suppressed)
Event 57: >5% quadrature weight outside P_det grid — numerator=0.000, denominator=0.052 (repeats for this event suppressed)
Event 57: >5% quadrature weight outside P_det grid — numerator=0.000, denominator=0.058 (repeats for this event suppressed)
Event 57: >5% quadrature weight outside P_det grid — numerator=0.000, denominator=0.065 (repeats for this event suppressed)
Event 57: >5% quadrature weight outside P_det grid — numerator=0.000, denominator=0.051 (repeats for this event suppressed)
Event 57: >5% quadrature weight outside P_det grid — numerator=0.000, denominator=0.055 (repeats for this event suppressed)
Event 57: >5% quadrature weight outside P_det grid — numerator=0.000, denominator=0.050 (repeats for this event suppressed)
Event 57: >5% quadrature weight outside P_det grid — numerator=0.000, denominator=0.055 (repeats for this event suppressed)
Event 57: >5% quadrature weight outside P_det grid — numerator=0.000, denominator=0.055 (repeats for this event suppressed)
Event 57: >5% quadrature weight outside P_det grid — numerator=0.000, denominator=0.063 (repeats for this event suppressed)
Event 57: >5% quadrature weight outside P_det grid — numerator=0.000, denominator=0.064 (repeats for this event suppressed)
Event 57: >5% quadrature weight outside P_det grid — numerator=0.000, denominator=0.064 (repeats for this event suppressed)
Event 57: >5% quadrature weight outside P_det grid — numerator=0.000, denominator=0.059 (repeats for this event suppressed)
Event 60: >5% quadrature weight outside P_det grid — numerator=0.000, denominator=0.057 (repeats for this event suppressed)
Event 64: >5% quadrature weight outside P_det grid — numerator=0.000, denominator=0.075 (repeats for this event suppressed)
Event 64: >5% quadrature weight outside P_det grid — numerator=0.000, denominator=0.052 (repeats for this event suppressed)
Event 64: >5% quadrature weight outside P_det grid — numerator=0.000, denominator=0.069 (repeats for this event suppressed)
Event 64: >5% quadrature weight outside P_det grid — numerator=0.000, denominator=0.068 (repeats for this event suppressed)
Event 64: >5% quadrature weight outside P_det grid — numerator=0.000, denominator=0.068 (repeats for this event suppressed)
Event 64: >5% quadrature weight outside P_det grid — numerator=0.000, denominator=0.077 (repeats for this event suppressed)
Event 64: >5% quadrature weight outside P_det grid — numerator=0.000, denominator=0.073 (repeats for this event suppressed)
Event 64: >5% quadrature weight outside P_det grid — numerator=0.000, denominator=0.062 (repeats for this event suppressed)
Event 64: >5% quadrature weight outside P_det grid — numerator=0.000, denominator=0.078 (repeats for this event suppressed)
Event 64: >5% quadrature weight outside P_det grid — numerator=0.000, denominator=0.065 (repeats for this event suppressed)
Event 64: >5% quadrature weight outside P_det grid — numerator=0.000, denominator=0.073 (repeats for this event suppressed)
Event 64: >5% quadrature weight outside P_det grid — numerator=0.000, denominator=0.071 (repeats for this event suppressed)
Event 64: >5% quadrature weight outside P_det grid — numerator=0.000, denominator=0.078 (repeats for this event suppressed)
Event 64: >5% quadrature weight outside P_det grid — numerator=0.000, denominator=0.057 (repeats for this event suppressed)
Event 65: >5% quadrature weight outside P_det grid — numerator=0.000, denominator=0.079 (repeats for this event suppressed)
Event 65: >5% quadrature weight outside P_det grid — numerator=0.000, denominator=0.082 (repeats for this event suppressed)
Event 65: >5% quadrature weight outside P_det grid — numerator=0.000, denominator=0.065 (repeats for this event suppressed)
Event 65: >5% quadrature weight outside P_det grid — numerator=0.000, denominator=0.060 (repeats for this event suppressed)
Event 65: >5% quadrature weight outside P_det grid — numerator=0.000, denominator=0.087 (repeats for this event suppressed)
Event 65: >5% quadrature weight outside P_det grid — numerator=0.000, denominator=0.088 (repeats for this event suppressed)
Event 65: >5% quadrature weight outside P_det grid — numerator=0.000, denominator=0.056 (repeats for this event suppressed)
Event 65: >5% quadrature weight outside P_det grid — numerator=0.000, denominator=0.072 (repeats for this event suppressed)
Event 65: >5% quadrature weight outside P_det grid — numerator=0.000, denominator=0.080 (repeats for this event suppressed)
Event 65: >5% quadrature weight outside P_det grid — numerator=0.000, denominator=0.087 (repeats for this event suppressed)
Event 65: >5% quadrature weight outside P_det grid — numerator=0.000, denominator=0.080 (repeats for this event suppressed)
Event 65: >5% quadrature weight outside P_det grid — numerator=0.000, denominator=0.099 (repeats for this event suppressed)
Event 65: >5% quadrature weight outside P_det grid — numerator=0.000, denominator=0.056 (repeats for this event suppressed)
Event 65: >5% quadrature weight outside P_det grid — numerator=0.000, denominator=0.062 (repeats for this event suppressed)
Event 67: >5% quadrature weight outside P_det grid — numerator=0.000, denominator=0.065 (repeats for this event suppressed)
Event 67: >5% quadrature weight outside P_det grid — numerator=0.000, denominator=0.056 (repeats for this event suppressed)
Event 67: >5% quadrature weight outside P_det grid — numerator=0.000, denominator=0.057 (repeats for this event suppressed)
Event 67: >5% quadrature weight outside P_det grid — numerator=0.000, denominator=0.058 (repeats for this event suppressed)
Event 67: >5% quadrature weight outside P_det grid — numerator=0.000, denominator=0.097 (repeats for this event suppressed)
Event 67: >5% quadrature weight outside P_det grid — numerator=0.000, denominator=0.053 (repeats for this event suppressed)
Event 67: >5% quadrature weight outside P_det grid — numerator=0.000, denominator=0.062 (repeats for this event suppressed)
Event 67: >5% quadrature weight outside P_det grid — numerator=0.000, denominator=0.055 (repeats for this event suppressed)
Event 67: >5% quadrature weight outside P_det grid — numerator=0.000, denominator=0.070 (repeats for this event suppressed)
Event 67: >5% quadrature weight outside P_det grid — numerator=0.000, denominator=0.069 (repeats for this event suppressed)
Event 67: >5% quadrature weight outside P_det grid — numerator=0.000, denominator=0.075 (repeats for this event suppressed)
Event 67: >5% quadrature weight outside P_det grid — numerator=0.000, denominator=0.060 (repeats for this event suppressed)
Event 67: >5% quadrature weight outside P_det grid — numerator=0.000, denominator=0.063 (repeats for this event suppressed)
Event 67: >5% quadrature weight outside P_det grid — numerator=0.000, denominator=0.058 (repeats for this event suppressed)
Detection 67: fused completion mass factor zero at 50/50 quadrature nodes (0 beyond the detection horizon, S_4D=0; 50 off the phi support).
Event 69: >5% quadrature weight outside P_det grid — numerator=0.000, denominator=0.051 (repeats for this event suppressed)
Event 69: >5% quadrature weight outside P_det grid — numerator=0.000, denominator=0.051 (repeats for this event suppressed)
Event 69: >5% quadrature weight outside P_det grid — numerator=0.000, denominator=0.163 (repeats for this event suppressed)
Event 69: >5% quadrature weight outside P_det grid — numerator=0.000, denominator=0.061 (repeats for this event suppressed)
Event 69: >5% quadrature weight outside P_det grid — numerator=0.000, denominator=0.056 (repeats for this event suppressed)
Event 69: >5% quadrature weight outside P_det grid — numerator=0.000, denominator=0.061 (repeats for this event suppressed)
Event 69: >5% quadrature weight outside P_det grid — numerator=0.000, denominator=0.069 (repeats for this event suppressed)
Event 69: >5% quadrature weight outside P_det grid — numerator=0.000, denominator=0.062 (repeats for this event suppressed)
Event 69: >5% quadrature weight outside P_det grid — numerator=0.000, denominator=0.059 (repeats for this event suppressed)
Event 69: >5% quadrature weight outside P_det grid — numerator=0.000, denominator=0.064 (repeats for this event suppressed)
Event 69: >5% quadrature weight outside P_det grid — numerator=0.000, denominator=0.060 (repeats for this event suppressed)
Event 69: >5% quadrature weight outside P_det grid — numerator=0.000, denominator=0.052 (repeats for this event suppressed)
Event 69: >5% quadrature weight outside P_det grid — numerator=0.000, denominator=0.064 (repeats for this event suppressed)
Event 69: >5% quadrature weight outside P_det grid — numerator=0.000, denominator=0.110 (repeats for this event suppressed)
Detection 69: fused completion mass factor zero at 50/50 quadrature nodes (0 beyond the detection horizon, S_4D=0; 50 off the phi support).
Event 70: >5% quadrature weight outside P_det grid — numerator=0.000, denominator=0.065 (repeats for this event suppressed)
Event 70: >5% quadrature weight outside P_det grid — numerator=0.000, denominator=0.068 (repeats for this event suppressed)
Event 70: >5% quadrature weight outside P_det grid — numerator=0.000, denominator=0.052 (repeats for this event suppressed)
Event 70: >5% quadrature weight outside P_det grid — numerator=0.000, denominator=0.073 (repeats for this event suppressed)
Event 70: >5% quadrature weight outside P_det grid — numerator=0.000, denominator=0.078 (repeats for this event suppressed)
Event 70: >5% quadrature weight outside P_det grid — numerator=0.000, denominator=0.054 (repeats for this event suppressed)
Event 70: >5% quadrature weight outside P_det grid — numerator=0.000, denominator=0.052 (repeats for this event suppressed)
Event 70: >5% quadrature weight outside P_det grid — numerator=0.000, denominator=0.069 (repeats for this event suppressed)
Event 70: >5% quadrature weight outside P_det grid — numerator=0.000, denominator=0.058 (repeats for this event suppressed)
Event 70: >5% quadrature weight outside P_det grid — numerator=0.000, denominator=0.057 (repeats for this event suppressed)
Event 70: >5% quadrature weight outside P_det grid — numerator=0.000, denominator=0.065 (repeats for this event suppressed)
Event 70: >5% quadrature weight outside P_det grid — numerator=0.000, denominator=0.074 (repeats for this event suppressed)
Event 70: >5% quadrature weight outside P_det grid — numerator=0.000, denominator=0.058 (repeats for this event suppressed)
Event 70: >5% quadrature weight outside P_det grid — numerator=0.000, denominator=0.052 (repeats for this event suppressed)
Event 72: >5% quadrature weight outside P_det grid — numerator=0.000, denominator=0.090 (repeats for this event suppressed)
Event 72: >5% quadrature weight outside P_det grid — numerator=0.000, denominator=0.072 (repeats for this event suppressed)
Event 72: >5% quadrature weight outside P_det grid — numerator=0.000, denominator=0.057 (repeats for this event suppressed)
Event 72: >5% quadrature weight outside P_det grid — numerator=0.000, denominator=0.056 (repeats for this event suppressed)
Event 72: >5% quadrature weight outside P_det grid — numerator=0.000, denominator=0.177 (repeats for this event suppressed)
Event 72: >5% quadrature weight outside P_det grid — numerator=0.000, denominator=0.065 (repeats for this event suppressed)
Event 72: >5% quadrature weight outside P_det grid — numerator=0.000, denominator=0.088 (repeats for this event suppressed)
Event 72: >5% quadrature weight outside P_det grid — numerator=0.000, denominator=0.077 (repeats for this event suppressed)
Event 72: >5% quadrature weight outside P_det grid — numerator=0.000, denominator=0.141 (repeats for this event suppressed)
Event 72: >5% quadrature weight outside P_det grid — numerator=0.000, denominator=0.061 (repeats for this event suppressed)
Event 72: >5% quadrature weight outside P_det grid — numerator=0.000, denominator=0.062 (repeats for this event suppressed)
Event 72: >5% quadrature weight outside P_det grid — numerator=0.000, denominator=0.062 (repeats for this event suppressed)
Event 72: >5% quadrature weight outside P_det grid — numerator=0.000, denominator=0.075 (repeats for this event suppressed)
Event 72: >5% quadrature weight outside P_det grid — numerator=0.000, denominator=0.063 (repeats for this event suppressed)
Event 73: >5% quadrature weight outside P_det grid — numerator=0.000, denominator=0.115 (repeats for this event suppressed)
Event 73: >5% quadrature weight outside P_det grid — numerator=0.000, denominator=0.071 (repeats for this event suppressed)
Event 73: >5% quadrature weight outside P_det grid — numerator=0.000, denominator=0.061 (repeats for this event suppressed)
Event 73: >5% quadrature weight outside P_det grid — numerator=0.000, denominator=0.058 (repeats for this event suppressed)
Event 73: >5% quadrature weight outside P_det grid — numerator=0.000, denominator=0.059 (repeats for this event suppressed)
Event 73: >5% quadrature weight outside P_det grid — numerator=0.000, denominator=0.068 (repeats for this event suppressed)
Event 73: >5% quadrature weight outside P_det grid — numerator=0.000, denominator=0.076 (repeats for this event suppressed)
Event 73: >5% quadrature weight outside P_det grid — numerator=0.000, denominator=0.059 (repeats for this event suppressed)
Event 73: >5% quadrature weight outside P_det grid — numerator=0.000, denominator=0.073 (repeats for this event suppressed)
Event 73: >5% quadrature weight outside P_det grid — numerator=0.000, denominator=0.069 (repeats for this event suppressed)
Event 73: >5% quadrature weight outside P_det grid — numerator=0.000, denominator=0.055 (repeats for this event suppressed)
Event 73: >5% quadrature weight outside P_det grid — numerator=0.000, denominator=0.063 (repeats for this event suppressed)
Event 73: >5% quadrature weight outside P_det grid — numerator=0.000, denominator=0.053 (repeats for this event suppressed)
Event 73: >5% quadrature weight outside P_det grid — numerator=0.000, denominator=0.067 (repeats for this event suppressed)
Detection 73: fused completion mass factor zero at 50/50 quadrature nodes (0 beyond the detection horizon, S_4D=0; 50 off the phi support).
Event 74: >5% quadrature weight outside P_det grid — numerator=0.000, denominator=0.071 (repeats for this event suppressed)
Event 74: >5% quadrature weight outside P_det grid — numerator=0.000, denominator=0.066 (repeats for this event suppressed)
Event 74: >5% quadrature weight outside P_det grid — numerator=0.000, denominator=0.081 (repeats for this event suppressed)
Event 74: >5% quadrature weight outside P_det grid — numerator=0.000, denominator=0.071 (repeats for this event suppressed)
Event 74: >5% quadrature weight outside P_det grid — numerator=0.000, denominator=0.067 (repeats for this event suppressed)
Event 77: >5% quadrature weight outside P_det grid — numerator=0.000, denominator=0.066 (repeats for this event suppressed)
Event 77: >5% quadrature weight outside P_det grid — numerator=0.000, denominator=0.074 (repeats for this event suppressed)
Event 77: >5% quadrature weight outside P_det grid — numerator=0.000, denominator=0.071 (repeats for this event suppressed)
Event 77: >5% quadrature weight outside P_det grid — numerator=0.000, denominator=0.075 (repeats for this event suppressed)
Event 77: >5% quadrature weight outside P_det grid — numerator=0.000, denominator=0.073 (repeats for this event suppressed)
Event 77: >5% quadrature weight outside P_det grid — numerator=0.000, denominator=0.062 (repeats for this event suppressed)
Event 77: >5% quadrature weight outside P_det grid — numerator=0.000, denominator=0.075 (repeats for this event suppressed)
Event 77: >5% quadrature weight outside P_det grid — numerator=0.000, denominator=0.084 (repeats for this event suppressed)
Event 77: >5% quadrature weight outside P_det grid — numerator=0.000, denominator=0.068 (repeats for this event suppressed)
Event 77: >5% quadrature weight outside P_det grid — numerator=0.000, denominator=0.073 (repeats for this event suppressed)
Event 77: >5% quadrature weight outside P_det grid — numerator=0.000, denominator=0.062 (repeats for this event suppressed)
Event 77: >5% quadrature weight outside P_det grid — numerator=0.000, denominator=0.075 (repeats for this event suppressed)
Event 77: >5% quadrature weight outside P_det grid — numerator=0.000, denominator=0.075 (repeats for this event suppressed)
Event 77: >5% quadrature weight outside P_det grid — numerator=0.000, denominator=0.062 (repeats for this event suppressed)
Detection 77: fused completion mass factor zero at 50/50 quadrature nodes (0 beyond the detection horizon, S_4D=0; 50 off the phi support).
Event 80: >5% quadrature weight outside P_det grid — numerator=0.000, denominator=0.062 (repeats for this event suppressed)
Event 80: >5% quadrature weight outside P_det grid — numerator=0.000, denominator=0.054 (repeats for this event suppressed)
Event 80: >5% quadrature weight outside P_det grid — numerator=0.000, denominator=0.066 (repeats for this event suppressed)
Event 80: >5% quadrature weight outside P_det grid — numerator=0.000, denominator=0.060 (repeats for this event suppressed)
Event 80: >5% quadrature weight outside P_det grid — numerator=0.000, denominator=0.125 (repeats for this event suppressed)
Event 80: >5% quadrature weight outside P_det grid — numerator=0.000, denominator=0.062 (repeats for this event suppressed)
Event 80: >5% quadrature weight outside P_det grid — numerator=0.000, denominator=0.051 (repeats for this event suppressed)
Event 80: >5% quadrature weight outside P_det grid — numerator=0.000, denominator=0.081 (repeats for this event suppressed)
Event 80: >5% quadrature weight outside P_det grid — numerator=0.000, denominator=0.050 (repeats for this event suppressed)
Event 80: >5% quadrature weight outside P_det grid — numerator=0.000, denominator=0.051 (repeats for this event suppressed)
Detection 80: fused completion mass factor zero at 50/50 quadrature nodes (0 beyond the detection horizon, S_4D=0; 50 off the phi support).
Event 84: >5% quadrature weight outside P_det grid — numerator=0.000, denominator=0.075 (repeats for this event suppressed)
Event 84: >5% quadrature weight outside P_det grid — numerator=0.000, denominator=0.057 (repeats for this event suppressed)
Event 84: >5% quadrature weight outside P_det grid — numerator=0.000, denominator=0.109 (repeats for this event suppressed)
Event 84: >5% quadrature weight outside P_det grid — numerator=0.000, denominator=0.059 (repeats for this event suppressed)
Event 84: >5% quadrature weight outside P_det grid — numerator=0.000, denominator=0.071 (repeats for this event suppressed)
Event 84: >5% quadrature weight outside P_det grid — numerator=0.000, denominator=0.059 (repeats for this event suppressed)
Event 84: >5% quadrature weight outside P_det grid — numerator=0.000, denominator=0.070 (repeats for this event suppressed)
Event 84: >5% quadrature weight outside P_det grid — numerator=0.000, denominator=0.076 (repeats for this event suppressed)
Event 84: >5% quadrature weight outside P_det grid — numerator=0.000, denominator=0.052 (repeats for this event suppressed)
Event 84: >5% quadrature weight outside P_det grid — numerator=0.000, denominator=0.052 (repeats for this event suppressed)
Event 84: >5% quadrature weight outside P_det grid — numerator=0.000, denominator=0.054 (repeats for this event suppressed)
Event 84: >5% quadrature weight outside P_det grid — numerator=0.000, denominator=0.055 (repeats for this event suppressed)
Event 84: >5% quadrature weight outside P_det grid — numerator=0.000, denominator=0.051 (repeats for this event suppressed)
Event 84: >5% quadrature weight outside P_det grid — numerator=0.000, denominator=0.058 (repeats for this event suppressed)
Detection 84: fused completion mass factor zero at 50/50 quadrature nodes (0 beyond the detection horizon, S_4D=0; 50 off the phi support).
Event 85: >5% quadrature weight outside P_det grid — numerator=0.000, denominator=0.168 (repeats for this event suppressed)
Event 85: >5% quadrature weight outside P_det grid — numerator=0.000, denominator=0.090 (repeats for this event suppressed)
Event 85: >5% quadrature weight outside P_det grid — numerator=0.000, denominator=0.090 (repeats for this event suppressed)
Event 85: >5% quadrature weight outside P_det grid — numerator=0.000, denominator=0.090 (repeats for this event suppressed)
Event 85: >5% quadrature weight outside P_det grid — numerator=0.000, denominator=0.091 (repeats for this event suppressed)
Event 85: >5% quadrature weight outside P_det grid — numerator=0.000, denominator=0.091 (repeats for this event suppressed)
Event 85: >5% quadrature weight outside P_det grid — numerator=0.000, denominator=0.091 (repeats for this event suppressed)
Event 85: >5% quadrature weight outside P_det grid — numerator=0.000, denominator=0.090 (repeats for this event suppressed)
Event 85: >5% quadrature weight outside P_det grid — numerator=0.000, denominator=0.092 (repeats for this event suppressed)
Event 90: >5% quadrature weight outside P_det grid — numerator=0.000, denominator=0.060 (repeats for this event suppressed)
Event 90: >5% quadrature weight outside P_det grid — numerator=0.000, denominator=0.052 (repeats for this event suppressed)
Event 90: >5% quadrature weight outside P_det grid — numerator=0.000, denominator=0.054 (repeats for this event suppressed)
Event 90: >5% quadrature weight outside P_det grid — numerator=0.000, denominator=0.056 (repeats for this event suppressed)
Event 90: >5% quadrature weight outside P_det grid — numerator=0.000, denominator=0.053 (repeats for this event suppressed)
Event 90: >5% quadrature weight outside P_det grid — numerator=0.000, denominator=0.060 (repeats for this event suppressed)
Event 90: >5% quadrature weight outside P_det grid — numerator=0.000, denominator=0.054 (repeats for this event suppressed)
Event 90: >5% quadrature weight outside P_det grid — numerator=0.000, denominator=0.051 (repeats for this event suppressed)
Event 90: >5% quadrature weight outside P_det grid — numerator=0.000, denominator=0.054 (repeats for this event suppressed)
Event 90: >5% quadrature weight outside P_det grid — numerator=0.000, denominator=0.055 (repeats for this event suppressed)
Event 90: >5% quadrature weight outside P_det grid — numerator=0.000, denominator=0.057 (repeats for this event suppressed)
Event 90: >5% quadrature weight outside P_det grid — numerator=0.000, denominator=0.053 (repeats for this event suppressed)
Event 90: >5% quadrature weight outside P_det grid — numerator=0.000, denominator=0.056 (repeats for this event suppressed)
Event 90: >5% quadrature weight outside P_det grid — numerator=0.000, denominator=0.058 (repeats for this event suppressed)
Event 92: >5% quadrature weight outside P_det grid — numerator=0.000, denominator=0.070 (repeats for this event suppressed)
Event 92: >5% quadrature weight outside P_det grid — numerator=0.000, denominator=0.071 (repeats for this event suppressed)
Event 92: >5% quadrature weight outside P_det grid — numerator=0.000, denominator=0.086 (repeats for this event suppressed)
Event 92: >5% quadrature weight outside P_det grid — numerator=0.000, denominator=0.083 (repeats for this event suppressed)
Event 92: >5% quadrature weight outside P_det grid — numerator=0.000, denominator=0.062 (repeats for this event suppressed)
Event 92: >5% quadrature weight outside P_det grid — numerator=0.000, denominator=0.070 (repeats for this event suppressed)
Event 92: >5% quadrature weight outside P_det grid — numerator=0.000, denominator=0.070 (repeats for this event suppressed)
Event 92: >5% quadrature weight outside P_det grid — numerator=0.000, denominator=0.084 (repeats for this event suppressed)
Event 92: >5% quadrature weight outside P_det grid — numerator=0.000, denominator=0.063 (repeats for this event suppressed)
Event 92: >5% quadrature weight outside P_det grid — numerator=0.000, denominator=0.075 (repeats for this event suppressed)
Event 92: >5% quadrature weight outside P_det grid — numerator=0.000, denominator=0.070 (repeats for this event suppressed)
Event 92: >5% quadrature weight outside P_det grid — numerator=0.000, denominator=0.077 (repeats for this event suppressed)
Event 92: >5% quadrature weight outside P_det grid — numerator=0.000, denominator=0.085 (repeats for this event suppressed)
Event 92: >5% quadrature weight outside P_det grid — numerator=0.000, denominator=0.076 (repeats for this event suppressed)
Event 93: >5% quadrature weight outside P_det grid — numerator=0.000, denominator=0.066 (repeats for this event suppressed)
Event 93: >5% quadrature weight outside P_det grid — numerator=0.000, denominator=0.057 (repeats for this event suppressed)
Event 93: >5% quadrature weight outside P_det grid — numerator=0.000, denominator=0.069 (repeats for this event suppressed)
Event 93: >5% quadrature weight outside P_det grid — numerator=0.000, denominator=0.058 (repeats for this event suppressed)
Event 93: >5% quadrature weight outside P_det grid — numerator=0.000, denominator=0.067 (repeats for this event suppressed)
Event 93: >5% quadrature weight outside P_det grid — numerator=0.000, denominator=0.060 (repeats for this event suppressed)
Event 93: >5% quadrature weight outside P_det grid — numerator=0.000, denominator=0.064 (repeats for this event suppressed)
Event 93: >5% quadrature weight outside P_det grid — numerator=0.000, denominator=0.060 (repeats for this event suppressed)
Event 93: >5% quadrature weight outside P_det grid — numerator=0.000, denominator=0.084 (repeats for this event suppressed)
Event 93: >5% quadrature weight outside P_det grid — numerator=0.000, denominator=0.068 (repeats for this event suppressed)
Event 94: >5% quadrature weight outside P_det grid — numerator=0.000, denominator=0.056 (repeats for this event suppressed)
Event 94: >5% quadrature weight outside P_det grid — numerator=0.000, denominator=0.060 (repeats for this event suppressed)
Event 94: >5% quadrature weight outside P_det grid — numerator=0.000, denominator=0.079 (repeats for this event suppressed)
Event 94: >5% quadrature weight outside P_det grid — numerator=0.000, denominator=0.059 (repeats for this event suppressed)
Event 94: >5% quadrature weight outside P_det grid — numerator=0.000, denominator=0.067 (repeats for this event suppressed)
Event 94: >5% quadrature weight outside P_det grid — numerator=0.000, denominator=0.063 (repeats for this event suppressed)
Event 94: >5% quadrature weight outside P_det grid — numerator=0.000, denominator=0.063 (repeats for this event suppressed)
Event 94: >5% quadrature weight outside P_det grid — numerator=0.000, denominator=0.069 (repeats for this event suppressed)
Event 94: >5% quadrature weight outside P_det grid — numerator=0.000, denominator=0.053 (repeats for this event suppressed)
Event 94: >5% quadrature weight outside P_det grid — numerator=0.000, denominator=0.060 (repeats for this event suppressed)
Event 94: >5% quadrature weight outside P_det grid — numerator=0.000, denominator=0.056 (repeats for this event suppressed)
Event 94: >5% quadrature weight outside P_det grid — numerator=0.000, denominator=0.060 (repeats for this event suppressed)
Event 94: >5% quadrature weight outside P_det grid — numerator=0.000, denominator=0.076 (repeats for this event suppressed)
Event 94: >5% quadrature weight outside P_det grid — numerator=0.000, denominator=0.067 (repeats for this event suppressed)
No possible hosts. Returning None.
Detection 99: no catalogue hosts in the localization volume — pure-completion fallback p_i = B_num/D (issue #29)
Detection 99: no catalog results found
Event 100: >5% quadrature weight outside P_det grid — numerator=0.000, denominator=0.072 (repeats for this event suppressed)
Event 100: >5% quadrature weight outside P_det grid — numerator=0.000, denominator=0.061 (repeats for this event suppressed)
Event 100: >5% quadrature weight outside P_det grid — numerator=0.000, denominator=0.059 (repeats for this event suppressed)
Event 100: >5% quadrature weight outside P_det grid — numerator=0.000, denominator=0.077 (repeats for this event suppressed)
Event 101: >5% quadrature weight outside P_det grid — numerator=0.000, denominator=0.061 (repeats for this event suppressed)
Event 101: >5% quadrature weight outside P_det grid — numerator=0.000, denominator=0.051 (repeats for this event suppressed)
Event 102: >5% quadrature weight outside P_det grid — numerator=0.000, denominator=0.057 (repeats for this event suppressed)
Event 102: >5% quadrature weight outside P_det grid — numerator=0.000, denominator=0.052 (repeats for this event suppressed)
Event 102: >5% quadrature weight outside P_det grid — numerator=0.000, denominator=0.068 (repeats for this event suppressed)
Event 102: >5% quadrature weight outside P_det grid — numerator=0.000, denominator=0.075 (repeats for this event suppressed)
Event 102: >5% quadrature weight outside P_det grid — numerator=0.000, denominator=0.102 (repeats for this event suppressed)
Event 102: >5% quadrature weight outside P_det grid — numerator=0.000, denominator=0.067 (repeats for this event suppressed)
Event 102: >5% quadrature weight outside P_det grid — numerator=0.000, denominator=0.061 (repeats for this event suppressed)
Event 102: >5% quadrature weight outside P_det grid — numerator=0.000, denominator=0.056 (repeats for this event suppressed)
Event 102: >5% quadrature weight outside P_det grid — numerator=0.000, denominator=0.059 (repeats for this event suppressed)
Event 102: >5% quadrature weight outside P_det grid — numerator=0.000, denominator=0.059 (repeats for this event suppressed)
Event 102: >5% quadrature weight outside P_det grid — numerator=0.000, denominator=0.064 (repeats for this event suppressed)
Event 102: >5% quadrature weight outside P_det grid — numerator=0.000, denominator=0.069 (repeats for this event suppressed)
Event 102: >5% quadrature weight outside P_det grid — numerator=0.000, denominator=0.055 (repeats for this event suppressed)
Event 102: >5% quadrature weight outside P_det grid — numerator=0.000, denominator=0.057 (repeats for this event suppressed)
Detection 102: fused completion mass factor zero at 50/50 quadrature nodes (0 beyond the detection horizon, S_4D=0; 50 off the phi support).
Event 103: >5% quadrature weight outside P_det grid — numerator=0.000, denominator=0.093 (repeats for this event suppressed)
Event 103: >5% quadrature weight outside P_det grid — numerator=0.000, denominator=0.061 (repeats for this event suppressed)
Event 103: >5% quadrature weight outside P_det grid — numerator=0.000, denominator=0.091 (repeats for this event suppressed)
Event 103: >5% quadrature weight outside P_det grid — numerator=0.000, denominator=0.084 (repeats for this event suppressed)
Event 103: >5% quadrature weight outside P_det grid — numerator=0.000, denominator=0.083 (repeats for this event suppressed)
Event 103: >5% quadrature weight outside P_det grid — numerator=0.000, denominator=0.067 (repeats for this event suppressed)
Event 103: >5% quadrature weight outside P_det grid — numerator=0.000, denominator=0.067 (repeats for this event suppressed)
Event 103: >5% quadrature weight outside P_det grid — numerator=0.000, denominator=0.071 (repeats for this event suppressed)
Event 103: >5% quadrature weight outside P_det grid — numerator=0.000, denominator=0.061 (repeats for this event suppressed)
Event 103: >5% quadrature weight outside P_det grid — numerator=0.000, denominator=0.054 (repeats for this event suppressed)
Event 103: >5% quadrature weight outside P_det grid — numerator=0.000, denominator=0.080 (repeats for this event suppressed)
Event 103: >5% quadrature weight outside P_det grid — numerator=0.000, denominator=0.064 (repeats for this event suppressed)
Event 103: >5% quadrature weight outside P_det grid — numerator=0.000, denominator=0.103 (repeats for this event suppressed)
No possible hosts. Returning None.
Detection 108: no catalogue hosts in the localization volume — pure-completion fallback p_i = B_num/D (issue #29)
Detection 108: no catalog results found
Event 109: >5% quadrature weight outside P_det grid — numerator=0.000, denominator=0.071 (repeats for this event suppressed)
Event 109: >5% quadrature weight outside P_det grid — numerator=0.000, denominator=0.071 (repeats for this event suppressed)
Event 109: >5% quadrature weight outside P_det grid — numerator=0.000, denominator=0.055 (repeats for this event suppressed)
Event 109: >5% quadrature weight outside P_det grid — numerator=0.000, denominator=0.054 (repeats for this event suppressed)
Event 109: >5% quadrature weight outside P_det grid — numerator=0.000, denominator=0.060 (repeats for this event suppressed)
Event 109: >5% quadrature weight outside P_det grid — numerator=0.000, denominator=0.054 (repeats for this event suppressed)
Event 109: >5% quadrature weight outside P_det grid — numerator=0.000, denominator=0.052 (repeats for this event suppressed)
Event 109: >5% quadrature weight outside P_det grid — numerator=0.000, denominator=0.052 (repeats for this event suppressed)
Event 109: >5% quadrature weight outside P_det grid — numerator=0.000, denominator=0.065 (repeats for this event suppressed)
Event 109: >5% quadrature weight outside P_det grid — numerator=0.000, denominator=0.063 (repeats for this event suppressed)
Event 109: >5% quadrature weight outside P_det grid — numerator=0.000, denominator=0.069 (repeats for this event suppressed)
Event 109: >5% quadrature weight outside P_det grid — numerator=0.000, denominator=0.053 (repeats for this event suppressed)
Event 109: >5% quadrature weight outside P_det grid — numerator=0.000, denominator=0.051 (repeats for this event suppressed)
Event 109: >5% quadrature weight outside P_det grid — numerator=0.000, denominator=0.065 (repeats for this event suppressed)
Event 111: >5% quadrature weight outside P_det grid — numerator=0.000, denominator=0.080 (repeats for this event suppressed)
Event 111: >5% quadrature weight outside P_det grid — numerator=0.000, denominator=0.057 (repeats for this event suppressed)
Event 111: >5% quadrature weight outside P_det grid — numerator=0.000, denominator=0.071 (repeats for this event suppressed)
Event 111: >5% quadrature weight outside P_det grid — numerator=0.000, denominator=0.065 (repeats for this event suppressed)
Event 111: >5% quadrature weight outside P_det grid — numerator=0.000, denominator=0.053 (repeats for this event suppressed)
Event 111: >5% quadrature weight outside P_det grid — numerator=0.000, denominator=0.054 (repeats for this event suppressed)
Event 111: >5% quadrature weight outside P_det grid — numerator=0.000, denominator=0.068 (repeats for this event suppressed)
Event 111: >5% quadrature weight outside P_det grid — numerator=0.000, denominator=0.053 (repeats for this event suppressed)
Event 111: >5% quadrature weight outside P_det grid — numerator=0.000, denominator=0.076 (repeats for this event suppressed)
Event 111: >5% quadrature weight outside P_det grid — numerator=0.000, denominator=0.052 (repeats for this event suppressed)
Event 114: >5% quadrature weight outside P_det grid — numerator=0.000, denominator=0.051 (repeats for this event suppressed)
Event 114: >5% quadrature weight outside P_det grid — numerator=0.000, denominator=0.056 (repeats for this event suppressed)
Event 114: >5% quadrature weight outside P_det grid — numerator=0.000, denominator=0.066 (repeats for this event suppressed)
Event 114: >5% quadrature weight outside P_det grid — numerator=0.000, denominator=0.071 (repeats for this event suppressed)
Event 114: >5% quadrature weight outside P_det grid — numerator=0.000, denominator=0.051 (repeats for this event suppressed)
Event 114: >5% quadrature weight outside P_det grid — numerator=0.000, denominator=0.055 (repeats for this event suppressed)
Event 114: >5% quadrature weight outside P_det grid — numerator=0.000, denominator=0.069 (repeats for this event suppressed)
Event 114: >5% quadrature weight outside P_det grid — numerator=0.000, denominator=0.071 (repeats for this event suppressed)
Event 114: >5% quadrature weight outside P_det grid — numerator=0.000, denominator=0.075 (repeats for this event suppressed)
Event 114: >5% quadrature weight outside P_det grid — numerator=0.000, denominator=0.069 (repeats for this event suppressed)
Event 114: >5% quadrature weight outside P_det grid — numerator=0.000, denominator=0.058 (repeats for this event suppressed)
Event 114: >5% quadrature weight outside P_det grid — numerator=0.000, denominator=0.102 (repeats for this event suppressed)
Event 114: >5% quadrature weight outside P_det grid — numerator=0.000, denominator=0.052 (repeats for this event suppressed)
Event 114: >5% quadrature weight outside P_det grid — numerator=0.000, denominator=0.056 (repeats for this event suppressed)
Detection 114: fused completion mass factor zero at 50/50 quadrature nodes (0 beyond the detection horizon, S_4D=0; 50 off the phi support).
Event 119: >5% quadrature weight outside P_det grid — numerator=0.000, denominator=0.066 (repeats for this event suppressed)
Event 119: >5% quadrature weight outside P_det grid — numerator=0.000, denominator=0.064 (repeats for this event suppressed)
Event 119: >5% quadrature weight outside P_det grid — numerator=0.000, denominator=0.055 (repeats for this event suppressed)
Event 119: >5% quadrature weight outside P_det grid — numerator=0.000, denominator=0.051 (repeats for this event suppressed)
Event 120: >5% quadrature weight outside P_det grid — numerator=0.000, denominator=0.052 (repeats for this event suppressed)
Event 120: >5% quadrature weight outside P_det grid — numerator=0.000, denominator=0.059 (repeats for this event suppressed)
Event 125: >5% quadrature weight outside P_det grid — numerator=0.000, denominator=0.054 (repeats for this event suppressed)
Event 125: >5% quadrature weight outside P_det grid — numerator=0.000, denominator=0.050 (repeats for this event suppressed)
Event 125: >5% quadrature weight outside P_det grid — numerator=0.000, denominator=0.053 (repeats for this event suppressed)
Event 125: >5% quadrature weight outside P_det grid — numerator=0.000, denominator=0.051 (repeats for this event suppressed)
Event 125: >5% quadrature weight outside P_det grid — numerator=0.000, denominator=0.056 (repeats for this event suppressed)
Event 125: >5% quadrature weight outside P_det grid — numerator=0.000, denominator=0.057 (repeats for this event suppressed)
Event 125: >5% quadrature weight outside P_det grid — numerator=0.000, denominator=0.056 (repeats for this event suppressed)
Event 125: >5% quadrature weight outside P_det grid — numerator=0.000, denominator=0.050 (repeats for this event suppressed)
Event 125: >5% quadrature weight outside P_det grid — numerator=0.000, denominator=0.058 (repeats for this event suppressed)
Event 125: >5% quadrature weight outside P_det grid — numerator=0.000, denominator=0.056 (repeats for this event suppressed)
Event 125: >5% quadrature weight outside P_det grid — numerator=0.000, denominator=0.053 (repeats for this event suppressed)
Event 125: >5% quadrature weight outside P_det grid — numerator=0.000, denominator=0.053 (repeats for this event suppressed)
Event 125: >5% quadrature weight outside P_det grid — numerator=0.000, denominator=0.054 (repeats for this event suppressed)
Event 125: >5% quadrature weight outside P_det grid — numerator=0.000, denominator=0.053 (repeats for this event suppressed)
Event 127: >5% quadrature weight outside P_det grid — numerator=0.000, denominator=0.053 (repeats for this event suppressed)
Event 127: >5% quadrature weight outside P_det grid — numerator=0.000, denominator=0.054 (repeats for this event suppressed)
Event 127: >5% quadrature weight outside P_det grid — numerator=0.000, denominator=0.052 (repeats for this event suppressed)
Event 127: >5% quadrature weight outside P_det grid — numerator=0.000, denominator=0.060 (repeats for this event suppressed)
Event 127: >5% quadrature weight outside P_det grid — numerator=0.000, denominator=0.061 (repeats for this event suppressed)
Event 127: >5% quadrature weight outside P_det grid — numerator=0.000, denominator=0.065 (repeats for this event suppressed)
Event 127: >5% quadrature weight outside P_det grid — numerator=0.000, denominator=0.050 (repeats for this event suppressed)
Event 127: >5% quadrature weight outside P_det grid — numerator=0.000, denominator=0.055 (repeats for this event suppressed)
Event 127: >5% quadrature weight outside P_det grid — numerator=0.000, denominator=0.064 (repeats for this event suppressed)
Event 127: >5% quadrature weight outside P_det grid — numerator=0.000, denominator=0.051 (repeats for this event suppressed)
Event 127: >5% quadrature weight outside P_det grid — numerator=0.000, denominator=0.060 (repeats for this event suppressed)
Event 127: >5% quadrature weight outside P_det grid — numerator=0.000, denominator=0.051 (repeats for this event suppressed)
Event 127: >5% quadrature weight outside P_det grid — numerator=0.000, denominator=0.064 (repeats for this event suppressed)
Event 127: >5% quadrature weight outside P_det grid — numerator=0.000, denominator=0.053 (repeats for this event suppressed)
Event 128: >5% quadrature weight outside P_det grid — numerator=0.000, denominator=0.063 (repeats for this event suppressed)
Event 128: >5% quadrature weight outside P_det grid — numerator=0.000, denominator=0.055 (repeats for this event suppressed)
Event 128: >5% quadrature weight outside P_det grid — numerator=0.000, denominator=0.054 (repeats for this event suppressed)
Event 128: >5% quadrature weight outside P_det grid — numerator=0.000, denominator=0.068 (repeats for this event suppressed)
Event 128: >5% quadrature weight outside P_det grid — numerator=0.000, denominator=0.052 (repeats for this event suppressed)
Event 128: >5% quadrature weight outside P_det grid — numerator=0.000, denominator=0.052 (repeats for this event suppressed)
Event 128: >5% quadrature weight outside P_det grid — numerator=0.000, denominator=0.057 (repeats for this event suppressed)
Event 128: >5% quadrature weight outside P_det grid — numerator=0.000, denominator=0.060 (repeats for this event suppressed)
Event 128: >5% quadrature weight outside P_det grid — numerator=0.000, denominator=0.063 (repeats for this event suppressed)
Event 128: >5% quadrature weight outside P_det grid — numerator=0.000, denominator=0.050 (repeats for this event suppressed)
Event 128: >5% quadrature weight outside P_det grid — numerator=0.000, denominator=0.063 (repeats for this event suppressed)
Event 128: >5% quadrature weight outside P_det grid — numerator=0.000, denominator=0.053 (repeats for this event suppressed)
Event 128: >5% quadrature weight outside P_det grid — numerator=0.000, denominator=0.060 (repeats for this event suppressed)
Event 128: >5% quadrature weight outside P_det grid — numerator=0.000, denominator=0.059 (repeats for this event suppressed)
Event 129: >5% quadrature weight outside P_det grid — numerator=0.000, denominator=0.060 (repeats for this event suppressed)
Event 129: >5% quadrature weight outside P_det grid — numerator=0.000, denominator=0.052 (repeats for this event suppressed)
Event 129: >5% quadrature weight outside P_det grid — numerator=0.000, denominator=0.067 (repeats for this event suppressed)
Event 129: >5% quadrature weight outside P_det grid — numerator=0.000, denominator=0.051 (repeats for this event suppressed)
Event 129: >5% quadrature weight outside P_det grid — numerator=0.000, denominator=0.054 (repeats for this event suppressed)
Event 129: >5% quadrature weight outside P_det grid — numerator=0.000, denominator=0.060 (repeats for this event suppressed)
Event 129: >5% quadrature weight outside P_det grid — numerator=0.000, denominator=0.055 (repeats for this event suppressed)
Event 129: >5% quadrature weight outside P_det grid — numerator=0.000, denominator=0.068 (repeats for this event suppressed)
Event 130: >5% quadrature weight outside P_det grid — numerator=0.000, denominator=0.081 (repeats for this event suppressed)
Event 130: >5% quadrature weight outside P_det grid — numerator=0.000, denominator=0.063 (repeats for this event suppressed)
Event 130: >5% quadrature weight outside P_det grid — numerator=0.000, denominator=0.069 (repeats for this event suppressed)
Event 130: >5% quadrature weight outside P_det grid — numerator=0.000, denominator=0.080 (repeats for this event suppressed)
Event 130: >5% quadrature weight outside P_det grid — numerator=0.000, denominator=0.075 (repeats for this event suppressed)
Event 130: >5% quadrature weight outside P_det grid — numerator=0.000, denominator=0.071 (repeats for this event suppressed)
Event 130: >5% quadrature weight outside P_det grid — numerator=0.000, denominator=0.071 (repeats for this event suppressed)
Event 130: >5% quadrature weight outside P_det grid — numerator=0.000, denominator=0.065 (repeats for this event suppressed)
Event 130: >5% quadrature weight outside P_det grid — numerator=0.000, denominator=0.071 (repeats for this event suppressed)
Event 130: >5% quadrature weight outside P_det grid — numerator=0.000, denominator=0.061 (repeats for this event suppressed)
Event 130: >5% quadrature weight outside P_det grid — numerator=0.000, denominator=0.070 (repeats for this event suppressed)
Event 130: >5% quadrature weight outside P_det grid — numerator=0.000, denominator=0.067 (repeats for this event suppressed)
Event 130: >5% quadrature weight outside P_det grid — numerator=0.000, denominator=0.059 (repeats for this event suppressed)
Event 130: >5% quadrature weight outside P_det grid — numerator=0.000, denominator=0.070 (repeats for this event suppressed)
Detection 130: fused completion mass factor zero at 50/50 quadrature nodes (0 beyond the detection horizon, S_4D=0; 50 off the phi support).
Event 132: >5% quadrature weight outside P_det grid — numerator=0.000, denominator=0.075 (repeats for this event suppressed)
Event 133: >5% quadrature weight outside P_det grid — numerator=0.000, denominator=0.089 (repeats for this event suppressed)
Event 135: >5% quadrature weight outside P_det grid — numerator=0.000, denominator=0.081 (repeats for this event suppressed)
Event 135: >5% quadrature weight outside P_det grid — numerator=0.000, denominator=0.065 (repeats for this event suppressed)
Event 135: >5% quadrature weight outside P_det grid — numerator=0.000, denominator=0.054 (repeats for this event suppressed)
Event 135: >5% quadrature weight outside P_det grid — numerator=0.000, denominator=0.106 (repeats for this event suppressed)
Event 135: >5% quadrature weight outside P_det grid — numerator=0.000, denominator=0.053 (repeats for this event suppressed)
Event 135: >5% quadrature weight outside P_det grid — numerator=0.000, denominator=0.061 (repeats for this event suppressed)
Event 135: >5% quadrature weight outside P_det grid — numerator=0.000, denominator=0.059 (repeats for this event suppressed)
Event 135: >5% quadrature weight outside P_det grid — numerator=0.000, denominator=0.050 (repeats for this event suppressed)
Event 135: >5% quadrature weight outside P_det grid — numerator=0.000, denominator=0.061 (repeats for this event suppressed)
Event 135: >5% quadrature weight outside P_det grid — numerator=0.000, denominator=0.069 (repeats for this event suppressed)
Event 135: >5% quadrature weight outside P_det grid — numerator=0.000, denominator=0.085 (repeats for this event suppressed)
Event 135: >5% quadrature weight outside P_det grid — numerator=0.000, denominator=0.096 (repeats for this event suppressed)
Event 135: >5% quadrature weight outside P_det grid — numerator=0.000, denominator=0.066 (repeats for this event suppressed)
Event 135: >5% quadrature weight outside P_det grid — numerator=0.000, denominator=0.052 (repeats for this event suppressed)
Event 136: >5% quadrature weight outside P_det grid — numerator=0.000, denominator=0.470 (repeats for this event suppressed)
Event 139: >5% quadrature weight outside P_det grid — numerator=0.000, denominator=0.075 (repeats for this event suppressed)
Event 139: >5% quadrature weight outside P_det grid — numerator=0.000, denominator=0.055 (repeats for this event suppressed)
Event 139: >5% quadrature weight outside P_det grid — numerator=0.000, denominator=0.059 (repeats for this event suppressed)
Event 139: >5% quadrature weight outside P_det grid — numerator=0.000, denominator=0.053 (repeats for this event suppressed)
Event 139: >5% quadrature weight outside P_det grid — numerator=0.000, denominator=0.052 (repeats for this event suppressed)
Event 139: >5% quadrature weight outside P_det grid — numerator=0.000, denominator=0.060 (repeats for this event suppressed)
Event 139: >5% quadrature weight outside P_det grid — numerator=0.000, denominator=0.051 (repeats for this event suppressed)
Event 139: >5% quadrature weight outside P_det grid — numerator=0.000, denominator=0.054 (repeats for this event suppressed)
Event 139: >5% quadrature weight outside P_det grid — numerator=0.000, denominator=0.061 (repeats for this event suppressed)
Event 139: >5% quadrature weight outside P_det grid — numerator=0.000, denominator=0.059 (repeats for this event suppressed)
Event 139: >5% quadrature weight outside P_det grid — numerator=0.000, denominator=0.059 (repeats for this event suppressed)
Event 139: >5% quadrature weight outside P_det grid — numerator=0.000, denominator=0.055 (repeats for this event suppressed)
Event 139: >5% quadrature weight outside P_det grid — numerator=0.000, denominator=0.075 (repeats for this event suppressed)
Event 139: >5% quadrature weight outside P_det grid — numerator=0.000, denominator=0.055 (repeats for this event suppressed)
Detection 139: fused completion mass factor zero at 50/50 quadrature nodes (0 beyond the detection horizon, S_4D=0; 50 off the phi support).
Event 141: >5% quadrature weight outside P_det grid — numerator=0.000, denominator=0.059 (repeats for this event suppressed)
Event 141: >5% quadrature weight outside P_det grid — numerator=0.000, denominator=0.069 (repeats for this event suppressed)
Event 141: >5% quadrature weight outside P_det grid — numerator=0.000, denominator=0.061 (repeats for this event suppressed)
Event 141: >5% quadrature weight outside P_det grid — numerator=0.000, denominator=0.061 (repeats for this event suppressed)
Event 141: >5% quadrature weight outside P_det grid — numerator=0.000, denominator=0.058 (repeats for this event suppressed)
Event 141: >5% quadrature weight outside P_det grid — numerator=0.000, denominator=0.072 (repeats for this event suppressed)
Event 144: >5% quadrature weight outside P_det grid — numerator=0.000, denominator=0.059 (repeats for this event suppressed)
Event 144: >5% quadrature weight outside P_det grid — numerator=0.000, denominator=0.051 (repeats for this event suppressed)
Event 144: >5% quadrature weight outside P_det grid — numerator=0.000, denominator=0.060 (repeats for this event suppressed)
Event 144: >5% quadrature weight outside P_det grid — numerator=0.000, denominator=0.058 (repeats for this event suppressed)
Event 144: >5% quadrature weight outside P_det grid — numerator=0.000, denominator=0.062 (repeats for this event suppressed)
Event 144: >5% quadrature weight outside P_det grid — numerator=0.000, denominator=0.058 (repeats for this event suppressed)
Event 144: >5% quadrature weight outside P_det grid — numerator=0.000, denominator=0.082 (repeats for this event suppressed)
Event 144: >5% quadrature weight outside P_det grid — numerator=0.000, denominator=0.070 (repeats for this event suppressed)
Event 144: >5% quadrature weight outside P_det grid — numerator=0.000, denominator=0.059 (repeats for this event suppressed)
Event 144: >5% quadrature weight outside P_det grid — numerator=0.000, denominator=0.052 (repeats for this event suppressed)
Event 144: >5% quadrature weight outside P_det grid — numerator=0.000, denominator=0.050 (repeats for this event suppressed)
Event 144: >5% quadrature weight outside P_det grid — numerator=0.000, denominator=0.054 (repeats for this event suppressed)
Event 144: >5% quadrature weight outside P_det grid — numerator=0.000, denominator=0.061 (repeats for this event suppressed)
Event 144: >5% quadrature weight outside P_det grid — numerator=0.000, denominator=0.065 (repeats for this event suppressed)
Event 146: >5% quadrature weight outside P_det grid — numerator=0.000, denominator=0.064 (repeats for this event suppressed)
Event 146: >5% quadrature weight outside P_det grid — numerator=0.000, denominator=0.051 (repeats for this event suppressed)
Event 146: >5% quadrature weight outside P_det grid — numerator=0.000, denominator=0.051 (repeats for this event suppressed)
Event 146: >5% quadrature weight outside P_det grid — numerator=0.000, denominator=0.055 (repeats for this event suppressed)
Event 146: >5% quadrature weight outside P_det grid — numerator=0.000, denominator=0.062 (repeats for this event suppressed)
Event 146: >5% quadrature weight outside P_det grid — numerator=0.000, denominator=0.053 (repeats for this event suppressed)
Event 146: >5% quadrature weight outside P_det grid — numerator=0.000, denominator=0.052 (repeats for this event suppressed)
Event 146: >5% quadrature weight outside P_det grid — numerator=0.000, denominator=0.061 (repeats for this event suppressed)
Event 146: >5% quadrature weight outside P_det grid — numerator=0.000, denominator=0.077 (repeats for this event suppressed)
Event 146: >5% quadrature weight outside P_det grid — numerator=0.000, denominator=0.071 (repeats for this event suppressed)
Event 146: >5% quadrature weight outside P_det grid — numerator=0.000, denominator=0.052 (repeats for this event suppressed)
Event 146: >5% quadrature weight outside P_det grid — numerator=0.000, denominator=0.074 (repeats for this event suppressed)
Event 146: >5% quadrature weight outside P_det grid — numerator=0.000, denominator=0.070 (repeats for this event suppressed)
Event 146: >5% quadrature weight outside P_det grid — numerator=0.000, denominator=0.059 (repeats for this event suppressed)
Detection 146: fused completion mass factor zero at 50/50 quadrature nodes (0 beyond the detection horizon, S_4D=0; 50 off the phi support).
Event 149: >5% quadrature weight outside P_det grid — numerator=0.000, denominator=0.064 (repeats for this event suppressed)
Event 149: >5% quadrature weight outside P_det grid — numerator=0.000, denominator=0.071 (repeats for this event suppressed)
Event 149: >5% quadrature weight outside P_det grid — numerator=0.000, denominator=0.072 (repeats for this event suppressed)
Event 149: >5% quadrature weight outside P_det grid — numerator=0.000, denominator=0.067 (repeats for this event suppressed)
Event 149: >5% quadrature weight outside P_det grid — numerator=0.000, denominator=0.072 (repeats for this event suppressed)
Event 149: >5% quadrature weight outside P_det grid — numerator=0.000, denominator=0.066 (repeats for this event suppressed)
Event 149: >5% quadrature weight outside P_det grid — numerator=0.000, denominator=0.080 (repeats for this event suppressed)
Event 149: >5% quadrature weight outside P_det grid — numerator=0.000, denominator=0.067 (repeats for this event suppressed)
Event 149: >5% quadrature weight outside P_det grid — numerator=0.000, denominator=0.085 (repeats for this event suppressed)
Event 149: >5% quadrature weight outside P_det grid — numerator=0.000, denominator=0.079 (repeats for this event suppressed)
Event 149: >5% quadrature weight outside P_det grid — numerator=0.000, denominator=0.064 (repeats for this event suppressed)
Event 149: >5% quadrature weight outside P_det grid — numerator=0.000, denominator=0.066 (repeats for this event suppressed)
Event 149: >5% quadrature weight outside P_det grid — numerator=0.000, denominator=0.064 (repeats for this event suppressed)
Event 149: >5% quadrature weight outside P_det grid — numerator=0.000, denominator=0.063 (repeats for this event suppressed)
Event 150: >5% quadrature weight outside P_det grid — numerator=0.000, denominator=0.070 (repeats for this event suppressed)
Event 150: >5% quadrature weight outside P_det grid — numerator=0.000, denominator=0.058 (repeats for this event suppressed)
Event 150: >5% quadrature weight outside P_det grid — numerator=0.000, denominator=0.059 (repeats for this event suppressed)
Event 150: >5% quadrature weight outside P_det grid — numerator=0.000, denominator=0.057 (repeats for this event suppressed)
Event 150: >5% quadrature weight outside P_det grid — numerator=0.000, denominator=0.080 (repeats for this event suppressed)
Event 150: >5% quadrature weight outside P_det grid — numerator=0.000, denominator=0.063 (repeats for this event suppressed)
Event 150: >5% quadrature weight outside P_det grid — numerator=0.000, denominator=0.050 (repeats for this event suppressed)
Event 150: >5% quadrature weight outside P_det grid — numerator=0.000, denominator=0.081 (repeats for this event suppressed)
Event 150: >5% quadrature weight outside P_det grid — numerator=0.000, denominator=0.055 (repeats for this event suppressed)
Event 150: >5% quadrature weight outside P_det grid — numerator=0.000, denominator=0.065 (repeats for this event suppressed)
Event 150: >5% quadrature weight outside P_det grid — numerator=0.000, denominator=0.062 (repeats for this event suppressed)
Event 150: >5% quadrature weight outside P_det grid — numerator=0.000, denominator=0.063 (repeats for this event suppressed)
Event 150: >5% quadrature weight outside P_det grid — numerator=0.000, denominator=0.060 (repeats for this event suppressed)
Event 150: >5% quadrature weight outside P_det grid — numerator=0.000, denominator=0.058 (repeats for this event suppressed)
Detection 150: fused completion mass factor zero at 50/50 quadrature nodes (0 beyond the detection horizon, S_4D=0; 50 off the phi support).
Event 151: >5% quadrature weight outside P_det grid — numerator=0.000, denominator=0.051 (repeats for this event suppressed)
Event 151: >5% quadrature weight outside P_det grid — numerator=0.000, denominator=0.052 (repeats for this event suppressed)
Event 151: >5% quadrature weight outside P_det grid — numerator=0.000, denominator=0.078 (repeats for this event suppressed)
Event 151: >5% quadrature weight outside P_det grid — numerator=0.000, denominator=0.081 (repeats for this event suppressed)
Event 151: >5% quadrature weight outside P_det grid — numerator=0.000, denominator=0.056 (repeats for this event suppressed)
Event 151: >5% quadrature weight outside P_det grid — numerator=0.000, denominator=0.064 (repeats for this event suppressed)
Event 151: >5% quadrature weight outside P_det grid — numerator=0.000, denominator=0.093 (repeats for this event suppressed)
Event 151: >5% quadrature weight outside P_det grid — numerator=0.000, denominator=0.066 (repeats for this event suppressed)
Event 151: >5% quadrature weight outside P_det grid — numerator=0.000, denominator=0.082 (repeats for this event suppressed)
Event 151: >5% quadrature weight outside P_det grid — numerator=0.000, denominator=0.073 (repeats for this event suppressed)
Event 151: >5% quadrature weight outside P_det grid — numerator=0.000, denominator=0.059 (repeats for this event suppressed)
Event 151: >5% quadrature weight outside P_det grid — numerator=0.000, denominator=0.065 (repeats for this event suppressed)
Event 151: >5% quadrature weight outside P_det grid — numerator=0.000, denominator=0.051 (repeats for this event suppressed)
Event 151: >5% quadrature weight outside P_det grid — numerator=0.000, denominator=0.052 (repeats for this event suppressed)
Event 153: >5% quadrature weight outside P_det grid — numerator=0.000, denominator=0.066 (repeats for this event suppressed)
Event 153: >5% quadrature weight outside P_det grid — numerator=0.000, denominator=0.051 (repeats for this event suppressed)
Event 153: >5% quadrature weight outside P_det grid — numerator=0.000, denominator=0.070 (repeats for this event suppressed)
Event 153: >5% quadrature weight outside P_det grid — numerator=0.000, denominator=0.055 (repeats for this event suppressed)
Event 153: >5% quadrature weight outside P_det grid — numerator=0.000, denominator=0.072 (repeats for this event suppressed)
Event 153: >5% quadrature weight outside P_det grid — numerator=0.000, denominator=0.073 (repeats for this event suppressed)
Event 153: >5% quadrature weight outside P_det grid — numerator=0.000, denominator=0.060 (repeats for this event suppressed)
Event 153: >5% quadrature weight outside P_det grid — numerator=0.000, denominator=0.055 (repeats for this event suppressed)
Event 153: >5% quadrature weight outside P_det grid — numerator=0.000, denominator=0.051 (repeats for this event suppressed)
Event 153: >5% quadrature weight outside P_det grid — numerator=0.000, denominator=0.056 (repeats for this event suppressed)
Event 153: >5% quadrature weight outside P_det grid — numerator=0.000, denominator=0.056 (repeats for this event suppressed)
Event 153: >5% quadrature weight outside P_det grid — numerator=0.000, denominator=0.053 (repeats for this event suppressed)
Event 153: >5% quadrature weight outside P_det grid — numerator=0.000, denominator=0.061 (repeats for this event suppressed)
Event 153: >5% quadrature weight outside P_det grid — numerator=0.000, denominator=0.060 (repeats for this event suppressed)
Event 155: >5% quadrature weight outside P_det grid — numerator=0.000, denominator=0.061 (repeats for this event suppressed)
Event 155: >5% quadrature weight outside P_det grid — numerator=0.000, denominator=0.061 (repeats for this event suppressed)
Event 155: >5% quadrature weight outside P_det grid — numerator=0.000, denominator=0.055 (repeats for this event suppressed)
Event 155: >5% quadrature weight outside P_det grid — numerator=0.000, denominator=0.078 (repeats for this event suppressed)
Event 155: >5% quadrature weight outside P_det grid — numerator=0.000, denominator=0.142 (repeats for this event suppressed)
Event 155: >5% quadrature weight outside P_det grid — numerator=0.000, denominator=0.057 (repeats for this event suppressed)
Event 155: >5% quadrature weight outside P_det grid — numerator=0.000, denominator=0.073 (repeats for this event suppressed)
Event 155: >5% quadrature weight outside P_det grid — numerator=0.000, denominator=0.060 (repeats for this event suppressed)
Event 155: >5% quadrature weight outside P_det grid — numerator=0.000, denominator=0.057 (repeats for this event suppressed)
Event 155: >5% quadrature weight outside P_det grid — numerator=0.000, denominator=0.065 (repeats for this event suppressed)
Event 155: >5% quadrature weight outside P_det grid — numerator=0.000, denominator=0.083 (repeats for this event suppressed)
Event 155: >5% quadrature weight outside P_det grid — numerator=0.000, denominator=0.057 (repeats for this event suppressed)
Event 155: >5% quadrature weight outside P_det grid — numerator=0.000, denominator=0.059 (repeats for this event suppressed)
Event 155: >5% quadrature weight outside P_det grid — numerator=0.000, denominator=0.066 (repeats for this event suppressed)
Event 158: >5% quadrature weight outside P_det grid — numerator=0.000, denominator=0.053 (repeats for this event suppressed)
Event 158: >5% quadrature weight outside P_det grid — numerator=0.000, denominator=0.051 (repeats for this event suppressed)
Event 158: >5% quadrature weight outside P_det grid — numerator=0.000, denominator=0.051 (repeats for this event suppressed)
Event 158: >5% quadrature weight outside P_det grid — numerator=0.000, denominator=0.052 (repeats for this event suppressed)
Event 158: >5% quadrature weight outside P_det grid — numerator=0.000, denominator=0.051 (repeats for this event suppressed)
Event 158: >5% quadrature weight outside P_det grid — numerator=0.000, denominator=0.052 (repeats for this event suppressed)
Event 158: >5% quadrature weight outside P_det grid — numerator=0.000, denominator=0.050 (repeats for this event suppressed)
Event 158: >5% quadrature weight outside P_det grid — numerator=0.000, denominator=0.052 (repeats for this event suppressed)
Event 158: >5% quadrature weight outside P_det grid — numerator=0.000, denominator=0.051 (repeats for this event suppressed)
Event 158: >5% quadrature weight outside P_det grid — numerator=0.000, denominator=0.051 (repeats for this event suppressed)
Event 158: >5% quadrature weight outside P_det grid — numerator=0.000, denominator=0.052 (repeats for this event suppressed)
Event 159: >5% quadrature weight outside P_det grid — numerator=0.000, denominator=0.062 (repeats for this event suppressed)
Event 159: >5% quadrature weight outside P_det grid — numerator=0.000, denominator=0.052 (repeats for this event suppressed)
Event 159: >5% quadrature weight outside P_det grid — numerator=0.000, denominator=0.054 (repeats for this event suppressed)
Event 159: >5% quadrature weight outside P_det grid — numerator=0.000, denominator=0.054 (repeats for this event suppressed)
Event 159: >5% quadrature weight outside P_det grid — numerator=0.000, denominator=0.055 (repeats for this event suppressed)
Event 159: >5% quadrature weight outside P_det grid — numerator=0.000, denominator=0.063 (repeats for this event suppressed)
Event 159: >5% quadrature weight outside P_det grid — numerator=0.000, denominator=0.057 (repeats for this event suppressed)
Event 159: >5% quadrature weight outside P_det grid — numerator=0.000, denominator=0.053 (repeats for this event suppressed)
Event 159: >5% quadrature weight outside P_det grid — numerator=0.000, denominator=0.051 (repeats for this event suppressed)
Event 159: >5% quadrature weight outside P_det grid — numerator=0.000, denominator=0.062 (repeats for this event suppressed)
Event 159: >5% quadrature weight outside P_det grid — numerator=0.000, denominator=0.058 (repeats for this event suppressed)
Event 159: >5% quadrature weight outside P_det grid — numerator=0.000, denominator=0.058 (repeats for this event suppressed)
Event 159: >5% quadrature weight outside P_det grid — numerator=0.000, denominator=0.059 (repeats for this event suppressed)
Event 159: >5% quadrature weight outside P_det grid — numerator=0.000, denominator=0.057 (repeats for this event suppressed)
Event 161: >5% quadrature weight outside P_det grid — numerator=0.000, denominator=0.052 (repeats for this event suppressed)
Event 161: >5% quadrature weight outside P_det grid — numerator=0.000, denominator=0.052 (repeats for this event suppressed)
Event 161: >5% quadrature weight outside P_det grid — numerator=0.000, denominator=0.050 (repeats for this event suppressed)
Event 161: >5% quadrature weight outside P_det grid — numerator=0.000, denominator=0.062 (repeats for this event suppressed)
Event 161: >5% quadrature weight outside P_det grid — numerator=0.000, denominator=0.058 (repeats for this event suppressed)
Event 161: >5% quadrature weight outside P_det grid — numerator=0.000, denominator=0.075 (repeats for this event suppressed)
Event 161: >5% quadrature weight outside P_det grid — numerator=0.000, denominator=0.055 (repeats for this event suppressed)
Event 161: >5% quadrature weight outside P_det grid — numerator=0.000, denominator=0.055 (repeats for this event suppressed)
Event 161: >5% quadrature weight outside P_det grid — numerator=0.000, denominator=0.076 (repeats for this event suppressed)
Event 161: >5% quadrature weight outside P_det grid — numerator=0.000, denominator=0.058 (repeats for this event suppressed)
Event 161: >5% quadrature weight outside P_det grid — numerator=0.000, denominator=0.053 (repeats for this event suppressed)
Event 161: >5% quadrature weight outside P_det grid — numerator=0.000, denominator=0.058 (repeats for this event suppressed)
Event 161: >5% quadrature weight outside P_det grid — numerator=0.000, denominator=0.052 (repeats for this event suppressed)
Event 161: >5% quadrature weight outside P_det grid — numerator=0.000, denominator=0.052 (repeats for this event suppressed)
Detection 161: fused completion mass factor zero at 50/50 quadrature nodes (0 beyond the detection horizon, S_4D=0; 50 off the phi support).
Event 162: >5% quadrature weight outside P_det grid — numerator=0.000, denominator=0.078 (repeats for this event suppressed)
Event 162: >5% quadrature weight outside P_det grid — numerator=0.000, denominator=0.050 (repeats for this event suppressed)
Event 162: >5% quadrature weight outside P_det grid — numerator=0.000, denominator=0.067 (repeats for this event suppressed)
Event 162: >5% quadrature weight outside P_det grid — numerator=0.000, denominator=0.053 (repeats for this event suppressed)
Event 162: >5% quadrature weight outside P_det grid — numerator=0.000, denominator=0.055 (repeats for this event suppressed)
Event 162: >5% quadrature weight outside P_det grid — numerator=0.000, denominator=0.068 (repeats for this event suppressed)
Event 162: >5% quadrature weight outside P_det grid — numerator=0.000, denominator=0.081 (repeats for this event suppressed)
Event 162: >5% quadrature weight outside P_det grid — numerator=0.000, denominator=0.070 (repeats for this event suppressed)
Event 162: >5% quadrature weight outside P_det grid — numerator=0.000, denominator=0.058 (repeats for this event suppressed)
Event 162: >5% quadrature weight outside P_det grid — numerator=0.000, denominator=0.075 (repeats for this event suppressed)
Event 162: >5% quadrature weight outside P_det grid — numerator=0.000, denominator=0.061 (repeats for this event suppressed)
Event 162: >5% quadrature weight outside P_det grid — numerator=0.000, denominator=0.051 (repeats for this event suppressed)
Event 162: >5% quadrature weight outside P_det grid — numerator=0.000, denominator=0.055 (repeats for this event suppressed)
Event 162: >5% quadrature weight outside P_det grid — numerator=0.000, denominator=0.052 (repeats for this event suppressed)
Event 167: >5% quadrature weight outside P_det grid — numerator=0.000, denominator=0.053 (repeats for this event suppressed)
Event 167: >5% quadrature weight outside P_det grid — numerator=0.000, denominator=0.062 (repeats for this event suppressed)
Event 167: >5% quadrature weight outside P_det grid — numerator=0.000, denominator=0.053 (repeats for this event suppressed)
Event 167: >5% quadrature weight outside P_det grid — numerator=0.000, denominator=0.078 (repeats for this event suppressed)
Event 167: >5% quadrature weight outside P_det grid — numerator=0.000, denominator=0.050 (repeats for this event suppressed)
Event 167: >5% quadrature weight outside P_det grid — numerator=0.000, denominator=0.051 (repeats for this event suppressed)
Event 167: >5% quadrature weight outside P_det grid — numerator=0.000, denominator=0.073 (repeats for this event suppressed)
Detection 167: fused completion mass factor zero at 50/50 quadrature nodes (0 beyond the detection horizon, S_4D=0; 50 off the phi support).
Event 168: >5% quadrature weight outside P_det grid — numerator=0.870, denominator=0.087 (repeats for this event suppressed)
Event 168: >5% quadrature weight outside P_det grid — numerator=0.870, denominator=0.373 (repeats for this event suppressed)
Event 168: >5% quadrature weight outside P_det grid — numerator=0.870, denominator=1.000 (repeats for this event suppressed)
Event 168: >5% quadrature weight outside P_det grid — numerator=0.870, denominator=0.968 (repeats for this event suppressed)
Event 168: >5% quadrature weight outside P_det grid — numerator=0.870, denominator=0.083 (repeats for this event suppressed)
Event 168: >5% quadrature weight outside P_det grid — numerator=0.870, denominator=1.000 (repeats for this event suppressed)
Event 168: >5% quadrature weight outside P_det grid — numerator=0.870, denominator=0.090 (repeats for this event suppressed)
Event 168: >5% quadrature weight outside P_det grid — numerator=0.870, denominator=0.825 (repeats for this event suppressed)
Event 168: >5% quadrature weight outside P_det grid — numerator=0.870, denominator=0.099 (repeats for this event suppressed)
Event 168: >5% quadrature weight outside P_det grid — numerator=0.870, denominator=0.092 (repeats for this event suppressed)
Event 168: >5% quadrature weight outside P_det grid — numerator=0.870, denominator=0.099 (repeats for this event suppressed)
Event 168: >5% quadrature weight outside P_det grid — numerator=0.870, denominator=0.372 (repeats for this event suppressed)
Event 168: >5% quadrature weight outside P_det grid — numerator=0.870, denominator=0.545 (repeats for this event suppressed)
Event 168: >5% quadrature weight outside P_det grid — numerator=0.870, denominator=0.396 (repeats for this event suppressed)
Event 171: >5% quadrature weight outside P_det grid — numerator=0.000, denominator=0.052 (repeats for this event suppressed)
Event 171: >5% quadrature weight outside P_det grid — numerator=0.000, denominator=0.050 (repeats for this event suppressed)
Event 171: >5% quadrature weight outside P_det grid — numerator=0.000, denominator=0.050 (repeats for this event suppressed)
Event 171: >5% quadrature weight outside P_det grid — numerator=0.000, denominator=0.051 (repeats for this event suppressed)
Event 171: >5% quadrature weight outside P_det grid — numerator=0.000, denominator=0.055 (repeats for this event suppressed)
Event 171: >5% quadrature weight outside P_det grid — numerator=0.000, denominator=0.058 (repeats for this event suppressed)
Event 171: >5% quadrature weight outside P_det grid — numerator=0.000, denominator=0.054 (repeats for this event suppressed)
Event 171: >5% quadrature weight outside P_det grid — numerator=0.000, denominator=0.056 (repeats for this event suppressed)
Event 171: >5% quadrature weight outside P_det grid — numerator=0.000, denominator=0.053 (repeats for this event suppressed)
Event 171: >5% quadrature weight outside P_det grid — numerator=0.000, denominator=0.050 (repeats for this event suppressed)
Event 171: >5% quadrature weight outside P_det grid — numerator=0.000, denominator=0.054 (repeats for this event suppressed)
No possible hosts. Returning None.
Detection 173: no catalogue hosts in the localization volume — pure-completion fallback p_i = B_num/D (issue #29)
Detection 173: no catalog results found
Event 175: >5% quadrature weight outside P_det grid — numerator=0.000, denominator=0.075 (repeats for this event suppressed)
Event 175: >5% quadrature weight outside P_det grid — numerator=0.000, denominator=0.060 (repeats for this event suppressed)
Event 175: >5% quadrature weight outside P_det grid — numerator=0.000, denominator=0.063 (repeats for this event suppressed)
Event 175: >5% quadrature weight outside P_det grid — numerator=0.000, denominator=0.053 (repeats for this event suppressed)
Event 175: >5% quadrature weight outside P_det grid — numerator=0.000, denominator=0.054 (repeats for this event suppressed)
Event 175: >5% quadrature weight outside P_det grid — numerator=0.000, denominator=0.052 (repeats for this event suppressed)
Event 175: >5% quadrature weight outside P_det grid — numerator=0.000, denominator=0.053 (repeats for this event suppressed)
Event 175: >5% quadrature weight outside P_det grid — numerator=0.000, denominator=0.052 (repeats for this event suppressed)
Event 175: >5% quadrature weight outside P_det grid — numerator=0.000, denominator=0.058 (repeats for this event suppressed)
Event 175: >5% quadrature weight outside P_det grid — numerator=0.000, denominator=0.059 (repeats for this event suppressed)
Event 175: >5% quadrature weight outside P_det grid — numerator=0.000, denominator=0.064 (repeats for this event suppressed)
Event 175: >5% quadrature weight outside P_det grid — numerator=0.000, denominator=0.060 (repeats for this event suppressed)
Event 175: >5% quadrature weight outside P_det grid — numerator=0.000, denominator=0.056 (repeats for this event suppressed)
Event 175: >5% quadrature weight outside P_det grid — numerator=0.000, denominator=0.051 (repeats for this event suppressed)
Event 177: >5% quadrature weight outside P_det grid — numerator=0.000, denominator=0.066 (repeats for this event suppressed)
Event 177: >5% quadrature weight outside P_det grid — numerator=0.000, denominator=0.067 (repeats for this event suppressed)
Event 177: >5% quadrature weight outside P_det grid — numerator=0.000, denominator=0.055 (repeats for this event suppressed)
Event 177: >5% quadrature weight outside P_det grid — numerator=0.000, denominator=0.056 (repeats for this event suppressed)
Event 177: >5% quadrature weight outside P_det grid — numerator=0.000, denominator=0.058 (repeats for this event suppressed)
Event 177: >5% quadrature weight outside P_det grid — numerator=0.000, denominator=0.054 (repeats for this event suppressed)
Event 177: >5% quadrature weight outside P_det grid — numerator=0.000, denominator=0.054 (repeats for this event suppressed)
Event 177: >5% quadrature weight outside P_det grid — numerator=0.000, denominator=0.067 (repeats for this event suppressed)
Event 177: >5% quadrature weight outside P_det grid — numerator=0.000, denominator=0.052 (repeats for this event suppressed)
Event 177: >5% quadrature weight outside P_det grid — numerator=0.000, denominator=0.071 (repeats for this event suppressed)
Event 177: >5% quadrature weight outside P_det grid — numerator=0.000, denominator=0.098 (repeats for this event suppressed)
Event 177: >5% quadrature weight outside P_det grid — numerator=0.000, denominator=0.143 (repeats for this event suppressed)
Event 177: >5% quadrature weight outside P_det grid — numerator=0.000, denominator=0.052 (repeats for this event suppressed)
Event 177: >5% quadrature weight outside P_det grid — numerator=0.000, denominator=0.063 (repeats for this event suppressed)
Detection 177: fused completion mass factor zero at 10/50 quadrature nodes (0 beyond the detection horizon, S_4D=0; 10 off the phi support).
Event 182: >5% quadrature weight outside P_det grid — numerator=0.000, denominator=0.063 (repeats for this event suppressed)
Event 182: >5% quadrature weight outside P_det grid — numerator=0.000, denominator=0.061 (repeats for this event suppressed)
Event 182: >5% quadrature weight outside P_det grid — numerator=0.000, denominator=0.065 (repeats for this event suppressed)
Event 182: >5% quadrature weight outside P_det grid — numerator=0.000, denominator=0.056 (repeats for this event suppressed)
Event 182: >5% quadrature weight outside P_det grid — numerator=0.000, denominator=0.090 (repeats for this event suppressed)
Event 182: >5% quadrature weight outside P_det grid — numerator=0.000, denominator=0.063 (repeats for this event suppressed)
Event 182: >5% quadrature weight outside P_det grid — numerator=0.000, denominator=0.076 (repeats for this event suppressed)
Event 182: >5% quadrature weight outside P_det grid — numerator=0.000, denominator=0.064 (repeats for this event suppressed)
Event 182: >5% quadrature weight outside P_det grid — numerator=0.000, denominator=0.064 (repeats for this event suppressed)
Event 182: >5% quadrature weight outside P_det grid — numerator=0.000, denominator=0.071 (repeats for this event suppressed)
Event 182: >5% quadrature weight outside P_det grid — numerator=0.000, denominator=0.056 (repeats for this event suppressed)
Event 182: >5% quadrature weight outside P_det grid — numerator=0.000, denominator=0.071 (repeats for this event suppressed)
Event 182: >5% quadrature weight outside P_det grid — numerator=0.000, denominator=0.061 (repeats for this event suppressed)
Event 182: >5% quadrature weight outside P_det grid — numerator=0.000, denominator=0.057 (repeats for this event suppressed)
Event 183: >5% quadrature weight outside P_det grid — numerator=0.000, denominator=0.053 (repeats for this event suppressed)
Event 183: >5% quadrature weight outside P_det grid — numerator=0.000, denominator=0.076 (repeats for this event suppressed)
Event 183: >5% quadrature weight outside P_det grid — numerator=0.000, denominator=0.054 (repeats for this event suppressed)
Event 183: >5% quadrature weight outside P_det grid — numerator=0.000, denominator=0.060 (repeats for this event suppressed)
Event 183: >5% quadrature weight outside P_det grid — numerator=0.000, denominator=0.051 (repeats for this event suppressed)
Event 183: >5% quadrature weight outside P_det grid — numerator=0.000, denominator=0.059 (repeats for this event suppressed)
Event 183: >5% quadrature weight outside P_det grid — numerator=0.000, denominator=0.077 (repeats for this event suppressed)
Event 183: >5% quadrature weight outside P_det grid — numerator=0.000, denominator=0.064 (repeats for this event suppressed)
Event 183: >5% quadrature weight outside P_det grid — numerator=0.000, denominator=0.054 (repeats for this event suppressed)
Event 183: >5% quadrature weight outside P_det grid — numerator=0.000, denominator=0.070 (repeats for this event suppressed)
Event 183: >5% quadrature weight outside P_det grid — numerator=0.000, denominator=0.076 (repeats for this event suppressed)
Event 183: >5% quadrature weight outside P_det grid — numerator=0.000, denominator=0.066 (repeats for this event suppressed)
Event 183: >5% quadrature weight outside P_det grid — numerator=0.000, denominator=0.055 (repeats for this event suppressed)
Event 183: >5% quadrature weight outside P_det grid — numerator=0.000, denominator=0.063 (repeats for this event suppressed)
Event 184: >5% quadrature weight outside P_det grid — numerator=0.000, denominator=0.075 (repeats for this event suppressed)
Event 184: >5% quadrature weight outside P_det grid — numerator=0.000, denominator=0.069 (repeats for this event suppressed)
Event 184: >5% quadrature weight outside P_det grid — numerator=0.000, denominator=0.061 (repeats for this event suppressed)
Event 187: >5% quadrature weight outside P_det grid — numerator=0.000, denominator=0.054 (repeats for this event suppressed)
Event 187: >5% quadrature weight outside P_det grid — numerator=0.000, denominator=0.054 (repeats for this event suppressed)
Event 187: >5% quadrature weight outside P_det grid — numerator=0.000, denominator=0.051 (repeats for this event suppressed)
Event 187: >5% quadrature weight outside P_det grid — numerator=0.000, denominator=0.051 (repeats for this event suppressed)
Event 187: >5% quadrature weight outside P_det grid — numerator=0.000, denominator=0.054 (repeats for this event suppressed)
Event 187: >5% quadrature weight outside P_det grid — numerator=0.000, denominator=0.051 (repeats for this event suppressed)
Event 187: >5% quadrature weight outside P_det grid — numerator=0.000, denominator=0.051 (repeats for this event suppressed)
Event 187: >5% quadrature weight outside P_det grid — numerator=0.000, denominator=0.050 (repeats for this event suppressed)
Event 187: >5% quadrature weight outside P_det grid — numerator=0.000, denominator=0.051 (repeats for this event suppressed)
Event 187: >5% quadrature weight outside P_det grid — numerator=0.000, denominator=0.053 (repeats for this event suppressed)
Event 187: >5% quadrature weight outside P_det grid — numerator=0.000, denominator=0.051 (repeats for this event suppressed)
Event 187: >5% quadrature weight outside P_det grid — numerator=0.000, denominator=0.050 (repeats for this event suppressed)
Event 187: >5% quadrature weight outside P_det grid — numerator=0.000, denominator=0.053 (repeats for this event suppressed)
Event 188: >5% quadrature weight outside P_det grid — numerator=0.000, denominator=0.063 (repeats for this event suppressed)
Event 188: >5% quadrature weight outside P_det grid — numerator=0.000, denominator=0.059 (repeats for this event suppressed)
Event 188: >5% quadrature weight outside P_det grid — numerator=0.000, denominator=0.059 (repeats for this event suppressed)
Event 188: >5% quadrature weight outside P_det grid — numerator=0.000, denominator=0.057 (repeats for this event suppressed)
Event 188: >5% quadrature weight outside P_det grid — numerator=0.000, denominator=0.061 (repeats for this event suppressed)
Event 188: >5% quadrature weight outside P_det grid — numerator=0.000, denominator=0.060 (repeats for this event suppressed)
Event 188: >5% quadrature weight outside P_det grid — numerator=0.000, denominator=0.066 (repeats for this event suppressed)
Event 188: >5% quadrature weight outside P_det grid — numerator=0.000, denominator=0.063 (repeats for this event suppressed)
Event 188: >5% quadrature weight outside P_det grid — numerator=0.000, denominator=0.070 (repeats for this event suppressed)
Event 188: >5% quadrature weight outside P_det grid — numerator=0.000, denominator=0.063 (repeats for this event suppressed)
Event 188: >5% quadrature weight outside P_det grid — numerator=0.000, denominator=0.066 (repeats for this event suppressed)
Event 188: >5% quadrature weight outside P_det grid — numerator=0.000, denominator=0.052 (repeats for this event suppressed)
Event 188: >5% quadrature weight outside P_det grid — numerator=0.000, denominator=0.057 (repeats for this event suppressed)
Event 188: >5% quadrature weight outside P_det grid — numerator=0.000, denominator=0.055 (repeats for this event suppressed)
Detection 188: fused completion mass factor zero at 50/50 quadrature nodes (0 beyond the detection horizon, S_4D=0; 50 off the phi support).
Event 190: >5% quadrature weight outside P_det grid — numerator=0.000, denominator=0.083 (repeats for this event suppressed)
Event 190: >5% quadrature weight outside P_det grid — numerator=0.000, denominator=0.056 (repeats for this event suppressed)
Event 190: >5% quadrature weight outside P_det grid — numerator=0.000, denominator=0.063 (repeats for this event suppressed)
Event 190: >5% quadrature weight outside P_det grid — numerator=0.000, denominator=0.058 (repeats for this event suppressed)
Event 190: >5% quadrature weight outside P_det grid — numerator=0.000, denominator=0.054 (repeats for this event suppressed)
Event 190: >5% quadrature weight outside P_det grid — numerator=0.000, denominator=0.063 (repeats for this event suppressed)
Event 190: >5% quadrature weight outside P_det grid — numerator=0.000, denominator=0.071 (repeats for this event suppressed)
Event 190: >5% quadrature weight outside P_det grid — numerator=0.000, denominator=0.064 (repeats for this event suppressed)
Event 190: >5% quadrature weight outside P_det grid — numerator=0.000, denominator=0.099 (repeats for this event suppressed)
Event 190: >5% quadrature weight outside P_det grid — numerator=0.000, denominator=0.057 (repeats for this event suppressed)
Event 190: >5% quadrature weight outside P_det grid — numerator=0.000, denominator=0.093 (repeats for this event suppressed)
Event 190: >5% quadrature weight outside P_det grid — numerator=0.000, denominator=0.058 (repeats for this event suppressed)
Event 190: >5% quadrature weight outside P_det grid — numerator=0.000, denominator=0.054 (repeats for this event suppressed)
Event 190: >5% quadrature weight outside P_det grid — numerator=0.000, denominator=0.054 (repeats for this event suppressed)
Event 191: >5% quadrature weight outside P_det grid — numerator=0.000, denominator=0.055 (repeats for this event suppressed)
Event 191: >5% quadrature weight outside P_det grid — numerator=0.000, denominator=0.066 (repeats for this event suppressed)
Event 191: >5% quadrature weight outside P_det grid — numerator=0.000, denominator=0.050 (repeats for this event suppressed)
Event 191: >5% quadrature weight outside P_det grid — numerator=0.000, denominator=0.051 (repeats for this event suppressed)
Event 191: >5% quadrature weight outside P_det grid — numerator=0.000, denominator=0.059 (repeats for this event suppressed)
Event 191: >5% quadrature weight outside P_det grid — numerator=0.000, denominator=0.062 (repeats for this event suppressed)
Event 191: >5% quadrature weight outside P_det grid — numerator=0.000, denominator=0.059 (repeats for this event suppressed)
Event 191: >5% quadrature weight outside P_det grid — numerator=0.000, denominator=0.064 (repeats for this event suppressed)
Event 191: >5% quadrature weight outside P_det grid — numerator=0.000, denominator=0.070 (repeats for this event suppressed)
Event 191: >5% quadrature weight outside P_det grid — numerator=0.000, denominator=0.061 (repeats for this event suppressed)
Event 191: >5% quadrature weight outside P_det grid — numerator=0.000, denominator=0.063 (repeats for this event suppressed)
Event 191: >5% quadrature weight outside P_det grid — numerator=0.000, denominator=0.056 (repeats for this event suppressed)
Event 191: >5% quadrature weight outside P_det grid — numerator=0.000, denominator=0.056 (repeats for this event suppressed)
Event 191: >5% quadrature weight outside P_det grid — numerator=0.000, denominator=0.059 (repeats for this event suppressed)
Event 192: >5% quadrature weight outside P_det grid — numerator=0.000, denominator=0.069 (repeats for this event suppressed)
Event 192: >5% quadrature weight outside P_det grid — numerator=0.000, denominator=0.101 (repeats for this event suppressed)
Detection 192: fused completion mass factor zero at 50/50 quadrature nodes (0 beyond the detection horizon, S_4D=0; 50 off the phi support).
Event 195: >5% quadrature weight outside P_det grid — numerator=0.000, denominator=0.086 (repeats for this event suppressed)
Event 195: >5% quadrature weight outside P_det grid — numerator=0.000, denominator=0.055 (repeats for this event suppressed)
Event 195: >5% quadrature weight outside P_det grid — numerator=0.000, denominator=0.050 (repeats for this event suppressed)
Event 195: >5% quadrature weight outside P_det grid — numerator=0.000, denominator=0.058 (repeats for this event suppressed)
Event 195: >5% quadrature weight outside P_det grid — numerator=0.000, denominator=0.072 (repeats for this event suppressed)
Event 195: >5% quadrature weight outside P_det grid — numerator=0.000, denominator=0.058 (repeats for this event suppressed)
Event 195: >5% quadrature weight outside P_det grid — numerator=0.000, denominator=0.068 (repeats for this event suppressed)
Event 195: >5% quadrature weight outside P_det grid — numerator=0.000, denominator=0.051 (repeats for this event suppressed)
Event 195: >5% quadrature weight outside P_det grid — numerator=0.000, denominator=0.050 (repeats for this event suppressed)
Event 195: >5% quadrature weight outside P_det grid — numerator=0.000, denominator=0.052 (repeats for this event suppressed)
Event 195: >5% quadrature weight outside P_det grid — numerator=0.000, denominator=0.075 (repeats for this event suppressed)
Event 195: >5% quadrature weight outside P_det grid — numerator=0.000, denominator=0.070 (repeats for this event suppressed)
Event 195: >5% quadrature weight outside P_det grid — numerator=0.000, denominator=0.072 (repeats for this event suppressed)
Event 195: >5% quadrature weight outside P_det grid — numerator=0.000, denominator=0.063 (repeats for this event suppressed)
Event 197: >5% quadrature weight outside P_det grid — numerator=0.000, denominator=0.059 (repeats for this event suppressed)
Event 197: >5% quadrature weight outside P_det grid — numerator=0.000, denominator=0.066 (repeats for this event suppressed)
Event 197: >5% quadrature weight outside P_det grid — numerator=0.000, denominator=0.058 (repeats for this event suppressed)
Event 197: >5% quadrature weight outside P_det grid — numerator=0.000, denominator=0.065 (repeats for this event suppressed)
Event 197: >5% quadrature weight outside P_det grid — numerator=0.000, denominator=0.060 (repeats for this event suppressed)
Event 197: >5% quadrature weight outside P_det grid — numerator=0.000, denominator=0.050 (repeats for this event suppressed)
Event 197: >5% quadrature weight outside P_det grid — numerator=0.000, denominator=0.054 (repeats for this event suppressed)
Event 197: >5% quadrature weight outside P_det grid — numerator=0.000, denominator=0.056 (repeats for this event suppressed)
Event 197: >5% quadrature weight outside P_det grid — numerator=0.000, denominator=0.064 (repeats for this event suppressed)
Event 197: >5% quadrature weight outside P_det grid — numerator=0.000, denominator=0.063 (repeats for this event suppressed)
Event 197: >5% quadrature weight outside P_det grid — numerator=0.000, denominator=0.051 (repeats for this event suppressed)
Event 197: >5% quadrature weight outside P_det grid — numerator=0.000, denominator=0.065 (repeats for this event suppressed)
Event 197: >5% quadrature weight outside P_det grid — numerator=0.000, denominator=0.066 (repeats for this event suppressed)
Event 197: >5% quadrature weight outside P_det grid — numerator=0.000, denominator=0.056 (repeats for this event suppressed)
Event 199: >5% quadrature weight outside P_det grid — numerator=0.000, denominator=0.051 (repeats for this event suppressed)
Event 199: >5% quadrature weight outside P_det grid — numerator=0.000, denominator=0.087 (repeats for this event suppressed)
Event 199: >5% quadrature weight outside P_det grid — numerator=0.000, denominator=0.085 (repeats for this event suppressed)
Event 199: >5% quadrature weight outside P_det grid — numerator=0.000, denominator=0.050 (repeats for this event suppressed)
Event 199: >5% quadrature weight outside P_det grid — numerator=0.000, denominator=0.072 (repeats for this event suppressed)
Event 199: >5% quadrature weight outside P_det grid — numerator=0.000, denominator=0.068 (repeats for this event suppressed)
Event 199: >5% quadrature weight outside P_det grid — numerator=0.000, denominator=0.059 (repeats for this event suppressed)
Event 199: >5% quadrature weight outside P_det grid — numerator=0.000, denominator=0.053 (repeats for this event suppressed)
Event 199: >5% quadrature weight outside P_det grid — numerator=0.000, denominator=0.059 (repeats for this event suppressed)
Event 199: >5% quadrature weight outside P_det grid — numerator=0.000, denominator=0.072 (repeats for this event suppressed)
Event 199: >5% quadrature weight outside P_det grid — numerator=0.000, denominator=0.051 (repeats for this event suppressed)
Event 199: >5% quadrature weight outside P_det grid — numerator=0.000, denominator=0.055 (repeats for this event suppressed)
Event 199: >5% quadrature weight outside P_det grid — numerator=0.000, denominator=0.052 (repeats for this event suppressed)
Event 199: >5% quadrature weight outside P_det grid — numerator=0.000, denominator=0.059 (repeats for this event suppressed)
/pfs/data6/home/st/st_us-403333/st_ac147838/darksiren-emri/darksiren_emri/plotting/fisher_plots.py:833: UserWarning: The figure layout has changed to tight
  fig.tight_layout()
Injection pool spans 2 code revisions (a9f29e82, f6449051) — legitimate for straggler resubmits after a non-physics fix, but verify none of them changed SNR semantics.
Event -1: 171 host(s) have f_k == 0 across the whole host-z window (empty/ZoA pixel) — host-z kernel falls back to the w_pop-only form for those hosts (further occurrences in this worker are suppressed).
COUNTERFACTUAL: catalogue_numerator_survival_2d='mz_sel' (center='eff') — S_4D inside the with-BH catalogue numerator's own mass quadrature ([P3-2D] twin cell). Not a production posterior.
Injection pool spans 2 code revisions (a9f29e82, f6449051) — legitimate for straggler resubmits after a non-physics fix, but verify none of them changed SNR semantics.
Event 1: >5% quadrature weight outside P_det grid — numerator=0.000, denominator=0.060 (repeats for this event suppressed)
Event 3: >5% quadrature weight outside P_det grid — numerator=0.000, denominator=0.051 (repeats for this event suppressed)
Event 3: >5% quadrature weight outside P_det grid — numerator=0.000, denominator=0.050 (repeats for this event suppressed)
Event 3: >5% quadrature weight outside P_det grid — numerator=0.000, denominator=0.051 (repeats for this event suppressed)
Event 3: >5% quadrature weight outside P_det grid — numerator=0.000, denominator=0.051 (repeats for this event suppressed)
Event 3: >5% quadrature weight outside P_det grid — numerator=0.000, denominator=0.051 (repeats for this event suppressed)
Event 3: >5% quadrature weight outside P_det grid — numerator=0.000, denominator=0.051 (repeats for this event suppressed)
Event 3: >5% quadrature weight outside P_det grid — numerator=0.000, denominator=0.050 (repeats for this event suppressed)
Event 3: >5% quadrature weight outside P_det grid — numerator=0.000, denominator=0.051 (repeats for this event suppressed)
Event 3: >5% quadrature weight outside P_det grid — numerator=0.000, denominator=0.050 (repeats for this event suppressed)
Event 3: >5% quadrature weight outside P_det grid — numerator=0.000, denominator=0.051 (repeats for this event suppressed)
Event 3: >5% quadrature weight outside P_det grid — numerator=0.000, denominator=0.050 (repeats for this event suppressed)
Event 4: >5% quadrature weight outside P_det grid — numerator=0.000, denominator=0.050 (repeats for this event suppressed)
Event 4: >5% quadrature weight outside P_det grid — numerator=0.000, denominator=0.050 (repeats for this event suppressed)
Event 4: >5% quadrature weight outside P_det grid — numerator=0.000, denominator=0.053 (repeats for this event suppressed)
Event 4: >5% quadrature weight outside P_det grid — numerator=0.000, denominator=0.066 (repeats for this event suppressed)
Event 4: >5% quadrature weight outside P_det grid — numerator=0.000, denominator=0.053 (repeats for this event suppressed)
Event 4: >5% quadrature weight outside P_det grid — numerator=0.000, denominator=0.054 (repeats for this event suppressed)
Event 4: >5% quadrature weight outside P_det grid — numerator=0.000, denominator=0.069 (repeats for this event suppressed)
Event 4: >5% quadrature weight outside P_det grid — numerator=0.000, denominator=0.064 (repeats for this event suppressed)
Event 4: >5% quadrature weight outside P_det grid — numerator=0.000, denominator=0.060 (repeats for this event suppressed)
Event 4: >5% quadrature weight outside P_det grid — numerator=0.000, denominator=0.052 (repeats for this event suppressed)
Event 4: >5% quadrature weight outside P_det grid — numerator=0.000, denominator=0.055 (repeats for this event suppressed)
Event 4: >5% quadrature weight outside P_det grid — numerator=0.000, denominator=0.064 (repeats for this event suppressed)
Event 4: >5% quadrature weight outside P_det grid — numerator=0.000, denominator=0.051 (repeats for this event suppressed)
Event 4: >5% quadrature weight outside P_det grid — numerator=0.000, denominator=0.060 (repeats for this event suppressed)
Detection 4: fused completion mass factor zero at 50/50 quadrature nodes (0 beyond the detection horizon, S_4D=0; 50 off the phi support).
Event 5: >5% quadrature weight outside P_det grid — numerator=0.000, denominator=0.070 (repeats for this event suppressed)
Event 5: >5% quadrature weight outside P_det grid — numerator=0.000, denominator=0.068 (repeats for this event suppressed)
Event 5: >5% quadrature weight outside P_det grid — numerator=0.000, denominator=0.055 (repeats for this event suppressed)
Event 5: >5% quadrature weight outside P_det grid — numerator=0.000, denominator=0.071 (repeats for this event suppressed)
Event 5: >5% quadrature weight outside P_det grid — numerator=0.000, denominator=0.059 (repeats for this event suppressed)
Event 5: >5% quadrature weight outside P_det grid — numerator=0.000, denominator=0.081 (repeats for this event suppressed)
Event 5: >5% quadrature weight outside P_det grid — numerator=0.000, denominator=0.072 (repeats for this event suppressed)
Event 5: >5% quadrature weight outside P_det grid — numerator=0.000, denominator=0.063 (repeats for this event suppressed)
Event 5: >5% quadrature weight outside P_det grid — numerator=0.000, denominator=0.058 (repeats for this event suppressed)
Event 5: >5% quadrature weight outside P_det grid — numerator=0.000, denominator=0.051 (repeats for this event suppressed)
Event 5: >5% quadrature weight outside P_det grid — numerator=0.000, denominator=0.068 (repeats for this event suppressed)
Event 5: >5% quadrature weight outside P_det grid — numerator=0.000, denominator=0.086 (repeats for this event suppressed)
Event 5: >5% quadrature weight outside P_det grid — numerator=0.000, denominator=0.066 (repeats for this event suppressed)
Event 5: >5% quadrature weight outside P_det grid — numerator=0.000, denominator=0.067 (repeats for this event suppressed)
Event 6: >5% quadrature weight outside P_det grid — numerator=0.000, denominator=0.066 (repeats for this event suppressed)
Event 6: >5% quadrature weight outside P_det grid — numerator=0.000, denominator=0.055 (repeats for this event suppressed)
Event 6: >5% quadrature weight outside P_det grid — numerator=0.000, denominator=0.052 (repeats for this event suppressed)
Event 6: >5% quadrature weight outside P_det grid — numerator=0.000, denominator=0.054 (repeats for this event suppressed)
Event 6: >5% quadrature weight outside P_det grid — numerator=0.000, denominator=0.053 (repeats for this event suppressed)
Event 6: >5% quadrature weight outside P_det grid — numerator=0.000, denominator=0.058 (repeats for this event suppressed)
Event 6: >5% quadrature weight outside P_det grid — numerator=0.000, denominator=0.054 (repeats for this event suppressed)
Event 6: >5% quadrature weight outside P_det grid — numerator=0.000, denominator=0.054 (repeats for this event suppressed)
Event 6: >5% quadrature weight outside P_det grid — numerator=0.000, denominator=0.061 (repeats for this event suppressed)
Event 6: >5% quadrature weight outside P_det grid — numerator=0.000, denominator=0.053 (repeats for this event suppressed)
Event 6: >5% quadrature weight outside P_det grid — numerator=0.000, denominator=0.062 (repeats for this event suppressed)
Event 6: >5% quadrature weight outside P_det grid — numerator=0.000, denominator=0.058 (repeats for this event suppressed)
Event 6: >5% quadrature weight outside P_det grid — numerator=0.000, denominator=0.062 (repeats for this event suppressed)
Event 6: >5% quadrature weight outside P_det grid — numerator=0.000, denominator=0.059 (repeats for this event suppressed)
No possible hosts. Returning None.
Detection 7: no catalogue hosts in the localization volume — pure-completion fallback p_i = B_num/D (issue #29)
Detection 7: no catalog results found
Event 8: >5% quadrature weight outside P_det grid — numerator=0.000, denominator=0.065 (repeats for this event suppressed)
Event 8: >5% quadrature weight outside P_det grid — numerator=0.000, denominator=0.055 (repeats for this event suppressed)
Event 8: >5% quadrature weight outside P_det grid — numerator=0.000, denominator=0.066 (repeats for this event suppressed)
Event 8: >5% quadrature weight outside P_det grid — numerator=0.000, denominator=0.065 (repeats for this event suppressed)
Event 8: >5% quadrature weight outside P_det grid — numerator=0.000, denominator=0.061 (repeats for this event suppressed)
Event 8: >5% quadrature weight outside P_det grid — numerator=0.000, denominator=0.051 (repeats for this event suppressed)
Event 8: >5% quadrature weight outside P_det grid — numerator=0.000, denominator=0.054 (repeats for this event suppressed)
Event 8: >5% quadrature weight outside P_det grid — numerator=0.000, denominator=0.054 (repeats for this event suppressed)
Event 8: >5% quadrature weight outside P_det grid — numerator=0.000, denominator=0.057 (repeats for this event suppressed)
Event 8: >5% quadrature weight outside P_det grid — numerator=0.000, denominator=0.075 (repeats for this event suppressed)
Event 8: >5% quadrature weight outside P_det grid — numerator=0.000, denominator=0.058 (repeats for this event suppressed)
Event 8: >5% quadrature weight outside P_det grid — numerator=0.000, denominator=0.145 (repeats for this event suppressed)
Event 8: >5% quadrature weight outside P_det grid — numerator=0.000, denominator=0.070 (repeats for this event suppressed)
Event 8: >5% quadrature weight outside P_det grid — numerator=0.000, denominator=0.062 (repeats for this event suppressed)
Detection 8: fused completion mass factor zero at 50/50 quadrature nodes (0 beyond the detection horizon, S_4D=0; 50 off the phi support).
Event 9: >5% quadrature weight outside P_det grid — numerator=0.000, denominator=0.075 (repeats for this event suppressed)
Event 9: >5% quadrature weight outside P_det grid — numerator=0.000, denominator=0.064 (repeats for this event suppressed)
Event 9: >5% quadrature weight outside P_det grid — numerator=0.000, denominator=0.066 (repeats for this event suppressed)
Event 9: >5% quadrature weight outside P_det grid — numerator=0.000, denominator=0.073 (repeats for this event suppressed)
Event 9: >5% quadrature weight outside P_det grid — numerator=0.000, denominator=0.156 (repeats for this event suppressed)
Event 9: >5% quadrature weight outside P_det grid — numerator=0.000, denominator=0.084 (repeats for this event suppressed)
Event 9: >5% quadrature weight outside P_det grid — numerator=0.000, denominator=0.064 (repeats for this event suppressed)
Event 9: >5% quadrature weight outside P_det grid — numerator=0.000, denominator=0.062 (repeats for this event suppressed)
Event 9: >5% quadrature weight outside P_det grid — numerator=0.000, denominator=0.060 (repeats for this event suppressed)
Event 9: >5% quadrature weight outside P_det grid — numerator=0.000, denominator=0.068 (repeats for this event suppressed)
Event 9: >5% quadrature weight outside P_det grid — numerator=0.000, denominator=0.062 (repeats for this event suppressed)
Event 9: >5% quadrature weight outside P_det grid — numerator=0.000, denominator=0.077 (repeats for this event suppressed)
Event 9: >5% quadrature weight outside P_det grid — numerator=0.000, denominator=0.071 (repeats for this event suppressed)
Event 9: >5% quadrature weight outside P_det grid — numerator=0.000, denominator=0.154 (repeats for this event suppressed)
Event 11: >5% quadrature weight outside P_det grid — numerator=0.000, denominator=0.063 (repeats for this event suppressed)
Event 11: >5% quadrature weight outside P_det grid — numerator=0.000, denominator=0.053 (repeats for this event suppressed)
Event 11: >5% quadrature weight outside P_det grid — numerator=0.000, denominator=0.063 (repeats for this event suppressed)
Event 11: >5% quadrature weight outside P_det grid — numerator=0.000, denominator=0.068 (repeats for this event suppressed)
Event 11: >5% quadrature weight outside P_det grid — numerator=0.000, denominator=0.055 (repeats for this event suppressed)
Event 11: >5% quadrature weight outside P_det grid — numerator=0.000, denominator=0.061 (repeats for this event suppressed)
Event 11: >5% quadrature weight outside P_det grid — numerator=0.000, denominator=0.052 (repeats for this event suppressed)
Event 11: >5% quadrature weight outside P_det grid — numerator=0.000, denominator=0.074 (repeats for this event suppressed)
Event 11: >5% quadrature weight outside P_det grid — numerator=0.000, denominator=0.078 (repeats for this event suppressed)
Event 11: >5% quadrature weight outside P_det grid — numerator=0.000, denominator=0.057 (repeats for this event suppressed)
Event 11: >5% quadrature weight outside P_det grid — numerator=0.000, denominator=0.065 (repeats for this event suppressed)
Event 11: >5% quadrature weight outside P_det grid — numerator=0.000, denominator=0.066 (repeats for this event suppressed)
Event 12: >5% quadrature weight outside P_det grid — numerator=0.000, denominator=0.057 (repeats for this event suppressed)
Event 12: >5% quadrature weight outside P_det grid — numerator=0.000, denominator=0.066 (repeats for this event suppressed)
Event 12: >5% quadrature weight outside P_det grid — numerator=0.000, denominator=0.064 (repeats for this event suppressed)
Event 12: >5% quadrature weight outside P_det grid — numerator=0.000, denominator=0.070 (repeats for this event suppressed)
Event 12: >5% quadrature weight outside P_det grid — numerator=0.000, denominator=0.069 (repeats for this event suppressed)
Event 12: >5% quadrature weight outside P_det grid — numerator=0.000, denominator=0.085 (repeats for this event suppressed)
Event 12: >5% quadrature weight outside P_det grid — numerator=0.000, denominator=0.073 (repeats for this event suppressed)
Event 12: >5% quadrature weight outside P_det grid — numerator=0.000, denominator=0.056 (repeats for this event suppressed)
Event 12: >5% quadrature weight outside P_det grid — numerator=0.000, denominator=0.075 (repeats for this event suppressed)
Event 12: >5% quadrature weight outside P_det grid — numerator=0.000, denominator=0.087 (repeats for this event suppressed)
Event 12: >5% quadrature weight outside P_det grid — numerator=0.000, denominator=0.053 (repeats for this event suppressed)
Event 12: >5% quadrature weight outside P_det grid — numerator=0.000, denominator=0.056 (repeats for this event suppressed)
Event 12: >5% quadrature weight outside P_det grid — numerator=0.000, denominator=0.082 (repeats for this event suppressed)
Event 12: >5% quadrature weight outside P_det grid — numerator=0.000, denominator=0.056 (repeats for this event suppressed)
Event 13: >5% quadrature weight outside P_det grid — numerator=0.000, denominator=0.054 (repeats for this event suppressed)
Event 13: >5% quadrature weight outside P_det grid — numerator=0.000, denominator=0.059 (repeats for this event suppressed)
Event 13: >5% quadrature weight outside P_det grid — numerator=0.000, denominator=0.072 (repeats for this event suppressed)
Event 13: >5% quadrature weight outside P_det grid — numerator=0.000, denominator=0.060 (repeats for this event suppressed)
Event 13: >5% quadrature weight outside P_det grid — numerator=0.000, denominator=0.065 (repeats for this event suppressed)
Event 13: >5% quadrature weight outside P_det grid — numerator=0.000, denominator=0.067 (repeats for this event suppressed)
Event 13: >5% quadrature weight outside P_det grid — numerator=0.000, denominator=0.051 (repeats for this event suppressed)
Event 13: >5% quadrature weight outside P_det grid — numerator=0.000, denominator=0.051 (repeats for this event suppressed)
Event 13: >5% quadrature weight outside P_det grid — numerator=0.000, denominator=0.065 (repeats for this event suppressed)
Event 13: >5% quadrature weight outside P_det grid — numerator=0.000, denominator=0.077 (repeats for this event suppressed)
Event 13: >5% quadrature weight outside P_det grid — numerator=0.000, denominator=0.068 (repeats for this event suppressed)
Event 13: >5% quadrature weight outside P_det grid — numerator=0.000, denominator=0.062 (repeats for this event suppressed)
Event 13: >5% quadrature weight outside P_det grid — numerator=0.000, denominator=0.087 (repeats for this event suppressed)
Event 13: >5% quadrature weight outside P_det grid — numerator=0.000, denominator=0.061 (repeats for this event suppressed)
Detection 13: fused completion mass factor zero at 50/50 quadrature nodes (0 beyond the detection horizon, S_4D=0; 50 off the phi support).
Event 16: >5% quadrature weight outside P_det grid — numerator=0.000, denominator=0.062 (repeats for this event suppressed)
Event 16: >5% quadrature weight outside P_det grid — numerator=0.000, denominator=0.051 (repeats for this event suppressed)
Event 16: >5% quadrature weight outside P_det grid — numerator=0.000, denominator=0.052 (repeats for this event suppressed)
Event 16: >5% quadrature weight outside P_det grid — numerator=0.000, denominator=0.055 (repeats for this event suppressed)
Event 16: >5% quadrature weight outside P_det grid — numerator=0.000, denominator=0.060 (repeats for this event suppressed)
Event 16: >5% quadrature weight outside P_det grid — numerator=0.000, denominator=0.055 (repeats for this event suppressed)
Event 16: >5% quadrature weight outside P_det grid — numerator=0.000, denominator=0.081 (repeats for this event suppressed)
Event 16: >5% quadrature weight outside P_det grid — numerator=0.000, denominator=0.052 (repeats for this event suppressed)
Event 16: >5% quadrature weight outside P_det grid — numerator=0.000, denominator=0.054 (repeats for this event suppressed)
Event 16: >5% quadrature weight outside P_det grid — numerator=0.000, denominator=0.062 (repeats for this event suppressed)
Event 16: >5% quadrature weight outside P_det grid — numerator=0.000, denominator=0.053 (repeats for this event suppressed)
Event 16: >5% quadrature weight outside P_det grid — numerator=0.000, denominator=0.058 (repeats for this event suppressed)
Event 16: >5% quadrature weight outside P_det grid — numerator=0.000, denominator=0.060 (repeats for this event suppressed)
Event 16: >5% quadrature weight outside P_det grid — numerator=0.000, denominator=0.081 (repeats for this event suppressed)
Event 17: >5% quadrature weight outside P_det grid — numerator=0.000, denominator=0.064 (repeats for this event suppressed)
Event 17: >5% quadrature weight outside P_det grid — numerator=0.000, denominator=0.071 (repeats for this event suppressed)
Event 17: >5% quadrature weight outside P_det grid — numerator=0.000, denominator=0.052 (repeats for this event suppressed)
Event 17: >5% quadrature weight outside P_det grid — numerator=0.000, denominator=0.080 (repeats for this event suppressed)
Event 17: >5% quadrature weight outside P_det grid — numerator=0.000, denominator=0.063 (repeats for this event suppressed)
Event 17: >5% quadrature weight outside P_det grid — numerator=0.000, denominator=0.061 (repeats for this event suppressed)
Event 17: >5% quadrature weight outside P_det grid — numerator=0.000, denominator=0.072 (repeats for this event suppressed)
Event 17: >5% quadrature weight outside P_det grid — numerator=0.000, denominator=0.051 (repeats for this event suppressed)
Event 17: >5% quadrature weight outside P_det grid — numerator=0.000, denominator=0.055 (repeats for this event suppressed)
Event 17: >5% quadrature weight outside P_det grid — numerator=0.000, denominator=0.056 (repeats for this event suppressed)
Event 17: >5% quadrature weight outside P_det grid — numerator=0.000, denominator=0.054 (repeats for this event suppressed)
Event 17: >5% quadrature weight outside P_det grid — numerator=0.000, denominator=0.053 (repeats for this event suppressed)
Event 17: >5% quadrature weight outside P_det grid — numerator=0.000, denominator=0.051 (repeats for this event suppressed)
Event 17: >5% quadrature weight outside P_det grid — numerator=0.000, denominator=0.057 (repeats for this event suppressed)
Event 18: >5% quadrature weight outside P_det grid — numerator=0.000, denominator=0.076 (repeats for this event suppressed)
Event 18: >5% quadrature weight outside P_det grid — numerator=0.000, denominator=0.058 (repeats for this event suppressed)
Event 18: >5% quadrature weight outside P_det grid — numerator=0.000, denominator=0.067 (repeats for this event suppressed)
Event 18: >5% quadrature weight outside P_det grid — numerator=0.000, denominator=0.069 (repeats for this event suppressed)
Event 18: >5% quadrature weight outside P_det grid — numerator=0.000, denominator=0.060 (repeats for this event suppressed)
Event 18: >5% quadrature weight outside P_det grid — numerator=0.000, denominator=0.069 (repeats for this event suppressed)
Detection 18: fused completion mass factor zero at 50/50 quadrature nodes (0 beyond the detection horizon, S_4D=0; 50 off the phi support).
Event 19: >5% quadrature weight outside P_det grid — numerator=0.000, denominator=0.065 (repeats for this event suppressed)
Event 19: >5% quadrature weight outside P_det grid — numerator=0.000, denominator=0.051 (repeats for this event suppressed)
Event 19: >5% quadrature weight outside P_det grid — numerator=0.000, denominator=0.059 (repeats for this event suppressed)
Event 19: >5% quadrature weight outside P_det grid — numerator=0.000, denominator=0.064 (repeats for this event suppressed)
Event 19: >5% quadrature weight outside P_det grid — numerator=0.000, denominator=0.055 (repeats for this event suppressed)
Event 19: >5% quadrature weight outside P_det grid — numerator=0.000, denominator=0.065 (repeats for this event suppressed)
Event 19: >5% quadrature weight outside P_det grid — numerator=0.000, denominator=0.064 (repeats for this event suppressed)
Event 19: >5% quadrature weight outside P_det grid — numerator=0.000, denominator=0.060 (repeats for this event suppressed)
Event 19: >5% quadrature weight outside P_det grid — numerator=0.000, denominator=0.059 (repeats for this event suppressed)
Event 19: >5% quadrature weight outside P_det grid — numerator=0.000, denominator=0.054 (repeats for this event suppressed)
Event 19: >5% quadrature weight outside P_det grid — numerator=0.000, denominator=0.054 (repeats for this event suppressed)
Event 19: >5% quadrature weight outside P_det grid — numerator=0.000, denominator=0.068 (repeats for this event suppressed)
Event 19: >5% quadrature weight outside P_det grid — numerator=0.000, denominator=0.068 (repeats for this event suppressed)
Event 19: >5% quadrature weight outside P_det grid — numerator=0.000, denominator=0.061 (repeats for this event suppressed)
Event 20: >5% quadrature weight outside P_det grid — numerator=0.000, denominator=0.059 (repeats for this event suppressed)
Event 20: >5% quadrature weight outside P_det grid — numerator=0.000, denominator=0.067 (repeats for this event suppressed)
Event 20: >5% quadrature weight outside P_det grid — numerator=0.000, denominator=0.081 (repeats for this event suppressed)
Event 20: >5% quadrature weight outside P_det grid — numerator=0.000, denominator=0.051 (repeats for this event suppressed)
Event 20: >5% quadrature weight outside P_det grid — numerator=0.000, denominator=0.054 (repeats for this event suppressed)
Event 20: >5% quadrature weight outside P_det grid — numerator=0.000, denominator=0.054 (repeats for this event suppressed)
Event 20: >5% quadrature weight outside P_det grid — numerator=0.000, denominator=0.062 (repeats for this event suppressed)
Event 20: >5% quadrature weight outside P_det grid — numerator=0.000, denominator=0.051 (repeats for this event suppressed)
Event 20: >5% quadrature weight outside P_det grid — numerator=0.000, denominator=0.050 (repeats for this event suppressed)
Event 20: >5% quadrature weight outside P_det grid — numerator=0.000, denominator=0.057 (repeats for this event suppressed)
Event 20: >5% quadrature weight outside P_det grid — numerator=0.000, denominator=0.071 (repeats for this event suppressed)
Event 20: >5% quadrature weight outside P_det grid — numerator=0.000, denominator=0.053 (repeats for this event suppressed)
Event 20: >5% quadrature weight outside P_det grid — numerator=0.000, denominator=0.053 (repeats for this event suppressed)
Event 20: >5% quadrature weight outside P_det grid — numerator=0.000, denominator=0.070 (repeats for this event suppressed)
Event 23: >5% quadrature weight outside P_det grid — numerator=0.000, denominator=0.059 (repeats for this event suppressed)
Event 23: >5% quadrature weight outside P_det grid — numerator=0.000, denominator=0.063 (repeats for this event suppressed)
Event 23: >5% quadrature weight outside P_det grid — numerator=0.000, denominator=0.089 (repeats for this event suppressed)
Event 23: >5% quadrature weight outside P_det grid — numerator=0.000, denominator=0.052 (repeats for this event suppressed)
Event 23: >5% quadrature weight outside P_det grid — numerator=0.000, denominator=0.056 (repeats for this event suppressed)
Event 23: >5% quadrature weight outside P_det grid — numerator=0.000, denominator=0.060 (repeats for this event suppressed)
Event 23: >5% quadrature weight outside P_det grid — numerator=0.000, denominator=0.069 (repeats for this event suppressed)
Event 23: >5% quadrature weight outside P_det grid — numerator=0.000, denominator=0.068 (repeats for this event suppressed)
Event 23: >5% quadrature weight outside P_det grid — numerator=0.000, denominator=0.064 (repeats for this event suppressed)
Event 25: >5% quadrature weight outside P_det grid — numerator=0.000, denominator=0.058 (repeats for this event suppressed)
Event 25: >5% quadrature weight outside P_det grid — numerator=0.000, denominator=0.076 (repeats for this event suppressed)
Event 25: >5% quadrature weight outside P_det grid — numerator=0.000, denominator=0.067 (repeats for this event suppressed)
Event 25: >5% quadrature weight outside P_det grid — numerator=0.000, denominator=0.066 (repeats for this event suppressed)
Event 25: >5% quadrature weight outside P_det grid — numerator=0.000, denominator=0.062 (repeats for this event suppressed)
Event 25: >5% quadrature weight outside P_det grid — numerator=0.000, denominator=0.060 (repeats for this event suppressed)
Event 25: >5% quadrature weight outside P_det grid — numerator=0.000, denominator=0.054 (repeats for this event suppressed)
Event 25: >5% quadrature weight outside P_det grid — numerator=0.000, denominator=0.066 (repeats for this event suppressed)
Event 25: >5% quadrature weight outside P_det grid — numerator=0.000, denominator=0.120 (repeats for this event suppressed)
Event 25: >5% quadrature weight outside P_det grid — numerator=0.000, denominator=0.068 (repeats for this event suppressed)
Event 25: >5% quadrature weight outside P_det grid — numerator=0.000, denominator=0.086 (repeats for this event suppressed)
Event 25: >5% quadrature weight outside P_det grid — numerator=0.000, denominator=0.062 (repeats for this event suppressed)
Event 25: >5% quadrature weight outside P_det grid — numerator=0.000, denominator=0.078 (repeats for this event suppressed)
Event 25: >5% quadrature weight outside P_det grid — numerator=0.000, denominator=0.064 (repeats for this event suppressed)
Event 26: >5% quadrature weight outside P_det grid — numerator=0.000, denominator=0.061 (repeats for this event suppressed)
Event 26: >5% quadrature weight outside P_det grid — numerator=0.000, denominator=0.059 (repeats for this event suppressed)
Event 26: >5% quadrature weight outside P_det grid — numerator=0.000, denominator=0.060 (repeats for this event suppressed)
Event 26: >5% quadrature weight outside P_det grid — numerator=0.000, denominator=0.086 (repeats for this event suppressed)
Event 26: >5% quadrature weight outside P_det grid — numerator=0.000, denominator=0.077 (repeats for this event suppressed)
Event 26: >5% quadrature weight outside P_det grid — numerator=0.000, denominator=0.054 (repeats for this event suppressed)
Event 26: >5% quadrature weight outside P_det grid — numerator=0.000, denominator=0.077 (repeats for this event suppressed)
Event 26: >5% quadrature weight outside P_det grid — numerator=0.000, denominator=0.055 (repeats for this event suppressed)
Event 26: >5% quadrature weight outside P_det grid — numerator=0.000, denominator=0.059 (repeats for this event suppressed)
Event 26: >5% quadrature weight outside P_det grid — numerator=0.000, denominator=0.182 (repeats for this event suppressed)
Event 26: >5% quadrature weight outside P_det grid — numerator=0.000, denominator=0.076 (repeats for this event suppressed)
Event 26: >5% quadrature weight outside P_det grid — numerator=0.000, denominator=0.051 (repeats for this event suppressed)
Event 26: >5% quadrature weight outside P_det grid — numerator=0.000, denominator=0.058 (repeats for this event suppressed)
Event 26: >5% quadrature weight outside P_det grid — numerator=0.000, denominator=0.065 (repeats for this event suppressed)
Detection 26: fused completion mass factor zero at 50/50 quadrature nodes (0 beyond the detection horizon, S_4D=0; 50 off the phi support).
Event 27: >5% quadrature weight outside P_det grid — numerator=0.000, denominator=0.070 (repeats for this event suppressed)
Event 27: >5% quadrature weight outside P_det grid — numerator=0.000, denominator=0.058 (repeats for this event suppressed)
Event 27: >5% quadrature weight outside P_det grid — numerator=0.000, denominator=0.070 (repeats for this event suppressed)
Event 27: >5% quadrature weight outside P_det grid — numerator=0.000, denominator=0.080 (repeats for this event suppressed)
Event 27: >5% quadrature weight outside P_det grid — numerator=0.000, denominator=0.058 (repeats for this event suppressed)
Event 27: >5% quadrature weight outside P_det grid — numerator=0.000, denominator=0.062 (repeats for this event suppressed)
Event 27: >5% quadrature weight outside P_det grid — numerator=0.000, denominator=0.077 (repeats for this event suppressed)
Event 27: >5% quadrature weight outside P_det grid — numerator=0.000, denominator=0.066 (repeats for this event suppressed)
Event 27: >5% quadrature weight outside P_det grid — numerator=0.000, denominator=0.054 (repeats for this event suppressed)
Event 27: >5% quadrature weight outside P_det grid — numerator=0.000, denominator=0.051 (repeats for this event suppressed)
Event 27: >5% quadrature weight outside P_det grid — numerator=0.000, denominator=0.069 (repeats for this event suppressed)
Event 27: >5% quadrature weight outside P_det grid — numerator=0.000, denominator=0.053 (repeats for this event suppressed)
Event 27: >5% quadrature weight outside P_det grid — numerator=0.000, denominator=0.051 (repeats for this event suppressed)
Event 27: >5% quadrature weight outside P_det grid — numerator=0.000, denominator=0.057 (repeats for this event suppressed)
No possible hosts. Returning None.
Detection 29: no catalogue hosts in the localization volume — pure-completion fallback p_i = B_num/D (issue #29)
Detection 29: no catalog results found
Detection 29: fused completion mass factor zero at 50/50 quadrature nodes (0 beyond the detection horizon, S_4D=0; 50 off the phi support).
Event 30: >5% quadrature weight outside P_det grid — numerator=0.000, denominator=0.067 (repeats for this event suppressed)
Event 30: >5% quadrature weight outside P_det grid — numerator=0.000, denominator=0.085 (repeats for this event suppressed)
Event 30: >5% quadrature weight outside P_det grid — numerator=0.000, denominator=0.062 (repeats for this event suppressed)
Event 30: >5% quadrature weight outside P_det grid — numerator=0.000, denominator=0.080 (repeats for this event suppressed)
Event 30: >5% quadrature weight outside P_det grid — numerator=0.000, denominator=0.058 (repeats for this event suppressed)
Event 30: >5% quadrature weight outside P_det grid — numerator=0.000, denominator=0.065 (repeats for this event suppressed)
Event 30: >5% quadrature weight outside P_det grid — numerator=0.000, denominator=0.079 (repeats for this event suppressed)
Event 30: >5% quadrature weight outside P_det grid — numerator=0.000, denominator=0.060 (repeats for this event suppressed)
Event 30: >5% quadrature weight outside P_det grid — numerator=0.000, denominator=0.096 (repeats for this event suppressed)
Event 30: >5% quadrature weight outside P_det grid — numerator=0.000, denominator=0.060 (repeats for this event suppressed)
Event 30: >5% quadrature weight outside P_det grid — numerator=0.000, denominator=0.075 (repeats for this event suppressed)
Event 30: >5% quadrature weight outside P_det grid — numerator=0.000, denominator=0.056 (repeats for this event suppressed)
Event 30: >5% quadrature weight outside P_det grid — numerator=0.000, denominator=0.055 (repeats for this event suppressed)
Event 30: >5% quadrature weight outside P_det grid — numerator=0.000, denominator=0.063 (repeats for this event suppressed)
Event 32: >5% quadrature weight outside P_det grid — numerator=0.000, denominator=0.055 (repeats for this event suppressed)
Event 32: >5% quadrature weight outside P_det grid — numerator=0.000, denominator=0.055 (repeats for this event suppressed)
Event 32: >5% quadrature weight outside P_det grid — numerator=0.000, denominator=0.051 (repeats for this event suppressed)
Event 32: >5% quadrature weight outside P_det grid — numerator=0.000, denominator=0.051 (repeats for this event suppressed)
Event 32: >5% quadrature weight outside P_det grid — numerator=0.000, denominator=0.054 (repeats for this event suppressed)
Event 32: >5% quadrature weight outside P_det grid — numerator=0.000, denominator=0.052 (repeats for this event suppressed)
Event 32: >5% quadrature weight outside P_det grid — numerator=0.000, denominator=0.051 (repeats for this event suppressed)
Event 32: >5% quadrature weight outside P_det grid — numerator=0.000, denominator=0.054 (repeats for this event suppressed)
Event 32: >5% quadrature weight outside P_det grid — numerator=0.000, denominator=0.054 (repeats for this event suppressed)
Event 32: >5% quadrature weight outside P_det grid — numerator=0.000, denominator=0.052 (repeats for this event suppressed)
Event 32: >5% quadrature weight outside P_det grid — numerator=0.000, denominator=0.051 (repeats for this event suppressed)
Event 32: >5% quadrature weight outside P_det grid — numerator=0.000, denominator=0.055 (repeats for this event suppressed)
Event 32: >5% quadrature weight outside P_det grid — numerator=0.000, denominator=0.051 (repeats for this event suppressed)
Event 32: >5% quadrature weight outside P_det grid — numerator=0.000, denominator=0.052 (repeats for this event suppressed)
Event 34: >5% quadrature weight outside P_det grid — numerator=0.000, denominator=0.053 (repeats for this event suppressed)
Event 34: >5% quadrature weight outside P_det grid — numerator=0.000, denominator=0.054 (repeats for this event suppressed)
Event 34: >5% quadrature weight outside P_det grid — numerator=0.000, denominator=0.067 (repeats for this event suppressed)
Event 34: >5% quadrature weight outside P_det grid — numerator=0.000, denominator=0.054 (repeats for this event suppressed)
Event 34: >5% quadrature weight outside P_det grid — numerator=0.000, denominator=0.055 (repeats for this event suppressed)
Event 34: >5% quadrature weight outside P_det grid — numerator=0.000, denominator=0.053 (repeats for this event suppressed)
Event 34: >5% quadrature weight outside P_det grid — numerator=0.000, denominator=0.051 (repeats for this event suppressed)
Event 34: >5% quadrature weight outside P_det grid — numerator=0.000, denominator=0.063 (repeats for this event suppressed)
Event 34: >5% quadrature weight outside P_det grid — numerator=0.000, denominator=0.063 (repeats for this event suppressed)
Event 34: >5% quadrature weight outside P_det grid — numerator=0.000, denominator=0.070 (repeats for this event suppressed)
Event 34: >5% quadrature weight outside P_det grid — numerator=0.000, denominator=0.056 (repeats for this event suppressed)
Event 34: >5% quadrature weight outside P_det grid — numerator=0.000, denominator=0.057 (repeats for this event suppressed)
Event 34: >5% quadrature weight outside P_det grid — numerator=0.000, denominator=0.057 (repeats for this event suppressed)
Event 35: >5% quadrature weight outside P_det grid — numerator=0.000, denominator=0.087 (repeats for this event suppressed)
Detection 35: fused completion mass factor zero at 50/50 quadrature nodes (0 beyond the detection horizon, S_4D=0; 50 off the phi support).
Event 37: >5% quadrature weight outside P_det grid — numerator=0.000, denominator=0.067 (repeats for this event suppressed)
Event 37: >5% quadrature weight outside P_det grid — numerator=0.000, denominator=0.067 (repeats for this event suppressed)
Event 38: >5% quadrature weight outside P_det grid — numerator=0.000, denominator=0.062 (repeats for this event suppressed)
Event 38: >5% quadrature weight outside P_det grid — numerator=0.000, denominator=0.064 (repeats for this event suppressed)
Event 38: >5% quadrature weight outside P_det grid — numerator=0.000, denominator=0.061 (repeats for this event suppressed)
Event 38: >5% quadrature weight outside P_det grid — numerator=0.000, denominator=0.122 (repeats for this event suppressed)
Event 38: >5% quadrature weight outside P_det grid — numerator=0.000, denominator=0.067 (repeats for this event suppressed)
Event 38: >5% quadrature weight outside P_det grid — numerator=0.000, denominator=0.064 (repeats for this event suppressed)
Event 38: >5% quadrature weight outside P_det grid — numerator=0.000, denominator=0.064 (repeats for this event suppressed)
Event 38: >5% quadrature weight outside P_det grid — numerator=0.000, denominator=0.057 (repeats for this event suppressed)
Event 38: >5% quadrature weight outside P_det grid — numerator=0.000, denominator=0.070 (repeats for this event suppressed)
Event 38: >5% quadrature weight outside P_det grid — numerator=0.000, denominator=0.050 (repeats for this event suppressed)
Event 38: >5% quadrature weight outside P_det grid — numerator=0.000, denominator=0.058 (repeats for this event suppressed)
Event 38: >5% quadrature weight outside P_det grid — numerator=0.000, denominator=0.054 (repeats for this event suppressed)
Event 38: >5% quadrature weight outside P_det grid — numerator=0.000, denominator=0.062 (repeats for this event suppressed)
Event 38: >5% quadrature weight outside P_det grid — numerator=0.000, denominator=0.070 (repeats for this event suppressed)
Event 40: >5% quadrature weight outside P_det grid — numerator=0.000, denominator=0.073 (repeats for this event suppressed)
Event 40: >5% quadrature weight outside P_det grid — numerator=0.000, denominator=0.073 (repeats for this event suppressed)
Event 40: >5% quadrature weight outside P_det grid — numerator=0.000, denominator=0.059 (repeats for this event suppressed)
Event 40: >5% quadrature weight outside P_det grid — numerator=0.000, denominator=0.057 (repeats for this event suppressed)
Event 40: >5% quadrature weight outside P_det grid — numerator=0.000, denominator=0.062 (repeats for this event suppressed)
Event 40: >5% quadrature weight outside P_det grid — numerator=0.000, denominator=0.078 (repeats for this event suppressed)
Event 40: >5% quadrature weight outside P_det grid — numerator=0.000, denominator=0.059 (repeats for this event suppressed)
Event 40: >5% quadrature weight outside P_det grid — numerator=0.000, denominator=0.062 (repeats for this event suppressed)
Event 40: >5% quadrature weight outside P_det grid — numerator=0.000, denominator=0.060 (repeats for this event suppressed)
Event 40: >5% quadrature weight outside P_det grid — numerator=0.000, denominator=0.055 (repeats for this event suppressed)
Event 40: >5% quadrature weight outside P_det grid — numerator=0.000, denominator=0.052 (repeats for this event suppressed)
Event 40: >5% quadrature weight outside P_det grid — numerator=0.000, denominator=0.060 (repeats for this event suppressed)
Event 40: >5% quadrature weight outside P_det grid — numerator=0.000, denominator=0.081 (repeats for this event suppressed)
Event 40: >5% quadrature weight outside P_det grid — numerator=0.000, denominator=0.056 (repeats for this event suppressed)
Event 42: >5% quadrature weight outside P_det grid — numerator=0.000, denominator=0.055 (repeats for this event suppressed)
Event 42: >5% quadrature weight outside P_det grid — numerator=0.000, denominator=0.055 (repeats for this event suppressed)
Event 42: >5% quadrature weight outside P_det grid — numerator=0.000, denominator=0.064 (repeats for this event suppressed)
Event 42: >5% quadrature weight outside P_det grid — numerator=0.000, denominator=0.056 (repeats for this event suppressed)
Event 42: >5% quadrature weight outside P_det grid — numerator=0.000, denominator=0.058 (repeats for this event suppressed)
Event 42: >5% quadrature weight outside P_det grid — numerator=0.000, denominator=0.059 (repeats for this event suppressed)
Event 42: >5% quadrature weight outside P_det grid — numerator=0.000, denominator=0.066 (repeats for this event suppressed)
Event 42: >5% quadrature weight outside P_det grid — numerator=0.000, denominator=0.074 (repeats for this event suppressed)
Event 42: >5% quadrature weight outside P_det grid — numerator=0.000, denominator=0.060 (repeats for this event suppressed)
Event 42: >5% quadrature weight outside P_det grid — numerator=0.000, denominator=0.059 (repeats for this event suppressed)
Event 42: >5% quadrature weight outside P_det grid — numerator=0.000, denominator=0.059 (repeats for this event suppressed)
Detection 42: fused completion mass factor zero at 50/50 quadrature nodes (0 beyond the detection horizon, S_4D=0; 50 off the phi support).
Event 44: >5% quadrature weight outside P_det grid — numerator=0.000, denominator=0.050 (repeats for this event suppressed)
Event 44: >5% quadrature weight outside P_det grid — numerator=0.000, denominator=0.055 (repeats for this event suppressed)
Event 44: >5% quadrature weight outside P_det grid — numerator=0.000, denominator=0.073 (repeats for this event suppressed)
Event 44: >5% quadrature weight outside P_det grid — numerator=0.000, denominator=0.081 (repeats for this event suppressed)
Event 44: >5% quadrature weight outside P_det grid — numerator=0.000, denominator=0.072 (repeats for this event suppressed)
Event 44: >5% quadrature weight outside P_det grid — numerator=0.000, denominator=0.051 (repeats for this event suppressed)
Event 44: >5% quadrature weight outside P_det grid — numerator=0.000, denominator=0.055 (repeats for this event suppressed)
Event 44: >5% quadrature weight outside P_det grid — numerator=0.000, denominator=0.079 (repeats for this event suppressed)
Event 44: >5% quadrature weight outside P_det grid — numerator=0.000, denominator=0.088 (repeats for this event suppressed)
Event 44: >5% quadrature weight outside P_det grid — numerator=0.000, denominator=0.082 (repeats for this event suppressed)
Event 44: >5% quadrature weight outside P_det grid — numerator=0.000, denominator=0.072 (repeats for this event suppressed)
Event 44: >5% quadrature weight outside P_det grid — numerator=0.000, denominator=0.056 (repeats for this event suppressed)
Event 44: >5% quadrature weight outside P_det grid — numerator=0.000, denominator=0.080 (repeats for this event suppressed)
Event 44: >5% quadrature weight outside P_det grid — numerator=0.000, denominator=0.067 (repeats for this event suppressed)
Event 51: >5% quadrature weight outside P_det grid — numerator=0.000, denominator=0.066 (repeats for this event suppressed)
Event 51: >5% quadrature weight outside P_det grid — numerator=0.000, denominator=0.064 (repeats for this event suppressed)
Event 51: >5% quadrature weight outside P_det grid — numerator=0.000, denominator=0.061 (repeats for this event suppressed)
Event 51: >5% quadrature weight outside P_det grid — numerator=0.000, denominator=0.068 (repeats for this event suppressed)
Event 51: >5% quadrature weight outside P_det grid — numerator=0.000, denominator=0.060 (repeats for this event suppressed)
Event 51: >5% quadrature weight outside P_det grid — numerator=0.000, denominator=0.053 (repeats for this event suppressed)
Event 51: >5% quadrature weight outside P_det grid — numerator=0.000, denominator=0.058 (repeats for this event suppressed)
Event 53: >5% quadrature weight outside P_det grid — numerator=0.000, denominator=0.055 (repeats for this event suppressed)
Event 53: >5% quadrature weight outside P_det grid — numerator=0.000, denominator=0.067 (repeats for this event suppressed)
Event 53: >5% quadrature weight outside P_det grid — numerator=0.000, denominator=0.060 (repeats for this event suppressed)
Event 53: >5% quadrature weight outside P_det grid — numerator=0.000, denominator=0.062 (repeats for this event suppressed)
Event 53: >5% quadrature weight outside P_det grid — numerator=0.000, denominator=0.051 (repeats for this event suppressed)
Event 53: >5% quadrature weight outside P_det grid — numerator=0.000, denominator=0.057 (repeats for this event suppressed)
Event 53: >5% quadrature weight outside P_det grid — numerator=0.000, denominator=0.058 (repeats for this event suppressed)
Event 53: >5% quadrature weight outside P_det grid — numerator=0.000, denominator=0.057 (repeats for this event suppressed)
Event 53: >5% quadrature weight outside P_det grid — numerator=0.000, denominator=0.052 (repeats for this event suppressed)
Event 53: >5% quadrature weight outside P_det grid — numerator=0.000, denominator=0.054 (repeats for this event suppressed)
Event 53: >5% quadrature weight outside P_det grid — numerator=0.000, denominator=0.055 (repeats for this event suppressed)
Event 53: >5% quadrature weight outside P_det grid — numerator=0.000, denominator=0.073 (repeats for this event suppressed)
Event 53: >5% quadrature weight outside P_det grid — numerator=0.000, denominator=0.061 (repeats for this event suppressed)
Event 56: >5% quadrature weight outside P_det grid — numerator=0.000, denominator=0.051 (repeats for this event suppressed)
Event 56: >5% quadrature weight outside P_det grid — numerator=0.000, denominator=0.066 (repeats for this event suppressed)
Event 56: >5% quadrature weight outside P_det grid — numerator=0.000, denominator=0.062 (repeats for this event suppressed)
Event 56: >5% quadrature weight outside P_det grid — numerator=0.000, denominator=0.053 (repeats for this event suppressed)
Event 56: >5% quadrature weight outside P_det grid — numerator=0.000, denominator=0.054 (repeats for this event suppressed)
Event 56: >5% quadrature weight outside P_det grid — numerator=0.000, denominator=0.054 (repeats for this event suppressed)
Event 56: >5% quadrature weight outside P_det grid — numerator=0.000, denominator=0.051 (repeats for this event suppressed)
Event 56: >5% quadrature weight outside P_det grid — numerator=0.000, denominator=0.051 (repeats for this event suppressed)
Event 56: >5% quadrature weight outside P_det grid — numerator=0.000, denominator=0.057 (repeats for this event suppressed)
Event 56: >5% quadrature weight outside P_det grid — numerator=0.000, denominator=0.051 (repeats for this event suppressed)
Event 57: >5% quadrature weight outside P_det grid — numerator=0.000, denominator=0.051 (repeats for this event suppressed)
Event 57: >5% quadrature weight outside P_det grid — numerator=0.000, denominator=0.061 (repeats for this event suppressed)
Event 57: >5% quadrature weight outside P_det grid — numerator=0.000, denominator=0.055 (repeats for this event suppressed)
Event 57: >5% quadrature weight outside P_det grid — numerator=0.000, denominator=0.052 (repeats for this event suppressed)
Event 57: >5% quadrature weight outside P_det grid — numerator=0.000, denominator=0.063 (repeats for this event suppressed)
Event 57: >5% quadrature weight outside P_det grid — numerator=0.000, denominator=0.050 (repeats for this event suppressed)
Event 57: >5% quadrature weight outside P_det grid — numerator=0.000, denominator=0.058 (repeats for this event suppressed)
Event 57: >5% quadrature weight outside P_det grid — numerator=0.000, denominator=0.055 (repeats for this event suppressed)
Event 57: >5% quadrature weight outside P_det grid — numerator=0.000, denominator=0.051 (repeats for this event suppressed)
Event 57: >5% quadrature weight outside P_det grid — numerator=0.000, denominator=0.065 (repeats for this event suppressed)
Event 57: >5% quadrature weight outside P_det grid — numerator=0.000, denominator=0.064 (repeats for this event suppressed)
Event 57: >5% quadrature weight outside P_det grid — numerator=0.000, denominator=0.055 (repeats for this event suppressed)
Event 57: >5% quadrature weight outside P_det grid — numerator=0.000, denominator=0.064 (repeats for this event suppressed)
Event 57: >5% quadrature weight outside P_det grid — numerator=0.000, denominator=0.059 (repeats for this event suppressed)
Event 60: >5% quadrature weight outside P_det grid — numerator=0.000, denominator=0.057 (repeats for this event suppressed)
Event 64: >5% quadrature weight outside P_det grid — numerator=0.000, denominator=0.075 (repeats for this event suppressed)
Event 64: >5% quadrature weight outside P_det grid — numerator=0.000, denominator=0.052 (repeats for this event suppressed)
Event 64: >5% quadrature weight outside P_det grid — numerator=0.000, denominator=0.069 (repeats for this event suppressed)
Event 64: >5% quadrature weight outside P_det grid — numerator=0.000, denominator=0.062 (repeats for this event suppressed)
Event 64: >5% quadrature weight outside P_det grid — numerator=0.000, denominator=0.068 (repeats for this event suppressed)
Event 64: >5% quadrature weight outside P_det grid — numerator=0.000, denominator=0.068 (repeats for this event suppressed)
Event 64: >5% quadrature weight outside P_det grid — numerator=0.000, denominator=0.077 (repeats for this event suppressed)
Event 64: >5% quadrature weight outside P_det grid — numerator=0.000, denominator=0.073 (repeats for this event suppressed)
Event 64: >5% quadrature weight outside P_det grid — numerator=0.000, denominator=0.073 (repeats for this event suppressed)
Event 64: >5% quadrature weight outside P_det grid — numerator=0.000, denominator=0.065 (repeats for this event suppressed)
Event 64: >5% quadrature weight outside P_det grid — numerator=0.000, denominator=0.057 (repeats for this event suppressed)
Event 64: >5% quadrature weight outside P_det grid — numerator=0.000, denominator=0.071 (repeats for this event suppressed)
Event 64: >5% quadrature weight outside P_det grid — numerator=0.000, denominator=0.078 (repeats for this event suppressed)
Event 64: >5% quadrature weight outside P_det grid — numerator=0.000, denominator=0.078 (repeats for this event suppressed)
Event 65: >5% quadrature weight outside P_det grid — numerator=0.000, denominator=0.082 (repeats for this event suppressed)
Event 65: >5% quadrature weight outside P_det grid — numerator=0.000, denominator=0.079 (repeats for this event suppressed)
Event 65: >5% quadrature weight outside P_det grid — numerator=0.000, denominator=0.065 (repeats for this event suppressed)
Event 65: >5% quadrature weight outside P_det grid — numerator=0.000, denominator=0.060 (repeats for this event suppressed)
Event 65: >5% quadrature weight outside P_det grid — numerator=0.000, denominator=0.087 (repeats for this event suppressed)
Event 65: >5% quadrature weight outside P_det grid — numerator=0.000, denominator=0.056 (repeats for this event suppressed)
Event 65: >5% quadrature weight outside P_det grid — numerator=0.000, denominator=0.072 (repeats for this event suppressed)
Event 65: >5% quadrature weight outside P_det grid — numerator=0.000, denominator=0.087 (repeats for this event suppressed)
Event 65: >5% quadrature weight outside P_det grid — numerator=0.000, denominator=0.080 (repeats for this event suppressed)
Event 65: >5% quadrature weight outside P_det grid — numerator=0.000, denominator=0.088 (repeats for this event suppressed)
Event 65: >5% quadrature weight outside P_det grid — numerator=0.000, denominator=0.099 (repeats for this event suppressed)
Event 65: >5% quadrature weight outside P_det grid — numerator=0.000, denominator=0.056 (repeats for this event suppressed)
Event 65: >5% quadrature weight outside P_det grid — numerator=0.000, denominator=0.080 (repeats for this event suppressed)
Event 65: >5% quadrature weight outside P_det grid — numerator=0.000, denominator=0.062 (repeats for this event suppressed)
Event 67: >5% quadrature weight outside P_det grid — numerator=0.000, denominator=0.065 (repeats for this event suppressed)
Event 67: >5% quadrature weight outside P_det grid — numerator=0.000, denominator=0.056 (repeats for this event suppressed)
Event 67: >5% quadrature weight outside P_det grid — numerator=0.000, denominator=0.058 (repeats for this event suppressed)
Event 67: >5% quadrature weight outside P_det grid — numerator=0.000, denominator=0.057 (repeats for this event suppressed)
Event 67: >5% quadrature weight outside P_det grid — numerator=0.000, denominator=0.097 (repeats for this event suppressed)
Event 67: >5% quadrature weight outside P_det grid — numerator=0.000, denominator=0.053 (repeats for this event suppressed)
Event 67: >5% quadrature weight outside P_det grid — numerator=0.000, denominator=0.052 (repeats for this event suppressed)
Event 67: >5% quadrature weight outside P_det grid — numerator=0.000, denominator=0.056 (repeats for this event suppressed)
Event 67: >5% quadrature weight outside P_det grid — numerator=0.000, denominator=0.070 (repeats for this event suppressed)
Event 67: >5% quadrature weight outside P_det grid — numerator=0.000, denominator=0.062 (repeats for this event suppressed)
Event 67: >5% quadrature weight outside P_det grid — numerator=0.000, denominator=0.055 (repeats for this event suppressed)
Event 67: >5% quadrature weight outside P_det grid — numerator=0.000, denominator=0.075 (repeats for this event suppressed)
Event 67: >5% quadrature weight outside P_det grid — numerator=0.000, denominator=0.057 (repeats for this event suppressed)
Event 67: >5% quadrature weight outside P_det grid — numerator=0.000, denominator=0.063 (repeats for this event suppressed)
Detection 67: fused completion mass factor zero at 50/50 quadrature nodes (0 beyond the detection horizon, S_4D=0; 50 off the phi support).
Event 69: >5% quadrature weight outside P_det grid — numerator=0.000, denominator=0.051 (repeats for this event suppressed)
Event 69: >5% quadrature weight outside P_det grid — numerator=0.000, denominator=0.051 (repeats for this event suppressed)
Event 69: >5% quadrature weight outside P_det grid — numerator=0.000, denominator=0.061 (repeats for this event suppressed)
Event 69: >5% quadrature weight outside P_det grid — numerator=0.000, denominator=0.061 (repeats for this event suppressed)
Event 69: >5% quadrature weight outside P_det grid — numerator=0.000, denominator=0.069 (repeats for this event suppressed)
Event 69: >5% quadrature weight outside P_det grid — numerator=0.000, denominator=0.163 (repeats for this event suppressed)
Event 69: >5% quadrature weight outside P_det grid — numerator=0.000, denominator=0.062 (repeats for this event suppressed)
Event 69: >5% quadrature weight outside P_det grid — numerator=0.000, denominator=0.056 (repeats for this event suppressed)
Event 69: >5% quadrature weight outside P_det grid — numerator=0.000, denominator=0.064 (repeats for this event suppressed)
Event 69: >5% quadrature weight outside P_det grid — numerator=0.000, denominator=0.060 (repeats for this event suppressed)
Event 69: >5% quadrature weight outside P_det grid — numerator=0.000, denominator=0.059 (repeats for this event suppressed)
Event 69: >5% quadrature weight outside P_det grid — numerator=0.000, denominator=0.052 (repeats for this event suppressed)
Event 69: >5% quadrature weight outside P_det grid — numerator=0.000, denominator=0.110 (repeats for this event suppressed)
Event 69: >5% quadrature weight outside P_det grid — numerator=0.000, denominator=0.064 (repeats for this event suppressed)
Detection 69: fused completion mass factor zero at 50/50 quadrature nodes (0 beyond the detection horizon, S_4D=0; 50 off the phi support).
Event 70: >5% quadrature weight outside P_det grid — numerator=0.000, denominator=0.065 (repeats for this event suppressed)
Event 70: >5% quadrature weight outside P_det grid — numerator=0.000, denominator=0.052 (repeats for this event suppressed)
Event 70: >5% quadrature weight outside P_det grid — numerator=0.000, denominator=0.078 (repeats for this event suppressed)
Event 70: >5% quadrature weight outside P_det grid — numerator=0.000, denominator=0.068 (repeats for this event suppressed)
Event 70: >5% quadrature weight outside P_det grid — numerator=0.000, denominator=0.073 (repeats for this event suppressed)
Event 70: >5% quadrature weight outside P_det grid — numerator=0.000, denominator=0.058 (repeats for this event suppressed)
Event 70: >5% quadrature weight outside P_det grid — numerator=0.000, denominator=0.054 (repeats for this event suppressed)
Event 70: >5% quadrature weight outside P_det grid — numerator=0.000, denominator=0.052 (repeats for this event suppressed)
Event 70: >5% quadrature weight outside P_det grid — numerator=0.000, denominator=0.074 (repeats for this event suppressed)
Event 70: >5% quadrature weight outside P_det grid — numerator=0.000, denominator=0.057 (repeats for this event suppressed)
Event 70: >5% quadrature weight outside P_det grid — numerator=0.000, denominator=0.065 (repeats for this event suppressed)
Event 70: >5% quadrature weight outside P_det grid — numerator=0.000, denominator=0.069 (repeats for this event suppressed)
Event 70: >5% quadrature weight outside P_det grid — numerator=0.000, denominator=0.052 (repeats for this event suppressed)
Event 70: >5% quadrature weight outside P_det grid — numerator=0.000, denominator=0.058 (repeats for this event suppressed)
Event 72: >5% quadrature weight outside P_det grid — numerator=0.000, denominator=0.090 (repeats for this event suppressed)
Event 72: >5% quadrature weight outside P_det grid — numerator=0.000, denominator=0.072 (repeats for this event suppressed)
Event 72: >5% quadrature weight outside P_det grid — numerator=0.000, denominator=0.057 (repeats for this event suppressed)
Event 72: >5% quadrature weight outside P_det grid — numerator=0.000, denominator=0.177 (repeats for this event suppressed)
Event 72: >5% quadrature weight outside P_det grid — numerator=0.000, denominator=0.088 (repeats for this event suppressed)
Event 72: >5% quadrature weight outside P_det grid — numerator=0.000, denominator=0.056 (repeats for this event suppressed)
Event 72: >5% quadrature weight outside P_det grid — numerator=0.000, denominator=0.065 (repeats for this event suppressed)
Event 72: >5% quadrature weight outside P_det grid — numerator=0.000, denominator=0.062 (repeats for this event suppressed)
Event 72: >5% quadrature weight outside P_det grid — numerator=0.000, denominator=0.141 (repeats for this event suppressed)
Event 72: >5% quadrature weight outside P_det grid — numerator=0.000, denominator=0.077 (repeats for this event suppressed)
Event 72: >5% quadrature weight outside P_det grid — numerator=0.000, denominator=0.061 (repeats for this event suppressed)
Event 72: >5% quadrature weight outside P_det grid — numerator=0.000, denominator=0.075 (repeats for this event suppressed)
Event 72: >5% quadrature weight outside P_det grid — numerator=0.000, denominator=0.063 (repeats for this event suppressed)
Event 72: >5% quadrature weight outside P_det grid — numerator=0.000, denominator=0.062 (repeats for this event suppressed)
Event 73: >5% quadrature weight outside P_det grid — numerator=0.000, denominator=0.115 (repeats for this event suppressed)
Event 73: >5% quadrature weight outside P_det grid — numerator=0.000, denominator=0.071 (repeats for this event suppressed)
Event 73: >5% quadrature weight outside P_det grid — numerator=0.000, denominator=0.076 (repeats for this event suppressed)
Event 73: >5% quadrature weight outside P_det grid — numerator=0.000, denominator=0.068 (repeats for this event suppressed)
Event 73: >5% quadrature weight outside P_det grid — numerator=0.000, denominator=0.059 (repeats for this event suppressed)
Event 73: >5% quadrature weight outside P_det grid — numerator=0.000, denominator=0.069 (repeats for this event suppressed)
Event 73: >5% quadrature weight outside P_det grid — numerator=0.000, denominator=0.058 (repeats for this event suppressed)
Event 73: >5% quadrature weight outside P_det grid — numerator=0.000, denominator=0.061 (repeats for this event suppressed)
Event 73: >5% quadrature weight outside P_det grid — numerator=0.000, denominator=0.073 (repeats for this event suppressed)
Event 73: >5% quadrature weight outside P_det grid — numerator=0.000, denominator=0.059 (repeats for this event suppressed)
Event 73: >5% quadrature weight outside P_det grid — numerator=0.000, denominator=0.053 (repeats for this event suppressed)
Event 73: >5% quadrature weight outside P_det grid — numerator=0.000, denominator=0.067 (repeats for this event suppressed)
Event 73: >5% quadrature weight outside P_det grid — numerator=0.000, denominator=0.063 (repeats for this event suppressed)
Event 73: >5% quadrature weight outside P_det grid — numerator=0.000, denominator=0.055 (repeats for this event suppressed)
Detection 73: fused completion mass factor zero at 50/50 quadrature nodes (0 beyond the detection horizon, S_4D=0; 50 off the phi support).
Event 74: >5% quadrature weight outside P_det grid — numerator=0.000, denominator=0.071 (repeats for this event suppressed)
Event 74: >5% quadrature weight outside P_det grid — numerator=0.000, denominator=0.066 (repeats for this event suppressed)
Event 74: >5% quadrature weight outside P_det grid — numerator=0.000, denominator=0.071 (repeats for this event suppressed)
Event 74: >5% quadrature weight outside P_det grid — numerator=0.000, denominator=0.081 (repeats for this event suppressed)
Event 74: >5% quadrature weight outside P_det grid — numerator=0.000, denominator=0.067 (repeats for this event suppressed)
Event 77: >5% quadrature weight outside P_det grid — numerator=0.000, denominator=0.066 (repeats for this event suppressed)
Event 77: >5% quadrature weight outside P_det grid — numerator=0.000, denominator=0.075 (repeats for this event suppressed)
Event 77: >5% quadrature weight outside P_det grid — numerator=0.000, denominator=0.071 (repeats for this event suppressed)
Event 77: >5% quadrature weight outside P_det grid — numerator=0.000, denominator=0.073 (repeats for this event suppressed)
Event 77: >5% quadrature weight outside P_det grid — numerator=0.000, denominator=0.074 (repeats for this event suppressed)
Event 77: >5% quadrature weight outside P_det grid — numerator=0.000, denominator=0.062 (repeats for this event suppressed)
Event 77: >5% quadrature weight outside P_det grid — numerator=0.000, denominator=0.075 (repeats for this event suppressed)
Event 77: >5% quadrature weight outside P_det grid — numerator=0.000, denominator=0.084 (repeats for this event suppressed)
Event 77: >5% quadrature weight outside P_det grid — numerator=0.000, denominator=0.068 (repeats for this event suppressed)
Event 77: >5% quadrature weight outside P_det grid — numerator=0.000, denominator=0.073 (repeats for this event suppressed)
Event 77: >5% quadrature weight outside P_det grid — numerator=0.000, denominator=0.062 (repeats for this event suppressed)
Event 77: >5% quadrature weight outside P_det grid — numerator=0.000, denominator=0.062 (repeats for this event suppressed)
Event 77: >5% quadrature weight outside P_det grid — numerator=0.000, denominator=0.075 (repeats for this event suppressed)
Event 77: >5% quadrature weight outside P_det grid — numerator=0.000, denominator=0.075 (repeats for this event suppressed)
Detection 77: fused completion mass factor zero at 50/50 quadrature nodes (0 beyond the detection horizon, S_4D=0; 50 off the phi support).
Event 80: >5% quadrature weight outside P_det grid — numerator=0.000, denominator=0.054 (repeats for this event suppressed)
Event 80: >5% quadrature weight outside P_det grid — numerator=0.000, denominator=0.066 (repeats for this event suppressed)
Event 80: >5% quadrature weight outside P_det grid — numerator=0.000, denominator=0.062 (repeats for this event suppressed)
Event 80: >5% quadrature weight outside P_det grid — numerator=0.000, denominator=0.125 (repeats for this event suppressed)
Event 80: >5% quadrature weight outside P_det grid — numerator=0.000, denominator=0.081 (repeats for this event suppressed)
Event 80: >5% quadrature weight outside P_det grid — numerator=0.000, denominator=0.062 (repeats for this event suppressed)
Event 80: >5% quadrature weight outside P_det grid — numerator=0.000, denominator=0.060 (repeats for this event suppressed)
Event 80: >5% quadrature weight outside P_det grid — numerator=0.000, denominator=0.050 (repeats for this event suppressed)
Event 80: >5% quadrature weight outside P_det grid — numerator=0.000, denominator=0.051 (repeats for this event suppressed)
Event 80: >5% quadrature weight outside P_det grid — numerator=0.000, denominator=0.051 (repeats for this event suppressed)
Detection 80: fused completion mass factor zero at 50/50 quadrature nodes (0 beyond the detection horizon, S_4D=0; 50 off the phi support).
Event 84: >5% quadrature weight outside P_det grid — numerator=0.000, denominator=0.075 (repeats for this event suppressed)
Event 84: >5% quadrature weight outside P_det grid — numerator=0.000, denominator=0.057 (repeats for this event suppressed)
Event 84: >5% quadrature weight outside P_det grid — numerator=0.000, denominator=0.059 (repeats for this event suppressed)
Event 84: >5% quadrature weight outside P_det grid — numerator=0.000, denominator=0.059 (repeats for this event suppressed)
Event 84: >5% quadrature weight outside P_det grid — numerator=0.000, denominator=0.109 (repeats for this event suppressed)
Event 84: >5% quadrature weight outside P_det grid — numerator=0.000, denominator=0.070 (repeats for this event suppressed)
Event 84: >5% quadrature weight outside P_det grid — numerator=0.000, denominator=0.052 (repeats for this event suppressed)
Event 84: >5% quadrature weight outside P_det grid — numerator=0.000, denominator=0.076 (repeats for this event suppressed)
Event 84: >5% quadrature weight outside P_det grid — numerator=0.000, denominator=0.052 (repeats for this event suppressed)
Event 84: >5% quadrature weight outside P_det grid — numerator=0.000, denominator=0.071 (repeats for this event suppressed)
Event 84: >5% quadrature weight outside P_det grid — numerator=0.000, denominator=0.055 (repeats for this event suppressed)
Event 84: >5% quadrature weight outside P_det grid — numerator=0.000, denominator=0.051 (repeats for this event suppressed)
Event 84: >5% quadrature weight outside P_det grid — numerator=0.000, denominator=0.054 (repeats for this event suppressed)
Event 84: >5% quadrature weight outside P_det grid — numerator=0.000, denominator=0.058 (repeats for this event suppressed)
Detection 84: fused completion mass factor zero at 50/50 quadrature nodes (0 beyond the detection horizon, S_4D=0; 50 off the phi support).
Event 85: >5% quadrature weight outside P_det grid — numerator=0.000, denominator=0.168 (repeats for this event suppressed)
Event 85: >5% quadrature weight outside P_det grid — numerator=0.000, denominator=0.090 (repeats for this event suppressed)
Event 85: >5% quadrature weight outside P_det grid — numerator=0.000, denominator=0.090 (repeats for this event suppressed)
Event 85: >5% quadrature weight outside P_det grid — numerator=0.000, denominator=0.092 (repeats for this event suppressed)
Event 85: >5% quadrature weight outside P_det grid — numerator=0.000, denominator=0.091 (repeats for this event suppressed)
Event 85: >5% quadrature weight outside P_det grid — numerator=0.000, denominator=0.091 (repeats for this event suppressed)
Event 85: >5% quadrature weight outside P_det grid — numerator=0.000, denominator=0.090 (repeats for this event suppressed)
Event 85: >5% quadrature weight outside P_det grid — numerator=0.000, denominator=0.091 (repeats for this event suppressed)
Event 85: >5% quadrature weight outside P_det grid — numerator=0.000, denominator=0.090 (repeats for this event suppressed)
Event 90: >5% quadrature weight outside P_det grid — numerator=0.000, denominator=0.053 (repeats for this event suppressed)
Event 90: >5% quadrature weight outside P_det grid — numerator=0.000, denominator=0.060 (repeats for this event suppressed)
Event 90: >5% quadrature weight outside P_det grid — numerator=0.000, denominator=0.056 (repeats for this event suppressed)
Event 90: >5% quadrature weight outside P_det grid — numerator=0.000, denominator=0.054 (repeats for this event suppressed)
Event 90: >5% quadrature weight outside P_det grid — numerator=0.000, denominator=0.060 (repeats for this event suppressed)
Event 90: >5% quadrature weight outside P_det grid — numerator=0.000, denominator=0.054 (repeats for this event suppressed)
Event 90: >5% quadrature weight outside P_det grid — numerator=0.000, denominator=0.054 (repeats for this event suppressed)
Event 90: >5% quadrature weight outside P_det grid — numerator=0.000, denominator=0.053 (repeats for this event suppressed)
Event 90: >5% quadrature weight outside P_det grid — numerator=0.000, denominator=0.051 (repeats for this event suppressed)
Event 90: >5% quadrature weight outside P_det grid — numerator=0.000, denominator=0.052 (repeats for this event suppressed)
Event 90: >5% quadrature weight outside P_det grid — numerator=0.000, denominator=0.057 (repeats for this event suppressed)
Event 90: >5% quadrature weight outside P_det grid — numerator=0.000, denominator=0.055 (repeats for this event suppressed)
Event 90: >5% quadrature weight outside P_det grid — numerator=0.000, denominator=0.058 (repeats for this event suppressed)
Event 90: >5% quadrature weight outside P_det grid — numerator=0.000, denominator=0.056 (repeats for this event suppressed)
Event 92: >5% quadrature weight outside P_det grid — numerator=0.000, denominator=0.070 (repeats for this event suppressed)
Event 92: >5% quadrature weight outside P_det grid — numerator=0.000, denominator=0.086 (repeats for this event suppressed)
Event 92: >5% quadrature weight outside P_det grid — numerator=0.000, denominator=0.083 (repeats for this event suppressed)
Event 92: >5% quadrature weight outside P_det grid — numerator=0.000, denominator=0.071 (repeats for this event suppressed)
Event 92: >5% quadrature weight outside P_det grid — numerator=0.000, denominator=0.070 (repeats for this event suppressed)
Event 92: >5% quadrature weight outside P_det grid — numerator=0.000, denominator=0.070 (repeats for this event suppressed)
Event 92: >5% quadrature weight outside P_det grid — numerator=0.000, denominator=0.062 (repeats for this event suppressed)
Event 92: >5% quadrature weight outside P_det grid — numerator=0.000, denominator=0.084 (repeats for this event suppressed)
Event 92: >5% quadrature weight outside P_det grid — numerator=0.000, denominator=0.075 (repeats for this event suppressed)
Event 92: >5% quadrature weight outside P_det grid — numerator=0.000, denominator=0.063 (repeats for this event suppressed)
Event 92: >5% quadrature weight outside P_det grid — numerator=0.000, denominator=0.077 (repeats for this event suppressed)
Event 92: >5% quadrature weight outside P_det grid — numerator=0.000, denominator=0.070 (repeats for this event suppressed)
Event 92: >5% quadrature weight outside P_det grid — numerator=0.000, denominator=0.085 (repeats for this event suppressed)
Event 92: >5% quadrature weight outside P_det grid — numerator=0.000, denominator=0.076 (repeats for this event suppressed)
Event 93: >5% quadrature weight outside P_det grid — numerator=0.000, denominator=0.066 (repeats for this event suppressed)
Event 93: >5% quadrature weight outside P_det grid — numerator=0.000, denominator=0.069 (repeats for this event suppressed)
Event 93: >5% quadrature weight outside P_det grid — numerator=0.000, denominator=0.057 (repeats for this event suppressed)
Event 93: >5% quadrature weight outside P_det grid — numerator=0.000, denominator=0.058 (repeats for this event suppressed)
Event 93: >5% quadrature weight outside P_det grid — numerator=0.000, denominator=0.060 (repeats for this event suppressed)
Event 93: >5% quadrature weight outside P_det grid — numerator=0.000, denominator=0.067 (repeats for this event suppressed)
Event 93: >5% quadrature weight outside P_det grid — numerator=0.000, denominator=0.060 (repeats for this event suppressed)
Event 93: >5% quadrature weight outside P_det grid — numerator=0.000, denominator=0.064 (repeats for this event suppressed)
Event 93: >5% quadrature weight outside P_det grid — numerator=0.000, denominator=0.084 (repeats for this event suppressed)
Event 93: >5% quadrature weight outside P_det grid — numerator=0.000, denominator=0.068 (repeats for this event suppressed)
Event 94: >5% quadrature weight outside P_det grid — numerator=0.000, denominator=0.056 (repeats for this event suppressed)
Event 94: >5% quadrature weight outside P_det grid — numerator=0.000, denominator=0.060 (repeats for this event suppressed)
Event 94: >5% quadrature weight outside P_det grid — numerator=0.000, denominator=0.079 (repeats for this event suppressed)
Event 94: >5% quadrature weight outside P_det grid — numerator=0.000, denominator=0.067 (repeats for this event suppressed)
Event 94: >5% quadrature weight outside P_det grid — numerator=0.000, denominator=0.059 (repeats for this event suppressed)
Event 94: >5% quadrature weight outside P_det grid — numerator=0.000, denominator=0.069 (repeats for this event suppressed)
Event 94: >5% quadrature weight outside P_det grid — numerator=0.000, denominator=0.063 (repeats for this event suppressed)
Event 94: >5% quadrature weight outside P_det grid — numerator=0.000, denominator=0.063 (repeats for this event suppressed)
Event 94: >5% quadrature weight outside P_det grid — numerator=0.000, denominator=0.053 (repeats for this event suppressed)
Event 94: >5% quadrature weight outside P_det grid — numerator=0.000, denominator=0.056 (repeats for this event suppressed)
Event 94: >5% quadrature weight outside P_det grid — numerator=0.000, denominator=0.060 (repeats for this event suppressed)
Event 94: >5% quadrature weight outside P_det grid — numerator=0.000, denominator=0.060 (repeats for this event suppressed)
Event 94: >5% quadrature weight outside P_det grid — numerator=0.000, denominator=0.067 (repeats for this event suppressed)
Event 94: >5% quadrature weight outside P_det grid — numerator=0.000, denominator=0.076 (repeats for this event suppressed)
No possible hosts. Returning None.
Detection 99: no catalogue hosts in the localization volume — pure-completion fallback p_i = B_num/D (issue #29)
Detection 99: no catalog results found
Event 100: >5% quadrature weight outside P_det grid — numerator=0.000, denominator=0.072 (repeats for this event suppressed)
Event 100: >5% quadrature weight outside P_det grid — numerator=0.000, denominator=0.061 (repeats for this event suppressed)
Event 100: >5% quadrature weight outside P_det grid — numerator=0.000, denominator=0.059 (repeats for this event suppressed)
Event 100: >5% quadrature weight outside P_det grid — numerator=0.000, denominator=0.077 (repeats for this event suppressed)
Event 101: >5% quadrature weight outside P_det grid — numerator=0.000, denominator=0.061 (repeats for this event suppressed)
Event 101: >5% quadrature weight outside P_det grid — numerator=0.000, denominator=0.051 (repeats for this event suppressed)
Event 102: >5% quadrature weight outside P_det grid — numerator=0.000, denominator=0.052 (repeats for this event suppressed)
Event 102: >5% quadrature weight outside P_det grid — numerator=0.000, denominator=0.057 (repeats for this event suppressed)
Event 102: >5% quadrature weight outside P_det grid — numerator=0.000, denominator=0.068 (repeats for this event suppressed)
Event 102: >5% quadrature weight outside P_det grid — numerator=0.000, denominator=0.075 (repeats for this event suppressed)
Event 102: >5% quadrature weight outside P_det grid — numerator=0.000, denominator=0.102 (repeats for this event suppressed)
Event 102: >5% quadrature weight outside P_det grid — numerator=0.000, denominator=0.057 (repeats for this event suppressed)
Event 102: >5% quadrature weight outside P_det grid — numerator=0.000, denominator=0.067 (repeats for this event suppressed)
Event 102: >5% quadrature weight outside P_det grid — numerator=0.000, denominator=0.059 (repeats for this event suppressed)
Event 102: >5% quadrature weight outside P_det grid — numerator=0.000, denominator=0.056 (repeats for this event suppressed)
Event 102: >5% quadrature weight outside P_det grid — numerator=0.000, denominator=0.069 (repeats for this event suppressed)
Event 102: >5% quadrature weight outside P_det grid — numerator=0.000, denominator=0.061 (repeats for this event suppressed)
Event 102: >5% quadrature weight outside P_det grid — numerator=0.000, denominator=0.059 (repeats for this event suppressed)
Event 102: >5% quadrature weight outside P_det grid — numerator=0.000, denominator=0.064 (repeats for this event suppressed)
Event 102: >5% quadrature weight outside P_det grid — numerator=0.000, denominator=0.055 (repeats for this event suppressed)
Detection 102: fused completion mass factor zero at 50/50 quadrature nodes (0 beyond the detection horizon, S_4D=0; 50 off the phi support).
Event 103: >5% quadrature weight outside P_det grid — numerator=0.000, denominator=0.061 (repeats for this event suppressed)
Event 103: >5% quadrature weight outside P_det grid — numerator=0.000, denominator=0.093 (repeats for this event suppressed)
Event 103: >5% quadrature weight outside P_det grid — numerator=0.000, denominator=0.091 (repeats for this event suppressed)
Event 103: >5% quadrature weight outside P_det grid — numerator=0.000, denominator=0.083 (repeats for this event suppressed)
Event 103: >5% quadrature weight outside P_det grid — numerator=0.000, denominator=0.084 (repeats for this event suppressed)
Event 103: >5% quadrature weight outside P_det grid — numerator=0.000, denominator=0.071 (repeats for this event suppressed)
Event 103: >5% quadrature weight outside P_det grid — numerator=0.000, denominator=0.067 (repeats for this event suppressed)
Event 103: >5% quadrature weight outside P_det grid — numerator=0.000, denominator=0.067 (repeats for this event suppressed)
Event 103: >5% quadrature weight outside P_det grid — numerator=0.000, denominator=0.054 (repeats for this event suppressed)
Event 103: >5% quadrature weight outside P_det grid — numerator=0.000, denominator=0.061 (repeats for this event suppressed)
Event 103: >5% quadrature weight outside P_det grid — numerator=0.000, denominator=0.080 (repeats for this event suppressed)
Event 103: >5% quadrature weight outside P_det grid — numerator=0.000, denominator=0.064 (repeats for this event suppressed)
Event 103: >5% quadrature weight outside P_det grid — numerator=0.000, denominator=0.103 (repeats for this event suppressed)
No possible hosts. Returning None.
Detection 108: no catalogue hosts in the localization volume — pure-completion fallback p_i = B_num/D (issue #29)
Detection 108: no catalog results found
Event 109: >5% quadrature weight outside P_det grid — numerator=0.000, denominator=0.071 (repeats for this event suppressed)
Event 109: >5% quadrature weight outside P_det grid — numerator=0.000, denominator=0.060 (repeats for this event suppressed)
Event 109: >5% quadrature weight outside P_det grid — numerator=0.000, denominator=0.055 (repeats for this event suppressed)
Event 109: >5% quadrature weight outside P_det grid — numerator=0.000, denominator=0.052 (repeats for this event suppressed)
Event 109: >5% quadrature weight outside P_det grid — numerator=0.000, denominator=0.052 (repeats for this event suppressed)
Event 109: >5% quadrature weight outside P_det grid — numerator=0.000, denominator=0.071 (repeats for this event suppressed)
Event 109: >5% quadrature weight outside P_det grid — numerator=0.000, denominator=0.054 (repeats for this event suppressed)
Event 109: >5% quadrature weight outside P_det grid — numerator=0.000, denominator=0.069 (repeats for this event suppressed)
Event 109: >5% quadrature weight outside P_det grid — numerator=0.000, denominator=0.054 (repeats for this event suppressed)
Event 109: >5% quadrature weight outside P_det grid — numerator=0.000, denominator=0.063 (repeats for this event suppressed)
Event 109: >5% quadrature weight outside P_det grid — numerator=0.000, denominator=0.053 (repeats for this event suppressed)
Event 109: >5% quadrature weight outside P_det grid — numerator=0.000, denominator=0.051 (repeats for this event suppressed)
Event 109: >5% quadrature weight outside P_det grid — numerator=0.000, denominator=0.065 (repeats for this event suppressed)
Event 109: >5% quadrature weight outside P_det grid — numerator=0.000, denominator=0.065 (repeats for this event suppressed)
Event 111: >5% quadrature weight outside P_det grid — numerator=0.000, denominator=0.080 (repeats for this event suppressed)
Event 111: >5% quadrature weight outside P_det grid — numerator=0.000, denominator=0.057 (repeats for this event suppressed)
Event 111: >5% quadrature weight outside P_det grid — numerator=0.000, denominator=0.071 (repeats for this event suppressed)
Event 111: >5% quadrature weight outside P_det grid — numerator=0.000, denominator=0.054 (repeats for this event suppressed)
Event 111: >5% quadrature weight outside P_det grid — numerator=0.000, denominator=0.065 (repeats for this event suppressed)
Event 111: >5% quadrature weight outside P_det grid — numerator=0.000, denominator=0.053 (repeats for this event suppressed)
Event 111: >5% quadrature weight outside P_det grid — numerator=0.000, denominator=0.068 (repeats for this event suppressed)
Event 111: >5% quadrature weight outside P_det grid — numerator=0.000, denominator=0.053 (repeats for this event suppressed)
Event 111: >5% quadrature weight outside P_det grid — numerator=0.000, denominator=0.052 (repeats for this event suppressed)
Event 111: >5% quadrature weight outside P_det grid — numerator=0.000, denominator=0.076 (repeats for this event suppressed)
Event 114: >5% quadrature weight outside P_det grid — numerator=0.000, denominator=0.051 (repeats for this event suppressed)
Event 114: >5% quadrature weight outside P_det grid — numerator=0.000, denominator=0.056 (repeats for this event suppressed)
Event 114: >5% quadrature weight outside P_det grid — numerator=0.000, denominator=0.071 (repeats for this event suppressed)
Event 114: >5% quadrature weight outside P_det grid — numerator=0.000, denominator=0.066 (repeats for this event suppressed)
Event 114: >5% quadrature weight outside P_det grid — numerator=0.000, denominator=0.071 (repeats for this event suppressed)
Event 114: >5% quadrature weight outside P_det grid — numerator=0.000, denominator=0.055 (repeats for this event suppressed)
Event 114: >5% quadrature weight outside P_det grid — numerator=0.000, denominator=0.051 (repeats for this event suppressed)
Event 114: >5% quadrature weight outside P_det grid — numerator=0.000, denominator=0.069 (repeats for this event suppressed)
Event 114: >5% quadrature weight outside P_det grid — numerator=0.000, denominator=0.075 (repeats for this event suppressed)
Event 114: >5% quadrature weight outside P_det grid — numerator=0.000, denominator=0.058 (repeats for this event suppressed)
Event 114: >5% quadrature weight outside P_det grid — numerator=0.000, denominator=0.056 (repeats for this event suppressed)
Event 114: >5% quadrature weight outside P_det grid — numerator=0.000, denominator=0.069 (repeats for this event suppressed)
Event 114: >5% quadrature weight outside P_det grid — numerator=0.000, denominator=0.102 (repeats for this event suppressed)
Event 114: >5% quadrature weight outside P_det grid — numerator=0.000, denominator=0.052 (repeats for this event suppressed)
Detection 114: fused completion mass factor zero at 50/50 quadrature nodes (0 beyond the detection horizon, S_4D=0; 50 off the phi support).
Event 119: >5% quadrature weight outside P_det grid — numerator=0.000, denominator=0.055 (repeats for this event suppressed)
Event 119: >5% quadrature weight outside P_det grid — numerator=0.000, denominator=0.066 (repeats for this event suppressed)
Event 119: >5% quadrature weight outside P_det grid — numerator=0.000, denominator=0.064 (repeats for this event suppressed)
Event 119: >5% quadrature weight outside P_det grid — numerator=0.000, denominator=0.051 (repeats for this event suppressed)
Event 120: >5% quadrature weight outside P_det grid — numerator=0.000, denominator=0.052 (repeats for this event suppressed)
Event 120: >5% quadrature weight outside P_det grid — numerator=0.000, denominator=0.059 (repeats for this event suppressed)
Event 125: >5% quadrature weight outside P_det grid — numerator=0.000, denominator=0.057 (repeats for this event suppressed)
Event 125: >5% quadrature weight outside P_det grid — numerator=0.000, denominator=0.058 (repeats for this event suppressed)
Event 125: >5% quadrature weight outside P_det grid — numerator=0.000, denominator=0.053 (repeats for this event suppressed)
Event 125: >5% quadrature weight outside P_det grid — numerator=0.000, denominator=0.051 (repeats for this event suppressed)
Event 125: >5% quadrature weight outside P_det grid — numerator=0.000, denominator=0.056 (repeats for this event suppressed)
Event 125: >5% quadrature weight outside P_det grid — numerator=0.000, denominator=0.054 (repeats for this event suppressed)
Event 125: >5% quadrature weight outside P_det grid — numerator=0.000, denominator=0.050 (repeats for this event suppressed)
Event 125: >5% quadrature weight outside P_det grid — numerator=0.000, denominator=0.050 (repeats for this event suppressed)
Event 125: >5% quadrature weight outside P_det grid — numerator=0.000, denominator=0.056 (repeats for this event suppressed)
Event 125: >5% quadrature weight outside P_det grid — numerator=0.000, denominator=0.053 (repeats for this event suppressed)
Event 125: >5% quadrature weight outside P_det grid — numerator=0.000, denominator=0.056 (repeats for this event suppressed)
Event 125: >5% quadrature weight outside P_det grid — numerator=0.000, denominator=0.054 (repeats for this event suppressed)
Event 125: >5% quadrature weight outside P_det grid — numerator=0.000, denominator=0.053 (repeats for this event suppressed)
Event 125: >5% quadrature weight outside P_det grid — numerator=0.000, denominator=0.053 (repeats for this event suppressed)
Event 127: >5% quadrature weight outside P_det grid — numerator=0.000, denominator=0.054 (repeats for this event suppressed)
Event 127: >5% quadrature weight outside P_det grid — numerator=0.000, denominator=0.052 (repeats for this event suppressed)
Event 127: >5% quadrature weight outside P_det grid — numerator=0.000, denominator=0.060 (repeats for this event suppressed)
Event 127: >5% quadrature weight outside P_det grid — numerator=0.000, denominator=0.061 (repeats for this event suppressed)
Event 127: >5% quadrature weight outside P_det grid — numerator=0.000, denominator=0.055 (repeats for this event suppressed)
Event 127: >5% quadrature weight outside P_det grid — numerator=0.000, denominator=0.064 (repeats for this event suppressed)
Event 127: >5% quadrature weight outside P_det grid — numerator=0.000, denominator=0.053 (repeats for this event suppressed)
Event 127: >5% quadrature weight outside P_det grid — numerator=0.000, denominator=0.050 (repeats for this event suppressed)
Event 127: >5% quadrature weight outside P_det grid — numerator=0.000, denominator=0.053 (repeats for this event suppressed)
Event 127: >5% quadrature weight outside P_det grid — numerator=0.000, denominator=0.065 (repeats for this event suppressed)
Event 127: >5% quadrature weight outside P_det grid — numerator=0.000, denominator=0.051 (repeats for this event suppressed)
Event 127: >5% quadrature weight outside P_det grid — numerator=0.000, denominator=0.060 (repeats for this event suppressed)
Event 127: >5% quadrature weight outside P_det grid — numerator=0.000, denominator=0.051 (repeats for this event suppressed)
Event 127: >5% quadrature weight outside P_det grid — numerator=0.000, denominator=0.064 (repeats for this event suppressed)
Event 128: >5% quadrature weight outside P_det grid — numerator=0.000, denominator=0.055 (repeats for this event suppressed)
Event 128: >5% quadrature weight outside P_det grid — numerator=0.000, denominator=0.059 (repeats for this event suppressed)
Event 128: >5% quadrature weight outside P_det grid — numerator=0.000, denominator=0.054 (repeats for this event suppressed)
Event 128: >5% quadrature weight outside P_det grid — numerator=0.000, denominator=0.068 (repeats for this event suppressed)
Event 128: >5% quadrature weight outside P_det grid — numerator=0.000, denominator=0.052 (repeats for this event suppressed)
Event 128: >5% quadrature weight outside P_det grid — numerator=0.000, denominator=0.050 (repeats for this event suppressed)
Event 128: >5% quadrature weight outside P_det grid — numerator=0.000, denominator=0.060 (repeats for this event suppressed)
Event 128: >5% quadrature weight outside P_det grid — numerator=0.000, denominator=0.063 (repeats for this event suppressed)
Event 128: >5% quadrature weight outside P_det grid — numerator=0.000, denominator=0.052 (repeats for this event suppressed)
Event 128: >5% quadrature weight outside P_det grid — numerator=0.000, denominator=0.057 (repeats for this event suppressed)
Event 128: >5% quadrature weight outside P_det grid — numerator=0.000, denominator=0.063 (repeats for this event suppressed)
Event 128: >5% quadrature weight outside P_det grid — numerator=0.000, denominator=0.053 (repeats for this event suppressed)
Event 128: >5% quadrature weight outside P_det grid — numerator=0.000, denominator=0.060 (repeats for this event suppressed)
Event 128: >5% quadrature weight outside P_det grid — numerator=0.000, denominator=0.063 (repeats for this event suppressed)
Event 129: >5% quadrature weight outside P_det grid — numerator=0.000, denominator=0.060 (repeats for this event suppressed)
Event 129: >5% quadrature weight outside P_det grid — numerator=0.000, denominator=0.052 (repeats for this event suppressed)
Event 129: >5% quadrature weight outside P_det grid — numerator=0.000, denominator=0.067 (repeats for this event suppressed)
Event 129: >5% quadrature weight outside P_det grid — numerator=0.000, denominator=0.051 (repeats for this event suppressed)
Event 129: >5% quadrature weight outside P_det grid — numerator=0.000, denominator=0.060 (repeats for this event suppressed)
Event 129: >5% quadrature weight outside P_det grid — numerator=0.000, denominator=0.054 (repeats for this event suppressed)
Event 129: >5% quadrature weight outside P_det grid — numerator=0.000, denominator=0.068 (repeats for this event suppressed)
Event 130: >5% quadrature weight outside P_det grid — numerator=0.000, denominator=0.081 (repeats for this event suppressed)
Event 130: >5% quadrature weight outside P_det grid — numerator=0.000, denominator=0.063 (repeats for this event suppressed)
Event 130: >5% quadrature weight outside P_det grid — numerator=0.000, denominator=0.071 (repeats for this event suppressed)
Event 130: >5% quadrature weight outside P_det grid — numerator=0.000, denominator=0.080 (repeats for this event suppressed)
Event 130: >5% quadrature weight outside P_det grid — numerator=0.000, denominator=0.075 (repeats for this event suppressed)
Event 130: >5% quadrature weight outside P_det grid — numerator=0.000, denominator=0.069 (repeats for this event suppressed)
Event 130: >5% quadrature weight outside P_det grid — numerator=0.000, denominator=0.071 (repeats for this event suppressed)
Event 130: >5% quadrature weight outside P_det grid — numerator=0.000, denominator=0.071 (repeats for this event suppressed)
Event 130: >5% quadrature weight outside P_det grid — numerator=0.000, denominator=0.070 (repeats for this event suppressed)
Event 130: >5% quadrature weight outside P_det grid — numerator=0.000, denominator=0.067 (repeats for this event suppressed)
Event 130: >5% quadrature weight outside P_det grid — numerator=0.000, denominator=0.065 (repeats for this event suppressed)
Event 130: >5% quadrature weight outside P_det grid — numerator=0.000, denominator=0.059 (repeats for this event suppressed)
Event 130: >5% quadrature weight outside P_det grid — numerator=0.000, denominator=0.061 (repeats for this event suppressed)
Event 130: >5% quadrature weight outside P_det grid — numerator=0.000, denominator=0.070 (repeats for this event suppressed)
Detection 130: fused completion mass factor zero at 50/50 quadrature nodes (0 beyond the detection horizon, S_4D=0; 50 off the phi support).
Event 132: >5% quadrature weight outside P_det grid — numerator=0.000, denominator=0.075 (repeats for this event suppressed)
Event 133: >5% quadrature weight outside P_det grid — numerator=0.000, denominator=0.089 (repeats for this event suppressed)
Event 135: >5% quadrature weight outside P_det grid — numerator=0.000, denominator=0.065 (repeats for this event suppressed)
Event 135: >5% quadrature weight outside P_det grid — numerator=0.000, denominator=0.053 (repeats for this event suppressed)
Event 135: >5% quadrature weight outside P_det grid — numerator=0.000, denominator=0.066 (repeats for this event suppressed)
Event 135: >5% quadrature weight outside P_det grid — numerator=0.000, denominator=0.054 (repeats for this event suppressed)
Event 135: >5% quadrature weight outside P_det grid — numerator=0.000, denominator=0.106 (repeats for this event suppressed)
Event 135: >5% quadrature weight outside P_det grid — numerator=0.000, denominator=0.081 (repeats for this event suppressed)
Event 135: >5% quadrature weight outside P_det grid — numerator=0.000, denominator=0.061 (repeats for this event suppressed)
Event 135: >5% quadrature weight outside P_det grid — numerator=0.000, denominator=0.050 (repeats for this event suppressed)
Event 135: >5% quadrature weight outside P_det grid — numerator=0.000, denominator=0.085 (repeats for this event suppressed)
Event 135: >5% quadrature weight outside P_det grid — numerator=0.000, denominator=0.052 (repeats for this event suppressed)
Event 135: >5% quadrature weight outside P_det grid — numerator=0.000, denominator=0.061 (repeats for this event suppressed)
Event 135: >5% quadrature weight outside P_det grid — numerator=0.000, denominator=0.059 (repeats for this event suppressed)
Event 135: >5% quadrature weight outside P_det grid — numerator=0.000, denominator=0.096 (repeats for this event suppressed)
Event 135: >5% quadrature weight outside P_det grid — numerator=0.000, denominator=0.069 (repeats for this event suppressed)
Event 136: >5% quadrature weight outside P_det grid — numerator=0.000, denominator=0.470 (repeats for this event suppressed)
Event 139: >5% quadrature weight outside P_det grid — numerator=0.000, denominator=0.059 (repeats for this event suppressed)
Event 139: >5% quadrature weight outside P_det grid — numerator=0.000, denominator=0.055 (repeats for this event suppressed)
Event 139: >5% quadrature weight outside P_det grid — numerator=0.000, denominator=0.052 (repeats for this event suppressed)
Event 139: >5% quadrature weight outside P_det grid — numerator=0.000, denominator=0.060 (repeats for this event suppressed)
Event 139: >5% quadrature weight outside P_det grid — numerator=0.000, denominator=0.053 (repeats for this event suppressed)
Event 139: >5% quadrature weight outside P_det grid — numerator=0.000, denominator=0.059 (repeats for this event suppressed)
Event 139: >5% quadrature weight outside P_det grid — numerator=0.000, denominator=0.055 (repeats for this event suppressed)
Event 139: >5% quadrature weight outside P_det grid — numerator=0.000, denominator=0.061 (repeats for this event suppressed)
Event 139: >5% quadrature weight outside P_det grid — numerator=0.000, denominator=0.051 (repeats for this event suppressed)
Event 139: >5% quadrature weight outside P_det grid — numerator=0.000, denominator=0.075 (repeats for this event suppressed)
Event 139: >5% quadrature weight outside P_det grid — numerator=0.000, denominator=0.054 (repeats for this event suppressed)
Event 139: >5% quadrature weight outside P_det grid — numerator=0.000, denominator=0.075 (repeats for this event suppressed)
Event 139: >5% quadrature weight outside P_det grid — numerator=0.000, denominator=0.059 (repeats for this event suppressed)
Event 139: >5% quadrature weight outside P_det grid — numerator=0.000, denominator=0.055 (repeats for this event suppressed)
Detection 139: fused completion mass factor zero at 50/50 quadrature nodes (0 beyond the detection horizon, S_4D=0; 50 off the phi support).
Event 141: >5% quadrature weight outside P_det grid — numerator=0.000, denominator=0.069 (repeats for this event suppressed)
Event 141: >5% quadrature weight outside P_det grid — numerator=0.000, denominator=0.061 (repeats for this event suppressed)
Event 141: >5% quadrature weight outside P_det grid — numerator=0.000, denominator=0.061 (repeats for this event suppressed)
Event 141: >5% quadrature weight outside P_det grid — numerator=0.000, denominator=0.059 (repeats for this event suppressed)
Event 141: >5% quadrature weight outside P_det grid — numerator=0.000, denominator=0.058 (repeats for this event suppressed)
Event 141: >5% quadrature weight outside P_det grid — numerator=0.000, denominator=0.072 (repeats for this event suppressed)
Event 144: >5% quadrature weight outside P_det grid — numerator=0.000, denominator=0.059 (repeats for this event suppressed)
Event 144: >5% quadrature weight outside P_det grid — numerator=0.000, denominator=0.050 (repeats for this event suppressed)
Event 144: >5% quadrature weight outside P_det grid — numerator=0.000, denominator=0.058 (repeats for this event suppressed)
Event 144: >5% quadrature weight outside P_det grid — numerator=0.000, denominator=0.060 (repeats for this event suppressed)
Event 144: >5% quadrature weight outside P_det grid — numerator=0.000, denominator=0.051 (repeats for this event suppressed)
Event 144: >5% quadrature weight outside P_det grid — numerator=0.000, denominator=0.070 (repeats for this event suppressed)
Event 144: >5% quadrature weight outside P_det grid — numerator=0.000, denominator=0.062 (repeats for this event suppressed)
Event 144: >5% quadrature weight outside P_det grid — numerator=0.000, denominator=0.059 (repeats for this event suppressed)
Event 144: >5% quadrature weight outside P_det grid — numerator=0.000, denominator=0.058 (repeats for this event suppressed)
Event 144: >5% quadrature weight outside P_det grid — numerator=0.000, denominator=0.082 (repeats for this event suppressed)
Event 144: >5% quadrature weight outside P_det grid — numerator=0.000, denominator=0.054 (repeats for this event suppressed)
Event 144: >5% quadrature weight outside P_det grid — numerator=0.000, denominator=0.052 (repeats for this event suppressed)
Event 144: >5% quadrature weight outside P_det grid — numerator=0.000, denominator=0.061 (repeats for this event suppressed)
Event 144: >5% quadrature weight outside P_det grid — numerator=0.000, denominator=0.065 (repeats for this event suppressed)
Event 146: >5% quadrature weight outside P_det grid — numerator=0.000, denominator=0.051 (repeats for this event suppressed)
Event 146: >5% quadrature weight outside P_det grid — numerator=0.000, denominator=0.071 (repeats for this event suppressed)
Event 146: >5% quadrature weight outside P_det grid — numerator=0.000, denominator=0.051 (repeats for this event suppressed)
Event 146: >5% quadrature weight outside P_det grid — numerator=0.000, denominator=0.055 (repeats for this event suppressed)
Event 146: >5% quadrature weight outside P_det grid — numerator=0.000, denominator=0.064 (repeats for this event suppressed)
Event 146: >5% quadrature weight outside P_det grid — numerator=0.000, denominator=0.062 (repeats for this event suppressed)
Event 146: >5% quadrature weight outside P_det grid — numerator=0.000, denominator=0.077 (repeats for this event suppressed)
Event 146: >5% quadrature weight outside P_det grid — numerator=0.000, denominator=0.052 (repeats for this event suppressed)
Event 146: >5% quadrature weight outside P_det grid — numerator=0.000, denominator=0.053 (repeats for this event suppressed)
Event 146: >5% quadrature weight outside P_det grid — numerator=0.000, denominator=0.070 (repeats for this event suppressed)
Event 146: >5% quadrature weight outside P_det grid — numerator=0.000, denominator=0.059 (repeats for this event suppressed)
Event 146: >5% quadrature weight outside P_det grid — numerator=0.000, denominator=0.061 (repeats for this event suppressed)
Event 146: >5% quadrature weight outside P_det grid — numerator=0.000, denominator=0.052 (repeats for this event suppressed)
Event 146: >5% quadrature weight outside P_det grid — numerator=0.000, denominator=0.074 (repeats for this event suppressed)
Detection 146: fused completion mass factor zero at 50/50 quadrature nodes (0 beyond the detection horizon, S_4D=0; 50 off the phi support).
Event 149: >5% quadrature weight outside P_det grid — numerator=0.000, denominator=0.072 (repeats for this event suppressed)
Event 149: >5% quadrature weight outside P_det grid — numerator=0.000, denominator=0.064 (repeats for this event suppressed)
Event 149: >5% quadrature weight outside P_det grid — numerator=0.000, denominator=0.071 (repeats for this event suppressed)
Event 149: >5% quadrature weight outside P_det grid — numerator=0.000, denominator=0.067 (repeats for this event suppressed)
Event 149: >5% quadrature weight outside P_det grid — numerator=0.000, denominator=0.066 (repeats for this event suppressed)
Event 149: >5% quadrature weight outside P_det grid — numerator=0.000, denominator=0.072 (repeats for this event suppressed)
Event 149: >5% quadrature weight outside P_det grid — numerator=0.000, denominator=0.079 (repeats for this event suppressed)
Event 149: >5% quadrature weight outside P_det grid — numerator=0.000, denominator=0.067 (repeats for this event suppressed)
Event 149: >5% quadrature weight outside P_det grid — numerator=0.000, denominator=0.080 (repeats for this event suppressed)
Event 149: >5% quadrature weight outside P_det grid — numerator=0.000, denominator=0.085 (repeats for this event suppressed)
Event 149: >5% quadrature weight outside P_det grid — numerator=0.000, denominator=0.064 (repeats for this event suppressed)
Event 149: >5% quadrature weight outside P_det grid — numerator=0.000, denominator=0.064 (repeats for this event suppressed)
Event 149: >5% quadrature weight outside P_det grid — numerator=0.000, denominator=0.063 (repeats for this event suppressed)
Event 149: >5% quadrature weight outside P_det grid — numerator=0.000, denominator=0.066 (repeats for this event suppressed)
Event 150: >5% quadrature weight outside P_det grid — numerator=0.000, denominator=0.070 (repeats for this event suppressed)
Event 150: >5% quadrature weight outside P_det grid — numerator=0.000, denominator=0.058 (repeats for this event suppressed)
Event 150: >5% quadrature weight outside P_det grid — numerator=0.000, denominator=0.080 (repeats for this event suppressed)
Event 150: >5% quadrature weight outside P_det grid — numerator=0.000, denominator=0.057 (repeats for this event suppressed)
Event 150: >5% quadrature weight outside P_det grid — numerator=0.000, denominator=0.059 (repeats for this event suppressed)
Event 150: >5% quadrature weight outside P_det grid — numerator=0.000, denominator=0.055 (repeats for this event suppressed)
Event 150: >5% quadrature weight outside P_det grid — numerator=0.000, denominator=0.063 (repeats for this event suppressed)
Event 150: >5% quadrature weight outside P_det grid — numerator=0.000, denominator=0.081 (repeats for this event suppressed)
Event 150: >5% quadrature weight outside P_det grid — numerator=0.000, denominator=0.063 (repeats for this event suppressed)
Event 150: >5% quadrature weight outside P_det grid — numerator=0.000, denominator=0.050 (repeats for this event suppressed)
Event 150: >5% quadrature weight outside P_det grid — numerator=0.000, denominator=0.065 (repeats for this event suppressed)
Event 150: >5% quadrature weight outside P_det grid — numerator=0.000, denominator=0.062 (repeats for this event suppressed)
Event 150: >5% quadrature weight outside P_det grid — numerator=0.000, denominator=0.058 (repeats for this event suppressed)
Event 150: >5% quadrature weight outside P_det grid — numerator=0.000, denominator=0.060 (repeats for this event suppressed)
Detection 150: fused completion mass factor zero at 50/50 quadrature nodes (0 beyond the detection horizon, S_4D=0; 50 off the phi support).
Event 151: >5% quadrature weight outside P_det grid — numerator=0.000, denominator=0.051 (repeats for this event suppressed)
Event 151: >5% quadrature weight outside P_det grid — numerator=0.000, denominator=0.052 (repeats for this event suppressed)
Event 151: >5% quadrature weight outside P_det grid — numerator=0.000, denominator=0.064 (repeats for this event suppressed)
Event 151: >5% quadrature weight outside P_det grid — numerator=0.000, denominator=0.056 (repeats for this event suppressed)
Event 151: >5% quadrature weight outside P_det grid — numerator=0.000, denominator=0.078 (repeats for this event suppressed)
Event 151: >5% quadrature weight outside P_det grid — numerator=0.000, denominator=0.082 (repeats for this event suppressed)
Event 151: >5% quadrature weight outside P_det grid — numerator=0.000, denominator=0.073 (repeats for this event suppressed)
Event 151: >5% quadrature weight outside P_det grid — numerator=0.000, denominator=0.081 (repeats for this event suppressed)
Event 151: >5% quadrature weight outside P_det grid — numerator=0.000, denominator=0.093 (repeats for this event suppressed)
Event 151: >5% quadrature weight outside P_det grid — numerator=0.000, denominator=0.066 (repeats for this event suppressed)
Event 151: >5% quadrature weight outside P_det grid — numerator=0.000, denominator=0.059 (repeats for this event suppressed)
Event 151: >5% quadrature weight outside P_det grid — numerator=0.000, denominator=0.065 (repeats for this event suppressed)
Event 151: >5% quadrature weight outside P_det grid — numerator=0.000, denominator=0.052 (repeats for this event suppressed)
Event 151: >5% quadrature weight outside P_det grid — numerator=0.000, denominator=0.051 (repeats for this event suppressed)
Event 153: >5% quadrature weight outside P_det grid — numerator=0.000, denominator=0.066 (repeats for this event suppressed)
Event 153: >5% quadrature weight outside P_det grid — numerator=0.000, denominator=0.070 (repeats for this event suppressed)
Event 153: >5% quadrature weight outside P_det grid — numerator=0.000, denominator=0.060 (repeats for this event suppressed)
Event 153: >5% quadrature weight outside P_det grid — numerator=0.000, denominator=0.072 (repeats for this event suppressed)
Event 153: >5% quadrature weight outside P_det grid — numerator=0.000, denominator=0.055 (repeats for this event suppressed)
Event 153: >5% quadrature weight outside P_det grid — numerator=0.000, denominator=0.073 (repeats for this event suppressed)
Event 153: >5% quadrature weight outside P_det grid — numerator=0.000, denominator=0.055 (repeats for this event suppressed)
Event 153: >5% quadrature weight outside P_det grid — numerator=0.000, denominator=0.056 (repeats for this event suppressed)
Event 153: >5% quadrature weight outside P_det grid — numerator=0.000, denominator=0.060 (repeats for this event suppressed)
Event 153: >5% quadrature weight outside P_det grid — numerator=0.000, denominator=0.051 (repeats for this event suppressed)
Event 153: >5% quadrature weight outside P_det grid — numerator=0.000, denominator=0.051 (repeats for this event suppressed)
Event 153: >5% quadrature weight outside P_det grid — numerator=0.000, denominator=0.053 (repeats for this event suppressed)
Event 153: >5% quadrature weight outside P_det grid — numerator=0.000, denominator=0.056 (repeats for this event suppressed)
Event 153: >5% quadrature weight outside P_det grid — numerator=0.000, denominator=0.061 (repeats for this event suppressed)
Event 155: >5% quadrature weight outside P_det grid — numerator=0.000, denominator=0.061 (repeats for this event suppressed)
Event 155: >5% quadrature weight outside P_det grid — numerator=0.000, denominator=0.142 (repeats for this event suppressed)
Event 155: >5% quadrature weight outside P_det grid — numerator=0.000, denominator=0.057 (repeats for this event suppressed)
Event 155: >5% quadrature weight outside P_det grid — numerator=0.000, denominator=0.055 (repeats for this event suppressed)
Event 155: >5% quadrature weight outside P_det grid — numerator=0.000, denominator=0.078 (repeats for this event suppressed)
Event 155: >5% quadrature weight outside P_det grid — numerator=0.000, denominator=0.065 (repeats for this event suppressed)
Event 155: >5% quadrature weight outside P_det grid — numerator=0.000, denominator=0.061 (repeats for this event suppressed)
Event 155: >5% quadrature weight outside P_det grid — numerator=0.000, denominator=0.073 (repeats for this event suppressed)
Event 155: >5% quadrature weight outside P_det grid — numerator=0.000, denominator=0.083 (repeats for this event suppressed)
Event 155: >5% quadrature weight outside P_det grid — numerator=0.000, denominator=0.060 (repeats for this event suppressed)
Event 155: >5% quadrature weight outside P_det grid — numerator=0.000, denominator=0.057 (repeats for this event suppressed)
Event 155: >5% quadrature weight outside P_det grid — numerator=0.000, denominator=0.057 (repeats for this event suppressed)
Event 155: >5% quadrature weight outside P_det grid — numerator=0.000, denominator=0.066 (repeats for this event suppressed)
Event 155: >5% quadrature weight outside P_det grid — numerator=0.000, denominator=0.059 (repeats for this event suppressed)
Event 158: >5% quadrature weight outside P_det grid — numerator=0.000, denominator=0.053 (repeats for this event suppressed)
Event 158: >5% quadrature weight outside P_det grid — numerator=0.000, denominator=0.051 (repeats for this event suppressed)
Event 158: >5% quadrature weight outside P_det grid — numerator=0.000, denominator=0.051 (repeats for this event suppressed)
Event 158: >5% quadrature weight outside P_det grid — numerator=0.000, denominator=0.052 (repeats for this event suppressed)
Event 158: >5% quadrature weight outside P_det grid — numerator=0.000, denominator=0.051 (repeats for this event suppressed)
Event 158: >5% quadrature weight outside P_det grid — numerator=0.000, denominator=0.051 (repeats for this event suppressed)
Event 158: >5% quadrature weight outside P_det grid — numerator=0.000, denominator=0.052 (repeats for this event suppressed)
Event 158: >5% quadrature weight outside P_det grid — numerator=0.000, denominator=0.052 (repeats for this event suppressed)
Event 158: >5% quadrature weight outside P_det grid — numerator=0.000, denominator=0.050 (repeats for this event suppressed)
Event 158: >5% quadrature weight outside P_det grid — numerator=0.000, denominator=0.052 (repeats for this event suppressed)
Event 158: >5% quadrature weight outside P_det grid — numerator=0.000, denominator=0.051 (repeats for this event suppressed)
Event 159: >5% quadrature weight outside P_det grid — numerator=0.000, denominator=0.052 (repeats for this event suppressed)
Event 159: >5% quadrature weight outside P_det grid — numerator=0.000, denominator=0.062 (repeats for this event suppressed)
Event 159: >5% quadrature weight outside P_det grid — numerator=0.000, denominator=0.059 (repeats for this event suppressed)
Event 159: >5% quadrature weight outside P_det grid — numerator=0.000, denominator=0.057 (repeats for this event suppressed)
Event 159: >5% quadrature weight outside P_det grid — numerator=0.000, denominator=0.055 (repeats for this event suppressed)
Event 159: >5% quadrature weight outside P_det grid — numerator=0.000, denominator=0.054 (repeats for this event suppressed)
Event 159: >5% quadrature weight outside P_det grid — numerator=0.000, denominator=0.051 (repeats for this event suppressed)
Event 159: >5% quadrature weight outside P_det grid — numerator=0.000, denominator=0.053 (repeats for this event suppressed)
Event 159: >5% quadrature weight outside P_det grid — numerator=0.000, denominator=0.058 (repeats for this event suppressed)
Event 159: >5% quadrature weight outside P_det grid — numerator=0.000, denominator=0.054 (repeats for this event suppressed)
Event 159: >5% quadrature weight outside P_det grid — numerator=0.000, denominator=0.063 (repeats for this event suppressed)
Event 159: >5% quadrature weight outside P_det grid — numerator=0.000, denominator=0.057 (repeats for this event suppressed)
Event 159: >5% quadrature weight outside P_det grid — numerator=0.000, denominator=0.062 (repeats for this event suppressed)
Event 159: >5% quadrature weight outside P_det grid — numerator=0.000, denominator=0.058 (repeats for this event suppressed)
Event 161: >5% quadrature weight outside P_det grid — numerator=0.000, denominator=0.052 (repeats for this event suppressed)
Event 161: >5% quadrature weight outside P_det grid — numerator=0.000, denominator=0.052 (repeats for this event suppressed)
Event 161: >5% quadrature weight outside P_det grid — numerator=0.000, denominator=0.050 (repeats for this event suppressed)
Event 161: >5% quadrature weight outside P_det grid — numerator=0.000, denominator=0.062 (repeats for this event suppressed)
Event 161: >5% quadrature weight outside P_det grid — numerator=0.000, denominator=0.058 (repeats for this event suppressed)
Event 161: >5% quadrature weight outside P_det grid — numerator=0.000, denominator=0.075 (repeats for this event suppressed)
Event 161: >5% quadrature weight outside P_det grid — numerator=0.000, denominator=0.055 (repeats for this event suppressed)
Event 161: >5% quadrature weight outside P_det grid — numerator=0.000, denominator=0.076 (repeats for this event suppressed)
Event 161: >5% quadrature weight outside P_det grid — numerator=0.000, denominator=0.058 (repeats for this event suppressed)
Event 161: >5% quadrature weight outside P_det grid — numerator=0.000, denominator=0.058 (repeats for this event suppressed)
Event 161: >5% quadrature weight outside P_det grid — numerator=0.000, denominator=0.055 (repeats for this event suppressed)
Event 161: >5% quadrature weight outside P_det grid — numerator=0.000, denominator=0.053 (repeats for this event suppressed)
Event 161: >5% quadrature weight outside P_det grid — numerator=0.000, denominator=0.052 (repeats for this event suppressed)
Event 161: >5% quadrature weight outside P_det grid — numerator=0.000, denominator=0.052 (repeats for this event suppressed)
Detection 161: fused completion mass factor zero at 50/50 quadrature nodes (0 beyond the detection horizon, S_4D=0; 50 off the phi support).
Event 162: >5% quadrature weight outside P_det grid — numerator=0.000, denominator=0.078 (repeats for this event suppressed)
Event 162: >5% quadrature weight outside P_det grid — numerator=0.000, denominator=0.050 (repeats for this event suppressed)
Event 162: >5% quadrature weight outside P_det grid — numerator=0.000, denominator=0.067 (repeats for this event suppressed)
Event 162: >5% quadrature weight outside P_det grid — numerator=0.000, denominator=0.081 (repeats for this event suppressed)
Event 162: >5% quadrature weight outside P_det grid — numerator=0.000, denominator=0.053 (repeats for this event suppressed)
Event 162: >5% quadrature weight outside P_det grid — numerator=0.000, denominator=0.061 (repeats for this event suppressed)
Event 162: >5% quadrature weight outside P_det grid — numerator=0.000, denominator=0.075 (repeats for this event suppressed)
Event 162: >5% quadrature weight outside P_det grid — numerator=0.000, denominator=0.055 (repeats for this event suppressed)
Event 162: >5% quadrature weight outside P_det grid — numerator=0.000, denominator=0.051 (repeats for this event suppressed)
Event 162: >5% quadrature weight outside P_det grid — numerator=0.000, denominator=0.068 (repeats for this event suppressed)
Event 162: >5% quadrature weight outside P_det grid — numerator=0.000, denominator=0.070 (repeats for this event suppressed)
Event 162: >5% quadrature weight outside P_det grid — numerator=0.000, denominator=0.058 (repeats for this event suppressed)
Event 162: >5% quadrature weight outside P_det grid — numerator=0.000, denominator=0.055 (repeats for this event suppressed)
Event 162: >5% quadrature weight outside P_det grid — numerator=0.000, denominator=0.052 (repeats for this event suppressed)
Event 167: >5% quadrature weight outside P_det grid — numerator=0.000, denominator=0.062 (repeats for this event suppressed)
Event 167: >5% quadrature weight outside P_det grid — numerator=0.000, denominator=0.053 (repeats for this event suppressed)
Event 167: >5% quadrature weight outside P_det grid — numerator=0.000, denominator=0.051 (repeats for this event suppressed)
Event 167: >5% quadrature weight outside P_det grid — numerator=0.000, denominator=0.050 (repeats for this event suppressed)
Event 167: >5% quadrature weight outside P_det grid — numerator=0.000, denominator=0.073 (repeats for this event suppressed)
Event 167: >5% quadrature weight outside P_det grid — numerator=0.000, denominator=0.053 (repeats for this event suppressed)
Event 167: >5% quadrature weight outside P_det grid — numerator=0.000, denominator=0.078 (repeats for this event suppressed)
Detection 167: fused completion mass factor zero at 50/50 quadrature nodes (0 beyond the detection horizon, S_4D=0; 50 off the phi support).
Event 168: >5% quadrature weight outside P_det grid — numerator=0.870, denominator=0.083 (repeats for this event suppressed)
Event 168: >5% quadrature weight outside P_det grid — numerator=0.870, denominator=0.373 (repeats for this event suppressed)
Event 168: >5% quadrature weight outside P_det grid — numerator=0.870, denominator=0.087 (repeats for this event suppressed)
Event 168: >5% quadrature weight outside P_det grid — numerator=0.870, denominator=0.090 (repeats for this event suppressed)
Event 168: >5% quadrature weight outside P_det grid — numerator=0.870, denominator=1.000 (repeats for this event suppressed)
Event 168: >5% quadrature weight outside P_det grid — numerator=0.870, denominator=0.099 (repeats for this event suppressed)
Event 168: >5% quadrature weight outside P_det grid — numerator=0.870, denominator=0.092 (repeats for this event suppressed)
Event 168: >5% quadrature weight outside P_det grid — numerator=0.870, denominator=0.825 (repeats for this event suppressed)
Event 168: >5% quadrature weight outside P_det grid — numerator=0.870, denominator=0.968 (repeats for this event suppressed)
Event 168: >5% quadrature weight outside P_det grid — numerator=0.870, denominator=0.372 (repeats for this event suppressed)
Event 168: >5% quadrature weight outside P_det grid — numerator=0.870, denominator=0.099 (repeats for this event suppressed)
Event 168: >5% quadrature weight outside P_det grid — numerator=0.870, denominator=1.000 (repeats for this event suppressed)
Event 168: >5% quadrature weight outside P_det grid — numerator=0.870, denominator=0.545 (repeats for this event suppressed)
Event 168: >5% quadrature weight outside P_det grid — numerator=0.870, denominator=0.396 (repeats for this event suppressed)
Event 171: >5% quadrature weight outside P_det grid — numerator=0.000, denominator=0.051 (repeats for this event suppressed)
Event 171: >5% quadrature weight outside P_det grid — numerator=0.000, denominator=0.050 (repeats for this event suppressed)
Event 171: >5% quadrature weight outside P_det grid — numerator=0.000, denominator=0.052 (repeats for this event suppressed)
Event 171: >5% quadrature weight outside P_det grid — numerator=0.000, denominator=0.056 (repeats for this event suppressed)
Event 171: >5% quadrature weight outside P_det grid — numerator=0.000, denominator=0.054 (repeats for this event suppressed)
Event 171: >5% quadrature weight outside P_det grid — numerator=0.000, denominator=0.055 (repeats for this event suppressed)
Event 171: >5% quadrature weight outside P_det grid — numerator=0.000, denominator=0.050 (repeats for this event suppressed)
Event 171: >5% quadrature weight outside P_det grid — numerator=0.000, denominator=0.050 (repeats for this event suppressed)
Event 171: >5% quadrature weight outside P_det grid — numerator=0.000, denominator=0.058 (repeats for this event suppressed)
Event 171: >5% quadrature weight outside P_det grid — numerator=0.000, denominator=0.054 (repeats for this event suppressed)
Event 171: >5% quadrature weight outside P_det grid — numerator=0.000, denominator=0.053 (repeats for this event suppressed)
No possible hosts. Returning None.
Detection 173: no catalogue hosts in the localization volume — pure-completion fallback p_i = B_num/D (issue #29)
Detection 173: no catalog results found
Event 175: >5% quadrature weight outside P_det grid — numerator=0.000, denominator=0.075 (repeats for this event suppressed)
Event 175: >5% quadrature weight outside P_det grid — numerator=0.000, denominator=0.060 (repeats for this event suppressed)
Event 175: >5% quadrature weight outside P_det grid — numerator=0.000, denominator=0.063 (repeats for this event suppressed)
Event 175: >5% quadrature weight outside P_det grid — numerator=0.000, denominator=0.053 (repeats for this event suppressed)
Event 175: >5% quadrature weight outside P_det grid — numerator=0.000, denominator=0.052 (repeats for this event suppressed)
Event 175: >5% quadrature weight outside P_det grid — numerator=0.000, denominator=0.053 (repeats for this event suppressed)
Event 175: >5% quadrature weight outside P_det grid — numerator=0.000, denominator=0.054 (repeats for this event suppressed)
Event 175: >5% quadrature weight outside P_det grid — numerator=0.000, denominator=0.052 (repeats for this event suppressed)
Event 175: >5% quadrature weight outside P_det grid — numerator=0.000, denominator=0.058 (repeats for this event suppressed)
Event 175: >5% quadrature weight outside P_det grid — numerator=0.000, denominator=0.059 (repeats for this event suppressed)
Event 175: >5% quadrature weight outside P_det grid — numerator=0.000, denominator=0.051 (repeats for this event suppressed)
Event 175: >5% quadrature weight outside P_det grid — numerator=0.000, denominator=0.064 (repeats for this event suppressed)
Event 175: >5% quadrature weight outside P_det grid — numerator=0.000, denominator=0.060 (repeats for this event suppressed)
Event 175: >5% quadrature weight outside P_det grid — numerator=0.000, denominator=0.056 (repeats for this event suppressed)
Event 177: >5% quadrature weight outside P_det grid — numerator=0.000, denominator=0.066 (repeats for this event suppressed)
Event 177: >5% quadrature weight outside P_det grid — numerator=0.000, denominator=0.067 (repeats for this event suppressed)
Event 177: >5% quadrature weight outside P_det grid — numerator=0.000, denominator=0.056 (repeats for this event suppressed)
Event 177: >5% quadrature weight outside P_det grid — numerator=0.000, denominator=0.055 (repeats for this event suppressed)
Event 177: >5% quadrature weight outside P_det grid — numerator=0.000, denominator=0.058 (repeats for this event suppressed)
Event 177: >5% quadrature weight outside P_det grid — numerator=0.000, denominator=0.067 (repeats for this event suppressed)
Event 177: >5% quadrature weight outside P_det grid — numerator=0.000, denominator=0.054 (repeats for this event suppressed)
Event 177: >5% quadrature weight outside P_det grid — numerator=0.000, denominator=0.052 (repeats for this event suppressed)
Event 177: >5% quadrature weight outside P_det grid — numerator=0.000, denominator=0.054 (repeats for this event suppressed)
Event 177: >5% quadrature weight outside P_det grid — numerator=0.000, denominator=0.143 (repeats for this event suppressed)
Event 177: >5% quadrature weight outside P_det grid — numerator=0.000, denominator=0.071 (repeats for this event suppressed)
Event 177: >5% quadrature weight outside P_det grid — numerator=0.000, denominator=0.052 (repeats for this event suppressed)
Event 177: >5% quadrature weight outside P_det grid — numerator=0.000, denominator=0.063 (repeats for this event suppressed)
Event 177: >5% quadrature weight outside P_det grid — numerator=0.000, denominator=0.098 (repeats for this event suppressed)
Detection 177: fused completion mass factor zero at 10/50 quadrature nodes (0 beyond the detection horizon, S_4D=0; 10 off the phi support).
Event 182: >5% quadrature weight outside P_det grid — numerator=0.000, denominator=0.063 (repeats for this event suppressed)
Event 182: >5% quadrature weight outside P_det grid — numerator=0.000, denominator=0.061 (repeats for this event suppressed)
Event 182: >5% quadrature weight outside P_det grid — numerator=0.000, denominator=0.056 (repeats for this event suppressed)
Event 182: >5% quadrature weight outside P_det grid — numerator=0.000, denominator=0.090 (repeats for this event suppressed)
Event 182: >5% quadrature weight outside P_det grid — numerator=0.000, denominator=0.076 (repeats for this event suppressed)
Event 182: >5% quadrature weight outside P_det grid — numerator=0.000, denominator=0.065 (repeats for this event suppressed)
Event 182: >5% quadrature weight outside P_det grid — numerator=0.000, denominator=0.056 (repeats for this event suppressed)
Event 182: >5% quadrature weight outside P_det grid — numerator=0.000, denominator=0.063 (repeats for this event suppressed)
Event 182: >5% quadrature weight outside P_det grid — numerator=0.000, denominator=0.071 (repeats for this event suppressed)
Event 182: >5% quadrature weight outside P_det grid — numerator=0.000, denominator=0.064 (repeats for this event suppressed)
Event 182: >5% quadrature weight outside P_det grid — numerator=0.000, denominator=0.064 (repeats for this event suppressed)
Event 182: >5% quadrature weight outside P_det grid — numerator=0.000, denominator=0.071 (repeats for this event suppressed)
Event 182: >5% quadrature weight outside P_det grid — numerator=0.000, denominator=0.057 (repeats for this event suppressed)
Event 182: >5% quadrature weight outside P_det grid — numerator=0.000, denominator=0.061 (repeats for this event suppressed)
Event 183: >5% quadrature weight outside P_det grid — numerator=0.000, denominator=0.064 (repeats for this event suppressed)
Event 183: >5% quadrature weight outside P_det grid — numerator=0.000, denominator=0.076 (repeats for this event suppressed)
Event 183: >5% quadrature weight outside P_det grid — numerator=0.000, denominator=0.053 (repeats for this event suppressed)
Event 183: >5% quadrature weight outside P_det grid — numerator=0.000, denominator=0.051 (repeats for this event suppressed)
Event 183: >5% quadrature weight outside P_det grid — numerator=0.000, denominator=0.060 (repeats for this event suppressed)
Event 183: >5% quadrature weight outside P_det grid — numerator=0.000, denominator=0.059 (repeats for this event suppressed)
Event 183: >5% quadrature weight outside P_det grid — numerator=0.000, denominator=0.077 (repeats for this event suppressed)
Event 183: >5% quadrature weight outside P_det grid — numerator=0.000, denominator=0.054 (repeats for this event suppressed)
Event 183: >5% quadrature weight outside P_det grid — numerator=0.000, denominator=0.076 (repeats for this event suppressed)
Event 183: >5% quadrature weight outside P_det grid — numerator=0.000, denominator=0.054 (repeats for this event suppressed)
Event 183: >5% quadrature weight outside P_det grid — numerator=0.000, denominator=0.055 (repeats for this event suppressed)
Event 183: >5% quadrature weight outside P_det grid — numerator=0.000, denominator=0.063 (repeats for this event suppressed)
Event 183: >5% quadrature weight outside P_det grid — numerator=0.000, denominator=0.070 (repeats for this event suppressed)
Event 183: >5% quadrature weight outside P_det grid — numerator=0.000, denominator=0.066 (repeats for this event suppressed)
Event 184: >5% quadrature weight outside P_det grid — numerator=0.000, denominator=0.075 (repeats for this event suppressed)
Event 184: >5% quadrature weight outside P_det grid — numerator=0.000, denominator=0.061 (repeats for this event suppressed)
Event 184: >5% quadrature weight outside P_det grid — numerator=0.000, denominator=0.069 (repeats for this event suppressed)
Event 187: >5% quadrature weight outside P_det grid — numerator=0.000, denominator=0.054 (repeats for this event suppressed)
Event 187: >5% quadrature weight outside P_det grid — numerator=0.000, denominator=0.051 (repeats for this event suppressed)
Event 187: >5% quadrature weight outside P_det grid — numerator=0.000, denominator=0.054 (repeats for this event suppressed)
Event 187: >5% quadrature weight outside P_det grid — numerator=0.000, denominator=0.051 (repeats for this event suppressed)
Event 187: >5% quadrature weight outside P_det grid — numerator=0.000, denominator=0.051 (repeats for this event suppressed)
Event 187: >5% quadrature weight outside P_det grid — numerator=0.000, denominator=0.054 (repeats for this event suppressed)
Event 187: >5% quadrature weight outside P_det grid — numerator=0.000, denominator=0.051 (repeats for this event suppressed)
Event 187: >5% quadrature weight outside P_det grid — numerator=0.000, denominator=0.050 (repeats for this event suppressed)
Event 187: >5% quadrature weight outside P_det grid — numerator=0.000, denominator=0.051 (repeats for this event suppressed)
Event 187: >5% quadrature weight outside P_det grid — numerator=0.000, denominator=0.053 (repeats for this event suppressed)
Event 187: >5% quadrature weight outside P_det grid — numerator=0.000, denominator=0.050 (repeats for this event suppressed)
Event 188: >5% quadrature weight outside P_det grid — numerator=0.000, denominator=0.063 (repeats for this event suppressed)
Event 188: >5% quadrature weight outside P_det grid — numerator=0.000, denominator=0.061 (repeats for this event suppressed)
Event 188: >5% quadrature weight outside P_det grid — numerator=0.000, denominator=0.059 (repeats for this event suppressed)
Event 188: >5% quadrature weight outside P_det grid — numerator=0.000, denominator=0.057 (repeats for this event suppressed)
Event 188: >5% quadrature weight outside P_det grid — numerator=0.000, denominator=0.057 (repeats for this event suppressed)
Event 188: >5% quadrature weight outside P_det grid — numerator=0.000, denominator=0.066 (repeats for this event suppressed)
Event 188: >5% quadrature weight outside P_det grid — numerator=0.000, denominator=0.063 (repeats for this event suppressed)
Event 188: >5% quadrature weight outside P_det grid — numerator=0.000, denominator=0.055 (repeats for this event suppressed)
Event 188: >5% quadrature weight outside P_det grid — numerator=0.000, denominator=0.059 (repeats for this event suppressed)
Event 188: >5% quadrature weight outside P_det grid — numerator=0.000, denominator=0.052 (repeats for this event suppressed)
Event 188: >5% quadrature weight outside P_det grid — numerator=0.000, denominator=0.060 (repeats for this event suppressed)
Event 188: >5% quadrature weight outside P_det grid — numerator=0.000, denominator=0.063 (repeats for this event suppressed)
Event 188: >5% quadrature weight outside P_det grid — numerator=0.000, denominator=0.070 (repeats for this event suppressed)
Event 188: >5% quadrature weight outside P_det grid — numerator=0.000, denominator=0.066 (repeats for this event suppressed)
Detection 188: fused completion mass factor zero at 50/50 quadrature nodes (0 beyond the detection horizon, S_4D=0; 50 off the phi support).
Event 190: >5% quadrature weight outside P_det grid — numerator=0.000, denominator=0.083 (repeats for this event suppressed)
Event 190: >5% quadrature weight outside P_det grid — numerator=0.000, denominator=0.056 (repeats for this event suppressed)
Event 190: >5% quadrature weight outside P_det grid — numerator=0.000, denominator=0.054 (repeats for this event suppressed)
Event 190: >5% quadrature weight outside P_det grid — numerator=0.000, denominator=0.063 (repeats for this event suppressed)
Event 190: >5% quadrature weight outside P_det grid — numerator=0.000, denominator=0.058 (repeats for this event suppressed)
Event 190: >5% quadrature weight outside P_det grid — numerator=0.000, denominator=0.063 (repeats for this event suppressed)
Event 190: >5% quadrature weight outside P_det grid — numerator=0.000, denominator=0.071 (repeats for this event suppressed)
Event 190: >5% quadrature weight outside P_det grid — numerator=0.000, denominator=0.054 (repeats for this event suppressed)
Event 190: >5% quadrature weight outside P_det grid — numerator=0.000, denominator=0.093 (repeats for this event suppressed)
Event 190: >5% quadrature weight outside P_det grid — numerator=0.000, denominator=0.058 (repeats for this event suppressed)
Event 190: >5% quadrature weight outside P_det grid — numerator=0.000, denominator=0.057 (repeats for this event suppressed)
Event 190: >5% quadrature weight outside P_det grid — numerator=0.000, denominator=0.054 (repeats for this event suppressed)
Event 190: >5% quadrature weight outside P_det grid — numerator=0.000, denominator=0.099 (repeats for this event suppressed)
Event 190: >5% quadrature weight outside P_det grid — numerator=0.000, denominator=0.064 (repeats for this event suppressed)
Event 191: >5% quadrature weight outside P_det grid — numerator=0.000, denominator=0.051 (repeats for this event suppressed)
Event 191: >5% quadrature weight outside P_det grid — numerator=0.000, denominator=0.066 (repeats for this event suppressed)
Event 191: >5% quadrature weight outside P_det grid — numerator=0.000, denominator=0.055 (repeats for this event suppressed)
Event 191: >5% quadrature weight outside P_det grid — numerator=0.000, denominator=0.059 (repeats for this event suppressed)
Event 191: >5% quadrature weight outside P_det grid — numerator=0.000, denominator=0.064 (repeats for this event suppressed)
Event 191: >5% quadrature weight outside P_det grid — numerator=0.000, denominator=0.063 (repeats for this event suppressed)
Event 191: >5% quadrature weight outside P_det grid — numerator=0.000, denominator=0.050 (repeats for this event suppressed)
Event 191: >5% quadrature weight outside P_det grid — numerator=0.000, denominator=0.062 (repeats for this event suppressed)
Event 191: >5% quadrature weight outside P_det grid — numerator=0.000, denominator=0.059 (repeats for this event suppressed)
Event 191: >5% quadrature weight outside P_det grid — numerator=0.000, denominator=0.061 (repeats for this event suppressed)
Event 191: >5% quadrature weight outside P_det grid — numerator=0.000, denominator=0.070 (repeats for this event suppressed)
Event 191: >5% quadrature weight outside P_det grid — numerator=0.000, denominator=0.056 (repeats for this event suppressed)
Event 191: >5% quadrature weight outside P_det grid — numerator=0.000, denominator=0.059 (repeats for this event suppressed)
Event 191: >5% quadrature weight outside P_det grid — numerator=0.000, denominator=0.056 (repeats for this event suppressed)
Event 192: >5% quadrature weight outside P_det grid — numerator=0.000, denominator=0.069 (repeats for this event suppressed)
Event 192: >5% quadrature weight outside P_det grid — numerator=0.000, denominator=0.101 (repeats for this event suppressed)
Detection 192: fused completion mass factor zero at 50/50 quadrature nodes (0 beyond the detection horizon, S_4D=0; 50 off the phi support).
Event 195: >5% quadrature weight outside P_det grid — numerator=0.000, denominator=0.086 (repeats for this event suppressed)
Event 195: >5% quadrature weight outside P_det grid — numerator=0.000, denominator=0.058 (repeats for this event suppressed)
Event 195: >5% quadrature weight outside P_det grid — numerator=0.000, denominator=0.055 (repeats for this event suppressed)
Event 195: >5% quadrature weight outside P_det grid — numerator=0.000, denominator=0.051 (repeats for this event suppressed)
Event 195: >5% quadrature weight outside P_det grid — numerator=0.000, denominator=0.050 (repeats for this event suppressed)
Event 195: >5% quadrature weight outside P_det grid — numerator=0.000, denominator=0.058 (repeats for this event suppressed)
Event 195: >5% quadrature weight outside P_det grid — numerator=0.000, denominator=0.068 (repeats for this event suppressed)
Event 195: >5% quadrature weight outside P_det grid — numerator=0.000, denominator=0.072 (repeats for this event suppressed)
Event 195: >5% quadrature weight outside P_det grid — numerator=0.000, denominator=0.050 (repeats for this event suppressed)
Event 195: >5% quadrature weight outside P_det grid — numerator=0.000, denominator=0.070 (repeats for this event suppressed)
Event 195: >5% quadrature weight outside P_det grid — numerator=0.000, denominator=0.075 (repeats for this event suppressed)
Event 195: >5% quadrature weight outside P_det grid — numerator=0.000, denominator=0.063 (repeats for this event suppressed)
Event 195: >5% quadrature weight outside P_det grid — numerator=0.000, denominator=0.052 (repeats for this event suppressed)
Event 195: >5% quadrature weight outside P_det grid — numerator=0.000, denominator=0.072 (repeats for this event suppressed)
Event 197: >5% quadrature weight outside P_det grid — numerator=0.000, denominator=0.058 (repeats for this event suppressed)
Event 197: >5% quadrature weight outside P_det grid — numerator=0.000, denominator=0.060 (repeats for this event suppressed)
Event 197: >5% quadrature weight outside P_det grid — numerator=0.000, denominator=0.065 (repeats for this event suppressed)
Event 197: >5% quadrature weight outside P_det grid — numerator=0.000, denominator=0.050 (repeats for this event suppressed)
Event 197: >5% quadrature weight outside P_det grid — numerator=0.000, denominator=0.059 (repeats for this event suppressed)
Event 197: >5% quadrature weight outside P_det grid — numerator=0.000, denominator=0.066 (repeats for this event suppressed)
Event 197: >5% quadrature weight outside P_det grid — numerator=0.000, denominator=0.066 (repeats for this event suppressed)
Event 197: >5% quadrature weight outside P_det grid — numerator=0.000, denominator=0.056 (repeats for this event suppressed)
Event 197: >5% quadrature weight outside P_det grid — numerator=0.000, denominator=0.064 (repeats for this event suppressed)
Event 197: >5% quadrature weight outside P_det grid — numerator=0.000, denominator=0.051 (repeats for this event suppressed)
Event 197: >5% quadrature weight outside P_det grid — numerator=0.000, denominator=0.056 (repeats for this event suppressed)
Event 197: >5% quadrature weight outside P_det grid — numerator=0.000, denominator=0.063 (repeats for this event suppressed)
Event 197: >5% quadrature weight outside P_det grid — numerator=0.000, denominator=0.054 (repeats for this event suppressed)
Event 197: >5% quadrature weight outside P_det grid — numerator=0.000, denominator=0.065 (repeats for this event suppressed)
Event 199: >5% quadrature weight outside P_det grid — numerator=0.000, denominator=0.051 (repeats for this event suppressed)
Event 199: >5% quadrature weight outside P_det grid — numerator=0.000, denominator=0.087 (repeats for this event suppressed)
Event 199: >5% quadrature weight outside P_det grid — numerator=0.000, denominator=0.085 (repeats for this event suppressed)
Event 199: >5% quadrature weight outside P_det grid — numerator=0.000, denominator=0.053 (repeats for this event suppressed)
Event 199: >5% quadrature weight outside P_det grid — numerator=0.000, denominator=0.059 (repeats for this event suppressed)
Event 199: >5% quadrature weight outside P_det grid — numerator=0.000, denominator=0.050 (repeats for this event suppressed)
Event 199: >5% quadrature weight outside P_det grid — numerator=0.000, denominator=0.072 (repeats for this event suppressed)
Event 199: >5% quadrature weight outside P_det grid — numerator=0.000, denominator=0.068 (repeats for this event suppressed)
Event 199: >5% quadrature weight outside P_det grid — numerator=0.000, denominator=0.055 (repeats for this event suppressed)
Event 199: >5% quadrature weight outside P_det grid — numerator=0.000, denominator=0.059 (repeats for this event suppressed)
Event 199: >5% quadrature weight outside P_det grid — numerator=0.000, denominator=0.072 (repeats for this event suppressed)
Event 199: >5% quadrature weight outside P_det grid — numerator=0.000, denominator=0.052 (repeats for this event suppressed)
Event 199: >5% quadrature weight outside P_det grid — numerator=0.000, denominator=0.051 (repeats for this event suppressed)
Event 199: >5% quadrature weight outside P_det grid — numerator=0.000, denominator=0.059 (repeats for this event suppressed)
/pfs/data6/home/st/st_us-403333/st_ac147838/darksiren-emri/darksiren_emri/plotting/fisher_plots.py:833: UserWarning: The figure layout has changed to tight
  fig.tight_layout()
