Injection pool spans 2 code revisions (a9f29e82, f6449051) — legitimate for straggler resubmits after a non-physics fix, but verify none of them changed SNR semantics.
Event -1: 171 host(s) have f_k == 0 across the whole host-z window (empty/ZoA pixel) — host-z kernel falls back to the w_pop-only form for those hosts (further occurrences in this worker are suppressed).
Injection pool spans 2 code revisions (a9f29e82, f6449051) — legitimate for straggler resubmits after a non-physics fix, but verify none of them changed SNR semantics.
Event 0: >5% quadrature weight outside P_det grid — numerator=0.000, denominator=0.058 (repeats for this event suppressed)
Event 0: >5% quadrature weight outside P_det grid — numerator=0.000, denominator=0.062 (repeats for this event suppressed)
Event 0: >5% quadrature weight outside P_det grid — numerator=0.000, denominator=0.056 (repeats for this event suppressed)
Event 0: >5% quadrature weight outside P_det grid — numerator=0.000, denominator=0.076 (repeats for this event suppressed)
Event 0: >5% quadrature weight outside P_det grid — numerator=0.000, denominator=0.063 (repeats for this event suppressed)
Event 0: >5% quadrature weight outside P_det grid — numerator=0.000, denominator=0.068 (repeats for this event suppressed)
Event 0: >5% quadrature weight outside P_det grid — numerator=0.000, denominator=0.076 (repeats for this event suppressed)
Event 0: >5% quadrature weight outside P_det grid — numerator=0.000, denominator=0.053 (repeats for this event suppressed)
Event 0: >5% quadrature weight outside P_det grid — numerator=0.000, denominator=0.078 (repeats for this event suppressed)
Event 0: >5% quadrature weight outside P_det grid — numerator=0.000, denominator=0.058 (repeats for this event suppressed)
Event 0: >5% quadrature weight outside P_det grid — numerator=0.000, denominator=0.053 (repeats for this event suppressed)
Event 0: >5% quadrature weight outside P_det grid — numerator=0.000, denominator=0.058 (repeats for this event suppressed)
Event 0: >5% quadrature weight outside P_det grid — numerator=0.000, denominator=0.060 (repeats for this event suppressed)
Event 0: >5% quadrature weight outside P_det grid — numerator=0.000, denominator=0.054 (repeats for this event suppressed)
Event 2: >5% quadrature weight outside P_det grid — numerator=0.000, denominator=0.062 (repeats for this event suppressed)
Event 2: >5% quadrature weight outside P_det grid — numerator=0.000, denominator=0.063 (repeats for this event suppressed)
Event 2: >5% quadrature weight outside P_det grid — numerator=0.000, denominator=0.058 (repeats for this event suppressed)
Event 2: >5% quadrature weight outside P_det grid — numerator=0.000, denominator=0.060 (repeats for this event suppressed)
Event 2: >5% quadrature weight outside P_det grid — numerator=0.000, denominator=0.064 (repeats for this event suppressed)
Event 2: >5% quadrature weight outside P_det grid — numerator=0.000, denominator=0.062 (repeats for this event suppressed)
Event 2: >5% quadrature weight outside P_det grid — numerator=0.000, denominator=0.060 (repeats for this event suppressed)
Event 2: >5% quadrature weight outside P_det grid — numerator=0.000, denominator=0.070 (repeats for this event suppressed)
Event 2: >5% quadrature weight outside P_det grid — numerator=0.000, denominator=0.061 (repeats for this event suppressed)
Event 2: >5% quadrature weight outside P_det grid — numerator=0.000, denominator=0.169 (repeats for this event suppressed)
Event 2: >5% quadrature weight outside P_det grid — numerator=0.000, denominator=0.071 (repeats for this event suppressed)
Event 2: >5% quadrature weight outside P_det grid — numerator=0.000, denominator=0.065 (repeats for this event suppressed)
Event 2: >5% quadrature weight outside P_det grid — numerator=0.000, denominator=0.059 (repeats for this event suppressed)
Detection 2: fused completion mass factor zero at 50/50 quadrature nodes (0 beyond the detection horizon, S_4D=0; 50 off the phi support).
Event 4: >5% quadrature weight outside P_det grid — numerator=0.000, denominator=0.059 (repeats for this event suppressed)
Event 4: >5% quadrature weight outside P_det grid — numerator=0.000, denominator=0.056 (repeats for this event suppressed)
Event 4: >5% quadrature weight outside P_det grid — numerator=0.000, denominator=0.053 (repeats for this event suppressed)
Event 4: >5% quadrature weight outside P_det grid — numerator=0.000, denominator=0.062 (repeats for this event suppressed)
Event 4: >5% quadrature weight outside P_det grid — numerator=0.000, denominator=0.082 (repeats for this event suppressed)
Event 4: >5% quadrature weight outside P_det grid — numerator=0.000, denominator=0.084 (repeats for this event suppressed)
Event 4: >5% quadrature weight outside P_det grid — numerator=0.000, denominator=0.091 (repeats for this event suppressed)
Event 4: >5% quadrature weight outside P_det grid — numerator=0.000, denominator=0.073 (repeats for this event suppressed)
Event 4: >5% quadrature weight outside P_det grid — numerator=0.000, denominator=0.063 (repeats for this event suppressed)
Event 4: >5% quadrature weight outside P_det grid — numerator=0.000, denominator=0.072 (repeats for this event suppressed)
Event 4: >5% quadrature weight outside P_det grid — numerator=0.000, denominator=0.076 (repeats for this event suppressed)
Event 4: >5% quadrature weight outside P_det grid — numerator=0.000, denominator=0.056 (repeats for this event suppressed)
Event 4: >5% quadrature weight outside P_det grid — numerator=0.000, denominator=0.054 (repeats for this event suppressed)
Event 4: >5% quadrature weight outside P_det grid — numerator=0.000, denominator=0.088 (repeats for this event suppressed)
Event 5: >5% quadrature weight outside P_det grid — numerator=0.000, denominator=0.056 (repeats for this event suppressed)
Event 5: >5% quadrature weight outside P_det grid — numerator=0.000, denominator=0.071 (repeats for this event suppressed)
Event 5: >5% quadrature weight outside P_det grid — numerator=0.000, denominator=0.057 (repeats for this event suppressed)
Event 5: >5% quadrature weight outside P_det grid — numerator=0.000, denominator=0.065 (repeats for this event suppressed)
Event 5: >5% quadrature weight outside P_det grid — numerator=0.000, denominator=0.054 (repeats for this event suppressed)
Event 5: >5% quadrature weight outside P_det grid — numerator=0.000, denominator=0.058 (repeats for this event suppressed)
Event 5: >5% quadrature weight outside P_det grid — numerator=0.000, denominator=0.053 (repeats for this event suppressed)
Event 5: >5% quadrature weight outside P_det grid — numerator=0.000, denominator=0.062 (repeats for this event suppressed)
Event 6: >5% quadrature weight outside P_det grid — numerator=0.000, denominator=0.078 (repeats for this event suppressed)
Event 6: >5% quadrature weight outside P_det grid — numerator=0.000, denominator=0.051 (repeats for this event suppressed)
Event 6: >5% quadrature weight outside P_det grid — numerator=0.000, denominator=0.074 (repeats for this event suppressed)
Event 6: >5% quadrature weight outside P_det grid — numerator=0.000, denominator=0.075 (repeats for this event suppressed)
Event 6: >5% quadrature weight outside P_det grid — numerator=0.000, denominator=0.068 (repeats for this event suppressed)
Event 6: >5% quadrature weight outside P_det grid — numerator=0.000, denominator=0.051 (repeats for this event suppressed)
Event 6: >5% quadrature weight outside P_det grid — numerator=0.000, denominator=0.056 (repeats for this event suppressed)
Event 6: >5% quadrature weight outside P_det grid — numerator=0.000, denominator=0.058 (repeats for this event suppressed)
Event 6: >5% quadrature weight outside P_det grid — numerator=0.000, denominator=0.052 (repeats for this event suppressed)
Event 6: >5% quadrature weight outside P_det grid — numerator=0.000, denominator=0.066 (repeats for this event suppressed)
Event 6: >5% quadrature weight outside P_det grid — numerator=0.000, denominator=0.056 (repeats for this event suppressed)
Event 6: >5% quadrature weight outside P_det grid — numerator=0.000, denominator=0.060 (repeats for this event suppressed)
Event 6: >5% quadrature weight outside P_det grid — numerator=0.000, denominator=0.052 (repeats for this event suppressed)
Event 6: >5% quadrature weight outside P_det grid — numerator=0.000, denominator=0.086 (repeats for this event suppressed)
Event 7: >5% quadrature weight outside P_det grid — numerator=0.000, denominator=0.061 (repeats for this event suppressed)
Event 7: >5% quadrature weight outside P_det grid — numerator=0.000, denominator=0.064 (repeats for this event suppressed)
Event 7: >5% quadrature weight outside P_det grid — numerator=0.000, denominator=0.081 (repeats for this event suppressed)
Event 7: >5% quadrature weight outside P_det grid — numerator=0.000, denominator=0.054 (repeats for this event suppressed)
Event 7: >5% quadrature weight outside P_det grid — numerator=0.000, denominator=0.056 (repeats for this event suppressed)
Event 7: >5% quadrature weight outside P_det grid — numerator=0.000, denominator=0.061 (repeats for this event suppressed)
Event 7: >5% quadrature weight outside P_det grid — numerator=0.000, denominator=0.063 (repeats for this event suppressed)
Event 7: >5% quadrature weight outside P_det grid — numerator=0.000, denominator=0.069 (repeats for this event suppressed)
Event 7: >5% quadrature weight outside P_det grid — numerator=0.000, denominator=0.065 (repeats for this event suppressed)
Event 7: >5% quadrature weight outside P_det grid — numerator=0.000, denominator=0.063 (repeats for this event suppressed)
Event 7: >5% quadrature weight outside P_det grid — numerator=0.000, denominator=0.067 (repeats for this event suppressed)
Event 7: >5% quadrature weight outside P_det grid — numerator=0.000, denominator=0.055 (repeats for this event suppressed)
Event 10: >5% quadrature weight outside P_det grid — numerator=0.000, denominator=0.068 (repeats for this event suppressed)
Event 10: >5% quadrature weight outside P_det grid — numerator=0.000, denominator=0.058 (repeats for this event suppressed)
Event 10: >5% quadrature weight outside P_det grid — numerator=0.000, denominator=0.051 (repeats for this event suppressed)
Event 10: >5% quadrature weight outside P_det grid — numerator=0.000, denominator=0.054 (repeats for this event suppressed)
Event 10: >5% quadrature weight outside P_det grid — numerator=0.000, denominator=0.078 (repeats for this event suppressed)
Event 10: >5% quadrature weight outside P_det grid — numerator=0.000, denominator=0.052 (repeats for this event suppressed)
Event 10: >5% quadrature weight outside P_det grid — numerator=0.000, denominator=0.085 (repeats for this event suppressed)
Event 10: >5% quadrature weight outside P_det grid — numerator=0.000, denominator=0.053 (repeats for this event suppressed)
Event 10: >5% quadrature weight outside P_det grid — numerator=0.000, denominator=0.055 (repeats for this event suppressed)
Event 10: >5% quadrature weight outside P_det grid — numerator=0.000, denominator=0.063 (repeats for this event suppressed)
Event 10: >5% quadrature weight outside P_det grid — numerator=0.000, denominator=0.080 (repeats for this event suppressed)
Event 10: >5% quadrature weight outside P_det grid — numerator=0.000, denominator=0.056 (repeats for this event suppressed)
Event 10: >5% quadrature weight outside P_det grid — numerator=0.000, denominator=0.064 (repeats for this event suppressed)
Event 10: >5% quadrature weight outside P_det grid — numerator=0.000, denominator=0.057 (repeats for this event suppressed)
Event 13: >5% quadrature weight outside P_det grid — numerator=0.000, denominator=0.057 (repeats for this event suppressed)
Event 14: >5% quadrature weight outside P_det grid — numerator=0.000, denominator=0.053 (repeats for this event suppressed)
Event 14: >5% quadrature weight outside P_det grid — numerator=0.000, denominator=0.053 (repeats for this event suppressed)
Event 14: >5% quadrature weight outside P_det grid — numerator=0.000, denominator=0.080 (repeats for this event suppressed)
Event 14: >5% quadrature weight outside P_det grid — numerator=0.000, denominator=0.098 (repeats for this event suppressed)
Event 14: >5% quadrature weight outside P_det grid — numerator=0.000, denominator=0.058 (repeats for this event suppressed)
Event 14: >5% quadrature weight outside P_det grid — numerator=0.000, denominator=0.060 (repeats for this event suppressed)
Event 14: >5% quadrature weight outside P_det grid — numerator=0.000, denominator=0.062 (repeats for this event suppressed)
Event 14: >5% quadrature weight outside P_det grid — numerator=0.000, denominator=0.056 (repeats for this event suppressed)
Event 14: >5% quadrature weight outside P_det grid — numerator=0.000, denominator=0.052 (repeats for this event suppressed)
Event 14: >5% quadrature weight outside P_det grid — numerator=0.000, denominator=0.072 (repeats for this event suppressed)
Event 14: >5% quadrature weight outside P_det grid — numerator=0.000, denominator=0.069 (repeats for this event suppressed)
Event 14: >5% quadrature weight outside P_det grid — numerator=0.000, denominator=0.068 (repeats for this event suppressed)
Event 14: >5% quadrature weight outside P_det grid — numerator=0.000, denominator=0.057 (repeats for this event suppressed)
Event 14: >5% quadrature weight outside P_det grid — numerator=0.000, denominator=0.064 (repeats for this event suppressed)
Event 15: >5% quadrature weight outside P_det grid — numerator=0.000, denominator=0.061 (repeats for this event suppressed)
Event 15: >5% quadrature weight outside P_det grid — numerator=0.000, denominator=0.093 (repeats for this event suppressed)
Event 15: >5% quadrature weight outside P_det grid — numerator=0.000, denominator=0.061 (repeats for this event suppressed)
Event 15: >5% quadrature weight outside P_det grid — numerator=0.000, denominator=0.083 (repeats for this event suppressed)
Event 15: >5% quadrature weight outside P_det grid — numerator=0.000, denominator=0.062 (repeats for this event suppressed)
Event 15: >5% quadrature weight outside P_det grid — numerator=0.000, denominator=0.068 (repeats for this event suppressed)
Event 15: >5% quadrature weight outside P_det grid — numerator=0.000, denominator=0.078 (repeats for this event suppressed)
Event 15: >5% quadrature weight outside P_det grid — numerator=0.000, denominator=0.091 (repeats for this event suppressed)
Event 15: >5% quadrature weight outside P_det grid — numerator=0.000, denominator=0.068 (repeats for this event suppressed)
Event 15: >5% quadrature weight outside P_det grid — numerator=0.000, denominator=0.076 (repeats for this event suppressed)
Event 15: >5% quadrature weight outside P_det grid — numerator=0.000, denominator=0.065 (repeats for this event suppressed)
Event 15: >5% quadrature weight outside P_det grid — numerator=0.000, denominator=0.067 (repeats for this event suppressed)
Event 15: >5% quadrature weight outside P_det grid — numerator=0.000, denominator=0.065 (repeats for this event suppressed)
Event 15: >5% quadrature weight outside P_det grid — numerator=0.000, denominator=0.109 (repeats for this event suppressed)
Event 16: >5% quadrature weight outside P_det grid — numerator=0.000, denominator=0.055 (repeats for this event suppressed)
Event 16: >5% quadrature weight outside P_det grid — numerator=0.000, denominator=0.062 (repeats for this event suppressed)
Event 16: >5% quadrature weight outside P_det grid — numerator=0.000, denominator=0.058 (repeats for this event suppressed)
Event 16: >5% quadrature weight outside P_det grid — numerator=0.000, denominator=0.050 (repeats for this event suppressed)
Event 20: >5% quadrature weight outside P_det grid — numerator=0.000, denominator=0.060 (repeats for this event suppressed)
Event 20: >5% quadrature weight outside P_det grid — numerator=0.000, denominator=0.075 (repeats for this event suppressed)
Event 20: >5% quadrature weight outside P_det grid — numerator=0.000, denominator=0.062 (repeats for this event suppressed)
Event 20: >5% quadrature weight outside P_det grid — numerator=0.000, denominator=0.072 (repeats for this event suppressed)
Event 20: >5% quadrature weight outside P_det grid — numerator=0.000, denominator=0.060 (repeats for this event suppressed)
Event 20: >5% quadrature weight outside P_det grid — numerator=0.000, denominator=0.052 (repeats for this event suppressed)
Event 20: >5% quadrature weight outside P_det grid — numerator=0.000, denominator=0.063 (repeats for this event suppressed)
Event 20: >5% quadrature weight outside P_det grid — numerator=0.000, denominator=0.056 (repeats for this event suppressed)
Event 20: >5% quadrature weight outside P_det grid — numerator=0.000, denominator=0.059 (repeats for this event suppressed)
Event 20: >5% quadrature weight outside P_det grid — numerator=0.000, denominator=0.067 (repeats for this event suppressed)
Event 20: >5% quadrature weight outside P_det grid — numerator=0.000, denominator=0.053 (repeats for this event suppressed)
Event 20: >5% quadrature weight outside P_det grid — numerator=0.000, denominator=0.051 (repeats for this event suppressed)
Event 20: >5% quadrature weight outside P_det grid — numerator=0.000, denominator=0.060 (repeats for this event suppressed)
Event 20: >5% quadrature weight outside P_det grid — numerator=0.000, denominator=0.052 (repeats for this event suppressed)
Event 22: >5% quadrature weight outside P_det grid — numerator=0.000, denominator=0.062 (repeats for this event suppressed)
Event 22: >5% quadrature weight outside P_det grid — numerator=0.000, denominator=0.102 (repeats for this event suppressed)
Event 22: >5% quadrature weight outside P_det grid — numerator=0.000, denominator=0.061 (repeats for this event suppressed)
Event 22: >5% quadrature weight outside P_det grid — numerator=0.000, denominator=0.058 (repeats for this event suppressed)
Event 22: >5% quadrature weight outside P_det grid — numerator=0.000, denominator=0.081 (repeats for this event suppressed)
Event 22: >5% quadrature weight outside P_det grid — numerator=0.000, denominator=0.053 (repeats for this event suppressed)
Event 22: >5% quadrature weight outside P_det grid — numerator=0.000, denominator=0.071 (repeats for this event suppressed)
Event 22: >5% quadrature weight outside P_det grid — numerator=0.000, denominator=0.075 (repeats for this event suppressed)
Event 22: >5% quadrature weight outside P_det grid — numerator=0.000, denominator=0.074 (repeats for this event suppressed)
Event 22: >5% quadrature weight outside P_det grid — numerator=0.000, denominator=0.060 (repeats for this event suppressed)
Event 22: >5% quadrature weight outside P_det grid — numerator=0.000, denominator=0.062 (repeats for this event suppressed)
Event 22: >5% quadrature weight outside P_det grid — numerator=0.000, denominator=0.074 (repeats for this event suppressed)
Event 22: >5% quadrature weight outside P_det grid — numerator=0.000, denominator=0.063 (repeats for this event suppressed)
Event 22: >5% quadrature weight outside P_det grid — numerator=0.000, denominator=0.054 (repeats for this event suppressed)
Detection 22: fused completion mass factor zero at 50/50 quadrature nodes (0 beyond the detection horizon, S_4D=0; 50 off the phi support).
Event 26: >5% quadrature weight outside P_det grid — numerator=0.000, denominator=0.052 (repeats for this event suppressed)
Event 26: >5% quadrature weight outside P_det grid — numerator=0.000, denominator=0.054 (repeats for this event suppressed)
Event 26: >5% quadrature weight outside P_det grid — numerator=0.000, denominator=0.053 (repeats for this event suppressed)
Event 26: >5% quadrature weight outside P_det grid — numerator=0.000, denominator=0.054 (repeats for this event suppressed)
Event 26: >5% quadrature weight outside P_det grid — numerator=0.000, denominator=0.064 (repeats for this event suppressed)
Event 26: >5% quadrature weight outside P_det grid — numerator=0.000, denominator=0.059 (repeats for this event suppressed)
Event 26: >5% quadrature weight outside P_det grid — numerator=0.000, denominator=0.077 (repeats for this event suppressed)
Event 26: >5% quadrature weight outside P_det grid — numerator=0.000, denominator=0.055 (repeats for this event suppressed)
Event 26: >5% quadrature weight outside P_det grid — numerator=0.000, denominator=0.062 (repeats for this event suppressed)
Event 26: >5% quadrature weight outside P_det grid — numerator=0.000, denominator=0.054 (repeats for this event suppressed)
Event 26: >5% quadrature weight outside P_det grid — numerator=0.000, denominator=0.054 (repeats for this event suppressed)
Event 26: >5% quadrature weight outside P_det grid — numerator=0.000, denominator=0.055 (repeats for this event suppressed)
Event 26: >5% quadrature weight outside P_det grid — numerator=0.000, denominator=0.057 (repeats for this event suppressed)
Event 26: >5% quadrature weight outside P_det grid — numerator=0.000, denominator=0.071 (repeats for this event suppressed)
Event 28: >5% quadrature weight outside P_det grid — numerator=0.000, denominator=0.070 (repeats for this event suppressed)
Event 28: >5% quadrature weight outside P_det grid — numerator=0.000, denominator=0.069 (repeats for this event suppressed)
Event 28: >5% quadrature weight outside P_det grid — numerator=0.000, denominator=0.093 (repeats for this event suppressed)
Event 28: >5% quadrature weight outside P_det grid — numerator=0.000, denominator=0.051 (repeats for this event suppressed)
Event 28: >5% quadrature weight outside P_det grid — numerator=0.000, denominator=0.054 (repeats for this event suppressed)
Event 28: >5% quadrature weight outside P_det grid — numerator=0.000, denominator=0.056 (repeats for this event suppressed)
Event 28: >5% quadrature weight outside P_det grid — numerator=0.000, denominator=0.066 (repeats for this event suppressed)
Event 28: >5% quadrature weight outside P_det grid — numerator=0.000, denominator=0.062 (repeats for this event suppressed)
Event 28: >5% quadrature weight outside P_det grid — numerator=0.000, denominator=0.078 (repeats for this event suppressed)
Event 28: >5% quadrature weight outside P_det grid — numerator=0.000, denominator=0.056 (repeats for this event suppressed)
Event 28: >5% quadrature weight outside P_det grid — numerator=0.000, denominator=0.061 (repeats for this event suppressed)
Event 28: >5% quadrature weight outside P_det grid — numerator=0.000, denominator=0.056 (repeats for this event suppressed)
Event 28: >5% quadrature weight outside P_det grid — numerator=0.000, denominator=0.055 (repeats for this event suppressed)
Event 28: >5% quadrature weight outside P_det grid — numerator=0.000, denominator=0.071 (repeats for this event suppressed)
Event 31: >5% quadrature weight outside P_det grid — numerator=0.000, denominator=0.060 (repeats for this event suppressed)
Event 31: >5% quadrature weight outside P_det grid — numerator=0.000, denominator=0.056 (repeats for this event suppressed)
Event 31: >5% quadrature weight outside P_det grid — numerator=0.000, denominator=0.055 (repeats for this event suppressed)
Event 31: >5% quadrature weight outside P_det grid — numerator=0.000, denominator=0.054 (repeats for this event suppressed)
Event 31: >5% quadrature weight outside P_det grid — numerator=0.000, denominator=0.053 (repeats for this event suppressed)
Event 31: >5% quadrature weight outside P_det grid — numerator=0.000, denominator=0.064 (repeats for this event suppressed)
Event 31: >5% quadrature weight outside P_det grid — numerator=0.000, denominator=0.072 (repeats for this event suppressed)
Event 31: >5% quadrature weight outside P_det grid — numerator=0.000, denominator=0.053 (repeats for this event suppressed)
Event 31: >5% quadrature weight outside P_det grid — numerator=0.000, denominator=0.057 (repeats for this event suppressed)
Event 31: >5% quadrature weight outside P_det grid — numerator=0.000, denominator=0.052 (repeats for this event suppressed)
Event 31: >5% quadrature weight outside P_det grid — numerator=0.000, denominator=0.057 (repeats for this event suppressed)
Event 31: >5% quadrature weight outside P_det grid — numerator=0.000, denominator=0.085 (repeats for this event suppressed)
Event 31: >5% quadrature weight outside P_det grid — numerator=0.000, denominator=0.055 (repeats for this event suppressed)
Event 31: >5% quadrature weight outside P_det grid — numerator=0.000, denominator=0.060 (repeats for this event suppressed)
Event 32: >5% quadrature weight outside P_det grid — numerator=0.000, denominator=0.078 (repeats for this event suppressed)
Event 32: >5% quadrature weight outside P_det grid — numerator=0.000, denominator=0.056 (repeats for this event suppressed)
Event 32: >5% quadrature weight outside P_det grid — numerator=0.000, denominator=0.077 (repeats for this event suppressed)
Event 32: >5% quadrature weight outside P_det grid — numerator=0.000, denominator=0.058 (repeats for this event suppressed)
Event 32: >5% quadrature weight outside P_det grid — numerator=0.000, denominator=0.053 (repeats for this event suppressed)
Event 32: >5% quadrature weight outside P_det grid — numerator=0.000, denominator=0.061 (repeats for this event suppressed)
Event 32: >5% quadrature weight outside P_det grid — numerator=0.000, denominator=0.061 (repeats for this event suppressed)
Event 32: >5% quadrature weight outside P_det grid — numerator=0.000, denominator=0.069 (repeats for this event suppressed)
Event 32: >5% quadrature weight outside P_det grid — numerator=0.000, denominator=0.060 (repeats for this event suppressed)
Event 32: >5% quadrature weight outside P_det grid — numerator=0.000, denominator=0.063 (repeats for this event suppressed)
Event 32: >5% quadrature weight outside P_det grid — numerator=0.000, denominator=0.070 (repeats for this event suppressed)
Event 32: >5% quadrature weight outside P_det grid — numerator=0.000, denominator=0.070 (repeats for this event suppressed)
Event 32: >5% quadrature weight outside P_det grid — numerator=0.000, denominator=0.055 (repeats for this event suppressed)
Event 32: >5% quadrature weight outside P_det grid — numerator=0.000, denominator=0.072 (repeats for this event suppressed)
Event 36: >5% quadrature weight outside P_det grid — numerator=0.000, denominator=0.072 (repeats for this event suppressed)
Event 36: >5% quadrature weight outside P_det grid — numerator=0.000, denominator=0.052 (repeats for this event suppressed)
Event 36: >5% quadrature weight outside P_det grid — numerator=0.000, denominator=0.065 (repeats for this event suppressed)
Event 36: >5% quadrature weight outside P_det grid — numerator=0.000, denominator=0.053 (repeats for this event suppressed)
Event 36: >5% quadrature weight outside P_det grid — numerator=0.000, denominator=0.052 (repeats for this event suppressed)
Event 36: >5% quadrature weight outside P_det grid — numerator=0.000, denominator=0.055 (repeats for this event suppressed)
Event 36: >5% quadrature weight outside P_det grid — numerator=0.000, denominator=0.067 (repeats for this event suppressed)
Event 36: >5% quadrature weight outside P_det grid — numerator=0.000, denominator=0.058 (repeats for this event suppressed)
Event 36: >5% quadrature weight outside P_det grid — numerator=0.000, denominator=0.057 (repeats for this event suppressed)
Event 36: >5% quadrature weight outside P_det grid — numerator=0.000, denominator=0.061 (repeats for this event suppressed)
Event 36: >5% quadrature weight outside P_det grid — numerator=0.000, denominator=0.057 (repeats for this event suppressed)
Event 36: >5% quadrature weight outside P_det grid — numerator=0.000, denominator=0.055 (repeats for this event suppressed)
Event 36: >5% quadrature weight outside P_det grid — numerator=0.000, denominator=0.066 (repeats for this event suppressed)
Event 36: >5% quadrature weight outside P_det grid — numerator=0.000, denominator=0.053 (repeats for this event suppressed)
Event 37: >5% quadrature weight outside P_det grid — numerator=0.000, denominator=0.063 (repeats for this event suppressed)
Event 37: >5% quadrature weight outside P_det grid — numerator=0.000, denominator=0.054 (repeats for this event suppressed)
Event 37: >5% quadrature weight outside P_det grid — numerator=0.000, denominator=0.052 (repeats for this event suppressed)
Event 37: >5% quadrature weight outside P_det grid — numerator=0.000, denominator=0.069 (repeats for this event suppressed)
Event 37: >5% quadrature weight outside P_det grid — numerator=0.000, denominator=0.058 (repeats for this event suppressed)
Event 37: >5% quadrature weight outside P_det grid — numerator=0.000, denominator=0.058 (repeats for this event suppressed)
Event 37: >5% quadrature weight outside P_det grid — numerator=0.000, denominator=0.054 (repeats for this event suppressed)
Event 37: >5% quadrature weight outside P_det grid — numerator=0.000, denominator=0.053 (repeats for this event suppressed)
Event 37: >5% quadrature weight outside P_det grid — numerator=0.000, denominator=0.062 (repeats for this event suppressed)
Event 37: >5% quadrature weight outside P_det grid — numerator=0.000, denominator=0.053 (repeats for this event suppressed)
Event 37: >5% quadrature weight outside P_det grid — numerator=0.000, denominator=0.055 (repeats for this event suppressed)
Event 37: >5% quadrature weight outside P_det grid — numerator=0.000, denominator=0.068 (repeats for this event suppressed)
Event 37: >5% quadrature weight outside P_det grid — numerator=0.000, denominator=0.062 (repeats for this event suppressed)
Event 37: >5% quadrature weight outside P_det grid — numerator=0.000, denominator=0.055 (repeats for this event suppressed)
Event 38: >5% quadrature weight outside P_det grid — numerator=0.000, denominator=0.064 (repeats for this event suppressed)
Event 38: >5% quadrature weight outside P_det grid — numerator=0.000, denominator=0.060 (repeats for this event suppressed)
Event 38: >5% quadrature weight outside P_det grid — numerator=0.000, denominator=0.066 (repeats for this event suppressed)
Event 38: >5% quadrature weight outside P_det grid — numerator=0.000, denominator=0.066 (repeats for this event suppressed)
Event 38: >5% quadrature weight outside P_det grid — numerator=0.000, denominator=0.051 (repeats for this event suppressed)
Event 38: >5% quadrature weight outside P_det grid — numerator=0.000, denominator=0.056 (repeats for this event suppressed)
Event 38: >5% quadrature weight outside P_det grid — numerator=0.000, denominator=0.054 (repeats for this event suppressed)
Event 38: >5% quadrature weight outside P_det grid — numerator=0.000, denominator=0.050 (repeats for this event suppressed)
Event 38: >5% quadrature weight outside P_det grid — numerator=0.000, denominator=0.056 (repeats for this event suppressed)
Event 38: >5% quadrature weight outside P_det grid — numerator=0.000, denominator=0.056 (repeats for this event suppressed)
Event 38: >5% quadrature weight outside P_det grid — numerator=0.000, denominator=0.051 (repeats for this event suppressed)
Event 38: >5% quadrature weight outside P_det grid — numerator=0.000, denominator=0.054 (repeats for this event suppressed)
Event 38: >5% quadrature weight outside P_det grid — numerator=0.000, denominator=0.061 (repeats for this event suppressed)
Event 38: >5% quadrature weight outside P_det grid — numerator=0.000, denominator=0.069 (repeats for this event suppressed)
Event 39: >5% quadrature weight outside P_det grid — numerator=0.000, denominator=0.050 (repeats for this event suppressed)
Event 39: >5% quadrature weight outside P_det grid — numerator=0.000, denominator=0.058 (repeats for this event suppressed)
Event 39: >5% quadrature weight outside P_det grid — numerator=0.000, denominator=0.068 (repeats for this event suppressed)
Event 39: >5% quadrature weight outside P_det grid — numerator=0.000, denominator=0.071 (repeats for this event suppressed)
Event 39: >5% quadrature weight outside P_det grid — numerator=0.000, denominator=0.057 (repeats for this event suppressed)
Detection 39: fused completion mass factor zero at 50/50 quadrature nodes (0 beyond the detection horizon, S_4D=0; 50 off the phi support).
Event 41: >5% quadrature weight outside P_det grid — numerator=0.000, denominator=0.056 (repeats for this event suppressed)
Event 41: >5% quadrature weight outside P_det grid — numerator=0.000, denominator=0.065 (repeats for this event suppressed)
Event 41: >5% quadrature weight outside P_det grid — numerator=0.000, denominator=0.054 (repeats for this event suppressed)
Event 41: >5% quadrature weight outside P_det grid — numerator=0.000, denominator=0.065 (repeats for this event suppressed)
Event 41: >5% quadrature weight outside P_det grid — numerator=0.000, denominator=0.055 (repeats for this event suppressed)
Event 41: >5% quadrature weight outside P_det grid — numerator=0.000, denominator=0.050 (repeats for this event suppressed)
Event 41: >5% quadrature weight outside P_det grid — numerator=0.000, denominator=0.057 (repeats for this event suppressed)
Event 41: >5% quadrature weight outside P_det grid — numerator=0.000, denominator=0.076 (repeats for this event suppressed)
Event 41: >5% quadrature weight outside P_det grid — numerator=0.000, denominator=0.059 (repeats for this event suppressed)
Event 41: >5% quadrature weight outside P_det grid — numerator=0.000, denominator=0.051 (repeats for this event suppressed)
Event 41: >5% quadrature weight outside P_det grid — numerator=0.000, denominator=0.066 (repeats for this event suppressed)
Event 41: >5% quadrature weight outside P_det grid — numerator=0.000, denominator=0.057 (repeats for this event suppressed)
Event 41: >5% quadrature weight outside P_det grid — numerator=0.000, denominator=0.065 (repeats for this event suppressed)
Event 41: >5% quadrature weight outside P_det grid — numerator=0.000, denominator=0.056 (repeats for this event suppressed)
Event 42: >5% quadrature weight outside P_det grid — numerator=0.000, denominator=0.057 (repeats for this event suppressed)
Event 42: >5% quadrature weight outside P_det grid — numerator=0.000, denominator=0.060 (repeats for this event suppressed)
Event 42: >5% quadrature weight outside P_det grid — numerator=0.000, denominator=0.068 (repeats for this event suppressed)
Event 42: >5% quadrature weight outside P_det grid — numerator=0.000, denominator=0.052 (repeats for this event suppressed)
Event 42: >5% quadrature weight outside P_det grid — numerator=0.000, denominator=0.055 (repeats for this event suppressed)
Event 42: >5% quadrature weight outside P_det grid — numerator=0.000, denominator=0.060 (repeats for this event suppressed)
Event 42: >5% quadrature weight outside P_det grid — numerator=0.000, denominator=0.055 (repeats for this event suppressed)
Event 43: >5% quadrature weight outside P_det grid — numerator=0.000, denominator=0.069 (repeats for this event suppressed)
Event 43: >5% quadrature weight outside P_det grid — numerator=0.000, denominator=0.055 (repeats for this event suppressed)
Detection 43: fused completion mass factor zero at 50/50 quadrature nodes (0 beyond the detection horizon, S_4D=0; 50 off the phi support).
Event 44: >5% quadrature weight outside P_det grid — numerator=0.000, denominator=0.062 (repeats for this event suppressed)
Event 44: >5% quadrature weight outside P_det grid — numerator=0.000, denominator=0.063 (repeats for this event suppressed)
Event 44: >5% quadrature weight outside P_det grid — numerator=0.000, denominator=0.052 (repeats for this event suppressed)
Event 44: >5% quadrature weight outside P_det grid — numerator=0.000, denominator=0.058 (repeats for this event suppressed)
Event 44: >5% quadrature weight outside P_det grid — numerator=0.000, denominator=0.071 (repeats for this event suppressed)
Event 44: >5% quadrature weight outside P_det grid — numerator=0.000, denominator=0.064 (repeats for this event suppressed)
Event 44: >5% quadrature weight outside P_det grid — numerator=0.000, denominator=0.064 (repeats for this event suppressed)
Event 44: >5% quadrature weight outside P_det grid — numerator=0.000, denominator=0.066 (repeats for this event suppressed)
Event 44: >5% quadrature weight outside P_det grid — numerator=0.000, denominator=0.052 (repeats for this event suppressed)
Event 44: >5% quadrature weight outside P_det grid — numerator=0.000, denominator=0.072 (repeats for this event suppressed)
Event 44: >5% quadrature weight outside P_det grid — numerator=0.000, denominator=0.064 (repeats for this event suppressed)
Event 44: >5% quadrature weight outside P_det grid — numerator=0.000, denominator=0.073 (repeats for this event suppressed)
Event 44: >5% quadrature weight outside P_det grid — numerator=0.000, denominator=0.056 (repeats for this event suppressed)
Event 44: >5% quadrature weight outside P_det grid — numerator=0.000, denominator=0.051 (repeats for this event suppressed)
Detection 44: fused completion mass factor zero at 50/50 quadrature nodes (0 beyond the detection horizon, S_4D=0; 50 off the phi support).
Event 46: >5% quadrature weight outside P_det grid — numerator=0.000, denominator=0.050 (repeats for this event suppressed)
Event 46: >5% quadrature weight outside P_det grid — numerator=0.000, denominator=0.069 (repeats for this event suppressed)
Event 46: >5% quadrature weight outside P_det grid — numerator=0.000, denominator=0.056 (repeats for this event suppressed)
Event 46: >5% quadrature weight outside P_det grid — numerator=0.000, denominator=0.060 (repeats for this event suppressed)
Event 46: >5% quadrature weight outside P_det grid — numerator=0.000, denominator=0.074 (repeats for this event suppressed)
Event 46: >5% quadrature weight outside P_det grid — numerator=0.000, denominator=0.068 (repeats for this event suppressed)
Event 46: >5% quadrature weight outside P_det grid — numerator=0.000, denominator=0.055 (repeats for this event suppressed)
Event 46: >5% quadrature weight outside P_det grid — numerator=0.000, denominator=0.069 (repeats for this event suppressed)
Event 46: >5% quadrature weight outside P_det grid — numerator=0.000, denominator=0.050 (repeats for this event suppressed)
Event 46: >5% quadrature weight outside P_det grid — numerator=0.000, denominator=0.074 (repeats for this event suppressed)
Event 46: >5% quadrature weight outside P_det grid — numerator=0.000, denominator=0.054 (repeats for this event suppressed)
Event 46: >5% quadrature weight outside P_det grid — numerator=0.000, denominator=0.118 (repeats for this event suppressed)
Event 46: >5% quadrature weight outside P_det grid — numerator=0.000, denominator=0.056 (repeats for this event suppressed)
Event 46: >5% quadrature weight outside P_det grid — numerator=0.000, denominator=0.075 (repeats for this event suppressed)
Event 47: >5% quadrature weight outside P_det grid — numerator=0.000, denominator=0.078 (repeats for this event suppressed)
Event 47: >5% quadrature weight outside P_det grid — numerator=0.000, denominator=0.076 (repeats for this event suppressed)
Event 47: >5% quadrature weight outside P_det grid — numerator=0.000, denominator=0.055 (repeats for this event suppressed)
Event 47: >5% quadrature weight outside P_det grid — numerator=0.000, denominator=0.051 (repeats for this event suppressed)
Event 47: >5% quadrature weight outside P_det grid — numerator=0.000, denominator=0.071 (repeats for this event suppressed)
Event 47: >5% quadrature weight outside P_det grid — numerator=0.000, denominator=0.053 (repeats for this event suppressed)
Event 47: >5% quadrature weight outside P_det grid — numerator=0.000, denominator=0.065 (repeats for this event suppressed)
Event 47: >5% quadrature weight outside P_det grid — numerator=0.000, denominator=0.088 (repeats for this event suppressed)
Event 47: >5% quadrature weight outside P_det grid — numerator=0.000, denominator=0.064 (repeats for this event suppressed)
Event 47: >5% quadrature weight outside P_det grid — numerator=0.000, denominator=0.058 (repeats for this event suppressed)
Event 47: >5% quadrature weight outside P_det grid — numerator=0.000, denominator=0.059 (repeats for this event suppressed)
Event 47: >5% quadrature weight outside P_det grid — numerator=0.000, denominator=0.050 (repeats for this event suppressed)
Event 47: >5% quadrature weight outside P_det grid — numerator=0.000, denominator=0.056 (repeats for this event suppressed)
Event 47: >5% quadrature weight outside P_det grid — numerator=0.000, denominator=0.073 (repeats for this event suppressed)
Event 48: >5% quadrature weight outside P_det grid — numerator=0.000, denominator=0.071 (repeats for this event suppressed)
Event 48: >5% quadrature weight outside P_det grid — numerator=0.000, denominator=0.077 (repeats for this event suppressed)
Event 48: >5% quadrature weight outside P_det grid — numerator=0.000, denominator=0.067 (repeats for this event suppressed)
Event 48: >5% quadrature weight outside P_det grid — numerator=0.000, denominator=0.062 (repeats for this event suppressed)
Event 48: >5% quadrature weight outside P_det grid — numerator=0.000, denominator=0.098 (repeats for this event suppressed)
Event 48: >5% quadrature weight outside P_det grid — numerator=0.000, denominator=0.060 (repeats for this event suppressed)
Event 48: >5% quadrature weight outside P_det grid — numerator=0.000, denominator=0.059 (repeats for this event suppressed)
Event 48: >5% quadrature weight outside P_det grid — numerator=0.000, denominator=0.070 (repeats for this event suppressed)
Event 48: >5% quadrature weight outside P_det grid — numerator=0.000, denominator=0.068 (repeats for this event suppressed)
Event 48: >5% quadrature weight outside P_det grid — numerator=0.000, denominator=0.153 (repeats for this event suppressed)
Event 48: >5% quadrature weight outside P_det grid — numerator=0.000, denominator=0.064 (repeats for this event suppressed)
Event 48: >5% quadrature weight outside P_det grid — numerator=0.000, denominator=0.062 (repeats for this event suppressed)
Event 48: >5% quadrature weight outside P_det grid — numerator=0.000, denominator=0.071 (repeats for this event suppressed)
Event 48: >5% quadrature weight outside P_det grid — numerator=0.000, denominator=0.076 (repeats for this event suppressed)
Event 50: >5% quadrature weight outside P_det grid — numerator=0.000, denominator=0.051 (repeats for this event suppressed)
Event 50: >5% quadrature weight outside P_det grid — numerator=0.000, denominator=0.053 (repeats for this event suppressed)
Event 50: >5% quadrature weight outside P_det grid — numerator=0.000, denominator=0.051 (repeats for this event suppressed)
Event 50: >5% quadrature weight outside P_det grid — numerator=0.000, denominator=0.052 (repeats for this event suppressed)
Event 50: >5% quadrature weight outside P_det grid — numerator=0.000, denominator=0.051 (repeats for this event suppressed)
Event 50: >5% quadrature weight outside P_det grid — numerator=0.000, denominator=0.051 (repeats for this event suppressed)
No possible hosts. Returning None.
Detection 51: no catalogue hosts in the localization volume — pure-completion fallback p_i = B_num/D (issue #29)
Detection 51: no catalog results found
Event 54: >5% quadrature weight outside P_det grid — numerator=0.000, denominator=0.091 (repeats for this event suppressed)
Event 54: >5% quadrature weight outside P_det grid — numerator=0.000, denominator=0.055 (repeats for this event suppressed)
Event 54: >5% quadrature weight outside P_det grid — numerator=0.000, denominator=0.077 (repeats for this event suppressed)
Event 54: >5% quadrature weight outside P_det grid — numerator=0.000, denominator=0.077 (repeats for this event suppressed)
Event 54: >5% quadrature weight outside P_det grid — numerator=0.000, denominator=0.055 (repeats for this event suppressed)
Event 54: >5% quadrature weight outside P_det grid — numerator=0.000, denominator=0.068 (repeats for this event suppressed)
Event 54: >5% quadrature weight outside P_det grid — numerator=0.000, denominator=0.082 (repeats for this event suppressed)
Event 54: >5% quadrature weight outside P_det grid — numerator=0.000, denominator=0.067 (repeats for this event suppressed)
Event 54: >5% quadrature weight outside P_det grid — numerator=0.000, denominator=0.144 (repeats for this event suppressed)
Event 54: >5% quadrature weight outside P_det grid — numerator=0.000, denominator=0.057 (repeats for this event suppressed)
Event 54: >5% quadrature weight outside P_det grid — numerator=0.000, denominator=0.055 (repeats for this event suppressed)
Event 54: >5% quadrature weight outside P_det grid — numerator=0.000, denominator=0.061 (repeats for this event suppressed)
Event 54: >5% quadrature weight outside P_det grid — numerator=0.000, denominator=0.067 (repeats for this event suppressed)
Event 54: >5% quadrature weight outside P_det grid — numerator=0.000, denominator=0.055 (repeats for this event suppressed)
Event 56: >5% quadrature weight outside P_det grid — numerator=0.000, denominator=0.065 (repeats for this event suppressed)
Event 56: >5% quadrature weight outside P_det grid — numerator=0.000, denominator=0.082 (repeats for this event suppressed)
Event 56: >5% quadrature weight outside P_det grid — numerator=0.000, denominator=0.080 (repeats for this event suppressed)
Event 56: >5% quadrature weight outside P_det grid — numerator=0.000, denominator=0.061 (repeats for this event suppressed)
Event 56: >5% quadrature weight outside P_det grid — numerator=0.000, denominator=0.063 (repeats for this event suppressed)
Event 56: >5% quadrature weight outside P_det grid — numerator=0.000, denominator=0.064 (repeats for this event suppressed)
Event 56: >5% quadrature weight outside P_det grid — numerator=0.000, denominator=0.061 (repeats for this event suppressed)
Event 56: >5% quadrature weight outside P_det grid — numerator=0.000, denominator=0.057 (repeats for this event suppressed)
Event 56: >5% quadrature weight outside P_det grid — numerator=0.000, denominator=0.055 (repeats for this event suppressed)
Event 56: >5% quadrature weight outside P_det grid — numerator=0.000, denominator=0.062 (repeats for this event suppressed)
Event 56: >5% quadrature weight outside P_det grid — numerator=0.000, denominator=0.054 (repeats for this event suppressed)
Event 56: >5% quadrature weight outside P_det grid — numerator=0.000, denominator=0.065 (repeats for this event suppressed)
Event 56: >5% quadrature weight outside P_det grid — numerator=0.000, denominator=0.067 (repeats for this event suppressed)
Event 57: >5% quadrature weight outside P_det grid — numerator=0.000, denominator=0.104 (repeats for this event suppressed)
Event 57: >5% quadrature weight outside P_det grid — numerator=0.000, denominator=0.105 (repeats for this event suppressed)
Event 59: >5% quadrature weight outside P_det grid — numerator=0.000, denominator=0.060 (repeats for this event suppressed)
Event 59: >5% quadrature weight outside P_det grid — numerator=0.000, denominator=0.055 (repeats for this event suppressed)
Event 59: >5% quadrature weight outside P_det grid — numerator=0.000, denominator=0.066 (repeats for this event suppressed)
Event 59: >5% quadrature weight outside P_det grid — numerator=0.000, denominator=0.142 (repeats for this event suppressed)
Event 59: >5% quadrature weight outside P_det grid — numerator=0.000, denominator=0.071 (repeats for this event suppressed)
Event 59: >5% quadrature weight outside P_det grid — numerator=0.000, denominator=0.059 (repeats for this event suppressed)
Event 59: >5% quadrature weight outside P_det grid — numerator=0.000, denominator=0.073 (repeats for this event suppressed)
Event 59: >5% quadrature weight outside P_det grid — numerator=0.000, denominator=0.076 (repeats for this event suppressed)
Event 59: >5% quadrature weight outside P_det grid — numerator=0.000, denominator=0.065 (repeats for this event suppressed)
Event 59: >5% quadrature weight outside P_det grid — numerator=0.000, denominator=0.145 (repeats for this event suppressed)
Event 59: >5% quadrature weight outside P_det grid — numerator=0.000, denominator=0.058 (repeats for this event suppressed)
Event 59: >5% quadrature weight outside P_det grid — numerator=0.000, denominator=0.076 (repeats for this event suppressed)
Event 59: >5% quadrature weight outside P_det grid — numerator=0.000, denominator=0.065 (repeats for this event suppressed)
Event 59: >5% quadrature weight outside P_det grid — numerator=0.000, denominator=0.062 (repeats for this event suppressed)
Event 60: >5% quadrature weight outside P_det grid — numerator=0.000, denominator=0.071 (repeats for this event suppressed)
Event 60: >5% quadrature weight outside P_det grid — numerator=0.000, denominator=0.063 (repeats for this event suppressed)
Event 60: >5% quadrature weight outside P_det grid — numerator=0.000, denominator=0.076 (repeats for this event suppressed)
Event 60: >5% quadrature weight outside P_det grid — numerator=0.000, denominator=0.052 (repeats for this event suppressed)
Event 60: >5% quadrature weight outside P_det grid — numerator=0.000, denominator=0.059 (repeats for this event suppressed)
Event 60: >5% quadrature weight outside P_det grid — numerator=0.000, denominator=0.051 (repeats for this event suppressed)
Event 60: >5% quadrature weight outside P_det grid — numerator=0.000, denominator=0.060 (repeats for this event suppressed)
Event 60: >5% quadrature weight outside P_det grid — numerator=0.000, denominator=0.065 (repeats for this event suppressed)
Event 60: >5% quadrature weight outside P_det grid — numerator=0.000, denominator=0.051 (repeats for this event suppressed)
Event 60: >5% quadrature weight outside P_det grid — numerator=0.000, denominator=0.058 (repeats for this event suppressed)
Event 60: >5% quadrature weight outside P_det grid — numerator=0.000, denominator=0.051 (repeats for this event suppressed)
Event 60: >5% quadrature weight outside P_det grid — numerator=0.000, denominator=0.051 (repeats for this event suppressed)
Event 60: >5% quadrature weight outside P_det grid — numerator=0.000, denominator=0.058 (repeats for this event suppressed)
Event 60: >5% quadrature weight outside P_det grid — numerator=0.000, denominator=0.055 (repeats for this event suppressed)
Detection 60: fused completion mass factor zero at 50/50 quadrature nodes (0 beyond the detection horizon, S_4D=0; 50 off the phi support).
Event 61: >5% quadrature weight outside P_det grid — numerator=0.000, denominator=0.069 (repeats for this event suppressed)
Event 61: >5% quadrature weight outside P_det grid — numerator=0.000, denominator=0.064 (repeats for this event suppressed)
Event 61: >5% quadrature weight outside P_det grid — numerator=0.000, denominator=0.054 (repeats for this event suppressed)
Event 61: >5% quadrature weight outside P_det grid — numerator=0.000, denominator=0.052 (repeats for this event suppressed)
Event 61: >5% quadrature weight outside P_det grid — numerator=0.000, denominator=0.065 (repeats for this event suppressed)
Event 61: >5% quadrature weight outside P_det grid — numerator=0.000, denominator=0.057 (repeats for this event suppressed)
Event 66: >5% quadrature weight outside P_det grid — numerator=0.000, denominator=0.052 (repeats for this event suppressed)
Event 66: >5% quadrature weight outside P_det grid — numerator=0.000, denominator=0.057 (repeats for this event suppressed)
Event 66: >5% quadrature weight outside P_det grid — numerator=0.000, denominator=0.056 (repeats for this event suppressed)
Event 66: >5% quadrature weight outside P_det grid — numerator=0.000, denominator=0.061 (repeats for this event suppressed)
Event 66: >5% quadrature weight outside P_det grid — numerator=0.000, denominator=0.055 (repeats for this event suppressed)
Event 66: >5% quadrature weight outside P_det grid — numerator=0.000, denominator=0.061 (repeats for this event suppressed)
Event 66: >5% quadrature weight outside P_det grid — numerator=0.000, denominator=0.061 (repeats for this event suppressed)
Event 66: >5% quadrature weight outside P_det grid — numerator=0.000, denominator=0.052 (repeats for this event suppressed)
Event 66: >5% quadrature weight outside P_det grid — numerator=0.000, denominator=0.058 (repeats for this event suppressed)
Event 66: >5% quadrature weight outside P_det grid — numerator=0.000, denominator=0.054 (repeats for this event suppressed)
Event 66: >5% quadrature weight outside P_det grid — numerator=0.000, denominator=0.060 (repeats for this event suppressed)
Event 66: >5% quadrature weight outside P_det grid — numerator=0.000, denominator=0.059 (repeats for this event suppressed)
Event 66: >5% quadrature weight outside P_det grid — numerator=0.000, denominator=0.050 (repeats for this event suppressed)
Event 66: >5% quadrature weight outside P_det grid — numerator=0.000, denominator=0.060 (repeats for this event suppressed)
Event 67: >5% quadrature weight outside P_det grid — numerator=0.000, denominator=0.054 (repeats for this event suppressed)
Event 67: >5% quadrature weight outside P_det grid — numerator=0.000, denominator=0.054 (repeats for this event suppressed)
Event 67: >5% quadrature weight outside P_det grid — numerator=0.000, denominator=0.066 (repeats for this event suppressed)
Event 67: >5% quadrature weight outside P_det grid — numerator=0.000, denominator=0.056 (repeats for this event suppressed)
Event 67: >5% quadrature weight outside P_det grid — numerator=0.000, denominator=0.073 (repeats for this event suppressed)
Event 67: >5% quadrature weight outside P_det grid — numerator=0.000, denominator=0.076 (repeats for this event suppressed)
Event 67: >5% quadrature weight outside P_det grid — numerator=0.000, denominator=0.076 (repeats for this event suppressed)
Event 67: >5% quadrature weight outside P_det grid — numerator=0.000, denominator=0.056 (repeats for this event suppressed)
Event 67: >5% quadrature weight outside P_det grid — numerator=0.000, denominator=0.059 (repeats for this event suppressed)
Event 67: >5% quadrature weight outside P_det grid — numerator=0.000, denominator=0.070 (repeats for this event suppressed)
Event 67: >5% quadrature weight outside P_det grid — numerator=0.000, denominator=0.064 (repeats for this event suppressed)
Event 67: >5% quadrature weight outside P_det grid — numerator=0.000, denominator=0.062 (repeats for this event suppressed)
Event 67: >5% quadrature weight outside P_det grid — numerator=0.000, denominator=0.055 (repeats for this event suppressed)
Event 67: >5% quadrature weight outside P_det grid — numerator=0.000, denominator=0.052 (repeats for this event suppressed)
Detection 67: fused completion mass factor zero at 50/50 quadrature nodes (0 beyond the detection horizon, S_4D=0; 50 off the phi support).
Event 69: >5% quadrature weight outside P_det grid — numerator=0.000, denominator=0.085 (repeats for this event suppressed)
Event 69: >5% quadrature weight outside P_det grid — numerator=0.000, denominator=0.089 (repeats for this event suppressed)
Event 69: >5% quadrature weight outside P_det grid — numerator=0.000, denominator=0.057 (repeats for this event suppressed)
Event 69: >5% quadrature weight outside P_det grid — numerator=0.000, denominator=0.074 (repeats for this event suppressed)
Event 69: >5% quadrature weight outside P_det grid — numerator=0.000, denominator=0.055 (repeats for this event suppressed)
Event 69: >5% quadrature weight outside P_det grid — numerator=0.000, denominator=0.064 (repeats for this event suppressed)
Event 69: >5% quadrature weight outside P_det grid — numerator=0.000, denominator=0.085 (repeats for this event suppressed)
Event 69: >5% quadrature weight outside P_det grid — numerator=0.000, denominator=0.090 (repeats for this event suppressed)
Event 69: >5% quadrature weight outside P_det grid — numerator=0.000, denominator=0.071 (repeats for this event suppressed)
Event 69: >5% quadrature weight outside P_det grid — numerator=0.000, denominator=0.059 (repeats for this event suppressed)
Event 69: >5% quadrature weight outside P_det grid — numerator=0.000, denominator=0.067 (repeats for this event suppressed)
Event 69: >5% quadrature weight outside P_det grid — numerator=0.000, denominator=0.059 (repeats for this event suppressed)
Event 69: >5% quadrature weight outside P_det grid — numerator=0.000, denominator=0.076 (repeats for this event suppressed)
Event 69: >5% quadrature weight outside P_det grid — numerator=0.000, denominator=0.067 (repeats for this event suppressed)
Event 71: >5% quadrature weight outside P_det grid — numerator=0.000, denominator=0.056 (repeats for this event suppressed)
Event 71: >5% quadrature weight outside P_det grid — numerator=0.000, denominator=0.057 (repeats for this event suppressed)
Event 71: >5% quadrature weight outside P_det grid — numerator=0.000, denominator=0.072 (repeats for this event suppressed)
Event 71: >5% quadrature weight outside P_det grid — numerator=0.000, denominator=0.054 (repeats for this event suppressed)
Event 71: >5% quadrature weight outside P_det grid — numerator=0.000, denominator=0.054 (repeats for this event suppressed)
Event 71: >5% quadrature weight outside P_det grid — numerator=0.000, denominator=0.060 (repeats for this event suppressed)
Event 71: >5% quadrature weight outside P_det grid — numerator=0.000, denominator=0.065 (repeats for this event suppressed)
Event 71: >5% quadrature weight outside P_det grid — numerator=0.000, denominator=0.067 (repeats for this event suppressed)
Event 71: >5% quadrature weight outside P_det grid — numerator=0.000, denominator=0.072 (repeats for this event suppressed)
Event 71: >5% quadrature weight outside P_det grid — numerator=0.000, denominator=0.052 (repeats for this event suppressed)
Event 71: >5% quadrature weight outside P_det grid — numerator=0.000, denominator=0.053 (repeats for this event suppressed)
Event 71: >5% quadrature weight outside P_det grid — numerator=0.000, denominator=0.054 (repeats for this event suppressed)
Event 71: >5% quadrature weight outside P_det grid — numerator=0.000, denominator=0.052 (repeats for this event suppressed)
Event 71: >5% quadrature weight outside P_det grid — numerator=0.000, denominator=0.052 (repeats for this event suppressed)
Event 73: >5% quadrature weight outside P_det grid — numerator=0.000, denominator=0.062 (repeats for this event suppressed)
Event 73: >5% quadrature weight outside P_det grid — numerator=0.000, denominator=0.053 (repeats for this event suppressed)
Event 73: >5% quadrature weight outside P_det grid — numerator=0.000, denominator=0.064 (repeats for this event suppressed)
Event 73: >5% quadrature weight outside P_det grid — numerator=0.000, denominator=0.059 (repeats for this event suppressed)
Event 73: >5% quadrature weight outside P_det grid — numerator=0.000, denominator=0.050 (repeats for this event suppressed)
Event 73: >5% quadrature weight outside P_det grid — numerator=0.000, denominator=0.075 (repeats for this event suppressed)
Event 74: >5% quadrature weight outside P_det grid — numerator=0.000, denominator=0.057 (repeats for this event suppressed)
Event 74: >5% quadrature weight outside P_det grid — numerator=0.000, denominator=0.054 (repeats for this event suppressed)
Event 74: >5% quadrature weight outside P_det grid — numerator=0.000, denominator=0.064 (repeats for this event suppressed)
Event 74: >5% quadrature weight outside P_det grid — numerator=0.000, denominator=0.065 (repeats for this event suppressed)
Event 74: >5% quadrature weight outside P_det grid — numerator=0.000, denominator=0.061 (repeats for this event suppressed)
Event 74: >5% quadrature weight outside P_det grid — numerator=0.000, denominator=0.063 (repeats for this event suppressed)
Event 74: >5% quadrature weight outside P_det grid — numerator=0.000, denominator=0.060 (repeats for this event suppressed)
Event 74: >5% quadrature weight outside P_det grid — numerator=0.000, denominator=0.066 (repeats for this event suppressed)
Event 74: >5% quadrature weight outside P_det grid — numerator=0.000, denominator=0.054 (repeats for this event suppressed)
Event 74: >5% quadrature weight outside P_det grid — numerator=0.000, denominator=0.059 (repeats for this event suppressed)
Event 74: >5% quadrature weight outside P_det grid — numerator=0.000, denominator=0.052 (repeats for this event suppressed)
Event 74: >5% quadrature weight outside P_det grid — numerator=0.000, denominator=0.066 (repeats for this event suppressed)
Event 74: >5% quadrature weight outside P_det grid — numerator=0.000, denominator=0.054 (repeats for this event suppressed)
Event 74: >5% quadrature weight outside P_det grid — numerator=0.000, denominator=0.055 (repeats for this event suppressed)
Event 77: >5% quadrature weight outside P_det grid — numerator=0.000, denominator=0.055 (repeats for this event suppressed)
Event 77: >5% quadrature weight outside P_det grid — numerator=0.000, denominator=0.058 (repeats for this event suppressed)
Event 77: >5% quadrature weight outside P_det grid — numerator=0.000, denominator=0.064 (repeats for this event suppressed)
Event 77: >5% quadrature weight outside P_det grid — numerator=0.000, denominator=0.063 (repeats for this event suppressed)
Event 77: >5% quadrature weight outside P_det grid — numerator=0.000, denominator=0.061 (repeats for this event suppressed)
Event 77: >5% quadrature weight outside P_det grid — numerator=0.000, denominator=0.072 (repeats for this event suppressed)
Event 79: >5% quadrature weight outside P_det grid — numerator=0.000, denominator=0.081 (repeats for this event suppressed)
Event 79: >5% quadrature weight outside P_det grid — numerator=0.000, denominator=0.074 (repeats for this event suppressed)
Event 79: >5% quadrature weight outside P_det grid — numerator=0.000, denominator=0.082 (repeats for this event suppressed)
Event 79: >5% quadrature weight outside P_det grid — numerator=0.000, denominator=0.087 (repeats for this event suppressed)
Detection 79: fused completion mass factor zero at 50/50 quadrature nodes (0 beyond the detection horizon, S_4D=0; 50 off the phi support).
Event 83: >5% quadrature weight outside P_det grid — numerator=0.000, denominator=0.051 (repeats for this event suppressed)
Event 83: >5% quadrature weight outside P_det grid — numerator=0.000, denominator=0.055 (repeats for this event suppressed)
Event 83: >5% quadrature weight outside P_det grid — numerator=0.000, denominator=0.080 (repeats for this event suppressed)
Event 83: >5% quadrature weight outside P_det grid — numerator=0.000, denominator=0.050 (repeats for this event suppressed)
Event 83: >5% quadrature weight outside P_det grid — numerator=0.000, denominator=0.080 (repeats for this event suppressed)
Detection 83: fused completion mass factor zero at 50/50 quadrature nodes (0 beyond the detection horizon, S_4D=0; 50 off the phi support).
Event 86: >5% quadrature weight outside P_det grid — numerator=0.000, denominator=0.074 (repeats for this event suppressed)
Event 86: >5% quadrature weight outside P_det grid — numerator=0.000, denominator=0.070 (repeats for this event suppressed)
Event 86: >5% quadrature weight outside P_det grid — numerator=0.000, denominator=0.073 (repeats for this event suppressed)
Event 86: >5% quadrature weight outside P_det grid — numerator=0.000, denominator=0.077 (repeats for this event suppressed)
Event 86: >5% quadrature weight outside P_det grid — numerator=0.000, denominator=0.074 (repeats for this event suppressed)
Event 86: >5% quadrature weight outside P_det grid — numerator=0.000, denominator=0.071 (repeats for this event suppressed)
Event 89: >5% quadrature weight outside P_det grid — numerator=0.000, denominator=0.063 (repeats for this event suppressed)
Event 89: >5% quadrature weight outside P_det grid — numerator=0.000, denominator=0.069 (repeats for this event suppressed)
Event 89: >5% quadrature weight outside P_det grid — numerator=0.000, denominator=0.059 (repeats for this event suppressed)
Event 89: >5% quadrature weight outside P_det grid — numerator=0.000, denominator=0.069 (repeats for this event suppressed)
Event 89: >5% quadrature weight outside P_det grid — numerator=0.000, denominator=0.070 (repeats for this event suppressed)
Event 89: >5% quadrature weight outside P_det grid — numerator=0.000, denominator=0.059 (repeats for this event suppressed)
Event 89: >5% quadrature weight outside P_det grid — numerator=0.000, denominator=0.094 (repeats for this event suppressed)
Event 89: >5% quadrature weight outside P_det grid — numerator=0.000, denominator=0.062 (repeats for this event suppressed)
Event 89: >5% quadrature weight outside P_det grid — numerator=0.000, denominator=0.092 (repeats for this event suppressed)
Event 89: >5% quadrature weight outside P_det grid — numerator=0.000, denominator=0.068 (repeats for this event suppressed)
Event 89: >5% quadrature weight outside P_det grid — numerator=0.000, denominator=0.058 (repeats for this event suppressed)
Event 89: >5% quadrature weight outside P_det grid — numerator=0.000, denominator=0.062 (repeats for this event suppressed)
Event 89: >5% quadrature weight outside P_det grid — numerator=0.000, denominator=0.061 (repeats for this event suppressed)
Event 89: >5% quadrature weight outside P_det grid — numerator=0.000, denominator=0.057 (repeats for this event suppressed)
No possible hosts. Returning None.
Detection 90: no catalogue hosts in the localization volume — pure-completion fallback p_i = B_num/D (issue #29)
Detection 90: no catalog results found
Event 91: >5% quadrature weight outside P_det grid — numerator=0.000, denominator=0.062 (repeats for this event suppressed)
Event 91: >5% quadrature weight outside P_det grid — numerator=0.000, denominator=0.074 (repeats for this event suppressed)
Event 91: >5% quadrature weight outside P_det grid — numerator=0.000, denominator=0.062 (repeats for this event suppressed)
Event 91: >5% quadrature weight outside P_det grid — numerator=0.000, denominator=0.078 (repeats for this event suppressed)
Event 91: >5% quadrature weight outside P_det grid — numerator=0.000, denominator=0.068 (repeats for this event suppressed)
Event 91: >5% quadrature weight outside P_det grid — numerator=0.000, denominator=0.082 (repeats for this event suppressed)
Event 91: >5% quadrature weight outside P_det grid — numerator=0.000, denominator=0.081 (repeats for this event suppressed)
Event 91: >5% quadrature weight outside P_det grid — numerator=0.000, denominator=0.068 (repeats for this event suppressed)
Event 91: >5% quadrature weight outside P_det grid — numerator=0.000, denominator=0.063 (repeats for this event suppressed)
Event 91: >5% quadrature weight outside P_det grid — numerator=0.000, denominator=0.061 (repeats for this event suppressed)
Event 91: >5% quadrature weight outside P_det grid — numerator=0.000, denominator=0.079 (repeats for this event suppressed)
Event 91: >5% quadrature weight outside P_det grid — numerator=0.000, denominator=0.067 (repeats for this event suppressed)
Event 91: >5% quadrature weight outside P_det grid — numerator=0.000, denominator=0.060 (repeats for this event suppressed)
Event 91: >5% quadrature weight outside P_det grid — numerator=0.000, denominator=0.075 (repeats for this event suppressed)
Event 92: >5% quadrature weight outside P_det grid — numerator=0.000, denominator=0.052 (repeats for this event suppressed)
Event 92: >5% quadrature weight outside P_det grid — numerator=0.000, denominator=0.051 (repeats for this event suppressed)
Event 92: >5% quadrature weight outside P_det grid — numerator=0.000, denominator=0.060 (repeats for this event suppressed)
Event 92: >5% quadrature weight outside P_det grid — numerator=0.000, denominator=0.069 (repeats for this event suppressed)
Event 92: >5% quadrature weight outside P_det grid — numerator=0.000, denominator=0.068 (repeats for this event suppressed)
Event 92: >5% quadrature weight outside P_det grid — numerator=0.000, denominator=0.063 (repeats for this event suppressed)
Event 92: >5% quadrature weight outside P_det grid — numerator=0.000, denominator=0.055 (repeats for this event suppressed)
Event 92: >5% quadrature weight outside P_det grid — numerator=0.000, denominator=0.067 (repeats for this event suppressed)
Event 92: >5% quadrature weight outside P_det grid — numerator=0.000, denominator=0.074 (repeats for this event suppressed)
Event 92: >5% quadrature weight outside P_det grid — numerator=0.000, denominator=0.063 (repeats for this event suppressed)
Event 92: >5% quadrature weight outside P_det grid — numerator=0.000, denominator=0.063 (repeats for this event suppressed)
Event 92: >5% quadrature weight outside P_det grid — numerator=0.000, denominator=0.060 (repeats for this event suppressed)
Event 92: >5% quadrature weight outside P_det grid — numerator=0.000, denominator=0.076 (repeats for this event suppressed)
Event 92: >5% quadrature weight outside P_det grid — numerator=0.000, denominator=0.052 (repeats for this event suppressed)
Event 93: >5% quadrature weight outside P_det grid — numerator=0.000, denominator=0.053 (repeats for this event suppressed)
Event 93: >5% quadrature weight outside P_det grid — numerator=0.000, denominator=0.061 (repeats for this event suppressed)
Event 93: >5% quadrature weight outside P_det grid — numerator=0.000, denominator=0.056 (repeats for this event suppressed)
Event 93: >5% quadrature weight outside P_det grid — numerator=0.000, denominator=0.051 (repeats for this event suppressed)
Event 93: >5% quadrature weight outside P_det grid — numerator=0.000, denominator=0.059 (repeats for this event suppressed)
Event 93: >5% quadrature weight outside P_det grid — numerator=0.000, denominator=0.063 (repeats for this event suppressed)
Event 93: >5% quadrature weight outside P_det grid — numerator=0.000, denominator=0.064 (repeats for this event suppressed)
Event 93: >5% quadrature weight outside P_det grid — numerator=0.000, denominator=0.057 (repeats for this event suppressed)
Event 93: >5% quadrature weight outside P_det grid — numerator=0.000, denominator=0.062 (repeats for this event suppressed)
Event 93: >5% quadrature weight outside P_det grid — numerator=0.000, denominator=0.053 (repeats for this event suppressed)
Event 94: >5% quadrature weight outside P_det grid — numerator=0.000, denominator=0.057 (repeats for this event suppressed)
Event 94: >5% quadrature weight outside P_det grid — numerator=0.000, denominator=0.052 (repeats for this event suppressed)
Event 94: >5% quadrature weight outside P_det grid — numerator=0.000, denominator=0.070 (repeats for this event suppressed)
Event 94: >5% quadrature weight outside P_det grid — numerator=0.000, denominator=0.060 (repeats for this event suppressed)
Event 94: >5% quadrature weight outside P_det grid — numerator=0.000, denominator=0.068 (repeats for this event suppressed)
Event 94: >5% quadrature weight outside P_det grid — numerator=0.000, denominator=0.051 (repeats for this event suppressed)
Event 94: >5% quadrature weight outside P_det grid — numerator=0.000, denominator=0.052 (repeats for this event suppressed)
Event 94: >5% quadrature weight outside P_det grid — numerator=0.000, denominator=0.053 (repeats for this event suppressed)
Event 94: >5% quadrature weight outside P_det grid — numerator=0.000, denominator=0.055 (repeats for this event suppressed)
Event 94: >5% quadrature weight outside P_det grid — numerator=0.000, denominator=0.052 (repeats for this event suppressed)
Event 94: >5% quadrature weight outside P_det grid — numerator=0.000, denominator=0.059 (repeats for this event suppressed)
Event 94: >5% quadrature weight outside P_det grid — numerator=0.000, denominator=0.058 (repeats for this event suppressed)
Event 94: >5% quadrature weight outside P_det grid — numerator=0.000, denominator=0.052 (repeats for this event suppressed)
Event 94: >5% quadrature weight outside P_det grid — numerator=0.000, denominator=0.069 (repeats for this event suppressed)
Event 95: >5% quadrature weight outside P_det grid — numerator=0.000, denominator=0.061 (repeats for this event suppressed)
Event 95: >5% quadrature weight outside P_det grid — numerator=0.000, denominator=0.066 (repeats for this event suppressed)
Event 95: >5% quadrature weight outside P_det grid — numerator=0.000, denominator=0.062 (repeats for this event suppressed)
Event 95: >5% quadrature weight outside P_det grid — numerator=0.000, denominator=0.074 (repeats for this event suppressed)
Event 95: >5% quadrature weight outside P_det grid — numerator=0.000, denominator=0.055 (repeats for this event suppressed)
Event 95: >5% quadrature weight outside P_det grid — numerator=0.000, denominator=0.060 (repeats for this event suppressed)
Event 95: >5% quadrature weight outside P_det grid — numerator=0.000, denominator=0.053 (repeats for this event suppressed)
Event 95: >5% quadrature weight outside P_det grid — numerator=0.000, denominator=0.066 (repeats for this event suppressed)
Event 95: >5% quadrature weight outside P_det grid — numerator=0.000, denominator=0.068 (repeats for this event suppressed)
Event 95: >5% quadrature weight outside P_det grid — numerator=0.000, denominator=0.071 (repeats for this event suppressed)
Event 95: >5% quadrature weight outside P_det grid — numerator=0.000, denominator=0.059 (repeats for this event suppressed)
Event 95: >5% quadrature weight outside P_det grid — numerator=0.000, denominator=0.061 (repeats for this event suppressed)
Event 95: >5% quadrature weight outside P_det grid — numerator=0.000, denominator=0.054 (repeats for this event suppressed)
Event 95: >5% quadrature weight outside P_det grid — numerator=0.000, denominator=0.053 (repeats for this event suppressed)
Event 97: >5% quadrature weight outside P_det grid — numerator=0.000, denominator=0.050 (repeats for this event suppressed)
Event 97: >5% quadrature weight outside P_det grid — numerator=0.000, denominator=0.050 (repeats for this event suppressed)
Event 97: >5% quadrature weight outside P_det grid — numerator=0.000, denominator=0.050 (repeats for this event suppressed)
Event 97: >5% quadrature weight outside P_det grid — numerator=0.000, denominator=0.051 (repeats for this event suppressed)
Event 97: >5% quadrature weight outside P_det grid — numerator=0.000, denominator=0.050 (repeats for this event suppressed)
Event 97: >5% quadrature weight outside P_det grid — numerator=0.000, denominator=0.051 (repeats for this event suppressed)
Event 97: >5% quadrature weight outside P_det grid — numerator=0.000, denominator=0.051 (repeats for this event suppressed)
Event 97: >5% quadrature weight outside P_det grid — numerator=0.000, denominator=0.051 (repeats for this event suppressed)
Event 97: >5% quadrature weight outside P_det grid — numerator=0.000, denominator=0.050 (repeats for this event suppressed)
Event 97: >5% quadrature weight outside P_det grid — numerator=0.000, denominator=0.050 (repeats for this event suppressed)
Event 97: >5% quadrature weight outside P_det grid — numerator=0.000, denominator=0.050 (repeats for this event suppressed)
Event 100: >5% quadrature weight outside P_det grid — numerator=0.000, denominator=0.070 (repeats for this event suppressed)
Event 100: >5% quadrature weight outside P_det grid — numerator=0.000, denominator=0.055 (repeats for this event suppressed)
Event 100: >5% quadrature weight outside P_det grid — numerator=0.000, denominator=0.052 (repeats for this event suppressed)
Event 100: >5% quadrature weight outside P_det grid — numerator=0.000, denominator=0.055 (repeats for this event suppressed)
Event 100: >5% quadrature weight outside P_det grid — numerator=0.000, denominator=0.053 (repeats for this event suppressed)
Event 100: >5% quadrature weight outside P_det grid — numerator=0.000, denominator=0.073 (repeats for this event suppressed)
Event 100: >5% quadrature weight outside P_det grid — numerator=0.000, denominator=0.052 (repeats for this event suppressed)
Event 100: >5% quadrature weight outside P_det grid — numerator=0.000, denominator=0.060 (repeats for this event suppressed)
Event 100: >5% quadrature weight outside P_det grid — numerator=0.000, denominator=0.060 (repeats for this event suppressed)
Event 100: >5% quadrature weight outside P_det grid — numerator=0.000, denominator=0.059 (repeats for this event suppressed)
Event 100: >5% quadrature weight outside P_det grid — numerator=0.000, denominator=0.080 (repeats for this event suppressed)
Event 100: >5% quadrature weight outside P_det grid — numerator=0.000, denominator=0.057 (repeats for this event suppressed)
Event 100: >5% quadrature weight outside P_det grid — numerator=0.000, denominator=0.064 (repeats for this event suppressed)
Event 100: >5% quadrature weight outside P_det grid — numerator=0.000, denominator=0.068 (repeats for this event suppressed)
Event 102: >5% quadrature weight outside P_det grid — numerator=0.000, denominator=0.083 (repeats for this event suppressed)
Event 102: >5% quadrature weight outside P_det grid — numerator=0.000, denominator=0.060 (repeats for this event suppressed)
Event 102: >5% quadrature weight outside P_det grid — numerator=0.000, denominator=0.078 (repeats for this event suppressed)
Event 102: >5% quadrature weight outside P_det grid — numerator=0.000, denominator=0.080 (repeats for this event suppressed)
Detection 102: fused completion mass factor zero at 50/50 quadrature nodes (0 beyond the detection horizon, S_4D=0; 50 off the phi support).
Event 103: >5% quadrature weight outside P_det grid — numerator=0.000, denominator=0.074 (repeats for this event suppressed)
Event 103: >5% quadrature weight outside P_det grid — numerator=0.000, denominator=0.080 (repeats for this event suppressed)
Event 103: >5% quadrature weight outside P_det grid — numerator=0.000, denominator=0.073 (repeats for this event suppressed)
Event 104: >5% quadrature weight outside P_det grid — numerator=0.000, denominator=0.059 (repeats for this event suppressed)
Event 104: >5% quadrature weight outside P_det grid — numerator=0.000, denominator=0.053 (repeats for this event suppressed)
Event 104: >5% quadrature weight outside P_det grid — numerator=0.000, denominator=0.060 (repeats for this event suppressed)
Event 104: >5% quadrature weight outside P_det grid — numerator=0.000, denominator=0.055 (repeats for this event suppressed)
Event 104: >5% quadrature weight outside P_det grid — numerator=0.000, denominator=0.066 (repeats for this event suppressed)
Event 104: >5% quadrature weight outside P_det grid — numerator=0.000, denominator=0.062 (repeats for this event suppressed)
Event 104: >5% quadrature weight outside P_det grid — numerator=0.000, denominator=0.063 (repeats for this event suppressed)
Event 104: >5% quadrature weight outside P_det grid — numerator=0.000, denominator=0.060 (repeats for this event suppressed)
Event 104: >5% quadrature weight outside P_det grid — numerator=0.000, denominator=0.065 (repeats for this event suppressed)
Event 104: >5% quadrature weight outside P_det grid — numerator=0.000, denominator=0.057 (repeats for this event suppressed)
Event 104: >5% quadrature weight outside P_det grid — numerator=0.000, denominator=0.054 (repeats for this event suppressed)
Event 104: >5% quadrature weight outside P_det grid — numerator=0.000, denominator=0.054 (repeats for this event suppressed)
Event 104: >5% quadrature weight outside P_det grid — numerator=0.000, denominator=0.060 (repeats for this event suppressed)
Event 104: >5% quadrature weight outside P_det grid — numerator=0.000, denominator=0.056 (repeats for this event suppressed)
Event 105: >5% quadrature weight outside P_det grid — numerator=0.000, denominator=0.075 (repeats for this event suppressed)
Event 105: >5% quadrature weight outside P_det grid — numerator=0.000, denominator=0.069 (repeats for this event suppressed)
Event 105: >5% quadrature weight outside P_det grid — numerator=0.000, denominator=0.052 (repeats for this event suppressed)
Event 105: >5% quadrature weight outside P_det grid — numerator=0.000, denominator=0.052 (repeats for this event suppressed)
Event 105: >5% quadrature weight outside P_det grid — numerator=0.000, denominator=0.053 (repeats for this event suppressed)
Event 105: >5% quadrature weight outside P_det grid — numerator=0.000, denominator=0.052 (repeats for this event suppressed)
Event 105: >5% quadrature weight outside P_det grid — numerator=0.000, denominator=0.051 (repeats for this event suppressed)
Event 105: >5% quadrature weight outside P_det grid — numerator=0.000, denominator=0.051 (repeats for this event suppressed)
Event 105: >5% quadrature weight outside P_det grid — numerator=0.000, denominator=0.072 (repeats for this event suppressed)
Event 105: >5% quadrature weight outside P_det grid — numerator=0.000, denominator=0.056 (repeats for this event suppressed)
Event 105: >5% quadrature weight outside P_det grid — numerator=0.000, denominator=0.063 (repeats for this event suppressed)
Event 105: >5% quadrature weight outside P_det grid — numerator=0.000, denominator=0.058 (repeats for this event suppressed)
Event 105: >5% quadrature weight outside P_det grid — numerator=0.000, denominator=0.064 (repeats for this event suppressed)
Event 105: >5% quadrature weight outside P_det grid — numerator=0.000, denominator=0.053 (repeats for this event suppressed)
Event 106: >5% quadrature weight outside P_det grid — numerator=0.000, denominator=0.070 (repeats for this event suppressed)
Event 106: >5% quadrature weight outside P_det grid — numerator=0.000, denominator=0.066 (repeats for this event suppressed)
Event 106: >5% quadrature weight outside P_det grid — numerator=0.000, denominator=0.073 (repeats for this event suppressed)
Event 106: >5% quadrature weight outside P_det grid — numerator=0.000, denominator=0.061 (repeats for this event suppressed)
Event 106: >5% quadrature weight outside P_det grid — numerator=0.000, denominator=0.065 (repeats for this event suppressed)
Event 106: >5% quadrature weight outside P_det grid — numerator=0.000, denominator=0.051 (repeats for this event suppressed)
Event 106: >5% quadrature weight outside P_det grid — numerator=0.000, denominator=0.063 (repeats for this event suppressed)
Event 106: >5% quadrature weight outside P_det grid — numerator=0.000, denominator=0.064 (repeats for this event suppressed)
Event 106: >5% quadrature weight outside P_det grid — numerator=0.000, denominator=0.066 (repeats for this event suppressed)
Event 106: >5% quadrature weight outside P_det grid — numerator=0.000, denominator=0.064 (repeats for this event suppressed)
Event 106: >5% quadrature weight outside P_det grid — numerator=0.000, denominator=0.064 (repeats for this event suppressed)
Event 106: >5% quadrature weight outside P_det grid — numerator=0.000, denominator=0.084 (repeats for this event suppressed)
Event 106: >5% quadrature weight outside P_det grid — numerator=0.000, denominator=0.072 (repeats for this event suppressed)
Event 106: >5% quadrature weight outside P_det grid — numerator=0.000, denominator=0.050 (repeats for this event suppressed)
Event 110: >5% quadrature weight outside P_det grid — numerator=0.000, denominator=0.061 (repeats for this event suppressed)
Event 110: >5% quadrature weight outside P_det grid — numerator=0.000, denominator=0.067 (repeats for this event suppressed)
Event 110: >5% quadrature weight outside P_det grid — numerator=0.000, denominator=0.055 (repeats for this event suppressed)
Event 110: >5% quadrature weight outside P_det grid — numerator=0.000, denominator=0.071 (repeats for this event suppressed)
Event 110: >5% quadrature weight outside P_det grid — numerator=0.000, denominator=0.066 (repeats for this event suppressed)
Event 110: >5% quadrature weight outside P_det grid — numerator=0.000, denominator=0.066 (repeats for this event suppressed)
Event 110: >5% quadrature weight outside P_det grid — numerator=0.000, denominator=0.072 (repeats for this event suppressed)
Event 110: >5% quadrature weight outside P_det grid — numerator=0.000, denominator=0.060 (repeats for this event suppressed)
Event 110: >5% quadrature weight outside P_det grid — numerator=0.000, denominator=0.052 (repeats for this event suppressed)
Event 110: >5% quadrature weight outside P_det grid — numerator=0.000, denominator=0.069 (repeats for this event suppressed)
Event 110: >5% quadrature weight outside P_det grid — numerator=0.000, denominator=0.057 (repeats for this event suppressed)
Event 110: >5% quadrature weight outside P_det grid — numerator=0.000, denominator=0.053 (repeats for this event suppressed)
Event 110: >5% quadrature weight outside P_det grid — numerator=0.000, denominator=0.055 (repeats for this event suppressed)
Event 110: >5% quadrature weight outside P_det grid — numerator=0.000, denominator=0.060 (repeats for this event suppressed)
Event 113: >5% quadrature weight outside P_det grid — numerator=0.000, denominator=0.093 (repeats for this event suppressed)
Event 113: >5% quadrature weight outside P_det grid — numerator=0.000, denominator=0.054 (repeats for this event suppressed)
Event 113: >5% quadrature weight outside P_det grid — numerator=0.000, denominator=0.081 (repeats for this event suppressed)
Event 113: >5% quadrature weight outside P_det grid — numerator=0.000, denominator=0.051 (repeats for this event suppressed)
Event 113: >5% quadrature weight outside P_det grid — numerator=0.000, denominator=0.054 (repeats for this event suppressed)
Event 113: >5% quadrature weight outside P_det grid — numerator=0.000, denominator=0.061 (repeats for this event suppressed)
Event 113: >5% quadrature weight outside P_det grid — numerator=0.000, denominator=0.082 (repeats for this event suppressed)
Event 113: >5% quadrature weight outside P_det grid — numerator=0.000, denominator=0.054 (repeats for this event suppressed)
Event 113: >5% quadrature weight outside P_det grid — numerator=0.000, denominator=0.058 (repeats for this event suppressed)
Event 113: >5% quadrature weight outside P_det grid — numerator=0.000, denominator=0.062 (repeats for this event suppressed)
Event 113: >5% quadrature weight outside P_det grid — numerator=0.000, denominator=0.056 (repeats for this event suppressed)
Event 113: >5% quadrature weight outside P_det grid — numerator=0.000, denominator=0.075 (repeats for this event suppressed)
Event 113: >5% quadrature weight outside P_det grid — numerator=0.000, denominator=0.051 (repeats for this event suppressed)
Event 113: >5% quadrature weight outside P_det grid — numerator=0.000, denominator=0.053 (repeats for this event suppressed)
Event 114: >5% quadrature weight outside P_det grid — numerator=0.000, denominator=0.063 (repeats for this event suppressed)
Event 114: >5% quadrature weight outside P_det grid — numerator=0.000, denominator=0.058 (repeats for this event suppressed)
Event 114: >5% quadrature weight outside P_det grid — numerator=0.000, denominator=0.055 (repeats for this event suppressed)
Event 114: >5% quadrature weight outside P_det grid — numerator=0.000, denominator=0.059 (repeats for this event suppressed)
Event 114: >5% quadrature weight outside P_det grid — numerator=0.000, denominator=0.061 (repeats for this event suppressed)
Event 114: >5% quadrature weight outside P_det grid — numerator=0.000, denominator=0.062 (repeats for this event suppressed)
Event 114: >5% quadrature weight outside P_det grid — numerator=0.000, denominator=0.058 (repeats for this event suppressed)
Event 114: >5% quadrature weight outside P_det grid — numerator=0.000, denominator=0.051 (repeats for this event suppressed)
Event 114: >5% quadrature weight outside P_det grid — numerator=0.000, denominator=0.055 (repeats for this event suppressed)
Event 114: >5% quadrature weight outside P_det grid — numerator=0.000, denominator=0.062 (repeats for this event suppressed)
Event 114: >5% quadrature weight outside P_det grid — numerator=0.000, denominator=0.055 (repeats for this event suppressed)
Event 114: >5% quadrature weight outside P_det grid — numerator=0.000, denominator=0.060 (repeats for this event suppressed)
Event 114: >5% quadrature weight outside P_det grid — numerator=0.000, denominator=0.077 (repeats for this event suppressed)
Event 114: >5% quadrature weight outside P_det grid — numerator=0.000, denominator=0.058 (repeats for this event suppressed)
Event 115: >5% quadrature weight outside P_det grid — numerator=0.000, denominator=0.061 (repeats for this event suppressed)
Event 115: >5% quadrature weight outside P_det grid — numerator=0.000, denominator=0.059 (repeats for this event suppressed)
Event 115: >5% quadrature weight outside P_det grid — numerator=0.000, denominator=0.061 (repeats for this event suppressed)
Event 115: >5% quadrature weight outside P_det grid — numerator=0.000, denominator=0.142 (repeats for this event suppressed)
Event 115: >5% quadrature weight outside P_det grid — numerator=0.000, denominator=0.076 (repeats for this event suppressed)
Event 115: >5% quadrature weight outside P_det grid — numerator=0.000, denominator=0.061 (repeats for this event suppressed)
Event 115: >5% quadrature weight outside P_det grid — numerator=0.000, denominator=0.058 (repeats for this event suppressed)
Event 115: >5% quadrature weight outside P_det grid — numerator=0.000, denominator=0.069 (repeats for this event suppressed)
Event 115: >5% quadrature weight outside P_det grid — numerator=0.000, denominator=0.062 (repeats for this event suppressed)
Event 115: >5% quadrature weight outside P_det grid — numerator=0.000, denominator=0.059 (repeats for this event suppressed)
Event 115: >5% quadrature weight outside P_det grid — numerator=0.000, denominator=0.057 (repeats for this event suppressed)
Event 115: >5% quadrature weight outside P_det grid — numerator=0.000, denominator=0.077 (repeats for this event suppressed)
Event 115: >5% quadrature weight outside P_det grid — numerator=0.000, denominator=0.079 (repeats for this event suppressed)
Event 115: >5% quadrature weight outside P_det grid — numerator=0.000, denominator=0.063 (repeats for this event suppressed)
Event 116: >5% quadrature weight outside P_det grid — numerator=0.000, denominator=0.061 (repeats for this event suppressed)
Event 117: >5% quadrature weight outside P_det grid — numerator=0.000, denominator=0.050 (repeats for this event suppressed)
Event 117: >5% quadrature weight outside P_det grid — numerator=0.000, denominator=0.050 (repeats for this event suppressed)
Event 118: >5% quadrature weight outside P_det grid — numerator=0.000, denominator=0.086 (repeats for this event suppressed)
Event 118: >5% quadrature weight outside P_det grid — numerator=0.000, denominator=0.062 (repeats for this event suppressed)
Event 121: >5% quadrature weight outside P_det grid — numerator=0.000, denominator=0.056 (repeats for this event suppressed)
Event 121: >5% quadrature weight outside P_det grid — numerator=0.000, denominator=0.066 (repeats for this event suppressed)
Event 121: >5% quadrature weight outside P_det grid — numerator=0.000, denominator=0.065 (repeats for this event suppressed)
Event 121: >5% quadrature weight outside P_det grid — numerator=0.000, denominator=0.062 (repeats for this event suppressed)
Event 121: >5% quadrature weight outside P_det grid — numerator=0.000, denominator=0.063 (repeats for this event suppressed)
Event 121: >5% quadrature weight outside P_det grid — numerator=0.000, denominator=0.064 (repeats for this event suppressed)
Event 121: >5% quadrature weight outside P_det grid — numerator=0.000, denominator=0.066 (repeats for this event suppressed)
Event 121: >5% quadrature weight outside P_det grid — numerator=0.000, denominator=0.050 (repeats for this event suppressed)
Event 121: >5% quadrature weight outside P_det grid — numerator=0.000, denominator=0.075 (repeats for this event suppressed)
Event 121: >5% quadrature weight outside P_det grid — numerator=0.000, denominator=0.079 (repeats for this event suppressed)
Event 121: >5% quadrature weight outside P_det grid — numerator=0.000, denominator=0.051 (repeats for this event suppressed)
Event 121: >5% quadrature weight outside P_det grid — numerator=0.000, denominator=0.072 (repeats for this event suppressed)
Event 121: >5% quadrature weight outside P_det grid — numerator=0.000, denominator=0.063 (repeats for this event suppressed)
Event 121: >5% quadrature weight outside P_det grid — numerator=0.000, denominator=0.052 (repeats for this event suppressed)
Event 122: >5% quadrature weight outside P_det grid — numerator=0.000, denominator=0.053 (repeats for this event suppressed)
Event 122: >5% quadrature weight outside P_det grid — numerator=0.000, denominator=0.063 (repeats for this event suppressed)
Event 122: >5% quadrature weight outside P_det grid — numerator=0.000, denominator=0.052 (repeats for this event suppressed)
Event 122: >5% quadrature weight outside P_det grid — numerator=0.000, denominator=0.065 (repeats for this event suppressed)
Event 122: >5% quadrature weight outside P_det grid — numerator=0.000, denominator=0.052 (repeats for this event suppressed)
Event 122: >5% quadrature weight outside P_det grid — numerator=0.000, denominator=0.059 (repeats for this event suppressed)
Event 122: >5% quadrature weight outside P_det grid — numerator=0.000, denominator=0.066 (repeats for this event suppressed)
Event 122: >5% quadrature weight outside P_det grid — numerator=0.000, denominator=0.060 (repeats for this event suppressed)
Event 122: >5% quadrature weight outside P_det grid — numerator=0.000, denominator=0.082 (repeats for this event suppressed)
Event 122: >5% quadrature weight outside P_det grid — numerator=0.000, denominator=0.057 (repeats for this event suppressed)
Event 122: >5% quadrature weight outside P_det grid — numerator=0.000, denominator=0.055 (repeats for this event suppressed)
Event 122: >5% quadrature weight outside P_det grid — numerator=0.000, denominator=0.064 (repeats for this event suppressed)
Event 122: >5% quadrature weight outside P_det grid — numerator=0.000, denominator=0.052 (repeats for this event suppressed)
Event 122: >5% quadrature weight outside P_det grid — numerator=0.000, denominator=0.051 (repeats for this event suppressed)
Detection 122: fused completion mass factor zero at 50/50 quadrature nodes (0 beyond the detection horizon, S_4D=0; 50 off the phi support).
Event 123: >5% quadrature weight outside P_det grid — numerator=0.000, denominator=0.069 (repeats for this event suppressed)
Event 123: >5% quadrature weight outside P_det grid — numerator=0.000, denominator=0.093 (repeats for this event suppressed)
Event 123: >5% quadrature weight outside P_det grid — numerator=0.000, denominator=0.059 (repeats for this event suppressed)
Event 123: >5% quadrature weight outside P_det grid — numerator=0.000, denominator=0.083 (repeats for this event suppressed)
Event 123: >5% quadrature weight outside P_det grid — numerator=0.000, denominator=0.072 (repeats for this event suppressed)
Event 123: >5% quadrature weight outside P_det grid — numerator=0.000, denominator=0.074 (repeats for this event suppressed)
Event 123: >5% quadrature weight outside P_det grid — numerator=0.000, denominator=0.081 (repeats for this event suppressed)
Event 123: >5% quadrature weight outside P_det grid — numerator=0.000, denominator=0.079 (repeats for this event suppressed)
Event 123: >5% quadrature weight outside P_det grid — numerator=0.000, denominator=0.055 (repeats for this event suppressed)
Event 123: >5% quadrature weight outside P_det grid — numerator=0.000, denominator=0.055 (repeats for this event suppressed)
Event 123: >5% quadrature weight outside P_det grid — numerator=0.000, denominator=0.096 (repeats for this event suppressed)
Event 123: >5% quadrature weight outside P_det grid — numerator=0.000, denominator=0.050 (repeats for this event suppressed)
Event 123: >5% quadrature weight outside P_det grid — numerator=0.000, denominator=0.052 (repeats for this event suppressed)
Event 123: >5% quadrature weight outside P_det grid — numerator=0.000, denominator=0.068 (repeats for this event suppressed)
Detection 123: fused completion mass factor zero at 50/50 quadrature nodes (0 beyond the detection horizon, S_4D=0; 50 off the phi support).
Event 126: >5% quadrature weight outside P_det grid — numerator=0.000, denominator=0.063 (repeats for this event suppressed)
Event 126: >5% quadrature weight outside P_det grid — numerator=0.000, denominator=0.082 (repeats for this event suppressed)
Event 126: >5% quadrature weight outside P_det grid — numerator=0.000, denominator=0.074 (repeats for this event suppressed)
Event 126: >5% quadrature weight outside P_det grid — numerator=0.000, denominator=0.077 (repeats for this event suppressed)
Event 126: >5% quadrature weight outside P_det grid — numerator=0.000, denominator=0.081 (repeats for this event suppressed)
Event 129: >5% quadrature weight outside P_det grid — numerator=0.000, denominator=0.057 (repeats for this event suppressed)
Event 129: >5% quadrature weight outside P_det grid — numerator=0.000, denominator=0.062 (repeats for this event suppressed)
Event 129: >5% quadrature weight outside P_det grid — numerator=0.000, denominator=0.055 (repeats for this event suppressed)
Event 129: >5% quadrature weight outside P_det grid — numerator=0.000, denominator=0.062 (repeats for this event suppressed)
Event 129: >5% quadrature weight outside P_det grid — numerator=0.000, denominator=0.062 (repeats for this event suppressed)
Event 129: >5% quadrature weight outside P_det grid — numerator=0.000, denominator=0.056 (repeats for this event suppressed)
Event 129: >5% quadrature weight outside P_det grid — numerator=0.000, denominator=0.062 (repeats for this event suppressed)
Event 129: >5% quadrature weight outside P_det grid — numerator=0.000, denominator=0.051 (repeats for this event suppressed)
Event 129: >5% quadrature weight outside P_det grid — numerator=0.000, denominator=0.057 (repeats for this event suppressed)
Event 129: >5% quadrature weight outside P_det grid — numerator=0.000, denominator=0.050 (repeats for this event suppressed)
Detection 129: fused completion mass factor zero at 50/50 quadrature nodes (0 beyond the detection horizon, S_4D=0; 50 off the phi support).
Event 130: >5% quadrature weight outside P_det grid — numerator=0.000, denominator=0.060 (repeats for this event suppressed)
Event 130: >5% quadrature weight outside P_det grid — numerator=0.000, denominator=0.065 (repeats for this event suppressed)
Event 130: >5% quadrature weight outside P_det grid — numerator=0.000, denominator=0.060 (repeats for this event suppressed)
Event 130: >5% quadrature weight outside P_det grid — numerator=0.000, denominator=0.051 (repeats for this event suppressed)
Event 130: >5% quadrature weight outside P_det grid — numerator=0.000, denominator=0.053 (repeats for this event suppressed)
Event 130: >5% quadrature weight outside P_det grid — numerator=0.000, denominator=0.052 (repeats for this event suppressed)
Event 130: >5% quadrature weight outside P_det grid — numerator=0.000, denominator=0.063 (repeats for this event suppressed)
Event 131: >5% quadrature weight outside P_det grid — numerator=0.000, denominator=0.058 (repeats for this event suppressed)
Event 131: >5% quadrature weight outside P_det grid — numerator=0.000, denominator=0.074 (repeats for this event suppressed)
Event 131: >5% quadrature weight outside P_det grid — numerator=0.000, denominator=0.066 (repeats for this event suppressed)
Event 131: >5% quadrature weight outside P_det grid — numerator=0.000, denominator=0.055 (repeats for this event suppressed)
Event 131: >5% quadrature weight outside P_det grid — numerator=0.000, denominator=0.060 (repeats for this event suppressed)
Event 131: >5% quadrature weight outside P_det grid — numerator=0.000, denominator=0.059 (repeats for this event suppressed)
Event 131: >5% quadrature weight outside P_det grid — numerator=0.000, denominator=0.072 (repeats for this event suppressed)
Event 131: >5% quadrature weight outside P_det grid — numerator=0.000, denominator=0.069 (repeats for this event suppressed)
Event 131: >5% quadrature weight outside P_det grid — numerator=0.000, denominator=0.068 (repeats for this event suppressed)
Event 131: >5% quadrature weight outside P_det grid — numerator=0.000, denominator=0.072 (repeats for this event suppressed)
Event 131: >5% quadrature weight outside P_det grid — numerator=0.000, denominator=0.071 (repeats for this event suppressed)
Event 131: >5% quadrature weight outside P_det grid — numerator=0.000, denominator=0.069 (repeats for this event suppressed)
Event 131: >5% quadrature weight outside P_det grid — numerator=0.000, denominator=0.062 (repeats for this event suppressed)
Event 131: >5% quadrature weight outside P_det grid — numerator=0.000, denominator=0.072 (repeats for this event suppressed)
Event 132: >5% quadrature weight outside P_det grid — numerator=0.000, denominator=0.055 (repeats for this event suppressed)
Event 132: >5% quadrature weight outside P_det grid — numerator=0.000, denominator=0.066 (repeats for this event suppressed)
Event 132: >5% quadrature weight outside P_det grid — numerator=0.000, denominator=0.060 (repeats for this event suppressed)
Event 132: >5% quadrature weight outside P_det grid — numerator=0.000, denominator=0.054 (repeats for this event suppressed)
Event 132: >5% quadrature weight outside P_det grid — numerator=0.000, denominator=0.069 (repeats for this event suppressed)
Event 132: >5% quadrature weight outside P_det grid — numerator=0.000, denominator=0.054 (repeats for this event suppressed)
Event 132: >5% quadrature weight outside P_det grid — numerator=0.000, denominator=0.051 (repeats for this event suppressed)
Event 132: >5% quadrature weight outside P_det grid — numerator=0.000, denominator=0.051 (repeats for this event suppressed)
Event 132: >5% quadrature weight outside P_det grid — numerator=0.000, denominator=0.057 (repeats for this event suppressed)
Event 132: >5% quadrature weight outside P_det grid — numerator=0.000, denominator=0.054 (repeats for this event suppressed)
Event 132: >5% quadrature weight outside P_det grid — numerator=0.000, denominator=0.073 (repeats for this event suppressed)
Event 132: >5% quadrature weight outside P_det grid — numerator=0.000, denominator=0.061 (repeats for this event suppressed)
Event 132: >5% quadrature weight outside P_det grid — numerator=0.000, denominator=0.077 (repeats for this event suppressed)
Event 132: >5% quadrature weight outside P_det grid — numerator=0.000, denominator=0.072 (repeats for this event suppressed)
Event 136: >5% quadrature weight outside P_det grid — numerator=0.000, denominator=0.065 (repeats for this event suppressed)
Event 136: >5% quadrature weight outside P_det grid — numerator=0.000, denominator=0.055 (repeats for this event suppressed)
Event 136: >5% quadrature weight outside P_det grid — numerator=0.000, denominator=0.058 (repeats for this event suppressed)
Event 136: >5% quadrature weight outside P_det grid — numerator=0.000, denominator=0.052 (repeats for this event suppressed)
Event 136: >5% quadrature weight outside P_det grid — numerator=0.000, denominator=0.059 (repeats for this event suppressed)
Event 136: >5% quadrature weight outside P_det grid — numerator=0.000, denominator=0.055 (repeats for this event suppressed)
Event 136: >5% quadrature weight outside P_det grid — numerator=0.000, denominator=0.058 (repeats for this event suppressed)
Event 136: >5% quadrature weight outside P_det grid — numerator=0.000, denominator=0.062 (repeats for this event suppressed)
Event 136: >5% quadrature weight outside P_det grid — numerator=0.000, denominator=0.066 (repeats for this event suppressed)
Event 136: >5% quadrature weight outside P_det grid — numerator=0.000, denominator=0.063 (repeats for this event suppressed)
Event 136: >5% quadrature weight outside P_det grid — numerator=0.000, denominator=0.066 (repeats for this event suppressed)
Event 136: >5% quadrature weight outside P_det grid — numerator=0.000, denominator=0.066 (repeats for this event suppressed)
Event 136: >5% quadrature weight outside P_det grid — numerator=0.000, denominator=0.057 (repeats for this event suppressed)
Event 136: >5% quadrature weight outside P_det grid — numerator=0.000, denominator=0.056 (repeats for this event suppressed)
Event 138: >5% quadrature weight outside P_det grid — numerator=0.000, denominator=0.050 (repeats for this event suppressed)
Event 138: >5% quadrature weight outside P_det grid — numerator=0.000, denominator=0.061 (repeats for this event suppressed)
Event 138: >5% quadrature weight outside P_det grid — numerator=0.000, denominator=0.051 (repeats for this event suppressed)
Event 138: >5% quadrature weight outside P_det grid — numerator=0.000, denominator=0.055 (repeats for this event suppressed)
Event 138: >5% quadrature weight outside P_det grid — numerator=0.000, denominator=0.059 (repeats for this event suppressed)
Event 138: >5% quadrature weight outside P_det grid — numerator=0.000, denominator=0.053 (repeats for this event suppressed)
Event 138: >5% quadrature weight outside P_det grid — numerator=0.000, denominator=0.054 (repeats for this event suppressed)
Event 138: >5% quadrature weight outside P_det grid — numerator=0.000, denominator=0.053 (repeats for this event suppressed)
Event 138: >5% quadrature weight outside P_det grid — numerator=0.000, denominator=0.059 (repeats for this event suppressed)
Detection 138: fused completion mass factor zero at 50/50 quadrature nodes (0 beyond the detection horizon, S_4D=0; 50 off the phi support).
Event 139: >5% quadrature weight outside P_det grid — numerator=0.000, denominator=0.060 (repeats for this event suppressed)
Event 139: >5% quadrature weight outside P_det grid — numerator=0.000, denominator=0.057 (repeats for this event suppressed)
Event 139: >5% quadrature weight outside P_det grid — numerator=0.000, denominator=0.068 (repeats for this event suppressed)
Event 139: >5% quadrature weight outside P_det grid — numerator=0.000, denominator=0.051 (repeats for this event suppressed)
Event 139: >5% quadrature weight outside P_det grid — numerator=0.000, denominator=0.056 (repeats for this event suppressed)
Event 139: >5% quadrature weight outside P_det grid — numerator=0.000, denominator=0.053 (repeats for this event suppressed)
Event 139: >5% quadrature weight outside P_det grid — numerator=0.000, denominator=0.052 (repeats for this event suppressed)
Event 139: >5% quadrature weight outside P_det grid — numerator=0.000, denominator=0.052 (repeats for this event suppressed)
Event 139: >5% quadrature weight outside P_det grid — numerator=0.000, denominator=0.056 (repeats for this event suppressed)
Event 139: >5% quadrature weight outside P_det grid — numerator=0.000, denominator=0.050 (repeats for this event suppressed)
Event 139: >5% quadrature weight outside P_det grid — numerator=0.000, denominator=0.055 (repeats for this event suppressed)
Event 139: >5% quadrature weight outside P_det grid — numerator=0.000, denominator=0.054 (repeats for this event suppressed)
Event 139: >5% quadrature weight outside P_det grid — numerator=0.000, denominator=0.077 (repeats for this event suppressed)
Event 139: >5% quadrature weight outside P_det grid — numerator=0.000, denominator=0.068 (repeats for this event suppressed)
Detection 139: fused completion mass factor zero at 50/50 quadrature nodes (0 beyond the detection horizon, S_4D=0; 50 off the phi support).
Event 140: >5% quadrature weight outside P_det grid — numerator=0.000, denominator=0.051 (repeats for this event suppressed)
Event 140: >5% quadrature weight outside P_det grid — numerator=0.000, denominator=0.051 (repeats for this event suppressed)
Event 140: >5% quadrature weight outside P_det grid — numerator=0.000, denominator=0.058 (repeats for this event suppressed)
Event 140: >5% quadrature weight outside P_det grid — numerator=0.000, denominator=0.055 (repeats for this event suppressed)
Event 140: >5% quadrature weight outside P_det grid — numerator=0.000, denominator=0.071 (repeats for this event suppressed)
Event 140: >5% quadrature weight outside P_det grid — numerator=0.000, denominator=0.050 (repeats for this event suppressed)
Event 140: >5% quadrature weight outside P_det grid — numerator=0.000, denominator=0.050 (repeats for this event suppressed)
Event 140: >5% quadrature weight outside P_det grid — numerator=0.000, denominator=0.066 (repeats for this event suppressed)
Event 140: >5% quadrature weight outside P_det grid — numerator=0.000, denominator=0.052 (repeats for this event suppressed)
Event 140: >5% quadrature weight outside P_det grid — numerator=0.000, denominator=0.055 (repeats for this event suppressed)
Event 140: >5% quadrature weight outside P_det grid — numerator=0.000, denominator=0.052 (repeats for this event suppressed)
Event 140: >5% quadrature weight outside P_det grid — numerator=0.000, denominator=0.061 (repeats for this event suppressed)
Event 140: >5% quadrature weight outside P_det grid — numerator=0.000, denominator=0.051 (repeats for this event suppressed)
Event 140: >5% quadrature weight outside P_det grid — numerator=0.000, denominator=0.060 (repeats for this event suppressed)
Event 142: >5% quadrature weight outside P_det grid — numerator=0.000, denominator=0.058 (repeats for this event suppressed)
Event 142: >5% quadrature weight outside P_det grid — numerator=0.000, denominator=0.058 (repeats for this event suppressed)
Event 142: >5% quadrature weight outside P_det grid — numerator=0.000, denominator=0.057 (repeats for this event suppressed)
Event 142: >5% quadrature weight outside P_det grid — numerator=0.000, denominator=0.058 (repeats for this event suppressed)
Event 142: >5% quadrature weight outside P_det grid — numerator=0.000, denominator=0.058 (repeats for this event suppressed)
Event 142: >5% quadrature weight outside P_det grid — numerator=0.000, denominator=0.053 (repeats for this event suppressed)
Event 142: >5% quadrature weight outside P_det grid — numerator=0.000, denominator=0.056 (repeats for this event suppressed)
Event 142: >5% quadrature weight outside P_det grid — numerator=0.000, denominator=0.056 (repeats for this event suppressed)
Event 142: >5% quadrature weight outside P_det grid — numerator=0.000, denominator=0.053 (repeats for this event suppressed)
Event 142: >5% quadrature weight outside P_det grid — numerator=0.000, denominator=0.052 (repeats for this event suppressed)
Event 142: >5% quadrature weight outside P_det grid — numerator=0.000, denominator=0.054 (repeats for this event suppressed)
Event 142: >5% quadrature weight outside P_det grid — numerator=0.000, denominator=0.064 (repeats for this event suppressed)
Event 142: >5% quadrature weight outside P_det grid — numerator=0.000, denominator=0.054 (repeats for this event suppressed)
Event 142: >5% quadrature weight outside P_det grid — numerator=0.000, denominator=0.064 (repeats for this event suppressed)
Event 143: >5% quadrature weight outside P_det grid — numerator=0.000, denominator=0.069 (repeats for this event suppressed)
Event 143: >5% quadrature weight outside P_det grid — numerator=0.000, denominator=0.051 (repeats for this event suppressed)
Event 143: >5% quadrature weight outside P_det grid — numerator=0.000, denominator=0.053 (repeats for this event suppressed)
Event 143: >5% quadrature weight outside P_det grid — numerator=0.000, denominator=0.067 (repeats for this event suppressed)
Event 143: >5% quadrature weight outside P_det grid — numerator=0.000, denominator=0.069 (repeats for this event suppressed)
Event 143: >5% quadrature weight outside P_det grid — numerator=0.000, denominator=0.057 (repeats for this event suppressed)
Event 143: >5% quadrature weight outside P_det grid — numerator=0.000, denominator=0.068 (repeats for this event suppressed)
Event 143: >5% quadrature weight outside P_det grid — numerator=0.000, denominator=0.062 (repeats for this event suppressed)
Event 143: >5% quadrature weight outside P_det grid — numerator=0.000, denominator=0.067 (repeats for this event suppressed)
Event 143: >5% quadrature weight outside P_det grid — numerator=0.000, denominator=0.067 (repeats for this event suppressed)
Event 143: >5% quadrature weight outside P_det grid — numerator=0.000, denominator=0.068 (repeats for this event suppressed)
Event 143: >5% quadrature weight outside P_det grid — numerator=0.000, denominator=0.054 (repeats for this event suppressed)
Event 143: >5% quadrature weight outside P_det grid — numerator=0.000, denominator=0.067 (repeats for this event suppressed)
Event 143: >5% quadrature weight outside P_det grid — numerator=0.000, denominator=0.068 (repeats for this event suppressed)
Event 144: >5% quadrature weight outside P_det grid — numerator=0.000, denominator=0.054 (repeats for this event suppressed)
Event 144: >5% quadrature weight outside P_det grid — numerator=0.000, denominator=0.059 (repeats for this event suppressed)
Event 144: >5% quadrature weight outside P_det grid — numerator=0.000, denominator=0.056 (repeats for this event suppressed)
Event 144: >5% quadrature weight outside P_det grid — numerator=0.000, denominator=0.055 (repeats for this event suppressed)
Event 144: >5% quadrature weight outside P_det grid — numerator=0.000, denominator=0.085 (repeats for this event suppressed)
Event 144: >5% quadrature weight outside P_det grid — numerator=0.000, denominator=0.091 (repeats for this event suppressed)
Event 144: >5% quadrature weight outside P_det grid — numerator=0.000, denominator=0.087 (repeats for this event suppressed)
Event 145: >5% quadrature weight outside P_det grid — numerator=0.000, denominator=0.056 (repeats for this event suppressed)
Event 145: >5% quadrature weight outside P_det grid — numerator=0.000, denominator=0.053 (repeats for this event suppressed)
Event 145: >5% quadrature weight outside P_det grid — numerator=0.000, denominator=0.052 (repeats for this event suppressed)
Event 145: >5% quadrature weight outside P_det grid — numerator=0.000, denominator=0.057 (repeats for this event suppressed)
Event 145: >5% quadrature weight outside P_det grid — numerator=0.000, denominator=0.069 (repeats for this event suppressed)
Event 145: >5% quadrature weight outside P_det grid — numerator=0.000, denominator=0.068 (repeats for this event suppressed)
Event 145: >5% quadrature weight outside P_det grid — numerator=0.000, denominator=0.060 (repeats for this event suppressed)
Event 145: >5% quadrature weight outside P_det grid — numerator=0.000, denominator=0.062 (repeats for this event suppressed)
Event 145: >5% quadrature weight outside P_det grid — numerator=0.000, denominator=0.064 (repeats for this event suppressed)
Event 145: >5% quadrature weight outside P_det grid — numerator=0.000, denominator=0.066 (repeats for this event suppressed)
Event 145: >5% quadrature weight outside P_det grid — numerator=0.000, denominator=0.068 (repeats for this event suppressed)
Event 145: >5% quadrature weight outside P_det grid — numerator=0.000, denominator=0.052 (repeats for this event suppressed)
Event 145: >5% quadrature weight outside P_det grid — numerator=0.000, denominator=0.066 (repeats for this event suppressed)
Event 145: >5% quadrature weight outside P_det grid — numerator=0.000, denominator=0.062 (repeats for this event suppressed)
Event 146: >5% quadrature weight outside P_det grid — numerator=0.000, denominator=0.064 (repeats for this event suppressed)
Event 146: >5% quadrature weight outside P_det grid — numerator=0.000, denominator=0.053 (repeats for this event suppressed)
Event 146: >5% quadrature weight outside P_det grid — numerator=0.000, denominator=0.053 (repeats for this event suppressed)
Event 146: >5% quadrature weight outside P_det grid — numerator=0.000, denominator=0.057 (repeats for this event suppressed)
Event 146: >5% quadrature weight outside P_det grid — numerator=0.000, denominator=0.059 (repeats for this event suppressed)
Event 146: >5% quadrature weight outside P_det grid — numerator=0.000, denominator=0.063 (repeats for this event suppressed)
Event 146: >5% quadrature weight outside P_det grid — numerator=0.000, denominator=0.071 (repeats for this event suppressed)
Event 146: >5% quadrature weight outside P_det grid — numerator=0.000, denominator=0.053 (repeats for this event suppressed)
Event 146: >5% quadrature weight outside P_det grid — numerator=0.000, denominator=0.071 (repeats for this event suppressed)
Event 146: >5% quadrature weight outside P_det grid — numerator=0.000, denominator=0.054 (repeats for this event suppressed)
Event 146: >5% quadrature weight outside P_det grid — numerator=0.000, denominator=0.051 (repeats for this event suppressed)
Event 146: >5% quadrature weight outside P_det grid — numerator=0.000, denominator=0.058 (repeats for this event suppressed)
Event 146: >5% quadrature weight outside P_det grid — numerator=0.000, denominator=0.070 (repeats for this event suppressed)
Event 146: >5% quadrature weight outside P_det grid — numerator=0.000, denominator=0.065 (repeats for this event suppressed)
Event 147: >5% quadrature weight outside P_det grid — numerator=0.000, denominator=0.080 (repeats for this event suppressed)
Detection 147: fused completion mass factor zero at 50/50 quadrature nodes (0 beyond the detection horizon, S_4D=0; 50 off the phi support).
Event 148: >5% quadrature weight outside P_det grid — numerator=0.000, denominator=0.072 (repeats for this event suppressed)
Event 148: >5% quadrature weight outside P_det grid — numerator=0.000, denominator=0.077 (repeats for this event suppressed)
Event 148: >5% quadrature weight outside P_det grid — numerator=0.000, denominator=0.064 (repeats for this event suppressed)
Event 148: >5% quadrature weight outside P_det grid — numerator=0.000, denominator=0.056 (repeats for this event suppressed)
Event 148: >5% quadrature weight outside P_det grid — numerator=0.000, denominator=0.071 (repeats for this event suppressed)
Event 148: >5% quadrature weight outside P_det grid — numerator=0.000, denominator=0.053 (repeats for this event suppressed)
Event 148: >5% quadrature weight outside P_det grid — numerator=0.000, denominator=0.051 (repeats for this event suppressed)
Event 148: >5% quadrature weight outside P_det grid — numerator=0.000, denominator=0.085 (repeats for this event suppressed)
Event 148: >5% quadrature weight outside P_det grid — numerator=0.000, denominator=0.066 (repeats for this event suppressed)
Event 148: >5% quadrature weight outside P_det grid — numerator=0.000, denominator=0.061 (repeats for this event suppressed)
Event 148: >5% quadrature weight outside P_det grid — numerator=0.000, denominator=0.068 (repeats for this event suppressed)
Event 148: >5% quadrature weight outside P_det grid — numerator=0.000, denominator=0.053 (repeats for this event suppressed)
Event 148: >5% quadrature weight outside P_det grid — numerator=0.000, denominator=0.053 (repeats for this event suppressed)
Event 148: >5% quadrature weight outside P_det grid — numerator=0.000, denominator=0.076 (repeats for this event suppressed)
Event 150: >5% quadrature weight outside P_det grid — numerator=0.000, denominator=0.064 (repeats for this event suppressed)
Event 150: >5% quadrature weight outside P_det grid — numerator=0.000, denominator=0.056 (repeats for this event suppressed)
Event 150: >5% quadrature weight outside P_det grid — numerator=0.000, denominator=0.058 (repeats for this event suppressed)
Event 150: >5% quadrature weight outside P_det grid — numerator=0.000, denominator=0.061 (repeats for this event suppressed)
Event 150: >5% quadrature weight outside P_det grid — numerator=0.000, denominator=0.050 (repeats for this event suppressed)
Event 150: >5% quadrature weight outside P_det grid — numerator=0.000, denominator=0.060 (repeats for this event suppressed)
Event 150: >5% quadrature weight outside P_det grid — numerator=0.000, denominator=0.054 (repeats for this event suppressed)
Event 150: >5% quadrature weight outside P_det grid — numerator=0.000, denominator=0.056 (repeats for this event suppressed)
Event 150: >5% quadrature weight outside P_det grid — numerator=0.000, denominator=0.052 (repeats for this event suppressed)
Event 150: >5% quadrature weight outside P_det grid — numerator=0.000, denominator=0.065 (repeats for this event suppressed)
Event 150: >5% quadrature weight outside P_det grid — numerator=0.000, denominator=0.061 (repeats for this event suppressed)
Event 150: >5% quadrature weight outside P_det grid — numerator=0.000, denominator=0.067 (repeats for this event suppressed)
Event 150: >5% quadrature weight outside P_det grid — numerator=0.000, denominator=0.054 (repeats for this event suppressed)
Event 150: >5% quadrature weight outside P_det grid — numerator=0.000, denominator=0.063 (repeats for this event suppressed)
Event 153: >5% quadrature weight outside P_det grid — numerator=0.000, denominator=0.056 (repeats for this event suppressed)
Event 153: >5% quadrature weight outside P_det grid — numerator=0.000, denominator=0.052 (repeats for this event suppressed)
Event 153: >5% quadrature weight outside P_det grid — numerator=0.000, denominator=0.052 (repeats for this event suppressed)
Event 153: >5% quadrature weight outside P_det grid — numerator=0.000, denominator=0.069 (repeats for this event suppressed)
Event 153: >5% quadrature weight outside P_det grid — numerator=0.000, denominator=0.074 (repeats for this event suppressed)
Event 153: >5% quadrature weight outside P_det grid — numerator=0.000, denominator=0.061 (repeats for this event suppressed)
Event 153: >5% quadrature weight outside P_det grid — numerator=0.000, denominator=0.052 (repeats for this event suppressed)
Event 153: >5% quadrature weight outside P_det grid — numerator=0.000, denominator=0.062 (repeats for this event suppressed)
Event 153: >5% quadrature weight outside P_det grid — numerator=0.000, denominator=0.064 (repeats for this event suppressed)
Event 153: >5% quadrature weight outside P_det grid — numerator=0.000, denominator=0.058 (repeats for this event suppressed)
Event 153: >5% quadrature weight outside P_det grid — numerator=0.000, denominator=0.053 (repeats for this event suppressed)
Event 153: >5% quadrature weight outside P_det grid — numerator=0.000, denominator=0.059 (repeats for this event suppressed)
Event 153: >5% quadrature weight outside P_det grid — numerator=0.000, denominator=0.057 (repeats for this event suppressed)
Event 153: >5% quadrature weight outside P_det grid — numerator=0.000, denominator=0.055 (repeats for this event suppressed)
Event 154: >5% quadrature weight outside P_det grid — numerator=0.000, denominator=0.053 (repeats for this event suppressed)
Event 154: >5% quadrature weight outside P_det grid — numerator=0.000, denominator=0.055 (repeats for this event suppressed)
Event 154: >5% quadrature weight outside P_det grid — numerator=0.000, denominator=0.057 (repeats for this event suppressed)
Event 154: >5% quadrature weight outside P_det grid — numerator=0.000, denominator=0.075 (repeats for this event suppressed)
Event 154: >5% quadrature weight outside P_det grid — numerator=0.000, denominator=0.057 (repeats for this event suppressed)
Event 154: >5% quadrature weight outside P_det grid — numerator=0.000, denominator=0.057 (repeats for this event suppressed)
Event 154: >5% quadrature weight outside P_det grid — numerator=0.000, denominator=0.059 (repeats for this event suppressed)
Event 154: >5% quadrature weight outside P_det grid — numerator=0.000, denominator=0.060 (repeats for this event suppressed)
Event 154: >5% quadrature weight outside P_det grid — numerator=0.000, denominator=0.060 (repeats for this event suppressed)
Event 154: >5% quadrature weight outside P_det grid — numerator=0.000, denominator=0.061 (repeats for this event suppressed)
Event 154: >5% quadrature weight outside P_det grid — numerator=0.000, denominator=0.057 (repeats for this event suppressed)
Event 154: >5% quadrature weight outside P_det grid — numerator=0.000, denominator=0.057 (repeats for this event suppressed)
Event 154: >5% quadrature weight outside P_det grid — numerator=0.000, denominator=0.052 (repeats for this event suppressed)
Event 154: >5% quadrature weight outside P_det grid — numerator=0.000, denominator=0.054 (repeats for this event suppressed)
Event 156: >5% quadrature weight outside P_det grid — numerator=0.000, denominator=0.064 (repeats for this event suppressed)
Event 156: >5% quadrature weight outside P_det grid — numerator=0.000, denominator=0.065 (repeats for this event suppressed)
Event 156: >5% quadrature weight outside P_det grid — numerator=0.000, denominator=0.058 (repeats for this event suppressed)
Event 156: >5% quadrature weight outside P_det grid — numerator=0.000, denominator=0.070 (repeats for this event suppressed)
Event 156: >5% quadrature weight outside P_det grid — numerator=0.000, denominator=0.062 (repeats for this event suppressed)
Event 156: >5% quadrature weight outside P_det grid — numerator=0.000, denominator=0.051 (repeats for this event suppressed)
Event 156: >5% quadrature weight outside P_det grid — numerator=0.000, denominator=0.053 (repeats for this event suppressed)
Event 156: >5% quadrature weight outside P_det grid — numerator=0.000, denominator=0.058 (repeats for this event suppressed)
Event 156: >5% quadrature weight outside P_det grid — numerator=0.000, denominator=0.064 (repeats for this event suppressed)
Event 156: >5% quadrature weight outside P_det grid — numerator=0.000, denominator=0.054 (repeats for this event suppressed)
Event 156: >5% quadrature weight outside P_det grid — numerator=0.000, denominator=0.050 (repeats for this event suppressed)
Event 156: >5% quadrature weight outside P_det grid — numerator=0.000, denominator=0.071 (repeats for this event suppressed)
Event 156: >5% quadrature weight outside P_det grid — numerator=0.000, denominator=0.056 (repeats for this event suppressed)
Event 156: >5% quadrature weight outside P_det grid — numerator=0.000, denominator=0.055 (repeats for this event suppressed)
Event 160: >5% quadrature weight outside P_det grid — numerator=0.000, denominator=0.055 (repeats for this event suppressed)
Event 160: >5% quadrature weight outside P_det grid — numerator=0.000, denominator=0.059 (repeats for this event suppressed)
Event 160: >5% quadrature weight outside P_det grid — numerator=0.000, denominator=0.064 (repeats for this event suppressed)
Event 163: >5% quadrature weight outside P_det grid — numerator=0.000, denominator=0.067 (repeats for this event suppressed)
Event 163: >5% quadrature weight outside P_det grid — numerator=0.000, denominator=0.061 (repeats for this event suppressed)
Event 163: >5% quadrature weight outside P_det grid — numerator=0.000, denominator=0.053 (repeats for this event suppressed)
Event 163: >5% quadrature weight outside P_det grid — numerator=0.000, denominator=0.054 (repeats for this event suppressed)
Event 163: >5% quadrature weight outside P_det grid — numerator=0.000, denominator=0.060 (repeats for this event suppressed)
Event 163: >5% quadrature weight outside P_det grid — numerator=0.000, denominator=0.055 (repeats for this event suppressed)
Event 163: >5% quadrature weight outside P_det grid — numerator=0.000, denominator=0.059 (repeats for this event suppressed)
Event 163: >5% quadrature weight outside P_det grid — numerator=0.000, denominator=0.070 (repeats for this event suppressed)
Event 163: >5% quadrature weight outside P_det grid — numerator=0.000, denominator=0.074 (repeats for this event suppressed)
Event 163: >5% quadrature weight outside P_det grid — numerator=0.000, denominator=0.060 (repeats for this event suppressed)
Event 163: >5% quadrature weight outside P_det grid — numerator=0.000, denominator=0.056 (repeats for this event suppressed)
Event 163: >5% quadrature weight outside P_det grid — numerator=0.000, denominator=0.061 (repeats for this event suppressed)
Event 163: >5% quadrature weight outside P_det grid — numerator=0.000, denominator=0.079 (repeats for this event suppressed)
Event 163: >5% quadrature weight outside P_det grid — numerator=0.000, denominator=0.069 (repeats for this event suppressed)
Event 166: >5% quadrature weight outside P_det grid — numerator=0.000, denominator=0.067 (repeats for this event suppressed)
Event 166: >5% quadrature weight outside P_det grid — numerator=0.000, denominator=0.071 (repeats for this event suppressed)
Event 166: >5% quadrature weight outside P_det grid — numerator=0.000, denominator=0.064 (repeats for this event suppressed)
Event 166: >5% quadrature weight outside P_det grid — numerator=0.000, denominator=0.060 (repeats for this event suppressed)
Event 166: >5% quadrature weight outside P_det grid — numerator=0.000, denominator=0.067 (repeats for this event suppressed)
Event 166: >5% quadrature weight outside P_det grid — numerator=0.000, denominator=0.054 (repeats for this event suppressed)
Event 166: >5% quadrature weight outside P_det grid — numerator=0.000, denominator=0.053 (repeats for this event suppressed)
Event 166: >5% quadrature weight outside P_det grid — numerator=0.000, denominator=0.053 (repeats for this event suppressed)
Event 166: >5% quadrature weight outside P_det grid — numerator=0.000, denominator=0.054 (repeats for this event suppressed)
Event 166: >5% quadrature weight outside P_det grid — numerator=0.000, denominator=0.066 (repeats for this event suppressed)
Event 166: >5% quadrature weight outside P_det grid — numerator=0.000, denominator=0.062 (repeats for this event suppressed)
Event 166: >5% quadrature weight outside P_det grid — numerator=0.000, denominator=0.058 (repeats for this event suppressed)
Event 166: >5% quadrature weight outside P_det grid — numerator=0.000, denominator=0.054 (repeats for this event suppressed)
Event 166: >5% quadrature weight outside P_det grid — numerator=0.000, denominator=0.057 (repeats for this event suppressed)
Event 169: >5% quadrature weight outside P_det grid — numerator=0.000, denominator=0.067 (repeats for this event suppressed)
Event 169: >5% quadrature weight outside P_det grid — numerator=0.000, denominator=0.061 (repeats for this event suppressed)
Event 169: >5% quadrature weight outside P_det grid — numerator=0.000, denominator=0.062 (repeats for this event suppressed)
Event 169: >5% quadrature weight outside P_det grid — numerator=0.000, denominator=0.064 (repeats for this event suppressed)
Event 169: >5% quadrature weight outside P_det grid — numerator=0.000, denominator=0.072 (repeats for this event suppressed)
Event 169: >5% quadrature weight outside P_det grid — numerator=0.000, denominator=0.083 (repeats for this event suppressed)
Event 169: >5% quadrature weight outside P_det grid — numerator=0.000, denominator=0.050 (repeats for this event suppressed)
Event 169: >5% quadrature weight outside P_det grid — numerator=0.000, denominator=0.066 (repeats for this event suppressed)
Event 169: >5% quadrature weight outside P_det grid — numerator=0.000, denominator=0.059 (repeats for this event suppressed)
Event 169: >5% quadrature weight outside P_det grid — numerator=0.000, denominator=0.052 (repeats for this event suppressed)
Event 169: >5% quadrature weight outside P_det grid — numerator=0.000, denominator=0.056 (repeats for this event suppressed)
Event 169: >5% quadrature weight outside P_det grid — numerator=0.000, denominator=0.062 (repeats for this event suppressed)
Event 169: >5% quadrature weight outside P_det grid — numerator=0.000, denominator=0.066 (repeats for this event suppressed)
Event 169: >5% quadrature weight outside P_det grid — numerator=0.000, denominator=0.066 (repeats for this event suppressed)
Event 172: >5% quadrature weight outside P_det grid — numerator=0.000, denominator=0.065 (repeats for this event suppressed)
Event 172: >5% quadrature weight outside P_det grid — numerator=0.000, denominator=0.061 (repeats for this event suppressed)
Event 172: >5% quadrature weight outside P_det grid — numerator=0.000, denominator=0.075 (repeats for this event suppressed)
Event 172: >5% quadrature weight outside P_det grid — numerator=0.000, denominator=0.066 (repeats for this event suppressed)
Event 172: >5% quadrature weight outside P_det grid — numerator=0.000, denominator=0.063 (repeats for this event suppressed)
Event 172: >5% quadrature weight outside P_det grid — numerator=0.000, denominator=0.077 (repeats for this event suppressed)
Event 172: >5% quadrature weight outside P_det grid — numerator=0.000, denominator=0.052 (repeats for this event suppressed)
Event 172: >5% quadrature weight outside P_det grid — numerator=0.000, denominator=0.081 (repeats for this event suppressed)
Event 172: >5% quadrature weight outside P_det grid — numerator=0.000, denominator=0.062 (repeats for this event suppressed)
Event 172: >5% quadrature weight outside P_det grid — numerator=0.000, denominator=0.056 (repeats for this event suppressed)
Event 172: >5% quadrature weight outside P_det grid — numerator=0.000, denominator=0.051 (repeats for this event suppressed)
Event 172: >5% quadrature weight outside P_det grid — numerator=0.000, denominator=0.054 (repeats for this event suppressed)
Event 172: >5% quadrature weight outside P_det grid — numerator=0.000, denominator=0.052 (repeats for this event suppressed)
Event 172: >5% quadrature weight outside P_det grid — numerator=0.000, denominator=0.065 (repeats for this event suppressed)
Event 173: >5% quadrature weight outside P_det grid — numerator=0.000, denominator=0.054 (repeats for this event suppressed)
Event 173: >5% quadrature weight outside P_det grid — numerator=0.000, denominator=0.065 (repeats for this event suppressed)
Event 173: >5% quadrature weight outside P_det grid — numerator=0.000, denominator=0.056 (repeats for this event suppressed)
Event 173: >5% quadrature weight outside P_det grid — numerator=0.000, denominator=0.068 (repeats for this event suppressed)
Event 173: >5% quadrature weight outside P_det grid — numerator=0.000, denominator=0.069 (repeats for this event suppressed)
Event 173: >5% quadrature weight outside P_det grid — numerator=0.000, denominator=0.055 (repeats for this event suppressed)
Event 173: >5% quadrature weight outside P_det grid — numerator=0.000, denominator=0.063 (repeats for this event suppressed)
Event 173: >5% quadrature weight outside P_det grid — numerator=0.000, denominator=0.054 (repeats for this event suppressed)
Event 173: >5% quadrature weight outside P_det grid — numerator=0.000, denominator=0.055 (repeats for this event suppressed)
Event 173: >5% quadrature weight outside P_det grid — numerator=0.000, denominator=0.068 (repeats for this event suppressed)
Event 173: >5% quadrature weight outside P_det grid — numerator=0.000, denominator=0.056 (repeats for this event suppressed)
Event 173: >5% quadrature weight outside P_det grid — numerator=0.000, denominator=0.066 (repeats for this event suppressed)
Event 173: >5% quadrature weight outside P_det grid — numerator=0.000, denominator=0.061 (repeats for this event suppressed)
Event 173: >5% quadrature weight outside P_det grid — numerator=0.000, denominator=0.054 (repeats for this event suppressed)
Event 176: >5% quadrature weight outside P_det grid — numerator=0.000, denominator=0.056 (repeats for this event suppressed)
Event 176: >5% quadrature weight outside P_det grid — numerator=0.000, denominator=0.052 (repeats for this event suppressed)
Event 178: >5% quadrature weight outside P_det grid — numerator=0.000, denominator=0.051 (repeats for this event suppressed)
Event 178: >5% quadrature weight outside P_det grid — numerator=0.000, denominator=0.054 (repeats for this event suppressed)
Event 178: >5% quadrature weight outside P_det grid — numerator=0.000, denominator=0.053 (repeats for this event suppressed)
Event 178: >5% quadrature weight outside P_det grid — numerator=0.000, denominator=0.078 (repeats for this event suppressed)
Event 178: >5% quadrature weight outside P_det grid — numerator=0.000, denominator=0.062 (repeats for this event suppressed)
Event 178: >5% quadrature weight outside P_det grid — numerator=0.000, denominator=0.052 (repeats for this event suppressed)
Event 178: >5% quadrature weight outside P_det grid — numerator=0.000, denominator=0.055 (repeats for this event suppressed)
Event 178: >5% quadrature weight outside P_det grid — numerator=0.000, denominator=0.056 (repeats for this event suppressed)
Event 178: >5% quadrature weight outside P_det grid — numerator=0.000, denominator=0.054 (repeats for this event suppressed)
Event 178: >5% quadrature weight outside P_det grid — numerator=0.000, denominator=0.056 (repeats for this event suppressed)
Event 178: >5% quadrature weight outside P_det grid — numerator=0.000, denominator=0.053 (repeats for this event suppressed)
Event 178: >5% quadrature weight outside P_det grid — numerator=0.000, denominator=0.052 (repeats for this event suppressed)
Event 178: >5% quadrature weight outside P_det grid — numerator=0.000, denominator=0.050 (repeats for this event suppressed)
Event 178: >5% quadrature weight outside P_det grid — numerator=0.000, denominator=0.058 (repeats for this event suppressed)
Detection 178: fused completion mass factor zero at 50/50 quadrature nodes (0 beyond the detection horizon, S_4D=0; 50 off the phi support).
Event 182: >5% quadrature weight outside P_det grid — numerator=0.000, denominator=0.076 (repeats for this event suppressed)
Event 182: >5% quadrature weight outside P_det grid — numerator=0.000, denominator=0.054 (repeats for this event suppressed)
Event 182: >5% quadrature weight outside P_det grid — numerator=0.000, denominator=0.081 (repeats for this event suppressed)
Event 182: >5% quadrature weight outside P_det grid — numerator=0.000, denominator=0.067 (repeats for this event suppressed)
Event 182: >5% quadrature weight outside P_det grid — numerator=0.000, denominator=0.054 (repeats for this event suppressed)
Event 182: >5% quadrature weight outside P_det grid — numerator=0.000, denominator=0.053 (repeats for this event suppressed)
Event 182: >5% quadrature weight outside P_det grid — numerator=0.000, denominator=0.079 (repeats for this event suppressed)
Event 182: >5% quadrature weight outside P_det grid — numerator=0.000, denominator=0.064 (repeats for this event suppressed)
Event 182: >5% quadrature weight outside P_det grid — numerator=0.000, denominator=0.066 (repeats for this event suppressed)
Event 182: >5% quadrature weight outside P_det grid — numerator=0.000, denominator=0.058 (repeats for this event suppressed)
Event 182: >5% quadrature weight outside P_det grid — numerator=0.000, denominator=0.104 (repeats for this event suppressed)
Event 182: >5% quadrature weight outside P_det grid — numerator=0.000, denominator=0.062 (repeats for this event suppressed)
Event 182: >5% quadrature weight outside P_det grid — numerator=0.000, denominator=0.055 (repeats for this event suppressed)
Event 182: >5% quadrature weight outside P_det grid — numerator=0.000, denominator=0.051 (repeats for this event suppressed)
Event 183: >5% quadrature weight outside P_det grid — numerator=0.000, denominator=0.064 (repeats for this event suppressed)
Event 183: >5% quadrature weight outside P_det grid — numerator=0.000, denominator=0.051 (repeats for this event suppressed)
Event 183: >5% quadrature weight outside P_det grid — numerator=0.000, denominator=0.054 (repeats for this event suppressed)
Event 183: >5% quadrature weight outside P_det grid — numerator=0.000, denominator=0.052 (repeats for this event suppressed)
Event 183: >5% quadrature weight outside P_det grid — numerator=0.000, denominator=0.052 (repeats for this event suppressed)
Event 183: >5% quadrature weight outside P_det grid — numerator=0.000, denominator=0.051 (repeats for this event suppressed)
Event 183: >5% quadrature weight outside P_det grid — numerator=0.000, denominator=0.051 (repeats for this event suppressed)
Event 183: >5% quadrature weight outside P_det grid — numerator=0.000, denominator=0.055 (repeats for this event suppressed)
Event 183: >5% quadrature weight outside P_det grid — numerator=0.000, denominator=0.055 (repeats for this event suppressed)
Event 183: >5% quadrature weight outside P_det grid — numerator=0.000, denominator=0.056 (repeats for this event suppressed)
Event 183: >5% quadrature weight outside P_det grid — numerator=0.000, denominator=0.055 (repeats for this event suppressed)
Event 186: >5% quadrature weight outside P_det grid — numerator=0.000, denominator=0.057 (repeats for this event suppressed)
Event 186: >5% quadrature weight outside P_det grid — numerator=0.000, denominator=0.057 (repeats for this event suppressed)
Event 186: >5% quadrature weight outside P_det grid — numerator=0.000, denominator=0.058 (repeats for this event suppressed)
Event 186: >5% quadrature weight outside P_det grid — numerator=0.000, denominator=0.055 (repeats for this event suppressed)
Event 186: >5% quadrature weight outside P_det grid — numerator=0.000, denominator=0.069 (repeats for this event suppressed)
Event 186: >5% quadrature weight outside P_det grid — numerator=0.000, denominator=0.061 (repeats for this event suppressed)
Event 186: >5% quadrature weight outside P_det grid — numerator=0.000, denominator=0.085 (repeats for this event suppressed)
Event 186: >5% quadrature weight outside P_det grid — numerator=0.000, denominator=0.059 (repeats for this event suppressed)
Event 186: >5% quadrature weight outside P_det grid — numerator=0.000, denominator=0.083 (repeats for this event suppressed)
Event 186: >5% quadrature weight outside P_det grid — numerator=0.000, denominator=0.073 (repeats for this event suppressed)
Event 186: >5% quadrature weight outside P_det grid — numerator=0.000, denominator=0.070 (repeats for this event suppressed)
Event 186: >5% quadrature weight outside P_det grid — numerator=0.000, denominator=0.061 (repeats for this event suppressed)
Event 186: >5% quadrature weight outside P_det grid — numerator=0.000, denominator=0.081 (repeats for this event suppressed)
Event 186: >5% quadrature weight outside P_det grid — numerator=0.000, denominator=0.068 (repeats for this event suppressed)
Event 187: >5% quadrature weight outside P_det grid — numerator=0.000, denominator=0.070 (repeats for this event suppressed)
Event 187: >5% quadrature weight outside P_det grid — numerator=0.000, denominator=0.058 (repeats for this event suppressed)
Event 187: >5% quadrature weight outside P_det grid — numerator=0.000, denominator=0.069 (repeats for this event suppressed)
Event 187: >5% quadrature weight outside P_det grid — numerator=0.000, denominator=0.052 (repeats for this event suppressed)
Event 187: >5% quadrature weight outside P_det grid — numerator=0.000, denominator=0.063 (repeats for this event suppressed)
Event 187: >5% quadrature weight outside P_det grid — numerator=0.000, denominator=0.059 (repeats for this event suppressed)
Event 187: >5% quadrature weight outside P_det grid — numerator=0.000, denominator=0.051 (repeats for this event suppressed)
Event 187: >5% quadrature weight outside P_det grid — numerator=0.000, denominator=0.051 (repeats for this event suppressed)
Event 187: >5% quadrature weight outside P_det grid — numerator=0.000, denominator=0.054 (repeats for this event suppressed)
Event 187: >5% quadrature weight outside P_det grid — numerator=0.000, denominator=0.054 (repeats for this event suppressed)
Event 187: >5% quadrature weight outside P_det grid — numerator=0.000, denominator=0.051 (repeats for this event suppressed)
Event 187: >5% quadrature weight outside P_det grid — numerator=0.000, denominator=0.058 (repeats for this event suppressed)
Event 187: >5% quadrature weight outside P_det grid — numerator=0.000, denominator=0.083 (repeats for this event suppressed)
Event 187: >5% quadrature weight outside P_det grid — numerator=0.000, denominator=0.071 (repeats for this event suppressed)
Event 192: >5% quadrature weight outside P_det grid — numerator=0.000, denominator=0.062 (repeats for this event suppressed)
Event 192: >5% quadrature weight outside P_det grid — numerator=0.000, denominator=0.059 (repeats for this event suppressed)
Event 192: >5% quadrature weight outside P_det grid — numerator=0.000, denominator=0.071 (repeats for this event suppressed)
Event 192: >5% quadrature weight outside P_det grid — numerator=0.000, denominator=0.100 (repeats for this event suppressed)
Event 192: >5% quadrature weight outside P_det grid — numerator=0.000, denominator=0.087 (repeats for this event suppressed)
Event 192: >5% quadrature weight outside P_det grid — numerator=0.000, denominator=0.063 (repeats for this event suppressed)
Event 192: >5% quadrature weight outside P_det grid — numerator=0.000, denominator=0.061 (repeats for this event suppressed)
Event 192: >5% quadrature weight outside P_det grid — numerator=0.000, denominator=0.090 (repeats for this event suppressed)
Event 192: >5% quadrature weight outside P_det grid — numerator=0.000, denominator=0.084 (repeats for this event suppressed)
Event 192: >5% quadrature weight outside P_det grid — numerator=0.000, denominator=0.062 (repeats for this event suppressed)
Event 192: >5% quadrature weight outside P_det grid — numerator=0.000, denominator=0.084 (repeats for this event suppressed)
Event 192: >5% quadrature weight outside P_det grid — numerator=0.000, denominator=0.058 (repeats for this event suppressed)
Event 192: >5% quadrature weight outside P_det grid — numerator=0.000, denominator=0.097 (repeats for this event suppressed)
Event 192: >5% quadrature weight outside P_det grid — numerator=0.000, denominator=0.062 (repeats for this event suppressed)
Event 196: >5% quadrature weight outside P_det grid — numerator=0.000, denominator=0.062 (repeats for this event suppressed)
Event 196: >5% quadrature weight outside P_det grid — numerator=0.000, denominator=0.062 (repeats for this event suppressed)
Event 196: >5% quadrature weight outside P_det grid — numerator=0.000, denominator=0.059 (repeats for this event suppressed)
Event 196: >5% quadrature weight outside P_det grid — numerator=0.000, denominator=0.052 (repeats for this event suppressed)
Event 196: >5% quadrature weight outside P_det grid — numerator=0.000, denominator=0.055 (repeats for this event suppressed)
Event 196: >5% quadrature weight outside P_det grid — numerator=0.000, denominator=0.051 (repeats for this event suppressed)
Event 196: >5% quadrature weight outside P_det grid — numerator=0.000, denominator=0.053 (repeats for this event suppressed)
Event 196: >5% quadrature weight outside P_det grid — numerator=0.000, denominator=0.056 (repeats for this event suppressed)
Event 196: >5% quadrature weight outside P_det grid — numerator=0.000, denominator=0.053 (repeats for this event suppressed)
Event 196: >5% quadrature weight outside P_det grid — numerator=0.000, denominator=0.065 (repeats for this event suppressed)
Event 196: >5% quadrature weight outside P_det grid — numerator=0.000, denominator=0.050 (repeats for this event suppressed)
Event 196: >5% quadrature weight outside P_det grid — numerator=0.000, denominator=0.060 (repeats for this event suppressed)
Event 196: >5% quadrature weight outside P_det grid — numerator=0.000, denominator=0.065 (repeats for this event suppressed)
Event 196: >5% quadrature weight outside P_det grid — numerator=0.000, denominator=0.054 (repeats for this event suppressed)
Event 197: >5% quadrature weight outside P_det grid — numerator=0.000, denominator=0.055 (repeats for this event suppressed)
Event 197: >5% quadrature weight outside P_det grid — numerator=0.000, denominator=0.053 (repeats for this event suppressed)
Event 197: >5% quadrature weight outside P_det grid — numerator=0.000, denominator=0.056 (repeats for this event suppressed)
Event 197: >5% quadrature weight outside P_det grid — numerator=0.000, denominator=0.053 (repeats for this event suppressed)
Event 197: >5% quadrature weight outside P_det grid — numerator=0.000, denominator=0.064 (repeats for this event suppressed)
Event 197: >5% quadrature weight outside P_det grid — numerator=0.000, denominator=0.052 (repeats for this event suppressed)
Event 197: >5% quadrature weight outside P_det grid — numerator=0.000, denominator=0.052 (repeats for this event suppressed)
Event 197: >5% quadrature weight outside P_det grid — numerator=0.000, denominator=0.070 (repeats for this event suppressed)
Event 197: >5% quadrature weight outside P_det grid — numerator=0.000, denominator=0.067 (repeats for this event suppressed)
Event 197: >5% quadrature weight outside P_det grid — numerator=0.000, denominator=0.142 (repeats for this event suppressed)
Event 197: >5% quadrature weight outside P_det grid — numerator=0.000, denominator=0.059 (repeats for this event suppressed)
Event 197: >5% quadrature weight outside P_det grid — numerator=0.000, denominator=0.062 (repeats for this event suppressed)
Event 197: >5% quadrature weight outside P_det grid — numerator=0.000, denominator=0.058 (repeats for this event suppressed)
Event 197: >5% quadrature weight outside P_det grid — numerator=0.000, denominator=0.083 (repeats for this event suppressed)
Event 199: >5% quadrature weight outside P_det grid — numerator=0.000, denominator=0.055 (repeats for this event suppressed)
Event 199: >5% quadrature weight outside P_det grid — numerator=0.000, denominator=0.056 (repeats for this event suppressed)
Event 199: >5% quadrature weight outside P_det grid — numerator=0.000, denominator=0.052 (repeats for this event suppressed)
Event 199: >5% quadrature weight outside P_det grid — numerator=0.000, denominator=0.051 (repeats for this event suppressed)
Event 199: >5% quadrature weight outside P_det grid — numerator=0.000, denominator=0.056 (repeats for this event suppressed)
Detection 199: fused completion mass factor zero at 50/50 quadrature nodes (0 beyond the detection horizon, S_4D=0; 50 off the phi support).
/pfs/data6/home/st/st_us-403333/st_ac147838/darksiren-emri/darksiren_emri/plotting/fisher_plots.py:833: UserWarning: The figure layout has changed to tight
  fig.tight_layout()
Injection pool spans 2 code revisions (a9f29e82, f6449051) — legitimate for straggler resubmits after a non-physics fix, but verify none of them changed SNR semantics.
Event -1: 171 host(s) have f_k == 0 across the whole host-z window (empty/ZoA pixel) — host-z kernel falls back to the w_pop-only form for those hosts (further occurrences in this worker are suppressed).
COUNTERFACTUAL: catalogue_numerator_survival_2d='mz_sel' (center='eff') — S_4D inside the with-BH catalogue numerator's own mass quadrature ([P3-2D] twin cell). Not a production posterior.
Injection pool spans 2 code revisions (a9f29e82, f6449051) — legitimate for straggler resubmits after a non-physics fix, but verify none of them changed SNR semantics.
Event 0: >5% quadrature weight outside P_det grid — numerator=0.000, denominator=0.056 (repeats for this event suppressed)
Event 0: >5% quadrature weight outside P_det grid — numerator=0.000, denominator=0.063 (repeats for this event suppressed)
Event 0: >5% quadrature weight outside P_det grid — numerator=0.000, denominator=0.058 (repeats for this event suppressed)
Event 0: >5% quadrature weight outside P_det grid — numerator=0.000, denominator=0.058 (repeats for this event suppressed)
Event 0: >5% quadrature weight outside P_det grid — numerator=0.000, denominator=0.068 (repeats for this event suppressed)
Event 0: >5% quadrature weight outside P_det grid — numerator=0.000, denominator=0.076 (repeats for this event suppressed)
Event 0: >5% quadrature weight outside P_det grid — numerator=0.000, denominator=0.053 (repeats for this event suppressed)
Event 0: >5% quadrature weight outside P_det grid — numerator=0.000, denominator=0.060 (repeats for this event suppressed)
Event 0: >5% quadrature weight outside P_det grid — numerator=0.000, denominator=0.076 (repeats for this event suppressed)
Event 0: >5% quadrature weight outside P_det grid — numerator=0.000, denominator=0.062 (repeats for this event suppressed)
Event 0: >5% quadrature weight outside P_det grid — numerator=0.000, denominator=0.058 (repeats for this event suppressed)
Event 0: >5% quadrature weight outside P_det grid — numerator=0.000, denominator=0.053 (repeats for this event suppressed)
Event 0: >5% quadrature weight outside P_det grid — numerator=0.000, denominator=0.054 (repeats for this event suppressed)
Event 0: >5% quadrature weight outside P_det grid — numerator=0.000, denominator=0.078 (repeats for this event suppressed)
Event 2: >5% quadrature weight outside P_det grid — numerator=0.000, denominator=0.063 (repeats for this event suppressed)
Event 2: >5% quadrature weight outside P_det grid — numerator=0.000, denominator=0.062 (repeats for this event suppressed)
Event 2: >5% quadrature weight outside P_det grid — numerator=0.000, denominator=0.058 (repeats for this event suppressed)
Event 2: >5% quadrature weight outside P_det grid — numerator=0.000, denominator=0.062 (repeats for this event suppressed)
Event 2: >5% quadrature weight outside P_det grid — numerator=0.000, denominator=0.060 (repeats for this event suppressed)
Event 2: >5% quadrature weight outside P_det grid — numerator=0.000, denominator=0.070 (repeats for this event suppressed)
Event 2: >5% quadrature weight outside P_det grid — numerator=0.000, denominator=0.060 (repeats for this event suppressed)
Event 2: >5% quadrature weight outside P_det grid — numerator=0.000, denominator=0.064 (repeats for this event suppressed)
Event 2: >5% quadrature weight outside P_det grid — numerator=0.000, denominator=0.071 (repeats for this event suppressed)
Event 2: >5% quadrature weight outside P_det grid — numerator=0.000, denominator=0.169 (repeats for this event suppressed)
Event 2: >5% quadrature weight outside P_det grid — numerator=0.000, denominator=0.061 (repeats for this event suppressed)
Event 2: >5% quadrature weight outside P_det grid — numerator=0.000, denominator=0.059 (repeats for this event suppressed)
Event 2: >5% quadrature weight outside P_det grid — numerator=0.000, denominator=0.065 (repeats for this event suppressed)
Detection 2: fused completion mass factor zero at 50/50 quadrature nodes (0 beyond the detection horizon, S_4D=0; 50 off the phi support).
Event 4: >5% quadrature weight outside P_det grid — numerator=0.000, denominator=0.059 (repeats for this event suppressed)
Event 4: >5% quadrature weight outside P_det grid — numerator=0.000, denominator=0.056 (repeats for this event suppressed)
Event 4: >5% quadrature weight outside P_det grid — numerator=0.000, denominator=0.053 (repeats for this event suppressed)
Event 4: >5% quadrature weight outside P_det grid — numerator=0.000, denominator=0.062 (repeats for this event suppressed)
Event 4: >5% quadrature weight outside P_det grid — numerator=0.000, denominator=0.082 (repeats for this event suppressed)
Event 4: >5% quadrature weight outside P_det grid — numerator=0.000, denominator=0.091 (repeats for this event suppressed)
Event 4: >5% quadrature weight outside P_det grid — numerator=0.000, denominator=0.084 (repeats for this event suppressed)
Event 4: >5% quadrature weight outside P_det grid — numerator=0.000, denominator=0.072 (repeats for this event suppressed)
Event 4: >5% quadrature weight outside P_det grid — numerator=0.000, denominator=0.063 (repeats for this event suppressed)
Event 4: >5% quadrature weight outside P_det grid — numerator=0.000, denominator=0.073 (repeats for this event suppressed)
Event 4: >5% quadrature weight outside P_det grid — numerator=0.000, denominator=0.076 (repeats for this event suppressed)
Event 4: >5% quadrature weight outside P_det grid — numerator=0.000, denominator=0.054 (repeats for this event suppressed)
Event 4: >5% quadrature weight outside P_det grid — numerator=0.000, denominator=0.056 (repeats for this event suppressed)
Event 4: >5% quadrature weight outside P_det grid — numerator=0.000, denominator=0.088 (repeats for this event suppressed)
Event 5: >5% quadrature weight outside P_det grid — numerator=0.000, denominator=0.056 (repeats for this event suppressed)
Event 5: >5% quadrature weight outside P_det grid — numerator=0.000, denominator=0.071 (repeats for this event suppressed)
Event 5: >5% quadrature weight outside P_det grid — numerator=0.000, denominator=0.057 (repeats for this event suppressed)
Event 5: >5% quadrature weight outside P_det grid — numerator=0.000, denominator=0.065 (repeats for this event suppressed)
Event 5: >5% quadrature weight outside P_det grid — numerator=0.000, denominator=0.058 (repeats for this event suppressed)
Event 5: >5% quadrature weight outside P_det grid — numerator=0.000, denominator=0.054 (repeats for this event suppressed)
Event 5: >5% quadrature weight outside P_det grid — numerator=0.000, denominator=0.062 (repeats for this event suppressed)
Event 5: >5% quadrature weight outside P_det grid — numerator=0.000, denominator=0.053 (repeats for this event suppressed)
Event 6: >5% quadrature weight outside P_det grid — numerator=0.000, denominator=0.078 (repeats for this event suppressed)
Event 6: >5% quadrature weight outside P_det grid — numerator=0.000, denominator=0.075 (repeats for this event suppressed)
Event 6: >5% quadrature weight outside P_det grid — numerator=0.000, denominator=0.068 (repeats for this event suppressed)
Event 6: >5% quadrature weight outside P_det grid — numerator=0.000, denominator=0.051 (repeats for this event suppressed)
Event 6: >5% quadrature weight outside P_det grid — numerator=0.000, denominator=0.074 (repeats for this event suppressed)
Event 6: >5% quadrature weight outside P_det grid — numerator=0.000, denominator=0.058 (repeats for this event suppressed)
Event 6: >5% quadrature weight outside P_det grid — numerator=0.000, denominator=0.056 (repeats for this event suppressed)
Event 6: >5% quadrature weight outside P_det grid — numerator=0.000, denominator=0.051 (repeats for this event suppressed)
Event 6: >5% quadrature weight outside P_det grid — numerator=0.000, denominator=0.052 (repeats for this event suppressed)
Event 6: >5% quadrature weight outside P_det grid — numerator=0.000, denominator=0.056 (repeats for this event suppressed)
Event 6: >5% quadrature weight outside P_det grid — numerator=0.000, denominator=0.066 (repeats for this event suppressed)
Event 6: >5% quadrature weight outside P_det grid — numerator=0.000, denominator=0.060 (repeats for this event suppressed)
Event 6: >5% quadrature weight outside P_det grid — numerator=0.000, denominator=0.086 (repeats for this event suppressed)
Event 6: >5% quadrature weight outside P_det grid — numerator=0.000, denominator=0.052 (repeats for this event suppressed)
Event 7: >5% quadrature weight outside P_det grid — numerator=0.000, denominator=0.061 (repeats for this event suppressed)
Event 7: >5% quadrature weight outside P_det grid — numerator=0.000, denominator=0.064 (repeats for this event suppressed)
Event 7: >5% quadrature weight outside P_det grid — numerator=0.000, denominator=0.081 (repeats for this event suppressed)
Event 7: >5% quadrature weight outside P_det grid — numerator=0.000, denominator=0.054 (repeats for this event suppressed)
Event 7: >5% quadrature weight outside P_det grid — numerator=0.000, denominator=0.056 (repeats for this event suppressed)
Event 7: >5% quadrature weight outside P_det grid — numerator=0.000, denominator=0.063 (repeats for this event suppressed)
Event 7: >5% quadrature weight outside P_det grid — numerator=0.000, denominator=0.061 (repeats for this event suppressed)
Event 7: >5% quadrature weight outside P_det grid — numerator=0.000, denominator=0.067 (repeats for this event suppressed)
Event 7: >5% quadrature weight outside P_det grid — numerator=0.000, denominator=0.069 (repeats for this event suppressed)
Event 7: >5% quadrature weight outside P_det grid — numerator=0.000, denominator=0.063 (repeats for this event suppressed)
Event 7: >5% quadrature weight outside P_det grid — numerator=0.000, denominator=0.065 (repeats for this event suppressed)
Event 7: >5% quadrature weight outside P_det grid — numerator=0.000, denominator=0.055 (repeats for this event suppressed)
Event 10: >5% quadrature weight outside P_det grid — numerator=0.000, denominator=0.068 (repeats for this event suppressed)
Event 10: >5% quadrature weight outside P_det grid — numerator=0.000, denominator=0.058 (repeats for this event suppressed)
Event 10: >5% quadrature weight outside P_det grid — numerator=0.000, denominator=0.078 (repeats for this event suppressed)
Event 10: >5% quadrature weight outside P_det grid — numerator=0.000, denominator=0.053 (repeats for this event suppressed)
Event 10: >5% quadrature weight outside P_det grid — numerator=0.000, denominator=0.085 (repeats for this event suppressed)
Event 10: >5% quadrature weight outside P_det grid — numerator=0.000, denominator=0.051 (repeats for this event suppressed)
Event 10: >5% quadrature weight outside P_det grid — numerator=0.000, denominator=0.055 (repeats for this event suppressed)
Event 10: >5% quadrature weight outside P_det grid — numerator=0.000, denominator=0.063 (repeats for this event suppressed)
Event 10: >5% quadrature weight outside P_det grid — numerator=0.000, denominator=0.054 (repeats for this event suppressed)
Event 10: >5% quadrature weight outside P_det grid — numerator=0.000, denominator=0.080 (repeats for this event suppressed)
Event 10: >5% quadrature weight outside P_det grid — numerator=0.000, denominator=0.056 (repeats for this event suppressed)
Event 10: >5% quadrature weight outside P_det grid — numerator=0.000, denominator=0.064 (repeats for this event suppressed)
Event 10: >5% quadrature weight outside P_det grid — numerator=0.000, denominator=0.057 (repeats for this event suppressed)
Event 10: >5% quadrature weight outside P_det grid — numerator=0.000, denominator=0.052 (repeats for this event suppressed)
Event 13: >5% quadrature weight outside P_det grid — numerator=0.000, denominator=0.057 (repeats for this event suppressed)
Event 14: >5% quadrature weight outside P_det grid — numerator=0.000, denominator=0.053 (repeats for this event suppressed)
Event 14: >5% quadrature weight outside P_det grid — numerator=0.000, denominator=0.064 (repeats for this event suppressed)
Event 14: >5% quadrature weight outside P_det grid — numerator=0.000, denominator=0.080 (repeats for this event suppressed)
Event 14: >5% quadrature weight outside P_det grid — numerator=0.000, denominator=0.052 (repeats for this event suppressed)
Event 14: >5% quadrature weight outside P_det grid — numerator=0.000, denominator=0.098 (repeats for this event suppressed)
Event 14: >5% quadrature weight outside P_det grid — numerator=0.000, denominator=0.058 (repeats for this event suppressed)
Event 14: >5% quadrature weight outside P_det grid — numerator=0.000, denominator=0.060 (repeats for this event suppressed)
Event 14: >5% quadrature weight outside P_det grid — numerator=0.000, denominator=0.062 (repeats for this event suppressed)
Event 14: >5% quadrature weight outside P_det grid — numerator=0.000, denominator=0.072 (repeats for this event suppressed)
Event 14: >5% quadrature weight outside P_det grid — numerator=0.000, denominator=0.069 (repeats for this event suppressed)
Event 14: >5% quadrature weight outside P_det grid — numerator=0.000, denominator=0.056 (repeats for this event suppressed)
Event 14: >5% quadrature weight outside P_det grid — numerator=0.000, denominator=0.057 (repeats for this event suppressed)
Event 14: >5% quadrature weight outside P_det grid — numerator=0.000, denominator=0.053 (repeats for this event suppressed)
Event 14: >5% quadrature weight outside P_det grid — numerator=0.000, denominator=0.068 (repeats for this event suppressed)
Event 15: >5% quadrature weight outside P_det grid — numerator=0.000, denominator=0.061 (repeats for this event suppressed)
Event 15: >5% quadrature weight outside P_det grid — numerator=0.000, denominator=0.093 (repeats for this event suppressed)
Event 15: >5% quadrature weight outside P_det grid — numerator=0.000, denominator=0.061 (repeats for this event suppressed)
Event 15: >5% quadrature weight outside P_det grid — numerator=0.000, denominator=0.083 (repeats for this event suppressed)
Event 15: >5% quadrature weight outside P_det grid — numerator=0.000, denominator=0.062 (repeats for this event suppressed)
Event 15: >5% quadrature weight outside P_det grid — numerator=0.000, denominator=0.078 (repeats for this event suppressed)
Event 15: >5% quadrature weight outside P_det grid — numerator=0.000, denominator=0.068 (repeats for this event suppressed)
Event 15: >5% quadrature weight outside P_det grid — numerator=0.000, denominator=0.109 (repeats for this event suppressed)
Event 15: >5% quadrature weight outside P_det grid — numerator=0.000, denominator=0.091 (repeats for this event suppressed)
Event 15: >5% quadrature weight outside P_det grid — numerator=0.000, denominator=0.068 (repeats for this event suppressed)
Event 15: >5% quadrature weight outside P_det grid — numerator=0.000, denominator=0.067 (repeats for this event suppressed)
Event 15: >5% quadrature weight outside P_det grid — numerator=0.000, denominator=0.065 (repeats for this event suppressed)
Event 15: >5% quadrature weight outside P_det grid — numerator=0.000, denominator=0.076 (repeats for this event suppressed)
Event 15: >5% quadrature weight outside P_det grid — numerator=0.000, denominator=0.065 (repeats for this event suppressed)
Event 16: >5% quadrature weight outside P_det grid — numerator=0.000, denominator=0.055 (repeats for this event suppressed)
Event 16: >5% quadrature weight outside P_det grid — numerator=0.000, denominator=0.062 (repeats for this event suppressed)
Event 16: >5% quadrature weight outside P_det grid — numerator=0.000, denominator=0.058 (repeats for this event suppressed)
Event 16: >5% quadrature weight outside P_det grid — numerator=0.000, denominator=0.050 (repeats for this event suppressed)
Event 20: >5% quadrature weight outside P_det grid — numerator=0.000, denominator=0.060 (repeats for this event suppressed)
Event 20: >5% quadrature weight outside P_det grid — numerator=0.000, denominator=0.075 (repeats for this event suppressed)
Event 20: >5% quadrature weight outside P_det grid — numerator=0.000, denominator=0.060 (repeats for this event suppressed)
Event 20: >5% quadrature weight outside P_det grid — numerator=0.000, denominator=0.052 (repeats for this event suppressed)
Event 20: >5% quadrature weight outside P_det grid — numerator=0.000, denominator=0.062 (repeats for this event suppressed)
Event 20: >5% quadrature weight outside P_det grid — numerator=0.000, denominator=0.072 (repeats for this event suppressed)
Event 20: >5% quadrature weight outside P_det grid — numerator=0.000, denominator=0.067 (repeats for this event suppressed)
Event 20: >5% quadrature weight outside P_det grid — numerator=0.000, denominator=0.059 (repeats for this event suppressed)
Event 20: >5% quadrature weight outside P_det grid — numerator=0.000, denominator=0.063 (repeats for this event suppressed)
Event 20: >5% quadrature weight outside P_det grid — numerator=0.000, denominator=0.056 (repeats for this event suppressed)
Event 20: >5% quadrature weight outside P_det grid — numerator=0.000, denominator=0.060 (repeats for this event suppressed)
Event 20: >5% quadrature weight outside P_det grid — numerator=0.000, denominator=0.053 (repeats for this event suppressed)
Event 20: >5% quadrature weight outside P_det grid — numerator=0.000, denominator=0.051 (repeats for this event suppressed)
Event 20: >5% quadrature weight outside P_det grid — numerator=0.000, denominator=0.052 (repeats for this event suppressed)
Event 22: >5% quadrature weight outside P_det grid — numerator=0.000, denominator=0.062 (repeats for this event suppressed)
Event 22: >5% quadrature weight outside P_det grid — numerator=0.000, denominator=0.102 (repeats for this event suppressed)
Event 22: >5% quadrature weight outside P_det grid — numerator=0.000, denominator=0.061 (repeats for this event suppressed)
Event 22: >5% quadrature weight outside P_det grid — numerator=0.000, denominator=0.058 (repeats for this event suppressed)
Event 22: >5% quadrature weight outside P_det grid — numerator=0.000, denominator=0.074 (repeats for this event suppressed)
Event 22: >5% quadrature weight outside P_det grid — numerator=0.000, denominator=0.075 (repeats for this event suppressed)
Event 22: >5% quadrature weight outside P_det grid — numerator=0.000, denominator=0.081 (repeats for this event suppressed)
Event 22: >5% quadrature weight outside P_det grid — numerator=0.000, denominator=0.053 (repeats for this event suppressed)
Event 22: >5% quadrature weight outside P_det grid — numerator=0.000, denominator=0.060 (repeats for this event suppressed)
Event 22: >5% quadrature weight outside P_det grid — numerator=0.000, denominator=0.074 (repeats for this event suppressed)
Event 22: >5% quadrature weight outside P_det grid — numerator=0.000, denominator=0.071 (repeats for this event suppressed)
Event 22: >5% quadrature weight outside P_det grid — numerator=0.000, denominator=0.062 (repeats for this event suppressed)
Event 22: >5% quadrature weight outside P_det grid — numerator=0.000, denominator=0.054 (repeats for this event suppressed)
Event 22: >5% quadrature weight outside P_det grid — numerator=0.000, denominator=0.063 (repeats for this event suppressed)
Detection 22: fused completion mass factor zero at 50/50 quadrature nodes (0 beyond the detection horizon, S_4D=0; 50 off the phi support).
Event 26: >5% quadrature weight outside P_det grid — numerator=0.000, denominator=0.052 (repeats for this event suppressed)
Event 26: >5% quadrature weight outside P_det grid — numerator=0.000, denominator=0.053 (repeats for this event suppressed)
Event 26: >5% quadrature weight outside P_det grid — numerator=0.000, denominator=0.054 (repeats for this event suppressed)
Event 26: >5% quadrature weight outside P_det grid — numerator=0.000, denominator=0.059 (repeats for this event suppressed)
Event 26: >5% quadrature weight outside P_det grid — numerator=0.000, denominator=0.064 (repeats for this event suppressed)
Event 26: >5% quadrature weight outside P_det grid — numerator=0.000, denominator=0.055 (repeats for this event suppressed)
Event 26: >5% quadrature weight outside P_det grid — numerator=0.000, denominator=0.054 (repeats for this event suppressed)
Event 26: >5% quadrature weight outside P_det grid — numerator=0.000, denominator=0.057 (repeats for this event suppressed)
Event 26: >5% quadrature weight outside P_det grid — numerator=0.000, denominator=0.062 (repeats for this event suppressed)
Event 26: >5% quadrature weight outside P_det grid — numerator=0.000, denominator=0.054 (repeats for this event suppressed)
Event 26: >5% quadrature weight outside P_det grid — numerator=0.000, denominator=0.055 (repeats for this event suppressed)
Event 26: >5% quadrature weight outside P_det grid — numerator=0.000, denominator=0.077 (repeats for this event suppressed)
Event 26: >5% quadrature weight outside P_det grid — numerator=0.000, denominator=0.071 (repeats for this event suppressed)
Event 26: >5% quadrature weight outside P_det grid — numerator=0.000, denominator=0.054 (repeats for this event suppressed)
Event 28: >5% quadrature weight outside P_det grid — numerator=0.000, denominator=0.070 (repeats for this event suppressed)
Event 28: >5% quadrature weight outside P_det grid — numerator=0.000, denominator=0.069 (repeats for this event suppressed)
Event 28: >5% quadrature weight outside P_det grid — numerator=0.000, denominator=0.093 (repeats for this event suppressed)
Event 28: >5% quadrature weight outside P_det grid — numerator=0.000, denominator=0.051 (repeats for this event suppressed)
Event 28: >5% quadrature weight outside P_det grid — numerator=0.000, denominator=0.054 (repeats for this event suppressed)
Event 28: >5% quadrature weight outside P_det grid — numerator=0.000, denominator=0.062 (repeats for this event suppressed)
Event 28: >5% quadrature weight outside P_det grid — numerator=0.000, denominator=0.078 (repeats for this event suppressed)
Event 28: >5% quadrature weight outside P_det grid — numerator=0.000, denominator=0.066 (repeats for this event suppressed)
Event 28: >5% quadrature weight outside P_det grid — numerator=0.000, denominator=0.056 (repeats for this event suppressed)
Event 28: >5% quadrature weight outside P_det grid — numerator=0.000, denominator=0.056 (repeats for this event suppressed)
Event 28: >5% quadrature weight outside P_det grid — numerator=0.000, denominator=0.055 (repeats for this event suppressed)
Event 28: >5% quadrature weight outside P_det grid — numerator=0.000, denominator=0.056 (repeats for this event suppressed)
Event 28: >5% quadrature weight outside P_det grid — numerator=0.000, denominator=0.061 (repeats for this event suppressed)
Event 28: >5% quadrature weight outside P_det grid — numerator=0.000, denominator=0.071 (repeats for this event suppressed)
Event 31: >5% quadrature weight outside P_det grid — numerator=0.000, denominator=0.053 (repeats for this event suppressed)
Event 31: >5% quadrature weight outside P_det grid — numerator=0.000, denominator=0.060 (repeats for this event suppressed)
Event 31: >5% quadrature weight outside P_det grid — numerator=0.000, denominator=0.055 (repeats for this event suppressed)
Event 31: >5% quadrature weight outside P_det grid — numerator=0.000, denominator=0.053 (repeats for this event suppressed)
Event 31: >5% quadrature weight outside P_det grid — numerator=0.000, denominator=0.054 (repeats for this event suppressed)
Event 31: >5% quadrature weight outside P_det grid — numerator=0.000, denominator=0.064 (repeats for this event suppressed)
Event 31: >5% quadrature weight outside P_det grid — numerator=0.000, denominator=0.057 (repeats for this event suppressed)
Event 31: >5% quadrature weight outside P_det grid — numerator=0.000, denominator=0.072 (repeats for this event suppressed)
Event 31: >5% quadrature weight outside P_det grid — numerator=0.000, denominator=0.052 (repeats for this event suppressed)
Event 31: >5% quadrature weight outside P_det grid — numerator=0.000, denominator=0.057 (repeats for this event suppressed)
Event 31: >5% quadrature weight outside P_det grid — numerator=0.000, denominator=0.055 (repeats for this event suppressed)
Event 31: >5% quadrature weight outside P_det grid — numerator=0.000, denominator=0.085 (repeats for this event suppressed)
Event 31: >5% quadrature weight outside P_det grid — numerator=0.000, denominator=0.060 (repeats for this event suppressed)
Event 31: >5% quadrature weight outside P_det grid — numerator=0.000, denominator=0.056 (repeats for this event suppressed)
Event 32: >5% quadrature weight outside P_det grid — numerator=0.000, denominator=0.058 (repeats for this event suppressed)
Event 32: >5% quadrature weight outside P_det grid — numerator=0.000, denominator=0.078 (repeats for this event suppressed)
Event 32: >5% quadrature weight outside P_det grid — numerator=0.000, denominator=0.056 (repeats for this event suppressed)
Event 32: >5% quadrature weight outside P_det grid — numerator=0.000, denominator=0.077 (repeats for this event suppressed)
Event 32: >5% quadrature weight outside P_det grid — numerator=0.000, denominator=0.070 (repeats for this event suppressed)
Event 32: >5% quadrature weight outside P_det grid — numerator=0.000, denominator=0.053 (repeats for this event suppressed)
Event 32: >5% quadrature weight outside P_det grid — numerator=0.000, denominator=0.061 (repeats for this event suppressed)
Event 32: >5% quadrature weight outside P_det grid — numerator=0.000, denominator=0.060 (repeats for this event suppressed)
Event 32: >5% quadrature weight outside P_det grid — numerator=0.000, denominator=0.069 (repeats for this event suppressed)
Event 32: >5% quadrature weight outside P_det grid — numerator=0.000, denominator=0.061 (repeats for this event suppressed)
Event 32: >5% quadrature weight outside P_det grid — numerator=0.000, denominator=0.070 (repeats for this event suppressed)
Event 32: >5% quadrature weight outside P_det grid — numerator=0.000, denominator=0.055 (repeats for this event suppressed)
Event 32: >5% quadrature weight outside P_det grid — numerator=0.000, denominator=0.072 (repeats for this event suppressed)
Event 32: >5% quadrature weight outside P_det grid — numerator=0.000, denominator=0.063 (repeats for this event suppressed)
Event 36: >5% quadrature weight outside P_det grid — numerator=0.000, denominator=0.072 (repeats for this event suppressed)
Event 36: >5% quadrature weight outside P_det grid — numerator=0.000, denominator=0.052 (repeats for this event suppressed)
Event 36: >5% quadrature weight outside P_det grid — numerator=0.000, denominator=0.065 (repeats for this event suppressed)
Event 36: >5% quadrature weight outside P_det grid — numerator=0.000, denominator=0.053 (repeats for this event suppressed)
Event 36: >5% quadrature weight outside P_det grid — numerator=0.000, denominator=0.058 (repeats for this event suppressed)
Event 36: >5% quadrature weight outside P_det grid — numerator=0.000, denominator=0.052 (repeats for this event suppressed)
Event 36: >5% quadrature weight outside P_det grid — numerator=0.000, denominator=0.067 (repeats for this event suppressed)
Event 36: >5% quadrature weight outside P_det grid — numerator=0.000, denominator=0.055 (repeats for this event suppressed)
Event 36: >5% quadrature weight outside P_det grid — numerator=0.000, denominator=0.057 (repeats for this event suppressed)
Event 36: >5% quadrature weight outside P_det grid — numerator=0.000, denominator=0.057 (repeats for this event suppressed)
Event 36: >5% quadrature weight outside P_det grid — numerator=0.000, denominator=0.061 (repeats for this event suppressed)
Event 36: >5% quadrature weight outside P_det grid — numerator=0.000, denominator=0.066 (repeats for this event suppressed)
Event 36: >5% quadrature weight outside P_det grid — numerator=0.000, denominator=0.053 (repeats for this event suppressed)
Event 36: >5% quadrature weight outside P_det grid — numerator=0.000, denominator=0.055 (repeats for this event suppressed)
Event 37: >5% quadrature weight outside P_det grid — numerator=0.000, denominator=0.054 (repeats for this event suppressed)
Event 37: >5% quadrature weight outside P_det grid — numerator=0.000, denominator=0.063 (repeats for this event suppressed)
Event 37: >5% quadrature weight outside P_det grid — numerator=0.000, denominator=0.058 (repeats for this event suppressed)
Event 37: >5% quadrature weight outside P_det grid — numerator=0.000, denominator=0.053 (repeats for this event suppressed)
Event 37: >5% quadrature weight outside P_det grid — numerator=0.000, denominator=0.069 (repeats for this event suppressed)
Event 37: >5% quadrature weight outside P_det grid — numerator=0.000, denominator=0.068 (repeats for this event suppressed)
Event 37: >5% quadrature weight outside P_det grid — numerator=0.000, denominator=0.055 (repeats for this event suppressed)
Event 37: >5% quadrature weight outside P_det grid — numerator=0.000, denominator=0.062 (repeats for this event suppressed)
Event 37: >5% quadrature weight outside P_det grid — numerator=0.000, denominator=0.054 (repeats for this event suppressed)
Event 37: >5% quadrature weight outside P_det grid — numerator=0.000, denominator=0.058 (repeats for this event suppressed)
Event 37: >5% quadrature weight outside P_det grid — numerator=0.000, denominator=0.053 (repeats for this event suppressed)
Event 37: >5% quadrature weight outside P_det grid — numerator=0.000, denominator=0.062 (repeats for this event suppressed)
Event 37: >5% quadrature weight outside P_det grid — numerator=0.000, denominator=0.052 (repeats for this event suppressed)
Event 37: >5% quadrature weight outside P_det grid — numerator=0.000, denominator=0.055 (repeats for this event suppressed)
Event 38: >5% quadrature weight outside P_det grid — numerator=0.000, denominator=0.064 (repeats for this event suppressed)
Event 38: >5% quadrature weight outside P_det grid — numerator=0.000, denominator=0.060 (repeats for this event suppressed)
Event 38: >5% quadrature weight outside P_det grid — numerator=0.000, denominator=0.054 (repeats for this event suppressed)
Event 38: >5% quadrature weight outside P_det grid — numerator=0.000, denominator=0.066 (repeats for this event suppressed)
Event 38: >5% quadrature weight outside P_det grid — numerator=0.000, denominator=0.051 (repeats for this event suppressed)
Event 38: >5% quadrature weight outside P_det grid — numerator=0.000, denominator=0.066 (repeats for this event suppressed)
Event 38: >5% quadrature weight outside P_det grid — numerator=0.000, denominator=0.050 (repeats for this event suppressed)
Event 38: >5% quadrature weight outside P_det grid — numerator=0.000, denominator=0.056 (repeats for this event suppressed)
Event 38: >5% quadrature weight outside P_det grid — numerator=0.000, denominator=0.056 (repeats for this event suppressed)
Event 38: >5% quadrature weight outside P_det grid — numerator=0.000, denominator=0.051 (repeats for this event suppressed)
Event 38: >5% quadrature weight outside P_det grid — numerator=0.000, denominator=0.069 (repeats for this event suppressed)
Event 38: >5% quadrature weight outside P_det grid — numerator=0.000, denominator=0.054 (repeats for this event suppressed)
Event 38: >5% quadrature weight outside P_det grid — numerator=0.000, denominator=0.061 (repeats for this event suppressed)
Event 38: >5% quadrature weight outside P_det grid — numerator=0.000, denominator=0.056 (repeats for this event suppressed)
Event 39: >5% quadrature weight outside P_det grid — numerator=0.000, denominator=0.058 (repeats for this event suppressed)
Event 39: >5% quadrature weight outside P_det grid — numerator=0.000, denominator=0.071 (repeats for this event suppressed)
Event 39: >5% quadrature weight outside P_det grid — numerator=0.000, denominator=0.057 (repeats for this event suppressed)
Event 39: >5% quadrature weight outside P_det grid — numerator=0.000, denominator=0.050 (repeats for this event suppressed)
Event 39: >5% quadrature weight outside P_det grid — numerator=0.000, denominator=0.068 (repeats for this event suppressed)
Detection 39: fused completion mass factor zero at 50/50 quadrature nodes (0 beyond the detection horizon, S_4D=0; 50 off the phi support).
Event 41: >5% quadrature weight outside P_det grid — numerator=0.000, denominator=0.056 (repeats for this event suppressed)
Event 41: >5% quadrature weight outside P_det grid — numerator=0.000, denominator=0.065 (repeats for this event suppressed)
Event 41: >5% quadrature weight outside P_det grid — numerator=0.000, denominator=0.054 (repeats for this event suppressed)
Event 41: >5% quadrature weight outside P_det grid — numerator=0.000, denominator=0.055 (repeats for this event suppressed)
Event 41: >5% quadrature weight outside P_det grid — numerator=0.000, denominator=0.066 (repeats for this event suppressed)
Event 41: >5% quadrature weight outside P_det grid — numerator=0.000, denominator=0.065 (repeats for this event suppressed)
Event 41: >5% quadrature weight outside P_det grid — numerator=0.000, denominator=0.057 (repeats for this event suppressed)
Event 41: >5% quadrature weight outside P_det grid — numerator=0.000, denominator=0.050 (repeats for this event suppressed)
Event 41: >5% quadrature weight outside P_det grid — numerator=0.000, denominator=0.057 (repeats for this event suppressed)
Event 41: >5% quadrature weight outside P_det grid — numerator=0.000, denominator=0.076 (repeats for this event suppressed)
Event 41: >5% quadrature weight outside P_det grid — numerator=0.000, denominator=0.051 (repeats for this event suppressed)
Event 41: >5% quadrature weight outside P_det grid — numerator=0.000, denominator=0.059 (repeats for this event suppressed)
Event 41: >5% quadrature weight outside P_det grid — numerator=0.000, denominator=0.056 (repeats for this event suppressed)
Event 41: >5% quadrature weight outside P_det grid — numerator=0.000, denominator=0.065 (repeats for this event suppressed)
Event 42: >5% quadrature weight outside P_det grid — numerator=0.000, denominator=0.060 (repeats for this event suppressed)
Event 42: >5% quadrature weight outside P_det grid — numerator=0.000, denominator=0.052 (repeats for this event suppressed)
Event 42: >5% quadrature weight outside P_det grid — numerator=0.000, denominator=0.057 (repeats for this event suppressed)
Event 42: >5% quadrature weight outside P_det grid — numerator=0.000, denominator=0.068 (repeats for this event suppressed)
Event 42: >5% quadrature weight outside P_det grid — numerator=0.000, denominator=0.055 (repeats for this event suppressed)
Event 42: >5% quadrature weight outside P_det grid — numerator=0.000, denominator=0.060 (repeats for this event suppressed)
Event 42: >5% quadrature weight outside P_det grid — numerator=0.000, denominator=0.055 (repeats for this event suppressed)
Event 43: >5% quadrature weight outside P_det grid — numerator=0.000, denominator=0.069 (repeats for this event suppressed)
Event 43: >5% quadrature weight outside P_det grid — numerator=0.000, denominator=0.055 (repeats for this event suppressed)
Detection 43: fused completion mass factor zero at 50/50 quadrature nodes (0 beyond the detection horizon, S_4D=0; 50 off the phi support).
Event 44: >5% quadrature weight outside P_det grid — numerator=0.000, denominator=0.058 (repeats for this event suppressed)
Event 44: >5% quadrature weight outside P_det grid — numerator=0.000, denominator=0.056 (repeats for this event suppressed)
Event 44: >5% quadrature weight outside P_det grid — numerator=0.000, denominator=0.063 (repeats for this event suppressed)
Event 44: >5% quadrature weight outside P_det grid — numerator=0.000, denominator=0.052 (repeats for this event suppressed)
Event 44: >5% quadrature weight outside P_det grid — numerator=0.000, denominator=0.071 (repeats for this event suppressed)
Event 44: >5% quadrature weight outside P_det grid — numerator=0.000, denominator=0.064 (repeats for this event suppressed)
Event 44: >5% quadrature weight outside P_det grid — numerator=0.000, denominator=0.066 (repeats for this event suppressed)
Event 44: >5% quadrature weight outside P_det grid — numerator=0.000, denominator=0.064 (repeats for this event suppressed)
Event 44: >5% quadrature weight outside P_det grid — numerator=0.000, denominator=0.051 (repeats for this event suppressed)
Event 44: >5% quadrature weight outside P_det grid — numerator=0.000, denominator=0.073 (repeats for this event suppressed)
Event 44: >5% quadrature weight outside P_det grid — numerator=0.000, denominator=0.064 (repeats for this event suppressed)
Event 44: >5% quadrature weight outside P_det grid — numerator=0.000, denominator=0.072 (repeats for this event suppressed)
Event 44: >5% quadrature weight outside P_det grid — numerator=0.000, denominator=0.062 (repeats for this event suppressed)
Event 44: >5% quadrature weight outside P_det grid — numerator=0.000, denominator=0.052 (repeats for this event suppressed)
Detection 44: fused completion mass factor zero at 50/50 quadrature nodes (0 beyond the detection horizon, S_4D=0; 50 off the phi support).
Event 46: >5% quadrature weight outside P_det grid — numerator=0.000, denominator=0.050 (repeats for this event suppressed)
Event 46: >5% quadrature weight outside P_det grid — numerator=0.000, denominator=0.069 (repeats for this event suppressed)
Event 46: >5% quadrature weight outside P_det grid — numerator=0.000, denominator=0.074 (repeats for this event suppressed)
Event 46: >5% quadrature weight outside P_det grid — numerator=0.000, denominator=0.056 (repeats for this event suppressed)
Event 46: >5% quadrature weight outside P_det grid — numerator=0.000, denominator=0.068 (repeats for this event suppressed)
Event 46: >5% quadrature weight outside P_det grid — numerator=0.000, denominator=0.060 (repeats for this event suppressed)
Event 46: >5% quadrature weight outside P_det grid — numerator=0.000, denominator=0.050 (repeats for this event suppressed)
Event 46: >5% quadrature weight outside P_det grid — numerator=0.000, denominator=0.069 (repeats for this event suppressed)
Event 46: >5% quadrature weight outside P_det grid — numerator=0.000, denominator=0.055 (repeats for this event suppressed)
Event 46: >5% quadrature weight outside P_det grid — numerator=0.000, denominator=0.118 (repeats for this event suppressed)
Event 46: >5% quadrature weight outside P_det grid — numerator=0.000, denominator=0.056 (repeats for this event suppressed)
Event 46: >5% quadrature weight outside P_det grid — numerator=0.000, denominator=0.074 (repeats for this event suppressed)
Event 46: >5% quadrature weight outside P_det grid — numerator=0.000, denominator=0.054 (repeats for this event suppressed)
Event 46: >5% quadrature weight outside P_det grid — numerator=0.000, denominator=0.075 (repeats for this event suppressed)
Event 47: >5% quadrature weight outside P_det grid — numerator=0.000, denominator=0.078 (repeats for this event suppressed)
Event 47: >5% quadrature weight outside P_det grid — numerator=0.000, denominator=0.076 (repeats for this event suppressed)
Event 47: >5% quadrature weight outside P_det grid — numerator=0.000, denominator=0.055 (repeats for this event suppressed)
Event 47: >5% quadrature weight outside P_det grid — numerator=0.000, denominator=0.051 (repeats for this event suppressed)
Event 47: >5% quadrature weight outside P_det grid — numerator=0.000, denominator=0.071 (repeats for this event suppressed)
Event 47: >5% quadrature weight outside P_det grid — numerator=0.000, denominator=0.053 (repeats for this event suppressed)
Event 47: >5% quadrature weight outside P_det grid — numerator=0.000, denominator=0.065 (repeats for this event suppressed)
Event 47: >5% quadrature weight outside P_det grid — numerator=0.000, denominator=0.073 (repeats for this event suppressed)
Event 47: >5% quadrature weight outside P_det grid — numerator=0.000, denominator=0.088 (repeats for this event suppressed)
Event 47: >5% quadrature weight outside P_det grid — numerator=0.000, denominator=0.064 (repeats for this event suppressed)
Event 47: >5% quadrature weight outside P_det grid — numerator=0.000, denominator=0.056 (repeats for this event suppressed)
Event 47: >5% quadrature weight outside P_det grid — numerator=0.000, denominator=0.058 (repeats for this event suppressed)
Event 47: >5% quadrature weight outside P_det grid — numerator=0.000, denominator=0.050 (repeats for this event suppressed)
Event 47: >5% quadrature weight outside P_det grid — numerator=0.000, denominator=0.059 (repeats for this event suppressed)
Event 48: >5% quadrature weight outside P_det grid — numerator=0.000, denominator=0.071 (repeats for this event suppressed)
Event 48: >5% quadrature weight outside P_det grid — numerator=0.000, denominator=0.077 (repeats for this event suppressed)
Event 48: >5% quadrature weight outside P_det grid — numerator=0.000, denominator=0.062 (repeats for this event suppressed)
Event 48: >5% quadrature weight outside P_det grid — numerator=0.000, denominator=0.098 (repeats for this event suppressed)
Event 48: >5% quadrature weight outside P_det grid — numerator=0.000, denominator=0.067 (repeats for this event suppressed)
Event 48: >5% quadrature weight outside P_det grid — numerator=0.000, denominator=0.060 (repeats for this event suppressed)
Event 48: >5% quadrature weight outside P_det grid — numerator=0.000, denominator=0.059 (repeats for this event suppressed)
Event 48: >5% quadrature weight outside P_det grid — numerator=0.000, denominator=0.070 (repeats for this event suppressed)
Event 48: >5% quadrature weight outside P_det grid — numerator=0.000, denominator=0.062 (repeats for this event suppressed)
Event 48: >5% quadrature weight outside P_det grid — numerator=0.000, denominator=0.068 (repeats for this event suppressed)
Event 48: >5% quadrature weight outside P_det grid — numerator=0.000, denominator=0.064 (repeats for this event suppressed)
Event 48: >5% quadrature weight outside P_det grid — numerator=0.000, denominator=0.153 (repeats for this event suppressed)
Event 48: >5% quadrature weight outside P_det grid — numerator=0.000, denominator=0.071 (repeats for this event suppressed)
Event 48: >5% quadrature weight outside P_det grid — numerator=0.000, denominator=0.076 (repeats for this event suppressed)
Event 50: >5% quadrature weight outside P_det grid — numerator=0.000, denominator=0.053 (repeats for this event suppressed)
Event 50: >5% quadrature weight outside P_det grid — numerator=0.000, denominator=0.051 (repeats for this event suppressed)
Event 50: >5% quadrature weight outside P_det grid — numerator=0.000, denominator=0.051 (repeats for this event suppressed)
Event 50: >5% quadrature weight outside P_det grid — numerator=0.000, denominator=0.052 (repeats for this event suppressed)
Event 50: >5% quadrature weight outside P_det grid — numerator=0.000, denominator=0.051 (repeats for this event suppressed)
Event 50: >5% quadrature weight outside P_det grid — numerator=0.000, denominator=0.051 (repeats for this event suppressed)
No possible hosts. Returning None.
Detection 51: no catalogue hosts in the localization volume — pure-completion fallback p_i = B_num/D (issue #29)
Detection 51: no catalog results found
Event 54: >5% quadrature weight outside P_det grid — numerator=0.000, denominator=0.091 (repeats for this event suppressed)
Event 54: >5% quadrature weight outside P_det grid — numerator=0.000, denominator=0.055 (repeats for this event suppressed)
Event 54: >5% quadrature weight outside P_det grid — numerator=0.000, denominator=0.077 (repeats for this event suppressed)
Event 54: >5% quadrature weight outside P_det grid — numerator=0.000, denominator=0.077 (repeats for this event suppressed)
Event 54: >5% quadrature weight outside P_det grid — numerator=0.000, denominator=0.144 (repeats for this event suppressed)
Event 54: >5% quadrature weight outside P_det grid — numerator=0.000, denominator=0.055 (repeats for this event suppressed)
Event 54: >5% quadrature weight outside P_det grid — numerator=0.000, denominator=0.068 (repeats for this event suppressed)
Event 54: >5% quadrature weight outside P_det grid — numerator=0.000, denominator=0.061 (repeats for this event suppressed)
Event 54: >5% quadrature weight outside P_det grid — numerator=0.000, denominator=0.055 (repeats for this event suppressed)
Event 54: >5% quadrature weight outside P_det grid — numerator=0.000, denominator=0.082 (repeats for this event suppressed)
Event 54: >5% quadrature weight outside P_det grid — numerator=0.000, denominator=0.057 (repeats for this event suppressed)
Event 54: >5% quadrature weight outside P_det grid — numerator=0.000, denominator=0.067 (repeats for this event suppressed)
Event 54: >5% quadrature weight outside P_det grid — numerator=0.000, denominator=0.067 (repeats for this event suppressed)
Event 54: >5% quadrature weight outside P_det grid — numerator=0.000, denominator=0.055 (repeats for this event suppressed)
Event 56: >5% quadrature weight outside P_det grid — numerator=0.000, denominator=0.065 (repeats for this event suppressed)
Event 56: >5% quadrature weight outside P_det grid — numerator=0.000, denominator=0.082 (repeats for this event suppressed)
Event 56: >5% quadrature weight outside P_det grid — numerator=0.000, denominator=0.080 (repeats for this event suppressed)
Event 56: >5% quadrature weight outside P_det grid — numerator=0.000, denominator=0.061 (repeats for this event suppressed)
Event 56: >5% quadrature weight outside P_det grid — numerator=0.000, denominator=0.057 (repeats for this event suppressed)
Event 56: >5% quadrature weight outside P_det grid — numerator=0.000, denominator=0.063 (repeats for this event suppressed)
Event 56: >5% quadrature weight outside P_det grid — numerator=0.000, denominator=0.061 (repeats for this event suppressed)
Event 56: >5% quadrature weight outside P_det grid — numerator=0.000, denominator=0.064 (repeats for this event suppressed)
Event 56: >5% quadrature weight outside P_det grid — numerator=0.000, denominator=0.055 (repeats for this event suppressed)
Event 56: >5% quadrature weight outside P_det grid — numerator=0.000, denominator=0.062 (repeats for this event suppressed)
Event 56: >5% quadrature weight outside P_det grid — numerator=0.000, denominator=0.054 (repeats for this event suppressed)
Event 56: >5% quadrature weight outside P_det grid — numerator=0.000, denominator=0.067 (repeats for this event suppressed)
Event 56: >5% quadrature weight outside P_det grid — numerator=0.000, denominator=0.065 (repeats for this event suppressed)
Event 57: >5% quadrature weight outside P_det grid — numerator=0.000, denominator=0.105 (repeats for this event suppressed)
Event 57: >5% quadrature weight outside P_det grid — numerator=0.000, denominator=0.104 (repeats for this event suppressed)
Event 59: >5% quadrature weight outside P_det grid — numerator=0.000, denominator=0.071 (repeats for this event suppressed)
Event 59: >5% quadrature weight outside P_det grid — numerator=0.000, denominator=0.060 (repeats for this event suppressed)
Event 59: >5% quadrature weight outside P_det grid — numerator=0.000, denominator=0.055 (repeats for this event suppressed)
Event 59: >5% quadrature weight outside P_det grid — numerator=0.000, denominator=0.066 (repeats for this event suppressed)
Event 59: >5% quadrature weight outside P_det grid — numerator=0.000, denominator=0.142 (repeats for this event suppressed)
Event 59: >5% quadrature weight outside P_det grid — numerator=0.000, denominator=0.059 (repeats for this event suppressed)
Event 59: >5% quadrature weight outside P_det grid — numerator=0.000, denominator=0.073 (repeats for this event suppressed)
Event 59: >5% quadrature weight outside P_det grid — numerator=0.000, denominator=0.076 (repeats for this event suppressed)
Event 59: >5% quadrature weight outside P_det grid — numerator=0.000, denominator=0.145 (repeats for this event suppressed)
Event 59: >5% quadrature weight outside P_det grid — numerator=0.000, denominator=0.065 (repeats for this event suppressed)
Event 59: >5% quadrature weight outside P_det grid — numerator=0.000, denominator=0.076 (repeats for this event suppressed)
Event 59: >5% quadrature weight outside P_det grid — numerator=0.000, denominator=0.058 (repeats for this event suppressed)
Event 59: >5% quadrature weight outside P_det grid — numerator=0.000, denominator=0.065 (repeats for this event suppressed)
Event 59: >5% quadrature weight outside P_det grid — numerator=0.000, denominator=0.062 (repeats for this event suppressed)
Event 60: >5% quadrature weight outside P_det grid — numerator=0.000, denominator=0.055 (repeats for this event suppressed)
Event 60: >5% quadrature weight outside P_det grid — numerator=0.000, denominator=0.071 (repeats for this event suppressed)
Event 60: >5% quadrature weight outside P_det grid — numerator=0.000, denominator=0.058 (repeats for this event suppressed)
Event 60: >5% quadrature weight outside P_det grid — numerator=0.000, denominator=0.076 (repeats for this event suppressed)
Event 60: >5% quadrature weight outside P_det grid — numerator=0.000, denominator=0.051 (repeats for this event suppressed)
Event 60: >5% quadrature weight outside P_det grid — numerator=0.000, denominator=0.063 (repeats for this event suppressed)
Event 60: >5% quadrature weight outside P_det grid — numerator=0.000, denominator=0.052 (repeats for this event suppressed)
Event 60: >5% quadrature weight outside P_det grid — numerator=0.000, denominator=0.059 (repeats for this event suppressed)
Event 60: >5% quadrature weight outside P_det grid — numerator=0.000, denominator=0.051 (repeats for this event suppressed)
Event 60: >5% quadrature weight outside P_det grid — numerator=0.000, denominator=0.065 (repeats for this event suppressed)
Event 60: >5% quadrature weight outside P_det grid — numerator=0.000, denominator=0.051 (repeats for this event suppressed)
Event 60: >5% quadrature weight outside P_det grid — numerator=0.000, denominator=0.060 (repeats for this event suppressed)
Event 60: >5% quadrature weight outside P_det grid — numerator=0.000, denominator=0.051 (repeats for this event suppressed)
Event 60: >5% quadrature weight outside P_det grid — numerator=0.000, denominator=0.058 (repeats for this event suppressed)
Detection 60: fused completion mass factor zero at 50/50 quadrature nodes (0 beyond the detection horizon, S_4D=0; 50 off the phi support).
Event 61: >5% quadrature weight outside P_det grid — numerator=0.000, denominator=0.069 (repeats for this event suppressed)
Event 61: >5% quadrature weight outside P_det grid — numerator=0.000, denominator=0.064 (repeats for this event suppressed)
Event 61: >5% quadrature weight outside P_det grid — numerator=0.000, denominator=0.054 (repeats for this event suppressed)
Event 61: >5% quadrature weight outside P_det grid — numerator=0.000, denominator=0.052 (repeats for this event suppressed)
Event 61: >5% quadrature weight outside P_det grid — numerator=0.000, denominator=0.065 (repeats for this event suppressed)
Event 61: >5% quadrature weight outside P_det grid — numerator=0.000, denominator=0.057 (repeats for this event suppressed)
Event 66: >5% quadrature weight outside P_det grid — numerator=0.000, denominator=0.061 (repeats for this event suppressed)
Event 66: >5% quadrature weight outside P_det grid — numerator=0.000, denominator=0.056 (repeats for this event suppressed)
Event 66: >5% quadrature weight outside P_det grid — numerator=0.000, denominator=0.057 (repeats for this event suppressed)
Event 66: >5% quadrature weight outside P_det grid — numerator=0.000, denominator=0.061 (repeats for this event suppressed)
Event 66: >5% quadrature weight outside P_det grid — numerator=0.000, denominator=0.061 (repeats for this event suppressed)
Event 66: >5% quadrature weight outside P_det grid — numerator=0.000, denominator=0.052 (repeats for this event suppressed)
Event 66: >5% quadrature weight outside P_det grid — numerator=0.000, denominator=0.060 (repeats for this event suppressed)
Event 66: >5% quadrature weight outside P_det grid — numerator=0.000, denominator=0.059 (repeats for this event suppressed)
Event 66: >5% quadrature weight outside P_det grid — numerator=0.000, denominator=0.055 (repeats for this event suppressed)
Event 66: >5% quadrature weight outside P_det grid — numerator=0.000, denominator=0.060 (repeats for this event suppressed)
Event 66: >5% quadrature weight outside P_det grid — numerator=0.000, denominator=0.050 (repeats for this event suppressed)
Event 66: >5% quadrature weight outside P_det grid — numerator=0.000, denominator=0.058 (repeats for this event suppressed)
Event 66: >5% quadrature weight outside P_det grid — numerator=0.000, denominator=0.052 (repeats for this event suppressed)
Event 66: >5% quadrature weight outside P_det grid — numerator=0.000, denominator=0.054 (repeats for this event suppressed)
Event 67: >5% quadrature weight outside P_det grid — numerator=0.000, denominator=0.054 (repeats for this event suppressed)
Event 67: >5% quadrature weight outside P_det grid — numerator=0.000, denominator=0.054 (repeats for this event suppressed)
Event 67: >5% quadrature weight outside P_det grid — numerator=0.000, denominator=0.076 (repeats for this event suppressed)
Event 67: >5% quadrature weight outside P_det grid — numerator=0.000, denominator=0.066 (repeats for this event suppressed)
Event 67: >5% quadrature weight outside P_det grid — numerator=0.000, denominator=0.076 (repeats for this event suppressed)
Event 67: >5% quadrature weight outside P_det grid — numerator=0.000, denominator=0.073 (repeats for this event suppressed)
Event 67: >5% quadrature weight outside P_det grid — numerator=0.000, denominator=0.064 (repeats for this event suppressed)
Event 67: >5% quadrature weight outside P_det grid — numerator=0.000, denominator=0.070 (repeats for this event suppressed)
Event 67: >5% quadrature weight outside P_det grid — numerator=0.000, denominator=0.056 (repeats for this event suppressed)
Event 67: >5% quadrature weight outside P_det grid — numerator=0.000, denominator=0.056 (repeats for this event suppressed)
Event 67: >5% quadrature weight outside P_det grid — numerator=0.000, denominator=0.059 (repeats for this event suppressed)
Event 67: >5% quadrature weight outside P_det grid — numerator=0.000, denominator=0.062 (repeats for this event suppressed)
Event 67: >5% quadrature weight outside P_det grid — numerator=0.000, denominator=0.055 (repeats for this event suppressed)
Event 67: >5% quadrature weight outside P_det grid — numerator=0.000, denominator=0.052 (repeats for this event suppressed)
Detection 67: fused completion mass factor zero at 50/50 quadrature nodes (0 beyond the detection horizon, S_4D=0; 50 off the phi support).
Event 69: >5% quadrature weight outside P_det grid — numerator=0.000, denominator=0.085 (repeats for this event suppressed)
Event 69: >5% quadrature weight outside P_det grid — numerator=0.000, denominator=0.057 (repeats for this event suppressed)
Event 69: >5% quadrature weight outside P_det grid — numerator=0.000, denominator=0.059 (repeats for this event suppressed)
Event 69: >5% quadrature weight outside P_det grid — numerator=0.000, denominator=0.071 (repeats for this event suppressed)
Event 69: >5% quadrature weight outside P_det grid — numerator=0.000, denominator=0.064 (repeats for this event suppressed)
Event 69: >5% quadrature weight outside P_det grid — numerator=0.000, denominator=0.085 (repeats for this event suppressed)
Event 69: >5% quadrature weight outside P_det grid — numerator=0.000, denominator=0.090 (repeats for this event suppressed)
Event 69: >5% quadrature weight outside P_det grid — numerator=0.000, denominator=0.089 (repeats for this event suppressed)
Event 69: >5% quadrature weight outside P_det grid — numerator=0.000, denominator=0.055 (repeats for this event suppressed)
Event 69: >5% quadrature weight outside P_det grid — numerator=0.000, denominator=0.059 (repeats for this event suppressed)
Event 69: >5% quadrature weight outside P_det grid — numerator=0.000, denominator=0.074 (repeats for this event suppressed)
Event 69: >5% quadrature weight outside P_det grid — numerator=0.000, denominator=0.067 (repeats for this event suppressed)
Event 69: >5% quadrature weight outside P_det grid — numerator=0.000, denominator=0.076 (repeats for this event suppressed)
Event 69: >5% quadrature weight outside P_det grid — numerator=0.000, denominator=0.067 (repeats for this event suppressed)
Event 71: >5% quadrature weight outside P_det grid — numerator=0.000, denominator=0.056 (repeats for this event suppressed)
Event 71: >5% quadrature weight outside P_det grid — numerator=0.000, denominator=0.057 (repeats for this event suppressed)
Event 71: >5% quadrature weight outside P_det grid — numerator=0.000, denominator=0.054 (repeats for this event suppressed)
Event 71: >5% quadrature weight outside P_det grid — numerator=0.000, denominator=0.060 (repeats for this event suppressed)
Event 71: >5% quadrature weight outside P_det grid — numerator=0.000, denominator=0.072 (repeats for this event suppressed)
Event 71: >5% quadrature weight outside P_det grid — numerator=0.000, denominator=0.054 (repeats for this event suppressed)
Event 71: >5% quadrature weight outside P_det grid — numerator=0.000, denominator=0.067 (repeats for this event suppressed)
Event 71: >5% quadrature weight outside P_det grid — numerator=0.000, denominator=0.065 (repeats for this event suppressed)
Event 71: >5% quadrature weight outside P_det grid — numerator=0.000, denominator=0.053 (repeats for this event suppressed)
Event 71: >5% quadrature weight outside P_det grid — numerator=0.000, denominator=0.052 (repeats for this event suppressed)
Event 71: >5% quadrature weight outside P_det grid — numerator=0.000, denominator=0.072 (repeats for this event suppressed)
Event 71: >5% quadrature weight outside P_det grid — numerator=0.000, denominator=0.052 (repeats for this event suppressed)
Event 71: >5% quadrature weight outside P_det grid — numerator=0.000, denominator=0.054 (repeats for this event suppressed)
Event 71: >5% quadrature weight outside P_det grid — numerator=0.000, denominator=0.052 (repeats for this event suppressed)
Event 73: >5% quadrature weight outside P_det grid — numerator=0.000, denominator=0.062 (repeats for this event suppressed)
Event 73: >5% quadrature weight outside P_det grid — numerator=0.000, denominator=0.053 (repeats for this event suppressed)
Event 73: >5% quadrature weight outside P_det grid — numerator=0.000, denominator=0.064 (repeats for this event suppressed)
Event 73: >5% quadrature weight outside P_det grid — numerator=0.000, denominator=0.059 (repeats for this event suppressed)
Event 73: >5% quadrature weight outside P_det grid — numerator=0.000, denominator=0.050 (repeats for this event suppressed)
Event 73: >5% quadrature weight outside P_det grid — numerator=0.000, denominator=0.075 (repeats for this event suppressed)
Event 74: >5% quadrature weight outside P_det grid — numerator=0.000, denominator=0.057 (repeats for this event suppressed)
Event 74: >5% quadrature weight outside P_det grid — numerator=0.000, denominator=0.060 (repeats for this event suppressed)
Event 74: >5% quadrature weight outside P_det grid — numerator=0.000, denominator=0.054 (repeats for this event suppressed)
Event 74: >5% quadrature weight outside P_det grid — numerator=0.000, denominator=0.064 (repeats for this event suppressed)
Event 74: >5% quadrature weight outside P_det grid — numerator=0.000, denominator=0.066 (repeats for this event suppressed)
Event 74: >5% quadrature weight outside P_det grid — numerator=0.000, denominator=0.063 (repeats for this event suppressed)
Event 74: >5% quadrature weight outside P_det grid — numerator=0.000, denominator=0.061 (repeats for this event suppressed)
Event 74: >5% quadrature weight outside P_det grid — numerator=0.000, denominator=0.065 (repeats for this event suppressed)
Event 74: >5% quadrature weight outside P_det grid — numerator=0.000, denominator=0.054 (repeats for this event suppressed)
Event 74: >5% quadrature weight outside P_det grid — numerator=0.000, denominator=0.052 (repeats for this event suppressed)
Event 74: >5% quadrature weight outside P_det grid — numerator=0.000, denominator=0.066 (repeats for this event suppressed)
Event 74: >5% quadrature weight outside P_det grid — numerator=0.000, denominator=0.054 (repeats for this event suppressed)
Event 74: >5% quadrature weight outside P_det grid — numerator=0.000, denominator=0.055 (repeats for this event suppressed)
Event 74: >5% quadrature weight outside P_det grid — numerator=0.000, denominator=0.059 (repeats for this event suppressed)
Event 77: >5% quadrature weight outside P_det grid — numerator=0.000, denominator=0.055 (repeats for this event suppressed)
Event 77: >5% quadrature weight outside P_det grid — numerator=0.000, denominator=0.058 (repeats for this event suppressed)
Event 77: >5% quadrature weight outside P_det grid — numerator=0.000, denominator=0.064 (repeats for this event suppressed)
Event 77: >5% quadrature weight outside P_det grid — numerator=0.000, denominator=0.063 (repeats for this event suppressed)
Event 77: >5% quadrature weight outside P_det grid — numerator=0.000, denominator=0.061 (repeats for this event suppressed)
Event 77: >5% quadrature weight outside P_det grid — numerator=0.000, denominator=0.072 (repeats for this event suppressed)
Event 79: >5% quadrature weight outside P_det grid — numerator=0.000, denominator=0.081 (repeats for this event suppressed)
Event 79: >5% quadrature weight outside P_det grid — numerator=0.000, denominator=0.087 (repeats for this event suppressed)
Event 79: >5% quadrature weight outside P_det grid — numerator=0.000, denominator=0.074 (repeats for this event suppressed)
Event 79: >5% quadrature weight outside P_det grid — numerator=0.000, denominator=0.082 (repeats for this event suppressed)
Detection 79: fused completion mass factor zero at 50/50 quadrature nodes (0 beyond the detection horizon, S_4D=0; 50 off the phi support).
Event 83: >5% quadrature weight outside P_det grid — numerator=0.000, denominator=0.051 (repeats for this event suppressed)
Event 83: >5% quadrature weight outside P_det grid — numerator=0.000, denominator=0.055 (repeats for this event suppressed)
Event 83: >5% quadrature weight outside P_det grid — numerator=0.000, denominator=0.080 (repeats for this event suppressed)
Event 83: >5% quadrature weight outside P_det grid — numerator=0.000, denominator=0.080 (repeats for this event suppressed)
Event 83: >5% quadrature weight outside P_det grid — numerator=0.000, denominator=0.050 (repeats for this event suppressed)
Detection 83: fused completion mass factor zero at 50/50 quadrature nodes (0 beyond the detection horizon, S_4D=0; 50 off the phi support).
Event 86: >5% quadrature weight outside P_det grid — numerator=0.000, denominator=0.074 (repeats for this event suppressed)
Event 86: >5% quadrature weight outside P_det grid — numerator=0.000, denominator=0.077 (repeats for this event suppressed)
Event 86: >5% quadrature weight outside P_det grid — numerator=0.000, denominator=0.074 (repeats for this event suppressed)
Event 86: >5% quadrature weight outside P_det grid — numerator=0.000, denominator=0.070 (repeats for this event suppressed)
Event 86: >5% quadrature weight outside P_det grid — numerator=0.000, denominator=0.073 (repeats for this event suppressed)
Event 86: >5% quadrature weight outside P_det grid — numerator=0.000, denominator=0.071 (repeats for this event suppressed)
Event 89: >5% quadrature weight outside P_det grid — numerator=0.000, denominator=0.063 (repeats for this event suppressed)
Event 89: >5% quadrature weight outside P_det grid — numerator=0.000, denominator=0.059 (repeats for this event suppressed)
Event 89: >5% quadrature weight outside P_det grid — numerator=0.000, denominator=0.069 (repeats for this event suppressed)
Event 89: >5% quadrature weight outside P_det grid — numerator=0.000, denominator=0.069 (repeats for this event suppressed)
Event 89: >5% quadrature weight outside P_det grid — numerator=0.000, denominator=0.059 (repeats for this event suppressed)
Event 89: >5% quadrature weight outside P_det grid — numerator=0.000, denominator=0.094 (repeats for this event suppressed)
Event 89: >5% quadrature weight outside P_det grid — numerator=0.000, denominator=0.070 (repeats for this event suppressed)
Event 89: >5% quadrature weight outside P_det grid — numerator=0.000, denominator=0.062 (repeats for this event suppressed)
Event 89: >5% quadrature weight outside P_det grid — numerator=0.000, denominator=0.061 (repeats for this event suppressed)
Event 89: >5% quadrature weight outside P_det grid — numerator=0.000, denominator=0.057 (repeats for this event suppressed)
Event 89: >5% quadrature weight outside P_det grid — numerator=0.000, denominator=0.092 (repeats for this event suppressed)
Event 89: >5% quadrature weight outside P_det grid — numerator=0.000, denominator=0.058 (repeats for this event suppressed)
Event 89: >5% quadrature weight outside P_det grid — numerator=0.000, denominator=0.062 (repeats for this event suppressed)
Event 89: >5% quadrature weight outside P_det grid — numerator=0.000, denominator=0.068 (repeats for this event suppressed)
No possible hosts. Returning None.
Detection 90: no catalogue hosts in the localization volume — pure-completion fallback p_i = B_num/D (issue #29)
Detection 90: no catalog results found
Event 91: >5% quadrature weight outside P_det grid — numerator=0.000, denominator=0.074 (repeats for this event suppressed)
Event 91: >5% quadrature weight outside P_det grid — numerator=0.000, denominator=0.062 (repeats for this event suppressed)
Event 91: >5% quadrature weight outside P_det grid — numerator=0.000, denominator=0.068 (repeats for this event suppressed)
Event 91: >5% quadrature weight outside P_det grid — numerator=0.000, denominator=0.062 (repeats for this event suppressed)
Event 91: >5% quadrature weight outside P_det grid — numerator=0.000, denominator=0.081 (repeats for this event suppressed)
Event 91: >5% quadrature weight outside P_det grid — numerator=0.000, denominator=0.078 (repeats for this event suppressed)
Event 91: >5% quadrature weight outside P_det grid — numerator=0.000, denominator=0.075 (repeats for this event suppressed)
Event 91: >5% quadrature weight outside P_det grid — numerator=0.000, denominator=0.061 (repeats for this event suppressed)
Event 91: >5% quadrature weight outside P_det grid — numerator=0.000, denominator=0.067 (repeats for this event suppressed)
Event 91: >5% quadrature weight outside P_det grid — numerator=0.000, denominator=0.068 (repeats for this event suppressed)
Event 91: >5% quadrature weight outside P_det grid — numerator=0.000, denominator=0.079 (repeats for this event suppressed)
Event 91: >5% quadrature weight outside P_det grid — numerator=0.000, denominator=0.082 (repeats for this event suppressed)
Event 91: >5% quadrature weight outside P_det grid — numerator=0.000, denominator=0.060 (repeats for this event suppressed)
Event 91: >5% quadrature weight outside P_det grid — numerator=0.000, denominator=0.063 (repeats for this event suppressed)
Event 92: >5% quadrature weight outside P_det grid — numerator=0.000, denominator=0.052 (repeats for this event suppressed)
Event 92: >5% quadrature weight outside P_det grid — numerator=0.000, denominator=0.060 (repeats for this event suppressed)
Event 92: >5% quadrature weight outside P_det grid — numerator=0.000, denominator=0.074 (repeats for this event suppressed)
Event 92: >5% quadrature weight outside P_det grid — numerator=0.000, denominator=0.051 (repeats for this event suppressed)
Event 92: >5% quadrature weight outside P_det grid — numerator=0.000, denominator=0.063 (repeats for this event suppressed)
Event 92: >5% quadrature weight outside P_det grid — numerator=0.000, denominator=0.067 (repeats for this event suppressed)
Event 92: >5% quadrature weight outside P_det grid — numerator=0.000, denominator=0.063 (repeats for this event suppressed)
Event 92: >5% quadrature weight outside P_det grid — numerator=0.000, denominator=0.076 (repeats for this event suppressed)
Event 92: >5% quadrature weight outside P_det grid — numerator=0.000, denominator=0.052 (repeats for this event suppressed)
Event 92: >5% quadrature weight outside P_det grid — numerator=0.000, denominator=0.068 (repeats for this event suppressed)
Event 92: >5% quadrature weight outside P_det grid — numerator=0.000, denominator=0.060 (repeats for this event suppressed)
Event 92: >5% quadrature weight outside P_det grid — numerator=0.000, denominator=0.055 (repeats for this event suppressed)
Event 92: >5% quadrature weight outside P_det grid — numerator=0.000, denominator=0.069 (repeats for this event suppressed)
Event 92: >5% quadrature weight outside P_det grid — numerator=0.000, denominator=0.063 (repeats for this event suppressed)
Event 93: >5% quadrature weight outside P_det grid — numerator=0.000, denominator=0.053 (repeats for this event suppressed)
Event 93: >5% quadrature weight outside P_det grid — numerator=0.000, denominator=0.061 (repeats for this event suppressed)
Event 93: >5% quadrature weight outside P_det grid — numerator=0.000, denominator=0.059 (repeats for this event suppressed)
Event 93: >5% quadrature weight outside P_det grid — numerator=0.000, denominator=0.056 (repeats for this event suppressed)
Event 93: >5% quadrature weight outside P_det grid — numerator=0.000, denominator=0.064 (repeats for this event suppressed)
Event 93: >5% quadrature weight outside P_det grid — numerator=0.000, denominator=0.051 (repeats for this event suppressed)
Event 93: >5% quadrature weight outside P_det grid — numerator=0.000, denominator=0.063 (repeats for this event suppressed)
Event 93: >5% quadrature weight outside P_det grid — numerator=0.000, denominator=0.057 (repeats for this event suppressed)
Event 93: >5% quadrature weight outside P_det grid — numerator=0.000, denominator=0.062 (repeats for this event suppressed)
Event 93: >5% quadrature weight outside P_det grid — numerator=0.000, denominator=0.053 (repeats for this event suppressed)
Event 94: >5% quadrature weight outside P_det grid — numerator=0.000, denominator=0.057 (repeats for this event suppressed)
Event 94: >5% quadrature weight outside P_det grid — numerator=0.000, denominator=0.068 (repeats for this event suppressed)
Event 94: >5% quadrature weight outside P_det grid — numerator=0.000, denominator=0.051 (repeats for this event suppressed)
Event 94: >5% quadrature weight outside P_det grid — numerator=0.000, denominator=0.070 (repeats for this event suppressed)
Event 94: >5% quadrature weight outside P_det grid — numerator=0.000, denominator=0.060 (repeats for this event suppressed)
Event 94: >5% quadrature weight outside P_det grid — numerator=0.000, denominator=0.052 (repeats for this event suppressed)
Event 94: >5% quadrature weight outside P_det grid — numerator=0.000, denominator=0.052 (repeats for this event suppressed)
Event 94: >5% quadrature weight outside P_det grid — numerator=0.000, denominator=0.052 (repeats for this event suppressed)
Event 94: >5% quadrature weight outside P_det grid — numerator=0.000, denominator=0.058 (repeats for this event suppressed)
Event 94: >5% quadrature weight outside P_det grid — numerator=0.000, denominator=0.052 (repeats for this event suppressed)
Event 94: >5% quadrature weight outside P_det grid — numerator=0.000, denominator=0.055 (repeats for this event suppressed)
Event 94: >5% quadrature weight outside P_det grid — numerator=0.000, denominator=0.053 (repeats for this event suppressed)
Event 94: >5% quadrature weight outside P_det grid — numerator=0.000, denominator=0.059 (repeats for this event suppressed)
Event 94: >5% quadrature weight outside P_det grid — numerator=0.000, denominator=0.069 (repeats for this event suppressed)
Event 95: >5% quadrature weight outside P_det grid — numerator=0.000, denominator=0.061 (repeats for this event suppressed)
Event 95: >5% quadrature weight outside P_det grid — numerator=0.000, denominator=0.066 (repeats for this event suppressed)
Event 95: >5% quadrature weight outside P_det grid — numerator=0.000, denominator=0.068 (repeats for this event suppressed)
Event 95: >5% quadrature weight outside P_det grid — numerator=0.000, denominator=0.060 (repeats for this event suppressed)
Event 95: >5% quadrature weight outside P_det grid — numerator=0.000, denominator=0.062 (repeats for this event suppressed)
Event 95: >5% quadrature weight outside P_det grid — numerator=0.000, denominator=0.055 (repeats for this event suppressed)
Event 95: >5% quadrature weight outside P_det grid — numerator=0.000, denominator=0.071 (repeats for this event suppressed)
Event 95: >5% quadrature weight outside P_det grid — numerator=0.000, denominator=0.074 (repeats for this event suppressed)
Event 95: >5% quadrature weight outside P_det grid — numerator=0.000, denominator=0.054 (repeats for this event suppressed)
Event 95: >5% quadrature weight outside P_det grid — numerator=0.000, denominator=0.061 (repeats for this event suppressed)
Event 95: >5% quadrature weight outside P_det grid — numerator=0.000, denominator=0.066 (repeats for this event suppressed)
Event 95: >5% quadrature weight outside P_det grid — numerator=0.000, denominator=0.059 (repeats for this event suppressed)
Event 95: >5% quadrature weight outside P_det grid — numerator=0.000, denominator=0.053 (repeats for this event suppressed)
Event 95: >5% quadrature weight outside P_det grid — numerator=0.000, denominator=0.053 (repeats for this event suppressed)
Event 97: >5% quadrature weight outside P_det grid — numerator=0.000, denominator=0.050 (repeats for this event suppressed)
Event 97: >5% quadrature weight outside P_det grid — numerator=0.000, denominator=0.050 (repeats for this event suppressed)
Event 97: >5% quadrature weight outside P_det grid — numerator=0.000, denominator=0.050 (repeats for this event suppressed)
Event 97: >5% quadrature weight outside P_det grid — numerator=0.000, denominator=0.051 (repeats for this event suppressed)
Event 97: >5% quadrature weight outside P_det grid — numerator=0.000, denominator=0.050 (repeats for this event suppressed)
Event 97: >5% quadrature weight outside P_det grid — numerator=0.000, denominator=0.051 (repeats for this event suppressed)
Event 97: >5% quadrature weight outside P_det grid — numerator=0.000, denominator=0.051 (repeats for this event suppressed)
Event 97: >5% quadrature weight outside P_det grid — numerator=0.000, denominator=0.051 (repeats for this event suppressed)
Event 97: >5% quadrature weight outside P_det grid — numerator=0.000, denominator=0.050 (repeats for this event suppressed)
Event 97: >5% quadrature weight outside P_det grid — numerator=0.000, denominator=0.050 (repeats for this event suppressed)
Event 97: >5% quadrature weight outside P_det grid — numerator=0.000, denominator=0.050 (repeats for this event suppressed)
Event 100: >5% quadrature weight outside P_det grid — numerator=0.000, denominator=0.070 (repeats for this event suppressed)
Event 100: >5% quadrature weight outside P_det grid — numerator=0.000, denominator=0.055 (repeats for this event suppressed)
Event 100: >5% quadrature weight outside P_det grid — numerator=0.000, denominator=0.055 (repeats for this event suppressed)
Event 100: >5% quadrature weight outside P_det grid — numerator=0.000, denominator=0.052 (repeats for this event suppressed)
Event 100: >5% quadrature weight outside P_det grid — numerator=0.000, denominator=0.060 (repeats for this event suppressed)
Event 100: >5% quadrature weight outside P_det grid — numerator=0.000, denominator=0.073 (repeats for this event suppressed)
Event 100: >5% quadrature weight outside P_det grid — numerator=0.000, denominator=0.057 (repeats for this event suppressed)
Event 100: >5% quadrature weight outside P_det grid — numerator=0.000, denominator=0.053 (repeats for this event suppressed)
Event 100: >5% quadrature weight outside P_det grid — numerator=0.000, denominator=0.080 (repeats for this event suppressed)
Event 100: >5% quadrature weight outside P_det grid — numerator=0.000, denominator=0.052 (repeats for this event suppressed)
Event 100: >5% quadrature weight outside P_det grid — numerator=0.000, denominator=0.059 (repeats for this event suppressed)
Event 100: >5% quadrature weight outside P_det grid — numerator=0.000, denominator=0.060 (repeats for this event suppressed)
Event 100: >5% quadrature weight outside P_det grid — numerator=0.000, denominator=0.068 (repeats for this event suppressed)
Event 100: >5% quadrature weight outside P_det grid — numerator=0.000, denominator=0.064 (repeats for this event suppressed)
Event 102: >5% quadrature weight outside P_det grid — numerator=0.000, denominator=0.083 (repeats for this event suppressed)
Event 102: >5% quadrature weight outside P_det grid — numerator=0.000, denominator=0.060 (repeats for this event suppressed)
Event 102: >5% quadrature weight outside P_det grid — numerator=0.000, denominator=0.080 (repeats for this event suppressed)
Event 102: >5% quadrature weight outside P_det grid — numerator=0.000, denominator=0.078 (repeats for this event suppressed)
Detection 102: fused completion mass factor zero at 50/50 quadrature nodes (0 beyond the detection horizon, S_4D=0; 50 off the phi support).
Event 103: >5% quadrature weight outside P_det grid — numerator=0.000, denominator=0.080 (repeats for this event suppressed)
Event 103: >5% quadrature weight outside P_det grid — numerator=0.000, denominator=0.074 (repeats for this event suppressed)
Event 103: >5% quadrature weight outside P_det grid — numerator=0.000, denominator=0.073 (repeats for this event suppressed)
Event 104: >5% quadrature weight outside P_det grid — numerator=0.000, denominator=0.062 (repeats for this event suppressed)
Event 104: >5% quadrature weight outside P_det grid — numerator=0.000, denominator=0.059 (repeats for this event suppressed)
Event 104: >5% quadrature weight outside P_det grid — numerator=0.000, denominator=0.060 (repeats for this event suppressed)
Event 104: >5% quadrature weight outside P_det grid — numerator=0.000, denominator=0.055 (repeats for this event suppressed)
Event 104: >5% quadrature weight outside P_det grid — numerator=0.000, denominator=0.063 (repeats for this event suppressed)
Event 104: >5% quadrature weight outside P_det grid — numerator=0.000, denominator=0.066 (repeats for this event suppressed)
Event 104: >5% quadrature weight outside P_det grid — numerator=0.000, denominator=0.060 (repeats for this event suppressed)
Event 104: >5% quadrature weight outside P_det grid — numerator=0.000, denominator=0.065 (repeats for this event suppressed)
Event 104: >5% quadrature weight outside P_det grid — numerator=0.000, denominator=0.057 (repeats for this event suppressed)
Event 104: >5% quadrature weight outside P_det grid — numerator=0.000, denominator=0.053 (repeats for this event suppressed)
Event 104: >5% quadrature weight outside P_det grid — numerator=0.000, denominator=0.054 (repeats for this event suppressed)
Event 104: >5% quadrature weight outside P_det grid — numerator=0.000, denominator=0.054 (repeats for this event suppressed)
Event 104: >5% quadrature weight outside P_det grid — numerator=0.000, denominator=0.060 (repeats for this event suppressed)
Event 104: >5% quadrature weight outside P_det grid — numerator=0.000, denominator=0.056 (repeats for this event suppressed)
Event 105: >5% quadrature weight outside P_det grid — numerator=0.000, denominator=0.052 (repeats for this event suppressed)
Event 105: >5% quadrature weight outside P_det grid — numerator=0.000, denominator=0.052 (repeats for this event suppressed)
Event 105: >5% quadrature weight outside P_det grid — numerator=0.000, denominator=0.075 (repeats for this event suppressed)
Event 105: >5% quadrature weight outside P_det grid — numerator=0.000, denominator=0.069 (repeats for this event suppressed)
Event 105: >5% quadrature weight outside P_det grid — numerator=0.000, denominator=0.053 (repeats for this event suppressed)
Event 105: >5% quadrature weight outside P_det grid — numerator=0.000, denominator=0.052 (repeats for this event suppressed)
Event 105: >5% quadrature weight outside P_det grid — numerator=0.000, denominator=0.072 (repeats for this event suppressed)
Event 105: >5% quadrature weight outside P_det grid — numerator=0.000, denominator=0.051 (repeats for this event suppressed)
Event 105: >5% quadrature weight outside P_det grid — numerator=0.000, denominator=0.051 (repeats for this event suppressed)
Event 105: >5% quadrature weight outside P_det grid — numerator=0.000, denominator=0.056 (repeats for this event suppressed)
Event 105: >5% quadrature weight outside P_det grid — numerator=0.000, denominator=0.064 (repeats for this event suppressed)
Event 105: >5% quadrature weight outside P_det grid — numerator=0.000, denominator=0.058 (repeats for this event suppressed)
Event 105: >5% quadrature weight outside P_det grid — numerator=0.000, denominator=0.063 (repeats for this event suppressed)
Event 105: >5% quadrature weight outside P_det grid — numerator=0.000, denominator=0.053 (repeats for this event suppressed)
Event 106: >5% quadrature weight outside P_det grid — numerator=0.000, denominator=0.070 (repeats for this event suppressed)
Event 106: >5% quadrature weight outside P_det grid — numerator=0.000, denominator=0.066 (repeats for this event suppressed)
Event 106: >5% quadrature weight outside P_det grid — numerator=0.000, denominator=0.061 (repeats for this event suppressed)
Event 106: >5% quadrature weight outside P_det grid — numerator=0.000, denominator=0.073 (repeats for this event suppressed)
Event 106: >5% quadrature weight outside P_det grid — numerator=0.000, denominator=0.065 (repeats for this event suppressed)
Event 106: >5% quadrature weight outside P_det grid — numerator=0.000, denominator=0.051 (repeats for this event suppressed)
Event 106: >5% quadrature weight outside P_det grid — numerator=0.000, denominator=0.064 (repeats for this event suppressed)
Event 106: >5% quadrature weight outside P_det grid — numerator=0.000, denominator=0.066 (repeats for this event suppressed)
Event 106: >5% quadrature weight outside P_det grid — numerator=0.000, denominator=0.072 (repeats for this event suppressed)
Event 106: >5% quadrature weight outside P_det grid — numerator=0.000, denominator=0.063 (repeats for this event suppressed)
Event 106: >5% quadrature weight outside P_det grid — numerator=0.000, denominator=0.084 (repeats for this event suppressed)
Event 106: >5% quadrature weight outside P_det grid — numerator=0.000, denominator=0.050 (repeats for this event suppressed)
Event 106: >5% quadrature weight outside P_det grid — numerator=0.000, denominator=0.064 (repeats for this event suppressed)
Event 106: >5% quadrature weight outside P_det grid — numerator=0.000, denominator=0.064 (repeats for this event suppressed)
Event 110: >5% quadrature weight outside P_det grid — numerator=0.000, denominator=0.061 (repeats for this event suppressed)
Event 110: >5% quadrature weight outside P_det grid — numerator=0.000, denominator=0.055 (repeats for this event suppressed)
Event 110: >5% quadrature weight outside P_det grid — numerator=0.000, denominator=0.055 (repeats for this event suppressed)
Event 110: >5% quadrature weight outside P_det grid — numerator=0.000, denominator=0.066 (repeats for this event suppressed)
Event 110: >5% quadrature weight outside P_det grid — numerator=0.000, denominator=0.066 (repeats for this event suppressed)
Event 110: >5% quadrature weight outside P_det grid — numerator=0.000, denominator=0.072 (repeats for this event suppressed)
Event 110: >5% quadrature weight outside P_det grid — numerator=0.000, denominator=0.071 (repeats for this event suppressed)
Event 110: >5% quadrature weight outside P_det grid — numerator=0.000, denominator=0.052 (repeats for this event suppressed)
Event 110: >5% quadrature weight outside P_det grid — numerator=0.000, denominator=0.067 (repeats for this event suppressed)
Event 110: >5% quadrature weight outside P_det grid — numerator=0.000, denominator=0.060 (repeats for this event suppressed)
Event 110: >5% quadrature weight outside P_det grid — numerator=0.000, denominator=0.060 (repeats for this event suppressed)
Event 110: >5% quadrature weight outside P_det grid — numerator=0.000, denominator=0.053 (repeats for this event suppressed)
Event 110: >5% quadrature weight outside P_det grid — numerator=0.000, denominator=0.057 (repeats for this event suppressed)
Event 110: >5% quadrature weight outside P_det grid — numerator=0.000, denominator=0.069 (repeats for this event suppressed)
Event 113: >5% quadrature weight outside P_det grid — numerator=0.000, denominator=0.093 (repeats for this event suppressed)
Event 113: >5% quadrature weight outside P_det grid — numerator=0.000, denominator=0.054 (repeats for this event suppressed)
Event 113: >5% quadrature weight outside P_det grid — numerator=0.000, denominator=0.051 (repeats for this event suppressed)
Event 113: >5% quadrature weight outside P_det grid — numerator=0.000, denominator=0.081 (repeats for this event suppressed)
Event 113: >5% quadrature weight outside P_det grid — numerator=0.000, denominator=0.082 (repeats for this event suppressed)
Event 113: >5% quadrature weight outside P_det grid — numerator=0.000, denominator=0.054 (repeats for this event suppressed)
Event 113: >5% quadrature weight outside P_det grid — numerator=0.000, denominator=0.054 (repeats for this event suppressed)
Event 113: >5% quadrature weight outside P_det grid — numerator=0.000, denominator=0.061 (repeats for this event suppressed)
Event 113: >5% quadrature weight outside P_det grid — numerator=0.000, denominator=0.062 (repeats for this event suppressed)
Event 113: >5% quadrature weight outside P_det grid — numerator=0.000, denominator=0.051 (repeats for this event suppressed)
Event 113: >5% quadrature weight outside P_det grid — numerator=0.000, denominator=0.053 (repeats for this event suppressed)
Event 113: >5% quadrature weight outside P_det grid — numerator=0.000, denominator=0.058 (repeats for this event suppressed)
Event 113: >5% quadrature weight outside P_det grid — numerator=0.000, denominator=0.075 (repeats for this event suppressed)
Event 113: >5% quadrature weight outside P_det grid — numerator=0.000, denominator=0.056 (repeats for this event suppressed)
Event 114: >5% quadrature weight outside P_det grid — numerator=0.000, denominator=0.063 (repeats for this event suppressed)
Event 114: >5% quadrature weight outside P_det grid — numerator=0.000, denominator=0.055 (repeats for this event suppressed)
Event 114: >5% quadrature weight outside P_det grid — numerator=0.000, denominator=0.058 (repeats for this event suppressed)
Event 114: >5% quadrature weight outside P_det grid — numerator=0.000, denominator=0.059 (repeats for this event suppressed)
Event 114: >5% quadrature weight outside P_det grid — numerator=0.000, denominator=0.062 (repeats for this event suppressed)
Event 114: >5% quadrature weight outside P_det grid — numerator=0.000, denominator=0.051 (repeats for this event suppressed)
Event 114: >5% quadrature weight outside P_det grid — numerator=0.000, denominator=0.061 (repeats for this event suppressed)
Event 114: >5% quadrature weight outside P_det grid — numerator=0.000, denominator=0.062 (repeats for this event suppressed)
Event 114: >5% quadrature weight outside P_det grid — numerator=0.000, denominator=0.060 (repeats for this event suppressed)
Event 114: >5% quadrature weight outside P_det grid — numerator=0.000, denominator=0.055 (repeats for this event suppressed)
Event 114: >5% quadrature weight outside P_det grid — numerator=0.000, denominator=0.058 (repeats for this event suppressed)
Event 114: >5% quadrature weight outside P_det grid — numerator=0.000, denominator=0.077 (repeats for this event suppressed)
Event 114: >5% quadrature weight outside P_det grid — numerator=0.000, denominator=0.058 (repeats for this event suppressed)
Event 114: >5% quadrature weight outside P_det grid — numerator=0.000, denominator=0.055 (repeats for this event suppressed)
Event 115: >5% quadrature weight outside P_det grid — numerator=0.000, denominator=0.061 (repeats for this event suppressed)
Event 115: >5% quadrature weight outside P_det grid — numerator=0.000, denominator=0.059 (repeats for this event suppressed)
Event 115: >5% quadrature weight outside P_det grid — numerator=0.000, denominator=0.061 (repeats for this event suppressed)
Event 115: >5% quadrature weight outside P_det grid — numerator=0.000, denominator=0.076 (repeats for this event suppressed)
Event 115: >5% quadrature weight outside P_det grid — numerator=0.000, denominator=0.061 (repeats for this event suppressed)
Event 115: >5% quadrature weight outside P_det grid — numerator=0.000, denominator=0.142 (repeats for this event suppressed)
Event 115: >5% quadrature weight outside P_det grid — numerator=0.000, denominator=0.069 (repeats for this event suppressed)
Event 115: >5% quadrature weight outside P_det grid — numerator=0.000, denominator=0.058 (repeats for this event suppressed)
Event 115: >5% quadrature weight outside P_det grid — numerator=0.000, denominator=0.057 (repeats for this event suppressed)
Event 115: >5% quadrature weight outside P_det grid — numerator=0.000, denominator=0.059 (repeats for this event suppressed)
Event 115: >5% quadrature weight outside P_det grid — numerator=0.000, denominator=0.062 (repeats for this event suppressed)
Event 115: >5% quadrature weight outside P_det grid — numerator=0.000, denominator=0.077 (repeats for this event suppressed)
Event 115: >5% quadrature weight outside P_det grid — numerator=0.000, denominator=0.063 (repeats for this event suppressed)
Event 115: >5% quadrature weight outside P_det grid — numerator=0.000, denominator=0.079 (repeats for this event suppressed)
Event 116: >5% quadrature weight outside P_det grid — numerator=0.000, denominator=0.061 (repeats for this event suppressed)
Event 117: >5% quadrature weight outside P_det grid — numerator=0.000, denominator=0.050 (repeats for this event suppressed)
Event 117: >5% quadrature weight outside P_det grid — numerator=0.000, denominator=0.050 (repeats for this event suppressed)
Event 118: >5% quadrature weight outside P_det grid — numerator=0.000, denominator=0.086 (repeats for this event suppressed)
Event 118: >5% quadrature weight outside P_det grid — numerator=0.000, denominator=0.062 (repeats for this event suppressed)
Event 121: >5% quadrature weight outside P_det grid — numerator=0.000, denominator=0.056 (repeats for this event suppressed)
Event 121: >5% quadrature weight outside P_det grid — numerator=0.000, denominator=0.066 (repeats for this event suppressed)
Event 121: >5% quadrature weight outside P_det grid — numerator=0.000, denominator=0.050 (repeats for this event suppressed)
Event 121: >5% quadrature weight outside P_det grid — numerator=0.000, denominator=0.062 (repeats for this event suppressed)
Event 121: >5% quadrature weight outside P_det grid — numerator=0.000, denominator=0.065 (repeats for this event suppressed)
Event 121: >5% quadrature weight outside P_det grid — numerator=0.000, denominator=0.072 (repeats for this event suppressed)
Event 121: >5% quadrature weight outside P_det grid — numerator=0.000, denominator=0.063 (repeats for this event suppressed)
Event 121: >5% quadrature weight outside P_det grid — numerator=0.000, denominator=0.066 (repeats for this event suppressed)
Event 121: >5% quadrature weight outside P_det grid — numerator=0.000, denominator=0.064 (repeats for this event suppressed)
Event 121: >5% quadrature weight outside P_det grid — numerator=0.000, denominator=0.051 (repeats for this event suppressed)
Event 121: >5% quadrature weight outside P_det grid — numerator=0.000, denominator=0.063 (repeats for this event suppressed)
Event 121: >5% quadrature weight outside P_det grid — numerator=0.000, denominator=0.075 (repeats for this event suppressed)
Event 121: >5% quadrature weight outside P_det grid — numerator=0.000, denominator=0.079 (repeats for this event suppressed)
Event 121: >5% quadrature weight outside P_det grid — numerator=0.000, denominator=0.052 (repeats for this event suppressed)
Event 122: >5% quadrature weight outside P_det grid — numerator=0.000, denominator=0.053 (repeats for this event suppressed)
Event 122: >5% quadrature weight outside P_det grid — numerator=0.000, denominator=0.063 (repeats for this event suppressed)
Event 122: >5% quadrature weight outside P_det grid — numerator=0.000, denominator=0.052 (repeats for this event suppressed)
Event 122: >5% quadrature weight outside P_det grid — numerator=0.000, denominator=0.065 (repeats for this event suppressed)
Event 122: >5% quadrature weight outside P_det grid — numerator=0.000, denominator=0.052 (repeats for this event suppressed)
Event 122: >5% quadrature weight outside P_det grid — numerator=0.000, denominator=0.059 (repeats for this event suppressed)
Event 122: >5% quadrature weight outside P_det grid — numerator=0.000, denominator=0.066 (repeats for this event suppressed)
Event 122: >5% quadrature weight outside P_det grid — numerator=0.000, denominator=0.082 (repeats for this event suppressed)
Event 122: >5% quadrature weight outside P_det grid — numerator=0.000, denominator=0.060 (repeats for this event suppressed)
Event 122: >5% quadrature weight outside P_det grid — numerator=0.000, denominator=0.051 (repeats for this event suppressed)
Event 122: >5% quadrature weight outside P_det grid — numerator=0.000, denominator=0.064 (repeats for this event suppressed)
Event 122: >5% quadrature weight outside P_det grid — numerator=0.000, denominator=0.057 (repeats for this event suppressed)
Event 122: >5% quadrature weight outside P_det grid — numerator=0.000, denominator=0.055 (repeats for this event suppressed)
Event 122: >5% quadrature weight outside P_det grid — numerator=0.000, denominator=0.052 (repeats for this event suppressed)
Detection 122: fused completion mass factor zero at 50/50 quadrature nodes (0 beyond the detection horizon, S_4D=0; 50 off the phi support).
Event 123: >5% quadrature weight outside P_det grid — numerator=0.000, denominator=0.069 (repeats for this event suppressed)
Event 123: >5% quadrature weight outside P_det grid — numerator=0.000, denominator=0.068 (repeats for this event suppressed)
Event 123: >5% quadrature weight outside P_det grid — numerator=0.000, denominator=0.072 (repeats for this event suppressed)
Event 123: >5% quadrature weight outside P_det grid — numerator=0.000, denominator=0.055 (repeats for this event suppressed)
Event 123: >5% quadrature weight outside P_det grid — numerator=0.000, denominator=0.079 (repeats for this event suppressed)
Event 123: >5% quadrature weight outside P_det grid — numerator=0.000, denominator=0.096 (repeats for this event suppressed)
Event 123: >5% quadrature weight outside P_det grid — numerator=0.000, denominator=0.055 (repeats for this event suppressed)
Event 123: >5% quadrature weight outside P_det grid — numerator=0.000, denominator=0.052 (repeats for this event suppressed)
Event 123: >5% quadrature weight outside P_det grid — numerator=0.000, denominator=0.093 (repeats for this event suppressed)
Event 123: >5% quadrature weight outside P_det grid — numerator=0.000, denominator=0.059 (repeats for this event suppressed)
Event 123: >5% quadrature weight outside P_det grid — numerator=0.000, denominator=0.083 (repeats for this event suppressed)
Event 123: >5% quadrature weight outside P_det grid — numerator=0.000, denominator=0.081 (repeats for this event suppressed)
Event 123: >5% quadrature weight outside P_det grid — numerator=0.000, denominator=0.074 (repeats for this event suppressed)
Event 123: >5% quadrature weight outside P_det grid — numerator=0.000, denominator=0.050 (repeats for this event suppressed)
Detection 123: fused completion mass factor zero at 50/50 quadrature nodes (0 beyond the detection horizon, S_4D=0; 50 off the phi support).
Event 126: >5% quadrature weight outside P_det grid — numerator=0.000, denominator=0.063 (repeats for this event suppressed)
Event 126: >5% quadrature weight outside P_det grid — numerator=0.000, denominator=0.082 (repeats for this event suppressed)
Event 126: >5% quadrature weight outside P_det grid — numerator=0.000, denominator=0.074 (repeats for this event suppressed)
Event 126: >5% quadrature weight outside P_det grid — numerator=0.000, denominator=0.077 (repeats for this event suppressed)
Event 126: >5% quadrature weight outside P_det grid — numerator=0.000, denominator=0.081 (repeats for this event suppressed)
Event 129: >5% quadrature weight outside P_det grid — numerator=0.000, denominator=0.057 (repeats for this event suppressed)
Event 129: >5% quadrature weight outside P_det grid — numerator=0.000, denominator=0.062 (repeats for this event suppressed)
Event 129: >5% quadrature weight outside P_det grid — numerator=0.000, denominator=0.062 (repeats for this event suppressed)
Event 129: >5% quadrature weight outside P_det grid — numerator=0.000, denominator=0.062 (repeats for this event suppressed)
Event 129: >5% quadrature weight outside P_det grid — numerator=0.000, denominator=0.055 (repeats for this event suppressed)
Event 129: >5% quadrature weight outside P_det grid — numerator=0.000, denominator=0.056 (repeats for this event suppressed)
Event 129: >5% quadrature weight outside P_det grid — numerator=0.000, denominator=0.062 (repeats for this event suppressed)
Event 129: >5% quadrature weight outside P_det grid — numerator=0.000, denominator=0.051 (repeats for this event suppressed)
Event 129: >5% quadrature weight outside P_det grid — numerator=0.000, denominator=0.050 (repeats for this event suppressed)
Event 129: >5% quadrature weight outside P_det grid — numerator=0.000, denominator=0.057 (repeats for this event suppressed)
Detection 129: fused completion mass factor zero at 50/50 quadrature nodes (0 beyond the detection horizon, S_4D=0; 50 off the phi support).
Event 130: >5% quadrature weight outside P_det grid — numerator=0.000, denominator=0.060 (repeats for this event suppressed)
Event 130: >5% quadrature weight outside P_det grid — numerator=0.000, denominator=0.053 (repeats for this event suppressed)
Event 130: >5% quadrature weight outside P_det grid — numerator=0.000, denominator=0.065 (repeats for this event suppressed)
Event 130: >5% quadrature weight outside P_det grid — numerator=0.000, denominator=0.052 (repeats for this event suppressed)
Event 130: >5% quadrature weight outside P_det grid — numerator=0.000, denominator=0.060 (repeats for this event suppressed)
Event 130: >5% quadrature weight outside P_det grid — numerator=0.000, denominator=0.051 (repeats for this event suppressed)
Event 130: >5% quadrature weight outside P_det grid — numerator=0.000, denominator=0.063 (repeats for this event suppressed)
Event 131: >5% quadrature weight outside P_det grid — numerator=0.000, denominator=0.058 (repeats for this event suppressed)
Event 131: >5% quadrature weight outside P_det grid — numerator=0.000, denominator=0.074 (repeats for this event suppressed)
Event 131: >5% quadrature weight outside P_det grid — numerator=0.000, denominator=0.069 (repeats for this event suppressed)
Event 131: >5% quadrature weight outside P_det grid — numerator=0.000, denominator=0.066 (repeats for this event suppressed)
Event 131: >5% quadrature weight outside P_det grid — numerator=0.000, denominator=0.055 (repeats for this event suppressed)
Event 131: >5% quadrature weight outside P_det grid — numerator=0.000, denominator=0.072 (repeats for this event suppressed)
Event 131: >5% quadrature weight outside P_det grid — numerator=0.000, denominator=0.060 (repeats for this event suppressed)
Event 131: >5% quadrature weight outside P_det grid — numerator=0.000, denominator=0.068 (repeats for this event suppressed)
Event 131: >5% quadrature weight outside P_det grid — numerator=0.000, denominator=0.072 (repeats for this event suppressed)
Event 131: >5% quadrature weight outside P_det grid — numerator=0.000, denominator=0.059 (repeats for this event suppressed)
Event 131: >5% quadrature weight outside P_det grid — numerator=0.000, denominator=0.072 (repeats for this event suppressed)
Event 131: >5% quadrature weight outside P_det grid — numerator=0.000, denominator=0.071 (repeats for this event suppressed)
Event 131: >5% quadrature weight outside P_det grid — numerator=0.000, denominator=0.069 (repeats for this event suppressed)
Event 131: >5% quadrature weight outside P_det grid — numerator=0.000, denominator=0.062 (repeats for this event suppressed)
Event 132: >5% quadrature weight outside P_det grid — numerator=0.000, denominator=0.066 (repeats for this event suppressed)
Event 132: >5% quadrature weight outside P_det grid — numerator=0.000, denominator=0.060 (repeats for this event suppressed)
Event 132: >5% quadrature weight outside P_det grid — numerator=0.000, denominator=0.054 (repeats for this event suppressed)
Event 132: >5% quadrature weight outside P_det grid — numerator=0.000, denominator=0.069 (repeats for this event suppressed)
Event 132: >5% quadrature weight outside P_det grid — numerator=0.000, denominator=0.055 (repeats for this event suppressed)
Event 132: >5% quadrature weight outside P_det grid — numerator=0.000, denominator=0.051 (repeats for this event suppressed)
Event 132: >5% quadrature weight outside P_det grid — numerator=0.000, denominator=0.073 (repeats for this event suppressed)
Event 132: >5% quadrature weight outside P_det grid — numerator=0.000, denominator=0.061 (repeats for this event suppressed)
Event 132: >5% quadrature weight outside P_det grid — numerator=0.000, denominator=0.077 (repeats for this event suppressed)
Event 132: >5% quadrature weight outside P_det grid — numerator=0.000, denominator=0.072 (repeats for this event suppressed)
Event 132: >5% quadrature weight outside P_det grid — numerator=0.000, denominator=0.051 (repeats for this event suppressed)
Event 132: >5% quadrature weight outside P_det grid — numerator=0.000, denominator=0.054 (repeats for this event suppressed)
Event 132: >5% quadrature weight outside P_det grid — numerator=0.000, denominator=0.057 (repeats for this event suppressed)
Event 132: >5% quadrature weight outside P_det grid — numerator=0.000, denominator=0.054 (repeats for this event suppressed)
Event 136: >5% quadrature weight outside P_det grid — numerator=0.000, denominator=0.065 (repeats for this event suppressed)
Event 136: >5% quadrature weight outside P_det grid — numerator=0.000, denominator=0.052 (repeats for this event suppressed)
Event 136: >5% quadrature weight outside P_det grid — numerator=0.000, denominator=0.058 (repeats for this event suppressed)
Event 136: >5% quadrature weight outside P_det grid — numerator=0.000, denominator=0.059 (repeats for this event suppressed)
Event 136: >5% quadrature weight outside P_det grid — numerator=0.000, denominator=0.055 (repeats for this event suppressed)
Event 136: >5% quadrature weight outside P_det grid — numerator=0.000, denominator=0.058 (repeats for this event suppressed)
Event 136: >5% quadrature weight outside P_det grid — numerator=0.000, denominator=0.062 (repeats for this event suppressed)
Event 136: >5% quadrature weight outside P_det grid — numerator=0.000, denominator=0.066 (repeats for this event suppressed)
Event 136: >5% quadrature weight outside P_det grid — numerator=0.000, denominator=0.066 (repeats for this event suppressed)
Event 136: >5% quadrature weight outside P_det grid — numerator=0.000, denominator=0.063 (repeats for this event suppressed)
Event 136: >5% quadrature weight outside P_det grid — numerator=0.000, denominator=0.055 (repeats for this event suppressed)
Event 136: >5% quadrature weight outside P_det grid — numerator=0.000, denominator=0.057 (repeats for this event suppressed)
Event 136: >5% quadrature weight outside P_det grid — numerator=0.000, denominator=0.066 (repeats for this event suppressed)
Event 136: >5% quadrature weight outside P_det grid — numerator=0.000, denominator=0.056 (repeats for this event suppressed)
Event 138: >5% quadrature weight outside P_det grid — numerator=0.000, denominator=0.061 (repeats for this event suppressed)
Event 138: >5% quadrature weight outside P_det grid — numerator=0.000, denominator=0.055 (repeats for this event suppressed)
Event 138: >5% quadrature weight outside P_det grid — numerator=0.000, denominator=0.059 (repeats for this event suppressed)
Event 138: >5% quadrature weight outside P_det grid — numerator=0.000, denominator=0.051 (repeats for this event suppressed)
Event 138: >5% quadrature weight outside P_det grid — numerator=0.000, denominator=0.050 (repeats for this event suppressed)
Event 138: >5% quadrature weight outside P_det grid — numerator=0.000, denominator=0.053 (repeats for this event suppressed)
Event 138: >5% quadrature weight outside P_det grid — numerator=0.000, denominator=0.054 (repeats for this event suppressed)
Event 138: >5% quadrature weight outside P_det grid — numerator=0.000, denominator=0.053 (repeats for this event suppressed)
Event 138: >5% quadrature weight outside P_det grid — numerator=0.000, denominator=0.059 (repeats for this event suppressed)
Detection 138: fused completion mass factor zero at 50/50 quadrature nodes (0 beyond the detection horizon, S_4D=0; 50 off the phi support).
Event 139: >5% quadrature weight outside P_det grid — numerator=0.000, denominator=0.060 (repeats for this event suppressed)
Event 139: >5% quadrature weight outside P_det grid — numerator=0.000, denominator=0.057 (repeats for this event suppressed)
Event 139: >5% quadrature weight outside P_det grid — numerator=0.000, denominator=0.053 (repeats for this event suppressed)
Event 139: >5% quadrature weight outside P_det grid — numerator=0.000, denominator=0.052 (repeats for this event suppressed)
Event 139: >5% quadrature weight outside P_det grid — numerator=0.000, denominator=0.056 (repeats for this event suppressed)
Event 139: >5% quadrature weight outside P_det grid — numerator=0.000, denominator=0.051 (repeats for this event suppressed)
Event 139: >5% quadrature weight outside P_det grid — numerator=0.000, denominator=0.068 (repeats for this event suppressed)
Event 139: >5% quadrature weight outside P_det grid — numerator=0.000, denominator=0.056 (repeats for this event suppressed)
Event 139: >5% quadrature weight outside P_det grid — numerator=0.000, denominator=0.052 (repeats for this event suppressed)
Event 139: >5% quadrature weight outside P_det grid — numerator=0.000, denominator=0.077 (repeats for this event suppressed)
Event 139: >5% quadrature weight outside P_det grid — numerator=0.000, denominator=0.050 (repeats for this event suppressed)
Event 139: >5% quadrature weight outside P_det grid — numerator=0.000, denominator=0.055 (repeats for this event suppressed)
Event 139: >5% quadrature weight outside P_det grid — numerator=0.000, denominator=0.054 (repeats for this event suppressed)
Event 139: >5% quadrature weight outside P_det grid — numerator=0.000, denominator=0.068 (repeats for this event suppressed)
Detection 139: fused completion mass factor zero at 50/50 quadrature nodes (0 beyond the detection horizon, S_4D=0; 50 off the phi support).
Event 140: >5% quadrature weight outside P_det grid — numerator=0.000, denominator=0.058 (repeats for this event suppressed)
Event 140: >5% quadrature weight outside P_det grid — numerator=0.000, denominator=0.051 (repeats for this event suppressed)
Event 140: >5% quadrature weight outside P_det grid — numerator=0.000, denominator=0.055 (repeats for this event suppressed)
Event 140: >5% quadrature weight outside P_det grid — numerator=0.000, denominator=0.071 (repeats for this event suppressed)
Event 140: >5% quadrature weight outside P_det grid — numerator=0.000, denominator=0.050 (repeats for this event suppressed)
Event 140: >5% quadrature weight outside P_det grid — numerator=0.000, denominator=0.050 (repeats for this event suppressed)
Event 140: >5% quadrature weight outside P_det grid — numerator=0.000, denominator=0.052 (repeats for this event suppressed)
Event 140: >5% quadrature weight outside P_det grid — numerator=0.000, denominator=0.066 (repeats for this event suppressed)
Event 140: >5% quadrature weight outside P_det grid — numerator=0.000, denominator=0.052 (repeats for this event suppressed)
Event 140: >5% quadrature weight outside P_det grid — numerator=0.000, denominator=0.055 (repeats for this event suppressed)
Event 140: >5% quadrature weight outside P_det grid — numerator=0.000, denominator=0.051 (repeats for this event suppressed)
Event 140: >5% quadrature weight outside P_det grid — numerator=0.000, denominator=0.060 (repeats for this event suppressed)
Event 140: >5% quadrature weight outside P_det grid — numerator=0.000, denominator=0.061 (repeats for this event suppressed)
Event 140: >5% quadrature weight outside P_det grid — numerator=0.000, denominator=0.051 (repeats for this event suppressed)
Event 142: >5% quadrature weight outside P_det grid — numerator=0.000, denominator=0.058 (repeats for this event suppressed)
Event 142: >5% quadrature weight outside P_det grid — numerator=0.000, denominator=0.057 (repeats for this event suppressed)
Event 142: >5% quadrature weight outside P_det grid — numerator=0.000, denominator=0.058 (repeats for this event suppressed)
Event 142: >5% quadrature weight outside P_det grid — numerator=0.000, denominator=0.058 (repeats for this event suppressed)
Event 142: >5% quadrature weight outside P_det grid — numerator=0.000, denominator=0.058 (repeats for this event suppressed)
Event 142: >5% quadrature weight outside P_det grid — numerator=0.000, denominator=0.056 (repeats for this event suppressed)
Event 142: >5% quadrature weight outside P_det grid — numerator=0.000, denominator=0.064 (repeats for this event suppressed)
Event 142: >5% quadrature weight outside P_det grid — numerator=0.000, denominator=0.054 (repeats for this event suppressed)
Event 142: >5% quadrature weight outside P_det grid — numerator=0.000, denominator=0.054 (repeats for this event suppressed)
Event 142: >5% quadrature weight outside P_det grid — numerator=0.000, denominator=0.053 (repeats for this event suppressed)
Event 142: >5% quadrature weight outside P_det grid — numerator=0.000, denominator=0.056 (repeats for this event suppressed)
Event 142: >5% quadrature weight outside P_det grid — numerator=0.000, denominator=0.053 (repeats for this event suppressed)
Event 142: >5% quadrature weight outside P_det grid — numerator=0.000, denominator=0.064 (repeats for this event suppressed)
Event 142: >5% quadrature weight outside P_det grid — numerator=0.000, denominator=0.052 (repeats for this event suppressed)
Event 143: >5% quadrature weight outside P_det grid — numerator=0.000, denominator=0.069 (repeats for this event suppressed)
Event 143: >5% quadrature weight outside P_det grid — numerator=0.000, denominator=0.051 (repeats for this event suppressed)
Event 143: >5% quadrature weight outside P_det grid — numerator=0.000, denominator=0.053 (repeats for this event suppressed)
Event 143: >5% quadrature weight outside P_det grid — numerator=0.000, denominator=0.068 (repeats for this event suppressed)
Event 143: >5% quadrature weight outside P_det grid — numerator=0.000, denominator=0.057 (repeats for this event suppressed)
Event 143: >5% quadrature weight outside P_det grid — numerator=0.000, denominator=0.067 (repeats for this event suppressed)
Event 143: >5% quadrature weight outside P_det grid — numerator=0.000, denominator=0.069 (repeats for this event suppressed)
Event 143: >5% quadrature weight outside P_det grid — numerator=0.000, denominator=0.062 (repeats for this event suppressed)
Event 143: >5% quadrature weight outside P_det grid — numerator=0.000, denominator=0.067 (repeats for this event suppressed)
Event 143: >5% quadrature weight outside P_det grid — numerator=0.000, denominator=0.054 (repeats for this event suppressed)
Event 143: >5% quadrature weight outside P_det grid — numerator=0.000, denominator=0.068 (repeats for this event suppressed)
Event 143: >5% quadrature weight outside P_det grid — numerator=0.000, denominator=0.067 (repeats for this event suppressed)
Event 143: >5% quadrature weight outside P_det grid — numerator=0.000, denominator=0.068 (repeats for this event suppressed)
Event 143: >5% quadrature weight outside P_det grid — numerator=0.000, denominator=0.067 (repeats for this event suppressed)
Event 144: >5% quadrature weight outside P_det grid — numerator=0.000, denominator=0.054 (repeats for this event suppressed)
Event 144: >5% quadrature weight outside P_det grid — numerator=0.000, denominator=0.059 (repeats for this event suppressed)
Event 144: >5% quadrature weight outside P_det grid — numerator=0.000, denominator=0.056 (repeats for this event suppressed)
Event 144: >5% quadrature weight outside P_det grid — numerator=0.000, denominator=0.085 (repeats for this event suppressed)
Event 144: >5% quadrature weight outside P_det grid — numerator=0.000, denominator=0.055 (repeats for this event suppressed)
Event 144: >5% quadrature weight outside P_det grid — numerator=0.000, denominator=0.087 (repeats for this event suppressed)
Event 144: >5% quadrature weight outside P_det grid — numerator=0.000, denominator=0.091 (repeats for this event suppressed)
Event 145: >5% quadrature weight outside P_det grid — numerator=0.000, denominator=0.056 (repeats for this event suppressed)
Event 145: >5% quadrature weight outside P_det grid — numerator=0.000, denominator=0.053 (repeats for this event suppressed)
Event 145: >5% quadrature weight outside P_det grid — numerator=0.000, denominator=0.052 (repeats for this event suppressed)
Event 145: >5% quadrature weight outside P_det grid — numerator=0.000, denominator=0.069 (repeats for this event suppressed)
Event 145: >5% quadrature weight outside P_det grid — numerator=0.000, denominator=0.057 (repeats for this event suppressed)
Event 145: >5% quadrature weight outside P_det grid — numerator=0.000, denominator=0.062 (repeats for this event suppressed)
Event 145: >5% quadrature weight outside P_det grid — numerator=0.000, denominator=0.068 (repeats for this event suppressed)
Event 145: >5% quadrature weight outside P_det grid — numerator=0.000, denominator=0.052 (repeats for this event suppressed)
Event 145: >5% quadrature weight outside P_det grid — numerator=0.000, denominator=0.068 (repeats for this event suppressed)
Event 145: >5% quadrature weight outside P_det grid — numerator=0.000, denominator=0.060 (repeats for this event suppressed)
Event 145: >5% quadrature weight outside P_det grid — numerator=0.000, denominator=0.066 (repeats for this event suppressed)
Event 145: >5% quadrature weight outside P_det grid — numerator=0.000, denominator=0.064 (repeats for this event suppressed)
Event 145: >5% quadrature weight outside P_det grid — numerator=0.000, denominator=0.062 (repeats for this event suppressed)
Event 145: >5% quadrature weight outside P_det grid — numerator=0.000, denominator=0.066 (repeats for this event suppressed)
Event 146: >5% quadrature weight outside P_det grid — numerator=0.000, denominator=0.053 (repeats for this event suppressed)
Event 146: >5% quadrature weight outside P_det grid — numerator=0.000, denominator=0.053 (repeats for this event suppressed)
Event 146: >5% quadrature weight outside P_det grid — numerator=0.000, denominator=0.064 (repeats for this event suppressed)
Event 146: >5% quadrature weight outside P_det grid — numerator=0.000, denominator=0.057 (repeats for this event suppressed)
Event 146: >5% quadrature weight outside P_det grid — numerator=0.000, denominator=0.051 (repeats for this event suppressed)
Event 146: >5% quadrature weight outside P_det grid — numerator=0.000, denominator=0.053 (repeats for this event suppressed)
Event 146: >5% quadrature weight outside P_det grid — numerator=0.000, denominator=0.058 (repeats for this event suppressed)
Event 146: >5% quadrature weight outside P_det grid — numerator=0.000, denominator=0.071 (repeats for this event suppressed)
Event 146: >5% quadrature weight outside P_det grid — numerator=0.000, denominator=0.063 (repeats for this event suppressed)
Event 146: >5% quadrature weight outside P_det grid — numerator=0.000, denominator=0.071 (repeats for this event suppressed)
Event 146: >5% quadrature weight outside P_det grid — numerator=0.000, denominator=0.059 (repeats for this event suppressed)
Event 146: >5% quadrature weight outside P_det grid — numerator=0.000, denominator=0.065 (repeats for this event suppressed)
Event 146: >5% quadrature weight outside P_det grid — numerator=0.000, denominator=0.054 (repeats for this event suppressed)
Event 146: >5% quadrature weight outside P_det grid — numerator=0.000, denominator=0.070 (repeats for this event suppressed)
Event 147: >5% quadrature weight outside P_det grid — numerator=0.000, denominator=0.080 (repeats for this event suppressed)
Detection 147: fused completion mass factor zero at 50/50 quadrature nodes (0 beyond the detection horizon, S_4D=0; 50 off the phi support).
Event 148: >5% quadrature weight outside P_det grid — numerator=0.000, denominator=0.077 (repeats for this event suppressed)
Event 148: >5% quadrature weight outside P_det grid — numerator=0.000, denominator=0.072 (repeats for this event suppressed)
Event 148: >5% quadrature weight outside P_det grid — numerator=0.000, denominator=0.051 (repeats for this event suppressed)
Event 148: >5% quadrature weight outside P_det grid — numerator=0.000, denominator=0.064 (repeats for this event suppressed)
Event 148: >5% quadrature weight outside P_det grid — numerator=0.000, denominator=0.053 (repeats for this event suppressed)
Event 148: >5% quadrature weight outside P_det grid — numerator=0.000, denominator=0.071 (repeats for this event suppressed)
Event 148: >5% quadrature weight outside P_det grid — numerator=0.000, denominator=0.056 (repeats for this event suppressed)
Event 148: >5% quadrature weight outside P_det grid — numerator=0.000, denominator=0.061 (repeats for this event suppressed)
Event 148: >5% quadrature weight outside P_det grid — numerator=0.000, denominator=0.068 (repeats for this event suppressed)
Event 148: >5% quadrature weight outside P_det grid — numerator=0.000, denominator=0.053 (repeats for this event suppressed)
Event 148: >5% quadrature weight outside P_det grid — numerator=0.000, denominator=0.085 (repeats for this event suppressed)
Event 148: >5% quadrature weight outside P_det grid — numerator=0.000, denominator=0.053 (repeats for this event suppressed)
Event 148: >5% quadrature weight outside P_det grid — numerator=0.000, denominator=0.066 (repeats for this event suppressed)
Event 148: >5% quadrature weight outside P_det grid — numerator=0.000, denominator=0.076 (repeats for this event suppressed)
Event 150: >5% quadrature weight outside P_det grid — numerator=0.000, denominator=0.061 (repeats for this event suppressed)
Event 150: >5% quadrature weight outside P_det grid — numerator=0.000, denominator=0.067 (repeats for this event suppressed)
Event 150: >5% quadrature weight outside P_det grid — numerator=0.000, denominator=0.064 (repeats for this event suppressed)
Event 150: >5% quadrature weight outside P_det grid — numerator=0.000, denominator=0.056 (repeats for this event suppressed)
Event 150: >5% quadrature weight outside P_det grid — numerator=0.000, denominator=0.050 (repeats for this event suppressed)
Event 150: >5% quadrature weight outside P_det grid — numerator=0.000, denominator=0.058 (repeats for this event suppressed)
Event 150: >5% quadrature weight outside P_det grid — numerator=0.000, denominator=0.061 (repeats for this event suppressed)
Event 150: >5% quadrature weight outside P_det grid — numerator=0.000, denominator=0.052 (repeats for this event suppressed)
Event 150: >5% quadrature weight outside P_det grid — numerator=0.000, denominator=0.054 (repeats for this event suppressed)
Event 150: >5% quadrature weight outside P_det grid — numerator=0.000, denominator=0.056 (repeats for this event suppressed)
Event 150: >5% quadrature weight outside P_det grid — numerator=0.000, denominator=0.060 (repeats for this event suppressed)
Event 150: >5% quadrature weight outside P_det grid — numerator=0.000, denominator=0.063 (repeats for this event suppressed)
Event 150: >5% quadrature weight outside P_det grid — numerator=0.000, denominator=0.054 (repeats for this event suppressed)
Event 150: >5% quadrature weight outside P_det grid — numerator=0.000, denominator=0.065 (repeats for this event suppressed)
Event 153: >5% quadrature weight outside P_det grid — numerator=0.000, denominator=0.056 (repeats for this event suppressed)
Event 153: >5% quadrature weight outside P_det grid — numerator=0.000, denominator=0.052 (repeats for this event suppressed)
Event 153: >5% quadrature weight outside P_det grid — numerator=0.000, denominator=0.074 (repeats for this event suppressed)
Event 153: >5% quadrature weight outside P_det grid — numerator=0.000, denominator=0.069 (repeats for this event suppressed)
Event 153: >5% quadrature weight outside P_det grid — numerator=0.000, denominator=0.052 (repeats for this event suppressed)
Event 153: >5% quadrature weight outside P_det grid — numerator=0.000, denominator=0.052 (repeats for this event suppressed)
Event 153: >5% quadrature weight outside P_det grid — numerator=0.000, denominator=0.061 (repeats for this event suppressed)
Event 153: >5% quadrature weight outside P_det grid — numerator=0.000, denominator=0.059 (repeats for this event suppressed)
Event 153: >5% quadrature weight outside P_det grid — numerator=0.000, denominator=0.064 (repeats for this event suppressed)
Event 153: >5% quadrature weight outside P_det grid — numerator=0.000, denominator=0.062 (repeats for this event suppressed)
Event 153: >5% quadrature weight outside P_det grid — numerator=0.000, denominator=0.053 (repeats for this event suppressed)
Event 153: >5% quadrature weight outside P_det grid — numerator=0.000, denominator=0.058 (repeats for this event suppressed)
Event 153: >5% quadrature weight outside P_det grid — numerator=0.000, denominator=0.055 (repeats for this event suppressed)
Event 153: >5% quadrature weight outside P_det grid — numerator=0.000, denominator=0.057 (repeats for this event suppressed)
Event 154: >5% quadrature weight outside P_det grid — numerator=0.000, denominator=0.053 (repeats for this event suppressed)
Event 154: >5% quadrature weight outside P_det grid — numerator=0.000, denominator=0.060 (repeats for this event suppressed)
Event 154: >5% quadrature weight outside P_det grid — numerator=0.000, denominator=0.057 (repeats for this event suppressed)
Event 154: >5% quadrature weight outside P_det grid — numerator=0.000, denominator=0.057 (repeats for this event suppressed)
Event 154: >5% quadrature weight outside P_det grid — numerator=0.000, denominator=0.059 (repeats for this event suppressed)
Event 154: >5% quadrature weight outside P_det grid — numerator=0.000, denominator=0.060 (repeats for this event suppressed)
Event 154: >5% quadrature weight outside P_det grid — numerator=0.000, denominator=0.055 (repeats for this event suppressed)
Event 154: >5% quadrature weight outside P_det grid — numerator=0.000, denominator=0.057 (repeats for this event suppressed)
Event 154: >5% quadrature weight outside P_det grid — numerator=0.000, denominator=0.057 (repeats for this event suppressed)
Event 154: >5% quadrature weight outside P_det grid — numerator=0.000, denominator=0.075 (repeats for this event suppressed)
Event 154: >5% quadrature weight outside P_det grid — numerator=0.000, denominator=0.057 (repeats for this event suppressed)
Event 154: >5% quadrature weight outside P_det grid — numerator=0.000, denominator=0.061 (repeats for this event suppressed)
Event 154: >5% quadrature weight outside P_det grid — numerator=0.000, denominator=0.052 (repeats for this event suppressed)
Event 154: >5% quadrature weight outside P_det grid — numerator=0.000, denominator=0.054 (repeats for this event suppressed)
Event 156: >5% quadrature weight outside P_det grid — numerator=0.000, denominator=0.064 (repeats for this event suppressed)
Event 156: >5% quadrature weight outside P_det grid — numerator=0.000, denominator=0.065 (repeats for this event suppressed)
Event 156: >5% quadrature weight outside P_det grid — numerator=0.000, denominator=0.058 (repeats for this event suppressed)
Event 156: >5% quadrature weight outside P_det grid — numerator=0.000, denominator=0.062 (repeats for this event suppressed)
Event 156: >5% quadrature weight outside P_det grid — numerator=0.000, denominator=0.050 (repeats for this event suppressed)
Event 156: >5% quadrature weight outside P_det grid — numerator=0.000, denominator=0.064 (repeats for this event suppressed)
Event 156: >5% quadrature weight outside P_det grid — numerator=0.000, denominator=0.071 (repeats for this event suppressed)
Event 156: >5% quadrature weight outside P_det grid — numerator=0.000, denominator=0.051 (repeats for this event suppressed)
Event 156: >5% quadrature weight outside P_det grid — numerator=0.000, denominator=0.053 (repeats for this event suppressed)
Event 156: >5% quadrature weight outside P_det grid — numerator=0.000, denominator=0.070 (repeats for this event suppressed)
Event 156: >5% quadrature weight outside P_det grid — numerator=0.000, denominator=0.054 (repeats for this event suppressed)
Event 156: >5% quadrature weight outside P_det grid — numerator=0.000, denominator=0.058 (repeats for this event suppressed)
Event 156: >5% quadrature weight outside P_det grid — numerator=0.000, denominator=0.056 (repeats for this event suppressed)
Event 156: >5% quadrature weight outside P_det grid — numerator=0.000, denominator=0.055 (repeats for this event suppressed)
Event 160: >5% quadrature weight outside P_det grid — numerator=0.000, denominator=0.055 (repeats for this event suppressed)
Event 160: >5% quadrature weight outside P_det grid — numerator=0.000, denominator=0.064 (repeats for this event suppressed)
Event 160: >5% quadrature weight outside P_det grid — numerator=0.000, denominator=0.059 (repeats for this event suppressed)
Event 163: >5% quadrature weight outside P_det grid — numerator=0.000, denominator=0.060 (repeats for this event suppressed)
Event 163: >5% quadrature weight outside P_det grid — numerator=0.000, denominator=0.053 (repeats for this event suppressed)
Event 163: >5% quadrature weight outside P_det grid — numerator=0.000, denominator=0.061 (repeats for this event suppressed)
Event 163: >5% quadrature weight outside P_det grid — numerator=0.000, denominator=0.067 (repeats for this event suppressed)
Event 163: >5% quadrature weight outside P_det grid — numerator=0.000, denominator=0.070 (repeats for this event suppressed)
Event 163: >5% quadrature weight outside P_det grid — numerator=0.000, denominator=0.059 (repeats for this event suppressed)
Event 163: >5% quadrature weight outside P_det grid — numerator=0.000, denominator=0.055 (repeats for this event suppressed)
Event 163: >5% quadrature weight outside P_det grid — numerator=0.000, denominator=0.054 (repeats for this event suppressed)
Event 163: >5% quadrature weight outside P_det grid — numerator=0.000, denominator=0.074 (repeats for this event suppressed)
Event 163: >5% quadrature weight outside P_det grid — numerator=0.000, denominator=0.079 (repeats for this event suppressed)
Event 163: >5% quadrature weight outside P_det grid — numerator=0.000, denominator=0.061 (repeats for this event suppressed)
Event 163: >5% quadrature weight outside P_det grid — numerator=0.000, denominator=0.060 (repeats for this event suppressed)
Event 163: >5% quadrature weight outside P_det grid — numerator=0.000, denominator=0.056 (repeats for this event suppressed)
Event 163: >5% quadrature weight outside P_det grid — numerator=0.000, denominator=0.069 (repeats for this event suppressed)
Event 166: >5% quadrature weight outside P_det grid — numerator=0.000, denominator=0.067 (repeats for this event suppressed)
Event 166: >5% quadrature weight outside P_det grid — numerator=0.000, denominator=0.071 (repeats for this event suppressed)
Event 166: >5% quadrature weight outside P_det grid — numerator=0.000, denominator=0.060 (repeats for this event suppressed)
Event 166: >5% quadrature weight outside P_det grid — numerator=0.000, denominator=0.064 (repeats for this event suppressed)
Event 166: >5% quadrature weight outside P_det grid — numerator=0.000, denominator=0.054 (repeats for this event suppressed)
Event 166: >5% quadrature weight outside P_det grid — numerator=0.000, denominator=0.067 (repeats for this event suppressed)
Event 166: >5% quadrature weight outside P_det grid — numerator=0.000, denominator=0.066 (repeats for this event suppressed)
Event 166: >5% quadrature weight outside P_det grid — numerator=0.000, denominator=0.053 (repeats for this event suppressed)
Event 166: >5% quadrature weight outside P_det grid — numerator=0.000, denominator=0.053 (repeats for this event suppressed)
Event 166: >5% quadrature weight outside P_det grid — numerator=0.000, denominator=0.054 (repeats for this event suppressed)
Event 166: >5% quadrature weight outside P_det grid — numerator=0.000, denominator=0.057 (repeats for this event suppressed)
Event 166: >5% quadrature weight outside P_det grid — numerator=0.000, denominator=0.062 (repeats for this event suppressed)
Event 166: >5% quadrature weight outside P_det grid — numerator=0.000, denominator=0.058 (repeats for this event suppressed)
Event 166: >5% quadrature weight outside P_det grid — numerator=0.000, denominator=0.054 (repeats for this event suppressed)
Event 169: >5% quadrature weight outside P_det grid — numerator=0.000, denominator=0.061 (repeats for this event suppressed)
Event 169: >5% quadrature weight outside P_det grid — numerator=0.000, denominator=0.066 (repeats for this event suppressed)
Event 169: >5% quadrature weight outside P_det grid — numerator=0.000, denominator=0.067 (repeats for this event suppressed)
Event 169: >5% quadrature weight outside P_det grid — numerator=0.000, denominator=0.062 (repeats for this event suppressed)
Event 169: >5% quadrature weight outside P_det grid — numerator=0.000, denominator=0.050 (repeats for this event suppressed)
Event 169: >5% quadrature weight outside P_det grid — numerator=0.000, denominator=0.064 (repeats for this event suppressed)
Event 169: >5% quadrature weight outside P_det grid — numerator=0.000, denominator=0.083 (repeats for this event suppressed)
Event 169: >5% quadrature weight outside P_det grid — numerator=0.000, denominator=0.072 (repeats for this event suppressed)
Event 169: >5% quadrature weight outside P_det grid — numerator=0.000, denominator=0.052 (repeats for this event suppressed)
Event 169: >5% quadrature weight outside P_det grid — numerator=0.000, denominator=0.062 (repeats for this event suppressed)
Event 169: >5% quadrature weight outside P_det grid — numerator=0.000, denominator=0.066 (repeats for this event suppressed)
Event 169: >5% quadrature weight outside P_det grid — numerator=0.000, denominator=0.056 (repeats for this event suppressed)
Event 169: >5% quadrature weight outside P_det grid — numerator=0.000, denominator=0.066 (repeats for this event suppressed)
Event 169: >5% quadrature weight outside P_det grid — numerator=0.000, denominator=0.059 (repeats for this event suppressed)
Event 172: >5% quadrature weight outside P_det grid — numerator=0.000, denominator=0.061 (repeats for this event suppressed)
Event 172: >5% quadrature weight outside P_det grid — numerator=0.000, denominator=0.065 (repeats for this event suppressed)
Event 172: >5% quadrature weight outside P_det grid — numerator=0.000, denominator=0.066 (repeats for this event suppressed)
Event 172: >5% quadrature weight outside P_det grid — numerator=0.000, denominator=0.075 (repeats for this event suppressed)
Event 172: >5% quadrature weight outside P_det grid — numerator=0.000, denominator=0.063 (repeats for this event suppressed)
Event 172: >5% quadrature weight outside P_det grid — numerator=0.000, denominator=0.077 (repeats for this event suppressed)
Event 172: >5% quadrature weight outside P_det grid — numerator=0.000, denominator=0.052 (repeats for this event suppressed)
Event 172: >5% quadrature weight outside P_det grid — numerator=0.000, denominator=0.051 (repeats for this event suppressed)
Event 172: >5% quadrature weight outside P_det grid — numerator=0.000, denominator=0.054 (repeats for this event suppressed)
Event 172: >5% quadrature weight outside P_det grid — numerator=0.000, denominator=0.081 (repeats for this event suppressed)
Event 172: >5% quadrature weight outside P_det grid — numerator=0.000, denominator=0.062 (repeats for this event suppressed)
Event 172: >5% quadrature weight outside P_det grid — numerator=0.000, denominator=0.065 (repeats for this event suppressed)
Event 172: >5% quadrature weight outside P_det grid — numerator=0.000, denominator=0.056 (repeats for this event suppressed)
Event 172: >5% quadrature weight outside P_det grid — numerator=0.000, denominator=0.052 (repeats for this event suppressed)
Event 173: >5% quadrature weight outside P_det grid — numerator=0.000, denominator=0.054 (repeats for this event suppressed)
Event 173: >5% quadrature weight outside P_det grid — numerator=0.000, denominator=0.065 (repeats for this event suppressed)
Event 173: >5% quadrature weight outside P_det grid — numerator=0.000, denominator=0.056 (repeats for this event suppressed)
Event 173: >5% quadrature weight outside P_det grid — numerator=0.000, denominator=0.063 (repeats for this event suppressed)
Event 173: >5% quadrature weight outside P_det grid — numerator=0.000, denominator=0.054 (repeats for this event suppressed)
Event 173: >5% quadrature weight outside P_det grid — numerator=0.000, denominator=0.055 (repeats for this event suppressed)
Event 173: >5% quadrature weight outside P_det grid — numerator=0.000, denominator=0.069 (repeats for this event suppressed)
Event 173: >5% quadrature weight outside P_det grid — numerator=0.000, denominator=0.068 (repeats for this event suppressed)
Event 173: >5% quadrature weight outside P_det grid — numerator=0.000, denominator=0.068 (repeats for this event suppressed)
Event 173: >5% quadrature weight outside P_det grid — numerator=0.000, denominator=0.054 (repeats for this event suppressed)
Event 173: >5% quadrature weight outside P_det grid — numerator=0.000, denominator=0.061 (repeats for this event suppressed)
Event 173: >5% quadrature weight outside P_det grid — numerator=0.000, denominator=0.055 (repeats for this event suppressed)
Event 173: >5% quadrature weight outside P_det grid — numerator=0.000, denominator=0.056 (repeats for this event suppressed)
Event 173: >5% quadrature weight outside P_det grid — numerator=0.000, denominator=0.066 (repeats for this event suppressed)
Event 176: >5% quadrature weight outside P_det grid — numerator=0.000, denominator=0.056 (repeats for this event suppressed)
Event 176: >5% quadrature weight outside P_det grid — numerator=0.000, denominator=0.052 (repeats for this event suppressed)
Event 178: >5% quadrature weight outside P_det grid — numerator=0.000, denominator=0.051 (repeats for this event suppressed)
Event 178: >5% quadrature weight outside P_det grid — numerator=0.000, denominator=0.054 (repeats for this event suppressed)
Event 178: >5% quadrature weight outside P_det grid — numerator=0.000, denominator=0.053 (repeats for this event suppressed)
Event 178: >5% quadrature weight outside P_det grid — numerator=0.000, denominator=0.078 (repeats for this event suppressed)
Event 178: >5% quadrature weight outside P_det grid — numerator=0.000, denominator=0.053 (repeats for this event suppressed)
Event 178: >5% quadrature weight outside P_det grid — numerator=0.000, denominator=0.062 (repeats for this event suppressed)
Event 178: >5% quadrature weight outside P_det grid — numerator=0.000, denominator=0.056 (repeats for this event suppressed)
Event 178: >5% quadrature weight outside P_det grid — numerator=0.000, denominator=0.055 (repeats for this event suppressed)
Event 178: >5% quadrature weight outside P_det grid — numerator=0.000, denominator=0.052 (repeats for this event suppressed)
Event 178: >5% quadrature weight outside P_det grid — numerator=0.000, denominator=0.050 (repeats for this event suppressed)
Event 178: >5% quadrature weight outside P_det grid — numerator=0.000, denominator=0.052 (repeats for this event suppressed)
Event 178: >5% quadrature weight outside P_det grid — numerator=0.000, denominator=0.054 (repeats for this event suppressed)
Event 178: >5% quadrature weight outside P_det grid — numerator=0.000, denominator=0.058 (repeats for this event suppressed)
Event 178: >5% quadrature weight outside P_det grid — numerator=0.000, denominator=0.056 (repeats for this event suppressed)
Detection 178: fused completion mass factor zero at 50/50 quadrature nodes (0 beyond the detection horizon, S_4D=0; 50 off the phi support).
Event 182: >5% quadrature weight outside P_det grid — numerator=0.000, denominator=0.076 (repeats for this event suppressed)
Event 182: >5% quadrature weight outside P_det grid — numerator=0.000, denominator=0.054 (repeats for this event suppressed)
Event 182: >5% quadrature weight outside P_det grid — numerator=0.000, denominator=0.054 (repeats for this event suppressed)
Event 182: >5% quadrature weight outside P_det grid — numerator=0.000, denominator=0.081 (repeats for this event suppressed)
Event 182: >5% quadrature weight outside P_det grid — numerator=0.000, denominator=0.067 (repeats for this event suppressed)
Event 182: >5% quadrature weight outside P_det grid — numerator=0.000, denominator=0.066 (repeats for this event suppressed)
Event 182: >5% quadrature weight outside P_det grid — numerator=0.000, denominator=0.064 (repeats for this event suppressed)
Event 182: >5% quadrature weight outside P_det grid — numerator=0.000, denominator=0.058 (repeats for this event suppressed)
Event 182: >5% quadrature weight outside P_det grid — numerator=0.000, denominator=0.062 (repeats for this event suppressed)
Event 182: >5% quadrature weight outside P_det grid — numerator=0.000, denominator=0.079 (repeats for this event suppressed)
Event 182: >5% quadrature weight outside P_det grid — numerator=0.000, denominator=0.104 (repeats for this event suppressed)
Event 182: >5% quadrature weight outside P_det grid — numerator=0.000, denominator=0.053 (repeats for this event suppressed)
Event 182: >5% quadrature weight outside P_det grid — numerator=0.000, denominator=0.055 (repeats for this event suppressed)
Event 182: >5% quadrature weight outside P_det grid — numerator=0.000, denominator=0.051 (repeats for this event suppressed)
Event 183: >5% quadrature weight outside P_det grid — numerator=0.000, denominator=0.051 (repeats for this event suppressed)
Event 183: >5% quadrature weight outside P_det grid — numerator=0.000, denominator=0.064 (repeats for this event suppressed)
Event 183: >5% quadrature weight outside P_det grid — numerator=0.000, denominator=0.054 (repeats for this event suppressed)
Event 183: >5% quadrature weight outside P_det grid — numerator=0.000, denominator=0.051 (repeats for this event suppressed)
Event 183: >5% quadrature weight outside P_det grid — numerator=0.000, denominator=0.052 (repeats for this event suppressed)
Event 183: >5% quadrature weight outside P_det grid — numerator=0.000, denominator=0.055 (repeats for this event suppressed)
Event 183: >5% quadrature weight outside P_det grid — numerator=0.000, denominator=0.055 (repeats for this event suppressed)
Event 183: >5% quadrature weight outside P_det grid — numerator=0.000, denominator=0.052 (repeats for this event suppressed)
Event 183: >5% quadrature weight outside P_det grid — numerator=0.000, denominator=0.051 (repeats for this event suppressed)
Event 183: >5% quadrature weight outside P_det grid — numerator=0.000, denominator=0.056 (repeats for this event suppressed)
Event 183: >5% quadrature weight outside P_det grid — numerator=0.000, denominator=0.055 (repeats for this event suppressed)
Event 186: >5% quadrature weight outside P_det grid — numerator=0.000, denominator=0.057 (repeats for this event suppressed)
Event 186: >5% quadrature weight outside P_det grid — numerator=0.000, denominator=0.057 (repeats for this event suppressed)
Event 186: >5% quadrature weight outside P_det grid — numerator=0.000, denominator=0.055 (repeats for this event suppressed)
Event 186: >5% quadrature weight outside P_det grid — numerator=0.000, denominator=0.058 (repeats for this event suppressed)
Event 186: >5% quadrature weight outside P_det grid — numerator=0.000, denominator=0.069 (repeats for this event suppressed)
Event 186: >5% quadrature weight outside P_det grid — numerator=0.000, denominator=0.061 (repeats for this event suppressed)
Event 186: >5% quadrature weight outside P_det grid — numerator=0.000, denominator=0.059 (repeats for this event suppressed)
Event 186: >5% quadrature weight outside P_det grid — numerator=0.000, denominator=0.085 (repeats for this event suppressed)
Event 186: >5% quadrature weight outside P_det grid — numerator=0.000, denominator=0.083 (repeats for this event suppressed)
Event 186: >5% quadrature weight outside P_det grid — numerator=0.000, denominator=0.073 (repeats for this event suppressed)
Event 186: >5% quadrature weight outside P_det grid — numerator=0.000, denominator=0.061 (repeats for this event suppressed)
Event 186: >5% quadrature weight outside P_det grid — numerator=0.000, denominator=0.070 (repeats for this event suppressed)
Event 186: >5% quadrature weight outside P_det grid — numerator=0.000, denominator=0.068 (repeats for this event suppressed)
Event 186: >5% quadrature weight outside P_det grid — numerator=0.000, denominator=0.081 (repeats for this event suppressed)
Event 187: >5% quadrature weight outside P_det grid — numerator=0.000, denominator=0.070 (repeats for this event suppressed)
Event 187: >5% quadrature weight outside P_det grid — numerator=0.000, denominator=0.058 (repeats for this event suppressed)
Event 187: >5% quadrature weight outside P_det grid — numerator=0.000, denominator=0.069 (repeats for this event suppressed)
Event 187: >5% quadrature weight outside P_det grid — numerator=0.000, denominator=0.052 (repeats for this event suppressed)
Event 187: >5% quadrature weight outside P_det grid — numerator=0.000, denominator=0.059 (repeats for this event suppressed)
Event 187: >5% quadrature weight outside P_det grid — numerator=0.000, denominator=0.051 (repeats for this event suppressed)
Event 187: >5% quadrature weight outside P_det grid — numerator=0.000, denominator=0.063 (repeats for this event suppressed)
Event 187: >5% quadrature weight outside P_det grid — numerator=0.000, denominator=0.054 (repeats for this event suppressed)
Event 187: >5% quadrature weight outside P_det grid — numerator=0.000, denominator=0.051 (repeats for this event suppressed)
Event 187: >5% quadrature weight outside P_det grid — numerator=0.000, denominator=0.051 (repeats for this event suppressed)
Event 187: >5% quadrature weight outside P_det grid — numerator=0.000, denominator=0.058 (repeats for this event suppressed)
Event 187: >5% quadrature weight outside P_det grid — numerator=0.000, denominator=0.054 (repeats for this event suppressed)
Event 187: >5% quadrature weight outside P_det grid — numerator=0.000, denominator=0.083 (repeats for this event suppressed)
Event 187: >5% quadrature weight outside P_det grid — numerator=0.000, denominator=0.071 (repeats for this event suppressed)
Event 192: >5% quadrature weight outside P_det grid — numerator=0.000, denominator=0.062 (repeats for this event suppressed)
Event 192: >5% quadrature weight outside P_det grid — numerator=0.000, denominator=0.059 (repeats for this event suppressed)
Event 192: >5% quadrature weight outside P_det grid — numerator=0.000, denominator=0.071 (repeats for this event suppressed)
Event 192: >5% quadrature weight outside P_det grid — numerator=0.000, denominator=0.100 (repeats for this event suppressed)
Event 192: >5% quadrature weight outside P_det grid — numerator=0.000, denominator=0.087 (repeats for this event suppressed)
Event 192: >5% quadrature weight outside P_det grid — numerator=0.000, denominator=0.061 (repeats for this event suppressed)
Event 192: >5% quadrature weight outside P_det grid — numerator=0.000, denominator=0.090 (repeats for this event suppressed)
Event 192: >5% quadrature weight outside P_det grid — numerator=0.000, denominator=0.063 (repeats for this event suppressed)
Event 192: >5% quadrature weight outside P_det grid — numerator=0.000, denominator=0.084 (repeats for this event suppressed)
Event 192: >5% quadrature weight outside P_det grid — numerator=0.000, denominator=0.062 (repeats for this event suppressed)
Event 192: >5% quadrature weight outside P_det grid — numerator=0.000, denominator=0.084 (repeats for this event suppressed)
Event 192: >5% quadrature weight outside P_det grid — numerator=0.000, denominator=0.058 (repeats for this event suppressed)
Event 192: >5% quadrature weight outside P_det grid — numerator=0.000, denominator=0.062 (repeats for this event suppressed)
Event 192: >5% quadrature weight outside P_det grid — numerator=0.000, denominator=0.097 (repeats for this event suppressed)
Event 196: >5% quadrature weight outside P_det grid — numerator=0.000, denominator=0.062 (repeats for this event suppressed)
Event 196: >5% quadrature weight outside P_det grid — numerator=0.000, denominator=0.062 (repeats for this event suppressed)
Event 196: >5% quadrature weight outside P_det grid — numerator=0.000, denominator=0.055 (repeats for this event suppressed)
Event 196: >5% quadrature weight outside P_det grid — numerator=0.000, denominator=0.053 (repeats for this event suppressed)
Event 196: >5% quadrature weight outside P_det grid — numerator=0.000, denominator=0.052 (repeats for this event suppressed)
Event 196: >5% quadrature weight outside P_det grid — numerator=0.000, denominator=0.059 (repeats for this event suppressed)
Event 196: >5% quadrature weight outside P_det grid — numerator=0.000, denominator=0.051 (repeats for this event suppressed)
Event 196: >5% quadrature weight outside P_det grid — numerator=0.000, denominator=0.060 (repeats for this event suppressed)
Event 196: >5% quadrature weight outside P_det grid — numerator=0.000, denominator=0.050 (repeats for this event suppressed)
Event 196: >5% quadrature weight outside P_det grid — numerator=0.000, denominator=0.053 (repeats for this event suppressed)
Event 196: >5% quadrature weight outside P_det grid — numerator=0.000, denominator=0.065 (repeats for this event suppressed)
Event 196: >5% quadrature weight outside P_det grid — numerator=0.000, denominator=0.056 (repeats for this event suppressed)
Event 196: >5% quadrature weight outside P_det grid — numerator=0.000, denominator=0.065 (repeats for this event suppressed)
Event 196: >5% quadrature weight outside P_det grid — numerator=0.000, denominator=0.054 (repeats for this event suppressed)
Event 197: >5% quadrature weight outside P_det grid — numerator=0.000, denominator=0.055 (repeats for this event suppressed)
Event 197: >5% quadrature weight outside P_det grid — numerator=0.000, denominator=0.053 (repeats for this event suppressed)
Event 197: >5% quadrature weight outside P_det grid — numerator=0.000, denominator=0.053 (repeats for this event suppressed)
Event 197: >5% quadrature weight outside P_det grid — numerator=0.000, denominator=0.056 (repeats for this event suppressed)
Event 197: >5% quadrature weight outside P_det grid — numerator=0.000, denominator=0.064 (repeats for this event suppressed)
Event 197: >5% quadrature weight outside P_det grid — numerator=0.000, denominator=0.052 (repeats for this event suppressed)
Event 197: >5% quadrature weight outside P_det grid — numerator=0.000, denominator=0.052 (repeats for this event suppressed)
Event 197: >5% quadrature weight outside P_det grid — numerator=0.000, denominator=0.070 (repeats for this event suppressed)
Event 197: >5% quadrature weight outside P_det grid — numerator=0.000, denominator=0.062 (repeats for this event suppressed)
Event 197: >5% quadrature weight outside P_det grid — numerator=0.000, denominator=0.058 (repeats for this event suppressed)
Event 197: >5% quadrature weight outside P_det grid — numerator=0.000, denominator=0.067 (repeats for this event suppressed)
Event 197: >5% quadrature weight outside P_det grid — numerator=0.000, denominator=0.142 (repeats for this event suppressed)
Event 197: >5% quadrature weight outside P_det grid — numerator=0.000, denominator=0.083 (repeats for this event suppressed)
Event 197: >5% quadrature weight outside P_det grid — numerator=0.000, denominator=0.059 (repeats for this event suppressed)
Event 199: >5% quadrature weight outside P_det grid — numerator=0.000, denominator=0.055 (repeats for this event suppressed)
Event 199: >5% quadrature weight outside P_det grid — numerator=0.000, denominator=0.052 (repeats for this event suppressed)
Event 199: >5% quadrature weight outside P_det grid — numerator=0.000, denominator=0.056 (repeats for this event suppressed)
Event 199: >5% quadrature weight outside P_det grid — numerator=0.000, denominator=0.051 (repeats for this event suppressed)
Event 199: >5% quadrature weight outside P_det grid — numerator=0.000, denominator=0.056 (repeats for this event suppressed)
Detection 199: fused completion mass factor zero at 50/50 quadrature nodes (0 beyond the detection horizon, S_4D=0; 50 off the phi support).
/pfs/data6/home/st/st_us-403333/st_ac147838/darksiren-emri/darksiren_emri/plotting/fisher_plots.py:833: UserWarning: The figure layout has changed to tight
  fig.tight_layout()
