Injection pool spans 2 code revisions (a9f29e82, f6449051) — legitimate for straggler resubmits after a non-physics fix, but verify none of them changed SNR semantics.
Event -1: 171 host(s) have f_k == 0 across the whole host-z window (empty/ZoA pixel) — host-z kernel falls back to the w_pop-only form for those hosts (further occurrences in this worker are suppressed).
Injection pool spans 2 code revisions (a9f29e82, f6449051) — legitimate for straggler resubmits after a non-physics fix, but verify none of them changed SNR semantics.
Event 0: >5% quadrature weight outside P_det grid — numerator=0.000, denominator=0.065 (repeats for this event suppressed)
Event 0: >5% quadrature weight outside P_det grid — numerator=0.000, denominator=0.052 (repeats for this event suppressed)
Event 0: >5% quadrature weight outside P_det grid — numerator=0.000, denominator=0.055 (repeats for this event suppressed)
Event 0: >5% quadrature weight outside P_det grid — numerator=0.000, denominator=0.061 (repeats for this event suppressed)
Event 0: >5% quadrature weight outside P_det grid — numerator=0.000, denominator=0.051 (repeats for this event suppressed)
Event 0: >5% quadrature weight outside P_det grid — numerator=0.000, denominator=0.053 (repeats for this event suppressed)
Event 0: >5% quadrature weight outside P_det grid — numerator=0.000, denominator=0.069 (repeats for this event suppressed)
Event 0: >5% quadrature weight outside P_det grid — numerator=0.000, denominator=0.055 (repeats for this event suppressed)
Event 0: >5% quadrature weight outside P_det grid — numerator=0.000, denominator=0.066 (repeats for this event suppressed)
Event 0: >5% quadrature weight outside P_det grid — numerator=0.000, denominator=0.054 (repeats for this event suppressed)
Event 0: >5% quadrature weight outside P_det grid — numerator=0.000, denominator=0.066 (repeats for this event suppressed)
Event 0: >5% quadrature weight outside P_det grid — numerator=0.000, denominator=0.056 (repeats for this event suppressed)
Event 0: >5% quadrature weight outside P_det grid — numerator=0.000, denominator=0.054 (repeats for this event suppressed)
Event 0: >5% quadrature weight outside P_det grid — numerator=0.000, denominator=0.054 (repeats for this event suppressed)
Event 2: >5% quadrature weight outside P_det grid — numerator=0.000, denominator=0.065 (repeats for this event suppressed)
Event 2: >5% quadrature weight outside P_det grid — numerator=0.000, denominator=0.061 (repeats for this event suppressed)
Event 2: >5% quadrature weight outside P_det grid — numerator=0.000, denominator=0.055 (repeats for this event suppressed)
Event 2: >5% quadrature weight outside P_det grid — numerator=0.000, denominator=0.056 (repeats for this event suppressed)
Event 2: >5% quadrature weight outside P_det grid — numerator=0.000, denominator=0.052 (repeats for this event suppressed)
Event 2: >5% quadrature weight outside P_det grid — numerator=0.000, denominator=0.053 (repeats for this event suppressed)
Event 2: >5% quadrature weight outside P_det grid — numerator=0.000, denominator=0.054 (repeats for this event suppressed)
Event 2: >5% quadrature weight outside P_det grid — numerator=0.000, denominator=0.053 (repeats for this event suppressed)
Event 2: >5% quadrature weight outside P_det grid — numerator=0.000, denominator=0.052 (repeats for this event suppressed)
Event 2: >5% quadrature weight outside P_det grid — numerator=0.000, denominator=0.052 (repeats for this event suppressed)
Event 2: >5% quadrature weight outside P_det grid — numerator=0.000, denominator=0.058 (repeats for this event suppressed)
Event 2: >5% quadrature weight outside P_det grid — numerator=0.000, denominator=0.069 (repeats for this event suppressed)
Event 2: >5% quadrature weight outside P_det grid — numerator=0.000, denominator=0.051 (repeats for this event suppressed)
Event 2: >5% quadrature weight outside P_det grid — numerator=0.000, denominator=0.056 (repeats for this event suppressed)
Event 4: >5% quadrature weight outside P_det grid — numerator=0.000, denominator=0.091 (repeats for this event suppressed)
Event 5: >5% quadrature weight outside P_det grid — numerator=0.000, denominator=0.053 (repeats for this event suppressed)
Event 5: >5% quadrature weight outside P_det grid — numerator=0.000, denominator=0.077 (repeats for this event suppressed)
Event 5: >5% quadrature weight outside P_det grid — numerator=0.000, denominator=0.056 (repeats for this event suppressed)
Event 10: >5% quadrature weight outside P_det grid — numerator=0.000, denominator=0.083 (repeats for this event suppressed)
Event 10: >5% quadrature weight outside P_det grid — numerator=0.000, denominator=0.052 (repeats for this event suppressed)
Event 10: >5% quadrature weight outside P_det grid — numerator=0.000, denominator=0.065 (repeats for this event suppressed)
Event 10: >5% quadrature weight outside P_det grid — numerator=0.000, denominator=0.054 (repeats for this event suppressed)
Event 10: >5% quadrature weight outside P_det grid — numerator=0.000, denominator=0.062 (repeats for this event suppressed)
Event 10: >5% quadrature weight outside P_det grid — numerator=0.000, denominator=0.081 (repeats for this event suppressed)
Event 10: >5% quadrature weight outside P_det grid — numerator=0.000, denominator=0.057 (repeats for this event suppressed)
Event 10: >5% quadrature weight outside P_det grid — numerator=0.000, denominator=0.063 (repeats for this event suppressed)
Event 10: >5% quadrature weight outside P_det grid — numerator=0.000, denominator=0.055 (repeats for this event suppressed)
Event 10: >5% quadrature weight outside P_det grid — numerator=0.000, denominator=0.066 (repeats for this event suppressed)
Event 10: >5% quadrature weight outside P_det grid — numerator=0.000, denominator=0.051 (repeats for this event suppressed)
Event 10: >5% quadrature weight outside P_det grid — numerator=0.000, denominator=0.065 (repeats for this event suppressed)
Event 10: >5% quadrature weight outside P_det grid — numerator=0.000, denominator=0.061 (repeats for this event suppressed)
Event 10: >5% quadrature weight outside P_det grid — numerator=0.000, denominator=0.052 (repeats for this event suppressed)
Event 11: >5% quadrature weight outside P_det grid — numerator=0.000, denominator=0.055 (repeats for this event suppressed)
Event 11: >5% quadrature weight outside P_det grid — numerator=0.000, denominator=0.056 (repeats for this event suppressed)
Event 11: >5% quadrature weight outside P_det grid — numerator=0.000, denominator=0.050 (repeats for this event suppressed)
Event 11: >5% quadrature weight outside P_det grid — numerator=0.000, denominator=0.053 (repeats for this event suppressed)
Event 11: >5% quadrature weight outside P_det grid — numerator=0.000, denominator=0.055 (repeats for this event suppressed)
Event 11: >5% quadrature weight outside P_det grid — numerator=0.000, denominator=0.057 (repeats for this event suppressed)
Event 11: >5% quadrature weight outside P_det grid — numerator=0.000, denominator=0.050 (repeats for this event suppressed)
Event 11: >5% quadrature weight outside P_det grid — numerator=0.000, denominator=0.052 (repeats for this event suppressed)
Event 11: >5% quadrature weight outside P_det grid — numerator=0.000, denominator=0.053 (repeats for this event suppressed)
Event 11: >5% quadrature weight outside P_det grid — numerator=0.000, denominator=0.055 (repeats for this event suppressed)
Event 11: >5% quadrature weight outside P_det grid — numerator=0.000, denominator=0.053 (repeats for this event suppressed)
Event 12: >5% quadrature weight outside P_det grid — numerator=0.000, denominator=0.070 (repeats for this event suppressed)
Event 12: >5% quadrature weight outside P_det grid — numerator=0.000, denominator=0.079 (repeats for this event suppressed)
Event 12: >5% quadrature weight outside P_det grid — numerator=0.000, denominator=0.098 (repeats for this event suppressed)
Event 12: >5% quadrature weight outside P_det grid — numerator=0.000, denominator=0.061 (repeats for this event suppressed)
Event 12: >5% quadrature weight outside P_det grid — numerator=0.000, denominator=0.092 (repeats for this event suppressed)
Event 12: >5% quadrature weight outside P_det grid — numerator=0.000, denominator=0.058 (repeats for this event suppressed)
Event 12: >5% quadrature weight outside P_det grid — numerator=0.000, denominator=0.069 (repeats for this event suppressed)
Event 12: >5% quadrature weight outside P_det grid — numerator=0.000, denominator=0.073 (repeats for this event suppressed)
Event 12: >5% quadrature weight outside P_det grid — numerator=0.000, denominator=0.074 (repeats for this event suppressed)
Event 12: >5% quadrature weight outside P_det grid — numerator=0.000, denominator=0.068 (repeats for this event suppressed)
Event 12: >5% quadrature weight outside P_det grid — numerator=0.000, denominator=0.068 (repeats for this event suppressed)
Event 12: >5% quadrature weight outside P_det grid — numerator=0.000, denominator=0.079 (repeats for this event suppressed)
Event 12: >5% quadrature weight outside P_det grid — numerator=0.000, denominator=0.077 (repeats for this event suppressed)
Event 12: >5% quadrature weight outside P_det grid — numerator=0.000, denominator=0.062 (repeats for this event suppressed)
Event 13: >5% quadrature weight outside P_det grid — numerator=0.000, denominator=0.058 (repeats for this event suppressed)
Event 13: >5% quadrature weight outside P_det grid — numerator=0.000, denominator=0.063 (repeats for this event suppressed)
Event 13: >5% quadrature weight outside P_det grid — numerator=0.000, denominator=0.052 (repeats for this event suppressed)
Event 13: >5% quadrature weight outside P_det grid — numerator=0.000, denominator=0.055 (repeats for this event suppressed)
Event 13: >5% quadrature weight outside P_det grid — numerator=0.000, denominator=0.058 (repeats for this event suppressed)
Event 13: >5% quadrature weight outside P_det grid — numerator=0.000, denominator=0.050 (repeats for this event suppressed)
Event 13: >5% quadrature weight outside P_det grid — numerator=0.000, denominator=0.054 (repeats for this event suppressed)
Event 13: >5% quadrature weight outside P_det grid — numerator=0.000, denominator=0.058 (repeats for this event suppressed)
Event 13: >5% quadrature weight outside P_det grid — numerator=0.000, denominator=0.050 (repeats for this event suppressed)
Event 13: >5% quadrature weight outside P_det grid — numerator=0.000, denominator=0.056 (repeats for this event suppressed)
Event 13: >5% quadrature weight outside P_det grid — numerator=0.000, denominator=0.050 (repeats for this event suppressed)
Event 13: >5% quadrature weight outside P_det grid — numerator=0.000, denominator=0.058 (repeats for this event suppressed)
Event 13: >5% quadrature weight outside P_det grid — numerator=0.000, denominator=0.055 (repeats for this event suppressed)
Event 13: >5% quadrature weight outside P_det grid — numerator=0.000, denominator=0.052 (repeats for this event suppressed)
Event 18: >5% quadrature weight outside P_det grid — numerator=0.000, denominator=0.074 (repeats for this event suppressed)
Event 20: >5% quadrature weight outside P_det grid — numerator=0.000, denominator=0.092 (repeats for this event suppressed)
Event 21: >5% quadrature weight outside P_det grid — numerator=0.000, denominator=0.053 (repeats for this event suppressed)
Event 21: >5% quadrature weight outside P_det grid — numerator=0.000, denominator=0.063 (repeats for this event suppressed)
Event 21: >5% quadrature weight outside P_det grid — numerator=0.000, denominator=0.055 (repeats for this event suppressed)
Event 21: >5% quadrature weight outside P_det grid — numerator=0.000, denominator=0.078 (repeats for this event suppressed)
Event 21: >5% quadrature weight outside P_det grid — numerator=0.000, denominator=0.060 (repeats for this event suppressed)
Event 21: >5% quadrature weight outside P_det grid — numerator=0.000, denominator=0.057 (repeats for this event suppressed)
Event 21: >5% quadrature weight outside P_det grid — numerator=0.000, denominator=0.060 (repeats for this event suppressed)
Event 21: >5% quadrature weight outside P_det grid — numerator=0.000, denominator=0.060 (repeats for this event suppressed)
Event 21: >5% quadrature weight outside P_det grid — numerator=0.000, denominator=0.050 (repeats for this event suppressed)
Event 21: >5% quadrature weight outside P_det grid — numerator=0.000, denominator=0.053 (repeats for this event suppressed)
Event 21: >5% quadrature weight outside P_det grid — numerator=0.000, denominator=0.078 (repeats for this event suppressed)
Event 21: >5% quadrature weight outside P_det grid — numerator=0.000, denominator=0.051 (repeats for this event suppressed)
Event 21: >5% quadrature weight outside P_det grid — numerator=0.000, denominator=0.058 (repeats for this event suppressed)
Event 21: >5% quadrature weight outside P_det grid — numerator=0.000, denominator=0.059 (repeats for this event suppressed)
Event 26: >5% quadrature weight outside P_det grid — numerator=0.000, denominator=0.053 (repeats for this event suppressed)
Event 26: >5% quadrature weight outside P_det grid — numerator=0.000, denominator=0.053 (repeats for this event suppressed)
Event 26: >5% quadrature weight outside P_det grid — numerator=0.000, denominator=0.051 (repeats for this event suppressed)
Event 26: >5% quadrature weight outside P_det grid — numerator=0.000, denominator=0.058 (repeats for this event suppressed)
Event 26: >5% quadrature weight outside P_det grid — numerator=0.000, denominator=0.051 (repeats for this event suppressed)
Event 26: >5% quadrature weight outside P_det grid — numerator=0.000, denominator=0.051 (repeats for this event suppressed)
Event 26: >5% quadrature weight outside P_det grid — numerator=0.000, denominator=0.052 (repeats for this event suppressed)
Event 26: >5% quadrature weight outside P_det grid — numerator=0.000, denominator=0.053 (repeats for this event suppressed)
Event 26: >5% quadrature weight outside P_det grid — numerator=0.000, denominator=0.053 (repeats for this event suppressed)
Event 26: >5% quadrature weight outside P_det grid — numerator=0.000, denominator=0.063 (repeats for this event suppressed)
Event 26: >5% quadrature weight outside P_det grid — numerator=0.000, denominator=0.056 (repeats for this event suppressed)
Event 26: >5% quadrature weight outside P_det grid — numerator=0.000, denominator=0.054 (repeats for this event suppressed)
Event 26: >5% quadrature weight outside P_det grid — numerator=0.000, denominator=0.057 (repeats for this event suppressed)
Event 26: >5% quadrature weight outside P_det grid — numerator=0.000, denominator=0.062 (repeats for this event suppressed)
Event 29: >5% quadrature weight outside P_det grid — numerator=0.000, denominator=0.067 (repeats for this event suppressed)
Event 30: >5% quadrature weight outside P_det grid — numerator=0.000, denominator=0.052 (repeats for this event suppressed)
Event 30: >5% quadrature weight outside P_det grid — numerator=0.000, denominator=0.067 (repeats for this event suppressed)
Event 30: >5% quadrature weight outside P_det grid — numerator=0.000, denominator=0.071 (repeats for this event suppressed)
Event 30: >5% quadrature weight outside P_det grid — numerator=0.000, denominator=0.079 (repeats for this event suppressed)
Event 30: >5% quadrature weight outside P_det grid — numerator=0.000, denominator=0.079 (repeats for this event suppressed)
Event 30: >5% quadrature weight outside P_det grid — numerator=0.000, denominator=0.073 (repeats for this event suppressed)
Event 30: >5% quadrature weight outside P_det grid — numerator=0.000, denominator=0.065 (repeats for this event suppressed)
Event 30: >5% quadrature weight outside P_det grid — numerator=0.000, denominator=0.061 (repeats for this event suppressed)
Event 30: >5% quadrature weight outside P_det grid — numerator=0.000, denominator=0.069 (repeats for this event suppressed)
Event 30: >5% quadrature weight outside P_det grid — numerator=0.000, denominator=0.067 (repeats for this event suppressed)
Event 30: >5% quadrature weight outside P_det grid — numerator=0.000, denominator=0.063 (repeats for this event suppressed)
Event 30: >5% quadrature weight outside P_det grid — numerator=0.000, denominator=0.063 (repeats for this event suppressed)
Event 30: >5% quadrature weight outside P_det grid — numerator=0.000, denominator=0.065 (repeats for this event suppressed)
Event 30: >5% quadrature weight outside P_det grid — numerator=0.000, denominator=0.073 (repeats for this event suppressed)
Detection 30: fused completion mass factor zero at 50/50 quadrature nodes (0 beyond the detection horizon, S_4D=0; 50 off the phi support).
Event 31: >5% quadrature weight outside P_det grid — numerator=0.000, denominator=0.054 (repeats for this event suppressed)
Event 31: >5% quadrature weight outside P_det grid — numerator=0.000, denominator=0.064 (repeats for this event suppressed)
Event 31: >5% quadrature weight outside P_det grid — numerator=0.000, denominator=0.055 (repeats for this event suppressed)
Event 31: >5% quadrature weight outside P_det grid — numerator=0.000, denominator=0.052 (repeats for this event suppressed)
Event 31: >5% quadrature weight outside P_det grid — numerator=0.000, denominator=0.082 (repeats for this event suppressed)
Event 31: >5% quadrature weight outside P_det grid — numerator=0.000, denominator=0.051 (repeats for this event suppressed)
Event 31: >5% quadrature weight outside P_det grid — numerator=0.000, denominator=0.058 (repeats for this event suppressed)
Event 31: >5% quadrature weight outside P_det grid — numerator=0.000, denominator=0.065 (repeats for this event suppressed)
Event 31: >5% quadrature weight outside P_det grid — numerator=0.000, denominator=0.062 (repeats for this event suppressed)
Event 31: >5% quadrature weight outside P_det grid — numerator=0.000, denominator=0.071 (repeats for this event suppressed)
Event 31: >5% quadrature weight outside P_det grid — numerator=0.000, denominator=0.063 (repeats for this event suppressed)
Event 31: >5% quadrature weight outside P_det grid — numerator=0.000, denominator=0.068 (repeats for this event suppressed)
Event 31: >5% quadrature weight outside P_det grid — numerator=0.000, denominator=0.064 (repeats for this event suppressed)
Event 31: >5% quadrature weight outside P_det grid — numerator=0.000, denominator=0.071 (repeats for this event suppressed)
Event 34: >5% quadrature weight outside P_det grid — numerator=0.000, denominator=0.074 (repeats for this event suppressed)
Event 34: >5% quadrature weight outside P_det grid — numerator=0.000, denominator=0.070 (repeats for this event suppressed)
Event 34: >5% quadrature weight outside P_det grid — numerator=0.000, denominator=0.124 (repeats for this event suppressed)
Event 34: >5% quadrature weight outside P_det grid — numerator=0.000, denominator=0.067 (repeats for this event suppressed)
Event 34: >5% quadrature weight outside P_det grid — numerator=0.000, denominator=0.073 (repeats for this event suppressed)
Event 34: >5% quadrature weight outside P_det grid — numerator=0.000, denominator=0.074 (repeats for this event suppressed)
Event 34: >5% quadrature weight outside P_det grid — numerator=0.000, denominator=0.063 (repeats for this event suppressed)
Event 34: >5% quadrature weight outside P_det grid — numerator=0.000, denominator=0.077 (repeats for this event suppressed)
Event 34: >5% quadrature weight outside P_det grid — numerator=0.000, denominator=0.078 (repeats for this event suppressed)
Event 34: >5% quadrature weight outside P_det grid — numerator=0.000, denominator=0.078 (repeats for this event suppressed)
Event 34: >5% quadrature weight outside P_det grid — numerator=0.000, denominator=0.084 (repeats for this event suppressed)
Event 34: >5% quadrature weight outside P_det grid — numerator=0.000, denominator=0.075 (repeats for this event suppressed)
Event 34: >5% quadrature weight outside P_det grid — numerator=0.000, denominator=0.102 (repeats for this event suppressed)
Event 35: >5% quadrature weight outside P_det grid — numerator=0.000, denominator=0.061 (repeats for this event suppressed)
Event 35: >5% quadrature weight outside P_det grid — numerator=0.000, denominator=0.062 (repeats for this event suppressed)
Event 35: >5% quadrature weight outside P_det grid — numerator=0.000, denominator=0.052 (repeats for this event suppressed)
Event 35: >5% quadrature weight outside P_det grid — numerator=0.000, denominator=0.063 (repeats for this event suppressed)
Event 35: >5% quadrature weight outside P_det grid — numerator=0.000, denominator=0.063 (repeats for this event suppressed)
Event 35: >5% quadrature weight outside P_det grid — numerator=0.000, denominator=0.051 (repeats for this event suppressed)
Event 35: >5% quadrature weight outside P_det grid — numerator=0.000, denominator=0.058 (repeats for this event suppressed)
Event 35: >5% quadrature weight outside P_det grid — numerator=0.000, denominator=0.063 (repeats for this event suppressed)
Event 35: >5% quadrature weight outside P_det grid — numerator=0.000, denominator=0.079 (repeats for this event suppressed)
Event 35: >5% quadrature weight outside P_det grid — numerator=0.000, denominator=0.054 (repeats for this event suppressed)
Event 35: >5% quadrature weight outside P_det grid — numerator=0.000, denominator=0.059 (repeats for this event suppressed)
Event 35: >5% quadrature weight outside P_det grid — numerator=0.000, denominator=0.056 (repeats for this event suppressed)
Event 35: >5% quadrature weight outside P_det grid — numerator=0.000, denominator=0.053 (repeats for this event suppressed)
Event 35: >5% quadrature weight outside P_det grid — numerator=0.000, denominator=0.067 (repeats for this event suppressed)
Event 37: >5% quadrature weight outside P_det grid — numerator=0.000, denominator=0.060 (repeats for this event suppressed)
Event 37: >5% quadrature weight outside P_det grid — numerator=0.000, denominator=0.054 (repeats for this event suppressed)
Event 37: >5% quadrature weight outside P_det grid — numerator=0.000, denominator=0.054 (repeats for this event suppressed)
Event 37: >5% quadrature weight outside P_det grid — numerator=0.000, denominator=0.061 (repeats for this event suppressed)
Event 37: >5% quadrature weight outside P_det grid — numerator=0.000, denominator=0.051 (repeats for this event suppressed)
Event 37: >5% quadrature weight outside P_det grid — numerator=0.000, denominator=0.062 (repeats for this event suppressed)
Event 37: >5% quadrature weight outside P_det grid — numerator=0.000, denominator=0.060 (repeats for this event suppressed)
Event 37: >5% quadrature weight outside P_det grid — numerator=0.000, denominator=0.062 (repeats for this event suppressed)
Event 37: >5% quadrature weight outside P_det grid — numerator=0.000, denominator=0.057 (repeats for this event suppressed)
Event 37: >5% quadrature weight outside P_det grid — numerator=0.000, denominator=0.057 (repeats for this event suppressed)
Event 37: >5% quadrature weight outside P_det grid — numerator=0.000, denominator=0.062 (repeats for this event suppressed)
Event 37: >5% quadrature weight outside P_det grid — numerator=0.000, denominator=0.061 (repeats for this event suppressed)
Event 37: >5% quadrature weight outside P_det grid — numerator=0.000, denominator=0.062 (repeats for this event suppressed)
Event 37: >5% quadrature weight outside P_det grid — numerator=0.000, denominator=0.050 (repeats for this event suppressed)
Event 40: >5% quadrature weight outside P_det grid — numerator=0.000, denominator=0.052 (repeats for this event suppressed)
Event 40: >5% quadrature weight outside P_det grid — numerator=0.000, denominator=0.073 (repeats for this event suppressed)
Event 40: >5% quadrature weight outside P_det grid — numerator=0.000, denominator=0.055 (repeats for this event suppressed)
Event 40: >5% quadrature weight outside P_det grid — numerator=0.000, denominator=0.068 (repeats for this event suppressed)
Event 40: >5% quadrature weight outside P_det grid — numerator=0.000, denominator=0.078 (repeats for this event suppressed)
Event 40: >5% quadrature weight outside P_det grid — numerator=0.000, denominator=0.062 (repeats for this event suppressed)
Event 40: >5% quadrature weight outside P_det grid — numerator=0.000, denominator=0.057 (repeats for this event suppressed)
Event 40: >5% quadrature weight outside P_det grid — numerator=0.000, denominator=0.066 (repeats for this event suppressed)
Event 40: >5% quadrature weight outside P_det grid — numerator=0.000, denominator=0.057 (repeats for this event suppressed)
Event 40: >5% quadrature weight outside P_det grid — numerator=0.000, denominator=0.057 (repeats for this event suppressed)
Event 40: >5% quadrature weight outside P_det grid — numerator=0.000, denominator=0.056 (repeats for this event suppressed)
Detection 40: fused completion mass factor zero at 50/50 quadrature nodes (0 beyond the detection horizon, S_4D=0; 50 off the phi support).
Event 42: >5% quadrature weight outside P_det grid — numerator=0.000, denominator=0.053 (repeats for this event suppressed)
Event 42: >5% quadrature weight outside P_det grid — numerator=0.000, denominator=0.058 (repeats for this event suppressed)
Event 42: >5% quadrature weight outside P_det grid — numerator=0.000, denominator=0.052 (repeats for this event suppressed)
Event 42: >5% quadrature weight outside P_det grid — numerator=0.000, denominator=0.058 (repeats for this event suppressed)
Event 42: >5% quadrature weight outside P_det grid — numerator=0.000, denominator=0.054 (repeats for this event suppressed)
Event 42: >5% quadrature weight outside P_det grid — numerator=0.000, denominator=0.054 (repeats for this event suppressed)
Event 42: >5% quadrature weight outside P_det grid — numerator=0.000, denominator=0.050 (repeats for this event suppressed)
Event 42: >5% quadrature weight outside P_det grid — numerator=0.000, denominator=0.061 (repeats for this event suppressed)
Event 42: >5% quadrature weight outside P_det grid — numerator=0.000, denominator=0.055 (repeats for this event suppressed)
Event 42: >5% quadrature weight outside P_det grid — numerator=0.000, denominator=0.060 (repeats for this event suppressed)
Event 42: >5% quadrature weight outside P_det grid — numerator=0.000, denominator=0.054 (repeats for this event suppressed)
Event 42: >5% quadrature weight outside P_det grid — numerator=0.000, denominator=0.056 (repeats for this event suppressed)
Event 42: >5% quadrature weight outside P_det grid — numerator=0.000, denominator=0.062 (repeats for this event suppressed)
Event 42: >5% quadrature weight outside P_det grid — numerator=0.000, denominator=0.054 (repeats for this event suppressed)
Detection 42: fused completion mass factor zero at 50/50 quadrature nodes (0 beyond the detection horizon, S_4D=0; 50 off the phi support).
Event 43: >5% quadrature weight outside P_det grid — numerator=0.000, denominator=0.056 (repeats for this event suppressed)
Event 43: >5% quadrature weight outside P_det grid — numerator=0.000, denominator=0.052 (repeats for this event suppressed)
Event 43: >5% quadrature weight outside P_det grid — numerator=0.000, denominator=0.052 (repeats for this event suppressed)
Event 43: >5% quadrature weight outside P_det grid — numerator=0.000, denominator=0.054 (repeats for this event suppressed)
Event 43: >5% quadrature weight outside P_det grid — numerator=0.000, denominator=0.050 (repeats for this event suppressed)
Event 43: >5% quadrature weight outside P_det grid — numerator=0.000, denominator=0.056 (repeats for this event suppressed)
Event 43: >5% quadrature weight outside P_det grid — numerator=0.000, denominator=0.056 (repeats for this event suppressed)
Event 43: >5% quadrature weight outside P_det grid — numerator=0.000, denominator=0.064 (repeats for this event suppressed)
Event 43: >5% quadrature weight outside P_det grid — numerator=0.000, denominator=0.055 (repeats for this event suppressed)
Event 43: >5% quadrature weight outside P_det grid — numerator=0.000, denominator=0.077 (repeats for this event suppressed)
Event 43: >5% quadrature weight outside P_det grid — numerator=0.000, denominator=0.061 (repeats for this event suppressed)
Event 43: >5% quadrature weight outside P_det grid — numerator=0.000, denominator=0.052 (repeats for this event suppressed)
Event 43: >5% quadrature weight outside P_det grid — numerator=0.000, denominator=0.054 (repeats for this event suppressed)
Event 43: >5% quadrature weight outside P_det grid — numerator=0.000, denominator=0.057 (repeats for this event suppressed)
Event 44: >5% quadrature weight outside P_det grid — numerator=0.000, denominator=0.057 (repeats for this event suppressed)
Event 44: >5% quadrature weight outside P_det grid — numerator=0.000, denominator=0.058 (repeats for this event suppressed)
Event 46: >5% quadrature weight outside P_det grid — numerator=0.000, denominator=0.050 (repeats for this event suppressed)
Event 46: >5% quadrature weight outside P_det grid — numerator=0.000, denominator=0.059 (repeats for this event suppressed)
Event 46: >5% quadrature weight outside P_det grid — numerator=0.000, denominator=0.074 (repeats for this event suppressed)
Event 46: >5% quadrature weight outside P_det grid — numerator=0.000, denominator=0.060 (repeats for this event suppressed)
Event 46: >5% quadrature weight outside P_det grid — numerator=0.000, denominator=0.060 (repeats for this event suppressed)
Event 46: >5% quadrature weight outside P_det grid — numerator=0.000, denominator=0.059 (repeats for this event suppressed)
Event 46: >5% quadrature weight outside P_det grid — numerator=0.000, denominator=0.051 (repeats for this event suppressed)
Event 46: >5% quadrature weight outside P_det grid — numerator=0.000, denominator=0.061 (repeats for this event suppressed)
Event 46: >5% quadrature weight outside P_det grid — numerator=0.000, denominator=0.086 (repeats for this event suppressed)
Event 46: >5% quadrature weight outside P_det grid — numerator=0.000, denominator=0.052 (repeats for this event suppressed)
Event 46: >5% quadrature weight outside P_det grid — numerator=0.000, denominator=0.063 (repeats for this event suppressed)
Event 46: >5% quadrature weight outside P_det grid — numerator=0.000, denominator=0.060 (repeats for this event suppressed)
Event 46: >5% quadrature weight outside P_det grid — numerator=0.000, denominator=0.072 (repeats for this event suppressed)
Event 46: >5% quadrature weight outside P_det grid — numerator=0.000, denominator=0.060 (repeats for this event suppressed)
Event 47: >5% quadrature weight outside P_det grid — numerator=0.000, denominator=0.088 (repeats for this event suppressed)
Event 47: >5% quadrature weight outside P_det grid — numerator=0.000, denominator=0.057 (repeats for this event suppressed)
Event 47: >5% quadrature weight outside P_det grid — numerator=0.000, denominator=0.075 (repeats for this event suppressed)
Event 47: >5% quadrature weight outside P_det grid — numerator=0.000, denominator=0.059 (repeats for this event suppressed)
Event 47: >5% quadrature weight outside P_det grid — numerator=0.000, denominator=0.051 (repeats for this event suppressed)
Event 47: >5% quadrature weight outside P_det grid — numerator=0.000, denominator=0.051 (repeats for this event suppressed)
Event 47: >5% quadrature weight outside P_det grid — numerator=0.000, denominator=0.065 (repeats for this event suppressed)
Event 47: >5% quadrature weight outside P_det grid — numerator=0.000, denominator=0.057 (repeats for this event suppressed)
Event 47: >5% quadrature weight outside P_det grid — numerator=0.000, denominator=0.066 (repeats for this event suppressed)
Event 47: >5% quadrature weight outside P_det grid — numerator=0.000, denominator=0.068 (repeats for this event suppressed)
Event 47: >5% quadrature weight outside P_det grid — numerator=0.000, denominator=0.080 (repeats for this event suppressed)
Event 47: >5% quadrature weight outside P_det grid — numerator=0.000, denominator=0.071 (repeats for this event suppressed)
Event 47: >5% quadrature weight outside P_det grid — numerator=0.000, denominator=0.068 (repeats for this event suppressed)
Event 47: >5% quadrature weight outside P_det grid — numerator=0.000, denominator=0.059 (repeats for this event suppressed)
Event 49: >5% quadrature weight outside P_det grid — numerator=0.000, denominator=0.057 (repeats for this event suppressed)
Event 49: >5% quadrature weight outside P_det grid — numerator=0.000, denominator=0.064 (repeats for this event suppressed)
Event 49: >5% quadrature weight outside P_det grid — numerator=0.000, denominator=0.058 (repeats for this event suppressed)
Event 49: >5% quadrature weight outside P_det grid — numerator=0.000, denominator=0.051 (repeats for this event suppressed)
Event 49: >5% quadrature weight outside P_det grid — numerator=0.000, denominator=0.057 (repeats for this event suppressed)
Event 49: >5% quadrature weight outside P_det grid — numerator=0.000, denominator=0.056 (repeats for this event suppressed)
Event 49: >5% quadrature weight outside P_det grid — numerator=0.000, denominator=0.052 (repeats for this event suppressed)
Event 49: >5% quadrature weight outside P_det grid — numerator=0.000, denominator=0.056 (repeats for this event suppressed)
Event 49: >5% quadrature weight outside P_det grid — numerator=0.000, denominator=0.063 (repeats for this event suppressed)
Event 49: >5% quadrature weight outside P_det grid — numerator=0.000, denominator=0.055 (repeats for this event suppressed)
Event 50: >5% quadrature weight outside P_det grid — numerator=0.000, denominator=0.063 (repeats for this event suppressed)
Event 50: >5% quadrature weight outside P_det grid — numerator=0.000, denominator=0.051 (repeats for this event suppressed)
Event 50: >5% quadrature weight outside P_det grid — numerator=0.000, denominator=0.059 (repeats for this event suppressed)
Event 50: >5% quadrature weight outside P_det grid — numerator=0.000, denominator=0.060 (repeats for this event suppressed)
Event 50: >5% quadrature weight outside P_det grid — numerator=0.000, denominator=0.057 (repeats for this event suppressed)
Event 50: >5% quadrature weight outside P_det grid — numerator=0.000, denominator=0.059 (repeats for this event suppressed)
Event 50: >5% quadrature weight outside P_det grid — numerator=0.000, denominator=0.070 (repeats for this event suppressed)
Event 50: >5% quadrature weight outside P_det grid — numerator=0.000, denominator=0.054 (repeats for this event suppressed)
Event 50: >5% quadrature weight outside P_det grid — numerator=0.000, denominator=0.053 (repeats for this event suppressed)
Event 50: >5% quadrature weight outside P_det grid — numerator=0.000, denominator=0.065 (repeats for this event suppressed)
Event 50: >5% quadrature weight outside P_det grid — numerator=0.000, denominator=0.059 (repeats for this event suppressed)
Event 50: >5% quadrature weight outside P_det grid — numerator=0.000, denominator=0.072 (repeats for this event suppressed)
Event 50: >5% quadrature weight outside P_det grid — numerator=0.000, denominator=0.051 (repeats for this event suppressed)
Event 50: >5% quadrature weight outside P_det grid — numerator=0.000, denominator=0.064 (repeats for this event suppressed)
Detection 50: fused completion mass factor zero at 50/50 quadrature nodes (0 beyond the detection horizon, S_4D=0; 50 off the phi support).
Event 51: >5% quadrature weight outside P_det grid — numerator=0.000, denominator=0.051 (repeats for this event suppressed)
Event 51: >5% quadrature weight outside P_det grid — numerator=0.000, denominator=0.070 (repeats for this event suppressed)
Event 51: >5% quadrature weight outside P_det grid — numerator=0.000, denominator=0.073 (repeats for this event suppressed)
Event 51: >5% quadrature weight outside P_det grid — numerator=0.000, denominator=0.075 (repeats for this event suppressed)
Event 51: >5% quadrature weight outside P_det grid — numerator=0.000, denominator=0.051 (repeats for this event suppressed)
Event 51: >5% quadrature weight outside P_det grid — numerator=0.000, denominator=0.050 (repeats for this event suppressed)
Event 51: >5% quadrature weight outside P_det grid — numerator=0.000, denominator=0.067 (repeats for this event suppressed)
Event 51: >5% quadrature weight outside P_det grid — numerator=0.000, denominator=0.058 (repeats for this event suppressed)
Event 51: >5% quadrature weight outside P_det grid — numerator=0.000, denominator=0.060 (repeats for this event suppressed)
Event 51: >5% quadrature weight outside P_det grid — numerator=0.000, denominator=0.071 (repeats for this event suppressed)
Event 51: >5% quadrature weight outside P_det grid — numerator=0.000, denominator=0.051 (repeats for this event suppressed)
Event 51: >5% quadrature weight outside P_det grid — numerator=0.000, denominator=0.065 (repeats for this event suppressed)
Event 51: >5% quadrature weight outside P_det grid — numerator=0.000, denominator=0.066 (repeats for this event suppressed)
Event 51: >5% quadrature weight outside P_det grid — numerator=0.000, denominator=0.059 (repeats for this event suppressed)
Event 53: >5% quadrature weight outside P_det grid — numerator=0.000, denominator=0.056 (repeats for this event suppressed)
Event 53: >5% quadrature weight outside P_det grid — numerator=0.000, denominator=0.058 (repeats for this event suppressed)
Event 53: >5% quadrature weight outside P_det grid — numerator=0.000, denominator=0.052 (repeats for this event suppressed)
Event 53: >5% quadrature weight outside P_det grid — numerator=0.000, denominator=0.057 (repeats for this event suppressed)
Event 53: >5% quadrature weight outside P_det grid — numerator=0.000, denominator=0.059 (repeats for this event suppressed)
Event 53: >5% quadrature weight outside P_det grid — numerator=0.000, denominator=0.061 (repeats for this event suppressed)
Event 53: >5% quadrature weight outside P_det grid — numerator=0.000, denominator=0.057 (repeats for this event suppressed)
Event 53: >5% quadrature weight outside P_det grid — numerator=0.000, denominator=0.062 (repeats for this event suppressed)
Event 53: >5% quadrature weight outside P_det grid — numerator=0.000, denominator=0.066 (repeats for this event suppressed)
Event 53: >5% quadrature weight outside P_det grid — numerator=0.000, denominator=0.055 (repeats for this event suppressed)
Event 53: >5% quadrature weight outside P_det grid — numerator=0.000, denominator=0.051 (repeats for this event suppressed)
Event 53: >5% quadrature weight outside P_det grid — numerator=0.000, denominator=0.069 (repeats for this event suppressed)
Event 53: >5% quadrature weight outside P_det grid — numerator=0.000, denominator=0.067 (repeats for this event suppressed)
Event 53: >5% quadrature weight outside P_det grid — numerator=0.000, denominator=0.062 (repeats for this event suppressed)
Event 55: >5% quadrature weight outside P_det grid — numerator=0.000, denominator=0.051 (repeats for this event suppressed)
Event 55: >5% quadrature weight outside P_det grid — numerator=0.000, denominator=0.052 (repeats for this event suppressed)
Event 55: >5% quadrature weight outside P_det grid — numerator=0.000, denominator=0.052 (repeats for this event suppressed)
Event 55: >5% quadrature weight outside P_det grid — numerator=0.000, denominator=0.056 (repeats for this event suppressed)
Event 55: >5% quadrature weight outside P_det grid — numerator=0.000, denominator=0.057 (repeats for this event suppressed)
Event 55: >5% quadrature weight outside P_det grid — numerator=0.000, denominator=0.057 (repeats for this event suppressed)
Event 55: >5% quadrature weight outside P_det grid — numerator=0.000, denominator=0.063 (repeats for this event suppressed)
Event 55: >5% quadrature weight outside P_det grid — numerator=0.000, denominator=0.054 (repeats for this event suppressed)
Event 55: >5% quadrature weight outside P_det grid — numerator=0.000, denominator=0.053 (repeats for this event suppressed)
Event 55: >5% quadrature weight outside P_det grid — numerator=0.000, denominator=0.054 (repeats for this event suppressed)
Event 55: >5% quadrature weight outside P_det grid — numerator=0.000, denominator=0.052 (repeats for this event suppressed)
Event 55: >5% quadrature weight outside P_det grid — numerator=0.000, denominator=0.061 (repeats for this event suppressed)
Detection 55: fused completion mass factor zero at 50/50 quadrature nodes (0 beyond the detection horizon, S_4D=0; 50 off the phi support).
Event 56: >5% quadrature weight outside P_det grid — numerator=0.000, denominator=0.075 (repeats for this event suppressed)
Event 56: >5% quadrature weight outside P_det grid — numerator=0.000, denominator=0.057 (repeats for this event suppressed)
Event 56: >5% quadrature weight outside P_det grid — numerator=0.000, denominator=0.058 (repeats for this event suppressed)
Event 56: >5% quadrature weight outside P_det grid — numerator=0.000, denominator=0.057 (repeats for this event suppressed)
Event 56: >5% quadrature weight outside P_det grid — numerator=0.000, denominator=0.061 (repeats for this event suppressed)
Event 56: >5% quadrature weight outside P_det grid — numerator=0.000, denominator=0.050 (repeats for this event suppressed)
Event 56: >5% quadrature weight outside P_det grid — numerator=0.000, denominator=0.089 (repeats for this event suppressed)
Event 56: >5% quadrature weight outside P_det grid — numerator=0.000, denominator=0.081 (repeats for this event suppressed)
Event 56: >5% quadrature weight outside P_det grid — numerator=0.000, denominator=0.060 (repeats for this event suppressed)
Event 56: >5% quadrature weight outside P_det grid — numerator=0.000, denominator=0.064 (repeats for this event suppressed)
Event 56: >5% quadrature weight outside P_det grid — numerator=0.000, denominator=0.059 (repeats for this event suppressed)
Event 56: >5% quadrature weight outside P_det grid — numerator=0.000, denominator=0.074 (repeats for this event suppressed)
Event 56: >5% quadrature weight outside P_det grid — numerator=0.000, denominator=0.064 (repeats for this event suppressed)
Event 59: >5% quadrature weight outside P_det grid — numerator=0.000, denominator=0.052 (repeats for this event suppressed)
Event 61: >5% quadrature weight outside P_det grid — numerator=0.000, denominator=0.052 (repeats for this event suppressed)
Event 61: >5% quadrature weight outside P_det grid — numerator=0.000, denominator=0.057 (repeats for this event suppressed)
Event 61: >5% quadrature weight outside P_det grid — numerator=0.000, denominator=0.059 (repeats for this event suppressed)
Event 61: >5% quadrature weight outside P_det grid — numerator=0.000, denominator=0.056 (repeats for this event suppressed)
Event 61: >5% quadrature weight outside P_det grid — numerator=0.000, denominator=0.066 (repeats for this event suppressed)
Event 61: >5% quadrature weight outside P_det grid — numerator=0.000, denominator=0.059 (repeats for this event suppressed)
Event 61: >5% quadrature weight outside P_det grid — numerator=0.000, denominator=0.066 (repeats for this event suppressed)
Event 61: >5% quadrature weight outside P_det grid — numerator=0.000, denominator=0.062 (repeats for this event suppressed)
Event 61: >5% quadrature weight outside P_det grid — numerator=0.000, denominator=0.061 (repeats for this event suppressed)
Event 61: >5% quadrature weight outside P_det grid — numerator=0.000, denominator=0.050 (repeats for this event suppressed)
Event 61: >5% quadrature weight outside P_det grid — numerator=0.000, denominator=0.055 (repeats for this event suppressed)
Event 61: >5% quadrature weight outside P_det grid — numerator=0.000, denominator=0.055 (repeats for this event suppressed)
Event 61: >5% quadrature weight outside P_det grid — numerator=0.000, denominator=0.052 (repeats for this event suppressed)
Event 61: >5% quadrature weight outside P_det grid — numerator=0.000, denominator=0.072 (repeats for this event suppressed)
Event 64: >5% quadrature weight outside P_det grid — numerator=0.000, denominator=0.059 (repeats for this event suppressed)
Event 64: >5% quadrature weight outside P_det grid — numerator=0.000, denominator=0.055 (repeats for this event suppressed)
Event 64: >5% quadrature weight outside P_det grid — numerator=0.000, denominator=0.058 (repeats for this event suppressed)
Event 64: >5% quadrature weight outside P_det grid — numerator=0.000, denominator=0.055 (repeats for this event suppressed)
Event 64: >5% quadrature weight outside P_det grid — numerator=0.000, denominator=0.074 (repeats for this event suppressed)
Event 64: >5% quadrature weight outside P_det grid — numerator=0.000, denominator=0.071 (repeats for this event suppressed)
Event 64: >5% quadrature weight outside P_det grid — numerator=0.000, denominator=0.059 (repeats for this event suppressed)
Event 64: >5% quadrature weight outside P_det grid — numerator=0.000, denominator=0.057 (repeats for this event suppressed)
Event 64: >5% quadrature weight outside P_det grid — numerator=0.000, denominator=0.056 (repeats for this event suppressed)
Event 64: >5% quadrature weight outside P_det grid — numerator=0.000, denominator=0.056 (repeats for this event suppressed)
Event 66: >5% quadrature weight outside P_det grid — numerator=0.000, denominator=0.059 (repeats for this event suppressed)
Event 66: >5% quadrature weight outside P_det grid — numerator=0.000, denominator=0.051 (repeats for this event suppressed)
Event 66: >5% quadrature weight outside P_det grid — numerator=0.000, denominator=0.051 (repeats for this event suppressed)
Event 66: >5% quadrature weight outside P_det grid — numerator=0.000, denominator=0.051 (repeats for this event suppressed)
Event 69: >5% quadrature weight outside P_det grid — numerator=0.000, denominator=0.056 (repeats for this event suppressed)
Event 69: >5% quadrature weight outside P_det grid — numerator=0.000, denominator=0.054 (repeats for this event suppressed)
Event 69: >5% quadrature weight outside P_det grid — numerator=0.000, denominator=0.052 (repeats for this event suppressed)
Event 69: >5% quadrature weight outside P_det grid — numerator=0.000, denominator=0.053 (repeats for this event suppressed)
Event 69: >5% quadrature weight outside P_det grid — numerator=0.000, denominator=0.060 (repeats for this event suppressed)
Event 69: >5% quadrature weight outside P_det grid — numerator=0.000, denominator=0.055 (repeats for this event suppressed)
Event 69: >5% quadrature weight outside P_det grid — numerator=0.000, denominator=0.062 (repeats for this event suppressed)
Event 69: >5% quadrature weight outside P_det grid — numerator=0.000, denominator=0.059 (repeats for this event suppressed)
Event 69: >5% quadrature weight outside P_det grid — numerator=0.000, denominator=0.065 (repeats for this event suppressed)
Event 69: >5% quadrature weight outside P_det grid — numerator=0.000, denominator=0.067 (repeats for this event suppressed)
Event 69: >5% quadrature weight outside P_det grid — numerator=0.000, denominator=0.057 (repeats for this event suppressed)
Event 69: >5% quadrature weight outside P_det grid — numerator=0.000, denominator=0.050 (repeats for this event suppressed)
Event 69: >5% quadrature weight outside P_det grid — numerator=0.000, denominator=0.054 (repeats for this event suppressed)
Event 69: >5% quadrature weight outside P_det grid — numerator=0.000, denominator=0.061 (repeats for this event suppressed)
Event 70: >5% quadrature weight outside P_det grid — numerator=0.000, denominator=0.065 (repeats for this event suppressed)
Event 70: >5% quadrature weight outside P_det grid — numerator=0.000, denominator=0.060 (repeats for this event suppressed)
Event 70: >5% quadrature weight outside P_det grid — numerator=0.000, denominator=0.052 (repeats for this event suppressed)
Event 70: >5% quadrature weight outside P_det grid — numerator=0.000, denominator=0.061 (repeats for this event suppressed)
Event 70: >5% quadrature weight outside P_det grid — numerator=0.000, denominator=0.058 (repeats for this event suppressed)
Event 70: >5% quadrature weight outside P_det grid — numerator=0.000, denominator=0.062 (repeats for this event suppressed)
Event 70: >5% quadrature weight outside P_det grid — numerator=0.000, denominator=0.059 (repeats for this event suppressed)
Event 70: >5% quadrature weight outside P_det grid — numerator=0.000, denominator=0.064 (repeats for this event suppressed)
Event 70: >5% quadrature weight outside P_det grid — numerator=0.000, denominator=0.053 (repeats for this event suppressed)
Event 70: >5% quadrature weight outside P_det grid — numerator=0.000, denominator=0.069 (repeats for this event suppressed)
Event 70: >5% quadrature weight outside P_det grid — numerator=0.000, denominator=0.059 (repeats for this event suppressed)
Event 70: >5% quadrature weight outside P_det grid — numerator=0.000, denominator=0.057 (repeats for this event suppressed)
Event 70: >5% quadrature weight outside P_det grid — numerator=0.000, denominator=0.063 (repeats for this event suppressed)
Event 70: >5% quadrature weight outside P_det grid — numerator=0.000, denominator=0.052 (repeats for this event suppressed)
Event 71: >5% quadrature weight outside P_det grid — numerator=0.000, denominator=0.057 (repeats for this event suppressed)
Event 71: >5% quadrature weight outside P_det grid — numerator=0.000, denominator=0.076 (repeats for this event suppressed)
Event 71: >5% quadrature weight outside P_det grid — numerator=0.000, denominator=0.055 (repeats for this event suppressed)
Event 71: >5% quadrature weight outside P_det grid — numerator=0.000, denominator=0.054 (repeats for this event suppressed)
Event 71: >5% quadrature weight outside P_det grid — numerator=0.000, denominator=0.065 (repeats for this event suppressed)
Event 71: >5% quadrature weight outside P_det grid — numerator=0.000, denominator=0.156 (repeats for this event suppressed)
Event 71: >5% quadrature weight outside P_det grid — numerator=0.000, denominator=0.063 (repeats for this event suppressed)
Event 71: >5% quadrature weight outside P_det grid — numerator=0.000, denominator=0.062 (repeats for this event suppressed)
Event 71: >5% quadrature weight outside P_det grid — numerator=0.000, denominator=0.072 (repeats for this event suppressed)
Event 71: >5% quadrature weight outside P_det grid — numerator=0.000, denominator=0.062 (repeats for this event suppressed)
Event 71: >5% quadrature weight outside P_det grid — numerator=0.000, denominator=0.054 (repeats for this event suppressed)
Event 71: >5% quadrature weight outside P_det grid — numerator=0.000, denominator=0.068 (repeats for this event suppressed)
Event 71: >5% quadrature weight outside P_det grid — numerator=0.000, denominator=0.060 (repeats for this event suppressed)
Event 71: >5% quadrature weight outside P_det grid — numerator=0.000, denominator=0.050 (repeats for this event suppressed)
Event 73: >5% quadrature weight outside P_det grid — numerator=0.000, denominator=0.063 (repeats for this event suppressed)
Event 73: >5% quadrature weight outside P_det grid — numerator=0.000, denominator=0.065 (repeats for this event suppressed)
Event 73: >5% quadrature weight outside P_det grid — numerator=0.000, denominator=0.054 (repeats for this event suppressed)
Event 73: >5% quadrature weight outside P_det grid — numerator=0.000, denominator=0.055 (repeats for this event suppressed)
Event 73: >5% quadrature weight outside P_det grid — numerator=0.000, denominator=0.053 (repeats for this event suppressed)
Event 73: >5% quadrature weight outside P_det grid — numerator=0.000, denominator=0.066 (repeats for this event suppressed)
Event 73: >5% quadrature weight outside P_det grid — numerator=0.000, denominator=0.054 (repeats for this event suppressed)
Event 73: >5% quadrature weight outside P_det grid — numerator=0.000, denominator=0.064 (repeats for this event suppressed)
Event 73: >5% quadrature weight outside P_det grid — numerator=0.000, denominator=0.055 (repeats for this event suppressed)
Event 73: >5% quadrature weight outside P_det grid — numerator=0.000, denominator=0.066 (repeats for this event suppressed)
Event 73: >5% quadrature weight outside P_det grid — numerator=0.000, denominator=0.064 (repeats for this event suppressed)
Event 73: >5% quadrature weight outside P_det grid — numerator=0.000, denominator=0.055 (repeats for this event suppressed)
Event 73: >5% quadrature weight outside P_det grid — numerator=0.000, denominator=0.065 (repeats for this event suppressed)
Event 73: >5% quadrature weight outside P_det grid — numerator=0.000, denominator=0.058 (repeats for this event suppressed)
Event 74: >5% quadrature weight outside P_det grid — numerator=0.000, denominator=0.092 (repeats for this event suppressed)
No possible hosts. Returning None.
Detection 78: no catalogue hosts in the localization volume — pure-completion fallback p_i = B_num/D (issue #29)
Detection 78: no catalog results found
Detection 78: fused completion mass factor zero at 50/50 quadrature nodes (0 beyond the detection horizon, S_4D=0; 50 off the phi support).
Event 81: >5% quadrature weight outside P_det grid — numerator=0.000, denominator=0.057 (repeats for this event suppressed)
Event 81: >5% quadrature weight outside P_det grid — numerator=0.000, denominator=0.051 (repeats for this event suppressed)
Event 81: >5% quadrature weight outside P_det grid — numerator=0.000, denominator=0.068 (repeats for this event suppressed)
Event 81: >5% quadrature weight outside P_det grid — numerator=0.000, denominator=0.061 (repeats for this event suppressed)
Event 81: >5% quadrature weight outside P_det grid — numerator=0.000, denominator=0.063 (repeats for this event suppressed)
Event 81: >5% quadrature weight outside P_det grid — numerator=0.000, denominator=0.058 (repeats for this event suppressed)
Event 81: >5% quadrature weight outside P_det grid — numerator=0.000, denominator=0.051 (repeats for this event suppressed)
Event 81: >5% quadrature weight outside P_det grid — numerator=0.000, denominator=0.061 (repeats for this event suppressed)
Event 81: >5% quadrature weight outside P_det grid — numerator=0.000, denominator=0.065 (repeats for this event suppressed)
Event 81: >5% quadrature weight outside P_det grid — numerator=0.000, denominator=0.059 (repeats for this event suppressed)
Event 81: >5% quadrature weight outside P_det grid — numerator=0.000, denominator=0.082 (repeats for this event suppressed)
Event 81: >5% quadrature weight outside P_det grid — numerator=0.000, denominator=0.060 (repeats for this event suppressed)
Event 81: >5% quadrature weight outside P_det grid — numerator=0.000, denominator=0.069 (repeats for this event suppressed)
Event 81: >5% quadrature weight outside P_det grid — numerator=0.000, denominator=0.064 (repeats for this event suppressed)
Event 86: >5% quadrature weight outside P_det grid — numerator=0.000, denominator=0.073 (repeats for this event suppressed)
Event 86: >5% quadrature weight outside P_det grid — numerator=0.000, denominator=0.085 (repeats for this event suppressed)
Event 86: >5% quadrature weight outside P_det grid — numerator=0.000, denominator=0.063 (repeats for this event suppressed)
Event 86: >5% quadrature weight outside P_det grid — numerator=0.000, denominator=0.062 (repeats for this event suppressed)
Event 86: >5% quadrature weight outside P_det grid — numerator=0.000, denominator=0.053 (repeats for this event suppressed)
Event 86: >5% quadrature weight outside P_det grid — numerator=0.000, denominator=0.055 (repeats for this event suppressed)
Event 86: >5% quadrature weight outside P_det grid — numerator=0.000, denominator=0.076 (repeats for this event suppressed)
Event 86: >5% quadrature weight outside P_det grid — numerator=0.000, denominator=0.059 (repeats for this event suppressed)
Event 86: >5% quadrature weight outside P_det grid — numerator=0.000, denominator=0.066 (repeats for this event suppressed)
Event 86: >5% quadrature weight outside P_det grid — numerator=0.000, denominator=0.057 (repeats for this event suppressed)
Event 86: >5% quadrature weight outside P_det grid — numerator=0.000, denominator=0.077 (repeats for this event suppressed)
Event 86: >5% quadrature weight outside P_det grid — numerator=0.000, denominator=0.054 (repeats for this event suppressed)
Event 86: >5% quadrature weight outside P_det grid — numerator=0.000, denominator=0.067 (repeats for this event suppressed)
Event 86: >5% quadrature weight outside P_det grid — numerator=0.000, denominator=0.059 (repeats for this event suppressed)
Detection 86: fused completion mass factor zero at 50/50 quadrature nodes (0 beyond the detection horizon, S_4D=0; 50 off the phi support).
Event 87: >5% quadrature weight outside P_det grid — numerator=0.000, denominator=0.102 (repeats for this event suppressed)
Event 89: >5% quadrature weight outside P_det grid — numerator=0.000, denominator=0.057 (repeats for this event suppressed)
Event 89: >5% quadrature weight outside P_det grid — numerator=0.000, denominator=0.052 (repeats for this event suppressed)
Event 89: >5% quadrature weight outside P_det grid — numerator=0.000, denominator=0.057 (repeats for this event suppressed)
Event 89: >5% quadrature weight outside P_det grid — numerator=0.000, denominator=0.061 (repeats for this event suppressed)
Event 89: >5% quadrature weight outside P_det grid — numerator=0.000, denominator=0.054 (repeats for this event suppressed)
Event 89: >5% quadrature weight outside P_det grid — numerator=0.000, denominator=0.052 (repeats for this event suppressed)
Event 89: >5% quadrature weight outside P_det grid — numerator=0.000, denominator=0.055 (repeats for this event suppressed)
Event 89: >5% quadrature weight outside P_det grid — numerator=0.000, denominator=0.059 (repeats for this event suppressed)
Event 89: >5% quadrature weight outside P_det grid — numerator=0.000, denominator=0.067 (repeats for this event suppressed)
Event 89: >5% quadrature weight outside P_det grid — numerator=0.000, denominator=0.069 (repeats for this event suppressed)
Event 89: >5% quadrature weight outside P_det grid — numerator=0.000, denominator=0.065 (repeats for this event suppressed)
Event 89: >5% quadrature weight outside P_det grid — numerator=0.000, denominator=0.051 (repeats for this event suppressed)
Event 89: >5% quadrature weight outside P_det grid — numerator=0.000, denominator=0.055 (repeats for this event suppressed)
Event 89: >5% quadrature weight outside P_det grid — numerator=0.000, denominator=0.057 (repeats for this event suppressed)
Event 91: >5% quadrature weight outside P_det grid — numerator=0.000, denominator=0.059 (repeats for this event suppressed)
Event 91: >5% quadrature weight outside P_det grid — numerator=0.000, denominator=0.071 (repeats for this event suppressed)
Event 91: >5% quadrature weight outside P_det grid — numerator=0.000, denominator=0.090 (repeats for this event suppressed)
Event 91: >5% quadrature weight outside P_det grid — numerator=0.000, denominator=0.063 (repeats for this event suppressed)
Event 91: >5% quadrature weight outside P_det grid — numerator=0.000, denominator=0.071 (repeats for this event suppressed)
Event 91: >5% quadrature weight outside P_det grid — numerator=0.000, denominator=0.056 (repeats for this event suppressed)
Event 91: >5% quadrature weight outside P_det grid — numerator=0.000, denominator=0.057 (repeats for this event suppressed)
Event 91: >5% quadrature weight outside P_det grid — numerator=0.000, denominator=0.068 (repeats for this event suppressed)
Event 91: >5% quadrature weight outside P_det grid — numerator=0.000, denominator=0.053 (repeats for this event suppressed)
Event 91: >5% quadrature weight outside P_det grid — numerator=0.000, denominator=0.077 (repeats for this event suppressed)
Event 91: >5% quadrature weight outside P_det grid — numerator=0.000, denominator=0.070 (repeats for this event suppressed)
Event 91: >5% quadrature weight outside P_det grid — numerator=0.000, denominator=0.055 (repeats for this event suppressed)
Event 91: >5% quadrature weight outside P_det grid — numerator=0.000, denominator=0.059 (repeats for this event suppressed)
Event 91: >5% quadrature weight outside P_det grid — numerator=0.000, denominator=0.057 (repeats for this event suppressed)
Detection 91: fused completion mass factor zero at 50/50 quadrature nodes (0 beyond the detection horizon, S_4D=0; 50 off the phi support).
Event 92: >5% quadrature weight outside P_det grid — numerator=0.000, denominator=0.053 (repeats for this event suppressed)
Event 92: >5% quadrature weight outside P_det grid — numerator=0.000, denominator=0.060 (repeats for this event suppressed)
Event 92: >5% quadrature weight outside P_det grid — numerator=0.000, denominator=0.069 (repeats for this event suppressed)
Event 92: >5% quadrature weight outside P_det grid — numerator=0.000, denominator=0.078 (repeats for this event suppressed)
Event 92: >5% quadrature weight outside P_det grid — numerator=0.000, denominator=0.055 (repeats for this event suppressed)
Event 92: >5% quadrature weight outside P_det grid — numerator=0.000, denominator=0.058 (repeats for this event suppressed)
Event 92: >5% quadrature weight outside P_det grid — numerator=0.000, denominator=0.054 (repeats for this event suppressed)
Event 92: >5% quadrature weight outside P_det grid — numerator=0.000, denominator=0.059 (repeats for this event suppressed)
Event 92: >5% quadrature weight outside P_det grid — numerator=0.000, denominator=0.055 (repeats for this event suppressed)
Event 92: >5% quadrature weight outside P_det grid — numerator=0.000, denominator=0.062 (repeats for this event suppressed)
Event 92: >5% quadrature weight outside P_det grid — numerator=0.000, denominator=0.060 (repeats for this event suppressed)
Event 92: >5% quadrature weight outside P_det grid — numerator=0.000, denominator=0.077 (repeats for this event suppressed)
Event 92: >5% quadrature weight outside P_det grid — numerator=0.000, denominator=0.051 (repeats for this event suppressed)
Event 92: >5% quadrature weight outside P_det grid — numerator=0.000, denominator=0.053 (repeats for this event suppressed)
Detection 92: fused completion mass factor zero at 50/50 quadrature nodes (0 beyond the detection horizon, S_4D=0; 50 off the phi support).
Event 99: >5% quadrature weight outside P_det grid — numerator=0.000, denominator=0.058 (repeats for this event suppressed)
Event 99: >5% quadrature weight outside P_det grid — numerator=0.000, denominator=0.057 (repeats for this event suppressed)
Event 99: >5% quadrature weight outside P_det grid — numerator=0.000, denominator=0.057 (repeats for this event suppressed)
Event 99: >5% quadrature weight outside P_det grid — numerator=0.000, denominator=0.061 (repeats for this event suppressed)
Event 99: >5% quadrature weight outside P_det grid — numerator=0.000, denominator=0.056 (repeats for this event suppressed)
Event 99: >5% quadrature weight outside P_det grid — numerator=0.000, denominator=0.060 (repeats for this event suppressed)
Event 99: >5% quadrature weight outside P_det grid — numerator=0.000, denominator=0.148 (repeats for this event suppressed)
Event 99: >5% quadrature weight outside P_det grid — numerator=0.000, denominator=0.054 (repeats for this event suppressed)
Event 99: >5% quadrature weight outside P_det grid — numerator=0.000, denominator=0.063 (repeats for this event suppressed)
Event 99: >5% quadrature weight outside P_det grid — numerator=0.000, denominator=0.055 (repeats for this event suppressed)
Event 99: >5% quadrature weight outside P_det grid — numerator=0.000, denominator=0.062 (repeats for this event suppressed)
Event 99: >5% quadrature weight outside P_det grid — numerator=0.000, denominator=0.086 (repeats for this event suppressed)
Event 99: >5% quadrature weight outside P_det grid — numerator=0.000, denominator=0.070 (repeats for this event suppressed)
Event 99: >5% quadrature weight outside P_det grid — numerator=0.000, denominator=0.059 (repeats for this event suppressed)
Event 104: >5% quadrature weight outside P_det grid — numerator=0.000, denominator=0.071 (repeats for this event suppressed)
Event 104: >5% quadrature weight outside P_det grid — numerator=0.000, denominator=0.065 (repeats for this event suppressed)
Event 104: >5% quadrature weight outside P_det grid — numerator=0.000, denominator=0.065 (repeats for this event suppressed)
Event 104: >5% quadrature weight outside P_det grid — numerator=0.000, denominator=0.079 (repeats for this event suppressed)
Event 104: >5% quadrature weight outside P_det grid — numerator=0.000, denominator=0.061 (repeats for this event suppressed)
Event 104: >5% quadrature weight outside P_det grid — numerator=0.000, denominator=0.071 (repeats for this event suppressed)
Event 104: >5% quadrature weight outside P_det grid — numerator=0.000, denominator=0.080 (repeats for this event suppressed)
Event 104: >5% quadrature weight outside P_det grid — numerator=0.000, denominator=0.075 (repeats for this event suppressed)
Event 104: >5% quadrature weight outside P_det grid — numerator=0.000, denominator=0.063 (repeats for this event suppressed)
Event 104: >5% quadrature weight outside P_det grid — numerator=0.000, denominator=0.191 (repeats for this event suppressed)
Event 104: >5% quadrature weight outside P_det grid — numerator=0.000, denominator=0.060 (repeats for this event suppressed)
Event 104: >5% quadrature weight outside P_det grid — numerator=0.000, denominator=0.063 (repeats for this event suppressed)
Event 104: >5% quadrature weight outside P_det grid — numerator=0.000, denominator=0.184 (repeats for this event suppressed)
Event 104: >5% quadrature weight outside P_det grid — numerator=0.000, denominator=0.067 (repeats for this event suppressed)
Event 105: >5% quadrature weight outside P_det grid — numerator=0.000, denominator=0.058 (repeats for this event suppressed)
Event 105: >5% quadrature weight outside P_det grid — numerator=0.000, denominator=0.059 (repeats for this event suppressed)
Event 105: >5% quadrature weight outside P_det grid — numerator=0.000, denominator=0.054 (repeats for this event suppressed)
Event 105: >5% quadrature weight outside P_det grid — numerator=0.000, denominator=0.145 (repeats for this event suppressed)
Event 105: >5% quadrature weight outside P_det grid — numerator=0.000, denominator=0.053 (repeats for this event suppressed)
Event 105: >5% quadrature weight outside P_det grid — numerator=0.000, denominator=0.068 (repeats for this event suppressed)
Event 105: >5% quadrature weight outside P_det grid — numerator=0.000, denominator=0.056 (repeats for this event suppressed)
Event 105: >5% quadrature weight outside P_det grid — numerator=0.000, denominator=0.051 (repeats for this event suppressed)
Event 105: >5% quadrature weight outside P_det grid — numerator=0.000, denominator=0.078 (repeats for this event suppressed)
Event 105: >5% quadrature weight outside P_det grid — numerator=0.000, denominator=0.061 (repeats for this event suppressed)
Event 105: >5% quadrature weight outside P_det grid — numerator=0.000, denominator=0.056 (repeats for this event suppressed)
Event 105: >5% quadrature weight outside P_det grid — numerator=0.000, denominator=0.075 (repeats for this event suppressed)
Event 105: >5% quadrature weight outside P_det grid — numerator=0.000, denominator=0.052 (repeats for this event suppressed)
Event 105: >5% quadrature weight outside P_det grid — numerator=0.000, denominator=0.054 (repeats for this event suppressed)
Detection 105: fused completion mass factor zero at 50/50 quadrature nodes (0 beyond the detection horizon, S_4D=0; 50 off the phi support).
Event 107: >5% quadrature weight outside P_det grid — numerator=0.000, denominator=0.055 (repeats for this event suppressed)
Event 107: >5% quadrature weight outside P_det grid — numerator=0.000, denominator=0.051 (repeats for this event suppressed)
Event 107: >5% quadrature weight outside P_det grid — numerator=0.000, denominator=0.064 (repeats for this event suppressed)
Event 107: >5% quadrature weight outside P_det grid — numerator=0.000, denominator=0.054 (repeats for this event suppressed)
Event 107: >5% quadrature weight outside P_det grid — numerator=0.000, denominator=0.060 (repeats for this event suppressed)
Event 107: >5% quadrature weight outside P_det grid — numerator=0.000, denominator=0.064 (repeats for this event suppressed)
Event 107: >5% quadrature weight outside P_det grid — numerator=0.000, denominator=0.065 (repeats for this event suppressed)
Event 107: >5% quadrature weight outside P_det grid — numerator=0.000, denominator=0.060 (repeats for this event suppressed)
Event 107: >5% quadrature weight outside P_det grid — numerator=0.000, denominator=0.054 (repeats for this event suppressed)
Event 107: >5% quadrature weight outside P_det grid — numerator=0.000, denominator=0.059 (repeats for this event suppressed)
Event 107: >5% quadrature weight outside P_det grid — numerator=0.000, denominator=0.052 (repeats for this event suppressed)
Event 107: >5% quadrature weight outside P_det grid — numerator=0.000, denominator=0.056 (repeats for this event suppressed)
Event 107: >5% quadrature weight outside P_det grid — numerator=0.000, denominator=0.057 (repeats for this event suppressed)
Event 107: >5% quadrature weight outside P_det grid — numerator=0.000, denominator=0.052 (repeats for this event suppressed)
Event 109: >5% quadrature weight outside P_det grid — numerator=0.000, denominator=0.054 (repeats for this event suppressed)
Event 109: >5% quadrature weight outside P_det grid — numerator=0.000, denominator=0.055 (repeats for this event suppressed)
Event 109: >5% quadrature weight outside P_det grid — numerator=0.000, denominator=0.056 (repeats for this event suppressed)
Event 109: >5% quadrature weight outside P_det grid — numerator=0.000, denominator=0.051 (repeats for this event suppressed)
Event 109: >5% quadrature weight outside P_det grid — numerator=0.000, denominator=0.051 (repeats for this event suppressed)
Event 110: >5% quadrature weight outside P_det grid — numerator=0.000, denominator=0.056 (repeats for this event suppressed)
Event 110: >5% quadrature weight outside P_det grid — numerator=0.000, denominator=0.061 (repeats for this event suppressed)
Event 110: >5% quadrature weight outside P_det grid — numerator=0.000, denominator=0.060 (repeats for this event suppressed)
Event 110: >5% quadrature weight outside P_det grid — numerator=0.000, denominator=0.077 (repeats for this event suppressed)
Event 110: >5% quadrature weight outside P_det grid — numerator=0.000, denominator=0.056 (repeats for this event suppressed)
Event 110: >5% quadrature weight outside P_det grid — numerator=0.000, denominator=0.053 (repeats for this event suppressed)
Event 110: >5% quadrature weight outside P_det grid — numerator=0.000, denominator=0.070 (repeats for this event suppressed)
Event 110: >5% quadrature weight outside P_det grid — numerator=0.000, denominator=0.053 (repeats for this event suppressed)
Event 110: >5% quadrature weight outside P_det grid — numerator=0.000, denominator=0.060 (repeats for this event suppressed)
Event 110: >5% quadrature weight outside P_det grid — numerator=0.000, denominator=0.095 (repeats for this event suppressed)
Event 110: >5% quadrature weight outside P_det grid — numerator=0.000, denominator=0.055 (repeats for this event suppressed)
Event 110: >5% quadrature weight outside P_det grid — numerator=0.000, denominator=0.065 (repeats for this event suppressed)
Event 110: >5% quadrature weight outside P_det grid — numerator=0.000, denominator=0.065 (repeats for this event suppressed)
Event 110: >5% quadrature weight outside P_det grid — numerator=0.000, denominator=0.079 (repeats for this event suppressed)
Detection 110: fused completion mass factor zero at 50/50 quadrature nodes (0 beyond the detection horizon, S_4D=0; 50 off the phi support).
Event 111: >5% quadrature weight outside P_det grid — numerator=0.000, denominator=0.062 (repeats for this event suppressed)
Event 111: >5% quadrature weight outside P_det grid — numerator=0.000, denominator=0.066 (repeats for this event suppressed)
Event 111: >5% quadrature weight outside P_det grid — numerator=0.000, denominator=0.085 (repeats for this event suppressed)
Event 111: >5% quadrature weight outside P_det grid — numerator=0.000, denominator=0.071 (repeats for this event suppressed)
Event 111: >5% quadrature weight outside P_det grid — numerator=0.000, denominator=0.052 (repeats for this event suppressed)
Event 111: >5% quadrature weight outside P_det grid — numerator=0.000, denominator=0.057 (repeats for this event suppressed)
Event 111: >5% quadrature weight outside P_det grid — numerator=0.000, denominator=0.059 (repeats for this event suppressed)
Event 111: >5% quadrature weight outside P_det grid — numerator=0.000, denominator=0.070 (repeats for this event suppressed)
Event 111: >5% quadrature weight outside P_det grid — numerator=0.000, denominator=0.070 (repeats for this event suppressed)
Event 111: >5% quadrature weight outside P_det grid — numerator=0.000, denominator=0.065 (repeats for this event suppressed)
Event 111: >5% quadrature weight outside P_det grid — numerator=0.000, denominator=0.061 (repeats for this event suppressed)
Event 111: >5% quadrature weight outside P_det grid — numerator=0.000, denominator=0.064 (repeats for this event suppressed)
Event 111: >5% quadrature weight outside P_det grid — numerator=0.000, denominator=0.074 (repeats for this event suppressed)
Event 111: >5% quadrature weight outside P_det grid — numerator=0.000, denominator=0.061 (repeats for this event suppressed)
Event 113: >5% quadrature weight outside P_det grid — numerator=0.000, denominator=0.057 (repeats for this event suppressed)
Event 113: >5% quadrature weight outside P_det grid — numerator=0.000, denominator=0.065 (repeats for this event suppressed)
Event 113: >5% quadrature weight outside P_det grid — numerator=0.000, denominator=0.057 (repeats for this event suppressed)
Event 113: >5% quadrature weight outside P_det grid — numerator=0.000, denominator=0.079 (repeats for this event suppressed)
Event 113: >5% quadrature weight outside P_det grid — numerator=0.000, denominator=0.057 (repeats for this event suppressed)
Event 113: >5% quadrature weight outside P_det grid — numerator=0.000, denominator=0.091 (repeats for this event suppressed)
Event 113: >5% quadrature weight outside P_det grid — numerator=0.000, denominator=0.061 (repeats for this event suppressed)
Event 113: >5% quadrature weight outside P_det grid — numerator=0.000, denominator=0.052 (repeats for this event suppressed)
Event 113: >5% quadrature weight outside P_det grid — numerator=0.000, denominator=0.062 (repeats for this event suppressed)
Event 113: >5% quadrature weight outside P_det grid — numerator=0.000, denominator=0.063 (repeats for this event suppressed)
Event 113: >5% quadrature weight outside P_det grid — numerator=0.000, denominator=0.052 (repeats for this event suppressed)
Event 113: >5% quadrature weight outside P_det grid — numerator=0.000, denominator=0.055 (repeats for this event suppressed)
Event 113: >5% quadrature weight outside P_det grid — numerator=0.000, denominator=0.070 (repeats for this event suppressed)
Event 113: >5% quadrature weight outside P_det grid — numerator=0.000, denominator=0.060 (repeats for this event suppressed)
Detection 113: fused completion mass factor zero at 50/50 quadrature nodes (0 beyond the detection horizon, S_4D=0; 50 off the phi support).
Event 114: >5% quadrature weight outside P_det grid — numerator=0.000, denominator=0.052 (repeats for this event suppressed)
Detection 114: fused completion mass factor zero at 50/50 quadrature nodes (0 beyond the detection horizon, S_4D=0; 50 off the phi support).
Event 117: >5% quadrature weight outside P_det grid — numerator=0.000, denominator=0.091 (repeats for this event suppressed)
Event 117: >5% quadrature weight outside P_det grid — numerator=0.000, denominator=0.056 (repeats for this event suppressed)
Event 117: >5% quadrature weight outside P_det grid — numerator=0.000, denominator=0.055 (repeats for this event suppressed)
Event 117: >5% quadrature weight outside P_det grid — numerator=0.000, denominator=0.054 (repeats for this event suppressed)
Event 117: >5% quadrature weight outside P_det grid — numerator=0.000, denominator=0.060 (repeats for this event suppressed)
Event 117: >5% quadrature weight outside P_det grid — numerator=0.000, denominator=0.066 (repeats for this event suppressed)
Event 117: >5% quadrature weight outside P_det grid — numerator=0.000, denominator=0.054 (repeats for this event suppressed)
Event 117: >5% quadrature weight outside P_det grid — numerator=0.000, denominator=0.060 (repeats for this event suppressed)
Event 117: >5% quadrature weight outside P_det grid — numerator=0.000, denominator=0.058 (repeats for this event suppressed)
Event 117: >5% quadrature weight outside P_det grid — numerator=0.000, denominator=0.056 (repeats for this event suppressed)
Event 117: >5% quadrature weight outside P_det grid — numerator=0.000, denominator=0.073 (repeats for this event suppressed)
Event 117: >5% quadrature weight outside P_det grid — numerator=0.000, denominator=0.063 (repeats for this event suppressed)
Event 121: >5% quadrature weight outside P_det grid — numerator=0.000, denominator=0.052 (repeats for this event suppressed)
Event 121: >5% quadrature weight outside P_det grid — numerator=0.000, denominator=0.052 (repeats for this event suppressed)
Event 121: >5% quadrature weight outside P_det grid — numerator=0.000, denominator=0.055 (repeats for this event suppressed)
Event 121: >5% quadrature weight outside P_det grid — numerator=0.000, denominator=0.053 (repeats for this event suppressed)
Event 121: >5% quadrature weight outside P_det grid — numerator=0.000, denominator=0.053 (repeats for this event suppressed)
Event 121: >5% quadrature weight outside P_det grid — numerator=0.000, denominator=0.050 (repeats for this event suppressed)
Event 121: >5% quadrature weight outside P_det grid — numerator=0.000, denominator=0.052 (repeats for this event suppressed)
Event 121: >5% quadrature weight outside P_det grid — numerator=0.000, denominator=0.055 (repeats for this event suppressed)
Event 121: >5% quadrature weight outside P_det grid — numerator=0.000, denominator=0.053 (repeats for this event suppressed)
Event 121: >5% quadrature weight outside P_det grid — numerator=0.000, denominator=0.051 (repeats for this event suppressed)
Event 121: >5% quadrature weight outside P_det grid — numerator=0.000, denominator=0.051 (repeats for this event suppressed)
Event 121: >5% quadrature weight outside P_det grid — numerator=0.000, denominator=0.053 (repeats for this event suppressed)
Event 121: >5% quadrature weight outside P_det grid — numerator=0.000, denominator=0.052 (repeats for this event suppressed)
Event 121: >5% quadrature weight outside P_det grid — numerator=0.000, denominator=0.055 (repeats for this event suppressed)
Event 124: >5% quadrature weight outside P_det grid — numerator=0.000, denominator=0.085 (repeats for this event suppressed)
Event 124: >5% quadrature weight outside P_det grid — numerator=0.000, denominator=0.055 (repeats for this event suppressed)
Event 124: >5% quadrature weight outside P_det grid — numerator=0.000, denominator=0.096 (repeats for this event suppressed)
Event 125: >5% quadrature weight outside P_det grid — numerator=0.000, denominator=0.067 (repeats for this event suppressed)
Event 125: >5% quadrature weight outside P_det grid — numerator=0.000, denominator=0.067 (repeats for this event suppressed)
Event 125: >5% quadrature weight outside P_det grid — numerator=0.000, denominator=0.055 (repeats for this event suppressed)
Event 125: >5% quadrature weight outside P_det grid — numerator=0.000, denominator=0.077 (repeats for this event suppressed)
Event 125: >5% quadrature weight outside P_det grid — numerator=0.000, denominator=0.062 (repeats for this event suppressed)
Event 125: >5% quadrature weight outside P_det grid — numerator=0.000, denominator=0.069 (repeats for this event suppressed)
Event 125: >5% quadrature weight outside P_det grid — numerator=0.000, denominator=0.066 (repeats for this event suppressed)
Event 125: >5% quadrature weight outside P_det grid — numerator=0.000, denominator=0.057 (repeats for this event suppressed)
Event 125: >5% quadrature weight outside P_det grid — numerator=0.000, denominator=0.052 (repeats for this event suppressed)
Event 125: >5% quadrature weight outside P_det grid — numerator=0.000, denominator=0.063 (repeats for this event suppressed)
Event 125: >5% quadrature weight outside P_det grid — numerator=0.000, denominator=0.052 (repeats for this event suppressed)
Event 125: >5% quadrature weight outside P_det grid — numerator=0.000, denominator=0.074 (repeats for this event suppressed)
Event 125: >5% quadrature weight outside P_det grid — numerator=0.000, denominator=0.061 (repeats for this event suppressed)
Event 125: >5% quadrature weight outside P_det grid — numerator=0.000, denominator=0.090 (repeats for this event suppressed)
Event 126: >5% quadrature weight outside P_det grid — numerator=0.000, denominator=0.076 (repeats for this event suppressed)
Event 126: >5% quadrature weight outside P_det grid — numerator=0.000, denominator=0.064 (repeats for this event suppressed)
Event 126: >5% quadrature weight outside P_det grid — numerator=0.000, denominator=0.052 (repeats for this event suppressed)
Event 126: >5% quadrature weight outside P_det grid — numerator=0.000, denominator=0.059 (repeats for this event suppressed)
Event 126: >5% quadrature weight outside P_det grid — numerator=0.000, denominator=0.060 (repeats for this event suppressed)
Event 126: >5% quadrature weight outside P_det grid — numerator=0.000, denominator=0.053 (repeats for this event suppressed)
Event 126: >5% quadrature weight outside P_det grid — numerator=0.000, denominator=0.051 (repeats for this event suppressed)
Event 126: >5% quadrature weight outside P_det grid — numerator=0.000, denominator=0.056 (repeats for this event suppressed)
Event 126: >5% quadrature weight outside P_det grid — numerator=0.000, denominator=0.053 (repeats for this event suppressed)
Event 126: >5% quadrature weight outside P_det grid — numerator=0.000, denominator=0.072 (repeats for this event suppressed)
Event 126: >5% quadrature weight outside P_det grid — numerator=0.000, denominator=0.069 (repeats for this event suppressed)
Event 126: >5% quadrature weight outside P_det grid — numerator=0.000, denominator=0.057 (repeats for this event suppressed)
Event 126: >5% quadrature weight outside P_det grid — numerator=0.000, denominator=0.059 (repeats for this event suppressed)
Event 126: >5% quadrature weight outside P_det grid — numerator=0.000, denominator=0.054 (repeats for this event suppressed)
Event 129: >5% quadrature weight outside P_det grid — numerator=0.000, denominator=0.053 (repeats for this event suppressed)
Event 129: >5% quadrature weight outside P_det grid — numerator=0.000, denominator=0.064 (repeats for this event suppressed)
Event 129: >5% quadrature weight outside P_det grid — numerator=0.000, denominator=0.058 (repeats for this event suppressed)
Event 129: >5% quadrature weight outside P_det grid — numerator=0.000, denominator=0.069 (repeats for this event suppressed)
Event 130: >5% quadrature weight outside P_det grid — numerator=0.000, denominator=0.058 (repeats for this event suppressed)
Event 130: >5% quadrature weight outside P_det grid — numerator=0.000, denominator=0.060 (repeats for this event suppressed)
Event 130: >5% quadrature weight outside P_det grid — numerator=0.000, denominator=0.056 (repeats for this event suppressed)
Event 130: >5% quadrature weight outside P_det grid — numerator=0.000, denominator=0.058 (repeats for this event suppressed)
Event 130: >5% quadrature weight outside P_det grid — numerator=0.000, denominator=0.059 (repeats for this event suppressed)
Event 130: >5% quadrature weight outside P_det grid — numerator=0.000, denominator=0.057 (repeats for this event suppressed)
Event 130: >5% quadrature weight outside P_det grid — numerator=0.000, denominator=0.051 (repeats for this event suppressed)
Event 130: >5% quadrature weight outside P_det grid — numerator=0.000, denominator=0.056 (repeats for this event suppressed)
Event 130: >5% quadrature weight outside P_det grid — numerator=0.000, denominator=0.063 (repeats for this event suppressed)
Event 130: >5% quadrature weight outside P_det grid — numerator=0.000, denominator=0.053 (repeats for this event suppressed)
Event 130: >5% quadrature weight outside P_det grid — numerator=0.000, denominator=0.068 (repeats for this event suppressed)
Event 130: >5% quadrature weight outside P_det grid — numerator=0.000, denominator=0.061 (repeats for this event suppressed)
Event 130: >5% quadrature weight outside P_det grid — numerator=0.000, denominator=0.055 (repeats for this event suppressed)
Event 130: >5% quadrature weight outside P_det grid — numerator=0.000, denominator=0.066 (repeats for this event suppressed)
Event 131: >5% quadrature weight outside P_det grid — numerator=0.000, denominator=0.058 (repeats for this event suppressed)
Event 131: >5% quadrature weight outside P_det grid — numerator=0.000, denominator=0.057 (repeats for this event suppressed)
Event 131: >5% quadrature weight outside P_det grid — numerator=0.000, denominator=0.062 (repeats for this event suppressed)
Event 131: >5% quadrature weight outside P_det grid — numerator=0.000, denominator=0.055 (repeats for this event suppressed)
Event 132: >5% quadrature weight outside P_det grid — numerator=0.000, denominator=0.085 (repeats for this event suppressed)
Event 138: >5% quadrature weight outside P_det grid — numerator=0.000, denominator=0.051 (repeats for this event suppressed)
Event 138: >5% quadrature weight outside P_det grid — numerator=0.000, denominator=0.074 (repeats for this event suppressed)
Event 138: >5% quadrature weight outside P_det grid — numerator=0.000, denominator=0.053 (repeats for this event suppressed)
Event 138: >5% quadrature weight outside P_det grid — numerator=0.000, denominator=0.075 (repeats for this event suppressed)
Event 138: >5% quadrature weight outside P_det grid — numerator=0.000, denominator=0.053 (repeats for this event suppressed)
Event 138: >5% quadrature weight outside P_det grid — numerator=0.000, denominator=0.061 (repeats for this event suppressed)
Event 138: >5% quadrature weight outside P_det grid — numerator=0.000, denominator=0.061 (repeats for this event suppressed)
Event 138: >5% quadrature weight outside P_det grid — numerator=0.000, denominator=0.060 (repeats for this event suppressed)
Event 138: >5% quadrature weight outside P_det grid — numerator=0.000, denominator=0.059 (repeats for this event suppressed)
Event 138: >5% quadrature weight outside P_det grid — numerator=0.000, denominator=0.063 (repeats for this event suppressed)
Event 138: >5% quadrature weight outside P_det grid — numerator=0.000, denominator=0.064 (repeats for this event suppressed)
Event 138: >5% quadrature weight outside P_det grid — numerator=0.000, denominator=0.072 (repeats for this event suppressed)
Event 138: >5% quadrature weight outside P_det grid — numerator=0.000, denominator=0.082 (repeats for this event suppressed)
Event 138: >5% quadrature weight outside P_det grid — numerator=0.000, denominator=0.074 (repeats for this event suppressed)
Event 139: >5% quadrature weight outside P_det grid — numerator=0.000, denominator=0.064 (repeats for this event suppressed)
Event 139: >5% quadrature weight outside P_det grid — numerator=0.000, denominator=0.065 (repeats for this event suppressed)
Event 139: >5% quadrature weight outside P_det grid — numerator=0.000, denominator=0.051 (repeats for this event suppressed)
Event 139: >5% quadrature weight outside P_det grid — numerator=0.000, denominator=0.053 (repeats for this event suppressed)
Event 139: >5% quadrature weight outside P_det grid — numerator=0.000, denominator=0.051 (repeats for this event suppressed)
Event 139: >5% quadrature weight outside P_det grid — numerator=0.000, denominator=0.058 (repeats for this event suppressed)
Event 139: >5% quadrature weight outside P_det grid — numerator=0.000, denominator=0.060 (repeats for this event suppressed)
Event 139: >5% quadrature weight outside P_det grid — numerator=0.000, denominator=0.053 (repeats for this event suppressed)
Event 139: >5% quadrature weight outside P_det grid — numerator=0.000, denominator=0.059 (repeats for this event suppressed)
Event 139: >5% quadrature weight outside P_det grid — numerator=0.000, denominator=0.065 (repeats for this event suppressed)
Event 139: >5% quadrature weight outside P_det grid — numerator=0.000, denominator=0.053 (repeats for this event suppressed)
Event 139: >5% quadrature weight outside P_det grid — numerator=0.000, denominator=0.055 (repeats for this event suppressed)
Event 139: >5% quadrature weight outside P_det grid — numerator=0.000, denominator=0.051 (repeats for this event suppressed)
Event 139: >5% quadrature weight outside P_det grid — numerator=0.000, denominator=0.064 (repeats for this event suppressed)
Event 140: >5% quadrature weight outside P_det grid — numerator=0.000, denominator=0.061 (repeats for this event suppressed)
Event 140: >5% quadrature weight outside P_det grid — numerator=0.000, denominator=0.064 (repeats for this event suppressed)
Event 140: >5% quadrature weight outside P_det grid — numerator=0.000, denominator=0.055 (repeats for this event suppressed)
Event 140: >5% quadrature weight outside P_det grid — numerator=0.000, denominator=0.059 (repeats for this event suppressed)
Event 140: >5% quadrature weight outside P_det grid — numerator=0.000, denominator=0.064 (repeats for this event suppressed)
Event 140: >5% quadrature weight outside P_det grid — numerator=0.000, denominator=0.068 (repeats for this event suppressed)
Event 140: >5% quadrature weight outside P_det grid — numerator=0.000, denominator=0.064 (repeats for this event suppressed)
Event 140: >5% quadrature weight outside P_det grid — numerator=0.000, denominator=0.055 (repeats for this event suppressed)
Event 140: >5% quadrature weight outside P_det grid — numerator=0.000, denominator=0.052 (repeats for this event suppressed)
Event 140: >5% quadrature weight outside P_det grid — numerator=0.000, denominator=0.051 (repeats for this event suppressed)
Event 140: >5% quadrature weight outside P_det grid — numerator=0.000, denominator=0.061 (repeats for this event suppressed)
Event 140: >5% quadrature weight outside P_det grid — numerator=0.000, denominator=0.060 (repeats for this event suppressed)
Event 140: >5% quadrature weight outside P_det grid — numerator=0.000, denominator=0.058 (repeats for this event suppressed)
Event 140: >5% quadrature weight outside P_det grid — numerator=0.000, denominator=0.069 (repeats for this event suppressed)
Event 143: >5% quadrature weight outside P_det grid — numerator=0.000, denominator=0.065 (repeats for this event suppressed)
Event 143: >5% quadrature weight outside P_det grid — numerator=0.000, denominator=0.055 (repeats for this event suppressed)
Event 143: >5% quadrature weight outside P_det grid — numerator=0.000, denominator=0.054 (repeats for this event suppressed)
Event 143: >5% quadrature weight outside P_det grid — numerator=0.000, denominator=0.075 (repeats for this event suppressed)
Event 143: >5% quadrature weight outside P_det grid — numerator=0.000, denominator=0.053 (repeats for this event suppressed)
Event 143: >5% quadrature weight outside P_det grid — numerator=0.000, denominator=0.057 (repeats for this event suppressed)
Event 143: >5% quadrature weight outside P_det grid — numerator=0.000, denominator=0.055 (repeats for this event suppressed)
Event 143: >5% quadrature weight outside P_det grid — numerator=0.000, denominator=0.052 (repeats for this event suppressed)
Event 143: >5% quadrature weight outside P_det grid — numerator=0.000, denominator=0.055 (repeats for this event suppressed)
Event 143: >5% quadrature weight outside P_det grid — numerator=0.000, denominator=0.065 (repeats for this event suppressed)
Event 143: >5% quadrature weight outside P_det grid — numerator=0.000, denominator=0.053 (repeats for this event suppressed)
Event 143: >5% quadrature weight outside P_det grid — numerator=0.000, denominator=0.055 (repeats for this event suppressed)
Event 143: >5% quadrature weight outside P_det grid — numerator=0.000, denominator=0.060 (repeats for this event suppressed)
Event 143: >5% quadrature weight outside P_det grid — numerator=0.000, denominator=0.052 (repeats for this event suppressed)
Event 146: >5% quadrature weight outside P_det grid — numerator=0.000, denominator=0.052 (repeats for this event suppressed)
Event 146: >5% quadrature weight outside P_det grid — numerator=0.000, denominator=0.071 (repeats for this event suppressed)
Event 146: >5% quadrature weight outside P_det grid — numerator=0.000, denominator=0.054 (repeats for this event suppressed)
Event 146: >5% quadrature weight outside P_det grid — numerator=0.000, denominator=0.050 (repeats for this event suppressed)
Event 146: >5% quadrature weight outside P_det grid — numerator=0.000, denominator=0.074 (repeats for this event suppressed)
Event 146: >5% quadrature weight outside P_det grid — numerator=0.000, denominator=0.066 (repeats for this event suppressed)
Event 146: >5% quadrature weight outside P_det grid — numerator=0.000, denominator=0.055 (repeats for this event suppressed)
Event 146: >5% quadrature weight outside P_det grid — numerator=0.000, denominator=0.069 (repeats for this event suppressed)
Event 146: >5% quadrature weight outside P_det grid — numerator=0.000, denominator=0.067 (repeats for this event suppressed)
Event 146: >5% quadrature weight outside P_det grid — numerator=0.000, denominator=0.062 (repeats for this event suppressed)
Event 146: >5% quadrature weight outside P_det grid — numerator=0.000, denominator=0.059 (repeats for this event suppressed)
Event 146: >5% quadrature weight outside P_det grid — numerator=0.000, denominator=0.060 (repeats for this event suppressed)
Event 146: >5% quadrature weight outside P_det grid — numerator=0.000, denominator=0.063 (repeats for this event suppressed)
Event 146: >5% quadrature weight outside P_det grid — numerator=0.000, denominator=0.058 (repeats for this event suppressed)
Detection 146: fused completion mass factor zero at 50/50 quadrature nodes (0 beyond the detection horizon, S_4D=0; 50 off the phi support).
Event 148: >5% quadrature weight outside P_det grid — numerator=0.635, denominator=0.086 (repeats for this event suppressed)
Event 151: >5% quadrature weight outside P_det grid — numerator=0.000, denominator=0.066 (repeats for this event suppressed)
Event 151: >5% quadrature weight outside P_det grid — numerator=0.000, denominator=0.059 (repeats for this event suppressed)
Event 151: >5% quadrature weight outside P_det grid — numerator=0.000, denominator=0.062 (repeats for this event suppressed)
Event 151: >5% quadrature weight outside P_det grid — numerator=0.000, denominator=0.059 (repeats for this event suppressed)
Event 151: >5% quadrature weight outside P_det grid — numerator=0.000, denominator=0.056 (repeats for this event suppressed)
Event 152: >5% quadrature weight outside P_det grid — numerator=0.000, denominator=0.055 (repeats for this event suppressed)
Event 152: >5% quadrature weight outside P_det grid — numerator=0.000, denominator=0.058 (repeats for this event suppressed)
Event 152: >5% quadrature weight outside P_det grid — numerator=0.000, denominator=0.052 (repeats for this event suppressed)
Event 152: >5% quadrature weight outside P_det grid — numerator=0.000, denominator=0.056 (repeats for this event suppressed)
Event 152: >5% quadrature weight outside P_det grid — numerator=0.000, denominator=0.061 (repeats for this event suppressed)
Event 152: >5% quadrature weight outside P_det grid — numerator=0.000, denominator=0.061 (repeats for this event suppressed)
Event 152: >5% quadrature weight outside P_det grid — numerator=0.000, denominator=0.057 (repeats for this event suppressed)
Event 152: >5% quadrature weight outside P_det grid — numerator=0.000, denominator=0.051 (repeats for this event suppressed)
Event 152: >5% quadrature weight outside P_det grid — numerator=0.000, denominator=0.056 (repeats for this event suppressed)
Event 152: >5% quadrature weight outside P_det grid — numerator=0.000, denominator=0.064 (repeats for this event suppressed)
Event 152: >5% quadrature weight outside P_det grid — numerator=0.000, denominator=0.068 (repeats for this event suppressed)
Event 152: >5% quadrature weight outside P_det grid — numerator=0.000, denominator=0.082 (repeats for this event suppressed)
Event 153: >5% quadrature weight outside P_det grid — numerator=0.000, denominator=0.075 (repeats for this event suppressed)
Event 153: >5% quadrature weight outside P_det grid — numerator=0.000, denominator=0.077 (repeats for this event suppressed)
Event 153: >5% quadrature weight outside P_det grid — numerator=0.000, denominator=0.060 (repeats for this event suppressed)
Event 153: >5% quadrature weight outside P_det grid — numerator=0.000, denominator=0.053 (repeats for this event suppressed)
Event 153: >5% quadrature weight outside P_det grid — numerator=0.000, denominator=0.073 (repeats for this event suppressed)
Event 153: >5% quadrature weight outside P_det grid — numerator=0.000, denominator=0.066 (repeats for this event suppressed)
Event 153: >5% quadrature weight outside P_det grid — numerator=0.000, denominator=0.056 (repeats for this event suppressed)
Event 153: >5% quadrature weight outside P_det grid — numerator=0.000, denominator=0.074 (repeats for this event suppressed)
Event 153: >5% quadrature weight outside P_det grid — numerator=0.000, denominator=0.055 (repeats for this event suppressed)
Event 153: >5% quadrature weight outside P_det grid — numerator=0.000, denominator=0.061 (repeats for this event suppressed)
Event 153: >5% quadrature weight outside P_det grid — numerator=0.000, denominator=0.062 (repeats for this event suppressed)
Event 153: >5% quadrature weight outside P_det grid — numerator=0.000, denominator=0.071 (repeats for this event suppressed)
Event 153: >5% quadrature weight outside P_det grid — numerator=0.000, denominator=0.053 (repeats for this event suppressed)
Event 153: >5% quadrature weight outside P_det grid — numerator=0.000, denominator=0.061 (repeats for this event suppressed)
Event 156: >5% quadrature weight outside P_det grid — numerator=0.000, denominator=0.062 (repeats for this event suppressed)
Event 156: >5% quadrature weight outside P_det grid — numerator=0.000, denominator=0.057 (repeats for this event suppressed)
Event 156: >5% quadrature weight outside P_det grid — numerator=0.000, denominator=0.051 (repeats for this event suppressed)
Event 156: >5% quadrature weight outside P_det grid — numerator=0.000, denominator=0.051 (repeats for this event suppressed)
Event 156: >5% quadrature weight outside P_det grid — numerator=0.000, denominator=0.059 (repeats for this event suppressed)
Event 156: >5% quadrature weight outside P_det grid — numerator=0.000, denominator=0.051 (repeats for this event suppressed)
Event 156: >5% quadrature weight outside P_det grid — numerator=0.000, denominator=0.053 (repeats for this event suppressed)
Event 156: >5% quadrature weight outside P_det grid — numerator=0.000, denominator=0.055 (repeats for this event suppressed)
Event 156: >5% quadrature weight outside P_det grid — numerator=0.000, denominator=0.052 (repeats for this event suppressed)
Event 156: >5% quadrature weight outside P_det grid — numerator=0.000, denominator=0.056 (repeats for this event suppressed)
Event 156: >5% quadrature weight outside P_det grid — numerator=0.000, denominator=0.055 (repeats for this event suppressed)
Event 156: >5% quadrature weight outside P_det grid — numerator=0.000, denominator=0.057 (repeats for this event suppressed)
Event 156: >5% quadrature weight outside P_det grid — numerator=0.000, denominator=0.064 (repeats for this event suppressed)
Event 156: >5% quadrature weight outside P_det grid — numerator=0.000, denominator=0.051 (repeats for this event suppressed)
Event 159: >5% quadrature weight outside P_det grid — numerator=0.000, denominator=0.060 (repeats for this event suppressed)
Event 159: >5% quadrature weight outside P_det grid — numerator=0.000, denominator=0.081 (repeats for this event suppressed)
Event 159: >5% quadrature weight outside P_det grid — numerator=0.000, denominator=0.106 (repeats for this event suppressed)
Event 159: >5% quadrature weight outside P_det grid — numerator=0.000, denominator=0.060 (repeats for this event suppressed)
Event 159: >5% quadrature weight outside P_det grid — numerator=0.000, denominator=0.054 (repeats for this event suppressed)
Event 159: >5% quadrature weight outside P_det grid — numerator=0.000, denominator=0.058 (repeats for this event suppressed)
Event 159: >5% quadrature weight outside P_det grid — numerator=0.000, denominator=0.072 (repeats for this event suppressed)
Event 159: >5% quadrature weight outside P_det grid — numerator=0.000, denominator=0.072 (repeats for this event suppressed)
Event 159: >5% quadrature weight outside P_det grid — numerator=0.000, denominator=0.084 (repeats for this event suppressed)
Event 159: >5% quadrature weight outside P_det grid — numerator=0.000, denominator=0.089 (repeats for this event suppressed)
Event 159: >5% quadrature weight outside P_det grid — numerator=0.000, denominator=0.078 (repeats for this event suppressed)
Event 162: >5% quadrature weight outside P_det grid — numerator=0.000, denominator=0.052 (repeats for this event suppressed)
Event 162: >5% quadrature weight outside P_det grid — numerator=0.000, denominator=0.053 (repeats for this event suppressed)
Event 162: >5% quadrature weight outside P_det grid — numerator=0.000, denominator=0.055 (repeats for this event suppressed)
Event 162: >5% quadrature weight outside P_det grid — numerator=0.000, denominator=0.052 (repeats for this event suppressed)
Event 162: >5% quadrature weight outside P_det grid — numerator=0.000, denominator=0.055 (repeats for this event suppressed)
Event 162: >5% quadrature weight outside P_det grid — numerator=0.000, denominator=0.059 (repeats for this event suppressed)
Event 162: >5% quadrature weight outside P_det grid — numerator=0.000, denominator=0.051 (repeats for this event suppressed)
Event 162: >5% quadrature weight outside P_det grid — numerator=0.000, denominator=0.065 (repeats for this event suppressed)
Event 162: >5% quadrature weight outside P_det grid — numerator=0.000, denominator=0.066 (repeats for this event suppressed)
Event 162: >5% quadrature weight outside P_det grid — numerator=0.000, denominator=0.056 (repeats for this event suppressed)
Event 162: >5% quadrature weight outside P_det grid — numerator=0.000, denominator=0.062 (repeats for this event suppressed)
Event 162: >5% quadrature weight outside P_det grid — numerator=0.000, denominator=0.061 (repeats for this event suppressed)
Event 162: >5% quadrature weight outside P_det grid — numerator=0.000, denominator=0.053 (repeats for this event suppressed)
Event 162: >5% quadrature weight outside P_det grid — numerator=0.000, denominator=0.058 (repeats for this event suppressed)
Event 164: >5% quadrature weight outside P_det grid — numerator=0.000, denominator=0.051 (repeats for this event suppressed)
Event 164: >5% quadrature weight outside P_det grid — numerator=0.000, denominator=0.052 (repeats for this event suppressed)
Event 164: >5% quadrature weight outside P_det grid — numerator=0.000, denominator=0.055 (repeats for this event suppressed)
Event 164: >5% quadrature weight outside P_det grid — numerator=0.000, denominator=0.051 (repeats for this event suppressed)
Event 164: >5% quadrature weight outside P_det grid — numerator=0.000, denominator=0.052 (repeats for this event suppressed)
Event 164: >5% quadrature weight outside P_det grid — numerator=0.000, denominator=0.053 (repeats for this event suppressed)
Event 164: >5% quadrature weight outside P_det grid — numerator=0.000, denominator=0.053 (repeats for this event suppressed)
Event 164: >5% quadrature weight outside P_det grid — numerator=0.000, denominator=0.051 (repeats for this event suppressed)
Event 164: >5% quadrature weight outside P_det grid — numerator=0.000, denominator=0.056 (repeats for this event suppressed)
Event 164: >5% quadrature weight outside P_det grid — numerator=0.000, denominator=0.051 (repeats for this event suppressed)
Event 164: >5% quadrature weight outside P_det grid — numerator=0.000, denominator=0.055 (repeats for this event suppressed)
Event 164: >5% quadrature weight outside P_det grid — numerator=0.000, denominator=0.052 (repeats for this event suppressed)
Event 164: >5% quadrature weight outside P_det grid — numerator=0.000, denominator=0.053 (repeats for this event suppressed)
Event 164: >5% quadrature weight outside P_det grid — numerator=0.000, denominator=0.055 (repeats for this event suppressed)
Event 168: >5% quadrature weight outside P_det grid — numerator=0.000, denominator=0.062 (repeats for this event suppressed)
Event 168: >5% quadrature weight outside P_det grid — numerator=0.000, denominator=0.059 (repeats for this event suppressed)
Event 168: >5% quadrature weight outside P_det grid — numerator=0.000, denominator=0.054 (repeats for this event suppressed)
Event 168: >5% quadrature weight outside P_det grid — numerator=0.000, denominator=0.054 (repeats for this event suppressed)
Event 168: >5% quadrature weight outside P_det grid — numerator=0.000, denominator=0.067 (repeats for this event suppressed)
Event 168: >5% quadrature weight outside P_det grid — numerator=0.000, denominator=0.053 (repeats for this event suppressed)
Event 168: >5% quadrature weight outside P_det grid — numerator=0.000, denominator=0.056 (repeats for this event suppressed)
Event 168: >5% quadrature weight outside P_det grid — numerator=0.000, denominator=0.060 (repeats for this event suppressed)
Event 168: >5% quadrature weight outside P_det grid — numerator=0.000, denominator=0.056 (repeats for this event suppressed)
Event 168: >5% quadrature weight outside P_det grid — numerator=0.000, denominator=0.057 (repeats for this event suppressed)
Event 168: >5% quadrature weight outside P_det grid — numerator=0.000, denominator=0.053 (repeats for this event suppressed)
Event 168: >5% quadrature weight outside P_det grid — numerator=0.000, denominator=0.059 (repeats for this event suppressed)
Event 168: >5% quadrature weight outside P_det grid — numerator=0.000, denominator=0.052 (repeats for this event suppressed)
Event 168: >5% quadrature weight outside P_det grid — numerator=0.000, denominator=0.068 (repeats for this event suppressed)
Event 170: >5% quadrature weight outside P_det grid — numerator=0.000, denominator=0.067 (repeats for this event suppressed)
Event 170: >5% quadrature weight outside P_det grid — numerator=0.000, denominator=0.078 (repeats for this event suppressed)
Event 170: >5% quadrature weight outside P_det grid — numerator=0.000, denominator=0.069 (repeats for this event suppressed)
Event 170: >5% quadrature weight outside P_det grid — numerator=0.000, denominator=0.072 (repeats for this event suppressed)
Event 170: >5% quadrature weight outside P_det grid — numerator=0.000, denominator=0.148 (repeats for this event suppressed)
Event 170: >5% quadrature weight outside P_det grid — numerator=0.000, denominator=0.066 (repeats for this event suppressed)
Event 170: >5% quadrature weight outside P_det grid — numerator=0.000, denominator=0.069 (repeats for this event suppressed)
Event 170: >5% quadrature weight outside P_det grid — numerator=0.000, denominator=0.071 (repeats for this event suppressed)
Event 170: >5% quadrature weight outside P_det grid — numerator=0.000, denominator=0.067 (repeats for this event suppressed)
Event 170: >5% quadrature weight outside P_det grid — numerator=0.000, denominator=0.075 (repeats for this event suppressed)
Event 170: >5% quadrature weight outside P_det grid — numerator=0.000, denominator=0.074 (repeats for this event suppressed)
Event 170: >5% quadrature weight outside P_det grid — numerator=0.000, denominator=0.072 (repeats for this event suppressed)
Event 170: >5% quadrature weight outside P_det grid — numerator=0.000, denominator=0.067 (repeats for this event suppressed)
Event 170: >5% quadrature weight outside P_det grid — numerator=0.000, denominator=0.070 (repeats for this event suppressed)
Event 173: >5% quadrature weight outside P_det grid — numerator=0.000, denominator=0.053 (repeats for this event suppressed)
Event 173: >5% quadrature weight outside P_det grid — numerator=0.000, denominator=0.051 (repeats for this event suppressed)
Event 173: >5% quadrature weight outside P_det grid — numerator=0.000, denominator=0.059 (repeats for this event suppressed)
Event 173: >5% quadrature weight outside P_det grid — numerator=0.000, denominator=0.062 (repeats for this event suppressed)
Event 173: >5% quadrature weight outside P_det grid — numerator=0.000, denominator=0.055 (repeats for this event suppressed)
Event 173: >5% quadrature weight outside P_det grid — numerator=0.000, denominator=0.057 (repeats for this event suppressed)
Event 173: >5% quadrature weight outside P_det grid — numerator=0.000, denominator=0.066 (repeats for this event suppressed)
Event 173: >5% quadrature weight outside P_det grid — numerator=0.000, denominator=0.061 (repeats for this event suppressed)
Event 173: >5% quadrature weight outside P_det grid — numerator=0.000, denominator=0.056 (repeats for this event suppressed)
Event 173: >5% quadrature weight outside P_det grid — numerator=0.000, denominator=0.053 (repeats for this event suppressed)
Event 173: >5% quadrature weight outside P_det grid — numerator=0.000, denominator=0.051 (repeats for this event suppressed)
Event 173: >5% quadrature weight outside P_det grid — numerator=0.000, denominator=0.050 (repeats for this event suppressed)
Event 173: >5% quadrature weight outside P_det grid — numerator=0.000, denominator=0.061 (repeats for this event suppressed)
Event 173: >5% quadrature weight outside P_det grid — numerator=0.000, denominator=0.054 (repeats for this event suppressed)
Event 175: >5% quadrature weight outside P_det grid — numerator=0.000, denominator=0.067 (repeats for this event suppressed)
Event 175: >5% quadrature weight outside P_det grid — numerator=0.000, denominator=0.094 (repeats for this event suppressed)
Event 175: >5% quadrature weight outside P_det grid — numerator=0.000, denominator=0.059 (repeats for this event suppressed)
Event 175: >5% quadrature weight outside P_det grid — numerator=0.000, denominator=0.057 (repeats for this event suppressed)
Event 175: >5% quadrature weight outside P_det grid — numerator=0.000, denominator=0.069 (repeats for this event suppressed)
Event 175: >5% quadrature weight outside P_det grid — numerator=0.000, denominator=0.056 (repeats for this event suppressed)
Event 175: >5% quadrature weight outside P_det grid — numerator=0.000, denominator=0.061 (repeats for this event suppressed)
Event 175: >5% quadrature weight outside P_det grid — numerator=0.000, denominator=0.061 (repeats for this event suppressed)
Event 175: >5% quadrature weight outside P_det grid — numerator=0.000, denominator=0.059 (repeats for this event suppressed)
Event 175: >5% quadrature weight outside P_det grid — numerator=0.000, denominator=0.075 (repeats for this event suppressed)
Event 175: >5% quadrature weight outside P_det grid — numerator=0.000, denominator=0.075 (repeats for this event suppressed)
Event 175: >5% quadrature weight outside P_det grid — numerator=0.000, denominator=0.056 (repeats for this event suppressed)
Event 175: >5% quadrature weight outside P_det grid — numerator=0.000, denominator=0.054 (repeats for this event suppressed)
Event 175: >5% quadrature weight outside P_det grid — numerator=0.000, denominator=0.054 (repeats for this event suppressed)
Event 176: >5% quadrature weight outside P_det grid — numerator=0.000, denominator=0.051 (repeats for this event suppressed)
Event 176: >5% quadrature weight outside P_det grid — numerator=0.000, denominator=0.078 (repeats for this event suppressed)
Detection 176: fused completion mass factor zero at 50/50 quadrature nodes (0 beyond the detection horizon, S_4D=0; 50 off the phi support).
Event 178: >5% quadrature weight outside P_det grid — numerator=0.000, denominator=0.055 (repeats for this event suppressed)
Event 178: >5% quadrature weight outside P_det grid — numerator=0.000, denominator=0.067 (repeats for this event suppressed)
Event 178: >5% quadrature weight outside P_det grid — numerator=0.000, denominator=0.077 (repeats for this event suppressed)
Event 178: >5% quadrature weight outside P_det grid — numerator=0.000, denominator=0.080 (repeats for this event suppressed)
Event 178: >5% quadrature weight outside P_det grid — numerator=0.000, denominator=0.080 (repeats for this event suppressed)
Event 178: >5% quadrature weight outside P_det grid — numerator=0.000, denominator=0.060 (repeats for this event suppressed)
Event 178: >5% quadrature weight outside P_det grid — numerator=0.000, denominator=0.061 (repeats for this event suppressed)
Event 178: >5% quadrature weight outside P_det grid — numerator=0.000, denominator=0.055 (repeats for this event suppressed)
Event 178: >5% quadrature weight outside P_det grid — numerator=0.000, denominator=0.069 (repeats for this event suppressed)
Event 178: >5% quadrature weight outside P_det grid — numerator=0.000, denominator=0.054 (repeats for this event suppressed)
Event 178: >5% quadrature weight outside P_det grid — numerator=0.000, denominator=0.070 (repeats for this event suppressed)
Event 178: >5% quadrature weight outside P_det grid — numerator=0.000, denominator=0.055 (repeats for this event suppressed)
Event 178: >5% quadrature weight outside P_det grid — numerator=0.000, denominator=0.057 (repeats for this event suppressed)
Event 178: >5% quadrature weight outside P_det grid — numerator=0.000, denominator=0.067 (repeats for this event suppressed)
Detection 178: fused completion mass factor zero at 50/50 quadrature nodes (0 beyond the detection horizon, S_4D=0; 50 off the phi support).
Event 179: >5% quadrature weight outside P_det grid — numerator=0.000, denominator=0.069 (repeats for this event suppressed)
Event 179: >5% quadrature weight outside P_det grid — numerator=0.000, denominator=0.072 (repeats for this event suppressed)
Event 179: >5% quadrature weight outside P_det grid — numerator=0.000, denominator=0.079 (repeats for this event suppressed)
Event 179: >5% quadrature weight outside P_det grid — numerator=0.000, denominator=0.062 (repeats for this event suppressed)
Event 179: >5% quadrature weight outside P_det grid — numerator=0.000, denominator=0.080 (repeats for this event suppressed)
Event 179: >5% quadrature weight outside P_det grid — numerator=0.000, denominator=0.061 (repeats for this event suppressed)
Event 179: >5% quadrature weight outside P_det grid — numerator=0.000, denominator=0.065 (repeats for this event suppressed)
Event 179: >5% quadrature weight outside P_det grid — numerator=0.000, denominator=0.062 (repeats for this event suppressed)
Event 179: >5% quadrature weight outside P_det grid — numerator=0.000, denominator=0.073 (repeats for this event suppressed)
Event 179: >5% quadrature weight outside P_det grid — numerator=0.000, denominator=0.057 (repeats for this event suppressed)
Event 179: >5% quadrature weight outside P_det grid — numerator=0.000, denominator=0.063 (repeats for this event suppressed)
Event 179: >5% quadrature weight outside P_det grid — numerator=0.000, denominator=0.062 (repeats for this event suppressed)
Event 179: >5% quadrature weight outside P_det grid — numerator=0.000, denominator=0.068 (repeats for this event suppressed)
Event 179: >5% quadrature weight outside P_det grid — numerator=0.000, denominator=0.075 (repeats for this event suppressed)
Event 180: >5% quadrature weight outside P_det grid — numerator=0.000, denominator=0.075 (repeats for this event suppressed)
Event 180: >5% quadrature weight outside P_det grid — numerator=0.000, denominator=0.062 (repeats for this event suppressed)
Event 180: >5% quadrature weight outside P_det grid — numerator=0.000, denominator=0.061 (repeats for this event suppressed)
Event 180: >5% quadrature weight outside P_det grid — numerator=0.000, denominator=0.051 (repeats for this event suppressed)
Event 180: >5% quadrature weight outside P_det grid — numerator=0.000, denominator=0.064 (repeats for this event suppressed)
Event 180: >5% quadrature weight outside P_det grid — numerator=0.000, denominator=0.135 (repeats for this event suppressed)
Event 180: >5% quadrature weight outside P_det grid — numerator=0.000, denominator=0.066 (repeats for this event suppressed)
Event 180: >5% quadrature weight outside P_det grid — numerator=0.000, denominator=0.062 (repeats for this event suppressed)
Event 180: >5% quadrature weight outside P_det grid — numerator=0.000, denominator=0.059 (repeats for this event suppressed)
Event 180: >5% quadrature weight outside P_det grid — numerator=0.000, denominator=0.061 (repeats for this event suppressed)
Event 180: >5% quadrature weight outside P_det grid — numerator=0.000, denominator=0.157 (repeats for this event suppressed)
Event 180: >5% quadrature weight outside P_det grid — numerator=0.000, denominator=0.069 (repeats for this event suppressed)
Event 180: >5% quadrature weight outside P_det grid — numerator=0.000, denominator=0.073 (repeats for this event suppressed)
Event 180: >5% quadrature weight outside P_det grid — numerator=0.000, denominator=0.060 (repeats for this event suppressed)
Event 182: >5% quadrature weight outside P_det grid — numerator=0.000, denominator=0.062 (repeats for this event suppressed)
Event 182: >5% quadrature weight outside P_det grid — numerator=0.000, denominator=0.066 (repeats for this event suppressed)
Event 182: >5% quadrature weight outside P_det grid — numerator=0.000, denominator=0.053 (repeats for this event suppressed)
Event 182: >5% quadrature weight outside P_det grid — numerator=0.000, denominator=0.061 (repeats for this event suppressed)
Event 182: >5% quadrature weight outside P_det grid — numerator=0.000, denominator=0.055 (repeats for this event suppressed)
Event 182: >5% quadrature weight outside P_det grid — numerator=0.000, denominator=0.052 (repeats for this event suppressed)
Event 182: >5% quadrature weight outside P_det grid — numerator=0.000, denominator=0.070 (repeats for this event suppressed)
Event 182: >5% quadrature weight outside P_det grid — numerator=0.000, denominator=0.051 (repeats for this event suppressed)
Event 182: >5% quadrature weight outside P_det grid — numerator=0.000, denominator=0.064 (repeats for this event suppressed)
Event 182: >5% quadrature weight outside P_det grid — numerator=0.000, denominator=0.051 (repeats for this event suppressed)
Event 182: >5% quadrature weight outside P_det grid — numerator=0.000, denominator=0.056 (repeats for this event suppressed)
Event 182: >5% quadrature weight outside P_det grid — numerator=0.000, denominator=0.063 (repeats for this event suppressed)
Event 182: >5% quadrature weight outside P_det grid — numerator=0.000, denominator=0.062 (repeats for this event suppressed)
Event 182: >5% quadrature weight outside P_det grid — numerator=0.000, denominator=0.052 (repeats for this event suppressed)
Event 183: >5% quadrature weight outside P_det grid — numerator=0.000, denominator=0.085 (repeats for this event suppressed)
Event 183: >5% quadrature weight outside P_det grid — numerator=0.000, denominator=0.090 (repeats for this event suppressed)
Event 183: >5% quadrature weight outside P_det grid — numerator=0.000, denominator=0.064 (repeats for this event suppressed)
Event 183: >5% quadrature weight outside P_det grid — numerator=0.000, denominator=0.056 (repeats for this event suppressed)
Event 183: >5% quadrature weight outside P_det grid — numerator=0.000, denominator=0.062 (repeats for this event suppressed)
Event 183: >5% quadrature weight outside P_det grid — numerator=0.000, denominator=0.062 (repeats for this event suppressed)
Event 183: >5% quadrature weight outside P_det grid — numerator=0.000, denominator=0.065 (repeats for this event suppressed)
Event 183: >5% quadrature weight outside P_det grid — numerator=0.000, denominator=0.065 (repeats for this event suppressed)
Event 183: >5% quadrature weight outside P_det grid — numerator=0.000, denominator=0.058 (repeats for this event suppressed)
Event 183: >5% quadrature weight outside P_det grid — numerator=0.000, denominator=0.079 (repeats for this event suppressed)
Event 183: >5% quadrature weight outside P_det grid — numerator=0.000, denominator=0.089 (repeats for this event suppressed)
Event 183: >5% quadrature weight outside P_det grid — numerator=0.000, denominator=0.088 (repeats for this event suppressed)
Event 183: >5% quadrature weight outside P_det grid — numerator=0.000, denominator=0.069 (repeats for this event suppressed)
Event 183: >5% quadrature weight outside P_det grid — numerator=0.000, denominator=0.091 (repeats for this event suppressed)
Event 185: >5% quadrature weight outside P_det grid — numerator=0.000, denominator=0.053 (repeats for this event suppressed)
Event 185: >5% quadrature weight outside P_det grid — numerator=0.000, denominator=0.062 (repeats for this event suppressed)
Event 185: >5% quadrature weight outside P_det grid — numerator=0.000, denominator=0.058 (repeats for this event suppressed)
Event 185: >5% quadrature weight outside P_det grid — numerator=0.000, denominator=0.061 (repeats for this event suppressed)
Event 185: >5% quadrature weight outside P_det grid — numerator=0.000, denominator=0.050 (repeats for this event suppressed)
Event 185: >5% quadrature weight outside P_det grid — numerator=0.000, denominator=0.063 (repeats for this event suppressed)
Event 185: >5% quadrature weight outside P_det grid — numerator=0.000, denominator=0.052 (repeats for this event suppressed)
Event 185: >5% quadrature weight outside P_det grid — numerator=0.000, denominator=0.058 (repeats for this event suppressed)
Event 185: >5% quadrature weight outside P_det grid — numerator=0.000, denominator=0.054 (repeats for this event suppressed)
Event 185: >5% quadrature weight outside P_det grid — numerator=0.000, denominator=0.052 (repeats for this event suppressed)
Event 185: >5% quadrature weight outside P_det grid — numerator=0.000, denominator=0.059 (repeats for this event suppressed)
Event 185: >5% quadrature weight outside P_det grid — numerator=0.000, denominator=0.057 (repeats for this event suppressed)
Event 185: >5% quadrature weight outside P_det grid — numerator=0.000, denominator=0.057 (repeats for this event suppressed)
Event 185: >5% quadrature weight outside P_det grid — numerator=0.000, denominator=0.056 (repeats for this event suppressed)
Event 186: >5% quadrature weight outside P_det grid — numerator=0.000, denominator=0.055 (repeats for this event suppressed)
Event 186: >5% quadrature weight outside P_det grid — numerator=0.000, denominator=0.055 (repeats for this event suppressed)
Event 186: >5% quadrature weight outside P_det grid — numerator=0.000, denominator=0.055 (repeats for this event suppressed)
Event 186: >5% quadrature weight outside P_det grid — numerator=0.000, denominator=0.058 (repeats for this event suppressed)
Event 186: >5% quadrature weight outside P_det grid — numerator=0.000, denominator=0.060 (repeats for this event suppressed)
Event 186: >5% quadrature weight outside P_det grid — numerator=0.000, denominator=0.051 (repeats for this event suppressed)
Event 186: >5% quadrature weight outside P_det grid — numerator=0.000, denominator=0.056 (repeats for this event suppressed)
Event 186: >5% quadrature weight outside P_det grid — numerator=0.000, denominator=0.060 (repeats for this event suppressed)
Event 186: >5% quadrature weight outside P_det grid — numerator=0.000, denominator=0.067 (repeats for this event suppressed)
Event 186: >5% quadrature weight outside P_det grid — numerator=0.000, denominator=0.055 (repeats for this event suppressed)
Event 186: >5% quadrature weight outside P_det grid — numerator=0.000, denominator=0.057 (repeats for this event suppressed)
Event 186: >5% quadrature weight outside P_det grid — numerator=0.000, denominator=0.064 (repeats for this event suppressed)
Event 186: >5% quadrature weight outside P_det grid — numerator=0.000, denominator=0.066 (repeats for this event suppressed)
Event 186: >5% quadrature weight outside P_det grid — numerator=0.000, denominator=0.067 (repeats for this event suppressed)
Event 187: >5% quadrature weight outside P_det grid — numerator=0.000, denominator=0.054 (repeats for this event suppressed)
Event 187: >5% quadrature weight outside P_det grid — numerator=0.000, denominator=0.053 (repeats for this event suppressed)
Event 187: >5% quadrature weight outside P_det grid — numerator=0.000, denominator=0.058 (repeats for this event suppressed)
Event 187: >5% quadrature weight outside P_det grid — numerator=0.000, denominator=0.050 (repeats for this event suppressed)
Event 187: >5% quadrature weight outside P_det grid — numerator=0.000, denominator=0.055 (repeats for this event suppressed)
Event 187: >5% quadrature weight outside P_det grid — numerator=0.000, denominator=0.051 (repeats for this event suppressed)
Event 187: >5% quadrature weight outside P_det grid — numerator=0.000, denominator=0.051 (repeats for this event suppressed)
Event 187: >5% quadrature weight outside P_det grid — numerator=0.000, denominator=0.056 (repeats for this event suppressed)
Event 187: >5% quadrature weight outside P_det grid — numerator=0.000, denominator=0.052 (repeats for this event suppressed)
Event 187: >5% quadrature weight outside P_det grid — numerator=0.000, denominator=0.051 (repeats for this event suppressed)
Event 187: >5% quadrature weight outside P_det grid — numerator=0.000, denominator=0.056 (repeats for this event suppressed)
Event 187: >5% quadrature weight outside P_det grid — numerator=0.000, denominator=0.054 (repeats for this event suppressed)
Event 187: >5% quadrature weight outside P_det grid — numerator=0.000, denominator=0.054 (repeats for this event suppressed)
Event 187: >5% quadrature weight outside P_det grid — numerator=0.000, denominator=0.053 (repeats for this event suppressed)
Event 188: >5% quadrature weight outside P_det grid — numerator=0.000, denominator=0.052 (repeats for this event suppressed)
Event 188: >5% quadrature weight outside P_det grid — numerator=0.000, denominator=0.055 (repeats for this event suppressed)
Event 188: >5% quadrature weight outside P_det grid — numerator=0.000, denominator=0.072 (repeats for this event suppressed)
Event 188: >5% quadrature weight outside P_det grid — numerator=0.000, denominator=0.052 (repeats for this event suppressed)
Event 188: >5% quadrature weight outside P_det grid — numerator=0.000, denominator=0.070 (repeats for this event suppressed)
Event 188: >5% quadrature weight outside P_det grid — numerator=0.000, denominator=0.063 (repeats for this event suppressed)
Event 188: >5% quadrature weight outside P_det grid — numerator=0.000, denominator=0.059 (repeats for this event suppressed)
Event 188: >5% quadrature weight outside P_det grid — numerator=0.000, denominator=0.051 (repeats for this event suppressed)
Event 188: >5% quadrature weight outside P_det grid — numerator=0.000, denominator=0.062 (repeats for this event suppressed)
Event 188: >5% quadrature weight outside P_det grid — numerator=0.000, denominator=0.050 (repeats for this event suppressed)
Event 188: >5% quadrature weight outside P_det grid — numerator=0.000, denominator=0.066 (repeats for this event suppressed)
Event 188: >5% quadrature weight outside P_det grid — numerator=0.000, denominator=0.062 (repeats for this event suppressed)
Event 188: >5% quadrature weight outside P_det grid — numerator=0.000, denominator=0.056 (repeats for this event suppressed)
Event 188: >5% quadrature weight outside P_det grid — numerator=0.000, denominator=0.051 (repeats for this event suppressed)
Event 189: >5% quadrature weight outside P_det grid — numerator=0.000, denominator=0.053 (repeats for this event suppressed)
Event 189: >5% quadrature weight outside P_det grid — numerator=0.000, denominator=0.050 (repeats for this event suppressed)
Event 189: >5% quadrature weight outside P_det grid — numerator=0.000, denominator=0.051 (repeats for this event suppressed)
Event 189: >5% quadrature weight outside P_det grid — numerator=0.000, denominator=0.053 (repeats for this event suppressed)
Event 189: >5% quadrature weight outside P_det grid — numerator=0.000, denominator=0.051 (repeats for this event suppressed)
Event 189: >5% quadrature weight outside P_det grid — numerator=0.000, denominator=0.052 (repeats for this event suppressed)
Event 189: >5% quadrature weight outside P_det grid — numerator=0.000, denominator=0.052 (repeats for this event suppressed)
Event 189: >5% quadrature weight outside P_det grid — numerator=0.000, denominator=0.052 (repeats for this event suppressed)
Event 189: >5% quadrature weight outside P_det grid — numerator=0.000, denominator=0.052 (repeats for this event suppressed)
Event 189: >5% quadrature weight outside P_det grid — numerator=0.000, denominator=0.052 (repeats for this event suppressed)
Event 189: >5% quadrature weight outside P_det grid — numerator=0.000, denominator=0.052 (repeats for this event suppressed)
Event 189: >5% quadrature weight outside P_det grid — numerator=0.000, denominator=0.052 (repeats for this event suppressed)
Event 189: >5% quadrature weight outside P_det grid — numerator=0.000, denominator=0.052 (repeats for this event suppressed)
Event 189: >5% quadrature weight outside P_det grid — numerator=0.000, denominator=0.052 (repeats for this event suppressed)
Event 192: >5% quadrature weight outside P_det grid — numerator=0.000, denominator=0.079 (repeats for this event suppressed)
Event 192: >5% quadrature weight outside P_det grid — numerator=0.000, denominator=0.074 (repeats for this event suppressed)
Event 192: >5% quadrature weight outside P_det grid — numerator=0.000, denominator=0.069 (repeats for this event suppressed)
Event 192: >5% quadrature weight outside P_det grid — numerator=0.000, denominator=0.073 (repeats for this event suppressed)
Event 192: >5% quadrature weight outside P_det grid — numerator=0.000, denominator=0.055 (repeats for this event suppressed)
Event 192: >5% quadrature weight outside P_det grid — numerator=0.000, denominator=0.057 (repeats for this event suppressed)
Event 192: >5% quadrature weight outside P_det grid — numerator=0.000, denominator=0.070 (repeats for this event suppressed)
Event 192: >5% quadrature weight outside P_det grid — numerator=0.000, denominator=0.069 (repeats for this event suppressed)
Event 192: >5% quadrature weight outside P_det grid — numerator=0.000, denominator=0.069 (repeats for this event suppressed)
Event 192: >5% quadrature weight outside P_det grid — numerator=0.000, denominator=0.062 (repeats for this event suppressed)
Event 192: >5% quadrature weight outside P_det grid — numerator=0.000, denominator=0.060 (repeats for this event suppressed)
Event 192: >5% quadrature weight outside P_det grid — numerator=0.000, denominator=0.078 (repeats for this event suppressed)
Detection 192: fused completion mass factor zero at 50/50 quadrature nodes (0 beyond the detection horizon, S_4D=0; 50 off the phi support).
Event 193: >5% quadrature weight outside P_det grid — numerator=0.000, denominator=0.059 (repeats for this event suppressed)
Event 193: >5% quadrature weight outside P_det grid — numerator=0.000, denominator=0.061 (repeats for this event suppressed)
Event 193: >5% quadrature weight outside P_det grid — numerator=0.000, denominator=0.059 (repeats for this event suppressed)
Event 193: >5% quadrature weight outside P_det grid — numerator=0.000, denominator=0.076 (repeats for this event suppressed)
Event 193: >5% quadrature weight outside P_det grid — numerator=0.000, denominator=0.056 (repeats for this event suppressed)
Event 193: >5% quadrature weight outside P_det grid — numerator=0.000, denominator=0.054 (repeats for this event suppressed)
Event 193: >5% quadrature weight outside P_det grid — numerator=0.000, denominator=0.066 (repeats for this event suppressed)
Event 193: >5% quadrature weight outside P_det grid — numerator=0.000, denominator=0.054 (repeats for this event suppressed)
Event 193: >5% quadrature weight outside P_det grid — numerator=0.000, denominator=0.067 (repeats for this event suppressed)
Event 193: >5% quadrature weight outside P_det grid — numerator=0.000, denominator=0.074 (repeats for this event suppressed)
Event 193: >5% quadrature weight outside P_det grid — numerator=0.000, denominator=0.069 (repeats for this event suppressed)
Event 193: >5% quadrature weight outside P_det grid — numerator=0.000, denominator=0.068 (repeats for this event suppressed)
Event 196: >5% quadrature weight outside P_det grid — numerator=0.000, denominator=0.082 (repeats for this event suppressed)
Event 196: >5% quadrature weight outside P_det grid — numerator=0.000, denominator=0.082 (repeats for this event suppressed)
Event 196: >5% quadrature weight outside P_det grid — numerator=0.000, denominator=0.060 (repeats for this event suppressed)
Event 196: >5% quadrature weight outside P_det grid — numerator=0.000, denominator=0.050 (repeats for this event suppressed)
Event 196: >5% quadrature weight outside P_det grid — numerator=0.000, denominator=0.061 (repeats for this event suppressed)
Event 196: >5% quadrature weight outside P_det grid — numerator=0.000, denominator=0.070 (repeats for this event suppressed)
Event 196: >5% quadrature weight outside P_det grid — numerator=0.000, denominator=0.074 (repeats for this event suppressed)
Event 196: >5% quadrature weight outside P_det grid — numerator=0.000, denominator=0.073 (repeats for this event suppressed)
Event 196: >5% quadrature weight outside P_det grid — numerator=0.000, denominator=0.061 (repeats for this event suppressed)
Event 196: >5% quadrature weight outside P_det grid — numerator=0.000, denominator=0.051 (repeats for this event suppressed)
Event 196: >5% quadrature weight outside P_det grid — numerator=0.000, denominator=0.091 (repeats for this event suppressed)
Event 196: >5% quadrature weight outside P_det grid — numerator=0.000, denominator=0.055 (repeats for this event suppressed)
Event 196: >5% quadrature weight outside P_det grid — numerator=0.000, denominator=0.073 (repeats for this event suppressed)
Event 196: >5% quadrature weight outside P_det grid — numerator=0.000, denominator=0.090 (repeats for this event suppressed)
Event 198: >5% quadrature weight outside P_det grid — numerator=0.000, denominator=0.051 (repeats for this event suppressed)
Event 198: >5% quadrature weight outside P_det grid — numerator=0.000, denominator=0.088 (repeats for this event suppressed)
Event 198: >5% quadrature weight outside P_det grid — numerator=0.000, denominator=0.087 (repeats for this event suppressed)
Event 198: >5% quadrature weight outside P_det grid — numerator=0.000, denominator=0.058 (repeats for this event suppressed)
Event 198: >5% quadrature weight outside P_det grid — numerator=0.000, denominator=0.056 (repeats for this event suppressed)
Event 198: >5% quadrature weight outside P_det grid — numerator=0.000, denominator=0.061 (repeats for this event suppressed)
Event 198: >5% quadrature weight outside P_det grid — numerator=0.000, denominator=0.052 (repeats for this event suppressed)
Event 198: >5% quadrature weight outside P_det grid — numerator=0.000, denominator=0.057 (repeats for this event suppressed)
Event 198: >5% quadrature weight outside P_det grid — numerator=0.000, denominator=0.058 (repeats for this event suppressed)
Event 198: >5% quadrature weight outside P_det grid — numerator=0.000, denominator=0.054 (repeats for this event suppressed)
Event 198: >5% quadrature weight outside P_det grid — numerator=0.000, denominator=0.060 (repeats for this event suppressed)
Event 198: >5% quadrature weight outside P_det grid — numerator=0.000, denominator=0.067 (repeats for this event suppressed)
Event 198: >5% quadrature weight outside P_det grid — numerator=0.000, denominator=0.054 (repeats for this event suppressed)
Event 198: >5% quadrature weight outside P_det grid — numerator=0.000, denominator=0.052 (repeats for this event suppressed)
/pfs/data6/home/st/st_us-403333/st_ac147838/darksiren-emri/darksiren_emri/plotting/fisher_plots.py:833: UserWarning: The figure layout has changed to tight
  fig.tight_layout()
Injection pool spans 2 code revisions (a9f29e82, f6449051) — legitimate for straggler resubmits after a non-physics fix, but verify none of them changed SNR semantics.
Event -1: 171 host(s) have f_k == 0 across the whole host-z window (empty/ZoA pixel) — host-z kernel falls back to the w_pop-only form for those hosts (further occurrences in this worker are suppressed).
COUNTERFACTUAL: catalogue_numerator_survival_2d='mz_sel' (center='eff') — S_4D inside the with-BH catalogue numerator's own mass quadrature ([P3-2D] twin cell). Not a production posterior.
Injection pool spans 2 code revisions (a9f29e82, f6449051) — legitimate for straggler resubmits after a non-physics fix, but verify none of them changed SNR semantics.
Event 0: >5% quadrature weight outside P_det grid — numerator=0.000, denominator=0.055 (repeats for this event suppressed)
Event 0: >5% quadrature weight outside P_det grid — numerator=0.000, denominator=0.054 (repeats for this event suppressed)
Event 0: >5% quadrature weight outside P_det grid — numerator=0.000, denominator=0.054 (repeats for this event suppressed)
Event 0: >5% quadrature weight outside P_det grid — numerator=0.000, denominator=0.052 (repeats for this event suppressed)
Event 0: >5% quadrature weight outside P_det grid — numerator=0.000, denominator=0.066 (repeats for this event suppressed)
Event 0: >5% quadrature weight outside P_det grid — numerator=0.000, denominator=0.066 (repeats for this event suppressed)
Event 0: >5% quadrature weight outside P_det grid — numerator=0.000, denominator=0.069 (repeats for this event suppressed)
Event 0: >5% quadrature weight outside P_det grid — numerator=0.000, denominator=0.055 (repeats for this event suppressed)
Event 0: >5% quadrature weight outside P_det grid — numerator=0.000, denominator=0.056 (repeats for this event suppressed)
Event 0: >5% quadrature weight outside P_det grid — numerator=0.000, denominator=0.065 (repeats for this event suppressed)
Event 0: >5% quadrature weight outside P_det grid — numerator=0.000, denominator=0.061 (repeats for this event suppressed)
Event 0: >5% quadrature weight outside P_det grid — numerator=0.000, denominator=0.054 (repeats for this event suppressed)
Event 0: >5% quadrature weight outside P_det grid — numerator=0.000, denominator=0.051 (repeats for this event suppressed)
Event 0: >5% quadrature weight outside P_det grid — numerator=0.000, denominator=0.053 (repeats for this event suppressed)
Event 2: >5% quadrature weight outside P_det grid — numerator=0.000, denominator=0.061 (repeats for this event suppressed)
Event 2: >5% quadrature weight outside P_det grid — numerator=0.000, denominator=0.065 (repeats for this event suppressed)
Event 2: >5% quadrature weight outside P_det grid — numerator=0.000, denominator=0.055 (repeats for this event suppressed)
Event 2: >5% quadrature weight outside P_det grid — numerator=0.000, denominator=0.053 (repeats for this event suppressed)
Event 2: >5% quadrature weight outside P_det grid — numerator=0.000, denominator=0.054 (repeats for this event suppressed)
Event 2: >5% quadrature weight outside P_det grid — numerator=0.000, denominator=0.052 (repeats for this event suppressed)
Event 2: >5% quadrature weight outside P_det grid — numerator=0.000, denominator=0.052 (repeats for this event suppressed)
Event 2: >5% quadrature weight outside P_det grid — numerator=0.000, denominator=0.052 (repeats for this event suppressed)
Event 2: >5% quadrature weight outside P_det grid — numerator=0.000, denominator=0.056 (repeats for this event suppressed)
Event 2: >5% quadrature weight outside P_det grid — numerator=0.000, denominator=0.058 (repeats for this event suppressed)
Event 2: >5% quadrature weight outside P_det grid — numerator=0.000, denominator=0.053 (repeats for this event suppressed)
Event 2: >5% quadrature weight outside P_det grid — numerator=0.000, denominator=0.069 (repeats for this event suppressed)
Event 2: >5% quadrature weight outside P_det grid — numerator=0.000, denominator=0.051 (repeats for this event suppressed)
Event 2: >5% quadrature weight outside P_det grid — numerator=0.000, denominator=0.056 (repeats for this event suppressed)
Event 4: >5% quadrature weight outside P_det grid — numerator=0.000, denominator=0.091 (repeats for this event suppressed)
Event 5: >5% quadrature weight outside P_det grid — numerator=0.000, denominator=0.056 (repeats for this event suppressed)
Event 5: >5% quadrature weight outside P_det grid — numerator=0.000, denominator=0.053 (repeats for this event suppressed)
Event 5: >5% quadrature weight outside P_det grid — numerator=0.000, denominator=0.077 (repeats for this event suppressed)
Event 10: >5% quadrature weight outside P_det grid — numerator=0.000, denominator=0.051 (repeats for this event suppressed)
Event 10: >5% quadrature weight outside P_det grid — numerator=0.000, denominator=0.083 (repeats for this event suppressed)
Event 10: >5% quadrature weight outside P_det grid — numerator=0.000, denominator=0.065 (repeats for this event suppressed)
Event 10: >5% quadrature weight outside P_det grid — numerator=0.000, denominator=0.063 (repeats for this event suppressed)
Event 10: >5% quadrature weight outside P_det grid — numerator=0.000, denominator=0.052 (repeats for this event suppressed)
Event 10: >5% quadrature weight outside P_det grid — numerator=0.000, denominator=0.062 (repeats for this event suppressed)
Event 10: >5% quadrature weight outside P_det grid — numerator=0.000, denominator=0.081 (repeats for this event suppressed)
Event 10: >5% quadrature weight outside P_det grid — numerator=0.000, denominator=0.057 (repeats for this event suppressed)
Event 10: >5% quadrature weight outside P_det grid — numerator=0.000, denominator=0.054 (repeats for this event suppressed)
Event 10: >5% quadrature weight outside P_det grid — numerator=0.000, denominator=0.066 (repeats for this event suppressed)
Event 10: >5% quadrature weight outside P_det grid — numerator=0.000, denominator=0.065 (repeats for this event suppressed)
Event 10: >5% quadrature weight outside P_det grid — numerator=0.000, denominator=0.055 (repeats for this event suppressed)
Event 10: >5% quadrature weight outside P_det grid — numerator=0.000, denominator=0.061 (repeats for this event suppressed)
Event 10: >5% quadrature weight outside P_det grid — numerator=0.000, denominator=0.052 (repeats for this event suppressed)
Event 11: >5% quadrature weight outside P_det grid — numerator=0.000, denominator=0.055 (repeats for this event suppressed)
Event 11: >5% quadrature weight outside P_det grid — numerator=0.000, denominator=0.050 (repeats for this event suppressed)
Event 11: >5% quadrature weight outside P_det grid — numerator=0.000, denominator=0.056 (repeats for this event suppressed)
Event 11: >5% quadrature weight outside P_det grid — numerator=0.000, denominator=0.055 (repeats for this event suppressed)
Event 11: >5% quadrature weight outside P_det grid — numerator=0.000, denominator=0.053 (repeats for this event suppressed)
Event 11: >5% quadrature weight outside P_det grid — numerator=0.000, denominator=0.057 (repeats for this event suppressed)
Event 11: >5% quadrature weight outside P_det grid — numerator=0.000, denominator=0.050 (repeats for this event suppressed)
Event 11: >5% quadrature weight outside P_det grid — numerator=0.000, denominator=0.053 (repeats for this event suppressed)
Event 11: >5% quadrature weight outside P_det grid — numerator=0.000, denominator=0.052 (repeats for this event suppressed)
Event 11: >5% quadrature weight outside P_det grid — numerator=0.000, denominator=0.058 (repeats for this event suppressed)
Event 12: >5% quadrature weight outside P_det grid — numerator=0.000, denominator=0.098 (repeats for this event suppressed)
Event 12: >5% quadrature weight outside P_det grid — numerator=0.000, denominator=0.070 (repeats for this event suppressed)
Event 12: >5% quadrature weight outside P_det grid — numerator=0.000, denominator=0.061 (repeats for this event suppressed)
Event 12: >5% quadrature weight outside P_det grid — numerator=0.000, denominator=0.092 (repeats for this event suppressed)
Event 12: >5% quadrature weight outside P_det grid — numerator=0.000, denominator=0.069 (repeats for this event suppressed)
Event 12: >5% quadrature weight outside P_det grid — numerator=0.000, denominator=0.079 (repeats for this event suppressed)
Event 12: >5% quadrature weight outside P_det grid — numerator=0.000, denominator=0.058 (repeats for this event suppressed)
Event 12: >5% quadrature weight outside P_det grid — numerator=0.000, denominator=0.074 (repeats for this event suppressed)
Event 12: >5% quadrature weight outside P_det grid — numerator=0.000, denominator=0.073 (repeats for this event suppressed)
Event 12: >5% quadrature weight outside P_det grid — numerator=0.000, denominator=0.068 (repeats for this event suppressed)
Event 12: >5% quadrature weight outside P_det grid — numerator=0.000, denominator=0.079 (repeats for this event suppressed)
Event 12: >5% quadrature weight outside P_det grid — numerator=0.000, denominator=0.077 (repeats for this event suppressed)
Event 12: >5% quadrature weight outside P_det grid — numerator=0.000, denominator=0.068 (repeats for this event suppressed)
Event 12: >5% quadrature weight outside P_det grid — numerator=0.000, denominator=0.062 (repeats for this event suppressed)
Event 13: >5% quadrature weight outside P_det grid — numerator=0.000, denominator=0.063 (repeats for this event suppressed)
Event 13: >5% quadrature weight outside P_det grid — numerator=0.000, denominator=0.052 (repeats for this event suppressed)
Event 13: >5% quadrature weight outside P_det grid — numerator=0.000, denominator=0.055 (repeats for this event suppressed)
Event 13: >5% quadrature weight outside P_det grid — numerator=0.000, denominator=0.054 (repeats for this event suppressed)
Event 13: >5% quadrature weight outside P_det grid — numerator=0.000, denominator=0.050 (repeats for this event suppressed)
Event 13: >5% quadrature weight outside P_det grid — numerator=0.000, denominator=0.050 (repeats for this event suppressed)
Event 13: >5% quadrature weight outside P_det grid — numerator=0.000, denominator=0.058 (repeats for this event suppressed)
Event 13: >5% quadrature weight outside P_det grid — numerator=0.000, denominator=0.058 (repeats for this event suppressed)
Event 13: >5% quadrature weight outside P_det grid — numerator=0.000, denominator=0.056 (repeats for this event suppressed)
Event 13: >5% quadrature weight outside P_det grid — numerator=0.000, denominator=0.058 (repeats for this event suppressed)
Event 13: >5% quadrature weight outside P_det grid — numerator=0.000, denominator=0.055 (repeats for this event suppressed)
Event 13: >5% quadrature weight outside P_det grid — numerator=0.000, denominator=0.050 (repeats for this event suppressed)
Event 13: >5% quadrature weight outside P_det grid — numerator=0.000, denominator=0.058 (repeats for this event suppressed)
Event 13: >5% quadrature weight outside P_det grid — numerator=0.000, denominator=0.052 (repeats for this event suppressed)
Event 18: >5% quadrature weight outside P_det grid — numerator=0.000, denominator=0.074 (repeats for this event suppressed)
Event 20: >5% quadrature weight outside P_det grid — numerator=0.000, denominator=0.092 (repeats for this event suppressed)
Event 21: >5% quadrature weight outside P_det grid — numerator=0.000, denominator=0.053 (repeats for this event suppressed)
Event 21: >5% quadrature weight outside P_det grid — numerator=0.000, denominator=0.078 (repeats for this event suppressed)
Event 21: >5% quadrature weight outside P_det grid — numerator=0.000, denominator=0.063 (repeats for this event suppressed)
Event 21: >5% quadrature weight outside P_det grid — numerator=0.000, denominator=0.055 (repeats for this event suppressed)
Event 21: >5% quadrature weight outside P_det grid — numerator=0.000, denominator=0.060 (repeats for this event suppressed)
Event 21: >5% quadrature weight outside P_det grid — numerator=0.000, denominator=0.057 (repeats for this event suppressed)
Event 21: >5% quadrature weight outside P_det grid — numerator=0.000, denominator=0.060 (repeats for this event suppressed)
Event 21: >5% quadrature weight outside P_det grid — numerator=0.000, denominator=0.060 (repeats for this event suppressed)
Event 21: >5% quadrature weight outside P_det grid — numerator=0.000, denominator=0.050 (repeats for this event suppressed)
Event 21: >5% quadrature weight outside P_det grid — numerator=0.000, denominator=0.053 (repeats for this event suppressed)
Event 21: >5% quadrature weight outside P_det grid — numerator=0.000, denominator=0.051 (repeats for this event suppressed)
Event 21: >5% quadrature weight outside P_det grid — numerator=0.000, denominator=0.058 (repeats for this event suppressed)
Event 21: >5% quadrature weight outside P_det grid — numerator=0.000, denominator=0.078 (repeats for this event suppressed)
Event 21: >5% quadrature weight outside P_det grid — numerator=0.000, denominator=0.059 (repeats for this event suppressed)
Event 26: >5% quadrature weight outside P_det grid — numerator=0.000, denominator=0.051 (repeats for this event suppressed)
Event 26: >5% quadrature weight outside P_det grid — numerator=0.000, denominator=0.052 (repeats for this event suppressed)
Event 26: >5% quadrature weight outside P_det grid — numerator=0.000, denominator=0.051 (repeats for this event suppressed)
Event 26: >5% quadrature weight outside P_det grid — numerator=0.000, denominator=0.058 (repeats for this event suppressed)
Event 26: >5% quadrature weight outside P_det grid — numerator=0.000, denominator=0.051 (repeats for this event suppressed)
Event 26: >5% quadrature weight outside P_det grid — numerator=0.000, denominator=0.053 (repeats for this event suppressed)
Event 26: >5% quadrature weight outside P_det grid — numerator=0.000, denominator=0.063 (repeats for this event suppressed)
Event 26: >5% quadrature weight outside P_det grid — numerator=0.000, denominator=0.053 (repeats for this event suppressed)
Event 26: >5% quadrature weight outside P_det grid — numerator=0.000, denominator=0.053 (repeats for this event suppressed)
Event 26: >5% quadrature weight outside P_det grid — numerator=0.000, denominator=0.056 (repeats for this event suppressed)
Event 26: >5% quadrature weight outside P_det grid — numerator=0.000, denominator=0.062 (repeats for this event suppressed)
Event 26: >5% quadrature weight outside P_det grid — numerator=0.000, denominator=0.054 (repeats for this event suppressed)
Event 26: >5% quadrature weight outside P_det grid — numerator=0.000, denominator=0.057 (repeats for this event suppressed)
Event 26: >5% quadrature weight outside P_det grid — numerator=0.000, denominator=0.053 (repeats for this event suppressed)
Event 29: >5% quadrature weight outside P_det grid — numerator=0.000, denominator=0.067 (repeats for this event suppressed)
Event 30: >5% quadrature weight outside P_det grid — numerator=0.000, denominator=0.067 (repeats for this event suppressed)
Event 30: >5% quadrature weight outside P_det grid — numerator=0.000, denominator=0.079 (repeats for this event suppressed)
Event 30: >5% quadrature weight outside P_det grid — numerator=0.000, denominator=0.052 (repeats for this event suppressed)
Event 30: >5% quadrature weight outside P_det grid — numerator=0.000, denominator=0.071 (repeats for this event suppressed)
Event 30: >5% quadrature weight outside P_det grid — numerator=0.000, denominator=0.079 (repeats for this event suppressed)
Event 30: >5% quadrature weight outside P_det grid — numerator=0.000, denominator=0.073 (repeats for this event suppressed)
Event 30: >5% quadrature weight outside P_det grid — numerator=0.000, denominator=0.069 (repeats for this event suppressed)
Event 30: >5% quadrature weight outside P_det grid — numerator=0.000, denominator=0.061 (repeats for this event suppressed)
Event 30: >5% quadrature weight outside P_det grid — numerator=0.000, denominator=0.063 (repeats for this event suppressed)
Event 30: >5% quadrature weight outside P_det grid — numerator=0.000, denominator=0.065 (repeats for this event suppressed)
Event 30: >5% quadrature weight outside P_det grid — numerator=0.000, denominator=0.067 (repeats for this event suppressed)
Event 30: >5% quadrature weight outside P_det grid — numerator=0.000, denominator=0.065 (repeats for this event suppressed)
Event 30: >5% quadrature weight outside P_det grid — numerator=0.000, denominator=0.073 (repeats for this event suppressed)
Event 30: >5% quadrature weight outside P_det grid — numerator=0.000, denominator=0.063 (repeats for this event suppressed)
Detection 30: fused completion mass factor zero at 50/50 quadrature nodes (0 beyond the detection horizon, S_4D=0; 50 off the phi support).
Event 31: >5% quadrature weight outside P_det grid — numerator=0.000, denominator=0.082 (repeats for this event suppressed)
Event 31: >5% quadrature weight outside P_det grid — numerator=0.000, denominator=0.055 (repeats for this event suppressed)
Event 31: >5% quadrature weight outside P_det grid — numerator=0.000, denominator=0.054 (repeats for this event suppressed)
Event 31: >5% quadrature weight outside P_det grid — numerator=0.000, denominator=0.064 (repeats for this event suppressed)
Event 31: >5% quadrature weight outside P_det grid — numerator=0.000, denominator=0.052 (repeats for this event suppressed)
Event 31: >5% quadrature weight outside P_det grid — numerator=0.000, denominator=0.065 (repeats for this event suppressed)
Event 31: >5% quadrature weight outside P_det grid — numerator=0.000, denominator=0.051 (repeats for this event suppressed)
Event 31: >5% quadrature weight outside P_det grid — numerator=0.000, denominator=0.062 (repeats for this event suppressed)
Event 31: >5% quadrature weight outside P_det grid — numerator=0.000, denominator=0.068 (repeats for this event suppressed)
Event 31: >5% quadrature weight outside P_det grid — numerator=0.000, denominator=0.063 (repeats for this event suppressed)
Event 31: >5% quadrature weight outside P_det grid — numerator=0.000, denominator=0.058 (repeats for this event suppressed)
Event 31: >5% quadrature weight outside P_det grid — numerator=0.000, denominator=0.071 (repeats for this event suppressed)
Event 31: >5% quadrature weight outside P_det grid — numerator=0.000, denominator=0.064 (repeats for this event suppressed)
Event 31: >5% quadrature weight outside P_det grid — numerator=0.000, denominator=0.071 (repeats for this event suppressed)
Event 34: >5% quadrature weight outside P_det grid — numerator=0.000, denominator=0.070 (repeats for this event suppressed)
Event 34: >5% quadrature weight outside P_det grid — numerator=0.000, denominator=0.074 (repeats for this event suppressed)
Event 34: >5% quadrature weight outside P_det grid — numerator=0.000, denominator=0.124 (repeats for this event suppressed)
Event 34: >5% quadrature weight outside P_det grid — numerator=0.000, denominator=0.077 (repeats for this event suppressed)
Event 34: >5% quadrature weight outside P_det grid — numerator=0.000, denominator=0.074 (repeats for this event suppressed)
Event 34: >5% quadrature weight outside P_det grid — numerator=0.000, denominator=0.073 (repeats for this event suppressed)
Event 34: >5% quadrature weight outside P_det grid — numerator=0.000, denominator=0.063 (repeats for this event suppressed)
Event 34: >5% quadrature weight outside P_det grid — numerator=0.000, denominator=0.067 (repeats for this event suppressed)
Event 34: >5% quadrature weight outside P_det grid — numerator=0.000, denominator=0.078 (repeats for this event suppressed)
Event 34: >5% quadrature weight outside P_det grid — numerator=0.000, denominator=0.078 (repeats for this event suppressed)
Event 34: >5% quadrature weight outside P_det grid — numerator=0.000, denominator=0.084 (repeats for this event suppressed)
Event 34: >5% quadrature weight outside P_det grid — numerator=0.000, denominator=0.102 (repeats for this event suppressed)
Event 34: >5% quadrature weight outside P_det grid — numerator=0.000, denominator=0.075 (repeats for this event suppressed)
Event 35: >5% quadrature weight outside P_det grid — numerator=0.000, denominator=0.051 (repeats for this event suppressed)
Event 35: >5% quadrature weight outside P_det grid — numerator=0.000, denominator=0.063 (repeats for this event suppressed)
Event 35: >5% quadrature weight outside P_det grid — numerator=0.000, denominator=0.056 (repeats for this event suppressed)
Event 35: >5% quadrature weight outside P_det grid — numerator=0.000, denominator=0.062 (repeats for this event suppressed)
Event 35: >5% quadrature weight outside P_det grid — numerator=0.000, denominator=0.063 (repeats for this event suppressed)
Event 35: >5% quadrature weight outside P_det grid — numerator=0.000, denominator=0.053 (repeats for this event suppressed)
Event 35: >5% quadrature weight outside P_det grid — numerator=0.000, denominator=0.063 (repeats for this event suppressed)
Event 35: >5% quadrature weight outside P_det grid — numerator=0.000, denominator=0.079 (repeats for this event suppressed)
Event 35: >5% quadrature weight outside P_det grid — numerator=0.000, denominator=0.059 (repeats for this event suppressed)
Event 35: >5% quadrature weight outside P_det grid — numerator=0.000, denominator=0.052 (repeats for this event suppressed)
Event 35: >5% quadrature weight outside P_det grid — numerator=0.000, denominator=0.058 (repeats for this event suppressed)
Event 35: >5% quadrature weight outside P_det grid — numerator=0.000, denominator=0.061 (repeats for this event suppressed)
Event 35: >5% quadrature weight outside P_det grid — numerator=0.000, denominator=0.054 (repeats for this event suppressed)
Event 35: >5% quadrature weight outside P_det grid — numerator=0.000, denominator=0.067 (repeats for this event suppressed)
Event 37: >5% quadrature weight outside P_det grid — numerator=0.000, denominator=0.060 (repeats for this event suppressed)
Event 37: >5% quadrature weight outside P_det grid — numerator=0.000, denominator=0.050 (repeats for this event suppressed)
Event 37: >5% quadrature weight outside P_det grid — numerator=0.000, denominator=0.054 (repeats for this event suppressed)
Event 37: >5% quadrature weight outside P_det grid — numerator=0.000, denominator=0.054 (repeats for this event suppressed)
Event 37: >5% quadrature weight outside P_det grid — numerator=0.000, denominator=0.062 (repeats for this event suppressed)
Event 37: >5% quadrature weight outside P_det grid — numerator=0.000, denominator=0.061 (repeats for this event suppressed)
Event 37: >5% quadrature weight outside P_det grid — numerator=0.000, denominator=0.060 (repeats for this event suppressed)
Event 37: >5% quadrature weight outside P_det grid — numerator=0.000, denominator=0.062 (repeats for this event suppressed)
Event 37: >5% quadrature weight outside P_det grid — numerator=0.000, denominator=0.051 (repeats for this event suppressed)
Event 37: >5% quadrature weight outside P_det grid — numerator=0.000, denominator=0.062 (repeats for this event suppressed)
Event 37: >5% quadrature weight outside P_det grid — numerator=0.000, denominator=0.057 (repeats for this event suppressed)
Event 37: >5% quadrature weight outside P_det grid — numerator=0.000, denominator=0.057 (repeats for this event suppressed)
Event 37: >5% quadrature weight outside P_det grid — numerator=0.000, denominator=0.062 (repeats for this event suppressed)
Event 37: >5% quadrature weight outside P_det grid — numerator=0.000, denominator=0.061 (repeats for this event suppressed)
Event 40: >5% quadrature weight outside P_det grid — numerator=0.000, denominator=0.073 (repeats for this event suppressed)
Event 40: >5% quadrature weight outside P_det grid — numerator=0.000, denominator=0.052 (repeats for this event suppressed)
Event 40: >5% quadrature weight outside P_det grid — numerator=0.000, denominator=0.068 (repeats for this event suppressed)
Event 40: >5% quadrature weight outside P_det grid — numerator=0.000, denominator=0.055 (repeats for this event suppressed)
Event 40: >5% quadrature weight outside P_det grid — numerator=0.000, denominator=0.078 (repeats for this event suppressed)
Event 40: >5% quadrature weight outside P_det grid — numerator=0.000, denominator=0.056 (repeats for this event suppressed)
Event 40: >5% quadrature weight outside P_det grid — numerator=0.000, denominator=0.062 (repeats for this event suppressed)
Event 40: >5% quadrature weight outside P_det grid — numerator=0.000, denominator=0.066 (repeats for this event suppressed)
Event 40: >5% quadrature weight outside P_det grid — numerator=0.000, denominator=0.057 (repeats for this event suppressed)
Event 40: >5% quadrature weight outside P_det grid — numerator=0.000, denominator=0.057 (repeats for this event suppressed)
Event 40: >5% quadrature weight outside P_det grid — numerator=0.000, denominator=0.057 (repeats for this event suppressed)
Detection 40: fused completion mass factor zero at 50/50 quadrature nodes (0 beyond the detection horizon, S_4D=0; 50 off the phi support).
Event 42: >5% quadrature weight outside P_det grid — numerator=0.000, denominator=0.054 (repeats for this event suppressed)
Event 42: >5% quadrature weight outside P_det grid — numerator=0.000, denominator=0.053 (repeats for this event suppressed)
Event 42: >5% quadrature weight outside P_det grid — numerator=0.000, denominator=0.052 (repeats for this event suppressed)
Event 42: >5% quadrature weight outside P_det grid — numerator=0.000, denominator=0.054 (repeats for this event suppressed)
Event 42: >5% quadrature weight outside P_det grid — numerator=0.000, denominator=0.058 (repeats for this event suppressed)
Event 42: >5% quadrature weight outside P_det grid — numerator=0.000, denominator=0.058 (repeats for this event suppressed)
Event 42: >5% quadrature weight outside P_det grid — numerator=0.000, denominator=0.050 (repeats for this event suppressed)
Event 42: >5% quadrature weight outside P_det grid — numerator=0.000, denominator=0.061 (repeats for this event suppressed)
Event 42: >5% quadrature weight outside P_det grid — numerator=0.000, denominator=0.055 (repeats for this event suppressed)
Event 42: >5% quadrature weight outside P_det grid — numerator=0.000, denominator=0.056 (repeats for this event suppressed)
Event 42: >5% quadrature weight outside P_det grid — numerator=0.000, denominator=0.062 (repeats for this event suppressed)
Event 42: >5% quadrature weight outside P_det grid — numerator=0.000, denominator=0.060 (repeats for this event suppressed)
Event 42: >5% quadrature weight outside P_det grid — numerator=0.000, denominator=0.054 (repeats for this event suppressed)
Event 42: >5% quadrature weight outside P_det grid — numerator=0.000, denominator=0.054 (repeats for this event suppressed)
Detection 42: fused completion mass factor zero at 50/50 quadrature nodes (0 beyond the detection horizon, S_4D=0; 50 off the phi support).
Event 43: >5% quadrature weight outside P_det grid — numerator=0.000, denominator=0.052 (repeats for this event suppressed)
Event 43: >5% quadrature weight outside P_det grid — numerator=0.000, denominator=0.052 (repeats for this event suppressed)
Event 43: >5% quadrature weight outside P_det grid — numerator=0.000, denominator=0.056 (repeats for this event suppressed)
Event 43: >5% quadrature weight outside P_det grid — numerator=0.000, denominator=0.050 (repeats for this event suppressed)
Event 43: >5% quadrature weight outside P_det grid — numerator=0.000, denominator=0.054 (repeats for this event suppressed)
Event 43: >5% quadrature weight outside P_det grid — numerator=0.000, denominator=0.056 (repeats for this event suppressed)
Event 43: >5% quadrature weight outside P_det grid — numerator=0.000, denominator=0.064 (repeats for this event suppressed)
Event 43: >5% quadrature weight outside P_det grid — numerator=0.000, denominator=0.055 (repeats for this event suppressed)
Event 43: >5% quadrature weight outside P_det grid — numerator=0.000, denominator=0.061 (repeats for this event suppressed)
Event 43: >5% quadrature weight outside P_det grid — numerator=0.000, denominator=0.056 (repeats for this event suppressed)
Event 43: >5% quadrature weight outside P_det grid — numerator=0.000, denominator=0.052 (repeats for this event suppressed)
Event 43: >5% quadrature weight outside P_det grid — numerator=0.000, denominator=0.077 (repeats for this event suppressed)
Event 43: >5% quadrature weight outside P_det grid — numerator=0.000, denominator=0.054 (repeats for this event suppressed)
Event 43: >5% quadrature weight outside P_det grid — numerator=0.000, denominator=0.057 (repeats for this event suppressed)
Event 44: >5% quadrature weight outside P_det grid — numerator=0.000, denominator=0.057 (repeats for this event suppressed)
Event 44: >5% quadrature weight outside P_det grid — numerator=0.000, denominator=0.058 (repeats for this event suppressed)
Event 46: >5% quadrature weight outside P_det grid — numerator=0.000, denominator=0.051 (repeats for this event suppressed)
Event 46: >5% quadrature weight outside P_det grid — numerator=0.000, denominator=0.059 (repeats for this event suppressed)
Event 46: >5% quadrature weight outside P_det grid — numerator=0.000, denominator=0.074 (repeats for this event suppressed)
Event 46: >5% quadrature weight outside P_det grid — numerator=0.000, denominator=0.060 (repeats for this event suppressed)
Event 46: >5% quadrature weight outside P_det grid — numerator=0.000, denominator=0.059 (repeats for this event suppressed)
Event 46: >5% quadrature weight outside P_det grid — numerator=0.000, denominator=0.063 (repeats for this event suppressed)
Event 46: >5% quadrature weight outside P_det grid — numerator=0.000, denominator=0.060 (repeats for this event suppressed)
Event 46: >5% quadrature weight outside P_det grid — numerator=0.000, denominator=0.050 (repeats for this event suppressed)
Event 46: >5% quadrature weight outside P_det grid — numerator=0.000, denominator=0.061 (repeats for this event suppressed)
Event 46: >5% quadrature weight outside P_det grid — numerator=0.000, denominator=0.072 (repeats for this event suppressed)
Event 46: >5% quadrature weight outside P_det grid — numerator=0.000, denominator=0.086 (repeats for this event suppressed)
Event 46: >5% quadrature weight outside P_det grid — numerator=0.000, denominator=0.060 (repeats for this event suppressed)
Event 46: >5% quadrature weight outside P_det grid — numerator=0.000, denominator=0.052 (repeats for this event suppressed)
Event 46: >5% quadrature weight outside P_det grid — numerator=0.000, denominator=0.060 (repeats for this event suppressed)
Event 47: >5% quadrature weight outside P_det grid — numerator=0.000, denominator=0.088 (repeats for this event suppressed)
Event 47: >5% quadrature weight outside P_det grid — numerator=0.000, denominator=0.075 (repeats for this event suppressed)
Event 47: >5% quadrature weight outside P_det grid — numerator=0.000, denominator=0.057 (repeats for this event suppressed)
Event 47: >5% quadrature weight outside P_det grid — numerator=0.000, denominator=0.051 (repeats for this event suppressed)
Event 47: >5% quadrature weight outside P_det grid — numerator=0.000, denominator=0.059 (repeats for this event suppressed)
Event 47: >5% quadrature weight outside P_det grid — numerator=0.000, denominator=0.051 (repeats for this event suppressed)
Event 47: >5% quadrature weight outside P_det grid — numerator=0.000, denominator=0.065 (repeats for this event suppressed)
Event 47: >5% quadrature weight outside P_det grid — numerator=0.000, denominator=0.057 (repeats for this event suppressed)
Event 47: >5% quadrature weight outside P_det grid — numerator=0.000, denominator=0.071 (repeats for this event suppressed)
Event 47: >5% quadrature weight outside P_det grid — numerator=0.000, denominator=0.080 (repeats for this event suppressed)
Event 47: >5% quadrature weight outside P_det grid — numerator=0.000, denominator=0.068 (repeats for this event suppressed)
Event 47: >5% quadrature weight outside P_det grid — numerator=0.000, denominator=0.066 (repeats for this event suppressed)
Event 47: >5% quadrature weight outside P_det grid — numerator=0.000, denominator=0.068 (repeats for this event suppressed)
Event 47: >5% quadrature weight outside P_det grid — numerator=0.000, denominator=0.059 (repeats for this event suppressed)
Event 49: >5% quadrature weight outside P_det grid — numerator=0.000, denominator=0.051 (repeats for this event suppressed)
Event 49: >5% quadrature weight outside P_det grid — numerator=0.000, denominator=0.064 (repeats for this event suppressed)
Event 49: >5% quadrature weight outside P_det grid — numerator=0.000, denominator=0.057 (repeats for this event suppressed)
Event 49: >5% quadrature weight outside P_det grid — numerator=0.000, denominator=0.058 (repeats for this event suppressed)
Event 49: >5% quadrature weight outside P_det grid — numerator=0.000, denominator=0.057 (repeats for this event suppressed)
Event 49: >5% quadrature weight outside P_det grid — numerator=0.000, denominator=0.056 (repeats for this event suppressed)
Event 49: >5% quadrature weight outside P_det grid — numerator=0.000, denominator=0.056 (repeats for this event suppressed)
Event 49: >5% quadrature weight outside P_det grid — numerator=0.000, denominator=0.052 (repeats for this event suppressed)
Event 49: >5% quadrature weight outside P_det grid — numerator=0.000, denominator=0.063 (repeats for this event suppressed)
Event 49: >5% quadrature weight outside P_det grid — numerator=0.000, denominator=0.055 (repeats for this event suppressed)
Event 50: >5% quadrature weight outside P_det grid — numerator=0.000, denominator=0.051 (repeats for this event suppressed)
Event 50: >5% quadrature weight outside P_det grid — numerator=0.000, denominator=0.059 (repeats for this event suppressed)
Event 50: >5% quadrature weight outside P_det grid — numerator=0.000, denominator=0.063 (repeats for this event suppressed)
Event 50: >5% quadrature weight outside P_det grid — numerator=0.000, denominator=0.059 (repeats for this event suppressed)
Event 50: >5% quadrature weight outside P_det grid — numerator=0.000, denominator=0.057 (repeats for this event suppressed)
Event 50: >5% quadrature weight outside P_det grid — numerator=0.000, denominator=0.060 (repeats for this event suppressed)
Event 50: >5% quadrature weight outside P_det grid — numerator=0.000, denominator=0.070 (repeats for this event suppressed)
Event 50: >5% quadrature weight outside P_det grid — numerator=0.000, denominator=0.065 (repeats for this event suppressed)
Event 50: >5% quadrature weight outside P_det grid — numerator=0.000, denominator=0.054 (repeats for this event suppressed)
Event 50: >5% quadrature weight outside P_det grid — numerator=0.000, denominator=0.053 (repeats for this event suppressed)
Event 50: >5% quadrature weight outside P_det grid — numerator=0.000, denominator=0.059 (repeats for this event suppressed)
Event 50: >5% quadrature weight outside P_det grid — numerator=0.000, denominator=0.072 (repeats for this event suppressed)
Event 50: >5% quadrature weight outside P_det grid — numerator=0.000, denominator=0.051 (repeats for this event suppressed)
Event 50: >5% quadrature weight outside P_det grid — numerator=0.000, denominator=0.064 (repeats for this event suppressed)
Detection 50: fused completion mass factor zero at 50/50 quadrature nodes (0 beyond the detection horizon, S_4D=0; 50 off the phi support).
Event 51: >5% quadrature weight outside P_det grid — numerator=0.000, denominator=0.070 (repeats for this event suppressed)
Event 51: >5% quadrature weight outside P_det grid — numerator=0.000, denominator=0.051 (repeats for this event suppressed)
Event 51: >5% quadrature weight outside P_det grid — numerator=0.000, denominator=0.073 (repeats for this event suppressed)
Event 51: >5% quadrature weight outside P_det grid — numerator=0.000, denominator=0.051 (repeats for this event suppressed)
Event 51: >5% quadrature weight outside P_det grid — numerator=0.000, denominator=0.050 (repeats for this event suppressed)
Event 51: >5% quadrature weight outside P_det grid — numerator=0.000, denominator=0.075 (repeats for this event suppressed)
Event 51: >5% quadrature weight outside P_det grid — numerator=0.000, denominator=0.071 (repeats for this event suppressed)
Event 51: >5% quadrature weight outside P_det grid — numerator=0.000, denominator=0.067 (repeats for this event suppressed)
Event 51: >5% quadrature weight outside P_det grid — numerator=0.000, denominator=0.058 (repeats for this event suppressed)
Event 51: >5% quadrature weight outside P_det grid — numerator=0.000, denominator=0.060 (repeats for this event suppressed)
Event 51: >5% quadrature weight outside P_det grid — numerator=0.000, denominator=0.065 (repeats for this event suppressed)
Event 51: >5% quadrature weight outside P_det grid — numerator=0.000, denominator=0.059 (repeats for this event suppressed)
Event 51: >5% quadrature weight outside P_det grid — numerator=0.000, denominator=0.066 (repeats for this event suppressed)
Event 51: >5% quadrature weight outside P_det grid — numerator=0.000, denominator=0.051 (repeats for this event suppressed)
Event 53: >5% quadrature weight outside P_det grid — numerator=0.000, denominator=0.058 (repeats for this event suppressed)
Event 53: >5% quadrature weight outside P_det grid — numerator=0.000, denominator=0.056 (repeats for this event suppressed)
Event 53: >5% quadrature weight outside P_det grid — numerator=0.000, denominator=0.066 (repeats for this event suppressed)
Event 53: >5% quadrature weight outside P_det grid — numerator=0.000, denominator=0.061 (repeats for this event suppressed)
Event 53: >5% quadrature weight outside P_det grid — numerator=0.000, denominator=0.055 (repeats for this event suppressed)
Event 53: >5% quadrature weight outside P_det grid — numerator=0.000, denominator=0.059 (repeats for this event suppressed)
Event 53: >5% quadrature weight outside P_det grid — numerator=0.000, denominator=0.069 (repeats for this event suppressed)
Event 53: >5% quadrature weight outside P_det grid — numerator=0.000, denominator=0.057 (repeats for this event suppressed)
Event 53: >5% quadrature weight outside P_det grid — numerator=0.000, denominator=0.057 (repeats for this event suppressed)
Event 53: >5% quadrature weight outside P_det grid — numerator=0.000, denominator=0.052 (repeats for this event suppressed)
Event 53: >5% quadrature weight outside P_det grid — numerator=0.000, denominator=0.062 (repeats for this event suppressed)
Event 53: >5% quadrature weight outside P_det grid — numerator=0.000, denominator=0.067 (repeats for this event suppressed)
Event 53: >5% quadrature weight outside P_det grid — numerator=0.000, denominator=0.062 (repeats for this event suppressed)
Event 53: >5% quadrature weight outside P_det grid — numerator=0.000, denominator=0.051 (repeats for this event suppressed)
Event 55: >5% quadrature weight outside P_det grid — numerator=0.000, denominator=0.052 (repeats for this event suppressed)
Event 55: >5% quadrature weight outside P_det grid — numerator=0.000, denominator=0.051 (repeats for this event suppressed)
Event 55: >5% quadrature weight outside P_det grid — numerator=0.000, denominator=0.052 (repeats for this event suppressed)
Event 55: >5% quadrature weight outside P_det grid — numerator=0.000, denominator=0.056 (repeats for this event suppressed)
Event 55: >5% quadrature weight outside P_det grid — numerator=0.000, denominator=0.057 (repeats for this event suppressed)
Event 55: >5% quadrature weight outside P_det grid — numerator=0.000, denominator=0.057 (repeats for this event suppressed)
Event 55: >5% quadrature weight outside P_det grid — numerator=0.000, denominator=0.063 (repeats for this event suppressed)
Event 55: >5% quadrature weight outside P_det grid — numerator=0.000, denominator=0.054 (repeats for this event suppressed)
Event 55: >5% quadrature weight outside P_det grid — numerator=0.000, denominator=0.052 (repeats for this event suppressed)
Event 55: >5% quadrature weight outside P_det grid — numerator=0.000, denominator=0.053 (repeats for this event suppressed)
Event 55: >5% quadrature weight outside P_det grid — numerator=0.000, denominator=0.061 (repeats for this event suppressed)
Event 55: >5% quadrature weight outside P_det grid — numerator=0.000, denominator=0.054 (repeats for this event suppressed)
Detection 55: fused completion mass factor zero at 50/50 quadrature nodes (0 beyond the detection horizon, S_4D=0; 50 off the phi support).
Event 56: >5% quadrature weight outside P_det grid — numerator=0.000, denominator=0.075 (repeats for this event suppressed)
Event 56: >5% quadrature weight outside P_det grid — numerator=0.000, denominator=0.057 (repeats for this event suppressed)
Event 56: >5% quadrature weight outside P_det grid — numerator=0.000, denominator=0.058 (repeats for this event suppressed)
Event 56: >5% quadrature weight outside P_det grid — numerator=0.000, denominator=0.057 (repeats for this event suppressed)
Event 56: >5% quadrature weight outside P_det grid — numerator=0.000, denominator=0.089 (repeats for this event suppressed)
Event 56: >5% quadrature weight outside P_det grid — numerator=0.000, denominator=0.050 (repeats for this event suppressed)
Event 56: >5% quadrature weight outside P_det grid — numerator=0.000, denominator=0.060 (repeats for this event suppressed)
Event 56: >5% quadrature weight outside P_det grid — numerator=0.000, denominator=0.081 (repeats for this event suppressed)
Event 56: >5% quadrature weight outside P_det grid — numerator=0.000, denominator=0.061 (repeats for this event suppressed)
Event 56: >5% quadrature weight outside P_det grid — numerator=0.000, denominator=0.064 (repeats for this event suppressed)
Event 56: >5% quadrature weight outside P_det grid — numerator=0.000, denominator=0.059 (repeats for this event suppressed)
Event 56: >5% quadrature weight outside P_det grid — numerator=0.000, denominator=0.064 (repeats for this event suppressed)
Event 56: >5% quadrature weight outside P_det grid — numerator=0.000, denominator=0.052 (repeats for this event suppressed)
Event 56: >5% quadrature weight outside P_det grid — numerator=0.000, denominator=0.074 (repeats for this event suppressed)
Event 59: >5% quadrature weight outside P_det grid — numerator=0.000, denominator=0.052 (repeats for this event suppressed)
Event 61: >5% quadrature weight outside P_det grid — numerator=0.000, denominator=0.059 (repeats for this event suppressed)
Event 61: >5% quadrature weight outside P_det grid — numerator=0.000, denominator=0.056 (repeats for this event suppressed)
Event 61: >5% quadrature weight outside P_det grid — numerator=0.000, denominator=0.052 (repeats for this event suppressed)
Event 61: >5% quadrature weight outside P_det grid — numerator=0.000, denominator=0.057 (repeats for this event suppressed)
Event 61: >5% quadrature weight outside P_det grid — numerator=0.000, denominator=0.066 (repeats for this event suppressed)
Event 61: >5% quadrature weight outside P_det grid — numerator=0.000, denominator=0.066 (repeats for this event suppressed)
Event 61: >5% quadrature weight outside P_det grid — numerator=0.000, denominator=0.062 (repeats for this event suppressed)
Event 61: >5% quadrature weight outside P_det grid — numerator=0.000, denominator=0.061 (repeats for this event suppressed)
Event 61: >5% quadrature weight outside P_det grid — numerator=0.000, denominator=0.050 (repeats for this event suppressed)
Event 61: >5% quadrature weight outside P_det grid — numerator=0.000, denominator=0.055 (repeats for this event suppressed)
Event 61: >5% quadrature weight outside P_det grid — numerator=0.000, denominator=0.072 (repeats for this event suppressed)
Event 61: >5% quadrature weight outside P_det grid — numerator=0.000, denominator=0.055 (repeats for this event suppressed)
Event 61: >5% quadrature weight outside P_det grid — numerator=0.000, denominator=0.052 (repeats for this event suppressed)
Event 61: >5% quadrature weight outside P_det grid — numerator=0.000, denominator=0.059 (repeats for this event suppressed)
Event 64: >5% quadrature weight outside P_det grid — numerator=0.000, denominator=0.059 (repeats for this event suppressed)
Event 64: >5% quadrature weight outside P_det grid — numerator=0.000, denominator=0.055 (repeats for this event suppressed)
Event 64: >5% quadrature weight outside P_det grid — numerator=0.000, denominator=0.074 (repeats for this event suppressed)
Event 64: >5% quadrature weight outside P_det grid — numerator=0.000, denominator=0.058 (repeats for this event suppressed)
Event 64: >5% quadrature weight outside P_det grid — numerator=0.000, denominator=0.055 (repeats for this event suppressed)
Event 64: >5% quadrature weight outside P_det grid — numerator=0.000, denominator=0.059 (repeats for this event suppressed)
Event 64: >5% quadrature weight outside P_det grid — numerator=0.000, denominator=0.057 (repeats for this event suppressed)
Event 64: >5% quadrature weight outside P_det grid — numerator=0.000, denominator=0.056 (repeats for this event suppressed)
Event 64: >5% quadrature weight outside P_det grid — numerator=0.000, denominator=0.055 (repeats for this event suppressed)
Event 64: >5% quadrature weight outside P_det grid — numerator=0.000, denominator=0.056 (repeats for this event suppressed)
Event 64: >5% quadrature weight outside P_det grid — numerator=0.000, denominator=0.071 (repeats for this event suppressed)
Event 66: >5% quadrature weight outside P_det grid — numerator=0.000, denominator=0.059 (repeats for this event suppressed)
Event 66: >5% quadrature weight outside P_det grid — numerator=0.000, denominator=0.051 (repeats for this event suppressed)
Event 66: >5% quadrature weight outside P_det grid — numerator=0.000, denominator=0.051 (repeats for this event suppressed)
Event 66: >5% quadrature weight outside P_det grid — numerator=0.000, denominator=0.051 (repeats for this event suppressed)
Event 69: >5% quadrature weight outside P_det grid — numerator=0.000, denominator=0.054 (repeats for this event suppressed)
Event 69: >5% quadrature weight outside P_det grid — numerator=0.000, denominator=0.056 (repeats for this event suppressed)
Event 69: >5% quadrature weight outside P_det grid — numerator=0.000, denominator=0.053 (repeats for this event suppressed)
Event 69: >5% quadrature weight outside P_det grid — numerator=0.000, denominator=0.060 (repeats for this event suppressed)
Event 69: >5% quadrature weight outside P_det grid — numerator=0.000, denominator=0.052 (repeats for this event suppressed)
Event 69: >5% quadrature weight outside P_det grid — numerator=0.000, denominator=0.055 (repeats for this event suppressed)
Event 69: >5% quadrature weight outside P_det grid — numerator=0.000, denominator=0.062 (repeats for this event suppressed)
Event 69: >5% quadrature weight outside P_det grid — numerator=0.000, denominator=0.067 (repeats for this event suppressed)
Event 69: >5% quadrature weight outside P_det grid — numerator=0.000, denominator=0.061 (repeats for this event suppressed)
Event 69: >5% quadrature weight outside P_det grid — numerator=0.000, denominator=0.059 (repeats for this event suppressed)
Event 69: >5% quadrature weight outside P_det grid — numerator=0.000, denominator=0.050 (repeats for this event suppressed)
Event 69: >5% quadrature weight outside P_det grid — numerator=0.000, denominator=0.065 (repeats for this event suppressed)
Event 69: >5% quadrature weight outside P_det grid — numerator=0.000, denominator=0.057 (repeats for this event suppressed)
Event 70: >5% quadrature weight outside P_det grid — numerator=0.000, denominator=0.058 (repeats for this event suppressed)
Event 70: >5% quadrature weight outside P_det grid — numerator=0.000, denominator=0.061 (repeats for this event suppressed)
Event 70: >5% quadrature weight outside P_det grid — numerator=0.000, denominator=0.052 (repeats for this event suppressed)
Event 70: >5% quadrature weight outside P_det grid — numerator=0.000, denominator=0.065 (repeats for this event suppressed)
Event 70: >5% quadrature weight outside P_det grid — numerator=0.000, denominator=0.060 (repeats for this event suppressed)
Event 70: >5% quadrature weight outside P_det grid — numerator=0.000, denominator=0.062 (repeats for this event suppressed)
Event 70: >5% quadrature weight outside P_det grid — numerator=0.000, denominator=0.059 (repeats for this event suppressed)
Event 70: >5% quadrature weight outside P_det grid — numerator=0.000, denominator=0.059 (repeats for this event suppressed)
Event 70: >5% quadrature weight outside P_det grid — numerator=0.000, denominator=0.053 (repeats for this event suppressed)
Event 70: >5% quadrature weight outside P_det grid — numerator=0.000, denominator=0.064 (repeats for this event suppressed)
Event 70: >5% quadrature weight outside P_det grid — numerator=0.000, denominator=0.069 (repeats for this event suppressed)
Event 70: >5% quadrature weight outside P_det grid — numerator=0.000, denominator=0.052 (repeats for this event suppressed)
Event 70: >5% quadrature weight outside P_det grid — numerator=0.000, denominator=0.057 (repeats for this event suppressed)
Event 70: >5% quadrature weight outside P_det grid — numerator=0.000, denominator=0.063 (repeats for this event suppressed)
Event 71: >5% quadrature weight outside P_det grid — numerator=0.000, denominator=0.057 (repeats for this event suppressed)
Event 71: >5% quadrature weight outside P_det grid — numerator=0.000, denominator=0.065 (repeats for this event suppressed)
Event 71: >5% quadrature weight outside P_det grid — numerator=0.000, denominator=0.055 (repeats for this event suppressed)
Event 71: >5% quadrature weight outside P_det grid — numerator=0.000, denominator=0.054 (repeats for this event suppressed)
Event 71: >5% quadrature weight outside P_det grid — numerator=0.000, denominator=0.076 (repeats for this event suppressed)
Event 71: >5% quadrature weight outside P_det grid — numerator=0.000, denominator=0.156 (repeats for this event suppressed)
Event 71: >5% quadrature weight outside P_det grid — numerator=0.000, denominator=0.072 (repeats for this event suppressed)
Event 71: >5% quadrature weight outside P_det grid — numerator=0.000, denominator=0.062 (repeats for this event suppressed)
Event 71: >5% quadrature weight outside P_det grid — numerator=0.000, denominator=0.050 (repeats for this event suppressed)
Event 71: >5% quadrature weight outside P_det grid — numerator=0.000, denominator=0.063 (repeats for this event suppressed)
Event 71: >5% quadrature weight outside P_det grid — numerator=0.000, denominator=0.054 (repeats for this event suppressed)
Event 71: >5% quadrature weight outside P_det grid — numerator=0.000, denominator=0.062 (repeats for this event suppressed)
Event 71: >5% quadrature weight outside P_det grid — numerator=0.000, denominator=0.060 (repeats for this event suppressed)
Event 71: >5% quadrature weight outside P_det grid — numerator=0.000, denominator=0.068 (repeats for this event suppressed)
Event 73: >5% quadrature weight outside P_det grid — numerator=0.000, denominator=0.065 (repeats for this event suppressed)
Event 73: >5% quadrature weight outside P_det grid — numerator=0.000, denominator=0.063 (repeats for this event suppressed)
Event 73: >5% quadrature weight outside P_det grid — numerator=0.000, denominator=0.055 (repeats for this event suppressed)
Event 73: >5% quadrature weight outside P_det grid — numerator=0.000, denominator=0.054 (repeats for this event suppressed)
Event 73: >5% quadrature weight outside P_det grid — numerator=0.000, denominator=0.053 (repeats for this event suppressed)
Event 73: >5% quadrature weight outside P_det grid — numerator=0.000, denominator=0.054 (repeats for this event suppressed)
Event 73: >5% quadrature weight outside P_det grid — numerator=0.000, denominator=0.055 (repeats for this event suppressed)
Event 73: >5% quadrature weight outside P_det grid — numerator=0.000, denominator=0.066 (repeats for this event suppressed)
Event 73: >5% quadrature weight outside P_det grid — numerator=0.000, denominator=0.064 (repeats for this event suppressed)
Event 73: >5% quadrature weight outside P_det grid — numerator=0.000, denominator=0.066 (repeats for this event suppressed)
Event 73: >5% quadrature weight outside P_det grid — numerator=0.000, denominator=0.055 (repeats for this event suppressed)
Event 73: >5% quadrature weight outside P_det grid — numerator=0.000, denominator=0.058 (repeats for this event suppressed)
Event 73: >5% quadrature weight outside P_det grid — numerator=0.000, denominator=0.064 (repeats for this event suppressed)
Event 73: >5% quadrature weight outside P_det grid — numerator=0.000, denominator=0.065 (repeats for this event suppressed)
Event 74: >5% quadrature weight outside P_det grid — numerator=0.000, denominator=0.092 (repeats for this event suppressed)
No possible hosts. Returning None.
Detection 78: no catalogue hosts in the localization volume — pure-completion fallback p_i = B_num/D (issue #29)
Detection 78: no catalog results found
Detection 78: fused completion mass factor zero at 50/50 quadrature nodes (0 beyond the detection horizon, S_4D=0; 50 off the phi support).
Event 81: >5% quadrature weight outside P_det grid — numerator=0.000, denominator=0.068 (repeats for this event suppressed)
Event 81: >5% quadrature weight outside P_det grid — numerator=0.000, denominator=0.051 (repeats for this event suppressed)
Event 81: >5% quadrature weight outside P_det grid — numerator=0.000, denominator=0.057 (repeats for this event suppressed)
Event 81: >5% quadrature weight outside P_det grid — numerator=0.000, denominator=0.061 (repeats for this event suppressed)
Event 81: >5% quadrature weight outside P_det grid — numerator=0.000, denominator=0.058 (repeats for this event suppressed)
Event 81: >5% quadrature weight outside P_det grid — numerator=0.000, denominator=0.061 (repeats for this event suppressed)
Event 81: >5% quadrature weight outside P_det grid — numerator=0.000, denominator=0.082 (repeats for this event suppressed)
Event 81: >5% quadrature weight outside P_det grid — numerator=0.000, denominator=0.051 (repeats for this event suppressed)
Event 81: >5% quadrature weight outside P_det grid — numerator=0.000, denominator=0.063 (repeats for this event suppressed)
Event 81: >5% quadrature weight outside P_det grid — numerator=0.000, denominator=0.065 (repeats for this event suppressed)
Event 81: >5% quadrature weight outside P_det grid — numerator=0.000, denominator=0.069 (repeats for this event suppressed)
Event 81: >5% quadrature weight outside P_det grid — numerator=0.000, denominator=0.060 (repeats for this event suppressed)
Event 81: >5% quadrature weight outside P_det grid — numerator=0.000, denominator=0.064 (repeats for this event suppressed)
Event 81: >5% quadrature weight outside P_det grid — numerator=0.000, denominator=0.059 (repeats for this event suppressed)
Event 86: >5% quadrature weight outside P_det grid — numerator=0.000, denominator=0.073 (repeats for this event suppressed)
Event 86: >5% quadrature weight outside P_det grid — numerator=0.000, denominator=0.085 (repeats for this event suppressed)
Event 86: >5% quadrature weight outside P_det grid — numerator=0.000, denominator=0.053 (repeats for this event suppressed)
Event 86: >5% quadrature weight outside P_det grid — numerator=0.000, denominator=0.062 (repeats for this event suppressed)
Event 86: >5% quadrature weight outside P_det grid — numerator=0.000, denominator=0.066 (repeats for this event suppressed)
Event 86: >5% quadrature weight outside P_det grid — numerator=0.000, denominator=0.076 (repeats for this event suppressed)
Event 86: >5% quadrature weight outside P_det grid — numerator=0.000, denominator=0.059 (repeats for this event suppressed)
Event 86: >5% quadrature weight outside P_det grid — numerator=0.000, denominator=0.055 (repeats for this event suppressed)
Event 86: >5% quadrature weight outside P_det grid — numerator=0.000, denominator=0.063 (repeats for this event suppressed)
Event 86: >5% quadrature weight outside P_det grid — numerator=0.000, denominator=0.077 (repeats for this event suppressed)
Event 86: >5% quadrature weight outside P_det grid — numerator=0.000, denominator=0.057 (repeats for this event suppressed)
Event 86: >5% quadrature weight outside P_det grid — numerator=0.000, denominator=0.054 (repeats for this event suppressed)
Event 86: >5% quadrature weight outside P_det grid — numerator=0.000, denominator=0.067 (repeats for this event suppressed)
Detection 86: fused completion mass factor zero at 50/50 quadrature nodes (0 beyond the detection horizon, S_4D=0; 50 off the phi support).
Event 87: >5% quadrature weight outside P_det grid — numerator=0.000, denominator=0.102 (repeats for this event suppressed)
Event 89: >5% quadrature weight outside P_det grid — numerator=0.000, denominator=0.059 (repeats for this event suppressed)
Event 89: >5% quadrature weight outside P_det grid — numerator=0.000, denominator=0.065 (repeats for this event suppressed)
Event 89: >5% quadrature weight outside P_det grid — numerator=0.000, denominator=0.052 (repeats for this event suppressed)
Event 89: >5% quadrature weight outside P_det grid — numerator=0.000, denominator=0.057 (repeats for this event suppressed)
Event 89: >5% quadrature weight outside P_det grid — numerator=0.000, denominator=0.061 (repeats for this event suppressed)
Event 89: >5% quadrature weight outside P_det grid — numerator=0.000, denominator=0.054 (repeats for this event suppressed)
Event 89: >5% quadrature weight outside P_det grid — numerator=0.000, denominator=0.052 (repeats for this event suppressed)
Event 89: >5% quadrature weight outside P_det grid — numerator=0.000, denominator=0.055 (repeats for this event suppressed)
Event 89: >5% quadrature weight outside P_det grid — numerator=0.000, denominator=0.057 (repeats for this event suppressed)
Event 89: >5% quadrature weight outside P_det grid — numerator=0.000, denominator=0.057 (repeats for this event suppressed)
Event 89: >5% quadrature weight outside P_det grid — numerator=0.000, denominator=0.067 (repeats for this event suppressed)
Event 89: >5% quadrature weight outside P_det grid — numerator=0.000, denominator=0.069 (repeats for this event suppressed)
Event 89: >5% quadrature weight outside P_det grid — numerator=0.000, denominator=0.051 (repeats for this event suppressed)
Event 89: >5% quadrature weight outside P_det grid — numerator=0.000, denominator=0.055 (repeats for this event suppressed)
Event 91: >5% quadrature weight outside P_det grid — numerator=0.000, denominator=0.059 (repeats for this event suppressed)
Event 91: >5% quadrature weight outside P_det grid — numerator=0.000, denominator=0.063 (repeats for this event suppressed)
Event 91: >5% quadrature weight outside P_det grid — numerator=0.000, denominator=0.071 (repeats for this event suppressed)
Event 91: >5% quadrature weight outside P_det grid — numerator=0.000, denominator=0.090 (repeats for this event suppressed)
Event 91: >5% quadrature weight outside P_det grid — numerator=0.000, denominator=0.071 (repeats for this event suppressed)
Event 91: >5% quadrature weight outside P_det grid — numerator=0.000, denominator=0.068 (repeats for this event suppressed)
Event 91: >5% quadrature weight outside P_det grid — numerator=0.000, denominator=0.053 (repeats for this event suppressed)
Event 91: >5% quadrature weight outside P_det grid — numerator=0.000, denominator=0.057 (repeats for this event suppressed)
Event 91: >5% quadrature weight outside P_det grid — numerator=0.000, denominator=0.056 (repeats for this event suppressed)
Event 91: >5% quadrature weight outside P_det grid — numerator=0.000, denominator=0.077 (repeats for this event suppressed)
Event 91: >5% quadrature weight outside P_det grid — numerator=0.000, denominator=0.070 (repeats for this event suppressed)
Event 91: >5% quadrature weight outside P_det grid — numerator=0.000, denominator=0.055 (repeats for this event suppressed)
Event 91: >5% quadrature weight outside P_det grid — numerator=0.000, denominator=0.059 (repeats for this event suppressed)
Event 91: >5% quadrature weight outside P_det grid — numerator=0.000, denominator=0.057 (repeats for this event suppressed)
Detection 91: fused completion mass factor zero at 50/50 quadrature nodes (0 beyond the detection horizon, S_4D=0; 50 off the phi support).
Event 92: >5% quadrature weight outside P_det grid — numerator=0.000, denominator=0.069 (repeats for this event suppressed)
Event 92: >5% quadrature weight outside P_det grid — numerator=0.000, denominator=0.060 (repeats for this event suppressed)
Event 92: >5% quadrature weight outside P_det grid — numerator=0.000, denominator=0.053 (repeats for this event suppressed)
Event 92: >5% quadrature weight outside P_det grid — numerator=0.000, denominator=0.078 (repeats for this event suppressed)
Event 92: >5% quadrature weight outside P_det grid — numerator=0.000, denominator=0.055 (repeats for this event suppressed)
Event 92: >5% quadrature weight outside P_det grid — numerator=0.000, denominator=0.058 (repeats for this event suppressed)
Event 92: >5% quadrature weight outside P_det grid — numerator=0.000, denominator=0.054 (repeats for this event suppressed)
Event 92: >5% quadrature weight outside P_det grid — numerator=0.000, denominator=0.059 (repeats for this event suppressed)
Event 92: >5% quadrature weight outside P_det grid — numerator=0.000, denominator=0.077 (repeats for this event suppressed)
Event 92: >5% quadrature weight outside P_det grid — numerator=0.000, denominator=0.062 (repeats for this event suppressed)
Event 92: >5% quadrature weight outside P_det grid — numerator=0.000, denominator=0.060 (repeats for this event suppressed)
Event 92: >5% quadrature weight outside P_det grid — numerator=0.000, denominator=0.051 (repeats for this event suppressed)
Event 92: >5% quadrature weight outside P_det grid — numerator=0.000, denominator=0.055 (repeats for this event suppressed)
Event 92: >5% quadrature weight outside P_det grid — numerator=0.000, denominator=0.053 (repeats for this event suppressed)
Detection 92: fused completion mass factor zero at 50/50 quadrature nodes (0 beyond the detection horizon, S_4D=0; 50 off the phi support).
Event 99: >5% quadrature weight outside P_det grid — numerator=0.000, denominator=0.057 (repeats for this event suppressed)
Event 99: >5% quadrature weight outside P_det grid — numerator=0.000, denominator=0.057 (repeats for this event suppressed)
Event 99: >5% quadrature weight outside P_det grid — numerator=0.000, denominator=0.058 (repeats for this event suppressed)
Event 99: >5% quadrature weight outside P_det grid — numerator=0.000, denominator=0.056 (repeats for this event suppressed)
Event 99: >5% quadrature weight outside P_det grid — numerator=0.000, denominator=0.148 (repeats for this event suppressed)
Event 99: >5% quadrature weight outside P_det grid — numerator=0.000, denominator=0.061 (repeats for this event suppressed)
Event 99: >5% quadrature weight outside P_det grid — numerator=0.000, denominator=0.054 (repeats for this event suppressed)
Event 99: >5% quadrature weight outside P_det grid — numerator=0.000, denominator=0.062 (repeats for this event suppressed)
Event 99: >5% quadrature weight outside P_det grid — numerator=0.000, denominator=0.060 (repeats for this event suppressed)
Event 99: >5% quadrature weight outside P_det grid — numerator=0.000, denominator=0.059 (repeats for this event suppressed)
Event 99: >5% quadrature weight outside P_det grid — numerator=0.000, denominator=0.063 (repeats for this event suppressed)
Event 99: >5% quadrature weight outside P_det grid — numerator=0.000, denominator=0.055 (repeats for this event suppressed)
Event 99: >5% quadrature weight outside P_det grid — numerator=0.000, denominator=0.086 (repeats for this event suppressed)
Event 104: >5% quadrature weight outside P_det grid — numerator=0.000, denominator=0.071 (repeats for this event suppressed)
Event 104: >5% quadrature weight outside P_det grid — numerator=0.000, denominator=0.065 (repeats for this event suppressed)
Event 104: >5% quadrature weight outside P_det grid — numerator=0.000, denominator=0.065 (repeats for this event suppressed)
Event 104: >5% quadrature weight outside P_det grid — numerator=0.000, denominator=0.061 (repeats for this event suppressed)
Event 104: >5% quadrature weight outside P_det grid — numerator=0.000, denominator=0.079 (repeats for this event suppressed)
Event 104: >5% quadrature weight outside P_det grid — numerator=0.000, denominator=0.184 (repeats for this event suppressed)
Event 104: >5% quadrature weight outside P_det grid — numerator=0.000, denominator=0.071 (repeats for this event suppressed)
Event 104: >5% quadrature weight outside P_det grid — numerator=0.000, denominator=0.080 (repeats for this event suppressed)
Event 104: >5% quadrature weight outside P_det grid — numerator=0.000, denominator=0.075 (repeats for this event suppressed)
Event 104: >5% quadrature weight outside P_det grid — numerator=0.000, denominator=0.063 (repeats for this event suppressed)
Event 104: >5% quadrature weight outside P_det grid — numerator=0.000, denominator=0.063 (repeats for this event suppressed)
Event 104: >5% quadrature weight outside P_det grid — numerator=0.000, denominator=0.067 (repeats for this event suppressed)
Event 104: >5% quadrature weight outside P_det grid — numerator=0.000, denominator=0.060 (repeats for this event suppressed)
Event 104: >5% quadrature weight outside P_det grid — numerator=0.000, denominator=0.093 (repeats for this event suppressed)
Event 105: >5% quadrature weight outside P_det grid — numerator=0.000, denominator=0.056 (repeats for this event suppressed)
Event 105: >5% quadrature weight outside P_det grid — numerator=0.000, denominator=0.054 (repeats for this event suppressed)
Event 105: >5% quadrature weight outside P_det grid — numerator=0.000, denominator=0.068 (repeats for this event suppressed)
Event 105: >5% quadrature weight outside P_det grid — numerator=0.000, denominator=0.145 (repeats for this event suppressed)
Event 105: >5% quadrature weight outside P_det grid — numerator=0.000, denominator=0.051 (repeats for this event suppressed)
Event 105: >5% quadrature weight outside P_det grid — numerator=0.000, denominator=0.056 (repeats for this event suppressed)
Event 105: >5% quadrature weight outside P_det grid — numerator=0.000, denominator=0.078 (repeats for this event suppressed)
Event 105: >5% quadrature weight outside P_det grid — numerator=0.000, denominator=0.053 (repeats for this event suppressed)
Event 105: >5% quadrature weight outside P_det grid — numerator=0.000, denominator=0.058 (repeats for this event suppressed)
Event 105: >5% quadrature weight outside P_det grid — numerator=0.000, denominator=0.054 (repeats for this event suppressed)
Event 105: >5% quadrature weight outside P_det grid — numerator=0.000, denominator=0.059 (repeats for this event suppressed)
Event 105: >5% quadrature weight outside P_det grid — numerator=0.000, denominator=0.061 (repeats for this event suppressed)
Event 105: >5% quadrature weight outside P_det grid — numerator=0.000, denominator=0.075 (repeats for this event suppressed)
Event 105: >5% quadrature weight outside P_det grid — numerator=0.000, denominator=0.052 (repeats for this event suppressed)
Detection 105: fused completion mass factor zero at 50/50 quadrature nodes (0 beyond the detection horizon, S_4D=0; 50 off the phi support).
Event 107: >5% quadrature weight outside P_det grid — numerator=0.000, denominator=0.055 (repeats for this event suppressed)
Event 107: >5% quadrature weight outside P_det grid — numerator=0.000, denominator=0.054 (repeats for this event suppressed)
Event 107: >5% quadrature weight outside P_det grid — numerator=0.000, denominator=0.051 (repeats for this event suppressed)
Event 107: >5% quadrature weight outside P_det grid — numerator=0.000, denominator=0.060 (repeats for this event suppressed)
Event 107: >5% quadrature weight outside P_det grid — numerator=0.000, denominator=0.064 (repeats for this event suppressed)
Event 107: >5% quadrature weight outside P_det grid — numerator=0.000, denominator=0.054 (repeats for this event suppressed)
Event 107: >5% quadrature weight outside P_det grid — numerator=0.000, denominator=0.060 (repeats for this event suppressed)
Event 107: >5% quadrature weight outside P_det grid — numerator=0.000, denominator=0.065 (repeats for this event suppressed)
Event 107: >5% quadrature weight outside P_det grid — numerator=0.000, denominator=0.064 (repeats for this event suppressed)
Event 107: >5% quadrature weight outside P_det grid — numerator=0.000, denominator=0.059 (repeats for this event suppressed)
Event 107: >5% quadrature weight outside P_det grid — numerator=0.000, denominator=0.052 (repeats for this event suppressed)
Event 107: >5% quadrature weight outside P_det grid — numerator=0.000, denominator=0.056 (repeats for this event suppressed)
Event 107: >5% quadrature weight outside P_det grid — numerator=0.000, denominator=0.052 (repeats for this event suppressed)
Event 107: >5% quadrature weight outside P_det grid — numerator=0.000, denominator=0.057 (repeats for this event suppressed)
Event 109: >5% quadrature weight outside P_det grid — numerator=0.000, denominator=0.054 (repeats for this event suppressed)
Event 109: >5% quadrature weight outside P_det grid — numerator=0.000, denominator=0.055 (repeats for this event suppressed)
Event 109: >5% quadrature weight outside P_det grid — numerator=0.000, denominator=0.056 (repeats for this event suppressed)
Event 109: >5% quadrature weight outside P_det grid — numerator=0.000, denominator=0.051 (repeats for this event suppressed)
Event 109: >5% quadrature weight outside P_det grid — numerator=0.000, denominator=0.051 (repeats for this event suppressed)
Event 110: >5% quadrature weight outside P_det grid — numerator=0.000, denominator=0.056 (repeats for this event suppressed)
Event 110: >5% quadrature weight outside P_det grid — numerator=0.000, denominator=0.053 (repeats for this event suppressed)
Event 110: >5% quadrature weight outside P_det grid — numerator=0.000, denominator=0.061 (repeats for this event suppressed)
Event 110: >5% quadrature weight outside P_det grid — numerator=0.000, denominator=0.060 (repeats for this event suppressed)
Event 110: >5% quadrature weight outside P_det grid — numerator=0.000, denominator=0.056 (repeats for this event suppressed)
Event 110: >5% quadrature weight outside P_det grid — numerator=0.000, denominator=0.077 (repeats for this event suppressed)
Event 110: >5% quadrature weight outside P_det grid — numerator=0.000, denominator=0.060 (repeats for this event suppressed)
Event 110: >5% quadrature weight outside P_det grid — numerator=0.000, denominator=0.070 (repeats for this event suppressed)
Event 110: >5% quadrature weight outside P_det grid — numerator=0.000, denominator=0.053 (repeats for this event suppressed)
Event 110: >5% quadrature weight outside P_det grid — numerator=0.000, denominator=0.095 (repeats for this event suppressed)
Event 110: >5% quadrature weight outside P_det grid — numerator=0.000, denominator=0.065 (repeats for this event suppressed)
Event 110: >5% quadrature weight outside P_det grid — numerator=0.000, denominator=0.055 (repeats for this event suppressed)
Event 110: >5% quadrature weight outside P_det grid — numerator=0.000, denominator=0.065 (repeats for this event suppressed)
Event 110: >5% quadrature weight outside P_det grid — numerator=0.000, denominator=0.079 (repeats for this event suppressed)
Detection 110: fused completion mass factor zero at 50/50 quadrature nodes (0 beyond the detection horizon, S_4D=0; 50 off the phi support).
Event 111: >5% quadrature weight outside P_det grid — numerator=0.000, denominator=0.071 (repeats for this event suppressed)
Event 111: >5% quadrature weight outside P_det grid — numerator=0.000, denominator=0.057 (repeats for this event suppressed)
Event 111: >5% quadrature weight outside P_det grid — numerator=0.000, denominator=0.066 (repeats for this event suppressed)
Event 111: >5% quadrature weight outside P_det grid — numerator=0.000, denominator=0.052 (repeats for this event suppressed)
Event 111: >5% quadrature weight outside P_det grid — numerator=0.000, denominator=0.062 (repeats for this event suppressed)
Event 111: >5% quadrature weight outside P_det grid — numerator=0.000, denominator=0.085 (repeats for this event suppressed)
Event 111: >5% quadrature weight outside P_det grid — numerator=0.000, denominator=0.065 (repeats for this event suppressed)
Event 111: >5% quadrature weight outside P_det grid — numerator=0.000, denominator=0.059 (repeats for this event suppressed)
Event 111: >5% quadrature weight outside P_det grid — numerator=0.000, denominator=0.070 (repeats for this event suppressed)
Event 111: >5% quadrature weight outside P_det grid — numerator=0.000, denominator=0.074 (repeats for this event suppressed)
Event 111: >5% quadrature weight outside P_det grid — numerator=0.000, denominator=0.064 (repeats for this event suppressed)
Event 111: >5% quadrature weight outside P_det grid — numerator=0.000, denominator=0.070 (repeats for this event suppressed)
Event 111: >5% quadrature weight outside P_det grid — numerator=0.000, denominator=0.061 (repeats for this event suppressed)
Event 111: >5% quadrature weight outside P_det grid — numerator=0.000, denominator=0.061 (repeats for this event suppressed)
Event 113: >5% quadrature weight outside P_det grid — numerator=0.000, denominator=0.057 (repeats for this event suppressed)
Event 113: >5% quadrature weight outside P_det grid — numerator=0.000, denominator=0.057 (repeats for this event suppressed)
Event 113: >5% quadrature weight outside P_det grid — numerator=0.000, denominator=0.079 (repeats for this event suppressed)
Event 113: >5% quadrature weight outside P_det grid — numerator=0.000, denominator=0.065 (repeats for this event suppressed)
Event 113: >5% quadrature weight outside P_det grid — numerator=0.000, denominator=0.057 (repeats for this event suppressed)
Event 113: >5% quadrature weight outside P_det grid — numerator=0.000, denominator=0.063 (repeats for this event suppressed)
Event 113: >5% quadrature weight outside P_det grid — numerator=0.000, denominator=0.062 (repeats for this event suppressed)
Event 113: >5% quadrature weight outside P_det grid — numerator=0.000, denominator=0.061 (repeats for this event suppressed)
Event 113: >5% quadrature weight outside P_det grid — numerator=0.000, denominator=0.052 (repeats for this event suppressed)
Event 113: >5% quadrature weight outside P_det grid — numerator=0.000, denominator=0.060 (repeats for this event suppressed)
Event 113: >5% quadrature weight outside P_det grid — numerator=0.000, denominator=0.055 (repeats for this event suppressed)
Event 113: >5% quadrature weight outside P_det grid — numerator=0.000, denominator=0.091 (repeats for this event suppressed)
Event 113: >5% quadrature weight outside P_det grid — numerator=0.000, denominator=0.070 (repeats for this event suppressed)
Event 113: >5% quadrature weight outside P_det grid — numerator=0.000, denominator=0.052 (repeats for this event suppressed)
Detection 113: fused completion mass factor zero at 50/50 quadrature nodes (0 beyond the detection horizon, S_4D=0; 50 off the phi support).
Event 114: >5% quadrature weight outside P_det grid — numerator=0.000, denominator=0.052 (repeats for this event suppressed)
Detection 114: fused completion mass factor zero at 50/50 quadrature nodes (0 beyond the detection horizon, S_4D=0; 50 off the phi support).
Event 117: >5% quadrature weight outside P_det grid — numerator=0.000, denominator=0.091 (repeats for this event suppressed)
Event 117: >5% quadrature weight outside P_det grid — numerator=0.000, denominator=0.056 (repeats for this event suppressed)
Event 117: >5% quadrature weight outside P_det grid — numerator=0.000, denominator=0.060 (repeats for this event suppressed)
Event 117: >5% quadrature weight outside P_det grid — numerator=0.000, denominator=0.055 (repeats for this event suppressed)
Event 117: >5% quadrature weight outside P_det grid — numerator=0.000, denominator=0.066 (repeats for this event suppressed)
Event 117: >5% quadrature weight outside P_det grid — numerator=0.000, denominator=0.054 (repeats for this event suppressed)
Event 117: >5% quadrature weight outside P_det grid — numerator=0.000, denominator=0.054 (repeats for this event suppressed)
Event 117: >5% quadrature weight outside P_det grid — numerator=0.000, denominator=0.058 (repeats for this event suppressed)
Event 117: >5% quadrature weight outside P_det grid — numerator=0.000, denominator=0.056 (repeats for this event suppressed)
Event 117: >5% quadrature weight outside P_det grid — numerator=0.000, denominator=0.073 (repeats for this event suppressed)
Event 117: >5% quadrature weight outside P_det grid — numerator=0.000, denominator=0.060 (repeats for this event suppressed)
Event 117: >5% quadrature weight outside P_det grid — numerator=0.000, denominator=0.060 (repeats for this event suppressed)
Event 117: >5% quadrature weight outside P_det grid — numerator=0.000, denominator=0.063 (repeats for this event suppressed)
Event 121: >5% quadrature weight outside P_det grid — numerator=0.000, denominator=0.053 (repeats for this event suppressed)
Event 121: >5% quadrature weight outside P_det grid — numerator=0.000, denominator=0.052 (repeats for this event suppressed)
Event 121: >5% quadrature weight outside P_det grid — numerator=0.000, denominator=0.052 (repeats for this event suppressed)
Event 121: >5% quadrature weight outside P_det grid — numerator=0.000, denominator=0.053 (repeats for this event suppressed)
Event 121: >5% quadrature weight outside P_det grid — numerator=0.000, denominator=0.050 (repeats for this event suppressed)
Event 121: >5% quadrature weight outside P_det grid — numerator=0.000, denominator=0.055 (repeats for this event suppressed)
Event 121: >5% quadrature weight outside P_det grid — numerator=0.000, denominator=0.055 (repeats for this event suppressed)
Event 121: >5% quadrature weight outside P_det grid — numerator=0.000, denominator=0.053 (repeats for this event suppressed)
Event 121: >5% quadrature weight outside P_det grid — numerator=0.000, denominator=0.053 (repeats for this event suppressed)
Event 121: >5% quadrature weight outside P_det grid — numerator=0.000, denominator=0.051 (repeats for this event suppressed)
Event 121: >5% quadrature weight outside P_det grid — numerator=0.000, denominator=0.052 (repeats for this event suppressed)
Event 121: >5% quadrature weight outside P_det grid — numerator=0.000, denominator=0.055 (repeats for this event suppressed)
Event 121: >5% quadrature weight outside P_det grid — numerator=0.000, denominator=0.052 (repeats for this event suppressed)
Event 121: >5% quadrature weight outside P_det grid — numerator=0.000, denominator=0.051 (repeats for this event suppressed)
Event 124: >5% quadrature weight outside P_det grid — numerator=0.000, denominator=0.085 (repeats for this event suppressed)
Event 124: >5% quadrature weight outside P_det grid — numerator=0.000, denominator=0.055 (repeats for this event suppressed)
Event 124: >5% quadrature weight outside P_det grid — numerator=0.000, denominator=0.096 (repeats for this event suppressed)
Event 125: >5% quadrature weight outside P_det grid — numerator=0.000, denominator=0.067 (repeats for this event suppressed)
Event 125: >5% quadrature weight outside P_det grid — numerator=0.000, denominator=0.067 (repeats for this event suppressed)
Event 125: >5% quadrature weight outside P_det grid — numerator=0.000, denominator=0.077 (repeats for this event suppressed)
Event 125: >5% quadrature weight outside P_det grid — numerator=0.000, denominator=0.062 (repeats for this event suppressed)
Event 125: >5% quadrature weight outside P_det grid — numerator=0.000, denominator=0.055 (repeats for this event suppressed)
Event 125: >5% quadrature weight outside P_det grid — numerator=0.000, denominator=0.066 (repeats for this event suppressed)
Event 125: >5% quadrature weight outside P_det grid — numerator=0.000, denominator=0.069 (repeats for this event suppressed)
Event 125: >5% quadrature weight outside P_det grid — numerator=0.000, denominator=0.052 (repeats for this event suppressed)
Event 125: >5% quadrature weight outside P_det grid — numerator=0.000, denominator=0.057 (repeats for this event suppressed)
Event 125: >5% quadrature weight outside P_det grid — numerator=0.000, denominator=0.063 (repeats for this event suppressed)
Event 125: >5% quadrature weight outside P_det grid — numerator=0.000, denominator=0.052 (repeats for this event suppressed)
Event 125: >5% quadrature weight outside P_det grid — numerator=0.000, denominator=0.074 (repeats for this event suppressed)
Event 125: >5% quadrature weight outside P_det grid — numerator=0.000, denominator=0.090 (repeats for this event suppressed)
Event 125: >5% quadrature weight outside P_det grid — numerator=0.000, denominator=0.061 (repeats for this event suppressed)
Event 126: >5% quadrature weight outside P_det grid — numerator=0.000, denominator=0.076 (repeats for this event suppressed)
Event 126: >5% quadrature weight outside P_det grid — numerator=0.000, denominator=0.064 (repeats for this event suppressed)
Event 126: >5% quadrature weight outside P_det grid — numerator=0.000, denominator=0.053 (repeats for this event suppressed)
Event 126: >5% quadrature weight outside P_det grid — numerator=0.000, denominator=0.056 (repeats for this event suppressed)
Event 126: >5% quadrature weight outside P_det grid — numerator=0.000, denominator=0.059 (repeats for this event suppressed)
Event 126: >5% quadrature weight outside P_det grid — numerator=0.000, denominator=0.052 (repeats for this event suppressed)
Event 126: >5% quadrature weight outside P_det grid — numerator=0.000, denominator=0.053 (repeats for this event suppressed)
Event 126: >5% quadrature weight outside P_det grid — numerator=0.000, denominator=0.051 (repeats for this event suppressed)
Event 126: >5% quadrature weight outside P_det grid — numerator=0.000, denominator=0.072 (repeats for this event suppressed)
Event 126: >5% quadrature weight outside P_det grid — numerator=0.000, denominator=0.069 (repeats for this event suppressed)
Event 126: >5% quadrature weight outside P_det grid — numerator=0.000, denominator=0.060 (repeats for this event suppressed)
Event 126: >5% quadrature weight outside P_det grid — numerator=0.000, denominator=0.057 (repeats for this event suppressed)
Event 126: >5% quadrature weight outside P_det grid — numerator=0.000, denominator=0.059 (repeats for this event suppressed)
Event 126: >5% quadrature weight outside P_det grid — numerator=0.000, denominator=0.054 (repeats for this event suppressed)
Event 129: >5% quadrature weight outside P_det grid — numerator=0.000, denominator=0.053 (repeats for this event suppressed)
Event 129: >5% quadrature weight outside P_det grid — numerator=0.000, denominator=0.069 (repeats for this event suppressed)
Event 129: >5% quadrature weight outside P_det grid — numerator=0.000, denominator=0.064 (repeats for this event suppressed)
Event 129: >5% quadrature weight outside P_det grid — numerator=0.000, denominator=0.058 (repeats for this event suppressed)
Event 130: >5% quadrature weight outside P_det grid — numerator=0.000, denominator=0.057 (repeats for this event suppressed)
Event 130: >5% quadrature weight outside P_det grid — numerator=0.000, denominator=0.056 (repeats for this event suppressed)
Event 130: >5% quadrature weight outside P_det grid — numerator=0.000, denominator=0.058 (repeats for this event suppressed)
Event 130: >5% quadrature weight outside P_det grid — numerator=0.000, denominator=0.060 (repeats for this event suppressed)
Event 130: >5% quadrature weight outside P_det grid — numerator=0.000, denominator=0.066 (repeats for this event suppressed)
Event 130: >5% quadrature weight outside P_det grid — numerator=0.000, denominator=0.053 (repeats for this event suppressed)
Event 130: >5% quadrature weight outside P_det grid — numerator=0.000, denominator=0.063 (repeats for this event suppressed)
Event 130: >5% quadrature weight outside P_det grid — numerator=0.000, denominator=0.056 (repeats for this event suppressed)
Event 130: >5% quadrature weight outside P_det grid — numerator=0.000, denominator=0.058 (repeats for this event suppressed)
Event 130: >5% quadrature weight outside P_det grid — numerator=0.000, denominator=0.059 (repeats for this event suppressed)
Event 130: >5% quadrature weight outside P_det grid — numerator=0.000, denominator=0.051 (repeats for this event suppressed)
Event 130: >5% quadrature weight outside P_det grid — numerator=0.000, denominator=0.061 (repeats for this event suppressed)
Event 130: >5% quadrature weight outside P_det grid — numerator=0.000, denominator=0.055 (repeats for this event suppressed)
Event 130: >5% quadrature weight outside P_det grid — numerator=0.000, denominator=0.068 (repeats for this event suppressed)
Event 131: >5% quadrature weight outside P_det grid — numerator=0.000, denominator=0.057 (repeats for this event suppressed)
Event 131: >5% quadrature weight outside P_det grid — numerator=0.000, denominator=0.058 (repeats for this event suppressed)
Event 131: >5% quadrature weight outside P_det grid — numerator=0.000, denominator=0.062 (repeats for this event suppressed)
Event 131: >5% quadrature weight outside P_det grid — numerator=0.000, denominator=0.055 (repeats for this event suppressed)
Event 132: >5% quadrature weight outside P_det grid — numerator=0.000, denominator=0.085 (repeats for this event suppressed)
Event 138: >5% quadrature weight outside P_det grid — numerator=0.000, denominator=0.072 (repeats for this event suppressed)
Event 138: >5% quadrature weight outside P_det grid — numerator=0.000, denominator=0.051 (repeats for this event suppressed)
Event 138: >5% quadrature weight outside P_det grid — numerator=0.000, denominator=0.075 (repeats for this event suppressed)
Event 138: >5% quadrature weight outside P_det grid — numerator=0.000, denominator=0.074 (repeats for this event suppressed)
Event 138: >5% quadrature weight outside P_det grid — numerator=0.000, denominator=0.064 (repeats for this event suppressed)
Event 138: >5% quadrature weight outside P_det grid — numerator=0.000, denominator=0.063 (repeats for this event suppressed)
Event 138: >5% quadrature weight outside P_det grid — numerator=0.000, denominator=0.053 (repeats for this event suppressed)
Event 138: >5% quadrature weight outside P_det grid — numerator=0.000, denominator=0.053 (repeats for this event suppressed)
Event 138: >5% quadrature weight outside P_det grid — numerator=0.000, denominator=0.082 (repeats for this event suppressed)
Event 138: >5% quadrature weight outside P_det grid — numerator=0.000, denominator=0.074 (repeats for this event suppressed)
Event 138: >5% quadrature weight outside P_det grid — numerator=0.000, denominator=0.059 (repeats for this event suppressed)
Event 138: >5% quadrature weight outside P_det grid — numerator=0.000, denominator=0.061 (repeats for this event suppressed)
Event 138: >5% quadrature weight outside P_det grid — numerator=0.000, denominator=0.061 (repeats for this event suppressed)
Event 138: >5% quadrature weight outside P_det grid — numerator=0.000, denominator=0.060 (repeats for this event suppressed)
Event 139: >5% quadrature weight outside P_det grid — numerator=0.000, denominator=0.051 (repeats for this event suppressed)
Event 139: >5% quadrature weight outside P_det grid — numerator=0.000, denominator=0.053 (repeats for this event suppressed)
Event 139: >5% quadrature weight outside P_det grid — numerator=0.000, denominator=0.051 (repeats for this event suppressed)
Event 139: >5% quadrature weight outside P_det grid — numerator=0.000, denominator=0.058 (repeats for this event suppressed)
Event 139: >5% quadrature weight outside P_det grid — numerator=0.000, denominator=0.064 (repeats for this event suppressed)
Event 139: >5% quadrature weight outside P_det grid — numerator=0.000, denominator=0.065 (repeats for this event suppressed)
Event 139: >5% quadrature weight outside P_det grid — numerator=0.000, denominator=0.053 (repeats for this event suppressed)
Event 139: >5% quadrature weight outside P_det grid — numerator=0.000, denominator=0.059 (repeats for this event suppressed)
Event 139: >5% quadrature weight outside P_det grid — numerator=0.000, denominator=0.060 (repeats for this event suppressed)
Event 139: >5% quadrature weight outside P_det grid — numerator=0.000, denominator=0.064 (repeats for this event suppressed)
Event 139: >5% quadrature weight outside P_det grid — numerator=0.000, denominator=0.053 (repeats for this event suppressed)
Event 139: >5% quadrature weight outside P_det grid — numerator=0.000, denominator=0.051 (repeats for this event suppressed)
Event 139: >5% quadrature weight outside P_det grid — numerator=0.000, denominator=0.055 (repeats for this event suppressed)
Event 139: >5% quadrature weight outside P_det grid — numerator=0.000, denominator=0.065 (repeats for this event suppressed)
Event 140: >5% quadrature weight outside P_det grid — numerator=0.000, denominator=0.061 (repeats for this event suppressed)
Event 140: >5% quadrature weight outside P_det grid — numerator=0.000, denominator=0.064 (repeats for this event suppressed)
Event 140: >5% quadrature weight outside P_det grid — numerator=0.000, denominator=0.055 (repeats for this event suppressed)
Event 140: >5% quadrature weight outside P_det grid — numerator=0.000, denominator=0.059 (repeats for this event suppressed)
Event 140: >5% quadrature weight outside P_det grid — numerator=0.000, denominator=0.064 (repeats for this event suppressed)
Event 140: >5% quadrature weight outside P_det grid — numerator=0.000, denominator=0.068 (repeats for this event suppressed)
Event 140: >5% quadrature weight outside P_det grid — numerator=0.000, denominator=0.055 (repeats for this event suppressed)
Event 140: >5% quadrature weight outside P_det grid — numerator=0.000, denominator=0.061 (repeats for this event suppressed)
Event 140: >5% quadrature weight outside P_det grid — numerator=0.000, denominator=0.051 (repeats for this event suppressed)
Event 140: >5% quadrature weight outside P_det grid — numerator=0.000, denominator=0.064 (repeats for this event suppressed)
Event 140: >5% quadrature weight outside P_det grid — numerator=0.000, denominator=0.052 (repeats for this event suppressed)
Event 140: >5% quadrature weight outside P_det grid — numerator=0.000, denominator=0.058 (repeats for this event suppressed)
Event 140: >5% quadrature weight outside P_det grid — numerator=0.000, denominator=0.060 (repeats for this event suppressed)
Event 140: >5% quadrature weight outside P_det grid — numerator=0.000, denominator=0.068 (repeats for this event suppressed)
Event 143: >5% quadrature weight outside P_det grid — numerator=0.000, denominator=0.055 (repeats for this event suppressed)
Event 143: >5% quadrature weight outside P_det grid — numerator=0.000, denominator=0.075 (repeats for this event suppressed)
Event 143: >5% quadrature weight outside P_det grid — numerator=0.000, denominator=0.054 (repeats for this event suppressed)
Event 143: >5% quadrature weight outside P_det grid — numerator=0.000, denominator=0.057 (repeats for this event suppressed)
Event 143: >5% quadrature weight outside P_det grid — numerator=0.000, denominator=0.055 (repeats for this event suppressed)
Event 143: >5% quadrature weight outside P_det grid — numerator=0.000, denominator=0.053 (repeats for this event suppressed)
Event 143: >5% quadrature weight outside P_det grid — numerator=0.000, denominator=0.052 (repeats for this event suppressed)
Event 143: >5% quadrature weight outside P_det grid — numerator=0.000, denominator=0.053 (repeats for this event suppressed)
Event 143: >5% quadrature weight outside P_det grid — numerator=0.000, denominator=0.060 (repeats for this event suppressed)
Event 143: >5% quadrature weight outside P_det grid — numerator=0.000, denominator=0.055 (repeats for this event suppressed)
Event 143: >5% quadrature weight outside P_det grid — numerator=0.000, denominator=0.065 (repeats for this event suppressed)
Event 143: >5% quadrature weight outside P_det grid — numerator=0.000, denominator=0.055 (repeats for this event suppressed)
Event 143: >5% quadrature weight outside P_det grid — numerator=0.000, denominator=0.065 (repeats for this event suppressed)
Event 143: >5% quadrature weight outside P_det grid — numerator=0.000, denominator=0.052 (repeats for this event suppressed)
Event 146: >5% quadrature weight outside P_det grid — numerator=0.000, denominator=0.071 (repeats for this event suppressed)
Event 146: >5% quadrature weight outside P_det grid — numerator=0.000, denominator=0.066 (repeats for this event suppressed)
Event 146: >5% quadrature weight outside P_det grid — numerator=0.000, denominator=0.055 (repeats for this event suppressed)
Event 146: >5% quadrature weight outside P_det grid — numerator=0.000, denominator=0.069 (repeats for this event suppressed)
Event 146: >5% quadrature weight outside P_det grid — numerator=0.000, denominator=0.074 (repeats for this event suppressed)
Event 146: >5% quadrature weight outside P_det grid — numerator=0.000, denominator=0.052 (repeats for this event suppressed)
Event 146: >5% quadrature weight outside P_det grid — numerator=0.000, denominator=0.063 (repeats for this event suppressed)
Event 146: >5% quadrature weight outside P_det grid — numerator=0.000, denominator=0.060 (repeats for this event suppressed)
Event 146: >5% quadrature weight outside P_det grid — numerator=0.000, denominator=0.050 (repeats for this event suppressed)
Event 146: >5% quadrature weight outside P_det grid — numerator=0.000, denominator=0.054 (repeats for this event suppressed)
Event 146: >5% quadrature weight outside P_det grid — numerator=0.000, denominator=0.062 (repeats for this event suppressed)
Event 146: >5% quadrature weight outside P_det grid — numerator=0.000, denominator=0.067 (repeats for this event suppressed)
Event 146: >5% quadrature weight outside P_det grid — numerator=0.000, denominator=0.058 (repeats for this event suppressed)
Event 146: >5% quadrature weight outside P_det grid — numerator=0.000, denominator=0.059 (repeats for this event suppressed)
Detection 146: fused completion mass factor zero at 50/50 quadrature nodes (0 beyond the detection horizon, S_4D=0; 50 off the phi support).
Event 148: >5% quadrature weight outside P_det grid — numerator=0.635, denominator=0.086 (repeats for this event suppressed)
Event 151: >5% quadrature weight outside P_det grid — numerator=0.000, denominator=0.059 (repeats for this event suppressed)
Event 151: >5% quadrature weight outside P_det grid — numerator=0.000, denominator=0.056 (repeats for this event suppressed)
Event 151: >5% quadrature weight outside P_det grid — numerator=0.000, denominator=0.059 (repeats for this event suppressed)
Event 151: >5% quadrature weight outside P_det grid — numerator=0.000, denominator=0.062 (repeats for this event suppressed)
Event 151: >5% quadrature weight outside P_det grid — numerator=0.000, denominator=0.066 (repeats for this event suppressed)
Event 152: >5% quadrature weight outside P_det grid — numerator=0.000, denominator=0.055 (repeats for this event suppressed)
Event 152: >5% quadrature weight outside P_det grid — numerator=0.000, denominator=0.058 (repeats for this event suppressed)
Event 152: >5% quadrature weight outside P_det grid — numerator=0.000, denominator=0.056 (repeats for this event suppressed)
Event 152: >5% quadrature weight outside P_det grid — numerator=0.000, denominator=0.061 (repeats for this event suppressed)
Event 152: >5% quadrature weight outside P_det grid — numerator=0.000, denominator=0.052 (repeats for this event suppressed)
Event 152: >5% quadrature weight outside P_det grid — numerator=0.000, denominator=0.051 (repeats for this event suppressed)
Event 152: >5% quadrature weight outside P_det grid — numerator=0.000, denominator=0.056 (repeats for this event suppressed)
Event 152: >5% quadrature weight outside P_det grid — numerator=0.000, denominator=0.061 (repeats for this event suppressed)
Event 152: >5% quadrature weight outside P_det grid — numerator=0.000, denominator=0.057 (repeats for this event suppressed)
Event 152: >5% quadrature weight outside P_det grid — numerator=0.000, denominator=0.064 (repeats for this event suppressed)
Event 152: >5% quadrature weight outside P_det grid — numerator=0.000, denominator=0.082 (repeats for this event suppressed)
Event 152: >5% quadrature weight outside P_det grid — numerator=0.000, denominator=0.068 (repeats for this event suppressed)
Event 153: >5% quadrature weight outside P_det grid — numerator=0.000, denominator=0.077 (repeats for this event suppressed)
Event 153: >5% quadrature weight outside P_det grid — numerator=0.000, denominator=0.053 (repeats for this event suppressed)
Event 153: >5% quadrature weight outside P_det grid — numerator=0.000, denominator=0.075 (repeats for this event suppressed)
Event 153: >5% quadrature weight outside P_det grid — numerator=0.000, denominator=0.060 (repeats for this event suppressed)
Event 153: >5% quadrature weight outside P_det grid — numerator=0.000, denominator=0.066 (repeats for this event suppressed)
Event 153: >5% quadrature weight outside P_det grid — numerator=0.000, denominator=0.073 (repeats for this event suppressed)
Event 153: >5% quadrature weight outside P_det grid — numerator=0.000, denominator=0.074 (repeats for this event suppressed)
Event 153: >5% quadrature weight outside P_det grid — numerator=0.000, denominator=0.061 (repeats for this event suppressed)
Event 153: >5% quadrature weight outside P_det grid — numerator=0.000, denominator=0.055 (repeats for this event suppressed)
Event 153: >5% quadrature weight outside P_det grid — numerator=0.000, denominator=0.056 (repeats for this event suppressed)
Event 153: >5% quadrature weight outside P_det grid — numerator=0.000, denominator=0.053 (repeats for this event suppressed)
Event 153: >5% quadrature weight outside P_det grid — numerator=0.000, denominator=0.062 (repeats for this event suppressed)
Event 153: >5% quadrature weight outside P_det grid — numerator=0.000, denominator=0.061 (repeats for this event suppressed)
Event 153: >5% quadrature weight outside P_det grid — numerator=0.000, denominator=0.071 (repeats for this event suppressed)
Event 156: >5% quadrature weight outside P_det grid — numerator=0.000, denominator=0.062 (repeats for this event suppressed)
Event 156: >5% quadrature weight outside P_det grid — numerator=0.000, denominator=0.057 (repeats for this event suppressed)
Event 156: >5% quadrature weight outside P_det grid — numerator=0.000, denominator=0.051 (repeats for this event suppressed)
Event 156: >5% quadrature weight outside P_det grid — numerator=0.000, denominator=0.051 (repeats for this event suppressed)
Event 156: >5% quadrature weight outside P_det grid — numerator=0.000, denominator=0.051 (repeats for this event suppressed)
Event 156: >5% quadrature weight outside P_det grid — numerator=0.000, denominator=0.059 (repeats for this event suppressed)
Event 156: >5% quadrature weight outside P_det grid — numerator=0.000, denominator=0.056 (repeats for this event suppressed)
Event 156: >5% quadrature weight outside P_det grid — numerator=0.000, denominator=0.055 (repeats for this event suppressed)
Event 156: >5% quadrature weight outside P_det grid — numerator=0.000, denominator=0.055 (repeats for this event suppressed)
Event 156: >5% quadrature weight outside P_det grid — numerator=0.000, denominator=0.053 (repeats for this event suppressed)
Event 156: >5% quadrature weight outside P_det grid — numerator=0.000, denominator=0.052 (repeats for this event suppressed)
Event 156: >5% quadrature weight outside P_det grid — numerator=0.000, denominator=0.051 (repeats for this event suppressed)
Event 156: >5% quadrature weight outside P_det grid — numerator=0.000, denominator=0.064 (repeats for this event suppressed)
Event 156: >5% quadrature weight outside P_det grid — numerator=0.000, denominator=0.057 (repeats for this event suppressed)
Event 159: >5% quadrature weight outside P_det grid — numerator=0.000, denominator=0.060 (repeats for this event suppressed)
Event 159: >5% quadrature weight outside P_det grid — numerator=0.000, denominator=0.060 (repeats for this event suppressed)
Event 159: >5% quadrature weight outside P_det grid — numerator=0.000, denominator=0.081 (repeats for this event suppressed)
Event 159: >5% quadrature weight outside P_det grid — numerator=0.000, denominator=0.106 (repeats for this event suppressed)
Event 159: >5% quadrature weight outside P_det grid — numerator=0.000, denominator=0.054 (repeats for this event suppressed)
Event 159: >5% quadrature weight outside P_det grid — numerator=0.000, denominator=0.058 (repeats for this event suppressed)
Event 159: >5% quadrature weight outside P_det grid — numerator=0.000, denominator=0.072 (repeats for this event suppressed)
Event 159: >5% quadrature weight outside P_det grid — numerator=0.000, denominator=0.072 (repeats for this event suppressed)
Event 159: >5% quadrature weight outside P_det grid — numerator=0.000, denominator=0.089 (repeats for this event suppressed)
Event 159: >5% quadrature weight outside P_det grid — numerator=0.000, denominator=0.084 (repeats for this event suppressed)
Event 159: >5% quadrature weight outside P_det grid — numerator=0.000, denominator=0.078 (repeats for this event suppressed)
Event 162: >5% quadrature weight outside P_det grid — numerator=0.000, denominator=0.052 (repeats for this event suppressed)
Event 162: >5% quadrature weight outside P_det grid — numerator=0.000, denominator=0.053 (repeats for this event suppressed)
Event 162: >5% quadrature weight outside P_det grid — numerator=0.000, denominator=0.051 (repeats for this event suppressed)
Event 162: >5% quadrature weight outside P_det grid — numerator=0.000, denominator=0.059 (repeats for this event suppressed)
Event 162: >5% quadrature weight outside P_det grid — numerator=0.000, denominator=0.055 (repeats for this event suppressed)
Event 162: >5% quadrature weight outside P_det grid — numerator=0.000, denominator=0.055 (repeats for this event suppressed)
Event 162: >5% quadrature weight outside P_det grid — numerator=0.000, denominator=0.052 (repeats for this event suppressed)
Event 162: >5% quadrature weight outside P_det grid — numerator=0.000, denominator=0.065 (repeats for this event suppressed)
Event 162: >5% quadrature weight outside P_det grid — numerator=0.000, denominator=0.066 (repeats for this event suppressed)
Event 162: >5% quadrature weight outside P_det grid — numerator=0.000, denominator=0.061 (repeats for this event suppressed)
Event 162: >5% quadrature weight outside P_det grid — numerator=0.000, denominator=0.053 (repeats for this event suppressed)
Event 162: >5% quadrature weight outside P_det grid — numerator=0.000, denominator=0.056 (repeats for this event suppressed)
Event 162: >5% quadrature weight outside P_det grid — numerator=0.000, denominator=0.058 (repeats for this event suppressed)
Event 162: >5% quadrature weight outside P_det grid — numerator=0.000, denominator=0.062 (repeats for this event suppressed)
Event 164: >5% quadrature weight outside P_det grid — numerator=0.000, denominator=0.051 (repeats for this event suppressed)
Event 164: >5% quadrature weight outside P_det grid — numerator=0.000, denominator=0.051 (repeats for this event suppressed)
Event 164: >5% quadrature weight outside P_det grid — numerator=0.000, denominator=0.052 (repeats for this event suppressed)
Event 164: >5% quadrature weight outside P_det grid — numerator=0.000, denominator=0.053 (repeats for this event suppressed)
Event 164: >5% quadrature weight outside P_det grid — numerator=0.000, denominator=0.052 (repeats for this event suppressed)
Event 164: >5% quadrature weight outside P_det grid — numerator=0.000, denominator=0.051 (repeats for this event suppressed)
Event 164: >5% quadrature weight outside P_det grid — numerator=0.000, denominator=0.053 (repeats for this event suppressed)
Event 164: >5% quadrature weight outside P_det grid — numerator=0.000, denominator=0.055 (repeats for this event suppressed)
Event 164: >5% quadrature weight outside P_det grid — numerator=0.000, denominator=0.056 (repeats for this event suppressed)
Event 164: >5% quadrature weight outside P_det grid — numerator=0.000, denominator=0.051 (repeats for this event suppressed)
Event 164: >5% quadrature weight outside P_det grid — numerator=0.000, denominator=0.055 (repeats for this event suppressed)
Event 164: >5% quadrature weight outside P_det grid — numerator=0.000, denominator=0.052 (repeats for this event suppressed)
Event 164: >5% quadrature weight outside P_det grid — numerator=0.000, denominator=0.055 (repeats for this event suppressed)
Event 164: >5% quadrature weight outside P_det grid — numerator=0.000, denominator=0.053 (repeats for this event suppressed)
Event 168: >5% quadrature weight outside P_det grid — numerator=0.000, denominator=0.059 (repeats for this event suppressed)
Event 168: >5% quadrature weight outside P_det grid — numerator=0.000, denominator=0.062 (repeats for this event suppressed)
Event 168: >5% quadrature weight outside P_det grid — numerator=0.000, denominator=0.067 (repeats for this event suppressed)
Event 168: >5% quadrature weight outside P_det grid — numerator=0.000, denominator=0.054 (repeats for this event suppressed)
Event 168: >5% quadrature weight outside P_det grid — numerator=0.000, denominator=0.060 (repeats for this event suppressed)
Event 168: >5% quadrature weight outside P_det grid — numerator=0.000, denominator=0.056 (repeats for this event suppressed)
Event 168: >5% quadrature weight outside P_det grid — numerator=0.000, denominator=0.053 (repeats for this event suppressed)
Event 168: >5% quadrature weight outside P_det grid — numerator=0.000, denominator=0.053 (repeats for this event suppressed)
Event 168: >5% quadrature weight outside P_det grid — numerator=0.000, denominator=0.052 (repeats for this event suppressed)
Event 168: >5% quadrature weight outside P_det grid — numerator=0.000, denominator=0.057 (repeats for this event suppressed)
Event 168: >5% quadrature weight outside P_det grid — numerator=0.000, denominator=0.056 (repeats for this event suppressed)
Event 168: >5% quadrature weight outside P_det grid — numerator=0.000, denominator=0.068 (repeats for this event suppressed)
Event 168: >5% quadrature weight outside P_det grid — numerator=0.000, denominator=0.054 (repeats for this event suppressed)
Event 168: >5% quadrature weight outside P_det grid — numerator=0.000, denominator=0.059 (repeats for this event suppressed)
Event 170: >5% quadrature weight outside P_det grid — numerator=0.000, denominator=0.067 (repeats for this event suppressed)
Event 170: >5% quadrature weight outside P_det grid — numerator=0.000, denominator=0.078 (repeats for this event suppressed)
Event 170: >5% quadrature weight outside P_det grid — numerator=0.000, denominator=0.072 (repeats for this event suppressed)
Event 170: >5% quadrature weight outside P_det grid — numerator=0.000, denominator=0.148 (repeats for this event suppressed)
Event 170: >5% quadrature weight outside P_det grid — numerator=0.000, denominator=0.069 (repeats for this event suppressed)
Event 170: >5% quadrature weight outside P_det grid — numerator=0.000, denominator=0.069 (repeats for this event suppressed)
Event 170: >5% quadrature weight outside P_det grid — numerator=0.000, denominator=0.066 (repeats for this event suppressed)
Event 170: >5% quadrature weight outside P_det grid — numerator=0.000, denominator=0.067 (repeats for this event suppressed)
Event 170: >5% quadrature weight outside P_det grid — numerator=0.000, denominator=0.072 (repeats for this event suppressed)
Event 170: >5% quadrature weight outside P_det grid — numerator=0.000, denominator=0.071 (repeats for this event suppressed)
Event 170: >5% quadrature weight outside P_det grid — numerator=0.000, denominator=0.075 (repeats for this event suppressed)
Event 170: >5% quadrature weight outside P_det grid — numerator=0.000, denominator=0.070 (repeats for this event suppressed)
Event 170: >5% quadrature weight outside P_det grid — numerator=0.000, denominator=0.074 (repeats for this event suppressed)
Event 170: >5% quadrature weight outside P_det grid — numerator=0.000, denominator=0.067 (repeats for this event suppressed)
Event 173: >5% quadrature weight outside P_det grid — numerator=0.000, denominator=0.057 (repeats for this event suppressed)
Event 173: >5% quadrature weight outside P_det grid — numerator=0.000, denominator=0.055 (repeats for this event suppressed)
Event 173: >5% quadrature weight outside P_det grid — numerator=0.000, denominator=0.051 (repeats for this event suppressed)
Event 173: >5% quadrature weight outside P_det grid — numerator=0.000, denominator=0.059 (repeats for this event suppressed)
Event 173: >5% quadrature weight outside P_det grid — numerator=0.000, denominator=0.066 (repeats for this event suppressed)
Event 173: >5% quadrature weight outside P_det grid — numerator=0.000, denominator=0.062 (repeats for this event suppressed)
Event 173: >5% quadrature weight outside P_det grid — numerator=0.000, denominator=0.053 (repeats for this event suppressed)
Event 173: >5% quadrature weight outside P_det grid — numerator=0.000, denominator=0.056 (repeats for this event suppressed)
Event 173: >5% quadrature weight outside P_det grid — numerator=0.000, denominator=0.051 (repeats for this event suppressed)
Event 173: >5% quadrature weight outside P_det grid — numerator=0.000, denominator=0.053 (repeats for this event suppressed)
Event 173: >5% quadrature weight outside P_det grid — numerator=0.000, denominator=0.061 (repeats for this event suppressed)
Event 173: >5% quadrature weight outside P_det grid — numerator=0.000, denominator=0.050 (repeats for this event suppressed)
Event 173: >5% quadrature weight outside P_det grid — numerator=0.000, denominator=0.061 (repeats for this event suppressed)
Event 173: >5% quadrature weight outside P_det grid — numerator=0.000, denominator=0.054 (repeats for this event suppressed)
Event 175: >5% quadrature weight outside P_det grid — numerator=0.000, denominator=0.094 (repeats for this event suppressed)
Event 175: >5% quadrature weight outside P_det grid — numerator=0.000, denominator=0.059 (repeats for this event suppressed)
Event 175: >5% quadrature weight outside P_det grid — numerator=0.000, denominator=0.067 (repeats for this event suppressed)
Event 175: >5% quadrature weight outside P_det grid — numerator=0.000, denominator=0.059 (repeats for this event suppressed)
Event 175: >5% quadrature weight outside P_det grid — numerator=0.000, denominator=0.069 (repeats for this event suppressed)
Event 175: >5% quadrature weight outside P_det grid — numerator=0.000, denominator=0.056 (repeats for this event suppressed)
Event 175: >5% quadrature weight outside P_det grid — numerator=0.000, denominator=0.057 (repeats for this event suppressed)
Event 175: >5% quadrature weight outside P_det grid — numerator=0.000, denominator=0.061 (repeats for this event suppressed)
Event 175: >5% quadrature weight outside P_det grid — numerator=0.000, denominator=0.054 (repeats for this event suppressed)
Event 175: >5% quadrature weight outside P_det grid — numerator=0.000, denominator=0.075 (repeats for this event suppressed)
Event 175: >5% quadrature weight outside P_det grid — numerator=0.000, denominator=0.054 (repeats for this event suppressed)
Event 175: >5% quadrature weight outside P_det grid — numerator=0.000, denominator=0.061 (repeats for this event suppressed)
Event 175: >5% quadrature weight outside P_det grid — numerator=0.000, denominator=0.075 (repeats for this event suppressed)
Event 175: >5% quadrature weight outside P_det grid — numerator=0.000, denominator=0.056 (repeats for this event suppressed)
Event 176: >5% quadrature weight outside P_det grid — numerator=0.000, denominator=0.051 (repeats for this event suppressed)
Event 176: >5% quadrature weight outside P_det grid — numerator=0.000, denominator=0.078 (repeats for this event suppressed)
Detection 176: fused completion mass factor zero at 50/50 quadrature nodes (0 beyond the detection horizon, S_4D=0; 50 off the phi support).
Event 178: >5% quadrature weight outside P_det grid — numerator=0.000, denominator=0.067 (repeats for this event suppressed)
Event 178: >5% quadrature weight outside P_det grid — numerator=0.000, denominator=0.055 (repeats for this event suppressed)
Event 178: >5% quadrature weight outside P_det grid — numerator=0.000, denominator=0.080 (repeats for this event suppressed)
Event 178: >5% quadrature weight outside P_det grid — numerator=0.000, denominator=0.077 (repeats for this event suppressed)
Event 178: >5% quadrature weight outside P_det grid — numerator=0.000, denominator=0.061 (repeats for this event suppressed)
Event 178: >5% quadrature weight outside P_det grid — numerator=0.000, denominator=0.055 (repeats for this event suppressed)
Event 178: >5% quadrature weight outside P_det grid — numerator=0.000, denominator=0.070 (repeats for this event suppressed)
Event 178: >5% quadrature weight outside P_det grid — numerator=0.000, denominator=0.080 (repeats for this event suppressed)
Event 178: >5% quadrature weight outside P_det grid — numerator=0.000, denominator=0.067 (repeats for this event suppressed)
Event 178: >5% quadrature weight outside P_det grid — numerator=0.000, denominator=0.054 (repeats for this event suppressed)
Event 178: >5% quadrature weight outside P_det grid — numerator=0.000, denominator=0.060 (repeats for this event suppressed)
Event 178: >5% quadrature weight outside P_det grid — numerator=0.000, denominator=0.057 (repeats for this event suppressed)
Event 178: >5% quadrature weight outside P_det grid — numerator=0.000, denominator=0.055 (repeats for this event suppressed)
Event 178: >5% quadrature weight outside P_det grid — numerator=0.000, denominator=0.069 (repeats for this event suppressed)
Detection 178: fused completion mass factor zero at 50/50 quadrature nodes (0 beyond the detection horizon, S_4D=0; 50 off the phi support).
Event 179: >5% quadrature weight outside P_det grid — numerator=0.000, denominator=0.069 (repeats for this event suppressed)
Event 179: >5% quadrature weight outside P_det grid — numerator=0.000, denominator=0.062 (repeats for this event suppressed)
Event 179: >5% quadrature weight outside P_det grid — numerator=0.000, denominator=0.079 (repeats for this event suppressed)
Event 179: >5% quadrature weight outside P_det grid — numerator=0.000, denominator=0.072 (repeats for this event suppressed)
Event 179: >5% quadrature weight outside P_det grid — numerator=0.000, denominator=0.062 (repeats for this event suppressed)
Event 179: >5% quadrature weight outside P_det grid — numerator=0.000, denominator=0.080 (repeats for this event suppressed)
Event 179: >5% quadrature weight outside P_det grid — numerator=0.000, denominator=0.065 (repeats for this event suppressed)
Event 179: >5% quadrature weight outside P_det grid — numerator=0.000, denominator=0.075 (repeats for this event suppressed)
Event 179: >5% quadrature weight outside P_det grid — numerator=0.000, denominator=0.061 (repeats for this event suppressed)
Event 179: >5% quadrature weight outside P_det grid — numerator=0.000, denominator=0.057 (repeats for this event suppressed)
Event 179: >5% quadrature weight outside P_det grid — numerator=0.000, denominator=0.062 (repeats for this event suppressed)
Event 179: >5% quadrature weight outside P_det grid — numerator=0.000, denominator=0.063 (repeats for this event suppressed)
Event 179: >5% quadrature weight outside P_det grid — numerator=0.000, denominator=0.073 (repeats for this event suppressed)
Event 179: >5% quadrature weight outside P_det grid — numerator=0.000, denominator=0.068 (repeats for this event suppressed)
Event 180: >5% quadrature weight outside P_det grid — numerator=0.000, denominator=0.061 (repeats for this event suppressed)
Event 180: >5% quadrature weight outside P_det grid — numerator=0.000, denominator=0.075 (repeats for this event suppressed)
Event 180: >5% quadrature weight outside P_det grid — numerator=0.000, denominator=0.051 (repeats for this event suppressed)
Event 180: >5% quadrature weight outside P_det grid — numerator=0.000, denominator=0.135 (repeats for this event suppressed)
Event 180: >5% quadrature weight outside P_det grid — numerator=0.000, denominator=0.064 (repeats for this event suppressed)
Event 180: >5% quadrature weight outside P_det grid — numerator=0.000, denominator=0.062 (repeats for this event suppressed)
Event 180: >5% quadrature weight outside P_det grid — numerator=0.000, denominator=0.066 (repeats for this event suppressed)
Event 180: >5% quadrature weight outside P_det grid — numerator=0.000, denominator=0.061 (repeats for this event suppressed)
Event 180: >5% quadrature weight outside P_det grid — numerator=0.000, denominator=0.059 (repeats for this event suppressed)
Event 180: >5% quadrature weight outside P_det grid — numerator=0.000, denominator=0.062 (repeats for this event suppressed)
Event 180: >5% quadrature weight outside P_det grid — numerator=0.000, denominator=0.157 (repeats for this event suppressed)
Event 180: >5% quadrature weight outside P_det grid — numerator=0.000, denominator=0.069 (repeats for this event suppressed)
Event 180: >5% quadrature weight outside P_det grid — numerator=0.000, denominator=0.073 (repeats for this event suppressed)
Event 180: >5% quadrature weight outside P_det grid — numerator=0.000, denominator=0.060 (repeats for this event suppressed)
Event 182: >5% quadrature weight outside P_det grid — numerator=0.000, denominator=0.066 (repeats for this event suppressed)
Event 182: >5% quadrature weight outside P_det grid — numerator=0.000, denominator=0.053 (repeats for this event suppressed)
Event 182: >5% quadrature weight outside P_det grid — numerator=0.000, denominator=0.055 (repeats for this event suppressed)
Event 182: >5% quadrature weight outside P_det grid — numerator=0.000, denominator=0.051 (repeats for this event suppressed)
Event 182: >5% quadrature weight outside P_det grid — numerator=0.000, denominator=0.061 (repeats for this event suppressed)
Event 182: >5% quadrature weight outside P_det grid — numerator=0.000, denominator=0.052 (repeats for this event suppressed)
Event 182: >5% quadrature weight outside P_det grid — numerator=0.000, denominator=0.062 (repeats for this event suppressed)
Event 182: >5% quadrature weight outside P_det grid — numerator=0.000, denominator=0.056 (repeats for this event suppressed)
Event 182: >5% quadrature weight outside P_det grid — numerator=0.000, denominator=0.070 (repeats for this event suppressed)
Event 182: >5% quadrature weight outside P_det grid — numerator=0.000, denominator=0.062 (repeats for this event suppressed)
Event 182: >5% quadrature weight outside P_det grid — numerator=0.000, denominator=0.064 (repeats for this event suppressed)
Event 182: >5% quadrature weight outside P_det grid — numerator=0.000, denominator=0.063 (repeats for this event suppressed)
Event 182: >5% quadrature weight outside P_det grid — numerator=0.000, denominator=0.052 (repeats for this event suppressed)
Event 182: >5% quadrature weight outside P_det grid — numerator=0.000, denominator=0.051 (repeats for this event suppressed)
Event 183: >5% quadrature weight outside P_det grid — numerator=0.000, denominator=0.064 (repeats for this event suppressed)
Event 183: >5% quadrature weight outside P_det grid — numerator=0.000, denominator=0.085 (repeats for this event suppressed)
Event 183: >5% quadrature weight outside P_det grid — numerator=0.000, denominator=0.090 (repeats for this event suppressed)
Event 183: >5% quadrature weight outside P_det grid — numerator=0.000, denominator=0.062 (repeats for this event suppressed)
Event 183: >5% quadrature weight outside P_det grid — numerator=0.000, denominator=0.056 (repeats for this event suppressed)
Event 183: >5% quadrature weight outside P_det grid — numerator=0.000, denominator=0.062 (repeats for this event suppressed)
Event 183: >5% quadrature weight outside P_det grid — numerator=0.000, denominator=0.065 (repeats for this event suppressed)
Event 183: >5% quadrature weight outside P_det grid — numerator=0.000, denominator=0.065 (repeats for this event suppressed)
Event 183: >5% quadrature weight outside P_det grid — numerator=0.000, denominator=0.058 (repeats for this event suppressed)
Event 183: >5% quadrature weight outside P_det grid — numerator=0.000, denominator=0.089 (repeats for this event suppressed)
Event 183: >5% quadrature weight outside P_det grid — numerator=0.000, denominator=0.069 (repeats for this event suppressed)
Event 183: >5% quadrature weight outside P_det grid — numerator=0.000, denominator=0.088 (repeats for this event suppressed)
Event 183: >5% quadrature weight outside P_det grid — numerator=0.000, denominator=0.061 (repeats for this event suppressed)
Event 183: >5% quadrature weight outside P_det grid — numerator=0.000, denominator=0.079 (repeats for this event suppressed)
Event 185: >5% quadrature weight outside P_det grid — numerator=0.000, denominator=0.054 (repeats for this event suppressed)
Event 185: >5% quadrature weight outside P_det grid — numerator=0.000, denominator=0.053 (repeats for this event suppressed)
Event 185: >5% quadrature weight outside P_det grid — numerator=0.000, denominator=0.062 (repeats for this event suppressed)
Event 185: >5% quadrature weight outside P_det grid — numerator=0.000, denominator=0.058 (repeats for this event suppressed)
Event 185: >5% quadrature weight outside P_det grid — numerator=0.000, denominator=0.057 (repeats for this event suppressed)
Event 185: >5% quadrature weight outside P_det grid — numerator=0.000, denominator=0.052 (repeats for this event suppressed)
Event 185: >5% quadrature weight outside P_det grid — numerator=0.000, denominator=0.061 (repeats for this event suppressed)
Event 185: >5% quadrature weight outside P_det grid — numerator=0.000, denominator=0.056 (repeats for this event suppressed)
Event 185: >5% quadrature weight outside P_det grid — numerator=0.000, denominator=0.059 (repeats for this event suppressed)
Event 185: >5% quadrature weight outside P_det grid — numerator=0.000, denominator=0.063 (repeats for this event suppressed)
Event 185: >5% quadrature weight outside P_det grid — numerator=0.000, denominator=0.052 (repeats for this event suppressed)
Event 185: >5% quadrature weight outside P_det grid — numerator=0.000, denominator=0.050 (repeats for this event suppressed)
Event 185: >5% quadrature weight outside P_det grid — numerator=0.000, denominator=0.058 (repeats for this event suppressed)
Event 185: >5% quadrature weight outside P_det grid — numerator=0.000, denominator=0.057 (repeats for this event suppressed)
Event 186: >5% quadrature weight outside P_det grid — numerator=0.000, denominator=0.055 (repeats for this event suppressed)
Event 186: >5% quadrature weight outside P_det grid — numerator=0.000, denominator=0.055 (repeats for this event suppressed)
Event 186: >5% quadrature weight outside P_det grid — numerator=0.000, denominator=0.058 (repeats for this event suppressed)
Event 186: >5% quadrature weight outside P_det grid — numerator=0.000, denominator=0.055 (repeats for this event suppressed)
Event 186: >5% quadrature weight outside P_det grid — numerator=0.000, denominator=0.060 (repeats for this event suppressed)
Event 186: >5% quadrature weight outside P_det grid — numerator=0.000, denominator=0.051 (repeats for this event suppressed)
Event 186: >5% quadrature weight outside P_det grid — numerator=0.000, denominator=0.056 (repeats for this event suppressed)
Event 186: >5% quadrature weight outside P_det grid — numerator=0.000, denominator=0.064 (repeats for this event suppressed)
Event 186: >5% quadrature weight outside P_det grid — numerator=0.000, denominator=0.060 (repeats for this event suppressed)
Event 186: >5% quadrature weight outside P_det grid — numerator=0.000, denominator=0.055 (repeats for this event suppressed)
Event 186: >5% quadrature weight outside P_det grid — numerator=0.000, denominator=0.051 (repeats for this event suppressed)
Event 186: >5% quadrature weight outside P_det grid — numerator=0.000, denominator=0.057 (repeats for this event suppressed)
Event 186: >5% quadrature weight outside P_det grid — numerator=0.000, denominator=0.067 (repeats for this event suppressed)
Event 186: >5% quadrature weight outside P_det grid — numerator=0.000, denominator=0.066 (repeats for this event suppressed)
Event 187: >5% quadrature weight outside P_det grid — numerator=0.000, denominator=0.051 (repeats for this event suppressed)
Event 187: >5% quadrature weight outside P_det grid — numerator=0.000, denominator=0.058 (repeats for this event suppressed)
Event 187: >5% quadrature weight outside P_det grid — numerator=0.000, denominator=0.053 (repeats for this event suppressed)
Event 187: >5% quadrature weight outside P_det grid — numerator=0.000, denominator=0.054 (repeats for this event suppressed)
Event 187: >5% quadrature weight outside P_det grid — numerator=0.000, denominator=0.052 (repeats for this event suppressed)
Event 187: >5% quadrature weight outside P_det grid — numerator=0.000, denominator=0.056 (repeats for this event suppressed)
Event 187: >5% quadrature weight outside P_det grid — numerator=0.000, denominator=0.055 (repeats for this event suppressed)
Event 187: >5% quadrature weight outside P_det grid — numerator=0.000, denominator=0.051 (repeats for this event suppressed)
Event 187: >5% quadrature weight outside P_det grid — numerator=0.000, denominator=0.056 (repeats for this event suppressed)
Event 187: >5% quadrature weight outside P_det grid — numerator=0.000, denominator=0.054 (repeats for this event suppressed)
Event 187: >5% quadrature weight outside P_det grid — numerator=0.000, denominator=0.054 (repeats for this event suppressed)
Event 187: >5% quadrature weight outside P_det grid — numerator=0.000, denominator=0.050 (repeats for this event suppressed)
Event 187: >5% quadrature weight outside P_det grid — numerator=0.000, denominator=0.051 (repeats for this event suppressed)
Event 187: >5% quadrature weight outside P_det grid — numerator=0.000, denominator=0.053 (repeats for this event suppressed)
Event 188: >5% quadrature weight outside P_det grid — numerator=0.000, denominator=0.072 (repeats for this event suppressed)
Event 188: >5% quadrature weight outside P_det grid — numerator=0.000, denominator=0.055 (repeats for this event suppressed)
Event 188: >5% quadrature weight outside P_det grid — numerator=0.000, denominator=0.063 (repeats for this event suppressed)
Event 188: >5% quadrature weight outside P_det grid — numerator=0.000, denominator=0.052 (repeats for this event suppressed)
Event 188: >5% quadrature weight outside P_det grid — numerator=0.000, denominator=0.059 (repeats for this event suppressed)
Event 188: >5% quadrature weight outside P_det grid — numerator=0.000, denominator=0.052 (repeats for this event suppressed)
Event 188: >5% quadrature weight outside P_det grid — numerator=0.000, denominator=0.070 (repeats for this event suppressed)
Event 188: >5% quadrature weight outside P_det grid — numerator=0.000, denominator=0.051 (repeats for this event suppressed)
Event 188: >5% quadrature weight outside P_det grid — numerator=0.000, denominator=0.066 (repeats for this event suppressed)
Event 188: >5% quadrature weight outside P_det grid — numerator=0.000, denominator=0.050 (repeats for this event suppressed)
Event 188: >5% quadrature weight outside P_det grid — numerator=0.000, denominator=0.051 (repeats for this event suppressed)
Event 188: >5% quadrature weight outside P_det grid — numerator=0.000, denominator=0.062 (repeats for this event suppressed)
Event 188: >5% quadrature weight outside P_det grid — numerator=0.000, denominator=0.062 (repeats for this event suppressed)
Event 188: >5% quadrature weight outside P_det grid — numerator=0.000, denominator=0.056 (repeats for this event suppressed)
Event 189: >5% quadrature weight outside P_det grid — numerator=0.000, denominator=0.053 (repeats for this event suppressed)
Event 189: >5% quadrature weight outside P_det grid — numerator=0.000, denominator=0.050 (repeats for this event suppressed)
Event 189: >5% quadrature weight outside P_det grid — numerator=0.000, denominator=0.052 (repeats for this event suppressed)
Event 189: >5% quadrature weight outside P_det grid — numerator=0.000, denominator=0.053 (repeats for this event suppressed)
Event 189: >5% quadrature weight outside P_det grid — numerator=0.000, denominator=0.052 (repeats for this event suppressed)
Event 189: >5% quadrature weight outside P_det grid — numerator=0.000, denominator=0.051 (repeats for this event suppressed)
Event 189: >5% quadrature weight outside P_det grid — numerator=0.000, denominator=0.052 (repeats for this event suppressed)
Event 189: >5% quadrature weight outside P_det grid — numerator=0.000, denominator=0.051 (repeats for this event suppressed)
Event 189: >5% quadrature weight outside P_det grid — numerator=0.000, denominator=0.052 (repeats for this event suppressed)
Event 189: >5% quadrature weight outside P_det grid — numerator=0.000, denominator=0.052 (repeats for this event suppressed)
Event 189: >5% quadrature weight outside P_det grid — numerator=0.000, denominator=0.052 (repeats for this event suppressed)
Event 189: >5% quadrature weight outside P_det grid — numerator=0.000, denominator=0.052 (repeats for this event suppressed)
Event 189: >5% quadrature weight outside P_det grid — numerator=0.000, denominator=0.052 (repeats for this event suppressed)
Event 189: >5% quadrature weight outside P_det grid — numerator=0.000, denominator=0.052 (repeats for this event suppressed)
Event 192: >5% quadrature weight outside P_det grid — numerator=0.000, denominator=0.079 (repeats for this event suppressed)
Event 192: >5% quadrature weight outside P_det grid — numerator=0.000, denominator=0.074 (repeats for this event suppressed)
Event 192: >5% quadrature weight outside P_det grid — numerator=0.000, denominator=0.069 (repeats for this event suppressed)
Event 192: >5% quadrature weight outside P_det grid — numerator=0.000, denominator=0.073 (repeats for this event suppressed)
Event 192: >5% quadrature weight outside P_det grid — numerator=0.000, denominator=0.055 (repeats for this event suppressed)
Event 192: >5% quadrature weight outside P_det grid — numerator=0.000, denominator=0.057 (repeats for this event suppressed)
Event 192: >5% quadrature weight outside P_det grid — numerator=0.000, denominator=0.069 (repeats for this event suppressed)
Event 192: >5% quadrature weight outside P_det grid — numerator=0.000, denominator=0.062 (repeats for this event suppressed)
Event 192: >5% quadrature weight outside P_det grid — numerator=0.000, denominator=0.060 (repeats for this event suppressed)
Event 192: >5% quadrature weight outside P_det grid — numerator=0.000, denominator=0.070 (repeats for this event suppressed)
Event 192: >5% quadrature weight outside P_det grid — numerator=0.000, denominator=0.069 (repeats for this event suppressed)
Event 192: >5% quadrature weight outside P_det grid — numerator=0.000, denominator=0.078 (repeats for this event suppressed)
Detection 192: fused completion mass factor zero at 50/50 quadrature nodes (0 beyond the detection horizon, S_4D=0; 50 off the phi support).
Event 193: >5% quadrature weight outside P_det grid — numerator=0.000, denominator=0.061 (repeats for this event suppressed)
Event 193: >5% quadrature weight outside P_det grid — numerator=0.000, denominator=0.059 (repeats for this event suppressed)
Event 193: >5% quadrature weight outside P_det grid — numerator=0.000, denominator=0.059 (repeats for this event suppressed)
Event 193: >5% quadrature weight outside P_det grid — numerator=0.000, denominator=0.076 (repeats for this event suppressed)
Event 193: >5% quadrature weight outside P_det grid — numerator=0.000, denominator=0.054 (repeats for this event suppressed)
Event 193: >5% quadrature weight outside P_det grid — numerator=0.000, denominator=0.056 (repeats for this event suppressed)
Event 193: >5% quadrature weight outside P_det grid — numerator=0.000, denominator=0.066 (repeats for this event suppressed)
Event 193: >5% quadrature weight outside P_det grid — numerator=0.000, denominator=0.067 (repeats for this event suppressed)
Event 193: >5% quadrature weight outside P_det grid — numerator=0.000, denominator=0.074 (repeats for this event suppressed)
Event 193: >5% quadrature weight outside P_det grid — numerator=0.000, denominator=0.069 (repeats for this event suppressed)
Event 193: >5% quadrature weight outside P_det grid — numerator=0.000, denominator=0.054 (repeats for this event suppressed)
Event 193: >5% quadrature weight outside P_det grid — numerator=0.000, denominator=0.068 (repeats for this event suppressed)
Event 196: >5% quadrature weight outside P_det grid — numerator=0.000, denominator=0.082 (repeats for this event suppressed)
Event 196: >5% quadrature weight outside P_det grid — numerator=0.000, denominator=0.082 (repeats for this event suppressed)
Event 196: >5% quadrature weight outside P_det grid — numerator=0.000, denominator=0.060 (repeats for this event suppressed)
Event 196: >5% quadrature weight outside P_det grid — numerator=0.000, denominator=0.050 (repeats for this event suppressed)
Event 196: >5% quadrature weight outside P_det grid — numerator=0.000, denominator=0.061 (repeats for this event suppressed)
Event 196: >5% quadrature weight outside P_det grid — numerator=0.000, denominator=0.070 (repeats for this event suppressed)
Event 196: >5% quadrature weight outside P_det grid — numerator=0.000, denominator=0.073 (repeats for this event suppressed)
Event 196: >5% quadrature weight outside P_det grid — numerator=0.000, denominator=0.061 (repeats for this event suppressed)
Event 196: >5% quadrature weight outside P_det grid — numerator=0.000, denominator=0.074 (repeats for this event suppressed)
Event 196: >5% quadrature weight outside P_det grid — numerator=0.000, denominator=0.073 (repeats for this event suppressed)
Event 196: >5% quadrature weight outside P_det grid — numerator=0.000, denominator=0.055 (repeats for this event suppressed)
Event 196: >5% quadrature weight outside P_det grid — numerator=0.000, denominator=0.051 (repeats for this event suppressed)
Event 196: >5% quadrature weight outside P_det grid — numerator=0.000, denominator=0.091 (repeats for this event suppressed)
Event 196: >5% quadrature weight outside P_det grid — numerator=0.000, denominator=0.090 (repeats for this event suppressed)
Event 198: >5% quadrature weight outside P_det grid — numerator=0.000, denominator=0.052 (repeats for this event suppressed)
Event 198: >5% quadrature weight outside P_det grid — numerator=0.000, denominator=0.056 (repeats for this event suppressed)
Event 198: >5% quadrature weight outside P_det grid — numerator=0.000, denominator=0.088 (repeats for this event suppressed)
Event 198: >5% quadrature weight outside P_det grid — numerator=0.000, denominator=0.051 (repeats for this event suppressed)
Event 198: >5% quadrature weight outside P_det grid — numerator=0.000, denominator=0.087 (repeats for this event suppressed)
Event 198: >5% quadrature weight outside P_det grid — numerator=0.000, denominator=0.061 (repeats for this event suppressed)
Event 198: >5% quadrature weight outside P_det grid — numerator=0.000, denominator=0.057 (repeats for this event suppressed)
Event 198: >5% quadrature weight outside P_det grid — numerator=0.000, denominator=0.058 (repeats for this event suppressed)
Event 198: >5% quadrature weight outside P_det grid — numerator=0.000, denominator=0.058 (repeats for this event suppressed)
Event 198: >5% quadrature weight outside P_det grid — numerator=0.000, denominator=0.060 (repeats for this event suppressed)
Event 198: >5% quadrature weight outside P_det grid — numerator=0.000, denominator=0.067 (repeats for this event suppressed)
Event 198: >5% quadrature weight outside P_det grid — numerator=0.000, denominator=0.054 (repeats for this event suppressed)
Event 198: >5% quadrature weight outside P_det grid — numerator=0.000, denominator=0.052 (repeats for this event suppressed)
Event 198: >5% quadrature weight outside P_det grid — numerator=0.000, denominator=0.054 (repeats for this event suppressed)
/pfs/data6/home/st/st_us-403333/st_ac147838/darksiren-emri/darksiren_emri/plotting/fisher_plots.py:833: UserWarning: The figure layout has changed to tight
  fig.tight_layout()
