{
  "h_values": [
    0.6,
    0.61,
    0.62,
    0.63,
    0.64,
    0.65,
    0.66,
    0.67,
    0.68,
    0.685,
    0.69,
    0.695,
    0.7,
    0.705,
    0.71,
    0.715,
    0.72,
    0.725,
    0.73,
    0.735,
    0.74,
    0.745,
    0.75,
    0.755,
    0.76,
    0.765,
    0.77,
    0.775,
    0.78,
    0.785,
    0.79,
    0.8,
    0.81,
    0.82,
    0.83,
    0.84,
    0.85,
    0.86
  ],
  "posterior": [
    2.754435974478981e-51,
    5.443759711905436e-50,
    9.846394162011565e-47,
    2.518692200947931e-43,
    2.9508560771210053e-40,
    3.542868720730455e-36,
    9.940740883000772e-33,
    2.017956777466501e-30,
    3.814863480822861e-24,
    2.9099121146015803e-22,
    6.307786319367663e-19,
    6.428765517222327e-16,
    7.618144973149765e-15,
    1.0854453788156874e-12,
    2.1783401479960403e-10,
    3.464698349576544e-08,
    1.3893435835032519e-05,
    0.0014344512380694756,
    0.008760896643263093,
    0.02742170076048797,
    0.10585620628081045,
    0.5314661247552824,
    0.19390309437820946,
    0.11244934472908691,
    0.011196369608349735,
    0.007200184347838512,
    0.0002317507335734917,
    6.548403100125904e-05,
    4.5933860218524366e-07,
    4.83730217696909e-09,
    1.6346951177730606e-11,
    2.4929656611842225e-14,
    1.993258644549155e-15,
    2.7346935906748275e-15,
    6.766443790458173e-17,
    1.9799869207188404e-17,
    2.3671632348384877e-18,
    4.5633552395054463e-20
  ],
  "strategy": "physics-floor",
  "n_events_total": 412,
  "n_events_used": 412,
  "n_events_excluded": 0,
  "n_events_empty": 7,
  "map_h": 0.745,
  "map_posterior": 0.5314661247552824,
  "variant": "posteriors_with_bh_mass",
  "D_h_per_h": [
    4614399.557928639,
    4616412.812035505,
    4557479.769013957,
    4507904.768671158,
    4478024.755794029,
    4413424.730375915,
    4400925.483580507,
    4376100.726638472,
    4298610.303314956,
    4299560.7438843595,
    4249767.21044016,
    4227753.953091248,
    4237084.642190079,
    4247415.853516307,
    4227962.526478252,
    4204063.763051482,
    4166875.6415007925,
    4140373.672120324,
    4138737.222056589,
    4124035.5379892476,
    4119632.694145223,
    4099235.885213229,
    4078167.662133093,
    4069119.3156775115,
    4036786.532408959,
    4000439.858721631,
    3968263.9890595954,
    3928996.859464718,
    3921579.86133436,
    3891639.4866813254,
    3883220.284219881,
    3842309.7900884454,
    3821647.26680255,
    3791103.8676348864,
    3777151.9092460168,
    3746718.8972303364,
    3696685.8108664425,
    3655051.0652625626
  ]
}