event_idx,h,w_G,w_G_legacy,w_tilde_G,alpha_G_phi,r_Malm,D_tilde_phi,L_cat_no_bh,L_cat_with_bh,B_num,B_num_wbh,g_frac,L_comp,combined_no_bh,combined_with_bh
0,0.72,0.06323397960977438,0.1239939,0.06323398,6.063564e+07,0.3826192,9.589091e+08,0.0,0.0,138757311.3868014,21555272.612039857,0.1553451,0.10253444534704338,0.09605078432066891,0.014921021601959338
1,0.72,0.06323397960977438,0.1239939,0.06323398,6.063564e+07,0.3826192,9.589091e+08,0.0,0.0,580385004.7227309,78777099.07275261,0.1357325,0.4288743703104564,0.40175493712309013,0.05453119606326318
2,0.72,0.06323397960977438,0.1239939,0.06323398,6.063564e+07,0.3826192,9.589091e+08,0.0,0.0,104434761.09312116,10221695.133698298,0.09787637,0.07717186356965348,0.07229197952224174,0.007075676408442397
3,0.72,0.06323397960977438,0.1239939,0.06323398,6.063564e+07,0.3826192,9.589091e+08,0.0,0.0,75354654.88988851,11249973.940659523,0.1492937,0.05568317565561831,0.052162106861603455,0.007787473033224376
4,0.72,0.06323397960977438,0.1239939,0.06323398,6.063564e+07,0.3826192,9.589091e+08,0.0012183687410792666,0.0,261638577.39079234,42815027.096931465,0.1636419,0.19333731783957123,0.18131318487408415,0.02963747922375882
5,0.72,0.06323397960977438,0.1239939,0.06323398,6.063564e+07,0.3826192,9.589091e+08,0.0624645592803348,5.684516730106486e-06,44729826.842635244,7485639.727749574,0.1673523,0.03305301853964253,0.041286218657138433,0.005182079681147848
6,0.72,0.06323397960977438,0.1239939,0.06323398,6.063564e+07,0.3826192,9.589091e+08,1.3112294681957226e-09,0.0,672072456.6838595,92441957.86151013,0.1375476,0.4966266345923098,0.4652229563235306,0.06399030413600862
7,0.72,0.06323397960977438,0.1239939,0.06323398,6.063564e+07,0.3826192,9.589091e+08,0.0,0.0,242314216.115111,32296319.61135851,0.1332828,0.17905761866347186,0.16773509285593113,0.02235620450078176
8,0.72,0.06323397960977438,0.1239939,0.06323398,6.063564e+07,0.3826192,9.589091e+08,2.0909540276230274e-07,0.0,366160304.52746826,39728109.35039664,0.1084992,0.2705734447979485,0.2534640436630301,0.027500648611197203
9,0.72,0.06323397960977438,0.1239939,0.06323398,6.063564e+07,0.3826192,9.589091e+08,0.00033437896160144954,0.0,27967512.597532827,4096165.8448753073,0.1464616,0.020666539033252315,0.019414973031882752,0.0028354537730343535
10,0.72,0.06323397960977438,0.1239939,0.06323398,6.063564e+07,0.3826192,9.589091e+08,0.0019812908940788185,0.0,119430288.46005958,13620786.24825083,0.114048,0.08825277934907017,0.0829996451156149,0.009428600115792659
11,0.72,0.06323397960977438,0.1239939,0.06323398,6.063564e+07,0.3826192,9.589091e+08,8.3072029885529e-07,0.0,255802977.32237145,34916578.01407687,0.1364979,0.18902511252006388,0.17707243969913772,0.02417000351568442
12,0.72,0.06323397960977438,0.1239939,0.06323398,6.063564e+07,0.3826192,9.589091e+08,0.0010992188099925185,2.0098425000742157e-12,244073082.81948444,25212382.998689283,0.1032985,0.18035732979342872,0.16913428168311812,0.017452551778581002
13,0.72,0.06323397960977438,0.1239939,0.06323398,6.063564e+07,0.3826192,9.589091e+08,0.005128420503505654,0.0026805052423390483,86141.47674241175,8975.709375990948,0.1041973,6.365407668167438e-05,0.0009071830250870159,0.00017571219220515353
14,0.72,0.06323397960977438,0.1239939,0.06323398,6.063564e+07,0.3826192,9.589091e+08,1.2199907785256414e-22,0.0,37045493.01692774,5063082.536907867,0.136672,0.02737469500623203,0.02564368410038416,0.003504774226956813
15,0.72,0.06323397960977438,0.1239939,0.06323398,6.063564e+07,0.3826192,9.589091e+08,0.0,0.0,491361129.2815263,60184391.869656086,0.122485,0.36309035071697465,0.34013070288323166,0.04166092572108472
16,0.72,0.06323397960977438,0.1239939,0.06323398,6.063564e+07,0.3826192,9.589091e+08,0.0,0.0,579494951.5578867,69265214.66379836,0.1195269,0.4282166672555717,0.40113882324976735,0.047946865848758166
17,0.72,0.06323397960977438,0.1239939,0.06323398,6.063564e+07,0.3826192,9.589091e+08,0.0,0.0,328530704.84603274,53197432.42782886,0.1619253,0.24276712530814698,0.22741599385648806,0.03682440267450137
18,0.72,0.06323397960977438,0.1239939,0.06323398,6.063564e+07,0.3826192,9.589091e+08,0.01857992765009454,0.015747980952631177,8135.035954534593,1392.1145596863398,0.1711258,6.011368994829066e-06,0.0030762634026525503,0.0009967711579831142
19,0.72,0.06323397960977438,0.1239939,0.06323398,6.063564e+07,0.3826192,9.589091e+08,0.0,0.0,436317039.8773944,58169441.934821464,0.1333192,0.3224156279201867,0.30202800467840896,0.04026613419858081
20,0.72,0.06323397960977438,0.1239939,0.06323398,6.063564e+07,0.3826192,9.589091e+08,9.970161990868186e-10,0.0,96261323.20722881,12332963.805308135,0.1281196,0.07113211754234469,0.06663415083684497,0.008537141824520436
21,0.72,0.06323397960977438,0.1239939,0.06323398,6.063564e+07,0.3826192,9.589091e+08,0.07031993169196958,0.002486363243148812,11450247.1915952,1433932.323311427,0.1252316,0.008461137889908916,0.01954760723910618,0.00114982132401741
22,0.72,0.06323397960977438,0.1239939,0.06323398,6.063564e+07,0.3826192,9.589091e+08,0.0,0.0,142785378.2392258,16283898.739677882,0.1140446,0.10551097751249318,0.09883909851186082,0.011272063649203771
23,0.72,0.06323397960977438,0.1239939,0.06323398,6.063564e+07,0.3826192,9.589091e+08,0.015201517892700602,7.718189198327374e-06,13845642.298184011,2041737.0026847974,0.1474642,0.010231210444546696,0.01209654584801644,0.0014138221566982912
24,0.72,0.06323397960977438,0.1239939,0.06323398,6.063564e+07,0.3826192,9.589091e+08,6.92227685610256e-08,0.0,249207447.9365945,32273454.68763892,0.1295044,0.18415135890966425,0.1725067470754352,0.02234037691061913
25,0.72,0.06323397960977438,0.1239939,0.06323398,6.063564e+07,0.3826192,9.589091e+08,0.0,0.0,484280465.5078291,70607215.25223747,0.1457982,0.35785810799427514,0.33522931569017267,0.0488758274133063
26,0.72,0.06323397960977438,0.1239939,0.06323398,6.063564e+07,0.3826192,9.589091e+08,3.0652794484782697e-07,0.0,535409331.64734143,65442416.37197327,0.1222288,0.3956396841753252,0.37062186311204265,0.04530064295383661
27,0.72,0.06323397960977438,0.1239939,0.06323398,6.063564e+07,0.3826192,9.589091e+08,1.7536988678774461e-06,0.0,49088402.51979055,5754924.773595941,0.1172359,0.036273779558241674,0.033980333948256516,0.00398368224842181
28,0.72,0.06323397960977438,0.1239939,0.06323398,6.063564e+07,0.3826192,9.589091e+08,0.04283896869722236,2.088943601710774e-05,27936193.79333779,3473482.1543980925,0.1243363,0.020643396063811815,0.026417861205995645,0.0024057397014003983
29,0.72,0.06323397960977438,0.1239939,0.06323398,6.063564e+07,0.3826192,9.589091e+08,0.0002578603623688186,0.0,214904520.9860784,34456807.59097441,0.1603354,0.1588032777635354,0.14880413011156293,0.023851740576563814
30,0.72,0.06323397960977438,0.1239939,0.06323398,6.063564e+07,0.3826192,9.589091e+08,1.1848015666052483e-07,0.0,251642057.21157297,40383696.05317375,0.1604807,0.1859504086977566,0.17419204392648668,0.0279544597751827
31,0.72,0.06323397960977438,0.1239939,0.06323398,6.063564e+07,0.3826192,9.589091e+08,8.115125267917096e-05,0.0,267572145.2916891,35670228.180590026,0.1333107,0.1977219162983256,0.18523258422564484,0.024691696310633435
32,0.72,0.06323397960977438,0.1239939,0.06323398,6.063564e+07,0.3826192,9.589091e+08,0.0,0.0,116496109.41244487,14849460.484917324,0.1274674,0.08608457344922087,0.08064110328701671,0.010279114751215622
33,0.72,0.06323397960977438,0.1239939,0.06323398,6.063564e+07,0.3826192,9.589091e+08,0.00213697747897806,0.0,174772443.64022067,24644407.781630397,0.1410085,0.12914775727127556,0.1213344005522481,0.01705938716227645
34,0.72,0.06323397960977438,0.1239939,0.06323398,6.063564e+07,0.3826192,9.589091e+08,0.0032964202793181593,6.14452588628446e-09,160984153.9612975,17151048.79306032,0.1065387,0.11895892743317286,0.11198146756062742,0.011872323886533318
35,0.72,0.06323397960977438,0.1239939,0.06323398,6.063564e+07,0.3826192,9.589091e+08,0.0,0.0,23442097.106591992,4287515.635785775,0.1828981,0.017322492058782953,0.01622712194914739,0.0029679101986659524
36,0.72,0.06323397960977438,0.1239939,0.06323398,6.063564e+07,0.3826192,9.589091e+08,0.0,0.0,210660724.6973744,31285847.54589442,0.148513,0.1556673327507705,0.1458238678057003,0.02165673408403813
37,0.72,0.06323397960977438,0.1239939,0.06323398,6.063564e+07,0.3826192,9.589091e+08,0.0,0.0,32787237.326137286,4541899.552197088,0.1385264,0.024228065246420887,0.022696028262644427,0.0031440001967040247
38,0.72,0.06323397960977438,0.1239939,0.06323398,6.063564e+07,0.3826192,9.589091e+08,0.00013218085830217553,0.0,92460238.17174554,11383777.659656031,0.1231208,0.06832331314901241,0.06402480317324698,0.007880094834743799
39,0.72,0.06323397960977438,0.1239939,0.06323398,6.063564e+07,0.3826192,9.589091e+08,0.0,0.0,598266803.0671008,80164319.87573268,0.1339943,0.4420880904144483,0.414133101119457,0.055491460029323696
40,0.72,0.06323397960977438,0.1239939,0.06323398,6.063564e+07,0.3826192,9.589091e+08,0.0,0.0,426038713.8468027,64640436.89416978,0.1517243,0.31482047889265197,0.2949131271496146,0.044745495573981615
41,0.72,0.06323397960977438,0.1239939,0.06323398,6.063564e+07,0.3826192,9.589091e+08,8.058596577931743e-11,0.0,336047554.4249368,43286594.73227092,0.1288109,0.24832168668316218,0.2326193182240924,0.029963908445987942
42,0.72,0.06323397960977438,0.1239939,0.06323398,6.063564e+07,0.3826192,9.589091e+08,0.0,0.0,464709216.6919503,68390710.51007122,0.1471688,0.3433959717505774,0.3216816778748227,0.04734151533412457
43,0.72,0.06323397960977438,0.1239939,0.06323398,6.063564e+07,0.3826192,9.589091e+08,0.006685468785886738,0.0032662796732862765,517.9852318630783,64.82704073106159,0.1251523,3.827641795320369e-07,0.0011052399045512115,0.0002065847369271535
44,0.72,0.06323397960977438,0.1239939,0.06323398,6.063564e+07,0.3826192,9.589091e+08,0.04189930203510241,0.026148515871811395,18302.02494518545,2290.3053085664405,0.1251394,1.3524245733265507e-05,0.0069372032385078206,0.0016550601178766725
45,0.72,0.06323397960977438,0.1239939,0.06323398,6.063564e+07,0.3826192,9.589091e+08,0.006874548997963519,0.0,162519606.08381885,19959791.29550539,0.1228147,0.12009354679244247,0.11363568379636473,0.01381659524567952
46,0.72,0.06323397960977438,0.1239939,0.06323398,6.063564e+07,0.3826192,9.589091e+08,0.04852783138250645,0.024932112572652303,3298198.371313741,272723.70829826716,0.08268869,0.002437197271028587,0.010303088958355936,0.0017653418930264845
47,0.72,0.06323397960977438,0.1239939,0.06323398,6.063564e+07,0.3826192,9.589091e+08,2.5159024471285503e-05,0.0,101687456.51110058,14731380.867697122,0.1448692,0.07514174819265819,0.07039439435342174,0.010197377509891675
48,0.72,0.06323397960977438,0.1239939,0.06323398,6.063564e+07,0.3826192,9.589091e+08,0.0,0.0,32667698.99797043,5113019.8857642105,0.1565161,0.024139732631340633,0.022613281270345034,0.003539341929924017
49,0.72,0.06323397960977438,0.1239939,0.06323398,6.063564e+07,0.3826192,9.589091e+08,0.0,0.0,630314872.8854259,78158367.38027741,0.1239989,0.4657699492687548,0.4363174617938487,0.054102896727160954
50,0.72,0.06323397960977438,0.1239939,0.06323398,6.063564e+07,0.3826192,9.589091e+08,0.005737280033334933,0.002761110500793306,1274.7323879608837,218.15936934842264,0.1711413,9.419610185522368e-07,0.0009490602852045506,0.00017474701969781665
51,0.72,0.06323397960977438,0.1239939,0.06323398,6.063564e+07,0.3826192,9.589091e+08,0.00013025392532148219,0.0,76155497.91796178,9879031.332345253,0.1297218,0.056274957053462187,0.05273799412467795,0.006838477182330896
52,0.72,0.06323397960977438,0.1239939,0.06323398,6.063564e+07,0.3826192,9.589091e+08,0.0,0.0,147789473.90759557,22116563.39656174,0.1496491,0.10920874427297426,0.10230304076440792,0.015309559110696471
53,0.72,0.06323397960977438,0.1239939,0.06323398,6.063564e+07,0.3826192,9.589091e+08,0.0,0.0,129032324.4294008,18422725.423128173,0.142776,0.09534818515132192,0.08931893995563422,0.012752605311608139
54,0.72,0.06323397960977438,0.1239939,0.06323398,6.063564e+07,0.3826192,9.589091e+08,0.020709200951542363,1.3980235053293027e-06,73728805.6853234,8608514.93252785,0.1167592,0.05448175754840733,0.054459188050477385,0.005959086907544579
55,0.72,0.06323397960977438,0.1239939,0.06323398,6.063564e+07,0.3826192,9.589091e+08,9.384509100693785e-09,0.0,752228561.3063254,117743392.5667211,0.1565261,0.55585783218833,0.520708730912741,0.08150449941397268
56,0.72,0.06323397960977438,0.1239939,0.06323398,6.063564e+07,0.3826192,9.589091e+08,2.3108693975202438e-09,0.0,357682604.90419644,53875815.820223905,0.1506246,0.26430886515163443,0.24759556414386175,0.03729399419554217
57,0.72,0.06323397960977438,0.1239939,0.06323398,6.063564e+07,0.3826192,9.589091e+08,3.1554515686146e-06,0.0,360439438.57800466,56616078.534604765,0.1570751,0.2663460220324708,0.24950442459529534,0.03919086276650529
58,0.72,0.06323397960977438,0.1239939,0.06323398,6.063564e+07,0.3826192,9.589091e+08,0.009398544677248028,0.0,156825917.00067896,22670990.839276787,0.1445615,0.11588620631947193,0.1101115211240677,0.015693345667162916
59,0.72,0.06323397960977438,0.1239939,0.06323398,6.063564e+07,0.3826192,9.589091e+08,0.029979268181873967,1.0323941997984178e-06,56488475.98102372,9611002.168907668,0.1701409,0.04174204944824973,0.044057090238195075,0.0066530069342961035
60,0.72,0.06323397960977438,0.1239939,0.06323398,6.063564e+07,0.3826192,9.589091e+08,5.023812447323815e-05,0.0,267445574.23352605,29282035.553482685,0.1094878,0.1976283868610943,0.18513986013484382,0.02026965248395016
61,0.72,0.06323397960977438,0.1239939,0.06323398,6.063564e+07,0.3826192,9.589091e+08,0.0,0.0,199905632.24111366,28128857.28032461,0.1407107,0.14771987810036452,0.1383789623406077,0.019471397772242594
62,0.72,0.06323397960977438,0.1239939,0.06323398,6.063564e+07,0.3826192,9.589091e+08,0.0010655861603786592,0.0,148892765.22257522,20074762.771651182,0.134827,0.1100240192441237,0.10324286792218593,0.013896180965148561
63,0.72,0.06323397960977438,0.1239939,0.06323398,6.063564e+07,0.3826192,9.589091e+08,0.0,0.0,570124488.9495819,92533467.2473078,0.162304,0.4212923821380155,0.39465238823614696,0.0640536488937783
64,0.72,0.06323397960977438,0.1239939,0.06323398,6.063564e+07,0.3826192,9.589091e+08,8.003541163153034e-05,0.0,213643601.29352105,26915701.775252357,0.1259841,0.15787152360938397,0.14790190604474057,0.018631625535374282
65,0.72,0.06323397960977438,0.1239939,0.06323398,6.063564e+07,0.3826192,9.589091e+08,1.2499652039415503e-05,0.0,334182196.94430536,39907442.59465002,0.1194182,0.24694328440122884,0.2313301435593582,0.027624786925734664
66,0.72,0.06323397960977438,0.1239939,0.06323398,6.063564e+07,0.3826192,9.589091e+08,0.0002926752728195626,0.0,301098285.4708351,37801551.41732641,0.1255456,0.22249599237070863,0.208475054626401,0.02616704392643388
67,0.72,0.06323397960977438,0.1239939,0.06323398,6.063564e+07,0.3826192,9.589091e+08,0.006767851684819036,0.0,111502752.5070419,20512408.422743775,0.1839632,0.08239474207674571,0.07830309108069045,0.014199128662980447
68,0.72,0.06323397960977438,0.1239939,0.06323398,6.063564e+07,0.3826192,9.589091e+08,0.0,0.0,272135444.00288725,33449920.969809778,0.1229164,0.201093957004716,0.18837798582783094,0.02315475208119541
69,0.72,0.06323397960977438,0.1239939,0.06323398,6.063564e+07,0.3826192,9.589091e+08,0.00020908036675433388,0.0,154074511.71326435,18421197.7388917,0.1195603,0.11385306073420215,0.10668823250974875,0.012751547815843476
70,0.72,0.06323397960977438,0.1239939,0.06323398,6.063564e+07,0.3826192,9.589091e+08,0.002716309788607749,0.0,132645471.64455017,17855913.980713017,0.1346138,0.09801811325788361,0.09226895180430887,0.012360246285177161
71,0.72,0.06323397960977438,0.1239939,0.06323398,6.063564e+07,0.3826192,9.589091e+08,3.04274065545883e-09,0.0,286767504.03774136,35046635.9606155,0.1222127,0.21190628930608338,0.19850661183178142,0.024260032413241737
72,0.72,0.06323397960977438,0.1239939,0.06323398,6.063564e+07,0.3826192,9.589091e+08,0.0,0.0,100342086.80442093,17791534.31702838,0.1773088,0.07414758986483812,0.06945894267921103,0.01231568130240683
73,0.72,0.06323397960977438,0.1239939,0.06323398,6.063564e+07,0.3826192,9.589091e+08,5.690105727683653e-09,0.0,59620350.53600484,6132755.860126327,0.1028635,0.04405634205872224,0.04127048516368132,0.0042452250229197165
74,0.72,0.06323397960977438,0.1239939,0.06323398,6.063564e+07,0.3826192,9.589091e+08,0.009072036255357364,0.0,149959242.74080124,20107960.01718492,0.1340895,0.11081209073177,0.10530430128490494,0.013919160809878421
75,0.72,0.06323397960977438,0.1239939,0.06323398,6.063564e+07,0.3826192,9.589091e+08,0.009219048812752068,0.0,169521113.96870685,24935930.236690763,0.1470963,0.12526729742507564,0.11886974392472825,0.017261185252595308
76,0.72,0.06323397960977438,0.1239939,0.06323398,6.063564e+07,0.3826192,9.589091e+08,0.06091397375205055,2.9127419912885385e-05,56606078.874145284,6977556.141705343,0.1232651,0.04182895187736796,0.049250955584204,0.004831855723416031
77,0.72,0.06323397960977438,0.1239939,0.06323398,6.063564e+07,0.3826192,9.589091e+08,0.00037884753405788713,0.0,138347742.20646736,16226179.426391354,0.1172855,0.10223179499790447,0.09582988241148369,0.011232109103701178
78,0.72,0.06323397960977438,0.1239939,0.06323398,6.063564e+07,0.3826192,9.589091e+08,0.023284700220066522,0.0,72906853.40560804,10803883.241240822,0.1481875,0.05387437751012296,0.05431585778540511,0.007478679491975366
79,0.72,0.06323397960977438,0.1239939,0.06323398,6.063564e+07,0.3826192,9.589091e+08,0.00024010274250645537,0.0,282209658.7468681,41898393.43188851,0.1484655,0.2085382783940344,0.1953912539937444,0.029002965758614815
80,0.72,0.06323397960977438,0.1239939,0.06323398,6.063564e+07,0.3826192,9.589091e+08,0.0,0.0,511647872.6236785,66754078.420622386,0.1304688,0.3780812002491259,0.35417362134173364,0.04620860353102885
81,0.72,0.06323397960977438,0.1239939,0.06323398,6.063564e+07,0.3826192,9.589091e+08,0.0005422546823725374,0.0,154088374.17490375,20776349.05156279,0.134834,0.11386330437326618,0.10675289082207087,0.01438183402213436
82,0.72,0.06323397960977438,0.1239939,0.06323398,6.063564e+07,0.3826192,9.589091e+08,0.0,0.0,183056729.25155407,24127798.90963081,0.131805,0.1352694140096848,0.12671579064237026,0.016701779430859306
83,0.72,0.06323397960977438,0.1239939,0.06323398,6.063564e+07,0.3826192,9.589091e+08,0.004345353397568526,0.0,201231267.8805215,30517063.285590954,0.1516517,0.1486994539775596,0.14001473534014935,0.021124565145064604
84,0.72,0.06323397960977438,0.1239939,0.06323398,6.063564e+07,0.3826192,9.589091e+08,0.020693020302423086,1.9489844253071376e-05,40878269.48138051,5091647.003212515,0.1245563,0.030206917719357095,0.03171666883545383,0.003525779583044293
85,0.72,0.06323397960977438,0.1239939,0.06323398,6.063564e+07,0.3826192,9.589091e+08,2.131382619164558e-05,0.0,101175282.6537062,13173972.169984085,0.1302094,0.07476327831698586,0.07003922115323227,0.009119305836204017
86,0.72,0.06323397960977438,0.1239939,0.06323398,6.063564e+07,0.3826192,9.589091e+08,7.451306486048604e-05,0.0,234675447.97640407,37431933.891583554,0.1595051,0.17341296580583887,0.16245968834553193,0.025911186754718433
87,0.72,0.06323397960977438,0.1239939,0.06323398,6.063564e+07,0.3826192,9.589091e+08,0.0,0.0,18908888.411227375,2408825.1999429,0.1273912,0.0139726863110635,0.013089137749775936,0.0016674404212181611
88,0.72,0.06323397960977438,0.1239939,0.06323398,6.063564e+07,0.3826192,9.589091e+08,0.00010927666179234692,0.0,184710972.4081396,20661190.909540113,0.1118569,0.13649181377251107,0.12787895293108992,0.014302119088545345
89,0.72,0.06323397960977438,0.1239939,0.06323398,6.063564e+07,0.3826192,9.589091e+08,1.941028873153314e-05,0.0,241772103.17548892,31347385.25783694,0.1296568,0.17865702536122308,0.16736303852508141,0.02169933180691344
90,0.72,0.06323397960977438,0.1239939,0.06323398,6.063564e+07,0.3826192,9.589091e+08,0.0,0.0,537855854.0436375,75117609.66012935,0.1396612,0.3974475371412425,0.3723153476816981,0.05199801907401026
91,0.72,0.06323397960977438,0.1239939,0.06323398,6.063564e+07,0.3826192,9.589091e+08,0.0,0.0,521057269.57606137,78536947.75241606,0.1507261,0.3850342558245059,0.3606870075426345,0.05436495817321306
92,0.72,0.06323397960977438,0.1239939,0.06323398,6.063564e+07,0.3826192,9.589091e+08,0.0,0.0,322989085.60401815,44007924.70364377,0.136252,0.23867215654847904,0.22357996626787163,0.030463228509283416
93,0.72,0.06323397960977438,0.1239939,0.06323398,6.063564e+07,0.3826192,9.589091e+08,0.09024676182497071,0.0005295886024909235,21780411.44050929,2921565.5262750764,0.1341373,0.01609459266804044,0.02999159776853644,0.0020558582573181805
94,0.72,0.06323397960977438,0.1239939,0.06323398,6.063564e+07,0.3826192,9.589091e+08,0.0652657298473346,0.01274202427113174,6166164.022746736,598143.1661506064,0.0970041,0.004556474910563664,0.015054563418188217,0.0012197764199444847
95,0.72,0.06323397960977438,0.1239939,0.06323398,6.063564e+07,0.3826192,9.589091e+08,0.0004400479763282488,0.0,104091716.80711372,16371624.940083578,0.1572808,0.07691837166177705,0.07212724192877792,0.011332789604976657
96,0.72,0.06323397960977438,0.1239939,0.06323398,6.063564e+07,0.3826192,9.589091e+08,0.007802468731782763,1.6815607247604025e-05,48608996.979116395,4593606.329152468,0.09450115,0.03591952376647083,0.03493767290038428,0.0031808560534836174
97,0.72,0.06323397960977438,0.1239939,0.06323398,6.063564e+07,0.3826192,9.589091e+08,0.0003765366549529237,0.0,257541284.6250625,41107260.26553497,0.1596143,0.1903096313201384,0.17833782471767023,0.028455326427967047
98,0.72,0.06323397960977438,0.1239939,0.06323398,6.063564e+07,0.3826192,9.589091e+08,0.10458226004292773,0.0026404157457999566,23091173.51379801,2572101.5293436027,0.1113889,0.017063177752482943,0.03326810722657963,0.0019474277906481954
99,0.72,0.06323397960977438,0.1239939,0.06323398,6.063564e+07,0.3826192,9.589091e+08,0.0,0.0,325836181.26413286,41456546.840542436,0.1272313,0.2407760123485245,0.2255507868931551,0.028697110079919087
100,0.72,0.06323397960977438,0.1239939,0.06323398,6.063564e+07,0.3826192,9.589091e+08,0.0012310066612046184,0.0,118667714.4896371,17488520.928850677,0.1473739,0.08768927679693872,0.08234777852430859,0.01210592894194923
101,0.72,0.06323397960977438,0.1239939,0.06323398,6.063564e+07,0.3826192,9.589091e+08,0.001807828176614757,0.0,112921918.24015106,14955055.984286742,0.1324371,0.08344343183475236,0.07846574427737249,0.010352210218645744
102,0.72,0.06323397960977438,0.1239939,0.06323398,6.063564e+07,0.3826192,9.589091e+08,0.000460167584009472,0.0,130703573.45479457,18161594.14935857,0.1389525,0.09658315136782528,0.09055186444493157,0.012571844648220053
103,0.72,0.06323397960977438,0.1239939,0.06323398,6.063564e+07,0.3826192,9.589091e+08,1.021923436963902e-05,0.0,458684404.7703589,68648733.40754119,0.1496644,0.338943948700213,0.31751286285224306,0.0475201243128298
104,0.72,0.06323397960977438,0.1239939,0.06323398,6.063564e+07,0.3826192,9.589091e+08,0.035743297050049624,0.0,38128514.202561036,5195269.606140717,0.1362568,0.028174991404729198,0.032300529830071284,0.0035962769488672463
105,0.72,0.06323397960977438,0.1239939,0.06323398,6.063564e+07,0.3826192,9.589091e+08,0.004475806033005167,0.002600672429539967,12341.465525385884,1286.037580408324,0.1042046,9.11970194412016e-06,0.0007482420284095207,0.00016534109015241144
106,0.72,0.06323397960977438,0.1239939,0.06323398,6.063564e+07,0.3826192,9.589091e+08,0.0,0.0,107493221.30078253,14576776.576945057,0.1356065,0.07943190679097517,0.07440911121658914,0.010090357106875355
107,0.72,0.06323397960977438,0.1239939,0.06323398,6.063564e+07,0.3826192,9.589091e+08,0.030623364092152838,0.01693135951240891,95256.79875953915,9924.475078901196,0.1041865,7.038982615566392e-05,0.005126942709215915,0.0010775071764909186
108,0.72,0.06323397960977438,0.1239939,0.06323398,6.063564e+07,0.3826192,9.589091e+08,0.0,0.0,75765223.9083315,10080195.503566148,0.1330451,0.05598656483318302,0.05244631153410022,0.0069777273323220704
109,0.72,0.06323397960977438,0.1239939,0.06323398,6.063564e+07,0.3826192,9.589091e+08,0.0009321364273025107,0.0,107938766.52303737,13216794.641218133,0.1224472,0.07976114156631307,0.07487157771763203,0.009148948468419005
110,0.72,0.06323397960977438,0.1239939,0.06323398,6.063564e+07,0.3826192,9.589091e+08,0.0,0.0,50478757.70340216,7242844.404598449,0.143483,0.037301179816737626,0.03494247777278551,0.005013652101077122
111,0.72,0.06323397960977438,0.1239939,0.06323398,6.063564e+07,0.3826192,9.589091e+08,0.0,0.0,606011392.596102,74178872.45273216,0.1224051,0.447810939782602,0.419494071947355,0.05134820506320008
112,0.72,0.06323397960977438,0.1239939,0.06323398,6.063564e+07,0.3826192,9.589091e+08,0.0710109500893947,0.0023640017877257515,24491575.81406937,2339313.5894763307,0.09551503,0.01809800230829158,0.028689296284011536,0.0017688082357573214
113,0.72,0.06323397960977438,0.1239939,0.06323398,6.063564e+07,0.3826192,9.589091e+08,0.03064992644172279,2.0046146230677887e-05,38927135.953943774,4462275.417482468,0.1146315,0.028765131394483296,0.03201159143018931,0.0030901502620206554
114,0.72,0.06323397960977438,0.1239939,0.06323398,6.063564e+07,0.3826192,9.589091e+08,0.09568233632498624,0.0031970618949003094,20559024.526630092,2223534.996766811,0.1081537,0.015192051183796514,0.03004444376579288,0.00174134151873826
115,0.72,0.06323397960977438,0.1239939,0.06323398,6.063564e+07,0.3826192,9.589091e+08,0.0,0.0,485542619.59560025,59859884.14540666,0.1232845,0.35879077430236866,0.3361030057959575,0.04143629452060416
116,0.72,0.06323397960977438,0.1239939,0.06323398,6.063564e+07,0.3826192,9.589091e+08,0.0,0.0,293809690.87571305,38020507.15047709,0.1294052,0.21711009957197153,0.20338136396256137,0.026318609776841598
117,0.72,0.06323397960977438,0.1239939,0.06323398,6.063564e+07,0.3826192,9.589091e+08,0.0,0.0,409810750.28451025,73099696.40063398,0.1783743,0.30282885678393795,0.28367978302881114,0.050601176274676196
118,0.72,0.06323397960977438,0.1239939,0.06323398,6.063564e+07,0.3826192,9.589091e+08,0.007834747583830213,0.005499174995620392,38.846242721183025,4.048612138264777,0.1042215,2.8705355497483307e-08,0.0012948450575045731,0.0003477375220797193
119,0.72,0.06323397960977438,0.1239939,0.06323398,6.063564e+07,0.3826192,9.589091e+08,0.0,0.0,32617785.935343303,4445509.261865376,0.136291,0.024102849470800155,0.022578730378826115,0.003077276772224797
120,0.72,0.06323397960977438,0.1239939,0.06323398,6.063564e+07,0.3826192,9.589091e+08,0.0,0.0,152341130.67416185,23701460.97423162,0.1555815,0.11257218218702411,0.10545379511398202,0.016406659176139222
121,0.72,0.06323397960977438,0.1239939,0.06323398,6.063564e+07,0.3826192,9.589091e+08,0.00020028970223871114,0.0,253674350.77651677,39006140.12570048,0.1537646,0.18745216807447868,0.17563192259834337,0.02700088604305301
122,0.72,0.06323397960977438,0.1239939,0.06323398,6.063564e+07,0.3826192,9.589091e+08,2.7551002177997062e-05,0.0,275058793.7822847,47133297.380490154,0.1713572,0.20325416063788057,0.1904061444351476,0.032626678448643066
123,0.72,0.06323397960977438,0.1239939,0.06323398,6.063564e+07,0.3826192,9.589091e+08,0.0,0.0,113223911.2385669,19454196.440289814,0.1718206,0.08366658897351345,0.07837601759234293,0.01346661165269553
124,0.72,0.06323397960977438,0.1239939,0.06323398,6.063564e+07,0.3826192,9.589091e+08,0.0,0.0,407427280.7297296,60463340.24696813,0.1484028,0.30106759659261195,0.2820298943285109,0.04185401976534096
125,0.72,0.06323397960977438,0.1239939,0.06323398,6.063564e+07,0.3826192,9.589091e+08,0.0868142382078138,0.0004111729063429665,16997574.8775044,3042800.69406809,0.1790138,0.012560324893089067,0.026113536023175767,0.002132291942652046
126,0.72,0.06323397960977438,0.1239939,0.06323398,6.063564e+07,0.3826192,9.589091e+08,0.010176535673519662,1.5696338020440497e-06,142090237.00947118,12617090.527128696,0.08879632,0.10499730425291219,0.10003974320551771,0.008733919684002119
127,0.72,0.06323397960977438,0.1239939,0.06323398,6.063564e+07,0.3826192,9.589091e+08,0.0002534190356837573,0.0,282276106.2313031,34589589.77425868,0.1225381,0.20858737963340807,0.19543945109817099,0.023943655249173114
128,0.72,0.06323397960977438,0.1239939,0.06323398,6.063564e+07,0.3826192,9.589091e+08,0.03875767618563011,0.0030640659844397514,6184892.609957454,648695.2609992772,0.1048838,0.004570314363653322,0.010686645135378484,0.0006427938462958114
129,0.72,0.06323397960977438,0.1239939,0.06323398,6.063564e+07,0.3826192,9.589091e+08,3.596214770784759e-08,0.0,348232636.7794375,51563449.913854845,0.1480718,0.2573258295873437,0.2410540992694732,0.03569332496432608
130,0.72,0.06323397960977438,0.1239939,0.06323398,6.063564e+07,0.3826192,9.589091e+08,1.6347967844578005e-06,0.0,217025888.4324512,28308365.5039111,0.1304377,0.16037085811167837,0.1502302407163292,0.019595657211224
131,0.72,0.06323397960977438,0.1239939,0.06323398,6.063564e+07,0.3826192,9.589091e+08,0.022024760674389778,0.0036091454362040132,498414.84654331947,68261.61378454613,0.1369574,0.0003683026813671174,0.003984959708086333,0.0002754727807359853
132,0.72,0.06323397960977438,0.1239939,0.06323398,6.063564e+07,0.3826192,9.589091e+08,0.04966762709081783,2.226746888117005e-05,60993200.89106993,6869828.300002985,0.1126327,0.045070807158213065,0.050429175617245144,0.004756850420926215
133,0.72,0.06323397960977438,0.1239939,0.06323398,6.063564e+07,0.3826192,9.589091e+08,0.0,0.0,57013000.92276536,7593001.258379816,0.1331802,0.04212964613367589,0.03946562094909201,0.005256038178645336
134,0.72,0.06323397960977438,0.1239939,0.06323398,6.063564e+07,0.3826192,9.589091e+08,0.0,0.0,404720644.7268284,61207469.80347994,0.1512339,0.29906753318305085,0.28015630288780835,0.04236912219003344
135,0.72,0.06323397960977438,0.1239939,0.06323398,6.063564e+07,0.3826192,9.589091e+08,0.0555729541368052,0.001851169909083262,11694846.916183323,1459809.6194668615,0.124825,0.008641884380612887,0.017279748962075105,0.0011275683405965735
136,0.72,0.06323397960977438,0.1239939,0.06323398,6.063564e+07,0.3826192,9.589091e+08,0.0017578073015700395,0.0,227008131.33168834,34311895.546532996,0.1511483,0.16774721708522147,0.15743039893541555,0.023751429354135257
137,0.72,0.06323397960977438,0.1239939,0.06323398,6.063564e+07,0.3826192,9.589091e+08,0.0004885449957036602,0.0,227948036.07954645,25224159.658074375,0.1106575,0.168441757870406,0.15787125511326255,0.01746070383443792
138,0.72,0.06323397960977438,0.1239939,0.06323398,6.063564e+07,0.3826192,9.589091e+08,0.014572189040240711,1.229405382595004e-13,117726578.38717926,14941767.898206908,0.1269192,0.08699382610466785,0.08390114911046129,0.01034301192072361
139,0.72,0.06323397960977438,0.1239939,0.06323398,6.063564e+07,0.3826192,9.589091e+08,0.0,0.0,140610408.58661476,19588436.640415456,0.13931,0.10390378791831416,0.09733353791170916,0.01355953559580573
140,0.72,0.06323397960977438,0.1239939,0.06323398,6.063564e+07,0.3826192,9.589091e+08,7.424366515066596e-07,0.0,351992201.4423855,47456372.59179145,0.1348222,0.26010395258215396,0.24365666724776122,0.032850318032964156
141,0.72,0.06323397960977438,0.1239939,0.06323398,6.063564e+07,0.3826192,9.589091e+08,0.0,0.0,232861879.13641992,39256673.918855034,0.1685835,0.17207283263917575,0.161191982648674,0.027174310903269897
142,0.72,0.06323397960977438,0.1239939,0.06323398,6.063564e+07,0.3826192,9.589091e+08,0.0,0.0,376099890.4489259,52532485.052483484,0.1396769,0.27791828248073513,0.2603444034731648,0.03636411185237775
143,0.72,0.06323397960977438,0.1239939,0.06323398,6.063564e+07,0.3826192,9.589091e+08,0.0001519699611003745,0.0,200145630.8470245,33821112.794222966,0.1689825,0.1478972246033717,0.13857021000104713,0.02341169901618552
144,0.72,0.06323397960977438,0.1239939,0.06323398,6.063564e+07,0.3826192,9.589091e+08,0.0,0.0,202844884.73877516,26367397.592679784,0.129988,0.14989183301625733,0.1404135759036356,0.018252077630791515
145,0.72,0.06323397960977438,0.1239939,0.06323398,6.063564e+07,0.3826192,9.589091e+08,0.0017473301887738907,0.0,112770377.1358464,14426831.448882937,0.127931,0.08333145083049492,0.07835084601122665,0.009986561876112477
146,0.72,0.06323397960977438,0.1239939,0.06323398,6.063564e+07,0.3826192,9.589091e+08,0.0,0.0,135361518.71670368,24326038.45399594,0.1797116,0.10002513095876284,0.09370014386725141,0.016839005091470183
147,0.72,0.06323397960977438,0.1239939,0.06323398,6.063564e+07,0.3826192,9.589091e+08,0.0,0.0,177707822.920695,24989651.40904418,0.1406221,0.13131685008086186,0.12301316306042885,0.017298372199269326
148,0.72,0.06323397960977438,0.1239939,0.06323398,6.063564e+07,0.3826192,9.589091e+08,0.0,0.0,504530923.9946027,59133524.179357424,0.117205,0.37282214490312343,0.349247116994247,0.040933492587207805
149,0.72,0.06323397960977438,0.1239939,0.06323398,6.063564e+07,0.3826192,9.589091e+08,0.0,0.0,544202077.9190302,59782748.74833116,0.109854,0.40213706692967743,0.3767083398391117,0.04138289974584282
150,0.72,0.06323397960977438,0.1239939,0.06323398,6.063564e+07,0.3826192,9.589091e+08,0.011218375883952839,1.0830392486432246e-07,100178607.53824891,14982804.351847256,0.1495609,0.07402678717909017,0.07119979604386961,0.010371425081768738
151,0.72,0.06323397960977438,0.1239939,0.06323398,6.063564e+07,0.3826192,9.589091e+08,0.0,0.0,22727045.576380335,2910008.332088422,0.1280416,0.01679410612140754,0.01573214795736207,0.0020143701249558904
152,0.72,0.06323397960977438,0.1239939,0.06323398,6.063564e+07,0.3826192,9.589091e+08,1.591502403567859e-05,0.0,106819187.41744843,17644118.76129927,0.1651774,0.07893383076397491,0.07394516073285708,0.012213637095818125
153,0.72,0.06323397960977438,0.1239939,0.06323398,6.063564e+07,0.3826192,9.589091e+08,0.0,0.0,337875916.2992015,50066097.0028479,0.1481789,0.2496727511337324,0.2338849494794257,0.034656825193109454
154,0.72,0.06323397960977438,0.1239939,0.06323398,6.063564e+07,0.3826192,9.589091e+08,0.0,0.0,441035585.0426885,69326086.36692055,0.1571893,0.32590238769185537,0.3052942827537718,0.047989002546056383
155,0.72,0.06323397960977438,0.1239939,0.06323398,6.063564e+07,0.3826192,9.589091e+08,0.0,0.0,110927943.12972538,14526199.916748008,0.1309517,0.0819699878054617,0.07678669926795768,0.010055346858898553
156,0.72,0.06323397960977438,0.1239939,0.06323398,6.063564e+07,0.3826192,9.589091e+08,6.371544544323918e-11,0.0,46838740.84760595,6290706.190970723,0.1343056,0.03461139644148512,0.032422780115168436,0.004354561626588995
157,0.72,0.06323397960977438,0.1239939,0.06323398,6.063564e+07,0.3826192,9.589091e+08,0.0,0.0,108164540.01273032,13271433.687670626,0.1226967,0.0799279764473609,0.07487381241443794,0.009186770787213189
158,0.72,0.06323397960977438,0.1239939,0.06323398,6.063564e+07,0.3826192,9.589091e+08,0.04162537848868376,0.008122556863364203,1772881.0695766313,238964.02839823763,0.1347885,0.0013100670178638528,0.008106490175569773,0.000679037616205592
159,0.72,0.06323397960977438,0.1239939,0.06323398,6.063564e+07,0.3826192,9.589091e+08,0.028569991165864835,8.729973299879271e-06,41414674.57660265,5132219.050019156,0.1239227,0.030603293221089123,0.03338977618078923,0.0035531840337866658
160,0.72,0.06323397960977438,0.1239939,0.06323398,6.063564e+07,0.3826192,9.589091e+08,0.0,0.0,820671453.4570903,125818271.61048025,0.1533114,0.6064335742122109,0.5680863659457933,0.0870941037216371
161,0.72,0.06323397960977438,0.1239939,0.06323398,6.063564e+07,0.3826192,9.589091e+08,0.0,0.0,597340789.1559343,81593969.71403907,0.1365953,0.4414038142360175,0.4134920944469405,0.05648109428283308
162,0.72,0.06323397960977438,0.1239939,0.06323398,6.063564e+07,0.3826192,9.589091e+08,0.0,0.0,92511929.96417227,13585925.449240483,0.1468559,0.06836151069847844,0.06403874032487747,0.009404468723698623
163,0.72,0.06323397960977438,0.1239939,0.06323398,6.063564e+07,0.3826192,9.589091e+08,0.01664646049102948,0.0,98461766.79779364,16487274.343701018,0.1674485,0.07275813105342432,0.07090844046008912,0.011412844600368628
164,0.72,0.06323397960977438,0.1239939,0.06323398,6.063564e+07,0.3826192,9.589091e+08,0.0006088772766915046,0.0,177200643.08246636,25363750.871932205,0.1431358,0.130942070525938,0.1227627090803314,0.017557331863918422
165,0.72,0.06323397960977438,0.1239939,0.06323398,6.063564e+07,0.3826192,9.589091e+08,0.04530511217546342,1.3659434377522472e-06,66745820.42642489,8667059.275672028,0.1298517,0.04932169417422001,0.05369028630987523,0.005999610527843557
166,0.72,0.06323397960977438,0.1239939,0.06323398,6.063564e+07,0.3826192,9.589091e+08,0.0,0.0,147411557.69881162,18887047.283089057,0.1281246,0.10892948382559284,0.10204143906646206,0.013074018852853196
167,0.72,0.06323397960977438,0.1239939,0.06323398,6.063564e+07,0.3826192,9.589091e+08,0.0,0.0,79198861.95686138,13777985.125680186,0.173967,0.0585238449902415,0.054823149369442964,0.009537416547305432
168,0.72,0.06323397960977438,0.1239939,0.06323398,6.063564e+07,0.3826192,9.589091e+08,0.013199723672318241,0.0,93100099.75903417,11983792.905003553,0.1287194,0.06879613762431973,0.06662735089549794,0.008295438245076482
169,0.72,0.06323397960977438,0.1239939,0.06323398,6.063564e+07,0.3826192,9.589091e+08,0.030501275754870855,0.0005710369056326083,2986202.9311037045,505390.9902167311,0.169242,0.0022066488473598245,0.007107940507835433,0.0003859514093104439
170,0.72,0.06323397960977438,0.1239939,0.06323398,6.063564e+07,0.3826192,9.589091e+08,4.787909315884218e-06,0.0,170864620.7702409,19129656.3281976,0.111958,0.126260079162762,0.11827694317054886,0.013241958032656159
171,0.72,0.06323397960977438,0.1239939,0.06323398,6.063564e+07,0.3826192,9.589091e+08,0.007671782901820634,0.003571522046344934,15030.895673921486,2571.987673840892,0.1711134,1.1107051121065545e-05,0.0012782903381619414,0.0002276219372364334
172,0.72,0.06323397960977438,0.1239939,0.06323398,6.063564e+07,0.3826192,9.589091e+08,0.055287626040264416,0.010612167830366696,4290768.557828626,400150.5516440193,0.09325848,0.003170655079666956,0.012107332201827204,0.0009480423907259772
173,0.72,0.06323397960977438,0.1239939,0.06323398,6.063564e+07,0.3826192,9.589091e+08,0.020998573570258562,0.0,93621069.84374349,12723284.174516156,0.1359019,0.06918110745505654,0.06827686304861191,0.008807329948115988
174,0.72,0.06323397960977438,0.1239939,0.06323398,6.063564e+07,0.3826192,9.589091e+08,0.0,0.0,446599111.28284323,65462131.49743359,0.1465792,0.33001354458518684,0.30914547483593774,0.04531429018614832
175,0.72,0.06323397960977438,0.1239939,0.06323398,6.063564e+07,0.3826192,9.589091e+08,0.005659418815399607,2.2286251513103667e-08,13020155.436709486,2480971.0559503715,0.1905485,0.00962121853394664,0.009948140665753257,0.0017173827379815736
176,0.72,0.06323397960977438,0.1239939,0.06323398,6.063564e+07,0.3826192,9.589091e+08,0.005536200310853269,4.124145283311598e-08,36959979.76526786,5208982.890996788,0.1409358,0.027311505155253102,0.02649943622202571,0.0036057721863626776
177,0.72,0.06323397960977438,0.1239939,0.06323398,6.063564e+07,0.3826192,9.589091e+08,0.0,0.0,633103688.5933712,76621790.0035439,0.1210257,0.46783073921150725,0.43824793978738114,0.05303924494024193
178,0.72,0.06323397960977438,0.1239939,0.06323398,6.063564e+07,0.3826192,9.589091e+08,0.0,0.0,260194293.0156571,33735796.91904013,0.1296562,0.19227006670989866,0.18011206523199497,0.02335264153918186
179,0.72,0.06323397960977438,0.1239939,0.06323398,6.063564e+07,0.3826192,9.589091e+08,0.00017968713471693023,0.0,148349788.43283126,22794826.790867537,0.1536559,0.10962278760150763,0.10272059867728447,0.015779067566488503
180,0.72,0.06323397960977438,0.1239939,0.06323398,6.063564e+07,0.3826192,9.589091e+08,7.704299924518441e-05,0.0,305953923.3511159,43479621.62981526,0.1421117,0.2260840565374524,0.2118005945121837,0.0300975258007696
181,0.72,0.06323397960977438,0.1239939,0.06323398,6.063564e+07,0.3826192,9.589091e+08,0.0,0.0,473892080.72651553,50146281.99520232,0.1058179,0.350181631266974,0.3280382531357206,0.03471233096307151
182,0.72,0.06323397960977438,0.1239939,0.06323398,6.063564e+07,0.3826192,9.589091e+08,5.217405236160872e-07,0.0,291750183.57614374,39271402.82489823,0.1346063,0.21558823065898242,0.20195581510340582,0.027184506567653234
183,0.72,0.06323397960977438,0.1239939,0.06323398,6.063564e+07,0.3826192,9.589091e+08,0.00034394615601339744,0.0,284626678.68691295,37004567.839065336,0.1300109,0.21032433057729125,0.19708152878548685,0.025615354815297416
184,0.72,0.06323397960977438,0.1239939,0.06323398,6.063564e+07,0.3826192,9.589091e+08,0.0056729907475378365,0.0018578122316449104,2069191.3781425487,163666.99233964775,0.07909708,0.0015290249440139522,0.0023698916605607244,0.00023077066003112471
185,0.72,0.06323397960977438,0.1239939,0.06323398,6.063564e+07,0.3826192,9.589091e+08,0.015468174286656181,1.4956909150552983e-05,86755926.98231077,8506113.532603737,0.09804648,0.06410812349125675,0.06261067653560971,0.005889059846494085
186,0.72,0.06323397960977438,0.1239939,0.06323398,6.063564e+07,0.3826192,9.589091e+08,3.8447405201296805e-05,0.0,217094337.31356946,31321418.624851417,0.1442756,0.16042143827923816,0.15028370637478003,0.02168135714713156
187,0.72,0.06323397960977438,0.1239939,0.06323398,6.063564e+07,0.3826192,9.589091e+08,0.050279277682588996,0.020359496143371677,637967.0771567711,66461.31227216883,0.1041767,0.0004714245307304657,0.008751074548493139,0.0013334179085247374
188,0.72,0.06323397960977438,0.1239939,0.06323398,6.063564e+07,0.3826192,9.589091e+08,0.013249967785077364,0.0,144261235.0739549,22015574.318504266,0.1526091,0.10660155904976983,0.10205048872188939,0.01523965230680776
189,0.72,0.06323397960977438,0.1239939,0.06323398,6.063564e+07,0.3826192,9.589091e+08,0.023692167513035964,0.020797776713885687,43885.08589317172,5491.708671983493,0.1251384,3.242879885817488e-05,0.003945890290946731,0.001318927667077014
190,0.72,0.06323397960977438,0.1239939,0.06323398,6.063564e+07,0.3826192,9.589091e+08,0.0,0.0,538391403.0093535,84880027.8605082,0.1576549,0.3978432800077412,0.37268606615184596,0.058755774147534655
191,0.72,0.06323397960977438,0.1239939,0.06323398,6.063564e+07,0.3826192,9.589091e+08,0.0,0.0,139632331.77651343,18517967.824287374,0.1326195,0.10318103996198495,0.09665649218491348,0.012818534142604466
192,0.72,0.06323397960977438,0.1239939,0.06323398,6.063564e+07,0.3826192,9.589091e+08,0.0,0.0,188495258.151867,22890093.252416044,0.1214359,0.13928820436187733,0.1304804568873763,0.015845013052601886
193,0.72,0.06323397960977438,0.1239939,0.06323398,6.063564e+07,0.3826192,9.589091e+08,0.0,0.0,290959511.40521306,35634048.45838803,0.1224708,0.2150039649962403,0.20140840865764742,0.02466665193164343
194,0.72,0.06323397960977438,0.1239939,0.06323398,6.063564e+07,0.3826192,9.589091e+08,0.07736566138388734,3.966568711946711e-05,45796259.852796994,5635565.8945502,0.1230573,0.0338410571381413,0.04448707344961791,0.0039035676938999207
195,0.72,0.06323397960977438,0.1239939,0.06323398,6.063564e+07,0.3826192,9.589091e+08,0.0010670406630808968,0.0,178340132.6798429,27558710.428420156,0.1545289,0.13178409414745393,0.12362720707275893,0.019076729903889877
196,0.72,0.06323397960977438,0.1239939,0.06323398,6.063564e+07,0.3826192,9.589091e+08,0.01590705293553767,0.0,30312063.928663407,3460017.136385037,0.1141465,0.022399040678913438,0.023611556777458017,0.002395098005223742
197,0.72,0.06323397960977438,0.1239939,0.06323398,6.063564e+07,0.3826192,9.589091e+08,0.0009521255343404602,0.0,121181277.8653178,12403102.542767504,0.1023516,0.08954666956416826,0.08404163135933616,0.008585693361566683
198,0.72,0.06323397960977438,0.1239939,0.06323398,6.063564e+07,0.3826192,9.589091e+08,0.0,0.0,70530625.08889522,11455107.934979731,0.1624132,0.052118468217581974,0.04882281006101872,0.007929471179832757
199,0.72,0.06323397960977438,0.1239939,0.06323398,6.063564e+07,0.3826192,9.589091e+08,0.0,0.0,97851297.20273769,13400002.700800044,0.1369425,0.07230702573360584,0.06773476474272357,0.00927576901315885
200,0.72,0.06323397960977438,0.1239939,0.06323398,6.063564e+07,0.3826192,9.589091e+08,6.8478259034762e-05,0.0,135115021.41915286,15998374.579861002,0.1184056,0.09984298226020911,0.09354083029050289,0.011074417707387693
201,0.72,0.06323397960977438,0.1239939,0.06323398,6.063564e+07,0.3826192,9.589091e+08,0.04472283379756629,0.02098264089661237,272736.93529108126,34109.898364469955,0.1250652,0.00020153842782214289,0.007579962614514678,0.0013504274891917936
202,0.72,0.06323397960977438,0.1239939,0.06323398,6.063564e+07,0.3826192,9.589091e+08,0.0014256084257190731,0.0,130585372.03351714,16759404.581331009,0.1283406,0.09649580665749048,0.09062959752964243,0.011601218982233576
203,0.72,0.06323397960977438,0.1239939,0.06323398,6.063564e+07,0.3826192,9.589091e+08,0.0,0.0,682169142.618491,83854258.9839673,0.122923,0.50408756102425,0.4722120984689017,0.058045714950373986
204,0.72,0.06323397960977438,0.1239939,0.06323398,6.063564e+07,0.3826192,9.589091e+08,0.0,0.0,392986315.4257074,52697290.13202131,0.1340945,0.29039647337088703,0.27203354869500196,0.036478193459980476
205,0.72,0.06323397960977438,0.1239939,0.06323398,6.063564e+07,0.3826192,9.589091e+08,0.016354543820197732,0.0,44886174.029972054,5821471.113141896,0.1296941,0.03316855098960808,0.033774023165460465,0.004029747050652234
206,0.72,0.06323397960977438,0.1239939,0.06323398,6.063564e+07,0.3826192,9.589091e+08,0.002043416873538339,0.0,236959707.09135583,32874196.372227136,0.1387333,0.17510091463563138,0.16436629450457058,0.022756223177760816
207,0.72,0.06323397960977438,0.1239939,0.06323398,6.063564e+07,0.3826192,9.589091e+08,0.005052477574992113,0.0,160681109.79482797,20372542.06454005,0.1267887,0.11873499353582316,0.11206191063308696,0.014102310172687753
208,0.72,0.06323397960977438,0.1239939,0.06323398,6.063564e+07,0.3826192,9.589091e+08,0.0,0.0,85531144.16149788,14879867.047679795,0.1739702,0.06320307260818968,0.05920649080360832,0.010300162825530708
209,0.72,0.06323397960977438,0.1239939,0.06323398,6.063564e+07,0.3826192,9.589091e+08,0.00031014007238439013,0.0,214715657.9231092,27816020.768427674,0.1295482,0.15866371777051919,0.14868203511601372,0.019254845635050484
210,0.72,0.06323397960977438,0.1239939,0.06323398,6.063564e+07,0.3826192,9.589091e+08,0.0,0.0,572079028.1713502,74788007.00073467,0.1307302,0.4227366850940911,0.3960053621685477,0.05176986105024469
211,0.72,0.06323397960977438,0.1239939,0.06323398,6.063564e+07,0.3826192,9.589091e+08,0.002027021983874854,0.0014469233999661218,794.486551454618,135.9304883576422,0.1710922,5.870842918107535e-07,0.00033554797582428743,9.158881876720812e-05
212,0.72,0.06323397960977438,0.1239939,0.06323398,6.063564e+07,0.3826192,9.589091e+08,6.931980645961473e-11,0.0,405049117.7522961,53555899.43968686,0.1322208,0.2993102576862946,0.2803836789662193,0.03707254122156551
213,0.72,0.06323397960977438,0.1239939,0.06323398,6.063564e+07,0.3826192,9.589091e+08,1.3121022038922215e-06,0.0,286190372.94757956,39162847.136590734,0.1368419,0.21147981940960842,0.19810732566719474,0.02710936199400739
214,0.72,0.06323397960977438,0.1239939,0.06323398,6.063564e+07,0.3826192,9.589091e+08,0.0002077181781617753,0.0,313349603.78032434,45083361.16311201,0.1438756,0.23154908020499085,0.21694163916157563,0.031207668671654518
215,0.72,0.06323397960977438,0.1239939,0.06323398,6.063564e+07,0.3826192,9.589091e+08,0.0,0.0,599998891.5401229,77002697.6725063,0.1283381,0.44336801382243546,0.4153320898767614,0.053302917391026224
216,0.72,0.06323397960977438,0.1239939,0.06323398,6.063564e+07,0.3826192,9.589091e+08,0.0,0.0,454937849.95188,64738122.461796634,0.142301,0.3361754393046672,0.3149177284303689,0.04481311561716055
217,0.72,0.06323397960977438,0.1239939,0.06323398,6.063564e+07,0.3826192,9.589091e+08,0.02192736932026198,7.555215091210538e-06,52834283.44013645,6001111.309152547,0.1135837,0.039041790978072866,0.04019687394525772,0.004154575590090659
218,0.72,0.06323397960977438,0.1239939,0.06323398,6.063564e+07,0.3826192,9.589091e+08,0.03242395711726099,5.061671128905563e-05,34288413.95721104,4368222.781816911,0.1273965,0.025337356797955894,0.029093755791286105,0.0030269781106816314
219,0.72,0.06323397960977438,0.1239939,0.06323398,6.063564e+07,0.3826192,9.589091e+08,0.00012708880142438736,0.0,231128081.3893972,33623992.252957456,0.1454777,0.17079164616649062,0.16001281416567595,0.023275247953498904
220,0.72,0.06323397960977438,0.1239939,0.06323398,6.063564e+07,0.3826192,9.589091e+08,9.531126251851483e-08,0.0,309890139.4137924,42033859.29124016,0.1356412,0.2289927157404805,0.2145126107742806,0.029096738129305456
221,0.72,0.06323397960977438,0.1239939,0.06323398,6.063564e+07,0.3826192,9.589091e+08,3.941358948785743e-05,0.0,80526238.36543827,12283741.855353279,0.1525433,0.059504707205428005,0.055748501493483905,0.008503069336002858
222,0.72,0.06323397960977438,0.1239939,0.06323398,6.063564e+07,0.3826192,9.589091e+08,0.006768782712672124,6.979055921174142e-08,168641012.85344782,18721186.739606466,0.1110121,0.12461694841787384,0.11785557315430503,0.012959211043625558
223,0.72,0.06323397960977438,0.1239939,0.06323398,6.063564e+07,0.3826192,9.589091e+08,0.023462635142737196,0.0,48215779.44415428,8933228.131581485,0.185276,0.035628956433873274,0.03725357390395102,0.006183771939497831
224,0.72,0.06323397960977438,0.1239939,0.06323398,6.063564e+07,0.3826192,9.589091e+08,0.0,0.0,483486880.91728926,78232445.37648799,0.1618088,0.3572716902047279,0.33467997943117245,0.05415417510352769
225,0.72,0.06323397960977438,0.1239939,0.06323398,6.063564e+07,0.3826192,9.589091e+08,0.0,0.0,531456318.974393,75865155.52150558,0.1427496,0.3927186131498084,0.3678854523735145,0.052515486338136616
226,0.72,0.06323397960977438,0.1239939,0.06323398,6.063564e+07,0.3826192,9.589091e+08,1.4182100513110633e-07,0.0,270551573.2810988,39100889.86400887,0.1445229,0.19992355881569884,0.18728162001223764,0.02706647384226692
227,0.72,0.06323397960977438,0.1239939,0.06323398,6.063564e+07,0.3826192,9.589091e+08,0.0,0.0,179190939.5046108,31738384.772207357,0.1771205,0.1324127961956788,0.12403980814096803,0.021969990049343552
228,0.72,0.06323397960977438,0.1239939,0.06323398,6.063564e+07,0.3826192,9.589091e+08,1.1221559500174403e-06,0.0,249978943.4251467,28134985.185761414,0.1125494,0.18472145400026407,0.17304096679885947,0.019475639639698554
229,0.72,0.06323397960977438,0.1239939,0.06323398,6.063564e+07,0.3826192,9.589091e+08,0.05228853617090153,2.7593524318552086e-06,66358404.86723037,9331980.082021007,0.14063,0.04903541420033027,0.05457623219715433,0.006459971069134453
230,0.72,0.06323397960977438,0.1239939,0.06323398,6.063564e+07,0.3826192,9.589091e+08,0.00022326783117771563,0.0,212666898.50896314,33360199.979063876,0.156866,0.15714979098655743,0.14724948291105208,0.023092645288803417
231,0.72,0.06323397960977438,0.1239939,0.06323398,6.063564e+07,0.3826192,9.589091e+08,0.038862644777756264,0.018567321820755336,781664.7159729564,59540.95982570766,0.07617199,0.0005776096214218297,0.006963762753109471,0.00121530117769416
232,0.72,0.06323397960977438,0.1239939,0.06323398,6.063564e+07,0.3826192,9.589091e+08,0.0,0.0,49693218.01695132,5723801.25479319,0.1151827,0.03672070679341852,0.03439871036878699,0.003962137881772258
233,0.72,0.06323397960977438,0.1239939,0.06323398,6.063564e+07,0.3826192,9.589091e+08,0.0,0.0,477043794.30786026,70897889.83726129,0.1486192,0.3525105838873882,0.33021993681362344,0.049077038589817164
234,0.72,0.06323397960977438,0.1239939,0.06323398,6.063564e+07,0.3826192,9.589091e+08,0.00013970916961772678,0.0,306391778.4899859,41941529.22937977,0.1368886,0.22640760874063134,0.21211404381544072,0.0290328252819792
235,0.72,0.06323397960977438,0.1239939,0.06323398,6.063564e+07,0.3826192,9.589091e+08,0.0,0.0,343698563.7378281,47931827.784115285,0.1394589,0.25397538513264795,0.2379155108077855,0.03317943830544287
236,0.72,0.06323397960977438,0.1239939,0.06323398,6.063564e+07,0.3826192,9.589091e+08,0.0,0.0,309415295.0508148,33767190.72115792,0.1091323,0.22864183042209643,0.2141838975792441,0.023374373001733884
237,0.72,0.06323397960977438,0.1239939,0.06323398,6.063564e+07,0.3826192,9.589091e+08,5.721513354775051e-05,0.0,217497300.41144738,28850522.003766127,0.1326477,0.16071920707659587,0.15056574773532205,0.019970949558093278
238,0.72,0.06323397960977438,0.1239939,0.06323398,6.063564e+07,0.3826192,9.589091e+08,0.00015340909541404734,0.0,305421728.16312784,34593107.33811074,0.1132634,0.22569079193848213,0.21144481832563106,0.02394609018224807
239,0.72,0.06323397960977438,0.1239939,0.06323398,6.063564e+07,0.3826192,9.589091e+08,0.005278442355546339,0.0,124647826.54787102,18453707.157313082,0.1480468,0.09210826897022253,0.08715624414346332,0.012774051531906973
240,0.72,0.06323397960977438,0.1239939,0.06323398,6.063564e+07,0.3826192,9.589091e+08,0.0039045990498624054,0.0,121986955.1365492,14458374.130405508,0.1185239,0.09014202321659057,0.08508728221039968,0.01000839639617877
241,0.72,0.06323397960977438,0.1239939,0.06323398,6.063564e+07,0.3826192,9.589091e+08,0.0004731802080195644,0.0,282009363.9384787,46219964.94755841,0.1638951,0.20839027093497628,0.19529112543874944,0.031994450167107315
242,0.72,0.06323397960977438,0.1239939,0.06323398,6.063564e+07,0.3826192,9.589091e+08,0.002932134714048983,0.0,43536899.49796822,6800761.498432931,0.1562068,0.03217150719871012,0.030621757233479048,0.004707632840199473
243,0.72,0.06323397960977438,0.1239939,0.06323398,6.063564e+07,0.3826192,9.589091e+08,0.0019748844137793173,0.0,233842342.3567409,27341166.736516617,0.1169214,0.17279734402869484,0.16219706174216558,0.018926141498691533
244,0.72,0.06323397960977438,0.1239939,0.06323398,6.063564e+07,0.3826192,9.589091e+08,6.251446810285667e-06,0.0,227887431.93838564,33834934.2856224,0.1484721,0.16839697455817867,0.15774959685484455,0.0234212665487078
245,0.72,0.06323397960977438,0.1239939,0.06323398,6.063564e+07,0.3826192,9.589091e+08,2.4903657216297657e-07,0.0,389669752.55400497,54756829.554932155,0.1405211,0.2879457056880177,0.2697377939631222,0.03790385078162228
246,0.72,0.06323397960977438,0.1239939,0.06323398,6.063564e+07,0.3826192,9.589091e+08,0.0010461637661421243,0.0,54137449.18090715,7482026.754891895,0.1382043,0.0400047627673771,0.037647997818459025,0.005179219249299711
247,0.72,0.06323397960977438,0.1239939,0.06323398,6.063564e+07,0.3826192,9.589091e+08,0.0,0.0,653760101.2274169,84800775.56152853,0.1297124,0.48309475514784517,0.4525467512512374,0.05870091400791295
248,0.72,0.06323397960977438,0.1239939,0.06323398,6.063564e+07,0.3826192,9.589091e+08,0.04634565427803864,0.0010944942820930337,26499030.490289837,2674326.225355106,0.1009217,0.019581407036506668,0.026002562216419223,0.0019204351494479242
249,0.72,0.06323397960977438,0.1239939,0.06323398,6.063564e+07,0.3826192,9.589091e+08,0.1068672633512071,0.00024458229302660843,26494170.659336984,3661170.622631056,0.1381878,0.0195778158738771,0.0360013683545042,0.0025498066705765
250,0.72,0.06323397960977438,0.1239939,0.06323398,6.063564e+07,0.3826192,9.589091e+08,3.111151720703582e-05,0.0,293329588.6107359,40029993.33780821,0.1364676,0.21675532893713223,0.2030541685658844,0.027709619176242976
251,0.72,0.06323397960977438,0.1239939,0.06323398,6.063564e+07,0.3826192,9.589091e+08,0.00710482679488314,0.004142212310541971,197096.5676147209,20530.031882320065,0.1041623,0.00014564412525871223,0.001310621473781841,0.0002761398967835131
252,0.72,0.06323397960977438,0.1239939,0.06323398,6.063564e+07,0.3826192,9.589091e+08,0.0,0.0,602244604.7619933,84118687.58872242,0.1396753,0.44502747923951264,0.416886620691492,0.058228758096927534
253,0.72,0.06323397960977438,0.1239939,0.06323398,6.063564e+07,0.3826192,9.589091e+08,0.0,0.0,555108506.5767732,62482358.49773688,0.1125588,0.4101963511717988,0.3842580034657974,0.0432516274633129
254,0.72,0.06323397960977438,0.1239939,0.06323398,6.063564e+07,0.3826192,9.589091e+08,2.332050975240307e-05,0.0,229824325.26469854,25959204.38203464,0.1129524,0.1698282381141312,0.15909317685772426,0.01796951754336273
255,0.72,0.06323397960977438,0.1239939,0.06323398,6.063564e+07,0.3826192,9.589091e+08,0.0001347170320285693,0.0,185288170.3444164,23876801.128167693,0.1288631,0.13691833306479273,0.1282827061418781,0.0165280333879926
256,0.72,0.06323397960977438,0.1239939,0.06323398,6.063564e+07,0.3826192,9.589091e+08,0.0,0.0,22598922.14301853,2272791.5981672606,0.1005708,0.0166994295595427,0.01564345817127971,0.0015732750470556969
257,0.72,0.06323397960977438,0.1239939,0.06323398,6.063564e+07,0.3826192,9.589091e+08,0.040366606607599574,2.291550474042144e-07,37912402.77164762,4699972.427596932,0.1239693,0.02801529628322246,0.03291500920017657,0.0032534361187261415
258,0.72,0.06323397960977438,0.1239939,0.06323398,6.063564e+07,0.3826192,9.589091e+08,0.0,0.0,152420264.86735925,23040793.16555548,0.1511662,0.11263065824516034,0.10550857349825041,0.01594933076176929
259,0.72,0.06323397960977438,0.1239939,0.06323398,6.063564e+07,0.3826192,9.589091e+08,0.0,0.0,54669546.23964551,10019500.016045302,0.1832739,0.04039795485392916,0.037843431400419215,0.006935712615239155
260,0.72,0.06323397960977438,0.1239939,0.06323398,6.063564e+07,0.3826192,9.589091e+08,1.2196758144237034e-05,0.0,323915442.2592283,36425182.2016546,0.1124527,0.23935668599695428,0.22422322590579472,0.025214291661642758
261,0.72,0.06323397960977438,0.1239939,0.06323398,6.063564e+07,0.3826192,9.589091e+08,0.0,0.0,36800469.42552574,6172238.907072616,0.1677217,0.02719363529997042,0.02547407351989645,0.0042725560340834395
262,0.72,0.06323397960977438,0.1239939,0.06323398,6.063564e+07,0.3826192,9.589091e+08,0.0,0.0,332121127.41621727,50002362.49466343,0.1505546,0.2454202610825145,0.22990136129739727,0.034612706800801134
263,0.72,0.06323397960977438,0.1239939,0.06323398,6.063564e+07,0.3826192,9.589091e+08,0.0,0.0,585214357.169616,99453999.59711702,0.1699446,0.4324430109073212,0.4050979183732182,0.0688441896838254
264,0.72,0.06323397960977438,0.1239939,0.06323398,6.063564e+07,0.3826192,9.589091e+08,0.0010908090025225884,0.0,90916732.04876354,11391260.287457645,0.1252933,0.06718274230176854,0.06311478389317905,0.007885274470050519
265,0.72,0.06323397960977438,0.1239939,0.06323398,6.063564e+07,0.3826192,9.589091e+08,0.0,0.0,337813361.5316077,49053596.84690767,0.1452092,0.2496265264098967,0.23384164772883445,0.03395595088867904
266,0.72,0.06323397960977438,0.1239939,0.06323398,6.063564e+07,0.3826192,9.589091e+08,0.0018718685436957948,0.0,247561773.15309712,37702437.40185861,0.1522951,0.1829352907294648,0.17167692069702348,0.026098435081049757
267,0.72,0.06323397960977438,0.1239939,0.06323398,6.063564e+07,0.3826192,9.589091e+08,0.06240501423365342,2.6182891587656217e-05,26888119.54224763,3942109.103599321,0.1466116,0.019868923634618656,0.02892596576295157,0.0027304680439313874
268,0.72,0.06323397960977438,0.1239939,0.06323398,6.063564e+07,0.3826192,9.589091e+08,0.0001356127377144434,0.0,199319182.91744143,39030122.090733714,0.1958172,0.14728652251336227,0.13799542174005078,0.02701748687314961
269,0.72,0.06323397960977438,0.1239939,0.06323398,6.063564e+07,0.3826192,9.589091e+08,4.03115935814615e-05,0.0,308038775.44667184,51922417.11006204,0.1685581,0.22762465393813672,0.21323770335213332,0.035941809749715
270,0.72,0.06323397960977438,0.1239939,0.06323398,6.063564e+07,0.3826192,9.589091e+08,0.0,0.0,713213.1976948092,71049.08014034279,0.09961829,0.0005270275051378985,0.0004937014586242184,4.918169575741085e-05
271,0.72,0.06323397960977438,0.1239939,0.06323398,6.063564e+07,0.3826192,9.589091e+08,0.035192619636031916,0.014898606027558381,429202.6329070248,39271.7107814408,0.09149923,0.0003171584507279413,0.006113250209211295,0.0009692828695024595
272,0.72,0.06323397960977438,0.1239939,0.06323398,6.063564e+07,0.3826192,9.589091e+08,7.76206287404616e-06,0.0,174740436.62661195,32917723.712512784,0.1883807,0.12912410575082747,0.12096035748649818,0.0227863537354377
273,0.72,0.06323397960977438,0.1239939,0.06323398,6.063564e+07,0.3826192,9.589091e+08,0.0,0.0,46399047.63108681,7113443.941728418,0.1533101,0.03428648599440265,0.03211841503814178,0.004924078327804182
274,0.72,0.06323397960977438,0.1239939,0.06323398,6.063564e+07,0.3826192,9.589091e+08,0.09517919691878024,1.4561245405129186e-05,33667855.047476105,6389012.592342795,0.189766,0.02487879599868049,0.039035505269812795,0.004423532189685031
275,0.72,0.06323397960977438,0.1239939,0.06323398,6.063564e+07,0.3826192,9.589091e+08,0.0,0.0,141401899.47721827,20812678.81139792,0.1471881,0.10448865857236596,0.09788142486674829,0.014406982260389124
276,0.72,0.06323397960977438,0.1239939,0.06323398,6.063564e+07,0.3826192,9.589091e+08,0.043607214929104084,0.0,16294379.390546042,2360404.8682442363,0.1448601,0.01204069995581403,0.018486112865846897,0.0016339228300350996
277,0.72,0.06323397960977438,0.1239939,0.06323398,6.063564e+07,0.3826192,9.589091e+08,0.0011177771802633365,0.0,163817678.00401357,17210088.659510694,0.1050564,0.12105275451294027,0.11358283777613487,0.011913192158690739
278,0.72,0.06323397960977438,0.1239939,0.06323398,6.063564e+07,0.3826192,9.589091e+08,0.0,0.0,118246320.77496967,13932690.962328074,0.1178277,0.08737788873115448,0.08185263709678352,0.00964450724256683
279,0.72,0.06323397960977438,0.1239939,0.06323398,6.063564e+07,0.3826192,9.589091e+08,2.988172838656997e-05,0.0,190348769.0106182,32819433.41452296,0.1724174,0.1406578526056156,0.13176843525866963,0.022718315084942976
280,0.72,0.06323397960977438,0.1239939,0.06323398,6.063564e+07,0.3826192,9.589091e+08,0.025939222565289518,0.01233351787621116,25233.67695766264,4318.270975534487,0.1711313,1.8646376504860083e-05,0.0043043414080070905,0.0007828866176050089
281,0.72,0.06323397960977438,0.1239939,0.06323398,6.063564e+07,0.3826192,9.589091e+08,0.0,0.0,528010952.3735501,80828602.59959516,0.1530813,0.39017266620183183,0.3655004957829339,0.05595129076544829
282,0.72,0.06323397960977438,0.1239939,0.06323398,6.063564e+07,0.3826192,9.589091e+08,0.001602236687471346,0.0,125995616.25658904,16573585.82401723,0.131541,0.09310421555384163,0.08748166089242239,0.011472591256580063
283,0.72,0.06323397960977438,0.1239939,0.06323398,6.063564e+07,0.3826192,9.589091e+08,0.009201576286297709,0.0,98229165.55370784,11088391.094703902,0.1128829,0.07258625081654883,0.06951704192698545,0.007675621924755295
284,0.72,0.06323397960977438,0.1239939,0.06323398,6.063564e+07,0.3826192,9.589091e+08,0.0001574067153427925,0.0,131313038.02570593,16662129.176027212,0.1268886,0.09703351402700702,0.09092371277330884,0.011533882862203871
285,0.72,0.06323397960977438,0.1239939,0.06323398,6.063564e+07,0.3826192,9.589091e+08,0.0,0.0,94088529.2452258,11647649.88835293,0.1237946,0.06952653567050847,0.06513009613158129,0.008062752845867462
286,0.72,0.06323397960977438,0.1239939,0.06323398,6.063564e+07,0.3826192,9.589091e+08,0.0,0.0,319372260.0985159,49676564.79347748,0.1555444,0.2359995103764159,0.22107632214935688,0.034387182650642674
287,0.72,0.06323397960977438,0.1239939,0.06323398,6.063564e+07,0.3826192,9.589091e+08,2.1104576565631902e-07,0.0,381986336.05613804,48395602.20738454,0.1266946,0.28226806001223065,0.264419162139637,0.03350047289927917
288,0.72,0.06323397960977438,0.1239939,0.06323398,6.063564e+07,0.3826192,9.589091e+08,2.646538072610055e-07,0.0,167353712.51474133,29374437.780331157,0.1755231,0.12366570033656453,0.11584586970135598,0.02033361528542756
289,0.72,0.06323397960977438,0.1239939,0.06323398,6.063564e+07,0.3826192,9.589091e+08,0.03272116723838194,0.00030734872417953284,12657595.883257557,1782379.8064256911,0.140815,0.009353305857152,0.014169558758959743,0.0012532363789184825
290,0.72,0.06323397960977438,0.1239939,0.06323398,6.063564e+07,0.3826192,9.589091e+08,0.05339865198315945,5.5029590270703726e-05,33095620.25335724,3986725.344641016,0.1204608,0.02445594421064247,0.03173448442098563,0.002763176453601587
291,0.72,0.06323397960977438,0.1239939,0.06323398,6.063564e+07,0.3826192,9.589091e+08,0.0,0.0,77105346.81840847,10674817.528507957,0.1384446,0.0569768460508593,0.05337397332945001,0.007389337439920609
292,0.72,0.06323397960977438,0.1239939,0.06323398,6.063564e+07,0.3826192,9.589091e+08,0.032237041152294386,0.013831395017963035,1217040.9753793871,111493.87091128381,0.09161061,0.0008993300614429464,0.006170151866822363,0.0009517925971460176
293,0.72,0.06323397960977438,0.1239939,0.06323398,6.063564e+07,0.3826192,9.589091e+08,0.05424752084823864,0.0,77215666.85769624,9336466.387324242,0.1209141,0.0570583668293032,0.06241561535816919,0.006462902100965303
294,0.72,0.06323397960977438,0.1239939,0.06323398,6.063564e+07,0.3826192,9.589091e+08,0.08330792426417048,0.009098061473306851,8488880.117731553,820293.3966122023,0.09663152,0.00627284145094744,0.019644160354606713,0.001143131300588082
295,0.72,0.06323397960977438,0.1239939,0.06323398,6.063564e+07,0.3826192,9.589091e+08,1.8090736422977084e-05,0.0,243171357.03885537,28600739.26478977,0.1176156,0.1796910012818147,0.16833141395613133,0.0197980445936726
296,0.72,0.06323397960977438,0.1239939,0.06323398,6.063564e+07,0.3826192,9.589091e+08,0.0,0.0,53689261.02359336,5944900.842565909,0.1107279,0.039673575000318255,0.037164856967701276,0.004115187754289219
297,0.72,0.06323397960977438,0.1239939,0.06323398,6.063564e+07,0.3826192,9.589091e+08,0.044858475634316,0.0054679799836164856,4691210.982549557,552560.3862898061,0.1177863,0.003466561230498381,0.01066094202903812,0.0007282562747910979
298,0.72,0.06323397960977438,0.1239939,0.06323398,6.063564e+07,0.3826192,9.589091e+08,0.0,0.0,6472.418484146398,810.0090474547958,0.1251478,4.7827810491075016e-06,4.480346769770222e-06,5.607056200302797e-07
299,0.72,0.06323397960977438,0.1239939,0.06323398,6.063564e+07,0.3826192,9.589091e+08,0.0,0.0,348503215.79488397,46680856.34017287,0.1339467,0.2575257734244941,0.24124139391877827,0.03231348906534497
300,0.72,0.06323397960977438,0.1239939,0.06323398,6.063564e+07,0.3826192,9.589091e+08,0.007015694084230945,3.5981477438887146e-06,75875746.34644893,7225264.452169643,0.09522495,0.05606823517384841,0.053682273924925215,0.005001710406492722
301,0.72,0.06323397960977438,0.1239939,0.06323398,6.063564e+07,0.3826192,9.589091e+08,0.0,0.0,347880270.0132755,50846744.677996404,0.1461616,0.2570654488508906,0.24081017749987585,0.03519720624205541
302,0.72,0.06323397960977438,0.1239939,0.06323398,6.063564e+07,0.3826192,9.589091e+08,0.0,0.0,7215796.477898394,888898.507867591,0.1231879,0.005332098771617142,0.004994928946615401,0.0006153145950208697
303,0.72,0.06323397960977438,0.1239939,0.06323398,6.063564e+07,0.3826192,9.589091e+08,0.00010570064915841452,0.0,218180017.76535094,26920136.717374954,0.123385,0.16122369973728287,0.15104635232939723,0.018634695497346268
304,0.72,0.06323397960977438,0.1239939,0.06323398,6.063564e+07,0.3826192,9.589091e+08,0.00017168490226722796,0.0,270925732.9246325,44135608.92419121,0.1629067,0.2002000433564956,0.18756897159101457,0.030551614262843942
305,0.72,0.06323397960977438,0.1239939,0.06323398,6.063564e+07,0.3826192,9.589091e+08,0.0,0.0,14028232.367199494,2054457.6680269935,0.1464516,0.010366135020882655,0.009710643050339992,0.001422139622016166
306,0.72,0.06323397960977438,0.1239939,0.06323398,6.063564e+07,0.3826192,9.589091e+08,0.059837332247652954,0.004392914144428771,6612837.288517583,830194.0785418215,0.1255428,0.00488654325146352,0.014466630130979843,0.0008524595745225275
307,0.72,0.06323397960977438,0.1239939,0.06323398,6.063564e+07,0.3826192,9.589091e+08,0.0,0.0,411974079.2387772,58011316.20705494,0.140813,0.3044274445067184,0.28517728568812484,0.04015667618140352
308,0.72,0.06323397960977438,0.1239939,0.06323398,6.063564e+07,0.3826192,9.589091e+08,2.688723077677855e-07,0.0,345945213.15112704,44415437.21621113,0.1283886,0.2556355423465602,0.23947073410976155,0.030745317402916344
309,0.72,0.06323397960977438,0.1239939,0.06323398,6.063564e+07,0.3826192,9.589091e+08,0.0,0.0,291121183.69796693,33108143.350930475,0.1137263,0.21512343242249574,0.20152032168310696,0.02291816628958191
310,0.72,0.06323397960977438,0.1239939,0.06323398,6.063564e+07,0.3826192,9.589091e+08,0.00013282336937501743,0.0,295399677.38565546,50391342.440430336,0.170587,0.21828501701074898,0.20450393789604185,0.034881967054567316
311,0.72,0.06323397960977438,0.1239939,0.06323398,6.063564e+07,0.3826192,9.589091e+08,3.0122660404726507e-05,0.0,322064173.174221,54101928.93532482,0.1679849,0.2379886943075635,0.22294470031892907,0.03745051453910871
312,0.72,0.06323397960977438,0.1239939,0.06323398,6.063564e+07,0.3826192,9.589091e+08,0.0,0.0,171076288.34625772,19410403.48503991,0.1134605,0.1264164905063368,0.11842267272331986,0.013436297230648625
313,0.72,0.06323397960977438,0.1239939,0.06323398,6.063564e+07,0.3826192,9.589091e+08,1.8245368951285502e-09,0.0,504733770.9164013,77611160.43103683,0.1537665,0.3729720382414211,0.3493875322817812,0.053724108351002796
314,0.72,0.06323397960977438,0.1239939,0.06323398,6.063564e+07,0.3826192,9.589091e+08,2.835481872321985e-07,0.0,308094257.0617767,44292289.58416356,0.1437621,0.22766565196969898,0.21326949363610376,0.03066007197312829
315,0.72,0.06323397960977438,0.1239939,0.06323398,6.063564e+07,0.3826192,9.589091e+08,8.460472297180817e-10,0.0,416455109.11929184,57272680.53948497,0.1375243,0.30773869282069943,0.28827915073355964,0.03964537674436308
316,0.72,0.06323397960977438,0.1239939,0.06323398,6.063564e+07,0.3826192,9.589091e+08,2.9338366074012256e-06,0.0,237728991.36809018,32490677.70235251,0.1366711,0.17566937575555952,0.16456158689470093,0.022490743336194923
317,0.72,0.06323397960977438,0.1239939,0.06323398,6.063564e+07,0.3826192,9.589091e+08,0.0,0.0,317545576.2312674,37926901.618063636,0.1194377,0.2346496858858663,0.21981185243311943,0.02625381402146693
318,0.72,0.06323397960977438,0.1239939,0.06323398,6.063564e+07,0.3826192,9.589091e+08,7.281215128676284e-12,0.0,332289661.64810663,41514397.51526535,0.1249344,0.24554479912534669,0.23001802430537166,0.028737155556622842
319,0.72,0.06323397960977438,0.1239939,0.06323398,6.063564e+07,0.3826192,9.589091e+08,0.0,0.0,351025666.8016711,50552436.98660302,0.1440135,0.25938973368944207,0.2429874885583391,0.03499348015146306
320,0.72,0.06323397960977438,0.1239939,0.06323398,6.063564e+07,0.3826192,9.589091e+08,0.0,0.0,495320926.4363482,63426649.69196565,0.1280516,0.3660164351221751,0.3428717593268172,0.043905286062822214
321,0.72,0.06323397960977438,0.1239939,0.06323398,6.063564e+07,0.3826192,9.589091e+08,0.0,0.0,253506147.76900306,29569503.10629808,0.1166422,0.18732787478925464,0.17548238777448855,0.020468643684044052
322,0.72,0.06323397960977438,0.1239939,0.06323398,6.063564e+07,0.3826192,9.589091e+08,0.0,0.0,144190788.74134728,18387670.98105031,0.1275232,0.10654950286931732,0.0998119537774473,0.012728339875633264
323,0.72,0.06323397960977438,0.1239939,0.06323398,6.063564e+07,0.3826192,9.589091e+08,0.0,0.0,64272145.063927844,7315350.56375827,0.1138184,0.047493776576744806,0.044490556077099744,0.005063842418155018
324,0.72,0.06323397960977438,0.1239939,0.06323398,6.063564e+07,0.3826192,9.589091e+08,0.0,0.0,187220641.33060274,31007853.034620244,0.165622,0.13834632874111077,0.1295981398104082,0.02146430032629334
325,0.72,0.06323397960977438,0.1239939,0.06323398,6.063564e+07,0.3826192,9.589091e+08,0.0,0.0,491339172.9994179,77837353.17857742,0.1584188,0.36307412616501866,0.34011550427426324,0.0538806838178505
326,0.72,0.06323397960977438,0.1239939,0.06323398,6.063564e+07,0.3826192,9.589091e+08,0.0,0.0,469785471.9117633,59177708.08880616,0.1259675,0.3471470606712371,0.32519557051515896,0.04096407763612875
327,0.72,0.06323397960977438,0.1239939,0.06323398,6.063564e+07,0.3826192,9.589091e+08,0.0,0.0,153691852.61086047,18586377.55337961,0.1209327,0.11357029553480588,0.10638879378268191,0.012865888823008709
328,0.72,0.06323397960977438,0.1239939,0.06323398,6.063564e+07,0.3826192,9.589091e+08,0.0010682781449102754,0.0,268961021.4365895,40757268.51405452,0.151536,0.19874822362404282,0.18635713266523304,0.02821305463774944
329,0.72,0.06323397960977438,0.1239939,0.06323398,6.063564e+07,0.3826192,9.589091e+08,0.0,0.0,305228514.3216848,46488285.57468604,0.1523065,0.22554801694617554,0.21128571824157602,0.03218018745494781
330,0.72,0.06323397960977438,0.1239939,0.06323398,6.063564e+07,0.3826192,9.589091e+08,1.3295075167574956e-05,0.0,234649505.24998158,29975543.048551247,0.127746,0.17339379547861117,0.16243161297605985,0.02074971323295033
331,0.72,0.06323397960977438,0.1239939,0.06323398,6.063564e+07,0.3826192,9.589091e+08,0.0,0.0,185632308.1875558,23236192.032331884,0.1251732,0.1371726330545847,0.128498661572992,0.016084590044481428
332,0.72,0.06323397960977438,0.1239939,0.06323398,6.063564e+07,0.3826192,9.589091e+08,0.0,0.0,672913160.8805859,79717593.34249237,0.1184664,0.4972478713231945,0.4658049095669399,0.05518222635027833
333,0.72,0.06323397960977438,0.1239939,0.06323398,6.063564e+07,0.3826192,9.589091e+08,7.90650253186171e-08,0.0,248657302.35219637,36650334.67092529,0.147393,0.1837448299001828,0.17212592613964142,0.0253701470255803
334,0.72,0.06323397960977438,0.1239939,0.06323398,6.063564e+07,0.3826192,9.589091e+08,0.0027099669811485047,0.0,143876262.09059387,18261037.794704054,0.1269218,0.10631708401254109,0.10004209736044077,0.01264068167046902
335,0.72,0.06323397960977438,0.1239939,0.06323398,6.063564e+07,0.3826192,9.589091e+08,0.0,0.0,349934802.20495427,37491239.46686836,0.1071378,0.2585836414175813,0.24223236870876072,0.02595223934476765
336,0.72,0.06323397960977438,0.1239939,0.06323398,6.063564e+07,0.3826192,9.589091e+08,0.0,0.0,120304409.95973423,13526150.301926963,0.1124327,0.08889870973096708,0.08327729053250386,0.009363091085828846
337,0.72,0.06323397960977438,0.1239939,0.06323398,6.063564e+07,0.3826192,9.589091e+08,1.0366528424613024e-06,0.0,222250472.36029613,33367545.34023929,0.1501349,0.16423155424261837,0.15384671081393003,0.023097729905210047
338,0.72,0.06323397960977438,0.1239939,0.06323398,6.063564e+07,0.3826192,9.589091e+08,9.86576868692768e-07,0.0,407778422.69731987,46928591.786100164,0.1150836,0.3013270722665429,0.2822731253706774,0.03248497684964641
339,0.72,0.06323397960977438,0.1239939,0.06323398,6.063564e+07,0.3826192,9.589091e+08,0.0,0.0,301728447.51550037,39099073.95669238,0.1295837,0.2229616493878614,0.2088628969967077,0.027065216832310043
340,0.72,0.06323397960977438,0.1239939,0.06323398,6.063564e+07,0.3826192,9.589091e+08,4.572033637581438e-06,9.819077120991508e-08,13840552.537158774,2473748.212572862,0.1787319,0.010227449375537389,0.009581482652426962,0.0017123877307648927
341,0.72,0.06323397960977438,0.1239939,0.06323398,6.063564e+07,0.3826192,9.589091e+08,0.0,0.0,368208817.09627336,46241778.15841373,0.1255857,0.2720871891760257,0.25488203340358806,0.03200954973908854
342,0.72,0.06323397960977438,0.1239939,0.06323398,6.063564e+07,0.3826192,9.589091e+08,0.0,0.0,213523371.91585752,24595424.551031884,0.1151884,0.15778268034462234,0.14780545355293495,0.017025479920412763
343,0.72,0.06323397960977438,0.1239939,0.06323398,6.063564e+07,0.3826192,9.589091e+08,0.00873826774873873,0.0,185236321.55379117,29542720.26695816,0.1594866,0.1368800195018133,0.12966869055968397,0.020450104028733474
344,0.72,0.06323397960977438,0.1239939,0.06323398,6.063564e+07,0.3826192,9.589091e+08,0.002289657127309952,0.0,242551675.34778154,41299219.145643175,0.1702698,0.1792330887015626,0.16827786992595084,0.028588204478193265
345,0.72,0.06323397960977438,0.1239939,0.06323398,6.063564e+07,0.3826192,9.589091e+08,0.0006793321790744707,0.0,172637461.55588764,17186579.4755899,0.09955301,0.1275701164128942,0.11961562085176647,0.011896918597811224
346,0.72,0.06323397960977438,0.1239939,0.06323398,6.063564e+07,0.3826192,9.589091e+08,0.005232060248297808,0.0,119147315.61212896,13802732.159086369,0.1158459,0.08804367711351331,0.0833410072154299,0.00955454697412415
347,0.72,0.06323397960977438,0.1239939,0.06323398,6.063564e+07,0.3826192,9.589091e+08,0.0,0.0,7422947.317097809,678164.6961998199,0.09136057,0.0054851724813064105,0.005138323196467385,0.0004694401348481073
348,0.72,0.06323397960977438,0.1239939,0.06323398,6.063564e+07,0.3826192,9.589091e+08,0.0,0.0,240388873.9824022,30663477.10975459,0.1275578,0.17763489083956444,0.16640232977423092,0.021225915931597956
349,0.72,0.06323397960977438,0.1239939,0.06323398,6.063564e+07,0.3826192,9.589091e+08,0.002929354100754494,0.0,57579047.194542214,7980175.191846581,0.1385951,0.04254792492516682,0.04034157323188737,0.005524048271996991
350,0.72,0.06323397960977438,0.1239939,0.06323398,6.063564e+07,0.3826192,9.589091e+08,0.0,0.0,332318101.2720688,44842927.142015785,0.1349398,0.2455658145301545,0.23003771082129706,0.031041235090080662
351,0.72,0.06323397960977438,0.1239939,0.06323398,6.063564e+07,0.3826192,9.589091e+08,0.0,0.0,410862270.97087854,51780571.22971816,0.126029,0.30360587594977606,0.2844076681805602,0.03584362099177845
352,0.72,0.06323397960977438,0.1239939,0.06323398,6.063564e+07,0.3826192,9.589091e+08,2.456992948368096e-06,0.0,368868771.3048017,55913875.10073329,0.151582,0.2725748610547152,0.25533927390628325,0.038704782502323704
353,0.72,0.06323397960977438,0.1239939,0.06323398,6.063564e+07,0.3826192,9.589091e+08,0.0007102571396235875,0.0,179327894.4669293,23792708.0841949,0.1326771,0.1325139987986876,0.1242519927271652,0.016469822380956126
354,0.72,0.06323397960977438,0.1239939,0.06323398,6.063564e+07,0.3826192,9.589091e+08,7.162716820523579e-05,0.0,166486448.56508783,24674052.71885156,0.1482046,0.12302483732791686,0.11525732481547615,0.017079908023071255
355,0.72,0.06323397960977438,0.1239939,0.06323398,6.063564e+07,0.3826192,9.589091e+08,0.0006759696755956342,0.0,109395063.99165377,16501371.76391049,0.150842,0.08083726974804642,0.07583732235219863,0.011422603136725988
356,0.72,0.06323397960977438,0.1239939,0.06323398,6.063564e+07,0.3826192,9.589091e+08,0.0,0.0,383361345.64447194,50546039.39819005,0.1318496,0.28328412067294545,0.26537093836253955,0.03498905160367206
357,0.72,0.06323397960977438,0.1239939,0.06323398,6.063564e+07,0.3826192,9.589091e+08,1.6725361244251817e-07,0.0,312612416.88068295,45747674.05001862,0.1463399,0.23100433737943168,0.2163970414611633,0.03166752028728461
358,0.72,0.06323397960977438,0.1239939,0.06323398,6.063564e+07,0.3826192,9.589091e+08,0.0,0.0,425180853.6403707,64301348.10351087,0.1512329,0.31418656476176626,0.29431929793195566,0.04451077104688017
359,0.72,0.06323397960977438,0.1239939,0.06323398,6.063564e+07,0.3826192,9.589091e+08,0.02898042849073506,9.91145197489283e-07,76682534.1362509,10704767.297493245,0.1395985,0.056664409441808325,0.05787077568523245,0.0074101319858498734
360,0.72,0.06323397960977438,0.1239939,0.06323398,6.063564e+07,0.3826192,9.589091e+08,0.0010089926770119701,0.0,158578842.1798198,20509906.18625142,0.1293357,0.11718152697091523,0.10993842496711813,0.014197396561260945
361,0.72,0.06323397960977438,0.1239939,0.06323398,6.063564e+07,0.3826192,9.589091e+08,0.004832923206638424,0.0012578317162528988,53014.493535588284,9067.994790820057,0.1710475,3.917495687757335e-05,0.0008354161320224651,8.581476540695063e-05
362,0.72,0.06323397960977438,0.1239939,0.06323398,6.063564e+07,0.3826192,9.589091e+08,7.708990523380456e-07,0.0,254996589.28720602,32249783.28609921,0.1264714,0.18842923365001504,0.17651423073498346,0.0223239910592277
363,0.72,0.06323397960977438,0.1239939,0.06323398,6.063564e+07,0.3826192,9.589091e+08,1.305324479364233e-05,0.0,151042278.85550532,23513933.721028175,0.1556778,0.11161239816207497,0.10455685931133844,0.016276848793020163
364,0.72,0.06323397960977438,0.1239939,0.06323398,6.063564e+07,0.3826192,9.589091e+08,0.0,0.0,311812171.45461386,36868894.55443526,0.1182407,0.2304129975784264,0.2158430667877252,0.025521438860384212
365,0.72,0.06323397960977438,0.1239939,0.06323398,6.063564e+07,0.3826192,9.589091e+08,0.03153678604987134,2.299207925641762e-06,89752039.56803988,11773827.138483874,0.1311817,0.06632209505862637,0.06734024664730232,0.00815024083028047
366,0.72,0.06323397960977438,0.1239939,0.06323398,6.063564e+07,0.3826192,9.589091e+08,0.0,0.0,107781656.91866674,17591260.380876664,0.163212,0.07964504572976339,0.07460877253206798,0.012177047392207057
367,0.72,0.06323397960977438,0.1239939,0.06323398,6.063564e+07,0.3826192,9.589091e+08,0.0,0.0,131227114.13602464,20758855.054259777,0.1581903,0.09697002073586093,0.09083822042189009,0.014369724302328864
368,0.72,0.06323397960977438,0.1239939,0.06323398,6.063564e+07,0.3826192,9.589091e+08,0.0,0.0,18061991.412818104,2203929.861743466,0.1220203,0.0133468734214212,0.012502897499636812,0.0015256074774906542
369,0.72,0.06323397960977438,0.1239939,0.06323398,6.063564e+07,0.3826192,9.589091e+08,0.0,0.0,494057400.76924336,74345706.1118521,0.1504799,0.36508275528820083,0.34199711978442643,0.05146369089705922
370,0.72,0.06323397960977438,0.1239939,0.06323398,6.063564e+07,0.3826192,9.589091e+08,1.0224465982006898e-08,0.0,477301142.62674195,75524211.89527534,0.1582318,0.35270075092704767,0.33039808052433217,0.05227947785410611
371,0.72,0.06323397960977438,0.1239939,0.06323398,6.063564e+07,0.3826192,9.589091e+08,3.0798155125008595e-07,0.0,281198867.16738063,40907076.01076334,0.1454738,0.20779135592250209,0.19465193245792067,0.02831675459714032
372,0.72,0.06323397960977438,0.1239939,0.06323398,6.063564e+07,0.3826192,9.589091e+08,0.0,0.0,315215366.9868864,47948329.51478525,0.1521129,0.2329277822973114,0.21819883166097323,0.033190861157022064
373,0.72,0.06323397960977438,0.1239939,0.06323398,6.063564e+07,0.3826192,9.589091e+08,0.0,0.0,716719355.5824312,97079206.13778631,0.1354494,0.529618373688993,0.4961284962461813,0.06720030676271248
374,0.72,0.06323397960977438,0.1239939,0.06323398,6.063564e+07,0.3826192,9.589091e+08,0.0,0.0,219222741.4777646,37186088.68557871,0.169627,0.16199421839632858,0.15175067929335379,0.02574100743499656
375,0.72,0.06323397960977438,0.1239939,0.06323398,6.063564e+07,0.3826192,9.589091e+08,0.0,0.0,333012974.6499262,60298798.82034965,0.1810704,0.24607928986109703,0.23051871706363267,0.04174012066393873
376,0.72,0.06323397960977438,0.1239939,0.06323398,6.063564e+07,0.3826192,9.589091e+08,0.0090367689506958,2.0676335193535664e-05,74528940.6200486,7534087.991709056,0.1010894,0.05507301570204899,0.05308400129922871,0.005216564599983429
377,0.72,0.06323397960977438,0.1239939,0.06323398,6.063564e+07,0.3826192,9.589091e+08,0.0006830144503173274,0.0,81589630.04545526,14346168.957270471,0.1758332,0.06029049841893212,0.05659096940479057,0.00993072557093185
378,0.72,0.06323397960977438,0.1239939,0.06323398,6.063564e+07,0.3826192,9.589091e+08,0.02959521784026519,6.918916903121893e-05,69573051.60755251,7368514.039227259,0.1059105,0.05141087115615714,0.053051043369720656,0.005105018421598697
379,0.72,0.06323397960977438,0.1239939,0.06323398,6.063564e+07,0.3826192,9.589091e+08,7.574895634618326e-05,0.0,252505362.62169254,37239455.461783476,0.1474799,0.18658834655131556,0.1748021415845624,0.02577794906106226
380,0.72,0.06323397960977438,0.1239939,0.06323398,6.063564e+07,0.3826192,9.589091e+08,0.0033257849105047758,0.0,59604373.61843216,6755021.612988838,0.113331,0.04404453594655923,0.0418090641557923,0.00467597071135211
381,0.72,0.06323397960977438,0.1239939,0.06323398,6.063564e+07,0.3826192,9.589091e+08,0.056031516768602435,7.572722687015033e-05,47516132.42084057,5606453.790091194,0.1179905,0.035111953626906195,0.04215179524653542,0.00388569598603025
382,0.72,0.06323397960977438,0.1239939,0.06323398,6.063564e+07,0.3826192,9.589091e+08,2.733341198128044e-08,0.0,450048668.73764646,66372244.02547799,0.1474779,0.33256258835654556,0.31153333694272034,0.045944289580522914
383,0.72,0.06323397960977438,0.1239939,0.06323398,6.063564e+07,0.3826192,9.589091e+08,0.004095299906690361,0.0006432669285944414,38267.52688615708,6549.0050834864005,0.1711374,2.8277714556873524e-05,0.0007033038406244025,4.5209689501362174e-05
384,0.72,0.06323397960977438,0.1239939,0.06323398,6.063564e+07,0.3826192,9.589091e+08,0.04408623159777905,2.576424155927965e-05,38620704.179241806,5458237.329052256,0.1413293,0.02853869423061962,0.034020038523110675,0.0037799380172293877
385,0.72,0.06323397960977438,0.1239939,0.06323398,6.063564e+07,0.3826192,9.589091e+08,0.01739418349280523,1.0917993657245344e-11,52743971.88562178,10504888.23674823,0.1991676,0.038975055430532764,0.03938517641568589,0.007271708743503437
386,0.72,0.06323397960977438,0.1239939,0.06323398,6.063564e+07,0.3826192,9.589091e+08,0.002349420678381855,0.0011565651690645894,2657.9933255879,219.9513714930962,0.08275091,1.964118997777167e-06,0.00039011950960564053,7.328647337060902e-05
387,0.72,0.06323397960977438,0.1239939,0.06323398,6.063564e+07,0.3826192,9.589091e+08,0.04914195378458405,0.010595788706167501,3909679.825439893,353148.1415054498,0.09032661,0.0028890503021387908,0.01082786313761215,0.0009144705980252877
388,0.72,0.06323397960977438,0.1239939,0.06323398,6.063564e+07,0.3826192,9.589091e+08,0.0,0.0,653297416.0764807,78624018.74439195,0.1203495,0.48275285485554775,0.4522264706750517,0.054425230579670615
389,0.72,0.06323397960977438,0.1239939,0.06323398,6.063564e+07,0.3826192,9.589091e+08,0.0,0.0,38714761.60017207,5566837.723761625,0.1437911,0.028608197778861297,0.026799187583840388,0.0038534843620791855
390,0.72,0.06323397960977438,0.1239939,0.06323398,6.063564e+07,0.3826192,9.589091e+08,0.0,0.0,33409106.98506168,4384294.979392758,0.1312305,0.024687594621260252,0.023126499766365105,0.0030349029341592
391,0.72,0.06323397960977438,0.1239939,0.06323398,6.063564e+07,0.3826192,9.589091e+08,2.3486082759367913e-05,0.0,243947679.11422622,35331112.33662681,0.1448307,0.18026466296935578,0.16886969240005956,0.024456953056655035
392,0.72,0.06323397960977438,0.1239939,0.06323398,6.063564e+07,0.3826192,9.589091e+08,0.005934444683084168,4.5574410909409684e-06,131174526.17529704,11679825.186903303,0.08904035,0.09693116096457215,0.09178258042917765,0.008085313462133533
393,0.72,0.06323397960977438,0.1239939,0.06323398,6.063564e+07,0.3826192,9.589091e+08,0.0,0.0,115747652.79171637,15193813.59660384,0.1312667,0.08553150288518556,0.08012300557575038,0.010517483354139554
394,0.72,0.06323397960977438,0.1239939,0.06323398,6.063564e+07,0.3826192,9.589091e+08,0.002676254157994682,0.0,214066207.43491498,31937835.766925324,0.1491961,0.1581838075955394,0.14862351001520793,0.02210805430184838
395,0.72,0.06323397960977438,0.1239939,0.06323398,6.063564e+07,0.3826192,9.589091e+08,0.0,0.0,430163407.74058014,65916027.04769896,0.1532349,0.3178684134223566,0.297768328649416,0.04562848641240063
396,0.72,0.06323397960977438,0.1239939,0.06323398,6.063564e+07,0.3826192,9.589091e+08,0.005913572241934981,0.001921441522385046,221892.9900318989,18367.60661288718,0.08277687,0.000163967393371402,0.0011309120962347033,0.00013421484493790874
397,0.72,0.06323397960977438,0.1239939,0.06323398,6.063564e+07,0.3826192,9.589091e+08,0.0,0.0,444465808.1707445,59484729.21265343,0.1338342,0.32843714440007216,0.3076687567079855,0.041176604237097104
398,0.72,0.06323397960977438,0.1239939,0.06323398,6.063564e+07,0.3826192,9.589091e+08,0.0026092293499635926,0.0,189907949.29006833,29322377.475091968,0.1544031,0.1403321097305708,0.1318895691204947,0.02029757802656011
399,0.72,0.06323397960977438,0.1239939,0.06323398,6.063564e+07,0.3826192,9.589091e+08,0.0,0.0,127854843.50858884,20689853.902822375,0.161823,0.09447808791525177,0.08850386243044826,0.01432196022670393
400,0.72,0.06323397960977438,0.1239939,0.06323398,6.063564e+07,0.3826192,9.589091e+08,0.05757443021475173,7.230857452514732e-05,50390898.25196567,5743281.864806375,0.1139746,0.03723625624599746,0.04439676104296831,0.003980195136393252
401,0.72,0.06323397960977438,0.1239939,0.06323398,6.063564e+07,0.3826192,9.589091e+08,0.0003917154339894207,0.0,160754719.9453867,26497788.58743825,0.1648337,0.11878938761339658,0.11134259918076068,0.01834233707146337
402,0.72,0.06323397960977438,0.1239939,0.06323398,6.063564e+07,0.3826192,9.589091e+08,1.3922716335612563e-05,0.0,408546333.24543667,61419823.31499313,0.1503375,0.3018945182723812,0.28280682741265456,0.04251611784114715
403,0.72,0.06323397960977438,0.1239939,0.06323398,6.063564e+07,0.3826192,9.589091e+08,0.06484288843052921,0.0008573938852814128,21090405.163007934,2871235.9254115084,0.1361394,0.015584713871438814,0.025315561590164952,0.0020417474616741048
404,0.72,0.06323397960977438,0.1239939,0.06323398,6.063564e+07,0.3826192,9.589091e+08,0.001117706192547936,0.0,199443223.68977067,32331609.21887089,0.1621093,0.14737818220079843,0.13824359217449766,0.02238063272330968
405,0.72,0.06323397960977438,0.1239939,0.06323398,6.063564e+07,0.3826192,9.589091e+08,8.13884349095908e-08,0.0,271362149.4273596,41763407.07922455,0.1539028,0.20052253248229512,0.18784270820275845,0.028909525312728564
406,0.72,0.06323397960977438,0.1239939,0.06323398,6.063564e+07,0.3826192,9.589091e+08,0.062274411158136735,0.00022981827502424878,24647400.84454186,3066688.248553054,0.1244224,0.01821314891145791,0.02735330800410762,0.0021373596446850967
407,0.72,0.06323397960977438,0.1239939,0.06323398,6.063564e+07,0.3826192,9.589091e+08,0.00751002465188428,0.0,129591984.64356108,13283622.460530588,0.1025034,0.09576174497795883,0.09094750122381527,0.009195208116975528
408,0.72,0.06323397960977438,0.1239939,0.06323398,6.063564e+07,0.3826192,9.589091e+08,0.0013446641366864109,9.241222175829891e-05,11720.653517823654,1638.6060895521764,0.139805,8.660954118697588e-06,0.00023034068342432665,6.977870794625589e-06
409,0.72,0.06323397960977438,0.1239939,0.06323398,6.063564e+07,0.3826192,9.589091e+08,0.0,0.0,304658911.7796891,38906934.42746241,0.1277065,0.22512711025572382,0.21089142715620596,0.026932213732890672
410,0.72,0.06323397960977438,0.1239939,0.06323398,6.063564e+07,0.3826192,9.589091e+08,3.5300411902014174e-06,0.0,267663513.1277174,34560622.46328178,0.1291197,0.1977894323830356,0.18528300284483354,0.02392360345578519
411,0.72,0.06323397960977438,0.1239939,0.06323398,6.063564e+07,0.3826192,9.589091e+08,0.003471927956265507,0.0,179068903.22150555,27640498.171287112,0.1543568,0.13232261772165568,0.12452912399895404,0.01913334513210145
412,0.72,0.06323397960977438,0.1239939,0.06323398,6.063564e+07,0.3826192,9.589091e+08,0.0,0.0,39604935.682122946,5477431.348596308,0.1383017,0.02926599018520673,0.02741538515857551,0.003791595353333853
413,0.72,0.06323397960977438,0.1239939,0.06323398,6.063564e+07,0.3826192,9.589091e+08,0.0,0.0,221100117.22356874,24641805.666254908,0.1114509,0.1633815015519341,0.15305023901418477,0.017057585922253777
414,0.72,0.06323397960977438,0.1239939,0.06323398,6.063564e+07,0.3826192,9.589091e+08,0.0,0.0,468814123.07478,53456502.61944923,0.1140249,0.3464292843375566,0.32452318203552677,0.0370037366126596
415,0.72,0.06323397960977438,0.1239939,0.06323398,6.063564e+07,0.3826192,9.589091e+08,0.0,0.0,673043362.9910636,97216773.5994742,0.1444436,0.49734408391947077,0.465895038257865,0.06729553390757471
416,0.72,0.06323397960977438,0.1239939,0.06323398,6.063564e+07,0.3826192,9.589091e+08,0.0,0.0,462405065.548272,55104781.823127404,0.1191699,0.3416933237448501,0.3200866950783723,0.03814471079780654
417,0.72,0.06323397960977438,0.1239939,0.06323398,6.063564e+07,0.3826192,9.589091e+08,6.733831459683386e-07,0.0,321854539.442275,41453844.93840019,0.1287968,0.23783378586910872,0.22279472039035148,0.028695239765358167
418,0.72,0.06323397960977438,0.1239939,0.06323398,6.063564e+07,0.3826192,9.589091e+08,0.0,0.0,280121174.69830805,38576167.99535928,0.1377124,0.20699499716874237,0.1939058797384488,0.026703250120718256
419,0.72,0.06323397960977438,0.1239939,0.06323398,6.063564e+07,0.3826192,9.589091e+08,0.0024935564624987954,0.0,127631410.06338295,16272524.822757583,0.1274962,0.09431298220552595,0.08876129736019406,0.011264190380184114
420,0.72,0.06323397960977438,0.1239939,0.06323398,6.063564e+07,0.3826192,9.589091e+08,0.04882508475222479,1.1488331833002088e-05,48623122.028293915,7026227.757642774,0.1445038,0.03592996144408538,0.041727098269350775,0.004864431869197865
421,0.72,0.06323397960977438,0.1239939,0.06323398,6.063564e+07,0.3826192,9.589091e+08,0.0,0.0,91224759.0063879,10881240.539950158,0.1192795,0.06741035822294988,0.06314773300559229,0.007532227871802699
422,0.72,0.06323397960977438,0.1239939,0.06323398,6.063564e+07,0.3826192,9.589091e+08,0.0,0.0,181674464.07310823,28799862.314874325,0.1585245,0.1342479918447699,0.12575895706580456,0.019935881835874775
423,0.72,0.06323397960977438,0.1239939,0.06323398,6.063564e+07,0.3826192,9.589091e+08,0.0,0.0,493154004.7632948,67437464.80476671,0.1367473,0.3644151925668358,0.3413717697105725,0.04668165823016575
424,0.72,0.06323397960977438,0.1239939,0.06323398,6.063564e+07,0.3826192,9.589091e+08,0.0,0.0,441751523.2575971,65269931.78371767,0.1477526,0.3264314288431629,0.3057898705277048,0.045181245425738106
425,0.72,0.06323397960977438,0.1239939,0.06323398,6.063564e+07,0.3826192,9.589091e+08,4.112192252758557e-07,0.0,218816155.71575376,31055644.55909412,0.1419257,0.1616937726383564,0.15146929987691216,0.02149738264364093
426,0.72,0.06323397960977438,0.1239939,0.06323398,6.063564e+07,0.3826192,9.589091e+08,0.01409690383369363,1.4599027127804608e-05,92366608.8017269,10084742.40574509,0.1091817,0.06825412590815925,0.0662678862022268,0.00698179795002793
427,0.72,0.06323397960977438,0.1239939,0.06323398,6.063564e+07,0.3826192,9.589091e+08,0.004002075268598772,0.0,60981865.951058224,8636083.277553141,0.1416172,0.04506243122633945,0.04287436173526144,0.00597808190413305
428,0.72,0.06323397960977438,0.1239939,0.06323398,6.063564e+07,0.3826192,9.589091e+08,0.0,0.0,204624157.55506092,28786448.375106934,0.1406796,0.15120662320291905,0.14164522667444282,0.01992659641932547
429,0.72,0.06323397960977438,0.1239939,0.06323398,6.063564e+07,0.3826192,9.589091e+08,0.0,0.0,621791657.0580152,92523458.90522896,0.1488014,0.4594717355119277,0.43041750915729876,0.0640467209049263
430,0.72,0.06323397960977438,0.1239939,0.06323398,6.063564e+07,0.3826192,9.589091e+08,0.0,0.0,377391501.26950985,46883110.75699383,0.1242294,0.2788727157842433,0.26123848416062007,0.03245349390670298
431,0.72,0.06323397960977438,0.1239939,0.06323398,6.063564e+07,0.3826192,9.589091e+08,0.01824505258363124,1.2792444942148827e-05,69486117.86278275,8204932.821333011,0.1180802,0.051346631634557716,0.05111506843741089,0.005680439236577627
432,0.72,0.06323397960977438,0.1239939,0.06323398,6.063564e+07,0.3826192,9.589091e+08,0.0095768070060095,0.0,136112834.5025963,19553081.18995645,0.1436535,0.10058031429733467,0.09580294228558328,0.013535061795379232
433,0.72,0.06323397960977438,0.1239939,0.06323398,6.063564e+07,0.3826192,9.589091e+08,0.0,0.0,362732722.44677997,43465584.11272301,0.1198281,0.26804063968654684,0.25109136334201687,0.03008780873063362
434,0.72,0.06323397960977438,0.1239939,0.06323398,6.063564e+07,0.3826192,9.589091e+08,0.015014243625944952,0.009970685122167785,183512.09572667084,19120.702292386602,0.1041931,0.00013560590618072132,0.002608376473728442,0.0006437218595678337
435,0.72,0.06323397960977438,0.1239939,0.06323398,6.063564e+07,0.3826192,9.589091e+08,0.05807209589408205,1.5875267563477142e-07,21374219.80741495,3821204.227255384,0.1787763,0.015794438150864495,0.024393041701328094,0.002645129487831243
436,0.72,0.06323397960977438,0.1239939,0.06323398,6.063564e+07,0.3826192,9.589091e+08,0.05902483170891661,7.65516744982162e-06,51570993.188827306,6678554.188431534,0.1295021,0.03810828510414289,0.045453350242535336,0.004623522388184026
437,0.72,0.06323397960977438,0.1239939,0.06323398,6.063564e+07,0.3826192,9.589091e+08,0.0,0.0,390795139.9131841,60380030.982931845,0.1545056,0.2887773084880485,0.27051677005134966,0.041796351307571866
438,0.72,0.06323397960977438,0.1239939,0.06323398,6.063564e+07,0.3826192,9.589091e+08,0.0,0.0,49959421.41410998,6172045.3979143305,0.1235412,0.03691741727594635,0.034582982064673626,0.004272422082897439
439,0.72,0.06323397960977438,0.1239939,0.06323398,6.063564e+07,0.3826192,9.589091e+08,0.00034586778318045395,0.0,148231691.0580315,16938426.25740508,0.1142699,0.10953551977611514,0.10266631317123072,0.01172514162260084
440,0.72,0.06323397960977438,0.1239939,0.06323398,6.063564e+07,0.3826192,9.589091e+08,0.0034519514751226495,0.0,102364840.15047139,14866539.160629073,0.1452309,0.07564229951536604,0.07142962644329263,0.010290936976515872
441,0.72,0.06323397960977438,0.1239939,0.06323398,6.063564e+07,0.3826192,9.589091e+08,2.367965872370001e-06,0.0,265121164.9083796,38351774.96444964,0.1446575,0.19591076911157615,0.18352294287672105,0.02654792045628795
442,0.72,0.06323397960977438,0.1239939,0.06323398,6.063564e+07,0.3826192,9.589091e+08,0.03168045071392863,0.02530517858963833,109761.65712723622,11439.672654050502,0.1042228,8.110816303251053e-05,0.005311683864942351,0.0016080659335065061
443,0.72,0.06323397960977438,0.1239939,0.06323398,6.063564e+07,0.3826192,9.589091e+08,3.691343857637821e-20,0.0,131530049.87241924,15418795.158980029,0.1172264,0.09719387450901765,0.09104791903011945,0.010673220412662424
444,0.72,0.06323397960977438,0.1239939,0.06323398,6.063564e+07,0.3826192,9.589091e+08,0.0,0.0,366814763.28013855,48272447.110248506,0.131599,0.27105705582022105,0.2539170394793997,0.033415222301996915
445,0.72,0.06323397960977438,0.1239939,0.06323398,6.063564e+07,0.3826192,9.589091e+08,0.0,0.0,282215029.96134144,36053457.12800182,0.1277517,0.20854224744252173,0.19535529121996478,0.0249569756001022
446,0.72,0.06323397960977438,0.1239939,0.06323398,6.063564e+07,0.3826192,9.589091e+08,0.0,0.0,356733344.57602674,38459433.155071944,0.10781,0.26360741107857655,0.24693846542144846,0.026622443762803965
447,0.72,0.06323397960977438,0.1239939,0.06323398,6.063564e+07,0.3826192,9.589091e+08,0.04624445687929018,2.699899812077587e-09,61836214.64635927,8480907.993414007,0.1371512,0.04569375053290534,0.050446993817315725,0.005870666417984005
448,0.72,0.06323397960977438,0.1239939,0.06323398,6.063564e+07,0.3826192,9.589091e+08,6.56839636118953e-09,0.0,383250718.82702935,55093556.49544463,0.1437533,0.28320237320138075,0.2652943611944582,0.03813694038544116
449,0.72,0.06323397960977438,0.1239939,0.06323398,6.063564e+07,0.3826192,9.589091e+08,0.006154474803298957,0.0,138392047.86346617,17564360.882917944,0.1269174,0.10226453457696308,0.0968150671228708,0.012158426983300713
450,0.72,0.06323397960977438,0.1239939,0.06323398,6.063564e+07,0.3826192,9.589091e+08,0.00805133936323796,0.0,93920332.40212177,14099563.25066129,0.1501226,0.06940224694046296,0.06634428011824849,0.00976001981639517
451,0.72,0.06323397960977438,0.1239939,0.06323398,6.063564e+07,0.3826192,9.589091e+08,0.0,0.0,560548558.3338071,59814563.53787482,0.1067072,0.41421626683600316,0.38802372386485845,0.0414049226249122
452,0.72,0.06323397960977438,0.1239939,0.06323398,6.063564e+07,0.3826192,9.589091e+08,0.0,0.0,112572537.02799015,11135162.818966348,0.09891545,0.08318525726762102,0.07792512240572642,0.007707998314543612
453,0.72,0.06323397960977438,0.1239939,0.06323398,6.063564e+07,0.3826192,9.589091e+08,2.540643179358467e-06,0.0,296725518.66891164,48568320.62894427,0.163681,0.2192647448480658,0.2054001823253872,0.033620032291801515
454,0.72,0.06323397960977438,0.1239939,0.06323398,6.063564e+07,0.3826192,9.589091e+08,0.0,0.0,349472139.89757687,47012317.535496734,0.1345238,0.25824175800548715,0.2419121039453759,0.032542933607506604
455,0.72,0.06323397960977438,0.1239939,0.06323398,6.063564e+07,0.3826192,9.589091e+08,0.011436039855175748,0.0,165252806.504988,23588718.259724353,0.1427432,0.12211323992721117,0.11628152349475623,0.016328616253235673
456,0.72,0.06323397960977438,0.1239939,0.06323398,6.063564e+07,0.3826192,9.589091e+08,0.0,0.0,320443734.8530377,48133043.54445439,0.1502075,0.2367912745621026,0.22181801993467015,0.03331872416652716
457,0.72,0.06323397960977438,0.1239939,0.06323398,6.063564e+07,0.3826192,9.589091e+08,1.6113652128302406e-08,0.0,459599738.68896854,66390882.440304145,0.1444537,0.339620332918918,0.3181447903750988,0.04595719149066122
458,0.72,0.06323397960977438,0.1239939,0.06323398,6.063564e+07,0.3826192,9.589091e+08,0.0,0.0,227703551.77942538,33898290.92453942,0.1488703,0.16826109667238742,0.1576212779162874,0.023465123371811964
459,0.72,0.06323397960977438,0.1239939,0.06323398,6.063564e+07,0.3826192,9.589091e+08,0.0,0.0,132516886.03772067,19578970.184761144,0.147747,0.09792309517383381,0.0917310281702856,0.013552982712348664
460,0.72,0.06323397960977438,0.1239939,0.06323398,6.063564e+07,0.3826192,9.589091e+08,0.0,0.0,69870593.56841174,8469510.961760208,0.1212171,0.05163073920937364,0.048365922098970525,0.005862776977725091
461,0.72,0.06323397960977438,0.1239939,0.06323398,6.063564e+07,0.3826192,9.589091e+08,5.90177847387644e-09,0.0,393766832.1700296,64309770.023914546,0.1633194,0.2909732347008905,0.2725738400861882,0.04451660088065379
462,0.72,0.06323397960977438,0.1239939,0.06323398,6.063564e+07,0.3826192,9.589091e+08,0.0004750132929616914,0.0,190492008.96145034,20100777.780740514,0.1055203,0.1407636994886614,0.13194115417914673,0.013914189111906134
463,0.72,0.06323397960977438,0.1239939,0.06323398,6.063564e+07,0.3826192,9.589091e+08,0.0024655361533715194,0.0,246990598.36418495,39427254.64792043,0.1596306,0.1825132222302124,0.17137965439840908,0.02729239053923985
464,0.72,0.06323397960977438,0.1239939,0.06323398,6.063564e+07,0.3826192,9.589091e+08,0.0,0.0,217459045.2619972,31963362.534231722,0.1469857,0.16069093850832122,0.15052981097921053,0.022125724477181457
465,0.72,0.06323397960977438,0.1239939,0.06323398,6.063564e+07,0.3826192,9.589091e+08,0.03214181059431428,0.006733680449909361,69532.64678898151,8699.14050131106,0.1251087,5.1381014094067074e-05,0.005360083629451413,0.00043181914373395297
466,0.72,0.06323397960977438,0.1239939,0.06323398,6.063564e+07,0.3826192,9.589091e+08,0.06184503382113461,5.030114238626366e-05,43512336.94224827,5603888.264058136,0.1287885,0.032153356745938444,0.0403410595032797,0.0038823122814266556
467,0.72,0.06323397960977438,0.1239939,0.06323398,6.063564e+07,0.3826192,9.589091e+08,1.675106771433378e-09,0.0,382384444.6053104,46646740.90499582,0.1219891,0.28256224155026516,0.2646947068064219,0.03228987363006847
468,0.72,0.06323397960977438,0.1239939,0.06323398,6.063564e+07,0.3826192,9.589091e+08,0.0,0.0,397285939.88970876,43011556.44084741,0.1082635,0.29357367250519434,0.2750098408840343,0.02977352104697152
469,0.72,0.06323397960977438,0.1239939,0.06323398,6.063564e+07,0.3826192,9.589091e+08,4.376244625081454e-09,0.0,427217417.4591055,58146088.5962013,0.1361042,0.31569147963422095,0.295729051771296,0.04024996851715794
470,0.72,0.06323397960977438,0.1239939,0.06323398,6.063564e+07,0.3826192,9.589091e+08,0.0,0.0,28549301.34424313,6204703.999841861,0.217333,0.021096450695974017,0.019762438162826183,0.004295029066980688
471,0.72,0.06323397960977438,0.1239939,0.06323398,6.063564e+07,0.3826192,9.589091e+08,0.0,0.0,261026278.9129287,28044062.362164922,0.1074377,0.19288486107035943,0.18068798369840217,0.01941270091285375
472,0.72,0.06323397960977438,0.1239939,0.06323398,6.063564e+07,0.3826192,9.589091e+08,0.020166530126002585,1.5599623475807907e-07,136426289.7519295,17718756.47077626,0.1298779,0.10081194144411547,0.09777004495220412,0.01226531278196449
473,0.72,0.06323397960977438,0.1239939,0.06323398,6.063564e+07,0.3826192,9.589091e+08,0.0,0.0,135561713.4773616,16350015.37392841,0.1206094,0.10017306448774439,0.09383872297047775,0.011317831000220708
474,0.72,0.06323397960977438,0.1239939,0.06323398,6.063564e+07,0.3826192,9.589091e+08,0.007998903335938905,0.0015588294798802797,11130.859118786524,1160.0413341701033,0.1042185,8.225126694761084e-06,0.0013296525672304783,9.937399701547089e-05
475,0.72,0.06323397960977438,0.1239939,0.06323398,6.063564e+07,0.3826192,9.589091e+08,0.0063973886880808,0.0,142814111.3343305,21413791.072490327,0.1499417,0.10553220977723093,0.09991625964620605,0.014823085048527957
476,0.72,0.06323397960977438,0.1239939,0.06323398,6.063564e+07,0.3826192,9.589091e+08,0.06246253998762239,0.0008556384228442514,43649654.84439213,4457257.948972262,0.1021144,0.032254827542625264,0.040538166732722605,0.0031395148877818952
477,0.72,0.06323397960977438,0.1239939,0.06323398,6.063564e+07,0.3826192,9.589091e+08,0.0,0.0,105443878.74453464,19153899.190617006,0.1816502,0.07791754909529157,0.07299051238455631,0.01325873946151414
478,0.72,0.06323397960977438,0.1239939,0.06323398,6.063564e+07,0.3826192,9.589091e+08,8.837009810577259e-06,0.0,309802433.7644601,54309346.052881904,0.1753032,0.22892790582150607,0.21445334375081598,0.03759409311254586
479,0.72,0.06323397960977438,0.1239939,0.06323398,6.063564e+07,0.3826192,9.589091e+08,0.0,0.0,147610826.23962784,26890719.823600426,0.1821731,0.10907673292622401,0.10217937702046635,0.018614332493111882
480,0.72,0.06323397960977438,0.1239939,0.06323398,6.063564e+07,0.3826192,9.589091e+08,0.0,0.0,308821756.0931722,46783382.94465992,0.1514899,0.22820323596386208,0.21377303719403867,0.03238446017797532
481,0.72,0.06323397960977438,0.1239939,0.06323398,6.063564e+07,0.3826192,9.589091e+08,0.0596432922085035,0.000401499764303285,50831555.07169734,5493461.614606913,0.1080719,0.03756187874579949,0.045043705886666965,0.0038280802748822743
482,0.72,0.06323397960977438,0.1239939,0.06323398,6.063564e+07,0.3826192,9.589091e+08,9.679990127712514e-06,0.0,256370463.69880545,30779849.316879187,0.12006,0.18944445547409,0.1774667284136602,0.02130647126706627
483,0.72,0.06323397960977438,0.1239939,0.06323398,6.063564e+07,0.3826192,9.589091e+08,4.8737637572528346e-08,0.0,386690165.18663526,55323453.214787975,0.1430692,0.2857439453986109,0.2676752266363379,0.03829607982094176
484,0.72,0.06323397960977438,0.1239939,0.06323398,6.063564e+07,0.3826192,9.589091e+08,3.5831935532669915e-10,0.0,523305931.15116024,62878118.00148629,0.1201556,0.3866958999214663,0.36224357932986695,0.043525580672391186
485,0.72,0.06323397960977438,0.1239939,0.06323398,6.063564e+07,0.3826192,9.589091e+08,0.00036214390809111114,0.0,221400348.4147951,36452046.0443553,0.1646431,0.16360335680669946,0.15331791558914407,0.02523288738921546
486,0.72,0.06323397960977438,0.1239939,0.06323398,6.063564e+07,0.3826192,9.589091e+08,0.0003791399405375092,0.0,169740499.1682612,22598454.758677907,0.1331353,0.12542941169155167,0.11756066980900755,0.015643134637823727
487,0.72,0.06323397960977438,0.1239939,0.06323398,6.063564e+07,0.3826192,9.589091e+08,0.0,0.0,100813755.37396279,11045906.66544733,0.1095675,0.07449612843684023,0.06978544177025793,0.007646213292440892
488,0.72,0.06323397960977438,0.1239939,0.06323398,6.063564e+07,0.3826192,9.589091e+08,3.8172405428945037e-07,0.0,345729417.586813,54938566.39974683,0.1589063,0.2554760806340627,0.23932137444650847,0.03802965291997413
489,0.72,0.06323397960977438,0.1239939,0.06323398,6.063564e+07,0.3826192,9.589091e+08,0.0,0.0,333505938.70725656,53103466.18162298,0.1592279,0.24644356469237777,0.23085995734765985,0.03675935722530998
490,0.72,0.06323397960977438,0.1239939,0.06323398,6.063564e+07,0.3826192,9.589091e+08,0.0,0.0,85257013.71733312,13566868.485009259,0.1591291,0.0630005044496959,0.05901673183591833,0.009391277084693185
491,0.72,0.06323397960977438,0.1239939,0.06323398,6.063564e+07,0.3826192,9.589091e+08,2.6502020169679187e-07,0.0,35498095.01446359,3864937.5281728203,0.1088773,0.026231248262215075,0.024572585843318045,0.002675392577307449
492,0.72,0.06323397960977438,0.1239939,0.06323398,6.063564e+07,0.3826192,9.589091e+08,9.583126749466172e-07,0.0,234590017.36911616,43164168.35925619,0.1839983,0.17334983702475784,0.1623883953415737,0.02987916228715802
493,0.72,0.06323397960977438,0.1239939,0.06323398,6.063564e+07,0.3826192,9.589091e+08,0.0,0.0,324402381.94536334,44381590.96368838,0.1368103,0.23971650913085848,0.2245582802803515,0.03072188830164136
494,0.72,0.06323397960977438,0.1239939,0.06323398,6.063564e+07,0.3826192,9.589091e+08,0.016481005621394852,0.0004778045023270523,7601160.836504931,1118883.761627827,0.1471991,0.005616863014822267,0.007985437914802712,0.0008047287960996231
495,0.72,0.06323397960977438,0.1239939,0.06323398,6.063564e+07,0.3826192,9.589091e+08,1.9677377417998992e-05,0.0,55119007.83398072,8863148.461517489,0.1608002,0.040730083624797964,0.03815781035076117,0.006135261290168395
496,0.72,0.06323397960977438,0.1239939,0.06323398,6.063564e+07,0.3826192,9.589091e+08,0.00023350386074703745,0.0,207861243.8925788,27108712.12784594,0.1304173,0.1535986618554456,0.1439245974756815,0.018765231437386492
497,0.72,0.06323397960977438,0.1239939,0.06323398,6.063564e+07,0.3826192,9.589091e+08,0.0,0.0,486614386.99735934,55634357.83372939,0.1143295,0.3595827547391622,0.3368449061579595,0.03851129466043224
498,0.72,0.06323397960977438,0.1239939,0.06323398,6.063564e+07,0.3826192,9.589091e+08,0.05879627845274548,3.656187363661391e-05,39965648.98239433,5816096.712645492,0.1455274,0.029532538576804823,0.0373821101912581,0.00402833872823463
499,0.72,0.06323397960977438,0.1239939,0.06323398,6.063564e+07,0.3826192,9.589091e+08,0.0,0.0,239841088.97845948,33151509.82286168,0.1382228,0.17723010617641885,0.16602314125622103,0.02294818549073666
500,0.72,0.06323397960977438,0.1239939,0.06323398,6.063564e+07,0.3826192,9.589091e+08,7.897648968262219e-06,0.0,245542353.32398367,44587155.5008226,0.1815864,0.1814430443747933,0.16997098382009596,0.03086418447921154
501,0.72,0.06323397960977438,0.1239939,0.06323398,6.063564e+07,0.3826192,9.589091e+08,2.395414212146929e-05,0.0,131404551.31198695,19028875.32225692,0.1448114,0.09710113759189834,0.09096500504494191,0.013172195260745397
502,0.72,0.06323397960977438,0.1239939,0.06323398,6.063564e+07,0.3826192,9.589091e+08,0.0,0.0,158444849.59162146,22339342.974548135,0.1409913,0.11708251340850026,0.10967892014296601,0.015463771908439223
503,0.72,0.06323397960977438,0.1239939,0.06323398,6.063564e+07,0.3826192,9.589091e+08,0.0,0.0,87331259.37897347,13570880.92162828,0.1553955,0.06453326424666928,0.0604525691311432,0.009394054579301878
504,0.72,0.06323397960977438,0.1239939,0.06323398,6.063564e+07,0.3826192,9.589091e+08,0.00488829183751166,0.0,188310917.24563503,31759638.863849126,0.1686553,0.13915198600778586,0.13116072108309276,0.021984702587023997
505,0.72,0.06323397960977438,0.1239939,0.06323398,6.063564e+07,0.3826192,9.589091e+08,0.0,0.0,507537730.46267414,57234118.06208131,0.1127682,0.37504401869404885,0.3513284928631815,0.03961868297116331
506,0.72,0.06323397960977438,0.1239939,0.06323398,6.063564e+07,0.3826192,9.589091e+08,2.6685249025119576e-05,0.0,207943350.95016956,32952966.315955106,0.1584709,0.15365933470594265,0.14394725363529418,0.022810749420741093
507,0.72,0.06323397960977438,0.1239939,0.06323398,6.063564e+07,0.3826192,9.589091e+08,2.682208526528805e-06,0.0,277028068.8700997,44369590.056702554,0.1601628,0.20470935263350806,0.19176520888128973,0.030713581016662803
508,0.72,0.06323397960977438,0.1239939,0.06323398,6.063564e+07,0.3826192,9.589091e+08,0.0,0.0,126643372.98415466,17967507.465597734,0.1418748,0.09358287412769947,0.08766525657328444,0.012437493686709572
509,0.72,0.06323397960977438,0.1239939,0.06323398,6.063564e+07,0.3826192,9.589091e+08,0.0,0.0,19994834.40533141,2955190.4287726535,0.1477977,0.014775143991090962,0.013840852837226835,0.0020456461404710306
510,0.72,0.06323397960977438,0.1239939,0.06323398,6.063564e+07,0.3826192,9.589091e+08,0.0002873282596599736,0.0,268453316.7942478,52111251.30009589,0.1941166,0.19837305626614046,0.18587662409159253,0.036072524822513934
511,0.72,0.06323397960977438,0.1239939,0.06323398,6.063564e+07,0.3826192,9.589091e+08,0.0022074791521717856,5.295222494379828e-06,11068236.01402158,1148748.2240630873,0.1037878,0.008178851473305661,0.008026491613402723,0.0007955229747853798
512,0.72,0.06323397960977438,0.1239939,0.06323398,6.063564e+07,0.3826192,9.589091e+08,0.0,0.0,86864936.33430028,11251217.630093059,0.1295254,0.06418867573987107,0.06012977032695764,0.007788333941700828
513,0.72,0.06323397960977438,0.1239939,0.06323398,6.063564e+07,0.3826192,9.589091e+08,0.0,0.0,505344267.08692694,61558072.176913805,0.1218141,0.3734231631991312,0.3498101305115799,0.042611816665851995
514,0.72,0.06323397960977438,0.1239939,0.06323398,6.063564e+07,0.3826192,9.589091e+08,0.0,0.0,419938121.12534094,59853996.517240785,0.1425305,0.31031245776762756,0.2906901661404904,0.04143221897822395
515,0.72,0.06323397960977438,0.1239939,0.06323398,6.063564e+07,0.3826192,9.589091e+08,3.7042840160008287e-06,0.0,318955103.32964087,46938992.019266985,0.1471649,0.2356912531934835,0.2207881694874123,0.03249217611390721
516,0.72,0.06323397960977438,0.1239939,0.06323398,6.063564e+07,0.3826192,9.589091e+08,0.0,0.0,221458212.6177847,37187593.12913429,0.1679215,0.16364611544694474,0.15329812031955384,0.025742048843063893
517,0.72,0.06323397960977438,0.1239939,0.06323398,6.063564e+07,0.3826192,9.589091e+08,0.001534634869841401,0.0,113393042.4588142,15488109.310687825,0.1365878,0.08379156815973149,0.07874671696508122,0.01072120115378169
518,0.72,0.06323397960977438,0.1239939,0.06323398,6.063564e+07,0.3826192,9.589091e+08,0.0,0.0,72381779.1144272,8425709.526500558,0.1164065,0.05348637488399726,0.05010421854518183,0.005832456685633726
519,0.72,0.06323397960977438,0.1239939,0.06323398,6.063564e+07,0.3826192,9.589091e+08,0.0,0.0,85868443.09364568,13162582.51194489,0.1532878,0.06345231899800705,0.05943997635229417,0.009111421670844548
520,0.72,0.06323397960977438,0.1239939,0.06323398,6.063564e+07,0.3826192,9.589091e+08,0.0,0.0,275365716.6532032,44624905.0066561,0.1620569,0.2034809606963382,0.19061404977668867,0.030890315496069586
521,0.72,0.06323397960977438,0.1239939,0.06323398,6.063564e+07,0.3826192,9.589091e+08,0.0,0.0,109872375.9438611,18700167.014943358,0.170199,0.08118997848669202,0.07605601304254651,0.012944656326655108
522,0.72,0.06323397960977438,0.1239939,0.06323398,6.063564e+07,0.3826192,9.589091e+08,0.007458366587527346,0.0,162600830.63308573,18996554.19441144,0.1168294,0.1201535675151302,0.11378839442526441,0.01314982188345335
523,0.72,0.06323397960977438,0.1239939,0.06323398,6.063564e+07,0.3826192,9.589091e+08,0.0,0.0,421736588.10925305,60995218.005967796,0.1446287,0.3116414314471215,0.2919351035254333,0.04222219694753085
524,0.72,0.06323397960977438,0.1239939,0.06323398,6.063564e+07,0.3826192,9.589091e+08,2.046781301988921e-07,0.0,412534118.90579695,59339017.88189982,0.1438403,0.3048412847293077,0.2855649909728733,0.04107573973155564
525,0.72,0.06323397960977438,0.1239939,0.06323398,6.063564e+07,0.3826192,9.589091e+08,0.0,0.0,335710805.76234645,42094747.54472289,0.1253899,0.24807284691396395,0.23238621357046765,0.029138886283117896
526,0.72,0.06323397960977438,0.1239939,0.06323398,6.063564e+07,0.3826192,9.589091e+08,0.0,0.0,237580442.0332008,32456319.89247246,0.1366119,0.1755596055134921,0.16445827299815188,0.022466960123955246
527,0.72,0.06323397960977438,0.1239939,0.06323398,6.063564e+07,0.3826192,9.589091e+08,0.0,0.0,267254694.42222258,34506076.31423394,0.1291131,0.19748733659581932,0.18499942638033062,0.023885845442565168
528,0.72,0.06323397960977438,0.1239939,0.06323398,6.063564e+07,0.3826192,9.589091e+08,0.0006193916968133318,0.0,112467725.49930315,13604142.557903893,0.1209604,0.08310780699237073,0.07795493406888769,0.00941707899668307
529,0.72,0.06323397960977438,0.1239939,0.06323398,6.063564e+07,0.3826192,9.589091e+08,1.7677816655967833e-06,0.0,115698582.92464882,18286759.82057776,0.1580552,0.0854952428023637,0.08008933051664552,0.012658487007966507
530,0.72,0.06323397960977438,0.1239939,0.06323398,6.063564e+07,0.3826192,9.589091e+08,0.04481659178554079,5.1776713167195e-07,29130903.281019766,4809570.40785783,0.165102,0.021526224315858603,0.0275716987668146,0.0033293204392876694
531,0.72,0.06323397960977438,0.1239939,0.06323398,6.063564e+07,0.3826192,9.589091e+08,4.460595294930803e-08,0.0,290623267.8457896,39350853.97619805,0.1354016,0.21475549847204475,0.20117566103242837,0.027239504357112088
532,0.72,0.06323397960977438,0.1239939,0.06323398,6.063564e+07,0.3826192,9.589091e+08,0.0003297984135546087,0.0,186444788.5798256,26938103.884943433,0.144483,0.13777301386006532,0.129115582408019,0.018647132755748908
533,0.72,0.06323397960977438,0.1239939,0.06323398,6.063564e+07,0.3826192,9.589091e+08,0.00183003741843245,0.0,119326053.14589241,16518643.041010391,0.1384328,0.0881757548664185,0.08290249412569718,0.011434558684834303
534,0.72,0.06323397960977438,0.1239939,0.06323398,6.063564e+07,0.3826192,9.589091e+08,0.005637493547295099,0.00212938781697405,117654.98892000045,10549.200661396677,0.08966216,8.694092520714754e-05,0.0010131298693966378,0.0001419520485525482
535,0.72,0.06323397960977438,0.1239939,0.06323398,6.063564e+07,0.3826192,9.589091e+08,0.0,0.0,255729573.1085644,36882801.847831994,0.1442258,0.18897087061905254,0.17702149043948603,0.02553106578688764
536,0.72,0.06323397960977438,0.1239939,0.06323398,6.063564e+07,0.3826192,9.589091e+08,0.0,0.0,183626417.98607814,25718263.527966563,0.1400575,0.13569038439193767,0.12711014139205545,0.017802733121145015
537,0.72,0.06323397960977438,0.1239939,0.06323398,6.063564e+07,0.3826192,9.589091e+08,0.009003501920973317,0.0,150049548.87683052,19020694.34908154,0.1267628,0.11087882227533086,0.10535548672533183,0.013166532215806371
538,0.72,0.06323397960977438,0.1239939,0.06323398,6.063564e+07,0.3826192,9.589091e+08,0.0,0.0,592517134.1924925,95396744.79146881,0.1610025,0.43783938378346066,0.4101530571169411,0.0660356709659542
539,0.72,0.06323397960977438,0.1239939,0.06323398,6.063564e+07,0.3826192,9.589091e+08,0.0,0.0,573352768.1226574,69123945.36538763,0.1205609,0.4236779127535085,0.3968870722573414,0.0478490762131911
540,0.72,0.06323397960977438,0.1239939,0.06323398,6.063564e+07,0.3826192,9.589091e+08,0.0,0.0,29026673.825022727,3048953.2946568225,0.1050397,0.02144920416209035,0.02009288562345884,0.0021105508054455693
541,0.72,0.06323397960977438,0.1239939,0.06323398,6.063564e+07,0.3826192,9.589091e+08,6.164780724965383e-06,0.0,360041961.59904355,50780359.37547082,0.1410401,0.2660523071920154,0.24922977985316166,0.03515125291310129
542,0.72,0.06323397960977438,0.1239939,0.06323398,6.063564e+07,0.3826192,9.589091e+08,0.0,0.0,73762291.26132986,11502440.50988862,0.1559393,0.05450650164966321,0.05105983863574827,0.0079622358024568
543,0.72,0.06323397960977438,0.1239939,0.06323398,6.063564e+07,0.3826192,9.589091e+08,0.0,0.0,70362824.90595046,9702645.271814086,0.1378945,0.051994472598789594,0.04870665517865676,0.006716378971520052
544,0.72,0.06323397960977438,0.1239939,0.06323398,6.063564e+07,0.3826192,9.589091e+08,0.006109080329691675,6.119519189841891e-07,120434285.10773136,12710032.110840661,0.105535,0.08899468071895437,0.0843768167655895,0.008798195281821443
545,0.72,0.06323397960977438,0.1239939,0.06323398,6.063564e+07,0.3826192,9.589091e+08,4.684174403468135e-10,0.0,360378834.4051331,46515098.55450607,0.1290728,0.26630123869681094,0.24946195167641264,0.03219874797414459
546,0.72,0.06323397960977438,0.1239939,0.06323398,6.063564e+07,0.3826192,9.589091e+08,0.014120399152283367,8.169286802598561e-08,86816626.39086382,13603352.206867568,0.1566906,0.06415297720113824,0.06242995242856273,0.009416537064524737
547,0.72,0.06323397960977438,0.1239939,0.06323398,6.063564e+07,0.3826192,9.589091e+08,0.00473528310090183,0.0,180519918.10593447,26258428.969539892,0.14546,0.13339484234807905,0.1257423373712113,0.01817664721480606
548,0.72,0.06323397960977438,0.1239939,0.06323398,6.063564e+07,0.3826192,9.589091e+08,5.818419314790965e-08,0.0,324703991.3547933,48247125.63659889,0.148588,0.23993938281728458,0.22476707039250918,0.03339769423533223
549,0.72,0.06323397960977438,0.1239939,0.06323398,6.063564e+07,0.3826192,9.589091e+08,0.0,0.0,552864794.7685472,73425994.68087849,0.13281,0.40853836469544114,0.38270485807247906,0.05082704693638572
550,0.72,0.06323397960977438,0.1239939,0.06323398,6.063564e+07,0.3826192,9.589091e+08,0.0,0.0,224084324.974948,27157607.82544981,0.1211937,0.16558667606511743,0.15511597156716547,0.018799078087035574
551,0.72,0.06323397960977438,0.1239939,0.06323398,6.063564e+07,0.3826192,9.589091e+08,4.007260016697333e-06,0.0,363450451.9056253,51460200.70044921,0.1415879,0.26857100447407717,0.25158885331761605,0.03562185364631778
552,0.72,0.06323397960977438,0.1239939,0.06323398,6.063564e+07,0.3826192,9.589091e+08,0.004441203575537159,0.0,118699126.25089724,13659816.83149075,0.1150793,0.08771248845682166,0.08290005913858223,0.009455617921883156
553,0.72,0.06323397960977438,0.1239939,0.06323398,6.063564e+07,0.3826192,9.589091e+08,1.3922842824781951e-06,0.0,383313184.7673908,51417346.92284935,0.1341393,0.2832485322865059,0.2653378304687941,0.03559218934316552
554,0.72,0.06323397960977438,0.1239939,0.06323398,6.063564e+07,0.3826192,9.589091e+08,0.0,0.0,271461281.3144168,34856543.65750654,0.1284034,0.20059578579741077,0.18791131596849064,0.024128446447612577
555,0.72,0.06323397960977438,0.1239939,0.06323398,6.063564e+07,0.3826192,9.589091e+08,9.341958529295708e-06,0.0,250255144.69855937,36149507.0377293,0.1444506,0.18492555239400257,0.17323351769363407,0.025023463405833293
556,0.72,0.06323397960977438,0.1239939,0.06323398,6.063564e+07,0.3826192,9.589091e+08,0.0,0.0,149648090.56880957,17983487.54090979,0.1201718,0.11058216543951091,0.10358961504490417,0.012448555437271655
557,0.72,0.06323397960977438,0.1239939,0.06323398,6.063564e+07,0.3826192,9.589091e+08,0.0,0.0,287621025.74958783,36100866.05377311,0.1255154,0.21253699751483413,0.19909743734765842,0.024989793074429296
558,0.72,0.06323397960977438,0.1239939,0.06323398,6.063564e+07,0.3826192,9.589091e+08,5.768793789672293e-06,0.0,375350988.5664662,40815921.955111794,0.1087407,0.2773648828914097,0.2598269509282305,0.02825365580651202
559,0.72,0.06323397960977438,0.1239939,0.06323398,6.063564e+07,0.3826192,9.589091e+08,0.06968496019333334,0.0021928092888880042,28569410.270488553,2973809.816110011,0.1040907,0.021111310147908416,0.03129291950013216,0.002197194937235531
560,0.72,0.06323397960977438,0.1239939,0.06323398,6.063564e+07,0.3826192,9.589091e+08,0.00032328402649568956,0.0,127724294.85396746,19091375.2011156,0.1494733,0.09438161924085454,0.08846692174406456,0.013215459016177992
561,0.72,0.06323397960977438,0.1239939,0.06323398,6.063564e+07,0.3826192,9.589091e+08,0.0,0.0,162626583.3757699,26559400.545672935,0.1633152,0.12017259745424402,0.11257360587716873,0.018384986189213116
562,0.72,0.06323397960977438,0.1239939,0.06323398,6.063564e+07,0.3826192,9.589091e+08,2.7760933288282163e-08,0.0,345416260.95292133,45385855.452544905,0.1313947,0.25524467414858154,0.23910454221590777,0.03141706170083739
563,0.72,0.06323397960977438,0.1239939,0.06323398,6.063564e+07,0.3826192,9.589091e+08,0.0,0.0,217519602.23972663,33650617.022955894,0.1547015,0.16073568696922266,0.15057172981684777,0.023293678189824096
564,0.72,0.06323397960977438,0.1239939,0.06323398,6.063564e+07,0.3826192,9.589091e+08,0.0,0.0,478589806.66734594,56220690.216556855,0.1174716,0.35365300671322153,0.3312901196977822,0.03891716650012358
565,0.72,0.06323397960977438,0.1239939,0.06323398,6.063564e+07,0.3826192,9.589091e+08,2.466482227464385e-05,0.0,389213727.0522531,57140898.33334933,0.1468111,0.2876087265305311,0.2694261584404582,0.0395541542773642
566,0.72,0.06323397960977438,0.1239939,0.06323398,6.063564e+07,0.3826192,9.589091e+08,0.0,0.0,435579810.1937275,66817628.87048427,0.1533993,0.3218708534794551,0.3015176784935546,0.04625259451422215
567,0.72,0.06323397960977438,0.1239939,0.06323398,6.063564e+07,0.3826192,9.589091e+08,0.0,0.0,80707628.79840572,10286414.87082635,0.1274528,0.05963874531303973,0.055867550107962446,0.007120476797337568
568,0.72,0.06323397960977438,0.1239939,0.06323398,6.063564e+07,0.3826192,9.589091e+08,0.0,0.0,64843388.48750737,8945228.014591418,0.1379513,0.04791589579345114,0.044885983015863974,0.006192078515658329
569,0.72,0.06323397960977438,0.1239939,0.06323398,6.063564e+07,0.3826192,9.589091e+08,0.006973632373737595,1.3190690240227203e-06,122133895.35845742,13347351.410081744,0.1092846,0.09025060440775051,0.08569620454488004,0.009239406071462522
570,0.72,0.06323397960977438,0.1239939,0.06323398,6.063564e+07,0.3826192,9.589091e+08,0.0,0.0,428661137.31056243,65440409.57820769,0.1526623,0.31675831361021956,0.2967284248661644,0.045299253808189235
571,0.72,0.06323397960977438,0.1239939,0.06323398,6.063564e+07,0.3826192,9.589091e+08,0.002257381912925883,0.0,92797020.74889962,11017555.504066825,0.1187275,0.06857217797931156,0.06460915497714446,0.007626588011006833
572,0.72,0.06323397960977438,0.1239939,0.06323398,6.063564e+07,0.3826192,9.589091e+08,7.441093150828165e-08,0.0,528504664.2326702,77712759.35972428,0.1470427,0.3905374936197905,0.3658422660089886,0.053794437306565836
573,0.72,0.06323397960977438,0.1239939,0.06323398,6.063564e+07,0.3826192,9.589091e+08,0.018820412142154443,9.96219551840951e-10,94919052.81564212,15113288.2450337,0.1592229,0.07014024944738396,0.06881537843424096,0.010461742043229874
574,0.72,0.06323397960977438,0.1239939,0.06323398,6.063564e+07,0.3826192,9.589091e+08,0.0,0.0,541726321.2216917,62317556.9331007,0.1150351,0.40030761133386966,0.3749945680011463,0.04313754828880042
575,0.72,0.06323397960977438,0.1239939,0.06323398,6.063564e+07,0.3826192,9.589091e+08,0.0,0.0,581760549.7432904,80959734.18660535,0.1391633,0.42989082662777284,0.40270711886236316,0.05604206285994666
576,0.72,0.06323397960977438,0.1239939,0.06323398,6.063564e+07,0.3826192,9.589091e+08,0.010911682921931665,0.004762615396658676,276274.51686093205,25258.905570505653,0.09142684,0.00020415251684209688,0.001994574407268859,0.0003186438805810923
577,0.72,0.06323397960977438,0.1239939,0.06323398,6.063564e+07,0.3826192,9.589091e+08,0.0,0.0,546524470.4932586,89932236.38950755,0.164553,0.40385319440502754,0.3783159497446778,0.06225302115320212
578,0.72,0.06323397960977438,0.1239939,0.06323398,6.063564e+07,0.3826192,9.589091e+08,0.0,0.0,454560769.8825645,59263282.78796046,0.1303748,0.3358967967209196,0.31465670552608044,0.0410233142766317
579,0.72,0.06323397960977438,0.1239939,0.06323398,6.063564e+07,0.3826192,9.589091e+08,0.0,0.0,568825413.0321178,79779931.84842338,0.1402538,0.42033243251568847,0.3937531400486645,0.05522537839991238
580,0.72,0.06323397960977438,0.1239939,0.06323398,6.063564e+07,0.3826192,9.589091e+08,0.004606508379203239,0.0,135619042.49132708,21588092.98889531,0.1591819,0.10021542765110131,0.09463970701078309,0.014943740570114307
581,0.72,0.06323397960977438,0.1239939,0.06323398,6.063564e+07,0.3826192,9.589091e+08,0.0,0.0,36130050.371755935,4367931.52956828,0.1208947,0.026698230444245352,0.025009995084716886,0.0030235758035444273
582,0.72,0.06323397960977438,0.1239939,0.06323398,6.063564e+07,0.3826192,9.589091e+08,0.0,0.0,455558193.14167106,72058513.88377672,0.1581763,0.3366338406981097,0.31534714327944535,0.049880447425395394
583,0.72,0.06323397960977438,0.1239939,0.06323398,6.063564e+07,0.3826192,9.589091e+08,0.0,0.0,91570940.215124,12465931.457039785,0.1361341,0.06766616815377491,0.06338736705646754,0.008629184882363349
584,0.72,0.06323397960977438,0.1239939,0.06323398,6.063564e+07,0.3826192,9.589091e+08,3.3261170829599764e-07,0.0,183762636.47280163,30913440.20640264,0.1682248,0.13579104277773812,0.12720448971698006,0.0213989457434638
585,0.72,0.06323397960977438,0.1239939,0.06323398,6.063564e+07,0.3826192,9.589091e+08,0.0,0.0,154228810.3880001,21425517.17637589,0.1389203,0.11396707943976579,0.1067604874622861,0.014831202108911853
586,0.72,0.06323397960977438,0.1239939,0.06323398,6.063564e+07,0.3826192,9.589091e+08,0.0,0.0,9064935.658918018,907217.4630293251,0.1000799,0.006698516572599181,0.006274942712231709,0.0006279953683338866
587,0.72,0.06323397960977438,0.1239939,0.06323398,6.063564e+07,0.3826192,9.589091e+08,0.014391789334225682,5.611579743288336e-05,30884170.297437582,3225150.5100019453,0.1044273,0.022821797567292804,0.023757159361520792,0.0022360667187625973
588,0.72,0.06323397960977438,0.1239939,0.06323398,6.063564e+07,0.3826192,9.589091e+08,0.0011149658333498434,0.0,239367538.76880994,25120331.947301693,0.1049446,0.17688017717011922,0.16587960570700708,0.01738883206815574
589,0.72,0.06323397960977438,0.1239939,0.06323398,6.063564e+07,0.3826192,9.589091e+08,0.00944193644348942,0.0,94443749.5405503,10930118.406290416,0.1157315,0.06978902501678573,0.0669364192318651,0.0075660621782690125
590,0.72,0.06323397960977438,0.1239939,0.06323398,6.063564e+07,0.3826192,9.589091e+08,0.0,0.0,94135076.63343176,11233266.753265187,0.1193314,0.06956093177248213,0.06516231723114409,0.007775907960097924
591,0.72,0.06323397960977438,0.1239939,0.06323398,6.063564e+07,0.3826192,9.589091e+08,1.527490627152818e-05,0.0,55598373.47381622,8740022.730825357,0.1571993,0.0410843099319217,0.038488909939572075,0.006050031020967894
592,0.72,0.06323397960977438,0.1239939,0.06323398,6.063564e+07,0.3826192,9.589091e+08,0.0,0.0,79398205.6383122,12395505.693249278,0.1561182,0.058671149615898456,0.05496113933740471,0.008580434659540108
593,0.72,0.06323397960977438,0.1239939,0.06323398,6.063564e+07,0.3826192,9.589091e+08,5.533671275775374e-06,0.0,161162895.16296232,22154938.396295376,0.1374692,0.11909100789646662,0.11156132405969708,0.015336123107835664
594,0.72,0.06323397960977438,0.1239939,0.06323398,6.063564e+07,0.3826192,9.589091e+08,0.0,0.0,114623230.3528773,16272879.547896035,0.1419684,0.08470061311116318,0.0793446562687565,0.011264435928526223
595,0.72,0.06323397960977438,0.1239939,0.06323398,6.063564e+07,0.3826192,9.589091e+08,0.00017508158393340329,0.0,77054275.66359666,12390368.975528384,0.1608005,0.05693910712035159,0.05336755583203149,0.008576878913460895
596,0.72,0.06323397960977438,0.1239939,0.06323398,6.063564e+07,0.3826192,9.589091e+08,0.0,0.0,275947118.46352446,36508110.46223018,0.1323011,0.20391058643316787,0.19101650856843577,0.025271696380651975
597,0.72,0.06323397960977438,0.1239939,0.06323398,6.063564e+07,0.3826192,9.589091e+08,6.652565563327927e-05,0.0,215168662.14768103,43042787.47016015,0.2000421,0.15899846436111043,0.14895535314328298,0.02979513983469989
598,0.72,0.06323397960977438,0.1239939,0.06323398,6.063564e+07,0.3826192,9.589091e+08,0.0,0.0,467944251.47143227,64372952.043223955,0.1375654,0.3457864944082838,0.323921038271535,0.04456033682832371
599,0.72,0.06323397960977438,0.1239939,0.06323398,6.063564e+07,0.3826192,9.589091e+08,0.0017915803260643037,0.0,135079397.20000702,17094770.367384028,0.1265535,0.09981665781276536,0.09380094079887322,0.011833366365767947
600,0.72,0.06323397960977438,0.1239939,0.06323398,6.063564e+07,0.3826192,9.589091e+08,0.0,0.0,291018254.520956,37580805.00344504,0.1291356,0.21504737310735503,0.201449071901149,0.026014238528452537
601,0.72,0.06323397960977438,0.1239939,0.06323398,6.063564e+07,0.3826192,9.589091e+08,0.06002274953832257,2.6331166086234246e-05,45494948.47396886,7442124.646934086,0.1635813,0.033618403680848716,0.041412303876078735,0.005153263179543311
602,0.72,0.06323397960977438,0.1239939,0.06323398,6.063564e+07,0.3826192,9.589091e+08,0.0,0.0,348323425.4422807,60617857.56327282,0.1740275,0.25739291769315514,0.24111693918404584,0.04196097996278107
603,0.72,0.06323397960977438,0.1239939,0.06323398,6.063564e+07,0.3826192,9.589091e+08,0.0,0.0,179386398.69160625,27988625.642209236,0.1560242,0.13255723038171383,0.12417510917862837,0.019374326427367607
604,0.72,0.06323397960977438,0.1239939,0.06323398,6.063564e+07,0.3826192,9.589091e+08,0.0,0.0,380313458.5507928,51210396.07540829,0.1346531,0.2810318904336348,0.26326112560425796,0.03544893353189422
605,0.72,0.06323397960977438,0.1239939,0.06323398,6.063564e+07,0.3826192,9.589091e+08,0.0,0.0,212393709.55945426,26003396.561025653,0.1224302,0.15694791854370826,0.14702347706271887,0.018000108316638046
606,0.72,0.06323397960977438,0.1239939,0.06323398,6.063564e+07,0.3826192,9.589091e+08,0.09650592135830485,7.99695080771979e-05,25863262.144689325,4798823.282544353,0.1855459,0.01911160725418286,0.033852261392930835,0.0033269050986164473
607,0.72,0.06323397960977438,0.1239939,0.06323398,6.063564e+07,0.3826192,9.589091e+08,0.0,0.0,268908116.13498944,45745629.60040892,0.1701162,0.19870912935433363,0.18614396032046568,0.031666105075455024
608,0.72,0.06323397960977438,0.1239939,0.06323398,6.063564e+07,0.3826192,9.589091e+08,0.0,0.0,13938858.227830142,1864995.4294934028,0.1337983,0.01030009217444078,0.009648776355903397,0.0012909898005874982
609,0.72,0.06323397960977438,0.1239939,0.06323398,6.063564e+07,0.3826192,9.589091e+08,0.0038920192366757953,0.0,117337127.39904486,12614558.939753667,0.107507,0.08670604205452219,0.08186649279442565,0.008732068010780848
610,0.72,0.06323397960977438,0.1239939,0.06323398,6.063564e+07,0.3826192,9.589091e+08,0.018447147891590448,0.011765891757034262,690707.747761488,57178.56938958218,0.08278258,0.0005103971466858952,0.003526810867690322,0.0007835843904448446
611,0.72,0.06323397960977438,0.1239939,0.06323398,6.063564e+07,0.3826192,9.589091e+08,0.0,0.0,113830222.03595617,11651366.7260448,0.1023574,0.08411462115788558,0.07879571891870395,0.008065325720564506
612,0.72,0.06323397960977438,0.1239939,0.06323398,6.063564e+07,0.3826192,9.589091e+08,0.07274307232595865,7.62862914993501e-06,28645627.885341085,6739322.4539569225,0.2352653,0.021167631006149854,0.03185108122784941,0.004665585805638906
613,0.72,0.06323397960977438,0.1239939,0.06323398,6.063564e+07,0.3826192,9.589091e+08,0.0,0.0,77176671.50793791,11708206.110973433,0.1517065,0.05702955129145065,0.05342334580793248,0.008104671160802107
614,0.72,0.06323397960977438,0.1239939,0.06323398,6.063564e+07,0.3826192,9.589091e+08,0.0,0.0,295488606.19314235,44579676.38658117,0.1508677,0.21835073078006256,0.20454354512213674,0.03085900727606647
615,0.72,0.06323397960977438,0.1239939,0.06323398,6.063564e+07,0.3826192,9.589091e+08,2.305251658416122e-08,0.0,306703622.32546246,34817353.29009605,0.1135212,0.2266380451362772,0.2123068234211302,0.024101318035495256
616,0.72,0.06323397960977438,0.1239939,0.06323398,6.063564e+07,0.3826192,9.589091e+08,0.0,0.0,173000130.170263,28115130.737339385,0.1625151,0.12783810968004608,0.11975439725918594,0.019461895965047243
617,0.72,0.06323397960977438,0.1239939,0.06323398,6.063564e+07,0.3826192,9.589091e+08,1.4920060000662247e-06,0.0,98930644.90753786,11494608.131112212,0.1161885,0.0731046076205868,0.06848215893093688,0.007956814062030646
618,0.72,0.06323397960977438,0.1239939,0.06323398,6.063564e+07,0.3826192,9.589091e+08,9.31849794894232e-06,0.0,278330637.48005044,32204524.495247222,0.115706,0.20567188317415439,0.19266797153901752,0.02229266195436619
619,0.72,0.06323397960977438,0.1239939,0.06323398,6.063564e+07,0.3826192,9.589091e+08,0.012263697299574963,0.010767477928543864,86016.24731921601,10763.260603757353,0.1251306,6.356153864299251e-05,0.0020863156976675713,0.0006883210394140603
620,0.72,0.06323397960977438,0.1239939,0.06323398,6.063564e+07,0.3826192,9.589091e+08,0.04342975909246343,2.5104541071956028e-06,59456706.89381983,8871127.796293322,0.1492031,0.04393541790763923,0.04833467343923771,0.006140943502690244
621,0.72,0.06323397960977438,0.1239939,0.06323398,6.063564e+07,0.3826192,9.589091e+08,0.0,0.0,88094007.81493592,11064248.441404738,0.1255959,0.06509689571977213,0.06098055994316844,0.007658909862797691
622,0.72,0.06323397960977438,0.1239939,0.06323398,6.063564e+07,0.3826192,9.589091e+08,0.0,0.0,182148204.77693814,25829866.765808437,0.1418069,0.13459806161637358,0.12608689053260866,0.017879987273883364
623,0.72,0.06323397960977438,0.1239939,0.06323398,6.063564e+07,0.3826192,9.589091e+08,0.0,0.0,275190971.0002435,36587033.805456705,0.1329514,0.2033518327359882,0.19049308709115045,0.025326328810052288
624,0.72,0.06323397960977438,0.1239939,0.06323398,6.063564e+07,0.3826192,9.589091e+08,0.00010706478966983799,0.0,48529203.45956463,7512903.29861862,0.154812,0.035860560500407535,0.033610648729024147,0.005200592654509301
625,0.72,0.06323397960977438,0.1239939,0.06323398,6.063564e+07,0.3826192,9.589091e+08,0.006539516098032326,0.0,188418469.57376635,20519441.72683736,0.1089036,0.1392314615914543,0.131508062500902,0.014203997266788079
626,0.72,0.06323397960977438,0.1239939,0.06323398,6.063564e+07,0.3826192,9.589091e+08,0.0028829716301671873,0.0,203154027.87899885,24049510.58777505,0.1183807,0.15012027373839928,0.14110402888372736,0.016647586576859472
627,0.72,0.06323397960977438,0.1239939,0.06323398,6.063564e+07,0.3826192,9.589091e+08,4.224132261948636e-06,0.0,102100273.65504195,13923333.273736712,0.1363692,0.07544679861818701,0.07067669539860105,0.009638029650001465
628,0.72,0.06323397960977438,0.1239939,0.06323398,6.063564e+07,0.3826192,9.589091e+08,0.0,0.0,14697672.150496928,2030900.8805689276,0.1381784,0.010860816246596981,0.01017404361351416,0.0014058331089480715
629,0.72,0.06323397960977438,0.1239939,0.06323398,6.063564e+07,0.3826192,9.589091e+08,0.0,0.0,341898311.3619966,51273458.833629854,0.149967,0.25264509214126807,0.23666933753629754,0.03549258692448353
630,0.72,0.06323397960977438,0.1239939,0.06323398,6.063564e+07,0.3826192,9.589091e+08,0.0,0.0,147388997.68041247,14330588.40471793,0.0972297,0.10891281314387916,0.10202582253829594,0.009919940378585124
631,0.72,0.06323397960977438,0.1239939,0.06323398,6.063564e+07,0.3826192,9.589091e+08,0.0,0.0,134949843.44866532,22183621.931190856,0.1643842,0.09972092432021144,0.09341517342507934,0.015355978465339096
632,0.72,0.06323397960977438,0.1239939,0.06323398,6.063564e+07,0.3826192,9.589091e+08,0.0,0.0,156165260.98991054,24686405.658850472,0.1580787,0.11539801584538227,0.10810094006440694,0.017088458992845054
633,0.72,0.06323397960977438,0.1239939,0.06323398,6.063564e+07,0.3826192,9.589091e+08,0.031056576197385305,1.4180986998375372e-05,42247437.888099626,5129540.254601731,0.1214166,0.031218662050279563,0.03437718099717151,0.0035516744034848786
634,0.72,0.06323397960977438,0.1239939,0.06323398,6.063564e+07,0.3826192,9.589091e+08,0.0,0.0,709385349.4108849,86548940.77826914,0.1220055,0.524198924094189,0.4910517400165514,0.05991103143172186
635,0.72,0.06323397960977438,0.1239939,0.06323398,6.063564e+07,0.3826192,9.589091e+08,5.2519781831149676e-05,0.0,74126603.18373595,8335045.566896585,0.1124434,0.05477570923608793,0.05132070289458885,0.0057696971499916466
636,0.72,0.06323397960977438,0.1239939,0.06323398,6.063564e+07,0.3826192,9.589091e+08,0.0,0.0,111728174.70095822,15996982.817817805,0.1431777,0.08256131736846271,0.07734063670942924,0.011073454299877841
637,0.72,0.06323397960977438,0.1239939,0.06323398,6.063564e+07,0.3826192,9.589091e+08,0.0,0.0,406793438.80488485,45157964.58735321,0.1110096,0.30059922033515846,0.28159113536577096,0.03125931076056326
638,0.72,0.06323397960977438,0.1239939,0.06323398,6.063564e+07,0.3826192,9.589091e+08,1.2452928391262605e-05,0.0,275398724.7087471,32808943.892731357,0.1191325,0.20350535193477712,0.1906389567069458,0.02271105401318277
639,0.72,0.06323397960977438,0.1239939,0.06323398,6.063564e+07,0.3826192,9.589091e+08,2.1209897450057095e-21,0.0,52272392.79546007,6955499.430385438,0.1330626,0.038626582979144564,0.036184070418646075,0.004814745752518487
640,0.72,0.06323397960977438,0.1239939,0.06323398,6.063564e+07,0.3826192,9.589091e+08,0.010951888869311593,0.00467726305980924,80419.35028809212,10063.576598045596,0.1251387,5.9425722468585216e-05,0.0018656439441268652,0.0003027281803233288
641,0.72,0.06323397960977438,0.1239939,0.06323398,6.063564e+07,0.3826192,9.589091e+08,0.0379503351282259,0.0,61375321.39125483,8974787.614385966,0.146228,0.04535317435854727,0.04875721648606762,0.006212540304057766
642,0.72,0.06323397960977438,0.1239939,0.06323398,6.063564e+07,0.3826192,9.589091e+08,0.0,0.0,322733936.6452206,53661298.71781082,0.166271,0.23848361472167573,0.22340334669109999,0.03714550086044477
643,0.72,0.06323397960977438,0.1239939,0.06323398,6.063564e+07,0.3826192,9.589091e+08,0.0034559944545034305,0.0,132720307.2358278,17801573.651651666,0.1341285,0.0980734128724926,0.09244299940319942,0.01232263074496223
644,0.72,0.06323397960977438,0.1239939,0.06323398,6.063564e+07,0.3826192,9.589091e+08,0.0,0.0,48698605.68461954,7455893.192700786,0.1531028,0.035985739945101014,0.03371021839916985,0.005161129037544658
645,0.72,0.06323397960977438,0.1239939,0.06323398,6.063564e+07,0.3826192,9.589091e+08,2.2347356696572345e-06,0.0,68114241.26805308,10344110.313395767,0.1518641,0.050332886093372664,0.04715050672648893,0.007160414819018259
646,0.72,0.06323397960977438,0.1239939,0.06323398,6.063564e+07,0.3826192,9.589091e+08,0.01170888905143995,0.0,151380400.3098404,29075605.791945104,0.1920698,0.11186225235306271,0.1067238393820454,0.0201267573795074
647,0.72,0.06323397960977438,0.1239939,0.06323398,6.063564e+07,0.3826192,9.589091e+08,0.0,0.0,110392318.73879331,14759882.122232541,0.1337039,0.08157418920364626,0.07641592858685901,0.010217106689023857
648,0.72,0.06323397960977438,0.1239939,0.06323398,6.063564e+07,0.3826192,9.589091e+08,0.0001381160713476114,0.0,205424016.36582732,27785883.228486735,0.1352611,0.15179767731529847,0.14222173198740806,0.019233983784097252
649,0.72,0.06323397960977438,0.1239939,0.06323398,6.063564e+07,0.3826192,9.589091e+08,0.0,0.0,233594140.2300704,34020820.84404984,0.1456407,0.17261393554997928,0.161698869469049,0.023549941207745072
650,0.72,0.06323397960977438,0.1239939,0.06323398,6.063564e+07,0.3826192,9.589091e+08,0.0,0.0,155793052.0761568,20911597.139423378,0.1342268,0.11512297279256195,0.10784328907838046,0.01447545564673234
651,0.72,0.06323397960977438,0.1239939,0.06323398,6.063564e+07,0.3826192,9.589091e+08,0.00014064479209327413,0.0,253452443.64878038,42225806.32284324,0.1666025,0.18728819023407806,0.17546845644775338,0.029229607977742524
652,0.72,0.06323397960977438,0.1239939,0.06323398,6.063564e+07,0.3826192,9.589091e+08,0.0,0.0,463031695.2686582,65670072.57103994,0.1418263,0.34215637055784776,0.32052046159863834,0.04545823145319042
653,0.72,0.06323397960977438,0.1239939,0.06323398,6.063564e+07,0.3826192,9.589091e+08,0.0,0.0,578263983.5372537,72975822.34736128,0.1261981,0.42730704583112866,0.4002867208079302,0.05051542800054991
654,0.72,0.06323397960977438,0.1239939,0.06323398,6.063564e+07,0.3826192,9.589091e+08,0.04459357357793023,0.000185134630500698,57042695.895944,6137966.773857464,0.107603,0.0421515891763454,0.04685598237716336,0.0042605389285172825
655,0.72,0.06323397960977438,0.1239939,0.06323398,6.063564e+07,0.3826192,9.589091e+08,0.0,0.0,303560315.30709636,52323513.34718981,0.1723661,0.2243153045292241,0.2101309551364628,0.03621945715999666
656,0.72,0.06323397960977438,0.1239939,0.06323398,6.063564e+07,0.3826192,9.589091e+08,0.003942492756098273,0.00020135289728945052,12563.150141903316,1572.1885630545862,0.1251429,9.28351536028836e-06,0.0006602568786041317,1.3820647614759418e-05
657,0.72,0.06323397960977438,0.1239939,0.06323398,6.063564e+07,0.3826192,9.589091e+08,2.4107621624189956e-09,0.0,427215911.30347484,62243743.19303562,0.1456962,0.3156903666634474,0.295728008853266,0.04308645283620023
658,0.72,0.06323397960977438,0.1239939,0.06323398,6.063564e+07,0.3826192,9.589091e+08,0.0017232152614659788,0.0,38367990.573077366,4714797.719826123,0.1228836,0.028351952002907452,0.02684393431150239,0.0032636840133072557
659,0.72,0.06323397960977438,0.1239939,0.06323398,6.063564e+07,0.3826192,9.589091e+08,0.0,0.0,152083080.86723828,23741775.115611102,0.1561106,0.11238149678414064,0.10527516750797637,0.016434565488678814
660,0.72,0.06323397960977438,0.1239939,0.06323398,6.063564e+07,0.3826192,9.589091e+08,0.005728497321258583,0.0,194181252.61546573,28584911.246910572,0.1472074,0.14348985891070504,0.13536315050170528,0.01978708810052392
661,0.72,0.06323397960977438,0.1239939,0.06323398,6.063564e+07,0.3826192,9.589091e+08,1.4759992224477035e-07,0.0,378071233.52157885,41904713.2737771,0.1108381,0.2793750026097361,0.26170903378449467,0.029007340488595632
662,0.72,0.06323397960977438,0.1239939,0.06323398,6.063564e+07,0.3826192,9.589091e+08,0.0010288244227655908,0.0,148329380.17228016,24284207.13154815,0.1637181,0.1096077069570703,0.10284680524884743,0.016810048553684002
663,0.72,0.06323397960977438,0.1239939,0.06323398,6.063564e+07,0.3826192,9.589091e+08,0.0,0.0,413713066.30640185,55541051.59816737,0.1342502,0.3057124656177683,0.2863810498004405,0.03844670608475166
664,0.72,0.06323397960977438,0.1239939,0.06323398,6.063564e+07,0.3826192,9.589091e+08,0.0,0.0,327048077.1780141,46539128.14524628,0.1423006,0.24167154047678124,0.2263896872140097,0.03221538177177611
665,0.72,0.06323397960977438,0.1239939,0.06323398,6.063564e+07,0.3826192,9.589091e+08,0.07589381823392784,0.0027802795913168246,17678824.69612818,1867984.3400866683,0.1056622,0.013063733121435637,0.02478033654087121,0.0014688669315352078
666,0.72,0.06323397960977438,0.1239939,0.06323398,6.063564e+07,0.3826192,9.589091e+08,0.03758880674949292,1.1213071879289689e-06,72526666.07230371,9460747.3102762,0.1304451,0.05359343881969487,0.05641666784758546,0.006549002923718098
667,0.72,0.06323397960977438,0.1239939,0.06323398,6.063564e+07,0.3826192,9.589091e+08,0.0,0.0,183386026.41231665,24441450.016352937,0.1332787,0.13551274750610162,0.1269437371934363,0.016918895448045063
668,0.72,0.06323397960977438,0.1239939,0.06323398,6.063564e+07,0.3826192,9.589091e+08,0.00818036730785713,0.0,111961208.1747965,13104893.628670998,0.1170485,0.08273351700067307,0.07885388486432646,0.009071488189648775
669,0.72,0.06323397960977438,0.1239939,0.06323398,6.063564e+07,0.3826192,9.589091e+08,0.011378071755387308,5.694566090353371e-07,91103843.48220178,13627247.149568703,0.1495793,0.06732100793155002,0.06494444221818295,0.009433108499140742
670,0.72,0.06323397960977438,0.1239939,0.06323398,6.063564e+07,0.3826192,9.589091e+08,0.0,0.0,639303110.0978231,89260401.471448,0.1396214,0.47241178967348657,0.4425393121978563,0.06178796262642118
671,0.72,0.06323397960977438,0.1239939,0.06323398,6.063564e+07,0.3826192,9.589091e+08,0.0,0.0,80157407.09516281,12425298.332161812,0.1550112,0.059232160055685976,0.05548667485448184,0.008601057762610723
672,0.72,0.06323397960977438,0.1239939,0.06323398,6.063564e+07,0.3826192,9.589091e+08,5.218582889698261e-07,0.0,270781917.08312654,44320167.907448046,0.1636748,0.20009377092015657,0.18744113173523202,0.030679369945900013
673,0.72,0.06323397960977438,0.1239939,0.06323398,6.063564e+07,0.3826192,9.589091e+08,0.019255932436244873,3.567584003981999e-07,81745559.55764118,11373947.728392523,0.1391384,0.06040572222865735,0.059768380851073326,0.00787331290493468
674,0.72,0.06323397960977438,0.1239939,0.06323398,6.063564e+07,0.3826192,9.589091e+08,0.0,0.0,34437568.22832972,6250443.364329267,0.1815007,0.025447574056473278,0.02383842267746802,0.004326690835210669
675,0.72,0.06323397960977438,0.1239939,0.06323398,6.063564e+07,0.3826192,9.589091e+08,0.0,0.0,180157631.54728532,27879152.31662486,0.1547487,0.13312713140026292,0.12470897308779093,0.019298546645535
676,0.72,0.06323397960977438,0.1239939,0.06323398,6.063564e+07,0.3826192,9.589091e+08,0.012570892394709937,1.961051106256862e-07,68147265.69553289,9795450.763406523,0.1437395,0.05035728942982177,0.04925053995978185,0.006780633322001204
677,0.72,0.06323397960977438,0.1239939,0.06323398,6.063564e+07,0.3826192,9.589091e+08,0.0,0.0,662508085.2144492,111258949.81715629,0.167936,0.48955906089901935,0.4586022932243505,0.07701582919001633
678,0.72,0.06323397960977438,0.1239939,0.06323398,6.063564e+07,0.3826192,9.589091e+08,3.266971868163725e-06,0.0,239324142.0117143,39421734.280667014,0.1647211,0.17684810922087613,0.16566583940807122,0.02728856922273314
679,0.72,0.06323397960977438,0.1239939,0.06323398,6.063564e+07,0.3826192,9.589091e+08,0.00027881162196496506,0.0,166630258.86305168,23812740.12864355,0.1429077,0.12313110566786625,0.11539111395176353,0.0164836889913827
680,0.72,0.06323397960977438,0.1239939,0.06323398,6.063564e+07,0.3826192,9.589091e+08,0.0,0.0,209445371.8612578,25119519.684893686,0.1199335,0.1547692501365521,0.1449825745291973,0.01738826980271125
681,0.72,0.06323397960977438,0.1239939,0.06323398,6.063564e+07,0.3826192,9.589091e+08,0.07175112056106651,0.0008620283086937351,27192188.585850663,2878157.9921534066,0.105845,0.020093614862932617,0.03068104340127291,0.002046832117638794
682,0.72,0.06323397960977438,0.1239939,0.06323398,6.063564e+07,0.3826192,9.589091e+08,0.005149138156097175,0.0,87171722.31636633,10596068.608593797,0.121554,0.06441537464457746,0.061193112132356134,0.007334825750074764
683,0.72,0.06323397960977438,0.1239939,0.06323398,6.063564e+07,0.3826192,9.589091e+08,8.549184685502335e-07,0.0,65531631.048693135,8197708.3304171,0.1250954,0.048424471295312035,0.04536254055385015,0.005674629371952078
684,0.72,0.06323397960977438,0.1239939,0.06323398,6.063564e+07,0.3826192,9.589091e+08,0.0002170483018707058,0.0,164962686.93768463,21530384.77269061,0.1305167,0.12189885663727516,0.11422657754829364,0.01490379370624955
685,0.72,0.06323397960977438,0.1239939,0.06323398,6.063564e+07,0.3826192,9.589091e+08,0.06938546789423661,5.208119288903148e-05,33739705.880733356,5273454.922061249,0.1562982,0.024931890032156092,0.03482241299002612,0.003653691801040639
686,0.72,0.06323397960977438,0.1239939,0.06323398,6.063564e+07,0.3826192,9.589091e+08,0.0,0.0,64463833.723536246,9181623.233229924,0.1424306,0.047635424538901384,0.044623247074905545,0.006355716351624963
687,0.72,0.06323397960977438,0.1239939,0.06323398,6.063564e+07,0.3826192,9.589091e+08,0.0,0.0,206621049.54016826,35907498.826912306,0.1737843,0.152682222651082,0.14302751809718844,0.024855940136401994
688,0.72,0.06323397960977438,0.1239939,0.06323398,6.063564e+07,0.3826192,9.589091e+08,0.00020998713062787212,0.0,57962169.91952195,8988293.574970381,0.1550717,0.04283103271756371,0.040157359821887055,0.006221889419388494
689,0.72,0.06323397960977438,0.1239939,0.06323398,6.063564e+07,0.3826192,9.589091e+08,2.946293591034974e-10,0.0,326402438.12579256,45634615.527071685,0.1398109,0.24119444675499974,0.22594276207559552,0.03158925875501178
690,0.72,0.06323397960977438,0.1239939,0.06323398,6.063564e+07,0.3826192,9.589091e+08,0.0,0.0,621159843.8698858,92424593.9585686,0.1487936,0.45900485838552385,0.4299801545295862,0.06397828447030789
691,0.72,0.06323397960977438,0.1239939,0.06323398,6.063564e+07,0.3826192,9.589091e+08,0.008333576334959588,0.0,112496668.40328953,18539129.483642668,0.1647971,0.08312919429497351,0.07924986216685846,0.012833182696675513
692,0.72,0.06323397960977438,0.1239939,0.06323398,6.063564e+07,0.3826192,9.589091e+08,3.786859871461155e-05,0.0,166873415.5842669,23036404.35265143,0.1380472,0.12331078585403467,0.11551961253124733,0.015946292731430868
693,0.72,0.06323397960977438,0.1239939,0.06323398,6.063564e+07,0.3826192,9.589091e+08,0.0003863863066861057,4.284002206307491e-09,253432446.07962373,24113358.863993112,0.09514709,0.1872734130692478,0.17549522644326257,0.016691783992733043
694,0.72,0.06323397960977438,0.1239939,0.06323398,6.063564e+07,0.3826192,9.589091e+08,0.01507121703746981,0.0,12589621.089271251,1910066.8487547801,0.1517176,0.009303076015356229,0.011205566738398193,0.0013221892028188733
695,0.72,0.06323397960977438,0.1239939,0.06323398,6.063564e+07,0.3826192,9.589091e+08,6.685946574495693e-05,0.0,206962159.22445562,28784525.946771953,0.1390811,0.15293428498878045,0.14327469113322783,0.019925265673237
696,0.72,0.06323397960977438,0.1239939,0.06323398,6.063564e+07,0.3826192,9.589091e+08,0.0,0.0,642138679.0159086,78277268.16746888,0.1219009,0.47450712780993065,0.4445021537653049,0.05418520239993555
697,0.72,0.06323397960977438,0.1239939,0.06323398,6.063564e+07,0.3826192,9.589091e+08,0.006071236008079641,0.0026328905936386397,153773.35357736782,16018.929416174562,0.1041723,0.0001136305205154758,0.0011098146997041052,0.00017757679631845837
698,0.72,0.06323397960977438,0.1239939,0.06323398,6.063564e+07,0.3826192,9.589091e+08,5.7595368289262266e-08,0.0,381960610.72742057,45091461.892963804,0.1180526,0.2822490503306142,0.26440132915569176,0.031213276170445454
699,0.72,0.06323397960977438,0.1239939,0.06323398,6.063564e+07,0.3826192,9.589091e+08,0.0,0.0,139673183.36913437,17429824.498132367,0.1247901,0.10321122716689018,0.09668477053271925,0.012065298014822074
700,0.72,0.06323397960977438,0.1239939,0.06323398,6.063564e+07,0.3826192,9.589091e+08,1.7410205839043656e-05,0.0,231517715.97012803,40195322.37086316,0.1736166,0.1710795658820283,0.16026440141819126,0.027824063475697863
701,0.72,0.06323397960977438,0.1239939,0.06323398,6.063564e+07,0.3826192,9.589091e+08,0.0,0.0,208912279.6533893,25238028.81109027,0.1208068,0.15437532268648604,0.14461355667947645,0.017470304359352432
702,0.72,0.06323397960977438,0.1239939,0.06323398,6.063564e+07,0.3826192,9.589091e+08,0.011736085180717221,0.0,160146396.92082375,29172145.643648423,0.1821592,0.11833986849766852,0.11279634467762803,0.020193584333572948
703,0.72,0.06323397960977438,0.1239939,0.06323398,6.063564e+07,0.3826192,9.589091e+08,0.04694971385224992,6.525099696030453e-06,41504516.844887346,4923473.162089766,0.118625,0.030669681990482412,0.03648951198724641,0.00340854623409158
704,0.72,0.06323397960977438,0.1239939,0.06323398,6.063564e+07,0.3826192,9.589091e+08,0.0,0.0,408468477.2545759,58042231.84569553,0.1420972,0.3018369867393753,0.2827506328744219,0.04017807664895024
705,0.72,0.06323397960977438,0.1239939,0.06323398,6.063564e+07,0.3826192,9.589091e+08,1.9023843333814956e-05,7.464536077562099e-16,335065615.9279664,34987676.12326251,0.1044204,0.24759608514083262,0.2319427433379469,0.024219219150397656
706,0.72,0.06323397960977438,0.1239939,0.06323398,6.063564e+07,0.3826192,9.589091e+08,0.0,0.0,329237439.9431462,49750619.863237746,0.1511086,0.2432893658334611,0.22790521103507308,0.03443844515682923
707,0.72,0.06323397960977438,0.1239939,0.06323398,6.063564e+07,0.3826192,9.589091e+08,0.00016648193894068273,0.0,186288848.9853957,18620609.473025702,0.09995558,0.1376577826000855,0.12898064700257392,0.012889584891330784
708,0.72,0.06323397960977438,0.1239939,0.06323398,6.063564e+07,0.3826192,9.589091e+08,0.003146302395133985,9.255703917912446e-07,80585783.19231911,8418751.769774137,0.1044694,0.05954870773942865,0.05630318309054881,0.005827698904831803
709,0.72,0.06323397960977438,0.1239939,0.06323398,6.063564e+07,0.3826192,9.589091e+08,0.0,0.0,160057135.0184628,21225273.26541716,0.1326106,0.1182739085885457,0.11079497866448927,0.014692588982794064
710,0.72,0.06323397960977438,0.1239939,0.06323398,6.063564e+07,0.3826192,9.589091e+08,0.013068997847275471,0.0,153836495.53660142,21808849.784712005,0.1417664,0.11367717914343159,0.1086487810032236,0.01509655315469375
711,0.72,0.06323397960977438,0.1239939,0.06323398,6.063564e+07,0.3826192,9.589091e+08,0.07112913073432699,0.006187965742019974,11291436.198032098,1039864.9814826254,0.09209324,0.00834378481512489,0.01957140803504421,0.001111106522618383
712,0.72,0.06323397960977438,0.1239939,0.06323398,6.063564e+07,0.3826192,9.589091e+08,0.0004801981321130944,0.0,252037400.26209402,35652231.75499646,0.1414561,0.186242546675942,0.1745450497488496,0.024679238799198876
713,0.72,0.06323397960977438,0.1239939,0.06323398,6.063564e+07,0.3826192,9.589091e+08,0.0024598848086105313,0.0,49666006.94362477,6690284.495195279,0.1347055,0.03670059922371318,0.03478640984624962,0.004631158291187832
714,0.72,0.06323397960977438,0.1239939,0.06323398,6.063564e+07,0.3826192,9.589091e+08,0.0044247161220216285,0.0,134521736.52329808,13474387.233636566,0.1001651,0.09940457554043872,0.0938500842088385,0.00932725958074673
715,0.72,0.06323397960977438,0.1239939,0.06323398,6.063564e+07,0.3826192,9.589091e+08,0.002029911406868054,0.0,245205942.76943865,31799334.69980933,0.1296842,0.1811944544498775,0.1700722835506639,0.022012180895302928
716,0.72,0.06323397960977438,0.1239939,0.06323398,6.063564e+07,0.3826192,9.589091e+08,0.06392957262605282,0.00018669232151930727,17863246.00213426,3161993.7090786216,0.1770111,0.013200010886783789,0.022930712725550615,0.002200605101061514
717,0.72,0.06323397960977438,0.1239939,0.06323398,6.063564e+07,0.3826192,9.589091e+08,0.0,0.0,405215153.979375,63762708.37822178,0.1573552,0.299432949833331,0.2804986127890756,0.044137913086725086
718,0.72,0.06323397960977438,0.1239939,0.06323398,6.063564e+07,0.3826192,9.589091e+08,0.0,0.0,189664845.10878807,27553678.443174154,0.1452756,0.14015246836868517,0.13129007004160018,0.01907324665587406
719,0.72,0.06323397960977438,0.1239939,0.06323398,6.063564e+07,0.3826192,9.589091e+08,0.03243014870037541,0.0,29440298.116457094,4885343.480545601,0.1659407,0.02175485102768911,0.025738809376634232,0.00338173944343884
720,0.72,0.06323397960977438,0.1239939,0.06323398,6.063564e+07,0.3826192,9.589091e+08,0.0005288403439916657,0.0,251563006.42451566,29499155.252804603,0.1172635,0.18589199427242534,0.17422470307745727,0.020419947392397927
721,0.72,0.06323397960977438,0.1239939,0.06323398,6.063564e+07,0.3826192,9.589091e+08,0.0,0.0,240759773.43394062,39666349.133430935,0.1647549,0.17790896626782782,0.16665907432245197,0.027457896865576866
722,0.72,0.06323397960977438,0.1239939,0.06323398,6.063564e+07,0.3826192,9.589091e+08,0.01329554039699634,4.085380690987755e-06,88921795.82536256,9628768.616386954,0.1082836,0.0657085880599143,0.06375087463356789,0.00666549830243738
723,0.72,0.06323397960977438,0.1239939,0.06323398,6.063564e+07,0.3826192,9.589091e+08,0.0,0.0,265256086.16946262,37073903.11722473,0.1397665,0.19601046891501286,0.1836159469203386,0.02566335018059919
724,0.72,0.06323397960977438,0.1239939,0.06323398,6.063564e+07,0.3826192,9.589091e+08,0.0,0.0,526981809.4591553,72956356.91001478,0.1384419,0.38941218304706565,0.36478810100446973,0.050501953607701044
725,0.72,0.06323397960977438,0.1239939,0.06323398,6.063564e+07,0.3826192,9.589091e+08,0.05542112999122301,6.716763739564925e-10,54014324.558276385,8114878.860315807,0.1502357,0.03991378006697858,0.04654910685002474,0.00561729308029888
726,0.72,0.06323397960977438,0.1239939,0.06323398,6.063564e+07,0.3826192,9.589091e+08,2.9671835601279125e-07,0.0,346867324.5984156,44657085.3614717,0.128744,0.2563169348068993,0.24010904401516509,0.030912591427253774
727,0.72,0.06323397960977438,0.1239939,0.06323398,6.063564e+07,0.3826192,9.589091e+08,0.009349207315019672,0.0,102433876.8455831,13444907.035003953,0.1312545,0.07569331404693287,0.07245203158857373,0.009306852755533042
728,0.72,0.06323397960977438,0.1239939,0.06323398,6.063564e+07,0.3826192,9.589091e+08,8.693612559340364e-08,0.0,314516275.61726475,43709321.87361265,0.1389732,0.23241119008955927,0.21771492000194698,0.03025652923168709
729,0.72,0.06323397960977438,0.1239939,0.06323398,6.063564e+07,0.3826192,9.589091e+08,0.0015669675458603294,0.0,156999401.66345483,15965138.193767466,0.1016892,0.11601440247357842,0.10893731672618266,0.011051410768723614
730,0.72,0.06323397960977438,0.1239939,0.06323398,6.063564e+07,0.3826192,9.589091e+08,0.0,0.0,498116086.1714813,64881526.48701753,0.1302538,0.36808191297147796,0.3448066287919128,0.04491238295636989
731,0.72,0.06323397960977438,0.1239939,0.06323398,6.063564e+07,0.3826192,9.589091e+08,0.00016714026535353732,0.0,222420837.32295698,27679907.88505205,0.1244484,0.1643574451003931,0.15399209238778713,0.019160625380465614
732,0.72,0.06323397960977438,0.1239939,0.06323398,6.063564e+07,0.3826192,9.589091e+08,0.0,0.0,18753424.980758656,2344209.112418705,0.1250017,0.013857806911516593,0.012981522631837562,0.0016227117807998497
733,0.72,0.06323397960977438,0.1239939,0.06323398,6.063564e+07,0.3826192,9.589091e+08,0.0,0.0,388066413.2051824,54165704.59206301,0.1395784,0.28676092119492286,0.268627886951203,0.037494661415327674
734,0.72,0.06323397960977438,0.1239939,0.06323398,6.063564e+07,0.3826192,9.589091e+08,0.0002386118967534922,0.0,384295600.645284,54544560.23808265,0.1419339,0.28397448658853985,0.2660570841511785,0.037756913411858946
735,0.72,0.06323397960977438,0.1239939,0.06323398,6.063564e+07,0.3826192,9.589091e+08,0.0,0.0,367903027.1535047,48598756.42907655,0.1320966,0.2718612262926207,0.25467035905254487,0.0336411006048505
736,0.72,0.06323397960977438,0.1239939,0.06323398,6.063564e+07,0.3826192,9.589091e+08,1.8681972376981478e-07,0.0,295336862.909945,39041836.010769665,0.1321943,0.21823860037610562,0.20443853604482415,0.02702559549961172
737,0.72,0.06323397960977438,0.1239939,0.06323398,6.063564e+07,0.3826192,9.589091e+08,0.0002740676901674172,0.0,287115422.09401447,37357538.71283731,0.1301133,0.21216338267701748,0.19879274176080575,0.025859688817803712
738,0.72,0.06323397960977438,0.1239939,0.06323398,6.063564e+07,0.3826192,9.589091e+08,0.0,0.0,643976817.7949723,78041815.67659082,0.1211873,0.47586541688528466,0.44577455281696376,0.05402221714032606
739,0.72,0.06323397960977438,0.1239939,0.06323398,6.063564e+07,0.3826192,9.589091e+08,0.0,0.0,408624737.0496996,59344619.183078185,0.1452301,0.301952454611035,0.2828587992530395,0.041079617072259496
740,0.72,0.06323397960977438,0.1239939,0.06323398,6.063564e+07,0.3826192,9.589091e+08,0.009585281453363504,0.0,137726146.08445182,18517048.86037595,0.1344483,0.10177246775263184,0.09692111167244909,0.012817898016092842
741,0.72,0.06323397960977438,0.1239939,0.06323398,6.063564e+07,0.3826192,9.589091e+08,0.0004307546570096518,0.0,199043230.3584166,24609015.621822823,0.1236365,0.14708260790663688,0.13785317841896733,0.017034887950852243
742,0.72,0.06323397960977438,0.1239939,0.06323398,6.063564e+07,0.3826192,9.589091e+08,0.0,0.0,208324217.7664106,28445178.183022656,0.1365428,0.15394077549896512,0.1442064876399507,0.019690361879412945
743,0.72,0.06323397960977438,0.1239939,0.06323398,6.063564e+07,0.3826192,9.589091e+08,1.0580547787238947e-05,0.0,99709462.97860643,11944407.349575156,0.1197921,0.07368011371929366,0.06902277551657665,0.008268174719630553
744,0.72,0.06323397960977438,0.1239939,0.06323398,6.063564e+07,0.3826192,9.589091e+08,0.049407240336226226,0.01973792902062742,2280955.1020444515,188891.07632964125,0.08281227,0.0016855073358814224,0.009744267856164108,0.0013788622519414
745,0.72,0.06323397960977438,0.1239939,0.06323398,6.063564e+07,0.3826192,9.589091e+08,0.0,0.0,291183468.7879021,40340537.57319752,0.1385399,0.21516945786855018,0.20156343675704408,0.02792458455051617
746,0.72,0.06323397960977438,0.1239939,0.06323398,6.063564e+07,0.3826192,9.589091e+08,0.0008737669283062357,0.0,218810593.61586702,29746709.424006503,0.1359473,0.16168966253546416,0.15160978576297995,0.020591309694449982
747,0.72,0.06323397960977438,0.1239939,0.06323398,6.063564e+07,0.3826192,9.589091e+08,0.0,0.0,248753108.6020246,40417383.15266488,0.1624799,0.18381562574213692,0.17219223221200072,0.027977778707318764
748,0.72,0.06323397960977438,0.1239939,0.06323398,6.063564e+07,0.3826192,9.589091e+08,0.0,0.0,596864064.3967535,95764450.32451352,0.160446,0.4410515394025167,0.41316209535307835,0.06629020461535261
749,0.72,0.06323397960977438,0.1239939,0.06323398,6.063564e+07,0.3826192,9.589091e+08,0.0014320656626584571,0.0,181511360.9808003,21616699.17493121,0.1190928,0.13412746713196713,0.12588272551535126,0.01496354238507966
750,0.72,0.06323397960977438,0.1239939,0.06323398,6.063564e+07,0.3826192,9.589091e+08,0.015583548157432457,0.0,80652438.22532682,12765971.673756571,0.1582838,0.05959796234641641,0.058404778218151515,0.00883687914982472
751,0.72,0.06323397960977438,0.1239939,0.06323398,6.063564e+07,0.3826192,9.589091e+08,0.0,0.0,86221620.98135497,11248945.69651735,0.1304655,0.0637132991111498,0.0596844536542839,0.007786761260595305
752,0.72,0.06323397960977438,0.1239939,0.06323398,6.063564e+07,0.3826192,9.589091e+08,1.1898427768313334e-05,0.0,190602298.87049276,28761541.534740157,0.1508982,0.14084519800241913,0.13194096203053718,0.01990935537070419
753,0.72,0.06323397960977438,0.1239939,0.06323398,6.063564e+07,0.3826192,9.589091e+08,0.05729959870950799,1.063075350105276e-05,23547172.99004499,4577025.373811805,0.1943769,0.017400137678473364,0.02576953886181478,0.0031689872679739974
754,0.72,0.06323397960977438,0.1239939,0.06323398,6.063564e+07,0.3826192,9.589091e+08,0.0,0.0,501621912.60213256,80646799.24999362,0.1607721,0.37067253659308863,0.3472334369722579,0.055825442591057865
755,0.72,0.06323397960977438,0.1239939,0.06323398,6.063564e+07,0.3826192,9.589091e+08,2.8337993403575026e-07,0.0,214307627.9946478,27527423.266856495,0.1284482,0.15836220484855748,0.14834837924930103,0.019055072260214585
756,0.72,0.06323397960977438,0.1239939,0.06323398,6.063564e+07,0.3826192,9.589091e+08,9.629395532681368e-06,0.0,241709983.39135352,32393599.581387777,0.1340185,0.17861112206756782,0.1673184214293006,0.022423543780612256
757,0.72,0.06323397960977438,0.1239939,0.06323398,6.063564e+07,0.3826192,9.589091e+08,0.0,0.0,358074973.64218223,40516230.75817327,0.1131501,0.2645988052673574,0.24786716981031065,0.028046203138020184
758,0.72,0.06323397960977438,0.1239939,0.06323398,6.063564e+07,0.3826192,9.589091e+08,0.0,0.0,369667973.95371616,36793026.52851786,0.09952993,0.2731654302975704,0.25589209304803856,0.025468921387096524
759,0.72,0.06323397960977438,0.1239939,0.06323398,6.063564e+07,0.3826192,9.589091e+08,0.042589830690566335,0.0,60204195.02600848,9959243.400286455,0.1654244,0.044487772808951845,0.048713289051833364,0.006894001694594313
760,0.72,0.06323397960977438,0.1239939,0.06323398,6.063564e+07,0.3826192,9.589091e+08,6.532751737823649e-09,0.0,336093569.7821808,50323695.88635426,0.1497312,0.24835568964189136,0.23265117210674696,0.03483514066026305
761,0.72,0.06323397960977438,0.1239939,0.06323398,6.063564e+07,0.3826192,9.589091e+08,0.016102766655155507,0.0011494594984210484,3599056.2036267747,431883.6239214141,0.1199991,0.0026595155810060535,0.005152585249997247,0.00037164399763707886
762,0.72,0.06323397960977438,0.1239939,0.06323398,6.063564e+07,0.3826192,9.589091e+08,0.0015708015068778872,6.32189767616901e-08,244617007.3725035,25809211.568266276,0.1055087,0.1807592617838734,0.16958873454679257,0.01786569330111963
763,0.72,0.06323397960977438,0.1239939,0.06323398,6.063564e+07,0.3826192,9.589091e+08,0.0,0.0,43153326.92575475,5848030.748827197,0.1355175,0.031888066992574876,0.02987165761457128,0.004048132199610137
764,0.72,0.06323397960977438,0.1239939,0.06323398,6.063564e+07,0.3826192,9.589091e+08,0.027638909105237128,0.004310400677344508,2088530.0650212117,238901.6536593657,0.1143875,0.0015433152290665096,0.006013499944866074,0.00043793663253869524
765,0.72,0.06323397960977438,0.1239939,0.06323398,6.063564e+07,0.3826192,9.589091e+08,0.008554026578447171,0.0034435013154447257,51488.67767957258,6441.53485375319,0.1251059,3.80474582186942e-05,0.0014493321666254808,0.00022220526042608128
766,0.72,0.06323397960977438,0.1239939,0.06323398,6.063564e+07,0.3826192,9.589091e+08,3.574422299445482e-07,0.0,424867197.1875162,74441859.70907898,0.1752121,0.3139547889360348,0.29410223728714535,0.051530250477499276
767,0.72,0.06323397960977438,0.1239939,0.06323398,6.063564e+07,0.3826192,9.589091e+08,1.0327533841192724e-05,0.0,353099288.23338175,53519449.74437936,0.1515705,0.26092203221292315,0.24442460053945714,0.03704730996140671
768,0.72,0.06323397960977438,0.1239939,0.06323398,6.063564e+07,0.3826192,9.589091e+08,0.0,0.0,378043313.1618421,58593219.10460026,0.1549908,0.2793543709142176,0.2616896823199266,0.04055948183646477
769,0.72,0.06323397960977438,0.1239939,0.06323398,6.063564e+07,0.3826192,9.589091e+08,0.004151910768192401,0.0,70673671.54540813,8542191.847107053,0.1208681,0.052224172118376974,0.049607999978222614,0.005913088244013789
770,0.72,0.06323397960977438,0.1239939,0.06323398,6.063564e+07,0.3826192,9.589091e+08,0.004865466714546655,3.049237319408454e-06,72713250.84724084,8467909.926747505,0.1164562,0.05373131527620136,0.05113776708377826,0.005861861522391796
771,0.72,0.06323397960977438,0.1239939,0.06323398,6.063564e+07,0.3826192,9.589091e+08,0.0,0.0,581774222.2626812,73453096.27051528,0.126257,0.4299009299093817,0.4027165832732688,0.050845807237482166
772,0.72,0.06323397960977438,0.1239939,0.06323398,6.063564e+07,0.3826192,9.589091e+08,0.0,0.0,424934847.71813583,52183967.35245644,0.1228046,0.31400477916404645,0.29414900736101546,0.03612286043216309
773,0.72,0.06323397960977438,0.1239939,0.06323398,6.063564e+07,0.3826192,9.589091e+08,0.0,0.0,202230158.93114248,25903068.460807,0.1280871,0.1494375825764342,0.13998804952686197,0.017930659055773217
774,0.72,0.06323397960977438,0.1239939,0.06323398,6.063564e+07,0.3826192,9.589091e+08,0.0,0.0,536086869.37637883,78509364.95205404,0.146449,0.3961403493622924,0.3710908185881083,0.05434586476774091
775,0.72,0.06323397960977438,0.1239939,0.06323398,6.063564e+07,0.3826192,9.589091e+08,0.00973929227069246,5.715060476018492e-06,61831856.23131232,6566117.796206971,0.1061931,0.045690529890584114,0.04441091069258084,0.004545568827443807
776,0.72,0.06323397960977438,0.1239939,0.06323398,6.063564e+07,0.3826192,9.589091e+08,0.0,0.0,112574516.91567153,20488985.365889534,0.1820038,0.08318672030177202,0.07792649292640576,0.014182914721101983
777,0.72,0.06323397960977438,0.1239939,0.06323398,6.063564e+07,0.3826192,9.589091e+08,0.01447570914045107,0.007069946852823746,923033.5177711233,70358.1535957538,0.07622492,0.0006820738225286402,0.0030312875555757275,0.0004957642967312842
778,0.72,0.06323397960977438,0.1239939,0.06323398,6.063564e+07,0.3826192,9.589091e+08,0.11681485348469657,3.914717195498804e-07,42822477.116016895,6129710.624470448,0.1431424,0.0316435861692179,0.04894817138961824,0.004243141799858229
779,0.72,0.06323397960977438,0.1239939,0.06323398,6.063564e+07,0.3826192,9.589091e+08,0.0,0.0,231130871.6163719,29908581.757214833,0.1294011,0.17079370799928617,0.15999374215018156,0.0207033611921987
780,0.72,0.06323397960977438,0.1239939,0.06323398,6.063564e+07,0.3826192,9.589091e+08,0.0004153095563761617,0.0,15844763.484552508,2509655.9157766313,0.1583902,0.011708457156645462,0.011036721405666016,0.00173723760338211
781,0.72,0.06323397960977438,0.1239939,0.06323398,6.063564e+07,0.3826192,9.589091e+08,2.2767477607066493e-05,0.0,189279396.47201225,24355879.958715,0.1286769,0.13986764184829076,0.13102701692778956,0.0168596620204992
782,0.72,0.06323397960977438,0.1239939,0.06323398,6.063564e+07,0.3826192,9.589091e+08,0.0,0.0,238225393.79492518,38905918.311341085,0.1633156,0.1760361913632976,0.16490472242804852,0.02693151035553752
783,0.72,0.06323397960977438,0.1239939,0.06323398,6.063564e+07,0.3826192,9.589091e+08,8.822665498160368e-05,0.0,181416965.9801011,19868329.77518616,0.1095175,0.13405771412981182,0.1255952922430625,0.013753283621419709
784,0.72,0.06323397960977438,0.1239939,0.06323398,6.063564e+07,0.3826192,9.589091e+08,0.0036760910536201446,0.0,181248771.60762197,29737851.35028842,0.164072,0.13393342722542978,0.126071816846005,0.020585177946005964
785,0.72,0.06323397960977438,0.1239939,0.06323398,6.063564e+07,0.3826192,9.589091e+08,0.012525934503634437,0.0,70182765.00565314,8644216.683223898,0.1231672,0.051861417685706394,0.050652126184940555,0.005983712021826067
786,0.72,0.06323397960977438,0.1239939,0.06323398,6.063564e+07,0.3826192,9.589091e+08,0.08779520206769634,0.0003926074819508494,15383934.322095335,2980146.7179508996,0.1937181,0.01136792834342443,0.025158659522685842,0.0020877475521275594
787,0.72,0.06323397960977438,0.1239939,0.06323398,6.063564e+07,0.3826192,9.589091e+08,0.032522288228612244,0.00019765301761172596,78068348.24651866,7733005.112087961,0.09905429,0.05768845408298985,0.05941541524939605,0.005365450233158001
788,0.72,0.06323397960977438,0.1239939,0.06323398,6.063564e+07,0.3826192,9.589091e+08,4.5713124547801225e-05,0.0,303015342.7229711,38760067.54495768,0.1279145,0.22391259809823205,0.20976126826546923,0.0268305493296652
789,0.72,0.06323397960977438,0.1239939,0.06323398,6.063564e+07,0.3826192,9.589091e+08,8.000436513476692e-07,0.0,424225089.1316771,59542913.45127908,0.1403569,0.31348030443716174,0.29365782947840946,0.041216880613882144
790,0.72,0.06323397960977438,0.1239939,0.06323398,6.063564e+07,0.3826192,9.589091e+08,0.01445518867956287,0.0,57169723.67403549,7596317.519218025,0.1328731,0.042245456105879445,0.041963060434593816,0.005258333765460462
791,0.72,0.06323397960977438,0.1239939,0.06323398,6.063564e+07,0.3826192,9.589091e+08,5.233032366679077e-08,0.0,280841883.8720514,30374260.762943484,0.1081543,0.20752756381080065,0.19440477872075074,0.021025714178825976
792,0.72,0.06323397960977438,0.1239939,0.06323398,6.063564e+07,0.3826192,9.589091e+08,0.0004956744134052727,0.0,214995261.547388,30410135.786846414,0.1414456,0.15887033032481213,0.14890624527297258,0.021050547639124104
793,0.72,0.06323397960977438,0.1239939,0.06323398,6.063564e+07,0.3826192,9.589091e+08,6.772270509879462e-05,0.0,99511445.38814542,9704314.308787882,0.09751958,0.0735337890059942,0.06889514715862326,0.006717534314678485
794,0.72,0.06323397960977438,0.1239939,0.06323398,6.063564e+07,0.3826192,9.589091e+08,0.0,0.0,34503844.659149826,4150265.4796643574,0.1202841,0.025496548896110936,0.02388430064309464,0.0028729026995162506
795,0.72,0.06323397960977438,0.1239939,0.06323398,6.063564e+07,0.3826192,9.589091e+08,0.06502967840072561,0.0002641394694632227,30892735.6394779,3970305.4101118785,0.1285191,0.02282812691013272,0.03213181484611136,0.0027650330729009215
796,0.72,0.06323397960977438,0.1239939,0.06323398,6.063564e+07,0.3826192,9.589091e+08,0.0,0.0,250469245.43272337,30294126.76016668,0.1209495,0.1850837617150574,0.17338017890066712,0.02097024370494218
797,0.72,0.06323397960977438,0.1239939,0.06323398,6.063564e+07,0.3826192,9.589091e+08,0.0,0.0,645240213.2095355,100832831.9053958,0.1562718,0.47679900046939666,0.446649102195754,0.06979864695409975
798,0.72,0.06323397960977438,0.1239939,0.06323398,6.063564e+07,0.3826192,9.589091e+08,0.00408504332613508,0.0,174868034.1996541,22490415.26589045,0.1286136,0.129218393729232,0.12172251962838902,0.015568347385778215
799,0.72,0.06323397960977438,0.1239939,0.06323398,6.063564e+07,0.3826192,9.589091e+08,0.0,0.0,416714421.73268896,48510004.67649163,0.1164107,0.30793031137197024,0.2884586523414436,0.03357966473988298
800,0.72,0.06323397960977438,0.1239939,0.06323398,6.063564e+07,0.3826192,9.589091e+08,1.773754703708818e-05,0.0,172349185.84527385,24577201.88639335,0.1426012,0.12735709563727243,0.11930673106378398,0.01701286580146328
801,0.72,0.06323397960977438,0.1239939,0.06323398,6.063564e+07,0.3826192,9.589091e+08,0.0,0.0,361835747.4425343,49471279.88744343,0.136723,0.26737782175190045,0.2504704580231349,0.03424508003971215
802,0.72,0.06323397960977438,0.1239939,0.06323398,6.063564e+07,0.3826192,9.589091e+08,9.333241892334411e-05,0.0,144398526.1694618,18663505.29251401,0.12925,0.10670301003774439,0.09997117876147171,0.012919278296779123
803,0.72,0.06323397960977438,0.1239939,0.06323398,6.063564e+07,0.3826192,9.589091e+08,0.001517388022297259,0.0,127404473.94115435,15934530.712825991,0.1250704,0.09414528819942737,0.08844287976369355,0.01103022361453962
804,0.72,0.06323397960977438,0.1239939,0.06323398,6.063564e+07,0.3826192,9.589091e+08,1.9472101394356074e-08,0.0,114172829.52069707,17294865.058675718,0.1514797,0.08436779029231574,0.07903288237932794,0.011971876198834639
805,0.72,0.06323397960977438,0.1239939,0.06323398,6.063564e+07,0.3826192,9.589091e+08,0.0,0.0,91179448.04416047,12617294.878291223,0.1383787,0.06737687577554803,0.06311636778658672,0.008733961886063952
806,0.72,0.06323397960977438,0.1239939,0.06323398,6.063564e+07,0.3826192,9.589091e+08,0.0030804135303068602,0.0,147798034.78648534,22181158.921653952,0.1500775,0.10921507031777776,0.10281805471469067,0.015354273517358739
807,0.72,0.06323397960977438,0.1239939,0.06323398,6.063564e+07,0.3826192,9.589091e+08,0.00023505049100505638,0.0,179005973.00264478,20411239.738030512,0.1140255,0.13227611555883653,0.12395061624236954,0.014129097531515877
808,0.72,0.06323397960977438,0.1239939,0.06323398,6.063564e+07,0.3826192,9.589091e+08,0.01970470049472512,0.0,80062800.01899716,14070785.475502416,0.1757469,0.05916225034077727,0.058677704785432896,0.00974009922376198
809,0.72,0.06323397960977438,0.1239939,0.06323398,6.063564e+07,0.3826192,9.589091e+08,0.0,0.0,121842021.46227832,15905564.69934839,0.1305425,0.09003492475990421,0.08434165816346886,0.011010172719308514
810,0.72,0.06323397960977438,0.1239939,0.06323398,6.063564e+07,0.3826192,9.589091e+08,0.03486477305829661,1.4969995682518031e-07,66047060.56808859,10510732.856354348,0.1591401,0.04880534693608733,0.05148115564770548,0.007275763979870596
811,0.72,0.06323397960977438,0.1239939,0.06323398,6.063564e+07,0.3826192,9.589091e+08,0.0,0.0,113971294.22751923,14718688.414563268,0.1291438,0.0842188661794361,0.07889337211268731,0.010188591521850575
812,0.72,0.06323397960977438,0.1239939,0.06323398,6.063564e+07,0.3826192,9.589091e+08,0.03021188277326633,1.5285136533340225e-07,69851509.99505,12486683.203947393,0.1787604,0.05161663743995818,0.053345712040195795,0.008643559351654367
813,0.72,0.06323397960977438,0.1239939,0.06323398,6.063564e+07,0.3826192,9.589091e+08,0.0,0.0,204460938.11253056,26411291.969814654,0.1291752,0.15108601251334572,0.1415322426787547,0.018282462259240524
814,0.72,0.06323397960977438,0.1239939,0.06323398,6.063564e+07,0.3826192,9.589091e+08,0.0003576644771752245,0.0,153202894.9061857,26204001.12020028,0.1710412,0.11320898119002706,0.10610943659459185,0.018138971091179075
815,0.72,0.06323397960977438,0.1239939,0.06323398,6.063564e+07,0.3826192,9.589091e+08,0.0,0.0,346956807.9915674,52112212.90793787,0.150198,0.25638305838621117,0.24017093729992592,0.03607319046806808
816,0.72,0.06323397960977438,0.1239939,0.06323398,6.063564e+07,0.3826192,9.589091e+08,0.02688914967341681,0.010883555057441974,986247.8433028609,81641.22735295861,0.08277963,0.0007287859254196788,0.005126566754353975,0.0007447243056173022
817,0.72,0.06323397960977438,0.1239939,0.06323398,6.063564e+07,0.3826192,9.589091e+08,0.0,0.0,23384905.831843384,2289475.168991212,0.09790397,0.01728023067755244,0.016187532923235888,0.0015848237722860588
818,0.72,0.06323397960977438,0.1239939,0.06323398,6.063564e+07,0.3826192,9.589091e+08,1.2211129567978358e-07,0.0,245273957.55989027,35743546.76610854,0.1457291,0.1812447138469835,0.16978390948806138,0.024742449006646003
819,0.72,0.06323397960977438,0.1239939,0.06323398,6.063564e+07,0.3826192,9.589091e+08,0.0,0.0,308461880.3314469,39210160.69917359,0.1271151,0.22793730646974347,0.21352392348012883,0.02714211345589195
820,0.72,0.06323397960977438,0.1239939,0.06323398,6.063564e+07,0.3826192,9.589091e+08,1.5485345385566252e-05,0.0,59496207.76190702,7416354.485099805,0.1246526,0.04396460699727758,0.041187109137478535,0.005133759496883026
821,0.72,0.06323397960977438,0.1239939,0.06323398,6.063564e+07,0.3826192,9.589091e+08,0.0,0.0,63005153.65733705,8656759.927435987,0.1373976,0.04655753574131871,0.04361351747557082,0.005992394724254182
822,0.72,0.06323397960977438,0.1239939,0.06323398,6.063564e+07,0.3826192,9.589091e+08,7.632499409062615e-08,0.0,398332392.0764879,42205934.27378218,0.1059566,0.29434694631312003,0.2757342301256908,0.029215852119551723
823,0.72,0.06323397960977438,0.1239939,0.06323398,6.063564e+07,0.3826192,9.589091e+08,0.00033556973773482166,0.0,234550404.02446127,40166173.63454435,0.1712475,0.17332056482077857,0.16241627406033654,0.027803886095800572
824,0.72,0.06323397960977438,0.1239939,0.06323398,6.063564e+07,0.3826192,9.589091e+08,0.001985372677915098,0.0,209665167.57656625,37686769.42845786,0.1797474,0.15493166775284611,0.14546283663015433,0.02608758937411859
825,0.72,0.06323397960977438,0.1239939,0.06323398,6.063564e+07,0.3826192,9.589091e+08,0.0,0.0,637094873.5488933,87801277.84718233,0.1378151,0.47078001757098153,0.4410107235392089,0.060777925986688006
826,0.72,0.06323397960977438,0.1239939,0.06323398,6.063564e+07,0.3826192,9.589091e+08,2.0127917100854096e-05,0.0,272743138.23030156,38240458.73482304,0.1402069,0.20154301147201414,0.18880197125643405,0.026470864976786412
827,0.72,0.06323397960977438,0.1239939,0.06323398,6.063564e+07,0.3826192,9.589091e+08,0.05448283037684151,0.0009626483456800981,28650507.25001071,3094358.1980234366,0.1080036,0.02117123660318143,0.028836659880793175,0.0022028531383828146
828,0.72,0.06323397960977438,0.1239939,0.06323398,6.063564e+07,0.3826192,9.589091e+08,0.0,0.0,67701383.3715501,11434292.340074113,0.168893,0.0500278055538177,0.046864348317505834,0.00791506217898946
829,0.72,0.06323397960977438,0.1239939,0.06323398,6.063564e+07,0.3826192,9.589091e+08,0.002025020908438748,0.0,149788560.51560658,19023072.184879795,0.1269995,0.11068596543346301,0.10402151865743335,0.013168178204699682
830,0.72,0.06323397960977438,0.1239939,0.06323398,6.063564e+07,0.3826192,9.589091e+08,0.040544753873633134,0.0016013991891314328,2396596.482735301,399917.71553179616,0.166869,0.0017709603092043863,0.008359648735659057,0.00037809445605147305
831,0.72,0.06323397960977438,0.1239939,0.06323398,6.063564e+07,0.3826192,9.589091e+08,0.0,0.0,108092119.17124982,15122908.579647819,0.1399076,0.07987446120741748,0.07482368115608592,0.010468401382005405
832,0.72,0.06323397960977438,0.1239939,0.06323398,6.063564e+07,0.3826192,9.589091e+08,0.0020772756627074032,0.0,207883548.22817114,32824851.4746781,0.1579002,0.15361514360084652,0.14424474998729148,0.022722065582283953
833,0.72,0.06323397960977438,0.1239939,0.06323398,6.063564e+07,0.3826192,9.589091e+08,0.0,0.0,475490748.8004644,61011701.99973955,0.1283131,0.3513629639305872,0.3291448854337705,0.04223360752124902
834,0.72,0.06323397960977438,0.1239939,0.06323398,6.063564e+07,0.3826192,9.589091e+08,0.0,0.0,125224653.01288952,15371462.803643063,0.1227511,0.0925345137645404,0.08668318820795307,0.010640455942030768
835,0.72,0.06323397960977438,0.1239939,0.06323398,6.063564e+07,0.3826192,9.589091e+08,0.00029901018418513,0.0,60729023.515380666,8603140.04869092,0.1416644,0.04487559380030915,0.042087347663569016,0.005955277895186444
836,0.72,0.06323397960977438,0.1239939,0.06323398,6.063564e+07,0.3826192,9.589091e+08,0.03177661441129097,4.344650743679859e-06,73861928.55004987,8490776.180401415,0.1149547,0.05458012843035451,0.056380406795025304,0.0058777719473095185
837,0.72,0.06323397960977438,0.1239939,0.06323398,6.063564e+07,0.3826192,9.589091e+08,0.0,0.0,70241045.95814037,7978774.682570961,0.1135913,0.05190448428218229,0.04862235718142692,0.0055230788094654155
838,0.72,0.06323397960977438,0.1239939,0.06323398,6.063564e+07,0.3826192,9.589091e+08,0.0,0.0,182504909.7970713,20218664.566373307,0.1107842,0.1348616480971602,0.1263338093912438,0.01399579287107316
839,0.72,0.06323397960977438,0.1239939,0.06323398,6.063564e+07,0.3826192,9.589091e+08,1.1067171227164078e-08,0.0,524027598.76753336,64278765.60061778,0.1226629,0.3872291748028415,0.3627431348880771,0.04449513895446554
840,0.72,0.06323397960977438,0.1239939,0.06323398,6.063564e+07,0.3826192,9.589091e+08,7.535316054263748e-07,0.0,213212565.53805643,27677414.76893521,0.1298114,0.15755301057630777,0.14759043125129562,0.01915889959206548
841,0.72,0.06323397960977438,0.1239939,0.06323398,6.063564e+07,0.3826192,9.589091e+08,0.002633373414945431,0.0,137719060.08383068,15808664.249299351,0.1147892,0.1017672315662561,0.09576729187110147,0.01094309615134093
842,0.72,0.06323397960977438,0.1239939,0.06323398,6.063564e+07,0.3826192,9.589091e+08,5.1265954136025164e-05,0.0,213154961.06822067,29051479.388186797,0.1362928,0.15751044386537133,0.147558904193897,0.020110056565830182
843,0.72,0.06323397960977438,0.1239939,0.06323398,6.063564e+07,0.3826192,9.589091e+08,0.013479161013683011,0.0,61420574.16556218,7892081.641967804,0.1284925,0.04538661380809877,0.04474428595017859,0.005463068029047045
844,0.72,0.06323397960977438,0.1239939,0.06323398,6.063564e+07,0.3826192,9.589091e+08,4.659662614063785e-18,0.0,137912257.3164884,16331196.81935719,0.1184173,0.10190999428553306,0.09546581978484944,0.011304804393490714
845,0.72,0.06323397960977438,0.1239939,0.06323398,6.063564e+07,0.3826192,9.589091e+08,0.0,0.0,561407652.8140792,65986267.01821158,0.1175372,0.41485109303114215,0.3886184074733183,0.04567710802513563
846,0.72,0.06323397960977438,0.1239939,0.06323398,6.063564e+07,0.3826192,9.589091e+08,0.0013460345762250341,0.0,149277010.07478526,22884477.454442486,0.1533021,0.11030795623025473,0.10355519905829272,0.015841125676905744
847,0.72,0.06323397960977438,0.1239939,0.06323398,6.063564e+07,0.3826192,9.589091e+08,2.96296178455917e-07,0.0,335821322.6022342,51983925.02273096,0.1547964,0.2481545131178284,0.2324627646629756,0.035984386844894564
848,0.72,0.06323397960977438,0.1239939,0.06323398,6.063564e+07,0.3826192,9.589091e+08,0.011699979686750638,4.967945776508755e-06,71826722.91938516,8314740.017658244,0.1157611,0.05307621718833231,0.051653606750317146,0.005755955356670752
849,0.72,0.06323397960977438,0.1239939,0.06323398,6.063564e+07,0.3826192,9.589091e+08,1.0377353915364195e-08,0.0,100149127.4152661,13777777.78686291,0.1375726,0.07400500289955494,0.06932537377020799,0.009537273022933127
850,0.72,0.06323397960977438,0.1239939,0.06323398,6.063564e+07,0.3826192,9.589091e+08,0.0,0.0,49100552.0337015,5915938.999889558,0.1204862,0.03628275741791368,0.033988454275162935,0.0040951397461761125
851,0.72,0.06323397960977438,0.1239939,0.06323398,6.063564e+07,0.3826192,9.589091e+08,0.0008577181484192107,0.0,253476490.18929705,41273667.238765314,0.1628304,0.18730595937841898,0.17560360989444898,0.028570516900710118
852,0.72,0.06323397960977438,0.1239939,0.06323398,6.063564e+07,0.3826192,9.589091e+08,5.3136994515905176e-05,0.0,211426071.1341534,31749374.88045779,0.1501677,0.15623288401152327,0.14636243875334143,0.021977597637777433
853,0.72,0.06323397960977438,0.1239939,0.06323398,6.063564e+07,0.3826192,9.589091e+08,0.0,0.0,90371046.95917535,12085576.316263532,0.1337328,0.06677950936625061,0.06255677523263438,0.008365894903429436
854,0.72,0.06323397960977438,0.1239939,0.06323398,6.063564e+07,0.3826192,9.589091e+08,0.0,0.0,379021800.850792,63604130.62509722,0.1678113,0.28007742248867273,0.2623670124658658,0.044028142167908686
855,0.72,0.06323397960977438,0.1239939,0.06323398,6.063564e+07,0.3826192,9.589091e+08,0.030990687668557112,7.267973506537757e-06,38706824.64856258,5374812.970037056,0.1388596,0.028602332783907936,0.031915403502175047,0.0037210202956126565
856,0.72,0.06323397960977438,0.1239939,0.06323398,6.063564e+07,0.3826192,9.589091e+08,0.0,0.0,327136066.6131922,56997955.85884443,0.1742332,0.24173656009875444,0.22645059538653278,0.03945520643345088
857,0.72,0.06323397960977438,0.1239939,0.06323398,6.063564e+07,0.3826192,9.589091e+08,8.644892563234874e-06,0.0,260964791.35507733,43930662.57342522,0.1683394,0.192839424959087,0.1806468494009309,0.030409746007124736
858,0.72,0.06323397960977438,0.1239939,0.06323398,6.063564e+07,0.3826192,9.589091e+08,0.0,0.0,372844485.47348154,42521301.1043129,0.1140457,0.27551270730634514,0.25809094239030195,0.02943415579752339
859,0.72,0.06323397960977438,0.1239939,0.06323398,6.063564e+07,0.3826192,9.589091e+08,0.0,0.0,229319950.83990684,27076405.52086074,0.1180726,0.16945553161400964,0.1587401839831659,0.01874286811174509
860,0.72,0.06323397960977438,0.1239939,0.06323398,6.063564e+07,0.3826192,9.589091e+08,8.847682015830835e-06,0.0,361237467.1737549,47517718.05828794,0.1315415,0.26693572371102403,0.2500577778226499,0.03289278267942217
861,0.72,0.06323397960977438,0.1239939,0.06323398,6.063564e+07,0.3826192,9.589091e+08,0.0,0.0,140567369.77119365,15661307.412707556,0.111415,0.1038719844693752,0.09730374552141192,0.010841092591397343
862,0.72,0.06323397960977438,0.1239939,0.06323398,6.063564e+07,0.3826192,9.589091e+08,0.0015672628016226442,0.0,127512534.70961294,17449052.421986092,0.1368419,0.09422513949408666,0.08852592435341604,0.012078607995741638
863,0.72,0.06323397960977438,0.1239939,0.06323398,6.063564e+07,0.3826192,9.589091e+08,1.6964060790018274e-06,0.0,380582695.60155284,60058917.1228208,0.1578078,0.2812308426285905,0.26344777761858895,0.04157406941257374
864,0.72,0.06323397960977438,0.1239939,0.06323398,6.063564e+07,0.3826192,9.589091e+08,9.033810686634593e-05,0.0,192777484.00552925,22638643.392050687,0.1174341,0.1424525468269173,0.13345963521198728,0.015670954071031615
865,0.72,0.06323397960977438,0.1239939,0.06323398,6.063564e+07,0.3826192,9.589091e+08,0.0006522937934613559,0.0,122799459.88054587,18565917.072453585,0.1511889,0.09074242201673238,0.08511221960362171,0.01285172563967169
866,0.72,0.06323397960977438,0.1239939,0.06323398,6.063564e+07,0.3826192,9.589091e+08,0.05406635770309752,6.650537688940842e-06,30526949.643631037,6136983.741562518,0.2010349,0.022557830060006223,0.03006674470124658,0.004248572193012161
867,0.72,0.06323397960977438,0.1239939,0.06323398,6.063564e+07,0.3826192,9.589091e+08,0.024692819590885536,0.0,61527705.336395934,8197428.951358701,0.1332315,0.04546577817840137,0.04667168204725991,0.0056744359797811445
868,0.72,0.06323397960977438,0.1239939,0.06323398,6.063564e+07,0.3826192,9.589091e+08,0.005002333194052067,0.0,68982390.26460318,7967861.465466791,0.1155057,0.05097440310570304,0.04857780483036275,0.0055155244467306455
869,0.72,0.06323397960977438,0.1239939,0.06323398,6.063564e+07,0.3826192,9.589091e+08,0.0003482064543542606,3.05299567448749e-08,300181767.682862,32704095.571356393,0.1089476,0.22181873333404026,0.20784979879557502,0.02263847768890207
870,0.72,0.06323397960977438,0.1239939,0.06323398,6.063564e+07,0.3826192,9.589091e+08,0.044682029790141214,0.0002465508030825804,52010544.34256644,5342992.599665215,0.102729,0.038433090574210405,0.04338723805291065,0.0037141243589407886
871,0.72,0.06323397960977438,0.1239939,0.06323398,6.063564e+07,0.3826192,9.589091e+08,0.022504984298653365,0.0,34679699.227639064,4234705.896348125,0.1221091,0.02562649628743451,0.027725341899562758,0.002931354165386981
872,0.72,0.06323397960977438,0.1239939,0.06323398,6.063564e+07,0.3826192,9.589091e+08,0.0,0.0,579856317.2625504,89607177.92128983,0.1545334,0.42848369774012646,0.4013889683341066,0.06202800871594502
873,0.72,0.06323397960977438,0.1239939,0.06323398,6.063564e+07,0.3826192,9.589091e+08,0.0,0.0,89046475.4574649,12701076.703426678,0.1426342,0.06580071983153712,0.06163987845540123,0.008791957460752226
874,0.72,0.06323397960977438,0.1239939,0.06323398,6.063564e+07,0.3826192,9.589091e+08,0.0,0.0,325172955.85992235,43700977.61141758,0.134393,0.24028592322614864,0.22509168805635052,0.03025075315458958
875,0.72,0.06323397960977438,0.1239939,0.06323398,6.063564e+07,0.3826192,9.589091e+08,8.009404327887473e-05,0.0,156522190.08773345,26032100.675578587,0.1663157,0.11566176790794186,0.10836125086448062,0.018019977919821364
876,0.72,0.06323397960977438,0.1239939,0.06323398,6.063564e+07,0.3826192,9.589091e+08,0.0011506365746773264,0.0,251856173.58044738,26463113.763922893,0.1050723,0.18610862957205027,0.1745304015021808,0.018318334415592167
877,0.72,0.06323397960977438,0.1239939,0.06323398,6.063564e+07,0.3826192,9.589091e+08,0.015464685181035128,0.0,89745448.99189398,13563745.380226087,0.1511357,0.06631722496520294,0.06467951110112258,0.009389115204638422
878,0.72,0.06323397960977438,0.1239939,0.06323398,6.063564e+07,0.3826192,9.589091e+08,0.040288642399193206,0.0009542309652096944,4396008.707950581,770318.9247947801,0.1752314,0.0032484220838928726,0.009701358178405431,0.0005935710880172519
879,0.72,0.06323397960977438,0.1239939,0.06323398,6.063564e+07,0.3826192,9.589091e+08,0.0004685252929441125,0.0,130881437.62190405,15984557.930837145,0.1221301,0.09671458374814032,0.09067636707873923,0.011064853526861556
880,0.72,0.06323397960977438,0.1239939,0.06323398,6.063564e+07,0.3826192,9.589091e+08,0.0005669314063049057,0.0,174270315.35226226,22438302.042243965,0.1287557,0.1287767105495979,0.1207273412022286,0.015532273495655266
881,0.72,0.06323397960977438,0.1239939,0.06323398,6.063564e+07,0.3826192,9.589091e+08,1.6944540399758921e-06,0.0,187926889.26628578,27093395.645245045,0.1441699,0.13886820927943347,0.13008729980122044,0.018754629039918955
882,0.72,0.06323397960977438,0.1239939,0.06323398,6.063564e+07,0.3826192,9.589091e+08,0.005678129234165524,0.004294653668333328,100675.57610192499,12599.942341735574,0.1251539,7.439402113254575e-05,0.0010080920574346128,0.0002802899925828515
883,0.72,0.06323397960977438,0.1239939,0.06323398,6.063564e+07,0.3826192,9.589091e+08,0.024310905945453126,0.01385056308011466,45054.117260146624,4694.634629522723,0.1041999,3.329265231287268e-05,0.0040489560063371325,0.0008790759500819961
884,0.72,0.06323397960977438,0.1239939,0.06323398,6.063564e+07,0.3826192,9.589091e+08,0.0005309967274824711,0.0,38270772.56075084,4863982.711234861,0.1270939,0.0282801129418013,0.026579604614238892,0.0033669530611899787
885,0.72,0.06323397960977438,0.1239939,0.06323398,6.063564e+07,0.3826192,9.589091e+08,0.00026882505665583805,0.0,195538333.63136786,25944898.093008988,0.1326845,0.14449267128769494,0.13540025232606728,0.017959614423535032
886,0.72,0.06323397960977438,0.1239939,0.06323398,6.063564e+07,0.3826192,9.589091e+08,0.0,0.0,95037775.98833244,16305214.427176727,0.1715656,0.07022797970491042,0.06578718506821446,0.011286818824856397
887,0.72,0.06323397960977438,0.1239939,0.06323398,6.063564e+07,0.3826192,9.589091e+08,0.0,0.0,369454157.6272154,57256936.57088171,0.1549771,0.27300743113900505,0.25574408480504435,0.03963447843192426
888,0.72,0.06323397960977438,0.1239939,0.06323398,6.063564e+07,0.3826192,9.589091e+08,0.013944671184252178,0.008458976069878875,234192.19743059686,24389.966907338745,0.1041451,0.00017305586875500403,0.002466694261441335,0.0005517779780590632
889,0.72,0.06323397960977438,0.1239939,0.06323398,6.063564e+07,0.3826192,9.589091e+08,1.628431332593146,1.7719591284351675,233.87327543201712,24.37468326488715,0.1042218,1.728202019645011e-07,0.2691246551940375,0.11204804426950102
890,0.72,0.06323397960977438,0.1239939,0.06323398,6.063564e+07,0.3826192,9.589091e+08,6.311802067919141e-08,0.0,472745222.4874673,65195021.91623117,0.1379073,0.34933416260202776,0.3272443837183226,0.04512939121024832
891,0.72,0.06323397960977438,0.1239939,0.06323398,6.063564e+07,0.3826192,9.589091e+08,9.260907209032886e-05,0.0,225406824.9165712,40615231.88668358,0.1801863,0.1665639348245339,0.15604673950616205,0.028114733840633316
892,0.72,0.06323397960977438,0.1239939,0.06323398,6.063564e+07,0.3826192,9.589091e+08,8.92509350917549e-05,0.0,58112704.867147446,8790562.42388066,0.1512675,0.042942270224300194,0.040241609738385316,0.006085015679497027
893,0.72,0.06323397960977438,0.1239939,0.06323398,6.063564e+07,0.3826192,9.589091e+08,2.1533126782401668e-10,0.0,73340262.33020611,8117684.643502843,0.1106852,0.05419464419191418,0.050767701201710654,0.005619235261072259
894,0.72,0.06323397960977438,0.1239939,0.06323398,6.063564e+07,0.3826192,9.589091e+08,0.0,0.0,90591698.16350459,10740265.89239782,0.1185568,0.06694255914449247,0.06270951472452352,0.0074346421998737755
895,0.72,0.06323397960977438,0.1239939,0.06323398,6.063564e+07,0.3826192,9.589091e+08,0.00026832613745103595,0.0,212811422.23651966,28921658.000434402,0.1359028,0.1572565865139166,0.14735697194270264,0.020020191419333828
896,0.72,0.06323397960977438,0.1239939,0.06323398,6.063564e+07,0.3826192,9.589091e+08,0.0038435335757839775,0.0,205916283.61664784,23984641.4521962,0.1164776,0.15216143724276415,0.1431748698219672,0.016602682771155255
897,0.72,0.06323397960977438,0.1239939,0.06323398,6.063564e+07,0.3826192,9.589091e+08,0.0,0.0,149793337.9276728,25433506.253065936,0.1697906,0.11068949569281662,0.10369015837916083,0.01760561803350126
898,0.72,0.06323397960977438,0.1239939,0.06323398,6.063564e+07,0.3826192,9.589091e+08,0.027336856788227584,6.143649976638785e-05,56754196.4699918,5851424.716470295,0.1031012,0.04193840308670946,0.043804326632555096,0.004054366451114281
899,0.72,0.06323397960977438,0.1239939,0.06323398,6.063564e+07,0.3826192,9.589091e+08,1.2881232626270148e-05,0.0,43780141.14690187,4490613.96953783,0.1025719,0.03235125014205087,0.030307680681280008,0.0031084992174076446
900,0.72,0.06323397960977438,0.1239939,0.06323398,6.063564e+07,0.3826192,9.589091e+08,0.020622519746749068,0.022284046353661043,20302.85643810787,2540.3408562110576,0.1251223,1.5002756273065512e-05,0.003422257455734652,0.0014108674111273564
901,0.72,0.06323397960977438,0.1239939,0.06323398,6.063564e+07,0.3826192,9.589091e+08,0.0,0.0,417211681.69411284,49752304.52313818,0.1192495,0.30829776065322473,0.28880286634233965,0.03443961131451226
902,0.72,0.06323397960977438,0.1239939,0.06323398,6.063564e+07,0.3826192,9.589091e+08,1.5111442572347166e-05,0.0,286378489.3131252,37010783.448972024,0.1292373,0.21161882763201592,0.19823982440964796,0.025619657393666815
903,0.72,0.06323397960977438,0.1239939,0.06323398,6.063564e+07,0.3826192,9.589091e+08,8.092379507155111e-05,0.0,77678026.00923486,13613909.046080645,0.1752607,0.05740002622497993,0.05378376809697069,0.009423839569081454
904,0.72,0.06323397960977438,0.1239939,0.06323398,6.063564e+07,0.3826192,9.589091e+08,0.010269481592996186,0.0047126130630004886,41009.52963216537,5132.084273735532,0.1251437,3.0303912152460356e-05,0.0017255848335046532,0.00030154981704233073
905,0.72,0.06323397960977438,0.1239939,0.06323398,6.063564e+07,0.3826192,9.589091e+08,0.0,0.0,624071038.0007395,84821492.65818022,0.1359164,0.46115607962584143,0.43199534548985746,0.05871525482615419
906,0.72,0.06323397960977438,0.1239939,0.06323398,6.063564e+07,0.3826192,9.589091e+08,0.0,0.0,113588234.36701764,16180007.982729485,0.1424444,0.08393580484062306,0.07862820986880109,0.01120014824100777
907,0.72,0.06323397960977438,0.1239939,0.06323398,6.063564e+07,0.3826192,9.589091e+08,0.0,0.0,185262101.39350873,27437495.81465789,0.148101,0.13689906946422722,0.12824239649712918,0.01899282255078084
908,0.72,0.06323397960977438,0.1239939,0.06323398,6.063564e+07,0.3826192,9.589091e+08,0.0,0.0,462289834.66686815,54212176.055437386,0.1172688,0.3416081741091768,0.32000692979302486,0.037526829958095094
909,0.72,0.06323397960977438,0.1239939,0.06323398,6.063564e+07,0.3826192,9.589091e+08,0.0,0.0,240030156.84765026,33572157.70953969,0.1398664,0.1773698175105941,0.16615401808673982,0.023239366971802004
910,0.72,0.06323397960977438,0.1239939,0.06323398,6.063564e+07,0.3826192,9.589091e+08,0.05112905536149681,0.02475323251012556,298463.0214524473,37351.35122850762,0.1251457,0.00022054866915027533,0.008656502007765047,0.0015911008055298453
911,0.72,0.06323397960977438,0.1239939,0.06323398,6.063564e+07,0.3826192,9.589091e+08,0.06741783833609502,6.494926625316492e-05,26280914.440487124,4389597.104822193,0.167026,0.019420230605770947,0.029334095262708356,0.003042680179576648
912,0.72,0.06323397960977438,0.1239939,0.06323398,6.063564e+07,0.3826192,9.589091e+08,0.0,0.0,607538832.5164702,73589868.05390383,0.1211278,0.44893963854067537,0.4205513985911748,0.050940483596775304
913,0.72,0.06323397960977438,0.1239939,0.06323398,6.063564e+07,0.3826192,9.589091e+08,0.001360452768573266,0.0,159699947.8417334,29223429.163142998,0.1829896,0.11800996581908013,0.11077256276822342,0.020229083884702525
914,0.72,0.06323397960977438,0.1239939,0.06323398,6.063564e+07,0.3826192,9.589091e+08,2.1579127675395735e-06,0.0,382884456.0013465,69462059.47186598,0.1814178,0.2829317239987745,0.26504118176230207,0.04808312604301662
915,0.72,0.06323397960977438,0.1239939,0.06323398,6.063564e+07,0.3826192,9.589091e+08,0.039100052965314235,0.0027953041643094876,3424444.0783838597,386671.855247745,0.1129152,0.0025304862907026254,0.008832386783856373,0.0004444207505786655
916,0.72,0.06323397960977438,0.1239939,0.06323398,6.063564e+07,0.3826192,9.589091e+08,0.0,0.0,443684303.1718119,64037965.27555757,0.1443323,0.3278596528012466,0.3071277822011449,0.04432845180943841
917,0.72,0.06323397960977438,0.1239939,0.06323398,6.063564e+07,0.3826192,9.589091e+08,0.0,0.0,41762202.32105683,7611475.924452008,0.1822575,0.030860098171863828,0.028908691353308553,0.005268826738387243
918,0.72,0.06323397960977438,0.1239939,0.06323398,6.063564e+07,0.3826192,9.589091e+08,0.0,0.0,190010328.82698384,25508995.068877507,0.1342506,0.14040776289023213,0.13152922127457714,0.017657873009427734
919,0.72,0.06323397960977438,0.1239939,0.06323398,6.063564e+07,0.3826192,9.589091e+08,0.0020068328355308095,0.0,198633929.3431979,29245315.155967437,0.1472322,0.14678015571758835,0.13783032377724902,0.020244233837922385
920,0.72,0.06323397960977438,0.1239939,0.06323398,6.063564e+07,0.3826192,9.589091e+08,0.0026816499592195423,2.5430984824907167e-06,98011848.13314821,10213275.366996903,0.1042045,0.07242566453133885,0.06828908736391881,0.007070008875745236
921,0.72,0.06323397960977438,0.1239939,0.06323398,6.063564e+07,0.3826192,9.589091e+08,0.006919682139962423,0.0,30746876.981392067,4003057.060408037,0.1301939,0.022720344938455532,0.022427235981250467,0.0027710018772326593
922,0.72,0.06323397960977438,0.1239939,0.06323398,6.063564e+07,0.3826192,9.589091e+08,0.0008216365565700347,0.0,12335430.39866305,2627305.7523142216,0.2129886,0.00911524229896748,0.008674637921531598,0.0018186773413079412
923,0.72,0.06323397960977438,0.1239939,0.06323398,6.063564e+07,0.3826192,9.589091e+08,0.0,0.0,87236916.72055154,10435111.21119804,0.1196181,0.06446354992273795,0.060387263121349864,0.007223407590501324
924,0.72,0.06323397960977438,0.1239939,0.06323398,6.063564e+07,0.3826192,9.589091e+08,0.0,0.0,123654977.07368472,15302577.586451882,0.1237522,0.09137460478250263,0.08559662488683467,0.01059277211857538
925,0.72,0.06323397960977438,0.1239939,0.06323398,6.063564e+07,0.3826192,9.589091e+08,0.0036373799760971094,0.0,14864969.538165519,2150162.4241852215,0.1446463,0.010984440325798043,0.010890986048269135,0.0014883885050504518
926,0.72,0.06323397960977438,0.1239939,0.06323398,6.063564e+07,0.3826192,9.589091e+08,0.0027006466890998806,3.7466427571972463e-07,143409261.18400356,15403767.205979222,0.1074112,0.10597199460099777,0.09971728899740512,0.010662841433080031
927,0.72,0.06323397960977438,0.1239939,0.06323398,6.063564e+07,0.3826192,9.589091e+08,0.08399410198094356,0.00011851933488150715,42215091.56132265,5455180.027938364,0.1292235,0.031194759795025815,0.043103568536529725,0.003783686961564426
928,0.72,0.06323397960977438,0.1239939,0.06323398,6.063564e+07,0.3826192,9.589091e+08,0.0,0.0,313364310.35721546,41476244.905735284,0.1323579,0.2315599476013782,0.21691749059631224,0.028710745502748075
929,0.72,0.06323397960977438,0.1239939,0.06323398,6.063564e+07,0.3826192,9.589091e+08,0.0,0.0,374824736.72137684,59247171.65389071,0.1580663,0.27697601011411377,0.25946171473816126,0.04101216180438913
930,0.72,0.06323397960977438,0.1239939,0.06323398,6.063564e+07,0.3826192,9.589091e+08,0.0,0.0,331381052.482616,36978656.52168429,0.1115895,0.24487338414987833,0.22938906556956848,0.025597418446162288
931,0.72,0.06323397960977438,0.1239939,0.06323398,6.063564e+07,0.3826192,9.589091e+08,1.744105807343483e-08,0.0,136042509.68289793,19212633.15533175,0.1412252,0.10052834790861011,0.09417154328916838,0.013299396370477931
932,0.72,0.06323397960977438,0.1239939,0.06323398,6.063564e+07,0.3826192,9.589091e+08,0.0,0.0,158518766.01148707,18717929.800881866,0.1180802,0.11713713380318225,0.10973008667272441,0.012956952107713865
933,0.72,0.06323397960977438,0.1239939,0.06323398,6.063564e+07,0.3826192,9.589091e+08,0.0018791782606144042,0.0,195421409.59123912,31546670.769784596,0.1614289,0.14440627049567528,0.1355854517914796,0.02183728150869859
934,0.72,0.06323397960977438,0.1239939,0.06323398,6.063564e+07,0.3826192,9.589091e+08,0.0,0.0,225587174.9565152,33753038.12183981,0.149623,0.16669720413574468,0.1561562765284186,0.023364576269215107
935,0.72,0.06323397960977438,0.1239939,0.06323398,6.063564e+07,0.3826192,9.589091e+08,0.0,0.0,232072376.49321115,38130331.013582245,0.1643036,0.17148943119666885,0.1606454720010869,0.026394632208257628
936,0.72,0.06323397960977438,0.1239939,0.06323398,6.063564e+07,0.3826192,9.589091e+08,0.04242905712575546,5.438235149846006e-07,70729084.88010998,11150673.608857391,0.1576533,0.052265119694268274,0.05597227292295879,0.0077187696038061885
937,0.72,0.06323397960977438,0.1239939,0.06323398,6.063564e+07,0.3826192,9.589091e+08,0.01233087470026625,0.0,112405703.11777057,14327615.310104152,0.1274634,0.08306197567417938,0.07984751195304539,0.009917882338784132
938,0.72,0.06323397960977438,0.1239939,0.06323398,6.063564e+07,0.3826192,9.589091e+08,0.0,0.0,412037602.0862225,53501814.161165245,0.1298469,0.30447438459127735,0.28522125756433386,0.037035102232799565
939,0.72,0.06323397960977438,0.1239939,0.06323398,6.063564e+07,0.3826192,9.589091e+08,1.94468565401879e-06,0.0,379500677.72084725,63811709.91948186,0.1681465,0.28043128762031805,0.2626988226876033,0.044171833003621076
940,0.72,0.06323397960977438,0.1239939,0.06323398,6.063564e+07,0.3826192,9.589091e+08,0.03714093524283546,2.620473153689832e-09,47228133.01407396,7885906.632719092,0.1669748,0.034899137025474834,0.03883046317522598,0.00545879372102606
941,0.72,0.06323397960977438,0.1239939,0.06323398,6.063564e+07,0.3826192,9.589091e+08,1.282288747947298e-06,0.0,230155903.2909271,39121269.814948976,0.1699773,0.1700732570516475,0.15931906010193447,0.02708058128102203
942,0.72,0.06323397960977438,0.1239939,0.06323398,6.063564e+07,0.3826192,9.589091e+08,3.0834196149386207e-06,0.0,259841633.71472272,41927438.01698426,0.1613577,0.1920094698054445,0.1798684564916138,0.029023071042803685
943,0.72,0.06323397960977438,0.1239939,0.06323398,6.063564e+07,0.3826192,9.589091e+08,4.9857011861139025e-05,0.0,162787954.6659072,23329999.724153113,0.1433153,0.12029184245520141,0.11269355021600903,0.016149525738930158
944,0.72,0.06323397960977438,0.1239939,0.06323398,6.063564e+07,0.3826192,9.589091e+08,0.00020939801816326746,0.0,64614882.309510484,8187273.495525449,0.1267088,0.04774704159769658,0.044762412536413436,0.005667406155635888
945,0.72,0.06323397960977438,0.1239939,0.06323398,6.063564e+07,0.3826192,9.589091e+08,0.0,0.0,223960673.59588304,36839970.466594785,0.164493,0.16549530411907648,0.15503037743289738,0.025501416986977533
946,0.72,0.06323397960977438,0.1239939,0.06323398,6.063564e+07,0.3826192,9.589091e+08,0.0074777595334890035,0.0008020799752374058,88625.15983267497,9234.72778778204,0.1041998,6.548938947011598e-05,0.0012971683797002513,5.711118526181411e-05
947,0.72,0.06323397960977438,0.1239939,0.06323398,6.063564e+07,0.3826192,9.589091e+08,0.012659800223532644,0.0,107164966.07994376,16874734.758526597,0.157465,0.07918934323403834,0.07627412171164608,0.011681053002255757
948,0.72,0.06323397960977438,0.1239939,0.06323398,6.063564e+07,0.3826192,9.589091e+08,0.0,0.0,153350178.36845654,18914997.81229918,0.1233451,0.11331781601798534,0.10615227955047989,0.013093366808113918
949,0.72,0.06323397960977438,0.1239939,0.06323398,6.063564e+07,0.3826192,9.589091e+08,1.618372866459142e-05,0.0,221780324.04350695,26839833.513756182,0.1210199,0.16388413905843074,0.15352376737254295,0.018579107899013923
950,0.72,0.06323397960977438,0.1239939,0.06323398,6.063564e+07,0.3826192,9.589091e+08,0.011258245966071428,0.0,32315151.45760999,4215510.021329207,0.13045,0.023879218312145192,0.024229846697062483,0.0029180663693576334
951,0.72,0.06323397960977438,0.1239939,0.06323398,6.063564e+07,0.3826192,9.589091e+08,0.0,0.0,29511886.903979205,3547268.6956032324,0.120198,0.021807751422978444,0.020428760514162796,0.0024554954041957297
952,0.72,0.06323397960977438,0.1239939,0.06323398,6.063564e+07,0.3826192,9.589091e+08,0.0,0.0,261125471.2318256,45126986.043719016,0.1728173,0.19295815904146546,0.18075664674709782,0.031237866748832003
953,0.72,0.06323397960977438,0.1239939,0.06323398,6.063564e+07,0.3826192,9.589091e+08,0.010163049744003914,0.0,112425598.14225622,27173981.587764192,0.2417064,0.08307667706382446,0.07950301574218012,0.01881041235617684
954,0.72,0.06323397960977438,0.1239939,0.06323398,6.063564e+07,0.3826192,9.589091e+08,0.0,0.0,459208098.69105786,55120434.58870338,0.1200337,0.3393309313042561,0.317873686113197,0.03815554597755551
955,0.72,0.06323397960977438,0.1239939,0.06323398,6.063564e+07,0.3826192,9.589091e+08,0.0,0.0,165914367.98933938,19477505.077501446,0.1173949,0.12260209949924368,0.11484948083939298,0.013482746390845523
956,0.72,0.06323397960977438,0.1239939,0.06323398,6.063564e+07,0.3826192,9.589091e+08,6.47148105260992e-06,0.0,319777137.40307987,56412841.791708164,0.176413,0.23629869367308085,0.22135765641196714,0.039050177937987825
957,0.72,0.06323397960977438,0.1239939,0.06323398,6.063564e+07,0.3826192,9.589091e+08,0.00047260805931256556,0.0,197459254.21923175,27174962.84468606,0.1376231,0.14591213181963975,0.13676363314150408,0.01881109160324515
958,0.72,0.06323397960977438,0.1239939,0.06323398,6.063564e+07,0.3826192,9.589091e+08,0.0,0.0,66130285.66198016,7640022.234485892,0.1155299,0.04886684595733415,0.04577680081647409,0.005288587105900939
959,0.72,0.06323397960977438,0.1239939,0.06323398,6.063564e+07,0.3826192,9.589091e+08,0.0,0.0,95519537.23418795,12031724.53696016,0.1259609,0.07058397624044285,0.06612067052607788,0.008328617547825927
960,0.72,0.06323397960977438,0.1239939,0.06323398,6.063564e+07,0.3826192,9.589091e+08,0.0,0.0,111959989.30612059,16249038.146085387,0.1451325,0.08273261632003587,0.07750110374659143,0.011247932399304376
961,0.72,0.06323397960977438,0.1239939,0.06323398,6.063564e+07,0.3826192,9.589091e+08,3.8638420757802486e-05,0.0,13022991.322927045,2710164.6265217275,0.2081062,0.009623314106550911,0.009021179279616522,0.0018760340295863192
962,0.72,0.06323397960977438,0.1239939,0.06323398,6.063564e+07,0.3826192,9.589091e+08,0.0,0.0,325388287.0585681,54018820.403010055,0.1660134,0.24044504179653883,0.22524074492630514,0.03739298503213866
963,0.72,0.06323397960977438,0.1239939,0.06323398,6.063564e+07,0.3826192,9.589091e+08,0.02773073779263231,2.90614053278601e-48,86263061.7666956,11324647.238016466,0.1312804,0.0637439216988692,0.06429609070235413,0.007839163489801118
964,0.72,0.06323397960977438,0.1239939,0.06323398,6.063564e+07,0.3826192,9.589091e+08,4.1093345332908185e-08,0.0,221858211.49368286,27579108.853472717,0.1243096,0.1639416938382363,0.1535750149042143,0.019090850130821513
965,0.72,0.06323397960977438,0.1239939,0.06323398,6.063564e+07,0.3826192,9.589091e+08,0.0,0.0,182315944.26112035,28109625.893007893,0.1541808,0.13472201238193346,0.12620300339798649,0.019458085393839728
966,0.72,0.06323397960977438,0.1239939,0.06323398,6.063564e+07,0.3826192,9.589091e+08,0.0,0.0,20003873.29461884,2571329.6610954436,0.1285416,0.014781823260748015,0.013847109750082586,0.0017799294914755011
967,0.72,0.06323397960977438,0.1239939,0.06323398,6.063564e+07,0.3826192,9.589091e+08,0.0,0.0,131897897.94823243,14184550.331923272,0.1075419,0.09746569512912423,0.0913025513506767,0.009818849695201214
968,0.72,0.06323397960977438,0.1239939,0.06323398,6.063564e+07,0.3826192,9.589091e+08,0.015813979222278885,0.0,88317223.26524858,13132676.062779749,0.1486989,0.06526184034259563,0.06374858911170937,0.009090719785878281
969,0.72,0.06323397960977438,0.1239939,0.06323398,6.063564e+07,0.3826192,9.589091e+08,0.00017690126717132584,0.0,199759807.47000983,39814829.69336935,0.1993135,0.14761212116940675,0.13830725509150146,0.027560678290900833
970,0.72,0.06323397960977438,0.1239939,0.06323398,6.063564e+07,0.3826192,9.589091e+08,0.0,0.0,271116070.51175123,40660425.546138406,0.1499742,0.20034069294626397,0.18767235365349186,0.028146017860146033
971,0.72,0.06323397960977438,0.1239939,0.06323398,6.063564e+07,0.3826192,9.589091e+08,0.00020437504373863643,0.0,294469073.18214357,42494851.50835884,0.1443101,0.21759734884471824,0.2038715787908761,0.02941584682042546
972,0.72,0.06323397960977438,0.1239939,0.06323398,6.063564e+07,0.3826192,9.589091e+08,0.0012841149848703143,0.0,34720204.17262459,4932936.231236296,0.1420768,0.02565642733774382,0.024246290008412164,0.00341468416531426
973,0.72,0.06323397960977438,0.1239939,0.06323398,6.063564e+07,0.3826192,9.589091e+08,0.0,0.0,262605496.77125472,31944186.071514513,0.1216432,0.19405182103497148,0.1817811521404065,0.022112450118763328
974,0.72,0.06323397960977438,0.1239939,0.06323398,6.063564e+07,0.3826192,9.589091e+08,0.0,0.0,215923137.46281284,35420719.533271536,0.1640432,0.15955598242766786,0.14946662268821917,0.024518981078331743
975,0.72,0.06323397960977438,0.1239939,0.06323398,6.063564e+07,0.3826192,9.589091e+08,1.4460999181187438e-06,0.0,335535992.0778693,47154918.901444644,0.1405361,0.24794366868185644,0.23226544278334704,0.03264164532876729
976,0.72,0.06323397960977438,0.1239939,0.06323398,6.063564e+07,0.3826192,9.589091e+08,2.726124786321526e-07,0.0,408126034.7515384,53602504.142977946,0.1313381,0.30158393951785395,0.28251363188934736,0.037104801995858416
977,0.72,0.06323397960977438,0.1239939,0.06323398,6.063564e+07,0.3826192,9.589091e+08,0.0,0.0,486546313.9436615,62875171.41377592,0.1292275,0.3595324522885437,0.33679778453147774,0.043523540981236744
978,0.72,0.06323397960977438,0.1239939,0.06323398,6.063564e+07,0.3826192,9.589091e+08,0.0,0.0,43081081.15143274,5759953.702137115,0.1337003,0.03183468111816769,0.029821647541457802,0.003987163380521046
979,0.72,0.06323397960977438,0.1239939,0.06323398,6.063564e+07,0.3826192,9.589091e+08,3.0939913701758197e-06,0.0,168392319.42386585,23805913.367590122,0.1413717,0.12443317689182748,0.1165652832533533,0.016478963361093397
980,0.72,0.06323397960977438,0.1239939,0.06323398,6.063564e+07,0.3826192,9.589091e+08,0.0,0.0,150193473.27258307,19709386.45776829,0.1312267,0.11098517492761927,0.10396714063925895,0.013643259651165933
981,0.72,0.06323397960977438,0.1239939,0.06323398,6.063564e+07,0.3826192,9.589091e+08,0.006874089785216773,0.0016554913204322008,9272.01982481712,848.6552912632778,0.09152863,6.851541014182871e-06,0.0011424722915713346,0.00010527076177849873
982,0.72,0.06323397960977438,0.1239939,0.06323398,6.063564e+07,0.3826192,9.589091e+08,1.5873573416464686e-07,0.0,259027831.5524904,27973600.945748113,0.1079946,0.1914081122806211,0.1793046418451584,0.0193639260105186
983,0.72,0.06323397960977438,0.1239939,0.06323398,6.063564e+07,0.3826192,9.589091e+08,0.0,0.0,274961935.25782776,35946994.002519116,0.1307344,0.2031825872196364,0.1903345436423287,0.02488327954328443
984,0.72,0.06323397960977438,0.1239939,0.06323398,6.063564e+07,0.3826192,9.589091e+08,0.00029897159596478895,0.0,187640642.04083672,28207252.108938254,0.1503259,0.1386566874489785,0.12993828317135142,0.019525664352502532
985,0.72,0.06323397960977438,0.1239939,0.06323398,6.063564e+07,0.3826192,9.589091e+08,0.0,0.0,48615194.32755868,6504158.72611489,0.1337886,0.03592410328504756,0.033652479270421434,0.004502318045410631
986,0.72,0.06323397960977438,0.1239939,0.06323398,6.063564e+07,0.3826192,9.589091e+08,0.0017819721818411994,0.0,123077632.61848888,18466657.592285007,0.1500407,0.09094797722035076,0.08549147427369369,0.012783016100504583
987,0.72,0.06323397960977438,0.1239939,0.06323398,6.063564e+07,0.3826192,9.589091e+08,0.012290544774514233,0.0,35378529.717639044,5008591.42463038,0.1415715,0.026142895718697677,0.02652098676938674,0.003467054311368596
988,0.72,0.06323397960977438,0.1239939,0.06323398,6.063564e+07,0.3826192,9.589091e+08,0.0006125566234204436,0.0,166168417.6695628,19620656.621719528,0.1180769,0.12278982901628287,0.11512657431535134,0.013581838957294385
989,0.72,0.06323397960977438,0.1239939,0.06323398,6.063564e+07,0.3826192,9.589091e+08,0.009091332555258642,0.0,19685787.76942426,2506501.778316959,0.1273254,0.014546774580625983,0.015129413196594447,0.0017350542418436885
990,0.72,0.06323397960977438,0.1239939,0.06323398,6.063564e+07,0.3826192,9.589091e+08,0.002149124848199659,0.0,176244937.22541332,20588861.10707783,0.1168196,0.13023585354184922,0.12235569971375529,0.014252050849352564
991,0.72,0.06323397960977438,0.1239939,0.06323398,6.063564e+07,0.3826192,9.589091e+08,0.0,0.0,545220932.9801445,64221393.41676887,0.1177897,0.4028899478952733,0.37741361314508054,0.044455424699398165
992,0.72,0.06323397960977438,0.1239939,0.06323398,6.063564e+07,0.3826192,9.589091e+08,0.026424005591814067,0.00011294698184642835,71472919.09649785,7003419.121395583,0.09798703,0.05281477454160728,0.053842078480741185,0.004855058876635975
993,0.72,0.06323397960977438,0.1239939,0.06323398,6.063564e+07,0.3826192,9.589091e+08,0.0,0.0,360908095.17560136,61008163.721792415,0.1690407,0.2666923349136628,0.2498283172456491,0.042231158249433576
994,0.72,0.06323397960977438,0.1239939,0.06323398,6.063564e+07,0.3826192,9.589091e+08,0.03348059856691708,4.945734039180051e-08,60275501.49830886,7991757.327865764,0.1325872,0.044540464587957226,0.04725720166493584,0.0055320688021232
995,0.72,0.06323397960977438,0.1239939,0.06323398,6.063564e+07,0.3826192,9.589091e+08,0.009583498684577748,0.0,123087521.0817676,21497820.08892746,0.1746547,0.09095528428105615,0.08678764712870815,0.014881251734332223
996,0.72,0.06323397960977438,0.1239939,0.06323398,6.063564e+07,0.3826192,9.589091e+08,0.0,0.0,31953450.826242752,3285745.1230553105,0.1028291,0.023611940334154317,0.022118863380517193,0.0022744631831868654
997,0.72,0.06323397960977438,0.1239939,0.06323398,6.063564e+07,0.3826192,9.589091e+08,0.01878606686405088,0.0,78663106.20213893,12732627.720151987,0.1618628,0.05812794931740867,0.05755698773563083,0.008813797750624467
998,0.72,0.06323397960977438,0.1239939,0.06323398,6.063564e+07,0.3826192,9.589091e+08,0.00068967841297461,0.0,120566380.48483087,13624056.433279987,0.1130005,0.08909229234091821,0.08357261260429896,0.009430863807945418
999,0.72,0.06323397960977438,0.1239939,0.06323398,6.063564e+07,0.3826192,9.589091e+08,0.0020694221321518264,0.0,89838278.54866943,12457825.772038506,0.1386695,0.06638582118561578,0.06252998684468411,0.00862357395351176
1000,0.72,0.06323397960977438,0.1239939,0.06323398,6.063564e+07,0.3826192,9.589091e+08,0.018384872549770972,0.0,84352512.74729273,13055765.105401322,0.1547762,0.06233212521726451,0.061429013043226635,0.009037480373084683
1001,0.72,0.06323397960977438,0.1239939,0.06323398,6.063564e+07,0.3826192,9.589091e+08,0.0002204350721376192,0.0,4587358.3987389915,433030.361823701,0.09439645,0.003389819565699256,0.0032118982287849024,0.0002997528957006431
1002,0.72,0.06323397960977438,0.1239939,0.06323398,6.063564e+07,0.3826192,9.589091e+08,0.0024347459541428787,0.0,94848119.20262256,12221377.619589668,0.1288521,0.07008783319201889,0.06605828154217362,0.008459899475627315
1003,0.72,0.06323397960977438,0.1239939,0.06323398,6.063564e+07,0.3826192,9.589091e+08,3.868289296302622e-05,0.0,212216084.97556567,29875458.82938029,0.1407785,0.15681666320294826,0.14690691449030574,0.02068043279177275
1004,0.72,0.06323397960977438,0.1239939,0.06323398,6.063564e+07,0.3826192,9.589091e+08,0.0,0.0,452049838.00438786,68738384.10606895,0.1520593,0.3340413484936521,0.31291858467418293,0.04758218244744214
1005,0.72,0.06323397960977438,0.1239939,0.06323398,6.063564e+07,0.3826192,9.589091e+08,0.0,0.0,52150135.453142345,9439322.699549517,0.1810028,0.038536241153846386,0.03609944126648672,0.00653410144435723
1006,0.72,0.06323397960977438,0.1239939,0.06323398,6.063564e+07,0.3826192,9.589091e+08,0.009775338933095231,6.4696939205495135e-06,75169313.89543469,8309525.560149939,0.1105441,0.05554621828828062,0.05364934198236278,0.005752440758956355
1007,0.72,0.06323397960977438,0.1239939,0.06323398,6.063564e+07,0.3826192,9.589091e+08,0.0009423440338091956,0.0,147797645.95352173,19267814.739455454,0.1303662,0.10921478299041562,0.10246443515179345,0.013337594245473965
1008,0.72,0.06323397960977438,0.1239939,0.06323398,6.063564e+07,0.3826192,9.589091e+08,0.00021736303788565911,5.458334831262419e-08,1407314.4875157834,210601.0031550215,0.1496474,0.0010399323031277407,0.0010100959863442777,0.00014578597879666714
1009,0.72,0.06323397960977438,0.1239939,0.06323398,6.063564e+07,0.3826192,9.589091e+08,0.0028172900176768245,0.0,135740409.1000769,18324885.938756455,0.1349995,0.10030511127056209,0.09442802243978786,0.01268487872396018
1010,0.72,0.06323397960977438,0.1239939,0.06323398,6.063564e+07,0.3826192,9.589091e+08,2.080224033346193e-05,0.0,281172392.5052051,42321672.949542984,0.1505186,0.20777179252238437,0.1946369931356413,0.02929596891103431
1011,0.72,0.06323397960977438,0.1239939,0.06323398,6.063564e+07,0.3826192,9.589091e+08,0.00040154725858995027,0.0,278279975.5519139,38883717.986077935,0.1397288,0.20563444664090236,0.1926977243838061,0.02691614281466787
1012,0.72,0.06323397960977438,0.1239939,0.06323398,6.063564e+07,0.3826192,9.589091e+08,3.8379203058292884e-11,0.0,445333648.5470475,58108051.9699957,0.1304821,0.3290784333580713,0.3082694944194333,0.040223638749425736
1013,0.72,0.06323397960977438,0.1239939,0.06323398,6.063564e+07,0.3826192,9.589091e+08,0.02251399275324108,3.6731152909612903e-06,44151583.79282539,6140029.743078362,0.139067,0.03262572696274854,0.0342834721572147,0.004250492426265856
1014,0.72,0.06323397960977438,0.1239939,0.06323398,6.063564e+07,0.3826192,9.589091e+08,0.0020360259660080126,0.0,21021390.2650924,2910137.419498094,0.138437,0.015533715446867687,0.014887942869244742,0.0020144594820270313
1015,0.72,0.06323397960977438,0.1239939,0.06323398,6.063564e+07,0.3826192,9.589091e+08,0.025410898505973036,0.0,86637920.00168943,14294505.676523294,0.1649913,0.06402092246246657,0.06417218481684923,0.00989496314092546
1016,0.72,0.06323397960977438,0.1239939,0.06323398,6.063564e+07,0.3826192,9.589091e+08,0.0,0.0,23603443.612077877,3582504.2199886544,0.1517789,0.017441718745170396,0.01633880945767887,0.0024798861892242423
1017,0.72,0.06323397960977438,0.1239939,0.06323398,6.063564e+07,0.3826192,9.589091e+08,0.0,0.0,131171794.14853232,21311356.76063339,0.162469,0.09692914213870853,0.0907999267411165,0.014752177822833884
1018,0.72,0.06323397960977438,0.1239939,0.06323398,6.063564e+07,0.3826192,9.589091e+08,0.0,0.0,33355778.30405009,4856025.070278521,0.1455827,0.02464818749615843,0.023089584510608448,0.003361444611598677
1019,0.72,0.06323397960977438,0.1239939,0.06323398,6.063564e+07,0.3826192,9.589091e+08,0.00040200709593504085,2.4806313906757844e-08,55308156.12780743,6227866.435471507,0.112603,0.04086985438860153,0.03835192899392412,0.0043110641698646795
1020,0.72,0.06323397960977438,0.1239939,0.06323398,6.063564e+07,0.3826192,9.589091e+08,1.765276310702081e-09,0.0,296046821.5703849,38742889.20385928,0.1308674,0.21876322294726955,0.20492995405979367,0.026818658113848613
1021,0.72,0.06323397960977438,0.1239939,0.06323398,6.063564e+07,0.3826192,9.589091e+08,1.8120007952456558e-07,0.0,407960284.7862984,61502512.641840026,0.1507561,0.30146145890344656,0.2823988811042434,0.04257335716510934
1022,0.72,0.06323397960977438,0.1239939,0.06323398,6.063564e+07,0.3826192,9.589091e+08,0.04348316779421129,7.913391692967678e-82,64857679.55457571,12933797.830252387,0.1994181,0.04792645614966318,0.052082169098216995,0.008953052011635296
1023,0.72,0.06323397960977438,0.1239939,0.06323398,6.063564e+07,0.3826192,9.589091e+08,0.0,0.0,425844306.4601918,59931079.97718805,0.1407347,0.3146768219324652,0.2947785541907191,0.04148557780099219
1024,0.72,0.06323397960977438,0.1239939,0.06323398,6.063564e+07,0.3826192,9.589091e+08,0.012297798834158465,0.0005726391709035551,6301522.399762767,707904.5799458032,0.1123387,0.004656497719968826,0.0063944580737339855,0.0005262369733186382
1025,0.72,0.06323397960977438,0.1239939,0.06323398,6.063564e+07,0.3826192,9.589091e+08,0.001455148116319415,0.0,89096429.53255238,12326701.033663956,0.1383524,0.06583763329815541,0.06191494438880613,0.008532806599785735
1026,0.72,0.06323397960977438,0.1239939,0.06323398,6.063564e+07,0.3826192,9.589091e+08,9.025279659864256e-08,0.0,352970842.3574495,38405806.12158881,0.1088073,0.26082711738274805,0.24433399567621872,0.026585321981073225
1027,0.72,0.06323397960977438,0.1239939,0.06323398,6.063564e+07,0.3826192,9.589091e+08,4.122575118878483e-05,0.0,135167417.27046135,19102534.648068566,0.141325,0.09988170007261633,0.09357259590589893,0.013223183824490465
1028,0.72,0.06323397960977438,0.1239939,0.06323398,6.063564e+07,0.3826192,9.589091e+08,0.00010704701242760892,0.0,218709267.8195973,27320005.91873048,0.1249147,0.1616147880354034,0.1514129330662537,0.018911493527172685
1029,0.72,0.06323397960977438,0.1239939,0.06323398,6.063564e+07,0.3826192,9.589091e+08,0.0012150777214640827,0.0,202449443.8680894,26919966.860441085,0.1329713,0.14959962275405148,0.14034065441380822,0.01863457791873684
1030,0.72,0.06323397960977438,0.1239939,0.06323398,6.063564e+07,0.3826192,9.589091e+08,0.06979925988597091,0.0446009379267861,56630.064461623806,7086.579339404843,0.1251381,4.1846675980579914e-05,0.011574651916059352,0.0028252002815136097
1031,0.72,0.06323397960977438,0.1239939,0.06323398,6.063564e+07,0.3826192,9.589091e+08,0.0,0.0,340952663.97791165,46498326.84032074,0.1363777,0.2519463078462139,0.23601474015310847,0.03218713823419069
1032,0.72,0.06323397960977438,0.1239939,0.06323398,6.063564e+07,0.3826192,9.589091e+08,0.0001796771079169737,0.0,218541545.3783492,26864177.271692257,0.1229248,0.16149084986368656,0.15130883529088815,0.018595959169910595
1033,0.72,0.06323397960977438,0.1239939,0.06323398,6.063564e+07,0.3826192,9.589091e+08,2.824064269782306e-07,0.0,22416957.494409766,2686721.113333681,0.1198522,0.016564967136399756,0.0155175450144685,0.0018598059273952443
1034,0.72,0.06323397960977438,0.1239939,0.06323398,6.063564e+07,0.3826192,9.589091e+08,0.014509220238292582,0.012206873583858456,88198.60702934516,11036.885989372679,0.1251367,6.517418910579985e-05,0.0024589351893966925,0.0007795291642879603
1035,0.72,0.06323397960977438,0.1239939,0.06323398,6.063564e+07,0.3826192,9.589091e+08,0.10343429233135192,0.005503498729190074,17398867.55898416,1892613.2754281175,0.108778,0.012856859339498561,0.029138050921254193,0.001658115591780062
1036,0.72,0.06323397960977438,0.1239939,0.06323398,6.063564e+07,0.3826192,9.589091e+08,0.009592541479953514,0.004571271740655345,30070.57652345899,3762.212058717528,0.1251127,2.222059403056416e-05,0.0016061374042351576,0.0002916639878454226
1037,0.72,0.06323397960977438,0.1239939,0.06323398,6.063564e+07,0.3826192,9.589091e+08,0.0,0.0,387532713.52109575,54240150.19262136,0.1399628,0.28636654485148705,0.26825844859342657,0.0375461942553012
1038,0.72,0.06323397960977438,0.1239939,0.06323398,6.063564e+07,0.3826192,9.589091e+08,4.7407123166172535e-07,0.0,282054850.65241176,35007992.59191169,0.1241177,0.20842388325375913,0.19524449001780386,0.024233282645350608
1039,0.72,0.06323397960977438,0.1239939,0.06323398,6.063564e+07,0.3826192,9.589091e+08,0.0006284479622615705,0.0,202363819.4613451,27558876.251634493,0.1361848,0.14953635076523913,0.14018443335297473,0.019076844690272207
1040,0.72,0.06323397960977438,0.1239939,0.06323398,6.063564e+07,0.3826192,9.589091e+08,0.0,0.0,141669426.08663905,22179228.50507644,0.1565562,0.10468634684002105,0.0980666125185174,0.015352937241637606
1041,0.72,0.06323397960977438,0.1239939,0.06323398,6.063564e+07,0.3826192,9.589091e+08,0.0,0.0,140073544.48878345,19582340.205697197,0.1398004,0.10350707323749692,0.09696190907892961,0.013555315513055523
1042,0.72,0.06323397960977438,0.1239939,0.06323398,6.063564e+07,0.3826192,9.589091e+08,3.891592005349797e-07,0.0,82830000.11002055,11306539.510049138,0.136503,0.06120706746545067,0.05733676532418911,0.007826628932478378
1043,0.72,0.06323397960977438,0.1239939,0.06323398,6.063564e+07,0.3826192,9.589091e+08,0.0,0.0,440331331.1876331,58491018.71522133,0.1328341,0.3253819806755337,0.30480678314410903,0.04048873653692261
1044,0.72,0.06323397960977438,0.1239939,0.06323398,6.063564e+07,0.3826192,9.589091e+08,3.1237298716152094e-05,0.0,196566641.92846835,20776700.56719189,0.105698,0.14525253770363494,0.13607280416270734,0.01438207734878532
1045,0.72,0.06323397960977438,0.1239939,0.06323398,6.063564e+07,0.3826192,9.589091e+08,0.0,0.0,490164278.793955,57570517.10381436,0.1174515,0.3622059403772242,0.3393022173288716,0.03985154559642065
1046,0.72,0.06323397960977438,0.1239939,0.06323398,6.063564e+07,0.3826192,9.589091e+08,0.0027871028140567283,0.0,223646678.5978769,27662769.34471784,0.1236896,0.16526327812606373,0.15527363697548807,0.019148761715590882
1047,0.72,0.06323397960977438,0.1239939,0.06323398,6.063564e+07,0.3826192,9.589091e+08,0.06748412213291403,0.0009211391301497132,16445193.496257072,2339174.761673953,0.1422406,0.012152143745874824,0.022536552923618784,0.001677474188308758
1048,0.72,0.06323397960977438,0.1239939,0.06323398,6.063564e+07,0.3826192,9.589091e+08,2.852187134003671e-05,0.0,50980693.28468928,7494500.2338935,0.1470066,0.03767208413819535,0.03529464203634635,0.0051878536587541555
1049,0.72,0.06323397960977438,0.1239939,0.06323398,6.063564e+07,0.3826192,9.589091e+08,0.0,0.0,84958955.78378373,12782862.741044402,0.1504593,0.06278025511946364,0.05881040974734304,0.008848571508553742
1050,0.72,0.06323397960977438,0.1239939,0.06323398,6.063564e+07,0.3826192,9.589091e+08,0.0,0.0,606139156.0092769,81886225.97111131,0.1350948,0.44790535030824996,0.41958251251974926,0.05668340032662893
1051,0.72,0.06323397960977438,0.1239939,0.06323398,6.063564e+07,0.3826192,9.589091e+08,8.082284823044184e-10,0.0,399059918.30815434,46687279.80757967,0.1169932,0.2948845504068704,0.27623782689277765,0.03231793552713005
1052,0.72,0.06323397960977438,0.1239939,0.06323398,6.063564e+07,0.3826192,9.589091e+08,0.0007198599911150095,0.0,254239425.47627065,34771738.31129042,0.1367677,0.18786972892471307,0.17610894676891956,0.024069742369699613
1053,0.72,0.06323397960977438,0.1239939,0.06323398,6.063564e+07,0.3826192,9.589091e+08,0.0,0.0,158209871.92713577,20165350.32265681,0.1274595,0.11690887712039273,0.1095162635683602,0.013958887609121534
1054,0.72,0.06323397960977438,0.1239939,0.06323398,6.063564e+07,0.3826192,9.589091e+08,8.348962655211132e-06,0.0,231740156.11231261,38669439.81404273,0.1668655,0.17124393759241865,0.16041688173488822,0.02676781487229799
1055,0.72,0.06323397960977438,0.1239939,0.06323398,6.063564e+07,0.3826192,9.589091e+08,0.02545972247057817,0.0,72846678.46168609,9303750.251400042,0.1277169,0.053829911352360454,0.054633660841634804,0.006440255290616687
1056,0.72,0.06323397960977438,0.1239939,0.06323398,6.063564e+07,0.3826192,9.589091e+08,0.0,0.0,351494896.4428096,46503563.6764751,0.1323022,0.2597364700200446,0.2433122993708823,0.03219076328439494
1057,0.72,0.06323397960977438,0.1239939,0.06323398,6.063564e+07,0.3826192,9.589091e+08,0.0,0.0,51485570.87243657,6916572.902299974,0.13434,0.038045162449604215,0.03563941542301539,0.004787799975635664
1058,0.72,0.06323397960977438,0.1239939,0.06323398,6.063564e+07,0.3826192,9.589091e+08,0.07127508904976915,0.0014660950765220913,20772458.249022394,2100666.4094584994,0.1011275,0.015349767617800086,0.02615849662539128,0.0015468333291997457
1059,0.72,0.06323397960977438,0.1239939,0.06323398,6.063564e+07,0.3826192,9.589091e+08,2.9272693949249074e-05,0.0,215897902.51557404,34369755.79694448,0.1591945,0.1595373351124912,0.14945399230091694,0.023791481459335833
1060,0.72,0.06323397960977438,0.1239939,0.06323398,6.063564e+07,0.3826192,9.589091e+08,0.0,0.0,219803857.31617358,25290171.190006834,0.1150579,0.1624236328147699,0.1521529401292153,0.017506398431378092
1061,0.72,0.06323397960977438,0.1239939,0.06323398,6.063564e+07,0.3826192,9.589091e+08,0.04766521805817349,0.02107288373477155,1210573.3798837257,100173.55882508076,0.08274885,0.0008945508443317984,0.008715429465570206,0.001401864584404279
1062,0.72,0.06323397960977438,0.1239939,0.06323398,6.063564e+07,0.3826192,9.589091e+08,0.0,0.0,125548660.55538361,19156497.894184776,0.1525823,0.09277393850782675,0.08690747317190436,0.0132605383398104
1063,0.72,0.06323397960977438,0.1239939,0.06323398,6.063564e+07,0.3826192,9.589091e+08,0.06899576357735014,7.755783639542838e-05,21503095.731353603,4220222.0347726485,0.1962611,0.0158896707641774,0.02628756431877628,0.0029262324166803703
1064,0.72,0.06323397960977438,0.1239939,0.06323398,6.063564e+07,0.3826192,9.589091e+08,6.389870400786126e-05,0.0,79967043.54044086,10792837.515013572,0.1349661,0.05909149127720773,0.055365461412195546,0.007471033403586113
1065,0.72,0.06323397960977438,0.1239939,0.06323398,6.063564e+07,0.3826192,9.589091e+08,4.766770310402181e-06,0.0,255018866.7815128,32179010.723612744,0.1261829,0.18844569556110022,0.17653031207597236,0.0222750007749157
1066,0.72,0.06323397960977438,0.1239939,0.06323398,6.063564e+07,0.3826192,9.589091e+08,0.014384656769591324,0.005589810103742243,238681.01405254914,21682.729166023604,0.09084396,0.00017637287106642418,0.0025425162176595855,0.00036847518788239367
1067,0.72,0.06323397960977438,0.1239939,0.06323398,6.063564e+07,0.3826192,9.589091e+08,1.5921775394562697e-08,0.0,311694004.7660845,33262550.95394126,0.1067154,0.23032567853378821,0.2157612719051049,0.023025050541128966
1068,0.72,0.06323397960977438,0.1239939,0.06323398,6.063564e+07,0.3826192,9.589091e+08,0.0,0.0,494267910.92189467,69348499.18931563,0.1403055,0.365238311356031,0.34214283942303536,0.048004517181994284
1069,0.72,0.06323397960977438,0.1239939,0.06323398,6.063564e+07,0.3826192,9.589091e+08,0.0,0.0,279919301.50399137,39829605.34288854,0.1422896,0.20684582336447344,0.1937661387874773,0.027570906312119902
1070,0.72,0.06323397960977438,0.1239939,0.06323398,6.063564e+07,0.3826192,9.589091e+08,0.0,0.0,420736510.782936,56756770.34364756,0.1348986,0.3109024262521287,0.2912428285698722,0.03928825265155707
1071,0.72,0.06323397960977438,0.1239939,0.06323398,6.063564e+07,0.3826192,9.589091e+08,0.0,0.0,80845153.07568954,8970087.163958956,0.1109539,0.059740368610234795,0.055962747359654806,0.0062092865515479875
1072,0.72,0.06323397960977438,0.1239939,0.06323398,6.063564e+07,0.3826192,9.589091e+08,0.0,0.0,575656090.9505179,90098917.91683474,0.1565152,0.42537994867687334,0.3984814816758331,0.06236840167817436
1073,0.72,0.06323397960977438,0.1239939,0.06323398,6.063564e+07,0.3826192,9.589091e+08,0.01405192013098631,1.67324953107222e-05,37823362.16721763,4349509.03624511,0.1149953,0.027949499901775254,0.02850444781385957,0.003011881421164683
1074,0.72,0.06323397960977438,0.1239939,0.06323398,6.063564e+07,0.3826192,9.589091e+08,0.025021004945321206,1.634584673619162e-05,58969718.69421423,6758896.157963643,0.1146164,0.04357555892480033,0.044955226792569775,0.004679686367349071
1075,0.72,0.06323397960977438,0.1239939,0.06323398,6.063564e+07,0.3826192,9.589091e+08,0.017742016280687098,1.3947121687356154e-05,38505351.19083795,4355314.517827217,0.1131093,0.028453454364216167,0.029586383024504313,0.0030157239696604133
1076,0.72,0.06323397960977438,0.1239939,0.06323398,6.063564e+07,0.3826192,9.589091e+08,0.013013136095304342,0.0,40439671.47050073,6211019.31707493,0.1535873,0.029882816572351503,0.03014383739256369,0.004299400664897998
1077,0.72,0.06323397960977438,0.1239939,0.06323398,6.063564e+07,0.3826192,9.589091e+08,0.05757264316244832,2.9785530091228734e-06,20172645.443801835,3950251.4716036166,0.1958222,0.014906537112101529,0.023478743574314814,0.002734637062871198
1078,0.72,0.06323397960977438,0.1239939,0.06323398,6.063564e+07,0.3826192,9.589091e+08,0.0,0.0,108143068.45048246,15230606.025020251,0.1408376,0.07991211007820301,0.07485894933894387,0.010542951861500631
1079,0.72,0.06323397960977438,0.1239939,0.06323398,6.063564e+07,0.3826192,9.589091e+08,0.0042848257068506595,0.0,90178959.44582872,10325806.752732998,0.1145035,0.0666375666719,0.06313194456780856,0.007147744702107308
1080,0.72,0.06323397960977438,0.1239939,0.06323398,6.063564e+07,0.3826192,9.589091e+08,5.140997361525704e-05,0.0,110568767.73488465,14728319.913623882,0.1332051,0.08170457584609016,0.07654656668878572,0.010195258651890136
1081,0.72,0.06323397960977438,0.1239939,0.06323398,6.063564e+07,0.3826192,9.589091e+08,0.01406567997661424,0.0,66661660.85988637,8217361.14221159,0.1232697,0.04925950462622841,0.048469210170087804,0.005688233469409006
1082,0.72,0.06323397960977438,0.1239939,0.06323398,6.063564e+07,0.3826192,9.589091e+08,0.0,0.0,291493110.2766452,46835027.75005409,0.1606728,0.2153982668443612,0.2017777772307441,0.03242020981894645
1083,0.72,0.06323397960977438,0.1239939,0.06323398,6.063564e+07,0.3826192,9.589091e+08,9.032726080219363e-06,0.0,394948301.04622555,46064778.751145594,0.116635,0.29184627882883446,0.2733931699875831,0.031887026956523186
1084,0.72,0.06323397960977438,0.1239939,0.06323398,6.063564e+07,0.3826192,9.589091e+08,0.0,0.0,361288769.25127673,43860498.184937134,0.1214001,0.26697363328141915,0.2500918279981545,0.03036117671388675
1085,0.72,0.06323397960977438,0.1239939,0.06323398,6.063564e+07,0.3826192,9.589091e+08,0.047893507960233825,0.0028325382228763015,4744318.237898731,618304.0181357539,0.1303252,0.0035058047335376685,0.011199291961071079,0.0006071159549892611
1086,0.72,0.06323397960977438,0.1239939,0.06323398,6.063564e+07,0.3826192,9.589091e+08,4.352123940846031e-05,0.0,59824843.47402593,5696637.565160441,0.09522194,0.04420745171750577,0.04141923120244757,0.003943334593727884
1087,0.72,0.06323397960977438,0.1239939,0.06323398,6.063564e+07,0.3826192,9.589091e+08,1.167853475274884e-06,0.0,243497390.28782436,32843275.07161311,0.1348814,0.1799319229169604,0.16855430437866953,0.02273481879087476
1088,0.72,0.06323397960977438,0.1239939,0.06323398,6.063564e+07,0.3826192,9.589091e+08,0.01126812530063425,3.950547679871303e-06,90815735.19279769,9934981.587605026,0.1093971,0.06710811087150549,0.06472683706485179,0.006877456956810319
1089,0.72,0.06323397960977438,0.1239939,0.06323398,6.063564e+07,0.3826192,9.589091e+08,0.0,0.0,393260939.1800606,57684652.27631695,0.1466829,0.290599406059985,0.27222364914257535,0.039930552408587026
1090,0.72,0.06323397960977438,0.1239939,0.06323398,6.063564e+07,0.3826192,9.589091e+08,4.1109736991938616e-10,0.0,188621706.03364572,19872061.388190128,0.1053541,0.13938164277815904,0.1305679868886885,0.0137558667239044
1091,0.72,0.06323397960977438,0.1239939,0.06323398,6.063564e+07,0.3826192,9.589091e+08,0.030830239839647996,0.0008757880586712624,12511840.557266066,1673836.6480916291,0.1337802,0.00924560024252493,0.013756157604900624,0.0012140451600753915
1092,0.72,0.06323397960977438,0.1239939,0.06323398,6.063564e+07,0.3826192,9.589091e+08,3.923591363281462e-05,0.0,181937878.96906465,22531937.05809637,0.1238441,0.13444264176975837,0.1259477828677794,0.015597089660098169
1093,0.72,0.06323397960977438,0.1239939,0.06323398,6.063564e+07,0.3826192,9.589091e+08,0.0,0.0,172700447.01267567,26011009.735683132,0.1506134,0.12761665939367225,0.11954695015570527,0.018005378319275834
1094,0.72,0.06323397960977438,0.1239939,0.06323398,6.063564e+07,0.3826192,9.589091e+08,3.5444936488445454e-05,0.0,329380174.5616361,47956895.91630057,0.1455974,0.24339483930215555,0.22800987284297006,0.033196791003717196
1095,0.72,0.06323397960977438,0.1239939,0.06323398,6.063564e+07,0.3826192,9.589091e+08,0.005694886719826421,0.0,194139675.11634,22488772.37075479,0.1158381,0.14345913529860008,0.13532881497288882,0.015567210138560324
1096,0.72,0.06323397960977438,0.1239939,0.06323398,6.063564e+07,0.3826192,9.589091e+08,8.296196558101969e-07,0.0,89347810.74172184,12802368.959060319,0.1432869,0.06602339095369983,0.061848606304369315,0.008862074130655836
1097,0.72,0.06323397960977438,0.1239939,0.06323398,6.063564e+07,0.3826192,9.589091e+08,1.5841436331161598e-06,0.0,167995363.08267397,18174695.643430084,0.1081857,0.12413984677563893,0.11629025204110564,0.01258091378316339
1098,0.72,0.06323397960977438,0.1239939,0.06323398,6.063564e+07,0.3826192,9.589091e+08,0.0,0.0,360272447.5945523,51626743.11216424,0.1432992,0.2662226243700693,0.24938830836899173,0.03573713787248221
1099,0.72,0.06323397960977438,0.1239939,0.06323398,6.063564e+07,0.3826192,9.589091e+08,7.680053575285587e-09,0.0,457184293.0162931,74548721.5921236,0.1630605,0.3378354440374717,0.31647276572699956,0.05160422256284624
1100,0.72,0.06323397960977438,0.1239939,0.06323398,6.063564e+07,0.3826192,9.589091e+08,0.02164018970363621,0.007824270164744037,123053.00502513752,15396.013759940131,0.1251169,9.092977870814787e-05,0.003661569653897327,0.0005054171906988634
1101,0.72,0.06323397960977438,0.1239939,0.06323398,6.063564e+07,0.3826192,9.589091e+08,6.559958473082763e-05,0.0,179222836.41489497,33224082.58852225,0.1853786,0.13243636635548936,0.12407272925321707,0.022998421914261657
1102,0.72,0.06323397960977438,0.1239939,0.06323398,6.063564e+07,0.3826192,9.589091e+08,4.685449475688798e-05,0.0,236145612.6620617,37001801.14417061,0.1566906,0.17449934114063115,0.1634727968205794,0.025613439649804816
1103,0.72,0.06323397960977438,0.1239939,0.06323398,6.063564e+07,0.3826192,9.589091e+08,0.0,0.0,282750415.1942304,31651183.01062389,0.1119404,0.2089378693189664,0.1957258963507412,0.02190962712136142
1104,0.72,0.06323397960977438,0.1239939,0.06323398,6.063564e+07,0.3826192,9.589091e+08,0.0,0.0,218698096.95998248,27005101.842520304,0.1234812,0.1616065333504199,0.15138750911573315,0.018693510177657885
1105,0.72,0.06323397960977438,0.1239939,0.06323398,6.063564e+07,0.3826192,9.589091e+08,0.0011762361254172387,0.0,74728862.41311507,10542131.379763497,0.1410717,0.055220747522159816,0.05192331185487836,0.007297489244477651
1106,0.72,0.06323397960977438,0.1239939,0.06323398,6.063564e+07,0.3826192,9.589091e+08,0.024560703390706696,0.0,75326958.96888633,10648729.336226597,0.1413668,0.05566270980866616,0.05620198678175861,0.007371278634189299
1107,0.72,0.06323397960977438,0.1239939,0.06323398,6.063564e+07,0.3826192,9.589091e+08,0.010269019943981723,1.4971443177126708e-06,78055668.45778275,10715782.642487355,0.1372838,0.0576790843777674,0.05572892719569696,0.0074177890400365714
1108,0.72,0.06323397960977438,0.1239939,0.06323398,6.063564e+07,0.3826192,9.589091e+08,0.0,0.0,249475342.49336258,37108850.543328606,0.1487476,0.18434931907129593,0.1726921779880658,0.025687541537823665
1109,0.72,0.06323397960977438,0.1239939,0.06323398,6.063564e+07,0.3826192,9.589091e+08,1.2353809088417883e-05,0.0,230436707.2591899,28649085.00982933,0.1243252,0.1702807565977926,0.15951526837298266,0.019831510554371944
1110,0.72,0.06323397960977438,0.1239939,0.06323398,6.063564e+07,0.3826192,9.589091e+08,0.0,0.0,488013172.4491168,59455169.65247293,0.1218311,0.36061638452790645,0.33781317542171824,0.04115614247611936
1111,0.72,0.06323397960977438,0.1239939,0.06323398,6.063564e+07,0.3826192,9.589091e+08,0.0,0.0,349565870.35566944,51761520.805884995,0.1480737,0.2583110199451759,0.24197698617698266,0.0358304338801767
1112,0.72,0.06323397960977438,0.1239939,0.06323398,6.063564e+07,0.3826192,9.589091e+08,0.03147131151553458,8.44095951705857e-06,30412310.892762374,4639980.75090833,0.1525692,0.022473117978040108,0.026253194168486756,0.003212427859659398
1113,0.72,0.06323397960977438,0.1239939,0.06323398,6.063564e+07,0.3826192,9.589091e+08,3.8945584139013704e-05,0.0,177912475.27764076,29790983.611693516,0.1674474,0.1314680775419497,0.12316126419207718,0.020621957235902
1114,0.72,0.06323397960977438,0.1239939,0.06323398,6.063564e+07,0.3826192,9.589091e+08,0.0,0.0,426196048.8291996,64800233.68794475,0.1520433,0.3149367412718558,0.29502203779590247,0.044856110338858605
1115,0.72,0.06323397960977438,0.1239939,0.06323398,6.063564e+07,0.3826192,9.589091e+08,1.5667835474175357e-18,0.0,244404004.6242339,38322989.50339533,0.1568018,0.1806018638173595,0.1691816892432453,0.02652799454331324
1116,0.72,0.06323397960977438,0.1239939,0.06323398,6.063564e+07,0.3826192,9.589091e+08,3.0942704024788736e-07,0.0,409581470.0876067,69828394.68155505,0.1704872,0.3026594306284179,0.2835211215011544,0.0483367111252241
1117,0.72,0.06323397960977438,0.1239939,0.06323398,6.063564e+07,0.3826192,9.589091e+08,0.007255810351164486,0.0,87649578.32976413,17354427.620657057,0.1979978,0.06476848541618148,0.06187205579949978,0.012013106680582069
1118,0.72,0.06323397960977438,0.1239939,0.06323398,6.063564e+07,0.3826192,9.589091e+08,0.0,0.0,84797669.99112067,9101720.105733054,0.1073346,0.06266107329669852,0.05869876426552851,0.006300405694557282
1119,0.72,0.06323397960977438,0.1239939,0.06323398,6.063564e+07,0.3826192,9.589091e+08,2.6055177022463863e-11,8.090549423657047e-20,561951395.912492,60777700.366089486,0.1081547,0.41525289093605855,0.388994798102014,0.04207162657610263
1120,0.72,0.06323397960977438,0.1239939,0.06323398,6.063564e+07,0.3826192,9.589091e+08,4.701018198161403e-08,0.0,432964430.25153774,81988786.21000917,0.1893661,0.3199382235584511,0.29970726422275795,0.05675439472171917
1121,0.72,0.06323397960977438,0.1239939,0.06323398,6.063564e+07,0.3826192,9.589091e+08,0.046383596303167914,0.016819618039812127,1075599.3237596296,98170.33378487926,0.09127036,0.0007948120281021744,0.00841018890418231,0.0011315269928750713
1122,0.72,0.06323397960977438,0.1239939,0.06323398,6.063564e+07,0.3826192,9.589091e+08,0.0,0.0,172001482.79727635,22637073.244567264,0.1316098,0.12710016114628536,0.11906311214796211,0.015669867181297484
1123,0.72,0.06323397960977438,0.1239939,0.06323398,6.063564e+07,0.3826192,9.589091e+08,0.0,0.0,460087560.8739918,61172385.07999364,0.1329581,0.3399808081736591,0.3184824686818913,0.04234483579261876
1124,0.72,0.06323397960977438,0.1239939,0.06323398,6.063564e+07,0.3826192,9.589091e+08,1.3255995463501092e-08,0.0,257394148.49324802,25805516.963164844,0.1002568,0.19020090536173428,0.1781737473810964,0.017863131818710618
1125,0.72,0.06323397960977438,0.1239939,0.06323398,6.063564e+07,0.3826192,9.589091e+08,0.03166715225754443,0.0007738498051247566,3833898.748511702,631474.4271226212,0.1647082,0.0028330520227474185,0.007887413578739753,0.0004860537328827777
1126,0.72,0.06323397960977438,0.1239939,0.06323398,6.063564e+07,0.3826192,9.589091e+08,0.0014045996642320746,0.0,207125591.87352112,30610664.36586953,0.1477879,0.1530550532269082,0.1436089058186964,0.02118935781857611
1127,0.72,0.06323397960977438,0.1239939,0.06323398,6.063564e+07,0.3826192,9.589091e+08,3.3696260971231683e-06,0.0,258029283.60037124,38351157.10359757,0.148631,0.19067023721371704,0.17861395620651307,0.02654749275976624
1128,0.72,0.06323397960977438,0.1239939,0.06323398,6.063564e+07,0.3826192,9.589091e+08,0.0,0.0,415154322.6412451,51355032.55462869,0.1237011,0.3067774791829571,0.2873787183195641,0.0355490540021718
1129,0.72,0.06323397960977438,0.1239939,0.06323398,6.063564e+07,0.3826192,9.589091e+08,0.00015162150912418436,0.0,165241781.86887527,22256959.79117321,0.1346933,0.1221050932938001,0.11440896020949888,0.015406744503548557
1130,0.72,0.06323397960977438,0.1239939,0.06323398,6.063564e+07,0.3826192,9.589091e+08,0.08171277776284434,0.02665029827204714,1442869.478391085,150309.77923570003,0.1041742,0.0010662055944756518,0.014503137164625274,0.0017892520676482397
1131,0.72,0.06323397960977438,0.1239939,0.06323398,6.063564e+07,0.3826192,9.589091e+08,2.167408906002123e-05,0.0,94961015.49001096,9266188.781487932,0.09757887,0.07017125768398559,0.06573763179854557,0.006414254436252781
1132,0.72,0.06323397960977438,0.1239939,0.06323398,6.063564e+07,0.3826192,9.589091e+08,0.0,0.0,64111111.772977896,9073334.548390644,0.1415251,0.04737478133962945,0.0443790853823818,0.006280756603501333
1133,0.72,0.06323397960977438,0.1239939,0.06323398,6.063564e+07,0.3826192,9.589091e+08,0.0,0.0,56183024.35034905,6959242.307372519,0.1238673,0.04151633655990851,0.03889109338040672,0.004817336652173662
1134,0.72,0.06323397960977438,0.1239939,0.06323398,6.063564e+07,0.3826192,9.589091e+08,4.122650934765553e-05,0.0,265345801.6591418,41014095.62242562,0.1545685,0.1960767640016022,0.18368486324913633,0.028390835865616335
1135,0.72,0.06323397960977438,0.1239939,0.06323398,6.063564e+07,0.3826192,9.589091e+08,0.0012304800272922502,0.0,105200924.0470529,13910809.631638482,0.1322309,0.07773801819416805,0.073025690570385,0.009629360516576611
1136,0.72,0.06323397960977438,0.1239939,0.06323398,6.063564e+07,0.3826192,9.589091e+08,0.010280733472302133,0.0,47250330.23907509,7369969.925960419,0.1559771,0.03491553962171273,0.03440674781372011,0.005101651111089308
1137,0.72,0.06323397960977438,0.1239939,0.06323398,6.063564e+07,0.3826192,9.589091e+08,0.0,0.0,122578317.6873712,19627763.97511825,0.1601243,0.09057900942323821,0.08485133818829561,0.013586758819617807
1138,0.72,0.06323397960977438,0.1239939,0.06323398,6.063564e+07,0.3826192,9.589091e+08,3.1404401980052445e-09,0.0,522796156.3762155,64259738.104890496,0.1229155,0.3863192028431036,0.36189070276666674,0.04448196771418999
1139,0.72,0.06323397960977438,0.1239939,0.06323398,6.063564e+07,0.3826192,9.589091e+08,0.0,0.0,67387667.02239732,10094087.072945837,0.1497913,0.04979598546783311,0.04664718713811153,0.006987343374323956
1140,0.72,0.06323397960977438,0.1239939,0.06323398,6.063564e+07,0.3826192,9.589091e+08,0.0018141601107328669,0.0,36817665.91991544,5686005.436764142,0.1544369,0.02720634261605012,0.025785796465687513,0.003935974806620048
1141,0.72,0.06323397960977438,0.1239939,0.06323398,6.063564e+07,0.3826192,9.589091e+08,0.0,0.0,531049265.560647,75618620.12956549,0.1423947,0.39241782182149615,0.3676036812779236,0.05234482925692063
1142,0.72,0.06323397960977438,0.1239939,0.06323398,6.063564e+07,0.3826192,9.589091e+08,2.5675640900618363e-07,0.0,382395226.9407559,54499674.544267885,0.1425218,0.2825702091360695,0.26470221272635963,0.03772584257276156
1143,0.72,0.06323397960977438,0.1239939,0.06323398,6.063564e+07,0.3826192,9.589091e+08,0.0,0.0,264288025.13620418,30886826.76133763,0.1168681,0.19529512209749963,0.18294583432889797,0.021380523346500202
1144,0.72,0.06323397960977438,0.1239939,0.06323398,6.063564e+07,0.3826192,9.589091e+08,0.0,0.0,447765619.02423126,64613611.49981811,0.1443023,0.330875533211666,0.30995295649118626,0.04472692646118002
1145,0.72,0.06323397960977438,0.1239939,0.06323398,6.063564e+07,0.3826192,9.589091e+08,0.02064719086944226,2.00802779875545e-07,88655725.2495003,10193532.193637986,0.1149788,0.06551197572542508,0.06478167347185086,0.007056194115398388
1146,0.72,0.06323397960977438,0.1239939,0.06323398,6.063564e+07,0.3826192,9.589091e+08,1.08415213865418e-06,0.0,249473550.61014923,37891545.40543873,0.151886,0.1843479949626809,0.17269111678170226,0.026229339693452862
1147,0.72,0.06323397960977438,0.1239939,0.06323398,6.063564e+07,0.3826192,9.589091e+08,0.05904847999904884,0.005563035502065693,5414806.154134245,548774.943571356,0.1013471,0.004001260475047824,0.013506956774037092,0.0007316466489399589
1148,0.72,0.06323397960977438,0.1239939,0.06323398,6.063564e+07,0.3826192,9.589091e+08,4.249122616185989e-05,0.0,207775635.35518768,29442320.989470735,0.1417025,0.1535354015932609,0.14383376949870993,0.020380605497437972
1149,0.72,0.06323397960977438,0.1239939,0.06323398,6.063564e+07,0.3826192,9.589091e+08,0.0,0.0,142605708.24095708,23461870.34620163,0.1645227,0.1053782107167556,0.09871472708897777,0.016240809409318567
1150,0.72,0.06323397960977438,0.1239939,0.06323398,6.063564e+07,0.3826192,9.589091e+08,0.007721027173892464,0.0,139927940.9490584,20588267.694662023,0.1471348,0.10339947978503619,0.09813714322746046,0.01425164007656233
1151,0.72,0.06323397960977438,0.1239939,0.06323398,6.063564e+07,0.3826192,9.589091e+08,0.023837746427560605,4.7701021490278195e-05,43074648.67460173,4274259.837819594,0.09922913,0.03182992785192548,0.03375676619650376,0.002961750576680488
1152,0.72,0.06323397960977438,0.1239939,0.06323398,6.063564e+07,0.3826192,9.589091e+08,0.0,0.0,112868270.26416233,18026589.778807618,0.1597135,0.08340378876724826,0.07812983528896214,0.012478391729966329
1153,0.72,0.06323397960977438,0.1239939,0.06323398,6.063564e+07,0.3826192,9.589091e+08,0.0,0.0,698249114.9196631,88857359.08660279,0.1272574,0.5159698252784227,0.48334299986750806,0.06150896805098623
1154,0.72,0.06323397960977438,0.1239939,0.06323398,6.063564e+07,0.3826192,9.589091e+08,2.385386570216125e-13,0.0,57695238.59971825,8579321.999966338,0.1487007,0.042633784338013236,0.03993788048853521,0.005938790531471197
1155,0.72,0.06323397960977438,0.1239939,0.06323398,6.063564e+07,0.3826192,9.589091e+08,0.0004929962750398064,0.0,264194191.58445996,27910158.235982724,0.1056426,0.19522578397695753,0.18296235630469473,0.019320009607328804
1156,0.72,0.06323397960977438,0.1239939,0.06323398,6.063564e+07,0.3826192,9.589091e+08,0.0,0.0,272545040.15668046,43776123.91721366,0.1606198,0.2013966272858401,0.18866151706256995,0.030302771037743814
1157,0.72,0.06323397960977438,0.1239939,0.06323398,6.063564e+07,0.3826192,9.589091e+08,0.0,0.0,156715784.1172861,17757159.58914882,0.113308,0.11580482383951252,0.10848202397013128,0.012291886379165362
1158,0.72,0.06323397960977438,0.1239939,0.06323398,6.063564e+07,0.3826192,9.589091e+08,0.0,0.0,293225101.1132765,41565659.86989957,0.1417534,0.21667811810412727,0.2029766984020466,0.028772640456982548
1159,0.72,0.06323397960977438,0.1239939,0.06323398,6.063564e+07,0.3826192,9.589091e+08,3.886262289935194e-05,0.0,262680131.18157348,45356930.26094073,0.1726698,0.19410697198730223,0.1818392383526131,0.03139703906338183
1160,0.72,0.06323397960977438,0.1239939,0.06323398,6.063564e+07,0.3826192,9.589091e+08,0.0,0.0,27055603.19802474,3850193.2874780567,0.1423067,0.01999268535627619,0.018728468298112786,0.0026651862979496935
1161,0.72,0.06323397960977438,0.1239939,0.06323398,6.063564e+07,0.3826192,9.589091e+08,5.299804246569002e-09,0.0,443378727.5347935,50269823.2376943,0.113379,0.32763384827865893,0.3069162570730123,0.03479784885844371
1162,0.72,0.06323397960977438,0.1239939,0.06323398,6.063564e+07,0.3826192,9.589091e+08,5.1008991153519275e-05,0.0,184358355.37328565,27154884.26726684,0.147294,0.13623124810049483,0.12762523419285945,0.01879719278169921
1163,0.72,0.06323397960977438,0.1239939,0.06323398,6.063564e+07,0.3826192,9.589091e+08,0.07844922840083685,7.999281335624461e-05,24267518.485412586,3944402.45605033,0.1625384,0.01793243558110326,0.029763494237284135,0.002735458167137289
1164,0.72,0.06323397960977438,0.1239939,0.06323398,6.063564e+07,0.3826192,9.589091e+08,0.007733133570888222,0.0,126310385.95686042,18246054.995667804,0.1444541,0.0933368140115864,0.08871278063334948,0.01263031025591531
1165,0.72,0.06323397960977438,0.1239939,0.06323398,6.063564e+07,0.3826192,9.589091e+08,3.246126702956593e-08,0.0,391920201.06708694,62427975.72033691,0.1592875,0.28960867023932485,0.27129556685534445,0.04321398253944837
1166,0.72,0.06323397960977438,0.1239939,0.06323398,6.063564e+07,0.3826192,9.589091e+08,0.0008519203119128797,0.0,8027834.494216469,1186213.5086240794,0.1477626,0.005932152684248712,0.005697832608704859,0.0008211224095968831
1167,0.72,0.06323397960977438,0.1239939,0.06323398,6.063564e+07,0.3826192,9.589091e+08,0.08676290623906202,0.0008480518607531236,19581183.68478749,2703897.7125081336,0.1380865,0.014469477595753108,0.02789348196855456,0.0019253216314856383
1168,0.72,0.06323397960977438,0.1239939,0.06323398,6.063564e+07,0.3826192,9.589091e+08,3.80282867463768e-09,0.0,420220437.70568794,55665942.19720065,0.1324684,0.31052107505553006,0.29088559235554207,0.038533158033636605
1169,0.72,0.06323397960977438,0.1239939,0.06323398,6.063564e+07,0.3826192,9.589091e+08,0.07159483201970425,0.0001383662111522582,38182553.98869527,4760453.373880065,0.1246761,0.028214923999578204,0.038262980644068224,0.0033040372815560776
1170,0.72,0.06323397960977438,0.1239939,0.06323398,6.063564e+07,0.3826192,9.589091e+08,0.0376359526624048,4.88606738482461e-07,64784777.563976355,9879792.711838009,0.1525018,0.047872585365514274,0.05106535834517256,0.0068390351220796375
1171,0.72,0.06323397960977438,0.1239939,0.06323398,6.063564e+07,0.3826192,9.589091e+08,8.850638743840466e-05,0.0,189333805.20683667,33018184.984688442,0.1743914,0.13990784707705672,0.1310755442330987,0.022855895180784864
1172,0.72,0.06323397960977438,0.1239939,0.06323398,6.063564e+07,0.3826192,9.589091e+08,0.0,0.0,101490634.46586381,13474160.382687932,0.1327626,0.07499630692517668,0.07025399198226168,0.009327102549658978
1173,0.72,0.06323397960977438,0.1239939,0.06323398,6.063564e+07,0.3826192,9.589091e+08,0.0,0.0,338434999.33236146,49979154.44269258,0.1476773,0.25008588445359187,0.23427195873536102,0.03459664168991022
1174,0.72,0.06323397960977438,0.1239939,0.06323398,6.063564e+07,0.3826192,9.589091e+08,0.0,0.0,539453454.1900141,89902571.4037132,0.1666549,0.3986280806618534,0.37342124073739824,0.06223248641435535
1175,0.72,0.06323397960977438,0.1239939,0.06323398,6.063564e+07,0.3826192,9.589091e+08,0.0,0.0,203917020.0323585,31156865.362706408,0.1527919,0.15068408530599875,0.1411557309282417,0.02156744985292424
1176,0.72,0.06323397960977438,0.1239939,0.06323398,6.063564e+07,0.3826192,9.589091e+08,0.0,0.0,736741760.0358667,88940914.13045299,0.120722,0.544413890513503,0.5099884336614942,0.06156680664280924
1177,0.72,0.06323397960977438,0.1239939,0.06323398,6.063564e+07,0.3826192,9.589091e+08,2.8687640944759833e-06,0.0,259321228.42120898,40079441.157793365,0.1545552,0.19162491732606304,0.179508185320592,0.02774384801683561
1178,0.72,0.06323397960977438,0.1239939,0.06323398,6.063564e+07,0.3826192,9.589091e+08,0.037646406954965836,0.0,60706012.31306625,7166149.822851554,0.1180468,0.044858589717118896,0.048243677376297756,0.004960562468132305
1179,0.72,0.06323397960977438,0.1239939,0.06323398,6.063564e+07,0.3826192,9.589091e+08,5.556888477562637e-06,0.0,251478144.20453295,41513243.19964756,0.1650769,0.1858292855000379,0.17407947861510906,0.02873635651461681
1180,0.72,0.06323397960977438,0.1239939,0.06323398,6.063564e+07,0.3826192,9.589091e+08,0.0,0.0,160840040.80163786,19695977.597430006,0.1224569,0.11885243529416246,0.11133692282419937,0.0136339777507063
1181,0.72,0.06323397960977438,0.1239939,0.06323398,6.063564e+07,0.3826192,9.589091e+08,0.0,0.0,569429442.5277019,71062669.15324883,0.1247963,0.42077877893652904,0.3941712622090308,0.049191102363338304
1182,0.72,0.06323397960977438,0.1239939,0.06323398,6.063564e+07,0.3826192,9.589091e+08,0.0,0.0,256138811.7548338,33399838.322176225,0.1303974,0.18927327672068733,0.17730477419985619,0.02312008379930107
1183,0.72,0.06323397960977438,0.1239939,0.06323398,6.063564e+07,0.3826192,9.589091e+08,0.001721368311438161,0.0,134210741.87009025,22943260.99275516,0.1709495,0.09917476664637856,0.09318803529967586,0.01588181690177632
1184,0.72,0.06323397960977438,0.1239939,0.06323398,6.063564e+07,0.3826192,9.589091e+08,0.0,0.0,455731888.28899884,50323619.66977321,0.1104237,0.3367621923893664,0.3154673787824743,0.034835087901512435
1185,0.72,0.06323397960977438,0.1239939,0.06323398,6.063564e+07,0.3826192,9.589091e+08,2.20340650733751e-09,0.0,440687421.8854943,46428550.02910988,0.1053548,0.3256451132040724,0.30505327711985186,0.03213883723024924
1186,0.72,0.06323397960977438,0.1239939,0.06323398,6.063564e+07,0.3826192,9.589091e+08,0.00010218323341016536,0.0,460054877.8536728,71542465.83926381,0.1555085,0.3399566571193674,0.3184767322192102,0.04952322791078229
1187,0.72,0.06323397960977438,0.1239939,0.06323398,6.063564e+07,0.3826192,9.589091e+08,0.0,0.0,106254427.2246228,14169473.735661533,0.1333542,0.07851650231802339,0.0735515914114147,0.009808413352198075
1188,0.72,0.06323397960977438,0.1239939,0.06323398,6.063564e+07,0.3826192,9.589091e+08,0.03980056176748623,3.4920122272712576e-05,93579285.07773083,10056287.762835355,0.1074628,0.06915023068348866,0.07135526997492483,0.006963386020177912
1189,0.72,0.06323397960977438,0.1239939,0.06323398,6.063564e+07,0.3826192,9.589091e+08,0.0,0.0,328813300.0321506,41594965.935816646,0.1265003,0.24297594847124193,0.22761161229994584,0.028792926743799113
1190,0.72,0.06323397960977438,0.1239939,0.06323398,6.063564e+07,0.3826192,9.589091e+08,2.722556457621584e-07,0.0,382334236.5922039,48221563.46425,0.1261241,0.2825251404366417,0.26465999646165084,0.03337999955187006
1191,0.72,0.06323397960977438,0.1239939,0.06323398,6.063564e+07,0.3826192,9.589091e+08,0.0,0.0,390981962.0002956,66952800.42567534,0.1712427,0.28891536030592463,0.27064609230338915,0.0463461631612663
1192,0.72,0.06323397960977438,0.1239939,0.06323398,6.063564e+07,0.3826192,9.589091e+08,0.0,0.0,411302693.12456536,51457342.89298239,0.1251082,0.30393132504356074,0.2847125378329845,0.03561987541075035
1193,0.72,0.06323397960977438,0.1239939,0.06323398,6.063564e+07,0.3826192,9.589091e+08,3.1805758292169805e-07,0.0,61285580.26474305,8903498.974862719,0.1452789,0.04528686032767035,0.04242324448925563,0.0061631927801620795
1194,0.72,0.06323397960977438,0.1239939,0.06323398,6.063564e+07,0.3826192,9.589091e+08,0.04789873166692683,4.484137291086571e-05,32258134.365947023,4600832.777693538,0.1426255,0.023837085643167003,0.030245808369846108,0.003187630536711118
1195,0.72,0.06323397960977438,0.1239939,0.06323398,6.063564e+07,0.3826192,9.589091e+08,0.0,0.0,405744888.4953852,61039927.45306575,0.1504392,0.2998243961235296,0.2808653063725414,0.04225314578487414
1196,0.72,0.06323397960977438,0.1239939,0.06323398,6.063564e+07,0.3826192,9.589091e+08,3.673131965412244e-06,0.0,316585772.71185714,46576838.55150683,0.1471223,0.23394044094214916,0.21914806291390154,0.03224148572307191
1197,0.72,0.06323397960977438,0.1239939,0.06323398,6.063564e+07,0.3826192,9.589091e+08,0.0005592965518564345,0.0,221154356.62177533,27864529.5007722,0.1259958,0.1634215816497357,0.15318021744702834,0.019288424419054918
1198,0.72,0.06323397960977438,0.1239939,0.06323398,6.063564e+07,0.3826192,9.589091e+08,0.052000352006357234,5.894469108981564e-06,55429960.8451569,8271033.497110771,0.1492159,0.040959861747559834,0.04696370199094516,0.005725759354334561
1199,0.72,0.06323397960977438,0.1239939,0.06323398,6.063564e+07,0.3826192,9.589091e+08,0.03314798828860556,6.862028158189064e-67,71372233.82092682,11339797.826922668,0.1588825,0.0527403733530709,0.05488362836331772,0.007849651052098316
1200,0.72,0.06323397960977438,0.1239939,0.06323398,6.063564e+07,0.3826192,9.589091e+08,0.00015261498910863614,6.759431492546036e-07,5987654.142473078,550272.2858586548,0.09190115,0.004424565381761943,0.004170004588479195,0.00038095301042646135
1201,0.72,0.06323397960977438,0.1239939,0.06323398,6.063564e+07,0.3826192,9.589091e+08,3.137827293416413e-05,0.0,297436496.5779541,48094892.3201903,0.161698,0.219790120591002,0.20589710235187178,0.03329231507156319
1202,0.72,0.06323397960977438,0.1239939,0.06323398,6.063564e+07,0.3826192,9.589091e+08,0.031652728153445865,0.026826296032505616,7362.1776906349005,1259.8889885139943,0.1711299,5.4402668840370035e-06,0.0052362191515797065,0.0016972055784807724
1204,0.72,0.06323397960977438,0.1239939,0.06323398,6.063564e+07,0.3826192,9.589091e+08,0.0018457584303547703,0.0,66699296.34267434,7525061.607351971,0.1128207,0.04928731529302834,0.046475723497654386,0.005209008896350394
1205,0.72,0.06323397960977438,0.1239939,0.06323398,6.063564e+07,0.3826192,9.589091e+08,1.3706874127610673e-07,0.0,322384637.6407876,38394860.97816225,0.1190964,0.23822550090178501,0.2231615770880494,0.026577745518253957
1206,0.72,0.06323397960977438,0.1239939,0.06323398,6.063564e+07,0.3826192,9.589091e+08,0.016397652668615176,0.0,66836128.3329373,8004515.84161632,0.1197633,0.049388427026075946,0.048975376322561694,0.005540897391354319
1207,0.72,0.06323397960977438,0.1239939,0.06323398,6.063564e+07,0.3826192,9.589091e+08,3.6580469191199894e-11,0.0,583100342.1417819,76105204.82904561,0.1305182,0.4308808636145559,0.4036345518765566,0.05268165361274299
1208,0.72,0.06323397960977438,0.1239939,0.06323398,6.063564e+07,0.3826192,9.589091e+08,4.2224415431632556e-05,0.0,387252922.8061718,52028232.25334119,0.1343521,0.2861597940469257,0.26807174972943254,0.0360150572593661
1209,0.72,0.06323397960977438,0.1239939,0.06323398,6.063564e+07,0.3826192,9.589091e+08,0.005702761861614672,0.0,189892654.9388058,21955815.637362357,0.1156222,0.140320807999455,0.13239023809214653,0.01519828606717482
1210,0.72,0.06323397960977438,0.1239939,0.06323398,6.063564e+07,0.3826192,9.589091e+08,0.008856937082878802,0.002985028421129579,93293.43718783016,9713.205444926512,0.1041146,6.893900394126039e-05,0.0015283311542915747,0.00019547891526594332
1211,0.72,0.06323397960977438,0.1239939,0.06323398,6.063564e+07,0.3826192,9.589091e+08,0.00596600293007109,1.1822491168930925e-07,146700360.32170424,16503012.204272732,0.1124947,0.10840394590715698,0.10253511103099637,0.011423746160528773
1212,0.72,0.06323397960977438,0.1239939,0.06323398,6.063564e+07,0.3826192,9.589091e+08,1.3293236290162529e-05,0.0,254844978.97031194,26939265.785118423,0.1057084,0.18831720150124928,0.17641135234264999,0.01864793704794796
1213,0.72,0.06323397960977438,0.1239939,0.06323398,6.063564e+07,0.3826192,9.589091e+08,0.01816150468572579,0.0,38005251.00912788,4877266.097820415,0.1283314,0.028083906307705787,0.029309530174405355,0.003376148106029241
1214,0.72,0.06323397960977438,0.1239939,0.06323398,6.063564e+07,0.3826192,9.589091e+08,2.210080484402984e-05,0.0,75249253.38757418,9107414.252824387,0.12103,0.05560528942050369,0.05209279819688617,0.0063043473051916585
1215,0.72,0.06323397960977438,0.1239939,0.06323398,6.063564e+07,0.3826192,9.589091e+08,0.0,0.0,69834694.68474951,8877917.496697616,0.1271276,0.051604211799119754,0.048341072122435734,0.006145484732800231
1216,0.72,0.06323397960977438,0.1239939,0.06323398,6.063564e+07,0.3826192,9.589091e+08,0.0,0.0,400734948.6823368,50200416.77998973,0.1252709,0.29612231084370594,0.27739731867781575,0.03474980422113549
1217,0.72,0.06323397960977438,0.1239939,0.06323398,6.063564e+07,0.3826192,9.589091e+08,0.0,0.0,351094501.90222293,51503342.641177714,0.1466937,0.25944059925310103,0.2430351376899828,0.03565171742216262
1218,0.72,0.06323397960977438,0.1239939,0.06323398,6.063564e+07,0.3826192,9.589091e+08,0.06345820953760208,0.0002762458134192139,31468558.795751713,3812042.0927149924,0.1211381,0.023253630311405277,0.032270701445782306,0.0026562453455399987
1219,0.72,0.06323397960977438,0.1239939,0.06323398,6.063564e+07,0.3826192,9.589091e+08,3.5880385148050688e-06,0.0,350156070.61454445,53727100.78551455,0.1534376,0.25874714727845016,0.24238612842448462,0.03719105046175728
1220,0.72,0.06323397960977438,0.1239939,0.06323398,6.063564e+07,0.3826192,9.589091e+08,2.2000296671034618e-05,0.0,315059932.49363303,43532564.917233914,0.1381723,0.2328129242808635,0.218094872477196,0.030134174278822774
1221,0.72,0.06323397960977438,0.1239939,0.06323398,6.063564e+07,0.3826192,9.589091e+08,0.002787222971003028,0.0,152551446.30918536,23159707.261295773,0.1518157,0.11272759451643163,0.10606001356988277,0.016031645647006574
1222,0.72,0.06323397960977438,0.1239939,0.06323398,6.063564e+07,0.3826192,9.589091e+08,0.0008552111967807281,0.0,587677138.9735065,79850586.25139603,0.1358749,0.4342628787308535,0.4069440461299421,0.05527428689167693
1223,0.72,0.06323397960977438,0.1239939,0.06323398,6.063564e+07,0.3826192,9.589091e+08,0.0012312767466398427,0.0,159969434.79876947,22058440.234147713,0.1378916,0.11820910268179241,0.11093775899743177,0.01526932501217389
1224,0.72,0.06323397960977438,0.1239939,0.06323398,6.063564e+07,0.3826192,9.589091e+08,0.10349085715693093,0.0018103595007600043,19724544.552121613,2411978.7500496795,0.1222831,0.01457541382981287,0.030757282620015498,0.0017840996119357438
1225,0.72,0.06323397960977438,0.1239939,0.06323398,6.063564e+07,0.3826192,9.589091e+08,0.004214243293151558,0.0,139507707.37790537,21083788.84846538,0.1511299,0.10308894900504528,0.09726669605360436,0.014594650437563188
1226,0.72,0.06323397960977438,0.1239939,0.06323398,6.063564e+07,0.3826192,9.589091e+08,0.0,0.0,61896429.57700602,8987305.641497651,0.1451991,0.04573824623878035,0.04284603490873048,0.006221205550668612
1227,0.72,0.06323397960977438,0.1239939,0.06323398,6.063564e+07,0.3826192,9.589091e+08,0.0,0.0,25754660.02786446,2901040.2891599922,0.1126414,0.01903135593120132,0.017827927558301378,0.002008162253467981
1228,0.72,0.06323397960977438,0.1239939,0.06323398,6.063564e+07,0.3826192,9.589091e+08,0.0003651799772687632,0.0,283562031.2437909,45927715.33468454,0.1619671,0.2095376114200833,0.19634806624222326,0.03179214872256796
1229,0.72,0.06323397960977438,0.1239939,0.06323398,6.063564e+07,0.3826192,9.589091e+08,0.004817294637851495,0.0,30555934.144212447,3661657.1505129687,0.1198346,0.02257924810033198,0.02194760787732952,0.0025346775438718286
1230,0.72,0.06323397960977438,0.1239939,0.06323398,6.063564e+07,0.3826192,9.589091e+08,5.582945644305057e-07,0.0,179878435.404383,22934711.329716764,0.1275012,0.1329208199535405,0.1245157998020484,0.015875898641813598
1231,0.72,0.06323397960977438,0.1239939,0.06323398,6.063564e+07,0.3826192,9.589091e+08,0.0036986715381318136,0.0,103856648.00452317,12956838.34735747,0.1247569,0.07674466802734423,0.07250306226954095,0.008969001151302093
1232,0.72,0.06323397960977438,0.1239939,0.06323398,6.063564e+07,0.3826192,9.589091e+08,2.0577440714599512e-05,0.0,181205219.25286716,22601189.114625435,0.124727,0.1339012442975991,0.12543753649930894,0.015645027417604103
1233,0.72,0.06323397960977438,0.1239939,0.06323398,6.063564e+07,0.3826192,9.589091e+08,0.00024402302776705556,0.0,113643955.8238516,14966622.020597864,0.1316975,0.08397698010276454,0.07870711018904243,0.010360216476824585
1234,0.72,0.06323397960977438,0.1239939,0.06323398,6.063564e+07,0.3826192,9.589091e+08,0.0,0.0,248476223.21450344,37872497.20715592,0.152419,0.18361102182360867,0.17200056621348478,0.026216154122424756
1235,0.72,0.06323397960977438,0.1239939,0.06323398,6.063564e+07,0.3826192,9.589091e+08,5.9155333122870724e-05,0.0,217968116.74881813,22381154.35633692,0.1026809,0.16106711589329284,0.15089197754221237,0.015492714642873941
1236,0.72,0.06323397960977438,0.1239939,0.06323398,6.063564e+07,0.3826192,9.589091e+08,0.0,0.0,217835077.06524774,27455948.38931219,0.1260401,0.16096880647789916,0.15079010825126596,0.019005595818369896
1237,0.72,0.06323397960977438,0.1239939,0.06323398,6.063564e+07,0.3826192,9.589091e+08,0.00014832372405865525,0.0,175341721.03210455,17148488.418005805,0.09780039,0.1295684236926846,0.12139980951404726,0.011870551151512433
1238,0.72,0.06323397960977438,0.1239939,0.06323398,6.063564e+07,0.3826192,9.589091e+08,0.02301416914403877,0.00010914284019580946,65994961.17331306,6868945.882704424,0.1040829,0.04876684818965851,0.049486588254341095,0.00476173306822146
1239,0.72,0.06323397960977438,0.1239939,0.06323398,6.063564e+07,0.3826192,9.589091e+08,0.0,0.0,34129698.96295269,3598037.2221077974,0.1054225,0.02522007466167138,0.023625308974758265,0.0024906384661420276
1240,0.72,0.06323397960977438,0.1239939,0.06323398,6.063564e+07,0.3826192,9.589091e+08,0.01062104693975212,0.0,144304806.19771346,19289769.3124318,0.1336738,0.10663375584691932,0.10164617809558547,0.013352791671344557
1241,0.72,0.06323397960977438,0.1239939,0.06323398,6.063564e+07,0.3826192,9.589091e+08,0.03348255887327703,0.0005793624315381361,34319980.93966061,3124429.161663784,0.0910382,0.025360683158234837,0.029290558115244773,0.002199432210114572
1242,0.72,0.06323397960977438,0.1239939,0.06323398,6.063564e+07,0.3826192,9.589091e+08,0.0,0.0,421152923.42066425,49602083.34400323,0.1177769,0.31121013356079763,0.29153107832085895,0.034335624995281366
1243,0.72,0.06323397960977438,0.1239939,0.06323398,6.063564e+07,0.3826192,9.589091e+08,0.0,0.0,575527366.5244731,68838300.32837646,0.1196091,0.4252848280126344,0.3983923758697371,0.0476513465975909
1244,0.72,0.06323397960977438,0.1239939,0.06323398,6.063564e+07,0.3826192,9.589091e+08,0.0,0.0,226197038.6136694,25694161.82901297,0.1135919,0.16714786169892928,0.15657843722044182,0.017786049408663015
1245,0.72,0.06323397960977438,0.1239939,0.06323398,6.063564e+07,0.3826192,9.589091e+08,0.0024285807085140773,0.0,128052781.00914837,15628270.499151926,0.1220455,0.09462435344627432,0.08904224106888418,0.010818223731898424
1246,0.72,0.06323397960977438,0.1239939,0.06323398,6.063564e+07,0.3826192,9.589091e+08,0.0,0.0,207012952.01343343,28994882.578085862,0.1400631,0.15297181822139658,0.14329880138711468,0.020070879041086356
1247,0.72,0.06323397960977438,0.1239939,0.06323398,6.063564e+07,0.3826192,9.589091e+08,0.03974089716608093,0.022654067905410347,13889.72070514008,1738.061935498928,0.125133,1.0263782097628263e-05,0.0065774377948934395,0.0014337099917251961
1248,0.72,0.06323397960977438,0.1239939,0.06323398,6.063564e+07,0.3826192,9.589091e+08,0.0008702653981849801,0.0,166558093.4424376,25020972.29280011,0.1502237,0.12307777917067524,0.11543890675935253,0.01732005318616873
1249,0.72,0.06323397960977438,0.1239939,0.06323398,6.063564e+07,0.3826192,9.589091e+08,0.0,0.0,391423207.22051644,57722862.00751266,0.1474692,0.2892414176031236,0.27095153170010544,0.03995700200330279
1250,0.72,0.06323397960977438,0.1239939,0.06323398,6.063564e+07,0.3826192,9.589091e+08,0.002577528659684653,0.0,124791793.492278,17359386.32626523,0.1391068,0.09221465306375637,0.08680953167801603,0.012016539202862303
1251,0.72,0.06323397960977438,0.1239939,0.06323398,6.063564e+07,0.3826192,9.589091e+08,0.006177047550685622,0.0019458679263347578,16721.835679902117,2092.835508508859,0.1251558,1.2356567949371877e-05,0.001032431763031111,0.00012449367836274818
1252,0.72,0.06323397960977438,0.1239939,0.06323398,6.063564e+07,0.3826192,9.589091e+08,0.0,0.0,413311954.2340649,54591882.82297173,0.132084,0.3054160646321336,0.28610339142868774,0.037789671119177214
1253,0.72,0.06323397960977438,0.1239939,0.06323398,6.063564e+07,0.3826192,9.589091e+08,4.3742798437784364e-06,0.0,137610232.41522864,19810130.10021773,0.1439583,0.10168681357222753,0.09525747459638267,0.013712996559267412
1254,0.72,0.06323397960977438,0.1239939,0.06323398,6.063564e+07,0.3826192,9.589091e+08,0.026048182636197677,0.0,74342821.00896476,8662439.239282625,0.1165202,0.05493548297746707,0.05576657528894136,0.005996326065614283
1255,0.72,0.06323397960977438,0.1239939,0.06323398,6.063564e+07,0.3826192,9.589091e+08,0.0,0.0,81091940.87273563,10690688.784765191,0.1318342,0.05992273197282548,0.05613357916109386,0.007400323863601102
1256,0.72,0.06323397960977438,0.1239939,0.06323398,6.063564e+07,0.3826192,9.589091e+08,0.0,0.0,520969162.9666452,80436434.07054593,0.1543977,0.3849691496168574,0.3606260182595929,0.055679823306007126
1257,0.72,0.06323397960977438,0.1239939,0.06323398,6.063564e+07,0.3826192,9.589091e+08,5.29076963372745e-09,0.0,421343248.2301119,64618881.122994095,0.153364,0.31135077370853076,0.29166282610674293,0.04473057420726322
1258,0.72,0.06323397960977438,0.1239939,0.06323398,6.063564e+07,0.3826192,9.589091e+08,0.0,0.0,293359283.8407362,42885508.54951565,0.1461877,0.21677727216957962,0.2030695825613459,0.02968626799555838
1259,0.72,0.06323397960977438,0.1239939,0.06323398,6.063564e+07,0.3826192,9.589091e+08,0.0,0.0,246631776.35431966,36385152.27278064,0.1475282,0.18224807140398108,0.170723800572901,0.025186582087089772
1260,0.72,0.06323397960977438,0.1239939,0.06323398,6.063564e+07,0.3826192,9.589091e+08,8.758200583837658e-06,0.0,359155503.3656512,54649422.25358988,0.1521609,0.26539726060473445,0.24861658307280662,0.03782950114604212
1261,0.72,0.06323397960977438,0.1239939,0.06323398,6.063564e+07,0.3826192,9.589091e+08,0.00046044876064277833,0.0,181265893.79231063,24034348.22296053,0.1325917,0.13394607963050043,0.1255522325326485,0.016637090863026196
1262,0.72,0.06323397960977438,0.1239939,0.06323398,6.063564e+07,0.3826192,9.589091e+08,0.0517298108487445,2.7826407661047986e-14,52028161.04594211,10955488.478259642,0.2105684,0.038446108402902926,0.04456419199237792,0.00758362388573369
1263,0.72,0.06323397960977438,0.1239939,0.06323398,6.063564e+07,0.3826192,9.589091e+08,0.006853271366917244,0.0,142307366.746415,16617651.413350133,0.116773,0.10515775184967933,0.09964082213539592,0.011503094401781391
1264,0.72,0.06323397960977438,0.1239939,0.06323398,6.063564e+07,0.3826192,9.589091e+08,0.005037871889415938,0.0,5678283.849561453,1169427.2781559327,0.2059473,0.004195956805583065,0.004763219191296375,0.0008095026211609536
1265,0.72,0.06323397960977438,0.1239939,0.06323398,6.063564e+07,0.3826192,9.589091e+08,5.827601506566586e-08,0.0,284140436.7130215,48758449.70005108,0.1715998,0.2099650230164923,0.1966881086633513,0.03375164370902667
1266,0.72,0.06323397960977438,0.1239939,0.06323398,6.063564e+07,0.3826192,9.589091e+08,0.0,0.0,327867423.2825139,38542231.66430461,0.1175543,0.24227699468695948,0.22695685614500685,0.02667975866515322
1267,0.72,0.06323397960977438,0.1239939,0.06323398,6.063564e+07,0.3826192,9.589091e+08,0.008858732227272135,0.0,107971149.71290943,14168998.456981275,0.1312295,0.07978507106147924,0.07620399161924356,0.00980808435411103
1268,0.72,0.06323397960977438,0.1239939,0.06323398,6.063564e+07,0.3826192,9.589091e+08,0.003045317096876351,0.0,232494174.71140853,27481954.39277763,0.1182049,0.1718011181695497,0.16144073744211673,0.019023597731241633
1269,0.72,0.06323397960977438,0.1239939,0.06323398,6.063564e+07,0.3826192,9.589091e+08,0.00013697912732665455,0.0,145836479.11900356,14596285.147298152,0.1000867,0.10776558257279018,0.10097377392772043,0.010103861357315651
1270,0.72,0.06323397960977438,0.1239939,0.06323398,6.063564e+07,0.3826192,9.589091e+08,5.468126365812417e-10,0.0,195976408.46715733,25699394.689448554,0.1311351,0.1448163858354852,0.1356590695367725,0.01778967170678954
1271,0.72,0.06323397960977438,0.1239939,0.06323398,6.063564e+07,0.3826192,9.589091e+08,0.0,0.0,347139597.2025719,38514830.983228505,0.1109491,0.2565181301181326,0.24029746790870518,0.026660791326553357
1272,0.72,0.06323397960977438,0.1239939,0.06323398,6.063564e+07,0.3826192,9.589091e+08,0.0,0.0,4891816.690866374,1055948.545168446,0.2158602,0.0036147984284531417,0.003386220338334891,0.0007309502104935283
1273,0.72,0.06323397960977438,0.1239939,0.06323398,6.063564e+07,0.3826192,9.589091e+08,6.770630471307352e-05,0.0,390971386.6671649,48396805.07413204,0.1237861,0.28890754568407817,0.270649961388017,0.03350130554941757
1274,0.72,0.06323397960977438,0.1239939,0.06323398,6.063564e+07,0.3826192,9.589091e+08,3.5419084192649685e-06,0.0,275506733.00608057,39238137.48751085,0.1424217,0.20358516445600056,0.1907122496753236,0.02716147958828317
1275,0.72,0.06323397960977438,0.1239939,0.06323398,6.063564e+07,0.3826192,9.589091e+08,0.0006655199602805795,0.0,210689111.19759083,36703313.7213619,0.174206,0.15568830889988974,0.14595350543686145,0.025406820259560852
1276,0.72,0.06323397960977438,0.1239939,0.06323398,6.063564e+07,0.3826192,9.589091e+08,2.6016138213734978e-06,0.0,250262575.91796315,41860744.959799424,0.1672673,0.18493104367912622,0.17323754779247258,0.028976904679479668
1277,0.72,0.06323397960977438,0.1239939,0.06323398,6.063564e+07,0.3826192,9.589091e+08,0.0066428518429940625,0.0,130033723.84389709,13649497.611715695,0.1049689,0.09608816730080307,0.09110996829714806,0.009448474736828147
1278,0.72,0.06323397960977438,0.1239939,0.06323398,6.063564e+07,0.3826192,9.589091e+08,0.0,0.0,44145475.00003701,5815718.2161708865,0.1317398,0.03262121288220002,0.030558443771960868,0.004025764772092216
1279,0.72,0.06323397960977438,0.1239939,0.06323398,6.063564e+07,0.3826192,9.589091e+08,0.0,0.0,384254190.2698381,53448503.07048535,0.1390967,0.283943886472153,0.2659889845446528,0.036998199153447445
1280,0.72,0.06323397960977438,0.1239939,0.06323398,6.063564e+07,0.3826192,9.589091e+08,0.00017446131544662032,0.0,167945357.1177086,26676403.90089165,0.1588398,0.12410289496509631,0.11628420757633344,0.018465978418916812
1281,0.72,0.06323397960977438,0.1239939,0.06323398,6.063564e+07,0.3826192,9.589091e+08,3.7871629943388444e-07,0.0,270628981.54612005,39380468.34627072,0.1455146,0.19998075950256647,0.1873352428227993,0.027260004058671693
1282,0.72,0.06323397960977438,0.1239939,0.06323398,6.063564e+07,0.3826192,9.589091e+08,4.1928789240330544e-07,0.0,140156200.0864216,13993790.604922574,0.09984425,0.10356815143059502,0.09701919434888495,0.009686801724452217
1283,0.72,0.06323397960977438,0.1239939,0.06323398,6.063564e+07,0.3826192,9.589091e+08,0.0,0.0,103908447.20310687,11203458.018581942,0.1078205,0.07678294494438101,0.07192765376938959,0.007755273715189912
1284,0.72,0.06323397960977438,0.1239939,0.06323398,6.063564e+07,0.3826192,9.589091e+08,0.0,0.0,190057704.3660959,28348720.212845962,0.1491585,0.140442770952707,0.13156201563794329,0.019623591605494733
1285,0.72,0.06323397960977438,0.1239939,0.06323398,6.063564e+07,0.3826192,9.589091e+08,0.021188524406760473,0.017554679722078016,383004.36848269316,39924.785278953044,0.1042411,0.0002830203330936192,0.0037668685965608693,0.0011376890515054402
1286,0.72,0.06323397960977438,0.1239939,0.06323398,6.063564e+07,0.3826192,9.589091e+08,0.0017424185432949877,0.0,183291410.38506097,31180415.40881743,0.1701139,0.13544283117680234,0.12716620466679207,0.021583751699487452
1287,0.72,0.06323397960977438,0.1239939,0.06323398,6.063564e+07,0.3826192,9.589091e+08,0.0,0.0,273724276.13743746,33344902.274252217,0.1218193,0.2022680214200428,0.18947780947785842,0.023082055889723972
1288,0.72,0.06323397960977438,0.1239939,0.06323398,6.063564e+07,0.3826192,9.589091e+08,0.0,0.0,299228666.06474257,43905145.95082089,0.1467277,0.22111444074724587,0.20713249470960785,0.030392082854171828
1289,0.72,0.06323397960977438,0.1239939,0.06323398,6.063564e+07,0.3826192,9.589091e+08,3.348986585616153e-07,0.0,87035096.84339589,13212729.203778034,0.1518092,0.06431441551708146,0.06024761442505453,0.009146134285506223
1290,0.72,0.06323397960977438,0.1239939,0.06323398,6.063564e+07,0.3826192,9.589091e+08,0.0,0.0,178577094.9725525,32986411.111645084,0.184718,0.13195919697272715,0.12361489180203152,0.022833900624993762
1291,0.72,0.06323397960977438,0.1239939,0.06323398,6.063564e+07,0.3826192,9.589091e+08,0.07327831963864385,4.6467570529438405e-05,16690506.804789662,3061324.495419403,0.1834171,0.01233341753804654,0.023663948469251656,0.0021220527451186535
1292,0.72,0.06323397960977438,0.1239939,0.06323398,6.063564e+07,0.3826192,9.589091e+08,1.5461600639441038e-10,0.0,463051538.895195,66351194.99341992,0.1432912,0.3421710339670785,0.3205341978077016,0.04592971898948045
1293,0.72,0.06323397960977438,0.1239939,0.06323398,6.063564e+07,0.3826192,9.589091e+08,0.0,0.0,408212974.8498627,60533987.867959246,0.1482902,0.30164818373440017,0.2825737686348136,0.041902923562472556
1294,0.72,0.06323397960977438,0.1239939,0.06323398,6.063564e+07,0.3826192,9.589091e+08,0.0,0.0,437078431.3668988,71941838.2292945,0.1645971,0.3229782566803438,0.3025550561830185,0.049799682037163666
1295,0.72,0.06323397960977438,0.1239939,0.06323398,6.063564e+07,0.3826192,9.589091e+08,0.007621292510177975,1.4849182667564216e-07,62025313.199664265,10838181.296220127,0.174738,0.045833484541047124,0.04419479219417115,0.007502430730321423
1296,0.72,0.06323397960977438,0.1239939,0.06323398,6.063564e+07,0.3826192,9.589091e+08,0.0,0.0,97464521.42823243,16742919.139149133,0.1717848,0.07202121852736776,0.06746703026353708,0.01158980740589488
1297,0.72,0.06323397960977438,0.1239939,0.06323398,6.063564e+07,0.3826192,9.589091e+08,0.00018144799746789225,0.0,214398004.44112635,38841541.77190674,0.1811656,0.15842898834788807,0.14844088013175488,0.02688694753544019
1298,0.72,0.06323397960977438,0.1239939,0.06323398,6.063564e+07,0.3826192,9.589091e+08,0.000197102731406573,0.0,279520068.1705185,33756505.714329086,0.1207659,0.20655081066926795,0.19352235531848333,0.023366976611041933
1299,0.72,0.06323397960977438,0.1239939,0.06323398,6.063564e+07,0.3826192,9.589091e+08,0.006010419470459638,0.0,110847320.00086078,14723071.073640935,0.132823,0.0819104115012104,0.07772420878781304,0.010191625292378503
1300,0.72,0.06323397960977438,0.1239939,0.06323398,6.063564e+07,0.3826192,9.589091e+08,5.048950220600558e-08,0.0,37227594.972428694,3981995.4315227875,0.1069635,0.027509258892035874,0.02576974732037993,0.0027564225663964915
1301,0.72,0.06323397960977438,0.1239939,0.06323398,6.063564e+07,0.3826192,9.589091e+08,7.522651482222756e-07,0.0,333343302.68024904,47266010.3253153,0.1417938,0.24632338511657023,0.2307475015286246,0.03271854519290728
1302,0.72,0.06323397960977438,0.1239939,0.06323398,6.063564e+07,0.3826192,9.589091e+08,1.9509618811123446e-05,0.0,64987817.276532724,9584661.181608852,0.147484,0.04802262116616738,0.044989183997125634,0.006634707856042882
1303,0.72,0.06323397960977438,0.1239939,0.06323398,6.063564e+07,0.3826192,9.589091e+08,0.0,0.0,358210329.85257274,53902355.90371657,0.1504768,0.26469882647573884,0.24796086627964076,0.03731236581005335
1304,0.72,0.06323397960977438,0.1239939,0.06323398,6.063564e+07,0.3826192,9.589091e+08,0.0,0.0,537095912.1518359,76845875.51723917,0.1430766,0.39688597955848814,0.3717892996196814,0.053194361734666774
1305,0.72,0.06323397960977438,0.1239939,0.06323398,6.063564e+07,0.3826192,9.589091e+08,2.7373314632111542e-06,0.0,325018133.692372,35928141.07004616,0.110542,0.24017151768658793,0.22498496922243733,0.024870229139434184
1306,0.72,0.06323397960977438,0.1239939,0.06323398,6.063564e+07,0.3826192,9.589091e+08,0.0,0.0,131672373.83658479,24296369.363444477,0.1845214,0.09729904452549792,0.09114643872792205,0.016818467511222575
1307,0.72,0.06323397960977438,0.1239939,0.06323398,6.063564e+07,0.3826192,9.589091e+08,0.0007632093865502241,0.0,85773396.71839534,14459204.027012417,0.1685745,0.06338208466389421,0.05950031585242176,0.010008970868393618
1308,0.72,0.06323397960977438,0.1239939,0.06323398,6.063564e+07,0.3826192,9.589091e+08,1.0208197440527526e-07,0.0,235755339.80105463,32629274.440214448,0.1384031,0.17421094976912488,0.16319491499431427,0.022586682968080814
1309,0.72,0.06323397960977438,0.1239939,0.06323398,6.063564e+07,0.3826192,9.589091e+08,0.00767342034360581,3.279107334340205e-10,174576751.32667908,24017680.4368601,0.1375766,0.12900315081683272,0.12211392445218511,0.016625553085054798
1310,0.72,0.06323397960977438,0.1239939,0.06323398,6.063564e+07,0.3826192,9.589091e+08,0.01814801602568771,0.010549131575860569,18665.980423283287,2335.9121775398594,0.1251428,1.3793189925861974e-05,0.0030121727989383057,0.0006686805394334791
1311,0.72,0.06323397960977438,0.1239939,0.06323398,6.063564e+07,0.3826192,9.589091e+08,0.010902650244866285,1.5724315967176425e-06,127268082.06585743,14121650.734127538,0.1109599,0.09404450168847785,0.08989953205751207,0.009775408676862487
1312,0.72,0.06323397960977438,0.1239939,0.06323398,6.063564e+07,0.3826192,9.589091e+08,0.0,0.0,85574355.17949788,12641273.227815025,0.1477227,0.06323500330588935,0.05923640239622072,0.008750560213427443
1313,0.72,0.06323397960977438,0.1239939,0.06323398,6.063564e+07,0.3826192,9.589091e+08,0.0004150746124130452,0.0,113612897.59045927,17326869.327541396,0.1525079,0.08395402968161185,0.07871388004242003,0.011994030239551014
1314,0.72,0.06323397960977438,0.1239939,0.06323398,6.063564e+07,0.3826192,9.589091e+08,0.0021143541177486803,0.0,82619955.0543077,11656141.696900079,0.1410814,0.06105185508009845,0.05754073437708773,0.0080686310577116
1315,0.72,0.06323397960977438,0.1239939,0.06323398,6.063564e+07,0.3826192,9.589091e+08,8.422654621500928e-07,0.0,331582784.47765875,37933701.05715721,0.1144019,0.24502245361521843,0.2295288479773038,0.026258520738910145
1316,0.72,0.06323397960977438,0.1239939,0.06323398,6.063564e+07,0.3826192,9.589091e+08,0.0,0.0,369526233.33158815,51977430.04532068,0.1406596,0.2730606913405541,0.25579397715209456,0.035979890882352726
1317,0.72,0.06323397960977438,0.1239939,0.06323398,6.063564e+07,0.3826192,9.589091e+08,0.05328781708948532,0.035170534930734666,404812.2084327662,33483.02997908287,0.0827125,0.00029913519400544947,0.009086889322668984,0.002247150559521828
1318,0.72,0.06323397960977438,0.1239939,0.06323398,6.063564e+07,0.3826192,9.589091e+08,0.019218677401332908,3.6805055054566376e-07,58752895.288895406,9267255.023975268,0.1577327,0.0434153376911916,0.043846208948735914,0.006415015785451636
1319,0.72,0.06323397960977438,0.1239939,0.06323398,6.063564e+07,0.3826192,9.589091e+08,7.157122783853489e-06,0.0,161670255.17369333,19281488.58724133,0.1192643,0.11946592058951064,0.11191279783265083,0.013347059575923137
1320,0.72,0.06323397960977438,0.1239939,0.06323398,6.063564e+07,0.3826192,9.589091e+08,0.0,0.0,386794568.1774412,46448946.47799929,0.1200869,0.2858210937855886,0.26774748856910735,0.03215295608923839
1321,0.72,0.06323397960977438,0.1239939,0.06323398,6.063564e+07,0.3826192,9.589091e+08,5.9561206219663045e-08,0.0,114475438.03381811,13179600.304709932,0.1151304,0.08459140226447097,0.07924236110196538,0.009123201751664449
1322,0.72,0.06323397960977438,0.1239939,0.06323398,6.063564e+07,0.3826192,9.589091e+08,0.0270565397174934,0.029076031402391237,166921.74728285606,15271.365455265175,0.09148817,0.00012334650046869525,0.0045870755731972955,0.0018491643432445018
1323,0.72,0.06323397960977438,0.1239939,0.06323398,6.063564e+07,0.3826192,9.589091e+08,3.1990048647261703e-07,0.0,340947134.25377554,50875913.100334264,0.1492194,0.2519422216673196,0.23601096522827242,0.035217397249036934
1324,0.72,0.06323397960977438,0.1239939,0.06323398,6.063564e+07,0.3826192,9.589091e+08,0.00518615381174795,0.0023443092538223942,46850.446355459935,3568.0285690308206,0.07615784,3.462004620374498e-05,0.0008895262905172698,0.00015070986938864857
1325,0.72,0.06323397960977438,0.1239939,0.06323398,6.063564e+07,0.3826192,9.589091e+08,0.015893971149020233,0.0,71405726.1673462,11668025.124582386,0.1634046,0.052765122457310236,0.05205530838402946,0.008076857020998838
1326,0.72,0.06323397960977438,0.1239939,0.06323398,6.063564e+07,0.3826192,9.589091e+08,0.0,0.0,48830816.30335705,7349044.348918537,0.1505001,0.03608343672464909,0.03380173742255204,0.005087165978254524
1327,0.72,0.06323397960977438,0.1239939,0.06323398,6.063564e+07,0.3826192,9.589091e+08,0.0006852290655500358,0.0,177372171.98060384,28325239.14731392,0.1596938,0.13106882147156917,0.12289406342152272,0.01960733750876645
1328,0.72,0.06323397960977438,0.1239939,0.06323398,6.063564e+07,0.3826192,9.589091e+08,0.0,0.0,427192637.7953554,66474833.027158566,0.1556086,0.3156731687498927,0.2957118980338091,0.046015303885827696
1329,0.72,0.06323397960977438,0.1239939,0.06323398,6.063564e+07,0.3826192,9.589091e+08,0.016706246987387176,2.6886935157527895e-05,68166362.1108143,7044717.806211887,0.103346,0.05037140068874879,0.04994719282782963,0.004878204792002409
1330,0.72,0.06323397960977438,0.1239939,0.06323398,6.063564e+07,0.3826192,9.589091e+08,0.0,0.0,81950436.60295299,9718502.78970357,0.11859,0.06055711572277622,0.056727848301935446,0.006727355885207995
1331,0.72,0.06323397960977438,0.1239939,0.06323398,6.063564e+07,0.3826192,9.589091e+08,0.0,0.0,508658809.7415431,85291936.36520766,0.1676801,0.3758724380465142,0.35210452796320474,0.05904090604112149
1332,0.72,0.06323397960977438,0.1239939,0.06323398,6.063564e+07,0.3826192,9.589091e+08,0.0,0.0,92670593.99010059,13801656.692759814,0.1489324,0.0684787551718146,0.06414857096357734,0.00955380251328714
1333,0.72,0.06323397960977438,0.1239939,0.06323398,6.063564e+07,0.3826192,9.589091e+08,8.350000851626474e-07,0.0,279790601.0824756,38345373.84698129,0.1370503,0.20675072043833456,0.19367718759503721,0.026543489465609197
1334,0.72,0.06323397960977438,0.1239939,0.06323398,6.063564e+07,0.3826192,9.589091e+08,0.02536709536345162,0.002661455820641863,56143.78838837803,9604.998571234788,0.1710786,4.148734322212942e-05,0.004231184818905643,0.0001749432289277272
1335,0.72,0.06323397960977438,0.1239939,0.06323398,6.063564e+07,0.3826192,9.589091e+08,0.002354646605454318,1.3418784840063416e-06,70711035.9014115,6871657.783443225,0.09717942,0.05225178243656681,0.04933683754964634,0.0047567936202103705
1336,0.72,0.06323397960977438,0.1239939,0.06323398,6.063564e+07,0.3826192,9.589091e+08,0.0027330234567038538,0.0023986935092377144,45299.70633954341,5669.138963408226,0.1251474,3.347412988538808e-05,0.00048303355172242427,0.0001556032359255735
1337,0.72,0.06323397960977438,0.1239939,0.06323398,6.063564e+07,0.3826192,9.589091e+08,8.606851122065361e-07,0.0,60126309.08295056,8381764.17948021,0.1394026,0.04443021914282817,0.041620861813563455,0.005802036774737773
1338,0.72,0.06323397960977438,0.1239939,0.06323398,6.063564e+07,0.3826192,9.589091e+08,1.246917061397644e-06,0.0,224793267.49374083,27012807.095724687,0.1201673,0.16611054776038778,0.1556069228434571,0.01869884391903896
1339,0.72,0.06323397960977438,0.1239939,0.06323398,6.063564e+07,0.3826192,9.589091e+08,1.7157581144294519e-06,0.0,238748677.15954244,23963277.514440328,0.1003703,0.17642287058772274,0.16526723394293066,0.01658789419564078
1340,0.72,0.06323397960977438,0.1239939,0.06323398,6.063564e+07,0.3826192,9.589091e+08,0.0,0.0,564230397.477578,66287856.3830341,0.1174837,0.4169369547096044,0.3905723718169359,0.04588587464611191
1341,0.72,0.06323397960977438,0.1239939,0.06323398,6.063564e+07,0.3826192,9.589091e+08,0.004179265618904258,0.0,131019739.58838265,18220969.781008407,0.1390704,0.09681678171725316,0.0913853622404339,0.012612945732786356
1342,0.72,0.06323397960977438,0.1239939,0.06323398,6.063564e+07,0.3826192,9.589091e+08,0.015424826081868941,0.012757852154724672,147658.52896082998,18472.970262882674,0.125106,0.00010911198275926792,0.002651413227196406,0.0008195171488827403
1343,0.72,0.06323397960977438,0.1239939,0.06323398,6.063564e+07,0.3826192,9.589091e+08,0.00026174733790777733,0.0,291920434.90394735,40532635.983981885,0.1388482,0.21571403754650043,0.20211683845611814,0.028057559186866376
1344,0.72,0.06323397960977438,0.1239939,0.06323398,6.063564e+07,0.3826192,9.589091e+08,0.0056939145341510615,0.0,179245914.4074636,26264949.867824934,0.1465303,0.13245341979320807,0.12501887398802197,0.018181161120332866
1345,0.72,0.06323397960977438,0.1239939,0.06323398,6.063564e+07,0.3826192,9.589091e+08,0.0011838875051673771,0.0,256234766.8186446,41743400.94361176,0.1629108,0.1893441825284444,0.17756685282046347,0.028895676636953367
1346,0.72,0.06323397960977438,0.1239939,0.06323398,6.063564e+07,0.3826192,9.589091e+08,0.0,0.0,445741124.2667165,48942205.42021883,0.1097996,0.3293795367485238,0.30855155783789073,0.03387884335615965
1347,0.72,0.06323397960977438,0.1239939,0.06323398,6.063564e+07,0.3826192,9.589091e+08,0.0,0.0,573979541.1021613,71581241.42433071,0.1247104,0.4241410654275524,0.3973209379446386,0.049550069201673166
1348,0.72,0.06323397960977438,0.1239939,0.06323398,6.063564e+07,0.3826192,9.589091e+08,5.93837038901467e-08,0.0,234933079.92063156,37643671.383698076,0.1602315,0.17360334242989586,0.1626257220286082,0.026057755984003925
1349,0.72,0.06323397960977438,0.1239939,0.06323398,6.063564e+07,0.3826192,9.589091e+08,0.0,0.0,309052453.4998985,42963166.08227564,0.1390158,0.228373709363824,0.2139327308825034,0.029740024203829176
1350,0.72,0.06323397960977438,0.1239939,0.06323398,6.063564e+07,0.3826192,9.589091e+08,0.00044638866879711126,0.0,119536997.66534452,18431485.79526457,0.1541906,0.08833163190875126,0.08281984421152115,0.012758669428923702
1351,0.72,0.06323397960977438,0.1239939,0.06323398,6.063564e+07,0.3826192,9.589091e+08,0.051125453702015954,1.2285842222340414e-05,58390467.29436215,8000943.121566165,0.1370248,0.04314752222960402,0.048868436965176565,0.005539201160673691
1352,0.72,0.06323397960977438,0.1239939,0.06323398,6.063564e+07,0.3826192,9.589091e+08,0.0,0.0,520413166.8704111,56189156.14241632,0.1079703,0.3845582973830348,0.3602411458475464,0.038895337938271574
1353,0.72,0.06323397960977438,0.1239939,0.06323398,6.063564e+07,0.3826192,9.589091e+08,0.07939578199732011,9.416395063709392e-05,28505385.959550027,4622662.01976414,0.162168,0.021063999507876567,0.032853470134645145,0.0032058600687173257
1354,0.72,0.06323397960977438,0.1239939,0.06323398,6.063564e+07,0.3826192,9.589091e+08,0.0,0.0,207381845.0269511,25414065.75611355,0.1225472,0.15324441099618735,0.14355415703594254,0.017592160904927656
1355,0.72,0.06323397960977438,0.1239939,0.06323398,6.063564e+07,0.3826192,9.589091e+08,0.0010812059550276468,0.0,262267905.30211592,31130492.293204762,0.1186973,0.19380235847551364,0.18172615078140117,0.021549193849076522
1357,0.72,0.06323397960977438,0.1239939,0.06323398,6.063564e+07,0.3826192,9.589091e+08,1.0722497624137372e-06,0.0,352503696.07014394,46444318.78045583,0.1317556,0.260481920542408,0.24401078929664952,0.0321497526978336
1358,0.72,0.06323397960977438,0.1239939,0.06323398,6.063564e+07,0.3826192,9.589091e+08,0.004160611117132447,0.0,58808476.58927443,8845121.658465216,0.1504056,0.04345640938499334,0.04139609564747156,0.006122782750805966
1359,0.72,0.06323397960977438,0.1239939,0.06323398,6.063564e+07,0.3826192,9.589091e+08,2.1993694147902086e-05,0.0,26265454.78068751,3184061.9218593743,0.1212262,0.01940880672023321,0.018185145443863262,0.0022040758923876067
1360,0.72,0.06323397960977438,0.1239939,0.06323398,6.063564e+07,0.3826192,9.589091e+08,0.0,0.0,57419981.44174321,5736663.8216037,0.0999071,0.042430383596540965,0.03974734158536239,0.003971041626145644
1361,0.72,0.06323397960977438,0.1239939,0.06323398,6.063564e+07,0.3826192,9.589091e+08,7.99959710075329e-06,0.0,307270481.4257259,41492502.03478464,0.1350358,0.2270569245657972,0.21270053368974934,0.028721999035844
1362,0.72,0.06323397960977438,0.1239939,0.06323398,6.063564e+07,0.3826192,9.589091e+08,0.013159278108571868,0.0,85629691.60961047,11671106.789326927,0.1362974,0.06327589405328402,0.0614494900133449,0.008078990215370854
1363,0.72,0.06323397960977438,0.1239939,0.06323398,6.063564e+07,0.3826192,9.589091e+08,0.0,0.0,83202994.00450775,12995296.227995107,0.1561878,0.06148269057825708,0.0575948953758775,0.00899562252037906
1364,0.72,0.06323397960977438,0.1239939,0.06323398,6.063564e+07,0.3826192,9.589091e+08,0.0,0.0,24215205.2404557,2926932.690453477,0.1208717,0.017893778810498893,0.016762283966053993,0.002026085528481951
1365,0.72,0.06323397960977438,0.1239939,0.06323398,6.063564e+07,0.3826192,9.589091e+08,0.0,0.0,334054341.3924372,52460337.15251704,0.1570413,0.24684880578987267,0.23123957343785873,0.03631416952999051
1366,0.72,0.06323397960977438,0.1239939,0.06323398,6.063564e+07,0.3826192,9.589091e+08,0.0,0.0,475217054.2340025,65529545.76071513,0.1378939,0.35116071786307407,0.3289554281899667,0.04536095578378693
1367,0.72,0.06323397960977438,0.1239939,0.06323398,6.063564e+07,0.3826192,9.589091e+08,0.0005053372133719718,0.0,169641305.9848216,27676439.216585174,0.1631468,0.12535611308159347,0.11751286229280197,0.01915822429382404
1368,0.72,0.06323397960977438,0.1239939,0.06323398,6.063564e+07,0.3826192,9.589091e+08,3.566828825547751e-05,0.0,189365535.48414183,24072234.478683837,0.1271205,0.13993129410375157,0.1310887762644721,0.016663316541088324
1369,0.72,0.06323397960977438,0.1239939,0.06323398,6.063564e+07,0.3826192,9.589091e+08,0.004322123902459327,3.1509420674464202e-06,52091755.704991736,7371732.006552154,0.1415144,0.03849310155250721,0.03677333010917941,0.00510307010764032
1370,0.72,0.06323397960977438,0.1239939,0.06323398,6.063564e+07,0.3826192,9.589091e+08,0.0008981011969011354,0.0,171358070.99338704,24816692.35178145,0.1448236,0.12662471324532665,0.1187661543909076,0.01717864623355687
1371,0.72,0.06323397960977438,0.1239939,0.06323398,6.063564e+07,0.3826192,9.589091e+08,0.02174403550602004,0.0,37279959.28721407,7396577.217757852,0.1984063,0.02754795340059067,0.029399538594552646,0.005120069248629233
1372,0.72,0.06323397960977438,0.1239939,0.06323398,6.063564e+07,0.3826192,9.589091e+08,1.92157988361366e-05,0.0,252070769.86006618,36310769.39093685,0.1440499,0.18626720507545502,0.17449196414785062,0.025135092662354443
1373,0.72,0.06323397960977438,0.1239939,0.06323398,6.063564e+07,0.3826192,9.589091e+08,0.05459350849375516,0.0029436005803518063,9382153.160684539,1064489.542225351,0.113459,0.0069329238284974734,0.015516983626372468,0.0009229980507554477
1374,0.72,0.06323397960977438,0.1239939,0.06323398,6.063564e+07,0.3826192,9.589091e+08,1.0220943837335408e-05,0.0,30650951.717470214,4073287.2376754987,0.1328927,0.022649461151268434,0.021218934762169545,0.002819616710873497
1375,0.72,0.06323397960977438,0.1239939,0.06323398,6.063564e+07,0.3826192,9.589091e+08,0.0002669550736228405,0.0,203731244.130852,28036922.106232002,0.1376172,0.15054680656494046,0.14107125149183616,0.0194077582746911
1376,0.72,0.06323397960977438,0.1239939,0.06323398,6.063564e+07,0.3826192,9.589091e+08,0.02407049944342881,0.0,83904665.57338847,12201176.933628798,0.1454171,0.06200118941923288,0.062058645007950844,0.008445916127932229
1377,0.72,0.06323397960977438,0.1239939,0.06323398,6.063564e+07,0.3826192,9.589091e+08,6.376047237291308e-06,0.0,283118716.22622615,30603056.51158824,0.1080927,0.20921002465016306,0.19598189596172613,0.021184091498816723
1378,0.72,0.06323397960977438,0.1239939,0.06323398,6.063564e+07,0.3826192,9.589091e+08,0.07344498764324311,0.0018941767051311508,18972729.334275816,2187613.794674655,0.1153031,0.014019861436970687,0.025271296379952696,0.0016340894773842743
1379,0.72,0.06323397960977438,0.1239939,0.06323398,6.063564e+07,0.3826192,9.589091e+08,0.08970894724090725,0.03347793229338018,1549168.4749787222,141678.71653362905,0.09145469,0.001144755031237781,0.015898215341908745,0.002215015931582015
1380,0.72,0.06323397960977438,0.1239939,0.06323398,6.063564e+07,0.3826192,9.589091e+08,0.0,0.0,86576695.85971971,9657630.81390943,0.11155,0.0639756810018475,0.059930244093855244,0.0066852189991604034
1381,0.72,0.06323397960977438,0.1239939,0.06323398,6.063564e+07,0.3826192,9.589091e+08,0.02468053202520439,5.8194179393468375e-05,82525516.23296149,7889688.169901879,0.09560302,0.06098206969676129,0.06120478598608618,0.005465091065947363
1382,0.72,0.06323397960977438,0.1239939,0.06323398,6.063564e+07,0.3826192,9.589091e+08,0.0,0.0,101888271.26200798,11658425.794725861,0.1144236,0.07529013986222864,0.07052924469336341,0.008070212159171688
1383,0.72,0.06323397960977438,0.1239939,0.06323398,6.063564e+07,0.3826192,9.589091e+08,0.0,0.0,151738511.54963708,20968630.095069442,0.1381892,0.11212687795713439,0.10503664924268528,0.014514935080768501
1384,0.72,0.06323397960977438,0.1239939,0.06323398,6.063564e+07,0.3826192,9.589091e+08,5.716311522260679e-06,0.0,277249529.21688414,39854991.647340536,0.1437513,0.2048730003259933,0.19191900991329022,0.027588479256055235
1385,0.72,0.06323397960977438,0.1239939,0.06323398,6.063564e+07,0.3826192,9.589091e+08,4.6505342401333384e-05,0.0,215688070.63796315,32475758.268621724,0.1505682,0.15938228025468276,0.14931159015140513,0.022480415784463487
1386,0.72,0.06323397960977438,0.1239939,0.06323398,6.063564e+07,0.3826192,9.589091e+08,0.0,0.0,279010754.14572614,33105062.82202165,0.1186516,0.2061744540613341,0.19313722283716334,0.022916033881459713
1387,0.72,0.06323397960977438,0.1239939,0.06323398,6.063564e+07,0.3826192,9.589091e+08,3.2939482419334193e-07,0.0,299361758.9293182,34436940.54250832,0.1150345,0.22121278946063994,0.207224678880262,0.023837988179892
1388,0.72,0.06323397960977438,0.1239939,0.06323398,6.063564e+07,0.3826192,9.589091e+08,0.03814709254138631,0.0,63006433.85629439,10903713.459132554,0.1730571,0.04655848174184808,0.04991882481692819,0.007547784108024566
1389,0.72,0.06323397960977438,0.1239939,0.06323398,6.063564e+07,0.3826192,9.589091e+08,1.8013432325727474e-07,0.0,221240628.06139806,26495835.576428063,0.1197603,0.16348533176223498,0.15314753339718146,0.018340985155391773
1390,0.72,0.06323397960977438,0.1239939,0.06323398,6.063564e+07,0.3826192,9.589091e+08,1.9176634252808274e-05,0.0,240849618.2381963,35034692.45641374,0.1454629,0.17797535691117197,0.1667244360687373,0.024251764863700377
1391,0.72,0.06323397960977438,0.1239939,0.06323398,6.063564e+07,0.3826192,9.589091e+08,5.152342884833193e-06,0.0,245853845.85574362,30562182.32796343,0.1243104,0.18167322117524112,0.1701861519194115,0.021155797513033977
1392,0.72,0.06323397960977438,0.1239939,0.06323398,6.063564e+07,0.3826192,9.589091e+08,0.0,0.0,315699797.1795365,46542184.62525807,0.1474254,0.23328575104588625,0.21853416462099978,0.03221749753273644
1393,0.72,0.06323397960977438,0.1239939,0.06323398,6.063564e+07,0.3826192,9.589091e+08,0.07245780303591305,7.1826429194523e-05,38946804.00961459,5050779.942409167,0.1296841,0.028779665065964143,0.03893463073849814,0.003500799978376229
1394,0.72,0.06323397960977438,0.1239939,0.06323398,6.063564e+07,0.3826192,9.589091e+08,0.00017005641852418105,0.0,293616545.1833475,35318661.60551159,0.1202884,0.2169673749382932,0.20327576893630345,0.024448334393775
1395,0.72,0.06323397960977438,0.1239939,0.06323398,6.063564e+07,0.3826192,9.589091e+08,0.0,0.0,385820106.64307487,53599503.88854088,0.1389236,0.28510101733023163,0.26707294541364585,0.03710272515544575
1396,0.72,0.06323397960977438,0.1239939,0.06323398,6.063564e+07,0.3826192,9.589091e+08,3.6312579881626935e-07,0.0,237176571.6364701,36224262.275146216,0.1527312,0.17526116626941193,0.16417876526753075,0.02507521058307541
1397,0.72,0.06323397960977438,0.1239939,0.06323398,6.063564e+07,0.3826192,9.589091e+08,0.020610115511847063,7.294590417172524e-06,34857045.278657444,4205695.916541416,0.1206555,0.025757545806871854,0.0275349470644588,0.002911734101702431
1398,0.72,0.06323397960977438,0.1239939,0.06323398,6.063564e+07,0.3826192,9.589091e+08,0.0,0.0,37541149.958703674,4784420.668598437,0.1274447,0.027740959739235793,0.025986788456729384,0.003311878510371679
1399,0.72,0.06323397960977438,0.1239939,0.06323398,6.063564e+07,0.3826192,9.589091e+08,0.0,0.0,41533589.093459174,5427697.710121207,0.1306821,0.030691164872015005,0.028750440378297784,0.0037571686630577792
1400,0.72,0.06323397960977438,0.1239939,0.06323398,6.063564e+07,0.3826192,9.589091e+08,0.0,0.0,267985375.8422447,49702728.220387086,0.1854681,0.19802727220986788,0.18550521971676984,0.03440529353539583
1401,0.72,0.06323397960977438,0.1239939,0.06323398,6.063564e+07,0.3826192,9.589091e+08,0.0,0.0,210498531.065572,29530548.068938978,0.1402886,0.15554748008203922,0.14571159389817978,0.020441678172431102
1402,0.72,0.06323397960977438,0.1239939,0.06323398,6.063564e+07,0.3826192,9.589091e+08,0.0,0.0,145174127.69827956,22250214.790107228,0.1532657,0.10727613927881163,0.10049264207503994,0.015402075469274572
1403,0.72,0.06323397960977438,0.1239939,0.06323398,6.063564e+07,0.3826192,9.589091e+08,1.677034777730885e-08,0.0,395373897.3328761,58438596.94333924,0.1478059,0.29216077237701105,0.2736862868253171,0.04045244906309921
1404,0.72,0.06323397960977438,0.1239939,0.06323398,6.063564e+07,0.3826192,9.589091e+08,2.159344196932427e-09,0.0,378136719.4791335,53431550.40947774,0.1413022,0.2794233933306918,0.2617543405311913,0.036986464158225714
1405,0.72,0.06323397960977438,0.1239939,0.06323398,6.063564e+07,0.3826192,9.589091e+08,0.005253791289003322,2.8889338553530548e-05,21695092.995223287,3144498.926552652,0.1449406,0.01603154676885257,0.015886081856957453,0.0021785163271006423
1406,0.72,0.06323397960977438,0.1239939,0.06323398,6.063564e+07,0.3826192,9.589091e+08,0.0244457876526089,5.181204847790725e-12,80990132.96291876,9641120.013505377,0.1190407,0.05984750121589682,0.06010316549876122,0.006673789869644556
1407,0.72,0.06323397960977438,0.1239939,0.06323398,6.063564e+07,0.3826192,9.589091e+08,0.001813804231694132,0.0,114153626.20053487,17615029.183465898,0.1543099,0.084353600036235,0.07931934656066957,0.012193500666692138
1408,0.72,0.06323397960977438,0.1239939,0.06323398,6.063564e+07,0.3826192,9.589091e+08,0.0423349730077078,0.0027865988298712385,2668418.660290483,338404.4678266861,0.1268184,0.001971822778576917,0.00884367240380533,0.00041045855776158333
1409,0.72,0.06323397960977438,0.1239939,0.06323398,6.063564e+07,0.3826192,9.589091e+08,0.0,0.0,363297314.58444256,49968727.70965267,0.1375422,0.26845784394846256,0.2514821861181415,0.03458942408186941
1410,0.72,0.06323397960977438,0.1239939,0.06323398,6.063564e+07,0.3826192,9.589091e+08,0.040728757135980447,0.0,46680256.4252618,8155711.895892928,0.1747144,0.03449428468586812,0.03904415658723688,0.005645558540048498
1411,0.72,0.06323397960977438,0.1239939,0.06323398,6.063564e+07,0.3826192,9.589091e+08,0.0,0.0,336620494.05570984,37241629.38626597,0.1106339,0.2487450593088748,0.2330159193005053,0.025779453898173262
1412,0.72,0.06323397960977438,0.1239939,0.06323398,6.063564e+07,0.3826192,9.589091e+08,0.0004930666156912446,0.0,291222486.7119237,39777446.14642465,0.1365878,0.21519829008761068,0.20167193299611583,0.02753480059862761
1413,0.72,0.06323397960977438,0.1239939,0.06323398,6.063564e+07,0.3826192,9.589091e+08,0.0,0.0,71037410.4036608,8943445.8561532,0.1258977,0.05249295624016021,0.049173617715613134,0.0061908448673981846
1414,0.72,0.06323397960977438,0.1239939,0.06323398,6.063564e+07,0.3826192,9.589091e+08,0.010813918161564913,0.0,110362016.77147247,16667167.362283299,0.1510227,0.08155179762383605,0.07818212698173004,0.01153737040269175
1415,0.72,0.06323397960977438,0.1239939,0.06323398,6.063564e+07,0.3826192,9.589091e+08,0.0,0.0,285400995.0129249,36038821.06382587,0.1262743,0.21089651012024502,0.19756068449952885,0.024946844202848845
1416,0.72,0.06323397960977438,0.1239939,0.06323398,6.063564e+07,0.3826192,9.589091e+08,0.0013812741308398457,0.0,33488594.901757456,4591499.372172427,0.1371064,0.024746332062687563,0.02340980079242699,0.0031783342549470163
1417,0.72,0.06323397960977438,0.1239939,0.06323398,6.063564e+07,0.3826192,9.589091e+08,5.7719574187161035e-05,0.0,195771382.1965736,24189458.639396433,0.1235597,0.14466488207164188,0.1355266849573165,0.016744461617086447
1418,0.72,0.06323397960977438,0.1239939,0.06323398,6.063564e+07,0.3826192,9.589091e+08,5.239551136434638e-07,0.0,334830634.66733146,38715171.24119861,0.1156261,0.24742244619535758,0.23177702686965734,0.026799471146137
1419,0.72,0.06323397960977438,0.1239939,0.06323398,6.063564e+07,0.3826192,9.589091e+08,0.022859267684512564,7.329033292210872e-05,67328578.17349535,6973324.671619993,0.1035715,0.04975232187787301,0.05038414655955372,0.004831719205889089
1420,0.72,0.06323397960977438,0.1239939,0.06323398,6.063564e+07,0.3826192,9.589091e+08,0.0,0.0,398862823.1923463,56145481.08903198,0.1407639,0.2947389073544214,0.2761013932965647,0.03886510513042249
1421,0.72,0.06323397960977438,0.1239939,0.06323398,6.063564e+07,0.3826192,9.589091e+08,0.0022366152134532273,0.0,69040483.2678578,8958883.083280655,0.1297628,0.051017330817459086,0.048160938631373024,0.006201530846814397
1422,0.72,0.06323397960977438,0.1239939,0.06323398,6.063564e+07,0.3826192,9.589091e+08,8.738824086547122e-05,0.0,173843094.28704417,18244250.591020115,0.1049467,0.12846101637445928,0.12035235739802395,0.012629061208352265
1423,0.72,0.06323397960977438,0.1239939,0.06323398,6.063564e+07,0.3826192,9.589091e+08,0.005842896030151974,0.0,164232402.00242743,25974007.22754599,0.158154,0.12135921400487244,0.11465082057291182,0.017979764390230347
1424,0.72,0.06323397960977438,0.1239939,0.06323398,6.063564e+07,0.3826192,9.589091e+08,0.02138603186062758,5.413625920515086e-08,61172456.84691018,10328754.305665204,0.1688465,0.045203267998103494,0.045879271523015845,0.007149788484660106
1425,0.72,0.06323397960977438,0.1239939,0.06323398,6.063564e+07,0.3826192,9.589091e+08,5.2217023460259436e-15,0.0,12493418.164880583,1430668.7620889272,0.1145138,0.009231987051505788,0.008648211770534034,0.0009903395743857937
1426,0.72,0.06323397960977438,0.1239939,0.06323398,6.063564e+07,0.3826192,9.589091e+08,0.0,0.0,388944971.9742087,56505988.81156003,0.1452802,0.2874101304883761,0.2692360441574315,0.03911465630114207
1427,0.72,0.06323397960977438,0.1239939,0.06323398,6.063564e+07,0.3826192,9.589091e+08,0.004516217190742077,0.0,171956403.25796014,20107993.19467143,0.1169366,0.1270668497083936,0.1197782847207492,0.01391918377604553
1428,0.72,0.06323397960977438,0.1239939,0.06323398,6.063564e+07,0.3826192,9.589091e+08,0.021051602889986667,9.403517269822237e-07,93308441.89126305,10534540.649564395,0.1129002,0.06895009163767589,0.06806921922950404,0.007292294240556833
1429,0.72,0.06323397960977438,0.1239939,0.06323398,6.063564e+07,0.3826192,9.589091e+08,7.3753701543887785e-06,0.0,31783870.45994399,3684115.4962073923,0.1159115,0.0234866292523352,0.022002695115742422,0.0025502236920130305
1430,0.72,0.06323397960977438,0.1239939,0.06323398,6.063564e+07,0.3826192,9.589091e+08,0.0,0.0,273465291.59006023,41389558.88260281,0.1513521,0.20207664529251929,0.1892985348244805,0.028650739579973286
1431,0.72,0.06323397960977438,0.1239939,0.06323398,6.063564e+07,0.3826192,9.589091e+08,5.83540144677303e-08,0.0,351381765.53314626,45672436.89567432,0.1299795,0.2596528721544042,0.24323399737491355,0.031615439516818535
1432,0.72,0.06323397960977438,0.1239939,0.06323398,6.063564e+07,0.3826192,9.589091e+08,0.0,0.0,595425180.4742966,71403755.02644797,0.1199206,0.43998827892684605,0.41216606906864617,0.04942720931376884
1433,0.72,0.06323397960977438,0.1239939,0.06323398,6.063564e+07,0.3826192,9.589091e+08,0.022988049458696588,0.0006080170546275436,4376312.755059623,471840.11891269457,0.1078168,0.003233867797815462,0.006828522717672925,0.0003650651792321818
1434,0.72,0.06323397960977438,0.1239939,0.06323398,6.063564e+07,0.3826192,9.589091e+08,0.0,0.0,503247653.36891586,85226777.05606037,0.1693536,0.37187387457041166,0.3483588095684184,0.05899580137105519
1435,0.72,0.06323397960977438,0.1239939,0.06323398,6.063564e+07,0.3826192,9.589091e+08,0.0,0.0,90250039.97217399,13186972.39736749,0.146116,0.06669009148858134,0.0624730116032184,0.009128304872175839
1436,0.72,0.06323397960977438,0.1239939,0.06323398,6.063564e+07,0.3826192,9.589091e+08,0.0005053132859455747,0.0,146352507.4553067,17488990.10654492,0.1194991,0.10814690070815464,0.10139185294929305,0.01210625371680302
1437,0.72,0.06323397960977438,0.1239939,0.06323398,6.063564e+07,0.3826192,9.589091e+08,0.0,0.0,181916767.5356133,23980302.29713169,0.1318202,0.13442704151707416,0.1259266847147812,0.016599679115037465
1438,0.72,0.06323397960977438,0.1239939,0.06323398,6.063564e+07,0.3826192,9.589091e+08,0.0,0.0,253941496.93392336,38372523.072654925,0.1511077,0.18764957520785794,0.17578374579538142,0.026562282741391132
1439,0.72,0.06323397960977438,0.1239939,0.06323398,6.063564e+07,0.3826192,9.589091e+08,0.0,0.0,145606318.6943606,18738914.78546236,0.1286958,0.10759550597469425,0.10079181394378707,0.012971478363719898
1440,0.72,0.06323397960977438,0.1239939,0.06323398,6.063564e+07,0.3826192,9.589091e+08,0.0,0.0,28520039.440939352,4826268.468019073,0.1692238,0.021074827669446152,0.019742182446316887,0.0033408464538715447
1441,0.72,0.06323397960977438,0.1239939,0.06323398,6.063564e+07,0.3826192,9.589091e+08,1.2071483143913925e-06,0.0,206282065.32140964,24453704.309015743,0.118545,0.15243173092200168,0.14279306545768966,0.01692737813201893
1442,0.72,0.06323397960977438,0.1239939,0.06323398,6.063564e+07,0.3826192,9.589091e+08,0.0,0.0,284407177.9150117,36165655.62834301,0.1271615,0.21016213090885427,0.19687274300821705,0.025034641806298233
1443,0.72,0.06323397960977438,0.1239939,0.06323398,6.063564e+07,0.3826192,9.589091e+08,0.01298997306475485,0.0,145516319.14826822,17158869.161663167,0.1179171,0.10752900098517089,0.1028763164997536,0.011877736924717146
1444,0.72,0.06323397960977438,0.1239939,0.06323398,6.063564e+07,0.3826192,9.589091e+08,0.0,0.0,112833048.17105842,17382259.46873032,0.1540529,0.08337776147006097,0.07810545380135452,0.012032372482216686
1445,0.72,0.06323397960977438,0.1239939,0.06323398,6.063564e+07,0.3826192,9.589091e+08,0.0,0.0,556643004.8372487,74680402.03031911,0.1341621,0.41133026567656505,0.38532021604389005,0.05169537458389622
1446,0.72,0.06323397960977438,0.1239939,0.06323398,6.063564e+07,0.3826192,9.589091e+08,0.0,0.0,338902056.83347034,38819273.49064941,0.1145442,0.2504310156855446,0.23459526594602975,0.026871532953975163
1447,0.72,0.06323397960977438,0.1239939,0.06323398,6.063564e+07,0.3826192,9.589091e+08,0.0,0.0,189986134.18747112,28671615.49825932,0.1509143,0.14038988430842614,0.13151247322664852,0.01984710664126062
1448,0.72,0.06323397960977438,0.1239939,0.06323398,6.063564e+07,0.3826192,9.589091e+08,0.001057930149351505,0.0,68405781.75794499,8731884.545593094,0.1276483,0.050548319371291554,0.04752678796331562,0.006044397594759983
1449,0.72,0.06323397960977438,0.1239939,0.06323398,6.063564e+07,0.3826192,9.589091e+08,2.988360797807672e-06,0.0,271715581.47072417,28334219.357700508,0.104279,0.200783700403265,0.18808784186072036,0.01961355380282963
1450,0.72,0.06323397960977438,0.1239939,0.06323398,6.063564e+07,0.3826192,9.589091e+08,1.0577993629081434e-05,0.0,181195986.90730315,26587701.19839033,0.1467345,0.13389442207380275,0.12542949310226428,0.01840457650746824
1451,0.72,0.06323397960977438,0.1239939,0.06323398,6.063564e+07,0.3826192,9.589091e+08,0.001150535190562016,0.0,229020794.5473542,34740146.81581452,0.1516899,0.16923447065352837,0.15872324604928761,0.02404787405956881
1452,0.72,0.06323397960977438,0.1239939,0.06323398,6.063564e+07,0.3826192,9.589091e+08,0.0,0.0,54804354.8385344,10297955.674077662,0.187904,0.04049757140585667,0.037936748801333346,0.007128465588651698
1453,0.72,0.06323397960977438,0.1239939,0.06323398,6.063564e+07,0.3826192,9.589091e+08,0.0032492113624348856,0.0,231557332.6056856,27120994.79929314,0.1171243,0.17110884051781372,0.16082593207110651,0.018773733765763034
1454,0.72,0.06323397960977438,0.1239939,0.06323398,6.063564e+07,0.3826192,9.589091e+08,0.03819607951506394,0.00018046941006281372,72229328.47556491,7786547.6004085615,0.1078031,0.05337372178094763,0.05631120599238533,0.0054014269030261824
1455,0.72,0.06323397960977438,0.1239939,0.06323398,6.063564e+07,0.3826192,9.589091e+08,0.06587546093186095,0.0013000005896167293,15950375.56469094,2256968.3425751785,0.1414994,0.0117864989978336,0.021928172187327646,0.001644526061240728
1456,0.72,0.06323397960977438,0.1239939,0.06323398,6.063564e+07,0.3826192,9.589091e+08,0.0,0.0,196928296.08333904,24936155.03226687,0.1266256,0.1455197813379091,0.13631798645196894,0.01726134086091015
1457,0.72,0.06323397960977438,0.1239939,0.06323398,6.063564e+07,0.3826192,9.589091e+08,0.028567767476858207,3.710823323456047e-06,83470889.64717436,10328725.028226972,0.1237404,0.06168065154231136,0.06250162195919484,0.007149999445065247
1458,0.72,0.06323397960977438,0.1239939,0.06323398,6.063564e+07,0.3826192,9.589091e+08,0.0,0.0,577787205.2827713,82426958.42208311,0.1426597,0.42695473146737883,0.3999566846834739,0.057057706916345825
1459,0.72,0.06323397960977438,0.1239939,0.06323398,6.063564e+07,0.3826192,9.589091e+08,0.051094198116601826,1.7845243384942743e-05,50100838.89614486,6299019.544605141,0.1257268,0.037021917449219385,0.04312501306390904,0.0043614447338748315
1460,0.72,0.06323397960977438,0.1239939,0.06323398,6.063564e+07,0.3826192,9.589091e+08,0.029863321127528403,3.338760387188433e-08,59179180.522321284,11134747.04743727,0.1881531,0.0437303403352477,0.04590049146246147,0.007707712619812833
1461,0.72,0.06323397960977438,0.1239939,0.06323398,6.063564e+07,0.3826192,9.589091e+08,0.0,0.0,194571045.03217465,28824101.843902916,0.1481418,0.14377789525883172,0.13468624676169846,0.019952660957288204
1462,0.72,0.06323397960977438,0.1239939,0.06323398,6.063564e+07,0.3826192,9.589091e+08,0.019352754673912665,3.793575119167831e-08,81271681.09452373,14742389.546722542,0.1813964,0.06005555066009611,0.05945635345782299,0.01020500035224247
1463,0.72,0.06323397960977438,0.1239939,0.06323398,6.063564e+07,0.3826192,9.589091e+08,0.0001095600094905223,0.0,79940810.4391762,11242085.386035066,0.1406301,0.05907210637805524,0.055354848563178446,0.00778201240667243
1464,0.72,0.06323397960977438,0.1239939,0.06323398,6.063564e+07,0.3826192,9.589091e+08,0.0,0.0,142272970.91971684,13555927.427748073,0.09528112,0.1051323351204454,0.09848439918511119,0.00938370345040515
1465,0.72,0.06323397960977438,0.1239939,0.06323398,6.063564e+07,0.3826192,9.589091e+08,0.0,0.0,93451293.32113595,12824105.374823842,0.1372277,0.06905565142391461,0.0646889877698351,0.008877120543428901
1466,0.72,0.06323397960977438,0.1239939,0.06323398,6.063564e+07,0.3826192,9.589091e+08,0.0,0.0,138920941.5308109,17721888.716256868,0.1275682,0.10265535952367585,0.09616405261272168,0.012267471125143162
1467,0.72,0.06323397960977438,0.1239939,0.06323398,6.063564e+07,0.3826192,9.589091e+08,0.0,0.0,214270113.1416356,22643505.974580634,0.1056774,0.1583344833208957,0.148322363831058,0.015674320054857315
1468,0.72,0.06323397960977438,0.1239939,0.06323398,6.063564e+07,0.3826192,9.589091e+08,0.001352381284785874,0.0,147637050.14231238,17188374.661297634,0.1164232,0.10909611102810363,0.10242103254670794,0.011898161263826482
1469,0.72,0.06323397960977438,0.1239939,0.06323398,6.063564e+07,0.3826192,9.589091e+08,2.2227892793064727e-05,0.0,292346023.03100204,47876676.486046225,0.1637672,0.2160285250651595,0.20237185523318332,0.03314126139510285
1470,0.72,0.06323397960977438,0.1239939,0.06323398,6.063564e+07,0.3826192,9.589091e+08,0.04344808652075859,2.2225222631954265e-08,61806335.22533479,8284154.603044705,0.1340341,0.04567167119285892,0.049964165422195554,0.005734470739679148
1471,0.72,0.06323397960977438,0.1239939,0.06323398,6.063564e+07,0.3826192,9.589091e+08,0.0,0.0,24045474.58542412,2574509.3929309584,0.1070684,0.017768356673112995,0.01664479276954617,0.0017821305699893331
1472,0.72,0.06323397960977438,0.1239939,0.06323398,6.063564e+07,0.3826192,9.589091e+08,0.0,0.0,35689157.030089445,5103138.219309127,0.1429885,0.026372433167019656,0.024704799265876196,0.0035325016286532596
1473,0.72,0.06323397960977438,0.1239939,0.06323398,6.063564e+07,0.3826192,9.589091e+08,0.05202929421913782,0.029776235621476865,606909.5406849813,63207.81073125963,0.104147,0.0004484746245658566,0.0090187942618436,0.0019266236771891085
1474,0.72,0.06323397960977438,0.1239939,0.06323398,6.063564e+07,0.3826192,9.589091e+08,1.2945918517538122e-12,0.0,559128302.5376276,74701052.92531744,0.1336027,0.41316677157801096,0.38704059236882465,0.05170966957593439
1475,0.72,0.06323397960977438,0.1239939,0.06323398,6.063564e+07,0.3826192,9.589091e+08,0.0019464108495427799,0.0,223886889.97180912,26913787.690231502,0.1202115,0.16544078185358646,0.15530097855475922,0.01863030056470663
1476,0.72,0.06323397960977438,0.1239939,0.06323398,6.063564e+07,0.3826192,9.589091e+08,0.003101036048686416,0.002201579564622137,25505.630242377087,2334.020412180187,0.09151001,1.884733585561293e-05,0.0005301516734292535,0.0001408302962427771
1477,0.72,0.06323397960977438,0.1239939,0.06323398,6.063564e+07,0.3826192,9.589091e+08,0.001896153792633636,2.309735569436728e-13,231124787.5143266,25723994.932733156,0.1112992,0.17078921216391424,0.16030290054417304,0.017806700522355196
1478,0.72,0.06323397960977438,0.1239939,0.06323398,6.063564e+07,0.3826192,9.589091e+08,0.0,0.0,413680414.76550025,55257261.767216966,0.1335748,0.3056883378251309,0.2863584477041507,0.03825026068254124
1479,0.72,0.06323397960977438,0.1239939,0.06323398,6.063564e+07,0.3826192,9.589091e+08,0.034270448820957485,0.0,40453081.930224426,5137562.7016863795,0.1270005,0.02989272620547912,0.0336662335426894,0.0035563309930242
1480,0.72,0.06323397960977438,0.1239939,0.06323398,6.063564e+07,0.3826192,9.589091e+08,0.0,0.0,418118083.5775469,72028758.92592229,0.1722689,0.30896754456191083,0.28943029714900087,0.04985985040596065
1481,0.72,0.06323397960977438,0.1239939,0.06323398,6.063564e+07,0.3826192,9.589091e+08,0.05139504716924672,0.0004788650331712769,52408152.07839278,4915699.525292423,0.09379647,0.03872690203719704,0.04477190484043699,0.0034330330898443484
1482,0.72,0.06323397960977438,0.1239939,0.06323398,6.063564e+07,0.3826192,9.589091e+08,0.0,0.0,457143342.9949356,66941274.77378585,0.1464339,0.337805184098843,0.3164444179754607,0.046338184858049504
1483,0.72,0.06323397960977438,0.1239939,0.06323398,6.063564e+07,0.3826192,9.589091e+08,6.574307164080396e-10,0.0,412888511.28090906,73875073.43461445,0.1789226,0.30510316228555445,0.285810275251363,0.05113790887286304
1484,0.72,0.06323397960977438,0.1239939,0.06323398,6.063564e+07,0.3826192,9.589091e+08,0.021352008946627702,0.010490027254283742,183276.19932794457,19093.34233247022,0.104178,0.0001354315909957338,0.003655630930069384,0.0006765429902100102
1485,0.72,0.06323397960977438,0.1239939,0.06323398,6.063564e+07,0.3826192,9.589091e+08,7.1772420159466415e-09,0.0,375360593.2330291,56801470.743627645,0.1513251,0.27737198024108395,0.2598326472843513,0.0393191952262915
1486,0.72,0.06323397960977438,0.1239939,0.06323398,6.063564e+07,0.3826192,9.589091e+08,0.0,0.0,240417896.53967226,34134752.10729628,0.1419809,0.17765633700180625,0.1664224198102868,0.023628806869554847
1487,0.72,0.06323397960977438,0.1239939,0.06323398,6.063564e+07,0.3826192,9.589091e+08,8.172629208040268e-08,0.0,325892658.66905975,40034561.73107736,0.1228459,0.24081774621703883,0.22558989526966422,0.02771278151595828
1488,0.72,0.06323397960977438,0.1239939,0.06323398,6.063564e+07,0.3826192,9.589091e+08,0.007714211448228241,4.741881171525482e-05,74772497.60006303,8300148.84698241,0.1110054,0.055252991658678516,0.05303402274117694,0.005748539372851368
1489,0.72,0.06323397960977438,0.1239939,0.06323398,6.063564e+07,0.3826192,9.589091e+08,1.0030972555310217e-05,0.0,190566955.21317008,22132186.50183267,0.1161386,0.14081908087558886,0.13191618776653485,0.015320373758946711
1490,0.72,0.06323397960977438,0.1239939,0.06323398,6.063564e+07,0.3826192,9.589091e+08,0.0023751691932540914,0.0,141454037.59504122,20587997.978795048,0.1455455,0.10452718593311536,0.09831005093542183,0.01425145337345957
1491,0.72,0.06323397960977438,0.1239939,0.06323398,6.063564e+07,0.3826192,9.589091e+08,0.0005627472967999218,0.0,155689628.03810057,28662233.618953414,0.1840985,0.11504654780081441,0.10786469979328624,0.01984061230336428
1492,0.72,0.06323397960977438,0.1239939,0.06323398,6.063564e+07,0.3826192,9.589091e+08,0.008601374791180756,1.561453467255005e-05,94810997.07198127,8680337.807096345,0.09155412,0.0700604018657892,0.06705171949775712,0.006009703206963781
1493,0.72,0.06323397960977438,0.1239939,0.06323398,6.063564e+07,0.3826192,9.589091e+08,0.0004479831052888342,0.0,81276281.63960269,9929617.618162703,0.1221712,0.06005895022393351,0.056335220210173384,0.006873494093368405
1494,0.72,0.06323397960977438,0.1239939,0.06323398,6.063564e+07,0.3826192,9.589091e+08,4.878714320991403e-09,0.0,460821445.416796,67664906.23049523,0.1468354,0.34052311072905694,0.31899048009484493,0.046839098058812596
1495,0.72,0.06323397960977438,0.1239939,0.06323398,6.063564e+07,0.3826192,9.589091e+08,0.0002773988562005617,0.0,148318484.8229528,15381299.38114812,0.1037045,0.10959965585987781,0.10271507808273787,0.010647265031764124
1496,0.72,0.06323397960977438,0.1239939,0.06323398,6.063564e+07,0.3826192,9.589091e+08,0.0,0.0,512177719.1423438,59537987.91068502,0.1162448,0.3784727293034686,0.3545403924558374,0.041213471049135364
1497,0.72,0.06323397960977438,0.1239939,0.06323398,6.063564e+07,0.3826192,9.589091e+08,0.0,0.0,483083765.0918457,67066176.042721294,0.1388293,0.3569738085496326,0.3344009340185816,0.04642464419286937
1498,0.72,0.06323397960977438,0.1239939,0.06323398,6.063564e+07,0.3826192,9.589091e+08,0.008079761643437119,0.0,141519183.16166505,22565207.389805146,0.1594498,0.10457532512285486,0.09929792183140607,0.015620120096644523
1499,0.72,0.06323397960977438,0.1239939,0.06323398,6.063564e+07,0.3826192,9.589091e+08,0.0729845098013813,5.2440471290712605e-05,39877330.82111554,6113438.833435147,0.1533061,0.029467276043318946,0.039665808109607445,0.0042351693827990386
1500,0.72,0.06323397960977438,0.1239939,0.06323398,6.063564e+07,0.3826192,9.589091e+08,0.0,0.0,114128646.46849792,16447562.45883633,0.1441142,0.08433514131183535,0.0790022947057353,0.011385355182694106
1501,0.72,0.06323397960977438,0.1239939,0.06323398,6.063564e+07,0.3826192,9.589091e+08,2.0104291270092133e-06,0.0,221945938.08328152,30837197.622288015,0.1389401,0.16400651923097986,0.1536360665938365,0.02134616899296573
1502,0.72,0.06323397960977438,0.1239939,0.06323398,6.063564e+07,0.3826192,9.589091e+08,0.0,0.0,616697918.441414,77192730.10746375,0.1251711,0.455707727269219,0.42689151413506055,0.05343446191463801
1503,0.72,0.06323397960977438,0.1239939,0.06323398,6.063564e+07,0.3826192,9.589091e+08,0.00011708033711402914,0.0,236203426.53288525,40705241.23506561,0.1723313,0.1745420625880202,0.16352442277182808,0.028177040240360142
1504,0.72,0.06323397960977438,0.1239939,0.06323398,6.063564e+07,0.3826192,9.589091e+08,0.0,0.0,81849164.54277804,12517579.922828782,0.1529347,0.060482280930898163,0.0566577456117611,0.008664937057138222
1505,0.72,0.06323397960977438,0.1239939,0.06323398,6.063564e+07,0.3826192,9.589091e+08,8.428603267137881e-05,0.0,221142557.09627068,29152036.87307366,0.1318246,0.16341286241331573,0.1530935464272899,0.020179664611677747
1506,0.72,0.06323397960977438,0.1239939,0.06323398,6.063564e+07,0.3826192,9.589091e+08,0.0032854032908615403,0.0,84903504.6212371,11947148.464147277,0.1407144,0.06273927959076002,0.05931499104884902,0.008270072177875697
1507,0.72,0.06323397960977438,0.1239939,0.06323398,6.063564e+07,0.3826192,9.589091e+08,4.750508055348628e-07,0.0,268054924.60545808,31712892.414743222,0.1183074,0.1980786651331624,0.185553441370794,0.021952343693240648
1508,0.72,0.06323397960977438,0.1239939,0.06323398,6.063564e+07,0.3826192,9.589091e+08,0.0008082413338556933,0.0,157700303.95858908,23216685.64894696,0.1472203,0.1165323328612156,0.1092971045932263,0.01607108730790736
1509,0.72,0.06323397960977438,0.1239939,0.06323398,6.063564e+07,0.3826192,9.589091e+08,0.014208385271560422,0.00798552781472591,76478.68774470367,9570.667322113519,0.1251416,5.6513777547284025e-05,0.002401104588828467,0.0005115817240162954
1510,0.72,0.06323397960977438,0.1239939,0.06323398,6.063564e+07,0.3826192,9.589091e+08,1.4033908594916895e-14,0.0,579313408.0314786,65054775.926103845,0.1122963,0.42808251601985986,0.40101315493056144,0.04503230993060311
1511,0.72,0.06323397960977438,0.1239939,0.06323398,6.063564e+07,0.3826192,9.589091e+08,0.0,0.0,312354197.6907904,39263763.528285116,0.1257027,0.23081352681133277,0.21621826896328483,0.027179218482837997
1512,0.72,0.06323397960977438,0.1239939,0.06323398,6.063564e+07,0.3826192,9.589091e+08,0.0,0.0,122014451.59892398,11548124.113810161,0.09464554,0.09016234167397796,0.08446101799899614,0.00799385897202822
1513,0.72,0.06323397960977438,0.1239939,0.06323398,6.063564e+07,0.3826192,9.589091e+08,0.013393009459654251,0.010440452720442752,16359.351457321578,2047.104078280143,0.1251336,1.2088710938178123e-05,0.0022247347165857156,0.0006616084237509065
1514,0.72,0.06323397960977438,0.1239939,0.06323398,6.063564e+07,0.3826192,9.589091e+08,0.07438346438020267,0.00018888754294051738,37328274.61214265,4284518.358350919,0.1147794,0.027583655915966628,0.03813249654444958,0.0029777795300368446
1515,0.72,0.06323397960977438,0.1239939,0.06323398,6.063564e+07,0.3826192,9.589091e+08,0.002930597262565745,0.0,124768751.4699363,17363975.957846135,0.1391693,0.09219762620616691,0.08685193176695587,0.012019716244192109
1516,0.72,0.06323397960977438,0.1239939,0.06323398,6.063564e+07,0.3826192,9.589091e+08,0.0,0.0,135644684.49641302,19643157.82720494,0.1448133,0.1002343757608823,0.0938961572878202,0.013597414773901332
1517,0.72,0.06323397960977438,0.1239939,0.06323398,6.063564e+07,0.3826192,9.589091e+08,0.0008923916965928086,0.0,189005811.95830134,40173490.08295643,0.2125516,0.13966547710404395,0.13098135526684554,0.027808950698172862
1518,0.72,0.06323397960977438,0.1239939,0.06323398,6.063564e+07,0.3826192,9.589091e+08,0.0,0.0,59093513.389005445,9035870.458447699,0.152908,0.04366703677371843,0.04090579626074985,0.006254823157638802
1519,0.72,0.06323397960977438,0.1239939,0.06323398,6.063564e+07,0.3826192,9.589091e+08,2.3851189299409875e-08,0.0,360810109.2830509,42917624.95379024,0.118948,0.26661992842895876,0.2497604932529155,0.029708499658807713
1520,0.72,0.06323397960977438,0.1239939,0.06323398,6.063564e+07,0.3826192,9.589091e+08,0.0,0.0,302322406.51980305,44626584.08269316,0.1476126,0.22340055423875815,0.2092740481472122,0.03089147778848273
1521,0.72,0.06323397960977438,0.1239939,0.06323398,6.063564e+07,0.3826192,9.589091e+08,0.04461564143152027,3.832646930399451e-05,49019925.91394413,8077993.153325771,0.16479,0.03622317890354797,0.04130609614674339,0.005594183496216019
1522,0.72,0.06323397960977438,0.1239939,0.06323398,6.063564e+07,0.3826192,9.589091e+08,2.5405684174777443e-06,0.0,344604726.684793,51806307.45442509,0.1503355,0.25464499247969496,0.23854319608733351,0.03586143615801256
1523,0.72,0.06323397960977438,0.1239939,0.06323398,6.063564e+07,0.3826192,9.589091e+08,9.653199485659748e-05,0.0,219603777.08944073,33254825.434684414,0.151431,0.1622757839204095,0.15203039377501365,0.023019702771152104
1524,0.72,0.06323397960977438,0.1239939,0.06323398,6.063564e+07,0.3826192,9.589091e+08,0.024965997054571115,4.7074249504569075e-05,56836056.26363995,7116583.66686501,0.1252125,0.04199889322199709,0.04346916899716828,0.004929228404957049
1525,0.72,0.06323397960977438,0.1239939,0.06323398,6.063564e+07,0.3826192,9.589091e+08,3.918993798264258e-07,0.0,307932824.3003281,33705105.15930915,0.109456,0.22754636154463567,0.2131577643261254,0.02333139604541379
1526,0.72,0.06323397960977438,0.1239939,0.06323398,6.063564e+07,0.3826192,9.589091e+08,5.199781606669845e-05,0.0,196519191.54582432,33876581.23330986,0.1723831,0.14521747433567772,0.13604338900075363,0.023450095458333983
1527,0.72,0.06323397960977438,0.1239939,0.06323398,6.063564e+07,0.3826192,9.589091e+08,2.694388042934114e-07,0.0,96859887.35156758,9923216.12130404,0.1024492,0.07157442535251347,0.06704853412829134,0.006869062840067548
1528,0.72,0.06323397960977438,0.1239939,0.06323398,6.063564e+07,0.3826192,9.589091e+08,8.997714957698475e-05,0.0,188102355.55817026,27815041.997782633,0.1478718,0.13899786975451522,0.13022335146513683,0.019254168109036275
1529,0.72,0.06323397960977438,0.1239939,0.06323398,6.063564e+07,0.3826192,9.589091e+08,0.0,0.0,576372389.317334,78436856.31064284,0.1360871,0.4259092559617324,0.39897731875463405,0.054295672732395425
1530,0.72,0.06323397960977438,0.1239939,0.06323398,6.063564e+07,0.3826192,9.589091e+08,0.0,0.0,488905684.045663,63789753.20835566,0.1304746,0.36127590423611533,0.33843099107414604,0.044156634097677346
1531,0.72,0.06323397960977438,0.1239939,0.06323398,6.063564e+07,0.3826192,9.589091e+08,0.0002842019403453981,0.0,189596190.16208014,28497771.440252356,0.1503077,0.14010173592935873,0.13128951456222515,0.019726768059068655
1532,0.72,0.06323397960977438,0.1239939,0.06323398,6.063564e+07,0.3826192,9.589091e+08,3.3165182149153956e-09,0.0,423762098.6200106,52613961.39335222,0.1241592,0.31313817849914666,0.2933372058529977,0.03642051152145324
1533,0.72,0.06323397960977438,0.1239939,0.06323398,6.063564e+07,0.3826192,9.589091e+08,0.0,0.0,278874108.8679542,37302694.11012129,0.1337618,0.20607348029911857,0.19304263404776884,0.025821724208559126
1534,0.72,0.06323397960977438,0.1239939,0.06323398,6.063564e+07,0.3826192,9.589091e+08,6.617032869507561e-08,0.0,147206064.92502338,18141120.274775025,0.1232362,0.10877763534011399,0.10189920350072981,0.012557672193506291
1535,0.72,0.06323397960977438,0.1239939,0.06323398,6.063564e+07,0.3826192,9.589091e+08,0.0,0.0,217470368.8060257,27908547.394165788,0.1283326,0.16069930601915525,0.1505376493790351,0.019318894548104995
1536,0.72,0.06323397960977438,0.1239939,0.06323398,6.063564e+07,0.3826192,9.589091e+08,0.9026697241254478,1.0567463704754403,68.43047790570135,10.786692019516186,0.1576299,5.0566568541638686e-08,0.14918075106959158,0.06682228591012644
1537,0.72,0.06323397960977438,0.1239939,0.06323398,6.063564e+07,0.3826192,9.589091e+08,0.0,0.0,11411072.214315733,1320773.8962782423,0.1157449,0.008432189616649021,0.007898988710364086,0.0009142679933755048
1538,0.72,0.06323397960977438,0.1239939,0.06323398,6.063564e+07,0.3826192,9.589091e+08,3.006374664517696e-17,0.0,493796821.57980806,70285870.1433965,0.1423376,0.3648902008030303,0.341816741285645,0.04865338544298197
1539,0.72,0.06323397960977438,0.1239939,0.06323398,6.063564e+07,0.3826192,9.589091e+08,0.0,0.0,32888930.012294155,4322194.607338739,0.1314179,0.024303210859050114,0.022766422119136893,0.0029919157258976735
1540,0.72,0.06323397960977438,0.1239939,0.06323398,6.063564e+07,0.3826192,9.589091e+08,4.472482724062625e-05,0.0,394209257.2198608,52275929.81107682,0.1326096,0.2913001638308851,0.27288748670859103,0.03618651881664938
1541,0.72,0.06323397960977438,0.1239939,0.06323398,6.063564e+07,0.3826192,9.589091e+08,0.025442936936207857,0.013663119308707039,288037.1498719611,23839.27068720482,0.08276457,0.00021284449162564266,0.004404240413728012,0.0008804754617852277
1542,0.72,0.06323397960977438,0.1239939,0.06323398,6.063564e+07,0.3826192,9.589091e+08,8.945065774924403e-11,0.0,48401576.048957184,5892643.565409849,0.1217449,0.03576625047359219,0.03350460813521014,0.004079014147240073
1543,0.72,0.06323397960977438,0.1239939,0.06323398,6.063564e+07,0.3826192,9.589091e+08,0.004262947399366414,0.0,137642715.19860727,23952849.151084792,0.1740219,0.10171081666182165,0.09598375764049538,0.016580675459060563
1544,0.72,0.06323397960977438,0.1239939,0.06323398,6.063564e+07,0.3826192,9.589091e+08,2.906288062439163e-05,0.0,313591112.56747067,46020035.624751344,0.1467517,0.2317275426534845,0.21707929105520807,0.031856054805649306
1545,0.72,0.06323397960977438,0.1239939,0.06323398,6.063564e+07,0.3826192,9.589091e+08,0.03323780476146076,0.010346703336431368,535947.9916120961,49026.59687263515,0.09147641,0.0003960377259085122,0.005864077005956255,0.000688200488732201
1546,0.72,0.06323397960977438,0.1239939,0.06323398,6.063564e+07,0.3826192,9.589091e+08,0.0,0.0,50136450.323946185,5631514.644938366,0.1123238,0.03704823244452401,0.034705525269548794,0.003898255112855371
1547,0.72,0.06323397960977438,0.1239939,0.06323398,6.063564e+07,0.3826192,9.589091e+08,0.0,0.0,230968854.5690817,32446993.358520538,0.1404821,0.17067398581733673,0.15988159047824435,0.022460504097298904
1548,0.72,0.06323397960977438,0.1239939,0.06323398,6.063564e+07,0.3826192,9.589091e+08,0.004777386522256881,0.0,182806468.05514994,24339420.048479535,0.1331431,0.13508448398539474,0.12733209451187347,0.01684826811792093
1549,0.72,0.06323397960977438,0.1239939,0.06323398,6.063564e+07,0.3826192,9.589091e+08,0.0018270012357488933,2.3133734379680702e-07,115403226.75074568,11520915.542197863,0.09983183,0.08527698993216674,0.08018652785612444,0.007975039244096723
1550,0.72,0.06323397960977438,0.1239939,0.06323398,6.063564e+07,0.3826192,9.589091e+08,0.0,0.0,269423351.0258323,38917366.128567345,0.1444469,0.19908986117471858,0.18650061695268358,0.026939434779932547
1551,0.72,0.06323397960977438,0.1239939,0.06323398,6.063564e+07,0.3826192,9.589091e+08,0.0,0.0,606212729.9061681,65495859.201488644,0.108041,0.4479597175962463,0.419633441947765,0.04533763722563363
1552,0.72,0.06323397960977438,0.1239939,0.06323398,6.063564e+07,0.3826192,9.589091e+08,1.8600978196667775e-16,0.0,182625103.23129863,26315011.729668833,0.1440931,0.13495046480158956,0.1264170098619963,0.018215815013858196
1553,0.72,0.06323397960977438,0.1239939,0.06323398,6.063564e+07,0.3826192,9.589091e+08,0.054220113287715074,0.00013583582640255856,33181074.466126394,4940992.882836596,0.14891,0.02451909043494793,0.031929397363249394,0.0034288505920719897
1554,0.72,0.06323397960977438,0.1239939,0.06323398,6.063564e+07,0.3826192,9.589091e+08,2.898098112493189e-10,0.0,506143935.37941575,73209884.33835848,0.1446424,0.37401407652839996,0.35036367808733027,0.05067745072634535
1555,0.72,0.06323397960977438,0.1239939,0.06323398,6.063564e+07,0.3826192,9.589091e+08,3.86566785835138e-05,0.0,170720715.6004339,19403307.423446763,0.1136553,0.12615374071744861,0.11818292628768205,0.01343138518475499
1556,0.72,0.06323397960977438,0.1239939,0.06323398,6.063564e+07,0.3826192,9.589091e+08,0.0,0.0,442718301.7335899,56059152.03882479,0.1266249,0.3271458279174794,0.30645909530552273,0.03880534631195602
1557,0.72,0.06323397960977438,0.1239939,0.06323398,6.063564e+07,0.3826192,9.589091e+08,0.0,0.0,353263129.15330577,47478803.69360843,0.1344007,0.26104310214200765,0.24453630794388767,0.03286584532230959
1558,0.72,0.06323397960977438,0.1239939,0.06323398,6.063564e+07,0.3826192,9.589091e+08,2.871946687841792e-08,0.0,313343214.12877107,50468528.292464,0.1610647,0.2315443585844043,0.21690289208127403,0.03493539675533188
1559,0.72,0.06323397960977438,0.1239939,0.06323398,6.063564e+07,0.3826192,9.589091e+08,0.0,0.0,580456064.1685404,83570926.08688603,0.1439746,0.4289268795497168,0.40180412599418586,0.05784958584757926
1560,0.72,0.06323397960977438,0.1239939,0.06323398,6.063564e+07,0.3826192,9.589091e+08,1.5178616671604837e-05,0.0,297471078.10943985,40220696.66601468,0.1352088,0.2198156745464275,0.20591836317501053,0.02784162810653806
1561,0.72,0.06323397960977438,0.1239939,0.06323398,6.063564e+07,0.3826192,9.589091e+08,0.0,0.0,207040922.4650452,31940370.66867466,0.1542708,0.15299248693220868,0.14331816313308873,0.022109809015158733
1562,0.72,0.06323397960977438,0.1239939,0.06323398,6.063564e+07,0.3826192,9.589091e+08,0.0,0.0,409881376.68406314,62133027.269033685,0.1515878,0.3028810460245094,0.28372867213600844,0.043009812901115815
1563,0.72,0.06323397960977438,0.1239939,0.06323398,6.063564e+07,0.3826192,9.589091e+08,0.0,0.0,196895480.33367205,29713689.329550605,0.150911,0.14549553220352388,0.13629527068685296,0.020568452477492304
1564,0.72,0.06323397960977438,0.1239939,0.06323398,6.063564e+07,0.3826192,9.589091e+08,0.03230285507429481,0.0,74846157.7997113,8933458.716563895,0.1193576,0.05530742271992929,0.05714868111366295,0.006183931555363775
1565,0.72,0.06323397960977438,0.1239939,0.06323398,6.063564e+07,0.3826192,9.589091e+08,0.005747123500701922,0.0,124490046.03652191,20483216.52932749,0.164537,0.0919916773682661,0.08712448219687127,0.014178921408815486
1566,0.72,0.06323397960977438,0.1239939,0.06323398,6.063564e+07,0.3826192,9.589091e+08,0.0,0.0,296034093.43549776,37628006.03193205,0.127107,0.21875381751675266,0.20492114308033801,0.026046912091824498
1567,0.72,0.06323397960977438,0.1239939,0.06323398,6.063564e+07,0.3826192,9.589091e+08,0.0,0.0,130910616.56194742,16795855.47894777,0.1283002,0.09673614546912829,0.09061913401900525,0.0116264510746566
1568,0.72,0.06323397960977438,0.1239939,0.06323398,6.063564e+07,0.3826192,9.589091e+08,3.2905519848335065e-05,0.0,290866150.2420086,48538406.74674266,0.1668754,0.21493497594629082,0.20134922022676602,0.033599325261528125
1569,0.72,0.06323397960977438,0.1239939,0.06323398,6.063564e+07,0.3826192,9.589091e+08,0.0,0.0,464978338.97144485,75441886.12395073,0.1622482,0.3435948391355297,0.3218679700836099,0.052222490191066936
1570,0.72,0.06323397960977438,0.1239939,0.06323398,6.063564e+07,0.3826192,9.589091e+08,0.000152841104834411,0.0,200870084.42778033,30601523.610964574,0.1523449,0.14843255816770845,0.13907183626421846,0.021183030392157066
1571,0.72,0.06323397960977438,0.1239939,0.06323398,6.063564e+07,0.3826192,9.589091e+08,1.3354475327082131e-06,0.0,287870396.465313,46237311.54614758,0.1606185,0.21272126952015857,0.19927027780495926,0.03200645785436454
1572,0.72,0.06323397960977438,0.1239939,0.06323398,6.063564e+07,0.3826192,9.589091e+08,0.0019865404200101154,0.0,128121036.54398118,19728316.034444477,0.1539819,0.09467479074097253,0.08901643473877854,0.013656363109776035
1573,0.72,0.06323397960977438,0.1239939,0.06323398,6.063564e+07,0.3826192,9.589091e+08,0.0,0.0,424942649.11050093,64934207.696800455,0.152807,0.31401054398775985,0.2941544076519837,0.04494885001866764
1574,0.72,0.06323397960977438,0.1239939,0.06323398,6.063564e+07,0.3826192,9.589091e+08,0.024398315860847796,0.015230881919987012,10278.60863710629,1286.1317471620494,0.125127,7.5953578590689755e-06,0.004039329549779858,0.0009639995647227636
1575,0.72,0.06323397960977438,0.1239939,0.06323398,6.063564e+07,0.3826192,9.589091e+08,0.01824115216277037,0.0,92664810.31366241,12467069.177056205,0.1345394,0.06847448133536067,0.0671592114321351,0.008629972436538492
1576,0.72,0.06323397960977438,0.1239939,0.06323398,6.063564e+07,0.3826192,9.589091e+08,0.0,0.0,183125381.60391116,30567257.644621283,0.1669198,0.1353201445319207,0.12676331327179752,0.021159310755981615
1577,0.72,0.06323397960977438,0.1239939,0.06323398,6.063564e+07,0.3826192,9.589091e+08,0.04981702162487881,0.00034241585495151924,12194263.657657268,2311426.5353855873,0.1895503,0.009010927410290167,0.01667419542184133,0.0016216712956819647
1578,0.72,0.06323397960977438,0.1239939,0.06323398,6.063564e+07,0.3826192,9.589091e+08,0.0,0.0,11779261.261347083,1423877.9554188815,0.1208801,0.008704262196774028,0.008153857058505088,0.000985638832491122
1579,0.72,0.06323397960977438,0.1239939,0.06323398,6.063564e+07,0.3826192,9.589091e+08,0.09830864766361559,0.0020039793582791966,32874343.75120418,3176869.535728121,0.09663674,0.024292432369789983,0.03900341186227794,0.0023258167584644263
1580,0.72,0.06323397960977438,0.1239939,0.06323398,6.063564e+07,0.3826192,9.589091e+08,0.0,0.0,465994083.1429077,62639482.68810995,0.1344212,0.3443454213152687,0.3225710899650998,0.04336039219484488
1581,0.72,0.06323397960977438,0.1239939,0.06323398,6.063564e+07,0.3826192,9.589091e+08,0.0,0.0,294648063.79112375,42468828.24223734,0.1441341,0.21772961360706256,0.20396170365978952,0.029397832957973283
1582,0.72,0.06323397960977438,0.1239939,0.06323398,6.063564e+07,0.3826192,9.589091e+08,0.0,0.0,551563733.2291495,80808363.3744846,0.1465078,0.4075769478016485,0.381804235394945,0.055937280740127944
1583,0.72,0.06323397960977438,0.1239939,0.06323398,6.063564e+07,0.3826192,9.589091e+08,2.432423216568471e-10,0.0,337877490.9828351,43907071.56762285,0.1299497,0.24967391474314052,0.23388603954937992,0.030393415807385464
1584,0.72,0.06323397960977438,0.1239939,0.06323398,6.063564e+07,0.3826192,9.589091e+08,0.0,0.0,74375541.53075035,12626980.726369523,0.1697733,0.054959661743394575,0.05148434361335266,0.008740666637658179
1585,0.72,0.06323397960977438,0.1239939,0.06323398,6.063564e+07,0.3826192,9.589091e+08,0.0,0.0,427849467.73303545,67350117.49263857,0.1574155,0.316158531954716,0.29616656979163525,0.04662119454897764
1586,0.72,0.06323397960977438,0.1239939,0.06323398,6.063564e+07,0.3826192,9.589091e+08,1.3463397235807034e-05,0.0,396939992.0430634,51984093.43920367,0.1309621,0.29331803501683235,0.27477259341453497,0.035984503426385914
1587,0.72,0.06323397960977438,0.1239939,0.06323398,6.063564e+07,0.3826192,9.589091e+08,0.0,0.0,302339919.4198465,38412308.85738048,0.1270501,0.22341349536218022,0.2092861709518997,0.026589823314132916
1588,0.72,0.06323397960977438,0.1239939,0.06323398,6.063564e+07,0.3826192,9.589091e+08,0.0,0.0,239604682.59954438,35820673.15489866,0.1494991,0.17705541414256276,0.1658594956948718,0.02479583754567917
1589,0.72,0.06323397960977438,0.1239939,0.06323398,6.063564e+07,0.3826192,9.589091e+08,0.0,0.0,500771138.3242156,61567966.47081101,0.1229463,0.370043858595296,0.34664451278615876,0.04261866570810877
0,0.78,0.05628369231669917,0.1100117,0.05628369,5.014187e+07,0.383995,8.908774e+08,0.0,0.0,125632702.40785147,19694932.26272844,0.156766,0.10021446582509642,0.09457402566491434,0.014825988724155817
1,0.78,0.05628369231669917,0.1100117,0.05628369,5.014187e+07,0.383995,8.908774e+08,0.0,0.0,506534214.4860952,69622044.72920822,0.1374479,0.4040512920120586,0.38130979341228716,0.05241021580263687
2,0.78,0.05628369231669917,0.1100117,0.05628369,5.014187e+07,0.383995,8.908774e+08,0.0,0.0,96023714.00378536,9470673.034024743,0.09862848,0.07659602174433358,0.07228491482379232,0.007129351334624259
3,0.78,0.05628369231669917,0.1100117,0.05628369,5.014187e+07,0.383995,8.908774e+08,0.0,0.0,69253687.88987622,10419036.269218963,0.1504474,0.05524215594576084,0.05213292343759853,0.00784326202209598
4,0.78,0.05628369231669917,0.1100117,0.05628369,5.014187e+07,0.383995,8.908774e+08,0.00021551479055878216,0.0,235837105.74914414,38981361.75326556,0.1652893,0.18812211407871635,0.17756549576380576,0.029344463951260596
5,0.78,0.05628369231669917,0.1100117,0.05628369,5.014187e+07,0.383995,8.908774e+08,0.051081357584101726,1.514797477356592e-06,44750703.3878828,7540309.471982408,0.1684959,0.03569665978174275,0.04117472052003397,0.005676293823977139
6,0.78,0.05628369231669917,0.1100117,0.05628369,5.014187e+07,0.383995,8.908774e+08,5.470034069208209e-11,0.0,583180887.5937172,81272808.29557571,0.1393612,0.4651906709757884,0.4390080223900059,0.06118069985196053
7,0.78,0.05628369231669917,0.1100117,0.05628369,5.014187e+07,0.383995,8.908774e+08,0.0,0.0,216608678.14102027,29169867.15675675,0.1346662,0.17278401687573647,0.16305909443265917,0.021958548309893303
8,0.78,0.05628369231669917,0.1100117,0.05628369,5.014187e+07,0.383995,8.908774e+08,4.508814958748921e-09,0.0,324728283.2681074,35626420.45239119,0.1097115,0.2590286670772134,0.24444957793911,0.026818924831174415
9,0.78,0.05628369231669917,0.1100117,0.05628369,5.014187e+07,0.383995,8.908774e+08,8.508432711706187e-05,0.0,26068766.756855335,3850947.886684617,0.1477227,0.02079448650858617,0.01963656718096044,0.002898923905077105
10,0.78,0.05628369231669917,0.1100117,0.05628369,5.014187e+07,0.383995,8.908774e+08,0.0006074292392573533,0.0,112957814.94011451,12991380.922754778,0.1150109,0.09010398461576213,0.08512163302204777,0.009779676543314601
11,0.78,0.05628369231669917,0.1100117,0.05628369,5.014187e+07,0.383995,8.908774e+08,2.7640003185948318e-08,0.0,227156554.4298297,31349119.916028902,0.1380067,0.18119782767191478,0.17099934894208116,0.023599050364180557
12,0.78,0.05628369231669917,0.1100117,0.05628369,5.014187e+07,0.383995,8.908774e+08,0.0002790523450280322,1.1738566091246662e-13,221066607.6245819,23058444.75359505,0.1043054,0.17634000996765262,0.16645584493093069,0.0173579800810211
13,0.78,0.05628369231669917,0.1100117,0.05628369,5.014187e+07,0.383995,8.908774e+08,0.006228386198723342,0.0030580056742624644,97114.86079619618,10143.181440625465,0.1044452,7.746640573546377e-05,0.000986025989980806,0.00017975145397028
14,0.78,0.05628369231669917,0.1100117,0.05628369,5.014187e+07,0.383995,8.908774e+08,1.5105014555578436e-24,0.0,34801662.396046236,4783574.199149878,0.1374525,0.02776052683737509,0.0261980618863108,0.003600988121800917
15,0.78,0.05628369231669917,0.1100117,0.05628369,5.014187e+07,0.383995,8.908774e+08,0.0,0.0,430895225.75770676,53421965.457238525,0.123979,0.34371572089333835,0.3243701310141653,0.040215089187696215
16,0.78,0.05628369231669917,0.1100117,0.05628369,5.014187e+07,0.383995,8.908774e+08,0.0,0.0,505882590.5856718,61229619.77131736,0.1210352,0.4035315058429463,0.3808192627279876,0.046092550114114395
17,0.78,0.05628369231669917,0.1100117,0.05628369,5.014187e+07,0.383995,8.908774e+08,0.0,0.0,290858520.8858412,47629221.23374626,0.1637539,0.23201149654988712,0.21895303286413637,0.03585441612755352
18,0.78,0.05628369231669917,0.1100117,0.05628369,5.014187e+07,0.383995,8.908774e+08,0.022595967782218816,0.018722197106757602,9310.11722129385,1595.8648729769254,0.1714119,7.42647739178685e-06,0.0033189905983757348,0.0010549557196563677
19,0.78,0.05628369231669917,0.1100117,0.05628369,5.014187e+07,0.383995,8.908774e+08,0.0,0.0,384616917.68589634,51877022.91161238,0.1348797,0.3068005241824548,0.2895326578767675,0.039052084387508665
20,0.78,0.05628369231669917,0.1100117,0.05628369,5.014187e+07,0.383995,8.908774e+08,3.5899869329569787e-11,0.0,85537995.95220318,11079510.725804359,0.1295274,0.06823179321790647,0.06439145596747518,0.008340455244966778
21,0.78,0.05628369231669917,0.1100117,0.05628369,5.014187e+07,0.383995,8.908774e+08,0.06932412856603164,0.0015554617523282756,12085306.221233254,1521298.0752906546,0.12588,0.009640185111690437,0.019258716955501652,0.0012327528013281815
22,0.78,0.05628369231669917,0.1100117,0.05628369,5.014187e+07,0.383995,8.908774e+08,0.0,0.0,128346243.36848238,14781368.170187507,0.1151679,0.1023789982489978,0.09661673021185933,0.011127146562139832
23,0.78,0.05628369231669917,0.1100117,0.05628369,5.014187e+07,0.383995,8.908774e+08,0.0129498192067274,2.1658700672137147e-06,13953471.13833776,2070789.5700703005,0.1484068,0.01113037950895044,0.012402027871408781,0.0015589748307301282
24,0.78,0.05628369231669917,0.1100117,0.05628369,5.014187e+07,0.383995,8.908774e+08,5.450123970926751e-09,0.0,224154386.50238726,29313096.08797819,0.1307719,0.17880306381346356,0.1687393679833501,0.02206636845829161
25,0.78,0.05628369231669917,0.1100117,0.05628369,5.014187e+07,0.383995,8.908774e+08,0.0,0.0,423637218.6351923,62533137.01735416,0.1476101,0.3379261669571645,0.3189064345503859,0.04707381431617807
26,0.78,0.05628369231669917,0.1100117,0.05628369,5.014187e+07,0.383995,8.908774e+08,8.124337231191286e-08,0.0,469301371.9874408,58064491.98277921,0.1237254,0.37435146584705675,0.3532815950331844,0.04370989917237016
27,0.78,0.05628369231669917,0.1100117,0.05628369,5.014187e+07,0.383995,8.908774e+08,3.491968322893767e-05,0.0,45840347.57485428,5407515.69789362,0.1179641,0.03656584517729581,0.03451290271681279,0.004070679994893253
28,0.78,0.05628369231669917,0.1100117,0.05628369,5.014187e+07,0.383995,8.908774e+08,0.03287447074302576,6.067680683327194e-06,27917598.224167563,3495083.165366851,0.1251928,0.02226925903473813,0.025834406646172852,0.002631376891968914
29,0.78,0.05628369231669917,0.1100117,0.05628369,5.014187e+07,0.383995,8.908774e+08,5.6843712322160164e-05,0.0,194566371.8745703,31490126.772721875,0.1618477,0.15520135005643698,0.1464743768348476,0.023705197775071376
30,0.78,0.05628369231669917,0.1100117,0.05628369,5.014187e+07,0.383995,8.908774e+08,4.599906400447354e-09,0.0,226042671.88921458,36646524.03397471,0.1621222,0.18030930787046004,0.17016083493866893,0.027586840353618206
31,0.78,0.05628369231669917,0.1100117,0.05628369,5.014187e+07,0.383995,8.908774e+08,1.957064218424444e-05,0.0,240460043.93309063,32377327.34137516,0.1346474,0.1918097310109912,0.1810168396753585,0.024373066313609623
32,0.78,0.05628369231669917,0.1100117,0.05628369,5.014187e+07,0.383995,8.908774e+08,0.0,0.0,106318856.430066,13665981.35674458,0.1285377,0.08480823225218082,0.08003491180217591,0.010287503546435142
33,0.78,0.05628369231669917,0.1100117,0.05628369,5.014187e+07,0.383995,8.908774e+08,0.00096093020505784,0.0,160014552.5498926,22772984.031876363,0.1423182,0.12764011758635183,0.12059690789572562,0.017143090413716682
34,0.78,0.05628369231669917,0.1100117,0.05628369,5.014187e+07,0.383995,8.908774e+08,0.0015420869452544138,4.976263017780437e-10,147624677.32471338,15874478.40616153,0.1075327,0.11775698442489135,0.11135521644703276,0.011950020201319616
35,0.78,0.05628369231669917,0.1100117,0.05628369,5.014187e+07,0.383995,8.908774e+08,0.0,0.0,21947337.457727253,4038149.7808194426,0.1839927,0.017506912272483376,0.016521558608723477,0.0030398461044814627
36,0.78,0.05628369231669917,0.1100117,0.05628369,5.014187e+07,0.383995,8.908774e+08,0.0,0.0,187121725.5189617,28096090.194382522,0.1501487,0.14926291807586817,0.14086184992059336,0.021150228437346902
37,0.78,0.05628369231669917,0.1100117,0.05628369,5.014187e+07,0.383995,8.908774e+08,0.0,0.0,28993373.10513232,4062300.1140007186,0.1401113,0.023127381187471523,0.021825686780624864,0.003058026038418468
38,0.78,0.05628369231669917,0.1100117,0.05628369,5.014187e+07,0.383995,8.908774e+08,2.2823301637234855e-05,0.0,85342274.09779395,10602314.92508652,0.1242329,0.0680756701646409,0.0642474653941915,0.007981230878704497
39,0.78,0.05628369231669917,0.1100117,0.05628369,5.014187e+07,0.383995,8.908774e+08,0.0,0.0,520728875.581707,70674818.30979529,0.1357229,0.4153740634879678,0.391995277502274,0.053202724709327104
40,0.78,0.05628369231669917,0.1100117,0.05628369,5.014187e+07,0.383995,8.908774e+08,0.0,0.0,374026783.42945063,57434716.17799651,0.1535578,0.29835300512742063,0.28156059638506636,0.04323581533923486
41,0.78,0.05628369231669917,0.1100117,0.05628369,5.014187e+07,0.383995,8.908774e+08,1.7229689424231632e-12,0.0,297412194.9316395,38744588.63424813,0.1302724,0.23723921935695802,0.2238865201294696,0.029166225430512855
42,0.78,0.05628369231669917,0.1100117,0.05628369,5.014187e+07,0.383995,8.908774e+08,0.0,0.0,409499870.00661725,60973124.79788161,0.1488966,0.32664911238584404,0.3082640942487963,0.0458994653381308
43,0.78,0.05628369231669917,0.1100117,0.05628369,5.014187e+07,0.383995,8.908774e+08,0.008209369845647234,0.003927239522258585,599.9176234837015,75.1720676460581,0.125304,4.785412000555933e-07,0.0012037320476866312,0.00022109612909743687
44,0.78,0.05628369231669917,0.1100117,0.05628369,5.014187e+07,0.383995,8.908774e+08,0.05088489399692461,0.03104734866706082,20901.908209088546,2620.058627535814,0.1253502,1.6672996168616196e-05,0.007474138672399076,0.0017494317523638267
45,0.78,0.05628369231669917,0.1100117,0.05628369,5.014187e+07,0.383995,8.908774e+08,0.004556410221363498,0.0,150385545.93177786,18631678.189491738,0.1238927,0.11995926907982173,0.1138753699071518,0.014025590292192065
46,0.78,0.05628369231669917,0.1100117,0.05628369,5.014187e+07,0.383995,8.908774e+08,0.05055824192538156,0.023115131665625694,3582837.7499103798,297501.8950836911,0.08303527,0.002857951507559229,0.010107620826997895,0.0015249590033090635
47,0.78,0.05628369231669917,0.1100117,0.05628369,5.014187e+07,0.383995,8.908774e+08,3.3999193075930786e-06,0.0,92028871.38396019,13463310.135308458,0.1462944,0.07340942294061248,0.06927816790655887,0.010134936317279991
48,0.78,0.05628369231669917,0.1100117,0.05628369,5.014187e+07,0.383995,8.908774e+08,0.0,0.0,30553110.964088563,4811043.909055017,0.1574649,0.024371550049294168,0.022999829225038664,0.0036216668224878013
49,0.78,0.05628369231669917,0.1100117,0.05628369,5.014187e+07,0.383995,8.908774e+08,0.0,0.0,548747210.1123914,68920163.65211387,0.1255955,0.43772367767668485,0.4130869728825964,0.05188185242489669
50,0.78,0.05628369231669917,0.1100117,0.05628369,5.014187e+07,0.383995,8.908774e+08,0.007073220821657195,0.0033347254953498126,1491.9488499622503,255.59731376710914,0.1713177,1.1900950482777312e-06,0.001037873608967759,0.00018788307277494491
51,0.78,0.05628369231669917,0.1100117,0.05628369,5.014187e+07,0.383995,8.908774e+08,2.8198981642596917e-05,0.0,69696172.88468102,9123263.399513507,0.1309005,0.055595116572573024,0.05247015137553616,0.006867827646438031
52,0.78,0.05628369231669917,0.1100117,0.05628369,5.014187e+07,0.383995,8.908774e+08,0.0,0.0,134072264.37650411,20243685.769871794,0.1509909,0.10694652028445721,0.1009271752424252,0.015239080437329406
53,0.78,0.05628369231669917,0.1100117,0.05628369,5.014187e+07,0.383995,8.908774e+08,0.0,0.0,114326836.08194402,16506175.157965556,0.1443771,0.0911960229131341,0.08606317401898461,0.012425550060614212
54,0.78,0.05628369231669917,0.1100117,0.05628369,5.014187e+07,0.383995,8.908774e+08,0.011007001118437658,2.54003537975297e-07,71565586.8462103,8420152.455293706,0.1176564,0.057086307305320695,0.05548661968642037,0.006338552743231208
55,0.78,0.05628369231669917,0.1100117,0.05628369,5.014187e+07,0.383995,8.908774e+08,2.0270777490502046e-10,0.0,649337180.5187104,103027678.889973,0.1586659,0.5179621025328673,0.48880928295190856,0.07755737288771336
56,0.78,0.05628369231669917,0.1100117,0.05628369,5.014187e+07,0.383995,8.908774e+08,4.2087724919018364e-11,0.0,315582499.83172077,48086846.75458922,0.1523749,0.2517332751604331,0.23756479696159727,0.036198908341154246
57,0.78,0.05628369231669917,0.1100117,0.05628369,5.014187e+07,0.383995,8.908774e+08,1.0717225331415346e-07,0.0,320571572.09055686,50903901.310959145,0.1587911,0.2557129492564256,0.2413204960077506,0.038319536050400616
58,0.78,0.05628369231669917,0.1100117,0.05628369,5.014187e+07,0.383995,8.908774e+08,0.006871489819713782,0.0,145484526.43538326,21213919.892123684,0.1458156,0.1160498327514118,0.11052530164190419,0.01596945513293168
59,0.78,0.05628369231669917,0.1100117,0.05628369,5.014187e+07,0.383995,8.908774e+08,0.021857788307282043,2.5262998538134996e-07,55256569.487863116,9468499.840806076,0.1713552,0.04407695996681398,0.04479993008216919,0.007127729613030889
60,0.78,0.05628369231669917,0.1100117,0.05628369,5.014187e+07,0.383995,8.908774e+08,4.324483883305047e-06,0.0,239704535.7432124,26514140.766888894,0.1106118,0.19120707861058878,0.1804458720863357,0.019959365525947577
61,0.78,0.05628369231669917,0.1100117,0.05628369,5.014187e+07,0.383995,8.908774e+08,0.0,0.0,180296692.60749316,25611320.45647004,0.142051,0.14381873822179558,0.13572408861034416,0.019279738728370847
62,0.78,0.05628369231669917,0.1100117,0.05628369,5.014187e+07,0.383995,8.908774e+08,0.000260955034847505,0.0,138643041.48168528,18854528.073210917,0.1359933,0.11059252946218134,0.1044062227931014,0.014193347653279953
63,0.78,0.05628369231669917,0.1100117,0.05628369,5.014187e+07,0.383995,8.908774e+08,0.0,0.0,496507781.9923541,81620486.21267794,0.1643891,0.3960534255550456,0.3737620764101307,0.061442425498428
64,0.78,0.05628369231669917,0.1100117,0.05628369,5.014187e+07,0.383995,8.908774e+08,1.1198198935391664e-05,0.0,193700920.34469324,24642570.16037756,0.1272197,0.1545109982523137,0.14581619013230643,0.018550481030258813
65,0.78,0.05628369231669917,0.1100117,0.05628369,5.014187e+07,0.383995,8.908774e+08,7.620060563875951e-07,0.0,297225328.7540235,35884166.92801778,0.1207305,0.23709016028386914,0.22374596234143526,0.027012951715367484
66,0.78,0.05628369231669917,0.1100117,0.05628369,5.014187e+07,0.383995,8.908774e+08,4.4340049325196955e-05,0.0,269932474.50527644,34241531.55326789,0.1268522,0.21531924588849857,0.20320678280286664,0.02577640552068829
67,0.78,0.05628369231669917,0.1100117,0.05628369,5.014187e+07,0.383995,8.908774e+08,0.002342933468938698,0.0,105214075.84462163,19517304.92030599,0.1855009,0.08392697288179155,0.07954666616888928,0.014692274074075968
68,0.78,0.05628369231669917,0.1100117,0.05628369,5.014187e+07,0.383995,8.908774e+08,0.0,0.0,243010126.95404977,30182932.70517259,0.1242044,0.19384387660252228,0.18293362749434974,0.02272116572828716
69,0.78,0.05628369231669917,0.1100117,0.05628369,5.014187e+07,0.383995,8.908774e+08,3.247408495855159e-05,0.0,140749541.72781613,16978022.78116201,0.1206258,0.11227283875172542,0.10595846869747712,0.012780748415587441
70,0.78,0.05628369231669917,0.1100117,0.05628369,5.014187e+07,0.383995,8.908774e+08,0.000825368829897504,0.0,124130199.75445415,16854070.76418223,0.1357774,0.09901595223806725,0.09356394648535088,0.012687439579509017
71,0.78,0.05628369231669917,0.1100117,0.05628369,5.014187e+07,0.383995,8.908774e+08,7.706177868452261e-11,0.0,253298342.61444983,31313414.247013554,0.1236227,0.20205056178034544,0.19067841013997955,0.0235721717824648
72,0.78,0.05628369231669917,0.1100117,0.05628369,5.014187e+07,0.383995,8.908774e+08,0.0,0.0,91990322.04786459,16440543.9900481,0.1787204,0.07337867297622669,0.06924865032382506,0.012376144104680114
73,0.78,0.05628369231669917,0.1100117,0.05628369,5.014187e+07,0.383995,8.908774e+08,2.3260395350915472e-10,0.0,53049639.958617344,5516044.4384345,0.1039789,0.04231654042916043,0.039934809321832104,0.004152378467477033
74,0.78,0.05628369231669917,0.1100117,0.05628369,5.014187e+07,0.383995,8.908774e+08,0.006383506600027899,0.0,140100759.87382334,18948176.988686457,0.1352468,0.1117553196210469,0.10640097389903645,0.014263844862732016
75,0.78,0.05628369231669917,0.1100117,0.05628369,5.014187e+07,0.383995,8.908774e+08,0.005560854784789822,0.0,157232714.98038226,23335668.280572012,0.1484148,0.12542110644755106,0.11917702039083039,0.017566668937122384
76,0.78,0.05628369231669917,0.1100117,0.05628369,5.014187e+07,0.383995,8.908774e+08,0.04213038210910594,8.463842897095412e-06,56216980.89374639,6978262.449238102,0.1241309,0.04484305919232031,0.0484943462323918,0.00525358611067443
77,0.78,0.05628369231669917,0.1100117,0.05628369,5.014187e+07,0.383995,8.908774e+08,5.146242543947118e-05,0.0,128260547.97310491,15176661.989635149,0.1183268,0.10231064090169227,0.09655976332366344,0.01142471659851666
78,0.78,0.05628369231669917,0.1100117,0.05628369,5.014187e+07,0.383995,8.908774e+08,0.012785098916304619,0.0,70898402.04003388,10586392.675524345,0.1493178,0.05655410854117621,0.05524499799774609,0.007969244897269122
79,0.78,0.05628369231669917,0.1100117,0.05628369,5.014187e+07,0.383995,8.908774e+08,3.9367934607117756e-05,0.0,253442996.556691,38012070.88437731,0.1499827,0.2021659490742057,0.1907930733165166,0.028614799319726922
80,0.78,0.05628369231669917,0.1100117,0.05628369,5.014187e+07,0.383995,8.908774e+08,0.0,0.0,448936824.4999108,59283394.50136452,0.1320529,0.3581071106026129,0.3379515201730333,0.04462746693829694
81,0.78,0.05628369231669917,0.1100117,0.05628369,5.014187e+07,0.383995,8.908774e+08,0.00011293471158132168,0.0,141151594.2149726,19199147.612968367,0.1360179,0.11259354724928868,0.10627291997512209,0.014452771008608612
82,0.78,0.05628369231669917,0.1100117,0.05628369,5.014187e+07,0.383995,8.908774e+08,0.0,0.0,165683470.31184152,22038471.7888882,0.1330155,0.13216208960822093,0.1247235192207798,0.01659016288459259
83,0.78,0.05628369231669917,0.1100117,0.05628369,5.014187e+07,0.383995,8.908774e+08,0.0017475645607458556,0.0,183193919.83193424,28038802.029226426,0.1530553,0.146129793170918,0.1381612164380783,0.021107102942965833
84,0.78,0.05628369231669917,0.1100117,0.05628369,5.014187e+07,0.383995,8.908774e+08,0.013321362765805048,8.82259859940125e-06,40066820.98409429,5026389.473691076,0.1254502,0.03196042897489911,0.032114143879886904,0.0037842716363487737
85,0.78,0.05628369231669917,0.1100117,0.05628369,5.014187e+07,0.383995,8.908774e+08,2.71718661482694e-06,0.0,91425130.23921755,12020415.535717595,0.1314782,0.07292783180106509,0.06882358242364849,0.009048751364810608
86,0.78,0.05628369231669917,0.1100117,0.05628369,5.014187e+07,0.383995,8.908774e+08,2.0932461938878285e-05,0.0,211986881.51960567,34139036.739351474,0.1610432,0.16909731054298824,0.1595829577001568,0.02569924927891309
87,0.78,0.05628369231669917,0.1100117,0.05628369,5.014187e+07,0.383995,8.908774e+08,0.0,0.0,17698217.232573234,2268103.88962743,0.1281544,0.014117481770478894,0.013322897770222651,0.0017073875778931835
88,0.78,0.05628369231669917,0.1100117,0.05628369,5.014187e+07,0.383995,8.908774e+08,1.4086739304788674e-05,0.0,165735562.15514135,18728873.9011363,0.1130046,0.13220364213515132,0.12476479776825068,0.014098757465638285
89,0.78,0.05628369231669917,0.1100117,0.05628369,5.014187e+07,0.383995,8.908774e+08,1.5740789072794685e-06,0.0,219346872.46915856,28717445.65969584,0.1309225,0.1749682147530444,0.16512058830777446,0.021617973591254412
90,0.78,0.05628369231669917,0.1100117,0.05628369,5.014187e+07,0.383995,8.908774e+08,0.0,0.0,471373036.49976546,66639259.228199095,0.1413727,0.37600398743174285,0.3548410946932826,0.050164828836354904
91,0.78,0.05628369231669917,0.1100117,0.05628369,5.014187e+07,0.383995,8.908774e+08,0.0,0.0,456230332.34097946,69614526.80084096,0.1525864,0.3639249826874704,0.34344194093552877,0.05240455644216204
92,0.78,0.05628369231669917,0.1100117,0.05628369,5.014187e+07,0.383995,8.908774e+08,0.0,0.0,286775823.50951964,39506520.17860725,0.137761,0.228754817923606,0.2158796521356312,0.029739793713691197
93,0.78,0.05628369231669917,0.1100117,0.05628369,5.014187e+07,0.383995,8.908774e+08,0.09059776166747943,0.0002696524358926346,22608386.586221743,3050737.2475169213,0.1349383,0.01803421674040096,0.030298463675125915,0.002311716846533615
94,0.78,0.05628369231669917,0.1100117,0.05628369,5.014187e+07,0.383995,8.908774e+08,0.06636625260057642,0.010223871796329505,6600091.035858937,643176.9967973308,0.09744972,0.005264748627378683,0.014695998384856114,0.0010596092625250488
95,0.78,0.05628369231669917,0.1100117,0.05628369,5.014187e+07,0.383995,8.908774e+08,0.00010931581445049448,0.0,97150441.59276327,15414546.499871528,0.1586668,0.07749478776063129,0.0731491178298773,0.011603791754468847
96,0.78,0.05628369231669917,0.1100117,0.05628369,5.014187e+07,0.383995,8.908774e+08,0.0035773565901504457,3.4521701962874263e-06,46713650.534224294,4448685.145654852,0.09523309,0.03726245989543366,0.035689538647949444,0.0033490840013903245
97,0.78,0.05628369231669917,0.1100117,0.05628369,5.014187e+07,0.383995,8.908774e+08,6.742648689702563e-05,0.0,231414233.8418763,37311197.95325702,0.1612312,0.18459408565057062,0.17421433190239682,0.028087194856038555
98,0.78,0.05628369231669917,0.1100117,0.05628369,5.014187e+07,0.383995,8.908774e+08,0.09543027304778343,0.0016940499333548058,23777081.924498815,2664153.577349145,0.1120471,0.018966459514718596,0.031886557062900556,0.0021008740034510675
99,0.78,0.05628369231669917,0.1100117,0.05628369,5.014187e+07,0.383995,8.908774e+08,0.0,0.0,285700421.5345883,36793719.598221995,0.1287843,0.22789699322987986,0.21507010898302845,0.027697646511601597
100,0.78,0.05628369231669917,0.1100117,0.05628369,5.014187e+07,0.383995,8.908774e+08,0.0003592801175060297,0.0,110154823.87868628,16377924.773342539,0.148681,0.08786809979795697,0.08297521984000779,0.012329005491131844
101,0.78,0.05628369231669917,0.1100117,0.05628369,5.014187e+07,0.383995,8.908774e+08,0.0005393010514361977,0.0,104254066.14638226,13925274.612524312,0.1335706,0.08316119408970883,0.07855962255858294,0.010482694818746092
102,0.78,0.05628369231669917,0.1100117,0.05628369,5.014187e+07,0.383995,8.908774e+08,0.00010889405966008318,0.0,118333938.6925774,16605669.206027342,0.1403289,0.09439240124405089,0.08909560941680936,0.01250044738013819
103,0.78,0.05628369231669917,0.1100117,0.05628369,5.014187e+07,0.383995,8.908774e+08,2.511419321836741e-06,0.0,404181867.2416868,61202289.06598915,0.1514226,0.3224070576013042,0.30426116607939685,0.04607197605355842
104,0.78,0.05628369231669917,0.1100117,0.05628369,5.014187e+07,0.383995,8.908774e+08,0.028117253984030574,0.0,37994721.2464578,5212618.692664706,0.1371932,0.030307560220476887,0.032722998118545746,0.003923965055062569
105,0.78,0.05628369231669917,0.1100117,0.05628369,5.014187e+07,0.383995,8.908774e+08,0.005589034372507627,0.00315611446124975,14170.19969476838,1478.7602684762971,0.1043571,1.1303259150122448e-05,0.0008298743743823006,0.0001787509592324586
106,0.78,0.05628369231669917,0.1100117,0.05628369,5.014187e+07,0.383995,8.908774e+08,0.0,0.0,97554694.9738788,13347056.128263881,0.1368161,0.07781725186328957,0.0734374096024851,0.010047422403823048
107,0.78,0.05628369231669917,0.1100117,0.05628369,5.014187e+07,0.383995,8.908774e+08,0.03648065323897214,0.019793599574976353,107775.72061569041,11252.863332544555,0.10441,8.597034102914635e-05,0.00542824805735273,0.001122527820269272
108,0.78,0.05628369231669917,0.1100117,0.05628369,5.014187e+07,0.383995,8.908774e+08,0.0,0.0,69513148.1770881,9321358.897532767,0.1340949,0.055449121756313516,0.05232824044814999,0.007016950353780244
109,0.78,0.05628369231669917,0.1100117,0.05628369,5.014187e+07,0.383995,8.908774e+08,0.0002723657269107576,0.0,99923911.50571792,12335339.391631112,0.1234473,0.07970712420235186,0.07526083469113926,0.009285820346539344
110,0.78,0.05628369231669917,0.1100117,0.05628369,5.014187e+07,0.383995,8.908774e+08,0.0,0.0,46925774.99724296,6777742.796756092,0.1444354,0.03743166695173688,0.03532487452612417,0.00510216216737641
111,0.78,0.05628369231669917,0.1100117,0.05628369,5.014187e+07,0.383995,8.908774e+08,0.0,0.0,528177071.0874313,65477454.71935135,0.1239688,0.4213153265481533,0.3976021443404074,0.04929024341925005
112,0.78,0.05628369231669917,0.1100117,0.05628369,5.014187e+07,0.383995,8.908774e+08,0.06496754327765254,0.0014857846002846637,25070065.609631658,2408829.048189638,0.09608387,0.019997844391766776,0.028394846654954776,0.00189694837481842
113,0.78,0.05628369231669917,0.1100117,0.05628369,5.014187e+07,0.383995,8.908774e+08,0.01829388730773371,5.594901634539388e-06,38976395.7314561,4499530.8051209655,0.1154425,0.031090620540303957,0.03202213444819829,0.0033874802948705143
114,0.78,0.05628369231669917,0.1100117,0.05628369,5.014187e+07,0.383995,8.908774e+08,0.09031518161645212,0.002147583080930932,21324675.80477883,2319751.8757211175,0.1087825,0.017010228656322474,0.029290690523793662,0.0018671411528591217
115,0.78,0.05628369231669917,0.1100117,0.05628369,5.014187e+07,0.383995,8.908774e+08,0.0,0.0,427171633.81876564,53289984.5913982,0.1247508,0.34074549283997524,0.3215670783626681,0.040115736379438216
116,0.78,0.05628369231669917,0.1100117,0.05628369,5.014187e+07,0.383995,8.908774e+08,0.0,0.0,262851577.4237095,34364728.554241866,0.1307381,0.20967096876803948,0.19786991247415492,0.025869145994375856
117,0.78,0.05628369231669917,0.1100117,0.05628369,5.014187e+07,0.383995,8.908774e+08,0.0,0.0,358009238.9253183,64660758.954091065,0.180612,0.2855761593257577,0.2695028786412821,0.04867544962126735
118,0.78,0.05628369231669917,0.1100117,0.05628369,5.014187e+07,0.383995,8.908774e+08,0.00965678019075137,0.006645314360322374,45.18818879147503,4.71293715650188,0.1042958,3.6045632343719034e-08,0.001415467228013368,0.00037402637661796095
119,0.78,0.05628369231669917,0.1100117,0.05628369,5.014187e+07,0.383995,8.908774e+08,0.0,0.0,30562909.14788567,4189973.3398364526,0.1370934,0.0243793658467455,0.023007205120551034,0.003154136133206627
120,0.78,0.05628369231669917,0.1100117,0.05628369,5.014187e+07,0.383995,8.908774e+08,0.0,0.0,136079773.75027198,21392672.953868408,0.1572069,0.10854786671476728,0.10243839198295926,0.016104017204152964
121,0.78,0.05628369231669917,0.1100117,0.05628369,5.014187e+07,0.383995,8.908774e+08,4.072641048060801e-05,0.0,226968515.06947753,35262774.52591691,0.1553642,0.18104783277655218,0.17086376169615494,0.0265451787561145
122,0.78,0.05628369231669917,0.1100117,0.05628369,5.014187e+07,0.383995,8.908774e+08,2.252795581365533e-06,0.0,245326112.47851402,42487272.16810794,0.1731869,0.1956912877283243,0.1846773897020969,0.03198364988929604
123,0.78,0.05628369231669917,0.1100117,0.05628369,5.014187e+07,0.383995,8.908774e+08,0.0,0.0,100695002.02198486,17490840.711900353,0.1737012,0.08032220628456027,0.07580137593984164,0.013166788476921388
124,0.78,0.05628369231669917,0.1100117,0.05628369,5.014187e+07,0.383995,8.908774e+08,0.0,0.0,359695850.3345398,53997432.05308916,0.1501197,0.2869215324506701,0.27077252919918077,0.04064829003080629
125,0.78,0.05628369231669917,0.1100117,0.05628369,5.014187e+07,0.383995,8.908774e+08,0.08496199738532931,0.00021728920937933468,17689500.69431179,3184161.1391051942,0.1800029,0.014110528778073471,0.025769558663141207,0.002409208742740402
126,0.78,0.05628369231669917,0.1100117,0.05628369,5.014187e+07,0.383995,8.908774e+08,0.006908008672943217,3.4831810383322095e-07,134101362.63339522,12009882.482365552,0.08955824,0.10696973132915255,0.10196161456987099,0.009040841877420125
127,0.78,0.05628369231669917,0.1100117,0.05628369,5.014187e+07,0.383995,8.908774e+08,3.593679853352153e-05,0.0,253522197.2107384,31386590.707830243,0.1238021,0.20222912570804577,0.19085219122068647,0.023627257698398362
128,0.78,0.05628369231669917,0.1100117,0.05628369,5.014187e+07,0.383995,8.908774e+08,0.03910160272988265,0.0022516763269898343,6531100.068545079,688598.8829425974,0.1054338,0.005209716037904728,0.010647773563136793,0.0006450974398440027
129,0.78,0.05628369231669917,0.1100117,0.05628369,5.014187e+07,0.383995,8.908774e+08,1.9959060668693204e-09,0.0,309608625.28482485,46347629.26646303,0.1496975,0.2469680457643495,0.23306777255704042,0.03488965687870513
130,0.78,0.05628369231669917,0.1100117,0.05628369,5.014187e+07,0.383995,8.908774e+08,9.183249080210926e-08,0.0,195900485.53912577,25804047.058442023,0.1317202,0.15626554342075188,0.14747035511541498,0.019424819827892518
131,0.78,0.05628369231669917,0.1100117,0.05628369,5.014187e+07,0.383995,8.908774e+08,0.025012004546806816,0.003695059481408151,554826.3013696668,76222.82288208224,0.1373814,0.0004425728361471613,0.004083773564025095,0.0002653507531308847
132,0.78,0.05628369231669917,0.1100117,0.05628369,5.014187e+07,0.383995,8.908774e+08,0.03225111492088223,5.643130427097293e-06,60313467.804180235,6842440.602273493,0.113448,0.04811073742912127,0.05013006344521646,0.005151183121197023
133,0.78,0.05628369231669917,0.1100117,0.05628369,5.014187e+07,0.383995,8.908774e+08,0.0,0.0,52114975.01040739,6997868.642846742,0.1342775,0.041570978591238456,0.0392312104229051,0.005267868922215643
134,0.78,0.05628369231669917,0.1100117,0.05628369,5.014187e+07,0.383995,8.908774e+08,0.0,0.0,353813082.1582718,54176560.11018141,0.153122,0.2822289766187999,0.26634408773593055,0.04078313439174149
135,0.78,0.05628369231669917,0.1100117,0.05628369,5.014187e+07,0.383995,8.908774e+08,0.054674539607036415,0.001201527697270952,12245626.33260833,1536601.386537301,0.1254816,0.009768068966885365,0.01723215371053469,0.001224352141741031
136,0.78,0.05628369231669917,0.1100117,0.05628369,5.014187e+07,0.383995,8.908774e+08,0.0006118066121655436,0.0,206004386.78158382,31438699.300500337,0.1526118,0.16432520500850725,0.15516605069203554,0.023666484104310936
137,0.78,0.05628369231669917,0.1100117,0.05628369,5.014187e+07,0.383995,8.908774e+08,0.00013949080872150915,0.0,207607944.1684705,23195222.36240769,0.1117261,0.1656043277517644,0.15630395045256715,0.017460943790608502
138,0.78,0.05628369231669917,0.1100117,0.05628369,5.014187e+07,0.383995,8.908774e+08,0.012651851555573914,4.324879598330729e-14,111478782.58978264,14265045.3609092,0.127962,0.0889241927774447,0.08577364376964515,0.010738468091647026
139,0.78,0.05628369231669917,0.1100117,0.05628369,5.014187e+07,0.383995,8.908774e+08,0.0,0.0,126469466.68662086,17790942.461125568,0.1406738,0.10088193443487103,0.09520392667682534,0.01339269964486851
140,0.78,0.05628369231669917,0.1100117,0.05628369,5.014187e+07,0.383995,8.908774e+08,3.303067918097221e-08,0.0,313011582.0614356,42660739.60216156,0.1362912,0.2496825101439092,0.23562946140754815,0.03211423303560897
141,0.78,0.05628369231669917,0.1100117,0.05628369,5.014187e+07,0.383995,8.908774e+08,0.0,0.0,205755066.62999707,35085480.704753086,0.1705206,0.16412632776291888,0.15488869203004105,0.02641171517480471
142,0.78,0.05628369231669917,0.1100117,0.05628369,5.014187e+07,0.383995,8.908774e+08,0.0,0.0,332182320.17107946,46932470.854680866,0.1412853,0.2649745896925436,0.2500608414145449,0.03532991504647472
143,0.78,0.05628369231669917,0.1100117,0.05628369,5.014187e+07,0.383995,8.908774e+08,3.8642120306489394e-05,0.0,182255979.71885675,31098510.705848027,0.1706309,0.14538161880543435,0.13720466843547385,0.023410396284301204
144,0.78,0.05628369231669917,0.1100117,0.05628369,5.014187e+07,0.383995,8.908774e+08,0.0,0.0,183532703.7923142,24077033.204010513,0.1311866,0.14640003374497945,0.13816009929052267,0.018124755040123845
145,0.78,0.05628369231669917,0.1100117,0.05628369,5.014187e+07,0.383995,8.908774e+08,0.0007493819910594348,0.0,105081412.44834931,13558140.731720788,0.1290251,0.083821150184857,0.07921322629834983,0.010206323074764549
146,0.78,0.05628369231669917,0.1100117,0.05628369,5.014187e+07,0.383995,8.908774e+08,0.0,0.0,123749259.43674484,22422076.586353384,0.1811896,0.098712084457475,0.09315620386793046,0.016878933636676557
147,0.78,0.05628369231669917,0.1100117,0.05628369,5.014187e+07,0.383995,8.908774e+08,0.0,0.0,156103082.4726388,22215822.2393203,0.1423151,0.12452002324092969,0.11751157656556897,0.0167236690953911
148,0.78,0.05628369231669917,0.1100117,0.05628369,5.014187e+07,0.383995,8.908774e+08,0.0,0.0,441020188.90328586,52335408.5319665,0.118669,0.35179218310171306,0.33199202010859635,0.03939714879027111
149,0.78,0.05628369231669917,0.1100117,0.05628369,5.014187e+07,0.383995,8.908774e+08,0.0,0.0,476545700.03829455,52996080.639364496,0.1112088,0.3801301082861984,0.35873498223110456,0.039894490801098116
150,0.78,0.05628369231669917,0.1100117,0.05628369,5.014187e+07,0.383995,8.908774e+08,0.006771062002660896,2.039714601112554e-08,92320745.62497585,13911876.407236207,0.1506907,0.0736422446549503,0.07048984907566119,0.010472610040206725
151,0.78,0.05628369231669917,0.1100117,0.05628369,5.014187e+07,0.383995,8.908774e+08,0.0,0.0,21447667.361493494,2760521.1826898167,0.1287096,0.017108336337849087,0.016145415999358988,0.0020780704082341743
152,0.78,0.05628369231669917,0.1100117,0.05628369,5.014187e+07,0.383995,8.908774e+08,1.4317995688257433e-06,0.0,96842959.97285785,16150363.887820704,0.1667686,0.07724951638065394,0.07290183823370759,0.012157701773109398
153,0.78,0.05628369231669917,0.1100117,0.05628369,5.014187e+07,0.383995,8.908774e+08,0.0,0.0,301079219.81449974,45089643.24737892,0.1497601,0.2401643251037895,0.22664699012420012,0.033942667760627154
154,0.78,0.05628369231669917,0.1100117,0.05628369,5.014187e+07,0.383995,8.908774e+08,0.0,0.0,388762800.4778036,61824404.93087131,0.1590286,0.31010760443625407,0.2926536034430953,0.04654029362250565
155,0.78,0.05628369231669917,0.1100117,0.05628369,5.014187e+07,0.383995,8.908774e+08,0.0,0.0,101873927.73888215,13444574.89686409,0.1319727,0.08126260960871058,0.07668884989264188,0.010120832768701345
156,0.78,0.05628369231669917,0.1100117,0.05628369,5.014187e+07,0.383995,8.908774e+08,3.4463947215815207e-13,0.0,43608536.92351807,5894866.12555686,0.1351769,0.034785578511373635,0.03282771771343162,0.0044375485806218504
157,0.78,0.05628369231669917,0.1100117,0.05628369,5.014187e+07,0.383995,8.908774e+08,0.0,0.0,99137848.81506413,12261009.46822075,0.1236764,0.07908009914327789,0.07462917917472357,0.009229866124831515
158,0.78,0.05628369231669917,0.1100117,0.05628369,5.014187e+07,0.383995,8.908774e+08,0.04471017486591303,0.007112507335421239,1944721.3969834389,263094.5307369895,0.1352865,0.0015512618310529228,0.008017301700391308,0.0005983709778004582
159,0.78,0.05628369231669917,0.1100117,0.05628369,5.014187e+07,0.383995,8.908774e+08,0.01810086368468106,1.9973357483164142e-06,40835955.87952937,5097088.822234935,0.1248186,0.032573951101035045,0.03339368543729387,0.0038371086759802584
160,0.78,0.05628369231669917,0.1100117,0.05628369,5.014187e+07,0.383995,8.908774e+08,0.0,0.0,705017598.873321,109614460.72599523,0.1554776,0.5623771574937202,0.5307244945954038,0.08251578309835153
161,0.78,0.05628369231669917,0.1100117,0.05628369,5.014187e+07,0.383995,8.908774e+08,0.0,0.0,519383047.4816374,71867218.03683196,0.1383704,0.4143005257740131,0.39098216245470185,0.05410034165321412
162,0.78,0.05628369231669917,0.1100117,0.05628369,5.014187e+07,0.383995,8.908774e+08,0.0,0.0,84273338.7380993,12482139.838498274,0.1481149,0.06722300374880918,0.0634394448892069,0.009396329067306686
163,0.78,0.05628369231669917,0.1100117,0.05628369,5.014187e+07,0.383995,8.908774e+08,0.010509299567883892,0.0,94785209.77775851,15996524.671351962,0.168766,0.07560809394325455,0.0728929816609448,0.012041894393918007
164,0.78,0.05628369231669917,0.1100117,0.05628369,5.014187e+07,0.383995,8.908774e+08,0.0001704991637363444,0.0,161062844.10374638,23278517.81089198,0.1445307,0.12847631688864314,0.12127018614882502,0.017523647097404768
165,0.78,0.05628369231669917,0.1100117,0.05628369,5.014187e+07,0.383995,8.908774e+08,0.02720324559142793,2.726021305774147e-07,65339440.826015204,8546583.726350045,0.1308028,0.0521198464587067,0.053173638453800236,0.006433728963725983
166,0.78,0.05628369231669917,0.1100117,0.05628369,5.014187e+07,0.383995,8.908774e+08,0.0,0.0,131541546.09121206,17031443.564424302,0.1294758,0.10492782152009396,0.09902209629819547,0.012820962614840168
167,0.78,0.05628369231669917,0.1100117,0.05628369,5.014187e+07,0.383995,8.908774e+08,0.0,0.0,71473184.86153935,12551654.024715584,0.1756135,0.05701260025805113,0.05380372060695202,0.009448658089172737
168,0.78,0.05628369231669917,0.1100117,0.05628369,5.014187e+07,0.383995,8.908774e+08,0.005332546716683631,0.0,90160104.98078322,11696523.202150581,0.1297306,0.07191874875103489,0.06865250889898417,0.008804931075344946
169,0.78,0.05628369231669917,0.1100117,0.05628369,5.014187e+07,0.383995,8.908774e+08,0.030913738666258815,0.0004064211418373827,3195304.947072026,543402.5673868712,0.1700628,0.002548825045405527,0.006936519089183428,0.0004319385050221045
170,0.78,0.05628369231669917,0.1100117,0.05628369,5.014187e+07,0.383995,8.908774e+08,3.089690570057614e-07,0.0,154687978.94841406,17488526.55157653,0.1130568,0.12339122603248462,0.11644635751873252,0.013165046418892996
171,0.78,0.05628369231669917,0.1100117,0.05628369,5.014187e+07,0.383995,8.908774e+08,0.009775609481442746,0.004384866464646811,17199.115490412056,2947.094500407923,0.1713515,1.3719359199488718e-05,0.0014457976824565084,0.0002490149943726766
172,0.78,0.05628369231669917,0.1100117,0.05628369,5.014187e+07,0.383995,8.908774e+08,0.05750298462537979,0.008947933363979976,4625390.796911328,433347.9013447459,0.09368893,0.003689573328129072,0.011910354841409784,0.0008298391891555262
173,0.78,0.05628369231669917,0.1100117,0.05628369,5.014187e+07,0.383995,8.908774e+08,0.013861666754962596,0.0,90585373.57579261,12408467.195551883,0.1369809,0.07225797623133458,0.07022279091975799,0.009340869634441867
174,0.78,0.05628369231669917,0.1100117,0.05628369,5.014187e+07,0.383995,8.908774e+08,0.0,0.0,394157998.88429916,58445458.990470484,0.1482793,0.3144112364999195,0.2967150112038451,0.0439966842440302
175,0.78,0.05628369231669917,0.1100117,0.05628369,5.014187e+07,0.383995,8.908774e+08,0.0035303977511646637,4.535446583347534e-09,12799694.983137432,2456333.697913209,0.1919056,0.010210037441486419,0.010152843469441349,0.0018490838277469925
176,0.78,0.05628369231669917,0.1100117,0.05628369,5.014187e+07,0.383995,8.908774e+08,0.002801371404840179,7.136761935081046e-09,35576296.82463008,5053092.395855883,0.1420354,0.02837843582112236,0.02719180097358946,0.0038038769463543108
177,0.78,0.05628369231669917,0.1100117,0.05628369,5.014187e+07,0.383995,8.908774e+08,0.0,0.0,549212387.7524263,67346935.50110093,0.1226246,0.43809473973151947,0.41343715019490623,0.0506975547326633
178,0.78,0.05628369231669917,0.1100117,0.05628369,5.014187e+07,0.383995,8.908774e+08,0.0,0.0,229653901.0921299,30120744.795173876,0.1311571,0.1831899066206747,0.1728793022809118,0.022674351794625427
179,0.78,0.05628369231669917,0.1100117,0.05628369,5.014187e+07,0.383995,8.908774e+08,5.689255511965067e-05,0.0,134387071.25585172,20847053.51567234,0.1551269,0.10719763486407892,0.10117249513752044,0.01569328476138728
180,0.78,0.05628369231669917,0.1100117,0.05628369,5.014187e+07,0.383995,8.908774e+08,4.881614968342031e-06,0.0,273370314.7877053,39255718.57201295,0.1435991,0.21806153607960788,0.2057889431947863,0.029550994801272292
181,0.78,0.05628369231669917,0.1100117,0.05628369,5.014187e+07,0.383995,8.908774e+08,0.0,0.0,417274677.8438906,44677059.62384691,0.1070687,0.3328509069773168,0.31411682894167126,0.03363208227250984
182,0.78,0.05628369231669917,0.1100117,0.05628369,5.014187e+07,0.383995,8.908774e+08,1.4693143363771637e-08,0.0,258665101.23791626,35209329.56769257,0.1361194,0.20633150804954953,0.1947184110888814,0.026504946358387668
183,0.78,0.05628369231669917,0.1100117,0.05628369,5.014187e+07,0.383995,8.908774e+08,4.918101306001553e-05,0.0,255441444.01445025,33547721.648635346,0.1313323,0.20376006701181643,0.19229890675308797,0.025254117975569073
184,0.78,0.05628369231669917,0.1100117,0.05628369,5.014187e+07,0.383995,8.908774e+08,0.0056889958680164734,0.0016203266679294054,2226690.0843132497,176908.65948814288,0.07944916,0.001776182101321619,0.002510071078291774,0.00022437160619822455
185,0.78,0.05628369231669917,0.1100117,0.05628369,5.014187e+07,0.383995,8.908774e+08,0.01065574832215509,3.0229716497480056e-06,83282051.56141447,8230225.482586587,0.09882352,0.06643227559454055,0.06425507783335604,0.006195735001723802
186,0.78,0.05628369231669917,0.1100117,0.05628369,5.014187e+07,0.383995,8.908774e+08,4.11800062253759e-06,0.0,194334221.29949754,28332855.626350626,0.1457945,0.15501616860745102,0.14629188986139177,0.02132846117142297
187,0.78,0.05628369231669917,0.1100117,0.05628369,5.014187e+07,0.383995,8.908774e+08,0.05133770130583725,0.021292132048804806,709028.5425826855,74088.75968017471,0.1044933,0.0005655765997852948,0.0080585177475803,0.0012541724870158788
188,0.78,0.05628369231669917,0.1100117,0.05628369,5.014187e+07,0.383995,8.908774e+08,0.009589840796429642,0.0,134897086.7970142,20766942.6317144,0.1539466,0.10760446313442983,0.10295370827368781,0.01563297873715737
189,0.78,0.05628369231669917,0.1100117,0.05628369,5.014187e+07,0.383995,8.908774e+08,0.028422377628681193,0.02436061478724113,49682.142164093886,6230.33794498703,0.125404,3.963036090601528e-05,0.0042033823131872846,0.0013757954330282827
190,0.78,0.05628369231669917,0.1100117,0.05628369,5.014187e+07,0.383995,8.908774e+08,0.0,0.0,465091113.4573486,74321402.887278,0.1597997,0.3709930344713707,0.35011217666754557,0.05594780761218901
191,0.78,0.05628369231669917,0.1100117,0.05628369,5.014187e+07,0.383995,8.908774e+08,0.0,0.0,126309902.03794803,16906014.78371747,0.1338455,0.10075465319579202,0.09508380929584434,0.012726542097742818
192,0.78,0.05628369231669917,0.1100117,0.05628369,5.014187e+07,0.383995,8.908774e+08,0.0,0.0,170526662.4327498,20899174.10297917,0.1225566,0.13602539830080548,0.1283693866355865,0.015732520196645405
193,0.78,0.05628369231669917,0.1100117,0.05628369,5.014187e+07,0.383995,8.908774e+08,0.0,0.0,258082202.16397655,31958651.483153164,0.1238313,0.2058665421751773,0.19427961305708685,0.024057894701426802
194,0.78,0.05628369231669917,0.1100117,0.05628369,5.014187e+07,0.383995,8.908774e+08,0.0653362817198673,1.3469358242814266e-05,45971662.80390264,5695745.440526248,0.1238969,0.03667059247064831,0.044183238391213686,0.004288412236258265
195,0.78,0.05628369231669917,0.1100117,0.05628369,5.014187e+07,0.383995,8.908774e+08,0.00033486676679850253,0.0,162753253.9257772,25392435.707970504,0.156018,0.12982471992458489,0.12256678810552592,0.019114966249346627
196,0.78,0.05628369231669917,0.1100117,0.05628369,5.014187e+07,0.383995,8.908774e+08,0.010969621419258167,0.0,30087421.42475515,3458722.0337239867,0.1149557,0.024000079663557113,0.024257128207932847,0.002603663378371892
197,0.78,0.05628369231669917,0.1100117,0.05628369,5.014187e+07,0.383995,8.908774e+08,0.00026152330282179753,0.0,112047112.68770298,11570507.019405993,0.1032647,0.08937753729749265,0.0843853720132396,0.008710068372619732
198,0.78,0.05628369231669917,0.1100117,0.05628369,5.014187e+07,0.383995,8.908774e+08,0.0,0.0,64978734.45199526,10632481.292188557,0.1636302,0.051832118853558436,0.04891481582388217,0.008003939574146418
199,0.78,0.05628369231669917,0.1100117,0.05628369,5.014187e+07,0.383995,8.908774e+08,0.0,0.0,89956976.3468348,12413766.279893775,0.1379967,0.07175671747132208,0.06771798446350988,0.009344858689273495
200,0.78,0.05628369231669917,0.1100117,0.05628369,5.014187e+07,0.383995,8.908774e+08,7.693436365794394e-06,0.0,123777534.51367247,14792550.009710556,0.1195092,0.0987346388694725,0.09317861649233275,0.011135564048652229
201,0.78,0.05628369231669917,0.1100117,0.05628369,5.014187e+07,0.383995,8.908774e+08,0.050048784528903045,0.021035477826218917,305610.75861080823,38326.17931976557,0.1254085,0.00024377903473857463,0.007565910408436077,0.0012128056161732888
202,0.78,0.05628369231669917,0.1100117,0.05628369,5.014187e+07,0.383995,8.908774e+08,0.0004975675570516459,0.0,121617104.87687443,15739169.753321597,0.1294158,0.09701131128155227,0.09162408696929839,0.011848162267200063
203,0.78,0.05628369231669917,0.1100117,0.05628369,5.014187e+07,0.383995,8.908774e+08,0.0,0.0,591813313.9756467,73708284.91241162,0.1245465,0.4720765691699633,0.44550635680087813,0.05548626349207295
204,0.78,0.05628369231669917,0.1100117,0.05628369,5.014187e+07,0.383995,8.908774e+08,0.0,0.0,348378247.1748198,47237138.07570291,0.1355915,0.277893727322434,0.26225284227707746,0.03555926301900067
205,0.78,0.05628369231669917,0.1100117,0.05628369,5.014187e+07,0.383995,8.908774e+08,0.008732545893698054,0.0,43296308.83122838,5658193.150247278,0.1306853,0.03453652097392752,0.03387264251723624,0.0042593854462457705
206,0.78,0.05628369231669917,0.1100117,0.05628369,5.014187e+07,0.383995,8.908774e+08,0.0010274512227148392,0.0,215116642.11016133,30134971.290343076,0.1400867,0.17159385228515944,0.16208651436836347,0.02268506124283013
207,0.78,0.05628369231669917,0.1100117,0.05628369,5.014187e+07,0.383995,8.908774e+08,0.002727591951217657,0.0,149173075.60585397,19079043.969195887,0.1278987,0.11899210795288213,0.11269458691138398,0.014362359158263201
208,0.78,0.05628369231669917,0.1100117,0.05628369,5.014187e+07,0.383995,8.908774e+08,0.0,0.0,77797896.64807965,13652381.2148529,0.1754852,0.06205768486610312,0.0585648492252127,0.010277265605646964
209,0.78,0.05628369231669917,0.1100117,0.05628369,5.014187e+07,0.383995,8.908774e+08,5.621130763802335e-05,0.0,194574427.5918906,25450671.840390626,0.1308017,0.15520777592639454,0.14648034833901302,0.01915880535633524
210,0.78,0.05628369231669917,0.1100117,0.05628369,5.014187e+07,0.383995,8.908774e+08,0.0,0.0,497702866.9920609,65907390.765337795,0.1324232,0.39700671878655147,0.3746617147787069,0.04961389149708407
211,0.78,0.05628369231669917,0.1100117,0.05628369,5.014187e+07,0.383995,8.908774e+08,0.0025887161810999354,0.0017798346298776447,929.1393376739456,159.13879804278687,0.1712755,7.411541789477514e-07,0.00038013800831374626,0.00010029546149096988
212,0.78,0.05628369231669917,0.1100117,0.05628369,5.014187e+07,0.383995,8.908774e+08,1.0999282399115178e-12,0.0,358321037.0951441,47916406.32007006,0.1337248,0.2858248739234338,0.26973759466322916,0.03607060386533214
213,0.78,0.05628369231669917,0.1100117,0.05628369,5.014187e+07,0.383995,8.908774e+08,1.0577521913970835e-07,0.0,256018742.50913933,35400049.4925328,0.1382713,0.20422056542630634,0.1927262934610102,0.026648516867665537
214,0.78,0.05628369231669917,0.1100117,0.05628369,5.014187e+07,0.383995,8.908774e+08,2.222843533426376e-05,0.0,280435370.30915487,40769851.07946091,0.1453806,0.22369717673317127,0.21110993177720483,0.030690806362075867
215,0.78,0.05628369231669917,0.1100117,0.05628369,5.014187e+07,0.383995,8.908774e+08,0.0,0.0,522987838.9769931,67975830.68126096,0.1299759,0.4171759893053567,0.3936957842813794,0.05117097564751324
216,0.78,0.05628369231669917,0.1100117,0.05628369,5.014187e+07,0.383995,8.908774e+08,0.0,0.0,400864558.72972083,57713581.48546909,0.1439728,0.3197609129738928,0.3017635881331634,0.043445740097999876
217,0.78,0.05628369231669917,0.1100117,0.05628369,5.014187e+07,0.383995,8.908774e+08,0.01370434662234411,1.527975181713903e-06,51703910.1256943,5915985.824913474,0.1144205,0.04124308110076465,0.04093046955775892,0.004453533108325104
218,0.78,0.05628369231669917,0.1100117,0.05628369,5.014187e+07,0.383995,8.908774e+08,0.025316149758424403,1.5694306184383267e-05,34502489.7954373,4424855.731875548,0.1282474,0.02752188338081552,0.029683540315906948,0.0033318346823889146
219,0.78,0.05628369231669917,0.1100117,0.05628369,5.014187e+07,0.383995,8.908774e+08,3.578307663674229e-05,0.0,210262536.64824754,30882570.70603735,0.1468762,0.16772183825854745,0.15828707878904136,0.02324784055881917
220,0.78,0.05628369231669917,0.1100117,0.05628369,5.014187e+07,0.383995,8.908774e+08,2.3692190771245807e-09,0.0,275310116.2563201,37753525.53424402,0.1371309,0.21960887339113755,0.20724847547843983,0.02842017105725693
221,0.78,0.05628369231669917,0.1100117,0.05628369,5.014187e+07,0.383995,8.908774e+08,5.089047259341453e-06,0.0,74030210.14930385,11397768.036468228,0.153961,0.05905228354435581,0.05572934890892395,0.008580033591129061
222,0.78,0.05628369231669917,0.1100117,0.05628369,5.014187e+07,0.383995,8.908774e+08,0.004265419831611766,1.0320323681174625e-08,157021223.40872192,17587191.578647662,0.1120052,0.12525240423487682,0.1188279362369756,0.013239320247278202
223,0.78,0.05628369231669917,0.1100117,0.05628369,5.014187e+07,0.383995,8.908774e+08,0.016918681983045587,0.0,47241178.85798634,8817103.709608056,0.1866402,0.037683257730393854,0.03804214428550693,0.006637356170335557
224,0.78,0.05628369231669917,0.1100117,0.05628369,5.014187e+07,0.383995,8.908774e+08,0.0,0.0,425438391.43277615,69656765.70095325,0.1637294,0.339362923202227,0.3202623248490173,0.0524363531220608
225,0.78,0.05628369231669917,0.1100117,0.05628369,5.014187e+07,0.383995,8.908774e+08,0.0,0.0,463632615.5702912,67022786.602001406,0.1445601,0.36982962252641405,0.3490142458425364,0.050453541305306056
226,0.78,0.05628369231669917,0.1100117,0.05628369,5.014187e+07,0.383995,8.908774e+08,5.202110118374362e-09,0.0,239832448.29001814,35049541.06543158,0.1461418,0.1913091116585515,0.18054152924307482,0.02638466046447503
227,0.78,0.05628369231669917,0.1100117,0.05628369,5.014187e+07,0.383995,8.908774e+08,0.0,0.0,162564945.32925949,29051500.916717608,0.178707,0.12967451026540688,0.12237595002831007,0.021869444345648543
228,0.78,0.05628369231669917,0.1100117,0.05628369,5.014187e+07,0.383995,8.908774e+08,1.5935113997464564e-07,0.0,224072080.23488837,25475680.077292603,0.1136941,0.17873740989952736,0.16867743187199777,0.019177631104673624
229,0.78,0.05628369231669917,0.1100117,0.05628369,5.014187e+07,0.383995,8.908774e+08,0.03296119400735759,6.492043850427993e-07,64625598.616913654,9152654.764099238,0.1416258,0.05155043010215742,0.053480236669104356,0.0068899894736254045
230,0.78,0.05628369231669917,0.1100117,0.05628369,5.014187e+07,0.383995,8.908774e+08,6.0323913987728355e-05,0.0,194511388.5543083,30799845.84324388,0.1583447,0.15515749106141624,0.1464334964931991,0.023185566778608998
231,0.78,0.05628369231669917,0.1100117,0.05628369,5.014187e+07,0.383995,8.908774e+08,0.045351688791889104,0.020912974093028246,866740.0883804613,66230.99678829749,0.07641391,0.0006913796591293928,0.007299846154939231,0.0012269168955362066
232,0.78,0.05628369231669917,0.1100117,0.05628369,5.014187e+07,0.383995,8.908774e+08,0.0,0.0,45945284.82473055,5329954.04891821,0.1160066,0.03664955133214207,0.03458677926141872,0.004012292988642282
233,0.78,0.05628369231669917,0.1100117,0.05628369,5.014187e+07,0.383995,8.908774e+08,0.0,0.0,419977259.78331435,63155515.48990955,0.1503784,0.3350066976290904,0.3161512837357013,0.047542329571431105
234,0.78,0.05628369231669917,0.1100117,0.05628369,5.014187e+07,0.383995,8.908774e+08,1.1657086150559912e-05,0.0,274447956.72627777,37959080.955791496,0.1383107,0.218921147543462,0.20660116565962855,0.02857490946008044
235,0.78,0.05628369231669917,0.1100117,0.05628369,5.014187e+07,0.383995,8.908774e+08,0.0,0.0,305933131.2878797,43127644.97435273,0.1409708,0.24403618438998026,0.23030092687363338,0.03246571095343123
236,0.78,0.05628369231669917,0.1100117,0.05628369,5.014187e+07,0.383995,8.908774e+08,0.0,0.0,276147815.86129504,30453763.03091833,0.1102807,0.22027708809022065,0.20787908023973223,0.022925041898161816
237,0.78,0.05628369231669917,0.1100117,0.05628369,5.014187e+07,0.383995,8.908774e+08,1.401985750592313e-05,0.0,197387648.15403888,26436975.230606757,0.1339343,0.15745182059375057,0.14859190571579411,0.019901276706166385
238,0.78,0.05628369231669917,0.1100117,0.05628369,5.014187e+07,0.383995,8.908774e+08,1.8794092262024623e-05,0.0,273654801.6296798,31317040.760477345,0.1144399,0.21828846502689894,0.20600513895092587,0.023574901756196368
239,0.78,0.05628369231669917,0.1100117,0.05628369,5.014187e+07,0.383995,8.908774e+08,0.0019352204816271016,0.0,117197022.6005236,17493790.320100565,0.1492682,0.09348550808112863,0.08850745157751537,0.01316900888861581
240,0.78,0.05628369231669917,0.1100117,0.05628369,5.014187e+07,0.383995,8.908774e+08,0.0015649831098790983,0.0,114657367.63342221,13701421.839794848,0.1194988,0.09145968072065458,0.08654137807641626,0.010314182500953624
241,0.78,0.05628369231669917,0.1100117,0.05628369,5.014187e+07,0.383995,8.908774e+08,7.283974797793736e-05,0.0,254195308.37942916,42088615.4761733,0.1655759,0.20276605180227453,0.19136430614593303,0.03168354834334569
242,0.78,0.05628369231669917,0.1100117,0.05628369,5.014187e+07,0.383995,8.908774e+08,0.0011232261990193866,0.0,41443035.415852,6524274.481065,0.1574275,0.03305820520271325,0.031362203145666595,0.0049113558045904586
243,0.78,0.05628369231669917,0.1100117,0.05628369,5.014187e+07,0.383995,8.908774e+08,0.00058379892073977,0.0,212150676.8027574,25045209.253733486,0.1180539,0.16922796646689278,0.15978876143272872,0.018853580455957083
244,0.78,0.05628369231669917,0.1100117,0.05628369,5.014187e+07,0.383995,8.908774e+08,4.802633497577459e-07,0.0,206555536.82926345,30964212.725713104,0.1499074,0.16476484537728944,0.1554913419096013,0.023309299194319056
245,0.78,0.05628369231669917,0.1100117,0.05628369,5.014187e+07,0.383995,8.908774e+08,4.355345771363938e-09,0.0,345577449.3405746,49102836.78971604,0.1420892,0.27565959199410384,0.26014445297254146,0.03696372726023989
246,0.78,0.05628369231669917,0.1100117,0.05628369,5.014187e+07,0.383995,8.908774e+08,0.00023843158604166436,0.0,51193314.08214845,7133915.485671543,0.1393525,0.04083578977632715,0.038572348628030134,0.005370282524393631
247,0.78,0.05628369231669917,0.1100117,0.05628369,5.014187e+07,0.383995,8.908774e+08,0.0,0.0,567367061.2137479,74564090.67912892,0.1314213,0.45257632667732167,0.42710365995679345,0.056130498591648786
248,0.78,0.05628369231669917,0.1100117,0.05628369,5.014187e+07,0.383995,8.908774e+08,0.03235244380195132,0.0005845848376077041,26675870.078798495,2709829.848155688,0.1015836,0.02127875958353495,0.024823140567621832,0.0020728134817409377
249,0.78,0.05628369231669917,0.1100117,0.05628369,5.014187e+07,0.383995,8.908774e+08,0.0929146950254123,0.00011250571763007184,27187168.850148328,3780233.398379257,0.1390448,0.02168661145861051,0.03408489039753584,0.002852023554707711
250,0.78,0.05628369231669917,0.1100117,0.05628369,5.014187e+07,0.383995,8.908774e+08,6.784736072228925e-06,0.0,263042933.58506626,36267078.76316117,0.1378751,0.2098236094032019,0.19801495639689673,0.027301200817951357
251,0.78,0.05628369231669917,0.1100117,0.05628369,5.014187e+07,0.383995,8.908774e+08,0.008118258771836011,0.0044836463898389484,219740.52172545134,22960.236710864272,0.104488,0.00017528222017667813,0.0013553426127082778,0.00026964022470561417
252,0.78,0.05628369231669917,0.1100117,0.05628369,5.014187e+07,0.383995,8.908774e+08,0.0,0.0,524742304.73040134,74231416.13629273,0.1414626,0.4185754883602719,0.3950165143620903,0.0558800672139163
253,0.78,0.05628369231669917,0.1100117,0.05628369,5.014187e+07,0.383995,8.908774e+08,0.0,0.0,484000574.35570824,55172456.48395496,0.1139925,0.3860766988887592,0.3643468767578574,0.04153282716605666
254,0.78,0.05628369231669917,0.1100117,0.05628369,5.014187e+07,0.383995,8.908774e+08,5.108124196687539e-06,0.0,207272028.8705644,23644846.395086296,0.1140764,0.16533637544717372,0.1560313824811075,0.017799412628666796
255,0.78,0.05628369231669917,0.1100117,0.05628369,5.014187e+07,0.383995,8.908774e+08,1.9770155972160933e-05,0.0,168866855.55407232,21961994.27901778,0.1300551,0.13470140656512272,0.12712281183486393,0.01653259199864767
256,0.78,0.05628369231669917,0.1100117,0.05628369,5.014187e+07,0.383995,8.908774e+08,0.0,0.0,21394467.629065774,2162246.929968354,0.1010657,0.017065900071931837,0.016105368203175693,0.0016277003736244512
257,0.78,0.05628369231669917,0.1100117,0.05628369,5.014187e+07,0.383995,8.908774e+08,0.029678974622633705,5.219051197839676e-08,37720116.52791754,4708701.97211465,0.1248326,0.03008851402745443,0.03274518834531102,0.003544628601209331
258,0.78,0.05628369231669917,0.1100117,0.05628369,5.014187e+07,0.383995,8.908774e+08,0.0,0.0,138392440.42599902,21106160.881879013,0.1525095,0.11039263046733783,0.10417932562008313,0.015888336099390395
259,0.78,0.05628369231669917,0.1100117,0.05628369,5.014187e+07,0.383995,8.908774e+08,0.0,0.0,50853548.65825784,9381431.040455831,0.1844794,0.04056476631023552,0.038281631484331426,0.007062171576261862
260,0.78,0.05628369231669917,0.1100117,0.05628369,5.014187e+07,0.383995,8.908774e+08,5.800579991343299e-07,0.0,288860933.4289704,32832231.45369973,0.113661,0.23041806461622277,0.21744937018459384,0.02471550990010825
261,0.78,0.05628369231669917,0.1100117,0.05628369,5.014187e+07,0.383995,8.908774e+08,0.0,0.0,34120999.88562894,5762223.720416399,0.1688762,0.027217577202596117,0.02568567146171919,0.004337697777546027
262,0.78,0.05628369231669917,0.1100117,0.05628369,5.014187e+07,0.383995,8.908774e+08,0.0,0.0,295537066.90909326,44975213.312965415,0.1521813,0.23574347064239884,0.22247495767509126,0.03385652697604923
263,0.78,0.05628369231669917,0.1100117,0.05628369,5.014187e+07,0.383995,8.908774e+08,0.0,0.0,507576059.7566646,87400320.27231789,0.1721916,0.40488234925481026,0.3820940756848902,0.06579338002076877
264,0.78,0.05628369231669917,0.1100117,0.05628369,5.014187e+07,0.383995,8.908774e+08,0.00026283236968999526,0.0,85909266.50313093,10857760.49579024,0.1263864,0.06852794763649907,0.06470946611686418,0.00817352568329522
265,0.78,0.05628369231669917,0.1100117,0.05628369,5.014187e+07,0.383995,8.908774e+08,0.0,0.0,301035042.7283843,44179491.4556895,0.1467586,0.2401290860059916,0.2266137344129402,0.03325752195657714
266,0.78,0.05628369231669917,0.1100117,0.05628369,5.014187e+07,0.383995,8.908774e+08,0.00046921351634301116,0.0,223549866.09247434,34378449.40942182,0.1537843,0.1783208510710908,0.16835306967283273,0.025879474805943728
267,0.78,0.05628369231669917,0.1100117,0.05628369,5.014187e+07,0.383995,8.908774e+08,0.0567855104972087,1.0566298107463155e-05,27611110.368518937,4073449.5798213086,0.1475294,0.022024780358827812,0.02910842564502475,0.0030670138648649023
268,0.78,0.05628369231669917,0.1100117,0.05628369,5.014187e+07,0.383995,8.908774e+08,4.401945314685737e-05,0.0,180501433.8723256,35674751.35424401,0.1976425,0.14398205586198234,0.13588466623946618,0.02685530745977854
269,0.78,0.05628369231669917,0.1100117,0.05628369,5.014187e+07,0.383995,8.908774e+08,3.4061022739378065e-06,0.0,275021530.2813795,46854190.860427685,0.1703655,0.21937867465490882,0.20703173207593126,0.03527098728289358
270,0.78,0.05628369231669917,0.1100117,0.05628369,5.014187e+07,0.383995,8.908774e+08,0.0,0.0,779294.9611123399,77813.18722195564,0.09985075,0.0006216265888680092,0.000586639149204283,5.857635969261859e-05
271,0.78,0.05628369231669917,0.1100117,0.05628369,5.014187e+07,0.383995,8.908774e+08,0.041794110790767704,0.016794219276771813,478995.92652214324,43951.73505224567,0.09175806,0.0003820846004966124,0.006486510811534216,0.0009783267415292027
272,0.78,0.05628369231669917,0.1100117,0.05628369,5.014187e+07,0.383995,8.908774e+08,9.556663836293113e-07,0.0,158207990.89288864,30096931.314805306,0.1902365,0.12619906276569678,0.11909625362221186,0.022656425437392123
273,0.78,0.05628369231669917,0.1100117,0.05628369,5.014187e+07,0.383995,8.908774e+08,0.0,0.0,43313148.61990294,6681798.435518635,0.1542672,0.034549953705965315,0.032605354742022565,0.00502993698787961
274,0.78,0.05628369231669917,0.1100117,0.05628369,5.014187e+07,0.383995,8.908774e+08,0.09205918705679679,4.7816904311007275e-06,34176307.47919124,6526668.097544678,0.1909705,0.027261694863353936,0.03922079227070016,0.004913426806968585
275,0.78,0.05628369231669917,0.1100117,0.05628369,5.014187e+07,0.383995,8.908774e+08,0.0,0.0,127365033.14070424,18927461.321402866,0.148608,0.1015963082570267,0.09587809290257569,0.01424825048314935
276,0.78,0.05628369231669917,0.1100117,0.05628369,5.014187e+07,0.383995,8.908774e+08,0.0420871722609853,0.0,17017879.54819217,2479902.7005504966,0.1457234,0.013574791242342404,0.01897963841331437,0.0018668258912951292
277,0.78,0.05628369231669917,0.1100117,0.05628369,5.014187e+07,0.383995,8.908774e+08,0.00024537331280207744,0.0,152404661.66271442,16154070.332817089,0.1059946,0.12156987364803334,0.11476343764051271,0.012160491917852727
278,0.78,0.05628369231669917,0.1100117,0.05628369,5.014187e+07,0.383995,8.908774e+08,0.0,0.0,106543868.75380951,12674579.679060197,0.1189611,0.08498771967381419,0.08020429700899535,0.009541194298026407
279,0.78,0.05628369231669917,0.1100117,0.05628369,5.014187e+07,0.383995,8.908774e+08,3.6286237569966038e-06,0.0,173138752.19360715,30141470.016169894,0.1740885,0.13810900531597356,0.13033625241661956,0.022689953366069982
280,0.78,0.05628369231669917,0.1100117,0.05628369,5.014187e+07,0.383995,8.908774e+08,0.031168948793763755,0.01457200133154882,28795.897632244283,4936.755139799649,0.1714395,2.2969859311003505e-05,0.004590235536680396,0.0008238823393462884
281,0.78,0.05628369231669917,0.1100117,0.05628369,5.014187e+07,0.383995,8.908774e+08,0.0,0.0,462847871.6057022,71719788.01906359,0.1549533,0.36920364938635175,0.34842350478208783,0.053989359002861344
282,0.78,0.05628369231669917,0.1100117,0.05628369,5.014187e+07,0.383995,8.908774e+08,0.00043240609962803735,0.0,117893163.31351186,15640463.868883057,0.1326664,0.09404080434041581,0.08881122014929926,0.011773858262993708
283,0.78,0.05628369231669917,0.1100117,0.05628369,5.014187e+07,0.383995,8.908774e+08,0.006017050108400233,0.0,92604278.1302567,10537616.477342706,0.1137919,0.07386841234868126,0.07059276865279593,0.007932527057644119
284,0.78,0.05628369231669917,0.1100117,0.05628369,5.014187e+07,0.383995,8.908774e+08,4.938028516748214e-05,0.0,120133959.24719301,15368047.618179709,0.1279243,0.0958282383700357,0.09044190915387623,0.011568788237500504
285,0.78,0.05628369231669917,0.1100117,0.05628369,5.014187e+07,0.383995,8.908774e+08,0.0,0.0,86725083.29145367,10815980.046590641,0.1247157,0.06917870689014861,0.06528507383667638,0.008142074116950122
286,0.78,0.05628369231669917,0.1100117,0.05628369,5.014187e+07,0.383995,8.908774e+08,0.0,0.0,284692180.66669434,44753602.93249851,0.1572,0.22709274148600664,0.21431112349685255,0.03368970269058692
287,0.78,0.05628369231669917,0.1100117,0.05628369,5.014187e+07,0.383995,8.908774e+08,4.827442577128271e-09,0.0,338904991.8212208,43414972.15137574,0.1281037,0.2703371182016361,0.25512154772656986,0.03268200565451777
288,0.78,0.05628369231669917,0.1100117,0.05628369,5.014187e+07,0.383995,8.908774e+08,1.49083071978189e-08,0.0,150157455.5066439,26628265.242166415,0.1773356,0.11977732632386305,0.11303581832770458,0.02004527636641372
289,0.78,0.05628369231669917,0.1100117,0.05628369,5.014187e+07,0.383995,8.908774e+08,0.028014289292570882,0.00014582845300253802,13030427.10751223,1845689.606765797,0.1416446,0.010394087423296448,0.013915237147231585,0.0013976095110499213
290,0.78,0.05628369231669917,0.1100117,0.05628369,5.014187e+07,0.383995,8.908774e+08,0.04390888021699461,1.7128777478189433e-05,33478856.722768143,4059973.842224939,0.1212698,0.026705353610999547,0.03163817933037277,0.0030572389339494858
291,0.78,0.05628369231669917,0.1100117,0.05628369,5.014187e+07,0.383995,8.908774e+08,0.0,0.0,70747556.71821429,9871823.194316184,0.1395359,0.05643378251890145,0.05325748086734009,0.007431329918446525
292,0.78,0.05628369231669917,0.1100117,0.05628369,5.014187e+07,0.383995,8.908774e+08,0.03569471853849289,0.013932672435345416,1342356.3697788257,123407.72204400426,0.09193365,0.0010707683904433271,0.0062424204182209295,0.000877081349197457
293,0.78,0.05628369231669917,0.1100117,0.05628369,5.014187e+07,0.383995,8.908774e+08,0.041089195968670125,0.0,75243002.30868465,9168040.01726759,0.1218457,0.06001970139082263,0.06266418012006089,0.006901534674269966
294,0.78,0.05628369231669917,0.1100117,0.05628369,5.014187e+07,0.383995,8.908774e+08,0.08778542311501972,0.007276296227388849,9027881.49016089,876691.9390396228,0.09710938,0.007201344106502384,0.019663089309758394,0.00106949465033472
295,0.78,0.05628369231669917,0.1100117,0.05628369,5.014187e+07,0.383995,8.908774e+08,1.490354540795234e-06,0.0,220331906.84504125,26167123.624717228,0.1187623,0.17575395518452835,0.165862092094754,0.019698137298894355
296,0.78,0.05628369231669917,0.1100117,0.05628369,5.014187e+07,0.383995,8.908774e+08,0.0,0.0,50061342.80145834,5578473.805255416,0.1114328,0.03993284098155045,0.037685273246413194,0.004199374165466545
297,0.78,0.05628369231669917,0.1100117,0.05628369,5.014187e+07,0.383995,8.908774e+08,0.04573863072586041,0.0046054666072854675,5037797.439512733,596143.8928492517,0.1183342,0.004018541109597716,0.010496458313552282,0.0007079790037356257
298,0.78,0.05628369231669917,0.1100117,0.05628369,5.014187e+07,0.383995,8.908774e+08,0.0,0.0,7461.727233236694,935.0885054712542,0.125318,5.952057024005061e-06,5.6170532778145134e-06,7.039177110774145e-07
299,0.78,0.05628369231669917,0.1100117,0.05628369,5.014187e+07,0.383995,8.908774e+08,0.0,0.0,309206152.95219487,41876749.46258318,0.1354331,0.24664700236521162,0.2327647983732519,0.03152405944099169
300,0.78,0.05628369231669917,0.1100117,0.05628369,5.014187e+07,0.383995,8.908774e+08,0.0044142667138968375,5.871273325881878e-07,71928200.41173406,6904934.626004564,0.0959976,0.05737555623552301,0.05479326495356993,0.005197942921216326
301,0.78,0.05628369231669917,0.1100117,0.05628369,5.014187e+07,0.383995,8.908774e+08,0.0,0.0,305778274.960927,45227964.13013382,0.147911,0.24391265887641755,0.23018435383206926,0.03404679321892692
302,0.78,0.05628369231669917,0.1100117,0.05628369,5.014187e+07,0.383995,8.908774e+08,0.0,0.0,6920415.332629635,855681.7934996155,0.123646,0.005520264330507179,0.005209563471422064,0.000644141774780251
303,0.78,0.05628369231669917,0.1100117,0.05628369,5.014187e+07,0.383995,8.908774e+08,2.1951397548805416e-05,0.0,198043458.44399372,24667670.8159931,0.1245569,0.15797494615445903,0.14908675039620672,0.01856937634973291
304,0.78,0.05628369231669917,0.1100117,0.05628369,5.014187e+07,0.383995,8.908774e+08,2.1309505300796955e-05,0.0,242728919.5096466,39955142.775151856,0.1646081,0.19361956355912838,0.18272506303739017,0.03007750868874389
305,0.78,0.05628369231669917,0.1100117,0.05628369,5.014187e+07,0.383995,8.908774e+08,0.0,0.0,13363197.438104121,1965563.539492825,0.1470878,0.010659531056073252,0.010059573289872925,0.0014796406752959964
306,0.78,0.05628369231669917,0.1100117,0.05628369,5.014187e+07,0.383995,8.908774e+08,0.056397852031623764,0.0035661944749852343,7082670.624339023,893403.6396655714,0.1261394,0.005649691836835621,0.013598166902624359,0.000873256690753725
307,0.78,0.05628369231669917,0.1100117,0.05628369,5.014187e+07,0.383995,8.908774e+08,0.0,0.0,363176547.5604236,51738170.688081905,0.1424601,0.28969800869057816,0.27339273510467726,0.03894755894548505
308,0.78,0.05628369231669917,0.1100117,0.05628369,5.014187e+07,0.383995,8.908774e+08,1.6261801770010034e-08,0.0,307954023.57782805,39963789.43625864,0.1297719,0.24564820608055699,0.2318222204149277,0.030084017738806142
309,0.78,0.05628369231669917,0.1100117,0.05628369,5.014187e+07,0.383995,8.908774e+08,0.0,0.0,259437194.33577827,29819738.49388676,0.1149401,0.2069473898692233,0.19529962665208,0.02244775969624954
310,0.78,0.05628369231669917,0.1100117,0.05628369,5.014187e+07,0.383995,8.908774e+08,1.4683135766870871e-05,0.0,264237835.8363525,45547666.58100098,0.1723737,0.21077675686027972,0.19891561489605952,0.03428745944049152
311,0.78,0.05628369231669917,0.1100117,0.05628369,5.014187e+07,0.383995,8.908774e+08,2.88175382987672e-06,0.0,286832776.5939141,48703558.86240356,0.1697977,0.22880024815650152,0.21592294777755539,0.03666315805953531
312,0.78,0.05628369231669917,0.1100117,0.05628369,5.014187e+07,0.383995,8.908774e+08,0.0,0.0,155036680.64751735,17750112.206950307,0.1144898,0.12366937777035376,0.11670880856292955,0.013361963368148615
313,0.78,0.05628369231669917,0.1100117,0.05628369,5.014187e+07,0.383995,8.908774e+08,5.937945614028461e-11,0.0,443441250.9750697,69005060.62792656,0.1556126,0.35372341149689285,0.33381455184769204,0.051945761332494
314,0.78,0.05628369231669917,0.1100117,0.05628369,5.014187e+07,0.383995,8.908774e+08,1.3755497440024035e-08,0.0,274053894.2197207,39828696.37377961,0.1453316,0.2186068124791082,0.20630281592339847,0.029982322125218477
315,0.78,0.05628369231669917,0.1100117,0.05628369,5.014187e+07,0.383995,8.908774e+08,2.5026823682661737e-11,0.0,368407528.17887414,51240882.074633785,0.1390875,0.2938706478074033,0.2773305226889707,0.03857320907328034
316,0.78,0.05628369231669917,0.1100117,0.05628369,5.014187e+07,0.383995,8.908774e+08,2.9014421043945774e-07,0.0,213536775.54092056,29481969.041278575,0.1380651,0.170333627190284,0.16074666425392556,0.022193492962608107
317,0.78,0.05628369231669917,0.1100117,0.05628369,5.014187e+07,0.383995,8.908774e+08,0.0,0.0,277041151.3372228,33508779.62495081,0.1209524,0.22098968230977406,0.20855156702548566,0.025224803124604324
318,0.78,0.05628369231669917,0.1100117,0.05628369,5.014187e+07,0.383995,8.908774e+08,2.0457644467446765e-13,0.0,296321999.13681394,37416130.24790564,0.1262685,0.236369593955854,0.22306584045664957,0.0281661859892147
319,0.78,0.05628369231669917,0.1100117,0.05628369,5.014187e+07,0.383995,8.908774e+08,0.0,0.0,310862047.916686,45272818.74761097,0.1456364,0.2479678736522928,0.23401132614722106,0.034080558963539356
320,0.78,0.05628369231669917,0.1100117,0.05628369,5.014187e+07,0.383995,8.908774e+08,0.0,0.0,430237386.6676235,55813903.41595533,0.1297282,0.3431909770030291,0.32387492164752324,0.04201569681262961
321,0.78,0.05628369231669917,0.1100117,0.05628369,5.014187e+07,0.383995,8.908774e+08,0.0,0.0,227874080.7738255,26841322.434159774,0.1177902,0.18177018278249368,0.17153948574241368,0.020205661966321144
322,0.78,0.05628369231669917,0.1100117,0.05628369,5.014187e+07,0.383995,8.908774e+08,0.0,0.0,131368316.84735487,16895905.620649762,0.1286148,0.10478964033155216,0.09889169245715351,0.012718932102661184
323,0.78,0.05628369231669917,0.1100117,0.05628369,5.014187e+07,0.383995,8.908774e+08,0.0,0.0,58686117.55995556,6735266.267130827,0.1147676,0.046812635642646254,0.04417784766160181,0.005070186604279031
324,0.78,0.05628369231669917,0.1100117,0.05628369,5.014187e+07,0.383995,8.908774e+08,0.0,0.0,169278173.82197726,28295892.835134685,0.1671562,0.1350295061738407,0.12742954699467643,0.021300636250856066
325,0.78,0.05628369231669917,0.1100117,0.05628369,5.014187e+07,0.383995,8.908774e+08,0.0,0.0,430740017.5327746,69071267.96580155,0.1603549,0.3435919146784347,0.32425329307016815,0.05199560101874916
326,0.78,0.05628369231669917,0.1100117,0.05628369,5.014187e+07,0.383995,8.908774e+08,0.0,0.0,412262274.93599427,52561544.235892534,0.1274954,0.32885262253156566,0.3103435827074595,0.039567379657369915
327,0.78,0.05628369231669917,0.1100117,0.05628369,5.014187e+07,0.383995,8.908774e+08,0.0,0.0,138754960.8103866,16938236.8082563,0.122073,0.11068180506898072,0.10445222440742134,0.012750798254916113
328,0.78,0.05628369231669917,0.1100117,0.05628369,5.014187e+07,0.383995,8.908774e+08,0.0002221025884172891,0.0,242895555.93263838,37178264.252431974,0.1530628,0.19375248579829915,0.18287993497399077,0.027987124770840945
329,0.78,0.05628369231669917,0.1100117,0.05628369,5.014187e+07,0.383995,8.908774e+08,0.0,0.0,271085466.3639356,41742131.877048455,0.1539814,0.21623896233972242,0.2040682351165112,0.031422721757846266
330,0.78,0.05628369231669917,0.1100117,0.05628369,5.014187e+07,0.383995,8.908774e+08,9.229961479648662e-07,0.0,212266713.42822045,27378765.76373278,0.1289829,0.16932052635149333,0.15979067723069149,0.020610239582421985
331,0.78,0.05628369231669917,0.1100117,0.05628369,5.014187e+07,0.383995,8.908774e+08,0.0,0.0,168334571.18574417,21260805.594367273,0.1263009,0.13427681493717314,0.12671921999998295,0.016004749841413778
332,0.78,0.05628369231669917,0.1100117,0.05628369,5.014187e+07,0.383995,8.908774e+08,0.0,0.0,584119485.3309635,70108587.2249215,0.1200244,0.4659393699137243,0.43971458177926365,0.0527764761918091
333,0.78,0.05628369231669917,0.1100117,0.05628369,5.014187e+07,0.383995,8.908774e+08,4.642536369838315e-09,0.0,223792114.87327236,33312684.130095836,0.1488555,0.17851408763847468,0.1684666563361098,0.02507718598346393
334,0.78,0.05628369231669917,0.1100117,0.05628369,5.014187e+07,0.383995,8.908774e+08,0.0009005215964508496,0.0,133906860.81281511,17140318.320206154,0.1280018,0.10681458147025541,0.10093465551337141,0.012902921561437903
335,0.78,0.05628369231669917,0.1100117,0.05628369,5.014187e+07,0.383995,8.908774e+08,0.0,0.0,309827240.2806348,33569230.2711647,0.1083482,0.24714243017705861,0.23323234167857174,0.025270309277516112
336,0.78,0.05628369231669917,0.1100117,0.05628369,5.014187e+07,0.383995,8.908774e+08,0.0,0.0,110178966.29072453,12487546.000079762,0.1133387,0.08788735767333314,0.08294073267551959,0.009400398727947247
337,0.78,0.05628369231669917,0.1100117,0.05628369,5.014187e+07,0.383995,8.908774e+08,7.498833316504773e-08,0.0,199267662.89140284,30219254.313299682,0.1516516,0.1589514673341081,0.15000510284472968,0.02274850797782384
338,0.78,0.05628369231669917,0.1100117,0.05628369,5.014187e+07,0.383995,8.908774e+08,3.4065627763893784e-08,0.0,361215143.44514704,42038490.887731194,0.1163808,0.28813343941910396,0.27191623056182335,0.03164581545992511
339,0.78,0.05628369231669917,0.1100117,0.05628369,5.014187e+07,0.383995,8.908774e+08,0.0,0.0,268180781.77890888,35131368.62636507,0.1309988,0.21392195881675552,0.2018816411069277,0.026446258772077284
340,0.78,0.05628369231669917,0.1100117,0.05628369,5.014187e+07,0.383995,8.908774e+08,3.481091699979233e-06,4.6406589781891744e-08,13604916.08676542,2443901.550090982,0.1796337,0.010852344748617387,0.010242044953518577,0.001839727488427715
341,0.78,0.05628369231669917,0.1100117,0.05628369,5.014187e+07,0.383995,8.908774e+08,0.0,0.0,323016857.9489752,41059616.302775316,0.1271129,0.25766350043772174,0.24316124725784133,0.030908936380306083
342,0.78,0.05628369231669917,0.1100117,0.05628369,5.014187e+07,0.383995,8.908774e+08,0.0,0.0,191755704.27173802,22307543.07207218,0.1163331,0.15295934182903026,0.14435022529656033,0.016792714879047998
343,0.78,0.05628369231669917,0.1100117,0.05628369,5.014187e+07,0.383995,8.908774e+08,0.0041709687088960275,0.0,170305454.25168812,27412064.603826407,0.1609582,0.1358489453607957,0.1288142208206345,0.020635306346865234
344,0.78,0.05628369231669917,0.1100117,0.05628369,5.014187e+07,0.383995,8.908774e+08,0.0007439429377872033,0.0,219516997.2196632,37740922.12060812,0.1719271,0.1751039195549685,0.16535746713944802,0.02841068343546879
345,0.78,0.05628369231669917,0.1100117,0.05628369,5.014187e+07,0.383995,8.908774e+08,0.00021108063971103527,0.0,160294486.62572843,16100722.703601468,0.1004446,0.1278634148914202,0.12069772872960254,0.012120332787642971
346,0.78,0.05628369231669917,0.1100117,0.05628369,5.014187e+07,0.383995,8.908774e+08,0.0035678619922466354,0.0,110378595.51433522,12898919.698094673,0.1168607,0.08804659754976497,0.08361396586247609,0.009710073406022954
347,0.78,0.05628369231669917,0.1100117,0.05628369,5.014187e+07,0.383995,8.908774e+08,0.0,0.0,7133709.897104031,654040.7435994328,0.09168311,0.005690404751213933,0.005370127761039125,0.0004923500401214544
348,0.78,0.05628369231669917,0.1100117,0.05628369,5.014187e+07,0.383995,8.908774e+08,0.0,0.0,212783348.67063808,27449844.663305163,0.1290037,0.1697326350131157,0.16017945560793492,0.020663746492195916
349,0.78,0.05628369231669917,0.1100117,0.05628369,5.014187e+07,0.383995,8.908774e+08,0.0011962082797885585,0.0,54824457.08497414,7661061.868089387,0.139738,0.043732273330277766,0.04144619258483251,0.00576710878494883
350,0.78,0.05628369231669917,0.1100117,0.05628369,5.014187e+07,0.383995,8.908774e+08,0.0,0.0,294886992.9887442,40234484.38774859,0.1364403,0.2352249208585765,0.22198559378775246,0.030287792001389972
351,0.78,0.05628369231669917,0.1100117,0.05628369,5.014187e+07,0.383995,8.908774e+08,0.0,0.0,362469482.3277621,46213449.15238812,0.1274961,0.2891339981802842,0.272860469188408,0.03478864851616076
352,0.78,0.05628369231669917,0.1100117,0.05628369,5.014187e+07,0.383995,8.908774e+08,8.319268388003204e-08,0.0,328098959.06843424,50279232.41364453,0.1532441,0.2617173816262544,0.2469869732387573,0.037849296604822835
353,0.78,0.05628369231669917,0.1100117,0.05628369,5.014187e+07,0.383995,8.908774e+08,0.0001794378512196412,0.0,165551409.55094865,22166164.3526276,0.1338929,0.13205674762038108,0.12465040719836408,0.016686287536604803
354,0.78,0.05628369231669917,0.1100117,0.05628369,5.014187e+07,0.383995,8.908774e+08,9.837473443451606e-06,0.0,151041761.19515392,22598191.645714313,0.1496155,0.12048271767899311,0.11370294738581876,0.017011509867425036
355,0.78,0.05628369231669917,0.1100117,0.05628369,5.014187e+07,0.383995,8.908774e+08,0.0001780604763858837,0.0,100934665.5909837,15363622.36447968,0.1522135,0.08051338068489262,0.07600788938105606,0.01156545698656839
356,0.78,0.05628369231669917,0.1100117,0.05628369,5.014187e+07,0.383995,8.908774e+08,0.0,0.0,339371640.63976353,45251659.7601147,0.1333395,0.27070935378347016,0.2554728318078689,0.03406463086052029
357,0.78,0.05628369231669917,0.1100117,0.05628369,5.014187e+07,0.383995,8.908774e+08,1.0453968654768264e-08,0.0,280049475.722967,41410429.00619595,0.1478683,0.22338935704069926,0.21081618073447564,0.03117302183720546
358,0.78,0.05628369231669917,0.1100117,0.05628369,5.014187e+07,0.383995,8.908774e+08,0.0,0.0,373081060.36446506,57107273.1986098,0.1530693,0.2975986224709979,0.28084867316996676,0.04298932218782766
359,0.78,0.05628369231669917,0.1100117,0.05628369,5.014187e+07,0.383995,8.908774e+08,0.0176742597170331,2.0236261542463313e-07,74379223.80302615,10459680.325090323,0.1406264,0.05933068412161872,0.058581921665432635,0.007873869521816228
360,0.78,0.05628369231669917,0.1100117,0.05628369,5.014187e+07,0.383995,8.908774e+08,0.00022425666442168655,0.0,146874218.02388534,19162721.388922784,0.1304703,0.1171583594131344,0.11059712456316072,0.014425350006101009
361,0.78,0.05628369231669917,0.1100117,0.05628369,5.014187e+07,0.383995,8.908774e+08,0.006098728215217901,0.0014985741039631954,60073.939816228005,10297.41710662032,0.1714124,4.7919671178831866e-05,0.0009391377612844289,9.209699309783176e-05
362,0.78,0.05628369231669917,0.1100117,0.05628369,5.014187e+07,0.383995,8.908774e+08,2.147662635095121e-08,0.0,226005954.44194692,28903914.580360446,0.1278901,0.1802800191638266,0.17013319718227693,0.021758344021489948
363,0.78,0.05628369231669917,0.1100117,0.05628369,5.014187e+07,0.383995,8.908774e+08,1.024851174225307e-06,0.0,137228305.51138422,21564380.25269123,0.1571424,0.1094640254434824,0.10330313613224318,0.016233275352505173
364,0.78,0.05628369231669917,0.1100117,0.05628369,5.014187e+07,0.383995,8.908774e+08,0.0,0.0,278560304.12434936,33280587.295505036,0.1194735,0.22220147734522874,0.20969515776201395,0.025053024067018814
365,0.78,0.05628369231669917,0.1100117,0.05628369,5.014187e+07,0.383995,8.908774e+08,0.021276823651765833,3.784202095238858e-07,86336427.65628734,11412273.476317639,0.1321838,0.06886868476914333,0.06811113074156708,0.008590974322729528
366,0.78,0.05628369231669917,0.1100117,0.05628369,5.014187e+07,0.383995,8.908774e+08,0.0,0.0,95693749.2511295,15790424.35640766,0.16501,0.07633281605986801,0.07203652332708721,0.011886745805202532
367,0.78,0.05628369231669917,0.1100117,0.05628369,5.014187e+07,0.383995,8.908774e+08,0.0,0.0,116564926.90002967,18642497.02719661,0.1599323,0.09298129913106006,0.08774796829956051,0.014033734517502474
368,0.78,0.05628369231669917,0.1100117,0.05628369,5.014187e+07,0.383995,8.908774e+08,0.0,0.0,17113892.589507427,2098352.0204004315,0.122611,0.013651378750715941,0.012883028749411921,0.0015796014415668024
369,0.78,0.05628369231669917,0.1100117,0.05628369,5.014187e+07,0.383995,8.908774e+08,0.0,0.0,432134365.9370205,65836607.53459825,0.1523522,0.34470415598047993,0.3253029333249871,0.04956060716145882
370,0.78,0.05628369231669917,0.1100117,0.05628369,5.014187e+07,0.383995,8.908774e+08,3.87305371871165e-10,0.0,420058183.6991236,67254571.79687847,0.1601078,0.3350712488712421,0.31621220185236987,0.050628025006992955
371,0.78,0.05628369231669917,0.1100117,0.05628369,5.014187e+07,0.383995,8.908774e+08,2.5688145930775824e-08,0.0,252450177.65741375,37099165.53203689,0.1469564,0.2013739990982422,0.19003993065762861,0.02792758068503102
372,0.78,0.05628369231669917,0.1100117,0.05628369,5.014187e+07,0.383995,8.908774e+08,0.0,0.0,281142045.9992092,43220860.113911316,0.1537332,0.2242608765138261,0.21163864634144866,0.03253588162422005
373,0.78,0.05628369231669917,0.1100117,0.05628369,5.014187e+07,0.383995,8.908774e+08,0.0,0.0,620173875.7067697,85132028.908404,0.1372712,0.4946991705302166,0.46685567462676764,0.06408585131562418
374,0.78,0.05628369231669917,0.1100117,0.05628369,5.014187e+07,0.383995,8.908774e+08,0.0,0.0,195630283.75885108,33537147.698288288,0.1714313,0.1560500093555265,0.14726693864294202,0.02524615809703159
375,0.78,0.05628369231669917,0.1100117,0.05628369,5.014187e+07,0.383995,8.908774e+08,0.0,0.0,296604965.2554883,54284093.383072086,0.1830182,0.2365953098553456,0.22327885223187324,0.0408640834942863
376,0.78,0.05628369231669917,0.1100117,0.05628369,5.014187e+07,0.383995,8.908774e+08,0.005137558318694001,4.990319575719917e-06,73107271.77009775,7445583.101682937,0.1018446,0.05831607573469366,0.05578686430964299,0.005605181141241306
377,0.78,0.05628369231669917,0.1100117,0.05628369,5.014187e+07,0.383995,8.908774e+08,0.0002408686782135034,0.0,76199038.62658244,13504625.534886464,0.1772283,0.06078231070409274,0.05739656292353536,0.01016603780268275
378,0.78,0.05628369231669917,0.1100117,0.05628369,5.014187e+07,0.383995,8.908774e+08,0.019589515895451513,2.090940559790406e-05,68114984.42312522,7267193.5838727495,0.1066901,0.054333837033037166,0.054147042401811216,0.005471788724257032
379,0.78,0.05628369231669917,0.1100117,0.05628369,5.014187e+07,0.383995,8.908774e+08,5.887426234519886e-06,0.0,225981223.9772049,33677815.76299412,0.1490293,0.18026029221163797,0.17011544033168266,0.025352050471443264
380,0.78,0.05628369231669917,0.1100117,0.05628369,5.014187e+07,0.383995,8.908774e+08,0.0015519302929017998,0.0,56587043.50397949,6463417.619605688,0.1142208,0.04513825006297401,0.042825175365525256,0.0048655438601903885
381,0.78,0.05628369231669917,0.1100117,0.05628369,5.014187e+07,0.383995,8.908774e+08,0.04200519676389407,2.7147926865215427e-05,47703235.1226127,5666993.204114558,0.1187968,0.038051829932163,0.04206700350953837,0.004267537953165953
382,0.78,0.05628369231669917,0.1100117,0.05628369,5.014187e+07,0.383995,8.908774e+08,1.1457082825009526e-09,0.0,397187883.2906514,59256448.27532584,0.14919,0.31682810918891613,0.2989958535419767,0.044607182306794856
383,0.78,0.05628369231669917,0.1100117,0.05628369,5.014187e+07,0.383995,8.908774e+08,0.006947797405375282,0.0007554685347928477,43593.849105569505,7474.177476806459,0.1714503,3.4773862359435164e-05,0.0010511833419890543,4.8146984163175904e-05
384,0.78,0.05628369231669917,0.1100117,0.05628369,5.014187e+07,0.383995,8.908774e+08,0.03788319773834243,7.627382344013597e-06,38755345.026332274,5513783.703004039,0.1422716,0.03091429321541422,0.034727015695126366,0.004151105923982936
385,0.78,0.05628369231669917,0.1100117,0.05628369,5.014187e+07,0.383995,8.908774e+08,0.009657029770810148,1.8116076954855207e-12,51334762.91893438,10302324.368170608,0.200689,0.04094862042749046,0.04005935066767418,0.007755403414418299
386,0.78,0.05628369231669917,0.1100117,0.05628369,5.014187e+07,0.383995,8.908774e+08,0.002888213593141901,0.0013812030141405066,3037.3910222428776,251.7712897908394,0.08289064,2.422860552723337e-06,0.0004256236053764551,7.792873434716938e-05
387,0.78,0.05628369231669917,0.1100117,0.05628369,5.014187e+07,0.383995,8.908774e+08,0.05234443185202247,0.009735867753988298,4233573.463686184,384068.07493692555,0.0907196,0.003377029189559959,0.010859291960378126,0.000837090084085511
388,0.78,0.05628369231669917,0.1100117,0.05628369,5.014187e+07,0.383995,8.908774e+08,0.0,0.0,566950298.1192907,69130861.06323566,0.1219346,0.4522438838492509,0.4267899282385707,0.052040461624452666
389,0.78,0.05628369231669917,0.1100117,0.05628369,5.014187e+07,0.383995,8.908774e+08,0.0,0.0,35626896.33222642,5161779.94363797,0.1448844,0.02841879794441983,0.026819283064905663,0.0038856945644731196
390,0.78,0.05628369231669917,0.1100117,0.05628369,5.014187e+07,0.383995,8.908774e+08,0.0,0.0,30999181.86703156,4095769.5254476075,0.1321251,0.02472737107679566,0.02333562333130845,0.003083221205890802
391,0.78,0.05628369231669917,0.1100117,0.05628369,5.014187e+07,0.383995,8.908774e+08,3.2726189754668055e-06,0.0,219994736.73177418,32177737.738381587,0.1462659,0.17548500194110012,0.16560853776661114,0.02422281887107125
392,0.78,0.05628369231669917,0.1100117,0.05628369,5.014187e+07,0.383995,8.908774e+08,0.0024635201599635882,6.807449730159566e-07,122488267.31938262,10996846.85207358,0.08977878,0.09770621855608837,0.09256803989683761,0.008278265691060313
393,0.78,0.05628369231669917,0.1100117,0.05628369,5.014187e+07,0.383995,8.908774e+08,0.0,0.0,104009682.36630683,13791944.437397731,0.1326025,0.0829662544799799,0.07829660734015975,0.010382326274866543
394,0.78,0.05628369231669917,0.1100117,0.05628369,5.014187e+07,0.383995,8.908774e+08,0.0009087234495950764,0.0,196443671.5316696,29587069.329066824,0.1506135,0.1566988310365013,0.14801243750426862,0.022272610557980747
395,0.78,0.05628369231669917,0.1100117,0.05628369,5.014187e+07,0.383995,8.908774e+08,0.0,0.0,380085374.2711444,58910706.42683406,0.1549934,0.30318581086363805,0.28612139397020014,0.04434691409775367
396,0.78,0.05628369231669917,0.1100117,0.05628369,5.014187e+07,0.383995,8.908774e+08,0.007109926386880391,0.0023567436292257805,245885.95163442584,20419.851540060274,0.08304603,0.000196137859209176,0.0012272290758537736,0.00014801792813895628
397,0.78,0.05628369231669917,0.1100117,0.05628369,5.014187e+07,0.383995,8.908774e+08,0.0,0.0,389559616.24282956,52774776.4506812,0.1354729,0.3107432069881586,0.29325343193653275,0.039727897011271475
398,0.78,0.05628369231669917,0.1100117,0.05628369,5.014187e+07,0.383995,8.908774e+08,0.0009011672687861294,0.0,172682378.15266424,26919427.251122814,0.1558898,0.13774496570006955,0.13012425815275513,0.020264457859607246
399,0.78,0.05628369231669917,0.1100117,0.05628369,5.014187e+07,0.383995,8.908774e+08,0.0,0.0,114717209.72418515,18749871.426604588,0.1634443,0.09150741545090177,0.08635704023496686,0.014114564022963549
400,0.78,0.05628369231669917,0.1100117,0.05628369,5.014187e+07,0.383995,8.908774e+08,0.04454559584647939,2.185735056611743e-05,49986744.15076567,5735571.075246051,0.1147418,0.03987333526538613,0.04415834433410553,0.004318864360804835
401,0.78,0.05628369231669917,0.1100117,0.05628369,5.014187e+07,0.383995,8.908774e+08,9.325799672963373e-05,0.0,145400275.06328744,24204875.499809954,0.1664706,0.11598262726997428,0.10946836596324938,0.01822099240772219
402,0.78,0.05628369231669917,0.1100117,0.05628369,5.014187e+07,0.383995,8.908774e+08,6.6953051086786415e-06,0.0,361509922.44904757,54967099.26879317,0.1520487,0.28836857819942285,0.2721391112281095,0.04137823796941472
403,0.78,0.05628369231669917,0.1100117,0.05628369,5.014187e+07,0.383995,8.908774e+08,0.061833391632802694,0.0004899294961670484,21786282.590904932,2982966.535122178,0.1369195,0.017378442318898086,0.025463488958123677,0.002273098286506495
404,0.78,0.05628369231669917,0.1100117,0.05628369,5.014187e+07,0.383995,8.908774e+08,0.0002918490737309014,0.0,180319113.55441013,29516644.99226933,0.1636912,0.14383662292200114,0.13578374418913286,0.022219596391222646
405,0.78,0.05628369231669917,0.1100117,0.05628369,5.014187e+07,0.383995,8.908774e+08,3.5995702322203395e-09,0.0,242040732.63375428,37648337.25229801,0.1555455,0.19307061190216648,0.18220388551407163,0.028340987221474146
406,0.78,0.05628369231669917,0.1100117,0.05628369,5.014187e+07,0.383995,8.908774e+08,0.057686141180208816,0.00011217378781043687,25218017.43856687,3157545.959960031,0.1252099,0.02011586233789401,0.027438957649419227,0.0023832570333057594
407,0.78,0.05628369231669917,0.1100117,0.05628369,5.014187e+07,0.383995,8.908774e+08,0.0054008540868027135,0.0,121218517.41277218,12534140.395288842,0.1034012,0.09669336675728411,0.09204273201477703,0.009435474145763532
408,0.78,0.05628369231669917,0.1100117,0.05628369,5.014187e+07,0.383995,8.908774e+08,0.0016513096307443098,0.00011352696883286171,13340.393190745212,1868.5246300515564,0.1400652,1.0641340605467504e-05,0.00025208151774532803,7.796308523148135e-06
409,0.78,0.05628369231669917,0.1100117,0.05628369,5.014187e+07,0.383995,8.908774e+08,0.0,0.0,271727446.4272211,35068944.88995697,0.1290593,0.2167510558303461,0.20455150609467124,0.026399267312560686
410,0.78,0.05628369231669917,0.1100117,0.05628369,5.014187e+07,0.383995,8.908774e+08,2.4708032450834076e-07,0.0,240602695.087887,31379823.595132492,0.1304217,0.19192352072500085,0.18112139255173676,0.02362216353837722
411,0.78,0.05628369231669917,0.1100117,0.05628369,5.014187e+07,0.383995,8.908774e+08,0.0017143791423331895,0.0,164348463.68262196,25601168.21256486,0.1557737,0.13109718394547495,0.12396983384440843,0.019272096302814096
412,0.78,0.05628369231669917,0.1100117,0.05628369,5.014187e+07,0.383995,8.908774e+08,0.0,0.0,38166229.97688234,5319324.352394604,0.1393725,0.0304443689929893,0.02873084749581184,0.004004291145391549
413,0.78,0.05628369231669917,0.1100117,0.05628369,5.014187e+07,0.383995,8.908774e+08,0.0,0.0,199530947.59929982,22448414.428782776,0.1125059,0.1591614838016052,0.15020328781864636,0.016898760288003287
414,0.78,0.05628369231669917,0.1100117,0.05628369,5.014187e+07,0.383995,8.908774e+08,0.0,0.0,408291345.5788278,47153340.44408463,0.1154894,0.32568509881575997,0.30735433892188,0.03549618167782567
415,0.78,0.05628369231669917,0.1100117,0.05628369,5.014187e+07,0.383995,8.908774e+08,0.0,0.0,583846560.8273576,85447655.06980887,0.1463529,0.4657216639914984,0.4395091291501798,0.06432344898022203
416,0.78,0.05628369231669917,0.1100117,0.05628369,5.014187e+07,0.383995,8.908774e+08,0.0,0.0,405822362.0937817,48948218.53625354,0.1206149,0.3237156445547059,0.3054957328184869,0.03684733343609246
417,0.78,0.05628369231669917,0.1100117,0.05628369,5.014187e+07,0.383995,8.908774e+08,1.5853402743602206e-08,0.0,285508320.9465114,37182639.19366549,0.1302331,0.22774375878176367,0.21492550145913955,0.02799041814745843
418,0.78,0.05628369231669917,0.1100117,0.05628369,5.014187e+07,0.383995,8.908774e+08,0.0,0.0,250103323.84970167,34803656.684732184,0.1391571,0.19950196501633613,0.18827325780077978,0.02619956315075671
419,0.78,0.05628369231669917,0.1100117,0.05628369,5.014187e+07,0.383995,8.908774e+08,0.000868116641146224,0.0,119130050.79089005,15316890.627713041,0.1285729,0.09502744249636985,0.08980619051782215,0.011530278180512095
420,0.78,0.05628369231669917,0.1100117,0.05628369,5.014187e+07,0.383995,8.908774e+08,0.03573913999071319,3.1921218457408885e-06,48515712.01408823,7058980.423431423,0.1454989,0.03869992502296292,0.04176018020806947,0.005314052429525581
421,0.78,0.05628369231669917,0.1100117,0.05628369,5.014187e+07,0.383995,8.908774e+08,0.0,0.0,82449630.07265168,9926275.070760308,0.120392,0.06576827113360906,0.06206658999692376,0.0074723203059939595
422,0.78,0.05628369231669917,0.1100117,0.05628369,5.014187e+07,0.383995,8.908774e+08,0.0,0.0,162734938.6592215,26060137.450293202,0.1601386,0.1298101102360313,0.12250391793190973,0.019617600042178173
423,0.78,0.05628369231669917,0.1100117,0.05628369,5.014187e+07,0.383995,8.908774e+08,0.0,0.0,432660254.81841534,59884297.45896317,0.1384095,0.345123646068031,0.32569881296152053,0.04507981581438469
424,0.78,0.05628369231669917,0.1100117,0.05628369,5.014187e+07,0.383995,8.908774e+08,0.0,0.0,389444408.688268,58214435.21040974,0.1494807,0.3106513084353286,0.2931667057735746,0.04382277372164296
425,0.78,0.05628369231669917,0.1100117,0.05628369,5.014187e+07,0.383995,8.908774e+08,1.5833856608586024e-08,0.0,197054666.892608,28249732.173908208,0.1433599,0.1571862087060453,0.14833919081963803,0.021265887340135594
426,0.78,0.05628369231669917,0.1100117,0.05628369,5.014187e+07,0.383995,8.908774e+08,0.00679736274301535,3.0863112628081118e-06,88081520.5334606,9692814.22688433,0.1100437,0.07026070728517073,0.06730249212032477,0.007296748915046838
427,0.78,0.05628369231669917,0.1100117,0.05628369,5.014187e+07,0.383995,8.908774e+08,0.0019340842773418274,0.0,57728943.00780777,8244674.951337266,0.142817,0.04604911838474739,0.04374079050537674,0.00620644215640081
428,0.78,0.05628369231669917,0.1100117,0.05628369,5.014187e+07,0.383995,8.908774e+08,0.0,0.0,185082347.3556218,26278187.32365981,0.1419811,0.14763615060738697,0.13932664293177896,0.01978174404230529
429,0.78,0.05628369231669917,0.1100117,0.05628369,5.014187e+07,0.383995,8.908774e+08,0.0,0.0,540742444.1558069,81507836.25508721,0.1507332,0.4313384505103552,0.4070611298774686,0.06135762464820232
430,0.78,0.05628369231669917,0.1100117,0.05628369,5.014187e+07,0.383995,8.908774e+08,0.0,0.0,332678423.6946719,41811921.01276988,0.1256827,0.26537032064999266,0.25043429917254467,0.03147525775672515
431,0.78,0.05628369231669917,0.1100117,0.05628369,5.014187e+07,0.383995,8.908774e+08,0.01226809864840332,2.716560220963254e-06,67159924.4798685,7988242.044939001,0.1189436,0.05357200655251701,0.05235496090593021,0.006013557001399868
432,0.78,0.05628369231669917,0.1100117,0.05628369,5.014187e+07,0.383995,8.908774e+08,0.00652766589654209,0.0,128137852.61791268,18563148.675849497,0.1448686,0.10221276949365798,0.09741664373631136,0.013974002514027705
433,0.78,0.05628369231669917,0.1100117,0.05628369,5.014187e+07,0.383995,8.908774e+08,0.0,0.0,321503157.7271342,38956570.27778927,0.1211701,0.25645605479463857,0.2420217611138226,0.029325801377002227
434,0.78,0.05628369231669917,0.1100117,0.05628369,5.014187e+07,0.383995,8.908774e+08,0.018245295262325878,0.011658333914763754,206416.1357902404,21561.861976981985,0.1044582,0.0001646536482097255,0.0028296728292241495,0.0006724054586240093
435,0.78,0.05628369231669917,0.1100117,0.05628369,5.014187e+07,0.383995,8.908774e+08,0.052552972335166676,4.827680532717611e-08,21831728.88439268,3926364.7944362354,0.1798467,0.017414693835727038,0.024137431628258266,0.002955699106130238
436,0.78,0.05628369231669917,0.1100117,0.05628369,5.014187e+07,0.383995,8.908774e+08,0.045962871884796,2.240538503105574e-06,51244926.954596326,6681878.324089828,0.130391,0.040876960238658465,0.04531321745193586,0.005030123232330545
437,0.78,0.05628369231669917,0.1100117,0.05628369,5.014187e+07,0.383995,8.908774e+08,0.0,0.0,346455461.0064756,54128484.62720749,0.156235,0.27635996274471325,0.2608054036329354,0.04074694403784885
438,0.78,0.05628369231669917,0.1100117,0.05628369,5.014187e+07,0.383995,8.908774e+08,0.0,0.0,46284450.006807804,5757840.895502961,0.1244012,0.03692009599843446,0.03484209667495559,0.004334398466236917
439,0.78,0.05628369231669917,0.1100117,0.05628369,5.014187e+07,0.383995,8.908774e+08,0.00010215883980155662,0.0,135406803.22406286,15613943.487178382,0.1153114,0.10801105280797779,0.10194676577801107,0.011753894199402695
440,0.78,0.05628369231669917,0.1100117,0.05628369,5.014187e+07,0.383995,8.908774e+08,0.0016524947782857612,0.0,95733259.00961407,14019901.55790186,0.1464476,0.07636433213224028,0.07230847838147335,0.010553928271415733
441,0.78,0.05628369231669917,0.1100117,0.05628369,5.014187e+07,0.383995,8.908774e+08,2.1094914095980725e-07,0.0,237562637.09115288,34720470.225056365,0.1461529,0.18949853278491033,0.1788328865908447,0.02613694188876384
442,0.78,0.05628369231669917,0.1100117,0.05628369,5.014187e+07,0.383995,8.908774e+08,0.03743301539263813,0.028875616858023496,123684.59771250053,12921.369092624525,0.1044703,9.8660505210748e-05,0.005579815533268328,0.0016349533075959994
443,0.78,0.05628369231669917,0.1100117,0.05628369,5.014187e+07,0.383995,8.908774e+08,3.931118584413702e-23,0.0,120330661.17548488,14221105.763511512,0.1181836,0.09598514320685553,0.09058274493962656,0.010705391157595175
444,0.78,0.05628369231669917,0.1100117,0.05628369,5.014187e+07,0.383995,8.908774e+08,0.0,0.0,325980082.52658904,43367746.03225795,0.133038,0.2600272000356284,0.24539190911485034,0.03264645468637096
445,0.78,0.05628369231669917,0.1100117,0.05628369,5.014187e+07,0.383995,8.908774e+08,0.0,0.0,251076000.80511847,32422856.03751048,0.1291356,0.20027784820311206,0.18900547141699753,0.024407339492441782
446,0.78,0.05628369231669917,0.1100117,0.05628369,5.014187e+07,0.383995,8.908774e+08,0.0,0.0,312527338.2300255,34107615.19334159,0.1091348,0.2492962394041752,0.23526492656984044,0.02567559570749565
447,0.78,0.05628369231669917,0.1100117,0.05628369,5.014187e+07,0.383995,8.908774e+08,0.032650808067056364,5.95415166694937e-10,61218878.11367155,8456597.818721985,0.1381371,0.048832963479975816,0.05087022458334119,0.006365973890775059
448,0.78,0.05628369231669917,0.1100117,0.05628369,5.014187e+07,0.383995,8.908774e+08,1.681220570222329e-10,0.0,337135025.30877,49040843.19641378,0.1454635,0.2689252545294074,0.25378914827192656,0.03691705960467203
449,0.78,0.05628369231669917,0.1100117,0.05628369,5.014187e+07,0.383995,8.908774e+08,0.004107383470373734,0.0,128955388.24291451,16506780.155213479,0.1280038,0.10286489982582717,0.09767731921111401,0.012426005491597988
450,0.78,0.05628369231669917,0.1100117,0.05628369,5.014187e+07,0.383995,8.908774e+08,0.005903473567867187,0.0,89069142.49193339,13483565.059694849,0.1513831,0.07104851177483441,0.0679149351236956,0.01015018385794453
451,0.78,0.05628369231669917,0.1100117,0.05628369,5.014187e+07,0.383995,8.908774e+08,0.0,0.0,489133590.35956526,52854816.621935464,0.108058,0.39017119376978354,0.36821091834880587,0.03978814980425726
452,0.78,0.05628369231669917,0.1100117,0.05628369,5.014187e+07,0.383995,8.908774e+08,0.0,0.0,101306757.44945715,10118380.213806272,0.09987863,0.08081019024259624,0.07626189435892805,0.0076169335824783765
453,0.78,0.05628369231669917,0.1100117,0.05628369,5.014187e+07,0.383995,8.908774e+08,2.563176875791031e-07,0.0,265532563.8680345,43910319.5928714,0.165367,0.21180953316451434,0.19988814813965616,0.03305489424759266
454,0.78,0.05628369231669917,0.1100117,0.05628369,5.014187e+07,0.383995,8.908774e+08,0.0,0.0,306010093.63472515,41673282.57751396,0.1361827,0.2440975755749977,0.2303588627360823,0.03137089325064718
455,0.78,0.05628369231669917,0.1100117,0.05628369,5.014187e+07,0.383995,8.908774e+08,0.007196767262274326,0.0,152934847.22911114,22027146.52232312,0.1440296,0.12199279110747105,0.11618144558475788,0.01658163742879756
456,0.78,0.05628369231669917,0.1100117,0.05628369,5.014187e+07,0.383995,8.908774e+08,0.0,0.0,283231021.9732545,43030859.326686285,0.1519285,0.22592720707384853,0.21321118966493288,0.03239285246872964
457,0.78,0.05628369231669917,0.1100117,0.05628369,5.014187e+07,0.383995,8.908774e+08,2.9667258511533127e-10,0.0,405242391.531602,59222498.18411509,0.1461409,0.32325301469027434,0.3050591415144861,0.04458162529229183
458,0.78,0.05628369231669917,0.1100117,0.05628369,5.014187e+07,0.383995,8.908774e+08,0.0,0.0,204401311.41910845,30732877.228542116,0.1503556,0.16304646676560688,0.15386960959684656,0.02313515401693022
459,0.78,0.05628369231669917,0.1100117,0.05628369,5.014187e+07,0.383995,8.908774e+08,0.0,0.0,117986428.68646242,17620240.105131146,0.1493412,0.09411520009367975,0.08881804912928253,0.01326419799929801
460,0.78,0.05628369231669917,0.1100117,0.05628369,5.014187e+07,0.383995,8.908774e+08,0.0,0.0,61893566.01203044,7587250.419976344,0.1225854,0.049371147297061865,0.046592356833271606,0.005711544862065554
461,0.78,0.05628369231669917,0.1100117,0.05628369,5.014187e+07,0.383995,8.908774e+08,1.4243606357404045e-10,0.0,348036287.1060804,57491995.29832409,0.1651897,0.2776209532360263,0.26199542094429856,0.04327893402483265
462,0.78,0.05628369231669917,0.1100117,0.05628369,5.014187e+07,0.383995,8.908774e+08,0.0001044583591945835,0.0,175192690.53096265,18655502.468434807,0.1064856,0.13974738711761267,0.13189719906193226,0.014043524778396902
463,0.78,0.05628369231669917,0.1100117,0.05628369,5.014187e+07,0.383995,8.908774e+08,0.0007469257449345317,0.0,223826002.6181132,36078650.0736705,0.1611906,0.17854111915321688,0.16860164565514849,0.027159355109195968
464,0.78,0.05628369231669917,0.1100117,0.05628369,5.014187e+07,0.383995,8.908774e+08,0.0,0.0,195330543.53856558,28995493.711744394,0.1484432,0.1558109131211345,0.1470412996274406,0.021827283134920456
465,0.78,0.05628369231669917,0.1100117,0.05628369,5.014187e+07,0.383995,8.908774e+08,0.032500587377932495,0.0075953551078610316,78755.42146957868,9874.824272502312,0.125386,6.282148152622177e-05,0.004823027799240989,0.00043492821900273495
466,0.78,0.05628369231669917,0.1100117,0.05628369,5.014187e+07,0.383995,8.908774e+08,0.04881470729675669,1.6490315674786793e-05,43755373.98940937,5672716.53684976,0.1296462,0.03490270723534115,0.04009322248213912,0.004271246524804299
467,0.78,0.05628369231669917,0.1100117,0.05628369,5.014187e+07,0.383995,8.908774e+08,2.4738549005111394e-11,0.0,337821805.13200724,41684771.076196946,0.1233928,0.2694730838111635,0.2543061436779299,0.031379541584627677
468,0.78,0.05628369231669917,0.1100117,0.05628369,5.014187e+07,0.383995,8.908774e+08,0.0,0.0,350920791.0100326,38429520.05681474,0.1095105,0.2799218590699751,0.2641668232813622,0.028929047505041983
469,0.78,0.05628369231669917,0.1100117,0.05628369,5.014187e+07,0.383995,8.908774e+08,9.790977713474118e-11,0.0,377690891.49807954,51993358.57724522,0.1376611,0.3012757841951749,0.28431887066941247,0.03913965977207364
470,0.78,0.05628369231669917,0.1100117,0.05628369,5.014187e+07,0.383995,8.908774e+08,0.0,0.0,26763854.46657912,5850623.2245439775,0.2186017,0.021348942810142296,0.02014734548172944,0.0044042433250977035
471,0.78,0.05628369231669917,0.1100117,0.05628369,5.014187e+07,0.383995,8.908774e+08,0.0,0.0,231493084.52594072,25147827.028928526,0.1086332,0.18465698312099044,0.17426380629887872,0.01893082926075845
472,0.78,0.05628369231669917,0.1100117,0.05628369,5.014187e+07,0.383995,8.908774e+08,0.013746393425174072,2.8315117858846383e-08,127796373.10260177,16737420.133535229,0.1309694,0.10194037873423611,0.0982176621362072,0.012599628688658507
473,0.78,0.05628369231669917,0.1100117,0.05628369,5.014187e+07,0.383995,8.908774e+08,0.0,0.0,122140944.96606426,14873040.708429826,0.1217695,0.09742916709225916,0.09194549382896618,0.011196155990563584
474,0.78,0.05628369231669917,0.1100117,0.05628369,5.014187e+07,0.383995,8.908774e+08,0.004219811111544366,0.0018739415806140792,12784.511711102934,1334.2697423130103,0.1043661,1.0197926076632745e-05,0.0006281386791181814,0.00010647676546769653
475,0.78,0.05628369231669917,0.1100117,0.05628369,5.014187e+07,0.383995,8.908774e+08,0.004618409202961882,0.0,133091188.05098085,20131130.1646374,0.1512582,0.10616393710339354,0.10086557759182023,0.015154350613850722
476,0.78,0.05628369231669917,0.1100117,0.05628369,5.014187e+07,0.383995,8.908774e+08,0.04580508748387086,0.0004030888590256298,43930354.370619744,4515926.418192085,0.1027974,0.0350422852679456,0.039783812436171934,0.003422195043387777
477,0.78,0.05628369231669917,0.1100117,0.05628369,5.014187e+07,0.383995,8.908774e+08,0.0,0.0,96672970.42659716,17700313.978077598,0.1830948,0.07711391942820552,0.07277366331377366,0.013324476162308009
478,0.78,0.05628369231669917,0.1100117,0.05628369,5.014187e+07,0.383995,8.908774e+08,1.1943856088618497e-06,0.0,277214824.8492482,49103264.05851082,0.1771307,0.22112821788134113,0.20868248036948248,0.03696404890045926
479,0.78,0.05628369231669917,0.1100117,0.05628369,5.014187e+07,0.383995,8.908774e+08,0.0,0.0,134630876.05112916,24733334.350172784,0.1837122,0.107392112630266,0.10134768800574381,0.018618806670403703
480,0.78,0.05628369231669917,0.1100117,0.05628369,5.014187e+07,0.383995,8.908774e+08,0.0,0.0,272807892.0575318,41803077.60463619,0.1532327,0.21761290373793257,0.20536484601980334,0.03146860059906022
481,0.78,0.05628369231669917,0.1100117,0.05628369,5.014187e+07,0.383995,8.908774e+08,0.04238264416903346,0.00019036748865080907,50699537.047531694,5516890.067488069,0.1088154,0.040441914608377844,0.04437788938336189,0.0041637296268893734
482,0.78,0.05628369231669917,0.1100117,0.05628369,5.014187e+07,0.383995,8.908774e+08,7.287603953512108e-07,0.0,231542263.06534132,28074242.68476525,0.1212489,0.18469621176895895,0.17430093383104464,0.02113378202733058
483,0.78,0.05628369231669917,0.1100117,0.05628369,5.014187e+07,0.383995,8.908774e+08,9.667184422379802e-10,0.0,341336787.6067148,49400742.41464406,0.1447273,0.27227690864606874,0.25695215903658725,0.03718798522554419
484,0.78,0.05628369231669917,0.1100117,0.05628369,5.014187e+07,0.383995,8.908774e+08,1.6151775611847253e-11,0.0,459014688.1216065,55824298.4066349,0.1216177,0.36614600254834007,0.3455379536002874,0.042023521973566805
485,0.78,0.05628369231669917,0.1100117,0.05628369,5.014187e+07,0.383995,8.908774e+08,0.0001284852739863846,0.0,201660902.12804553,33517561.153881166,0.1662075,0.16086050206069707,0.15182551166149666,0.02523141370072439
486,0.78,0.05628369231669917,0.1100117,0.05628369,5.014187e+07,0.383995,8.908774e+08,8.152734691202467e-05,0.0,155081388.9885181,20832199.73862109,0.1343308,0.12370504063858348,0.11675441398523266,0.01568210310672936
487,0.78,0.05628369231669917,0.1100117,0.05628369,5.014187e+07,0.383995,8.908774e+08,0.0,0.0,92794412.01304564,10244705.811251342,0.1104022,0.07402007799889619,0.06985395470354826,0.007712029206992771
488,0.78,0.05628369231669917,0.1100117,0.05628369,5.014187e+07,0.383995,8.908774e+08,3.389218392885229e-08,0.0,308017389.54333687,49471481.03628066,0.1606126,0.2456987517288098,0.23186992375162252,0.037241235980243724
489,0.78,0.05628369231669917,0.1100117,0.05628369,5.014187e+07,0.383995,8.908774e+08,0.0,0.0,297314412.5867634,47843729.187109284,0.1609196,0.23716122051373426,0.22381291134888642,0.03601589383437562
490,0.78,0.05628369231669917,0.1100117,0.05628369,5.014187e+07,0.383995,8.908774e+08,0.0,0.0,78755548.4886849,12622911.173406007,0.1602796,0.06282158284659166,0.05928575220680607,0.009502299181658187
491,0.78,0.05628369231669917,0.1100117,0.05628369,5.014187e+07,0.383995,8.908774e+08,1.3671000753707068e-08,0.0,32041386.85217306,3523351.477547679,0.1099625,0.02555871525601377,0.02412017839434787,0.0026523152545294888
492,0.78,0.05628369231669917,0.1100117,0.05628369,5.014187e+07,0.383995,8.908774e+08,4.7547878614956704e-08,0.0,210481169.34229326,39131992.72556718,0.1859168,0.1678962367887531,0.15844642362548755,0.029457856222280417
493,0.78,0.05628369231669917,0.1100117,0.05628369,5.014187e+07,0.383995,8.908774e+08,0.0,0.0,287246216.11523664,39741482.10595836,0.1383534,0.22913003984279204,0.21623375517976734,0.02991666880211716
494,0.78,0.05628369231669917,0.1100117,0.05628369,5.014187e+07,0.383995,8.908774e+08,0.01710068664186739,0.0004054329756070156,8043383.104463113,1190084.108505472,0.1479582,0.006416031222695416,0.008561429890897107,0.0009186930530006045
495,0.78,0.05628369231669917,0.1100117,0.05628369,5.014187e+07,0.383995,8.908774e+08,2.669261276731593e-06,0.0,50316875.162267186,8169037.936048335,0.1623519,0.04013667357090566,0.03787802462941349,0.006149503979572212
496,0.78,0.05628369231669917,0.1100117,0.05628369,5.014187e+07,0.383995,8.908774e+08,7.753720131231594e-05,0.0,188866131.8855752,24869110.20025809,0.1316759,0.15065439297739944,0.14218637241714654,0.018721016274149686
497,0.78,0.05628369231669917,0.1100117,0.05628369,5.014187e+07,0.383995,8.908774e+08,0.0,0.0,428041146.40195614,49520368.90577295,0.1156907,0.34143908405772805,0.3222216317057273,0.03727803788401123
498,0.78,0.05628369231669917,0.1100117,0.05628369,5.014187e+07,0.383995,8.908774e+08,0.04519083160044472,1.2052888828217423e-05,40512896.51751167,5935159.51802718,0.1465005,0.032316253696029,0.037121178024824335,0.004468559098648482
499,0.78,0.05628369231669917,0.1100117,0.05628369,5.014187e+07,0.383995,8.908774e+08,0.0,0.0,215102093.52012885,30031241.574566428,0.1396139,0.17158224719229215,0.16192496478431334,0.02260697538927404
500,0.78,0.05628369231669917,0.1100117,0.05628369,5.014187e+07,0.383995,8.908774e+08,1.1075068946517673e-06,0.0,221526519.57343173,40623310.01616686,0.183379,0.17670687169550864,0.1667613188305035,0.030580492900570085
501,0.78,0.05628369231669917,0.1100117,0.05628369,5.014187e+07,0.383995,8.908774e+08,1.2541570069727334e-05,0.0,120214359.4312426,17550340.680954672,0.145992,0.09589237184278879,0.0904970333589667,0.013211578977265295
502,0.78,0.05628369231669917,0.1100117,0.05628369,5.014187e+07,0.383995,8.908774e+08,0.0,0.0,144292121.5478447,20518894.700269505,0.1422038,0.11509867738691139,0.10862049884280747,0.015446252741576679
503,0.78,0.05628369231669917,0.1100117,0.05628369,5.014187e+07,0.383995,8.908774e+08,0.0,0.0,80627432.96180189,12620514.828962538,0.1565288,0.06431474425253454,0.0606948729755977,0.009500495256911247
504,0.78,0.05628369231669917,0.1100117,0.05628369,5.014187e+07,0.383995,8.908774e+08,0.002733802469502957,0.0,172491986.4208636,29356591.30397486,0.170191,0.1375930943693234,0.13024955143228262,0.022099110870061243
505,0.78,0.05628369231669917,0.1100117,0.05628369,5.014187e+07,0.383995,8.908774e+08,0.0,0.0,442040489.1502114,50488260.37436263,0.1142164,0.35260605434914444,0.33276008367715193,0.03800664907231544
506,0.78,0.05628369231669917,0.1100117,0.05628369,5.014187e+07,0.383995,8.908774e+08,2.9105421855713673e-06,0.0,188345466.497091,30132498.264886238,0.1599853,0.15023906955618405,0.14178348660124082,0.02268319959400349
507,0.78,0.05628369231669917,0.1100117,0.05628369,5.014187e+07,0.383995,8.908774e+08,2.7747053887239364e-07,0.0,248385116.4733462,40196437.47943121,0.1618311,0.19813138847775932,0.18697986304037245,0.030259150977080894
508,0.78,0.05628369231669917,0.1100117,0.05628369,5.014187e+07,0.383995,8.908774e+08,0.0,0.0,112833148.13782118,16179952.73466582,0.1433972,0.09000454062738568,0.08493875275560805,0.012179975721749304
509,0.78,0.05628369231669917,0.1100117,0.05628369,5.014187e+07,0.383995,8.908774e+08,0.0,0.0,18799719.019528717,2794014.6581197507,0.14862,0.014996125714845996,0.014152088389169063,0.002103283690637624
510,0.78,0.05628369231669917,0.1100117,0.05628369,5.014187e+07,0.383995,8.908774e+08,5.845307983567332e-05,0.0,242038198.52259138,47454245.28686683,0.196061,0.1930685904969777,0.18221054505703624,0.03572269740007446
511,0.78,0.05628369231669917,0.1100117,0.05628369,5.014187e+07,0.383995,8.908774e+08,0.001100188999900828,1.2822500695904567e-06,10739271.666911311,1123225.3155314883,0.1045905,0.008566482713682759,0.008245588574347994,0.0008456158680460903
512,0.78,0.05628369231669917,0.1100117,0.05628369,5.014187e+07,0.383995,8.908774e+08,0.0,0.0,78889210.60404673,10308676.951367714,0.1306728,0.0629282021999552,0.0593863706292899,0.007760185524028274
513,0.78,0.05628369231669917,0.1100117,0.05628369,5.014187e+07,0.383995,8.908774e+08,0.0,0.0,442270649.48777884,54542050.36654547,0.1233228,0.35278964822909276,0.33293334421564996,0.041058268844978325
514,0.78,0.05628369231669917,0.1100117,0.05628369,5.014187e+07,0.383995,8.908774e+08,0.0,0.0,371185216.6162148,53510945.86696111,0.1441624,0.2960863492739925,0.27942151629228046,0.04028207203047117
515,0.78,0.05628369231669917,0.1100117,0.05628369,5.014187e+07,0.383995,8.908774e+08,2.0059525509424878e-07,0.0,284406283.98343277,42301768.784619935,0.1487371,0.2268646879390789,0.21409593504764723,0.031844006297980385
516,0.78,0.05628369231669917,0.1100117,0.05628369,5.014187e+07,0.383995,8.908774e+08,0.0,0.0,196300182.89985994,33331771.22103306,0.1698,0.1565843732853491,0.14777122659775335,0.025091554400234153
517,0.78,0.05628369231669917,0.1100117,0.05628369,5.014187e+07,0.383995,8.908774e+08,0.0004852876990309211,0.0,105775449.76515372,14572386.855785916,0.1377672,0.0843747686108974,0.07969697566995987,0.01096982920915047
518,0.78,0.05628369231669917,0.1100117,0.05628369,5.014187e+07,0.383995,8.908774e+08,0.0,0.0,66034589.19157744,7751621.784298394,0.1173873,0.05267435114410186,0.04970964417132546,0.005835280651633343
519,0.78,0.05628369231669917,0.1100117,0.05628369,5.014187e+07,0.383995,8.908774e+08,0.0,0.0,79322760.37243305,12247214.606199661,0.1543972,0.06327403539159013,0.05971273905197394,0.009219481602252425
520,0.78,0.05628369231669917,0.1100117,0.05628369,5.014187e+07,0.383995,8.908774e+08,0.0,0.0,243815822.45104563,39958445.59677226,0.1638878,0.19448656232289313,0.1835401404893789,0.03007999499311137
521,0.78,0.05628369231669917,0.1100117,0.05628369,5.014187e+07,0.383995,8.908774e+08,0.0,0.0,100936207.01966304,17312600.618701242,0.1715202,0.08051461024892131,0.07598295069867209,0.013032612559141591
522,0.78,0.05628369231669917,0.1100117,0.05628369,5.014187e+07,0.383995,8.908774e+08,0.0054395000328531515,0.0,150538063.59102267,17741838.709814623,0.1178562,0.12008092908917577,0.11411962047648579,0.013355735229173235
523,0.78,0.05628369231669917,0.1100117,0.05628369,5.014187e+07,0.383995,8.908774e+08,0.0,0.0,371106531.42387295,54309991.61510175,0.1463461,0.2960235838127093,0.2793622835029082,0.04088357921485671
524,0.78,0.05628369231669917,0.1100117,0.05628369,5.014187e+07,0.383995,8.908774e+08,3.865596577437823e-09,0.0,364760616.9804813,53067265.162234075,0.1454852,0.2909615863078581,0.274585194474724,0.03994807722217945
525,0.78,0.05628369231669917,0.1100117,0.05628369,5.014187e+07,0.383995,8.908774e+08,0.0,0.0,296013133.79606295,37550588.641846955,0.1268545,0.23612321881194628,0.22283333221550608,0.02826740383580839
526,0.78,0.05628369231669917,0.1100117,0.05628369,5.014187e+07,0.383995,8.908774e+08,0.0,0.0,213970134.73317227,29513358.50298075,0.1379321,0.1706793083634941,0.1610728466867362,0.022217122381539108
527,0.78,0.05628369231669917,0.1100117,0.05628369,5.014187e+07,0.383995,8.908774e+08,0.0,0.0,234930422.93354532,30695480.678997546,0.1306578,0.18739887297750168,0.1768513724703398,0.02310700257094026
528,0.78,0.05628369231669917,0.1100117,0.05628369,5.014187e+07,0.383995,8.908774e+08,0.00011678013659924379,0.0,103723458.05274703,12658444.94776373,0.1220403,0.08273793958951109,0.0780982597902461,0.009529048364185274
529,0.78,0.05628369231669917,0.1100117,0.05628369,5.014187e+07,0.383995,8.908774e+08,9.665719773411344e-08,0.0,104424435.79106082,16668236.418453244,0.1596201,0.08329709423837273,0.07860884038282029,0.012547546845805495
530,0.78,0.05628369231669917,0.1100117,0.05628369,5.014187e+07,0.383995,8.908774e+08,0.03806286937245042,1.5319729711984104e-07,29620935.656509764,4922663.951579323,0.1661887,0.02362797414338803,0.027877132759764514,0.0037057009937922878
531,0.78,0.05628369231669917,0.1100117,0.05628369,5.014187e+07,0.383995,8.908774e+08,1.4873268703530785e-09,0.0,259468982.35907415,35503014.97177142,0.1368295,0.20697274648189803,0.19532355631897222,0.026726027417780913
532,0.78,0.05628369231669917,0.1100117,0.05628369,5.014187e+07,0.383995,8.908774e+08,7.680541380724435e-05,0.0,170371773.8635798,24841525.82090596,0.1458078,0.13590184706832945,0.12826404700186525,0.018700251252377488
533,0.78,0.05628369231669917,0.1100117,0.05628369,5.014187e+07,0.383995,8.908774e+08,0.0008032281759076563,0.0,108755735.94824454,15197633.45856739,0.139741,0.08675207787926587,0.08198708301263888,0.011440503540952952
534,0.78,0.05628369231669917,0.1100117,0.05628369,5.014187e+07,0.383995,8.908774e+08,0.0068761084042385425,0.002612065241918409,132351.15778570974,11897.291192628865,0.08989186,0.00010557363110577367,0.001107490492370208,0.00015597274197394479
535,0.78,0.05628369231669917,0.1100117,0.05628369,5.014187e+07,0.383995,8.908774e+08,0.0,0.0,225247308.47667593,32869207.514624123,0.145925,0.17967486382844916,0.16956209907568393,0.024743344809871615
536,0.78,0.05628369231669917,0.1100117,0.05628369,5.014187e+07,0.383995,8.908774e+08,0.0,0.0,163092468.8450004,23093402.471500408,0.141597,0.1300953042651135,0.1227730601880085,0.01738429561866516
537,0.78,0.05628369231669917,0.1100117,0.05628369,5.014187e+07,0.383995,8.908774e+08,0.005594838355963564,0.0,138779664.05612692,17746868.945973758,0.127878,0.11070151030916553,0.1052908785815812,0.013359521899956373
538,0.78,0.05628369231669917,0.1100117,0.05628369,5.014187e+07,0.383995,8.908774e+08,0.0,0.0,513130345.67904085,83719741.91744459,0.1631549,0.40931288195913584,0.3862752416496865,0.06302270721723796
539,0.78,0.05628369231669917,0.1100117,0.05628369,5.014187e+07,0.383995,8.908774e+08,0.0,0.0,500723330.9652579,61127124.10231282,0.1220776,0.3994160770015425,0.3769354654172447,0.04601539322864433
540,0.78,0.05628369231669917,0.1100117,0.05628369,5.014187e+07,0.383995,8.908774e+08,0.0,0.0,27134270.701655883,2867590.4580094675,0.1056815,0.021644415759618875,0.020426188122629776,0.0021586702218012793
541,0.78,0.05628369231669917,0.1100117,0.05628369,5.014187e+07,0.383995,8.908774e+08,3.5445700966376436e-07,0.0,319937735.7949471,45620781.819256425,0.1425927,0.25520735187160715,0.2408433917560992,0.034342499269188496
542,0.78,0.05628369231669917,0.1100117,0.05628369,5.014187e+07,0.383995,8.908774e+08,0.0,0.0,65318492.32289402,10300729.123294273,0.1577,0.052103136294793254,0.04917057940284208,0.007754202542831565
543,0.78,0.05628369231669917,0.1100117,0.05628369,5.014187e+07,0.383995,8.908774e+08,0.0,0.0,64241329.98139702,8932527.72334295,0.1390464,0.051243907395063036,0.04835971107813388,0.006724245279843632
544,0.78,0.05628369231669917,0.1100117,0.05628369,5.014187e+07,0.383995,8.908774e+08,0.002249179757680945,8.18703017921051e-08,113616789.30740571,12088302.748742633,0.1063954,0.09062963409193221,0.08585833499827737,0.009099860238652493
545,0.78,0.05628369231669917,0.1100117,0.05628369,5.014187e+07,0.383995,8.908774e+08,1.3429062724295289e-11,0.0,318255042.345143,41551961.41160881,0.1305618,0.25386510401744516,0.23957663861494885,0.03127956487166538
546,0.78,0.05628369231669917,0.1100117,0.05628369,5.014187e+07,0.383995,8.908774e+08,0.0071937777420127335,1.2655520992322492e-08,82377032.70366897,13006203.293426732,0.1578863,0.06571036179620347,0.06306636102164279,0.009790835268117781
547,0.78,0.05628369231669917,0.1100117,0.05628369,5.014187e+07,0.383995,8.908774e+08,0.002548723859495288,0.0,165168151.78167665,24241152.607442334,0.1467665,0.13175103125923632,0.12470917348662537,0.018248301158091465
548,0.78,0.05628369231669917,0.1100117,0.05628369,5.014187e+07,0.383995,8.908774e+08,4.084514853667031e-09,0.0,288508256.71664894,43338179.22179935,0.1502147,0.230136742097031,0.217183797112758,0.032624197326324184
549,0.78,0.05628369231669917,0.1100117,0.05628369,5.014187e+07,0.383995,8.908774e+08,0.0,0.0,483895497.40361357,65061561.56858426,0.1344537,0.38599288129650117,0.36426777672917277,0.04897716657889984
550,0.78,0.05628369231669917,0.1100117,0.05628369,5.014187e+07,0.383995,8.908774e+08,0.0,0.0,198774250.7170604,24358461.097656813,0.1225433,0.15855788320723954,0.14963366009441617,0.01833660886740301
551,0.78,0.05628369231669917,0.1100117,0.05628369,5.014187e+07,0.383995,8.908774e+08,1.36338469880838e-07,0.0,323134266.4417263,46256285.66693886,0.1431488,0.2577571546309284,0.2432496502309327,0.034820895069397874
552,0.78,0.05628369231669917,0.1100117,0.05628369,5.014187e+07,0.383995,8.908774e+08,0.0032665402300995194,0.0,110145510.97453767,12789259.378522616,0.1161124,0.08786067109749406,0.08339433809175412,0.009627523101214881
553,0.78,0.05628369231669917,0.1100117,0.05628369,5.014187e+07,0.383995,8.908774e+08,8.528787120193852e-08,0.0,339933099.37204045,46107041.28676031,0.1356356,0.2711572171650546,0.2558955002856715,0.0347085465998447
554,0.78,0.05628369231669917,0.1100117,0.05628369,5.014187e+07,0.383995,8.908774e+08,0.0,0.0,239095766.17325264,31062462.117935635,0.1299164,0.19072147640594914,0.17998696750973012,0.02338325955944319
555,0.78,0.05628369231669917,0.1100117,0.05628369,5.014187e+07,0.383995,8.908774e+08,9.029594385242573e-07,0.0,225535845.4353239,32899119.333471477,0.1458709,0.17990502346545065,0.16977943682889854,0.024765861885992214
556,0.78,0.05628369231669917,0.1100117,0.05628369,5.014187e+07,0.383995,8.908774e+08,0.0,0.0,131078502.2721318,15945721.406234747,0.1216502,0.10455846156768206,0.09867352528769925,0.01200365061497374
557,0.78,0.05628369231669917,0.1100117,0.05628369,5.014187e+07,0.383995,8.908774e+08,0.0,0.0,255177226.31585687,32384010.907458395,0.1269079,0.20354930631799553,0.19209279978991595,0.024378097581250726
558,0.78,0.05628369231669917,0.1100117,0.05628369,5.014187e+07,0.383995,8.908774e+08,4.654684952525146e-07,0.0,333645763.5530453,36681698.713574424,0.109942,0.2661419465508946,0.25116256334425097,0.027613319216107525
559,0.78,0.05628369231669917,0.1100117,0.05628369,5.014187e+07,0.383995,8.908774e+08,0.0660594923021912,0.0012665614005960984,29006050.412686717,3037688.6633263584,0.104726,0.02313749359913119,0.031517836183893484,0.002358003825842236
560,0.78,0.05628369231669917,0.1100117,0.05628369,5.014187e+07,0.383995,8.908774e+08,0.00011651575662131374,0.0,117095216.5823763,17661583.424603876,0.150831,0.09340429964151956,0.08816423896370877,0.013295320502292443
561,0.78,0.05628369231669917,0.1100117,0.05628369,5.014187e+07,0.383995,8.908774e+08,0.0,0.0,143158073.75870302,23656725.33631972,0.165249,0.11419407220664535,0.10776680818217559,0.01780835488073612
562,0.78,0.05628369231669917,0.1100117,0.05628369,5.014187e+07,0.383995,8.908774e+08,8.99153856054588e-10,0.0,305645020.9371048,40616183.77449133,0.1328868,0.24380636504877198,0.2300840427453067,0.030575128394751152
563,0.78,0.05628369231669917,0.1100117,0.05628369,5.014187e+07,0.383995,8.908774e+08,0.0,0.0,195375795.49315593,30524810.126817662,0.1562364,0.1558470096180648,0.14707536448024403,0.02297852486670601
564,0.78,0.05628369231669917,0.1100117,0.05628369,5.014187e+07,0.383995,8.908774e+08,0.0,0.0,420183570.96315,49956278.68486899,0.1188916,0.335171267556225,0.3163065910596924,0.03760618288006475
565,0.78,0.05628369231669917,0.1100117,0.05628369,5.014187e+07,0.383995,8.908774e+08,5.226999046850081e-06,0.0,345091461.8527204,51229551.47363309,0.1484521,0.2752719303776651,0.2597793758871917,0.038564679601818676
566,0.78,0.05628369231669917,0.1100117,0.05628369,5.014187e+07,0.383995,8.908774e+08,0.0,0.0,384042899.0671925,59600279.36620998,0.1551917,0.3063426420534824,0.2891005470446595,0.0448660121320748
567,0.78,0.05628369231669917,0.1100117,0.05628369,5.014187e+07,0.383995,8.908774e+08,0.0,0.0,74391071.64650552,9551972.76110651,0.1284021,0.05934013488788186,0.056000252993820894,0.007190552298451501
568,0.78,0.05628369231669917,0.1100117,0.05628369,5.014187e+07,0.383995,8.908774e+08,0.0,0.0,57502479.20009594,8021187.654447896,0.1394929,0.045868473146019,0.0432868261164317,0.006038204962209272
569,0.78,0.05628369231669917,0.1100117,0.05628369,5.014187e+07,0.383995,8.908774e+08,0.00287241148415567,1.892740037928894e-07,114007362.76593032,12560334.143975824,0.1101713,0.09094118601878991,0.08624370121952198,0.009455202978967445
570,0.78,0.05628369231669917,0.1100117,0.05628369,5.014187e+07,0.383995,8.908774e+08,0.0,0.0,377008771.6926216,58241055.790633954,0.154482,0.30073167210793533,0.2838053832051259,0.043842813212866885
571,0.78,0.05628369231669917,0.1100117,0.05628369,5.014187e+07,0.383995,8.908774e+08,0.0008358898736236515,0.0,87980277.14145972,10531143.19953263,0.1196989,0.07017994764016404,0.06635248080968145,0.007927654091210915
572,0.78,0.05628369231669917,0.1100117,0.05628369,5.014187e+07,0.383995,8.908774e+08,3.0468762492460958e-09,0.0,463481258.7923394,68982198.89576133,0.1488349,0.36970888852674083,0.34890030764474594,0.05192855143409095
573,0.78,0.05628369231669917,0.1100117,0.05628369,5.014187e+07,0.383995,8.908774e+08,0.010065654237064034,1.5217526902140383e-10,90042348.80212839,14446220.469867663,0.1604381,0.07182481721636816,0.06925761483227386,0.010874853444758296
574,0.78,0.05628369231669917,0.1100117,0.05628369,5.014187e+07,0.383995,8.908774e+08,0.0,0.0,473211157.7320815,55119572.17263129,0.1164799,0.37747021663709984,0.35622479910517957,0.04149301681317451
575,0.78,0.05628369231669917,0.1100117,0.05628369,5.014187e+07,0.383995,8.908774e+08,0.0,0.0,507795697.5866067,71558653.73489302,0.1409202,0.40505754955999174,0.38225941507000105,0.053868060028672504
576,0.78,0.05628369231669917,0.1100117,0.05628369,5.014187e+07,0.383995,8.908774e+08,0.010956834291471323,0.0044596249092590245,297917.93295195623,27330.47921623719,0.09173828,0.00023764263554225146,0.0018302546134170315,0.000271578046583598
577,0.78,0.05628369231669917,0.1100117,0.05628369,5.014187e+07,0.383995,8.908774e+08,0.0,0.0,478475266.1640102,79706674.29371454,0.1665847,0.3816692810879984,0.36018752470450577,0.06000174250687475
578,0.78,0.05628369231669917,0.1100117,0.05628369,5.014187e+07,0.383995,8.908774e+08,0.0,0.0,400236636.91399753,52796934.29607955,0.1319143,0.3192600334406456,0.3012908999494532,0.03974457703644979
579,0.78,0.05628369231669917,0.1100117,0.05628369,5.014187e+07,0.383995,8.908774e+08,0.0,0.0,496948791.84104794,70573354.37694715,0.1420133,0.3964052094899878,0.3740940606463166,0.05312634449617136
580,0.78,0.05628369231669917,0.1100117,0.05628369,5.014187e+07,0.383995,8.908774e+08,0.002932844934266973,0.0,126614148.15416037,20326491.357745692,0.1605389,0.10099734368506127,0.09574271917628265,0.015301414985919796
581,0.78,0.05628369231669917,0.1100117,0.05628369,5.014187e+07,0.383995,8.908774e+08,0.0,0.0,33362781.130829837,4062724.946338545,0.1217742,0.0266127626436918,0.025114898099356908,0.0030583458445171264
582,0.78,0.05628369231669917,0.1100117,0.05628369,5.014187e+07,0.383995,8.908774e+08,0.0,0.0,400988545.0693416,64178082.67970126,0.1600497,0.3198598141720408,0.30185692280670506,0.04831209965356712
583,0.78,0.05628369231669917,0.1100117,0.05628369,5.014187e+07,0.383995,8.908774e+08,0.0,0.0,84464562.87934914,11583329.334781576,0.1371383,0.06737553907441257,0.06358339496347659,0.008719720779677547
584,0.78,0.05628369231669917,0.1100117,0.05628369,5.014187e+07,0.383995,8.908774e+08,1.7288720013977612e-08,0.0,165181919.64338246,28065052.195140414,0.1699039,0.1317620135821503,0.12434596348474125,0.021126863592997844
585,0.78,0.05628369231669917,0.1100117,0.05628369,5.014187e+07,0.383995,8.908774e+08,0.0,0.0,138516057.16304097,19433753.136438943,0.1402996,0.11049123684157218,0.1042723820634896,0.014629377802640692
586,0.78,0.05628369231669917,0.1100117,0.05628369,5.014187e+07,0.383995,8.908774e+08,0.0,0.0,8609294.413290875,865600.06189722,0.1005425,0.006867446327454088,0.006480921091358218,0.0006516080678075348
587,0.78,0.05628369231669917,0.1100117,0.05628369,5.014187e+07,0.383995,8.908774e+08,0.009186431311762274,1.795523862441079e-05,30727558.537424605,3232227.89935484,0.1051899,0.02451070307268136,0.024477642481874666,0.002434173278445766
588,0.78,0.05628369231669917,0.1100117,0.05628369,5.014187e+07,0.383995,8.908774e+08,0.00026017057967920134,0.0,216449410.80561376,22936427.69267134,0.1059667,0.1726569727969636,0.16297733511466445,0.017266127844851542
589,0.78,0.05628369231669917,0.1100117,0.05628369,5.014187e+07,0.383995,8.908774e+08,0.004019074185364182,0.0,90243805.24349615,10530079.335819427,0.1166848,0.07198551462454102,0.06852299597743645,0.007926853233853013
590,0.78,0.05628369231669917,0.1100117,0.05628369,5.014187e+07,0.383995,8.908774e+08,0.0,0.0,85487181.52362978,10291750.801751088,0.1203894,0.06819125965683447,0.06435320377962105,0.0077474438247925595
591,0.78,0.05628369231669917,0.1100117,0.05628369,5.014187e+07,0.383995,8.908774e+08,1.9146937855175497e-06,0.0,50739474.57691707,8052185.776566501,0.1586967,0.040473771904265154,0.03819603922389791,0.006061539787781135
592,0.78,0.05628369231669917,0.1100117,0.05628369,5.014187e+07,0.383995,8.908774e+08,0.0,0.0,73097364.582849,11498093.71012162,0.1572983,0.05830817298756705,0.05502637371958596,0.008655556943354212
593,0.78,0.05628369231669917,0.1100117,0.05628369,5.014187e+07,0.383995,8.908774e+08,4.99843675849442e-07,0.0,145647372.2711115,20218238.411548562,0.1388164,0.11617973132182037,0.10964078033476932,0.015219924126328846
594,0.78,0.05628369231669917,0.1100117,0.05628369,5.014187e+07,0.383995,8.908774e+08,0.0,0.0,103584344.81902549,14843024.414554907,0.1432941,0.0826269719979572,0.07797642092896366,0.011173560267532197
595,0.78,0.05628369231669917,0.1100117,0.05628369,5.014187e+07,0.383995,8.908774e+08,4.169072067270651e-05,0.0,70916980.89197959,11507431.04305313,0.1622662,0.056568928486044855,0.05339113109748758,0.008662585918671799
596,0.78,0.05628369231669917,0.1100117,0.05628369,5.014187e+07,0.383995,8.908774e+08,0.0,0.0,246902218.07042676,33001606.01989917,0.1336627,0.19694851277363712,0.18586352327845426,0.02484301200954093
597,0.78,0.05628369231669917,0.1100117,0.05628369,5.014187e+07,0.383995,8.908774e+08,9.63397336761202e-06,0.0,194490073.45476678,39284290.805916496,0.2019861,0.1551404884715362,0.14641002104286496,0.029572503462080405
598,0.78,0.05628369231669917,0.1100117,0.05628369,5.014187e+07,0.383995,8.908774e+08,0.0,0.0,409201791.50845,56993150.46547544,0.1392788,0.3264113416709325,0.3080397061476448,0.042903412658815365
599,0.78,0.05628369231669917,0.1100117,0.05628369,5.014187e+07,0.383995,8.908774e+08,0.00044267082369660196,0.0,126017712.37567042,16085397.160552334,0.1276439,0.10052157987679497,0.09492873825141197,0.012108795996076135
600,0.78,0.05628369231669917,0.1100117,0.05628369,5.014187e+07,0.383995,8.908774e+08,0.0,0.0,259949799.7241623,33919491.32768009,0.1304848,0.20735628400420106,0.19568550671537452,0.02553397946460457
601,0.78,0.05628369231669917,0.1100117,0.05628369,5.014187e+07,0.383995,8.908774e+08,0.04796304258627622,8.069241728432962e-06,45296580.04023414,7458315.85505965,0.1646552,0.036132093678119426,0.04112858258588901,0.0056149394207536665
602,0.78,0.05628369231669917,0.1100117,0.05628369,5.014187e+07,0.383995,8.908774e+08,0.0,0.0,310078280.96752656,54543435.41475956,0.1759021,0.24734267985612346,0.2334213205663136,0.04105931148421824
603,0.78,0.05628369231669917,0.1100117,0.05628369,5.014187e+07,0.383995,8.908774e+08,0.0,0.0,162574000.52500683,25595388.07302021,0.1574384,0.12968173339750044,0.12238276661585933,0.019267745118328166
604,0.78,0.05628369231669917,0.1100117,0.05628369,5.014187e+07,0.383995,8.908774e+08,0.0,0.0,337031589.3525889,45890854.3489808,0.1361619,0.26884274592378854,0.25371128353063754,0.03454580498392686
605,0.78,0.05628369231669917,0.1100117,0.05628369,5.014187e+07,0.383995,8.908774e+08,0.0,0.0,184638308.73886764,22899545.312334314,0.1240238,0.1472819506902406,0.13899237869378786,0.017238363456139646
606,0.78,0.05628369231669917,0.1100117,0.05628369,5.014187e+07,0.383995,8.908774e+08,0.08960740511276302,3.197044884846134e-05,26578317.6180628,4961191.010735705,0.1866631,0.021200944113874718,0.033141795385864876,0.0037364942593636707
607,0.78,0.05628369231669917,0.1100117,0.05628369,5.014187e+07,0.383995,8.908774e+08,0.0,0.0,238221302.1317274,40980990.996286124,0.1720291,0.19002393551790697,0.17932868679840885,0.030849748671920404
608,0.78,0.05628369231669917,0.1100117,0.05628369,5.014187e+07,0.383995,8.908774e+08,0.0,0.0,13190873.199540546,1773703.711984002,0.1344645,0.01052207177050999,0.00992985072044438,0.0013352120679101579
609,0.78,0.05628369231669917,0.1100117,0.05628369,5.014187e+07,0.383995,8.908774e+08,0.001134875808163164,0.0,110283890.38516973,11955231.253758186,0.1084041,0.08797105333437905,0.08318606095904249,0.008999681816541519
610,0.78,0.05628369231669917,0.1100117,0.05628369,5.014187e+07,0.383995,8.908774e+08,0.021819849267742417,0.012904226256894628,766779.1063493779,63671.819812271104,0.08303802,0.0006116429645777118,0.00377544073052935,0.0007742284943534377
611,0.78,0.05628369231669917,0.1100117,0.05628369,5.014187e+07,0.383995,8.908774e+08,0.0,0.0,104285108.51011704,10760065.753585586,0.1031793,0.08318595590601945,0.07850394315873456,0.008099982848670875
612,0.78,0.05628369231669917,0.1100117,0.05628369,5.014187e+07,0.383995,8.908774e+08,0.06479652286597813,2.6560569700664585e-06,29240119.88221993,6921261.106857464,0.2367043,0.02332420570836437,0.03150892092333773,0.005210349647653914
613,0.78,0.05628369231669917,0.1100117,0.05628369,5.014187e+07,0.383995,8.908774e+08,0.0,0.0,69636173.78182477,10664414.00403568,0.1531447,0.05554725659720447,0.05242085189785068,0.008027977941959091
614,0.78,0.05628369231669917,0.1100117,0.05628369,5.014187e+07,0.383995,8.908774e+08,0.0,0.0,260546900.83622512,39767069.8193944,0.1526292,0.20783257853454307,0.19613499363091863,0.02993593076990761
615,0.78,0.05628369231669917,0.1100117,0.05628369,5.014187e+07,0.383995,8.908774e+08,6.453691141872489e-10,0.0,272320199.92107314,31255341.00546516,0.1147742,0.21722388236049187,0.20499772029646943,0.023528455296777717
616,0.78,0.05628369231669917,0.1100117,0.05628369,5.014187e+07,0.383995,8.908774e+08,0.0,0.0,155416190.58469272,25514539.15316221,0.1641691,0.1239721045676002,0.11699449677826375,0.019206883514023835
617,0.78,0.05628369231669917,0.1100117,0.05628369,5.014187e+07,0.383995,8.908774e+08,1.2174889356590551e-07,0.0,89419756.88355568,10491994.260537041,0.1173342,0.0713281892257974,0.06731359321513158,0.007898183478143122
618,0.78,0.05628369231669917,0.1100117,0.05628369,5.014187e+07,0.383995,8.908774e+08,1.6192825354592087e-06,0.0,250404641.1071573,29270249.181084752,0.1168918,0.19974231921887306,0.18850032132610467,0.022034114081886907
619,0.78,0.05628369231669917,0.1100117,0.05628369,5.014187e+07,0.383995,8.908774e+08,0.014690673253908385,0.01258860871347276,97279.36151813989,12200.113478598001,0.1254132,7.759762437250236e-05,0.002226501358929427,0.0007177174042498768
620,0.78,0.05628369231669917,0.1100117,0.05628369,5.014187e+07,0.383995,8.908774e+08,0.02820867567833247,5.960302994472607e-07,58438279.77768897,8780859.131670952,0.1502587,0.04661494085072422,0.04812593920127839,0.0066101054545184045
621,0.78,0.05628369231669917,0.1100117,0.05628369,5.014187e+07,0.383995,8.908774e+08,0.0,0.0,81260829.65151784,10281210.969592307,0.1265211,0.06481999097332228,0.0611716825454086,0.007739509629810009
622,0.78,0.05628369231669917,0.1100117,0.05628369,5.014187e+07,0.383995,8.908774e+08,0.0,0.0,165264893.55302253,23645604.189749833,0.143077,0.13182820005965684,0.12440842220883486,0.017799983082780926
623,0.78,0.05628369231669917,0.1100117,0.05628369,5.014187e+07,0.383995,8.908774e+08,0.0,0.0,246323183.10076278,33084672.068788588,0.1343141,0.19648662921094381,0.18542763622808975,0.02490554262847204
624,0.78,0.05628369231669917,0.1100117,0.05628369,5.014187e+07,0.383995,8.908774e+08,3.989091421748816e-05,0.0,45145009.51225354,7042599.803156616,0.1559995,0.036011189174711605,0.033990193455390894,0.005301541730505907
625,0.78,0.05628369231669917,0.1100117,0.05628369,5.014187e+07,0.383995,8.908774e+08,0.0031612329278635073,0.0,172651977.6972114,18974823.674933214,0.1099022,0.13772071591999116,0.1304326401766503,0.014283904006097446
626,0.78,0.05628369231669917,0.1100117,0.05628369,5.014187e+07,0.383995,8.908774e+08,0.0009544122420820057,0.0,185050929.25460422,22113168.07199198,0.1194977,0.14761108907364318,0.13944288400444524,0.01664639289525014
627,0.78,0.05628369231669917,0.1100117,0.05628369,5.014187e+07,0.383995,8.908774e+08,3.627989378642308e-07,0.0,92370528.56087135,12719930.757100303,0.1377055,0.07368195541681688,0.06953491608574724,0.009575333769169617
628,0.78,0.05628369231669917,0.1100117,0.05628369,5.014187e+07,0.383995,8.908774e+08,0.0,0.0,13695822.366710665,1904609.3402424841,0.139065,0.010924858704858528,0.01030996731891086,0.0014337554567676893
629,0.78,0.05628369231669917,0.1100117,0.05628369,5.014187e+07,0.383995,8.908774e+08,0.0,0.0,303872607.6558483,46071019.97238496,0.1516129,0.2423925496424473,0.22874980195851158,0.034681430406011994
630,0.78,0.05628369231669917,0.1100117,0.05628369,5.014187e+07,0.383995,8.908774e+08,0.0,0.0,130069267.40881254,12793282.704263097,0.09835746,0.1037534169353437,0.09791379153974862,0.009630551788049961
631,0.78,0.05628369231669917,0.1100117,0.05628369,5.014187e+07,0.383995,8.908774e+08,0.0,0.0,123096339.76796047,20405969.560288046,0.1657724,0.09819126468221054,0.09266469775264945,0.015361244739025323
632,0.78,0.05628369231669917,0.1100117,0.05628369,5.014187e+07,0.383995,8.908774e+08,0.0,0.0,137980071.4026833,22062512.019541703,0.1598964,0.11006369269395265,0.10386890167912649,0.01660825993533845
633,0.78,0.05628369231669917,0.1100117,0.05628369,5.014187e+07,0.383995,8.908774e+08,0.021372435920287116,3.558924698122222e-06,41916526.97728342,5124979.575568508,0.1222663,0.03343589909126384,0.034686647346435145,0.0038581922225353277
634,0.78,0.05628369231669917,0.1100117,0.05628369,5.014187e+07,0.383995,8.908774e+08,0.0,0.0,614348313.7729843,75956294.21307297,0.1236372,0.49005224686992577,0.4624702969879918,0.05717852422690553
635,0.78,0.05628369231669917,0.1100117,0.05628369,5.014187e+07,0.383995,8.908774e+08,7.442301711117271e-06,0.0,67876230.69523835,7703098.993486859,0.1134874,0.054143388393110135,0.05109708942797984,0.00579875357249239
636,0.78,0.05628369231669917,0.1100117,0.05628369,5.014187e+07,0.383995,8.908774e+08,0.0,0.0,102040986.51075207,14731654.919088054,0.14437,0.0813958687463672,0.07681460871399624,0.011089723326029676
637,0.78,0.05628369231669917,0.1100117,0.05628369,5.014187e+07,0.383995,8.908774e+08,0.0,0.0,358013190.68029356,40214169.26725209,0.1123259,0.28557931155448735,0.26950585345093986,0.030272499146182696
638,0.78,0.05628369231669917,0.1100117,0.05628369,5.014187e+07,0.383995,8.908774e+08,1.4631797045647568e-06,0.0,247178053.65011826,29744087.83154597,0.1203347,0.19716854079774665,0.18607138177710295,0.02239081124616718
639,0.78,0.05628369231669917,0.1100117,0.05628369,5.014187e+07,0.383995,8.908774e+08,1.8520015315964957e-24,0.0,48778233.80759694,6531300.417454996,0.1338978,0.03890933293029674,0.036719372007399914,0.00491664480240498
640,0.78,0.05628369231669917,0.1100117,0.05628369,5.014187e+07,0.383995,8.908774e+08,0.014066030778342573,0.005670035587248355,91085.34825672132,11422.140603876225,0.1254004,7.2656795126535e-05,0.0021302822514348654,0.00032772891923639285
641,0.78,0.05628369231669917,0.1100117,0.05628369,5.014187e+07,0.383995,8.908774e+08,0.02397910937815871,0.0,60352100.23961362,8888547.41978273,0.1472782,0.048141553680035865,0.048946684036510396,0.006691137702931436
642,0.78,0.05628369231669917,0.1100117,0.05628369,5.014187e+07,0.383995,8.908774e+08,0.0,0.0,287759279.0465895,48354185.05383225,0.1680369,0.22953929894981392,0.2166199796731318,0.036400155776648756
643,0.78,0.05628369231669917,0.1100117,0.05628369,5.014187e+07,0.383995,8.908774e+08,0.001276746798351434,0.0,124158023.87613067,16794901.764357746,0.1352704,0.09903814693289928,0.09365105226971547,0.012642898226814067
644,0.78,0.05628369231669917,0.1100117,0.05628369,5.014187e+07,0.383995,8.908774e+08,0.0,0.0,45516617.24348431,7012286.447664168,0.1540599,0.036307612554675774,0.034264086060894476,0.005278722384862719
645,0.78,0.05628369231669917,0.1100117,0.05628369,5.014187e+07,0.383995,8.908774e+08,3.204318954451682e-07,0.0,61771878.38748969,9473297.538390432,0.1533594,0.04927407973378294,0.04650079955785319,0.007131327014033212
646,0.78,0.05628369231669917,0.1100117,0.05628369,5.014187e+07,0.383995,8.908774e+08,0.007633192553317518,0.0,141272128.26545942,27368722.904811747,0.1937305,0.11268969463171193,0.10746593034331937,0.020602679499902517
647,0.78,0.05628369231669917,0.1100117,0.05628369,5.014187e+07,0.383995,8.908774e+08,0.0,0.0,101356104.23859031,13657684.362994263,0.1347495,0.08084955309970576,0.0762990417290993,0.01028125771963332
648,0.78,0.05628369231669917,0.1100117,0.05628369,5.014187e+07,0.383995,8.908774e+08,2.9091590026197052e-05,0.0,187655585.9240544,25619090.20270915,0.1365219,0.149688766873961,0.14126799444761573,0.019285587652784188
649,0.78,0.05628369231669917,0.1100117,0.05628369,5.014187e+07,0.383995,8.908774e+08,0.0,0.0,207617429.2949358,30567873.328459296,0.1472317,0.165611893830212,0.1562906449538865,0.023010942065884353
650,0.78,0.05628369231669917,0.1100117,0.05628369,5.014187e+07,0.383995,8.908774e+08,0.0,0.0,141696511.4609268,19185397.28417122,0.1353978,0.1130282158481134,0.10666657052421273,0.014442420009834896
651,0.78,0.05628369231669917,0.1100117,0.05628369,5.014187e+07,0.383995,8.908774e+08,2.0550271187931606e-05,0.0,227013827.79324186,38216685.239069924,0.1683452,0.1810839777477268,0.17089491499680176,0.028768829304446086
652,0.78,0.05628369231669917,0.1100117,0.05628369,5.014187e+07,0.383995,8.908774e+08,0.0,0.0,407734177.6248992,58509843.81891451,0.1435,0.32524065809445357,0.3069349129653846,0.0440451519781551
653,0.78,0.05628369231669917,0.1100117,0.05628369,5.014187e+07,0.383995,8.908774e+08,0.0,0.0,501634935.0363627,64142138.282656625,0.1278662,0.40014324368090903,0.3776217044709668,0.04828504136170953
654,0.78,0.05628369231669917,0.1100117,0.05628369,5.014187e+07,0.383995,8.908774e+08,0.030614971666897063,6.778351663939652e-05,56267122.612741195,6097235.189536957,0.1083623,0.044883056147637754,0.046844231869792294,0.004593703457704837
655,0.78,0.05628369231669917,0.1100117,0.05628369,5.014187e+07,0.383995,8.908774e+08,0.0,0.0,270974632.9018707,47197564.20005485,0.1741771,0.21615055290504898,0.20398480169125682,0.035529472521308045
656,0.78,0.05628369231669917,0.1100117,0.05628369,5.014187e+07,0.383995,8.908774e+08,0.005339379517494373,0.00026690527633217113,14418.902145018816,1807.1255540596906,0.1253303,1.1501643668831028e-05,0.0007934686743163729,1.6382785876803876e-05
657,0.78,0.05628369231669917,0.1100117,0.05628369,5.014187e+07,0.383995,8.908774e+08,6.714153958074485e-11,0.0,377420198.3803173,55620681.20478143,0.1473707,0.30105985820075504,0.2841150977827159,0.04187024262746636
658,0.78,0.05628369231669917,0.1100117,0.05628369,5.014187e+07,0.383995,8.908774e+08,0.000815801538827079,0.0,37204775.509795174,4607487.596031503,0.1238413,0.02967743774031674,0.028126657286858786,0.0034684333123970556
659,0.78,0.05628369231669917,0.1100117,0.05628369,5.014187e+07,0.383995,8.908774e+08,0.0,0.0,138415466.73103324,21795232.038520407,0.1574624,0.11041099804850661,0.10419665940596481,0.016407056400746283
660,0.78,0.05628369231669917,0.1100117,0.05628369,5.014187e+07,0.383995,8.908774e+08,0.00238670763230554,0.0,178118119.38151675,26461794.919000294,0.1485632,0.14208093788862025,0.13443392745791083,0.019919960518598484
661,0.78,0.05628369231669917,0.1100117,0.05628369,5.014187e+07,0.383995,8.908774e+08,3.729324830045976e-09,0.0,334326628.43784815,37479575.88112302,0.1121047,0.26668505761530586,0.251675038433647,0.028213946714163114
662,0.78,0.05628369231669917,0.1100117,0.05628369,5.014187e+07,0.383995,8.908774e+08,0.00029642021101950703,0.0,138567753.96005034,22886247.562524028,0.1651629,0.11053247424869524,0.10435474598264934,0.017228353150640044
663,0.78,0.05628369231669917,0.1100117,0.05628369,5.014187e+07,0.383995,8.908774e+08,0.0,0.0,365770553.28597915,49666509.29328678,0.135786,0.29176719046531924,0.27534545568906144,0.037388049724037926
664,0.78,0.05628369231669917,0.1100117,0.05628369,5.014187e+07,0.383995,8.908774e+08,0.0,0.0,288415232.27539414,41520001.19525261,0.1439591,0.23006253852972444,0.2171137693975187,0.03125550579895584
665,0.78,0.05628369231669917,0.1100117,0.05628369,5.014187e+07,0.383995,8.908774e+08,0.07478861625891807,0.0019005582879519625,18387875.06382902,1953943.6773337703,0.1062626,0.014667606776442896,0.024804128761485137,0.001577863891176129
666,0.78,0.05628369231669917,0.1100117,0.05628369,5.014187e+07,0.383995,8.908774e+08,0.02143458355508845,2.3003014968158233e-07,70837015.7290927,9308070.199941505,0.1314012,0.05650514202018256,0.05646657733379139,0.007006959809573533
667,0.78,0.05628369231669917,0.1100117,0.05628369,5.014187e+07,0.383995,8.908774e+08,0.0,0.0,162792844.695845,21936211.60831828,0.1347492,0.12985630061812972,0.12254750854875412,0.016513183270556092
668,0.78,0.05628369231669917,0.1100117,0.05628369,5.014187e+07,0.383995,8.908774e+08,0.0032252779707645555,0.0,105540373.68183625,12454998.78088145,0.1180117,0.08418725354780947,0.07992162606945603,0.009375897770117094
669,0.78,0.05628369231669917,0.1100117,0.05628369,5.014187e+07,0.383995,8.908774e+08,0.006081155459148105,8.680499176530943e-08,86877959.45359494,13093724.002889385,0.150714,0.06930065286944183,0.06629149572241094,0.00985672344834918
670,0.78,0.05628369231669917,0.1100117,0.05628369,5.014187e+07,0.383995,8.908774e+08,0.0,0.0,555949282.4619296,78629613.54882918,0.1414331,0.44346861366476537,0.4185085626611446,0.059190950662257914
671,0.78,0.05628369231669917,0.1100117,0.05628369,5.014187e+07,0.383995,8.908774e+08,0.0,0.0,73308855.47640797,11456802.436466537,0.1562813,0.05847687465933464,0.05518558023836648,0.008624473619509793
672,0.78,0.05628369231669917,0.1100117,0.05628369,5.014187e+07,0.383995,8.908774e+08,2.8041608356643e-08,0.0,242724721.0871399,40134241.43467339,0.1653488,0.19361621456909034,0.18271878323093127,0.03021233091971966
673,0.78,0.05628369231669917,0.1100117,0.05628369,5.014187e+07,0.383995,8.908774e+08,0.012262462772621927,6.056464172825454e-08,78508771.6155975,11007815.665504368,0.1402113,0.06262473431877638,0.06089734165492802,0.008286487909345169
674,0.78,0.05628369231669917,0.1100117,0.05628369,5.014187e+07,0.383995,8.908774e+08,0.0,0.0,31981011.55200827,5843653.267638151,0.1827226,0.025510555196259565,0.02407472695676512,0.00439899646762619
675,0.78,0.05628369231669917,0.1100117,0.05628369,5.014187e+07,0.383995,8.908774e+08,0.0,0.0,161125545.79171795,25196700.30149104,0.1563793,0.1285263326571968,0.12129239609532541,0.01896762017622129
676,0.78,0.05628369231669917,0.1100117,0.05628369,5.014187e+07,0.383995,8.908774e+08,0.0061137047396830485,3.789275226352473e-08,65583411.302506596,9500396.6824088,0.1448598,0.05231445638518355,0.05026611597399868,0.007151728892168118
677,0.78,0.05628369231669917,0.1100117,0.05628369,5.014187e+07,0.383995,8.908774e+08,0.0,0.0,575542532.1781398,97918162.56048396,0.1701319,0.4590977215041667,0.4332580066037286,0.07371102142651773
678,0.78,0.05628369231669917,0.1100117,0.05628369,5.014187e+07,0.383995,8.908774e+08,8.16772341394996e-07,0.0,215439454.0379208,35831795.16823124,0.1663196,0.1718513523172559,0.1621790433968383,0.026973527202010367
679,0.78,0.05628369231669917,0.1100117,0.05628369,5.014187e+07,0.383995,8.908774e+08,4.8062431141787705e-05,0.0,153713978.17241493,22167654.267469466,0.1442137,0.12261428686291151,0.11572014677182037,0.016687409117545054
680,0.78,0.05628369231669917,0.1100117,0.05628369,5.014187e+07,0.383995,8.908774e+08,0.0,0.0,187314177.68415996,22697387.093814433,0.1211728,0.14941643296938384,0.14100672442907636,0.017086182406299572
681,0.78,0.05628369231669917,0.1100117,0.05628369,5.014187e+07,0.383995,8.908774e+08,0.06263525303433683,0.00042803909961294795,27760132.935074538,2956539.8546288386,0.1065031,0.02214365240899491,0.030078027488617872,0.002249721339455301
682,0.78,0.05628369231669917,0.1100117,0.05628369,5.014187e+07,0.383995,8.908774e+08,0.0023973885839747677,0.0,84359393.9941231,10332793.846723396,0.1224854,0.06729164814910131,0.0638556206408299,0.0077783402865750665
683,0.78,0.05628369231669917,0.1100117,0.05628369,5.014187e+07,0.383995,8.908774e+08,5.1002398183306026e-08,0.0,58960568.56844807,7450340.183100034,0.1263614,0.04703155922451706,0.044384456891576884,0.005608481312464472
684,0.78,0.05628369231669917,0.1100117,0.05628369,5.014187e+07,0.383995,8.908774e+08,4.20575352996923e-05,0.0,150764646.2766071,19858521.231760476,0.1317187,0.1202616691541896,0.11349906291255812,0.014949135540702888
685,0.78,0.05628369231669917,0.1100117,0.05628369,5.014187e+07,0.383995,8.908774e+08,0.05671944359031722,1.677759796701919e-05,34138934.19379196,5370974.36271626,0.1573269,0.0272318830089511,0.03401276963878531,0.004044116643969807
686,0.78,0.05628369231669917,0.1100117,0.05628369,5.014187e+07,0.383995,8.908774e+08,0.0,0.0,57199659.833195865,8237463.6390437195,0.1440125,0.045626920743549244,0.0430588691750609,0.006201013610959564
687,0.78,0.05628369231669917,0.1100117,0.05628369,5.014187e+07,0.383995,8.908774e+08,0.0,0.0,185740459.1028667,32596314.62157443,0.1754939,0.1481611119903656,0.13982205754979987,0.02453791597664259
688,0.78,0.05628369231669917,0.1100117,0.05628369,5.014187e+07,0.383995,8.908774e+08,4.8535261439603285e-05,0.0,53880166.47892258,8430146.03071604,0.156461,0.04297903331509523,0.040567128636895024,0.006346061429767418
689,0.78,0.05628369231669917,0.1100117,0.05628369,5.014187e+07,0.383995,8.908774e+08,2.4783034815045767e-11,0.0,291126830.16887105,41133413.92412342,0.1412904,0.23222552101134827,0.21915501124229297,0.03096448989465084
690,0.78,0.05628369231669917,0.1100117,0.05628369,5.014187e+07,0.383995,8.908774e+08,0.0,0.0,540061224.1451582,81402569.13989916,0.1507284,0.4307950561698044,0.406548319776788,0.06127838146818103
691,0.78,0.05628369231669917,0.1100117,0.05628369,5.014187e+07,0.383995,8.908774e+08,0.0037789825845891945,0.0,106299216.23235494,17658199.768680815,0.1661179,0.08479256569495015,0.08057402773187818,0.013292773347324222
692,0.78,0.05628369231669917,0.1100117,0.05628369,5.014187e+07,0.383995,8.908774e+08,6.421989608524867e-06,0.0,150421034.5739864,20970150.483206436,0.1394097,0.11998757759546792,0.11323517499317058,0.01578594993171092
693,0.78,0.05628369231669917,0.1100117,0.05628369,5.014187e+07,0.383995,8.908774e+08,7.784191450086616e-05,3.8224634897358205e-10,228732516.8421668,21978508.900613315,0.09608826,0.1824549385060038,0.17219711048875652,0.01654502392854793
694,0.78,0.05628369231669917,0.1100117,0.05628369,5.014187e+07,0.383995,8.908774e+08,0.010266924204279274,0.0,12544667.507275209,1916318.940001503,0.1527596,0.010006607587838232,0.010948263244711967,0.0014425702316384886
695,0.78,0.05628369231669917,0.1100117,0.05628369,5.014187e+07,0.383995,8.908774e+08,1.0514372632011068e-05,0.0,187797186.23693433,26368887.373418756,0.1404115,0.14980171835429976,0.14137186566392684,0.01985002139899117
696,0.78,0.05628369231669917,0.1100117,0.05628369,5.014187e+07,0.383995,8.908774e+08,0.0,0.0,557424254.104399,68843828.16583928,0.1235035,0.44464516636501195,0.41961889463121615,0.0518243884517455
697,0.78,0.05628369231669917,0.1100117,0.05628369,5.014187e+07,0.383995,8.908774e+08,0.006441177581815164,0.0027973321960533407,171321.4677849079,17901.092150840366,0.1044883,0.0001366593971902258,0.001073077072366191,0.00017091980296892993
698,0.78,0.05628369231669917,0.1100117,0.05628369,5.014187e+07,0.383995,8.908774e+08,3.068421745123729e-09,0.0,338888669.7186163,40451771.02708211,0.119366,0.2703240984164822,0.2551092604851708,0.03045136145274396
699,0.78,0.05628369231669917,0.1100117,0.05628369,5.014187e+07,0.383995,8.908774e+08,0.0,0.0,125822313.42673802,15852665.690475887,0.1259925,0.10036571439818356,0.0947167614098505,0.01193359995553735
700,0.78,0.05628369231669917,0.1100117,0.05628369,5.014187e+07,0.383995,8.908774e+08,2.7573858820883857e-06,0.0,208451400.47403744,36551125.09615645,0.175346,0.16627713444531775,0.15691884753206228,0.027515025759004615
701,0.78,0.05628369231669917,0.1100117,0.05628369,5.014187e+07,0.383995,8.908774e+08,0.0,0.0,187003282.40284535,22822672.74109261,0.1220442,0.14916843858617507,0.14077268808542837,0.01718049517514113
702,0.78,0.05628369231669917,0.1100117,0.05628369,5.014187e+07,0.383995,8.908774e+08,0.009410183615460671,0.0,148704562.97235262,27325307.536393654,0.1837557,0.1186183856465178,0.11332139348246721,0.020569997195945582
703,0.78,0.05628369231669917,0.1100117,0.05628369,5.014187e+07,0.383995,8.908774e+08,0.03506765549896828,2.101352078927966e-06,41264218.80488293,4928418.857615571,0.1194357,0.03291556709332399,0.03620296511084,0.003710142832293893
704,0.78,0.05628369231669917,0.1100117,0.05628369,5.014187e+07,0.383995,8.908774e+08,0.0,0.0,361674635.7221656,51972725.011760816,0.1437002,0.288499966383896,0.27226212304256675,0.03912412719724018
705,0.78,0.05628369231669917,0.1100117,0.05628369,5.014187e+07,0.383995,8.908774e+08,9.93817409739486e-07,4.1055398365465504e-17,299038558.09005994,31558438.34577186,0.105533,0.2385365337666219,0.22511096256163454,0.023756621491500454
706,0.78,0.05628369231669917,0.1100117,0.05628369,5.014187e+07,0.383995,8.908774e+08,0.0,0.0,287656353.56082803,44012410.150190815,0.1530034,0.2294571975353121,0.21654249922938254,0.03313174617231469
707,0.78,0.05628369231669917,0.1100117,0.05628369,5.014187e+07,0.383995,8.908774e+08,4.642394742140281e-05,0.0,169611618.77927452,17115684.807758667,0.100911,0.13529548794162227,0.12768736287164512,0.012884377898890053
708,0.78,0.05628369231669917,0.1100117,0.05628369,5.014187e+07,0.383995,8.908774e+08,0.0010663274375554979,1.1977369781410627e-07,75371101.33526364,7939055.318202991,0.1053329,0.060121883189632096,0.05689429752691338,0.0059763839665719545
709,0.78,0.05628369231669917,0.1100117,0.05628369,5.014187e+07,0.383995,8.908774e+08,0.0,0.0,143916676.00631618,19272095.333310146,0.1339115,0.1147991926694009,0.1083378702309909,0.014507684732850601
710,0.78,0.05628369231669917,0.1100117,0.05628369,5.014187e+07,0.383995,8.908774e+08,0.008012577872616326,0.0,143065779.013079,20457786.83097047,0.1429957,0.11412045070162391,0.1088717662148403,0.015400251843015623
711,0.78,0.05628369231669917,0.1100117,0.05628369,5.014187e+07,0.383995,8.908774e+08,0.07140693459901899,0.004376022985416771,11919740.657252893,1103661.7962899092,0.09259109,0.009508117073390516,0.01943936747269506,0.0010771153661805924
712,0.78,0.05628369231669917,0.1100117,0.05628369,5.014187e+07,0.383995,8.908774e+08,8.63840050931579e-05,0.0,228127871.228606,32588585.21279658,0.1428523,0.18197262589141264,0.17174319625762746,0.024532097417540377
713,0.78,0.05628369231669917,0.1100117,0.05628369,5.014187e+07,0.383995,8.908774e+08,0.001613544169958886,0.0,46441062.43271906,6309176.531251852,0.1358534,0.03704502231382421,0.0351964953512607,0.004749433959113801
714,0.78,0.05628369231669917,0.1100117,0.05628369,5.014187e+07,0.383995,8.908774e+08,0.0029040296304230022,0.0,125035368.89165127,12635187.439282857,0.1010529,0.0997379859110443,0.09455001913246001,0.009511540532531445
715,0.78,0.05628369231669917,0.1100117,0.05628369,5.014187e+07,0.383995,8.908774e+08,0.000601233292329497,0.0,222491909.38075933,29135654.123118762,0.1309515,0.17747694208323503,0.1675760096696965,0.021932793357087706
716,0.78,0.05628369231669917,0.1100117,0.05628369,5.014187e+07,0.383995,8.908774e+08,0.0639651880010399,8.838683910818847e-05,18578885.888794955,3307774.2952566757,0.1780394,0.014819971944300464,0.0233614847325312,0.0024950073891700734
717,0.78,0.05628369231669917,0.1100117,0.05628369,5.014187e+07,0.383995,8.908774e+08,0.0,0.0,357719820.1089508,56940828.974161655,0.1591772,0.28534529625009253,0.26928500939193495,0.04286402598665518
718,0.78,0.05628369231669917,0.1100117,0.05628369,5.014187e+07,0.383995,8.908774e+08,0.0,0.0,171746983.17391643,25178766.11248239,0.1466038,0.13699882153271437,0.1292880220138167,0.01895411964316679
719,0.78,0.05628369231669917,0.1100117,0.05628369,5.014187e+07,0.383995,8.908774e+08,0.02136069664036627,0.0,29351446.985794045,4904563.063229169,0.1670978,0.023413008910100147,0.025226161758758366,0.0036920663499795748
720,0.78,0.05628369231669917,0.1100117,0.05628369,5.014187e+07,0.383995,8.908774e+08,9.971547731840571e-05,0.0,226671881.44952184,26846429.030224893,0.1184374,0.18081121460946764,0.17064910753856855,0.020209506119460152
721,0.78,0.05628369231669917,0.1100117,0.05628369,5.014187e+07,0.383995,8.908774e+08,0.0,0.0,216786545.89572802,36062419.02739963,0.1663499,0.17292589810318695,0.16319299006075833,0.02714713667118445
722,0.78,0.05628369231669917,0.1100117,0.05628369,5.014187e+07,0.383995,8.908774e+08,0.006456304578636865,7.676921430782733e-07,85080318.73056485,9284359.677099228,0.1091246,0.0678667140831928,0.06499325142474865,0.006989141218505721
723,0.78,0.05628369231669917,0.1100117,0.05628369,5.014187e+07,0.383995,8.908774e+08,0.0,0.0,235050800.39889455,33220481.010033824,0.1413332,0.18749489545537681,0.17694199044861472,0.025007777142644592
724,0.78,0.05628369231669917,0.1100117,0.05628369,5.014187e+07,0.383995,8.908774e+08,0.0,0.0,456038411.36896497,63983482.44055022,0.1403028,0.3637718915151686,0.3432974662996652,0.04816560811387133
725,0.78,0.05628369231669917,0.1100117,0.05628369,5.014187e+07,0.383995,8.908774e+08,0.039534105300762366,1.6472053136436864e-10,53746086.77281625,8130777.282962759,0.1512813,0.04287208085870524,0.046253755076218754,0.006120702061339379
726,0.78,0.05628369231669917,0.1100117,0.05628369,5.014187e+07,0.383995,8.908774e+08,1.977304736053874e-08,0.0,308811723.1651613,40188357.15836203,0.1301387,0.24633237432923455,0.23246788166306126,0.030253068257553806
727,0.78,0.05628369231669917,0.1100117,0.05628369,5.014187e+07,0.383995,8.908774e+08,0.004287114141496292,0.0,96387686.74139097,12751586.358275158,0.1322948,0.076886354856453,0.07318728652281803,0.009599163533081167
728,0.78,0.05628369231669917,0.1100117,0.05628369,5.014187e+07,0.383995,8.908774e+08,3.5158805552197246e-09,0.0,279487221.993695,39268128.16972143,0.1405006,0.22294085950735607,0.21039292528136036,0.029560336521936414
729,0.78,0.05628369231669917,0.1100117,0.05628369,5.014187e+07,0.383995,8.908774e+08,0.0006121920888717585,0.0,145855272.44422358,14961010.620425144,0.1025744,0.116345568754225,0.10988694202303162,0.011262378148929457
730,0.78,0.05628369231669917,0.1100117,0.05628369,5.014187e+07,0.383995,8.908774e+08,0.0,0.0,437752811.0188043,57702815.4918465,0.131816,0.34918586704652654,0.3295323971443401,0.043437635652758655
731,0.78,0.05628369231669917,0.1100117,0.05628369,5.014187e+07,0.383995,8.908774e+08,3.3323601784940475e-05,0.0,201787958.5418002,25351815.467477273,0.1256359,0.1609618521900029,0.1519072092012977,0.019084388067127398
732,0.78,0.05628369231669917,0.1100117,0.05628369,5.014187e+07,0.383995,8.908774e+08,0.0,0.0,17575343.821268324,2209860.672318849,0.1257364,0.014019468330968104,0.013230400888984188,0.0016635431375287078
733,0.78,0.05628369231669917,0.1100117,0.05628369,5.014187e+07,0.383995,8.908774e+08,0.0,0.0,343683119.91886955,48510577.76203768,0.1411491,0.274148526742346,0.2587184354141035,0.03651788537822661
734,0.78,0.05628369231669917,0.1100117,0.05628369,5.014187e+07,0.383995,8.908774e+08,0.00017474476720722844,0.0,341041405.26622206,48943108.655827895,0.1435108,0.2720412885973131,0.2567554134576086,0.03684348681054626
735,0.78,0.05628369231669917,0.1100117,0.05628369,5.014187e+07,0.383995,8.908774e+08,0.0,0.0,326882599.21966153,43652950.28942688,0.1335432,0.2607471179117947,0.2460713073547812,0.032861151291795176
736,0.78,0.05628369231669917,0.1100117,0.05628369,5.014187e+07,0.383995,8.908774e+08,5.756639685851503e-09,0.0,263101176.09440988,35154954.49453461,0.1336176,0.20987006818224843,0.19805780668196798,0.02646401378696468
737,0.78,0.05628369231669917,0.1100117,0.05628369,5.014187e+07,0.383995,8.908774e+08,3.7894716947627304e-05,0.0,257647560.61305398,33866180.002217025,0.1314438,0.20551983809243224,0.19395797714172416,0.025493847663202996
738,0.78,0.05628369231669917,0.1100117,0.05628369,5.014187e+07,0.383995,8.908774e+08,0.0,0.0,559887347.2187196,68733520.88696699,0.1227631,0.44660992200584654,0.4214730665700845,0.05174135112767977
739,0.78,0.05628369231669917,0.1100117,0.05628369,5.014187e+07,0.383995,8.908774e+08,0.0,0.0,360156217.63498527,52919895.023271985,0.1469359,0.2872887574025597,0.27111908537486723,0.039837139647508825
740,0.78,0.05628369231669917,0.1100117,0.05628369,5.014187e+07,0.383995,8.908774e+08,0.007081892075350994,0.0,129304938.07964373,17532089.086879656,0.1355872,0.10314372810457698,0.09837643972502332,0.013197839507418721
741,0.78,0.05628369231669917,0.1100117,0.05628369,5.014187e+07,0.383995,8.908774e+08,0.000149502461836056,0.0,181397733.87463185,22637701.780773003,0.1247959,0.14469701481955183,0.13657484573696674,0.01704125238235506
742,0.78,0.05628369231669917,0.1100117,0.05628369,5.014187e+07,0.383995,8.908774e+08,0.0,0.0,188145027.58149993,25931251.8290193,0.1378259,0.15007918380612426,0.141632173201639,0.01952057727803651
743,0.78,0.05628369231669917,0.1100117,0.05628369,5.014187e+07,0.383995,8.908774e+08,5.611091185082909e-06,0.0,92815451.62197731,11204276.018188708,0.1207156,0.07403686083592705,0.0698706153808038,0.00843437630005753
744,0.78,0.05628369231669917,0.1100117,0.05628369,5.014187e+07,0.383995,8.908774e+08,0.054054130413712355,0.01932131517674369,2493273.6279482073,207296.0974203099,0.08314214,0.001988829978117342,0.009799823138354742,0.0012435237106934048
745,0.78,0.05628369231669917,0.1100117,0.05628369,5.014187e+07,0.383995,8.908774e+08,0.0,0.0,255921733.67995667,35880306.04182216,0.1402003,0.20414318359967573,0.1926532514654002,0.02701004531008322
746,0.78,0.05628369231669917,0.1100117,0.05628369,5.014187e+07,0.383995,8.908774e+08,0.0002043084809427346,0.0,198283804.57582298,27220328.85844652,0.1372796,0.15816666502027,0.14929440742938646,0.0204909711462614
747,0.78,0.05628369231669917,0.1100117,0.05628369,5.014187e+07,0.383995,8.908774e+08,0.0,0.0,223697966.25091076,36702818.973231755,0.1640731,0.17843898733642508,0.16839578227587837,0.027629218165510026
748,0.78,0.05628369231669917,0.1100117,0.05628369,5.014187e+07,0.383995,8.908774e+08,0.0,0.0,519683081.45982873,84454045.48433046,0.1625107,0.41453985633267776,0.3912080226058407,0.06357547765876721
749,0.78,0.05628369231669917,0.1100117,0.05628369,5.014187e+07,0.383995,8.908774e+08,0.0005641969410616621,0.0,165273811.3322053,19868309.092164278,0.1202145,0.1318353135775548,0.12449783197231772,0.01495650366495153
750,0.78,0.05628369231669917,0.1100117,0.05628369,5.014187e+07,0.383995,8.908774e+08,0.007374856397669999,0.0,77654636.82676141,12383509.380936965,0.159469,0.061943409632088026,0.05953796826281921,0.009322081843089034
751,0.78,0.05628369231669917,0.1100117,0.05628369,5.014187e+07,0.383995,8.908774e+08,0.0,0.0,78141468.81264088,10287138.34547031,0.1316476,0.062331744886177355,0.058823484135440765,0.007743971651144169
752,0.78,0.05628369231669917,0.1100117,0.05628369,5.014187e+07,0.383995,8.908774e+08,1.0130214055998902e-06,0.0,171839703.89852107,26185800.401731744,0.152385,0.13707278283187518,0.1293579689806044,0.019712196838766183
753,0.78,0.05628369231669917,0.1100117,0.05628369,5.014187e+07,0.383995,8.908774e+08,0.05482201332480747,3.771658053913838e-06,24061213.265270516,4705370.331522433,0.1955583,0.01919310488645602,0.02614832962579979,0.003542329947807923
754,0.78,0.05628369231669917,0.1100117,0.05628369,5.014187e+07,0.383995,8.908774e+08,0.0,0.0,440762960.3367464,71713074.48322622,0.1627021,0.35158699748605204,0.33179838309699505,0.05398430517453149
755,0.78,0.05628369231669917,0.1100117,0.05628369,5.014187e+07,0.383995,8.908774e+08,3.446843952671746e-08,0.0,192035056.7208255,24916677.60219715,0.1297507,0.15318217518313063,0.14456052181889878,0.018756824153830516
756,0.78,0.05628369231669917,0.1100117,0.05628369,5.014187e+07,0.383995,8.908774e+08,1.0472490065523163e-06,0.0,217266163.0806156,29407291.188329928,0.1353515,0.1733084782679279,0.16355419070073016,0.022137276825837934
757,0.78,0.05628369231669917,0.1100117,0.05628369,5.014187e+07,0.383995,8.908774e+08,0.0,0.0,315252722.55161595,36092788.76158316,0.1144884,0.25147021901873146,0.23731654658466825,0.027169998457686386
758,0.78,0.05628369231669917,0.1100117,0.05628369,5.014187e+07,0.383995,8.908774e+08,0.0,0.0,325128957.35105807,32745674.10347147,0.100716,0.2593482760518138,0.2447511974796472,0.024650351092687234
759,0.78,0.05628369231669917,0.1100117,0.05628369,5.014187e+07,0.383995,8.908774e+08,0.025479715031016113,0.0,59119890.96985647,9850754.828486064,0.1666234,0.04715864722823827,0.04823904901038639,0.007415470033778383
760,0.78,0.05628369231669917,0.1100117,0.05628369,5.014187e+07,0.383995,8.908774e+08,2.927341933892054e-10,0.0,299583224.0875243,45342474.39220693,0.1513518,0.23897100195000767,0.22552083164654738,0.03413299447271386
761,0.78,0.05628369231669917,0.1100117,0.05628369,5.014187e+07,0.383995,8.908774e+08,0.015924528735312155,0.0009717841501790804,3879643.7253465327,467713.5514573502,0.1205558,0.003094707158850321,0.0052546480018126705,0.0004067819006607145
762,0.78,0.05628369231669917,0.1100117,0.05628369,5.014187e+07,0.383995,8.908774e+08,0.00046587697695378745,8.857653151582675e-09,222023238.9743234,23654035.42705322,0.1065386,0.17710309392484283,0.16720336334508856,0.017806330464242445
763,0.78,0.05628369231669917,0.1100117,0.05628369,5.014187e+07,0.383995,8.908774e+08,0.0,0.0,41147290.19406063,5618235.051814017,0.1365396,0.03282229569146251,0.03097493569963651,0.00422930571259107
764,0.78,0.05628369231669917,0.1100117,0.05628369,5.014187e+07,0.383995,8.908774e+08,0.030652407233005573,0.004188667490977691,2280323.2653980153,261848.85149222473,0.1148297,0.0018189641197761909,0.006209433029399189,0.00043286875081149077
765,0.78,0.05628369231669917,0.1100117,0.05628369,5.014187e+07,0.383995,8.908774e+08,0.010703907691265623,0.004120710121215107,58497.476055773244,7332.668796181821,0.1253502,4.666216043028712e-05,0.001612950752947972,0.00023744868100985842
766,0.78,0.05628369231669917,0.1100117,0.05628369,5.014187e+07,0.383995,8.908774e+08,9.4741231479231e-09,0.0,375576694.95464075,66558595.74882596,0.1772171,0.2995893357371758,0.2827273431318408,0.05010410682829293
767,0.78,0.05628369231669917,0.1100117,0.05628369,5.014187e+07,0.383995,8.908774e+08,7.311130639196854e-07,0.0,314175939.52282614,48139152.57062052,0.1532235,0.25061129268847243,0.23650607096189405,0.03623828321324535
768,0.78,0.05628369231669917,0.1100117,0.05628369,5.014187e+07,0.383995,8.908774e+08,0.0,0.0,332108213.1064916,52092711.72259032,0.1568546,0.2649154761038904,0.25000505495692715,0.03921445102258144
769,0.78,0.05628369231669917,0.1100117,0.05628369,5.014187e+07,0.383995,8.908774e+08,0.0031589089737937962,0.0,65875887.018618464,8029249.439865221,0.1218845,0.05254775788308344,0.05005319007227623,0.006044273728432957
770,0.78,0.05628369231669917,0.1100117,0.05628369,5.014187e+07,0.383995,8.908774e+08,0.0026286551829762623,6.41899025684758e-07,71248084.46476993,8358697.31424652,0.1173182,0.05683304258248644,0.05401956168992975,0.006292312256970603
771,0.78,0.05628369231669917,0.1100117,0.05628369,5.014187e+07,0.383995,8.908774e+08,0.0,0.0,506224843.3587312,64740328.930661365,0.1278885,0.4038045134132043,0.3810769044241611,0.04873534846020092
772,0.78,0.05628369231669917,0.1100117,0.05628369,5.014187e+07,0.383995,8.908774e+08,0.0,0.0,372010778.604997,46249133.23394269,0.124322,0.29674488206144084,0.28004298442293957,0.034815510847226554
773,0.78,0.05628369231669917,0.1100117,0.05628369,5.014187e+07,0.383995,8.908774e+08,0.0,0.0,182599545.4314482,23608872.56656393,0.1292932,0.14565567367891305,0.13745763455738758,0.01777233218132519
774,0.78,0.05628369231669917,0.1100117,0.05628369,5.014187e+07,0.383995,8.908774e+08,0.0,0.0,469534565.70185876,69609613.08398427,0.1482524,0.3745374793855405,0.35345712713473276,0.05240085748500195
775,0.78,0.05628369231669917,0.1100117,0.05628369,5.014187e+07,0.383995,8.908774e+08,0.00508532548394961,1.0419818848191627e-06,59520260.57941787,6370162.905532525,0.1070251,0.04747801333105873,0.04555115209843881,0.004795402045010697
776,0.78,0.05628369231669917,0.1100117,0.05628369,5.014187e+07,0.383995,8.908774e+08,0.0,0.0,102180322.61835894,18762850.937037207,0.1836249,0.08150701411955705,0.07691949841519906,0.014124334763616627
777,0.78,0.05628369231669917,0.1100117,0.05628369,5.014187e+07,0.383995,8.908774e+08,0.015308927137116651,0.007432369502924381,1020737.14407485,78056.51932379957,0.07647073,0.0008142197507557775,0.003012283636817056,0.0004770807339835997
778,0.78,0.05628369231669917,0.1100117,0.05628369,5.014187e+07,0.383995,8.908774e+08,0.09172152531514224,1.4663964339110438e-07,42894633.64544989,6181404.174015828,0.1441067,0.034216113441442,0.0457342980502849,0.004653257493421371
779,0.78,0.05628369231669917,0.1100117,0.05628369,5.014187e+07,0.383995,8.908774e+08,0.0,0.0,208366042.61510006,27220815.97013745,0.1306394,0.16620904634346656,0.1568541875188189,0.02049133783513044
780,0.78,0.05628369231669917,0.1100117,0.05628369,5.014187e+07,0.383995,8.908774e+08,9.116140718560636e-05,0.0,15182551.672099093,2415577.0738055944,0.1591022,0.012110790236302738,0.01144251213996786,0.0018184027231383652
781,0.78,0.05628369231669917,0.1100117,0.05628369,5.014187e+07,0.383995,8.908774e+08,2.3098502758158865e-06,0.0,171998786.6977894,22343419.735381003,0.1299045,0.1371996797101966,0.12947791371550707,0.016819722182174576
782,0.78,0.05628369231669917,0.1100117,0.05628369,5.014187e+07,0.383995,8.908774e+08,0.0,0.0,212726252.21746197,35107152.82555475,0.1650344,0.1696870904180709,0.1601364744308643,0.02642802955529345
783,0.78,0.05628369231669917,0.1100117,0.05628369,5.014187e+07,0.383995,8.908774e+08,7.158085036120561e-06,0.0,162299123.37367147,17960531.650687683,0.1106631,0.1294624698907809,0.12217689325827524,0.01352036331888606
784,0.78,0.05628369231669917,0.1100117,0.05628369,5.014187e+07,0.383995,8.908774e+08,0.001792555239324891,0.0,166552749.00148353,27574085.72268371,0.1655577,0.13285549425419288,0.12564063854247526,0.020757272914163325
785,0.78,0.05628369231669917,0.1100117,0.05628369,5.014187e+07,0.383995,8.908774e+08,0.005487679660788058,0.0,67538187.78487921,8385295.372567636,0.1241564,0.05387373893848306,0.051645877327726845,0.006312298665666036
786,0.78,0.05628369231669917,0.1100117,0.05628369,5.014187e+07,0.383995,8.908774e+08,0.08738491589774072,0.00021328425505922537,16068878.842059636,3129861.2697541104,0.1947778,0.012817794083083912,0.02490472078616191,0.00236810736976609
787,0.78,0.05628369231669917,0.1100117,0.05628369,5.014187e+07,0.383995,8.908774e+08,0.021215614407451937,0.00015394363556906756,76302789.31663556,7615275.3474794375,0.09980337,0.06086507036605484,0.06054901762321313,0.005741306036734723
788,0.78,0.05628369231669917,0.1100117,0.05628369,5.014187e+07,0.383995,8.908774e+08,2.996105349835341e-06,0.0,270781621.71500397,34999751.62751711,0.1292545,0.21599659209214433,0.2038399455126167,0.026347179876308757
789,0.78,0.05628369231669917,0.1100117,0.05628369,5.014187e+07,0.383995,8.908774e+08,5.188326797564094e-08,0.0,374651989.4797907,53192339.50087311,0.141978,0.2988517183538706,0.28203124779446437,0.04004223092170005
790,0.78,0.05628369231669917,0.1100117,0.05628369,5.014187e+07,0.383995,8.908774e+08,0.009196930766719786,0.0,55867407.45672188,7478175.584100906,0.1338558,0.04456421208812983,0.04340400491347709,0.005629435298792836
791,0.78,0.05628369231669917,0.1100117,0.05628369,5.014187e+07,0.383995,8.908774e+08,1.3826115422878435e-09,0.0,250055877.9182637,27337011.882553715,0.1093236,0.1994641184319397,0.18823754156454972,0.020578808016002124
792,0.78,0.05628369231669917,0.1100117,0.05628369,5.014187e+07,0.383995,8.908774e+08,0.00011620340098640384,0.0,195083067.59595886,27864779.84417409,0.1428355,0.155613506960815,0.14687203661575435,0.020976102190136563
793,0.78,0.05628369231669917,0.1100117,0.05628369,5.014187e+07,0.383995,8.908774e+08,9.842696918607313e-06,0.0,91398265.17578214,8993608.999243082,0.09840022,0.07290640212606855,0.068804403304663,0.006770226159375074
794,0.78,0.05628369231669917,0.1100117,0.05628369,5.014187e+07,0.383995,8.908774e+08,0.0,0.0,32000807.218217347,3875551.976635081,0.1211079,0.025526345767319273,0.0240896287761818,0.002917445418901452
795,0.78,0.05628369231669917,0.1100117,0.05628369,5.014187e+07,0.383995,8.908774e+08,0.056784393957303766,0.00011206747608051938,31625534.681521412,4090229.753871521,0.1293331,0.02522699905198935,0.03213024799077356,0.0030853585374057517
796,0.78,0.05628369231669917,0.1100117,0.05628369,5.014187e+07,0.383995,8.908774e+08,0.0,0.0,220644712.01430246,27000788.002735615,0.1223722,0.17600347304368477,0.16609734772022358,0.020325704761597507
797,0.78,0.05628369231669917,0.1100117,0.05628369,5.014187e+07,0.383995,8.908774e+08,0.0,0.0,558632877.6433208,88467859.13852523,0.1583649,0.44560925899388404,0.4205287245672,0.0665970039673685
798,0.78,0.05628369231669917,0.1100117,0.05628369,5.014187e+07,0.383995,8.908774e+08,0.002080440736867613,0.0,161421129.03329092,20946727.53829034,0.1297645,0.1287621129603612,0.12181984440012321,0.015768317562501417
799,0.78,0.05628369231669917,0.1100117,0.05628369,5.014187e+07,0.383995,8.908774e+08,0.0,0.0,365668434.19664574,43084333.68225115,0.1178235,0.29168573229565514,0.2752685822859554,0.03243310699624261
800,0.78,0.05628369231669917,0.1100117,0.05628369,5.014187e+07,0.383995,8.908774e+08,1.409078826142189e-06,0.0,157118610.43156,22616806.12977055,0.1439473,0.12533008773833543,0.11827625417641137,0.01702552251428476
801,0.78,0.05628369231669917,0.1100117,0.05628369,5.014187e+07,0.383995,8.908774e+08,0.0,0.0,321630919.9856722,44454113.30145637,0.1382147,0.25655796796092883,0.24211793823081837,0.03346425231413474
802,0.78,0.05628369231669917,0.1100117,0.05628369,5.014187e+07,0.383995,8.908774e+08,1.56701227871535e-05,0.0,131528020.10712759,17159804.1979839,0.130465,0.10491703213768154,0.09901421101514589,0.012917590177727579
803,0.78,0.05628369231669917,0.1100117,0.05628369,5.014187e+07,0.383995,8.908774e+08,0.00057441081457807,0.0,116284040.38858669,14679641.010086957,0.1262395,0.09275724208888682,0.08762071572427414,0.011050568196270288
804,0.78,0.05628369231669917,0.1100117,0.05628369,5.014187e+07,0.383995,8.908774e+08,6.91726438969495e-10,0.0,101821856.53038862,15587647.433628866,0.1530874,0.08122107354171502,0.07664965173025028,0.011734099005988766
805,0.78,0.05628369231669917,0.1100117,0.05628369,5.014187e+07,0.383995,8.908774e+08,0.0,0.0,83877638.15571177,11695500.616741445,0.1394353,0.06690736202710275,0.0631415686490473,0.008804161291547615
806,0.78,0.05628369231669917,0.1100117,0.05628369,5.014187e+07,0.383995,8.908774e+08,0.001575617694515381,0.0,136357142.32196954,20650680.5794395,0.1514455,0.10876911757315529,0.102878134664887,0.015545458767396573
807,0.78,0.05628369231669917,0.1100117,0.05628369,5.014187e+07,0.383995,8.908774e+08,7.200419960851163e-05,0.0,163163049.80880493,18779402.572245296,0.1150959,0.13015160516009966,0.12283674620662005,0.014136794535180597
808,0.78,0.05628369231669917,0.1100117,0.05628369,5.014187e+07,0.383995,8.908774e+08,0.013019626877739091,0.0,78208987.46166101,13855124.494579604,0.1771551,0.06238560303946947,0.060782650162934986,0.010429887078979723
809,0.78,0.05628369231669917,0.1100117,0.05628369,5.014187e+07,0.383995,8.908774e+08,0.0,0.0,110732836.00102976,14582758.450396162,0.1316932,0.08832916745765783,0.08335767577388081,0.010977636757949914
810,0.78,0.05628369231669917,0.1100117,0.05628369,5.014187e+07,0.383995,8.908774e+08,0.020345673317862113,2.9406727769056473e-08,64285923.078891076,10305521.29542899,0.1603076,0.05127947833606171,0.05137542733238372,0.007757811658442941
811,0.78,0.05628369231669917,0.1100117,0.05628369,5.014187e+07,0.383995,8.908774e+08,0.0,0.0,101607026.67928985,13264348.817618892,0.1305456,0.08104970845636282,0.07648793160324674,0.009985161836552733
812,0.78,0.05628369231669917,0.1100117,0.05628369,5.014187e+07,0.383995,8.908774e+08,0.01703065269960241,2.7511752067185603e-08,68394044.73057505,12317485.731744023,0.1800959,0.05455643735212673,0.05398205105642605,0.009272381982813764
813,0.78,0.05628369231669917,0.1100117,0.05628369,5.014187e+07,0.383995,8.908774e+08,0.0,0.0,184780115.9738241,24091577.12553091,0.1303797,0.14739506722780552,0.13909912861495652,0.018135703441143455
814,0.78,0.05628369231669917,0.1100117,0.05628369,5.014187e+07,0.383995,8.908774e+08,0.00011110334265704466,0.0,139834923.8079552,24124064.72254714,0.1725182,0.1115432679909583,0.1052814858802864,0.018160159516473505
815,0.78,0.05628369231669917,0.1100117,0.05628369,5.014187e+07,0.383995,8.908774e+08,0.0,0.0,308145929.30070055,46796576.2814549,0.151865,0.24580128508895094,0.23196668118795521,0.03522761607009616
816,0.78,0.05628369231669917,0.1100117,0.05628369,5.014187e+07,0.383995,8.908774e+08,0.02818597216713216,0.011241819997666522,1084140.7592150879,90068.34181619943,0.08307809,0.0008647954312981856,0.004947453144900579,0.0007005329562026137
817,0.78,0.05628369231669917,0.1100117,0.05628369,5.014187e+07,0.383995,8.908774e+08,0.0,0.0,22113900.27319044,2175919.381937793,0.098396,0.01763977579653445,0.016646944083066748,0.001637992748131069
818,0.78,0.05628369231669917,0.1100117,0.05628369,5.014187e+07,0.383995,8.908774e+08,4.0615323628649325e-09,0.0,219749839.4600896,32354518.035228506,0.1472334,0.17528965273031724,0.1654237044450582,0.024355895880564974
819,0.78,0.05628369231669917,0.1100117,0.05628369,5.014187e+07,0.383995,8.908774e+08,0.0,0.0,272073550.12126803,34987557.43012589,0.128596,0.21702713519626154,0.2048120466945005,0.026338000305106853
820,0.78,0.05628369231669917,0.1100117,0.05628369,5.014187e+07,0.383995,8.908774e+08,3.630772210029865e-06,0.0,54219694.022592045,6818209.176348292,0.1257515,0.04324986702932421,0.0408161369976306,0.005132624525892704
821,0.78,0.05628369231669917,0.1100117,0.05628369,5.014187e+07,0.383995,8.908774e+08,0.0,0.0,58050880.10804433,8035756.947022062,0.1384261,0.04630592058601462,0.04369965239930987,0.006049172462099194
822,0.78,0.05628369231669917,0.1100117,0.05628369,5.014187e+07,0.383995,8.908774e+08,1.3925357377806608e-09,0.0,352326450.82597226,37756697.211614,0.107164,0.2810431232383513,0.26522497876638934,0.028422558638605096
823,0.78,0.05628369231669917,0.1100117,0.05628369,5.014187e+07,0.383995,8.908774e+08,4.7930614535015076e-05,0.0,210416736.29843506,36402699.997744836,0.1730029,0.16784483995538105,0.15840493800982766,0.027403294029944715
824,0.78,0.05628369231669917,0.1100117,0.05628369,5.014187e+07,0.383995,8.908774e+08,0.0006652045997789486,0.0,190862829.93434995,34632847.39391484,0.1814541,0.15224711544962946,0.14377558736802198,0.02607098100658598
825,0.78,0.05628369231669917,0.1100117,0.05628369,5.014187e+07,0.383995,8.908774e+08,0.0,0.0,554422443.1025085,77394630.99587153,0.1395951,0.44225068721828664,0.4173591856120439,0.05826127813734501
826,0.78,0.05628369231669917,0.1100117,0.05628369,5.014187e+07,0.383995,8.908774e+08,1.5573686714402226e-05,0.0,241741609.33833125,34273575.389392495,0.1417777,0.19283200777527804,0.18198099307890178,0.025800527540846805
827,0.78,0.05628369231669917,0.1100117,0.05628369,5.014187e+07,0.383995,8.908774e+08,0.04611840551000621,0.0005206784973055538,29081637.25077128,3160889.7282531527,0.1086902,0.023197787570819084,0.02865189108954529,0.0024087663149668765
828,0.78,0.05628369231669917,0.1100117,0.05628369,5.014187e+07,0.383995,8.908774e+08,0.0,0.0,61956786.06671097,10549142.83517688,0.1702661,0.049421576555430245,0.04663994774677822,0.007941203891308759
829,0.78,0.05628369231669917,0.1100117,0.05628369,5.014187e+07,0.383995,8.908774e+08,0.0005927370675590239,0.0,139884643.93380943,17918939.056551784,0.128098,0.11158292865062526,0.10538950928871664,0.013489053166434598
830,0.78,0.05628369231669917,0.1100117,0.05628369,5.014187e+07,0.383995,8.908774e+08,0.04037718934533762,0.0013216772676380563,2597365.4907486,435219.2742726194,0.1675618,0.00207186178613669,0.007873497208328141,0.0004020140731874524
831,0.78,0.05628369231669917,0.1100117,0.05628369,5.014187e+07,0.383995,8.908774e+08,0.0,0.0,98849918.6920976,13943263.02427093,0.1410549,0.07885042356586038,0.0744124305868381,0.01049623616969684
832,0.78,0.05628369231669917,0.1100117,0.05628369,5.014187e+07,0.383995,8.908774e+08,0.000779756444485685,0.0,189007752.90211546,30125773.49869875,0.1593891,0.15076736097259635,0.14239590926245943,0.02267813731166922
833,0.78,0.05628369231669917,0.1100117,0.05628369,5.014187e+07,0.383995,8.908774e+08,0.0,0.0,413084411.8184496,53696930.66787454,0.1299902,0.3295084231864215,0.3109624724800362,0.04042207802411579
834,0.78,0.05628369231669917,0.1100117,0.05628369,5.014187e+07,0.383995,8.908774e+08,0.0,0.0,113877888.93611906,14100763.483523287,0.1238235,0.09083790756943567,0.08572521472910481,0.010614799666223501
835,0.78,0.05628369231669917,0.1100117,0.05628369,5.014187e+07,0.383995,8.908774e+08,7.847943703429563e-05,0.0,56045771.911732584,8010416.048514155,0.1429263,0.04470648952257563,0.0422017462692625,0.006030096292121742
836,0.78,0.05628369231669917,0.1100117,0.05628369,5.014187e+07,0.383995,8.908774e+08,0.019263672765400752,8.903982970661153e-07,71998583.17389122,8338244.707239233,0.1158112,0.057431699029379155,0.05702278514525724,0.006276929890861684
837,0.78,0.05628369231669917,0.1100117,0.05628369,5.014187e+07,0.383995,8.908774e+08,0.0,0.0,64747892.356674924,7409510.830730252,0.1144363,0.051647981150324346,0.048741042070480814,0.0055777457146074265
838,0.78,0.05628369231669917,0.1100117,0.05628369,5.014187e+07,0.383995,8.908774e+08,0.0,0.0,165507740.3990474,18500751.574044153,0.1117818,0.1320219136906244,0.1245912329213995,0.013927031104558238
839,0.78,0.05628369231669917,0.1100117,0.05628369,5.014187e+07,0.383995,8.908774e+08,2.1560865688879465e-10,0.0,459558862.7222604,57058195.77663863,0.1241586,0.36658007875521076,0.3459475984247238,0.04295237759238306
840,0.78,0.05628369231669917,0.1100117,0.05628369,5.014187e+07,0.383995,8.908774e+08,4.0639601207518937e-08,0.0,192148624.74948928,25191393.463764302,0.1311037,0.15327276592192093,0.1446460146809523,0.018963625284781807
841,0.78,0.05628369231669917,0.1100117,0.05628369,5.014187e+07,0.383995,8.908774e+08,0.0009145067173214779,0.0,128388588.82579581,14864771.693468181,0.1157795,0.10241277629646037,0.0967826500431739,0.011189931225687736
842,0.78,0.05628369231669917,0.1100117,0.05628369,5.014187e+07,0.383995,8.908774e+08,1.3856999406969143e-05,0.0,193115554.47081506,26573130.51482382,0.1376022,0.1540440646654479,0.14537592700288215,0.020003771941062752
843,0.78,0.05628369231669917,0.1100117,0.05628369,5.014187e+07,0.383995,8.908774e+08,0.006817629011411244,0.0,59048847.62940236,7645809.83724083,0.1294828,0.04710197750548625,0.04545019167068319,0.005755627332036748
844,0.78,0.05628369231669917,0.1100117,0.05628369,5.014187e+07,0.383995,8.908774e+08,1.9610130914424358e-18,0.0,126032869.79945688,15047863.265599472,0.1193963,0.1005336706230651,0.09487526443824815,0.011327759249043955
845,0.78,0.05628369231669917,0.1100117,0.05628369,5.014187e+07,0.383995,8.908774e+08,0.0,0.0,489060685.15043795,58218926.76299831,0.1190423,0.39011303887501064,0.3681560366262371,0.04382615488117902
846,0.78,0.05628369231669917,0.1100117,0.05628369,5.014187e+07,0.383995,8.908774e+08,0.0005468202518117642,0.0,138963872.40215808,21491923.26553743,0.1546584,0.11084844928798418,0.10468963892370299,0.016178731043329682
847,0.78,0.05628369231669917,0.1100117,0.05628369,5.014187e+07,0.383995,8.908774e+08,7.638505707282582e-09,0.0,297245676.4752138,46534250.62452208,0.1565515,0.2371063912171434,0.2237611691671614,0.0350301420610536
848,0.78,0.05628369231669917,0.1100117,0.05628369,5.014187e+07,0.383995,8.908774e+08,0.006932692256125142,1.0397156596210085e-06,69455410.98965812,8099699.7354158005,0.1166173,0.05540306606153307,0.05330092959628989,0.006097365955507068
849,0.78,0.05628369231669917,0.1100117,0.05628369,5.014187e+07,0.383995,8.908774e+08,3.5347087064303456e-10,0.0,89745917.21801633,12475246.319537263,0.1390063,0.07158836020886833,0.067559103021225,0.00939113975093726
850,0.78,0.05628369231669917,0.1100117,0.05628369,5.014187e+07,0.383995,8.908774e+08,0.0,0.0,45869419.18675627,5560734.2674887795,0.1212297,0.03658903496786463,0.034529668981568395,0.004186020162345773
851,0.78,0.05628369231669917,0.1100117,0.05628369,5.014187e+07,0.383995,8.908774e+08,0.00015410004188146965,0.0,229039495.87007478,37669603.431552745,0.1644677,0.18269980897930968,0.1724393762089078,0.028356996016509876
852,0.78,0.05628369231669917,0.1100117,0.05628369,5.014187e+07,0.383995,8.908774e+08,8.646322413020007e-06,0.0,191758486.9983876,29073228.466989953,0.1516138,0.15296156154936885,0.14435358740918258,0.021885800452440082
853,0.78,0.05628369231669917,0.1100117,0.05628369,5.014187e+07,0.383995,8.908774e+08,0.0,0.0,83366147.3577434,11230956.822003618,0.1347184,0.06649935697658296,0.06275652762925463,0.008454461126511078
854,0.78,0.05628369231669917,0.1100117,0.05628369,5.014187e+07,0.383995,8.908774e+08,0.0,0.0,336018683.6625428,57017988.009388864,0.169687,0.2680347731530554,0.2529487864507326,0.04292210991255983
855,0.78,0.05628369231669917,0.1100117,0.05628369,5.014187e+07,0.383995,8.908774e+08,0.017916694036234124,1.81585784012947e-06,38535113.78976969,5389164.673113828,0.1398508,0.030738619562717714,0.0316346586465864,0.0040569678785948
856,0.78,0.05628369231669917,0.1100117,0.05628369,5.014187e+07,0.383995,8.908774e+08,0.0,0.0,291083183.54999495,51264351.525440276,0.1761158,0.23219070505569417,0.21912215485354206,0.038590876451282834
857,0.78,0.05628369231669917,0.1100117,0.05628369,5.014187e+07,0.383995,8.908774e+08,9.537615927716691e-07,0.0,234285460.563616,39839176.21988233,0.1700454,0.18688440056593222,0.176365996262371,0.029990211163783177
858,0.78,0.05628369231669917,0.1100117,0.05628369,5.014187e+07,0.383995,8.908774e+08,0.0,0.0,331056264.5234719,38172737.88359554,0.1153059,0.2640763596692175,0.24921316709348132,0.02873574653025688
859,0.78,0.05628369231669917,0.1100117,0.05628369,5.014187e+07,0.383995,8.908774e+08,0.0,0.0,199347434.46816218,23843875.949932184,0.1196096,0.15901509938053984,0.1500651424532962,0.017949238477090918
860,0.78,0.05628369231669917,0.1100117,0.05628369,5.014187e+07,0.383995,8.908774e+08,5.397781181021285e-07,0.0,321275083.73865217,42722004.33536994,0.1329764,0.25627412514983855,0.24185015025862908,0.0321603520184833
861,0.78,0.05628369231669917,0.1100117,0.05628369,5.014187e+07,0.383995,8.908774e+08,0.0,0.0,127192645.7977716,14301764.48564419,0.1124418,0.10145879863448497,0.09574832282931968,0.010766109584492582
862,0.78,0.05628369231669917,0.1100117,0.05628369,5.014187e+07,0.383995,8.908774e+08,0.0007490153859245269,0.0,116496440.53990692,16086660.431699047,0.1380871,0.0929266690557336,0.08780619921192125,0.012109746963742686
863,0.78,0.05628369231669917,0.1100117,0.05628369,5.014187e+07,0.383995,8.908774e+08,4.654643948395242e-08,0.0,338005152.4911999,53930495.94947059,0.1595552,0.26961933599956495,0.25444417107203204,0.04059790174288281
864,0.78,0.05628369231669917,0.1100117,0.05628369,5.014187e+07,0.383995,8.908774e+08,1.5315688994532754e-05,0.0,177050629.0585223,20989562.919380836,0.1185512,0.1412294241470384,0.1332827555745746,0.015800563262490165
865,0.78,0.05628369231669917,0.1100117,0.05628369,5.014187e+07,0.383995,8.908774e+08,0.00016689319825569993,0.0,113994930.02750878,17391420.014486212,0.1525631,0.09093126869459184,0.08583778335444267,0.013091946374438036
866,0.78,0.05628369231669917,0.1100117,0.05628369,5.014187e+07,0.383995,8.908774e+08,0.04628824507578867,2.1868981513345737e-06,30926249.97947942,6257593.655232316,0.2023392,0.024669194901225336,0.03006537625248766,0.004710726389888179
867,0.78,0.05628369231669917,0.1100117,0.05628369,5.014187e+07,0.383995,8.908774e+08,0.014949916891785786,0.0,60498054.674173765,8120487.427476173,0.1342272,0.04825797834824658,0.047733110743779804,0.006112956035002477
868,0.78,0.05628369231669917,0.1100117,0.05628369,5.014187e+07,0.383995,8.908774e+08,0.00271693369955565,0.0,65499780.38857849,7629132.43009105,0.1164757,0.052247745829690107,0.04970528170688513,0.005743072881630299
869,0.78,0.05628369231669917,0.1100117,0.05628369,5.014187e+07,0.383995,8.908774e+08,3.959962926755549e-05,2.5851482053850473e-09,269143391.7503282,29625250.9074665,0.1100724,0.2146898117900246,0.20261208075704237,0.02230135310499327
870,0.78,0.05628369231669917,0.1100117,0.05628369,5.014187e+07,0.383995,8.908774e+08,0.03144879794620468,9.880514829701794e-05,51717596.87099661,5350507.669735515,0.1034562,0.041253998718893264,0.0435416484727255,0.00403332650114262
871,0.78,0.05628369231669917,0.1100117,0.05628369,5.014187e+07,0.383995,8.908774e+08,0.014682023720559845,0.0,34172090.88339308,4203090.570181263,0.1229978,0.02725833137687777,0.027876135258986547,0.003164010546918237
872,0.78,0.05628369231669917,0.1100117,0.05628369,5.014187e+07,0.383995,8.908774e+08,0.0,0.0,506188676.1760776,79210244.04860479,0.1564836,0.40377566364064854,0.38104967842332726,0.059628038798827186
873,0.78,0.05628369231669917,0.1100117,0.05628369,5.014187e+07,0.383995,8.908774e+08,0.0,0.0,78298383.46765582,11301371.066262389,0.1443372,0.06245691228312948,0.05894160664913476,0.008507467695788603
874,0.78,0.05628369231669917,0.1100117,0.05628369,5.014187e+07,0.383995,8.908774e+08,0.0,0.0,285188375.05799055,38794381.34556769,0.1360307,0.2274885449266405,0.21468464965841588,0.029203708482839263
875,0.78,0.05628369231669917,0.1100117,0.05628369,5.014187e+07,0.383995,8.908774e+08,9.527498500817345e-06,0.0,140503411.28714073,23607722.723166846,0.1680224,0.11207650586894218,0.10576982278055651,0.017771466600016644
876,0.78,0.05628369231669917,0.1100117,0.05628369,5.014187e+07,0.383995,8.908774e+08,0.0002697326031400003,0.0,227288842.30730954,24120127.449115828,0.106121,0.18130335082570112,0.1711384646071138,0.018157195608260072
877,0.78,0.05628369231669917,0.1100117,0.05628369,5.014187e+07,0.383995,8.908774e+08,0.006857421469954033,0.0,85658816.99041852,13047823.528317725,0.1523232,0.06832816952417964,0.06548752776984322,0.009822165515730204
878,0.78,0.05628369231669917,0.1100117,0.05628369,5.014187e+07,0.383995,8.908774e+08,0.041284155851858136,0.0007172232460831258,4713208.489901246,829663.8186066382,0.1760295,0.0037596235859385933,0.009599203280267404,0.0006649238864534224
879,0.78,0.05628369231669917,0.1100117,0.05628369,5.014187e+07,0.383995,8.908774e+08,0.00012048780167208035,0.0,120019872.62676851,14789152.546857951,0.1232225,0.09573723396191182,0.09036644932527642,0.011133006500077218
880,0.78,0.05628369231669917,0.1100117,0.05628369,5.014187e+07,0.383995,8.908774e+08,0.00012987772084356795,0.0,162079754.04717323,21058799.814095616,0.1299286,0.12928748376493873,0.12202974350955688,0.01585268354432934
881,0.78,0.05628369231669917,0.1100117,0.05628369,5.014187e+07,0.383995,8.908774e+08,1.0377031487655047e-07,0.0,168895120.8608017,24595502.05291961,0.1456259,0.13472395318364624,0.127141206865002,0.01851504901043108
882,0.78,0.05628369231669917,0.1100117,0.05628369,5.014187e+07,0.383995,8.908774e+08,0.0070960539902190116,0.005073389478926618,113798.93596715784,14275.146579459537,0.1254418,9.077492850858519e-05,0.0011257630268106157,0.00029629516454092176
883,0.78,0.05628369231669917,0.1100117,0.05628369,5.014187e+07,0.383995,8.908774e+08,0.028070531093514022,0.015201927720266059,51036.32826277095,5329.249117935693,0.1044207,4.071056561311559e-05,0.004152830154590475,0.0008596323847575058
884,0.78,0.05628369231669917,0.1100117,0.05628369,5.014187e+07,0.383995,8.908774e+08,0.0001719843851728791,0.0,36197889.80557816,4640018.858897629,0.1281848,0.028874266980943433,0.02727432506713754,0.0034929222585889895
885,0.78,0.05628369231669917,0.1100117,0.05628369,5.014187e+07,0.383995,8.908774e+08,4.0681295831759635e-05,0.0,177898512.93252188,23821833.801245097,0.1339069,0.14190576261533572,0.13392474515589506,0.017932645546303874
886,0.78,0.05628369231669917,0.1100117,0.05628369,5.014187e+07,0.383995,8.908774e+08,0.0,0.0,86776190.15390958,15011990.506312102,0.1729967,0.06921947371934878,0.06532354615820511,0.0113007548847941
887,0.78,0.05628369231669917,0.1100117,0.05628369,5.014187e+07,0.383995,8.908774e+08,0.0,0.0,327593907.23179644,51335567.61511769,0.1567049,0.2613145127947114,0.24660676715868576,0.03864448663528606
888,0.78,0.05628369231669917,0.1100117,0.05628369,5.014187e+07,0.383995,8.908774e+08,0.015985982154620652,0.008433821206335835,261343.17686686545,27296.325496104062,0.1044463,0.00020846775055210337,0.0025398642797873684,0.0004952347778717622
889,0.78,0.05628369231669917,0.1100117,0.05628369,5.014187e+07,0.383995,8.908774e+08,9.678100773319237,8.953363900368263,281.27035576596637,29.335710765163103,0.1042972,2.24363226415478e-07,1.4185584666545459,0.5039284010511613
890,0.78,0.05628369231669917,0.1100117,0.05628369,5.014187e+07,0.383995,8.908774e+08,2.2794401230536644e-08,0.0,416214886.23514915,58077941.54988307,0.1395384,0.33200553433213437,0.3133190403314105,0.04372002376318199
891,0.78,0.05628369231669917,0.1100117,0.05628369,5.014187e+07,0.383995,8.908774e+08,1.973648318625835e-05,0.0,202913347.93443277,36929944.25829154,0.1819986,0.1618595507562709,0.15275239045890895,0.0278001939713847
892,0.78,0.05628369231669917,0.1100117,0.05628369,5.014187e+07,0.383995,8.908774e+08,1.6501928682400204e-05,0.0,53633931.6933247,8187131.848458595,0.1526484,0.0427826171986438,0.04037707228995918,0.006163124749514033
893,0.78,0.05628369231669917,0.1100117,0.05628369,5.014187e+07,0.383995,8.908774e+08,3.4402700684972976e-13,0.0,67959102.00915338,7574275.572659684,0.1114534,0.05420949303224507,0.051158382605824365,0.005701777631721814
894,0.78,0.05628369231669917,0.1100117,0.05628369,5.014187e+07,0.383995,8.908774e+08,0.0,0.0,82843170.15974429,9902201.189469405,0.1195295,0.0660821894753535,0.06236283985530891,0.007454197923657004
895,0.78,0.05628369231669917,0.1100117,0.05628369,5.014187e+07,0.383995,8.908774e+08,0.00016346774950637286,0.0,192670214.25067058,26436332.198538594,0.1372103,0.1536888264876737,0.1450626119923158,0.019900792643257986
896,0.78,0.05628369231669917,0.1100117,0.05628369,5.014187e+07,0.383995,8.908774e+08,0.0016074859944612077,0.0,187857671.5648746,22085518.9188785,0.1175652,0.14984996618081003,0.1416514724946238,0.016625579112962162
897,0.78,0.05628369231669917,0.1100117,0.05628369,5.014187e+07,0.383995,8.908774e+08,0.0,0.0,136422000.79203272,23362189.844001338,0.1712494,0.10882085375972965,0.10269601430907652,0.017586633890294336
898,0.78,0.05628369231669917,0.1100117,0.05628369,5.014187e+07,0.383995,8.908774e+08,0.01908465406989536,1.8982973047766828e-05,55476466.53295716,5760952.586091414,0.103845,0.04425236704226697,0.044558995132597985,0.004337809322435398
899,0.78,0.05628369231669917,0.1100117,0.05628369,5.014187e+07,0.383995,8.908774e+08,1.5894582683698157e-06,0.0,39743652.63225198,4115687.2154128677,0.1035558,0.03170264463108777,0.02991853570835347,0.0030982148825837155
900,0.78,0.05628369231669917,0.1100117,0.05628369,5.014187e+07,0.383995,8.908774e+08,0.025551723425899547,0.02578486512346502,23185.635347526655,2906.01656124232,0.1253369,1.8494675483655338e-05,0.0037626728604675808,0.0014534550117338756
901,0.78,0.05628369231669917,0.1100117,0.05628369,5.014187e+07,0.383995,8.908774e+08,0.0,0.0,368990992.50959,44503295.017237894,0.1206081,0.2943360645747739,0.27776974407853927,0.033501275420073084
902,0.78,0.05628369231669917,0.1100117,0.05628369,5.014187e+07,0.383995,8.908774e+08,1.006031210594784e-06,0.0,256423331.8802665,33487037.556398347,0.1305928,0.2045432975408667,0.19303099297468465,0.025208436088714144
903,0.78,0.05628369231669917,0.1100117,0.05628369,5.014187e+07,0.383995,8.908774e+08,1.460704146234928e-05,0.0,71252658.61998671,12604303.540342113,0.1768959,0.05683669128631009,0.05363985345461867,0.009488291692101566
904,0.78,0.05628369231669917,0.1100117,0.05628369,5.014187e+07,0.383995,8.908774e+08,0.014878714644515276,0.0056435665690313256,46623.29115767514,5845.461547842873,0.1253764,3.7190382192099984e-05,0.0022159303703874335,0.0003220411220484211
905,0.78,0.05628369231669917,0.1100117,0.05628369,5.014187e+07,0.383995,8.908774e+08,0.0,0.0,543519946.8536721,74820561.01100872,0.1376593,0.4335540038166171,0.4091519836631296,0.05632356481791485
906,0.78,0.05628369231669917,0.1100117,0.05628369,5.014187e+07,0.383995,8.908774e+08,0.0,0.0,102924400.60670732,14794156.29754397,0.1437381,0.08210054889756789,0.07747962686438506,0.01113677323307532
907,0.78,0.05628369231669917,0.1100117,0.05628369,5.014187e+07,0.383995,8.908774e+08,0.0,0.0,168016347.47423422,25107240.670180682,0.1494333,0.1340229748250794,0.12647966694665594,0.018900276584104217
908,0.78,0.05628369231669917,0.1100117,0.05628369,5.014187e+07,0.383995,8.908774e+08,0.0,0.0,407407900.49894756,48336915.78575771,0.118645,0.3249803939493583,0.30668929744735296,0.03638715578404497
909,0.78,0.05628369231669917,0.1100117,0.05628369,5.014187e+07,0.383995,8.908774e+08,0.0,0.0,213802258.59101284,30224747.09270896,0.1413678,0.17054539722738984,0.16094647256381422,0.022752642842798234
910,0.78,0.05628369231669917,0.1100117,0.05628369,5.014187e+07,0.383995,8.908774e+08,0.0619333690631876,0.02673752881303389,334258.9574498807,41935.86737033646,0.1254592,0.000266631077944559,0.009329447731143461,0.0015364554073541779
911,0.78,0.05628369231669917,0.1100117,0.05628369,5.014187e+07,0.383995,8.908774e+08,0.06204645243037567,2.555845805937554e-05,26994192.499941725,4536445.541997911,0.1680526,0.02153267843414965,0.029415138506269325,0.0034163926636676875
912,0.78,0.05628369231669917,0.1100117,0.05628369,5.014187e+07,0.383995,8.908774e+08,0.0,0.0,528896547.6955749,64889539.394138195,0.1226885,0.42188923734189465,0.3981437533156166,0.04884767139787459
913,0.78,0.05628369231669917,0.1100117,0.05628369,5.014187e+07,0.383995,8.908774e+08,0.00040500689730742163,0.0,148328841.63690197,27379986.579696488,0.1845898,0.11831868093421254,0.1117186321952232,0.020611158590594786
914,0.78,0.05628369231669917,0.1100117,0.05628369,5.014187e+07,0.383995,8.908774e+08,1.0134613381760913e-07,0.0,339853197.94939727,62340764.73855107,0.1834344,0.2710934815433941,0.2558353542938544,0.0469289999447282
915,0.78,0.05628369231669917,0.1100117,0.05628369,5.014187e+07,0.383995,8.908774e+08,0.04881500010069788,0.0033655536102483565,3699186.2410926213,419532.494404041,0.1134121,0.002950760160640114,0.009939691882964332,0.0005052422562786074
916,0.78,0.05628369231669917,0.1100117,0.05628369,5.014187e+07,0.383995,8.908774e+08,0.0,0.0,390114852.61361885,56978576.88804991,0.1460559,0.31118610692773546,0.2936714038321834,0.04289244193336685
917,0.78,0.05628369231669917,0.1100117,0.05628369,5.014187e+07,0.383995,8.908774e+08,0.0,0.0,38584083.66951433,7083031.163623078,0.1835739,0.03077768176743092,0.029045400196611556,0.005331977727257845
918,0.78,0.05628369231669917,0.1100117,0.05628369,5.014187e+07,0.383995,8.908774e+08,0.0,0.0,171973236.16587442,23299729.073248588,0.1354846,0.1371792986083152,0.12945834117322422,0.01753961455199304
919,0.78,0.05628369231669917,0.1100117,0.05628369,5.014187e+07,0.383995,8.908774e+08,0.0007216598854613453,0.0,180550516.09752944,26830168.280280355,0.148602,0.14402120768221735,0.13602093894128106,0.02019726532106044
920,0.78,0.05628369231669917,0.1100117,0.05628369,5.014187e+07,0.383995,8.908774e+08,0.0013182105557726287,4.774885502982815e-07,90410068.60915944,9494397.623123838,0.1050148,0.07211813928401972,0.0682522795586263,0.0071472376509366
921,0.78,0.05628369231669917,0.1100117,0.05628369,5.014187e+07,0.383995,8.908774e+08,0.004054495250990796,0.0,29569470.403281007,3878173.874899038,0.1311547,0.023586921433687257,0.02285364612271346,0.002919419136484166
922,0.78,0.05628369231669917,0.1100117,0.05628369,5.014187e+07,0.383995,8.908774e+08,0.00032675618872432175,0.0,11933779.262560101,2562024.54930059,0.2146868,0.009519315362568632,0.009031427117781916,0.001928645733442027
923,0.78,0.05628369231669917,0.1100117,0.05628369,5.014187e+07,0.383995,8.908774e+08,0.0,0.0,79739954.96836723,9616996.608909713,0.1206045,0.0636068224189752,0.06002679559670268,0.007239501074790067
924,0.78,0.05628369231669917,0.1100117,0.05628369,5.014187e+07,0.383995,8.908774e+08,0.0,0.0,112280075.95421793,14018319.086517463,0.1248514,0.08956336701271181,0.08452241002092073,0.01055273701558462
925,0.78,0.05628369231669917,0.1100117,0.05628369,5.014187e+07,0.383995,8.908774e+08,0.0020472138877007627,0.0,14623444.639884979,2131105.5436022985,0.1457321,0.0116648027545522,0.011308332979789514,0.0016042577013187708
926,0.78,0.05628369231669917,0.1100117,0.05628369,5.014187e+07,0.383995,8.908774e+08,0.0008834409101211009,3.793506336595226e-08,134359720.31018832,14556281.975710155,0.1083381,0.10717581761142944,0.1012730563656529,0.010957707881893708
927,0.78,0.05628369231669917,0.1100117,0.05628369,5.014187e+07,0.383995,8.908774e+08,0.0656628308528131,5.266987187670402e-05,42339272.29665671,5506976.142687436,0.1300678,0.03377311380963805,0.0414967041507993,0.0041485164733480575
928,0.78,0.05628369231669917,0.1100117,0.05628369,5.014187e+07,0.383995,8.908774e+08,0.0,0.0,273653752.15591145,36676305.43626463,0.1340245,0.21828762788456993,0.20600159420017267,0.027609259254513616
929,0.78,0.05628369231669917,0.1100117,0.05628369,5.014187e+07,0.383995,8.908774e+08,0.0,0.0,332671744.0366875,53165287.27206658,0.1598131,0.2653649924325463,0.2504292708468497,0.04002186649323192
930,0.78,0.05628369231669917,0.1100117,0.05628369,5.014187e+07,0.383995,8.908774e+08,0.0,0.0,294514752.8662596,33223989.72743146,0.1128093,0.2349279930339058,0.22170537815740582,0.025010418441628497
931,0.78,0.05628369231669917,0.1100117,0.05628369,5.014187e+07,0.383995,8.908774e+08,5.353314815569681e-10,0.0,121302375.23600695,17313566.449993346,0.1427306,0.09676025831338107,0.09131423378445211,0.013033339619466306
932,0.78,0.05628369231669917,0.1100117,0.05628369,5.014187e+07,0.383995,8.908774e+08,0.0,0.0,144209595.073495,17176484.767626625,0.1191078,0.11503284781877446,0.1085583744058289,0.012930147008801508
933,0.78,0.05628369231669917,0.1100117,0.05628369,5.014187e+07,0.383995,8.908774e+08,0.0006222090580216693,0.0,177894409.64784387,28988551.840585377,0.1629537,0.14190248951466802,0.1340068931463909,0.021822057419891065
934,0.78,0.05628369231669917,0.1100117,0.05628369,5.014187e+07,0.383995,8.908774e+08,0.0,0.0,202031757.8361971,30540361.53844208,0.1511661,0.1611563255682576,0.152085852525084,0.022990231688050332
935,0.78,0.05628369231669917,0.1100117,0.05628369,5.014187e+07,0.383995,8.908774e+08,0.0,0.0,207496983.22896424,34445391.638941795,0.1660043,0.16551581663111706,0.15619997533430408,0.025929867705334973
936,0.78,0.05628369231669917,0.1100117,0.05628369,5.014187e+07,0.383995,8.908774e+08,0.028231137675557277,1.098586722648527e-07,69047191.96165046,10965501.761653785,0.1588117,0.055077438648866106,0.056115428722624656,0.008254637542439103
937,0.78,0.05628369231669917,0.1100117,0.05628369,5.014187e+07,0.383995,8.908774e+08,0.008239303217766709,0.0,106854630.91418195,13731921.049474934,0.1285103,0.08523560786935165,0.08164590103720903,0.010337141754267145
938,0.78,0.05628369231669917,0.1100117,0.05628369,5.014187e+07,0.383995,8.908774e+08,0.0,0.0,362540751.7245099,47633502.81123691,0.131388,0.28919084822320984,0.27291411950100947,0.03585763922163433
939,0.78,0.05628369231669917,0.1100117,0.05628369,5.014187e+07,0.383995,8.908774e+08,5.839988978881215e-08,0.0,336719842.2346909,57246991.91046616,0.1700137,0.26859407204912145,0.25347661449972675,0.04309449990658813
940,0.78,0.05628369231669917,0.1100117,0.05628369,5.014187e+07,0.383995,8.908774e+08,0.0269602260182968,8.249169773144015e-10,46834179.77564737,7875098.57706461,0.1681485,0.037358603441771665,0.039207592338291575,0.005928231793950021
941,0.78,0.05628369231669917,0.1100117,0.05628369,5.014187e+07,0.383995,8.908774e+08,6.599781021567884e-08,0.0,207135892.89193916,35560239.11277651,0.1716759,0.16522778274705638,0.1559281627343158,0.026769104715939306
942,0.78,0.05628369231669917,0.1100117,0.05628369,5.014187e+07,0.383995,8.908774e+08,2.6199654101736374e-07,0.0,232775231.7044413,37943546.78660355,0.1630051,0.1856797239531144,0.17522902190257716,0.02856321561853038
943,0.78,0.05628369231669917,0.1100117,0.05628369,5.014187e+07,0.383995,8.908774e+08,1.2908509529574118e-05,0.0,147693093.67217028,21362183.752754413,0.144639,0.1178115586526417,0.11118258118637782,0.016081065485106943
944,0.78,0.05628369231669917,0.1100117,0.05628369,5.014187e+07,0.383995,8.908774e+08,4.894906850780053e-05,0.0,59034363.74927282,7549239.784422027,0.1278787,0.04709042403029678,0.04444717575545899,0.005682931143236332
945,0.78,0.05628369231669917,0.1100117,0.05628369,5.014187e+07,0.383995,8.908774e+08,0.0,0.0,201325298.30293787,33442224.622451663,0.1661104,0.1605927982111624,0.1515540425683676,0.025174701722709386
946,0.78,0.05628369231669917,0.1100117,0.05628369,5.014187e+07,0.383995,8.908774e+08,0.010118546159997134,0.0009555646320599241,100335.9694292557,10477.90733774749,0.1044282,8.003581381823134e-05,0.0015586472139319392,6.167028483708157e-05
947,0.78,0.05628369231669917,0.1100117,0.05628369,5.014187e+07,0.383995,8.908774e+08,0.005644810080499404,0.0,102132646.2167867,16210396.56829781,0.158719,0.0814689836941626,0.0777109910573808,0.012202893288975577
948,0.78,0.05628369231669917,0.1100117,0.05628369,5.014187e+07,0.383995,8.908774e+08,0.0,0.0,135750284.0628056,16933437.06305002,0.1247396,0.10828503997943903,0.10219035810673482,0.012747185093552682
949,0.78,0.05628369231669917,0.1100117,0.05628369,5.014187e+07,0.383995,8.908774e+08,1.4806144602184727e-06,0.0,200511884.80575702,24501756.241253767,0.122196,0.15994395601042496,0.15094193662205022,0.018444478859279818
950,0.78,0.05628369231669917,0.1100117,0.05628369,5.014187e+07,0.383995,8.908774e+08,0.006730749122714777,0.0,31662736.197550017,4161054.7440026402,0.131418,0.025256673889712634,0.024821688066576506,0.003132366737403124
951,0.78,0.05628369231669917,0.1100117,0.05628369,5.014187e+07,0.383995,8.908774e+08,0.0,0.0,27556544.59952784,3332834.487412975,0.1209453,0.02198125443534631,0.0207440682739722,0.002508897510826829
952,0.78,0.05628369231669917,0.1100117,0.05628369,5.014187e+07,0.383995,8.908774e+08,0.0,0.0,232365020.01756248,40592463.15234468,0.1746927,0.18535250703993908,0.17492018356357436,0.030557271939507497
953,0.78,0.05628369231669917,0.1100117,0.05628369,5.014187e+07,0.383995,8.908774e+08,0.006659869768211272,0.0,106230242.20364217,25663121.35874156,0.2415802,0.08473754661702876,0.0809443685817864,0.019318733510517522
954,0.78,0.05628369231669917,0.1100117,0.05628369,5.014187e+07,0.383995,8.908774e+08,0.0,0.0,402625792.2578608,48919103.01203999,0.1215002,0.32116581053506127,0.3030894128722626,0.03682541579616713
955,0.78,0.05628369231669917,0.1100117,0.05628369,5.014187e+07,0.383995,8.908774e+08,0.0,0.0,150752863.30918375,17853707.2859709,0.1184303,0.12025227013814095,0.11348402836530125,0.013439947869590338
956,0.78,0.05628369231669917,0.1100117,0.05628369,5.014187e+07,0.383995,8.908774e+08,6.300016937900776e-07,0.0,286516936.13823265,51076989.601592794,0.1782687,0.2285483091155875,0.2156848587477125,0.03844983378440574
957,0.78,0.05628369231669917,0.1100117,0.05628369,5.014187e+07,0.383995,8.908774e+08,0.00011133135793690187,0.0,182162076.40502635,25302171.393305056,0.1388992,0.14530671418064828,0.1371446340742034,0.019047016906156646
958,0.78,0.05628369231669917,0.1100117,0.05628369,5.014187e+07,0.383995,8.908774e+08,0.0,0.0,60703264.78516345,7068041.189050978,0.1164359,0.04842166997678433,0.04569631960235025,0.005320693545570055
959,0.78,0.05628369231669917,0.1100117,0.05628369,5.014187e+07,0.383995,8.908774e+08,0.0,0.0,88040502.4882282,11172296.136484262,0.1268995,0.0702279880853655,0.06627529761194798,0.00841030242362957
960,0.78,0.05628369231669917,0.1100117,0.05628369,5.014187e+07,0.383995,8.908774e+08,0.0,0.0,99287278.09728147,14570172.003707623,0.1467476,0.07919929562165517,0.07474166683518664,0.010968161908572818
961,0.78,0.05628369231669917,0.1100117,0.05628369,5.014187e+07,0.383995,8.908774e+08,1.6277836086889233e-05,0.0,12396125.106097274,2591619.1068405076,0.2090669,0.009888118555117292,0.009333964640841675,0.0019509239809896736
962,0.78,0.05628369231669917,0.1100117,0.05628369,5.014187e+07,0.383995,8.908774e+08,0.0,0.0,290248888.2338178,48700100.97026172,0.1677874,0.23152520588351488,0.2184941124320067,0.036660555020884535
963,0.78,0.05628369231669917,0.1100117,0.05628369,5.014187e+07,0.383995,8.908774e+08,0.01751123908274374,5.753211217613578e-49,83277150.00234376,11015604.358160803,0.1322764,0.06642836572780549,0.06525622495222629,0.00829234768747707
964,0.78,0.05628369231669917,0.1100117,0.05628369,5.014187e+07,0.383995,8.908774e+08,1.6286908651656898e-09,0.0,198176109.05450475,24896929.0488985,0.1256303,0.15808075865247073,0.1491833901100085,0.018741957800160528
965,0.78,0.05628369231669917,0.1100117,0.05628369,5.014187e+07,0.383995,8.908774e+08,0.0,0.0,160480395.19870937,25036177.862460498,0.1560077,0.1280117101041834,0.12080673839974508,0.018846781787985517
966,0.78,0.05628369231669917,0.1100117,0.05628369,5.014187e+07,0.383995,8.908774e+08,0.0,0.0,19160054.012304936,2474662.7503478527,0.1291574,0.01528355707727844,0.014423342053236192,0.001862881351573784
967,0.78,0.05628369231669917,0.1100117,0.05628369,5.014187e+07,0.383995,8.908774e+08,0.0,0.0,120658117.4258095,13081844.891785283,0.1084208,0.0962463479137386,0.09082924808115576,0.009847776182698833
968,0.78,0.05628369231669917,0.1100117,0.05628369,5.014187e+07,0.383995,8.908774e+08,0.00825803289439857,0.0,84923454.40833358,12726879.498736842,0.149863,0.0677415868356041,0.0651392533849336,0.009580564656170198
969,0.78,0.05628369231669917,0.1100117,0.05628369,5.014187e+07,0.383995,8.908774e+08,2.945784211070121e-05,0.0,182481672.36698246,36715097.79823915,0.2011988,0.145561648906985,0.1373732196014926,0.02763846144285046
970,0.78,0.05628369231669917,0.1100117,0.05628369,5.014187e+07,0.383995,8.908774e+08,0.0,0.0,243026326.76083404,36816173.736195445,0.1514905,0.19385679883496845,0.18294582241584084,0.027714549580470486
971,0.78,0.05628369231669917,0.1100117,0.05628369,5.014187e+07,0.383995,8.908774e+08,2.403320562284481e-05,0.0,264035180.876449,38494751.297386356,0.145794,0.21061510342001855,0.1987644303857326,0.028978152402904855
972,0.78,0.05628369231669917,0.1100117,0.05628369,5.014187e+07,0.383995,8.908774e+08,0.0005817605132143655,0.0,32469510.119504154,4649919.774780574,0.1432088,0.025900219846145066,0.02452773082561856,0.0035003754889571465
973,0.78,0.05628369231669917,0.1100117,0.05628369,5.014187e+07,0.383995,8.908774e+08,0.0,0.0,230129620.084876,28336849.300654586,0.1231343,0.18356937728258993,0.17323741493284858,0.021331467537193033
974,0.78,0.05628369231669917,0.1100117,0.05628369,5.014187e+07,0.383995,8.908774e+08,0.0,0.0,194844790.7772792,32265715.76013837,0.165597,0.155423438740958,0.14667563373605857,0.02428904713431885
975,0.78,0.05628369231669917,0.1100117,0.05628369,5.014187e+07,0.383995,8.908774e+08,1.529072047097273e-07,0.0,299198372.9309151,42497762.81276743,0.1420387,0.2386640145785464,0.2252311450271649,0.031991547056818934
976,0.78,0.05628369231669917,0.1100117,0.05628369,5.014187e+07,0.383995,8.908774e+08,4.075068354089149e-08,0.0,360932675.3619563,47945289.61960812,0.1328372,0.2879081207916522,0.2717035946785278,0.03609234669072271
977,0.78,0.05628369231669917,0.1100117,0.05628369,5.014187e+07,0.383995,8.908774e+08,0.0,0.0,427382727.07977587,55894455.17111917,0.1307831,0.3409138773289337,0.32172598555085913,0.04207633471672792
978,0.78,0.05628369231669917,0.1100117,0.05628369,5.014187e+07,0.383995,8.908774e+08,0.0,0.0,40136741.52438753,5400815.0387399895,0.1345604,0.03201620306445854,0.0302142129420296,0.004065635859897971
979,0.78,0.05628369231669917,0.1100117,0.05628369,5.014187e+07,0.383995,8.908774e+08,1.9183778813199494e-07,0.0,152255460.23059064,21737801.075692154,0.1427719,0.12145085892070476,0.11461518426405112,0.016363823410860838
980,0.78,0.05628369231669917,0.1100117,0.05628369,5.014187e+07,0.383995,8.908774e+08,0.0,0.0,136080704.73652852,18019743.856273055,0.1324195,0.10854860934219311,0.10243909281257156,0.01356493719609621
981,0.78,0.05628369231669917,0.1100117,0.05628369,5.014187e+07,0.383995,8.908774e+08,0.007995028177228669,0.0020297261234002864,10653.095267518074,976.5100575092854,0.09166444,8.497741679967769e-06,0.0011798829753336512,0.00011497557972276007
982,0.78,0.05628369231669917,0.1100117,0.05628369,5.014187e+07,0.383995,8.908774e+08,5.334719106556102e-09,0.0,231876361.57685268,25303867.830943774,0.1091266,0.18496271486267873,0.1745523311112177,0.019048293953722355
983,0.78,0.05628369231669917,0.1100117,0.05628369,5.014187e+07,0.383995,8.908774e+08,0.0,0.0,243372948.18725237,32177041.708838265,0.1322129,0.1941332911847014,0.18320675275523352,0.024222294912622278
984,0.78,0.05628369231669917,0.1100117,0.05628369,5.014187e+07,0.383995,8.908774e+08,5.466430304725431e-05,0.0,169313487.55215228,25708815.48623417,0.1518415,0.13505767516597375,0.12746414289924146,0.019353131223082784
985,0.78,0.05628369231669917,0.1100117,0.05628369,5.014187e+07,0.383995,8.908774e+08,0.0,0.0,45159719.01702384,6082385.78873054,0.1346861,0.03602292262575464,0.03399541953233841,0.004578709990810186
986,0.78,0.05628369231669917,0.1100117,0.05628369,5.014187e+07,0.383995,8.908774e+08,0.0004824070597247648,0.0,114467079.24772777,17321303.795451067,0.1513213,0.09130789182684267,0.08623945488510652,0.013039164153157553
987,0.78,0.05628369231669917,0.1100117,0.05628369,5.014187e+07,0.383995,8.908774e+08,0.006590741332848699,0.0,34554516.1423164,4927209.80227215,0.1425924,0.027563383662679984,0.02697804619011041,0.003709114405449435
988,0.78,0.05628369231669917,0.1100117,0.05628369,5.014187e+07,0.383995,8.908774e+08,9.430829715829568e-05,0.0,149567717.72265655,17839153.12855171,0.1192714,0.11930690535968363,0.1126056953545513,0.013428991763171284
989,0.78,0.05628369231669917,0.1100117,0.05628369,5.014187e+07,0.383995,8.908774e+08,0.005684158855549606,0.0,19490606.465984706,2499465.570177918,0.1282395,0.015547231558029105,0.015505326044078553,0.0018815524656564516
990,0.78,0.05628369231669917,0.1100117,0.05628369,5.014187e+07,0.383995,8.908774e+08,0.0010825375646406313,0.0,162386845.87347052,19146850.384698573,0.1179089,0.12953244421505886,0.12240055187574579,0.014413402601229022
991,0.78,0.05628369231669917,0.1100117,0.05628369,5.014187e+07,0.383995,8.908774e+08,0.0,0.0,477312157.205169,56917127.9473595,0.1192451,0.38074149444668065,0.3593119573210435,0.042846184282432385
992,0.78,0.05628369231669917,0.1100117,0.05628369,5.014187e+07,0.383995,8.908774e+08,0.01565116881064621,3.3868629839554496e-05,70168879.14965695,6926913.819587567,0.09871775,0.05597218404727362,0.05511591778414927,0.0052163616663868165
993,0.78,0.05628369231669917,0.1100117,0.05628369,5.014187e+07,0.383995,8.908774e+08,0.0,0.0,317380111.2735197,54289695.75447437,0.1710558,0.25316719058968284,0.23891800632985002,0.0408683008581305
994,0.78,0.05628369231669917,0.1100117,0.05628369,5.014187e+07,0.383995,8.908774e+08,0.022480216664669882,1.1652401001094024e-08,59608089.573046274,7959971.667473531,0.1335384,0.04754807260314103,0.04816690751700903,0.0059921233304582365
995,0.78,0.05628369231669917,0.1100117,0.05628369,5.014187e+07,0.383995,8.908774e+08,0.005290047756882975,0.0,115837551.67094857,20401930.21134686,0.1761254,0.09240108777971834,0.08797579701594622,0.015358203990214613
996,0.78,0.05628369231669917,0.1100117,0.05628369,5.014187e+07,0.383995,8.908774e+08,0.0,0.0,29922166.813721668,3095165.270423802,0.1034405,0.023868259665638963,0.02252486588248306,0.002329984423736462
997,0.78,0.05628369231669917,0.1100117,0.05628369,5.014187e+07,0.383995,8.908774e+08,0.009797587340612507,0.0,75591439.67160387,12328499.890381059,0.1630939,0.06029764227348467,0.05833994021122931,0.009280671693725543
998,0.78,0.05628369231669917,0.1100117,0.05628369,5.014187e+07,0.383995,8.908774e+08,0.0001666568218050053,0.0,110934605.07195808,12647768.345920024,0.114011,0.08849011424361061,0.08353399144282851,0.00952101121145809
999,0.78,0.05628369231669917,0.1100117,0.05628369,5.014187e+07,0.383995,8.908774e+08,0.0007713964927507812,0.0,84968350.66318385,11883743.541407567,0.1398608,0.06777739959861195,0.06407570398798786,0.00894586715990359
1000,0.78,0.05628369231669917,0.1100117,0.05628369,5.014187e+07,0.383995,8.908774e+08,0.009786418833658515,0.0,81109385.89315762,12650983.89337915,0.1559744,0.06469918759127495,0.06249211329353655,0.009523431817415755
1001,0.78,0.05628369231669917,0.1100117,0.05628369,5.014187e+07,0.383995,8.908774e+08,2.7453234006466297e-05,0.0,4556871.455028816,431862.3553036699,0.09477168,0.00363491694397241,0.003434354328307889,0.00032509816864089943
1002,0.78,0.05628369231669917,0.1100117,0.05628369,5.014187e+07,0.383995,8.908774e+08,0.0007986378393358187,0.0,86255683.01039182,11221263.729934365,0.130093,0.06880427652669076,0.06504877736501259,0.008447164342150315
1003,0.78,0.05628369231669917,0.1100117,0.05628369,5.014187e+07,0.383995,8.908774e+08,1.0798976689699529e-05,0.0,192748405.4400785,27389779.54604376,0.1421012,0.153751197893594,0.1450990956275847,0.020618530558505304
1004,0.78,0.05628369231669917,0.1100117,0.05628369,5.014187e+07,0.383995,8.908774e+08,0.0,0.0,397721829.68370706,61196388.75917951,0.1538673,0.317254026577731,0.2993977985595961,0.046067534409329244
1005,0.78,0.05628369231669917,0.1100117,0.05628369,5.014187e+07,0.383995,8.908774e+08,0.0,0.0,49826999.60109836,9083202.674084833,0.1822948,0.03974591052320865,0.03750886392447332,0.006837670657037716
1006,0.78,0.05628369231669917,0.1100117,0.05628369,5.014187e+07,0.383995,8.908774e+08,0.005731530925280794,1.442409495028823e-06,72557149.35450786,8083801.168041991,0.1114129,0.057877255085609966,0.055459803066951203,0.006085420466690613
1007,0.78,0.05628369231669917,0.1100117,0.05628369,5.014187e+07,0.383995,8.908774e+08,0.00021035627558724503,0.0,133784918.73029917,17613818.277041037,0.1316577,0.1067173109314011,0.10074169940559566,0.013259363763283266
1008,0.78,0.05628369231669917,0.1100117,0.05628369,5.014187e+07,0.383995,8.908774e+08,0.00015315427172132731,1.5364593020486688e-08,1356185.7199934938,204296.74371248172,0.1506407,0.0010817997613993698,0.0010433605156438203,0.00015379175769496403
1009,0.78,0.05628369231669917,0.1100117,0.05628369,5.014187e+07,0.383995,8.908774e+08,0.0009159304658207965,0.0,127322583.6332288,17336892.423917852,0.1361651,0.10156244721101991,0.09598038930290477,0.013050898990667555
1010,0.78,0.05628369231669917,0.1100117,0.05628369,5.014187e+07,0.383995,8.908774e+08,3.1849855630951394e-06,0.0,252527747.58119065,38395090.14466468,0.1520431,0.20143587493412254,0.19009878696396199,0.028903129290015855
1011,0.78,0.05628369231669917,0.1100117,0.05628369,5.014187e+07,0.383995,8.908774e+08,6.246193984793487e-05,0.0,250463724.67152318,35351971.70642547,0.1411461,0.19978944888916184,0.18855371631814738,0.02661232478001574
1012,0.78,0.05628369231669917,0.1100117,0.05628369,5.014187e+07,0.383995,8.908774e+08,6.196283201768303e-13,0.0,393075063.0391313,51883767.1043277,0.1319946,0.31354740220226957,0.2958997966901075,0.03905716129378166
1013,0.78,0.05628369231669917,0.1100117,0.05628369,5.014187e+07,0.383995,8.908774e+08,0.01422654188399064,8.232006629486443e-07,43604255.759557374,6107532.50147988,0.1400673,0.03478216352028288,0.03490973653958472,0.004597686314034255
1014,0.78,0.05628369231669917,0.1100117,0.05628369,5.014187e+07,0.383995,8.908774e+08,0.000906877260076142,0.0,20159465.489330035,2813115.645127233,0.1395432,0.01608076580868341,0.015308605590460647,0.0021176625681181577
1015,0.78,0.05628369231669917,0.1100117,0.05628369,5.014187e+07,0.383995,8.908774e+08,0.014715065056692561,0.0,83617073.40726265,13901848.048702715,0.1662561,0.06669951521191678,0.06510226664031592,0.010465059725289995
1016,0.78,0.05628369231669917,0.1100117,0.05628369,5.014187e+07,0.383995,8.908774e+08,0.0,0.0,22462480.483639233,3427065.211276609,0.1525684,0.017917830625554368,0.01690934895964294,0.00257983269510848
1017,0.78,0.05628369231669917,0.1100117,0.05628369,5.014187e+07,0.383995,8.908774e+08,0.0,0.0,115563506.99515508,18996189.98384274,0.1643788,0.09218248832057672,0.08699411751095368,0.01429998817692595
1018,0.78,0.05628369231669917,0.1100117,0.05628369,5.014187e+07,0.383995,8.908774e+08,0.0,0.0,31272251.344750244,4579281.634683726,0.1464327,0.02494519264170857,0.023541185094281856,0.0034472003749430134
1019,0.78,0.05628369231669917,0.1100117,0.05628369,5.014187e+07,0.383995,8.908774e+08,0.00010293975551821641,2.404567939510262e-09,51532073.59321168,5853506.097050772,0.1135896,0.041106010847702046,0.03880750107582878,0.004406413634707338
1020,0.78,0.05628369231669917,0.1100117,0.05628369,5.014187e+07,0.383995,8.908774e+08,5.069329123277783e-11,0.0,262929732.30298448,34787316.68955494,0.1323065,0.20973331121015887,0.19792874606087413,0.02618726269797937
1021,0.78,0.05628369231669917,0.1100117,0.05628369,5.014187e+07,0.383995,8.908774e+08,3.436152124913112e-09,0.0,361281616.06149375,55081092.87360142,0.1524603,0.28818646317495344,0.2719662654554273,0.041464050292959055
1022,0.78,0.05628369231669917,0.1100117,0.05628369,5.014187e+07,0.383995,8.908774e+08,0.02833742690755903,1.9178656320484025e-82,63445831.793366045,12742827.06143469,0.2008458,0.050609355845582286,0.05191440535840622,0.00959256969287619
1023,0.78,0.05628369231669917,0.1100117,0.05628369,5.014187e+07,0.383995,8.908774e+08,0.0,0.0,375523078.2027574,53466035.483353764,0.1423775,0.29954656682393677,0.28268698002229475,0.040248264306124736
1024,0.78,0.05628369231669917,0.1100117,0.05628369,5.014187e+07,0.383995,8.908774e+08,0.012513319438991232,0.0003360926995714728,6511309.469489516,735476.7857344408,0.1129537,0.005193929508802828,0.006735723665487317,0.0005725701575473932
1025,0.78,0.05628369231669917,0.1100117,0.05628369,5.014187e+07,0.383995,8.908774e+08,0.0007338350151364393,0.0,82614615.34302358,11515679.537073962,0.1393903,0.06589987628435758,0.062298349081039,0.008668795235754628
1026,0.78,0.05628369231669917,0.1100117,0.05628369,5.014187e+07,0.383995,8.908774e+08,2.078637372336013e-09,0.0,311867641.9482419,34323247.93633472,0.1100571,0.2487700140725643,0.23476831944755747,0.025837920135603744
1027,0.78,0.05628369231669917,0.1100117,0.05628369,5.014187e+07,0.383995,8.908774e+08,5.811900284565e-06,0.0,122390995.63878456,17461993.48523229,0.1426738,0.09762862705861823,0.09213457932560899,0.013145072806534786
1028,0.78,0.05628369231669917,0.1100117,0.05628369,5.014187e+07,0.383995,8.908774e+08,1.9336466671698923e-05,0.0,198430541.14677313,25026297.249706335,0.1261212,0.1582837135816154,0.14937775597153288,0.018839343841445425
1029,0.78,0.05628369231669917,0.1100117,0.05628369,5.014187e+07,0.383995,8.908774e+08,0.0003918089800105385,0.0,184763457.5116845,24800997.792970624,0.1342311,0.1473817791359887,0.13914401744808502,0.018669742486103702
1030,0.78,0.05628369231669917,0.1100117,0.05628369,5.014187e+07,0.383995,8.908774e+08,0.08384336091278903,0.05230815647578693,64110.58960524697,8038.967616385491,0.1253922,5.113961864932616e-05,0.012337520778918667,0.0029501477741328617
1031,0.78,0.05628369231669917,0.1100117,0.05628369,5.014187e+07,0.383995,8.908774e+08,0.0,0.0,303651680.87769693,41855794.90886785,0.1378415,0.2422163211713998,0.22858349227650596,0.03150828523202469
1032,0.78,0.05628369231669917,0.1100117,0.05628369,5.014187e+07,0.383995,8.908774e+08,8.40952147442062e-05,0.0,198653150.07556552,24651362.746416744,0.1240925,0.1584612838675303,0.14955482389693958,0.018557099929970382
1033,0.78,0.05628369231669917,0.1100117,0.05628369,5.014187e+07,0.383995,8.908774e+08,1.8629597331472943e-08,0.0,20353432.747440305,2462285.9127583466,0.1209764,0.01623548925876072,0.015321698707324761,0.0018535642921345906
1034,0.78,0.05628369231669917,0.1100117,0.05628369,5.014187e+07,0.383995,8.908774e+08,0.01744641998765251,0.014287682814001803,99853.70188123212,12523.222438652238,0.1254157,7.965111951663888e-05,0.002632360186424166,0.0008135907987273824
1035,0.78,0.05628369231669917,0.1100117,0.05628369,5.014187e+07,0.383995,8.908774e+08,0.10181614581570578,0.003830877304540426,18058175.332051665,1975114.6131325574,0.1093751,0.014404612493350245,0.028517470756742956,0.0017024464702639218
1036,0.78,0.05628369231669917,0.1100117,0.05628369,5.014187e+07,0.383995,8.908774e+08,0.012223038332795696,0.005574097738351051,34242.00042612007,4292.0511867491205,0.1253446,2.731409669391853e-05,0.00181735677332963,0.0003169617805383237
1037,0.78,0.05628369231669917,0.1100117,0.05628369,5.014187e+07,0.383995,8.908774e+08,0.0,0.0,341103227.38691866,48307346.063510135,0.1416209,0.2720906027542407,0.25677633898655583,0.036364896232056125
1038,0.78,0.05628369231669917,0.1100117,0.05628369,5.014187e+07,0.383995,8.908774e+08,1.6537835186321082e-08,0.0,253189073.41400215,31746302.272800766,0.1253858,0.20196340012303707,0.19059615667529484,0.023898042057291236
1039,0.78,0.05628369231669917,0.1100117,0.05628369,5.014187e+07,0.383995,8.908774e+08,0.0001059559090714627,0.0,181908933.6339308,25025993.17258404,0.1375743,0.1451047877148745,0.1369532848742845,0.018839114937688542
1040,0.78,0.05628369231669917,0.1100117,0.05628369,5.014187e+07,0.383995,8.908774e+08,0.0,0.0,129345665.76299617,20419062.884740904,0.1578643,0.1031762156890453,0.09736907731080169,0.015371101156813931
1041,0.78,0.05628369231669917,0.1100117,0.05628369,5.014187e+07,0.383995,8.908774e+08,0.0,0.0,123179612.06701551,17425986.29022043,0.1414681,0.0982576891784435,0.09272738363297414,0.01311796724150349
1042,0.78,0.05628369231669917,0.1100117,0.05628369,5.014187e+07,0.383995,8.908774e+08,2.8762480449719147e-08,0.0,74462124.26069133,10268893.493345328,0.1379076,0.05939681200808733,0.05605374433226406,0.007730237256515619
1043,0.78,0.05628369231669917,0.1100117,0.05628369,5.014187e+07,0.383995,8.908774e+08,0.0,0.0,388538718.3466348,52210677.52151265,0.134377,0.30992885900894385,0.29248491846841884,0.039303253541997485
1044,0.78,0.05628369231669917,0.1100117,0.05628369,5.014187e+07,0.383995,8.908774e+08,2.9569575444507147e-06,0.0,175620405.0273555,18758573.074717414,0.1068132,0.14008856564008454,0.13220429732770084,0.014121114466249229
1045,0.78,0.05628369231669917,0.1100117,0.05628369,5.014187e+07,0.383995,8.908774e+08,0.0,0.0,429475763.3888489,51061836.47115594,0.1188934,0.3425834467296249,0.3233015854211004,0.038438426781934466
1046,0.78,0.05628369231669917,0.1100117,0.05628369,5.014187e+07,0.383995,8.908774e+08,0.0009541246145342262,0.0,203030181.7008894,25351622.04654768,0.1248663,0.16195274650285107,0.15297729784086664,0.019084242463350606
1047,0.78,0.05628369231669917,0.1100117,0.05628369,5.014187e+07,0.383995,8.908774e+08,0.06597054755884067,0.0005347594126853565,17137685.889478598,2451106.4940805538,0.1430244,0.013670358147012666,0.022570509081001704,0.0018752468622377529
1048,0.78,0.05628369231669917,0.1100117,0.05628369,5.014187e+07,0.383995,8.908774e+08,4.268879617096334e-06,0.0,46623013.96128784,6918187.298927728,0.1483857,0.03719016107858933,0.03509758720213222,0.005207886247956613
1049,0.78,0.05628369231669917,0.1100117,0.05628369,5.014187e+07,0.383995,8.908774e+08,0.0,0.0,76995264.08052766,11689590.443430517,0.1518222,0.061417442377726776,0.05796064194806021,0.008799712219994756
1050,0.78,0.05628369231669917,0.1100117,0.05628369,5.014187e+07,0.383995,8.908774e+08,0.0,0.0,525118360.3158918,71887000.1341527,0.1368968,0.4188754596965417,0.39529960220396565,0.05411523325821712
1051,0.78,0.05628369231669917,0.1100117,0.05628369,5.014187e+07,0.383995,8.908774e+08,1.180571924391626e-11,0.0,352854783.5192716,41753416.63404693,0.1183303,0.28146456270134274,0.2656226978579365,0.03143121671877237
1052,0.78,0.05628369231669917,0.1100117,0.05628369,5.014187e+07,0.383995,8.908774e+08,0.0001538422747145846,0.0,229451323.39770356,31690636.201099437,0.1381149,0.183028314813399,0.17274935473973396,0.023856137645519082
1053,0.78,0.05628369231669917,0.1100117,0.05628369,5.014187e+07,0.383995,8.908774e+08,0.0,0.0,139914141.8216956,18036764.38275111,0.1289131,0.11160645847224673,0.10532483490303836,0.013577749940525925
1054,0.78,0.05628369231669917,0.1100117,0.05628369,5.014187e+07,0.383995,8.908774e+08,8.004268625037523e-07,0.0,208745923.1530437,35180309.78415834,0.1685317,0.1665120687608606,0.15714027203750003,0.026483100790313786
1055,0.78,0.05628369231669917,0.1100117,0.05628369,5.014187e+07,0.383995,8.908774e+08,0.014822211824157116,0.0,70305395.75742331,9046877.614596834,0.1286797,0.05608108036695276,0.05509718144880119,0.006810325809378984
1056,0.78,0.05628369231669917,0.1100117,0.05628369,5.014187e+07,0.383995,8.908774e+08,0.0,0.0,305033468.39448684,40888434.40182827,0.1340457,0.24331854292755803,0.22962367692247582,0.030780073741970258
1057,0.78,0.05628369231669917,0.1100117,0.05628369,5.014187e+07,0.383995,8.908774e+08,0.0,0.0,45753668.16029964,6214162.927811067,0.1358178,0.03649670289936068,0.03444253370279909,0.004677909437248837
1058,0.78,0.05628369231669917,0.1100117,0.05628369,5.014187e+07,0.383995,8.908774e+08,0.06209534067597558,0.0008637382278249122,21234486.48986791,2160998.0434314185,0.1017683,0.016938286607447433,0.02508650176281104,0.0016753746110889926
1059,0.78,0.05628369231669917,0.1100117,0.05628369,5.014187e+07,0.383995,8.908774e+08,3.5075830782549962e-06,0.0,194757460.7320953,31302519.107442725,0.1607256,0.15535377746916448,0.14661040737844835,0.02356397011849001
1060,0.78,0.05628369231669917,0.1100117,0.05628369,5.014187e+07,0.383995,8.908774e+08,0.0,0.0,194740715.64115715,22657917.065994117,0.1163492,0.15534042027544503,0.14659728785631515,0.017056470083373052
1061,0.78,0.05628369231669917,0.1100117,0.05628369,5.014187e+07,0.383995,8.908774e+08,0.05276474954535286,0.021606018513185003,1332421.4196514026,110655.22326682629,0.08304822,0.0010628434974740866,0.00873696484288904,0.0012993657484966052
1062,0.78,0.05628369231669917,0.1100117,0.05628369,5.014187e+07,0.383995,8.908774e+08,0.0,0.0,112804141.21136671,17382032.337814607,0.1540904,0.08998140243498713,0.08491691686611123,0.01308487950126363
1063,0.78,0.05628369231669917,0.1100117,0.05628369,5.014187e+07,0.383995,8.908774e+08,0.06792682507319014,3.0793549598026535e-05,22147668.64377181,4372138.469808064,0.1974085,0.017666712089034232,0.026628672950850637,0.0032929999223353813
1064,0.78,0.05628369231669917,0.1100117,0.05628369,5.014187e+07,0.383995,8.908774e+08,3.066219556944679e-05,0.0,72876021.59378012,9928074.236656757,0.1362324,0.05813161251415099,0.05486424500317336,0.007473674685533721
1065,0.78,0.05628369231669917,0.1100117,0.05628369,5.014187e+07,0.383995,8.908774e+08,2.7716602435574713e-07,0.0,226838170.24209774,28934590.52625449,0.1275561,0.1809438595514398,0.17075971165919235,0.021781436318628156
1066,0.78,0.05628369231669917,0.1100117,0.05628369,5.014187e+07,0.383995,8.908774e+08,0.0164683841525055,0.006091190829309387,267646.3099432407,24378.600755230942,0.09108514,0.00021349562229383204,0.002615316770341011,0.00036118648011644567
1067,0.78,0.05628369231669917,0.1100117,0.05628369,5.014187e+07,0.383995,8.908774e+08,5.141661542589767e-10,0.0,276291851.19811416,29814436.463421583,0.1079092,0.22039198193603163,0.20798750751103995,0.022443768423629596
1068,0.78,0.05628369231669917,0.1100117,0.05628369,5.014187e+07,0.383995,8.908774e+08,0.0,0.0,432471693.0336065,61430863.770806886,0.142046,0.34497323444607686,0.3255568670610174,0.04624404295640673
1069,0.78,0.05628369231669917,0.1100117,0.05628369,5.014187e+07,0.383995,8.908774e+08,0.0,0.0,250780038.29712456,36046197.022098206,0.1437363,0.200041765367398,0.18878267619497008,0.02713492503905118
1070,0.78,0.05628369231669917,0.1100117,0.05628369,5.014187e+07,0.383995,8.908774e+08,0.0,0.0,366226967.7241373,50040546.37988719,0.1366381,0.2921312623052005,0.2756890362215257,0.03766961807646371
1071,0.78,0.05628369231669917,0.1100117,0.05628369,5.014187e+07,0.383995,8.908774e+08,0.0,0.0,74859051.26510434,8370618.499580389,0.1118184,0.05971343201988706,0.05635253958490561,0.006301250181187286
1072,0.78,0.05628369231669917,0.1100117,0.05628369,5.014187e+07,0.383995,8.908774e+08,0.0,0.0,502834698.2632678,79690190.0173215,0.1584819,0.40110026863218773,0.37852486452434836,0.059989333441808214
1073,0.78,0.05628369231669917,0.1100117,0.05628369,5.014187e+07,0.383995,8.908774e+08,0.009021292823842354,4.125425422721682e-06,37130727.85322171,4300090.526635385,0.1158095,0.02961837154014045,0.029273627494800603,0.0032372625535734903
1074,0.78,0.05628369231669917,0.1100117,0.05628369,5.014187e+07,0.383995,8.908774e+08,0.016567203910459155,4.103098567730937e-06,57623179.109610416,6653092.899702386,0.1154586,0.04596475283057011,0.04580600870519428,0.005008558917340384
1075,0.78,0.05628369231669917,0.1100117,0.05628369,5.014187e+07,0.383995,8.908774e+08,0.012214290292603703,3.4691863758334842e-06,37871440.14981453,4314198.015198528,0.1139169,0.030209221579266022,0.030299232826096294,0.0032478454802013926
1076,0.78,0.05628369231669917,0.1100117,0.05628369,5.014187e+07,0.383995,8.908774e+08,0.006932877701137422,0.0,38258342.35342279,5919724.217514773,0.1547303,0.030517845026171445,0.029816367866338827,0.004456261302562483
1077,0.78,0.05628369231669917,0.1100117,0.05628369,5.014187e+07,0.383995,8.908774e+08,0.05156019074677189,9.553603638459967e-07,20464641.17006434,4032364.772235604,0.1970406,0.016324197791291843,0.022962796727100714,0.003035545025879683
1078,0.78,0.05628369231669917,0.1100117,0.05628369,5.014187e+07,0.383995,8.908774e+08,0.0,0.0,94986125.16303341,13538761.609660326,0.1425341,0.07576835976278617,0.07150383671455655,0.010191734822247623
1079,0.78,0.05628369231669917,0.1100117,0.05628369,5.014187e+07,0.383995,8.908774e+08,0.003130955249631148,0.0,84252119.00224781,9729415.882752318,0.1154798,0.06720607722846415,0.06388238779167454,0.007324128270463262
1080,0.78,0.05628369231669917,0.1100117,0.05628369,5.014187e+07,0.383995,8.908774e+08,8.524792807087322e-06,0.0,99610236.59561597,13399532.46101734,0.1345196,0.07945691256990164,0.07498603366363832,0.010086925637817924
1081,0.78,0.05628369231669917,0.1100117,0.05628369,5.014187e+07,0.383995,8.908774e+08,0.007476448918900037,0.0,63759718.304006994,7919250.543813607,0.1242046,0.050859736267166056,0.04909301578479098,0.005961468549375951
1082,0.78,0.05628369231669917,0.1100117,0.05628369,5.014187e+07,0.383995,8.908774e+08,0.0,0.0,260797670.74362516,42334141.06008919,0.1623256,0.20803261221871489,0.19632376868075757,0.03186837556133606
1083,0.78,0.05628369231669917,0.1100117,0.05628369,5.014187e+07,0.383995,8.908774e+08,7.667522535212715e-06,0.0,349823423.4587005,41260985.81671193,0.117948,0.2790465129151695,0.26334186869989973,0.031060523707603618
1084,0.78,0.05628369231669917,0.1100117,0.05628369,5.014187e+07,0.383995,8.908774e+08,0.0,0.0,318231429.73505014,39088389.40696676,0.1228301,0.25384626875352234,0.239558863467257,0.029425032432826265
1085,0.78,0.05628369231669917,0.1100117,0.05628369,5.014187e+07,0.383995,8.908774e+08,0.05043194838649238,0.0023329068809658693,5119000.471902572,670152.7184419999,0.1309148,0.00408331499695634,0.01124550498153887,0.0006357834564075517
1086,0.78,0.05628369231669917,0.1100117,0.05628369,5.014187e+07,0.383995,8.908774e+08,7.744304960700482e-06,0.0,54809792.51752699,5268034.641253534,0.09611484,0.04372057572475702,0.04126095540676096,0.003965681178680377
1087,0.78,0.05628369231669917,0.1100117,0.05628369,5.014187e+07,0.383995,8.908774e+08,5.3841926128577546e-08,0.0,216294743.69820216,29494974.54682052,0.1363647,0.1725335982197007,0.16282277815503832,0.02220328327190923
1088,0.78,0.05628369231669917,0.1100117,0.05628369,5.014187e+07,0.383995,8.908774e+08,0.005235740706396507,6.510675565370051e-07,86905452.23261166,9583586.440975225,0.110276,0.06932258325946292,0.06618827593986872,0.007214387149248177
1089,0.78,0.05628369231669917,0.1100117,0.05628369,5.014187e+07,0.383995,8.908774e+08,0.0,0.0,348634799.52107674,51709703.90271177,0.1483205,0.27809837353192846,0.26244597024228294,0.03892612966442531
1090,0.78,0.05628369231669917,0.1100117,0.05628369,5.014187e+07,0.383995,8.908774e+08,5.239683554033213e-12,0.0,166956448.84779638,17789022.875469357,0.1065489,0.13317751681421533,0.12568179443511002,0.013391254615512006
1091,0.78,0.05628369231669917,0.1100117,0.05628369,5.014187e+07,0.383995,8.908774e+08,0.02995440763631613,0.00045939430345504024,13053446.784823583,1756049.393371502,0.1345276,0.010412449717675298,0.014216936912578759,0.0013477786238547038
1092,0.78,0.05628369231669917,0.1100117,0.05628369,5.014187e+07,0.383995,8.908774e+08,2.7057194726307805e-06,0.0,165656915.68281537,20710884.68854843,0.1250228,0.13214090755998004,0.12470392596463799,0.015590779331635633
1093,0.78,0.05628369231669917,0.1100117,0.05628369,5.014187e+07,0.383995,8.908774e+08,0.0,0.0,155796252.19730496,23687930.565135594,0.1520443,0.12427527142430694,0.11728060028488697,0.017831845612483112
1094,0.78,0.05628369231669917,0.1100117,0.05628369,5.014187e+07,0.383995,8.908774e+08,8.408543465570599e-06,0.0,291541651.6990445,42928223.77151768,0.1472456,0.2325564150959484,0.21946851385653462,0.032315590279485815
1095,0.78,0.05628369231669917,0.1100117,0.05628369,5.014187e+07,0.383995,8.908774e+08,0.0028469607662720076,0.0,178048879.24213135,20814159.102861278,0.1169014,0.14202570654002092,0.13444926589124595,0.01566852244248622
1096,0.78,0.05628369231669917,0.1100117,0.05628369,5.014187e+07,0.383995,8.908774e+08,1.082638233832097e-07,0.0,81664099.00800109,11806234.804032125,0.1445707,0.06514167014099952,0.061475272290452736,0.0088875199845479
1097,0.78,0.05628369231669917,0.1100117,0.05628369,5.014187e+07,0.383995,8.908774e+08,8.408520413355652e-08,0.0,151351231.72208962,16540625.184687505,0.1092864,0.1207295755667172,0.11393448160670186,0.012451483417526185
1098,0.78,0.05628369231669917,0.1100117,0.05628369,5.014187e+07,0.383995,8.908774e+08,0.0,0.0,319766868.04108995,46328782.62958094,0.144883,0.2550710543921186,0.24071471364781655,0.03487546947139777
1099,0.78,0.05628369231669917,0.1100117,0.05628369,5.014187e+07,0.383995,8.908774e+08,1.5978220765117178e-10,0.0,403180146.22326565,66510884.18717998,0.1649657,0.3216080065991141,0.3035067205325226,0.0500681904277926
1100,0.78,0.05628369231669917,0.1100117,0.05628369,5.014187e+07,0.383995,8.908774e+08,0.026322295614103784,0.009043254547387773,138737.28368206567,17399.40893885275,0.1254126,0.00011066770440937496,0.0039626039237622935,0.0005220857167789448
1101,0.78,0.05628369231669917,0.1100117,0.05628369,5.014187e+07,0.383995,8.908774e+08,7.656323115285964e-06,0.0,162507251.0191484,30404881.60475058,0.1870986,0.1296284887729283,0.12233364101350536,0.02288824484481245
1102,0.78,0.05628369231669917,0.1100117,0.05628369,5.014187e+07,0.383995,8.908774e+08,7.539356939973906e-06,0.0,212709947.98699677,33655477.8977717,0.1582224,0.1696740848891326,0.1601253059750625,0.02533523493059797
1103,0.78,0.05628369231669917,0.1100117,0.05628369,5.014187e+07,0.383995,8.908774e+08,0.0,0.0,249713806.64064935,28275303.914300244,0.1132308,0.19919125563663864,0.18798003629220914,0.021285137283707466
1104,0.78,0.05628369231669917,0.1100117,0.05628369,5.014187e+07,0.383995,8.908774e+08,0.0,0.0,194858273.6523794,24320869.91286021,0.1248131,0.15543419373627415,0.14668578340052751,0.01830831090351629
1105,0.78,0.05628369231669917,0.1100117,0.05628369,5.014187e+07,0.383995,8.908774e+08,0.00042365967787075324,0.0,68459035.00220524,9735529.008933816,0.1422096,0.054608278673935626,0.05159682062639681,0.0073287301212656515
1106,0.78,0.05628369231669917,0.1100117,0.05628369,5.014187e+07,0.383995,8.908774e+08,0.012656558596548594,0.0,73341361.09900898,10447526.15741846,0.1424507,0.058502803685319425,0.057065172711003274,0.007864708694547733
1107,0.78,0.05628369231669917,0.1100117,0.05628369,5.014187e+07,0.383995,8.908774e+08,0.006375675754671848,3.4311316916842685e-07,74312863.71850643,10277568.410365762,0.1383013,0.059277750129952574,0.05687588798412727,0.007736786888794559
1108,0.78,0.05628369231669917,0.1100117,0.05628369,5.014187e+07,0.383995,8.908774e+08,0.0,0.0,220006025.0296032,33106897.48374154,0.1504818,0.1754940063700054,0.1656165557120512,0.02492227351878872
1109,0.78,0.05628369231669917,0.1100117,0.05628369,5.014187e+07,0.383995,8.908774e+08,1.5911264437483987e-06,0.0,207620638.33339295,26070915.978201624,0.12557,0.16561445361017876,0.1562932938778039,0.01962571392300302
1110,0.78,0.05628369231669917,0.1100117,0.05628369,5.014187e+07,0.383995,8.908774e+08,0.0,0.0,428315120.5526459,52814205.59082181,0.1233069,0.34165762726053306,0.32242787449014776,0.03975757855469237
1111,0.78,0.05628369231669917,0.1100117,0.05628369,5.014187e+07,0.383995,8.908774e+08,0.0,0.0,310795965.1530982,46523641.31371433,0.1496919,0.24791516087348386,0.23396158023823574,0.035022155563800984
1112,0.78,0.05628369231669917,0.1100117,0.05628369,5.014187e+07,0.383995,8.908774e+08,0.02501189840749724,3.7466990017107997e-06,30562888.19000593,4694039.838897739,0.1535863,0.02437934912910206,0.026673284147787076,0.0035337991531421437
1113,0.78,0.05628369231669917,0.1100117,0.05628369,5.014187e+07,0.383995,8.908774e+08,4.477344583299619e-06,0.0,161189684.2112026,27250264.670238215,0.1690571,0.12857749447513375,0.12134133459969262,0.020513506283836462
1114,0.78,0.05628369231669917,0.1100117,0.05628369,5.014187e+07,0.383995,8.908774e+08,0.0,0.0,374456609.0863818,57618297.90742781,0.1538718,0.29869586767659545,0.2818841613640165,0.04337401234413953
1115,0.78,0.05628369231669917,0.1100117,0.05628369,5.014187e+07,0.383995,8.908774e+08,2.674623283581376e-19,0.0,219968239.63292134,34826611.18463306,0.1583256,0.17546386578342332,0.16558811154897055,0.026216842883032967
1116,0.78,0.05628369231669917,0.1100117,0.05628369,5.014187e+07,0.383995,8.908774e+08,7.370585657786437e-09,0.0,362640765.9168906,62524822.15823801,0.1724153,0.28927062736249654,0.2729894094561037,0.047067555040652034
1117,0.78,0.05628369231669917,0.1100117,0.05628369,5.014187e+07,0.383995,8.908774e+08,0.004725398800869143,0.0,82271357.98538049,16426230.866455156,0.1996592,0.0656260673788939,0.0626250107508434,0.012365369444165135
1118,0.78,0.05628369231669917,0.1100117,0.05628369,5.014187e+07,0.383995,8.908774e+08,0.0,0.0,78357670.16513382,8471098.686861195,0.1081081,0.0625042039882701,0.05898623660249411,0.0063768898484759876
1119,0.78,0.05628369231669917,0.1100117,0.05628369,5.014187e+07,0.383995,8.908774e+08,1.2739229310786823e-12,2.710654568069193e-21,491264593.3998098,53796045.85533265,0.1095052,0.39187104840362297,0.36981509888763786,0.04049669014423095
1120,0.78,0.05628369231669917,0.1100117,0.05628369,5.014187e+07,0.383995,8.908774e+08,1.2385247505055333e-09,0.0,381510433.3281459,73093012.15745035,0.1915885,0.30432254938338277,0.2871941528303905,0.05502309729248165
1121,0.78,0.05628369231669917,0.1100117,0.05628369,5.014187e+07,0.383995,8.908774e+08,0.050559658320833034,0.01691448305859491,1187660.196227635,108774.86289642494,0.09158753,0.0009473706277549865,0.00830478210037131,0.0010338933092066335
1122,0.78,0.05628369231669917,0.1100117,0.05628369,5.014187e+07,0.383995,8.908774e+08,0.0,0.0,156312106.21753165,20753232.067917015,0.1327679,0.12468675692203127,0.11766892585946462,0.01562265767275612
1123,0.78,0.05628369231669917,0.1100117,0.05628369,5.014187e+07,0.383995,8.908774e+08,0.0,0.0,403990867.89060694,54362622.53384194,0.134564,0.32225470158591524,0.30411701711424394,0.04092319881838592
1124,0.78,0.05628369231669917,0.1100117,0.05628369,5.014187e+07,0.383995,8.908774e+08,6.258819980677753e-10,0.0,230081608.31545955,23314409.08193326,0.101331,0.18353107934158275,0.17320127263310744,0.017550665396968087
1125,0.78,0.05628369231669917,0.1100117,0.05628369,5.014187e+07,0.383995,8.908774e+08,0.035475048927320514,0.0005967740520173739,4127645.205979862,683043.481648693,0.1654802,0.00329253252938815,0.0083069376072956,0.0005477714237889417
1126,0.78,0.05628369231669917,0.1100117,0.05628369,5.014187e+07,0.383995,8.908774e+08,0.0005101701667301016,0.0,189412937.73774996,28260986.44673956,0.149203,0.1510905680762032,0.14266141072912092,0.021274359353132155
1127,0.78,0.05628369231669917,0.1100117,0.05628369,5.014187e+07,0.383995,8.908774e+08,1.427459028546936e-07,0.0,229391151.04521477,34467383.16254373,0.1502559,0.18298031664057832,0.1726815297216104,0.025946422526473726
1128,0.78,0.05628369231669917,0.1100117,0.05628369,5.014187e+07,0.383995,8.908774e+08,0.0,0.0,367082933.186402,45926719.112181365,0.1251127,0.29281404728014365,0.2763333915370207,0.034572803328867224
1129,0.78,0.05628369231669917,0.1100117,0.05628369,5.014187e+07,0.383995,8.908774e+08,0.00010703944717239039,0.0,145982885.7768147,19889345.95253981,0.1362444,0.11644736312553657,0.10990896477167038,0.014972339832883394
1130,0.78,0.05628369231669917,0.1100117,0.05628369,5.014187e+07,0.383995,8.908774e+08,0.08874178092994733,0.026142781819608694,1584402.2328901128,165602.33879060135,0.1045204,0.0012638430948154916,0.014199949999356264,0.0015960747331167197
1131,0.78,0.05628369231669917,0.1100117,0.05628369,5.014187e+07,0.383995,8.908774e+08,2.1939571645401276e-06,0.0,86626570.38219148,8531198.203472925,0.09848247,0.06910012529165258,0.06521123667784004,0.00642213167737524
1132,0.78,0.05628369231669917,0.1100117,0.05628369,5.014187e+07,0.383995,8.908774e+08,0.0,0.0,58423479.354999565,8338987.600979883,0.1427335,0.04660313487644063,0.043980138372061425,0.006277439012926835
1133,0.78,0.05628369231669917,0.1100117,0.05628369,5.014187e+07,0.383995,8.908774e+08,0.0,0.0,52004077.85565695,6487003.856533923,0.1247403,0.04148251835029928,0.039147729050949216,0.00488329915267266
1134,0.78,0.05628369231669917,0.1100117,0.05628369,5.014187e+07,0.383995,8.908774e+08,3.6012461234104976e-06,0.0,237647171.110975,37120680.237124376,0.1562008,0.18956596372827267,0.1788970192012375,0.027943776565817785
1135,0.78,0.05628369231669917,0.1100117,0.05628369,5.014187e+07,0.383995,8.908774e+08,0.00045256617218206613,0.0,97613026.52746269,13017795.625809671,0.1333613,0.0778637816709839,0.07354765498951872,0.009799561053929796
1136,0.78,0.05628369231669917,0.1100117,0.05628369,5.014187e+07,0.383995,8.908774e+08,0.0059323478849770475,0.0,45277597.34402234,7115549.245299508,0.1571539,0.036116951595490256,0.034953684354715325,0.005356456750888624
1137,0.78,0.05628369231669917,0.1100117,0.05628369,5.014187e+07,0.383995,8.908774e+08,0.0,0.0,110770832.0753617,17902664.574060284,0.1616189,0.08835947609720507,0.08338627853128525,0.013476802030421954
1138,0.78,0.05628369231669917,0.1100117,0.05628369,5.014187e+07,0.383995,8.908774e+08,4.5868538073455824e-11,0.0,455674624.60990787,56724632.22213866,0.1244849,0.36348170675407987,0.3430236142151077,0.04270127698275238
1139,0.78,0.05628369231669917,0.1100117,0.05628369,5.014187e+07,0.383995,8.908774e+08,0.0,0.0,62195938.77768303,9384619.91856128,0.150888,0.049612343455459854,0.046819977581302345,0.007064572106012531
1140,0.78,0.05628369231669917,0.1100117,0.05628369,5.014187e+07,0.383995,8.908774e+08,0.0007733915605964352,0.0,34490882.12199259,5368942.7145741405,0.1556627,0.02751262419294931,0.02607747123759728,0.004041642950839341
1141,0.78,0.05628369231669917,0.1100117,0.05628369,5.014187e+07,0.383995,8.908774e+08,0.0,0.0,462048423.32614607,66644049.87237951,0.1442361,0.36856594693503913,0.34782169457933454,0.050168435146630705
1142,0.78,0.05628369231669917,0.1100117,0.05628369,5.014187e+07,0.383995,8.908774e+08,5.524239586930114e-09,0.0,338812076.52267224,48831018.55098283,0.1441242,0.27026300169508516,0.25505160287280154,0.03675910740733971
1143,0.78,0.05628369231669917,0.1100117,0.05628369,5.014187e+07,0.383995,8.908774e+08,0.0,0.0,236350297.17975605,27907414.12333619,0.1180765,0.18853147568679376,0.17792022811722502,0.021008196504231566
1144,0.78,0.05628369231669917,0.1100117,0.05628369,5.014187e+07,0.383995,8.908774e+08,0.0,0.0,393214729.78374666,57426492.1195899,0.1460436,0.3136588113173877,0.29600493528877825,0.043229624416840376
1145,0.78,0.05628369231669917,0.1100117,0.05628369,5.014187e+07,0.383995,8.908774e+08,0.011124490893758943,3.453238305770684e-08,84904225.98055913,9837473.06935915,0.1158655,0.06772624873826845,0.06554492687960602,0.00740547370938597
1146,0.78,0.05628369231669917,0.1100117,0.05628369,5.014187e+07,0.383995,8.908774e+08,6.167982453353924e-08,0.0,224567135.5577559,34456493.898369946,0.1534352,0.1791323047301263,0.16905008624737528,0.025938225285391543
1147,0.78,0.05628369231669917,0.1100117,0.05628369,5.014187e+07,0.383995,8.908774e+08,0.0615586330174597,0.004665057191559123,5782397.7994113425,588849.6311238492,0.1018349,0.004612492571997766,0.013375781520760611,0.0007058419935728723
1148,0.78,0.05628369231669917,0.1100117,0.05628369,5.014187e+07,0.383995,8.908774e+08,6.774118439787901e-06,0.0,187993355.10973778,26901965.7834972,0.1431006,0.14995819798438595,0.14151898981852082,0.020251313182658316
1149,0.78,0.05628369231669917,0.1100117,0.05628369,5.014187e+07,0.383995,8.908774e+08,0.0,0.0,129966901.50049026,21564862.187816065,0.1659258,0.10367176188355699,0.09783673233577278,0.016233638144548895
1150,0.78,0.05628369231669917,0.1100117,0.05628369,5.014187e+07,0.383995,8.908774e+08,0.00701078274266442,0.0,130949031.85733737,19432067.231777266,0.1483941,0.10445518584241226,0.09960366099743306,0.01462810868410956
1151,0.78,0.05628369231669917,0.1100117,0.05628369,5.014187e+07,0.383995,8.908774e+08,0.013828276161276668,1.4740270369520939e-05,42048577.52556448,4203247.843921708,0.09996171,0.033541232932726046,0.03368027469451702,0.003164958576587089
1152,0.78,0.05628369231669917,0.1100117,0.05628369,5.014187e+07,0.383995,8.908774e+08,0.0,0.0,102217054.10282241,16485485.944712436,0.1612792,0.08153631402335534,0.07694714921222705,0.012409975595147128
1153,0.78,0.05628369231669917,0.1100117,0.05628369,5.014187e+07,0.383995,8.908774e+08,0.0,0.0,603572527.6089722,77849515.07304738,0.1289812,0.48145663733853,0.45435848009873564,0.05860370664174612
1154,0.78,0.05628369231669917,0.1100117,0.05628369,5.014187e+07,0.383995,8.908774e+08,2.767197627249402e-16,0.0,53733520.22089487,8041898.711492357,0.1496626,0.04286205679439772,0.04044962197772099,0.006053795871287319
1155,0.78,0.05628369231669917,0.1100117,0.05628369,5.014187e+07,0.383995,8.908774e+08,7.173438122147819e-05,0.0,237449180.94970262,25339536.98973586,0.1067156,0.18940803129610925,0.1787579623378343,0.01907514505120251
1156,0.78,0.05628369231669917,0.1100117,0.05628369,5.014187e+07,0.383995,8.908774e+08,0.0,0.0,243669058.15099433,39543586.63012433,0.162284,0.19436949164264866,0.1834296589792806,0.02976769666785757
1157,0.78,0.05628369231669917,0.1100117,0.05628369,5.014187e+07,0.383995,8.908774e+08,0.0,0.0,141119308.83808166,16144732.860114096,0.1144048,0.1125677939085018,0.10623206283138609,0.012153462837317696
1158,0.78,0.05628369231669917,0.1100117,0.05628369,5.014187e+07,0.383995,8.908774e+08,0.0,0.0,256471574.25910395,36807936.499483906,0.1435166,0.2045817794339779,0.19306716150671308,0.027708348737686447
1159,0.78,0.05628369231669917,0.1100117,0.05628369,5.014187e+07,0.383995,8.908774e+08,5.679396418120625e-05,0.0,236296138.5195868,41209784.61757781,0.1743989,0.1884882745051377,0.17788778297792282,0.03102198037113009
1160,0.78,0.05628369231669917,0.1100117,0.05628369,5.014187e+07,0.383995,8.908774e+08,0.0,0.0,25071856.735784512,3592647.7969855345,0.143294,0.019999273134022524,0.018873640198389573,0.0027044802702251972
1161,0.78,0.05628369231669917,0.1100117,0.05628369,5.014187e+07,0.383995,8.908774e+08,3.2228582035137596e-10,0.0,391179349.1530247,44866796.188382074,0.1146962,0.312035232593463,0.29447273761744164,0.033774912525939144
1162,0.78,0.05628369231669917,0.1100117,0.05628369,5.014187e+07,0.383995,8.908774e+08,7.07776142078837e-06,0.0,167588179.29168943,24915110.196245734,0.1486687,0.13368143440706204,0.12615838710047075,0.018755644238984813
1163,0.78,0.05628369231669917,0.1100117,0.05628369,5.014187e+07,0.383995,8.908774e+08,0.07403145868743731,3.353880207319476e-05,25028766.791470423,4092600.3891863474,0.1635159,0.019964901225521733,0.029692292281376438,0.0030827232250598647
1164,0.78,0.05628369231669917,0.1100117,0.05628369,5.014187e+07,0.383995,8.908774e+08,0.006504755926859315,0.0,118549947.99859521,17268294.35367179,0.1456626,0.09456470715486022,0.09019568457837417,0.012999259604332031
1165,0.78,0.05628369231669917,0.1100117,0.05628369,5.014187e+07,0.383995,8.908774e+08,9.48219914368035e-10,0.0,347472528.59952825,55967554.65684072,0.1610704,0.2771712553746759,0.2615710338571189,0.042131362687202356
1166,0.78,0.05628369231669917,0.1100117,0.05628369,5.014187e+07,0.383995,8.908774e+08,0.000791024089326215,0.0,8335691.752882884,1238973.0006852855,0.1486347,0.006649199454342183,0.006390901548485307,0.0009326764617746792
1167,0.78,0.05628369231669917,0.1100117,0.05628369,5.014187e+07,0.383995,8.908774e+08,0.08376612788869796,0.00046460398744419185,20324487.81301504,2822717.56288646,0.1388826,0.016212400516051412,0.027577845884757164,0.002151040345986105
1168,0.78,0.05628369231669917,0.1100117,0.05628369,5.014187e+07,0.383995,8.908774e+08,9.186156958219706e-11,0.0,371378488.0387934,49760345.341470174,0.1339882,0.296240517671247,0.27956700753636343,0.03745868780360722
1169,0.78,0.05628369231669917,0.1100117,0.05628369,5.014187e+07,0.383995,8.908774e+08,0.05924201857269585,5.393381758984604e-05,38678427.46044992,4854097.333603366,0.1254988,0.03085293775119406,0.03779976203688771,0.0036571122560418836
1170,0.78,0.05628369231669917,0.1100117,0.05628369,5.014187e+07,0.383995,8.908774e+08,0.027393277957498414,1.0611936393892506e-07,63457344.47575287,9746289.83387525,0.1535881,0.050618539261154005,0.05178468417878141,0.007336836648406829
1171,0.78,0.05628369231669917,0.1100117,0.05628369,5.014187e+07,0.383995,8.908774e+08,1.570816198322067e-05,0.0,171665932.0196532,30222414.49577625,0.1760537,0.13693416879522388,0.12922931057975176,0.022750886906024195
1172,0.78,0.05628369231669917,0.1100117,0.05628369,5.014187e+07,0.383995,8.908774e+08,0.0,0.0,91850471.56673394,12306477.757551337,0.1339838,0.07326711729849883,0.06914337341153862,0.009264093830513836
1173,0.78,0.05628369231669917,0.1100117,0.05628369,5.014187e+07,0.383995,8.908774e+08,0.0,0.0,299617377.39994824,44746359.57621966,0.149345,0.23899824530221714,0.22554654159939616,0.033684250023013215
1174,0.78,0.05628369231669917,0.1100117,0.05628369,5.014187e+07,0.383995,8.908774e+08,0.0,0.0,471971512.5281331,79631532.99420191,0.1687211,0.37648137870282516,0.35529161662094866,0.059945177495915006
1175,0.78,0.05628369231669917,0.1100117,0.05628369,5.014187e+07,0.383995,8.908774e+08,0.0,0.0,184452604.97177574,28443332.587281823,0.154204,0.1471338188466669,0.13885258425732017,0.021411626229073083
1176,0.78,0.05628369231669917,0.1100117,0.05628369,5.014187e+07,0.383995,8.908774e+08,0.0,0.0,633079369.3431945,77504366.82053521,0.1224244,0.5049936012492574,0.4765706967746423,0.05834388528102017
1177,0.78,0.05628369231669917,0.1100117,0.05628369,5.014187e+07,0.383995,8.908774e+08,2.365535872875948e-07,0.0,232835314.43372163,36353966.96545079,0.156136,0.18572765063545701,0.1752742473650007,0.027366608684819018
1178,0.78,0.05628369231669917,0.1100117,0.05628369,5.014187e+07,0.383995,8.908774e+08,0.023495263081539045,0.0,59134355.43368782,7031894.513081411,0.1189139,0.047170185215470284,0.04795906847304318,0.005293482981797024
1179,0.78,0.05628369231669917,0.1100117,0.05628369,5.014187e+07,0.383995,8.908774e+08,3.7835926188357975e-07,0.0,226772542.81280977,37803065.01398385,0.1667004,0.18089150998286793,0.17071032334993175,0.028457463481431102
1180,0.78,0.05628369231669917,0.1100117,0.05628369,5.014187e+07,0.383995,8.908774e+08,0.0,0.0,143612406.33797488,17773236.890089698,0.1237584,0.1145564833931122,0.10810882152893123,0.013379371211288198
1181,0.78,0.05628369231669917,0.1100117,0.05628369,5.014187e+07,0.383995,8.908774e+08,0.0,0.0,497008672.2270089,62808709.42302053,0.1263735,0.3964529747674789,0.37413913751762606,0.04728126023803229
1182,0.78,0.05628369231669917,0.1100117,0.05628369,5.014187e+07,0.383995,8.908774e+08,0.0,0.0,228951575.03708103,30164695.5105347,0.1317514,0.18262967644896927,0.17235060393181717,0.02270743709807637
1183,0.78,0.05628369231669917,0.1100117,0.05628369,5.014187e+07,0.383995,8.908774e+08,0.0007906135264934884,0.0,123951894.50180164,21372646.61188977,0.1724269,0.09887372202805099,0.09342462729175113,0.016088941736189907
1184,0.78,0.05628369231669917,0.1100117,0.05628369,5.014187e+07,0.383995,8.908774e+08,0.0,0.0,397581847.6465086,44459309.4504772,0.1118243,0.31714236596059797,0.2992924226142817,0.033468163881118784
1185,0.78,0.05628369231669917,0.1100117,0.05628369,5.014187e+07,0.383995,8.908774e+08,4.904595495463579e-11,0.0,388891239.5360843,41447041.447927296,0.1065775,0.3102100574709336,0.29275029004988296,0.031200583021018215
1186,0.78,0.05628369231669917,0.1100117,0.05628369,5.014187e+07,0.383995,8.908774e+08,4.1201270302799363e-05,0.0,405649493.6061857,63819198.227097355,0.157326,0.3235777511335632,0.3053716395845546,0.048041937929901295
1187,0.78,0.05628369231669917,0.1100117,0.05628369,5.014187e+07,0.383995,8.908774e+08,0.0,0.0,97121811.89823791,13058392.964500198,0.1344538,0.07747195047791265,0.07311154305403927,0.009830121996086249
1188,0.78,0.05628369231669917,0.1100117,0.05628369,5.014187e+07,0.383995,8.908774e+08,0.024163762884959385,8.374625368661772e-06,89894388.8731528,9735567.639104826,0.1083001,0.07170679280901544,0.07121264990604691,0.007329230556197081
1189,0.78,0.05628369231669917,0.1100117,0.05628369,5.014187e+07,0.383995,8.908774e+08,0.0,0.0,291820598.1083945,37323769.86111547,0.1278997,0.23277892456100857,0.21967726719320468,0.02809665876084737
1190,0.78,0.05628369231669917,0.1100117,0.05628369,5.014187e+07,0.383995,8.908774e+08,2.398760358900335e-08,0.0,339526669.82531625,43296299.8545084,0.1275196,0.2708330171825669,0.2555895384902198,0.03259267129622935
1191,0.78,0.05628369231669917,0.1100117,0.05628369,5.014187e+07,0.383995,8.908774e+08,0.0,0.0,346389349.30209804,59982410.903855205,0.1731647,0.27630722688046766,0.26075563593784706,0.04515367384081771
1192,0.78,0.05628369231669917,0.1100117,0.05628369,5.014187e+07,0.383995,8.908774e+08,0.0,0.0,362391854.14575154,45871126.2884886,0.1265788,0.28907207587308176,0.27280203209729176,0.03453095405687086
1193,0.78,0.05628369231669917,0.1100117,0.05628369,5.014187e+07,0.383995,8.908774e+08,2.5836474589368833e-08,0.0,55368229.48831275,8124446.5588213205,0.1467348,0.044166028713124666,0.04168020532914093,0.006115936397458035
1194,0.78,0.05628369231669917,0.1100117,0.05628369,5.014187e+07,0.383995,8.908774e+08,0.042542554967021785,1.5349868207020517e-05,32627667.29939609,4683149.362281156,0.1435331,0.026026378378083827,0.030797151529296293,0.0035262540685604034
1195,0.78,0.05628369231669917,0.1100117,0.05628369,5.014187e+07,0.383995,8.908774e+08,0.0,0.0,357631124.025003,54432332.59547581,0.1522024,0.28527454531897944,0.2692182405844598,0.040975675291722156
1196,0.78,0.05628369231669917,0.1100117,0.05628369,5.014187e+07,0.383995,8.908774e+08,3.065536807465901e-07,0.0,283008925.08124936,42074726.42793309,0.1486693,0.22575004522850786,0.21304404407519473,0.03167309291908468
1197,0.78,0.05628369231669917,0.1100117,0.05628369,5.014187e+07,0.383995,8.908774e+08,9.897900774889848e-05,0.0,199638665.78497437,25403899.331284303,0.1272494,0.159247408248267,0.15029888387246418,0.019123595857599207
1198,0.78,0.05628369231669917,0.1100117,0.05628369,5.014187e+07,0.383995,8.908774e+08,0.035492502561618074,1.4572440912489883e-06,55203793.91734084,8295280.296519289,0.1502665,0.04403486204559491,0.04675869663430312,0.006244618963876319
1199,0.78,0.05628369231669917,0.1100117,0.05628369,5.014187e+07,0.383995,8.908774e+08,0.020985430987945496,1.7723393027217407e-67,69619033.48587449,11141852.257098438,0.1600403,0.0555335841570689,0.055483868231649094,0.00838738482196064
1200,0.78,0.05628369231669917,0.1100117,0.05628369,5.014187e+07,0.383995,8.908774e+08,0.00013512404602357208,4.818864928403943e-07,5803165.401020232,535597.2009092406,0.09229397,0.0046290584347215245,0.004388323610345974,0.0004032150061904952
1201,0.78,0.05628369231669917,0.1100117,0.05628369,5.014187e+07,0.383995,8.908774e+08,2.2455670931922575e-06,0.0,265918055.69328088,43453671.01894041,0.16341,0.21211703158337022,0.20017863098442384,0.03271113746195421
1202,0.78,0.05628369231669917,0.1100117,0.05628369,5.014187e+07,0.383995,8.908774e+08,0.03869462732275945,0.03208009077445644,8474.157005689029,1452.2803619259932,0.1713776,6.7596501656566405e-06,0.00567800674541161,0.001806679209025852
1204,0.78,0.05628369231669917,0.1100117,0.05628369,5.014187e+07,0.383995,8.908774e+08,0.000619855374173813,0.0,63173497.40111406,7187575.849242819,0.1137752,0.05039212064230906,0.04764672073049917,0.005410677075368929
1205,0.78,0.05628369231669917,0.1100117,0.05628369,5.014187e+07,0.383995,8.908774e+08,5.592975863604547e-09,0.0,287327625.49719757,34586937.01165972,0.1203746,0.22919497833070168,0.21629503950958898,0.026036420501347565
1206,0.78,0.05628369231669917,0.1100117,0.05628369,5.014187e+07,0.383995,8.908774e+08,0.010327697489092735,0.0,64066299.612870425,7731076.8008715445,0.1206731,0.051104289488666986,0.049741723647913426,0.005819814759770345
1207,0.78,0.05628369231669917,0.1100117,0.05628369,5.014187e+07,0.383995,8.908774e+08,1.3693271648541637e-12,0.0,508806645.9247771,67249423.2887071,0.1321709,0.4058639609938366,0.3830204386910234,0.050624149303178566
1208,0.78,0.05628369231669917,0.1100117,0.05628369,5.014187e+07,0.383995,8.908774e+08,1.0375536754078318e-05,0.0,343647912.52854717,46682465.77552954,0.1358439,0.2741204425751934,0.25869345271183275,0.035141715745505626
1209,0.78,0.05628369231669917,0.1100117,0.05628369,5.014187e+07,0.383995,8.908774e+08,0.0031500553369649036,0.0,174267849.76554465,20333423.434263226,0.1166791,0.13900966181597302,0.1316474010938409,0.015306633327720262
1210,0.78,0.05628369231669917,0.1100117,0.05628369,5.014187e+07,0.383995,8.908774e+08,0.010724869164439894,0.0035527745493919107,105361.98755833192,10993.965975327303,0.1043447,8.404495882887903e-05,0.0016513019170687263,0.00020823932831289427
1211,0.78,0.05628369231669917,0.1100117,0.05628369,5.014187e+07,0.383995,8.908774e+08,0.004110755159637157,2.0968032970569533e-08,136387940.87190133,15480541.31147455,0.1135037,0.10879368490451446,0.10327290457671148,0.011653472634949405
1212,0.78,0.05628369231669917,0.1100117,0.05628369,5.014187e+07,0.383995,8.908774e+08,1.2448894247805158e-06,0.0,229981205.62924337,24553534.60510276,0.1067632,0.18345099030923911,0.17312587368394286,0.018483456674909735
1213,0.78,0.05628369231669917,0.1100117,0.05628369,5.014187e+07,0.383995,8.908774e+08,0.010930810307408783,0.0,37190369.47392059,4807759.618850027,0.1292743,0.029665946359791136,0.029598410305168524,0.0036191944682346117
1214,0.78,0.05628369231669917,0.1100117,0.05628369,5.014187e+07,0.383995,8.908774e+08,3.2236036620894567e-06,0.0,68938883.76853938,8421564.817692354,0.1221599,0.05499104356614416,0.05189641708648025,0.00633960164783816
1215,0.78,0.05628369231669917,0.1100117,0.05628369,5.014187e+07,0.383995,8.908774e+08,0.0,0.0,64662345.23500983,8278033.424804613,0.1280194,0.05157974207772436,0.04867664374484702,0.0062315538117690234
1216,0.78,0.05628369231669917,0.1100117,0.05628369,5.014187e+07,0.383995,8.908774e+08,0.0,0.0,352595992.2564726,44694758.097988114,0.1267591,0.2812581305569683,0.2654278844751299,0.03364540536367623
1217,0.78,0.05628369231669917,0.1100117,0.05628369,5.014187e+07,0.383995,8.908774e+08,0.0,0.0,312328518.50680137,46312746.111206904,0.1482822,0.24913764524854115,0.23511525867886535,0.03486339747046797
1218,0.78,0.05628369231669917,0.1100117,0.05628369,5.014187e+07,0.383995,8.908774e+08,0.054643611719573236,0.00010621167883546092,31628076.016627584,3855821.3157030996,0.1219113,0.025229026219560104,0.03181837797710363,0.0029085705197334326
1219,0.78,0.05628369231669917,0.1100117,0.05628369,5.014187e+07,0.383995,8.908774e+08,2.0156933316071716e-07,0.0,312075709.23420244,48403036.80739434,0.1551003,0.24893598480724233,0.23492497797662695,0.03643693049299736
1220,0.78,0.05628369231669917,0.1100117,0.05628369,5.014187e+07,0.383995,8.908774e+08,7.536900097845201e-06,0.0,275559359.5888834,38548457.18566353,0.1398917,0.21980768935986686,0.20743720571692958,0.029018581224055207
1221,0.78,0.05628369231669917,0.1100117,0.05628369,5.014187e+07,0.383995,8.908774e+08,0.000860775163144931,0.0,140676886.70601073,21540663.264325615,0.1531216,0.11221488342592097,0.10602518274034961,0.016215421632706145
1222,0.78,0.05628369231669917,0.1100117,0.05628369,5.014187e+07,0.383995,8.908774e+08,0.0004471697002883603,0.0,513021486.4675166,70586289.6379423,0.1375893,0.4092260473410471,0.3862588378705984,0.05313608192664839
1223,0.78,0.05628369231669917,0.1100117,0.05628369,5.014187e+07,0.383995,8.908774e+08,0.0003453326914225419,0.0,146511117.86611015,20377853.838384107,0.1390874,0.11686872233890894,0.11034153593439144,0.01534007973219216
1224,0.78,0.05628369231669917,0.1100117,0.05628369,5.014187e+07,0.383995,8.908774e+08,0.09816928215640161,0.0010210470717216605,20437837.107282728,2513610.387842018,0.1229881,0.016302816775186007,0.029774301581195813,0.0019496687277385178
1225,0.78,0.05628369231669917,0.1100117,0.05628369,5.014187e+07,0.383995,8.908774e+08,0.0014658200876164788,0.0,131289627.92348512,20010585.27970795,0.1524156,0.10472687189371056,0.09904730801955748,0.015063606605144435
1226,0.78,0.05628369231669917,0.1100117,0.05628369,5.014187e+07,0.383995,8.908774e+08,0.0,0.0,57028214.90696162,8342761.681669633,0.1462918,0.045490162866247436,0.04292980853604703,0.006280280072596595
1227,0.78,0.05628369231669917,0.1100117,0.05628369,5.014187e+07,0.383995,8.908774e+08,0.0,0.0,24401345.317313816,2762802.1726458822,0.1132234,0.019464420803826453,0.018368891332181128,0.0020797874962097717
1228,0.78,0.05628369231669917,0.1100117,0.05628369,5.014187e+07,0.383995,8.908774e+08,4.484999364829042e-05,0.0,254287563.53541854,41612769.16747401,0.1636445,0.2028396417275081,0.1914296515873032,0.03132533985026253
1229,0.78,0.05628369231669917,0.1100117,0.05628369,5.014187e+07,0.383995,8.908774e+08,0.0023935603291470146,0.0,29512768.03623594,3564086.2373123844,0.1207642,0.023541691192551534,0.022567511677744807,0.002682979644784622
1230,0.78,0.05628369231669917,0.1100117,0.05628369,5.014187e+07,0.383995,8.908774e+08,2.3983528549867975e-08,0.0,160894890.59106472,20728971.633796427,0.1288355,0.12834234403576125,0.121118766548211,0.015604394856823738
1231,0.78,0.05628369231669917,0.1100117,0.05628369,5.014187e+07,0.383995,8.908774e+08,0.0011886816944013596,0.0,97671026.44003023,12287049.646323958,0.1258004,0.0779100469358748,0.073699211694773,0.009249468699838274
1232,0.78,0.05628369231669917,0.1100117,0.05628369,5.014187e+07,0.383995,8.908774e+08,2.6751706450529827e-06,0.0,163003069.37560385,20534450.75228392,0.1259759,0.1300239922587735,0.12270615399524024,0.015457963056122648
1233,0.78,0.05628369231669917,0.1100117,0.05628369,5.014187e+07,0.383995,8.908774e+08,3.358155839250756e-05,0.0,104333496.75084816,13864017.768785993,0.1328818,0.08322455414998099,0.078545291135432,0.010436581774922103
1234,0.78,0.05628369231669917,0.1100117,0.05628369,5.014187e+07,0.383995,8.908774e+08,0.0,0.0,219481508.8976037,33838022.131330706,0.1541725,0.17507561129469823,0.16522170945642944,0.025472650927378382
1235,0.78,0.05628369231669917,0.1100117,0.05628369,5.014187e+07,0.383995,8.908774e+08,1.030243523603211e-05,0.0,197196082.98632696,20443683.609768327,0.1036719,0.15729901323877846,0.14844715404540126,0.015389635193223283
1236,0.78,0.05628369231669917,0.1100117,0.05628369,5.014187e+07,0.383995,8.908774e+08,0.0,0.0,196467853.80915254,24998685.36064639,0.1272406,0.156718120711673,0.14789744622508588,0.018818558110862835
1237,0.78,0.05628369231669917,0.1100117,0.05628369,5.014187e+07,0.383995,8.908774e+08,4.8148735421261995e-05,0.0,158835071.36784232,15682135.726364365,0.0987322,0.12669927117976737,0.11957522573823401,0.011805228083457712
1238,0.78,0.05628369231669917,0.1100117,0.05628369,5.014187e+07,0.383995,8.908774e+08,0.013873029199498413,3.854012745076932e-05,64472443.68849103,6759179.635756907,0.1048383,0.05142826175708332,0.0505671151253321,0.005090357336260884
1239,0.78,0.05628369231669917,0.1100117,0.05628369,5.014187e+07,0.383995,8.908774e+08,0.0,0.0,32176689.184679277,3411503.1404257775,0.1060241,0.025666642974809323,0.024222029538812587,0.0025681178496913385
1240,0.78,0.05628369231669917,0.1100117,0.05628369,5.014187e+07,0.383995,8.908774e+08,0.0076568743914688965,0.0,134924891.0908064,18189747.564518675,0.1348139,0.10762664201299109,0.10269131616288295,0.013692912912280017
1241,0.78,0.05628369231669917,0.1100117,0.05628369,5.014187e+07,0.383995,8.908774e+08,0.0266034061927293,0.0002569796399570893,34330304.9508786,3146154.0504666995,0.09164364,0.027384535286808835,0.02974260104588637,0.002382831617947802
1242,0.78,0.05628369231669917,0.1100117,0.05628369,5.014187e+07,0.383995,8.908774e+08,0.0,0.0,371559227.87391007,44270027.67097444,0.1191466,0.2963846898945805,0.27970306520117366,0.03332567598163477
1243,0.78,0.05628369231669917,0.1100117,0.05628369,5.014187e+07,0.383995,8.908774e+08,0.0,0.0,502500136.0732919,60861281.44158393,0.1211169,0.40083339567227266,0.37827301215999676,0.04581527168276702
1244,0.78,0.05628369231669917,0.1100117,0.05628369,5.014187e+07,0.383995,8.908774e+08,0.0,0.0,200770002.52938634,23057917.609514516,0.1148474,0.1601498508872981,0.15113602595539216,0.017357583256486755
1245,0.78,0.05628369231669917,0.1100117,0.05628369,5.014187e+07,0.383995,8.908774e+08,0.0009145103367833177,0.0,118026579.8404793,14522625.876150027,0.1230454,0.09414722779327504,0.08898231765928973,0.010932370043861498
1246,0.78,0.05628369231669917,0.1100117,0.05628369,5.014187e+07,0.383995,8.908774e+08,0.0,0.0,181677114.65880018,25754710.255714666,0.1417609,0.14491987077592802,0.1367632453585999,0.01938767997530689
1247,0.78,0.05628369231669917,0.1100117,0.05628369,5.014187e+07,0.383995,8.908774e+08,0.049392341090518425,0.027364018773258014,15924.607084309695,1995.8265843313293,0.1253297,1.2702711649454318e-05,0.007251622352305759,0.0015416504353304228
1248,0.78,0.05628369231669917,0.1100117,0.05628369,5.014187e+07,0.383995,8.908774e+08,0.00030278773763299857,0.0,153362331.2559448,23243435.471143197,0.151559,0.12233378578940364,0.11549276944971822,0.0174972377466848
1249,0.78,0.05628369231669917,0.1100117,0.05628369,5.014187e+07,0.383995,8.908774e+08,0.0,0.0,346379833.74480295,51659459.47993435,0.1491411,0.27629963652801104,0.26074847279845265,0.03888830657188493
1250,0.78,0.05628369231669917,0.1100117,0.05628369,5.014187e+07,0.383995,8.908774e+08,0.0016661457643064822,0.0,116352318.66498223,16326438.168276588,0.140319,0.09281170618036377,0.08783213436931991,0.012290247306235853
1251,0.78,0.05628369231669917,0.1100117,0.05628369,5.014187e+07,0.383995,8.908774e+08,0.007347109628487368,0.0022970979503736883,19145.5899016305,2399.995700132663,0.125355,1.5272019371751994e-05,0.001091307937402097,0.0001310958276070589
1252,0.78,0.05628369231669917,0.1100117,0.05628369,5.014187e+07,0.383995,8.908774e+08,0.0,0.0,365165759.74997735,48786922.696099885,0.1336021,0.29128475985622404,0.27489017805593274,0.0367259128454821
1253,0.78,0.05628369231669917,0.1100117,0.05628369,5.014187e+07,0.383995,8.908774e+08,3.372452038882016e-07,0.0,124218442.81347144,18060658.38986179,0.1453943,0.09908634180107674,0.09350944605774705,0.013595736916833946
1254,0.78,0.05628369231669917,0.1100117,0.05628369,5.014187e+07,0.383995,8.908774e+08,0.012277293405572686,0.0,71975770.722168,8448667.630938895,0.1173821,0.057413502034330995,0.0559815905506437,0.006360004155357648
1255,0.78,0.05628369231669917,0.1100117,0.05628369,5.014187e+07,0.383995,8.908774e+08,0.0,0.0,74265192.73743282,9869626.827573726,0.1328971,0.059239724028371625,0.05590549362823259,0.0074296765332952895
1256,0.78,0.05628369231669917,0.1100117,0.05628369,5.014187e+07,0.383995,8.908774e+08,0.0,0.0,454003847.14421827,70992879.13970202,0.1563707,0.36214896402047914,0.3417658831567391,0.05344215514832976
1257,0.78,0.05628369231669917,0.1100117,0.05628369,5.014187e+07,0.383995,8.908774e+08,1.1483535997140617e-10,0.0,372293492.7850969,57752122.38335508,0.1551253,0.2969703969950281,0.2802558065602238,0.043474752988719896
1258,0.78,0.05628369231669917,0.1100117,0.05628369,5.014187e+07,0.383995,8.908774e+08,0.0,0.0,260992092.89326164,38568765.14259538,0.1477775,0.20818769852583843,0.19647012615788845,0.0290338686866606
1259,0.78,0.05628369231669917,0.1100117,0.05628369,5.014187e+07,0.383995,8.908774e+08,0.0,0.0,220604129.40733817,32880931.91543131,0.1490495,0.1759711011834862,0.16606679786784412,0.024752170726703725
1260,0.78,0.05628369231669917,0.1100117,0.05628369,5.014187e+07,0.383995,8.908774e+08,3.401066164528468e-07,0.0,319484776.5781834,49143678.33941849,0.1538217,0.25484603618645085,0.24050241014840046,0.03699447204002832
1261,0.78,0.05628369231669917,0.1100117,0.05628369,5.014187e+07,0.383995,8.908774e+08,0.00022001283157862083,0.0,166895957.05519643,22329039.460201927,0.1337902,0.13312926383098708,0.12566850547504754,0.016808896971160333
1262,0.78,0.05628369231669917,0.1100117,0.05628369,5.014187e+07,0.383995,8.908774e+08,0.03614479203543904,6.2701493661858185e-15,51927603.26740493,11010823.03334813,0.2120418,0.041421516239670546,0.04438804827801222,0.00828874839265307
1263,0.78,0.05628369231669917,0.1100117,0.05628369,5.014187e+07,0.383995,8.908774e+08,0.004911960524467727,0.0,132154749.03644907,15566431.25483036,0.1177894,0.10541696013147085,0.1002036702428199,0.011718127850391976
1264,0.78,0.05628369231669917,0.1100117,0.05628369,5.014187e+07,0.383995,8.908774e+08,0.003358923039238965,0.0,5665896.400800205,1175195.1930083649,0.2074156,0.00451956194799678,0.004757515207806219,0.0008846656819021918
1265,0.78,0.05628369231669917,0.1100117,0.05628369,5.014187e+07,0.383995,8.908774e+08,1.6278468742075109e-09,0.0,251372632.17892128,43626957.63847758,0.1735549,0.20051446457848945,0.1892287703877062,0.03284158449437011
1266,0.78,0.05628369231669917,0.1100117,0.05628369,5.014187e+07,0.383995,8.908774e+08,0.0,0.0,291515041.35387427,34646265.459412105,0.118849,0.23253518860415487,0.21944724959595302,0.026081081883558215
1267,0.78,0.05628369231669917,0.1100117,0.05628369,5.014187e+07,0.383995,8.908774e+08,0.0039696130845913525,0.0,103327255.82349162,13668470.754953293,0.1322833,0.08242189771504241,0.07836473118019278,0.010289377520373209
1268,0.78,0.05628369231669917,0.1100117,0.05628369,5.014187e+07,0.383995,8.908774e+08,0.0009207283421463065,0.0,210909043.3065149,25170347.120274376,0.1193422,0.16823754251523293,0.15890346730190819,0.018947781978132978
1269,0.78,0.05628369231669917,0.1100117,0.05628369,5.014187e+07,0.383995,8.908774e+08,2.0904050611917267e-05,0.0,131210082.79116856,13265751.633155944,0.1011031,0.10466342047707056,0.09877564071311447,0.009986217850711958
1270,0.78,0.05628369231669917,0.1100117,0.05628369,5.014187e+07,0.383995,8.908774e+08,5.434614678745606e-11,0.0,177376924.5836688,23473939.756095003,0.1323393,0.14148970296877003,0.13352614006886035,0.017670757202551752
1271,0.78,0.05628369231669917,0.1100117,0.05628369,5.014187e+07,0.383995,8.908774e+08,0.0,0.0,303665349.6857627,34109985.87730932,0.1123276,0.24222722448138614,0.22859378190794782,0.025677380315500656
1272,0.78,0.05628369231669917,0.1100117,0.05628369,5.014187e+07,0.383995,8.908774e+08,0.0,0.0,4719093.7790909875,1021907.6919747859,0.2165474,0.0037643181527279115,0.0035524484280376085,0.000769273624109807
1273,0.78,0.05628369231669917,0.1100117,0.05628369,5.014187e+07,0.383995,8.908774e+08,3.958801824135432e-05,0.0,346682597.6213277,43394505.526837595,0.1251707,0.276541144667019,0.2609821905431354,0.03266659874980867
1274,0.78,0.05628369231669917,0.1100117,0.05628369,5.014187e+07,0.383995,8.908774e+08,3.2335465676537447e-07,0.0,246810558.09787947,35510350.23713504,0.1438769,0.19687539761325037,0.1857945707046543,0.026731549272850985
1275,0.78,0.05628369231669917,0.1100117,0.05628369,5.014187e+07,0.383995,8.908774e+08,0.00015868104661911152,0.0,189337665.069437,33318350.38277239,0.1759732,0.151030524710888,0.14255322764847622,0.02508145143597578
1276,0.78,0.05628369231669917,0.1100117,0.05628369,5.014187e+07,0.383995,8.908774e+08,2.457449504058974e-07,0.0,225053650.63370028,38029214.9822886,0.1689784,0.17952038719207433,0.16941635297460922,0.02862770508649615
1277,0.78,0.05628369231669917,0.1100117,0.05628369,5.014187e+07,0.383995,8.908774e+08,0.004513512367757162,0.0,120549538.22585705,12767240.78801714,0.1059087,0.09615973665477175,0.09140907533101647,0.009610947904600787
1278,0.78,0.05628369231669917,0.1100117,0.05628369,5.014187e+07,0.383995,8.908774e+08,0.0,0.0,40864164.96153001,5421343.675362022,0.1326674,0.03259645287031907,0.03076180414635025,0.004081089446182018
1279,0.78,0.05628369231669917,0.1100117,0.05628369,5.014187e+07,0.383995,8.908774e+08,0.0,0.0,338750142.5316016,47670314.289266326,0.1407241,0.2702135983016008,0.2550049792750054,0.03588535023637168
1280,0.78,0.05628369231669917,0.1100117,0.05628369,5.014187e+07,0.383995,8.908774e+08,3.364570298536517e-05,0.0,152968581.49890977,24529607.354434136,0.1603572,0.12201970019852042,0.11515691252232567,0.018465444673452673
1281,0.78,0.05628369231669917,0.1100117,0.05628369,5.014187e+07,0.383995,8.908774e+08,1.3089284479221878e-08,0.0,240795382.62809154,35419598.29099117,0.1470942,0.19207722337202393,0.18126640994925625,0.02666323284950535
1282,0.78,0.05628369231669917,0.1100117,0.05628369,5.014187e+07,0.383995,8.908774e+08,3.166718552291992e-08,0.0,125000534.48416574,12614870.537967741,0.1009185,0.09971019926416343,0.09409814572952958,0.009496246336756132
1283,0.78,0.05628369231669917,0.1100117,0.05628369,5.014187e+07,0.383995,8.908774e+08,0.0,0.0,95529986.61038828,10379381.414373418,0.1086505,0.0762021861741022,0.07191324577361921,0.007813410564728406
1284,0.78,0.05628369231669917,0.1100117,0.05628369,5.014187e+07,0.383995,8.908774e+08,0.0,0.0,168486820.07325825,25411766.972064182,0.1508235,0.1343982605531813,0.1268338302083065,0.019129518475251916
1285,0.78,0.05628369231669917,0.1100117,0.05628369,5.014187e+07,0.383995,8.908774e+08,0.021857867758323952,0.017197333434196792,424879.8232218677,44430.98985077095,0.1045731,0.0003389173655264767,0.0035236376586468003,0.00100137626907678
1286,0.78,0.05628369231669917,0.1100117,0.05628369,5.014187e+07,0.383995,8.908774e+08,0.000935667792402488,0.0,167862220.94580516,28815926.294478357,0.1716642,0.13390003145587726,0.12650078788540225,0.021692108031594496
1287,0.78,0.05628369231669917,0.1100117,0.05628369,5.014187e+07,0.383995,8.908774e+08,0.0,0.0,244443481.71226057,30089702.45238463,0.1230947,0.1949872324221371,0.18401263102680485,0.02265098368053266
1288,0.78,0.05628369231669917,0.1100117,0.05628369,5.014187e+07,0.383995,8.908774e+08,0.0,0.0,266839126.068597,39570536.74071612,0.1482936,0.21285174932708292,0.20087166695888622,0.029787984223580966
1289,0.78,0.05628369231669917,0.1100117,0.05628369,5.014187e+07,0.383995,8.908774e+08,1.939837098954774e-08,0.0,79215405.17278603,12140351.277794437,0.1532575,0.06318840049096333,0.059631926843043054,0.009139036821796901
1290,0.78,0.05628369231669917,0.1100117,0.05628369,5.014187e+07,0.383995,8.908774e+08,0.0,0.0,160653006.793126,29965149.034699243,0.1865209,0.1281493986072415,0.12093667728546151,0.02255722212088245
1291,0.78,0.05628369231669917,0.1100117,0.05628369,5.014187e+07,0.383995,8.908774e+08,0.07257449558981524,1.8712026001880326e-05,17324337.31923204,3196372.069613323,0.1845018,0.01381924592041666,0.02367898419248263,0.002407224253239676
1292,0.78,0.05628369231669917,0.1100117,0.05628369,5.014187e+07,0.383995,8.908774e+08,2.6773411959722834e-12,0.0,408092400.10507345,59161871.356276795,0.1449718,0.3255264043516714,0.30720457636857296,0.04453598651304033
1293,0.78,0.05628369231669917,0.1100117,0.05628369,5.014187e+07,0.383995,8.908774e+08,0.0,0.0,360771512.22087896,54111791.49927419,0.1499891,0.2877795644700558,0.2715822680083895,0.04073437775312096
1294,0.78,0.05628369231669917,0.1100117,0.05628369,5.014187e+07,0.383995,8.908774e+08,0.0,0.0,385460930.72707486,64185869.57994308,0.1665172,0.3074737749718594,0.2901680156258893,0.048317961491203376
1295,0.78,0.05628369231669917,0.1100117,0.05628369,5.014187e+07,0.383995,8.908774e+08,0.0049891302763044485,3.787681303355612e-08,61253921.941896796,10780684.894885024,0.1759999,0.048860917177211895,0.04684212129054332,0.008115506697085726
1296,0.78,0.05628369231669917,0.1100117,0.05628369,5.014187e+07,0.383995,8.908774e+08,0.0,0.0,89558983.61227389,15503970.633247826,0.1731146,0.07143924734983405,0.06741838273265942,0.011671108624383319
1297,0.78,0.05628369231669917,0.1100117,0.05628369,5.014187e+07,0.383995,8.908774e+08,3.133801522568841e-05,0.0,195242234.7295875,35703579.86526501,0.1828681,0.1557404711108157,0.1469794156928113,0.026877009041364603
1298,0.78,0.05628369231669917,0.1100117,0.05628369,5.014187e+07,0.383995,8.908774e+08,2.9336692858835817e-05,0.0,250080377.280104,30516429.811864775,0.1220265,0.19948366103838552,0.18826028403565767,0.022972216317210182
1299,0.78,0.05628369231669917,0.1100117,0.05628369,5.014187e+07,0.383995,8.908774e+08,0.0020339240662442743,0.0,104946663.34521313,14053532.903118176,0.1339112,0.08371366376506031,0.07930007012269473,0.010579245339700293
1300,0.78,0.05628369231669917,0.1100117,0.05628369,5.014187e+07,0.383995,8.908774e+08,1.5711441585174418e-09,0.0,33307450.069415346,3599448.171245806,0.1080674,0.02656862626314028,0.025073246107557255,0.0027095994689489023
1301,0.78,0.05628369231669917,0.1100117,0.05628369,5.014187e+07,0.383995,8.908774e+08,4.694409319452679e-08,0.0,297723725.20769864,42664646.43227635,0.1433028,0.23748772026162104,0.22412104136620667,0.032117174026644456
1302,0.78,0.05628369231669917,0.1100117,0.05628369,5.014187e+07,0.383995,8.908774e+08,5.0147392407257155e-06,0.0,58567423.51563429,8723934.924361384,0.1489554,0.046717955992998494,0.04408923196277471,0.006567220394234183
1303,0.78,0.05628369231669917,0.1100117,0.05628369,5.014187e+07,0.383995,8.908774e+08,0.0,0.0,317596485.21338487,48325511.325332254,0.1521601,0.25333978736095714,0.23908088871755506,0.036378570712544474
1304,0.78,0.05628369231669917,0.1100117,0.05628369,5.014187e+07,0.383995,8.908774e+08,0.0,0.0,470422765.5807653,68134944.85169564,0.1448377,0.3752459770513917,0.354125747935952,0.05129075391662576
1305,0.78,0.05628369231669917,0.1100117,0.05628369,5.014187e+07,0.383995,8.908774e+08,9.772436761254883e-08,0.0,288780179.38518345,32275015.78054469,0.1117633,0.23035364887727725,0.21738850930369427,0.02429604802144246
1306,0.78,0.05628369231669917,0.1100117,0.05628369,5.014187e+07,0.383995,8.908774e+08,0.0,0.0,118994511.00021337,22161945.33552988,0.1862434,0.09491932536237227,0.08957691525876785,0.016683111536856064
1307,0.78,0.05628369231669917,0.1100117,0.05628369,5.014187e+07,0.383995,8.908774e+08,0.00014641773735824974,0.0,80575386.43245275,13699526.42198643,0.1700212,0.06427322787155405,0.060677154327988723,0.010312755664715739
1308,0.78,0.05628369231669917,0.1100117,0.05628369,5.014187e+07,0.383995,8.908774e+08,2.8706125547875264e-09,0.0,210955114.23117864,29499337.79508062,0.139837,0.1682742922867236,0.15880319421560463,0.02220656784626785
1309,0.78,0.05628369231669917,0.1100117,0.05628369,5.014187e+07,0.383995,8.908774e+08,0.004608166543440956,3.048927741611119e-11,160757554.13666055,22314403.468152273,0.1388078,0.12823279374230542,0.12169081618597924,0.016797879262827914
1310,0.78,0.05628369231669917,0.1100117,0.05628369,5.014187e+07,0.383995,8.908774e+08,0.022221738992387826,0.012489976797177803,21278.505804597684,2667.583383383774,0.1253652,1.6973399854453057e-05,0.003273147962080362,0.0007049901196092375
1311,0.78,0.05628369231669917,0.1100117,0.05628369,5.014187e+07,0.383995,8.908774e+08,0.008276874393421643,4.484440549523468e-07,119689680.7883055,13390634.143026806,0.1118779,0.09547384713605214,0.09131340135387014,0.010080252385093294
1312,0.78,0.05628369231669917,0.1100117,0.05628369,5.014187e+07,0.383995,8.908774e+08,0.0,0.0,79046321.02455695,11761485.634592837,0.1487923,0.06305352575477195,0.05950464051170731,0.0088538336193108
1313,0.78,0.05628369231669917,0.1100117,0.05628369,5.014187e+07,0.383995,8.908774e+08,8.857695442520323e-05,0.0,104284369.97345217,16048634.17208641,0.153893,0.08318536679143429,0.07851637028306843,0.012081121483405
1314,0.78,0.05628369231669917,0.1100117,0.05628369,5.014187e+07,0.383995,8.908774e+08,0.0006875962451267145,0.0,77363814.19249116,11005841.992454171,0.1422609,0.06171142676150847,0.0583388635594511,0.008284998755175256
1315,0.78,0.05628369231669917,0.1100117,0.05628369,5.014187e+07,0.383995,8.908774e+08,3.980222445682251e-08,0.0,295657938.2702882,34184261.0063575,0.115621,0.23583988709021494,0.22256595328319678,0.02573329328900387
1316,0.78,0.05628369231669917,0.1100117,0.05628369,5.014187e+07,0.383995,8.908774e+08,0.0,0.0,325887154.519955,46373390.03645213,0.1422989,0.25995307339211493,0.24532195459253284,0.034909049120338105
1317,0.78,0.05628369231669917,0.1100117,0.05628369,5.014187e+07,0.383995,8.908774e+08,0.059573991338282374,0.03833415642473591,452073.45695208723,37496.145197314116,0.08294259,0.00036060913387887794,0.009072312848340168,0.0021858142852257036
1318,0.78,0.05628369231669917,0.1100117,0.05628369,5.014187e+07,0.383995,8.908774e+08,0.011738936947676717,6.504004051647347e-08,56975586.83259656,9053650.401254773,0.158904,0.0454481825994951,0.044610814396524597,0.006815427901348343
1319,0.78,0.05628369231669917,0.1100117,0.05628369,5.014187e+07,0.383995,8.908774e+08,9.804190549813464e-07,0.0,145969354.0459863,17572940.793102756,0.1203879,0.11643656915907188,0.1098832328300848,0.013228591932852161
1320,0.78,0.05628369231669917,0.1100117,0.05628369,5.014187e+07,0.383995,8.908774e+08,0.0,0.0,336636405.7700846,40947234.710658506,0.1216364,0.2685275166016098,0.2534137964786375,0.0308243375507544
1321,0.78,0.05628369231669917,0.1100117,0.05628369,5.014187e+07,0.383995,8.908774e+08,2.718126435434635e-09,0.0,101905828.03214589,11859417.724955382,0.1163762,0.0812880557766893,0.0767128642547382,0.008927555125334753
1322,0.78,0.05628369231669917,0.1100117,0.05628369,5.014187e+07,0.383995,8.908774e+08,0.03324476388179924,0.03437266407059802,187738.67331966996,17215.67386552207,0.0917002,0.00014975504387675426,0.005014145370597651,0.0019475800965075621
1323,0.78,0.05628369231669917,0.1100117,0.05628369,5.014187e+07,0.383995,8.908774e+08,1.1485659995058549e-08,0.0,303123631.8714514,45724797.126324065,0.1508454,0.24179510799938206,0.22818598822056133,0.03442080011070207
1324,0.78,0.05628369231669917,0.1100117,0.05628369,5.014187e+07,0.383995,8.908774e+08,0.005495937155057408,0.0027010819965745453,52941.10830063747,4041.0333850772618,0.07633073,4.22299670933879e-05,0.0008454147784578844,0.00015506888484697928
1325,0.78,0.05628369231669917,0.1100117,0.05628369,5.014187e+07,0.383995,8.908774e+08,0.008869679369421695,0.0,68933228.28681399,11350398.774644924,0.1646579,0.05498653231175552,0.05319175191554693,0.008544374867743
1326,0.78,0.05628369231669917,0.1100117,0.05628369,5.014187e+07,0.383995,8.908774e+08,0.0,0.0,45367076.6853876,6873447.927685175,0.1515074,0.03618832731395717,0.034151514633962404,0.005174207258624765
1327,0.78,0.05628369231669917,0.1100117,0.05628369,5.014187e+07,0.383995,8.908774e+08,0.00015447626420220787,0.0,160027006.51020518,25807252.162135135,0.1612681,0.12765005183878939,0.12048807780581614,0.019427232571972056
1328,0.78,0.05628369231669917,0.1100117,0.05628369,5.014187e+07,0.383995,8.908774e+08,0.0,0.0,377468480.6042603,59411977.21181309,0.1573959,0.30109837187743765,0.2841514437576289,0.04472426167664898
1329,0.78,0.05628369231669917,0.1100117,0.05628369,5.014187e+07,0.383995,8.908774e+08,0.00913279609068694,7.2884153608404746e-06,65806978.285415746,6852363.943529635,0.1041282,0.05249279088996587,0.050876933547448364,0.0051587458356914286
1330,0.78,0.05628369231669917,0.1100117,0.05628369,5.014187e+07,0.383995,8.908774e+08,0.0,0.0,75782676.98825738,9051209.058881583,0.1194364,0.06045018810882012,0.057047828320816715,0.006813586442280297
1331,0.78,0.05628369231669917,0.1100117,0.05628369,5.014187e+07,0.383995,8.908774e+08,0.0,0.0,442583632.4409088,75170944.39585356,0.1698457,0.3530393079025626,0.3331689521208744,0.05658732709155678
1332,0.78,0.05628369231669917,0.1100117,0.05628369,5.014187e+07,0.383995,8.908774e+08,0.0,0.0,85467683.49705622,12823008.313616581,0.1500334,0.06817570650641849,0.06433852601793766,0.009652928689032123
1333,0.78,0.05628369231669917,0.1100117,0.05628369,5.014187e+07,0.383995,8.908774e+08,6.409251100719122e-08,0.0,250187513.3771645,34650187.27373064,0.1384969,0.19956912116565914,0.18833664354835492,0.026084034154431213
1334,0.78,0.05628369231669917,0.1100117,0.05628369,5.014187e+07,0.383995,8.908774e+08,0.032119141182924124,0.0030964428294324576,63751.25540211834,10927.665972822562,0.171411,5.085298559496171e-05,0.004755822827561368,0.00018250538474983417
1335,0.78,0.05628369231669917,0.1100117,0.05628369,5.014187e+07,0.383995,8.908774e+08,0.0008302101040637015,1.6982493781687287e-07,67048963.25597847,6569979.203614718,0.09798778,0.053483495205022956,0.05059493385945357,0.00494577105129759
1336,0.78,0.05628369231669917,0.1100117,0.05628369,5.014187e+07,0.383995,8.908774e+08,0.00324391780339913,0.002776735348897267,51000.9651804559,6398.618435864625,0.1254607,4.0682357253857134e-05,0.0005138667167246879,0.00016110168222912972
1337,0.78,0.05628369231669917,0.1100117,0.05628369,5.014187e+07,0.383995,8.908774e+08,5.80874396838873e-08,0.0,54481149.87649882,7669538.255220524,0.1407742,0.04345842465989281,0.04101243257187721,0.005773489655842489
1338,0.78,0.05628369231669917,0.1100117,0.05628369,5.014187e+07,0.383995,8.908774e+08,6.33723660044817e-08,0.0,202950941.31617475,24631829.654361144,0.1213684,0.16188953817672455,0.1527778065094365,0.018542395771626446
1339,0.78,0.05628369231669917,0.1100117,0.05628369,5.014187e+07,0.383995,8.908774e+08,1.6613056371517006e-07,0.0,213069154.62337276,21612355.26317903,0.1014335,0.16996061618628155,0.16039462950932293,0.016269390072527815
1340,0.78,0.05628369231669917,0.1100117,0.05628369,5.014187e+07,0.383995,8.908774e+08,0.0,0.0,493511878.14995027,58700723.850785494,0.1189449,0.3936636584205682,0.37150681419375886,0.04418884301310937
1341,0.78,0.05628369231669917,0.1100117,0.05628369,5.014187e+07,0.383995,8.908774e+08,0.0012582235548662369,0.0,121772795.59481841,17074543.1703833,0.1402164,0.0971355023706051,0.09185278054206542,0.01285340721853007
1342,0.78,0.05628369231669917,0.1100117,0.05628369,5.014187e+07,0.383995,8.908774e+08,0.018540534947988775,0.014875357792370592,166371.64201258248,20861.807562461046,0.1253928,0.00013271102916029566,0.0028428025299265087,0.0008529444524275075
1343,0.78,0.05628369231669917,0.1100117,0.05628369,5.014187e+07,0.383995,8.908774e+08,6.175904057402965e-05,0.0,262404644.61549404,36808219.686404906,0.1402727,0.20931446021750602,0.19754252181279314,0.027708561915677696
1344,0.78,0.05628369231669917,0.1100117,0.05628369,5.014187e+07,0.383995,8.908774e+08,0.003290022993794356,0.0,165214056.82129237,24426593.437096745,0.1478482,0.13178764870784326,0.12485238517324314,0.018387897660012795
1345,0.78,0.05628369231669917,0.1100117,0.05628369,5.014187e+07,0.383995,8.908774e+08,0.0002790306615576585,0.0,231392624.0816489,38070257.05007618,0.1645267,0.18457684801628996,0.17422908014294236,0.028658600812671672
1346,0.78,0.05628369231669917,0.1100117,0.05628369,5.014187e+07,0.383995,8.908774e+08,0.0,0.0,390014620.9473066,43354873.30913147,0.1111622,0.3111061543142381,0.293595951246984,0.03263676433327015
1347,0.78,0.05628369231669917,0.1100117,0.05628369,5.014187e+07,0.383995,8.908774e+08,0.0,0.0,501327829.9449089,63306975.214677095,0.1262786,0.3998982726494629,0.3773905213136811,0.04765634571231507
1348,0.78,0.05628369231669917,0.1100117,0.05628369,5.014187e+07,0.383995,8.908774e+08,2.2084784637192683e-09,0.0,209585017.11616918,33938623.68099123,0.1619325,0.16718139570902016,0.15777180979556293,0.025548381954071078
1349,0.78,0.05628369231669917,0.1100117,0.05628369,5.014187e+07,0.383995,8.908774e+08,0.0,0.0,274049882.9315453,38521979.79279238,0.1405656,0.2186036127620436,0.20629979428202588,0.0289986495216804
1350,0.78,0.05628369231669917,0.1100117,0.05628369,5.014187e+07,0.383995,8.908774e+08,8.312350669993007e-05,0.0,107437055.9775391,16733050.66011746,0.1557475,0.0857001956358235,0.08088885594072809,0.012596337834434427
1351,0.78,0.05628369231669917,0.1100117,0.05628369,5.014187e+07,0.383995,8.908774e+08,0.03398246173967158,2.956474179227896e-06,57640686.189513646,7953615.603207992,0.1379861,0.04597871784626295,0.048371812281035396,0.005987504345703849
1352,0.78,0.05628369231669917,0.1100117,0.05628369,5.014187e+07,0.383995,8.908774e+08,0.0,0.0,456617615.38405806,49899552.80063955,0.1092808,0.3642339099217127,0.3437334806043707,0.03756348066059354
1353,0.78,0.05628369231669917,0.1100117,0.05628369,5.014187e+07,0.383995,8.908774e+08,0.06634096376106667,3.705153091847645e-05,29042013.89544488,4739454.838195467,0.1631931,0.02316618088472439,0.03158616524982314,0.0035698612619640144
1354,0.78,0.05628369231669917,0.1100117,0.05628369,5.014187e+07,0.383995,8.908774e+08,0.0,0.0,185355344.7907555,22952406.638651606,0.1238292,0.14785391470550158,0.13953215046239764,0.017278156506324808
1355,0.78,0.05628369231669917,0.1100117,0.05628369,5.014187e+07,0.383995,8.908774e+08,0.00027001783816607577,0.0,237848002.45742628,28513077.69936746,0.1198794,0.18972616251186813,0.179087251159943,0.02146412908775534
1357,0.78,0.05628369231669917,0.1100117,0.05628369,5.014187e+07,0.383995,8.908774e+08,1.570097995546162e-06,0.0,313584120.20565087,41764236.94083787,0.1331835,0.2501392113306811,0.2360606830593975,0.0314393620499842
1358,0.78,0.05628369231669917,0.1100117,0.05628369,5.014187e+07,0.383995,8.908774e+08,0.0016528343101794385,0.0,55669833.77720414,8441480.594521275,0.1516347,0.044406611874375834,0.04214950638430443,0.006354593884356646
1359,0.78,0.05628369231669917,0.1100117,0.05628369,5.014187e+07,0.383995,8.908774e+08,7.416657596177099e-06,0.0,24845637.639499508,3027472.7280011885,0.1218513,0.01981882309626053,0.018704433644441243,0.0022790267023653464
1360,0.78,0.05628369231669917,0.1100117,0.05628369,5.014187e+07,0.383995,8.908774e+08,0.0,0.0,53471801.79419364,5376840.514975305,0.1005547,0.04265328971523944,0.040252605080611875,0.004047588272109366
1361,0.78,0.05628369231669917,0.1100117,0.05628369,5.014187e+07,0.383995,8.908774e+08,5.771843720533346e-07,0.0,273670530.4795941,37356953.23320812,0.1365034,0.21830101158732465,0.20601430921896027,0.028121638603068315
1362,0.78,0.05628369231669917,0.1100117,0.05628369,5.014187e+07,0.383995,8.908774e+08,0.009137540318748302,0.0,80616978.95772293,11080449.029259382,0.1374456,0.06430640532155218,0.062026329519856045,0.00834116158283372
1363,0.78,0.05628369231669917,0.1100117,0.05628369,5.014187e+07,0.383995,8.908774e+08,0.0,0.0,76079480.59800084,11980188.631438252,0.1574694,0.060686941873049766,0.05727125670902563,0.0090184692789777
1364,0.78,0.05628369231669917,0.1100117,0.05628369,5.014187e+07,0.383995,8.908774e+08,0.0,0.0,22698225.146034483,2759630.0827230215,0.1215791,0.01810587899958649,0.01708681327685038,0.0020773996042992553
1365,0.78,0.05628369231669917,0.1100117,0.05628369,5.014187e+07,0.383995,8.908774e+08,0.0,0.0,296294961.8510664,47049141.45184805,0.1587916,0.2363480269028764,0.22304548727701595,0.035417742561439806
1366,0.78,0.05628369231669917,0.1100117,0.05628369,5.014187e+07,0.383995,8.908774e+08,0.0,0.0,417071236.2290423,58208514.74572198,0.1395649,0.33268862603956834,0.3139636817742919,0.04381831690292779
1367,0.78,0.05628369231669917,0.1100117,0.05628369,5.014187e+07,0.383995,8.908774e+08,0.00010688732774728997,0.0,155838682.10711902,25654382.732977487,0.1646214,0.1243091168376868,0.11732820766005876,0.019312155231124912
1368,0.78,0.05628369231669917,0.1100117,0.05628369,5.014187e+07,0.383995,8.908774e+08,3.0207171754325974e-06,0.0,172309837.03332722,22115254.094400678,0.1283459,0.13744779777677646,0.1297121709757972,0.01664796321518306
1369,0.78,0.05628369231669917,0.1100117,0.05628369,5.014187e+07,0.383995,8.908774e+08,0.0030735290379322105,8.04079801670544e-07,50814732.84162567,7239930.288862827,0.142477,0.04053380378013942,0.03870291118409632,0.005450133806998159
1370,0.78,0.05628369231669917,0.1100117,0.05628369,5.014187e+07,0.383995,8.908774e+08,0.00020074937885562896,0.0,158007262.36145407,23088174.81912277,0.146121,0.12603894599539708,0.11897443338500273,0.017380360336524008
1371,0.78,0.05628369231669917,0.1100117,0.05628369,5.014187e+07,0.383995,8.908774e+08,0.014091371386508142,0.0,36651591.48390555,7324118.107848369,0.1998308,0.029236174911491043,0.029656084162384064,0.005513463617584547
1372,0.78,0.05628369231669917,0.1100117,0.05628369,5.014187e+07,0.383995,8.908774e+08,1.1892442698839229e-06,0.0,224607041.80028087,32705848.672713112,0.1456136,0.17916413706916767,0.16908029221650772,0.024620371228858233
1373,0.78,0.05628369231669917,0.1100117,0.05628369,5.014187e+07,0.383995,8.908774e+08,0.05282969642074555,0.0020255468427504094,9868665.100305142,1125674.29579429,0.1140655,0.00787201884922635,0.015172414189621522,0.0009613925015876736
1374,0.78,0.05628369231669917,0.1100117,0.05628369,5.014187e+07,0.383995,8.908774e+08,1.2143191212327276e-06,0.0,27773157.882077184,3725869.3556379266,0.1341536,0.022154042125058112,0.0209073088221702,0.002804767049587859
1375,0.78,0.05628369231669917,0.1100117,0.05628369,5.014187e+07,0.383995,8.908774e+08,7.775932257411552e-05,0.0,184598747.11039644,25640373.71122506,0.1388979,0.14725039324231165,0.13897399491300358,0.019301609492974242
1376,0.78,0.05628369231669917,0.1100117,0.05628369,5.014187e+07,0.383995,8.908774e+08,0.013376177238140477,0.0,80752442.90084676,11833903.166880408,0.1465455,0.06441446195361161,0.0627495784302257,0.008908348227576733
1377,0.78,0.05628369231669917,0.1100117,0.05628369,5.014187e+07,0.383995,8.908774e+08,3.47333808180225e-07,0.0,252294658.57448837,27567534.721378323,0.1092672,0.2012499449186992,0.1899229058502593,0.02075234143888888
1378,0.78,0.05628369231669917,0.1100117,0.05628369,5.014187e+07,0.383995,8.908774e+08,0.06921242585790816,0.0011606317716260717,19695744.165352207,2284144.8507059864,0.1159715,0.015710865425395622,0.02497134424993371,0.0017847875647377732
1379,0.78,0.05628369231669917,0.1100117,0.05628369,5.014187e+07,0.383995,8.908774e+08,0.10131497214988293,0.03583044744080819,1701650.5668155309,156175.55758882576,0.09177886,0.001357369532821047,0.016131115759525534,0.002134236013850062
1380,0.78,0.05628369231669917,0.1100117,0.05628369,5.014187e+07,0.383995,8.908774e+08,0.0,0.0,79616791.14329074,8949317.979766395,0.1124049,0.06350857732273467,0.059934080097230585,0.006736884681141842
1381,0.78,0.05628369231669917,0.1100117,0.05628369,5.014187e+07,0.383995,8.908774e+08,0.011424616688504365,1.4338441575738008e-05,79797853.31724823,7687768.067406574,0.09634054,0.06365300666872911,0.06174493256135976,0.005788019749111035
1382,0.78,0.05628369231669917,0.1100117,0.05628369,5.014187e+07,0.383995,8.908774e+08,0.0,0.0,93681750.92908008,10801782.633845234,0.115303,0.0747278888934476,0.07052192738749231,0.008131386561467948
1383,0.78,0.05628369231669917,0.1100117,0.05628369,5.014187e+07,0.383995,8.908774e+08,0.0,0.0,136376379.19283965,19031577.107823264,0.1395519,0.10878446240536414,0.10266167119450312,0.014326626963701997
1384,0.78,0.05628369231669917,0.1100117,0.05628369,5.014187e+07,0.383995,8.908774e+08,7.132300061891839e-07,0.0,248071126.85799617,36033723.94264229,0.1452556,0.1978809258117985,0.18674356120906158,0.02712553553047598
1385,0.78,0.05628369231669917,0.1100117,0.05628369,5.014187e+07,0.383995,8.908774e+08,5.8098363948453325e-06,0.0,196117575.2563217,29809779.11730503,0.1519995,0.15643871115198707,0.1476346144382348,0.022440262457724895
1386,0.78,0.05628369231669917,0.1100117,0.05628369,5.014187e+07,0.383995,8.908774e+08,0.0,0.0,248539178.61255255,29806691.776932064,0.1199275,0.19825428048508328,0.1870957975617923,0.022437938363742412
1387,0.78,0.05628369231669917,0.1100117,0.05628369,5.014187e+07,0.383995,8.908774e+08,2.8078388411158537e-08,0.0,267036134.27470732,31048289.68490064,0.11627,0.21300889847503657,0.20101997528811122,0.023372590808235127
1388,0.78,0.05628369231669917,0.1100117,0.05628369,5.014187e+07,0.383995,8.908774e+08,0.027789694912789677,0.0,62073823.49926154,10820715.896005599,0.1743201,0.04951493476201024,0.050801299047298236,0.008145639178717728
1389,0.78,0.05628369231669917,0.1100117,0.05628369,5.014187e+07,0.383995,8.908774e+08,9.263952817883403e-09,0.0,198449221.08152848,24009461.639124826,0.1209854,0.158298614158036,0.14938898502246015,0.018073888388454033
1390,0.78,0.05628369231669917,0.1100117,0.05628369,5.014187e+07,0.383995,8.908774e+08,2.067517128889959e-06,0.0,217436909.0262901,31936944.161392886,0.1468791,0.1734446785836866,0.16368287470463594,0.02404155382229321
1391,0.78,0.05628369231669917,0.1100117,0.05628369,5.014187e+07,0.383995,8.908774e+08,4.0519312356681385e-07,0.0,221560820.9855449,27819316.15966024,0.1255606,0.17673423318360915,0.16678703737206507,0.020941877950876975
1392,0.78,0.05628369231669917,0.1100117,0.05628369,5.014187e+07,0.383995,8.908774e+08,0.0,0.0,277446524.1359289,41392954.69448629,0.1491926,0.22131303934742239,0.20885672433511854,0.031159867491462417
1393,0.78,0.05628369231669917,0.1100117,0.05628369,5.014187e+07,0.383995,8.908774e+08,0.05823009882824365,2.4194425155444967e-05,39464450.71808723,5151597.155527101,0.1305377,0.0314799313554111,0.03824314496873728,0.003879390897372106
1394,0.78,0.05628369231669917,0.1100117,0.05628369,5.014187e+07,0.383995,8.908774e+08,1.8666882639463664e-05,0.0,262622585.06292942,31921771.11138414,0.12155,0.20948830655769313,0.1977002672477117,0.024030131824728566
1395,0.78,0.05628369231669917,0.1100117,0.05628369,5.014187e+07,0.383995,8.908774e+08,0.0,0.0,342061064.1224865,48050551.12731118,0.1404736,0.2728546482214071,0.2574973811537322,0.03617158564953074
1396,0.78,0.05628369231669917,0.1100117,0.05628369,5.014187e+07,0.383995,8.908774e+08,1.2223138949813342e-08,0.0,210791119.7399474,32548322.139093056,0.1544103,0.16814347745888011,0.15867974350011946,0.024501788104019255
1397,0.78,0.05628369231669917,0.1100117,0.05628369,5.014187e+07,0.383995,8.908774e+08,0.013817499079470543,1.5931494443222023e-06,34270890.69847244,4164228.395498013,0.1215092,0.027337141833884842,0.027823793109851495,0.003134845473170317
1398,0.78,0.05628369231669917,0.1100117,0.05628369,5.014187e+07,0.383995,8.908774e+08,0.0,0.0,34925671.82104469,4480306.875440585,0.1282812,0.027859446450225197,0.026291413938107168,0.0033726939666477275
1399,0.78,0.05628369231669917,0.1100117,0.05628369,5.014187e+07,0.383995,8.908774e+08,0.0,0.0,38024459.68969249,5009343.239634876,0.13174,0.03033128192785177,0.028624125388253506,0.003770942971294284
1400,0.78,0.05628369231669917,0.1100117,0.05628369,5.014187e+07,0.383995,8.908774e+08,0.0,0.0,240277226.2407885,45013172.64676116,0.1873385,0.19166390132631275,0.1808763492758444,0.03388510207584265
1401,0.78,0.05628369231669917,0.1100117,0.05628369,5.014187e+07,0.383995,8.908774e+08,0.0,0.0,187205485.95126966,26548111.210777413,0.1418127,0.14932973194534757,0.14092490325880047,0.019984937861578244
1402,0.78,0.05628369231669917,0.1100117,0.05628369,5.014187e+07,0.383995,8.908774e+08,0.0,0.0,132409511.22184695,20465418.436395988,0.1545615,0.10562017836870338,0.0996754847469644,0.015405996777523474
1403,0.78,0.05628369231669917,0.1100117,0.05628369,5.014187e+07,0.383995,8.908774e+08,4.161038213324798e-10,0.0,349878231.45445544,52301964.44659775,0.1494862,0.279090232057656,0.2633820033689167,0.03937197268781225
1404,0.78,0.05628369231669917,0.1100117,0.05628369,5.014187e+07,0.383995,8.908774e+08,6.182318376060562e-11,0.0,335279780.0639181,47904446.02921774,0.142879,0.26744536587283924,0.252392553197587,0.03606160037474133
1405,0.78,0.05628369231669917,0.1100117,0.05628369,5.014187e+07,0.383995,8.908774e+08,0.005188775232819947,1.387153781734963e-05,22364538.8520788,3260394.501634986,0.1457841,0.017839704722817647,0.017596159979519084,0.002455146741345967
1406,0.78,0.05628369231669917,0.1100117,0.05628369,5.014187e+07,0.383995,8.908774e+08,0.014076543030327751,9.869319269068813e-13,78114160.68815562,9367820.202792527,0.1199247,0.06230996179104747,0.06086618274550638,0.007051925583945843
1407,0.78,0.05628369231669917,0.1100117,0.05628369,5.014187e+07,0.383995,8.908774e+08,0.0005766798892229572,0.0,103661048.67896584,16150045.660045529,0.1557967,0.08268815699360978,0.07811868850383054,0.012157462216997017
1408,0.78,0.05628369231669917,0.1100117,0.05628369,5.014187e+07,0.383995,8.908774e+08,0.04309341822892578,0.0023206773627764228,2879702.170255622,366833.6676357353,0.127386,0.002297075595736788,0.00848416377315928,0.0004067620395925537
1409,0.78,0.05628369231669917,0.1100117,0.05628369,5.014187e+07,0.383995,8.908774e+08,0.0,0.0,322956841.32902884,44904525.26925139,0.1390419,0.25761562648935254,0.24311606783205217,0.03380331429549485
1410,0.78,0.05628369231669917,0.1100117,0.05628369,5.014187e+07,0.383995,8.908774e+08,0.024996481478723985,0.0,46376337.67918536,8159991.274030056,0.1759516,0.036993392790008156,0.03857510313499803,0.0061426938160598415
1411,0.78,0.05628369231669917,0.1100117,0.05628369,5.014187e+07,0.383995,8.908774e+08,0.0,0.0,298998203.7025505,33442752.982078012,0.1118493,0.23850434395210346,0.2250804388409071,0.025175099462278024
1412,0.78,0.05628369231669917,0.1100117,0.05628369,5.014187e+07,0.383995,8.908774e+08,5.499346663199891e-05,0.0,261943605.37597775,36145146.873957016,0.1379883,0.2089466992744791,0.1971944681560764,0.02720941269751812
1413,0.78,0.05628369231669917,0.1100117,0.05628369,5.014187e+07,0.383995,8.908774e+08,0.0,0.0,64969375.91213373,8246499.528634263,0.126929,0.05182465375048295,0.04890777088437131,0.00620781566518321
1414,0.78,0.05628369231669917,0.1100117,0.05628369,5.014187e+07,0.383995,8.908774e+08,0.004998810119564153,0.0,103270729.29165857,15720956.18952586,0.1522305,0.08237680773381917,0.07847303258900051,0.011834451425859758
1415,0.78,0.05628369231669917,0.1100117,0.05628369,5.014187e+07,0.383995,8.908774e+08,0.0,0.0,250304712.08867767,31992268.997256376,0.1278133,0.19966260802094904,0.18842485922394825,0.024083201357899625
1416,0.78,0.05628369231669917,0.1100117,0.05628369,5.014187e+07,0.383995,8.908774e+08,0.00044337162865881584,0.0,31941047.270728346,4415812.117670456,0.1382488,0.025478676560969606,0.02410962933617546,0.003324143479714769
1417,0.78,0.05628369231669917,0.1100117,0.05628369,5.014187e+07,0.383995,8.908774e+08,5.62867887508626e-06,0.0,177429712.5381776,22132598.93721361,0.1247401,0.14153181076842497,0.13356670289626865,0.016661020099082754
1418,0.78,0.05628369231669917,0.1100117,0.05628369,5.014187e+07,0.383995,8.908774e+08,1.5121038213888524e-08,0.0,297403975.12776375,34767690.31879698,0.1169039,0.23723266259873496,0.22388033462590803,0.026172488321115718
1419,0.78,0.05628369231669917,0.1100117,0.05628369,5.014187e+07,0.383995,8.908774e+08,0.013490740936533175,2.319615699391538e-05,65357351.08855862,6819174.925525912,0.1043368,0.052134133084395524,0.05117722387585596,0.005134657089766297
1420,0.78,0.05628369231669917,0.1100117,0.05628369,5.014187e+07,0.383995,8.908774e+08,0.0,0.0,350127522.65049493,49881646.09487665,0.1424671,0.27928908620603604,0.26356966521060343,0.03755000081642927
1421,0.78,0.05628369231669917,0.1100117,0.05628369,5.014187e+07,0.383995,8.908774e+08,0.0007764629205344668,0.0,65131867.32959552,8522440.031215174,0.130849,0.05195426960917261,0.04914390078511064,0.006415538683735787
1422,0.78,0.05628369231669917,0.1100117,0.05628369,5.014187e+07,0.383995,8.908774e+08,8.252981553779128e-06,0.0,159380261.74241233,16880757.92682412,0.105915,0.12713415764733016,0.11997978750814957,0.012707529192772484
1423,0.78,0.05628369231669917,0.1100117,0.05628369,5.014187e+07,0.383995,8.908774e+08,0.004011338065162738,0.0,153498407.03218114,24492658.26853748,0.1595629,0.12244233046738877,0.11613878200777307,0.0184376300700022
1424,0.78,0.05628369231669917,0.1100117,0.05628369,5.014187e+07,0.383995,8.908774e+08,0.012150485126155568,1.0359985688142115e-08,59393584.69163003,10103221.11885778,0.1701063,0.04737696673901483,0.046491361718977275,0.007605522673128889
1425,0.78,0.05628369231669917,0.1100117,0.05628369,5.014187e+07,0.383995,8.908774e+08,4.3490602585552175e-16,0.0,11998103.463863388,1379639.6876548594,0.1149881,0.00957062537460919,0.009031955240746358,0.001038567799051426
1426,0.78,0.05628369231669917,0.1100117,0.05628369,5.014187e+07,0.383995,8.908774e+08,0.0,0.0,344167708.378653,50567984.68177912,0.1469283,0.2745350723846148,0.25908322484037644,0.03806666408871815
1427,0.78,0.05628369231669917,0.1100117,0.05628369,5.014187e+07,0.383995,8.908774e+08,0.0029112715398650958,0.0,159328709.58277258,18797715.08855998,0.1179807,0.12709303561428134,0.1203664871107602,0.014150579866187105
1428,0.78,0.05628369231669917,0.1100117,0.05628369,5.014187e+07,0.383995,8.908774e+08,0.011963439199025644,1.949413354438248e-07,89337647.1198349,10164571.710881427,0.113777,0.07126269205863792,0.06900529414819313,0.007651716677886056
1429,0.78,0.05628369231669917,0.1100117,0.05628369,5.014187e+07,0.383995,8.908774e+08,1.6686131801373127e-07,0.0,29917017.833623603,3486726.4597212314,0.1165466,0.023864152436548273,0.022521014280946994,0.0026247446036598474
1430,0.78,0.05628369231669917,0.1100117,0.05628369,5.014187e+07,0.383995,8.908774e+08,0.0,0.0,243257621.80250138,37218646.8143362,0.1530009,0.19404129784362176,0.18311993713905841,0.028017524032918007
1431,0.78,0.05628369231669917,0.1100117,0.05628369,5.014187e+07,0.383995,8.908774e+08,2.7061886006631942e-09,0.0,312633703.5461489,41075874.67829763,0.1313866,0.24938108469631118,0.2353449968523163,0.0309211753912837
1432,0.78,0.05628369231669917,0.1100117,0.05628369,5.014187e+07,0.383995,8.908774e+08,0.0,0.0,519653059.49815595,63104947.154620014,0.1214367,0.41451590846883024,0.3911854226161936,0.04750426264341121
1433,0.78,0.05628369231669917,0.1100117,0.05628369,5.014187e+07,0.383995,8.908774e+08,0.022961177033847202,0.00048117403897207406,4579610.645843874,496587.8858446776,0.1084345,0.0036530555003924424,0.006812960351773135,0.000400904628701361
1434,0.78,0.05628369231669917,0.1100117,0.05628369,5.014187e+07,0.383995,8.908774e+08,0.0,0.0,441597733.6793932,75693820.74085444,0.171409,0.35225287796951726,0.3324267853682092,0.05698093894518987
1435,0.78,0.05628369231669917,0.1100117,0.05628369,5.014187e+07,0.383995,8.908774e+08,0.0,0.0,81728180.09044741,12050917.4010523,0.1474512,0.06519278622243191,0.061523495501420215,0.009071712617252883
1436,0.78,0.05628369231669917,0.1100117,0.05628369,5.014187e+07,0.383995,8.908774e+08,9.666560559571746e-05,0.0,134368040.27888116,16200332.275837412,0.1205669,0.10718245426894181,0.10116399865871259,0.012195317071675411
1437,0.78,0.05628369231669917,0.1100117,0.05628369,5.014187e+07,0.383995,8.908774e+08,0.0,0.0,164689830.9663656,21908424.452510923,0.1330284,0.13136948518022412,0.12397552549653724,0.016492265602336645
1438,0.78,0.05628369231669917,0.1100117,0.05628369,5.014187e+07,0.383995,8.908774e+08,0.0,0.0,222445844.86624596,34026530.416011006,0.1529655,0.17744019742498143,0.16745320794849947,0.025614556553952637
1439,0.78,0.05628369231669917,0.1100117,0.05628369,5.014187e+07,0.383995,8.908774e+08,0.0,0.0,132454625.67032672,17194795.49347522,0.1298165,0.10565616518000923,0.09970944608765524,0.01294393099197753
1440,0.78,0.05628369231669917,0.1100117,0.05628369,5.014187e+07,0.383995,8.908774e+08,0.0,0.0,26886882.43649732,4574073.863974079,0.1701229,0.021447079537686955,0.020239958711896006,0.0034432800593618656
1441,0.78,0.05628369231669917,0.1100117,0.05628369,5.014187e+07,0.383995,8.908774e+08,8.634075394525773e-08,0.0,185233996.19127506,22182288.16244678,0.1197528,0.14775711757511684,0.1394408140872291,0.0166984252489554
1442,0.78,0.05628369231669917,0.1100117,0.05628369,5.014187e+07,0.383995,8.908774e+08,0.0,0.0,252335437.2751821,32444117.789908014,0.1285754,0.20128247319858764,0.1899535524083341,0.024423344955019494
1443,0.78,0.05628369231669917,0.1100117,0.05628369,5.014187e+07,0.383995,8.908774e+08,0.009853551021555702,0.0,135632164.01635456,16131083.754927516,0.1189326,0.10819081819536965,0.10354571417783306,0.01214318803784687
1444,0.78,0.05628369231669917,0.1100117,0.05628369,5.014187e+07,0.383995,8.908774e+08,0.0,0.0,103603692.66380112,16085172.125286693,0.1552567,0.08264240535162942,0.07799098563650637,0.01210862659359907
1445,0.78,0.05628369231669917,0.1100117,0.05628369,5.014187e+07,0.383995,8.908774e+08,0.0,0.0,485482101.97524303,65961209.116126075,0.1358674,0.38725848114888134,0.36546214394886556,0.04965440497797832
1446,0.78,0.05628369231669917,0.1100117,0.05628369,5.014187e+07,0.383995,8.908774e+08,0.0,0.0,301089127.2755063,34866063.943994164,0.1157998,0.24017222806928676,0.22665444828161896,0.026246542206575785
1447,0.78,0.05628369231669917,0.1100117,0.05628369,5.014187e+07,0.383995,8.908774e+08,0.0,0.0,172126261.61667642,26212448.82787354,0.1522862,0.13730136367191612,0.1295735359643428,0.019732257291893124
1448,0.78,0.05628369231669917,0.1100117,0.05628369,5.014187e+07,0.383995,8.908774e+08,0.0003977883942956938,0.0,63265802.02582575,8146458.127519247,0.1287656,0.05046575002766318,0.04768365672951105,0.006132506308182432
1449,0.78,0.05628369231669917,0.1100117,0.05628369,5.014187e+07,0.383995,8.908774e+08,2.124737135347905e-07,0.0,244645694.37985668,25767907.89089837,0.1053275,0.195148533055474,0.18416488420805346,0.019397614916326685
1450,0.78,0.05628369231669917,0.1100117,0.05628369,5.014187e+07,0.383995,8.908774e+08,8.653713274234526e-07,0.0,163728711.3631249,24261326.26622699,0.14818,0.1306028210411363,0.12325213888692892,0.018263487523481118
1451,0.78,0.05628369231669917,0.1100117,0.05628369,5.014187e+07,0.383995,8.908774e+08,0.00026113930638275036,0.0,207083162.9799171,31719382.106152505,0.1531722,0.16518572124662684,0.15592673517798658,0.02387777704282684
1452,0.78,0.05628369231669917,0.1100117,0.05628369,5.014187e+07,0.383995,8.908774e+08,0.0,0.0,50321651.86186586,9529506.256852666,0.1893719,0.0401404838399639,0.03788122919807194,0.007173639920470438
1453,0.78,0.05628369231669917,0.1100117,0.05628369,5.014187e+07,0.383995,8.908774e+08,0.0007870021026369175,0.0,209595238.13440564,24788041.334772155,0.1182662,0.16718954879227893,0.1578948577410635,0.018659989098755478
1454,0.78,0.05628369231669917,0.1100117,0.05628369,5.014187e+07,0.383995,8.908774e+08,0.02179792397993235,6.25586852573158e-05,70407387.23193005,7645873.410851158,0.1085948,0.05616243674105371,0.056196417044299084,0.005759196222893309
1455,0.78,0.05628369231669917,0.1100117,0.05628369,5.014187e+07,0.383995,8.908774e+08,0.06429815030650979,0.0007404553801072145,16499800.500046505,2347457.0490110056,0.1422718,0.013161530888389788,0.02184519049043855,0.001808798763559023
1456,0.78,0.05628369231669917,0.1100117,0.05628369,5.014187e+07,0.383995,8.908774e+08,0.0,0.0,172815793.930714,22148155.149243347,0.1281605,0.13785138855553353,0.13009260341664414,0.016672730534085363
1457,0.78,0.05628369231669917,0.1100117,0.05628369,5.014187e+07,0.383995,8.908774e+08,0.014811733217101747,7.103053957105863e-07,81027825.10207252,10102559.749539161,0.1246801,0.06463412832761022,0.0631672963979825,0.007605064201782164
1458,0.78,0.05628369231669917,0.1100117,0.05628369,5.014187e+07,0.383995,8.908774e+08,0.0,0.0,502865268.2269733,72664458.26098134,0.1445008,0.4011246536253012,0.3785478770400122,0.05470048967180114
1459,0.78,0.05628369231669917,0.1100117,0.05628369,5.014187e+07,0.383995,8.908774e+08,0.037862926668438567,4.811277616932854e-06,50122305.82353985,6345685.5144988075,0.126604,0.0399814698542555,0.043280886941392004,0.0047771880577201185
1460,0.78,0.05628369231669917,0.1100117,0.05628369,5.014187e+07,0.383995,8.908774e+08,0.017915214677340283,6.9641392552863674e-09,58588152.34551937,11102245.303293282,0.1894964,0.04673449092836404,0.046730006474352964,0.00835756981559721
1461,0.78,0.05628369231669917,0.1100117,0.05628369,5.014187e+07,0.383995,8.908774e+08,0.0,0.0,173957270.9602835,26037194.760562878,0.1496758,0.13876191987880762,0.13095188667507437,0.019600329200384653
1462,0.78,0.05628369231669917,0.1100117,0.05628369,5.014187e+07,0.383995,8.908774e+08,0.012117100945555943,5.643354512176126e-09,78026931.65741956,14264068.11429758,0.1828095,0.0622403810962752,0.06051331498181396,0.010737732755702679
1463,0.78,0.05628369231669917,0.1100117,0.05628369,5.014187e+07,0.383995,8.908774e+08,1.5605023077874573e-05,0.0,73268859.53232923,10397840.65727429,0.1419135,0.058444970767320845,0.055157759306350446,0.007827306348854698
1464,0.78,0.05628369231669917,0.1100117,0.05628369,5.014187e+07,0.383995,8.908774e+08,0.0,0.0,129901556.17462419,12480557.368924221,0.09607704,0.10361963734273022,0.09778754155656405,0.009395137812838367
1465,0.78,0.05628369231669917,0.1100117,0.05628369,5.014187e+07,0.383995,8.908774e+08,0.0,0.0,85972235.01373895,11887803.44749766,0.1382749,0.06857817624364865,0.06471834327231075,0.00894892338376412
1466,0.78,0.05628369231669917,0.1100117,0.05628369,5.014187e+07,0.383995,8.908774e+08,0.0,0.0,126925378.9347056,16325823.340562174,0.1286254,0.10124560568868685,0.09554712916968695,0.012289784475054735
1467,0.78,0.05628369231669917,0.1100117,0.05628369,5.014187e+07,0.383995,8.908774e+08,0.0,0.0,193372437.35345492,20628589.402078807,0.106678,0.15424897453660383,0.14556727271361927,0.015528828928710976
1468,0.78,0.05628369231669917,0.1100117,0.05628369,5.014187e+07,0.383995,8.908774e+08,0.0003618650879230499,0.0,134081777.93676847,15762646.79831174,0.1175599,0.10695410904392601,0.10098737690356033,0.011865835361966632
1469,0.78,0.05628369231669917,0.1100117,0.05628369,5.014187e+07,0.383995,8.908774e+08,3.3721266398409386e-06,0.0,262719298.0574856,43466982.26129945,0.1654503,0.2095654524034963,0.19777082922640696,0.03272115792440044
1470,0.78,0.05628369231669917,0.1100117,0.05628369,5.014187e+07,0.383995,8.908774e+08,0.03014203331393338,5.800973284750887e-09,61009889.06478002,8235704.764384129,0.1349897,0.04866625747511756,0.05034518017638199,0.006199689888434233
1471,0.78,0.05628369231669917,0.1100117,0.05628369,5.014187e+07,0.383995,8.908774e+08,0.0,0.0,22737199.55317108,2446679.226406102,0.1076069,0.018136968033868058,0.017116152505492022,0.001841815860975084
1472,0.78,0.05628369231669917,0.1100117,0.05628369,5.014187e+07,0.383995,8.908774e+08,0.0,0.0,32964328.2469183,4747675.425459255,0.1440246,0.026294925471105686,0.02481494997639944,0.0035739641743788987
1473,0.78,0.05628369231669917,0.1100117,0.05628369,5.014187e+07,0.383995,8.908774e+08,0.059147036857963776,0.03033010560918231,674424.4751497698,70449.05769294991,0.104458,0.0005379736901391473,0.009177114232718199,0.001760123108241206
1474,0.78,0.05628369231669917,0.1100117,0.05628369,5.014187e+07,0.383995,8.908774e+08,4.1028199674239345e-14,0.0,489206209.76460624,66170051.11168695,0.13526,0.39022912068487203,0.3682655849232347,0.049811617454264684
1475,0.78,0.05628369231669917,0.1100117,0.05628369,5.014187e+07,0.383995,8.908774e+08,0.0006615650561593647,0.0,204040094.09126517,24762394.14301818,0.1213604,0.16275833158374106,0.15369465998478302,0.018640682356763257
1476,0.78,0.05628369231669917,0.1100117,0.05628369,5.014187e+07,0.383995,8.908774e+08,0.003988142464152329,0.002737630571755635,29142.92284413912,2671.512841815387,0.09166935,2.3246673751601806e-05,0.0006064963872984934,0.00015609502331687678
1477,0.78,0.05628369231669917,0.1100117,0.05628369,5.014187e+07,0.383995,8.908774e+08,0.0005854085388266303,4.325539208586921e-14,209617001.2073015,23554668.244171243,0.11237,0.16720690872073043,0.15788169220711898,0.017731528147991834
1478,0.78,0.05628369231669917,0.1100117,0.05628369,5.014187e+07,0.383995,8.908774e+08,0.0,0.0,364966330.1518969,49316841.91712863,0.1351271,0.2911256792167225,0.2747400510621985,0.03712482644878267
1479,0.78,0.05628369231669917,0.1100117,0.05628369,5.014187e+07,0.383995,8.908774e+08,0.027864162588914266,0.0,40534015.239119716,5181723.248069638,0.1278364,0.03233309963951582,0.03459743607383681,0.003900707523272977
1480,0.78,0.05628369231669917,0.1100117,0.05628369,5.014187e+07,0.383995,8.908774e+08,0.0,0.0,369850445.34270716,64438193.02244656,0.1742277,0.29502163134936327,0.2784167246237251,0.04850790601416456
1481,0.78,0.05628369231669917,0.1100117,0.05628369,5.014187e+07,0.383995,8.908774e+08,0.03725973768758413,0.00020181967577078774,52151773.97094632,4925734.903086875,0.09445,0.04160033231923004,0.04472022200834901,0.003719363284558367
1482,0.78,0.05628369231669917,0.1100117,0.05628369,5.014187e+07,0.383995,8.908774e+08,0.0,0.0,394515792.45950687,58561946.117871314,0.1484401,0.31469664062900277,0.29698435173474114,0.04408437364627417
1483,0.78,0.05628369231669917,0.1100117,0.05628369,5.014187e+07,0.383995,8.908774e+08,1.4142619434185616e-11,0.0,364833847.66400915,66026589.04106656,0.1809771,0.2910200008264595,0.2746403206440105,0.04970362180274436
1484,0.78,0.05628369231669917,0.1100117,0.05628369,5.014187e+07,0.383995,8.908774e+08,0.025981841790967682,0.012122971655725467,206051.96834661445,21517.47502394259,0.1044274,0.00016436315978486147,0.003963375510994803,0.0006985235725797406
1485,0.78,0.05628369231669917,0.1100117,0.05628369,5.014187e+07,0.383995,8.908774e+08,3.9762053548267806e-10,0.0,333446993.7257124,51015902.95287252,0.1529955,0.2659833921961245,0.2510128648466868,0.03840384886031249
1486,0.78,0.05628369231669917,0.1100117,0.05628369,5.014187e+07,0.383995,8.908774e+08,0.0,0.0,216086470.6638885,30982521.433036752,0.1433802,0.17236746336405018,0.16266598609065808,0.023323081657986015
1487,0.78,0.05628369231669917,0.1100117,0.05628369,5.014187e+07,0.383995,8.908774e+08,3.6114244211088234e-09,0.0,290810081.55104697,36102906.616522215,0.124146,0.23197285754930613,0.21891656913851656,0.02717761499585154
1488,0.78,0.05628369231669917,0.1100117,0.05628369,5.014187e+07,0.383995,8.908774e+08,0.005038534299759055,1.762464034580316e-05,69209363.47048439,7736682.751587817,0.1117866,0.05520679932342266,0.05283807510548611,0.005825026797891781
1489,0.78,0.05628369231669917,0.1100117,0.05628369,5.014187e+07,0.383995,8.908774e+08,7.028122650859126e-07,0.0,172425898.67222822,20221389.507887263,0.1172758,0.13754037761405075,0.12979920033332654,0.015222296214648984
1490,0.78,0.05628369231669917,0.1100117,0.05628369,5.014187e+07,0.383995,8.908774e+08,0.0007382934331395419,0.0,131731109.6435045,19335963.785524584,0.1467836,0.10507903223011453,0.09927301095662118,0.014555763748291163
1491,0.78,0.05628369231669917,0.1100117,0.05628369,5.014187e+07,0.383995,8.908774e+08,0.00010307758117238474,0.0,142717450.3568488,26515173.904436328,0.1857879,0.1138425965319161,0.10745022335288719,0.019960143253203725
1492,0.78,0.05628369231669917,0.1100117,0.05628369,5.014187e+07,0.383995,8.908774e+08,0.003740076269916144,2.922630587896542e-06,90938695.96029334,8392217.713204361,0.09228434,0.07253981378913733,0.06900520328894315,0.006317674174912317
1493,0.78,0.05628369231669917,0.1100117,0.05628369,5.014187e+07,0.383995,8.908774e+08,0.00011870770506061701,0.0,75430626.24115255,9298961.921979534,0.1232783,0.0601693649084252,0.05680021035401872,0.0070000903157472205
1494,0.78,0.05628369231669917,0.1100117,0.05628369,5.014187e+07,0.383995,8.908774e+08,1.0287174353530328e-10,0.0,406078864.1303951,60327283.48695984,0.1485605,0.3239202506332953,0.3056888229265812,0.045413287682600556
1495,0.78,0.05628369231669917,0.1100117,0.05628369,5.014187e+07,0.383995,8.908774e+08,4.2448458031333175e-05,0.0,137349207.99258605,14371490.976278827,0.1046347,0.10956046671504906,0.10340022095804197,0.010818598425283389
1496,0.78,0.05628369231669917,0.1100117,0.05628369,5.014187e+07,0.383995,8.908774e+08,0.0,0.0,446498833.82719165,52565377.71663853,0.1177279,0.3561623786317925,0.336116244898097,0.039570265432327466
1497,0.78,0.05628369231669917,0.1100117,0.05628369,5.014187e+07,0.383995,8.908774e+08,0.0,0.0,424865262.69736385,59686928.18638621,0.1404844,0.338905750913742,0.31983088390495307,0.04493123979641794
1498,0.78,0.05628369231669917,0.1100117,0.05628369,5.014187e+07,0.383995,8.908774e+08,0.0054098538669832665,0.0,131745109.50472775,21188003.799111716,0.1608257,0.10509019961398214,0.09996827924860437,0.0159499459669369
1499,0.78,0.05628369231669917,0.1100117,0.05628369,5.014187e+07,0.383995,8.908774e+08,0.05948130118381191,1.721500496052557e-05,40083045.999954715,6185065.555218391,0.1543063,0.03197337131607536,0.03889220608090181,0.004656974385577778
1500,0.78,0.05628369231669917,0.1100117,0.05628369,5.014187e+07,0.383995,8.908774e+08,0.0,0.0,104653264.13094114,15201814.53133123,0.1452589,0.08347962561282572,0.07878108405012021,0.01144365097689356
1501,0.78,0.05628369231669917,0.1100117,0.05628369,5.014187e+07,0.383995,8.908774e+08,1.5540977210369312e-07,0.0,200376685.09526467,28118389.259279683,0.1403276,0.15983611015097102,0.15083996648517273,0.02116701477000925
1502,0.78,0.05628369231669917,0.1100117,0.05628369,5.014187e+07,0.383995,8.908774e+08,0.0,0.0,534886033.46122944,67838017.11157668,0.126827,0.4266669194665974,0.4026525298496256,0.051067232085315696
1503,0.78,0.05628369231669917,0.1100117,0.05628369,5.014187e+07,0.383995,8.908774e+08,1.2490154207771255e-05,0.0,211103525.89376763,36762817.14711297,0.1741459,0.16839267703212443,0.15891674614192877,0.027674383705435047
1504,0.78,0.05628369231669917,0.1100117,0.05628369,5.014187e+07,0.383995,8.908774e+08,0.0,0.0,74468771.64617054,11487827.780249206,0.1542637,0.05940211448246037,0.05605874414796823,0.008647828937057922
1505,0.78,0.05628369231669917,0.1100117,0.05628369,5.014187e+07,0.383995,8.908774e+08,1.3426859928192676e-05,0.0,200244693.480085,26658757.878999654,0.1331309,0.15973082331915806,0.15074255083496976,0.02006823067180704
1506,0.78,0.05628369231669917,0.1100117,0.05628369,5.014187e+07,0.383995,8.908774e+08,0.002883035247510726,0.0,80274351.22728392,11390572.848490758,0.1418955,0.06403309865597286,0.06085165753449728,0.008574617183781268
1507,0.78,0.05628369231669917,0.1100117,0.05628369,5.014187e+07,0.383995,8.908774e+08,3.537120393279139e-08,0.0,239294938.9140241,28612977.838719346,0.119572,0.19088035215597904,0.18013690633042875,0.02153933210545627
1508,0.78,0.05628369231669917,0.1100117,0.05628369,5.014187e+07,0.383995,8.908774e+08,0.00018148609260546444,0.0,144869913.91838416,21518951.829801533,0.1485398,0.11555956975539243,0.10908205163542124,0.016199077657558365
1509,0.78,0.05628369231669917,0.1100117,0.05628369,5.014187e+07,0.383995,8.908774e+08,0.017084976607743597,0.009118312447016892,86682.89935627895,10870.499879555986,0.1254054,6.914505768537222e-05,0.002569467230919208,0.0005213954078763645
1510,0.78,0.05628369231669917,0.1100117,0.05628369,5.014187e+07,0.383995,8.908774e+08,1.3327514097234325e-16,0.0,505896352.7941864,57525775.313928016,0.1137106,0.403542483656433,0.38082962266959774,0.043304363009495535
1511,0.78,0.05628369231669917,0.1100117,0.05628369,5.014187e+07,0.383995,8.908774e+08,0.0,0.0,277340001.83800536,35248935.52487563,0.1270965,0.22122806883432924,0.20877653627624032,0.026534761006479488
1512,0.78,0.05628369231669917,0.1100117,0.05628369,5.014187e+07,0.383995,8.908774e+08,0.0,0.0,109310527.53305037,10450877.852832865,0.09560724,0.08719462302276745,0.08228698768888346,0.007867231790223203
1513,0.78,0.05628369231669917,0.1100117,0.05628369,5.014187e+07,0.383995,8.908774e+08,0.016416601412832993,0.012337960855963823,18606.939018217254,2332.7617266915686,0.1253705,1.4842349313615113e-05,0.0024202544320998877,0.0006961820534605147
1514,0.78,0.05628369231669917,0.1100117,0.05628369,5.014187e+07,0.383995,8.908774e+08,0.061337104217458284,7.474250295716134e-05,37782945.969175816,4364899.391285127,0.1155256,0.030138631702017752,0.0374327449204764,0.0032900240843474504
1515,0.78,0.05628369231669917,0.1100117,0.05628369,5.014187e+07,0.383995,8.908774e+08,0.0008690012736088235,0.0,116345000.73814368,16328280.008867988,0.1403436,0.09280586882977736,0.08770978488408615,0.012291633810513984
1516,0.78,0.05628369231669917,0.1100117,0.05628369,5.014187e+07,0.383995,8.908774e+08,0.0,0.0,121815780.07448089,17823320.448771812,0.1463137,0.09716979015225419,0.0917007155808465,0.013417073208247683
1517,0.78,0.05628369231669917,0.1100117,0.05628369,5.014187e+07,0.383995,8.908774e+08,0.0001994257604635614,0.0,169953282.93266797,36485542.47503327,0.2146798,0.1355680259828144,0.12796698755826216,0.02746565634821904
1518,0.78,0.05628369231669917,0.1100117,0.05628369,5.014187e+07,0.383995,8.908774e+08,0.0,0.0,54455936.175484285,8388937.808315607,0.15405,0.0434383122406722,0.0409934436397615,0.006315040625405094
1519,0.78,0.05628369231669917,0.1100117,0.05628369,5.014187e+07,0.383995,8.908774e+08,1.2990071033019465e-09,0.0,320197289.9591109,38510279.03882193,0.1202705,0.25541439256575627,0.24103872767172935,0.028989841405759213
1520,0.78,0.05628369231669917,0.1100117,0.05628369,5.014187e+07,0.383995,8.908774e+08,0.0,0.0,266798989.01766476,39839726.395055115,0.1493249,0.2128197328772106,0.20084145251302757,0.029990625325700525
1521,0.78,0.05628369231669917,0.1100117,0.05628369,5.014187e+07,0.383995,8.908774e+08,0.034847029450705426,9.945581891490683e-06,48351847.3086241,8020541.059181372,0.1658787,0.03856921372239435,0.041506065583057965,0.0060382779910606935
1522,0.78,0.05628369231669917,0.1100117,0.05628369,5.014187e+07,0.383995,8.908774e+08,1.3817638750302273e-07,0.0,305744932.18825287,46474165.51263778,0.1520031,0.24388606207408323,0.23015927424904445,0.03498491107577257
1523,0.78,0.05628369231669917,0.1100117,0.05628369,5.014187e+07,0.383995,8.908774e+08,1.9072319926045863e-05,0.0,198972173.02665204,30420035.290625405,0.1528859,0.15871576151559755,0.1497854479354791,0.022899652265407376
1524,0.78,0.05628369231669917,0.1100117,0.05628369,5.014187e+07,0.383995,8.908774e+08,0.017003009734229736,1.2659621977817042e-05,54915773.99606656,6923568.720583029,0.1260761,0.04380511483802642,0.04383180092980879,0.005212649815096532
1525,0.78,0.05628369231669917,0.1100117,0.05628369,5.014187e+07,0.383995,8.908774e+08,3.1016454775758536e-08,0.0,274776493.1248462,30398727.615644578,0.1106307,0.21918321386103395,0.2068467778373011,0.02288361223313971
1526,0.78,0.05628369231669917,0.1100117,0.05628369,5.014187e+07,0.383995,8.908774e+08,6.505003560388973e-06,0.0,177786312.63446265,30942627.926937684,0.1740439,0.14181626288540936,0.13383527344426457,0.023293050548272017
1527,0.78,0.05628369231669917,0.1100117,0.05628369,5.014187e+07,0.383995,8.908774e+08,9.249126718179974e-09,0.0,86180001.95769396,8926042.057041775,0.1035744,0.0687439074020613,0.06487474782487783,0.006719362987578438
1528,0.78,0.05628369231669917,0.1100117,0.05628369,5.014187e+07,0.383995,8.908774e+08,1.874887001447561e-05,0.0,170520866.7709269,25460648.51994066,0.149311,0.1360207752278113,0.12836777186368856,0.019166315620221405
1529,0.78,0.05628369231669917,0.1100117,0.05628369,5.014187e+07,0.383995,8.908774e+08,0.0,0.0,503414017.7375023,69369094.09647873,0.1377973,0.40156237913797,0.3789609657446068,0.052219799142219483
1530,0.78,0.05628369231669917,0.1100117,0.05628369,5.014187e+07,0.383995,8.908774e+08,0.0,0.0,430053088.3613195,56778536.87120007,0.1320268,0.3430439662648634,0.3237361852165117,0.04274185542742551
1531,0.78,0.05628369231669917,0.1100117,0.05628369,5.014187e+07,0.383995,8.908774e+08,6.434860583881274e-05,0.0,173609353.30046254,26332642.434337202,0.1516776,0.1384843935519689,0.130699412389253,0.019822736864525025
1532,0.78,0.05628369231669917,0.1100117,0.05628369,5.014187e+07,0.383995,8.908774e+08,5.874769593215501e-11,0.0,374418925.539783,47021857.34527913,0.1255862,0.2986658083336026,0.2818557938804468,0.035397203579586846
1533,0.78,0.05628369231669917,0.1100117,0.05628369,5.014187e+07,0.383995,8.908774e+08,0.0,0.0,245772639.20116818,33260518.303417828,0.1353304,0.19604747235326495,0.18501319673986721,0.025037916492825565
1534,0.78,0.05628369231669917,0.1100117,0.05628369,5.014187e+07,0.383995,8.908774e+08,3.6351439827786757e-09,0.0,131648440.06255208,16393535.545651862,0.1245251,0.10501308850896272,0.09910256467891568,0.012340756998125924
1535,0.78,0.05628369231669917,0.1100117,0.05628369,5.014187e+07,0.383995,8.908774e+08,0.0,0.0,192189837.16639012,24946967.315213665,0.1298038,0.15330564016776554,0.14467703268614845,0.018779625701845517
1536,0.78,0.05628369231669917,0.1100117,0.05628369,5.014187e+07,0.383995,8.908774e+08,1.0687067939549224,1.227123258665328,84.88541763492003,13.388006025765991,0.1577186,6.771124573128738e-08,0.1566447279888992,0.06906703800363331
1537,0.78,0.05628369231669917,0.1100117,0.05628369,5.014187e+07,0.383995,8.908774e+08,0.0,0.0,10901676.633556422,1266956.6987734346,0.1162167,0.00869602961244202,0.00820658495735843,0.0009537420834676377
1538,0.78,0.05628369231669917,0.1100117,0.05628369,5.014187e+07,0.383995,8.908774e+08,9.944449413429362e-18,0.0,434201166.8117796,62541073.26652715,0.1440371,0.3463527979475884,0.32685878363487847,0.047079788580987984
1539,0.78,0.05628369231669917,0.1100117,0.05628369,5.014187e+07,0.383995,8.908774e+08,0.0,0.0,30731562.846361563,4063518.0487233303,0.1322262,0.024513897222559734,0.023134164573801998,0.0030589428776450936
1540,0.78,0.05628369231669917,0.1100117,0.05628369,5.014187e+07,0.383995,8.908774e+08,1.104859191234743e-05,0.0,347826069.1852427,46661248.63018694,0.1341511,0.2774532669868265,0.2618387921121443,0.03512574386231192
1541,0.78,0.05628369231669917,0.1100117,0.05628369,5.014187e+07,0.383995,8.908774e+08,0.029299347833434592,0.01522721981708625,322721.561444238,26783.91279295222,0.08299387,0.0002574279488582756,0.004537462507790453,0.0008772066000505928
1542,0.78,0.05628369231669917,0.1100117,0.05628369,5.014187e+07,0.383995,8.908774e+08,6.38458302086608e-13,0.0,45226463.52653971,5539973.973529941,0.1224941,0.03607616326485335,0.03404566359178092,0.00417039218860928
1543,0.78,0.05628369231669917,0.1100117,0.05628369,5.014187e+07,0.383995,8.908774e+08,0.0015949298313059585,0.0,128245474.35057577,22507152.373835057,0.1755006,0.10229861700185684,0.0967746484146394,0.01694297715046355
1544,0.78,0.05628369231669917,0.1100117,0.05628369,5.014187e+07,0.383995,8.908774e+08,1.9235539763766095e-06,0.0,279654998.643776,41478609.914923474,0.1483206,0.22307469128079993,0.21051950593617133,0.03122434719189632
1545,0.78,0.05628369231669917,0.1100117,0.05628369,5.014187e+07,0.383995,8.908774e+08,0.02905099810736562,0.011360607747217212,595752.5016207973,54664.99276452777,0.09175789,0.000475218773214592,0.004706593639639849,0.000680567768633222
1546,0.78,0.05628369231669917,0.1100117,0.05628369,5.014187e+07,0.383995,8.908774e+08,0.0,0.0,46793178.12643721,5288893.112907814,0.113027,0.03732589732071566,0.0352250580004718,0.003981383058809953
1547,0.78,0.05628369231669917,0.1100117,0.05628369,5.014187e+07,0.383995,8.908774e+08,0.0,0.0,204452857.55573818,29046429.592354678,0.1420691,0.163087583994232,0.15390841259602686,0.021865626744408877
1548,0.78,0.05628369231669917,0.1100117,0.05628369,5.014187e+07,0.383995,8.908774e+08,0.0027755679427826,0.0,167837373.01378495,22552734.595885415,0.1343725,0.13388021080260354,0.1267517643956674,0.01697729062263626
1549,0.78,0.05628369231669917,0.1100117,0.05628369,5.014187e+07,0.383995,8.908774e+08,0.0007642281833040873,3.2081084026860316e-08,108704627.69269429,10941948.351797314,0.1006576,0.08671130993882474,0.08194289325624007,0.008236902583972765
1550,0.78,0.05628369231669917,0.1100117,0.05628369,5.014187e+07,0.383995,8.908774e+08,0.0,0.0,240599472.77501598,35117705.089673236,0.1459592,0.19192095035632373,0.18111893063733994,0.02643597310883037
1551,0.78,0.05628369231669917,0.1100117,0.05628369,5.014187e+07,0.383995,8.908774e+08,0.0,0.0,526560891.04313487,57635108.894217245,0.1094557,0.4200261349864646,0.39638551323991417,0.043386667350882244
1552,0.78,0.05628369231669917,0.1100117,0.05628369,5.014187e+07,0.383995,8.908774e+08,3.4342117723401737e-17,0.0,165693425.0857837,24089092.131927747,0.1453835,0.1321700303142147,0.12473101299452066,0.01813383278291277
1553,0.78,0.05628369231669917,0.1100117,0.05628369,5.014187e+07,0.383995,8.908774e+08,0.04753343705146634,5.370597416643042e-05,33636173.754763715,5040320.332057367,0.1498482,0.0268308419752906,0.032287870656546064,0.0037972847366168944
1554,0.78,0.05628369231669917,0.1100117,0.05628369,5.014187e+07,0.383995,8.908774e+08,3.827880796271416e-12,0.0,444641887.3311315,65087640.5386343,0.1463822,0.35468113292425113,0.3347183691687654,0.048996798355782425
1555,0.78,0.05628369231669917,0.1100117,0.05628369,5.014187e+07,0.383995,8.908774e+08,7.971283519324502e-06,0.0,154507176.9218233,17732358.487039063,0.1147672,0.12324700420036906,0.11631137612016826,0.01334859868896594
1556,0.78,0.05628369231669917,0.1100117,0.05628369,5.014187e+07,0.383995,8.908774e+08,0.0,0.0,388628198.2123559,49805615.758663274,0.1281575,0.310000235145678,0.2925522772926343,0.037492766554723965
1557,0.78,0.05628369231669917,0.1100117,0.05628369,5.014187e+07,0.383995,8.908774e+08,0.0,0.0,311438490.6035095,42346934.88915972,0.1359721,0.2484276894075192,0.23444526177395789,0.031878006524418745
1558,0.78,0.05628369231669917,0.1100117,0.05628369,5.014187e+07,0.383995,8.908774e+08,7.020501077853962e-10,0.0,276890207.64515245,45109304.46818485,0.162914,0.22086927781969637,0.20843793944758335,0.033957468371976475
1559,0.78,0.05628369231669917,0.1100117,0.05628369,5.014187e+07,0.383995,8.908774e+08,0.0,0.0,503702263.47095734,73476144.3128773,0.1458722,0.4017923064709886,0.3791779519183586,0.05531151224818937
1560,0.78,0.05628369231669917,0.1100117,0.05628369,5.014187e+07,0.383995,8.908774e+08,2.4828659905462398e-06,0.0,266451292.24427325,36397556.94719993,0.1366012,0.21254238274665763,0.20058007659556643,0.027399422434532795
1561,0.78,0.05628369231669917,0.1100117,0.05628369,5.014187e+07,0.383995,8.908774e+08,0.0,0.0,185432766.24094483,28898460.964131605,0.1558433,0.14791567210724033,0.13959043192953866,0.02175423863784932
1562,0.78,0.05628369231669917,0.1100117,0.05628369,5.014187e+07,0.383995,8.908774e+08,0.0,0.0,361813190.69941354,55481695.335435,0.1533435,0.28861048866644023,0.2723664247229661,0.04176561657929016
1563,0.78,0.05628369231669917,0.1100117,0.05628369,5.014187e+07,0.383995,8.908774e+08,0.0,0.0,177688231.73605603,27068879.670913182,0.1523392,0.14173802589254778,0.13376048645363528,0.02037696293761673
1564,0.78,0.05628369231669917,0.1100117,0.05628369,5.014187e+07,0.383995,8.908774e+08,0.01844346532031673,0.0,72719125.56217383,8744420.743493674,0.1202493,0.05800645997268565,0.05744497530796317,0.006582641748286525
1565,0.78,0.05628369231669917,0.1100117,0.05628369,5.014187e+07,0.383995,8.908774e+08,0.0019834875123530414,0.0,116656867.76057817,19353766.52751337,0.1659034,0.09305463834967732,0.08810790747877617,0.014569165330407
1566,0.78,0.05628369231669917,0.1100117,0.05628369,5.014187e+07,0.383995,8.908774e+08,0.0,0.0,262300769.45708376,33714625.68529156,0.1285342,0.2092316012698509,0.19745527420104836,0.02537976031505373
1567,0.78,0.05628369231669917,0.1100117,0.05628369,5.014187e+07,0.383995,8.908774e+08,0.0,0.0,118645815.2241502,15360237.962300599,0.129463,0.09464117834918301,0.08931442338648775,0.01156290926983214
1568,0.78,0.05628369231669917,0.1100117,0.05628369,5.014187e+07,0.383995,8.908774e+08,2.5492805563542754e-06,0.0,260146488.87218684,43873549.06597391,0.1686494,0.20751317864648045,0.19583394440621224,0.03302721406012661
1569,0.78,0.05628369231669917,0.1100117,0.05628369,5.014187e+07,0.383995,8.908774e+08,0.0,0.0,408443381.10649735,67067007.691497274,0.1642015,0.32580637423927494,0.3074687885167723,0.05048683014151477
1570,0.78,0.05628369231669917,0.1100117,0.05628369,5.014187e+07,0.383995,8.908774e+08,2.145941407921302e-05,0.0,180672102.11146924,27806706.470579255,0.153907,0.1441181941929367,0.1360098354865946,0.02093238560504731
1571,0.78,0.05628369231669917,0.1100117,0.05628369,5.014187e+07,0.383995,8.908774e+08,1.2585509379288907e-07,0.0,257228569.19144845,41749661.7598368,0.1623057,0.2051856177764099,0.19363703204475918,0.031428390117393026
1572,0.78,0.05628369231669917,0.1100117,0.05628369,5.014187e+07,0.383995,8.908774e+08,0.0006312094212750362,0.0,116503310.8459252,18110472.770294003,0.1554503,0.09293214934895727,0.08779410375874488,0.013633236281276367
1573,0.78,0.05628369231669917,0.1100117,0.05628369,5.014187e+07,0.383995,8.908774e+08,0.0,0.0,375668235.6029318,58060918.76676663,0.1545537,0.2996623557152066,0.2827962518872347,0.04370720931999572
1574,0.78,0.05628369231669917,0.1100117,0.05628369,5.014187e+07,0.383995,8.908774e+08,0.0295827285296439,0.0180479937135925,11720.752691678761,1469.2521825359595,0.1253548,9.349388714504335e-06,0.004344882976302918,0.0010169137515736602
1575,0.78,0.05628369231669917,0.1100117,0.05628369,5.014187e+07,0.383995,8.908774e+08,0.011414115572193732,0.0,90033895.631303,12208534.923889892,0.1355993,0.07181807430642068,0.06944890085342562,0.009190364237128818
1576,0.78,0.05628369231669917,0.1100117,0.05628369,5.014187e+07,0.383995,8.908774e+08,0.0,0.0,163123762.03519616,27520059.525282267,0.1687066,0.13012026616021985,0.12279661713549105,0.020716602970098648
1577,0.78,0.05628369231669917,0.1100117,0.05628369,5.014187e+07,0.383995,8.908774e+08,0.04806160389421481,0.00021462850211214187,12835310.513762048,2445785.8116480648,0.1905514,0.010238447173253838,0.01670677264218957,0.0018532233990824665
1578,0.78,0.05628369231669917,0.1100117,0.05628369,5.014187e+07,0.383995,8.908774e+08,0.0,0.0,11215730.258507796,1361704.8902514637,0.1214103,0.00894654333746534,0.008442998844961426,0.0010250668080083662
1579,0.78,0.05628369231669917,0.1100117,0.05628369,5.014187e+07,0.383995,8.908774e+08,0.08500585053549181,0.0011181862112963333,33562765.35657899,3264119.5237343945,0.09725419,0.026772285697584528,0.03772509288505209,0.0025201057778992996
1580,0.78,0.05628369231669917,0.1100117,0.05628369,5.014187e+07,0.383995,8.908774e+08,0.0,0.0,409547995.5493718,55711984.326591104,0.1360329,0.3266875010813608,0.3083003222867862,0.041938973965882385
1581,0.78,0.05628369231669917,0.1100117,0.05628369,5.014187e+07,0.383995,8.908774e+08,0.0,0.0,263590100.0803666,38383869.20047716,0.1456195,0.21026007217915893,0.19842585897014023,0.028894682366219455
1582,0.78,0.05628369231669917,0.1100117,0.05628369,5.014187e+07,0.383995,8.908774e+08,0.0,0.0,481530608.08213323,71437121.1509492,0.1483543,0.38410646067873677,0.36248753082903845,0.05377657249801576
1583,0.78,0.05628369231669917,0.1100117,0.05628369,5.014187e+07,0.383995,8.908774e+08,5.1642581849329445e-12,0.0,300458690.1488765,39470659.612880245,0.131368,0.23966934212740504,0.22617986661811743,0.029712798528533008
1584,0.78,0.05628369231669917,0.1100117,0.05628369,5.014187e+07,0.383995,8.908774e+08,0.0,0.0,67540647.33911082,11568284.039720954,0.1712788,0.05387570087123436,0.050843377500051294,0.008708394953726752
1585,0.78,0.05628369231669917,0.1100117,0.05628369,5.014187e+07,0.383995,8.908774e+08,0.0,0.0,372462161.16614765,59386988.48164431,0.1594444,0.29710494008281196,0.28038277704941966,0.04470545061262646
1586,0.78,0.05628369231669917,0.1100117,0.05628369,5.014187e+07,0.383995,8.908774e+08,2.6585075322211165e-06,0.0,351607809.1269727,46566343.303993344,0.1324383,0.28046987843341914,0.2646843877597394,0.035054300849599894
1587,0.78,0.05628369231669917,0.1100117,0.05628369,5.014187e+07,0.383995,8.908774e+08,0.0,0.0,267272491.3526102,34345304.37476122,0.128503,0.21319743535955826,0.20119789650507153,0.025854523823448106
1588,0.78,0.05628369231669917,0.1100117,0.05628369,5.014187e+07,0.383995,8.908774e+08,0.0,0.0,210056715.7243334,31787181.410992526,0.1513267,0.16755765939786574,0.15812689565101,0.023928815133014432
1589,0.78,0.05628369231669917,0.1100117,0.05628369,5.014187e+07,0.383995,8.908774e+08,0.0,0.0,439216584.64736134,54658077.960119985,0.1244445,0.35035348733537847,0.3306342994521115,0.04114561231847085
