M,mu,a,p0,e0,x0,luminosity_distance,qS,phiS,qK,phiK,Phi_phi0,Phi_theta0,Phi_r0,delta_M_delta_M,delta_mu_delta_M,delta_mu_delta_mu,delta_a_delta_M,delta_a_delta_mu,delta_a_delta_a,delta_p0_delta_M,delta_p0_delta_mu,delta_p0_delta_a,delta_p0_delta_p0,delta_e0_delta_M,delta_e0_delta_mu,delta_e0_delta_a,delta_e0_delta_p0,delta_e0_delta_e0,delta_x0_delta_M,delta_x0_delta_mu,delta_x0_delta_a,delta_x0_delta_p0,delta_x0_delta_e0,delta_x0_delta_x0,delta_luminosity_distance_delta_M,delta_luminosity_distance_delta_mu,delta_luminosity_distance_delta_a,delta_luminosity_distance_delta_p0,delta_luminosity_distance_delta_e0,delta_luminosity_distance_delta_x0,delta_luminosity_distance_delta_luminosity_distance,delta_qS_delta_M,delta_qS_delta_mu,delta_qS_delta_a,delta_qS_delta_p0,delta_qS_delta_e0,delta_qS_delta_x0,delta_qS_delta_luminosity_distance,delta_qS_delta_qS,delta_phiS_delta_M,delta_phiS_delta_mu,delta_phiS_delta_a,delta_phiS_delta_p0,delta_phiS_delta_e0,delta_phiS_delta_x0,delta_phiS_delta_luminosity_distance,delta_phiS_delta_qS,delta_phiS_delta_phiS,delta_qK_delta_M,delta_qK_delta_mu,delta_qK_delta_a,delta_qK_delta_p0,delta_qK_delta_e0,delta_qK_delta_x0,delta_qK_delta_luminosity_distance,delta_qK_delta_qS,delta_qK_delta_phiS,delta_qK_delta_qK,delta_phiK_delta_M,delta_phiK_delta_mu,delta_phiK_delta_a,delta_phiK_delta_p0,delta_phiK_delta_e0,delta_phiK_delta_x0,delta_phiK_delta_luminosity_distance,delta_phiK_delta_qS,delta_phiK_delta_phiS,delta_phiK_delta_qK,delta_phiK_delta_phiK,delta_Phi_phi0_delta_M,delta_Phi_phi0_delta_mu,delta_Phi_phi0_delta_a,delta_Phi_phi0_delta_p0,delta_Phi_phi0_delta_e0,delta_Phi_phi0_delta_x0,delta_Phi_phi0_delta_luminosity_distance,delta_Phi_phi0_delta_qS,delta_Phi_phi0_delta_phiS,delta_Phi_phi0_delta_qK,delta_Phi_phi0_delta_phiK,delta_Phi_phi0_delta_Phi_phi0,delta_Phi_theta0_delta_M,delta_Phi_theta0_delta_mu,delta_Phi_theta0_delta_a,delta_Phi_theta0_delta_p0,delta_Phi_theta0_delta_e0,delta_Phi_theta0_delta_x0,delta_Phi_theta0_delta_luminosity_distance,delta_Phi_theta0_delta_qS,delta_Phi_theta0_delta_phiS,delta_Phi_theta0_delta_qK,delta_Phi_theta0_delta_phiK,delta_Phi_theta0_delta_Phi_phi0,delta_Phi_theta0_delta_Phi_theta0,delta_Phi_r0_delta_M,delta_Phi_r0_delta_mu,delta_Phi_r0_delta_a,delta_Phi_r0_delta_p0,delta_Phi_r0_delta_e0,delta_Phi_r0_delta_x0,delta_Phi_r0_delta_luminosity_distance,delta_Phi_r0_delta_qS,delta_Phi_r0_delta_phiS,delta_Phi_r0_delta_qK,delta_Phi_r0_delta_phiK,delta_Phi_r0_delta_Phi_phi0,delta_Phi_r0_delta_Phi_theta0,delta_Phi_r0_delta_Phi_r0,T,dt,t_plunge_yr,SNR,generation_time,host_galaxy_index,in_catalog,_coord_frame,_cov_frame
1066672.804143723,10,0.98,10.036853246461224,0.170128144779811,-0.2477988932813646,2.4835124867848566,1.7483891908733327,5.411782114256314,0.910850508256654,4.076714671494689,0.3978163482946618,2.542922033378473,5.576192671512786,0.0154085013887773,-1.432651704443962e-06,1.1133048336828436e-07,-5.907789038660451e-07,-2.8298163790670736e-11,1.266898076832319e-09,3.0691111938567343e-08,4.7125951113477275e-11,-2.0307553498773348e-12,1.0983162846841416e-09,-1.330350133267743e-07,2.5551722460395574e-12,8.520234450907769e-12,4.998755758976555e-13,2.0119110111060165e-11,-1.2746486820707198e-08,-1.3770687463869154e-11,1.698798167901518e-12,1.4006449175546724e-13,-2.9766048508351944e-12,1.2129684939939174e-11,1.0991846192294808e-05,4.739798045735647e-09,1.5139978283267112e-08,3.36667877802138e-10,4.329346790084645e-09,-1.0523580088710435e-09,0.0037423522541858,-0.0014506081955648,-4.821843593018871e-08,-9.166447866197629e-08,1.299259980551248e-09,1.6445801517186737e-08,7.462772901058302e-09,-6.628709053017365e-05,0.0005721428064012,0.0005271398003014,-1.9765188400985148e-08,-6.844429461084951e-09,1.120764015756822e-09,-1.8610437012412745e-08,9.266529176028306e-10,-3.131855697803816e-05,-2.443114969093911e-05,9.589874152331838e-05,0.0011773849777779,5.0509727976748535e-08,8.032242109775774e-08,-1.1568175537024863e-09,-1.1792390000906038e-08,-6.689952563184095e-09,-0.0008032034058141,-0.0004885334877018,1.0784026365203905e-05,0.0014285856753161,-0.0001945596282733,-3.821475963541253e-08,1.3127473009130875e-08,1.142202761775916e-09,-7.615017053486408e-09,4.257910907086091e-09,0.0005822302507361,0.0002167689895925,6.853733960440558e-05,-0.0006760888075912,0.0010488989804093,0.0062749199717254,-6.862329421203908e-07,-6.621680536123264e-08,1.0258685621318645e-08,3.5040993273319325e-08,-1.843471092574732e-08,-0.0003217489786054,-0.0007460490525506,4.748180157935272e-05,0.0011128116328879,-0.0004884203560059,0.0051075348136728,0.0051901195686647,-6.971318592186236e-07,-4.037787676242289e-08,8.619753889626425e-09,-6.199084600737044e-10,-5.53153785985178e-09,3.59860234453162e-05,-0.0003720860394088,4.855564957494261e-05,0.0003090091533346,-0.0001151411601009,0.0029620639591138,0.0024152915400346,-0.0014075760434478,-2.794009715558754e-07,-1.3396465192055098e-08,6.220325718831006e-09,-3.322701773808398e-08,2.6877697653191066e-08,-1.8601248392273923e-05,-3.285587816210681e-05,6.604392542541446e-05,1.977003119431153e-05,3.919526791318892e-05,-0.0012695420184182,-0.0012674387283394,0.0055380162505328,4.5,10,1.6438929172392658,31.71527396330816,0.219,-1,False,ecliptic_BarycentricTrue_J2000,ecliptic_BarycentricTrue_J2000
1011738.538082048,10,0.98,10.403294452869444,0.0753960569774672,0.1319792903974899,2.229819647719481,1.315530187054635,2.745517924495738,1.8518501656047943,2.297668987329118,4.69985142305502,1.18712749177113,3.063839190501937,4.804049617419411e-05,-3.6941506659512723e-09,7.457204941194341e-10,-2.234087335414013e-11,6.105450402826862e-14,7.46298691150574e-12,1.3121522901359429e-11,-6.368418871805385e-13,4.3455780258206406e-14,7.453121323937442e-12,9.669099144626931e-10,2.9680022550173965e-13,1.504503034804062e-14,-2.447185870649161e-16,2.2104798909617386e-13,1.125416502666762e-10,-4.410710859839131e-15,-9.486297500645606e-16,1.3173432055214535e-16,-1.4437959707522462e-14,7.581024901096242e-14,-2.827774856866464e-07,2.2826477116723552e-11,9.157803567097613e-13,-5.2964335194817144e-14,-7.779907637700415e-12,-9.043101486525238e-13,4.613039176418231e-07,-6.015977530108759e-06,3.053283454050265e-10,3.3612365547290937e-12,-7.81938631227461e-13,-2.491268514014799e-10,-2.136154027862348e-11,1.1407499075970597e-07,3.13433879469728e-06,-1.4724502671853871e-06,5.255208993855375e-10,1.854011770978973e-11,-1.1876174657795036e-12,1.4406545854478635e-10,-1.928677106544881e-11,5.354275644872625e-09,4.9516618845403434e-09,3.573707595129357e-07,-3.03655427118241e-06,3.5980866564176886e-11,-3.9301581395156994e-12,4.68074207655342e-14,-1.8240060954263924e-10,-6.820431723950067e-12,-3.102599049704699e-08,1.7530872698741315e-06,-7.900347785343673e-08,3.383959578938864e-06,-3.3444974395325767e-06,6.000620042634991e-10,2.2742102974657832e-11,-8.806134315717264e-13,6.211230442336538e-11,-2.2033004653539417e-11,9.702688107585188e-07,8.108801775730479e-07,3.354213548465568e-07,-3.934154070033279e-07,9.702100856478842e-06,1.4787756456289202e-05,-1.4641153828992412e-09,-2.917156675388605e-11,7.479693607652765e-12,2.5587696688505257e-10,1.5232588771572934e-11,2.450639384903e-07,1.4816570348602686e-06,-7.282582600616696e-07,3.001434424484648e-06,1.8186349775897577e-06,1.859867029774583e-05,2.1794571757495043e-05,-2.6321992172621003e-09,-3.90002971616951e-11,8.142136247543014e-12,1.0334541797584488e-10,8.423261697261272e-11,-8.192697377270093e-08,-1.2138984449323025e-06,-1.1818558038817792e-06,-3.974094398229002e-07,-1.619954923355352e-06,9.515849401353804e-06,1.3343607228629542e-05,-1.1391809523300309e-05,-1.537522304989483e-09,-2.8021775060135565e-10,-1.579859549040211e-11,3.193119011609921e-11,-4.474991437437674e-11,4.4270202871935865e-08,5.86256182824336e-07,8.817802472051132e-07,1.0912290664955561e-07,1.067233136793303e-06,-7.767057971828105e-06,-9.622634526849744e-06,0.0002806859893974,4.5,10,2.604529959799996,385.538769323715,0.214,-1,False,ecliptic_BarycentricTrue_J2000,ecliptic_BarycentricTrue_J2000
701100.559173044,10,0.98,10.123888263212653,0.0812195957792142,0.8362015835563663,2.49659184178481,1.1783199364304622,2.522465326278668,0.6396835496666842,6.204185171112259,2.9525050789944127,0.0099267491231612,1.757221296941508,0.0004343322506598,-8.207365982441099e-08,1.6823216712690472e-08,7.268594832271507e-09,5.4984970575244675e-11,1.6653835294755732e-10,1.441754678472408e-09,-7.200934970322792e-11,1.4816637639398998e-12,1.6636024617725315e-10,-7.549799960625307e-09,5.228139818466248e-12,-3.9284339566423524e-13,-5.342977959840725e-14,1.971915250830257e-12,7.601864150351767e-10,1.8182256310791465e-12,-1.1384461175720954e-13,-1.3953870461531583e-14,4.075447485128409e-13,1.8368145727954255e-12,-9.843432732632588e-06,3.2528932215838356e-09,-3.5149164243638363e-10,-4.0784408416252786e-11,3.069238365563005e-10,7.139963536751165e-11,0.000461794618421,4.363125066793234e-05,-1.4632061454429925e-08,1.3134768762238471e-09,2.5990205477136103e-10,-1.0436013655105995e-09,1.336877618399228e-12,-1.887270592738892e-06,8.204208171643333e-06,1.4531592705923882e-05,-6.55081492048948e-09,7.118163537988061e-10,1.364775895050213e-10,-1.0828430710557567e-09,-6.52940863932719e-10,-1.1899103909831277e-06,2.924683472747876e-06,5.254395679695622e-06,-4.433125433624759e-05,1.4849919986739572e-08,-1.4079838368897352e-09,-2.3830537612062056e-10,1.1066607997107323e-09,2.703246122010856e-11,0.0001329227039066,-8.330328013984658e-06,-3.143186241282149e-06,0.000461179413166,1.764587675761915e-05,-8.808329044273942e-09,1.2105496730735388e-09,1.4716166329334743e-10,-1.463860509011322e-09,-9.395894139152627e-10,5.485723307534064e-05,3.277151871750479e-06,6.627260459073809e-06,-0.0004444736605275,0.0045171794521831,0.0001685237190745,-6.210177449936761e-08,5.4881646053997106e-09,1.1400382434475223e-09,-3.498172729961581e-09,-1.3417745386634538e-10,-5.143238547993976e-05,2.966493164898953e-05,1.1955730518997927e-05,0.0002628709629926,-0.0031389616119574,0.0023530347149234,0.0001760355576455,-5.785071906496669e-08,5.503696820208432e-09,1.1618739680069703e-09,-2.742938543146857e-09,7.931734824975503e-10,1.2187593289215506e-06,3.054521082409566e-05,1.3889353361945951e-05,-0.0009772000498773,0.0072026143715215,-0.0049349357087615,0.0151188346328533,3.416574115231406e-05,-1.839817542058993e-08,-1.0629880190667422e-08,1.509308278598995e-10,6.122890078445987e-09,1.1485769675512384e-08,1.90837984447514e-06,-6.0692426895832055e-06,-7.182065218187408e-06,6.048822276334402e-06,-7.208726478844291e-06,-8.93970069060485e-05,-7.38630459885904e-05,0.0088327822120739,4.5,10,1.6425325856090676,81.67219967312538,0.308,-1,False,ecliptic_BarycentricTrue_J2000,ecliptic_BarycentricTrue_J2000
1003051.637047106,10,0.98,12.265845843286174,0.1560313033208607,-0.5776258813267341,0.5629936908271269,2.2734040468497128,2.2979346080326732,1.9776399054439893,1.9150461486956671,4.534823055267074,0.740986517252875,5.3558455925788655,0.0003795280255168,-1.0379984171763881e-07,4.419345921654941e-09,-4.027801832805023e-09,5.915388058543371e-13,4.401440189991905e-11,-5.356810297714536e-10,2.299286361399361e-12,9.32485544236189e-13,4.374598915844963e-11,3.598572787416952e-09,-1.4306462684169896e-12,4.305189911504634e-13,1.261818455267162e-14,6.797014611163619e-13,-1.5099652387314103e-10,-3.927506103601738e-13,1.2687156748616414e-13,3.123816956787328e-14,-1.1822312251566382e-14,4.866400898732958e-13,-2.697636756360574e-07,-1.2790010703424288e-10,1.0073866944080847e-11,-8.788658015669478e-12,2.464317312459079e-11,-1.1719267071781357e-11,1.4869899808937517e-06,7.243629318657067e-06,-1.248869180217664e-09,5.753130725185052e-10,-1.4242616997989627e-10,9.575934898421312e-10,-1.3348531414162538e-10,4.615467292639448e-08,6.570833086772112e-06,9.031291376111026e-06,-9.023438539500962e-10,-2.3086749976628847e-10,-6.68771697860866e-11,-3.85413948427134e-11,1.9386756398839583e-10,-2.06581476963204e-07,1.423688074021116e-06,4.807681784994654e-06,-8.610405385970314e-06,1.6904827630217622e-09,-2.0439669006138404e-10,1.360015658218058e-10,-1.0857910645546924e-09,-2.080467520186397e-11,-5.90048472225792e-07,-6.284435527805754e-06,-2.166338501106977e-06,3.8623528470332856e-05,5.882491092900623e-06,-1.0330663476830395e-09,3.8680718322653866e-11,-3.6679595181359086e-11,-4.099904938568236e-10,5.86930147769388e-11,4.4499632163076434e-07,1.2197481848208468e-07,3.6808963773244256e-06,-1.6953542605205153e-06,4.138586352011357e-05,0.0001974652689226,-5.855660691128985e-08,-9.512479817308016e-11,-1.0510472179054079e-10,2.417311343008275e-09,-7.678644598586727e-10,3.411252716211524e-07,7.327671498877012e-06,1.008962371626296e-06,-2.487371304808301e-05,-4.993941563340783e-06,0.0004353780127282,0.0002008757717758,-5.882404311579305e-08,-1.940386132288478e-09,-1.3172014835495302e-10,2.0760480259872e-09,-5.678905309722685e-10,1.403780177996475e-07,8.902488379825e-06,4.922452579807934e-07,-2.082043449639296e-05,-1.5139304943270114e-05,0.0002728291248225,0.000204595623219,-6.120105683281307e-05,4.363993232052666e-09,3.2493673746333087e-09,-3.848664564279507e-10,2.1645578759689717e-09,7.66935303153401e-10,-9.8288556360678e-08,2.59285428301104e-06,3.417588981004614e-06,-3.850312159457182e-06,1.4178749518611228e-06,-4.988346932968736e-05,-5.695888284817278e-05,0.000188496639318,4.5,10,3.267070268476896,158.93501165546587,0.178,-1,False,ecliptic_BarycentricTrue_J2000,ecliptic_BarycentricTrue_J2000
848092.4545963003,10,0.98,12.185073595913106,0.0504046396381588,0.0738748693438129,2.2055189767003744,1.7945089664221068,5.5441292744468,1.3178375445715442,0.6011287882216951,6.049824087707133,4.643412409959579,4.657908764052509,0.0036322420623339,-2.0873659613259023e-08,1.763814029021551e-07,2.597641444217887e-09,-6.745124376012533e-11,1.7369346045316715e-09,5.399921097721165e-10,1.7295211561235746e-10,5.235603340334244e-12,1.761718840970271e-09,4.258544316230155e-08,3.050955373349813e-12,-6.173065796059539e-12,-1.2980864177466685e-13,2.6819379826029327e-11,-4.6480487698702484e-09,6.749369529683978e-13,5.200800033973384e-12,-1.0952413443411988e-14,-9.903225088090094e-13,1.759143785629525e-11,-0.0001483350200699,-2.6847243579229315e-09,-8.913805476565305e-09,-6.164658785078513e-10,1.027349132580054e-08,-5.30860708473712e-10,0.0121580401565646,-3.949578209915514e-05,-6.720479941669299e-09,3.663835670623115e-09,-3.958235254025627e-11,-1.3684912462261542e-08,1.1991141872031858e-09,-2.336860796180654e-05,8.326106061568561e-05,0.0004521543956754,-8.918340629954599e-09,1.4089023372089001e-08,4.52962681786048e-10,-2.205359422607917e-08,8.382253430524826e-10,-5.847030106324262e-05,1.502680733297932e-05,0.0001588157543313,5.606637675033436e-05,6.465127943052625e-09,5.79595492392945e-10,6.280832951725527e-11,1.2736821402864036e-08,-1.189480886698908e-09,0.0010972306725629,-8.129307643228614e-05,-8.013877028400664e-06,0.0007112013264725,0.0004051654296364,-7.063803978617347e-09,-1.5964892801993655e-09,3.5418880670756356e-10,-1.904862343539932e-08,8.493944507347474e-10,0.0003112105731451,1.3124958063345698e-05,0.0001377398093141,4.289670587418133e-05,0.0006583787516162,0.0009628817165352,-3.790309500667052e-08,6.272095633190337e-08,6.496681055608681e-10,-3.382766602018514e-08,5.920556005257511e-09,-0.000212325537537,0.0001728965289353,0.0002353581534566,-0.0001041599583003,-0.0001535392491787,0.0016811302532886,0.0006106856430786,-3.121930259501409e-08,3.168489531436967e-08,9.216224378531087e-10,-2.9450418249034628e-08,4.979759439031625e-09,-0.0001139868280345,0.0001870775327585,0.0002094374503856,-0.0001747237479347,0.0001812220172778,0.0009454448635104,0.0010878928728182,0.0009288898858871,-2.289919722493773e-07,5.519213231114958e-08,6.42000530365378e-10,7.494480379093844e-08,-9.678672963958766e-11,6.712216976114653e-05,-0.0002074872794135,-6.686430248275379e-05,0.0001923730500619,-4.511280684645431e-05,-0.0010570734513901,-0.0011915483027591,0.1995603871167371,4.5,10,3.69055674221873,25.076941696857418,0.198,-1,False,ecliptic_BarycentricTrue_J2000,ecliptic_BarycentricTrue_J2000
559273.6465084574,10,0.98,13.669343168733311,0.1625916355392316,0.447456939881107,4.3494896760227935,1.7134532859567069,4.732906245708418,1.804744866877306,4.408996359289563,4.5938576402525815,5.8492651492991445,4.1457809882318015,0.0003499048826203,3.1651052730283323e-10,2.985617827836908e-08,-1.7256915507778366e-10,2.0055443069506875e-11,2.981594464614545e-10,1.7089066604081831e-10,3.6773639275106016e-11,-3.664027743285117e-13,2.965415507590477e-10,1.6136787256832514e-09,-3.4076258786556748e-12,1.457965948450499e-13,1.6015448485157889e-15,3.0071369778476786e-12,1.3349397639566087e-09,5.069881711598638e-13,-1.4980469037089304e-13,5.920055386687028e-15,3.149972323826739e-13,3.0378716989777058e-12,2.454999455335235e-06,6.081674586108218e-10,-1.3871227893803798e-10,1.2817673886111856e-11,-4.279648558403058e-11,2.455213582838044e-12,0.0007542422374843,-2.997526181967885e-06,-5.139301020510166e-10,2.0121085484060398e-10,4.708995879874559e-13,9.391313676005607e-11,7.76795627485318e-12,-1.5339371521056957e-06,3.3170053183319905e-06,-2.572417824906218e-05,-3.1861723170541596e-09,4.2640754320512814e-10,-7.863354863990989e-11,-2.3979810817269966e-10,-1.7424736501130507e-10,-2.794372657221466e-06,3.583239139443018e-06,2.6800041879691065e-05,-4.6187288004670055e-06,-3.0316866212775e-09,8.39355985606786e-10,-1.2802354845475851e-11,3.5637993164221187e-10,7.115468209349541e-11,-3.3652502363778763e-06,-1.413632550046475e-06,7.206673403508367e-06,0.0003226870855575,-1.93234663441524e-06,-1.117152536249431e-09,3.1080281791075203e-10,-9.391959708946087e-12,1.3215572419753494e-10,2.6865113077109188e-11,-2.417336504175737e-06,-2.668145593155452e-07,2.94286109954532e-06,8.61209808376746e-05,0.000101503077573,1.5208682874639187e-05,-1.4068502650734662e-08,1.8344180332106942e-09,1.3980601593877859e-10,1.197924781680148e-09,-4.094565141843269e-11,-6.473421166319133e-06,1.2960990194495296e-05,1.0477216665951102e-05,1.9416031407168084e-05,2.4441071709541908e-05,0.0003893912668395,1.5967600721881193e-05,-1.3295481649248998e-08,2.3707051680953916e-09,1.1751472952687874e-10,5.469296497864271e-10,-2.420218870283356e-10,-6.964156536212538e-06,1.5027633042473082e-05,1.6142059759489206e-05,-3.632031736331971e-06,-1.079259117530911e-06,2.9720621997003968e-05,0.0001824050998187,3.566210413462804e-05,-1.625943196338502e-07,4.100475799736025e-10,1.652541613369787e-09,4.933061561410608e-10,6.374184286029697e-09,6.068870843213491e-06,-1.290408270638436e-05,-1.5368550960856452e-05,2.86230951223891e-06,1.4903833912637046e-06,-0.0001718788282388,-0.0001818739296659,0.0037771713200806,4.5,10,3.246039803758902,61.121842277459976,0.221,-1,False,ecliptic_BarycentricTrue_J2000,ecliptic_BarycentricTrue_J2000
447413.7982703441,10,0.98,15.484326411450064,0.1426955571629948,0.2563346984729411,1.4993019199393163,0.662771842240842,5.8306316448282915,2.0529779919894025,0.4936749945148527,1.6311183909367883,4.374968907252798,0.7323404989844444,0.0022485511506626,1.2132471319779565e-08,1.719892280085572e-07,2.091959875864629e-08,4.10599848773084e-11,1.71783044624088e-09,3.631946346230648e-10,-5.919418945473057e-11,-5.878145779491822e-14,1.714993030948413e-09,1.6261253164491976e-08,-3.958593567750151e-13,7.229294752737719e-12,7.037679722860212e-15,1.7357668813600853e-11,-1.4766939597212568e-08,3.4327656602026097e-12,-5.911717310337849e-13,1.2160537000756443e-14,-1.233184564368781e-12,1.7496717415109242e-11,4.494221279065224e-05,3.0226145423591885e-08,3.562571540376468e-09,-2.1356699989130277e-10,8.768187223590712e-10,2.0221469537178914e-09,0.0238775110117058,-3.714573451243313e-05,-7.694576087743667e-09,6.84602900661325e-10,7.257103559081075e-11,2.1934698854833926e-10,-2.177428474068057e-09,-1.6075246896554414e-05,3.2791658457116304e-05,5.246065533058629e-05,1.7370216684492507e-09,-1.8248844279465846e-09,1.0003220071447979e-10,-5.760892770429865e-10,-3.5460846536716357e-10,-5.512305519339867e-06,8.738337375282018e-06,3.360687290048499e-05,4.845873971290225e-05,2.4641949352121132e-08,1.6738163857873707e-09,-2.3663956736319524e-10,7.650926571184244e-10,2.583092755985424e-09,0.0026019121484887,-2.870462059731264e-05,-1.0778997906299973e-05,0.0020042894727875,3.3952647930000305e-05,5.366072453101215e-10,1.038266503174243e-08,2.602263032304884e-12,-4.891945483126341e-10,5.917406277570412e-10,0.0001002990720954,6.7358975965292e-06,1.9331951050686434e-05,4.293567601831112e-05,0.0006805237287264,0.0002295755283937,-3.963912479692856e-08,-3.280163362976195e-08,4.3706319832912476e-10,3.0355677113400363e-10,1.4153143346317233e-08,9.887448843161696e-05,-2.2007708078543866e-05,-1.7496628067975893e-05,9.700087354369728e-05,-0.000232719912937,0.0015779102297965,0.0001755261638657,-3.6486658903676685e-08,9.049845342541904e-09,2.9002182188508665e-10,4.0693349365189495e-09,1.2195474242862948e-08,1.2097102203106924e-05,-1.7153825441874188e-05,-3.553736494452164e-06,1.7959197980092087e-05,-6.064825936330171e-06,0.0001198338557011,0.0005429921078259,0.0002517581335193,-4.234168834917307e-07,-3.8036408659172966e-08,3.673565935628618e-09,-1.8457524066913447e-09,-1.1506545484752094e-08,-6.174786355342692e-05,8.043030281286513e-05,3.636431358950264e-05,-8.68688198997297e-05,2.025244971066074e-05,-0.0007539051225769,-0.0007560166335677,0.0252701766809834,4.5,10,3.255043103083659,25.41434104566256,0.223,-1,False,ecliptic_BarycentricTrue_J2000,ecliptic_BarycentricTrue_J2000
1344798.8689854548,10,0.98,10.3815536551557,0.0527123282832435,0.0584160648607161,1.082889005994884,1.2741119807226462,5.807802977148621,1.3340326393710813,1.6181177876208686,0.6372267337074665,0.2042668129677285,3.919224402979815,0.0005380968422375,-6.026309019528392e-10,6.080182718445887e-09,-1.4483933023115808e-10,2.619428197012816e-12,6.103256256300951e-11,8.793800036302692e-11,-2.98772377688154e-12,-7.001972898629648e-14,6.075564053649149e-11,1.0093417806420472e-08,1.006812386408272e-13,5.5011421402524974e-14,8.301680509607149e-16,1.5003945078616596e-12,8.768994340968586e-10,-3.5345855329030978e-15,1.43203153753405e-14,7.001580990369357e-16,-4.037853830834871e-15,6.115221537953856e-13,8.716105541547506e-07,-3.279433804160177e-11,-8.909526784590656e-12,1.7144922240356849e-12,1.4574183027494428e-10,-1.6546135480724882e-12,1.5417712634603395e-05,-3.576583306594033e-05,-5.7521327823220436e-11,9.289500068082847e-11,-6.8881144182639746e-12,-1.905213010705628e-10,-8.242563437126329e-11,-5.061625798893742e-08,3.8206900212912114e-06,-3.1471938600937834e-05,2.1117763872516723e-10,3.102527455154143e-10,-1.3284253260186467e-11,2.0422855616537033e-09,-4.3331298706394866e-11,1.463308163029157e-06,3.6073326103680135e-06,4.026277253091091e-05,-3.624405402184479e-05,-9.272772868673268e-11,1.1480322035280278e-10,-3.2486076470421756e-11,1.2116910747683712e-10,-9.9812528826355e-11,1.438285993981716e-05,3.879128701792415e-06,8.835175294352631e-06,8.366430156692416e-05,8.32326109865122e-06,-3.336398813151282e-13,-3.834480444427809e-11,3.424848114201197e-13,2.5645679695144583e-10,2.535997776000345e-11,2.599338731608336e-06,-7.476766379228155e-07,3.30512386841911e-06,1.0139804972967436e-05,2.001114057414199e-05,0.000135566531598,-9.530393701622247e-10,1.0541686651842764e-10,5.918555584020318e-12,-7.766501103244081e-10,2.8036550242660515e-10,-2.526546594931462e-07,-9.588685922732056e-06,-9.552961992004655e-06,-8.112811240591944e-06,-1.760134296874643e-05,0.0001328037379221,0.0002072212995078,-9.012305980079367e-10,-1.0065338127641532e-10,4.6802150202111084e-11,-3.9709317785875326e-10,4.65853449847379e-10,4.261883305981025e-07,-1.5593663364831024e-05,-8.056882041401854e-06,-1.4956080288712962e-05,4.354586977913624e-06,7.122785018116181e-05,0.0001137198726716,3.283770403563446e-05,1.7877464081258003e-09,4.4763977727781115e-09,-1.1695859154757087e-10,1.2871073298340866e-08,-4.112092111529677e-10,6.377825340191577e-07,5.024687864297968e-06,8.32497559446031e-06,5.601274688502266e-06,-9.991640434077695e-07,-4.744728086749967e-05,-6.13228423980884e-05,0.0046595306142479,4.5,10,4.275271127250567,135.05974619098578,0.181,-1,False,ecliptic_BarycentricTrue_J2000,ecliptic_BarycentricTrue_J2000
568324.784255123,10,0.98,15.554343291337554,0.084510866635264,-0.7440304306560772,3.07212281581786,1.8970637510587842,6.1872448528714825,1.864279318282128,0.0937649144442828,2.3221311329330385,2.059796752187664,2.1773991869410114,0.0048941444514475,3.103687922616792e-07,2.496496449332201e-07,3.15230125236033e-07,2.03629354779606e-10,2.569351824677831e-09,-4.1814002269210284e-10,1.2878362872097959e-10,-6.9710652833844624e-12,2.4804011131461347e-09,2.430978654804148e-07,3.5907261714916413e-11,2.3347258844279608e-11,3.50210250237184e-13,5.925008143956014e-11,-6.873433132870664e-08,-4.078059230967199e-12,9.973875203636468e-12,1.694878887327013e-13,-3.1331384220560973e-12,2.927362599485239e-11,0.0004340675757813,4.461630353162305e-08,-3.824090750676085e-08,-7.77881345862093e-10,-1.1700843576668657e-07,-1.0966714366508487e-08,0.0170229905810538,-0.0006656574878464,-4.2741807640085223e-08,5.544533048039626e-08,1.417167130853394e-09,1.7697764250677733e-07,2.152301864565456e-08,-0.001212178449065,0.0018212259585214,-7.376938619327653e-06,4.010789408912721e-09,1.1000132403100897e-08,5.73344035391768e-10,2.5169610203329813e-08,9.488257763323761e-09,-6.584006343015813e-05,0.0001402956111712,8.891456506122467e-05,0.0006718916436606,4.362371083180735e-08,-5.1978136646448055e-08,-1.5070205171300548e-09,-1.7760207871707077e-07,-2.1681362130340974e-08,-0.0003309636869554,-0.0018325213491774,-0.0001411369074344,0.0053094974581314,-1.7710232915869925e-05,-1.054623302341173e-09,-8.037421439723234e-09,1.0512635039774291e-09,2.0788751979853323e-08,9.113800375951177e-09,-0.000439691955936,0.0001235615789873,8.654953804120667e-05,-0.00055149573028,0.0060657605940471,-0.0002863355537124,-4.103681152719594e-08,7.97108095830339e-08,-2.043971084162614e-09,-8.806632615807573e-08,1.1800596946610808e-08,0.0001661859584964,-0.0004630434791906,-1.920637113381498e-06,-0.0022497374739327,0.0144609540090062,0.0835557992476833,-0.0002603164713651,-1.7924943937235714e-08,-7.902853487868147e-09,1.1316708557890044e-10,-4.137887125758138e-08,1.3885717610790035e-08,0.0001543510610658,-0.000249577726357,2.4087489388793465e-05,-0.0012078777927985,0.0072203454755318,0.0410534999423912,0.0203554975325799,0.0015017317030593,-4.023322478169794e-07,4.835461752038343e-07,9.676264245782395e-09,7.333700428188746e-08,1.790095179269218e-08,-0.0002077728099545,0.0002822599618436,-2.179782326206956e-05,-0.0002835974896082,-2.7522849034998288e-05,-0.0011103424553729,-0.0012121217358092,0.0454545126317552,4.5,10,3.3450963746401454,21.13513636457883,0.194,-1,False,ecliptic_BarycentricTrue_J2000,ecliptic_BarycentricTrue_J2000
1052219.3334685478,10,0.98,10.556305706174276,0.17187436057609,0.155382859757486,2.0843359854023635,0.9234880590688659,5.555218982952505,1.1942249647881713,3.37342706934128,2.077268768342175,5.174310220385546,3.1941618380249324,0.0016485103568719,-4.9615189068892255e-08,4.6006377649011096e-08,-7.614155689122761e-09,-2.2650649234133764e-12,4.582296701893016e-10,-2.5010662484406133e-12,-1.0491405187286573e-11,-3.53033830943725e-13,4.5706364623396046e-10,-4.019052582342015e-09,-1.4309882803380596e-12,-3.368426588336397e-13,1.63473022289496e-14,4.6775831821111895e-12,2.021004362208101e-09,6.360078125963953e-13,7.165445051380836e-13,3.1569911826789484e-14,9.902655440398532e-14,4.62179657522159e-12,8.634952178239469e-05,-5.672965557082497e-09,-1.0873360634861192e-10,1.4652857356646528e-10,6.077851793257555e-11,1.256094989419617e-10,0.0015231823899474,0.0002314475293441,-1.0639475453593382e-08,-1.423466042331089e-09,4.601004145859886e-11,-3.7299141701985084e-10,3.4076770556878745e-10,1.938354604320468e-05,4.726713488376219e-05,4.173451341428272e-05,1.0430636689882876e-08,-2.688411344266583e-10,-4.781348777825855e-12,-1.540765876736456e-09,5.1032011073402956e-11,-7.004880631898013e-06,7.736962293747095e-07,4.341447489769624e-05,0.0002112553423423,-5.674738004553363e-09,-1.0920631776467751e-09,1.6512915836102564e-10,-4.7986787916419e-10,2.940831281592521e-10,0.0003406168649944,4.1540717088537474e-05,9.915379697921028e-06,0.0003446634210661,-1.7881026089081772e-05,8.582619751788456e-09,-1.3385363379078788e-10,-8.323794843229204e-11,-1.2889701201971743e-09,1.0344985138163896e-11,0.0001609497799031,-6.97096483857213e-06,2.384833616507401e-05,7.532788714570232e-05,0.0002400787823196,0.0008083724845857,-6.206216048391699e-08,-6.820640593808551e-09,6.83372589103562e-10,2.6306672650747102e-09,9.096988926780763e-10,1.9659135850081624e-05,0.0001814705992376,-5.236561556636433e-05,0.0001732685514861,-0.0002682722048116,0.0012528723291021,0.000841622430899,-5.0962470948334416e-08,-5.339419606058027e-09,2.1091854453600427e-10,-4.889993908183377e-10,1.079722367131105e-09,7.58173509082492e-05,0.0001733923700264,-2.682716668552233e-05,0.0001469923762616,-4.475236673885582e-05,0.0007578403280044,0.0007932689991678,0.0002342023489822,-1.498891529103931e-07,-3.589695251367788e-09,7.509439484838796e-10,-4.52074892864405e-10,4.454174107644018e-09,-9.251146689660552e-06,-3.6255415889954568e-06,4.633651492637646e-05,7.145420251932318e-06,2.479796837417744e-05,-0.0002673112706183,-0.0002216465475552,0.0042542393998438,4.5,10,3.0891584835326342,49.2070697785198,0.203,-1,False,ecliptic_BarycentricTrue_J2000,ecliptic_BarycentricTrue_J2000
1058728.9405674562,10,0.98,10.733999625849917,0.1738590978335571,0.5257293346460101,4.002648429107769,1.415368839728298,2.5041698392818215,2.193892672298391,4.097631475085862,2.48791817271467,2.5889128572562186,4.038390304656286,0.0017752858643902,-4.862287410047841e-09,1.1389149274524301e-07,2.580679481761168e-09,1.7368429252213988e-11,1.1382622904080075e-09,4.422957910670061e-11,-8.355645985554776e-12,4.4943089056920555e-11,1.1355647197910282e-09,-1.4517540857925072e-08,-2.6382112338063427e-12,-6.306347249011044e-13,-1.3900010196478491e-14,1.1655467591434284e-11,1.0102438663160334e-09,-1.7777379673872697e-13,-4.010499891881649e-14,3.279236298618733e-15,2.4236487760475043e-13,1.1427960825098625e-11,-0.0001917981486347,2.0421478025548004e-09,-6.655518534963683e-10,-4.5288703579467006e-11,6.170297972834274e-10,-2.1641567525035423e-10,0.0148689946624497,0.0004437982979534,-3.739818029271033e-10,1.8225313599155643e-09,2.6142200433443248e-11,-1.576381531728596e-09,5.342442257173745e-10,-0.0001118438078935,0.0002672431079878,-2.338764932147749e-05,1.772285173016345e-09,-2.2728789278032719e-10,5.249751589142056e-11,6.344701431302314e-10,4.063611831584485e-11,1.806092233286639e-05,-8.22310300278752e-06,2.3129149103245702e-05,0.0002581329655948,-1.1515081486931532e-09,9.44372288881549e-10,4.0993804324200036e-11,1.7110720960760175e-10,2.081343651521008e-10,-4.508442675652388e-05,0.0001624134104932,3.831532937923344e-06,0.0006672651617326,0.0002187568436042,-1.8835316152188e-09,6.713371016699385e-10,2.3340240629046318e-11,1.1045615799796172e-09,4.468040973206851e-11,-2.19210845310828e-05,0.0001396835571766,1.347618564539973e-05,0.0005512254708621,0.0012607591398677,0.0007481724116843,-6.635984317016158e-09,1.7853072442877031e-09,1.9146798123626559e-10,8.878440608536161e-09,4.6306184486745956e-10,-0.00020809498051,0.0005576783836702,-1.373984592238502e-06,0.0007274581380589,0.0008813458789391,0.0025915612866522,0.0002170840334122,3.25577122805798e-10,4.064045324515185e-09,3.0483546709630616e-10,4.599917332990947e-09,1.021715416925687e-09,-8.948052319540675e-05,0.0002480527315528,1.5101474384346016e-05,0.0001645537468598,0.0001464336006259,0.0004215466354618,0.0007978245061547,0.0009014609006732,-2.1838759325498586e-07,-1.1561273951669241e-08,3.1444957818637515e-09,-1.6257390680974232e-08,8.762488783868022e-09,-7.064272083459888e-05,0.0001042378763375,-4.479058829348414e-05,4.324173029270768e-05,1.5833889978234042e-05,-0.0003867878794113,-0.0005389970973903,0.0110931737576538,4.5,10,4.337636343194931,31.256530110640853,0.206,-1,False,ecliptic_BarycentricTrue_J2000,ecliptic_BarycentricTrue_J2000
724631.5445385344,10,0.98,11.342721088002715,0.1672882523323097,0.8689165465376316,1.7241497568705475,1.1847758079078707,0.4809971647797806,0.6784013541434859,5.022977769128808,0.4385527196912895,3.0254204222744945,5.686374144095631,9.781513269376592e-07,-1.0186504224760419e-10,5.4621862065112217e-11,2.244235400801336e-13,6.295602044198888e-14,5.503233435112655e-13,3.3227082555543015e-13,-4.6400823314966695e-14,-2.7989848246287588e-15,5.457046151755377e-13,3.068164040253124e-12,-1.969519709518556e-14,-1.673363894602421e-16,2.062007679797109e-17,5.8199059160978075e-15,2.496450186093756e-12,6.656857881838742e-15,5.220354513971497e-16,-1.0585403315402232e-17,-1.2147000306491745e-15,6.09469801396223e-15,2.4034239839298376e-10,-1.882534535584777e-13,-8.531237779063967e-15,-6.980499702762072e-15,3.5082352989277316e-14,-4.4968031298298706e-15,6.374861331440847e-09,-3.981967255742486e-09,9.873058446331446e-12,8.31047318337076e-13,-1.852106776919441e-14,-9.78187629222495e-13,3.337862290081472e-13,-3.5300060699410987e-10,2.0071080316465e-08,-6.10526345618446e-08,2.334307862334868e-11,2.1844201264442642e-13,-6.54182981887869e-14,-1.341910931025328e-12,1.0480167352788752e-12,-1.4919028316490419e-10,3.797384440737038e-09,1.5914719630171943e-08,-3.477038112606044e-09,-4.968287695291303e-12,-2.0289240258113605e-12,3.8902387294855244e-14,2.3995121463989453e-13,3.340198136573416e-13,3.193550677532449e-08,-1.6030190170468977e-08,-8.050509163441034e-10,2.4906561091793144e-06,-7.023394131928898e-08,3.4109366802054563e-11,-8.228794721172215e-13,1.488275726708773e-13,-3.375949793473088e-12,1.7486109214259544e-12,-8.140961390012485e-08,1.8598483677239043e-08,2.2734325596467652e-08,1.2288222961413249e-06,5.1765005194857465e-06,1.9765065905744777e-07,-7.359569982871469e-11,-2.231476973014374e-12,7.808948292723448e-14,4.071407669608224e-12,-2.139463766575522e-12,6.251788659024219e-08,-2.5194298765152608e-08,-2.8788046055253088e-08,-9.565854255939785e-08,-3.063979547566497e-06,2.171892224738508e-06,1.9100798263148344e-07,-4.680105497667501e-11,8.75368644859657e-12,8.136175038509403e-14,6.208955986012341e-13,-2.285805973175868e-12,-1.9560212041020714e-09,-7.968515131187256e-09,-1.901670134870345e-08,3.294981113387128e-06,3.6815845999796446e-06,-1.549440996354762e-06,9.141314655957168e-06,3.383483366553101e-08,-1.3106305629893234e-10,-4.045742425505746e-11,8.977729365825739e-13,-3.968966455217653e-12,7.858250913270018e-12,-7.23441932853689e-10,3.7821510559408175e-08,1.0813557610027068e-08,-2.990240483688333e-08,4.12118026878328e-08,-2.776724315607279e-07,-2.472831040244412e-07,5.130990843060261e-06,4.5,10,2.870766679166933,1424.7236072062765,0.298,-1,False,ecliptic_BarycentricTrue_J2000,ecliptic_BarycentricTrue_J2000
758115.876863352,10,0.98,10.292867404851188,0.0522292558143268,0.4638344933904541,1.6979303229486524,0.6776575168058753,0.1636220617489802,1.552210046101565,5.428198322976933,3.876877370655297,3.6579593195199447,1.2104613415538326,6.522886914556943e-05,-6.051129407260983e-09,1.553841667908416e-09,1.158360287891623e-09,3.0991795152317144e-13,1.5533721944741288e-11,3.9455108339598654e-10,-7.567805783492079e-12,3.7946667530605243e-13,1.5241828794256313e-11,-7.649260307471181e-10,1.7034968835884512e-14,-4.9752262516161736e-14,-1.1992979525193006e-15,1.9710204201510732e-13,5.563028193647933e-10,-1.916665554249565e-14,2.6611277344885302e-14,5.3947820475058964e-15,-9.641041706873114e-15,1.6394323515036134e-13,-1.0559480299718512e-07,7.523697288019167e-11,2.9162100810695914e-11,-8.498105045502661e-13,-4.237354911558345e-11,6.172114662993679e-12,1.2567540555894094e-06,1.2044843816725192e-06,-1.1050858185036222e-09,-4.855921529167939e-10,6.6761426018123416e-12,6.5034100523807e-10,-1.0621887557768619e-10,-7.36180560262888e-07,1.1735688543053e-05,2.232004854629041e-06,-3.2312041093856093e-10,9.167155002904824e-11,2.136134034704601e-11,5.821880746119969e-12,3.250890609928956e-11,-1.2080604274523064e-09,-5.196210491032058e-08,2.6192347491763845e-07,1.056350626338023e-06,-1.0745111152185194e-09,-5.088421727101332e-10,5.040716638553966e-12,6.408578307891093e-10,-1.1146500350941176e-10,-8.281517658893288e-07,1.1518556397647716e-05,-5.493662548989109e-08,2.0178476966494907e-05,2.1771297686590165e-06,-3.1042156542099305e-10,8.134552389677848e-11,2.1041580286154328e-11,2.0471154478833774e-12,3.0190889206845434e-11,2.438167180558211e-07,-1.3478051921028646e-07,2.611681472676232e-07,-1.1138589347427632e-07,9.093233653263322e-06,2.73880051322515e-05,-3.454595651247019e-09,4.5059104573500167e-10,2.2173535643266246e-10,9.831474589679139e-11,3.6341368838472367e-10,-1.927265868175932e-07,2.690619856490732e-06,1.1821461593953307e-06,3.938644809927312e-06,1.5767304523062814e-06,1.663798535575256e-05,2.717942204416399e-05,-3.0736566235021195e-09,5.885915351055973e-10,2.1587759627403438e-10,-6.277848802641839e-11,3.5301946562365043e-10,-4.135976084565738e-08,3.450510980218341e-07,1.2344321190366392e-06,3.877561567900393e-06,2.804191181245607e-06,1.3963941505190485e-05,5.42380627017033e-05,-8.875218790975768e-06,-1.830631687593057e-09,4.936218463095768e-10,6.146995952069702e-11,-5.500783153281802e-10,-4.672439502933048e-11,1.278034742316153e-07,-1.7208936411852646e-06,-8.593611050706793e-07,-1.6908713098396917e-06,-8.387334630783416e-07,-1.2023580970781078e-05,-1.1986198343594033e-05,0.0015239329404251,4.5,10,1.780970139140558,270.0169486273753,0.241,-1,False,ecliptic_BarycentricTrue_J2000,ecliptic_BarycentricTrue_J2000
371773.5550103805,10,0.98,15.92988135411506,0.1337973787586359,0.5628352421654659,2.0573658847433696,1.5195285269539753,3.1614852929416606,1.751743167069854,6.196257528075942,3.6700746844228846,5.20719534495148,6.22283271387057,7.215967344743139e-05,1.5682060139735493e-11,7.451058435913281e-09,-4.535696472464784e-11,7.289026075840205e-12,7.45007061000484e-11,2.2595700259015948e-11,4.4855827677965103e-11,8.85933565383793e-13,7.448383117162104e-11,-1.1448232595241567e-09,-7.709696296317799e-13,4.1138219653358273e-13,-5.5046146210168244e-15,7.802883588182217e-13,-1.177690306950888e-09,2.953191859083874e-13,3.322326510625511e-14,1.9255575461973703e-15,-6.974745632037303e-14,7.691263801752847e-13,-1.0564140915341277e-07,2.5015160375232236e-10,-1.7397649601428524e-11,-2.0949872582964666e-12,-7.740216318939367e-12,1.3338327068085838e-11,3.5814487356573486e-05,3.030941956371254e-06,-7.492674245924824e-10,1.4769722328711746e-10,4.172507909133481e-12,4.068127497717547e-12,-6.985672799073297e-11,-8.3432831761698e-08,2.2139974070157403e-06,-3.644234866782894e-08,-1.1309496873281543e-09,1.5736310343437107e-10,7.022505900198961e-12,7.669944161543001e-11,-1.0691159225759132e-10,-1.0222325001055344e-07,4.155567556669821e-09,1.0098772276518725e-06,-1.032487596339032e-06,7.090591664370023e-10,-5.6470152699399306e-11,-4.57685281154727e-13,6.941426807807756e-13,6.997462728644129e-11,-2.8030532096071304e-07,-6.944808019231871e-07,-3.385952426975604e-07,2.5596109294684333e-05,7.554351494299438e-07,-1.001682134340598e-09,1.2036958056181583e-11,1.576649574775964e-11,1.6116028461024804e-11,-1.2680416325395786e-10,-4.883335226620593e-07,7.436510025863805e-07,7.816117123376858e-07,-1.7785078286051998e-05,6.499050635167645e-05,8.92340091737149e-06,-6.985558216617777e-09,7.340273193388782e-10,3.2071749277849374e-11,1.104136731679612e-10,-3.8363853762194015e-10,-2.343034701346725e-07,5.525421340734223e-06,1.681961894541268e-06,-1.3122788945034772e-05,1.0751825783256072e-05,8.851415728147151e-05,6.295229878840501e-06,-5.236649566022505e-09,4.6173919648032065e-10,3.831479165849967e-11,1.4254582526983008e-11,-1.1351294542699419e-10,-2.551850090775939e-07,3.446197136439929e-06,1.2793214689601471e-06,-6.86706356971888e-07,3.640452057783248e-07,-2.0552967693970574e-06,4.237154573165866e-05,7.950702880285433e-06,-3.6929153918993916e-09,-2.351421744074277e-09,1.1366723305459032e-10,-6.201921590403208e-10,2.6744465657782036e-09,4.037813134397685e-07,-3.521961947479663e-06,-2.641757371378041e-06,1.8060127744012955e-06,-2.553545409686828e-06,-4.4168803671506814e-05,-3.932198290188244e-05,0.0014958830049712,4.5,10,2.799757179740051,122.19849211982591,0.244,-1,False,ecliptic_BarycentricTrue_J2000,ecliptic_BarycentricTrue_J2000
688246.0199062991,10,0.982,10.757526368570682,0.1442698181874831,0.0284985924880798,2.4540525587146886,2.0334762270427396,0.959257800602031,0.5456117095656218,4.059977335675379,4.287424912302708,1.6370800632266664,0.6059665470973358,0.0091473569631977,-4.68975255107269e-07,8.014389767200885e-08,4.733350971200715e-08,-1.9208793626128108e-11,8.124410031701977e-10,3.810538618386436e-08,3.103047151895965e-10,-1.7781118291769873e-13,7.919343767462083e-10,1.2925606015900932e-07,1.4270945110787988e-11,-1.1158665022318916e-12,6.939774824219895e-13,1.212251388914674e-11,6.021770398039835e-08,4.728023208941321e-12,4.722166419359357e-12,3.1401789779848254e-13,3.8703842876298e-12,9.31528664035545e-12,0.0002019711332814,-1.3299190618491452e-08,3.553284765380894e-09,9.047189567356407e-10,3.102774580452652e-09,1.272113243843917e-09,0.0039039069331252,-0.0003717038901025,1.5162726004193425e-08,-1.339299752989811e-09,-1.6165685661777235e-09,-5.642693973138515e-09,-2.43121973852677e-09,-1.6052005001728647e-05,3.165719440223414e-05,0.0005488402095457,-2.834011636882917e-08,6.260860615953867e-09,2.845317938039819e-09,1.3629106748370849e-08,5.069083518675104e-09,1.611621583645935e-05,-2.5862538559466054e-05,6.388484037590748e-05,-0.0002593486325981,6.657006586854509e-09,5.543355420471415e-09,-1.1400939246326701e-09,-4.000198619221113e-09,-1.8810811393678227e-09,0.0004640292134624,2.4471435771972533e-05,-1.3156692726641283e-05,0.001182407366193,-0.0002630463131787,1.0450184407508969e-08,2.940195318495998e-09,-1.1248816977992401e-09,-4.110605562768371e-09,-1.728223377012464e-09,0.000250924399365,2.27176192981376e-05,-1.947730692301266e-05,0.0005603052237328,0.0010066193152652,0.0034722480475956,-2.0884298189179882e-07,-1.9390061408853082e-08,1.549309639265884e-08,5.0798360227257535e-08,2.6336609795172208e-08,-0.0001521124434393,-0.0001391772718422,0.0001990573329322,-0.0005437971534643,-0.0011309691006874,0.0036627478113972,0.0028268311310977,-1.8082293986707978e-07,8.790148622009381e-09,1.233603782972149e-08,3.056690674681574e-08,1.920309705688232e-08,5.326955687097252e-05,-0.0001005152352306,0.000133210356172,-7.417598780948631e-05,-6.515386431725156e-05,0.0012383698600972,0.0011158575149194,0.0004789161400116,-1.321656583458795e-07,-5.806751585321815e-10,6.522419454180316e-09,1.4691837810688141e-08,-2.8598070921758184e-10,-1.7462540496948162e-06,9.289611566895187e-06,5.092223200648847e-05,1.5704611024809208e-05,3.5653068709833537e-06,-0.0001346829355866,-0.0001969595296315,0.0096342286431193,4.5,10,1.3022674824636424,37.433663811414256,0.235,-1,False,ecliptic_BarycentricTrue_J2000,ecliptic_BarycentricTrue_J2000
763315.3851102496,10,0.98,11.125262926547276,0.1825171278789897,0.6024800112095634,4.402251535654261,0.9485984106229949,2.2718683409089206,1.910305898869896,2.0274505532377565,0.3741128296961109,3.27535764376588,4.698758589841744,3.075652750204222e-05,-9.847781656336127e-10,1.4640060442117435e-09,9.049151067723086e-11,-1.762960384111126e-13,1.4593600663595312e-11,6.578747862574424e-11,4.5897892592984e-13,-6.124960155165242e-14,1.4527720139899302e-11,-4.0298656412216274e-11,-8.19203147477495e-14,-1.3091765424035942e-14,1.556272346087704e-16,1.459931107451235e-13,-1.6296827896626318e-10,4.7880900601775e-15,-6.952004555319169e-16,-3.433048666973725e-16,6.287105126213977e-15,1.4813718024405944e-13,-2.569657821142872e-08,-7.295442351275344e-12,-7.633999255376481e-13,1.0053447093380433e-13,1.168285614599929e-12,5.223942823367906e-13,1.4319824526063052e-06,-2.145698322779084e-06,5.6785189232516645e-11,-1.4688838517921577e-11,-5.9581183871195e-12,-1.4193098575903772e-11,2.2804648084517763e-11,-4.612399908794243e-09,5.199189403320342e-07,1.7177336178180635e-06,-1.349115605065186e-10,1.0463141089176995e-11,7.113474044015279e-12,-1.4441368228741322e-12,-2.4605510781722733e-11,-9.324568378398248e-09,-1.927796387072102e-07,3.514850838617668e-07,2.5041929569464585e-06,3.4690787546673496e-11,6.936970607300155e-12,7.243356879162604e-12,-1.7990450137268912e-11,-2.6911777003170928e-11,-2.864156174822174e-07,-5.219148557222452e-07,2.0196231508869642e-07,1.3085328199561028e-05,1.1217970058954502e-06,-4.201463521325675e-12,3.357856212765309e-11,2.937453566829596e-12,-1.700738160660863e-11,-1.1489412735302615e-11,-1.0582372844172572e-07,-1.62030700919581e-07,1.592661073443626e-07,2.0225048881830524e-06,6.0738709139996245e-06,8.939068726768575e-06,-6.054345242602973e-10,-9.082407017074313e-12,2.96581329755425e-11,6.560555953725115e-12,-9.092610104925312e-11,-3.204084622743588e-08,-2.923404382323454e-07,6.320859073083675e-07,1.776790814954056e-06,-1.3626747803107818e-06,1.2970072531599204e-05,9.14694217677986e-06,-5.195928095456149e-10,5.7155069062082396e-11,3.1021571676926804e-11,-4.5792270310879195e-11,-5.5663718329862586e-11,-3.3852861942937986e-08,-1.996110624270127e-07,8.435343472012903e-07,6.827445456845163e-07,-1.2088897468614976e-07,2.037645316123514e-06,1.258308741644979e-05,-6.010783867675115e-06,-1.4468484361674523e-09,-2.3115183741479824e-10,7.866691070986403e-11,1.7919309303822634e-11,4.891065364808404e-10,2.7537771532e-08,9.09549579854418e-07,-1.1663196208497506e-06,-1.1448730030610084e-06,-6.086131923966173e-07,-8.266738438221027e-06,-8.576343410704787e-06,0.0001135223914623,4.5,10,2.7239982430682685,276.148343063909,0.236,-1,False,ecliptic_BarycentricTrue_J2000,ecliptic_BarycentricTrue_J2000
691704.4835653998,10,0.98,12.50054147796588,0.170272109524889,0.3070650618775201,3.203797849129275,0.8332795949161148,1.7483017902570812,2.0680359250886045,6.110632327927151,2.558384735397147,1.2135806201673758,0.9701794226939796,0.001445650797445,-8.595003176131046e-09,1.221342312858555e-07,-9.539669133766012e-09,2.538785068395939e-11,1.2275078669396212e-09,2.2221420614844406e-10,-7.919130473591796e-12,7.876621330830244e-12,1.21947688430131e-09,-9.10467332090759e-09,-2.800682931908806e-12,-1.630215070235965e-12,-2.42693810635163e-14,1.2322225664539248e-11,-3.530413004688665e-09,1.526487016761199e-13,4.237853347977067e-13,8.570565596048325e-15,7.02774919608927e-13,1.226236515985836e-11,-6.577806871456601e-05,4.2868491540866665e-09,2.716624254620188e-09,-3.186119689106141e-10,1.6534997796806584e-10,-7.202181513789991e-10,0.0119593940492911,4.423409644997602e-05,-2.532965454728006e-09,1.8514731685663127e-10,5.7978306766053795e-11,-2.7590950055471965e-10,-3.945003191775447e-10,-8.254022472275679e-06,1.2705610550095576e-05,-0.0001386750788718,2.958028424316093e-09,6.0109822472141725e-09,8.343942545912636e-11,-1.4920294742878462e-09,-2.00033317956634e-09,3.719356462310709e-05,-5.931023763406023e-06,0.0001152788123825,2.784439161427892e-05,-5.918581839095906e-09,-4.164685628323175e-09,1.8612105305546686e-10,-1.6367253157889323e-09,2.453173613081182e-09,-0.0002794881465103,-3.1127640017396434e-06,-2.6177638170054165e-05,0.0014909075129449,-3.4941880909300703e-06,1.0633684640366771e-09,1.6668389947053551e-09,-1.3111428649377343e-10,3.9852688032538005e-10,-8.367835110797864e-10,8.31535754164478e-05,2.989836052485201e-06,7.265208033046429e-06,-0.0003539747831572,0.000465308288397,6.605620574117818e-05,-2.0015498044533688e-08,4.2492371421941795e-09,2.190701517133675e-11,-2.5274018042769257e-10,2.1180295740458888e-09,-9.594052720648227e-06,1.3795571149660094e-05,-8.791396177777444e-05,-4.279606787755269e-05,0.0002758939120412,0.0018477763561224,5.201148042636396e-05,-5.872698105602149e-09,-5.067545352452107e-09,1.2407376667202064e-10,1.4714386274011356e-09,4.462011575908145e-09,-2.3129583489326227e-05,5.360308601070277e-06,-6.461663947691312e-05,2.0726767839897626e-05,-5.062203952648202e-06,5.04498012769755e-05,0.0004088793776684,0.0005284072848835,-1.400243719621438e-07,9.550545328703101e-08,3.3139005424566357e-09,-4.976650013643674e-09,1.1904490307482324e-08,-1.5510723281556608e-05,4.85175350467798e-05,2.876056488183644e-05,-3.251574682492356e-05,1.5517830293738562e-05,-0.0005017323726901,-0.0005330303360407,0.0112075075317154,4.5,10,3.175183812283502,30.137970411072008,0.216,-1,False,ecliptic_BarycentricTrue_J2000,ecliptic_BarycentricTrue_J2000
365494.0692747537,10,0.98,15.735927931543358,0.1168201340925676,0.832346026276904,2.1310904112740774,1.814057561815236,5.817984283367677,2.756089422729732,3.032978130623305,0.1941487861890591,4.005316880241828,5.515987853815517,0.0018333651136795,-9.963294249379763e-09,1.5056787428104002e-07,2.2424984182893712e-08,1.3216463647820154e-10,1.5073353074487098e-09,1.3880938645405875e-09,3.1546674106046587e-10,4.321596386148044e-12,1.500431916256503e-09,2.0965009336252323e-08,2.407870161862396e-11,-5.891485853168445e-13,-1.9568326792582843e-14,1.5293949386001673e-11,-2.7383508949297784e-08,-1.0778316972150784e-12,2.963448897313827e-12,-5.1083111001404397e-14,1.2165293334844848e-13,1.6332049317342068e-11,-1.99958271335923e-05,-2.6756478743709954e-09,-9.042246344340971e-10,2.3204718788660928e-10,-1.8642883966496528e-10,5.705302750521944e-10,0.0130587074580956,2.418894487277767e-05,-2.914573568521013e-08,4.3902540404888365e-09,1.318761346101557e-09,-3.314040779088268e-09,-5.890039048516656e-11,3.651880496710441e-05,0.0001520068411846,-5.089617642959e-05,1.0020381129711554e-08,-2.147699996767031e-09,-3.708739082432166e-10,7.142953714309026e-10,2.147292814364818e-09,-2.101857680857933e-06,-1.1730387162177392e-05,1.540627814204503e-05,3.060440329737364e-05,-1.977095792514686e-08,-2.546779044433185e-09,5.633795558617746e-10,-1.879031591466929e-09,-1.3705097494424031e-09,-0.0003824738676457,5.886690204895545e-05,-7.45632238028597e-06,0.0008068533450079,3.654065641631442e-05,-6.198590338581374e-08,1.3783630012723408e-08,2.7630026481799753e-09,-6.739735628252032e-09,1.821054311190499e-09,-0.0043279153753442,0.0003213845240609,-9.461956262534336e-06,0.0003522349248177,0.0088052903059355,0.0001730325196701,-1.385252727125102e-07,3.173327277675668e-09,5.963104638581655e-09,-1.3391050578310838e-08,-2.055735845983716e-09,-0.003936569549142,0.0004892423917891,-5.101971931481472e-05,0.0008687878102009,0.0081774625339043,0.0088041542377668,0.0001608730825636,-3.210534991817129e-08,1.2819160908476893e-08,2.910649574367227e-09,-5.2635151743985054e-09,-6.615447315837301e-09,1.164488357611135e-06,0.0001264416619588,-3.149574348503298e-05,0.0002158906216539,0.0001907251542554,0.000140375120994,0.0023306823715205,0.0001623799547092,-1.561095149515409e-08,3.066150728898232e-08,4.130395144171893e-09,1.2102167921473174e-08,1.5627224774916235e-08,-9.63782463006244e-06,-3.139878808811115e-05,2.550007397251826e-05,-1.7195681059152465e-05,-3.4705806380377525e-05,-0.0007503702099826,-0.0006848431395732,0.0367386227723862,4.5,10,2.741988128309148,27.17882033382198,0.271,-1,False,ecliptic_BarycentricTrue_J2000,ecliptic_BarycentricTrue_J2000
424452.2555296658,10,0.98,14.981900138600652,0.1936235775529738,-0.8005271934325342,4.6095431367807524,1.3880746209420871,2.319661095148901,0.3446155102801269,3.620754622521912,2.436602896999312,5.142257337612446,2.216805039656628,0.0068096493685083,-1.835469666542694e-06,1.8648775513151738e-07,3.279430318213001e-07,-8.099054690076748e-10,1.860333502937461e-09,1.6709473737872072e-08,5.828554991990647e-11,2.9862158536246547e-11,1.8445977747595478e-09,-3.7139060811696544e-08,-9.379899343071859e-11,-1.1100580681053667e-11,1.671773937740172e-12,1.8980117397793074e-11,-1.5136994283219382e-08,3.3857190884118375e-12,-2.314724814910594e-12,-2.631631575560677e-13,-6.425311532522445e-13,2.3606392721513848e-11,0.0002305021248753,-1.0247366321322117e-07,3.7387389225047486e-08,1.2306044783827155e-09,-2.761335691369425e-10,6.491951905057331e-10,0.0155310729643076,0.0003761860098562,-1.8763608108202802e-07,8.430059518826884e-08,3.2799950169500312e-09,-3.389287599130963e-09,7.097386293845886e-09,4.203024475109414e-05,0.0001609110569323,0.0007236733842425,-3.064920437324516e-07,4.3245790150675086e-08,2.317137076525689e-09,-1.5359428667383248e-10,-5.748515288832237e-09,2.968133876669309e-05,1.753935008692402e-05,0.0001319384840195,6.086847032513053e-05,-2.7515869743294666e-08,1.2961676412503113e-08,1.926284313937321e-09,-3.2259626991587833e-09,6.732132792066485e-09,0.0017211167906889,0.0001130839028077,-2.9145341666231724e-05,0.0041929311990857,0.0018666594291367,-9.056648774955768e-07,3.246303894614315e-07,9.959064474022992e-09,-3.022309425377627e-09,4.803568221462813e-09,0.0079377560840742,0.0003300860489702,0.0002495669502482,-0.001822866892677,0.0335091468321458,0.0002642828713313,-2.455434571267263e-07,3.893504230750129e-08,3.470961152418629e-09,-4.652231359408097e-09,-3.5833878324750204e-09,-0.0073756444953828,8.917778223681684e-05,-1.081653083758899e-05,0.0087183263489271,-0.0441244594800804,0.0996660340015849,0.002065096958898,-1.0476705253606688e-06,3.214674375498257e-07,1.3296484720763895e-08,-1.0847314327886314e-08,5.583544701825178e-09,0.0001044893225855,0.0004353163268665,0.0002048477427951,0.0043439095977728,-0.0071597377099741,0.0315237585208302,0.0139008562347226,-0.0014109412737223,3.132585671166432e-08,-3.2224897604977e-07,-3.5721390487882087e-09,5.969424501972883e-09,5.7805325166951406e-08,-5.067978828558852e-05,-1.1570516129345793e-05,-0.0002354497610803,6.749846688053544e-05,-0.0004180484568952,-0.0007314918266307,-0.0011167567062651,0.0114397026931893,4.5,10,1.4862279392205893,24.50760021645404,0.225,-1,False,ecliptic_BarycentricTrue_J2000,ecliptic_BarycentricTrue_J2000
411720.2254277892,10,0.98,13.094951577330129,0.0869653592707215,0.2001795206733456,0.5742248320392146,1.1635729628377824,0.6512889551499293,1.1461322714689817,4.974464786346116,0.7579217396994092,4.435901716900642,4.481342896541547,0.005132895346277,4.240279701720114e-07,1.0125561098688169e-07,-7.730039096072451e-08,8.541973618622765e-11,9.986910756030454e-10,5.7016923426559695e-09,4.0981973143920687e-10,-7.664671059580809e-12,1.0034702898302819e-09,1.8352088039813689e-07,4.392192577325717e-11,-6.070979326490879e-12,3.7817148879049873e-13,1.9958964116171508e-11,4.250175601470678e-08,1.8496648348385492e-11,-2.39433339616489e-12,1.8271071797870482e-13,7.347129642397139e-12,1.3581600670349342e-11,0.0001040251865689,1.3466530736655936e-08,6.103109817428229e-10,3.6258121663800335e-10,2.4537877914192342e-09,3.3527635739923985e-10,0.0045073283600438,-0.0003437511122767,-4.390486525429999e-08,8.829036752040711e-09,-2.3838431579745003e-10,-1.3436955722258708e-08,-9.279089746602967e-10,-9.217041556527505e-06,3.2699416615829576e-05,-8.089765833752364e-05,-2.79387621308927e-08,6.420489612527306e-09,2.813041714005477e-10,-4.1125179557964114e-09,5.199160699425791e-10,-1.1401511926184311e-06,1.3525976958160809e-05,3.509145433306649e-05,2.5654062526542123e-05,1.083461663536784e-08,2.209237708482574e-09,2.0956077987426804e-10,-1.5160996611702543e-10,1.2863476233722628e-10,0.0006724331456027,-4.537033582207278e-06,-1.3408506135659072e-05,0.0010417248608791,0.0001084091077022,3.3319967607167207e-09,-3.740320872259959e-09,-1.4485988126962767e-10,5.834192903667641e-09,6.432773868430117e-10,-0.000465096597538,-9.504449008596357e-06,2.61109069491806e-06,-0.0005443804706933,0.000705364214076,0.0016749509897309,9.0473533780456e-08,-3.8165567830870344e-08,3.5333716158255366e-09,6.313305910678784e-08,1.5308599407192272e-08,0.0002446893112329,-0.0001028736232654,4.0180799269693775e-06,0.0001325819801159,-0.0004733102942114,0.0021693310715318,0.0019226913827447,1.1460781522952885e-07,-1.7151071450428178e-08,3.189726788204508e-09,8.223434205104439e-08,1.869683034647311e-08,3.98438916136917e-05,-0.000130423661235,-2.023819420393843e-05,4.185347580297792e-06,4.201363639036497e-05,0.0007142631061213,0.0009995958061493,-0.0007525195624578,-3.090740993057905e-07,2.4982541539904103e-08,1.3839940165557322e-09,-4.5101704660948194e-08,2.399169254167762e-08,-2.0137971175921343e-05,9.427849538648496e-05,4.104358349350178e-05,-4.503161163439044e-06,-3.750383797231897e-05,-0.0006008009712928,-0.0007325482186213,0.0402236574974404,4.5,10,1.2971932250447382,33.25188269334187,0.249,-1,False,ecliptic_BarycentricTrue_J2000,ecliptic_BarycentricTrue_J2000
957584.3163409882,10,0.98,12.029276006474136,0.1409617402754549,-0.2921928229083295,2.1416165403222487,1.7390023453215873,0.28224350736290515,1.1314438070286932,1.2766472362294992,5.9218792254704296,2.92978160469538,0.5826940446975266,0.0024772041506317,-1.267381415705985e-07,3.4966563953843406e-08,2.86602164027786e-08,7.928982317164473e-13,4.052298986120263e-10,7.820525697085395e-10,4.0767397180046496e-12,7.351641115910982e-15,3.494590609225168e-10,6.322440453839352e-08,-4.758933119374551e-12,4.009959499324909e-12,6.111164238430476e-14,6.812866235813877e-12,-8.869787698933891e-09,-7.875760092550528e-13,-1.2790796607269609e-11,-4.013523947200925e-14,-6.406037867557495e-13,3.955398258398057e-12,-6.357118094252372e-05,3.046422116751439e-09,5.758554252782951e-10,-2.49463863705889e-11,-2.660849849794175e-09,5.256401062526004e-10,0.0005155914966652,0.0002836338768417,-1.5730905088666916e-08,-3.4586886867012558e-09,1.5716799570035984e-10,1.0671168206558656e-08,-1.6336114277443094e-09,-1.7380396628623218e-05,6.448632425486244e-05,-0.0001691268170969,9.96903480205532e-09,3.644964898846659e-09,-2.959151896438957e-11,1.7307925032017131e-09,-8.21974226520155e-10,-2.843738049501465e-06,-4.379058144302334e-06,5.813540571455517e-05,0.0002643133788899,-1.4808658287640294e-08,-1.470637186639492e-09,1.9451698195418887e-10,9.643055160278225e-09,-1.7951159183157851e-09,-0.0001238724566212,6.312749175438929e-05,-1.8895994950148693e-06,0.0005371554380234,-4.023365797420304e-05,2.600225547024193e-09,9.096452513260899e-10,3.26285335145516e-12,5.02414680986725e-10,-2.4625672557393304e-10,-1.3303074031101786e-05,-3.7963211451911154e-08,1.5186505391140272e-05,4.63917649912991e-05,0.0001141939358205,0.0008237899858964,-5.54050763983489e-08,6.177562805763946e-09,1.1391934581636162e-10,4.509262396056868e-08,-7.310318716339846e-09,-5.176818039339487e-05,0.0001992548721135,3.176444184334872e-05,0.000174528928354,2.555060411513564e-05,0.0014317587270903,0.0011250970161196,-6.900545201714818e-08,-1.2880478970875487e-08,4.4870189226109976e-10,3.4648871263071754e-08,-5.6868305868682825e-09,-5.7186797501245365e-05,0.0002165833319688,-3.063839463531201e-05,0.0002109287503318,-4.550747731474026e-06,0.0008397007928696,0.0008553521892831,-0.0001283615076191,-1.0250642772959857e-07,8.00448030890841e-08,1.0614029173263996e-10,-6.33886369635105e-10,4.574055722563084e-09,1.4081232190069109e-05,-4.846569367848955e-05,-3.082244836249237e-06,-4.889102324561527e-05,-1.828516124806608e-06,-0.000273658768276,-0.0003059348557674,0.0034191642714004,4.5,10,3.406437616472961,56.29529508588652,0.19,-1,False,ecliptic_BarycentricTrue_J2000,ecliptic_BarycentricTrue_J2000
497801.5641054847,10,0.98,14.63907936355718,0.1431060853281155,0.2181995127657789,1.9456524645422577,0.6091078166655319,3.8722524405578103,0.8212073163229469,5.962039427416641,5.003063772916503,3.939563544978531,0.8352038423881004,1.4555599523955297e-05,8.25953961883657e-10,1.237610484373718e-09,1.7269804988722694e-11,1.3318356329586894e-12,1.2467498024042898e-11,8.535063300314674e-13,-1.669974317095527e-12,-8.263884847118742e-14,1.2370885513197724e-11,-6.972723210268966e-11,-3.376584368103822e-13,4.439375324081103e-14,-2.722283883520804e-16,1.312221268931409e-13,1.3727788815924352e-10,2.3569512586236242e-14,8.121864546016404e-16,-9.824068275381158e-17,2.4958007701832648e-14,1.3306619795189566e-13,9.920661900198117e-08,2.8018386607854887e-11,-2.734973434149889e-12,-1.0212104343474033e-13,-2.4003988897861248e-12,2.30987499694876e-12,1.1948004289370108e-06,1.842697272142762e-06,5.240443814671861e-10,-4.121324409491191e-11,2.92523872361586e-13,-4.030306305244701e-11,4.3552942070811726e-11,6.210154433533609e-08,1.1621412131365326e-06,2.894726038330334e-07,-7.898436254914562e-11,9.155537305894624e-12,4.0444958834941763e-13,3.96149491812641e-12,-1.4550103730003774e-12,4.705351620592985e-09,6.886481166677137e-08,1.4440214787139505e-07,-2.4537624508652e-09,-7.143516299717278e-11,-3.526216241073e-12,-3.4615457803916094e-13,4.914992593891117e-12,-3.951713351434223e-12,2.2674848192982895e-07,-7.349888556998297e-08,5.2039265888611785e-08,4.187856000823678e-06,-1.2919437552016024e-06,-5.858164734155129e-10,3.6698605545568946e-11,-1.4887856888144485e-12,4.4010092652900456e-11,-3.982116244577178e-11,1.0243889808129923e-06,-9.644003152646718e-07,1.5207879685633016e-07,5.316036512342647e-06,2.9770627124154715e-05,2.804990935952897e-06,-3.3218845326700006e-11,-2.6453348408479753e-10,6.013304436765607e-12,-8.558820953546961e-11,1.145311542308771e-11,-6.174472617710373e-07,1.6530759104198996e-06,-9.107273534730133e-08,-1.8187435870055183e-06,-2.100319666804752e-05,3.403190840638704e-05,1.069180896292785e-07,-8.061436484204422e-10,7.573613857930454e-11,1.685210576424818e-12,5.270085433896962e-11,-1.6673536596208833e-11,-1.8467925877920347e-09,-3.572582632945291e-09,-1.5871158907439182e-07,-8.352837153709671e-08,-2.3689524546408614e-07,1.023004246940208e-06,3.541226201583194e-06,5.643134948294432e-06,-3.825628800175933e-09,8.464316260926108e-11,2.203843645006401e-11,-7.574298966031599e-11,3.3733393597295865e-10,8.867023411626251e-08,1.7322955014160092e-06,4.3728606123505924e-07,-1.5395414518331291e-09,-1.1043958647814675e-06,-3.1568283213852616e-06,-5.770343674484822e-06,0.0001545027297626,4.5,10,3.1199543871208766,299.25833132273544,0.218,-1,False,ecliptic_BarycentricTrue_J2000,ecliptic_BarycentricTrue_J2000
1276308.6293737206,10,0.98,10.464160220375115,0.0891920703638149,-0.0289913458245059,2.773033698932694,1.243237390767083,1.6055431197779662,1.543070175049077,1.6690530472522105,4.424148679707776,1.2606714578834524,3.188241639611048,0.0001425137168153,-3.95168790621244e-09,1.1554777142191747e-09,-2.07963993279356e-10,1.2058762321944414e-13,1.1559737912727428e-11,4.879578395584608e-11,7.94776380606481e-13,-2.9331596899652303e-15,1.1531808708399412e-11,1.1948838486502608e-09,1.200650496815587e-13,-7.90399313387494e-15,1.0173248230111825e-15,3.048476629651409e-13,-3.876384716693084e-10,-2.909607336280276e-15,-3.2135704934150185e-15,1.6972208997778089e-15,-8.77858771024464e-15,1.1471913374537981e-13,1.452148372606465e-07,1.1703113603098242e-11,-4.646059539158673e-13,4.949441147229529e-13,3.612958716975676e-11,-3.1174267536028798e-12,5.307316410523541e-07,6.441956447076685e-06,-2.586406702137917e-10,-1.0139245911220942e-11,2.5005714107976055e-12,2.544759399544176e-11,-1.5068424405938796e-11,1.0185956741381118e-08,5.646426877231455e-07,1.594164548748467e-05,-2.044477122886001e-09,7.45139900522502e-11,-1.327588403011736e-11,-3.29053465153335e-09,2.2853601917090064e-10,-7.97883215482834e-07,1.510672811129666e-06,8.464564872244709e-05,6.225955530885049e-06,-3.4073485065900716e-10,-7.13817727131522e-12,-2.202759618156884e-12,-2.7359952371361216e-10,3.4246491970143654e-12,2.928703098688044e-07,5.181608954954326e-07,8.082271681585776e-06,1.894711370590757e-05,1.636721056855852e-06,-1.0626660769029256e-10,2.1257732913120776e-12,-2.0663029022644146e-13,-7.510371926741883e-11,2.161669026013414e-12,1.7345587936005244e-08,1.44170049484592e-07,2.323986210915322e-06,1.4176154277909616e-06,2.8194652789103253e-06,6.221051761070196e-05,-1.645918794773387e-09,-2.49131161816337e-10,2.877517289273926e-11,1.1609753899727227e-09,-2.834605029068236e-10,2.767854929173724e-07,3.200482888028332e-06,-1.1178951031454418e-05,2.410770949424678e-06,-4.625200235209807e-07,5.2944889353151656e-05,7.24864819942641e-05,-2.288953403538862e-09,-1.2188956255615514e-10,2.9484918364490765e-11,5.449907731244291e-10,-2.6822403092340994e-10,1.5979598184846138e-07,3.610263046741231e-06,8.516819642301342e-07,2.839994030319839e-06,7.26709355498077e-07,3.657225543755317e-05,4.171378339741643e-05,-1.3501081743269183e-05,-2.7493882456280115e-10,-3.4914530721529375e-10,-2.4854280209362537e-11,2.3262957348360839e-10,2.015752792273792e-10,-7.362486753646983e-08,-1.0556019557778203e-06,4.701119677093056e-06,-3.819850698704901e-07,-1.0505705935887645e-07,-1.3276884979263768e-05,-1.4665085976535776e-05,0.0002937282074487,4.5,10,3.7040764527501615,309.9688163411626,0.189,-1,False,ecliptic_BarycentricTrue_J2000,ecliptic_BarycentricTrue_J2000
554348.942001441,10,0.98,10.071461682626774,0.0672760537543183,0.6517112829602558,3.4990618891995533,0.23717229925133976,6.063506231955102,0.6257359818381526,0.6221136127360346,0.3992935561913796,3.431087268187484,0.8530551909033786,0.0009727293444267,-3.202829088659102e-07,4.379320326275486e-08,2.0740407658936083e-08,1.8791873980887563e-10,4.2483018976823127e-10,2.6778237847140304e-09,8.237963459510568e-11,5.203677185738449e-12,4.2203448036392415e-10,-1.1912234720235792e-08,3.151538770913859e-11,-1.3774064009308357e-12,1.769125002218463e-14,6.34973732723853e-12,1.4412045967044832e-08,-5.19613545480321e-12,5.84473646228822e-13,8.14786016490151e-14,-1.656972592586781e-12,5.203438212343609e-12,-2.268266279590652e-05,-3.600117271675034e-08,2.8621595843090313e-09,3.3605449691666486e-10,-3.145888442265197e-09,-1.2312089985683027e-10,0.0011228022860976,0.0001515129104058,1.7843397288902013e-07,-1.6404074576625265e-08,-1.9331340848122323e-09,1.6904346888646195e-08,1.944688970098144e-09,-0.0001129899376246,0.0006458922335997,2.372131255900911e-05,-1.2957810784136253e-08,5.70648021528307e-10,2.824078608473043e-11,-1.0851592569123838e-09,8.820100990111822e-10,3.028601202624109e-07,6.68843539601999e-07,2.6224890655563943e-06,0.0001409803355713,1.7601662635735497e-07,-1.552025212457011e-08,-1.873642923070584e-09,1.6555586495277882e-08,2.024939152833884e-09,-2.8869881304617487e-05,0.0006215255086286,6.542190855420076e-07,0.0009688290394788,-4.349300101085494e-05,-6.900695956267042e-08,8.809464287391334e-09,7.616396180964004e-10,-7.464774033808887e-09,-1.9394510508067808e-10,-2.916594783668289e-05,-0.0002444558668552,2.871006818395299e-06,-0.0003446878224216,0.0008693789967682,0.0004449576957491,-1.35595105496585e-07,1.1181494586777107e-08,1.3515209108386315e-09,7.642743372888004e-09,1.1386351174902528e-08,-1.0487756320030433e-05,0.000377433440722,1.4913364305437064e-05,0.0005071088930162,-0.0005055276591492,0.000785815249952,0.0003690159045737,-2.32394222213779e-07,9.34030981942014e-09,2.116076762861099e-09,-3.0917955580856407e-09,1.0097369201803121e-08,-7.556812175196639e-06,6.127503180730066e-05,1.473415615108207e-05,8.574859777145806e-05,6.141214998078363e-05,9.482944428363446e-05,0.0005602505237329,-0.0001575817648647,-8.533491577358362e-08,-6.272152796109975e-08,6.64472050976745e-10,1.90308339955414e-08,-9.025510576510964e-09,-1.1630332456217848e-05,4.8986762879777024e-05,-1.6691910490898815e-05,4.8550795427113296e-05,-3.557207010811919e-05,-0.0002289132641526,-0.0002642597592116,0.0292957748481958,4.5,10,0.9545095194857088,51.23570475840657,0.285,-1,False,ecliptic_BarycentricTrue_J2000,ecliptic_BarycentricTrue_J2000
553482.0358467819,10,0.98,12.362676716847163,0.0771911036126946,0.0251233170510847,3.8796742071886317,0.3757066020708393,2.710514732163103,2.4907436257689373,0.3896792672622544,5.6465013752566575,0.5920363386491971,5.359657884391458,0.0006652760833271,-1.1723914202544081e-07,1.3259110745436896e-08,-5.486232260242017e-09,3.656373958089376e-12,1.3647486366654187e-10,1.4296992356948211e-09,-3.102425010124606e-11,1.453236978759222e-13,1.3182652904907764e-10,2.464945189168092e-08,8.005842447227209e-13,-1.255349566076886e-12,4.007345314312903e-14,2.457941289712045e-12,1.2295929102580752e-09,2.2495201495219418e-13,1.7092951808302362e-14,1.5449370135398393e-15,-1.6045779207084074e-13,1.366408498116026e-12,-4.182653140533384e-06,-1.1107556221027652e-09,5.903748668949744e-12,-3.208386994022206e-12,-5.683534307296093e-10,2.2055110691863366e-10,0.0001293869817758,-6.626304687719871e-05,-2.667489438849609e-09,2.8405986008056837e-09,-1.3051429315049183e-10,-6.785021619267107e-09,1.988258895046882e-09,1.0075904687381354e-05,9.116513401886472e-05,-4.33048569164054e-05,1.133971342550018e-08,-2.1087148431295468e-10,-1.280717413197897e-10,-1.8319381059668e-09,-1.2317949256723004e-11,4.291310058508317e-07,7.144461476845569e-06,4.4781091914433645e-06,-6.057533417069113e-05,-1.703744961581878e-09,1.5518062388031251e-09,-1.2314152698139137e-10,-5.940808756920698e-09,1.7165919333084372e-09,6.115296939496255e-05,8.001481081670463e-05,6.461908946983703e-06,0.0001981264284012,5.493210757810882e-07,1.1557804266940753e-08,-1.5323621809104881e-09,-4.7364305785393376e-11,2.2210650678848667e-09,-1.1825266067963351e-09,-6.73655808055682e-05,-4.932819743994201e-05,-4.253363709006269e-08,-0.000146778993404,0.0002507507403817,0.0003390430551958,-7.387842778945217e-08,-1.7419298221998867e-09,8.844500305891372e-10,1.5461574233230125e-08,-8.190379815849642e-10,-6.216455458673118e-05,-0.0001071133268512,-2.7229171070280866e-05,-0.0002064055659449,0.0001759415461477,0.0005219109588666,0.0002788042714639,-7.330299995181186e-08,3.2672482404010035e-10,7.783902639127462e-10,1.0399043077469584e-08,2.7536642626183616e-10,-2.2825206009624585e-06,-3.506775565541989e-05,-2.1517857752501663e-05,-3.180668526267685e-05,1.476330037156084e-06,0.0001810471378248,0.0001542916866046,-1.643755835087659e-05,-3.820969377778258e-09,-1.0067945037670778e-08,3.3013305253418027e-10,3.755426114309161e-09,2.134469017157981e-09,-1.0795306807351023e-06,-7.5396856015358845e-06,4.975737726089124e-06,-6.043261267919274e-06,8.508347767125202e-06,-6.60409272809325e-05,-7.269474486888834e-05,0.0057892751635918,4.5,10,1.6301973374832073,91.69452141764684,0.239,-1,False,ecliptic_BarycentricTrue_J2000,ecliptic_BarycentricTrue_J2000
652161.4092249573,10,0.98,13.67458305657058,0.0688775791119986,0.2928699346439478,3.1173034749076836,0.9081618181491723,3.7032653184015416,2.0228328060404928,3.478877594555813,0.5943235404450172,3.6334089684166537,0.5069125120766801,0.0015905467029051,1.1663025041775744e-07,1.397089067419906e-07,-1.0110050653508794e-08,4.418551152902626e-11,1.397932308824221e-09,1.4450857251082482e-10,1.163592670738009e-10,1.102502298461652e-11,1.393397962852901e-09,4.952572015319533e-08,2.0776237197363928e-11,-2.256853661554071e-12,-8.261110269990625e-15,2.1753149788175607e-11,1.8521470819995303e-08,9.595882900742644e-12,-4.15704797615518e-13,1.2906992239462491e-14,1.5624466825609577e-12,1.4397728107333034e-11,-3.978553092850028e-06,1.3207347141194204e-08,2.1646468349262784e-09,-1.5269713643080942e-10,1.6441478753939635e-09,9.750465190878101e-10,0.0167191397483929,6.560249761979201e-05,4.831245824092409e-09,-9.661374709688744e-10,4.733264886397526e-11,-1.0033531717708945e-08,1.319750389167603e-09,-2.7738914948488617e-05,6.381938077355936e-05,-3.57610815975648e-05,-5.620116596471383e-09,1.0913807080068436e-10,-3.962470355889228e-11,9.30042075844428e-09,-9.670368171034039e-10,-1.0319287728327274e-05,-1.8614118373021703e-05,2.9233409211671634e-05,-4.873076800955104e-05,1.409633897796882e-09,3.2368459164047803e-09,1.1617231640251567e-11,9.848665278179444e-09,-2.762205857818568e-11,0.0014665710743865,-6.452132105941042e-05,1.0107018800909424e-05,0.0014417896585126,-1.43857567616553e-05,-3.7697533707997915e-09,1.6462644314411002e-09,-3.822217393186735e-11,3.112033921972574e-09,-6.730023702025663e-10,-0.0007413540166031,7.436084007497213e-07,1.616035095817336e-05,-0.000496059387573,0.0007814249709326,1.518462095976323e-05,-5.3531527089466813e-08,-6.141613306344796e-09,1.1417112330905692e-10,9.466191100717369e-09,-7.643032156793627e-09,-0.0003602395806939,5.975266735601867e-05,1.6110177222011873e-05,-0.0004329544633229,-3.216130370900164e-05,0.0015307071550995,-7.812753949639539e-05,-5.735529366486592e-08,4.251008719310077e-09,1.6415449303503043e-10,8.533788526357332e-09,-3.443053516844092e-09,-5.324773481925425e-05,3.0824838004465016e-05,4.1572745631714826e-05,-5.310551558124607e-05,2.8639074636162307e-05,0.0001258554618642,0.0005429913634626,0.0007617343893475,-8.717688316416628e-07,2.142350909705121e-08,2.829245368541936e-09,-2.1018879744115187e-08,6.163657005094358e-08,2.5233151303509544e-05,0.000102320424106,-0.000125511661472,-7.516737672399733e-05,-5.7008120556568994e-05,-0.0007084639167474,-0.0007987923673912,0.0741640467930027,4.5,10,4.112778872775492,28.197096848827428,0.19,-1,False,ecliptic_BarycentricTrue_J2000,ecliptic_BarycentricTrue_J2000
524991.1138758401,10,0.98,13.243009667345063,0.0939263367867496,-0.1470347435117065,2.8548573914823145,2.560468477208098,4.579623381892398,0.8419536928880805,0.3875281657987786,0.033942383770083,1.5843991418065142,3.770009906135688,0.0084885928386004,-1.840670414699404e-06,1.9199415636066454e-07,3.616802899306448e-07,5.5134953967507536e-11,2.0416813057866792e-09,1.7504539137961834e-08,5.126696525838304e-10,1.0572575803499357e-12,1.910861508515291e-09,-4.1894471580590163e-07,1.3043962608005055e-10,-4.167393565663132e-11,-7.303495328828373e-13,4.1638918571517826e-11,1.8321359126281533e-08,1.8172156357546349e-12,2.6035774900600632e-11,2.9284683823914424e-14,1.774834466095607e-12,2.1825367998154737e-11,0.0003267231752371,-8.457890686265162e-08,-1.2351189552098896e-08,1.2800564628209195e-09,-1.1814220144734113e-08,2.37758906584123e-09,0.0252769838369563,0.0008183578344545,-1.4805412633153186e-07,1.2748998707172716e-07,4.801889246704055e-10,-3.4224054353956626e-08,8.020732369536407e-09,-0.0002276434344812,0.0015246332139966,-0.0007433822308471,1.955282640110379e-07,-2.8822963649550227e-08,-2.4211117880455112e-09,3.2558506948823e-08,-5.3660915717689115e-09,-6.182899206556607e-05,-4.659501621036229e-05,0.0001095196439291,0.0004455378646685,-8.368851899308317e-08,7.255360845805335e-08,2.7438764397394736e-10,-1.9260848242159623e-08,4.101152022299253e-09,-0.0007908910784704,0.000751551285305,-2.9258945220302585e-05,0.0010151957310005,-0.000169632534106,8.162937013625818e-08,7.30779520615479e-08,-2.292900853303197e-09,4.664291431702307e-09,-1.7496041411964087e-10,-0.0036791667975353,0.0011544569670898,8.590796691881939e-05,0.0012069476437803,0.0052472907526408,0.0018811274727385,-4.693797750755767e-07,1.547747796384877e-07,9.68278966662454e-09,-5.746867137435887e-08,-1.3503138228140861e-08,0.002652860492687,-0.0013986228725343,-0.000274796921284,-0.0015383288077132,-0.0040140965663456,0.0078963960874581,0.0026581586762017,-6.496401694773766e-07,1.5320172954879232e-07,8.693967659743267e-09,-1.118255104580794e-07,-3.467756719897734e-09,0.0001269439015159,0.0003777927474533,-0.0003010466779499,0.0002027536945868,-3.681810585984472e-05,0.0013532214311319,0.0014459749143415,0.0016486387526373,-5.752581194539063e-07,2.896559415886664e-07,8.026821021248164e-09,-1.4932781352880834e-07,9.058496015566453e-08,4.554712832564933e-05,-0.0001254582864498,-6.144714753077098e-05,-5.591568591056533e-05,-0.0001471230506634,-0.0004916611254366,-0.0005825224683469,0.0616493364044137,4.5,10,1.822985966428485,24.08745720482738,0.221,-1,False,ecliptic_BarycentricTrue_J2000,ecliptic_BarycentricTrue_J2000
501117.5491750546,10,0.98,13.467829401238966,0.083207014246574,-0.1632733638096684,1.2057550301882847,1.1973329434816153,5.982539975670704,1.90693417188082,1.115719799799852,0.5638282101321971,3.3681835541428304,0.0426534128795481,0.0078045505286918,-1.7859396929930965e-06,2.1905713209322546e-07,2.883655190140573e-07,1.9724603548593427e-10,2.433003058491961e-09,3.4862714705168925e-08,6.814020064552e-10,5.949789054892431e-12,2.134861969101517e-09,2.1511793090303645e-07,1.2487621876648064e-10,1.1152117061727195e-11,1.0134662569058472e-12,3.175814193837925e-11,8.911344149805939e-08,-1.7690492708257136e-11,8.245546540851333e-12,4.42402145812157e-13,9.476123698768015e-12,2.927983284776036e-11,-0.0002587976771904,1.0215925904707453e-07,-7.804022357313369e-08,-1.8033890046200583e-09,-3.77790765242588e-09,-2.6575471407538406e-09,0.0206143132769324,-0.0004338997839348,2.1781582416175695e-07,-2.1752905566363795e-09,-2.2535949706185502e-09,-5.904516387967239e-09,-7.979389564390381e-09,1.5776451334182463e-05,4.54137475817752e-05,-0.0012578101316066,8.114463056169101e-07,-8.445802831784278e-08,-1.1096701307491569e-08,-4.344964498497972e-09,-1.6177144624276407e-08,0.0001241069659976,9.35796383168546e-05,0.0008546455208687,-0.0001710370554059,1.0488515869696264e-07,4.166780307398106e-08,-3.8452964895950415e-10,-2.146300058014404e-09,-4.887737213629014e-09,-0.0032963350309386,2.800274309318461e-05,-3.255724043539181e-05,0.0026570919516713,-0.0002697142661515,1.4448787432559789e-07,-5.472324742799365e-08,-1.894268633010089e-09,-3.070975206819788e-09,-3.800684640327184e-09,0.0004717212837897,2.2988418778448365e-05,0.0001267012169446,-0.0002769918612294,0.0007521804582166,0.0018732135539335,-8.605558658296625e-07,6.686502686406684e-07,1.3140916630270314e-08,2.7623044236422585e-08,-1.040268289631305e-09,9.031041693585374e-05,-0.0001048807213864,-0.0003157272725612,-7.2127560263733e-05,0.0007665490597364,0.0048259392218321,0.002344959053517,-1.1007560303906845e-06,3.206539379092937e-07,1.5490554756763498e-08,4.252300031688676e-08,1.8315602629029635e-08,-0.0001044802718137,-0.0001495711726937,-0.0005311926067983,-4.651388422564736e-05,-0.0001077889098637,0.0014746090175802,0.0013170728633842,-0.0013672990258442,9.037365317970521e-08,-3.986975716705844e-07,9.84248223780656e-10,4.027535695534935e-08,2.3396618222026332e-08,9.33891763406572e-05,0.0001711517506408,0.0004233849894431,8.10662186692298e-05,0.000102989156594,-0.0013658614719323,-0.0015085298578222,0.0756873081532323,4.5,10,1.7817587719104644,22.788711808690703,0.232,-1,False,ecliptic_BarycentricTrue_J2000,ecliptic_BarycentricTrue_J2000
543920.159873044,10,0.98,12.390880939000766,0.0967623746946501,0.5502370878262639,0.6117642729850866,0.7610368035541474,1.7004038583857477,2.5192056976009725,3.9913979707320952,2.099618421606144,2.0599454144797607,5.439441145050811,0.0053196848595821,4.677185600558917e-08,2.3660211662341293e-07,2.355534640199765e-08,-1.0743000160057696e-10,2.350295482391885e-09,6.761489903522797e-09,-3.798007911222782e-11,3.6196234713002216e-11,2.339994685795629e-09,1.01508713279369e-07,2.516501063441285e-11,3.1515325038745494e-13,-1.2314460178186114e-13,2.7018081294464124e-11,7.73203965025665e-08,1.229055474614793e-12,2.2398736608588882e-13,7.278054620538724e-14,2.6995574035320818e-12,2.3794084693260438e-11,0.0009775602907761,1.504047818046446e-08,4.772020592183611e-09,4.4653242260203003e-10,1.2446692031230573e-08,2.538052104764093e-08,0.039131055107529,-0.0010243976417774,-1.3220059912423028e-08,-5.143398231032529e-09,-4.70275542865963e-10,-1.0705117321665892e-08,-2.6667379858615893e-08,-0.0005575686906095,0.0005903299780647,-0.0002661053670598,1.0882434906805775e-09,-2.7920172290373606e-09,-7.038356739701924e-10,-5.1640775246385265e-09,-3.62370152650644e-09,-7.293355664336565e-05,7.620120970455993e-05,4.467681629674932e-05,0.0003057533910427,4.299800034072904e-09,2.10726287055202e-10,2.6482147338432955e-10,1.969146718179576e-09,7.495691499424354e-09,0.0002000987348668,-0.0001631520392215,-2.580465596903658e-05,0.0007194681059975,-0.0017381151259878,-2.814636081870672e-08,-2.626173959498744e-09,-1.6073290834555422e-09,-1.4548828751403844e-08,-4.120744052827656e-08,-0.0009467474504732,0.00092259588643,0.000157996657362,-0.0010578763649527,0.007232536936538,-0.0006830627152181,-7.880818551945322e-08,-1.528463949777048e-09,4.8541265216192345e-09,-4.8063590984995154e-08,-2.3558410447044872e-08,-0.0007148358798902,0.000690003009938,7.091946648040814e-05,-0.0008272860559209,0.0057279073964052,0.0070589011821297,0.0010435430638413,-4.6461488955188114e-08,1.5516336549197825e-08,4.976756995218194e-09,-6.017906925856713e-09,1.9783168187438736e-08,0.0003027143379138,-0.0003216104526614,-4.826419417059213e-05,9.030400582995464e-05,-0.0004773272025625,-0.0005661286698331,0.0012514568797758,0.0001876991142519,-1.790665063589517e-07,1.1218495224415613e-07,1.6144056434565625e-08,1.0079620433227257e-07,4.4904725117831394e-08,-0.0003217251659927,0.0003525394603242,2.297355828810858e-06,-9.331639861628564e-05,0.0004962377669473,-0.0006537547748937,-0.001156170250727,0.079131376178944,4.5,10,2.115506434616182,21.760755172279943,0.244,-1,False,ecliptic_BarycentricTrue_J2000,ecliptic_BarycentricTrue_J2000
480461.7239155662,10,0.98,14.46717939332608,0.1500884924483619,0.1765716883641157,2.8767153799627727,1.4924902251172285,4.733578902165393,1.532208620004963,5.037050971149063,2.3636690747502387,4.691027944728599,4.364148202901093,3.5040908384579484e-06,7.199304173614425e-11,3.206234084512972e-10,3.2659054945917475e-11,2.462889032506744e-13,3.2099985284907064e-12,-1.281165065642001e-12,-1.0030394963514178e-12,-1.7861399767817308e-14,3.18736457040572e-12,-1.366940022186498e-12,-1.7334727528601302e-14,7.303635298264509e-15,1.423251447746041e-17,3.2547796278880067e-14,4.27206411323721e-12,2.949920556079704e-15,-1.031223209843316e-14,4.100361797243613e-17,4.8751608558071546e-15,3.286332470365666e-14,-2.8651988381748e-09,-9.21953662757822e-13,-4.9030508143349466e-14,2.6621329921306882e-14,-6.139353018490474e-14,-8.565583043674768e-14,6.854766280659234e-08,-4.356890096868936e-09,-1.5416230538652204e-11,6.487475836901874e-13,6.985416992517108e-14,5.350494247820297e-13,3.805518445550674e-13,-1.1644692945701426e-10,2.1313663070761172e-08,7.289096277285759e-07,2.0295526766481664e-10,2.8326319919673262e-11,-6.848245730656793e-12,8.144576125600476e-12,1.8171556815984798e-11,-1.0748835598871846e-08,6.412436614516035e-08,2.8081828741104683e-06,-7.414240811490289e-08,1.8553016874146108e-11,-1.9504798413336243e-11,6.024827778362004e-13,4.600906678141646e-12,1.0560402487999778e-12,-1.7746433494777605e-08,-2.2566143376388385e-08,-3.01232923221288e-07,4.282466262980057e-06,1.6812123109101372e-08,2.129435336040851e-13,2.066584325777404e-12,1.6855468230995025e-15,-2.364653696935806e-13,1.539955141948915e-13,2.449135380968294e-09,6.026776894555698e-09,5.103944272012129e-08,-3.455077589014171e-07,7.747892687793597e-07,1.128286416848392e-07,-1.8657209008291368e-10,1.3291612021337699e-11,4.827243994681935e-12,5.2755478583418536e-12,6.003389011960744e-12,7.66176245980233e-10,8.583267572387784e-09,-3.4007446162630213e-07,1.7876945092831716e-07,3.67206585267634e-08,5.67450288166541e-06,-1.0419769864222509e-08,-1.8940326943584643e-10,1.2430365151454922e-12,4.093973793756997e-12,1.4559777144659677e-12,1.8630933304451613e-12,2.5239889185910035e-09,3.4613580795727023e-08,-5.7961789214072e-07,2.389638217452304e-08,-3.0366976098055062e-09,4.392119429897184e-07,1.0490873583599972e-06,9.072960292238416e-07,-7.33976552758309e-10,-4.860596993488564e-11,1.5315332299908537e-11,1.3125389016431053e-11,7.580604020705159e-11,-4.480358890261184e-09,-4.69921995418808e-08,1.0881815582555744e-06,-7.57427442729715e-08,1.0798623611227902e-08,-1.5321461440718246e-06,-1.6968450421976548e-06,4.391541744182295e-05,4.5,10,2.712563107464287,589.8166147157915,0.222,-1,False,ecliptic_BarycentricTrue_J2000,ecliptic_BarycentricTrue_J2000
276047.52661033807,10,0.981,15.142128736262809,0.1409613675888394,-0.516655929734336,1.559531408785124,1.7391494618807868,4.942416081158474,0.4880157662817976,3.0722683736545675,6.14271054348373,5.243519145904141,4.794829300111504,0.0039035405610468,-8.804783830509003e-07,2.2889655472946733e-07,1.0986033061785923e-06,1.0006930790397008e-10,2.573096901377544e-09,5.634138679515841e-08,-3.3333036561518477e-09,2.249538383783761e-11,2.244656011494161e-09,-1.336364018760255e-07,9.713915834992851e-11,-9.437430617927723e-11,-2.913888248257841e-12,2.9401552879217505e-11,-8.729975877061415e-08,4.4843277862251166e-11,-1.0725113586391968e-11,-3.179326208795732e-12,3.2511222136596386e-12,4.8870419859703775e-11,-0.000186908288282,4.715431355316891e-08,-1.3444065790352853e-08,-2.2155647851609924e-09,4.819103499291776e-09,5.216048736605707e-09,0.0087787853854165,0.0004412890184683,-8.128312768503792e-09,-3.096428232280047e-09,-2.495188301640428e-09,-1.6140408926074368e-08,6.785905140772014e-11,-0.0005705274648055,0.0018799429031577,0.0001187637083838,-9.618367538875793e-08,3.1588601716478854e-08,6.927200590335508e-09,1.1806886948359943e-09,-1.2552489127987986e-08,-7.521591679166691e-06,-1.761571612150077e-05,3.1131811871541604e-05,4.560568567652565e-05,6.890226946483308e-10,2.0507532881045827e-10,-7.362883011047874e-10,-2.307986619976936e-09,9.648483115750271e-10,-9.001472318336089e-05,0.0001777851397972,-2.183923971141351e-06,0.0005046859553061,0.0011273209826941,-3.1486556903863015e-08,-9.729035395230052e-09,2.5290254233031576e-11,-3.549674961109127e-08,-1.4951997614529394e-08,-0.0010896967194191,0.0035347719122392,9.7957426593663e-08,0.0003165680333023,0.0159704520330419,1.1321731145299672e-06,-7.104677189936363e-07,-3.565138419207104e-07,4.799262760921398e-08,4.217830566071612e-08,-8.35916150830218e-08,0.0011573139713819,-0.0039991018865922,0.0001720151442382,-0.0003249239997711,-0.0154041741880496,0.0230971504004176,0.0011795176157052,-7.016158361337587e-07,-3.632710762608259e-08,4.33744058265081e-08,-1.9850229000010772e-08,-7.134897717836458e-08,-6.590078283113225e-05,4.95591028321445e-05,0.0001214104522513,1.10260160914246e-06,0.0003820281489664,0.0025241495014654,0.0015589331801541,0.0004385122415352,9.855213148652005e-08,9.871849407274597e-07,-1.3291188804926796e-09,-2.7378371226766143e-08,2.71350857915954e-07,0.0001149253925608,-0.0001985595281761,-0.0001300612199313,-1.6097689465981837e-05,-0.0005536092103814,-0.0011640811747678,-0.0013800705165328,0.0387269238461652,4.5,10,0.7822426025241813,22.471681036801712,0.235,-1,False,ecliptic_BarycentricTrue_J2000,ecliptic_BarycentricTrue_J2000
935397.06920234,10,0.98,11.195083286623612,0.166450741368228,0.7186191808163394,2.179291247839788,1.9455829534913816,3.7929578773842003,1.2927791799937776,2.055755211917352,2.858468276929236,6.110695626017283,5.254936493233462,0.0008656226476393,2.016528010671453e-09,8.675695179291848e-08,-3.8124368070541424e-09,1.5130765574309392e-11,8.721671809485802e-10,2.439721353914413e-10,8.312845406297713e-11,-6.902930420265627e-11,8.708405847968337e-10,-1.7624794992067865e-08,-2.010575637864064e-12,7.49081907748197e-13,-6.800041640562348e-14,9.197622130095682e-12,-2.4408407515914792e-09,-5.894971762894092e-13,6.723427016577726e-13,-4.717382257655756e-14,2.460859867185242e-13,8.767830875277887e-12,1.0429328777786044e-05,-9.80531031737258e-10,-2.807751008069901e-10,-1.0980286670876182e-11,9.031845439845119e-11,-2.5322395967562835e-10,0.0102479575847601,0.0001252488029663,1.1195746112628932e-09,-2.6495152692937515e-09,2.281521411654923e-11,1.670261942680573e-09,-1.5078489389296872e-09,1.3941782179070388e-05,0.0001431918818514,8.001225576159373e-07,-2.555700890565116e-09,1.007777104141925e-09,-4.736932458100498e-11,-1.3155804569350815e-09,4.770787660821223e-10,-5.263900118104719e-06,-9.845914593987802e-06,1.6722898097860705e-05,-0.0001315798514088,2.513630316760297e-09,4.012128012599468e-09,-1.9827856611945197e-11,-3.2994555289360683e-10,1.0724310355307726e-09,7.986223946139082e-05,-0.0001432450346078,9.090705153628417e-06,0.0020223384721576,-9.876068966271198e-07,-5.283151138494685e-09,7.71062743863071e-10,2.2425595921514447e-10,-2.041039485429609e-09,7.460362971400745e-10,0.0002038808017519,-1.5380422764275283e-05,1.7435675663610627e-05,-0.0003188780476093,0.0014596182032257,-5.578217042157292e-05,1.193667341026435e-09,-3.389276103002036e-09,2.541638441063558e-10,1.0001174097103161e-08,-1.8804584238717807e-10,-4.5574224339376056e-05,4.939460228143356e-05,-3.140554101293662e-05,-0.0001300580436888,-0.0003460427858689,0.0003735910756435,-4.105981743062242e-05,3.910374355907771e-09,-3.8337570126510047e-10,-7.506480109545535e-10,4.3682099229978574e-09,1.1668878008804247e-10,8.194610360115417e-06,2.4325101256291886e-05,-2.7818460231703832e-05,-0.0057844937124848,0.0027425099348667,-0.0001399022186897,0.0471315922495221,0.0005213273666621,-1.0235113023785557e-08,-3.791722138151827e-08,6.6489547392462005e-09,-2.1341881447731123e-08,8.010502799742768e-09,-3.3108421923543146e-06,7.089083347334167e-05,3.585886836325329e-05,-7.796217787250942e-05,3.661225465340117e-05,-0.0004692576743607,-0.0004501573433844,0.0085394423749156,4.5,10,4.372664116172904,35.779701293375666,0.23,-1,False,ecliptic_BarycentricTrue_J2000,ecliptic_BarycentricTrue_J2000
508206.8429587559,10,0.98,14.444991188903584,0.191337245427781,0.5718201472511313,5.022245070948769,2.499691788511553,1.2339713348080443,1.314395029662322,5.343033863428096,5.871841035449623,6.242434070522688,0.3338047908910645,0.0024181065719061,-3.0349185122422207e-08,2.40454835852519e-07,1.51043636086876e-08,4.1010823665565385e-11,2.4018242218387924e-09,6.833502177940504e-10,-1.6097105928246958e-10,9.923671544299564e-12,2.399503154009566e-09,-6.671074745868069e-09,4.04339323307474e-12,-3.668787436395308e-12,1.35035749284669e-13,2.4285038835356688e-11,-3.3469440646369864e-08,3.313114384378596e-12,-1.257604099422107e-13,2.78520236928964e-14,2.513649106655154e-12,2.5231897905807952e-11,5.109000269800169e-05,-9.336283125665782e-09,1.5127562268625902e-09,4.514308087375567e-11,7.034689473377781e-10,-1.9359963959907594e-09,0.0338840814302559,7.421591811130621e-05,-1.6542613838116116e-08,2.407597734787074e-09,1.8206266799408486e-10,1.095474248744402e-09,-3.677688962736888e-09,2.8176039839536485e-05,4.694063437855144e-05,-4.322062368761786e-05,3.6672364899818965e-09,1.525457492945225e-09,-1.8290537362259667e-10,-4.964193294000105e-10,-1.806177711757477e-09,-7.510038396044024e-06,-1.1558692266268232e-06,4.287547552179309e-05,3.3599583802570976e-06,1.709125791400442e-08,-3.439849709396564e-09,-1.3424045171221192e-11,-1.2382775688797155e-09,2.143812697696082e-09,-2.7657598765067374e-05,-1.1375855603533448e-05,-1.6213953011543066e-05,0.0014803257201444,6.097209857233355e-06,-1.6422181242631176e-08,3.928966861200657e-09,1.5177229788062514e-11,8.044118347926424e-10,-2.632076742444806e-09,7.886413158963045e-05,1.4630699851496498e-05,1.5302383079209786e-05,-0.0007709986750726,0.0012171856326649,-0.000127042595358,-1.8877062949915747e-08,-3.065473506813407e-08,7.100548346539459e-10,6.445714024864755e-09,2.5982597389197404e-08,-3.24156119860886e-05,-1.291181027117525e-05,-8.082176515861664e-06,0.0001422069807024,-0.0003982059720845,0.0024422288138252,-2.223128249932657e-05,-4.013916783591476e-08,1.7244964449059472e-08,6.871751448370641e-10,8.89460463713056e-10,1.1793869328599428e-08,3.021455860041576e-05,3.923169312443216e-05,-3.829165474107928e-05,-1.91997014430578e-05,1.5612410893869038e-05,-0.000321673256727,0.0012018747487478,0.0011011936992074,-3.003952829243385e-07,-7.62176811301675e-08,5.470520293142896e-09,-3.2975689373355606e-10,-2.745831932004032e-08,6.111670884816608e-05,0.0001125889457401,3.906828406658989e-05,-5.227245020485821e-05,5.561620638546214e-05,-0.0011111399481524,-0.0010071666035453,0.0176857953524774,4.5,10,3.534274363898079,21.486423373876896,0.234,-1,False,ecliptic_BarycentricTrue_J2000,ecliptic_BarycentricTrue_J2000
551500.4133363845,10,0.98,14.787253991219686,0.0511717975717957,0.3726102693984596,2.598097265384789,0.6010357431357202,4.04129036035473,0.4098895356835434,2.8505390108889443,5.479803417611035,3.276362497127096,0.2615308810789811,0.0026492329259293,5.965245554923966e-08,1.7368842299923437e-07,-3.9277155984929795e-09,-1.1265927166584448e-12,1.7395262489499791e-09,1.5909957708238919e-10,-2.154103517743659e-10,-4.601183428323667e-12,1.7267691950691395e-09,1.793922910249235e-07,9.496028931320311e-12,3.012629990850333e-12,4.332636130959567e-14,3.1173597849370724e-11,-4.688519555589591e-09,1.972166271139652e-12,-9.340049797831377e-13,1.9182455107837762e-14,1.1357704565919426e-12,1.759894176997532e-11,-1.998097799073006e-05,7.811884924584761e-09,6.240742276870874e-10,-5.967185620703229e-12,-3.4336302935980397e-09,-4.824663448327744e-10,0.0242538382099206,-4.836414614994103e-06,-8.428965623928222e-09,-2.61932951382008e-09,9.372397007452796e-11,-1.0759157948484271e-08,-1.1761505896020803e-09,-3.157456971969625e-06,8.743833410422948e-05,-4.794687407308919e-05,-7.919217496508215e-09,-4.98283867585816e-10,-6.993388869918485e-11,-1.254996467685836e-08,-1.421186350582374e-09,3.737389077034137e-06,2.406186450314666e-05,3.4407198244787635e-05,3.918358347575499e-06,6.2893819118623675e-09,2.263770680243019e-09,-7.585884382459293e-11,1.08024679216622e-08,1.635194240127637e-09,-0.0017725295137196,-8.555613039321212e-05,-2.545273580145191e-05,0.0013175965641635,-9.234027394872922e-05,-5.2345691708260795e-09,-3.4048705498832793e-09,-1.7926927692301987e-10,-1.9866305487476082e-08,-4.033203087563622e-09,-0.0011503799866401,-7.521356560726024e-07,5.274100990169955e-05,0.0003105690210495,0.005053848353651,-1.3324344528430184e-05,-4.1242263896989773e-08,1.0176973714457573e-08,1.2197932496673931e-09,-8.044008699483092e-09,7.957066011722436e-09,0.0010533671425601,0.0002228568829976,2.070304538882983e-05,-0.0006278040388988,-0.0034529909165379,0.0036405523895143,1.4981298405007031e-05,-2.933258475146165e-08,4.835379509817273e-09,9.706456787440823e-10,8.005043042024271e-10,3.568567049872836e-09,-7.980501988369312e-06,0.0001896060333612,3.229488517096214e-05,-0.0002097425728457,0.0001788543927141,0.0004010951711109,0.0013448404312303,0.00144388947959,-6.71034029637073e-07,2.454610419953612e-07,1.5473525319058512e-08,1.6432046896525694e-07,1.7573046606368023e-08,-8.338253582399576e-06,-0.0001745344871103,-6.520470514882345e-05,0.0001706853750662,-4.8088367476340045e-05,-0.0011762211801586,-0.0010459421506378,0.2248892498672277,4.5,10,4.237982521082647,25.328587733623674,0.207,-1,False,ecliptic_BarycentricTrue_J2000,ecliptic_BarycentricTrue_J2000
488357.056407638,10,0.98,13.015809165247894,0.1434716880779766,0.1507293014385209,2.2886876089264745,2.5878193719251734,4.569224916688254,2.4531818297296537,3.9704232992187887,0.0874889596979056,1.3174423269942752,5.808889803841623,2.2100691600421424e-05,-8.054713465353551e-09,6.79177436840683e-10,4.569042322305767e-10,1.713370678391044e-12,6.85424769333498e-12,5.580974190682242e-11,4.297993244087965e-13,2.791626002741312e-14,6.696674772530535e-12,-7.584243775781538e-11,2.242050542500325e-13,-3.145570172436598e-14,4.937734131037719e-16,7.033333779697109e-14,6.41532851924229e-12,4.276027138636159e-14,-1.2039371006736387e-14,5.642093876970009e-17,1.0012478108015121e-15,6.889628230427e-14,-5.289455258638061e-09,1.4597701503728761e-12,1.1942218211604202e-12,1.0040794168503131e-14,4.5465162603379943e-13,-2.83641745954798e-13,3.187156292452001e-07,5.808745105641544e-08,-7.276475751953037e-11,3.664168469312277e-12,1.7588834737746004e-12,7.759076399896243e-12,-9.15924747374239e-12,3.491331261232138e-09,1.211598585904071e-07,2.0731426411796905e-06,-1.1623212757518207e-09,6.127719133984101e-11,8.937217111743853e-12,1.7249471860855245e-11,-5.445506048276836e-12,8.687482207608982e-10,4.942593191725004e-08,3.772444569669545e-07,2.433915364649632e-07,-1.4059131247622358e-10,-1.1139319000061612e-10,1.351344548814412e-12,-1.7398440932348217e-11,-5.747162463464151e-12,-1.0867169465404948e-07,1.0384036752849284e-07,1.618453075077809e-08,1.0332669055365455e-05,-7.294211412835296e-08,2.307582947678833e-11,3.346122898636732e-11,-2.011322235736364e-13,4.343200799743217e-12,1.967046914439465e-12,2.8568997547032143e-08,-1.5176850690603683e-08,-1.7351611764872283e-09,-2.4842702163193992e-06,4.428286763898732e-06,4.626602293286357e-06,-2.886127538845387e-09,4.2465954472544237e-10,2.1680190378535503e-11,-1.7507357024094235e-11,4.32450239040401e-11,2.7478711650867973e-08,1.6718885715831444e-07,5.990702342118108e-07,-1.8746226856187049e-06,3.876358363725561e-06,1.4608814027253968e-05,7.115997008354635e-06,-4.003353432752148e-09,2.9989358790126355e-10,3.049629127439509e-11,2.290779771337052e-11,2.884729285605058e-11,3.749153640302155e-09,2.036927988575323e-07,9.388164011154772e-07,1.854013559322043e-07,-6.82438782403155e-10,2.6522521841810857e-06,4.552953384140253e-06,-6.231159513589804e-06,5.267656819425657e-10,-5.030943367086074e-10,-2.071026556689877e-12,-9.984923987035572e-12,5.5488375057468366e-11,7.689266437424366e-09,2.047483951295396e-07,-7.567094873066567e-07,1.687054483933386e-07,-3.661093563402012e-08,-3.908045853755377e-06,-4.764128340698046e-06,9.034506367937575e-05,4.5,10,1.7346440205947131,406.7105275653722,0.232,-1,False,ecliptic_BarycentricTrue_J2000,ecliptic_BarycentricTrue_J2000
779967.0638060689,10,0.98,12.648089687551272,0.0540931208455059,-0.9018718806149716,1.779044941491317,2.6794616161445335,3.1680633773172566,2.308891742151407,0.7607011572874703,2.646635402897578,1.5127902968402367,4.152886889041211,0.0258440370994206,-2.173039030662686e-06,2.4430670510822784e-07,3.657628898001185e-07,-4.8430153609414956e-11,2.486876504403899e-09,1.1513033445991585e-07,-6.942062750899985e-13,-4.567343367322211e-12,2.3962674413770624e-09,-9.847637972393021e-08,1.2465057847901255e-10,2.306021429613784e-11,1.1393833962424225e-12,7.895376076592582e-11,5.303525702947303e-08,-9.96433449123184e-13,-3.009585929896284e-12,8.115116206450598e-13,1.2490894928812433e-11,3.0344111413774525e-11,-0.0006510826069476,-2.236785489698065e-07,4.702874449378319e-08,-3.9036879574173455e-09,-2.357534618824724e-08,1.2063560971823396e-08,0.0061395899023327,-0.0023396383013022,-6.867977749266247e-07,1.4636680533311065e-07,-1.5675643588124922e-08,-9.37329989731368e-08,2.372384547097664e-08,0.0011260051833873,0.0033300676690143,0.0009064124499809,8.407819017991077e-08,1.0849642641872408e-08,3.78835651365207e-09,4.4226111104910577e-08,1.3918407527814641e-08,-6.851316979053337e-05,-0.0003492823703342,0.0002099250604519,0.0019947983885208,5.530912074632378e-07,-1.0965372226202213e-07,1.3910149893845062e-08,8.147148762289079e-08,-1.4691800274396888e-08,-0.0023302876742276,-0.0026258546674019,0.0003050667260988,0.0042710532414445,0.002037284418383,4.476869976832119e-07,-5.4915365671970884e-08,9.542906220325952e-09,8.722160196312857e-08,-3.300128500085761e-09,-0.0032182180376595,-0.0021422339803929,0.0003507513218529,0.0020858463501316,0.0058335680966407,0.0145763129500385,-6.898330087209571e-07,4.4382720779179816e-08,9.189574280897694e-08,1.0748990558245682e-07,3.621665561164753e-08,-0.0025861159386455,-0.0030827597031288,0.0006371225970096,0.0022204550933105,0.005573943662362,0.0386557791979609,0.0122125591198286,-1.3467188441093063e-06,2.249392079640107e-07,6.404304401702584e-08,-3.158791699308413e-08,4.405014402159384e-08,1.7948267881281686e-05,-0.0002170593942301,0.0003167940930717,-0.0004713676720433,0.0010843671721272,0.0195948408980766,0.0123946700636833,-0.0028372777885278,-2.3852452880025265e-07,-1.8957818807357805e-07,1.519900074655977e-08,2.305402790156205e-07,6.387018218126046e-08,-0.0001384868616811,-0.0005207866679521,0.0002272638733169,0.0004530968785934,0.000470070567942,-0.0016204136797635,-0.0024100574277694,0.0593097768606792,4.5,10,1.7670722902300788,21.501049876003226,0.21,-1,False,ecliptic_BarycentricTrue_J2000,ecliptic_BarycentricTrue_J2000
708155.2780642842,10,0.98,12.617012660585406,0.0550199752022886,0.6518497158874839,3.3456808988256865,1.0980160835977026,4.533074083715213,1.5058450961326806,1.4488161277650211,6.17241707168596,6.027431268023748,5.540288419387632,0.0016295081832852,-6.897276224250819e-09,1.4261481689071793e-07,3.488607642613516e-09,7.158464726262491e-11,1.4234628569872087e-09,2.12450165155994e-10,-1.5765839573794826e-10,4.205036104496598e-11,1.4233153080456615e-09,-4.463417125419064e-08,1.7600976542573817e-11,-2.3572789756695583e-12,-7.996726446845544e-14,2.0135128344098536e-11,1.3289391134393281e-08,6.162206033965266e-12,8.279304390606935e-13,1.2160663921988331e-14,-3.5716121123864974e-13,1.451985030012062e-11,0.0001920640565078,4.707921796317285e-08,-8.007405558339744e-09,-4.562814719545625e-10,4.8191257050375295e-09,5.703821450854641e-09,0.0219018090114911,0.0002805657944048,7.169352494149181e-08,-1.09766805220533e-08,-1.0211283880196863e-10,6.996185206242649e-09,8.119860031282281e-09,0.0007749027228531,0.0011338032548288,1.3426164043561226e-05,1.1369454521779778e-08,-1.009765467282825e-09,-3.3480633763241006e-11,5.771647141778994e-09,6.534286876744561e-10,4.477036809008495e-06,7.061381120598823e-06,1.525431608832295e-05,-0.0001940961216405,-4.7405114955490986e-08,5.902962007567531e-09,1.956795492249008e-11,-5.8599644949958215e-09,-5.550690396720334e-09,-0.0003393638648326,-0.0007834429583815,-6.361476419335351e-06,0.0016807641339417,2.855038236177286e-05,1.1204906953074466e-08,-1.4055116077110403e-09,-5.994384283986408e-11,5.35242935517674e-09,7.650262903132783e-10,-0.0007426244632468,5.4516776436142944e-05,1.7422148627113062e-05,-0.0001175379928032,0.0014765821453045,-0.0001422564506852,-1.1183812638670849e-07,8.863395201554398e-09,2.84854902971246e-10,-1.0391126903413109e-08,-1.1794046740049509e-08,-0.0005220298937999,-0.0009021849157371,-2.4579791613993045e-05,0.0012447147733528,-8.368971084309874e-05,0.0016098709675561,3.404528846237355e-05,-5.5041899806429e-08,5.918697907670349e-09,3.2761007810134413e-10,-1.2882676228607689e-08,-4.095964584264969e-10,-5.302308332893946e-05,-8.871452504695632e-05,-2.476782111861764e-05,0.000521810170278,7.299598590130175e-05,0.0001402092022264,0.0020458345077453,0.0004132490770919,-7.226340088493616e-07,-8.933627535174887e-08,7.857709722844623e-10,2.510656789145996e-08,4.807371924936848e-08,0.0002061528750194,0.0002967208080123,5.366711917384976e-05,-0.0002044565919679,6.336594737557274e-05,-0.0009123052656963,-0.0007191713358107,0.1298295482083673,4.5,10,4.006999707288184,27.9127610375079,0.221,-1,False,ecliptic_BarycentricTrue_J2000,ecliptic_BarycentricTrue_J2000
741381.3621498393,10,0.98,15.113865410315732,0.051547217154752,-0.9928339733533638,2.2610619125077807,1.3386006598731501,3.9170640968949146,0.6530101643764734,2.341261530030364,5.792282108110571,3.5400244680350004,4.807699199895914,0.0002564113821866,6.182067599318414e-09,8.72967028468594e-09,-2.884394463508165e-09,1.2497821369711612e-11,8.741103751361345e-11,5.298515388121415e-11,-1.1126688700733936e-11,7.611186315423469e-12,8.775930361321779e-11,9.817849275349166e-09,6.008187181282856e-12,-6.030061598161283e-14,-3.005183681482356e-14,2.144249412437361e-12,-2.0283115560023477e-09,-1.6179500263285124e-12,6.047104871014312e-14,2.8162026694879057e-14,-3.21193141682641e-13,9.556421084445418e-13,-7.007732025025293e-06,2.253698555299346e-09,3.8004495670344805e-10,1.975751154774114e-11,1.3438136145622543e-10,-1.5400965577135738e-10,1.0576959292469e-05,-5.579139747168312e-05,2.1939875206426627e-08,3.122272206486688e-09,9.050070939889676e-11,8.423352117147606e-10,-7.66022981439233e-10,5.820044527367374e-06,5.244925138367608e-05,-1.661492689001028e-05,-1.8442839830390367e-10,-1.0912801271025612e-09,-5.550177453975152e-11,5.078123899658453e-11,3.4145142767131525e-10,-4.38268268531474e-07,2.11593222901658e-06,6.963651939214212e-06,4.529455762182944e-05,-1.9760800587362027e-08,-2.396603067326929e-09,-2.0073377979718888e-11,-5.654790240327345e-10,3.0743630558453634e-10,2.6385715397719785e-05,-4.426026879074189e-05,-5.507834516150407e-06,0.0001769730671236,-1.3795027539650249e-05,1.0612166338108338e-09,-1.158679519280305e-09,-7.882968367241519e-11,7.604817889311689e-11,2.9253357619090467e-10,3.7693613560966506e-06,-6.003855395793664e-06,4.979440272844435e-06,4.81604564521024e-06,0.0003859281854744,6.943819762832962e-06,1.0837098862872608e-08,2.0746974342530043e-09,-2.898187187233381e-12,4.506891190823261e-09,-8.075696766401954e-10,1.946784359365652e-06,5.199878229377323e-06,-6.06746074170837e-08,1.9057344240691847e-05,-0.000340841087061,0.0100960708316781,3.140963492676226e-05,-3.4209616785338742e-09,1.3102708801057272e-09,1.5480413095508723e-10,2.201152651784162e-09,-3.561311486940061e-10,1.1108031981811195e-06,-1.4007093142225058e-05,-3.607063196516672e-06,2.857779176563868e-05,-9.06233852429282e-05,0.0049453250632657,0.0024502320333594,-4.286326144547865e-05,1.4053171364049277e-08,-7.667154594722037e-09,-7.893610468206031e-10,-1.0203768159161554e-09,-3.0521575240701115e-10,4.01288885744086e-06,3.3291919520514e-05,4.607411092663472e-06,-2.7212525909714536e-05,2.9136979222080453e-06,-2.792537866877592e-05,-4.468686074796352e-05,0.0022204647955243,4.5,10,4.209418611607044,112.76986331146492,0.175,-1,False,ecliptic_BarycentricTrue_J2000,ecliptic_BarycentricTrue_J2000
486053.6557211492,10,0.982,15.83381172872821,0.0789533475075663,-0.0318458955652878,2.914951236850732,2.211074489980631,5.60427329051263,0.6436152783786668,1.3373637100116458,5.630214070760876,3.330251662947307,4.50749157541124,6.389461530385774e-06,-1.2910665080724308e-10,4.695901084296359e-10,6.69550770987812e-11,6.104616417568037e-14,4.709211061032991e-12,3.462115892776933e-13,-1.1433139831461024e-13,-1.7112256787740875e-16,4.690804183593746e-12,-7.093437642463592e-11,6.303026492922049e-14,2.390244883368768e-14,-1.2986152361277094e-16,5.428520648372799e-14,1.8118871165247798e-10,4.268656848520549e-15,-6.131913571198597e-15,-4.124508005651125e-17,-2.208485804198913e-15,5.032897421756312e-14,6.670882187098386e-09,-3.636482296376186e-13,-9.072152930855597e-13,-3.681437295827957e-15,-4.4776990160995814e-13,2.683858037347484e-13,1.8741881024993858e-07,-1.681544667476175e-07,-7.756396259333757e-11,-5.5391035219695945e-11,1.275732040349151e-12,-2.827131294162451e-11,-1.875379468579541e-11,-1.6973977383698495e-09,3.292040482497809e-07,3.696491401771804e-07,-2.1014783125732263e-11,5.761049400700898e-12,1.409686830171621e-13,-5.609030963149413e-12,8.901359985146805e-12,1.4279116852914303e-09,-1.223182017765652e-08,1.0321826810954417e-07,2.463796871462808e-07,2.2839505758634398e-11,7.2002994142427076e-12,-5.215382543800027e-13,5.883010535550913e-12,1.3208221454160006e-11,1.3501607358518237e-07,-1.5385794838984622e-07,4.74317340206367e-08,3.783309063581176e-06,3.737777770012953e-07,6.544103424652173e-11,1.7908675562427477e-11,-1.4339292250358409e-12,1.8496427495739567e-11,2.720168226724472e-11,2.570453737676508e-07,-3.897600318880065e-07,5.819013572264645e-08,5.2008037026042415e-06,1.317050712388442e-05,-3.384832227650616e-07,-2.205040766862625e-10,-1.8614136623995296e-10,5.573210525248307e-12,-5.206793376714064e-11,-8.101334066150969e-11,-2.1143812534639129e-07,1.0985164883209772e-06,6.146499094957645e-08,-4.17247585520424e-06,-1.214866938488254e-05,2.184865113483783e-05,2.505231876818904e-07,-1.3024238067579522e-10,-4.24508845546253e-11,3.4826021374615924e-12,-3.0915568855331316e-11,-2.6468049170106825e-11,-1.8835714148239567e-09,5.888817552045734e-07,7.656546268737947e-08,-2.3081368835647802e-07,-6.638124561693093e-07,3.281503090862669e-06,2.252747458550788e-06,2.4389644758879985e-07,-1.5021320326078833e-11,9.39259348060656e-11,1.4121518349323754e-11,-8.009058405188297e-11,1.5092647455675584e-10,9.90837079253056e-11,-1.6769940896250145e-07,-1.1861863004994885e-07,3.640466426603111e-08,1.5604888108869998e-07,-2.8468599067710387e-06,-2.4966154794440294e-06,0.0002154514504493,4.5,10,3.759984644155105,485.945860890477,0.199,-1,False,ecliptic_BarycentricTrue_J2000,ecliptic_BarycentricTrue_J2000
511924.1893562893,10,0.98,11.232972281877029,0.1280914591277811,0.6097897292436616,4.80567816026388,0.8087316387703699,2.2420733989449695,1.3029600124539666,4.836528787197142,4.456086612943058,3.367991170685128,2.282828700638221,0.0091880984672155,3.736994804564579e-08,1.5572091939565988e-07,4.2126487609530834e-08,2.3175106500969367e-10,1.5315865386402679e-09,4.759859885661824e-08,-4.4099092771098766e-10,-2.826384868403593e-11,1.5094790426644858e-09,1.500778894452954e-07,5.760541063803651e-11,-5.2030083136512536e-12,5.67711099291251e-13,1.9902977721515408e-11,-3.5547336264155154e-08,-4.6808660799016746e-12,7.700697272842642e-13,-4.790753280555588e-14,-5.163623191964134e-12,1.7252850753763957e-11,7.05570674593225e-08,-1.8034225290156142e-09,2.1662722240240713e-09,1.5943714905462468e-10,-2.865255919619964e-09,-1.7277848821112216e-10,0.0115828268971686,-0.0003717446023401,-1.3650089521740992e-08,-1.0412352559889156e-09,-2.012659980835811e-09,-2.527772017861248e-09,2.44806128703607e-09,-1.1794839122916425e-05,4.765492662892648e-05,-0.0005875761045486,-4.319490893539202e-08,8.7889332627719e-10,-2.2631446001945722e-09,-1.5636582304174543e-08,2.4846495631789157e-09,9.870964170134844e-06,1.1359430442576404e-05,7.013913964727648e-05,-0.0003412315666357,-8.128871709917052e-09,7.701205614316682e-09,-1.7963884440779091e-09,-6.406386278796139e-09,2.6472719559571603e-09,0.0002533530313003,4.20260313289868e-05,1.2484781059500228e-05,0.0014223544174019,-0.0002716400757309,-1.0906102727704929e-08,-2.300174887096864e-09,-1.283593847399796e-09,-5.415177255135273e-09,8.916358344169867e-10,-7.517068767801597e-06,6.486288905458447e-06,2.73666358920888e-05,4.865461395775308e-05,0.0006451496100586,0.0030096943841198,-1.4234881158338137e-07,2.95392609551546e-08,2.0877848386202923e-08,6.494622548001434e-08,-2.646007957552964e-09,-5.712132378851039e-05,-2.741474900667781e-05,-0.000254637947155,-8.3676455479203e-05,0.0001605577622299,0.0022496690363423,0.0037463097327026,-1.0057410655741353e-07,3.07991557841448e-08,2.412526745375241e-08,8.02006705416096e-08,-5.687324662582116e-09,-4.306128024396907e-05,-5.274561668082182e-05,-0.0003187289945119,-3.974351994285075e-05,-5.765465193379757e-05,0.0013903639493891,0.0028668131550164,-0.0029429783644555,-6.670002564862124e-07,-3.9692141365160295e-08,4.451169183736905e-09,-3.944461072415111e-08,1.0979996698901911e-08,-1.3365270376054542e-06,0.0001427395273033,0.000205877990187,0.000142894171753,9.785488389818015e-05,-0.0015049073984315,-0.0017783127015625,0.0340526430811042,4.5,10,1.2749647627665328,27.10906235075202,0.26,-1,False,ecliptic_BarycentricTrue_J2000,ecliptic_BarycentricTrue_J2000
778702.4957284499,10,0.98,11.8979652816577,0.111395094820156,0.8454752430810184,2.709137901712594,1.286548333673091,5.746222946762266,1.7601899901348714,0.1622487201294846,3.301210793279816,3.402525630108491,3.5143856724184297,0.0003740831504605,1.2461315602233223e-09,3.0683100298782014e-08,-4.015250224895628e-11,1.776247949737259e-12,3.0643927459486385e-10,3.6413909107513065e-12,6.472425122562656e-11,-1.3395926299189948e-12,3.06074819277881e-10,-1.7078997594834491e-09,1.7681111819567925e-13,-4.276139517435238e-13,2.964898791675674e-15,3.3619980246584007e-12,-1.0670977582892202e-09,1.0240581292395768e-12,-5.160792080854322e-15,8.773430004911037e-16,-5.20470643983315e-13,3.216220201505832e-12,-8.386324998893056e-06,1.86632585137096e-09,1.6995743884125494e-10,-1.2705230880758148e-10,-1.2971359972338095e-09,1.002156095798439e-09,0.0019876800136822,3.046849291602157e-05,-1.6375711735530312e-08,-8.072569084920201e-10,-9.771778538957128e-11,4.978397004318602e-09,-3.806786476911678e-09,-7.772517041692023e-05,0.0002953129624178,-1.0259552508709668e-05,-1.348334879796646e-09,7.42842713570572e-12,-8.898608933086397e-12,2.4246046847231903e-11,9.298149397364912e-12,-7.233504789722494e-07,3.115650298382119e-06,3.4734613767478784e-06,3.014135699803204e-05,-1.4413374384503084e-08,-9.992947374823108e-10,-1.4513793246991582e-10,4.3402823566447065e-09,-3.3733525479927947e-09,-0.0003951624480379,0.0002683503911828,2.7192586904489938e-06,0.0023726908306322,-1.144427579111021e-05,-1.1347434307052382e-09,-9.356720543210315e-11,-1.6093968443924135e-10,-3.2744258661114036e-10,3.4877617044179324e-10,0.0005265745029588,-2.087093871133332e-05,3.1183367189046272e-06,0.0006761096182908,0.001192107963489,-1.3331540233475198e-05,-2.6720202864406736e-09,1.0829988889699576e-09,3.8768405524031205e-11,-9.467744375386698e-11,1.1672803953201e-09,0.0001336332813324,-9.400966471342636e-05,3.6806002571442793e-06,-0.0005099402579425,-5.9837462482823695e-05,0.0002038441797589,-2.7803238518540545e-05,-3.664634029473632e-09,1.716436645706067e-09,9.718803631808784e-11,-3.154246521046245e-09,2.048218652303468e-09,4.873983185796497e-05,2.011135310104937e-05,5.7400548622063375e-06,-0.0039771169058399,-0.0021512723959494,0.0006764386471824,0.0115590685453563,0.000143687158596,-1.3391025922962216e-07,-3.5745181813005193e-08,4.07139175580202e-10,-1.0192890655378636e-08,5.774798242712548e-09,1.0329448700054289e-05,-4.122692287660449e-05,-1.2198957780081573e-05,-3.477755943065247e-05,-7.938516060461975e-06,-0.0001365080148399,-0.0001533593167757,0.0065882047999412,4.5,10,4.012218070543329,60.17458900837416,0.275,-1,False,ecliptic_BarycentricTrue_J2000,ecliptic_BarycentricTrue_J2000
631756.8195352169,10,0.98,12.87957498081441,0.1874864330858756,0.1363463649629914,1.7714153542861413,1.6781021634041318,0.2409841723244022,2.9789648420087365,5.158914581370193,1.8132249186236329,0.4062099787769145,1.3514431289969713,0.0024636923459312,-1.4012611433611232e-07,1.999348453745313e-07,9.910803836499878e-09,1.0135529262942691e-10,1.998245873458217e-09,-9.350673944420983e-12,2.562047054670186e-10,-1.2536119450942834e-11,1.99796654629888e-09,-5.970441240913992e-10,-3.755269020271544e-11,5.728463272235424e-12,-2.138742749898767e-13,2.069181379312852e-11,-7.652506104987069e-09,1.024780394023831e-11,-1.2170468313374214e-12,3.8666793311281166e-14,-2.1568233071349663e-12,2.0958701651811e-11,2.638687269612839e-05,3.4889610073785475e-08,-6.600165408549457e-09,3.0229931797031803e-10,-1.8579020791315639e-09,5.465592905322819e-10,0.0394423811995655,0.000292583980579,3.2074255904904526e-08,-7.228132398887318e-09,-4.5092632492704145e-11,3.444022031154884e-09,-9.75780183966057e-10,0.0004715065493645,0.0016671369629479,0.0001096029770575,-5.2978076415124313e-08,5.63961053197242e-09,-3.975161049867886e-12,4.554674355992714e-09,-1.123101583510814e-09,-1.7934181674362997e-05,4.3109187973788326e-05,4.961241850860616e-05,0.0001698706149869,1.6062190904445763e-08,-6.858042835201851e-09,9.245020918706024e-11,1.4688133135296331e-09,-1.1511447752370027e-10,0.0006149327157943,0.0009056840088272,1.926352054379817e-05,0.0018793857185762,0.0016812954891295,1.1426466301186164e-07,-5.371760917856561e-08,7.004896869986552e-10,1.951535525360176e-08,-1.6221487016237612e-09,0.0059143784790606,0.0087269110842631,0.0002268327524696,0.0127098698044942,0.1304007281798038,0.0019262779415882,7.618790508077043e-09,-4.1915247831152864e-08,5.886873046073985e-10,1.9396531215528067e-08,6.607735374960743e-09,0.0059028685627045,0.0087638398932304,0.0002580029759324,0.0128152979337255,0.1304374076292937,0.1335608574984788,0.0004454809046065,-1.7230707128388648e-07,2.2401614639948496e-08,-1.9174299192635456e-10,8.545261088168791e-09,1.688435175533366e-09,-6.198545562921082e-05,-2.858256698303245e-05,8.906887097076615e-05,-2.158512653879756e-05,-9.64462465572494e-05,0.0002426929931493,0.000718349043855,0.0001637966647236,-6.151991836755712e-07,-5.78173521342509e-08,2.8554672383970795e-09,-1.2245589533825393e-08,8.0702034422313e-09,0.0001218028713935,0.0002387996232906,-7.87914382634589e-05,0.0001321798413475,0.0011586415295574,0.0003111525303735,-0.0009509291259203,0.0149098457361042,4.5,10,2.755352571213346,23.549638102057145,0.223,-1,False,ecliptic_BarycentricTrue_J2000,ecliptic_BarycentricTrue_J2000
432782.078007973,10,0.98,14.17803726678566,0.1753528776035122,-0.2401778223210986,1.2215113034775296,0.6800786530681883,6.06472697491798,2.219733649881628,0.5160746287311434,5.193744146221011,4.3581968537279865,2.5886063036142617,0.0067483182345934,-7.109944985365303e-07,1.6765764158575497e-07,-2.1128063276657055e-07,4.4797337705069054e-10,1.880441702359261e-09,6.59113131072209e-08,-5.5483224436321e-10,-3.65082157618371e-12,1.638476758601653e-09,1.0313435138954793e-08,-1.3648581502502362e-11,-3.082981243558694e-12,2.661779917212283e-13,1.6728201818035878e-11,-1.820514911498769e-08,-7.31400908302304e-12,3.09107487116258e-11,6.872761154867913e-14,1.946806784400593e-12,2.7426196193950732e-11,-0.0001749339443025,-9.846312965205348e-10,3.443372663115062e-08,-1.4054149008541696e-09,-1.5959527691412862e-09,3.570856247563948e-09,0.0089727078714729,-0.000632307129692,4.3988414060667864e-08,1.6241006616912467e-08,-6.330589137970017e-09,-3.98986025461694e-10,3.388764073702644e-09,2.9834473755557075e-05,9.718093790255204e-05,-0.0002481743436596,7.700885920914882e-08,3.6720782491851146e-08,-4.453612130904155e-09,-2.3724917808970278e-09,-3.793749216487767e-09,-7.372823231935943e-07,2.0262870459288413e-05,4.349632837201976e-05,-0.0002215020035572,-1.18935175854581e-09,-9.195347779916494e-08,-1.1820278717635715e-09,5.625350954952599e-09,-9.286013683221721e-10,-0.0005206826380888,4.240256930648956e-05,-1.00913802274032e-05,0.0015880647255548,0.0002787450002436,-8.982490671139993e-09,8.984961316332526e-08,2.003607928825556e-09,-5.146474329467243e-09,9.245067002131979e-10,0.0004671837685689,-5.037624118266436e-05,1.1785612244585449e-06,-0.0011127887101457,0.0016505222219776,0.0027569464776474,-4.345759510962863e-07,1.2948106707412578e-07,3.419900337259216e-08,-6.119288594299395e-11,-3.241813689487642e-08,0.0002450719103686,-0.0002746396563719,-0.0001307431748832,-0.0006988241589959,0.0013619010982113,0.0059580603696858,0.0021531481980626,-3.768024389019082e-07,-1.0033753307700226e-07,2.8168336303712338e-08,5.995312130719813e-09,-2.1085062999642145e-08,-4.392673423480676e-05,-0.0001762086522539,-0.000101439272154,-4.594283105485432e-05,6.170431011088645e-05,0.0017136611744914,0.0011878068952613,-0.0012118581685184,-1.0517011263745602e-07,6.7595188179054e-07,-5.1897275142829e-10,2.9250451933641206e-09,1.1727522249006725e-07,5.875776832573534e-05,0.0001840616499781,8.871487400552077e-05,3.230981527676574e-05,-4.7796136582269855e-05,-0.0012738767908637,-0.0011467782017277,0.0133394797247017,4.5,10,1.6304234350311972,26.024497205416377,0.227,-1,False,ecliptic_BarycentricTrue_J2000,ecliptic_BarycentricTrue_J2000
660968.9475298647,10,0.98,10.459018012315616,0.1597930080604198,-0.0916592228883237,2.2006090874576687,0.4931438317738519,1.4604972906172684,1.2562001437297758,2.467426707396158,5.834465158223524,1.4286313662600234,3.731008198495295,0.0318295025272726,-2.4379780620185564e-06,5.209198822038118e-08,7.523552230578818e-08,-3.7178679909505066e-11,5.26958314213325e-10,7.641847742028377e-08,-3.7542305799418355e-10,6.228331095830126e-13,5.143098745861319e-10,-1.468419834130635e-07,2.627264402465724e-11,-9.919755490685816e-12,-4.235101884194505e-13,7.575528995542618e-12,-2.939458068634493e-09,1.1763257238451376e-11,-3.3487559113097602e-12,-1.7775160938207937e-13,3.34607714493028e-12,9.867353337079159e-12,-0.0003967474165722,2.256078840986933e-08,-8.96383119982336e-10,-7.6839591240642e-10,1.996696456865016e-09,-1.5118420124270423e-09,0.0012287031754454,-9.797499589895408e-05,-1.409704359297048e-08,-2.592648778996622e-09,3.7610019210677245e-10,2.5237230117724822e-09,-1.623182731953639e-09,4.934058176977766e-06,1.4695562656199578e-05,-0.0028372874096978,1.8653802876324272e-07,3.2894656009906043e-09,-6.278188590170198e-09,1.0343766703382689e-08,-9.553372336778176e-09,4.329761519121797e-05,1.573829672771168e-05,0.0003020275270877,-0.000397534986497,4.142629496830404e-08,9.255260688157336e-09,-1.2875632491691108e-09,-1.597817626868003e-09,-8.461084160697786e-10,-8.846439837607723e-05,-1.0202608702754676e-05,3.741602430337843e-05,0.0008343101606189,-0.0002534822117031,2.0006558293309176e-08,2.0085086984864556e-09,-6.516460779986342e-10,1.8011613821893995e-10,-5.352090889426126e-10,-1.5028824838867202e-05,-1.540378735888223e-06,2.5181037494747943e-05,0.000134603319439,0.0001527707788726,0.009254247678435,-8.422604028325742e-07,7.1592950199512e-08,2.560244444122219e-08,-4.424821422523805e-08,-2.636835228784677e-08,-8.676968442613219e-05,2.307347271286464e-05,-0.0007405924883936,-0.0002093006455501,-0.0001002416168166,0.0039181438170876,0.0098946009377933,-8.637788993149441e-07,3.4376262296806486e-08,2.6357922082981378e-08,-4.4944811595063375e-08,-1.7029679331420932e-08,-0.0001083016958049,7.76284854362812e-06,-0.0008241078923591,-0.0001467623225616,-8.120408325424484e-05,0.0032311138555904,0.0033401437500644,0.0038154511140748,-3.099460382891812e-07,2.6352621862538613e-08,1.0356290060807734e-08,-4.252010837145899e-10,4.143378468986611e-08,-5.71334650101768e-05,-2.159256719889925e-06,-0.0004269354269941,-7.193344218549207e-05,-4.037739488779068e-05,0.0008043066020062,0.0009055458528898,0.0055095358708919,4.5,10,0.9348713395273,46.53492987019028,0.23,-1,False,ecliptic_BarycentricTrue_J2000,ecliptic_BarycentricTrue_J2000
713109.1858184345,10,0.98,12.84248834321684,0.1205081306853039,0.0979625382384588,3.6014994267829525,2.3699448810494306,1.9300071558140932,1.3529718260425736,3.4707455271255383,5.650201106049963,3.909659701299532,2.403509324399465,0.0019790678986658,7.243534238053139e-09,1.3949030061805936e-07,-1.2527821903550343e-09,-4.481992628647882e-12,1.400124919975382e-09,-4.192647756120316e-10,-2.901904227468999e-11,3.751836792382106e-13,1.3908427311110563e-09,-1.0581620391131988e-08,4.036085499220255e-12,-5.018927463915079e-13,-1.6557407268165948e-14,1.4413142998764344e-11,4.428684822787928e-09,1.290094141268554e-12,-2.1535640537777927e-12,5.476856119075825e-15,4.255583093198702e-13,1.3984904681857392e-11,5.529429887090685e-05,3.135279446768402e-09,-1.786139353337816e-09,1.2661858619264666e-10,1.516154782411272e-09,9.598626048423712e-10,0.0131155000408127,6.7901563828103846e-06,-3.252100244861786e-09,-2.445054866065835e-10,-7.565380647172293e-12,-9.03613134588537e-10,-2.3879673209762344e-10,-5.061107930928293e-06,1.5024896235656316e-05,0.0005921899144559,1.7802835843550822e-08,-7.4187466540681764e-09,-5.87322379560657e-10,8.522555260368384e-09,6.104806789804836e-09,6.785894747382978e-05,-7.308394432666807e-06,0.0006278496458644,6.686564703370208e-05,5.819744304197039e-09,-8.916184728500685e-09,-4.6294103860209165e-11,4.753380680844134e-09,2.516107316592388e-09,0.0003974194982738,-1.1292025094659628e-05,0.0001078895033175,0.002034153375382,-3.640998680031917e-06,2.087968727561718e-09,-1.62310950622523e-09,2.5001106901030767e-11,1.1639427933438243e-09,5.528477543510115e-10,6.843268567227693e-05,-2.992958029865227e-06,9.40107557973581e-06,0.0003271320259827,0.0003971043685247,0.0002619462169521,-1.7985635755485473e-08,-7.310807370176217e-09,-8.902571952313829e-12,-3.682863687324524e-09,-1.0307204397859486e-10,1.587146759034587e-06,2.9875338130131764e-06,0.000236103592938,-6.832891973343652e-05,-0.0001589548022969,0.002484795212676,0.0001410219343655,-5.144413121376927e-09,-6.24129424922193e-10,1.6355021994716207e-10,6.4571332475491555e-09,3.1224540543261473e-09,1.899709084319716e-05,-1.1622914240237795e-05,0.0001473233434595,3.344536915677325e-05,6.792972613986515e-06,0.0002405239676244,0.0003823725287129,0.0005209573895975,-2.396047322779132e-07,-7.88483313898926e-08,6.2684787271011135e-09,-1.777907901350742e-08,2.1788401580656453e-08,-1.0766561032276276e-05,4.955130830410107e-05,2.825672908567349e-05,-3.5291591316367376e-05,-1.5715946014360006e-05,-0.0005308065330253,-0.0006304763198688,0.0228525789207172,4.5,10,3.3757636731882537,28.221080287222023,0.202,-1,False,ecliptic_BarycentricTrue_J2000,ecliptic_BarycentricTrue_J2000
423471.0941358429,10,0.98,10.374043848051388,0.0769651935470817,0.4175777588870664,2.1474855044951187,0.6055367504853946,3.9508351434863456,1.9905173137077168,2.163385610076849,2.470811523173836,2.191596054834018,3.6911310284160175,0.0061181382318106,5.465130156176762e-07,1.0568305509153305e-07,-8.10696158985873e-08,1.913269735056124e-10,1.053434676930946e-09,-5.273550395475232e-09,5.63616570040953e-10,1.2691370159880745e-12,1.0395342984023126e-09,1.0517917654828905e-07,-4.1323847482801985e-11,9.989552779270244e-13,1.6507561941279758e-12,3.5905793101703145e-11,-5.008511274820113e-08,-1.4574922095332458e-11,2.35823076508697e-12,1.242356508205891e-14,-9.70350298471856e-12,1.4549251360884306e-11,-5.128777327960244e-05,-3.1641327528797984e-08,2.6808888809217276e-09,5.46924561205547e-10,6.450788533266719e-09,-4.888565257444702e-10,0.0045837669146745,-0.0004951973247572,-2.717773936756164e-07,2.8600381343856738e-08,5.135061272018916e-09,4.417630710521972e-08,-1.651835277352338e-09,2.192879318553208e-05,0.0001781972193539,-6.225019521027642e-05,-7.114031313995346e-08,8.366607792046396e-09,1.004352058075996e-09,4.161108736255783e-09,2.711119681679416e-09,5.371749253136938e-06,2.4876282867552248e-05,1.1339585568895274e-05,0.0003137767134915,2.0208603074394226e-07,-1.9091902060391032e-08,-3.578426758508481e-09,-3.1228924109533024e-08,4.4745264180690927e-10,-0.0003973073653098,-0.0001219739185988,-2.1895798046216807e-05,0.0007243322632292,0.0001281036115134,5.5086397886278973e-08,-3.9286202045408755e-09,-1.2597008855123143e-09,-1.2929882262751122e-08,2.4369367965019763e-09,0.0005004958597174,-4.648116573274723e-05,2.2767382168813537e-06,-0.000245651635396,0.0008986220949619,6.976862557046795e-05,-1.028441947631276e-06,1.2052206617515834e-07,1.8388478329755266e-08,1.6219874433992158e-07,1.0195090167890035e-09,0.0002508040982082,0.0004761929554295,9.74462950403702e-05,-0.0001930184787626,0.0004546653697383,0.0028434449606231,-0.0001650105763454,-1.1485981012359276e-06,1.1358122556500529e-07,2.042101001106408e-08,1.7754699212102464e-07,2.995920024845485e-09,6.592696749708149e-05,0.000550743257688,0.0001044697475524,-0.0003567569049096,-0.0001028272444547,0.0019944194644895,0.0027128814048985,-0.0009940397244947,-7.614459407456907e-07,-3.5714627206744195e-08,1.1551778980923732e-08,1.3192906245724334e-07,1.0718925266821896e-08,5.821022558564376e-05,0.0004660903612207,3.859293253004101e-05,-0.0003175833148544,-0.000146322894985,0.0008781533914199,0.0010936565915664,0.064886323541935,4.5,10,0.5588437234820587,32.692422632788684,0.256,-1,False,ecliptic_BarycentricTrue_J2000,ecliptic_BarycentricTrue_J2000
540164.3916734838,10,0.98,15.318705026586992,0.050320528521562,-0.0409609936477743,2.495155692474196,0.8559141145142719,4.954863321564579,1.7366927815692814,2.6908353410361534,3.1928162836070504,5.96071884671941,5.971146678963044,0.0025690425628771,6.697251321694985e-09,2.730268056105675e-07,3.4195927061129386e-08,-1.3416414526612373e-12,2.745583683111586e-09,-9.52052138939661e-10,2.192432023510381e-10,5.141511489169813e-14,2.71767615151906e-09,8.357134744052182e-10,8.074045223473553e-13,-8.020875901471608e-12,2.5213588236669375e-13,3.8535018707940346e-11,3.176345669235295e-08,1.4418975388222629e-12,-2.561821652057722e-11,-1.4245987459004914e-13,2.388092472278424e-13,2.8122721959498158e-11,-4.212610394838042e-05,8.62695456434032e-10,8.626148736126468e-10,2.0734978710385209e-10,1.8502273992261282e-08,-5.160133594243874e-09,0.0617934853976891,2.549781413402861e-05,-2.918283967495715e-09,-4.930473844565373e-09,-2.2969998097212225e-11,-8.727069123412295e-09,-1.4087034407087787e-09,2.4314169564751496e-05,7.473931076343753e-05,4.856342821085391e-05,1.1072317407479968e-08,1.5523722935513362e-08,-7.30049729015198e-10,-2.507916841233117e-08,7.888470498122441e-09,-6.072229524796829e-05,6.412043412539141e-06,0.0001118420961228,1.915435937309798e-05,-7.614084178465783e-10,5.070671654875665e-09,1.8826031695712e-11,-6.791536419090265e-09,-2.557537173356393e-10,0.0069281732258314,6.812679657268267e-05,1.9130002756150287e-05,0.0028806843550391,2.831061019011932e-05,5.820777805789654e-09,-1.1095872503911373e-08,-3.1397306438205427e-10,-1.289082090905584e-08,4.236306459188704e-09,0.0024373849607413,1.17742836066872e-05,6.285056989596646e-05,0.0007287960776245,0.0011247105997156,-0.0002372509518504,-3.81749742719616e-08,-2.744565083612574e-07,3.406963704401758e-09,6.836235275549524e-08,-5.239472803166676e-08,0.0006620388107445,0.0002334642949445,-0.0002069333039629,0.0005803296848919,-0.0006239836034543,0.0047198940758015,-0.0002324459822395,-3.379173921760015e-08,-1.0753730985013789e-07,2.817503597160194e-09,3.388363456815862e-08,-4.326650315888316e-08,0.000164041859339,0.0002097640898696,-0.0001376273591816,0.0001755156350986,-4.8425522726644045e-05,0.0017986218443534,0.0015019680728384,0.0011706136904138,-3.40779269871577e-07,4.265886239924859e-07,2.739285082979232e-08,-1.228763960802475e-07,1.1839357093401597e-07,-0.0002861810487841,-0.0001337053729785,0.0003083430036343,-0.0001117054175957,0.0001466882399749,-0.0026250502307513,-0.0022686974625911,0.3298719815193304,4.5,10,3.988025928106061,20.189577352437272,0.205,-1,False,ecliptic_BarycentricTrue_J2000,ecliptic_BarycentricTrue_J2000
581854.0289955301,10,0.98,10.38361219430735,0.13579456585065,0.8148918535562626,1.7262017539965173,0.7583652028695334,0.3930763057229202,1.9224445241721984,1.903369166608498,4.353564500330345,4.419866886509659,4.105453698860849,0.0002153577938121,-9.121924038896328e-09,6.7891673834853085e-09,4.541939844709025e-10,-1.0344901510909274e-11,6.740321347697042e-11,4.994260798279074e-10,-5.390257166756617e-11,-1.1970985528056085e-13,6.727189111299922e-11,7.118913630236358e-11,2.3049137818463416e-12,-1.8879916750339135e-13,-2.422746925122369e-14,8.102121557994307e-13,3.0212261165000455e-10,-9.23689037324565e-13,4.4246327421378256e-14,1.3824679956771736e-14,-3.213718714022111e-13,8.143833883897965e-13,6.463868713210921e-07,1.6748677631985154e-10,1.2370604632413354e-12,-1.8511315755538696e-11,1.1298293015070032e-12,-8.745554185105012e-12,3.55944353999886e-05,2.9294562181212755e-06,-1.582701398349963e-09,5.6189000105898415e-11,6.046516263476037e-11,-1.3531984806891647e-10,2.5882710968619207e-11,1.0109636325271384e-08,1.50439320043952e-06,-7.293636790912341e-06,-1.1969492586020003e-10,1.1166857627951653e-12,-9.061774193772898e-12,-2.1878927392077368e-11,8.835653925457483e-11,-6.70659226717154e-08,1.6540402765815705e-07,8.368844388595167e-07,-3.2354086828521112e-06,2.240122391847928e-09,-4.7962358129539126e-11,-1.150540696397731e-10,1.3013057940368544e-10,-3.0290798432150657e-12,2.0761937385911843e-05,-1.4798877762146025e-06,-1.1121496465235544e-07,0.0001857785362233,-5.802919769795116e-06,9.551204609426061e-10,2.934575268445492e-11,-3.67987344688417e-11,-2.7986440129728505e-11,6.695384991337885e-12,7.552366113642258e-06,2.540135527891857e-07,6.508573589520783e-07,-0.0001213207680736,0.0004859773969784,7.01449908981475e-05,-8.346537208826446e-09,6.108499429448768e-10,3.4420085261421336e-10,-5.973166503799059e-10,7.581977222476491e-10,2.7376900265894177e-06,3.286504680610668e-06,-2.6938787327045155e-06,-7.886878618336181e-05,0.0002572168945019,0.0001841423316787,6.381284005490031e-05,-7.4064921220859415e-09,6.023258833747411e-10,2.3056146264225206e-10,-8.42364704204135e-10,1.2136837244123651e-09,-1.0014753449531687e-06,2.5335355362937194e-06,-2.873783877175617e-06,-0.0003810787130991,0.0010368357942688,0.0005771995478279,0.0032862704285131,3.214675793383804e-05,-1.1937538173135592e-08,9.750889325631974e-10,3.8623652091664817e-10,-1.5210390392852794e-09,4.254643563536118e-09,-8.425200770592332e-08,4.212536453563452e-06,1.6793960420963405e-06,-4.0457750875246e-06,1.4857987447576982e-06,-1.0654550763865758e-05,-1.165569691257466e-05,0.0010102708062387,4.5,10,1.2592270505753906,128.75812784012476,0.305,-1,False,ecliptic_BarycentricTrue_J2000,ecliptic_BarycentricTrue_J2000
1195491.368073722,10,0.98,10.068543316937664,0.0948928697933707,0.6838863314582844,1.0921920295036869,2.7973810914850543,3.4704261199189412,0.6786486822835855,6.120015662391943,0.0338858886647822,3.023822372240491,4.559113634151346,0.0019217404551446,2.182833954285073e-08,1.0075791427483349e-07,-1.92023996868936e-09,1.597432186209127e-11,1.0152692816674818e-09,3.1021108964962703e-10,-1.7633316921706602e-11,-8.902542738898466e-11,1.0155583626536348e-09,-1.6898839298963766e-08,4.693840407232136e-12,-4.226016300037328e-13,4.044358471615352e-14,1.046027799119387e-11,3.291714317534351e-09,1.3460524883692638e-12,9.112774291540525e-14,-1.2959178622854861e-14,1.223323750927992e-13,1.0093170147821724e-11,0.000256756463088,2.060582176994018e-09,-3.5357293223852256e-10,1.2916128311132847e-10,-1.0143321664059895e-09,7.78331121766427e-10,0.0113945847538964,0.0001798233186715,2.5441264139601234e-09,-2.9778544482033936e-10,6.222318968742734e-11,-8.586857541642075e-10,4.72359084069137e-10,4.910429400015477e-05,3.575284868344551e-05,-0.0005976136299118,-1.5722520364062596e-08,9.206637439237055e-10,-6.057776861640528e-11,1.0364478185001241e-08,-1.6829247346654399e-09,-0.0001238672562741,-8.016374156539457e-05,0.0004412341131659,-6.922336960011081e-05,-5.561703490001694e-10,1.048534552752373e-10,-1.1269279944106067e-10,1.789226958031586e-09,-2.913966540605537e-10,-0.0006549973728004,-5.812007896718192e-06,6.826490723349663e-05,0.0012460567542275,-0.0003414941912419,1.2691732816950407e-09,7.224280274358104e-10,-2.1105441961015438e-10,2.9104895861218923e-09,-1.1622004842357484e-09,-0.0005766208563692,-5.842244581871693e-05,0.0001918395601669,-5.271315817598325e-06,0.0034097926534531,0.0010184453311866,-4.006065750853979e-09,-1.378785702419809e-09,3.934694650444654e-10,-1.1791924435055462e-08,2.580129764693686e-09,0.0006632158453737,0.0001953506450329,-0.0004900123009892,0.0001821469331974,-0.0036510911634748,0.0047513541765637,0.0004921566466728,-2.3541607527819286e-09,4.1289115702895884e-10,2.7460403257335416e-10,9.308743330164827e-10,1.2881703099770636e-09,0.000162941785794,0.0001129104081978,-0.0002328771517209,0.0004380186417823,-0.0017806709772914,0.0021504297994716,0.0036540941308484,0.000517259160333,-2.058355871508706e-07,-4.621354081024826e-08,5.249520419321217e-09,-2.2981404671234007e-09,1.5673252397245173e-08,-1.3918137410965032e-05,-1.680085334559084e-05,-0.0001075122234813,-2.845120599514076e-05,-2.567930413090515e-06,-0.0005078532421231,-0.0005197810743383,0.0338707077468069,4.5,10,4.490799000806705,33.15594036354117,0.22,-1,False,ecliptic_BarycentricTrue_J2000,ecliptic_BarycentricTrue_J2000
646982.5579909289,10,0.98,12.964301873430149,0.1913241532707287,0.8858603065223152,1.8479046644341017,2.9292934026114676,5.885327407925349,0.8927978520273463,5.561361583279669,2.032971870052374,3.75000472461115,4.339983995454566,0.0014588597486677,3.873442486306751e-08,1.3739691181678682e-07,-3.6684752190963477e-09,1.8700034722189002e-11,1.381147567684312e-09,2.244891098752557e-11,7.796004352740864e-11,-7.404666656643759e-13,1.3744465631324872e-09,1.934149364698585e-09,7.951199907672446e-12,-4.389018652949469e-13,-1.3115917167065162e-13,1.399167906833656e-11,6.283833170158329e-09,1.7611989543149814e-12,-3.4696472396310953e-13,-6.835847817995482e-15,1.2097777825298082e-12,1.4036034245940378e-11,0.0001154696797025,4.2727212174976126e-08,2.419719111551364e-09,5.13354321289318e-13,-7.852557433855252e-11,1.2372108837770031e-09,0.033469305815238,0.0001050511233132,7.30502578469496e-08,-3.8300811907274067e-10,2.5193528924420577e-10,1.1417234080996487e-09,1.2917148620094143e-09,0.0004099902310029,0.000581044980701,-5.2467520053928114e-05,-1.6358057388452362e-08,5.02461431387241e-10,4.9154727575266455e-11,-1.7159218152273112e-09,-9.743119667109052e-11,-1.1891936685110852e-05,-2.5459644433841456e-05,2.3245655445138914e-05,8.470939074199873e-05,4.6714100439810426e-08,2.2212603083429207e-10,1.6941533877062028e-10,8.627935141938371e-10,2.128639337852888e-09,0.0025656214567234,0.0003885175785114,-1.6385572755167313e-05,0.0023387914289861,-0.000133904564358,-5.994587212000384e-08,-3.7785427826769435e-10,-1.5010353311596867e-11,-1.9650308175181427e-09,-3.9447263056994007e-10,-0.0071247720945402,-0.000389024675172,3.696270359709416e-05,-0.0003369239894763,0.0039176279014714,5.350366757611656e-05,3.2476210117732464e-08,-1.0517958091686791e-09,2.5171464026995126e-10,6.625495452489036e-10,-4.215052451679659e-09,0.0046091060163463,0.0004565031489993,-1.945562028230392e-05,0.0013337146065682,-0.0020370610151413,0.0020879432814884,-5.26623663796732e-05,-3.2445879798169115e-08,5.324827561040471e-09,8.809763820778859e-13,1.1376801557035067e-09,1.4855950301341663e-09,-9.41940444195496e-05,-0.0001362256263423,-2.9254119660592063e-06,0.0011896055866144,0.0007914196920857,-8.560194669065143e-05,0.0055282386600576,0.0005557860415191,-1.707747004712983e-07,4.238269869530462e-08,2.2718820147510474e-09,2.6910108806346994e-09,4.15488430777253e-08,0.0002364792980624,0.0003084760365319,-2.295525725032933e-05,0.0002134620231958,-0.0002224260705609,-0.0003545490970941,-0.0006324038186055,0.0107926946874198,4.5,10,3.994844779949871,28.389459458991567,0.3,-1,False,ecliptic_BarycentricTrue_J2000,ecliptic_BarycentricTrue_J2000
926910.2029683656,10,0.98,11.180880798559077,0.1084359806078038,0.6806805316691622,4.601817176485775,2.0194802683762902,0.03307641435033119,1.2702701127621625,1.4523323395917112,2.420096766783673,1.5468043628712245,1.7658866227186905,0.0029736576850406,-5.8190882819819225e-08,2.1194692266757215e-07,8.43009502012475e-10,2.2638724526038808e-11,2.122493599274418e-09,-5.59313651926989e-10,4.841439313804558e-12,-6.964239114575646e-11,2.12379492584486e-09,-4.1318439245327566e-08,1.1613366171602512e-11,-5.02553571864552e-13,6.314384400231387e-14,2.3237146858861988e-11,-5.205241115163095e-09,2.0831627207924454e-12,3.806071324010272e-13,3.9630862278091045e-14,1.5189447675230705e-12,2.150211218110405e-11,1.2472854575563565e-05,-1.2706268702547901e-08,-5.32840038826731e-10,4.358907472690406e-10,-3.477184193187373e-09,1.230752237220403e-09,0.0275794030473543,-0.0001320163174134,1.523088335910481e-09,-1.1617655932867804e-10,1.6994381414780632e-10,5.181031124303636e-09,1.356840494708433e-09,-1.2420082261724055e-05,6.310444956480443e-05,4.892198216327346e-05,-4.261102378025768e-09,-3.5342753057857044e-10,-1.2979384025750152e-10,5.522777560071623e-09,-4.5619597056731016e-10,-1.566968912877217e-05,-3.771708883983084e-06,5.701991619247261e-05,0.0001319190749476,3.678788723349792e-09,-3.216172625143799e-10,-1.775476097118122e-10,-7.975752226730959e-09,1.5790233370346582e-09,0.0006165999512937,-5.641728717621953e-05,1.8918212659096527e-05,0.0014718453796921,2.2234688660347512e-05,-5.567816602424413e-10,-2.446083164310665e-10,-2.2979030063829119e-10,-2.5038230542054804e-09,9.411914226102692e-10,0.0001638637113166,-1.0156441409829357e-05,9.40079195388176e-06,0.0003058190751287,0.000726605672795,5.773600544617549e-05,-3.4341997645974794e-08,-3.291845449060973e-09,2.869234963782171e-10,-2.2190305628302385e-08,3.616523622708891e-10,-9.578451435065392e-05,9.051868367401888e-05,-3.258463121058719e-05,-0.0002974187175246,3.592342561887254e-05,0.0017848925765098,0.0002704960786016,-4.030011569486808e-08,2.739479070357258e-09,1.0255212497106728e-11,-6.240439212329754e-09,-6.854538732899602e-10,2.71564150679652e-05,3.723481566119014e-05,-5.643822761392899e-05,-3.312532982335777e-06,-5.658591264215909e-06,-0.0003853503334562,0.0015810334765037,0.000166860845917,-4.198422576014465e-07,1.3492788676915458e-09,3.356882932705254e-09,3.090213804087188e-08,4.83662893107856e-08,-5.461349752791769e-05,0.0001081754860953,0.0001016586979988,-6.544618774102776e-05,3.329139773505032e-06,-0.0008010590815275,-0.000935368019107,0.0409944310672127,4.5,10,4.204353706491784,22.854022805010167,0.222,-1,False,ecliptic_BarycentricTrue_J2000,ecliptic_BarycentricTrue_J2000
489143.218614054,10,0.98,12.698605351434416,0.1611067994473768,0.7069320650921092,1.8504134623534088,1.387386399286669,2.340498188397395,1.4727018652238135,3.0518644004350364,0.0011611843736931,2.8868830013723747,5.076076132311988,2.4400781111011213e-05,-1.775518145749533e-09,1.178777296306006e-09,3.2453515969756405e-11,1.3182458557474948e-12,1.177314056043654e-11,3.415735503604846e-11,-3.871252584036973e-12,-1.3053004019533018e-13,1.1758524233565775e-11,9.763568768112948e-13,-7.556127679550029e-14,-1.068516817973295e-14,4.750512758948644e-16,1.254399806387932e-13,-1.3928263748619107e-10,-1.7050532559168855e-14,1.0074568293200338e-15,1.0820111542519255e-16,3.115702088786122e-14,1.258746837449883e-13,-1.3398743320114082e-08,8.208068758572397e-12,2.3220778052268363e-13,-1.3752144470581957e-13,-2.774103148638238e-13,3.43253834470362e-13,6.02869510399762e-07,-1.269120047353618e-07,-6.599135367042431e-11,6.1606462722423255e-12,1.90829740924664e-12,5.424426855318665e-13,-7.169154404411247e-12,-4.3127114698505035e-09,1.2603959020743557e-07,-2.406634306474794e-06,4.1457299757950205e-10,-5.216199320212475e-12,-6.689084689416685e-12,-1.0485610595301207e-11,1.0362342436549518e-11,2.3115945764971755e-09,3.86083699950011e-08,6.480175407343289e-07,6.871728200765538e-07,-1.2462653830117366e-10,1.4922246743604474e-11,3.525465952645676e-12,-1.3010068295228018e-13,-6.149061247208553e-12,2.223967447396377e-07,4.802349142016831e-08,-2.0411324934791801e-07,6.969359241106387e-06,-6.06224364660914e-07,1.2449715812387406e-10,-1.067387395566451e-11,-1.896865104971707e-12,9.136966466534743e-13,2.884412348506806e-12,-1.4158489275674888e-07,5.837247407435982e-09,1.9149331084276561e-07,-2.1984985532432606e-06,4.324298987665386e-06,2.3010020804808123e-06,-9.599905220470927e-10,-1.885304242890181e-12,1.9357138906416887e-11,4.731984555297711e-11,8.58020614922545e-11,-1.1986619253386104e-08,2.733980838854263e-07,-2.835629447111169e-07,9.310702464694328e-07,8.54109944311979e-07,9.482372410687823e-06,3.77513119955999e-06,-9.393903816900568e-10,2.5882773161056188e-11,1.7732625017055016e-11,3.263476829465716e-11,8.205678290893253e-11,-3.277251933930028e-10,1.3279169847201917e-07,-5.418039382237013e-07,5.015149477664339e-07,-2.136003304226333e-07,-1.5299126968021708e-06,9.20165309072484e-06,-2.9817917498082825e-06,-7.10127110119754e-10,4.043277023773847e-10,1.2977409573250503e-11,5.025083277112218e-11,2.2249359910124124e-10,-1.0041327296585664e-08,4.3257297210099814e-07,6.579507212454359e-07,3.24212460485887e-08,1.472840656444415e-07,-4.086659047005101e-06,-4.94469811609849e-06,0.0001287842534565,4.5,10,2.007524860206625,307.13263456812825,0.253,-1,False,ecliptic_BarycentricTrue_J2000,ecliptic_BarycentricTrue_J2000
684784.7226291185,10,0.98,11.718177488683857,0.1933632703761317,-0.2169733211208078,0.8439886115495103,2.323448515147594,6.039408776004653,1.6309111145449358,0.2641107114812006,1.6920236744281083,2.2792588921985346,0.6828097996548517,0.0026324030211846,-1.6399739186664546e-07,3.9821228158118826e-08,-1.760334192465132e-07,2.4141723180291307e-11,4.4564334805703934e-10,9.513900825421426e-09,1.6818140138575288e-12,-2.795386681619262e-14,3.9281346506011436e-10,-2.28445499409177e-08,1.847842390033885e-12,5.030339294781005e-13,-5.641106074914001e-14,4.310972240249346e-12,-7.586000229773259e-09,-3.355789184053894e-13,-1.7449461161756592e-12,-1.2883122899561092e-14,-3.128256856964847e-13,4.734252880534041e-12,-3.240106994867645e-05,-1.56240329922288e-09,4.148132115459641e-09,1.3465419217570928e-10,-2.9290763060898196e-10,5.049744871527451e-10,0.0009660674549827,-5.7517664936954285e-05,-8.065919554933326e-09,1.5250826788266734e-08,3.8979159017260215e-10,3.538253666351103e-10,1.1686974737773664e-09,0.000180353758961,0.0004311404754632,-0.0001099144636344,1.0567857521553754e-08,9.889279494777165e-09,-5.633189559741626e-10,-6.938367991011098e-11,-7.725176763510423e-11,2.148323466996838e-06,2.5888125062432394e-06,1.363430372593972e-05,1.0296871273275006e-05,4.924871230025884e-09,-5.506097486057472e-09,-2.41092285209161e-10,-1.8298837447818007e-10,-4.85353344153808e-10,-6.52064709229468e-05,-0.0001855670766738,1.0521565869269788e-06,0.0001867809600949,-0.0001023934115058,1.2774191526920302e-08,1.3394278443662186e-08,-5.514201339410004e-10,-9.568130694750174e-10,-1.3256138675675026e-10,0.0002331720234401,-1.819074917156877e-05,1.260087538511134e-05,2.978044129436029e-05,0.0005388651342586,0.0010607671696607,-6.107922158824287e-08,8.423827897376614e-08,4.29229306414681e-09,-7.346534951568946e-09,-7.278868652427126e-09,-0.0001517272338536,-0.0003779115052351,-4.8036815092324025e-05,0.000246859527699,-7.656368916169312e-06,0.0015827470912046,0.0011808916112442,-7.8648395006124e-08,2.139325056049024e-08,4.991824800107861e-09,-8.35990250250399e-09,-4.939196934037388e-09,-2.466616440619296e-06,6.03358730972554e-06,-5.381238490678045e-05,-9.875782778592833e-06,-5.089308361318327e-05,0.000674242327129,0.0006702716931205,-0.0006468288307638,-3.5055365659905184e-08,-4.6811243994595374e-08,1.311318225664828e-09,2.19671039563161e-09,7.819418373563461e-09,2.379398418539108e-06,-4.611523945652121e-06,3.984086453101034e-05,7.300889653863004e-06,3.820007648089062e-05,-0.0004425831027652,-0.0004865904545239,0.0025328580405131,4.5,10,1.6187751922875524,53.10727783499081,0.223,-1,False,ecliptic_BarycentricTrue_J2000,ecliptic_BarycentricTrue_J2000
660915.7501782195,10,0.98,11.911451564979616,0.1295082593134503,0.3532186248916424,1.9094662321469578,0.2598854544582707,3.0910881166567323,2.421537546622761,1.686533266319463,2.340765958468075,2.327529699280055,0.6450277407305897,0.0029667817591621,5.899756512124968e-08,1.7051217394325674e-07,-2.368848323896046e-09,4.5503872467296336e-11,1.7338314324436842e-09,-3.760354125256553e-10,-1.7273154979216028e-10,4.0984854885495695e-12,1.7043856565336883e-09,1.7736223396057018e-08,3.564316850974931e-11,-4.983725122887965e-12,-8.250530237854324e-14,1.9701006157401727e-11,5.442168994506348e-09,7.546412980913856e-13,-2.6093369608171395e-12,-1.1462810870985615e-16,1.18232133670852e-12,1.6777425390801308e-11,-0.0001865696562542,5.8421077749910143e-08,-1.8941140109032883e-09,3.4618222883709216e-10,1.6172322456809452e-08,2.238550368266636e-09,0.0263539618365283,0.0005370734205501,-1.0605310784582073e-07,3.2899657861148592e-09,-3.120594474472851e-11,-3.2730163363472384e-08,-4.51546431503377e-09,-0.0004906024515404,0.0011361860644792,-0.0002135881848416,-1.7249920488706568e-08,3.003593830529222e-10,2.0335179053857674e-10,3.1706628993534114e-10,1.5000023363002901e-10,2.903751545825262e-05,-8.145847371620921e-05,4.811841340064043e-05,-0.0005220802525801,1.0792638483054425e-07,-3.520642467829813e-09,-1.273917363751306e-10,3.2294494608148186e-08,4.567722162791844e-09,0.0026516663368989,-0.0010971713538629,8.264498404588275e-05,0.0025080070066284,-0.0003619052927218,-2.251889396256465e-09,-8.269161454233741e-10,-1.8554068404493926e-11,4.025976438653926e-09,5.761293263218611e-10,0.0008529896073715,-0.0003230827767428,7.303568909990467e-05,0.0005764399170716,0.0017833085821547,0.0006329863937656,-4.083306380626064e-08,-8.118852066007951e-10,4.4702428370221936e-10,-1.2522760671890789e-08,-2.34328227551974e-09,0.0004786768780677,0.0001418761487148,-6.150785520920539e-05,0.0001553871221703,0.0003645351217687,0.0011782886796745,0.0006591614094888,-8.512432756782665e-08,4.746899860734913e-09,4.5370756320275215e-10,-3.0787217515621026e-08,-1.9971042733116044e-10,-0.0002061379146722,0.0004844256925748,-7.762936520690244e-05,-0.0004638648700744,-0.0002542955497038,0.000178948341544,0.0010311733979494,0.0004220001709887,-8.47668559301163e-08,3.993971457012055e-08,4.087317725960518e-09,5.455638933097952e-08,5.02691646308128e-08,0.000189999551268,-0.0003834221243614,1.963882778203938e-06,0.0003827218221906,7.408826305706058e-05,-0.0006959584355002,-0.0008224729764739,0.0325608959975887,4.5,10,2.4030955346994567,25.49660536884356,0.226,-1,False,ecliptic_BarycentricTrue_J2000,ecliptic_BarycentricTrue_J2000
614940.7092661264,10,0.98,11.547924444707649,0.1460878764382394,0.5692240367579671,1.235267359592506,1.020498568317599,4.028433464891462,1.6190392018078394,4.803304153016895,4.176417273836837,1.3105453446458395,0.4316675459209318,0.0083561982580555,-6.111060133064172e-07,2.352139439271939e-07,2.3438880115606283e-08,2.8477929961012288e-11,2.3412362562299274e-09,5.662586665737764e-09,-3.4238584903967795e-11,-3.1939130937857964e-11,2.333820878969988e-09,2.4388713304466697e-10,1.6501233366442403e-11,3.478702430213256e-12,-6.130414948689027e-14,2.418959392227669e-11,6.248547763602529e-08,-8.944508599360527e-13,1.6430284208092328e-12,1.0716829450660429e-13,1.2876986460466856e-12,2.498805898268032e-11,-0.0003910686046197,8.872780250176926e-08,-2.2038009226928192e-09,-8.440011494796073e-10,4.503373720928983e-09,-5.989507591087923e-09,0.0393423907794858,3.348733061046803e-05,-3.757055254483188e-08,1.7341201388764123e-09,4.95523298672169e-10,-3.796374146241737e-09,4.519112658255638e-10,-3.882902960801993e-05,4.588739237797347e-05,-0.0006455852144083,7.991972449630181e-08,-1.4693223825474722e-09,-5.0740163089912e-10,3.754618975339316e-09,-9.884749133740848e-09,6.774053038253594e-05,-1.3593426198355274e-05,0.0001027657381943,0.0002331104907719,-1.5114004716040937e-08,5.487555950077822e-09,3.172293432272485e-10,-2.4437251900252427e-09,3.937025829628716e-09,-9.958562475678028e-05,-6.41666599943951e-07,-3.660488140210827e-05,0.0010862734284853,-0.0004223147294368,2.0177473929442888e-08,-5.261363915353439e-09,-5.146075066149611e-10,3.755826809398384e-09,-6.074324800967829e-09,0.0001197741495124,-1.9887813458467106e-06,6.513946521691321e-05,-0.0007273497782462,0.0016359007729493,0.0025631782321122,-3.623507542287299e-07,6.395014872453102e-09,4.604559593903307e-09,-2.697193702263742e-09,3.5398393871492896e-08,-0.0002041466647831,9.418505572072184e-05,-0.0002678913366314,-0.0001641011345908,-0.000245796971438,0.0031636708001875,0.0030277356604032,-3.740504653095053e-07,1.9340812860699626e-08,4.022101834739173e-09,-6.076565764624637e-09,4.535843630481953e-08,-0.0002181647227438,6.773586882725027e-05,-0.0003007792141559,0.0001070908811959,-0.0002004360791983,0.000710371988195,0.0023810802078357,-0.002435885878282,-2.232204025933074e-07,-8.622251218004891e-09,5.099171734089853e-09,4.544803816605439e-09,3.3414263663055834e-08,0.0001275482562638,4.306248608054361e-05,0.000277819654532,-0.0001133697896549,0.0001852833539058,-0.0016776506646901,-0.0018904070891981,0.033050156317087,4.5,10,2.034009712759805,21.78694818995912,0.245,-1,False,ecliptic_BarycentricTrue_J2000,ecliptic_BarycentricTrue_J2000
885849.2959956232,10,0.982,10.063824591840255,0.1924189733805845,0.3214960785064411,1.4515074134278976,2.5111120884225486,1.089973093402646,1.808725008325164,4.06402669658115,5.863380938496574,2.9927454899660293,0.0418119049566545,0.0006741583450122,2.52139526787261e-09,1.457616386374018e-08,7.1393986205139054e-09,-2.982120341856255e-11,1.4630751553481632e-10,5.366880292040548e-11,-1.0606099438963986e-11,1.4127604351485285e-13,1.4494716243263578e-10,1.6549123493684112e-09,-4.466689292906546e-14,-1.3271295895209024e-13,-4.667614324868459e-15,1.5509322685793126e-12,3.180841122187254e-09,-1.1605094333002745e-13,-2.172616388512907e-13,4.597892644614451e-15,5.0905598568963433e-14,1.494142314609363e-12,-2.547208856235553e-05,-9.737894261926236e-11,-3.418023913672027e-10,3.319351027496251e-12,-7.532508611389069e-11,-1.855535914219647e-10,0.0001912960259888,-8.52384964661546e-05,-1.009132400908178e-09,-1.0839128324928443e-09,3.0301806386614496e-11,-2.8066877382337445e-10,-6.009604691533195e-10,5.623445252622718e-06,1.817061722286896e-05,-3.3881937397873974e-05,-2.9541445022719336e-10,-5.338964595602538e-10,2.1626082284225637e-11,-6.36168205723488e-10,-8.570668090057462e-12,9.662817984740744e-07,3.841429903730322e-06,6.092050786540492e-06,-1.410427083073279e-05,2.6503788344995476e-10,-2.409766145841073e-10,8.460670274858779e-12,-7.61382983470923e-12,-1.3125351238587283e-10,8.323739494553017e-06,3.8653275313743726e-06,-4.660661039469717e-07,6.202369067949599e-05,-1.4264164144517386e-05,-5.190131424895907e-10,-1.7210877872677768e-10,1.0562635171407452e-11,-4.605949618473671e-10,7.202249392841484e-11,-1.5828337965228826e-05,-8.481671149660351e-07,4.9237966466576585e-06,-5.996463416911265e-05,0.0001684628673225,0.000284317330716,-1.3970495751780991e-09,6.048337319399402e-09,5.671189066061326e-11,1.708332152795465e-09,2.3855699011927e-09,-1.6839992076361334e-05,-4.472644951144716e-05,-1.1476402726535935e-05,-3.3458971095730864e-05,2.7046507148876955e-05,0.0003248619163246,0.00022519972223,1.259850549717688e-09,1.9334007804914153e-09,7.768022284014727e-11,9.391916677467631e-11,1.8306227234121347e-09,-9.638404618911455e-06,-3.172145825414024e-05,-8.089527966202367e-06,-6.557899925805702e-06,-1.4842828336651464e-06,0.0001001498177043,0.0001252231825986,-8.11422134364204e-05,-1.2218931249819594e-08,8.531826043662804e-09,7.243058290499784e-10,1.8805385184412462e-10,3.1468359151479224e-10,7.70944186005787e-06,2.4687538885127703e-05,-1.4100829807123074e-07,6.394983916507769e-06,-5.160228143847534e-06,-0.0001121750720702,-9.614484266709752e-05,0.0009665822853512,4.5,10,2.0062551674212505,87.42875499752449,0.237,-1,False,ecliptic_BarycentricTrue_J2000,ecliptic_BarycentricTrue_J2000
724294.0907720338,10,0.98,11.57871085905416,0.1274721301267901,0.4643318116035411,2.5532025072950026,0.5013604528771359,5.880251520590708,2.325505712173423,2.5975728781749465,3.609226250917716,3.0938495834959743,2.833035689173712,0.0040707234279693,-8.14337353841183e-08,2.5155387530619106e-07,-5.927315930873892e-08,-4.7270398434475776e-12,2.526666573977789e-09,4.817203820485864e-09,-1.4334350144320838e-10,-4.9842209878496e-11,2.509633654108641e-09,-9.607668821341238e-09,2.5190916573586567e-11,7.518900706502996e-12,-2.201946632901609e-13,2.735008061809844e-11,1.1473466617336625e-08,-1.1744120106136285e-12,-8.280617409761509e-12,1.905029709437408e-13,1.4011589783858012e-12,2.4715096799450484e-11,-2.834829498248728e-05,-9.961895503733214e-10,1.220097486891835e-09,-9.8220798756244e-11,-1.926906058728452e-09,3.754245175472436e-11,0.0458804955733549,0.0006134045151458,-3.107665828599477e-08,-1.2139175500568745e-08,1.629184464051393e-09,-7.823891133752726e-09,2.0432276530260366e-09,-6.747972316823091e-08,0.0002311345334162,-0.0002664604764327,3.503197243668117e-09,9.26845869994272e-09,-4.6446252048132396e-10,-4.211843964895091e-09,-2.628976164721621e-10,1.185278557742896e-05,-6.179566467695443e-05,5.9615881975241685e-05,-0.0006016531340465,3.1206285813612134e-08,1.2376166254075527e-08,-1.596910530565384e-09,8.792979225864859e-09,-1.9297356529819963e-09,0.0006476307185792,-0.0002289758361616,5.949016394705113e-05,0.0016530453924112,-0.0003391547000623,2.2755774651076926e-09,8.766928923298768e-09,-6.136998653752486e-10,-7.955490669982401e-09,-8.033759213031319e-10,0.0003190572671569,-8.058072998012374e-05,7.126749564987632e-05,7.721432159139076e-05,0.0027777927173666,0.0010562998077326,-7.353400840285153e-08,6.255340233496038e-09,3.469376861769652e-09,-2.488877935923068e-08,6.050711091804883e-09,0.0002266429125728,0.0004786611836418,-6.444889638484014e-05,-0.0003984085674777,0.0014360679625326,0.0025748835023644,0.000926123108779,-6.84497805153396e-08,-7.0769784896364585e-09,3.548877336932608e-09,-2.6843163140091884e-08,9.021329956611885e-09,1.3308379712138318e-05,0.0004543464153373,-7.069685591576005e-05,-0.0002611468661825,-0.0008613811936587,0.000800811661571,0.0074230770609995,0.0021936419220443,-1.4998311514208408e-07,-1.248175363296043e-07,1.1213688857527194e-08,2.669323484082e-08,8.025009127825905e-08,-4.0817305194562506e-05,0.0002125235044777,-0.0001973845279998,-0.000203987264752,-0.0002409838071695,-0.0008524358392772,-0.0008752166722072,0.0523359139007091,4.5,10,2.711448951193808,21.0135004973888,0.225,-1,False,ecliptic_BarycentricTrue_J2000,ecliptic_BarycentricTrue_J2000
455930.63315202727,10,0.98,12.77628688863634,0.1032165961562059,-0.9395007158347451,1.1732339312341742,1.0937521203134255,2.7251519310770047,1.0939649995253775,2.502940097888763,0.3428752091103807,2.0832158451265514,0.3744696841885923,0.4021504566122937,-1.89470618720264e-05,2.810118735620531e-07,-1.6204499345652626e-06,-6.602800609107631e-09,3.751587179800688e-09,8.914307932076547e-07,-5.4172385745465174e-09,2.727809474005656e-10,2.366339368148206e-09,-2.0156172289965563e-06,-1.1052885346897335e-10,2.653630824770628e-10,3.1717121428576066e-11,7.731495624720048e-11,2.285671055768039e-06,3.7239461842502386e-11,7.20522491701471e-11,-1.5654063478478893e-12,7.892241017991014e-12,1.1734430516666077e-10,-0.0038232020017709,4.209214938981592e-07,-2.7786297183079263e-08,-4.734903287370224e-08,-2.1484809965003483e-08,4.836338795976805e-08,0.0208963058409745,0.0211682433133203,-9.920747073277122e-07,-3.914647574424896e-08,8.169180245528624e-08,-6.470534393214829e-08,1.1483469818993053e-07,-0.0002310774324457,0.0012533995451614,0.0136252148417233,9.910111510807873e-07,-3.2661295791656415e-07,-1.0177067127482641e-07,-1.831156440785468e-07,1.0782094409408453e-07,4.2009349209980645e-05,0.0005484616037479,0.0009156589737824,-0.0125785318422255,-2.63347700384536e-07,3.170924376379157e-07,1.7685031445788658e-08,9.402899204894328e-08,-1.2278213596267182e-07,-0.0052446518466685,-0.0006685043873232,-0.0005141284425931,0.0080702627867237,0.0016249859478378,6.252506323405839e-07,-1.6018038823409513e-08,-8.073721291665158e-08,-9.257153278273449e-08,5.3081370229049074e-08,0.0089300097686774,-2.931949665016066e-05,0.000424666629084,0.0012980482756998,0.0101299249730144,0.126118008890529,-4.1459960280609374e-06,-3.2321139545039943e-06,4.130198123334541e-07,-5.054831462101429e-07,5.586699933269076e-07,-0.0060843345717252,0.0072473091678164,0.0032058877215081,0.0046072198099189,0.0025748247405323,0.1248305361852675,0.1036811798506835,-6.742495715809313e-06,-9.940754897078115e-07,4.568510042407673e-07,-3.225624194376935e-07,5.207902434664039e-07,-0.0013608291585018,0.0059107474645393,0.0026340207231375,0.0030600313605254,0.005014560579582,0.0774600415283172,0.0526201067634085,0.087507022597852,-5.557227076830073e-06,7.658700051357967e-07,2.726481246683292e-07,-3.39207875001867e-07,7.84378585411197e-07,-0.0006111833536304,0.004910838959123,0.0028131663737928,-0.0029565473084621,0.0003561837282699,0.0264454682477238,0.0219164223464681,0.0531924501629203,4.5,10,0.6154371921318116,22.25049150799257,0.221,-1,False,ecliptic_BarycentricTrue_J2000,ecliptic_BarycentricTrue_J2000
571776.311479233,10,0.98,12.902525970743216,0.0632587225446989,0.8516375510133642,1.6228318235465802,1.5970348751233394,2.5237050457813677,1.0695824402998668,5.9160506767662255,0.562812056459453,2.8426496267996137,6.217336681954609,0.0035753646433306,-3.0164261795997225e-08,2.0211011886947962e-07,6.4430260659250145e-09,2.2844506209788166e-11,2.006897739269545e-09,7.694198761203627e-10,-1.001791359377574e-09,-2.0387091974437722e-12,2.0040244426572526e-09,-2.026387657113067e-07,6.976265396991623e-12,-1.3138084091699804e-12,-3.8816913965119656e-14,3.469807346361169e-11,-8.986124156681233e-09,4.285032115007011e-13,-5.322229137789743e-13,-7.784616551977057e-15,4.057441798497778e-12,2.159308924567981e-11,1.2959618241833996e-05,-8.346837378488413e-10,4.540311626575526e-09,-8.315303232395353e-10,-6.564692375508573e-09,2.4767355116066436e-09,0.0331917572618701,-4.106732206569496e-05,-6.01238873246066e-09,1.23189362795024e-09,5.06924885320704e-10,-4.766582941900739e-09,-1.2451074897690403e-09,1.389373907852528e-05,7.218846697639109e-05,0.0001176343166955,8.664206253295879e-09,-8.494836753221214e-10,-2.8539337222416873e-10,-4.221049881551181e-09,2.5077346202262917e-09,1.7845466202432735e-06,-2.09609441951941e-05,3.886696202225853e-05,7.771593018589195e-06,-4.369482882876755e-09,3.147162311763741e-09,-1.6437297267513515e-10,3.896314261933084e-09,1.0840293841074555e-09,0.0020171892579728,-4.630019359144885e-05,7.599697986849248e-06,0.0011350381367246,4.5835711299943856e-05,-1.0514014531131297e-08,2.196198957151321e-09,1.1851414471615155e-10,-9.948056657507043e-10,-6.236179005726298e-10,-0.0020062944325209,1.0605342682034112e-05,1.0418866998372356e-05,-0.0002420952187988,0.0014056888261539,0.0003118540047668,-4.1351004046758e-08,6.5123973980621036e-09,3.072281103275251e-09,-9.083277167283592e-09,-5.176416948753984e-09,0.0008808615239111,9.953342421613516e-05,-3.838099853608486e-06,0.0003725660012752,-0.0001089664765467,0.0012297181383544,0.0002820540384764,1.128621035150907e-09,1.3803644258844813e-08,2.934550842976375e-09,-1.5222659389880488e-08,1.323678184833514e-09,0.0001442560872699,0.0001985500299187,-3.664766040297788e-05,-3.4575078535441896e-05,8.113537947294035e-05,-0.0001544236803452,0.0035043045129316,0.0003747584407972,-2.838765059830317e-07,-1.7344154045490062e-08,1.84222489083294e-08,-3.6942457698873575e-08,9.848503475952032e-08,2.791392929029056e-05,-0.0001514607558993,6.154213473681926e-05,0.0001022607371776,-4.789944286617844e-05,-0.0011212781965177,-0.0011732280193,0.1885331521900062,4.5,10,3.015917326094857,23.53559262250576,0.295,-1,False,ecliptic_BarycentricTrue_J2000,ecliptic_BarycentricTrue_J2000
677592.3528271264,10,0.98,10.386700611149248,0.191942696569355,0.2572372714351429,3.3676175650953772,1.592694470999258,0.6476548737329226,2.971862727932297,5.205731410587173,4.9595713020422885,0.3681489687266761,4.726060946020897,0.0122735815205878,-4.639864680888459e-06,2.1915984264992446e-07,2.143788629935745e-07,1.6202477883624362e-10,2.182997890871171e-09,1.1093830337842569e-07,4.7542619816290067e-11,6.211993951377729e-12,2.093100579471499e-09,9.445128698416825e-08,-3.1700509332599386e-11,-1.6262545109437892e-12,1.0304319963537962e-12,2.1851441479075416e-11,4.48537428654009e-08,2.863599800480584e-11,-2.938384582217832e-12,5.182593357519028e-13,4.470441915592867e-13,2.2594486777029248e-11,-0.0001368820874256,4.4714335238453225e-08,-3.984678931663316e-09,-2.033023019788358e-09,-4.3371301444722385e-09,1.7307648616448903e-09,0.0342814364748729,-0.0007908720375783,2.968837153967156e-07,-1.0760120573039304e-08,-7.198607694924706e-09,-1.8064020321444079e-09,-2.890161812361039e-09,-1.689842491061162e-06,0.0001611571526978,-0.0007442040378544,2.746684916482963e-07,-1.3145111725755682e-08,-8.187480433716123e-09,-7.460214619619471e-09,-1.5364784932240636e-09,2.873525762915712e-05,5.337274431137577e-05,8.239711118310297e-05,-0.0007090842000206,2.682592140916021e-07,4.743201149252151e-09,-6.917333652378241e-09,-3.6087742551368684e-09,-1.821113331683929e-09,0.0017935177876649,0.0001099221761659,5.89169162226515e-05,0.0011241094961176,0.0017637532669506,-6.305344826426928e-07,7.311070769990934e-08,1.3264579265817044e-08,-3.2062828208991883e-09,4.046055649314302e-09,-0.0179767473648089,-0.0006331665772841,-6.57956617246786e-05,-0.0032636468481661,0.0583961818016976,0.0054293602645659,-2.5027188198813043e-06,1.3361476066294545e-07,5.561540249943784e-08,3.906720706431929e-08,2.4060395254570126e-08,-0.0178258986588431,-0.0005576220500959,-0.0003244425044022,-0.0038351182259967,0.0546414623682234,0.0548310596367149,0.00391681728352,-1.906548280139357e-06,1.1710937896199084e-07,4.355750245390682e-08,4.494089966324448e-08,1.8678689028737057e-08,-9.70770500603381e-05,5.766592235738154e-05,-0.000261742393946,-8.038563585490583e-05,-0.0010384493085228,0.0012290701633295,0.002866157503803,-0.0031515947781097,-5.485254208776642e-07,-1.8212149167709508e-07,-6.020550415469397e-09,-1.8089607157881524e-08,-2.4089581821963405e-10,4.536870470304032e-05,0.0001922076121331,0.0002372866884173,0.0001891887781294,-0.0002709863861213,-0.0021206059889386,-0.0019109060455487,0.0176672796976566,4.5,10,1.28948780336929,23.008043537725896,0.241,-1,False,ecliptic_BarycentricTrue_J2000,ecliptic_BarycentricTrue_J2000
784792.4665637997,10,0.98,11.777322107404506,0.1911499975545929,0.4728571078674228,4.423200138398454,2.1994289894463757,5.594921626892912,2.828199357391544,5.95461403839441,4.7109182413307,1.6349103832275302,1.5442921388842856,4.1787359493524174e-05,-6.98570721031987e-10,3.293464096112879e-09,-2.113522357951464e-10,-1.1740179333625305e-12,3.2813251056805676e-11,6.2147052527598986e-12,-4.812498550813273e-12,-1.529115246026731e-13,3.264863505028611e-11,1.0844099642400975e-10,-1.7115704282600905e-13,9.478794089063937e-14,5.146627658088695e-16,3.325984269552128e-13,-3.487369021045191e-12,5.727103100029247e-14,5.15556951309984e-14,3.1939731209656407e-16,4.172301936223661e-14,3.365303780253486e-13,2.105449658389212e-07,8.448131377359328e-12,-3.841297693661053e-12,2.2207286862517855e-13,1.8931934572888404e-12,2.379322389533737e-13,6.6038235460874806e-06,4.0095697052284205e-06,-5.681639206580196e-11,-4.9314880813879686e-11,-5.776853999501109e-14,2.680250905125621e-11,-1.467457252152538e-12,7.874622503034497e-08,1.2859282162784853e-06,-1.344214302238519e-06,3.503964071620248e-10,-2.7177224391080367e-11,4.991381152531549e-12,6.551441735982433e-12,9.244983526548707e-12,4.562339846592072e-08,-9.949847014362132e-08,1.540922956118851e-06,-4.0389835796719e-06,8.351007579788136e-11,7.26180087577846e-11,7.73364265759748e-13,-2.6658579518088048e-11,3.1037117878407788e-12,9.233827247610842e-07,-1.2558451639526437e-06,2.079049695653745e-07,2.133696649406284e-05,8.08198452737976e-08,4.941930965839788e-10,1.2102408873005184e-10,8.707521671227471e-12,1.629494077158363e-11,1.888535219985268e-11,-1.2851241184907762e-06,6.562961950305169e-07,2.3408415391208336e-06,-2.608246750207765e-07,0.0002168452055724,6.584073246858016e-06,-1.1551641919264987e-10,-3.959547867795028e-11,2.244746794012108e-11,8.58225414378272e-11,1.9096602711081293e-12,-9.974864263185374e-07,3.832953457462875e-06,2.8325674854094323e-06,-5.007960580745924e-06,0.0001966899249225,0.0001962528510081,3.527841662234563e-06,-2.3810754041571427e-10,7.180877116504994e-11,7.990602995122171e-12,5.784706756172647e-11,-9.457476909971802e-12,1.965177916756111e-07,2.5394610490322457e-06,1.0252483638468686e-06,-6.689158909924474e-06,-2.871737003003616e-05,-1.541846542064827e-05,9.500906459706936e-05,2.371749428311672e-05,-1.5743466430249357e-08,-3.363458162935962e-09,2.497244057211154e-10,1.4969628782750734e-10,4.4561513766853196e-10,5.7485394906126414e-08,2.041309001549798e-06,-2.1675453329010314e-06,-2.1630690940477053e-06,-2.2615979293826265e-06,-1.3210433631734584e-05,-1.336016547574752e-05,0.0002484251133911,4.5,10,3.453625599024232,184.21296492154545,0.212,-1,False,ecliptic_BarycentricTrue_J2000,ecliptic_BarycentricTrue_J2000
697251.4223496914,10,0.98,11.02764526059946,0.1372407141238615,0.3889909514435277,3.4042369453137895,1.9253882932187252,0.43386466167574333,0.7780572704949178,6.188190943525529,4.7462992782130815,3.2633129529426324,4.495166844921489,0.004565663256819,-7.593651930998962e-07,2.2242520082183522e-07,7.16206669878552e-08,3.74475153103617e-12,2.204225321214786e-09,1.8212500102723066e-08,-4.2227934454735135e-10,-4.990074577389682e-11,2.1801759666002247e-09,4.950507752646792e-09,2.0040520615123675e-11,-2.841870988789295e-12,2.288387708374812e-13,2.3572644719698525e-11,3.66128257311428e-08,-4.277968372038439e-12,-4.2031361903726064e-14,3.131529987864032e-13,-3.48219113106382e-12,2.3919777713784064e-11,-0.0003964001072641,1.1540989369655764e-07,-1.4830281447325253e-08,-3.509737169905894e-09,-3.23846250775115e-09,-7.184525452885115e-09,0.0460281301539657,0.00021060406065,-4.723997841003925e-08,5.971087165056651e-09,8.134810956756142e-10,4.094238353618757e-09,1.6798321328359132e-09,-2.6482735016173297e-05,6.423180574968772e-05,0.0004682376671355,-1.5125907359068437e-07,1.3617411001873337e-08,3.55972540297192e-09,3.8865017859924317e-10,9.498037226184489e-09,-8.599530683892666e-05,1.2995467412825663e-05,0.0001103133159213,-9.514004428246076e-05,6.1039581891932455e-09,7.663263451980352e-09,-7.271186505427873e-10,7.894468509749495e-09,-4.337428955189493e-09,-0.0001853914464325,3.425086095902716e-05,-2.515284040052037e-05,0.0021016738611474,0.0001127230569797,-1.0479343242461476e-08,-7.355727975861187e-09,9.85400299239353e-10,-8.128699803750056e-09,4.968053543443163e-09,0.0001832565841392,-4.248009474440867e-05,3.3445361640553064e-05,-0.0015672266622387,0.0025414816145629,0.0024560403823015,-7.68537376937633e-07,8.584154979410384e-08,1.9196376488600533e-08,3.885740715304573e-08,4.056870930098967e-08,-0.0005097947771099,0.0003326148824453,0.0003774518177064,0.0011890492759265,-0.0018197818181121,0.0063695088593545,0.0015876487417022,-5.212583142079165e-07,5.5892126271985054e-08,1.360672550861922e-08,3.5395530702940034e-08,2.3805725822782937e-08,-0.0002450414538704,0.0002173638518287,0.0002499209253714,5.2843171565714416e-05,-6.612996631514328e-05,0.0016091135192774,0.001872987387033,0.000331793021115,-9.075257658010786e-07,6.545202701369345e-08,2.8065955126383083e-08,-2.0540564770876653e-08,-3.9555224400730564e-08,0.0001375207603392,-8.464090649154099e-05,-0.0001463700662444,-3.349978624905403e-05,2.847655759720305e-05,-0.0016138403826708,-0.001435887247572,0.0409929118737609,4.5,10,1.951205202434939,22.55049760452549,0.237,-1,False,ecliptic_BarycentricTrue_J2000,ecliptic_BarycentricTrue_J2000
491526.3263640622,10,0.98,12.119628211519418,0.0780083087042134,0.0520619935438633,3.2498367894968294,1.2202593589183646,3.905836591548156,0.998744331167698,3.091992056003511,3.2467878426950043,1.1185958943251824,4.912842361499126,0.0275879807331208,-1.6669290512085038e-06,2.36776323689593e-07,1.3451028376265856e-07,3.939563399906903e-10,2.607081901553771e-09,7.134748786155264e-08,3.15614737785773e-09,3.4523514141535885e-12,2.328957258831495e-09,-3.962125486653834e-07,7.766348837591279e-11,1.1909833099985332e-11,-1.584884575338399e-13,4.875443017369948e-11,-1.9881486174864854e-08,-4.587921161676449e-12,3.8207395886683874e-11,1.2421951436296818e-13,-7.9061374619399e-12,2.9026186156585847e-11,-4.749936769686211e-05,-1.154140420648137e-09,1.6247587702191132e-08,-1.639049444707083e-09,-2.17643308505775e-08,4.785120232026514e-09,0.0225177230185043,8.891094551354708e-05,1.1683305675636437e-08,-3.354456545801086e-09,2.631203866719834e-09,3.8583860916397393e-08,-1.0051483640073293e-08,-6.236467506863073e-05,0.0001035947431926,0.001206966030204,-2.0545610874306682e-08,9.851496794301688e-09,3.177818715707327e-09,1.1910228856787766e-09,-1.9353241312143856e-08,-1.5861657713959094e-05,2.959693899876992e-05,0.0001100186091299,-0.0003269618158579,9.0538744230414e-09,-3.4449599885657764e-08,8.214750532392582e-10,2.2292076954352842e-08,1.8874264776435163e-09,-0.0010878567866512,5.615506704675531e-05,-1.7832191328823493e-05,0.0023096107372378,0.0006839555497196,-1.547897442922934e-08,3.626945530231063e-08,4.550269813675719e-10,-1.5555064251853722e-08,-8.338486750424179e-09,0.0010730533683334,-2.714610316780827e-05,5.381140037674854e-05,-0.0017621226215117,0.0025175574696455,0.0115583255310958,-8.255293371230269e-07,2.3051114668189934e-07,3.631015785192176e-08,-1.7337785663783485e-07,-1.5877593778080532e-08,-0.0006678484147661,0.000138324872894,0.0005327840617705,0.0010331286895182,-0.0008993627249505,0.0094881059537748,0.0106140024616088,-8.330446658202959e-07,1.0278217937575057e-07,3.130286793737104e-08,-2.028406503600116e-07,9.778737603176332e-09,-1.3544442342386162e-05,2.161192147363936e-05,0.0004417695564324,-0.0001190712438532,0.0002600039454586,0.0049176533824282,0.0046961153917222,0.0007976963757386,-1.588970569457886e-07,-4.382331896139539e-07,1.7268457187516286e-08,1.7019016433277296e-07,1.0871375200781337e-07,-0.0002137283358299,0.0003439282777957,4.014568345631549e-05,0.0002238426938888,-0.0001416805458587,-0.000424847675295,-0.0007520758855282,0.0893342768017136,4.5,10,1.1925479363243197,22.01083768057992,0.25,-1,False,ecliptic_BarycentricTrue_J2000,ecliptic_BarycentricTrue_J2000
692149.4996397698,10,0.981,11.73601392334304,0.061569085314331,-0.6625617550371463,3.9981294708213,1.4427296236331504,4.916409248331594,1.2336338051289548,5.382278562878999,1.1295392889116704,4.215286291865487,1.1258873678256685,0.067774366232305,-7.708157407139892e-06,2.019244081593609e-07,9.925995337092858e-07,-4.639590947186693e-10,2.1292383778830035e-09,2.844049078313616e-07,2.1531689080554368e-10,1.5620627978370404e-11,1.967136874107628e-09,2.962235373092281e-06,-3.5453901486562694e-11,-2.1258433682476114e-11,7.362379292766877e-12,3.2181557686479284e-10,7.239662397635413e-08,1.6248373799846642e-11,-9.265200152270595e-12,-5.383174941758655e-13,1.580036647783318e-11,2.6697169899858333e-11,-0.0005790608026478,1.6408696242373797e-07,-7.580765976285388e-08,-5.324750116751985e-09,7.142741255649356e-08,7.374338415979659e-09,0.0058638199865444,-0.0002378176021473,1.8184218172425705e-07,-9.464119361674682e-08,-5.2273567606874116e-09,1.474346818702448e-07,9.42818780954252e-09,0.0001518491571105,0.0002350675042584,-0.0120670860308687,9.359265759384532e-07,-1.831380839466124e-07,-4.382433911945386e-08,-9.736639014256649e-07,5.845786994112047e-09,-0.0001293714713524,-0.0003722873839208,0.0037732819356187,0.0005046298277589,-1.9101231175407442e-07,8.7141383529249e-08,5.901870682745766e-09,-1.188998164051317e-07,-8.984768363064896e-09,-0.0001570709717428,-0.000218976948536,0.0002613399815784,0.0016863126723067,-0.0007257126829597,5.95605541127294e-08,-8.828763358822287e-09,-2.5801280972057633e-09,-5.9359680030721767e-08,9.040434531328575e-10,1.1961142209589188e-05,-2.324167104612536e-05,0.0002317534102619,-1.9780608309289354e-05,0.000513932699778,0.0180394178609056,-2.820737277484572e-06,2.143804645689188e-07,9.604685232490889e-08,5.959014596841842e-07,3.884929793697552e-08,-6.988198778970975e-05,4.249311079582517e-05,-0.0026089253302901,0.0001014541305122,-0.0003472396567879,0.0133860885788972,0.0179944213541274,-2.816705742605229e-06,1.7124392634647196e-07,8.90428210774466e-08,5.689761964143578e-07,2.5003775903977832e-08,-6.725532371857977e-05,4.143871648352815e-05,-0.0026965383689852,4.740048998399519e-05,-0.0001630265327153,0.0083193224920761,0.0068890531010804,0.0315316390003338,-1.442744669975387e-06,2.0415897695855986e-07,1.0384924413326936e-07,3.5688339047939454e-06,1.6498368866253689e-07,0.0007837105781173,0.0016236186330173,-0.0107932210155621,-0.0012985837672773,-0.0006574460665904,0.0052567466000504,0.0048496986981905,0.1258744969977422,4.5,10,1.114236067722784,23.73730644734948,0.224,-1,False,ecliptic_BarycentricTrue_J2000,ecliptic_BarycentricTrue_J2000
1087438.932793708,10,0.982,10.335856812589524,0.0786553722105278,-0.2975410328405197,1.3556048686573268,1.5808326936990966,1.506594708194826,1.9802498207027328,3.495146645023934,5.33347916646806,3.731491135474465,4.369662880613054,0.0369203549005463,-3.364377548142545e-06,2.0655269176144945e-07,2.7466567203389644e-07,1.6073272063439714e-12,2.367017262443203e-09,5.108645668917797e-09,1.2787396066643443e-10,-1.472290023923871e-12,2.057190207137138e-09,5.0400877926957626e-08,1.7213159000577763e-10,3.725035745744129e-11,4.375800157519654e-13,7.404668660389848e-11,-2.070871770684416e-07,-2.3848171477485027e-11,3.547057310379361e-11,-2.0226883142396977e-13,-2.417749183164869e-12,2.488398892644956e-11,-0.0029943849949345,3.783460839800948e-07,7.424327747025977e-08,-7.979761160495591e-10,9.374004897429122e-08,3.323040212654345e-08,0.0091480022512726,0.0031029241620411,-3.2349061920149613e-07,-1.0095554016866508e-07,3.839048014501815e-10,-9.08655126497442e-08,-3.537401247841122e-08,-0.0005964584318707,0.0006178881247702,1.3959931092470277e-05,3.436996507630906e-07,-6.598649377745883e-08,-7.072330161210761e-10,6.429503637932547e-08,-7.014401988937096e-09,6.559172560029816e-05,-4.33898984833012e-05,0.0001924751072793,-0.0013931121067811,8.155672117650397e-08,2.730474392550328e-08,2.103176974758284e-10,2.8031345947843026e-08,1.7015785455173863e-08,0.0007948479688643,-0.0002640436506735,-1.4444112716282106e-05,0.0013675269297232,0.0013771440005782,1.6017846579987157e-07,-5.065967540606334e-08,-6.150899078436348e-10,1.736014989794121e-08,-2.0978359702081065e-08,-0.0010534570621707,0.0002240899019899,0.0001482543217464,-0.0013068891103197,0.0026805196647835,0.018564602787121,-1.994236728699895e-06,5.624468831499586e-07,7.121576782807816e-09,-4.0301448074891545e-08,-9.658071241722785e-08,-0.0020367128459751,0.0017390622958696,-0.0001269643318025,-0.0014772766570162,0.0014520845093755,0.0144861086204624,0.0143422816301114,-1.288369478607307e-06,2.096280716991697e-07,4.645044830375002e-09,1.7447071394195166e-07,-6.05444574458903e-08,-0.000826952842391,0.0008602345561678,7.648633943297214e-05,-0.0004049186716764,0.0004500860752453,0.0079784366960319,0.0065474763025517,-0.0008171950403491,-1.3110888273121556e-06,-1.5297977241951449e-07,-2.5041352657724336e-09,-5.141118902931057e-07,-1.5281748564533662e-08,-0.0010291086551157,0.0010328870245884,-0.0003788495025497,-0.0003870629252136,0.0001127451921732,-0.0004272395497728,-0.0025784191795337,0.0373326275226856,4.5,10,1.919790453790485,23.203038760836748,0.214,-1,False,ecliptic_BarycentricTrue_J2000,ecliptic_BarycentricTrue_J2000
166081.00023723615,10,0.98,12.786819945811311,0.1135051448386352,0.895515500025845,2.382624469718144,1.863376511354519,0.9513683961196172,1.281550409525836,6.196683246753396,4.318082414472049,5.532577495596033,3.6760745121525247,0.0016394853363847,3.528731811553662e-08,9.91959264676606e-08,-2.0948042169787783e-09,5.2081725530051336e-11,9.898426027148895e-10,3.544512930539766e-09,6.72666620053188e-12,-2.1911081986219568e-12,9.849748757990282e-10,1.1605850961928676e-07,1.0868130066581662e-12,5.409328335574626e-13,7.885047696651653e-13,2.1427066095810185e-11,1.3391683195523813e-08,1.968753539049003e-12,-2.103751096411074e-13,9.346969257583488e-14,3.1120460791785097e-12,1.0451126828064572e-11,5.412281655380781e-05,-1.990657083410236e-08,4.845032961014725e-09,1.27618870047563e-09,6.466221579680751e-09,1.730527835091141e-09,0.001960086699948,0.0001222017713431,-3.856721987070909e-08,6.656795542019491e-09,2.6880845867255063e-09,2.4181326740633266e-08,2.9267020268912232e-09,2.5655554696858152e-05,0.0001117171291969,-6.384644710078718e-05,1.861091782992568e-08,-3.158525288865581e-09,-1.2172015232240246e-09,-1.2344364115842792e-08,-1.4539181285482875e-09,-1.8529337029648003e-05,-7.378592105658701e-05,5.5520088480432864e-05,-0.0001204633728707,3.1186786247125374e-08,-7.884890235881186e-09,-2.82373451727514e-09,-1.8124492078430482e-08,-3.5590935056222782e-09,-0.001683107585363,-9.418872914914884e-05,6.754215839195588e-05,0.0036664009208497,-3.322865102961239e-05,2.4935607183484025e-08,-5.866521203713495e-09,-6.43870207063449e-10,-2.930656632170738e-10,-1.2595267913160535e-09,-0.0021650207328087,6.271613100407444e-06,2.982654068159272e-07,0.0010404196087385,0.0049125551576887,-0.000841533770833,1.588820772650116e-07,-2.6833079306625693e-08,-1.1420677832100158e-08,-1.524087624022853e-07,-1.9503313890190973e-08,0.0004851884097697,-0.0009712002500772,0.0007652917024865,0.001378163488663,-0.0024433508180652,0.0125050905225935,-0.0006451226054129,7.178659594688809e-08,-1.4382521098135861e-08,-6.464742684495219e-09,-1.1263259103749228e-07,-1.4695943390340913e-08,-0.0001638150933748,-0.0008225240621174,0.0006714857852761,0.003853294242631,-0.0031034587119601,0.0120062289009389,0.0195914475880666,-0.0010426134958708,3.47527509669869e-07,-7.220796204670693e-08,-2.8270957400913292e-08,-2.2533763515015562e-07,-5.400681506723103e-10,-0.0003810441204143,-0.0011491499763081,0.0007720855663816,0.0011248694425641,0.0001139809376986,0.0097713723647381,0.0082984291998496,0.0408843117099493,4.5,10,0.2477532969253311,33.53663292022108,0.352,-1,False,ecliptic_BarycentricTrue_J2000,ecliptic_BarycentricTrue_J2000
724404.320403286,10,0.98,11.806719858445293,0.1075655773373288,0.2465668231014899,1.4977835028099884,0.4376598397785748,4.277302840132865,2.082754843913788,1.9949668085893948,0.9788098790848164,3.601206733852026,0.7170439491965096,3.071485002104756e-06,-1.208874660966861e-10,1.1245824164561128e-10,4.482266735662047e-12,2.7081703986727064e-14,1.1226322434236574e-12,3.6447281818231646e-12,1.126667457764509e-13,-4.5498185736470086e-15,1.1188859999652778e-12,-2.683895811798012e-11,1.620393981871972e-14,5.126731600212436e-16,-1.7322518295895877e-18,1.1590176084772846e-14,-1.2413324049735567e-11,3.521398724778292e-15,7.433928383416439e-16,-5.36760325788217e-18,2.697924755643625e-17,1.1387053136936335e-14,-7.81560913775848e-09,1.32529341424443e-13,-8.788279315935738e-14,1.5818934489806374e-15,5.6259238615302914e-14,5.549437452731776e-14,8.806719779730243e-09,-1.6864785739539509e-07,1.0139844363193003e-11,-1.2144077465979049e-12,-3.4250396994600524e-13,-9.207517652392082e-15,1.2734105336621118e-12,7.758754971015681e-10,2.0085858467284853e-08,-5.375409880512399e-06,1.1445092154401076e-10,1.199764277797376e-11,-7.387436530539311e-12,6.797155218394973e-11,3.7897779211494e-11,2.1666103543774893e-08,3.728074487817146e-07,1.878001145556561e-05,2.7844659182966144e-07,-4.4049218976935556e-12,3.310075046383889e-12,3.24916790535031e-13,-1.9484391541273247e-12,-1.999919255590016e-12,-3.766578215359328e-08,-2.7643488569384323e-08,-7.711280750200362e-07,1.311792526654168e-06,5.3285835165298415e-08,-1.0735260114223405e-12,-3.365540836519742e-12,2.2652254430587387e-15,-1.9772771503285638e-12,-6.864023927496297e-13,1.4903411268471621e-09,9.646347381041323e-10,-2.749288703497521e-07,-4.5520877320193176e-08,4.5686278343399794e-07,1.0695970220799515e-06,-8.724737361974681e-11,-1.1093917035336946e-11,2.1049646648705678e-12,-1.1517365040744384e-11,-6.243293600131913e-12,-1.4985844947455742e-09,-7.285266847378826e-08,-2.651176524020796e-06,6.349299751688964e-08,6.213762504855773e-07,2.278957636823024e-06,1.018384104155278e-06,-7.587064947239208e-11,5.916766891590478e-12,1.843260891285847e-12,-6.825124138739899e-12,-4.9896207892929826e-12,-3.405417408745352e-09,-7.931951702734289e-08,-2.2005096993534004e-06,1.2143110807885045e-07,1.992391591092607e-08,4.587651011490796e-07,7.14639552949575e-07,-1.772094633230267e-07,-3.8024530777437885e-10,-2.761382642858166e-11,4.782468852748492e-12,-2.938517471579928e-12,2.0750814502126207e-11,1.637833215233079e-09,5.214493276082733e-08,6.702789971838632e-07,-6.043924889584865e-08,8.194345977981446e-09,-5.958281202951521e-07,-6.358039966232162e-07,2.541613647876928e-05,4.5,10,2.605120066852057,994.9974612426676,0.22,-1,False,ecliptic_BarycentricTrue_J2000,ecliptic_BarycentricTrue_J2000
470322.69014097855,10,0.98,11.503419852135629,0.0807235814042,-0.0634670871703217,5.312728127695766,1.784431487937926,0.030783633861586095,1.470892460713984,4.915847267499804,2.3621561828241613,2.553083427180844,3.920824060101335,0.0054882252361174,-6.980483364553205e-07,1.1554152244325336e-07,1.0052042009694069e-07,4.1824134917876445e-10,1.1730764875857521e-09,-6.508077228197627e-09,-3.3096214043760355e-10,1.3629880589904808e-12,1.0913943553206367e-09,-1.4479042669588468e-07,5.3534846594108956e-11,-5.555900218962078e-12,3.798213556149652e-12,3.465386486465552e-11,-5.056615165094071e-08,2.092156773589638e-11,4.449181292815246e-12,-3.572234325639665e-13,4.313381506038135e-12,1.6875270223026816e-11,-0.0006484729810632,-3.148183563919496e-07,2.6298118576981032e-08,8.556886692760567e-09,2.3336910958691527e-08,-8.516408467708298e-09,0.0065763381197806,0.0015724434593512,6.184914062047153e-07,-4.7146365336028927e-08,-2.1001131616851694e-08,-7.46156553221956e-08,1.2820781949331168e-08,-0.0005178996370488,0.0011532319287566,0.0002796186362708,-1.5192155769432639e-09,2.4213535618415487e-09,-3.906030264559796e-09,-2.5339380969982623e-08,-3.6756709509459152e-09,-4.255324765701837e-05,0.0001239729946935,3.754583627342627e-05,-0.0001085660061177,-4.4734349411089327e-08,1.404617429062161e-09,1.544583150620848e-09,5.581025380842923e-09,-9.049990989410255e-10,1.886855885411332e-05,-8.21082866884943e-05,-8.69554962829274e-06,0.0002638525088131,0.000469878799939,6.164242059428769e-08,-2.893989592491826e-08,-6.1454032817123834e-09,-3.1567868310538365e-08,-2.789463462027873e-09,-0.0001766139061046,0.0002558973014813,5.07893963037003e-05,0.0001203127059581,0.0018231026589444,-0.0005085106506552,-1.3442469481473255e-06,7.972487265419694e-08,4.2156566339930944e-08,1.3674569956104166e-07,-3.62977344361466e-08,0.0005227162540679,-0.0011651111572251,-0.0001268877996582,6.733364194463947e-05,-0.0003148225204641,0.0038123625961811,0.0012889010490652,-7.191959480182303e-07,7.99966417898057e-08,1.9254471104500807e-08,4.688175331738947e-08,-1.972187826914808e-08,-3.445870963087487e-05,7.888266279431311e-05,1.537951829149225e-05,-4.29899371306429e-06,3.3433632130875696e-05,0.0007996080963508,0.0008370987691807,-0.0006006856614718,-1.6454088263440744e-07,4.844816744746853e-09,7.250479208605986e-09,2.8812979728711955e-08,5.302741055777852e-08,-0.0001217374466001,0.0001764849745868,-6.093935874749723e-05,-1.0870471581757488e-05,-4.033016069592589e-05,-0.000834703214348,-0.0006788027980339,0.0469559601558778,4.5,10,0.7835419781920654,31.874868689032613,0.239,-1,False,ecliptic_BarycentricTrue_J2000,ecliptic_BarycentricTrue_J2000
798940.2878451047,10,0.981,10.106106055403918,0.1930078817297775,0.1111136569907373,0.6717584568775788,2.2041594202165316,3.5867671216539923,2.0625060584887187,3.2881396685925,1.606387468469724,5.926329528215733,2.537355363959471,0.0128896910415501,-6.094398329022096e-06,1.899586140348409e-07,8.472365287414117e-08,3.142719624700856e-13,1.8588976272251702e-09,8.541575511061104e-08,-1.7209103010800542e-10,1.95613604702077e-12,1.8072915739988327e-09,4.699539303853115e-08,-3.9749017112680346e-11,-3.716362235075872e-12,5.385744068839368e-13,2.0024417497772238e-11,6.305211857092128e-08,1.189850684807206e-11,-1.99860550476898e-12,4.155777676122883e-13,-1.7348577594651217e-12,1.9817294857550194e-11,0.0002663825856273,-1.397302978879377e-07,7.364314993398695e-09,2.8212289207996962e-09,-2.0835341452680598e-09,8.394999619740291e-10,0.0242493794667103,-0.0011536574032196,6.518594790407924e-07,-2.5463730464631263e-08,-8.63185526421958e-09,-2.159737544892562e-08,-8.853048348390068e-09,-6.617564133103092e-05,0.0003504483969951,-0.0001434077789936,8.147940415158293e-08,1.6501990121205382e-09,2.4756887536106486e-10,-1.423918436810411e-09,-2.074051634462264e-09,1.52947077789855e-05,2.223814034923564e-05,3.71307835620312e-05,-0.0011206805270212,6.360071252138029e-07,-2.9618686629594777e-08,-8.448434933244497e-09,-2.503358272463708e-08,-9.034805587855498e-09,0.003240004046894,0.0003537792943879,2.4403437446007443e-05,0.0021768052407113,-0.0001253329001898,7.158363176534583e-08,1.8808682318592654e-08,-1.5005336350735588e-10,-1.9684779552360644e-09,-1.7166616099971072e-09,0.0009690103802903,2.603667324274861e-05,2.6127876598655825e-05,0.0003763129732945,0.0008640134739613,0.0043750656804832,-2.337033269834509e-06,-8.624616279664029e-08,3.372801942557071e-08,1.647913892121715e-09,1.7958056956259244e-08,0.0005476479209734,-5.676075317539411e-05,-1.733696272608643e-05,0.0003044344118114,-0.0002154269685193,0.0036161252776401,0.0045996491362841,-2.388559253725024e-06,2.1599977315122803e-08,3.5364278482646806e-08,7.195788393587433e-09,1.6948033352329262e-08,6.219719800150891e-05,-0.0001278257583784,-2.747379621465072e-06,-0.0001084723822445,-5.804805583664728e-06,0.0022376337017909,0.002510496510027,-0.0019181202775103,-4.792210518289526e-07,-9.44187749557339e-08,6.700743232735463e-09,-1.4927343469280127e-08,1.2180308924937508e-08,-5.6052577361596525e-05,0.0001685365535233,-2.077265222049223e-05,0.0001646124785912,-1.0606453878910924e-05,-0.0013713093346132,-0.0014898118527973,0.0111057844596655,4.5,10,1.3917420179904811,24.760595599684027,0.234,-1,False,ecliptic_BarycentricTrue_J2000,ecliptic_BarycentricTrue_J2000
610353.8236919197,10,0.98,13.740736269933668,0.1849217298113256,0.3586033038444225,0.6525983761093574,1.651908265881404,1.8169980588835786,2.0502128921270883,5.350712653242943,3.224699432422869,4.758582676155237,4.09531424307664,0.0020973369842166,1.8409898251383386e-08,1.8329647667135602e-07,-1.201498046719758e-08,2.325430062071065e-11,1.839960726318803e-09,-3.746524879220392e-10,3.605054935487268e-11,1.0735432255512964e-13,1.828362639165057e-09,-1.335347395641532e-09,-5.201430230787874e-12,4.596443858373721e-13,4.380021480300617e-14,1.830371838868952e-11,-3.711386549497672e-09,8.91028251748593e-13,-8.08786179957336e-13,1.1337171865281924e-14,8.244915377708762e-13,1.8414378285125268e-11,-3.577346519427242e-05,-1.5574855383988443e-08,3.124839395007907e-09,4.695961255366762e-11,3.102566053860945e-09,1.0192478288664547e-09,0.0251655137114923,-6.676797779089509e-05,-1.1192220031203997e-08,1.1818370118731634e-09,1.6114166000954735e-10,-1.1015323802661814e-10,1.8995253188078028e-10,1.6211190040216915e-05,2.441297432820176e-05,0.0006581246018964,8.453048439575964e-09,-1.3459579044382466e-08,-1.2942809135210303e-09,-2.113637705311985e-09,-5.6286073606474085e-09,-5.721608872372592e-05,-9.396358190882274e-05,0.0027920237369239,-9.413806763882118e-05,-1.413225196723565e-10,-9.089021486284263e-10,4.0962098695517146e-11,-3.3837048603588156e-09,-5.463420965930759e-10,-0.0017591922239177,2.1928536792573262e-05,-0.0002399111539051,0.0020324471704763,3.83270419145595e-05,5.778694766638354e-09,3.128278513861033e-11,-8.728585367176719e-11,3.6715362856319137e-10,-2.530149665920954e-10,0.0001833753944529,-1.1887488120408994e-05,5.465082103846995e-05,-0.0001653140775842,0.0007157388676147,-3.612284306349158e-05,-3.891378611685807e-08,8.074563950813182e-09,5.939698594680646e-10,3.219618348112741e-10,9.367416130754903e-10,0.0001873440816117,3.652447295573617e-05,-8.564399619408402e-05,-7.909834408413496e-05,0.0008427073906168,0.0027010328430909,-9.477537339704238e-05,-4.549131904328986e-08,4.5945707565857585e-09,5.782779113587114e-10,-2.0383902309377635e-09,5.367763312057494e-10,5.319351141797725e-05,5.931658604730666e-05,-5.689899393651628e-07,2.431096736889241e-05,-1.9445977609033745e-05,9.921706736884153e-05,0.0007979024789997,0.0005924984513874,-3.501626687317609e-07,5.2817304263762864e-08,4.7640214236838484e-09,3.789540486856365e-09,1.8497299075486213e-08,-5.794803144625571e-05,-8.517981476288505e-05,1.2984585594321731e-05,-5.53873446478153e-05,4.6887922270145765e-05,-0.0008883281580106,-0.0009751917286723,0.0154708491050987,4.5,10,3.813526473627837,24.614149642546323,0.216,-1,False,ecliptic_BarycentricTrue_J2000,ecliptic_BarycentricTrue_J2000
275547.34063809627,10,0.982,15.75358435231258,0.1986599263748764,0.2752890333305862,1.2859106875216038,1.4303231584094098,0.7729258459989825,1.928176978139787,2.853779621205298,0.818122860200083,0.3707507426774957,0.3235968689883209,1.227171839287029e-06,-3.068324907162825e-11,9.9043971404428e-11,-1.378138269500419e-11,2.458437703889732e-13,1.002174176099647e-12,2.2733547587576537e-12,1.5084885446024861e-13,1.1726646152921053e-15,9.712164684090273e-13,5.316360606450709e-12,-6.850198173706647e-14,-3.5118901406111912e-15,1.581963705850457e-15,9.859018195961258e-15,-2.4746060751284738e-12,-1.0729731090198445e-15,-3.531490504890837e-15,1.780870022416164e-16,8.792535450462437e-16,1.0737088440013812e-14,4.952029003671425e-10,-1.0482065110955142e-12,-1.0618253974500193e-13,3.2445259592726507e-15,2.6120516094237146e-15,-6.9093810870046005e-15,4.728280811270516e-09,5.3512350999416486e-08,3.475621048831133e-11,1.0759126246904433e-12,6.171121846550474e-15,-1.9454160965227498e-13,-4.3626279923701474e-12,-4.41858147475364e-11,9.484565465360936e-08,-9.036340347265332e-09,-1.7353096910140967e-11,1.1398935125103845e-12,2.058073972678423e-13,-4.985721345995626e-15,8.690248065675497e-14,1.886248302786868e-11,-6.991873836942863e-09,3.954586532775529e-09,4.034529284318045e-08,1.233682295401347e-11,6.467516848784443e-12,1.4236987230865664e-14,-8.30694264755946e-14,-3.075031028861751e-12,1.4013305973291472e-08,6.417639372791973e-08,-3.860311301427179e-09,5.635569602502387e-07,-4.750282105787936e-08,-7.2316686540062175e-12,1.0599114014373157e-11,2.4288827367215186e-13,-4.6337894915840925e-14,1.621811217460291e-12,-2.3701984683393e-08,-3.227505548707319e-08,5.8513294323489754e-09,-3.695689233839793e-07,9.82115910191498e-07,1.748606532981273e-07,-1.8571460039694543e-10,1.1359662916449943e-11,2.711067950842807e-12,1.1169093775796897e-12,7.693875888812579e-14,-7.455181195091128e-09,5.50756276297746e-08,1.332272540202294e-09,-3.157366085941689e-07,1.158654490565738e-07,1.1014947361503514e-06,2.0793890246543334e-07,-1.6329788164210568e-10,3.043512666716336e-11,2.6438687736959508e-12,9.830797800804785e-13,-3.303067167467607e-12,7.210983657775693e-11,1.1877310528679737e-07,-1.5216758312938603e-09,7.467504497496401e-08,-4.3292394347623785e-08,1.51400727496112e-07,4.8841942133184e-07,3.370002382490294e-08,-3.6253891975842327e-10,-7.638578201257749e-11,3.8212814809803746e-12,2.6716357740467318e-12,1.5941069526833764e-11,-7.868742595305922e-11,-5.8418374350944055e-08,-7.939453365919512e-09,-4.0113166060565896e-08,1.226456725680884e-08,-4.1657033549999204e-07,-4.6067461305337654e-07,8.626892379524534e-06,4.5,10,1.344793272459492,1068.0998922314843,0.248,-1,False,ecliptic_BarycentricTrue_J2000,ecliptic_BarycentricTrue_J2000
263419.9286353319,10,0.982,15.702948462966836,0.1272053858146438,0.0539275307490578,3.153827009631417,1.1713487550448554,4.175565525127344,1.3932045481001802,5.086921424697081,2.6909448777549256,4.561922415609029,3.3450655481628537,0.0024815580792649,-2.0469033132677499e-07,1.2270334119534674e-07,2.9195255281850964e-08,5.190138343692823e-10,1.2735096363110174e-09,5.52646204918328e-10,7.332820692876913e-10,4.823764727152392e-12,1.167656490557086e-09,-7.53114229201537e-09,1.6880761418611154e-10,2.200165773893366e-12,1.1117992977328205e-12,1.2142821568403108e-11,1.871439216817125e-08,2.8299509535178408e-11,9.776159509261168e-12,4.802694117726518e-13,2.2532332937826908e-12,1.6636525792876254e-11,-1.1010468079266515e-05,8.405257207616746e-09,1.2250900257543946e-08,1.2168778906031036e-10,3.3294002121552663e-10,3.5723069428367385e-11,0.0049065317524594,-9.82666563775818e-05,1.4881876851752296e-08,-4.6723728849739715e-09,3.065799311875071e-10,-2.626801806558685e-10,-5.343981361804367e-09,-2.2540592534331308e-06,2.382504992387476e-05,0.0001252417709094,1.2137160300162162e-08,3.3253342781123583e-09,-2.5401927485727686e-10,7.921866387349913e-10,5.945031797516342e-09,-2.841675347540691e-06,-1.199231278181711e-05,1.84433631136057e-05,8.08669960262578e-05,2.4278162374336976e-08,1.6894802443156266e-08,1.682742144183582e-11,1.0544959857222811e-09,3.5738056651075357e-09,0.0004164048998932,-8.15613693817034e-06,1.062704271660022e-05,0.0006420136513016,9.41353555778443e-05,2.9949742549398855e-08,2.29980333833418e-08,-9.728438823314971e-12,1.3947178487066176e-09,5.448893232639435e-09,0.000737912498817,-6.228505268808809e-06,1.3468084097678144e-05,0.0006275432820926,0.0014174288624648,0.0006106638651552,-3.167993600273111e-07,-4.32727735227367e-08,2.977565216372621e-09,5.2490119308012654e-09,3.912174663479993e-08,-0.0001535673656811,-3.189061562388036e-05,6.323703339674978e-05,9.304584490689774e-05,-0.0003278414187961,0.002292422041997,0.0005420822573847,-2.8552303819250845e-07,7.132925958662736e-08,3.6259888260704956e-09,3.534460758370962e-09,3.499117576745099e-08,-1.275798290640608e-05,-1.1182598872391448e-05,5.52290966870704e-05,2.904969611344448e-05,4.982389959581492e-05,0.0004809622684142,0.0005392743281406,-0.0002448697592305,-4.472086684951282e-07,-1.3033007477090986e-07,4.011723728552752e-09,-1.1981590354797638e-09,-2.7851898884865506e-08,1.0138243608344988e-05,3.972432170966661e-05,-6.665120992705206e-05,-3.478224218114829e-05,-5.384028615474004e-05,-0.0006704708668171,-0.0006550318667826,0.0212596374403358,4.5,10,1.1055686651942165,30.85059009204141,0.254,-1,False,ecliptic_BarycentricTrue_J2000,ecliptic_BarycentricTrue_J2000
585671.813991492,10,0.98,13.650343239201211,0.1732578344612547,0.0288226607199566,1.4317120978134075,1.5873728649353538,6.035637997307293,1.6741717579869495,1.8912185300192823,0.3699159587573172,1.695849537088246,5.707153516694768,0.0010637426650902,-1.813684408189722e-09,8.663181423865597e-08,2.3175964029455005e-08,3.2661489149837144e-11,8.773764496844803e-10,4.94526477811452e-10,-5.553345138592714e-11,5.37887466333128e-14,8.610745309056962e-10,-6.741687836882629e-09,-3.743464342604422e-12,-1.7798234878313945e-12,2.4053609271061363e-14,8.717960216712947e-12,4.116094057439762e-09,2.9455782053790075e-12,9.13089946989199e-14,1.1749805433999391e-14,5.500979685067614e-13,8.769488330817996e-12,-6.21258541157809e-05,2.6776271867424946e-08,7.701366424856351e-10,-3.7292303976269805e-10,9.88197864925739e-10,8.466985816054046e-10,0.0070112999003478,0.0001342641149053,-6.629326270256897e-08,-4.73959610573305e-10,4.6095670126763016e-10,-4.158492871565443e-09,-2.066934203322424e-09,-0.0002727989619727,0.0007462397040381,-4.081292271111784e-05,-3.2648298066761442e-09,-3.9839999358155856e-10,-7.507913779041334e-11,-3.3849064226102205e-10,1.9612091385364144e-10,8.225021971462164e-06,-1.0818501372274503e-05,1.2382327001909413e-05,1.2784892786476432e-05,-9.520671323616758e-09,1.648151235643344e-10,5.200101449723521e-11,-7.37449203657349e-10,-2.531706997905288e-10,-1.5956902242569455e-05,0.0001023725693223,-4.311979801673957e-07,0.0002117860702899,-2.152541094166037e-05,-6.603664802356594e-09,2.6265066980051523e-09,1.495927925138192e-11,-3.0636359099840802e-09,2.399192136126162e-10,0.0002392635674368,6.670748453012031e-05,1.0598903154520905e-05,9.56030317219773e-05,0.0014634467237038,0.0002002206926396,-1.1943922700933334e-07,-4.812478972915901e-08,7.666645461656183e-10,-6.614825683603687e-09,-4.280550560725649e-09,-0.0002897327177321,0.0008638433143495,-1.6964876932520346e-06,0.0001634304299522,0.0002060600566882,0.0024403482250367,1.2571496612064983e-05,-4.6284421687708576e-08,-1.3588605741199168e-08,2.2827534037428318e-10,-1.6294313494864934e-09,-1.4557861270759022e-09,-3.733147074722076e-05,0.0001132310738379,1.0361499330408963e-05,1.6625606028348372e-05,2.083199093563292e-05,0.0003260469571646,0.0002437825589374,0.0003873465717973,-3.947797752846657e-07,9.12885286614611e-08,3.3452261925299317e-09,2.022694429770069e-09,2.141141844973336e-08,2.3518473490164426e-05,-9.672852297935664e-05,-3.406869342952914e-05,-1.781596013699287e-05,-4.064755192552197e-05,-0.0004755140757124,-0.0004047832067579,0.0074180499434166,4.5,10,2.8998096838769536,35.866096304740985,0.218,-1,False,ecliptic_BarycentricTrue_J2000,ecliptic_BarycentricTrue_J2000
902586.1439171945,10,0.98,10.292179745837055,0.1075090378460162,0.2442929969102376,1.7000699707612492,0.7993611804908093,5.972198167285641,1.8438049297567525,4.192529404820457,5.382916973428443,2.409026100746865,0.3854885316423528,0.0141456584034323,2.262227487242173e-07,1.67378176373993e-07,2.253811243912381e-09,5.310561739728014e-12,1.6742225298362351e-09,8.114943155132068e-09,1.4118656677525314e-10,4.086630722635013e-12,1.6658641666630461e-09,3.731234448190645e-07,1.9425205808277105e-11,-3.1018472881645215e-12,2.015942940216524e-13,3.095306679822093e-11,-1.1405850683397885e-08,4.492446747627394e-12,1.5250754265860073e-12,2.3444849960738923e-14,2.545083580309969e-12,1.719802960600428e-11,0.0001143034934843,1.7800608224383818e-08,4.205302609998531e-09,1.0444481441635682e-10,-9.903928142270316e-09,-2.3393076545603207e-09,0.0222798603485379,-0.000792977976573,-1.7646595865511036e-08,-3.871014082465548e-09,-4.1351560552589636e-10,-8.070125367010738e-09,3.918075280582122e-09,-4.45577534157766e-05,9.157411408644448e-05,-0.0021172819289366,-4.6838535751682906e-08,5.727383193155008e-09,-9.247527373995487e-10,-8.440133120878634e-08,-2.2372152678440717e-09,7.659476173139055e-05,6.657138224538755e-05,0.0005860973081611,-0.0010411892925537,-3.746520121414317e-08,-3.209414920660514e-09,-4.012812662815752e-10,-2.0150078928992213e-08,2.766625183018208e-09,-0.0025869802089676,9.290682448160198e-05,0.0001410832658816,0.0020046725370984,-0.0004667494038541,-9.387225365729206e-09,1.6715754767667611e-09,-1.7699398871664238e-10,-1.6741259921990636e-08,3.0901994426533437e-10,-0.0003186089861744,1.5234237394625366e-05,0.0001199626689314,0.0002048696127033,0.0006043401318005,0.0038259445883694,2.13254103783721e-08,-1.5235464906433075e-09,3.155858009585861e-09,1.208012913826102e-07,1.402672721348455e-09,-0.0001156888275449,-0.0001329617126126,-0.0007558592160847,-0.0002706497264866,0.0004590078661444,0.003185641592898,0.0054727530528786,5.5925819053201364e-08,-6.2040336954842304e-09,3.677426721682103e-09,1.811162559274896e-07,9.657823437323223e-10,-7.995530568300437e-05,-0.0001953142124568,-0.0010876051871689,-0.0003391033533783,-0.0002265270645331,0.0018053022551003,0.0029937756844765,-0.0024447961703902,-4.156397408023169e-07,-6.00964376687462e-08,8.901253443198817e-09,-5.346968200617901e-08,3.800635038725956e-08,3.799013246014401e-05,0.0001298812521931,0.0005724706915911,0.0001972958962255,0.0001231780489902,-0.0014407372458652,-0.0018362195375235,0.0399130775677153,4.5,10,2.1615019836384635,25.788043041640705,0.217,-1,False,ecliptic_BarycentricTrue_J2000,ecliptic_BarycentricTrue_J2000
492263.71712818334,10,0.98,13.8025309092344,0.1977546424148085,-0.4678212650984157,3.1321840418238964,2.8645483522734296,0.20640403150454373,0.9000055525762869,1.4775532063939345,6.077416471323964,0.8661205504870327,5.413113593735393,3.896954764092156e-05,-6.732397799443635e-09,1.4938419267728022e-09,-4.667992941870095e-10,1.6134079304187502e-12,1.456667949818155e-11,2.4571576171448804e-10,-1.5073605547689954e-11,-2.5666403659417423e-14,1.4738426352398187e-11,1.1878351145167638e-10,-8.055330623890215e-14,-1.2632047750373948e-13,5.956140320689665e-15,1.49390538360294e-13,5.4693922765182756e-11,-1.0982038388558201e-13,1.8086794232729621e-13,2.0210423404797885e-15,1.6784910531997418e-14,1.7810839578008077e-13,1.029486625389785e-07,-3.83302368742224e-11,-4.1158393227648594e-12,9.853454657558266e-13,6.979908029073097e-13,6.580547141336885e-13,9.393850999736838e-07,8.510115316165723e-06,-2.460801640948052e-09,-1.6116205939270466e-11,8.910149277544229e-11,1.0326012723563686e-11,7.627905449045917e-11,3.4430297112151864e-08,3.1356724072668563e-06,-5.686462658705321e-07,1.81789461657495e-10,2.0914484331932547e-10,3.5047929364834872e-12,-2.418658179053836e-11,1.2136257902658627e-11,-5.028899719734559e-09,1.8028180049871358e-09,4.597707515059154e-07,1.454425904430875e-06,-3.399435574900181e-10,3.286609303297186e-11,1.6569941050420108e-11,1.9038418491950058e-12,1.5448239333952682e-11,5.860768001273829e-08,5.859710369631272e-07,2.0199723994918605e-07,5.338456336520086e-06,6.329241323110237e-06,-1.568575601186615e-09,6.586079538455441e-11,6.781494567352904e-11,9.528931517582345e-12,6.005561768899718e-11,1.781313883700303e-07,2.3890011681906577e-06,4.7683185616394e-07,5.990702967616493e-06,2.386055396625351e-05,-6.238168177471667e-07,-9.653187568414832e-10,3.1013971527330887e-09,2.9242076692587674e-11,-7.782163131124581e-11,2.287286852407048e-11,-9.53742996948435e-08,5.655357675550664e-07,3.6063358530988404e-07,-2.0323673504268874e-06,-1.3196457973302524e-05,5.281418313708676e-05,1.0791139966486498e-05,-4.0048616629339e-09,9.79815579743885e-10,1.5029772079828876e-10,-2.9797159788338516e-11,1.25462903246653e-10,4.527042588751721e-08,4.525719578405712e-06,3.566489372756793e-07,9.760560085856762e-07,3.7571657396351e-06,1.3473426858216511e-05,1.2429776121971193e-05,8.839078312742707e-06,-5.705947392140981e-09,-1.6671515641626083e-09,1.7657804474027134e-10,1.2811300320419066e-10,3.4750434154212604e-10,1.0709461923524636e-08,8.999609008999055e-07,-1.9047680439266773e-08,1.859057471719999e-07,7.146583743577526e-07,-6.696060550635584e-06,-5.280691199177217e-06,0.0001013788018581,4.5,10,1.612838456273436,275.550638566041,0.216,-1,False,ecliptic_BarycentricTrue_J2000,ecliptic_BarycentricTrue_J2000
415535.5672213701,10,0.98,15.298487650947733,0.1719527233058758,0.5199807533274685,2.245501832052466,2.969580713643368,0.5677221587147508,2.6098258990942647,0.2853399244477713,5.798047553020818,5.475660654510765,3.1522346316886494,0.0006890009992846,-9.487794484569296e-09,6.044968381476813e-08,-1.1898057314297586e-09,4.8003203634368027e-11,6.013464277541501e-10,1.6087393035903368e-10,1.8266266407780606e-10,-3.5584325170104414e-12,6.00395416099612e-10,1.7665482861373295e-09,-7.807226238918436e-12,-1.8690626766414745e-12,1.369283080460438e-13,6.012698630909884e-12,-1.3660675133604836e-09,1.3621781855276316e-12,-8.793794635562256e-13,2.5566743991660145e-14,1.5525290038764544e-13,6.092404222520302e-12,3.2231991111434787e-06,-7.864584580123782e-09,1.9675179207246507e-10,3.318034130610557e-12,-8.025614061695473e-11,-1.4820237923079086e-10,0.0026479776825599,-6.514190310371546e-06,-1.7238738624823782e-08,1.0847737803655626e-09,1.3866359258260183e-10,-5.523478048327527e-10,-9.834375553485123e-10,5.671376463433983e-06,3.101294945744418e-05,1.467195254350303e-05,-5.694635602524042e-09,3.3547501510617767e-10,9.580696486496576e-12,-8.504648658448726e-12,-1.6133312980359556e-10,2.2259732099737792e-06,5.598143592139762e-06,5.169670331984456e-06,-1.869098712943833e-05,-1.4212888797949152e-08,3.0866575437535553e-10,2.470287808383117e-10,-1.270902029068579e-09,-3.6654963782575916e-10,2.6868983779458915e-05,3.361048957761777e-05,4.284138303419012e-06,0.0005940196386386,-2.7700668193159267e-06,-9.785566767760528e-09,3.978141744856409e-10,7.611933150112699e-11,-5.708202041414307e-10,-1.737751472873946e-11,4.622265722706337e-06,1.3405591770917922e-05,3.189418512125112e-06,0.0002197693826637,0.0006603700917642,6.0605140276873295e-05,-4.866491723260553e-08,2.85141083217781e-09,6.273117882458662e-10,-4.4968430123905986e-10,4.409926466499425e-09,1.27701960794924e-05,4.161904879466284e-05,1.4166268724761222e-05,0.0002362402910359,0.0004957553195979,0.0010227185387929,9.27530135240812e-05,-4.6663078263237575e-08,5.0771443002342876e-09,4.178192570050424e-10,-4.89381879739189e-10,4.134881459658774e-09,9.837078729977625e-06,3.8676794151446095e-05,1.579279979846645e-05,4.39670439170766e-05,2.2481982601269173e-05,-2.775575855336194e-06,0.000338170002585,-8.072169869474669e-05,-1.3094433031993238e-07,9.312455421664556e-09,1.587129524120185e-09,6.295546535340844e-10,1.772247058419216e-09,-8.207831958637837e-06,-1.8986593748311165e-05,-1.947061131825113e-05,-2.0076635723792143e-05,-1.0068619396819036e-05,-0.0002964468368404,-0.0003085153295149,0.0065408110437234,4.5,10,2.935897747951397,42.97459085965384,0.237,-1,False,ecliptic_BarycentricTrue_J2000,ecliptic_BarycentricTrue_J2000
468713.3592273164,10,0.982,13.659109738797431,0.128436676298063,0.2964863203674981,2.6765057264194896,1.4382797025178236,0.9832167640851026,1.4150159674058806,3.516205497920846,2.45561830445261,1.4413299744840224,5.443597015368565,0.0007100383882564,-7.972127292707397e-08,6.76114854036154e-08,-3.8903475426517075e-09,-2.483292656007701e-11,6.91531848180397e-10,1.6822983378052821e-09,-1.3559995918331104e-10,6.525498812427024e-14,6.565666138143099e-10,-1.794710846303903e-09,1.818034392964319e-11,3.190529360638671e-12,-2.1016746294103562e-14,6.73120941740781e-12,-3.540383578442365e-09,7.771138372287587e-12,8.070142956352579e-13,2.089506215148387e-14,8.051180616515519e-13,7.557847829185991e-12,-1.4533123173014482e-06,5.231495566619601e-10,6.15847573820006e-10,-4.248439417453411e-11,1.2931101485287074e-10,2.0387236554159744e-10,0.0022816508317827,-9.696758653206034e-06,-5.959820546704235e-09,3.6980707089823477e-10,5.335704184235669e-11,-9.479250787847283e-12,7.638293026924931e-10,2.069200438651673e-06,1.5694742329203453e-05,-7.961177664336018e-06,2.5398819263595452e-08,1.257174751598834e-09,7.404397883194626e-12,3.16242254595313e-10,-1.7632106920485539e-09,-6.129162501783668e-07,-7.408374808090477e-07,1.178466648819224e-05,-1.2208323259573768e-05,1.308623452853748e-09,-4.8371232079092365e-09,1.9552395738502847e-11,1.338590116763386e-10,2.9612514819609165e-10,0.0002431852878852,1.474763788294632e-05,1.6234471547347288e-06,0.00032494372483,-5.424160478221884e-06,2.192709597300833e-08,7.060812755554784e-09,-1.841900202175573e-11,3.3200713822617875e-10,-1.412740557388322e-09,0.0002663277486845,-1.6417968032389815e-06,9.832177693524876e-06,6.755549642632989e-05,0.0003443428195023,0.0001061889616348,-1.8918597597263374e-07,-1.586088936527137e-08,2.499809386719221e-09,-1.195458990934305e-09,9.308978615796728e-09,-3.764835549763032e-05,4.467364220754832e-05,-2.4946957661506944e-05,0.0001299941654777,-0.0001778354593448,0.0005537753733986,0.0001072839998531,-1.6686874415766325e-07,3.0175635012513116e-09,2.228714448433317e-09,-2.536459451633322e-09,5.81652436073843e-09,4.908760518842878e-06,3.795369898637856e-05,-1.9089399908414766e-05,4.616744695363116e-05,-3.281476533818311e-05,0.0002229470449348,0.0004344338260584,9.144993045510924e-05,-4.450085462962782e-07,-1.8556282978549885e-08,8.050525497445161e-09,5.336541809322171e-09,-1.0591142027522318e-08,-2.6494579635281063e-06,-3.3343857302790745e-05,2.167118710964809e-05,-2.511873310615645e-05,2.0439531836893087e-05,-0.0004006843894454,-0.0003659166692658,0.0134379629165813,4.5,10,2.1241142090675886,41.078827531600616,0.234,-1,False,ecliptic_BarycentricTrue_J2000,ecliptic_BarycentricTrue_J2000
440932.7132838346,10,0.98,13.791738711944816,0.1322532136732284,-0.4173330107179211,2.2688310087360097,2.6312671326640635,2.485547964049833,1.280266869622854,1.2677911962325457,0.0431455642445218,1.506422803174888,2.2767316368632,0.0063004870868333,9.678993135137389e-07,7.108077217828788e-08,1.9108503345618e-07,3.770322200036351e-12,6.865839352078774e-10,1.518650883987138e-08,-4.551629329488796e-11,8.995854340517127e-13,6.955336012007413e-10,2.33224705967484e-07,1.107706652115082e-10,1.3549726243812936e-11,4.1828348585989603e-13,1.740310577985712e-11,-4.7629950681918774e-09,-2.1621063794285444e-11,-1.2189486092166705e-12,5.714471804434215e-14,-1.714261381529267e-12,9.384667070110764e-12,9.84900011347798e-06,-1.455019031910043e-09,2.553912831597585e-09,-2.6707377899426085e-12,-4.392294432881772e-11,-8.781710112140204e-11,0.0020880268577624,0.0008870940418104,1.12293748985311e-07,2.6064764404228173e-08,2.449277334964012e-09,2.9929727992724976e-08,6.92850524144974e-10,3.3184856193871823e-06,0.0001726796158409,0.0002887425192815,-3.1210027444433335e-08,1.6161079036635723e-09,1.1115780836329402e-09,6.4434763163317074e-09,9.918323434199507e-10,-6.647216249820943e-07,3.6927652954178974e-05,3.194980710746303e-05,-0.0008372503279825,-8.162328582300715e-08,-3.298188528865373e-08,-2.4757675620599443e-09,-2.6632148443098245e-08,-7.19710104777535e-10,-0.0002678561160853,-0.0001603317968347,-3.779001002122993e-05,0.0007146649959506,0.0003298134540818,-5.024873940166289e-09,-4.5643675195598065e-09,9.620196592079531e-10,9.006338617658586e-09,5.159777372866347e-10,0.0001472959589949,5.019979999611167e-05,2.8102959694359083e-05,-0.000203992148279,0.0004236860640798,0.0017651700299849,1.6107821047975721e-07,1.2081943802039334e-07,5.4847546748428174e-09,6.904363152603511e-08,-5.7277962810248395e-09,-3.8533347019485615e-05,0.0003271850502134,7.668505761299943e-05,-0.0001787382225986,0.0001356899617466,0.0024634542522533,0.0020202080787315,1.823428296135851e-07,8.985677397282118e-08,6.394487622075572e-09,7.397268957299302e-08,-3.161111657641663e-09,9.848480692848549e-06,0.0003856449528783,8.160536670163115e-05,-0.0003756985175939,8.876851197242686e-05,0.0014178215464851,0.0012032972140584,0.0005291880230526,-2.3677036932083401e-07,-6.733347948869673e-09,3.8140771399622584e-09,1.7428594907920762e-08,1.7917832338633834e-08,-2.2921894523014178e-07,4.736353200591712e-05,1.939110575772374e-05,-4.417212233975732e-05,2.057539601791528e-05,-0.0002039875175464,-0.0001900980955432,0.0113558001920117,4.5,10,1.327940106488632,39.90018420555952,0.224,-1,False,ecliptic_BarycentricTrue_J2000,ecliptic_BarycentricTrue_J2000
991481.9367487574,10,0.98,10.470404326005529,0.1338081915602685,0.3236181625807168,0.37437549054860103,2.6470317657520583,4.76120609712366,2.218212575952027,1.5145729888463888,5.758185600440567,4.038483145945117,1.860310256383468,0.0003857240901624,-7.728871295079823e-10,1.6051931197490478e-08,-3.5698217356874057e-10,2.430228911143726e-12,1.6111273806230828e-10,4.529247743053821e-11,-2.987645099634456e-12,1.3695534399711705e-12,1.6044827433007823e-10,5.876590135273643e-10,2.1776520778156297e-13,-6.268037327822646e-14,2.3196372028368266e-17,1.6543280860013961e-12,1.0411475187744096e-10,9.930517628316881e-14,-1.1206317726626637e-13,-1.6561754310711197e-15,-3.9868974546592936e-14,1.6021209129862386e-12,-2.7350078446500263e-05,6.684198347923122e-10,1.5946367949331043e-10,3.4810187526779134e-11,-3.252913279962952e-11,-3.3417861667107934e-11,0.0002862897203219,0.0001346408502949,-2.0329840216680542e-09,-5.392871961966274e-10,4.4107783245593526e-11,4.669731896196955e-10,1.0865610195349022e-10,-2.0298005625923905e-05,9.576552415101456e-05,2.00140287536157e-05,7.844273983585973e-10,8.068022574296239e-11,-1.2673370340977985e-12,-1.7545395871237492e-10,6.335286369365789e-11,-9.926433487976104e-07,5.337027083957583e-06,4.236555756660675e-06,0.0001340910402599,-2.146625679356282e-09,-5.05961249054249e-10,6.11460870879168e-11,5.619232234803139e-10,8.264758135806454e-11,5.339457171769703e-05,9.507178470180408e-05,5.011143753121472e-06,0.0002421172448073,-1.9722557562135664e-06,6.295885987095422e-10,1.0342160402795411e-10,-3.173620591200885e-11,-4.4335679647156837e-10,7.33297509859837e-11,-1.0524234193837906e-05,-6.6203784259187895e-06,2.4708912968824924e-06,-2.1144251162326e-05,9.91912954991542e-05,8.739927196914421e-05,-2.4376981980871835e-09,-1.5119374533278896e-10,5.363184453387053e-11,-1.5755688400774262e-10,2.626456326256365e-10,-1.9591095543606388e-05,5.912361769321578e-05,4.252472831181106e-06,4.391394594929217e-05,-6.410026546470995e-06,0.0001300833705387,0.0001283038329332,-2.5385536026944432e-09,-3.4801911986415467e-10,4.5262766488402415e-11,-6.486743668966405e-10,3.4201569318847573e-10,-1.666957444900706e-05,7.941084753588583e-05,7.99609401512941e-06,7.828057743484125e-05,-6.720964456886855e-06,5.220935791810743e-05,0.0001322123442168,3.5166552704290947e-05,-1.9336117319993724e-08,5.0698254823350144e-09,2.5584428847895366e-10,3.350606974876225e-09,1.2976479054961502e-09,5.563078370806394e-06,-2.497532408251893e-05,-1.285404410695446e-06,-2.424606248135032e-05,1.0764078607586244e-06,-8.283743210621812e-05,-8.764729791054706e-05,0.0026890666706709,4.5,10,2.9990337515982843,83.08265043593336,0.215,-1,False,ecliptic_BarycentricTrue_J2000,ecliptic_BarycentricTrue_J2000
675219.7504422585,10,0.98,13.279380512512189,0.1037716611126646,-0.1315021515853034,3.730339224679949,1.5251725159086953,5.850004174723183,0.8629406934484628,5.237916258250006,5.432773308292193,0.9765756042857408,3.308688692182742,0.0020907372177504,-8.713907608803803e-08,1.3384341185813337e-07,-4.011231334073649e-08,4.0749156861762965e-11,1.3814225421526607e-09,2.38716524885826e-10,1.4725936852707348e-10,2.3778415751027264e-14,1.337995362210187e-09,2.4787233626517386e-08,4.110757286022761e-12,1.0758780670841207e-11,2.8319171789313652e-14,1.7480771574053816e-11,4.5766798548061815e-09,2.2203045334903886e-14,3.214594552172412e-12,-1.9416873479319075e-15,2.6190308420760666e-12,1.51054319471852e-11,-0.0001654634807349,1.4029562658605282e-08,-8.155370030230293e-09,-1.3211332762237688e-10,-7.921499873768421e-09,-3.8092400013646355e-10,0.013976677968016,0.0005718697897308,-5.4943159620911366e-08,-5.818029331747796e-09,2.343038098457976e-10,2.3670762221028173e-08,-2.9457425500733802e-09,-9.681923871367382e-05,0.0003525796804533,3.805694550041008e-06,-1.8909220881419603e-11,-1.1214872490587769e-08,-8.622424559825872e-11,-6.318082035417521e-09,-2.826363984045e-09,1.1371682395686024e-05,-3.286012340204412e-06,3.011148416283905e-05,-0.0004162119339281,4.2071385650846326e-08,1.3613078336103576e-08,-1.6515138319504686e-10,-1.5451613099328137e-08,3.472830665264677e-09,-0.0009274957948472,-0.0002623439865029,-8.000425251372901e-06,0.0014114244931538,0.0002849412352138,-2.9595258756953972e-08,-1.8208037072485263e-08,6.416688654305304e-11,7.963960030795266e-09,-3.7466586108602775e-09,0.0010963270939072,0.0001796782651838,1.7596768745175155e-05,-0.0011508269455109,0.0018442529848925,4.12449102638593e-05,-2.5962576978759084e-08,4.973847407842027e-08,1.8471961855440983e-10,5.618384860856541e-09,-1.4484535988160484e-08,-0.000735159044861,8.46313467849769e-05,4.237550343334555e-05,0.0007189354790261,-0.0008054028974545,0.0032446069130996,0.000399477995886,-7.706024792016274e-08,-1.6401401520549337e-08,3.5383834175591475e-10,3.851838336007023e-09,-1.5996915314199262e-08,-7.484160175382147e-05,0.0003229439790024,3.4880784716555514e-05,-0.0002545865933863,0.0001905142621694,0.0005959675997291,0.0006936524718955,0.0010123708524095,-2.700176490388016e-07,1.971620717835157e-07,3.4842568143990373e-09,4.802869307805757e-08,2.973588713563326e-08,-7.688169604208306e-05,0.0001982802311957,-6.259667875618873e-05,-0.000125417835243,5.731097972973415e-05,-0.0006323423592635,-0.0005873149659416,0.0303545775811857,4.5,10,3.0849073533854896,28.775569040627744,0.202,-1,False,ecliptic_BarycentricTrue_J2000,ecliptic_BarycentricTrue_J2000
393869.3406708015,10,0.98,15.20124095610574,0.1933234786832572,0.85477941968396,1.4247724699382602,2.7236151928206147,1.7485503749255538,0.984658618829616,3.380629566768134,0.6170154767921215,1.605082634736733,0.1936833193597084,0.0023368978905982,-1.0481535775244451e-08,2.0770230782568178e-07,-3.417205604618087e-08,6.409418664500841e-11,2.068210584492086e-09,1.3939697896066047e-09,9.46971690805623e-10,-1.2667631650126104e-11,2.062618483715809e-09,-5.887469619774735e-09,-1.1158647666189222e-11,2.700369466373191e-12,1.793822535049296e-13,2.0751143646903125e-11,-6.57961384268301e-09,2.335577554788728e-12,-2.741157588628532e-12,9.399221978256125e-14,-1.7397461035347432e-12,2.1448040709765488e-11,-2.0424819684878257e-05,8.810086484690207e-09,1.1097663841604548e-08,-2.1881517858534252e-10,2.635591793628029e-09,8.65555147558657e-10,0.0326040756628464,6.726525722411972e-05,-4.833463985201415e-08,7.105790189881855e-11,9.33075950408992e-10,1.092397781250412e-10,-1.0483582784111642e-10,3.848615133422722e-06,7.829893418669056e-05,8.491769326725582e-06,-2.162271484210184e-09,-1.039688371872594e-10,-1.5574566549915305e-10,1.44357802255534e-10,-9.897133262204768e-10,2.055164905254454e-06,-7.548781030474098e-06,1.6045749759187203e-05,-7.998895889426825e-05,4.366149968294837e-08,6.860808964471296e-09,-1.076354913458037e-09,9.405310629303519e-10,5.23008530575063e-10,0.003917057023308,-7.630962580674872e-05,4.258161939072964e-06,0.0019114547828754,2.669970065397504e-05,-1.0177103440491947e-08,3.230388166889729e-09,3.9833179121787785e-11,-6.29301018277104e-10,-1.598624459743264e-09,-0.0015063639094804,1.6157687981810628e-05,6.772627423821484e-06,-0.0002357425235847,0.0019838698157394,0.0001276473765597,-1.6701292809217417e-07,1.9366962743320723e-08,2.592425771148385e-09,-1.3027944127758095e-09,2.189497410588972e-08,0.0007989552624316,0.0001479714005994,5.759322680970295e-06,0.0001851841805535,-0.0001413879291617,0.0011674399428137,0.000192600080775,-1.48917901216076e-07,-2.183832101801048e-08,3.0282606456171246e-09,1.1899093156653423e-09,1.6241838385484326e-08,5.540101660132576e-05,0.0001622009625174,-9.430193512717706e-06,-5.563891286384131e-06,0.0005460644473859,-9.14636787236422e-05,0.0041875106341645,0.000218432931611,-3.479813185954159e-07,1.6652760199255909e-07,2.49591099036543e-09,-3.020941151457158e-10,1.8556897132203797e-09,-2.717631959987196e-05,-6.724724986506584e-05,-2.884604143654892e-05,6.634853344896941e-05,-2.3512182171428205e-05,-0.0010044868507281,-0.0009889497318662,0.0189876800618061,4.5,10,2.8023768072485087,23.198831636482137,0.305,-1,False,ecliptic_BarycentricTrue_J2000,ecliptic_BarycentricTrue_J2000
504125.2875509408,10,0.98,13.241489739888287,0.0968133250950881,-0.2104428495016634,2.870486511808042,1.2641921402558691,0.36042845064176565,1.781443516218584,4.3865269748745765,2.327752045997953,5.79401524791736,3.432236071986912,0.0065855662434033,-1.943874794063254e-06,1.2508716507959733e-07,-7.69329857167133e-08,-1.746487548732689e-10,1.296303617281414e-09,1.3052743942817844e-08,-7.869637551124719e-11,9.773533360183798e-13,1.241520660155935e-09,-1.0398151540580125e-07,9.185456489634374e-11,1.2383999759045587e-11,-1.8053225518394817e-13,1.6336477911207432e-11,2.167134411974273e-08,-6.637567018729123e-14,-7.05425869085524e-12,5.6404433406640286e-14,9.767862028226199e-13,1.682605766248139e-11,-4.6986611773478495e-05,7.782464063869884e-08,-1.4477462653978068e-08,-2.7344416013418034e-10,8.473601743832511e-09,1.301447306276259e-09,0.0035048958087683,0.0002248315344093,-2.8394118817746426e-07,4.0689039140492025e-08,9.115231663370767e-10,-3.0568982106092506e-08,-4.204462209352955e-09,-0.0002085628263919,0.0006932669959462,0.0004761387110718,-1.7578870352119e-07,-1.6039634509234483e-08,1.1900558786372203e-09,-7.735226252302399e-09,2.096607980515717e-09,-1.5485514227599794e-06,1.2837159811677854e-05,5.298767565804011e-05,0.0002186600196992,-2.8097395060412104e-07,4.047568339004098e-08,8.802538867790386e-10,-3.0479160507440295e-08,-4.25486634970409e-09,0.0002297502374514,0.0006916962005627,1.234161025506314e-05,0.0011755954376499,0.0004414776796481,-1.641758641181702e-07,-1.0794437853516803e-08,1.187427856797444e-09,-7.476208235358787e-09,1.851014382498973e-09,-7.44615299257687e-05,4.03102618315896e-06,4.951921301505234e-05,-1.338045604651143e-05,0.0004532689134169,0.001892122153323,-6.532234111019573e-07,-6.488587097590215e-08,4.8531310436271475e-09,-2.16926536206964e-08,-1.7278624019174792e-08,-6.047362359852371e-05,0.0001692640560497,0.0001529512656888,0.000140616418843,8.593655838606484e-05,0.0022386958354008,0.0022334797239668,-7.579443774855756e-07,-2.3819658375260985e-08,5.731473813064633e-09,-2.30082655295324e-08,-1.0836690215229768e-08,-5.4521793952989055e-05,0.000205449905151,0.0001814654470883,0.0002047708056065,0.0001772077948647,0.0014761934936512,0.0013031209978907,-0.0010558616615464,-1.8008002514797372e-08,-1.6141594021364192e-07,-2.0761664135387239e-10,-4.13422797174252e-08,6.522926824858412e-08,-1.0499003788825452e-05,2.541573472027133e-05,-0.0001082132291894,2.671040849833397e-05,-0.0001004618514131,-0.0009784478621478,-0.0010658337815691,0.032489350795449,4.5,10,1.6156436284477755,29.87131004838968,0.228,-1,False,ecliptic_BarycentricTrue_J2000,ecliptic_BarycentricTrue_J2000
498887.6248796069,10,0.98,10.485714005151127,0.0673368528953262,0.6255169918405652,3.201231286833221,0.42695492568651233,3.1641815587848674,0.934578643978672,4.285550986353362,5.053280023581663,1.3025489249110995,3.8399399656655535,0.0003851334983759,-5.6000874329259295e-09,2.3335161363636323e-09,1.4156693451498432e-09,-1.3274284103894657e-12,2.2782958238454398e-11,5.358465474127854e-10,-1.8138634435477397e-11,-4.5264647736414464e-14,2.2793209964480875e-11,9.553188879255334e-10,1.6539680575825352e-12,-5.990094392427081e-14,-1.5524881172174826e-14,5.4261613673696e-13,-8.99745098405386e-10,-2.8774680938463333e-13,1.7434521251716716e-14,4.405053084396374e-15,-1.5203593242932996e-13,2.8475132389467746e-13,1.922148933356066e-07,4.764224405614709e-11,-5.700113104708789e-14,-1.0324773402870232e-13,1.368760250746444e-11,-2.934686591125687e-12,2.265247039931289e-06,-2.309120474951241e-05,-1.4568528932934711e-09,7.232150310462136e-11,1.965407148158378e-11,1.3490440631825038e-11,8.375670114772928e-11,-8.978344986484663e-09,2.049915711584077e-06,8.26970558738359e-06,1.4556030048584968e-09,-4.530310729175216e-11,-1.02423243036723e-11,2.9490032495527236e-10,-8.057857075767611e-11,2.120334673840644e-08,-5.610171797404536e-07,5.766199091455997e-07,-6.405030184173173e-06,-7.557537382689975e-10,2.119144435239903e-11,4.110968180491254e-12,-1.3076082322600638e-10,3.7333121533983556e-11,-2.1335500656573962e-07,4.785642405640229e-07,-3.2075206530069853e-07,9.816197267586234e-06,2.2468437592773377e-05,2.1326155777708688e-09,-1.188980915359425e-11,-1.5394143262553694e-11,2.3030571757209324e-10,-1.1267514843939123e-10,6.009761011194988e-07,-1.828883322914412e-06,8.665008607141643e-07,-7.071811308292342e-06,2.710037093843751e-05,9.125914027850752e-05,-1.4015966236569336e-08,1.280717348422332e-09,4.223460209078356e-10,-2.86466236662386e-10,3.126890419535877e-11,-3.594649189006929e-07,-3.0827876600977905e-06,9.456860123327856e-07,-7.122513942112299e-07,-1.4956077918066078e-05,6.260646894181292e-05,0.000119196654931,-1.2996099582568052e-08,1.1548930121214315e-09,4.1186083369636254e-10,-6.930102067287999e-10,1.5726099770266516e-11,3.423812403755552e-08,-5.625019724600559e-06,1.5357028308739725e-06,-1.862538178899768e-06,5.371583225757588e-06,3.199459761463023e-05,5.6272975763832194e-05,1.096145004306459e-05,7.790840001911812e-09,-8.776627500684014e-10,7.222538823661281e-11,3.885003493953458e-09,-4.90530369365072e-10,1.327604862017107e-07,4.510320519407146e-07,3.0251026643428298e-06,-1.4025071579617512e-06,2.1369287895756266e-06,-8.619365921400528e-06,-1.2440489989922624e-05,0.0017020120462352,4.5,10,0.9085559001159615,221.1338187340414,0.273,-1,False,ecliptic_BarycentricTrue_J2000,ecliptic_BarycentricTrue_J2000
919392.3943961008,10,0.98,11.207937849262462,0.1913481128061494,0.3657350980076159,1.7559350043180266,1.724640079888351,6.265609474268973,1.3006967117541697,1.834972452206236,2.3572818680989207,0.4329367119082983,6.191140145322565,0.0014524783971608,9.835816744706398e-09,5.275083714045554e-08,2.8151477470906042e-09,4.505296353030575e-13,5.244944247622531e-10,1.6058276470457887e-09,-5.758404974256779e-12,-1.2006322249103002e-12,5.225541965429362e-10,-1.8313560681378147e-09,-1.484137214743247e-12,2.670271536218198e-13,9.45913185033778e-15,5.333803223064133e-12,-1.8449875730780811e-09,4.3844197374653963e-13,-4.393000034502474e-13,9.497716870454442e-15,-5.630672452441624e-13,5.350747573517583e-12,-9.108328083570028e-06,-1.0645322360611048e-09,-3.7114232724613936e-10,1.6842728104884648e-11,-1.7816326328132639e-10,6.605509102958797e-11,0.0018135595016828,-5.275396548191188e-05,-1.2338146972639735e-09,3.170949298881662e-10,-1.1388109364437052e-10,-2.6049279264310853e-10,1.4932634225849168e-10,-3.682407301795008e-06,1.4615808730153502e-05,-0.0001645636904102,-7.288025823498344e-09,-1.17392998384725e-09,-2.2324420376345488e-10,-2.099294942915897e-11,2.8030027726106976e-10,5.4531671663904325e-06,7.611840126084736e-06,4.453781573509662e-05,9.714369369607836e-05,2.541498733924949e-09,-1.554229971009553e-12,1.3020778818821362e-10,2.3557426460185824e-10,-2.3309522500644837e-10,0.0002164316868343,-1.236895064309528e-05,-2.088203290215229e-05,0.0004064208672308,-8.111269182478141e-05,-4.100149602595535e-09,-9.024674397853539e-10,-8.564533657420507e-11,9.278144166635775e-10,-1.1409219453231575e-10,-0.0001664024303731,2.093610498674652e-06,2.203263649918212e-05,-0.0001584870072032,0.0003427877206236,0.0002654158616878,1.207716141520584e-10,2.92961983540536e-09,4.01755673390808e-10,-8.74849876123908e-10,2.3109281757407857e-11,3.228671507911571e-05,1.6573878364940927e-05,-4.713886461434724e-05,-5.171869004732858e-05,-0.0002513725264137,0.0006657363650218,0.0003756963066778,2.1001974781199224e-10,1.5385425628628663e-09,5.450930740519467e-10,-7.780885542429206e-10,-5.71495347904406e-10,-8.122165249865129e-06,-1.6322128288609151e-06,-5.3845542259853926e-05,1.346482518273231e-05,-4.020388745062852e-05,0.0001185634853578,0.0003491680549475,-0.0001622645513196,-1.471907625444831e-07,1.2582818466381076e-08,2.994760049715388e-09,-8.41493948878098e-10,9.09293143894522e-09,-1.966339081579508e-06,2.7167408639742777e-05,3.479712339514945e-05,-2.860976717555597e-05,1.3472191608679258e-05,-0.0002104625596662,-0.0002550672210427,0.0030276568757749,4.5,10,3.604699836794497,46.04098492127464,0.211,-1,False,ecliptic_BarycentricTrue_J2000,ecliptic_BarycentricTrue_J2000
493213.9668087397,10,0.98,15.454650982470362,0.108292200110013,0.4753263047662659,3.7937117345900804,2.372807347026921,4.23413387583737,2.6857328857781915,5.79927432557072,5.47088878375612,5.8804895754861,3.818909093439824,1.2047827022623392e-05,-6.443497680703955e-11,9.92847874988269e-10,7.9582953128035e-12,1.0998624880991864e-13,9.932573663987774e-12,-2.7633587278675337e-13,1.0860027257515637e-13,-1.2084356804181462e-14,9.904642919070757e-12,-1.8050170494061468e-10,5.673561396953046e-14,4.79121436737202e-15,-2.6428721027432745e-17,1.0602651449408537e-13,5.168700245389307e-12,-1.248908912800064e-14,1.594315731938135e-15,2.797608343743146e-17,1.0411039456171138e-14,1.0029851350314153e-13,9.122417158011882e-09,1.5133109466185918e-12,-6.797266311195832e-13,-9.79828321702224e-14,9.524847853957242e-14,2.98816186431168e-13,6.918956250636084e-07,-4.606796396794297e-07,-2.6798743158627297e-11,8.961934274395266e-13,2.9710613873215684e-13,-1.0115167646326071e-11,1.0124736869021012e-11,-3.0633786378384e-09,1.5733996629414877e-07,-3.065577970204252e-07,-4.4026630955295175e-11,1.358182273624263e-12,3.0796483740534285e-13,-8.017070113172317e-12,1.2192829358119587e-11,1.6718725673842767e-09,1.1136609526983197e-07,2.487553873102107e-07,4.99610620336354e-07,8.196980790374039e-11,2.3774907072739133e-11,1.0893467916968117e-12,2.965027891885545e-12,-2.2704438324864467e-11,-2.973477624923127e-07,-1.6463732955935228e-07,-1.1594539740815965e-07,9.542211459471398e-06,-4.804400471059391e-07,-4.836077190647634e-11,8.881473517078905e-12,-1.259010125425183e-12,3.543487214634324e-12,1.927785034242369e-11,2.2691561581359801e-07,1.1951207563564897e-07,3.9260923238291936e-08,-4.912315146196037e-06,2.057515731597924e-05,8.135774216442876e-07,-2.108852653066108e-11,4.9557526171176544e-11,-3.4772437109949905e-13,6.713707215379387e-12,1.903913233576288e-11,2.040540486389618e-07,1.0157882547158397e-07,1.0688269049985352e-07,-3.582987413270406e-06,2.386991937751806e-05,3.554654761202599e-05,1.5027392677962934e-06,-9.513402695434985e-13,-2.879015093822504e-11,1.2166993626933162e-12,1.1126688292415256e-12,-3.621556241847636e-11,1.1949192398450978e-09,8.660680131226281e-09,1.0222661040715977e-07,4.5468674567308254e-08,1.7136752299082064e-07,-4.764734955356417e-07,4.819291052209079e-06,-3.3819086703582497e-06,-9.685602198349882e-10,1.1053725334853834e-10,1.2407160072133236e-11,-6.018166667560053e-12,2.4289645373682845e-10,-1.5501442891586966e-08,6.008492702116688e-07,2.678050555736523e-07,-6.035972100289996e-07,6.054188998864296e-07,-3.882055699983728e-06,-4.7768960887148e-06,0.00024722631293,4.5,10,4.231857778720032,334.3495633469489,0.199,-1,False,ecliptic_BarycentricTrue_J2000,ecliptic_BarycentricTrue_J2000
494391.686181045,10,0.98,11.64247266094751,0.0938013094621674,0.802129645588191,0.38359749913785185,2.3454246351619314,2.808445632005154,1.760224944544817,4.955081172846615,5.888385514186875,3.257385805102176,2.498148553790372,0.0034997718418359,-9.808272374135708e-07,8.347738962714909e-08,8.706594142784844e-08,3.0237178984401165e-10,8.254595614742836e-10,3.225553958114612e-09,8.22683512249527e-12,-1.7265559562303755e-11,8.211777492280992e-10,-1.0310085544563145e-07,7.892774615403912e-11,-5.155181688611027e-12,-5.799197823805666e-15,1.1479997756474403e-11,-4.355060498384829e-08,1.9134106498591287e-11,-6.999995553748334e-13,-4.7870004205358986e-14,1.5400529662302449e-12,9.056466572234996e-12,-2.3569602114279013e-05,1.4079809432288216e-08,-1.7907034908961843e-09,2.0342077793034943e-10,2.084823479223199e-09,5.43996026650254e-10,0.0053995537152861,0.0005197273163144,-1.487051985545695e-07,1.4795309269308905e-08,8.077276509371154e-10,-1.2459437858838742e-08,-9.371287855336668e-09,-5.315203647249534e-06,0.0001196736964801,-2.0191628889988144e-05,1.7954900983084046e-08,-1.2053337561181779e-09,-1.017354649588184e-10,-2.5656943863026776e-10,1.6594808213152006e-10,-7.111853068430288e-07,-1.5458476897240958e-06,5.515154024914383e-06,-0.000343031497131,9.629164185610157e-08,-9.87042212544751e-09,-5.82652709525593e-10,7.184536561197567e-09,5.877300367042857e-09,-0.0005710708005609,-7.700757870226118e-05,3.258266354532271e-06,0.0006744244108475,-9.0408555093694e-05,3.268039515100945e-08,-1.550724678573152e-09,-4.1795472747532495e-10,7.487324668813316e-10,1.526569276462542e-09,-0.0006371215476669,-1.894777772812644e-05,5.130539764014567e-06,0.0001550088790703,0.0006441335337981,0.0008371281270619,-4.231524566074941e-07,3.1548772176265326e-08,2.054437936151222e-09,-2.633192418339532e-08,-8.796314901461292e-09,-0.00019583499131,0.0001774728698659,-1.227426127481129e-05,0.0001774195206351,-6.915635247190874e-05,0.0007765812223019,0.0012242595676735,-4.949858445282523e-07,3.845280644420392e-08,2.615048800805383e-09,-2.7575427769450898e-08,-1.7388297088015804e-08,3.811545842499082e-05,0.0002659280795647,-1.879210062837634e-05,-0.0001001545078596,-0.0001799801861746,0.0003144178652536,0.0018005305749007,0.0003935811783856,-2.8625112462842853e-07,-4.219904938214725e-08,3.1292196898857e-09,-1.915486538578301e-09,7.906223376674026e-09,7.799599252885247e-07,4.232870018060854e-05,1.1405873669100744e-05,-2.426153232310449e-05,5.085053356266625e-07,-0.0002961720422175,-0.0002478493912409,0.0332937075983385,4.5,10,1.4636463178196093,36.73127572384207,0.358,-1,False,ecliptic_BarycentricTrue_J2000,ecliptic_BarycentricTrue_J2000
550995.5498382119,10,0.98,14.283835336648206,0.1616986052220967,-0.3293908845688014,2.5560738604668396,2.4074198617654745,3.218320593666712,1.188686019099474,1.141876375976278,4.576129112272653,2.04711065914879,5.549277827188778,0.0009414492036106,4.69247060551892e-09,4.100537420210811e-08,2.7112836076593444e-08,7.586358653053193e-12,4.2967044811119027e-10,5.627496029632589e-10,7.808079761149427e-11,-1.9716948385492441e-13,4.0917812527040725e-10,7.827371722641233e-09,-1.7096759936650742e-12,-2.9846535072929584e-12,2.1767731865882818e-15,4.278611267695491e-12,-6.6637157913519315e-09,-3.344038535006374e-14,-2.697932417699937e-12,-2.2367524108190286e-14,-5.944740918092798e-13,4.573267839292332e-12,1.6425358129782865e-05,1.9359361269907783e-10,1.328284764640483e-09,5.927030455150427e-11,-1.9083762858069576e-11,5.545808450082917e-11,0.0006244103991716,-6.613710298892057e-05,-3.315280483578572e-09,-2.76554984752646e-09,6.844115993918826e-11,-5.180582316991165e-10,-2.8588081939792727e-10,-3.253681171490215e-08,1.2590509976560872e-05,-0.0001838112961146,2.71423681739769e-10,-1.0275703819563394e-08,-1.8538756506805127e-10,-2.218589437100328e-09,1.4088265681991527e-10,-9.571539862653322e-06,1.64991288599272e-05,7.875562879194011e-05,-9.113499361163217e-05,-4.754630030601452e-10,-2.8387408115407117e-09,-2.6537598685048665e-11,-1.6362861492521695e-09,1.4669980981842504e-10,0.0001736650610386,1.3037216591305792e-05,3.053768117370195e-05,0.0003898519440202,-5.166752135234082e-05,2.84475634224891e-10,-6.3212322442421666e-09,-9.12305624253918e-11,-3.704225785388243e-10,7.643649658128098e-11,6.754131287898346e-05,4.046301646726326e-06,2.301393707771995e-05,9.792682791525612e-05,0.0002107690447569,0.0002704407100631,-1.2183423708985774e-08,2.167071838249238e-08,6.37060715836634e-10,3.132105220265021e-09,-1.630935997111691e-09,-8.236794187977442e-06,2.253886313163483e-07,-9.604462529424656e-05,-1.2132700184224404e-05,-0.0002155233394394,0.0011999382738124,0.00020209470961,-1.0771605613594181e-08,1.1237334328725998e-08,3.750914169859602e-10,2.457767862978081e-09,-2.0077622295094367e-10,1.2209763391437284e-05,5.638001896510482e-07,-7.375895110238642e-05,-1.9399600132563034e-05,-1.7446041789953634e-05,0.0004328508179144,0.0002654404543521,1.7143428265964967e-05,-5.5473104713190575e-08,1.1091522623679932e-08,1.0884409281648363e-09,-8.890842045958793e-10,7.698387959851549e-10,-8.79595630764041e-06,-4.9193936073003164e-06,4.539667000875844e-05,6.652954534932925e-06,1.4723759884582462e-05,-0.0002383470483294,-0.0002288594853974,0.0036089238030519,4.5,10,2.6023200517451306,52.04359158584538,0.207,-1,False,ecliptic_BarycentricTrue_J2000,ecliptic_BarycentricTrue_J2000
417470.57861538365,10,0.98,13.972010166784097,0.1977980453207417,-0.0879482767174257,0.9865058797992331,1.1243803168636959,2.440711890452816,2.071782758912498,0.1033095711367132,0.4404531578559674,0.1191855979910742,3.5461814929081354,0.000384793440835,-1.0196720146279773e-08,1.9886906727371267e-08,9.176095060284769e-09,1.320078738942203e-11,2.1312751625322504e-10,2.2333670245824798e-09,-1.7923975319514796e-10,1.2613587827132456e-13,1.950538588768027e-10,-6.68037500504742e-10,1.7091413095586248e-13,1.1142739104504402e-12,4.2048316114097744e-14,1.9571091824555003e-12,-5.476571457023061e-10,-1.4471273972912673e-12,-4.703784637755642e-12,1.1206589860562744e-15,-1.77561973460194e-13,2.3700422206522058e-12,-7.3101652447829876e-06,1.658620419756045e-09,-3.9798086052990463e-10,-1.3919409567739628e-10,-4.5744742264864834e-11,-7.228787699337627e-11,0.0002403185671611,5.898582137288754e-05,-1.0613042840615558e-08,7.042067777897478e-09,9.972149871286584e-10,1.3083592140948124e-10,1.4192833978871446e-10,-4.256508732011835e-06,3.268828210277732e-05,-3.0015978686661514e-05,-1.63767554340894e-09,-2.104376357465589e-09,-1.8837086956826028e-10,4.9009473241320464e-11,3.9242090054212254e-10,5.554471435070229e-07,-6.46197816060286e-06,5.868795242027656e-06,3.2425831329394635e-05,-7.138599539549345e-09,5.304821094437245e-09,6.089568854535903e-10,5.824457600123387e-11,1.0405967272015516e-10,5.735977497108607e-05,2.023666197582969e-05,-3.095952775412099e-06,0.0001325596380381,-2.3057585425537124e-06,-5.66097173506164e-09,2.071172595452705e-09,2.4208419416704647e-10,4.664561922870799e-11,3.3679376467576945e-10,9.430888731989769e-05,8.153467032650901e-06,2.134427960050122e-06,0.000101933467417,0.0002289540208312,0.0002024432006592,-3.159378124841711e-08,2.8321880313058797e-08,3.062707232032724e-09,3.630000033865663e-10,-2.655107238328974e-09,4.052949249937409e-05,7.757614195790924e-05,-2.3144084807685384e-05,0.0001475463699569,9.25574652387165e-05,0.0005818941167476,0.0001252014151831,-2.1094002580681112e-08,1.3897915675340596e-08,2.0105717752017487e-09,2.1771921396236646e-10,-1.6191093292219332e-09,-5.511847786457415e-06,4.483481948990358e-05,-1.4265521612878538e-05,2.692142403106034e-05,6.577615075585924e-06,0.0001865772249289,0.0001199598500926,9.154431177819876e-05,-4.888570616409062e-08,3.969989321848213e-09,2.172533075411291e-09,-2.54453853778425e-10,4.724342887584754e-09,6.44691851461402e-07,-3.76476254131666e-06,-6.102831328568687e-06,-3.7102639554845936e-06,-7.343823771537704e-06,-6.8366655484605e-05,-6.905038015513302e-05,0.0016593512971198,4.5,10,1.5426073275038847,75.67811681288687,0.226,-1,False,ecliptic_BarycentricTrue_J2000,ecliptic_BarycentricTrue_J2000
699758.2598266421,10,0.98,11.656925573953052,0.0871370270127168,0.8299661247207388,3.0918214718705324,1.6914946239191144,2.2053121376761258,1.4441163042238874,0.8875029304787414,5.005494463649661,0.0889693313169995,3.971268277426528,0.0012936750158643,-5.3803763780223e-08,1.07442721613633e-07,3.6899243893022876e-09,4.688206756867493e-11,1.0732106203796655e-09,3.611511232418273e-10,-1.2619167069905238e-10,-2.5280065135001053e-14,1.0736354637313355e-09,-1.6427975622764645e-08,1.1536899646409054e-11,-1.002910384773155e-12,-1.9366584917704235e-14,1.1540538669132732e-11,9.514229790378798e-09,1.3898401848050613e-13,4.310275431935745e-13,1.8366515770420923e-14,-2.1677016938822266e-12,1.1392368103250006e-11,-1.7098706875248004e-06,-1.2559434301455004e-08,-2.357088111652352e-10,-8.833970242192411e-10,-1.7488763409779314e-10,-1.576922700102042e-12,0.0235766859212507,6.404587525358023e-05,-3.2217473400139964e-08,2.997523288448881e-10,1.497350778731672e-10,-2.8030915901499717e-10,-9.433061851152511e-11,-7.296702339885821e-06,7.51679637663609e-05,4.953425846076206e-05,-6.478155564609016e-09,6.736634643045206e-10,4.810733353066055e-11,1.6106831363987254e-11,-6.744507203032691e-10,-2.0525907006602014e-07,1.2687224316667313e-05,1.443665186350133e-05,-6.681314129148185e-05,3.965655409220496e-08,-3.0140831785637887e-10,1.934162184717641e-10,-1.3594447862425422e-10,2.9003607949228303e-10,-0.0022489260436313,-7.36127704201154e-05,-1.3505856716199588e-05,0.0043741992936066,4.156936182361714e-05,-3.471459825383283e-09,5.156599145569413e-10,-3.0949370733292684e-11,-4.931165272285405e-10,-3.3283663284541853e-10,0.0017165525624556,9.969338153721955e-06,1.2071337480421652e-05,0.002812651193455,0.0068502360140356,0.0001921358693166,-8.713453587039467e-08,-1.5759409794851775e-10,4.4048740264720455e-10,1.598105866092794e-09,-5.957620179332987e-10,-0.000263871883539,0.0001478540162149,1.0134134447503694e-05,-0.0015005542444155,-0.0023808229480749,0.0014603524185277,9.823323173638948e-05,-7.258325368367773e-08,-9.886202857982431e-10,5.315113391842322e-10,-4.918945652352444e-09,4.798355310300292e-09,-0.0002438203874033,0.0001228396904492,5.383836499033557e-06,-0.0101783341974307,-0.0151870341032608,0.0058067899894524,0.0528399797011976,0.0005403428895117,-1.8471378074062906e-07,2.2365629255298977e-08,2.985687917864826e-09,-2.423819794727008e-08,5.358506704117401e-08,1.0576592712611212e-05,-6.1990781088525e-05,2.703496182209709e-05,5.688411300693283e-05,2.3512684968411507e-05,-0.0005916467623914,-0.000558039010114,0.0494509988454735,4.5,10,2.9642722629429548,32.12573712672812,0.289,-1,False,ecliptic_BarycentricTrue_J2000,ecliptic_BarycentricTrue_J2000
1017771.204398934,10,0.98,10.836220262606467,0.0651436482551805,0.4495720895083499,2.563853362673726,1.9174947184283322,3.252761390417027,2.025954830485194,1.93800066085991,3.987399887066295,4.872901076889797,3.5165797555310263,6.95197043491139e-05,-6.77350892644643e-10,3.537709676511972e-09,1.0577285667998944e-10,1.3645670974479524e-12,3.5429396599996996e-11,1.217166014576012e-11,7.238350720193183e-13,1.4039144218936928e-12,3.5406477493182645e-11,-6.88923712487502e-10,2.3758440377785542e-14,-7.824619954192977e-15,-9.097531312996218e-16,5.691473350751299e-13,-1.8141978540862128e-10,1.1446663616468132e-14,-7.053722842525043e-15,-2.782016303462187e-16,-1.5164066373442397e-14,3.5347673075588737e-13,-1.825961839858999e-06,3.9129143051304e-11,-9.197370311083123e-12,-9.475743811218986e-13,1.659462978178573e-11,5.920311548986676e-12,1.3234367859978746e-05,1.008666990590148e-05,-1.806325306416308e-10,3.158583714848475e-11,2.9772740259758613e-12,1.47290792913845e-10,-4.056274303471631e-11,-4.998693180428273e-07,2.877089893793219e-06,8.659182684518896e-07,8.37316589246556e-12,-1.4214374119746824e-11,-2.5626099151425424e-12,6.356416955332183e-10,-2.4163212085561524e-11,7.853495175914989e-08,4.732759749257791e-07,2.6878443460136284e-06,-5.534720698746115e-06,4.843371810444964e-11,8.795166981480793e-12,-2.535941406395568e-12,5.444223159794431e-11,1.6268546393430144e-11,-5.958742896515983e-07,-1.6507081986528109e-06,2.0249532385485442e-07,3.336573331604895e-05,-2.7520516361261683e-06,3.6458785268831934e-11,7.593726508829585e-12,-1.2454740033911362e-12,4.3999100506669645e-11,9.02602494886335e-12,-2.343144126315116e-07,-8.048002386217541e-07,1.660696441731975e-07,1.1676212009766493e-05,1.569224917428287e-05,1.8836303939447067e-05,-4.6424417348555925e-10,1.6904882842374314e-10,1.4625822749045588e-11,1.2324101657004536e-10,-1.7178054487679698e-11,-1.2981789225935324e-06,5.912507848794265e-06,-9.84650966512128e-07,-4.4924884005774573e-07,8.409504195822024e-06,5.838634886263691e-05,2.342322998344904e-05,-6.001601178726864e-10,1.1780488769875168e-10,1.0877949627327882e-11,-6.315199122906603e-10,-3.098469985654986e-11,-1.4034074061505825e-06,7.156781956401555e-06,-1.4329681950879294e-06,-4.805478992529489e-06,-2.3037263123048245e-06,1.3423873211908444e-05,3.363748970613162e-05,3.1165195353765496e-05,-3.201336683241412e-09,1.734473046264771e-09,1.2157868003828564e-10,-1.322153188334697e-09,-3.7239266225766393e-11,-2.833464000846274e-07,1.8676507554063896e-06,1.7388920407336065e-06,-4.249245722084065e-07,-1.1471806742180633e-07,-1.4899414632928302e-05,-1.26435667116824e-05,0.002707375501169,4.5,10,3.982679587011945,177.0123020948896,0.262,-1,False,ecliptic_BarycentricTrue_J2000,ecliptic_BarycentricTrue_J2000
533833.9238213397,10,0.98,13.39583753216768,0.1031075548321088,0.5216006138333873,3.6079455460614613,0.9709784603035841,2.612416237961774,1.4159935858618564,3.798694357258404,5.478950651907101,1.769974221945272,1.9045547151414912,0.0003401164613524,1.354745048402902e-09,2.8961062241075123e-08,2.5220997816061433e-09,1.6539734379917328e-11,2.8916928725807363e-10,-2.905851593285391e-11,8.022456183607695e-11,-2.460030618506504e-12,2.887469825679284e-10,-5.906220270292695e-10,1.965550437564252e-12,8.996538386052767e-13,1.1618245689244128e-15,3.032433743304656e-12,4.776801070580722e-10,6.931850962838722e-13,3.828435199579372e-13,-1.1150253958742773e-15,9.086483811911281e-14,2.8336378093426084e-12,1.7538164519479289e-06,6.181687776332081e-10,-1.0929760585361855e-10,-1.914456251211438e-12,-1.9056569604934e-11,-1.2935064505431788e-11,0.0007252941957227,-8.770847180932852e-06,-4.677714051667014e-09,2.568889405623376e-10,2.3564702659076568e-11,2.0981295079101688e-10,-2.736601264677449e-11,-1.717903677703959e-06,7.150372911933403e-06,-9.103777523375832e-06,-5.36840424433419e-10,-1.8263588887362407e-10,2.254534161463982e-11,5.833896548233486e-10,-2.6949360056734687e-10,-4.07630143966856e-07,2.0531659563235364e-06,5.208733984990816e-06,-7.626222639540479e-06,-5.3271499020435374e-09,9.047015940530735e-11,1.9795786539515977e-12,1.2102477154163234e-10,8.138936276229771e-11,-5.133029937687636e-05,7.351909088666845e-06,1.4251530985108835e-06,0.0002681025414503,-6.388030639567775e-06,1.169484888767065e-09,-1.525786126349747e-09,3.3319586892716376e-11,4.475048039342308e-10,-1.6080188224354934e-10,1.683460567131289e-05,6.757282142739685e-07,2.3947971359431096e-06,-3.811003350864641e-05,0.0001510136563266,1.855430756362654e-05,-2.3284473692560337e-08,-1.307289691204788e-09,1.7013785506782724e-10,1.952409655866152e-09,2.951419119167057e-10,-7.621815911662743e-06,2.5861121055327355e-05,7.371286621400812e-06,5.9780571448520136e-05,7.089391372543441e-05,0.0002819290001198,3.176526475432468e-05,-2.2054403461193412e-08,2.579223037313581e-09,8.572203814105972e-11,-3.7163701267131526e-10,1.149121417652825e-09,-4.664235177822171e-06,2.205613703021828e-05,3.697145106737654e-06,2.691821843229884e-05,2.145042261299884e-05,7.514164822327462e-05,0.0002661073068908,2.1973134199587496e-05,-4.6406365628188975e-08,-2.5696872676284668e-08,5.457694391596791e-10,1.0209985155429535e-09,9.266679378750871e-09,3.9385298590145584e-06,-1.766700533541434e-05,-8.083850583693232e-07,-1.661423665502179e-05,8.266557938213367e-07,-0.0001843668511281,-0.0001724095805697,0.009943568749713,4.5,10,2.788789411953261,61.962260005145644,0.232,-1,False,ecliptic_BarycentricTrue_J2000,ecliptic_BarycentricTrue_J2000
985587.4699777508,10,0.98,10.926393448441582,0.0702741129920899,0.6164650997878871,2.8609124962900934,1.619016029400412,1.1950538912758408,1.942047619783223,5.341130092588201,5.600742408816043,6.049471198867969,2.78467277185145,0.0022781045783471,5.214798081434931e-08,2.587742027726853e-07,-1.7628503983803023e-09,9.387643967011664e-11,2.67183629755089e-09,-4.0086214238659776e-10,-1.3237505886223582e-10,4.659107640147601e-10,2.66946731137776e-09,7.005234180822996e-08,2.6270969869462115e-11,8.735776394262872e-13,9.413622612518265e-14,3.8381639921784765e-11,-1.2832424619269321e-08,4.2950632542910745e-12,-1.2635596188025602e-12,-2.1759582586631138e-13,4.018749240384838e-13,2.616246866406832e-11,-0.0002592977324308,2.3160467864758283e-08,-8.243142664816993e-09,-5.8697010854045e-10,-7.218114728971255e-08,4.937247031519828e-09,0.0727169232716777,0.0002406505275876,-3.956780598653128e-08,7.421211409067357e-09,6.458433073236701e-10,6.616659936258223e-08,-4.601418722556616e-09,-0.002738670369434,0.0025635823012018,2.5195691541050585e-05,1.9264995134725586e-08,1.0211401557497015e-09,1.0472683918902336e-10,1.9565336188505e-08,1.6692157140262312e-09,-2.095442330348684e-05,1.918751022302417e-05,4.646290923832416e-05,-0.0002278701329384,3.3264334621613286e-08,-4.617052828448978e-09,-1.9585406744074688e-10,-6.906605047429464e-08,4.3478800286175045e-09,0.0021558330247317,-0.0023972209505328,-2.497343212149993e-05,0.0050285811152358,-4.592127096455826e-06,3.079118931404314e-08,-2.2022934108790167e-09,-4.2243188601842677e-10,1.91757290637125e-08,2.427340372260517e-09,-0.0001690637796134,-0.0003154518240841,5.0010905907709e-05,0.0001359972385812,0.0033016908004878,-0.0001329433331459,-2.877734530927537e-09,7.585487955661023e-09,1.8198636226645958e-09,-9.096313471401564e-09,1.1280867790327072e-08,0.0008092493397605,-0.0009210255469352,4.521392316951361e-05,0.001530679721934,0.0005960542193527,0.0013464251594102,6.631776104721779e-06,5.461016622304277e-09,2.212982759745928e-09,6.980566866310313e-10,5.6783135886040654e-08,2.7819729533549513e-09,-0.000108028076812,0.0001156962682365,7.626044890806215e-05,0.0017621571782474,-0.001796896886448,-2.790845013030759e-05,0.0088786888817701,0.0011265199195961,-3.846171130349905e-07,-1.7583628773972949e-07,-2.2849271040920703e-08,-1.0062047625581353e-08,1.1537898612421281e-09,4.176785910219653e-05,-4.232473813782893e-05,-8.724870412478664e-05,4.46269151243566e-05,-9.2692891512042e-05,-0.0012486282575884,-0.0013297436161779,0.1357722936514276,4.5,10,4.206673590694833,20.688060009780283,0.211,-1,False,ecliptic_BarycentricTrue_J2000,ecliptic_BarycentricTrue_J2000
539770.1864695342,10,0.98,11.314608069780451,0.1057978703311319,0.1249713431917296,1.6088587969756778,1.151892621741419,3.1541658362885063,0.2385147644445779,4.7591331359764295,6.028350457369329,4.575724014855472,2.305579020515552,0.0169474325217079,1.8325155637342664e-06,1.564490932070591e-07,5.151059448331412e-08,1.3069355167538506e-10,1.5724608311333619e-09,2.8979617168570332e-08,-1.0154622940299948e-09,-1.984788089168608e-12,1.519883832926753e-09,3.858877197604251e-07,1.1370843350186888e-10,5.223102854263718e-12,6.453430473941908e-13,2.844582343154779e-11,-2.8290004270264437e-10,3.167555331381554e-11,-1.3671771331230134e-11,-8.089984727434209e-14,1.951047943655635e-12,1.684536790707221e-11,0.0012371129271427,1.768681734918378e-07,-5.9645037320550675e-09,1.3950984642278343e-09,2.3814170245933163e-08,-3.164327409725385e-09,0.0135631852223517,-0.0013808039978843,-2.055799470319913e-07,1.876972380708642e-09,-7.791195676227053e-10,-3.343176677242487e-08,4.765005791308376e-09,-0.0001332385322583,0.0001587703291963,0.0008582789104361,1.4019437051546805e-07,-1.409300009701286e-09,1.376761675379403e-09,1.9138349528420086e-08,1.6155105484953003e-09,7.522497653528064e-05,-6.651864301801636e-05,7.539282470263268e-05,0.00017571427592,1.6101987689533917e-08,4.83274392469346e-09,-7.632241049813721e-11,5.173033223391846e-09,-1.6252760209505443e-09,-0.0004717588701957,-2.6520252818491545e-05,-2.598829475104543e-06,0.0005112543762908,0.006508893774131,1.0443380032982918e-06,4.450592893936421e-09,4.425012275000678e-09,1.730565876942351e-07,-1.5825523856942858e-08,-0.0085666199478612,-0.0007044686904962,0.0003426960040038,0.0015182185191224,0.0369989515061559,-0.001143288606381,-5.475011840801158e-07,-3.4609402960235974e-08,1.100577205234308e-08,-8.390276983172481e-09,1.5736191645416534e-08,0.0087160790763486,0.0002687408929409,-6.25413432430206e-05,-0.001818157241771,-0.0336881790000294,0.034168677204998,0.0050524944368079,4.188294986767387e-07,4.8660309698765127e-08,1.4541825607164049e-08,1.5398099382066172e-07,-5.351672488050475e-09,0.000355499646262,-0.0004228761030781,0.0002326888358291,6.174233467864385e-05,0.0019993398549132,-0.0001220711650172,0.0019754696900934,-6.96809935490856e-05,-7.247812061354286e-07,-1.6125342432598944e-07,1.3915467792410265e-08,-7.744249715822603e-08,5.498891607661165e-08,-5.073637452597989e-05,0.0001364518345167,6.412357005448662e-05,-5.701609842944762e-05,-0.0005326406952235,-0.0002365966756384,-0.0008773547167103,0.0378435394333995,4.5,10,1.0977857642853086,27.052854297650093,0.241,-1,False,ecliptic_BarycentricTrue_J2000,ecliptic_BarycentricTrue_J2000
522305.29289773136,10,0.98,15.147692203479474,0.0836964050068022,-0.1659474239237119,3.5325206103484215,0.9127644661760387,2.7591975942776736,1.0562363519133715,4.026295510063729,4.417093813093674,3.3747245269684787,4.1687111525377984,0.0001067198878759,-1.4718019180536195e-09,9.561409069452908e-09,2.3156159017588982e-10,-2.870274978944094e-13,1.0795904181681836e-10,2.6073519111947108e-11,-2.094578358163755e-11,3.9912556586741833e-14,9.538035260613918e-11,-1.909854968460669e-09,5.68609323892773e-13,-2.8450321787091418e-12,-6.856569759562923e-15,1.4329240459187436e-12,2.6182161414694436e-09,-7.689288804247468e-14,2.011344183253882e-13,2.8108970519683283e-16,2.233132855315885e-14,1.1197552466976213e-12,2.1989919308341095e-07,-1.0951065808049436e-11,-4.4495021429780935e-10,-7.696261714080403e-13,4.6522865445902266e-11,5.894233677973119e-12,4.99250437106165e-05,5.014166670309499e-06,-4.5904304834263956e-10,2.145408224462415e-09,4.389100969935037e-12,-3.133187039203301e-10,1.7910624688942012e-10,2.133183555532605e-07,1.9745922615990428e-06,-9.573084355028016e-06,9.840553565966384e-10,-8.195122451715386e-09,-2.7703327426408927e-11,2.056316394696837e-09,-3.363175136844779e-10,3.553946394354227e-07,-5.003304977989006e-07,9.199164296624595e-06,-8.450386269614219e-06,3.5468654841773907e-10,-1.2082021486055427e-09,-5.40783918322882e-12,8.33344122362193e-10,-2.5400123745652296e-10,-2.5264015091528945e-06,-2.095814767857508e-06,2.436491805641185e-06,0.0001416919571773,-3.6895725563068527e-06,1.813312753767276e-10,-8.85301688249628e-10,-2.999274486395162e-12,4.044582944454625e-10,-1.2681045519982898e-10,-8.271439995179114e-07,-8.145935965688206e-07,1.3776184846862105e-06,3.838714087684778e-05,4.050299377668617e-05,-4.20217109991081e-06,-7.782448496548206e-10,-2.3034160872555464e-08,1.596490500418929e-11,1.8690377722362482e-09,-1.287620068153279e-09,1.2337430136959765e-06,2.602058262252431e-06,1.0377707229770877e-05,-2.032178759447644e-05,-1.7855966137826277e-05,0.0002251325500952,-1.1835168739551296e-05,-2.9356152778506417e-10,-5.1796502656902994e-09,2.047363123619001e-11,2.1016406753521473e-09,-9.20757992603445e-10,4.826543710896883e-07,1.215229454596185e-06,7.633636888255086e-06,4.293649399660299e-07,4.819610554547489e-07,4.822366065868973e-05,3.244309701547202e-05,8.55622952698007e-05,-1.6264180009621653e-08,6.246340955535302e-09,5.760652001111671e-10,-4.956115999233741e-09,3.444336346603692e-09,2.2838414676725053e-07,7.546732453041626e-06,-1.6058999292819717e-05,-1.119243463991709e-05,-5.085726704173794e-06,-4.680811764341907e-05,-5.575017137814996e-05,0.0032184113698637,4.5,10,3.348540873699817,107.79314909054284,0.204,-1,False,ecliptic_BarycentricTrue_J2000,ecliptic_BarycentricTrue_J2000
566648.0236278966,10,0.98,14.269563562553918,0.187918220333462,0.3845392868343957,3.2807200376735874,2.6503928047425385,3.437240338747017,1.0761851978715824,3.368738015653081,5.909282597129224,3.587226004028192,3.7722492752821246,0.0006443111441093,1.724705470802023e-09,6.329550742486014e-08,-3.922681727525427e-09,8.360970325420677e-12,6.345196251412205e-10,-2.315776211868738e-12,1.680829531805396e-11,9.057590765933845e-13,6.324749039171289e-10,-3.3595513976125154e-10,4.168017688024408e-13,6.58357591032091e-13,4.156022247174496e-14,6.453861133975282e-12,-1.2479505182789619e-09,8.744924596004503e-13,-3.7887732247417474e-13,-4.183034465707485e-15,-8.50495324729173e-13,6.475733170869429e-12,-1.3867345415977306e-06,3.831116601031597e-09,-1.7501999073387274e-10,-3.1120437045812595e-11,4.1327116542922286e-10,-5.330228109431057e-11,0.0044430428528354,7.631058557357616e-06,-1.199305100642252e-08,8.254516822490752e-11,3.5605843367076924e-11,8.768718983246752e-11,-1.1245395427029408e-10,4.296506571594928e-06,4.03585339856742e-05,5.268162653363445e-06,1.9074631967243314e-09,-3.2860256582390475e-10,-2.021054413861996e-11,-2.993453647912941e-10,-2.1935933680889047e-10,-3.2101523689804938e-06,-6.968487734552819e-06,8.666890127134813e-06,-5.912836002235344e-07,7.799681261660266e-09,-5.2745168538583786e-11,-3.644672439753536e-11,-6.162050216286255e-10,1.0472195486839334e-10,-0.0002513704141892,-3.0001100598819205e-05,1.0388982939643072e-05,0.0004609071081957,3.329461530916592e-06,5.020737394486815e-09,4.419976547189e-11,-2.1263016509122638e-11,-8.983190994599311e-10,-5.883730466521541e-11,-0.0002829963983517,-2.2076364864673627e-05,1.2684771553915554e-05,0.0003058697481846,0.0005786076295028,-1.1539093448470064e-05,-3.7271868083726026e-08,3.0750005115764547e-09,1.0716949629258044e-10,2.3161990714431008e-12,7.395343745718302e-10,0.0001492065095713,0.0001026986162075,-1.1828796274806858e-05,-0.0003275578261061,-0.0002017685866681,0.0010016910724865,-1.1016245278938042e-05,-2.822649549395828e-08,4.5528270096564965e-10,8.09406992025792e-11,-4.195304812910821e-10,-3.5307868627005267e-10,7.026418770220086e-06,7.103925463697802e-05,-6.438339301970715e-06,-5.381904978919642e-05,-3.048487226018671e-05,0.000178766571743,0.0003489962907611,0.0001727620866943,-1.2993455299797154e-07,2.9026603143686e-08,7.90336443909441e-10,3.8302351438078064e-10,4.545743937093407e-09,-6.5677717900284616e-06,-6.209898514500087e-05,1.6380722497705063e-06,4.639740132022085e-05,2.6789814854401785e-05,-0.0004421294204485,-0.0003798444946607,0.0060101297526197,4.5,10,3.899897449192673,41.84865195961499,0.206,-1,False,ecliptic_BarycentricTrue_J2000,ecliptic_BarycentricTrue_J2000
375258.3835858998,10,0.98,14.107730413913512,0.1074633434983519,0.306891204229025,2.126250966220214,0.3655907152839552,2.180447483310774,1.7877686094289666,0.2939703253170508,1.0162645342336774,2.0284619796943537,1.5801493382973424,0.0015437480191673,1.553299634604478e-07,9.602729172439133e-08,8.487498783108805e-09,1.5246404675852558e-10,9.61111748163194e-10,9.965083666541352e-10,-2.6093153415090206e-10,1.7129224553805437e-12,9.5392866490952e-10,5.5275715730372353e-08,3.9049260926344914e-11,1.6893065498514181e-12,-6.351613236808414e-14,1.1842324050113059e-11,-2.614864451167576e-08,-5.56486522969727e-12,6.612556581975268e-13,1.546012587914306e-14,-1.912009993134647e-12,1.0192180022198624e-11,4.595125053129122e-05,-5.485001880031398e-09,2.196430610233143e-09,2.498041178179365e-10,6.706127866233606e-10,-1.0585474138975492e-09,0.005316210573874,5.270727136822801e-05,-1.7385727599899637e-08,3.1562492073289512e-09,4.6174209023735255e-10,8.089557306830455e-10,-1.294276937733709e-09,1.1227716874905667e-05,1.5108808720664207e-05,-0.0001137294896602,-1.1945305395949841e-08,1.7951851640281916e-10,-1.3336072647099701e-10,-2.5715304883718588e-09,3.489927630203564e-09,-1.373435216149207e-05,-1.2253377833097128e-05,3.9444221882700686e-05,-4.142754767177708e-05,-1.7432163715336188e-08,-4.4638092223745436e-10,-2.941178432166201e-11,-9.002966499906972e-10,9.286718388942528e-10,-0.0002810411162908,-3.18025130561984e-06,2.045876236979932e-05,0.0009800074412353,-1.9847035130283765e-05,-1.4612402271401916e-08,5.509994518932e-10,1.2422931041467536e-10,-8.861462993160888e-10,3.114319009376552e-10,-0.0001292004404433,4.1267333715543323e-07,1.0827112229069116e-05,0.0003503182917398,0.0004031589692112,0.0004060814217633,-1.3257575395415552e-07,3.732779472619884e-08,4.1766153388441275e-09,1.1344726427548508e-08,-1.205928184891128e-09,3.866786076870411e-05,9.044484590151128e-05,-7.104901766124066e-05,1.0376853095381268e-05,0.0001996125743694,0.0020412644797902,0.0002720162182622,-1.404705099984839e-07,2.48973008345731e-08,3.2451696316788996e-09,6.952354430978142e-09,2.554205911285213e-09,5.260355846752912e-05,7.460779358881119e-05,-4.194178567011965e-05,-4.174853568181015e-06,7.20496194496987e-06,0.0004699188841388,0.0006489095635028,0.0007197081138707,-2.943621052895241e-08,4.3480267591583353e-08,1.8751532211456286e-09,2.0032374219495817e-08,1.2970062339034092e-08,1.1413739173307577e-05,8.886441954734056e-06,-7.925338235214655e-05,-2.354520086501665e-05,-1.4955078375524673e-05,-0.0002956101732301,-0.0003385066133465,0.0318854616253951,4.5,10,1.5685573354372682,34.08786219625427,0.239,-1,False,ecliptic_BarycentricTrue_J2000,ecliptic_BarycentricTrue_J2000
204943.5772279368,10,0.982,14.760362020794169,0.0790770244308951,0.32543807202592,1.3830538935806762,2.862022763664654,3.314997567193642,2.4202531516137054,2.715751667441606,2.210204530529373,5.610194053611186,4.7330934196951855,0.0020398995842565,-2.254766215866268e-07,8.665820746893794e-08,-5.824384182260197e-09,5.500998554846498e-11,8.782158016924217e-10,1.6777463759336143e-08,-9.52159715344444e-10,-1.9536417183543315e-12,8.50943849787673e-10,1.1505662805841597e-07,4.553545439058749e-12,-4.1697874640074566e-12,9.777403922303679e-13,1.5876522098705488e-11,2.417479352305008e-08,-2.4397525365636624e-11,-2.5810876193168445e-13,1.271267850148184e-12,4.45731061879526e-12,1.1669427924583596e-11,3.2477275145985096e-06,1.941620628013981e-08,-2.1945243255060076e-09,-6.878500559298321e-10,-2.36789380329468e-10,-7.9892270409462e-10,0.0015296513666067,2.5474364702231167e-05,-8.610848349052596e-08,9.380130515117247e-09,3.355613627177328e-09,2.808357172771518e-09,4.233299530034436e-09,-4.649371295800163e-06,2.017826606433488e-05,-7.786496181197253e-05,7.813406751649576e-08,-8.620863190666563e-09,-3.190530600931294e-09,-5.637082760735485e-09,-5.550101578897631e-09,4.111439619348198e-06,-1.2516842401771235e-05,1.4147051449673598e-05,2.316697291320825e-05,-4.1307836405135524e-08,5.905489578902031e-09,1.53061059451697e-09,2.180238520169262e-09,2.474533800887944e-09,-0.0002418055900227,6.249548318654631e-06,-7.130526029132269e-06,0.0004967702532674,1.2565987078531847e-05,-6.09055049016821e-08,8.462533516772903e-09,2.464395670452409e-09,1.293227406353175e-09,2.4702412718111207e-09,0.0004429445842592,1.5381839736941364e-05,-2.234588263875561e-06,-0.000344826506482,0.0014147708899176,0.000887460093208,-1.0060641453426556e-06,1.3252880366017876e-07,4.0639578666216986e-08,6.205117133636962e-08,6.419439998964994e-08,0.0003101862112887,0.0001758290833307,-0.0001458519746139,1.0539328610095624e-05,0.0014972755392125,0.0039936149881723,0.0008365893820842,-8.518465121779842e-07,8.72017626336336e-08,3.466238113900741e-08,5.7745402173484816e-08,5.791867954923658e-08,-3.381228140589355e-05,0.0001429902335222,-0.000130240928804,7.265298957946065e-05,0.0001002470324028,0.0016019618442466,0.001620278909603,1.8217153381002085e-05,-3.543981337802554e-07,-3.6355717767629786e-08,1.4799430622156556e-08,2.1284229073230856e-08,3.1842801010116275e-08,-2.718427017480916e-05,9.086211014855534e-05,-4.230410957608779e-05,3.490186528679158e-05,6.556249212408559e-05,0.0004454007411522,0.0003014328819179,0.0562511833139707,4.5,10,0.5709508357493787,36.308698534866586,0.268,-1,False,ecliptic_BarycentricTrue_J2000,ecliptic_BarycentricTrue_J2000
850875.1674814686,10,0.982,10.046589662146298,0.1344945294841413,0.3057860313829128,2.3247497489175255,0.9597778781011774,2.1324692307530375,1.8893940058997725,1.691494726995281,0.7491276110542251,1.3033263100421384,4.138416034081762,0.0102450856466018,-1.550500473568158e-06,1.9100938685126442e-07,3.176815360222278e-08,9.482979203782152e-11,1.9109846322697184e-09,1.0787785957212336e-09,-1.876851612195442e-10,8.834985493222178e-12,1.8950935409065502e-09,-1.8985881213279066e-07,9.745490937269427e-11,-2.1336908539408008e-12,-4.46719857132594e-14,2.275344168128827e-11,3.937603544142944e-08,1.799126031600755e-11,-1.8080119227515688e-12,-4.644925303044047e-14,6.781493776732936e-13,1.944933461864933e-11,-0.0010750754133463,4.566478476818827e-07,-1.5213510796969984e-08,-2.2847290999318142e-09,2.340206654027049e-08,-1.0610871477820408e-08,0.0387006732242077,-0.0009616935602066,4.847295170601059e-07,-1.321084784562818e-08,-1.070338172410745e-09,2.995106006601093e-08,-1.0552641762232738e-08,0.0009412006395659,0.0010689587507365,-0.0008108777223511,8.132737490809594e-08,-5.880911439306624e-10,1.433817634123309e-10,1.3527679801940613e-08,-4.102472553267106e-09,5.097490365343762e-05,3.2628165691352694e-05,0.000100923350584,0.0005251969785239,-2.502348326274881e-07,5.80325817768083e-09,6.317725568632783e-10,-1.523198258432835e-08,5.931617959530724e-09,-0.0003438420275618,-0.0005508114003219,-2.1000182495745443e-05,0.0008968163765097,-0.0006085796955521,-5.003955788237733e-08,8.770445005601039e-11,3.5461090215412406e-10,1.4940426825473603e-09,-1.4465448350149935e-09,0.0027892281533575,-0.0002904984243397,9.678655543590664e-05,0.0002098645780848,0.0024792565354109,0.0034404532328715,-1.11036064222821e-06,2.9175418661560746e-08,2.848983420028217e-09,-7.207410773210936e-08,2.1834672518584296e-08,-0.0005310268971934,-0.0014921732361577,-0.0002249188268794,0.0013401911287569,0.0008010367818619,0.0046891882367451,0.0032658683234163,-6.765085638709167e-07,1.863393990894125e-08,1.344912840004898e-09,-4.057853305285107e-08,1.3444228880890036e-08,-0.0006080614102295,-0.0005889325303698,-0.000252376073522,0.0003296815194855,-0.000117211176746,0.0014737540784999,0.0017826667819845,-0.0006893664726828,-8.642886595096542e-07,-8.220378887049836e-09,2.197293897641017e-09,4.163227508451315e-09,3.472406069548367e-08,0.0005488358476729,0.0005752220052997,6.576571365318457e-05,-0.0003020403270259,-8.935114505783166e-05,-0.0016381217670347,-0.0012062283864526,0.028956590068576,4.5,10,1.8076263229125369,24.178001809448485,0.227,-1,False,ecliptic_BarycentricTrue_J2000,ecliptic_BarycentricTrue_J2000
580620.1186937796,10,0.98,13.495974948758665,0.1317332000468397,-0.1685883800841923,1.5094751626545349,1.8185195229748177,6.157671835334479,2.3801241746735915,0.4724366098102238,0.7752281339943692,0.6124482145580926,1.9761378273691983,0.0009290934558356,3.17683895112371e-08,3.4045362016958884e-08,4.217993305115513e-08,2.1216059880240968e-11,4.1121587037507596e-10,-1.9133043513959435e-10,-2.3382354381407736e-10,-4.3502718649097517e-14,3.40153246278558e-10,-2.7372221118143267e-09,2.432834028137587e-12,8.705457458422918e-12,-2.5841285948642428e-14,4.212192954724493e-12,4.5172153142874606e-09,-6.430328417802824e-13,1.0002743917671904e-12,3.2763285243206618e-15,-1.224465475398191e-12,4.080099039822985e-12,-5.5646909940093634e-05,-3.4731861221358405e-09,-5.831752939837444e-09,2.30017215119226e-11,4.294079926013825e-10,4.1000349102853326e-11,0.0007132646238509,-0.0001347583198297,-8.481204171180851e-09,-1.4586535704488836e-08,5.910602320435559e-11,7.532088483863844e-10,2.9068487167405147e-11,1.5573133614501792e-05,3.705954828262423e-05,7.173096008289271e-05,7.065436155580251e-09,5.571926053581191e-09,-1.0196374451074928e-10,5.13719179894426e-10,8.600642198840915e-10,-4.835920184371603e-06,-1.2796136477945306e-05,1.4834036069075294e-05,-0.0001126127703518,-7.984095352711972e-09,-1.1114105360090684e-08,7.205921381289328e-11,1.267227662995694e-10,-3.8548662986604956e-11,7.559089497266174e-05,2.868451601016346e-05,-1.2432390952341676e-05,0.0003503971543127,0.0001587390088241,1.2307009957156756e-08,1.4191016182385296e-08,-1.3850746170612583e-10,-2.630588984467356e-11,4.5276417557898086e-10,-9.679264530798552e-05,-3.890158636954092e-05,2.046523751550296e-05,-0.0003374298026696,0.0005845643235234,0.000378265346106,1.1105441961607836e-08,1.5763883712414993e-07,1.3470669464712918e-10,-4.395356246526064e-09,-1.563970686959103e-09,-9.61214010467478e-05,-8.131960319034709e-05,3.011409338377053e-05,-0.0003237926092328,0.0004637665702631,0.0012237453212558,0.0002302500707451,8.865663732737281e-10,4.400461409538173e-08,1.2412032991950158e-10,-4.0225594485123505e-09,-1.21680172473665e-09,-1.6708636174553412e-05,-4.017723173350001e-05,1.874486660944934e-05,-3.318065779395344e-05,4.3756009178903344e-05,0.0002538246915557,0.0001544811384546,-0.0001477095944401,-6.58549020921455e-08,-1.0260680077205056e-07,1.49972544655782e-09,3.02402201367479e-09,1.2572920974704512e-08,2.3411131678507365e-05,5.458071276044492e-05,-1.1277358296354878e-05,4.122064235226906e-05,-5.135107438455165e-05,-0.0002965750329107,-0.0002185760702818,0.0046293155504763,4.5,10,2.411919761754868,57.20262169377478,0.204,-1,False,ecliptic_BarycentricTrue_J2000,ecliptic_BarycentricTrue_J2000
468454.7694011036,10,0.98,13.148911992864658,0.1373299024760982,-0.2957849661225005,2.131735707370793,1.9590333178766106,3.1074966853111916,1.2316424280696785,1.083334603303444,0.900011148208552,5.728175206246716,0.8549992747647936,0.0237235727550452,3.094387879943028e-06,2.4588892088646624e-07,8.397468969875202e-07,6.089050724265411e-10,2.528860810546645e-09,1.0002432456201889e-07,-6.225179443037162e-10,1.4293702454217677e-12,2.38580999630762e-09,7.830482337293377e-07,3.5092468817109516e-10,3.74174819935105e-12,2.493381289583231e-12,5.445721673167904e-11,-2.78326798954186e-08,-8.922612777209419e-11,-2.5807511942612288e-11,1.6695060436370726e-14,-5.711586686122505e-12,3.1944678909228736e-11,0.0004685532778416,-2.285668775313095e-08,1.0563661426869496e-08,2.052033336372642e-09,6.831635432276056e-09,-3.150850499198782e-09,0.0313794436554934,0.0023137184700989,2.388531745734283e-07,1.2253518882218034e-07,1.0971715629906473e-08,6.79603968611701e-08,-4.272226017908823e-09,8.958592103956774e-05,0.0003276837553469,0.0014931033959234,-3.866380596380127e-08,-9.003702480700277e-09,8.786870350431752e-09,3.8577961260820576e-08,4.804801054134069e-09,7.00863372695633e-06,0.0001272673366824,0.0001689042709967,-0.0022660371915488,-1.2563318579499654e-07,-7.571321448916157e-08,-1.104590072760908e-08,-5.980525509548026e-08,3.511709367325374e-09,-0.0029383410229974,-0.0003109105972068,-0.000139278025933,0.0027245994813737,0.0012213168899047,-1.4722539073295582e-08,-8.827158178990403e-09,6.842331744934449e-09,3.0634266942284694e-08,1.5944678611599907e-09,0.0014396873536598,0.0001274537759463,0.0001131283462442,-0.0009671059002185,0.0013058137703388,0.0068269452626396,4.458082983076121e-07,6.933268613332266e-07,3.810179481196429e-08,2.247350864277388e-07,-4.1738249365796846e-08,-0.0002860826758684,0.0009159864759089,0.0003717528509839,-0.000279714646873,0.0005127515156541,0.0077225951062925,0.0076785452073299,4.731295597600193e-07,3.78758784642018e-07,4.169815453040114e-08,2.4646491125824735e-07,-3.4030960404538776e-08,0.0002888108049102,0.0010532297153797,0.0004035736231787,-0.0010030019160027,0.0003977437098757,0.0044417168292056,0.0041775454704895,0.0003153636126303,-1.43002352911506e-06,6.259537406076048e-07,1.8185336135562377e-08,-5.985889443756462e-09,6.233613253956386e-08,-4.158765087439317e-05,-5.9267815011817935e-05,1.728325602222663e-05,6.325362094475587e-05,-1.1724824348449431e-05,-0.001093690949684,-0.0012051071809568,0.0370196080753012,4.5,10,1.2772845591985356,21.55311413547982,0.225,-1,False,ecliptic_BarycentricTrue_J2000,ecliptic_BarycentricTrue_J2000
501170.8272719486,10,0.98,13.06261386925734,0.0860926513689075,0.1274414486758917,1.548822358590548,1.4395115464357209,3.5928121505627866,2.025892903025043,4.152302636089682,2.4726355001595497,5.2035169412112285,2.9315015068889467,0.0047174421605279,-1.1357661130553722e-06,1.5754519760055988e-07,-6.624510939127074e-08,1.4535383576651314e-10,1.615121677250495e-09,7.014025497624016e-09,-8.634249555324836e-11,1.0170834294790496e-12,1.5688463710994301e-09,-4.684419236142089e-08,7.612665840480916e-11,7.288347014660442e-12,-1.194658952907187e-13,1.8827412471438336e-11,2.4563023910543293e-08,1.0226465694011885e-11,-2.831415640708236e-12,2.556709747591465e-14,3.582651718237692e-12,1.6506882412684055e-11,0.000135385282863,-4.249417539888185e-08,1.3300899058968602e-09,4.4898580150753845e-10,-2.330688576032006e-09,2.6690575658134003e-09,0.0174575202293998,-0.0001381063538738,6.8499777902424754e-09,-1.9854472077871663e-09,-1.6278626338043979e-10,-4.707591684669849e-09,-6.997387873530348e-09,-3.1029183736883087e-05,7.42794836225825e-05,-0.0003435515075912,1.5509232104824278e-07,6.1932710500699745e-09,-9.068237567658568e-10,6.547750616580989e-09,-1.9426262277585507e-10,-1.4527175108592889e-05,4.932257553790417e-06,5.6881806889602246e-05,0.0001722490370801,-2.614499686081476e-08,-1.1755637164129506e-09,3.3898989368861875e-10,2.601011991070286e-09,6.767550734874518e-09,0.002491523739641,-7.387697781496266e-05,-1.0259313202152067e-05,0.001516466221943,-0.0002953749078717,1.2502811596725778e-07,-4.553474219549026e-09,-7.965257707544766e-10,5.099334904583105e-09,-1.072800542729066e-09,-0.0012661921493477,1.113766246949956e-05,4.7533770045174415e-05,-0.0004759325092053,0.0008923528432635,0.0014410378257879,-4.615047507002593e-07,6.147340847789512e-08,3.525737227328048e-09,8.474807348972722e-09,1.7843493889140862e-08,-0.0005929511206421,-1.7369123235230342e-05,-0.0001494121300765,-0.0004288336847556,-0.0002090128966546,0.0020130860498434,0.0015157790996338,-5.014932972727442e-07,-1.1618089810564612e-10,3.502504780464065e-09,-4.0349122126928784e-09,1.5353308619872463e-08,4.913499379925333e-05,-5.000526422582857e-05,-0.0001435684925803,5.9561583480300135e-05,-0.0001277798791474,0.0007352368785259,0.000927642830814,-0.0009477961936361,-2.458750404884952e-07,-2.1891784965062081e-07,-1.1710783897998979e-09,-7.756190269189606e-08,-5.546616089460955e-09,-7.124672972725154e-05,0.0001669445865243,9.258376058532988e-05,-0.0001632766000658,9.50789719541526e-05,-0.0010648351654886,-0.0010713612154343,0.060725766691089,4.5,10,1.8281685896184232,26.571915389476555,0.248,-1,False,ecliptic_BarycentricTrue_J2000,ecliptic_BarycentricTrue_J2000
459098.935165326,10,0.98,13.49063625272653,0.0932066022641243,0.3990866743033796,2.579337246699382,2.5910751092584503,2.6783274060394477,1.5032730212384646,1.646271320088439,1.2375068119532575,5.015780639078287,0.4409314351288283,0.0036372048187933,-3.533682797875659e-07,2.378811455604929e-07,2.9587742317808053e-08,3.2620810909067137e-10,2.371310655681813e-09,5.755616638922443e-09,-7.351882302669592e-10,-8.513762036909101e-12,2.356644986129385e-09,5.0973416953259645e-09,8.170697070269248e-11,-5.128717277793663e-12,-1.7089504835675828e-13,2.436338972966333e-11,-5.6768491647828334e-09,3.4219662167710684e-12,-1.4915656511547799e-12,4.364102002088192e-14,-4.65132469612814e-13,2.4122726650129937e-11,-7.835893033565676e-05,2.145615065054834e-08,-3.8397219381007975e-09,-3.7637077900493127e-10,6.359611180544543e-10,-1.0242813364262138e-09,0.029287476511446,5.693397064979793e-05,-6.455480078402318e-09,6.652397917408695e-10,4.0103684196800943e-10,3.463085301833836e-09,-2.3187240457914404e-09,1.6064497791333982e-06,1.6246102269702072e-05,-0.000917781776179,3.273953296825764e-07,-3.415084068034319e-08,-3.521747336854268e-09,6.325367793772185e-09,-1.1463639883689896e-08,8.242162731051528e-05,-5.347013719452001e-06,0.000902410473045,-9.064245606225582e-05,9.545378539185556e-08,2.231333859172208e-09,1.3440729238486588e-10,5.724247304050965e-09,-5.513248300220538e-09,-0.0003266286334428,8.914333220440532e-06,0.00012648705484,0.002613295818096,-2.8251841954346223e-05,2.416477984645021e-08,3.8995773048303727e-10,-1.3048978759876828e-10,-1.213477272898257e-10,-1.266194690584409e-09,-4.214774504768596e-05,-5.823866999109903e-07,3.462609932900526e-05,0.0002569074610777,0.0005685769033903,0.000254729023127,-1.8180990712177728e-07,5.309255710143599e-08,4.1685764457719405e-09,6.558391810115887e-09,1.4190952896939716e-08,-2.08472317685427e-05,-3.268515180900623e-06,-0.0001259989940782,3.139773397074135e-05,8.499422164567574e-05,0.0028861367668692,0.0004583193905049,-2.818141942665369e-07,2.900452595198436e-08,3.994997831732025e-09,-2.750785775268298e-09,1.71142350079706e-08,-2.8009826599970616e-05,1.0857207273624998e-06,-0.0002951800485964,-3.4021961183415587e-05,-1.212155234226214e-05,-7.926160635388542e-05,0.0008613772121968,0.0004634955614199,-4.450440125381943e-07,1.6504042414196633e-08,1.0095885578877576e-08,2.012199065096609e-08,4.212912848843205e-08,2.078612903969908e-05,5.909093179383423e-05,0.0001828878501549,9.87290745409172e-05,1.6996481065914522e-05,-0.000970432071445,-0.0010047365210404,0.0809815192372348,4.5,10,2.019393404053045,21.69040332575613,0.237,-1,False,ecliptic_BarycentricTrue_J2000,ecliptic_BarycentricTrue_J2000
983315.144590576,10,0.98,10.205964874792398,0.1337167563776987,0.8163698002776045,2.9625927287756135,0.2943318611337503,0.7914143312332103,1.0182099465601275,2.9297829683073253,3.551370378948931,6.217400150992548,0.0510845351967834,0.0028399253598454,3.3514651427198675e-08,1.528706964529937e-07,-7.0967550653095195e-09,1.3436750337356948e-10,1.522093687200809e-09,1.2797866019444164e-09,-4.0940971600544894e-11,-7.36988671407011e-12,1.5190500506934415e-09,6.4643565331875e-09,8.510609278592056e-12,-1.8572700171606904e-12,-1.2982844503431091e-14,1.6162161809200245e-11,8.56588258100902e-10,2.563589899928346e-12,5.115507208411846e-13,7.571616585760017e-15,1.1438166485906477e-13,1.5209808113017206e-11,0.0009402727353684,3.966638726749974e-08,-3.984274475042508e-09,1.6376000211531203e-10,3.591577290791772e-09,4.395827378137797e-09,0.0384574131880517,-0.0011068812313346,-4.6732451210101857e-08,4.376972687194192e-09,-5.43048677312567e-10,-1.4357884470474642e-09,-4.567638082353517e-09,-0.0007940254595911,0.0009488740178927,5.164595787463208e-05,8.052699189237935e-10,3.7433009677682935e-10,1.1459387526425442e-11,-1.487688303604956e-09,-2.3285699231380816e-10,2.0123715963709275e-05,-9.816979416003908e-06,2.042879236180596e-05,-0.0010779100004714,-5.160425920455182e-08,5.127045421052051e-09,-7.72980867146674e-10,-8.286726715900432e-10,-4.258000345132269e-09,0.0042096046871543,0.0009184466307157,-1.0497907585478496e-05,0.0036474696010209,-0.0001454091012744,-4.5160976725220575e-10,-1.6130185337266823e-09,1.295497142118456e-10,-5.07507905153587e-10,-1.2165408106264842e-10,0.0019471062898472,0.0001526401637396,1.7158843563058464e-05,-0.0001016467487551,0.0054916832305952,0.0010486739497345,2.482574087939357e-09,1.5861462570830167e-09,8.673990072846912e-10,-2.1713860276723487e-08,6.968052824775223e-09,-0.0003586850320217,-0.0006708641733322,3.568304674298323e-05,-0.0008941208334871,-0.0011294720504926,0.0012476292639064,0.0008271142628221,1.3064238416248218e-08,9.369150305430546e-09,1.5615631416650987e-09,7.587956858536292e-09,-3.091918045648165e-09,0.0004960536428399,-0.0004346036226705,2.8347445343694808e-05,-0.0014720779872272,0.0043955201549711,-0.0006784495603951,0.010104384475019,3.95224258847319e-07,-4.250978842699247e-07,-2.029348325217309e-07,7.012974073681933e-09,5.407059646987672e-08,8.0882600421232e-09,-0.0002151548754139,0.0002507742165561,-2.6047817534121268e-05,0.0002441302983988,2.054531845157039e-05,-0.0008852401326349,-0.000758028808603,0.0200989888384913,4.5,10,3.341064510968579,27.00275303271149,0.278,-1,False,ecliptic_BarycentricTrue_J2000,ecliptic_BarycentricTrue_J2000
527850.6831184305,10,0.98,14.788394358844975,0.1580722389388363,0.8259309346602022,3.9256115221669114,2.6704653276123014,3.0047892245512395,1.080127565657865,2.103169923847777,1.8259713817888965,2.0615582541679376,5.714473475746143,0.0024887397427417,3.2912307462889734e-08,2.364816045393996e-07,-1.103341170363728e-08,4.0157733055004496e-11,2.373247609196572e-09,-2.5327976312713143e-10,8.129337164833066e-11,-5.3985168316088416e-12,2.353387241266061e-09,-4.757708429778561e-09,-9.026808686405453e-12,-7.202042408370317e-12,7.803269365695268e-14,2.362758323086075e-11,5.687752200002549e-09,1.481066434070063e-12,-1.9546266659982306e-12,2.5942496755121816e-14,-1.029034312737156e-12,2.422494975565422e-11,2.40680761930142e-05,5.32633676051202e-09,-3.051716320376234e-09,-5.040722252310295e-10,-1.1819195611203563e-09,-3.31491033757045e-10,0.0688779055530643,-1.2916936260685264e-05,-5.033210850722462e-09,-7.617960739011411e-10,-1.4035044160271063e-10,-5.553127412577515e-10,-7.074268825022401e-10,1.7924716136785313e-05,2.744568451487635e-05,0.0002606329628239,1.4243788440107853e-08,-4.2658993944615674e-10,-4.0860136759681214e-10,-2.601606383640536e-10,-3.704986113900899e-09,3.029189102536129e-05,3.4780856472549496e-06,0.0001586392396287,1.545954484476003e-06,-5.139644246834809e-09,1.0233349309100592e-09,6.338292095573037e-13,-1.4022525746831346e-10,-1.3284661235292798e-09,-0.0090172087446686,2.716935191540597e-05,7.271683824106285e-06,0.0050194745515906,0.0001067354320213,6.8146205099365385e-09,-7.025115700689773e-09,-7.052133981907896e-10,6.137468416450256e-10,1.3045449139030195e-09,-7.402758618609675e-05,6.445329726419612e-08,6.833492548322281e-05,-0.0005060779650881,0.0125139164356309,5.177936510491806e-05,-2.496926227109315e-08,1.0274589009713644e-08,9.56905059573163e-10,-1.6326876187173643e-09,2.324348558617603e-09,-7.467291951832715e-05,4.790033973752127e-05,2.506985446601008e-05,0.0005270102082771,-0.0094137166560063,0.0078437995567321,0.0003139508305619,-2.213627569670252e-08,-2.3157299561906567e-09,7.25640963048682e-10,-1.6233859351182572e-09,-9.880999479042328e-09,-0.0002818860223038,4.324667442485376e-05,0.0001215764787549,0.0008848167971584,-0.014728741665394,0.0108219102182326,0.03167637475992,0.000101540849831,-4.219284909131923e-07,2.965088971553413e-08,1.497907721700342e-08,1.915019029372861e-09,-2.59151341737877e-10,1.048870987649931e-05,3.836682255611639e-05,-6.507537803873584e-05,3.7671807998106e-05,-3.222917934551099e-05,-0.0009457826853178,-0.0009923695296536,0.027012244531378,4.5,10,4.465692867007304,21.69524359300291,0.271,-1,False,ecliptic_BarycentricTrue_J2000,ecliptic_BarycentricTrue_J2000
423494.3459301948,10,0.98,15.27468659610606,0.065390137293215,0.8586480281703268,2.921252888518351,1.9913963800407362,0.5734341916717481,2.7233340236419616,3.659477450838213,1.091146033885728,0.7661144477165998,5.1678522173765264,0.0037040155869917,-1.7288722841595425e-07,2.565878817425787e-07,7.454498646502048e-09,2.8302816818955984e-10,2.5573963375665477e-09,7.985528898842655e-11,-6.098587693985765e-10,1.8795150142246344e-11,2.550266505176249e-09,-1.2087766684326226e-07,4.870750296794224e-11,-3.35273534390439e-12,-1.6546782202818866e-13,3.2169505714548303e-11,-2.9574854869095542e-09,8.529718468676768e-12,-4.05584733990206e-12,-6.837177392066331e-14,-3.488363873142594e-12,2.729027000097824e-11,-0.0001900036126707,-1.3971114089576196e-07,6.127502142517371e-10,2.5164344985788927e-10,-1.2329514963292291e-08,3.409704586417336e-09,0.0907857972551781,-0.0002415353797258,-3.0027572663050375e-08,-2.6922381125191003e-10,6.342682998608442e-10,-7.509930778459707e-09,-3.589588177170225e-09,0.000101266800445,0.0001765715689776,2.1259439071319675e-05,-7.1414034565682835e-09,-1.3771301910844824e-09,-4.5452996630010617e-11,-3.8344163032890365e-10,-1.3625153157605172e-09,-9.441679195525097e-06,-2.743869944251378e-05,2.674980018149899e-05,0.0002656431753301,6.639641970854865e-08,-4.837248149908315e-10,-1.1014002144878275e-09,7.843658959750691e-09,1.9063895020450696e-09,-0.0115796573338861,-0.0001737011164216,2.555491663579267e-05,0.0043009705815974,6.195238175980754e-05,2.1284123029109488e-08,-8.092408443822214e-09,-1.468473521811651e-09,1.159501834728856e-08,-3.3461986857583883e-09,-0.0055754060773443,-9.50875119874683e-05,4.5869525597605766e-05,-0.0003598164532995,0.0305222484289601,0.0005546690153451,-1.0002063208868221e-07,2.5007412721308865e-08,4.2623482778994406e-10,2.396097622642804e-08,2.28892947393517e-09,-0.0051749236209575,-0.0001812464692496,2.7606353836556903e-05,0.0002481120469552,0.0219214695114,0.0166780999895861,0.0004000415268628,-9.6865953440121e-08,-6.5590385469428555e-09,2.260236220394452e-09,1.4964602396252453e-08,-3.0207872117346673e-09,-8.371650519457153e-05,-0.0001158661502697,5.032184851686302e-07,0.0008123920229816,-0.0086694253936571,-0.0065880341859949,0.0110688330605151,-0.0005197897955693,-1.0048309915526483e-06,-1.425740265580676e-07,8.128724332289395e-09,-4.049016372810061e-08,2.577990008888553e-08,0.0002044382459172,0.0002567514872287,-2.4068048707742264e-05,-0.0002692814433223,-0.0001391343361822,-0.001430840110211,-0.0012827478872612,0.1982036580208059,4.5,10,3.276051103214083,20.84716112690069,0.296,-1,False,ecliptic_BarycentricTrue_J2000,ecliptic_BarycentricTrue_J2000
414583.1150650883,10,0.98,15.175384134563314,0.1537698530848969,0.319192653439081,3.5375547067159983,2.4080192829169227,4.51230015298783,1.766185139229442,2.2172410914301883,3.5060371684037666,0.4246861950365954,4.040040230174893,0.0023143066012889,-9.054445099381396e-08,1.6683927882517394e-07,-2.998924001731281e-09,3.2769365088810537e-10,1.6662244162574262e-09,-6.165428752013464e-10,6.147694378813274e-10,7.958955386399762e-12,1.657033657793305e-09,1.2293117703229041e-08,-6.500357358491365e-11,5.622796857648053e-13,-3.173675966416201e-13,1.70853724967177e-11,7.571203847677118e-09,2.0928985570660354e-11,-6.148403996060438e-13,7.910607274164107e-14,-8.842476414821559e-13,1.74576877052737e-11,3.447059181935244e-05,3.753745585464792e-08,2.842197303656602e-09,-3.2584996875253723e-13,2.8997674865387684e-10,1.1879568083579656e-09,0.0221109887135916,-0.0002401952100034,1.80678288564344e-08,-1.2389977278268892e-09,4.289337579966168e-10,4.3247261908526276e-09,6.185698834539493e-11,-2.427648226564062e-05,0.0001773047735493,-5.955529657284618e-05,-3.674861926841934e-08,3.542526883947442e-09,1.4022319551625658e-10,2.173235436466519e-09,-1.1554329538844986e-09,-4.546780655550455e-06,2.553385259960397e-05,2.0645390895974108e-05,5.252957642184601e-05,8.074022836994914e-09,-4.3586705432313915e-09,-1.824585764885039e-11,-2.3864260391758243e-09,-2.419833042492356e-10,-0.0002211128431539,-2.879387654342328e-05,-1.206748150410204e-05,0.0005078283334652,-4.420192550813389e-05,-2.693002504474438e-08,1.10726373508884e-08,3.9236648666565495e-11,4.438032292398871e-09,1.0622336180004842e-09,0.0009438146093319,9.953692057879778e-06,2.273249684552196e-05,-0.0004323196336897,0.0021964170338381,0.0004045120112279,-2.681005379514385e-07,2.6949954422578505e-08,3.5368909366238163e-10,-4.253637602422589e-10,2.8257087354575992e-09,0.0001744706104999,-0.0001026775622186,1.3113235748786105e-05,0.0001371828424648,0.0004508009716305,0.0022618765284419,0.0001100626089945,-2.775924209484716e-07,2.1200903498507385e-08,3.835059263846789e-10,8.90903819113279e-09,-3.308724504638832e-09,-1.413118384926103e-05,7.640294382451468e-05,4.031680464896705e-05,-1.985980216654115e-05,3.821515370567846e-05,3.295282083087007e-05,0.0006261509406766,0.0001585009134028,-5.773522671593696e-07,7.324833163318229e-08,1.418295551607773e-09,-4.558501199026398e-09,1.831932508744669e-08,6.236309956176137e-06,-4.59044595824566e-06,-4.8538863948223815e-05,1.5436699478291297e-05,-5.7411617927748686e-05,-0.0007562434822574,-0.0007756845963372,0.0209836833955685,4.5,10,2.6303097082171543,25.87096201331933,0.225,-1,False,ecliptic_BarycentricTrue_J2000,ecliptic_BarycentricTrue_J2000
470615.3140922022,10,0.98,14.44173323417904,0.1284255379664033,0.1780599404085949,2.972299243022129,1.4325074314615198,4.52952487858843,0.2488782094666388,3.5091606355308897,2.0297085287415366,0.4466563642681622,5.857185182268889,0.0001677132266535,-9.626636688396712e-11,1.3534693835452513e-08,-1.3031067953706534e-09,3.190585180412628e-12,1.3640675837676198e-10,3.245769659050743e-11,-3.3218788024351196e-11,-9.25186159369624e-13,1.3497176612717175e-10,2.2149984848534886e-09,6.693271000702757e-13,2.6047188035542045e-13,-6.3278758231200464e-15,1.4672234949879665e-12,-1.0095704186705484e-09,-5.3317455995507094e-14,-7.85783660378202e-13,7.622236469820048e-15,-3.325910149293553e-13,1.4010167315514009e-12,7.109521986966866e-08,8.167885485979002e-11,8.587302782945676e-11,1.2248223404448736e-11,-1.0978631157149168e-10,5.0580480072603194e-11,0.0001228702380601,7.870985802481615e-07,-8.332349643101374e-10,-1.2599977690234549e-10,1.3556874996669314e-11,5.686526847076161e-11,2.885142737916711e-11,8.539686291907193e-08,1.457207187362318e-06,3.065903775836813e-06,1.6152154447419115e-10,-5.849327500774317e-10,-1.1254197037919266e-11,3.6411775902775484e-10,-9.352081745885476e-11,-4.467541427453087e-07,4.588640170504926e-07,5.145106201265661e-06,-6.941405957371601e-07,1.4582537287248675e-09,5.138783303248383e-10,-5.1999451544101186e-12,-2.873030831709393e-10,5.922768680149507e-11,6.01196390939931e-05,-1.5822229610342572e-06,-1.011181231679172e-06,0.000128802251723,-4.923719782291178e-06,-3.636889549878004e-09,4.613121734516646e-09,-1.2712017974145824e-11,-2.144178290689056e-10,3.9181216880234386e-12,-6.332554578768823e-05,2.5645509332597848e-06,-5.315413815927383e-06,-9.68932250205336e-05,0.0008664870108518,2.4859367546622884e-05,-2.1733786203242323e-09,-1.3480562640737418e-09,1.0032297417161092e-10,-2.507082210509569e-10,7.258734087985162e-10,6.479554076608765e-05,2.086590000509797e-06,1.7655591297995438e-06,8.586616246527757e-05,-0.0010025285738633,0.0012941012453667,2.020208540331351e-05,-5.9357199610259605e-09,1.7245024874883342e-09,1.0612264254099263e-10,-6.637902793883104e-10,8.307296453020592e-10,1.1017767367195988e-06,4.761591831469305e-06,-5.709257227440687e-06,-4.183459182310501e-06,1.602579834484339e-05,2.4293877552768906e-05,6.524740798754916e-05,-1.499645499331216e-06,-1.7774941385783488e-08,-2.188207925579528e-08,4.764205273034558e-10,6.194679586798964e-10,3.395610019915239e-09,-1.3348965752240888e-06,-2.4207935424383457e-06,7.907253612050234e-06,9.23489369622892e-07,-1.4019671069509576e-05,-6.108972258565143e-05,-7.676735723459183e-05,0.0026048018106726,4.5,10,2.580875644032574,90.62126205632914,0.223,-1,False,ecliptic_BarycentricTrue_J2000,ecliptic_BarycentricTrue_J2000
764596.8029354918,10,0.98,13.0878305342187,0.1977340270566656,0.0283940789163728,1.7009459465269972,1.139721679246016,3.2897961191677605,2.00932348195613,2.6715480593350307,0.3322422886840068,0.3873493494545419,5.42980060962692,4.486068786222268e-05,-1.3702526654562835e-09,3.3482115373736513e-09,1.1726864518787527e-09,-8.239638631566109e-13,3.353113321309698e-11,7.550528733622038e-12,-6.881955308745906e-13,1.612707251761657e-14,3.349420627370598e-11,-6.380962599738607e-11,1.6962864453808525e-13,-5.586891440523679e-14,-2.507197239945759e-15,3.373480003788122e-13,-6.988875083795735e-11,8.690470138576552e-15,-8.675019564158695e-14,-7.39190823527089e-17,1.3375129415348378e-14,3.401775080321548e-13,-2.412481060305538e-07,1.5616714044366588e-11,-1.0632378002811048e-11,-2.749062685644245e-13,-5.99045151106454e-13,1.2176834311765617e-12,4.7454217704807584e-06,2.1310850367166506e-06,3.2134030820909565e-11,1.4990209611672712e-10,3.334445695121315e-12,1.3732305635595424e-11,-9.911297817313582e-12,-2.168238656931199e-07,2.107985155805094e-06,-2.466850140671473e-06,4.97376122474418e-10,3.8426933254799646e-11,-1.0156855594977538e-12,1.816184439301016e-11,-7.290472173990403e-13,-4.1129212074920146e-09,1.449307078098438e-07,1.078616797746904e-06,2.148524965239815e-06,-5.379832739077093e-11,-1.9360464050691523e-10,3.449913849057537e-12,-2.5662809504004103e-12,-6.852150296661301e-12,-7.540629287942409e-07,1.7995963540346278e-06,-2.5035922917558133e-08,1.1998340664996928e-05,-1.8593443868868213e-06,5.461839542962456e-10,5.3355369748233796e-11,-2.80727787837264e-13,2.325891119089889e-11,-2.2006963940228895e-12,5.284863207549435e-06,6.78907774772399e-07,1.0933663797921269e-06,-7.177093313759305e-07,2.3847006198333016e-05,-6.167672835178619e-07,-1.3083121915183822e-11,-1.199800744146048e-09,-8.646458840777958e-14,5.5106051156007555e-11,2.119710997456392e-11,2.1617923660521e-06,8.083312344276324e-07,3.039750146688671e-07,7.299833134707102e-06,1.0854539696271344e-05,2.920503071469356e-05,-1.4254232902999714e-06,-2.9517732874425133e-10,-4.665723815741122e-10,8.856944404868232e-13,-5.6237695942194266e-12,3.2131654194527006e-11,6.156963351223593e-08,-5.88093607538796e-07,2.5749763416385885e-08,-4.446028223648649e-07,-1.1408743182032257e-07,6.958397421553097e-06,9.083874887057212e-06,1.6617517114733243e-05,-1.828954920330533e-09,1.936171443056473e-09,7.433328197409265e-11,6.9681302508259595e-12,8.686083241957342e-11,-4.049113780258371e-07,3.86155786148128e-06,-6.934653414906913e-07,3.370894788021672e-06,2.920019013089358e-07,-1.242325136512051e-05,-1.5364150826462367e-05,0.000187779585317,4.5,10,4.08413316984439,181.85607616538803,0.194,-1,False,ecliptic_BarycentricTrue_J2000,ecliptic_BarycentricTrue_J2000
425578.48622586427,10,0.98,13.911803540822929,0.0715749425273386,0.200017336521378,1.4186436837011913,0.8617473166153548,4.067451530297564,0.9930921607569784,4.519614513271253,2.6464428726102507,0.4961103312408104,0.1924443516700897,0.0021071232568703,-1.1143093146807313e-07,1.535110357444627e-07,1.988762544263225e-08,6.016237884549608e-11,1.5126532338611878e-09,7.655507243375154e-09,3.789222605555659e-10,8.089145132439969e-12,1.5206003583720943e-09,-1.0970736985811451e-09,6.745466587744777e-12,4.431151690061719e-12,3.69690327273846e-14,1.7706150170652637e-11,7.713476002784924e-09,5.001542608493176e-13,-4.977355313280332e-12,2.490089408748645e-14,4.869125686752631e-12,1.666829477415704e-11,2.442699707968024e-05,9.378461973098222e-10,-7.284461105143257e-09,-1.3969106434296108e-10,1.2793356984883555e-09,-1.8402405136586327e-09,0.0122464153978823,-0.0004654199182549,5.265414236037196e-08,1.5863411090129764e-09,-3.071009244230199e-09,-1.378839777213589e-09,1.2082345717903144e-08,-5.206807194357904e-05,0.0004880986196225,0.000101445401803,-2.0018434641567825e-08,2.557704912095388e-09,1.3013675801416874e-09,-2.532666529777912e-10,5.258024812822666e-10,-2.960165497243057e-06,-5.220674528692279e-05,2.3875707837050625e-05,-0.000441291158244,5.0051297853746896e-08,2.6623227718917992e-08,-2.763656146677878e-09,-2.044858998288575e-09,1.1529078066317765e-08,-0.0018671804686062,0.0004688929088039,-4.8304348425161536e-05,0.0016633362123678,2.203871150357936e-05,-1.6677091637931016e-08,-4.538539205119439e-08,5.193490109831471e-10,-9.010083752272226e-10,2.3073333730127395e-09,-0.0010260712896477,2.691742296897835e-05,1.3836087981393026e-05,0.0003993255875501,0.0009481533525545,0.0005219626103357,-9.644818305809609e-08,-5.46368702852205e-08,6.614316641650226e-09,1.7060692690276925e-08,1.041272256422676e-08,0.0006149154509413,-0.0002315100863156,6.786937178537352e-05,-0.0006526754720188,-3.450342801749068e-05,0.0013127150400204,0.0004245254549214,-7.45561699400754e-08,2.1691957481464148e-08,6.248539703656283e-09,5.788605690540652e-09,5.5067702352616835e-09,-8.11523371102968e-06,-9.809653151793388e-05,5.412941537350278e-05,-9.43109440105596e-05,4.172749650563413e-05,0.0003201860574195,0.0005819332715902,0.0002404192663475,-1.4159060871900997e-07,-2.6189145515216042e-08,9.859088542031005e-09,-8.004042990756813e-08,-1.2597532618227174e-08,2.4807624880115257e-05,-8.800878139356917e-05,-4.067230255748172e-05,-8.461715970993947e-05,-4.65441756508313e-05,-0.0007586048634524,-0.0007308348045962,0.0940866145901088,4.5,10,1.8069265204146567,27.002518607579844,0.241,-1,False,ecliptic_BarycentricTrue_J2000,ecliptic_BarycentricTrue_J2000
523694.6949459488,10,0.98,14.45500304725588,0.1687960114334294,0.9075250910601472,2.3326795088421868,2.4255241826795984,4.239816257122801,1.2718535833409172,2.8437496999641576,2.02192463267852,3.3031432134118024,0.864682884401832,0.0018487317699804,3.3220128895136637e-09,1.93024959265218e-07,-1.2734228145835375e-09,5.951086755167401e-11,1.9284731653714446e-09,3.73716874092133e-10,8.947026118114023e-11,3.51816010346654e-12,1.91205970019633e-09,-3.076925835539537e-09,-6.982152515058119e-12,-1.9832237984917245e-12,1.8053762823002616e-13,1.940177233691633e-11,-2.5580019434173327e-08,-1.1672027426226317e-12,-1.4639847162062985e-14,5.6539511624288924e-14,2.287596403836952e-12,2.0210903216847467e-11,-1.2946007613814248e-05,9.512225533763584e-09,-3.730017407539272e-09,1.199243601399503e-09,1.5577507873792852e-09,-1.2307762367748052e-09,0.0917609927876972,7.62035497772016e-06,-9.3767641077512e-09,2.7619857433940457e-10,-1.1296442063024192e-11,6.625862179776741e-10,1.2959167008029759e-09,-3.0995830917243475e-05,2.8442058162408307e-05,1.4958538322066084e-05,-1.798751343326832e-08,-7.843612399974731e-10,1.7763249540712288e-10,-4.262090208023664e-10,2.552004548040672e-09,-2.533864635196318e-05,1.1890266540709168e-05,4.887267175864989e-05,-2.8058698390896386e-06,1.7463086593103835e-08,1.2730894339519606e-09,-7.15306916923598e-10,-1.6042470675479384e-09,-1.6000120354789246e-09,-0.0156808238673583,-2.478412879860657e-05,-1.251078922914187e-05,0.0087528638857358,-1.994103392665937e-06,-1.378371172201764e-09,6.522955475858266e-10,1.542323827560023e-09,1.6107864298067264e-10,2.5971504735145962e-09,-0.0067882016472353,1.0925748830207225e-05,4.676630007782777e-05,-0.0063281071569224,0.0401692422194433,-3.641193017157276e-05,-7.26199658496289e-08,4.511748633036021e-09,3.805127266605101e-10,2.7639356298815283e-09,1.210125265490436e-08,0.0025439086590247,0.0001121912102502,5.130215082205168e-05,0.0037806591137094,-0.0216760786716301,0.0127183911251229,-5.066657712212824e-05,1.7235088548747615e-08,8.6542429779395e-09,1.731532704596084e-09,1.4689983309901987e-09,8.6556863930746e-09,0.0037860962183894,0.0001220449681378,6.207068214035259e-05,0.0151356316585485,-0.0724454620478452,0.0395777605181681,0.1665855522674188,0.0006283811137716,-6.558280508777664e-07,-6.75978924265961e-08,1.7305459195277182e-08,4.346532805381873e-09,-3.0825618347476443e-09,7.19881715631795e-05,-8.034303043627202e-05,-7.433060851260414e-05,8.23678142652653e-05,-6.126333899108356e-05,-0.0011424363940296,-0.0011519407398217,0.0224648392503116,4.5,10,4.075215363693813,24.0697133776377,0.292,-1,False,ecliptic_BarycentricTrue_J2000,ecliptic_BarycentricTrue_J2000
634677.4807262939,10,0.98,11.732921396528257,0.1819055940245619,-0.2482136915900146,2.0388402491520505,0.6145833308229601,2.7261645042336373,1.2852658848140657,2.51887442924222,4.20945856882403,1.2175050112809032,0.8081280580669282,0.0233339362976065,-7.2416038645574416e-06,2.863335595851621e-07,2.0949890461461294e-07,4.8325761668092835e-11,2.936412356510297e-09,2.385580285365796e-07,3.91107434960387e-10,-4.548449243658007e-14,2.743463314176434e-09,4.540994077734484e-08,-3.473268904226856e-11,1.145915708526211e-11,9.7013172198635e-13,3.375933847363881e-11,2.6717270503085263e-08,-4.4110747112097405e-11,-4.8308829174851656e-11,1.1883182917622334e-12,1.4357295436839769e-11,4.192653676672533e-11,0.0003755008335871,-1.3147198272806938e-07,-2.6504703616501263e-08,4.202558362212785e-09,1.2232799547284931e-09,6.41859755257391e-10,0.0202123631504959,-0.0010053421184767,3.215308580262472e-07,5.4531958248856455e-08,-1.2762744870973822e-08,-7.806897903736222e-09,-1.7280878956253887e-08,-5.2495271918491336e-05,0.0001762386362643,0.0006746301609068,-3.206903927384047e-07,2.2974847855129667e-10,7.150911933414744e-09,7.911850925086579e-09,-7.1996523721980915e-09,4.959532675488431e-05,-6.71804638792006e-05,0.0001461844170827,0.0010677368780605,-3.412536404613129e-07,-7.528118211731915e-08,1.3377044542917612e-08,6.787974382241944e-09,1.6444720154646163e-08,0.0026490788626759,-0.0001830394164638,7.756307927602601e-05,0.0018760526819521,0.000320777948998,-1.64549269513076e-07,8.74631083805145e-08,3.198745566702863e-09,4.368753782638429e-09,-7.515597095261524e-09,0.0006011899069579,-2.504038209375254e-05,8.393200339225345e-05,0.0001812465683994,0.0011410627275861,0.0085930454916629,-2.912972728712535e-06,5.756407184992726e-07,9.377954639065385e-08,1.8255205292887125e-08,1.2658012748592797e-08,-0.0001449115507438,-6.59219269704358e-05,-2.3662432042352667e-05,0.0001541273905914,-0.0009106264594443,0.0089760724026376,0.0090578094387753,-3.043727324280505e-06,4.7524549849815574e-07,9.805257983169873e-08,1.3504317558356808e-08,1.5882820445950872e-08,3.368837403282002e-05,-0.0001138479467079,5.322736772265431e-05,0.0001103291879114,6.0805785622043526e-05,0.0058898075294634,0.0052828027366071,-0.0034461988126529,-5.798433562181424e-07,-2.753458468248176e-07,2.475950381929024e-09,-4.130424885988886e-09,-6.984937022083816e-08,-7.752252990461042e-05,0.0003262473418893,-7.451771116212393e-05,-0.0003291692458216,-2.8238357512733115e-05,-0.0020971026224101,-0.0022666294510879,0.0181561437469162,4.5,10,1.363629903253584,20.10652939158469,0.223,-1,False,ecliptic_BarycentricTrue_J2000,ecliptic_BarycentricTrue_J2000
230155.66997808585,10,0.98,15.595857108179304,0.0845985302590094,0.257481408373625,1.8841060820509221,0.7456755904523086,6.273163346663924,2.620107634431716,5.457485940566607,0.1097507497735066,2.309146131163561,3.6269756074618233,0.0010737094203055,-4.743638095917962e-07,6.382044302438715e-08,4.2724238122307305e-08,1.2848647394862516e-10,6.473851186544096e-10,1.4185338011603969e-08,-1.2100767905907188e-10,2.245200236293004e-12,5.967246521105491e-10,-2.4595170680971044e-08,5.161830025510019e-11,-4.948376513095878e-12,5.067892102447855e-13,9.40805011125625e-12,-6.013945860956277e-09,2.5887539019144502e-11,1.7165383105508102e-13,4.934170037335455e-13,4.224997540835405e-12,8.791494285075679e-12,5.76661561041843e-06,1.82400898553789e-08,1.9185147206354043e-09,-4.511520457082151e-10,2.2800315092212157e-10,-6.466503412400836e-10,0.0008068902846869,-3.246853056246242e-05,-1.0224129235499397e-07,1.202393305243711e-08,3.168860988001105e-09,1.1717058718726843e-09,3.357308936081982e-09,-4.251550045361187e-05,0.00039256160712,3.081836979497487e-05,-2.985285458574426e-08,3.0388968846222316e-09,1.319709470384723e-09,1.2625934186972871e-09,1.586343480764469e-09,-9.33795494379947e-07,4.649552532494646e-06,4.073886475154479e-06,-2.944109110359906e-05,-8.544982649459035e-08,1.9986729132525304e-08,2.812732849399961e-09,2.1941198072487903e-09,2.555980591282414e-09,0.0002304359896457,0.0003888198520952,3.1891607092868528e-06,0.0010918954613522,4.833704287289583e-05,-2.1233751144626922e-08,8.126092721751887e-12,1.241918754158367e-09,1.670624196978233e-09,2.40939713225506e-09,-7.504205308160098e-06,-1.988077755011889e-05,5.830210760359795e-06,-4.342174689904069e-05,0.0007461994478781,0.0002391445759719,-2.828136663995347e-07,1.524821920361169e-08,1.3110910362787009e-08,1.0523884672162572e-08,7.103952927865887e-09,-2.469751881232117e-06,-1.732603728223722e-05,2.051628030939066e-05,-2.9130079708158043e-05,0.0003323362410883,0.000759910767109,0.0002459023611106,-2.6010770900799765e-07,3.0708692753847685e-08,1.356333383113804e-08,1.2408045197037473e-08,9.509305573881124e-09,-9.643896417178058e-07,8.36656922477747e-06,1.9713282756608345e-05,6.810800550885884e-06,1.5686783315143884e-05,0.0001340704957299,0.0002932280701168,-0.0005178701183886,7.811404767023081e-08,-5.250147804318127e-08,-3.220886748079298e-09,6.4223600134288655e-09,1.500934246728539e-08,-4.367055001086207e-06,1.7028623751787295e-05,-3.0726625449687854e-05,1.1566766068890692e-05,-3.7530235345835385e-05,-0.0003920797261017,-0.0003906801237519,0.0339364639819892,4.5,10,0.8856236986480968,43.11779280688452,0.251,-1,False,ecliptic_BarycentricTrue_J2000,ecliptic_BarycentricTrue_J2000
600876.868881326,10,0.98,12.472184711159194,0.1945415010152835,0.3500122471759843,2.3199302212272572,2.387717058898163,6.162916161164999,2.8148295187199426,2.646837925778049,0.9197446660154353,1.2234465163904389,4.19667306525923,0.0020477439894117,5.070681330886527e-08,8.658386138179593e-08,1.9879903369217813e-08,2.637351384737225e-11,8.725096628091893e-10,5.2416688822977307e-11,3.1422854076561637e-10,7.924824736874771e-12,8.630315799719775e-10,-3.498319373331139e-09,-9.41679845150115e-12,-4.382914901696536e-12,-9.985193968998689e-14,9.122418296145692e-12,5.948898307140325e-09,2.915165008785152e-12,-7.431180004840825e-13,1.2395181098038375e-14,-1.989327531081161e-12,9.279755079333776e-12,-5.316200131502653e-05,-7.845134848735771e-09,-4.560685269755394e-10,-3.887534050485367e-11,3.6296156284201404e-10,-1.7259395538453702e-10,0.0049911206743613,-0.0001023610524879,-9.914933075230882e-09,5.608246630711474e-10,4.0258718617674687e-11,7.897640535054575e-10,4.510013791641245e-11,1.1864163142616768e-05,2.362513807846917e-05,0.0001489819400896,1.2698562856269269e-08,2.8673695669185315e-09,-1.338312627975701e-10,-1.2510383396782351e-09,1.805552088236093e-09,-5.097511753642727e-06,-1.2062208481681396e-05,3.14617565522064e-05,5.663739710961872e-05,8.826128699691063e-09,3.0264926239651437e-09,1.568032505990501e-11,-7.286878570398226e-10,9.540256799791183e-10,-0.0002166656504153,-1.4098948439441244e-06,1.3086391880796923e-05,0.0003690256169984,-0.0001801733182773,-1.185342830592469e-08,5.973136250794973e-09,2.1024297687250587e-10,1.9590549971001195e-09,2.438373922203973e-09,-0.0018608327936324,6.170843451166566e-05,-1.4004522750894055e-05,0.0005434148172704,0.0078943521600134,7.530578851935098e-05,-3.736335128075532e-08,3.453886470522194e-09,5.453477507346506e-10,3.064833147154041e-09,-2.0581747666376606e-11,-0.0017743185065808,6.297228338940928e-05,-6.53508468376045e-06,0.0002785799266381,0.0078333658882102,0.008625667813239,0.0004345346602119,4.205863108832409e-11,9.71949518940836e-09,3.4457319338875287e-10,-1.8496362377757687e-09,1.7299068132779215e-09,-1.1557300739860256e-05,-1.870170660535372e-05,3.550939865189745e-05,6.327493547197697e-06,-8.429104921951066e-06,6.464699883335612e-05,0.0004245889417561,-0.0002886772067608,-1.082352203994218e-07,-5.086055131685482e-08,2.1162198073475483e-09,-2.51026964064322e-09,2.8454124586383923e-08,2.5075721322911387e-05,5.453391354398657e-05,-2.528577009702613e-05,-1.9173254526620315e-06,0.0001552236245176,-0.0002170799109735,-0.0004189481222867,0.006049608836672,4.5,10,2.4319605301285776,35.85215741003731,0.215,-1,False,ecliptic_BarycentricTrue_J2000,ecliptic_BarycentricTrue_J2000
487721.09660296165,10,0.98,14.911535275025592,0.0739996803682519,0.4003797535003217,2.141943768176943,1.9702244463536338,0.4124283646397997,1.8068933110234824,4.830251153672226,5.719975278973986,0.1543535354818294,3.911989225545345,7.146720974090472e-06,1.1214970878684762e-10,6.313536768931915e-10,-4.9788618933747196e-11,1.272445442583563e-13,6.328452827357707e-12,1.4991844833298942e-12,-2.534876705189336e-13,-4.194376388687111e-14,6.304520457601787e-12,4.16717281368533e-10,2.881911839011211e-14,-1.9480973313955383e-14,2.473268626955971e-16,1.03615734005547e-13,-5.011856591289417e-11,3.400848615713988e-15,8.605683349729107e-15,-4.550242499143649e-17,-5.8455104644561906e-15,6.4798961436605e-14,-7.907027834579127e-09,-4.3847129012058344e-13,2.890829621445e-13,-2.280037116703556e-14,-1.7879032728673108e-13,5.3322421136620624e-14,2.841342925602624e-07,1.01972687229331e-07,-2.4852358429060507e-11,1.719441027039688e-11,3.16518057945582e-13,-2.1985932646799773e-11,-3.758305210951527e-12,-4.080640953591611e-09,1.3604162143054756e-07,1.1214033633392649e-07,1.0114028113793086e-11,-1.4496014011425055e-11,3.3924092056824593e-13,3.824026753881043e-11,7.492005363421345e-12,-3.725042429682399e-10,-3.867488900806605e-08,1.1859617277908313e-07,-2.9389543952883608e-08,1.882894543671458e-11,-3.647434124676173e-11,1.81111861903566e-13,-2.433320376258944e-11,-3.5497099207608106e-12,-5.8743361389695895e-08,-8.568294605846664e-09,-6.633329712985271e-08,4.731740673440464e-06,5.865402672104478e-08,-3.640556856759261e-13,3.5224162203825886e-11,-6.985343245726504e-14,2.416776713399613e-11,4.196645900761222e-12,5.389617566218181e-08,1.2413358523951662e-08,8.04525137110015e-08,-3.135819497428417e-06,4.523021462304481e-06,5.815850844901244e-07,-9.255748896673128e-11,-3.4212039921486917e-11,3.8887607697288135e-12,1.0650859285829827e-10,3.665564209092364e-11,-1.0920512378603763e-09,2.483628883715453e-07,1.6989891905037252e-07,-4.98045534066134e-07,1.3308446666008526e-06,8.689089744268722e-06,2.4465476336684306e-07,-5.439127526954795e-11,3.516610871876559e-12,2.124376335980466e-12,6.332674647961502e-11,1.3406376616147339e-11,-8.111777076483722e-09,1.588306712102259e-07,1.6190861786573756e-07,-1.4531123856418592e-07,1.314040868151133e-07,3.315363459442848e-07,2.6684204536863e-06,2.659920658353068e-06,-7.853251566218354e-10,2.09958459899126e-10,7.46925882665626e-12,-2.1655013626910176e-11,-4.7214918714020127e-11,-2.969202594071007e-09,2.431611914265023e-07,-3.352085486409728e-07,1.387214068064421e-07,-1.1155962704197665e-07,-2.8397490347065024e-06,-3.103695553919498e-06,0.0003316122539063,4.5,10,3.470812900485136,419.1725101352295,0.217,-1,False,ecliptic_BarycentricTrue_J2000,ecliptic_BarycentricTrue_J2000
540967.5813411007,10,0.98,13.318368448163216,0.094263818092431,0.3855100219374607,4.981926731399542,1.494056188726221,2.3752351151599744,0.3783338079084111,4.4615357086431695,3.632722081793166,2.273813013412124,5.375653178200286,0.0014341390194825,-2.86147303524308e-08,1.0468317973876764e-07,7.743769983555321e-09,5.767606482224511e-11,1.048623974144912e-09,1.2898883731368168e-10,1.4183942539389032e-10,4.284528575457261e-12,1.03803176792156e-09,-4.366896864701509e-08,8.441553724604635e-12,-2.386803036168139e-12,3.7338439754024485e-14,1.2303469044035911e-11,7.785391488599331e-09,-9.647746917986696e-13,1.4831441252652465e-12,-1.3587702814634255e-14,-2.114126791412295e-12,1.0391589251655536e-11,5.624985988372147e-05,7.769647625423047e-09,-9.156234173319735e-10,-5.167495795997586e-10,-2.992418698228469e-09,2.294409523136069e-09,0.0101846571500144,-0.0001124465746977,-1.2521649284596465e-08,3.239877684180862e-09,1.1741042667561216e-09,4.654014509564018e-09,-4.8625018071551175e-09,-7.387037529318486e-05,0.0001592539121489,-5.408251438449591e-06,5.789706660281496e-10,1.9313969548891188e-10,-4.6158470305238365e-11,6.003375793254775e-10,9.577874994141982e-10,4.326661323724948e-06,-9.750470386819771e-06,1.4337366862359086e-05,-4.539241820227217e-05,-4.3915983796664545e-09,-9.1500414406586e-11,4.1779171224945076e-10,1.499448708573798e-09,-1.847560221235741e-09,-0.0002130573741109,5.978596226852183e-05,-5.138978619078176e-06,0.0003825558667908,-0.0002837599113559,-4.3341563932248526e-08,6.9044490327625604e-09,2.5503301001831587e-09,1.2945554645802674e-08,-9.866263199809042e-09,-0.0018555259390451,0.0003677308036361,-6.79526160401692e-07,0.0007898016480692,0.0090445588835208,0.0004288247975185,1.6961523671767553e-08,-5.020949507989227e-09,-5.69134827382322e-10,-5.926987708412245e-09,7.283694148910565e-09,0.0017141974800321,-0.0002763318586883,2.33188170380448e-06,-0.0009357023760516,-0.0081602324990061,0.0085756724636805,0.0001175695681993,-1.8886540405764524e-08,3.057679711102961e-09,2.046975690457154e-09,2.4946376373932758e-09,-9.838599342007123e-11,-5.4388533017006165e-05,0.0001253583130535,-1.845526555324685e-06,4.003417258210327e-05,0.0002848299025385,-0.0002137762570781,0.0004869571744238,0.0001620636541335,-1.241448276045171e-07,2.7437028402109405e-08,6.190899629537885e-09,1.2464854278957716e-08,2.6185371721312213e-08,6.146411729041937e-05,-0.0001419322009546,-5.674041865276829e-06,-4.944989279185073e-05,-0.0003318055975162,-0.0001841736379294,-0.0005296347347506,0.0403128950514558,4.5,10,2.639471553543585,32.6701569930338,0.233,-1,False,ecliptic_BarycentricTrue_J2000,ecliptic_BarycentricTrue_J2000
791939.4766267114,10,0.98,13.869199681897054,0.0984360006932452,-0.6841360933631626,3.81389736827423,2.563996441519252,2.510138875435285,0.8300732032026196,2.8274564768844166,6.252152359685378,5.976674150470941,2.2656461532828427,0.002001866917299,-1.6282606271698246e-07,6.603468064318454e-08,-1.909759872703793e-09,2.784702929115092e-12,6.629097488778504e-10,2.519065580795415e-09,6.55115416622033e-11,-4.072610628279628e-12,6.61351603339088e-10,-9.297702220800245e-09,3.79729186533626e-12,-2.025066775776203e-12,1.1609651122519584e-13,1.930840320322364e-11,6.108269566802848e-09,-5.245728971632107e-12,1.0053403415854194e-12,1.0056101057980909e-13,2.61255383300022e-14,7.302874654111891e-12,-2.1293252080988693e-05,3.9206759982924595e-09,8.339805601707857e-10,-4.4206197337160876e-11,-1.775370605393714e-09,-3.6516592608130087e-10,0.0004561039194041,5.79898369798474e-05,-1.4893499667198105e-08,-3.4650601373216283e-09,2.3226068076501168e-11,4.478735172913981e-09,1.224073798918969e-09,-4.743689673824628e-05,0.0002768194108386,0.0002236951956816,-2.116606032611645e-08,-7.50848842125809e-09,6.293040973081761e-10,2.5132167760970304e-08,2.3985725516951192e-09,-4.497081583385329e-06,2.623622595831506e-07,8.547259576956814e-05,-1.0640473109442698e-05,3.973161431645646e-09,1.732807162734737e-09,5.983364461518319e-11,-4.798624024331522e-10,-4.5884965092998444e-10,3.311845673859952e-05,-9.990381755635108e-05,4.231859866480887e-06,0.0002832585216874,0.0002621555311566,-3.514562049460078e-08,-1.4176862996155808e-08,7.215662147933122e-10,2.7475056870584418e-08,3.667910978739415e-09,-0.0001407481682481,0.0002364146969058,8.689637056214572e-05,-0.0001565125144076,0.0013303083969982,0.0004252066141948,-5.638076550942094e-08,2.7510510030374995e-08,7.29025274365924e-10,-2.81676020954635e-08,1.2719887720541958e-10,0.0001366945222634,-0.0003980347083541,5.000154649378162e-05,0.0003019937395348,-0.0010247068206908,0.0038323639436385,0.0006404635268833,-9.119316349560545e-08,-5.63856722617045e-09,1.2958689630391552e-09,6.347639129053276e-10,4.298176146693817e-09,9.068566464721732e-07,-3.154113932369652e-05,0.0001049854680696,-1.3489197236403948e-05,5.14538058577995e-05,0.0012170334537579,0.0006965842862778,-0.0002418894378295,-6.408835957506433e-08,3.082410376145758e-08,3.763580500474738e-11,-1.337832872989631e-08,4.5932207654863565e-09,-8.091203214849348e-06,7.383309343646498e-05,-9.19095075785522e-05,-3.057226493785059e-05,-2.585520129133769e-05,-0.0004285519002195,-0.0004196433196797,0.0064095504088931,4.5,10,3.694293094750208,40.95702638471474,0.176,-1,False,ecliptic_BarycentricTrue_J2000,ecliptic_BarycentricTrue_J2000
516311.92132419365,10,0.98,11.543659095094656,0.0871421570102442,0.782406906492968,3.156561126801346,2.4545993928501737,5.964997372907508,1.8164494861038785,2.186107171753266,6.1041638330741685,0.0727769511245686,5.531817924895693,0.0005490954102009,-1.031543575982571e-07,2.2810289448887105e-08,1.4128044265350478e-08,5.5673203847958544e-11,2.2316028982797043e-10,2.16629008111714e-09,2.2651238839531803e-10,-4.028134682035606e-12,2.2116370025012187e-10,-1.3168535520528781e-08,1.0944862039126438e-11,-1.2026555103836274e-12,3.937562368169896e-14,3.199556110974762e-12,-9.413657472145569e-09,5.28677024539097e-12,-7.330971264712878e-13,4.0437479889924894e-14,1.0578002417198842e-12,2.72324509129709e-12,3.938580005217352e-05,-1.4549286204662334e-08,2.172591065203036e-09,3.256767992470936e-10,-2.1610301160052875e-10,-5.597637969453916e-10,0.0004885536502018,0.0001626973506242,-5.9265853507640966e-08,8.708336064620068e-09,1.2712463181075308e-09,-1.284480767239989e-09,-2.41648609380457e-09,3.586227309139382e-05,0.0001430348952533,2.815389569153584e-05,-8.872820363783395e-10,1.8878390920992784e-10,1.5662374240836738e-10,-3.134557024831409e-10,-4.0532071907132867e-10,1.8955896453257715e-06,8.460184580587787e-06,4.285281930330189e-06,0.0001623166645007,-5.8441312920725416e-08,8.606841437454261e-09,1.2301889467087407e-09,-1.4590784247923562e-09,-2.368431888293088e-09,-1.34129560557863e-05,0.000141230685028,8.515588877602782e-06,0.0008769185319071,2.385569287196363e-05,7.800837338395592e-10,-1.174823830777425e-10,1.4048762020563474e-10,-4.3530270494733614e-10,-2.9283389107785736e-10,5.603455625199882e-05,3.304702190316777e-06,4.133065010118808e-06,0.0003520854919468,0.0007545774251273,0.0001539409191506,-5.3657819782977684e-08,7.945525257963652e-09,1.157575977785819e-09,-5.737942922637757e-09,-8.830936535683324e-10,2.564938651411669e-05,5.159413624051084e-05,1.0354645668177025e-05,2.9149638823114224e-05,8.649866031583564e-05,0.0001160613805865,0.000146765156275,-5.7176677716424096e-08,7.505140572176695e-09,1.123679280075098e-09,-6.0965678799455755e-09,-8.40319503095938e-10,1.3317287787401538e-05,6.667274389154635e-05,9.156380413951276e-06,-0.0021572033372095,-0.00216348545221,-8.405073418366766e-05,0.0136345623214763,8.335156150086077e-06,-3.8318460043921385e-08,-1.6584879791212252e-08,1.760173785025192e-09,1.1006978350270488e-08,9.150483323589018e-09,-5.417460441808383e-06,-2.214349594849843e-05,2.013145312147743e-06,-2.2532726780402205e-05,2.159958514241895e-06,-9.196799224144494e-05,-9.50934268593304e-05,0.0105500812706028,4.5,10,1.5332792847573191,71.158808156538,0.287,-1,False,ecliptic_BarycentricTrue_J2000,ecliptic_BarycentricTrue_J2000
233425.74155710705,10,0.98,13.818552512578528,0.1701686537293884,0.2128940911482422,4.52880572600127,1.4863004115400062,1.8823605141372823,2.0862235612479867,1.7307822026987676,3.604471744677981,5.791073973575879,2.212359194239406,8.565860684879864e-05,-2.7865197547166213e-08,4.4882469658236305e-09,2.108030658446313e-09,1.2374992795806984e-11,4.4814481231688e-11,8.659824225251665e-10,-3.0410408875834385e-11,8.209401467141034e-13,3.969553133630844e-11,-1.2535453408044212e-09,3.671119280223629e-12,-1.2595025272417782e-14,4.132269398053468e-14,4.308979023301603e-13,9.5578015151003e-10,-1.368889878460187e-12,2.188806480599029e-13,1.255217381167357e-13,-1.1928027119481854e-14,5.142912407320491e-13,-2.4912280701421894e-07,-8.111142593185287e-10,-3.4646219452685925e-11,5.999318387881877e-11,1.8625973513901992e-11,2.009571350562586e-12,1.4183004547181308e-06,4.956194680284304e-06,8.748342359444387e-09,-1.0012174123391895e-09,-6.873951105791204e-10,-2.022152965540842e-10,-1.0105649107111827e-10,-1.577846437277014e-07,2.074842522968897e-06,3.6211517283519337e-06,-8.668488977632986e-10,9.573716583951736e-11,-3.474081917375596e-11,-6.548186088042192e-11,6.440666658323651e-11,-4.171262680659717e-08,6.250999436394857e-07,4.400969811557986e-07,-3.664385386982764e-06,-9.622057170587378e-09,-7.093273252206228e-10,7.29700926580546e-10,2.4457601414449184e-10,-5.13894311294581e-12,3.571740339598996e-06,-2.044432094058104e-06,-6.041138253989676e-07,4.937220050703149e-05,2.0527602964035058e-06,-1.1427596248095059e-09,2.36446547755665e-10,-2.325334578104674e-11,-3.8202777975515534e-11,1.1073947178013159e-11,3.699875157003317e-07,5.059284932723208e-07,2.716042994296023e-07,3.19779457497552e-06,1.5698270477318244e-05,-2.8070325297241256e-06,-5.521482653362329e-08,4.023300501532053e-09,3.65281945437695e-09,7.290628883506242e-10,8.176529883441711e-10,9.292583125005214e-07,-7.330025613375297e-06,-1.952918636177386e-06,1.288334916333653e-05,-5.785904980389492e-06,6.717174992769309e-05,-1.364378338443e-06,-5.317658455182231e-08,6.55300648885348e-09,3.609294283622489e-09,6.759685301142809e-10,8.390272433156712e-10,5.434537784993554e-07,-6.909408840567221e-06,-1.6846908550898163e-06,6.9399715602069714e-06,-1.4105519274519212e-06,3.121854887330698e-05,3.694634050767845e-05,-2.84180581310246e-05,-6.827806501203761e-09,-3.536378338147437e-09,2.0561446598685184e-10,4.0242265074895606e-10,-2.2501233772142235e-10,1.260204147514707e-07,-2.8107218280397034e-06,-3.1088777785344537e-06,2.2119068352991863e-06,-1.9646190631141093e-06,-4.72341151491443e-06,-6.881022136925906e-06,0.0004928046855583,4.5,10,0.5338328354956028,168.27646830916524,0.271,-1,False,ecliptic_BarycentricTrue_J2000,ecliptic_BarycentricTrue_J2000
571381.6713333973,10,0.981,14.717249411253164,0.118396986110433,0.2953396693762322,2.7474377291998846,1.9900569324999662,4.095042410941172,2.7196190740773254,6.259657814681353,0.6084262632739754,2.036705995233712,0.1554538088749819,0.001582181274906,9.12705591963634e-09,1.38405541220045e-07,-9.219683295008765e-09,2.6363438590945142e-11,1.3849000818324391e-09,-3.5340469672456133e-11,-4.913281668262573e-11,-1.376181856587997e-12,1.382770955129066e-09,7.573748525285298e-09,-2.624271620515584e-12,-6.577616981475058e-13,-5.7550432489539585e-15,1.3811539681620931e-11,-1.4272663921797428e-11,2.776447417356344e-12,8.498930696477657e-13,1.5660692343897849e-15,1.1391042255647193e-12,1.4102801822153866e-11,-7.179465424479453e-05,-1.0433253898217942e-08,1.1576442959499127e-10,-5.3248986776324456e-11,-9.14906564583709e-10,-1.0290875592299438e-09,0.0202934897583394,-0.0001093094572178,-9.14749077691638e-09,4.3964846619044087e-10,2.6126662789031472e-11,-1.388041244912501e-09,-1.6271643686906596e-09,0.0001243444367085,0.0001774735833279,-1.2556204616150056e-05,-1.798013234498939e-09,9.189719146929359e-10,-1.1966314951079455e-11,1.617105975496322e-09,-2.391745676750602e-10,-1.3545613217883922e-05,-1.2056932060093722e-05,2.657855955170707e-05,-5.931355696891566e-05,1.6233905179600071e-09,-7.141651625843595e-10,3.976032148642263e-12,-1.073515017068035e-09,-5.218436220322683e-10,2.7932577297472816e-05,7.899606646235334e-05,-1.0179947378911862e-05,0.0007321474579588,0.0002271681515203,-1.2238256432922012e-11,3.3764747772185434e-09,-1.1491941711329588e-11,4.778971068216466e-09,2.095636876054862e-09,-0.0001503220588839,-0.0003413437040359,5.1196432039392864e-05,-0.0017986870507991,0.0095599469277709,0.0004326247833413,-2.1625770743224223e-08,9.153825667147349e-09,1.5298389774724875e-10,-8.334721653661961e-09,2.536855805096566e-09,-0.0002224991070325,-0.0004380236697077,5.244022923038904e-05,-0.0017579799411375,0.009196776454735,0.0107753771294172,8.915922586474075e-05,-1.9473283788958485e-08,3.772292421631386e-09,5.3713482410861297e-11,1.7772720748277703e-09,4.072306838517318e-09,-5.663354941598694e-05,-7.888305288407937e-05,1.3778931372528852e-05,-4.509499436224194e-05,0.0001700665815801,0.0002193236214552,0.0004329940896816,0.0001589549253418,-5.148776197173277e-07,1.0565231080296912e-08,1.2890303138263202e-09,5.964869024661855e-09,6.712249668940902e-09,0.0001162191234638,0.0001630077515921,-2.606723078421876e-05,8.300947589273255e-05,-0.0003356116765861,-0.0010032921207175,-0.0006630479728428,0.0292066686280871,4.5,10,4.337396510198743,28.303824801253903,0.197,-1,False,ecliptic_BarycentricTrue_J2000,ecliptic_BarycentricTrue_J2000
479889.7009198097,10,0.98,14.363524846621038,0.0743912110124739,0.089499505988412,1.8334141911627557,0.6439305178868244,5.53232850139231,1.5841229821887546,4.7995097733939165,3.037526866037456,5.119255904446971,0.5321915076192355,0.0015739246212234,-4.6193639843654574e-08,1.1261388448197625e-07,1.2114123686318374e-07,-1.47339806446487e-10,1.1634878695581554e-09,1.0350893090151715e-10,-3.495568603209126e-10,8.779985180723247e-13,1.124212950885859e-09,-1.87140202484558e-08,4.6718880619221766e-11,-1.0122385110365736e-11,-1.5083833476481993e-13,1.2328261770874635e-11,-7.210871835063137e-09,1.3632380072792613e-11,2.3244844569507005e-12,-3.743486493443966e-14,1.8581879243270213e-12,1.2391538740709584e-11,-9.226654388669293e-06,2.8100890840357635e-08,7.610769991685126e-09,-3.460002933493133e-11,7.765525059125934e-09,3.208993525660751e-09,0.0075137398936384,-3.564079270105698e-05,6.770861297048454e-08,7.1108904990861985e-09,-1.5266350661343646e-10,1.8945522521654825e-08,7.480296379960195e-09,0.0004154846876671,0.0009821842785854,4.728347148540365e-05,2.450282002306792e-08,4.395427612736852e-09,-1.5087799526455874e-10,1.455831631931853e-09,1.0919542770507688e-09,5.40044932676527e-06,8.828877143415322e-06,1.390284583544011e-05,2.979385939999696e-05,-5.4264760687971243e-08,-1.9516823982230813e-08,1.0949061968014266e-10,-1.5922615500490397e-08,-6.426151115619333e-09,-0.0002151626084184,-0.0008108750110159,-6.755352316742936e-06,0.0010305269730074,4.9522292509682096e-05,2.3303790272514786e-08,7.644849809756943e-09,-1.339264821712191e-10,1.2136811134128871e-09,1.0581607149106215e-09,0.0012839695399618,1.1486103681556802e-06,1.4394935999182236e-05,4.272826583599858e-05,0.0007965839323436,0.0001677079376828,-1.0416598568332058e-07,-9.740932425613398e-08,6.599362963889061e-10,1.4273122871176588e-10,4.279561898343873e-09,-0.0001708846178264,-0.0004454312134765,-9.958714473754132e-06,0.000640811947335,-2.209948929963937e-05,0.001098586721766,0.0001283335504714,-1.0671062025734937e-07,-1.2501824492801906e-08,6.824265301832134e-10,-5.833721497486095e-11,5.015695426546184e-09,3.733233209106892e-05,9.121662486170604e-05,-6.9456128843953134e-06,-7.610488552387062e-05,-8.122754599378507e-06,0.0001662211493701,0.000308464736113,0.0002714189859091,-2.345933922161651e-07,-5.150224051178255e-08,1.492917230625085e-09,1.8847193437985843e-08,7.19666159481853e-09,-2.6423671523769765e-05,-6.554089704530737e-05,3.3308414175439605e-05,5.604693347083623e-05,3.361142163278077e-05,-0.0004136398615983,-0.0004861276443706,0.0587430335529481,4.5,10,2.5095270335994515,31.404009484239744,0.221,-1,False,ecliptic_BarycentricTrue_J2000,ecliptic_BarycentricTrue_J2000
724541.0301623924,10,0.982,12.440995202488686,0.1398082197283783,0.2068898513353023,3.031612123858042,0.8537006953704371,1.429874066305267,0.5489682241455369,6.238015645320161,1.3633242703451671,3.774080799751165,1.2594489232479291,0.0003357777699367,-5.695042821815825e-09,2.3096730244789777e-08,2.160734802047511e-10,5.454420365356899e-12,2.3047796698420567e-10,3.511645807026345e-11,1.9302016183831712e-11,-7.049830124699258e-13,2.292748554517466e-10,5.49924805768235e-10,7.0513238079521e-13,-3.029675102258165e-13,9.478731534648757e-16,2.4851965250352137e-12,-1.1009755464572567e-09,1.289143182645277e-13,-5.6588483645479816e-14,3.2829375098545693e-15,9.387309661257665e-14,2.295547047005184e-12,1.7603372961911816e-05,-2.9772902880729824e-10,1.7638768528802767e-10,-2.4660162459395068e-12,2.00428507531515e-10,1.5500743199937494e-12,0.0006017348630864,5.59015801089576e-05,-1.683672631694556e-09,5.280871571402992e-10,-1.3238360916295956e-11,-3.2855552570215006e-10,-2.963050730279812e-11,1.041627116065058e-05,4.044002044112036e-05,2.3536910596623142e-05,-8.13703277262216e-10,1.0015814575601528e-10,-7.827492051605996e-12,5.479401292737045e-10,-8.482864729317708e-11,2.304377573237965e-06,5.786944906967935e-06,5.730875459816368e-06,4.696126264818199e-05,-1.4219653002949471e-09,3.1732882974256127e-10,-1.4663088949080594e-11,-9.342522215518704e-10,-1.0202959072721603e-10,-5.8610232235593416e-05,3.717879241713788e-05,4.861960726911804e-06,0.0003261251515242,-1.884890439365144e-05,7.53846659683301e-10,-1.945138601616096e-10,2.5576725949272004e-12,8.302656656067883e-10,4.9629357580569564e-11,4.5690708989365295e-05,-1.860424863049801e-05,-6.864269316421065e-07,-0.000189689932473,0.0003333609819296,0.0001265259116141,-5.290783284533351e-09,5.328229067806614e-10,8.857216158553505e-11,-4.659538518512475e-10,1.6943321159776758e-10,-2.2921733743283e-05,8.087605167014864e-05,1.3591065960922e-05,0.0002369852910279,-0.0002688931230105,0.0006510599011133,4.1262551277114384e-05,-3.370282718011956e-09,1.698989480272614e-09,8.749389841853881e-11,-2.583812056806979e-09,2.5762018032445147e-10,1.0643179629829902e-05,4.523798239655014e-05,1.470067592233028e-06,4.274460529337812e-05,-2.2947771591611475e-05,0.0001029887711909,0.0001175125619028,0.0001520104590472,-6.551930104348352e-08,2.1707052734258743e-10,2.172862327823711e-09,6.3060845495189366e-09,2.413656610483901e-09,2.633884735628525e-06,-2.386414643218497e-06,1.529318875479871e-05,-6.158790812794745e-06,7.755167225733474e-06,-9.069843131461032e-05,-0.0001211718525403,0.0035829631226416,4.5,10,3.2217783907521054,69.50825315901089,0.216,-1,False,ecliptic_BarycentricTrue_J2000,ecliptic_BarycentricTrue_J2000
1109829.0631151,10,0.981,10.370403365100463,0.1429041233108317,0.4439143166887502,2.29363882506851,2.7733447903136748,5.115906179460213,1.9285206588203,1.88693786379676,0.3553224093746313,1.4018507472766537,5.656875365117543,0.002393751108716,-9.690727264245068e-08,1.7131896353996233e-07,2.7105182866852267e-10,2.110473355692811e-11,1.711289440914707e-09,2.772795977850551e-10,4.686069546570961e-11,-2.0684255974758917e-11,1.713324649249389e-09,8.103338444499437e-09,-6.151250868599103e-12,6.796752391368848e-13,-3.5761993671149225e-14,1.7513472641538714e-11,2.9586663891635102e-09,3.3840981478432576e-12,-1.2954031646640946e-12,3.1362433073429895e-14,8.798691442067626e-13,1.7236633726194812e-11,0.0006700790124378,-6.850950030159167e-08,-2.400968064615252e-09,-3.907455129230073e-10,1.3304019382294814e-08,2.570637310660754e-09,0.0348175665913144,0.0010449194583735,-1.1234574887990001e-07,-8.699056544095221e-10,6.550228745369394e-11,2.1234328822457082e-08,3.813025831701384e-09,0.000824276281756,0.0012743892256633,0.0001798507634402,-1.2862645113275402e-08,-2.1331534834038332e-10,9.494355690261835e-12,1.1469954116288962e-09,4.756444070586012e-10,9.943930586506588e-05,0.0001583602431301,5.6094955218693615e-05,-0.0008463309422161,9.021307127013797e-08,-3.0480219127628054e-11,-5.171942571015283e-12,-2.079932406126385e-08,-3.411402431902218e-09,0.0002156680389619,-0.0010428884118319,-0.0001273913125925,0.0018947643094075,-9.030142002414956e-05,1.4975482988614473e-08,4.66657655584184e-10,1.369045358790589e-10,-1.380131209118669e-09,-3.59605187136378e-10,0.0012454246598885,-0.000152135828125,1.0606802474189327e-05,0.0004885824811404,0.0014897769830309,-0.0001199683019451,-1.1301820074522562e-08,-3.34421170949798e-10,6.280439471451756e-11,-2.1409619173447584e-09,-5.71044897372008e-10,0.0003602126112142,-0.0001524558983375,-4.0602475764441503e-05,0.0006971771821634,0.0001560635898033,0.0011311380608739,0.0003219632033614,-6.873481096740808e-08,-8.746531316279851e-10,1.5144598386941875e-10,1.7312903802805532e-08,3.206439527835837e-09,0.000352968296466,0.0005621068165663,4.872760279361587e-05,-0.0003591009580891,-0.0001748965252753,-6.717603473046993e-05,0.0013076536197557,0.0007660873182481,-4.0702300885828473e-07,7.528455301235345e-08,-8.98354901541049e-10,-6.035090890526324e-09,8.552140483384543e-09,-0.0001452951626583,-0.0001891820846317,4.2577342000648005e-05,0.0001603609543202,7.13555324855592e-05,-0.0007204761180673,-0.0008958523840346,0.0269306789759502,4.5,10,3.910679207774924,25.430560752803377,0.268,-1,False,ecliptic_BarycentricTrue_J2000,ecliptic_BarycentricTrue_J2000
1102482.9166640495,10,0.98,10.023978157370456,0.0720803028655468,0.7535054780902248,4.627632475569051,2.006967417993429,3.0238991746242796,3.084019528012711,0.9327566423260568,4.431414286645768,3.901367538861563,2.969700571515358,0.0010665370194681,-8.670249400598284e-08,3.508053797300699e-08,-3.1805048240743165e-10,-1.7559706191619943e-11,3.509352034303433e-10,2.612182798228981e-10,6.501007147778685e-11,-1.07017036239233e-11,3.5095907346227616e-10,-2.3486889287569368e-08,7.482681282846022e-12,3.92404745046904e-14,-7.015782522926145e-15,5.66335315950306e-12,-3.9776328892631185e-09,1.0440436002757712e-12,8.649540969341311e-14,8.256794116947898e-16,1.1756906886303848e-13,3.536135095241676e-12,-2.7612978494315063e-05,4.3486023194878305e-09,7.236467233933151e-13,2.23555698043283e-11,1.26264291501136e-09,1.453888886470507e-10,0.0010029416623046,-1.1168749141351052e-05,-4.541405226559217e-10,-5.1917422760485006e-11,3.0403151047124586e-11,-1.5818636939660448e-10,-7.051156742574148e-11,8.08940748414908e-06,6.591531086959701e-05,0.0001229970828957,-1.6852015964708365e-08,-3.5979244879768657e-11,4.031610079224024e-11,-6.23694747363416e-09,-6.2420862525963e-10,-4.570164405796435e-06,5.474349567819259e-06,2.5732432649999723e-05,2.6322875651617523e-05,-1.6324645879826967e-09,-2.538343507462873e-11,-3.770702543265399e-11,-6.80483148494443e-10,-1.620523986600932e-11,-6.834192765875914e-05,-4.76097343932654e-05,-7.631080445347991e-07,0.0001937593579576,0.0002222593376643,-4.836582041650787e-08,-4.317152486835528e-10,7.562894021127964e-10,-2.717249100729113e-08,-1.003610452014364e-09,0.0012342576669818,0.0008101757173931,0.0001406609001883,-0.0015859344758327,0.0607689260240672,0.0005166165003123,-8.387958087281024e-08,-1.2396372259895975e-09,8.633353496408602e-10,-3.583138175077641e-08,-1.2138496881688295e-09,0.0012243092556678,0.0008108913278033,0.0001805240654563,-0.0016225513082007,0.0601137326222083,0.0597890968007636,0.0004509124136263,-6.183672809451828e-08,5.33080223201816e-10,1.665827121794176e-10,-2.3496673074965093e-08,-1.9735615795855366e-09,-1.6291133587788936e-05,-3.290500548135342e-06,7.507835128399075e-05,1.2364923188070585e-05,0.0001801271503445,0.0002249566775083,0.0005593851277688,-0.0001826506710912,-2.9168517988093585e-08,-1.9192970733405332e-08,1.0481192361646516e-09,1.4400110203694909e-08,5.257478718240927e-09,1.2331416526310236e-05,2.156717440220052e-05,-4.715626010687317e-05,-2.207750087428556e-05,0.0001287034517702,-8.770754581838675e-05,-0.0002923752861751,0.0165636342601888,4.5,10,3.824232371598964,56.20607173499768,0.332,-1,False,ecliptic_BarycentricTrue_J2000,ecliptic_BarycentricTrue_J2000
497014.0304752684,10,0.98,12.827481688505143,0.1044793071207557,0.8850370916739869,1.1203292168089378,1.2887282059008218,0.17862186258197513,1.3284731113564334,0.8372123223477476,2.182510738454014,3.801180016350338,3.9686445081689503,2.691661856213166e-05,-1.2179632747732508e-09,2.041560374262933e-09,5.3692018249377796e-11,1.2537789831513245e-12,2.0137922980746503e-11,3.1812060634096396e-11,2.7191463376874878e-12,7.65397810852393e-14,1.991813485592932e-11,1.1111217802503228e-10,3.83391715566024e-13,-6.283297158804044e-14,1.979541706594008e-15,2.277443020351683e-13,5.597229249932292e-10,1.36129169257982e-13,-2.7893211380081847e-14,-4.1313411072305804e-16,2.758919424122046e-14,2.1875685739313621e-13,9.876762132794413e-08,2.395807266319021e-11,-1.5408663977141658e-11,-5.520181209870252e-15,4.0378614189516777e-13,5.561654466219413e-12,2.04964203615936e-06,1.5494365314163391e-06,-4.832637230708249e-10,6.532396077092071e-11,9.95872835624951e-13,-6.33230968227995e-11,7.596932241001254e-11,1.9291535931167614e-08,9.942222238064308e-07,1.414901600986044e-06,-2.0890996608809388e-10,8.747359933842717e-12,2.796944330217248e-12,4.341906232560881e-11,3.777633857761564e-11,1.0870349871933833e-08,9.991593364828933e-08,3.256952918156849e-07,-1.005233826571189e-06,9.533489668082974e-11,2.57865874326896e-11,-2.0561102538704665e-12,-2.831322394739229e-11,-3.448722233604305e-11,-8.745696168213935e-07,-2.111647166867111e-07,-2.110762244492473e-07,7.70827385879824e-06,1.055798994603163e-06,1.5254339563909088e-10,-1.040443745507845e-10,1.0716790147259493e-12,4.4088894162468393e-11,3.837600996342821e-11,1.5402270147059785e-06,-1.0899344510242413e-07,2.2299154224498125e-07,-1.7031147109551646e-06,1.0390739853670288e-05,5.494491281497313e-06,-2.839281233561578e-09,4.902047255650151e-10,6.544077513230225e-11,-7.032494194905284e-11,1.1408745251518307e-10,-3.644440590077701e-07,3.351502336569911e-06,2.186630861368099e-07,-3.139343415739896e-06,-5.120723836302189e-06,2.3119930418299995e-05,1.8462857853707391e-06,-1.813352151933331e-09,2.503581215421701e-10,5.210297306157672e-11,-1.8742412689149192e-10,6.158860601857317e-11,1.0395546672470666e-07,1.878498876676816e-06,-3.4906294758539577e-07,-8.133490209723293e-07,-4.620643134763572e-07,1.9155156012492613e-06,3.661995936809648e-05,1.7181392103199092e-05,-8.53103572147908e-09,-5.897614782185658e-10,2.3994828418902587e-10,1.7974655850938458e-10,1.1998929348188795e-09,7.724642358228225e-08,8.469705692411266e-07,1.1836340437805713e-06,-7.716974205766352e-07,9.831808279712088e-07,-6.236973624509014e-06,-7.844451440291817e-06,0.000673570608651,4.5,10,2.2426438780557683,235.85577567934249,0.317,-1,False,ecliptic_BarycentricTrue_J2000,ecliptic_BarycentricTrue_J2000
704902.6882052594,10,0.98,12.65507882186873,0.1263260006914257,0.8840535939985485,2.499097809544198,0.687597773969493,0.4022847908736632,2.5259228932686018,1.051927694131074,2.038404972710571,1.7495670826590344,5.496330638373034,0.0007408573565362,-2.3222888335716294e-08,7.371511935997692e-08,3.273373066043234e-09,2.1610691296162223e-11,7.382958006092241e-10,2.346523143563494e-10,-1.9646420485243967e-10,-7.952906918630857e-13,7.366103665064912e-10,8.957370968321682e-09,-2.753628095399221e-12,-2.272511225306189e-13,2.0685486023993306e-15,7.762694407065805e-12,1.4331708285563766e-08,-1.5739292245947228e-12,3.602604079444254e-13,-6.447305270167334e-15,-1.0242433362956765e-12,7.900750606344049e-12,2.040438920014518e-05,4.71267063652745e-09,1.2039750374140242e-09,-8.063527490227595e-10,-1.2374895120032835e-09,1.3134209833898635e-09,0.0070284069153091,6.207516494980612e-05,-7.50521879721789e-09,1.0944992397275956e-09,1.0189988769235419e-10,7.83287273881021e-10,2.416063220475764e-09,7.374916580906976e-06,3.0334532197901472e-05,-9.588486237533589e-08,-2.2086687426519126e-10,-2.9413623572407566e-10,-3.7707143893180446e-11,1.487456985206038e-09,-1.2630701515415355e-10,-9.1265342217907e-06,-3.1873710341752853e-06,1.0860166389104834e-05,6.370098319849657e-06,-2.9243113179488583e-09,1.954661166509768e-09,2.8890595515854484e-10,8.256688850881673e-10,-8.748927439257605e-10,0.0009916869871323,5.151557442731945e-07,1.1165153320381198e-06,0.0011585243005706,9.244081802511674e-05,-1.261877026927291e-08,4.876313467562281e-10,-1.9139539910029148e-10,-2.3304474007162916e-10,5.1784937353131505e-09,0.0028966733080419,4.1984424720765607e-05,-6.853779466451304e-06,0.0001132803391803,0.0033665107936889,8.959409473123406e-05,-1.761299852344276e-08,-1.7436995860965571e-09,-3.5568061046299746e-11,-4.795788953283138e-09,2.814033375668705e-09,0.0023093306132398,7.967511088002398e-05,-2.572178118151486e-05,-0.0004410864757617,0.0032095545912261,0.0036271948397208,-1.794714237841375e-05,8.043494970458724e-09,8.311957719341488e-09,-5.197918387806151e-10,2.792249991373985e-09,-7.512999834031363e-10,6.221539665556764e-05,2.435439555740635e-05,-1.4289159753757132e-05,-0.0006177722175418,0.0006567630648781,0.0008225745001543,0.0029197219461746,0.0005726567765189,-4.6257529666474966e-08,-3.5160811412677895e-08,1.2146502860066092e-09,8.782908963142102e-09,4.498813086935069e-08,3.089341543828821e-05,9.270732638870024e-05,1.1125435463686351e-05,9.141641954600197e-06,0.000148172664665,-0.0001542316121697,-0.0003184177922017,0.0116126710823112,4.5,10,4.272518241029628,38.78187366262896,0.281,-1,False,ecliptic_BarycentricTrue_J2000,ecliptic_BarycentricTrue_J2000
463230.3663510408,10,0.98,14.86964887071343,0.1657770251308865,0.5810293035855196,1.6801672500321543,1.815889456028956,4.244864371901069,2.632130549422512,5.418707602796907,1.849742331688932,5.815356782258975,0.1943077297247631,0.0008837114800326,4.829503969580143e-09,8.330992897955669e-08,-3.668984352709148e-09,3.5648679750345086e-11,8.266160274229866e-10,1.7756681746093958e-10,-1.110832782487754e-10,6.331639525052193e-12,8.240581192365806e-10,1.3257930862334922e-09,-1.0932043120713442e-11,1.0865608598380056e-12,1.9492996037944065e-13,8.341988175282356e-12,-2.7224340912833007e-09,9.384719904502569e-13,-9.627270659920613e-13,1.2372035575826198e-14,5.768699557716964e-13,8.701492645062273e-12,-8.498206887091244e-06,-1.6787066870632623e-08,-7.0406678440885e-11,1.1328915031441628e-10,9.281980676501871e-10,-5.66532040794095e-10,0.0048083288523385,-1.4371586920828324e-05,-1.9377184357828567e-08,-4.2182779982320416e-10,4.4968055364112727e-10,2.4903017715132237e-09,-1.282607156027792e-09,6.944983943027031e-05,0.0002241253623715,-9.20854473193412e-06,-1.1509508907397423e-09,-5.935147300467133e-11,-5.5592345861816315e-11,3.8839520774080797e-10,-2.730954630425786e-10,1.9138153141542524e-06,-1.0496543078734263e-06,5.008582426120962e-06,-1.6661399516066675e-05,-1.3793327671411437e-08,-8.662003897571378e-10,3.80602533419152e-10,2.077408033481928e-09,-8.65519113424336e-10,2.4077998538730447e-05,0.000176081818661,-2.689282378085452e-06,0.0006945868809835,5.079089722960816e-06,2.5111140956308225e-08,1.7771586715274415e-09,-5.673699037268414e-10,-3.058649818999217e-09,4.991028980180272e-10,1.7396078026116134e-06,-0.0002605993793071,6.5144391862766514e-06,-0.0006893317295896,0.0020103557281983,2.7696583599850416e-05,1.2969966591144824e-08,4.832935703409218e-09,1.4979072991536454e-10,-4.106967735822274e-09,2.9357502683035763e-09,-4.424400836890916e-05,-0.0003296796981523,-4.26903754255154e-06,-0.0007636716520197,0.0016076830539071,0.0020743863004206,-1.4507352986387172e-05,-8.755317121292329e-09,5.599892385695946e-09,6.270576426442973e-10,-1.582894493600545e-09,-1.14994010285678e-09,-1.5002150584682236e-05,-4.04437192633008e-05,-6.749029783462665e-06,-4.507981368823176e-05,4.805583595574142e-05,-3.687170283677659e-05,0.0004478023474982,0.0002835240677782,-2.3791759980434365e-07,1.4645908249681347e-08,5.712206499764076e-09,4.9126844421183595e-09,1.047810529334536e-08,3.306358237261894e-05,9.737019667592916e-05,6.179502332907077e-06,7.391624908909915e-05,-0.0001119781793209,-0.0005058289777387,-0.0003905467771245,0.0092077677057795,4.5,10,3.307776020909735,36.65712644823669,0.212,-1,False,ecliptic_BarycentricTrue_J2000,ecliptic_BarycentricTrue_J2000
505278.07609384274,10,0.98,14.884935522008048,0.098190162338782,0.5823463641963025,3.522236860122364,0.9536346352280413,3.2302507161393645,0.2189730408510378,5.234033843921996,5.150869420659186,4.0543697051816325,4.773531223274579,0.0008467255232388,-6.43931564054629e-09,8.41849285784706e-08,4.799980890841787e-10,1.0583227599771195e-11,8.396979684022826e-10,3.733817833146064e-11,2.0305357263826136e-10,2.7721029803557808e-12,8.3634009848057e-10,-1.3868247756107552e-08,4.055780050106969e-12,3.380377925254333e-13,-1.1716289161452572e-14,8.635992620176949e-12,-9.082502868679474e-09,4.377415391365143e-14,1.3399006388019392e-12,4.25692650093426e-14,-1.9787712296073579e-13,8.593230913321424e-12,-4.490737231763163e-06,1.9982109131005505e-08,-5.53054890295297e-10,-1.1293649192483392e-10,6.081369307820906e-10,-1.785404357620674e-10,0.0053513997017814,1.2805023827524894e-05,-1.5529519595446155e-09,2.412371103575192e-10,-5.580637280392781e-11,-8.597338390169645e-11,-4.967484604385626e-10,-2.143229523414228e-06,1.286880344972504e-05,3.449695869442989e-06,-3.8551066636580635e-09,1.4737942855447035e-09,1.6682655332941796e-10,-8.299095127249556e-10,9.285239013690503e-10,-4.600014156332027e-06,-3.745512583144047e-06,1.7517311263293916e-05,1.016871902114909e-05,-7.265206640151849e-09,1.311451870360888e-09,-6.992820835105064e-11,6.39474316366137e-10,-4.1503971939858757e-10,-6.457081668397782e-05,1.5643760157963633e-05,-2.284196248485491e-06,0.0007699419779077,1.850518565549658e-05,-5.577474805275294e-09,-3.765169582303009e-09,-4.44094243808307e-10,-3.8993561975951526e-10,-2.032857104602482e-09,2.4819452017390312e-05,1.6067599548454544e-05,-1.9319636859018503e-05,0.0003932695590991,0.0065764917449581,2.5967012661327e-05,-1.4867239080163756e-08,7.505265475123746e-09,1.47957557602344e-09,-7.556657583774183e-09,9.31097683522928e-09,-5.255860060741327e-05,1.2609553825701608e-05,4.783343400827375e-05,-0.0003077183631274,-0.0074168912096213,0.0090481458235838,3.41061496268174e-05,-1.5219210392207383e-08,6.631107402811445e-09,7.16465687454461e-10,-4.6016090423989835e-09,3.279082486621482e-09,-1.5768868343351483e-05,3.404666921596395e-05,1.9802581825779712e-05,3.5795077189986376e-05,-0.0001416574666786,0.0002131561707759,0.0006031636545024,0.0002358317766101,-1.3968899899511608e-07,-9.397642534275888e-08,7.630007786945476e-09,1.7488797397370416e-08,-2.267237840401281e-09,1.801540402109804e-05,-1.1734187008955096e-05,-4.987761218804564e-05,-1.1877477775853131e-05,6.396994189226802e-05,-0.0006020547467608,-0.0004845168594584,0.028439997968455,4.5,10,3.935722779588573,36.40840854724299,0.214,-1,False,ecliptic_BarycentricTrue_J2000,ecliptic_BarycentricTrue_J2000
502305.71244716825,10,0.981,13.877012922736911,0.0543408989768054,0.5240596997484719,1.6296227116179127,1.8938357622612263,2.9833963174565765,0.9840293419312314,5.706206091987914,1.635906439482401,2.502306892499141,1.097075830447359,0.0024050962189612,1.274590334286836e-07,2.177016697390949e-07,-3.634446136571402e-08,3.065240899904934e-10,2.1777081950451838e-09,-2.4499092652173727e-10,4.97512833545036e-10,4.842735688736883e-12,2.1787261425990194e-09,1.0479908926485571e-08,1.3594909550510418e-11,-2.915596534459862e-12,1.422063861878746e-13,3.8432041975540295e-11,1.4893942172318967e-09,3.7761782152857706e-12,-3.4044303431766498e-12,-4.732829990617108e-15,1.2217842646739293e-12,2.3430932700129608e-11,-2.5590703727685487e-05,-3.8974040841969765e-09,5.137385142849401e-10,-4.815195356608837e-11,6.676829002078925e-09,4.93617440880795e-10,0.0335848677309647,2.376659817454893e-05,-2.672488869895064e-08,3.19168546759462e-10,-3.4623264307576897e-11,-3.068315901016956e-08,-2.865151864972216e-09,-2.792291889198222e-05,7.910748846277522e-05,0.0001081807448073,5.340469591819657e-08,-6.282830146051723e-09,-1.8469915764313527e-10,-1.0311514760161944e-08,2.8589769181611117e-09,-6.434135767696751e-06,5.331110970986419e-06,4.935547612415335e-05,2.009070339697249e-05,3.3179929516646115e-08,1.9528290087358688e-08,1.4752885712561503e-11,1.2829009215101881e-08,1.903582391882453e-09,0.0001612157376491,-4.286961233601557e-05,1.290757768209694e-05,0.0012047493160146,0.0001162708032946,3.8001623217637334e-08,-1.2710046486726938e-08,-3.1878119290734287e-10,-2.1207488403495145e-08,9.60820048755777e-10,0.0009664958211557,4.6052730747408655e-05,4.726624789307835e-05,0.0001494469355072,0.0029334883319742,-2.491014183524608e-05,-1.0817008470528525e-07,7.694342167421347e-08,1.309379116633336e-09,1.1396635724202921e-07,1.4691319624368612e-08,-0.0005075152547211,-0.0001027288704727,-8.184649578472752e-05,0.0006747026044364,-0.001850680686409,0.0028439555895333,-0.0001291934256508,-1.29155521318881e-07,-1.5285350995154006e-08,8.9293513074982e-10,9.030643189472408e-08,-1.6917228922650327e-10,1.4680091440843868e-05,-3.878785044249312e-05,-7.757058240326161e-05,0.0002689278875433,-0.0001253311740704,0.0003396447112544,0.0019566904778548,0.0013039777723268,-3.01108084919498e-07,-3.478132475256385e-07,1.0271321491810602e-09,-2.521998490994236e-07,-2.19705926142142e-08,-9.793143424160134e-05,0.0002966478281004,0.0001883797498709,-0.0001022940998979,0.0003089916218169,-0.001831886348199,-0.0016437157336039,0.2228247977616319,4.5,10,2.856513301968393,22.55393456711826,0.228,-1,False,ecliptic_BarycentricTrue_J2000,ecliptic_BarycentricTrue_J2000
276392.9951646025,10,0.98,13.137503302055787,0.1803185598596888,0.7090218503225361,3.1188464138932432,2.1523192985615087,3.209456734474134,1.4506805453129787,6.036175280036132,2.0621059616867106,0.4162071570392797,3.5719151397142035,0.0008667533146656,-1.3134615961394958e-07,5.6529218263382856e-08,1.375695450237472e-08,2.045731026007826e-10,5.566027703746642e-10,6.1047177830730236e-09,5.428810228006133e-10,9.782970059630154e-12,5.524069087045806e-10,4.827984649973055e-09,6.300995904681044e-12,-3.0743922140453255e-12,5.4796128001629604e-14,5.566465892679775e-12,5.919353811420487e-09,-1.3273469657331207e-11,1.961136785081516e-12,5.964999870802867e-13,-4.45542966947842e-13,6.899070340540093e-12,-8.426788484031395e-06,2.786675657970917e-09,-4.108950316121087e-10,-1.0677167926866731e-10,-3.103000754511737e-11,-3.9599663517809967e-10,0.0004534572110115,3.3050507797867425e-05,2.5656198480896264e-08,-2.9778852173479474e-09,-1.0305122612333186e-09,-3.550001502490309e-11,-1.450779505303471e-09,-1.3796180432619045e-06,2.144433649582451e-05,1.442661547343768e-05,-2.720771930539944e-08,3.107353926655708e-09,1.082992509839497e-09,1.4990383103533306e-10,2.441420855450881e-09,-5.038658956853804e-07,-6.267114366623896e-06,5.490165459238772e-06,-1.081378567854106e-05,-4.7668294962477235e-09,1.1656113498200717e-10,4.285052070447209e-11,4.175697139667509e-12,7.258031863966582e-12,9.579407957780107e-06,-2.22917276959266e-06,3.5567936115410526e-08,0.0001449608490387,1.5196740845394271e-05,-2.875776260433055e-08,3.5930194123117123e-09,1.577202806084969e-09,1.7717193276179775e-10,2.1476792994156523e-09,-1.2949935954091144e-05,-6.445017453910975e-06,4.938189151600462e-06,-5.587595473564656e-05,0.0003602162223391,0.0003643098926931,-1.974999994217503e-07,2.0123427419471072e-08,7.870477907394242e-09,1.9187594828352086e-09,1.7841280588993516e-08,-5.0791388081790665e-06,1.1654908421458129e-05,2.4687789276856203e-05,1.540190719822902e-05,-3.406629465754837e-05,0.0007283019555803,0.0003132106020136,-2.179015049198825e-07,2.6256971791777423e-08,8.956133490314515e-09,1.6867440719211243e-09,2.2104471599418752e-08,-7.00989838421818e-06,-1.1269334704324467e-05,3.080435566723287e-05,-7.24361603819046e-06,5.1758398974953256e-05,8.11097605234851e-05,0.0006471746794724,-6.443971322361115e-05,-4.944083297478477e-08,8.942129484466871e-09,6.934321860086764e-10,-7.905457385696012e-10,5.690315990597943e-09,6.258670272845068e-06,-2.179140150976651e-05,-1.2316503121797664e-05,1.139581325290544e-05,-1.10636614533588e-05,-0.0003053016155354,-0.0002745039172329,0.0072971240920806,4.5,10,0.7384087654463131,45.01669386617085,0.37,-1,False,ecliptic_BarycentricTrue_J2000,ecliptic_BarycentricTrue_J2000
671379.0331409961,10,0.98,10.083932033631475,0.1771758213637799,-0.410789534366528,1.123061117090643,0.9718489712374679,4.958578153439952,1.3354732617529186,5.551965665734168,2.903449940507493,2.817853749582253,4.602462114285505,2.4067918856391035,-8.809753782214277e-06,2.775601415475253e-07,1.311517789167562e-05,-1.5398361636767988e-10,2.8574503523159423e-09,1.5540814141200989e-06,-3.1728243353228703e-09,7.633651110440848e-12,2.738245633984814e-09,4.5937290941453e-06,1.9255802611624167e-10,-4.081151095756235e-11,-4.4287351063952163e-13,5.811398835233012e-11,8.661004348021046e-07,-9.147525152522762e-11,1.951147032125535e-12,5.525551400355097e-13,-3.2211101348857504e-11,7.370021302703737e-11,0.0179337430719142,1.603664001410543e-07,1.5980845156033944e-07,2.261684812372109e-09,3.777519580019897e-08,2.1155911114510906e-08,0.0213020325149212,-0.0101331565867464,-8.907743660882665e-07,-1.945140379664413e-07,2.816692325511843e-08,-4.41794269523959e-08,-6.012864969153316e-08,-0.0002695335002671,0.000861119997232,0.0964926942879418,-3.165605501897853e-07,4.742797459569487e-07,6.123736847428979e-08,1.7650152319967956e-07,3.9231630840366015e-08,0.000718720969214,-0.0003556519779949,0.0039740346668175,0.0379177873548891,5.740973211813068e-07,4.79133030291689e-07,-4.893217210572043e-09,8.548543652114056e-08,5.9115392221804864e-08,0.0020328157592772,-0.0008032363027005,0.0015052251564377,0.0029394239320244,0.0617119724595692,-3.4156351041209653e-07,1.331563611377081e-07,4.5404798511168016e-08,1.1154870841480265e-07,1.5887354362517835e-08,0.00186400309809,-7.461649525780241e-05,0.0025528604852244,0.0014316008371414,0.0034304546079469,0.4857595654465059,-4.549766269619588e-06,3.432460224031323e-06,4.038969320974002e-07,8.138813839724346e-07,7.693229519010904e-08,0.0028341104228481,-0.0001270458377525,0.0194721970350746,0.0064252019692435,0.0119122398548265,0.1105164598615018,0.4782900623893553,-4.686424380531038e-06,2.597223943965204e-06,4.141525086739296e-07,8.288637258803406e-07,4.708868994317271e-08,0.0030091958745773,0.0002739771177905,0.0192402042512352,0.005645815504553,0.0128074115705009,0.1048244640508439,0.102980049923556,0.2984041009017857,-3.298048875320448e-06,1.5449446293601635e-06,2.645158131384584e-07,3.914389430561776e-07,1.7511119985889153e-07,0.0019051850080715,0.0002091260972777,0.0122493457455922,0.0036183836729135,0.0080956423257813,0.0626418952399562,0.0622348376661847,0.058583036413197,4.5,10,0.5433031890408605,20.240255839717925,0.23,-1,False,ecliptic_BarycentricTrue_J2000,ecliptic_BarycentricTrue_J2000
516191.247850771,10,0.982,14.954543859915647,0.1536112451260848,0.3648036046007832,2.664812861686354,2.062797922632899,1.895383207675692,1.9173471254296617,4.457759365750867,5.104124992250514,0.7098900272666685,0.6359368806027638,0.0002324129092988,-5.340216099143436e-09,1.6735872125663225e-08,-2.499298046485717e-10,2.287559679146396e-12,1.6833279121762338e-10,-8.169919105545242e-12,1.3968912999338224e-12,-3.2931943355987175e-13,1.6731553133428711e-10,2.457878507771845e-09,-2.7839542727802844e-12,-9.312265832648097e-14,-4.989753267443372e-16,1.7239761862892304e-12,1.112545209037701e-09,1.200127684595606e-13,-3.662613095404719e-14,-4.410825333101354e-17,-1.2688313031856454e-13,1.6930829566360253e-12,-9.005619437811836e-07,-1.9329613639747687e-10,2.633670353032184e-11,2.004615821392072e-12,1.3629563526427442e-11,-2.5111987710472027e-11,0.0002225799319705,-9.72733295651885e-06,-1.169100559378667e-09,1.0352641061502016e-10,1.4936623691976925e-11,-2.773083504066644e-11,-7.456602894860875e-11,5.637904446702386e-07,4.6266665351870405e-06,8.650689219947558e-06,-1.607987129795469e-09,1.0861645874711464e-10,7.206279188773726e-12,1.296522131104733e-10,-1.398109075145606e-10,2.3921952815170284e-07,6.858623550059364e-07,5.137328380450708e-06,-9.715021262177988e-06,-2.6536888715106155e-10,1.6223426920510015e-10,1.710459743629282e-11,1.3594636967354954e-10,-1.5159174703403409e-10,1.0160579239433468e-05,2.337697780904682e-06,-1.666776074677421e-06,0.0001517826672452,6.820763451515455e-06,1.1172352846121087e-10,-1.0116350961738987e-10,-1.0451404381992884e-11,-9.941605647790452e-11,9.518474185903324e-11,-7.5224392643536035e-06,-1.3943942973465954e-06,1.8910514336595008e-06,-8.263369525723295e-05,0.0001041630721257,1.973668469491012e-05,-4.349448149487511e-09,6.362306314579474e-10,3.4551084120455325e-11,5.508303238377272e-10,4.950853794583152e-11,-1.4473902229435028e-06,5.610581874031474e-06,3.974810384318661e-06,-2.932746440808113e-05,2.143623009765332e-05,0.000221142891837,2.422602841906486e-05,-5.352475554637216e-09,5.375933683467051e-10,5.195269913310583e-11,3.9989299679695047e-10,-3.963996929251228e-10,1.2877822872187844e-06,8.700028476513017e-06,7.507696271481707e-06,2.139103120994757e-06,-7.436972042707566e-07,1.1877750564427343e-05,8.264018283511752e-05,-5.54573110484332e-05,-7.689538670969251e-09,1.3064634702725111e-09,2.40055477274061e-10,-7.374101517087282e-10,2.113921698025164e-09,2.057775401635404e-07,3.99350155878977e-06,-8.306878711195823e-06,5.563031777596029e-06,-4.546322877526412e-06,-7.621721074602162e-05,-7.995850475421178e-05,0.0020093689017948,4.5,10,3.901982783592023,81.36575516946877,0.208,-1,False,ecliptic_BarycentricTrue_J2000,ecliptic_BarycentricTrue_J2000
353583.7243324604,10,0.98,15.29698388597482,0.0627916446994353,0.7369063442487751,1.8388290242712906,0.5994219602464533,1.7555969308678807,2.07038357734885,2.133270358993874,5.156846873604422,4.629032243077266,1.989034555544316,0.0023504665502425,3.11986148045041e-07,2.369666245409144e-07,-3.407817952874921e-08,5.684937327726467e-10,2.3388698479904794e-09,5.4852284982121575e-09,1.388688904002873e-09,-5.864949864628372e-12,2.2947213572445704e-09,4.721087559797449e-08,9.206478106012975e-11,-1.460416287238887e-11,6.307846344589762e-13,2.616820084413873e-11,1.415353414581136e-10,4.2256378422239e-11,-4.67440621793195e-12,6.456150865244152e-14,5.302588514871925e-12,2.3413004841338127e-11,9.634931219392968e-05,-1.2917203434913086e-08,2.3598010497920708e-09,2.7744467806554627e-09,-7.762933280920237e-09,-8.373639023167642e-09,0.035560851162166,-0.0001730384833945,-2.1993075016811067e-10,-2.5634285008238235e-09,-2.936401762165961e-09,1.6879374105958523e-08,1.8535879687540712e-08,-0.0002174738410658,0.0005386178432179,2.3872748076344937e-05,1.2342202570453285e-08,8.961666024665195e-10,5.415392678334117e-10,-7.116284001899811e-10,-8.659761394212331e-10,7.622603832201476e-06,-4.489366891199053e-06,1.150536372586596e-05,-0.0001508352928291,-2.7411757931210074e-10,2.969271084506718e-09,-2.576483874392846e-09,1.1728250372376361e-08,1.4094638662457869e-08,-0.0022423561926595,0.0004122353869984,-3.3029108316915293e-06,0.0025347111342689,9.04991193211718e-05,6.2749554973365634e-09,7.501631671234525e-09,1.5936976303077482e-09,-8.409490572903845e-09,-8.476855135416933e-09,0.003031214454476,-0.0002109570779808,1.236211378201806e-05,-0.0005668429751809,0.0032112281689987,0.0001833844609292,-2.6244455126259986e-07,2.6229499575455728e-08,8.214975846341305e-09,5.95545288307533e-09,-1.2187254201710026e-08,0.0014250796384561,-0.0001430714558963,1.3813009543131293e-05,-0.0011070778709232,0.000758443987827,0.001406137080641,6.610826032531271e-05,-2.8009834833146185e-07,4.740091542272914e-08,5.735613406266845e-09,5.252003936006058e-09,2.772405928550869e-09,-8.764554247447165e-05,0.0002568180267958,1.1071532750884916e-05,-0.0005770804844393,-0.0007961529128317,-0.0002262168635855,0.0040117925814192,0.0005036402097583,-9.960688471775638e-07,-2.3793618600999801e-07,2.119696808895309e-08,7.614317880613345e-08,7.230551607413681e-08,6.759427648218811e-05,-0.0001928372505864,-1.6084709018858894e-05,-0.0001537726881079,5.421881234114855e-05,-0.0009051527252794,-0.0010671299089743,0.2155929667375538,4.5,10,2.2398369839450667,22.01118673918718,0.272,-1,False,ecliptic_BarycentricTrue_J2000,ecliptic_BarycentricTrue_J2000
494430.7425044035,10,0.982,10.930344036183508,0.1649035357163572,0.0617485123505936,2.7979997791404503,1.4665963468502936,0.4765884219950708,1.918267035529919,2.662302315485681,1.1431776468554755,0.269330940244041,3.7597705772595127,0.0001152272112099,-1.727908097999151e-08,3.179912416069766e-09,1.0280128549804364e-09,-1.6085247515971062e-12,3.1765323990032415e-11,8.889745049939921e-10,1.510026417611227e-11,4.515179872219362e-14,3.042785871546408e-11,-1.2539264834340473e-10,1.380353923086573e-12,-3.7202115949367253e-13,1.36322924588459e-14,3.558085189635405e-13,3.5025146002720555e-10,6.892797544446584e-13,-1.2510888620017586e-13,1.2194420710689552e-14,1.1198461439696529e-13,3.561273134405479e-13,7.731429372002719e-07,-2.6065507116162348e-11,-2.0716640331235288e-10,-1.3108646261991372e-12,1.1810467915308458e-11,7.848640442853093e-12,3.520024499838613e-06,8.007955055789534e-06,-2.7444352844017936e-10,-1.9283261480793314e-09,-1.586766751921521e-11,6.113378330441444e-11,3.2910991647601966e-11,2.95948310847158e-06,2.652419956488706e-05,1.127923108093885e-06,6.773763850754295e-10,-1.7149741502429038e-10,-3.0301825493392473e-11,-7.329010664663429e-11,-4.120446446429564e-11,1.2562610813124696e-08,1.9618323962938505e-07,2.765012645016349e-07,5.477163147133744e-06,-2.0508887145576304e-10,-1.2315898142971124e-09,-9.699084220032399e-12,5.7609558910982105e-11,4.042834369705903e-11,3.823281707307802e-06,1.86029318811892e-05,1.167992328465321e-07,2.49323745444306e-05,2.605994675619211e-06,6.957750974007756e-10,-6.741848502515948e-10,-3.8443445481565776e-11,-4.471274208752406e-11,-1.949395880187209e-11,5.982620153660798e-06,6.979196129477514e-06,3.138799507486174e-07,1.10835035979357e-05,3.323433859194359e-05,4.310125556224232e-05,-1.2388214440021404e-08,1.39791175101121e-09,5.126051633005414e-10,3.646064254306603e-11,1.2757143118330592e-10,3.874801283840302e-06,2.096215952946557e-05,2.493979455569885e-08,2.5339408248717e-05,1.0747600168589504e-05,6.496316227159192e-05,3.6968169434838375e-05,-1.1839576292684614e-08,1.889337959472135e-09,5.40764581861729e-10,3.303856502794602e-11,1.2704613549394712e-10,7.090381727791104e-08,8.295701098840283e-07,-1.9793106087980082e-07,5.914395538168636e-07,-1.5770340130870144e-07,1.954453639819213e-05,2.0605678732378105e-05,1.3677866084147724e-05,-3.362616003256221e-09,-6.411293854836227e-09,1.9239523965314848e-10,3.442257435393236e-10,9.272252976998671e-10,5.4816064807071647e-08,7.285990387390963e-07,1.1206659338508892e-06,4.068343107307041e-07,1.3183525309539951e-06,-8.905130900349407e-06,-9.991739042788562e-06,0.00032121680523,4.5,10,0.7471387319551595,191.1097339359392,0.244,-1,False,ecliptic_BarycentricTrue_J2000,ecliptic_BarycentricTrue_J2000
394033.29799889785,10,0.98,13.607902226775805,0.1078761789788205,0.4715600857148565,3.622407310149487,1.4428689811522906,2.821044831302509,2.3770830234855254,2.5393616293035013,2.552445522615169,3.366888726459169,4.094742493678918,0.0018268379724605,3.0260325197080125e-07,1.417107057765948e-07,-1.9514442159887508e-08,3.3589890393582235e-10,1.4100871601592827e-09,1.103113326327141e-09,1.0881331481015084e-10,1.4361508238764387e-11,1.406168179071061e-09,5.94436648738156e-08,9.894792038074231e-11,-6.615924807466318e-12,2.2560587703755456e-14,1.7148955653722675e-11,4.827458145982738e-09,-5.3009940575003785e-12,2.102455648767705e-13,-2.0629975282683412e-14,-2.260245103356074e-12,1.4961799044517297e-11,0.0003947303285924,3.821339365349781e-08,-2.2097460678066444e-09,5.115722048101395e-10,8.120482901101911e-09,-1.1800272620229808e-08,0.0110901472221755,-0.0006135656282403,-5.404912669414726e-08,2.8580849584261407e-09,-8.712064387676723e-10,-1.28074701171465e-08,1.8331847371831485e-08,-0.0006572857128741,0.001015998289052,1.4483780099172935e-05,-2.7461353722904405e-08,2.294666939679205e-09,2.251140452248237e-10,1.6101556875710407e-10,-4.830623813714896e-10,3.7341101379435695e-06,-8.671711640329056e-06,1.027866581897592e-05,-6.289731246460102e-06,1.138011557282058e-09,-4.3763001869873956e-11,1.7778324263330449e-12,-4.0056841978645375e-10,7.683738746057326e-11,6.047305766734925e-06,-2.582785946047768e-06,-2.261827312563013e-06,0.0003169524042191,0.0006312500074885,5.1701405289249424e-08,-4.5904007572389425e-09,1.7379560986402371e-09,1.3883510356584185e-08,-1.8535719526338377e-08,0.0006511055741813,-0.0010528680010125,1.0299053940641392e-05,0.0001081492928963,0.0040296793809637,0.0011332642167151,-3.5926531070946044e-08,3.0170369894787216e-08,3.218858931171955e-09,2.652041749918174e-08,-2.8366063635222493e-08,0.0010466098352627,-0.0016547111050786,2.346559961311289e-05,5.4781241215457896e-05,0.003862561052083,0.0058300369712016,0.000211272297294,-1.7228120369782397e-07,5.834824953930156e-09,1.5882186604353627e-09,2.0783001975908127e-09,-4.811800671009421e-09,0.0001182524756849,-0.0001877486631247,1.853874763117297e-05,-3.4295546329687604e-06,0.0002049551725645,0.0002106007213506,0.0005620009339664,0.0005264563141363,-5.3827329035341e-08,3.0295254283265456e-08,2.455811422899829e-09,1.7617520504313446e-08,3.235696332519606e-08,5.613919147048411e-05,-8.076635318676451e-05,-2.284443574751879e-05,-2.385037644736089e-06,6.664319528534781e-05,-0.0004272552017256,-0.0005879537952854,0.0377510270377506,4.5,10,1.5910527355979158,28.068589333151305,0.245,-1,False,ecliptic_BarycentricTrue_J2000,ecliptic_BarycentricTrue_J2000
400882.589464444,10,0.98,13.837475885399815,0.1913915890752857,-0.7901360359792837,2.3053984025892498,2.896659990698341,2.0122640220010966,1.1934694442433549,4.900772202728534,5.662056376452405,5.118454323901174,3.364821165173271,0.0088826004136892,-1.848826241733864e-06,1.3432466917993298e-07,2.43695968225662e-07,-2.600235385701646e-10,1.3656532063691056e-09,1.297711732343157e-07,-1.1569983974037263e-09,1.568632597319812e-11,1.2296707144318321e-09,1.7497164200570024e-08,-1.581193429606904e-11,5.735669975081711e-12,2.7550291683236497e-12,1.5061551729221556e-11,-2.1755065406249372e-08,-3.950182842127176e-11,7.019554416002779e-12,1.714515379359939e-13,-2.5794020473013625e-12,2.489294856240149e-11,0.0001785029410364,-9.911497522867112e-09,-2.1168419608670265e-08,-9.168388560516255e-10,-4.231143946981293e-09,6.210694082788904e-09,0.003188650781968,0.0011625448623842,3.1899646259856553e-08,-7.934458880173459e-08,-4.406177749271771e-09,-1.7590436736078038e-08,3.3321387431994544e-08,0.0001036087332729,0.0005882066065866,0.0002529261890396,9.237053323726273e-08,1.1276435070167648e-10,-8.369846224337893e-10,3.3926376655040154e-09,2.706402360882617e-09,7.581617873111837e-06,6.375718151988606e-05,2.8023670278701418e-05,-0.0009965747969398,4.74445349740969e-09,-2.7707599502112453e-08,2.4844419990813563e-09,1.3523851541612062e-08,-2.780963667819205e-08,0.0005383334250193,-0.000483649469322,-5.357623632924716e-05,0.002170716675936,1.3976048310134352e-05,7.351989611357767e-08,7.964577460439935e-08,8.498506685402395e-10,8.441421606940229e-09,-4.24478409324967e-09,0.0009111440704709,-7.016102061484193e-05,1.4790324275852394e-05,6.0414241256391005e-05,0.0020194408770991,0.0030068980867407,-1.340500216018167e-06,7.001532860166541e-07,6.244756722906004e-08,-1.044142817453167e-09,2.55322187997038e-08,-0.0002632257137098,0.0005352447283842,5.980104233613456e-05,0.0008906528967123,-0.0018265986762834,0.0171787483768732,0.0025142639326329,-1.3294733777834562e-06,3.429653697178589e-07,6.83393129525747e-08,1.5765377314616346e-08,1.1107547349039024e-08,4.093451302562485e-05,0.0002476668448622,3.359783248941259e-05,0.0008042106221684,-0.000781837235776,0.0086529315553428,0.0047386908882147,-0.000190370714259,-3.6940852307444034e-07,4.057903523889068e-07,1.515905128032407e-08,-1.4917770289683406e-08,2.5306019267235693e-08,-2.0909630874668145e-05,-4.206036484933649e-05,6.357695427080524e-05,9.144134920676949e-06,8.911836665400358e-05,-0.0004823454237417,-0.0006110514878319,0.0078955016583238,4.5,10,0.8649187421794661,30.19445188129401,0.228,-1,False,ecliptic_BarycentricTrue_J2000,ecliptic_BarycentricTrue_J2000
295739.676849027,10,0.98,10.766167829968342,0.1269172376894063,-0.0186961913297809,3.089652625787955,1.8986720973311701,5.2350906615780595,1.1927295108666462,4.088440181586782,3.3823762617720625,1.7260830966048797,5.955701416615636,0.0252071925471261,-1.854872282120922e-06,1.655500978615075e-07,-2.184888922799941e-07,9.150650897198011e-10,1.7644254752270887e-09,4.2414384098744977e-07,-2.4195431997524624e-09,1.6860930510845515e-11,1.332674858132876e-09,4.652477758129628e-07,1.3687395162285048e-10,-4.426024900524608e-11,1.5134141953245148e-11,3.2272581384752986e-11,-1.08104909875158e-07,2.2929376507270547e-10,-3.5455076494788294e-11,-1.1766467431344046e-11,1.463902726820237e-11,8.197945827134955e-11,7.164988270581842e-05,2.02137318514491e-07,4.8633001050310084e-09,-3.6791772379438384e-08,-5.038590541863787e-09,-4.88751943833323e-08,0.0024745968334938,-0.0009311036781038,-7.883297341050973e-07,2.239693071207992e-08,1.0923558562568909e-07,1.3369294143457998e-08,1.1073478876449381e-07,-0.0011429075811185,0.0027391792818788,-0.0006715658190683,-3.5377894858182855e-07,2.4794760582052892e-08,3.475440927101606e-08,3.3524888746911543e-09,1.7555567533780784e-08,-0.000201608183466,0.000536702177923,0.0001394077953032,-0.0004423472865678,-2.843791292530292e-07,2.2686045327015783e-08,3.309190875734682e-08,3.581121303156992e-09,2.374185219888187e-08,-0.0002619086303299,0.0006701343229078,0.000146415730754,0.0006380546300564,-1.7175455547993612e-05,1.0431967939726685e-07,3.5483190091567566e-08,-2.4358305089126726e-08,-3.613577464925874e-09,-4.1889493580279945e-08,0.0004626941677571,-0.000912706827922,-0.0001530756828925,0.0003027963450907,0.0022299429597276,-0.0022346204245642,-7.5222573685297085e-06,1.2301578231140618e-07,8.31528740663002e-07,1.9658324174288178e-07,4.036551891174966e-07,-0.0055090819573491,0.0134219132147283,0.002795238254764,0.0032794342474873,-0.0047974295200032,0.0707896544312349,-0.000782711048879,-6.223399875140719e-06,3.28140373822921e-07,6.837575163234501e-07,1.7736028885660077e-07,2.7736125186897065e-07,-0.0039954449817659,0.0098100239606937,0.0020708773229231,0.0024706961963133,-0.0031359869066491,0.0504508380846406,0.0374009646825478,-0.0036569781931687,-1.6405692210533263e-06,-3.019350137955623e-08,2.3595337498585082e-07,9.152518076740865e-08,6.249288494933032e-07,-0.0028419321039434,0.0068888683904657,0.0013977657973467,0.0016871003049215,-0.0022700554618025,0.033047562798789,0.0240140754378951,0.041084160241468,4.5,10,0.2316696900229808,29.56506635502989,0.246,-1,False,ecliptic_BarycentricTrue_J2000,ecliptic_BarycentricTrue_J2000
1060733.9527804495,10,0.98,11.672555108012194,0.1283089848840833,-0.3675523389488235,2.6088165165897634,1.9568083720433371,2.7829592499779925,2.2814967595521414,3.100305284323586,5.874574521279965,0.2366960161355573,5.290956385489263,0.0009288850016087,-2.01752457967094e-08,7.1344891408823595e-09,5.7100632024799584e-09,-8.700321261619868e-13,7.390317696146821e-11,2.440710231542118e-09,-1.2042837044890895e-11,3.0112367678350574e-14,7.065317748698754e-11,1.1062664799030917e-08,6.139682837696149e-13,-1.2970091347658434e-13,1.0893590105165231e-14,1.4933072598295933e-12,6.400784366891635e-11,9.337041553536445e-14,-4.4433290402875974e-13,-1.9510733256762985e-15,1.258920911792324e-13,7.456964329462242e-13,-5.701025826508145e-07,6.866733976725323e-11,-6.941849545744876e-11,-4.5264629171304045e-12,1.2913980972053609e-10,1.4516267082864256e-11,1.0053762352486049e-05,-2.6538574608025907e-05,2.885319642420473e-09,-4.283081268741079e-10,-9.650304422098844e-11,1.9973239605924037e-09,-2.6088359907660927e-11,6.234427736168275e-07,1.991717923016824e-05,1.58863147902974e-06,-4.1474997063888676e-10,-2.644146871293419e-10,-1.780152691142054e-11,5.563538541583143e-10,1.4143477477424568e-10,2.658912334157853e-07,-4.005804046296894e-07,4.105103953896372e-06,2.6970004854789152e-05,-3.286655180939787e-09,-3.336099919182293e-11,9.776288179010531e-11,-1.947511231812334e-09,7.829981238759219e-11,6.6809610996839305e-06,-2.0418368391129407e-05,5.47908735106948e-07,0.0001064246992954,3.235582392090893e-06,-4.6486439987047214e-10,-1.0123239390488188e-10,3.905368347635629e-12,9.252271042839084e-11,7.568269422042318e-11,2.359112122147495e-06,-2.042927847165105e-06,1.6221264564393555e-06,2.30371325626399e-05,3.9782998531970114e-05,0.0005141908988719,-8.69345634758507e-09,1.0379774171333128e-09,1.410142075902507e-09,7.133411414112264e-09,-3.5495690322453074e-10,1.5202651633398144e-06,4.615677750882414e-06,-6.059157821339874e-06,1.3970984311003964e-05,4.955458738667437e-06,0.000475140689468,0.0005005033401439,-1.0270269152136769e-08,3.530344326357628e-09,1.4106994213554275e-09,4.967295350533451e-09,-4.6022373477014086e-10,-2.060674960576836e-07,2.247365209836806e-06,-4.591091678994709e-06,-3.095878276705158e-06,-1.9164973206740284e-06,0.0003430804981822,0.0003171096973436,-0.0001717138441674,2.273335490167557e-09,1.231688673728668e-09,-3.3191534467598314e-10,6.483547600890965e-09,1.2476702820059795e-09,1.3044030276915637e-06,1.847311814508149e-05,8.062772434157278e-06,-1.746682444651068e-05,1.6200741873781706e-06,-0.000119288166208,-0.0001347178797328,0.0005975355441967,4.5,10,3.3459502526162668,125.25829128233202,0.194,-1,False,ecliptic_BarycentricTrue_J2000,ecliptic_BarycentricTrue_J2000
768475.9735015659,10,0.98,12.124058855475257,0.1305368619384627,0.5879907444185479,0.8926385543913551,1.4685309129192512,5.072245008275959,1.4405340215098557,2.601198746202685,5.956349765543933,2.260130029423787,6.256841686766784,0.0005009845638882,-1.6321341943742035e-09,3.7625529123363024e-08,-4.976120312266079e-10,6.418950508187468e-12,3.770704896834202e-10,4.3032561428402756e-11,-2.655933596090375e-11,2.523437487592576e-11,3.773804392118464e-10,3.305037402440816e-09,1.1470868749361269e-12,1.310599580491925e-13,1.1697142153851692e-14,3.927829627401244e-12,6.886347885431235e-10,-2.856055885813224e-13,9.315081713686812e-14,7.0761310151501035e-15,-6.477335064595908e-13,3.883250202128877e-12,-7.444213946912102e-06,1.963704748595676e-10,2.1169207155527983e-11,-2.754895067532284e-12,9.191873234880244e-11,-4.6226538124971827e-11,0.0013827458712878,5.194806352402556e-06,-1.3296805131214172e-09,1.5448159854816018e-11,4.539424179294973e-11,5.569956631813822e-10,9.21307748868262e-12,2.372591036297796e-06,1.8183685806155905e-05,-3.128386817367787e-05,4.460877554037419e-10,1.4865713922902518e-10,-3.617039977422201e-12,-2.1490135350571398e-10,-1.2274375483379156e-10,2.2253306918402725e-06,-6.442369138796526e-07,8.94305015032767e-06,-1.4198924356002904e-05,1.1096942309679495e-09,4.999783250512413e-10,-3.339033931348243e-12,-8.531437100547965e-10,-6.999475500894948e-11,2.2741218809934714e-05,-1.5344167758526723e-05,2.9862474715733526e-06,0.0003261228387404,-2.171816067764933e-05,3.8910070150562086e-10,-5.225341514284022e-10,-5.6232909627113535e-11,-3.150700826406037e-10,-1.3195501246354056e-11,1.7790153877531266e-05,-2.30020231288735e-06,5.885094985259011e-06,8.101791223542491e-05,0.0002517123150884,1.205787240662359e-05,-4.813797024629266e-09,-1.9239934661671023e-09,2.372371241204559e-12,-1.366219034712437e-09,4.477774755155012e-10,6.860991033581691e-06,4.870219575582027e-05,6.870588044258997e-06,-0.0001195733641456,7.838290126830612e-05,0.0003829802693439,-3.493035488631876e-05,-2.25135183583268e-09,1.9434239587925324e-09,2.3668870158617837e-10,6.19955836547178e-10,1.5863735025603206e-11,7.117334181577009e-06,3.622723722902892e-05,7.601845976572126e-06,-5.2966223190654246e-05,3.824098348739142e-05,8.494402472197152e-05,0.0003851906883948,0.000263725517733,-3.665528877635629e-08,-3.0646525996225875e-10,6.780937733182194e-10,5.620647466573792e-09,2.009171579268533e-09,-8.779177495382085e-06,-1.074962054624801e-05,-2.901130546972657e-05,-2.865283285166695e-07,-1.763221777298467e-05,-0.0002076606099694,-0.0002192144836241,0.0065718134501313,4.5,10,3.921730308580753,54.3008437800032,0.218,-1,False,ecliptic_BarycentricTrue_J2000,ecliptic_BarycentricTrue_J2000
311699.4927047702,10,0.98,15.76684966679614,0.1342134392479589,-0.4180337912350538,4.617021597512011,0.6287031651317967,0.3618369142798463,1.5146570258359415,0.532098687712519,5.4007272299841,5.907994653997948,4.891773746392354,0.0007633399767406,5.206894782292024e-08,1.9932000231425706e-08,-2.5320119988818635e-08,8.207600147766043e-12,2.2043831247894507e-10,-1.064617237271088e-09,9.281389353445752e-11,4.0631499224399513e-13,1.9648374906639879e-10,9.898003478483937e-09,7.000181056597674e-12,-2.040462327249653e-12,-3.0006163241134116e-14,2.546834310126925e-12,-1.1169985277690555e-08,1.1178489573808138e-12,-1.333556911051255e-14,7.844923793395748e-14,8.956382417486501e-13,3.715598301610287e-12,-4.310522616198528e-07,-4.4975800722672255e-10,-1.739144014978041e-10,-8.826184876141285e-12,3.073180215859609e-11,-9.990483939789115e-11,0.0001080693208453,4.7159959231077605e-05,5.864092421686178e-09,-1.1910013219272027e-08,-3.3234100993291236e-10,1.161074883763874e-09,-3.4339525137838822e-09,7.648356777437583e-07,2.2305466030466632e-05,6.084296006677016e-05,7.249643773152009e-09,-2.843569292174316e-09,-2.1166151487600366e-10,1.2582304726629243e-09,-6.621411291755875e-10,2.5157554977263917e-09,5.3623089840583e-06,7.658804946254894e-06,1.7037375443870115e-05,3.791211886196128e-10,-1.4990258244774033e-08,-1.9211869663057028e-10,4.871667013185388e-10,-1.8082610546883603e-09,9.07314057090335e-06,1.139499909916946e-05,1.7409417566807549e-06,8.564995125070794e-05,5.9539351320275226e-05,9.612927250388597e-09,-7.0649917014268565e-09,-2.0373733138265246e-10,1.1045073854381152e-09,-8.55224625044827e-10,-3.23642163693638e-05,5.7473428818075545e-06,6.949977396022442e-06,-3.0482901179896214e-05,0.0001976688520405,0.0001920705782655,9.948238940640372e-09,-1.2063059914024831e-09,3.2480649049635176e-10,3.355948375269373e-09,1.284613415731063e-09,1.677990155813582e-06,4.414784666527357e-06,1.935188213114206e-05,-4.669148435368918e-05,-7.55658187715787e-06,0.0005996770358011,0.0002560835895564,1.7287646131148022e-08,1.2892549701577651e-09,2.7640135359438838e-11,4.6139350593227994e-09,-8.86966260252185e-10,-2.2683518418486133e-07,2.0514295970890087e-05,2.5867084471446668e-05,9.91844706921326e-06,2.635064515782572e-05,0.0002493923292928,0.0001848887241975,-0.0002908759495562,-4.8232136843327736e-08,-5.970746925870305e-08,1.5644114040546442e-09,-3.116914778329986e-09,1.8980445117975963e-10,5.095929523698647e-07,-7.795469775880427e-06,-2.762477367819411e-05,3.014289626330521e-06,-2.392253325865556e-05,-0.0001698562887704,-0.0001928964215905,0.0034555954702797,4.5,10,1.276767962485338,75.18426845986467,0.235,-1,False,ecliptic_BarycentricTrue_J2000,ecliptic_BarycentricTrue_J2000
463233.9791295397,10,0.982,10.12604155670875,0.1492167375845958,0.7356942747572157,4.7856088201102205,1.2287601119081528,4.341667282277923,1.9245255783106752,3.82327964305158,5.625876763754525,0.926367787763552,4.913033483466096,0.0053651538697503,6.790015328305007e-07,1.807460942936137e-07,-4.420552504412059e-08,1.4192808742141354e-09,1.8151254961208926e-09,-5.550003226228211e-09,-6.89557054449662e-10,-1.6838675467733584e-10,1.7527208936021575e-09,3.154266459933061e-09,1.5201695889795426e-10,-2.2440788732954822e-11,1.5789853597729197e-12,1.7716075216505133e-11,-8.580749053790594e-09,-6.691811973986218e-11,5.5267442554632335e-12,8.552075520592116e-13,-1.8634533418190752e-13,2.284035320592416e-11,-0.0002018265735508,-1.41895967951533e-07,7.853181456520896e-09,9.668322797829572e-10,-7.367241753075341e-10,1.988913386529256e-09,0.0188360590298915,-0.0003826942292668,5.1373493270191123e-08,-6.942207909523585e-10,-7.890239019307801e-10,-1.615385180773637e-09,-1.4974787208063597e-08,3.299597968410223e-05,0.0001536841702943,0.0002361257744323,2.018691855174593e-07,-1.2906091875126341e-08,-1.9373866691359717e-09,5.92459555014156e-10,-8.235788522287371e-09,-2.179021287071081e-05,-1.2857568809191492e-05,3.455665047927148e-05,0.000384477415945,-3.841039190943592e-08,-1.6238162188349518e-10,8.730943688955047e-10,1.941930846973512e-09,1.5122259828723825e-08,-0.0015744387516972,-0.0001520393966018,1.2675740501544143e-05,0.002559456790226,0.0002088729077539,1.75311245819052e-07,-9.89923796960538e-09,-2.1384116750379957e-09,-7.48528436106251e-10,-6.7089033542110405e-09,-8.346656681699622e-05,-2.2518864885084507e-05,3.167596637945672e-05,8.46597420550177e-05,0.0044138782047307,0.0005220319816929,-9.468092287862932e-07,6.352872708037787e-08,8.836108146487006e-09,-2.384329439595471e-09,6.484024203985251e-08,1.3316382433329314e-05,-0.0001389047064665,-6.444372505730976e-05,0.0001355467920051,0.0002154820666534,0.0009596368035164,0.0006678855845585,-8.6664528775744e-07,4.271203515570008e-08,9.872673511173981e-09,1.2943553391073387e-09,6.391157620611645e-08,5.743567727791852e-05,-0.0001336771197316,-5.129627558587283e-05,9.41353588755381e-05,-0.0051453847059803,-0.0001269424742866,0.0137798784201275,1.4245682812853246e-05,-1.8919297522826305e-07,-7.015759751181609e-08,1.0751568801739e-08,5.506009447926133e-09,2.9661746580108238e-09,3.317281324688076e-05,0.0002144470605808,7.500532151361905e-06,-0.0002118533005703,-4.913359113151572e-06,-0.0007861681645166,-0.000765225130603,0.025570360772532,4.5,10,0.7048117104331906,25.25909550881508,0.279,-1,False,ecliptic_BarycentricTrue_J2000,ecliptic_BarycentricTrue_J2000
239255.0368811537,10,0.98,13.038178321489193,0.0748922778955171,0.0844273629560337,2.3496325638401494,2.2461676955448966,0.7104319364692933,1.3305990973318471,2.429825557778208,2.999345867678884,3.042970108036995,0.3346360625589546,7.66032642582192e-05,1.719235151762093e-09,4.011962836823683e-09,-2.0510693819744287e-10,2.505367826769384e-12,4.053830551026105e-11,-1.4176449850439632e-10,-2.904008010554231e-11,1.2447050966613265e-13,3.952588860758984e-11,-7.10438011576435e-11,-2.383067616137717e-12,3.4958838478699653e-13,2.0152956996496934e-13,1.6569018562663194e-12,5.163513133600755e-10,-1.0763374256479361e-13,-2.2992677648262453e-13,-1.2257538800918891e-14,-3.643603907290707e-13,5.058415338964795e-13,1.127040057174857e-06,1.5904843464263012e-09,-2.4919667503625874e-10,-9.861401553796311e-11,-4.3626773580540485e-10,7.061883084272045e-11,3.550419749496268e-06,-6.104832192327533e-06,-1.2495192456535476e-08,1.595074694192086e-09,7.303612038580787e-10,3.003006094653753e-09,-3.9949121446322535e-10,-1.3437328616585355e-06,9.572430303956396e-06,-1.0637253721208128e-05,-1.3436478919995482e-08,1.6830677158858655e-09,8.391032772757072e-10,3.963887088980244e-09,-6.818791656556593e-10,-1.715253009413762e-06,1.1749480398603952e-05,1.518310631079166e-05,-7.898545273816699e-07,-1.9480036776321435e-09,9.34979340620026e-10,1.1417926432239676e-10,2.8629271334799355e-10,-1.937972402892747e-11,-3.448516324548945e-06,1.3922164290317842e-06,1.6920029894883988e-06,4.874751377281823e-05,-2.5260018149851307e-06,-2.1163108383753583e-09,-3.039763250064808e-10,1.2447628524077828e-10,7.4165842937178e-10,-1.4939528817896207e-10,1.7735877763400227e-06,1.945549497422872e-06,2.657114735169834e-06,-2.704663047012159e-05,2.91430193386754e-05,-6.483627390189292e-05,-1.564728326474253e-07,2.0521101357424883e-08,9.093857986688574e-09,3.7166889780547146e-08,-4.8225224221711514e-09,-1.6486117939897002e-05,0.0001177143531574,0.0001444891725159,1.7673841175291756e-05,2.776437940743009e-05,0.0015060723393049,-4.966891777615609e-05,-1.310786395923715e-07,1.6827614209207493e-08,7.555795550535049e-09,3.0240008146189e-08,-3.737528592376401e-09,-1.358886584503994e-05,9.69030762484671e-05,0.0001186272586128,1.4330072128726845e-05,1.9569801882911585e-05,0.001200700990278,0.0009928766077048,-6.093265882133199e-05,-9.01133192038447e-08,1.1482032121565128e-08,5.537439924802979e-09,2.5110211263462043e-08,-3.408297405289229e-09,-1.0707483219419217e-05,7.455411668008004e-05,9.510725570036788e-05,9.429393142526537e-06,1.6761686009437388e-05,0.0009056170455337,0.0007415589103477,0.0038607759988422,4.5,10,0.4031979922437203,167.92971655824752,0.249,-1,False,ecliptic_BarycentricTrue_J2000,ecliptic_BarycentricTrue_J2000
353701.75047742674,10,0.98,15.941536903367927,0.1263115183009713,-0.933625253958684,2.636849338657933,2.0728086340079948,0.042117993934704855,1.9662660769372875,1.3670589671504103,1.9737529475468407,5.566333671988099,2.773561709154759,0.0115848623369027,2.240846926446089e-07,2.234193466250505e-07,-2.103310827683351e-07,-2.9210359062713967e-10,2.465111930007919e-09,1.837309883297222e-08,-1.744174513003201e-09,1.5275279328617e-10,2.218160337952188e-09,1.3372128503608033e-07,1.07942547770399e-10,4.1078340366303085e-11,1.8449569347287245e-12,3.050763489658884e-11,3.938356919385947e-08,-2.9398532106099416e-11,-3.110820995456928e-11,-1.3996042399045034e-12,-7.268133423008346e-12,3.864973774545963e-11,0.0007548173927089,-4.792162984095411e-08,-9.056737736845476e-08,-4.758447610315343e-09,2.29700839288926e-09,9.762249790855742e-09,0.0369173782425627,0.0010332356826243,-1.2823393667047056e-07,1.6936547588261512e-08,9.432483633895704e-09,-6.6920110554221076e-09,2.2072219156696563e-08,4.335749799889987e-05,0.0002692836235993,-0.0010956417181333,-7.017220168869524e-08,1.1690006989312853e-07,6.020593672648974e-09,-1.3983751346182933e-08,-1.2275030424446296e-08,-0.0001085092402215,-5.99083200672368e-05,0.0001623570469253,-0.0010500839350139,1.6892505757973561e-07,-1.1339743145754273e-07,-1.841987384886147e-08,1.521791740099983e-08,-1.7136375875635916e-08,0.0032581874230153,-0.0002301919153585,6.963513405978441e-05,0.0604549868690301,-0.0007923960916122,-1.624365156282193e-07,1.2828505506855218e-07,9.215088285140198e-09,-2.0004973444078173e-08,-7.124174632439204e-09,0.0166503255244185,-3.996255934709732e-06,0.0001394146178003,-0.0080479043887172,0.0153997246243883,0.0054828888986055,1.89082737622268e-07,1.1725398166208576e-06,9.531845692827473e-08,1.6804081115510514e-07,4.670696157230305e-08,0.0087498967247463,0.0007006770701209,-0.0005237576256928,0.1947555320238481,-0.0284380299287659,0.8256423835827273,0.0048209142072722,2.777450063354815e-07,3.841084331755853e-07,4.156919129766336e-08,1.3713480062020706e-07,4.449808146224849e-08,0.0014259462657755,0.0005149737052836,-0.0005240093237169,0.1072072809996215,-0.0188013482212764,0.4459932439179338,0.2425073876454121,0.0029314651877593,-8.047515509404106e-07,5.072826156849084e-07,5.955494968153393e-08,-8.883450410311362e-08,1.064154365105342e-07,0.000118890994325,0.000494514810477,-0.0001277012240037,-0.0005360473385076,1.4259270760170248e-05,0.0003995280558487,-2.896582559737821e-05,0.0335294147453033,4.5,10,1.3236140743930966,22.47462891161206,0.227,-1,False,ecliptic_BarycentricTrue_J2000,ecliptic_BarycentricTrue_J2000
599967.569845441,10,0.982,14.128653236779376,0.0841674821264748,0.1915891288262377,2.2389952215553532,0.5544813391867858,4.547021376575438,1.5306646107389332,2.915827453966352,2.459794363261311,1.6482387606875024,3.1714386373022068,0.0001592640775385,1.918378385066886e-09,1.41775250155833e-08,-4.813290872606452e-10,1.7660327885565864e-12,1.417352585754197e-10,-4.543813501571009e-11,-6.136361329605313e-12,-6.494116806733238e-13,1.4152756717831075e-10,4.937906589855571e-10,1.0936384829825265e-12,3.208012355497173e-14,-1.6306465289580122e-15,1.5598083876278368e-12,-1.6958177535418655e-09,-1.3456711247744408e-13,-2.322410076721984e-13,1.7350187815570088e-15,-2.053103158192101e-13,1.4527849904636717e-12,-1.3587295290785065e-06,-2.9723942697981804e-10,-3.781243718156077e-11,-6.807642208120591e-12,-1.202060523989644e-10,4.3362145709016734e-11,0.0001844269322408,8.791018316598241e-06,2.6927262670330297e-10,1.3991519293532722e-10,-1.6014294639528004e-11,1.0259619476008002e-10,-1.796052133168324e-10,-6.638573305977279e-07,1.3107275851773708e-05,5.758331597385139e-06,1.0582612282810475e-09,3.342905843117887e-11,-2.0944302721092472e-11,3.49105349750413e-10,-1.2227221642476293e-10,-5.995044100017561e-07,2.6638607413054445e-06,3.089437941523004e-06,4.23592185624939e-06,3.128528310876244e-10,-1.0022786362225428e-10,-1.2454459390294944e-11,9.53764719609456e-11,-9.795703999333171e-11,2.1881817657457715e-05,5.061971437137063e-06,1.7029113582872572e-06,5.632440459483498e-05,4.107364552777778e-06,5.108541903568755e-10,5.874630792531312e-11,-3.079145026476834e-11,2.913182617222237e-10,-6.088405827301475e-11,6.744505533330341e-05,1.1029238436534311e-06,2.6621148798406745e-06,4.4148969156097285e-05,0.0001707548239157,2.7673141649088497e-06,-2.067476038074401e-09,1.602164638944497e-09,6.075891508378129e-11,7.11318125952009e-10,3.9109747654482627e-10,-8.571158528712488e-07,1.5489605945105548e-05,-1.3793372725181988e-06,3.85060121903371e-05,-1.5502535904513872e-05,0.0001988856764467,-9.917446276224712e-06,-2.2543613762645156e-09,6.22645841696838e-10,7.108142563243866e-11,6.426551671650728e-10,5.72178977821933e-10,6.6775061551803e-07,4.254752609904892e-06,-3.74152823148666e-06,5.746533827901736e-07,-3.8954184115876045e-06,2.5874968134218057e-05,4.800332276284457e-05,6.755487870053708e-05,-7.71327103354728e-09,-2.0705636909553435e-08,6.074742646332995e-10,-2.113391314540531e-09,1.3980181399104228e-10,-2.1313603278277365e-06,2.158426201515661e-06,9.732271382935114e-06,3.012763967960133e-06,8.120310635424793e-06,-7.834217168640491e-05,-8.205410634543323e-05,0.0055357460104958,4.5,10,3.829725312093364,88.46775212145687,0.198,-1,False,ecliptic_BarycentricTrue_J2000,ecliptic_BarycentricTrue_J2000
446516.4726637268,10,0.98,14.854800142131646,0.1611292452833228,-0.2628591243229372,3.063129741982896,0.9989742043851528,1.2252856218496258,1.3019444631539046,3.6926376020448655,3.0956042847599887,2.7479867303195715,0.5988289417746664,0.000812528599339,-4.177399452387296e-08,4.371933359219053e-08,-8.240752453508306e-08,3.634478689620385e-11,5.145480743624712e-10,1.9125237882426046e-10,-1.4667916904171982e-10,7.42650308973132e-13,4.33511792586727e-10,-1.2219512288712596e-08,-1.9117039100392797e-12,-3.1177990714659704e-12,5.5293101323612384e-14,4.902337657943772e-12,8.956693492933089e-09,-2.676124418728147e-12,-3.599913267781184e-12,-1.7638004680495336e-14,-1.2094061522993232e-12,5.589312196440567e-12,1.003429861974352e-05,-5.753924401004963e-09,-8.221111934429071e-10,2.7917024582735368e-11,3.6232806918202975e-10,4.1382163508244304e-10,0.000878278637852,1.943124422497282e-05,-9.766050467058825e-09,3.913451328964077e-09,1.5403875349129368e-10,1.4127273666132503e-10,1.2139319522165803e-09,4.55147209232948e-06,1.3478950573769543e-05,5.383518586456695e-05,-9.5212146046128e-09,-5.844231493295783e-09,-2.1818005808302768e-11,1.6723013061631375e-10,1.720644594213429e-09,2.865384601604063e-06,2.44734851571923e-06,1.5873708895412215e-05,-2.1639302294619865e-05,1.1894477680647232e-08,-5.708475636379473e-09,-1.2276427011268055e-10,-5.082753786281948e-10,-1.0957516508066855e-09,-0.0002295127839116,-1.2688202338968535e-05,-4.488423389946442e-06,0.0003759018784135,3.754635560343495e-05,-1.0483164868448554e-08,-1.49838532804723e-08,-2.0703084491037864e-11,4.420921567265752e-10,1.2353408018134339e-09,0.0001468419440352,3.5154478970979177e-06,1.1732441830406865e-05,-0.0001446780449084,0.0002531088266831,8.564462106404964e-05,-3.2750980372521186e-08,1.2927197860325408e-08,3.8393012372833086e-10,-6.582146803501844e-10,-3.8325886412534334e-09,-3.780881354881428e-05,-1.261739962674547e-07,1.6717650546158256e-05,0.0001045593407279,5.691690879356172e-05,0.0008409141947826,0.0001161590336732,-3.2275426107745456e-08,-2.2156623003909563e-08,4.0706042640613716e-10,-9.168943450011515e-10,-2.39982227082467e-09,3.317204487207367e-06,4.512896985268749e-06,1.4939602910747534e-05,-6.875169406580161e-06,1.0132303177161248e-05,0.0002656239591834,0.0001612335405296,-4.5972969712664754e-05,-1.1687299216939137e-07,8.984402683306207e-08,2.228614529743003e-09,-1.8736551194704788e-09,1.8425715101289736e-08,5.7192184633162185e-06,2.598128249472485e-05,-1.3121747314824003e-05,-2.212027356884344e-05,-8.899148744341977e-06,-0.0002180417502235,-0.0002143946411376,0.0042290283985401,4.5,10,2.137269075283833,50.57449373515,0.225,-1,False,ecliptic_BarycentricTrue_J2000,ecliptic_BarycentricTrue_J2000
619031.2007857336,10,0.98,15.12384065040715,0.1367839922364848,-0.7302823668645804,1.6170451731964706,1.5282992855075699,6.245819205178176,0.4214096424029791,4.560196966468861,3.8572913331057,3.636532420347174,1.890758793244169,0.0014822198768576,1.1159350519995081e-07,7.308802341442142e-08,3.825379531088907e-09,5.44374057120664e-11,7.298901379686312e-10,1.5018568048955458e-10,4.2484267368011407e-11,-1.1300652733742312e-11,7.32141530331282e-10,-2.3281268024058844e-08,-1.945559547663481e-11,-1.0422393082031748e-12,3.0809083915201376e-14,9.694610634416664e-12,2.1396781400883633e-09,-3.520309633798905e-12,-4.07695638552284e-13,1.2144898360609641e-13,1.521086340419631e-12,7.930533563185587e-12,8.505210325731752e-05,1.7125801797991904e-08,-4.881048551736782e-10,4.0180543046022986e-11,4.6056996836777016e-10,-1.0910084202423236e-10,0.0015495750611545,8.37089724502474e-05,-1.8495063533884272e-08,2.9465923211038546e-11,2.7130448896107224e-10,7.338110572833363e-09,1.3345508632222e-09,1.937955834792748e-05,5.432562626759701e-05,-0.000284317140796,-4.801975758470049e-08,3.9517260242765515e-09,1.0603390001699759e-10,8.858777983981396e-09,2.3798605947132396e-09,-3.5454885812668737e-05,-2.127779652045766e-05,0.000133771783533,0.0001499292321457,-5.006412548589604e-09,1.809402196833956e-09,1.2533820928887114e-10,6.020502915033851e-09,1.3270376300655092e-09,8.397913280627144e-05,5.039226834976558e-05,-5.7324655690651536e-05,0.0014523123489875,-0.0002066399737124,-8.504801507424693e-08,2.7045893016710283e-09,4.750766531096106e-10,1.9747232231850992e-08,4.315032663249631e-09,0.000575996615955,5.783632847207308e-05,0.0001258471756561,-0.0002625865260506,0.0061472648553386,0.0004759983517471,6.37574061386223e-08,-7.713617405700291e-09,1.5326612534480575e-10,-1.3646335908807472e-08,-9.694510475838185e-09,-0.0004664464205585,7.750505095901383e-05,-0.0002341220667574,0.0031375655806429,-0.0072204581586182,0.0261291621289034,0.0002439854288604,-1.0634780210576991e-08,-7.495740813918008e-09,4.391428071966121e-10,2.415861250670192e-09,-4.596872087013009e-09,6.452293494183077e-05,0.0001334052260747,-0.00013681825521,0.0017405937345233,-0.0009231874908154,0.0103200786331203,0.0051710580932799,0.0010070713287419,-3.333732859888337e-08,1.129063031975844e-07,7.514338781117433e-12,8.266271654166852e-09,2.8759104461622616e-08,3.279686982253127e-05,4.3307285482668176e-05,-9.246528013713884e-05,6.870672786300299e-05,-4.724585313939909e-05,-0.0001834094823213,-0.00030883635745,0.0073030911874757,4.5,10,3.4629000892903528,38.93408877311971,0.194,-1,False,ecliptic_BarycentricTrue_J2000,ecliptic_BarycentricTrue_J2000
766870.8775540715,10,0.98,10.98489321775446,0.0931639745639374,0.4525165951692107,4.700015431431921,1.2241218788411516,1.2527194686831908,1.2859804696340948,2.893040746559705,5.915858356370415,0.9778557785714524,2.8700011520023203,0.0016956368565717,7.312398642223359e-08,4.7920774752440943e-08,3.309316551447279e-09,1.0956055645540646e-12,4.797301849994526e-10,8.619080042605812e-10,-1.2714355479970835e-11,1.5673375678945878e-11,4.788184687540012e-10,4.8679634111563794e-08,8.625025672826029e-12,2.233348272366977e-14,4.1830668605454797e-16,6.647508985742073e-12,4.4534683479575635e-09,1.3185363312270004e-12,-8.238128461329474e-14,-4.0154751671228346e-15,1.2202683476822277e-12,4.967628105173804e-12,0.0001488603344795,6.265989816333634e-09,1.5333639751209642e-10,9.521143640567096e-11,3.486778416196606e-09,-2.974711737500241e-10,0.002246868616061,-0.0002853916110683,-1.1314195443741556e-08,-6.936606512200322e-10,-2.0703560722608502e-10,-6.707198516971085e-09,5.80648272953668e-10,-4.183371595210361e-05,8.026902146746183e-05,-0.000127404190292,-1.1110977082340321e-08,-3.248977955148413e-10,-3.030874160617028e-13,-5.1920390679164875e-09,-5.11548649978602e-10,-1.2587850394568537e-05,2.4062816327222065e-05,2.098439806827444e-05,3.303729878702784e-05,5.81481694748654e-10,1.3033256596256147e-10,3.893900470211401e-11,5.13895481265129e-10,-1.0317656712478327e-10,3.380338375014984e-05,-1.3056259553110748e-05,-1.5689990615400558e-07,0.0001538969530321,-0.000215538960953,-1.262319237693877e-08,-1.5301579329071611e-09,-7.165254979266663e-11,-8.189373138434259e-09,-5.800061627422854e-10,8.675882109710559e-05,4.673253387692429e-05,3.005977181700528e-05,8.628772451751239e-05,0.0005691758293057,0.0008452662701912,2.5623564562627744e-08,5.522536198930911e-09,8.09641705298913e-10,1.9073224051155417e-08,-2.252073034160865e-09,6.782421575269501e-05,-0.000187527139618,-7.476179203003151e-05,8.765361152795944e-05,-0.0002967913003234,0.0010413185582647,0.0005909136317441,2.507581039320224e-08,1.1550132268438552e-09,4.761813900159022e-10,1.8242258172879443e-08,4.4719955924604335e-10,5.995693384429792e-05,-0.0001143721649717,-5.231211335440897e-05,1.4525834661283276e-05,-8.677258389761648e-05,0.0002772521489436,0.0004008351955193,-0.0002496911138699,-5.9202401690703794e-08,-7.086733030388565e-09,1.3647461173243875e-09,-8.552242380644631e-09,1.7717254830817597e-08,-4.537938365771602e-05,9.040602233003684e-05,2.914797867522013e-05,-1.2435397249372466e-05,6.071478869070399e-05,-0.0004089694127396,-0.0003232781803072,0.0163360352042239,4.5,10,2.4044201993767604,48.12419494250376,0.233,-1,False,ecliptic_BarycentricTrue_J2000,ecliptic_BarycentricTrue_J2000
748617.5166969524,10,0.98,12.448719454944802,0.1398987936719187,0.7042893618644352,2.90113788208503,0.7939005183381126,5.589847361052699,2.928248916645164,0.4669486949102596,0.4230721535359174,5.433369946689683,6.177586404208499,0.0002454604081696,1.2279207981063159e-09,1.6968936359259324e-08,-2.2168120410469222e-10,1.8065776603428645e-12,1.7242243453364095e-10,1.0145886209470191e-10,-3.2171253797980008e-12,-2.337980615771517e-11,1.7205501707664008e-10,6.779058845878435e-10,-5.074481812963097e-13,-3.4148749030922934e-14,5.718214356469193e-15,1.7159122903597554e-12,-3.4859602537840736e-10,2.322104110168561e-13,-4.3031240116358976e-14,7.468520976364511e-15,-4.3331781913998123e-14,1.705566911241679e-12,4.103437557351612e-06,1.2381652146955788e-10,2.3796417305220945e-11,1.1502869117603314e-11,1.279507770802974e-11,1.1426605776594674e-11,0.00036645714267,-1.390183346978024e-05,-8.141208357108094e-10,-8.207899238922506e-11,6.719201258577919e-12,-4.023183151595885e-11,-4.36561300900711e-11,-1.6459123661431794e-06,5.145033777020156e-06,-8.188309635877136e-06,-9.16785198596893e-10,7.586428645680667e-11,-2.489534330639416e-11,1.7066628413141206e-10,-7.156857747006224e-11,4.82509810079156e-08,9.235185907051606e-07,5.963108077792904e-06,-1.1325866730244192e-05,-1.883462242856142e-10,-1.7243978828557468e-10,1.3254302254991814e-11,-2.5301598958443213e-11,-4.386217064864189e-11,-2.719289657295484e-05,4.428803332351403e-06,-3.545240572383438e-07,0.0002904739187456,-4.247513147248454e-05,-3.3986245745041422e-09,4.71044976562242e-10,-1.4945201115243749e-10,-8.736473399890434e-11,-1.6227667126273718e-10,-0.0001127386753854,1.2593874524000352e-05,1.348711433701967e-05,-0.0003514695518211,0.0065547009585989,-5.265545868984607e-05,-7.648619344028896e-09,2.2111860591251024e-10,-6.997329424014871e-11,1.3369262561770758e-10,-5.4955527633575726e-11,-0.0001157879057995,2.827113070121453e-05,1.086230415323787e-05,-0.0002722724560959,0.006155844420482,0.005891319677248,-1.149749710030801e-05,-3.095904130230249e-09,4.0262490487117513e-11,2.5697783357356447e-11,-3.071910955285837e-10,7.218013174120993e-11,-6.039056389973568e-06,1.5152616628782564e-05,-1.9610878633093808e-06,0.0004140042632039,-0.0019688781316708,-0.0017600304599883,0.0020980589196779,2.0163118430993663e-05,-7.121993710020591e-08,-5.102710883082546e-09,1.663542706460528e-09,-1.2284163461207625e-12,2.504403985326115e-09,3.059685972466451e-06,-8.451216098655144e-06,4.676227598477998e-06,-8.485074616715062e-06,-8.476974861961294e-06,-0.000110885389819,-9.812737889309752e-05,0.0027634352861954,4.5,10,4.323278841325861,80.98549230158378,0.233,-1,False,ecliptic_BarycentricTrue_J2000,ecliptic_BarycentricTrue_J2000
496472.1528725208,10,0.98,14.825714218482378,0.0689737002314234,0.8165581125196704,1.8565729736746446,0.5088861283128207,6.280298213565021,1.61322148781406,5.237682317197426,3.416800713667042,2.971058510174494,2.6338556561146214,8.81210850520001e-06,-3.893558824729421e-11,7.437183076450161e-10,1.2015119479119058e-10,2.2119718601075042e-13,7.425772027315485e-12,3.4119266286029524e-12,3.4157905874530986e-14,1.1532002206987788e-14,7.396668495061395e-12,6.696261321523e-11,4.7473488657547575e-14,-1.826488836099846e-14,4.25258934702108e-17,8.71005718705935e-14,-3.5647825846062715e-11,-2.1628521621312573e-14,2.0488321172278452e-14,-2.3020860794951184e-17,-1.64598814072758e-14,7.544987130599865e-14,-4.136724396326232e-09,-3.1590096989750438e-12,-1.246540304911314e-13,1.5862434126025276e-13,-5.41792463270774e-13,-2.3321444292464214e-13,7.411032407278872e-07,2.7269298291161535e-07,-5.7152864232272526e-11,4.5196969568191246e-11,1.4393069574501148e-12,-3.0542946675387386e-11,2.7886933386308048e-11,-2.1096043743455865e-08,1.4376019767751984e-06,-4.5222619010488244e-07,1.4806747681576363e-11,-2.1302871973937863e-11,-9.287228902251814e-13,2.14181550505748e-11,-4.625155428322097e-12,8.764935378452101e-10,-8.388662337368016e-08,1.4720373704179464e-07,-2.3055605364265906e-07,8.653907430353182e-11,-2.0527268346187558e-11,-2.768426191193922e-13,4.14732945033544e-11,-3.6801145825464206e-11,-5.158393984182046e-07,-1.3244136893953926e-06,7.122629732605285e-08,3.945156589363335e-05,-4.345494687728112e-07,-3.0990613154365214e-11,-9.46775289700861e-12,2.381995260376437e-12,2.582034315470884e-11,-8.913436799588187e-12,1.1824755145960582e-06,-6.970012543029141e-08,1.4254778797032916e-07,9.131437040780516e-06,1.941237986657093e-05,9.046233432168412e-07,2.796391221785317e-11,-3.3172406986068515e-11,6.0299143891150195e-12,2.6671232150994357e-11,-4.995908356233757e-12,5.039229816633567e-08,6.680847193763945e-07,-2.067538782492005e-07,-9.670008093123675e-06,-3.2145484672278413e-06,4.59272860126558e-06,1.2584412207171713e-06,1.0525604839760052e-10,6.608376103824365e-11,-2.182280602690623e-12,1.151028580851091e-11,-3.6150586658371934e-11,4.983964148151276e-08,6.578106156472321e-08,-1.9045581905895363e-07,-6.949660977485459e-05,-2.8716693959491336e-05,1.599742524540409e-05,0.0002042385153527,7.142018485884457e-07,-5.960827048909707e-10,-2.4497098727357935e-10,4.8082820342519164e-11,-1.84222091844592e-10,1.7866638136972827e-10,-4.578589347130722e-09,4.418279123796838e-07,1.3927919393760433e-07,-4.6277629406391993e-07,1.207549638481685e-07,-3.346774979457699e-06,-3.4531265989972383e-06,0.0004737229870052,4.5,10,3.962399479709708,386.9752492241015,0.272,-1,False,ecliptic_BarycentricTrue_J2000,ecliptic_BarycentricTrue_J2000
420682.17676527007,10,0.98,12.415204408261626,0.1105109533056106,0.5141537108041265,4.042545495029762,1.9558784481546094,0.6187067060600625,2.2692648440411283,5.6623020526275845,4.961943110060817,6.186586869131079,5.577542559337981,0.0071562795130368,-1.7225948270164793e-07,2.81689521235093e-07,1.2696105810694136e-08,5.125286566551682e-10,2.73874342322272e-09,1.747220204003027e-09,4.090529626009619e-09,-8.690458293057646e-11,2.8024437295058237e-09,-1.821571162951915e-08,1.1770861462785794e-10,-4.999583091448928e-12,1.9586353709289458e-12,2.8800873522587518e-11,2.4004342446138852e-08,1.2065567593999993e-11,-2.189577970652042e-13,3.182147645893418e-13,3.152628171167889e-12,3.062446136057697e-11,-0.000227583575373,-1.5424418200926284e-08,2.153598128004535e-09,-3.129703172657217e-10,-2.3836104614508547e-09,-3.75380018153625e-09,0.0335344784265889,-4.93747489485717e-05,-4.046750645989578e-08,4.613692899138421e-09,5.109346730297353e-11,2.164723049913453e-09,-4.6561948129259566e-09,3.427204078958524e-06,4.090514510922908e-05,0.000371312072703,4.3961780255897894e-08,-4.3516756376812085e-09,5.568831071267855e-10,1.6621898758324092e-09,7.955984763233991e-09,-3.054290071395916e-05,-2.1290336402408613e-05,5.624950419804449e-05,0.0002291687538715,7.680694208577497e-08,-6.064371473506789e-09,4.0280671301375895e-10,1.0762577092805174e-09,1.074302182698092e-09,-0.0001693886501947,-1.5088593343516288e-05,2.8121264066653832e-05,0.0016633993410442,0.000272768655841,9.457942607167648e-08,-7.473081700345624e-09,3.5752370095009064e-11,2.032375142149137e-09,2.2209950381386702e-09,-0.0001395377728298,-2.53287048522782e-05,4.092861860949701e-05,0.0012680226774031,0.0025413318341533,0.0024691805016672,-1.2266685450412e-07,3.217353104692995e-08,4.0495177714643296e-10,2.835282130412736e-08,7.222058063734203e-08,-0.0001866689984199,1.5079179193385993e-05,0.0001744600468619,0.0008259074820566,0.001747789363521,0.0051011053750236,0.0024268476791846,-1.289998196032564e-07,8.313314493071404e-09,3.396901163508987e-09,2.2561456662118183e-08,6.685752877002756e-08,-0.0001303789883971,3.681436975917581e-05,0.0001912793561468,7.287407502586586e-05,7.344764632390087e-05,0.0008965754543598,0.0022649613767215,0.0002071277976727,-5.479598373784372e-07,-1.1595590125069545e-08,-9.373720997328675e-10,-2.2742698641505343e-08,4.8662678754957296e-08,6.247785431596635e-05,4.950416317727652e-05,-0.0001237546734336,-6.686471561471832e-05,-9.285494422409816e-05,-0.001236131539454,-0.0011857104865806,0.0706458039315229,4.5,10,1.2574897712621196,20.106224756612995,0.253,-1,False,ecliptic_BarycentricTrue_J2000,ecliptic_BarycentricTrue_J2000
684862.3480381939,10,0.98,12.543756067563296,0.1543927375587693,0.4239304631116041,0.8587665742863246,1.404836405768195,1.1420452097316482,2.103366532150696,4.626100163723415,3.9094649984983576,4.308914976846748,3.5082630950653257,0.0017887210981453,-3.114742159392391e-08,1.4419539192029284e-07,1.0035137911295326e-08,2.2148996607833198e-11,1.4433549003755484e-09,2.076195690459568e-10,1.4777159440162462e-10,-9.96099233096806e-12,1.429485975414583e-09,-6.4561254982097805e-09,-2.089585812778408e-12,7.225434789370517e-13,9.955109231272507e-17,1.4484178699556308e-11,7.675516062678865e-09,-2.896316074229393e-13,9.52757295135192e-13,1.7533685771425358e-14,1.4764065884626197e-12,1.473819147408822e-11,7.697319888611606e-05,-2.7279205984098144e-09,9.690083605603738e-10,-2.074631850132992e-11,-1.128277230089271e-09,8.146122890019656e-10,0.0175118542882239,0.000212283251654,-7.154612193926149e-09,4.029298952245805e-09,-1.5528110965735148e-10,-3.077138466172984e-09,2.435803187947141e-09,4.295621901767084e-05,0.0001571451834996,7.805670878456958e-05,-5.268139746101398e-09,1.386322541601629e-09,-1.62318760956041e-11,6.857289716524267e-10,8.018878557868509e-10,6.356374579619409e-06,1.7918488485789768e-06,2.9034046335576984e-05,0.0001269704240487,-3.663625087639196e-09,2.669870955178381e-09,-7.664753132116589e-11,-2.145129457201769e-09,1.4736348992492007e-09,-0.0001509032452242,7.603257473734977e-05,1.3029237611199596e-05,0.0006191151477002,-4.138807165234281e-05,-1.543800882582626e-09,6.20004722583256e-12,4.456897475921796e-11,3.752804369291419e-09,-4.206310823947179e-10,-0.001297140579132,-7.980960527769654e-05,2.617075916552038e-05,0.0001169760117158,0.0018997012630836,3.9282425772015085e-05,-1.5193442872110715e-08,-3.1433568705392623e-09,8.697137940274556e-10,-8.332341540525717e-09,-2.0278731110635027e-11,-0.0006275813804098,5.504621832038231e-05,-2.0021773804983428e-05,-0.0003475982274312,0.000949024001427,0.0017551970245511,3.4509361581045654e-05,-7.420295625170802e-09,7.323295039448654e-09,5.307336816865485e-10,-6.728607885831788e-09,-1.020209503182871e-09,4.685231320572695e-05,0.000180370966583,-3.0703274048811355e-05,2.7365217871666715e-05,-0.0001196727741922,7.041026852857191e-05,0.0009356037217727,0.0010031162069626,-3.754086622458694e-07,-5.304568496147232e-08,1.4221762796270392e-08,1.6822928720136693e-08,3.8180094408065824e-08,3.355663843854716e-05,5.293357086070878e-05,7.886054566171418e-05,5.120433457805641e-05,4.319258277166943e-05,-0.0006317570159077,-0.000724580187706,0.0174045551133124,4.5,10,3.3491997772406035,27.838646925673824,0.216,-1,False,ecliptic_BarycentricTrue_J2000,ecliptic_BarycentricTrue_J2000
813341.2527980154,10,0.981,11.91026359875879,0.1341229730808332,0.1547970395231144,1.0088058370206219,2.0592419515790548,5.357123089809887,1.2778415580221982,2.7136946180703982,2.872761731820391,5.369237507256712,0.2672328956358731,0.0030360774951029,2.209076365724816e-09,1.351175455128735e-07,-6.7205749807436394e-09,-1.8743424463771248e-11,1.3364771822016675e-09,-5.355022313688384e-10,-2.4241370291033383e-11,-2.6275721847706533e-12,1.3449745499182323e-09,1.2034925491997254e-08,8.738947823942868e-12,-4.193990392237048e-12,-7.555502641882339e-15,1.3625244608356182e-11,5.2976077966506195e-09,7.606107473994424e-13,2.37112999736524e-13,1.144438901724607e-14,2.700374101020048e-13,1.3353959056154615e-11,-0.0004185434102289,-3.726146423744187e-09,2.2017190476787714e-09,2.5089605880115463e-10,-4.703806087783891e-09,-1.9877599731239603e-09,0.0123003091396568,-0.0006833462562921,-5.575069402429403e-09,2.930625819343966e-09,3.2520186370425684e-10,-4.168726424629879e-09,-2.6717882819465584e-09,0.0001798351498833,0.0002807971503845,0.000197212573735,-2.2049486377391078e-10,-1.796321084297173e-09,-1.5133520060187516e-10,1.9859133904833723e-09,5.779027518469524e-10,-2.534350809396824e-05,-6.138944942902471e-05,4.5267961101157006e-05,0.0006349272598471,6.5319939061086725e-09,-3.936013946778119e-09,-3.7913020632073214e-10,4.999934324760337e-09,2.7235540552426958e-09,-0.0017670017326707,-0.0002596426640129,5.881809956618052e-05,0.0011812364567714,0.0002787302073306,1.8625869512208102e-09,-1.0511470036613643e-09,-2.0610516614181966e-10,3.347853626626154e-09,7.869537528984172e-10,-0.000962281180879,-9.57959800267408e-05,4.9716965763037165e-05,0.0003550784788327,0.0007115341985168,0.0004256679195115,-1.593446751844456e-08,3.486438541012335e-09,1.7706643682082264e-10,-6.890858729085231e-09,1.446634724005432e-09,0.0002359025384975,-8.962530792937739e-05,2.754825710006076e-05,-0.0001957251600242,0.0001910391407191,0.0010046395511054,0.0006032083278985,2.290482316048522e-09,-5.2100800468074945e-11,6.267668494945301e-11,1.0503709584967709e-08,4.809936061416439e-09,-0.0001224797556181,-0.0001887377798327,4.090458770312791e-05,0.0001708594345516,7.247655119321473e-05,0.0002304735688146,0.0005406902434102,-0.000117924274739,-2.590103011602275e-07,-6.583761083533918e-08,5.119188715746863e-09,-2.558025768278766e-08,4.6918197102710474e-09,0.0001324486660838,0.0001942653759968,-2.1477189762968385e-05,-0.0001781142389229,-4.833488149255529e-05,-0.0005531047766876,-0.0006981586254349,0.0175117265341517,4.5,10,3.228398842466015,28.69774725479456,0.207,-1,False,ecliptic_BarycentricTrue_J2000,ecliptic_BarycentricTrue_J2000
580317.7632847149,10,0.98,12.21085611057982,0.17728861231601,0.6996656192470343,0.8520776292503569,1.8357440242988725,1.6348791697896847,1.8306309604559488,1.0416946456920246,3.215455186509054,1.5503969425508763,0.103556501931288,0.0004229488434094,-1.5739558243086378e-08,3.5443914955287214e-08,-3.3049576362651043e-10,9.535724017726852e-11,3.5551442424911063e-10,1.0431434896808644e-10,-5.2418015726687897e-11,-6.044889180309211e-13,3.533866047876601e-10,8.41713916547635e-10,-1.4133204607386824e-11,1.700723290927286e-12,1.7769262698839955e-14,3.687176557008871e-12,-2.9218334208976998e-09,3.47805177317582e-12,1.8500448579987642e-13,-8.239905404074065e-15,-6.897635116916626e-13,3.79994314375356e-12,-1.5545500926683589e-06,-1.9512864661199083e-09,1.4500244198246356e-10,6.98745254590992e-11,8.622493181678309e-11,-2.8555160325691465e-11,0.0015140956821086,3.879574270772614e-06,1.331538681168904e-09,-3.50544001175158e-10,1.8244278138751622e-11,-3.4362903875580336e-10,1.2008462029158095e-10,-2.189871121585855e-06,1.1121766573045908e-05,7.152620182526662e-06,5.826258852597781e-09,-8.06562750950143e-10,-1.2751886970264796e-11,-1.7791961226066418e-10,6.540568042520568e-11,-9.880919117075852e-07,2.469525208319486e-06,4.383084872793166e-06,5.090504824660593e-06,2.8935230178926837e-09,2.4155206650177086e-10,1.6925807425908538e-10,-3.5476997642576185e-10,1.9668495627000308e-10,5.981867431355632e-05,1.1248082704158048e-05,2.8062770630825053e-06,0.0005095309208897,4.95151591479375e-06,2.493834870231283e-09,-1.6802780884532915e-09,2.950611794291837e-11,-1.2460669594604583e-10,-9.262991375324271e-11,3.874057052141752e-05,1.4938151825126762e-06,3.5923872230298592e-06,-0.0001260187063329,0.0007040481843115,8.275231239791987e-05,-2.040918374168012e-08,-5.056707305015427e-10,1.9615544298879308e-10,-1.222744829047813e-09,2.2504162215010883e-09,4.396212876033831e-06,3.0946824472609824e-05,7.624865774099356e-06,-6.81261211108237e-05,0.000307716832787,0.0003252784212865,6.017826751681796e-05,-1.758732856290428e-08,1.935432915429164e-09,-1.0446290508224235e-10,-1.0814664185284223e-09,1.607271948746463e-09,-2.6558510458317254e-06,3.050824997116656e-05,5.353123869011558e-06,-0.0006129038993883,0.0011727082833703,0.0006064027341599,0.0054714410392753,7.008556833486512e-05,-1.1385517774045881e-07,-5.5247943051781246e-08,7.887611493207501e-10,3.372665910422168e-10,6.321631459201873e-10,3.116818846902937e-06,-1.8526202487955584e-05,6.979434893624831e-07,-1.8474874043644003e-05,1.7591115058524393e-06,-0.0001810703240407,-0.0001794610281893,0.0038269784334178,4.5,10,2.4028585066300927,55.98678159100008,0.264,-1,False,ecliptic_BarycentricTrue_J2000,ecliptic_BarycentricTrue_J2000
388482.71550724655,10,0.98,15.733663205509698,0.1498005601482382,0.5765586948120109,4.081060952944505,1.2995942488247934,0.40447757255677286,1.1021887701406228,0.6531647490717388,5.411452774162719,4.334564526367229,1.4607605684511966,0.000694218103648,4.351867057062314e-09,7.85550274189177e-08,-6.7250038204988485e-09,2.578625008179928e-11,7.874632198783071e-10,1.2038606374919076e-10,3.6805014291845997e-10,-5.536755553097713e-12,7.77218362828627e-10,-4.1515590747863585e-09,-3.2739280599008245e-12,5.600165778534546e-12,-6.66784246814005e-14,7.858396150425606e-12,-1.0637957496319272e-08,1.002111561458761e-12,-4.61749833499005e-13,2.0451726452077097e-14,-4.106487020293318e-13,8.226756353539729e-12,9.539105405854823e-07,1.2058515950608429e-08,7.20868713720508e-10,2.2682008845597967e-10,-3.198255251917188e-12,-1.0127563538136218e-10,0.0036456385595841,4.198588765600153e-06,-3.981313985674667e-09,6.98070284609171e-10,1.521288105145326e-10,1.1793839458685815e-10,1.042013284884734e-10,2.520253952634122e-06,5.575411699449365e-06,3.673250619405102e-06,9.34930661659803e-09,-2.464269878447712e-09,-3.3877934956273945e-10,3.0575392027412165e-10,7.13638407258322e-10,-4.25179814356673e-06,-1.6091258464221698e-06,1.8094849334286946e-05,-1.343698315015701e-06,9.603803451842867e-10,7.56610788844596e-10,2.561425430160645e-10,-6.901490196979296e-10,1.3047086482833084e-11,-7.188421336976726e-06,3.5956787190070856e-06,-6.5861827045152295e-06,0.000545693602374,5.259892596377325e-06,-5.104977793525236e-09,-2.558294396908185e-09,-9.325179373821608e-11,1.2280075419023667e-09,1.1907258046167188e-10,-9.370811117991685e-06,2.529719079755546e-06,6.414799189742648e-06,-0.0002100161704645,0.000694510204834,-1.2053042026492473e-05,-4.464838953611229e-08,1.1981697762160374e-08,2.004556547255217e-09,-2.2049964221454488e-10,-6.39027419961536e-11,2.653024668348014e-05,2.2489919833810907e-05,-2.2374803475488155e-05,-7.134669841301222e-05,-0.0005047056999954,0.0009881721043248,-1.2246728882726147e-05,-4.104671561065262e-08,8.876963749149187e-09,1.9823441072198595e-09,2.9409276602488156e-10,2.317879223073323e-09,1.8218585780351367e-05,2.923241099841156e-05,-2.103943591874109e-05,-1.882224552779033e-05,-5.763205846058169e-05,0.0001377403846157,0.0006906363571997,0.0002339153447317,-1.1583174626731757e-07,-3.0282705518838924e-08,5.472268144747702e-09,-1.1446483298676383e-09,2.9864160526359495e-08,-1.633164403638583e-05,-2.2359611575976755e-05,3.726364561182495e-05,-2.382732533446874e-05,6.7222398348262655e-06,-0.0004653889471005,-0.000457198026677,0.0131311227069273,4.5,10,2.921375692944212,37.798482870785975,0.237,-1,False,ecliptic_BarycentricTrue_J2000,ecliptic_BarycentricTrue_J2000
607944.0209138228,10,0.98,15.583325187282927,0.1219596991216636,-0.8723936124709128,2.870175146474457,2.446433889035818,4.825959856366095,2.9123739862511884,3.7283509878868433,4.925690649272715,4.058957697068148,5.950065542587445,0.0034809679291434,1.545352575526561e-07,2.296904029483004e-07,-9.548785694333357e-08,-6.200330641291767e-11,2.369492627626293e-09,6.858822426340049e-09,1.4386123677301848e-10,-1.5183563394160895e-10,2.303893276589398e-09,-4.68471367155342e-08,1.2666374465289488e-11,9.526392134307833e-12,-2.488961014519248e-13,2.9346409758853797e-11,-5.947948638632714e-09,-9.559474806617729e-12,9.065973254817148e-13,-3.3613545375671645e-13,-3.895752816506656e-12,2.7344168890266235e-11,0.0002555662437379,5.6985619350637785e-08,4.500444618816537e-09,-5.66770772002594e-10,1.949670960927445e-08,6.210623145064863e-10,0.0080476159205824,-0.0006499802028196,-1.2497574554698597e-07,-2.7031569073450047e-08,1.7092756783330831e-09,-5.2511536172501534e-08,1.266420190765925e-09,-0.0003079173469851,0.0007876230333253,0.0001868092946935,1.446259061052046e-09,4.5993697011791807e-10,1.170960311724203e-09,-5.641059364240634e-09,7.590041132000875e-09,9.197891075878867e-06,-3.021972391552995e-06,8.63065790432995e-05,-0.0004915300779428,-1.0868336859013736e-07,-1.4999397885264916e-08,1.438781946609905e-09,-4.1298734505577184e-08,7.154022560326364e-10,-0.0019002813709725,0.0006208042048167,-4.606154985613649e-06,0.0024067242478359,0.0019539028764193,3.325017343940149e-07,4.511076076421168e-08,-2.923432379419258e-09,1.1164250503785053e-07,1.1670067274306651e-08,0.0068469632612877,-0.0019508238730449,0.0001441489725456,-0.0021442712314694,0.0420462629742197,0.0015651667713885,3.0635806775938576e-07,1.9413866360079058e-07,-7.341255110865106e-09,1.953778532557702e-07,1.5563254162108312e-08,0.0066872189032357,-0.002182975287035,0.0001376099672879,-0.0023559234660393,0.0407828994184417,0.0612148980563013,-9.8413269401388e-05,-6.039677006376049e-08,9.406557405264485e-08,-4.0139967458048875e-09,2.894135051128641e-08,1.6502664727212372e-08,2.9594484374863764e-05,-0.0001342579123678,6.374846203738048e-05,0.0002131439575429,0.0019738070947601,0.0117388543893891,0.0048602868224533,0.0008586042231127,-6.17883877645194e-07,-1.980603532872761e-07,1.7053772922983882e-08,-9.630441909582673e-08,1.3772289519410268e-08,-0.0001298634218799,0.0003494152897671,-3.007195402142349e-05,0.0002660654662257,-0.000885817989998,-0.0021070455269396,-0.001208270054235,0.0171072067416618,4.5,10,3.5924378408491084,21.96883900076013,0.18,-1,False,ecliptic_BarycentricTrue_J2000,ecliptic_BarycentricTrue_J2000
365096.7282115307,10,0.98,15.796931072770592,0.1096766236275789,0.8772990186074399,1.2809779516697177,1.8575049788771796,4.4873035511669945,1.3713581009262372,1.9032435863093944,5.482209257816827,2.039640485155596,5.196397175002369,0.0023843438641565,4.948819048764136e-08,2.502913478408751e-07,-9.678902162871746e-09,2.1191568766134489e-10,2.487388899280362e-09,1.6828872380038935e-09,1.391681648176453e-09,4.7636794137848835e-12,2.475595434793642e-09,6.041125134563818e-08,2.088303036180868e-11,-8.293552733572303e-12,1.8180155820461285e-13,2.8298496999792342e-11,-4.051164353586628e-08,8.680811577254179e-12,-1.4999896214751526e-13,-2.2697633061368788e-14,5.544116848812327e-12,2.7787436955266595e-11,-3.70653742313108e-06,-2.9016869574091452e-08,-6.7313365190616036e-09,3.293748273079062e-10,-6.72405318548343e-09,-1.740508929158673e-09,0.0817704628100215,8.876630274332905e-06,-1.5945671537844652e-09,2.951312576655368e-10,-1.7032604782251418e-11,-1.0506669541866592e-09,2.0327191394254667e-09,1.441992396950032e-05,2.23731943458024e-05,-4.090070022053289e-05,1.7893936212539013e-08,-2.448583984159989e-09,-1.286774556763461e-09,-2.700784362134189e-09,6.024692121186626e-09,-3.3202007998456006e-06,1.509470783602317e-05,4.873189761278792e-05,1.341658153092042e-05,-1.6397295279652112e-08,-6.793143640725927e-09,-2.5520037220936736e-10,2.0765043999216736e-09,2.134310216544037e-09,-0.0153165736121922,1.8250111451885664e-05,1.4438549250616124e-05,0.0084028410675401,-2.144868918767116e-05,1.2245172028380461e-08,2.8077794099577083e-08,9.415588334065378e-10,-2.712363230414744e-09,5.11768654961458e-09,-0.0052765466250088,9.41481783373848e-06,3.2919865056663686e-05,-0.0023756118326345,0.0143030151798362,6.305011625207601e-05,-9.786381415299469e-08,-9.0825655519644e-09,6.075755857301577e-09,1.5276866889672353e-08,8.79971631845653e-09,0.0010034122541011,5.842817498643658e-05,-4.1633043463231006e-05,0.0021929626286941,-0.0075167036064681,0.0049948659991367,1.1348534538947147e-06,-1.0219211780557989e-07,-3.235476513128243e-08,-2.9842470974897936e-10,2.32577496169385e-08,2.651244133919648e-08,-0.0001851941419468,5.213184059561382e-05,-2.356026269657858e-05,0.0071786834069552,-0.0201377652253716,0.0107662189230139,0.049014965969794,0.000999763783184,-2.1964420989257626e-07,-8.420398667613436e-09,1.2867755831217741e-08,3.33805149188642e-08,1.0928112568310305e-07,-6.80532015928397e-05,1.1448677850546358e-05,0.000125019081132,2.988710084760614e-05,9.386561379512624e-05,-0.0012487380654077,-0.0011436874907391,0.0728233644409939,4.5,10,2.800323002418,21.19193204309146,0.309,-1,False,ecliptic_BarycentricTrue_J2000,ecliptic_BarycentricTrue_J2000
379738.28010774514,10,0.98,13.86546536059068,0.1005545179818026,0.523134297471384,1.4646673012631142,1.223277082286118,0.2748577479887861,0.5291645542890386,1.8473973396380448,4.202413846202983,6.097839750232522,1.3690391086482327,0.0002109189364121,1.3208138598507392e-08,1.4123009743645778e-08,-2.075269555795745e-09,4.9280500690487466e-11,1.396126305624533e-10,1.9488975469786267e-10,1.824069160976662e-11,3.8373746491183414e-13,1.3835069859679974e-10,7.415572848245793e-10,1.2813881794469872e-11,-8.871748855443117e-13,4.038157227202292e-15,1.4924459551836986e-12,-3.238907780855183e-09,-9.300931084511025e-13,-3.1534392437276685e-14,2.3203570670779285e-16,-1.7228028252680572e-13,1.5152085572530384e-12,1.2590562632150127e-06,-4.5486314073724307e-10,5.861446472547539e-11,6.637101320038684e-12,7.365698269429952e-12,-3.46931379457427e-11,0.0001078857035792,1.2487624730611356e-05,-2.084363214894812e-09,1.4469376912224172e-10,6.7023704300615e-11,7.1777803019905e-11,-3.5489073629138726e-10,2.7365485358386335e-07,2.845930775938608e-06,5.299260591692053e-06,-9.151272414616026e-09,8.258181395278222e-10,8.736988356713914e-11,-2.3284916737797896e-10,-1.5442196856632292e-10,1.395952190800408e-07,1.5634096310683554e-06,2.5248975820831766e-06,-5.606366750416e-06,3.3169997365318953e-09,-9.356763368698482e-12,-6.169006362401169e-11,-1.988117730773475e-11,1.9356542420665904e-10,4.409605676211076e-06,-1.7427748399735328e-06,-1.8615537016618067e-06,0.0001020522012389,1.4607742240380514e-05,-1.7288099533820302e-09,-1.1112219735188295e-09,6.489300940496073e-11,2.6965869882778465e-10,-4.681152065551416e-10,-9.528693377246e-06,3.675644802561668e-06,2.841492792079448e-06,-8.717099711655787e-05,0.0003049828180879,-2.974191249178727e-06,-5.075524711122004e-08,9.556344349721602e-09,4.3526631012193685e-10,-1.5613006542944707e-09,1.188177128453802e-09,9.824276637546905e-06,3.0053676189142456e-06,5.155012580160417e-06,5.0313786018103806e-05,-0.0003091656909894,0.0004574766981248,1.4146803358965966e-05,-5.34867318087541e-08,3.1238095899505903e-09,4.2486526359208406e-10,-1.566499790211144e-09,5.343578920626274e-10,8.629326691723452e-07,6.764319213057861e-06,7.4561533028463164e-06,-4.8105204634495815e-06,2.52221231182194e-06,1.2181995819872876e-05,9.138151885364075e-05,9.676717015470848e-05,-1.1511164158627277e-08,-7.682050475241452e-09,4.3952776979558576e-10,2.4987965569855835e-09,-1.0495659945787824e-10,7.680250003906689e-07,8.119845303607042e-06,-8.641883482557401e-07,-2.1282571986467787e-06,9.6270091086819e-06,-6.622859581777908e-05,-5.332124258834809e-05,0.004777856640116,4.5,10,1.628560106317247,89.4837444172793,0.257,-1,False,ecliptic_BarycentricTrue_J2000,ecliptic_BarycentricTrue_J2000
500977.6975074338,10,0.98,13.893726290305132,0.1892752909645185,-0.0394221006230546,1.6118167477316425,0.3328044364585345,4.079911685739923,0.8937185210369543,4.658307123432701,5.14009047190174,2.573047200490888,3.6328145838207777,3.138868178895443e-05,-1.984852679082558e-09,2.3766038033972922e-09,6.012316396160679e-11,8.608183866749998e-13,2.41829338242948e-11,-6.152840342405076e-12,3.461353693797681e-12,9.980390837121127e-15,2.345461808351326e-11,7.927793552595311e-11,-5.44340803167457e-13,-1.0044886857994057e-13,3.1305980571182414e-15,2.3534289334890453e-13,4.81597410196857e-10,-1.5049102493435797e-13,-5.1722256897012e-14,-6.824512591645442e-16,4.350420486338124e-15,2.607629768373241e-13,1.217961159501006e-07,-2.344090849088985e-11,-2.42396710906289e-11,-1.2220901395941484e-13,7.0814937024982576e-12,-5.868886941267767e-13,3.5590850029156324e-06,1.000681813599072e-06,-6.00975209631869e-11,-5.822099836192432e-11,-2.430044693264868e-12,4.887109268719077e-12,-2.9094377606967112e-12,3.775364950293479e-08,3.628967323810738e-07,-6.631314734718667e-06,1.030201385220081e-09,-9.072749132435959e-11,1.853446035613921e-11,-7.264960485856293e-12,-1.1724211397209188e-10,-7.802821753161628e-08,-6.245538504728911e-07,5.475038686192885e-06,-1.6662615272986724e-06,1.717539447298835e-10,-1.0971818820497648e-10,5.339363342481652e-12,3.294944252870319e-11,-3.1365062619599467e-11,4.585106068026056e-06,-1.7113398531647292e-07,1.3657327864565188e-06,2.421239432702151e-05,-1.2268035818984762e-06,1.1173342720893916e-10,-7.822572080925482e-12,3.078735812108181e-12,3.974566028777861e-12,-7.690247515035979e-12,1.858158909833546e-06,-3.39070659536744e-07,8.970161974613873e-07,6.494279002642595e-06,1.5163186923709376e-05,6.657029249082462e-06,-2.267221885344048e-09,-9.60537282435754e-10,1.959548999954444e-11,4.959061235895787e-11,-3.220550351037381e-10,-7.495896250481195e-07,1.946455896292316e-06,-3.182290259934075e-06,-9.216241122551928e-07,-1.991519710202732e-05,6.356845928370488e-05,4.6413670055940765e-06,-1.784381082051871e-09,-3.5195494214324104e-10,1.7149550770061625e-11,4.150917337323624e-11,-2.4490139932451856e-10,1.5400114678025144e-07,1.4347799826997335e-06,-2.149437350830128e-06,-5.783678616890909e-07,-1.2781918020234232e-06,1.4786753746424192e-05,1.1792799103003722e-05,1.015282271716243e-05,-1.2989966210316089e-08,1.682403354821486e-09,1.6578289887864802e-10,5.131978916331803e-11,1.0040285958097374e-09,-5.189970567675596e-08,-5.418237918114322e-07,-1.95091762765695e-06,-4.592759245432853e-07,2.565139611908516e-07,-1.3053365229271695e-05,-1.2264556929675208e-05,0.000197225026359,4.5,10,2.22036385840767,217.3384971767157,0.223,-1,False,ecliptic_BarycentricTrue_J2000,ecliptic_BarycentricTrue_J2000
577495.0214531833,10,0.98,12.650337486438268,0.1161653768212339,0.8145316183563891,1.1739660795392346,1.0305364209275971,1.3105498906197237,1.391481337403914,0.1642230868665217,2.2131764499807707,0.7819573066039088,4.362844032735041,0.0006118478614778,-2.715969845207744e-10,4.99432935743651e-08,3.4387758107169384e-10,-3.102705018794999e-12,4.955104694655367e-10,2.8102595277055307e-10,-2.8691227899640324e-10,1.1850807707680279e-11,4.951355763061906e-10,7.160154378415983e-09,3.230481527289437e-12,-6.870700306790498e-13,-2.335020301230333e-14,5.307355370723049e-12,2.9304155519130315e-09,9.61939793389759e-13,1.9831786523753405e-13,-1.1675909665176542e-14,-5.346142018083596e-13,5.221093824254066e-12,8.221795436070782e-07,1.4859718900800084e-09,3.8786330865720504e-10,-1.2571854646649088e-11,-2.719798412188957e-10,5.1301171366845927e-11,0.0011056274347787,2.6144971036079065e-06,-1.2605505828057882e-09,-2.339646274451001e-10,-5.5758995834629236e-11,9.021898860900888e-11,3.0975835143747376e-10,-4.3880163749837883e-07,6.350495987322087e-06,-6.470647717998628e-06,-6.785407344256659e-09,6.906247137607691e-10,3.158112149222639e-10,9.133337567644191e-10,-7.897509413244152e-10,-2.309897460826762e-06,-4.289918235297522e-06,1.830082358280457e-05,2.013922946942449e-06,9.57454402964464e-10,-2.482952179850214e-09,-1.4215721534421403e-10,3.1715720096477193e-10,4.1416690805836905e-10,-4.217524891596213e-05,2.3546215874038995e-06,-6.806984372337314e-06,0.0002190410339356,-7.142979126811103e-07,-2.3979642505366447e-10,1.8151685814445542e-09,1.6523810636679302e-10,-2.5725931279740357e-10,-3.187643207679837e-10,1.729271278944704e-05,-3.3408902987581167e-06,5.398915663302238e-06,-6.17637339697386e-05,0.0001570245342434,8.089890429800734e-05,-2.5454767736702026e-08,1.8927140899126928e-10,9.612304055452062e-10,1.841581783507829e-09,-5.82932452256082e-10,-4.613709577445311e-07,2.1854636745388893e-05,5.261079091788612e-06,-2.9462821177310755e-05,-3.88718817693502e-05,0.0004109449147053,8.86397151367717e-05,-3.780350601443671e-08,2.264465081659314e-09,9.975366452770107e-10,7.385574714381167e-10,7.48436826532811e-10,-1.2361138968310537e-05,1.451092479108148e-05,1.426946099644884e-05,3.1745348298780146e-05,-2.233868606053041e-05,-4.049717912151792e-05,0.0005687606538451,1.7207138205260837e-05,-1.105455008540671e-07,-3.253473867404853e-09,3.851660285537351e-09,5.852600021165733e-10,2.3827921658843936e-08,6.054874186927864e-06,3.9154296935298105e-06,-4.510962338110511e-05,1.9134734754973247e-05,-1.4620724639717418e-05,-0.0002677709210374,-0.000254992083479,0.011769896664125,4.5,10,2.822538159531564,47.39194137175564,0.275,-1,False,ecliptic_BarycentricTrue_J2000,ecliptic_BarycentricTrue_J2000
640279.043277509,10,0.98,12.52859653728611,0.1980409932674394,0.7120971786947401,2.7184789195028918,1.6604330057862995,2.8213225794089563,2.1772377554082665,3.1480145144904013,4.4346749203203,1.7270402477370357,4.1643026370888645,0.0009034052722419,-1.9743270401885482e-08,8.659508188505119e-08,-5.266787311967537e-10,9.394811069582108e-12,8.670571426851198e-10,1.0355162409292087e-10,-1.0999264557937747e-10,9.814130621865134e-12,8.648618907429706e-10,-1.2546766318862151e-09,-1.4165976788103125e-12,-3.589678273529436e-13,-2.967773635217769e-14,8.713818849598603e-12,-4.4759621961102954e-10,2.2990205177486758e-12,-3.51863666881616e-13,1.9896591846996824e-15,5.90358470279236e-13,8.758517585674797e-12,9.564598332795126e-06,-2.5750593848187623e-09,-1.0216565474720652e-09,1.761389394586704e-10,2.2884007849830527e-10,-5.330741338999493e-12,0.0061159276759804,-1.2064765772079396e-05,2.79572305992917e-09,4.0368018988437164e-10,4.674567862920327e-11,-6.327636600039335e-10,7.191791056234131e-10,-3.895707070681035e-06,2.7559695177814743e-05,-2.054269465642195e-05,5.814213682792684e-09,8.275498139941329e-12,-4.964666102926964e-11,2.8296753491146468e-11,-3.4202898857830194e-10,-6.907369473772041e-06,1.830190528930317e-07,1.840513984108337e-05,1.2079147536573916e-05,-3.603260634659099e-10,7.70920082971054e-10,-1.236814129122103e-10,2.1495954510817203e-10,-2.38861658496778e-10,-0.00014855025187,-1.7017552012503765e-05,-6.588314309918832e-06,0.0003748868438924,-2.4583559244976152e-05,-1.698512266135368e-09,-1.4242723156420683e-09,-3.4266398549110534e-11,1.9004525481041647e-10,6.847464971177192e-12,0.0001847677388871,1.505184653878369e-05,1.396333846366431e-05,-0.0002458791577838,0.0006653983133449,1.6654629238050788e-06,-2.8794301835973483e-08,1.737655353384631e-09,3.3614761571836893e-10,-1.847062298981867e-09,5.616912901724562e-10,0.0001038031112449,7.901698824968328e-05,2.1989067674344704e-05,-0.0002633370016777,0.0003795567264155,0.00100450913188,2.2643709629938504e-05,-1.7093225465315765e-08,3.9903597887356614e-09,9.189519003515402e-11,-1.691603730069396e-09,2.040325409359679e-09,-2.442188641063937e-05,5.40565310102081e-05,2.455379247944504e-05,-3.579511474251084e-05,1.6433750184867927e-05,5.043389341936558e-05,0.0006908903760213,0.000168707606883,-4.361962213644816e-07,6.089671468721254e-09,1.598068094697081e-09,1.8740122747732703e-09,1.0261839984375685e-08,2.4091949785940943e-05,-4.465463838008869e-05,-4.1136761072173525e-05,3.767790575148044e-05,-5.023641269126902e-05,-0.0005284779175888,-0.0004717032835619,0.006671554941253,4.5,10,3.270189870129361,35.79017586776522,0.252,-1,False,ecliptic_BarycentricTrue_J2000,ecliptic_BarycentricTrue_J2000
521105.87648128,10,0.98,14.657119638546742,0.1886958918025392,0.4730779384341412,1.885965959714148,1.8847366758188946,1.2723235880870911,2.42002566497167,2.618653123500985,0.6024409362142966,3.745382555548956,1.4910689684081102,0.001991667784553,-4.2981395942038713e-08,1.6768535388358638e-07,2.2320218368099264e-08,1.548926399579465e-11,1.6677208123248552e-09,2.7466710614293176e-10,4.9719840812896116e-11,2.540041332130093e-12,1.6765121875559911e-09,8.81578928537181e-10,6.5633685651274674e-12,-9.74366171046691e-13,-8.953674116769157e-14,1.6869251114924616e-11,8.4599142068763e-09,-1.8865478178366904e-12,-1.2550535744426273e-12,-2.079870386910528e-15,7.64929581323585e-13,1.69142038622048e-11,-6.5392025573199445e-06,2.0415082791739622e-09,5.795523920419687e-10,-6.56938021039675e-11,-4.098046565503657e-10,5.600443926341385e-11,0.0185962364939073,-3.214157821201307e-05,-1.3341101968295576e-08,-4.9882492189941925e-09,3.22309996444337e-10,1.544717224894514e-09,5.060507737013923e-10,-4.533027065563888e-06,7.456978421006254e-05,-9.261918622912425e-05,1.2862382118247727e-08,-1.2812930121077506e-10,-1.2522500371736715e-10,-1.387480649709977e-09,-1.4625389131253382e-10,3.388905081930489e-06,-1.2105260560793451e-05,3.235472496118438e-05,-8.485117883513707e-06,-1.4457346741463718e-08,-7.73480727487476e-09,3.0072396507306213e-10,1.3754996944721062e-09,-1.1029170448523568e-10,0.000353061341935,6.819330711961182e-05,-1.71377669872285e-05,0.0011093084472853,-0.0001263899488436,8.215743152271844e-09,-1.925376909579549e-11,1.921105057248399e-11,-1.092179279598125e-09,7.347268751019845e-10,0.0011471459782367,2.802369091153853e-05,3.0661812768093296e-05,0.0001442631735234,0.0027593619440441,0.0001142450310731,-4.83852046377917e-08,-1.1248777333223768e-08,1.1061195575450086e-09,4.170846562278249e-09,4.379265788310246e-09,0.0008463267574557,0.000185496280033,-5.2550053348781146e-05,0.0006664130476121,0.0017906244068423,0.0023108821333607,0.0003075294811956,-4.7600855450031246e-08,4.2001862851815525e-09,9.202981318194331e-10,4.766932799836923e-09,1.1952825442479955e-09,-1.3160879503800617e-05,0.0001275046004294,-6.847109553371961e-05,0.0004774552468645,-0.0002617847145022,0.0003398532920794,0.0023686660066135,-0.0001840146064944,-2.5716341729974496e-08,-1.921364566847224e-07,2.954779122878185e-09,-7.336493663547413e-10,8.674078068680057e-09,5.195260432620581e-06,-1.4229179388357598e-05,5.36685807803435e-05,-2.4232144159231828e-05,5.445127773841928e-05,-0.0007649245866137,-0.0008037070989851,0.0134198547021004,4.5,10,3.815154998509904,25.70453367272833,0.211,-1,False,ecliptic_BarycentricTrue_J2000,ecliptic_BarycentricTrue_J2000
653766.2373102563,10,0.981,12.69551028616264,0.13824956452417,0.8461717921705227,1.1102792035480995,1.5747286345491072,3.7876623104510228,0.8557735035211821,3.5657025818195622,5.63729201499455,5.450987339357675,1.0725020983451672,0.0024533822147387,1.558716169156384e-09,2.2935781707052585e-07,-1.912177949959573e-09,2.22167894905906e-11,2.294132820010114e-09,-1.6009128989467155e-10,2.808649132124251e-10,2.59203098392168e-12,2.2830800127933598e-09,-1.6556954028966293e-08,5.8104859546929695e-12,1.1177995649595926e-12,-1.469072512481522e-14,2.3540713827043183e-11,1.7773424228336261e-09,2.031820351681816e-12,-7.66072318226509e-13,5.852899163054907e-14,-3.3327427902033112e-12,2.3728992488338823e-11,-1.073435875647132e-05,4.36882894681403e-08,5.671163500933323e-09,-1.7674450422003231e-09,9.543570820707517e-09,1.0438256832956444e-09,0.0798802354941116,-0.0001298941192702,-1.6752067079825776e-08,1.0266716628176703e-09,7.072429790879582e-10,-4.979086237645234e-09,1.9934808297108476e-09,-7.538606443576604e-05,0.0002667315130169,9.160745555960782e-05,-8.072488026159751e-10,-5.406700517510462e-10,-1.6049595241757624e-10,2.125012076536965e-09,-6.762259221510516e-10,5.5001825271708086e-06,-4.181360940365747e-05,4.30327386341834e-05,9.742106514879436e-05,2.4358470738660624e-08,1.352172349769979e-09,-1.0003066539966751e-09,7.504588949289421e-09,-1.917147954817378e-09,0.0082105520768257,-0.0002598846128949,3.438172197289008e-05,0.0030906394492214,1.8116745313040665e-05,-2.314549851809279e-08,8.26543864569383e-10,1.6530060128320782e-10,2.261208863484204e-09,-2.531430872492167e-09,-0.0038148063885124,4.186551272048555e-05,2.2301661783361684e-05,-0.000210924176703,0.0044086355078846,-1.3522865094641197e-05,-4.267165675640608e-08,5.935944947001883e-09,5.108928695236736e-10,-1.8556511180573592e-08,7.045579706420742e-10,0.0024855396577886,0.0001517078147211,-2.548938368795211e-05,0.0004323193570841,-0.0011496842803017,0.0012726829264331,1.166369651516216e-05,-3.836161963337415e-08,1.1109843694066168e-08,1.6694554947207941e-09,-3.977652858416568e-09,7.1408507324920635e-09,-9.14928071284338e-05,0.0002532097405352,-4.870171653087191e-05,0.0001862219049987,0.0016624938147335,-0.0006561544543922,0.0060653127244337,0.0006546075592964,-6.72649866801549e-07,-1.821396909809603e-07,5.572356021732593e-09,1.9691443678547708e-08,3.750710901899614e-08,5.537184170717586e-05,-0.0003255385568494,6.200405936517215e-05,0.0003032103614439,-3.899101773263944e-05,-0.0011675931018755,-0.0012298852798665,0.0380474137347245,4.5,10,3.701195891528573,22.03028238105241,0.28,-1,False,ecliptic_BarycentricTrue_J2000,ecliptic_BarycentricTrue_J2000
236412.53725616084,10,0.98,12.81886524173747,0.1109580745404135,0.4146354276739734,1.9089544113050108,0.3243387649861185,0.6454229744907272,1.6443628337409326,4.890850937290858,5.172219800855212,0.5920463505725411,4.362770898192948,4.661754777228573e-05,-5.694924076242601e-09,2.256012536807506e-09,7.254404246290631e-10,5.969434833139659e-12,2.2381593789044168e-11,1.0132628268119844e-11,-2.1190527772348284e-11,3.0690973738446694e-13,2.178225664669494e-11,-1.1016592131895012e-09,1.0689171647042538e-12,-1.2716678313082712e-13,8.937346949123499e-15,3.061474961194789e-13,-3.2990519139070514e-10,-2.517538377630843e-13,2.6254581606590675e-14,3.6724921540377966e-14,1.4802674344799829e-13,3.33984347287772e-13,-1.885135320636579e-07,-1.8987191055692074e-10,2.329806308704338e-11,9.37515188347384e-12,8.5506075496587e-12,5.595545836563759e-12,1.1594550260574883e-06,-5.611959313997734e-06,-6.358676039792914e-09,7.843877040269391e-10,3.0053375245727505e-10,2.7688016115685967e-10,2.4131138068048557e-10,1.163021034507883e-07,3.557574727855403e-06,2.2518561660433575e-07,-1.2696063780533755e-09,1.6597576334914864e-10,5.057918996680925e-11,2.339593685600622e-11,6.269962825682763e-11,9.70641716459334e-09,2.693925016701305e-07,8.96018382316888e-08,-3.993059355725381e-06,-4.227496304322458e-09,5.347337165613825e-10,2.00293848130826e-10,1.8236480745254068e-10,1.3478838861298628e-10,6.658827207736473e-07,2.4358575980260674e-06,2.1543814183913186e-07,1.570654460819812e-05,-9.962832396920098e-07,-1.4426670707483347e-09,1.6421803795028362e-10,7.224295690426546e-11,5.836916064698743e-11,2.91364697023019e-11,7.117443836212964e-07,8.387654269066981e-07,1.1076754394089857e-07,9.45836996432874e-06,1.6967098393581513e-05,-2.186456883072596e-05,-5.080723735050513e-08,6.893838603609803e-09,2.264930268193502e-09,1.747082486434965e-09,2.15103241926411e-09,7.275024236032111e-07,2.162350276312816e-05,2.322710409335878e-06,1.895381057953069e-05,2.70226071525602e-06,0.000161400309,-1.4141496205557972e-05,-4.380511851338343e-08,5.280039735576866e-09,1.9294571778666403e-09,1.4572296732546043e-09,1.920121827958133e-09,5.760729066209021e-07,1.7817630770472772e-05,1.9337118796899467e-06,1.241524058151082e-05,4.141580155370589e-06,0.0001151323481338,0.0001050100352684,-2.4470773932112456e-05,-2.293190977123757e-08,2.1151054276194915e-09,1.1098409829942451e-09,1.298024167512656e-09,1.1360852476762922e-09,4.545090796736538e-07,1.3595628292763478e-05,7.524851088408206e-07,9.724054932773274e-06,3.09234400391384e-06,7.444763994454796e-05,5.915955671208528e-05,0.0007644062828497,4.5,10,0.4346271007529936,226.6449486495829,0.265,-1,False,ecliptic_BarycentricTrue_J2000,ecliptic_BarycentricTrue_J2000
466110.8084286068,10,0.98,15.000980077390013,0.07865293811704,0.5616567551784839,2.1155514852812862,1.5820545299854274,4.1780394744680915,2.062213517512252,3.3429765470239654,4.410815873992565,4.997643119837277,3.982378532811863,0.0012946613082199,-2.1901718555202538e-08,1.0343779929746613e-07,-6.199237301772345e-09,5.318107583845224e-11,1.0286466588540426e-09,1.432482639227437e-09,1.2486978092340243e-10,-8.966585740566969e-12,1.0209778999199499e-09,-2.2804303010105332e-08,8.462881420269075e-12,-7.049638836803007e-13,3.404723104950384e-14,1.0788425509838234e-11,-3.990705418276792e-09,1.5202900522430541e-12,-1.325059394790843e-13,9.491860866573106e-15,-3.1025372172276453e-13,1.0852838339883719e-11,-3.531233000394666e-06,1.4908492068297013e-08,3.5813982016131236e-10,9.798661172672676e-11,-4.888978732399065e-10,-1.8179916849046867e-10,0.0074631825482381,-3.579255372820696e-05,4.698444841755872e-09,-2.497051324204883e-09,-2.1591542029401999e-10,-8.03579229411171e-10,1.3246755656925942e-09,-1.6458141278734e-06,6.364179430155255e-05,-4.672727253154434e-05,-2.8940440456223275e-09,1.2992176930510195e-09,-1.1558563465028311e-10,1.2712908792401067e-09,-1.553403576692043e-09,1.9294790082804064e-06,-8.58576092103215e-06,1.6182086970676983e-05,1.4001653243901245e-05,-1.8543541672969027e-09,3.2692857469546153e-09,1.0886996793028432e-10,3.0444792031904646e-10,-1.1568869617374307e-09,-8.01552061149762e-06,-4.787083045451463e-05,7.186436041054808e-06,0.0007081161498036,-2.249826195257336e-05,-7.075201711705971e-09,4.1033830468365025e-10,-3.3882562463113367e-11,2.1956724274867147e-09,-1.815647979791107e-09,-6.469245666421061e-06,-3.069610086347307e-05,1.2610330981058634e-05,0.0003361747128667,0.0009355313917847,0.0001917020875944,-1.8047608464127e-08,1.3328342943906928e-08,1.745454814757072e-09,1.7914325232672221e-09,-2.721141000584345e-09,-8.070289707829059e-06,-1.3075060199715368e-05,-2.4433986969088096e-05,0.0003772207484663,0.0001794207771346,0.0008279773926943,0.0002158213324317,-1.4660534343557546e-08,-2.4978454717893822e-09,1.6066628316782815e-09,9.120128809795919e-10,3.584220284751385e-09,-4.045048570876538e-06,3.2803676588288336e-05,-2.900529265818485e-05,1.4238087302741886e-05,-8.006020569976579e-05,-4.266117923371609e-05,0.0006965901634142,-0.0002060671163514,-3.302341808343896e-07,-9.0675379472093e-08,1.2008265736109676e-08,-1.78427075414054e-08,4.196406819538666e-08,3.840993031232009e-06,2.02134436946212e-05,2.3368524292780937e-05,-8.976156121890904e-06,1.136338386613394e-05,-0.0005217085882193,-0.0004981608601966,0.0516344001240956,4.5,10,3.4325984600631223,32.93212530231793,0.218,-1,False,ecliptic_BarycentricTrue_J2000,ecliptic_BarycentricTrue_J2000
570169.9250323967,10,0.98,14.340729549748469,0.0882706238733377,0.0328968384576455,2.8503736028299445,2.2798323535641054,5.177011532891101,2.478976830290977,3.9706119838314673,0.1257495072363296,1.0212927038949535,5.991792349437066,0.001183183733194,-9.650548142931453e-09,9.531540176002318e-08,3.4829007179651485e-08,1.263469086532529e-11,9.567621600962435e-10,-1.5051389271336323e-10,1.6286922524733524e-10,-1.478310192915271e-13,9.468354834854415e-10,-1.5873793793675236e-08,5.365973327278478e-12,-6.4637727246152685e-12,1.2806353140048341e-14,1.0157309548340432e-11,3.194581971778869e-09,1.4384858102124242e-12,-1.625368914048192e-12,5.676781696493247e-15,-1.0852325875934606e-12,9.697955201986442e-12,1.987148519406817e-05,2.8678707135521878e-09,-6.006054946814879e-09,-4.3287089131591646e-11,2.616583810067341e-09,-9.759373057336556e-11,0.0079252761577646,1.849327728318963e-05,3.98378998581479e-09,-4.8181307930164715e-09,4.778180186295644e-11,2.704230674936081e-09,-6.08907148036853e-10,0.0002180637823547,0.000910529140603,3.20777329786002e-05,-2.6150127084759155e-10,1.5832931118672122e-10,-9.545038237617696e-11,1.0527894372071819e-09,-6.447952505819325e-11,4.877116887894323e-06,4.340693639582327e-06,1.222534781358513e-05,-6.283589147602638e-06,-1.869599495793918e-09,7.840038820330436e-10,-4.382510999064516e-11,-6.948544237185925e-10,4.6112363715070006e-10,0.0006340907616804,-0.0006746532321474,-2.249871253664809e-06,0.0011348417867545,1.7442960758068236e-05,-2.3453659257634597e-09,-3.772046956846285e-09,-1.2504480247427632e-10,9.978243833518428e-10,5.120922467190967e-10,0.0014697844552249,-0.0007778730867318,7.816439813439043e-06,0.0013206382274049,0.0029112922007539,4.742387146319842e-05,-2.159257281197404e-08,-7.793189276249165e-08,4.3942903556909927e-10,9.257404194563112e-09,3.984304614474062e-09,0.0010988130108229,-0.0009991631425628,-1.5471997668828913e-05,0.0015649837933579,0.0023929567671007,0.0036888309650461,6.408704130588054e-06,-1.6823971742006595e-08,-1.1397201731992778e-08,4.85506882127474e-10,1.5093379381483275e-09,4.4813036035568894e-10,-5.450210304326414e-06,-7.522409439394632e-06,-1.4959376337572229e-05,5.398632335712469e-06,-6.672513129423421e-06,0.0002105354816331,0.0002426456056324,0.0003826141318994,-3.632482328647266e-07,9.889724769478337e-08,4.909896799795503e-09,-6.657668081926176e-09,1.4226225725296968e-08,1.4629989716194802e-05,1.3603722821063203e-05,3.543441829814953e-05,-7.115684513987123e-06,1.97478474689892e-05,-0.0004250912062026,-0.0004456846235835,0.030274823871635,4.5,10,3.425490594293061,34.20521768923424,0.211,-1,False,ecliptic_BarycentricTrue_J2000,ecliptic_BarycentricTrue_J2000
311905.38275819045,10,0.98,15.947964337911143,0.1103678840172488,0.7394728117736509,1.9287444439223402,2.2978935273006633,5.153582040932655,0.7401972638379375,3.090754674009755,6.224854910971852,3.887463219605095,5.38267309738879,0.0005732049212322,1.378773712493385e-07,4.4052787912695695e-08,-1.9315286612679024e-08,1.7720778821050895e-10,4.3675847314166465e-10,-1.9605646930198784e-10,-1.4773047289078287e-10,-1.0332803641459405e-13,4.299516856474161e-10,7.378384367989841e-09,3.301151644763847e-11,2.8411241349482333e-12,-8.128562559608907e-14,4.668432141192892e-12,-4.174378326779822e-09,-7.866563980345757e-12,-9.223794325702526e-13,2.172990676081097e-14,-1.2443984927255105e-12,5.843524268857395e-12,-1.6802485781133428e-06,1.210189308330085e-09,-1.3209005614861508e-10,-1.8648053806749416e-10,-4.340458942969632e-11,4.9259808607643195e-12,0.0009683531615264,2.073125834077596e-05,6.739870004850709e-09,-1.854301122303041e-09,7.343343624949259e-11,2.1588004948542963e-10,-1.140480897933936e-09,-4.276842823247709e-07,4.48243284866825e-06,-1.8199298488085865e-05,-5.447805751721981e-09,1.295944579251407e-09,-1.19178096027099e-10,-5.246018081968524e-10,2.0651430178178847e-09,-1.2341559070680828e-07,-3.100084900659919e-06,7.071760670081629e-06,-7.712466779637957e-06,-3.12586332557469e-09,-4.370399955689416e-10,2.573581582768725e-11,-3.1201799051394564e-11,1.9673796449360488e-10,-9.767803806742552e-05,-2.1707170681567302e-06,2.2283282005813426e-07,0.0008902779328055,-2.6752528209468475e-05,-9.601967586680392e-09,3.067123374861833e-10,-2.80039930844556e-10,-7.617449378629952e-10,2.2468159920073548e-09,0.0002251870578549,-5.472470072008711e-06,7.260365420038432e-06,0.0003118371101649,0.0017052507874211,2.102506595857632e-05,-7.461579493967755e-08,1.7070550643784172e-08,1.6386978653972043e-09,-1.1370754122946027e-10,3.6199558746750205e-09,-0.0001700972371632,1.045468515534386e-05,-1.1684595242763335e-06,-0.0004782910468833,-0.0015246018946039,0.0015531977868605,-5.014367373580351e-06,-7.094026215538182e-08,5.454273788143593e-10,1.0447598353070983e-09,2.875129225894685e-10,3.391003600696644e-09,-7.598467473907267e-06,4.334798480357345e-06,4.718209967213664e-06,-0.0011332179439165,-0.0011965165745126,0.0012377991385142,0.0039403015900602,0.0002034497927629,-1.604834978714874e-07,-1.051344837511277e-07,2.737345770720384e-09,2.0395241525062076e-09,-1.0790775519961268e-08,-4.465899909267856e-07,1.849264719462953e-05,-2.8345321612358795e-05,-3.839920789850937e-06,-3.224535923400554e-05,-0.000169045584806,-0.0001933660390364,0.0108828563995846,4.5,10,2.066404403245397,50.79143476226123,0.272,-1,False,ecliptic_BarycentricTrue_J2000,ecliptic_BarycentricTrue_J2000
496511.5524736444,10,0.98,14.91770984068127,0.07175269918278,-0.1456414819984828,3.6616334108723234,2.652397500795589,3.9971175320059844,1.5789886962625377,3.736282884246551,2.476189500047159,1.599720611582594,5.079461600065254,2.3955957166000824e-05,-1.0802141369275326e-10,1.614892089428157e-09,9.198102871655326e-10,2.9576598049898737e-13,1.743888575192362e-11,8.297547005699671e-12,5.970322593343447e-13,5.583737964199329e-15,1.6094260836126063e-11,-1.2432597712322336e-10,-3.2181052136134826e-14,-7.065302033694996e-14,2.1918870980365847e-15,4.070165279997386e-13,5.169585705471025e-10,-1.030531199163558e-15,-2.711481954000313e-13,-4.389018010278501e-16,-3.01700358254369e-14,2.0455344060007761e-13,-7.308278736171977e-08,-4.870450844555494e-13,-2.080938567382373e-11,-1.3470145729331328e-13,-8.842121536407127e-12,-1.5859035153415093e-12,1.777635152502118e-06,5.473166842199052e-07,-2.010322495998688e-10,-3.1566528022891326e-10,9.556325526905342e-12,4.367672930176323e-10,-3.630923478526908e-11,-1.4182385558740168e-08,1.5319012633939357e-06,-1.808217142380903e-06,3.7515171979634304e-11,1.1884925652480016e-10,-2.7526505342182198e-12,-3.2140541568042267e-10,-4.806559742885728e-11,2.3041038580066403e-08,-4.235995100829932e-07,7.625017004576677e-07,3.61123067814625e-07,1.2592615611801358e-10,1.5566853038156715e-10,-5.352841873527762e-12,-1.803120085061308e-10,4.620445470445969e-11,-1.8292234869015269e-06,-8.939338743076007e-07,2.4588419059544468e-09,1.172279821596495e-05,-1.2933816541952158e-06,1.7464399878168297e-11,-4.275960755246826e-11,-2.439284439259229e-12,-2.4167391378559967e-10,-2.8310612594557748e-11,2.045448645068699e-06,-3.555547555059949e-07,5.278817455138053e-07,-6.9226799407257856e-06,1.2996787099590133e-05,2.3097184226411622e-06,-4.016414038981447e-10,1.850808487116821e-09,2.020019244782176e-11,3.0705993550635933e-10,-2.9108853837027427e-10,2.7609929568184745e-08,1.8244983887442075e-06,-1.4823110316500628e-07,2.0886112796015663e-06,3.1671741681685124e-06,3.0493666669758973e-05,1.5119461849432177e-06,-4.4013101211984007e-10,5.479958364406115e-10,2.1536731001658782e-11,9.532125598573315e-11,-2.0589751883109368e-10,-6.3215022149499715e-09,2.2542938971508527e-06,2.0794610427965107e-10,-1.5395512394260608e-06,-1.011753185794838e-07,9.61511377559878e-06,8.69970254508791e-06,1.2711717076153462e-05,-2.081432103368304e-09,-3.102182668539588e-09,6.116246692677189e-11,1.3075891394699583e-09,5.678290477157788e-10,-8.845442320226664e-08,1.4689661044566e-06,-2.7242041097088383e-06,5.633304086552121e-08,-1.939830553223081e-06,-6.2036939128468e-06,-7.297407103336036e-06,0.0008491839637164,4.5,10,2.84724012075782,262.3441467922373,0.214,-1,False,ecliptic_BarycentricTrue_J2000,ecliptic_BarycentricTrue_J2000
388777.0987112054,10,0.98,13.920650897115438,0.153545448038945,-0.2506763165230801,3.1246847163987725,1.4930300070771938,0.7885580635048666,0.756197144530462,0.3626486948425516,2.244161798194481,6.118782190178651,5.5023494128347625,0.0023270336857686,2.3081761174984657e-08,6.113715924691837e-08,2.85453816748013e-07,-3.289882649805234e-11,6.54261749481141e-10,5.361297281031611e-09,6.056061412707473e-11,1.902687732278308e-12,5.97885875942919e-10,-2.198338571490872e-08,1.0239061561548255e-11,1.424158510314519e-12,-1.046062131849467e-15,6.8438392339872346e-12,-2.2494617598253032e-08,-1.0908627979072765e-12,8.40526539491335e-12,6.156410622579387e-14,2.6535892153333668e-12,9.506682788635746e-12,1.844279198523498e-05,-1.36937685002129e-09,1.5019939416592992e-09,-4.5334194224330895e-11,-2.624061950138549e-10,-5.116565194000893e-10,0.0009172104661609,-4.650066866134012e-05,-8.133577371999683e-09,1.907599869817142e-09,-2.3671299324739464e-10,2.2942903656955644e-10,-1.8717183763420275e-09,1.292580510920546e-06,1.0018022515546673e-05,0.0003682430833796,1.7375065169960022e-08,3.7592498914120594e-08,2.5619694081737327e-10,-3.320370109664546e-09,-3.630757427861768e-09,7.524929978371876e-06,-5.682004566245882e-07,0.0001000432018281,-0.0001390685559445,-1.1167937315303e-08,-1.8742315803122532e-08,-2.702388450908208e-10,8.790811416619095e-10,3.800083001912252e-11,0.000229039910922,5.003611150373881e-06,-3.053199898521949e-05,0.0003669057279632,8.113543125996914e-05,1.012528833331011e-09,-1.0215468573885746e-09,-1.2129592456167837e-10,-1.220186073497241e-09,-3.2221749750649872e-09,-0.0002237440288704,8.440695656971187e-06,3.214784733207114e-05,-0.0001478137525369,0.0006378314589563,0.0007761714056094,-5.5578429235467454e-08,5.8296969859878535e-08,3.364389194198142e-09,-7.024558655088884e-09,-7.850238446740111e-09,0.0001821665549203,-5.190239781760455e-06,0.0001593935389185,-1.5698684945378015e-05,-0.0005839108385742,0.0019236711622137,0.0008586768297225,-5.7009124579616484e-08,1.110087485550687e-07,3.245940262703955e-09,-7.421450690253375e-09,-8.378366244342782e-09,1.355319809643086e-05,4.519764379799094e-06,0.0001885096664743,-5.1967407497407405e-05,7.756480173085646e-05,0.0007071908326413,0.0006205343372461,-0.0006322553962884,-2.333033301519697e-07,-1.510343192742557e-07,3.6869295259448765e-09,8.025402393556642e-09,3.889873177549709e-09,-8.164269103197508e-06,1.4838888638784674e-05,-0.0001281081466846,4.616017275961386e-05,-2.6244335869754174e-05,-0.0004640736461698,-0.0005014450090215,0.0081029157206108,4.5,10,1.196485066361534,43.048423697750906,0.235,-1,False,ecliptic_BarycentricTrue_J2000,ecliptic_BarycentricTrue_J2000
795133.8043137823,10,0.98,12.863319441838238,0.1516452972089443,-0.6025047587844583,1.8838633229959956,2.813569699641832,1.098310198173309,2.1260304142856574,2.4118964279334483,5.896151204196406,3.0970513557458474,1.993212983721088,0.0162018682038946,-1.0740954018552877e-06,1.8225073620646402e-07,-6.38117166614667e-08,5.937991728058287e-11,1.8255051938291207e-09,5.344639249232809e-08,-1.9193131716932437e-10,-2.1077446004775487e-11,1.8157769912420718e-09,-1.47816405510917e-07,-2.5507419559726603e-11,3.0878605841102042e-12,-5.818523737432759e-13,2.5287978592964425e-11,-2.4824287355247507e-08,4.844885300783986e-12,1.7669846523983062e-11,-1.4319580434918978e-13,-1.2068979653921337e-12,2.1161192698579942e-11,0.0001242123242856,-3.262223542468341e-08,1.1413362091305118e-08,-1.1659757723678427e-09,3.436185386876446e-09,2.148390460778409e-09,0.0045541248679833,0.0003377199575014,-7.790452383236052e-08,2.0538331884156077e-08,-1.2487143993882686e-09,2.579330700131864e-09,1.817605552980977e-09,0.0002884264020797,0.0004933325970154,-0.0004966164160947,5.8964430275692776e-08,-6.90974664934486e-10,-2.1759622981515647e-09,1.7243499053034263e-08,6.228069566899936e-09,-4.058172729176355e-06,-3.161602171551916e-05,9.297526154775985e-05,0.0002285358387915,-6.865450596486233e-08,1.3844470118016626e-08,-1.3652606592999795e-09,2.304060285734811e-09,1.0654030866962495e-09,0.0002683870078541,0.000423314625502,-2.665162700757006e-05,0.0017320852153096,-0.0003837899569835,3.282505550028827e-08,1.015685077676411e-09,-2.442459142210022e-09,1.1666000046674813e-08,5.4647658722858275e-09,7.214211826576945e-05,0.0001178773888695,6.837362630880978e-05,0.0006237079518235,0.0017370579529062,0.0084396845525689,-6.535910973954047e-07,3.1853526222734344e-08,2.619752970409629e-08,-5.519501714743933e-08,-2.5228427965214746e-08,0.0001400217423599,0.0003095370814732,-0.0002877765000232,0.0006411657092535,0.0003671293343825,0.0112405989875139,0.0085935566522018,-6.609689266218492e-07,-2.9404816343631488e-08,3.04018262965775e-08,-4.685392093266297e-08,-2.7228314597511826e-08,-3.3022459479421724e-05,2.418820855663213e-05,-0.0002737458638148,-0.0001294359715257,-0.000144928904124,0.0071368179082808,0.0059662862257019,-0.0035266623664228,3.628724282710158e-07,-9.250076790211128e-08,-5.6564687261440045e-09,-6.649409055275858e-08,8.436514526886043e-08,0.0001591033701254,0.0002223767192513,0.0001443461685077,0.0002165878362564,0.0002238146964563,-0.0026056827134049,-0.002999137442977,0.0099888170548284,4.5,10,2.6242473728877966,24.70612119931477,0.203,-1,False,ecliptic_BarycentricTrue_J2000,ecliptic_BarycentricTrue_J2000
588351.9694497582,10,0.98,11.861135406093725,0.1859276966316341,0.4374392915256047,3.2894703162460797,0.7835703937152386,2.1731679587382176,2.180537468577378,3.10299693034199,2.6945127021398423,4.4520172374332265,2.163455474748883,0.0009336809439893,-2.059787216593569e-07,5.198545458222977e-08,1.8013966933849865e-08,4.7911856511795145e-11,5.237763216971263e-10,6.406795102714467e-10,1.6047592816345148e-10,4.594033440775037e-12,5.09904976616494e-10,-1.8457720099303994e-09,-9.250284236954279e-12,-1.789758669695509e-12,-1.7816181140778145e-14,5.210969643933805e-12,3.2878093016662176e-10,2.829427225049065e-12,1.441292734244993e-12,4.8129213124190766e-14,7.404394569322567e-13,5.449391971420811e-12,-5.632093046762106e-06,2.3691048166153e-09,1.1696218711449232e-10,1.3559911188307136e-11,1.0699210860399572e-11,-8.073372881316587e-11,0.001589452973122,0.0002178567214336,-1.543599904636918e-07,1.4156556464318896e-08,2.6432635530211557e-10,-1.7931857251178407e-10,2.1202283513084467e-10,-1.5307570460954789e-06,0.0002298342971474,-4.414437064476478e-05,2.382402419922597e-08,-1.1020905820886236e-09,1.0265029610310492e-11,-1.6296256500052304e-10,-3.2923365457857516e-10,1.0777315782660146e-06,-2.461114888066254e-05,7.129905936730979e-06,0.0002166235948156,-1.528898360131981e-07,1.4941468732517214e-08,3.0005408283805357e-10,-7.848692017189784e-11,2.0351195688194278e-10,0.0001554487235759,0.0002275487645208,-2.459895653136305e-05,0.0005685430602924,-6.819063774178341e-05,3.978597194094956e-08,3.776541995178892e-09,9.533853934838855e-11,-2.0742774651153607e-10,-1.9310285948502918e-10,-3.3445103897435e-05,-4.6639249748572055e-05,9.928764621574065e-06,-6.038615988948934e-05,0.000427485081301,0.000197177134169,-1.2687875190286174e-07,4.694842794950346e-09,5.557445190279423e-10,3.6744987116075484e-10,1.8652439713239627e-09,-2.364016070088981e-05,7.17026661886694e-05,-1.9071843425105084e-05,3.923425676412592e-05,6.257073103854886e-05,0.0002448199328416,0.0002886016447913,-1.5788293206518816e-07,1.7383191839114227e-08,7.355993560715498e-10,6.367539630593054e-10,3.358504757432562e-09,-4.909819794574549e-06,0.0001263135778122,-2.6703642301723047e-05,0.0001075039083813,-0.0001407460880767,7.450161949929427e-05,0.0006558171158204,-6.776068110511654e-05,-1.684465666777571e-07,-1.258689468619277e-07,1.0488600014240663e-09,2.320221572876654e-09,1.1861012076362113e-08,3.38403338796287e-06,-7.207814732788764e-05,2.125794511866457e-05,-7.137466571744106e-05,2.8975311711254115e-05,-0.0002529808863387,-0.0002770891794704,0.0043083779721996,4.5,10,1.964187088439459,46.62542662222315,0.246,-1,False,ecliptic_BarycentricTrue_J2000,ecliptic_BarycentricTrue_J2000
1201020.8476438073,10,0.981,10.21941342183672,0.0828951896423449,0.1662812928960833,1.8320259326449717,0.9381025093445947,2.7934990466359793,1.976352238341616,0.2461052134491636,2.485765345071634,3.316668694585611,3.917849096487858,0.0117544137628757,-3.1878469782398814e-07,1.6457273680345868e-07,3.994619659882587e-08,4.631940013608148e-12,1.6466521311048272e-09,6.230309069556432e-09,-5.7338169437505606e-12,3.890361574732748e-12,1.642010671257252e-09,1.579706151911525e-07,2.3549482086297834e-11,1.7787980448303568e-12,1.9931535942988415e-13,3.007504732698388e-11,-4.876889655271278e-09,6.410194998036892e-12,1.2181772762114545e-12,-3.695983773760153e-15,-3.891643920964521e-13,1.649240206013921e-11,0.0006155275470956,-8.505506483099221e-10,2.386325364332961e-09,3.576625181899426e-10,3.229180482908388e-08,-6.089689648977603e-11,0.0188812612679027,-1.9660083712184643e-05,3.0927764532702715e-08,1.798910733161309e-09,3.5381116803924036e-10,3.2832206414644126e-08,-2.329991494606319e-10,0.0001025310192036,0.0001389538543596,0.0019354626823108,-6.109422098882902e-08,7.621368132328586e-09,9.482976359845935e-10,2.098172538785227e-08,-1.0883432553013662e-09,0.0001235481341834,-1.7178387967914282e-05,0.0004311146408563,0.0004666130350328,-3.748548887292408e-08,2.444085651624681e-09,-1.525748897362442e-10,-2.0884668190246963e-08,-3.0999300122537425e-10,-0.0022762512805395,-0.0001133595062703,0.0001174063177072,0.0013481249901116,0.0009693377240088,-1.5751340665263243e-08,2.2488827102693235e-09,5.51144739514764e-10,2.1962270895444508e-08,-7.61574081684567e-10,-0.0011462114074255,2.3814954668994027e-05,0.0002084268364666,0.0003977509898588,0.0009942836207307,0.0042350619183659,-1.1731994741371457e-07,1.2515269552582842e-08,3.356414676832667e-09,1.0316016564546857e-07,-2.128472920571225e-09,4.621307280014052e-05,0.0003870284946049,0.0007690963166559,-0.0001900909696714,0.0012986092903111,0.0047650877070686,0.0053103289649279,-1.629836139616182e-07,2.2820546538090224e-08,3.849457270936421e-09,9.816245715087682e-08,-2.629721326193686e-09,0.0005104082124959,0.0002755356676616,0.0009232707516136,-3.1360723401831395e-06,0.0005301759441877,0.0030338117384254,0.0035985087442692,-0.0010815782260801,-4.530126321350121e-07,-1.3527726330892017e-07,5.9321902119252206e-09,1.1409496268347313e-07,8.680338752698409e-09,-7.442021511780617e-05,7.010464167466249e-05,-0.000318690599505,-0.0001275788180546,-0.0001142440654721,-0.0012587663759752,-0.0013733193115148,0.0639095652822813,4.5,10,3.470843056881692,25.9719855230492,0.21,-1,False,ecliptic_BarycentricTrue_J2000,ecliptic_BarycentricTrue_J2000
930398.5244045184,10,0.98,11.339430749088873,0.1734244554819191,0.0898039294849664,2.1526105802956743,1.7624884694620757,6.25759830915097,1.817535954826818,3.0527383645292177,5.482309093624944,6.190712759171701,3.0376281026472243,0.0103703986693426,4.00564067360898e-08,2.61965028858967e-07,7.772323248001796e-08,2.383084662091188e-11,2.624549776607864e-09,1.2777717839314311e-09,9.710114870935227e-11,-1.3303312605131875e-11,2.617517979316259e-09,6.381322098570773e-08,-3.079552646207744e-11,-5.18607376885188e-13,7.519740764316299e-16,2.92353154049669e-11,-1.32811775016882e-08,1.6435059169998712e-12,3.2261496837386205e-12,1.8610672290053967e-14,-8.544130607550719e-13,2.6395187217929648e-11,-7.252029268607983e-05,1.1622542068519846e-08,-4.362595354794929e-09,2.6463820128364387e-10,-3.91505610563052e-09,1.0955554155526702e-09,0.0580801036286264,0.0004683322544765,-2.7293080281409323e-08,6.5287989383237126e-09,-9.22162623862475e-11,1.1238226618616804e-08,-1.2274078951994792e-09,-0.0005211067910417,0.0009346595845489,0.0009706854333475,2.669243276453028e-08,1.1222868652249454e-08,-1.943429267827972e-10,-2.1194282618768863e-10,-1.3173456382153895e-09,-1.857738064658081e-05,7.703115523760668e-05,0.0001482617143938,0.0003840673685239,-1.2771999162792431e-09,4.392108917591436e-09,-4.682594447793986e-10,2.360428174345223e-09,-4.859710548744903e-10,0.0008143474869763,0.0002905963341001,6.170607615231371e-05,0.0009385813007338,0.0010940626114449,1.0064401275809592e-08,1.1087668044799328e-08,-9.507217340142176e-10,2.918105078915209e-09,-9.642226797939391e-10,0.0035528635663154,0.0002830505292134,0.0001635533425864,0.0009904261629712,0.0042994206158405,0.0036430018809549,-8.273058560328563e-09,2.786808997591184e-08,-2.0173505920127601e-10,1.7978593757279865e-08,-2.763921100233943e-10,4.665453040589185e-05,0.0014422161014985,0.0004619479577461,0.0010624234842391,0.0015352986678791,0.0071677071633548,0.0038584215688728,3.865153725489802e-08,4.290064904912888e-08,4.685092754078123e-10,-1.0514935757312069e-08,-2.195778095212561e-09,-0.0002246114025203,0.0005389074921424,0.000452478846617,0.0002729195305118,0.0005755505599459,0.0023562916032452,0.0024026114492066,-0.0008907350321695,-2.885461432383316e-07,-2.237391269221751e-07,1.262914995133731e-08,6.202833170618426e-08,2.6845147396963235e-08,0.0001251826180496,-0.0002684045319916,-0.000207263130116,-0.0001335883584352,-0.0002583737397635,-0.001813464676869,-0.0017506434085442,0.0187084708939137,4.5,10,3.221806505502867,20.57047108445133,0.206,-1,False,ecliptic_BarycentricTrue_J2000,ecliptic_BarycentricTrue_J2000
650853.8343932983,10,0.98,12.525689577557635,0.1001704618543224,-0.3248045657773188,2.9655650340490336,2.3837283209022995,1.0178677391030888,1.7757390261247177,5.724503548271749,2.7174224387749866,3.2668291620522645,4.310260698114862,0.0213084238638203,-6.529757499366343e-07,2.674542951419492e-07,9.83309578637786e-07,7.007646235320564e-11,2.814836274508545e-09,1.1545276753244029e-08,-1.7017298225965995e-09,-1.7320671088147224e-12,2.6679855516680447e-09,-5.160334348518807e-07,6.499772052784728e-11,-3.2566818901996917e-11,-9.14217123765065e-13,6.382645798776503e-11,-1.392672743446365e-07,2.7470146935066584e-12,8.473357832954359e-12,-2.209594608517002e-14,4.849734646435882e-12,3.0029970249051856e-11,-0.0003194568354526,8.419554748513524e-08,3.0282360821874e-08,-1.517646897046195e-09,1.9809392365619338e-08,2.2753603918983433e-09,0.0322486351812904,-0.0004856581743412,-8.97968332058896e-08,-1.112421604600767e-07,1.735426908048635e-09,-3.506338529202202e-08,3.211691017692632e-09,-9.542471223623828e-05,0.0001715541031989,-0.002470389790574,6.983416216642228e-09,-1.6301311245576528e-07,8.751010648328502e-11,-1.6056807606461476e-08,1.6658346490260374e-08,7.240288259181454e-05,0.0001298342210451,0.0005949418695113,0.0010516812713205,8.66176533262097e-08,1.1152887594750105e-07,-1.19968804007594e-09,2.403668248697388e-08,-6.513939548059925e-09,0.0010366231630202,-0.0001472179666449,-0.0002603073419055,0.0034014053721512,-0.0006672919097472,-2.9613945821609e-08,-6.0024468788427e-08,3.9727024465702245e-10,-1.0372286153075573e-08,4.361657159061848e-09,-0.000386851310156,6.745999545237459e-05,0.0001582711060097,-0.0010925076446193,0.0010727746782967,0.0068386017856668,-6.183269777925075e-07,6.030189733138249e-08,1.1003349370479982e-08,-3.157077968479876e-07,-6.842216394724409e-08,-0.0005860839339916,0.0004030387923254,-0.0007074305615021,-0.0003117938397936,-6.960960009391619e-05,0.0107152972610024,0.0074704392502405,-4.809572046654435e-07,2.358093164899381e-07,9.327650169787544e-09,-2.351396404891848e-07,-6.354678926983294e-08,-0.0004031336218953,0.0001932738537197,-0.0008900650458576,0.0001434712190279,-0.0001573738709674,0.0053303012524146,0.0043648165076461,-0.0072002086469085,-2.590226826838751e-07,1.5626332755787172e-07,6.0327719530917954e-09,9.695003015899237e-08,1.5717062117384877e-07,0.0001819141270088,0.0002054233950745,0.0011841406370292,-0.0004759085872305,0.0003056805954106,-0.0034979030779782,-0.0038438864542657,0.0638073394479871,4.5,10,1.889834527964496,20.41749366371561,0.215,-1,False,ecliptic_BarycentricTrue_J2000,ecliptic_BarycentricTrue_J2000
1325018.2611464553,10,0.98,10.512776120252408,0.1649242438466449,-0.1234128374152863,2.579237156727781,0.5395591960546934,3.270164941731611,0.3801458042921988,1.6750144358870482,5.396807674914509,5.6503330039529205,1.549585741375639,0.0005860066614727,-4.394371078289751e-08,5.362156171885365e-09,1.0255719625014684e-08,-4.30247091806959e-13,5.391441331254379e-11,5.203863534721204e-10,-2.0118022022713657e-12,-1.782187026083417e-14,5.3572443214342346e-11,-7.392563413634055e-10,-5.181022028491282e-13,-4.221257000412852e-14,-1.0034185096008901e-15,6.837492705392856e-13,-1.987073743130913e-09,-6.741659876833017e-14,-7.361140452914589e-13,1.7492790181139893e-15,1.565178138345355e-14,5.395697211485196e-13,3.2804768384442004e-06,-2.44618026299525e-10,-5.58927243912765e-11,4.212941766249976e-12,-7.261762538676282e-11,9.180267659181687e-12,8.543727368847352e-06,-3.6091666880415226e-05,2.639604298169473e-09,3.88190778591585e-10,-1.3761929719378784e-11,5.202233804395504e-10,-8.108990067716114e-11,-3.2976017537201443e-06,3.4101592845664146e-05,-2.549208871468911e-06,-5.77802958039105e-10,-9.793786474682687e-11,1.6888880006553602e-11,-4.3717347092453367e-10,1.2600890882118372e-11,1.417005226833415e-07,-1.1388144474299962e-08,2.583050486499633e-06,3.0456286532471064e-05,-2.228579437821603e-09,-2.0628074052193548e-10,1.7530960958511815e-11,-4.979564516339765e-10,6.255486935157928e-11,-1.3713545275170753e-06,-2.7923452059378104e-05,4.135818000593411e-07,9.121823204128768e-05,5.370404514966378e-05,-4.000605954294844e-09,-4.2402181582785277e-10,3.3279189508909066e-11,-1.0255977438076976e-09,1.1119701794415663e-10,-1.979547665692356e-06,-5.07497267206356e-05,9.833729382652806e-07,0.0001362439633815,0.0003233206027686,0.0002720976094868,-2.3615742089519486e-08,8.836055878995414e-09,3.1209615896191816e-10,1.3413112567236735e-09,-1.383357281857819e-09,1.9520220312092337e-06,4.7280741230493936e-05,1.362105118023285e-06,-0.000128892507845,-0.000289371949364,0.0005496687432316,0.0003362895223222,-2.7522191984432843e-08,6.775174429203742e-09,3.197142018027799e-10,-7.465197047301631e-10,-1.284421072218547e-09,9.626540653346437e-07,-9.810253508311166e-06,9.627022495220477e-07,8.883372337667672e-06,1.5503911967985992e-05,0.0001951808581469,0.000213261971932,-9.268851247846323e-05,6.611689609895839e-09,-3.6207903071897686e-09,8.06125487996264e-12,4.0338648532105836e-10,8.09098863706376e-10,-1.0641092606136969e-07,-5.93385629928209e-07,-3.0045599815695915e-06,3.464515458349286e-08,-2.952546334341661e-07,-7.865992682391176e-05,-8.233976085126314e-05,0.0002959099245892,4.5,10,3.742549900120497,143.78053906903736,0.181,-1,False,ecliptic_BarycentricTrue_J2000,ecliptic_BarycentricTrue_J2000
405084.19148152665,10,0.98,12.629634718833213,0.0778978122553627,0.1042296243485176,4.044996036335432,1.0866791015246153,0.894069589638291,2.561624120608855,2.2359500421526333,2.1862820601826582,4.0710351478615765,5.328624573209542,0.002554265328847,-9.297896672869573e-08,3.3018680619844546e-08,-7.6161137903186e-08,2.509185518775942e-11,3.5318327075412004e-10,9.270262540144599e-10,-1.7674779529796947e-10,-5.641737236062087e-13,3.277825148751217e-10,-7.940901305220559e-08,1.1017298461314723e-11,6.4739375093023394e-12,-1.2984339518269234e-13,6.1572385901567e-12,4.9092863108496464e-09,-4.287893973798103e-12,-8.719859277615009e-13,9.666183120424401e-14,-6.38654584516411e-13,4.140964147811677e-12,3.88511150138238e-05,-5.022287899932141e-09,4.656789151365059e-10,5.444773547856609e-11,-2.0359880874190233e-09,9.760818522756694e-10,0.0004927056508834,-0.0001635760260294,2.007848940698404e-08,-2.5770550623327342e-09,-2.5644210193608523e-10,7.9331279570519e-09,-4.643214606234631e-09,-8.824637999154242e-06,3.722422701473272e-05,0.0001209476345981,4.9614179586725484e-09,-2.464504773416959e-09,-1.4667456101853072e-10,-2.82611096913835e-09,-1.0522584809505522e-09,1.0803980110600692e-06,-3.958882128034257e-06,9.881397042316524e-06,-0.0001317631373333,1.3980202302076941e-08,-1.3671951164104183e-09,-1.9605079910714446e-10,5.715348285857371e-09,-3.2280626075348363e-09,0.0001001092000614,2.635995647879108e-05,-3.907544975908778e-06,0.0001878165533279,-5.0630284456878816e-05,2.58357683014478e-08,-5.923561924823391e-09,-4.3996467304334127e-10,5.3433079513879255e-09,-6.6043563435103605e-09,0.000325196272103,3.737218651851905e-05,6.460361011060256e-06,0.0002282458521102,0.0010124274765779,0.0005299858619907,-3.824983048019224e-08,3.036159315669266e-08,6.5692190853951e-10,-1.919317109533705e-08,1.0162560789938627e-09,0.0002886469374138,-1.519020560831949e-05,2.7301664526281192e-05,0.0002477144718534,0.0007467497200056,0.0010854885341864,0.0007597914300254,-6.46097190926883e-08,-5.663427817277701e-09,1.074833946169096e-09,-2.7940468841010792e-08,8.91996754001854e-09,1.5728974581328338e-05,-6.656919277281639e-05,3.327707988621874e-05,-5.2122191046952536e-05,-3.7296143655142886e-05,0.0002053676494698,0.0003247634566552,-0.000156151391695,-2.7699930500972072e-08,-1.157104930101123e-07,1.0563598865462831e-09,7.640401819911324e-09,4.361904485196534e-09,-1.2954997037208117e-05,5.361728410065248e-05,-8.033325066137845e-06,3.831602649253453e-05,5.045431766224761e-05,-0.000136862296267,-0.0001968630248844,0.0157362618785721,4.5,10,1.011759164748476,58.21805599108515,0.251,-1,False,ecliptic_BarycentricTrue_J2000,ecliptic_BarycentricTrue_J2000
467170.8599751028,10,0.98,14.026859047473147,0.1993061571379468,0.5067195272650007,2.4384701161900377,1.226679062191728,4.761823427468839,2.555940445628913,1.6396124001560832,0.7258002480325592,4.251874810593224,4.446506154705653,0.0015306330245734,6.592984307863758e-08,1.4000001824172022e-07,2.9653440483196285e-10,2.6052302930465347e-10,1.3927941979855127e-09,-6.236710601916389e-10,-1.0926349999438216e-10,5.567631712310724e-12,1.3753070981137904e-09,1.473409442653938e-09,-2.6169160462586765e-11,-3.337140429272096e-12,1.0478507599371265e-12,1.4024421642976059e-11,2.0388669378088762e-08,1.3472422455287678e-11,-8.415965055211798e-13,1.0797260219653617e-13,2.016130643629952e-12,1.4771032440079976e-11,1.012138819880693e-05,-1.8690667382337763e-08,2.116080294310502e-09,1.948957923405246e-11,4.781973224352888e-11,-3.007074651288953e-10,0.0144876001745187,1.218731432974853e-05,4.4134196405573424e-08,-4.845292762894431e-09,-9.031739339458528e-11,2.4223450117799875e-10,1.585962095684034e-09,-1.6160168195362014e-05,4.875792763837574e-05,4.908716361016725e-05,-4.304665614148555e-09,1.0164449119170374e-09,-5.536597393115563e-10,1.2588542941120191e-11,1.40135561252894e-09,9.611701637328697e-06,-1.0834125519033776e-05,2.3715131547698897e-05,-1.2107769227384578e-05,1.2130423957612104e-08,-3.6434623809872703e-09,1.5766170593632308e-10,3.667930339236752e-10,-2.9151033752110284e-10,-3.533078403461412e-05,1.1248204271487034e-05,-8.704064444226841e-06,0.0004209779981081,6.706245938129089e-05,3.2560056807122846e-08,1.813580404657582e-09,-6.976347662194504e-10,1.6385354529724795e-09,1.369967787399617e-09,0.0004617470788089,4.919545581310626e-05,1.2929785747554906e-05,-0.000183993616687,0.0043540425440327,-2.8130792863668705e-05,-1.1131402572124565e-07,-7.485120165816013e-10,2.6212592660055564e-09,2.7143464820425797e-09,-5.908835760769105e-09,0.0003535875797611,9.431673679287936e-05,-4.691466835725498e-05,0.0001737995800205,0.0036868259868404,0.0046090530346947,-0.0001310089748155,-1.3971832113867788e-07,1.8964589951414733e-08,2.721815733743452e-09,-4.887951031193441e-10,-7.518406140551398e-09,-1.3156518288520372e-05,8.592893849569043e-06,-3.806301158721675e-05,2.892099578019816e-05,-2.9311356635415977e-05,-3.3693081906493826e-05,0.0006768322507986,0.0007657699902472,-7.825161020107953e-07,-7.341576040819255e-08,8.51731850433524e-09,5.3136044960215195e-09,3.5126562646839615e-08,3.1889119879094343e-06,5.441203854584952e-05,5.770650179110736e-05,-8.032634323602029e-06,0.0001466714611832,-0.0005432346287307,-0.0006875431406841,0.0106467814513682,4.5,10,2.589491217431046,28.380863808634512,0.231,-1,False,ecliptic_BarycentricTrue_J2000,ecliptic_BarycentricTrue_J2000
844976.4092352554,10,0.98,11.68633166313484,0.1923135418020385,0.8711527174796612,2.3502786934605346,2.4750376305380013,5.936777264467902,2.166500602283433,4.298270752082709,5.957820282083233,2.620244470824293,5.164044853006184,0.0001287879095953,-2.486740193665728e-09,1.0685016579960942e-08,-3.5862587879153146e-11,-1.8044647954441405e-12,1.0729918174825456e-10,1.0604649027119113e-11,2.6243632501434643e-12,2.000436174581892e-14,1.068780202091343e-10,-3.9589956956385956e-11,2.65763039315929e-13,-2.3983004469160683e-14,-3.663436143385711e-15,1.0720206176053521e-12,-3.7238597154722756e-10,8.414263667317575e-14,1.4872180869884508e-15,1.2032048145407002e-15,1.71237334040569e-14,1.0816186776912445e-12,1.33498412844657e-06,-2.2147980242170823e-10,4.3608542721671015e-11,-3.976217447795941e-11,-1.0307634991518176e-10,-1.863787238533361e-11,0.0001646292938585,-9.402837891134833e-06,5.061943049603321e-10,6.245708421967166e-12,-2.7356409914991937e-12,1.4476382955235454e-10,5.703167832275985e-11,-6.693049574617752e-07,7.323101242940992e-06,-5.307187410773607e-06,7.99314479280528e-10,-1.7630495042992486e-11,3.100434253968366e-12,2.088724162757276e-11,-4.129522719128447e-11,-2.7997839068085016e-08,1.972415694670817e-06,2.9047241002508345e-06,8.233530756201886e-06,-9.016876432654355e-10,2.318287504083357e-13,3.298751628209426e-11,-7.171545929293607e-11,-8.386491318679112e-12,-6.359056092908663e-05,-6.29078362800873e-06,-2.5882569784468872e-06,0.0001036412708935,-5.654480550145857e-06,1.1010103355533132e-09,1.1159590129087775e-10,-3.9016605238370437e-11,-1.6544539786180798e-10,-5.641856560974772e-12,4.03306024635796e-05,3.1664927275508955e-06,2.5000189811545686e-06,-1.1647747289833587e-05,0.0001302255475664,-7.772093690072073e-06,-5.676029181509773e-10,-1.7353622287039088e-10,2.6342198650144788e-12,2.6609495003526073e-10,1.9491799369760704e-10,2.179714806180484e-05,1.574298724073393e-05,3.986845521215825e-06,-4.290078691852661e-05,2.344412395784407e-05,8.424453248847209e-05,-1.2715672146578984e-06,-1.7156483747030151e-09,6.337084920399083e-10,-2.4610092485957024e-11,5.07426421786498e-10,3.4791704334509376e-10,-1.531113667206286e-06,1.3457848087012117e-05,3.059818799612108e-06,-2.3944318483021507e-05,-2.432679078033176e-05,7.902935212555458e-06,0.0002612681014047,2.527287199082629e-05,-2.6303667311366064e-08,1.4354986485436162e-10,7.208681507923819e-11,-1.938488256289216e-10,1.1807594517979635e-09,4.121932380426459e-07,-1.219824447360337e-05,-3.840553451787773e-06,1.1730405524268108e-05,-5.685563667019841e-06,-6.953482292049325e-05,-6.099246048941922e-05,0.0008610133037937,4.5,10,4.432551306630247,101.79947512510566,0.276,-1,False,ecliptic_BarycentricTrue_J2000,ecliptic_BarycentricTrue_J2000
362525.4885011273,10,0.98,12.934668694093418,0.1254132987725534,0.2730783830583561,1.5858866814679873,1.4401466549715827,0.15155580846514208,1.941627423611883,4.396817978083786,1.2830068943392865,2.5542084543935686,3.9114883299676726,0.0055132007422838,-3.680218532710852e-06,2.998362819574107e-07,2.648590688335914e-07,1.0709992336268584e-09,2.9080825220135473e-09,3.902815672123895e-08,-9.346220418646692e-10,1.1515326050902533e-11,2.6869635125816275e-09,-1.614423888685793e-07,4.972155402825818e-10,-2.71994358770282e-11,-1.7324438255532829e-12,3.2927808211332896e-11,3.8537325962710586e-08,-4.615054354318978e-11,4.937713956185364e-12,2.709647974483861e-12,8.090695557110763e-14,3.515338392147273e-11,-0.0001352787404182,1.3310428156596098e-07,-1.2838723626177174e-08,-1.78437678653684e-09,-1.1574027371409148e-10,-1.3786017983245255e-09,0.028554235737729,7.114128240387345e-05,-3.646001374707616e-08,1.47552847778233e-09,-1.4675763302693718e-10,-4.293642838478571e-09,2.2051648662915355e-10,-1.0563796614395078e-05,2.229192902360405e-05,0.0002816453086796,-4.868676309339099e-07,4.784816363603033e-08,8.119476490373121e-09,-3.864267369457677e-09,1.4807420220238752e-08,-3.0411399915110983e-05,-3.629695181929198e-06,6.757253051170456e-05,0.0001336100990295,-1.95397746478681e-07,2.9111986730289164e-08,2.976032474080396e-09,3.3626908189944797e-10,3.729844509038875e-09,-0.0019512814846558,-8.459770276679954e-07,4.55385852763448e-05,0.0023267238588678,0.0001414902441312,-1.740156152981708e-07,1.4750190909070945e-08,3.541229093182233e-09,4.6829176115566105e-09,4.40989685404759e-09,-0.0019735071581974,-9.911109093780136e-06,4.541762138034588e-05,0.0015764585848297,0.0023345477382101,0.0012166358062936,-2.5753240432585265e-06,2.3150157749965966e-07,5.3919000717150696e-08,-1.6847020032187667e-08,7.635875347254277e-08,-0.0005941503657786,8.377929072555508e-05,0.0001849305954368,3.251752156638086e-05,0.0010637530145366,0.0047199202294385,0.0010692219748713,-2.575743610152288e-06,2.601251222690464e-07,5.1775328656643774e-08,-2.9544734224712784e-08,6.627098301012911e-08,-0.00012174780845,9.06632796944868e-05,0.0001736178644243,0.0001043727067645,7.955829796728077e-05,0.0010333747428499,0.0016735416399558,-0.0006580240179346,-5.719054222532569e-07,-2.943307321584402e-07,2.4311902553061737e-08,2.9149363185657405e-08,-5.173043845470375e-08,9.01517048305662e-05,-1.2037092131146088e-05,-0.00024929878424,-0.000126879378026,-0.0001173532318464,-0.0018329920546849,-0.0017880851523825,0.0624754312066146,4.5,10,0.9913987922388114,20.318628930571467,0.244,-1,False,ecliptic_BarycentricTrue_J2000,ecliptic_BarycentricTrue_J2000
190323.48528335296,10,0.98,15.151077091899683,0.1562572372084632,0.168888473444734,0.9143914026016972,2.3709663391850593,5.501147705773614,1.579409604909308,1.417837653309101,5.996616631318017,0.8748974121046682,2.2267509048218512,0.0022560430724912,-2.833938149715881e-07,1.676548793311086e-07,1.023367512458038e-08,8.116841020149714e-11,1.7342708740894711e-09,2.064941627654992e-08,-3.4709464268343256e-10,-1.989540744378806e-12,1.6171209978648907e-09,3.576678309560337e-08,1.0217103180780608e-10,-1.6989182144742268e-11,5.038864322660014e-13,1.6979061236297467e-11,-2.7936107461708508e-08,-5.273017692844153e-11,-3.480854294538575e-12,1.8793358333005898e-12,-9.093428410177184e-13,2.0002098955581382e-11,9.524376436448582e-06,-1.8509623822382205e-07,3.60233663451568e-08,6.81833976592939e-09,5.077392838818662e-10,4.12791967916436e-09,0.0036874517953486,2.1072225204188804e-05,-1.9521543592944934e-07,2.953677817119312e-08,7.219137654211702e-09,7.935974882827251e-10,4.413661728348138e-09,2.995441051365037e-05,3.0706100471766805e-05,0.0002392849395437,-3.816189605132737e-08,2.0061295491286774e-08,9.639632095257415e-10,3.6419576212315804e-09,8.608105442454898e-09,-3.5883450262222847e-05,-3.037912119810383e-05,0.0002581891684004,1.853475761913993e-05,2.012161831401497e-07,-8.437397330446474e-08,-6.8027659865951184e-09,2.48699067641162e-10,-5.05801865793694e-09,-0.0003824934285206,-3.406321357057214e-05,5.3609611384292925e-05,0.0023368086504933,1.2954966247530628e-05,-5.166193866170032e-09,7.171055720307564e-09,-1.2701899900248267e-10,6.36458255172562e-11,1.31689957206233e-09,1.0048725629744713e-05,-2.851071967895449e-06,3.509893744641953e-05,3.2920437764514e-05,0.0003842430561268,0.0007163117022186,-2.1075557199933955e-06,4.176554348315417e-07,7.813773700391425e-08,1.4855600598400354e-08,6.38935448848568e-08,0.0002137780264166,0.0002648582663796,-8.379185425435563e-05,1.9321786384776792e-05,0.0001191370404791,0.0052730355272404,0.0006644604950959,-2.053486519363029e-06,3.354032583281955e-07,7.54287427491459e-08,1.5250743601425172e-08,6.061410338157625e-08,0.000239986956978,0.0002520665272018,-5.2600949318827146e-05,-0.0002656304026837,-1.6658507924264885e-05,0.0025718637050895,0.0026950884301298,-6.76954998226108e-05,-6.453253939669104e-07,3.227613215172222e-08,1.9773137198795604e-08,-1.618527645618171e-09,2.6482831389805365e-08,0.0001111006291658,0.0001124389258625,-0.0003644736725351,-0.0001026050012875,-1.5565108992837648e-05,0.000231524932179,0.0002407181140812,0.0269760827174176,4.5,10,0.5186977443761711,26.19062132488805,0.27,-1,False,ecliptic_BarycentricTrue_J2000,ecliptic_BarycentricTrue_J2000
491154.52874037705,10,0.98,12.234638329264085,0.0872680224053216,-0.0034288598039033,4.392155117887147,1.897214492533019,6.00205654958089,0.6602275252176428,6.195142432696161,5.693417062699299,0.0615089168528119,1.9112036827602503,0.0004599039190446,-6.9985814957868764e-09,1.4498294344164556e-08,-2.442839443136017e-09,-2.1731726707512552e-11,1.4817483464870696e-10,1.242472567855849e-09,4.131052279320548e-11,3.524954403925352e-13,1.4112415186759658e-10,9.749069089941163e-10,1.1175929336643096e-11,-2.327255041856229e-12,2.4386357964804365e-14,1.7786197714128138e-12,1.6325269119696703e-09,-4.375899860579208e-12,1.0295410406953036e-13,-1.3526752528178796e-14,-3.441633410015716e-13,2.469305716489477e-12,-1.78135509064262e-05,-3.024709559401462e-09,4.3624083680576447e-10,-4.217248160459341e-11,-2.8631627155636336e-10,3.5604488841591936e-10,0.0001115374251215,-9.624726413093166e-05,-2.3385534038492677e-08,3.5101792197191406e-09,-2.4542861940438157e-10,-2.4411491177339823e-09,2.711415256707396e-09,7.455710846669795e-06,4.442843324874725e-05,-1.615224666024965e-05,5.341198672324591e-09,-2.41011679219568e-09,-1.1427854235656319e-10,5.367994696577389e-10,-9.973199547546582e-10,3.93849982093494e-07,5.807779229618726e-07,3.416304652203124e-06,-8.963082961939265e-05,-2.2998741479860043e-08,2.144758953244791e-09,-2.3608680408764676e-10,-2.443214418702433e-09,2.6541883628824474e-09,-5.275041453787017e-05,4.2136628334349616e-05,3.900941404322638e-07,0.0001523834548768,-5.66532154645297e-05,-4.8674491576053284e-09,3.1702964174788233e-09,-2.0172840427169176e-10,-5.994819654043305e-10,-6.26499115927257e-11,-3.542340979996348e-05,1.8341807721492893e-05,3.934111212520655e-06,5.9846280384593855e-05,0.0001621944968639,0.0001734871211719,1.9419385494668562e-08,-8.58555608830425e-09,7.72574990598894e-10,6.266641152181033e-09,-8.080990337761931e-09,1.921830344683504e-05,-7.050316145207289e-05,2.6003688566846376e-07,-0.0001167908620187,-8.351856616678766e-05,0.0002791343816115,0.000123956538028,-4.805392556226387e-09,-3.2278151074077e-09,6.046812356583861e-10,2.951192137102632e-09,-5.356250618151325e-09,-7.516723889299352e-06,-4.485901443470875e-05,-2.3478673812721725e-07,-4.247469467138841e-05,-1.8329636940295405e-05,0.0001154347916063,8.703069454074001e-05,3.429867727202858e-05,-1.0036719348386152e-07,-6.7259389830005076e-09,4.4918190510296936e-10,-2.096741334365501e-09,1.644176494043267e-08,4.102935927750155e-06,2.969703421977812e-05,-9.424582396256243e-06,2.890260473477112e-05,9.00785542405285e-07,-0.0001181033017955,-9.636560671183086e-05,0.0055185940015069,4.5,10,1.2001718875154312,88.62281577882493,0.231,-1,False,ecliptic_BarycentricTrue_J2000,ecliptic_BarycentricTrue_J2000
389264.6036842045,10,0.98,15.058478643786623,0.1959273142856437,-0.9790571757319856,2.5205356479000596,0.9033447939476695,5.331160738236825,0.5495725093711034,2.7505636663348945,2.275593625320657,3.8130685694328776,4.832217215718243,0.0058622134214892,-1.0215601901953602e-06,1.3922541648767602e-07,-2.2353456871571618e-07,-5.560673646514295e-10,1.438793934982386e-09,6.725166546000026e-08,-9.453466875956901e-10,-5.5067449146044816e-11,1.362881619122863e-09,7.8899975580016e-08,-1.5945557346850135e-10,-1.21085668575292e-11,5.920719963904602e-12,1.632818149689399e-11,-2.482768672717736e-08,-1.863076401058308e-11,-5.0956909595319e-12,7.74857112394716e-13,6.407980205966895e-13,2.305650867157277e-11,0.0005333601826026,1.0349645827868933e-07,-2.1037110392348133e-08,4.323225134334629e-09,6.46752133212179e-10,-6.171077980822961e-09,0.0046265421281372,0.0012745168073693,-1.9904350613966392e-08,-8.60329847690581e-08,1.0347206533664508e-08,1.8078861220596387e-09,2.4119710609947016e-08,0.000130408829572,0.0005847111676388,-0.0001413182873827,-4.8978888203445524e-08,-2.426093338778227e-09,4.917913119555423e-10,9.330809292666701e-10,-3.498878837093845e-09,-3.756582472028233e-05,-3.059042692918209e-05,3.2280487094313434e-05,0.000580149335544,-1.3980110549148484e-08,-6.919148968108372e-08,5.4517211892092794e-09,4.317883949268479e-09,9.007395171986405e-09,0.000371592700216,0.0002197298387588,-7.935096768700269e-06,0.0013940048814664,0.0023724441480025,5.981179895535795e-08,-1.4469178435545914e-07,2.1635534882923665e-08,3.829390637808517e-09,2.1074448594965588e-08,0.0037960288565483,0.0009865469693311,-5.621189071897291e-05,0.000334853555221,0.0068146012961319,-0.0009767797781464,-5.141589311160645e-07,-1.3812182891257573e-07,-6.740352729890402e-09,2.6666065126747866e-08,-4.061397079431954e-09,-0.002593260244958,-0.0005914823140292,-5.513369465285221e-05,9.88206987190911e-05,-0.0047740266706877,0.0604470047830804,0.0018732669115081,-5.59871092100836e-07,-1.874601012218385e-07,2.3675323974877852e-08,3.4741414467819466e-08,2.8530691277996352e-08,0.0004487058972343,0.000522538287332,-0.0001162629155274,0.0007309599608284,0.0010363335736461,0.0277038420334016,0.0148799358121402,0.0002429230822963,-4.131128598173306e-07,3.032342342756372e-07,-1.2256537872703796e-08,-2.2704085070362292e-08,-8.034730459301384e-09,-9.844046040398964e-06,0.0001267587285471,5.601069912215546e-05,1.647814698143319e-05,0.0002536926586998,-0.0008724649396178,-0.0006451575627748,0.0068384600416925,4.5,10,1.1439238385132338,28.59640259082292,0.224,-1,False,ecliptic_BarycentricTrue_J2000,ecliptic_BarycentricTrue_J2000
448846.9244875428,10,0.98,13.32039004861809,0.1128985877302086,0.7458826515193007,4.44432754744052,1.5876697734361753,0.004592658832995577,0.1678780777544287,3.82411901176983,1.4234452696053097,1.377654081144586,2.9134054013440025,0.0004213048985779,-6.489598743211538e-09,3.865694008175728e-08,1.4149428094116363e-09,3.315036406309845e-11,3.850598874727208e-10,1.0297273146679776e-10,-3.032286941821372e-10,-8.215189397399522e-12,3.848927400610632e-10,-3.235819772816698e-09,6.210303290238352e-12,-2.1885742821638384e-12,-1.2153145089915348e-15,3.967281103255969e-12,-4.691986286789534e-09,1.0731465652657109e-12,-3.760000261447935e-13,2.0602979630936653e-14,5.334319003038855e-13,4.058383484286456e-12,-5.264115235735412e-07,-1.6633096889207566e-09,-2.2955444858544448e-10,7.995832554652911e-11,5.02091123667438e-12,-2.141442563871477e-10,0.0010965702909796,7.453320617218152e-06,-1.5485771690698022e-09,8.052858138100358e-12,2.4569208894748228e-11,3.5420530765690876e-11,-6.911979643731921e-11,-5.559765175827209e-07,1.6929922113236728e-06,9.285416409560282e-06,3.583672364636528e-09,7.68701448433523e-11,-5.942942000686001e-12,2.020829838030108e-10,-1.763877785398967e-09,3.477761003495002e-06,-1.2407045280525465e-06,2.5094702338795507e-05,4.197352572793221e-06,-1.1432925178068964e-09,9.350974310699068e-10,-2.2680809618040484e-10,1.224923286707972e-11,2.693459034737366e-10,-0.0001966601873989,1.630952938942519e-06,-5.886571138489728e-06,0.0006159115090474,-3.693430951992048e-05,-7.302891062713873e-09,2.085200300241177e-09,-4.3299121927280973e-10,-1.111833098104164e-09,2.4799291008328355e-09,0.0005772852339892,-3.415942824248744e-06,-3.541042107442403e-05,0.0006180465061005,0.0304563636460422,2.817080389792008e-05,-9.171674242635282e-09,-8.59720097101891e-10,8.07449134064205e-10,9.625247606031983e-10,4.2994848653828206e-10,-0.000574727959675,4.870774000944434e-06,2.3114126507357777e-05,-0.0007096760086965,-0.0315293929053057,0.0327611686797522,-2.004261762475381e-05,-2.1381822320592192e-08,-1.226151454894279e-10,7.45295490625653e-10,-2.0851726483389928e-10,4.229580661691202e-09,-1.0599639273160185e-05,1.5604052522423794e-06,-1.7539485778177147e-05,-0.0004350609367649,-0.0060982252180179,0.0063058294968642,0.0030724031024957,0.0002135145427195,-5.385949050633778e-08,-7.2076028148570115e-09,1.5835368999126122e-09,2.0281847911997406e-09,9.24633798804174e-09,1.88865435252225e-06,7.017984871980744e-06,2.861917371823409e-05,3.009272840843844e-07,-7.084804888740183e-05,-9.496432601227144e-05,-0.0001744594960071,0.010386051133363,4.5,10,2.070543580671097,53.812624555799545,0.28,-1,False,ecliptic_BarycentricTrue_J2000,ecliptic_BarycentricTrue_J2000
880933.4131683595,10,0.98,11.03200341118873,0.083455714725569,0.3288133059750437,2.412771948503577,0.32682349206089123,4.382687770404487,0.6811314354163025,0.4865089681829714,4.880432087311669,0.098501684730316,3.2639045930243555,0.0006844493803943,-8.893457437911386e-09,2.7025677002203013e-08,4.1901935252335346e-10,5.1889311689462985e-12,2.7043634841973976e-10,9.345717937752236e-11,4.8757631412434345e-11,3.9434787915630663e-13,2.703778682343778e-10,2.384826008372408e-08,3.6242901645484976e-12,-1.26575918778557e-13,7.745556531875413e-15,4.71195385160506e-12,6.421483563171595e-10,3.398275888829401e-13,-1.120846399391143e-13,-1.79478881825687e-15,1.1291720969114229e-13,2.7395383723361534e-12,0.0001049287109875,-4.202434124768105e-09,1.7459755610536374e-10,4.878215698788978e-12,2.995232618307261e-09,2.8651344402467193e-10,0.0007776986215777,-0.0002115077197637,8.88388613932789e-09,-3.028519611574425e-10,-2.296657456183452e-11,-6.382999888867693e-09,-5.298013737344333e-10,-5.2947412621157016e-05,0.0001061914759778,-2.7649339088227995e-05,1.0810861012885994e-09,-2.0366090976617583e-11,-4.279503334708542e-12,-2.9728832560451873e-09,-1.1537421974796368e-11,-5.4870838303068965e-06,1.2254645311177885e-05,8.023341350392198e-06,-8.304135462548157e-05,2.7618487223568e-09,-6.067958142372879e-11,-1.9981944135510107e-11,-3.273618822496117e-09,-3.3474500585435907e-10,-3.196439945125355e-05,4.18830831916253e-05,5.394575097631632e-06,0.0001385051454078,-0.0002606641488761,8.857750852116469e-09,-2.2683657195161847e-10,-5.2868028006630906e-11,-1.1695762174780633e-08,-9.54724253396029e-10,-9.752764975077975e-05,0.000129578873359,2.1865027009288582e-05,0.0002320255945961,0.0008596904586998,0.0004825966797815,-2.0988393252600083e-08,6.07693596254165e-10,9.125467146773487e-11,1.5455300884961724e-08,2.826046399051989e-09,0.0001382640671327,-0.0002237259738094,-2.541808037810321e-05,-0.0002432956771773,-0.000814253150919,0.0012456543902035,0.0001895069130029,-7.609792933869425e-09,1.6776023655124438e-10,3.770295126318726e-11,7.971159293062048e-09,9.945223955689843e-10,3.785984691597558e-05,-7.581334496883262e-05,-8.416984121581275e-06,-3.028118884586858e-05,-9.40640364504096e-05,0.000157909727079,0.000141843528498,-2.326886963890156e-05,-4.494328285112584e-08,8.616584146491943e-09,4.028116709537153e-10,3.5594401214228474e-09,-9.254697799434483e-10,-2.950108883696144e-05,5.685229903596213e-05,-6.557191773410752e-07,2.1481391174820674e-05,6.174037288397907e-05,-0.0002215087750407,-0.0001461040233166,0.0099349633046838,4.5,10,2.9966793266202565,64.0156676510371,0.213,-1,False,ecliptic_BarycentricTrue_J2000,ecliptic_BarycentricTrue_J2000
735367.4126667797,10,0.98,11.267759608084948,0.1029829057572466,0.0749842427919034,3.8764755833786975,1.099414899853006,4.007289807219334,0.6313429079772701,0.5810599587689951,5.530199161182568,5.231701372681735,5.4039870232803215,0.0060272645824931,-1.1716277726723241e-07,9.91585899685186e-08,1.249225819937388e-07,2.253713238733405e-12,1.0772420939629182e-09,-4.3238427580365077e-10,5.59296385858419e-10,1.1223974091947093e-13,9.889336334945391e-10,-5.1263819274332683e-08,1.061825363546338e-11,1.1355418050731685e-11,5.3266571422366594e-14,1.2741045404240419e-11,1.6779518027349043e-08,3.2045275698282464e-12,-2.6636735822368818e-12,1.6609166253239206e-14,1.9122834082141026e-12,1.0368483091214992e-11,4.536631742017221e-05,-5.706976331383736e-09,3.592132582737102e-09,1.7318465390440746e-11,8.908117866841123e-10,7.888238194008392e-10,0.0023620143109854,-0.000236520622425,-2.0998685684434174e-08,-5.9621043918727165e-09,1.3898618671349186e-10,9.392657204545066e-10,8.03153968106319e-12,7.840332647402338e-06,4.893872582945825e-05,0.0005731126816374,-9.112576689430506e-09,2.9498664713929823e-08,-5.1654588080355946e-11,4.144433213723598e-09,4.568441512714737e-09,1.2476440213100947e-05,-1.988368577581752e-05,9.796485515936644e-05,-0.0001418915847528,-2.135776592635696e-08,-1.2081573649083812e-08,1.3294813887844478e-10,1.63076235472773e-09,7.94731547915556e-10,2.7404203821366703e-05,4.396982704998802e-05,-4.306166113740191e-06,0.0002913882842484,0.0006695310643087,8.679509692861674e-10,3.317929158930985e-08,-1.0026896466591196e-10,3.6133367709184444e-09,4.43690662233858e-09,0.0003872912553942,-4.208387071230973e-05,0.0001049666633478,-2.1198175697091983e-05,0.0009230218694978,0.0010909030136083,-1.3823539172191716e-07,1.3432602915060804e-08,4.4396821351766725e-10,-1.9414311474349807e-08,1.157563696384426e-09,-0.000265992792793,9.230852078847292e-05,0.0001060774193016,0.0001748535300264,-0.0005960653812934,0.0015840482370923,0.0020503995139388,-1.1920879949951841e-07,6.690370662149987e-08,3.4648031058644005e-10,-3.966426141942097e-09,1.0234853206987726e-08,4.870777464910821e-05,2.777672691856258e-05,0.0002426894742028,6.302480377281012e-05,0.0002242743731616,0.00089945700001,0.001294073047207,-0.0015454362432267,-8.342447678731642e-08,-1.1999388684714366e-08,4.658806180349868e-10,1.971531521480323e-08,3.1763449263948614e-08,-2.1482580158641e-05,5.113373412988479e-05,-0.0001943917113284,1.945808617126088e-05,-0.0002136607452998,-0.0007247759464342,-0.0010135309222701,0.0259279063042666,4.5,10,1.9260107032814435,33.52245009411842,0.225,-1,False,ecliptic_BarycentricTrue_J2000,ecliptic_BarycentricTrue_J2000
630248.130261241,10,0.98,13.92588569409468,0.1439303034833094,-0.1728906035878286,4.1352753607536785,1.4545309558924366,0.6430494590187664,2.1974035523949755,0.7450557210074286,3.2326328160794646,5.287037088640401,5.931504008541477,0.0013150486925121,-7.644901379441339e-09,7.762392441332842e-08,-1.2025302067918588e-07,4.235608203155681e-11,1.048088626315212e-09,-6.173071890024668e-11,4.6852047430087006e-11,1.974532377435224e-13,7.750947421509708e-10,7.384322222838224e-09,-8.438400853881874e-13,-2.4224953635533868e-11,-1.0186448998871044e-15,8.956088164513294e-12,1.1512749450366567e-08,-7.84776219275552e-13,-8.46384409467571e-12,1.9246658483414583e-14,-5.877605376582434e-13,8.428270386091739e-12,-2.521362286904665e-05,1.908623042906269e-09,2.8904777071283297e-08,3.514383102424965e-11,2.8738306665428347e-10,-5.99422270451117e-10,0.0029133317185493,3.907118056425019e-06,-4.318342910775133e-09,-3.941174498411945e-08,2.5940621124719798e-11,-1.697022088538992e-09,1.148287051212511e-09,-4.2700391273575325e-06,1.6117048602821083e-05,-0.0001727299686385,-5.651119582150008e-10,8.552520023142483e-09,9.576651153402611e-11,-1.455796403283772e-09,-7.425850489684782e-10,6.715230450445732e-06,6.419462317569924e-06,7.707902653441689e-05,-2.2839535730749545e-06,1.1759159627616351e-09,2.4049930772430813e-08,-6.860204842306373e-11,-2.305406942041155e-09,-4.4361761863515536e-10,-0.0001597010854669,-1.3376410412627848e-05,4.627978317093448e-06,0.0011340542698123,1.6350685176051172e-06,3.932287591325273e-11,2.3522436176468487e-09,-1.585700271782792e-11,-5.22572697683712e-10,1.0749296519560062e-11,-3.5777241678880264e-05,-2.4205021655841835e-06,9.321407710233724e-07,0.0002112105960321,0.0003174006023816,0.0001193859174994,-7.112995697357746e-09,-8.675165688405828e-08,1.0536838433061295e-10,6.861941416828969e-09,-5.786226629399718e-09,-2.6637832518330403e-05,-4.1973156856679775e-06,-4.596786620387728e-05,0.0001115652766402,0.0002426225037566,0.0018714169767305,7.749734201831331e-05,-7.133320141639208e-09,-7.90102189535995e-08,4.7551649628713516e-11,6.776576003513926e-09,-3.492271303032165e-09,-3.512414891534785e-06,3.616136768722476e-06,-1.4517932402606084e-05,-7.303103554031186e-06,-1.7430859561469534e-06,0.0003206485873916,0.0002148445226791,0.000229406995469,-1.0203951294532605e-07,-1.3515631432029428e-07,1.269226016377809e-09,-1.4118012110333478e-08,2.2734312361691933e-08,-1.8303960464926007e-05,5.057144034148222e-05,-1.4170037884159166e-06,-2.722254665928965e-05,-3.399831508488698e-06,-0.0003222586372247,-0.0003335368461348,0.0075387817988618,4.5,10,3.2914307781439898,37.80400954121356,0.203,-1,False,ecliptic_BarycentricTrue_J2000,ecliptic_BarycentricTrue_J2000
236597.7217444468,10,0.98,11.949053127848424,0.0838909934259882,-0.3862815936065651,0.7922369066529622,2.5073835183845463,4.345521003192951,2.55306114472534,1.1311481521338935,4.14505984130537,1.4807885478230542,2.5340265297514994,0.0021597536704508,-1.387992883746946e-07,7.834449836732405e-09,-3.408531628824546e-09,1.4758396030804083e-10,9.559372567830167e-11,-9.313929727972126e-10,1.7472643185260992e-10,8.943212456331051e-12,6.541259819486263e-11,-1.8932889134457192e-08,-5.722249278785232e-12,2.793448669451333e-12,1.319636421095841e-12,2.186972246907056e-12,-3.463502055838449e-08,-1.027625522052666e-11,-5.653401422648578e-12,-6.893834123410117e-13,5.256251602292095e-13,3.667053989768826e-12,-1.3914868639433277e-05,-1.7676101182898855e-09,-1.8401184417791158e-10,3.209207937399259e-11,4.916145528391523e-10,1.6022113669550036e-10,6.24774325690983e-06,3.960166819487061e-05,1.0379320853280456e-08,4.221338419954431e-09,6.902534490806562e-10,-2.6546118525461603e-09,-6.37029306864094e-10,-2.524916884777484e-05,0.0002149989198559,-8.919461584361571e-05,-4.866848075208371e-09,3.648922247819774e-09,1.1619633894275112e-09,1.741178224862091e-09,7.763053509737951e-10,7.722946932434297e-07,-2.1991172173469463e-06,5.065023089773718e-06,1.5505919026536233e-05,-2.819392571779445e-09,-3.35214518316742e-09,-7.17275136855056e-10,1.6538613946503464e-10,-5.933027242270264e-11,7.996020744428667e-06,-6.90655751265762e-05,-9.94668774299507e-07,3.733110056378069e-05,-0.0001652043048683,-3.0153216473340336e-08,-9.094922051475082e-09,-4.651171191542329e-10,6.415013234408263e-09,2.410208305163162e-09,4.094481603669733e-05,-0.0003245381040457,8.156244635514452e-06,0.0001068239997164,0.0007402499641475,0.0001236116350361,-1.012534832107383e-07,4.173717825694761e-08,1.0517811413347427e-08,1.0261269051632241e-08,-6.659612842109893e-09,1.217433656939426e-05,-8.493366810694175e-05,3.3518093450729454e-06,3.5188139326014256e-05,0.0003360442632432,0.0004630119589057,0.0002280164435983,-9.037871784415069e-08,4.52064581287904e-08,1.1565015474874513e-08,5.690744357418573e-09,-6.5430486417754855e-09,-3.26608743407214e-05,0.0002792077431179,-9.93390881906923e-07,-9.143834187965298e-05,-0.0004245721407746,2.1654380589266743e-05,0.0004758762333542,-5.9330841891945775e-05,6.265560028315417e-09,2.157958082173207e-09,-2.249191170069533e-09,-4.846695397486302e-09,7.801596401595082e-09,-2.423974780135893e-05,0.0002070476952543,-5.240196577695185e-07,-6.760549534117715e-05,-0.0003208084871044,-0.0001381043409931,0.0002231008992825,0.0027759583959813,4.5,10,0.1859667437211877,136.12304068130743,0.242,-1,False,ecliptic_BarycentricTrue_J2000,ecliptic_BarycentricTrue_J2000
1049448.4867812032,10,0.98,10.42936397143814,0.1097690701708255,0.8813184216475418,2.1962812335504625,2.1439708884148785,0.6219788565678687,2.1447726003384657,0.6294122224044021,0.2414938971614668,3.14512931415366,2.029406520946462,2.2350976461727578e-05,-5.359994040116073e-10,1.159697777249264e-09,-2.223508459396643e-11,3.405488819732306e-13,1.1549885988224795e-11,6.771941525428439e-12,6.402860454334497e-13,2.033243445108743e-14,1.1577093781981923e-11,-9.963292567524667e-11,4.3272547584222924e-14,-1.2913497505567751e-16,4.630372075772841e-16,1.2449608045905502e-13,-1.6610724583351908e-10,3.4435874348701884e-14,9.70128729263403e-16,1.250865676823687e-16,8.014459075832772e-15,1.204324997499081e-13,1.197459015817133e-07,3.4589879344171643e-11,-4.026366231480079e-12,1.960594035570893e-12,3.5486136494557215e-12,2.1517724845758467e-12,3.3461214671927776e-06,-9.60212188344772e-07,4.543902653685156e-11,1.3030024265148422e-11,2.657092496460415e-12,2.6902259582145944e-11,-6.521991927593438e-13,-9.948287950579493e-08,1.5184262034435016e-06,-2.176002059504229e-06,1.0339664657325756e-10,2.6436890313957696e-12,-1.1936992948150745e-12,4.643764241734607e-11,2.089628742651385e-11,-1.5787573861803817e-08,1.851218957262684e-07,5.557028545866936e-07,8.761489530934827e-07,-1.741403330911089e-10,-4.157338816702893e-12,-6.950085912193423e-12,-5.066631590309954e-11,-7.938069359147599e-12,-6.315912228194481e-06,-1.542220018534604e-06,-2.05240494038272e-07,2.8021790406629936e-05,-2.0230330404486195e-06,2.5814866414816675e-10,-5.39772469663871e-12,4.120164828113127e-12,5.680875503422645e-12,-7.336588826564421e-13,-9.388332817470464e-07,1.475938539969165e-07,4.738136174168428e-07,-7.324485526845626e-08,5.6816250907488e-05,5.059237403958204e-06,-2.694156044220313e-10,7.300167780101292e-13,3.5828868538064345e-12,-3.847684063638133e-11,3.497651017038168e-12,-2.858849250493696e-07,-9.333667732625428e-07,-8.740635930222646e-07,1.7450872115535414e-06,9.543366280107756e-06,6.944053211857998e-06,4.279450495477697e-06,-1.5217175254335652e-10,5.010704532379536e-11,5.599909833408504e-12,-2.336386668299881e-10,-6.651030037584469e-11,1.3437963006147773e-07,-9.142302659932216e-07,-7.91361048655956e-07,3.690415552739166e-06,-4.645469857409945e-05,-9.088770075505413e-06,9.824848208966592e-05,1.7482226344659393e-06,-3.347770661871895e-09,-1.2023815671501954e-09,6.269660385793436e-12,1.424992122587173e-10,2.681935919060881e-11,-9.800182243091052e-08,1.4016168191687097e-06,3.061356165575539e-07,-1.3941341203849092e-06,9.774014912157529e-08,-5.704642253317896e-06,-6.019316142619477e-06,0.0002377434011761,4.5,10,4.2135424461558975,309.3830615536255,0.27,-1,False,ecliptic_BarycentricTrue_J2000,ecliptic_BarycentricTrue_J2000
427414.81186544726,10,0.98,10.63803358432376,0.1629525723230122,-0.1620265717594307,1.8657836325288386,0.6744743926559739,2.4428461992588884,2.519981518072694,3.503202282991092,6.195522644610217,3.0780615980928028,0.6477203922685478,0.5394470191550503,-5.465918955043534e-07,2.672185959460346e-07,8.275909098483496e-07,-3.4161201609199566e-10,2.615539932317259e-09,3.149326032668394e-07,2.709748847765778e-09,1.0266501669612902e-11,1.977355600818833e-09,-3.022671045672678e-07,1.0059613589132778e-09,-1.0989837119019988e-10,3.3576813591614086e-11,4.3321112978931886e-11,-1.6131098585743428e-06,-1.114030908843334e-09,9.633735905893496e-11,-6.294626479811039e-11,-5.3124957386780186e-11,2.2088537899497247e-10,0.0162095836002456,-4.6988850843092414e-08,1.3192971251733274e-08,-4.403515279762055e-08,-3.861372980988825e-08,-6.06666322187323e-09,0.0090034299256322,0.0204768159555257,1.282933859688715e-07,4.9174701934027495e-08,5.0303968177655137e-08,-5.89883949672947e-10,2.6211394299298264e-08,0.0005295794445106,0.0012136957355916,0.0165245826035185,-8.787669723601097e-08,2.2139577441132442e-08,-6.766796379770911e-08,-4.9680712319292174e-08,-1.5983740650116894e-08,0.0006246718188948,0.0004144493361742,0.0007216080154155,-0.0117668200242418,-9.347367852087045e-08,9.003914792375926e-09,-6.409720976689e-08,-1.5438561824067666e-08,-3.351170056961122e-08,-0.000758944729479,-0.000907281548623,-9.854439170755784e-05,0.0027594415068923,-0.0100843946755708,-6.47136696892949e-08,1.1303389185883444e-08,-3.669513316594616e-08,-5.130055967472592e-09,-2.6039308969103515e-08,-0.0008055014904528,-0.000683953031467,-0.0001483066066698,0.0022291938283783,0.0035691974912237,0.0719230434467378,1.0974414723746191e-06,5.044501349748634e-07,5.965100968820081e-07,2.4910532305842226e-07,-5.751214225486429e-07,0.0008900961234793,0.0043720662569238,0.0007843868932724,-0.0022268822380996,0.0003302314843865,0.0267365175885599,0.0952002316273031,5.88159615092414e-07,3.014733119302704e-07,5.530219641744596e-07,1.9946096066529414e-07,-4.80474111980441e-07,0.0021165729091156,0.0054304926086608,0.0015328964061708,-0.0041537390626585,-0.0030798588656462,0.0235374939707181,0.0274526860776936,0.0485518875959827,-5.814218237942294e-06,8.977139173379891e-07,-1.307285545785446e-07,-2.616522185994038e-07,1.217345496566469e-06,0.0013539702203755,0.0037156191738722,0.0009083990620357,-0.002931036206612,-0.0021951791712742,0.0096038566666399,0.013019982197127,0.0327957989022418,4.5,10,0.3993085424819103,24.07390432731716,0.235,-1,False,ecliptic_BarycentricTrue_J2000,ecliptic_BarycentricTrue_J2000
558046.707921869,10,0.98,13.653022607384838,0.0722457004469697,-0.0988180603358614,1.9769710341795306,3.0211782209755413,3.864480989565579,0.5351881469605292,3.094426861384975,2.47417981221164,3.546141230739988,0.1322522655802883,0.0059770221034195,1.1362041156400985e-07,2.702799699473624e-07,-1.917752662311919e-07,4.804025411539518e-11,3.044125192472515e-09,2.3905155737079443e-09,-8.913594805579384e-10,-5.788367884967028e-13,2.6847454113444922e-09,1.6028995398315377e-07,1.4044855177496248e-11,-2.7668792012176044e-11,9.747466995173293e-14,4.127599136015997e-11,3.5644020575787684e-08,-3.972474358189199e-12,-1.0057078191087879e-10,-1.218105680977862e-13,3.3315198675933576e-12,3.2719905242204824e-11,-0.0002206276707996,-6.8919823382045475e-09,-1.3729786401503323e-09,1.1791830752802374e-10,1.6325507710309496e-08,-4.871235923320082e-09,0.0451271229404571,-0.0006374477536868,-3.1171355661735536e-08,2.4964014238486632e-08,5.714335792998921e-10,2.96356643800428e-08,-1.5951071212235892e-08,0.0001158482022378,0.0002806060465326,-0.0002609186516095,-6.740586025566684e-09,2.2243372386787784e-08,-2.6440556533680273e-10,-4.908677060843713e-09,-7.380438038304755e-09,8.15728599985875e-06,5.214509152674676e-05,5.528227832653412e-05,0.000724649850177,3.5279917046264965e-08,-2.6729662322569932e-08,-4.5075707385529277e-10,-2.1510665233743e-08,1.6517460310508778e-08,-0.0006123659910871,-0.0002821529473732,-5.242527050248817e-05,0.0047364476577772,-0.0001482221761307,-5.903423286546642e-09,9.714101971288076e-09,8.067406744490167e-11,5.911227800240685e-10,-4.05968922820477e-09,-6.806190513840368e-06,5.216272322709851e-05,1.774491456976767e-05,-0.0003879313694616,0.0023258384764565,0.0010344137017273,-7.497468508067985e-08,1.4557997065844906e-07,2.904392220702317e-09,3.1097747133479456e-08,-1.4431155980993486e-08,4.728713502712246e-05,-3.479048778435089e-05,-7.794148575819906e-05,0.0001330380575382,-0.0018793446749865,0.0067550743600788,0.0012843731869044,-6.800997069734476e-08,-6.09733701763737e-08,3.312997073002525e-09,1.6976849830481032e-08,8.764646989809956e-09,-7.170341058616001e-06,-9.12284164969814e-05,-0.0001266926717038,0.0001028822504763,-1.8271880180005352e-05,0.0011557363164999,0.0010962491617386,-0.0001768275739129,-5.951436813426988e-07,2.3503854705001805e-07,1.1882494505643268e-08,1.337426189899327e-07,8.4142408005651e-09,0.0001060428138898,0.0003043790569793,0.0001391289704127,-0.0002916880594952,5.865592857588825e-05,-0.0012162965550094,-0.0014392572877543,0.1218721701656899,4.5,10,2.4453346755004546,20.321967271370223,0.21,-1,False,ecliptic_BarycentricTrue_J2000,ecliptic_BarycentricTrue_J2000
553988.8469087537,10,0.98,15.20607736781608,0.1050205694879337,-0.25014604193849,0.6204077419555454,0.8870628280963433,4.30408966096329,1.1457566397444263,3.168479168112018,4.1604244119560585,2.344236013336493,0.2353336038828463,0.0004140847962471,2.356055045735828e-09,3.3231145049185646e-08,-6.354896139921834e-08,6.247732413868421e-12,3.5170688550365724e-10,-1.727480052002071e-11,-3.4844431512866887e-11,1.458084681514323e-14,3.3190554839161965e-10,-2.622465393810366e-09,1.835647191310431e-12,9.06800153330394e-14,-6.493394811709883e-15,3.5430315013083232e-12,1.607631719740599e-09,-1.0669779230561541e-13,2.514664102745328e-12,7.93904010737181e-15,-1.799865554565172e-13,3.392144674617853e-12,-1.0401233963367856e-05,-1.211271733276157e-09,3.474560430220852e-09,1.9505508738716878e-12,-4.976881583839734e-10,-1.2106064399002387e-10,0.0006662759214216,-3.780297119893939e-05,-4.227275862562663e-09,1.2767181252361096e-08,3.905058068275151e-12,-1.9303338342304616e-09,-1.6893275234293548e-10,9.463449993841268e-05,0.0003304390812469,1.66651657062106e-05,2.700158714354293e-09,-1.423801987297141e-09,-3.767757510363138e-11,3.2951099096971045e-10,-9.179780966949347e-11,8.160864090757508e-07,2.306648778812773e-06,7.12031230844058e-06,-1.8669604730674702e-05,-2.201136715917432e-09,4.811850579389745e-09,2.8384503782747867e-12,-9.016737201581008e-10,-3.3223084362759624e-11,7.313708303133798e-06,0.0001585661174597,7.914842140194582e-07,0.0001841275089136,2.996153137072526e-05,3.970350139585322e-09,-9.978789827852669e-09,-2.906229568817855e-11,1.454025609562242e-09,-2.3703426308155256e-10,0.0001485980519815,-0.0001301437903434,5.249126011078307e-06,-0.0001359560073482,0.0005380669623464,-2.709060240583508e-06,-2.792391466805884e-09,1.3127162035850596e-08,1.2114825513031752e-10,4.274486372889835e-09,2.4230511503157007e-11,2.069446464401472e-05,0.0003229853964092,3.103509058962933e-06,0.0002623064579318,-0.0002905348334379,0.0010906766720271,1.7449262832165295e-05,-2.622885576327772e-09,-1.7218510993082067e-08,1.4193898269935678e-10,2.71255437470039e-09,7.93526807497137e-10,1.713228349163422e-06,6.952103040802995e-06,-2.612365236658797e-06,3.1505126400295444e-06,-5.364382831532375e-06,0.0001790798866524,9.81602745407968e-05,9.305607224587428e-05,-2.475551332946353e-09,5.534165918378053e-08,1.890203257135309e-09,-7.775035034885523e-09,5.633559759430901e-09,-4.965352859704727e-06,-1.970492415389755e-05,1.1388427851371506e-05,-1.057777262949847e-05,1.760775988198149e-05,-0.0001648890691329,-0.00015416012543,0.0065680225732211,4.5,10,3.684802904706967,57.7745167044806,0.195,-1,False,ecliptic_BarycentricTrue_J2000,ecliptic_BarycentricTrue_J2000
591347.1736395388,10,0.98,12.725088752825284,0.179762257203511,0.4992325727912279,3.662882813665687,0.20919127362160908,6.031403261507912,2.067968080447509,2.0337354898504016,1.2055877193212357,4.387266308042287,0.8248889215358541,0.0007147631593409,-6.5133108024942944e-09,6.41795845353521e-08,1.7673328787168015e-09,3.688358399061353e-11,6.43436236421695e-10,2.0478082488012188e-10,4.825163413513175e-11,2.4335693549005497e-11,6.419054300235451e-10,-1.6250659361252711e-09,-1.301820621995819e-12,1.937771520116291e-12,5.799194320460723e-14,6.458642538287024e-12,1.5617694172039912e-09,4.321106163069929e-13,5.340450434466836e-13,2.086013260899071e-14,2.33477369123266e-13,6.507337606675373e-12,-1.988636536596251e-07,2.783472626403752e-09,-4.5774197683197125e-10,-2.2827314128662607e-10,1.9609170927500683e-11,-3.430255599731259e-11,0.0035889723436644,-1.3314037559564612e-06,-4.609827094160413e-09,6.552592287519405e-10,6.8295306957384e-11,-2.2497167614841247e-10,5.372139336254326e-11,-3.5403623477442365e-06,8.012075489543883e-06,2.2976518827100645e-06,-3.709162336522507e-09,3.27885316501611e-10,1.0093867303325174e-10,-9.752826853056088e-11,-2.5265261092105865e-11,-6.230445547468672e-06,6.762495124328477e-07,2.079909736917924e-05,-1.4869226082735694e-06,6.143782727727177e-09,-1.1253401681278902e-09,2.832229186727589e-11,1.2909304804598999e-09,1.2124436835841627e-10,-2.116359170173341e-05,-3.34520155593032e-06,5.622411082864303e-06,0.0004246869969784,3.046301606308575e-06,6.425622744219582e-09,-1.3225646667634207e-09,2.184965718073717e-11,1.135081750361348e-09,7.877506762824369e-11,-2.765530932763669e-05,-6.256650965969018e-06,5.869515856724154e-06,0.0002671123611858,0.0004500568714752,0.0001451046257089,-2.61487339038982e-08,-1.783159145574566e-09,3.700218473727788e-10,-1.7583622388092702e-09,7.091165513861139e-10,-3.083427255115553e-05,1.9284829971010315e-05,2.180652972431652e-05,9.14004482203905e-05,0.0002644695409773,0.0009424488923032,0.0001212090878509,-3.15649414243544e-08,6.4004695359002815e-09,6.161550479311136e-10,-4.862954039467433e-11,9.97228729128029e-10,-2.1880587520032056e-05,3.42058536046638e-05,2.4642352466290315e-05,-4.976089443445012e-06,-1.159184193004918e-05,8.606684332683478e-05,0.0004275703297637,4.9571484267601534e-05,-7.111589289088071e-08,-3.771384795803217e-08,-2.7310295801505193e-10,1.416529116741319e-09,1.926259967651768e-08,2.101780007184448e-05,-2.763639791900157e-05,-3.178635167339822e-05,-4.374933441337634e-06,2.00296375313521e-06,-0.000376371114617,-0.000392462704117,0.0068031160518938,4.5,10,2.7507758700769367,41.57335651533892,0.235,-1,False,ecliptic_BarycentricTrue_J2000,ecliptic_BarycentricTrue_J2000
486138.80809539655,10,0.982,10.333216955225383,0.0720767659097795,-0.5600435130767947,0.6703680169854256,0.3410661289716911,5.2016496095188085,2.508606158928425,0.2986336122902664,1.578981279404733,6.016515688087143,1.305602518447303,0.0070652781901445,-4.617312822786812e-07,7.993241362315898e-09,5.032935089920204e-08,-2.9944546943721116e-11,7.817326021466779e-11,3.9338491011468666e-08,-5.4667252218936265e-11,3.698210437246782e-12,6.583508327308617e-11,-1.6704212058409605e-08,-1.2646749174045125e-11,4.318864164495557e-12,2.0708441820552315e-12,5.899235675429663e-12,-1.5714694893049032e-08,-2.078769445306233e-12,8.14596087040933e-14,-4.807588776361572e-13,-4.204201067717107e-13,2.0522711909174203e-12,2.0442771945814578e-05,2.768880197381004e-11,-5.1852767677987566e-11,-1.0362105594996826e-11,1.3758527001904246e-10,3.0700221561937084e-11,2.5731992032032205e-06,0.0003442524968626,7.575949456808199e-10,-8.197549563324021e-10,-2.107552045883717e-11,1.4216534750121823e-09,4.779631827035379e-10,1.570260902769357e-06,2.48945687696258e-05,0.0002247843322942,6.857620463128763e-09,9.836177232522428e-11,5.976274596544143e-10,-8.024414516591719e-09,2.6313350402681136e-10,-6.531687384719508e-08,2.8329894768874065e-06,3.469055039756363e-05,4.281087138221957e-05,-2.0027351894712806e-09,4.890742056318665e-10,-9.753473501184232e-11,2.288159389552177e-09,2.1975576177298542e-10,6.518532192226344e-07,6.238414688456675e-06,-8.847080185876819e-06,3.067913658527059e-05,-0.0003028149052567,6.911646019447502e-09,5.358730496446162e-09,7.86166867310105e-10,-5.53599586352647e-09,-7.304199717722127e-10,-2.132207242660776e-06,-3.073306879648552e-05,1.979209654142514e-05,-4.399643109786285e-05,0.0001860949357239,0.0012609824029961,-1.5365072603508637e-07,5.078201362594665e-08,2.159221496912632e-08,-2.319168432929508e-08,-3.692315399531831e-09,-9.73509333937172e-07,3.202406858350266e-06,0.0001713154151284,-6.10459288416626e-05,0.0002267450897159,0.0012722902771498,0.001711925436216,-1.5747158492599325e-07,3.480094379858073e-08,2.005105404777528e-08,-1.9745160348459723e-08,-1.6654697667298827e-09,1.534248154753148e-06,4.290750491522944e-05,0.0001657363662903,-3.3007563763175904e-05,5.866487554041035e-05,0.0009851714602441,0.0009618122615433,0.0012250673039133,2.898557848182183e-08,-1.6000698142251883e-09,-3.905651392399813e-09,-5.400671128289384e-08,2.837126615730221e-09,2.880004916919853e-07,2.3142162598174023e-05,0.0001744002737978,-3.982769603576732e-05,8.164589705199286e-05,0.0007762644340661,0.0007614052289389,0.0037241797627224,4.5,10,0.2765457258838781,132.27776087512888,0.235,-1,False,ecliptic_BarycentricTrue_J2000,ecliptic_BarycentricTrue_J2000
427242.86380870367,10,0.98,15.17277425108114,0.1113615195299511,0.7665598857551974,3.1959934962098973,2.5366593874633137,6.1657323017635735,2.2094131544379034,0.6379383278847877,2.992986261966128,2.39543048161258,3.5878252163895947,0.001986666613969,2.4404069326983054e-08,2.119125300711373e-07,-3.8526937883553656e-09,2.9076318436286487e-10,2.104354336385757e-09,5.843026554193016e-11,-6.080061687654362e-10,1.11591899944883e-11,2.0918670864168072e-09,-1.500258557042181e-08,1.9156833777189657e-11,-8.38453584190228e-13,-6.258857883844282e-14,2.2202651821478246e-11,-1.0472632454624529e-08,1.2133726223498893e-11,-1.3097114872647018e-12,5.154412192500329e-14,4.688356570017326e-12,2.272082187424201e-11,2.924140890095773e-05,-5.557802466135598e-10,-3.005635897877306e-09,1.3342512940851175e-10,-2.52882745071398e-09,-4.4008711811076096e-10,0.0381099933475924,3.83121272248444e-05,-1.6423201823452396e-08,1.5495190504997912e-09,7.349314422943112e-11,-2.4186803892902472e-09,6.327271289906792e-10,1.8813664979953803e-05,2.2799392151648627e-05,-3.409746193669854e-05,4.79790132737525e-08,-3.6844012831955035e-09,4.4736893792061726e-10,5.315925471003312e-09,2.9066743088699234e-09,-2.3003984321142904e-05,-2.411156092736551e-05,0.0001214379573107,-1.5259032007887508e-05,7.619548186832087e-09,-4.0826440899965565e-09,-3.292681274135878e-10,1.0303147310004884e-10,-1.371638042022487e-09,0.0035476151496366,-6.33684143977923e-06,-1.716055242472486e-05,0.0028789221809235,-3.589320970740651e-05,2.4721935503425066e-08,-3.770263782613444e-09,1.8398130014589199e-10,4.370693843048913e-09,1.4628892313829767e-09,-0.0014666650119492,-1.995963231855002e-05,4.643050408836106e-05,0.0003265217454854,0.004545102570844,7.003308591998582e-05,-1.741580954689889e-07,2.2130598951792264e-08,3.813829534343154e-09,-2.728543767621398e-09,5.162087377447294e-09,-0.0006022727948368,6.847271514410618e-05,-2.7166742672257084e-05,0.0008423822703815,0.0042513169969355,0.0050922482979695,0.0001291707449098,-1.65251423861026e-07,9.148182039653542e-09,2.7880802300711604e-09,-4.802297727198685e-09,9.316476658046088e-09,0.0001251322877614,9.896480629108316e-05,-7.176873325645163e-05,0.0007782884810473,0.0023425601775795,0.0023424485992939,0.0067101447528025,0.0003965827785627,-9.454484170588712e-07,-1.2371083917487417e-07,1.892804330783618e-08,2.2536734030863303e-08,7.209861262481487e-08,-4.692292793565289e-05,-5.420795053358058e-05,2.8769296903021376e-05,2.127980400152184e-05,4.3016194492603e-05,-0.0010775328845767,-0.0010897511268282,0.0616312465335285,4.5,10,3.192775394113777,23.019438982994338,0.261,-1,False,ecliptic_BarycentricTrue_J2000,ecliptic_BarycentricTrue_J2000
484826.8729005192,10,0.98,14.607555507018947,0.1389929131381776,0.8453280883799874,1.9014169362227717,1.723676667982466,0.0775966652563382,1.548598478974469,6.099847141702284,1.366381013766944,4.503080127249431,1.1849560580100724,2.3417224843461834e-06,1.513970780070537e-11,2.5023903825685905e-10,1.2763736749215571e-11,7.526233270178146e-14,2.5204020106449986e-12,7.19627361609976e-13,3.120068715736926e-13,2.8130947531760148e-15,2.487355238668495e-12,3.580380859484298e-11,1.5235165055366167e-14,8.268946839460876e-15,5.426163721593775e-17,2.5786439691179365e-14,1.2505978869775366e-11,6.770497937047108e-16,-8.237602010261485e-16,5.617726676189589e-17,-2.476772966817899e-15,2.538396216357364e-14,-1.1216462707131592e-09,-2.501517894577976e-12,1.2331793986470348e-13,9.031979131567793e-14,-2.476643306251813e-14,-2.255586541266062e-14,1.0164944113164929e-07,8.237759291315481e-08,-1.3708309773732867e-11,4.953041935697054e-13,3.376281075238359e-13,-3.628157659063413e-13,2.3709235127473134e-12,-8.811662387320703e-10,7.274723132547241e-08,1.2108722499926227e-08,2.506758624476008e-12,4.8136651701855625e-12,2.664147768270287e-13,-1.4529569863111625e-12,4.0380209043108244e-13,-9.294195851757274e-11,1.6262726418211e-09,3.967697654096449e-08,-8.08682923553864e-08,4.2121847401498165e-11,-1.6002387792803026e-12,-1.900133080674493e-12,1.121113629143277e-12,-2.33345255190853e-12,-2.910538294480573e-07,-7.262413056428706e-08,-3.5977930390469603e-09,7.97271434618554e-06,9.043014773502336e-09,-2.5519210392547367e-11,7.553286597566895e-12,1.3324943478595799e-12,-1.7052962699009942e-14,8.332084440315427e-13,1.115358919843438e-07,-7.78038003203302e-10,3.5147782755690577e-08,5.54854134373304e-06,2.3666194744825064e-05,2.1398933234164133e-07,-4.964834048345858e-11,8.905224830529473e-12,1.7380725954895238e-12,1.7199444840834884e-12,5.649292160186977e-12,-7.294147070272553e-09,1.332153192998393e-07,5.377671435805425e-08,-1.8638373793793336e-06,-5.4991044595002456e-06,2.2569326461396194e-06,2.0186676586243241e-07,-3.708687644651107e-11,2.6999474524796223e-11,2.5494932128671718e-12,6.845877742308438e-13,1.040999301444774e-11,-2.663668680263588e-08,1.3500234696117698e-07,6.45667679178113e-08,-1.714448033206377e-05,-5.261342442333473e-05,1.249988028845076e-05,0.0001588611545673,4.496952210148267e-07,-5.42961239189939e-10,-1.5899211027714077e-10,6.747770485698366e-12,4.302255735420576e-12,3.503172150114358e-11,1.1973318619884066e-09,-8.519880748958337e-08,-7.189514780789268e-08,8.560070597595074e-08,-6.659227575283421e-08,-1.292090825523513e-06,-1.2512639496238823e-06,4.240770760495053e-05,4.5,10,3.593775864344464,667.3384720182261,0.254,-1,False,ecliptic_BarycentricTrue_J2000,ecliptic_BarycentricTrue_J2000
383519.5208880586,10,0.98,14.89799959032768,0.0962868507198634,-0.0950613224766112,1.0980339978622062,1.5051620847599387,5.676266803368039,1.7558427516246982,5.836844895741997,3.111376445246493,3.0409595688757745,1.8957167112186537,0.0042203086793882,-7.489863807737389e-07,2.0743264712674762e-07,-9.201409491101648e-08,6.130932843478458e-11,2.168297022807002e-09,1.915098470579576e-08,-8.084266665368103e-10,-1.7634116956259637e-12,2.056695641915407e-09,-2.022939379038548e-07,8.734348463086009e-11,1.948327777816744e-11,-1.4720224454910306e-12,3.2002778286080577e-11,1.304239383944539e-07,-2.7799366083825087e-11,-1.0330249272667036e-11,2.8575818540586773e-13,-9.989044684301928e-12,3.037628810696551e-11,0.0001257820071447,-5.556452914704468e-08,-2.3727430463111733e-08,1.727617555946571e-09,-8.562435166744053e-09,2.417611726122803e-09,0.0219056799881788,-0.0001542080468781,2.141881188033469e-08,5.527323625949351e-09,-6.190961928479803e-10,1.0639844509543106e-08,-3.778404495558063e-09,2.2504401772315835e-06,4.139991022900193e-05,-0.0003134459604005,1.0867863734011698e-07,1.3943571993309032e-08,-3.2788764071016647e-09,2.3040498954696264e-08,-6.8387781733850226e-09,-3.570146000496985e-05,2.4835507314180284e-05,7.089415642156871e-05,0.0001479977329402,-5.1761689204549583e-08,2.6820462415488454e-08,1.741019492139823e-09,-1.2406164613557649e-08,3.464594689885024e-09,-0.0007288281056709,-9.029605881652417e-06,-3.0292730312148576e-05,0.0017281573344876,-0.000212647202512,7.516260019256009e-08,-3.397446228381207e-08,-2.449139077736676e-09,1.7709332489883242e-08,-4.6322842766450494e-09,0.0009066741217765,1.1995346659279684e-05,4.208677957409575e-05,-0.0015827022946333,0.0024321141909737,0.0012662957702869,-4.198517072467978e-07,-2.4575785876943934e-07,1.4053985839715176e-08,-7.657800908926817e-08,-1.911399655887969e-08,0.0002658995467233,-2.0846610940461788e-05,-0.0001723136578079,-9.617438936470464e-05,0.0003924966145056,0.0044708990823869,0.001080083501776,-3.9253711359313403e-07,-4.250155031567652e-08,1.2844629894999661e-08,-5.82788826018503e-08,-1.050062862409232e-08,0.0001036934008878,2.7724384661235665e-05,-0.0001430058648544,6.506812110521224e-05,-0.0001041488514878,0.0013233985199559,0.0011366529937271,0.0008774421378983,-2.430935506248329e-07,-9.403487165317349e-09,6.661286119494284e-09,-2.6790295377302884e-08,2.3061586586676169e-07,-7.525618948451814e-05,-4.962179383934791e-05,8.39917764803483e-05,-4.794721788158685e-05,6.314356996912329e-05,-0.0013856250454246,-0.0013054258043229,0.0741153647036228,4.5,10,1.7315212186812006,23.22689443671166,0.23,-1,False,ecliptic_BarycentricTrue_J2000,ecliptic_BarycentricTrue_J2000
1025397.1842153774,10,0.98,10.152188191535156,0.1070902788650081,0.4650130401965318,1.6507039253688145,0.5729087475663246,1.526464953876774,1.4026742937851302,2.957683693485264,5.447941925999787,0.8147787378154157,0.7407783681198923,0.0041944657576163,-4.4930769157902164e-08,1.0492610891043629e-07,1.1806970051199826e-08,8.858039641034033e-11,1.0468282335866863e-09,3.8110494467967003e-10,2.8040164759104984e-12,-5.010723436917815e-12,1.047250925698933e-09,3.834732282295789e-08,2.85364369162298e-12,-3.5119493282914465e-13,-1.4733084284625424e-14,1.3113854152745468e-11,1.2691348403233344e-08,9.386862831419872e-13,-6.71062823602513e-13,-6.453465743893477e-15,1.4120917513318976e-12,1.0666639667689976e-11,5.669351182611025e-06,-3.0282577698384837e-09,3.894286783117837e-11,-2.6231590522032404e-10,2.669295182466314e-09,6.172072983466776e-10,0.0094178461468494,-0.000242462019986,-1.1797300121013503e-10,-4.6317553937636096e-10,-5.993707012105104e-12,-1.901523604512199e-09,-3.881270280898423e-10,1.9740452056719936e-05,4.541900423297426e-05,0.000362662367799,-4.5628880835169415e-09,1.3200273222514902e-09,1.9855391081409528e-11,1.2840575270500345e-08,2.473608594554155e-09,1.6676303813752453e-05,-1.4129307758494063e-05,7.27144186496188e-05,0.0002366161791508,-1.3371658310022138e-09,5.527975138160629e-10,-3.355625695029501e-11,4.125555444511843e-09,5.413936058116983e-10,-0.0004552348387808,-4.4312848629643214e-05,2.1238939844623048e-05,0.000946377970127,0.0002379472079977,-3.901641183386252e-09,1.8826938317931422e-10,6.493831832253564e-11,8.060408011074453e-09,2.117321285246285e-09,-0.0001526895246779,-1.0535586044654631e-05,4.69898543841121e-05,0.0001691803772959,0.0006013235284758,0.001694667038448,-3.0947840903344944e-08,6.017013426911488e-09,3.0802946203255285e-10,2.4579030916991768e-08,6.245112797877345e-09,8.252915367682353e-05,-4.965862811641999e-05,0.0002117999424792,-9.56326291810446e-05,0.0003709078012968,0.0014757443410022,0.0017599425996248,-2.0940053234025692e-08,4.167518593546233e-09,1.9478456328637443e-10,4.670467159196482e-08,9.151915294378184e-09,3.903261117310286e-05,-7.648361256422026e-05,0.0002172710883359,4.867061300590288e-05,0.0002265022834866,0.0008087819488369,0.001538011692408,-0.001211069809419,-1.4989029533508974e-07,1.150811008987521e-07,-4.602916214079597e-10,-3.4209474793197145e-08,1.9632539730933013e-08,-1.404681199773024e-05,9.581485065746794e-05,-0.0001788242209706,-0.0001017889074829,-0.0001186480979134,-0.0010069293312269,-0.001083191288353,0.0230812600938407,4.5,10,3.074725336841341,32.52366078797578,0.203,-1,False,ecliptic_BarycentricTrue_J2000,ecliptic_BarycentricTrue_J2000
482694.63386527874,10,0.98,15.453064889653977,0.1565300613841269,0.7508372030973063,1.1023015217550474,2.8639760490402866,4.8621079807534135,0.8901407187888987,6.195426513502465,0.136117514002364,1.2831305658036638,2.7250936810185364,4.609296993735053e-06,4.0203937065279316e-11,3.8470644371357816e-10,-1.4008372953097153e-12,1.631071012365599e-13,3.855158260813939e-12,-1.6396854829166252e-12,1.2564097001751445e-13,-2.7851182640155883e-14,3.849970177423305e-12,1.934201541901978e-11,-3.4155668870996554e-14,-3.273233324732018e-15,-3.5754059836359954e-16,3.8772281337883446e-14,-1.2607276827673483e-11,-6.622105171261239e-16,1.0979568481064701e-15,2.072266010168479e-17,1.5210216700274152e-15,3.9676204315513625e-14,1.383304462862492e-09,-1.491818454143493e-12,1.7104534484651802e-13,3.5772740192787584e-14,-1.78504662271498e-13,-4.0943151828112536e-14,1.142975719384711e-07,2.423925720864336e-08,4.497676644150258e-13,-6.891914015560565e-13,-3.246703062555399e-13,8.647094659377798e-13,-5.479629990553081e-13,1.4386871818073983e-09,7.072583933741877e-08,-7.539220315390456e-08,-2.7971187116409068e-11,1.889969499002056e-12,-3.560743664222189e-13,1.5078673393878717e-12,8.879988447362485e-13,-1.5941964425874083e-09,-1.890697665317348e-08,6.586506625344168e-08,-2.3868156810402083e-08,-6.874963847797998e-12,-3.017282890647132e-12,-1.8290996992567009e-13,9.280130807736978e-13,1.249291179008731e-13,-7.52023516829586e-08,-1.6960512884193717e-08,2.9678448022670744e-08,1.652017463973314e-06,-7.34204362597741e-08,1.779237055202333e-11,-5.576128943483377e-12,-8.795753623587574e-13,5.029827075673736e-12,1.8135306034143122e-12,-1.6556032239646876e-07,-6.239697118984233e-08,6.761993600616436e-08,9.444599744031196e-07,4.233465384593604e-06,2.041414903947849e-07,-1.2540664864798516e-10,1.1581508964934892e-11,3.948083032702203e-13,-2.223442930356879e-12,1.3701890288871179e-11,1.0509405321686348e-07,3.1151655174291704e-07,-1.1400677839280128e-07,1.0368734350170885e-08,-3.299217962173941e-06,5.930326146715977e-06,1.4675563332377772e-07,-9.827420762284372e-11,-1.2236922600942194e-13,-4.544764726957235e-13,8.825107608449277e-12,9.023746667222976e-12,8.132303438579595e-09,2.230537617868245e-07,-8.054954231022662e-08,6.666891804701375e-08,-4.117689504609261e-07,6.189850790647045e-07,3.916811125584542e-06,8.582589999431886e-07,-1.4640752639114879e-09,-9.586611977200448e-11,4.4619749624965926e-12,3.570545861485206e-12,5.904011688545047e-11,-5.532960910204763e-09,-1.9839403487883217e-07,7.589030966307586e-08,5.6825692742832896e-08,2.230939925273538e-07,-2.519121079456395e-06,-2.202442330633344e-06,5.336042449642636e-05,4.5,10,4.385425546217434,536.3839644445267,0.244,-1,False,ecliptic_BarycentricTrue_J2000,ecliptic_BarycentricTrue_J2000
328962.7815952678,10,0.98,14.007845886285464,0.0716597802983324,-0.2381835259993787,2.985307196814917,0.35056690002205176,4.760541882865894,2.3862621462079474,2.137116388218184,5.705027342799203,1.7097210958912517,4.5761240883862255,0.006551460295695,3.010878557976262e-07,2.074303425493104e-07,9.540616855409469e-09,4.718996770943287e-10,2.351400340271456e-09,2.247897668922587e-09,6.122888985209682e-10,4.575827533679276e-12,2.0431353080378056e-09,1.2707522969991518e-07,1.04820404903188e-10,8.361819175946298e-12,1.945576707603051e-13,3.42052184494323e-11,-1.1523163045417245e-07,1.1808416412925286e-11,-5.062862319201162e-11,-6.586565471878513e-13,-1.3207584159683994e-12,3.185784618564396e-11,-5.546163183236203e-05,1.2105331131716046e-07,2.4179438618953065e-08,-3.2198388961852407e-10,5.7360506882028746e-11,6.082679179569683e-09,0.0162114124839367,-5.460312567292929e-05,-2.947293785040857e-07,3.1135223822048965e-08,2.4560850794891204e-09,-2.2249290994054348e-08,-1.6426227928934072e-08,-3.076891045716959e-05,0.0001004982284942,-0.0004375299303948,-6.997938461036425e-08,-9.552818097586561e-09,6.06953561224666e-10,-9.176896945609988e-09,2.510535994858493e-09,3.245696473951785e-06,1.575588521156914e-05,5.209509678534677e-05,-0.0001870745843027,-5.5560563041364033e-08,7.641290406313686e-09,1.9031545494019119e-10,-2.0495000263762383e-09,-1.540154843977664e-10,-0.0007747110393297,1.4939898420377e-05,2.512833285259157e-05,0.000834214303147,-0.0003342465502193,1.829577950661212e-07,-1.1029234830631377e-07,-2.701710010112644e-09,1.9299045275860665e-08,1.9364600494768253e-08,-0.0029535604550092,-9.026874909821524e-05,2.8485896785268084e-05,0.000840905993005,0.0047414427819968,0.0016417544771677,-3.363692187830456e-07,1.775321990881559e-07,7.15483617573409e-09,7.37452721041475e-08,-4.424619523419413e-08,-0.0022947688651012,6.839058497708317e-05,-0.0001222682689985,7.883441454917999e-05,0.0035996187970206,0.0080424028050463,0.0019289964862283,-6.572458223359772e-07,1.361983568661418e-07,1.0009873702671627e-08,5.6991208785751865e-08,-6.064794292342721e-08,-9.752328249239714e-05,0.0001962810662521,-0.0001216432825338,-2.0151637249343423e-05,-0.0003080109123945,0.0018573105524016,0.0017676154502639,-0.0032396956025743,-8.014180539301021e-07,1.98026675082934e-07,5.1020676621219506e-09,-1.738474662033111e-07,6.637537699003676e-08,8.542815897157982e-05,3.383522919527956e-06,0.0002740750522904,0.0001032736296465,0.000190880397638,-0.0019233083403019,-0.0021321575642722,0.1481729712191762,4.5,10,0.8865925112406468,23.29318366872623,0.249,-1,False,ecliptic_BarycentricTrue_J2000,ecliptic_BarycentricTrue_J2000
1080018.4069927118,10,0.98,11.540827619738184,0.1340582824498709,-0.6495425703302178,3.2483226835084853,1.5265259645894695,0.4292618713657522,1.931247803929803,3.4198465680536567,5.257151138306611,0.7465230965620515,4.54368815870254,0.004122359206088,-1.1060517013785546e-06,5.3050545580294e-08,2.652773172640776e-08,-1.2941219603103763e-11,5.46312344356931e-10,4.955945966890084e-09,-1.189501454295673e-11,9.158919199751327e-12,5.29123214010011e-10,-1.0087568902667266e-08,4.072871610423879e-12,-8.172274191922399e-12,-2.724690273684287e-13,9.192520463252918e-12,6.362870611831046e-09,-9.654384743909118e-12,5.608902575054124e-13,1.1842975130732936e-13,-8.511319723954052e-13,6.2995015052829174e-12,8.48548215710014e-06,1.755895408668923e-09,2.102739520573427e-09,1.5428782657977572e-10,-5.471172266474298e-10,-4.5424647101090446e-10,0.0001481846133685,-8.204978261147073e-05,-1.5673729219670128e-08,-1.1944601174876964e-08,-1.070672696659039e-09,1.3246844794658218e-09,3.4202170487732993e-09,-8.774465181138421e-05,0.0006670630684252,-5.7473209841937504e-05,2.3591654308400995e-09,1.0500196124336712e-08,4.4500643951471967e-10,-8.395674187009244e-09,-3.7591464185006894e-10,4.009221543341089e-06,-1.695746902016916e-05,4.2850792698161904e-05,-2.057261316703077e-05,-4.593342025456643e-09,-1.9310343278464164e-09,-5.148568640539277e-10,1.3814178932218603e-09,1.2652090626310506e-09,-3.4565303645491514e-05,0.0002387818741975,-1.1732300173779988e-05,0.0002661129851864,-2.258590659620139e-05,5.748971873381689e-09,1.6802168700226422e-08,6.177338827347126e-10,-8.564439261763513e-09,-1.5381698764778399e-09,4.64508883365721e-05,-0.0002537409890349,4.855712617471796e-05,-0.000144844147598,0.0006687762900236,0.002066729598115,-5.616182605044605e-07,-1.9708132805686684e-08,3.336453843224164e-09,1.5541734295238246e-08,-5.109167733216339e-09,9.610545032960308e-05,-0.0007027539874894,-1.7792226597781342e-05,-0.0003686669595857,0.0004214833408274,0.00374976092736,0.0018521734208249,-5.673110497800229e-07,4.676098241591013e-09,2.5826406600292794e-09,5.971288208924305e-10,2.4563368625636688e-09,3.46974374178067e-06,-3.241326310378207e-05,-2.162448291883081e-05,6.9099311674633e-07,8.187338278316193e-07,0.0016301810314096,0.001163462721327,0.0001198682735131,-6.114054542274015e-08,-3.362083031757444e-08,-4.81770361717984e-10,2.424350839694876e-08,8.011663437088503e-09,-7.908306269918137e-07,-9.43366146614674e-06,-4.815317967735411e-05,2.5514290137922896e-06,-4.233152393690825e-05,-7.697241648105075e-05,-0.0001834998977579,0.0020150151175358,4.5,10,2.4619571682456063,45.799845843275456,0.197,-1,False,ecliptic_BarycentricTrue_J2000,ecliptic_BarycentricTrue_J2000
465887.4318598825,10,0.98,15.03696241779432,0.1260230344409149,0.0776451417086898,0.6519436623428945,0.731852026192887,3.3277359081755047,1.9557046922621728,3.5716747899951646,4.756834231105287,6.074956323456224,0.1561297558689119,0.0010765598397139,1.862513618647096e-07,1.0757503487625521e-07,-4.729413454360991e-08,2.4622750636333397e-11,1.0867847609816735e-09,-3.9497656108109114e-10,-4.9554414058089374e-11,1.4949012319239137e-13,1.0667843363525746e-09,-9.33043509559398e-11,6.105639363446229e-12,2.066015495592618e-12,-1.8923037921841923e-14,1.12261617653671e-11,1.7717523781013122e-08,1.8717097335640908e-11,9.993234628810318e-13,-2.1393134947894107e-14,-2.7049316567321725e-13,1.132372673760705e-11,-4.612061229938447e-05,-3.4472838573362434e-08,-1.1469843937142232e-09,8.724837229231751e-11,-2.608784831400798e-09,-1.379902958061266e-09,0.0084481670178916,9.04805253153399e-05,6.276892710930576e-08,-9.699371273352228e-09,-1.6216396484999648e-10,2.127601735767592e-09,3.614693459430454e-09,-2.89533251824148e-05,4.6081832928687775e-05,2.741173307285776e-05,1.577913037548638e-08,-1.060225389965894e-09,-1.7082826058570451e-10,-1.3920831134553903e-09,1.74774415303065e-09,-4.106253263487263e-06,9.550472351786496e-06,1.822928926440597e-05,-8.222176269764678e-05,-5.891746418991884e-08,7.80946767392332e-09,1.7555397819664646e-10,-3.271225117809521e-09,-3.03386785803193e-09,0.0015831141654253,-4.540954012983344e-05,-9.812336564040816e-06,0.0011838939711105,2.598008767697297e-05,1.7147326007874143e-08,1.1490711918609584e-08,-1.4566944045476835e-10,-6.71569804367382e-10,1.3694713138366395e-09,-0.0004920935545566,1.1031972210678675e-05,1.3842839886853468e-05,-0.0002499431962784,0.0004637307063942,-4.123928157676455e-05,-1.485046932135044e-07,-1.1461382847929562e-08,7.080024984118482e-10,-1.1585291142998924e-08,-3.3996413390812483e-09,-0.0002478426733519,1.0055026395493625e-07,6.433914631839631e-08,-0.0002374696252659,-0.0001426584836862,0.0011197566595533,-5.373542553783713e-05,-1.4348123462788918e-07,1.3282258935816114e-08,6.357938817420366e-10,-1.1153084106434364e-08,-4.123577798301744e-09,7.604646670076751e-06,-1.0190762312560137e-05,4.368113034868731e-06,9.808640555417509e-06,-4.597798834382746e-07,0.0001886283744514,0.0002793907675463,0.0006022864419347,-4.48428240219595e-07,-1.5777979285347676e-07,3.6182629217803115e-09,2.571944563914336e-08,3.450805696243291e-08,-8.124128468187229e-05,0.0001352342754094,1.4728968123905372e-05,-0.0001298156194056,2.19704609379776e-05,-0.0004843595708103,-0.0005371253884681,0.0176912367462001,4.5,10,2.886481423846889,32.22147797508147,0.219,-1,False,ecliptic_BarycentricTrue_J2000,ecliptic_BarycentricTrue_J2000
757240.3016415943,10,0.98,10.566687803997032,0.166257372943638,0.4443324487206501,2.6272393081500858,0.720949884099007,0.8227792842040553,1.7498982771720897,0.6362451015177943,0.6544068294490408,5.379195743688628,6.009821054334411,4.980417037747445e-05,-3.512598005884203e-09,1.2661580583216867e-09,4.942175479912646e-10,5.610819161238034e-13,1.2696412332831032e-11,2.4649721192986168e-11,-1.425374828665941e-13,1.255606083600415e-13,1.2618627656338852e-11,5.0283417793810216e-11,3.981484232005414e-15,-8.391170474392042e-15,1.475170928980183e-16,1.3034421699248597e-13,6.385016778950837e-10,-1.822367377789748e-14,-6.357285773076975e-15,3.71806740254714e-16,2.0298274590354296e-14,1.3942530455312125e-13,-1.1154848279570173e-07,4.4980814079154574e-12,-1.709550847964298e-12,2.3523060197988895e-13,-1.0672959681789552e-12,-2.0919465041746963e-12,9.88534182320142e-07,-2.9364995335257373e-06,2.465036620993129e-10,-4.25399395772317e-11,-9.027343366116949e-13,7.121033482160538e-12,-4.9249646603952386e-11,1.4012715376122009e-08,3.674785547095386e-07,-1.971885397682033e-06,-4.6032941085612367e-10,1.2172900550520575e-11,1.4629645764353588e-12,1.2031494721140435e-11,-2.626544417591804e-11,5.761427212936035e-09,3.738711510498362e-08,6.617619026979462e-07,7.177253015295747e-07,-2.560149173656723e-10,2.939713729776577e-11,-7.416762955217339e-13,2.963506610175276e-11,2.019395454693667e-11,-5.133707000803544e-07,-2.0006985151825929e-07,2.290789131733184e-07,1.082307736108076e-05,-1.4536597067667904e-06,-1.6973753587825755e-10,2.459789901016459e-12,-6.967867426231654e-13,1.816883628562524e-11,-1.8637105481224444e-11,-2.604019545606312e-07,7.941953946736946e-08,3.093708271965732e-07,3.2989127328153864e-06,6.661466326343714e-06,1.4133877485482217e-05,-2.3039281760875355e-09,2.927904942588937e-10,1.5987342131902122e-11,1.967570203852188e-11,2.4746967607278907e-10,-5.80840662453166e-08,-5.949654775805445e-07,-2.929512619405561e-07,-1.129323513974988e-06,4.27009834605359e-06,1.7353679464617967e-05,1.7386735165973856e-05,-2.118675233981766e-09,1.9909185948797248e-10,1.4307964664475355e-11,5.14282902204148e-11,2.842396979891988e-10,-3.2990771950415135e-08,-9.716180396077667e-07,-6.226301831857743e-07,1.5642364933645615e-08,-1.660303916607521e-07,4.850782696174628e-06,1.2034896972424796e-05,-1.067680093814644e-05,-2.3661827214202256e-09,-8.18719818859819e-11,2.2029441243124684e-11,5.0862679464650105e-11,-3.8718169823454986e-12,4.858650773016668e-08,1.266565940790249e-06,1.3673202684730704e-07,-6.789981596031835e-07,2.7077184542356264e-07,-7.45122207745405e-06,-9.063569574713275e-06,0.0001092114745997,4.5,10,1.9787894989671737,296.2851668655232,0.237,-1,False,ecliptic_BarycentricTrue_J2000,ecliptic_BarycentricTrue_J2000
