{
  "ts": "20260423T172607Z",
  "true_h": 0.73,
  "MAP_total": 0.86,
  "ci_lower": 0.8507696598495461,
  "ci_upper": 0.8582418399713421,
  "sigma": 0.0037360900608979786,
  "n_events": 60,
  "n_events_total_in_posteriors": 60,
  "quartile_edges": [
    0.012300344812455677,
    0.26030922841087806,
    0.5043241567874532,
    0.7573543555985071,
    1.388703677582121
  ],
  "per_quartile": [
    {
      "quartile": 1,
      "label": "Q1 (nearest ecliptic equator)",
      "edge_lower": 0.012300344812455677,
      "edge_upper": 0.26030922841087806,
      "n_events": 15,
      "event_idx_members": [
        2,
        100,
        105,
        107,
        108,
        112,
        161,
        200,
        232,
        256,
        296,
        408,
        506,
        524,
        527
      ],
      "n_events_with_finite_lk": 11,
      "MAP_q": 0.86,
      "delta_MAP_abs": 0.0,
      "sigma": 0.0037360900608979786,
      "stage_2_trigger": false,
      "note": ""
    },
    {
      "quartile": 2,
      "label": "Q2",
      "edge_lower": 0.26030922841087806,
      "edge_upper": 0.5043241567874532,
      "n_events": 15,
      "event_idx_members": [
        8,
        90,
        106,
        114,
        163,
        164,
        217,
        225,
        228,
        254,
        257,
        327,
        330,
        409,
        507
      ],
      "n_events_with_finite_lk": 9,
      "MAP_q": 0.86,
      "delta_MAP_abs": 0.0,
      "sigma": 0.0037360900608979786,
      "stage_2_trigger": false,
      "note": ""
    },
    {
      "quartile": 3,
      "label": "Q3",
      "edge_lower": 0.5043241567874532,
      "edge_upper": 0.7573543555985071,
      "n_events": 15,
      "event_idx_members": [
        78,
        103,
        109,
        115,
        151,
        178,
        309,
        311,
        346,
        354,
        383,
        440,
        457,
        523,
        537
      ],
      "n_events_with_finite_lk": 10,
      "MAP_q": 0.84,
      "delta_MAP_abs": 0.020000000000000018,
      "sigma": 0.0037360900608979786,
      "stage_2_trigger": true,
      "note": ""
    },
    {
      "quartile": 4,
      "label": "Q4 (furthest from equator)",
      "edge_lower": 0.7573543555985071,
      "edge_upper": 1.388703677582121,
      "n_events": 15,
      "event_idx_members": [
        91,
        110,
        113,
        227,
        244,
        255,
        281,
        289,
        295,
        395,
        454,
        456,
        468,
        495,
        525
      ],
      "n_events_with_finite_lk": 7,
      "MAP_q": 0.86,
      "delta_MAP_abs": 0.0,
      "sigma": 0.0037360900608979786,
      "stage_2_trigger": false,
      "note": ""
    }
  ],
  "any_stage_2_trigger": true,
  "verdict": "STAGE-2-TRIGGER",
  "note_sc3": "MAP_total=0.86 reflects extract_baseline bias (SC-3 FAIL from VERIFY-03). Quartile comparison is internally consistent: all MAPs and sigma derived from the same biased posterior.",
  "likelihood_source": "per-h JSON posterior files (not diagnostic CSV)"
}