{
  "map_h": 0.73,
  "ci_lower": 0.7101197732498211,
  "ci_upper": 0.7498802267501788,
  "ci_width": 0.03976045350035773,
  "bias_percent": 0.0,
  "n_events": 5,
  "h_values": [
    0.69,
    0.71,
    0.73,
    0.75,
    0.77
  ],
  "log_posteriors": [
    -2.000000000000003,
    -0.5000000000000009,
    0.0,
    -0.5000000000000009,
    -2.000000000000003
  ],
  "per_event_summaries": [],
  "n_excluded_fisher": 0,
  "median_cond_3d": 0.0,
  "median_cond_4d": 0.0,
  "created_at": "2026-04-09T19:01:30.241281+00:00Z",
  "git_commit": "1af4dc78f47b8986fa6190cb4f626a7a88c2e30c"
}