{
  "map_h": 0.73,
  "ci_lower": 0.7101197732498211,
  "ci_upper": 0.7498802267501788,
  "ci_width": 0.03976045350035773,
  "bias_percent": 0.0,
  "n_events": 5,
  "h_values": [
    0.69,
    0.71,
    0.73,
    0.75,
    0.77
  ],
  "log_posteriors": [
    -2.000000000000003,
    -0.5000000000000009,
    0.0,
    -0.5000000000000009,
    -2.000000000000003
  ],
  "per_event_summaries": [],
  "created_at": "2026-04-08T13:28:43.488409+00:00Z",
  "git_commit": "be2e1c447df834d059ca057d989bc931eb5548da"
}