{
  "baseline": {
    "map_h": 0.73,
    "ci_lower": 0.7101197732498211,
    "ci_upper": 0.7498802267501788,
    "ci_width": 0.03976045350035773,
    "bias_pct": 0.0,
    "n_events": 5
  },
  "current": {
    "map_h": 0.6,
    "ci_lower": 0.6119848678830586,
    "ci_upper": 0.7934340694510424,
    "ci_width": 0.18144920156798383,
    "bias_pct": -17.808219178082194,
    "n_events": 60
  },
  "delta": {
    "map_h": -0.13,
    "ci_width": 0.1416887480676261,
    "bias_pct": -17.808219178082194,
    "n_events": 55
  }
}