{
  "baseline": {
    "map_h": 0.73,
    "ci_lower": 0.71,
    "ci_upper": 0.75,
    "ci_width": 0.040000000000000036,
    "bias_pct": 0.0,
    "n_events": 10
  },
  "current": {
    "map_h": 0.71,
    "ci_lower": 0.6981693983588371,
    "ci_upper": 0.736256946505929,
    "ci_width": 0.03808754814709192,
    "bias_pct": -2.739726027397263,
    "n_events": 5
  },
  "delta": {
    "map_h": -0.020000000000000018,
    "ci_width": -0.0019124518529081147,
    "bias_pct": -2.739726027397263,
    "n_events": -5
  }
}