{
  "h_values": [
    0.6,
    0.61,
    0.62,
    0.63,
    0.64,
    0.65,
    0.66,
    0.67,
    0.68,
    0.685,
    0.69,
    0.695,
    0.7,
    0.705,
    0.71,
    0.715,
    0.72,
    0.725,
    0.73,
    0.735,
    0.74,
    0.745,
    0.75,
    0.755,
    0.76,
    0.765,
    0.77,
    0.775,
    0.78,
    0.785,
    0.79,
    0.8,
    0.81,
    0.82,
    0.83,
    0.84,
    0.85,
    0.86
  ],
  "posterior": [
    8.604830787637112e-303,
    8.966197830949578e-299,
    1.771288789398007e-294,
    2.0310672155890906e-291,
    3.878759738659927e-288,
    3.117061207918783e-284,
    5.525668188060256e-280,
    1.1633095346013093e-277,
    2.2310291601416576e-271,
    2.0058532796131884e-266,
    1.262805580293209e-263,
    3.706939063430134e-260,
    7.571008173119769e-257,
    2.377423764365063e-253,
    1.2689035119443297e-249,
    1.6523414330783123e-241,
    2.4197925815350488e-236,
    4.127837822130903e-226,
    4.6483740271670284e-217,
    1.0609480775186498e-204,
    9.589983299783154e-193,
    3.0252870465918197e-180,
    2.1132375232448014e-169,
    3.526955418851839e-156,
    2.641231668059296e-147,
    6.164831942217944e-138,
    7.2987630102275705e-127,
    6.58650108985868e-116,
    7.216224269017125e-104,
    2.0254691807882873e-94,
    3.091934762359988e-85,
    1.720297469851401e-67,
    2.62292644113644e-50,
    7.260547568125873e-34,
    5.279349831900761e-22,
    1.0909879920381298e-12,
    1.4575203278179424e-05,
    0.9999854247956309
  ],
  "strategy": "physics-floor",
  "n_events_total": 412,
  "n_events_used": 312,
  "n_events_excluded": 100,
  "n_events_empty": 5,
  "map_h": 0.86,
  "map_posterior": 0.9999854247956309,
  "variant": "posteriors"
}