{
  "h_values": [
    0.6,
    0.61,
    0.62,
    0.63,
    0.64,
    0.65,
    0.66,
    0.67,
    0.68,
    0.685,
    0.69,
    0.695,
    0.7,
    0.705,
    0.71,
    0.715,
    0.72,
    0.725,
    0.73,
    0.735,
    0.74,
    0.745,
    0.75,
    0.755,
    0.76,
    0.765,
    0.77,
    0.775,
    0.78,
    0.785,
    0.79,
    0.8,
    0.81,
    0.82,
    0.83,
    0.84,
    0.85,
    0.86
  ],
  "posterior": [
    2.7987130910037634e-53,
    4.883828298804905e-52,
    1.0341288465038656e-48,
    3.270407205087612e-45,
    4.547284561015628e-42,
    7.259863636387465e-38,
    2.6301936381141276e-34,
    9.943021377368317e-32,
    2.970625598828449e-25,
    3.4731659934914325e-23,
    9.356150077117828e-20,
    1.2042264759288416e-16,
    1.7051134667369106e-15,
    2.848076830331104e-13,
    7.30990079217344e-11,
    1.3009439539983062e-08,
    7.164794867360896e-06,
    0.000763903490890853,
    0.007123406791315962,
    0.022532149013036563,
    0.08567029461705539,
    0.5562058762609736,
    0.18577877987213173,
    0.12011065565920181,
    0.011510876402747675,
    0.009927256756228988,
    0.0002938083180986757,
    7.518494381768922e-05,
    6.227273665636039e-07,
    7.25044740913583e-09,
    1.895866480498981e-11,
    3.1819993784865954e-14,
    1.7348619277839483e-15,
    2.3047887375185043e-15,
    5.267660623144983e-17,
    1.4558772395748283e-17,
    1.7338077918079082e-18,
    3.0692308849062403e-20
  ],
  "strategy": "physics-floor",
  "n_events_total": 412,
  "n_events_used": 412,
  "n_events_excluded": 0,
  "n_events_empty": 7,
  "map_h": 0.745,
  "map_posterior": 0.5562058762609736,
  "variant": "posteriors_with_bh_mass",
  "D_h_per_h": [
    4540097.329048747,
    4545239.046101745,
    4489018.047795278,
    4442233.791319054,
    4414807.720932305,
    4352316.244637489,
    4342001.633720148,
    4319688.453297556,
    4244039.838454398,
    4245879.506867823,
    4197058.603216153,
    4176044.073599334,
    4186181.798670219,
    4197371.8934164625,
    4178638.4810347566,
    4155443.8670916953,
    4119018.5601030705,
    4093318.25977283,
    4092577.3850179287,
    4078758.2978312406,
    4074954.1745288153,
    4055151.2382836496,
    4034786.922078749,
    4026294.894162534,
    3994577.6538747605,
    3958726.7151084966,
    3927148.396096083,
    3888398.69120573,
    3881659.2141372454,
    3852284.4479785375,
    3844876.9254335803,
    3805591.7843362265,
    3786077.112942574,
    3756707.93267325,
    3743865.833239902,
    3714511.4308398007,
    3665500.920195338,
    3624973.981731165
  ]
}