seed,event_idx,z_true,host,dL,SNR,sig_dL,evaluated,z_g,sigma_g,mu_k,mu_p,sd_k,sd_p,pull_p,pull_k,pull_g
900101,0,0.288811794807765,10791058,1.507307522193932,31.71527396330816,0.0611747681171396,True,0.250951,0.0412893458978334,0.2507713145912371,0.24597584175036102,0.03909275392318451,0.038969885900874204,1.0992065300463971,0.9730826406161028,0.9169628141227514
900101,1,0.13997096923459,9395586,0.6351683867179443,385.538769323715,0.0006791935789168086,True,0.137223,0.0375343521912498,0.14798320459366293,0.14565678246522704,0.03414447457758133,0.03370059565072909,-0.16871551142788305,-0.23465686493045756,0.07321211301551638
900101,2,0.2008831217258453,11311856,0.9420013476863324,81.67219967312538,0.021489407121207414,True,0.2141989999999999,0.0400840863002833,0.21459095228956548,0.21044815376228793,0.03740622000567488,0.03715145008303482,-0.2574605302098421,-0.36645858794715364,-0.33219862302463105
900101,3,0.1163682317310542,154375,0.5184785906936634,158.93501165546587,0.0012194219863909915,True,0.119092,0.0151156744892885,0.12176248020909392,0.12144336352413401,0.014822607561603082,0.014790828070669103,-0.3431269546797064,-0.363920346377727,-0.18019495397813415
900101,4,0.2211550600177448,8284015,0.9167484058626844,25.076941696857418,0.11026350328447124,False,0.17598,0.0388341600543035,0.18182459809287135,0.17847031945695668,0.03602227034904132,0.035603789835535256,1.1988819380735005,1.0918373979145977,1.163281501507295
900101,5,0.2379686262275867,19142281,1.1838064147497538,61.121842277459976,0.02746347096570825,True,0.2134449999999999,0.0401372549005371,0.2165938602840614,0.21235361420639032,0.03776291548629674,0.03750966471730119,0.6828909886091715,0.5660253099706157,0.6109941073040003
900101,6,0.21517866614041,4395401,1.1357430456548898,25.41434104566256,0.15452349663305512,False,0.157959,0.0382852416382226,0.16662249684967062,0.16370707140811888,0.03533383449409976,0.03487593610173392,1.4758484068254765,1.3742117148040518,1.4945619693642989
900101,7,0.1079723486250249,1566826,0.4818661582335929,135.05974619098578,0.003926539524136157,True,0.0347824297661696,0.0341059311922608,0.07013871870945067,0.06953654106419191,0.02589266332047719,0.025729709221103708,1.4938298459007708,1.4611718171785575,2.1459586734715317
900101,8,0.3661969047441979,14944724,1.9378604996739284,21.13513636457883,0.13047218316964654,True,0.291495,0.0426708001633321,0.28427065230558535,0.2790891829055067,0.040182678318046255,0.040104447835688756,2.172021472420684,2.0388449916196616,1.7506562909122758
900101,9,0.3375533395550948,8111837,1.7629545985317172,49.2070697785198,0.03902796932902607,True,0.304175,0.0430559774074772,0.2943619653112073,0.28908558239885873,0.04044122191333337,0.0403644102931612,1.2007547441972117,1.0680036903051002,0.7752312585824211
900101,10,0.1266474455317558,18412198,0.7069703680329756,31.256530110640853,0.12193848720748383,False,0.124581,0.0371964178818233,0.13755292800353677,0.13552326133989145,0.033545577496304484,0.03312565035885351,-0.26794389580228745,-0.3250944919038094,0.05555496065027305
900101,11,0.1640855806475567,5590045,0.7572386233154283,1424.7236072062765,7.984272873243278e-05,True,0.219797,0.0403114679116084,0.2221467306063168,0.2178076220492553,0.03795450521345847,0.03772987593075575,-1.423859476778897,-1.5297564711282783,-1.382024079961628
900101,12,0.0924942299811588,5386571,0.4063287611180677,270.0169486273753,0.0011210504250877432,True,0.152069,0.0380755128274702,0.16167827103898905,0.15891421009581047,0.03507059841391981,0.03460917464929104,-1.91914371803756,-1.972707743429052,-1.5646478693219337
900101,13,0.2056006771038266,8021769,0.9784768074691648,122.19849211982591,0.0059845206455131795,True,0.207027,0.0398678577065105,0.20959847001276433,0.20553449946005034,0.03731934931312801,0.03703406143560936,0.001786939946927434,-0.10712386422909596,-0.035776261334966884
900101,14,0.222717788699288,9931818,1.195273622757449,37.433663811414256,0.062481252653297535,True,0.274057,0.0420512211387148,0.26794779575712857,0.2629869000703303,0.039498728132529706,0.039410373538799906,-1.0217896395068926,-1.1451003411067002,-1.2208732567208647
900101,15,0.0834234427735839,19357878,0.3643583049965629,276.148343063909,0.0011966546923011271,True,0.071699,0.0354512877437754,0.09590686286034159,0.09487389835789242,0.02986331490101402,0.029610903769822745,-0.3866972677807281,-0.41801856653006064,0.3307197994702606
900101,16,0.1235240489095256,15847339,0.6227759394497844,30.137970411072008,0.10935901448573455,False,0.1340589999999999,0.0374806539720588,0.14609028485384684,0.14380496389167655,0.03414197737288039,0.03369730397464206,-0.6018557151460177,-0.6609528117796135,-0.2810770350572838
900101,17,0.3166932266116519,8045262,1.6888023149829932,27.17882033382198,0.11427470174144232,True,0.266642,0.041839266580494,0.2645130563695113,0.2595358127103403,0.03961228597970546,0.03951497946178318,1.4464745946936712,1.3172723803133717,1.1962739957537023
900101,18,0.0910271804908311,19647273,0.4836854020745133,24.50760021645404,0.12462372552731522,False,0.080819,0.0357503747427267,0.10297119815355074,0.10179543017199139,0.03068523214815584,0.030402918567616687,-0.3541847358243417,-0.3892431905045069,0.285540517107668
900101,19,0.0736155494297449,154338,0.2227185536505218,33.25188269334187,0.06713663947535503,False,0.088182,0.0151093955463012,0.09228612128421906,0.09206585782233709,0.014636323440840353,0.014619909198808605,-1.2619988360868706,-1.275632636156214,-0.9640657381440377
900101,20,0.0394656895006223,8409351,0.172517898924716,56.29529508588652,0.022706639924594745,False,0.059739,0.0349834766783994,0.08604285870394046,0.0851996251018029,0.028401751962155886,0.028191724154256432,-1.6222468463063342,-1.6399400031864315,-0.5795110270413886
900101,21,0.1236327174900004,7228408,0.5560220804607519,299.25833132273544,0.001093069269962801,True,0.097936,0.03627265091534,0.11619111493301432,0.11472325659922464,0.03192352641002364,0.031585631378843404,0.28207322449610667,0.2331071593221451,0.7084322993093691
900101,22,0.1527657991252287,13252529,0.700154662909928,309.9688163411626,0.0007285133087681748,True,0.17309,0.0387312478145528,0.17972845621117628,0.17642869080507162,0.0359535362990247,0.03552650493601018,-0.6660630344151269,-0.7499306010318375,-0.5247494470636375
900101,23,0.120681368218523,16967752,0.5606619791995351,51.23570475840657,0.03350824206217927,True,0.0359378388592014,0.0342320210527039,0.07109822851325864,0.070479731383357,0.026120720611580422,0.025953796567737338,1.9342694894037462,1.898230161509482,2.475563135137414
900101,24,0.234287732506444,18060584,1.1383381571646702,91.69452141764684,0.011374839857149639,True,0.249225,0.0413115720174561,0.24571503530686326,0.24103312694220916,0.03871781177558496,0.03858719822014702,-0.17480912703952883,-0.2951433016580031,-0.3615758675860677
900101,25,0.2930945544520028,16222830,1.473093562595337,28.197096848827428,0.12930251253704586,True,0.302919,0.0430547730346319,0.2892474176385599,0.28408652742285545,0.04004799611062611,0.03997558154080676,0.22533823604171968,0.09606315389204005,-0.2281848179781309
900101,26,0.158785465239925,12715358,0.5551594484961859,24.08745720482738,0.15898737005484523,False,0.127803,0.0372310452638256,0.14045961609794708,0.13834903384850286,0.033716461574475415,0.0332886701149321,0.6139155250379048,0.543528243659212,0.8321674833563745
900101,27,0.1703706510506346,2579760,0.5996320544604417,22.788711808690703,0.14357685494860375,False,0.098077,0.0363215005038681,0.11687483210893373,0.1153814868753344,0.032073212015676505,0.031729055415849736,1.7330854465913679,1.667928329584002,1.9903817311439431
900101,28,0.1748781172973319,290258,1.00555032811283,21.760755172279943,0.19781570996139058,False,0.196752,0.0395269267521808,0.20130155296589214,0.19741372167680327,0.03702473734099168,0.036692521161853606,-0.6141743239736792,-0.7136697669237941,-0.5533919406335142
900101,29,0.2034095775117992,13878630,0.9618289328811284,589.8166147157915,0.0002618160858438464,True,0.180311,0.0389785408417984,0.18267454727676813,0.17934132393093388,0.03580582413261693,0.03540078294108046,0.6798791320780525,0.5790965782056309,0.5925972859155768
900101,30,0.2700955889487668,4374164,1.1722247282859637,22.471681036801712,0.09369517269004043,True,0.245555,0.0411744376698882,0.24413049335782044,0.23944647596178698,0.038763127925225606,0.038625233135760766,0.793499753885075,0.6698400511185069,0.5960151574022315
900101,31,0.1378620854952859,9873647,0.5657922725557859,35.779701293375666,0.10123219638415488,False,0.116836,0.036864089206755,0.13153912188477848,0.12967828528962594,0.033122585712880785,0.03272325533813868,0.25009126143149335,0.19089583359576065,0.5703676924542886
900101,32,0.0649043411644131,20014794,0.0943225704467573,21.486423373876896,0.18407629241772525,False,0.065813,0.0352516463979425,0.0913821894426046,0.09043546817325211,0.02927297556444389,0.0290390768615819,-0.879198988677776,-0.9045150951566582,-0.025776351700836666
900101,33,0.1684409290364225,11490575,0.8249926115566673,25.328587733623674,0.1557364382857159,False,0.147085,0.0378989181090723,0.15847508303769806,0.15579490926669995,0.03499099107457361,0.03452560136979008,0.3662794931296351,0.28481176704840955,0.5634970627647095
900101,34,0.1649912682686129,9847087,0.7618336785616543,406.7105275653722,0.0005645490494591237,True,0.135707,0.0374999682539719,0.14706400387327137,0.1447585859578724,0.03413576277162348,0.03369174363407932,0.6005234555529233,0.5251754447462995,0.780914481587893
900101,35,0.1596948183227915,5226467,0.6743854809177551,21.501049876003226,0.07835553523735704,False,0.154348,0.0381492108641684,0.16237888102769663,0.15961221204781842,0.03498621200804935,0.034530109052619905,0.002392296961680674,-0.07671772823784391,0.14015541086364866
900101,36,0.3208748907104888,16028685,1.5619415876951432,27.9127610375079,0.14799259782668558,True,0.313424,0.0433955236076195,0.302313095414993,0.29693594143548996,0.0407369393351422,0.04065591177723427,0.5888184086527786,0.455650218166568,0.17169721876983124
900101,37,0.1655035525152938,9643684,0.7554198675497475,112.76986331146492,0.0032522237457575085,True,0.146344,0.0378609041764519,0.15758243071813435,0.1549349636848384,0.034906375015013764,0.034442701867877096,0.3068455219046618,0.2269247893472885,0.5060511081827345
900101,38,0.186448089725292,14102738,0.8727975559803253,485.945860890477,0.00043291894189321237,True,0.1347529999999999,0.0374910991366811,0.14675391080591596,0.14444876192301778,0.034182734425778426,0.03373664449010601,1.244917164615806,1.1612347457329582,1.3788630079056257
900101,39,0.0646715075295443,20098525,1e-06,27.10906235075202,0.10762354248568759,False,0.0444151487404516,0.034449547979161,0.07662460408145927,0.07592424349243841,0.02708753792067206,0.026904781839588252,-0.41824297368345886,-0.4412765968956105,0.5880007134301457
900101,40,0.1917452250397802,12538079,0.941345821851626,60.17458900837416,0.04458340513781108,True,0.138308,0.0375794860183495,0.14770488443288596,0.14540268074741827,0.03401175450392968,0.033573309364093036,1.3803388813950437,1.2948564768043902,1.4219786032647603
900101,41,0.0554740023915666,6723980,0.516414029590786,23.549638102057145,0.19860106041903577,False,0.090914,0.0360407549953726,0.11078189953847906,0.10943842914825933,0.031448458078801186,0.0311333596686284,-1.7333312990011196,-1.7586839077555434,-0.9833311653150347
900101,42,0.2650138365991381,1869290,1.3535977345442078,26.024497205416377,0.09472437844331785,True,0.195976,0.0395508308594208,0.20152295416254218,0.19760735532715473,0.037149013861388594,0.03681403642369834,1.830999472489023,1.7090866173055037,1.7455470618183895
900101,43,0.0947836839453766,9128213,0.409478362664424,46.53492987019028,0.03505286258560633,True,0.102547,0.0363936851509001,0.12058861794472156,0.11900642525792669,0.032360860593274865,0.03200190900242731,-0.7569155112188095,-0.7974118588399858,-0.2133149204988215
900101,44,0.1825151533281969,18277738,0.8270896181334053,28.221080287222023,0.11452292364768156,False,0.201079,0.0396968745674862,0.20526369198914413,0.20127677253672552,0.03722947343166709,0.036917531062903575,-0.508203519259205,-0.6110357349722143,-0.46764000627414287
900101,45,0.1888547338007785,9463525,0.7439042138932679,32.692422632788684,0.06770352217332935,True,0.173191,0.0387488338607266,0.18069269910791533,0.17734953764047584,0.03608962926735673,0.03566235466462543,0.32261459649816693,0.22616011465226588,0.404237553498462
900101,46,0.1632610875542008,11157947,1.1144535268799018,20.189577352437272,0.24858295476095923,False,0.125532,0.0371756245401545,0.1387422984399277,0.13667730098009467,0.03363477628730764,0.03321074415962569,0.8004574196330126,0.7289713748899074,1.0148877933025302
900101,47,0.0786336182182864,5597014,0.3344400173810537,128.75812784012476,0.005966107223306383,True,0.114488,0.0368290359785008,0.1300992662856819,0.12826838878601932,0.03309800285792807,0.03270084914809454,-1.5178434768757405,-1.554947236191557,-0.9735357124917373
900101,48,0.2137940366463156,2112239,1.0622869688271406,33.15594036354117,0.1067454202947199,False,0.2111039999999999,0.0400559613212592,0.2130581758758493,0.20891462033023395,0.03749661188428879,0.03722896272123458,0.13106506223710998,0.019624726968322036,0.06715696135066915
900101,49,0.1929710973720788,8187810,1.0591201269781745,28.389459458991567,0.18294618283866435,False,0.131093,0.0373437786892179,0.14348878339669677,0.1412855400219606,0.03394251708566934,0.033505366317390754,1.5426053504537014,1.4578268856870857,1.6569854348977435
900101,50,0.0393549021156931,19869336,0.1888487927905379,22.854022805010167,0.16607047614598539,False,0.093011,0.0361573829603212,0.11218643546692517,0.1108113926357264,0.03157488671970538,0.03125381028359133,-2.286328926670068,-2.3066284923764773,-1.4839596644256206
900101,51,0.0951550641294631,6521323,0.4181078711717934,307.13263456812825,0.0007764467209021892,True,0.086847,0.0358995923557719,0.10716743531451228,0.10590922208240412,0.031041108427187263,0.030743543834659832,-0.3498021571871273,-0.38698267535215264,0.23142502697881887
900101,52,0.0629042242236552,793718,0.2635520968405252,53.10727783499081,0.031081625681143192,False,0.058433,0.0024367037304777,0.05861541487662068,0.0586104981689627,0.0024309708335669192,0.0024309405426475913,1.7662818071297235,1.764237270071079,1.8349478304359335
900101,53,0.2515611512888651,7553715,1.0849098960414794,25.49660536884356,0.16233903361954666,False,0.260788,0.0416364320316912,0.2570763659643027,0.2522332593995419,0.03917710777460099,0.03907111147273077,-0.017202175350089433,-0.1407764633154779,-0.22160517270336721
900101,54,0.1702796821010072,2793477,1.1506568346269486,21.78694818995912,0.19834916379830242,False,0.151031,0.0380646392431647,0.1608688975203386,0.15812598129495972,0.03505093570319411,0.034588396684233975,0.35138086673983787,0.26848882610032626,0.5056840806514065
900101,55,0.0473951796884417,3781718,0.1967199172547572,87.42875499752449,0.01383098065896992,True,0.0396228694159244,0.0342755307219552,0.07352282987896278,0.07286916369609707,0.02655385921007583,0.026380355850785304,-0.9656421676698893,-0.9839492626596049,0.22675973526323107
900101,56,0.1708652742832236,9432747,0.8128538513684567,21.0135004973888,0.2141973285859441,False,0.106463,0.0365214521680653,0.12297852459849701,0.12134538682575122,0.032465239305146644,0.032099675640563555,1.542691210091087,1.4750160697917667,1.7634094610163815
900101,57,0.1422244933614608,2804068,0.5355388874826845,22.25049150799257,0.14455554586723576,False,0.140002,0.0377009737502407,0.1510820286850389,0.14864451959536165,0.03445688859091852,0.034002631226208335,-0.18880968920288882,-0.25706137976464244,0.05895055592421233
900101,58,0.2118153786966063,3283709,1.154997130669374,23.53559262250576,0.1821860512275023,False,0.22557,0.0405261805112346,0.22590503174837473,0.221516626602077,0.038021368395928026,0.037817036807924566,-0.25653114903592333,-0.3705719611416561,-0.3394008793792117
900101,59,0.1721179190405361,16126264,0.6252276952397591,23.008043537725896,0.1851524681846637,False,0.221744,0.040382441445947,0.22445939268621323,0.220067151571745,0.03809826565423717,0.03788299522649691,-1.2657191503609315,-1.3738544982783454,-1.2289024433029823
900101,60,0.1726961290631561,19403816,0.8009224183411431,184.21296492154545,0.0025697905646350793,True,0.11993,0.0370218486102542,0.13384374974042415,0.1319184422561292,0.033293003090305764,0.03288522498010725,1.2400002381523592,1.1669833213106857,1.4252699701370692
900101,61,0.0435946990669981,17186910,0.1558779283514761,22.55049760452549,0.21454167463214624,False,0.0570549999999999,0.0349251248772879,0.08507709037732783,0.08424162487546746,0.028393933780882077,0.028183631124976218,-1.4422174924241122,-1.4609596412547894,-0.385404518388856
900101,62,0.1480836959539999,16347235,0.7697853990424703,22.01083768057992,0.15005906509939443,False,0.127341,0.0372484840238779,0.14021737467260437,0.13810918141683723,0.033736794843600204,0.03330824142650516,0.2994608574328817,0.2331674161064459,0.5568735613697168
900101,63,0.0960325043675014,18234776,0.489879981709104,23.73730644734948,0.07657558348810932,False,0.0443164105497181,0.0344912828645631,0.07639260020544021,0.0756963737015762,0.027037637064961977,0.026855717461535266,0.7572365435796716,0.7263912935465984,1.4993960654017089
900101,64,0.0863364036804575,3025776,0.399933063132969,23.203038760836748,0.0956451893786227,False,0.090227,0.0360580750224875,0.10976859773614396,0.10845135475537812,0.03131489270803304,0.03100540907641067,-0.713261064236239,-0.7482763640341493,-0.1078980593699509
900101,65,0.1705399393281713,11302897,0.7981094078049232,33.53663292022108,0.04427286640763166,True,0.210107,0.039945817862619,0.21268880028131676,0.20855728656843842,0.03745984580369814,0.03719051689259971,-1.0222322897542715,-1.1251744380908373,-0.9905182266616014
900101,66,0.1367948891495337,3957134,0.6201226193058473,994.9974612426676,9.384412490790375e-05,True,0.1064349999999999,0.0365877651478141,0.1236291892597638,0.1219669679118863,0.032631560456934425,0.03225893214084379,0.4596531953664212,0.403465225242457,0.8297825523608842
900101,67,0.017551924931732,20475050,0.1016072662708256,31.874868689032613,0.08109462448140814,False,0.0516649999999999,0.034766073557717,0.08133998918445301,0.0805656341100139,0.027843170814992296,0.027645314178462454,-2.2793631054977763,-2.290977011080003,-0.981217364441083
900101,68,0.0574103477236867,113303,0.2386475593489646,24.760595599684027,0.1557221225989111,False,0.051672,0.0151022023670541,0.05529408494757806,0.05515754983704338,0.013391171085716793,0.013377983316147767,0.16839592585857868,0.15803418256420293,0.3799676089763619
900101,69,0.0993905377392477,271050,0.3777362859874614,24.614149642546323,0.15863641987731664,False,0.102092,0.0364181155695182,0.11988395032511925,0.11832114478029745,0.03228551244500018,0.031930121167073174,-0.5928761416844005,-0.634755685565871,-0.07417907869492864
900101,70,0.1606565421300305,2613361,0.7398019290851143,1068.0998922314843,6.876249567366295e-05,True,0.204805,0.0398482954200696,0.2075188875638212,0.2034936622146919,0.03726425546628584,0.036966899379308395,-1.1587966749691416,-1.2575682741384315,-1.1079133349260935
900101,71,0.2390322550328926,15906953,1.2458241128772014,30.85059009204141,0.07004663983703573,True,0.228323,0.040597321740299,0.22742876962838848,0.22303260562019098,0.03799714280087165,0.03780205756457204,0.42324810985147127,0.30537784025797693,0.26379215607866185
900101,72,0.1701270258451639,3626307,0.8432772740641206,35.866096304740985,0.0837335052434078,True,0.096422,0.0362596399380868,0.11494325390700436,0.11350369713233557,0.03182756667136313,0.03149449449830533,1.7978802204898108,1.7338357188270748,2.0327015373295203
900101,73,0.29994504788977,7599489,1.3966170313177162,25.788043041640705,0.14926439745812764,False,0.2421219999999999,0.0410242399980792,0.24202904927758442,0.23736687134568485,0.03872031036205164,0.03857490256288323,1.6222510592754646,1.4957524376908644,1.4094849262893705
900101,74,0.0818481396595623,15273415,0.356670899509492,275.550638566041,0.0009692188091311909,True,0.133241,0.0374485260251755,0.14506703922774847,0.14281732915951056,0.03404030164472204,0.033599482129510465,-1.814587179199377,-1.8571780070576513,-1.3723600310967607
900101,75,0.1010286881980169,9815280,0.3771890271864641,42.97459085965384,0.051458504472632116,False,0.137653,0.0375774333966978,0.14851390500778125,0.14616656107214837,0.034213111020899446,0.033766770104344514,-1.3367542330714042,-1.3879245526885144,-0.9746357984417727
900101,76,0.1562944691931224,12264856,0.764208507824871,41.078827531600616,0.047766628850932115,True,0.1937019999999999,0.0394108178799183,0.1968145401023136,0.19306774485099432,0.03666382800184116,0.03631412709191184,-1.0126438001606912,-1.1051784038250563,-0.9491691068390243
900101,77,0.2241751127886195,9449249,1.1928570307713486,39.90018420555952,0.04569493251731969,True,0.24195,0.0409962612507747,0.23897730672645437,0.2344132840636151,0.03837373348772652,0.038224611020179336,-0.2678423926823145,-0.3857376541839277,-0.433573371548475
900101,78,0.0598701580681606,31074,0.2497430229220954,83.08265043593336,0.016920098117974968,True,0.0415601228233096,0.0150205229144181,0.050587802274776175,0.05045406014549344,0.013536559826239573,0.013521150158908719,0.696397703745872,0.6857248748970398,1.2190011858558747
900101,79,0.1664501056966286,17739360,0.806292960046897,28.775569040627744,0.11822300101086929,False,0.10343,0.0364860416796396,0.12032762979362721,0.1187600029392038,0.03226270447286452,0.03190765319850222,1.4946289675626605,1.4295911225233469,1.7272387684574697
900101,80,0.1816471528281867,5363036,0.7203563567744031,23.198831636482137,0.1805659870043259,False,0.204518,0.0397970366031058,0.2076161276129187,0.20358970440233132,0.037263577957118876,0.036966677365058286,-0.5935765164246329,-0.6968996593568081,-0.5746871909057784
900101,81,0.0925637511041039,13639242,0.3710257142818277,29.87131004838968,0.05920216050760563,False,0.135151,0.0374929303546311,0.1480248420250028,0.14566930889518442,0.03434891885295388,0.03389664589165713,-1.5666906383841126,-1.6146386195829112,-1.1358741099476568
900101,82,0.2865336363425237,15600763,1.418795635524703,221.1338187340414,0.0015050737656112703,True,0.306367,0.043160229075726,0.29137632707506445,0.2862059573823235,0.04006231519029096,0.039990572066542135,0.008193905294851873,-0.12087895343887545,-0.4595286930168516
900101,83,0.2710715729202024,5683343,1.3462784011549105,46.04098492127464,0.04258590731313353,True,0.161646,0.0383895193110362,0.17113823986234283,0.16806727021450601,0.03567950498363516,0.03522390291570313,2.924272842569531,2.800860973370993,2.850402268223889
900101,84,0.1424199032627146,17821891,0.6482267774421155,334.3495633469489,0.0008318026358840229,True,0.114615,0.0368650008242626,0.1297682884602296,0.12794980750338478,0.03304457106606643,0.03264981072882731,0.443190800691344,0.38286515437559887,0.7542357965828356
900101,85,0.0351100132785112,40003,0.0726126800371259,36.73127572384207,0.07348165563789441,False,0.0241323086440508,0.0150103328963182,0.03734129487168936,0.03724324806617424,0.012397980202294925,0.012379861722933837,-0.17231491234762297,-0.17997137894809134,0.7313431827453382
900101,86,0.1118507525390292,11908088,0.5426579271176896,52.04359158584538,0.024988205201086373,True,0.093762,0.0361178966163476,0.11310723440997572,0.11171033240708012,0.03166578430289073,0.031340586707144236,0.004480456389065283,-0.03967948050577179,0.5008251928724416
900101,87,0.0783403418432131,1255727,0.3602861266463168,75.67811681288687,0.01550221168611434,True,0.06157,0.0350787094292962,0.08843844680944274,0.08754389498354818,0.028886254734239267,0.028663334359847317,-0.32109150403756814,-0.34958166294435583,0.4780775038778151
900101,88,0.1222908494957397,14964814,0.6812080679865097,32.12573712672812,0.15354701534465168,False,0.1232369999999999,0.0371130109994085,0.137410528595962,0.13537485831067278,0.03361602746973419,0.03319325898320019,-0.39417668574077547,-0.44977590269507994,-0.025493768324948773
900101,89,0.1913698341499104,11897999,0.900061352995411,177.0123020948896,0.003637907071377545,True,0.187664,0.0392142597945481,0.1937074033141994,0.19000383525595355,0.03671335525749608,0.036340895874028674,0.037588476043406586,-0.06367081264825833,0.09450220836313286
900101,90,0.1385020716618021,17096053,0.6339132960703744,61.962260005145644,0.02693128655899491,True,0.13843,0.0376463110057704,0.1483295331246173,0.14599564031519485,0.03414492647541564,0.03370141935671434,-0.22235172275911333,-0.28781615534861343,0.0019144415449111373
900101,91,0.2303436491996074,15023128,1.1905823611559858,20.688060009780283,0.2696607558983652,False,0.27382,0.0420884535754346,0.2702624859693219,0.265222001957806,0.039789277241801306,0.03969975200938391,-0.8785534164030627,-1.0032561417772394,-1.0329757239113218
900101,92,0.1481269383917324,4460151,0.9313333065818472,27.052854297650093,0.11646108887672182,False,0.139397,0.0376710609137044,0.1508216754168032,0.148389387247279,0.034460365302275406,0.0340056899065322,-0.007717792412620992,-0.07819815609711046,0.23174124062315807
900101,93,0.0921801730235667,16974092,0.4104067665846171,107.79314909054284,0.007065765613903174,True,0.076467,0.035592209745022,0.09874423191197595,0.09766383944170179,0.03009758292088345,0.029836765748354695,-0.18378890206749313,-0.21809255931494537,0.44147787215612194
900101,94,0.1445191963143868,16349063,0.6644777153834862,41.84865195961499,0.06665615390071197,False,0.1315849999999999,0.0374088371060758,0.14303496011169517,0.14085288816519445,0.0338548438409059,0.033421350253320936,0.10969958189609813,0.0438411770459351,0.345752429505118
900101,95,0.1198768828030464,8353705,0.6067925649208831,34.08786219625427,0.0729123485691827,False,0.122275,0.0370624944003253,0.1350447052202181,0.1330983178058771,0.03327399076632737,0.03286626199258228,-0.4022798517767159,-0.4558462050341509,-0.06470468962640974
900101,96,0.2884413967422021,3156278,1.41416017452408,36.308698534866586,0.039110757683873884,True,0.297487,0.0428877283739873,0.29096419321647293,0.28567611362752215,0.04052351970600614,0.040444302414633836,0.06837262480955503,-0.062255117338608806,-0.21091355501319436
900101,97,0.23960511903965,8224693,1.09589209260614,24.178001809448485,0.196724866817105,False,0.266208,0.0418083694547277,0.2610135145375888,0.25613557319989,0.03925828989873688,0.03916037516016585,-0.42212195599839036,-0.5453216518895696,-0.6363051539036219
900101,98,0.3745258204419048,4398038,1.9339284452647296,57.20262169377478,0.026707014506509332,True,0.3074699999999999,0.0432178485150231,0.2976370546334086,0.29230338025628205,0.04062469086833901,0.04054585630170598,2.027887623677175,1.892660944982592,1.551577016116279
900101,99,0.269354636856177,5931371,1.585013318344139,21.55311413547982,0.17714243888885972,False,0.281863,0.0423502973345302,0.27511960849942163,0.2700583614375822,0.03981205385700618,0.03972981830658424,-0.017712756096057793,-0.14480467809952247,-0.295354789247827
900101,100,0.1876120454784755,3553184,0.7229974917081683,26.571915389476555,0.13212690955819636,False,0.17911,0.0389687520884747,0.18512688294233404,0.1816663530849607,0.036253395407114836,0.035844751203437226,0.16587344573184357,0.06854978708156338,0.21817597492402221
900101,101,0.0797545325041168,12830422,0.7133114689482435,21.69040332575613,0.17113584227579565,False,0.061365,0.0350449352788256,0.08698594592491224,0.08612839490651952,0.028509160764311568,0.02829651962255491,-0.2252525217738144,-0.2536522727055468,0.524741517078158
900101,102,0.0696057089889934,15221858,0.5850198960480496,27.00275303271149,0.1961056174311478,False,0.085334,0.0358609141834417,0.10608695750196898,0.10485061210010424,0.03094871638559276,0.03065520967397792,-1.149719851403559,-1.1787645102450297,-0.4385914684313575
900101,103,0.0772282827627926,17105168,0.0772762304644485,21.69524359300291,0.2624460050240131,False,0.050876,0.0347498278022949,0.08058200628262904,0.07982137571752171,0.027699617419376626,0.027504876431093145,-0.09427757151447226,-0.12107472349023929,0.7583428301492845
900101,104,0.0884071775851927,14054300,0.4322231911824265,20.84716112690069,0.30130681581268304,False,0.119996,0.0369937899817316,0.1347127719727615,0.13275462933186938,0.03342343877737125,0.03300985566669879,-1.3434609407097635,-1.3854228075095365,-0.8538952735150036
900101,105,0.1452247038766383,17179420,0.6649757498090979,25.87096201331933,0.14869764192344007,False,0.113688,0.036820878972879,0.12841942318052216,0.12664571675987668,0.03287108454087478,0.032484374542299056,0.5719361193970123,0.5112481358873021,0.8564897079145547
900101,106,0.2955733038009261,14566048,1.4620113713099734,90.62126205632914,0.011084684842615057,True,0.285176,0.042457639589276,0.27743859874347676,0.2723598583081869,0.039854430947891005,0.039774548085216896,0.5836256251863496,0.4550235601446718,0.24488652458089757
900101,107,0.2328544898573203,5411492,1.1205432971062796,181.85607616538803,0.0021783989006792944,True,0.236554,0.040857683233586,0.23525670096833312,0.2307248707201236,0.03833843130666182,0.03817361953390632,0.055787718408655,-0.06265804387764318,-0.0905462534801436
900101,108,0.0972074458707387,3570802,0.256743265667394,27.002518607579844,0.11066352333936554,False,0.061049,0.0350910497994698,0.08800412482486145,0.08711699110964394,0.028829148255782446,0.028607676984682983,0.35271842472555054,0.3192366615975653,1.0304179007857734
900101,109,0.1604931218214313,7735261,0.578257740906411,24.0697133776377,0.3029207698189366,False,0.136207,0.0375185866329671,0.14769357342663214,0.1453661910987601,0.034196961473298426,0.033750747118671376,0.44819543311095433,0.37428905503178306,0.6473090806702031
900101,110,0.0847142697212795,7951122,0.5342034608393589,20.10652939158469,0.14217019079432897,False,0.066103,0.0351950430784081,0.0914017550267699,0.0904581780474715,0.02922684185710769,0.028994434281495476,-0.19810382470051546,-0.2288131347952694,0.5288037204505479
900101,111,0.394051014457101,6866171,2.0469188143800494,43.11779280688452,0.028405814276075594,True,0.287875,0.0425351681495047,0.2787561725094491,0.27368138838004596,0.03982359064237021,0.03974579983018613,3.0284866977475375,2.8951392902523514,2.4961935987629893
900101,112,0.2302342580333593,10123882,1.0967618093595168,35.85215741003731,0.07064786390515498,True,0.15148,0.0380172375861617,0.16083930475751992,0.15811014448935565,0.03496498704313876,0.034505784898293534,2.090203534178135,1.984698383849591,2.0715407808069126
900101,113,0.0738768014754743,8706333,0.3199336154838145,419.1725101352295,0.0005330424866370995,True,0.106913,0.0365387679921796,0.1236473792126575,0.12199323185456057,0.03255424796442789,0.032184575994351185,-1.4950152019256469,-1.528850483401356,-0.9041410080273213
900101,114,0.1384866790506638,20210254,0.7056478113119318,32.6701569930338,0.1009190623718552,False,0.140114,0.0377113699383657,0.15182013305538133,0.1493502401913137,0.03457011602837119,0.0341119364025556,-0.3184680286820664,-0.385693064893822,-0.043151997713045794
900101,115,0.2709877103379122,17850499,1.362101185981904,40.95702638471474,0.021356589601434495,True,0.298485,0.042929159627226,0.286044235628591,0.2809059747927516,0.039993645585475114,0.03992022877741969,-0.24845209455436595,-0.37647293889474853,-0.6405270892992002
900101,116,0.2927620829561592,15263917,1.446647578452961,71.158808156538,0.02210324976562949,True,0.2330219999999999,0.0407401355453407,0.23428985501658978,0.22973711529083263,0.038460472324374356,0.03828748500261226,1.646098396408814,1.5203200690417051,1.466369273358776
900101,117,0.1450113163952031,19593483,0.6620153145429231,168.27646830916524,0.0011909242019197237,True,0.15761,0.0382876092271691,0.16650896243071495,0.16359257749184047,0.035355713635702536,0.034896582078226275,-0.5324665050286159,-0.60803880971033,-0.32905380772265114
900101,118,0.1519732093771042,12095386,0.8617698329977221,28.303824801253903,0.14245522018634277,False,0.1282569999999999,0.0372598467463304,0.14126810355633562,0.1391270009537766,0.03382317938434111,0.0333909199252828,0.3847216085113241,0.316502056152789,0.6365085057533157
900101,119,0.2998493930717785,6653039,1.318489109113623,31.404009484239744,0.08668183139296493,True,0.264632,0.0417737807351968,0.2588271530127614,0.2539865950702239,0.03913801577967325,0.0390375016961217,1.174839475091485,1.0481430711753776,0.8430501729068024
900101,120,0.1152458658543907,14745158,0.4738996191429673,69.50825315901089,0.024530284610790803,True,0.129484,0.0373180758388222,0.14275885477070324,0.14056617094880072,0.03397904520696317,0.033540367132404124,-0.7549203321017762,-0.8097045914249066,-0.3815345198156567
900101,121,0.1991419288898699,11657719,1.2812858833524456,25.430560752803377,0.18659465852835766,False,0.162119,0.0383643912910165,0.17102184406699816,0.16796738122554683,0.03559445431508993,0.03514170166941471,0.8871097921662563,0.7900130895095782,0.9650336586609485
900101,122,0.2792776206784065,19786113,1.3566585401692932,56.20607173499768,0.03166925421137353,True,0.294128,0.0428061494140852,0.28640443770437973,0.2811899878871642,0.040287868112777604,0.040209939968989104,-0.04755956388476502,-0.1768973480061832,-0.34692163450485547
900101,123,0.0861719107048027,1742224,0.3779654684600102,235.85577567934249,0.0014316570944745673,True,0.142137,0.0377678683255254,0.1527692169123922,0.15028251017593386,0.034541038593640876,0.03408514784172285,-1.8808954495029309,-1.928063223317503,-1.4818175284034583
900101,124,0.0978148012875078,10897750,0.4490778513410503,38.78187366262896,0.0838355945604795,False,0.1401079999999999,0.0376292742217004,0.1517089355994099,0.14925185373172406,0.034497080036124755,0.03404167869455224,-1.5110022306992703,-1.562281046844112,-1.1239440458860104
900101,125,0.3047226725061988,5679728,1.414047992258232,36.65712644823669,0.06934211456494892,True,0.300559,0.0429681846222296,0.2916395462134225,0.28638110095247815,0.040401645140942063,0.04032468044879918,0.4548472883005032,0.3238265730797723,0.09690128970551573
900101,126,0.1254907295682497,16681055,0.7201767493541196,36.40840854724299,0.07315326173029744,False,0.113315,0.0368075645242517,0.12637662146183398,0.12467876329506286,0.03252199981558393,0.032150993030674764,0.02525478054168178,-0.02723977303387681,0.3307942192216323
900101,127,0.1376580219272102,5363539,0.4568254163386979,22.55393456711826,0.1832617465020038,False,0.12893,0.037309140547059,0.1422797867212455,0.1401006083245665,0.03395300879624018,0.03351539983239377,-0.07287952432527653,-0.1361223926212721,0.23393789830675185
900101,128,0.0888325845487205,15215555,0.3718757454848518,45.01669386617085,0.02129453476860906,True,0.063275,0.035131785403897,0.08988605657955666,0.08896406785750449,0.02910780686799586,0.028878777544330807,-0.004552938869457016,-0.03619207848992736,0.7274775322373889
900101,129,0.2520419208662487,2291857,1.1615982409200731,20.240255839717925,0.14595215830854028,False,0.22565,0.0405408685357034,0.22677581663365703,0.22235659672869518,0.03812711112343325,0.03792453374614412,0.7827472405134503,0.6626807929610727,0.6509954477913066
900101,130,0.1370249177640504,12411752,0.5925456629035459,81.36575516946877,0.014919112975324639,True,0.147952,0.037894996238392,0.15778188479067773,0.15514759133193673,0.03478831024967001,0.03432985007046268,-0.5278984187431401,-0.5966649968813653,-0.28835158518578247
900101,131,0.0783284921622872,6882895,0.0899411624326192,22.01118673918718,0.18857584989114062,False,0.073907,0.0354787387662757,0.09769378181031518,0.09662637620360881,0.030073108380233592,0.029813615139838105,-0.613742545326926,-0.6439404069303449,0.12462371313182205
900101,132,0.1592879654189951,13388057,0.733929088119321,191.1097339359392,0.0018761728331469392,True,0.214663,0.0401169833939163,0.21701285025182745,0.21278565858695703,0.03767912129022893,0.03743104540897302,-1.4292332095842935,-1.5320125007215009,-1.3803389461582116
900101,133,0.1992149749473582,17169796,0.9030034796620564,28.068589333151305,0.10530976793334748,False,0.205474,0.0398334706838448,0.20829747052056605,0.2042579175789051,0.037283291883050906,0.03699042677958332,-0.13633102049880427,-0.2436076621586295,-0.1571297942456278
900101,134,0.0719218562698739,10152747,0.3490642206683572,30.19445188129401,0.05646813952989774,False,0.059682,0.0349986524744644,0.08723397387229496,0.08635952285029631,0.028733286918949625,0.02851445157214269,-0.50632804716214,-0.5329051857385212,0.349723643754693
900101,135,0.1705396253512,15166534,0.7560987672350845,29.56506635502989,0.04974531971445957,True,0.128622,0.0372907380713211,0.14060540389938306,0.1384952586720303,0.0336900001918261,0.03326332656204872,0.9633542399734076,0.8885194800052161,1.1240760445939604
900101,136,0.1611865369404513,12170382,0.7440515805213994,125.25829128233202,0.0031707668398174675,True,0.160691,0.0383161325192878,0.16950345853833673,0.16649934464177654,0.035489687122889677,0.035035345456347934,-0.15164136765669142,-0.23434756043598087,0.012932853810385083
900101,137,0.122120095967852,992170,0.549601842488178,54.3008437800032,0.03718529106095312,True,0.106529,0.0151131015910508,0.10963229233521332,0.10936243891754462,0.014759154635865307,0.014733285752733956,0.8659071210873676,0.8461056165298821,1.0316278147090765
900101,138,0.1944189734210758,19741494,0.8976019742652814,75.18426845986467,0.01039563951112677,True,0.267015,0.0419063124954912,0.2608048373029775,0.2559300301106365,0.039248339428941986,0.03915068250607354,-1.571136254904836,-1.6914311496437044,-1.7323410783693978
900101,139,0.2125892024619538,20054589,1.0880355153925727,25.25909550881508,0.1372445227682748,False,0.19295,0.039449105624439,0.19847522088843478,0.19464018377340775,0.03698243057766414,0.036632462709279494,0.4899757581408617,0.38164018300201435,0.49783644397218424
900101,140,0.1827606194300058,10312353,0.8505759219007192,167.92971655824752,0.0018842557547998275,True,0.235365,0.0407782844022291,0.23310197052715317,0.22863016945319586,0.03813922114939573,0.037969394778187004,-1.2080663990341405,-1.3199365267569176,-1.2900096544306467
900101,141,0.0335060105899755,14406403,1e-06,22.47462891161206,0.19213895555707255,False,0.087432,0.0359140232528692,0.10752509960400293,0.10626035885949447,0.03106273184832093,0.030764116105911767,-2.3649094295135034,-2.3828905125106847,-1.501530169157985
900101,142,0.2054187168798955,9398417,0.974509143405684,88.46775212145687,0.013580387779470807,True,0.182442,0.0390278575670308,0.1877835254803959,0.18426083266054716,0.03631603398305166,0.035920743700501134,0.5890157619162311,0.48560345019309564,0.5887260616453956
900101,143,0.1136987648202697,14836215,0.4791353512081279,50.57449373515,0.0296357661930985,True,0.132914,0.0374292230989785,0.14497547662744115,0.14272666712034843,0.03404804758676912,0.03360686744782152,-0.8637491234536467,-0.9186051484292864,-0.5133752076263299
900101,144,0.2168211619712726,4932973,0.9829300244672048,38.93408877311971,0.039364642271389944,True,0.11842,0.036963595672528,0.13350569722313083,0.1315784483847809,0.033363254076646524,0.032952883872677155,2.5868058745890403,2.4972223799494606,2.662110116208367
900101,145,0.1563130809443738,19802984,0.7342128941233319,48.12419494250376,0.04740114572519318,True,0.184293,0.0391756249947531,0.1905441804723676,0.186916632688747,0.03660894398672831,0.03622009951535918,-0.8449328454052352,-0.9350474447010398,-0.7142175538839175
900101,146,0.3162430747581428,14059420,1.5671341906235643,80.98549230158378,0.0191430703563979,True,0.275801,0.042152638635933,0.27264436848598805,0.2675647807120433,0.03991550358379761,0.039827558488134795,1.2222264154254254,1.09227498985763,0.9594197674654685
900101,147,0.2978366845441458,6551159,1.4853455800378994,386.9752492241015,0.0008608735335273627,True,0.174748,0.0388050932928569,0.18179296656274202,0.17842168090333094,0.03612277281366095,0.03570017828405736,3.34494138070291,3.212480907266295,3.1719723907171624
900101,148,0.1259791563163771,18271702,0.8683956097411973,20.106224756612995,0.18312421583883684,False,0.16566,0.0385542474575192,0.1742235926430095,0.1710621058207834,0.03582148793612876,0.03537327501016294,-1.2744918159671028,-1.3468015737552355,-1.0292210664297115
900101,149,0.0731277377752019,1402742,0.3124356464392523,27.838646925673824,0.13233236296622192,False,0.075496,0.0028100760548499,0.07567419252867101,0.0756674252905187,0.002804374997351552,0.0028043608217146777,-0.9056208087245899,-0.9080293312677435,-0.842775134399198
900101,150,0.129162166334615,1721934,0.6061515895686744,28.69774725479456,0.1109067587645442,False,0.110984,0.0151140106997768,0.11389439400063414,0.11360846661625479,0.014781648785753517,0.014753047441375459,1.0542702977243394,1.032886963780107,1.2027361033218964
900101,151,0.0218830638261663,837846,0.0583314338684364,55.98678159100008,0.03891138242350945,False,0.013371,0.0150949166499421,0.029653185935557703,0.029582514178492288,0.011146648089013096,0.011127185504018986,-0.69194949158932,-0.6970814945750526,0.5639026715791075
900101,152,0.0446907575812353,18769506,0.155989918461546,37.798482870785975,0.060379123541039414,False,0.0605669999999999,0.0350829195680234,0.08804961895286766,0.08715811138443764,0.02888813690142855,0.02866502764659897,-1.4815040238846928,-1.5009227323859784,-0.45253481221771297
900101,153,0.3196023389371743,13826767,1.7545835140184178,21.96883900076013,0.08970850528563275,True,0.304481,0.0430859648951017,0.29520845612660407,0.2899082254606552,0.04052362730821424,0.040445821633381576,0.7341701139286875,0.6019669124147126,0.35095741673626574
900101,154,0.1586939738590997,3598198,0.5194224971150243,21.19193204309146,0.2859553510777889,False,0.128933,0.0373299143101319,0.1420175122556709,0.13984795650503895,0.03392169408856682,0.03348538957085522,0.562813143152553,0.49161641396469996,0.7972419548528706
900101,155,0.112680823638611,3744116,0.501387806567535,89.4837444172793,0.010386804300611426,True,0.167879,0.0386210492242619,0.17576547457752623,0.1725649187481345,0.03585776464235869,0.03541512298623263,-1.6909187392290863,-1.759302387310376,-1.4292251885977578
900101,156,0.3004640301556148,4800964,1.500597451341109,217.3384971767157,0.0018865537370866573,True,0.294835,0.0428056096494238,0.29024306680671286,0.2849357506389493,0.04060569142242036,0.040524698610476445,0.383180629322462,0.25171257995765706,0.13150216062138365
900101,157,0.2123689174490174,2087166,1.0037582517679433,47.39194137175564,0.033250976448499975,True,0.250877,0.0413761288955843,0.24877878808996484,0.24402520186672821,0.03895646920504779,0.038830861174530544,-0.815235188203202,-0.9346296362050601,-0.9306835506086274
900101,158,0.1118912116186206,13605587,0.3938420921889068,35.79017586776522,0.07820439678164137,False,0.101389,0.0363690189946926,0.11796397351144877,0.11646584921759764,0.03195303492510251,0.03161215240070329,-0.14471136102947763,-0.19005274168987837,0.2887680753817749
900101,159,0.1192269373899123,6315822,0.5886519721121793,25.70453367272833,0.13636801858906397,False,0.139404,0.0376413993454736,0.14991505882541745,0.1475260879369485,0.03429348751461486,0.033844892511289706,-0.8361424264413423,-0.8948673249527853,-0.5360338074815489
900101,160,0.1109349841347586,3521897,0.8662133831241373,22.03028238105241,0.2826309174420088,False,0.083979,0.0358274426928585,0.10486929364596652,0.10366025633106443,0.03080817040805245,0.030520365959524804,0.23835650638467729,0.1968857744050475,0.7523837066978756
900101,161,0.2122645150786593,6939736,1.0063165498744933,226.6449486495829,0.001076779933903622,True,0.270364,0.0419696139432615,0.2674191098680403,0.2624108425701605,0.03969728308960132,0.0396042650463027,-1.266185029134449,-1.3893795871342318,-1.3843225958638812
900101,162,0.2623397532962475,9969727,1.3001969564563731,32.93212530231793,0.0863897132084492,True,0.256519,0.0414719821328678,0.2505392730443391,0.2458331787110447,0.038720651805091835,0.03860590655137069,0.42756604001096077,0.3047593390552532,0.14035387258797935
900101,163,0.1835909201461042,13562284,0.8961031094191788,34.20521768923424,0.089024020116846,True,0.143509,0.0377770721991535,0.1543378623074209,0.15180098946773674,0.03464744973897413,0.03418914044323635,0.9298253850852949,0.8443062349197152,1.061011820471422
900101,164,0.2958635061866556,6755313,1.4972367865214762,50.79143476226123,0.031118373375329245,True,0.269086,0.0419246635912874,0.2646417919797498,0.25969590732009673,0.03948296347424419,0.0393886219104093,0.9182245306480441,0.7907642045985873,0.638705332204988
900101,165,0.087704752536711,17392610,0.3828927206859714,262.3441467922373,0.0013332798477821968,True,0.050757,0.034750516901918,0.07978649478397995,0.07904401412449649,0.027481569543387867,0.027291780349726756,0.3173387115546394,0.288129749657483,1.0632288619186478
900101,166,0.1484611003996153,15452951,0.6550823901159295,43.048423697750906,0.030285482762553086,True,0.189124,0.0392948799359518,0.1939153428548917,0.19021898619498406,0.036655997460610136,0.03628724626195764,-1.150759291402786,-1.2400219774164023,-1.0348141963192832
900101,167,0.1438700351479464,6227143,0.6737912259747447,24.70612119931477,0.06748425644536139,False,0.173821,0.0387788486487927,0.18079552968958282,0.17745522331774788,0.036061346075076356,0.03563577621797559,-0.9424570399243961,-1.0239632892449708,-0.7723531227889112
900101,168,0.1728463497029427,16049397,0.8146145458633549,46.62542662222315,0.039867944179779326,True,0.185418,0.039182311231641,0.19101366051181046,0.1873862495776186,0.036562035619434746,0.03617788178187059,-0.40190025392703127,-0.4968900254342195,-0.3208501464534663
900101,169,0.2527573447749554,4726370,1.1747779376853007,25.9719855230492,0.13740910183791574,False,0.266735,0.04187802496102,0.26297635961218463,0.2580379384510283,0.039476518241458945,0.03937890400330391,-0.13409701995844972,-0.25886312401525485,-0.33377064076099594
900101,170,0.2813921436837173,9091936,1.2719945335922993,20.57047108445133,0.24099814030117825,False,0.17637,0.0388303977640207,0.1833474330193999,0.17993357690485068,0.03618755397026793,0.035770992107333886,2.836336394429084,2.7093489309852754,2.7046373390753224
900101,171,0.040845202887028,14521149,0.3896724749990479,20.41749366371561,0.1795790499509628,False,0.0299068110594082,0.0339455818649529,0.06708113526412154,0.06652238361469903,0.025293249130418683,0.02513872233945365,-1.0214194811075306,-1.0372701522771606,0.3222331516112008
900101,172,0.1444985781270614,11947034,0.6589772322779396,143.78053906903736,0.0029229655093495977,True,0.133246,0.0374097759461459,0.14533949138267738,0.14308136054644602,0.0340594945720428,0.03361790870971477,0.04215662529316839,-0.024689540058713086,0.30079244909834024
900101,173,0.1262383291643956,18491829,0.5840085140592928,58.21805599108515,0.02219697391275216,True,0.158398,0.0383150406409555,0.166543258648169,0.16363543957388937,0.03529720421045664,0.03484060623121026,-1.0733771439371051,-1.1418731422312831,-0.8393484724959024
900101,174,0.2295801888471014,11117690,1.113218983425312,28.380863808634512,0.12036444730284229,False,0.205826,0.0398103299240516,0.20794347823577142,0.20392817149881395,0.03718672639789923,0.03689466174967336,0.6952772062889169,0.5818396160989395,0.5966840488993334
900101,175,0.1765730710157399,10150794,0.8151977645120928,101.79947512510566,0.01283079474773484,True,0.109855,0.0366356922713152,0.125953091563187,0.12424016957745303,0.03272401201509131,0.03234540425444978,1.6179393222790655,1.5468757140539047,1.8211221592768547
900101,176,0.0552320318194799,2113513,0.1955489648260258,20.318628930571467,0.16897998620466567,False,0.100992,0.0364146273448674,0.11876886946369909,0.11723458804556361,0.03218313315871743,0.03183277375598118,-1.9477585177268384,-1.974227845712685,-1.2566370032335348
900101,177,0.1998738666326173,1180282,0.8740479254845992,26.19062132488805,0.06072439209534007,True,0.153273,0.0381390332742186,0.16289049154387653,0.1600839207900046,0.03517032763229106,0.0347080049259295,1.146419851199416,1.051550485267163,1.2218680609327026
900101,178,0.2175797255307834,19323715,1.0415599819724657,88.62281577882493,0.010561128023156428,True,0.150832,0.038029567198447,0.16089744646772283,0.15815374126585707,0.03505174956646767,0.03458917901715233,1.718051308342928,1.6171027056887848,1.7551534358116267
900101,179,0.1418367903345033,11180481,0.6266159316991227,28.59640259082292,0.06801868955027875,False,0.091136,0.0360428710103356,0.11092910981103721,0.10958284719893871,0.03145653818555077,0.031141011597232107,1.0357384516831627,0.9825518733546852,1.406680126007843
900101,180,0.049948933630745,19526752,0.1701129443171531,53.812624555799545,0.033114502728858845,False,0.14995,0.0380398797529367,0.15971078995371646,0.15700578381166674,0.034972358648808724,0.03451043323948604,-3.1021589743020024,-3.138531702285122,-2.6288481198875204
900101,181,0.1589941825146492,10663762,0.7570523904304259,64.0156676510371,0.027887248368702496,True,0.131719,0.0373524204556785,0.14404846595067322,0.14182927750258767,0.03397350365363345,0.03353514417224141,0.5118482545922588,0.43992273261982323,0.7302119161732311
900101,182,0.1267396741821553,18096897,0.5884736283834346,33.52245009411842,0.04860055875178186,True,0.09933,0.0363590581752715,0.11732990806383356,0.11583213242348375,0.03204712682131198,0.03170340222238429,0.3440495654744029,0.29362276907969315,0.7538609512387517
900101,183,0.0688346831944535,18905134,0.2911997903179917,37.80400954121356,0.05397528803581598,False,0.0889,0.036016416343352,0.10912108853888858,0.10781392897416803,0.03129996715524223,0.03099163340294041,-1.2577344753960682,-1.2871069526885357,-0.5571158611189869
900101,184,0.0402100325046168,734970,0.1710257206434286,136.12304068130743,0.0024995486106314936,True,0.0393645090650121,0.0014849161253752,0.039469390096290455,0.03946797348414195,0.0014819557636641062,0.0014819529505978339,0.5007304855228323,0.49977362785453255,0.569408214481514
900101,185,0.1666551368710994,9140269,0.7708800984261787,309.3830615536255,0.001829240680499091,True,0.218577,0.0402219793485462,0.2189392766309463,0.214704332958552,0.0376186909930811,0.037384808877135044,-1.28525990985713,-1.3898447388683224,-1.2908828448985141
900101,186,0.1225230788189654,6784553,0.5008957922216015,24.07390432731716,0.09488640537839022,False,0.120467,0.0370122061755963,0.13466247378999832,0.13271136252493884,0.03337395497322435,0.03296238798076936,-0.3090881556250537,-0.3637385794033777,0.05555137159916334
900101,187,0.2437832776333847,7286369,0.9338330158581708,20.321967271370223,0.21243145468705218,False,0.238665,0.0409133900796356,0.23720554430739765,0.23264472276266449,0.038408755194909446,0.0382509530424613,0.29119679340683663,0.1712560923312306,0.12510030636479336
900101,188,0.0846174792113672,240317,0.3548955555175377,57.7745167044806,0.025812321116505582,True,0.078782,0.0151075204308354,0.07812079914503356,0.0779435440816523,0.013958326827486048,0.013946454044628222,0.4785399291001506,0.46543401273143253,0.386263201700301
900101,189,0.2747639105242608,17436398,1.3966754353193036,41.57335651533892,0.059908032380177535,True,0.212315,0.0400918176242178,0.21338775426037093,0.20925027706817728,0.03744831847844929,0.03718453645854958,1.761851557007118,1.6389562671341449,1.5576472762995413
900101,190,0.3850936250204195,360495,2.006110465885542,132.27776087512888,0.0016041194479225107,True,0.368745,0.045207474066489,0.35149579680516885,0.34539609826957063,0.04243245435516713,0.04224007434142951,0.9398072179033339,0.7917955424880893,0.36163544542158504
900101,191,0.222067383193661,14414929,0.9430200591186634,23.019438982994338,0.19521781001638247,False,0.1424109999999999,0.0377312381539144,0.15314328715611936,0.15064759230765046,0.03454578853781948,0.0340900771847691,2.095031656834141,1.995151911558946,2.111152114031466
900101,192,0.0430391764312101,6888004,0.1827470056908057,667.3384720182261,0.0003188250948900498,True,0.0908009999999999,0.036029859381378,0.1108982697491541,0.10955021809234647,0.03148028233100482,0.031163971786376067,-2.1342286572795883,-2.155606249157105,-1.325617817800184
900101,193,0.1388300726519588,1544738,0.4243449669316002,23.22689443671166,0.1480056755269162,False,0.077539,0.0355782179682845,0.10022696727552984,0.09911212687748139,0.030327307205430847,0.03005850512351988,1.321354658565482,1.272882722984259,1.7227133946561208
900101,194,0.1090221108126545,5378859,0.5325462842018843,32.52366078797578,0.09704558798239825,False,0.119775,0.0370104500873406,0.13425065507087855,0.13230738142363796,0.03337580908417397,0.03296443247525373,-0.7063755952256608,-0.7558931139196512,-0.2905365690492783
900101,195,0.2059430355785734,1667158,0.9750175526248832,536.3839644445267,0.0003380792391414638,True,0.195018,0.0151318323380598,0.19539868519373635,0.19471801513803286,0.014960666221293373,0.014938232444127814,0.7514289580460426,0.7048048682370432,0.7219902609609681
900101,196,0.2107591599611073,14681762,1.137069673391694,23.29318366872623,0.12732404519153756,False,0.187182,0.0392125213648066,0.18928760491538643,0.18576196179374213,0.03617920416450134,0.035798818692595755,0.6982687999292929,0.5934778152690418,0.6012661043078937
900101,197,0.059284805447033,15982409,0.278729508052326,45.799845843275456,0.0121731102586192,True,0.084024,0.03582954380474,0.10538723050107793,0.10416207035624711,0.03092064434623193,0.030628665828426587,-1.4652046929044928,-1.4909917315375445,-0.690469147131429
900101,198,0.1799295285728306,264176,0.8023896514880116,32.22147797508147,0.0919139109052139,False,0.175057,0.0388664410876121,0.18082541026873006,0.17749454967621955,0.036003999287005546,0.03558107422553124,0.06843466504627953,-0.024882838396866735,0.12536595676066736
900101,199,0.0624999660728655,12305634,0.2713433886540695,296.2851668655232,0.0009942505631480136,True,0.074323,0.0354660900110654,0.09688026629103297,0.09584035276608624,0.029826766961867576,0.02957529113010019,-1.1273054438097696,-1.152666001719912,-0.3333616399057725
900102,0,0.1638669847535642,7048000,0.8582244737768033,25.027726586079435,0.1593372903101358,False,0.131943,0.0373925880124584,0.14447312099717297,0.142235227664346,0.03404629788542185,0.033605058685790404,0.6437053805344197,0.5696320880954114,0.853751677817214
900102,1,0.2202825369886349,13908693,1.0505174570461806,309.3830615536255,0.001829240680499091,True,0.2119849999999999,0.0400304680809578,0.2136835126440218,0.20953869905440065,0.037466726450609465,0.03720396598257379,0.28878205993593875,0.17613026196223106,0.2072805387100152
900102,2,0.2033170756365449,8121963,0.8895728373591067,22.47785065887788,0.12030342052247973,False,0.153341,0.0380748209658189,0.16168165695773531,0.15893829814784177,0.03493520122789012,0.034479298728829676,1.2871136921237916,1.1917898628152286,1.3125754598139845
900102,3,0.2102564391425373,7584453,1.0822285776643232,24.724337242190924,0.0782057426416705,True,0.178803,0.038940662063737,0.18517975200627593,0.18171509928806553,0.03627057831157278,0.03586149541708735,0.795877013005775,0.6913781997311085,0.8077273850931244
900102,4,0.1908797226313815,9326859,1.0350628074542163,22.301733471599427,0.24207692774419187,False,0.165745,0.0384764539231292,0.1740995365100463,0.17095477292906336,0.035737317253789334,0.0352916820292563,0.564579202708464,0.469542411428657,0.6532494569691196
900102,5,0.3419066598896381,11579731,1.6810645714995918,53.10727783499081,0.031081625681143192,True,0.292669,0.0426719976423312,0.28393374945877947,0.2787867644352784,0.04005118809652423,0.03997466954471328,1.5789973043744001,1.4474704293701013,1.1538634844878612
900102,6,0.1125037061294361,16185022,0.6379327192366672,24.510644670911503,0.18556975355628783,False,0.079581,0.0356722700260269,0.10147868091955031,0.10034061106363401,0.03044010699990252,0.030166855923118702,0.4031939920023539,0.36218746569849736,0.9229215327596284
900102,7,0.2462800850138572,8960980,1.195889000049955,188.89116438451816,0.0016941448866102694,True,0.300108,0.0429415805698813,0.2910881819867813,0.2858413978172171,0.04036255360410439,0.04028590075010688,-0.9820138576212663,-1.1101402902408948,-1.253514991106243
900102,8,0.1364995057704953,20348178,0.6184925698127344,276.148343063909,0.0011966546923011271,True,0.075982,0.0355927681886378,0.09898973610532685,0.09789790023611036,0.030208488717580192,0.029944011441030136,1.289126061496621,1.241696332969454,1.700275332611364
900102,9,0.0583517506448363,1504335,0.2392928697181077,58.44728048375512,0.03255885846865489,False,0.078724,0.0356228608655801,0.10109871153071441,0.09996637029901143,0.030422715018672213,0.030150310790986668,-1.3802384971307051,-1.405100131912677,-0.5718869529327442
900102,10,0.1342879208902005,998319,0.6052423819386993,26.54164521292477,0.01828892527015461,True,0.132149,0.0151183788687023,0.1285019738293992,0.12817082862288132,0.014462235443676162,0.014431816618237545,0.4238615573585512,0.40007280225349184,0.141478190801823
900102,11,0.0490665049821105,18659271,0.2410168638639098,45.01669386617085,0.02129453476860906,True,0.0475637669048333,0.0345932424462663,0.07892303743924238,0.07818492514883225,0.02750076851198567,0.02730989054034907,-1.066222514649067,-1.0856617495659984,0.043440220430663756
900102,12,0.1823013709196562,6491372,0.8845910666582936,41.57335651533892,0.059908032380177535,True,0.228038,0.0405652386664105,0.22695961885909066,0.2225792250086432,0.03794337099438606,0.037747174652166246,-1.0670428836102441,-1.1769710167829293,-1.1274832981129577
900102,13,0.0932420579691985,20776653,0.6023158339584808,28.650360525825068,0.1255048884373306,False,0.14667,0.0378685219366433,0.15665370843379223,0.15405282126102382,0.03473269698560672,0.03427450807058295,-1.7742271651746286,-1.8257047672074416,-1.4108800475548056
900102,14,0.2086143453609551,16132745,0.9256046892584842,25.21947149533776,0.1495162180832979,False,0.15334,0.0381165675621881,0.16330603926642537,0.16048403632316588,0.0352096201635775,0.034746756087996725,1.3851741703858178,1.2868160998055524,1.4501396347080222
900102,15,0.1603489489737765,11749777,0.8024320397050424,36.61251046020066,0.0800432290917308,True,0.142029,0.0376956514185034,0.15190268550073444,0.14946007966629743,0.03436553697959678,0.03391583088980271,0.3210556551852888,0.24577714231722042,0.485996349297307
900102,16,0.2548004778633726,18786387,1.011923921889351,23.74843477546814,0.15147992490499623,False,0.221178,0.0403919816097126,0.22108376744850572,0.21679635248053092,0.037762896965786476,0.037538200140577675,1.0124120293599366,0.8928528562153095,0.8324047626147609
900102,17,0.2082988052087132,18994804,0.9928592930554296,56.381399409447326,0.02844592598757685,True,0.182695,0.0391218589173667,0.1887632085189567,0.18518987535187859,0.03649328388732261,0.03609758242673649,0.6401794331721908,0.5353203277094762,0.6544628991887533
900102,18,0.1027363304715317,1995680,0.6637831850690902,24.40196308747969,0.15045895187689465,False,0.106706,0.036609260586257,0.12314480095399995,0.12150294389527345,0.032520170532288596,0.03215230221550634,-0.5836786833476276,-0.627563452110594,-0.10843348007849395
900102,19,0.2933262321083032,10630437,1.542647632868685,31.404009484239744,0.08668183139296493,True,0.2437679999999999,0.041051743691152,0.2427157264084438,0.23806176203545548,0.03866806601665013,0.038526619923043355,1.4344489649815664,1.3088450215758654,1.2072138148661575
900102,20,0.1396455302460985,1100244,0.5971824562049609,32.13834662815349,0.05223604530742924,True,0.093729,0.036152549594758,0.11307473464563766,0.11167690196862312,0.03168037256342352,0.03135464494281857,0.8920090891949735,0.8387147451396472,1.2700772355141512
900102,21,0.1117582071197196,13857905,0.496541619144056,217.3384971767157,0.0018865537370866573,True,0.1027849999999999,0.0364172750717527,0.12007571605316315,0.11851387664399483,0.03224634470502892,0.03189221175217277,-0.21182819105717826,-0.25793648891145227,0.24639974028918535
900102,22,0.0418398237293605,16092602,0.1784571978476858,75.18426845986467,0.01039563951112677,True,0.0406962091971046,0.0343388965402705,0.07397291632459384,0.07331395006106348,0.02660703549619004,0.026432731661079286,-1.1907254511287177,-1.2076915746526737,0.03330376475303278
900102,23,0.271557841645335,10090277,1.4202373016155756,32.71303272149448,0.09686558272210259,True,0.2746159999999999,0.0420700442322237,0.26857565425897734,0.2636047914165368,0.03953080952071513,0.03944298679874332,0.201634076784762,0.07543957289300886,-0.07269206416290226
900102,24,0.0971161575824802,10534137,0.4282207102810952,667.3384720182261,0.0003188250948900498,True,0.134489,0.037443537648849,0.1466986884595225,0.14439632572592548,0.034170817363901686,0.033725144451796654,-1.4019263345490727,-1.4510197502451805,-0.9981119510663712
900102,25,0.2435474763815953,5384312,1.2706789478419225,29.19122955630292,0.0657536457955922,True,0.257038,0.0415380415013668,0.25342975669999457,0.2486348633570955,0.03903988542862382,0.03892688409087892,-0.13069083473578738,-0.25313292316051833,-0.3247751490151694
900102,26,0.2167893132850382,4173791,1.1001934638109376,35.79017586776522,0.07820439678164137,True,0.199642,0.0396556061181263,0.20270053680218825,0.19879314651344565,0.037016853039026444,0.036694836121352895,0.4904277733269531,0.38060438222547754,0.43240577975178884
900102,27,0.0727644581809052,13552492,0.3157689263670192,994.9974612426676,9.384412490790375e-05,True,0.076498,0.0355461711189072,0.09906316271006851,0.09797515438524682,0.030150796208106137,0.0298882220968239,-0.8434993598036953,-0.8722391391472716,-0.10503358594110036
900102,28,0.1720066809217797,2462799,0.9074714864005636,32.10023901781984,0.0947791150657211,False,0.1123339999999999,0.036785410129333,0.12841559801341507,0.12662730150905294,0.03299916460620129,0.0326074223899804,1.3916886428493327,1.320975346756896,1.6221833795512393
900102,29,0.1373991747270882,9475054,0.6481330770330918,42.58475475814269,0.04337963097270538,True,0.134054,0.0374307173405481,0.14607821834150708,0.1437978017997279,0.034107479583617636,0.033664162407324026,-0.19007236821218504,-0.25446159377274996,0.08936977340438056
900102,30,0.0584713481510444,14855206,0.2680080144743156,50.57329917852324,0.05493737389907894,False,0.076495,0.0355624500705191,0.09893617125418783,0.09785134567618332,0.0301277970383246,0.0298659834206878,-1.3185568668688434,-1.3431059380700632,-0.5068169322759067
900102,31,0.2926811391736693,14320270,1.3370839657550952,40.724150027141306,0.05673463976106925,True,0.265271,0.0417959063571996,0.26154157926716215,0.2566306245306671,0.03938573850832409,0.03928649394285262,0.9176312524971663,0.790630341993609,0.6558091823494513
900102,32,0.0953772595863923,8562573,0.420468897626106,1068.0998922314843,6.876249567366295e-05,True,0.071912,0.0353912822531453,0.09608595798032234,0.0950514488541716,0.029860433609215906,0.02960819757432452,0.011004071808249192,-0.023733693998043873,0.6630237191902503
900102,33,0.2250281739515963,18095282,1.0404175770161894,56.52423917219187,0.030889224115749493,True,0.213588,0.0401390646368027,0.21808874034484538,0.21379661564757063,0.03792985555129937,0.0376807639774367,0.2980714061623364,0.1829543905688087,0.2850134664350657
900102,34,0.0967856204579971,1856449,0.3048237410599214,24.34383486913281,0.1478559921496704,False,0.091053,0.0360876069604935,0.11129551208062391,0.10993386556125732,0.031566152167213084,0.031246354506927525,-0.4207929312312311,-0.45966614954412605,0.15885288443406148
900102,35,0.1701267709902926,15927989,0.8275594707607512,36.88912600889518,0.06945460920852266,True,0.155355,0.0381750627486035,0.16273108840876285,0.15996204581358459,0.03495090965397229,0.03449720770514,0.29465356337213067,0.2116020056344717,0.38694817838467044
900102,36,0.1572436921420472,16696825,0.9200738894426496,28.190897756612664,0.1346620898518722,False,0.132331,0.0374339679130292,0.14193427730662364,0.1398078981223826,0.0336042109328112,0.03318116562096289,0.5254726195829956,0.45558025052376466,0.6655103247384077
900102,37,0.1363712246718645,8098892,0.615839748664688,175.63948635743802,0.0016507349922143426,True,0.091417,0.036045691103253,0.11081987204925167,0.10948004521009437,0.03140373415887053,0.031090168375053562,0.8649415833767994,0.8136405846944605,1.2471455892770364
900102,38,0.1107632760260413,11947781,0.491078812812081,126.11322204528734,0.0038459918980752075,True,0.059063,0.0349600496006254,0.08643070823927315,0.08557355644550602,0.02856820532530758,0.0283537250309508,0.8884095318353514,0.8517359599489008,1.4788387492767299
900102,39,0.057287980714837,789652,0.2439455351906503,79.01638706633085,0.015161291556483571,True,0.059107,0.0024868072618939,0.059294570473507585,0.059289435233526165,0.0024808730338562184,0.002480850171434329,-0.806761545592254,-0.8088240435068076,-0.7314677389906268
900102,40,0.3067087432695664,5136300,1.555262817476474,48.29372005308613,0.05325349405247509,True,0.258417,0.0415959837928516,0.25480693338243987,0.24998865717517085,0.03911275054393268,0.03900219254253219,1.4542794237155214,1.3269792884759857,1.160971297374759
900102,41,0.1843867660311085,13635234,0.8617290637057805,275.550638566041,0.0009692188091311909,True,0.137659,0.0375685452575376,0.14615209619620456,0.1439089990268683,0.0338200897731594,0.03338893834127175,1.2123106937547048,1.1305312934221743,1.2438002512682667
900102,42,0.1020421979028917,6328912,0.4626775937557242,25.09804861052833,0.14761072167463177,False,0.130673,0.0373511338709753,0.14307436770906728,0.14088237095448009,0.03392357473292772,0.033487187474878874,-1.1598517516804054,-1.2095473466228768,-0.7665310026734329
900102,43,0.1402234162679274,19955112,0.6380851328858322,147.9905701953819,0.002844941515135428,True,0.112928,0.0368155217928662,0.12911129953908312,0.12730084870061137,0.03308037494728603,0.032684803111377746,0.3953692951210592,0.3359126595920257,0.7414105501885475
900102,44,0.2883075131134839,14990667,1.4329980411840344,112.76986331146492,0.0032522237457575085,True,0.328005,0.0438721443397879,0.31604868718777734,0.31048444476953374,0.041260571685768854,0.04116237427244161,-0.5387670669642929,-0.6723410011272729,-0.9048449188865885
900102,45,0.1870817992087992,7132792,0.710205115802524,20.12573856141902,0.1717650329014765,False,0.161065,0.0383538159091497,0.1689801450480027,0.16600182196057942,0.03540160939821417,0.034949013245049065,0.6031637317029545,0.5113229163448603,0.6783366554823715
900102,46,0.1429783941204607,4535876,0.6506748247516426,386.9752492241015,0.0008608735335273627,True,0.193146,0.039431744274178,0.19795227169706514,0.19414508734213196,0.03688200936944515,0.036532069773903386,-1.4005966138338561,-1.4905336915332892,-1.2722644357478177
900102,47,0.1486952070253784,10387846,0.6873078673500205,50.57449373515,0.0296357661930985,True,0.1117099999999999,0.0367105530571831,0.1277521523210062,0.12598719442907538,0.03290042929261692,0.03251318898654539,0.6984246487079454,0.6365587062133549,1.0074816080206572
900102,48,0.0948060071963851,6036022,0.4181804648557226,536.3839644445267,0.0003380792391414638,True,0.073271,0.0354606082964443,0.0969832403585422,0.09593182478172316,0.029961985188201406,0.02970622517176495,-0.0378983724397309,-0.07266651887320393,0.6072937896709587
900102,49,0.1430245375354747,2496948,0.5043283286221247,33.012427778045115,0.09998797451913155,False,0.077257,0.0356329244022627,0.09929193396807924,0.0982007096483225,0.030160185993678226,0.02989709779951876,1.4992702030052463,1.450011070109518,1.845695761398086
900102,50,0.0824748823104098,16542533,0.360697734022844,168.27646830916524,0.0011909242019197237,True,0.044601413356683,0.034495497982786,0.07587584992659471,0.07519275929474155,0.026855273046404927,0.02667721437435815,0.27297164214670566,0.24572576016680953,1.097924980605483
900102,51,0.1509132242551752,2308723,0.6236049885889624,39.70978183113083,0.054783222171089024,True,0.172535,0.0387837340674134,0.17910380281796606,0.17581521021650243,0.03596356451623449,0.03553316692966314,-0.7008096410494448,-0.783864973953436,-0.5574959777529955
900102,52,0.12587568248285,10239726,0.4284490814296999,25.076941696857418,0.11026350328447124,False,0.13414,0.037431623438676,0.14587428638436017,0.14360398669632057,0.03406502126220767,0.03362338119087828,-0.5272611969875327,-0.5870715226500379,-0.2207843731568146
900102,53,0.1668800921550589,6917436,0.7533094797561634,33.53663292022108,0.04427286640763166,True,0.163596,0.0384409180781111,0.17277638741650442,0.169658454404402,0.03574761293951338,0.03529595485459727,-0.07871616622325854,-0.16494234933734828,0.08543219879363172
900102,54,0.2975193341591625,5456026,1.5078200337566618,36.60306668547025,0.08423883822945388,True,0.349545,0.0445965354176451,0.3371353617126068,0.33123212139836244,0.042107888716014764,0.04195969854079892,-0.8034563738921957,-0.9408219875525901,-1.166585371567967
900102,55,0.2614925227056753,11617028,1.265750447455312,32.6701569930338,0.1009190623718552,True,0.2938429999999999,0.0427231313117719,0.28803416006913257,0.28278611787151786,0.040400922650046495,0.04032172555664341,-0.5280923589425658,-0.6569562183854414,-0.7572122244094684
900102,56,0.2974606387540892,10701158,1.4768621918654627,132.5305200235132,0.004260680947930493,True,0.260156,0.0416051187434027,0.2570187552018192,0.2521701727548194,0.039200784548707436,0.039094029373578434,1.1585008433507544,1.0316600552221205,0.896635795805884
900102,57,0.1324083291088325,12374734,0.4320179069960872,25.22989765723623,0.273585377330999,False,0.071433,0.0353700689641999,0.09563776543794895,0.0946128458504648,0.029793143631833545,0.029543120722847344,1.279332796725782,1.234195495623856,1.7239245185116594
900102,58,0.1224032259616221,3153344,0.6166415669740246,30.214835683049056,0.10085564966289594,False,0.0816799999999999,0.0357730184025001,0.10315062219863581,0.10197629554985224,0.03064306695462821,0.030362004349719408,0.6727793783468924,0.6282857976159091,1.138378246515987
900102,59,0.0761919233415518,10281200,0.3430935927522733,56.0359521222489,0.02984357513538048,True,0.096007,0.0361747133721294,0.11455002661240118,0.11312410820076806,0.0317477939514294,0.031418102182795594,-1.1755065485604077,-1.208213185758136,-0.5477604329469162
900102,60,0.1838460102572296,19051142,0.858834408882998,38.79089760119882,0.044621440453215984,True,0.253306,0.041435557745195,0.25032824191628694,0.24556760548867168,0.03895492267466822,0.038834392822497524,-1.5893539397810683,-1.7066451964051697,-1.6763377524663627
900102,61,0.2701295239430658,8754413,1.3264764990813387,167.92971655824752,0.0018842557547998275,True,0.252755,0.0413664994473451,0.25062534139922593,0.24585770460022044,0.03897866005976256,0.0388581543071405,0.6246261505628226,0.5003810421891309,0.42001436368048456
900102,62,0.2084762303415122,6843353,1.046253847711149,33.30512401745811,0.07004556604626092,True,0.203342,0.0397503970070562,0.20763362752544817,0.20359069132901464,0.03734401597523683,0.03704433391659302,0.1318835701972011,0.022563261986144115,0.12916173744379977
900102,63,0.0398280940248488,753778,0.2883451695564464,23.621840184498367,0.17112238773756488,False,0.041097967769105,0.0013890029613967,0.041186245879903,0.0411849987524445,0.001386640139362506,0.0013866378164792714,-0.9785574224716733,-0.9794551711726733,-0.9142340078089484
900102,64,0.127822054607282,5598196,0.6087796376424653,48.94379929055725,0.04735117488716304,True,0.133731,0.0374645468801204,0.14509007569311336,0.14284512526470416,0.03400126555106642,0.033562080453385726,-0.4476203636508074,-0.5078640693504942,-0.15772098916945465
900102,65,0.1402721061360707,4176495,0.6360153244782375,406.7105275653722,0.0005645490494591237,True,0.083353,0.0358013232603295,0.10447841777865599,0.10327689732301965,0.030776126237693636,0.0304897075941899,1.213367123930727,1.1630342324751615,1.5898604004713215
900102,66,0.143434732248127,10589728,0.6133281247971385,42.66613788470291,0.0593723690850281,True,0.153098,0.0380662114728605,0.16165290313998862,0.15890782251012978,0.03495057960867548,0.034493960508424064,-0.44857389623971883,-0.5212551864902257,-0.25385420240105816
900102,67,0.1778604509427389,12433719,0.8408942818867718,33.15594036354117,0.1067454202947199,False,0.25487,0.0414285984801448,0.24688766701294576,0.2422653372770996,0.03843741097018416,0.038317513216238525,-1.6808211423038446,-1.7958341711347618,-1.8588499703693555
900102,68,0.2812016068374316,6635790,1.4912330197094597,23.049828714662453,0.1479599614884047,True,0.318869,0.0435623696319966,0.30892420667055326,0.3034390709082456,0.04106317959565161,0.040974161005167466,-0.5427192046228725,-0.6751206337674185,-0.8646773231294026
900102,69,0.2787801813360382,8700562,1.38951005585766,45.1818514865256,0.038099582772061956,True,0.23595,0.0408342622149362,0.2350826323601301,0.23054815846724525,0.03835538022602092,0.038189226010393255,1.2629746111027897,1.1392808184512007,1.048878540050418
900102,70,0.2407303505272485,4685575,1.1618871730267355,67.58698696413336,0.023726239893407046,True,0.247007,0.0412262938805961,0.2456605154128746,0.24094976612017704,0.038842108025489014,0.03870803527396025,-0.005668476619275634,-0.12692835523733184,-0.15224869572148755
900102,71,0.1192728197648757,15754181,0.5941735660355592,29.817563854886657,0.05128093164937626,True,0.165201,0.0385070689356084,0.1726302520343448,0.16953882797681036,0.035607189168586316,0.035160628504473906,-1.4296106284203283,-1.498501665403641,-1.1927207524396488
900102,72,0.1694657798191001,8626482,0.7902947783147988,133.21207702628178,0.0055122044160672,True,0.179206,0.0389248163038478,0.18482475578018465,0.18138512327124728,0.03616924109136637,0.035761926005703756,-0.3332970223764272,-0.42464191942226687,-0.2502316287087284
900102,73,0.2975182415044045,9124486,1.480827230596375,184.21296492154545,0.0025697905646350793,True,0.279481,0.0422598120489245,0.274598184422468,0.2695197482484256,0.039886921583853596,0.03980244101970152,0.7034365867691404,0.5746258716344419,0.4268178354300926
900102,74,0.1160158943853761,16492758,0.5021842085708392,42.979379111757744,0.03200433052328231,True,0.090944,0.0360655259192183,0.11092915518910267,0.10957985965261449,0.0314889762004951,0.031172279330636377,0.20646660658003985,0.16154031696316173,0.6951761757622394
900102,75,0.2049574468923958,9097020,0.9793186533369568,44.81856820938026,0.04026419504205939,True,0.249563,0.0412451852600663,0.2474980263414665,0.24278157002859077,0.03882628266959074,0.03869880003412932,-0.9773978289465574,-1.0956644964208495,-1.0814729725748478
900102,76,0.1980328428997079,2220248,0.9295693451854168,122.19849211982591,0.0059845206455131795,True,0.204516,0.039813715153159,0.20657256523413697,0.20258373491951182,0.037147616171820524,0.036847753538738134,-0.12350527733039533,-0.22988614652767783,-0.16283728045353474
900102,77,0.0703200952184959,3180266,0.3008527278632333,128.75812784012476,0.005966107223306383,True,0.076946,0.0356146215284926,0.09942224099589397,0.09832508024802518,0.030216831724261647,0.02995188190580737,-0.9349991802718544,-0.9631104294111492,-0.18604450916888748
900102,78,0.0630543061683855,97587,0.2717333411534387,1424.7236072062765,7.984272873243278e-05,True,0.062027,0.0151042179124645,0.068253486382355,0.06808147175232876,0.014270907245901422,0.014258113163291728,-0.35258280856445723,-0.36432023026865984,0.06801452245585908
900102,79,0.1545664426636507,20264198,1.1427933347475985,20.75911529456713,0.24354718641363443,False,0.142893,0.0378056838158426,0.1538737595699593,0.15134535220563927,0.03466039641609608,0.03420099103992726,0.09418120235904914,0.019984857800694675,0.30877480541057956
900102,80,0.2632637720320751,8512482,1.288347251883126,270.0169486273753,0.0011210504250877432,True,0.268751,0.0418915776086716,0.2656238008713091,0.2606490861700376,0.03958634773069167,0.039491784552211986,0.06620834919679644,-0.05961724115822439,-0.13098642450717896
900102,81,0.3136472959268275,12825565,1.5508447610318925,57.20758250655379,0.02870456815750761,True,0.244827,0.0411003708591592,0.2431377007565133,0.2384836169150561,0.03865834832115149,0.03851893169697061,1.951343812000964,1.8239163914754124,1.6744446458319715
900102,82,0.116509081491108,15973331,0.4641972128476784,32.84013157776704,0.1584651228515032,False,0.151546,0.038048003851042,0.16038759441768208,0.157676769540447,0.03491096889318419,0.034453029582374936,-1.1948931211088343,-1.2568689531598953,-0.9208608852664539
900102,83,0.2709860502284256,20674115,1.520707741223474,21.995342973100687,0.07354837910120997,True,0.277221,0.042159949053252,0.2722135663875914,0.2671756791479153,0.03975423138024896,0.0396683826185699,0.0960556198408391,-0.030877622747240346,-0.14788798164103742
900102,84,0.1829046595462748,10619224,0.8571139222780574,52.14411113595688,0.042048129448787615,True,0.143639,0.0377484197792244,0.15321138397311682,0.15072997131833832,0.03443597849636757,0.033984898626151554,0.9467348595584126,0.8622747739341903,1.04019346441319
900102,85,0.2050168637472135,18023066,0.9359095206174376,22.349630032097988,0.1809920094380086,False,0.238918,0.0409483667612073,0.2372837184390832,0.23271909090146017,0.038423180022643964,0.038265521595843746,-0.7239474597219544,-0.8397757466418405,-0.8278995948845254
900102,86,0.1463111389584699,6814818,0.7999055275127214,26.392411387631,0.11019027959116086,False,0.146988,0.0378826307294888,0.15680266077882604,0.15419863921353535,0.034731502270411156,0.034273636466515295,-0.23013315971800663,-0.3020750942090461,-0.017867318834413146
900102,87,0.0599299393877683,813400,0.1878164094069232,21.07744693429616,0.11351027525424603,False,0.0355282446522565,0.0150206986590758,0.04577350108322015,0.04565167264195124,0.013218282610899213,0.013202002791958578,1.0815227788403468,1.0709740986227194,1.624537931913561
900102,88,0.2091504804698747,6019127,0.9103156035268222,23.39563817982896,0.18941004288312618,False,0.28729,0.0425309242451604,0.27947481363323384,0.27436822697848784,0.03994150692861252,0.0398625744667483,-1.6360645889295253,-1.760683023027896,-1.8372401003962855
900102,89,0.0834635728884861,19643754,0.3855663841332404,38.98028315180833,0.033750833162930954,True,0.085522,0.0359005794421427,0.10631503744680329,0.10507151942420613,0.030997600737634714,0.030702196761802858,-0.7037915463626646,-0.7372010741003201,-0.057336877106155176
900102,90,0.1265872311918745,13864707,0.7706889748723047,26.126826574411112,0.08317251920369612,False,0.16525,0.038479008896557,0.1727365318625967,0.1696445412711835,0.03559663523014996,0.03515084839600778,-1.2249294695316424,-1.296451205917188,-1.004775588478968
900102,91,0.3302363012111078,6105422,1.5796333003149514,20.60327561083205,0.2730218482052259,False,0.288338,0.042562672062993,0.28064794440021856,0.27552397147194974,0.03999697573293231,0.03991836383937382,1.3706055177840755,1.239802657630929,0.9843907626170203
900102,92,0.0462104391867324,31073,0.2830683904658518,25.47959244502638,0.1084093229528434,False,0.0319021648280463,0.0150180024717473,0.04300709161968409,0.04289256601416547,0.012993327938887892,0.01297650730236932,0.2556830659634536,0.24653788329785534,0.9527415104374645
900102,93,0.1785178816932976,17842167,0.6873365327222537,20.10652939158469,0.14217019079432897,False,0.1568,0.0382405010391778,0.1661432040025382,0.163235276199874,0.0353534956168604,0.03489321384621713,0.4379821692773204,0.3500269909620422,0.5679287954686422
900102,94,0.1820362096914659,11607686,0.8331060564568875,51.55371246737515,0.009644674229432777,True,0.166728,0.0385171847748133,0.1747832355353026,0.17161974679601333,0.03576178831218599,0.03531825603859666,0.29493140556173536,0.20281351963855276,0.3974384364008884
900102,95,0.1816710146173412,4451088,0.8450276077511845,135.05974619098578,0.003926539524136157,True,0.211196,0.0400390905724621,0.21503383302031576,0.2108217105041011,0.037713521255148874,0.037451529420498224,-0.7783579559451833,-0.8846381163206729,-0.737403995958024
900102,96,0.1514803758781509,9579058,0.7050511702164785,39.604803105774025,0.05437618392491698,True,0.217746,0.040218114189504,0.21991966121412446,0.21563354034955834,0.037811422810147335,0.0375775005345091,-1.7072227678499452,-1.8100161340029421,-1.647656173275844
900102,97,0.2591307373091597,16211495,1.2938024881289547,23.33600410187156,0.14793258912556184,False,0.187972,0.0392685164877411,0.19314308312328188,0.18946120058753024,0.03665064073484592,0.03627702427191258,1.920486537137804,1.8004502203187809,1.812106584962896
900102,98,0.3221508859849648,18003288,1.4993784633954887,31.3642109821647,0.0889608143446883,True,0.328366,0.0439231097465834,0.31627743640545325,0.31070230680576605,0.04129737233776642,0.041198548171145676,0.2778879277890912,0.14222332431887583,-0.1414998630764905
900102,99,0.0686977324624309,10734136,0.3197319687049262,35.85958303824084,0.08952203705933418,False,0.0764659999999999,0.0355303885981422,0.09922535554774854,0.09813279982426815,0.030186045069327275,0.02992230424547894,-0.9837165988406354,-1.0113157591597668,-0.21863728048207115
900102,100,0.1715786506535856,7780998,0.798182755708712,55.84395848222772,0.025922406891141492,True,0.223578,0.0404148546680149,0.22418998893074177,0.21983935030927843,0.03791879859984886,0.037707422304254785,-1.2798726804045484,-1.3874737655154998,-1.2866395233524788
900102,101,0.0770972796270329,18923043,0.318195793301411,63.67264990229036,0.020623626251677952,True,0.144838,0.037826620980535,0.15491863150724322,0.15237146673815383,0.034629682005958035,0.034172982266869135,-2.2027397703623777,-2.2472441955089613,-1.7908213479555954
900102,102,0.1250045187155817,16177116,0.5248395954148881,76.99914723574052,0.016950075087966424,True,0.082988,0.0357992950896995,0.10438846283115555,0.103186447150933,0.030794588425760057,0.030507614186042347,0.7151680702265716,0.6694700899843997,1.173668883990709
900102,103,0.2409647374338992,11181888,1.1643374192016258,419.1725101352295,0.0005330424866370995,True,0.26409,0.0417312893193797,0.2595739608394565,0.25470864819234146,0.03922854070300498,0.039127737077367976,-0.35125749110576393,-0.47437970090311793,-0.5541468510382588
900102,104,0.0775002664629798,20333336,0.3055367569337358,44.16444171135137,0.05813380390655509,False,0.0853039999999999,0.0358677029916209,0.10604172069669862,0.10480625915903738,0.030945098837755727,0.030651740349502205,-0.8908464049579172,-0.9223255153703289,-0.21756992743145914
900102,105,0.0782982742245356,5628624,0.356884833507135,37.50301274457001,0.04644092364704109,False,0.0469446088021615,0.0345597197359268,0.0767289393584247,0.0760383594470675,0.026902359530090778,0.02672421214937349,0.08456431811109859,0.0583344693001953,0.9072314724178788
900102,106,0.1373651735240728,4661345,0.5929262313924962,40.42774537739192,0.03800931572843295,True,0.115125,0.0368662421983352,0.13076287655871102,0.12891095414060744,0.033171513334757353,0.03277088861663975,0.25797955869810135,0.19903514496710753,0.603266625451647
900102,107,0.1318838329690245,10018677,0.6495022523518332,28.70496325959737,0.10852584591141227,False,0.101075,0.0363499169246304,0.11907055844578275,0.11752981843037029,0.032198978363809826,0.03184775569725989,0.4507072546995582,0.39794040601124436,0.8475626789713155
900102,108,0.0819010159340198,6137269,0.4223835198215697,31.56623742787377,0.10446365678959357,False,0.0826539999999999,0.0357681067357775,0.10428433015939197,0.10308371036394878,0.0307930788454303,0.030506278191192844,-0.6943716403938263,-0.7268943238098406,-0.021051828981121685
900102,109,0.0895360600402225,7973295,0.3962572920828027,28.88296242959128,0.08100195800894136,False,0.083124,0.0357576597202859,0.1042645787021555,0.10306937324259274,0.030732668575203032,0.030447917176311855,-0.4444741860011037,-0.4792463311766179,0.17931990209596513
900102,110,0.1199896970937172,20707104,0.5853323153773125,23.48490751962045,0.12974201314188208,False,0.082483,0.0357261459381984,0.10362858768165403,0.10244856422755642,0.030643729658000548,0.030362415351364098,0.5777252126739222,0.5339137759881514,1.049838881546275
900102,111,0.2710164944935943,2165051,0.9593848675989178,21.19441894641493,0.2417685437153744,False,0.172207,0.038773619331479,0.17992602571514082,0.1765960879410695,0.03610415062332887,0.03567243480106501,2.6468730569999055,2.5229916008492084,2.548369128217395
900102,112,0.1444368924162737,15549727,0.7078436707555346,45.83621584453015,0.05097757486092095,True,0.145255,0.0378450326311158,0.15605212734696428,0.15345842403790683,0.03477489566324398,0.03431397146972393,-0.2629113225670498,-0.33401207132786703,-0.02161730422326713
900102,113,0.2706497520137951,20190339,1.3379065052249903,38.93408877311971,0.039364642271389944,True,0.217187,0.0402639086759269,0.2202986028517176,0.2159794495348003,0.037947437622582875,0.03771184184430892,1.4496852926117443,1.3268655887351155,1.327808297105531
900102,114,0.2447385815390011,18757925,1.1898597658719865,143.78053906903736,0.0029229655093495977,True,0.244388,0.0411544648257847,0.2412030932932387,0.23658986941959262,0.03852958946463836,0.0383862569138855,0.2122820189967739,0.09176034042634194,0.008518675688900192
900102,115,0.2076177687802526,16798160,0.9856512902789688,158.93501165546587,0.0012194219863909915,True,0.169768,0.0386700458928534,0.17465125512160368,0.17152779492884118,0.035540287924904976,0.035105393994747845,1.0280463981350236,0.9275815021056012,0.9787877905582624
900102,116,0.0633870354910014,17644148,0.1751252701571903,35.38660093716667,0.05839175872355533,False,0.053747,0.0348421519625981,0.08232735414926558,0.08154046667861338,0.02793775308347785,0.02773807629266839,-0.6544589104187524,-0.6779470990981491,0.2766773849488303
900102,117,0.1358493866245049,20124382,0.8009266646870629,22.203592861465687,0.22375366927265505,False,0.087197,0.0359496579769822,0.10773436299929273,0.10645896030311289,0.03115151473063009,0.03084961772960457,0.9526998544681399,0.9025250896569647,1.3533476912535858
900102,118,0.1648726932676965,13284711,0.7599893888491343,187.883818495227,0.002945937690563605,True,0.149342,0.0379534387867645,0.1589016400079084,0.15623274334858178,0.034852693566517136,0.03439383592392337,0.2512063480859082,0.17132257650021215,0.4092038498791447
900102,119,0.1217233156216967,17446253,0.2578613379095765,23.71861565938409,0.1551763506326051,False,0.145391,0.0378751057394423,0.15490171759102,0.1523591491329543,0.03460095870341712,0.03414551167482559,-0.8972140702710407,-0.9588867826961879,-0.6248876119613386
900102,120,0.1473800202055011,8635362,0.6701687060250126,73.65100866643479,0.009478981140817655,True,0.1441079999999999,0.0377664363103342,0.15555642340460152,0.15297496529473678,0.03476660471789152,0.034305153033904606,-0.16309343041571842,-0.23517980157817095,0.08663830970479595
900102,121,0.043218852948491,814267,0.1830908739202449,218.3432081256031,0.0011506755254398911,True,0.0462782784172253,0.0150221801359076,0.054416857445068356,0.054274454308977066,0.01372824820837643,0.01371357614514467,-0.8061793104492535,-0.8156907077004025,-0.2036605500037466
900102,122,0.1064813105993826,9970808,0.5304481089511568,30.85059009204141,0.07004663983703573,False,0.126864,0.0371912169713301,0.138553291154692,0.13651345780681753,0.033465991050987215,0.033048931922528425,-0.9087176335330511,-0.9583454590197567,-0.5480511545596903
900102,123,0.08540330733298,16490860,0.4729474811002413,24.309782441358,0.1347514250641803,False,0.0652399999999999,0.0352093520410637,0.09035601569680177,0.08943383625718049,0.02905280186548309,0.028825332070334313,-0.13982593207828187,-0.17047265825696328,0.5726690826194187
900102,124,0.2598376447018094,12465667,1.3366842686494544,27.33754276830437,0.06503734322320677,True,0.21541,0.0401224394299899,0.2166569802868686,0.21245690141808216,0.03756903417854409,0.037322232877588055,1.269504518637183,1.1493684987941892,1.1073016828732891
900102,125,0.1029156297040422,11192048,0.4831163133227079,64.04086441036453,0.022471416644733372,True,0.150632,0.0379779163210566,0.16090954630499354,0.15816757572096848,0.035038398908894104,0.03457630808022645,-1.5979712434516353,-1.6551531578753231,-1.2564241253410149
900102,126,0.2540340475622463,16717967,1.2099864600935373,60.904080680169,0.04041330050586564,True,0.301719,0.0430356962498786,0.27846848715082984,0.2735803205382017,0.039078536060248255,0.0390117199063914,-0.5010359200480439,-0.6252649677283822,-1.108032554205237
900102,127,0.1599792221100338,4441843,0.7869842964703624,48.12419494250376,0.04740114572519318,True,0.124388,0.0371623450560106,0.137757507721682,0.1357192497340935,0.03358103123584988,0.033159549401732574,0.7316134511367252,0.6617341269921666,0.9577227178852995
900102,128,0.2643669675811373,2357852,1.4105245354133882,20.752928518149,0.1976670369454427,False,0.2685349999999999,0.0419581744299392,0.2627584485872688,0.25784847562025137,0.03936339384757577,0.039267819164297724,0.16600086532975966,0.040863320883789925,-0.09933779234895657
900102,129,0.2092406324398222,15172688,1.0132456991390069,43.249488849280425,0.035453646001644176,True,0.241956,0.0410399060007153,0.24172810547863932,0.23706883197519507,0.038715322941632525,0.038568954698038525,-0.721518116144022,-0.8391373381489149,-0.7971599047913903
900102,130,0.2266504321909298,10297928,1.199970232218181,21.567956097556056,0.16684631065339772,False,0.194627,0.0394292723252963,0.19895363950939438,0.1951344557198525,0.0368604959009215,0.036517977266832105,0.8630263456487247,0.751395009876767,0.8121740600925272
900102,131,0.1192853172418411,4642397,0.604684212711462,24.961467849477465,0.15878695106163604,False,0.125529,0.0372110790439582,0.13947730661330884,0.13737820032915127,0.033784628654138685,0.03335430438783959,-0.5424452231690529,-0.597667938818507,-0.16779096222345793
900102,132,0.2124119735209916,10803527,1.010473726698007,44.34587595259183,0.05577682619828507,True,0.182688,0.0390352688455336,0.18926628835697026,0.18568333990564628,0.03649432181870633,0.03610137643804469,0.7403771338529321,0.6342270252068984,0.7614645524439011
900102,133,0.298873383590204,8123133,1.2422352980189548,22.55049760452549,0.21454167463214624,False,0.221592,0.0403328919002311,0.2220136593299037,0.21771237947705924,0.03778516087402369,0.03756494119474891,2.160551874482636,2.0341245738387035,1.9160883326038212
900102,134,0.1307009484999911,3021907,0.6188370703699663,35.12536791768465,0.04702697328887859,True,0.16188,0.0384022228242865,0.1702051471479838,0.1671792604159146,0.03552920178392463,0.03507604818693158,-1.0399778139635008,-1.1118797120251258,-0.8119074680304839
900102,135,0.1707435355584977,2071157,0.7978907881741519,36.11194909791417,0.0747206249233918,True,0.155114,0.0382089991780324,0.16442866878958315,0.1615745206472849,0.03525498181268078,0.03479353678618938,0.2635263832923207,0.17911984191247451,0.40905378038490003
900102,136,0.1822178787940044,10257320,0.8470571002307762,86.60474356259388,0.013361490689507665,True,0.170791,0.0386410691610102,0.17877041388312226,0.1754839265952074,0.035990890096651844,0.03555737920904472,0.18938269210471173,0.09578715340532357,0.29571849439234454
900102,137,0.2130573287549207,5138100,1.0173301863234177,57.09279404541642,0.01982048300304763,True,0.180956,0.0390268335583188,0.1876888171201921,0.18414283579154575,0.036454041117951336,0.03605302063693743,0.8019991793350918,0.6959039617211659,0.8225450498552709
900102,138,0.1173799260539075,1619438,0.5180073385870084,58.51975449692943,0.014029555596400765,True,0.11284,0.0037519802955797,0.11300293157120997,0.11298682974540492,0.0037447321074608893,0.0037443263990789783,1.1732674559523413,1.1688404823343546,1.2100079681271518
900102,139,0.1106171011502345,13421898,0.5656224570284444,23.01259692290046,0.21756975610587379,False,0.089995,0.0360073202067211,0.10979573014640145,0.10847753729485196,0.031321238973849655,0.03101156542015902,0.06899244931349771,0.02622409044925762,0.5727196867703914
900102,140,0.1013288286169742,593614,0.4616611345203543,75.67811681288687,0.01550221168611434,True,0.084911,0.0358091446563913,0.10575938220182035,0.1045316105504107,0.030897593298974724,0.030606143464353044,-0.10464506699992354,-0.14339477971551806,0.4584814514424296
900102,141,0.0508814704695129,2453662,0.1964246308481668,64.64036122792551,0.02262863324282534,False,0.115473,0.0368965329093066,0.13029225539148293,0.12846164607664468,0.03306498257419762,0.03266896978653597,-2.374735907316713,-2.4016581513016892,-1.7506124407205443
900102,142,0.1289640054874759,5198253,0.5836220660425181,47.62206280017095,0.031908208161172257,True,0.096747,0.0362444866395741,0.11498407773596378,0.11354738006900211,0.03179221262055835,0.03146040048000546,0.49003271360998024,0.43972805285254196,0.8888801711513077
900102,143,0.2787456498961694,15425709,1.3729195813749238,132.27776087512888,0.0016041194479225107,True,0.247936,0.0412346614919502,0.243567837639237,0.2389400190181638,0.03853497868696152,0.038400703626484456,1.0365859767879924,0.9128800236974041,0.747178436330417
900102,144,0.1586039198759843,3479214,0.6419673632816001,34.03368605267425,0.07573143606083738,False,0.125406,0.0372077728969507,0.13853082149535975,0.13647045092917287,0.033632353407926384,0.0332085177471547,0.6664997551330883,0.5968389466285094,0.8922307703803735
900102,145,0.0636330946788415,1023942,0.2128434608006889,22.01083768057992,0.15005906509939443,False,0.07417,0.0151066062919097,0.0718262845729842,0.07166539042491517,0.013625131535066413,0.013614693623607848,-0.5899725670025866,-0.6013292328999723,-0.69750313985488
900102,146,0.1178582524856217,9699383,0.5266871998508764,385.538769323715,0.0006791935789168086,True,0.092765,0.0360703732637603,0.1119935094134952,0.11062666488775894,0.03151714441878397,0.031198408212634473,0.23179347960881486,0.1860810419306631,0.6956748770557568
900102,147,0.0912651318520695,4344392,0.4007321809952616,41.03172461686228,0.012226015461060892,True,0.104244,0.0365029886481711,0.12144648990008315,0.11984577413200079,0.03240228098819522,0.03204074773636833,-0.8920092163607781,-0.9314578211024499,-0.35555631548489064
900102,148,0.0588784103696219,12508111,0.2651439832200507,63.83430935653512,0.01297153580998025,True,0.039088762326295,0.034294926450931,0.07216659071031255,0.07153948334784899,0.02618316998183626,0.02601634482145456,-0.486658408977807,-0.5075084624936131,0.5770430233067223
900102,149,0.168326428309134,13663805,0.7798700429161669,339.7987207144713,0.0009587981145779579,True,0.103679,0.036444715408774,0.11979695415977794,0.11825404866405094,0.03210739835887656,0.03175879681978874,1.576645989746161,1.5114732625460254,1.7738491735778583
900102,150,0.4116828030824435,557388,2.077427378700719,21.24114113538552,0.23409683887878707,False,0.42881,0.0472483322609922,0.4065752032816515,0.39912189625465205,0.04442585517050209,0.043991703337512185,0.285528994670243,0.11496908233256371,-0.36249315262491505
900102,151,0.2877637093406697,5269650,1.37915807863358,31.482858202233103,0.059301600679613195,True,0.230408,0.0406658100743003,0.23063895207642593,0.22616581209899034,0.03822743400740035,0.03804274549973505,1.6191759146854519,1.4943393075555407,1.410416003907837
900102,152,0.2262366146020816,15086210,1.090523761119024,31.493694897190693,0.055136107107656776,True,0.176735,0.038877068912323,0.18390892747866144,0.18047074280445508,0.03626197077945053,0.03584583937699303,1.2767415296459896,1.1672748671290378,1.2732856665125518
900102,153,0.2047704429431059,2572352,0.9697367340819651,240.17064418255305,0.0010504956534154808,True,0.195047,0.0395195924219473,0.19992615936317237,0.19606185528493517,0.03701385410840522,0.03667274814845181,0.2374675500979158,0.13087757804809275,0.2460410734829836
900102,154,0.1499348636360599,10188559,0.6782595592622896,89.4837444172793,0.010386804300611426,True,0.117005,0.0368804825038975,0.1312084150745223,0.12936193385785705,0.03305371735778526,0.03265739608794017,0.6299623436848382,0.5665459155118869,0.8928804993963921
900102,155,0.2180470061563379,13757049,1.0464980201567973,175.34537635840928,0.00488250875490531,True,0.130721,0.0373376551370642,0.14206202551029978,0.13991544650623053,0.033738716019244296,0.03330992396164974,2.34559405599549,2.2521598214554723,2.338818702882374
900102,156,0.14553514776947,8330863,0.6565534025601438,46.29626602503123,0.026420745136350714,True,0.186223,0.0391610063110135,0.1919556216016214,0.1883063944303871,0.03658816493618011,0.03620890468380418,-1.1812355837443542,-1.268729216486303,-1.0389889347426475
900102,157,0.1904920557863712,4858068,0.9147535132463116,80.96965286655515,0.013744495732226773,True,0.185068,0.0391572137562413,0.1910197766485327,0.1873891113103692,0.03657893137796574,0.03619410808818393,0.08573065175254344,-0.014426907574434409,0.13851996263413038
900102,158,0.1008878840551446,3892881,0.4101235092282226,48.41364041814112,0.032024217387670854,True,0.090865,0.036073209470614,0.11092606867709812,0.10957570624821783,0.031500838482921886,0.031183717293921855,-0.27860123638199524,-0.31866404532043496,0.2778484144392377
900102,159,0.1659287179525615,2768835,0.7050805681372131,23.890593366945776,0.14322759214349937,False,0.134149,0.0375129204227104,0.1467280163811299,0.1444130506954034,0.03425882242226187,0.033809627587781756,0.6363769373470864,0.5604600571137763,0.8471672584926768
900102,160,0.0640129855139655,10912334,0.1837279309104923,20.240255839717925,0.14595215830854028,False,0.080125,0.0356489457095957,0.10176537478641709,0.10062427692058086,0.030437437265648796,0.030164158735379334,-1.2137348741529537,-1.240327460651831,-0.4519632815311448
900102,161,0.2306685120110208,12903847,1.2011951349566354,31.674063341650346,0.07835267699158338,True,0.170539,0.0386473398801906,0.17663075011265988,0.17343480166888597,0.03572274947346647,0.03528944127116031,1.6218366820363372,1.5126988458292703,1.5558512486868799
900102,162,0.182643474112508,8177513,0.905644223464629,39.90018420555952,0.04569493251731969,True,0.183774,0.0390925871833492,0.18957798755797411,0.18599386333582255,0.03646946064997491,0.03607952892982513,-0.09286122415375951,-0.19014576365748592,-0.02891918823867246
900102,163,0.2112019898844741,14473954,1.0085581873175389,30.125782986915087,0.08766428013776592,True,0.257131,0.0415323565971461,0.25458589170006685,0.24975949855706417,0.039150516555462776,0.0390382985698119,-0.9876841482637352,-1.1081310192710412,-1.1058609209447532
900102,164,0.2857891304667446,16161364,1.4142806542751285,24.66988924044667,0.12325146125265006,True,0.3065739999999999,0.0431880110719536,0.2981814259735066,0.29281980942364116,0.04072528043067366,0.040644838883004394,-0.17297839406214124,-0.30428999814641744,-0.481264800516666
900102,165,0.2201858137305767,18029349,0.9824056367859751,56.28121623558471,0.03585109257015468,True,0.215436,0.0401958479232304,0.21793161188633656,0.21367338548133857,0.03777855755279956,0.037533417988864816,0.1735101303902081,0.05966881718788882,0.11816677532585748
900102,166,0.2623025821918579,15267522,1.121979738102692,28.60238651320207,0.13824162943214643,False,0.26427,0.0417761471966806,0.25991355156627394,0.2550328831368377,0.03928636261721747,0.039185437002664296,0.18552042827864718,0.060810685093482836,-0.04709428561900521
900102,167,0.1622700092261508,7315106,0.7475866183240608,257.3198853700213,0.0009819254871867896,True,0.1116819999999999,0.036721336919484,0.12719045279553803,0.12544646039837726,0.032804782222838634,0.0324218075345082,1.1357648332401071,1.0693427620498102,1.3776189395574368
900102,168,0.0893267075387061,1793613,0.3796062645747143,50.80729718236565,0.03674120794015896,True,0.090984,0.0360656291575793,0.11026996915189646,0.10894328273667783,0.03134344739868041,0.03103249865475602,-0.6321300587558492,-0.668186282982774,-0.045952129492952756
900102,169,0.2910482804569016,13289917,1.453992572885011,35.88837174870247,0.07789805357266893,True,0.234474,0.0407595332073486,0.23305239148012388,0.22856715108657547,0.03820068200098326,0.038028887222270547,1.6429912609626884,1.5181898840257606,1.3880011865960666
900102,170,0.0701285453616172,864257,0.3170192528385513,41.397674963201325,0.04155776600148521,False,0.0356990007118316,0.0341997788625576,0.07076287461989625,0.07015074480779684,0.026028658515715095,0.02586338601613866,-0.0008583348740879069,-0.02437041685786728,1.006718341313006
900102,171,0.1293317635951636,12276048,0.7395267324190766,21.85397516326635,0.21899359992731293,False,0.0358450492347976,0.0341877077589039,0.07112383790534965,0.07050484293126755,0.026128448946176188,0.025961510001379137,2.26592831698815,2.227760469430103,2.7345125043084577
900102,172,0.084125427546042,6303035,0.357275157555312,23.49653597426688,0.15545841742085212,False,0.0466467506521231,0.0345350103077868,0.07808984574224215,0.07736686797180282,0.027329833175718042,0.02714252534105344,0.24900260713828157,0.22084224828574295,1.0852371712038662
900102,173,0.1906830697179084,2501663,0.8748010526632817,50.25479168547841,0.03182418058661841,True,0.145522,0.0378785124318043,0.15685087253461721,0.15422170761020376,0.034893788115043615,0.03442937487361861,1.0590189987923087,0.9695765066191039,1.1922609104361073
900102,174,0.1977636904183577,13841956,0.8559281877569442,24.185594549286662,0.14044896624750927,False,0.243157,0.0410528906793852,0.24009757091846434,0.23551270178429445,0.03843496646363033,0.03828910511486538,-0.9858943230115101,-1.1014418482754686,-1.1057274854566248
900102,175,0.2044498539863784,11253594,0.956792848961454,30.30051126350057,0.09606189304184308,False,0.188416,0.039226807195156,0.19238246307491588,0.18874693291172945,0.0364739837080163,0.036101859259006566,0.4349615614528621,0.3308492707587173,0.4087473626545467
900102,176,0.1361426658713056,5700469,0.6071615189866717,72.29843219803796,0.02028652710124875,True,0.174521,0.0388056734144761,0.18044601318951137,0.17713029802712477,0.03596112714411249,0.03553769835575366,-1.1533564088903112,-1.2319788292692335,-0.9889877111210682
900102,177,0.2554299595889781,5071957,1.1797141409499012,28.6151528864938,0.1265627965200094,False,0.2228409999999999,0.0404140935121226,0.22301673262617594,0.21869177580511737,0.03785061439662469,0.037634601968699014,0.9761810106140124,0.8563461248780302,0.8063761118185861
900102,178,0.2433379097185573,18639794,1.2307866953526023,23.44459410590892,0.19957465217839565,False,0.215389,0.0401852574607928,0.21675702981542555,0.21254222403717732,0.03763380249984698,0.03738586676669102,0.8237253364637094,0.7063033267297351,0.695501571585698
900102,179,0.1384141242814426,2869533,0.6833791498072009,26.72016436467036,0.13254853154833177,False,0.152698,0.0381176121419283,0.16131875765545978,0.15857683280454105,0.034978890752361914,0.034520444802670185,-0.5840802063343881,-0.6548130281252722,-0.3747316506965962
900102,180,0.0706959749072548,10755881,0.3036912668086497,23.495940643606875,0.20144353584435168,False,0.057,0.0348841725724746,0.08511043522943643,0.0842746317849537,0.028395623413227742,0.028185391780345775,-0.48176221865284025,-0.5076296481473563,0.3926128641520831
900102,181,0.2690394145109069,14569978,1.3213564593965317,410.73417578029085,0.00033004519961525824,True,0.305057,0.0431219674874151,0.2989850370742647,0.29358265714308474,0.04087130444135836,0.04078836142365892,-0.6017217111825861,-0.7326808618580652,-0.835249122146494
900102,182,0.210895865302759,6988244,1.0553480080106368,27.791213172894498,0.1583511209962067,False,0.177101,0.0388887848098219,0.18389815759142147,0.18046556275368367,0.036231786649842466,0.035816773244082126,0.8496103862204623,0.745138736111842,0.8690131478272274
900102,183,0.1045894421057613,10882370,0.5697825982146985,30.12105975896595,0.11848436816774018,False,0.121517,0.0370179873527973,0.1353534824023282,0.13338751094511422,0.033384416017986036,0.03297201004175746,-0.8734095617125424,-0.9215090142655965,-0.4572792608337082
900102,184,0.243268219278412,3210486,1.280067838963819,35.488926636348005,0.14448439856811393,False,0.166045,0.0385619700413295,0.17463755736638195,0.1714630964138012,0.03584576130374084,0.035398416301261525,2.0284840500633305,1.9146102472335491,2.0025745364058576
900102,185,0.0834193563836297,12545165,0.3473212984174654,40.539014095732085,0.03824090777466455,False,0.06863,0.0352757530772226,0.0932567961622414,0.09227940778743775,0.0294619607014195,0.029222468657174715,-0.3031931185469071,-0.33390309213662517,0.419249912291146
900102,186,0.0670129290407117,1070571,0.3881035902798486,33.63605380640029,0.10243275155120896,False,0.071279,0.0151060352392062,0.076574772605101,0.07638731038663732,0.014434630597076765,0.014421487524464632,-0.6500287387152615,-0.6624238493727522,-0.2824083812684442
900102,187,0.2465198006499568,19186135,1.21436641673781,22.55393456711826,0.1832617465020038,False,0.228678,0.0406186244839379,0.2255963657954591,0.22126571997827393,0.0377692506212559,0.03757103840853633,0.6721688231524898,0.5539806723812076,0.439251719540924
900102,188,0.0539259054055318,7807796,0.2686413076344449,27.31364450630359,0.0901994073103072,False,0.102241,0.036393659368046,0.11940509956243668,0.11786297428702663,0.03216052595247529,0.031810343192054766,-2.0099459001581703,-2.0360112970063278,-1.3275690170604098
900102,189,0.1199855066585064,12990845,0.5132757640006909,26.63541930376562,0.08701190647404757,False,0.146144,0.0378575915427808,0.15627700480197385,0.1536859385177731,0.03472301553081448,0.03426459016669727,-0.9835352384287704,-1.045171267203479,-0.6909708799603196
900102,190,0.1889226928680418,14081550,0.847139233537416,23.87569385392448,0.15551837531652682,False,0.1350569999999999,0.0374838340484223,0.1459067009269543,0.1436438349271331,0.0340051035919914,0.033566013970757834,1.3489495053048277,1.264986351966835,1.4370379721150517
900102,191,0.1771185664506536,13205449,0.484502409104344,21.19193204309146,0.2859553510777889,False,0.117568,0.0369004045304981,0.13157442963408106,0.12971911623271581,0.03307021640712858,0.03267295698539735,1.4507242255153767,1.377195003984162,1.6138187970659017
900102,192,0.185057366163577,11185915,0.8569931689721719,168.38847835559497,0.004128419257839588,True,0.16009,0.0382890164880795,0.16823487875452964,0.16528147361866224,0.035348420090313165,0.034895221132183976,0.5667220869586458,0.4759049305758749,0.6520764556945476
900102,193,0.0472643963220815,874670,0.2044562527135216,128.0257586852264,0.0035784459428130255,True,0.044040513251943,0.0345233592007034,0.07623192209404091,0.07553740391615073,0.02702344865624524,0.026841597344893334,-1.0533280575959545,-1.071940378167273,0.09338265872090505
900102,194,0.1212939828720121,12270881,0.5452379264688382,235.85577567934249,0.0014316570944745673,True,0.105253,0.0364968815023262,0.12196350116309082,0.12035566474543095,0.03238824121189595,0.03202669161931109,0.029298003606946572,-0.020671647055438613,0.4395165343370417
900102,195,0.0942518784367806,1459665,0.8872045676833193,23.15124511990477,0.23085243405366057,False,0.051839,0.0347411200700605,0.08144805867362814,0.08067260505485249,0.027849503846343035,0.027651636672582754,0.4910838928891421,0.4597503723512023,1.2208264543932055
900102,196,0.0451660957056093,10108848,0.1924433218988891,32.63280106586371,0.05198306859086042,False,0.0640029999999999,0.0351233575659071,0.08977369831959864,0.08886019959698827,0.028999801637292752,0.02877390128691103,-1.518532487329238,-1.5382037150428467,-0.5363070503451771
900102,197,0.1706286774047163,17144618,0.7724668204843527,22.132057012060425,0.22441802312513315,False,0.1938339999999999,0.0394649598814755,0.19783195982158203,0.1940379336678041,0.03682382193691844,0.03647529375096058,-0.6417838996148273,-0.7387414175385351,-0.5879981296060046
900102,198,0.2129605397426208,13619038,1.1822083820220293,34.20521768923424,0.089024020116846,True,0.203505,0.0397422211967927,0.20656749474814637,0.20257036669877004,0.03718919667267566,0.03688757338012156,0.2816713622439026,0.1719059717999139,0.23792177331507322
900102,199,0.1593190788364852,12998964,0.5212066877334798,24.49329189353801,0.1577737179834772,False,0.099496,0.0363064393031068,0.1176292208920312,0.11612536566709568,0.03206104021392048,0.03171652449037489,1.361867791740474,1.300327677027547,1.647726408449149
900103,0,0.1573776464140677,1078496,0.7500448623356636,86.5913918708544,0.01316271387804202,True,0.136473,0.0375727399325537,0.14858060942520995,0.14621298344656306,0.03434904860887092,0.03389715333089541,0.32936874841725045,0.2561071512934378,0.5563780137299897
900103,1,0.2351724188395176,15295832,1.1867940348829067,24.558947742151418,0.14252055906048117,False,0.203319,0.0397604821927089,0.20609137107588626,0.20210615419963807,0.03716276614670951,0.03685893163778458,0.8971031760991915,0.782531839767429,0.8011326091351761
900103,2,0.1847298722412571,19774325,0.86357087402821,309.9688163411626,0.0007285133087681748,True,0.235958,0.0408820020156246,0.23433737113289282,0.22981838914068844,0.03830978027775229,0.038141672087084834,-1.1821326762100395,-1.294904291592724,-1.2530728739547576
900103,3,0.1031257199197849,1318922,0.5125317113389534,25.818443999513345,0.0639328985414364,False,0.095998,0.0361931889922634,0.11435848421941308,0.11293822131288496,0.03171875167237063,0.03139029287251676,-0.31259668181341577,-0.3541363927450128,0.19693539359873805
900103,4,0.1085738949574538,1636940,0.4841442394368118,88.62281577882493,0.010561128023156428,True,0.104309,0.0151126499105,0.10766672542815323,0.10740332253887135,0.014759166684019196,0.014734623191621695,0.07944366159618241,0.061464820387375406,0.2822069579267253
900103,5,0.127794536384446,5551953,0.4586972778276955,21.42896629223399,0.23661499866680577,False,0.0627009999999999,0.0351120621939223,0.08890637551661625,0.08800674031809672,0.028904092608152677,0.02868074041388562,1.3872653039001126,1.3454205740006855,1.8538796162110187
900103,6,0.0543867498544781,16840820,0.2635209180281251,20.10652939158469,0.14217019079432897,False,0.0143211690079722,0.0334972706629593,0.05788123666463148,0.05744632619759464,0.02326371107590086,0.023133095110116395,-0.13225970535082235,-0.1502119244325278,1.1960849362813823
900103,7,0.0716821696802969,13155154,0.8355718784578314,20.96645721612084,0.3443646205603109,False,0.092015,0.0360579259051012,0.11123361305371277,0.10988539134883518,0.031432287989476025,0.03111730868397699,-1.2277161259839282,-1.2583062164185517,-0.5638935077191048
900103,8,0.0879810033215259,16085515,0.2501911484045913,26.466301864976085,0.10432941259785995,False,0.089146,0.0360009567686821,0.10887741380384672,0.10758147497346221,0.031212516753008977,0.030907467545181637,-0.6341662131743288,-0.6694881623189305,-0.03236015881354437
900103,9,0.2403583259258642,19229568,1.2543643443695798,27.002518607579844,0.11066352333936554,True,0.244495,0.0411591678451191,0.24235886779980986,0.2377106983410008,0.0386517138181335,0.03850986117282963,0.06875193792522444,-0.051758167396114364,-0.1005043175241537
900103,10,0.1163753457865208,12850201,0.4513717798992176,28.828970286793183,0.12290141809089715,False,0.217164,0.0402099755100645,0.21852240325035052,0.2142757321491548,0.03769446370196222,0.037455640929707164,-2.6137688191309616,-2.7098689683310804,-2.5065584580684943
900103,11,0.2049988814328775,10476736,0.7321255274102656,20.392314221587263,0.19065066926854754,False,0.164297,0.0384293919334063,0.17227001014290966,0.16918866719982667,0.03559304444016097,0.03514538510869787,1.0189165411702497,0.9195299757229711,1.059134151885858
900103,12,0.1454839594444687,8126285,0.7233015989819861,26.10442115142823,0.11722689272255578,False,0.103154,0.0364177056480896,0.12085764755735709,0.11927113041022938,0.03235992503620208,0.03200068699742141,0.819133321617487,0.7610126370676501,1.1623455868832104
900103,13,0.1877950033881909,10368755,0.8786589440239555,285.768509871934,0.0012530556518322502,True,0.268206,0.0418667633551105,0.2635091246482165,0.25858928768621436,0.03939305663965965,0.039297919546857754,-1.801476645948402,-1.9220169166512227,-1.920640387931819
900103,14,0.1862096275432557,9418389,0.8708413039709714,536.3839644445267,0.0003380792391414638,True,0.141789,0.0376857438392979,0.15277463985871392,0.15029029005285335,0.03452338155424622,0.03406809820783472,1.0543393784787758,0.9684737177905284,1.178711709464384
900103,15,0.155376919005909,11308373,0.7732138368655614,26.439768804326583,0.15570060449504267,False,0.158095,0.038264080092205,0.1687829876468744,0.1657734187874898,0.035621125875587446,0.035158953971233434,-0.29569991729808215,-0.37635162593648164,-0.07103479261859301
900103,16,0.0767268236603114,4272807,0.6736392245515823,23.90206858845601,0.1960999368264174,False,0.054923,0.0348818004863202,0.08373453866084085,0.0829196986079856,0.028225768796822658,0.0280192966239433,-0.22102178476465442,-0.2482736626581558,0.6250773571410781
900103,17,0.1638861681504795,19846546,0.7625680109017616,55.11157810497004,0.022148577508140338,True,0.122527,0.0371294302476075,0.1351424502321029,0.13319039647336145,0.03330505651610511,0.03289607453050701,0.9331135132446132,0.8630436613874889,1.1139187397884873
900103,18,0.1714893705240449,11402358,0.6233730290136947,20.087772988090418,0.23773275902985583,False,0.197323,0.0395326675749389,0.20134565879873567,0.1974662727386255,0.03697813874084966,0.036647873387466647,-0.7088242731013293,-0.8074037604739854,-0.6534754940830737
900103,19,0.2485857135888503,9173078,1.2076988634950088,317.03055070300803,0.0008079541936626563,True,0.197866,0.039560078344941,0.20208465399462933,0.19818202930696732,0.037039419835302796,0.03671208573304466,1.3729452651750171,1.2554478391127537,1.2820933554934786
900103,20,0.0991436660841718,1501437,0.5172205830491843,34.08786219625427,0.0729123485691827,False,0.052474,0.0347562542862097,0.08196742360304055,0.08118301404116994,0.027938071228648588,0.027738269837415792,0.6475044099100575,0.6147970037215091,1.3427703025722482
900103,21,0.2330850858228329,12180878,0.9913712953940624,21.581187842830666,0.17597609701915598,False,0.239063,0.0409015387964611,0.23779513404918906,0.23322605524098283,0.03842829148153521,0.03827243884861768,-0.0036833142175106944,-0.12256720360881326,-0.14615377203569443
900103,22,0.1284277179306559,1369847,0.6542724312542105,29.77771820152289,0.1035084501720333,False,0.129095,0.0372940736902226,0.1421370266791691,0.13996765672744804,0.03390098660646936,0.033465492523271946,-0.34483098638895704,-0.4043926186471823,-0.01789244250673047
900103,23,0.1051733850648498,20168248,0.4676492276711844,98.8664172379715,0.004462018495207045,True,0.194545,0.0395083644504342,0.19877135832936724,0.1949460609321647,0.03690743719334502,0.036562336314833965,-2.4553320415384015,-2.536019306195408,-2.262093513065383
900103,24,0.1304716279405464,3246722,0.7563431179376343,22.81894866458904,0.11256281605924578,False,0.101748,0.0364387602656356,0.11917290376096049,0.11763111252637469,0.03219341722045908,0.031842224658280446,0.40325434394021153,0.3509638042526755,0.7882712729838633
900103,25,0.1191615953619733,7230652,0.5339740235046887,1424.7236072062765,7.984272873243278e-05,True,0.17462,0.0388005882536529,0.18116427594201584,0.17781914156504047,0.036046125154516086,0.03562313253875487,-1.6466139281617884,-1.7200928064878136,-1.4293186555697528
900103,26,0.3003954171707392,18709024,1.492717485840782,40.385855219638,0.031294286168639475,True,0.244553,0.041141994618533,0.24207627841482926,0.23744152806190588,0.038600848054244186,0.03845906019081069,1.636906590969567,1.51082532368088,1.3573094277151112
900103,27,0.1231410482098714,924033,0.5593175862145655,74.79517255519544,0.00628882598165541,True,0.10601,0.0151129959154279,0.10923489882670394,0.10896619368135817,0.014764095007900968,0.014738474580041589,0.96175858984134,0.9418897247495104,1.1335309230371329
900103,28,0.1187840101789444,7955196,0.4391637175221036,23.974066851167205,0.11683506494044414,False,0.159326,0.0382817613086256,0.16826287852555483,0.16529607770161803,0.03542782840323988,0.0349715351768672,-1.3299978764855656,-1.3966102517896801,-1.059041915396947
900103,29,0.2210046766122858,4322431,1.0509048878220988,82.88801510766642,0.011528925660437749,True,0.285001,0.0424870872750862,0.2796213316560935,0.2744706115991498,0.040114105842436076,0.0400324612907781,-1.3355645209649019,-1.4612479528784128,-1.5062534876388365
900103,30,0.0903995217897574,20798141,0.3105625653174211,41.43623337828606,0.05106009713860423,False,0.080458,0.0357028049772431,0.10232770813884559,0.10117037445891987,0.030555147211281282,0.030277596441572695,-0.35573671410632646,-0.3903822248542198,0.2784521215096153
900103,31,0.2067049463429885,7998727,0.9074330410316528,39.6500020333033,0.059338782679841856,True,0.229038,0.0405913895874138,0.22743448356996648,0.22305391428599425,0.037925998412649056,0.037732943570549834,-0.4332810111259368,-0.5465785501922155,-0.5501918974445832
900103,32,0.2354591037780125,12607045,1.152163487068612,22.63854829403091,0.24679357893216874,False,0.208275,0.0399158017050966,0.21181397576968644,0.207683348747581,0.03750742389178833,0.037230716989345984,0.7460440538488654,0.6304119439539217,0.6810361465079012
900103,33,0.1038431920962971,7540466,0.2476577113699254,21.19193204309146,0.2859553510777889,False,0.087371,0.0359193113547427,0.10802457913776838,0.1067426964775389,0.031181494382870843,0.030878363051266334,-0.09390084495178216,-0.1340983530208312,0.45858875003521304
900103,34,0.1680976514072572,2224487,0.6715270310814956,32.70490839345884,0.06786484772231571,False,0.117219,0.0369491129600135,0.13136052185845254,0.12950585555020905,0.03309921642295041,0.03270098864050535,1.1801415633424028,1.1099093428487259,1.37699249944967
900103,35,0.121828931870219,19837425,0.547959276422829,147.9905701953819,0.002844941515135428,True,0.102415,0.0364674798502308,0.1200473009453918,0.11847936950605394,0.03230929171191812,0.03195279413413322,0.10482846508208579,0.05514298922777043,0.5323628600043258
900103,36,0.2241066613327523,14617637,1.0726311702754174,994.9974612426676,9.384412490790375e-05,True,0.227985,0.0405624377746317,0.2294281093610301,0.2249637628551444,0.038230988610549355,0.03803957769535559,-0.022531835901447136,-0.13919200684257005,-0.09561404294278507
900103,37,0.1547897871549294,18148224,0.7130704732665866,69.50825315901089,0.024530284610790803,True,0.208744,0.0399790605466228,0.21149093729763224,0.20737143301731584,0.0374730697035672,0.03719563652640997,-1.4136509217970226,-1.5131173024051792,-1.349561798285637
900103,38,0.1528113346182443,9179177,0.6218025761185708,22.23689707018017,0.14560130905156107,False,0.172126,0.0387127900948374,0.17650994182168023,0.1733389051175025,0.0355907179968551,0.035162276905999205,-0.5837952574611537,-0.6658648247987016,-0.4989220703142093
900103,39,0.0387552683789879,913557,0.2032470010705554,23.001640624158,0.21393950823442265,False,0.073965,0.0151065657487388,0.07903536805723216,0.07884317898693582,0.014474013650477666,0.014460516963989789,-2.772232189746507,-2.782925362027343,-2.3307568514671613
900103,40,0.2310013653172112,5298326,1.1977406957962025,31.05372626423492,0.07734208789680105,True,0.197471,0.0395661373036423,0.20091321237026122,0.19704890196808938,0.036935008218892326,0.03660349259565697,0.927574418216864,0.8146242385715735,0.8474510680658359
900103,41,0.1284730441392183,769497,0.5788240456708499,385.538769323715,0.0006791935789168086,True,0.128593,0.0041438709524821,0.12876281539188048,0.12873403179980317,0.004136180564229369,0.004135954400147536,-0.0631021610333869,-0.07005768925277851,-0.028947779059058185
900103,42,0.2546380456505663,11529751,1.2379692226413717,90.62126205632914,0.011084684842615057,True,0.2254739999999999,0.0404580593715535,0.22709416995062698,0.2226753898458647,0.03811269444464962,0.03791186672584773,0.8430778688855735,0.7226955769275457,0.72084638026588
900103,43,0.2363965518548346,9190538,1.1375638774309018,221.1338187340414,0.0015050737656112703,True,0.216325,0.0401493821771086,0.21754847060398114,0.21333013479795615,0.03760964111350689,0.03736721021553101,0.6172903174690657,0.5011502554350216,0.49992181115749573
900103,44,0.0559797949201517,17042790,0.2354311556834681,93.39711387004137,0.0127875848865335,True,0.051127,0.0347548425529772,0.08062499718915735,0.07986475217649319,0.027688534884955446,0.027494120221551517,-0.8687296434245986,-0.8900869031678743,0.13962931677087959
900103,45,0.1367024831650279,19159344,0.5580674711161032,31.272079658334928,0.0971969845227829,False,0.095336,0.0362324830806381,0.11455191745323978,0.11311576473888227,0.03185230130926876,0.03151877083722569,0.7483387771672935,0.6954149245518557,1.1416960596645747
900103,46,0.0533780582108076,13412151,0.238307510510844,53.67491329815188,0.02599484872426843,False,0.082116,0.0357303096501087,0.10311542115447746,0.10194780536103565,0.03056843926655197,0.0302899500768395,-1.6034937999903065,-1.6270821846666064,-0.8043015039782889
900103,47,0.1298381990333244,1974247,0.59403631841403,34.53578860385783,0.07185266248744927,False,0.095881,0.0362281345239079,0.11446286178608242,0.11303592862443927,0.031771448921668326,0.03144094071242682,0.5344073691231551,0.4839356645379774,0.9373156934402775
900103,48,0.1950811912942316,5158503,1.4487943557667204,20.688060009780283,0.2696607558983652,False,0.170837,0.038697301206136,0.17803502112373812,0.1747750884726648,0.03592575774959103,0.0354913190631932,0.5721428044252531,0.4744832465137782,0.6265085816989054
900103,49,0.2526713481126287,3381599,1.3045228211244566,23.25368133369236,0.20277553858037117,False,0.231003,0.0407098041115292,0.228282032049116,0.22389201047867485,0.03793719372422762,0.03774884906858248,0.7623898037703684,0.642886667917587,0.5322636299910897
900103,50,0.2488314541660733,5909466,1.2367286724913298,36.04998260292323,0.0684710068087844,True,0.298548,0.0429015002231869,0.29099707481927595,0.28572808028989355,0.04044948986136336,0.040371406743870054,-0.9139296620973602,-1.0424265126141554,-1.1588533169070032
900103,51,0.1176591682398726,16692006,0.4880103929480649,54.89171773696903,0.03378973504672092,True,0.0390947293331999,0.0343144624511574,0.07233000856595524,0.07169919314108068,0.026238301268371567,0.026070380068716165,1.7629192584707576,1.7275950607579342,2.2895430467109876
900103,52,0.1634249486424406,2531370,0.9403563243938168,20.73156886282857,0.13776545301403362,False,0.141035,0.0377399111379567,0.15216982693155123,0.14969570601439952,0.03454564712240681,0.03408886822738414,0.4027485610980814,0.32580433856134416,0.5932697764071317
900103,53,0.1769574805177569,7870849,0.8436410039884854,23.81279793836828,0.06263128233998247,True,0.156607,0.0381892501991903,0.16537056025092017,0.16250050210350664,0.03522258177916659,0.03476512245274347,0.4158471880518111,0.32896283240912616,0.5328850504163178
900103,54,0.2971388376046249,17815241,1.4447760319465792,38.40647964408659,0.03822683362776598,True,0.275107,0.0421304085104416,0.2690860407297144,0.26409833155392304,0.039592076721601484,0.0395043081102047,0.8363772872196407,0.708545729292468,0.5229438399384267
900103,55,0.2052887182572551,17732437,1.038483142329906,25.414804825727725,0.15303733160046507,False,0.238136,0.0409425083497096,0.23703562227952685,0.23246359548854062,0.0384626810851458,0.038302919638930524,-0.7094727369990195,-0.8253949835684321,-0.8022781961031922
900103,56,0.1823421040260993,6307550,0.8506950970892709,218.3432081256031,0.0011506755254398911,True,0.191121,0.0393478806222989,0.19584813615020719,0.1921014098012427,0.036747865027910304,0.036388541472777286,-0.26819722308585725,-0.3675324298119074,-0.2231097541992037
900103,57,0.2704864969783032,14538484,1.3337479989177896,56.85743895146796,0.029669439086858384,True,0.192548,0.039388449132995,0.19264478690317738,0.18905163673648318,0.03622122882532139,0.03586079526657394,2.2708604099955902,2.149063204081816,1.9787145392585537
900103,58,0.1567218309168614,11550537,0.8385283443631868,24.043081168995144,0.07133290346865674,True,0.156971,0.0381925766542507,0.16576245847516996,0.16288023668448756,0.035244492251516435,0.03478732664914445,-0.17703015324339738,-0.2565117832820979,-0.006524018669760764
900103,59,0.2032504353031119,13213489,0.9597401877502896,51.55371246737515,0.009644674229432777,True,0.194149,0.0394342256668701,0.19771907012396983,0.19394028406191133,0.03675387467531947,0.036406987505127754,0.255724295779465,0.15049747075663916,0.23080040622576015
900103,60,0.1916297946300746,18752703,0.6761089356258194,24.178001809448485,0.196724866817105,False,0.167663,0.0385899706523179,0.1743264699553626,0.17119096359194164,0.035653388527088194,0.03521233842039373,0.5804451494847476,0.48532062139242477,0.6210627845770343
900103,61,0.2738162699811909,12212396,1.355277046661349,71.158808156538,0.02210324976562949,True,0.262632,0.0416849255936739,0.2568625425041505,0.25205525174345894,0.03903200632314879,0.038928575471013596,0.5589985755819739,0.4343544970934687,0.2683049045165683
900103,62,0.1692927229802499,19361968,0.76538063375743,27.33754276830437,0.06503734322320677,True,0.179565,0.0389991516575054,0.1853311699392002,0.1818659198129058,0.036257650592655635,0.035850114854299744,-0.3507156639178225,-0.44234655849982385,-0.2633974479743128
900103,63,0.1297307811287811,1761863,0.5857639030570521,589.8166147157915,0.0002618160858438464,True,0.106602,0.0366013618890989,0.1230840775383992,0.12144375933186734,0.032515461790495956,0.032147839658578266,0.25777849724662466,0.20441670591080677,0.6319103971830514
900103,64,0.2572639345356871,10435673,1.2864846520051378,22.03028238105241,0.2826309174420088,False,0.231883,0.0406599419518231,0.23202959488037017,0.22754226776705228,0.0382434831744879,0.03806517118658463,0.7808100119384109,0.6598337170331454,0.6242245639642151
900103,65,0.1871007632600765,8379906,0.9255010074162284,38.93953624261341,0.07312533246687088,True,0.176099,0.0388450561691306,0.18379527441058874,0.1803547630275183,0.036287600696556,0.03586977905479423,0.18806918833408734,0.09109141376220756,0.28322171069015906
900103,66,0.1371724330801919,17689123,0.5458177631274147,24.185594549286662,0.14044896624750927,False,0.11258,0.0367726471242814,0.12857885683562575,0.12678806871990386,0.03299472717556042,0.03260300946437463,0.31850938090960723,0.2604530172000179,0.6687697243300503
900103,67,0.272123275672519,10545733,1.51962141424325,26.7839604939488,0.10309209171002545,True,0.278236,0.0421955891154643,0.2723493242516424,0.26732186329176333,0.03971072179388572,0.03962593615602395,0.12116842771488041,-0.005692381525993804,-0.14486642930269558
900103,68,0.1700459758154889,17947186,0.7888160976388292,276.148343063909,0.0011966546923011271,True,0.135965,0.0375543206192765,0.14798196853863188,0.1456349490644043,0.03429430998265058,0.03384429295939723,0.7212745374935244,0.6433722471167707,0.9075114461795174
900103,69,0.1454582210444389,4382659,0.6631720944614432,1068.0998922314843,6.876249567366295e-05,True,0.148565,0.0379477804961244,0.15892163408460352,0.15623989539935146,0.03493501977898355,0.03447283618322894,-0.31275855278069215,-0.38538444017896456,-0.08186984627146776
900103,70,0.2196934993435099,12193919,1.0489182371214254,410.73417578029085,0.00033004519961525824,True,0.266296,0.041812072145099,0.26308086066235425,0.2581436745270052,0.03947010605159869,0.039372482102915496,-0.9765748342456699,-1.0992461297703304,-1.1145704641178034
900103,71,0.1885790896408359,10714827,0.8833490828556219,81.36575516946877,0.014919112975324639,True,0.170432,0.0386341477206715,0.17713069490668318,0.1739121347084963,0.03579409516216024,0.03536028509028296,0.41478610522769993,0.3198403167418349,0.4697163186319275
900103,72,0.1632709504185787,11910909,0.7515623164770541,226.6449486495829,0.001076779933903622,True,0.1919259999999999,0.0393453517499229,0.19484271748766127,0.19115322223955783,0.03653512470816547,0.03617697523567537,-0.770718713749276,-0.8641483318113977,-0.7282956767943333
900103,73,0.1430833068607873,3494486,0.6516317287334504,667.3384720182261,0.0003188250948900498,True,0.063279,0.0351576527478239,0.08984507646434148,0.08892355767826793,0.02910590556508284,0.028876859541505335,1.8755415250288692,1.829121250922821,2.2698986031064554
900103,74,0.1672778910793379,1367152,0.7678120910678378,128.75812784012476,0.005966107223306383,True,0.146577,0.0378482400171179,0.1565398461440629,0.15394470278631484,0.034710897603670764,0.03425337727913091,0.3892517863091534,0.3093565904829676,0.5469446153896549
900103,75,0.0897859653035778,3780411,0.4704715676887704,35.46470347633672,0.08054201844464974,False,0.097013,0.0362639841841219,0.11503504655814514,0.11359844010224496,0.03178356646236159,0.03145200476583263,-0.7571051504015874,-0.7944067977540391,-0.19928959431839113
900103,76,0.262994598643926,4797075,1.1599395633547085,20.904551692114016,0.2504417983161489,False,0.252334,0.0413980237125784,0.25072278735984,0.24593679055152015,0.039053807648343965,0.03893214718693203,0.4381419809830439,0.3142282922727093,0.2575146755299545
900103,77,0.1920323801322074,15632403,0.831954955161412,26.313859797768018,0.09439102444509753,False,0.1824,0.039075692915188,0.18838534966725584,0.18482928225970724,0.036437411840032456,0.036041354167042974,0.19985647151645655,0.10009027207977175,0.24650567689519978
900103,78,0.3204642081353357,3736591,1.6437628980676355,25.5357118566142,0.1293544185076938,True,0.280426,0.0423224118040726,0.27508023998766207,0.2699950472059018,0.03990790248994902,0.03982396456511548,1.267306293598988,1.1372175763710908,0.946028508977433
900103,79,0.108729451206164,19341826,0.5287732026220702,32.12573712672812,0.15354701534465168,False,0.176017,0.038888693584011,0.18099105911181868,0.17766713651199217,0.03594496340881677,0.03552526931217682,-1.9405253398655802,-2.0103402828316685,-1.7302599442811095
900103,80,0.220467932670312,11748510,1.0368616980583167,40.95702638471474,0.021356589601434495,True,0.256715,0.0415195378924234,0.2548071308225995,0.24996773035719727,0.0392006845388114,0.0390879675629748,-0.7547027775071192,-0.8759846557855204,-0.8730123014279136
900103,81,0.475291525006333,399284,2.566670349940613,82.66345517858497,0.013548196244507975,True,0.476031,0.0487393096046306,0.4430830491017337,0.4345158393771993,0.04534391938719202,0.04475931508830203,0.9109988736130266,0.7103152162381667,-0.015172044898985276
900103,82,0.051260069792692,5944608,0.2454722759571143,32.11857527579847,0.09010826256214188,False,0.0421499121992061,0.0343837505827073,0.073740781546525,0.0730936887141245,0.026408260761128073,0.026238368905316563,-0.8321256172676362,-0.8512757412227512,0.2649553186925365
900103,83,0.2082195313878814,19729614,0.885683308483177,34.823165918893366,0.07820411793878376,True,0.130497,0.0373880719274946,0.14304836275532404,0.1408518010250669,0.033962475902584485,0.03352452931119536,2.009505629071349,1.9189168899078397,2.078805548962408
900103,84,0.1849594866373965,19336580,0.8842361950059854,47.35741501166083,0.05242830326896437,True,0.170537,0.0387116576311449,0.17779770211517218,0.17454125144139487,0.03593443852420008,0.03549855631340962,0.29348334912612006,0.19930141714615116,0.3725618462225991
900103,85,0.1127905416231967,6234396,0.4911098515907227,35.88837174870247,0.07789805357266893,False,0.053482,0.0348027798573859,0.08238864164542864,0.08159935239190605,0.027969983206082877,0.02776957194725329,1.1232146210440883,1.0869473804745184,1.7041323097243954
900103,86,0.1986506791659394,5597571,0.9090344885304948,21.921076333861976,0.22690501897224752,False,0.198995,0.0396217947274156,0.20381823493592713,0.19985910354492709,0.03719484279224717,0.03687404757050546,-0.03277167706303751,-0.1389320503073842,-0.00869018772191964
900103,87,0.0696520197105054,8520688,0.1305099200265502,23.45580546396776,0.1784704356623155,False,0.075498,0.035505039341176,0.09818230109029216,0.09711311377694007,0.0300308176609301,0.029772453817008205,-0.922365829676655,-0.9500334523659831,-0.16465212820409073
900103,88,0.0354526220806503,633961,0.0807831575730818,29.243141584404206,0.0452036414738658,False,0.0372101544337703,0.0016463791542429,0.03734721655652241,0.037345488874546945,0.0016422083764542923,0.0016422045145024237,-1.1526376752594472,-1.1536870125840804,-1.0675137307166722
900103,89,0.1902966168373936,3098126,1.1017900594059906,20.757806087763647,0.27850235066378204,False,0.161992,0.0384318944360009,0.16934441065907896,0.16635614261967807,0.035413989403042495,0.03496239431035279,0.6847492767572403,0.5916364276235592,0.7364876817230062
900103,90,0.1334503275737393,4071161,0.6056910869674851,35.01982214322121,0.018183602619563595,True,0.079238,0.0356876215470593,0.10158981507739778,0.1004447241306402,0.030509786513350436,0.030234167306204585,1.0916657008882058,1.0442718923123255,1.519079311638981
900103,91,0.0985588143285492,18781316,0.4360441180722604,167.2950711855289,0.003946200527854131,True,0.062834,0.0351554181181876,0.08953217394803815,0.08861584211863616,0.02906963399404852,0.02884157278911003,0.34474445213567884,0.31051785455431197,1.016196542121825
900103,92,0.1037763973403691,20162759,0.6082222209818723,29.160594638758447,0.10902259221800635,False,0.076361,0.0356045850509093,0.09886477159871557,0.09777949256850732,0.03014293259779291,0.02988059073300821,0.20069565643617532,0.16294452192794162,0.7699962603459395
900103,93,0.1568872095084513,17396749,0.7253812261758851,25.15942129290421,0.12379402198968616,False,0.118208,0.0369774601345532,0.1324294361967151,0.1305423735028924,0.03320129919274607,0.032798178876392074,0.8032408172675022,0.7366510921680987,1.046021261809378
900103,94,0.149238386940449,5364602,0.7762735896894132,21.143873256925342,0.26866586916631296,False,0.1421369999999999,0.0377479936662099,0.15247474964117058,0.15000318844774682,0.03448063441196614,0.0340268727923387,-0.0224763971689465,-0.09386030030811844,0.18812620885877435
900103,95,0.0033922103467365,862802,1e-06,24.18355255243525,0.17479141898750894,False,0.0039613551484372,0.0010169857591089,0.004449078000758175,0.004449060733492983,0.0009593319915833875,0.0009593315729448346,-1.1016528764004894,-1.1016703949143865,-0.5596389099876817
900103,96,0.327984499273513,6116473,1.6191958530893915,29.19122955630292,0.0657536457955922,True,0.365629,0.0451198232755348,0.34987905780515033,0.34378696962073935,0.042451467886069315,0.04226371379109233,-0.37390160328402006,-0.5157550403297638,-0.8343228761469659
900103,97,0.1900400373254464,7350780,0.865506525161432,42.979379111757744,0.03200433052328231,True,0.204762,0.0397925628875185,0.20848664920845522,0.20443230582206479,0.0373437253936204,0.03704992268801293,-0.3884561006459225,-0.49396817507018603,-0.3699676926105045
900103,98,0.2182945058104776,9074789,0.8354219616196852,20.387722893242863,0.2178183871832126,False,0.174432,0.0387649179846066,0.18130150016501417,0.17795157904445896,0.036057464671077316,0.035634649908385815,1.1321263677274078,1.025945833488857,1.1315000286572314
900103,99,0.0972274655776279,7971752,0.3645307629621773,23.13968647467953,0.14940354955954863,False,0.140854,0.0376645919992337,0.1515889612426888,0.14914532756116128,0.034421203172037756,0.03396883907144437,-1.5283967130680571,-1.5793026000096868,-1.1582903758325511
900103,100,0.0707082255400969,650672,0.3110099618261248,23.243360983547205,0.11349738828038423,False,0.073142,0.0027790730248315,0.07332380995564275,0.07331721908793838,0.0027732904308276503,0.0027732766771684804,-0.9407620845480411,-0.9431339705611961,-0.8757504528153467
900103,101,0.1745955965464012,11314079,0.8304599539589129,50.80729718236565,0.03674120794015896,True,0.252651,0.0413549054945211,0.24744433049042577,0.24277332912540064,0.038633925481297716,0.03851109238304507,-1.77034013735262,-1.8856156353899347,-1.8874521056260176
900103,102,0.1597336915151438,12573332,0.7346461316456359,336.9278731502751,0.0009481805129169511,True,0.144178,0.0377746317369648,0.15343064450367527,0.1509451856319812,0.03443063393533102,0.033980090437936074,0.25863691855719523,0.1830650874249704,0.41180259872451913
900103,103,0.2945136472601712,17668252,1.4161356224287278,25.59343009927487,0.12762150977094144,True,0.291367,0.0427073427761096,0.28549397906175367,0.2802671113879058,0.040346380529765365,0.04026663665291207,0.3538049625318067,0.22355582037311428,0.0736793032679956
900103,104,0.1338522850364252,7415008,0.5810016609640711,41.01798535431967,0.05367046271796807,True,0.08863,0.0359503778380447,0.10889224795916318,0.10759291526679818,0.031247692286313317,0.030941468755180317,0.8486788386614843,0.798780173862461,1.2579084770722064
900103,105,0.0826888655505852,7818225,0.4787500838992223,26.775809316699483,0.12770915105414452,False,0.115199,0.0368309934216657,0.13056825554098872,0.12872759799901656,0.033106519903069065,0.032708625613175,-1.4075410258108492,-1.4462223794765263,-0.8826841588880636
900103,106,0.2964029513171787,18537240,1.2822531870713294,36.63598801224361,0.08103474983003711,True,0.229187,0.0406251590381924,0.2284778562944913,0.2240591347020457,0.038060039827174666,0.03786880526295038,1.9103802222646793,1.784682710031986,1.6545400167907733
900103,107,0.108158274703989,2455703,0.551538943018541,24.522985524472464,0.1761385399466806,False,0.094312,0.0361967423777344,0.11312694613382135,0.1117313060003335,0.03164968817410242,0.031324961968533946,-0.11406338816735419,-0.15698958556874484,0.3825281998997295
900103,108,0.0784329772019505,16103052,0.3099466086342188,95.98280691546908,0.017427269330609427,True,0.095528,0.0362122250699664,0.11403701739153219,0.11262196721089275,0.031713708524011855,0.03138574281510388,-1.0893159422847674,-1.1226703481437463,-0.4720787735362809
900103,109,0.140316983089074,4206570,0.615693405576409,20.702998104043,0.12908006306225836,False,0.176399,0.0388975145178093,0.18268883133165767,0.17929558729455214,0.0361455048335608,0.035727145414802125,-1.091008076713817,-1.172257752041182,-0.9276175446738576
900103,110,0.3558494187995776,15353598,1.8322124790514551,175.34537635840928,0.00488250875490531,True,0.313743,0.0434091331261715,0.30599195263506973,0.3005143459162507,0.04107186262223762,0.04098429933043981,1.3501529558229752,1.213908086494072,0.9699898562174124
900103,111,0.1014353794798089,224499,0.4518869325780276,69.61143882866557,0.0058745934998810445,True,0.092816,0.0151103258386383,0.09279397359736002,0.09258233871466415,0.014318956372932422,0.014303474160201472,0.6189433885774256,0.6034941134944718,0.5704297559069481
900103,112,0.1363202166114808,6779922,0.5747526383625579,27.95314463652089,0.05425440969550033,True,0.106773,0.0365556346259518,0.1233809819469662,0.12173423654292508,0.03252802246778306,0.03215962480935767,0.45354944763881583,0.39778731330286354,0.8082807729592651
900103,113,0.220018501809701,7351639,1.0561505168059064,28.32543508894824,0.036125541964071625,True,0.275044,0.0421176195277244,0.26887612273233974,0.2638957842766585,0.03956507736266981,0.039477378465169306,-1.1114538039974007,-1.23486731682058,-1.3064721797507537
900103,114,0.191925431461218,4713086,0.9027423746192976,177.0123020948896,0.003637907071377545,True,0.258211,0.0415857794500733,0.2533561382039829,0.24857886490389758,0.03896745509282326,0.038855988022540866,-1.4580361052668174,-1.5764618601967353,-1.593947965274105
900103,115,0.2397914515403084,2283989,1.1581787327513262,485.945860890477,0.00043291894189321237,True,0.251969,0.0414112760800179,0.2498126333573485,0.2450438678513996,0.03899939779235022,0.03887623288458768,-0.13510610265876583,-0.2569573476595005,-0.294063588771359
900103,116,0.3211028734562204,3832365,1.622147657734099,339.7987207144713,0.0009587981145779579,True,0.284256,0.0424572625361308,0.2784122253111938,0.27328614459471745,0.040030782907436314,0.039949142094838234,1.1969400681493303,1.0664454963007026,0.8678579648149476
900103,117,0.1575621278462224,9537255,0.7445838666632543,36.075653327652994,0.03053424184977744,True,0.157582,0.0382380700518804,0.16760173329516123,0.16464055498667204,0.035483746621046024,0.035022928532421456,-0.20210837405835444,-0.2829353268739715,-0.0005196955220450159
900103,118,0.0375236734058038,1169909,0.1658128754999959,76.99914723574052,0.016950075087966424,False,0.0291096483845358,0.0150115892853024,0.0409473424843996,0.040838532513599264,0.01280065703491998,0.012783395077112052,-0.2593097598720493,-0.2674604177938748,0.5605019469528142
900103,119,0.2017988740237744,19249129,1.1735847216086823,24.331846527573926,0.19817782142849158,False,0.17618,0.0389013911337209,0.18339783470466614,0.17996876423116537,0.03626791963810297,0.035848789524035966,0.6089497046468564,0.5073640700299824,0.6585593285266133
900103,120,0.1558801673584906,15326810,0.7341881176294638,21.897286624580584,0.1659927269272425,False,0.152528,0.0380855387188603,0.16167459012059004,0.15891713135361107,0.03502820801243259,0.03456851956872994,-0.08785345837799907,-0.16542161563168786,0.08801680299799966
900103,121,0.1495946821327726,14704180,0.7889486437810764,37.735690647216686,0.04766524180080806,True,0.2331,0.0407297553751461,0.22784750046794255,0.22351094671039165,0.03770975011286435,0.03752569133211133,-1.9697509080763482,-2.07513489484712,-2.0502288093334236
900103,122,0.2045582578454012,8612499,0.8801871231026422,21.741698941967066,0.11415492777470974,False,0.22744,0.0405524046368606,0.22732255259151593,0.2229198256500708,0.038031024252147064,0.037834187073015196,-0.48531683181758606,-0.5985716975484712,-0.564251179664946
900103,123,0.1973880516575939,20044139,0.9179156770985016,21.443585080893147,0.15725771725573914,False,0.175785,0.0388934679647647,0.18308456043986931,0.17966318355374997,0.03625979792790166,0.035839225016341965,0.4945661658632896,0.3944724470380502,0.5554416406674011
900103,124,0.2105172911297854,12723205,0.9079651315895902,36.53282441944434,0.05888658549986491,True,0.216783,0.0401735898647974,0.2177669149333615,0.21354586219699778,0.037611417059771585,0.03737038736841484,-0.0810420035884377,-0.19275061591152218,-0.1559658694008077
900103,125,0.1213963959264407,1873349,0.5048194376130977,21.13513636457883,0.13047218316964654,False,0.163971,0.0384741073320113,0.17211697838203266,0.16903153311223068,0.035638142452848846,0.03518820048800883,-1.3537247294593173,-1.4232106098879305,-1.1065780865599524
900103,126,0.1569239307693759,4352294,0.7313125879374235,82.33201815717514,0.013892153853355498,True,0.182503,0.0390943777634874,0.1879643928530159,0.18442580148519777,0.03638499507141792,0.03598842974617498,-0.764186459642488,-0.8531116198507797,-0.6542902251922762
900103,127,0.3956927994713233,392680,2.062443152973652,32.162710306307794,0.07648539369918939,True,0.438927,0.0475246323626377,0.4081258904397114,0.4007590493793894,0.04408410697269633,0.04364807461768636,-0.11607040980481705,-0.28203114052165357,-0.9097219353277105
900103,128,0.2131370133923525,17538087,1.0942916953746713,33.35326184303668,0.06636451707707365,True,0.138183,0.0376311095750611,0.14884680191278685,0.14648774859028987,0.03424572790101705,0.03379833221390858,1.9719690421480425,1.8773206300472978,1.991809814771607
900103,129,0.1542437836095215,10572731,0.8482502624195242,25.77590839211528,0.21434745240654227,False,0.103449,0.0364201274418954,0.1201221329874615,0.11856606755481264,0.03218365623000314,0.03183183224684732,1.1208188010679925,1.0602167254772683,1.394689892026309
900103,130,0.1493989202641016,19200818,0.6222960561013428,25.32157110641321,0.1607874007269671,False,0.202399,0.0397406299861426,0.20497614437476447,0.20101951745485955,0.03709823924643111,0.03678905346300548,-1.4031510009537715,-1.498109485506363,-1.3336497120045485
900103,131,0.1295269370552049,19075113,0.5839001989872287,167.92971655824752,0.0018842557547998275,True,0.077552,0.0356448340736674,0.09913638486043833,0.09805190612418782,0.030096520666738878,0.02983555089817436,1.0549505533998047,1.0097696185975626,1.4581337914994354
900103,132,0.0491078024288207,23358,0.1016101682520871,28.016584244834814,0.12034364307195498,False,0.0450944680859935,0.0150165073698922,0.05350648283882958,0.05336600860867288,0.013690203811189332,0.013675346239662286,-0.31137830847033376,-0.32130130936500273,0.2672615038883045
900103,133,0.1956132578778763,13802808,0.9224109745474806,406.7105275653722,0.0005645490494591237,True,0.226503,0.0405185688424081,0.22943970882784626,0.22495181876813114,0.03833622336921983,0.03814177155540113,-0.769197645883868,-0.882362631920838,-0.7623601475724743
900103,134,0.1808929684456959,1377274,0.8440514452272923,321.40781546179966,0.0007759355672506025,True,0.13333,0.0151186250016686,0.13544865653468702,0.1350685842347315,0.014865994168024955,0.014832681413819307,3.089420107700201,3.0569305622865364,3.1459850641474683
900103,135,0.0521927004392553,4623142,0.1853431724850495,64.06945285577426,0.03214692317035022,False,0.0494096604006137,0.0346562470607769,0.07971147644213399,0.07896444757711249,0.027566820586206787,0.027374892576889215,-0.9779672034387736,-0.9982571590663545,0.08030413777236066
900103,136,0.0730030934260777,11300081,0.3099155095213491,36.73127572384207,0.07348165563789441,False,0.055035,0.034821886429486,0.08373797493124258,0.0829249620946164,0.028197054023765128,0.02799150849885886,-0.3544599487713635,-0.3807093285744413,0.5160000008173862
900103,137,0.0531401345174989,14901408,0.2088850818499274,48.21246823352151,0.028186064482655253,False,0.092024,0.0360748051011279,0.11140033302608734,0.11004576392484118,0.031475223958652015,0.031158545798397604,-1.8263249439025095,-1.850985987744614,-1.0778676523268413
900103,138,0.1980394903453366,15811428,0.8996042035928697,45.14538314775778,0.05431561378898705,True,0.142398,0.0377559055676875,0.15314139160386722,0.15064316772366526,0.034563775806538556,0.0341073616064941,1.3896214890056755,1.2989928818186538,1.4737162176016263
900103,139,0.2167036728605089,9148373,1.0208975009292,26.106789663862056,0.0909999437047661,True,0.2407719999999999,0.0409633040056768,0.23931526010541337,0.2347220302124277,0.03849205388780068,0.038341204041430176,-0.4699476138633727,-0.5874351966464119,-0.5875582481372975
900103,140,0.2684227002853813,20330209,1.331390600548244,28.31468710485672,0.11101105670763611,True,0.240956,0.0410472124419808,0.23920840373169788,0.23460641797579407,0.038532933420575344,0.038381057760836494,0.8810669711164889,0.7581643534588497,0.6691489787328379
900103,141,0.222143173513177,19189627,1.0632681503869434,57.55377213721637,0.023532543636523868,True,0.255799,0.0415205593980081,0.25001677647836107,0.245301602210027,0.0387690939347834,0.038652062006006634,-0.5991511835319709,-0.7189645188013032,-0.810582202522965
900103,142,0.1192379470550598,19188412,0.7587836985484286,21.68937115028309,0.2567847350849345,False,0.131147,0.0374098988594635,0.14313169792591812,0.14093904960740333,0.03391964029759452,0.033483479781227066,-0.6481137173953625,-0.7044222952020159,-0.31833961887142626
900103,143,0.2216093224444018,6270485,1.345428509941657,22.252336179347186,0.24378136912184226,False,0.241509,0.0410138016420186,0.23933731941882702,0.23474929042650938,0.0384687742887952,0.03831884507900106,-0.3429113783313988,-0.4608412225805922,-0.48519466030700775
900103,144,0.2057998552237668,2052109,1.03850821822855,40.06061164225432,0.07025490992775807,True,0.224225,0.0404805254077302,0.22253141626020673,0.21823989436953528,0.037716917516793166,0.03750246571468283,-0.33171256632595264,-0.44360891976366684,-0.45516071223509214
900103,145,0.0386676320297429,842205,0.1562756752704849,20.67640137115443,0.18679708248542348,False,0.052778,0.0151024167148285,0.05335124756349051,0.0532254161268626,0.012969291181839081,0.012957101027022157,-1.1235371296989427,-1.1321833497199212,-0.9343119208465921
900103,146,0.196850259320374,5149887,0.7690422635569398,33.752900199106435,0.06657792989899655,True,0.144772,0.0378404977133206,0.15590859517809727,0.15331419310063651,0.034801391608892784,0.034339156458632246,1.2678257333485927,1.1764375575089052,1.376257249968502
900103,147,0.2901257412137892,5565914,1.4621656708716513,81.67219967312538,0.021489407121207414,True,0.366823,0.0451586743330687,0.34485525570739106,0.33894343864180765,0.041957880999788796,0.04179135478519412,-1.1681290946163254,-1.3043917659682898,-1.698394824890754
900103,148,0.1834754964388792,20454907,0.8199920072742003,24.3912138664828,0.1572914356537167,False,0.154861,0.0382019868061766,0.1629925352944667,0.160200584712052,0.03506161404005933,0.0346041226060542,0.6726051688059591,0.5841990366162232,0.7490316297960904
900103,149,0.1410599482191397,20534970,0.7623594369660771,20.131327419914594,0.18325760551605272,False,0.113844,0.036844262317167,0.12933084446513524,0.12752138046349887,0.0330367255611619,0.0326426599126503,0.41475075229375247,0.355032272562546,0.738675346105623
900103,150,0.1035855666786309,3090859,0.4714420935627162,20.04157096170764,0.09772634427920088,False,0.091898,0.0361138446945624,0.11115635887853897,0.10980692572162529,0.03145669984431946,0.031140869186495602,-0.1997811623605004,-0.24067344118665468,0.3236311940055136
900103,151,0.223783864976443,5245812,1.109737407847643,64.64036122792551,0.02262863324282534,True,0.220192,0.0403228866321206,0.22173846802000935,0.21741987856020933,0.037877911396215366,0.03765324479116666,0.16901561741968774,0.05399972915713691,0.08907757545269054
900103,152,0.1260139979579536,10715344,0.6955052609642471,23.748096425813,0.19790107920174135,False,0.149786,0.0379522777274213,0.15927139849309516,0.15659298099829586,0.03486106890844329,0.03440260745754329,-0.8888565518785222,-0.9539983017298325,-0.6263656219207799
900103,153,0.1340800529376842,7835929,0.6805082390731177,27.207726774951823,0.11860633593564342,False,0.091823,0.0360466241554042,0.11105774865730907,0.10971402214173899,0.031410298943272415,0.03109627643134056,0.7835674747021408,0.7329540009139632,1.1722887767660464
900103,154,0.1297302263842931,12365910,0.5835814612628835,104.3272260849585,0.0077570430336596306,True,0.15636,0.038184735135601,0.16576432965752858,0.1628726668948759,0.035303875652499955,0.034844315003820625,-0.9511577572108614,-1.020684063923271,-0.6973931735061062
900103,155,0.2374854220740761,3200832,0.8761126018546522,33.63605380640029,0.10243275155120896,False,0.220025,0.0403500379458241,0.22126919319032917,0.21695896414107074,0.03786054483042297,0.03763376718730135,0.5454266066653978,0.42831472596021203,0.4327238080301018
900103,156,0.2123726704383348,13339411,1.1783445920898286,22.59793127257548,0.23175499011185907,False,0.250521,0.0412913071125539,0.24626649388733265,0.2415990138852695,0.038644117342116126,0.038516912403304356,-0.7587924790261065,-0.8770758858052328,-0.9238828273873378
900103,157,0.227275448583588,5033589,1.0528720383841668,47.62206280017095,0.031908208161172257,True,0.2208699999999999,0.0403570002497439,0.2230832518283941,0.21872541457268596,0.03799941519996545,0.03777908534153041,0.2263165964344568,0.11032266504979531,0.15871964080454048
900103,158,0.1935180270898676,2227448,0.9120106515491136,31.73772550139159,0.10951990492740897,False,0.142175,0.0377709675766985,0.1539194934627918,0.1513811945348066,0.03472139547057795,0.034259512254357194,1.229930894585399,1.140464923439803,1.359325174437467
900103,159,0.0730483919461466,10957607,1e-06,21.55311413547982,0.17714243888885972,False,0.068928,0.0352799728253712,0.0935994098026606,0.09261470467058497,0.02951807211522134,0.02927686714425626,-0.6683198932463997,-0.696218160057839,0.1167912448952755
900103,160,0.1106959871833014,11447112,0.5755309990859501,36.8144383602511,0.04706538700264877,True,0.0538279999999999,0.0347827346581023,0.08317974291055061,0.08237362749162425,0.028151163926354347,0.027946565038404505,1.0134468995655181,0.9774460603027088,1.6349487106832372
900103,161,0.0755914839126803,17579892,0.3867033456156798,20.14676316490173,0.3013478226150775,False,0.0620649999999999,0.0351144056101973,0.08847034988744192,0.08757760458957806,0.028855773173653954,0.028633660707788854,-0.4186024553136278,-0.44631851994596183,0.385211814855618
900103,162,0.0895529193547189,18943584,0.5777173237028489,20.34332523429656,0.15344285962933987,False,0.118319,0.0369901533114344,0.13260765845505743,0.1307138847156165,0.033228988009107625,0.03282463155623254,-1.2539657997496159,-1.2956981743933276,-0.7776685974531746
900103,163,0.1715437395313742,10870902,0.7743412457813997,64.37152086846767,0.020949281162531568,True,0.234485,0.0407460513740394,0.2329094481841757,0.22843161000419437,0.03817232295564249,0.03800054597388469,-1.4970277140732535,-1.607596915810193,-1.5447204906026224
900103,164,0.2496520227755357,13969598,1.1605839662187345,40.42774537739192,0.03800931572843295,True,0.241777,0.0410090303347909,0.23777594193624274,0.23324394399413212,0.03826620642483156,0.03811490761234283,0.4304897954439777,0.31035427728175247,0.19203143091278493
900103,165,0.2184630124547362,4687979,1.0776473965802922,38.58965585113839,0.07787219083075549,True,0.285301,0.0424909076773584,0.28057100564448917,0.27539901609936623,0.04018698441273105,0.040105080331576504,-1.4196706046690497,-1.54547533479714,-1.5729950523245457
900103,166,0.0807418849358999,122430,0.5535427737818173,23.75049493843884,0.17805319379128895,False,0.083712,0.0151085018694492,0.0880261782689351,0.08781565329715839,0.01458678995511245,0.014571525830544557,-0.48545145124270994,-0.4993760351284261,-0.196585676711332
900103,167,0.2081605892196528,2396363,0.988996549328532,217.3384971767157,0.0018865537370866573,True,0.189162,0.0393221483637387,0.19348137360875683,0.18979996774226449,0.03661664666711399,0.03624664607684422,0.5065467695538817,0.4008891295903295,0.4831523711245782
900103,168,0.1662685936951475,15076880,0.7659779872799146,48.41364041814112,0.032024217387670854,True,0.146011,0.0378646712899136,0.1562633706479491,0.15367009406681445,0.03474010068461518,0.03428096596022237,0.3675071362619011,0.2880021315433105,0.5349998561995627
900103,169,0.2148361391731012,8068689,0.9966986707554136,57.09279404541642,0.01982048300304763,True,0.193029,0.0393862924590926,0.19574536635701437,0.19203337896804057,0.03657385493438921,0.036220321289308376,0.6295570937354338,0.5219786880637625,0.5536733165669386
900103,170,0.1673122921569,7519307,0.9466060396908598,26.47411668448499,0.12680181382880176,False,0.174741,0.0387919095446402,0.1814188926093232,0.17806579365678732,0.036062134203914985,0.03563983953459592,-0.3017269898044519,-0.3911748642677882,-0.19150147363978948
900103,171,0.1626440622103585,13662351,0.3820919031157819,22.955982505571747,0.20128203100798814,False,0.178734,0.0389224794728581,0.18228434071317814,0.1789475272372264,0.035870309764643823,0.03546046141731057,-0.4597646047242106,-0.5475357930189505,-0.41338419359592826
900103,172,0.1372802225790983,10174254,0.6490491352647323,41.03172461686228,0.012226015461060892,True,0.157664,0.0382084148723095,0.16678056713353567,0.163861737374059,0.03533285534935745,0.03487532657340738,-0.7621868354124389,-0.8349267066799302,-0.5334892192995496
900103,173,0.1828133993220276,12114078,0.8991229964873748,36.61251046020066,0.0800432290917308,True,0.2089619999999999,0.0399183563764044,0.21242484615041535,0.20828471907111187,0.037516973828394855,0.03724395751442302,-0.6839047579522213,-0.7892813254030695,-0.655052037498935
900103,174,0.0939521925755734,16361469,0.3692287069588676,29.73352259570872,0.11734968434048726,False,0.076624,0.0355914239729334,0.09950998669570588,0.09840822061131935,0.030262434422443925,0.029996018051516124,-0.14855398566879854,-0.18365323960885904,0.4868642678851839
900103,175,0.1647693122009151,8896605,0.7612309435119013,242.8632944675712,0.0008770744009890843,True,0.126196,0.0372068406614981,0.1396613902452397,0.13756416485846965,0.03374032904539677,0.033311743431088,0.8166833837059513,0.7441516625962152,1.0367263523352852
900103,176,0.1638471754212236,18455029,0.6750362831762362,26.497506660606955,0.1157227922733184,False,0.210733,0.0400361553113654,0.21168145688965945,0.20758511758182258,0.03734905125729884,0.03707721489869266,-1.1796447570322004,-1.2807361862796438,-1.1710870890109304
900103,177,0.1608190671281065,8319617,0.762650025659168,72.29843219803796,0.02028652710124875,True,0.139158,0.0376196064374883,0.14914094182720705,0.14678457334033967,0.0341802482868093,0.03373574061623262,0.4160126184102168,0.34166297456084394,0.5757919653970925
900103,178,0.148122551241503,1773479,0.7300440743331283,21.89895911515764,0.10593190379338842,False,0.111138,0.036745759923071,0.12592161994334033,0.12421863455608931,0.032639960307840186,0.032264668081545975,0.7408697534094802,0.6801764183772601,1.0064984727198982
900103,179,0.2259948356696401,9358041,1.069448844536111,70.87039121694417,0.016044321482767663,True,0.173158,0.0387211664431264,0.1787125950551896,0.1754605257569784,0.03579807631067385,0.03537198738591197,1.4286533962971109,1.3208039505841387,1.3645465910033152
900103,180,0.2198766739769908,13947255,1.020682892959211,50.57329917852324,0.05493737389907894,True,0.150659,0.038005782979108,0.16033437333839137,0.15761607523598678,0.03496775926842627,0.0345072973078347,1.8042734029728855,1.7027771262530522,1.8212405731790913
900103,181,0.0601734117075602,625528,0.0699782990367391,20.038916443869063,0.26714572191319685,False,0.057901,0.0024143742646,0.058081644275647,0.058076832565086854,0.002408690814297478,0.002408650970106421,0.8704370905099272,0.8684250462935769,0.9412010974763602
900103,182,0.2129658705227844,1356134,0.9515545137348294,29.89921367764012,0.10818246522593392,False,0.170944,0.0386528669814,0.17848547158494726,0.17521295394469505,0.03594421423808723,0.035511131016150714,1.063129094956707,0.959275356791664,1.0871605085078315
900103,183,0.2089388032184807,19798821,0.9890636416050888,31.2071284531012,0.09102516979889079,True,0.150041,0.03804368257214,0.1613874801895821,0.1586068145081659,0.03522084130686001,0.03475261308239519,1.448293646034109,1.3500904937110907,1.5481625131004673
900103,184,0.1270253537717789,7895815,0.5268006533601628,33.48386497086117,0.10263540748410804,False,0.132642,0.0373985393572906,0.1449279527173287,0.14267992337064064,0.03404964403302707,0.0336083566980886,-0.46579396129034967,-0.5257793276248306,-0.15018357199894714
900103,185,0.1164599082305552,16290046,0.3723118039032776,30.467984938260003,0.07133630790648406,False,0.086279,0.0358963486133582,0.10642290306449241,0.1051833713925414,0.03093688756925928,0.03064348886420971,0.3679912848038761,0.3244348722408699,0.8407793381893975
900103,186,0.1315626518616405,17765239,0.5962443693017223,270.0169486273753,0.0011210504250877432,True,0.172361,0.0387685387725107,0.17855649653733574,0.17529121599685882,0.03589397494709626,0.03546353342605211,-1.2330571691735197,-1.309240471275721,-1.0523571284891458
900103,187,0.2800253399039887,8161485,1.3386451988141932,60.650355976800086,0.03066571963467024,True,0.260693,0.0416340270924784,0.25706540449669274,0.25222107311075814,0.039182363613858816,0.03907622635220214,0.7115391988628822,0.5859762732428685,0.46433989825311117
900103,188,0.2247002314362513,8658181,1.0754037029644854,334.3495633469489,0.0008318026358840229,True,0.236612,0.0408227327750416,0.2348229118488484,0.23031289721907222,0.038255215274176135,0.03809044904946554,-0.14735100065457646,-0.264609160869899,-0.2917925321019016
900103,189,0.1365434968191823,19922993,0.5990074683129964,47.39194137175564,0.033250976448499975,True,0.125882,0.0372248911733393,0.1389002510495175,0.1368295044567702,0.03365494839210144,0.03323007910658239,-0.008606890060976412,-0.07002697501946918,0.2864077364131592
900103,190,0.1995528457893132,7662475,0.742591250458922,23.22689443671166,0.1480056755269162,False,0.194581,0.0394540367880379,0.1998895642335931,0.19602771544100567,0.037004051077391194,0.03666280889245976,0.09615003472995032,-0.009099502202493531,0.12601614927323784
900103,191,0.3298403766805718,2343425,1.6586698091260916,43.81572669304647,0.024834382422381677,True,0.322751,0.0437405694367085,0.3117934889700961,0.30626883242333747,0.04117284649517791,0.04108031257034094,0.5737917455441288,0.43832013685498544,0.16207783236178372
900103,192,0.1443425617322106,13361904,0.8952718577752417,26.7687126315578,0.09156187946990932,False,0.14498,0.0378094548776099,0.15401064110541654,0.15150820656308858,0.03445987327326686,0.034008918747470654,-0.21069898999393818,-0.2805605028358069,-0.016859229255031437
900103,193,0.0998202242467664,7900220,0.3605831318006463,32.62166151063214,0.10462823661063012,False,0.135277,0.0375009307608178,0.14765232211531504,0.14531445302398688,0.034279651565832556,0.033830010784633775,-1.344789071066002,-1.3953495932328603,-0.9454905527379606
900103,194,0.2242396944717966,18163354,1.049384403227967,37.20578757310103,0.08342211292216051,True,0.253831,0.0414642653784066,0.251348801908032,0.24656269854734184,0.03904201465783467,0.03892277554630253,-0.5735203556845477,-0.6943572885216195,-0.7136580199395909
900103,195,0.2150478281110977,15018501,1.02468851396955,234.99458292096327,0.0017501018374961417,True,0.2283219999999999,0.0405886327424551,0.22901693570082096,0.2245687043646099,0.03817344202831497,0.03798163566351412,-0.25067051713778954,-0.36593785751260605,-0.32704161219546557
900103,196,0.2402916036032455,10351827,1.1677622441319344,29.49506318897238,0.1252115588515114,False,0.14553,0.037835667771286,0.15578127022788246,0.1532051345772221,0.03469652834071758,0.03423837283062793,2.543534105923405,2.435699979706247,2.504557450289311
900103,197,0.1726033097698026,10247733,0.6873741792875481,34.92401301134075,0.08205360930531454,False,0.2385989999999999,0.0408873178330925,0.23834556999277443,0.23375177132069752,0.038520951175229134,0.03836501496967522,-1.593859968495474,-1.7066624321895596,-1.6140870501606523
900103,198,0.1807079587372257,14433096,0.8481595435258725,61.88914068165919,0.028016593677881327,True,0.131839,0.0373812936685206,0.14408233595936798,0.14186092162503733,0.03398496731858125,0.033546171549503255,1.1580170051554992,1.0777006914416745,1.3073105273073797
900103,199,0.1569906319454998,19064330,0.8135909083858976,35.9690864863836,0.0860212614742059,False,0.092999,0.0361475944174907,0.1111927366874324,0.10985181907394898,0.03136031054687576,0.0310478737960605,1.5182621902286921,1.4603776065804925,1.7702874278830638
900104,0,0.2605382337161175,15692227,1.2726216653134903,336.9278731502751,0.0009481805129169511,True,0.245324,0.0411561415416185,0.2431009700230693,0.23844774834405996,0.03865545441947769,0.038516253342127243,0.5735367138603802,0.45109452093937696,0.36967104170181664
900104,1,0.1763030705920791,17779274,0.6560357153732972,35.884313444968804,0.07115028166078473,False,0.149194,0.038007956754319,0.15989146319668962,0.15716929945944957,0.03505852553459923,0.03459342368085465,0.5531042925716222,0.4681202972781289,0.7132472489197562
900104,2,0.2461676827594413,20313050,1.1934715023528937,218.3432081256031,0.0011506755254398911,True,0.242154,0.0410498100506005,0.24120178753260574,0.23656145939665116,0.03864693318664247,0.038500221937264476,0.24951085680605486,0.12849390151744072,0.0977759155156569
900104,3,0.1203844823157444,18361545,0.5493774110202713,43.11779280688452,0.028405814276075594,True,0.074737,0.0355473212392302,0.09828094803917145,0.09720101759174905,0.03015372661723775,0.02989134670638002,0.7755911753232271,0.7330282773054391,1.2841328326413417
900104,4,0.2423265079552043,19581340,1.1700850884980567,81.67219967312538,0.021489407121207414,True,0.234215,0.0408264260343273,0.2339201863383078,0.22938862247902986,0.038378544094679605,0.03820640581427002,0.3386313158863577,0.21903701183031235,0.1986827832635669
900104,5,0.0616755744959887,10504322,0.265015298605582,299.25833132273544,0.001093069269962801,True,0.062183,0.0350588864529828,0.0886713576633342,0.08777550783986163,0.02887744694566503,0.02865490055088146,-0.9108366402294167,-0.9348396767255771,-0.014473520278284028
900104,6,0.115078800903639,6914735,0.4795276189312692,72.0546273698848,0.01810775182300939,True,0.112577,0.0367512741504054,0.12765548861896114,0.12590249788802987,0.03281043444128927,0.032426800451852394,-0.3337886203254,-0.3833136601048902,0.06807385489276736
900104,7,0.0659527236079002,917179,0.2825077910362143,95.8557315135619,0.008350143114679803,True,0.069157,0.0151056170510281,0.07464783414835896,0.07446399007360874,0.014401607454175219,0.01438867477178554,-0.5915253906772647,-0.6037597239145647,-0.21212482623354453
900104,8,0.082585740034684,17981062,0.484425193989888,21.449920469316595,0.12613463651255113,False,0.0361469802354981,0.0342217806892396,0.071214311829594,0.07059442319089368,0.026136685772158386,0.025969602446252744,0.46174433623340244,0.4350753689361489,1.3569942552342897
900104,9,0.0896249071377,192565,0.3857772668034487,25.834257715543387,0.15286847842140447,False,0.086774,0.0151091136569319,0.09101750546924933,0.09080002225793689,0.014628481349043241,0.014612426925441648,-0.08041888772021198,-0.09519773777750482,0.1886879139592695
900104,10,0.0427459155806529,6707801,0.1465757028414081,36.03391003064969,0.03933929263868124,False,0.0286640429280496,0.0339432001216323,0.06651562533394365,0.06596323666360725,0.025211150385302975,0.02505740329621758,-0.9265653271605763,-0.9428252733420475,0.41486579350627584
900104,11,0.1602503606805295,1493392,0.8372026257405046,28.016584244834814,0.12034364307195498,False,0.161586,0.0050498847324358,0.16174794623079952,0.16168821374729717,0.005040320181274358,0.005039783471469841,-0.2853005639840152,-0.2971211146136714,-0.2644890705903821
900104,12,0.1770577674623585,15365906,0.7191117968787986,22.203413241644324,0.12161660741876415,False,0.138038,0.0376053302377361,0.14940602207411488,0.14702235429920907,0.03433493915812491,0.03388420514199283,0.8864133904657074,0.8053529747321596,1.0376126792579803
900104,13,0.1762331474377329,8774488,0.819912031572409,339.7987207144713,0.0009587981145779579,True,0.15958,0.0382858774728189,0.1687189968355486,0.1657352269656877,0.03547061943464841,0.035014199954385636,0.29981894447741925,0.21184153877065726,0.4349684149084955
900104,14,0.0855299900183823,13529964,0.3586166066538843,55.23968879524174,0.025704789354843972,True,0.088172,0.0359576299618951,0.10858600961701245,0.10729190921139706,0.031234840739771567,0.030929323554807153,-0.7036015241152095,-0.7381507013503913,-0.07347564298363063
900104,15,0.1291211562632938,6518655,0.5816762282396993,112.76986331146492,0.0032522237457575085,True,0.170537,0.0386780005491619,0.1774246726610606,0.1741892436224988,0.035857085467762076,0.0354223369647705,-1.2723070023309797,-1.34711217511515,-1.0707855408416045
900104,16,0.0828354660323396,6913499,0.3619382740102517,994.9974612426676,9.384412490790375e-05,True,0.082174,0.0357427985840054,0.10380400356644545,0.10261500094488704,0.030724788729464762,0.030440632992503176,-0.6497741002106849,-0.6824631966955476,0.018506274229897687
900104,17,0.1656964310204839,14235499,0.9249330140357428,20.65508461654264,0.1757492214212968,False,0.148588,0.0379458848551179,0.15852883781482124,0.15586554344971967,0.034870847325745406,0.03441050627367253,0.28569436010553073,0.20554686092674226,0.4508639365192303
900104,18,0.0556960720446983,637033,0.1961150125448112,27.031635382127376,0.1043992298758123,False,0.056297,0.002385649988545,0.056480153700069126,0.05647554039088623,0.002379923297320513,0.0023798332417004396,-0.3275306574131996,-0.3294566914209382,-0.25189275802700795
900104,19,0.1391571686911942,13844284,0.8221641730944,22.965273935771645,0.08694200916678312,False,0.178621,0.0389316582167091,0.1857557373776743,0.18226378719931655,0.036360204267378265,0.03595103259817606,-1.1990370065284108,-1.2815815979418883,-1.013669417550478
900104,20,0.1588502728202123,8320033,0.7564767335455301,41.15567580349753,0.05314190802587634,True,0.186051,0.0391681826300583,0.18689209995263611,0.18345395852931012,0.03594039844279186,0.03555462043665476,-0.6919968602374065,-0.7802313927337061,-0.6944597720220343
900104,21,0.2422095779252185,4297236,1.4963419597570151,25.379665929148388,0.172205165437857,False,0.234094,0.0408001493251096,0.23391266538311595,0.22938371396467752,0.03836723791101106,0.03819523666285367,0.3357974732230058,0.2162499307702681,0.19891049565899346
900104,22,0.2197266556861479,20327355,1.0637595703502405,38.5749688343941,0.03837180142476503,True,0.236076,0.0408654330671489,0.23511661470437412,0.23057783437445206,0.03837332293414591,0.038207008060234714,-0.284010165653298,-0.4010588044365501,-0.40007759827204886
900104,23,0.077036154610746,14511825,1e-06,23.549638102057145,0.19860106041903577,False,0.06216,0.0350875478830203,0.08819519228774453,0.08731095176594109,0.02876387869826462,0.028544374057214692,-0.35995874824931007,-0.3879531614653823,0.42397247765338797
900104,24,0.1976652470529227,11850537,1.0055223400298596,40.54155643177327,0.05456420517073625,True,0.148234,0.0379044079958788,0.15871950922489142,0.15604618310868823,0.034909022711283134,0.03444742725545829,1.2081907782428025,1.1156352943516643,1.3041028647195116
900104,25,0.1714932373987183,9677616,0.5310418785486855,22.81894866458904,0.11256281605924578,False,0.1338339999999999,0.0374242071035161,0.14575505929643695,0.1434861283980663,0.03407374640573227,0.033631704361290427,0.8327591340535141,0.7553668386154152,1.0062801676613269
900104,26,0.097488066467101,7901878,0.4355978990720991,56.71655723574097,0.03447817873100028,True,0.083587,0.0357735784283943,0.10488052311971219,0.10366959835852815,0.030828530223439253,0.030540110335678078,-0.20240699275423593,-0.23979270497270191,0.3885847342592769
900104,27,0.1439248462262836,14517247,0.5053627538414585,22.07077153373093,0.18446537202582874,False,0.1247839999999999,0.0371627778797272,0.13884396096760543,0.1367652493104862,0.03372642005911009,0.03329863678253929,0.21501171241795874,0.1506500022763529,0.5150542375554034
900104,28,0.1217602873773754,10849405,0.5450230487454609,136.12304068130743,0.0024995486106314936,True,0.062215,0.0350736702502043,0.08889766059646977,0.08799572640924082,0.02893881736163506,0.028714546723177053,1.1758695442293503,1.1355898332069532,1.6977204539074024
900104,29,0.2603049294551989,8809213,1.2460266730424912,31.877280098064176,0.11349321017780271,True,0.2290849999999999,0.0405936906113909,0.22978285051067865,0.22532390501117852,0.03819396380209004,0.03800553878886863,0.9204191167595261,0.7991335778259817,0.7690832980443135
900104,30,0.1136107623333046,6260786,0.5409968276427353,29.650515242380088,0.07159954608414358,False,0.092318,0.0360849169765489,0.11119724116447172,0.10985210137427301,0.03140475390667847,0.03109076207303235,0.12089317560638992,0.07685209621463156,0.5900737515107067
900104,31,0.2063493343428377,2908847,0.9681289678295923,41.012951050167146,0.009844982801163697,True,0.157494,0.0382835046874138,0.16636450557511293,0.1634532428977583,0.03534368456894732,0.03488457574641263,1.2296578223254049,1.1313146678220167,1.2761458163703472
900104,32,0.2207278678678424,15906732,1.0814093686356148,34.867938606676205,0.03687817481240632,True,0.195243,0.0395034295409832,0.19749150149292904,0.19373249540371285,0.03666999188244002,0.036324913211321926,0.7431641283513242,0.6336616176356571,0.6451305156025223
900104,33,0.2151146512093505,14073457,1.0583091310964352,26.02771121400144,0.08504880474257472,True,0.169799,0.0386331955404564,0.17739946883609253,0.1741577680155579,0.035896725255782885,0.0354601873126795,1.1550103453386904,1.0506580225499018,1.1729718594439407
900104,34,0.235802064059116,19978614,1.1640161702050635,24.613024646954468,0.1692333907125216,False,0.317139,0.0435671178020385,0.30773393031653784,0.30224395491631845,0.04109627227966382,0.04100776876838762,-1.6202269192568626,-1.7503258146607321,-1.866934055873631
900104,35,0.1990806780218375,4835107,0.7887096063510532,20.8523633854732,0.19907179473127604,False,0.166054,0.0385486877286583,0.1740982999620077,0.17095009763632285,0.0357583000290853,0.03531201439705702,0.7966291605233118,0.698645574300497,0.856752329789022
900104,36,0.1213960762630582,14977070,0.5421008084296302,43.69612729510705,0.059371071782562596,False,0.123372,0.0371182157357741,0.13726821127206304,0.1352399774567671,0.03357957733789803,0.033158345212011435,-0.41750880827110826,-0.4726722688999271,-0.05323326290809334
900104,37,0.105170309701097,16641501,0.5023848885671055,44.19698012498672,0.04098816973764137,True,0.089759,0.0360243785488429,0.1103817653572372,0.10904073895134325,0.0314815653122074,0.03116572624414344,-0.12418864299604015,-0.16553991532687193,0.4278022362051825
900104,38,0.144207611156651,11799173,0.732930468664741,35.18449718990147,0.08224216341614318,False,0.15984,0.038292490951628,0.16905506137137627,0.16605962005416505,0.03549697268765576,0.03504069686286564,-0.6236179886214448,-0.6999878675109125,-0.40823640496765307
900104,39,0.247835948646531,19006216,1.2007244136586075,235.85577567934249,0.0014316570944745673,True,0.254227,0.0414860709479205,0.25174911187114024,0.24695500177658336,0.039067872419234394,0.03894935270372999,0.022617753795514842,-0.10016320271084603,-0.1540529437336205
900104,40,0.2170951905892717,14658898,0.94840672642462,20.10913251305965,0.3229294222576693,False,0.228894,0.0405929754191864,0.23258932709637897,0.22803264205042867,0.038532866890720975,0.03834925462860729,-0.28520636364593066,-0.4021018355848933,-0.29066135923486736
900104,41,0.0996048721807585,5845878,0.4401438591472703,203.25443419761925,0.0009172211206944647,True,0.089262,0.0359874837369077,0.10861391462001127,0.10732840589890873,0.031135921224416736,0.030833790533386078,-0.2504892711710994,-0.2893456202666614,0.2874019271914575
900104,42,0.2811024336167204,2564389,1.399816468739934,128.75812784012476,0.005966107223306383,True,0.279233,0.0422899526802691,0.2727800508096532,0.26774161124862356,0.03974918348499909,0.03966480443450337,0.33684326844870555,0.20937242170541653,0.044205147989975886
900104,43,0.2643117027437672,20284549,1.2943554538729716,1068.0998922314843,6.876249567366295e-05,True,0.239001,0.0409850270278014,0.2384027501493444,0.2337969775072395,0.038571456467355665,0.038414970072625225,0.7943446312424102,0.671713099979785,0.6175597426493871
900104,44,0.1290848098001353,17477945,0.583058388118171,191.1097339359392,0.0018761728331469392,True,0.101783,0.0364306735177291,0.11903851155618039,0.11750248710163848,0.03215830303678446,0.03180857509119146,0.36412579517603805,0.31240137990065514,0.7494182007601033
900104,45,0.2373889082112725,10355225,1.197919525504275,27.48599414669093,0.0905903133451033,True,0.258298,0.0415393460867983,0.25335808351842304,0.24859193915934888,0.03892091386748087,0.03881015983330257,-0.2886623244066924,-0.4102980562461321,-0.5033563057308857
900104,46,0.3036861664169792,3824143,1.546054274836848,44.78379325324706,0.05129500653825087,True,0.273863,0.0420970462339055,0.26913545917273135,0.26412655100426885,0.03967692977590479,0.03958763936583525,0.9992921034551739,0.8708009273749298,0.7084384555455872
900104,47,0.2056210921831411,10781971,0.966284077669071,40.67410456094966,0.04995467559096846,True,0.158127,0.0382266306417953,0.16695014968516653,0.1640293022564827,0.03532201158611689,0.03486549555983168,1.1929212322619622,1.0948114436714003,1.2424346950215688
900104,48,0.2128384431424922,5176627,1.013066292812281,187.883818495227,0.002945937690563605,True,0.186605,0.039209376735326,0.19079199522207502,0.1871923466675393,0.036433632432685915,0.03605295500294127,0.7113451996614599,0.6051125415822807,0.6690604474428429
900104,49,0.2494590022262656,13276077,1.3312471855621977,22.788711808690703,0.14357685494860375,False,0.283502,0.0423781000322883,0.2770482986498541,0.271961754788947,0.03989009500010041,0.03980887953761744,-0.5652696791281808,-0.6916327580447987,-0.8033158104727837
900104,50,0.1974031065426298,7028706,0.8972235051628124,65.59785736462707,0.0376455375904117,True,0.1904,0.0393259478404925,0.19491157261669564,0.19119325806843088,0.03668164271929917,0.03631852422110644,0.1709829517409212,0.06792318285743762,0.1780785188200585
900104,51,0.1670841922054323,5186173,0.7724769556628962,1424.7236072062765,7.984272873243278e-05,True,0.107556,0.0366028403704178,0.12413905650502648,0.12246995501670956,0.03261406344428475,0.032241558509012225,1.3837493983503337,1.316767405379273,1.6263271266112627
900104,52,0.0926282795417968,13715841,1e-06,23.078082784848142,0.18871218448482413,False,0.110818,0.0367061834283598,0.12705432249412246,0.1253058722321329,0.03286597870700938,0.03248075640824909,-1.0060600892298504,-1.0474674513491233,-0.49554921703326765
900104,53,0.1709281307874975,14567010,1.0412092024279105,21.23874411067008,0.24445282426031878,False,0.19673,0.0395431042413381,0.20264285941075394,0.19869829144284817,0.03720944728798045,0.03687992541049482,-0.752988525498704,-0.8523300111878057,-0.6524998405544851
900104,54,0.1574581156740221,6314216,0.7170410488485642,83.08265043593336,0.016920098117974968,True,0.2338199999999999,0.0407591785073356,0.23183546822294532,0.22737661358312175,0.038122722495408004,0.03794723427073798,-1.842518941176577,-1.950997926705843,-1.8734892881178806
900104,55,0.2540641657644576,6973017,1.288511821412239,23.39563817982896,0.18941004288312618,False,0.34359,0.0443762146727644,0.3276895332372647,0.32199982273316996,0.04153230225404526,0.04141267636462305,-1.640455602786075,-1.772725408344921,-2.0174283655268206
900104,56,0.2657064088081284,15037788,1.3026464917264415,217.3384971767157,0.0018865537370866573,True,0.216475,0.0401885447852267,0.21817851661974827,0.21393385044966023,0.037702180938792566,0.037460914064448105,1.3820420470626578,1.2606138691429833,1.2250109843794557
900104,57,0.1701471870704606,5129480,0.7884317999284329,296.2851668655232,0.0009942505631480136,True,0.116192,0.0368959941575211,0.13149547959518676,0.12962573826256069,0.03320511888030251,0.032802555722961445,1.2353137709795983,1.164028582900279,1.4623589444455187
900104,58,0.1035150070762181,4667898,0.1276744124357422,24.607275270301606,0.1354181033060713,False,0.085888,0.0359009098487685,0.10710276915610906,0.10583726551446451,0.03113235203661273,0.030831720305715425,-0.0753204302328836,-0.11524224304259538,0.49099053897161166
900104,59,0.3655193234366347,5870355,1.8865945028011653,182.02522096909468,0.00195377064257263,True,0.31384,0.0434095407823431,0.3025511184641495,0.2971730150066278,0.04073775908341372,0.04065666711061327,1.6810602857351615,1.5456963365008098,1.1905061077645704
900104,60,0.3222273033226707,9470928,1.6912227123011068,41.352518547835984,0.06276414986393905,True,0.280877,0.0423014765475303,0.27363198205229483,0.26860220532541274,0.039704193787471594,0.03962166224423724,1.3534287801127638,1.2239342153752484,0.9775144202403702
900104,61,0.1340797862089976,6088133,0.6048592486818506,175.34537635840928,0.00488250875490531,True,0.160372,0.0383453682741117,0.16901012507072716,0.16601962024558695,0.035472824620428396,0.03501746604822692,-0.9121115157961748,-0.9847070041784485,-0.6856685689664682
900104,62,0.2164806412375761,20338838,1.0055178264904463,21.501049876003226,0.07835553523735704,True,0.194604,0.03951236432366,0.19842282688179189,0.19461228973379724,0.036860002371503366,0.036514290913481094,0.5988984300857683,0.48990269110087714,0.5536657097605361
900104,63,0.1357574571485451,14096823,0.6743349033028158,36.8144383602511,0.04706538700264877,True,0.175424,0.0388174345330865,0.1808514571908949,0.1775323941004427,0.03593303687371768,0.03551283063107502,-1.1763336295514277,-1.2549454197491636,-1.021874405884414
900104,64,0.0786342899135496,19558960,0.426920171201585,30.148264619322266,0.08194169076206202,False,0.0874,0.0359713474412827,0.1080216870187696,0.10673792171807026,0.03120274843840994,0.030898810543944638,-0.9095376588866215,-0.9418207874612972,-0.24368589752605155
900104,65,0.1860625330701029,13050416,0.9803940561182654,35.85958303824084,0.08952203705933418,True,0.195626,0.039485085249008,0.19953264799714387,0.19570075674436754,0.03687880644479158,0.03653971609465175,-0.26377390698104997,-0.3652535487341774,-0.24220454051412652
900104,66,0.2429048132377058,8109456,1.1689144902131787,86.5913918708544,0.01316271387804202,True,0.257204,0.0415044983460821,0.25278487114970327,0.24801958793723225,0.03892775955948288,0.038815145511169054,-0.1317726529726567,-0.25380494597693004,-0.34452137315482073
900104,67,0.2612441686663517,18845903,1.2947194900273975,50.56619255867735,0.02738739464561023,True,0.323506,0.0437705947654728,0.30752072002414244,0.30212658873751397,0.04073872974126333,0.040655687142830535,-1.0055769055762158,-1.1359350586456376,-1.4224579690372818
900104,68,0.1410870703337533,1465413,0.6486687382832578,32.62166151063214,0.10462823661063012,False,0.12759,0.0151174310945314,0.13005254818247713,0.12969636109886515,0.014859027147944175,0.014826299902685098,0.7682772714468877,0.7426140380127687,0.8928150721742499
900104,69,0.3774715381695976,2688263,1.9578623190362996,126.11322204528734,0.0038459918980752075,True,0.2889199999999999,0.042591584218128,0.2821981334518221,0.2770367245759491,0.040127019277921276,0.040047816093702025,2.5078724232716163,2.374295585174375,2.0790853356402756
900104,70,0.1660071022868173,17363337,0.7851770210047605,37.50301274457001,0.04644092364704109,True,0.140365,0.0376993064519911,0.15153859203696396,0.14908637133404398,0.03448965329562978,0.03403447806093079,0.49716440259435474,0.4195029194940232,0.6801743771990009
900104,71,0.1881072689969565,1937361,0.8825624873438012,147.9905701953819,0.002844941515135428,True,0.207601,0.0399347207782801,0.20775494333597055,0.20376173988028295,0.03708973329633656,0.036800279106721255,-0.4253900041879652,-0.5297335028546751,-0.4881399099113232
900104,72,0.1023902077602,4239921,0.4321369675856565,25.85895115713673,0.12903001566024977,False,0.095032,0.0362081884306959,0.11385986469601458,0.11244588397106761,0.0317294368622379,0.031401084976971014,-0.32023340015933416,-0.3614831547629813,0.2032194395553352
900104,73,0.192127458975065,11701411,0.901756796317036,257.3198853700213,0.0009819254871867896,True,0.238836,0.0408955273312541,0.23576421730693287,0.23125658747585334,0.03821643015986317,0.03805722638034955,-1.0281655344434733,-1.1418324042651529,-1.1421430183940515
900104,74,0.1550941380084897,14403297,0.7101516014412166,175.63948635743802,0.0016507349922143426,True,0.127694,0.0372505111955096,0.14090741086311406,0.1387745441467103,0.03381742403975774,0.03338544982794152,0.48882354276745194,0.4195093963601986,0.7355640803069751
900104,75,0.0665408297534404,19964670,0.2919255884893841,54.58734513957013,0.046017433580136775,False,0.155053,0.0382090939213395,0.16381586608407345,0.16098872462500352,0.03516986266757651,0.03471016684703597,-2.721044104679329,-2.765863411241352,-2.316521046763849
900104,76,0.2525213181508478,14546849,1.1020943727121628,33.335490008615764,0.10230679955623624,True,0.290734,0.0426323850554185,0.2765535619810475,0.27157943155640263,0.03944646142202009,0.039372473877987264,-0.48404663279769283,-0.6092370003253144,-0.89632990975004
900104,77,0.0783474293317362,17351279,0.3419300485409798,181.85607616538803,0.0021783989006792944,True,0.057125,0.0349603858074263,0.08472699817743293,0.08390005561652858,0.028301824732191828,0.028093776507967204,-0.19764613287991695,-0.22541192683029732,0.6070421948040436
900104,78,0.2134899117920074,4398282,0.9726493109056292,23.869547568884204,0.11714020416390608,False,0.194238,0.039475480504432,0.19821463497982716,0.1944111222669327,0.03684089569539757,0.03649433781355702,0.5227876615420399,0.41462826904310424,0.4876929057227298
900104,79,0.2083670881820073,3143932,0.9871749086506216,234.99458292096327,0.0017501018374961417,True,0.166089,0.0385583783240658,0.17489832694327087,0.17171325672146992,0.03587550397223602,0.035428136691149026,1.0345966478585529,0.9329140369606471,1.0964695617299833
900104,80,0.1202334426626311,1491265,0.538460839813763,80.98549230158378,0.0191430703563979,True,0.074987,0.0354911140350174,0.09832383789788345,0.09724663368692824,0.03011371932177821,0.02985269914077712,0.770007725844266,0.7275622293823617,1.2748667911068832
900104,81,0.2902580807821701,6417150,1.374293426226146,32.52366078797578,0.09704558798239825,True,0.272382,0.0420308059454277,0.2677335925400522,0.262747086220345,0.03960514533694429,0.03951453384337328,0.6962247023050427,0.5687263119599437,0.42530901751872563
900104,82,0.0607441224097449,16630180,0.2769955726518644,28.70496325959737,0.10852584591141227,False,0.050683,0.0347250431438109,0.08066295321458306,0.07989966833662698,0.027735041166881025,0.02753950436147812,-0.6955661102483963,-0.7181828462048087,0.28973678644768264
900104,83,0.271338889277093,10291401,1.3320999932025843,90.62126205632914,0.011084684842615057,True,0.29563,0.0427649286316767,0.28870223993367017,0.28346495975897934,0.040351847202332716,0.04027382399004788,-0.30109061619981364,-0.43029878085911805,-0.5680147611637585
900104,84,0.0797643745900748,20688730,0.4199369273766212,30.56821368873432,0.11157175555535101,False,0.100289,0.0363179914335739,0.11755250559668436,0.11605964637986557,0.03196413480803814,0.031623278722177746,-1.1477390471955242,-1.1822040932297295,-0.5651365783117447
900104,85,0.0707233510629631,4360936,0.3274107511722354,29.892888981438176,0.05044371640011073,False,0.076071,0.0355799919609649,0.09924612891143796,0.09814785882023559,0.03025450044078448,0.029988471771504977,-0.9145016780525389,-0.9427614878090937,-0.15029932954745612
900104,86,0.1230182204181904,767750,0.5512236509900577,188.89116438451816,0.0016941448866102694,True,0.121564,0.0040038524966658,0.12174896946799535,0.12172459789199838,0.003996483080853435,0.003995023985596147,0.3238084504263564,0.3175919738721884,0.36320529275276503
900104,87,0.242935685347811,5560405,1.1876486517329483,25.00179794362902,0.2155801939342854,False,0.253909,0.0414393037763323,0.25139621111417004,0.24661536882759502,0.03901908787675785,0.03890034446301404,-0.09459256802424029,-0.2168304341988133,-0.2648045129188759
900104,88,0.1111212404945515,20402471,0.6194575978503578,22.12941127526846,0.1795855235549784,False,0.08482,0.0358743537354046,0.10541355302872352,0.10419328887976387,0.0308605579488216,0.03057053310706291,0.22662187769264042,0.1849508837556815,0.7331488307368348
900104,89,0.2406452617486489,4049455,1.1597140965925905,69.61143882866557,0.0058745934998810445,True,0.2278099999999999,0.0405899878686626,0.22886961995083419,0.22441539964347337,0.03820582264613391,0.03801235158933652,0.42696285356174674,0.3082158943908069,0.31621743249049905
900104,90,0.1189123806902072,4447877,0.5327442795896241,667.3384720182261,0.0003188250948900498,True,0.089903,0.0360368747486892,0.10972218857618077,0.10840418130106974,0.03133002579734058,0.031020075346807643,0.3387547990020882,0.29333496797843456,0.8049915785569719
900104,91,0.1067454977466545,14148403,0.4701496157802426,151.9419447096078,0.0040206484454730525,True,0.069951,0.0353383844542786,0.09468905267639544,0.09368014134978879,0.029703973961043212,0.029456907955895152,0.4435413389765155,0.40588660244824815,1.0412048630649724
900104,92,0.2315196059830236,9484395,1.147929168256436,63.582308753103504,0.029114642816069375,True,0.2317489999999999,0.0406550369185287,0.23175537048369574,0.22727520839057425,0.03822068097143184,0.03804163121541269,0.11157243937346513,-0.00616850602029736,-0.005642450096306661
900104,93,0.0790127865440087,2365568,0.3497260448523379,89.4837444172793,0.010386804300611426,True,0.084007,0.035857406860574,0.10548467144575943,0.1042551018956157,0.03095730141128757,0.030663968420176446,-0.8231914084218114,-0.855109576576291,-0.13927982788634233
900104,94,0.2542792916809508,2801866,1.238625215049924,55.74574537392985,0.03615909066302415,True,0.246594,0.0412265587555227,0.24389632849263793,0.23923156170581972,0.0386860798381401,0.03854940768851663,0.39034918763780696,0.2683901607956788,0.18641603648088348
900104,95,0.1593728151453134,8161283,0.7355495478045654,80.96965286655515,0.013744495732226773,True,0.140306,0.0376576546420087,0.15148961358550286,0.14904267108304783,0.034459898037763864,0.03400583962000857,0.30377559200706966,0.22876450624350386,0.5063197728741072
900104,96,0.1582116413534176,9435566,0.3977001850808974,24.490531916218693,0.2699858507302831,False,0.1520099999999999,0.0380305652592607,0.1610937162339704,0.15836017728619392,0.03495650444987586,0.034498255679144434,-0.00430560704743485,-0.08244745651515063,0.16306992312998952
900104,97,0.08599451851769,243356,0.3838129580711442,132.5305200235132,0.004260680947930493,True,0.111089,0.015114032169982,0.10549523218290241,0.10526184863974945,0.014096577246695989,0.014076468520232479,-1.3687616389271229,-1.383365147719321,-1.660343262478307
900104,98,0.2405037907465378,4602423,1.1646758509524284,21.183523789068506,0.10175851839776265,True,0.237197,0.0408850025654873,0.23662775729494245,0.2320599455417121,0.038456041884445624,0.038294394383428756,0.220498204522582,0.10079127392367156,0.0808802871234061
900104,99,0.2237707911129928,17532417,1.0708699696065656,410.73417578029085,0.00033004519961525824,True,0.2147349999999999,0.0401673252281045,0.21651165606867157,0.21229555920872406,0.037652798396480655,0.03740264424774699,0.30680269096108026,0.19279138214066288,0.2249537668161856
900104,100,0.1186353139861234,9441388,0.4887777902069169,29.38848085923783,0.056006955969145476,False,0.125978,0.0371632779445608,0.1384198197390093,0.13637558561649912,0.03352218170211949,0.03310283818143045,-0.5359139156934104,-0.5901914716855972,-0.19757907321389237
900104,101,0.1194006448380088,13853139,0.3700313270868274,32.11857527579847,0.09010826256214188,False,0.1203019999999999,0.037014389477381,0.13517622145076436,0.13320144714263962,0.03348471913445684,0.03306840145209653,-0.41734107784505114,-0.4711276373383698,-0.024351479916801002
900104,102,0.1279144951607325,1417884,0.5783744762883979,276.148343063909,0.0011966546923011271,True,0.141949,0.0376890531079207,0.15181225854923056,0.14937309157873324,0.03435525872786848,0.03390587388688149,-0.6328872834716489,-0.6956071435175233,-0.3723761591749306
900104,103,0.1631315696116879,19640886,0.7517347398166765,240.17064418255305,0.0010504956534154808,True,0.1650309999999999,0.0385339203833488,0.1732588595643819,0.17013268125901382,0.03573472267157629,0.03528577602112631,-0.19841172383835948,-0.2834019462182457,-0.049292425203971174
900104,104,0.2285729521877724,7853544,1.113406919743284,43.38564937404964,0.03725733687928728,True,0.254226,0.0414094686078959,0.2512451560631115,0.24648167245693822,0.03894916181175637,0.03883130635622103,-0.46119283510266773,-0.5820973499998587,-0.6194971506428875
900104,105,0.1194653156974491,16854847,0.5928961982615014,39.23794258540148,0.04423855131937754,True,0.1252579999999999,0.0372012687209257,0.13958201638746942,0.13747542198146298,0.03382620596104603,0.033394171167879266,-0.5393188587754859,-0.5947075682441755,-0.15571200934048826
900104,106,0.1499711255150544,9351745,0.714995402556596,43.048423697750906,0.030285482762553086,True,0.146386,0.0378385363114659,0.1573218389343184,0.15468920981290826,0.0348459181809772,0.03438420288773541,-0.13721662570624168,-0.2109490523706973,0.0947479967391878
900104,107,0.1599982330780792,10835055,0.7258293099451391,20.754912571210745,0.2101367340932558,False,0.14822,0.037916790985628,0.15788548349256984,0.15524852158653202,0.03479080075641138,0.03433246867575431,0.138344595502433,0.06072724799586611,0.3106337000550399
900104,108,0.2678035954460807,19110431,1.4162670947753118,23.88351065493269,0.1803861661495917,False,0.259795,0.0416709043771769,0.2569877323094025,0.252118775756361,0.039285387582429,0.03917723132416459,0.4003554911764594,0.27531516938668993,0.192186744343062
900104,109,0.2009342465458285,2245075,0.8835623706054111,27.27336646040236,0.08767696204242025,True,0.148636,0.0379833411235588,0.1584855827844534,0.15582111889739414,0.034885264637784116,0.03442432020267178,1.3105016274201686,1.2168078471561625,1.376873255454377
900104,110,0.0719113358246311,1586130,0.3418776136091075,61.99179613679674,0.01361516971179941,True,0.054088,0.0348102214520147,0.08311163197800855,0.08230829421023458,0.02811437549325493,0.027910637660599934,-0.37250880872135533,-0.3983832454704381,0.512014433726033
900104,111,0.0968990146670756,3394101,0.4105895151469115,36.28276045241339,0.037408107216203815,True,0.129883,0.0373579585874575,0.1420330769751429,0.1398741012616947,0.03383844257798016,0.03340557219684679,-1.2864646155851684,-1.333810272268192,-0.8829172304933811
900104,112,0.2890895569005089,20716144,1.4669982594308646,26.106333981136,0.09798197157888384,True,0.3401079999999999,0.0442471858736535,0.3280642569426646,0.322318963227762,0.04172623502955703,0.04160298530808235,-0.7987264875628405,-0.9340574344785177,-1.1530324944319084
900104,113,0.2174440251744272,14449317,1.109764985089696,44.81856820938026,0.04026419504205939,True,0.204684,0.0397878623144976,0.20452563011778116,0.2006234313878869,0.03685617749807985,0.03655257259679698,0.4601753745785393,0.3505082711661858,0.3207014509492208
900104,114,0.1703929827206733,1879333,0.8548211721984991,28.21324123800009,0.031210360160368225,True,0.117365,0.0369615094642386,0.13176537877956904,0.12989536936772889,0.033164264649338304,0.03276312325694281,1.2360730396593855,1.164735728336885,1.4346811991533923
900104,115,0.1431898165724945,9981040,0.6513303409636316,221.1338187340414,0.0015050737656112703,True,0.128491,0.0372629625009598,0.14163635632661972,0.1394825134472874,0.033862148313808314,0.033428258437969906,0.11090326862485014,0.04587600974038913,0.3944618351832841
900104,116,0.2401817849503353,15876496,1.1602359903363877,536.3839644445267,0.0003380792391414638,True,0.220016,0.040322871818658,0.21973907865675438,0.21548751581705078,0.03765824231875272,0.037428435183176935,0.6597729510311966,0.5428481265946137,0.5001078554381211
900104,117,0.1644820887073227,15504373,0.7600164974805944,67.38964371443768,0.022665122306402847,True,0.124106,0.037147240561207,0.13790022273381095,0.13585324321616127,0.03362737429812551,0.03320394678995299,0.862212124126885,0.790482948143635,1.086920269105738
900104,118,0.1877252580809718,6184157,0.8794258327699915,419.1725101352295,0.0005330424866370995,True,0.126714,0.0372227640015781,0.1403509168194268,0.13823026949217138,0.03381200932596109,0.03338035168273376,1.4827581524373834,1.4011099075727114,1.6390845687436097
900104,119,0.0996506135339252,14168166,0.311487434830617,35.47966064034565,0.07759311734942152,False,0.071961,0.0354065668553292,0.0950115041232591,0.09400748594850648,0.029597148805941245,0.029353232158346784,0.19224893377930957,0.15674176729262718,0.7820473994856554
900104,120,0.2095775365351508,15790782,0.9641305099938332,37.75138486546591,0.059254363155351694,True,0.185367,0.0391750162396492,0.19026256545376125,0.18666724902490303,0.036462222044971876,0.03607706711813007,0.6350374168507309,0.5297255624620681,0.6180096106928272
900104,121,0.1679153964113779,1408529,0.8222715391198787,42.857553709507975,0.05329502821441227,True,0.147538,0.0151216058961333,0.14928033565331877,0.14883370536677382,0.014903931180587067,0.014866709454405226,1.2835181250515322,1.2503453305213859,1.3475682775589688
900104,122,0.123983398720596,19625887,0.5416874505777748,76.99914723574052,0.016950075087966424,True,0.101722,0.0364258744963872,0.11927602578899929,0.11773088298626291,0.03220983848006182,0.03185792831350574,0.19626247108109696,0.1461470517621692,0.6111424647554837
900104,123,0.3386713077581207,10340228,1.7617732421400956,38.99024641853998,0.05771495754860433,True,0.3048389999999999,0.0430857953042494,0.2959958729849815,0.2906813495091658,0.04056982461535019,0.04049135611322274,1.1851901950323527,1.0519008937739491,0.7852311305666912
900104,124,0.2631642711933828,5784781,1.3157491836738937,31.136027417652542,0.07494455791191512,True,0.267588,0.0418874847730263,0.26284110066879873,0.25792307723095,0.039395246911147236,0.03929889308784626,0.1333674704454652,0.008203287196370843,-0.1056097980241073
900104,125,0.1316356546356501,19889686,0.4536674955029758,32.162710306307794,0.07648539369918939,False,0.169785,0.0386956147425945,0.17773232522537025,0.1744674566964593,0.03599146440888213,0.03555300654762999,-1.204730801132891,-1.2807667414150619,-0.9858829125243666
900104,126,0.2292074439180278,12345429,1.0997207977999994,589.8166147157915,0.0002618160858438464,True,0.252211,0.0413373907675902,0.25004170195804354,0.2452859455984442,0.038940189785956966,0.03881862079986688,-0.4141955934836181,-0.5350322675502011,-0.5564830206943714
900104,127,0.2444377169277514,13114528,1.2175351754943484,26.694816712442627,0.10077177897121296,True,0.228382,0.0405565787431543,0.22961373365386106,0.2251525482437779,0.038210089791230105,0.03802018340062639,0.5072350251644441,0.3879599172596738,0.39588440211963166
900104,128,0.1810116582133739,3680754,0.8451084380018539,49.54396668356426,0.04058905556871212,True,0.132917,0.0374578867862454,0.1444853199337282,0.14225542430111646,0.033984820207098435,0.0335461805948519,1.1553098810362061,1.0747839199107019,1.283966137433955
900104,129,0.1177304178561416,19120097,0.5253570065060454,275.550638566041,0.0009692188091311909,True,0.121291,0.0370599147397387,0.1350727339637526,0.13311216894026573,0.03338558641517183,0.0329733211685611,-0.46649080344354515,-0.5194551891929601,-0.09607637170412699
900104,130,0.1677811329287407,20516215,0.7751631404270966,307.13263456812825,0.0007764467209021892,True,0.124641,0.0371971220373132,0.13929673116460317,0.13719396248187463,0.03384225522032419,0.03340966435905262,0.9155186391023479,0.8416815480733987,1.159770717892259
900104,131,0.0786260336246979,7847803,0.3973172256752084,51.793039956560456,0.03531307311487348,True,0.10036,0.0363453624390674,0.11800543673646186,0.11649557007154927,0.032062286364412024,0.03171728990595556,-1.193971381512662,-1.2282156881822897,-0.5979845822624237
900104,132,0.2674890419295587,5848116,1.3077190372603409,48.41364041814112,0.032024217387670854,True,0.2196969999999999,0.0403003736409832,0.22085230865044747,0.21655875944517572,0.03780215873701872,0.03757446093003107,1.3554494522016516,1.233705556435353,1.185895752612998
900104,133,0.2697707964044943,12974240,1.2883859194768434,24.256573779392102,0.08423451407280332,True,0.195188,0.0394733632868908,0.19857584252640226,0.194776130615126,0.036790931199378395,0.03644855257855527,2.057548530294503,1.935122367310315,1.8894462035684563
900104,134,0.2524349653565345,19240067,1.231232604610884,21.54125151507065,0.19886204555608897,False,0.2307179999999999,0.0406842127243155,0.22841261939601948,0.22401698959840227,0.03795783209980138,0.0377694458881273,0.7524064780379874,0.6328692823487331,0.533793427531538
900104,135,0.141069251437454,9095878,0.1575837688283596,26.811747615779225,0.14134232589520523,False,0.095206,0.0361701516323066,0.11431167893085789,0.11288571055334631,0.03178444518031123,0.03145368591375913,0.8960330106106593,0.8418448821365928,1.2679861534362404
900104,136,0.12964071792206,4214054,0.5692524336642703,30.063054702917192,0.10856423784739153,False,0.114676,0.0368553182999014,0.13006811098736143,0.12823908061765912,0.033087227946291785,0.03269052230506883,0.04287595319893515,-0.01291716144958371,0.4060395788821619
900104,137,0.1226385961768878,10800486,0.8991162904326845,20.778111989809023,0.23087442353239543,False,0.124848,0.0371251313850395,0.1384561673146409,0.13639777666880698,0.03362833661630579,0.033204638594804395,-0.41437525219961624,-0.47036436319254116,-0.05951235027824135
900104,138,0.1086224028373967,8115056,0.4866015824202679,67.58698696413336,0.023726239893407046,True,0.129989,0.0373194167053904,0.14294953472449495,0.14075577235397516,0.03395674715503635,0.03351897639102787,-0.9586620170531132,-1.0109075445410256,-0.5725329881567284
900104,139,0.1181390753910549,15327238,0.458789078800181,33.72071422378655,0.046062031177400334,False,0.1145119999999999,0.036820848451815,0.12853375795161248,0.12676592283160112,0.03280138769217552,0.0324173399769256,-0.2661183010909204,-0.316897646468693,0.0985060242650713
900104,140,0.158555484472613,18140084,0.8364484831669892,31.56623742787377,0.10446365678959357,False,0.150423,0.0380502064282,0.15941552184437277,0.15673052318284308,0.03488381648742333,0.03442492375722867,0.053012791041743536,-0.02465433712133646,0.21373036406409096
900104,141,0.317251326515623,14463327,1.33892201944146,24.373082541151817,0.14247757567637617,False,0.31764,0.0435279100148334,0.30811841507805293,0.3026375691433828,0.04105738198418271,0.040968967045428996,0.3567030956879026,0.22244261558344114,-0.008929293509487067
900104,142,0.1996128894951962,16104964,0.9377652394437186,60.26705346934994,0.024095266172605358,True,0.194065,0.0394690740980059,0.19803755441025556,0.19423892456556124,0.03683040453087291,0.036483020927066526,0.14730043710958293,0.042772679393736544,0.14056295015738698
900104,143,0.149420877984108,4149562,0.6884761909154782,56.20607173499768,0.03166925421137353,True,0.13274,0.0374560741872434,0.14538368955374292,0.14311208979597986,0.03415259957001979,0.033707258764593614,0.18716408332661383,0.11821028212180497,0.44534507008716595
900104,144,0.0948241776030987,17452823,0.4168145673444419,386.9752492241015,0.0008608735335273627,True,0.0461838343123519,0.0345573529082744,0.07763442709043145,0.07691903801833436,0.027245674815023185,0.027059906410508,0.6616851999832254,0.6309166731737135,1.407525148695645
900104,145,0.2609873303249577,3560685,1.27419128682712,85.2387807427901,0.0057844139180160264,True,0.1766859999999999,0.0389133185507623,0.1829576930081369,0.1795556866554048,0.03616475092600195,0.03574717133648621,2.2779884568499473,2.157615781081422,2.166387588223476
900104,146,0.2661864840338854,6368263,1.294618295677497,53.67491329815188,0.02599484872426843,True,0.215478,0.0401530061068522,0.21726620356637788,0.2130402522336388,0.03766016650570378,0.037414421501604726,1.4204745033400326,1.2989926759909134,1.262881386737116
900104,147,0.1291785440412665,10909320,0.5802190146949969,309.3830615536255,0.001829240680499091,True,0.086639,0.0358736080173064,0.10622676080818438,0.10499790786904772,0.03084329162860311,0.030553285505468184,0.791425071712537,0.7441418221328019,1.185817273265189
900104,148,0.1618793679094181,8899944,0.7501768556706618,88.62281577882493,0.010561128023156428,True,0.167105,0.0385254060698132,0.1743520373787384,0.17121359650359502,0.03566740867243404,0.03522572753260916,-0.26498327353313134,-0.3496937381649467,-0.13564119430986307
900104,149,0.1546237473446528,2136647,0.8842621722284706,35.07212794752977,0.08001138522821612,True,0.142338,0.037751805741837,0.14999533763676554,0.14763658338010027,0.03406488543964275,0.033626102204528684,0.2077898866200295,0.1358704028548119,0.32543469387048707
900104,150,0.1025544400857255,15864214,0.4355887383974156,38.59939095662589,0.03785986286342569,True,0.123267,0.0371249982317868,0.13668189499407662,0.13467625909953468,0.033492669900089686,0.033075236950408565,-0.9711742673823047,-1.0189529532926167,-0.5579140983376585
900104,151,0.1711196934442289,9344153,0.7416821192368117,32.39315148182517,0.052074054855819514,True,0.168451,0.0385848436337789,0.17584653492016847,0.17265693719556174,0.03578268787993391,0.03534325358961517,-0.04349468696861954,-0.1320985581575127,0.0691642933572137
900104,152,0.2920682591493475,8704985,1.4989260289674062,20.67205512482056,0.22866308220269882,False,0.30614,0.0431189626548079,0.29474633196876554,0.2894871830307919,0.040370537340963394,0.04029494687634031,0.06405458546642435,-0.06633730923122154,-0.3263469245145095
900104,153,0.1907262534405783,17420819,0.885759397356853,51.55371246737515,0.009644674229432777,True,0.199049,0.0396464678116005,0.20078331627924056,0.19694231673013063,0.03682572686079646,0.03649755610436969,-0.1703145074091166,-0.27309882780260064,-0.2099240365868475
900104,154,0.0382662997915431,39488,0.1917924286265847,64.0156676510371,0.027887248368702496,False,0.04628413326195,0.0150228244994832,0.05447453818921063,0.05433187156945581,0.01373745208700989,0.013722771431417426,-1.1707235566958138,-1.1798576835797674,-0.5337101202695088
900104,155,0.12664504648629,20330793,0.4698624285268399,25.41434104566256,0.15452349663305512,False,0.094912,0.0362153691755364,0.11346384251549718,0.1120619847933778,0.0316636783250679,0.03133809673862753,0.465346118959963,0.4162878309800586,0.8762314787536605
900104,156,0.1749134245503102,2567103,0.7402722085180231,27.95314463652089,0.05425440969550033,True,0.1112619999999999,0.0367543594099741,0.1270240838965885,0.1252791985220334,0.032839323815589426,0.03245515676228308,1.5293170941006802,1.4582925313153905,1.7318061196582055
900104,157,0.1230155151407682,11629036,0.630357932208349,25.59343009927487,0.12762150977094144,False,0.060332,0.0350025023815883,0.08736913992589682,0.08649558688827469,0.028703896891188074,0.028485934271173973,1.2820337189870386,1.2418653589093196,1.7908295371973295
900104,158,0.2449685478651608,8114308,1.1823337415120705,23.83932629974176,0.10265847404254799,True,0.27964,0.0422620226332621,0.27450062394019137,0.2694279450695865,0.03986516117166831,0.039780922383792876,-0.6148524402840564,-0.7407991139897523,-0.8203926356224892
900104,159,0.0845219911613395,10328428,0.3634702042996997,24.331846527573926,0.19817782142849158,False,0.082674,0.0357364488766663,0.10378393482795939,0.10260043131415425,0.030662965672497534,0.030380894953823782,-0.5950594997379881,-0.6281826706637337,0.051711661886643945
900104,160,0.2460719018335516,10777816,1.1951697475159877,184.21296492154545,0.0025697905646350793,True,0.204724,0.039780974488695,0.20803619485367406,0.20400027270950505,0.03728253729847433,0.03698773548487389,1.1374480911720513,1.0202016744561544,1.0393888627665946
900104,161,0.0819361417986594,815913,0.4551818920050187,22.23689707018017,0.14560130905156107,False,0.058005,0.0151034327380574,0.06463737200968947,0.06447233760210466,0.01417128008244453,0.01415816832977694,1.2334790623887069,1.2206921102631907,1.5844836212868403
900104,162,0.0373646511385187,604811,1e-06,21.927390587155287,0.16696353573499903,False,0.090763,0.0360080840041056,0.1098856671070448,0.10857219803069035,0.031256658688247924,0.030949173595398085,-2.300789928127829,-2.3201781320212898,-1.482954462542158
900104,163,0.2515681022919414,14837381,1.2644781185650664,37.805938309878265,0.038712461620471775,True,0.244034,0.0411027010114823,0.24277617340870145,0.23811606658833612,0.03869295013220601,0.038551392736179475,0.3489377360673373,0.2272230174540758,0.18329944520766836
900104,164,0.325965590497788,9444227,1.5765354089204746,27.73805024500657,0.14242913521693798,True,0.310751,0.0432644656305041,0.3024115390283201,0.2970038726400299,0.040851611323674694,0.0407684573159876,0.7103952360346137,0.5765758242152292,0.35166481952479695
900104,165,0.2717890037781357,4537615,1.3089502975896012,53.312265178754735,0.02796301736102168,True,0.21998,0.0403142797470869,0.2202912023139746,0.21602085142150046,0.03772009017605695,0.03749163385307446,1.4874825827859202,1.3652618862732635,1.2851278530377166
900104,166,0.1143655932653229,17116420,0.5002125533494552,47.98020708341739,0.030426028967494263,True,0.083713,0.0358289183992221,0.10468534119720341,0.103479565726245,0.030796344286972997,0.03050906426601465,0.3568128948223532,0.3143312069093308,0.8555266146685696
900104,167,0.2033976102598979,14911840,1.1226104158610255,21.46105239977628,0.14511830680743418,False,0.189896,0.0393080282295255,0.19411300835363934,0.19042106154196048,0.03661439827036948,0.036248491532363404,0.3579886546824073,0.2535778913447879,0.3434822571373955
900104,168,0.1991742644107146,6968319,1.04458442432348,23.07989956031537,0.09013845348873199,True,0.12925,0.037314360855996,0.14284162606294823,0.14064228706133688,0.03401623058497025,0.0335760415251376,1.7432661710748771,1.656051754677851,1.8739236799624437
900104,169,0.1665513047849849,20122221,0.7700066080361884,46.60950645461511,0.026909669139368843,True,0.186828,0.0392281715492695,0.19229085166603982,0.1886291729155896,0.036623087683868155,0.036244900589115274,-0.6091303265219856,-0.7028229597471313,-0.5168911630140123
900104,170,0.233144475028601,14649290,1.3084779994974536,26.466301864976085,0.10432941259785995,True,0.1571779999999999,0.0382214572042915,0.16417684017678308,0.161366946090427,0.03500779974747871,0.03455573259233096,2.077152575086883,1.970064824104949,1.9875347667297099
900104,171,0.1597117805025724,2247342,0.6304971174188355,20.606469232068395,0.18388194954534173,False,0.158792,0.0383019904628511,0.16765374321393328,0.16470334538675008,0.03540967558057818,0.03495210647161576,-0.14281156096360823,-0.22428792642531195,0.024013908714861688
900104,172,0.2192207501822863,6343565,1.0408910691357376,58.47824090950008,0.01522270262924754,True,0.177816,0.0389084200191875,0.1842295294797402,0.18079279446975344,0.036218366483766626,0.03580577711375237,1.0732333944449803,0.9661181356213139,1.0641591244740274
900104,173,0.1632556437047485,2120718,0.7506799438763857,58.2722841743266,0.02742408546112158,True,0.111554,0.0367632726450664,0.12653760367304331,0.12481474470090193,0.0327206066344552,0.03234156094261085,1.1885913321270674,1.1221686823202301,1.4063395335857511
900104,174,0.1485000671059831,3045076,0.7641647205866109,20.0244993073413,0.1972370665636903,False,0.150917,0.0380619330901945,0.16115982786414748,0.15840203458524882,0.03510543575591659,0.03464134980678244,-0.28584242630542683,-0.3606210971482027,-0.06350000375150541
900104,175,0.0903774796273114,18355253,0.3689444114244615,20.78888507643496,0.15885885845193556,False,0.0428014442039427,0.034449152927269,0.07529452526136537,0.07461559786132746,0.026839364789331563,0.026660996211750006,0.5911962794187479,0.5619713612574533,1.3810509513489029
900104,176,0.2033603876724468,2006454,0.9605205261399338,334.3495633469489,0.0008318026358840229,True,0.17236,0.0387799241844738,0.17876790352782632,0.1754916970941951,0.03593204745428741,0.03550119754749811,0.7850070561976211,0.6844164440088456,0.7993926838273272
900104,177,0.2748571512870348,2885773,1.4270383429835507,31.493694897190693,0.055136107107656776,True,0.260498,0.0416891403461455,0.25926928756237355,0.25434390292447384,0.03948017997917921,0.03937371029476471,0.5209884516595453,0.3948275750739201,0.3444338541838611
900104,178,0.3344959854688919,15899456,1.6889474031128924,53.21518471874273,0.03308006899435066,True,0.2949699999999999,0.0427982304360922,0.2887968465990124,0.2835350663206573,0.04044568506049058,0.04036648974536274,1.262456048809371,1.1298891044009238,0.9235425172055559
900104,179,0.2368083199375327,12285147,1.08990912741032,44.74010258655029,0.05558891068857169,True,0.193236,0.0393918028773244,0.1945773347350886,0.1909165134054257,0.036406568580898954,0.0360516100616976,1.2729474898227624,1.1599825759080464,1.1061265734200454
900104,180,0.1115765946673858,20429925,0.6213329548935764,24.9830286491128,0.1581333732906789,False,0.064578,0.0352149890958148,0.09056958118658891,0.08963665067710933,0.02917929609847716,0.028948117475914085,0.757905725943365,0.7199287265155525,1.3346190322396394
900104,181,0.2125815276016709,2572085,0.889815252087936,22.854022805010167,0.16607047614598539,False,0.182008,0.0390890428680283,0.18792405480574048,0.18437877459268165,0.03642591714862746,0.03602755587307572,0.7828106105323083,0.6769211244653457,0.7821508371257049
900104,182,0.0680494708348194,1531396,0.1807329801310703,40.147921652622415,0.04677460572457025,False,0.0247792649257813,0.0338319111383452,0.06428717922404843,0.06376479887109811,0.024764952308931172,0.024616800256481983,0.17405478856225706,0.15192000226118502,1.2789761043086774
900104,183,0.1102327051053029,1666262,0.4920253606410846,47.95811278661193,0.0347280305064684,True,0.101482,0.0151120760234826,0.10469582044613474,0.1044428650281437,0.014720164417289603,0.01469773452389318,0.3939273816483093,0.37614285426491634,0.5790538038390763
900104,184,0.1416394736366279,9097136,0.7562480642694372,27.052854297650093,0.11646108887672182,False,0.165986,0.0384856624807871,0.1739892920510691,0.17085259672300376,0.03570326746025576,0.03525851736076118,-0.8285408824049654,-0.9060744496411273,-0.6326128951405323
900104,185,0.211357688630597,15297790,1.01785883653124,24.3912138664828,0.1572914356537167,False,0.14822,0.0379416592280543,0.15762906889764963,0.1550011624226202,0.03476854528591484,0.0343107101405665,1.6425345315527278,1.5453226268489724,1.6640729455477428
900104,186,0.1996173239434502,9616802,0.9421457125253035,226.6449486495829,0.001076779933903622,True,0.188417,0.0392497779170456,0.19046643320986678,0.18690832140413555,0.03623985350014686,0.03586455425666906,0.35436109001553784,0.2525090432152638,0.28536018642250854
900104,187,0.1011468073979633,19462432,0.384205777880208,26.19062132488805,0.06072439209534007,False,0.128613,0.0373065171807131,0.14110585891997532,0.13897290204903764,0.0337865752724395,0.03335587432077594,-1.134015984330355,-1.1826902016496341,-0.7362304143533479
900104,188,0.1081766055051978,4388796,0.4412360000381543,24.695222294587893,0.14622123650151916,False,0.14686,0.0379196726744413,0.15787009081575118,0.15521171133092815,0.03493644169020225,0.03447214842748969,-1.3644379004884528,-1.4223968700421392,-1.0201405172169553
900104,189,0.1999458372071771,5072577,1.0392168891910707,39.854352886410666,0.06047726273991243,True,0.190861,0.0393578459873457,0.19496559888264012,0.19124909995969663,0.0366672422859703,0.03630512112482535,0.23954574390701197,0.1358225493397012,0.23082658563423522
900104,190,0.1231268632538983,190961,0.7061678224186001,39.30803667661059,0.06936076162967719,True,0.131832,0.0151183128455325,0.1274924289711893,0.1271677309402367,0.01441064096328494,0.014380538692621264,-0.2809955713558768,-0.30294042634283014,-0.5758008076062602
900104,191,0.0592827406724391,770915,0.1029329637023883,22.047191542305765,0.19097875524587624,False,0.062522,0.0025313303524186,0.0627049436459903,0.06269957859657996,0.0025256307183432933,0.0025256207985047624,-1.352870520453317,-1.3549894482579086,-1.2796667667125685
900104,192,0.1959178691938529,4584374,0.9251076876443084,106.22133695608942,0.008240467935524496,True,0.146516,0.0379067601562481,0.15596755773368223,0.15339138647594353,0.03466887715237171,0.034212280607804436,1.243018061421147,1.1523393528029982,1.3032469403932974
900104,193,0.0871777954413066,6125621,0.4486360414448167,26.439768804326583,0.15570060449504267,False,0.0870669999999999,0.0359126941738383,0.10740016584686363,0.10613598005558295,0.031074564327065908,0.030775643730846444,-0.6160126098442757,-0.6507692334062223,0.003085133094453899
900104,194,0.1286243844603659,15014547,0.6065230117061757,33.752900199106435,0.06657792989899655,False,0.071171,0.0353891225240598,0.09546796154102052,0.09444518523415618,0.029786862084692226,0.02953702489246143,1.157164587518531,1.1131223834545765,1.6234758129791265
900104,195,0.1996230514586058,9972003,0.977130649397707,29.2607247844728,0.10190603214712021,False,0.175293,0.0387905578425457,0.18148766782987868,0.178141645272342,0.03601373286250051,0.035593654994053134,0.6035178514219129,0.5035685608589235,0.6272158177606935
900104,196,0.1558536352512762,1190416,0.7167603424826751,128.0257586852264,0.0035784459428130255,True,0.180974,0.039037920931817,0.18745749630486247,0.18392033985135947,0.03642970594844265,0.03602824714154976,-0.7790194313315674,-0.8675299520208536,-0.6434862346434536
900104,197,0.1910579553984215,12954498,0.8910676072503871,67.1104461487829,0.02568509447390451,True,0.205641,0.0398042221256659,0.20810661691694682,0.2040823957177848,0.03722006130596997,0.03692793014557345,-0.35269889939727783,-0.4580503341565098,-0.3663692900601944
900104,198,0.1520298500141436,7171379,0.5932687437103542,36.31401842220345,0.05613317158518927,True,0.137149,0.0375592141689554,0.14865754662235237,0.14629795028781872,0.03427899627448064,0.03383000510926618,0.16943242272094372,0.09837812533331901,0.3961970542622104
900104,199,0.0740541203275002,20428221,0.3207387668152158,321.40781546179966,0.0007759355672506025,True,0.086569,0.035942414318961,0.10686668612221463,0.10561371050130292,0.031025384899290336,0.03072854645917541,-1.0270446802855253,-1.0576038267123957,-0.3481925159907168
