seed,event_idx,z_true,host,dL,SNR,sig_dL,evaluated,z_g,sigma_g,mu_k,mu_p,sd_k,sd_p,pull_p,pull_k,pull_g,C_b,C_s
900101,0,0.288811794807765,10791058,1.507307522193932,31.71527396330816,0.0611747681171396,True,0.250951,0.0412893458978334,0.2507713145912371,0.245975841750361,0.0390927539231845,0.0389698859008742,1.0992065300463971,0.9730826406161028,0.9169628141227514,-3.5119617822287243,0.007719741486701532
900101,1,0.13997096923459,9395586,0.6351683867179443,385.538769323715,0.0006791935789168,True,0.137223,0.0375343521912498,0.1479832045936629,0.145656782465227,0.0341444745775813,0.033700595650729,-0.168715511427883,-0.2346568649304575,0.0732121130155163,-1.8834893710399716,-0.053453730953548134
900101,2,0.2008831217258453,11311856,0.9420013476863324,81.67219967312538,0.0214894071212074,True,0.2141989999999999,0.0400840863002833,0.2145909522895654,0.2104481537622879,0.0374062200056748,0.0371514500830348,-0.2574605302098421,-0.3664585879471536,-0.332198623024631,-3.1132991600808846,-0.00401938995213426
900101,3,0.1163682317310542,154375,0.5184785906936634,158.93501165546587,0.0012194219863909,True,0.119092,0.0151156744892885,0.1217624802090939,0.121443363524134,0.014822607561603,0.0147908280706691,-0.3431269546797064,-0.363920346377727,-0.1801949539781341,-1.57977607292101,-0.011863093059027422
900101,4,0.2211550600177448,8284015,0.9167484058626844,25.076941696857418,0.1102635032844712,False,0.17598,0.0388341600543035,0.1818245980928713,0.1784703194569566,0.0360222703490413,0.0356037898355352,1.1988819380735003,1.0918373979145977,1.163281501507295,-2.6046781812000597,-0.03884652611537452
900101,5,0.2379686262275867,19142281,1.1838064147497538,61.121842277459976,0.0274634709657082,True,0.2134449999999999,0.0401372549005371,0.2165938602840614,0.2123536142063903,0.0377629154862967,0.0375096647173011,0.6828909886091715,0.5660253099706157,0.6109941073040003,-3.176758389524892,-0.01822254120103095
900101,6,0.21517866614041,4395401,1.1357430456548898,25.41434104566256,0.1545234966330551,False,0.157959,0.0382852416382226,0.1666224968496706,0.1637070714081188,0.0353338344940997,0.0348759361017339,1.4758484068254765,1.3742117148040518,1.4945619693642989,-2.2990153253985177,-0.05104074519959603
900101,7,0.1079723486250249,1566826,0.4818661582335929,135.05974619098578,0.0039265395241361,True,0.0347824297661696,0.0341059311922608,0.0701387187094506,0.0695365410641919,0.0258926633204771,0.0257297092211037,1.4938298459007708,1.4611718171785577,2.145958673471532,-0.5450499197829834,-0.04564832291579482
900101,8,0.3661969047441979,14944724,1.9378604996739284,21.13513636457883,0.1304721831696465,True,0.291495,0.0426708001633321,0.2842706523055853,0.2790891829055067,0.0401826783180462,0.0401044478356887,2.172021472420684,2.0388449916196616,1.7506562909122758,-3.6748790098039206,0.05191343124436882
900101,9,0.3375533395550948,8111837,1.7629545985317172,49.2070697785198,0.039027969329026,True,0.304175,0.0430559774074772,0.2943619653112073,0.2890855823988587,0.0404412219133333,0.0403644102931612,1.2007547441972115,1.0680036903051002,0.7752312585824211,-3.7142749425850883,0.0672839254171152
900101,10,0.1266474455317558,18412198,0.7069703680329756,31.256530110640853,0.1219384872074838,False,0.124581,0.0371964178818233,0.1375529280035367,0.1355232613398914,0.0335455774963044,0.0331256503588535,-0.2679438958022874,-0.3250944919038094,0.055554960650273,-1.6572998410623447,-0.05601978590741374
900101,11,0.1640855806475567,5590045,0.7572386233154283,1424.7236072062765,7.984272873243278e-05,True,0.219797,0.0403114679116084,0.2221467306063168,0.2178076220492553,0.0379545052134584,0.0377298759307557,-1.423859476778897,-1.5297564711282785,-1.382024079961628,-3.2428907009852903,-0.012343959342753055
900101,12,0.0924942299811588,5386571,0.4063287611180677,270.0169486273753,0.0011210504250877,True,0.152069,0.0380755128274702,0.161678271038989,0.1589142100958104,0.0350705984139198,0.034609174649291,-1.91914371803756,-1.972707743429052,-1.5646478693219337,-2.1944718404501113,-0.0540670407803948
900101,13,0.2056006771038266,8021769,0.9784768074691648,122.19849211982591,0.0059845206455131,True,0.207027,0.0398678577065105,0.2095984700127643,0.2055344994600503,0.037319349313128,0.0370340614356093,0.0017869399469274,-0.1071238642290959,-0.0357762613349668,-3.0690875919873903,-0.016980215069277858
900101,14,0.222717788699288,9931818,1.195273622757449,37.433663811414256,0.0624812526532975,True,0.274057,0.0420512211387148,0.2679477957571285,0.2629869000703303,0.0394987281325297,0.0394103735387999,-1.0217896395068926,-1.1451003411067002,-1.2208732567208649,-3.57108805030317,0.0432815989023343
900101,15,0.0834234427735839,19357878,0.3643583049965629,276.148343063909,0.0011966546923011,True,0.071699,0.0354512877437754,0.0959068628603415,0.0948738983578924,0.029863314901014,0.0296109037698227,-0.3866972677807281,-0.4180185665300606,0.3307197994702606,-0.8926054558812796,-0.05301340176016126
900101,16,0.1235240489095256,15847339,0.6227759394497844,30.137970411072008,0.1093590144857345,False,0.1340589999999999,0.0374806539720588,0.1460902848538468,0.1438049638916765,0.0341419773728803,0.033697303974642,-0.6018557151460177,-0.6609528117796135,-0.2810770350572838,-1.8506682397113174,-0.0576619929446681
900101,17,0.3166932266116519,8045262,1.6888023149829932,27.17882033382198,0.1142747017414423,True,0.266642,0.041839266580494,0.2645130563695113,0.2595358127103403,0.0396122859797054,0.0395149794617831,1.4464745946936712,1.3172723803133717,1.1962739957537023,-3.596975890917553,0.020873102993162838
900101,18,0.0910271804908311,19647273,0.4836854020745133,24.50760021645404,0.1246237255273152,False,0.080819,0.0357503747427267,0.1029711981535507,0.1017954301719913,0.0306852321481558,0.0304029185676166,-0.3541847358243417,-0.3892431905045069,0.285540517107668,-1.0058386512312372,-0.05520639815804876
900101,19,0.0736155494297449,154338,0.2227185536505218,33.25188269334187,0.067136639475355,False,0.088182,0.0151093955463012,0.092286121284219,0.092065857822337,0.0146363234408403,0.0146199091988086,-1.2619988360868706,-1.275632636156214,-0.9640657381440376,-1.0673942233129652,-0.010558933062803018
900101,20,0.0394656895006223,8409351,0.172517898924716,56.29529508588652,0.0227066399245947,False,0.059739,0.0349834766783994,0.0860428587039404,0.0851996251018029,0.0284017519621558,0.0281917241542564,-1.6222468463063342,-1.6399400031864315,-0.5795110270413886,-0.7399032213406348,-0.04692481584028771
900101,21,0.1236327174900004,7228408,0.5560220804607519,299.25833132273544,0.0010930692699628,True,0.097936,0.03627265091534,0.1161911149330143,0.1147232565992246,0.0319235264100236,0.0315856313788434,0.2820732244961066,0.2331071593221451,0.7084322993093691,-1.2370856743454548,-0.057022342303463126
900101,22,0.1527657991252287,13252529,0.700154662909928,309.9688163411626,0.0007285133087681,True,0.17309,0.0387312478145528,0.1797284562111762,0.1764286908050716,0.0359535362990247,0.0355265049360101,-0.6660630344151269,-0.7499306010318375,-0.5247494470636375,-2.569675458238765,-0.04277702852580228
900101,23,0.120681368218523,16967752,0.5606619791995351,51.23570475840657,0.0335082420621792,True,0.0359378388592014,0.0342320210527039,0.0710982285132586,0.070479731383357,0.0261207206115804,0.0259537965677373,1.9342694894037464,1.898230161509482,2.475563135137414,-0.556233192352939,-0.04643009923088117
900101,24,0.234287732506444,18060584,1.1383381571646702,91.69452141764684,0.0113748398571496,True,0.249225,0.0413115720174561,0.2457150353068632,0.2410331269422091,0.0387178117755849,0.038587198220147,-0.1748091270395288,-0.2951433016580031,-0.3615758675860677,-3.4182892782071956,0.025046562806644187
900101,25,0.2930945544520028,16222830,1.473093562595337,28.197096848827428,0.1293025125370458,True,0.302919,0.0430547730346319,0.2892474176385599,0.2840865274228554,0.0400479961106261,0.0399755815408067,0.2253382360417196,0.09606315389204,-0.2281848179781309,-3.6292814950650354,0.0866972764894971
900101,26,0.158785465239925,12715358,0.5551594484961859,24.08745720482738,0.1589873700548452,False,0.127803,0.0372310452638256,0.140459616097947,0.1383490338485028,0.0337164615744754,0.0332886701149321,0.6139155250379048,0.543528243659212,0.8321674833563745,-1.7245943523609462,-0.056837985180739646
900101,27,0.1703706510506346,2579760,0.5996320544604417,22.788711808690703,0.1435768549486037,False,0.098077,0.0363215005038681,0.1168748321089337,0.1153814868753344,0.0320732120156765,0.0317290554158497,1.733085446591368,1.667928329584002,1.9903817311439431,-1.2556561552175924,-0.05938659147277208
900101,28,0.1748781172973319,290258,1.00555032811283,21.760755172279943,0.1978157099613905,False,0.196752,0.0395269267521808,0.2013015529658921,0.1974137216768032,0.0370247373409916,0.0366925211618536,-0.6141743239736792,-0.7136697669237941,-0.5533919406335142,-2.961325130516489,-0.02941645175478129
900101,29,0.2034095775117992,13878630,0.9618289328811284,589.8166147157915,0.0002618160858438,True,0.180311,0.0389785408417984,0.1826745472767681,0.1793413239309338,0.0358058241326169,0.0354007829410804,0.6798791320780525,0.5790965782056309,0.5925972859155768,-2.5779298273839673,-0.022329971965493536
900101,30,0.2700955889487668,4374164,1.1722247282859637,22.471681036801712,0.0936951726900404,True,0.245555,0.0411744376698882,0.2441304933578204,0.2394464759617869,0.0387631279252256,0.0386252331357607,0.793499753885075,0.6698400511185069,0.5960151574022315,-3.431225437210117,0.013311748143115478
900101,31,0.1378620854952859,9873647,0.5657922725557859,35.779701293375666,0.1012321963841548,False,0.116836,0.036864089206755,0.1315391218847784,0.1296782852896259,0.0331225857128807,0.0327232553381386,0.2500912614314933,0.1908958335957606,0.5703676924542886,-1.5395980109547853,-0.058205986035357
900101,32,0.0649043411644131,20014794,0.0943225704467573,21.486423373876896,0.1840762924177252,False,0.065813,0.0352516463979425,0.0913821894426046,0.0904354681732521,0.0292729755644438,0.0290390768615819,-0.879198988677776,-0.9045150951566582,-0.0257763517008366,-0.8232243053555174,-0.05125495400361529
900101,33,0.1684409290364225,11490575,0.8249926115566673,25.328587733623674,0.1557364382857159,False,0.147085,0.0378989181090723,0.158475083037698,0.1557949092666999,0.0349909910745736,0.03452560136979,0.3662794931296351,0.2848117670484095,0.5634970627647095,-2.1418007797593654,-0.06091692813344571
900101,34,0.1649912682686129,9847087,0.7618336785616543,406.7105275653722,0.0005645490494591,True,0.135707,0.0374999682539719,0.1470640038732713,0.1447585859578724,0.0341357627716234,0.0336917436340793,0.6005234555529233,0.5251754447462995,0.780914481587893,-1.8681233603935712,-0.05543619894463063
900101,35,0.1596948183227915,5226467,0.6743854809177551,21.501049876003226,0.078355535237357,False,0.154348,0.0381492108641684,0.1623788810276966,0.1596122120478184,0.0349862120080493,0.0345301090526199,0.0023922969616806,-0.0767177282378439,0.1401554108636486,-2.193072219437956,-0.04731702341443807
900101,36,0.3208748907104888,16028685,1.5619415876951432,27.9127610375079,0.1479925978266855,True,0.313424,0.0433955236076195,0.302313095414993,0.2969359414354899,0.0407369393351422,0.0406559117772342,0.5888184086527786,0.455650218166568,0.1716972187698312,-3.754001323908926,0.07528051009155974
900101,37,0.1655035525152938,9643684,0.7554198675497475,112.76986331146492,0.0032522237457575,True,0.146344,0.0378609041764519,0.1575824307181343,0.1549349636848384,0.0349063750150137,0.034442701867877,0.3068455219046618,0.2269247893472885,0.5060511081827345,-2.1190913226876265,-0.0598420597281584
900101,38,0.186448089725292,14102738,0.8727975559803253,485.945860890477,0.0004329189418932,True,0.1347529999999999,0.0374910991366811,0.1467539108059159,0.1444487619230177,0.0341827344257784,0.033736644490106,1.244917164615806,1.1612347457329582,1.3788630079056257,-1.8667592559207724,-0.057880039964862004
900101,39,0.0646715075295443,20098525,1e-06,27.10906235075202,0.1076235424856875,False,0.0444151487404516,0.034449547979161,0.0766246040814592,0.0759242434924384,0.027087537920672,0.0269047818395882,-0.4182429736834588,-0.4412765968956105,0.5880007134301457,-0.6266174696751587,-0.048258581473504966
900101,40,0.1917452250397802,12538079,0.941345821851626,60.17458900837416,0.044583405137811,True,0.138308,0.0375794860183495,0.1477048844328859,0.1454026807474182,0.0340117545039296,0.033573309364093,1.3803388813950437,1.2948564768043902,1.4219786032647603,-1.8602945206232329,-0.04797717000122901
900101,41,0.0554740023915666,6723980,0.516414029590786,23.549638102057145,0.1986010604190357,False,0.090914,0.0360407549953726,0.110781899538479,0.1094384291482593,0.0314484580788011,0.0311333596686284,-1.7333312990011196,-1.7586839077555434,-0.9833311653150348,-1.1408907446232297,-0.05678468254814464
900101,42,0.2650138365991381,1869290,1.3535977345442078,26.024497205416377,0.0947243784433178,True,0.195976,0.0395508308594208,0.2015229541625421,0.1976073553271547,0.0371490138613885,0.0368140364236983,1.830999472489023,1.7090866173055037,1.7455470618183897,-2.976500419568099,-0.0346885229077352
900101,43,0.0947836839453766,9128213,0.409478362664424,46.53492987019028,0.0350528625856063,True,0.102547,0.0363936851509001,0.1205886179447215,0.1190064252579266,0.0323608605932748,0.0320019090024273,-0.7569155112188095,-0.7974118588399858,-0.2133149204988215,-1.3296115082666002,-0.060514124674945796
900101,44,0.1825151533281969,18277738,0.8270896181334053,28.221080287222023,0.1145229236476815,False,0.201079,0.0396968745674862,0.2052636919891441,0.2012767725367255,0.037229473431667,0.0369175310629035,-0.508203519259205,-0.6110357349722143,-0.4676400062741428,-3.0214402457192175,-0.026512136609202895
900101,45,0.1888547338007785,9463525,0.7439042138932679,32.692422632788684,0.0677035221733293,True,0.173191,0.0387488338607266,0.1806926991079153,0.1773495376404758,0.0360896292673567,0.0356623546646254,0.3226145964981669,0.2261601146522658,0.404237553498462,-2.601178935206023,-0.04701066357999242
900101,46,0.1632610875542008,11157947,1.1144535268799018,20.189577352437272,0.2485829547609592,False,0.125532,0.0371756245401545,0.1387422984399277,0.1366773009800946,0.0336347762873076,0.0332107441596256,0.8004574196330126,0.7289713748899074,1.0148877933025302,-1.689006869299774,-0.057737594568258443
900101,47,0.0786336182182864,5597014,0.3344400173810537,128.75812784012476,0.0059661072233063,True,0.114488,0.0368290359785008,0.1300992662856819,0.1282683887860193,0.033098002857928,0.0327008491480945,-1.5178434768757405,-1.554947236191557,-0.9735357124917372,-1.5146210394863995,-0.06035231351877509
900101,48,0.2137940366463156,2112239,1.0622869688271406,33.15594036354117,0.1067454202947199,False,0.2111039999999999,0.0400559613212592,0.2130581758758493,0.2089146203302339,0.0374966118842887,0.0372289627212345,0.1310650622371099,0.019624726968322,0.0671569613506691,-3.111000530270373,-0.012807915905348527
900101,49,0.1929710973720788,8187810,1.0591201269781745,28.389459458991567,0.1829461828386643,False,0.131093,0.0373437786892179,0.1434887833966967,0.1412855400219606,0.0339425170856693,0.0335053663173907,1.5426053504537014,1.4578268856870855,1.6569854348977435,-1.7935777642409796,-0.05763332825658089
900101,50,0.0393549021156931,19869336,0.1888487927905379,22.854022805010167,0.1660704761459853,False,0.093011,0.0361573829603212,0.1121864354669251,0.1108113926357264,0.0315748867197053,0.0312538102835913,-2.286328926670068,-2.3066284923764773,-1.4839596644256206,-1.1612577631053378,-0.05603137827714401
900101,51,0.0951550641294631,6521323,0.4181078711717934,307.13263456812825,0.0007764467209021,True,0.086847,0.0358995923557719,0.1071674353145122,0.1059092220824041,0.0310411084271872,0.0307435438346598,-0.3498021571871273,-0.3869826753521526,0.2314250269788188,-1.0739465490791786,-0.05444990644968458
900101,52,0.0629042242236552,793718,0.2635520968405252,53.10727783499081,0.0310816256811431,False,0.058433,0.0024367037304777,0.0586154148766206,0.0586104981689627,0.0024309708335669,0.0024309405426475,1.7662818071297235,1.764237270071079,1.8349478304359332,-0.8171585007769933,-0.00034825351428533635
900101,53,0.2515611512888651,7553715,1.0849098960414794,25.49660536884356,0.1623390336195466,False,0.260788,0.0416364320316912,0.2570763659643027,0.2522332593995419,0.0391771077746009,0.0390711114727307,-0.0172021753500894,-0.1407764633154779,-0.2216051727033672,-3.5166415909608157,0.028368969595248376
900101,54,0.1702796821010072,2793477,1.1506568346269486,21.78694818995912,0.1983491637983024,False,0.151031,0.0380646392431647,0.1608688975203386,0.1581259812949597,0.0350509357031941,0.0345883966842339,0.3513808667398378,0.2684888261003262,0.5056840806514065,-2.1770003439208936,-0.054840160465662056
900101,55,0.0473951796884417,3781718,0.1967199172547572,87.42875499752449,0.0138309806589699,True,0.0396228694159244,0.0342755307219552,0.0735228298789627,0.072869163696097,0.0265538592100758,0.0263803558507853,-0.9656421676698892,-0.9839492626596048,0.226759735263231,-0.5883121081306536,-0.04755201707147527
900101,56,0.1708652742832236,9432747,0.8128538513684567,21.0135004973888,0.2141973285859441,False,0.106463,0.0365214521680653,0.122978524598497,0.1213453868257512,0.0324652393051466,0.0320996756405635,1.542691210091087,1.4750160697917667,1.7634094610163815,-1.3662738354921198,-0.05748282661587579
900101,57,0.1422244933614608,2804068,0.5355388874826845,22.25049150799257,0.1445555458672357,False,0.140002,0.0377009737502407,0.1510820286850389,0.1486445195953616,0.0344568885909185,0.0340026312262083,-0.1888096892028888,-0.2570613797646424,0.0589505559242123,-1.9581748354321422,-0.056223395085116444
900101,58,0.2118153786966063,3283709,1.154997130669374,23.53559262250576,0.1821860512275023,False,0.22557,0.0405261805112346,0.2259050317483747,0.221516626602077,0.038021368395928,0.0378170368079245,-0.2565311490359233,-0.3705719611416561,-0.3394008793792117,-3.2592942435264685,-0.0004848242649517465
900101,59,0.1721179190405361,16126264,0.6252276952397591,23.008043537725896,0.1851524681846637,False,0.221744,0.040382441445947,0.2244593926862132,0.220067151571745,0.0380982656542371,0.0378829952264969,-1.2657191503609315,-1.3738544982783454,-1.2289024433029825,-3.2759579771910006,-0.01383183643309584
900101,60,0.1726961290631561,19403816,0.8009224183411431,184.21296492154545,0.002569790564635,True,0.11993,0.0370218486102542,0.1338437497404241,0.1319184422561292,0.0332930030903057,0.0328852249801072,1.2400002381523592,1.1669833213106855,1.4252699701370692,-1.5830579100360638,-0.056876045096742926
900101,61,0.0435946990669981,17186910,0.1558779283514761,22.55049760452549,0.2145416746321462,False,0.0570549999999999,0.0349251248772879,0.0850770903773278,0.0842416248754674,0.028393933780882,0.0281836311249762,-1.4422174924241122,-1.4609596412547894,-0.385404518388856,-0.7341989219743825,-0.049717491260280716
900101,62,0.1480836959539999,16347235,0.7697853990424703,22.01083768057992,0.1500590650993944,False,0.127341,0.0372484840238779,0.1402173746726043,0.1381091814168372,0.0337367948436002,0.0333082414265051,0.2994608574328817,0.2331674161064459,0.5568735613697168,-1.7204114290682655,-0.05749862702403821
900101,63,0.0960325043675014,18234776,0.489879981709104,23.73730644734948,0.0765755834881093,False,0.0443164105497181,0.0344912828645631,0.0763926002054402,0.0756963737015762,0.0270376370649619,0.0268557174615352,0.7572365435796716,0.7263912935465984,1.4993960654017089,-0.6211032162315022,-0.04754838887469643
900101,64,0.0863364036804575,3025776,0.399933063132969,23.203038760836748,0.0956451893786227,False,0.090227,0.0360580750224875,0.1097685977361439,0.1084513547553781,0.031314892708033,0.0310054090764106,-0.713261064236239,-0.7482763640341493,-0.1078980593699509,-1.116788847361512,-0.05472918043726431
900101,65,0.1705399393281713,11302897,0.7981094078049232,33.53663292022108,0.0442728664076316,True,0.210107,0.039945817862619,0.2126888002813167,0.2085572865684384,0.0374598458036981,0.0371905168925997,-1.0222322897542715,-1.1251744380908373,-0.9905182266616014,-3.1171819681086355,-0.01626367650503621
900101,66,0.1367948891495337,3957134,0.6201226193058473,994.9974612426676,9.384412490790375e-05,True,0.1064349999999999,0.0365877651478141,0.1236291892597638,0.1219669679118863,0.0326315604569344,0.0322589321408437,0.4596531953664212,0.403465225242457,0.8297825523608842,-1.3857361884631356,-0.060325439798099754
900101,67,0.017551924931732,20475050,0.1016072662708256,31.874868689032613,0.0810946244814081,False,0.0516649999999999,0.034766073557717,0.081339989184453,0.0805656341100139,0.0278431708149922,0.0276453141784624,-2.2793631054977763,-2.290977011080003,-0.981217364441083,-0.6842658621436591,-0.04873517896456309
900101,68,0.0574103477236867,113303,0.2386475593489646,24.760595599684027,0.1557221225989111,False,0.051672,0.0151022023670541,0.055294084947578,0.0551575498370433,0.0133911710857167,0.0133779833161477,0.1683959258585786,0.1580341825642029,0.3799676089763619,-0.6253474089400773,-0.005846564937837926
900101,69,0.0993905377392477,271050,0.3777362859874614,24.614149642546323,0.1586364198773166,False,0.102092,0.0364181155695182,0.1198839503251192,0.1183211447802974,0.0322855124450001,0.0319301211670731,-0.5928761416844005,-0.634755685565871,-0.0741790786949286,-1.3110247375457895,-0.05897500350324748
900101,70,0.1606565421300305,2613361,0.7398019290851143,1068.0998922314843,6.876249567366295e-05,True,0.204805,0.0398482954200696,0.2075188875638212,0.2034936622146919,0.0372642554662858,0.0369668993793083,-1.1587966749691416,-1.2575682741384315,-1.1079133349260937,-3.036140968262693,-0.018270025259563335
900101,71,0.2390322550328926,15906953,1.2458241128772014,30.85059009204141,0.0700466398370357,True,0.228323,0.040597321740299,0.2274287696283884,0.2230326056201909,0.0379971428008716,0.037802057564572,0.4232481098514712,0.3053778402579769,0.2637921560786618,-3.2623473469407167,0.006473889007788175
900101,72,0.1701270258451639,3626307,0.8432772740641206,35.866096304740985,0.0837335052434078,True,0.096422,0.0362596399380868,0.1149432539070043,0.1135036971323355,0.0318275666713631,0.0314944944983053,1.7978802204898108,1.7338357188270748,2.0327015373295203,-1.2121981730106062,-0.05666505467365038
900101,73,0.29994504788977,7599489,1.3966170313177162,25.788043041640705,0.1492643974581276,False,0.2421219999999999,0.0410242399980792,0.2420290492775844,0.2373668713456848,0.0387203103620516,0.0385749025628832,1.6222510592754646,1.4957524376908644,1.4094849262893705,-3.4313848067647323,0.0055756283587268685
900101,74,0.0818481396595623,15273415,0.356670899509492,275.550638566041,0.0009692188091311,True,0.133241,0.0374485260251755,0.1450670392277484,0.1428173291595105,0.034040301644722,0.0335994821295104,-1.814587179199377,-1.8571780070576516,-1.3723600310967607,-1.8238993601165174,-0.056284064996752516
900101,75,0.1010286881980169,9815280,0.3771890271864641,42.97459085965384,0.0514585044726321,False,0.137653,0.0375774333966978,0.1485139050077812,0.1461665610721483,0.0342131110208994,0.0337667701043445,-1.3367542330714042,-1.3879245526885144,-0.9746357984417728,-1.8963417433833174,-0.054093554823415206
900101,76,0.1562944691931224,12264856,0.764208507824871,41.078827531600616,0.0477666288509321,True,0.1937019999999999,0.0394108178799183,0.1968145401023136,0.1930677448509943,0.0366638280018411,0.0363141270919118,-1.0126438001606912,-1.1051784038250565,-0.9491691068390244,-2.862032379657868,-0.022982002295943715
900101,77,0.2241751127886195,9449249,1.1928570307713486,39.90018420555952,0.0456949325173196,True,0.24195,0.0409962612507747,0.2389773067264543,0.2344132840636151,0.0383737334877265,0.0382246110201793,-0.2678423926823145,-0.3857376541839277,-0.433573371548475,-3.36257555632504,0.02057005286546477
900101,78,0.0598701580681606,31074,0.2497430229220954,83.08265043593336,0.0169200981179749,True,0.0415601228233096,0.0150205229144181,0.0505878022747761,0.0504540601454934,0.0135365598262395,0.0135211501589087,0.696397703745872,0.6857248748970398,1.2190011858558747,-0.6150904631598566,-0.012887942264913863
900101,79,0.1664501056966286,17739360,0.806292960046897,28.775569040627744,0.1182230010108692,False,0.10343,0.0364860416796396,0.1203276297936272,0.1187600029392038,0.0322627044728645,0.0319076531985022,1.4946289675626605,1.4295911225233469,1.7272387684574697,-1.3110847889149908,-0.056417622559475064
900101,80,0.1816471528281867,5363036,0.7203563567744031,23.198831636482137,0.1805659870043259,False,0.204518,0.0397970366031058,0.2076161276129187,0.2035897044023313,0.0372635779571188,0.0369666773650582,-0.5935765164246329,-0.6968996593568081,-0.5746871909057784,-3.0440509107937697,-0.020251641739061278
900101,81,0.0925637511041039,13639242,0.3710257142818277,29.87131004838968,0.0592021605076056,False,0.135151,0.0374929303546311,0.1480248420250028,0.1456693088951844,0.0343489188529538,0.0338966458916571,-1.5666906383841126,-1.6146386195829112,-1.1358741099476568,-1.9082047215139328,-0.06216893039399864
900101,82,0.2865336363425237,15600763,1.418795635524703,221.1338187340414,0.0015050737656112,True,0.306367,0.043160229075726,0.2913763270750644,0.2862059573823235,0.0400623151902909,0.0399905720665421,0.0081939052948518,-0.1208789534388754,-0.4595286930168516,-3.6283674953027463,0.09375347275127192
900101,83,0.2710715729202024,5683343,1.3462784011549105,46.04098492127464,0.0425859073131335,True,0.161646,0.0383895193110362,0.1711382398623428,0.168067270214506,0.0356795049836351,0.0352239029157031,2.924272842569531,2.800860973370993,2.850402268223889,-2.4143011873233826,-0.05585532115159957
900101,84,0.1424199032627146,17821891,0.6482267774421155,334.3495633469489,0.000831802635884,True,0.114615,0.0368650008242626,0.1297682884602296,0.1279498075033847,0.0330445710660664,0.0326498107288273,0.443190800691344,0.3828651543755988,0.7542357965828356,-1.501520363019562,-0.05842365179191965
900101,85,0.0351100132785112,40003,0.0726126800371259,36.73127572384207,0.0734816556378944,False,0.0241323086440508,0.0150103328963182,0.0373412948716893,0.0372432480661742,0.0123979802022949,0.0123798617229338,-0.1723149123476229,-0.1799713789480913,0.7313431827453382,-0.4461364176797769,-0.013814687697545623
900101,86,0.1118507525390292,11908088,0.5426579271176896,52.04359158584538,0.0249882052010863,True,0.093762,0.0361178966163476,0.1131072344099757,0.1117103324070801,0.0316657843028907,0.0313405867071442,0.0044804563890652,-0.0396794805057717,0.5008251928724416,-1.1831210779762735,-0.057547791938279746
900101,87,0.0783403418432131,1255727,0.3602861266463168,75.67811681288687,0.0155022116861143,True,0.06157,0.0350787094292962,0.0884384468094427,0.0875438949835481,0.0288862547342392,0.0286633343598473,-0.3210915040375681,-0.3495816629443558,0.4780775038778151,-0.782926935857838,-0.051013364258794665
900101,88,0.1222908494957397,14964814,0.6812080679865097,32.12573712672812,0.1535470153446516,False,0.1232369999999999,0.0371130109994085,0.137410528595962,0.1353748583106727,0.0336160274697341,0.0331932589832001,-0.3941766857407754,-0.4497759026950799,-0.0254937683249487,-1.6688612655263781,-0.06046143691005449
900101,89,0.1913698341499104,11897999,0.900061352995411,177.0123020948896,0.0036379070713775,True,0.187664,0.0392142597945481,0.1937074033141994,0.1900038352559535,0.036713355257496,0.0363408958740286,0.0375884760434065,-0.0636708126482583,0.0945022083631328,-2.8457055173214263,-0.03876058253997161
900101,90,0.1385020716618021,17096053,0.6339132960703744,61.962260005145644,0.0269312865589949,True,0.13843,0.0376463110057704,0.1483295331246173,0.1459956403151948,0.0341449264754156,0.0337014193567143,-0.2223517227591133,-0.2878161553486134,0.0019144415449111,-1.879198424503315,-0.05019199711587061
900101,91,0.2303436491996074,15023128,1.1905823611559858,20.688060009780283,0.2696607558983652,False,0.27382,0.0420884535754346,0.2702624859693219,0.265222001957806,0.0397892772418013,0.0396997520093839,-0.8785534164030627,-1.0032561417772394,-1.0329757239113218,-3.6216882499957497,0.029670737805761186
900101,92,0.1481269383917324,4460151,0.9313333065818472,27.052854297650093,0.1164610888767218,False,0.139397,0.0376710609137044,0.1508216754168032,0.148389387247279,0.0344603653022754,0.0340056899065322,-0.0077177924126209,-0.0781981560971104,0.231741240623158,-1.9566227941152745,-0.05752350892137096
900101,93,0.0921801730235667,16974092,0.4104067665846171,107.79314909054284,0.0070657656139031,True,0.076467,0.035592209745022,0.0987442319119759,0.0976638394417017,0.0300975829208834,0.0298367657483546,-0.1837889020674931,-0.2180925593149453,0.4414778721561219,-0.9296238867057972,-0.051043791520229774
900101,94,0.1445191963143868,16349063,0.6644777153834862,41.84865195961499,0.0666561539007119,False,0.1315849999999999,0.0374088371060758,0.1430349601116951,0.1408528881651944,0.0338548438409059,0.0334213502533209,0.1096995818960981,0.0438411770459351,0.345752429505118,-1.7706460973825149,-0.053683876994780354
900101,95,0.1198768828030464,8353705,0.6067925649208831,34.08786219625427,0.0729123485691827,False,0.122275,0.0370624944003253,0.1350447052202181,0.1330983178058771,0.0332739907663273,0.0328662619925822,-0.4022798517767159,-0.4558462050341509,-0.0647046896264097,-1.5991080183947954,-0.05363667852023649
900101,96,0.2884413967422021,3156278,1.41416017452408,36.308698534866586,0.0391107576838738,True,0.297487,0.0428877283739873,0.2909641932164729,0.2856761136275221,0.0405235197060061,0.0404443024146338,0.068372624809555,-0.0622551173386088,-0.2109135550131943,-3.7317577355888782,0.04893438957125744
900101,97,0.23960511903965,8224693,1.09589209260614,24.178001809448485,0.196724866817105,False,0.266208,0.0418083694547277,0.2610135145375888,0.25613557319989,0.0392582898987368,0.0391603751601658,-0.4221219559983903,-0.5453216518895696,-0.6363051539036219,-3.5286288995154043,0.03717443856080269
900101,98,0.3745258204419048,4398038,1.9339284452647296,57.20262169377478,0.0267070145065093,True,0.3074699999999999,0.0432178485150231,0.2976370546334086,0.292303380256282,0.040624690868339,0.0405458563017059,2.027887623677175,1.892660944982592,1.551577016116279,-3.7366358892694933,0.06783621971030548
900101,99,0.269354636856177,5931371,1.585013318344139,21.55311413547982,0.1771424388888597,False,0.281863,0.0423502973345302,0.2751196084994216,0.2700583614375822,0.0398120538570061,0.0397298183065842,-0.0177127560960577,-0.1448046780995224,-0.295354789247827,-3.6159695217231045,0.04794605280632817
900101,100,0.1876120454784755,3553184,0.7229974917081683,26.571915389476555,0.1321269095581963,False,0.17911,0.0389687520884747,0.185126882942334,0.1816663530849607,0.0362533954071148,0.0358447512034372,0.1658734457318435,0.0685497870815633,0.2181759749240222,-2.6753680143441376,-0.03944719987278778
900101,101,0.0797545325041168,12830422,0.7133114689482435,21.69040332575613,0.1711358422757956,False,0.061365,0.0350449352788256,0.0869859459249122,0.0861283949065195,0.0285091607643115,0.0282965196225549,-0.2252525217738144,-0.2536522727055468,0.524741517078158,-0.7507473468620055,-0.04639991179738704
900101,102,0.0696057089889934,15221858,0.5850198960480496,27.00275303271149,0.1961056174311478,False,0.085334,0.0358609141834417,0.1060869575019689,0.1048506121001042,0.0309487163855927,0.0306552096739779,-1.149719851403559,-1.1787645102450297,-0.4385914684313575,-1.0563039788042607,-0.05459755309600808
900101,103,0.0772282827627926,17105168,0.0772762304644485,21.69524359300291,0.2624460050240131,False,0.050876,0.0347498278022949,0.080582006282629,0.0798213757175217,0.0276996174193766,0.0275048764310931,-0.0942775715144722,-0.1210747234902392,0.7583428301492845,-0.6720161714345682,-0.04779641903915851
900101,104,0.0884071775851927,14054300,0.4322231911824265,20.84716112690069,0.301306815812683,False,0.119996,0.0369937899817316,0.1347127719727615,0.1327546293318693,0.0334234387773712,0.0330098556666987,-1.3434609407097635,-1.3854228075095365,-0.8538952735150036,-1.6127426029766136,-0.06050034074784336
900101,105,0.1452247038766383,17179420,0.6649757498090979,25.87096201331933,0.14869764192344,False,0.113688,0.036820878972879,0.1284194231805221,0.1266457167598766,0.0328710845408747,0.032484374542299,0.5719361193970123,0.5112481358873021,0.8564897079145547,-1.4665019646810433,-0.05588278698124372
900101,106,0.2955733038009261,14566048,1.4620113713099734,90.62126205632914,0.011084684842615,True,0.285176,0.042457639589276,0.2774385987434767,0.2723598583081869,0.039854430947891,0.0397745480852168,0.5836256251863496,0.4550235601446718,0.2448865245808975,-3.6195712223740544,0.0536321175119321
900101,107,0.2328544898573203,5411492,1.1205432971062796,181.85607616538803,0.0021783989006792,True,0.236554,0.040857683233586,0.2352567009683331,0.2307248707201236,0.0383384313066618,0.0381736195339063,0.055787718408655,-0.0626580438776431,-0.0905462534801436,-3.3439311703882826,0.01071320254703168
900101,108,0.0972074458707387,3570802,0.256743265667394,27.002518607579844,0.1106635233393655,False,0.061049,0.0350910497994698,0.0880041248248614,0.0871169911096439,0.0288291482557824,0.0286076769846829,0.3527184247255505,0.3192366615975653,1.0304179007857734,-0.7754812168120965,-0.05065113042016352
900101,109,0.1604931218214313,7735261,0.578257740906411,24.0697133776377,0.3029207698189366,False,0.136207,0.0375185866329671,0.1476935734266321,0.1453661910987601,0.0341969614732984,0.0337507471186713,0.4481954331109543,0.374289055031783,0.6473090806702031,-1.8848545718208525,-0.056254592839594025
900101,110,0.0847142697212795,7951122,0.5342034608393589,20.10652939158469,0.1421701907943289,False,0.066103,0.0351950430784081,0.0914017550267699,0.0904581780474715,0.0292268418571076,0.0289944342814954,-0.1981038247005154,-0.2288131347952694,0.5288037204505479,-0.8232279548201312,-0.050707319819189495
900101,111,0.394051014457101,6866171,2.0469188143800494,43.11779280688452,0.0284058142760755,True,0.287875,0.0425351681495047,0.2787561725094491,0.2736813883800459,0.0398235906423702,0.0397457998301861,3.028486697747537,2.8951392902523514,2.4961935987629893,-3.6115686612414946,0.061220720611272386
900101,112,0.2302342580333593,10123882,1.0967618093595168,35.85215741003731,0.0706478639051549,True,0.15148,0.0380172375861617,0.1608393047575199,0.1581101444893556,0.0349649870431387,0.0345057848982935,2.090203534178135,1.984698383849591,2.0715407808069126,-2.172330050658343,-0.052727596270048825
900101,113,0.0738768014754743,8706333,0.3199336154838145,419.1725101352295,0.000533042486637,True,0.106913,0.0365387679921796,0.1236473792126575,0.1219932318545605,0.0325542479644278,0.0321845759943511,-1.4950152019256469,-1.528850483401356,-0.9041410080273212,-1.3830779439590264,-0.05882067985054278
900101,114,0.1384866790506638,20210254,0.7056478113119318,32.6701569930338,0.1009190623718552,False,0.140114,0.0377113699383657,0.1518201330553813,0.1493502401913137,0.0345701160283711,0.0341119364025556,-0.3184680286820664,-0.385693064893822,-0.0431519977130457,-1.9831303309729964,-0.059196561471171166
900101,115,0.2709877103379122,17850499,1.362101185981904,40.95702638471474,0.0213565896014344,True,0.298485,0.042929159627226,0.286044235628591,0.2809059747927516,0.0399936455854751,0.0399202287774196,-0.2484520945543659,-0.3764729388947485,-0.6405270892992002,-3.621345141027825,0.0798107833979031
900101,116,0.2927620829561592,15263917,1.446647578452961,71.158808156538,0.0221032497656294,True,0.2330219999999999,0.0407401355453407,0.2342898550165897,0.2297371152908326,0.0384604723243743,0.0382874850026122,1.646098396408814,1.5203200690417051,1.466369273358776,-3.3697377998604505,-0.0035841853398135737
900101,117,0.1450113163952031,19593483,0.6620153145429231,168.27646830916524,0.0011909242019197,True,0.15761,0.0382876092271691,0.1665089624307149,0.1635925774918404,0.0353557136357025,0.0348965820782262,-0.5324665050286159,-0.60803880971033,-0.3290538077226511,-2.2989892149972406,-0.052091038626360144
900101,118,0.1519732093771042,12095386,0.8617698329977221,28.303824801253903,0.1424552201863427,False,0.1282569999999999,0.0372598467463304,0.1412681035563356,0.1391270009537766,0.0338231793843411,0.0333909199252828,0.3847216085113241,0.316502056152789,0.6365085057533157,-1.747417515477834,-0.05871057256199884
900101,119,0.2998493930717785,6653039,1.318489109113623,31.404009484239744,0.0866818313929649,True,0.264632,0.0417737807351968,0.2588271530127614,0.2539865950702239,0.0391380157796732,0.0390375016961217,1.174839475091485,1.0481430711753776,0.8430501729068024,-3.5024864653637855,0.04001857102883248
900101,120,0.1152458658543907,14745158,0.4738996191429673,69.50825315901089,0.0245302846107908,True,0.129484,0.0373180758388222,0.1427588547707032,0.1405661709488007,0.0339790452069631,0.0335403671324041,-0.7549203321017762,-0.8097045914249066,-0.3815345198156567,-1.7854680937059635,-0.06068725860081163
900101,121,0.1991419288898699,11657719,1.2812858833524456,25.430560752803377,0.1865946585283576,False,0.162119,0.0383643912910165,0.1710218440669981,0.1679673812255468,0.0355944543150899,0.0351417016694147,0.8871097921662563,0.7900130895095782,0.9650336586609484,-2.4054186422290846,-0.05303741479863398
900101,122,0.2792776206784065,19786113,1.3566585401692932,56.20607173499768,0.0316692542113735,True,0.294128,0.0428061494140852,0.2864044377043797,0.2811899878871642,0.0402878681127776,0.0402099399689891,-0.047559563884765,-0.1768973480061832,-0.3469216345048554,-3.683342842859456,0.054948828466331576
900101,123,0.0861719107048027,1742224,0.3779654684600102,235.85577567934249,0.0014316570944745,True,0.142137,0.0377678683255254,0.1527692169123922,0.1502825101759338,0.0345410385936408,0.0340851478417228,-1.8808954495029309,-1.928063223317503,-1.4818175284034585,-1.992497028922483,-0.05510369253833472
900101,124,0.0978148012875078,10897750,0.4490778513410503,38.78187366262896,0.0838355945604795,False,0.1401079999999999,0.0376292742217004,0.1517089355994099,0.149251853731724,0.0344970800361247,0.0340416786945522,-1.5110022306992703,-1.562281046844112,-1.1239440458860104,-1.9815133845505026,-0.05873111019836419
900101,125,0.3047226725061988,5679728,1.414047992258232,36.65712644823669,0.0693421145649489,True,0.300559,0.0429681846222296,0.2916395462134225,0.2863811009524781,0.040401645140942,0.0403246804487991,0.4548472883005032,0.3238265730797723,0.0969012897055157,-3.705035408209761,0.06209486800641443
900101,126,0.1254907295682497,16681055,0.7201767493541196,36.40840854724299,0.0731532617302974,False,0.113315,0.0368075645242517,0.1263766214618339,0.1246787632950628,0.0325219998155839,0.0321509930306747,0.0252547805416817,-0.0272397730338768,0.3307942192216323,-1.4038242312235354,-0.04880272176519746
900101,127,0.1376580219272102,5363539,0.4568254163386979,22.55393456711826,0.1832617465020038,False,0.12893,0.037309140547059,0.1422797867212455,0.1401006083245665,0.0339530087962401,0.0335153998323937,-0.0728795243252765,-0.1361223926212721,0.2339378983067518,-1.7745815268385374,-0.0606784953267756
900101,128,0.0888325845487205,15215555,0.3718757454848518,45.01669386617085,0.021294534768609,True,0.063275,0.035131785403897,0.0898860565795566,0.0889640678575044,0.0291078068679958,0.0288787775443308,-0.004552938869457,-0.0361920784899273,0.7274775322373889,-0.8057074772119505,-0.05213126503245402
900101,129,0.2520419208662487,2291857,1.1615982409200731,20.240255839717925,0.1459521583085402,False,0.22565,0.0405408685357034,0.226775816633657,0.2223565967286951,0.0381271111234332,0.0379245337461441,0.7827472405134503,0.6626807929610727,0.6509954477913066,-3.2802617117788824,-0.004559982946816007
900101,130,0.1370249177640504,12411752,0.5925456629035459,81.36575516946877,0.0149191129753246,True,0.147952,0.037894996238392,0.1577818847906777,0.1551475913319367,0.03478831024967,0.0343298500704626,-0.5278984187431401,-0.5966649968813653,-0.2883515851857824,-2.1066798019552078,-0.05379642072899495
900101,131,0.0783284921622872,6882895,0.0899411624326192,22.01118673918718,0.1885758498911406,False,0.073907,0.0354787387662757,0.0976937818103151,0.0966263762036088,0.0300731083802335,0.0298136151398381,-0.613742545326926,-0.6439404069303449,0.124623713131822,-0.9231244719069702,-0.05397151772384799
900101,132,0.1592879654189951,13388057,0.733929088119321,191.1097339359392,0.0018761728331469,True,0.214663,0.0401169833939163,0.2170128502518274,0.212785658586957,0.0376791212902289,0.037431045408973,-1.4292332095842937,-1.5320125007215009,-1.3803389461582116,-3.173251144999545,-0.01375645574383475
900101,133,0.1992149749473582,17169796,0.9030034796620564,28.068589333151305,0.1053097679333474,False,0.205474,0.0398334706838448,0.208297470520566,0.2042579175789051,0.0372832918830509,0.0369904267795833,-0.1363310204988042,-0.2436076621586295,-0.1571297942456278,-3.051228939788135,-0.018626980286594843
900101,134,0.0719218562698739,10152747,0.3490642206683572,30.19445188129401,0.0564681395298977,False,0.059682,0.0349986524744644,0.0872339738722949,0.0863595228502963,0.0287332869189496,0.0285144515721426,-0.50632804716214,-0.5329051857385212,0.349723643754693,-0.7677648676373846,-0.051282038486745875
900101,135,0.1705396253512,15166534,0.7560987672350845,29.56506635502989,0.0497453197144595,True,0.128622,0.0372907380713211,0.140605403899383,0.1384952586720303,0.0336900001918261,0.0332633265620487,0.9633542399734076,0.8885194800052161,1.1240760445939604,-1.7196516069332468,-0.054363786605194926
900101,136,0.1611865369404513,12170382,0.7440515805213994,125.25829128233202,0.0031707668398174,True,0.160691,0.0383161325192878,0.1695034585383367,0.1664993446417765,0.0354896871228896,0.0350353454563479,-0.1516413676566914,-0.2343475604359808,0.012932853810385,-2.368879149181041,-0.05234244369234511
900101,137,0.122120095967852,992170,0.549601842488178,54.3008437800032,0.0371852910609531,True,0.106529,0.0151131015910508,0.1096322923352133,0.1093624389175446,0.0147591546358653,0.0147332857527339,0.8659071210873676,0.8461056165298821,1.0316278147090765,-1.3372451574723383,-0.010983047622800186
900101,138,0.1944189734210758,19741494,0.8976019742652814,75.18426845986467,0.0103956395111267,True,0.267015,0.0419063124954912,0.2608048373029775,0.2559300301106365,0.0392483394289419,0.0391506825060735,-1.571136254904836,-1.6914311496437044,-1.7323410783693978,-3.5119526744304173,0.042537942903825475
900101,139,0.2125892024619538,20054589,1.0880355153925727,25.25909550881508,0.1372445227682748,False,0.19295,0.039449105624439,0.1984752208884347,0.1946401837734077,0.0369824305776641,0.0366324627092794,0.4899757581408617,0.3816401830020143,0.4978364439721842,-2.9220589464787565,-0.0351401620693647
900101,140,0.1827606194300058,10312353,0.8505759219007192,167.92971655824752,0.0018842557547998,True,0.235365,0.0407782844022291,0.2331019705271531,0.2286301694531958,0.0381392211493957,0.037969394778187,-1.2080663990341405,-1.3199365267569176,-1.2900096544306467,-3.308843318196268,0.015353816323810061
900101,141,0.0335060105899755,14406403,1e-06,22.47462891161206,0.1921389555570725,False,0.087432,0.0359140232528692,0.1075250996040029,0.1062603588594944,0.0310627318483209,0.0307641161059117,-2.364909429513504,-2.3828905125106847,-1.501530169157985,-1.0790510240521172,-0.054147787690910866
900101,142,0.2054187168798955,9398417,0.974509143405684,88.46775212145687,0.0135803877794708,True,0.182442,0.0390278575670308,0.1877835254803959,0.1842608326605471,0.0363160339830516,0.0359207437005011,0.5890157619162311,0.4856034501930956,0.5887260616453956,-2.7196853532494076,-0.035935487915933186
900101,143,0.1136987648202697,14836215,0.4791353512081279,50.57449373515,0.0296357661930985,True,0.132914,0.0374292230989785,0.1449754766274411,0.1427266671203484,0.0340480475867691,0.0336068674478215,-0.8637491234536467,-0.9186051484292864,-0.5133752076263299,-1.8244713196054747,-0.05716918977718457
900101,144,0.2168211619712726,4932973,0.9829300244672048,38.93408877311971,0.0393646422713899,True,0.11842,0.036963595672528,0.1335056972231308,0.1315784483847809,0.0333632540766465,0.0329528838726771,2.5868058745890403,2.4972223799494606,2.662110116208367,-1.5881395939203804,-0.06099205634141275
900101,145,0.1563130809443738,19802984,0.7342128941233319,48.12419494250376,0.0474011457251931,True,0.184293,0.0391756249947531,0.1905441804723676,0.186916632688747,0.0366089439867283,0.0362200995153591,-0.8449328454052352,-0.9350474447010398,-0.7142175538839175,-2.7834362538443043,-0.04026841714516626
900101,146,0.3162430747581428,14059420,1.5671341906235643,80.98549230158378,0.0191430703563979,True,0.275801,0.042152638635933,0.272644368485988,0.2675647807120433,0.0399155035837976,0.0398275584881347,1.2222264154254254,1.09227498985763,0.9594197674654684,-3.6447768282450372,0.02777127256585988
900101,147,0.2978366845441458,6551159,1.4853455800378994,386.9752492241015,0.0008608735335273,True,0.174748,0.0388050932928569,0.181792966562742,0.1784216809033309,0.0361227728136609,0.0357001782840573,3.34494138070291,3.212480907266295,3.1719723907171624,-2.6188248330307347,-0.04473713188555807
900101,148,0.1259791563163771,18271702,0.8683956097411973,20.106224756612995,0.1831242158388368,False,0.16566,0.0385542474575192,0.1742235926430095,0.1710621058207834,0.0358214879361287,0.0353732750101629,-1.2744918159671028,-1.3468015737552357,-1.0292210664297117,-2.4719324519388746,-0.051811101008758596
900101,149,0.0731277377752019,1402742,0.3124356464392523,27.838646925673824,0.1323323629662219,False,0.075496,0.0028100760548499,0.075674192528671,0.0756674252905187,0.0028043749973515,0.0028043608217146,-0.90562080872459,-0.9080293312677435,-0.842775134399198,-0.9681272220770782,-0.00033161241159526455
900101,150,0.129162166334615,1721934,0.6061515895686744,28.69774725479456,0.1109067587645442,False,0.110984,0.0151140106997768,0.1138943940006341,0.1136084666162547,0.0147816487857535,0.0147530474413754,1.0542702977243394,1.032886963780107,1.2027361033218964,-1.4174922150987734,-0.011264622291889705
900101,151,0.0218830638261663,837846,0.0583314338684364,55.98678159100008,0.0389113824235094,False,0.013371,0.0150949166499421,0.0296531859355577,0.0295825141784922,0.011146648089013,0.0111271855040189,-0.69194949158932,-0.6970814945750526,0.5639026715791075,-0.31836016819018664,-0.012064228153650162
900101,152,0.0446907575812353,18769506,0.155989918461546,37.798482870785975,0.0603791235410394,False,0.0605669999999999,0.0350829195680234,0.0880496189528676,0.0871581113844376,0.0288881369014285,0.0286650276465989,-1.4815040238846928,-1.5009227323859784,-0.4525348122177129,-0.7797492357109594,-0.052002220189706745
900101,153,0.3196023389371743,13826767,1.7545835140184178,21.96883900076013,0.0897085052856327,True,0.304481,0.0430859648951017,0.295208456126604,0.2899082254606552,0.0405236273082142,0.0404458216333815,0.7341701139286875,0.6019669124147126,0.3509574167362657,-3.7268331698359995,0.06447343909520688
900101,154,0.1586939738590997,3598198,0.5194224971150243,21.19193204309146,0.2859553510777889,False,0.128933,0.0373299143101319,0.1420175122556709,0.1398479565050389,0.0339216940885668,0.0334853895708552,0.562813143152553,0.4916164139646999,0.7972419548528706,-1.7647680202602607,-0.05945517542594087
900101,155,0.112680823638611,3744116,0.501387806567535,89.4837444172793,0.0103868043006114,True,0.167879,0.0386210492242619,0.1757654745775262,0.1725649187481345,0.0358577646423586,0.0354151229862326,-1.6909187392290863,-1.759302387310376,-1.4292251885977578,-2.496812990405447,-0.048735526093014896
900101,156,0.3004640301556148,4800964,1.500597451341109,217.3384971767157,0.0018865537370866,True,0.294835,0.0428056096494238,0.2902430668067128,0.2849357506389493,0.0406056914224203,0.0405246986104764,0.383180629322462,0.251712579957657,0.1315021606213836,-3.751569190722248,0.03804546268635088
900101,157,0.2123689174490174,2087166,1.0037582517679433,47.39194137175564,0.0332509764484999,True,0.250877,0.0413761288955843,0.2487787880899648,0.2440252018667282,0.0389564692050477,0.0388308611745305,-0.815235188203202,-0.93462963620506,-0.9306835506086274,-3.4659536160434157,0.0180165174564433
900101,158,0.1118912116186206,13605587,0.3938420921889068,35.79017586776522,0.0782043967816413,False,0.101389,0.0363690189946926,0.1179639735114487,0.1164658492175976,0.0319530349251025,0.0316121524007032,-0.1447113610294776,-0.1900527416898783,0.2887680753817749,-1.2590704722643433,-0.053329857330156084
900101,159,0.1192269373899123,6315822,0.5886519721121793,25.70453367272833,0.1363680185890639,False,0.139404,0.0376413993454736,0.1499150588254174,0.1475260879369485,0.0342934875146148,0.0338448925112897,-0.8361424264413423,-0.8948673249527853,-0.5360338074815489,-1.9249122640743015,-0.05335917778036923
900101,160,0.1109349841347586,3521897,0.8662133831241373,22.03028238105241,0.2826309174420088,False,0.083979,0.0358274426928585,0.1048692936459665,0.1036602563310644,0.0308081704080524,0.0305203659595248,0.2383565063846772,0.1968857744050475,0.7523837066978756,-1.0329408125732649,-0.05369628148623042
900101,161,0.2122645150786593,6939736,1.0063165498744933,226.6449486495829,0.0010767799339036,True,0.270364,0.0419696139432615,0.2674191098680403,0.2624108425701605,0.0396972830896013,0.0396042650463027,-1.266185029134449,-1.3893795871342318,-1.3843225958638812,-3.6080545808826483,0.025835829559233664
900101,162,0.2623397532962475,9969727,1.3001969564563731,32.93212530231793,0.0863897132084492,True,0.256519,0.0414719821328678,0.2505392730443391,0.2458331787110447,0.0387206518050918,0.0386059065513706,0.4275660400109607,0.3047593390552532,0.1403538725879793,-3.430267054884015,0.03914041272946608
900101,163,0.1835909201461042,13562284,0.8961031094191788,34.20521768923424,0.089024020116846,True,0.143509,0.0377770721991535,0.1543378623074209,0.1518009894677367,0.0346474497389741,0.0341891404432363,0.9298253850852948,0.8443062349197152,1.061011820471422,-2.033749529530778,-0.056627745632993054
900101,164,0.2958635061866556,6755313,1.4972367865214762,50.79143476226123,0.0311183733753292,True,0.269086,0.0419246635912874,0.2646417919797498,0.2596959073200967,0.0394829634742441,0.0393886219104093,0.918224530648044,0.7907642045985873,0.638705332204988,-3.5664694135956854,0.03370617286715148
900101,165,0.087704752536711,17392610,0.3828927206859714,262.3441467922373,0.0013332798477821,True,0.050757,0.034750516901918,0.0797864947839799,0.0790440141244964,0.0274815695433878,0.0272917803497267,0.3173387115546394,0.288129749657483,1.0632288619186478,-0.6551799269005352,-0.04532524607084762
900101,166,0.1484611003996153,15452951,0.6550823901159295,43.048423697750906,0.030285482762553,True,0.189124,0.0392948799359518,0.1939153428548917,0.190218986194984,0.0366559974606101,0.0362872462619576,-1.150759291402786,-1.2400219774164023,-1.0348141963192832,-2.8327866556490844,-0.03225122034986909
900101,167,0.1438700351479464,6227143,0.6737912259747447,24.70612119931477,0.0674842564453613,False,0.173821,0.0387788486487927,0.1807955296895828,0.1774552233177478,0.0360613460750763,0.0356357762179755,-0.942457039924396,-1.0239632892449708,-0.7723531227889112,-2.5963220988661204,-0.044408798407016246
900101,168,0.1728463497029427,16049397,0.8146145458633549,46.62542662222315,0.0398679441797793,True,0.185418,0.039182311231641,0.1910136605118104,0.1873862495776186,0.0365620356194347,0.0361778817818705,-0.4019002539270312,-0.4968900254342195,-0.3208501464534663,-2.7853767057516032,-0.036817331923733355
900101,169,0.2527573447749554,4726370,1.1747779376853007,25.9719855230492,0.1374091018379157,False,0.266735,0.04187802496102,0.2629763596121846,0.2580379384510283,0.0394765182414589,0.0393789040033039,-0.1340970199584497,-0.2588631240152548,-0.3337706407609959,-3.562231276244701,0.029693344034965857
900101,170,0.2813921436837173,9091936,1.2719945335922993,20.57047108445133,0.2409981403011782,False,0.17637,0.0388303977640207,0.1833474330193999,0.1799335769048506,0.0361875539702679,0.0357709921073338,2.836336394429084,2.7093489309852754,2.7046373390753224,-2.6520694301771672,-0.04436248889438392
900101,171,0.040845202887028,14521149,0.3896724749990479,20.41749366371561,0.1795790499509628,False,0.0299068110594082,0.0339455818649529,0.0670811352641215,0.066522383614699,0.0252932491304186,0.0251387223394536,-1.0214194811075306,-1.0372701522771606,0.3222331516112008,-0.508694905150972,-0.04459242821225571
900101,172,0.1444985781270614,11947034,0.6589772322779396,143.78053906903736,0.0029229655093495,True,0.133246,0.0374097759461459,0.1453394913826773,0.143081360546446,0.0340594945720428,0.0336179087097147,0.0421566252931683,-0.024689540058713,0.3007924490983402,-1.8345076126375945,-0.057517490272448374
900101,173,0.1262383291643956,18491829,0.5840085140592928,58.21805599108515,0.0221969739127521,True,0.158398,0.0383150406409555,0.166543258648169,0.1636354395738893,0.0352972042104566,0.0348406062312102,-1.0733771439371051,-1.1418731422312831,-0.8393484724959024,-2.290150987107161,-0.04867694137794733
900101,174,0.2295801888471014,11117690,1.113218983425312,28.380863808634512,0.1203644473028422,False,0.205826,0.0398103299240516,0.2079434782357714,0.2039281714988139,0.0371867263978992,0.0368946617496733,0.6952772062889169,0.5818396160989395,0.5966840488993334,-3.0373901115203936,-0.014995756540296619
900101,175,0.1765730710157399,10150794,0.8151977645120928,101.79947512510566,0.0128307947477348,True,0.109855,0.0366356922713152,0.125953091563187,0.124240169577453,0.0327240120150913,0.0323454042544497,1.6179393222790657,1.546875714053905,1.8211221592768547,-1.4279213154130865,-0.058733950850756216
900101,176,0.0552320318194799,2113513,0.1955489648260258,20.318628930571467,0.1689799862046656,False,0.100992,0.0364146273448674,0.118768869463699,0.1172345880455636,0.0321831331587174,0.0318327737559811,-1.9477585177268384,-1.974227845712685,-1.2566370032335348,-1.2863099185686997,-0.05784734343717115
900101,177,0.1998738666326173,1180282,0.8740479254845992,26.19062132488805,0.06072439209534,True,0.153273,0.0381390332742186,0.1628904915438765,0.1600839207900046,0.035170327632291,0.0347080049259295,1.146419851199416,1.051550485267163,1.2218680609327026,-2.2237014404496818,-0.05445842556332018
900101,178,0.2175797255307834,19323715,1.0415599819724657,88.62281577882493,0.0105611280231564,True,0.150832,0.038029567198447,0.1608974464677228,0.158153741265857,0.0350517495664676,0.0345891790171523,1.718051308342928,1.6171027056887848,1.7551534358116267,-2.181331897551775,-0.05587491025295181
900101,179,0.1418367903345033,11180481,0.6266159316991227,28.59640259082292,0.0680186895502787,False,0.091136,0.0360428710103356,0.1109291098110372,0.1095828471989387,0.0314565381855507,0.0311410115972321,1.0357384516831627,0.9825518733546852,1.406680126007843,-1.1432482432701407,-0.05671234944605951
900101,180,0.049948933630745,19526752,0.1701129443171531,53.812624555799545,0.0331145027288588,False,0.14995,0.0380398797529367,0.1597107899537164,0.1570057838116667,0.0349723586488087,0.034510433239486,-3.1021589743020024,-3.138531702285122,-2.6288481198875204,-2.1486504303089835,-0.05413346424026618
900101,181,0.1589941825146492,10663762,0.7570523904304259,64.0156676510371,0.0278872483687024,True,0.131719,0.0373524204556785,0.1440484659506732,0.1418292775025876,0.0339735036536334,0.0335351441722414,0.5118482545922588,0.4399227326198232,0.7302119161732311,-1.806328961755823,-0.057705310479411756
900101,182,0.1267396741821553,18096897,0.5884736283834346,33.52245009411842,0.0486005587517818,True,0.09933,0.0363590581752715,0.1173299080638335,0.1158321324234837,0.0320471268213119,0.0317034022223842,0.3440495654744029,0.2936227690796931,0.7538609512387517,-1.2578941393396568,-0.05721621468504131
900101,183,0.0688346831944535,18905134,0.2911997903179917,37.80400954121356,0.0539752880358159,False,0.0889,0.036016416343352,0.1091210885388885,0.107813928974168,0.0312999671552422,0.0309916334029404,-1.2577344753960682,-1.2871069526885357,-0.5571158611189869,-1.1101905177736737,-0.05609394243480382
900101,184,0.0402100325046168,734970,0.1710257206434286,136.12304068130743,0.0024995486106314,True,0.0393645090650121,0.0014849161253752,0.0394693900962904,0.0394679734841419,0.0014819557636641,0.0014819529505978,0.5007304855228323,0.4997736278545325,0.569408214481514,-0.6873507829214055,-0.0001470769646841981
900101,185,0.1666551368710994,9140269,0.7708800984261787,309.3830615536255,0.001829240680499,True,0.218577,0.0402219793485462,0.2189392766309463,0.214704332958552,0.0376186909930811,0.037384808877135,-1.28525990985713,-1.3898447388683224,-1.290882844898514,-3.174532747559655,-0.0025246179862285344
900101,186,0.1225230788189654,6784553,0.5008957922216015,24.07390432731716,0.0948864053783902,False,0.120467,0.0370122061755963,0.1346624737899983,0.1327113625249388,0.0333739549732243,0.0329623879807693,-0.3090881556250537,-0.3637385794033777,0.0555513715991633,-1.6057937289206834,-0.05851443222416194
900101,187,0.2437832776333847,7286369,0.9338330158581708,20.321967271370223,0.2124314546870521,False,0.238665,0.0409133900796356,0.2372055443073976,0.2326447227626644,0.0384087551949094,0.0382509530424613,0.2911967934068366,0.1712560923312306,0.1251003063647933,-3.3636761359674,0.012045661405142342
900101,188,0.0846174792113672,240317,0.3548955555175377,57.7745167044806,0.0258123211165055,True,0.078782,0.0151075204308354,0.0781207991450335,0.0779435440816523,0.013958326827486,0.0139464540446282,0.4785399291001506,0.4654340127314325,0.386263201700301,-0.8428143800694071,-0.0004019398557260081
900101,189,0.2747639105242608,17436398,1.3966754353193036,41.57335651533892,0.0599080323801775,True,0.212315,0.0400918176242178,0.2133877542603709,0.2092502770681772,0.0374483184784492,0.0371845364585495,1.761851557007118,1.6389562671341449,1.5576472762995413,-3.1034051674637033,-0.007995864671924974
900101,190,0.3850936250204195,360495,2.006110465885542,132.27776087512888,0.0016041194479225,True,0.368745,0.045207474066489,0.3514957968051688,0.3453960982695706,0.0424324543551671,0.0422400743414295,0.939807217903334,0.7917955424880893,0.361635445421585,-4.098935424327965,0.1143073402324625
900101,191,0.222067383193661,14414929,0.9430200591186634,23.019438982994338,0.1952178100163824,False,0.1424109999999999,0.0377312381539144,0.1531432871561193,0.1506475923076504,0.0345457885378194,0.0340900771847691,2.095031656834141,1.995151911558946,2.111152114031466,-2.0039759536379127,-0.05570019164963709
900101,192,0.0430391764312101,6888004,0.1827470056908057,667.3384720182261,0.00031882509489,True,0.0908009999999999,0.036029859381378,0.1108982697491541,0.1095502180923464,0.0314802823310048,0.031163971786376,-2.1342286572795883,-2.155606249157105,-1.325617817800184,-1.1455495477948108,-0.05761744130206279
900101,193,0.1388300726519588,1544738,0.4243449669316002,23.22689443671166,0.1480056755269162,False,0.077539,0.0355782179682845,0.1002269672755298,0.0991121268774813,0.0303273072054308,0.0300585051235198,1.321354658565482,1.272882722984259,1.7227133946561208,-0.9612720838161618,-0.05384149469325958
900101,194,0.1090221108126545,5378859,0.5325462842018843,32.52366078797578,0.0970455879823982,False,0.119775,0.0370104500873406,0.1342506550708785,0.1323073814236379,0.0333758090841739,0.0329644324752537,-0.7063755952256608,-0.7558931139196512,-0.2905365690492783,-1.5987381400485599,-0.059242006711024586
900101,195,0.2059430355785734,1667158,0.9750175526248832,536.3839644445267,0.0003380792391414,True,0.195018,0.0151318323380598,0.1953986851937363,0.1947180151380328,0.0149606662212933,0.0149382324441278,0.7514289580460426,0.7048048682370432,0.7219902609609681,-3.4706700221600952,-0.0033744594287926978
900101,196,0.2107591599611073,14681762,1.137069673391694,23.29318366872623,0.1273240451915375,False,0.187182,0.0392125213648066,0.1892876049153864,0.1857619617937421,0.0361792041645013,0.0357988186925957,0.6982687999292929,0.5934778152690418,0.6012661043078937,-2.7083379616079672,-0.019885953591673614
900101,197,0.059284805447033,15982409,0.278729508052326,45.799845843275456,0.0121731102586192,True,0.084024,0.03582954380474,0.1053872305010779,0.1041620703562471,0.0309206443462319,0.0306286658284265,-1.4652046929044928,-1.4909917315375445,-0.690469147131429,-1.046992809415696,-0.05560940233982642
900101,198,0.1799295285728306,264176,0.8023896514880116,32.22147797508147,0.0919139109052139,False,0.175057,0.0388664410876121,0.18082541026873,0.1774945496762195,0.0360039992870055,0.0355810742255312,0.0684346650462795,-0.0248828383968667,0.1253659567606673,-2.580287442658225,-0.03852840897462121
900101,199,0.0624999660728655,12305634,0.2713433886540695,296.2851668655232,0.000994250563148,True,0.074323,0.0354660900110654,0.0968802662910329,0.0958403527660862,0.0298267669618675,0.0295752911301001,-1.1273054438097696,-1.152666001719912,-0.3333616399057725,-0.8994943089907945,-0.049843832218078685
900102,0,0.1638669847535642,7048000,0.8582244737768033,25.027726586079435,0.1593372903101358,False,0.131943,0.0373925880124584,0.1444731209971729,0.142235227664346,0.0340462978854218,0.0336050586857904,0.6437053805344197,0.5696320880954114,0.853751677817214,-1.8179108428554258,-0.05873839392750916
900102,1,0.2202825369886349,13908693,1.0505174570461806,309.3830615536255,0.001829240680499,True,0.2119849999999999,0.0400304680809578,0.2136835126440218,0.2095386990544006,0.0374667264506094,0.0372039659825737,0.2887820599359387,0.176130261962231,0.2072805387100152,-3.1177360356473423,-0.011230732954022998
900102,2,0.2033170756365449,8121963,0.8895728373591067,22.47785065887788,0.1203034205224797,False,0.153341,0.0380748209658189,0.1616816569577353,0.1589382981478417,0.0349352012278901,0.0344792987288296,1.2871136921237916,1.1917898628152286,1.3125754598139845,-2.181367593487243,-0.04851701632953815
900102,3,0.2102564391425373,7584453,1.0822285776643232,24.724337242190924,0.0782057426416705,True,0.178803,0.038940662063737,0.1851797520062759,0.1817150992880655,0.0362705783115727,0.0358614954170873,0.795877013005775,0.6913781997311085,0.8077273850931244,-2.6818831741617752,-0.04122981845764509
900102,4,0.1908797226313815,9326859,1.0350628074542163,22.301733471599427,0.2420769277441918,False,0.165745,0.0384764539231292,0.1740995365100463,0.1709547729290633,0.0357373172537893,0.0352916820292563,0.564579202708464,0.469542411428657,0.6532494569691196,-2.468989784844125,-0.05080858227477463
900102,5,0.3419066598896381,11579731,1.6810645714995918,53.10727783499081,0.0310816256811431,True,0.292669,0.0426719976423312,0.2839337494587794,0.2787867644352784,0.0400511880965242,0.0399746695447132,1.5789973043744,1.4474704293701013,1.1538634844878612,-3.6543760314132063,0.06003863208607067
900102,6,0.1125037061294361,16185022,0.6379327192366672,24.510644670911503,0.1855697535562878,False,0.079581,0.0356722700260269,0.1014786809195503,0.100340611063634,0.0304401069999025,0.0301668559231187,0.4031939920023539,0.3621874656984973,0.9229215327596284,-0.9769483810033144,-0.052944022516294445
900102,7,0.2462800850138572,8960980,1.195889000049955,188.89116438451816,0.0016941448866102,True,0.300108,0.0429415805698813,0.2910881819867813,0.2858413978172171,0.0403625536041043,0.0402859007501068,-0.9820138576212664,-1.1101402902408948,-1.253514991106243,-3.700100233129042,0.0625587118548578
900102,8,0.1364995057704953,20348178,0.6184925698127344,276.148343063909,0.0011966546923011,True,0.075982,0.0355927681886378,0.0989897361053268,0.0978979002361103,0.0302084887175801,0.0299440114410301,1.289126061496621,1.241696332969454,1.700275332611364,-0.9395856132991626,-0.053249209304404244
900102,9,0.0583517506448363,1504335,0.2392928697181077,58.44728048375512,0.0325588584686548,False,0.078724,0.0356228608655801,0.1010987115307144,0.0999663702990114,0.0304227150186722,0.0301503107909866,-1.3802384971307051,-1.405100131912677,-0.5718869529327442,-0.974559448728772,-0.0539072505161392
900102,10,0.1342879208902005,998319,0.6052423819386993,26.54164521292477,0.0182889252701546,True,0.132149,0.0151183788687023,0.1285019738293992,0.1281708286228813,0.0144622354436761,0.0144318166182375,0.4238615573585512,0.4000728022534918,0.141478190801823,-1.6478643364650931,0.0073891749025790585
900102,11,0.0490665049821105,18659271,0.2410168638639098,45.01669386617085,0.021294534768609,True,0.0475637669048333,0.0345932424462663,0.0789230374392423,0.0781849251488322,0.0275007685119856,0.027309890540349,-1.066222514649067,-1.0856617495659984,0.0434402204306637,-0.6561356043959965,-0.04942114480632898
900102,12,0.1823013709196562,6491372,0.8845910666582936,41.57335651533892,0.0599080323801775,True,0.228038,0.0405652386664105,0.2269596188590906,0.2225792250086432,0.037943370994386,0.0377471746521662,-1.067042883610244,-1.1769710167829293,-1.1274832981129577,-3.2547152039074434,0.007340953747193797
900102,13,0.0932420579691985,20776653,0.6023158339584808,28.650360525825068,0.1255048884373306,False,0.14667,0.0378685219366433,0.1566537084337922,0.1540528212610238,0.0347326969856067,0.0342745080705829,-1.7742271651746286,-1.8257047672074416,-1.4108800475548056,-2.0816421669183445,-0.05403122020587939
900102,14,0.2086143453609551,16132745,0.9256046892584842,25.21947149533776,0.1495162180832979,False,0.15334,0.0381165675621881,0.1633060392664253,0.1604840363231658,0.0352096201635775,0.0347467560879967,1.3851741703858178,1.2868160998055524,1.4501396347080222,-2.2386645564935614,-0.05616229720461798
900102,15,0.1603489489737765,11749777,0.8024320397050424,36.61251046020066,0.0800432290917308,True,0.142029,0.0376956514185034,0.1519026855007344,0.1494600796662974,0.0343655369795967,0.0339158308898027,0.3210556551852888,0.2457771423172204,0.485996349297307,-1.9645979379424978,-0.05163327296841345
900102,16,0.2548004778633726,18786387,1.011923921889351,23.74843477546814,0.1514799249049962,False,0.221178,0.0403919816097126,0.2210837674485057,0.2167963524805309,0.0377628969657864,0.0375382001405776,1.0124120293599366,0.8928528562153095,0.8324047626147609,-3.194177929425848,0.0005319555143343499
900102,17,0.2082988052087132,18994804,0.9928592930554296,56.381399409447326,0.0284459259875768,True,0.182695,0.0391218589173667,0.1887632085189567,0.1851898753518785,0.0364932838873226,0.0360975824267364,0.6401794331721908,0.5353203277094762,0.6544628991887533,-2.74592730776844,-0.039507139991463464
900102,18,0.1027363304715317,1995680,0.6637831850690902,24.40196308747969,0.1504589518768946,False,0.106706,0.036609260586257,0.1231448009539999,0.1215029438952734,0.0325201705322885,0.0321523022155063,-0.5836786833476276,-0.627563452110594,-0.1084334800784939,-1.367167031082201,-0.05732290986683984
900102,19,0.2933262321083032,10630437,1.542647632868685,31.404009484239744,0.0866818313929649,True,0.2437679999999999,0.041051743691152,0.2427157264084438,0.2380617620354554,0.0386680660166501,0.0385266199230433,1.4344489649815664,1.3088450215758654,1.2072138148661575,-3.424584633675075,0.010975947053590906
900102,20,0.1396455302460985,1100244,0.5971824562049609,32.13834662815349,0.0522360453074292,True,0.093729,0.036152549594758,0.1130747346456376,0.1116769019686231,0.0316803725634235,0.0313546449428185,0.8920090891949735,0.8387147451396472,1.2700772355141512,-1.1815527214864476,-0.05748015241131481
900102,21,0.1117582071197196,13857905,0.496541619144056,217.3384971767157,0.0018865537370866,True,0.1027849999999999,0.0364172750717527,0.1200757160531631,0.1185138766439948,0.0322463447050289,0.0318922117521727,-0.2118281910571782,-0.2579364889114522,0.2463997402891853,-1.310694725689479,-0.057514851630693455
900102,22,0.0418398237293605,16092602,0.1784571978476858,75.18426845986467,0.0103956395111267,True,0.0406962091971046,0.0343388965402705,0.0739729163245938,0.0733139500610634,0.02660703549619,0.0264327316610792,-1.1907254511287175,-1.2076915746526735,0.0333037647530327,-0.5912736556000279,-0.04682194306780087
900102,23,0.271557841645335,10090277,1.4202373016155756,32.71303272149448,0.0968655827221025,True,0.2746159999999999,0.0420700442322237,0.2685756542589773,0.2636047914165368,0.0395308095207151,0.0394429867987433,0.201634076784762,0.0754395728930088,-0.0726920641629022,-3.57668779526831,0.04300910935687953
900102,24,0.0971161575824802,10534137,0.4282207102810952,667.3384720182261,0.00031882509489,True,0.134489,0.037443537648849,0.1466986884595225,0.1443963257259254,0.0341708173639016,0.0337251444517966,-1.401926334549073,-1.4510197502451805,-0.9981119510663712,-1.86876504129939,-0.05872772281483564
900102,25,0.2435474763815953,5384312,1.2706789478419225,29.19122955630292,0.0657536457955922,True,0.257038,0.0415380415013668,0.2534297566999945,0.2486348633570955,0.0390398854286238,0.0389268840908789,-0.1306908347357873,-0.2531329231605183,-0.3247751490151694,-3.4858364977980907,0.02709888310087526
900102,26,0.2167893132850382,4173791,1.1001934638109376,35.79017586776522,0.0782043967816413,True,0.199642,0.0396556061181263,0.2027005368021882,0.1987931465134456,0.0370168530390264,0.0366948361213528,0.4904277733269531,0.3806043822254775,0.4324057797517888,-2.965159297625037,-0.02119351697255872
900102,27,0.0727644581809052,13552492,0.3157689263670192,994.9974612426676,9.384412490790375e-05,True,0.076498,0.0355461711189072,0.0990631627100685,0.0979751543852468,0.0301507962081061,0.0298882220968239,-0.8434993598036953,-0.8722391391472716,-0.1050335859411003,-0.9389188469195009,-0.05222213727796729
900102,28,0.1720066809217797,2462799,0.9074714864005636,32.10023901781984,0.0947791150657211,False,0.1123339999999999,0.036785410129333,0.128415598013415,0.1266273015090529,0.0329991646062012,0.0326074223899804,1.3916886428493327,1.320975346756896,1.6221833795512393,-1.4803910678602294,-0.060625469620376446
900102,29,0.1373991747270882,9475054,0.6481330770330918,42.58475475814269,0.0433796309727053,True,0.134054,0.0374307173405481,0.146078218341507,0.1437978017997279,0.0341074795836176,0.033664162407324,-0.190072368212185,-0.2544615937727499,0.0893697734043805,-1.8516644139664344,-0.05765456818400558
900102,30,0.0584713481510444,14855206,0.2680080144743156,50.57329917852324,0.0549373738990789,False,0.076495,0.0355624500705191,0.0989361712541878,0.0978513456761833,0.0301277970383246,0.0298659834206878,-1.3185568668688434,-1.3431059380700632,-0.5068169322759067,-0.9351936209219057,-0.0517286236494871
900102,31,0.2926811391736693,14320270,1.3370839657550952,40.724150027141306,0.0567346397610692,True,0.265271,0.0417959063571996,0.2615415792671621,0.2566306245306671,0.039385738508324,0.0392864939428526,0.9176312524971664,0.790630341993609,0.6558091823494513,-3.55201833376768,0.029302543915249616
900102,32,0.0953772595863923,8562573,0.420468897626106,1068.0998922314843,6.876249567366295e-05,True,0.071912,0.0353912822531453,0.0960859579803223,0.0950514488541716,0.0298604336092159,0.0296081975743245,0.0110040718082491,-0.0237336939980438,0.6630237191902503,-0.8972157934788598,-0.05323386431020121
900102,33,0.2250281739515963,18095282,1.0404175770161894,56.52423917219187,0.0308892241157494,True,0.213588,0.0401390646368027,0.2180887403448453,0.2137966156475706,0.0379298555512993,0.0376807639774367,0.2980714061623364,0.1829543905688087,0.2850134664350657,-3.216154934727537,-0.025364147810455727
900102,34,0.0967856204579971,1856449,0.3048237410599214,24.34383486913281,0.1478559921496704,False,0.091053,0.0360876069604935,0.1112955120806239,0.1099338655612573,0.031566152167213,0.0312463545069275,-0.4207929312312311,-0.459666149544126,0.1588528844340614,-1.153574099124253,-0.05842619754602209
900102,35,0.1701267709902926,15927989,0.8275594707607512,36.88912600889518,0.0694546092085226,True,0.155355,0.0381750627486035,0.1627310884087628,0.1599620458135845,0.0349509096539722,0.03449720770514,0.2946535633721306,0.2116020056344717,0.3869481783846704,-2.1934234729545135,-0.04455432759911863
900102,36,0.1572436921420472,16696825,0.9200738894426496,28.190897756612664,0.1346620898518722,False,0.132331,0.0374339679130292,0.1419342773066236,0.1398078981223826,0.0336042109328112,0.0331811656209628,0.5254726195829956,0.4555802505237646,0.6655103247384077,-1.7237830583561131,-0.04624183219520954
900102,37,0.1363712246718645,8098892,0.615839748664688,175.63948635743802,0.0016507349922143,True,0.091417,0.036045691103253,0.1108198720492516,0.1094800452100943,0.0314037341588705,0.0310901683750535,0.8649415833767994,0.8136405846944605,1.2471455892770364,-1.1375793741741282,-0.05542057514382542
900102,38,0.1107632760260413,11947781,0.491078812812081,126.11322204528734,0.0038459918980752,True,0.059063,0.0349600496006254,0.0864307082392731,0.085573556445506,0.0285682053253075,0.0283537250309508,0.8884095318353514,0.8517359599489008,1.47883874927673,-0.7533691003790826,-0.04988289825849903
900102,39,0.057287980714837,789652,0.2439455351906503,79.01638706633085,0.0151612915564835,True,0.059107,0.0024868072618939,0.0592945704735075,0.0592894352335261,0.0024808730338562,0.0024808501714343,-0.806761545592254,-0.8088240435068076,-0.7314677389906268,-0.8214479542531304,-0.0003517870446942402
900102,40,0.3067087432695664,5136300,1.555262817476474,48.29372005308613,0.053253494052475,True,0.258417,0.0415959837928516,0.2548069333824398,0.2499886571751708,0.0391127505439326,0.0390021925425321,1.4542794237155214,1.3269792884759857,1.160971297374759,-3.497628467193313,0.027359819846925388
900102,41,0.1843867660311085,13635234,0.8617290637057805,275.550638566041,0.0009692188091311,True,0.137659,0.0375685452575376,0.1461520961962045,0.1439089990268683,0.0338200897731594,0.0333889383412717,1.2123106937547048,1.1305312934221745,1.2438002512682669,-1.8132508634766702,-0.04390708101961624
900102,42,0.1020421979028917,6328912,0.4626775937557242,25.09804861052833,0.1476107216746317,False,0.130673,0.0373511338709753,0.1430743677090672,0.14088237095448,0.0339235747329277,0.0334871874748788,-1.1598517516804054,-1.2095473466228768,-0.7665310026734329,-1.7832675173615347,-0.057405493231351655
900102,43,0.1402234162679274,19955112,0.6380851328858322,147.9905701953819,0.0028449415151354,True,0.112928,0.0368155217928662,0.1291112995390831,0.1273008487006113,0.033080374947286,0.0326848031113777,0.3953692951210592,0.3359126595920257,0.7414105501885475,-1.4967546436686308,-0.06156286851393555
900102,44,0.2883075131134839,14990667,1.4329980411840344,112.76986331146492,0.0032522237457575,True,0.328005,0.0438721443397879,0.3160486871877773,0.3104844447695337,0.0412605716857688,0.0411623742724416,-0.5387670669642929,-0.6723410011272729,-0.9048449188865884,-3.8459570978035567,0.08137803977871567
900102,45,0.1870817992087992,7132792,0.710205115802524,20.12573856141902,0.1717650329014765,False,0.161065,0.0383538159091497,0.1689801450480027,0.1660018219605794,0.0354016093982141,0.034949013245049,0.6031637317029545,0.5113229163448603,0.6783366554823715,-2.344869056446082,-0.04809615947561511
900102,46,0.1429783941204607,4535876,0.6506748247516426,386.9752492241015,0.0008608735335273,True,0.193146,0.039431744274178,0.1979522716970651,0.1941450873421319,0.0368820093694451,0.0365320697739033,-1.400596613833856,-1.4905336915332892,-1.2722644357478177,-2.903787711716458,-0.03145250379092192
900102,47,0.1486952070253784,10387846,0.6873078673500205,50.57449373515,0.0296357661930985,True,0.1117099999999999,0.0367105530571831,0.1277521523210062,0.1259871944290753,0.0329004292926169,0.0325131889865453,0.6984246487079454,0.6365587062133549,1.0074816080206572,-1.4667378246618914,-0.05997895531252908
900102,48,0.0948060071963851,6036022,0.4181804648557226,536.3839644445267,0.0003380792391414,True,0.073271,0.0354606082964443,0.0969832403585422,0.0959318247817231,0.0299619851882014,0.0297062251717649,-0.0378983724397309,-0.0726665188732039,0.6072937896709587,-0.9094546942246617,-0.052964175161649155
900102,49,0.1430245375354747,2496948,0.5043283286221247,33.012427778045115,0.0999879745191315,False,0.077257,0.0356329244022627,0.0992919339680792,0.0982007096483225,0.0301601859936782,0.0298970977995187,1.4992702030052465,1.450011070109518,1.845695761398086,-0.9372089592303331,-0.050967293608851605
900102,50,0.0824748823104098,16542533,0.360697734022844,168.27646830916524,0.0011909242019197,True,0.044601413356683,0.034495497982786,0.0758758499265947,0.0751927592947415,0.0268552730464049,0.0266772143743581,0.2729716421467056,0.2457257601668095,1.097924980605483,-0.6085940076960099,-0.04519294299211761
900102,51,0.1509132242551752,2308723,0.6236049885889624,39.70978183113083,0.054783222171089,True,0.172535,0.0387837340674134,0.179103802817966,0.1758152102165024,0.0359635645162344,0.0355331669296631,-0.7008096410494448,-0.783864973953436,-0.5574959777529955,-2.552905435507125,-0.042437057794046294
900102,52,0.12587568248285,10239726,0.4284490814296999,25.076941696857418,0.1102635032844712,False,0.13414,0.037431623438676,0.1458742863843601,0.1436039866963205,0.0340650212622076,0.0336233811908782,-0.5272611969875327,-0.5870715226500379,-0.2207843731568146,-1.8434911304844148,-0.05638033362154087
900102,53,0.1668800921550589,6917436,0.7533094797561634,33.53663292022108,0.0442728664076316,True,0.163596,0.0384409180781111,0.1727763874165044,0.169658454404402,0.0357476129395133,0.0352959548545972,-0.0787161662232585,-0.1649423493373482,0.0854321987936317,-2.4486558200998987,-0.05465700463853581
900102,54,0.2975193341591625,5456026,1.5078200337566618,36.60306668547025,0.0842388382294538,True,0.349545,0.0445965354176451,0.3371353617126068,0.3312321213983624,0.0421078887160147,0.0419596985407989,-0.8034563738921957,-0.94082198755259,-1.166585371567967,-4.016904462351264,0.08581444613235602
900102,55,0.2614925227056753,11617028,1.265750447455312,32.6701569930338,0.1009190623718552,True,0.2938429999999999,0.0427231313117719,0.2880341600691325,0.2827861178715178,0.0404009226500464,0.0403217255566434,-0.5280923589425658,-0.6569562183854414,-0.7572122244094684,-3.7208956717362462,0.044626140828487024
900102,56,0.2974606387540892,10701158,1.4768621918654627,132.5305200235132,0.0042606809479304,True,0.260156,0.0416051187434027,0.2570187552018192,0.2521701727548194,0.0392007845487074,0.0390940293735784,1.1585008433507544,1.0316600552221205,0.896635795805884,-3.523813334164162,0.02520002873799498
900102,57,0.1324083291088325,12374734,0.4320179069960872,25.22989765723623,0.273585377330999,False,0.071433,0.0353700689641999,0.0956377654379489,0.0946128458504648,0.0297931436318335,0.0295431207228473,1.279332796725782,1.234195495623856,1.7239245185116594,-0.8894932047871735,-0.05281524698457702
900102,58,0.1224032259616221,3153344,0.6166415669740246,30.214835683049056,0.1008556496628959,False,0.0816799999999999,0.0357730184025001,0.1031506221986358,0.1019762955498522,0.0306430669546282,0.0303620043497194,0.6727793783468924,0.6282857976159091,1.138378246515987,-1.0034181194999565,-0.05348143918625286
900102,59,0.0761919233415518,10281200,0.3430935927522733,56.0359521222489,0.0298435751353804,True,0.096007,0.0361747133721294,0.1145500266124011,0.113124108200768,0.0317477939514294,0.0314181021827955,-1.1755065485604077,-1.208213185758136,-0.5477604329469162,-1.2061315052725348,-0.056438163675641854
900102,60,0.1838460102572296,19051142,0.858834408882998,38.79089760119882,0.0446214404532159,True,0.253306,0.041435557745195,0.2503282419162869,0.2455676054886716,0.0389549226746682,0.0388343928224975,-1.5893539397810683,-1.7066451964051697,-1.6763377524663627,-3.467579865357949,0.023111887185654767
900102,61,0.2701295239430658,8754413,1.3264764990813387,167.92971655824752,0.0018842557547998,True,0.252755,0.0413664994473451,0.2506253413992259,0.2458577046002204,0.0389786600597625,0.0388581543071405,0.6246261505628226,0.5003810421891309,0.4200143636804845,-3.4830188881413564,0.018548549655308035
900102,62,0.2084762303415122,6843353,1.046253847711149,33.30512401745811,0.0700455660462609,True,0.203342,0.0397503970070562,0.2076336275254481,0.2035906913290146,0.0373440159752368,0.037044333916593,0.1318835701972011,0.0225632619861441,0.1291617374437997,-3.060647974474055,-0.026590467895355917
900102,63,0.0398280940248488,753778,0.2883451695564464,23.621840184498367,0.1711223877375648,False,0.041097967769105,0.0013890029613967,0.041186245879903,0.0411849987524445,0.0013866401393625,0.0013866378164792,-0.9785574224716732,-0.9794551711726732,-0.9142340078089484,-0.7044718069091649,-0.00012467781311657848
900102,64,0.127822054607282,5598196,0.6087796376424653,48.94379929055725,0.047351174887163,True,0.133731,0.0374645468801204,0.1450900756931133,0.1428451252647041,0.0340012655510664,0.0335620804533857,-0.4476203636508074,-0.5078640693504942,-0.1577209891694546,-1.8191057717322174,-0.05446129402715767
900102,65,0.1402721061360707,4176495,0.6360153244782375,406.7105275653722,0.0005645490494591,True,0.083353,0.0358013232603295,0.1044784177786559,0.1032768973230196,0.0307761262376936,0.0304897075941899,1.213367123930727,1.1630342324751617,1.5898604004713217,-1.0271688558100782,-0.05395580819179001
900102,66,0.143434732248127,10589728,0.6133281247971385,42.66613788470291,0.0593723690850281,True,0.153098,0.0380662114728605,0.1616529031399886,0.1589078225101297,0.0349505796086754,0.034493960508424,-0.4485738962397188,-0.5212551864902257,-0.2538542024010581,-2.1830115273812227,-0.049438101503190474
900102,67,0.1778604509427389,12433719,0.8408942818867718,33.15594036354117,0.1067454202947199,False,0.25487,0.0414285984801448,0.2468876670129457,0.2422653372770996,0.0384374109701841,0.0383175132162385,-1.6808211423038446,-1.7958341711347618,-1.8588499703693555,-3.3712251561197903,0.048576913369837084
900102,68,0.2812016068374316,6635790,1.4912330197094597,23.049828714662453,0.1479599614884047,True,0.318869,0.0435623696319966,0.3089242066705532,0.3034390709082456,0.0410631795956516,0.0409741610051674,-0.5427192046228725,-0.6751206337674185,-0.8646773231294026,-3.8176594293372417,0.06970319819621207
900102,69,0.2787801813360382,8700562,1.38951005585766,45.1818514865256,0.0380995827720619,True,0.23595,0.0408342622149362,0.2350826323601301,0.2305481584672452,0.0383553802260209,0.0381892260103932,1.2629746111027895,1.1392808184512009,1.048878540050418,-3.348083986407302,0.008358743083592805
900102,70,0.2407303505272485,4685575,1.1618871730267355,67.58698696413336,0.023726239893407,True,0.247007,0.0412262938805961,0.2456605154128746,0.240949766120177,0.038842108025489,0.0387080352739602,-0.0056684766192756,-0.1269283552373318,-0.1522486957214875,-3.4464482753683217,0.013266325153743142
900102,71,0.1192728197648757,15754181,0.5941735660355592,29.817563854886657,0.0512809316493762,True,0.165201,0.0385070689356084,0.1726302520343448,0.1695388279768103,0.0356071891685863,0.0351606285044739,-1.4296106284203285,-1.498501665403641,-1.1927207524396488,-2.42256937277296,-0.04626847933207426
900102,72,0.1694657798191001,8626482,0.7902947783147988,133.21207702628178,0.0055122044160672,True,0.179206,0.0389248163038478,0.1848247557801846,0.1813851232712472,0.0361692410913663,0.0357619260057037,-0.3332970223764272,-0.4246419194222668,-0.2502316287087284,-2.665477945876105,-0.037498240785675305
900102,73,0.2975182415044045,9124486,1.480827230596375,184.21296492154545,0.002569790564635,True,0.279481,0.0422598120489245,0.274598184422468,0.2695197482484256,0.0398869215838535,0.0398024410197015,0.7034365867691404,0.5746258716344419,0.4268178354300926,-3.6355613390547243,0.03771441408564643
900102,74,0.1160158943853761,16492758,0.5021842085708392,42.979379111757744,0.0320043305232823,True,0.090944,0.0360655259192183,0.1109291551891026,0.1095798596526144,0.0314889762004951,0.0311722793306363,0.2064666065800398,0.1615403169631617,0.6951761757622394,-1.144310908265186,-0.05726968323078803
900102,75,0.2049574468923958,9097020,0.9793186533369568,44.81856820938026,0.0402641950420593,True,0.249563,0.0412451852600663,0.2474980263414665,0.2427815700285907,0.0388262826695907,0.0386988000341293,-0.9773978289465574,-1.0956644964208495,-1.0814729725748478,-3.4561769022137367,0.017618335042597334
900102,76,0.1980328428997079,2220248,0.9295693451854168,122.19849211982591,0.0059845206455131,True,0.204516,0.039813715153159,0.2065725652341369,0.2025837349195118,0.0371476161718205,0.0368477535387381,-0.1235052773303953,-0.2298861465276778,-0.1628372804535347,-3.0129670998925593,-0.015068811934591211
900102,77,0.0703200952184959,3180266,0.3008527278632333,128.75812784012476,0.0059661072233063,True,0.076946,0.0356146215284926,0.0994222409958939,0.0983250802480251,0.0302168317242616,0.0299518819058073,-0.9349991802718544,-0.9631104294111492,-0.1860445091688874,-0.943383163141824,-0.052300587687325206
900102,78,0.0630543061683855,97587,0.2717333411534387,1424.7236072062765,7.984272873243278e-05,True,0.062027,0.0151042179124645,0.068253486382355,0.0680814717523287,0.0142709072459014,0.0142581131632917,-0.3525828085644572,-0.3643202302686598,0.068014522455859,-0.8018050515794051,-0.011444057401445492
900102,79,0.1545664426636507,20264198,1.1427933347475985,20.75911529456713,0.2435471864136344,False,0.142893,0.0378056838158426,0.1538737595699593,0.1513453522056392,0.034660396416096,0.0342009910399272,0.0941812023590491,0.0199848578006946,0.3087748054105795,-2.0228873429176506,-0.05705613706281207
900102,80,0.2632637720320751,8512482,1.288347251883126,270.0169486273753,0.0011210504250877,True,0.268751,0.0418915776086716,0.2656238008713091,0.2606490861700376,0.0395863477306916,0.0394917845522119,0.0662083491967964,-0.0596172411582243,-0.1309864245071789,-3.5920665363791238,0.026602157512984576
900102,81,0.3136472959268275,12825565,1.5508447610318925,57.20758250655379,0.0287045681575076,True,0.244827,0.0411003708591592,0.2431377007565133,0.2384836169150561,0.0386583483211514,0.0385189316969706,1.951343812000964,1.8239163914754124,1.6744446458319715,-3.419418105895172,0.01454430893837306
900102,82,0.116509081491108,15973331,0.4641972128476784,32.84013157776704,0.1584651228515032,False,0.151546,0.038048003851042,0.160387594417682,0.157676769540447,0.0349109688931841,0.0344530295823749,-1.1948931211088345,-1.256868953159895,-0.920860885266454,-2.1544697222118194,-0.050330707592706615
900102,83,0.2709860502284256,20674115,1.520707741223474,21.995342973100687,0.0735483791012099,True,0.277221,0.042159949053252,0.2722135663875914,0.2671756791479153,0.0397542313802489,0.0396683826185699,0.0960556198408391,-0.0308776227472403,-0.1478879816410374,-3.617569107390933,0.03803288610598978
900102,84,0.1829046595462748,10619224,0.8571139222780574,52.14411113595688,0.0420481294487876,True,0.143639,0.0377484197792244,0.1532113839731168,0.1507299713183383,0.0344359784963675,0.0339848986261515,0.9467348595584126,0.8622747739341903,1.04019346441319,-1.9927623212017387,-0.050923725794840655
900102,85,0.2050168637472135,18023066,0.9359095206174376,22.349630032097988,0.1809920094380086,False,0.238918,0.0409483667612073,0.2372837184390832,0.2327190909014601,0.0384231800226439,0.0382655215958437,-0.7239474597219544,-0.8397757466418405,-0.8278995948845254,-3.361609333831271,0.013001017747429244
900102,86,0.1463111389584699,6814818,0.7999055275127214,26.392411387631,0.1101902795911608,False,0.146988,0.0378826307294888,0.156802660778826,0.1541986392135353,0.0347315022704111,0.0342736364665152,-0.2301331597180066,-0.3020750942090461,-0.0178673188344131,-2.082905389079802,-0.05337990152293994
900102,87,0.0599299393877683,813400,0.1878164094069232,21.07744693429616,0.113510275254246,False,0.0355282446522565,0.0150206986590758,0.0457735010832201,0.0456516726419512,0.0132182826108992,0.0132020027919585,1.0815227788403468,1.0709740986227194,1.624537931913561,-0.5578042269454517,-0.013277429564106779
900102,88,0.2091504804698747,6019127,0.9103156035268222,23.39563817982896,0.1894100428831261,False,0.28729,0.0425309242451604,0.2794748136332338,0.2743682269784878,0.0399415069286125,0.0398625744667483,-1.636064588929525,-1.760683023027896,-1.8372401003962853,-3.6334552723943454,0.05438235062051011
900102,89,0.0834635728884861,19643754,0.3855663841332404,38.98028315180833,0.0337508331629309,True,0.085522,0.0359005794421427,0.1063150374468032,0.1050715194242061,0.0309976007376347,0.0307021967618028,-0.7037915463626646,-0.7372010741003201,-0.0573368771061551,-1.0603206385908999,-0.054913865990489426
900102,90,0.1265872311918745,13864707,0.7706889748723047,26.126826574411112,0.0831725192036961,False,0.16525,0.038479008896557,0.1727365318625967,0.1696445412711835,0.0355966352301499,0.0351508483960077,-1.2249294695316424,-1.296451205917188,-1.004775588478968,-2.4266113334406034,-0.046550597206776935
900102,91,0.3302363012111078,6105422,1.5796333003149514,20.60327561083205,0.2730218482052259,False,0.288338,0.042562672062993,0.2806479444002185,0.2755239714719497,0.0399969757329323,0.0399183638393738,1.3706055177840757,1.239802657630929,0.9843907626170204,-3.6431212436954143,0.053907176174829756
900102,92,0.0462104391867324,31073,0.2830683904658518,25.47959244502638,0.1084093229528434,False,0.0319021648280463,0.0150180024717473,0.043007091619684,0.0428925660141654,0.0129933279388878,0.0129765073023693,0.2556830659634536,0.2465378832978553,0.9527415104374644,-0.5230902921437606,-0.01352323102903188
900102,93,0.1785178816932976,17842167,0.6873365327222537,20.10652939158469,0.1421701907943289,False,0.1568,0.0382405010391778,0.1661432040025382,0.163235276199874,0.0353534956168604,0.0348932138462171,0.4379821692773204,0.3500269909620422,0.5679287954686422,-2.296817247276748,-0.05404700603053566
900102,94,0.1820362096914659,11607686,0.8331060564568875,51.55371246737515,0.0096446742294327,True,0.166728,0.0385171847748133,0.1747832355353026,0.1716197467960133,0.0357617883121859,0.0353182560385966,0.2949314055617353,0.2028135196385527,0.3974384364008884,-2.4798805861247852,-0.049453609311450424
900102,95,0.1816710146173412,4451088,0.8450276077511845,135.05974619098578,0.0039265395241361,True,0.211196,0.0400390905724621,0.2150338330203157,0.2108217105041011,0.0377135212551488,0.0374515294204982,-0.7783579559451833,-0.8846381163206729,-0.737403995958024,-3.1657195253611534,-0.02248749225143673
900102,96,0.1514803758781509,9579058,0.7050511702164785,39.604803105774025,0.0543761839249169,True,0.217746,0.040218114189504,0.2199196612141244,0.2156335403495583,0.0378114228101473,0.0375775005345091,-1.7072227678499452,-1.810016134002942,-1.647656173275844,-3.2109022905467643,-0.012013028822323529
900102,97,0.2591307373091597,16211495,1.2938024881289547,23.33600410187156,0.1479325891255618,False,0.187972,0.0392685164877411,0.1931430831232818,0.1894612005875302,0.0366506407348459,0.0362770242719125,1.920486537137804,1.8004502203187809,1.812106584962896,-2.822292957140101,-0.034329873930757496
900102,98,0.3221508859849648,18003288,1.4993784633954887,31.3642109821647,0.0889608143446883,True,0.328366,0.0439231097465834,0.3162774364054532,0.310702306805766,0.0412973723377664,0.0411985481711456,0.2778879277890912,0.1422233243188758,-0.1414998630764905,-3.84569977550622,0.08211506704722744
900102,99,0.0686977324624309,10734136,0.3197319687049262,35.85958303824084,0.0895220370593341,False,0.0764659999999999,0.0355303885981422,0.0992253555477485,0.0981327998242681,0.0301860450693272,0.0299223042454789,-0.9837165988406354,-1.0113157591597668,-0.2186372804820711,-0.9438286760997765,-0.05294651952379799
900102,100,0.1715786506535856,7780998,0.798182755708712,55.84395848222772,0.0259224068911414,True,0.223578,0.0404148546680149,0.2241899889307417,0.2198393503092784,0.0379187985998488,0.0377074223042547,-1.2798726804045484,-1.3874737655154998,-1.2866395233524788,-3.2436999699013658,-0.0023991827999385986
900102,101,0.0770972796270329,18923043,0.318195793301411,63.67264990229036,0.0206236262516779,True,0.144838,0.037826620980535,0.1549186315072432,0.1523714667381538,0.034629682005958,0.0341729822668691,-2.2027397703623777,-2.2472441955089613,-1.7908213479555954,-2.039998782727617,-0.053716144497199046
900102,102,0.1250045187155817,16177116,0.5248395954148881,76.99914723574052,0.0169500750879664,True,0.082988,0.0357992950896995,0.1043884628311555,0.103186447150933,0.03079458842576,0.0305076141860423,0.7151680702265716,0.6694700899843997,1.173668883990709,-1.027290118621903,-0.05463236135779628
900102,103,0.2409647374338992,11181888,1.1643374192016258,419.1725101352295,0.000533042486637,True,0.26409,0.0417312893193797,0.2595739608394565,0.2547086481923414,0.0392285407030049,0.0391277370773679,-0.3512574911057639,-0.4743797009031179,-0.5541468510382588,-3.526229456927764,0.03325012543492557
900102,104,0.0775002664629798,20333336,0.3055367569337358,44.16444171135137,0.058133803906555,False,0.0853039999999999,0.0358677029916209,0.1060417206966986,0.1048062591590373,0.0309450988377557,0.0306517403495022,-0.8908464049579172,-0.9223255153703288,-0.2175699274314591,-1.0551018030696149,-0.054496676445784584
900102,105,0.0782982742245356,5628624,0.356884833507135,37.50301274457001,0.046440923647041,False,0.0469446088021615,0.0345597197359268,0.0767289393584247,0.0760383594470675,0.0269023595300907,0.0267242121493734,0.0845643181110985,0.0583344693001953,0.9072314724178788,-0.6130988589658216,-0.043282165013464914
900102,106,0.1373651735240728,4661345,0.5929262313924962,40.42774537739192,0.0380093157284329,True,0.115125,0.0368662421983352,0.130762876558711,0.1289109541406074,0.0331715133347573,0.0327708886166397,0.2579795586981013,0.1990351449671075,0.603266625451647,-1.52989944948076,-0.06098939627426585
900102,107,0.1318838329690245,10018677,0.6495022523518332,28.70496325959737,0.1085258459114122,False,0.101075,0.0363499169246304,0.1190705584457827,0.1175298184303702,0.0321989783638098,0.0318477556972598,0.4507072546995582,0.3979404060112443,0.8475626789713155,-1.2965874710502832,-0.05891175781464187
900102,108,0.0819010159340198,6137269,0.4223835198215697,31.56623742787377,0.1044636567895935,False,0.0826539999999999,0.0357681067357775,0.1042843301593919,0.1030837103639487,0.0307930788454303,0.0305062781911928,-0.6943716403938263,-0.7268943238098406,-0.0210518289811216,-1.0274542206707746,-0.05520488846017761
900102,109,0.0895360600402225,7973295,0.3962572920828027,28.88296242959128,0.0810019580089413,False,0.083124,0.0357576597202859,0.1042645787021555,0.1030693732425927,0.030732668575203,0.0304479171763118,-0.4444741860011037,-0.4792463311766179,0.1793199020959651,-1.0238248179402707,-0.05381499593353073
900102,110,0.1199896970937172,20707104,0.5853323153773125,23.48490751962045,0.129742013141882,False,0.082483,0.0357261459381984,0.103628587681654,0.1024485642275564,0.0306437296580005,0.030362415351364,0.5777252126739222,0.5339137759881514,1.049838881546275,-1.0116432923914758,-0.053167125140037
900102,111,0.2710164944935943,2165051,0.9593848675989178,21.19441894641493,0.2417685437153744,False,0.172207,0.038773619331479,0.1799260257151408,0.1765960879410695,0.0361041506233288,0.035672434801065,2.646873056999905,2.5229916008492084,2.548369128217395,-2.585399311329052,-0.048070549118407906
900102,112,0.1444368924162737,15549727,0.7078436707555346,45.83621584453015,0.0509775748609209,True,0.145255,0.0378450326311158,0.1560521273469642,0.1534584240379068,0.0347748956632439,0.0343139714697239,-0.2629113225670498,-0.334012071327867,-0.0216173042232671,-2.075996421314277,-0.057233677080253245
900102,113,0.2706497520137951,20190339,1.3379065052249903,38.93408877311971,0.0393646422713899,True,0.217187,0.0402639086759269,0.2202986028517176,0.2159794495348003,0.0379474376225828,0.0377118418443089,1.4496852926117445,1.3268655887351155,1.327808297105531,-3.226517698157308,-0.01708243464846661
900102,114,0.2447385815390011,18757925,1.1898597658719865,143.78053906903736,0.0029229655093495,True,0.244388,0.0411544648257847,0.2412030932932387,0.2365898694195926,0.0385295894646383,0.0383862569138855,0.2122820189967739,0.0917603404263419,0.0085186756889001,-3.3788495543794537,0.022147409413074075
900102,115,0.2076177687802526,16798160,0.9856512902789688,158.93501165546587,0.0012194219863909,True,0.169768,0.0386700458928534,0.1746512551216036,0.1715277949288411,0.0355402879249049,0.0351053939947478,1.0280463981350236,0.9275815021056012,0.9787877905582624,-2.4334810142298346,-0.03467997714502801
900102,116,0.0633870354910014,17644148,0.1751252701571903,35.38660093716667,0.0583917587235553,False,0.053747,0.0348421519625981,0.0823273541492655,0.0815404666786133,0.0279377530834778,0.0277380762926683,-0.6544589104187524,-0.6779470990981491,0.2766773849488303,-0.6929098171932936,-0.047531445529874455
900102,117,0.1358493866245049,20124382,0.8009266646870629,22.203592861465687,0.223753669272655,False,0.087197,0.0359496579769822,0.1077343629992927,0.1064589603031128,0.03115151473063,0.0308496177296045,0.95269985446814,0.9025250896569648,1.3533476912535858,-1.0860079945366716,-0.055621922194203186
900102,118,0.1648726932676965,13284711,0.7599893888491343,187.883818495227,0.0029459376905636,True,0.149342,0.0379534387867645,0.1589016400079084,0.1562327433485817,0.0348526935665171,0.0343938359239233,0.2512063480859082,0.1713225765002121,0.4092038498791447,-2.129123947265901,-0.053009248799584026
900102,119,0.1217233156216967,17446253,0.2578613379095765,23.71861565938409,0.1551763506326051,False,0.145391,0.0378751057394423,0.15490171759102,0.1523591491329543,0.0346009587034171,0.0341455116748255,-0.8972140702710407,-0.958886782696188,-0.6248876119613386,-2.0322931808927116,-0.05132575571720711
900102,120,0.1473800202055011,8635362,0.6701687060250126,73.65100866643479,0.0094789811408176,True,0.1441079999999999,0.0377664363103342,0.1555564234046015,0.1529749652947367,0.0347666047178915,0.0343051530339046,-0.1630934304157184,-0.2351798015781709,0.0866383097047959,-2.0721556665459455,-0.059847955804909155
900102,121,0.043218852948491,814267,0.1830908739202449,218.3432081256031,0.0011506755254398,True,0.0462782784172253,0.0150221801359076,0.0544168574450683,0.054274454308977,0.0137282482083764,0.0137135761451446,-0.8061793104492535,-0.8156907077004025,-0.2036605500037466,-0.6572501554329363,-0.012418490805156085
900102,122,0.1064813105993826,9970808,0.5304481089511568,30.85059009204141,0.0700466398370357,False,0.126864,0.0371912169713301,0.138553291154692,0.1365134578068175,0.0334659910509872,0.0330489319225284,-0.9087176335330512,-0.9583454590197568,-0.5480511545596903,-1.6689736373656,-0.05202396383075747
900102,123,0.08540330733298,16490860,0.4729474811002413,24.309782441358,0.1347514250641803,False,0.0652399999999999,0.0352093520410637,0.0903560156968017,0.0894338362571804,0.029052801865483,0.0288253320703343,-0.1398259320782818,-0.1704726582569632,0.5726690826194187,-0.8029075202762803,-0.04896998509904907
900102,124,0.2598376447018094,12465667,1.3366842686494544,27.33754276830437,0.0650373432232067,True,0.21541,0.0401224394299899,0.2166569802868686,0.2124569014180821,0.037569034178544,0.037322232877588,1.269504518637183,1.1493684987941892,1.1073016828732891,-3.1539231629197695,-0.007922314402976107
900102,125,0.1029156297040422,11192048,0.4831163133227079,64.04086441036453,0.0224714166447333,True,0.150632,0.0379779163210566,0.1609095463049935,0.1581675757209684,0.0350383989088941,0.0345763080802264,-1.597971243451635,-1.6551531578753231,-1.2564241253410149,-2.185628568426378,-0.05684080621672268
900102,126,0.2540340475622463,16717967,1.2099864600935373,60.904080680169,0.0404133005058656,True,0.301719,0.0430356962498786,0.2784684871508298,0.2735803205382017,0.0390785360602482,0.0390117199063914,-0.5010359200480439,-0.6252649677283822,-1.108032554205237,-3.4370391950214394,0.1302445217363145
900102,127,0.1599792221100338,4441843,0.7869842964703624,48.12419494250376,0.0474011457251931,True,0.124388,0.0371623450560106,0.137757507721682,0.1357192497340935,0.0335810312358498,0.0331595494017325,0.7316134511367252,0.6617341269921666,0.9577227178852996,-1.6672641374100887,-0.05764905352448108
900102,128,0.2643669675811373,2357852,1.4105245354133882,20.752928518149,0.1976670369454427,False,0.2685349999999999,0.0419581744299392,0.2627584485872688,0.2578484756202513,0.0393633938475757,0.0392678191642977,0.1660008653297596,0.0408633208837899,-0.0993377923489565,-3.5329116986032276,0.040584087279540514
900102,129,0.2092406324398222,15172688,1.0132456991390069,43.249488849280425,0.0354536460016441,True,0.241956,0.0410399060007153,0.2417281054786393,0.237068831975195,0.0387153229416325,0.0385689546980385,-0.721518116144022,-0.8391373381489149,-0.7971599047913903,-3.426219021246572,0.006269580844115911
900102,130,0.2266504321909298,10297928,1.199970232218181,21.567956097556056,0.1668463106533977,False,0.194627,0.0394292723252963,0.1989536395093943,0.1951344557198525,0.0368604959009215,0.0365179772668321,0.8630263456487247,0.751395009876767,0.8121740600925272,-2.917001730906627,-0.02874371072293662
900102,131,0.1192853172418411,4642397,0.604684212711462,24.961467849477465,0.158786951061636,False,0.125529,0.0372110790439582,0.1394773066133088,0.1373782003291512,0.0337846286541386,0.0333543043878395,-0.5424452231690529,-0.597667938818507,-0.1677909622234579,-1.713675728323983,-0.06105575481663125
900102,132,0.2124119735209916,10803527,1.010473726698007,44.34587595259183,0.055776826198285,True,0.182688,0.0390352688455336,0.1892662883569702,0.1856833399056462,0.0364943218187063,0.0361013764380446,0.7403771338529321,0.6342270252068984,0.7614645524439011,-2.7654886870643858,-0.04205657229611722
900102,133,0.298873383590204,8123133,1.2422352980189548,22.55049760452549,0.2145416746321462,False,0.221592,0.0403328919002311,0.2220136593299037,0.2177123794770592,0.0377851608740236,0.0375649411947489,2.160551874482636,2.0341245738387035,1.9160883326038207,-3.2149317218034654,-0.0019352271549894732
900102,134,0.1307009484999911,3021907,0.6188370703699663,35.12536791768465,0.0470269732888785,True,0.16188,0.0384022228242865,0.1702051471479838,0.1671792604159146,0.0355292017839246,0.0350760481869315,-1.0399778139635008,-1.1118797120251258,-0.8119074680304839,-2.3778455958531195,-0.050179685846453645
900102,135,0.1707435355584977,2071157,0.7978907881741519,36.11194909791417,0.0747206249233918,True,0.155114,0.0382089991780324,0.1644286687895831,0.1615745206472849,0.0352549818126807,0.0347935367861893,0.2635263832923207,0.1791198419124745,0.4090537803849,-2.2560103247021415,-0.053481245307957476
900102,136,0.1822178787940044,10257320,0.8470571002307762,86.60474356259388,0.0133614906895076,True,0.170791,0.0386410691610102,0.1787704138831222,0.1754839265952074,0.0359908900966518,0.0355573792090447,0.1893826921047117,0.0957871534053235,0.2957184943923445,-2.5658691507570075,-0.049381785181722
900102,137,0.2130573287549207,5138100,1.0173301863234177,57.09279404541642,0.0198204830030476,True,0.180956,0.0390268335583188,0.1876888171201921,0.1841428357915457,0.0364540411179513,0.0360530206369374,0.8019991793350918,0.6959039617211659,0.8225450498552709,-2.735493162947691,-0.042932573794217194
900102,138,0.1173799260539075,1619438,0.5180073385870084,58.51975449692943,0.0140295555964007,True,0.11284,0.0037519802955797,0.1130029315712099,0.1129868297454049,0.0037447321074608,0.0037443263990789,1.1732674559523413,1.1688404823343546,1.2100079681271518,-1.4561403762463936,-0.0006346330281286108
900102,139,0.1106171011502345,13421898,0.5656224570284444,23.01259692290046,0.2175697561058737,False,0.089995,0.0360073202067211,0.1097957301464014,0.1084775372948519,0.0313212389738496,0.031011565420159,0.0689924493134977,0.0262240904492576,0.5727196867703914,-1.1208056293230695,-0.05557659340832587
900102,140,0.1013288286169742,593614,0.4616611345203543,75.67811681288687,0.0155022116861143,True,0.084911,0.0358091446563913,0.1057593822018203,0.1045316105504107,0.0308975932989747,0.030606143464353,-0.1046450669999235,-0.143394779715518,0.4584814514424296,-1.0514433854892609,-0.05457380926215306
900102,141,0.0508814704695129,2453662,0.1964246308481668,64.64036122792551,0.0226286332428253,False,0.115473,0.0368965329093066,0.1302922553914829,0.1284616460766446,0.0330649825741976,0.0326689697865359,-2.374735907316713,-2.401658151301689,-1.7506124407205443,-1.5100890600539079,-0.057661334449479566
900102,142,0.1289640054874759,5198253,0.5836220660425181,47.62206280017095,0.0319082081611722,True,0.096747,0.0362444866395741,0.1149840777359637,0.1135473800690021,0.0317922126205583,0.0314604004800054,0.4900327136099802,0.4397280528525419,0.8888801711513077,-1.2110755015732628,-0.0558320031077983
900102,143,0.2787456498961694,15425709,1.3729195813749238,132.27776087512888,0.0016041194479225,True,0.247936,0.0412346614919502,0.243567837639237,0.2389400190181638,0.0385349786869615,0.0384007036264844,1.0365859767879924,0.912880023697404,0.747178436330417,-3.386967304310391,0.02910902041013261
900102,144,0.1586039198759843,3479214,0.6419673632816001,34.03368605267425,0.0757314360608373,False,0.125406,0.0372077728969507,0.1385308214953597,0.1364704509291728,0.0336323534079263,0.0332085177471547,0.6664997551330883,0.5968389466285094,0.8922307703803735,-1.6821389379393525,-0.05725801798070278
900102,145,0.0636330946788415,1023942,0.2128434608006889,22.01083768057992,0.1500590650993944,False,0.07417,0.0151066062919097,0.0718262845729842,0.0716653904249151,0.0136251315350664,0.0136146936236078,-0.5899725670025866,-0.6013292328999723,-0.69750313985488,-0.7583688339527758,0.002050092807066694
900102,146,0.1178582524856217,9699383,0.5266871998508764,385.538769323715,0.0006791935789168,True,0.092765,0.0360703732637603,0.1119935094134952,0.1106266648877589,0.0315171444187839,0.0311984082126344,0.2317934796088148,0.1860810419306631,0.6956748770557568,-1.1598147925335165,-0.056078229423554074
900102,147,0.0912651318520695,4344392,0.4007321809952616,41.03172461686228,0.0122260154610608,True,0.104244,0.0365029886481711,0.1214464899000831,0.1198457741320007,0.0324022809881952,0.0320407477363683,-0.8920092163607781,-0.93145782110245,-0.3555563154848906,-1.3384943911401819,-0.058402164612647856
900102,148,0.0588784103696219,12508111,0.2651439832200507,63.83430935653512,0.0129715358099802,True,0.039088762326295,0.034294926450931,0.0721665907103125,0.0715394833478489,0.0261831699818362,0.0260163448214545,-0.486658408977807,-0.5075084624936131,0.5770430233067223,-0.5622777366853287,-0.043921708724951394
900102,149,0.168326428309134,13663805,0.7798700429161669,339.7987207144713,0.0009587981145779,True,0.103679,0.036444715408774,0.1197969541597779,0.1182540486640509,0.0321073983588765,0.0317587968197887,1.576645989746161,1.5114732625460254,1.7738491735778583,-1.2933368381682293,-0.05347748734474717
900102,150,0.4116828030824435,557388,2.077427378700719,21.24114113538552,0.234096838878787,False,0.42881,0.0472483322609922,0.4065752032816515,0.399121896254652,0.044425855170502,0.0439917033375121,0.285528994670243,0.1149690823325637,-0.362493152624915,-4.789424876070742,0.1579808556922783
900102,151,0.2877637093406697,5269650,1.37915807863358,31.482858202233103,0.0593016006796131,True,0.230408,0.0406658100743003,0.2306389520764259,0.2261658120989903,0.0382274340074003,0.038042745499735,1.619175914685452,1.494339307555541,1.410416003907837,-3.316113826861611,0.0011883869208807035
900102,152,0.2262366146020816,15086210,1.090523761119024,31.493694897190693,0.0551361071076567,True,0.176735,0.038877068912323,0.1839089274786614,0.180470742804455,0.0362619707794505,0.035845839376993,1.2767415296459896,1.1672748671290378,1.2732856665125518,-2.6654570336225447,-0.04532746190888311
900102,153,0.2047704429431059,2572352,0.9697367340819651,240.17064418255305,0.0010504956534154,True,0.195047,0.0395195924219473,0.1999261593631723,0.1960618552849351,0.0370138541084052,0.0366727481484518,0.2374675500979158,0.1308775780480927,0.2460410734829836,-2.9392575555289024,-0.03144634914867893
900102,154,0.1499348636360599,10188559,0.6782595592622896,89.4837444172793,0.0103868043006114,True,0.117005,0.0368804825038975,0.1312084150745223,0.129361933857857,0.0330537173577852,0.0326573960879401,0.6299623436848382,0.5665459155118869,0.8928804993963921,-1.5264818603184684,-0.05615253335071154
900102,155,0.2180470061563379,13757049,1.0464980201567973,175.34537635840928,0.0048825087549053,True,0.130721,0.0373376551370642,0.1420620255102997,0.1399154465062305,0.0337387160192442,0.0333099239616497,2.34559405599549,2.2521598214554723,2.338818702882374,-1.7475886912683098,-0.05275133766791282
900102,156,0.14553514776947,8330863,0.6565534025601438,46.29626602503123,0.0264207451363507,True,0.186223,0.0391610063110135,0.1919556216016214,0.1883063944303871,0.0365881649361801,0.0362089046838041,-1.1812355837443542,-1.268729216486303,-1.0389889347426475,-2.8074530202344286,-0.037383453949816965
900102,157,0.1904920557863712,4858068,0.9147535132463116,80.96965286655515,0.0137444957322267,True,0.185068,0.0391572137562413,0.1910197766485327,0.1873891113103692,0.0365789313779657,0.0361941080881839,0.0857306517525434,-0.0144269075744344,0.1385199626341303,-2.790451404281581,-0.03864802884776091
900102,158,0.1008878840551446,3892881,0.4101235092282226,48.41364041814112,0.0320242173876708,True,0.090865,0.036073209470614,0.1109260686770981,0.1095757062482178,0.0315008384829218,0.0311837172939218,-0.2786012363819952,-0.3186640453204349,0.2778484144392377,-1.1446990961433694,-0.05748868820390239
900102,159,0.1659287179525615,2768835,0.7050805681372131,23.890593366945776,0.1432275921434993,False,0.134149,0.0375129204227104,0.1467280163811299,0.1444130506954034,0.0342588224222618,0.0338096275877817,0.6363769373470864,0.5604600571137763,0.8471672584926768,-1.8715304073994652,-0.06021789930009996
900102,160,0.0640129855139655,10912334,0.1837279309104923,20.240255839717925,0.1459521583085402,False,0.080125,0.0356489457095957,0.101765374786417,0.1006242769205808,0.0304374372656487,0.0301641587353793,-1.2137348741529537,-1.240327460651831,-0.4519632815311448,-0.9810685936990492,-0.05258465701407144
900102,161,0.2306685120110208,12903847,1.2011951349566354,31.674063341650346,0.0783526769915833,True,0.170539,0.0386473398801906,0.1766307501126598,0.1734348016688859,0.0357227494734664,0.0352894412711603,1.6218366820363372,1.5126988458292705,1.55585124868688,-2.494110387933899,-0.04023688332037075
900102,162,0.182643474112508,8177513,0.905644223464629,39.90018420555952,0.0456949325173196,True,0.183774,0.0390925871833492,0.1895779875579741,0.1859938633358225,0.0364694606499749,0.0360795289298251,-0.0928612241537595,-0.1901457636574859,-0.0289191882386724,-2.7606066166308763,-0.03810126300778265
900102,163,0.2112019898844741,14473954,1.0085581873175389,30.125782986915087,0.0876642801377659,True,0.257131,0.0415323565971461,0.2545858917000668,0.2497594985570641,0.0391505165554627,0.0390382985698119,-0.9876841482637352,-1.1081310192710412,-1.1058609209447532,-3.510239440512089,0.021505665130150068
900102,164,0.2857891304667446,16161364,1.4142806542751285,24.66988924044667,0.12325146125265,True,0.3065739999999999,0.0431880110719536,0.2981814259735066,0.2928198094236411,0.0407252804306736,0.0406448388830043,-0.1729783940621412,-0.3042899981464174,-0.481264800516666,-3.7586147372743324,0.060057497537436895
900102,165,0.2201858137305767,18029349,0.9824056367859751,56.28121623558471,0.0358510925701546,True,0.215436,0.0401958479232304,0.2179316118863365,0.2136733854813385,0.0377785575527995,0.0375334179888648,0.1735101303902081,0.0596688171878888,0.1181667753258574,-3.186296005407256,-0.014310994635519053
900102,166,0.2623025821918579,15267522,1.121979738102692,28.60238651320207,0.1382416294321464,False,0.26427,0.0417761471966806,0.2599135515662739,0.2550328831368377,0.0392863626172174,0.0391854370026642,0.1855204282786471,0.0608106850934828,-0.0470942856190052,-3.5303067488600224,0.03244029538320571
900102,167,0.1622700092261508,7315106,0.7475866183240608,257.3198853700213,0.0009819254871867,True,0.1116819999999999,0.036721336919484,0.127190452795538,0.1254464603983772,0.0328047822228386,0.0324218075345082,1.1357648332401071,1.0693427620498102,1.3776189395574368,-1.4482430112056064,-0.05763319605913147
900102,168,0.0893267075387061,1793613,0.3796062645747143,50.80729718236565,0.0367412079401589,True,0.090984,0.0360656291575793,0.1102699691518964,0.1089432827366778,0.0313434473986804,0.031032498654756,-0.6321300587558492,-0.668186282982774,-0.0459521294929527,-1.1247483322808025,-0.05448771238761855
900102,169,0.2910482804569016,13289917,1.453992572885011,35.88837174870247,0.0778980535726689,True,0.234474,0.0407595332073486,0.2330523914801238,0.2285671510865754,0.0382006820009832,0.0380288872222705,1.6429912609626884,1.5181898840257606,1.3880011865960666,-3.319543309659402,0.010874565139401013
900102,170,0.0701285453616172,864257,0.3170192528385513,41.397674963201325,0.0415577660014852,False,0.0356990007118316,0.0341997788625576,0.0707628746198962,0.0701507448077968,0.026028658515715,0.0258633860161386,-0.0008583348740879,-0.0243704168578672,1.006718341313006,-0.5512581390477951,-0.04581248397461177
900102,171,0.1293317635951636,12276048,0.7395267324190766,21.85397516326635,0.2189935999273129,False,0.0358450492347976,0.0341877077589039,0.0711238379053496,0.0705048429312675,0.0261284489461761,0.0259615100013791,2.26592831698815,2.227760469430103,2.7345125043084577,-0.5582571267046079,-0.04681440036448654
900102,172,0.084125427546042,6303035,0.357275157555312,23.49653597426688,0.1554584174208521,False,0.0466467506521231,0.0345350103077868,0.0780898457422421,0.0773668679718028,0.027329833175718,0.0271425253410534,0.2490026071382815,0.2208422482857429,1.0852371712038662,-0.6443172417909896,-0.04854763810854046
900102,173,0.1906830697179084,2501663,0.8748010526632817,50.25479168547841,0.0318241805866184,True,0.145522,0.0378785124318043,0.1568508725346172,0.1542217076102037,0.0348937881150436,0.0344293748736186,1.0590189987923089,0.969576506619104,1.1922609104361073,-2.1011000371593007,-0.059889711977429774
900102,174,0.1977636904183577,13841956,0.8559281877569442,24.185594549286662,0.1404489662475092,False,0.243157,0.0410528906793852,0.2400975709184643,0.2355127017842944,0.0384349664636303,0.0382891051148653,-0.98589432301151,-1.1014418482754686,-1.1057274854566248,-3.3714188387554604,0.02125456095024729
900102,175,0.2044498539863784,11253594,0.956792848961454,30.30051126350057,0.096061893041843,False,0.188416,0.039226807195156,0.1923824630749158,0.1887469329117294,0.0364739837080163,0.0361018592590065,0.4349615614528621,0.3308492707587173,0.4087473626545467,-2.7940371230828895,-0.028351019849750525
900102,176,0.1361426658713056,5700469,0.6071615189866717,72.29843219803796,0.0202865271012487,True,0.174521,0.0388056734144761,0.1804460131895113,0.1771302980271247,0.0359611271441124,0.0355376983557536,-1.1533564088903112,-1.2319788292692335,-0.9889877111210682,-2.5753433079639376,-0.03930584654698151
900102,177,0.2554299595889781,5071957,1.1797141409499012,28.6151528864938,0.1265627965200094,False,0.2228409999999999,0.0404140935121226,0.2230167326261759,0.2186917758051173,0.0378506143966246,0.037634601968699,0.9761810106140124,0.8563461248780302,0.8063761118185861,-3.222800038206601,-0.0003742267348662894
900102,178,0.2433379097185573,18639794,1.2307866953526023,23.44459410590892,0.1995746521783956,False,0.215389,0.0401852574607928,0.2167570298154255,0.2125422240371773,0.0376338024998469,0.037385866766691,0.8237253364637094,0.7063033267297351,0.695501571585698,-3.1550564515590085,-0.008550080060202657
900102,179,0.1384141242814426,2869533,0.6833791498072009,26.72016436467036,0.1325485315483317,False,0.152698,0.0381176121419283,0.1613187576554597,0.158576832804541,0.0349788907523619,0.0345204448026701,-0.5840802063343881,-0.6548130281252722,-0.3747316506965962,-2.1735321993895744,-0.04961909671770651
900102,180,0.0706959749072548,10755881,0.3036912668086497,23.495940643606875,0.2014435358443516,False,0.057,0.0348841725724746,0.0851104352294364,0.0842746317849537,0.0283956234132277,0.0281853917803457,-0.4817622186528402,-0.5076296481473563,0.3926128641520831,-0.736327918109625,-0.050045477795957395
900102,181,0.2690394145109069,14569978,1.3213564593965317,410.73417578029085,0.0003300451996152,True,0.305057,0.0431219674874151,0.2989850370742647,0.2935826571430847,0.0408713044413583,0.0407883614236589,-0.6017217111825861,-0.7326808618580652,-0.835249122146494,-3.7944499360100163,0.04722046401174349
900102,182,0.210895865302759,6988244,1.0553480080106368,27.791213172894498,0.1583511209962067,False,0.177101,0.0388887848098219,0.1838981575914214,0.1804655627536836,0.0362317866498424,0.0358167732440821,0.8496103862204623,0.745138736111842,0.8690131478272274,-2.660414787633878,-0.04343871478782961
900102,183,0.1045894421057613,10882370,0.5697825982146985,30.12105975896595,0.1184843681677401,False,0.121517,0.0370179873527973,0.1353534824023282,0.1333875109451142,0.033384416017986,0.0329720100417574,-0.8734095617125424,-0.9215090142655964,-0.4572792608337082,-1.6185224773756186,-0.05773280669745096
900102,184,0.243268219278412,3210486,1.280067838963819,35.488926636348005,0.1444843985681139,False,0.166045,0.0385619700413295,0.1746375573663819,0.1714630964138012,0.0358457613037408,0.0353984163012615,2.0284840500633305,1.914610247233549,2.0025745364058576,-2.4816890566469763,-0.052004487507698094
900102,185,0.0834193563836297,12545165,0.3473212984174654,40.539014095732085,0.0382409077746645,False,0.06863,0.0352757530772226,0.0932567961622414,0.0922794077874377,0.0294619607014195,0.0292224686571747,-0.3031931185469071,-0.3339030921366251,0.419249912291146,-0.8502052505514245,-0.05118241015244568
900102,186,0.0670129290407117,1070571,0.3881035902798486,33.63605380640029,0.1024327515512089,False,0.071279,0.0151060352392062,0.076574772605101,0.0763873103866373,0.0144346305970767,0.0144214875244646,-0.6500287387152615,-0.6624238493727522,-0.2824083812684442,-0.8866099590888875,-0.010825500973041522
900102,187,0.2465198006499568,19186135,1.21436641673781,22.55393456711826,0.1832617465020038,False,0.228678,0.0406186244839379,0.2255963657954591,0.2212657199782739,0.0377692506212559,0.0375710384085363,0.6721688231524898,0.5539806723812076,0.439251719540924,-3.2112489820528376,0.017361751528573426
900102,188,0.0539259054055318,7807796,0.2686413076344449,27.31364450630359,0.0901994073103072,False,0.102241,0.036393659368046,0.1194050995624366,0.1178629742870266,0.0321605259524752,0.0318103431920547,-2.0099459001581703,-2.036011297006328,-1.3275690170604098,-1.2953100707862488,-0.056497350164175925
900102,189,0.1199855066585064,12990845,0.5132757640006909,26.63541930376562,0.0870119064740475,False,0.146144,0.0378575915427808,0.1562770048019738,0.1536859385177731,0.0347230155308144,0.0342645901666972,-0.9835352384287704,-1.045171267203479,-0.6909708799603196,-2.0741585996075096,-0.054503364498172197
900102,190,0.1889226928680418,14081550,0.847139233537416,23.87569385392448,0.1555183753165268,False,0.1350569999999999,0.0374838340484223,0.1459067009269543,0.1436438349271331,0.0340051035919914,0.0335660139707578,1.3489495053048275,1.264986351966835,1.4370379721150517,-1.833961079301703,-0.052862702402382146
900102,191,0.1771185664506536,13205449,0.484502409104344,21.19193204309146,0.2859553510777889,False,0.117568,0.0369004045304981,0.131574429634081,0.1297191162327158,0.0330702164071285,0.0326729569853973,1.4507242255153767,1.377195003984162,1.6138187970659017,-1.5328244793977917,-0.05568808508405942
900102,192,0.185057366163577,11185915,0.8569931689721719,168.38847835559497,0.0041284192578395,True,0.16009,0.0382890164880795,0.1682348787545296,0.1652814736186622,0.0353484200903131,0.0348952211321839,0.5667220869586458,0.4759049305758749,0.6520764556945476,-2.33128099638955,-0.04902067398719488
900102,193,0.0472643963220815,874670,0.2044562527135216,128.0257586852264,0.003578445942813,True,0.044040513251943,0.0345233592007034,0.0762319220940409,0.0755374039161507,0.0270234486562452,0.0268415973448933,-1.0533280575959545,-1.071940378167273,0.093382658720905,-0.6182790430472724,-0.04748101474109506
900102,194,0.1212939828720121,12270881,0.5452379264688382,235.85577567934249,0.0014316570944745,True,0.105253,0.0364968815023262,0.1219635011630908,0.1203556647454309,0.0323882412118959,0.032026691619311,0.0292980036069465,-0.0206716470554386,0.4395165343370417,-1.3457488015401957,-0.05723052630046056
900102,195,0.0942518784367806,1459665,0.8872045676833193,23.15124511990477,0.2308524340536605,False,0.051839,0.0347411200700605,0.0814480586736281,0.0806726050548524,0.027849503846343,0.0276516366725827,0.4910838928891421,0.4597503723512023,1.2208264543932057,-0.6863514111853091,-0.04878947154088741
900102,196,0.0451660957056093,10108848,0.1924433218988891,32.63280106586371,0.0519830685908604,False,0.0640029999999999,0.0351233575659071,0.0897736983195986,0.0888601995969882,0.0289998016372927,0.028773901286911,-1.518532487329238,-1.5382037150428467,-0.5363070503451771,-0.7986404244656592,-0.04995567724221631
900102,197,0.1706286774047163,17144618,0.7724668204843527,22.132057012060425,0.2244180231251331,False,0.1938339999999999,0.0394649598814755,0.197831959821582,0.1940379336678041,0.0368238219369184,0.0364752937509605,-0.6417838996148273,-0.7387414175385351,-0.5879981296060046,-2.890505098479909,-0.027282125003258533
900102,198,0.2129605397426208,13619038,1.1822083820220293,34.20521768923424,0.089024020116846,True,0.203505,0.0397422211967927,0.2065674947481463,0.20257036669877,0.0371891966726756,0.0368875733801215,0.2816713622439026,0.1719059717999139,0.2379217733150732,-3.0274328302503317,-0.02028766746362476
900102,199,0.1593190788364852,12998964,0.5212066877334798,24.49329189353801,0.1577737179834772,False,0.099496,0.0363064393031068,0.1176292208920312,0.1161253656670956,0.0320610402139204,0.0317165244903748,1.361867791740474,1.300327677027547,1.647726408449149,-1.266946993247209,-0.05798454349555511
900103,0,0.1573776464140677,1078496,0.7500448623356636,86.5913918708544,0.013162713878042,True,0.136473,0.0375727399325537,0.1485806094252099,0.146212983446563,0.0343490486088709,0.0338971533308954,0.3293687484172504,0.2561071512934378,0.5563780137299897,-1.9121017513740404,-0.05922047295087818
900103,1,0.2351724188395176,15295832,1.1867940348829067,24.558947742151418,0.1425205590604811,False,0.203319,0.0397604821927089,0.2060913710758862,0.202106154199638,0.0371627661467095,0.0368589316377845,0.8971031760991915,0.782531839767429,0.8011326091351761,-3.015145796443338,-0.01888446232285522
900103,2,0.1847298722412571,19774325,0.86357087402821,309.9688163411626,0.0007285133087681,True,0.235958,0.0408820020156246,0.2343373711328928,0.2298183891406884,0.0383097802777522,0.0381416720870848,-1.1821326762100397,-1.294904291592724,-1.2530728739547576,-3.3286595993893746,0.012219932685879703
900103,3,0.1031257199197849,1318922,0.5125317113389534,25.818443999513345,0.0639328985414364,False,0.095998,0.0361931889922634,0.114358484219413,0.1129382213128849,0.0317187516723706,0.0313902928725167,-0.3125966818134157,-0.3541363927450128,0.196935393598738,-1.199983523382485,-0.055664683845881344
900103,4,0.1085738949574538,1636940,0.4841442394368118,88.62281577882493,0.0105611280231564,True,0.104309,0.0151126499105,0.1076667254281532,0.1074033225388713,0.0147591666840191,0.0147346231916216,0.0794436615961824,0.0614648203873754,0.2822069579267253,-1.3043204495676655,-0.011311962855862855
900103,5,0.127794536384446,5551953,0.4586972778276955,21.42896629223399,0.2366149986668057,False,0.0627009999999999,0.0351120621939223,0.0889063755166162,0.0880067403180967,0.0289040926081526,0.0286807404138856,1.3872653039001126,1.3454205740006857,1.8538796162110187,-0.7862031706039009,-0.04994415962438372
900103,6,0.0543867498544781,16840820,0.2635209180281251,20.10652939158469,0.1421701907943289,False,0.0143211690079722,0.0334972706629593,0.0578812366646314,0.0574463261975946,0.0232637110759008,0.0231330951101163,-0.1322597053508223,-0.1502119244325278,1.1960849362813823,-0.40215505774663235,-0.040675660847867175
900103,7,0.0716821696802969,13155154,0.8355718784578314,20.96645721612084,0.3443646205603109,False,0.092015,0.0360579259051012,0.1112336130537127,0.1098853913488351,0.031432287989476,0.0311173086839769,-1.2277161259839282,-1.2583062164185517,-0.5638935077191048,-1.144259450925256,-0.05528152498713517
900103,8,0.0879810033215259,16085515,0.2501911484045913,26.466301864976085,0.1043294125978599,False,0.089146,0.0360009567686821,0.1088774138038467,0.1075814749734622,0.0312125167530089,0.0309074675451816,-0.6341662131743288,-0.6694881623189305,-0.0323601588135443,-1.1015407060340359,-0.054414582872833746
900103,9,0.2403583259258642,19229568,1.2543643443695798,27.002518607579844,0.1106635233393655,True,0.244495,0.0411591678451191,0.2423588677998098,0.2377106983410008,0.0386517138181335,0.0385098611728296,0.0687519379252244,-0.0517581673961143,-0.1005043175241537,-3.404246380050249,0.01678837216023235
900103,10,0.1163753457865208,12850201,0.4513717798992176,28.828970286793183,0.1229014180908971,False,0.217164,0.0402099755100645,0.2185224032503505,0.2142757321491548,0.0376944637019622,0.0374556409297071,-2.6137688191309616,-2.7098689683310804,-2.5065584580684943,-3.180397466229605,-0.007986517241271236
900103,11,0.2049988814328775,10476736,0.7321255274102656,20.392314221587263,0.1906506692685475,False,0.164297,0.0384293919334063,0.1722700101429096,0.1691886671998266,0.0355930444401609,0.0351453851086978,1.0189165411702497,0.9195299757229712,1.059134151885858,-2.422826498113042,-0.0488116531769384
900103,12,0.1454839594444687,8126285,0.7233015989819861,26.10442115142823,0.1172268927225557,False,0.103154,0.0364177056480896,0.120857647557357,0.1192711304102293,0.032359925036202,0.0320006869974214,0.819133321617487,0.7610126370676501,1.1623455868832104,-1.331958475795346,-0.05962327799803592
900103,13,0.1877950033881909,10368755,0.8786589440239555,285.768509871934,0.0012530556518322,True,0.268206,0.0418667633551105,0.2635091246482165,0.2585892876862143,0.0393930566396596,0.0392979195468577,-1.801476645948402,-1.9220169166512229,-1.920640387931819,-3.5547340727716854,0.034905936597516014
900103,14,0.1862096275432557,9418389,0.8708413039709714,536.3839644445267,0.0003380792391414,True,0.141789,0.0376857438392979,0.1527746398587139,0.1502902900528533,0.0345233815542462,0.0340680982078347,1.0543393784787758,0.9684737177905284,1.178711709464384,-1.9987535652952393,-0.05661748498315783
900103,15,0.155376919005909,11308373,0.7732138368655614,26.439768804326583,0.1557006044950426,False,0.158095,0.038264080092205,0.1687829876468744,0.1657734187874898,0.0356211258755874,0.0351589539712334,-0.2956999172980821,-0.3763516259364816,-0.071034792618593,-2.3756226565074168,-0.06103783227259981
900103,16,0.0767268236603114,4272807,0.6736392245515823,23.90206858845601,0.1960999368264174,False,0.054923,0.0348818004863202,0.0837345386608408,0.0829196986079856,0.0282257687968226,0.0280192966239433,-0.2210217847646544,-0.2482736626581558,0.6250773571410781,-0.7169431930352143,-0.0498334737782452
900103,17,0.1638861681504795,19846546,0.7625680109017616,55.11157810497004,0.0221485775081403,True,0.122527,0.0371294302476075,0.1351424502321029,0.1331903964733614,0.0333050565161051,0.032896074530507,0.9331135132446132,0.8630436613874889,1.113918739788487,-1.5980838510953381,-0.05314159917062801
900103,18,0.1714893705240449,11402358,0.6233730290136947,20.087772988090418,0.2377327590298558,False,0.197323,0.0395326675749389,0.2013456587987356,0.1974662727386255,0.0369781387408496,0.0366478733874666,-0.7088242731013293,-0.8074037604739854,-0.6534754940830737,-2.9557462534945502,-0.026625652017576367
900103,19,0.2485857135888503,9173078,1.2076988634950088,317.03055070300803,0.0008079541936626,True,0.197866,0.039560078344941,0.2020846539946293,0.1981820293069673,0.0370394198353027,0.0367120857330446,1.3729452651750171,1.2554478391127537,1.2820933554934786,-2.971123968345294,-0.027480933260046057
900103,20,0.0991436660841718,1501437,0.5172205830491843,34.08786219625427,0.0729123485691827,False,0.052474,0.0347562542862097,0.0819674236030405,0.0811830140411699,0.0279380712286485,0.0277382698374157,0.6475044099100575,0.6147970037215091,1.3427703025722482,-0.6941354648109531,-0.04921571021410254
900103,21,0.2330850858228329,12180878,0.9913712953940624,21.581187842830666,0.1759760970191559,False,0.239063,0.0409015387964611,0.237795134049189,0.2332260552409828,0.0384282914815352,0.0382724388486176,-0.0036833142175106,-0.1225672036088132,-0.1461537720356944,-3.373226599959775,0.011156275680940232
900103,22,0.1284277179306559,1369847,0.6542724312542105,29.77771820152289,0.1035084501720333,False,0.129095,0.0372940736902226,0.1421370266791691,0.139967656727448,0.0339009866064693,0.0334654925232719,-0.344830986388957,-0.4043926186471823,-0.0178924425067304,-1.7681538995196386,-0.05938393955772745
900103,23,0.1051733850648498,20168248,0.4676492276711844,98.8664172379715,0.004462018495207,True,0.194545,0.0395083644504342,0.1987713583293672,0.1949460609321647,0.036907437193345,0.0365623363148339,-2.455332041538401,-2.536019306195408,-2.262093513065383,-2.9098055370325877,-0.02826776980490912
900103,24,0.1304716279405464,3246722,0.7563431179376343,22.81894866458904,0.1125628160592457,False,0.101748,0.0364387602656356,0.1191729037609604,0.1176311125263746,0.032193417220459,0.0318422246582804,0.4032543439402115,0.3509638042526755,0.7882712729838633,-1.2914473168128233,-0.057078026881238884
900103,25,0.1191615953619733,7230652,0.5339740235046887,1424.7236072062765,7.984272873243278e-05,True,0.17462,0.0388005882536529,0.1811642759420158,0.1778191415650404,0.036046125154516,0.0356231325387548,-1.6466139281617884,-1.7200928064878136,-1.4293186555697528,-2.5989385827560905,-0.042286705371884094
900103,26,0.3003954171707392,18709024,1.492717485840782,40.385855219638,0.0312942861686394,True,0.244553,0.041141994618533,0.2420762784148292,0.2374415280619058,0.0386008480542441,0.0384590601908106,1.636906590969567,1.51082532368088,1.3573094277151112,-3.3973296325704783,0.018567004442701034
900103,27,0.1231410482098714,924033,0.5593175862145655,74.79517255519544,0.0062888259816554,True,0.10601,0.0151129959154279,0.1092348988267039,0.1089661936813581,0.0147640950079009,0.0147384745800415,0.96175858984134,0.9418897247495104,1.1335309230371329,-1.3314515179140827,-0.011227492974825405
900103,28,0.1187840101789444,7955196,0.4391637175221036,23.974066851167205,0.1168350649404441,False,0.159326,0.0382817613086256,0.1682628785255548,0.165296077701618,0.0354278284032398,0.0349715351768672,-1.3299978764855656,-1.39661025178968,-1.059041915396947,-2.341584343177923,-0.052652373430387006
900103,29,0.2210046766122858,4322431,1.0509048878220988,82.88801510766642,0.0115289256604377,True,0.285001,0.0424870872750862,0.2796213316560935,0.2744706115991498,0.040114105842436,0.0400324612907781,-1.335564520964902,-1.4612479528784128,-1.5062534876388365,-3.665501529227609,0.04111703822762528
900103,30,0.0903995217897574,20798141,0.3105625653174211,41.43623337828606,0.0510600971386042,False,0.080458,0.0357028049772431,0.1023277081388455,0.1011703744589198,0.0305551472112812,0.0302775964415726,-0.3557367141063264,-0.3903822248542198,0.2784521215096153,-0.9923180213534274,-0.05375607459348443
900103,31,0.2067049463429885,7998727,0.9074330410316528,39.6500020333033,0.0593387826798418,True,0.229038,0.0405913895874138,0.2274344835699664,0.2230539142859942,0.037925998412649,0.0377329435705498,-0.4332810111259368,-0.5465785501922155,-0.5501918974445832,-3.2542671473205136,0.01021932374435546
900103,32,0.2354591037780125,12607045,1.152163487068612,22.63854829403091,0.2467935789321687,False,0.208275,0.0399158017050966,0.2118139757696864,0.207683348747581,0.0375074238917883,0.0372307169893459,0.7460440538488654,0.6304119439539217,0.6810361465079012,-3.116262431801382,-0.021638085810821515
900103,33,0.1038431920962971,7540466,0.2476577113699254,21.19193204309146,0.2859553510777889,False,0.087371,0.0359193113547427,0.1080245791377683,0.1067426964775389,0.0311814943828708,0.0308783630512663,-0.0939008449517821,-0.1340983530208312,0.458588750035213,-1.0936514115192375,-0.05631371565884359
900103,34,0.1680976514072572,2224487,0.6715270310814956,32.70490839345884,0.0678648477223157,False,0.117219,0.0369491129600135,0.1313605218584525,0.129505855550209,0.0330992164229504,0.0327009886405053,1.1801415633424028,1.109909342848726,1.37699249944967,-1.5278289229683144,-0.05598881364518623
900103,35,0.121828931870219,19837425,0.547959276422829,147.9905701953819,0.0028449415151354,True,0.102415,0.0364674798502308,0.1200473009453918,0.1184793695060539,0.0323092917119181,0.0319527941341332,0.1048284650820857,0.0551429892277704,0.5323628600043258,-1.3118915214810973,-0.05856164647029736
900103,36,0.2241066613327523,14617637,1.0726311702754174,994.9974612426676,9.384412490790375e-05,True,0.227985,0.0405624377746317,0.2294281093610301,0.2249637628551444,0.0382309886105493,0.0380395776953555,-0.0225318359014471,-0.13919200684257,-0.095614042942785,-3.3180286063979185,-0.005689241922044536
900103,37,0.1547897871549294,18148224,0.7130704732665866,69.50825315901089,0.0245302846107908,True,0.208744,0.0399790605466228,0.2114909372976322,0.2073714330173158,0.0374730697035672,0.0371956365264099,-1.4136509217970226,-1.5131173024051792,-1.349561798285637,-3.0996339428334894,-0.01747068902628992
900103,38,0.1528113346182443,9179177,0.6218025761185708,22.23689707018017,0.145601309051561,False,0.172126,0.0387127900948374,0.1765099418216802,0.1733389051175025,0.0355907179968551,0.0351622769059992,-0.5837952574611537,-0.6658648247987016,-0.4989220703142093,-2.470233390427022,-0.032277747893087586
900103,39,0.0387552683789879,913557,0.2032470010705554,23.001640624158,0.2139395082344226,False,0.073965,0.0151065657487388,0.0790353680572321,0.0788431789869358,0.0144740136504776,0.0144605169639897,-2.772232189746507,-2.782925362027343,-2.3307568514671613,-0.9124694601317344,-0.010713782746947764
900103,40,0.2310013653172112,5298326,1.1977406957962025,31.05372626423492,0.077342087896801,True,0.197471,0.0395661373036423,0.2009132123702612,0.1970489019680893,0.0369350082188923,0.0366034925956569,0.927574418216864,0.8146242385715735,0.8474510680658359,-2.939740478895429,-0.023699762453497534
900103,41,0.1284730441392183,769497,0.5788240456708499,385.538769323715,0.0006791935789168,True,0.128593,0.0041438709524821,0.1287628153918804,0.1287340317998031,0.0041361805642293,0.0041359544001475,-0.0631021610333869,-0.0700576892527785,-0.0289477790590581,-1.761641791985258,-0.0006985049954801371
900103,42,0.2546380456505663,11529751,1.2379692226413717,90.62126205632914,0.011084684842615,True,0.2254739999999999,0.0404580593715535,0.2270941699506269,0.2226753898458647,0.0381126944446496,0.0379118667258477,0.8430778688855735,0.7226955769275457,0.72084638026588,-3.2930359866234853,-0.007176084154691484
900103,43,0.2363965518548346,9190538,1.1375638774309018,221.1338187340414,0.0015050737656112,True,0.216325,0.0401493821771086,0.2175484706039811,0.2133301347979561,0.0376096411135068,0.037367210215531,0.6172903174690657,0.5011502554350216,0.4999218111574957,-3.166117676792267,-0.007538990692585434
900103,44,0.0559797949201517,17042790,0.2354311556834681,93.39711387004137,0.0127875848865335,True,0.051127,0.0347548425529772,0.0806249971891573,0.0798647521764931,0.0276885348849554,0.0274941202215515,-0.8687296434245986,-0.8900869031678743,0.1396293167708795,-0.6715210494203745,-0.047402274214151496
900103,45,0.1367024831650279,19159344,0.5580674711161032,31.272079658334928,0.0971969845227829,False,0.095336,0.0362324830806381,0.1145519174532397,0.1131157647388822,0.0318523013092687,0.0315187708372256,0.7483387771672935,0.6954149245518557,1.1416960596645749,-1.2105391819123192,-0.058497647105055735
900103,46,0.0533780582108076,13412151,0.238307510510844,53.67491329815188,0.0259948487242684,False,0.082116,0.0357303096501087,0.1031154211544774,0.1019478053610356,0.0305684392665519,0.0302899500768395,-1.6034937999903065,-1.6270821846666064,-0.8043015039782889,-1.0002150129881804,-0.0522007101293892
900103,47,0.1298381990333244,1974247,0.59403631841403,34.53578860385783,0.0718526624874492,False,0.095881,0.0362281345239079,0.1144628617860824,0.1130359286244392,0.0317714489216683,0.0314409407124268,0.5344073691231551,0.4839356645379774,0.9373156934402777,-1.2032578253844266,-0.056417985663878595
900103,48,0.1950811912942316,5158503,1.4487943557667204,20.688060009780283,0.2696607558983652,False,0.170837,0.038697301206136,0.1780350211237381,0.1747750884726648,0.035925757749591,0.0354913190631932,0.5721428044252531,0.4744832465137782,0.6265085816989054,-2.5380461123734466,-0.04552267828472873
900103,49,0.2526713481126287,3381599,1.3045228211244566,23.25368133369236,0.2027755385803711,False,0.231003,0.0407098041115292,0.228282032049116,0.2238920104786748,0.0379371937242276,0.0377488490685824,0.7623898037703684,0.642886667917587,0.5322636299910897,-3.248195104419654,0.01625467759928628
900103,50,0.2488314541660733,5909466,1.2367286724913298,36.04998260292323,0.0684710068087844,True,0.298548,0.0429015002231869,0.2909970748192759,0.2857280802898935,0.0404494898613633,0.04037140674387,-0.9139296620973602,-1.0424265126141554,-1.1588533169070032,-3.7187943182352576,0.05458586542154547
900103,51,0.1176591682398726,16692006,0.4880103929480649,54.89171773696903,0.0337897350467209,True,0.0390947293331999,0.0343144624511574,0.0723300085659552,0.0716991931410806,0.0262383012683715,0.0260703800687161,1.7629192584707576,1.7275950607579342,2.289543046710988,-0.5651214982891103,-0.04440521859919831
900103,52,0.1634249486424406,2531370,0.9403563243938168,20.73156886282857,0.1377654530140336,False,0.141035,0.0377399111379567,0.1521698269315512,0.1496957060143995,0.0345456471224068,0.0340888682273841,0.4027485610980814,0.3258043385613441,0.5932697764071317,-1.9841668249301203,-0.05695151161339948
900103,53,0.1769574805177569,7870849,0.8436410039884854,23.81279793836828,0.0626312823399824,True,0.156607,0.0381892501991903,0.1653705602509201,0.1625005021035066,0.0352225817791665,0.0347651224527434,0.4158471880518111,0.3289628324091261,0.5328850504163178,-2.272898570542671,-0.051226787014707044
900103,54,0.2971388376046249,17815241,1.4447760319465792,38.40647964408659,0.0382268336277659,True,0.275107,0.0421304085104416,0.2690860407297144,0.264098331553923,0.0395920767216014,0.0395043081102047,0.8363772872196407,0.708545729292468,0.5229438399384267,-3.5799983704217317,0.04299133339374449
900103,55,0.2052887182572551,17732437,1.038483142329906,25.414804825727725,0.153037331600465,False,0.238136,0.0409425083497096,0.2370356222795268,0.2324635954885406,0.0384626810851458,0.0383029196389305,-0.7094727369990195,-0.8253949835684321,-0.8022781961031922,-3.3653054272565304,0.010049889891999926
900103,56,0.1823421040260993,6307550,0.8506950970892709,218.3432081256031,0.0011506755254398,True,0.191121,0.0393478806222989,0.1958481361502071,0.1921014098012427,0.0367478650279103,0.0363885414727772,-0.2681972230858572,-0.3675324298119074,-0.2231097541992037,-2.8660356662250717,-0.03152966275918769
900103,57,0.2704864969783032,14538484,1.3337479989177896,56.85743895146796,0.0296694390868583,True,0.192548,0.039388449132995,0.1926447869031773,0.1890516367364831,0.0362212288253213,0.0358607952665739,2.2708604099955902,2.149063204081816,1.9787145392585537,-2.7456025455234787,-0.009355167934897985
900103,58,0.1567218309168614,11550537,0.8385283443631868,24.043081168995144,0.0713329034686567,True,0.156971,0.0381925766542507,0.1657624584751699,0.1628802366844875,0.0352444922515164,0.0347873266491444,-0.1770301532433973,-0.2565117832820979,-0.0065240186697607,-2.282602946567723,-0.05145018740458518
900103,59,0.2032504353031119,13213489,0.9597401877502896,51.55371246737515,0.0096446742294327,True,0.194149,0.0394342256668701,0.1977190701239698,0.1939402840619113,0.0367538746753194,0.0364069875051277,0.255724295779465,0.1504974707566391,0.2308004062257601,-2.8841546540985363,-0.02510610916452985
900103,60,0.1916297946300746,18752703,0.6761089356258194,24.178001809448485,0.196724866817105,False,0.167663,0.0385899706523179,0.1743264699553626,0.1711909635919416,0.0356533885270881,0.0352123384203937,0.5804451494847476,0.4853206213924247,0.6210627845770343,-2.4500340846054556,-0.042846528510289285
900103,61,0.2738162699811909,12212396,1.355277046661349,71.158808156538,0.0221032497656294,True,0.262632,0.0416849255936739,0.2568625425041505,0.2520552517434589,0.0390320063231487,0.0389285754710135,0.5589985755819739,0.4343544970934687,0.2683049045165683,-3.4878609176543147,0.03944868221428592
900103,62,0.1692927229802499,19361968,0.76538063375743,27.33754276830437,0.0650373432232067,True,0.179565,0.0389991516575054,0.1853311699392002,0.1818659198129058,0.0362576505926556,0.0358501148542997,-0.3507156639178225,-0.4423465584998238,-0.2633974479743128,-2.675784532087582,-0.038204259565323
900103,63,0.1297307811287811,1761863,0.5857639030570521,589.8166147157915,0.0002618160858438,True,0.106602,0.0366013618890989,0.1230840775383992,0.1214437593318673,0.0325154617904959,0.0321478396585782,0.2577784972466246,0.2044167059108067,0.6319103971830514,-1.3663291429971025,-0.05741586190382023
900103,64,0.2572639345356871,10435673,1.2864846520051378,22.03028238105241,0.2826309174420088,False,0.231883,0.0406599419518231,0.2320295948803701,0.2275422677670522,0.0382434831744879,0.0380651711865846,0.7808100119384109,0.6598337170331454,0.6242245639642151,-3.3313176647595713,0.0020255542571036966
900103,65,0.1871007632600765,8379906,0.9255010074162284,38.93953624261341,0.0731253324668708,True,0.176099,0.0388450561691306,0.1837952744105887,0.1803547630275183,0.036287600696556,0.0358697790547942,0.1880691883340873,0.0910914137622075,0.283221710690159,-2.670056586981775,-0.047971987750750275
900103,66,0.1371724330801919,17689123,0.5458177631274147,24.185594549286662,0.1404489662475092,False,0.11258,0.0367726471242814,0.1285788568356257,0.1267880687199038,0.0329947271755604,0.0326030094643746,0.3185093809096072,0.2604530172000179,0.6687697243300503,-1.483686881798827,-0.06047890043352996
900103,67,0.272123275672519,10545733,1.51962141424325,26.7839604939488,0.1030920917100254,True,0.278236,0.0421955891154643,0.2723493242516424,0.2673218632917633,0.0397107217938857,0.0396259361560239,0.1211684277148804,-0.0056923815259938,-0.1448664293026955,-3.60639626274241,0.04286739661945468
900103,68,0.1700459758154889,17947186,0.7888160976388292,276.148343063909,0.0011966546923011,True,0.135965,0.0375543206192765,0.1479819685386318,0.1456349490644043,0.0342943099826505,0.0338442929593972,0.7212745374935244,0.6433722471167707,0.9075114461795174,-1.8967360323902092,-0.0585537350319181
900103,69,0.1454582210444389,4382659,0.6631720944614432,1068.0998922314843,6.876249567366295e-05,True,0.148565,0.0379477804961244,0.1589216340846035,0.1562398953993514,0.0349350197789835,0.0344728361832289,-0.3127585527806921,-0.3853844401789645,-0.0818698462714677,-2.139146671605791,-0.05649243658946809
900103,70,0.2196934993435099,12193919,1.0489182371214254,410.73417578029085,0.0003300451996152,True,0.266296,0.041812072145099,0.2630808606623542,0.2581436745270052,0.0394701060515986,0.0393724821029154,-0.97657483424567,-1.0992461297703304,-1.1145704641178034,-3.5714759117158863,0.026724466492828208
900103,71,0.1885790896408359,10714827,0.8833490828556219,81.36575516946877,0.0149191129753246,True,0.170432,0.0386341477206715,0.1771306949066831,0.1739121347084963,0.0357940951621602,0.0353602850902829,0.4147861052276999,0.3198403167418349,0.4697163186319275,-2.5131310455879143,-0.04312375018207077
900103,72,0.1632709504185787,11910909,0.7515623164770541,226.6449486495829,0.0010767799339036,True,0.1919259999999999,0.0393453517499229,0.1948427174876612,0.1911532222395578,0.0365351247081654,0.0361769752356753,-0.770718713749276,-0.8641483318113977,-0.7282956767943333,-2.8239797302395506,-0.022492673294482173
900103,73,0.1430833068607873,3494486,0.6516317287334504,667.3384720182261,0.00031882509489,True,0.063279,0.0351576527478239,0.0898450764643414,0.0889235576782679,0.0291059055650828,0.0288768595415053,1.8755415250288687,1.829121250922821,2.2698986031064554,-0.8040333013843253,-0.05192072079083985
900103,74,0.1672778910793379,1367152,0.7678120910678378,128.75812784012476,0.0059661072233063,True,0.146577,0.0378482400171179,0.1565398461440629,0.1539447027863148,0.0347108976036707,0.0342533772791309,0.3892517863091534,0.3093565904829676,0.5469446153896549,-2.079137158265184,-0.053897697349800246
900103,75,0.0897859653035778,3780411,0.4704715676887704,35.46470347633672,0.0805420184446497,False,0.097013,0.0362639841841219,0.1150350465581451,0.1135984401022449,0.0317835664623615,0.0314520047658326,-0.7571051504015874,-0.7944067977540391,-0.1992895943183911,-1.2099577303857425,-0.055192607933876627
900103,76,0.262994598643926,4797075,1.1599395633547085,20.904551692114016,0.2504417983161489,False,0.252334,0.0413980237125784,0.25072278735984,0.2459367905515201,0.0390538076483439,0.038932147186932,0.4381419809830439,0.3142282922727093,0.2575146755299545,-3.4901480960173674,0.015699689838917123
900103,77,0.1920323801322074,15632403,0.831954955161412,26.313859797768018,0.0943910244450975,False,0.1824,0.039075692915188,0.1883853496672558,0.1848292822597072,0.0364374118400324,0.0360413541670429,0.1998564715164565,0.1000902720797717,0.2465056768951997,-2.738603608659832,-0.03911056936242049
900103,78,0.3204642081353357,3736591,1.6437628980676355,25.5357118566142,0.1293544185076938,True,0.280426,0.0423224118040726,0.275080239987662,0.2699950472059018,0.039907902489949,0.0398239645651154,1.267306293598988,1.1372175763710908,0.946028508977433,-3.6326541825359047,0.04034050061557092
900103,79,0.108729451206164,19341826,0.5287732026220702,32.12573712672812,0.1535470153446516,False,0.176017,0.038888693584011,0.1809910591118186,0.1776671365119921,0.0359449634088167,0.0355252693121768,-1.94052533986558,-2.0103402828316685,-1.7302599442811095,-2.5742779556925908,-0.034720064511033356
900103,80,0.220467932670312,11748510,1.0368616980583167,40.95702638471474,0.0213565896014344,True,0.256715,0.0415195378924234,0.2548071308225995,0.2499677303571972,0.0392006845388114,0.0390879675629748,-0.7547027775071192,-0.8759846557855204,-0.8730123014279136,-3.520801456577367,0.018030685174110318
900103,81,0.475291525006333,399284,2.566670349940613,82.66345517858497,0.0135481962445079,True,0.476031,0.0487393096046306,0.4430830491017337,0.4345158393771993,0.045343919387192,0.044759315088302,0.9109988736130266,0.7103152162381667,-0.0151720448989852,-5.346258611654064,0.24670975209191306
900103,82,0.051260069792692,5944608,0.2454722759571143,32.11857527579847,0.0901082625621418,False,0.0421499121992061,0.0343837505827073,0.073740781546525,0.0730936887141245,0.026408260761128,0.0262383689053165,-0.8321256172676362,-0.8512757412227512,0.2649553186925365,-0.5787676830748157,-0.043138453006411906
900103,83,0.2082195313878814,19729614,0.885683308483177,34.823165918893366,0.0782041179387837,True,0.130497,0.0373880719274946,0.143048362755324,0.1408518010250669,0.0339624759025844,0.0335245293111953,2.009505629071349,1.91891688990784,2.078805548962408,-1.783276171759426,-0.05796265536790451
900103,84,0.1849594866373965,19336580,0.8842361950059854,47.35741501166083,0.0524283032689643,True,0.170537,0.0387116576311449,0.1777977021151721,0.1745412514413948,0.0359344385242,0.0354985563134096,0.29348334912612,0.1993014171461511,0.3725618462225991,-2.5327557738763296,-0.04582884806053217
900103,85,0.1127905416231967,6234396,0.4911098515907227,35.88837174870247,0.0778980535726689,False,0.053482,0.0348027798573859,0.0823886416454286,0.081599352391906,0.0279699832060828,0.0277695719472532,1.1232146210440883,1.0869473804745184,1.7041323097243954,-0.696794547932259,-0.048400543373816884
900103,86,0.1986506791659394,5597571,0.9090344885304948,21.921076333861976,0.2269050189722475,False,0.198995,0.0396217947274156,0.2038182349359271,0.199859103544927,0.0371948427922471,0.0368740475705054,-0.0327716770630375,-0.1389320503073842,-0.0086901877219196,-3.0083433248616904,-0.030262570505046334
900103,87,0.0696520197105054,8520688,0.1305099200265502,23.45580546396776,0.1784704356623155,False,0.075498,0.035505039341176,0.0981823010902921,0.09711311377694,0.0300308176609301,0.0297724538170082,-0.922365829676655,-0.9500334523659832,-0.1646521282040907,-0.9240816073552599,-0.051586508507290185
900103,88,0.0354526220806503,633961,0.0807831575730818,29.243141584404206,0.0452036414738658,False,0.0372101544337703,0.0016463791542429,0.0373472165565224,0.0373454888745469,0.0016422083764542,0.0016422045145024,-1.1526376752594472,-1.1536870125840804,-1.0675137307166722,-0.6532168210156539,-0.0001904795144533245
900103,89,0.1902966168373936,3098126,1.1017900594059906,20.757806087763647,0.278502350663782,False,0.161992,0.0384318944360009,0.1693444106590789,0.166356142619678,0.0354139894030424,0.0349623943103527,0.6847492767572403,0.5916364276235592,0.7364876817230062,-2.344987252627013,-0.04558298497690904
900103,90,0.1334503275737393,4071161,0.6056910869674851,35.01982214322121,0.0181836026195635,True,0.079238,0.0356876215470593,0.1015898150773977,0.1004447241306402,0.0305097865133504,0.0302341673062045,1.0916657008882058,1.0442718923123255,1.519079311638981,-0.9822007794004675,-0.054299410217594345
900103,91,0.0985588143285492,18781316,0.4360441180722604,167.2950711855289,0.0039462005278541,True,0.062834,0.0351554181181876,0.0895321739480381,0.0886158421186361,0.0290696339940485,0.02884157278911,0.3447444521356788,0.3105178545543119,1.016196542121825,-0.7993450041893366,-0.05184907386447063
900103,92,0.1037763973403691,20162759,0.6082222209818723,29.160594638758447,0.1090225922180063,False,0.076361,0.0356045850509093,0.0988647715987155,0.0977794925685073,0.0301429325977929,0.0298805907330082,0.2006956564361753,0.1629445219279416,0.7699962603459395,-0.9332403884689061,-0.05175457499197471
900103,93,0.1568872095084513,17396749,0.7253812261758851,25.15942129290421,0.1237940219896861,False,0.118208,0.0369774601345532,0.1324294361967151,0.1305423735028924,0.033201299192746,0.032798178876392,0.8032408172675022,0.7366510921680987,1.046021261809378,-1.5534141659895808,-0.0570086621759391
900103,94,0.149238386940449,5364602,0.7762735896894132,21.143873256925342,0.2686658691663129,False,0.1421369999999999,0.0377479936662099,0.1524747496411705,0.1500031884477468,0.0344806344119661,0.0340268727923387,-0.0224763971689465,-0.0938603003081184,0.1881262088587743,-1.9824929540367735,-0.05376080881234315
900103,95,0.0033922103467365,862802,1e-06,24.18355255243525,0.1747914189875089,False,0.0039613551484372,0.0010169857591089,0.0044490780007581,0.0044490607334929,0.0009593319915833,0.0009593315729448,-1.1016528764004894,-1.1016703949143865,-0.5596389099876817,,-1.7740452316004055e-05
900103,96,0.327984499273513,6116473,1.6191958530893915,29.19122955630292,0.0657536457955922,True,0.365629,0.0451198232755348,0.3498790578051503,0.3437869696207393,0.0424514678860693,0.0422637137910923,-0.37390160328402,-0.5157550403297638,-0.8343228761469659,-4.100088065298649,0.10582174454576425
900103,97,0.1900400373254464,7350780,0.865506525161432,42.979379111757744,0.0320043305232823,True,0.204762,0.0397925628875185,0.2084866492084552,0.2044323058220647,0.0373437253936204,0.0370499226880129,-0.3884561006459225,-0.493968175070186,-0.3699676926105045,-3.066677775442157,-0.0233820995184956
900103,98,0.2182945058104776,9074789,0.8354219616196852,20.387722893242863,0.2178183871832126,False,0.174432,0.0387649179846066,0.1813015001650141,0.1779515790444589,0.0360574646710773,0.0356346499083858,1.1321263677274078,1.025945833488857,1.1315000286572314,-2.6069413935744454,-0.04388594666188024
900103,99,0.0972274655776279,7971752,0.3645307629621773,23.13968647467953,0.1494035495595486,False,0.140854,0.0376645919992337,0.1515889612426888,0.1491453275611612,0.0344212031720377,0.0339688390714443,-1.5283967130680571,-1.5793026000096868,-1.1582903758325511,-1.9674893459861418,-0.05505026172844057
900103,100,0.0707082255400969,650672,0.3110099618261248,23.243360983547205,0.1134973882803842,False,0.073142,0.0027790730248315,0.0733238099556427,0.0733172190879383,0.0027732904308276,0.0027732766771684,-0.9407620845480412,-0.943133970561196,-0.8757504528153467,-0.9455107506874748,-0.0003361532388337714
900103,101,0.1745955965464012,11314079,0.8304599539589129,50.80729718236565,0.0367412079401589,True,0.252651,0.0413549054945211,0.2474443304904257,0.2427733291254006,0.0386339254812977,0.038511092383045,-1.77034013735262,-1.8856156353899347,-1.8874521056260176,-3.413397532554584,0.03441061826760428
900103,102,0.1597336915151438,12573332,0.7346461316456359,336.9278731502751,0.0009481805129169,True,0.144178,0.0377746317369648,0.1534306445036752,0.1509451856319812,0.034430633935331,0.033980090437936,0.2586369185571952,0.1830650874249704,0.4118025987245191,-1.9946767658961349,-0.04970589386395438
900103,103,0.2945136472601712,17668252,1.4161356224287278,25.59343009927487,0.1276215097709414,True,0.291367,0.0427073427761096,0.2854939790617536,0.2802671113879058,0.0403463805297653,0.040266636652912,0.3538049625318067,0.2235558203731142,0.0736793032679956,-3.7003789800975695,0.04464512820779149
900103,104,0.1338522850364252,7415008,0.5810016609640711,41.01798535431967,0.053670462717968,True,0.08863,0.0359503778380447,0.1088922479591631,0.1075929152667981,0.0312476922863133,0.0309414687551803,0.8486788386614843,0.798780173862461,1.2579084770722064,-1.107490762969532,-0.0560411052271752
900103,105,0.0826888655505852,7818225,0.4787500838992223,26.775809316699483,0.1277091510541445,False,0.115199,0.0368309934216657,0.1305682555409887,0.1287275979990165,0.033106519903069,0.032708625613175,-1.4075410258108492,-1.4462223794765263,-0.8826841588880636,-1.5235231956333775,-0.05988689032347886
900103,106,0.2964029513171787,18537240,1.2822531870713294,36.63598801224361,0.0810347498300371,True,0.229187,0.0406251590381924,0.2284778562944913,0.2240591347020457,0.0380600398271746,0.0378688052629503,1.9103802222646795,1.784682710031986,1.6545400167907731,-3.277913797476578,0.00573957995076104
900103,107,0.108158274703989,2455703,0.551538943018541,24.522985524472464,0.1761385399466806,False,0.094312,0.0361967423777344,0.1131269461338213,0.1117313060003335,0.0316496881741024,0.0313249619685339,-0.1140633881673541,-0.1569895855687448,0.3825281998997295,-1.1771562567106562,-0.0558568872011192
900103,108,0.0784329772019505,16103052,0.3099466086342188,95.98280691546908,0.0174272693306094,True,0.095528,0.0362122250699664,0.1140370173915321,0.1126219672108927,0.0317137085240118,0.0313857428151038,-1.0893159422847674,-1.1226703481437463,-0.4720787735362809,-1.1939300945447076,-0.05579198093313334
900103,109,0.140316983089074,4206570,0.615693405576409,20.702998104043,0.1290800630622583,False,0.176399,0.0388975145178093,0.1826888313316576,0.1792955872945521,0.0361455048335608,0.0357271454148021,-1.091008076713817,-1.172257752041182,-0.9276175446738576,-2.6273256655893853,-0.040975504627797574
900103,110,0.3558494187995776,15353598,1.8322124790514551,175.34537635840928,0.0048825087549053,True,0.313743,0.0434091331261715,0.3059919526350697,0.3005143459162507,0.0410718626222376,0.0409842993304398,1.3501529558229752,1.213908086494072,0.9699898562174124,-3.823187265251171,0.057299374559166
900103,111,0.1014353794798089,224499,0.4518869325780276,69.61143882866557,0.005874593499881,True,0.092816,0.0151103258386383,0.09279397359736,0.0925823387146641,0.0143189563729324,0.0143034741602014,0.6189433885774256,0.6034941134944718,0.5704297559069481,-1.027543719591699,-0.0018629378412973396
900103,112,0.1363202166114808,6779922,0.5747526383625579,27.95314463652089,0.0542544096955003,True,0.106773,0.0365556346259518,0.1233809819469662,0.121734236542925,0.032528022467783,0.0321596248093576,0.4535494476388158,0.3977873133028635,0.8082807729592651,-1.3753861983053777,-0.05813819385504164
900103,113,0.220018501809701,7351639,1.0561505168059064,28.32543508894824,0.0361255419640716,True,0.275044,0.0421176195277244,0.2688761227323397,0.2638957842766585,0.0395650773626698,0.0394773784651693,-1.111453803997401,-1.23486731682058,-1.3064721797507537,-3.576673321770289,0.04374754366126717
900103,114,0.191925431461218,4713086,0.9027423746192976,177.0123020948896,0.0036379070713775,True,0.258211,0.0415857794500733,0.2533561382039829,0.2485788649038975,0.0389674550928232,0.0388559880225408,-1.4580361052668174,-1.5764618601967353,-1.593947965274105,-3.4686408193431384,0.033769305644123365
900103,115,0.2397914515403084,2283989,1.1581787327513262,485.945860890477,0.0004329189418932,True,0.251969,0.0414112760800179,0.2498126333573485,0.2450438678513996,0.0389993977923502,0.0388762328845876,-0.1351061026587658,-0.2569573476595005,-0.294063588771359,-3.4743136742920595,0.018527670671384784
900103,116,0.3211028734562204,3832365,1.622147657734099,339.7987207144713,0.0009587981145779,True,0.284256,0.0424572625361308,0.2784122253111938,0.2732861445947174,0.0400307829074363,0.0399491420948382,1.1969400681493303,1.0664454963007026,0.8678579648149476,-3.6508713909718256,0.04350716368127325
900103,117,0.1575621278462224,9537255,0.7445838666632543,36.075653327652994,0.0305342418497774,True,0.157582,0.0382380700518804,0.1676017332951612,0.164640554986672,0.035483746621046,0.0350229285324214,-0.2021083740583544,-0.2829353268739715,-0.000519695522045,-2.340067527632194,-0.05755712149520699
900103,118,0.0375236734058038,1169909,0.1658128754999959,76.99914723574052,0.0169500750879664,False,0.0291096483845358,0.0150115892853024,0.0409473424843996,0.0408385325135992,0.0128006570349199,0.012783395077112,-0.2593097598720493,-0.2674604177938748,0.5605019469528142,-0.4964301185985319,-0.013716326954016124
900103,119,0.2017988740237744,19249129,1.1735847216086823,24.331846527573926,0.1981778214284915,False,0.17618,0.0389013911337209,0.1833978347046661,0.1799687642311653,0.0362679196381029,0.0358487895240359,0.6089497046468564,0.5073640700299824,0.6585593285266133,-2.6538651747160316,-0.04555796239167732
900103,120,0.1558801673584906,15326810,0.7341881176294638,21.897286624580584,0.1659927269272425,False,0.152528,0.0380855387188603,0.16167459012059,0.158917131353611,0.0350282080124325,0.0345685195687299,-0.087853458377999,-0.1654216156316878,0.0880168029979996,-2.1890619823885475,-0.05202078821685466
900103,121,0.1495946821327726,14704180,0.7889486437810764,37.735690647216686,0.047665241800808,True,0.2331,0.0407297553751461,0.2278475004679425,0.2235109467103916,0.0377097501128643,0.0375256913321113,-1.969750908076348,-2.07513489484712,-2.050228809333424,-3.2098013866792034,0.029157014719062558
900103,122,0.2045582578454012,8612499,0.8801871231026422,21.741698941967066,0.1141549277747097,False,0.22744,0.0405524046368606,0.2273225525915159,0.2229198256500708,0.038031024252147,0.0378341870730151,-0.485316831817586,-0.5985716975484712,-0.564251179664946,-3.2714732272094382,0.0023347780994510095
900103,123,0.1973880516575939,20044139,0.9179156770985016,21.443585080893147,0.1572577172557391,False,0.175785,0.0388934679647647,0.1830845604398693,0.1796631835537499,0.0362597979279016,0.0358392250163419,0.4945661658632896,0.3944724470380502,0.5554416406674011,-2.6480658023811414,-0.045969994105740423
900103,124,0.2105172911297854,12723205,0.9079651315895902,36.53282441944434,0.0588865854998649,True,0.216783,0.0401735898647974,0.2177669149333615,0.2135458621969977,0.0376114170597715,0.0373703873684148,-0.0810420035884377,-0.1927506159115221,-0.1559658694008077,-3.1656446746328,-0.006197235860517078
900103,125,0.1213963959264407,1873349,0.5048194376130977,21.13513636457883,0.1304721831696465,False,0.163971,0.0384741073320113,0.1721169783820326,0.1690315331122306,0.0356381424528488,0.0351882004880088,-1.353724729459317,-1.4232106098879305,-1.1065780865599524,-2.4198144129720287,-0.04960935258269281
900103,126,0.1569239307693759,4352294,0.7313125879374235,82.33201815717514,0.0138921538533554,True,0.182503,0.0390943777634874,0.1879643928530159,0.1844258014851977,0.0363849950714179,0.0359884297461749,-0.764186459642488,-0.8531116198507797,-0.6542902251922762,-2.722766599316261,-0.03652576852720244
900103,127,0.3956927994713233,392680,2.062443152973652,32.162710306307794,0.0764853936991893,True,0.438927,0.0475246323626377,0.4081258904397114,0.4007590493793894,0.0440841069726963,0.0436480746176863,-0.116070409804817,-0.2820311405216535,-0.9097219353277104,-4.716406851889496,0.20874474457189243
900103,128,0.2131370133923525,17538087,1.0942916953746713,33.35326184303668,0.0663645170770736,True,0.138183,0.0376311095750611,0.1488468019127868,0.1464877485902898,0.034245727901017,0.0337983322139085,1.9719690421480425,1.8773206300472975,1.991809814771607,-1.9007051866513218,-0.0534562066575343
900103,129,0.1542437836095215,10572731,0.8482502624195242,25.77590839211528,0.2143474524065422,False,0.103449,0.0364201274418954,0.1201221329874615,0.1185660675548126,0.0321836562300031,0.0318318322468473,1.1208188010679925,1.0602167254772683,1.394689892026309,-1.3061111855594763,-0.05556274369691584
900103,130,0.1493989202641016,19200818,0.6222960561013428,25.32157110641321,0.1607874007269671,False,0.202399,0.0397406299861426,0.2049761443747644,0.2010195174548595,0.0370982392464311,0.0367890534630054,-1.4031510009537715,-1.498109485506363,-1.3336497120045483,-2.994336477798751,-0.018121447784531997
900103,131,0.1295269370552049,19075113,0.5839001989872287,167.92971655824752,0.0018842557547998,True,0.077552,0.0356448340736674,0.0991363848604383,0.0980519061241878,0.0300965206667388,0.0298355508981743,1.0549505533998047,1.0097696185975626,1.4581337914994354,-0.9306840149865908,-0.0496147691077522
900103,132,0.0491078024288207,23358,0.1016101682520871,28.016584244834814,0.1203436430719549,False,0.0450944680859935,0.0150165073698922,0.0535064828388295,0.0533660086086728,0.0136902038111893,0.0136753462396622,-0.3113783084703337,-0.3213013093650027,0.2672615038883045,-0.6482859841303867,-0.012653367506788497
900103,133,0.1956132578778763,13802808,0.9224109745474806,406.7105275653722,0.0005645490494591,True,0.226503,0.0405185688424081,0.2294397088278462,0.2249518187681311,0.0383362233692198,0.0381417715554011,-0.769197645883868,-0.882362631920838,-0.7623601475724743,-3.337972177582654,-0.013989216216675458
900103,134,0.1808929684456959,1377274,0.8440514452272923,321.40781546179966,0.0007759355672506,True,0.13333,0.0151186250016686,0.135448656534687,0.1350685842347315,0.0148659941680249,0.0148326814138193,3.089420107700201,3.0569305622865364,3.1459850641474683,-1.8969016341481493,-0.011377020017011394
900103,135,0.0521927004392553,4623142,0.1853431724850495,64.06945285577426,0.0321469231703502,False,0.0494096604006137,0.0346562470607769,0.0797114764421339,0.0789644475771124,0.0275668205862067,0.0273748925768892,-0.9779672034387736,-0.9982571590663544,0.0803041377723606,-0.6626237373370619,-0.048087637607518566
900103,136,0.0730030934260777,11300081,0.3099155095213491,36.73127572384207,0.0734816556378944,False,0.055035,0.034821886429486,0.0837379749312425,0.0829249620946164,0.0281970540237651,0.0279915084988588,-0.3544599487713635,-0.3807093285744413,0.5160000008173862,-0.7178921798665315,-0.049710335776763794
900103,137,0.0531401345174989,14901408,0.2088850818499274,48.21246823352151,0.0281860644826552,False,0.092024,0.0360748051011279,0.1114003330260873,0.1100457639248411,0.031475223958652,0.0311585457983976,-1.826324943902509,-1.850985987744614,-1.0778676523268411,-1.1486382257017247,-0.05590928102887918
900103,138,0.1980394903453366,15811428,0.8996042035928697,45.14538314775778,0.054315613788987,True,0.142398,0.0377559055676875,0.1531413916038672,0.1506431677236652,0.0345637758065385,0.0341073616064941,1.3896214890056755,1.2989928818186538,1.4737162176016263,-2.003344374346061,-0.05573807728788471
900103,139,0.2167036728605089,9148373,1.0208975009292,26.106789663862056,0.0909999437047661,True,0.2407719999999999,0.0409633040056768,0.2393152601054133,0.2347220302124277,0.0384920538878006,0.0383412040414301,-0.4699476138633727,-0.5874351966464119,-0.5875582481372975,-3.3867568123808005,0.012544315344626635
900103,140,0.2684227002853813,20330209,1.331390600548244,28.31468710485672,0.1110110567076361,True,0.240956,0.0410472124419808,0.2392084037316978,0.234606417975794,0.0385329334205753,0.0383810577608364,0.8810669711164889,0.7581643534588497,0.6691489787328379,-3.379850134874722,0.01406993004905486
900103,141,0.222143173513177,19189627,1.0632681503869434,57.55377213721637,0.0235325436365238,True,0.255799,0.0415205593980081,0.250016776478361,0.245301602210027,0.0387690939347834,0.0386520620060066,-0.5991511835319709,-0.7189645188013032,-0.810582202522965,-3.426823988848518,0.03798315774905358
900103,142,0.1192379470550598,19188412,0.7587836985484286,21.68937115028309,0.2567847350849345,False,0.131147,0.0374098988594635,0.1431316979259181,0.1409390496074033,0.0339196402975945,0.033483479781227,-0.6481137173953625,-0.7044222952020159,-0.3183396188714262,-1.7787315390358274,-0.05579295777334761
900103,143,0.2216093224444018,6270485,1.345428509941657,22.252336179347186,0.2437813691218422,False,0.241509,0.0410138016420186,0.239337319418827,0.2347492904265093,0.0384687742887952,0.038318845079001,-0.3429113783313988,-0.4608412225805922,-0.4851946603070077,-3.376488983046845,0.016387627654560866
900103,144,0.2057998552237668,2052109,1.03850821822855,40.06061164225432,0.070254909927758,True,0.224225,0.0404805254077302,0.2225314162602067,0.2182398943695352,0.0377169175167931,0.0375024657146828,-0.3317125663259526,-0.4436089197636668,-0.4551607122350921,-3.1902848626751035,0.009301723200310126
900103,145,0.0386676320297429,842205,0.1562756752704849,20.67640137115443,0.1867970824854234,False,0.052778,0.0151024167148285,0.0533512475634905,0.0532254161268626,0.012969291181839,0.0129571010270221,-1.1235371296989427,-1.1321833497199212,-0.934311920846592,-0.5767005271046841,-0.0019778838474273793
900103,146,0.196850259320374,5149887,0.7690422635569398,33.752900199106435,0.0665779298989965,True,0.144772,0.0378404977133206,0.1559085951780972,0.1533141931006365,0.0348013916088927,0.0343391564586322,1.2678257333485927,1.1764375575089052,1.376257249968502,-2.0760281986505342,-0.05863847434744759
900103,147,0.2901257412137892,5565914,1.4621656708716513,81.67219967312538,0.0214894071212074,True,0.366823,0.0451586743330687,0.344855255707391,0.3389434386418076,0.0419578809997887,0.0417913547851941,-1.1681290946163254,-1.3043917659682898,-1.698394824890754,-3.976902711070762,0.13818584484259816
900103,148,0.1834754964388792,20454907,0.8199920072742003,24.3912138664828,0.1572914356537167,False,0.154861,0.0382019868061766,0.1629925352944667,0.160200584712052,0.0350616140400593,0.0346041226060542,0.6726051688059591,0.5841990366162232,0.7490316297960904,-2.207620882672421,-0.04787731076737174
900103,149,0.1410599482191397,20534970,0.7623594369660771,20.131327419914594,0.1832576055160527,False,0.113844,0.036844262317167,0.1293308444651352,0.1275213804634988,0.0330367255611619,0.0326426599126503,0.4147507522937524,0.355032272562546,0.738675346105623,-1.4946518876648593,-0.05924540279120663
900103,150,0.1035855666786309,3090859,0.4714420935627162,20.04157096170764,0.0977263442792008,False,0.091898,0.0361138446945624,0.1111563588785389,0.1098069257216252,0.0314566998443194,0.0311408691864956,-0.1997811623605004,-0.2406734411866546,0.3236311940055136,-1.1415728354167956,-0.055263155435732965
900103,151,0.223783864976443,5245812,1.109737407847643,64.64036122792551,0.0226286332428253,True,0.220192,0.0403228866321206,0.2217384680200093,0.2174198785602093,0.0378779113962153,0.0376532447911666,0.1690156174196877,0.0539997291571369,0.0890775754526905,-3.2265788272909406,-0.008052022261228085
900103,152,0.1260139979579536,10715344,0.6955052609642471,23.748096425813,0.1979010792017413,False,0.149786,0.0379522777274213,0.1592713984930951,0.1565929809982958,0.0348610689084432,0.0344026074575432,-0.8888565518785222,-0.9539983017298324,-0.6263656219207799,-2.137232299697838,-0.052808918082400146
900103,153,0.1340800529376842,7835929,0.6805082390731177,27.207726774951823,0.1186063359356434,False,0.091823,0.0360466241554042,0.111057748657309,0.1097140221417389,0.0314102989432724,0.0310962764313405,0.7835674747021408,0.7329540009139632,1.1722887767660464,-1.1410376849803008,-0.05516135651353561
900103,154,0.1297302263842931,12365910,0.5835814612628835,104.3272260849585,0.0077570430336596,True,0.15636,0.038184735135601,0.1657643296575285,0.1628726668948759,0.0353038756524999,0.0348443150038206,-0.9511577572108614,-1.020684063923271,-0.6973931735061062,-2.2900847483168834,-0.054237520457485866
900103,155,0.2374854220740761,3200832,0.8761126018546522,33.63605380640029,0.1024327515512089,False,0.220025,0.0403500379458241,0.2212691931903291,0.2169589641410707,0.0378605448304229,0.0376337671873013,0.5454266066653978,0.428314725960212,0.4327238080301018,-3.215588315131208,-0.0065502538951072034
900103,156,0.2123726704383348,13339411,1.1783445920898286,22.59793127257548,0.231754990111859,False,0.250521,0.0412913071125539,0.2462664938873326,0.2415990138852695,0.0386441173421161,0.0385169124033043,-0.7587924790261065,-0.8770758858052328,-0.9238828273873378,-3.4154626590915016,0.029124311007753385
900103,157,0.227275448583588,5033589,1.0528720383841668,47.62206280017095,0.0319082081611722,True,0.2208699999999999,0.0403570002497439,0.2230832518283941,0.2187254145726859,0.0379994151999654,0.0377790853415304,0.2263165964344568,0.1103226650497953,0.1587196408045404,-3.252115985076538,-0.011366824882863521
900103,158,0.1935180270898676,2227448,0.9120106515491136,31.73772550139159,0.1095199049274089,False,0.142175,0.0377709675766985,0.1539194934627918,0.1513811945348066,0.0347213954705779,0.0342595122543571,1.229930894585399,1.140464923439803,1.359325174437467,-2.0334803320043786,-0.0603468552235258
900103,159,0.0730483919461466,10957607,1e-06,21.55311413547982,0.1771424388888597,False,0.068928,0.0352799728253712,0.0935994098026606,0.0926147046705849,0.0295180721152213,0.0292768671442562,-0.6683198932463997,-0.696218160057839,0.1167912448952755,-0.8566084350179209,-0.051700997890454826
900103,160,0.1106959871833014,11447112,0.5755309990859501,36.8144383602511,0.0470653870026487,True,0.0538279999999999,0.0347827346581023,0.0831797429105506,0.0823736274916242,0.0281511639263543,0.0279465650384045,1.013446899565518,0.9774460603027088,1.6349487106832372,-0.7132510526258833,-0.05051085496734483
900103,161,0.0755914839126803,17579892,0.3867033456156798,20.14676316490173,0.3013478226150775,False,0.0620649999999999,0.0351144056101973,0.0884703498874419,0.087577604589578,0.0288557731736539,0.0286336607077888,-0.4186024553136278,-0.4463185199459618,0.385211814855618,-0.7796973781332746,-0.04987376024046962
900103,162,0.0895529193547189,18943584,0.5777173237028489,20.34332523429656,0.1534428596293398,False,0.118319,0.0369901533114344,0.1326076584550574,0.1307138847156165,0.0332289880091076,0.0328246315562325,-1.253965799749616,-1.2956981743933276,-0.7776685974531746,-1.5580154829962798,-0.05736985046089597
900103,163,0.1715437395313742,10870902,0.7743412457813997,64.37152086846767,0.0209492811625315,True,0.234485,0.0407460513740394,0.2329094481841757,0.2284316100041943,0.0381723229556424,0.0380005459738846,-1.4970277140732535,-1.607596915810193,-1.5447204906026224,-3.316248849017106,0.011665074986933126
900103,164,0.2496520227755357,13969598,1.1605839662187345,40.42774537739192,0.0380093157284329,True,0.241777,0.0410090303347909,0.2377759419362427,0.2332439439941321,0.0382662064248315,0.0381149076123428,0.4304897954439777,0.3103542772817524,0.1920314309127849,-3.3362859020812583,0.025691371577398807
900103,165,0.2184630124547362,4687979,1.0776473965802922,38.58965585113839,0.0778721908307554,True,0.285301,0.0424909076773584,0.2805710056444891,0.2753990160993662,0.040186984412731,0.0401050803315765,-1.4196706046690497,-1.54547533479714,-1.5729950523245455,-3.6810090369244737,0.03763746673893058
900103,166,0.0807418849358999,122430,0.5535427737818173,23.75049493843884,0.1780531937912889,False,0.083712,0.0151085018694492,0.0880261782689351,0.0878156532971583,0.0145867899551124,0.0145715258305445,-0.4854514512427099,-0.4993760351284261,-0.196585676711332,-1.0132683444755133,-0.010413937689023559
900103,167,0.2081605892196528,2396363,0.988996549328532,217.3384971767157,0.0018865537370866,True,0.189162,0.0393221483637387,0.1934813736087568,0.1897999677422644,0.0366166466671139,0.0362466460768442,0.5065467695538817,0.4008891295903295,0.4831523711245782,-2.8175336137331763,-0.02992619478561597
900103,168,0.1662685936951475,15076880,0.7659779872799146,48.41364041814112,0.0320242173876708,True,0.146011,0.0378646712899136,0.1562633706479491,0.1536700940668144,0.0347401006846151,0.0342809659602223,0.3675071362619011,0.2880021315433105,0.5349998561995627,-2.0749244598695955,-0.05500082960830004
900103,169,0.2148361391731012,8068689,0.9966986707554136,57.09279404541642,0.0198204830030476,True,0.193029,0.0393862924590926,0.1957453663570143,0.1920333789680405,0.0365738549343892,0.0362203212893083,0.6295570937354338,0.5219786880637625,0.5536733165669386,-2.8374654260688703,-0.02124211482936638
900103,170,0.1673122921569,7519307,0.9466060396908598,26.47411668448499,0.1268018138288017,False,0.174741,0.0387919095446402,0.1814188926093232,0.1780657936567873,0.0360621342039149,0.0356398395345959,-0.3017269898044519,-0.3911748642677882,-0.1915014736397894,-2.606511630096278,-0.042935361496083214
900103,171,0.1626440622103585,13662351,0.3820919031157819,22.955982505571747,0.2012820310079881,False,0.178734,0.0389224794728581,0.1822843407131781,0.1789475272372264,0.0358703097646438,0.0354604614173105,-0.4597646047242106,-0.5475357930189505,-0.4133841935959282,-2.5857345225971358,-0.027835581005557945
900103,172,0.1372802225790983,10174254,0.6490491352647323,41.03172461686228,0.0122260154610608,True,0.157664,0.0382084148723095,0.1667805671335356,0.163861737374059,0.0353328553493574,0.0348753265734073,-0.7621868354124389,-0.8349267066799302,-0.5334892192995496,-2.3104776632146677,-0.053160716528085815
900103,173,0.1828133993220276,12114078,0.8991229964873748,36.61251046020066,0.0800432290917308,True,0.2089619999999999,0.0399183563764044,0.2124248461504153,0.2082847190711118,0.0375169738283948,0.037243957514423,-0.6839047579522213,-0.7892813254030695,-0.655052037498935,-3.125377334907682,-0.021081740758825292
900103,174,0.0939521925755734,16361469,0.3692287069588676,29.73352259570872,0.1173496843404872,False,0.076624,0.0355914239729334,0.0995099866957058,0.0984082206113193,0.0302624344224439,0.0299960180515161,-0.1485539856687985,-0.183653239608859,0.4868642678851839,-0.9486650034663101,-0.053529722232007484
900103,175,0.1647693122009151,8896605,0.7612309435119013,242.8632944675712,0.000877074400989,True,0.126196,0.0372068406614981,0.1396613902452397,0.1375641648584696,0.0337403290453967,0.033311743431088,0.8166833837059513,0.7441516625962152,1.0367263523352852,-1.7134867035286456,-0.05934560411033252
900103,176,0.1638471754212236,18455029,0.6750362831762362,26.497506660606955,0.1157227922733184,False,0.210733,0.0400361553113654,0.2116814568896594,0.2075851175818225,0.0373490512572988,0.0370772148986926,-1.1796447570322004,-1.2807361862796438,-1.1710870890109304,-3.0777116406894467,-0.007918278371485989
900103,177,0.1608190671281065,8319617,0.762650025659168,72.29843219803796,0.0202865271012487,True,0.139158,0.0376196064374883,0.149140941827207,0.1467845733403396,0.0341802482868093,0.0337357406162326,0.4160126184102168,0.3416629745608439,0.5757919653970925,-1.9007133351093801,-0.05089804392233354
900103,178,0.148122551241503,1773479,0.7300440743331283,21.89895911515764,0.1059319037933884,False,0.111138,0.036745759923071,0.1259216199433403,0.1242186345560893,0.0326399603078401,0.0322646680815459,0.7408697534094802,0.6801764183772601,1.0064984727198982,-1.411674159952212,-0.05413537081920098
900103,179,0.2259948356696401,9358041,1.069448844536111,70.87039121694417,0.0160443214827676,True,0.173158,0.0387211664431264,0.1787125950551896,0.1754605257569784,0.0357980763106738,0.0353719873859119,1.4286533962971109,1.320803950584139,1.3645465910033152,-2.534233139160792,-0.037608766400148944
900103,180,0.2198766739769908,13947255,1.020682892959211,50.57329917852324,0.0549373738990789,True,0.150659,0.038005782979108,0.1603343733383913,0.1576160752359867,0.0349677592684262,0.0345072973078347,1.8042734029728853,1.7027771262530522,1.8212405731790915,-2.1637230715025852,-0.05397235875280323
900103,181,0.0601734117075602,625528,0.0699782990367391,20.038916443869063,0.2671457219131968,False,0.057901,0.0024143742646,0.058081644275647,0.0580768325650868,0.0024086908142974,0.0024086509701064,0.8704370905099272,0.8684250462935769,0.9412010974763602,-0.8137387282284402,-0.000352088308983754
900103,182,0.2129658705227844,1356134,0.9515545137348294,29.89921367764012,0.1081824652259339,False,0.170944,0.0386528669814,0.1784854715849472,0.175212953944695,0.0359442142380872,0.0355111310161507,1.063129094956707,0.959275356791664,1.0871605085078315,-2.553854443127473,-0.04721045384625362
900103,183,0.2089388032184807,19798821,0.9890636416050888,31.2071284531012,0.0910251697988907,True,0.150041,0.03804368257214,0.1613874801895821,0.1586068145081659,0.03522084130686,0.0347526130823951,1.448293646034109,1.350090493711091,1.5481625131004673,-2.2081530293440697,-0.06182948785509287
900103,184,0.1270253537717789,7895815,0.5268006533601628,33.48386497086117,0.102635407484108,False,0.132642,0.0373985393572906,0.1449279527173287,0.1426799233706406,0.034049644033027,0.0336083566980886,-0.4657939612903496,-0.5257793276248306,-0.1501835719989471,-1.8263402545874237,-0.058041688671355736
900103,185,0.1164599082305552,16290046,0.3723118039032776,30.467984938260003,0.071336307906484,False,0.086279,0.0358963486133582,0.1064229030644924,0.1051833713925414,0.0309368875692592,0.0306434888642097,0.3679912848038761,0.3244348722408699,0.8407793381893975,-1.0575300071790952,-0.053171565276660435
900103,186,0.1315626518616405,17765239,0.5962443693017223,270.0169486273753,0.0011210504250877,True,0.172361,0.0387685387725107,0.1785564965373357,0.1752912159968588,0.0358939749470962,0.0354635334260521,-1.2330571691735197,-1.309240471275721,-1.0523571284891458,-2.5364762680237978,-0.040655261421821534
900103,187,0.2800253399039887,8161485,1.3386451988141932,60.650355976800086,0.0306657196346702,True,0.260693,0.0416340270924784,0.2570654044966927,0.2522210731107581,0.0391823636138588,0.0390762263522021,0.7115391988628822,0.5859762732428685,0.4643398982531111,-3.5176054422443426,0.027904589850277477
900103,188,0.2247002314362513,8658181,1.0754037029644854,334.3495633469489,0.000831802635884,True,0.236612,0.0408227327750416,0.2348229118488484,0.2303128972190722,0.0382552152741761,0.0380904490494655,-0.1473510006545764,-0.264609160869899,-0.2917925321019016,-3.3335993508917054,0.013255145537716999
900103,189,0.1365434968191823,19922993,0.5990074683129964,47.39194137175564,0.0332509764484999,True,0.125882,0.0372248911733393,0.1389002510495175,0.1368295044567702,0.0336549483921014,0.0332300791065823,-0.0086068900609764,-0.0700269750194691,0.2864077364131592,-1.6897201247629428,-0.05711296647170735
900103,190,0.1995528457893132,7662475,0.742591250458922,23.22689443671166,0.1480056755269162,False,0.194581,0.0394540367880379,0.1998895642335931,0.1960277154410056,0.0370040510773911,0.0366628088924597,0.0961500347299503,-0.0090995022024935,0.1260161492732378,-2.9458198582995356,-0.033728330737453474
900103,191,0.3298403766805718,2343425,1.6586698091260916,43.81572669304647,0.0248343824223816,True,0.322751,0.0437405694367085,0.3117934889700961,0.3062688324233374,0.0411728464951779,0.0410803125703409,0.5737917455441288,0.4383201368549854,0.1620778323617837,-3.825005186870181,0.07553097028652977
900103,192,0.1443425617322106,13361904,0.8952718577752417,26.7687126315578,0.0915618794699093,False,0.14498,0.0378094548776099,0.1540106411054165,0.1515082065630885,0.0344598732732668,0.0340089187474706,-0.2106989899939381,-0.2805605028358069,-0.0168592292550314,-2.0064529239167164,-0.04902191787231645
900103,193,0.0998202242467664,7900220,0.3605831318006463,32.62166151063214,0.1046282366106301,False,0.135277,0.0375009307608178,0.147652322115315,0.1453144530239868,0.0342796515658325,0.0338300107846337,-1.344789071066002,-1.3953495932328603,-0.9454905527379606,-1.8933740129109244,-0.0598853711332722
900103,194,0.2242396944717966,18163354,1.049384403227967,37.20578757310103,0.0834221129221605,True,0.253831,0.0414642653784066,0.251348801908032,0.2465626985473418,0.0390420146578346,0.0389227755463025,-0.5735203556845477,-0.6943572885216195,-0.7136580199395909,-3.4828404439074476,0.020602187088760663
900103,195,0.2150478281110977,15018501,1.02468851396955,234.99458292096327,0.0017501018374961,True,0.2283219999999999,0.0405886327424551,0.2290169357008209,0.2245687043646099,0.0381734420283149,0.0379816356635141,-0.2506705171377895,-0.365937857512606,-0.3270416121954655,-3.302802101471172,-0.0016874843377367036
900103,196,0.2402916036032455,10351827,1.1677622441319344,29.49506318897238,0.1252115588515114,False,0.14553,0.037835667771286,0.1557812702278824,0.1532051345772221,0.0346965283407175,0.0342383728306279,2.543534105923405,2.435699979706247,2.504557450289311,-2.063520094875311,-0.05479083212925634
900103,197,0.1726033097698026,10247733,0.6873741792875481,34.92401301134075,0.0820536093053145,False,0.2385989999999999,0.0408873178330925,0.2383455699927744,0.2337517713206975,0.0385209511752291,0.0383650149696752,-1.593859968495474,-1.7066624321895596,-1.6140870501606523,-3.3924273642046474,0.005731639021134786
900103,198,0.1807079587372257,14433096,0.8481595435258725,61.88914068165919,0.0280165936778813,True,0.131839,0.0373812936685206,0.1440823359593679,0.1418609216250373,0.0339849673185812,0.0335461715495032,1.1580170051554992,1.0777006914416745,1.3073105273073795,-1.8054903076125235,-0.057375033683890825
900103,199,0.1569906319454998,19064330,0.8135909083858976,35.9690864863836,0.0860212614742059,False,0.092999,0.0361475944174907,0.1111927366874324,0.1098518190739489,0.0313603105468757,0.0310478737960605,1.518262190228692,1.4603776065804923,1.7702874278830638,-1.132520597242525,-0.0521391670543469
900104,0,0.2605382337161175,15692227,1.2726216653134903,336.9278731502751,0.0009481805129169,True,0.245324,0.0411561415416185,0.2431009700230693,0.2384477483440599,0.0386554544194776,0.0385162533421272,0.5735367138603802,0.4510945209393769,0.3696710417018166,-3.410809777800745,0.017433987091753596
900104,1,0.1763030705920791,17779274,0.6560357153732972,35.884313444968804,0.0711502816607847,False,0.149194,0.038007956754319,0.1598914631966896,0.1571692994594495,0.0350585255345992,0.0345934236808546,0.5531042925716222,0.4681202972781289,0.7132472489197562,-2.1650652271894026,-0.058345925865046465
900104,2,0.2461676827594413,20313050,1.1934715023528937,218.3432081256031,0.0011506755254398,True,0.242154,0.0410498100506005,0.2412017875326057,0.2365614593966511,0.0386469331866424,0.0385002219372644,0.2495108568060548,0.1284939015174407,0.0977759155156569,-3.410876922338421,0.010148546043466006
900104,3,0.1203844823157444,18361545,0.5493774110202713,43.11779280688452,0.0284058142760755,True,0.074737,0.0355473212392302,0.0982809480391714,0.097201017591749,0.0301537266172377,0.02989134670638,0.7755911753232271,0.7330282773054391,1.2841328326413417,-0.9310105993940765,-0.05391384285304229
900104,4,0.2423265079552043,19581340,1.1700850884980567,81.67219967312538,0.0214894071212074,True,0.234215,0.0408264260343273,0.2339201863383078,0.2293886224790298,0.0383785440946796,0.03820640581427,0.3386313158863577,0.2190370118303123,0.1986827832635669,-3.3424392490271098,0.004982234273374486
900104,5,0.0616755744959887,10504322,0.265015298605582,299.25833132273544,0.0010930692699628,True,0.062183,0.0350588864529828,0.0886713576633342,0.0877755078398616,0.028877446945665,0.0286549005508814,-0.9108366402294168,-0.9348396767255772,-0.014473520278284,-0.7851500695880325,-0.05042301829552143
900104,6,0.115078800903639,6914735,0.4795276189312692,72.0546273698848,0.0181077518230093,True,0.112577,0.0367512741504054,0.1276554886189611,0.1259024978880298,0.0328104344412892,0.0324268004518523,-0.3337886203254,-0.3833136601048902,0.0680738548927673,-1.4538137132331623,-0.056504987202867646
900104,7,0.0659527236079002,917179,0.2825077910362143,95.8557315135619,0.0083501431146798,True,0.069157,0.0151056170510281,0.0746478341483589,0.0744639900736087,0.0144016074541752,0.0143886747717855,-0.5915253906772647,-0.6037597239145647,-0.2121248262335445,-0.8667955023143114,-0.010940045832980428
900104,8,0.082585740034684,17981062,0.484425193989888,21.449920469316595,0.1261346365125511,False,0.0361469802354981,0.0342217806892396,0.071214311829594,0.0705944231908936,0.0261366857721583,0.0259696024462527,0.4617443362334024,0.4350753689361489,1.3569942552342895,-0.5579115171086372,-0.046455205912207455
900104,9,0.0896249071377,192565,0.3857772668034487,25.834257715543387,0.1528684784214044,False,0.086774,0.0151091136569319,0.0910175054692493,0.0908000222579368,0.0146284813490432,0.0146124269254416,-0.0804188877202119,-0.0951977377775048,0.1886879139592695,-1.0519278825290972,-0.010686500473419588
900104,10,0.0427459155806529,6707801,0.1465757028414081,36.03391003064969,0.0393392926386812,False,0.0286640429280496,0.0339432001216323,0.0665156253339436,0.0659632366636072,0.0252111503853029,0.0250574032962175,-0.9265653271605764,-0.9428252733420476,0.4148657935062758,-0.5027852890147148,-0.04489121484007864
900104,11,0.1602503606805295,1493392,0.8372026257405046,28.016584244834814,0.1203436430719549,False,0.161586,0.0050498847324358,0.1617479462307995,0.1616882137472971,0.0050403201812743,0.0050397834714698,-0.2853005639840152,-0.2971211146136714,-0.2644890705903821,-2.6558887282165577,-0.0009298736195649908
900104,12,0.1770577674623585,15365906,0.7191117968787986,22.203413241644324,0.1216166074187641,False,0.138038,0.0376053302377361,0.1494060220741148,0.147022354299209,0.0343349391581249,0.0338842051419928,0.8864133904657074,0.8053529747321596,1.0376126792579805,-1.9230421356341931,-0.05658515206308315
900104,13,0.1762331474377329,8774488,0.819912031572409,339.7987207144713,0.0009587981145779,True,0.15958,0.0382858774728189,0.1687189968355486,0.1657352269656877,0.0354706194346484,0.0350141999543856,0.2998189444774192,0.2118415387706572,0.4349684149084955,-2.3547684745967565,-0.05369323982519583
900104,14,0.0855299900183823,13529964,0.3586166066538843,55.23968879524174,0.0257047893548439,True,0.088172,0.0359576299618951,0.1085860096170124,0.107291909211397,0.0312348407397715,0.0309293235548071,-0.7036015241152095,-0.7381507013503913,-0.0734756429836306,-1.10226232794178,-0.05615362828308272
900104,15,0.1291211562632938,6518655,0.5816762282396993,112.76986331146492,0.0032522237457575,True,0.170537,0.0386780005491619,0.1774246726610606,0.1741892436224988,0.035857085467762,0.0354223369647705,-1.2723070023309797,-1.34711217511515,-1.0707855408416045,-2.520805652486417,-0.04402551970829701
900104,16,0.0828354660323396,6913499,0.3619382740102517,994.9974612426676,9.384412490790375e-05,True,0.082174,0.0357427985840054,0.1038040035664454,0.102615000944887,0.0307247887294647,0.0304406329925031,-0.6497741002106849,-0.6824631966955476,0.0185062742298976,-1.0183550988974979,-0.054693927654849595
900104,17,0.1656964310204839,14235499,0.9249330140357428,20.65508461654264,0.1757492214212968,False,0.148588,0.0379458848551179,0.1585288378148212,0.1558655434497196,0.0348708473257454,0.0344105062736725,0.2856943601055307,0.2055468609267422,0.4508639365192303,-2.12474061397697,-0.054534096291963895
900104,18,0.0556960720446983,637033,0.1961150125448112,27.031635382127376,0.1043992298758123,False,0.056297,0.002385649988545,0.0564801537000691,0.0564755403908862,0.0023799232973205,0.0023798332417004,-0.3275306574131996,-0.3294566914209382,-0.2518927580270079,-0.8033830667420916,-0.0003910750961143553
900104,19,0.1391571686911942,13844284,0.8221641730944,22.965273935771645,0.0869420091667831,False,0.178621,0.0389316582167091,0.1857557373776743,0.1822637871993165,0.0363602042673782,0.035951032598176,-1.1990370065284108,-1.2815815979418883,-1.013669417550478,-2.703827515133165,-0.04501707294472072
900104,20,0.1588502728202123,8320033,0.7564767335455301,41.15567580349753,0.0531419080258763,True,0.186051,0.0391681826300583,0.1868920999526361,0.1834539585293101,0.0359403984427918,0.0355546204366547,-0.6919968602374065,-0.7802313927337061,-0.6944597720220343,-2.6444112622736866,-0.014507874924505462
900104,21,0.2422095779252185,4297236,1.4963419597570151,25.379665929148388,0.172205165437857,False,0.234094,0.0408001493251096,0.2339126653831159,0.2293837139646775,0.038367237911011,0.0381952366628536,0.3357974732230058,0.2162499307702681,0.1989104956589934,-3.344532885785892,0.004364621621775515
900104,22,0.2197266556861479,20327355,1.0637595703502405,38.5749688343941,0.038371801424765,True,0.236076,0.0408654330671489,0.2351166147043741,0.230577834374452,0.0383733229341459,0.0382070080602347,-0.284010165653298,-0.4010588044365501,-0.4000775982720488,-3.3464782861203646,0.008856803651404937
900104,23,0.077036154610746,14511825,1e-06,23.549638102057145,0.1986010604190357,False,0.06216,0.0350875478830203,0.0881951922877445,0.087310951765941,0.0287638786982646,0.0285443740572146,-0.35995874824931,-0.3879531614653823,0.4239724776533879,-0.7732369400958938,-0.04871072956344833
900104,24,0.1976652470529227,11850537,1.0055223400298596,40.54155643177327,0.0545642051707362,True,0.148234,0.0379044079958788,0.1587195092248914,0.1560461831086882,0.0349090227112831,0.0344474272554582,1.2081907782428023,1.1156352943516643,1.3041028647195116,-2.136999400956248,-0.056993771186693305
900104,25,0.1714932373987183,9677616,0.5310418785486855,22.81894866458904,0.1125628160592457,False,0.1338339999999999,0.0374242071035161,0.1457550592964369,0.1434861283980663,0.0340737464057322,0.0336317043612904,0.8327591340535141,0.7553668386154152,1.0062801676613269,-1.8426718759436311,-0.05706377736111027
900104,26,0.097488066467101,7901878,0.4355978990720991,56.71655723574097,0.0344781787310002,True,0.083587,0.0357735784283943,0.1048805231197121,0.1036695983585281,0.0308285302234392,0.030540110335678,-0.2024069927542359,-0.2397927049727019,0.3885847342592769,-1.0372760856681227,-0.05491022318996082
900104,27,0.1439248462262836,14517247,0.5053627538414585,22.07077153373093,0.1844653720258287,False,0.1247839999999999,0.0371627778797272,0.1388439609676054,0.1367652493104862,0.03372642005911,0.0332986367825392,0.2150117124179587,0.1506500022763529,0.5150542375554034,-1.7007833095666145,-0.06104132260840089
900104,28,0.1217602873773754,10849405,0.5450230487454609,136.12304068130743,0.0024995486106314,True,0.062215,0.0350736702502043,0.0888976605964697,0.0879957264092408,0.028938817361635,0.028714546723177,1.1758695442293503,1.1355898332069532,1.6977204539074024,-0.7900100775775784,-0.05115091430307965
900104,29,0.2603049294551989,8809213,1.2460266730424912,31.877280098064176,0.1134932101778027,True,0.2290849999999999,0.0405936906113909,0.2297828505106786,0.2253239050111785,0.03819396380209,0.0380055387888686,0.920419116759526,0.7991335778259817,0.7690832980443135,-3.3128661435373252,-0.0015374961502195087
900104,30,0.1136107623333046,6260786,0.5409968276427353,29.650515242380088,0.0715995460841435,False,0.092318,0.0360849169765489,0.1111972411644717,0.109852101374273,0.0314047539066784,0.0310907620730323,0.1208931756063899,0.0768520962146315,0.5900737515107067,-1.139925257759194,-0.0542065918171455
900104,31,0.2063493343428377,2908847,0.9681289678295923,41.012951050167146,0.0098449828011636,True,0.157494,0.0382835046874138,0.1663645055751129,0.1634532428977583,0.0353436845689473,0.0348845757464126,1.2296578223254049,1.1313146678220167,1.2761458163703472,-2.295299706948052,-0.0519310672307316
900104,32,0.2207278678678424,15906732,1.0814093686356148,34.867938606676205,0.0368781748124063,True,0.195243,0.0395034295409832,0.197491501492929,0.1937324954037128,0.03666999188244,0.0363249132113219,0.7431641283513242,0.6336616176356571,0.6451305156025223,-2.862043601562676,-0.018476753095248856
900104,33,0.2151146512093505,14073457,1.0583091310964352,26.02771121400144,0.0850488047425747,True,0.169799,0.0386331955404564,0.1773994688360925,0.1741577680155579,0.0358967252557828,0.0354601873126795,1.1550103453386904,1.0506580225499018,1.172971859443941,-2.5299064699762326,-0.047475780177554466
900104,34,0.235802064059116,19978614,1.1640161702050635,24.613024646954468,0.1692333907125216,False,0.317139,0.0435671178020385,0.3077339303165378,0.3022439549163184,0.0410962722796638,0.0410077687683876,-1.6202269192568626,-1.750325814660732,-1.866934055873631,-3.8144988269834563,0.06662885788545543
900104,35,0.1990806780218375,4835107,0.7887096063510532,20.8523633854732,0.199071794731276,False,0.166054,0.0385486877286583,0.1740982999620077,0.1709500976363228,0.0357583000290853,0.035312014397057,0.7966291605233118,0.698645574300497,0.856752329789022,-2.4630002558819553,-0.049311859627692876
900104,36,0.1213960762630582,14977070,0.5421008084296302,43.69612729510705,0.0593710717825625,False,0.123372,0.0371182157357741,0.137268211272063,0.1352399774567671,0.033579577337898,0.0331583452120114,-0.4175088082711082,-0.4726722688999271,-0.0532332629080933,-1.6623540982732037,-0.05930422234467199
900104,37,0.105170309701097,16641501,0.5023848885671055,44.19698012498672,0.0409881697376413,True,0.089759,0.0360243785488429,0.1103817653572372,0.1090407389513432,0.0314815653122074,0.0311657262441434,-0.1241886429960401,-0.1655399153268719,0.4278022362051825,-1.13943926516659,-0.058669369673063756
900104,38,0.144207611156651,11799173,0.732930468664741,35.18449718990147,0.0822421634161431,False,0.15984,0.038292490951628,0.1690550613713762,0.166059620054165,0.0354969726876557,0.0350406968628656,-0.6236179886214448,-0.6999878675109125,-0.408236404967653,-2.3635067808662398,-0.05412381729948133
900104,39,0.247835948646531,19006216,1.2007244136586075,235.85577567934249,0.0014316570944745,True,0.254227,0.0414860709479205,0.2517491118711402,0.2469550017765833,0.0390678724192343,0.0389493527037299,0.0226177537955148,-0.100163202710846,-0.1540529437336205,-3.4861043903209583,0.020652167761644614
900104,40,0.2170951905892717,14658898,0.94840672642462,20.10913251305965,0.3229294222576693,False,0.228894,0.0405929754191864,0.2325893270963789,0.2280326420504286,0.0385328668907209,0.0383492546286072,-0.2852063636459306,-0.4021018355848933,-0.2906613592348673,-3.3857749796050025,-0.01776573815464905
900104,41,0.0996048721807585,5845878,0.4401438591472703,203.25443419761925,0.0009172211206944,True,0.089262,0.0359874837369077,0.1086139146200112,0.1073284058989087,0.0311359212244167,0.030833790533386,-0.2504892711710994,-0.2893456202666614,0.2874019271914575,-1.0933902491763596,-0.05305967045470588
900104,42,0.2811024336167204,2564389,1.399816468739934,128.75812784012476,0.0059661072233063,True,0.279233,0.0422899526802691,0.2727800508096532,0.2677416112486235,0.039749183484999,0.0396648044345033,0.3368432684487055,0.2093724217054165,0.0442051479899758,-3.600825306021732,0.04600534930220599
900104,43,0.2643117027437672,20284549,1.2943554538729716,1068.0998922314843,6.876249567366295e-05,True,0.239001,0.0409850270278014,0.2384027501493444,0.2337969775072395,0.0385714564673556,0.0384149700726252,0.7943446312424102,0.671713099979785,0.6175597426493871,-3.386399902553941,0.007621366738178174
900104,44,0.1290848098001353,17477945,0.583058388118171,191.1097339359392,0.0018761728331469,True,0.101783,0.0364306735177291,0.1190385115561803,0.1175024871016384,0.0321583030367844,0.0318085750911914,0.364125795176038,0.3124013799006551,0.7494182007601033,-1.287158635242764,-0.05641400836347171
900104,45,0.2373889082112725,10355225,1.197919525504275,27.48599414669093,0.0905903133451033,True,0.258298,0.0415393460867983,0.253358083518423,0.2485919391593488,0.0389209138674808,0.0388101598333025,-0.2886623244066924,-0.4102980562461321,-0.5033563057308857,-3.46861895015136,0.03423267951964448
900104,46,0.3036861664169792,3824143,1.546054274836848,44.78379325324706,0.0512950065382508,True,0.273863,0.0420970462339055,0.2691354591727313,0.2641265510042688,0.0396769297759047,0.0395876393658352,0.999292103455174,0.8708009273749298,0.7084384555455872,-3.5974524351521278,0.0359686071119923
900104,47,0.2056210921831411,10781971,0.966284077669071,40.67410456094966,0.0499546755909684,True,0.158127,0.0382266306417953,0.1669501496851665,0.1640293022564827,0.0353220115861168,0.0348654955598316,1.1929212322619622,1.0948114436714005,1.2424346950215688,-2.3105080058522285,-0.051847119513898
900104,48,0.2128384431424922,5176627,1.013066292812281,187.883818495227,0.0029459376905636,True,0.186605,0.039209376735326,0.190791995222075,0.1871923466675393,0.0364336324326859,0.0360529550029412,0.7113451996614599,0.6051125415822807,0.6690604474428429,-2.7637753912426466,-0.029739988928857052
900104,49,0.2494590022262656,13276077,1.3312471855621977,22.788711808690703,0.1435768549486037,False,0.283502,0.0423781000322883,0.2770482986498541,0.271961754788947,0.0398900950001004,0.0398088795376174,-0.5652696791281808,-0.6916327580447987,-0.8033158104727837,-3.634089681221093,0.046657550268876934
900104,50,0.1974031065426298,7028706,0.8972235051628124,65.59785736462707,0.0376455375904117,True,0.1904,0.0393259478404925,0.1949115726166956,0.1911932580684308,0.0366816427192991,0.0363185242211064,0.1709829517409212,0.0679231828574376,0.1780785188200585,-2.8465555591562803,-0.030625889865704907
900104,51,0.1670841922054323,5186173,0.7724769556628962,1424.7236072062765,7.984272873243278e-05,True,0.107556,0.0366028403704178,0.1241390565050264,0.1224699550167095,0.0326140634442847,0.0322415585090122,1.3837493983503335,1.316767405379273,1.6263271266112629,-1.3916860812347056,-0.05872563732405188
900104,52,0.0926282795417968,13715841,1e-06,23.078082784848142,0.1887121844848241,False,0.110818,0.0367061834283598,0.1270543224941224,0.1253058722321329,0.0328659787070093,0.032480756408249,-1.0060600892298504,-1.0474674513491231,-0.4955492170332676,-1.4527932781309607,-0.060082286296651244
900104,53,0.1709281307874975,14567010,1.0412092024279105,21.23874411067008,0.2444528242603187,False,0.19673,0.0395431042413381,0.2026428594107539,0.1986982914428481,0.0372094472879804,0.0368799254104948,-0.752988525498704,-0.8523300111878057,-0.6524998405544851,-3.002154237507508,-0.03645620826035752
900104,54,0.1574581156740221,6314216,0.7170410488485642,83.08265043593336,0.0169200981179749,True,0.2338199999999999,0.0407591785073356,0.2318354682229453,0.2273766135831217,0.038122722495408,0.0379472342707379,-1.842518941176577,-1.950997926705843,-1.8734892881178808,-3.298171731492673,0.013539000592860404
900104,55,0.2540641657644576,6973017,1.288511821412239,23.39563817982896,0.1894100428831261,False,0.34359,0.0443762146727644,0.3276895332372647,0.3219998227331699,0.0415323022540452,0.041412676364623,-1.640455602786075,-1.772725408344921,-2.0174283655268206,-3.8918421568015393,0.10379536926368402
900104,56,0.2657064088081284,15037788,1.3026464917264415,217.3384971767157,0.0018865537370866,True,0.216475,0.0401885447852267,0.2181785166197482,0.2139338504496602,0.0377021809387925,0.0374609140644481,1.3820420470626578,1.2606138691429831,1.2250109843794557,-3.1802112749248823,-0.00994341862388866
900104,57,0.1701471870704606,5129480,0.7884317999284329,296.2851668655232,0.000994250563148,True,0.116192,0.0368959941575211,0.1314954795951867,0.1296257382625606,0.0332051188803025,0.0328025557229614,1.2353137709795985,1.164028582900279,1.4623589444455187,-1.543550088951827,-0.060356216979000336
900104,58,0.1035150070762181,4667898,0.1276744124357422,24.607275270301606,0.1354181033060713,False,0.085888,0.0359009098487685,0.107102769156109,0.1058372655144645,0.0311323520366127,0.0308317203057154,-0.0753204302328836,-0.1152422430425953,0.4909905389716116,-1.0797226884691227,-0.05700626649987846
900104,59,0.3655193234366347,5870355,1.8865945028011653,182.02522096909468,0.0019537706425726,True,0.31384,0.0434095407823431,0.3025511184641495,0.2971730150066278,0.0407377590834137,0.0406566671106132,1.6810602857351615,1.5456963365008098,1.1905061077645704,-3.7536567881234495,0.07625404831657952
900104,60,0.3222273033226707,9470928,1.6912227123011068,41.352518547835984,0.062764149863939,True,0.280877,0.0423014765475303,0.2736319820522948,0.2686022053254127,0.0397041937874715,0.0396216622442372,1.3534287801127638,1.2239342153752484,0.9775144202403702,-3.597905030062749,0.050425659440111466
900104,61,0.1340797862089976,6088133,0.6048592486818506,175.34537635840928,0.0048825087549053,True,0.160372,0.0383453682741117,0.1690101250707271,0.1660196202455869,0.0354728246204283,0.0350174660482269,-0.9121115157961748,-0.9847070041784484,-0.6856685689664682,-2.3539971905472856,-0.05143251584323516
900104,62,0.2164806412375761,20338838,1.0055178264904463,21.501049876003226,0.078355535237357,True,0.194604,0.03951236432366,0.1984228268817918,0.1946122897337972,0.0368600023715033,0.036514290913481,0.5988984300857683,0.4899026911008771,0.5536657097605361,-2.8981467016557065,-0.02623476752625747
900104,63,0.1357574571485451,14096823,0.6743349033028158,36.8144383602511,0.0470653870026487,True,0.175424,0.0388174345330865,0.1808514571908949,0.1775323941004427,0.0359330368737176,0.035512830631075,-1.1763336295514275,-1.2549454197491636,-1.021874405884414,-2.578435223820199,-0.03689046917025145
900104,64,0.0786342899135496,19558960,0.426920171201585,30.148264619322266,0.081941690762062,False,0.0874,0.0359713474412827,0.1080216870187696,0.1067379217180702,0.0312027484384099,0.0308988105439446,-0.9095376588866216,-0.9418207874612972,-0.2436858975260515,-1.0920316690010339,-0.05615094203873719
900104,65,0.1860625330701029,13050416,0.9803940561182654,35.85958303824084,0.0895220370593341,True,0.195626,0.039485085249008,0.1995326479971438,0.1957007567443675,0.0368788064447915,0.0365397160946517,-0.2637739069810499,-0.3652535487341774,-0.2422045405141265,-2.9213607735930136,-0.026435167195205018
900104,66,0.2429048132377058,8109456,1.1689144902131787,86.5913918708544,0.013162713878042,True,0.257204,0.0415044983460821,0.2527848711497032,0.2480195879372322,0.0389277595594828,0.038815145511169,-0.1317726529726567,-0.25380494597693,-0.3445213731548207,-3.4703150939647416,0.031341314776669245
900104,67,0.2612441686663517,18845903,1.2947194900273975,50.56619255867735,0.0273873946456102,True,0.323506,0.0437705947654728,0.3075207200241424,0.3021265887375139,0.0407387297412633,0.0406556871428305,-1.0055769055762158,-1.1359350586456376,-1.4224579690372818,-3.7315195455641548,0.10151166148325855
900104,68,0.1410870703337533,1465413,0.6486687382832578,32.62166151063214,0.1046282366106301,False,0.12759,0.0151174310945314,0.1300525481824771,0.1296963610988651,0.0148590271479441,0.014826299902685,0.7682772714468877,0.7426140380127687,0.8928150721742499,-1.7688868716205153,-0.012051457274596639
900104,69,0.3774715381695976,2688263,1.9578623190363,126.11322204528734,0.0038459918980752,True,0.2889199999999999,0.042591584218128,0.2821981334518221,0.2770367245759491,0.0401270192779212,0.040047816093702,2.5078724232716163,2.374295585174375,2.079085335640276,-3.66631696222246,0.04886600269336636
900104,70,0.1660071022868173,17363337,0.7851770210047605,37.50301274457001,0.046440923647041,True,0.140365,0.0376993064519911,0.1515385920369639,0.1490863713340439,0.0344896532956297,0.0340344780609307,0.4971644025943547,0.4195029194940232,0.6801743771990009,-1.9704135579831854,-0.056839909274990344
900104,71,0.1881072689969565,1937361,0.8825624873438012,147.9905701953819,0.0028449415151354,True,0.207601,0.0399347207782801,0.2077549433359705,0.2037617398802829,0.0370897332963365,0.0368002791067212,-0.4253900041879652,-0.5297335028546751,-0.4881399099113232,-3.007135785734136,-0.005018402740663925
900104,72,0.1023902077602,4239921,0.4321369675856565,25.85895115713673,0.1290300156602497,False,0.095032,0.0362081884306959,0.1138598646960145,0.1124458839710676,0.0317294368622379,0.031401084976971,-0.3202334001593341,-0.3614831547629813,0.2032194395553352,-1.1928232681984587,-0.056610520407203456
900104,73,0.192127458975065,11701411,0.901756796317036,257.3198853700213,0.0009819254871867,True,0.238836,0.0408955273312541,0.2357642173069328,0.2312565874758533,0.0382164301598631,0.0380572263803495,-1.0281655344434733,-1.1418324042651529,-1.1421430183940515,-3.327605909548628,0.020295487662326923
900104,74,0.1550941380084897,14403297,0.7101516014412166,175.63948635743802,0.0016507349922143,True,0.127694,0.0372505111955096,0.140907410863114,0.1387745441467103,0.0338174240397577,0.0333854498279415,0.4888235427674519,0.4195093963601986,0.7355640803069751,-1.7408896335260289,-0.05926077977809182
900104,75,0.0665408297534404,19964670,0.2919255884893841,54.58734513957013,0.0460174335801367,False,0.155053,0.0382090939213395,0.1638158660840734,0.1609887246250035,0.0351698626675765,0.0347101668470359,-2.721044104679329,-2.765863411241352,-2.316521046763849,-2.2346996645946167,-0.05085169832874379
900104,76,0.2525213181508478,14546849,1.1020943727121628,33.335490008615764,0.1023067995562362,True,0.290734,0.0426323850554185,0.2765535619810475,0.2715794315564026,0.03944646142202,0.0393724738779872,-0.4840466327976928,-0.6092370003253144,-0.89632990975004,-3.5311980793731186,0.0867111918395546
900104,77,0.0783474293317362,17351279,0.3419300485409798,181.85607616538803,0.0021783989006792,True,0.057125,0.0349603858074263,0.0847269981774329,0.0839000556165285,0.0283018247321918,0.0280937765079672,-0.1976461328799169,-0.2254119268302973,0.6070421948040436,-0.7248444141808839,-0.0482429616109744
900104,78,0.2134899117920074,4398282,0.9726493109056292,23.869547568884204,0.117140204163906,False,0.194238,0.039475480504432,0.1982146349798271,0.1944111222669327,0.0368408956953975,0.036494337813557,0.5227876615420399,0.4146282690431042,0.4876929057227298,-2.897217797763833,-0.027091701525468075
900104,79,0.2083670881820073,3143932,0.9871749086506216,234.99458292096327,0.0017501018374961,True,0.166089,0.0385583783240658,0.1748983269432708,0.1717132567214699,0.035875503972236,0.035428136691149,1.0345966478585529,0.9329140369606472,1.096469561729983,-2.4904671358922332,-0.053089754990371045
900104,80,0.1202334426626311,1491265,0.538460839813763,80.98549230158378,0.0191430703563979,True,0.074987,0.0354911140350174,0.0983238378978834,0.0972466336869282,0.0301137193217782,0.0298526991407771,0.770007725844266,0.7275622293823617,1.2748667911068832,-0.931742662465641,-0.05349238982985161
900104,81,0.2902580807821701,6417150,1.374293426226146,32.52366078797578,0.0970455879823982,True,0.272382,0.0420308059454277,0.2677335925400522,0.262747086220345,0.0396051453369442,0.0395145338433732,0.6962247023050427,0.5687263119599437,0.4253090175187256,-3.5886936769368867,0.03531110458005848
900104,82,0.0607441224097449,16630180,0.2769955726518644,28.70496325959737,0.1085258459114122,False,0.050683,0.0347250431438109,0.080662953214583,0.0798996683366269,0.027735041166881,0.0275395043614781,-0.6955661102483963,-0.7181828462048087,0.2897367864476826,-0.6754317828225945,-0.048547452918173924
900104,83,0.271338889277093,10291401,1.3320999932025843,90.62126205632914,0.011084684842615,True,0.29563,0.0427649286316767,0.2887022399336701,0.2834649597589793,0.0403518472023327,0.0402738239900478,-0.3010906161998136,-0.430298780859118,-0.5680147611637585,-3.711191172437071,0.050929384845465525
900104,84,0.0797643745900748,20688730,0.4199369273766212,30.56821368873432,0.111571755555351,False,0.100289,0.0363179914335739,0.1175525055966843,0.1160596463798655,0.0319641348080381,0.0316232787221777,-1.1477390471955242,-1.1822040932297295,-0.5651365783117447,-1.25739201762843,-0.05513655090094504
900104,85,0.0707233510629631,4360936,0.3274107511722354,29.892888981438176,0.0504437164001107,False,0.076071,0.0355799919609649,0.0992461289114379,0.0981478588202355,0.0302545004407844,0.0299884717715049,-0.9145016780525388,-0.9427614878090936,-0.1502993295474561,-0.9460317436262297,-0.05401769834083828
900104,86,0.1230182204181904,767750,0.5512236509900577,188.89116438451816,0.0016941448866102,True,0.121564,0.0040038524966658,0.1217489694679953,0.1217245978919983,0.0039964830808534,0.0039950239855961,0.3238084504263564,0.3175919738721884,0.363205292752765,-1.610398884197738,-0.0012867690399253407
900104,87,0.242935685347811,5560405,1.1876486517329483,25.00179794362902,0.2155801939342854,False,0.253909,0.0414393037763323,0.25139621111417,0.246615368827595,0.0390190878767578,0.038900344463014,-0.0945925680242402,-0.2168304341988133,-0.2648045129188759,-3.483413988501299,0.020783315865370904
900104,88,0.1111212404945515,20402471,0.6194575978503578,22.12941127526846,0.1795855235549784,False,0.08482,0.0358743537354046,0.1054135530287235,0.1041932888797638,0.0308605579488216,0.0305705331070629,0.2266218776926404,0.1849508837556815,0.7331488307368348,-1.0409896847380238,-0.053400596148398816
900104,89,0.2406452617486489,4049455,1.1597140965925905,69.61143882866557,0.005874593499881,True,0.2278099999999999,0.0405899878686626,0.2288696199508341,0.2244153996434733,0.0382058226461339,0.0380123515893365,0.4269628535617467,0.3082158943908069,0.316217432490499,-3.305295885529831,-0.0037068418887563925
900104,90,0.1189123806902072,4447877,0.5327442795896241,667.3384720182261,0.00031882509489,True,0.089903,0.0360368747486892,0.1097221885761807,0.1084041813010697,0.0313300257973405,0.0310200753468076,0.3387547990020882,0.2933349679784345,0.8049915785569719,-1.1186956206890686,-0.05552207059866945
900104,91,0.1067454977466545,14148403,0.4701496157802426,151.9419447096078,0.004020648445473,True,0.069951,0.0353383844542786,0.0946890526763954,0.0936801413497887,0.0297039739610432,0.0294569079558951,0.4435413389765155,0.4058866024482481,1.0412048630649724,-0.8759501990213514,-0.05310389728105778
900104,92,0.2315196059830236,9484395,1.147929168256436,63.582308753103504,0.0291146428160693,True,0.2317489999999999,0.0406550369185287,0.2317553704836957,0.2272752083905742,0.0382206809714318,0.0380416312154126,0.1115724393734651,-0.0061685060202973,-0.0056424500963066,-3.326394015633152,0.002717929735536456
900104,93,0.0790127865440087,2365568,0.3497260448523379,89.4837444172793,0.0103868043006114,True,0.084007,0.035857406860574,0.1054846714457594,0.1042551018956157,0.0309573014112875,0.0306639684201764,-0.8231914084218114,-0.855109576576291,-0.1392798278863423,-1.0492199921856875,-0.056014071103252704
900104,94,0.2542792916809508,2801866,1.238625215049924,55.74574537392985,0.0361590906630241,True,0.246594,0.0412265587555227,0.2438963284926379,0.2392315617058197,0.0386860798381401,0.0385494076885166,0.3903491876378069,0.2683901607956788,0.1864160364808834,-3.4110324933821334,0.02022543738617591
900104,95,0.1593728151453134,8161283,0.7355495478045654,80.96965286655515,0.0137444957322267,True,0.140306,0.0376576546420087,0.1514896135855028,0.1490426710830478,0.0344598980377638,0.0340058396200085,0.3037755920070696,0.2287645062435038,0.5063197728741072,-1.97050260726322,-0.056871793003117795
900104,96,0.1582116413534176,9435566,0.3977001850808974,24.490531916218693,0.2699858507302831,False,0.1520099999999999,0.0380305652592607,0.1610937162339704,0.1583601772861939,0.0349565044498758,0.0344982556791444,-0.0043056070474348,-0.0824474565151506,0.1630699231299895,-2.175299132393007,-0.051589274843533796
900104,97,0.08599451851769,243356,0.3838129580711442,132.5305200235132,0.0042606809479304,True,0.111089,0.015114032169982,0.1054952321829024,0.1052618486397494,0.0140965772466959,0.0140764685202324,-1.3687616389271229,-1.383365147719321,-1.660343262478307,-1.1594358094067363,0.00919657367407655
900104,98,0.2405037907465378,4602423,1.1646758509524284,21.183523789068506,0.1017585183977626,True,0.237197,0.0408850025654873,0.2366277572949424,0.2320599455417121,0.0384560418844456,0.0382943943834287,0.220498204522582,0.1007912739236715,0.0808802871234061,-3.3683896850794244,0.007077990688669369
900104,99,0.2237707911129928,17532417,1.0708699696065656,410.73417578029085,0.0003300451996152,True,0.2147349999999999,0.0401673252281045,0.2165116560686715,0.212295559208724,0.0376527983964806,0.0374026442477469,0.3068026909610802,0.1927913821406628,0.2249537668161856,-3.157050437252301,-0.010806529020775106
900104,100,0.1186353139861234,9441388,0.4887777902069169,29.38848085923783,0.0560069559691454,False,0.125978,0.0371632779445608,0.1384198197390093,0.1363755856164991,0.0335221817021194,0.0331028381814304,-0.5359139156934104,-0.5901914716855972,-0.1975790732138923,-1.6736818686119537,-0.05467109153367937
900104,101,0.1194006448380088,13853139,0.3700313270868274,32.11857527579847,0.0901082625621418,False,0.1203019999999999,0.037014389477381,0.1351762214507643,0.1332014471426396,0.0334847191344568,0.0330684014520965,-0.4173410778450511,-0.4711276373383698,-0.024351479916801,-1.6250173981014724,-0.06143066961029245
900104,102,0.1279144951607325,1417884,0.5783744762883979,276.148343063909,0.0011966546923011,True,0.141949,0.0376890531079207,0.1518122585492305,0.1493730915787332,0.0343552587278684,0.0339058738868814,-0.6328872834716489,-0.6956071435175233,-0.3723761591749306,-1.9623963928283625,-0.051555773502140745
900104,103,0.1631315696116879,19640886,0.7517347398166765,240.17064418255305,0.0010504956534154,True,0.1650309999999999,0.0385339203833488,0.1732588595643819,0.1701326812590138,0.0357347226715762,0.0352857760211263,-0.1984117238383594,-0.2834019462182457,-0.0492924252039711,-2.445944520867575,-0.050098708085447
900104,104,0.2285729521877724,7853544,1.113406919743284,43.38564937404964,0.0372573368792872,True,0.254226,0.0414094686078959,0.2512451560631115,0.2464816724569382,0.0389491618117563,0.038831306356221,-0.4611928351026677,-0.5820973499998587,-0.6194971506428875,-3.4765481955839173,0.02331714815637155
900104,105,0.1194653156974491,16854847,0.5928961982615014,39.23794258540148,0.0442385513193775,True,0.1252579999999999,0.0372012687209257,0.1395820163874694,0.1374754219814629,0.033826205961046,0.0333941711678792,-0.5393188587754859,-0.5947075682441755,-0.1557120093404882,-1.720469412999992,-0.0625910401164947
900104,106,0.1499711255150544,9351745,0.714995402556596,43.048423697750906,0.030285482762553,True,0.146386,0.0378385363114659,0.1573218389343184,0.1546892098129082,0.0348459181809772,0.0343842028877354,-0.1372166257062416,-0.2109490523706973,0.0947479967391878,-2.1097901162023565,-0.058408169157546284
900104,107,0.1599982330780792,10835055,0.7258293099451391,20.754912571210745,0.2101367340932558,False,0.14822,0.037916790985628,0.1578854834925698,0.155248521586532,0.0347908007564113,0.0343324686757543,0.138344595502433,0.0607272479958661,0.3106337000550399,-2.1066704771249305,-0.053122808156901485
900104,108,0.2678035954460807,19110431,1.4162670947753118,23.88351065493269,0.1803861661495917,False,0.259795,0.0416709043771769,0.2569877323094025,0.252118775756361,0.039285387582429,0.0391772313241645,0.4003554911764594,0.2753151693866899,0.192186744343062,-3.5262790812325444,0.02337050796438018
900104,109,0.2009342465458285,2245075,0.8835623706054111,27.27336646040236,0.0876769620424202,True,0.148636,0.0379833411235588,0.1584855827844534,0.1558211188973941,0.0348852646377841,0.0344243202026717,1.3105016274201686,1.2168078471561623,1.376873255454377,-2.121529348974728,-0.05411363626274525
900104,110,0.0719113358246311,1586130,0.3418776136091075,61.99179613679674,0.0136151697117994,True,0.054088,0.0348102214520147,0.0831116319780085,0.0823082942102345,0.0281143754932549,0.0279106376605999,-0.3725088087213553,-0.3983832454704381,0.512014433726033,-0.7094681881394711,-0.049617117979209376
900104,111,0.0968990146670756,3394101,0.4105895151469115,36.28276045241339,0.0374081072162038,True,0.129883,0.0373579585874575,0.1420330769751429,0.1398741012616947,0.0338384425779801,0.0334055721968467,-1.2864646155851684,-1.333810272268192,-0.8829172304933811,-1.754764585594082,-0.055818594488354745
900104,112,0.2890895569005089,20716144,1.4669982594308646,26.106333981136,0.0979819715788838,True,0.3401079999999999,0.0442471858736535,0.3280642569426646,0.322318963227762,0.041726235029557,0.0416029853080823,-0.7987264875628405,-0.9340574344785176,-1.1530324944319084,-3.9421803883773587,0.08301259194867106
900104,113,0.2174440251744272,14449317,1.109764985089696,44.81856820938026,0.0402641950420593,True,0.204684,0.0397878623144976,0.2045256301177811,0.2006234313878869,0.0368561774980798,0.0365525725967969,0.4601753745785393,0.3505082711661858,0.3207014509492208,-2.9516298194219206,-0.004403658443940502
900104,114,0.1703929827206733,1879333,0.8548211721984991,28.21324123800009,0.0312103601603682,True,0.117365,0.0369615094642386,0.131765378779569,0.1298953693677288,0.0331642646493383,0.0327631232569428,1.2360730396593855,1.164735728336885,1.4346811991533923,-1.539679536400859,-0.05719650752764122
900104,115,0.1431898165724945,9981040,0.6513303409636316,221.1338187340414,0.0015050737656112,True,0.128491,0.0372629625009598,0.1416363563266197,0.1394825134472874,0.0338621483138083,0.0334282584379699,0.1109032686248501,0.0458760097403891,0.3944618351832841,-1.7578198721115261,-0.05947225205877448
900104,116,0.2401817849503353,15876496,1.1602359903363877,536.3839644445267,0.0003380792391414,True,0.220016,0.040322871818658,0.2197390786567543,0.2154875158170507,0.0376582423187527,0.0374284351831769,0.6597729510311966,0.5428481265946137,0.5001078554381211,-3.1757417427976176,0.001122768674562918
900104,117,0.1644820887073227,15504373,0.7600164974805944,67.38964371443768,0.0226651223064028,True,0.124106,0.037147240561207,0.1379002227338109,0.1358532432161612,0.0336273742981255,0.0332039467899529,0.862212124126885,0.790482948143635,1.086920269105738,-1.6755961860689002,-0.059353705932400365
900104,118,0.1877252580809718,6184157,0.8794258327699915,419.1725101352295,0.000533042486637,True,0.126714,0.0372227640015781,0.1403509168194268,0.1382302694921713,0.033812009325961,0.0333803516827337,1.4827581524373834,1.4011099075727114,1.6390845687436095,-1.7320293289644215,-0.060497744432113684
900104,119,0.0996506135339252,14168166,0.311487434830617,35.47966064034565,0.0775931173494215,False,0.071961,0.0354065668553292,0.0950115041232591,0.0940074859485064,0.0295971488059412,0.0293532321583467,0.1922489337793095,0.1567417672926271,0.7820473994856554,-0.8691778361754748,-0.04909767597450263
900104,120,0.2095775365351508,15790782,0.9641305099938332,37.75138486546591,0.0592543631553516,True,0.185367,0.0391750162396492,0.1902625654537612,0.186667249024903,0.0364622220449718,0.03607706711813,0.6350374168507309,0.5297255624620681,0.6180096106928272,-2.7616894233914784,-0.03337931214339974
900104,121,0.1679153964113779,1408529,0.8222715391198787,42.857553709507975,0.0532950282144122,True,0.147538,0.0151216058961333,0.1492803356533187,0.1488337053667738,0.014903931180587,0.0148667094544052,1.2835181250515322,1.250345330521386,1.3475682775589688,-2.2572834636046664,-0.011446048416895104
900104,122,0.123983398720596,19625887,0.5416874505777748,76.99914723574052,0.0169500750879664,True,0.101722,0.0364258744963872,0.1192760257889992,0.1177308829862629,0.0322098384800618,0.0318579283135057,0.1962624710810969,0.1461470517621692,0.6111424647554837,-1.295226343758758,-0.05760469520588211
900104,123,0.3386713077581207,10340228,1.7617732421400956,38.99024641853998,0.0577149575486043,True,0.3048389999999999,0.0430857953042494,0.2959958729849815,0.2906813495091658,0.0405698246153501,0.0404913561132227,1.185190195032353,1.0519008937739491,0.7852311305666912,-3.738036420114979,0.06224081527623401
900104,124,0.2631642711933828,5784781,1.3157491836738937,31.136027417652542,0.0749445579119151,True,0.267588,0.0418874847730263,0.2628411006687987,0.25792307723095,0.0393952469111472,0.0392988930878462,0.1333674704454652,0.0082032871963708,-0.1056097980241073,-3.5480458671760946,0.03505792560864671
900104,125,0.1316356546356501,19889686,0.4536674955029758,32.162710306307794,0.0764853936991893,False,0.169785,0.0386956147425945,0.1777323252253702,0.1744674566964593,0.0359914644088821,0.0355530065476299,-1.204730801132891,-1.280766741415062,-0.9858829125243666,-2.539741282919422,-0.04917593486947126
900104,126,0.2292074439180278,12345429,1.0997207977999994,589.8166147157915,0.0002618160858438,True,0.252211,0.0413373907675902,0.2500417019580435,0.2452859455984442,0.0389401897859569,0.0388186207998668,-0.4141955934836181,-0.5350322675502011,-0.5564830206943714,-3.477812574239729,0.018655588895415052
900104,127,0.2444377169277514,13114528,1.2175351754943484,26.694816712442627,0.1007717789712129,True,0.228382,0.0405565787431543,0.229613733653861,0.2251525482437779,0.0382100897912301,0.0380201834006263,0.5072350251644441,0.3879599172596738,0.3958844021196316,-3.3180548256298303,-0.004488636906842871
900104,128,0.1810116582133739,3680754,0.8451084380018539,49.54396668356426,0.0405890555687121,True,0.132917,0.0374578867862454,0.1444853199337282,0.1422554243011164,0.0339848202070984,0.0335461805948519,1.155309881036206,1.074783919910702,1.283966137433955,-1.8063755812643578,-0.05494381016692715
900104,129,0.1177304178561416,19120097,0.5253570065060454,275.550638566041,0.0009692188091311,True,0.121291,0.0370599147397387,0.1350727339637526,0.1331121689402657,0.0333855864151718,0.0329733211685611,-0.4664908034435451,-0.5194551891929601,-0.0960763717041269,-1.610115834890597,-0.05729874963794687
900104,130,0.1677811329287407,20516215,0.7751631404270966,307.13263456812825,0.0007764467209021,True,0.124641,0.0371971220373132,0.1392967311646031,0.1371939624818746,0.0338422552203241,0.0334096643590526,0.915518639102348,0.8416815480733987,1.159770717892259,-1.7171805888984482,-0.06367409285706707
900104,131,0.0786260336246979,7847803,0.3973172256752084,51.793039956560456,0.0353130731148734,True,0.10036,0.0363453624390674,0.1180054367364618,0.1164955700715492,0.032062286364412,0.0317172899059555,-1.193971381512662,-1.2282156881822897,-0.5979845822624237,-1.2700327804771743,-0.05675129406550823
900104,132,0.2674890419295587,5848116,1.3077190372603409,48.41364041814112,0.0320242173876708,True,0.2196969999999999,0.0403003736409832,0.2208523086504474,0.2165587594451757,0.0378021587370187,0.037574460930031,1.3554494522016516,1.233705556435353,1.185895752612998,-3.2099924447173644,-0.006181028217225017
900104,133,0.2697707964044943,12974240,1.2883859194768434,24.256573779392102,0.0842345140728033,True,0.195188,0.0394733632868908,0.1985758425264022,0.194776130615126,0.0367909311993783,0.0364485525785552,2.057548530294503,1.935122367310315,1.8894462035684565,-2.897243170555476,-0.023976736552720757
900104,134,0.2524349653565345,19240067,1.231232604610884,21.54125151507065,0.1988620455560889,False,0.2307179999999999,0.0406842127243155,0.2284126193960194,0.2240169895984022,0.0379578320998013,0.0377694458881273,0.7524064780379874,0.6328692823487331,0.533793427531538,-3.2558327192502596,0.01413196321366001
900104,135,0.141069251437454,9095878,0.1575837688283596,26.811747615779225,0.1413423258952052,False,0.095206,0.0361701516323066,0.1143116789308578,0.1128857105533463,0.0317844451803112,0.0314536859137591,0.8960330106106593,0.8418448821365928,1.2679861534362404,-1.2058579513447922,-0.0579742749211408
900104,136,0.12964071792206,4214054,0.5692524336642703,30.063054702917192,0.1085642378473915,False,0.114676,0.0368553182999014,0.1300681109873614,0.1282390806176591,0.0330872279462917,0.0326905223050688,0.0428759531989351,-0.0129171614495837,0.4060395788821619,-1.5111745442954003,-0.05952586883370441
900104,137,0.1226385961768878,10800486,0.8991162904326845,20.778111989809023,0.2308744235323954,False,0.124848,0.0371251313850395,0.1384561673146409,0.1363977766688069,0.0336283366163057,0.0332046385948043,-0.4143752521996162,-0.4703643631925411,-0.0595123502782413,-1.687637160519282,-0.0590527889094406
900104,138,0.1086224028373967,8115056,0.4866015824202679,67.58698696413336,0.023726239893407,True,0.129989,0.0373194167053904,0.1429495347244949,0.1407557723539751,0.0339567471550363,0.0335189763910278,-0.9586620170531132,-1.0109075445410256,-0.5725329881567284,-1.7868998033389398,-0.05954991050176563
900104,139,0.1181390753910549,15327238,0.458789078800181,33.72071422378655,0.0460620311774003,False,0.1145119999999999,0.036820848451815,0.1285337579516124,0.1267659228316011,0.0328013876921755,0.0324173399769256,-0.2661183010909204,-0.316897646468693,0.0985060242650713,-1.462739401602156,-0.05356672116374161
900104,140,0.158555484472613,18140084,0.8364484831669892,31.56623742787377,0.1044636567895935,False,0.150423,0.0380502064282,0.1594155218443727,0.156730523182843,0.0348838164874233,0.0344249237572286,0.0530127910417435,-0.0246543371213364,0.2137303640640909,-2.1321749158627776,-0.050706461589651336
900104,141,0.317251326515623,14463327,1.33892201944146,24.373082541151817,0.1424775756763761,False,0.31764,0.0435279100148334,0.3081184150780529,0.3026375691433828,0.0410573819841827,0.0409689670454289,0.3567030956879026,0.2224426155834411,-0.008929293509487,-3.816597321987597,0.06731248940350736
900104,142,0.1996128894951962,16104964,0.9377652394437186,60.26705346934994,0.0240952661726053,True,0.194065,0.0394690740980059,0.1980375544102555,0.1942389245655612,0.0368304045308729,0.0364830209270665,0.1473004371095829,0.0427726793937365,0.1405629501573869,-2.8939881292200034,-0.027107161955284457
900104,143,0.149420877984108,4149562,0.6884761909154782,56.20607173499768,0.0316692542113735,True,0.13274,0.0374560741872434,0.1453836895537429,0.1431120897959798,0.0341525995700197,0.0337072587645936,0.1871640833266138,0.1182102821218049,0.4453450700871659,-1.8400211585346098,-0.05971651039127071
900104,144,0.0948241776030987,17452823,0.4168145673444419,386.9752492241015,0.0008608735335273,True,0.0461838343123519,0.0345573529082744,0.0776344270904314,0.0769190380183343,0.0272456748150231,0.027059906410508,0.6616851999832254,0.6309166731737135,1.407525148695645,-0.6363203981019001,-0.047867075870740426
900104,145,0.2609873303249577,3560685,1.27419128682712,85.2387807427901,0.005784413918016,True,0.1766859999999999,0.0389133185507623,0.1829576930081369,0.1795556866554048,0.0361647509260019,0.0357471713364862,2.2779884568499478,2.157615781081422,2.166387588223476,-2.6326436643845783,-0.04087322691501178
900104,146,0.2661864840338854,6368263,1.294618295677497,53.67491329815188,0.0259948487242684,True,0.215478,0.0401530061068522,0.2172662035663778,0.2130402522336388,0.0376601665057037,0.0374144215016047,1.4204745033400326,1.2989926759909134,1.262881386737116,-3.1688430297658385,-0.010654229885691573
900104,147,0.1291785440412665,10909320,0.5802190146949969,309.3830615536255,0.001829240680499,True,0.086639,0.0358736080173064,0.1062267608081843,0.1049979078690477,0.0308432916286031,0.0305532855054681,0.791425071712537,0.7441418221328019,1.185817273265189,-1.0497888177997947,-0.05143048862118581
900104,148,0.1618793679094181,8899944,0.7501768556706618,88.62281577882493,0.0105611280231564,True,0.167105,0.0385254060698132,0.1743520373787384,0.171213596503595,0.035667408672434,0.0352257275326091,-0.2649832735331313,-0.3496937381649467,-0.135641194309863,-2.4598100994270142,-0.045583042770620794
900104,149,0.1546237473446528,2136647,0.8842621722284706,35.07212794752977,0.0800113852282161,True,0.142338,0.037751805741837,0.1499953376367655,0.1476365833801002,0.0340648854396427,0.0336261022045286,0.2077898866200295,0.1358704028548119,0.325434693870487,-1.8921781401916193,-0.04217708084221634
900104,150,0.1025544400857255,15864214,0.4355887383974156,38.59939095662589,0.0378598628634256,True,0.123267,0.0371249982317868,0.1366818949940766,0.1346762590995346,0.0334926699000896,0.0330752369504085,-0.9711742673823048,-1.0189529532926167,-0.5579140983376585,-1.6430741113976977,-0.05709028088592163
900104,151,0.1711196934442289,9344153,0.7416821192368117,32.39315148182517,0.0520740548558195,True,0.168451,0.0385848436337789,0.1758465349201684,0.1726569371955617,0.0357826878799339,0.0353432535896151,-0.0434946869686195,-0.1320985581575127,0.0691642933572137,-2.4937160085848937,-0.046392293767568274
900104,152,0.2920682591493475,8704985,1.4989260289674062,20.67205512482056,0.2286630822026988,False,0.30614,0.0431189626548079,0.2947463319687655,0.2894871830307919,0.0403705373409633,0.0402949468763403,0.0640545854664243,-0.0663373092312215,-0.3263469245145095,-3.697119922394226,0.07574804490113307
900104,153,0.1907262534405783,17420819,0.885759397356853,51.55371246737515,0.0096446742294327,True,0.199049,0.0396464678116005,0.2007833162792405,0.1969423167301306,0.0368257268607964,0.0364975561043696,-0.1703145074091166,-0.2730988278026006,-0.2099240365868475,-2.915021135493159,-0.014940036031085747
900104,154,0.0382662997915431,39488,0.1917924286265847,64.0156676510371,0.0278872483687024,False,0.04628413326195,0.0150228244994832,0.0544745381892106,0.0543318715694558,0.0137374520870098,0.0137227714314174,-1.1707235566958138,-1.1798576835797674,-0.5337101202695088,-0.6584467769295475,-0.012515662522201041
900104,155,0.12664504648629,20330793,0.4698624285268399,25.41434104566256,0.1545234966330551,False,0.094912,0.0362153691755364,0.1134638425154971,0.1120619847933778,0.0316636783250679,0.0313380967386275,0.465346118959963,0.4162878309800586,0.8762314787536605,-1.181814428507537,-0.05536164451823669
900104,156,0.1749134245503102,2567103,0.7402722085180231,27.95314463652089,0.0542544096955003,True,0.1112619999999999,0.0367543594099741,0.1270240838965885,0.1252791985220334,0.0328393238155894,0.032455156762283,1.5293170941006802,1.4582925313153905,1.7318061196582055,-1.4460939228268097,-0.058355669848888785
900104,157,0.1230155151407682,11629036,0.630357932208349,25.59343009927487,0.1276215097709414,False,0.060332,0.0350025023815883,0.0873691399258968,0.0864955868882746,0.028703896891188,0.0284859342711739,1.2820337189870386,1.2418653589093196,1.7908295371973295,-0.7669925981206506,-0.0502147986337931
900104,158,0.2449685478651608,8114308,1.1823337415120705,23.83932629974176,0.1026584740425479,True,0.27964,0.0422620226332621,0.2745006239401913,0.2694279450695865,0.0398651611716683,0.0397809223837928,-0.6148524402840564,-0.7407991139897523,-0.8203926356224892,-3.631535671123999,0.03911609419924844
900104,159,0.0845219911613395,10328428,0.3634702042996997,24.331846527573926,0.1981778214284915,False,0.082674,0.0357364488766663,0.1037839348279593,0.1026004313141542,0.0306629656724975,0.0303808949538237,-0.5950594997379881,-0.6281826706637337,0.0517116618866439,-1.0142535220666926,-0.05322657740723099
900104,160,0.2460719018335516,10777816,1.1951697475159877,184.21296492154545,0.002569790564635,True,0.204724,0.039780974488695,0.208036194853674,0.204000272709505,0.0372825372984743,0.0369877354848738,1.1374480911720513,1.0202016744561544,1.0393888627665946,-3.0543301176965354,-0.02128173232701803
900104,161,0.0819361417986594,815913,0.4551818920050187,22.23689707018017,0.145601309051561,False,0.058005,0.0151034327380574,0.0646373720096894,0.0644723376021046,0.0141712800824445,0.0141581683297769,1.2334790623887069,1.220692110263191,1.5844836212868405,-0.7644289668723574,-0.011664581038573131
900104,162,0.0373646511385187,604811,1e-06,21.927390587155287,0.166963535734999,False,0.090763,0.0360080840041056,0.1098856671070448,0.1085721980306903,0.0312566586882479,0.030949173595398,-2.300789928127829,-2.3201781320212898,-1.482954462542158,-1.1169505773244481,-0.05367494004689734
900104,163,0.2515681022919414,14837381,1.2644781185650664,37.805938309878265,0.0387124616204717,True,0.244034,0.0411027010114823,0.2427761734087014,0.2381160665883361,0.038692950132206,0.0385513927361794,0.3489377360673373,0.2272230174540758,0.1832994452076683,-3.4212852573091244,0.012106420409302382
900104,164,0.325965590497788,9444227,1.5765354089204746,27.73805024500657,0.1424291352169379,True,0.310751,0.0432644656305041,0.3024115390283201,0.2970038726400299,0.0408516113236746,0.0407684573159876,0.7103952360346137,0.5765758242152292,0.3516648195247969,-3.7901064343977,0.06026496016969295
900104,165,0.2717890037781357,4537615,1.3089502975896012,53.312265178754735,0.0279630173610216,True,0.21998,0.0403142797470869,0.2202912023139746,0.2160208514215004,0.0377200901760569,0.0374916338530744,1.4874825827859202,1.3652618862732635,1.2851278530377166,-3.1911536695771265,-0.0018208327029900651
900104,166,0.1143655932653229,17116420,0.5002125533494552,47.98020708341739,0.0304260289674942,True,0.083713,0.0358289183992221,0.1046853411972034,0.103479565726245,0.0307963442869729,0.0305090642660146,0.3568128948223532,0.3143312069093308,0.8555266146685696,-1.0297326851564919,-0.053722598763315414
900104,167,0.2033976102598979,14911840,1.1226104158610255,21.46105239977628,0.1451183068074341,False,0.189896,0.0393080282295255,0.1941130083536393,0.1904210615419604,0.0366143982703694,0.0362484915323634,0.3579886546824073,0.2535778913447879,0.3434822571373955,-2.828624360224808,-0.029286909803459465
900104,168,0.1991742644107146,6968319,1.04458442432348,23.07989956031537,0.0901384534887319,True,0.12925,0.037314360855996,0.1428416260629482,0.1406422870613368,0.0340162305849702,0.0335760415251376,1.7432661710748771,1.656051754677851,1.873923679962444,-1.7909236494953036,-0.06201254798580243
900104,169,0.1665513047849849,20122221,0.7700066080361884,46.60950645461511,0.0269096691393688,True,0.186828,0.0392281715492695,0.1922908516660398,0.1886291729155896,0.0366230876838681,0.0362449005891152,-0.6091303265219856,-0.7028229597471313,-0.5168911630140123,-2.809187959192775,-0.03595187430265881
900104,170,0.233144475028601,14649290,1.3084779994974536,26.466301864976085,0.1043294125978599,True,0.1571779999999999,0.0382214572042915,0.164176840176783,0.161366946090427,0.0350077997474787,0.0345557325923309,2.077152575086883,1.970064824104949,1.9875347667297096,-2.2226690341107163,-0.04320501890716831
900104,171,0.1597117805025724,2247342,0.6304971174188355,20.606469232068395,0.1838819495453417,False,0.158792,0.0383019904628511,0.1676537432139332,0.16470334538675,0.0354096755805781,0.0349521064716157,-0.1428115609636082,-0.2242879264253119,0.0240139087148616,-2.3255812223127377,-0.052166100840969974
900104,172,0.2192207501822863,6343565,1.0408910691357376,58.47824090950008,0.0152227026292475,True,0.177816,0.0389084200191875,0.1842295294797402,0.1807927944697534,0.0362183664837666,0.0358057771137523,1.0732333944449803,0.966118135621314,1.0641591244740274,-2.662635569727338,-0.041474203786318914
900104,173,0.1632556437047485,2120718,0.7506799438763857,58.2722841743266,0.0274240854611215,True,0.111554,0.0367632726450664,0.1265376036730433,0.1248147447009019,0.0327206066344552,0.0323415609426108,1.1885913321270674,1.12216868232023,1.4063395335857511,-1.4270827122633178,-0.05528029122445775
900104,174,0.1485000671059831,3045076,0.7641647205866109,20.0244993073413,0.1972370665636903,False,0.150917,0.0380619330901945,0.1611598278641474,0.1584020345852488,0.0351054357559165,0.0346413498067824,-0.2858424263054268,-0.3606210971482027,-0.0635000037515054,-2.188891518031668,-0.056741807529227584
900104,175,0.0903774796273114,18355253,0.3689444114244615,20.78888507643496,0.1588588584519355,False,0.0428014442039427,0.034449152927269,0.0752945252613653,0.0746155978613274,0.0268393647893315,0.02666099621175,0.5911962794187479,0.5619713612574533,1.3810509513489029,-0.6064368294079103,-0.046917927538346574
900104,176,0.2033603876724468,2006454,0.9605205261399338,334.3495633469489,0.000831802635884,True,0.17236,0.0387799241844738,0.1787679035278263,0.1754916970941951,0.0359320474542874,0.0355011975474981,0.7850070561976211,0.6844164440088456,0.7993926838273272,-2.543432834060831,-0.041667955765920944
900104,177,0.2748571512870348,2885773,1.4270383429835507,31.493694897190693,0.0551361071076567,True,0.260498,0.0416891403461455,0.2592692875623735,0.2543439029244738,0.0394801799791792,0.0393737102947647,0.5209884516595453,0.3948275750739201,0.3444338541838611,-3.566792468399037,0.014957544936219386
900104,178,0.3344959854688919,15899456,1.6889474031128924,53.21518471874273,0.0330800689943506,True,0.2949699999999999,0.0427982304360922,0.2887968465990124,0.2835350663206573,0.0404456850604905,0.0403664897453627,1.262456048809371,1.1298891044009238,0.923542517205556,-3.7208412119775214,0.04675496780835027
900104,179,0.2368083199375327,12285147,1.08990912741032,44.74010258655029,0.0555889106885716,True,0.193236,0.0393918028773244,0.1945773347350886,0.1909165134054257,0.0364065685808989,0.0360516100616976,1.2729474898227624,1.1599825759080464,1.1061265734200454,-2.798104096287065,-0.014756685736444801
900104,180,0.1115765946673858,20429925,0.6213329548935764,24.9830286491128,0.1581333732906789,False,0.064578,0.0352149890958148,0.0905695811865889,0.0896366506771093,0.0291792960984771,0.028948117475914,0.757905725943365,0.7199287265155525,1.3346190322396394,-0.8121214544720571,-0.05132572920626836
900104,181,0.2125815276016709,2572085,0.889815252087936,22.854022805010167,0.1660704761459853,False,0.182008,0.0390890428680283,0.1879240548057404,0.1843787745926816,0.0364259171486274,0.0360275558730757,0.7828106105323083,0.6769211244653457,0.7821508371257049,-2.727791654107101,-0.03879764917010968
900104,182,0.0680494708348194,1531396,0.1807329801310703,40.147921652622415,0.0467746057245702,False,0.0247792649257813,0.0338319111383452,0.0642871792240484,0.0637647988710981,0.0247649523089311,0.0246168002564819,0.174054788562257,0.151920002261185,1.2789761043086774,-0.4771931732841572,-0.04439402021524609
900104,183,0.1102327051053029,1666262,0.4920253606410846,47.95811278661193,0.0347280305064684,True,0.101482,0.0151120760234826,0.1046958204461347,0.1044428650281437,0.0147201644172896,0.0146977345238931,0.3939273816483093,0.3761428542649163,0.5790538038390763,-1.2497126729276398,-0.010347014302233028
900104,184,0.1416394736366279,9097136,0.7562480642694372,27.052854297650093,0.1164610888767218,False,0.165986,0.0384856624807871,0.1739892920510691,0.1708525967230037,0.0357032674602557,0.0352585173607611,-0.8285408824049654,-0.9060744496411272,-0.6326128951405323,-2.4619575241476768,-0.04911213381048078
900104,185,0.211357688630597,15297790,1.01785883653124,24.3912138664828,0.1572914356537167,False,0.14822,0.0379416592280543,0.1576290688976496,0.1550011624226202,0.0347685452859148,0.0343107101405665,1.6425345315527278,1.5453226268489724,1.6640729455477428,-2.0967139198231046,-0.051933041077258976
900104,186,0.1996173239434502,9616802,0.9421457125253035,226.6449486495829,0.0010767799339036,True,0.188417,0.0392497779170456,0.1904664332098667,0.1869083214041355,0.0362398535001468,0.035864554256669,0.3543610900155378,0.2525090432152638,0.2853601864225085,-2.7316023506464746,-0.019349976907355553
900104,187,0.1011468073979633,19462432,0.384205777880208,26.19062132488805,0.06072439209534,False,0.128613,0.0373065171807131,0.1411058589199753,0.1389729020490376,0.0337865752724395,0.0333558743207759,-1.134015984330355,-1.182690201649634,-0.7362304143533479,-1.7367998878497661,-0.056595288277481046
900104,188,0.1081766055051978,4388796,0.4412360000381543,24.695222294587893,0.1462212365015191,False,0.14686,0.0379196726744413,0.1578700908157511,0.1552117113309281,0.0349364416902022,0.0344721484274896,-1.3644379004884528,-1.4223968700421392,-1.020140517216955,-2.1218894026380477,-0.05896347628891882
900104,189,0.1999458372071771,5072577,1.0392168891910707,39.854352886410666,0.0604772627399124,True,0.190861,0.0393578459873457,0.1949655988826401,0.1912490999596966,0.0366672422859703,0.0363051211248253,0.2395457439070119,0.1358225493397012,0.2308265856342352,-2.8411189844701847,-0.02852696846428274
900104,190,0.1231268632538983,190961,0.7061678224186001,39.30803667661059,0.0693607616296771,True,0.131832,0.0151183128455325,0.1274924289711893,0.1271677309402367,0.0144106409632849,0.0143805386926212,-0.2809955713558768,-0.3029404263428301,-0.5758008076062602,-1.6154992645227964,0.009182702711520406
900104,191,0.0592827406724391,770915,0.1029329637023883,22.047191542305765,0.1909787552458762,False,0.062522,0.0025313303524186,0.0627049436459903,0.0626995785965799,0.0025256307183432,0.0025256207985047,-1.352870520453317,-1.3549894482579086,-1.2796667667125683,-0.8440177371985207,-0.0003318549358905475
900104,192,0.1959178691938529,4584374,0.9251076876443084,106.22133695608942,0.0082404679355244,True,0.146516,0.0379067601562481,0.1559675577336822,0.1533913864759435,0.0346688771523717,0.0342122806078044,1.243018061421147,1.1523393528029982,1.3032469403932974,-2.0575984614297633,-0.05151321500140735
900104,193,0.0871777954413066,6125621,0.4486360414448167,26.439768804326583,0.1557006044950426,False,0.0870669999999999,0.0359126941738383,0.1074001658468636,0.1061359800555829,0.0310745643270659,0.0307756437308464,-0.6160126098442757,-0.6507692334062223,0.0030851330944538,-1.0784630640668942,-0.054715603181288035
900104,194,0.1286243844603659,15014547,0.6065230117061757,33.752900199106435,0.0665779298989965,False,0.071171,0.0353891225240598,0.0954679615410205,0.0944451852341561,0.0297868620846922,0.0295370248924614,1.157164587518531,1.1131223834545765,1.6234758129791265,-0.8864660688662259,-0.05282143895247017
900104,195,0.1996230514586058,9972003,0.977130649397707,29.2607247844728,0.1019060321471202,False,0.175293,0.0387905578425457,0.1814876678298786,0.178141645272342,0.0360137328625005,0.0355936549940531,0.6035178514219129,0.5035685608589235,0.6272158177606935,-2.6024737267053455,-0.040565899871795506
900104,196,0.1558536352512762,1190416,0.7167603424826751,128.0257586852264,0.003578445942813,True,0.180974,0.039037920931817,0.1874574963048624,0.1839203398513594,0.0364297059484426,0.0360282471415497,-0.7790194313315674,-0.8675299520208536,-0.6434862346434536,-2.7271689332448084,-0.04168273564423459
900104,197,0.1910579553984215,12954498,0.8910676072503871,67.1104461487829,0.0256850944739045,True,0.205641,0.0398042221256659,0.2081066169169468,0.2040823957177848,0.0372200613059699,0.0369279301455734,-0.3526988993972778,-0.4580503341565098,-0.3663692900601944,-3.044552669430307,-0.016776584660485826
900104,198,0.1520298500141436,7171379,0.5932687437103542,36.31401842220345,0.0561331715851892,True,0.137149,0.0375592141689554,0.1486575466223523,0.1462979502878187,0.0342789962744806,0.0338300051092661,0.1694324227209437,0.098378125333319,0.3961970542622104,-1.9076605733285255,-0.056794848802756856
900104,199,0.0740541203275002,20428221,0.3207387668152158,321.40781546179966,0.0007759355672506,True,0.086569,0.035942414318961,0.1068666861222146,0.1056137105013029,0.0310253848992903,0.0307285464591754,-1.027044680285525,-1.0576038267123955,-0.3481925159907168,-1.066598193188788,-0.05401721572438772
