event_idx,h,w_G,w_G_legacy,w_tilde_G,alpha_G_phi,r_Malm,D_tilde_phi,L_cat_no_bh,L_cat_with_bh,B_num,B_num_wbh,g_frac,L_comp,combined_no_bh,combined_with_bh
0,0.78,0.06413655107480194,0.1100117,0.06413655,5.761725e+07,0.4412427,8.983528e+08,0.0,0.0,125632702.40785147,19694932.26272844,0.156766,0.10021446582509642,0.09378705561927114,0.01470261860280459
1,0.78,0.06413655107480194,0.1100117,0.06413655,5.761725e+07,0.4412427,8.983528e+08,0.0,0.0,506534214.4860952,69622044.72920822,0.1374479,0.4040512920120586,0.37813683568508755,0.05197409954732902
2,0.78,0.06413655107480194,0.1100117,0.06413655,5.761725e+07,0.4412427,8.983528e+08,0.0,0.0,96023714.00378536,9470673.034024743,0.09862848,0.07659602174433358,0.0716834170836015,0.00707002652629798
3,0.78,0.06413655107480194,0.1100117,0.06413655,5.761725e+07,0.4412427,8.983528e+08,0.0,0.0,69253687.88987622,10419036.269218963,0.1504474,0.05524215594576084,0.051699114589463385,0.007777996615150208
4,0.78,0.06413655107480194,0.1100117,0.06413655,5.761725e+07,0.4412427,8.983528e+08,0.0010740736267137825,0.0,235837105.74914414,38981361.75326556,0.1652893,0.18812211407871635,0.17621273178475594,0.029100282592026502
5,0.78,0.06413655107480194,0.1100117,0.06413655,5.761725e+07,0.4412427,8.983528e+08,0.050446130579981374,0.0001857230877210077,44750703.3878828,7540309.471982408,0.1684959,0.03569665978174275,0.04073976413261886,0.005640887297358258
6,0.78,0.06413655107480194,0.1100117,0.06413655,5.761725e+07,0.4412427,8.983528e+08,0.0,0.0,583180887.5937172,81272808.29557571,0.1393612,0.4651906709757884,0.4353549457472284,0.06067160258327101
7,0.78,0.06413655107480194,0.1100117,0.06413655,5.761725e+07,0.4412427,8.983528e+08,0.0,0.0,216608678.14102027,29169867.15675675,0.1346662,0.17278401687573647,0.16170224595247637,0.021775826683694134
8,0.78,0.06413655107480194,0.1100117,0.06413655,5.761725e+07,0.4412427,8.983528e+08,2.2686796837596183e-07,0.0,324728283.2681074,35626420.45239119,0.1097115,0.2590286670772134,0.24241549471762605,0.026595759005778864
9,0.78,0.06413655107480194,0.1100117,0.06413655,5.761725e+07,0.4412427,8.983528e+08,0.00040438433482371165,0.0,26068766.756855335,3850947.886684617,0.1477227,0.02079448650858617,0.019519578888489687,0.0028748013591470226
10,0.78,0.06413655107480194,0.1100117,0.06413655,5.761725e+07,0.4412427,8.983528e+08,0.002150024123621322,1.7441399302014205e-05,112957814.94011451,12991380.922754778,0.1150109,0.09010398461576213,0.08463754118357261,0.00969941646147127
11,0.78,0.06413655107480194,0.1100117,0.06413655,5.761725e+07,0.4412427,8.983528e+08,3.795923605495635e-09,0.0,227156554.4298297,31349119.916028902,0.1380067,0.18119782767191478,0.16957642449454588,0.023402677780781846
12,0.78,0.06413655107480194,0.1100117,0.06413655,5.761725e+07,0.4412427,8.983528e+08,0.0007812024932923396,1.2451831836111282e-06,221066607.6245819,23058444.75359505,0.1043054,0.17634000996765262,0.16514372109979775,0.0172136205971817
13,0.78,0.06413655107480194,0.1100117,0.06413655,5.761725e+07,0.4412427,8.983528e+08,0.005959706018965823,0.002704186781230614,97114.86079619618,10143.181440625465,0.1044452,7.746640573546377e-05,0.0009387672281881384,0.00018100927967019934
14,0.78,0.06413655107480194,0.1100117,0.06413655,5.761725e+07,0.4412427,8.983528e+08,0.0,0.0,34801662.396046236,4783574.199149878,0.1374525,0.02776052683737509,0.025980062390006376,0.0035710235541868136
15,0.78,0.06413655107480194,0.1100117,0.06413655,5.761725e+07,0.4412427,8.983528e+08,0.0,0.0,430895225.75770676,53421965.457238525,0.123979,0.34371572089333835,0.3216709800050504,0.03988045110550524
16,0.78,0.06413655107480194,0.1100117,0.06413655,5.761725e+07,0.4412427,8.983528e+08,0.0,0.0,505882590.5856718,61229619.77131736,0.1210352,0.4035315058429463,0.37765038680815843,0.04570900446284185
17,0.78,0.06413655107480194,0.1100117,0.06413655,5.761725e+07,0.4412427,8.983528e+08,0.0,0.0,290858520.8858412,47629221.23374626,0.1637539,0.23201149654988712,0.21713107935147405,0.03555606410861352
18,0.78,0.06413655107480194,0.1100117,0.06413655,5.761725e+07,0.4412427,8.983528e+08,0.0,0.0,9310.11722129385,1595.8648729769254,0.1714119,7.42647739178685e-06,6.950168745242651e-06,1.1913416231136822e-06
19,0.78,0.06413655107480194,0.1100117,0.06413655,5.761725e+07,0.4412427,8.983528e+08,0.0,0.0,384616917.68589634,51877022.91161238,0.1348797,0.3068005241824548,0.2871233966934508,0.03872712390901757
20,0.78,0.06413655107480194,0.1100117,0.06413655,5.761725e+07,0.4412427,8.983528e+08,2.443033920775204e-07,0.0,85537995.95220318,11079510.725804359,0.1295274,0.06823179321790647,0.06385567683782395,0.008271052590287866
21,0.78,0.06413655107480194,0.1100117,0.06413655,5.761725e+07,0.4412427,8.983528e+08,0.06964312627955009,0.004850401488453993,12085306.221233254,1521298.0752906546,0.12588,0.009640185111690437,0.019144828893198906,0.0014467641999889344
22,0.78,0.06413655107480194,0.1100117,0.06413655,5.761725e+07,0.4412427,8.983528e+08,0.0,0.0,128346243.36848238,14781368.170187507,0.1151679,0.1023789982489978,0.0958127623988139,0.011034555272128432
23,0.78,0.06413655107480194,0.1100117,0.06413655,5.761725e+07,0.4412427,8.983528e+08,0.008920235154692108,0.0,13953471.13833776,2070789.5700703005,0.1484068,0.01113037950895044,0.011713110421612943,0.0015458813896520338
24,0.78,0.06413655107480194,0.1100117,0.06413655,5.761725e+07,0.4412427,8.983528e+08,5.350868148317373e-07,0.0,224154386.50238726,29313096.08797819,0.1307719,0.17880306381346356,0.16733532975606147,0.021882749638317406
25,0.78,0.06413655107480194,0.1100117,0.06413655,5.761725e+07,0.4412427,8.983528e+08,0.0,0.0,423637218.6351923,62533137.01735416,0.1476101,0.3379261669571645,0.3162527480906043,0.046682103362345365
26,0.78,0.06413655107480194,0.1100117,0.06413655,5.761725e+07,0.4412427,8.983528e+08,3.622459840649483e-05,0.0,469301371.9874408,58064491.98277921,0.1237254,0.37435146584705675,0.3503471193411256,0.043346180052824416
27,0.78,0.06413655107480194,0.1100117,0.06413655,5.761725e+07,0.4412427,8.983528e+08,0.00010971494878605115,0.0,45840347.57485428,5407515.69789362,0.1179641,0.03656584517729581,0.03423658552658521,0.004036807023970661
28,0.78,0.06413655107480194,0.1100117,0.06413655,5.761725e+07,0.4412427,8.983528e+08,0.031020534544991638,0.0003714225435843946,27917598.224167563,3495083.165366851,0.1251928,0.02226925903473813,0.025349955491987545,0.002632963751372646
29,0.78,0.06413655107480194,0.1100117,0.06413655,5.761725e+07,0.4412427,8.983528e+08,0.0003670730039757452,0.0,194566371.8745703,31490126.772721875,0.1618477,0.15520135005643698,0.14530062640300645,0.023507941917092712
30,0.78,0.06413655107480194,0.1100117,0.06413655,5.761725e+07,0.4412427,8.983528e+08,2.543583896537567e-07,0.0,226042671.88921458,36646524.03397471,0.1621222,0.18030930787046004,0.1687449277090649,0.027357284544191635
31,0.78,0.06413655107480194,0.1100117,0.06413655,5.761725e+07,0.4412427,8.983528e+08,5.122428316744563e-05,0.0,240460043.93309063,32377327.34137516,0.1346474,0.1918097310109912,0.17951516207422577,0.02417025298326408
32,0.78,0.06413655107480194,0.1100117,0.06413655,5.761725e+07,0.4412427,8.983528e+08,0.0,0.0,106318856.430066,13665981.35674458,0.1285377,0.08480823225218082,0.07936892473277517,0.010201899099774729
33,0.78,0.06413655107480194,0.1100117,0.06413655,5.761725e+07,0.4412427,8.983528e+08,0.0008947507244911838,1.4802073614016979e-07,160014552.5498926,22772984.031876363,0.1423182,0.12764011758635183,0.11958377658395339,0.01700044870307515
34,0.78,0.06413655107480194,0.1100117,0.06413655,5.761725e+07,0.4412427,8.983528e+08,0.00208518956486719,7.992309031614598e-07,147624677.32471338,15874478.40616153,0.1075327,0.11775698442489135,0.11050754897231807,0.011850632841549231
35,0.78,0.06413655107480194,0.1100117,0.06413655,5.761725e+07,0.4412427,8.983528e+08,0.0,0.0,21947337.457727253,4038149.7808194426,0.1839927,0.017506912272483376,0.01638407929935717,0.0030145509157573605
36,0.78,0.06413655107480194,0.1100117,0.06413655,5.761725e+07,0.4412427,8.983528e+08,0.0,0.0,187121725.5189617,28096090.194382522,0.1501487,0.14926291807586817,0.1396897093071213,0.020974233008140192
37,0.78,0.06413655107480194,0.1100117,0.06413655,5.761725e+07,0.4412427,8.983528e+08,1.0732729663224613e-08,0.0,28993373.10513232,4062300.1140007186,0.1401113,0.023127381187471523,0.02164407228276389,0.0030325795707005876
38,0.78,0.06413655107480194,0.1100117,0.06413655,5.761725e+07,0.4412427,8.983528e+08,0.00010053385737988399,7.88956844729484e-07,85342274.09779395,10602314.92508652,0.1242329,0.0680756701646409,0.06372414450261152,0.007914868005312459
39,0.78,0.06413655107480194,0.1100117,0.06413655,5.761725e+07,0.4412427,8.983528e+08,0.0,0.0,520728875.581707,70674818.30979529,0.1357229,0.4153740634879678,0.38873340364992376,0.05276001382334676
40,0.78,0.06413655107480194,0.1100117,0.06413655,5.761725e+07,0.4412427,8.983528e+08,0.0,0.0,374026783.42945063,57434716.17799651,0.1535578,0.29835300512742063,0.2792176723757452,0.042876041169406305
41,0.78,0.06413655107480194,0.1100117,0.06413655,5.761725e+07,0.4412427,8.983528e+08,3.183434482480932e-10,0.0,297412194.9316395,38744588.63424813,0.1302724,0.23723921935695802,0.22202351409399693,0.02892352723090766
42,0.78,0.06413655107480194,0.1100117,0.06413655,5.761725e+07,0.4412427,8.983528e+08,4.613857686210215e-16,0.0,409499870.00661725,60973124.79788161,0.1488966,0.32664911238584404,0.3056989649057707,0.04551752638525034
43,0.78,0.06413655107480194,0.1100117,0.06413655,5.761725e+07,0.4412427,8.983528e+08,0.006141318692973796,0.0007224549059579731,599.9176234837015,75.1720676460581,0.125304,4.785412000555933e-07,0.000893115293646216,4.6391883265969605e-05
44,0.78,0.06413655107480194,0.1100117,0.06413655,5.761725e+07,0.4412427,8.983528e+08,0.08705948301693396,0.05539722853395728,20901.908209088546,2620.058627535814,0.1253502,1.6672996168616196e-05,0.012670079030466888,0.003554943097819312
45,0.78,0.06413655107480194,0.1100117,0.06413655,5.761725e+07,0.4412427,8.983528e+08,0.003995264441746161,1.0201667538595025e-06,150385545.93177786,18631678.189491738,0.1238927,0.11995926907982173,0.1128462243951123,0.01390894588186348
46,0.78,0.06413655107480194,0.1100117,0.06413655,5.761725e+07,0.4412427,8.983528e+08,0.05238432703658722,0.017006606830802583,3582837.7499103798,297501.8950836911,0.08303527,0.002857951507559229,0.010288942653215328,0.0013128355844257437
47,0.78,0.06413655107480194,0.1100117,0.06413655,5.761725e+07,0.4412427,8.983528e+08,1.2971803427942364e-06,0.0,92028871.38396019,13463310.135308458,0.1462944,0.07340942294061248,0.0687013842876279,0.010050601414116832
48,0.78,0.06413655107480194,0.1100117,0.06413655,5.761725e+07,0.4412427,8.983528e+08,0.0,0.0,30553110.964088563,4811043.909055017,0.1574649,0.024371550049294168,0.022808442884785524,0.0035915301831245154
49,0.78,0.06413655107480194,0.1100117,0.06413655,5.761725e+07,0.4412427,8.983528e+08,0.0,0.0,548747210.1123914,68920163.65211387,0.1255955,0.43772367767668485,0.4096495906667241,0.05145013279063329
50,0.78,0.06413655107480194,0.1100117,0.06413655,5.761725e+07,0.4412427,8.983528e+08,0.010273965036818896,0.0,1491.9488499622503,255.59731376710914,0.1713177,1.1900950482777312e-06,0.0014944793727805742,1.9080795862044626e-07
51,0.78,0.06413655107480194,0.1100117,0.06413655,5.761725e+07,0.4412427,8.983528e+08,0.00012593080820564025,3.9166700837114634e-08,69696172.88468102,9123263.399513507,0.1309005,0.055595116572573024,0.052047742130960854,0.00681068154287715
52,0.78,0.06413655107480194,0.1100117,0.06413655,5.761725e+07,0.4412427,8.983528e+08,0.0,0.0,134072264.37650411,20243685.769871794,0.1509909,0.10694652028445721,0.10008733932396079,0.015112272894317364
53,0.78,0.06413655107480194,0.1100117,0.06413655,5.761725e+07,0.4412427,8.983528e+08,0.0,0.0,114326836.08194402,16506175.157965556,0.1443771,0.0911960229131341,0.08534702453174706,0.012322154486305152
54,0.78,0.06413655107480194,0.1100117,0.06413655,5.761725e+07,0.4412427,8.983528e+08,0.014502885983531414,0.00015016449293468588,71565586.8462103,8420152.455293706,0.1176564,0.057086307305320695,0.05553304614260651,0.006295425189065635
55,0.78,0.06413655107480194,0.1100117,0.06413655,5.761725e+07,0.4412427,8.983528e+08,0.0,0.0,649337180.5187104,103027678.889973,0.1586659,0.5179621025328673,0.4847417996889563,0.07691200193250347
56,0.78,0.06413655107480194,0.1100117,0.06413655,5.761725e+07,0.4412427,8.983528e+08,6.10473897413712e-10,0.0,315582499.83172077,48086846.75458922,0.1523749,0.2517332751604331,0.23558797118961386,0.03589768973119038
57,0.78,0.06413655107480194,0.1100117,0.06413655,5.761725e+07,0.4412427,8.983528e+08,8.810711357174441e-06,0.0,320571572.09055686,50903901.310959145,0.1587911,0.2557129492564256,0.23931368330125774,0.03800067125826988
58,0.78,0.06413655107480194,0.1100117,0.06413655,5.761725e+07,0.4412427,8.983528e+08,0.0062434079589496075,2.6813034852755905e-06,145484526.43538326,21213919.892123684,0.1458156,0.1160498327514118,0.10951430329021347,0.015836741960438154
59,0.78,0.06413655107480194,0.1100117,0.06413655,5.761725e+07,0.4412427,8.983528e+08,0.022372256171339023,6.986399671944243e-05,55256569.487863116,9468499.840806076,0.1713552,0.04407695996681398,0.0445019207365789,0.007072885034550037
60,0.78,0.06413655107480194,0.1100117,0.06413655,5.761725e+07,0.4412427,8.983528e+08,0.00017696822398990305,0.0,239704535.7432124,26514140.766888894,0.1106118,0.19120707861058878,0.17896943915024757,0.019793279513551136
61,0.78,0.06413655107480194,0.1100117,0.06413655,5.761725e+07,0.4412427,8.983528e+08,0.0,0.0,180296692.60749316,25611320.45647004,0.142051,0.14381873822179558,0.13459470037231983,0.01911930803124886
62,0.78,0.06413655107480194,0.1100117,0.06413655,5.761725e+07,0.4412427,8.983528e+08,0.0015976486097227793,3.086797023473374e-05,138643041.48168528,18854528.073210917,0.1359933,0.11059252946218134,0.10373173123803553,0.014077221634394165
63,0.78,0.06413655107480194,0.1100117,0.06413655,5.761725e+07,0.4412427,8.983528e+08,0.0,0.0,496507781.9923541,81620486.21267794,0.1643891,0.3960534255550456,0.37065192479858416,0.06093115035645353
64,0.78,0.06413655107480194,0.1100117,0.06413655,5.761725e+07,0.4412427,8.983528e+08,4.2082482435982806e-05,0.0,193700920.34469324,24642570.16037756,0.1272197,0.1545109982523137,0.1446073125935616,0.018396118637408893
65,0.78,0.06413655107480194,0.1100117,0.06413655,5.761725e+07,0.4412427,8.983528e+08,1.302016681819188e-05,0.0,297225328.7540235,35884166.92801778,0.1207305,0.23709016028386914,0.22188590764749683,0.026788171352102406
66,0.78,0.06413655107480194,0.1100117,0.06413655,5.761725e+07,0.4412427,8.983528e+08,0.00022484287255613566,1.1848626708950482e-09,269932474.50527644,34241531.55326789,0.1268522,0.21531924588849857,0.20154209396888692,0.025561914790283708
67,0.78,0.06413655107480194,0.1100117,0.06413655,5.761725e+07,0.4412427,8.983528e+08,0.003457288711611491,3.954774860141905e-09,105214075.84462163,19517304.92030599,0.1855009,0.08392697288179155,0.07904671828490827,0.014570016873654392
68,0.78,0.06413655107480194,0.1100117,0.06413655,5.761725e+07,0.4412427,8.983528e+08,0.0,0.0,243010126.95404977,30182932.70517259,0.1242044,0.19384387660252228,0.18141139891026703,0.022532098204677553
69,0.78,0.06413655107480194,0.1100117,0.06413655,5.761725e+07,0.4412427,8.983528e+08,0.0001083909649567168,0.0,140749541.72781613,16978022.78116201,0.1206258,0.11227283875172542,0.10508780119408735,0.01267439716223585
70,0.78,0.06413655107480194,0.1100117,0.06413655,5.761725e+07,0.4412427,8.983528e+08,0.0030756508594454567,9.116934845499473e-07,124130199.75445415,16854070.76418223,0.1357774,0.09901595223806725,0.09311246982051294,0.012581923241174346
71,0.78,0.06413655107480194,0.1100117,0.06413655,5.761725e+07,0.4412427,8.983528e+08,5.770578464425128e-09,0.0,253298342.61444983,31313414.247013554,0.1236227,0.20205056178034544,0.18909173644380664,0.02337602286130877
72,0.78,0.06413655107480194,0.1100117,0.06413655,5.761725e+07,0.4412427,8.983528e+08,0.0,0.0,91990322.04786459,16440543.9900481,0.1787204,0.07337867297622669,0.06867241796908574,0.012273159647558075
73,0.78,0.06413655107480194,0.1100117,0.06413655,5.761725e+07,0.4412427,8.983528e+08,2.158095382578184e-08,1.243094122298698e-11,53049639.958617344,5516044.4384345,0.1039789,0.04231654042916043,0.03960250660950238,0.004117825667448676
74,0.78,0.06413655107480194,0.1100117,0.06413655,5.761725e+07,0.4412427,8.983528e+08,0.006198471877882139,2.752465602114962e-06,140100759.87382334,18948176.988686457,0.1352468,0.1117553196210469,0.10548869376529857,0.01414532899047365
75,0.78,0.06413655107480194,0.1100117,0.06413655,5.761725e+07,0.4412427,8.983528e+08,0.0059494277388721685,2.973069315993597e-06,157232714.98038226,23335668.280572012,0.1484148,0.12542110644755106,0.11824180450574161,0.017420683730773715
76,0.78,0.06413655107480194,0.1100117,0.06413655,5.761725e+07,0.4412427,8.983528e+08,0.04303183383845493,0.0008360041515558663,56216980.89374639,6978262.449238102,0.1241309,0.04484305919232031,0.04822184467705593,0.005263015943746698
77,0.78,0.06413655107480194,0.1100117,0.06413655,5.761725e+07,0.4412427,8.983528e+08,0.0015173688801425232,0.0,128260547.97310491,15176661.989635149,0.1183268,0.10231064090169227,0.09596934543753691,0.011329649166631598
78,0.78,0.06413655107480194,0.1100117,0.06413655,5.761725e+07,0.4412427,8.983528e+08,0.015331083918470795,5.2258812571994385e-05,70898402.04003388,10586392.675524345,0.1493178,0.05655410854117621,0.055155362951961925,0.007906282860740532
79,0.78,0.06413655107480194,0.1100117,0.06413655,5.761725e+07,0.4412427,8.983528e+08,0.00015931444606524502,5.805999255731513e-11,253442996.556691,38012070.88437731,0.1499827,0.2021659490742057,0.18922287940507151,0.028376689654665905
80,0.78,0.06413655107480194,0.1100117,0.06413655,5.761725e+07,0.4412427,8.983528e+08,0.0,0.0,448936824.4999108,59283394.50136452,0.1320529,0.3581071106026129,0.33513935561319874,0.04425611254742214
81,0.78,0.06413655107480194,0.1100117,0.06413655,5.761725e+07,0.4412427,8.983528e+08,0.00034571419970290374,7.593883085565429e-07,141151594.2149726,19199147.612968367,0.1360179,0.11259354724928868,0.10542243652147147,0.01433255521367654
82,0.78,0.06413655107480194,0.1100117,0.06413655,5.761725e+07,0.4412427,8.983528e+08,0.0,0.0,165683470.31184152,22038471.7888882,0.1330155,0.13216208960822093,0.12368566899791072,0.016452112704844774
83,0.78,0.06413655107480194,0.1100117,0.06413655,5.761725e+07,0.4412427,8.983528e+08,0.002487525107161283,7.39168118381764e-09,183193919.83193424,28038802.029226426,0.1530553,0.146129793170918,0.13711910484607967,0.02093146684400236
84,0.78,0.06413655107480194,0.1100117,0.06413655,5.761725e+07,0.4412427,8.983528e+08,0.014978267769342999,0.00019691476667300077,40066820.98409429,5026389.473691076,0.1254502,0.03196042897489911,0.03208775380596568,0.003764918926281748
85,0.78,0.06413655107480194,0.1100117,0.06413655,5.761725e+07,0.4412427,8.983528e+08,3.413784935289359e-05,1.4122914782564935e-08,91425130.23921755,12020415.535717595,0.1314782,0.07292783180106509,0.06825545427720517,0.008973455737286772
86,0.78,0.06413655107480194,0.1100117,0.06413655,5.761725e+07,0.4412427,8.983528e+08,5.140350248276878e-05,0.0,211986881.51960567,34139036.739351474,0.1610432,0.16909731054298824,0.15825946397191004,0.025485400505575687
87,0.78,0.06413655107480194,0.1100117,0.06413655,5.761725e+07,0.4412427,8.983528e+08,0.0,0.0,17698217.232573234,2268103.88962743,0.1281544,0.014117481770478894,0.01321203517985899,0.0016931800524055197
88,0.78,0.06413655107480194,0.1100117,0.06413655,5.761725e+07,0.4412427,8.983528e+08,5.184492703710472e-05,0.0,165735562.15514135,18728873.9011363,0.1130046,0.13220364213515132,0.12373209237523246,0.01398143878613576
89,0.78,0.06413655107480194,0.1100117,0.06413655,5.761725e+07,0.4412427,8.983528e+08,0.00010709865040548047,0.0,219346872.46915856,28717445.65969584,0.1309225,0.1749682147530444,0.16376192416679008,0.02143808595779255
90,0.78,0.06413655107480194,0.1100117,0.06413655,5.761725e+07,0.4412427,8.983528e+08,1.6236020743019804e-15,0.0,471373036.49976546,66639259.228199095,0.1413727,0.37600398743174285,0.351888388487498,0.04974739691081855
91,0.78,0.06413655107480194,0.1100117,0.06413655,5.761725e+07,0.4412427,8.983528e+08,0.0,0.0,456230332.34097946,69614526.80084096,0.1525864,0.3639249826874704,0.34058408944793905,0.05196848727956427
92,0.78,0.06413655107480194,0.1100117,0.06413655,5.761725e+07,0.4412427,8.983528e+08,0.0,0.0,286775823.50951964,39506520.17860725,0.137761,0.228754817923606,0.21408327286024162,0.029492322733665383
93,0.78,0.06413655107480194,0.1100117,0.06413655,5.761725e+07,0.4412427,8.983528e+08,0.07317419645088936,0.0018130459425983183,22608386.586221743,3050737.2475169213,0.1349383,0.01803421674040096,0.027513752726348012,0.0023937123423094326
94,0.78,0.06413655107480194,0.1100117,0.06413655,5.761725e+07,0.4412427,8.983528e+08,0.06952144979511861,0.01550377026209887,6600091.035858937,643176.9967973308,0.09744972,0.005264748627378683,0.015032331606990374,0.0014745014658130667
95,0.78,0.06413655107480194,0.1100117,0.06413655,5.761725e+07,0.4412427,8.983528e+08,0.001609568999368826,0.0,97150441.59276327,15414546.499871528,0.1586668,0.07749478776063129,0.07275849721818822,0.011507234201140162
96,0.78,0.06413655107480194,0.1100117,0.06413655,5.761725e+07,0.4412427,8.983528e+08,0.005216162581896956,0.00013194545784940171,46713650.534224294,4448685.145654852,0.09523309,0.03726245989543366,0.0356307662037442,0.0033294854226388546
97,0.78,0.06413655107480194,0.1100117,0.06413655,5.761725e+07,0.4412427,8.983528e+08,5.745911860210527e-05,0.0,231414233.8418763,37311197.95325702,0.1612312,0.18459408565057062,0.172763209581512,0.027853475493217286
98,0.78,0.06413655107480194,0.1100117,0.06413655,5.761725e+07,0.4412427,8.983528e+08,0.08678398440522853,0.004879114447762292,23777081.924498815,2664153.577349145,0.1120471,0.018966459514718596,0.030364446673895963,0.00230176778905062
99,0.78,0.06413655107480194,0.1100117,0.06413655,5.761725e+07,0.4412427,8.983528e+08,0.0,0.0,285700421.5345883,36793719.598221995,0.1287843,0.22789699322987986,0.21328046608379791,0.027467168661196095
100,0.78,0.06413655107480194,0.1100117,0.06413655,5.761725e+07,0.4412427,8.983528e+08,0.0014516085779747421,5.929908231796216e-08,110154823.87868628,16377924.773342539,0.148681,0.08786809979795697,0.08244354056235637,0.012226417087410084
101,0.78,0.06413655107480194,0.1100117,0.06413655,5.761725e+07,0.4412427,8.983528e+08,0.0013103567201863562,5.496282871488117e-07,104254066.14638226,13925274.612524312,0.1335706,0.08316119408970883,0.07801798797916806,0.010395501396364294
102,0.78,0.06413655107480194,0.1100117,0.06413655,5.761725e+07,0.4412427,8.983528e+08,0.00011371224034593803,7.251063440583833e-10,118333938.6925774,16605669.206027342,0.1403289,0.09439240124405089,0.08835492675043895,0.012396428616234448
103,0.78,0.06413655107480194,0.1100117,0.06413655,5.761725e+07,0.4412427,8.983528e+08,6.588367837658296e-09,0.0,404181867.2416868,61202289.06598915,0.1514226,0.3224070576013042,0.3017289818422296,0.04568860160330287
104,0.78,0.06413655107480194,0.1100117,0.06413655,5.761725e+07,0.4412427,8.983528e+08,0.027069455546814548,0.00020457012366552468,37994721.2464578,5212618.692664706,0.1371932,0.030307560220476887,0.03229840120649242,0.0039044333517111117
105,0.78,0.06413655107480194,0.1100117,0.06413655,5.761725e+07,0.4412427,8.983528e+08,0.008250613255532462,0.0019243400049661,14170.19969476838,1478.7602684762971,0.1043571,1.1303259150122448e-05,0.001209840911426559,0.00012452445195865102
106,0.78,0.06413655107480194,0.1100117,0.06413655,5.761725e+07,0.4412427,8.983528e+08,0.0,0.0,97554694.9738788,13347056.128263881,0.1368161,0.07781725186328957,0.07282632171465897,0.009963815722050311
107,0.78,0.06413655107480194,0.1100117,0.06413655,5.761725e+07,0.4412427,8.983528e+08,0.039584249789174526,0.009100125136993136,107775.72061569041,11252.863332544555,0.10441,8.597034102914635e-05,0.005834199769908017,0.0005920511040424173
108,0.78,0.06413655107480194,0.1100117,0.06413655,5.761725e+07,0.4412427,8.983528e+08,0.0,0.0,69513148.1770881,9321358.897532767,0.1340949,0.055449121756313516,0.05189280632673681,0.006958560857284071
109,0.78,0.06413655107480194,0.1100117,0.06413655,5.761725e+07,0.4412427,8.983528e+08,0.0011844509415971332,1.3144182768653817e-06,99923911.50571792,12335339.391631112,0.1234473,0.07970712420235186,0.07476714926776712,0.009208635415402002
110,0.78,0.06413655107480194,0.1100117,0.06413655,5.761725e+07,0.4412427,8.983528e+08,0.0,0.0,46925774.99724296,6777742.796756092,0.1444354,0.03743166695173688,0.03503092893247184,0.005059706019766012
111,0.78,0.06413655107480194,0.1100117,0.06413655,5.761725e+07,0.4412427,8.983528e+08,0.0,0.0,528177071.0874313,65477454.71935135,0.1239688,0.4213153265481533,0.39429361458840084,0.048880089100020285
112,0.78,0.06413655107480194,0.1100117,0.06413655,5.761725e+07,0.4412427,8.983528e+08,0.05911774509502488,0.005682105583017275,25070065.609631658,2408829.048189638,0.09608387,0.019997844391766776,0.027308273590428887,0.0021626645509694297
113,0.78,0.06413655107480194,0.1100117,0.06413655,5.761725e+07,0.4412427,8.983528e+08,0.02570999004119737,0.0005510353757627885,38976395.7314561,4499530.8051209655,0.1154425,0.031090620540303957,0.03283363450044019,0.003394321597245179
114,0.78,0.06413655107480194,0.1100117,0.06413655,5.761725e+07,0.4412427,8.983528e+08,0.08064799562246652,0.005507650664963612,21324675.80477883,2319751.8757211175,0.1087825,0.017010228656322474,0.027641788997119627,0.0020849779144159275
115,0.78,0.06413655107480194,0.1100117,0.06413655,5.761725e+07,0.4412427,8.983528e+08,2.3210524555998816e-09,0.0,427171633.81876564,53289984.5913982,0.1247508,0.34074549283997524,0.31889125247231076,0.03978192503253212
116,0.78,0.06413655107480194,0.1100117,0.06413655,5.761725e+07,0.4412427,8.983528e+08,0.0,0.0,262851577.4237095,34364728.554241866,0.1307381,0.20967096876803948,0.19622339597074492,0.025653883475298195
117,0.78,0.06413655107480194,0.1100117,0.06413655,5.761725e+07,0.4412427,8.983528e+08,0.0,0.0,358009238.9253183,64660758.954091065,0.180612,0.2855761593257577,0.2672602893974155,0.048270411128501126
118,0.78,0.06413655107480194,0.1100117,0.06413655,5.761725e+07,0.4412427,8.983528e+08,0.004072524309361897,0.00012915234523094393,45.18818879147503,4.71293715650188,0.1042958,3.6045632343719034e-08,0.0005919928958781275,8.286904278075456e-06
119,0.78,0.06413655107480194,0.1100117,0.06413655,5.761725e+07,0.4412427,8.983528e+08,0.0,0.0,30562909.14788567,4189973.3398364526,0.1370934,0.0243793658467455,0.02281575740394443,0.0031278899134939415
120,0.78,0.06413655107480194,0.1100117,0.06413655,5.761725e+07,0.4412427,8.983528e+08,0.0,0.0,136079773.75027198,21392672.953868408,0.1572069,0.10854786671476728,0.10158598091715483,0.01597001234325073
121,0.78,0.06413655107480194,0.1100117,0.06413655,5.761725e+07,0.4412427,8.983528e+08,6.90148193581332e-05,0.0,226968515.06947753,35262774.52591691,0.1553642,0.18104783277655218,0.16944608080755288,0.026324290828478612
122,0.78,0.06413655107480194,0.1100117,0.06413655,5.761725e+07,0.4412427,8.983528e+08,5.171720699417674e-05,0.0,245326112.47851402,42487272.16810794,0.1731869,0.1956912877283243,0.183147840779535,0.031717507317524846
123,0.78,0.06413655107480194,0.1100117,0.06413655,5.761725e+07,0.4412427,8.983528e+08,7.966616433832555e-09,0.0,100695002.02198486,17490840.711900353,0.1737012,0.08032220628456027,0.07517061815673223,0.013057224904303994
124,0.78,0.06413655107480194,0.1100117,0.06413655,5.761725e+07,0.4412427,8.983528e+08,0.0,0.0,359695850.3345398,53997432.05308916,0.1501197,0.2869215324506701,0.2685193749301873,0.04031004719472144
125,0.78,0.06413655107480194,0.1100117,0.06413655,5.761725e+07,0.4412427,8.983528e+08,0.0794877467900706,0.0014556034917007808,17689500.69431179,3184161.1391051942,0.1800029,0.014110528778073471,0.024759418642447403,0.0024703905337614754
126,0.78,0.06413655107480194,0.1100117,0.06413655,5.761725e+07,0.4412427,8.983528e+08,0.007273052939858686,7.529701328407186e-05,134101362.63339522,12009882.482365552,0.08955824,0.10696973132915255,0.10116623164318672,0.008970421009826656
127,0.78,0.06413655107480194,0.1100117,0.06413655,5.761725e+07,0.4412427,8.983528e+08,0.00019116937217611627,4.240692709274947e-09,253522197.2107384,31386590.707830243,0.1238021,0.20222912570804577,0.18928663435988682,0.023430650667915734
128,0.78,0.06413655107480194,0.1100117,0.06413655,5.761725e+07,0.4412427,8.983528e+08,0.036963820926508566,0.004851702011186253,6531100.068545079,688598.8829425974,0.1054338,0.005209716037904728,0.010248435330541233,0.0008252227954374737
129,0.78,0.06413655107480194,0.1100117,0.06413655,5.761725e+07,0.4412427,8.983528e+08,3.001156027001973e-08,0.0,309608625.28482485,46347629.26646303,0.1496975,0.2469680457643495,0.2311283714456514,0.03459933282119283
130,0.78,0.06413655107480194,0.1100117,0.06413655,5.761725e+07,0.4412427,8.983528e+08,0.00019199071938349818,0.0,195900485.53912577,25804047.058442023,0.1317202,0.15626554342075188,0.14627111710194005,0.019263181880907688
131,0.78,0.06413655107480194,0.1100117,0.06413655,5.761725e+07,0.4412427,8.983528e+08,0.02481897734659538,0.004124206358355502,554826.3013696668,76222.82288208224,0.1373814,0.0004425728361471613,0.004021734293771597,0.00032141407004628313
132,0.78,0.06413655107480194,0.1100117,0.06413655,5.761725e+07,0.4412427,8.983528e+08,0.03455686361183066,0.0006140629636630345,60313467.804180235,6842440.602273493,0.113448,0.04811073742912127,0.05004807143358428,0.005147387967447638
133,0.78,0.06413655107480194,0.1100117,0.06413655,5.761725e+07,0.4412427,8.983528e+08,0.0,0.0,52114975.01040739,6997868.642846742,0.1342775,0.041570978591238456,0.038904759399591995,0.005224033894394717
134,0.78,0.06413655107480194,0.1100117,0.06413655,5.761725e+07,0.4412427,8.983528e+08,0.0,0.0,353813082.1582718,54176560.11018141,0.153122,0.2822289766187999,0.2641277834450992,0.040443769487814724
135,0.78,0.06413655107480194,0.1100117,0.06413655,5.761725e+07,0.4412427,8.983528e+08,0.05114713040888919,0.004111444488565975,12245626.33260833,1536601.386537301,0.1254816,0.009768068966885365,0.016576037087919746,0.001410794241721948
136,0.78,0.06413655107480194,0.1100117,0.06413655,5.761725e+07,0.4412427,8.983528e+08,0.0009256939383792539,2.0296209450896035e-11,206004386.78158382,31438699.300500337,0.1526118,0.16432520500850725,0.15392050675400637,0.023469550392102648
137,0.78,0.06413655107480194,0.1100117,0.06413655,5.761725e+07,0.4412427,8.983528e+08,0.00026846959725741515,0.0,207607944.1684705,23195222.36240769,0.1117261,0.1656043277517644,0.1550220605530302,0.01731564766267846
138,0.78,0.06413655107480194,0.1100117,0.06413655,5.761725e+07,0.4412427,8.983528e+08,0.010423467374678107,2.4450970354013158e-06,111478782.58978264,14265045.3609092,0.127962,0.0889241927774447,0.08473599816845961,0.010649267895738708
139,0.78,0.06413655107480194,0.1100117,0.06413655,5.761725e+07,0.4412427,8.983528e+08,0.0,0.0,126469466.68662086,17790942.461125568,0.1406738,0.10088193443487103,0.09441171509446412,0.013281256218656001
140,0.78,0.06413655107480194,0.1100117,0.06413655,5.761725e+07,0.4412427,8.983528e+08,5.720277346912537e-08,0.0,313011582.0614356,42660739.60216156,0.1362912,0.2496825101439092,0.23366874339425212,0.031847003854444854
141,0.78,0.06413655107480194,0.1100117,0.06413655,5.761725e+07,0.4412427,8.983528e+08,0.0,0.0,205755066.62999707,35085480.704753086,0.1705206,0.16412632776291888,0.15359983115963277,0.026191937825257645
142,0.78,0.06413655107480194,0.1100117,0.06413655,5.761725e+07,0.4412427,8.983528e+08,0.0,0.0,332182320.17107946,46932470.854680866,0.1412853,0.2649745896925436,0.24798003338720312,0.0350359275096091
143,0.78,0.06413655107480194,0.1100117,0.06413655,5.761725e+07,0.4412427,8.983528e+08,8.42821497123012e-05,0.0,182255979.71885675,31098510.705848027,0.1706309,0.14538161880543435,0.1360695939634617,0.02321559353055508
144,0.78,0.06413655107480194,0.1100117,0.06413655,5.761725e+07,0.4412427,8.983528e+08,0.0,0.0,183532703.7923142,24077033.204010513,0.1311866,0.14640003374497945,0.13701044050334185,0.017973935201368797
145,0.78,0.06413655107480194,0.1100117,0.06413655,5.761725e+07,0.4412427,8.983528e+08,0.0006230989253261399,4.9736515211671374e-08,105081412.44834931,13558140.731720788,0.1290251,0.083821150184857,0.07853572085000479,0.010121397337542897
146,0.78,0.06413655107480194,0.1100117,0.06413655,5.761725e+07,0.4412427,8.983528e+08,0.0,0.0,123749259.43674484,22422076.586353384,0.1811896,0.098712084457475,0.092381031810968,0.016738480535721252
147,0.78,0.06413655107480194,0.1100117,0.06413655,5.761725e+07,0.4412427,8.983528e+08,0.0,0.0,156103082.4726388,22215822.2393203,0.1423151,0.12452002324092969,0.11653373841050228,0.016584507982825663
148,0.78,0.06413655107480194,0.1100117,0.06413655,5.761725e+07,0.4412427,8.983528e+08,7.285345890841433e-11,0.0,441020188.90328586,52335408.5319665,0.118669,0.35179218310171306,0.3292294457930835,0.0390693169594517
149,0.78,0.06413655107480194,0.1100117,0.06413655,5.761725e+07,0.4412427,8.983528e+08,0.0,0.0,476545700.03829455,52996080.639364496,0.1112088,0.3801301082861984,0.3557498741810307,0.03956252048445017
150,0.78,0.06413655107480194,0.1100117,0.06413655,5.761725e+07,0.4412427,8.983528e+08,0.007574210041110855,1.8502316932916204e-05,92320745.62497585,13911876.407236207,0.1506907,0.0736422446549503,0.07002002951778753,0.010386650820413372
151,0.78,0.06413655107480194,0.1100117,0.06413655,5.761725e+07,0.4412427,8.983528e+08,0.0,0.0,21447667.361493494,2760521.1826898167,0.1287096,0.017108336337849087,0.01601106665051174,0.00206077835417895
152,0.78,0.06413655107480194,0.1100117,0.06413655,5.761725e+07,0.4412427,8.983528e+08,1.5888979945907295e-05,0.0,96842959.97285785,16150363.887820704,0.1667686,0.07724951638065394,0.07229730836030379,0.012056535019848836
153,0.78,0.06413655107480194,0.1100117,0.06413655,5.761725e+07,0.4412427,8.983528e+08,0.0,0.0,301079219.81449974,45089643.24737892,0.1497601,0.2401643251037895,0.22476101360042497,0.03366022379560577
154,0.78,0.06413655107480194,0.1100117,0.06413655,5.761725e+07,0.4412427,8.983528e+08,6.904378130740006e-10,0.0,388762800.4778036,61824404.93087131,0.1590286,0.31010760443625407,0.29021837232600195,0.0461530222048109
155,0.78,0.06413655107480194,0.1100117,0.06413655,5.761725e+07,0.4412427,8.983528e+08,0.0,0.0,101873927.73888215,13444574.89686409,0.1319727,0.08126260960871058,0.07605070609706983,0.010036615224085532
156,0.78,0.06413655107480194,0.1100117,0.06413655,5.761725e+07,0.4412427,8.983528e+08,0.0,0.0,43608536.92351807,5894866.12555686,0.1351769,0.034785578511373635,0.03255455147851239,0.004400622820250719
157,0.78,0.06413655107480194,0.1100117,0.06413655,5.761725e+07,0.4412427,8.983528e+08,0.0,0.0,99137848.81506413,12261009.46822075,0.1236764,0.07908009914327789,0.07400817432557465,0.009153062498101328
158,0.78,0.06413655107480194,0.1100117,0.06413655,5.761725e+07,0.4412427,8.983528e+08,0.046813207103330576,0.013121674864299035,1944721.3969834389,263094.5307369895,0.1352865,0.0015512618310529228,0.008256272976900677,0.0010379837350782929
159,0.78,0.06413655107480194,0.1100117,0.06413655,5.761725e+07,0.4412427,8.983528e+08,0.019829628112485082,0.00017583403428513954,40835955.87952937,5097088.822234935,0.1248186,0.032573951101035045,0.033367093113771625,0.0038163452068933415
160,0.78,0.06413655107480194,0.1100117,0.06413655,5.761725e+07,0.4412427,8.983528e+08,0.0,0.0,705017598.873321,109614460.72599523,0.1554776,0.5623771574937202,0.5263082262088223,0.08182915218532183
161,0.78,0.06413655107480194,0.1100117,0.06413655,5.761725e+07,0.4412427,8.983528e+08,0.0,0.0,519383047.4816374,71867218.03683196,0.1383704,0.4143005257740131,0.3877287189423908,0.05365016151082501
162,0.78,0.06413655107480194,0.1100117,0.06413655,5.761725e+07,0.4412427,8.983528e+08,0.0,0.0,84273338.7380993,12482139.838498274,0.1481149,0.06722300374880918,0.06291155213547209,0.009318140267972112
163,0.78,0.06413655107480194,0.1100117,0.06413655,5.761725e+07,0.4412427,8.983528e+08,0.013065103414729731,1.145573360969506e-05,94785209.77775851,15996524.671351962,0.168766,0.07560809394325455,0.07265792130160936,0.011942426029077129
164,0.78,0.06413655107480194,0.1100117,0.06413655,5.761725e+07,0.4412427,8.983528e+08,0.0006507606374120979,0.0,161062844.10374638,23278517.81089198,0.1445307,0.12847631688864314,0.12033087992417965,0.017377829202278455
165,0.78,0.06413655107480194,0.1100117,0.06413655,5.761725e+07,0.4412427,8.983528e+08,0.033290741150458825,0.00024182851153212477,65339440.826015204,8546583.726350045,0.1308028,0.0521198464587067,0.053616013617847014,0.006395687404450577
166,0.78,0.06413655107480194,0.1100117,0.06413655,5.761725e+07,0.4412427,8.983528e+08,0.0,0.0,131541546.09121206,17031443.564424302,0.1294758,0.10492782152009396,0.09819811293600277,0.01271427673081172
167,0.78,0.06413655107480194,0.1100117,0.06413655,5.761725e+07,0.4412427,8.983528e+08,0.0,0.0,71473184.86153935,12551654.024715584,0.1756135,0.05701260025805113,0.05335600870969338,0.00937003384921441
168,0.78,0.06413655107480194,0.1100117,0.06413655,5.761725e+07,0.4412427,8.983528e+08,0.009977873507907095,2.668132146319239e-05,90160104.98078322,11696523.202150581,0.1297306,0.07191874875103489,0.0687564556603466,0.008733374669065529
169,0.78,0.06413655107480194,0.1100117,0.06413655,5.761725e+07,0.4412427,8.983528e+08,0.03072639351758947,0.0013966542207544041,3195304.947072026,543402.5673868712,0.1700628,0.002548825045405527,0.006851567443820615,0.0004952363042025296
170,0.78,0.06413655107480194,0.1100117,0.06413655,5.761725e+07,0.4412427,8.983528e+08,6.403199347048043e-07,3.6540152293474023e-09,154687978.94841406,17488526.55157653,0.1130568,0.12339122603248462,0.11547743143516366,0.013055497576657018
171,0.78,0.06413655107480194,0.1100117,0.06413655,5.761725e+07,0.4412427,8.983528e+08,0.006792320088577596,0.00012370891688574936,17199.115490412056,2947.094500407923,0.1713515,1.3719359199488718e-05,0.001000132782065874,1.0134321933521767e-05
172,0.78,0.06413655107480194,0.1100117,0.06413655,5.761725e+07,0.4412427,8.983528e+08,0.05555337621263551,0.013124605560259052,4625390.796911328,433347.9013447459,0.09368893,0.003689573328129072,0.011527862231275818,0.0011652688809774324
173,0.78,0.06413655107480194,0.1100117,0.06413655,5.761725e+07,0.4412427,8.983528e+08,0.015427066584002372,1.9212057501877414e-05,90585373.57579261,12408467.195551883,0.1369809,0.07225797623133458,0.06986599022879943,0.009264374519636225
174,0.78,0.06413655107480194,0.1100117,0.06413655,5.761725e+07,0.4412427,8.983528e+08,3.345755526046042e-17,0.0,394157998.88429916,58445458.990470484,0.1482793,0.3144112364999195,0.29424598417165077,0.04363057872653483
175,0.78,0.06413655107480194,0.1100117,0.06413655,5.761725e+07,0.4412427,8.983528e+08,0.0035667976444829865,1.2755260212160759e-05,12799694.983137432,2456333.697913209,0.1919056,0.010210037441486419,0.010073650440333192,0.0018345150436818386
176,0.78,0.06413655107480194,0.1100117,0.06413655,5.761725e+07,0.4412427,8.983528e+08,0.0036671913276056147,1.2596974297292326e-05,35576296.82463008,5053092.395855883,0.1420354,0.02837843582112236,0.02709138306884338,0.003773031626974987
177,0.78,0.06413655107480194,0.1100117,0.06413655,5.761725e+07,0.4412427,8.983528e+08,0.0,0.0,549212387.7524263,67346935.50110093,0.1226246,0.43809473973151947,0.4099968540811268,0.05027568988466239
178,0.78,0.06413655107480194,0.1100117,0.06413655,5.761725e+07,0.4412427,8.983528e+08,0.0,0.0,229653901.0921299,30120744.795173876,0.1311571,0.1831899066206747,0.17144073781830962,0.022485673819448927
179,0.78,0.06413655107480194,0.1100117,0.06413655,5.761725e+07,0.4412427,8.983528e+08,0.00012280751140753162,1.1345733251238282e-08,134387071.25585172,20847053.51567234,0.1551269,0.10719763486407892,0.1003401988876699,0.015562698417844597
180,0.78,0.06413655107480194,0.1100117,0.06413655,5.761725e+07,0.4412427,8.983528e+08,0.0002773239734595949,0.0,273370314.7877053,39255718.57201295,0.1435991,0.21806153607960788,0.20411613148189411,0.02930509485608061
181,0.78,0.06413655107480194,0.1100117,0.06413655,5.761725e+07,0.4412427,8.983528e+08,4.486245180172102e-10,0.0,417274677.8438906,44677059.62384691,0.1070687,0.3328509069773168,0.31150299784688157,0.03335222275363042
182,0.78,0.06413655107480194,0.1100117,0.06413655,5.761725e+07,0.4412427,8.983528e+08,2.3123133543267416e-07,0.0,258665101.23791626,35209329.56769257,0.1361194,0.20633150804954953,0.19309815035567135,0.02628439321286191
183,0.78,0.06413655107480194,0.1100117,0.06413655,5.761725e+07,0.4412427,8.983528e+08,0.00018019968591357103,6.745594685515291e-10,255441444.01445025,33547721.648635346,0.1313323,0.20376006701181643,0.1907177918768163,0.02504397327521883
184,0.78,0.06413655107480194,0.1100117,0.06413655,5.761725e+07,0.4412427,8.983528e+08,0.005530693909141176,0.0019390590925006674,2226690.0843132497,176908.65948814288,0.07944916,0.001776182101321619,0.002466174377408564,0.00025643003567592736
185,0.78,0.06413655107480194,0.1100117,0.06413655,5.761725e+07,0.4412427,8.983528e+08,0.01252744749567224,0.00021631985257269552,83282051.56141447,8230225.482586587,0.09882352,0.06643227559454055,0.06399245766338382,0.00615788428924493
186,0.78,0.06413655107480194,0.1100117,0.06413655,5.761725e+07,0.4412427,8.983528e+08,8.684305967082901e-07,0.0,194334221.29949754,28332855.626350626,0.1457945,0.15501616860745102,0.1450740924223122,0.021150982630739456
187,0.78,0.06413655107480194,0.1100117,0.06413655,5.761725e+07,0.4412427,8.983528e+08,0.05178935924676853,0.015032713589920957,709028.5425826855,74088.75968017471,0.1044933,0.0005655765997852948,0.008057111603849528,0.0010194549849678078
188,0.78,0.06413655107480194,0.1100117,0.06413655,5.761725e+07,0.4412427,8.983528e+08,0.010824742080218688,0.0,134897086.7970142,20766942.6317144,0.1539466,0.10760446313442983,0.10227650743936617,0.015502893484850254
189,0.78,0.06413655107480194,0.1100117,0.06413655,5.761725e+07,0.4412427,8.983528e+08,0.01781847357888085,0.02506104749245284,49682.142164093886,6230.33794498703,0.125404,3.963036090601528e-05,0.0026270814186091208,0.0016119802110113098
190,0.78,0.06413655107480194,0.1100117,0.06413655,5.761725e+07,0.4412427,8.983528e+08,0.0,0.0,465091113.4573486,74321402.887278,0.1597997,0.3709930344713707,0.347198820767602,0.05548225432310516
191,0.78,0.06413655107480194,0.1100117,0.06413655,5.761725e+07,0.4412427,8.983528e+08,0.0,0.0,126309902.03794803,16906014.78371747,0.1338455,0.10075465319579202,0.09429259723507616,0.012620641906383444
192,0.78,0.06413655107480194,0.1100117,0.06413655,5.761725e+07,0.4412427,8.983528e+08,0.0,0.0,170526662.4327498,20899174.10297917,0.1225566,0.13602539830080548,0.1273011983952156,0.015601606639247478
193,0.78,0.06413655107480194,0.1100117,0.06413655,5.761725e+07,0.4412427,8.983528e+08,0.0,0.0,258082202.16397655,31958651.483153164,0.1238313,0.2058665421751773,0.19266297217836617,0.023857703979310963
194,0.78,0.06413655107480194,0.1100117,0.06413655,5.761725e+07,0.4412427,8.983528e+08,0.05422521339358075,0.0005830590873533526,45971662.80390264,5695745.440526248,0.1238969,0.03667059247064831,0.04220053829933226,0.004289371072352852
195,0.78,0.06413655107480194,0.1100117,0.06413655,5.761725e+07,0.4412427,8.983528e+08,0.0008374119636094096,2.0188076138930497e-09,162753253.9257772,25392435.707970504,0.156018,0.12982471992458489,0.12161993162388605,0.01895590678761206
196,0.78,0.06413655107480194,0.1100117,0.06413655,5.761725e+07,0.4412427,8.983528e+08,0.013333088246614258,4.788152429950547e-06,30087421.42475515,3458722.0337239867,0.1149557,0.024000079663557113,0.024398819829195714,0.00258230485199027
197,0.78,0.06413655107480194,0.1100117,0.06413655,5.761725e+07,0.4412427,8.983528e+08,0.0008648045574217023,1.1691641632266349e-07,112047112.68770298,11570507.019405993,0.1032647,0.08937753729749265,0.08377087342411377,0.008637597589206477
198,0.78,0.06413655107480194,0.1100117,0.06413655,5.761725e+07,0.4412427,8.983528e+08,0.0,0.0,64978734.45199526,10632481.292188557,0.1636302,0.051832118853558436,0.048507785515391984,0.007937337136027636
199,0.78,0.06413655107480194,0.1100117,0.06413655,5.761725e+07,0.4412427,8.983528e+08,0.0,0.0,89956976.3468348,12413766.279893775,0.1379967,0.07175671747132208,0.06715448909626251,0.00926709818560959
200,0.78,0.06413655107480194,0.1100117,0.06413655,5.761725e+07,0.4412427,8.983528e+08,6.966158458201734e-05,0.0,123777534.51367247,14792550.009710556,0.1195092,0.0987346388694725,0.09241226527576948,0.011042902714993027
201,0.78,0.06413655107480194,0.1100117,0.06413655,5.761725e+07,0.4412427,8.983528e+08,0.04691395971617155,0.01715952359999219,305610.75861080823,38326.17931976557,0.1254085,0.00024377903473857463,0.007047292449227959,0.0011291638389967838
202,0.78,0.06413655107480194,0.1100117,0.06413655,5.761725e+07,0.4412427,8.983528e+08,0.0012422603611252925,2.4045507979241756e-06,121617104.87687443,15739169.753321597,0.1294158,0.09701131128155227,0.09096990831969669,0.011749725475842045
203,0.78,0.06413655107480194,0.1100117,0.06413655,5.761725e+07,0.4412427,8.983528e+08,1.3917060119463318e-21,0.0,591813313.9756467,73708284.91241162,0.1245465,0.4720765691699633,0.4417992061801767,0.05502455080715838
204,0.78,0.06413655107480194,0.1100117,0.06413655,5.761725e+07,0.4412427,8.983528e+08,0.0,0.0,348378247.1748198,47237138.07570291,0.1355915,0.277893727322434,0.2600705820866517,0.03526336703017757
205,0.78,0.06413655107480194,0.1100117,0.06413655,5.761725e+07,0.4412427,8.983528e+08,0.007277381755297197,1.3136172260166132e-05,43296308.83122838,5658193.150247278,0.1306853,0.03453652097392752,0.033379266795616425,0.00422478472698102
206,0.78,0.06413655107480194,0.1100117,0.06413655,5.761725e+07,0.4412427,8.983528e+08,0.001276519748353531,1.4911626329624647e-06,215116642.11016133,30134971.290343076,0.1400867,0.17159385228515944,0.16077396212422118,0.022496389790146492
207,0.78,0.06413655107480194,0.1100117,0.06413655,5.761725e+07,0.4412427,8.983528e+08,0.0034636348409823594,6.708782786252539e-07,149173075.60585397,19079043.969195887,0.1278987,0.11899210795288213,0.11186381896713636,0.014242890022326258
208,0.78,0.06413655107480194,0.1100117,0.06413655,5.761725e+07,0.4412427,8.983528e+08,0.0,0.0,77797896.64807965,13652381.2148529,0.1754852,0.06205768486610312,0.05807751899110434,0.01019174635101124
209,0.78,0.06413655107480194,0.1100117,0.06413655,5.761725e+07,0.4412427,8.983528e+08,9.006786106181743e-06,0.0,194574427.5918906,25450671.840390626,0.1308017,0.15520777592639454,0.14525459365410956,0.018999380970836782
210,0.78,0.06413655107480194,0.1100117,0.06413655,5.761725e+07,0.4412427,8.983528e+08,0.0,0.0,497702866.9920609,65907390.765337795,0.1324232,0.39700671878655147,0.3715440770900583,0.04920104403519917
211,0.78,0.06413655107480194,0.1100117,0.06413655,5.761725e+07,0.4412427,8.983528e+08,0.003503931587724936,0.0004891621703171553,929.1393376739456,159.13879804278687,0.1712755,7.411541789477514e-07,0.0005100053503869469,3.1491974474695924e-05
212,0.78,0.06413655107480194,0.1100117,0.06413655,5.761725e+07,0.4412427,8.983528e+08,4.982117959931469e-10,0.0,358321037.0951441,47916406.32007006,0.1337248,0.2858248739234338,0.26749305237101195,0.03577045290347233
213,0.78,0.06413655107480194,0.1100117,0.06413655,5.761725e+07,0.4412427,8.983528e+08,1.5193273810506845e-05,1.3402649655663672e-14,256018742.50913933,35400049.4925328,0.1382713,0.20422056542630634,0.1911247711098989,0.026426769042211924
214,0.78,0.06413655107480194,0.1100117,0.06413655,5.761725e+07,0.4412427,8.983528e+08,0.000219072915360451,4.996454211301817e-08,280435370.30915487,40769851.07946091,0.1453806,0.22369717673317127,0.20938185453560718,0.03043542501348394
215,0.78,0.06413655107480194,0.1100117,0.06413655,5.761725e+07,0.4412427,8.983528e+08,0.0,0.0,522987838.9769931,67975830.68126096,0.1299759,0.4171759893053567,0.39041976016009267,0.050745171366075426
216,0.78,0.06413655107480194,0.1100117,0.06413655,5.761725e+07,0.4412427,8.983528e+08,0.0,0.0,400864558.72972083,57713581.48546909,0.1439728,0.3197609129738928,0.2992525508472174,0.04308421910079642
217,0.78,0.06413655107480194,0.1100117,0.06413655,5.761725e+07,0.4412427,8.983528e+08,0.015243484623351105,0.0001916742476465484,51703910.1256943,5915985.824913474,0.1144205,0.04124308110076465,0.04081359906556486,0.004428682378103365
218,0.78,0.06413655107480194,0.1100117,0.06413655,5.761725e+07,0.4412427,8.983528e+08,0.02331953423102826,0.0004536223238842381,34502489.7954373,4424855.731875548,0.1282474,0.02752188338081552,0.029146320661116103,0.003332327584507497
219,0.78,0.06413655107480194,0.1100117,0.06413655,5.761725e+07,0.4412427,8.983528e+08,0.0001430087760645912,2.277025731078119e-09,210262536.64824754,30882570.70603735,0.1468762,0.16772183825854745,0.15698552496175053,0.023054390610956564
220,0.78,0.06413655107480194,0.1100117,0.06413655,5.761725e+07,0.4412427,8.983528e+08,4.406945551225699e-09,0.0,275310116.2563201,37753525.53424402,0.1371309,0.21960887339113755,0.20552391830697594,0.028183680930534805
221,0.78,0.06413655107480194,0.1100117,0.06413655,5.761725e+07,0.4412427,8.983528e+08,5.0106670313785826e-05,0.0,74030210.14930385,11397768.036468228,0.153961,0.05905228354435581,0.055272156967694185,0.008508637355435819
222,0.78,0.06413655107480194,0.1100117,0.06413655,5.761725e+07,0.4412427,8.983528e+08,0.004464480634689938,4.266009771336779e-06,157021223.40872192,17587191.578647662,0.1120052,0.12525240423487682,0.11786807873609023,0.013129426153905792
223,0.78,0.06413655107480194,0.1100117,0.06413655,5.761725e+07,0.4412427,8.983528e+08,0.016068163594080174,2.3713383394304307e-06,47241178.85798634,8817103.709608056,0.1866402,0.037683257730393854,0.03760196117209801,0.006582277445083411
224,0.78,0.06413655107480194,0.1100117,0.06413655,5.761725e+07,0.4412427,8.983528e+08,0.0,0.0,425438391.43277615,69656765.70095325,0.1637294,0.339362923202227,0.31759735574537334,0.05200001937270724
225,0.78,0.06413655107480194,0.1100117,0.06413655,5.761725e+07,0.4412427,8.983528e+08,0.0,0.0,463632615.5702912,67022786.602001406,0.1445601,0.36982962252641405,0.346110026052274,0.05003370694354823
226,0.78,0.06413655107480194,0.1100117,0.06413655,5.761725e+07,0.4412427,8.983528e+08,2.968608436543041e-08,0.0,239832448.29001814,35049541.06543158,0.1461418,0.1913091116585515,0.1790392093625896,0.0261651082427733
227,0.78,0.06413655107480194,0.1100117,0.06413655,5.761725e+07,0.4412427,8.983528e+08,0.0,0.0,162564945.32925949,29051500.916717608,0.178707,0.12967451026540688,0.1213576344146697,0.021687464171981564
228,0.78,0.06413655107480194,0.1100117,0.06413655,5.761725e+07,0.4412427,8.983528e+08,3.1365650872696714e-06,0.0,224072080.23488837,25475680.077292603,0.1136941,0.17873740989952736,0.16727426479393748,0.019018050066226064
229,0.78,0.06413655107480194,0.1100117,0.06413655,5.761725e+07,0.4412427,8.983528e+08,0.04031995609232507,0.00013002452335935565,64625598.616913654,9152654.764099238,0.1416258,0.05155043010215742,0.05410484469742339,0.006840959533812894
230,0.78,0.06413655107480194,0.1100117,0.06413655,5.761725e+07,0.4412427,8.983528e+08,0.00018956896167728288,9.619791561352569e-10,194511388.5543083,30799845.84324388,0.1583447,0.15515749106141624,0.14523377938630247,0.022992634939420473
231,0.78,0.06413655107480194,0.1100117,0.06413655,5.761725e+07,0.4412427,8.983528e+08,0.04529030601686627,0.014862986847704165,866740.0883804613,66230.99678829749,0.07641391,0.0006913796591293928,0.007230180369977371,0.0010027033367914693
232,0.78,0.06413655107480194,0.1100117,0.06413655,5.761725e+07,0.4412427,8.983528e+08,0.0,0.0,45945284.82473055,5329954.04891821,0.1160066,0.03664955133214207,0.03429897551125957,0.003978905868085596
233,0.78,0.06413655107480194,0.1100117,0.06413655,5.761725e+07,0.4412427,8.983528e+08,1.3890085183419532e-11,0.0,419977259.78331435,63155515.48990955,0.1503784,0.3350066976290904,0.31352052345822057,0.047146720005170534
234,0.78,0.06413655107480194,0.1100117,0.06413655,5.761725e+07,0.4412427,8.983528e+08,9.682566566880791e-05,0.0,274447956.72627777,37959080.955791496,0.1383107,0.218921147543462,0.20489437421529236,0.02833713172307551
235,0.78,0.06413655107480194,0.1100117,0.06413655,5.761725e+07,0.4412427,8.983528e+08,1.2764322379306506e-10,0.0,305933131.2878797,43127644.97435273,0.1409708,0.24403618438998026,0.228384545204306,0.03219555705175229
236,0.78,0.06413655107480194,0.1100117,0.06413655,5.761725e+07,0.4412427,8.983528e+08,0.0,0.0,276147815.86129504,30453763.03091833,0.1102807,0.22027708809022065,0.20614927537931355,0.022734277878737594
237,0.78,0.06413655107480194,0.1100117,0.06413655,5.761725e+07,0.4412427,8.983528e+08,9.751359705535264e-05,0.0,197387648.15403888,26436975.230606757,0.1339343,0.15745182059375057,0.1473675778868508,0.019735674062864503
238,0.78,0.06413655107480194,0.1100117,0.06413655,5.761725e+07,0.4412427,8.983528e+08,0.00013436120020091593,1.8546133466454935e-13,273654801.6296798,31317040.760477345,0.1144399,0.21828846502689894,0.20430772572684325,0.023378730118375667
239,0.78,0.06413655107480194,0.1100117,0.06413655,5.761725e+07,0.4412427,8.983528e+08,0.004578046691950182,1.229268919755038e-05,117197022.6005236,17493790.320100565,0.1492682,0.09348550808112863,0.08815510906149636,0.013060215250181617
240,0.78,0.06413655107480194,0.1100117,0.06413655,5.761725e+07,0.4412427,8.983528e+08,0.0029213168147880857,1.0955250453707635e-05,114657367.63342221,13701421.839794848,0.1194988,0.09145968072065458,0.08601839837101859,0.010229058685170024
241,0.78,0.06413655107480194,0.1100117,0.06413655,5.761725e+07,0.4412427,8.983528e+08,0.00018571760693450334,0.0,254195308.37942916,42088615.4761733,0.1655759,0.20276605180227453,0.18978833142840548,0.03141990297866337
242,0.78,0.06413655107480194,0.1100117,0.06413655,5.761725e+07,0.4412427,8.983528e+08,0.0032925785035228194,2.575348208321473e-06,41443035.415852,6524274.481065,0.1574275,0.03305820520271325,0.03141655657540966,0.004870652570176165
243,0.78,0.06413655107480194,0.1100117,0.06413655,5.761725e+07,0.4412427,8.983528e+08,0.001072037771581586,5.278503915173095e-08,212150676.8027574,25045209.253733486,0.1180539,0.16922796646689278,0.1585300937158344,0.018696699295490657
244,0.78,0.06413655107480194,0.1100117,0.06413655,5.761725e+07,0.4412427,8.983528e+08,2.4658115651576908e-05,2.2956059983510838e-09,206555536.82926345,30964212.725713104,0.1499074,0.16476484537728944,0.15420098062102142,0.023115337837619373
245,0.78,0.06413655107480194,0.1100117,0.06413655,5.761725e+07,0.4412427,8.983528e+08,3.9572033643097587e-07,0.0,345577449.3405746,49102836.78971604,0.1420892,0.27565959199410384,0.25797979401259097,0.036656144433722594
246,0.78,0.06413655107480194,0.1100117,0.06413655,5.761725e+07,0.4412427,8.983528e+08,0.0009234927529387733,1.0085964395170206e-05,51193314.08214845,7133915.485671543,0.1393525,0.04083578977632715,0.03835095675716279,0.00532624217075857
247,0.78,0.06413655107480194,0.1100117,0.06413655,5.761725e+07,0.4412427,8.983528e+08,0.0,0.0,567367061.2137479,74564090.67912892,0.1314213,0.45257632667732167,0.4235496419861355,0.05566342509310539
248,0.78,0.06413655107480194,0.1100117,0.06413655,5.761725e+07,0.4412427,8.983528e+08,0.03610423608917353,0.003265151912815153,26675870.078798495,2709829.848155688,0.1015836,0.02127875958353495,0.025161921440711565,0.0022323519502383893
249,0.78,0.06413655107480194,0.1100117,0.06413655,5.761725e+07,0.4412427,8.983528e+08,0.08431191697096,0.0014472241514916714,27187168.850148328,3780233.398379257,0.1390448,0.02168661145861051,0.03255081167542974,0.00291483169667248
250,0.78,0.06413655107480194,0.1100117,0.06413655,5.761725e+07,0.4412427,8.983528e+08,2.3929881955813554e-05,1.2777548640579802e-15,263042933.58506626,36267078.76316117,0.1378751,0.2098236094032019,0.19636972507467615,0.02707402187423235
251,0.78,0.06413655107480194,0.1100117,0.06413655,5.761725e+07,0.4412427,8.983528e+08,0.007159767856465952,0.0020413454755038407,219740.52172545134,22960.236710864272,0.104488,0.00017528222017667813,0.0012047436932689805,0.00014806508502891353
252,0.78,0.06413655107480194,0.1100117,0.06413655,5.761725e+07,0.4412427,8.983528e+08,6.225988724567744e-12,0.0,524742304.73040134,74231416.13629273,0.1414626,0.4185754883602719,0.39172950017329816,0.05541507760670964
253,0.78,0.06413655107480194,0.1100117,0.06413655,5.761725e+07,0.4412427,8.983528e+08,0.0,0.0,484000574.35570824,55172456.48395496,0.1139925,0.3860766988887592,0.36131507097168936,0.04118722391335841
254,0.78,0.06413655107480194,0.1100117,0.06413655,5.761725e+07,0.4412427,8.983528e+08,6.957278102600036e-07,0.0,207272028.8705644,23644846.395086296,0.1140764,0.16533637544717372,0.15473237168585363,0.017651300031467705
255,0.78,0.06413655107480194,0.1100117,0.06413655,5.761725e+07,0.4412427,8.983528e+08,0.0004938514088009887,0.0,168866855.55407232,21961994.27901778,0.1300551,0.13470140656512272,0.12613390637827132,0.016395020878159746
256,0.78,0.06413655107480194,0.1100117,0.06413655,5.761725e+07,0.4412427,8.983528e+08,0.0,0.0,21394467.629065774,2162246.929968354,0.1010657,0.017065900071931837,0.01597135210033092,0.0016141559418598223
257,0.78,0.06413655107480194,0.1100117,0.06413655,5.761725e+07,0.4412427,8.983528e+08,0.030495393367431536,0.0004998142906194421,37720116.52791754,4708701.97211465,0.1248326,0.03008851402745443,0.032591378878042934,0.0035471864645800905
258,0.78,0.06413655107480194,0.1100117,0.06413655,5.761725e+07,0.4412427,8.983528e+08,0.0,0.0,138392440.42599902,21106160.881879013,0.1525095,0.11039263046733783,0.1033124278850877,0.015756125965609755
259,0.78,0.06413655107480194,0.1100117,0.06413655,5.761725e+07,0.4412427,8.983528e+08,0.0,0.0,50853548.65825784,9381431.040455831,0.1844794,0.04056476631023552,0.0379630821039417,0.007003405784612023
260,0.78,0.06413655107480194,0.1100117,0.06413655,5.761725e+07,0.4412427,8.983528e+08,2.372036025450637e-06,0.0,288860933.4289704,32832231.45369973,0.113661,0.23041806461622277,0.21564018943218433,0.024509847025789056
261,0.78,0.06413655107480194,0.1100117,0.06413655,5.761725e+07,0.4412427,8.983528e+08,0.0,0.0,34120999.88562894,5762223.720416399,0.1688762,0.027217577202596117,0.02547193567220945,0.0043016028963777375
262,0.78,0.06413655107480194,0.1100117,0.06413655,5.761725e+07,0.4412427,8.983528e+08,0.0,0.0,295537066.90909326,44975213.312965415,0.1521813,0.23574347064239884,0.22062369749699157,0.03357479980632861
263,0.78,0.06413655107480194,0.1100117,0.06413655,5.761725e+07,0.4412427,8.983528e+08,0.0,0.0,507576059.7566646,87400320.27231789,0.1721916,0.40488234925481026,0.37891459178254333,0.06524589968550826
264,0.78,0.06413655107480194,0.1100117,0.06413655,5.761725e+07,0.4412427,8.983528e+08,0.0009929323420588326,2.4027083348312716e-06,85909266.50313093,10857760.49579024,0.1263864,0.06852794763649907,0.06427712846735717,0.00810566618548146
265,0.78,0.06413655107480194,0.1100117,0.06413655,5.761725e+07,0.4412427,8.983528e+08,0.0,0.0,301035042.7283843,44179491.4556895,0.1467586,0.2401290860059916,0.22472803461682284,0.03298077923162558
266,0.78,0.06413655107480194,0.1100117,0.06413655,5.761725e+07,0.4412427,8.983528e+08,0.0009378787793271426,1.6957771823627163e-09,223549866.09247434,34378449.40942182,0.1537843,0.1783208510710908,0.16702029146782238,0.02566412644744811
267,0.78,0.06413655107480194,0.1100117,0.06413655,5.761725e+07,0.4412427,8.983528e+08,0.046656268456892615,0.0005695804715396975,27611110.368518937,4073449.5798213086,0.1475294,0.022024780358827812,0.027393878921521477,0.003077433773022353
268,0.78,0.06413655107480194,0.1100117,0.06413655,5.761725e+07,0.4412427,8.983528e+08,0.00013320594289147175,5.105956208529706e-12,180501433.8723256,35674751.35424401,0.1976425,0.14398205586198234,0.13476690544683131,0.02663183888732616
269,0.78,0.06413655107480194,0.1100117,0.06413655,5.761725e+07,0.4412427,8.983528e+08,3.927428618258481e-05,0.0,275021530.2813795,46854190.860427685,0.1703655,0.21937867465490882,0.20531419177189048,0.03497749009614755
270,0.78,0.06413655107480194,0.1100117,0.06413655,5.761725e+07,0.4412427,8.983528e+08,0.0,0.0,779294.9611123399,77813.18722195564,0.09985075,0.0006216265888680092,0.0005817576034016212,5.8088933677528125e-05
271,0.78,0.06413655107480194,0.1100117,0.06413655,5.761725e+07,0.4412427,8.983528e+08,0.0584835019124007,0.01984725714271534,478995.92652214324,43951.73505224567,0.09175806,0.0003820846004966124,0.008858410967374625,0.001305745376438173
272,0.78,0.06413655107480194,0.1100117,0.06413655,5.761725e+07,0.4412427,8.983528e+08,3.758214403301235e-06,0.0,158207990.89288864,30096931.314805306,0.1902365,0.12619906276569678,0.1181056364038796,0.022467896631145158
273,0.78,0.06413655107480194,0.1100117,0.06413655,5.761725e+07,0.4412427,8.983528e+08,0.0,0.0,43313148.61990294,6681798.435518635,0.1542672,0.034549953705965315,0.03233403883547063,0.004988081840939381
274,0.78,0.06413655107480194,0.1100117,0.06413655,5.761725e+07,0.4412427,8.983528e+08,0.07663719438134985,0.0005484572911486777,34176307.47919124,6526668.097544678,0.1909705,0.027261694863353936,0.03665277407312827,0.004907450432732375
275,0.78,0.06413655107480194,0.1100117,0.06413655,5.761725e+07,0.4412427,8.983528e+08,0.0,0.0,127365033.14070424,18927461.321402866,0.148608,0.1015963082570267,0.09508027144348859,0.014129687841301064
276,0.78,0.06413655107480194,0.1100117,0.06413655,5.761725e+07,0.4412427,8.983528e+08,0.05340415162559969,0.0010214340306178053,17017879.54819217,2479902.7005504966,0.1457234,0.013574791242342404,0.020466677198814395,0.001916802902470049
277,0.78,0.06413655107480194,0.1100117,0.06413655,5.761725e+07,0.4412427,8.983528e+08,0.0013698878079770362,2.709149815705827e-05,152404661.66271442,16154070.332817089,0.1059946,0.12156987364803334,0.11397192040241398,0.012061039502475402
278,0.78,0.06413655107480194,0.1100117,0.06413655,5.761725e+07,0.4412427,8.983528e+08,0.0,0.0,106543868.75380951,12674579.679060197,0.1189611,0.08498771967381419,0.07953690045022367,0.009461800045117976
279,0.78,0.06413655107480194,0.1100117,0.06413655,5.761725e+07,0.4412427,8.983528e+08,0.0002597158015341012,1.841852170161452e-09,173138752.19360715,30141470.016169894,0.1740885,0.13810900531597356,0.12928892086659105,0.022501145685117806
280,0.78,0.06413655107480194,0.1100117,0.06413655,5.761725e+07,0.4412427,8.983528e+08,0.020612005522206343,0.0007835887860752343,28795.897632244283,4936.755139799649,0.1714395,2.2969859311003505e-05,0.003017541510183732,5.394205806130569e-05
281,0.78,0.06413655107480194,0.1100117,0.06413655,5.761725e+07,0.4412427,8.983528e+08,8.135076173714675e-10,0.0,462847871.6057022,71719788.01906359,0.1549533,0.36920364938635175,0.3455242007887276,0.05354010237008071
282,0.78,0.06413655107480194,0.1100117,0.06413655,5.761725e+07,0.4412427,8.983528e+08,0.0007655880432114926,0.0,117893163.31351186,15640463.868883057,0.1326664,0.09404080434041581,0.08812063304929908,0.011675885551041551
283,0.78,0.06413655107480194,0.1100117,0.06413655,5.761725e+07,0.4412427,8.983528e+08,0.007547510864597619,4.411642308492035e-05,92604278.1302567,10537616.477342706,0.1137919,0.07386841234868126,0.07022781075397971,0.007869348333080922
284,0.78,0.06413655107480194,0.1100117,0.06413655,5.761725e+07,0.4412427,8.983528e+08,0.00014540854977893635,2.649907896377243e-07,120133959.24719301,15368047.618179709,0.1279243,0.0958282383700357,0.0897032814320106,0.01147253895127802
285,0.78,0.06413655107480194,0.1100117,0.06413655,5.761725e+07,0.4412427,8.983528e+08,0.0,0.0,86725083.29145367,10815980.046590641,0.1247157,0.06917870689014861,0.06474182322239985,0.008074322232704977
286,0.78,0.06413655107480194,0.1100117,0.06413655,5.761725e+07,0.4412427,8.983528e+08,0.0,0.0,284692180.66669434,44753602.93249851,0.1572,0.22709274148600664,0.2125277962729726,0.033409363700280484
287,0.78,0.06413655107480194,0.1100117,0.06413655,5.761725e+07,0.4412427,8.983528e+08,2.1964969833654886e-06,0.0,338904991.8212208,43414972.15137574,0.1281037,0.2703371182016361,0.25299894708309406,0.03241005191985521
288,0.78,0.06413655107480194,0.1100117,0.06413655,5.761725e+07,0.4412427,8.983528e+08,2.234224017232502e-07,0.0,150157455.5066439,26628265.242166415,0.1773356,0.11977732632386305,0.11209525419190947,0.01987847547212907
289,0.78,0.06413655107480194,0.1100117,0.06413655,5.761725e+07,0.4412427,8.983528e+08,0.02690767726733011,0.000967901710470463,13030427.10751223,1845689.606765797,0.1416446,0.010394087423296448,0.01363859469626731,0.0014399181251953449
290,0.78,0.06413655107480194,0.1100117,0.06413655,5.761725e+07,0.4412427,8.983528e+08,0.04020199821850775,0.000667747711146623,33478856.722768143,4059973.842224939,0.1212698,0.026705353610999547,0.030836100032414267,0.003073670002463573
291,0.78,0.06413655107480194,0.1100117,0.06413655,5.761725e+07,0.4412427,8.983528e+08,0.0,0.0,70747556.71821429,9871823.194316184,0.1395359,0.05643378251890145,0.05281431434403367,0.007369492283810663
292,0.78,0.06413655107480194,0.1100117,0.06413655,5.761725e+07,0.4412427,8.983528e+08,0.03544421101701281,0.010849013284040856,1342356.3697788257,123407.72204400426,0.09193365,0.0010707683904433271,0.0061540635853494135,0.0007879443626519564
293,0.78,0.06413655107480194,0.1100117,0.06413655,5.761725e+07,0.4412427,8.983528e+08,0.040855859057461294,0.0001695219407537931,75243002.30868465,9168040.01726759,0.1218457,0.06001970139082263,0.06210882196770945,0.006854978128147039
294,0.78,0.06413655107480194,0.1100117,0.06413655,5.761725e+07,0.4412427,8.983528e+08,0.0828682869158424,0.013609346565770057,9027881.49016089,876691.9390396228,0.09710938,0.007201344106502384,0.018784741490824205,0.0015273227376350247
295,0.78,0.06413655107480194,0.1100117,0.06413655,5.761725e+07,0.4412427,8.983528e+08,1.2396428057484264e-05,1.981962094015296e-09,220331906.84504125,26167123.624717228,0.1187623,0.17575395518452835,0.16448350453609645,0.019534225147769167
296,0.78,0.06413655107480194,0.1100117,0.06413655,5.761725e+07,0.4412427,8.983528e+08,1.0731866389647877e-12,0.0,50061342.80145834,5578473.805255416,0.1114328,0.03993284098155045,0.0373716862865313,0.004164430303709203
297,0.78,0.06413655107480194,0.1100117,0.06413655,5.761725e+07,0.4412427,8.983528e+08,0.04661060245998599,0.006800261489642171,5037797.439512733,596143.8928492517,0.1183342,0.004018541109597716,0.010535860003838451,0.0008811773789876964
298,0.78,0.06413655107480194,0.1100117,0.06413655,5.761725e+07,0.4412427,8.983528e+08,0.0051693925456439615,0.0004059614676456117,7461.727233236694,935.0885054712542,0.125318,5.952057024005061e-06,0.0007569640545232486,2.673502867013751e-05
299,0.78,0.06413655107480194,0.1100117,0.06413655,5.761725e+07,0.4412427,8.983528e+08,6.84069223251686e-10,0.0,309206152.95219487,41876749.46258318,0.1354331,0.24664700236521162,0.2308279144000009,0.03126174121648219
300,0.78,0.06413655107480194,0.1100117,0.06413655,5.761725e+07,0.4412427,8.983528e+08,0.004892816291730643,4.187845564007974e-05,71928200.41173406,6904934.626004564,0.0959976,0.05737555623552301,0.054406878120276676,0.005157342931120349
301,0.78,0.06413655107480194,0.1100117,0.06413655,5.761725e+07,0.4412427,8.983528e+08,0.0,0.0,305778274.960927,45227964.13013382,0.147911,0.24391265887641755,0.22826894217259946,0.03376348280441166
302,0.78,0.06413655107480194,0.1100117,0.06413655,5.761725e+07,0.4412427,8.983528e+08,0.0,0.0,6920415.332629635,855681.7934996155,0.123646,0.005520264330507179,0.005166213615327198,0.0006387817377263608
303,0.78,0.06413655107480194,0.1100117,0.06413655,5.761725e+07,0.4412427,8.983528e+08,0.00013915118592289962,5.972104730914822e-09,198043458.44399372,24667670.8159931,0.1245569,0.15797494615445903,0.1478632041833727,0.01841485710804826
304,0.78,0.06413655107480194,0.1100117,0.06413655,5.761725e+07,0.4412427,8.983528e+08,0.00025074234106736227,4.941275016906696e-08,242728919.5096466,39955142.775151856,0.1646081,0.19361956355912838,0.18123791902419537,0.02982723068166253
305,0.78,0.06413655107480194,0.1100117,0.06413655,5.761725e+07,0.4412427,8.983528e+08,0.0,0.0,13363197.438104121,1965563.539492825,0.1470878,0.010659531056073252,0.009975865498061972,0.0014673282789314922
306,0.78,0.06413655107480194,0.1100117,0.06413655,5.761725e+07,0.4412427,8.983528e+08,0.05604953551854397,0.0134128993143168,7082670.624339023,893403.6396655714,0.1261394,0.005649691836835621,0.013434384417201857,0.0015271988713766635
307,0.78,0.06413655107480194,0.1100117,0.06413655,5.761725e+07,0.4412427,8.983528e+08,0.0,0.0,363176547.5604236,51738170.688081905,0.1424601,0.28969800869057816,0.27111777755992655,0.038623468244835195
308,0.78,0.06413655107480194,0.1100117,0.06413655,5.761725e+07,0.4412427,8.983528e+08,1.470273337334629e-07,0.0,307954023.57782805,39963789.43625864,0.1297719,0.24564820608055699,0.2298931987359018,0.029833682399408378
309,0.78,0.06413655107480194,0.1100117,0.06413655,5.761725e+07,0.4412427,8.983528e+08,0.0,0.0,259437194.33577827,29819738.49388676,0.1149401,0.2069473898692233,0.19367449802907896,0.022260967240831212
310,0.78,0.06413655107480194,0.1100117,0.06413655,5.761725e+07,0.4412427,8.983528e+08,4.278660458877509e-05,0.0,264237835.8363525,45547666.58100098,0.1723737,0.21077675686027972,0.19726448184802975,0.0340021463925255
311,0.78,0.06413655107480194,0.1100117,0.06413655,5.761725e+07,0.4412427,8.983528e+08,3.3993548164144865e-05,0.0,286832776.5939141,48703558.86240356,0.1697977,0.22880024815650152,0.21413073046510148,0.03635807633155891
312,0.78,0.06413655107480194,0.1100117,0.06413655,5.761725e+07,0.4412427,8.983528e+08,0.0,0.0,155036680.64751735,17750112.206950307,0.1144898,0.12366937777035376,0.1157376504065965,0.013250775704857512
313,0.78,0.06413655107480194,0.1100117,0.06413655,5.761725e+07,0.4412427,8.983528e+08,1.8296664465624879e-09,0.0,443441250.9750697,69005060.62792656,0.1556126,0.35372341149689285,0.33103681211501923,0.05151350989898048
314,0.78,0.06413655107480194,0.1100117,0.06413655,5.761725e+07,0.4412427,8.983528e+08,4.809835851233336e-07,0.0,274053894.2197207,39828696.37377961,0.1453316,0.2186068124791082,0.20458619539830314,0.029732833016073726
315,0.78,0.06413655107480194,0.1100117,0.06413655,5.761725e+07,0.4412427,8.983528e+08,1.0550410297965584e-09,0.0,368407528.17887414,51240882.074633785,0.1390875,0.2938706478074033,0.2750227981482735,0.038252233415412513
316,0.78,0.06413655107480194,0.1100117,0.06413655,5.761725e+07,0.4412427,8.983528e+08,8.7235516351228e-06,0.0,213536775.54092056,29481969.041278575,0.1380651,0.170333627190284,0.1594102838164976,0.02200881631331702
317,0.78,0.06413655107480194,0.1100117,0.06413655,5.761725e+07,0.4412427,8.983528e+08,0.0,0.0,277041151.3372228,33508779.62495081,0.1209524,0.22098968230977406,0.206816166263309,0.025014902315933608
318,0.78,0.06413655107480194,0.1100117,0.06413655,5.761725e+07,0.4412427,8.983528e+08,4.112452227923698e-08,0.0,296321999.13681394,37416130.24790564,0.1262685,0.236369593955854,0.22120966939820277,0.027931809324822053
319,0.78,0.06413655107480194,0.1100117,0.06413655,5.761725e+07,0.4412427,8.983528e+08,0.0,0.0,310862047.916686,45272818.74761097,0.1456364,0.2479678736522928,0.23206406945888253,0.03379696757727322
320,0.78,0.06413655107480194,0.1100117,0.06413655,5.761725e+07,0.4412427,8.983528e+08,0.0,0.0,430237386.6676235,55813903.41595533,0.1297282,0.3431909770030291,0.3211798913780632,0.04166607550164176
321,0.78,0.06413655107480194,0.1100117,0.06413655,5.761725e+07,0.4412427,8.983528e+08,0.0,0.0,227874080.7738255,26841322.434159774,0.1177902,0.18177018278249368,0.17011207017058824,0.020037526470257704
322,0.78,0.06413655107480194,0.1100117,0.06413655,5.761725e+07,0.4412427,8.983528e+08,0.0,0.0,131368316.84735487,16895905.620649762,0.1286148,0.10478964033155216,0.09806879421231746,0.012613095235646254
323,0.78,0.06413655107480194,0.1100117,0.06413655,5.761725e+07,0.4412427,8.983528e+08,0.0,0.0,58686117.55995556,6735266.267130827,0.1147676,0.046812635642646254,0.04381023464580558,0.0050279965319485346
324,0.78,0.06413655107480194,0.1100117,0.06413655,5.761725e+07,0.4412427,8.983528e+08,0.0,0.0,169278173.82197726,28295892.835134685,0.1671562,0.1350295061738407,0.1263691793545169,0.02112338924709672
325,0.78,0.06413655107480194,0.1100117,0.06413655,5.761725e+07,0.4412427,8.983528e+08,0.0,0.0,430740017.5327746,69071267.96580155,0.1603549,0.3435919146784347,0.3215551142937723,0.051562934858888826
326,0.78,0.06413655107480194,0.1100117,0.06413655,5.761725e+07,0.4412427,8.983528e+08,0.0,0.0,412262274.93599427,52561544.235892534,0.1274954,0.32885262253156566,0.3077611495104874,0.03923813130026531
327,0.78,0.06413655107480194,0.1100117,0.06413655,5.761725e+07,0.4412427,8.983528e+08,0.0,0.0,138754960.8103866,16938236.8082563,0.122073,0.11068180506898072,0.10358305582512278,0.012644696223051552
328,0.78,0.06413655107480194,0.1100117,0.06413655,5.761725e+07,0.4412427,8.983528e+08,0.0004897285401058415,0.0,242895555.93263838,37178264.252431974,0.1530628,0.19375248579829915,0.1813970537752489,0.02775423811191445
329,0.78,0.06413655107480194,0.1100117,0.06413655,5.761725e+07,0.4412427,8.983528e+08,0.0,0.0,271085466.3639356,41742131.877048455,0.1539814,0.21623896233972242,0.20237014108725865,0.031161246785176476
330,0.78,0.06413655107480194,0.1100117,0.06413655,5.761725e+07,0.4412427,8.983528e+08,9.862205537225461e-05,2.306381129512845e-14,212266713.42822045,27378765.76373278,0.1289829,0.16932052635149333,0.1584752269108188,0.020438737512263484
331,0.78,0.06413655107480194,0.1100117,0.06413655,5.761725e+07,0.4412427,8.983528e+08,0.0,0.0,168334571.18574417,21260805.594367273,0.1263009,0.13427681493717314,0.12566476313779343,0.015871571004786564
332,0.78,0.06413655107480194,0.1100117,0.06413655,5.761725e+07,0.4412427,8.983528e+08,0.0,0.0,584119485.3309635,70108587.2249215,0.1200244,0.4659393699137243,0.43605562571749173,0.052337312207982156
333,0.78,0.06413655107480194,0.1100117,0.06413655,5.761725e+07,0.4412427,8.983528e+08,9.46277517798228e-08,0.0,223792114.87327236,33312684.130095836,0.1488555,0.17851408763847468,0.16706482349363425,0.024868513527583364
334,0.78,0.06413655107480194,0.1100117,0.06413655,5.761725e+07,0.4412427,8.983528e+08,0.0020913487641437754,1.9370979271657803e-06,133906860.81281511,17140318.320206154,0.1280018,0.10681458147025541,0.1002678492701284,0.012795677918828362
335,0.78,0.06413655107480194,0.1100117,0.06413655,5.761725e+07,0.4412427,8.983528e+08,1.4844728316473848e-10,0.0,309827240.2806348,33569230.2711647,0.1083482,0.24714243017705861,0.2312915671028345,0.025060029802726636
336,0.78,0.06413655107480194,0.1100117,0.06413655,5.761725e+07,0.4412427,8.983528e+08,0.0,0.0,110178966.29072453,12487546.000079762,0.1133387,0.08788735767333314,0.08225056566908805,0.009322176064124008
337,0.78,0.06413655107480194,0.1100117,0.06413655,5.761725e+07,0.4412427,8.983528e+08,7.220915872534565e-07,0.0,199267662.89140284,30219254.313299682,0.1516516,0.1589514673341081,0.14875697339017946,0.022559212933695626
338,0.78,0.06413655107480194,0.1100117,0.06413655,5.761725e+07,0.4412427,8.983528e+08,1.9482225654701506e-06,3.42565120771074e-12,361215143.44514704,42038490.887731194,0.1163808,0.28813343941910396,0.26965383754808525,0.03138248407859666
339,0.78,0.06413655107480194,0.1100117,0.06413655,5.761725e+07,0.4412427,8.983528e+08,0.0,0.0,268180781.77890888,35131368.62636507,0.1309988,0.21392195881675552,0.20020174217908304,0.026226193978106327
340,0.78,0.06413655107480194,0.1100117,0.06413655,5.761725e+07,0.4412427,8.983528e+08,2.678517121250807e-06,2.932827816320268e-08,13604916.08676542,2443901.550090982,0.1796337,0.010852344748617387,0.010156702119506604,0.001824418025963201
341,0.78,0.06413655107480194,0.1100117,0.06413655,5.761725e+07,0.4412427,8.983528e+08,0.0,0.0,323016857.9489752,41059616.302775316,0.1271129,0.25766350043772174,0.24113785218178554,0.03065173672212323
342,0.78,0.06413655107480194,0.1100117,0.06413655,5.761725e+07,0.4412427,8.983528e+08,0.0,0.0,191755704.27173802,22307543.07207218,0.1163331,0.15295934182903026,0.1431490571894446,0.016652979222223353
343,0.78,0.06413655107480194,0.1100117,0.06413655,5.761725e+07,0.4412427,8.983528e+08,0.0052437121450634155,6.142302793914028e-09,170305454.25168812,27412064.603826407,0.1609582,0.1358489453607957,0.12789825895787738,0.020463596084915284
344,0.78,0.06413655107480194,0.1100117,0.06413655,5.761725e+07,0.4412427,8.983528e+08,0.0009280664102584556,4.815506816307812e-10,219516997.2196632,37740922.12060812,0.1719271,0.1751039195549685,0.164008256573568,0.028174272288096627
345,0.78,0.06413655107480194,0.1100117,0.06413655,5.761725e+07,0.4412427,8.983528e+08,0.0007726719925503558,2.8331260157323583e-06,160294486.62572843,16100722.703601468,0.1004446,0.1278634148914202,0.11977500769413395,0.012019658696377765
346,0.78,0.06413655107480194,0.1100117,0.06413655,5.761725e+07,0.4412427,8.983528e+08,0.0032041260605286557,6.564324126384844e-07,110378595.51433522,12898919.698094673,0.1168607,0.08804659754976497,0.08286532613998555,0.009629315976407619
347,0.78,0.06413655107480194,0.1100117,0.06413655,5.761725e+07,0.4412427,8.983528e+08,0.0,0.0,7133709.897104031,654040.7435994328,0.09168311,0.005690404751213933,0.005325441816251405,0.0004882530935145748
348,0.78,0.06413655107480194,0.1100117,0.06413655,5.761725e+07,0.4412427,8.983528e+08,2.9205743914601284e-09,0.0,212783348.67063808,27449844.663305163,0.1290037,0.1697326350131157,0.15884656962305455,0.020491799179963063
349,0.78,0.06413655107480194,0.1100117,0.06413655,5.761725e+07,0.4412427,8.983528e+08,0.0023549660476236615,7.141723078771997e-07,54824457.08497414,7661061.868089387,0.139738,0.043732273330277766,0.04126974072945122,0.005719165283429488
350,0.78,0.06413655107480194,0.1100117,0.06413655,5.761725e+07,0.4412427,8.983528e+08,2.2626283247916518e-09,0.0,294886992.9887442,40234484.38774859,0.1364403,0.2352249208585765,0.22013840603674706,0.030035761014169257
351,0.78,0.06413655107480194,0.1100117,0.06413655,5.761725e+07,0.4412427,8.983528e+08,2.258719926706591e-10,0.0,362469482.3277621,46213449.15238812,0.1274961,0.2891339981802842,0.27058994077136417,0.03449916497014327
352,0.78,0.06413655107480194,0.1100117,0.06413655,5.761725e+07,0.4412427,8.983528e+08,1.1648637306188616e-05,0.0,328098959.06843424,50279232.41364453,0.1532441,0.2617173816262544,0.24493342459263215,0.03753434477246459
353,0.78,0.06413655107480194,0.1100117,0.06413655,5.761725e+07,0.4412427,8.983528e+08,0.0005896224749142887,0.0,165551409.55094865,22166164.3526276,0.1338929,0.13205674762038108,0.12367278747897754,0.016547437483728507
354,0.78,0.06413655107480194,0.1100117,0.06413655,5.761725e+07,0.4412427,8.983528e+08,0.00011141134374897866,0.0,151041761.19515392,22598191.645714313,0.1496155,0.12048271767899311,0.11277156582744287,0.01686995357220862
355,0.78,0.06413655107480194,0.1100117,0.06413655,5.761725e+07,0.4412427,8.983528e+08,0.0010141998792107408,2.7325026633676707e-07,100934665.5909837,15363622.36447968,0.1522135,0.08051338068489262,0.07549694850612736,0.011469235950108875
356,0.78,0.06413655107480194,0.1100117,0.06413655,5.761725e+07,0.4412427,8.983528e+08,0.0,0.0,339371640.63976353,45251659.7601147,0.1333395,0.27070935378347016,0.25334698948811,0.03378117201529671
357,0.78,0.06413655107480194,0.1100117,0.06413655,5.761725e+07,0.4412427,8.983528e+08,3.011296762889861e-08,0.0,280049475.722967,41410429.00619595,0.1478683,0.22338935704069926,0.2090619385103424,0.030913624669266535
358,0.78,0.06413655107480194,0.1100117,0.06413655,5.761725e+07,0.4412427,8.983528e+08,0.0,0.0,373081060.36446506,57107273.1986098,0.1530693,0.2975986224709979,0.2785116732210961,0.04263159913853934
359,0.78,0.06413655107480194,0.1100117,0.06413655,5.761725e+07,0.4412427,8.983528e+08,0.022291277354445957,0.0002708583594934153,74379223.80302615,10459680.325090323,0.1406264,0.05933068412161872,0.058765553008994394,0.007825710049597805
360,0.78,0.06413655107480194,0.1100117,0.06413655,5.761725e+07,0.4412427,8.983528e+08,0.0008644159199545429,5.329208555178141e-06,146874218.02388534,19162721.388922784,0.1304703,0.1171583594131344,0.10976987293308559,0.014305655479516965
361,0.78,0.06413655107480194,0.1100117,0.06413655,5.761725e+07,0.4412427,8.983528e+08,0.0072947276234768335,0.001612208010835308,60073.939816228005,10297.41710662032,0.1714124,4.7919671178831866e-05,0.0011051667293772692,0.00011108866716880703
362,0.78,0.06413655107480194,0.1100117,0.06413655,5.761725e+07,0.4412427,8.983528e+08,9.794569488731264e-07,0.0,226005954.44194692,28903914.580360446,0.1278901,0.1802800191638266,0.16871762287529696,0.02157728833661954
363,0.78,0.06413655107480194,0.1100117,0.06413655,5.761725e+07,0.4412427,8.983528e+08,4.424069868497582e-05,0.0,137228305.51138422,21564380.25269123,0.1571424,0.1094640254434824,0.1024498109631894,0.01609819490779234
364,0.78,0.06413655107480194,0.1100117,0.06413655,5.761725e+07,0.4412427,8.983528e+08,0.0,0.0,278560304.12434936,33280587.295505036,0.1194735,0.22220147734522874,0.2079502409445801,0.024844552667446826
365,0.78,0.06413655107480194,0.1100117,0.06413655,5.761725e+07,0.4412427,8.983528e+08,0.028427529569005162,0.00017195230805735573,86336427.65628734,11412273.476317639,0.1321838,0.06886868476914333,0.06858375020054151,0.008530494353277717
366,0.78,0.06413655107480194,0.1100117,0.06413655,5.761725e+07,0.4412427,8.983528e+08,5.5632168360349765e-09,0.0,95693749.2511295,15790424.35640766,0.16501,0.07633281605986801,0.07143709331259865,0.011787833732642425
367,0.78,0.06413655107480194,0.1100117,0.06413655,5.761725e+07,0.4412427,8.983528e+08,0.0,0.0,116564926.90002967,18642497.02719661,0.1599323,0.09298129913106006,0.0870177992903394,0.013916956907412004
368,0.78,0.06413655107480194,0.1100117,0.06413655,5.761725e+07,0.4412427,8.983528e+08,0.0,0.0,17113892.589507427,2098352.0204004315,0.122611,0.013651378750715941,0.012775826400229184,0.001566457250972946
369,0.78,0.06413655107480194,0.1100117,0.06413655,5.761725e+07,0.4412427,8.983528e+08,0.0,0.0,432134365.9370205,65836607.53459825,0.1523522,0.34470415598047993,0.3225960202747414,0.04914820308956123
370,0.78,0.06413655107480194,0.1100117,0.06413655,5.761725e+07,0.4412427,8.983528e+08,3.553831014483607e-09,0.0,420058183.6991236,67254571.79687847,0.1601078,0.3350712488712421,0.31358093512087887,0.05020673873023294
371,0.78,0.06413655107480194,0.1100117,0.06413655,5.761725e+07,0.4412427,8.983528e+08,6.649991604053691e-07,0.0,252450177.65741375,37099165.53203689,0.1469564,0.2013739990982422,0.18845866198046765,0.027695189504768968
372,0.78,0.06413655107480194,0.1100117,0.06413655,5.761725e+07,0.4412427,8.983528e+08,2.2690437111240342e-07,0.0,281142045.9992092,43220860.113911316,0.1537332,0.2242608765138261,0.20987759033475675,0.03226514381786322
373,0.78,0.06413655107480194,0.1100117,0.06413655,5.761725e+07,0.4412427,8.983528e+08,0.0,0.0,620173875.7067697,85132028.908404,0.1372712,0.4946991705302166,0.46297087191284325,0.0635525796802004
374,0.78,0.06413655107480194,0.1100117,0.06413655,5.761725e+07,0.4412427,8.983528e+08,2.5380633405174183e-08,0.0,195630283.75885108,33537147.698288288,0.1714313,0.1560500093555265,0.14604150364945817,0.02503607958921454
375,0.78,0.06413655107480194,0.1100117,0.06413655,5.761725e+07,0.4412427,8.983528e+08,3.367389511303108e-10,0.0,296604965.2554883,54284093.383072086,0.1830182,0.2365953098553456,0.22142090272969614,0.04052404499611972
376,0.78,0.06413655107480194,0.1100117,0.06413655,5.761725e+07,0.4412427,8.983528e+08,0.0070680148844600365,0.00024859995403329443,73107271.77009775,7445583.101682937,0.1018446,0.05831607573469366,0.05560325054054457,0.005574205075862691
377,0.78,0.06413655107480194,0.1100117,0.06413655,5.761725e+07,0.4412427,8.983528e+08,0.0002662125932773451,0.0,76199038.62658244,13504625.534886464,0.1772283,0.06078231070409274,0.05692263809013265,0.010081444097621132
378,0.78,0.06413655107480194,0.1100117,0.06413655,5.761725e+07,0.4412427,8.983528e+08,0.02160192311618146,0.0004016157714318979,68114984.42312522,7267193.5838727495,0.1066901,0.054333837033037166,0.053988985815226764,0.005450848022318521
379,0.78,0.06413655107480194,0.1100117,0.06413655,5.761725e+07,0.4412427,8.983528e+08,3.849306668945008e-06,0.0,225981223.9772049,33677815.76299412,0.1490293,0.18026029221163797,0.1686995782869525,0.025141090811257604
380,0.78,0.06413655107480194,0.1100117,0.06413655,5.761725e+07,0.4412427,8.983528e+08,0.0034458118681850304,8.895983685288256e-05,56587043.50397949,6463417.619605688,0.1142208,0.04513825006297401,0.04274410215906209,0.004830762239617153
381,0.78,0.06413655107480194,0.1100117,0.06413655,5.761725e+07,0.4412427,8.983528e+08,0.04119182489537073,0.0009813360532898137,47703235.1226127,5666993.204114558,0.1187968,0.038051829932163,0.041598728118009146,0.0042934511254451805
382,0.78,0.06413655107480194,0.1100117,0.06413655,5.761725e+07,0.4412427,8.983528e+08,5.678344157911811e-08,0.0,397187883.2906514,59256448.27532584,0.14919,0.31682810918891613,0.2965078552357091,0.04423599670853797
383,0.78,0.06413655107480194,0.1100117,0.06413655,5.761725e+07,0.4412427,8.983528e+08,0.011133305840167636,0.001156453405060417,43593.849105569505,7474.177476806459,0.1714503,3.4773862359435164e-05,0.001650818125052913,7.97505398231047e-05
384,0.78,0.06413655107480194,0.1100117,0.06413655,5.761725e+07,0.4412427,8.983528e+08,0.03442418030594087,0.00021503491654478935,38755345.026332274,5513783.703004039,0.1422716,0.03091429321541422,0.03393526174556524,0.004129929585193171
385,0.78,0.06413655107480194,0.1100117,0.06413655,5.761725e+07,0.4412427,8.983528e+08,0.012240231732591814,7.86515217030711e-05,51334762.91893438,10302324.368170608,0.200689,0.04094862042749046,0.04010148818427855,0.007695913534372623
386,0.78,0.06413655107480194,0.1100117,0.06413655,5.761725e+07,0.4412427,8.983528e+08,0.0037974377752298377,0.0019435322461319228,3037.3910222428776,251.7712897908394,0.08289064,2.422860552723337e-06,0.0005542416017758235,0.00012483940693297006
387,0.78,0.06413655107480194,0.1100117,0.06413655,5.761725e+07,0.4412427,8.983528e+08,0.04966177513993147,0.011958325998457702,4233573.463686184,384068.07493692555,0.0907196,0.003377029189559959,0.01037899369610765,0.0010536794619505348
388,0.78,0.06413655107480194,0.1100117,0.06413655,5.761725e+07,0.4412427,8.983528e+08,0.0,0.0,566950298.1192907,69130861.06323566,0.1219346,0.4522438838492509,0.4232385208944867,0.05160742217020553
389,0.78,0.06413655107480194,0.1100117,0.06413655,5.761725e+07,0.4412427,8.983528e+08,0.0,0.0,35626896.33222642,5161779.94363797,0.1448844,0.02841879794441983,0.026596114258573073,0.0038533608956115074
390,0.78,0.06413655107480194,0.1100117,0.06413655,5.761725e+07,0.4412427,8.983528e+08,0.0,0.0,30999181.86703156,4095769.5254476075,0.1321251,0.02472737107679566,0.023141442778783175,0.003057565083968648
391,0.78,0.06413655107480194,0.1100117,0.06413655,5.761725e+07,0.4412427,8.983528e+08,7.310537989421762e-06,0.0,219994736.73177418,32177737.738381587,0.1462659,0.17548500194110012,0.16423106176980928,0.024021255780798296
392,0.78,0.06413655107480194,0.1100117,0.06413655,5.761725e+07,0.4412427,8.983528e+08,0.004650776923054928,8.55392634551596e-05,122488267.31938262,10996846.85207358,0.08977878,0.09770621855608837,0.09211568937965743,0.00821482872585813
393,0.78,0.06413655107480194,0.1100117,0.06413655,5.761725e+07,0.4412427,8.983528e+08,7.497526167946133e-07,0.0,104009682.36630683,13791944.437397731,0.1326025,0.0829662544799799,0.07764519404185098,0.010295932788653284
394,0.78,0.06413655107480194,0.1100117,0.06413655,5.761725e+07,0.4412427,8.983528e+08,0.0015556554547084774,4.3569284217414755e-09,196443671.5316696,29587069.329066824,0.1506135,0.1566988310365013,0.14687482975841804,0.022087275834238525
395,0.78,0.06413655107480194,0.1100117,0.06413655,5.761725e+07,0.4412427,8.983528e+08,0.0,0.0,380085374.2711444,58910706.42683406,0.1549934,0.30318581086363805,0.28374051862002714,0.04397789424514321
396,0.78,0.06413655107480194,0.1100117,0.06413655,5.761725e+07,0.4412427,8.983528e+08,0.007256194651867001,0.0019668590508168157,245885.95163442584,20419.851540060274,0.08304603,0.000196137859209176,0.0012382777786170425,0.00014139133975699214
397,0.78,0.06413655107480194,0.1100117,0.06413655,5.761725e+07,0.4412427,8.983528e+08,1.4232470678115669e-11,0.0,389559616.24282956,52774776.4506812,0.1354729,0.3107432069881586,0.2908132094240836,0.03939731295603582
398,0.78,0.06413655107480194,0.1100117,0.06413655,5.761725e+07,0.4412427,8.983528e+08,0.0024663658777463113,0.0,172682378.15266424,26919427.251122814,0.1558898,0.13774496570006955,0.12926897570433188,0.020095833110744237
399,0.78,0.06413655107480194,0.1100117,0.06413655,5.761725e+07,0.4412427,8.983528e+08,0.0,0.0,114717209.72418515,18749871.426604588,0.1634443,0.09150741545090177,0.0856384454261119,0.013997113813825351
400,0.78,0.06413655107480194,0.1100117,0.06413655,5.761725e+07,0.4412427,8.983528e+08,0.042272456969169245,0.0007471955525594916,49986744.15076567,5735571.075246051,0.1147418,0.03987333526538613,0.043460482964218464,0.004329628766573495
401,0.78,0.06413655107480194,0.1100117,0.06413655,5.761725e+07,0.4412427,8.983528e+08,0.0009910725727882812,0.0,145400275.06328744,24204875.499809954,0.1664706,0.11598262726997428,0.10868795829121072,0.018069371757908938
402,0.78,0.06413655107480194,0.1100117,0.06413655,5.761725e+07,0.4412427,8.983528e+08,1.605694290130228e-07,0.0,361509922.44904757,54967099.26879317,0.1520487,0.28836857819942285,0.26987363549483406,0.04103392108542375
403,0.78,0.06413655107480194,0.1100117,0.06413655,5.761725e+07,0.4412427,8.983528e+08,0.06093715452526198,0.0047211409068688825,21786282.590904932,2982966.535122178,0.1369195,0.017378442318898086,0.025121330024592787,0.0025296354766131068
404,0.78,0.06413655107480194,0.1100117,0.06413655,5.761725e+07,0.4412427,8.983528e+08,0.0005327064486796401,2.1864281086968678e-10,180319113.55441013,29516644.99226933,0.1636912,0.14383662292200114,0.13468886921412804,0.022034702543921297
405,0.78,0.06413655107480194,0.1100117,0.06413655,5.761725e+07,0.4412427,8.983528e+08,6.955475135209757e-07,0.0,242040732.63375428,37648337.25229801,0.1555455,0.19307061190216648,0.18068782984172319,0.02810515599984168
406,0.78,0.06413655107480194,0.1100117,0.06413655,5.761725e+07,0.4412427,8.983528e+08,0.05455089080767415,0.0019756864756128923,25218017.43856687,3157545.959960031,0.1252099,0.02011586233789401,0.026754910093160323,0.002483878156155236
407,0.78,0.06413655107480194,0.1100117,0.06413655,5.761725e+07,0.4412427,8.983528e+08,0.0049496089412024115,3.097131717623634e-05,121218517.41277218,12534140.395288842,0.1034012,0.09669336675728411,0.09121123493854152,0.009358946005593493
408,0.78,0.06413655107480194,0.1100117,0.06413655,5.761725e+07,0.4412427,8.983528e+08,0.0026676003410620007,0.0010185454534954947,13340.393190745212,1868.5246300515564,0.1400652,1.0641340605467504e-05,0.00039770618040437216,6.672087950044778e-05
409,0.78,0.06413655107480194,0.1100117,0.06413655,5.761725e+07,0.4412427,8.983528e+08,0.0,0.0,271727446.4272211,35068944.88995697,0.1290593,0.2167510558303461,0.20284939066756588,0.026179593544252224
410,0.78,0.06413655107480194,0.1100117,0.06413655,5.761725e+07,0.4412427,8.983528e+08,7.937035340585424e-06,1.6434678671341643e-08,240602695.087887,31379823.595132492,0.1304217,0.19192352072500085,0.17961536171825346,0.023425599679534892
411,0.78,0.06413655107480194,0.1100117,0.06413655,5.761725e+07,0.4412427,8.983528e+08,0.0017854111591259346,4.825157104014003e-09,164348463.68262196,25601168.21256486,0.1557737,0.13109718394547495,0.12294858000687617,0.01911172950936619
412,0.78,0.06413655107480194,0.1100117,0.06413655,5.761725e+07,0.4412427,8.983528e+08,0.0,0.0,38166229.97688234,5319324.352394604,0.1393725,0.0304443689929893,0.02849177216613033,0.00397097060982904
413,0.78,0.06413655107480194,0.1100117,0.06413655,5.761725e+07,0.4412427,8.983528e+08,0.0,0.0,199530947.59929982,22448414.428782776,0.1125059,0.1591614838016052,0.1489534151666223,0.016758142205377913
414,0.78,0.06413655107480194,0.1100117,0.06413655,5.761725e+07,0.4412427,8.983528e+08,0.0,0.0,408291345.5788278,47153340.44408463,0.1154894,0.32568509881575997,0.3047967798412611,0.03520081060190117
415,0.78,0.06413655107480194,0.1100117,0.06413655,5.761725e+07,0.4412427,8.983528e+08,0.0,0.0,583846560.8273576,85447655.06980887,0.1463529,0.4657216639914984,0.43585188270226594,0.06378820024544524
416,0.78,0.06413655107480194,0.1100117,0.06413655,5.761725e+07,0.4412427,8.983528e+08,0.0,0.0,405822362.0937817,48948218.53625354,0.1206149,0.3237156445547059,0.3029536395840106,0.036540719146680965
417,0.78,0.06413655107480194,0.1100117,0.06413655,5.761725e+07,0.4412427,8.983528e+08,3.851109248613707e-07,0.0,285508320.9465114,37182639.19366549,0.1302331,0.22774375878176367,0.21313711554224152,0.027757504083663325
418,0.78,0.06413655107480194,0.1100117,0.06413655,5.761725e+07,0.4412427,8.983528e+08,0.0,0.0,250103323.84970167,34803656.684732184,0.1391571,0.19950196501633613,0.18670659704754256,0.02598155116212005
419,0.78,0.06413655107480194,0.1100117,0.06413655,5.761725e+07,0.4412427,8.983528e+08,0.002243443862709089,7.036127740731513e-07,119130050.79089005,15316890.627713041,0.1285729,0.09502744249636985,0.08925880442268558,0.011434377476147214
420,0.78,0.06413655107480194,0.1100117,0.06413655,5.761725e+07,0.4412427,8.983528e+08,0.03531955121766567,0.0005167047868232728,48515712.01408823,7058980.423431423,0.1454989,0.03869992502296292,0.04135169604632988,0.005302794592751307
421,0.78,0.06413655107480194,0.1100117,0.06413655,5.761725e+07,0.4412427,8.983528e+08,0.0,0.0,82449630.07265168,9926275.070760308,0.120392,0.06576827113360906,0.06155012105294692,0.007410141581857759
422,0.78,0.06413655107480194,0.1100117,0.06413655,5.761725e+07,0.4412427,8.983528e+08,0.0,0.0,162734938.6592215,26060137.450293202,0.1601386,0.1298101102360313,0.12148453747085243,0.019454357931122192
423,0.78,0.06413655107480194,0.1100117,0.06413655,5.761725e+07,0.4412427,8.983528e+08,1.9568848008966108e-10,0.0,432660254.81841534,59884297.45896317,0.1384095,0.345123646068031,0.32298860574331106,0.04470469733486971
424,0.78,0.06413655107480194,0.1100117,0.06413655,5.761725e+07,0.4412427,8.983528e+08,0.0,0.0,389444408.688268,58214435.21040974,0.1494807,0.3106513084353286,0.29072720492541215,0.043458115349606176
425,0.78,0.06413655107480194,0.1100117,0.06413655,5.761725e+07,0.4412427,8.983528e+08,5.392316910136961e-07,0.0,197054666.892608,28249732.173908208,0.1433599,0.1571862087060453,0.1471049057827926,0.021088929489255843
426,0.78,0.06413655107480194,0.1100117,0.06413655,5.761725e+07,0.4412427,8.983528e+08,0.009388174797538614,8.304865832427534e-05,88081520.5334606,9692814.22688433,0.1100437,0.07026070728517073,0.06711903997736314,0.007241185347791625
427,0.78,0.06413655107480194,0.1100117,0.06413655,5.761725e+07,0.4412427,8.983528e+08,0.0009132244804359308,0.0,57728943.00780777,8244674.951337266,0.142817,0.04604911838474739,0.043228427910847654,0.006154797066401045
428,0.78,0.06413655107480194,0.1100117,0.06413655,5.761725e+07,0.4412427,8.983528e+08,0.0,0.0,185082347.3556218,26278187.32365981,0.1419811,0.14763615060738697,0.13816727709346915,0.019617136055044254
429,0.78,0.06413655107480194,0.1100117,0.06413655,5.761725e+07,0.4412427,8.983528e+08,0.0,0.0,540742444.1558069,81507836.25508721,0.1507332,0.4313384505103552,0.40367388994867187,0.060847055151657475
430,0.78,0.06413655107480194,0.1100117,0.06413655,5.761725e+07,0.4412427,8.983528e+08,0.0,0.0,332678423.6946719,41811921.01276988,0.1256827,0.26537032064999266,0.24835038352588787,0.031213345621133034
431,0.78,0.06413655107480194,0.1100117,0.06413655,5.761725e+07,0.4412427,8.983528e+08,0.012714777917245564,0.0002749968706109572,67159924.4798685,7988242.044939001,0.1189436,0.05357200655251701,0.0519842312170318,0.005981002673798621
432,0.78,0.06413655107480194,0.1100117,0.06413655,5.761725e+07,0.4412427,8.983528e+08,0.006774790564886545,1.0132659339081185e-06,128137852.61791268,18563148.675849497,0.1448686,0.10221276949365798,0.0966419403250929,0.013857786933685794
433,0.78,0.06413655107480194,0.1100117,0.06413655,5.761725e+07,0.4412427,8.983528e+08,1.0511653464041209e-11,0.0,321503157.7271342,38956570.27778927,0.1211701,0.25645605479463857,0.24000784793938795,0.02908177531291194
434,0.78,0.06413655107480194,0.1100117,0.06413655,5.761725e+07,0.4412427,8.983528e+08,0.026508522504074167,0.004427151265889699,206416.1357902404,21561.861976981985,0.1044582,0.0001646536482097255,0.004007222638052125,0.0003000385282506183
435,0.78,0.06413655107480194,0.1100117,0.06413655,5.761725e+07,0.4412427,8.983528e+08,0.049189795512694805,0.00035740570102986077,21831728.88439268,3926364.7944362354,0.1798467,0.017414693835727038,0.023447726650362686,0.002954024196410995
436,0.78,0.06413655107480194,0.1100117,0.06413655,5.761725e+07,0.4412427,8.983528e+08,0.04914214014674306,0.0011873444792330353,51244926.954596326,6681878.324089828,0.130391,0.040876960238658465,0.04539827729062247,0.005064293659019964
437,0.78,0.06413655107480194,0.1100117,0.06413655,5.761725e+07,0.4412427,8.983528e+08,1.79164685183654e-11,0.0,346455461.0064756,54128484.62720749,0.156235,0.27635996274471325,0.25863518788171086,0.04040788028134871
438,0.78,0.06413655107480194,0.1100117,0.06413655,5.761725e+07,0.4412427,8.983528e+08,0.0,0.0,46284450.006807804,5757840.895502961,0.1244012,0.03692009599843446,0.034552168375744284,0.004298331039321032
439,0.78,0.06413655107480194,0.1100117,0.06413655,5.761725e+07,0.4412427,8.983528e+08,0.00038109261055676474,1.044837496277426e-06,135406803.22406286,15613943.487178382,0.1153114,0.10801105280797779,0.10113898987519163,0.01165615462482995
440,0.78,0.06413655107480194,0.1100117,0.06413655,5.761725e+07,0.4412427,8.983528e+08,0.0019993281804961513,9.590991331396367e-09,95733259.00961407,14019901.55790186,0.1464476,0.07636433213224028,0.07175719831103451,0.010466107464598388
441,0.78,0.06413655107480194,0.1100117,0.06413655,5.761725e+07,0.4412427,8.983528e+08,1.1962328693320348e-06,0.0,237562637.09115288,34720470.225056365,0.1461529,0.18949853278491033,0.17734492433601332,0.025919450984611656
442,0.78,0.06413655107480194,0.1100117,0.06413655,5.761725e+07,0.4412427,8.983528e+08,0.05167775302153545,0.039002052941130745,123684.59771250053,12921.369092624525,0.1044703,9.8660505210748e-05,0.007603919445849597,0.002511103193229926
443,0.78,0.06413655107480194,0.1100117,0.06413655,5.761725e+07,0.4412427,8.983528e+08,2.870212506890194e-25,4.7979845459278065e-29,120330661.17548488,14221105.763511512,0.1181836,0.09598514320685553,0.08982898716714686,0.010616309381613988
444,0.78,0.06413655107480194,0.1100117,0.06413655,5.761725e+07,0.4412427,8.983528e+08,5.88835222260323e-15,0.0,325980082.52658904,43367746.03225795,0.133038,0.2600272000356284,0.24334995223970649,0.032374796778673866
445,0.78,0.06413655107480194,0.1100117,0.06413655,5.761725e+07,0.4412427,8.983528e+08,0.0,0.0,251076000.80511847,32422856.03751048,0.1291356,0.20027784820311206,0.18743271776268175,0.02420424096788017
446,0.78,0.06413655107480194,0.1100117,0.06413655,5.761725e+07,0.4412427,8.983528e+08,0.0,0.0,312527338.2300255,34107615.19334159,0.1091348,0.2492962394041752,0.2333072384128733,0.025461943760422618
447,0.78,0.06413655107480194,0.1100117,0.06413655,5.761725e+07,0.4412427,8.983528e+08,0.03416032269333289,0.000249152732039673,61218878.11367155,8456597.818721985,0.1381371,0.048832963479975816,0.0506663374452604,0.006328981067878954
448,0.78,0.06413655107480194,0.1100117,0.06413655,5.761725e+07,0.4412427,8.983528e+08,5.4714191637230896e-11,0.0,337135025.30877,49040843.19641378,0.1454635,0.2689252545294074,0.2516773162149309,0.03660986510937755
449,0.78,0.06413655107480194,0.1100117,0.06413655,5.761725e+07,0.4412427,8.983528e+08,0.004004145290525673,2.045124511311605e-06,128955388.24291451,16506780.155213479,0.1280038,0.10286489982582717,0.09684951989795328,0.012322737294786109
450,0.78,0.06413655107480194,0.1100117,0.06413655,5.761725e+07,0.4412427,8.983528e+08,0.006291013268342167,4.934587636672176e-06,89069142.49193339,13483565.059694849,0.1513831,0.07104851177483441,0.06740613147413423,0.01006603856427105
451,0.78,0.06413655107480194,0.1100117,0.06413655,5.761725e+07,0.4412427,8.983528e+08,0.0,0.0,489133590.35956526,52854816.621935464,0.108058,0.39017119376978354,0.36514695907265143,0.039457064373058036
452,0.78,0.06413655107480194,0.1100117,0.06413655,5.761725e+07,0.4412427,8.983528e+08,0.0,0.0,101306757.44945715,10118380.213806272,0.09987863,0.08081019024259624,0.07562730334873752,0.007553551501331671
453,0.78,0.06413655107480194,0.1100117,0.06413655,5.761725e+07,0.4412427,8.983528e+08,4.969110974224939e-07,0.0,265532563.8680345,43910319.5928714,0.165367,0.21180953316451434,0.19822487245077278,0.0327798376297542
454,0.78,0.06413655107480194,0.1100117,0.06413655,5.761725e+07,0.4412427,8.983528e+08,0.0,0.0,306010093.63472515,41673282.57751396,0.1361827,0.2440975755749977,0.22844199895189654,0.031109849553714982
455,0.78,0.06413655107480194,0.1100117,0.06413655,5.761725e+07,0.4412427,8.983528e+08,0.0070719918276114305,5.507306281178905e-08,152934847.22911114,22027146.52232312,0.1440296,0.12199279110747105,0.11519653907156431,0.016443661723328604
456,0.78,0.06413655107480194,0.1100117,0.06413655,5.761725e+07,0.4412427,8.983528e+08,0.0,0.0,283231021.9732545,43030859.326686285,0.1519285,0.22592720707384853,0.21143701521816932,0.03212330483758458
457,0.78,0.06413655107480194,0.1100117,0.06413655,5.761725e+07,0.4412427,8.983528e+08,1.3895749294224017e-07,5.7512996883145457e-11,405242391.531602,59222498.18411509,0.1461409,0.32325301469027434,0.30252070140158527,0.04421065236293196
458,0.78,0.06413655107480194,0.1100117,0.06413655,5.761725e+07,0.4412427,8.983528e+08,0.0,0.0,204401311.41910845,30732877.228542116,0.1503556,0.16304646676560688,0.15258922872232858,0.022942641611069712
459,0.78,0.06413655107480194,0.1100117,0.06413655,5.761725e+07,0.4412427,8.983528e+08,1.0018174085926831e-10,0.0,117986428.68646242,17620240.105131146,0.1493412,0.09411520009367975,0.08807897577051814,0.013153823861879849
460,0.78,0.06413655107480194,0.1100117,0.06413655,5.761725e+07,0.4412427,8.983528e+08,0.0,0.0,61893566.01203044,7587250.419976344,0.1225854,0.049371147297061865,0.04620465218682229,0.0056640179149022975
461,0.78,0.06413655107480194,0.1100117,0.06413655,5.761725e+07,0.4412427,8.983528e+08,2.099188513346545e-08,0.0,348036287.1060804,57491995.29832409,0.1651897,0.2776209532360263,0.2598153058406308,0.042918801055495094
462,0.78,0.06413655107480194,0.1100117,0.06413655,5.761725e+07,0.4412427,8.983528e+08,0.0008451085698835129,2.9650401881399067e-07,175192690.53096265,18655502.468434807,0.1064856,0.13974738711761267,0.13090731190096438,0.013926684718263962
463,0.78,0.06413655107480194,0.1100117,0.06413655,5.761725e+07,0.4412427,8.983528e+08,0.001419988510237018,3.3132028109788955e-09,223826002.6181132,36078650.0736705,0.1611906,0.17854111915321688,0.16729650906594126,0.026933356705480787
464,0.78,0.06413655107480194,0.1100117,0.06413655,5.761725e+07,0.4412427,8.983528e+08,0.0,0.0,195330543.53856558,28995493.711744394,0.1484432,0.1558109131211345,0.1458177385337293,0.02164565379341588
465,0.78,0.06413655107480194,0.1100117,0.06413655,5.761725e+07,0.4412427,8.983528e+08,0.03791370562254377,0.004360358916074094,78755.42146957868,9874.824272502312,0.125386,6.282148152622177e-05,0.0055697147212412715,0.0002870301149675174
466,0.78,0.06413655107480194,0.1100117,0.06413655,5.761725e+07,0.4412427,8.983528e+08,0.04801764544142797,0.0010107104412105559,43755373.98940937,5672716.53684976,0.1296462,0.03490270723534115,0.03964374206265746,0.004299607667457837
467,0.78,0.06413655107480194,0.1100117,0.06413655,5.761725e+07,0.4412427,8.983528e+08,3.515353712943436e-09,0.0,337821805.13200724,41684771.076196946,0.1233928,0.2694730838111635,0.25219001011899644,0.031118425923118108
468,0.78,0.06413655107480194,0.1100117,0.06413655,5.761725e+07,0.4412427,8.983528e+08,3.4658930976132624e-11,0.0,350920791.0100326,38429520.05681474,0.1095105,0.2799218590699751,0.26196863646381796,0.028688322912053626
469,0.78,0.06413655107480194,0.1100117,0.06413655,5.761725e+07,0.4412427,8.983528e+08,1.025118217486616e-08,0.0,377690891.49807954,51993358.57724522,0.1376611,0.3012757841951749,0.2819529959645941,0.038813970560678306
470,0.78,0.06413655107480194,0.1100117,0.06413655,5.761725e+07,0.4412427,8.983528e+08,0.0,0.0,26763854.46657912,5850623.2245439775,0.2186017,0.021348942810142296,0.01997969524920658,0.004367594704652421
471,0.78,0.06413655107480194,0.1100117,0.06413655,5.761725e+07,0.4412427,8.983528e+08,0.0,0.0,231493084.52594072,25147827.028928526,0.1086332,0.18465698312099044,0.1728137210917322,0.01877330191154538
472,0.78,0.06413655107480194,0.1100117,0.06413655,5.761725e+07,0.4412427,8.983528e+08,0.011685226683400324,3.398584894799538e-05,127796373.10260177,16737420.133535229,0.1309694,0.10194037873423611,0.09710077306585808,0.012496962724767724
473,0.78,0.06413655107480194,0.1100117,0.06413655,5.761725e+07,0.4412427,8.983528e+08,0.0,0.0,122140944.96606426,14873040.708429826,0.1217695,0.09742916709225916,0.09118039634087106,0.011102990458812396
474,0.78,0.06413655107480194,0.1100117,0.06413655,5.761725e+07,0.4412427,8.983528e+08,0.005690494770968205,0.002444435640464713,12784.511711102934,1334.2697423130103,0.1043661,1.0197926076632745e-05,0.0008366820883173397,0.0001577737274908152
475,0.78,0.06413655107480194,0.1100117,0.06413655,5.761725e+07,0.4412427,8.983528e+08,0.0039905112156997545,1.102412039448912e-06,133091188.05098085,20131130.1646374,0.1512582,0.10616393710339354,0.09993498653045714,0.015028318830146124
476,0.78,0.06413655107480194,0.1100117,0.06413655,5.761725e+07,0.4412427,8.983528e+08,0.04625720460052138,0.002209721013395136,43930354.370619744,4515926.418192085,0.1027974,0.0350422852679456,0.03951848029097053,0.0035129435912745277
477,0.78,0.06413655107480194,0.1100117,0.06413655,5.761725e+07,0.4412427,8.983528e+08,0.0,0.0,96672970.42659716,17700313.978077598,0.1830948,0.07711391942820552,0.07216809859622025,0.013213600437817056
478,0.78,0.06413655107480194,0.1100117,0.06413655,5.761725e+07,0.4412427,8.983528e+08,1.157632618785303e-05,0.0,277214824.8492482,49103264.05851082,0.1771307,0.22112821788134113,0.20694749931059173,0.03665646339750712
479,0.78,0.06413655107480194,0.1100117,0.06413655,5.761725e+07,0.4412427,8.983528e+08,1.1989166598781908e-19,0.0,134630876.05112916,24733334.350172784,0.1837122,0.107392112630266,0.10050435291352408,0.018463875725757816
480,0.78,0.06413655107480194,0.1100117,0.06413655,5.761725e+07,0.4412427,8.983528e+08,0.0,0.0,272807892.0575318,41803077.60463619,0.1532327,0.21761290373793257,0.20365596262280874,0.031206743859055152
481,0.78,0.06413655107480194,0.1100117,0.06413655,5.761725e+07,0.4412427,8.983528e+08,0.04325847123870435,0.0009967562296192129,50699537.047531694,5516890.067488069,0.1088154,0.040441914608377844,0.04413591706163619,0.004182385450669367
482,0.78,0.06413655107480194,0.1100117,0.06413655,5.761725e+07,0.4412427,8.983528e+08,1.5769748082576687e-05,0.0,231542263.06534132,28074242.68476525,0.1212489,0.18469621176895895,0.17285272595114695,0.02095792345210624
483,0.78,0.06413655107480194,0.1100117,0.06413655,5.761725e+07,0.4412427,8.983528e+08,4.112883147977767e-07,0.0,341336787.6067148,49400742.41464406,0.1447273,0.27227690864606874,0.2548140665707505,0.0368785363020732
484,0.78,0.06413655107480194,0.1100117,0.06413655,5.761725e+07,0.4412427,8.983528e+08,1.746886893825602e-09,6.957710188017841e-15,459014688.1216065,55824298.4066349,0.1216177,0.36614600254834007,0.34266266100898146,0.04167383554779533
485,0.78,0.06413655107480194,0.1100117,0.06413655,5.761725e+07,0.4412427,8.983528e+08,0.0004029646395662032,5.751305031878027e-17,201660902.12804553,33517561.153881166,0.1662075,0.16086050206069707,0.15060203692140395,0.025021457884081305
486,0.78,0.06413655107480194,0.1100117,0.06413655,5.761725e+07,0.4412427,8.983528e+08,0.0004542038200038857,2.403808853160866e-07,155081388.9885181,20832199.73862109,0.1343308,0.12370504063858348,0.11583704648674578,0.015551624497574567
487,0.78,0.06413655107480194,0.1100117,0.06413655,5.761725e+07,0.4412427,8.983528e+08,0.0,0.0,92794412.01304564,10244705.811251342,0.1104022,0.07402007799889619,0.06927268548575917,0.007647855815468417
488,0.78,0.06413655107480194,0.1100117,0.06413655,5.761725e+07,0.4412427,8.983528e+08,2.4043049608465617e-07,0.0,308017389.54333687,49471481.03628066,0.1606126,0.2456987517288098,0.22994051613716068,0.03693134394621927
489,0.78,0.06413655107480194,0.1100117,0.06413655,5.761725e+07,0.4412427,8.983528e+08,0.0,0.0,297314412.5867634,47843729.187109284,0.1609196,0.23716122051373426,0.2219505177812928,0.035716198126009104
490,0.78,0.06413655107480194,0.1100117,0.06413655,5.761725e+07,0.4412427,8.983528e+08,0.0,0.0,78755548.4886849,12622911.173406007,0.1602796,0.06282158284659166,0.058792423189751336,0.009423228583064866
491,0.78,0.06413655107480194,0.1100117,0.06413655,5.761725e+07,0.4412427,8.983528e+08,1.5214940691938187e-06,0.0,32041386.85217306,3523351.477547679,0.1099625,0.02555871525601377,0.02391968856538587,0.002630244790231895
492,0.78,0.06413655107480194,0.1100117,0.06413655,5.761725e+07,0.4412427,8.983528e+08,5.041365137835701e-07,0.0,210481169.34229326,39131992.72556718,0.1859168,0.1678962367887531,0.1571280245011242,0.029212731302485456
493,0.78,0.06413655107480194,0.1100117,0.06413655,5.761725e+07,0.4412427,8.983528e+08,0.0,0.0,287246216.11523664,39741482.10595836,0.1383534,0.22913003984279204,0.21443442933964343,0.02966772600786505
494,0.78,0.06413655107480194,0.1100117,0.06413655,5.761725e+07,0.4412427,8.983528e+08,0.02395092700741573,0.0011563617537548017,8043383.104463113,1190084.108505472,0.1479582,0.006416031222695416,0.00948590076044789,0.0009625840915781407
495,0.78,0.06413655107480194,0.1100117,0.06413655,5.761725e+07,0.4412427,8.983528e+08,2.3047530975378366e-05,0.0,50316875.162267186,8169037.936048335,0.1623519,0.04013667357090566,0.03756579581555307,0.0060983326839288005
496,0.78,0.06413655107480194,0.1100117,0.06413655,5.761725e+07,0.4412427,8.983528e+08,9.890582922675977e-05,0.0,188866131.8855752,24869110.20025809,0.1316759,0.15065439297739944,0.1410063162010084,0.018565234822232275
497,0.78,0.06413655107480194,0.1100117,0.06413655,5.761725e+07,0.4412427,8.983528e+08,7.203685557249242e-24,0.0,428041146.40195614,49520368.90577295,0.1156907,0.34143908405772805,0.319540358804126,0.036967839613727044
498,0.78,0.06413655107480194,0.1100117,0.06413655,5.761725e+07,0.4412427,8.983528e+08,0.04233508253487513,0.00044902761501806643,40512896.51751167,5935159.51802718,0.1465005,0.032316253696029,0.03639718944189549,0.004459501639764981
499,0.78,0.06413655107480194,0.1100117,0.06413655,5.761725e+07,0.4412427,8.983528e+08,0.0,0.0,215102093.52012885,30031241.574566428,0.1396139,0.17158224719229215,0.16057755363171441,0.022418858067114286
500,0.78,0.06413655107480194,0.1100117,0.06413655,5.761725e+07,0.4412427,8.983528e+08,1.0449743012715193e-05,0.0,221526519.57343173,40623310.01616686,0.183379,0.17670687169550864,0.1653750213094426,0.0303260262885743
501,0.78,0.06413655107480194,0.1100117,0.06413655,5.761725e+07,0.4412427,8.983528e+08,1.383364575004857e-05,2.6957771903825675e-08,120214359.4312426,17550340.680954672,0.145992,0.09589237184278879,0.0897441766191259,0.013101644422600823
502,0.78,0.06413655107480194,0.1100117,0.06413655,5.761725e+07,0.4412427,8.983528e+08,0.0,0.0,144292121.5478447,20518894.700269505,0.1422038,0.11509867738691139,0.10771664518604361,0.015317721274933565
503,0.78,0.06413655107480194,0.1100117,0.06413655,5.761725e+07,0.4412427,8.983528e+08,0.0,0.0,80627432.96180189,12620514.828962538,0.1565288,0.06431474425253454,0.06018981837291904,0.009421439669149182
504,0.78,0.06413655107480194,0.1100117,0.06413655,5.761725e+07,0.4412427,8.983528e+08,0.0024071865505103083,1.0525109890338637e-08,172491986.4208636,29356591.30397486,0.170191,0.1375930943693234,0.1291182429037474,0.021915220268744838
505,0.78,0.06413655107480194,0.1100117,0.06413655,5.761725e+07,0.4412427,8.983528e+08,0.0,0.0,442040489.1502114,50488260.37436263,0.1142164,0.35260605434914444,0.3299911181350962,0.037690387877501126
506,0.78,0.06413655107480194,0.1100117,0.06413655,5.761725e+07,0.4412427,8.983528e+08,3.4469008199427606e-05,0.0,188345466.497091,30132498.264886238,0.1599853,0.15023906955618405,0.14060826401876877,0.022494447994456754
507,0.78,0.06413655107480194,0.1100117,0.06413655,5.761725e+07,0.4412427,8.983528e+08,4.267674991970852e-06,1.647970467283433e-10,248385116.4733462,40196437.47943121,0.1618311,0.19813138847775932,0.18542454488629861,0.030007358328322048
508,0.78,0.06413655107480194,0.1100117,0.06413655,5.761725e+07,0.4412427,8.983528e+08,3.3017578555958542e-09,0.0,112833148.13782118,16179952.73466582,0.1433972,0.09000454062738568,0.08423196029039817,0.012078623622351107
509,0.78,0.06413655107480194,0.1100117,0.06413655,5.761725e+07,0.4412427,8.983528e+08,0.0,0.0,18799719.019528717,2794014.6581197507,0.14862,0.014996125714845996,0.014034325932011626,0.002085781831640035
510,0.78,0.06413655107480194,0.1100117,0.06413655,5.761725e+07,0.4412427,8.983528e+08,0.0002088516989330479,0.0,242038198.52259138,47454245.28686683,0.196061,0.1930685904969777,0.18071619448653425,0.03542544143993334
511,0.78,0.06413655107480194,0.1100117,0.06413655,5.761725e+07,0.4412427,8.983528e+08,0.0016034829611349802,3.2043858629279837e-05,10739271.666911311,1123225.3155314883,0.1045905,0.008566482713682759,0.008250131296194117,0.0008405629367011125
512,0.78,0.06413655107480194,0.1100117,0.06413655,5.761725e+07,0.4412427,8.983528e+08,0.0,0.0,78889210.60404673,10308676.951367714,0.1306728,0.0629282021999552,0.05889220434551232,0.007695611413820868
513,0.78,0.06413655107480194,0.1100117,0.06413655,5.761725e+07,0.4412427,8.983528e+08,0.0,0.0,442270649.48777884,54542050.36654547,0.1233228,0.35278964822909276,0.33016293693678617,0.04071661449030967
514,0.78,0.06413655107480194,0.1100117,0.06413655,5.761725e+07,0.4412427,8.983528e+08,0.0,0.0,371185216.6162148,53510945.86696111,0.1441624,0.2960863492739925,0.2770963920112295,0.039946876570179125
515,0.78,0.06413655107480194,0.1100117,0.06413655,5.761725e+07,0.4412427,8.983528e+08,2.8615991569026846e-07,0.0,284406283.98343277,42301768.784619935,0.1487371,0.2268646879390789,0.2123144108885964,0.031579025729440616
516,0.78,0.06413655107480194,0.1100117,0.06413655,5.761725e+07,0.4412427,8.983528e+08,0.0,0.0,196300182.89985994,33331771.22103306,0.1698,0.1565843732853491,0.14654159163061747,0.024882762381783188
517,0.78,0.06413655107480194,0.1100117,0.06413655,5.761725e+07,0.4412427,8.983528e+08,0.0011241131307950848,2.0779404202736603e-07,105775449.76515372,14572386.855785916,0.1377672,0.0843747686108974,0.07912665669846883,0.010878560316593275
518,0.78,0.06413655107480194,0.1100117,0.06413655,5.761725e+07,0.4412427,8.983528e+08,0.0,0.0,66034589.19157744,7751621.784298394,0.1173873,0.05267435114410186,0.04929599993161612,0.005786724073350132
519,0.78,0.06413655107480194,0.1100117,0.06413655,5.761725e+07,0.4412427,8.983528e+08,0.0,0.0,79322760.37243305,12247214.606199661,0.1543972,0.06327403539159013,0.05921585698898859,0.009142764387284353
520,0.78,0.06413655107480194,0.1100117,0.06413655,5.761725e+07,0.4412427,8.983528e+08,7.828425846956204e-10,0.0,243815822.45104563,39958445.59677226,0.1638878,0.19448656232289313,0.18201286509889786,0.029829693127813296
521,0.78,0.06413655107480194,0.1100117,0.06413655,5.761725e+07,0.4412427,8.983528e+08,0.0,0.0,100936207.01966304,17312600.618701242,0.1715202,0.08051461024892131,0.07535068083642361,0.012924165492112248
522,0.78,0.06413655107480194,0.1100117,0.06413655,5.761725e+07,0.4412427,8.983528e+08,0.004990974201418189,1.3160389346068973e-05,150538063.59102267,17741838.709814623,0.1178562,0.12008092908917577,0.11310481230531834,0.013245443453499314
523,0.78,0.06413655107480194,0.1100117,0.06413655,5.761725e+07,0.4412427,8.983528e+08,0.0,0.0,371106531.42387295,54309991.61510175,0.1463461,0.2960235838127093,0.2770376521101596,0.04054337848876338
524,0.78,0.06413655107480194,0.1100117,0.06413655,5.761725e+07,0.4412427,8.983528e+08,5.826754595584282e-07,0.0,364760616.9804813,53067265.162234075,0.1454852,0.2909615863078581,0.272300398361237,0.039615661001828575
525,0.78,0.06413655107480194,0.1100117,0.06413655,5.761725e+07,0.4412427,8.983528e+08,3.487956144425132e-11,0.0,296013133.79606295,37550588.641846955,0.1268545,0.23612321881194628,0.2209790899337372,0.028032184916760794
526,0.78,0.06413655107480194,0.1100117,0.06413655,5.761725e+07,0.4412427,8.983528e+08,0.0,0.0,213970134.73317227,29513358.50298075,0.1379321,0.1706793083634941,0.159732526185227,0.022032249106961492
527,0.78,0.06413655107480194,0.1100117,0.06413655,5.761725e+07,0.4412427,8.983528e+08,0.0,0.0,234930422.93354532,30695480.678997546,0.1306578,0.18739887297750168,0.17537975558941984,0.02291472441908956
528,0.78,0.06413655107480194,0.1100117,0.06413655,5.761725e+07,0.4412427,8.983528e+08,0.0005676060597759246,2.526430068965896e-08,103723458.05274703,12658444.94776373,0.1220403,0.08273793958951109,0.07751391751640926,0.00944975680047182
529,0.78,0.06413655107480194,0.1100117,0.06413655,5.761725e+07,0.4412427,8.983528e+08,6.850362659199813e-08,0.0,104424435.79106082,16668236.418453244,0.1596201,0.08329709423837273,0.07795471585667152,0.012443136110991897
530,0.78,0.06413655107480194,0.1100117,0.06413655,5.761725e+07,0.4412427,8.983528e+08,0.03402870571985974,0.00018381279356653138,29620935.656509764,4922663.951579323,0.1661887,0.02362797414338803,0.027058778093734446,0.003686645656556316
531,0.78,0.06413655107480194,0.1100117,0.06413655,5.761725e+07,0.4412427,8.983528e+08,1.1110497112698555e-07,0.0,259468982.35907415,35503014.97177142,0.1368295,0.20697274648189803,0.19369824450566167,0.026503634610993212
532,0.78,0.06413655107480194,0.1100117,0.06413655,5.761725e+07,0.4412427,8.983528e+08,0.0003709547362634849,1.010769174593451e-07,170371773.8635798,24841525.82090596,0.1458078,0.13590184706832945,0.12723949120072398,0.018544649073229762
533,0.78,0.06413655107480194,0.1100117,0.06413655,5.761725e+07,0.4412427,8.983528e+08,0.0008562566142474245,1.1001220866577138e-08,108755735.94824454,15197633.45856739,0.139741,0.08675207787926587,0.0813125594371547,0.011345305448232135
534,0.78,0.06413655107480194,0.1100117,0.06413655,5.761725e+07,0.4412427,8.983528e+08,0.006253127657388477,0.0017637453730905547,132351.15778570974,11897.291192628865,0.08989186,0.00010557363110577367,0.0010077218673470627,0.0001220020855150609
535,0.78,0.06413655107480194,0.1100117,0.06413655,5.761725e+07,0.4412427,8.983528e+08,1.8957702941508136e-09,0.0,225247308.47667593,32869207.514624123,0.145925,0.17967486382844916,0.16815113802321627,0.02453745031550609
536,0.78,0.06413655107480194,0.1100117,0.06413655,5.761725e+07,0.4412427,8.983528e+08,0.0,0.0,163092468.8450004,23093402.471500408,0.141597,0.1300953042651135,0.12175144013852217,0.01723963729604105
537,0.78,0.06413655107480194,0.1100117,0.06413655,5.761725e+07,0.4412427,8.983528e+08,0.004916787429374165,3.7835610769813876e-07,138779664.05612692,17746868.945973758,0.127878,0.11070151030916553,0.10431617372621851,0.01324837881908334
538,0.78,0.06413655107480194,0.1100117,0.06413655,5.761725e+07,0.4412427,8.983528e+08,0.0,0.0,513130345.67904085,83719741.91744459,0.1631549,0.40931288195913584,0.38306096539978945,0.06249828222394186
539,0.78,0.06413655107480194,0.1100117,0.06413655,5.761725e+07,0.4412427,8.983528e+08,1.3950595937468615e-07,0.0,500723330.9652579,61127124.10231282,0.1220776,0.3994160770015425,0.37379892765663547,0.04563248961578829
540,0.78,0.06413655107480194,0.1100117,0.06413655,5.761725e+07,0.4412427,8.983528e+08,0.0,0.0,27134270.701655883,2867590.4580094675,0.1056815,0.021644415759618875,0.020256217582767834,0.0021407074800121268
541,0.78,0.06413655107480194,0.1100117,0.06413655,5.761725e+07,0.4412427,8.983528e+08,5.419790390056969e-06,0.0,319937735.7949471,45620781.819256425,0.1425927,0.25520735187160715,0.23884002030378906,0.034056728223413914
542,0.78,0.06413655107480194,0.1100117,0.06413655,5.761725e+07,0.4412427,8.983528e+08,8.79539750450751e-11,0.0,65318492.32289402,10300729.123294273,0.1577,0.052103136294793254,0.04876142084544939,0.007689678218249254
543,0.78,0.06413655107480194,0.1100117,0.06413655,5.761725e+07,0.4412427,8.983528e+08,0.0,0.0,64241329.98139702,8932527.72334295,0.1390464,0.051243907395063036,0.04795729991114716,0.006668291442861542
544,0.78,0.06413655107480194,0.1100117,0.06413655,5.761725e+07,0.4412427,8.983528e+08,0.004759821555089532,0.00010518484220540897,113616789.30740571,12088302.748742633,0.1063954,0.09062963409193221,0.08550882274905612,0.009030880041199495
545,0.78,0.06413655107480194,0.1100117,0.06413655,5.761725e+07,0.4412427,8.983528e+08,3.1680026300018884e-10,0.0,318255042.345143,41551961.41160881,0.1305618,0.25386510401744516,0.23758307185356875,0.031019281137080884
546,0.78,0.06413655107480194,0.1100117,0.06413655,5.761725e+07,0.4412427,8.983528e+08,0.010279982739973872,1.2121611842444967e-05,82377032.70366897,13006203.293426732,0.1578863,0.06571036179620347,0.0629901661264288,0.009710140433022993
547,0.78,0.06413655107480194,0.1100117,0.06413655,5.761725e+07,0.4412427,8.983528e+08,0.0026494623880061615,2.9395292600173993e-08,165168151.78167665,24241152.607442334,0.1467665,0.13175103125923632,0.12368608542185756,0.0180964551518258
548,0.78,0.06413655107480194,0.1100117,0.06413655,5.761725e+07,0.4412427,8.983528e+08,5.610077826653892e-07,0.0,288508256.71664894,43338179.22179935,0.1502147,0.230136742097031,0.21537664672826318,0.03235272462672761
549,0.78,0.06413655107480194,0.1100117,0.06413655,5.761725e+07,0.4412427,8.983528e+08,2.5384010367225655e-10,0.0,483895497.40361357,65061561.56858426,0.1344537,0.38599288129650117,0.36123662918761495,0.048569617436869716
550,0.78,0.06413655107480194,0.1100117,0.06413655,5.761725e+07,0.4412427,8.983528e+08,3.473446826281995e-09,0.0,198774250.7170604,24358461.097656813,0.1225433,0.15855788320723954,0.1483885279374866,0.018184026149094604
551,0.78,0.06413655107480194,0.1100117,0.06413655,5.761725e+07,0.4412427,8.983528e+08,4.79184255888837e-06,0.0,323134266.4417263,46256285.66693886,0.1431488,0.2577571546309284,0.24122619623325173,0.03453114319313543
552,0.78,0.06413655107480194,0.1100117,0.06413655,5.761725e+07,0.4412427,8.983528e+08,0.003429110200287045,2.1987341372205514e-08,110145510.97453767,12789259.378522616,0.1161124,0.08786067109749406,0.0827240267946244,0.009547411898656148
553,0.78,0.06413655107480194,0.1100117,0.06413655,5.761725e+07,0.4412427,8.983528e+08,1.4086764941547186e-06,0.0,339933099.37204045,46107041.28676031,0.1356356,0.2711572171650546,0.2537663332143163,0.034419729598455046
554,0.78,0.06413655107480194,0.1100117,0.06413655,5.761725e+07,0.4412427,8.983528e+08,0.0,0.0,239095766.17325264,31062462.117935635,0.1299164,0.19072147640594914,0.17848925869337737,0.023188682616002272
555,0.78,0.06413655107480194,0.1100117,0.06413655,5.761725e+07,0.4412427,8.983528e+08,3.0821377140869046e-05,0.0,225535845.4353239,32899119.333471477,0.1458709,0.17990502346545065,0.16837101576087518,0.024559780022374952
556,0.78,0.06413655107480194,0.1100117,0.06413655,5.761725e+07,0.4412427,8.983528e+08,0.0,0.0,131078502.2721318,15945721.406234747,0.1216502,0.10455846156768206,0.09785244245704372,0.011903765753290671
557,0.78,0.06413655107480194,0.1100117,0.06413655,5.761725e+07,0.4412427,8.983528e+08,0.0,0.0,255177226.31585687,32384010.907458395,0.1269079,0.20354930631799553,0.19049435583709093,0.024175242384685602
558,0.78,0.06413655107480194,0.1100117,0.06413655,5.761725e+07,0.4412427,8.983528e+08,9.425028684003464e-06,9.191414218526072e-11,333645763.5530453,36681698.713574424,0.109942,0.2661419465508946,0.24907388997179256,0.02738354307647976
559,0.78,0.06413655107480194,0.1100117,0.06413655,5.761725e+07,0.4412427,8.983528e+08,0.06905812303338997,0.004207087858104283,29006050.412686717,3037688.6633263584,0.104726,0.02313749359913119,0.031691433793375766,0.002537516932807395
560,0.78,0.06413655107480194,0.1100117,0.06413655,5.761725e+07,0.4412427,8.983528e+08,0.0004391949043174639,3.435751472893814e-08,117095216.5823763,17661583.424603876,0.150831,0.09340429964151956,0.08747750890091965,0.01318468959165659
561,0.78,0.06413655107480194,0.1100117,0.06413655,5.761725e+07,0.4412427,8.983528e+08,0.0,0.0,143158073.75870302,23656725.33631972,0.165249,0.11419407220664535,0.10687005826212422,0.017660167873206397
562,0.78,0.06413655107480194,0.1100117,0.06413655,5.761725e+07,0.4412427,8.983528e+08,6.203030473251797e-08,0.0,305645020.9371048,40616183.77449133,0.1328868,0.24380636504877198,0.22816947468083482,0.030320706421918812
563,0.78,0.06413655107480194,0.1100117,0.06413655,5.761725e+07,0.4412427,8.983528e+08,0.0,0.0,195375795.49315593,30524810.126817662,0.1562364,0.1558470096180648,0.14585151992584067,0.022787315804428842
564,0.78,0.06413655107480194,0.1100117,0.06413655,5.761725e+07,0.4412427,8.983528e+08,3.4520695124420517e-10,0.0,420183570.96315,49956278.68486899,0.1188916,0.335171267556225,0.31367453848597643,0.037293254047338
565,0.78,0.06413655107480194,0.1100117,0.06413655,5.761725e+07,0.4412427,8.983528e+08,5.969544846603046e-06,0.0,345091461.8527204,51229551.47363309,0.1484521,0.2752719303776651,0.25761780585490573,0.0382437749194486
566,0.78,0.06413655107480194,0.1100117,0.06413655,5.761725e+07,0.4412427,8.983528e+08,0.0,0.0,384042899.0671925,59600279.36620998,0.1551917,0.3063426420534824,0.2866948815450295,0.044492672757260536
567,0.78,0.06413655107480194,0.1100117,0.06413655,5.761725e+07,0.4412427,8.983528e+08,0.0,0.0,74391071.64650552,9551972.76110651,0.1284021,0.05934013488788186,0.055534263295859594,0.007130718224235799
568,0.78,0.06413655107480194,0.1100117,0.06413655,5.761725e+07,0.4412427,8.983528e+08,6.951663543105125e-11,0.0,57502479.20009594,8021187.654447896,0.1394929,0.045868473146019,0.04292662748547072,0.005987959808729718
569,0.78,0.06413655107480194,0.1100117,0.06413655,5.761725e+07,0.4412427,8.983528e+08,0.005419908700604077,2.359574397400364e-05,114007362.76593032,12560334.143975824,0.1101713,0.09094118601878991,0.08589633935402242,0.009378027062871148
570,0.78,0.06413655107480194,0.1100117,0.06413655,5.761725e+07,0.4412427,8.983528e+08,0.0,0.0,377008771.6926216,58241055.790633954,0.154482,0.30073167210793533,0.2814437798599742,0.04347798808807518
571,0.78,0.06413655107480194,0.1100117,0.06413655,5.761725e+07,0.4412427,8.983528e+08,0.0013575382537727612,5.651411076378624e-05,87980277.14145972,10531143.19953263,0.1196989,0.07017994764016404,0.06587617194713857,0.007865311060539202
572,0.78,0.06413655107480194,0.1100117,0.06413655,5.761725e+07,0.4412427,8.983528e+08,3.7088471632213424e-10,0.0,463481258.7923394,68982198.89576133,0.1488349,0.36970888852674083,0.3459970355688471,0.051496443207704724
573,0.78,0.06413655107480194,0.1100117,0.06413655,5.761725e+07,0.4412427,8.983528e+08,0.012072134052720498,7.281663995145945e-05,90042348.80212839,14446220.469867663,0.1604381,0.07182481721636816,0.06897295847023809,0.010789031737658298
574,0.78,0.06413655107480194,0.1100117,0.06413655,5.761725e+07,0.4412427,8.983528e+08,5.0226073856137e-13,0.0,473211157.7320815,55119572.17263129,0.1164799,0.37747021663709984,0.35326057880861095,0.04114774483066386
575,0.78,0.06413655107480194,0.1100117,0.06413655,5.761725e+07,0.4412427,8.983528e+08,3.388136720652886e-11,0.0,507795697.5866067,71558653.73489302,0.1409202,0.40505754955999174,0.37907855534932805,0.0534198127497666
576,0.78,0.06413655107480194,0.1100117,0.06413655,5.761725e+07,0.4412427,8.983528e+08,0.009391417541849155,0.0037839683379409543,297917.93295195623,27330.47921623719,0.09173828,0.00023764263554225146,0.0015874845370716353,0.00026309336931414523
577,0.78,0.06413655107480194,0.1100117,0.06413655,5.761725e+07,0.4412427,8.983528e+08,0.0,0.0,478475266.1640102,79706674.29371454,0.1665847,0.3816692810879984,0.3571903297478151,0.05950245558631359
578,0.78,0.06413655107480194,0.1100117,0.06413655,5.761725e+07,0.4412427,8.983528e+08,0.0,0.0,400236636.91399753,52796934.29607955,0.1319143,0.3192600334406456,0.29878379599973665,0.03941385418327164
579,0.78,0.06413655107480194,0.1100117,0.06413655,5.761725e+07,0.4412427,8.983528e+08,1.682105290096406e-11,0.0,496948791.84104794,70573354.37694715,0.1420133,0.3964052094899878,0.3709811465276607,0.052684269185756416
580,0.78,0.06413655107480194,0.1100117,0.06413655,5.761725e+07,0.4412427,8.983528e+08,0.0036906958669426847,1.678981705321256e-07,126614148.15416037,20326491.357745692,0.1605389,0.10099734368506127,0.09505618112682854,0.015174099512634442
581,0.78,0.06413655107480194,0.1100117,0.06413655,5.761725e+07,0.4412427,8.983528e+08,0.0,0.0,33362781.130829837,4062724.946338545,0.1217742,0.0266127626436918,0.024905911833153084,0.0030328967156264945
582,0.78,0.06413655107480194,0.1100117,0.06413655,5.761725e+07,0.4412427,8.983528e+08,2.3668729192555392e-08,0.0,400988545.0693416,64178082.67970126,0.1600497,0.3198598141720408,0.299345112303972,0.04791008467110041
583,0.78,0.06413655107480194,0.1100117,0.06413655,5.761725e+07,0.4412427,8.983528e+08,0.0,0.0,84464562.87934914,11583329.334781576,0.1371383,0.06737553907441257,0.0630543043713742,0.00864716217797128
584,0.78,0.06413655107480194,0.1100117,0.06413655,5.761725e+07,0.4412427,8.983528e+08,6.977027737183008e-05,0.0,165181919.64338246,28065052.195140414,0.1699039,0.1317620135821503,0.12332139388229187,0.020951062587497796
585,0.78,0.06413655107480194,0.1100117,0.06413655,5.761725e+07,0.4412427,8.983528e+08,0.0,0.0,138516057.16304097,19433753.136438943,0.1402996,0.11049123684157218,0.10340470998656466,0.014507643721468478
586,0.78,0.06413655107480194,0.1100117,0.06413655,5.761725e+07,0.4412427,8.983528e+08,0.0,0.0,8609294.413290875,865600.06189722,0.1005425,0.006867446327454088,0.006426992005319869,0.0006461859021837423
587,0.78,0.06413655107480194,0.1100117,0.06413655,5.761725e+07,0.4412427,8.983528e+08,0.009171370578414884,6.749145348569012e-05,30727558.537424605,3232227.89935484,0.1051899,0.02451070307268136,0.024271769808336674,0.0024172445099215354
588,0.78,0.06413655107480194,0.1100117,0.06413655,5.761725e+07,0.4412427,8.983528e+08,0.0007130755086302227,1.9169305245412504e-07,216449410.80561376,22936427.69267134,0.1059667,0.1726569727969636,0.1616869986765043,0.017122465115266893
589,0.78,0.06413655107480194,0.1100117,0.06413655,5.761725e+07,0.4412427,8.983528e+08,0.008283921528898836,2.5382617012867253e-05,90243805.24349615,10530079.335819427,0.1166848,0.07198551462454102,0.06857271609625004,0.007862520200642173
590,0.78,0.06413655107480194,0.1100117,0.06413655,5.761725e+07,0.4412427,8.983528e+08,0.0,0.0,85487181.52362978,10291750.801751088,0.1203894,0.06819125965683447,0.06381770744899881,0.007682975740902195
591,0.78,0.06413655107480194,0.1100117,0.06413655,5.761725e+07,0.4412427,8.983528e+08,1.535702911589021e-05,6.450898513361766e-10,50739474.57691707,8052185.776566501,0.1586967,0.040473771904265154,0.03788015597646664,0.006011100501761216
592,0.78,0.06413655107480194,0.1100117,0.06413655,5.761725e+07,0.4412427,8.983528e+08,0.0,0.0,73097364.582849,11498093.71012162,0.1572983,0.05830817298756705,0.05456848787267157,0.008583532262212762
593,0.78,0.06413655107480194,0.1100117,0.06413655,5.761725e+07,0.4412427,8.983528e+08,4.300536926454692e-06,0.0,145647372.2711115,20218238.411548562,0.1388164,0.11617973132182037,0.10872898915183166,0.015093275986946252
594,0.78,0.06413655107480194,0.1100117,0.06413655,5.761725e+07,0.4412427,8.983528e+08,0.0,0.0,103584344.81902549,14843024.414554907,0.1432941,0.0826269719979572,0.077327562988254,0.01108058275946997
595,0.78,0.06413655107480194,0.1100117,0.06413655,5.761725e+07,0.4412427,8.983528e+08,0.00011132971235502127,0.0,70916980.89197959,11507431.04305313,0.1622662,0.056568928486044855,0.052956974773973285,0.00859050274797164
596,0.78,0.06413655107480194,0.1100117,0.06413655,5.761725e+07,0.4412427,8.983528e+08,0.0,0.0,246902218.07042676,33001606.01989917,0.1336627,0.19694851277363712,0.1843169144250245,0.024636288163774514
597,0.78,0.06413655107480194,0.1100117,0.06413655,5.761725e+07,0.4412427,8.983528e+08,0.00025676980470084476,0.0,194490073.45476678,39284290.805916496,0.2019861,0.1551404884715362,0.14522763521938484,0.02932642453886956
598,0.78,0.06413655107480194,0.1100117,0.06413655,5.761725e+07,0.4412427,8.983528e+08,0.0,0.0,409201791.50845,56993150.46547544,0.1392788,0.3264113416709325,0.30547644398446017,0.04254640448050238
599,0.78,0.06413655107480194,0.1100117,0.06413655,5.761725e+07,0.4412427,8.983528e+08,0.0013188605497588025,1.1144390368312932e-06,126017712.37567042,16085397.160552334,0.1276439,0.10052157987679497,0.09426617456524235,0.012008107674186622
600,0.78,0.06413655107480194,0.1100117,0.06413655,5.761725e+07,0.4412427,8.983528e+08,0.0,0.0,259949799.7241623,33919491.32768009,0.1304848,0.20735628400420106,0.1940571671044845,0.02532150593560508
601,0.78,0.06413655107480194,0.1100117,0.06413655,5.761725e+07,0.4412427,8.983528e+08,0.045754322990889836,0.0004049354111403589,45296580.04023414,7458315.85505965,0.1646552,0.036132093678119426,0.040465296114166376,0.005593737120641394
602,0.78,0.06413655107480194,0.1100117,0.06413655,5.761725e+07,0.4412427,8.983528e+08,5.431766705345513e-26,0.0,310078280.96752656,54543435.41475956,0.1759021,0.24734267985612346,0.23147897343655283,0.04071764845353263
603,0.78,0.06413655107480194,0.1100117,0.06413655,5.761725e+07,0.4412427,8.983528e+08,0.0,0.0,162574000.52500683,25595388.07302021,0.1574384,0.12968173339750044,0.12136439427998282,0.019107414222518184
604,0.78,0.06413655107480194,0.1100117,0.06413655,5.761725e+07,0.4412427,8.983528e+08,0.0,0.0,337031589.3525889,45890854.3489808,0.1361619,0.26884274592378854,0.2516000994187575,0.03425834218921295
605,0.78,0.06413655107480194,0.1100117,0.06413655,5.761725e+07,0.4412427,8.983528e+08,0.0,0.0,184638308.73886764,22899545.312334314,0.1240238,0.1472819506902406,0.13783579433739956,0.01709491946524982
606,0.78,0.06413655107480194,0.1100117,0.06413655,5.761725e+07,0.4412427,8.983528e+08,0.08451208623881692,0.0007162036035623735,26578317.6180628,4961191.010735705,0.1866631,0.021200944113874718,0.03212538883485392,0.0037495525045248878
607,0.78,0.06413655107480194,0.1100117,0.06413655,5.761725e+07,0.4412427,8.983528e+08,0.0,0.0,238221302.1317274,40980990.996286124,0.1720291,0.19002393551790697,0.17783645567212789,0.030593041526911675
608,0.78,0.06413655107480194,0.1100117,0.06413655,5.761725e+07,0.4412427,8.983528e+08,0.0,0.0,13190873.199540546,1773703.711984002,0.1344645,0.01052207177050999,0.009847222376987944,0.0013241014918863605
609,0.78,0.06413655107480194,0.1100117,0.06413655,5.761725e+07,0.4412427,8.983528e+08,0.0019175573384362563,4.0259008744690744e-05,110283890.38516973,11955231.253758186,0.1084041,0.08797105333437905,0.0826076186976169,0.00892737567506241
610,0.78,0.06413655107480194,0.1100117,0.06413655,5.761725e+07,0.4412427,8.983528e+08,0.026340283708447373,0.008553923627544391,766779.1063493779,63671.819812271104,0.08303802,0.0006116429645777118,0.004401089358938073,0.0005961513100287937
611,0.78,0.06413655107480194,0.1100117,0.06413655,5.761725e+07,0.4412427,8.983528e+08,0.0,0.0,104285108.51011704,10760065.753585586,0.1031793,0.08318595590601945,0.07785069559634682,0.008032581214582538
612,0.78,0.06413655107480194,0.1100117,0.06413655,5.761725e+07,0.4412427,8.983528e+08,0.05949597009849812,0.00022589595681667279,29240119.88221993,6921261.106857464,0.2367043,0.02332420570836437,0.030476270217636485,0.005181333188462207
613,0.78,0.06413655107480194,0.1100117,0.06413655,5.761725e+07,0.4412427,8.983528e+08,0.0,0.0,69636173.78182477,10664414.00403568,0.1531447,0.05554725659720447,0.05198464713739274,0.007961175475605478
614,0.78,0.06413655107480194,0.1100117,0.06413655,5.761725e+07,0.4412427,8.983528e+08,0.0,0.0,260546900.83622512,39767069.8193944,0.1526292,0.20783257853454307,0.1945029137463546,0.029686827692834032
615,0.78,0.06413655107480194,0.1100117,0.06413655,5.761725e+07,0.4412427,8.983528e+08,2.822203274511935e-06,0.0,272320199.92107314,31255341.00546516,0.1147742,0.21722388236049187,0.20329230195436043,0.023332670149548984
616,0.78,0.06413655107480194,0.1100117,0.06413655,5.761725e+07,0.4412427,8.983528e+08,0.0,0.0,155416190.58469272,25514539.15316221,0.1641691,0.1239721045676002,0.11602096135114964,0.01904705906022243
617,0.78,0.06413655107480194,0.1100117,0.06413655,5.761725e+07,0.4412427,8.983528e+08,8.566990318641542e-06,0.0,89419756.88355568,10491994.260537041,0.1173342,0.0713281892257974,0.06675469042383357,0.007832461058392108
618,0.78,0.06413655107480194,0.1100117,0.06413655,5.761725e+07,0.4412427,8.983528e+08,3.7098663166809887e-06,3.6667677555840955e-10,250404641.1071573,29270249.181084752,0.1168918,0.19974231921887306,0.18693207500573428,0.021850763680773242
619,0.78,0.06413655107480194,0.1100117,0.06413655,5.761725e+07,0.4412427,8.983528e+08,0.0119022012611696,0.009596617855447725,97279.36151813989,12200.113478598001,0.1254132,7.759762437250236e-05,0.001802657620024214,0.000624601573785781
620,0.78,0.06413655107480194,0.1100117,0.06413655,5.761725e+07,0.4412427,8.983528e+08,0.03086086124528007,0.00017562680130294413,58438279.77768897,8780859.131670952,0.1502587,0.04661494085072422,0.04811098003254048,0.006566332228326949
621,0.78,0.06413655107480194,0.1100117,0.06413655,5.761725e+07,0.4412427,8.983528e+08,0.0,0.0,81260829.65151784,10281210.969592307,0.1265211,0.06481999097332228,0.060662660311593605,0.00767510756799858
622,0.78,0.06413655107480194,0.1100117,0.06413655,5.761725e+07,0.4412427,8.983528e+08,0.0,0.0,165264893.55302253,23645604.189749833,0.143077,0.13182820005965684,0.12337319397343147,0.01765186573871506
623,0.78,0.06413655107480194,0.1100117,0.06413655,5.761725e+07,0.4412427,8.983528e+08,0.0,0.0,246323183.10076278,33084672.068788588,0.1343141,0.19648662921094381,0.1838846544810405,0.024698298452480824
624,0.78,0.06413655107480194,0.1100117,0.06413655,5.761725e+07,0.4412427,8.983528e+08,9.384497614748052e-05,0.0,45145009.51225354,7042599.803156616,0.1559995,0.036011189174711605,0.03371519647733326,0.005257426504276478
625,0.78,0.06413655107480194,0.1100117,0.06413655,5.761725e+07,0.4412427,8.983528e+08,0.0036568968437742555,4.853011627419513e-09,172651977.6972114,18974823.674933214,0.1099022,0.13772071591999116,0.12941933008741321,0.014165044995159384
626,0.78,0.06413655107480194,0.1100117,0.06413655,5.761725e+07,0.4412427,8.983528e+08,0.0014356029813536177,0.0,185050929.25460422,22113168.07199198,0.1194977,0.14761108907364318,0.13835249407175768,0.01650787481394328
627,0.78,0.06413655107480194,0.1100117,0.06413655,5.761725e+07,0.4412427,8.983528e+08,9.949804867801335e-06,0.0,92370528.56087135,12719930.757100303,0.1377055,0.07368195541681688,0.06895769516744754,0.00949565543465448
628,0.78,0.06413655107480194,0.1100117,0.06413655,5.761725e+07,0.4412427,8.983528e+08,0.0,0.0,13695822.366710665,1904609.3402424841,0.139065,0.010924858704858528,0.010224175946549376,0.0014218248808054118
629,0.78,0.06413655107480194,0.1100117,0.06413655,5.761725e+07,0.4412427,8.983528e+08,1.0089323136611265e-09,0.0,303872607.6558483,46071019.97238496,0.1516129,0.2423925496424473,0.22684632764880575,0.03439283904408463
630,0.78,0.06413655107480194,0.1100117,0.06413655,5.761725e+07,0.4412427,8.983528e+08,6.276898839319936e-11,0.0,130069267.40881254,12793282.704263097,0.09835746,0.1037534169353437,0.09709903062000858,0.009550413972968854
631,0.78,0.06413655107480194,0.1100117,0.06413655,5.761725e+07,0.4412427,8.983528e+08,0.0,0.0,123096339.76796047,20405969.560288046,0.1657724,0.09819126468221054,0.09189361561982055,0.01523342064156923
632,0.78,0.06413655107480194,0.1100117,0.06413655,5.761725e+07,0.4412427,8.983528e+08,6.928185056533793e-10,0.0,137980071.4026833,22062512.019541703,0.1598964,0.11006369269395265,0.10300458714670985,0.016470059166285047
633,0.78,0.06413655107480194,0.1100117,0.06413655,5.761725e+07,0.4412427,8.983528e+08,0.023461075043833258,0.00043405739472732787,41916526.97728342,5124979.575568508,0.1222663,0.03343589909126384,0.03470160537506691,0.003853727708014142
634,0.78,0.06413655107480194,0.1100117,0.06413655,5.761725e+07,0.4412427,8.983528e+08,0.0,0.0,614348313.7729843,75956294.21307297,0.1236372,0.49005224686992577,0.45862198590923137,0.05670272989009586
635,0.78,0.06413655107480194,0.1100117,0.06413655,5.761725e+07,0.4412427,8.983528e+08,0.000111097663596704,7.128682663908443e-07,67876230.69523835,7703098.993486859,0.1134874,0.054143388393110135,0.050686966727794436,0.0057505466645082805
636,0.78,0.06413655107480194,0.1100117,0.06413655,5.761725e+07,0.4412427,8.983528e+08,0.0,0.0,102040986.51075207,14731654.919088054,0.14437,0.0813958687463672,0.07617541845323794,0.010997443442513058
637,0.78,0.06413655107480194,0.1100117,0.06413655,5.761725e+07,0.4412427,8.983528e+08,1.3059914394681555e-09,0.0,358013190.68029356,40214169.26725209,0.1123259,0.28557931155448735,0.2672632396428978,0.030020595413975986
638,0.78,0.06413655107480194,0.1100117,0.06413655,5.761725e+07,0.4412427,8.983528e+08,1.5441062486104388e-05,1.0554445134427117e-10,247178053.65011826,29744087.83154597,0.1203347,0.19716854079774665,0.18452507503627377,0.022204492677360337
639,0.78,0.06413655107480194,0.1100117,0.06413655,5.761725e+07,0.4412427,8.983528e+08,0.0,0.0,48778233.80759694,6531300.417454996,0.1338978,0.03890933293029674,0.0364138225115263,0.004875732383193079
640,0.78,0.06413655107480194,0.1100117,0.06413655,5.761725e+07,0.4412427,8.983528e+08,0.01803984206345645,0.005909742412986593,91085.34825672132,11422.140603876225,0.1254004,7.2656795126535e-05,0.002690166525509103,0.00038755732802163526
641,0.78,0.06413655107480194,0.1100117,0.06413655,5.761725e+07,0.4412427,8.983528e+08,0.026177044899816745,0.0004412821466884172,60352100.23961362,8888547.41978273,0.1472782,0.048141553680035865,0.04885886805575735,0.0066637616758900235
642,0.78,0.06413655107480194,0.1100117,0.06413655,5.761725e+07,0.4412427,8.983528e+08,0.0,0.0,287759279.0465895,48354185.05383225,0.1680369,0.22953929894981392,0.21481743997904498,0.03609726254511324
643,0.78,0.06413655107480194,0.1100117,0.06413655,5.761725e+07,0.4412427,8.983528e+08,0.004081560373840498,7.725018176397893e-06,124158023.87613067,16794901.764357746,0.1352704,0.09903814693289928,0.09327945435723567,0.012538189509442913
644,0.78,0.06413655107480194,0.1100117,0.06413655,5.761725e+07,0.4412427,8.983528e+08,0.0,0.0,45516617.24348431,7012286.447664168,0.1540599,0.036307612554675774,0.03397896750765869,0.005234797043132296
645,0.78,0.06413655107480194,0.1100117,0.06413655,5.761725e+07,0.4412427,8.983528e+08,3.247055080561982e-06,0.0,61771878.38748969,9473297.538390432,0.1533594,0.04927407973378294,0.04611428217588446,0.007071985765669578
646,0.78,0.06413655107480194,0.1100117,0.06413655,5.761725e+07,0.4412427,8.983528e+08,0.00750946521178915,7.838872595928077e-08,141272128.26545942,27368722.904811747,0.1937305,0.11268969463171193,0.10655369978158394,0.020431245366336746
647,0.78,0.06413655107480194,0.1100117,0.06413655,5.761725e+07,0.4412427,8.983528e+08,0.0,0.0,101356104.23859031,13657684.362994263,0.1347495,0.08084955309970576,0.07566414160795158,0.010195705245790696
648,0.78,0.06413655107480194,0.1100117,0.06413655,5.761725e+07,0.4412427,8.983528e+08,0.00015385670336290393,2.2930148435476193e-08,187655585.9240544,25619090.20270915,0.1365219,0.149688766873961,0.14011060937458028,0.019125109756211987
649,0.78,0.06413655107480194,0.1100117,0.06413655,5.761725e+07,0.4412427,8.983528e+08,2.0745558180550877e-08,0.0,207617429.2949358,30567873.328459296,0.1472317,0.165611893830212,0.15499012115843325,0.022819463253382032
650,0.78,0.06413655107480194,0.1100117,0.06413655,5.761725e+07,0.4412427,8.983528e+08,0.0,0.0,141696511.4609268,19185397.28417122,0.1353978,0.1130282158481134,0.10577897590947714,0.014322241643159378
651,0.78,0.06413655107480194,0.1100117,0.06413655,5.761725e+07,0.4412427,8.983528e+08,7.959813916659373e-05,0.0,227013827.79324186,38216685.239069924,0.1683452,0.1810839777477268,0.16948144589660868,0.028529437920272193
652,0.78,0.06413655107480194,0.1100117,0.06413655,5.761725e+07,0.4412427,8.983528e+08,8.185262781363582e-12,0.0,407734177.6248992,58509843.81891451,0.1435,0.32524065809445357,0.3043808440161662,0.04367864315061061
653,0.78,0.06413655107480194,0.1100117,0.06413655,5.761725e+07,0.4412427,8.983528e+08,0.0,0.0,501634935.0363627,64142138.282656625,0.1278662,0.40014324368090903,0.3744794360953315,0.0478832515368908
654,0.78,0.06413655107480194,0.1100117,0.06413655,5.761725e+07,0.4412427,8.983528e+08,0.03138769114571427,0.0010498481419671136,56267122.612741195,6097235.189536957,0.1083623,0.044883056147637754,0.046566749463854404,0.004619028578950491
655,0.78,0.06413655107480194,0.1100117,0.06413655,5.761725e+07,0.4412427,8.983528e+08,0.0,0.0,270974632.9018707,47197564.20005485,0.1741771,0.21615055290504898,0.20228740192880765,0.03523382442538327
656,0.78,0.06413655107480194,0.1100117,0.06413655,5.761725e+07,0.4412427,8.983528e+08,0.0,0.0,14418.902145018816,1807.1255540596906,0.1253303,1.1501643668831028e-05,1.0763967912220876e-05,1.3490514937694306e-06
657,0.78,0.06413655107480194,0.1100117,0.06413655,5.761725e+07,0.4412427,8.983528e+08,7.388807722859369e-09,0.0,377420198.3803173,55620681.20478143,0.1473707,0.30105985820075504,0.2817509183026851,0.04152183167086421
658,0.78,0.06413655107480194,0.1100117,0.06413655,5.761725e+07,0.4412427,8.983528e+08,0.002268718537012048,0.0,37204775.509795174,4607487.596031503,0.1238413,0.02967743774031674,0.028103797368499724,0.003439571760792616
659,0.78,0.06413655107480194,0.1100117,0.06413655,5.761725e+07,0.4412427,8.983528e+08,0.0,0.0,138415466.73103324,21795232.038520407,0.1574624,0.11041099804850661,0.10332961743294873,0.016270529887956037
660,0.78,0.06413655107480194,0.1100117,0.06413655,5.761725e+07,0.4412427,8.983528e+08,0.0019907077081550077,2.541465892353504e-06,178118119.38151675,26461794.919000294,0.1485632,0.14208093788862025,0.13325771460262303,0.019754365404282565
661,0.78,0.06413655107480194,0.1100117,0.06413655,5.761725e+07,0.4412427,8.983528e+08,8.39286562695516e-07,0.0,334326628.43784815,37479575.88112302,0.1121047,0.26668505761530586,0.24958091979063599,0.027979172622891065
662,0.78,0.06413655107480194,0.1100117,0.06413655,5.761725e+07,0.4412427,8.983528e+08,0.0008385921961947356,3.355370601601643e-08,138567753.96005034,22886247.562524028,0.1651629,0.11053247424869524,0.10356519560008708,0.017084994609593524
663,0.78,0.06413655107480194,0.1100117,0.06413655,5.761725e+07,0.4412427,8.983528e+08,4.115732456098624e-08,0.0,365770553.28597915,49666509.29328678,0.135786,0.29176719046531924,0.2730542551344854,0.037076936022458956
664,0.78,0.06413655107480194,0.1100117,0.06413655,5.761725e+07,0.4412427,8.983528e+08,0.0,0.0,288415232.27539414,41520001.19525261,0.1439591,0.23006253852972444,0.2153071207769142,0.03099542226489591
665,0.78,0.06413655107480194,0.1100117,0.06413655,5.761725e+07,0.4412427,8.983528e+08,0.06882172551243697,0.005303269774953606,18387875.06382902,1953943.6773337703,0.1062626,0.014667606776442896,0.02373041488926906,0.0017987872771326437
666,0.78,0.06413655107480194,0.1100117,0.06413655,5.761725e+07,0.4412427,8.983528e+08,0.02677332548964138,0.0002517998551478949,70837015.7290927,9308070.199941505,0.1314012,0.05650514202018256,0.056772716668308375,0.0069647901815222514
667,0.78,0.06413655107480194,0.1100117,0.06413655,5.761725e+07,0.4412427,8.983528e+08,0.0,0.0,162792844.695845,21936211.60831828,0.1347492,0.12985630061812972,0.12152776536115022,0.01637577365411248
668,0.78,0.06413655107480194,0.1100117,0.06413655,5.761725e+07,0.4412427,8.983528e+08,0.006708678905597717,1.1996379686264298e-05,105540373.68183625,12454998.78088145,0.1180117,0.08418725354780947,0.07976290918547081,0.009298648390254446
669,0.78,0.06413655107480194,0.1100117,0.06413655,5.761725e+07,0.4412427,8.983528e+08,0.009085342555401502,5.263498523876661e-05,86877959.45359494,13093724.002889385,0.150714,0.06930065286944183,0.06617654215414469,0.009778074593430776
670,0.78,0.06413655107480194,0.1100117,0.06413655,5.761725e+07,0.4412427,8.983528e+08,0.0,0.0,555949282.4619296,78629613.54882918,0.1414331,0.44346861366476537,0.4150260662743836,0.05869841050848055
671,0.78,0.06413655107480194,0.1100117,0.06413655,5.761725e+07,0.4412427,8.983528e+08,0.0,0.0,73308855.47640797,11456802.436466537,0.1562813,0.05847687465933464,0.05472636960105144,0.008552707589140715
672,0.78,0.06413655107480194,0.1100117,0.06413655,5.761725e+07,0.4412427,8.983528e+08,5.149431724897904e-06,0.0,242724721.0871399,40134241.43467339,0.1653488,0.19361621456909034,0.18119908682681968,0.029960927859780977
673,0.78,0.06413655107480194,0.1100117,0.06413655,5.761725e+07,0.4412427,8.983528e+08,0.01499389376274865,4.592949500574294e-05,78508771.6155975,11007815.665504368,0.1402113,0.06262473431877638,0.06078762767024335,0.008220476707003883
674,0.78,0.06413655107480194,0.1100117,0.06413655,5.761725e+07,0.4412427,8.983528e+08,0.0,0.0,31981011.55200827,5843653.267638151,0.1827226,0.025510555196259565,0.023874396169968108,0.004362391507368097
675,0.78,0.06413655107480194,0.1100117,0.06413655,5.761725e+07,0.4412427,8.983528e+08,0.0,0.0,161125545.79171795,25196700.30149104,0.1563793,0.1285263326571968,0.12028309695827151,0.018809786682184443
676,0.78,0.06413655107480194,0.1100117,0.06413655,5.761725e+07,0.4412427,8.983528e+08,0.009305337295159227,4.5963916453857e-05,65583411.302506596,9500396.6824088,0.1448598,0.05231445638518355,0.05031175892273236,0.007095163727631299
677,0.78,0.06413655107480194,0.1100117,0.06413655,5.761725e+07,0.4412427,8.983528e+08,0.0,0.0,575542532.1781398,97918162.56048396,0.1701319,0.4590977215041667,0.4296527770405896,0.07309765675806253
678,0.78,0.06413655107480194,0.1100117,0.06413655,5.761725e+07,0.4412427,8.983528e+08,3.007313940327342e-07,0.0,215439454.0379208,35831795.16823124,0.1663196,0.1718513523172559,0.16082944299470556,0.02674907489828233
679,0.78,0.06413655107480194,0.1100117,0.06413655,5.761725e+07,0.4412427,8.983528e+08,0.0002143174276406258,0.0,153713978.17241493,22167654.267469466,0.1442137,0.12261428686291151,0.11478138136342884,0.016548549731761574
680,0.78,0.06413655107480194,0.1100117,0.06413655,5.761725e+07,0.4412427,8.983528e+08,0.0,0.0,187314177.68415996,22697387.093814433,0.1211728,0.14941643296938384,0.13983337828482825,0.01694400474542897
681,0.78,0.06413655107480194,0.1100117,0.06413655,5.761725e+07,0.4412427,8.983528e+08,0.058931280736133816,0.002314911682215907,27760132.935074538,2956539.8546288386,0.1065031,0.02214365240899491,0.029289353474727636,0.0023555802441907964
682,0.78,0.06413655107480194,0.1100117,0.06413655,5.761725e+07,0.4412427,8.983528e+08,0.0035613004174280946,2.696533714087641e-05,84359393.9941231,10332793.846723396,0.1224854,0.06729164814910131,0.0634934444614502,0.007715344570553016
683,0.78,0.06413655107480194,0.1100117,0.06413655,5.761725e+07,0.4412427,8.983528e+08,5.0935542406913734e-08,0.0,58960568.56844807,7450340.183100034,0.1263614,0.04703155922451706,0.044015124627889396,0.005561811978432975
684,0.78,0.06413655107480194,0.1100117,0.06413655,5.761725e+07,0.4412427,8.983528e+08,0.00022346000996860255,1.6972693723916698e-07,150764646.2766071,19858521.231760476,0.1317187,0.1202616691541896,0.11258098135473932,0.014824751574898518
685,0.78,0.06413655107480194,0.1100117,0.06413655,5.761725e+07,0.4412427,8.983528e+08,0.05393361488890938,0.0007157383297978218,34138934.19379196,5370974.36271626,0.1573269,0.0272318830089511,0.03332480999525977,0.004055433252731436
686,0.78,0.06413655107480194,0.1100117,0.06413655,5.761725e+07,0.4412427,8.983528e+08,7.002810523917751e-10,0.0,57199659.833195865,8237463.6390437195,0.1440125,0.045626920743549244,0.042700567512683564,0.006149413693010196
687,0.78,0.06413655107480194,0.1100117,0.06413655,5.761725e+07,0.4412427,8.983528e+08,0.0,0.0,185740459.1028667,32596314.62157443,0.1754939,0.1481611119903656,0.13865856926389608,0.02433373089812487
688,0.78,0.06413655107480194,0.1100117,0.06413655,5.761725e+07,0.4412427,8.983528e+08,0.00022250260088079983,2.4532131504350877e-09,53880166.47892258,8430146.03071604,0.156461,0.04297903331509523,0.0402548480727497,0.006293254696231547
689,0.78,0.06413655107480194,0.1100117,0.06413655,5.761725e+07,0.4412427,8.983528e+08,2.7822916128669896e-11,0.0,291126830.16887105,41133413.92412342,0.1412904,0.23222552101134827,0.2173313770261757,0.03070682796417481
690,0.78,0.06413655107480194,0.1100117,0.06413655,5.761725e+07,0.4412427,8.983528e+08,0.0,0.0,540061224.1451582,81402569.13989916,0.1507284,0.4307950561698044,0.40316534704699764,0.060768471370541546
691,0.78,0.06413655107480194,0.1100117,0.06413655,5.761725e+07,0.4412427,8.983528e+08,0.0063725389051182794,2.130728578163462e-06,106299216.23235494,17658199.768680815,0.1661179,0.08479256569495015,0.0802805392847351,0.013182298086101937
692,0.78,0.06413655107480194,0.1100117,0.06413655,5.761725e+07,0.4412427,8.983528e+08,0.00012531517384777632,1.3485923466510893e-09,150421034.5739864,20970150.483206436,0.1394097,0.11998757759546792,0.11231020330349097,0.01565459186092091
693,0.78,0.06413655107480194,0.1100117,0.06413655,5.761725e+07,0.4412427,8.983528e+08,0.00016462085586909235,1.159038316457725e-08,228732516.8421668,21978508.900613315,0.09608826,0.1824549385060038,0.17077683638271082,0.016407350081429718
694,0.78,0.06413655107480194,0.1100117,0.06413655,5.761725e+07,0.4412427,8.983528e+08,0.010847984211006086,3.323038957122177e-05,12544667.507275209,1916318.940001503,0.1527596,0.010006607587838232,0.010941620084861162,0.001432697588687705
695,0.78,0.06413655107480194,0.1100117,0.06413655,5.761725e+07,0.4412427,8.983528e+08,4.2824893898506975e-05,4.747796507055915e-10,187797186.23693433,26368887.373418756,0.1404115,0.14980171835429976,0.1402001775789947,0.019684845292161555
696,0.78,0.06413655107480194,0.1100117,0.06413655,5.761725e+07,0.4412427,8.983528e+08,0.0,0.0,557424254.104399,68843828.16583928,0.1235035,0.44464516636501195,0.4161271589422786,0.0513931469870985
697,0.78,0.06413655107480194,0.1100117,0.06413655,5.761725e+07,0.4412427,8.983528e+08,0.007557494183556413,0.0038303347452033503,171321.4677849079,17901.092150840366,0.1044883,0.0001366593971902258,0.0012264092604285038,0.00025902794494816155
698,0.78,0.06413655107480194,0.1100117,0.06413655,5.761725e+07,0.4412427,8.983528e+08,4.461974635539168e-07,0.0,338888669.7186163,40451771.02708211,0.119366,0.2703240984164822,0.2529865079283902,0.030197969370257472
699,0.78,0.06413655107480194,0.1100117,0.06413655,5.761725e+07,0.4412427,8.983528e+08,0.0,0.0,125822313.42673802,15852665.690475887,0.1259925,0.10036571439818356,0.09392860363052548,0.011834297999892874
700,0.78,0.06413655107480194,0.1100117,0.06413655,5.761725e+07,0.4412427,8.983528e+08,2.508886811078621e-07,0.0,208451400.47403744,36551125.09615645,0.175346,0.16627713444531775,0.15561272898715742,0.027286067533686405
701,0.78,0.06413655107480194,0.1100117,0.06413655,5.761725e+07,0.4412427,8.983528e+08,0.0,0.0,187003282.40284535,22822672.74109261,0.1220442,0.14916843858617507,0.1396012894060444,0.017037532718196996
702,0.78,0.06413655107480194,0.1100117,0.06413655,5.761725e+07,0.4412427,8.983528e+08,0.009216022011252933,7.907351629469608e-08,148704562.97235262,27325307.536393654,0.1837557,0.1186183856465178,0.11235020047266103,0.0203988350625168
703,0.78,0.06413655107480194,0.1100117,0.06413655,5.761725e+07,0.4412427,8.983528e+08,0.03495993823864987,0.0011876219404772569,41264218.80488293,4928418.857615571,0.1194357,0.03291556709332399,0.03588605557028693,0.0037553226532909914
704,0.78,0.06413655107480194,0.1100117,0.06413655,5.761725e+07,0.4412427,8.983528e+08,0.0,0.0,361674635.7221656,51972725.011760816,0.1437002,0.288499966383896,0.26999657355483664,0.038798567235615485
705,0.78,0.06413655107480194,0.1100117,0.06413655,5.761725e+07,0.4412427,8.983528e+08,2.361482383692637e-05,5.837467847404127e-12,299038558.09005994,31558438.34577186,0.105533,0.2385365337666219,0.2232410557030837,0.023558937726506378
706,0.78,0.06413655107480194,0.1100117,0.06413655,5.761725e+07,0.4412427,8.983528e+08,0.0,0.0,287656353.56082803,44012410.150190815,0.1530034,0.2294571975353121,0.21474060426610767,0.032856050053701236
707,0.78,0.06413655107480194,0.1100117,0.06413655,5.761725e+07,0.4412427,8.983528e+08,0.00015703430125276252,4.453852148287443e-07,169611618.77927452,17115684.807758667,0.100911,0.13529548794162227,0.12664092758932508,0.012777192888626795
708,0.78,0.06413655107480194,0.1100117,0.06413655,5.761725e+07,0.4412427,8.983528e+08,0.0023773331462736656,2.4553961912861535e-05,75371101.33526364,7939055.318202991,0.1053329,0.060121883189632096,0.05661142869426069,0.0059282213596170315
709,0.78,0.06413655107480194,0.1100117,0.06413655,5.761725e+07,0.4412427,8.983528e+08,0.0,0.0,143916676.00631618,19272095.333310146,0.1339115,0.1147991926694009,0.10743636838541386,0.0143869632849042
710,0.78,0.06413655107480194,0.1100117,0.06413655,5.761725e+07,0.4412427,8.983528e+08,0.0070130348957341895,2.418245620301822e-05,143065779.013079,20457786.83097047,0.1429957,0.11412045070162391,0.10782053378117036,0.015273654138709614
711,0.78,0.06413655107480194,0.1100117,0.06413655,5.761725e+07,0.4412427,8.983528e+08,0.06226103476658893,0.009024397912140688,11919740.657252893,1103661.7962899092,0.09259109,0.009508117073390516,0.017948212060556443,0.0014026969953008165
712,0.78,0.06413655107480194,0.1100117,0.06413655,5.761725e+07,0.4412427,8.983528e+08,0.0006062100523015162,0.0,228127871.228606,32588585.21279658,0.1428523,0.18197262589141264,0.17038964455052044,0.024327960756457465
713,0.78,0.06413655107480194,0.1100117,0.06413655,5.761725e+07,0.4412427,8.983528e+08,0.002150574606306648,2.1392621228622316e-07,46441062.43271906,6309176.531251852,0.1358534,0.03704502231382421,0.03498167774234698,0.0047099266564332425
714,0.78,0.06413655107480194,0.1100117,0.06413655,5.761725e+07,0.4412427,8.983528e+08,0.002670792785703579,2.024224012074751e-06,125035368.89165127,12635187.439282857,0.1010529,0.0997379859110443,0.09372934685799267,0.009432522861491162
715,0.78,0.06413655107480194,0.1100117,0.06413655,5.761725e+07,0.4412427,8.983528e+08,0.0011286161254102254,6.596901493264993e-09,222491909.38075933,29135654.123118762,0.1309515,0.17747694208323503,0.1662582323966204,0.021750286466284963
716,0.78,0.06413655107480194,0.1100117,0.06413655,5.761725e+07,0.4412427,8.983528e+08,0.056621747965450234,0.0007109181963353225,18578885.888794955,3307774.2952566757,0.1780394,0.014819971944300464,0.0220996879598392,0.002514908415558901
717,0.78,0.06413655107480194,0.1100117,0.06413655,5.761725e+07,0.4412427,8.983528e+08,8.368818557585325e-09,0.0,357719820.1089508,56940828.974161655,0.1591772,0.28534529625009253,0.26704423429963825,0.042507345552994805
718,0.78,0.06413655107480194,0.1100117,0.06413655,5.761725e+07,0.4412427,8.983528e+08,0.0,0.0,171746983.17391643,25178766.11248239,0.1466038,0.13699882153271437,0.12821218961829378,0.01879639848986028
719,0.78,0.06413655107480194,0.1100117,0.06413655,5.761725e+07,0.4412427,8.983528e+08,0.02160200301318743,6.295239421550977e-05,29351446.985794045,4904563.063229169,0.1670978,0.023413008910100147,0.025051324577849796,0.0036653814510212725
720,0.78,0.06413655107480194,0.1100117,0.06413655,5.761725e+07,0.4412427,8.983528e+08,0.0002653220639385755,1.8322720839790912e-07,226671881.44952184,26846429.030224893,0.1184374,0.18081121460946764,0.16925317262740644,0.020041350386963867
721,0.78,0.06413655107480194,0.1100117,0.06413655,5.761725e+07,0.4412427,8.983528e+08,0.0,0.0,216786545.89572802,36062419.02739963,0.1663499,0.17292589810318695,0.1618350274073359,0.026921239727123944
722,0.78,0.06413655107480194,0.1100117,0.06413655,5.761725e+07,0.4412427,8.983528e+08,0.010598063684621899,0.00013904890974367114,85080318.73056485,9284359.677099228,0.1091246,0.0678667140831928,0.0650544518667719,0.006939858396081601
723,0.78,0.06413655107480194,0.1100117,0.06413655,5.761725e+07,0.4412427,8.983528e+08,0.0,0.0,235050800.39889455,33220481.010033824,0.1413332,0.18749489545537681,0.17546961951673842,0.024799682252097038
724,0.78,0.06413655107480194,0.1100117,0.06413655,5.761725e+07,0.4412427,8.983528e+08,0.0,0.0,456038411.36896497,63983482.44055022,0.1403028,0.3637718915151686,0.34044081701542867,0.04776481211783214
725,0.78,0.06413655107480194,0.1100117,0.06413655,5.761725e+07,0.4412427,8.983528e+08,0.0403310381524506,5.2504902579361725e-05,53746086.77281625,8130777.282962759,0.1512813,0.04287208085870524,0.045984705669219104,0.006073137906591989
726,0.78,0.06413655107480194,0.1100117,0.06413655,5.761725e+07,0.4412427,8.983528e+08,1.5118284727955492e-06,0.0,308811723.1651613,40188357.15836203,0.1301387,0.24633237432923455,0.23053368517254957,0.030001326213793828
727,0.78,0.06413655107480194,0.1100117,0.06413655,5.761725e+07,0.4412427,8.983528e+08,0.007086604684693331,2.9634734446752545e-05,96387686.74139097,12751586.358275158,0.1322948,0.076886354856453,0.07298519811544196,0.009521187575826873
728,0.78,0.06413655107480194,0.1100117,0.06413655,5.761725e+07,0.4412427,8.983528e+08,3.151203930273933e-08,0.0,279487221.993695,39268128.16972143,0.1405006,0.22294085950735607,0.20864220626531457,0.029314358842353224
729,0.78,0.06413655107480194,0.1100117,0.06413655,5.761725e+07,0.4412427,8.983528e+08,0.0018760800463829342,3.590614583330602e-05,145855272.44422358,14961010.620425144,0.1025744,0.116345568754225,0.10915626165479951,0.011170964465245776
730,0.78,0.06413655107480194,0.1100117,0.06413655,5.761725e+07,0.4412427,8.983528e+08,2.1189627155983058e-10,0.0,437752811.0188043,57702815.4918465,0.131816,0.34918586704652654,0.3267902898808981,0.04307618209432178
731,0.78,0.06413655107480194,0.1100117,0.06413655,5.761725e+07,0.4412427,8.983528e+08,0.00023029187427267133,3.6564480558175386e-08,201787958.5418002,25351815.467477273,0.1256359,0.1609618521900029,0.15067178806378176,0.018925585268417488
732,0.78,0.06413655107480194,0.1100117,0.06413655,5.761725e+07,0.4412427,8.983528e+08,0.0,0.0,17575343.821268324,2209860.672318849,0.1257364,0.014019468330968104,0.013120307984317401,0.001649700450705701
733,0.78,0.06413655107480194,0.1100117,0.06413655,5.761725e+07,0.4412427,8.983528e+08,0.0,0.0,343683119.91886955,48510577.76203768,0.1411491,0.274148526742346,0.2565655857548539,0.03621401249430477
734,0.78,0.06413655107480194,0.1100117,0.06413655,5.761725e+07,0.4412427,8.983528e+08,0.00028424413848183034,0.0,341041405.26622206,48943108.655827895,0.1435108,0.2720412885973131,0.254634814721396,0.036536904529702235
735,0.78,0.06413655107480194,0.1100117,0.06413655,5.761725e+07,0.4412427,8.983528e+08,0.0,0.0,326882599.21966153,43652950.28942688,0.1335432,0.2607471179117947,0.2440236970662375,0.03258770684919929
736,0.78,0.06413655107480194,0.1100117,0.06413655,5.761725e+07,0.4412427,8.983528e+08,4.959599014793372e-06,0.0,263101176.09440988,35154954.49453461,0.1336176,0.20987006818224843,0.19641044673454314,0.02624380124983932
737,0.78,0.06413655107480194,0.1100117,0.06413655,5.761725e+07,0.4412427,8.983528e+08,0.00020447459045651176,0.0,257647560.61305398,33866180.002217025,0.1314438,0.20551983809243224,0.19236822577283932,0.025281708079230792
738,0.78,0.06413655107480194,0.1100117,0.06413655,5.761725e+07,0.4412427,8.983528e+08,0.0,0.0,559887347.2187196,68733520.88696699,0.1227631,0.44660992200584654,0.4179659019326053,0.05131080063379615
739,0.78,0.06413655107480194,0.1100117,0.06413655,5.761725e+07,0.4412427,8.983528e+08,9.192312592778338e-08,0.0,360156217.63498527,52919895.023271985,0.1469359,0.2872887574025597,0.26886306070162114,0.03950564656168235
740,0.78,0.06413655107480194,0.1100117,0.06413655,5.761725e+07,0.4412427,8.983528e+08,0.007386441118599278,4.060053415155295e-06,129304938.07964373,17532089.086879656,0.1355872,0.10314372810457698,0.09760209653591975,0.01308827795057181
741,0.78,0.06413655107480194,0.1100117,0.06413655,5.761725e+07,0.4412427,8.983528e+08,0.0004789230073474237,0.0,181397733.87463185,22637701.780773003,0.1247959,0.14469701481955183,0.1354862608851365,0.016899448593514818
742,0.78,0.06413655107480194,0.1100117,0.06413655,5.761725e+07,0.4412427,8.983528e+08,0.0,0.0,188145027.58149993,25931251.8290193,0.1378259,0.15007918380612426,0.1404536225686782,0.01935814251348596
743,0.78,0.06413655107480194,0.1100117,0.06413655,5.761725e+07,0.4412427,8.983528e+08,1.1502664200600879e-05,6.372426654024186e-09,92815451.62197731,11204276.018188708,0.1207156,0.07403686083592705,0.06929006389189178,0.008364192517541764
744,0.78,0.06413655107480194,0.1100117,0.06413655,5.761725e+07,0.4412427,8.983528e+08,0.053172106875466724,0.017281223662801153,2493273.6279482073,207296.0974203099,0.08314214,0.001988829978117342,0.009590070814957547,0.0012631083222452535
745,0.78,0.06413655107480194,0.1100117,0.06413655,5.761725e+07,0.4412427,8.983528e+08,0.0,0.0,255921733.67995667,35880306.04182216,0.1402003,0.20414318359967573,0.1910501438781625,0.02678528913161818
746,0.78,0.06413655107480194,0.1100117,0.06413655,5.761725e+07,0.4412427,8.983528e+08,0.00030525088078127573,0.0,198283804.57582298,27220328.85844652,0.1372796,0.15816666502027,0.14806677017709563,0.02032046153344887
747,0.78,0.06413655107480194,0.1100117,0.06413655,5.761725e+07,0.4412427,8.983528e+08,0.0,0.0,223697966.25091076,36702818.973231755,0.1640731,0.17843898733642508,0.16699452611138654,0.027399309721537934
748,0.78,0.06413655107480194,0.1100117,0.06413655,5.761725e+07,0.4412427,8.983528e+08,8.69093310981047e-13,0.0,519683081.45982873,84454045.48433046,0.1625107,0.41453985633267776,0.3879526996645823,0.0630464529481963
749,0.78,0.06413655107480194,0.1100117,0.06413655,5.761725e+07,0.4412427,8.983528e+08,0.0010167930093236172,1.8726156591800767e-07,165273811.3322053,19868309.092164278,0.1202145,0.1318353135775548,0.1235276465513281,0.014832059512070596
750,0.78,0.06413655107480194,0.1100117,0.06413655,5.761725e+07,0.4412427,8.983528e+08,0.011317285741564763,1.3530336271587321e-05,77654636.82676141,12383509.380936965,0.159469,0.061943409632088026,0.05961558979547325,0.009245378659380682
751,0.78,0.06413655107480194,0.1100117,0.06413655,5.761725e+07,0.4412427,8.983528e+08,0.0,0.0,78141468.81264088,10287138.34547031,0.1316476,0.062331744886177355,0.05833400174670352,0.007679532459929519
752,0.78,0.06413655107480194,0.1100117,0.06413655,5.761725e+07,0.4412427,8.983528e+08,6.427666725349152e-05,0.0,171839703.89852107,26185800.401731744,0.152385,0.13707278283187518,0.12829075018860578,0.019548167568182995
753,0.78,0.06413655107480194,0.1100117,0.06413655,5.761725e+07,0.4412427,8.983528e+08,0.051763649980746666,0.00016440699020064308,24061213.265270516,4705370.331522433,0.1955583,0.01919310488645602,0.02548619751727188,0.003523187467934737
754,0.78,0.06413655107480194,0.1100117,0.06413655,5.761725e+07,0.4412427,8.983528e+08,0.0,0.0,440762960.3367464,71713074.48322622,0.1627021,0.35158699748605204,0.32903742006455167,0.0535350905957026
755,0.78,0.06413655107480194,0.1100117,0.06413655,5.761725e+07,0.4412427,8.983528e+08,9.140342572519468e-07,2.1971815412324e-12,192035056.7208255,24916677.60219715,0.1297507,0.15318217518313063,0.14335773163961246,0.018600744737274494
756,0.78,0.06413655107480194,0.1100117,0.06413655,5.761725e+07,0.4412427,8.983528e+08,3.389899851336186e-05,0.0,217266163.0806156,29407291.188329928,0.1353515,0.1733084782679279,0.1621979975670136,0.0219530679626584
757,0.78,0.06413655107480194,0.1100117,0.06413655,5.761725e+07,0.4412427,8.983528e+08,8.134765314162038e-10,0.0,315252722.55161595,36092788.76158316,0.1144884,0.25147021901873146,0.23534178659108734,0.0269439112759677
758,0.78,0.06413655107480194,0.1100117,0.06413655,5.761725e+07,0.4412427,8.983528e+08,0.0,0.0,325128957.35105807,32745674.10347147,0.100716,0.2593482760518138,0.24271457209865485,0.024445230418293336
759,0.78,0.06413655107480194,0.1100117,0.06413655,5.761725e+07,0.4412427,8.983528e+08,0.03185655444758583,9.465560929772891e-06,59119890.96985647,9850754.828486064,0.1666234,0.04715864722823827,0.048764543305773726,0.007354371460958078
760,0.78,0.06413655107480194,0.1100117,0.06413655,5.761725e+07,0.4412427,8.983528e+08,4.614130206039904e-07,0.0,299583224.0875243,45342474.39220693,0.1513518,0.23897100195000767,0.22364429314643847,0.03384896675972103
761,0.78,0.06413655107480194,0.1100117,0.06413655,5.761725e+07,0.4412427,8.983528e+08,0.014620834030346152,0.0012521644428551825,3879643.7253465327,467713.5514573502,0.1205558,0.003094707158850321,0.0050214252793265935,0.00042946602630355144
762,0.78,0.06413655107480194,0.1100117,0.06413655,5.761725e+07,0.4412427,8.983528e+08,0.0010080216193059642,3.2121315725915266e-06,222023238.9743234,23654035.42705322,0.1065386,0.17710309392484283,0.1658908326325524,0.01765836582294915
763,0.78,0.06413655107480194,0.1100117,0.06413655,5.761725e+07,0.4412427,8.983528e+08,0.0,0.0,41147290.19406063,5618235.051814017,0.1365396,0.03282229569146251,0.03071718684745477,0.004194112784233876
764,0.78,0.06413655107480194,0.1100117,0.06413655,5.761725e+07,0.4412427,8.983528e+08,0.028706846229909915,0.006628297750112322,2280323.2653980153,261848.85149222473,0.1148297,0.0018189641197761909,0.005874967278466526,0.0006205910003474962
765,0.78,0.06413655107480194,0.1100117,0.06413655,5.761725e+07,0.4412427,8.983528e+08,0.006578082863223915,0.0016296296722090398,58497.476055773244,7332.668796181821,0.1253502,4.666216043028712e-05,0.0009998224309941677,0.00010999279489163015
766,0.78,0.06413655107480194,0.1100117,0.06413655,5.761725e+07,0.4412427,8.983528e+08,3.2428919881920656e-06,0.0,375576694.95464075,66558595.74882596,0.1772171,0.2995893357371758,0.28037518037269,0.049687180183155925
767,0.78,0.06413655107480194,0.1100117,0.06413655,5.761725e+07,0.4412427,8.983528e+08,3.3543966309956477e-06,0.0,314175939.52282614,48139152.57062052,0.1532235,0.25061129268847243,0.23453843629120955,0.03593673695681969
768,0.78,0.06413655107480194,0.1100117,0.06413655,5.761725e+07,0.4412427,8.983528e+08,1.0447883447985232e-08,0.0,332108213.1064916,52092711.72259032,0.1568546,0.2649154761038904,0.24792471265889313,0.038888139457707846
769,0.78,0.06413655107480194,0.1100117,0.06413655,5.761725e+07,0.4412427,8.983528e+08,0.0031674639282478364,1.1562970797317723e-05,65875887.018618464,8029249.439865221,0.1218845,0.05254775788308344,0.04963793061593077,0.00599471968456046
770,0.78,0.06413655107480194,0.1100117,0.06413655,5.761725e+07,0.4412427,8.983528e+08,0.003890978939169159,4.081404437294349e-05,71248084.46476993,8358697.31424652,0.1173182,0.05683304258248644,0.05375353799526212,0.006242534468314263
771,0.78,0.06413655107480194,0.1100117,0.06413655,5.761725e+07,0.4412427,8.983528e+08,8.739116782192007e-11,0.0,506224843.3587312,64740328.930661365,0.1278885,0.4038045134132043,0.37790588462714547,0.04832981153679606
772,0.78,0.06413655107480194,0.1100117,0.06413655,5.761725e+07,0.4412427,8.983528e+08,0.0,0.0,372010778.604997,46249133.23394269,0.124322,0.29674488206144084,0.2777126887769212,0.034525803774191406
773,0.78,0.06413655107480194,0.1100117,0.06413655,5.761725e+07,0.4412427,8.983528e+08,0.0,0.0,182599545.4314482,23608872.56656393,0.1292932,0.14565567367891305,0.13631382112467075,0.017624444926134443
774,0.78,0.06413655107480194,0.1100117,0.06413655,5.761725e+07,0.4412427,8.983528e+08,0.0,0.0,469534565.70185876,69609613.08398427,0.1482524,0.3745374793855405,0.35051593720950225,0.05196481910219243
775,0.78,0.06413655107480194,0.1100117,0.06413655,5.761725e+07,0.4412427,8.983528e+08,0.007600566619217348,2.00986081718361e-05,59520260.57941787,6370162.905532525,0.1070251,0.04747801333105873,0.04553771279606004,0.004756729408714081
776,0.78,0.06413655107480194,0.1100117,0.06413655,5.761725e+07,0.4412427,8.983528e+08,0.0,0.0,102180322.61835894,18762850.937037207,0.1836249,0.08150701411955705,0.07627943534552349,0.014006803250122782
777,0.78,0.06413655107480194,0.1100117,0.06413655,5.761725e+07,0.4412427,8.983528e+08,0.014463490120420438,0.004843707430571382,1020737.14407485,78056.51932379957,0.07647073,0.0008142197507557775,0.002864329845125546,0.000368929274448682
778,0.78,0.06413655107480194,0.1100117,0.06413655,5.761725e+07,0.4412427,8.983528e+08,0.09276182179312602,0.00035371181924138723,42894633.64544989,6181404.174015828,0.1441067,0.034216113441442,0.04550494511673166,0.004637214445950597
779,0.78,0.06413655107480194,0.1100117,0.06413655,5.761725e+07,0.4412427,8.983528e+08,0.0,0.0,208366042.61510006,27220815.97013745,0.1306394,0.16620904634346656,0.1555489713535647,0.020320825171023918
780,0.78,0.06413655107480194,0.1100117,0.06413655,5.761725e+07,0.4412427,8.983528e+08,4.057329116771957e-05,0.0,15182551.672099093,2415577.0738055944,0.1591022,0.012110790236302738,0.011339943424501934,0.0018032714176454997
781,0.78,0.06413655107480194,0.1100117,0.06413655,5.761725e+07,0.4412427,8.983528e+08,1.8755924838276917e-05,4.851325515130877e-09,171998786.6977894,22343419.735381003,0.1299045,0.1371996797101966,0.12840289170045674,0.016679762103137027
782,0.78,0.06413655107480194,0.1100117,0.06413655,5.761725e+07,0.4412427,8.983528e+08,3.472965455882102e-06,0.0,212726252.21746197,35107152.82555475,0.1650344,0.1696870904180709,0.1588044504874068,0.02620811645040904
783,0.78,0.06413655107480194,0.1100117,0.06413655,5.761725e+07,0.4412427,8.983528e+08,2.1969748533403344e-05,0.0,162299123.37367147,17960531.650687683,0.1106631,0.1294624698907809,0.12116238697708487,0.013407857576813967
784,0.78,0.06413655107480194,0.1100117,0.06413655,5.761725e+07,0.4412427,8.983528e+08,0.0031325027070114803,3.5788924823678955e-07,166552749.00148353,27574085.72268371,0.1655577,0.13285549425419288,0.12478992398565651,0.020584570302994116
785,0.78,0.06413655107480194,0.1100117,0.06413655,5.761725e+07,0.4412427,8.983528e+08,0.008413148757940902,5.013442907915402e-05,67538187.78487921,8385295.372567636,0.1241564,0.05387373893848306,0.05164135097762947,0.0062629881711102064
786,0.78,0.06413655107480194,0.1100117,0.06413655,5.761725e+07,0.4412427,8.983528e+08,0.08066100613752811,0.0012108215648485917,16068878.842059636,3129861.2697541104,0.1947778,0.012817794083083912,0.023720133853097458,0.0024141552431697984
787,0.78,0.06413655107480194,0.1100117,0.06413655,5.761725e+07,0.4412427,8.983528e+08,0.024077271455053895,0.00079259361113312,76302789.31663556,7615275.3474794375,0.09980337,0.06086507036605484,0.060461131040064314,0.005735773244312725
788,0.78,0.06413655107480194,0.1100117,0.06413655,5.761725e+07,0.4412427,8.983528e+08,3.146978871254962e-05,0.0,270781621.71500397,34999751.62751711,0.1292545,0.21599659209214433,0.20214788990242183,0.026127939538340143
789,0.78,0.06413655107480194,0.1100117,0.06413655,5.761725e+07,0.4412427,8.983528e+08,4.701251624490773e-08,0.0,374651989.4797907,53192339.50087311,0.141978,0.2988517183538706,0.27968440668934946,0.0397090312289244
790,0.78,0.06413655107480194,0.1100117,0.06413655,5.761725e+07,0.4412427,8.983528e+08,0.009137308905579147,2.991166372777078e-05,55867407.45672188,7478175.584100906,0.1338558,0.04456421208812983,0.04303416490595203,0.0055845100332517555
791,0.78,0.06413655107480194,0.1100117,0.06413655,5.761725e+07,0.4412427,8.983528e+08,6.839517109781704e-08,0.0,250055877.9182637,27337011.882553715,0.1093236,0.1994641184319397,0.18667118775407557,0.020407567494413078
792,0.78,0.06413655107480194,0.1100117,0.06413655,5.761725e+07,0.4412427,8.983528e+08,0.0009305459509792478,0.0,195083067.59595886,27864779.84417409,0.1428355,0.155613506960815,0.1457682522342814,0.02080155570147935
793,0.78,0.06413655107480194,0.1100117,0.06413655,5.761725e+07,0.4412427,8.983528e+08,0.000338828975723732,3.740970188950075e-07,91398265.17578214,8993608.999243082,0.09840022,0.07290640212606855,0.06827968721113908,0.006713913699268307
794,0.78,0.06413655107480194,0.1100117,0.06413655,5.761725e+07,0.4412427,8.983528e+08,0.0,0.0,32000807.218217347,3875551.976635081,0.1211079,0.025526345767319273,0.02388917398826055,0.0028931687516206366
795,0.78,0.06413655107480194,0.1100117,0.06413655,5.761725e+07,0.4412427,8.983528e+08,0.051771413212220854,0.001237793408905669,31625534.681521412,4090229.753871521,0.1293331,0.02522699905198935,0.031134226941015263,0.0031328173457604042
796,0.78,0.06413655107480194,0.1100117,0.06413655,5.761725e+07,0.4412427,8.983528e+08,0.0,0.0,220644712.01430246,27000788.002735615,0.1223722,0.17600347304368477,0.16471521730547597,0.02015657036458411
797,0.78,0.06413655107480194,0.1100117,0.06413655,5.761725e+07,0.4412427,8.983528e+08,0.0,0.0,558632877.6433208,88467859.13852523,0.1583649,0.44560925899388404,0.41702941799501814,0.06604283651088745
798,0.78,0.06413655107480194,0.1100117,0.06413655,5.761725e+07,0.4412427,8.983528e+08,0.0032476330829421802,2.4408215655257713e-06,161421129.03329092,20946727.53829034,0.1297645,0.1287621129603612,0.12097581275228506,0.015637262673688677
799,0.78,0.06413655107480194,0.1100117,0.06413655,5.761725e+07,0.4412427,8.983528e+08,1.6594329413582416e-12,0.0,365668434.19664574,43084333.68225115,0.1178235,0.29168573229565514,0.2729780154287251,0.032163224398840895
800,0.78,0.06413655107480194,0.1100117,0.06413655,5.761725e+07,0.4412427,8.983528e+08,2.2914332634331207e-05,0.0,157118610.43156,22616806.12977055,0.1439473,0.12533008773833543,0.1172951788630372,0.01688384961693302
801,0.78,0.06413655107480194,0.1100117,0.06413655,5.761725e+07,0.4412427,8.983528e+08,0.0,0.0,321630919.9856722,44454113.30145637,0.1382147,0.25655796796092883,0.24010322474515536,0.033185789343082
802,0.78,0.06413655107480194,0.1100117,0.06413655,5.761725e+07,0.4412427,8.983528e+08,8.386579384822974e-05,3.0561349298869924e-08,131528020.10712759,17159804.1979839,0.130465,0.10491703213768154,0.09820020580610606,0.012810102195844688
803,0.78,0.06413655107480194,0.1100117,0.06413655,5.761725e+07,0.4412427,8.983528e+08,0.0006028183741617715,4.878915817195011e-09,116284040.38858669,14679641.010086957,0.1262395,0.09275724208888682,0.0868957347727001,0.010958614443610865
804,0.78,0.06413655107480194,0.1100117,0.06413655,5.761725e+07,0.4412427,8.983528e+08,3.5821705230986323e-09,0.0,101821856.53038862,15587647.433628866,0.1530874,0.08122107354171502,0.07601183453084069,0.011636457139044843
805,0.78,0.06413655107480194,0.1100117,0.06413655,5.761725e+07,0.4412427,8.983528e+08,0.0,0.0,83877638.15571177,11695500.616741445,0.1394353,0.06690736202710275,0.06261615458517121,0.008730900042861766
806,0.78,0.06413655107480194,0.1100117,0.06413655,5.761725e+07,0.4412427,8.983528e+08,0.001275750212673165,0.0,136357142.32196954,20650680.5794395,0.1514455,0.10876911757315529,0.1019784773634685,0.01541610178687564
807,0.78,0.06413655107480194,0.1100117,0.06413655,5.761725e+07,0.4412427,8.983528e+08,0.0002267485197674027,3.0313623277227205e-08,163163049.80880493,18779402.572245296,0.1150959,0.13015160516009966,0.12183708897411497,0.014019161285559476
808,0.78,0.06413655107480194,0.1100117,0.06413655,5.761725e+07,0.4412427,8.983528e+08,0.012348357297268995,0.0,78208987.46166101,13855124.494579604,0.1771551,0.06238560303946947,0.06017929318826208,0.010343097829469714
809,0.78,0.06413655107480194,0.1100117,0.06413655,5.761725e+07,0.4412427,8.983528e+08,0.0,0.0,110732836.00102976,14582758.450396162,0.1316932,0.08832916745765783,0.08266403929761502,0.010886289569969702
810,0.78,0.06413655107480194,0.1100117,0.06413655,5.761725e+07,0.4412427,8.983528e+08,0.022831468861342484,1.6943644933541562e-05,64285923.078891076,10305521.29542899,0.1603076,0.05127947833606171,0.05130924298494948,0.007694342367264538
811,0.78,0.06413655107480194,0.1100117,0.06413655,5.761725e+07,0.4412427,8.983528e+08,6.799386267797701e-10,0.0,101607026.67928985,13264348.817618892,0.1305456,0.08104970845636282,0.07585145978918555,0.00990207323784902
812,0.78,0.06413655107480194,0.1100117,0.06413655,5.761725e+07,0.4412427,8.983528e+08,0.021429293822371964,8.94799372245435e-05,68394044.73057505,12317485.731744023,0.1800959,0.05455643735212673,0.05417221689716811,0.00920096197181402
813,0.78,0.06413655107480194,0.1100117,0.06413655,5.761725e+07,0.4412427,8.983528e+08,0.0,0.0,184780115.9738241,24091577.12553091,0.1303797,0.14739506722780552,0.1379416559703755,0.017984792498477058
814,0.78,0.06413655107480194,0.1100117,0.06413655,5.761725e+07,0.4412427,8.983528e+08,0.0002948826531585978,3.083460212300525e-09,139834923.8079552,24124064.72254714,0.1725182,0.1115432679909583,0.10443212996555105,0.01800904526750406
815,0.78,0.06413655107480194,0.1100117,0.06413655,5.761725e+07,0.4412427,8.983528e+08,0.0,0.0,308145929.30070055,46796576.2814549,0.151865,0.24580128508895094,0.23003643841359153,0.03493447978419024
816,0.78,0.06413655107480194,0.1100117,0.06413655,5.761725e+07,0.4412427,8.983528e+08,0.0275196422563893,0.008895206378436039,1084140.7592150879,90068.34181619943,0.08307809,0.0008647954312981856,0.004809430405774475,0.0006377454836191291
817,0.78,0.06413655107480194,0.1100117,0.06413655,5.761725e+07,0.4412427,8.983528e+08,0.0,0.0,22113900.27319044,2175919.381937793,0.098396,0.01763977579653445,0.016508421415211964,0.0016243626713875116
818,0.78,0.06413655107480194,0.1100117,0.06413655,5.761725e+07,0.4412427,8.983528e+08,6.582424123902157e-06,0.0,219749839.4600896,32354518.035228506,0.1472334,0.17528965273031724,0.1640481357491367,0.024153225428947305
819,0.78,0.06413655107480194,0.1100117,0.06413655,5.761725e+07,0.4412427,8.983528e+08,0.0,0.0,272073550.12126803,34987557.43012589,0.128596,0.21702713519626154,0.20310776325512858,0.026118836352250503
820,0.78,0.06413655107480194,0.1100117,0.06413655,5.761725e+07,0.4412427,8.983528e+08,1.5016822238765005e-05,0.0,54219694.022592045,6818209.176348292,0.1257515,0.04324986702932421,0.040478152484196166,0.005089914894690977
821,0.78,0.06413655107480194,0.1100117,0.06413655,5.761725e+07,0.4412427,8.983528e+08,0.0,0.0,58050880.10804433,8035756.947022062,0.1384261,0.04630592058601462,0.043336018545283975,0.005998836045782638
822,0.78,0.06413655107480194,0.1100117,0.06413655,5.761725e+07,0.4412427,8.983528e+08,3.290304573345866e-07,0.0,352326450.82597226,37756697.211614,0.107164,0.2810431232383513,0.2630180344365643,0.028186048644324314
823,0.78,0.06413655107480194,0.1100117,0.06413655,5.761725e+07,0.4412427,8.983528e+08,0.0003672548731649931,0.0,210416736.29843506,36402699.997744836,0.1730029,0.16784483995538105,0.15713323290176265,0.027175265547473973
824,0.78,0.06413655107480194,0.1100117,0.06413655,5.761725e+07,0.4412427,8.983528e+08,0.0011464943181861953,1.079586233511043e-09,190862829.93434995,34632847.39391484,0.1814541,0.15224711544962946,0.1426491585007675,0.025854039045830116
825,0.78,0.06413655107480194,0.1100117,0.06413655,5.761725e+07,0.4412427,8.983528e+08,4.936868287068349e-14,0.0,554422443.1025085,77394630.99587153,0.1395951,0.44225068721828664,0.41388625342965196,0.05777647398110207
826,0.78,0.06413655107480194,0.1100117,0.06413655,5.761725e+07,0.4412427,8.983528e+08,2.0813423388598946e-05,0.0,241741609.33833125,34273575.389392495,0.1417777,0.19283200777527804,0.1804674531815657,0.025585836010125897
827,0.78,0.06413655107480194,0.1100117,0.06413655,5.761725e+07,0.4412427,8.983528e+08,0.04413244012529014,0.002360442378088417,29081637.25077128,3160889.7282531527,0.1086902,0.023197787570819084,0.028124804046198836,0.002511051255482147
828,0.78,0.06413655107480194,0.1100117,0.06413655,5.761725e+07,0.4412427,8.983528e+08,0.0,0.0,61956786.06671097,10549142.83517688,0.1702661,0.049421576555430245,0.04625184708648566,0.007875123489793995
829,0.78,0.06413655107480194,0.1100117,0.06413655,5.761725e+07,0.4412427,8.983528e+08,0.0018310726303977665,2.3917272302096036e-06,139884643.93380943,17918939.056551784,0.128098,0.11158292865062526,0.10469253883733687,0.01337696135975833
830,0.78,0.06413655107480194,0.1100117,0.06413655,5.761725e+07,0.4412427,8.983528e+08,0.03650684173667675,0.0021349589249016992,2597365.4907486,435219.2742726194,0.1675618,0.00207186178613669,0.007245408310864345,0.00046182786156031966
831,0.78,0.06413655107480194,0.1100117,0.06413655,5.761725e+07,0.4412427,8.983528e+08,0.0,0.0,98849918.6920976,13943263.02427093,0.1410549,0.07885042356586038,0.07379322934755882,0.010408894815667829
832,0.78,0.06413655107480194,0.1100117,0.06413655,5.761725e+07,0.4412427,8.983528e+08,0.0013737384351384762,0.0,189007752.90211546,30125773.49869875,0.1593891,0.15076736097259635,0.1412973412953736,0.022489427836421747
833,0.78,0.06413655107480194,0.1100117,0.06413655,5.761725e+07,0.4412427,8.983528e+08,0.0,0.0,413084411.8184496,53696930.66787454,0.1299902,0.3295084231864215,0.3083748893731481,0.04008571754496753
834,0.78,0.06413655107480194,0.1100117,0.06413655,5.761725e+07,0.4412427,8.983528e+08,0.0,0.0,113877888.93611906,14100763.483523287,0.1238235,0.09083790756943567,0.08501187747108044,0.010526471720795665
835,0.78,0.06413655107480194,0.1100117,0.06413655,5.761725e+07,0.4412427,8.983528e+08,0.0003343798617628139,2.239338366900278e-09,56045771.911732584,8010416.048514155,0.1429263,0.04470648952257563,0.041887773044535385,0.00597991875618803
836,0.78,0.06413655107480194,0.1100117,0.06413655,5.761725e+07,0.4412427,8.983528e+08,0.025813905425124094,0.00020848584751536635,71998583.17389122,8338244.707239233,0.1158112,0.057431699029379155,0.057500391617696905,0.0062380201231518086
837,0.78,0.06413655107480194,0.1100117,0.06413655,5.761725e+07,0.4412427,8.983528e+08,0.0,0.0,64747892.356674924,7409510.830730252,0.1144363,0.051647981150324346,0.048335457769366166,0.005531332137848378
838,0.78,0.06413655107480194,0.1100117,0.06413655,5.761725e+07,0.4412427,8.983528e+08,0.0,0.0,165507740.3990474,18500751.574044153,0.1117818,0.1320219136906244,0.12355448348021258,0.013811141395655908
839,0.78,0.06413655107480194,0.1100117,0.06413655,5.761725e+07,0.4412427,8.983528e+08,2.8943884654253515e-11,0.0,459558862.7222604,57058195.77663863,0.1241586,0.36658007875521076,0.34306889681532937,0.04259496196672146
840,0.78,0.06413655107480194,0.1100117,0.06413655,5.761725e+07,0.4412427,8.983528e+08,3.586277590955444e-06,0.0,192148624.74948928,25191393.463764302,0.1311037,0.15327276592192093,0.14344290062307533,0.018805825033063626
841,0.78,0.06413655107480194,0.1100117,0.06413655,5.761725e+07,0.4412427,8.983528e+08,0.002000452938409009,1.3194247080873562e-05,128388588.82579581,14864771.693468181,0.1157795,0.10241277629646037,0.09613514859416288,0.011097663724995484
842,0.78,0.06413655107480194,0.1100117,0.06413655,5.761725e+07,0.4412427,8.983528e+08,0.00011101576154958414,0.0,193115554.47081506,26573130.51482382,0.1376022,0.1540440646654479,0.14418034626916457,0.01983731641369342
843,0.78,0.06413655107480194,0.1100117,0.06413655,5.761725e+07,0.4412427,8.983528e+08,0.00764781176012319,1.4963203167022687e-05,59048847.62940236,7645809.83724083,0.1294828,0.04710197750548625,0.04519266189861103,0.005708693253759365
844,0.78,0.06413655107480194,0.1100117,0.06413655,5.761725e+07,0.4412427,8.983528e+08,3.492297030309687e-19,2.734924154488678e-21,126032869.79945688,15047863.265599472,0.1193963,0.1005336706230651,0.09408578772241159,0.011233498619335322
845,0.78,0.06413655107480194,0.1100117,0.06413655,5.761725e+07,0.4412427,8.983528e+08,0.0,0.0,489060685.15043795,58218926.76299831,0.1190423,0.39011303887501064,0.3650925340322574,0.04346146837381379
846,0.78,0.06413655107480194,0.1100117,0.06413655,5.761725e+07,0.4412427,8.983528e+08,0.0019924252344578524,2.793919791575779e-08,138963872.40215808,21491923.26553743,0.1546584,0.11084844928798418,0.10402861975225029,0.016044106265028692
847,0.78,0.06413655107480194,0.1100117,0.06413655,5.761725e+07,0.4412427,8.983528e+08,1.5407239847199953e-06,0.0,297245676.4752138,46534250.62452208,0.1565515,0.2371063912171434,0.22189942899763096,0.03473864899725668
848,0.78,0.06413655107480194,0.1100117,0.06413655,5.761725e+07,0.4412427,8.983528e+08,0.008232910371008963,0.00011820624661798446,69455410.98965812,8099699.7354158005,0.1166173,0.05540306606153307,0.053046393898271885,0.0060541518200414755
849,0.78,0.06413655107480194,0.1100117,0.06413655,5.761725e+07,0.4412427,8.983528e+08,6.300807213540654e-08,0.0,89745917.21801633,12475246.319537263,0.1390063,0.07158836020886833,0.06699693884646889,0.009312994132978454
850,0.78,0.06413655107480194,0.1100117,0.06413655,5.761725e+07,0.4412427,8.983528e+08,0.0,0.0,45869419.18675627,5560734.2674887795,0.1212297,0.03658903496786463,0.03424234045787047,0.004151187422012855
851,0.78,0.06413655107480194,0.1100117,0.06413655,5.761725e+07,0.4412427,8.983528e+08,0.0009960776621675848,0.0,229039495.87007478,37669603.431552745,0.1644677,0.18269980897930968,0.1711268575798389,0.028121031582379885
852,0.78,0.06413655107480194,0.1100117,0.06413655,5.761725e+07,0.4412427,8.983528e+08,0.00016950528297682375,2.2285261264757543e-08,191758486.9983876,29073228.466989953,0.1516138,0.15296156154936885,0.14317577287639666,0.021703685605522355
853,0.78,0.06413655107480194,0.1100117,0.06413655,5.761725e+07,0.4412427,8.983528e+08,0.0,0.0,83366147.3577434,11230956.822003618,0.1347184,0.06649935697658296,0.062234317571412866,0.008384109805291098
854,0.78,0.06413655107480194,0.1100117,0.06413655,5.761725e+07,0.4412427,8.983528e+08,2.1149712705251065e-09,0.0,336018683.6625428,57017988.009388864,0.169687,0.2680347731530554,0.2508439475423218,0.04256494615052785
855,0.78,0.06413655107480194,0.1100117,0.06413655,5.761725e+07,0.4412427,8.983528e+08,0.023549386357751622,0.00016548551796768436,38535113.78976969,5389164.673113828,0.1398508,0.030738619562717714,0.032190156487227915,0.004033721326675681
856,0.78,0.06413655107480194,0.1100117,0.06413655,5.761725e+07,0.4412427,8.983528e+08,0.0,0.0,291083183.54999495,51264351.525440276,0.1761158,0.23219070505569417,0.2172987940417954,0.03826975377950527
857,0.78,0.06413655107480194,0.1100117,0.06413655,5.761725e+07,0.4412427,8.983528e+08,4.975812888614098e-07,1.0040280106800142e-11,234285460.563616,39839176.21988233,0.1700454,0.18688440056593222,0.17489835198956108,0.02974065640895934
858,0.78,0.06413655107480194,0.1100117,0.06413655,5.761725e+07,0.4412427,8.983528e+08,1.5391983340166009e-09,0.0,331056264.5234719,38172737.88359554,0.1153059,0.2640763596692175,0.2471394129633742,0.028496630434695587
859,0.78,0.06413655107480194,0.1100117,0.06413655,5.761725e+07,0.4412427,8.983528e+08,0.0,0.0,199347434.46816218,23843875.949932184,0.1196096,0.15901509938053984,0.14881641933745515,0.017799879147991138
860,0.78,0.06413655107480194,0.1100117,0.06413655,5.761725e+07,0.4412427,8.983528e+08,2.477168587813134e-05,1.7934336252618896e-10,321275083.73865217,42722004.33536994,0.1329764,0.25627412514983855,0.2398411873055476,0.03189273908321791
861,0.78,0.06413655107480194,0.1100117,0.06413655,5.761725e+07,0.4412427,8.983528e+08,0.0,0.0,127192645.7977716,14301764.48564419,0.1124418,0.10145879863448497,0.09495158121387628,0.010676522557911657
862,0.78,0.06413655107480194,0.1100117,0.06413655,5.761725e+07,0.4412427,8.983528e+08,0.00044592909666500366,1.288079409987543e-07,116496440.53990692,16086660.431699047,0.1380871,0.0929266690557336,0.08703149073780853,0.012008987513675238
863,0.78,0.06413655107480194,0.1100117,0.06413655,5.761725e+07,0.4412427,8.983528e+08,6.873467311435315e-07,0.0,338005152.4911999,53930495.94947059,0.1595552,0.26961933599956495,0.2523269815943185,0.04026007819817282
864,0.78,0.06413655107480194,0.1100117,0.06413655,5.761725e+07,0.4412427,8.983528e+08,0.00012453960088379488,1.2930015582413987e-08,177050629.0585223,20989562.919380836,0.1185512,0.1412294241470384,0.13218955834587218,0.015669084333942127
865,0.78,0.06413655107480194,0.1100117,0.06413655,5.761725e+07,0.4412427,8.983528e+08,0.0006621410070434406,8.769160411736787e-09,113994930.02750878,17391420.014486212,0.1525631,0.09093126869459184,0.0851954958175694,0.012983006140872427
866,0.78,0.06413655107480194,0.1100117,0.06413655,5.761725e+07,0.4412427,8.983528e+08,0.04099833881840226,0.00017068357977552157,30926249.97947942,6257593.655232316,0.2023392,0.024669194901225336,0.029046285097479967,0.004682352454073849
867,0.78,0.06413655107480194,0.1100117,0.06413655,5.761725e+07,0.4412427,8.983528e+08,0.017273279647690504,4.965719376462772e-05,60498054.674173765,8120487.427476173,0.1342272,0.04825797834824658,0.04767362455290545,0.006065273703515858
868,0.78,0.06413655107480194,0.1100117,0.06413655,5.761725e+07,0.4412427,8.983528e+08,0.0040176196610664456,2.3711048521245404e-06,65499780.38857849,7629132.43009105,0.1164757,0.052247745829690107,0.04948073414284871,0.005695435657776976
869,0.78,0.06413655107480194,0.1100117,0.06413655,5.761725e+07,0.4412427,8.983528e+08,0.00017867115838509883,4.727587963574805e-08,269143391.7503282,29625250.9074665,0.1100724,0.2146898117900246,0.20094631834268264,0.02211578181694984
870,0.78,0.06413655107480194,0.1100117,0.06413655,5.761725e+07,0.4412427,8.983528e+08,0.03294984566870919,0.0009183008731683249,51717596.87099661,5350507.669735515,0.1034562,0.041253998718893264,0.04339751323220041,0.004053146163880954
871,0.78,0.06413655107480194,0.1100117,0.06413655,5.761725e+07,0.4412427,8.983528e+08,0.01471597056465699,0.00018294225742143867,34172090.88339308,4203090.570181263,0.1229978,0.02725833137687777,0.027649106488541565,0.0031494154456017712
872,0.78,0.06413655107480194,0.1100117,0.06413655,5.761725e+07,0.4412427,8.983528e+08,0.0,0.0,506188676.1760776,79210244.04860479,0.1564836,0.40377566364064854,0.3778788851667981,0.05913186154418235
873,0.78,0.06413655107480194,0.1100117,0.06413655,5.761725e+07,0.4412427,8.983528e+08,0.0,0.0,78298383.46765582,11301371.066262389,0.1443372,0.06245691228312948,0.05845114133850813,0.008436675295932597
874,0.78,0.06413655107480194,0.1100117,0.06413655,5.761725e+07,0.4412427,8.983528e+08,0.0,0.0,285188375.05799055,38794381.34556769,0.1360307,0.2274885449266405,0.21289821424602068,0.028960698378996164
875,0.78,0.06413655107480194,0.1100117,0.06413655,5.761725e+07,0.4412427,8.983528e+08,8.948314843300028e-05,0.0,140503411.28714073,23607722.723166846,0.1680224,0.11207650586894218,0.10490131209171015,0.017623586547507147
876,0.78,0.06413655107480194,0.1100117,0.06413655,5.761725e+07,0.4412427,8.983528e+08,0.0009249854635155744,8.264824991769404e-08,227288842.30730954,24120127.449115828,0.106121,0.18130335082570112,0.1698096298749304,0.018006111125595633
877,0.78,0.06413655107480194,0.1100117,0.06413655,5.761725e+07,0.4412427,8.983528e+08,0.011005528357317303,3.074295947843674e-05,85658816.99041852,13047823.528317725,0.1523232,0.06832816952417964,0.06554553791377293,0.00974240499054525
878,0.78,0.06413655107480194,0.1100117,0.06413655,5.761725e+07,0.4412427,8.983528e+08,0.0402564154246567,0.0018527223596862864,4713208.489901246,829663.8186066382,0.1760295,0.0037596235859385933,0.009369939771193837,0.000738186077146568
879,0.78,0.06413655107480194,0.1100117,0.06413655,5.761725e+07,0.4412427,8.983528e+08,4.607136605447053e-05,1.3053602426696898e-08,120019872.62676851,14789152.546857951,0.1232225,0.09573723396191182,0.08960367464005249,0.011040367285522195
880,0.78,0.06413655107480194,0.1100117,0.06413655,5.761725e+07,0.4412427,8.983528e+08,0.0005326527272806945,6.314723887057679e-08,162079754.04717323,21058799.814095616,0.1299286,0.12928748376493873,0.12107285385506746,0.015720774132886032
881,0.78,0.06413655107480194,0.1100117,0.06413655,5.761725e+07,0.4412427,8.983528e+08,9.786744367373041e-07,0.0,168895120.8608017,24595502.05291961,0.1456259,0.13472395318364624,0.1260833657338799,0.018360981454753046
882,0.78,0.06413655107480194,0.1100117,0.06413655,5.761725e+07,0.4412427,8.983528e+08,0.009501542115478207,0.004751905808570258,113798.93596715784,14275.146579459537,0.1254418,9.077492850858519e-05,0.0014660435050843426,0.0003154275014096753
883,0.78,0.06413655107480194,0.1100117,0.06413655,5.761725e+07,0.4412427,8.983528e+08,0.02856499408034109,0.0077358229672371635,51036.32826277095,5329.249117935693,0.1044207,4.071056561311559e-05,0.004190145945875278,0.0005001273844683523
884,0.78,0.06413655107480194,0.1100117,0.06413655,5.761725e+07,0.4412427,8.983528e+08,0.0004112667252135965,1.140387957634568e-06,36197889.80557816,4640018.858897629,0.1281848,0.028874266980943433,0.02708215049335462,0.0034639300699442384
885,0.78,0.06413655107480194,0.1100117,0.06413655,5.761725e+07,0.4412427,8.983528e+08,6.342420605746782e-05,1.4403129637693492e-08,177898512.93252188,23821833.801245097,0.1339069,0.14190576261533572,0.13281363540838984,0.017783425214183194
886,0.78,0.06413655107480194,0.1100117,0.06413655,5.761725e+07,0.4412427,8.983528e+08,0.0,0.0,86776190.15390958,15011990.506312102,0.1729967,0.06921947371934878,0.06477997540777686,0.011206718963990654
887,0.78,0.06413655107480194,0.1100117,0.06413655,5.761725e+07,0.4412427,8.983528e+08,0.0,0.0,327593907.23179644,51335567.61511769,0.1567049,0.2613145127947114,0.24455470119826644,0.03832291786206938
888,0.78,0.06413655107480194,0.1100117,0.06413655,5.761725e+07,0.4412427,8.983528e+08,0.01566688335021087,0.0016261892906375875,261343.17686686545,27296.325496104062,0.1044463,0.00020846775055210337,0.002472347141032293,0.00012467536687671418
889,0.78,0.06413655107480194,0.1100117,0.06413655,5.761725e+07,0.4412427,8.983528e+08,4.4112107247155325,1.5799418567363508,281.27035576596637,29.335710765163103,0.1042972,2.24363226415478e-07,0.6411889189995579,0.10133204348942028
890,0.78,0.06413655107480194,0.1100117,0.06413655,5.761725e+07,0.4412427,8.983528e+08,2.456877472392146e-07,0.0,416214886.23514915,58077941.54988307,0.1395384,0.33200553433213437,0.31071188013410966,0.043356220394820164
891,0.78,0.06413655107480194,0.1100117,0.06413655,5.761725e+07,0.4412427,8.983528e+08,9.154329010185262e-05,0.0,202913347.93443277,36929944.25829154,0.1819986,0.1618595507562709,0.1514917436285361,0.027568862802337647
892,0.78,0.06413655107480194,0.1100117,0.06413655,5.761725e+07,0.4412427,8.983528e+08,8.492456744294313e-05,0.0,53633931.6933247,8187131.848458595,0.1526484,0.0427826171986438,0.040051031841666446,0.006111840112624255
893,0.78,0.06413655107480194,0.1100117,0.06413655,5.761725e+07,0.4412427,8.983528e+08,0.0,0.0,67959102.00915338,7574275.572659684,0.1114534,0.05420949303224507,0.050732683113643366,0.005654331959704194
894,0.78,0.06413655107480194,0.1100117,0.06413655,5.761725e+07,0.4412427,8.983528e+08,0.0,0.0,82843170.15974429,9902201.189469405,0.1195295,0.0660821894753535,0.061843905754932774,0.007392169999615804
895,0.78,0.06413655107480194,0.1100117,0.06413655,5.761725e+07,0.4412427,8.983528e+08,0.0002743433332195657,1.651113429038868e-07,192670214.25067058,26436332.198538594,0.1372103,0.1536888264876737,0.1438716322174738,0.01973520461761585
896,0.78,0.06413655107480194,0.1100117,0.06413655,5.761725e+07,0.4412427,8.983528e+08,0.002472587930082162,5.819301667517007e-07,187857671.5648746,22085518.9188785,0.1175652,0.14984996618081003,0.14059850760591022,0.016487271550440313
897,0.78,0.06413655107480194,0.1100117,0.06413655,5.761725e+07,0.4412427,8.983528e+08,0.0,0.0,136422000.79203272,23362189.844001338,0.1712494,0.10882085375972965,0.1018414595145652,0.017440291869025282
898,0.78,0.06413655107480194,0.1100117,0.06413655,5.761725e+07,0.4412427,8.983528e+08,0.023822856613128034,0.0019893729841636435,55476466.53295716,5760952.586091414,0.103845,0.04425236704226697,0.044876928905125596,0.004428245493912665
899,0.78,0.06413655107480194,0.1100117,0.06413655,5.761725e+07,0.4412427,8.983528e+08,1.128254614994454e-05,0.0,39743652.63225198,4115687.2154128677,0.1035558,0.03170264463108777,0.029670986311767632,0.0030724339951739084
900,0.78,0.06413655107480194,0.1100117,0.06413655,5.761725e+07,0.4412427,8.983528e+08,0.02447521971235699,0.008424639441266837,23185.635347526655,2906.01656124232,0.1253369,1.8494675483655338e-05,0.003574888373008981,0.0005424967110638054
901,0.78,0.06413655107480194,0.1100117,0.06413655,5.761725e+07,0.4412427,8.983528e+08,0.0,0.0,368990992.50959,44503295.017237894,0.1206081,0.2943360645747739,0.27545836453601774,0.03322250437209155
902,0.78,0.06413655107480194,0.1100117,0.06413655,5.761725e+07,0.4412427,8.983528e+08,9.430605776556075e-06,0.0,256423331.8802665,33487037.556398347,0.1305928,0.2045432975408667,0.19142596667078982,0.024998671473537265
903,0.78,0.06413655107480194,0.1100117,0.06413655,5.761725e+07,0.4412427,8.983528e+08,4.711303379913418e-05,0.0,71252658.61998671,12604303.540342113,0.1768959,0.05683669128631009,0.053198230017549725,0.009409337652728583
904,0.78,0.06413655107480194,0.1100117,0.06413655,5.761725e+07,0.4412427,8.983528e+08,0.018116102219187236,0.010821155805521112,46623.29115767514,5845.461547842873,0.1253764,3.7190382192099984e-05,0.0026680595520625233,0.0006983953534300235
905,0.78,0.06413655107480194,0.1100117,0.06413655,5.761725e+07,0.4412427,8.983528e+08,0.0,0.0,543519946.8536721,74820561.01100872,0.1376593,0.4335540038166171,0.4057473453071478,0.055854884775335394
906,0.78,0.06413655107480194,0.1100117,0.06413655,5.761725e+07,0.4412427,8.983528e+08,0.0,0.0,102924400.60670732,14794156.29754397,0.1437381,0.08210054889756789,0.07683490284992975,0.011044101837542217
907,0.78,0.06413655107480194,0.1100117,0.06413655,5.761725e+07,0.4412427,8.983528e+08,0.0,0.0,168016347.47423422,25107240.670180682,0.1494333,0.1340229748250794,0.12542720345501382,0.0187430034700384
908,0.78,0.06413655107480194,0.1100117,0.06413655,5.761725e+07,0.4412427,8.983528e+08,1.061764960793884e-10,0.0,407407900.49894756,48336915.78575771,0.118645,0.3249803939493583,0.30413727232994925,0.03608437072813908
909,0.78,0.06413655107480194,0.1100117,0.06413655,5.761725e+07,0.4412427,8.983528e+08,9.644167939077113e-10,0.0,213802258.59101284,30224747.09270896,0.1413678,0.17054539722738984,0.15960720378772517,0.022563313391602596
910,0.78,0.06413655107480194,0.1100117,0.06413655,5.761725e+07,0.4412427,8.983528e+08,0.06166918999529868,0.013939242945826042,334258.9574498807,41935.86737033646,0.1254592,0.000266631077944559,0.009213415886075136,0.0009253208409292618
911,0.78,0.06413655107480194,0.1100117,0.06413655,5.761725e+07,0.4412427,8.983528e+08,0.056316836819071334,0.0005745985573890115,26994192.499941725,4536445.541997911,0.1680526,0.02153267843414965,0.028337544442699186,0.0034233903686676577
912,0.78,0.06413655107480194,0.1100117,0.06413655,5.761725e+07,0.4412427,8.983528e+08,0.0,0.0,528896547.6955749,64889539.394138195,0.1226885,0.42188923734189465,0.394830716723207,0.048441199812053
913,0.78,0.06413655107480194,0.1100117,0.06413655,5.761725e+07,0.4412427,8.983528e+08,0.0015430538300882195,1.918238063922229e-08,148328841.63690197,27379986.579696488,0.1845898,0.11831868093421254,0.11095441841234928,0.02043965010346929
914,0.78,0.06413655107480194,0.1100117,0.06413655,5.761725e+07,0.4412427,8.983528e+08,2.7972999181729516e-06,0.0,339853197.94939727,62340764.73855107,0.1834344,0.2710934815433941,0.25370688721807794,0.046538494021258835
915,0.78,0.06413655107480194,0.1100117,0.06413655,5.761725e+07,0.4412427,8.983528e+08,0.039038575580537964,0.002234545750827362,3699186.2410926213,419532.494404041,0.1134121,0.002950760160640114,0.008435935725902809,0.0004565045558358552
916,0.78,0.06413655107480194,0.1100117,0.06413655,5.761725e+07,0.4412427,8.983528e+08,0.0,0.0,390114852.61361885,56978576.88804991,0.1460559,0.31118610692773546,0.291227703286996,0.04253552504473141
917,0.78,0.06413655107480194,0.1100117,0.06413655,5.761725e+07,0.4412427,8.983528e+08,0.0,0.0,38584083.66951433,7083031.163623078,0.1835739,0.03077768176743092,0.028803707408790086,0.005287609236798785
918,0.78,0.06413655107480194,0.1100117,0.06413655,5.761725e+07,0.4412427,8.983528e+08,0.0,0.0,171973236.16587442,23299729.073248588,0.1354846,0.1371792986083152,0.1283810915167175,0.01739366378837162
919,0.78,0.06413655107480194,0.1100117,0.06413655,5.761725e+07,0.4412427,8.983528e+08,0.0011453686769644696,2.3669745598132178e-08,180550516.09752944,26830168.280280355,0.148602,0.14402120768221735,0.13495066847015796,0.02002920121331628
920,0.78,0.06413655107480194,0.1100117,0.06413655,5.761725e+07,0.4412427,8.983528e+08,0.0018107958146541684,3.0665406420402126e-05,90410068.60915944,9494397.623123838,0.1050148,0.07211813928401972,0.06775593762603603,0.007089704129086971
921,0.78,0.06413655107480194,0.1100117,0.06413655,5.761725e+07,0.4412427,8.983528e+08,0.004716768818567558,3.3168084165647886e-05,29569470.403281007,3878173.874899038,0.1311547,0.023586921433687257,0.0227597405524728,0.002897253332014903
922,0.78,0.06413655107480194,0.1100117,0.06413655,5.761725e+07,0.4412427,8.983528e+08,0.00045602635012814506,0.0,11933779.262560101,2562024.54930059,0.2146868,0.009519315362568632,0.008975064724608031,0.0019125970730386505
923,0.78,0.06413655107480194,0.1100117,0.06413655,5.761725e+07,0.4412427,8.983528e+08,0.0,0.0,79739954.96836723,9616996.608909713,0.1206045,0.0636068224189752,0.05952730020419474,0.007179259687673402
924,0.78,0.06413655107480194,0.1100117,0.06413655,5.761725e+07,0.4412427,8.983528e+08,0.0,0.0,112280075.95421793,14018319.086517463,0.1248514,0.08956336701271181,0.08381908154986979,0.010464925506320546
925,0.78,0.06413655107480194,0.1100117,0.06413655,5.761725e+07,0.4412427,8.983528e+08,0.0025943845913601175,8.302225823910215e-06,14623444.639884979,2131105.5436022985,0.1457321,0.0116648027545522,0.011293767647196334,0.0015914408170139335
926,0.78,0.06413655107480194,0.1100117,0.06413655,5.761725e+07,0.4412427,8.983528e+08,0.002454258047209134,1.44918717533588e-05,134359720.31018832,14556281.975710155,0.1083381,0.10717581761142944,0.10065866741744067,0.010867453867530968
927,0.78,0.06413655107480194,0.1100117,0.06413655,5.761725e+07,0.4412427,8.983528e+08,0.06441596245466381,0.0018185707825871574,42339272.29665671,5506976.142687436,0.1300678,0.03377311380963805,0.04097016372793207,0.0042276928798351265
928,0.78,0.06413655107480194,0.1100117,0.06413655,5.761725e+07,0.4412427,8.983528e+08,0.0,0.0,273653752.15591145,36676305.43626463,0.1340245,0.21828762788456993,0.20428741228975386,0.027379516892771683
929,0.78,0.06413655107480194,0.1100117,0.06413655,5.761725e+07,0.4412427,8.983528e+08,0.0,0.0,332671744.0366875,53165287.27206658,0.1598131,0.2653649924325463,0.24834539704193187,0.039688836257081264
930,0.78,0.06413655107480194,0.1100117,0.06413655,5.761725e+07,0.4412427,8.983528e+08,0.0,0.0,294514752.8662596,33223989.72743146,0.1128093,0.2349279930339058,0.21986052180978602,0.024802301572285315
931,0.78,0.06413655107480194,0.1100117,0.06413655,5.761725e+07,0.4412427,8.983528e+08,9.248227489944102e-09,0.0,121302375.23600695,17313566.449993346,0.1427306,0.09676025831338107,0.09055439040832407,0.01292488650241749
932,0.78,0.06413655107480194,0.1100117,0.06413655,5.761725e+07,0.4412427,8.983528e+08,0.0,0.0,144209595.073495,17176484.767626625,0.1191078,0.11503284781877446,0.10765503769936573,0.012822552578828281
933,0.78,0.06413655107480194,0.1100117,0.06413655,5.761725e+07,0.4412427,8.983528e+08,0.0009651042098208035,0.0,177894409.64784387,28988551.840585377,0.1629537,0.14190248951466802,0.13294163535243228,0.02164047156264304
934,0.78,0.06413655107480194,0.1100117,0.06413655,5.761725e+07,0.4412427,8.983528e+08,4.409433749255173e-07,0.0,202031757.8361971,30540361.53844208,0.1511661,0.1611563255682576,0.15082037875546345,0.02279892521088929
935,0.78,0.06413655107480194,0.1100117,0.06413655,5.761725e+07,0.4412427,8.983528e+08,0.0,0.0,207496983.22896424,34445391.638941795,0.1660043,0.16551581663111706,0.15490020300406787,0.02571409990833022
936,0.78,0.06413655107480194,0.1100117,0.06413655,5.761725e+07,0.4412427,8.983528e+08,0.031135706319636927,8.311640194428366e-05,69047191.96165046,10965501.761653785,0.1588117,0.055077438648866106,0.056070672338146124,0.008191273662187196
937,0.78,0.06413655107480194,0.1100117,0.06413655,5.761725e+07,0.4412427,8.983528e+08,0.008699862599733838,1.6486661451763145e-05,106854630.91418195,13731921.049474934,0.1285103,0.08523560786935165,0.08103345290681428,0.010252181655407845
938,0.78,0.06413655107480194,0.1100117,0.06413655,5.761725e+07,0.4412427,8.983528e+08,0.0,0.0,362540751.7245099,47633502.81123691,0.131388,0.28919084822320984,0.27064314461577665,0.03555926038266126
939,0.78,0.06413655107480194,0.1100117,0.06413655,5.761725e+07,0.4412427,8.983528e+08,2.895553764075951e-06,0.0,336719842.2346909,57246991.91046616,0.1700137,0.26859407204912145,0.2513677955101164,0.042735901651728816
940,0.78,0.06413655107480194,0.1100117,0.06413655,5.761725e+07,0.4412427,8.983528e+08,0.028549745677192023,5.678336831036199e-05,46834179.77564737,7875098.57706461,0.1681485,0.037358603441771665,0.039112381457706645,0.005882543593328279
941,0.78,0.06413655107480194,0.1100117,0.06413655,5.761725e+07,0.4412427,8.983528e+08,7.464776309412657e-06,0.0,207135892.89193916,35560239.11277651,0.1716759,0.16522778274705638,0.154631727657702,0.026546353454036054
942,0.78,0.06413655107480194,0.1100117,0.06413655,5.761725e+07,0.4412427,8.983528e+08,1.456820692705225e-06,0.0,232775231.7044413,37943546.78660355,0.1630051,0.1856797239531144,0.17377107860947894,0.028325535188401765
943,0.78,0.06413655107480194,0.1100117,0.06413655,5.761725e+07,0.4412427,8.983528e+08,5.460357137313698e-05,2.6628023942546863e-08,147693093.67217028,21362183.752754413,0.144639,0.1178115586526417,0.1102634684710519,0.015947253318039818
944,0.78,0.06413655107480194,0.1100117,0.06413655,5.761725e+07,0.4412427,8.983528e+08,0.0002029020521322214,0.0,59034363.74927282,7549239.784422027,0.1278787,0.04709042403029678,0.04409969934215021,0.0056356422967508745
945,0.78,0.06413655107480194,0.1100117,0.06413655,5.761725e+07,0.4412427,8.983528e+08,0.0,0.0,201325298.30293787,33442224.622451663,0.1661104,0.1605927982111624,0.15029293000644686,0.024965217818175497
946,0.78,0.06413655107480194,0.1100117,0.06413655,5.761725e+07,0.4412427,8.983528e+08,0.015840372332505254,0.0006160848261912681,100335.9694292557,10477.90733774749,0.1044282,8.003581381823134e-05,0.002377369765651047,4.733550084042324e-05
947,0.78,0.06413655107480194,0.1100117,0.06413655,5.761725e+07,0.4412427,8.983528e+08,0.007740432658341627,1.0788589437072507e-06,102132646.2167867,16210396.56829781,0.158719,0.0814689836941626,0.07736894969090599,0.012101419682047993
948,0.78,0.06413655107480194,0.1100117,0.06413655,5.761725e+07,0.4412427,8.983528e+08,0.0,0.0,135750284.0628056,16933437.06305002,0.1247396,0.10828503997943903,0.10134001098216078,0.0126411131275518
949,0.78,0.06413655107480194,0.1100117,0.06413655,5.761725e+07,0.4412427,8.983528e+08,1.2063698165131926e-05,0.0,200511884.80575702,24501756.241253767,0.122196,0.15994395601042496,0.14968745581777518,0.018290998532438475
950,0.78,0.06413655107480194,0.1100117,0.06413655,5.761725e+07,0.4412427,8.983528e+08,0.00488336755686442,3.8206756364796415e-06,31662736.197550017,4161054.7440026402,0.131418,0.025256673889712634,0.024346616697700392,0.0031065467102975746
951,0.78,0.06413655107480194,0.1100117,0.06413655,5.761725e+07,0.4412427,8.983528e+08,0.0,0.0,27556544.59952784,3332834.487412975,0.1209453,0.02198125443534631,0.020571452587565507,0.002488020455263972
952,0.78,0.06413655107480194,0.1100117,0.06413655,5.761725e+07,0.4412427,8.983528e+08,0.0,0.0,232365020.01756248,40592463.15234468,0.1746927,0.18535250703993908,0.17346463650532948,0.030302998553935763
953,0.78,0.06413655107480194,0.1100117,0.06413655,5.761725e+07,0.4412427,8.983528e+08,0.0080200747732464,1.8056476882850024e-07,106230242.20364217,25663121.35874156,0.2415802,0.08473754661702876,0.08046852546139904,0.01915798991054237
954,0.78,0.06413655107480194,0.1100117,0.06413655,5.761725e+07,0.4412427,8.983528e+08,1.119585404927691e-10,0.0,402625792.2578608,48919103.01203999,0.1215002,0.32116581053506127,0.30056734314047284,0.036518983887974706
955,0.78,0.06413655107480194,0.1100117,0.06413655,5.761725e+07,0.4412427,8.983528e+08,0.0,0.0,150752863.30918375,17853707.2859709,0.1184303,0.12025227013814095,0.11253970427256521,0.013328111281118904
956,0.78,0.06413655107480194,0.1100117,0.06413655,5.761725e+07,0.4412427,8.983528e+08,1.6381747057699662e-06,0.0,286516936.13823265,51076989.601592794,0.1782687,0.2285483091155875,0.2138902469307709,0.038129884757856974
957,0.78,0.06413655107480194,0.1100117,0.06413655,5.761725e+07,0.4412427,8.983528e+08,0.0005517063790063931,5.7463700556912226e-08,182162076.40502635,25302171.393305056,0.1388992,0.14530671418064828,0.13606743561238144,0.018888526421017394
958,0.78,0.06413655107480194,0.1100117,0.06413655,5.761725e+07,0.4412427,8.983528e+08,0.0,0.0,60703264.78516345,7068041.189050978,0.1164359,0.04842166997678433,0.0453160710671911,0.005276418953122796
959,0.78,0.06413655107480194,0.1100117,0.06413655,5.761725e+07,0.4412427,8.983528e+08,1.751907403964446e-30,0.0,88040502.4882282,11172296.136484262,0.1268995,0.0702279880853655,0.06572380714064788,0.008340318556117709
960,0.78,0.06413655107480194,0.1100117,0.06413655,5.761725e+07,0.4412427,8.983528e+08,0.0,0.0,99287278.09728147,14570172.003707623,0.1467476,0.07919929562165517,0.07411972595292855,0.010876893562775694
961,0.78,0.06413655107480194,0.1100117,0.06413655,5.761725e+07,0.4412427,8.983528e+08,1.6586752843846877e-05,0.0,12396125.106097274,2591619.1068405076,0.2090669,0.009888118555117292,0.009256339691207297,0.0019346899386765584
962,0.78,0.06413655107480194,0.1100117,0.06413655,5.761725e+07,0.4412427,8.983528e+08,1.1059307659965936e-08,0.0,290248888.2338178,48700100.97026172,0.1677874,0.23152520588351488,0.21667597929878138,0.03635549495333162
963,0.78,0.06413655107480194,0.1100117,0.06413655,5.761725e+07,0.4412427,8.983528e+08,0.0181135684756068,0.00012462159914319632,83277150.00234376,11015604.358160803,0.1322764,0.06642836572780549,0.06480076559853086,0.008231338145301408
964,0.78,0.06413655107480194,0.1100117,0.06413655,5.761725e+07,0.4412427,8.983528e+08,4.601132931066506e-08,0.0,198176109.05450475,24896929.0488985,0.1256303,0.15808075865247073,0.14794201068916044,0.01858600208947001
965,0.78,0.06413655107480194,0.1100117,0.06413655,5.761725e+07,0.4412427,8.983528e+08,0.0,0.0,160480395.19870937,25036177.862460498,0.1560077,0.1280117101041834,0.11980148052091373,0.01868995381519234
966,0.78,0.06413655107480194,0.1100117,0.06413655,5.761725e+07,0.4412427,8.983528e+08,2.0933436834521317e-07,0.0,19160054.012304936,2474662.7503478527,0.1291574,0.01528355707727844,0.014303352865849933,0.0018473799302060378
967,0.78,0.06413655107480194,0.1100117,0.06413655,5.761725e+07,0.4412427,8.983528e+08,0.0,0.0,120658117.4258095,13081844.891785283,0.1084208,0.0962463479137386,0.09007343910500595,0.009765830798461501
968,0.78,0.06413655107480194,0.1100117,0.06413655,5.761725e+07,0.4412427,8.983528e+08,0.011812857967947725,4.271650636705742e-05,84923454.40833358,12726879.498736842,0.149863,0.0677415868356041,0.06511392549413275,0.009503582483753811
969,0.78,0.06413655107480194,0.1100117,0.06413655,5.761725e+07,0.4412427,8.983528e+08,0.00031002097578185234,3.110388359975926e-08,182481672.36698246,36715097.79823915,0.2011988,0.145561648906985,0.1362708896776621,0.027408478078549955
970,0.78,0.06413655107480194,0.1100117,0.06413655,5.761725e+07,0.4412427,8.983528e+08,0.0,0.0,243026326.76083404,36816173.736195445,0.1514905,0.19385679883496845,0.1814234923552919,0.027483931076129765
971,0.78,0.06413655107480194,0.1100117,0.06413655,5.761725e+07,0.4412427,8.983528e+08,6.325689320190193e-05,2.96140929532346e-10,264035180.876449,38494751.297386356,0.145794,0.21061510342001855,0.1971161717475842,0.028737019216889467
972,0.78,0.06413655107480194,0.1100117,0.06413655,5.761725e+07,0.4412427,8.983528e+08,0.0007650440072854648,8.978112849724064e-07,32469510.119504154,4649919.774780574,0.1432088,0.025900219846145066,0.024350271554718476,0.003471305722408428
973,0.78,0.06413655107480194,0.1100117,0.06413655,5.761725e+07,0.4412427,8.983528e+08,0.0,0.0,230129620.084876,28336849.300654586,0.1231343,0.18356937728258993,0.1717958705407355,0.021153963979917593
974,0.78,0.06413655107480194,0.1100117,0.06413655,5.761725e+07,0.4412427,8.983528e+08,0.0,0.0,194844790.7772792,32265715.76013837,0.165597,0.155423438740958,0.1454551154239272,0.024086932944957274
975,0.78,0.06413655107480194,0.1100117,0.06413655,5.761725e+07,0.4412427,8.983528e+08,3.7021886523730767e-06,0.0,299198372.9309151,42497762.81276743,0.1420387,0.2386640145785464,0.22335746594707212,0.03172533877108196
976,0.78,0.06413655107480194,0.1100117,0.06413655,5.761725e+07,0.4412427,8.983528e+08,2.7351488150444607e-08,0.0,360932675.3619563,47945289.61960812,0.1328372,0.2879081207916522,0.2694426908733062,0.035792014802311777
977,0.78,0.06413655107480194,0.1100117,0.06413655,5.761725e+07,0.4412427,8.983528e+08,1.4231273796854795e-11,0.0,427382727.07977587,55894455.17111917,0.1307831,0.3409138773289337,0.3190488370255864,0.04172620882518721
978,0.78,0.06413655107480194,0.1100117,0.06413655,5.761725e+07,0.4412427,8.983528e+08,0.0,0.0,40136741.52438753,5400815.0387399895,0.1345604,0.03201620306445854,0.02996279422139367,0.004031804862266879
979,0.78,0.06413655107480194,0.1100117,0.06413655,5.761725e+07,0.4412427,8.983528e+08,4.822072054583179e-07,0.0,152255460.23059064,21737801.075692154,0.1427719,0.12145085892070476,0.11366148979537787,0.016227656648729234
980,0.78,0.06413655107480194,0.1100117,0.06413655,5.761725e+07,0.4412427,8.983528e+08,0.0,0.0,136080704.73652852,18019743.856273055,0.1324195,0.10854860934219311,0.10158667591501884,0.013452060545564463
981,0.78,0.06413655107480194,0.1100117,0.06413655,5.761725e+07,0.4412427,8.983528e+08,0.006820386813820372,0.0012188220140369602,10653.095267518074,976.5100575092854,0.09166444,8.497741679967769e-06,0.0009993256819529313,7.890002254866879e-05
982,0.78,0.06413655107480194,0.1100117,0.06413655,5.761725e+07,0.4412427,8.983528e+08,7.5661962974183e-08,0.0,231876361.57685268,25303867.830943774,0.1091266,0.18496271486267873,0.17309985525175073,0.018889789156482373
983,0.78,0.06413655107480194,0.1100117,0.06413655,5.761725e+07,0.4412427,8.983528e+08,0.0,0.0,243372948.18725237,32177041.708838265,0.1322129,0.1941332911847014,0.1816822514393144,0.02402073618231604
984,0.78,0.06413655107480194,0.1100117,0.06413655,5.761725e+07,0.4412427,8.983528e+08,0.00011452107465201856,0.0,169313487.55215228,25708815.48623417,0.1518415,0.13505767516597375,0.12641218782209002,0.019192089811819073
985,0.78,0.06413655107480194,0.1100117,0.06413655,5.761725e+07,0.4412427,8.983528e+08,0.0,0.0,45159719.01702384,6082385.78873054,0.1346861,0.03602292262575464,0.033712536608904296,0.004540609597122581
986,0.78,0.06413655107480194,0.1100117,0.06413655,5.761725e+07,0.4412427,8.983528e+08,0.0016289230250527765,1.0422934079675076e-06,114467079.24772777,17321303.795451067,0.1513213,0.09130789182684267,0.08568848962196038,0.012930729418062531
987,0.78,0.06413655107480194,0.1100117,0.06413655,5.761725e+07,0.4412427,8.983528e+08,0.008155725554453251,0.00011324212932378406,34554516.1423164,4927209.80227215,0.1425924,0.027563383662679984,0.026981033561934004,0.003685513056256703
988,0.78,0.06413655107480194,0.1100117,0.06413655,5.761725e+07,0.4412427,8.983528e+08,0.00033044246616166983,0.0,149567717.72265655,17839153.12855171,0.1192714,0.11930690535968363,0.11170300318348998,0.013317246342729424
989,0.78,0.06413655107480194,0.1100117,0.06413655,5.761725e+07,0.4412427,8.983528e+08,0.008594465667904274,0.0002580455861099501,19490606.465984706,2499465.570177918,0.1282395,0.015547231558029105,0.01579932879859511,0.0018824458319964218
990,0.78,0.06413655107480194,0.1100117,0.06413655,5.761725e+07,0.4412427,8.983528e+08,0.0015607082595727236,1.0897409439981836e-07,162386845.87347052,19146850.384698573,0.1179089,0.12953244421505886,0.121451535740081,0.014293472683640073
991,0.78,0.06413655107480194,0.1100117,0.06413655,5.761725e+07,0.4412427,8.983528e+08,6.239885140788491e-12,0.0,477312157.205169,56917127.9473595,0.1192451,0.38074149444668065,0.35632204814271173,0.042489652313286316
992,0.78,0.06413655107480194,0.1100117,0.06413655,5.761725e+07,0.4412427,8.983528e+08,0.018762668451233318,0.0006022714775220821,70168879.14965695,6926913.819587567,0.09871775,0.05597218404727362,0.055109556859537216,0.005209692467255939
993,0.78,0.06413655107480194,0.1100117,0.06413655,5.761725e+07,0.4412427,8.983528e+08,0.0,0.0,317380111.2735197,54289695.75447437,0.1710558,0.25316719058968284,0.23692992013996356,0.040528227266406314
994,0.78,0.06413655107480194,0.1100117,0.06413655,5.761725e+07,0.4412427,8.983528e+08,0.026792993586810462,0.0004890191912559229,59608089.573046274,7959971.667473531,0.1335384,0.04754807260314103,0.04839298163507792,0.00597362498572977
995,0.78,0.06413655107480194,0.1100117,0.06413655,5.761725e+07,0.4412427,8.983528e+08,0.006559853656437039,5.6700083871369415e-06,115837551.67094857,20401930.21134686,0.1761254,0.09240108777971834,0.08742830401989206,0.015230768850241364
996,0.78,0.06413655107480194,0.1100117,0.06413655,5.761725e+07,0.4412427,8.983528e+08,0.0,0.0,29922166.813721668,3095165.270423802,0.1034405,0.023868259665638963,0.022337431810527077,0.0023105961410086803
997,0.78,0.06413655107480194,0.1100117,0.06413655,5.761725e+07,0.4412427,8.983528e+08,0.01581082455468586,9.032693285089865e-06,75591439.67160387,12328499.890381059,0.1630939,0.06029764227348467,0.05872853173469843,0.009204024629133379
998,0.78,0.06413655107480194,0.1100117,0.06413655,5.761725e+07,0.4412427,8.983528e+08,0.00045227064700050233,2.3002146410817125e-06,110934605.07195808,12647768.345920024,0.114011,0.08849011424361061,0.08288040302197598,0.009441932434024974
999,0.78,0.06413655107480194,0.1100117,0.06413655,5.761725e+07,0.4412427,8.983528e+08,0.0016116112129012726,1.948571387719106e-06,84968350.66318385,11883743.541407567,0.1398608,0.06777739959861195,0.06366464566297565,0.008871551722000475
1000,0.78,0.06413655107480194,0.1100117,0.06413655,5.761725e+07,0.4412427,8.983528e+08,0.012923766237374922,3.0136222173364257e-05,81109385.89315762,12650983.89337915,0.1559744,0.06469918759127495,0.06242813060417131,0.009446118203138183
1001,0.78,0.06413655107480194,0.1100117,0.06413655,5.761725e+07,0.4412427,8.983528e+08,0.0037788831064087284,0.0,4556871.455028816,431862.3553036699,0.09477168,0.00363491694397241,0.003951063040885158,0.000322392959479979
1002,0.78,0.06413655107480194,0.1100117,0.06413655,5.761725e+07,0.4412427,8.983528e+08,0.0011409147725130598,0.0,86255683.01039182,11221263.729934365,0.130093,0.06880427652669076,0.06455724446694933,0.008376873738983532
1003,0.78,0.06413655107480194,0.1100117,0.06413655,5.761725e+07,0.4412427,8.983528e+08,3.913645863509926e-05,0.0,192748405.4400785,27389779.54604376,0.1421012,0.153751197893594,0.14389581499195325,0.020446959497416994
1004,0.78,0.06413655107480194,0.1100117,0.06413655,5.761725e+07,0.4412427,8.983528e+08,3.9846965170401445e-11,0.0,397721829.68370706,61196388.75917951,0.1538673,0.317254026577731,0.29690644750423373,0.045684196918914795
1005,0.78,0.06413655107480194,0.1100117,0.06413655,5.761725e+07,0.4412427,8.983528e+08,0.0,0.0,49826999.60109836,9083202.674084833,0.1822948,0.03974591052320865,0.03719674490292238,0.006780772984011427
1006,0.78,0.06413655107480194,0.1100117,0.06413655,5.761725e+07,0.4412427,8.983528e+08,0.008437654344261783,4.5263672917366465e-05,72557149.35450786,8083801.168041991,0.1114129,0.057877255085609966,0.05539165740070854,0.006037604970511687
1007,0.78,0.06413655107480194,0.1100117,0.06413655,5.761725e+07,0.4412427,8.983528e+08,0.00047133672836835444,0.0,133784918.73029917,17613818.277041037,0.1316577,0.1067173109314011,0.09994134151649284,0.013149029852543735
1008,0.78,0.06413655107480194,0.1100117,0.06413655,5.761725e+07,0.4412427,8.983528e+08,0.00018505601538320067,1.7426615020104958e-06,1356185.7199934938,204296.74371248172,0.1506407,0.0010817997613993698,0.0010393155543169993,0.00015262293536062193
1009,0.78,0.06413655107480194,0.1100117,0.06413655,5.761725e+07,0.4412427,8.983528e+08,0.003688796458217751,9.8688919593249e-07,127322583.6332288,17336892.423917852,0.1361651,0.10156244721101991,0.09558476477429353,0.01294236305412527
1010,0.78,0.06413655107480194,0.1100117,0.06413655,5.761725e+07,0.4412427,8.983528e+08,9.261865857880705e-06,4.337861793200191e-11,252527747.58119065,38395090.14466468,0.1520431,0.20143587493412254,0.18851781890569133,0.0286626203706423
1011,0.78,0.06413655107480194,0.1100117,0.06413655,5.761725e+07,0.4412427,8.983528e+08,0.00028730606211238043,7.990957078412589e-19,250463724.67152318,35351971.70642547,0.1411461,0.19978944888916184,0.18701740388488286,0.026390878116414843
1012,0.78,0.06413655107480194,0.1100117,0.06413655,5.761725e+07,0.4412427,8.983528e+08,3.0238048077011504e-10,0.0,393075063.0391313,51883767.1043277,0.1319946,0.31354740220226957,0.2934375532705046,0.03873215856930248
1013,0.78,0.06413655107480194,0.1100117,0.06413655,5.761725e+07,0.4412427,8.983528e+08,0.015654373045887644,0.0001401642970241793,43604255.759557374,6107532.50147988,0.1400673,0.03478216352028288,0.03482678687891239,0.004568371721799472
1014,0.78,0.06413655107480194,0.1100117,0.06413655,5.761725e+07,0.4412427,8.983528e+08,0.0019005362392392052,7.5229860409579045e-06,20159465.489330035,2813115.645127233,0.1395432,0.01608076580868341,0.015325652178625334,0.002100523557882885
1015,0.78,0.06413655107480194,0.1100117,0.06413655,5.761725e+07,0.4412427,8.983528e+08,0.017356201865447722,7.0755925194572565e-06,83617073.40726265,13901848.048702715,0.1662561,0.06669951521191678,0.06494443795146233,0.010378431601009843
1016,0.78,0.06413655107480194,0.1100117,0.06413655,5.761725e+07,0.4412427,8.983528e+08,0.0,0.0,22462480.483639233,3427065.211276609,0.1525684,0.017917830625554368,0.016768642766488852,0.0025583653731926855
1017,0.78,0.06413655107480194,0.1100117,0.06413655,5.761725e+07,0.4412427,8.983528e+08,0.0,0.0,115563506.99515508,18996189.98384274,0.1643788,0.09218248832057672,0.08627022145020173,0.014180995015017355
1018,0.78,0.06413655107480194,0.1100117,0.06413655,5.761725e+07,0.4412427,8.983528e+08,0.0,0.0,31272251.344750244,4579281.634683726,0.1464327,0.02494519264170857,0.023345294019772856,0.0034185155070066303
1019,0.78,0.06413655107480194,0.1100117,0.06413655,5.761725e+07,0.4412427,8.983528e+08,0.0004857999842334946,3.8224482411389416e-07,51532073.59321168,5853506.097050772,0.1135896,0.041106010847702046,0.03854022622898708,0.004369771336319409
1020,0.78,0.06413655107480194,0.1100117,0.06413655,5.761725e+07,0.4412427,8.983528e+08,3.957744616880452e-09,0.0,262929732.30298448,34787316.68955494,0.1323065,0.20973331121015887,0.19628174055891667,0.025969353063956625
1021,0.78,0.06413655107480194,0.1100117,0.06413655,5.761725e+07,0.4412427,8.983528e+08,8.386593779854042e-08,2.0786325493708835e-17,361281616.06149375,55081092.87360142,0.1524603,0.28818646317495344,0.2697031895507462,0.041119019346859575
1022,0.78,0.06413655107480194,0.1100117,0.06413655,5.761725e+07,0.4412427,8.983528e+08,0.02937374648687463,2.0923626603784565e-05,63445831.793366045,12742827.06143469,0.2008458,0.050609355845582286,0.051633048413019134,0.009514089903918168
1023,0.78,0.06413655107480194,0.1100117,0.06413655,5.761725e+07,0.4412427,8.983528e+08,0.0,0.0,375523078.2027574,53466035.483353764,0.1423775,0.29954656682393677,0.2803346831415518,0.03991335016690563
1024,0.78,0.06413655107480194,0.1100117,0.06413655,5.761725e+07,0.4412427,8.983528e+08,0.008908811496685154,0.001548617721721939,6511309.469489516,735476.7857344408,0.1129537,0.005193929508802828,0.006155743371611313,0.0006483695526782146
1025,0.78,0.06413655107480194,0.1100117,0.06413655,5.761725e+07,0.4412427,8.983528e+08,0.001164026881930647,0.0,82614615.34302358,11515679.537073962,0.1393903,0.06589987628435758,0.06184248188495876,0.008596660396041612
1026,0.78,0.06413655107480194,0.1100117,0.06413655,5.761725e+07,0.4412427,8.983528e+08,1.9344496067261635e-07,1.4463271373358678e-12,311867641.9482419,34323247.93633472,0.1100571,0.2487700140725643,0.23281479147718845,0.02562291745345386
1027,0.78,0.06413655107480194,0.1100117,0.06413655,5.761725e+07,0.4412427,8.983528e+08,0.00039486878845072717,0.0,122390995.63878456,17461993.48523229,0.1426738,0.09762862705861823,0.09142445953269883,0.013035689934506111
1028,0.78,0.06413655107480194,0.1100117,0.06413655,5.761725e+07,0.4412427,8.983528e+08,0.00010140305057202465,0.0,198430541.14677313,25026297.249706335,0.1261212,0.1582837135816154,0.1481466814766349,0.018682577761345163
1029,0.78,0.06413655107480194,0.1100117,0.06413655,5.761725e+07,0.4412427,8.983528e+08,0.00046246012455367004,0.0,184763457.5116845,24800997.792970624,0.1342311,0.1473817791359887,0.13799644072608622,0.018514387693990983
1030,0.78,0.06413655107480194,0.1100117,0.06413655,5.761725e+07,0.4412427,8.983528e+08,0.09919819284399299,0.027331088739683436,64110.58960524697,8038.967616385491,0.1253922,5.113961864932616e-05,0.014466749473390203,0.0017589230017504421
1031,0.78,0.06413655107480194,0.1100117,0.06413655,5.761725e+07,0.4412427,8.983528e+08,0.0,0.0,303651680.87769693,41855794.90886785,0.1378415,0.2422163211713998,0.2266814017174397,0.031246098267973473
1032,0.78,0.06413655107480194,0.1100117,0.06413655,5.761725e+07,0.4412427,8.983528e+08,0.00022730160373479012,1.6184388106561056e-10,198653150.07556552,24651362.746416744,0.1240925,0.1584612838675303,0.14833116292038104,0.018402682470265868
1033,0.78,0.06413655107480194,0.1100117,0.06413655,5.761725e+07,0.4412427,8.983528e+08,4.961761220547281e-07,0.0,20353432.747440305,2462285.9127583466,0.1209764,0.01623548925876072,0.015194273094054184,0.0018381403999471937
1034,0.78,0.06413655107480194,0.1100117,0.06413655,5.761725e+07,0.4412427,8.983528e+08,0.01999190764005694,0.0005421408641718736,99853.70188123212,12523.222438652238,0.1254157,7.965111951663888e-05,0.002980453499430157,4.4119854387246176e-05
1035,0.78,0.06413655107480194,0.1100117,0.06413655,5.761725e+07,0.4412427,8.983528e+08,0.09570976230220804,0.009827559624667134,18058175.332051665,1975114.6131325574,0.1093751,0.014404612493350245,0.027392581515283718,0.0021047641057536925
1036,0.78,0.06413655107480194,0.1100117,0.06413655,5.761725e+07,0.4412427,8.983528e+08,0.013608864915646142,0.0012976403051880977,34242.00042612007,4292.0511867491205,0.1253446,2.731409669391853e-05,0.0020036701065777878,8.64302665593134e-05
1037,0.78,0.06413655107480194,0.1100117,0.06413655,5.761725e+07,0.4412427,8.983528e+08,3.042891471035356e-09,0.0,341103227.38691866,48307346.063510135,0.1416209,0.2720906027542407,0.25463965035601727,0.03606229640249036
1038,0.78,0.06413655107480194,0.1100117,0.06413655,5.761725e+07,0.4412427,8.983528e+08,1.028512296668154e-06,0.0,253189073.41400215,31746302.272800766,0.1253858,0.20196340012303707,0.18901031369455126,0.023699181502118877
1039,0.78,0.06413655107480194,0.1100117,0.06413655,5.761725e+07,0.4412427,8.983528e+08,0.0008185853145827864,0.0,181908933.6339308,25025993.17258404,0.1375743,0.1451047877148745,0.1359172520304086,0.018682350762343827
1040,0.78,0.06413655107480194,0.1100117,0.06413655,5.761725e+07,0.4412427,8.983528e+08,0.0,0.0,129345665.76299617,20419062.884740904,0.1578643,0.1031762156890453,0.09655884906180007,0.015243195042065009
1041,0.78,0.06413655107480194,0.1100117,0.06413655,5.761725e+07,0.4412427,8.983528e+08,0.0,0.0,123179612.06701551,17425986.29022043,0.1414681,0.0982576891784435,0.09195577987795826,0.013008809920492656
1042,0.78,0.06413655107480194,0.1100117,0.06413655,5.761725e+07,0.4412427,8.983528e+08,5.429005358930124e-07,0.0,74462124.26069133,10268893.493345328,0.1379076,0.05939681200808733,0.05558738425400984,0.007665912352041876
1043,0.78,0.06413655107480194,0.1100117,0.06413655,5.761725e+07,0.4412427,8.983528e+08,7.291405884074669e-07,0.0,388538718.3466348,52210677.52151265,0.134377,0.30992885900894385,0.2900511968973248,0.03897620303297652
1044,0.78,0.06413655107480194,0.1100117,0.06413655,5.761725e+07,0.4412427,8.983528e+08,1.495050358556095e-05,1.913791866164871e-08,175620405.0273555,18758573.074717414,0.1068132,0.14008856564008454,0.1311059413157848,0.01400361097695652
1045,0.78,0.06413655107480194,0.1100117,0.06413655,5.761725e+07,0.4412427,8.983528e+08,0.0,0.0,429475763.3888489,51061836.47115594,0.1188934,0.3425834467296249,0.3206113260010686,0.03811857267541467
1046,0.78,0.06413655107480194,0.1100117,0.06413655,5.761725e+07,0.4412427,8.983528e+08,0.0015326721170224181,8.533848810344104e-08,203030181.7008894,25351622.04654768,0.1248663,0.16195274650285107,0.15178843647879156,0.01892544400443649
1047,0.78,0.06413655107480194,0.1100117,0.06413655,5.761725e+07,0.4412427,8.983528e+08,0.06676532284076925,0.0018791557165423387,17137685.889478598,2451106.4940805538,0.1430244,0.013670358147012666,0.02249821925450599,0.001950317330878334
1048,0.78,0.06413655107480194,0.1100117,0.06413655,5.761725e+07,0.4412427,8.983528e+08,4.557842765620377e-05,0.0,46623013.96128784,6918187.298927728,0.1483857,0.03719016107858933,0.03481153743624626,0.005164550348385411
1049,0.78,0.06413655107480194,0.1100117,0.06413655,5.761725e+07,0.4412427,8.983528e+08,0.0,0.0,76995264.08052766,11689590.443430517,0.1518222,0.061417442377726776,0.057478339447784,0.008726487992954314
1050,0.78,0.06413655107480194,0.1100117,0.06413655,5.761725e+07,0.4412427,8.983528e+08,0.0,0.0,525118360.3158918,71887000.1341527,0.1368968,0.4188754596965417,0.3920102323817333,0.05366492919970002
1051,0.78,0.06413655107480194,0.1100117,0.06413655,5.761725e+07,0.4412427,8.983528e+08,1.8772817319834538e-10,0.0,352854783.5192716,41753416.63404693,0.1183303,0.28146456270134274,0.26341239642718844,0.031169671057774146
1052,0.78,0.06413655107480194,0.1100117,0.06413655,5.761725e+07,0.4412427,8.983528e+08,0.00036201196530781944,7.289229947215843e-10,229451323.39770356,31690636.201099437,0.1381149,0.183028314813399,0.17134212996954343,0.023657625832382463
1053,0.78,0.06413655107480194,0.1100117,0.06413655,5.761725e+07,0.4412427,8.983528e+08,0.0,0.0,139914141.8216956,18036764.38275111,0.1289131,0.11160645847224673,0.10444840514816374,0.01346476667249537
1054,0.78,0.06413655107480194,0.1100117,0.06413655,5.761725e+07,0.4412427,8.983528e+08,3.624551615918407e-05,0.0,208745923.1530437,35180309.78415834,0.1685317,0.1665120687608606,0.1558378274019908,0.026262729426282293
1055,0.78,0.06413655107480194,0.1100117,0.06413655,5.761725e+07,0.4412427,8.983528e+08,0.01853992811699854,1.0531889285368481e-05,70305395.75742331,9046877.614596834,0.1286797,0.05608108036695276,0.055179092666254335,0.006754331157545877
1056,0.78,0.06413655107480194,0.1100117,0.06413655,5.761725e+07,0.4412427,8.983528e+08,0.0,0.0,305033468.39448684,40888434.40182827,0.1340457,0.24331854292755803,0.22771293077163834,0.030523946376477287
1057,0.78,0.06413655107480194,0.1100117,0.06413655,5.761725e+07,0.4412427,8.983528e+08,8.732221697657035e-09,0.0,45753668.16029964,6214162.927811067,0.1358178,0.03649670289936068,0.034155931519060455,0.004638983584431807
1058,0.78,0.06413655107480194,0.1100117,0.06413655,5.761725e+07,0.4412427,8.983528e+08,0.05551682348914155,0.003939504227708371,21234486.48986791,2160998.0434314185,0.1017683,0.016938286607447433,0.023921535636972337,0.001865889839869954
1059,0.78,0.06413655107480194,0.1100117,0.06413655,5.761725e+07,0.4412427,8.983528e+08,6.156257484496699e-05,0.0,194757460.7320953,31302519.107442725,0.1607256,0.15535377746916448,0.14539887037447902,0.023367889445077766
1060,0.78,0.06413655107480194,0.1100117,0.06413655,5.761725e+07,0.4412427,8.983528e+08,1.5305598581199493e-09,0.0,194740715.64115715,22657917.065994117,0.1163492,0.15534042027544503,0.14537742169894133,0.016914539664892373
1061,0.78,0.06413655107480194,0.1100117,0.06413655,5.761725e+07,0.4412427,8.983528e+08,0.05067340839815947,0.016364769972441368,1332421.4196514026,110655.22326682629,0.08304822,0.0010628434974740866,0.008360277197046373,0.0011321860051705659
1062,0.78,0.06413655107480194,0.1100117,0.06413655,5.761725e+07,0.4412427,8.983528e+08,0.0,0.0,112804141.21136671,17382032.337814607,0.1540904,0.08998140243498713,0.08421030562193328,0.012975997510188936
1063,0.78,0.06413655107480194,0.1100117,0.06413655,5.761725e+07,0.4412427,8.983528e+08,0.06091790394076406,0.0003944760719061936,22147668.64377181,4372138.469808064,0.1974085,0.017666712089034232,0.025388313009515693,0.0032891797704546095
1064,0.78,0.06413655107480194,0.1100117,0.06413655,5.761725e+07,0.4412427,8.983528e+08,0.00014237728557578918,0.0,72876021.59378012,9928074.236656757,0.1362324,0.05813161251415099,0.05442394653821315,0.007411484691324996
1065,0.78,0.06413655107480194,0.1100117,0.06413655,5.761725e+07,0.4412427,8.983528e+08,3.756244551152232e-06,0.0,226838170.24209774,28934590.52625449,0.1275561,0.1809438595514398,0.16933929044816756,0.02160018847797285
1066,0.78,0.06413655107480194,0.1100117,0.06413655,5.761725e+07,0.4412427,8.983528e+08,0.01633715947601303,0.004741206625380144,267646.3099432407,24378.600755230942,0.09108514,0.00021349562229383204,0.0025744800993017804,0.00032228370164796627
1067,0.78,0.06413655107480194,0.1100117,0.06413655,5.761725e+07,0.4412427,8.983528e+08,4.1204225736844885e-09,0.0,276291851.19811416,29814436.463421583,0.1079092,0.22039198193603163,0.2062568009290359,0.022257009180416988
1068,0.78,0.06413655107480194,0.1100117,0.06413655,5.761725e+07,0.4412427,8.983528e+08,0.0,0.0,432471693.0336065,61430863.770806886,0.142046,0.34497323444607686,0.3228478409755865,0.04585923670183243
1069,0.78,0.06413655107480194,0.1100117,0.06413655,5.761725e+07,0.4412427,8.983528e+08,0.0,0.0,250780038.29712456,36046197.022098206,0.1437363,0.200041765367398,0.18721177646581835,0.026909129710509624
1070,0.78,0.06413655107480194,0.1100117,0.06413655,5.761725e+07,0.4412427,8.983528e+08,0.0,0.0,366226967.7241373,50040546.37988719,0.1366381,0.2921312623052005,0.27339497067981666,0.037356161386335796
1071,0.78,0.06413655107480194,0.1100117,0.06413655,5.761725e+07,0.4412427,8.983528e+08,0.0,0.0,74859051.26510434,8370618.499580389,0.1118184,0.05971343201988706,0.055883618437291865,0.006248816173986746
1072,0.78,0.06413655107480194,0.1100117,0.06413655,5.761725e+07,0.4412427,8.983528e+08,0.0,0.0,502834698.2632678,79690190.0173215,0.1584819,0.40110026863218773,0.3753750807669427,0.059490149779646326
1073,0.78,0.06413655107480194,0.1100117,0.06413655,5.761725e+07,0.4412427,8.983528e+08,0.010204413531526383,0.00026209889855497055,37130727.85322171,4300090.526635385,0.1158095,0.02961837154014045,0.0292020073329315,0.0032269044790631056
1074,0.78,0.06413655107480194,0.1100117,0.06413655,5.761725e+07,0.4412427,8.983528e+08,0.018902255733523735,0.0005389769922524002,57623179.109610416,6653092.899702386,0.1154586,0.04596475283057011,0.04576425738618772,0.00500122077128412
1075,0.78,0.06413655107480194,0.1100117,0.06413655,5.761725e+07,0.4412427,8.983528e+08,0.013064816323724079,0.00028335290522584703,37871440.14981453,4314198.015198528,0.1139169,0.030209221579266022,0.03017073430380299,0.003238799129860309
1076,0.78,0.06413655107480194,0.1100117,0.06413655,5.761725e+07,0.4412427,8.983528e+08,0.008684040392638249,4.37555614537854e-06,38258342.35342279,5919724.217514773,0.1547303,0.030517845026171445,0.029822798828148082,0.004419460462838499
1077,0.78,0.06413655107480194,0.1100117,0.06413655,5.761725e+07,0.4412427,8.983528e+08,0.05161769512372538,0.0005761287338194443,20464641.17006434,4032364.772235604,0.1970406,0.016324197791291843,0.022780077053803343,0.0030471832135158684
1078,0.78,0.06413655107480194,0.1100117,0.06413655,5.761725e+07,0.4412427,8.983528e+08,0.0,0.0,94986125.16303341,13538761.609660326,0.1425341,0.07576835976278617,0.07090883848700628,0.010106927286966579
1079,0.78,0.06413655107480194,0.1100117,0.06413655,5.761725e+07,0.4412427,8.983528e+08,0.0035801818039639987,1.0364366747548039e-05,84252119.00224781,9729415.882752318,0.1154798,0.06720607722846415,0.06341610625637933,0.007263847417669704
1080,0.78,0.06413655107480194,0.1100117,0.06413655,5.761725e+07,0.4412427,8.983528e+08,9.963205137699619e-05,0.0,99610236.59561597,13399532.46101734,0.1345196,0.07945691256990164,0.07437530219161871,0.01000299024145742
1081,0.78,0.06413655107480194,0.1100117,0.06413655,5.761725e+07,0.4412427,8.983528e+08,0.009436261369423929,5.648946196337792e-05,63759718.304006994,7919250.543813607,0.1242046,0.050859736267166056,0.04896936992080714,0.005915484974735448
1082,0.78,0.06413655107480194,0.1100117,0.06413655,5.761725e+07,0.4412427,8.983528e+08,0.0,0.0,260797670.74362516,42334141.06008919,0.1623256,0.20803261221871489,0.19469011795992486,0.03160319221111114
1083,0.78,0.06413655107480194,0.1100117,0.06413655,5.761725e+07,0.4412427,8.983528e+08,9.958786134596829e-06,9.271852883956924e-10,349823423.4587005,41260985.81671193,0.117948,0.2790465129151695,0.2611508795403193,0.03080206271935619
1084,0.78,0.06413655107480194,0.1100117,0.06413655,5.761725e+07,0.4412427,8.983528e+08,0.0,0.0,318231429.73505014,39088389.40696676,0.1228301,0.25384626875352234,0.23756544457246417,0.029180180646578315
1085,0.78,0.06413655107480194,0.1100117,0.06413655,5.761725e+07,0.4412427,8.983528e+08,0.05157534012124456,0.006124228126553568,5119000.471902572,670152.7184419999,0.1309148,0.00408331499695634,0.011318125779754834,0.0008930678404591164
1086,0.78,0.06413655107480194,0.1100117,0.06413655,5.761725e+07,0.4412427,8.983528e+08,4.753950490769125e-05,2.3801069609518843e-06,54809792.51752699,5268034.641253534,0.09611484,0.04372057572475702,0.04092339886104799,0.003932834576495315
1087,0.78,0.06413655107480194,0.1100117,0.06413655,5.761725e+07,0.4412427,8.983528e+08,2.983929713703495e-08,0.0,216294743.69820216,29494974.54682052,0.1363647,0.1725335982197007,0.16146789262263547,0.022018525155427723
1088,0.78,0.06413655107480194,0.1100117,0.06413655,5.761725e+07,0.4412427,8.983528e+08,0.00872200917527018,1.378768000626872e-05,86905452.23261166,9583586.440975225,0.110276,0.06932258325946292,0.06614425391387202,0.007155202694988113
1089,0.78,0.06413655107480194,0.1100117,0.06413655,5.761725e+07,0.4412427,8.983528e+08,0.0,0.0,348634799.52107674,51709703.90271177,0.1483205,0.27809837353192846,0.26026210299407865,0.038602217281259295
1090,0.78,0.06413655107480194,0.1100117,0.06413655,5.761725e+07,0.4412427,8.983528e+08,0.0,0.0,166956448.84779638,17789022.875469357,0.1065489,0.13317751681421533,0.12463597020504513,0.013279823213687912
1091,0.78,0.06413655107480194,0.1100117,0.06413655,5.761725e+07,0.4412427,8.983528e+08,0.03168996987599545,0.0015695917682387065,13053446.784823583,1756049.393371502,0.1345276,0.010412449717675298,0.01435090637496393,0.0014115904304204613
1092,0.78,0.06413655107480194,0.1100117,0.06413655,5.761725e+07,0.4412427,8.983528e+08,4.874615360519392e-05,0.0,165656915.68281537,20710884.68854843,0.1250228,0.13214090755998004,0.12367293095911872,0.015461045229317705
1093,0.78,0.06413655107480194,0.1100117,0.06413655,5.761725e+07,0.4412427,8.983528e+08,0.0,0.0,155796252.19730496,23687930.565135594,0.1520443,0.12427527142430694,0.11630468413126702,0.01768346313371162
1094,0.78,0.06413655107480194,0.1100117,0.06413655,5.761725e+07,0.4412427,8.983528e+08,7.468219148053313e-06,0.0,291541651.6990445,42928223.77151768,0.1472456,0.2325564150959484,0.2176421342395843,0.03204668556301176
1095,0.78,0.06413655107480194,0.1100117,0.06413655,5.761725e+07,0.4412427,8.983528e+08,0.0030982120077385536,2.5022138883653248e-09,178048879.24213135,20814159.102861278,0.1169014,0.14202570654002092,0.1333670061802219,0.01553814158413241
1096,0.78,0.06413655107480194,0.1100117,0.06413655,5.761725e+07,0.4412427,8.983528e+08,5.290597823367365e-07,0.0,81664099.00800109,11806234.804032125,0.1445707,0.06514167014099952,0.06096378498804914,0.008813565090921233
1097,0.78,0.06413655107480194,0.1100117,0.06413655,5.761725e+07,0.4412427,8.983528e+08,2.24839551036838e-06,0.0,151351231.72208962,16540625.184687505,0.1092864,0.1207295755667172,0.11298672379123237,0.012347872046385712
1098,0.78,0.06413655107480194,0.1100117,0.06413655,5.761725e+07,0.4412427,8.983528e+08,0.0,0.0,319766868.04108995,46328782.62958094,0.144883,0.2550710543921186,0.23871167668439489,0.03458526347023866
1099,0.78,0.06413655107480194,0.1100117,0.06413655,5.761725e+07,0.4412427,8.983528e+08,1.0245943324440219e-07,0.0,403180146.22326565,66510884.18717998,0.1649657,0.3216080065991141,0.3009811931507301,0.049651562650459335
1100,0.78,0.06413655107480194,0.1100117,0.06413655,5.761725e+07,0.4412427,8.983528e+08,0.02577009965683891,0.0077872003745668395,138737.28368206567,17399.40893885275,0.1254126,0.00011066770440937496,0.003849366186574677,0.0005124331440062598
1101,0.78,0.06413655107480194,0.1100117,0.06413655,5.761725e+07,0.4412427,8.983528e+08,2.4712647075501135e-05,0.0,162507251.0191484,30404881.60475058,0.1870986,0.1296284887729283,0.12131815667297847,0.02269778702128663
1102,0.78,0.06413655107480194,0.1100117,0.06413655,5.761725e+07,0.4412427,8.983528e+08,4.769275536420201e-05,1.0973896489901319e-08,212709947.98699677,33655477.8977717,0.1582224,0.1696740848891326,0.15879870662747403,0.025124415899836595
1103,0.78,0.06413655107480194,0.1100117,0.06413655,5.761725e+07,0.4412427,8.983528e+08,0.0,0.0,249713806.64064935,28275303.914300244,0.1132308,0.19919125563663864,0.1864158154958455,0.02110801925006226
1104,0.78,0.06413655107480194,0.1100117,0.06413655,5.761725e+07,0.4412427,8.983528e+08,2.797375149412157e-10,0.0,194858273.6523794,24320869.91286021,0.1248131,0.15543419373627415,0.14546518067159803,0.018155963658423445
1105,0.78,0.06413655107480194,0.1100117,0.06413655,5.761725e+07,0.4412427,8.983528e+08,0.0009049907549655386,5.61623615336195e-07,68459035.00220524,9735529.008933816,0.1422096,0.054608278673935626,0.051237436371099815,0.007267782261383349
1106,0.78,0.06413655107480194,0.1100117,0.06413655,5.761725e+07,0.4412427,8.983528e+08,0.014432345804009313,2.455053938471148e-05,73341361.09900898,10447526.15741846,0.1424507,0.058502803685319425,0.05684844000757647,0.007800839412323905
1107,0.78,0.06413655107480194,0.1100117,0.06413655,5.761725e+07,0.4412427,8.983528e+08,0.007094334386995291,4.877057833519329e-05,74312863.71850643,10277568.410365762,0.1383013,0.059277750129952574,0.05650707211126511,0.007675516309183515
1108,0.78,0.06413655107480194,0.1100117,0.06413655,5.761725e+07,0.4412427,8.983528e+08,0.0,0.0,220006025.0296032,33106897.48374154,0.1504818,0.1754940063700054,0.16423842606713396,0.02471489012159566
1109,0.78,0.06413655107480194,0.1100117,0.06413655,5.761725e+07,0.4412427,8.983528e+08,1.4027554408756894e-05,0.0,207620638.33339295,26070915.978201624,0.12557,0.16561445361017876,0.154994552713669,0.019462404294665017
1110,0.78,0.06413655107480194,0.1100117,0.06413655,5.761725e+07,0.4412427,8.983528e+08,2.830591131774665e-12,0.0,428315120.5526459,52814205.59082181,0.1233069,0.34165762726053306,0.3197448854000537,0.03942674751318943
1111,0.78,0.06413655107480194,0.1100117,0.06413655,5.761725e+07,0.4412427,8.983528e+08,5.099908256889522e-09,0.0,310795965.1530982,46523641.31371433,0.1496919,0.24791516087348386,0.23201473823719784,0.034730728957301005
1112,0.78,0.06413655107480194,0.1100117,0.06413655,5.761725e+07,0.4412427,8.983528e+08,0.023554235327303524,8.832310474972868e-05,30562888.19000593,4694039.838897739,0.1535863,0.02437934912910206,0.026239452545439246,0.003509849294870254
1113,0.78,0.06413655107480194,0.1100117,0.06413655,5.761725e+07,0.4412427,8.983528e+08,9.348061538133324e-06,0.0,161189684.2112026,27250264.670238215,0.1690571,0.12857749447513375,0.12033233621515571,0.020342809151479097
1114,0.78,0.06413655107480194,0.1100117,0.06413655,5.761725e+07,0.4412427,8.983528e+08,6.213021027412895e-11,0.0,374456609.0863818,57618297.90742781,0.1538718,0.29869586767659545,0.27953854491255414,0.043013088208424546
1115,0.78,0.06413655107480194,0.1100117,0.06413655,5.761725e+07,0.4412427,8.983528e+08,7.556443245342296e-18,0.0,219968239.63292134,34826611.18463306,0.1583256,0.17546386578342332,0.16421021859382262,0.025998687106166898
1116,0.78,0.06413655107480194,0.1100117,0.06413655,5.761725e+07,0.4412427,8.983528e+08,1.9420229596992013e-06,0.0,362640765.9168906,62524822.15823801,0.1724153,0.28927062736249654,0.27071808927772506,0.04667589617154674
1117,0.78,0.06413655107480194,0.1100117,0.06413655,5.761725e+07,0.4412427,8.983528e+08,0.003407209303499405,0.0,82271357.98538049,16426230.866455156,0.1996592,0.0656260673788939,0.06191229048222758,0.012262474645223741
1118,0.78,0.06413655107480194,0.1100117,0.06413655,5.761725e+07,0.4412427,8.983528e+08,0.0,0.0,78357670.16513382,8471098.686861195,0.1081081,0.0625042039882701,0.05849539991678658,0.006323826427945517
1119,0.78,0.06413655107480194,0.1100117,0.06413655,5.761725e+07,0.4412427,8.983528e+08,1.639316047316322e-10,1.672099225852886e-22,491264593.3998098,53796045.85533265,0.1095052,0.39187104840362297,0.36673779091677605,0.040159708802185494
1120,0.78,0.06413655107480194,0.1100117,0.06413655,5.761725e+07,0.4412427,8.983528e+08,5.286483264270298e-07,0.0,381510433.3281459,73093012.15745035,0.1915885,0.30432254938338277,0.28480442749298035,0.05456523870939547
1121,0.78,0.06413655107480194,0.1100117,0.06413655,5.761725e+07,0.4412427,8.983528e+08,0.04860966736442038,0.014241123044191461,1187660.196227635,108774.86289642494,0.09158753,0.0009473706277549865,0.007952236603027346,0.0009945788929001853
1122,0.78,0.06413655107480194,0.1100117,0.06413655,5.761725e+07,0.4412427,8.983528e+08,0.0,0.0,156312106.21753165,20753232.067917015,0.1327679,0.12468675692203127,0.11668977836835001,0.015492658304162488
1123,0.78,0.06413655107480194,0.1100117,0.06413655,5.761725e+07,0.4412427,8.983528e+08,0.0,0.0,403990867.89060694,54362622.53384194,0.134564,0.32225470158591524,0.3015863964585552,0.04058266840936984
1124,0.78,0.06413655107480194,0.1100117,0.06413655,5.761725e+07,0.4412427,8.983528e+08,7.661617034950457e-08,0.0,230081608.31545955,23314409.08193326,0.101331,0.18353107934158275,0.17176004003407216,0.017404622676977958
1125,0.78,0.06413655107480194,0.1100117,0.06413655,5.761725e+07,0.4412427,8.983528e+08,0.03212702107840335,0.0010310252096530712,4127645.205979862,683043.481648693,0.1654802,0.00329253252938815,0.007751163416618439,0.0005760305563536223
1126,0.78,0.06413655107480194,0.1100117,0.06413655,5.761725e+07,0.4412427,8.983528e+08,0.0011325661257114018,0.0,189412937.73774996,28260986.44673956,0.149203,0.1510905680762032,0.14156476356353279,0.021097331004878442
1127,0.78,0.06413655107480194,0.1100117,0.06413655,5.761725e+07,0.4412427,8.983528e+08,5.924399852712727e-06,0.0,229391151.04521477,34467383.16254373,0.1502559,0.18298031664057832,0.1712454513540218,0.02573051697337521
1128,0.78,0.06413655107480194,0.1100117,0.06413655,5.761725e+07,0.4412427,8.983528e+08,0.0,0.0,367082933.186402,45926719.112181365,0.1251127,0.29281404728014365,0.2740339641813413,0.03428511587533604
1129,0.78,0.06413655107480194,0.1100117,0.06413655,5.761725e+07,0.4412427,8.983528e+08,3.241427300167004e-05,0.0,145982885.7768147,19889345.95253981,0.1362444,0.11644736312553657,0.10898354242879685,0.014847751893659812
1130,0.78,0.06413655107480194,0.1100117,0.06413655,5.761725e+07,0.4412427,8.983528e+08,0.06888292566108682,0.012566143187118283,1584402.2328901128,165602.33879060135,0.1045204,0.0012638430948154916,0.011195218090004507,0.0009295741872025232
1131,0.78,0.06413655107480194,0.1100117,0.06413655,5.761725e+07,0.4412427,8.983528e+08,0.00019921476870631274,6.145266230135845e-08,86626570.38219148,8531198.203472925,0.09848247,0.06910012529165258,0.06469723831169566,0.006368695731582652
1132,0.78,0.06413655107480194,0.1100117,0.06413655,5.761725e+07,0.4412427,8.983528e+08,0.0,0.0,58423479.354999565,8338987.600979883,0.1427335,0.04660313487644063,0.043614170536191925,0.00622520314338662
1133,0.78,0.06413655107480194,0.1100117,0.06413655,5.761725e+07,0.4412427,8.983528e+08,0.0,0.0,52004077.85565695,6487003.856533923,0.1247403,0.04148251835029928,0.038821972693413906,0.004842664209515176
1134,0.78,0.06413655107480194,0.1100117,0.06413655,5.761725e+07,0.4412427,8.983528e+08,9.2980809538361e-05,0.0,237647171.110975,37120680.237124376,0.1562008,0.18956596372827267,0.1774213717795763,0.02771125061627894
1135,0.78,0.06413655107480194,0.1100117,0.06413655,5.761725e+07,0.4412427,8.983528e+08,0.00032149592729301563,7.560778576520942e-08,97613026.52746269,13017795.625809671,0.1333613,0.0778637816709839,0.07291659809552385,0.009718021726982743
1136,0.78,0.06413655107480194,0.1100117,0.06413655,5.761725e+07,0.4412427,8.983528e+08,0.009033095332361643,3.9040774223146625e-05,45277597.34402234,7115549.245299508,0.1571539,0.036116951595490256,0.035113534670165994,0.005314388506016411
1137,0.78,0.06413655107480194,0.1100117,0.06413655,5.761725e+07,0.4412427,8.983528e+08,0.0,0.0,110770832.0753617,17902664.574060284,0.1616189,0.08835947609720507,0.08269240404555395,0.01336465877084894
1138,0.78,0.06413655107480194,0.1100117,0.06413655,5.761725e+07,0.4412427,8.983528e+08,4.260688824807046e-10,0.0,455674624.60990787,56724632.22213866,0.1244849,0.36348170675407987,0.34016924376602165,0.0423459508172447
1139,0.78,0.06413655107480194,0.1100117,0.06413655,5.761725e+07,0.4412427,8.983528e+08,0.0,0.0,62195938.77768303,9384619.91856128,0.150888,0.049612343455459854,0.04643037885548813,0.007005786339057695
1140,0.78,0.06413655107480194,0.1100117,0.06413655,5.761725e+07,0.4412427,8.983528e+08,0.0012377783884881537,7.994040485104217e-07,34490882.12199259,5368942.7145741405,0.1556627,0.02751262419294931,0.025927975850922123,0.004008062874189965
1141,0.78,0.06413655107480194,0.1100117,0.06413655,5.761725e+07,0.4412427,8.983528e+08,0.0,0.0,462048423.32614607,66644049.87237951,0.1442361,0.36856594693503913,0.3449273982550073,0.04975097321223999
1142,0.78,0.06413655107480194,0.1100117,0.06413655,5.761725e+07,0.4412427,8.983528e+08,3.6211419353982566e-07,0.0,338812076.52267224,48831018.55098283,0.1441242,0.27026300169508516,0.2529293175181157,0.036453227264977434
1143,0.78,0.06413655107480194,0.1100117,0.06413655,5.761725e+07,0.4412427,8.983528e+08,0.0,0.0,236350297.17975605,27907414.12333619,0.1180765,0.18853147568679376,0.17643971706719996,0.020833382952142813
1144,0.78,0.06413655107480194,0.1100117,0.06413655,5.761725e+07,0.4412427,8.983528e+08,0.0,0.0,393214729.78374666,57426492.1195899,0.1460436,0.3136588113173877,0.29354181694526843,0.04286990176295867
1145,0.78,0.06413655107480194,0.1100117,0.06413655,5.761725e+07,0.4412427,8.983528e+08,0.01314884175934645,8.665601418323387e-05,84904225.98055913,9837473.06935915,0.1158655,0.06772624873826845,0.0652937621976147,0.0073494071200610415
1146,0.78,0.06413655107480194,0.1100117,0.06413655,5.761725e+07,0.4412427,8.983528e+08,5.882737935632706e-06,0.0,224567135.5577559,34456493.898369946,0.1534352,0.1791323047301263,0.16764423160025968,0.02572238794323301
1147,0.78,0.06413655107480194,0.1100117,0.06413655,5.761725e+07,0.4412427,8.983528e+08,0.057435104505531596,0.007844088864420997,5782397.7994113425,588849.6311238492,0.1018349,0.004612492571997766,0.012665106028482538,0.0009426795701006182
1148,0.78,0.06413655107480194,0.1100117,0.06413655,5.761725e+07,0.4412427,8.983528e+08,4.978049967199712e-06,0.0,187993355.10973778,26901965.7834972,0.1431006,0.14995819798438595,0.14034111994153914,0.020082797813373323
1149,0.78,0.06413655107480194,0.1100117,0.06413655,5.761725e+07,0.4412427,8.983528e+08,0.0,0.0,129966901.50049026,21564862.187816065,0.1659258,0.10367176188355699,0.09702261263249753,0.016098554680968363
1150,0.78,0.06413655107480194,0.1100117,0.06413655,5.761725e+07,0.4412427,8.983528e+08,0.0068139549102818366,1.4966488780080935e-08,130949031.85733737,19432067.231777266,0.1483941,0.10445518584241226,0.09874622853150021,0.014506386123434342
1151,0.78,0.06413655107480194,0.1100117,0.06413655,5.761725e+07,0.4412427,8.983528e+08,0.017700480276763585,0.000145436110800663,42048577.52556448,4203247.843921708,0.09996171,0.033541232932726046,0.033962855905152314,0.003147127338368899
1152,0.78,0.06413655107480194,0.1100117,0.06413655,5.761725e+07,0.4412427,8.983528e+08,3.576737102446841e-07,0.0,102217054.10282241,16485485.944712436,0.1612792,0.08153631402335534,0.07630690804397836,0.012306709619189345
1153,0.78,0.06413655107480194,0.1100117,0.06413655,5.761725e+07,0.4412427,8.983528e+08,0.0,0.0,603572527.6089722,77849515.07304738,0.1289812,0.48145663733853,0.4505776691275651,0.05811605306703078
1154,0.78,0.06413655107480194,0.1100117,0.06413655,5.761725e+07,0.4412427,8.983528e+08,6.424913161273013e-22,0.0,53733520.22089487,8041898.711492357,0.1496626,0.04286205679439772,0.04011303229963277,0.006003420982625802
1155,0.78,0.06413655107480194,0.1100117,0.06413655,5.761725e+07,0.4412427,8.983528e+08,0.000262569110082125,2.5917002830145347e-08,237449180.94970262,25339536.98973586,0.1067156,0.18940803129610925,0.17729821898770032,0.018916418482649036
1156,0.78,0.06413655107480194,0.1100117,0.06413655,5.761725e+07,0.4412427,8.983528e+08,0.0,0.0,243669058.15099433,39543586.63012433,0.162284,0.19436949164264866,0.18190330281452666,0.029519993501573857
1157,0.78,0.06413655107480194,0.1100117,0.06413655,5.761725e+07,0.4412427,8.983528e+08,0.0,0.0,141119308.83808166,16144732.860114096,0.1144048,0.1125677939085018,0.10534808384511139,0.012052331357119375
1158,0.78,0.06413655107480194,0.1100117,0.06413655,5.761725e+07,0.4412427,8.983528e+08,0.0,0.0,256471574.25910395,36807936.499483906,0.1435166,0.2045817794339779,0.19146060968833672,0.02747778183184219
1159,0.78,0.06413655107480194,0.1100117,0.06413655,5.761725e+07,0.4412427,8.983528e+08,6.587475196511261e-05,0.0,236296138.5195868,41209784.61757781,0.1743989,0.1884882745051377,0.17640886184270954,0.030763840050497978
1160,0.78,0.06413655107480194,0.1100117,0.06413655,5.761725e+07,0.4412427,8.983528e+08,0.0,0.0,25071856.735784512,3592647.7969855345,0.143294,0.019999273134022524,0.018716588731203375,0.0026819757300331447
1161,0.78,0.06413655107480194,0.1100117,0.06413655,5.761725e+07,0.4412427,8.983528e+08,2.8668780403744356e-09,0.0,391179349.1530247,44866796.188382074,0.1146962,0.312035232593463,0.2920223693778079,0.03349386448695317
1162,0.78,0.06413655107480194,0.1100117,0.06413655,5.761725e+07,0.4412427,8.983528e+08,0.00010651937057753051,0.0,167588179.29168943,24915110.196245734,0.1486687,0.13368143440706204,0.1251230513163337,0.01859957464060356
1163,0.78,0.06413655107480194,0.1100117,0.06413655,5.761725e+07,0.4412427,8.983528e+08,0.06510661318261145,0.0007685708967749436,25028766.791470423,4092600.3891863474,0.1635159,0.019964901225521733,0.028147951369591858,0.0031044927537377813
1164,0.78,0.06413655107480194,0.1100117,0.06413655,5.761725e+07,0.4412427,8.983528e+08,0.0063673667979163824,0.0,118549947.99859521,17268294.35367179,0.1456626,0.09456470715486022,0.08942517750646242,0.012891090074144166
1165,0.78,0.06413655107480194,0.1100117,0.06413655,5.761725e+07,0.4412427,8.983528e+08,1.4309126764522551e-08,0.0,347472528.59952825,55967554.65684072,0.1610704,0.2771712553746759,0.25939444907776504,0.0417807788965278
1166,0.78,0.06413655107480194,0.1100117,0.06413655,5.761725e+07,0.4412427,8.983528e+08,0.00047520363598022714,3.259778722092331e-05,8335691.752882884,1238973.0006852855,0.1486347,0.006649199454342183,0.006291815654020021,0.0009270061775047977
1167,0.78,0.06413655107480194,0.1100117,0.06413655,5.761725e+07,0.4412427,8.983528e+08,0.07920952541652838,0.0031343671317014196,20324487.81301504,2822717.56288646,0.1388826,0.016212400516051412,0.026686042886829943,0.0023082365601911226
1168,0.78,0.06413655107480194,0.1100117,0.06413655,5.761725e+07,0.4412427,8.983528e+08,0.0,0.0,371378488.0387934,49760345.341470174,0.1339882,0.296240517671247,0.2772406725791994,0.03714698630794513
1169,0.78,0.06413655107480194,0.1100117,0.06413655,5.761725e+07,0.4412427,8.983528e+08,0.054384032949988274,0.0011680705089338133,38678427.46044992,4854097.333603366,0.1254988,0.03085293775119406,0.036779093003808105,0.003698586347158195
1170,0.78,0.06413655107480194,0.1100117,0.06413655,5.761725e+07,0.4412427,8.983528e+08,0.02911450783267679,0.00014993834482080137,63457344.47575287,9746289.83387525,0.1535881,0.050618539261154005,0.051603961367478884,0.007285395917054197
1171,0.78,0.06413655107480194,0.1100117,0.06413655,5.761725e+07,0.4412427,8.983528e+08,0.00018420635129162442,4.818891141447279e-10,171665932.0196532,30222414.49577625,0.1760537,0.13693416879522388,0.12817845868059105,0.022561572097248662
1172,0.78,0.06413655107480194,0.1100117,0.06413655,5.761725e+07,0.4412427,8.983528e+08,0.0,0.0,91850471.56673394,12306477.757551337,0.1339838,0.07326711729849883,0.06856801708778015,0.009187005387959074
1173,0.78,0.06413655107480194,0.1100117,0.06413655,5.761725e+07,0.4412427,8.983528e+08,0.0,0.0,299617377.39994824,44746359.57621966,0.149345,0.23899824530221714,0.22366972213560346,0.03340395640548244
1174,0.78,0.06413655107480194,0.1100117,0.06413655,5.761725e+07,0.4412427,8.983528e+08,5.373234477804136e-11,0.0,471971512.5281331,79631532.99420191,0.1687211,0.37648137870282516,0.3523351615367498,0.059446361264519756
1175,0.78,0.06413655107480194,0.1100117,0.06413655,5.761725e+07,0.4412427,8.983528e+08,0.0,0.0,184452604.97177574,28443332.587281823,0.154204,0.1471338188466669,0.13769716315937702,0.02123345565472859
1176,0.78,0.06413655107480194,0.1100117,0.06413655,5.761725e+07,0.4412427,8.983528e+08,0.0,0.0,633079369.3431945,77504366.82053521,0.1224244,0.5049936012492574,0.47260505335028624,0.057858393733633925
1177,0.78,0.06413655107480194,0.1100117,0.06413655,5.761725e+07,0.4412427,8.983528e+08,9.770721998972327e-06,0.0,232835314.43372163,36353966.96545079,0.156136,0.18572765063545701,0.17381713990151,0.02713888546869942
1178,0.78,0.06413655107480194,0.1100117,0.06413655,5.761725e+07,0.4412427,8.983528e+08,0.02340708650822874,5.8364697935245105e-05,59134355.43368782,7031894.513081411,0.1189139,0.047170185215470284,0.04754717428678504,0.005253178124513959
1179,0.78,0.06413655107480194,0.1100117,0.06413655,5.761725e+07,0.4412427,8.983528e+08,1.6388757749256817e-05,0.0,226772542.81280977,37803065.01398385,0.1667004,0.18089150998286793,0.16929213459123754,0.028220663036727395
1180,0.78,0.06413655107480194,0.1100117,0.06413655,5.761725e+07,0.4412427,8.983528e+08,4.987134301466573e-07,0.0,143612406.33797488,17773236.890089698,0.1237584,0.1145564833931122,0.10720929813519132,0.013268038693730675
1181,0.78,0.06413655107480194,0.1100117,0.06413655,5.761725e+07,0.4412427,8.983528e+08,0.0,0.0,497008672.2270089,62808709.42302053,0.1263735,0.3964529747674789,0.37102584830254737,0.04688782308373976
1182,0.78,0.06413655107480194,0.1100117,0.06413655,5.761725e+07,0.4412427,8.983528e+08,0.0,0.0,228951575.03708103,30164695.5105347,0.1317514,0.18262967644896927,0.1709164388776254,0.02251848381324076
1183,0.78,0.06413655107480194,0.1100117,0.06413655,5.761725e+07,0.4412427,8.983528e+08,0.00047106096838556453,5.01573808088007e-08,123951894.50180164,21372646.61188977,0.1724269,0.09887372202805099,0.09260077327053655,0.01595506553829883
1184,0.78,0.06413655107480194,0.1100117,0.06413655,5.761725e+07,0.4412427,8.983528e+08,9.836533803644331e-14,0.0,397581847.6465086,44459309.4504772,0.1118243,0.31714236596059797,0.29680194840819685,0.03318966836110742
1185,0.78,0.06413655107480194,0.1100117,0.06413655,5.761725e+07,0.4412427,8.983528e+08,1.6113442051324124e-08,0.0,388891239.5360843,41447041.447927296,0.1065775,0.3102100574709336,0.29031425661819094,0.03094095651076325
1186,0.78,0.06413655107480194,0.1100117,0.06413655,5.761725e+07,0.4412427,8.983528e+08,6.904464983413493e-05,0.0,405649493.6061857,63819198.227097355,0.157326,0.3235777511335632,0.3028346261121618,0.04764217101906429
1187,0.78,0.06413655107480194,0.1100117,0.06413655,5.761725e+07,0.4412427,8.983528e+08,0.0,0.0,97121811.89823791,13058392.964500198,0.1344538,0.07747195047791265,0.07250316676922149,0.009748323515990373
1188,0.78,0.06413655107480194,0.1100117,0.06413655,5.761725e+07,0.4412427,8.983528e+08,0.027194574997606902,9.343673778094222e-05,89894388.8731528,9735567.639104826,0.1083001,0.07170679280901544,0.07106061645727574,0.007273767788999042
1189,0.78,0.06413655107480194,0.1100117,0.06413655,5.761725e+07,0.4412427,8.983528e+08,0.0,0.0,291820598.1083945,37323769.86111547,0.1278997,0.23277892456100857,0.21784928717676402,0.027862860646915035
1190,0.78,0.06413655107480194,0.1100117,0.06413655,5.761725e+07,0.4412427,8.983528e+08,4.795975638429313e-07,0.0,339526669.82531625,43296299.8545084,0.1275196,0.2708330171825669,0.2534627912548912,0.032321460931255507
1191,0.78,0.06413655107480194,0.1100117,0.06413655,5.761725e+07,0.4412427,8.983528e+08,0.0,0.0,346389349.30209804,59982410.903855205,0.1731647,0.27630722688046766,0.2585858343113117,0.044777940773375186
1192,0.78,0.06413655107480194,0.1100117,0.06413655,5.761725e+07,0.4412427,8.983528e+08,4.22805039580729e-09,0.0,362391854.14575154,45871126.2884886,0.1265788,0.28907207587308176,0.2705319905291145,0.034243614839795315
1193,0.78,0.06413655107480194,0.1100117,0.06413655,5.761725e+07,0.4412427,8.983528e+08,3.371249146175347e-07,0.0,55368229.48831275,8124446.5588213205,0.1467348,0.044166028713124666,0.04133342095937018,0.006065044424614333
1194,0.78,0.06413655107480194,0.1100117,0.06413655,5.761725e+07,0.4412427,8.983528e+08,0.03622091602444081,0.0006883702645500347,32627667.29939609,4683149.362281156,0.1435331,0.026026378378083827,0.029622004277204635,0.0035402043149296764
1195,0.78,0.06413655107480194,0.1100117,0.06413655,5.761725e+07,0.4412427,8.983528e+08,0.0,0.0,357631124.025003,54432332.59547581,0.1522024,0.28527454531897944,0.26697801987278785,0.04063470821510811
1196,0.78,0.06413655107480194,0.1100117,0.06413655,5.761725e+07,0.4412427,8.983528e+08,1.801279604143544e-07,0.0,283008925.08124936,42074726.42793309,0.1486693,0.22575004522850786,0.21127124210495515,0.03140953455615205
1197,0.78,0.06413655107480194,0.1100117,0.06413655,5.761725e+07,0.4412427,8.983528e+08,0.0004406497237517122,0.0,199638665.78497437,25403899.331284303,0.1272494,0.159247408248267,0.1490978790739336,0.018964464457628567
1198,0.78,0.06413655107480194,0.1100117,0.06413655,5.761725e+07,0.4412427,8.983528e+08,0.03797466902661312,0.00019109356737994368,55203793.91734084,8295280.296519289,0.1502665,0.04403486204559491,0.04673040155635406,0.006204830942522437
1199,0.78,0.06413655107480194,0.1100117,0.06413655,5.761725e+07,0.4412427,8.983528e+08,0.024729344120298903,9.55041289606144e-05,69619033.48587449,11141852.257098438,0.1600403,0.0555335841570689,0.05556636957315815,0.00832371696200145
1200,0.78,0.06413655107480194,0.1100117,0.06413655,5.761725e+07,0.4412427,8.983528e+08,8.538609519738823e-05,1.0870336344506103e-06,5803165.401020232,535597.2009092406,0.09229397,0.0046290584347215245,0.004344577833163012,0.00039990259258091624
1201,0.78,0.06413655107480194,0.1100117,0.06413655,5.761725e+07,0.4412427,8.983528e+08,2.496214406296972e-05,0.0,265918055.69328088,43453671.01894041,0.16341,0.21211703158337022,0.19851620510984735,0.03243894131549129
1202,0.78,0.06413655107480194,0.1100117,0.06413655,5.761725e+07,0.4412427,8.983528e+08,0.019069481695070067,0.021834900226841664,8474.157005689029,1452.2803619259932,0.1713776,6.7596501656566405e-06,0.0027781584052076528,0.0014014993468338332
1204,0.78,0.06413655107480194,0.1100117,0.06413655,5.761725e+07,0.4412427,8.983528e+08,0.0012805070015198422,5.988825115971924e-07,63173497.40111406,7187575.849242819,0.1137752,0.05039212064230906,0.04734627109786661,0.005365692121601214
1205,0.78,0.06413655107480194,0.1100117,0.06413655,5.761725e+07,0.4412427,8.983528e+08,9.750324624515035e-07,0.0,287327625.49719757,34586937.01165972,0.1203746,0.22919497833070168,0.2144953446221255,0.02581976605646934
1206,0.78,0.06413655107480194,0.1100117,0.06413655,5.761725e+07,0.4412427,8.983528e+08,0.007209125054884665,1.7037456857971236e-05,64066299.612870425,7731076.8008715445,0.1206731,0.051104289488666986,0.048874514369852254,0.005772479600096928
1207,0.78,0.06413655107480194,0.1100117,0.06413655,5.761725e+07,0.4412427,8.983528e+08,2.929601109931924e-13,0.0,508806645.9247771,67249423.2887071,0.1321709,0.4058639609938366,0.37983324633017657,0.050202895276952306
1208,0.78,0.06413655107480194,0.1100117,0.06413655,5.761725e+07,0.4412427,8.983528e+08,1.078425543227255e-05,0.0,343647912.52854717,46682465.77552954,0.1358439,0.2741204425751934,0.2565408703478621,0.03484929425398313
1209,0.78,0.06413655107480194,0.1100117,0.06413655,5.761725e+07,0.4412427,8.983528e+08,0.0031916666266694335,5.840382355802223e-07,174267849.76554465,20333423.434263226,0.1166791,0.13900966181597302,0.13055798419892856,0.015179301121321053
1210,0.78,0.06413655107480194,0.1100117,0.06413655,5.761725e+07,0.4412427,8.983528e+08,0.011837029380886677,0.0034003057469807743,105361.98755833192,10993.965975327303,0.1043447,8.404495882887903e-05,0.0017992184277761537,0.00022629107511776215
1211,0.78,0.06413655107480194,0.1100117,0.06413655,5.761725e+07,0.4412427,8.983528e+08,0.003643183613041585,2.4777932447786904e-06,136387940.87190133,15480541.31147455,0.1135037,0.10879368490451446,0.10234558579623472,0.011556659423504655
1212,0.78,0.06413655107480194,0.1100117,0.06413655,5.761725e+07,0.4412427,8.983528e+08,2.1560745717315765e-05,0.0,229981205.62924337,24553534.60510276,0.1067632,0.18345099030923911,0.17168821044792934,0.01832965200559561
1213,0.78,0.06413655107480194,0.1100117,0.06413655,5.761725e+07,0.4412427,8.983528e+08,0.013519917344984193,0.00022729259173688213,37190369.47392059,4807759.618850027,0.1292743,0.029665946359791136,0.029728453800592716,0.0036036561647617336
1214,0.78,0.06413655107480194,0.1100117,0.06413655,5.761725e+07,0.4412427,8.983528e+08,4.428247409841999e-05,0.0,68938883.76853938,8421564.817692354,0.1221599,0.05499104356614416,0.05147054434246229,0.006286848510144352
1215,0.78,0.06413655107480194,0.1100117,0.06413655,5.761725e+07,0.4412427,8.983528e+08,0.0,0.0,64662345.23500983,8278033.424804613,0.1280194,0.05157974207772436,0.04827159531553128,0.006179699762486492
1216,0.78,0.06413655107480194,0.1100117,0.06413655,5.761725e+07,0.4412427,8.983528e+08,0.0,0.0,352595992.2564726,44694758.097988114,0.1267591,0.2812581305569683,0.263219204101298,0.03336543498059716
1217,0.78,0.06413655107480194,0.1100117,0.06413655,5.761725e+07,0.4412427,8.983528e+08,1.0538376885565855e-08,0.0,312328518.50680137,46312746.111206904,0.1482822,0.24913764524854115,0.23315881747120126,0.03457329192292766
1218,0.78,0.06413655107480194,0.1100117,0.06413655,5.761725e+07,0.4412427,8.983528e+08,0.05065749281584374,0.0015799441511327034,31628076.016627584,3855821.3157030996,0.1219113,0.025229026219560104,0.0309742109074225,0.002979771629672728
1219,0.78,0.06413655107480194,0.1100117,0.06413655,5.761725e+07,0.4412427,8.983528e+08,8.357461705890179e-07,0.0,312075709.23420244,48403036.80739434,0.1551003,0.24893598480724233,0.23297021078264576,0.036133731251434244
1220,0.78,0.06413655107480194,0.1100117,0.06413655,5.761725e+07,0.4412427,8.983528e+08,4.964758178860911e-07,0.0,275559359.5888834,38548457.18566353,0.1398917,0.21980768935986686,0.20571005442952803,0.028777111602456263
1221,0.78,0.06413655107480194,0.1100117,0.06413655,5.761725e+07,0.4412427,8.983528e+08,0.001743570443162718,1.9716575650789827e-08,140676886.70601073,21540663.264325615,0.1531216,0.11221488342592097,0.10527124338853906,0.016080491017044878
1222,0.78,0.06413655107480194,0.1100117,0.06413655,5.761725e+07,0.4412427,8.983528e+08,0.0004634230439161626,4.2280053146469055e-08,513021486.4675166,70586289.6379423,0.1375893,0.4092260473410471,0.38304706061429383,0.05269392830075545
1223,0.78,0.06413655107480194,0.1100117,0.06413655,5.761725e+07,0.4412427,8.983528e+08,0.0010560718445981926,1.5500211933171e-06,146511117.86611015,20377853.838384107,0.1390874,0.11686872233890894,0.10952667020601425,0.015212531166152798
1224,0.78,0.06413655107480194,0.1100117,0.06413655,5.761725e+07,0.4412427,8.983528e+08,0.08099082031961469,0.004615788840325557,20437837.107282728,2513610.387842018,0.1229881,0.016302816775186007,0.027029579138465706,0.0021724958137445136
1225,0.78,0.06413655107480194,0.1100117,0.06413655,5.761725e+07,0.4412427,8.983528e+08,0.0035741955893297964,2.889360601894903e-06,131289627.92348512,20010585.27970795,0.1524156,0.10472687189371056,0.0985295764358177,0.014938444529839248
1226,0.78,0.06413655107480194,0.1100117,0.06413655,5.761725e+07,0.4412427,8.983528e+08,0.0,0.0,57028214.90696162,8342761.681669633,0.1462918,0.045490162866247436,0.042572580712175304,0.0062280205620107295
1227,0.78,0.06413655107480194,0.1100117,0.06413655,5.761725e+07,0.4412427,8.983528e+08,0.0011942626746944312,0.0,24401345.317313816,2762802.1726458822,0.1132234,0.019464420803826453,0.01838963127082424,0.002062481153910043
1228,0.78,0.06413655107480194,0.1100117,0.06413655,5.761725e+07,0.4412427,8.983528e+08,0.00015422170821351663,0.0,254287563.53541854,41612769.16747401,0.1636445,0.2028396417275081,0.18985262348345872,0.031064675212605097
1229,0.78,0.06413655107480194,0.1100117,0.06413655,5.761725e+07,0.4412427,8.983528e+08,0.0033920131155934794,1.8042125517882262e-05,29512768.03623594,3564086.2373123844,0.1207642,0.023541691192551534,0.02252485220645349,0.0026618111754525523
1230,0.78,0.06413655107480194,0.1100117,0.06413655,5.761725e+07,0.4412427,8.983528e+08,3.6877139280551236e-08,0.0,160894890.59106472,20728971.633796427,0.1288355,0.12834234403576125,0.1201109140927048,0.015474547456902125
1231,0.78,0.06413655107480194,0.1100117,0.06413655,5.761725e+07,0.4412427,8.983528e+08,0.001841165403842769,3.8372408966815155e-06,97671026.44003023,12287049.646323958,0.1258004,0.0779100469358748,0.07318078664913882,0.009172748063420217
1232,0.78,0.06413655107480194,0.1100117,0.06413655,5.761725e+07,0.4412427,8.983528e+08,5.618536276617127e-06,0.0,163003069.37560385,20534450.75228392,0.1259759,0.1300239922587735,0.12168551851706022,0.015329334145528005
1233,0.78,0.06413655107480194,0.1100117,0.06413655,5.761725e+07,0.4412427,8.983528e+08,0.0005922236637913163,0.0,104333496.75084816,13864017.768785993,0.1328818,0.08322455414998099,0.07797290057332922,0.010349736817461267
1234,0.78,0.06413655107480194,0.1100117,0.06413655,5.761725e+07,0.4412427,8.983528e+08,0.0,0.0,219481508.8976037,33838022.131330706,0.1541725,0.17507561129469823,0.16384686540894366,0.025260687725832977
1235,0.78,0.06413655107480194,0.1100117,0.06413655,5.761725e+07,0.4412427,8.983528e+08,7.765867002276264e-05,4.007206318136139e-08,197196082.98632696,20443683.609768327,0.1036719,0.15729901323877846,0.14722168506840586,0.01526157742300453
1236,0.78,0.06413655107480194,0.1100117,0.06413655,5.761725e+07,0.4412427,8.983528e+08,0.0,0.0,196467853.80915254,24998685.36064639,0.1272406,0.156718120711673,0.14666676095830183,0.018661964993129675
1237,0.78,0.06413655107480194,0.1100117,0.06413655,5.761725e+07,0.4412427,8.983528e+08,0.00012279406706552264,3.1186558249073074e-08,158835071.36784232,15682135.726364365,0.0987322,0.12669927117976737,0.11859106555556126,0.011706996336933787
1238,0.78,0.06413655107480194,0.1100117,0.06413655,5.761725e+07,0.4412427,8.983528e+08,0.018223608371818616,0.0003653200551324615,64472443.68849103,6759179.635756907,0.1048383,0.05142826175708332,0.05077871134087549,0.005069278656994771
1239,0.78,0.06413655107480194,0.1100117,0.06413655,5.761725e+07,0.4412427,8.983528e+08,0.0,0.0,32176689.184679277,3411503.1404257775,0.1060241,0.025666642974809323,0.02402047301673676,0.0025467480094293893
1240,0.78,0.06413655107480194,0.1100117,0.06413655,5.761725e+07,0.4412427,8.983528e+08,0.007449136754081494,2.17430297214223e-06,134924891.0908064,18189747.564518675,0.1348139,0.10762664201299109,0.101806604891415,0.01357911080161485
1241,0.78,0.06413655107480194,0.1100117,0.06413655,5.761725e+07,0.4412427,8.983528e+08,0.02465148639910543,0.001765185370681704,34330304.9508786,3146154.0504666995,0.09164364,0.027384535286808835,0.02921138665428496,0.00246187307743914
1242,0.78,0.06413655107480194,0.1100117,0.06413655,5.761725e+07,0.4412427,8.983528e+08,4.372541982146639e-11,0.0,371559227.87391007,44270027.67097444,0.1191466,0.2963846898945805,0.2773755980997231,0.03304836613293192
1243,0.78,0.06413655107480194,0.1100117,0.06413655,5.761725e+07,0.4412427,8.983528e+08,0.0,0.0,502500136.0732919,60861281.44158393,0.1211169,0.40083339567227266,0.37512532411825167,0.045434033322722056
1244,0.78,0.06413655107480194,0.1100117,0.06413655,5.761725e+07,0.4412427,8.983528e+08,0.0,0.0,200770002.52938634,23057917.609514516,0.1148474,0.1601498508872981,0.149878391796243,0.017213147212958153
1245,0.78,0.06413655107480194,0.1100117,0.06413655,5.761725e+07,0.4412427,8.983528e+08,0.0016977348943918525,4.930143785394192e-06,118026579.8404793,14522625.876150027,0.1230454,0.09414722779327504,0.08835572247734938,0.010841715731998727
1246,0.78,0.06413655107480194,0.1100117,0.06413655,5.761725e+07,0.4412427,8.983528e+08,1.017691742928823e-10,0.0,181677114.65880018,25754710.255714666,0.1417609,0.14491987077592802,0.1356252100969466,0.019226351076723866
1247,0.78,0.06413655107480194,0.1100117,0.06413655,5.761725e+07,0.4412427,8.983528e+08,0.03525539146815485,0.019935418458926116,15924.607084309695,1995.8265843313293,0.1253297,1.2702711649454318e-05,0.005136412845439403,0.0012800789043707383
1248,0.78,0.06413655107480194,0.1100117,0.06413655,5.761725e+07,0.4412427,8.983528e+08,0.0007550498310386721,2.0546121835685933e-07,153362331.2559448,23243435.471143197,0.151559,0.12233378578940364,0.11459746847344598,0.017351652786806837
1249,0.78,0.06413655107480194,0.1100117,0.06413655,5.761725e+07,0.4412427,8.983528e+08,0.0,0.0,346379833.74480295,51659459.47993435,0.1491411,0.27629963652801104,0.25857873077788307,0.038564708922501835
1250,0.78,0.06413655107480194,0.1100117,0.06413655,5.761725e+07,0.4412427,8.983528e+08,0.001812910702135018,0.0,116352318.66498223,16326438.168276588,0.140319,0.09281170618036377,0.08712259792032784,0.012187977614155453
1251,0.78,0.06413655107480194,0.1100117,0.06413655,5.761725e+07,0.4412427,8.983528e+08,0.00798074502346141,0.002410332937765796,19145.5899016305,2399.995700132663,0.125355,1.5272019371751994e-05,0.0011743286050630766,0.0001563820812142742
1252,0.78,0.06413655107480194,0.1100117,0.06413655,5.761725e+07,0.4412427,8.983528e+08,4.3934134292749806e-14,0.0,365165759.74997735,48786922.696099885,0.1336021,0.29128475985622404,0.27260275997840033,0.03642030892194076
1253,0.78,0.06413655107480194,0.1100117,0.06413655,5.761725e+07,0.4412427,8.983528e+08,2.777824190349312e-06,0.0,124218442.81347144,18060658.38986179,0.1453943,0.09908634180107674,0.0927316893481924,0.013482603975449987
1254,0.78,0.06413655107480194,0.1100117,0.06413655,5.761725e+07,0.4412427,8.983528e+08,0.020313666310689652,0.00024228336618813657,71975770.722168,8448667.630938895,0.1173821,0.057413502034330995,0.056683877982179505,0.00632262046366528
1255,0.78,0.06413655107480194,0.1100117,0.06413655,5.761725e+07,0.4412427,8.983528e+08,0.0,0.0,74265192.73743282,9869626.827573726,0.1328971,0.059239724028371625,0.0554402924425688,0.007367852656819544
1256,0.78,0.06413655107480194,0.1100117,0.06413655,5.761725e+07,0.4412427,8.983528e+08,0.0,0.0,454003847.14421827,70992879.13970202,0.1563707,0.36214896402047914,0.3389219784928931,0.05299745191210119
1257,0.78,0.06413655107480194,0.1100117,0.06413655,5.761725e+07,0.4412427,8.983528e+08,7.855174241184432e-08,0.0,372293492.7850969,57752122.38335508,0.1551253,0.2969703969950281,0.2779237513782905,0.043112990569246695
1258,0.78,0.06413655107480194,0.1100117,0.06413655,5.761725e+07,0.4412427,8.983528e+08,1.0311352857418293e-08,0.0,260992092.89326164,38568765.14259538,0.1477775,0.20818769852583843,0.19483525906499066,0.02879227185492061
1259,0.78,0.06413655107480194,0.1100117,0.06413655,5.761725e+07,0.4412427,8.983528e+08,0.0,0.0,220604129.40733817,32880931.91543131,0.1490495,0.1759711011834862,0.16468492166474238,0.024546202790057155
1260,0.78,0.06413655107480194,0.1100117,0.06413655,5.761725e+07,0.4412427,8.983528e+08,3.964814754086033e-06,0.0,319484776.5781834,49143678.33941849,0.1538217,0.25484603618645085,0.23850166667347644,0.03668663337983382
1261,0.78,0.06413655107480194,0.1100117,0.06413655,5.761725e+07,0.4412427,8.983528e+08,0.0003885258209693996,4.325066090198248e-08,166895957.05519643,22329039.460201927,0.1337902,0.13312926383098708,0.12464728592355377,0.016669029433745534
1262,0.78,0.06413655107480194,0.1100117,0.06413655,5.761725e+07,0.4412427,8.983528e+08,0.03349490416316957,1.1095748508280959e-05,51927603.26740493,11010823.03334813,0.2120418,0.041421516239670546,0.043633513385242906,0.008220487644436834
1263,0.78,0.06413655107480194,0.1100117,0.06413655,5.761725e+07,0.4412427,8.983528e+08,0.004926012819549712,3.0672905343787135e-06,132154749.03644907,15566431.25483036,0.1177894,0.10541696013147085,0.09937189732158198,0.011620815608176033
1264,0.78,0.06413655107480194,0.1100117,0.06413655,5.761725e+07,0.4412427,8.983528e+08,0.003799913204566745,1.3925609878912727e-05,5665896.400800205,1175195.1930083649,0.2074156,0.00451956194799678,0.004782026781871522,0.0008781973362147279
1265,0.78,0.06413655107480194,0.1100117,0.06413655,5.761725e+07,0.4412427,8.983528e+08,4.863611359196082e-08,0.0,251372632.17892128,43626957.63847758,0.1735549,0.20051446457848945,0.18765416544928576,0.03256830287114618
1266,0.78,0.06413655107480194,0.1100117,0.06413655,5.761725e+07,0.4412427,8.983528e+08,2.737578864158259e-10,0.0,291515041.35387427,34646265.459412105,0.118849,0.23253518860415487,0.21762118364334773,0.025864055802073113
1267,0.78,0.06413655107480194,0.1100117,0.06413655,5.761725e+07,0.4412427,8.983528e+08,0.006143116218793603,4.5057758001772446e-05,103327255.82349162,13668470.754953293,0.1322833,0.08242189771504241,0.0780285701852018,0.010206647329185116
1268,0.78,0.06413655107480194,0.1100117,0.06413655,5.761725e+07,0.4412427,8.983528e+08,0.0018797551952133029,5.579014914092909e-08,210909043.3065149,25170347.120274376,0.1193422,0.16823754251523293,0.15772059738921618,0.01879011714003695
1269,0.78,0.06413655107480194,0.1100117,0.06413655,5.761725e+07,0.4412427,8.983528e+08,4.6448952599805406e-05,2.6980946444813953e-07,131210082.79116856,13265751.633155944,0.1011031,0.10466342047707056,0.09795742122172894,0.009903137769344313
1270,0.78,0.06413655107480194,0.1100117,0.06413655,5.761725e+07,0.4412427,8.983528e+08,2.158564282351212e-10,0.0,177376924.5836688,23473939.756095003,0.1323393,0.14148970296877003,0.13241504143913063,0.01752371517378675
1271,0.78,0.06413655107480194,0.1100117,0.06413655,5.761725e+07,0.4412427,8.983528e+08,0.0,0.0,303665349.6857627,34109985.87730932,0.1123276,0.24222722448138614,0.22669160572672825,0.025463713518334975
1272,0.78,0.06413655107480194,0.1100117,0.06413655,5.761725e+07,0.4412427,8.983528e+08,0.0,0.0,4719093.7790909875,1021907.6919747859,0.2165474,0.0037643181527279115,0.003522887769263674,0.0007628723390336829
1273,0.78,0.06413655107480194,0.1100117,0.06413655,5.761725e+07,0.4412427,8.983528e+08,3.564747549761825e-06,0.0,346682597.6213277,43394505.526837595,0.1251707,0.276541144667019,0.25880526756939504,0.03239477321918962
1274,0.78,0.06413655107480194,0.1100117,0.06413655,5.761725e+07,0.4412427,8.983528e+08,7.214065104668976e-06,4.01978414151734e-11,246810558.09787947,35510350.23713504,0.1438769,0.19687539761325037,0.18424953721466814,0.026509110520142296
1275,0.78,0.06413655107480194,0.1100117,0.06413655,5.761725e+07,0.4412427,8.983528e+08,0.0007487814391213377,0.0,189337665.069437,33318350.38277239,0.1759732,0.151030524710888,0.14145278639532075,0.024872743486381858
1276,0.78,0.06413655107480194,0.1100117,0.06413655,5.761725e+07,0.4412427,8.983528e+08,4.005261625564601e-06,0.0,225053650.63370028,38029214.9822886,0.1689784,0.17952038719207433,0.16800715089219945,0.028389488026154413
1277,0.78,0.06413655107480194,0.1100117,0.06413655,5.761725e+07,0.4412427,8.983528e+08,0.004229390786879131,4.1514567931319e-07,120549538.22585705,12767240.78801714,0.1059087,0.09615973665477175,0.09060714318191113,0.009530999843504188
1278,0.78,0.06413655107480194,0.1100117,0.06413655,5.761725e+07,0.4412427,8.983528e+08,0.0,0.0,40864164.96153001,5421343.675362022,0.1326674,0.03259645287031907,0.030505828805944483,0.004047129856060358
1279,0.78,0.06413655107480194,0.1100117,0.06413655,5.761725e+07,0.4412427,8.983528e+08,8.81900439318058e-11,0.0,338750142.5316016,47670314.289266326,0.1407241,0.2702135983016008,0.25288303006584295,0.03558674080830843
1280,0.78,0.06413655107480194,0.1100117,0.06413655,5.761725e+07,0.4412427,8.983528e+08,0.00019832149373387814,1.3568155540374288e-09,152968581.49890977,24529607.354434136,0.1603572,0.12201970019852042,0.11422260435828101,0.018311789972752866
1281,0.78,0.06413655107480194,0.1100117,0.06413655,5.761725e+07,0.4412427,8.983528e+08,3.744047074085342e-07,0.0,240795382.62809154,35419598.29099117,0.1470942,0.19207722337202393,0.1797581071462744,0.02644136256931958
1282,0.78,0.06413655107480194,0.1100117,0.06413655,5.761725e+07,0.4412427,8.983528e+08,7.572864611892375e-08,0.0,125000534.48416574,12614870.537967741,0.1009185,0.09971019926416343,0.0933151419838676,0.009417226105138262
1283,0.78,0.06413655107480194,0.1100117,0.06413655,5.761725e+07,0.4412427,8.983528e+08,5.584580762097321e-07,0.0,95529986.61038828,10379381.414373418,0.1086505,0.0762021861741022,0.07131492194285124,0.007748393557939041
1284,0.78,0.06413655107480194,0.1100117,0.06413655,5.761725e+07,0.4412427,8.983528e+08,0.0,0.0,168486820.07325825,25411766.972064182,0.1508235,0.1343982605531813,0.12577841965084766,0.01897033779195373
1285,0.78,0.06413655107480194,0.1100117,0.06413655,5.761725e+07,0.4412427,8.983528e+08,0.01259904471215016,0.0072215330453084935,424879.8232218677,44430.98985077095,0.1045731,0.0003389173655264767,0.0021485064476653498,0.000496332750273056
1286,0.78,0.06413655107480194,0.1100117,0.06413655,5.761725e+07,0.4412427,8.983528e+08,0.0011747717853445,0.0,167862220.94580516,28815926.294478357,0.1716642,0.13390003145587726,0.12548290344977822,0.021511603510107745
1287,0.78,0.06413655107480194,0.1100117,0.06413655,5.761725e+07,0.4412427,8.983528e+08,0.0,0.0,244443481.71226057,30089702.45238463,0.1230947,0.1949872324221371,0.18248142383096044,0.022462500156271038
1288,0.78,0.06413655107480194,0.1100117,0.06413655,5.761725e+07,0.4412427,8.983528e+08,3.3444175993910155e-09,0.0,266839126.068597,39570536.74071612,0.1482936,0.21285174932708292,0.19920017272113125,0.02954011224034628
1289,0.78,0.06413655107480194,0.1100117,0.06413655,5.761725e+07,0.4412427,8.983528e+08,4.41364206264464e-07,0.0,79215405.17278603,12140351.277794437,0.1532575,0.06318840049096333,0.05913577856975109,0.009062989004500142
1290,0.78,0.06413655107480194,0.1100117,0.06413655,5.761725e+07,0.4412427,8.983528e+08,0.0,0.0,160653006.793126,29965149.034699243,0.1865209,0.1281493986072415,0.11993033815826303,0.022369518805968575
1291,0.78,0.06413655107480194,0.1100117,0.06413655,5.761725e+07,0.4412427,8.983528e+08,0.06079386198220486,0.00027721845189150016,17324337.31923204,3196372.069613323,0.1845018,0.01381924592041666,0.021769580011906358,0.0024039286591301576
1292,0.78,0.06413655107480194,0.1100117,0.06413655,5.761725e+07,0.4412427,8.983528e+08,7.723356679388832e-08,0.0,408092400.10507345,59161871.356276795,0.1449718,0.3255264043516714,0.3046482747190095,0.04416539334972176
1293,0.78,0.06413655107480194,0.1100117,0.06413655,5.761725e+07,0.4412427,8.983528e+08,0.0,0.0,360771512.22087896,54111791.49927419,0.1499891,0.2877795644700558,0.26932237573513784,0.04039541856327743
1294,0.78,0.06413655107480194,0.1100117,0.06413655,5.761725e+07,0.4412427,8.983528e+08,1.47524455749158e-08,0.0,385460930.72707486,64185869.57994308,0.1665172,0.3074737749718594,0.28775346964354687,0.04791589773117222
1295,0.78,0.06413655107480194,0.1100117,0.06413655,5.761725e+07,0.4412427,8.983528e+08,0.0053830328948191826,4.839091849426789e-06,61253921.941896796,10780684.894885024,0.1759999,0.048860917177211895,0.046509593765116805,0.00804828413439529
1296,0.78,0.06413655107480194,0.1100117,0.06413655,5.761725e+07,0.4412427,8.983528e+08,0.0,0.0,89558983.61227389,15503970.633247826,0.1731146,0.07143924734983405,0.066857380413436,0.011573990913444583
1297,0.78,0.06413655107480194,0.1100117,0.06413655,5.761725e+07,0.4412427,8.983528e+08,0.0003072356281300729,2.887951168582232e-10,195242234.7295875,35703579.86526501,0.1828681,0.1557404711108157,0.14579647246891186,0.02665335990375417
1298,0.78,0.06413655107480194,0.1100117,0.06413655,5.761725e+07,0.4412427,8.983528e+08,0.00014009983963947197,4.945996288956462e-11,250080377.280104,30516429.811864775,0.1220265,0.19948366103838552,0.1867098311460501,0.022781059752851513
1299,0.78,0.06413655107480194,0.1100117,0.06413655,5.761725e+07,0.4412427,8.983528e+08,0.004909199660190653,9.266470402880028e-06,104946663.34521313,14053532.903118176,0.1339112,0.08371366376506031,0.07905813166505933,0.010491807568635955
1300,0.78,0.06413655107480194,0.1100117,0.06413655,5.761725e+07,0.4412427,8.983528e+08,4.1982437010474974e-08,0.0,33307450.069415346,3599448.171245806,0.1080674,0.02656862626314028,0.0248646123101573,0.0026870523308445277
1301,0.78,0.06413655107480194,0.1100117,0.06413655,5.761725e+07,0.4412427,8.983528e+08,5.235069688080554e-07,0.0,297723725.20769864,42664646.43227635,0.1433028,0.23748772026162104,0.2222561530554434,0.03184992037288511
1302,0.78,0.06413655107480194,0.1100117,0.06413655,5.761725e+07,0.4412427,8.983528e+08,2.6065592755549323e-06,0.0,58567423.51563429,8723934.924361384,0.1489554,0.046717955992998494,0.04372200629709692,0.006512573193831496
1303,0.78,0.06413655107480194,0.1100117,0.06413655,5.761725e+07,0.4412427,8.983528e+08,5.158338017685441e-10,0.0,317596485.21338487,48325511.325332254,0.1521601,0.25333978736095714,0.23709144722458034,0.036075857094795764
1304,0.78,0.06413655107480194,0.1100117,0.06413655,5.761725e+07,0.4412427,8.983528e+08,0.0,0.0,470422765.5807653,68134944.85169564,0.1448377,0.3752459770513917,0.35117899427862115,0.05086395293541496
1305,0.78,0.06413655107480194,0.1100117,0.06413655,5.761725e+07,0.4412427,8.983528e+08,8.106647471113186e-06,0.0,288780179.38518345,32275015.78054469,0.1117633,0.23035364887727725,0.21558073864734276,0.024093875576249854
1306,0.78,0.06413655107480194,0.1100117,0.06413655,5.761725e+07,0.4412427,8.983528e+08,0.0,0.0,118994511.00021337,22161945.33552988,0.1862434,0.09491932536237227,0.08883152720328275,0.016544287912131153
1307,0.78,0.06413655107480194,0.1100117,0.06413655,5.761725e+07,0.4412427,8.983528e+08,0.0005535537513090959,0.0,80575386.43245275,13699526.42198643,0.1700212,0.06427322787155405,0.060231426160337324,0.010226941089951588
1308,0.78,0.06413655107480194,0.1100117,0.06413655,5.761725e+07,0.4412427,8.983528e+08,7.158725764623792e-08,0.0,210955114.23117864,29499337.79508062,0.139837,0.1682742922867236,0.15748176995042,0.022021782398163155
1309,0.78,0.06413655107480194,0.1100117,0.06413655,5.761725e+07,0.4412427,8.983528e+08,0.005228829368616408,4.417018996464423e-06,160757554.13666055,22314403.468152273,0.1388078,0.12823279374230542,0.12076841776022344,0.016658383922759434
1310,0.78,0.06413655107480194,0.1100117,0.06413655,5.761725e+07,0.4412427,8.983528e+08,0.028023175349301183,0.012827887189241126,21278.505804597684,2667.583383383774,0.1253652,1.6973399854453057e-05,0.00408917548550475,0.0008247278405220796
1311,0.78,0.06413655107480194,0.1100117,0.06413655,5.761725e+07,0.4412427,8.983528e+08,0.00885157289279853,1.6745122543876647e-05,119689680.7883055,13390634.143026806,0.1118779,0.09547384713605214,0.09063709857033132,0.009997421462598233
1312,0.78,0.06413655107480194,0.1100117,0.06413655,5.761725e+07,0.4412427,8.983528e+08,0.0,0.0,79046321.02455695,11761485.634592837,0.1487923,0.06305352575477195,0.059009490079754694,0.008780159036902798
1313,0.78,0.06413655107480194,0.1100117,0.06413655,5.761725e+07,0.4412427,8.983528e+08,0.0005626425892588932,5.6211995801513225e-09,104284369.97345217,16048634.17208641,0.153893,0.08318536679143429,0.0779319268186667,0.011980592331112566
1314,0.78,0.06413655107480194,0.1100117,0.06413655,5.761725e+07,0.4412427,8.983528e+08,0.0017632445552491192,3.1925896602958927e-06,77363814.19249116,11005841.992454171,0.1422609,0.06171142676150847,0.058009763969896586,0.00821626232711794
1315,0.78,0.06413655107480194,0.1100117,0.06413655,5.761725e+07,0.4412427,8.983528e+08,1.6631585448895185e-08,0.0,295657938.2702882,34184261.0063575,0.115621,0.23583988709021494,0.22071393254385133,0.025519161228410935
1316,0.78,0.06413655107480194,0.1100117,0.06413655,5.761725e+07,0.4412427,8.983528e+08,0.0,0.0,325887154.519955,46373390.03645213,0.1422989,0.25995307339211493,0.24328057982344983,0.03461856369596873
1317,0.78,0.06413655107480194,0.1100117,0.06413655,5.761725e+07,0.4412427,8.983528e+08,0.05701891603564237,0.016451239248074786,452073.45695208723,37496.145197314116,0.08294259,0.00036060913387887794,0.00862542892123033,0.0010831172881912206
1318,0.78,0.06413655107480194,0.1100117,0.06413655,5.761725e+07,0.4412427,8.983528e+08,0.012817855008357647,8.686274881422062e-06,56975586.83259656,9053650.401254773,0.158904,0.0454481825994951,0.04439642401844198,0.006759268792377037
1319,0.78,0.06413655107480194,0.1100117,0.06413655,5.761725e+07,0.4412427,8.983528e+08,7.067650088659055e-08,0.0,145969354.0459863,17572940.793102756,0.1203879,0.11643656915907188,0.10896873946736388,0.013118514080883827
1320,0.78,0.06413655107480194,0.1100117,0.06413655,5.761725e+07,0.4412427,8.983528e+08,0.0,0.0,336636405.7700846,40947234.710658506,0.1216364,0.2685275166016098,0.25130508781810096,0.030567841856945336
1321,0.78,0.06413655107480194,0.1100117,0.06413655,5.761725e+07,0.4412427,8.983528e+08,5.261684147125427e-09,0.0,101905828.03214589,11859417.724955382,0.1163762,0.0812880557766893,0.07607452100040504,0.00885326709101379
1322,0.78,0.06413655107480194,0.1100117,0.06413655,5.761725e+07,0.4412427,8.983528e+08,0.03210895290381261,0.019495087416101193,187738.67331966996,17215.67386552207,0.0917002,0.00014975504387675426,0.004807326551880294,0.0012631994777106625
1323,0.78,0.06413655107480194,0.1100117,0.06413655,5.761725e+07,0.4412427,8.983528e+08,1.4066911110660932e-07,0.0,303123631.8714514,45724797.126324065,0.1508454,0.24179510799938206,0.226287224152411,0.03413437750741593
1324,0.78,0.06413655107480194,0.1100117,0.06413655,5.761725e+07,0.4412427,8.983528e+08,0.005846599263022847,0.0021553570198912415,52941.10830063747,4041.0333850772618,0.07633073,4.22299670933879e-05,0.000889350173139929,0.00014125386916851237
1325,0.78,0.06413655107480194,0.1100117,0.06413655,5.761725e+07,0.4412427,8.983528e+08,0.01189967254106863,1.6076569150402843e-07,68933228.28681399,11350398.774644924,0.1646579,0.05498653231175552,0.053189555052876585,0.008473285666625866
1326,0.78,0.06413655107480194,0.1100117,0.06413655,5.761725e+07,0.4412427,8.983528e+08,0.0,0.0,45367076.6853876,6873447.927685175,0.1515074,0.03618832731395717,0.03386733281087391,0.005131151608895794
1327,0.78,0.06413655107480194,0.1100117,0.06413655,5.761725e+07,0.4412427,8.983528e+08,0.00032250621332502276,0.0,160027006.51020518,25807252.162135135,0.1612681,0.12765005183878939,0.11950989545336699,0.01926557454804427
1328,0.78,0.06413655107480194,0.1100117,0.06413655,5.761725e+07,0.4412427,8.983528e+08,1.6766128543944038e-09,0.0,377468480.6042603,59411977.21181309,0.1573959,0.30109837187743765,0.2817869610146837,0.04435210183671855
1329,0.78,0.06413655107480194,0.1100117,0.06413655,5.761725e+07,0.4412427,8.983528e+08,0.011988659410634499,0.00015162426619882567,65806978.285415746,6852363.943529635,0.1041282,0.05249279088996587,0.05086868823457278,0.00512513669574562
1330,0.78,0.06413655107480194,0.1100117,0.06413655,5.761725e+07,0.4412427,8.983528e+08,3.259312388223578e-11,0.0,75782676.98825738,9051209.058881583,0.1194364,0.06045018810882012,0.05657312153643496,0.006756889178990759
1331,0.78,0.06413655107480194,0.1100117,0.06413655,5.761725e+07,0.4412427,8.983528e+08,0.0,0.0,442583632.4409088,75170944.39585356,0.1698457,0.3530393079025626,0.3303965842998572,0.056116452228496046
1332,0.78,0.06413655107480194,0.1100117,0.06413655,5.761725e+07,0.4412427,8.983528e+08,0.0,0.0,85467683.49705622,12823008.313616581,0.1500334,0.06817570650641849,0.06380315182400888,0.009572604671125626
1333,0.78,0.06413655107480194,0.1100117,0.06413655,5.761725e+07,0.4412427,8.983528e+08,1.4179565615759202e-05,0.0,250187513.3771645,34650187.27373064,0.1384969,0.19956912116565914,0.18677150709474102,0.025866983506489017
1334,0.78,0.06413655107480194,0.1100117,0.06413655,5.761725e+07,0.4412427,8.983528e+08,0.03649882857839552,0.0045495301958915725,63751.25540211834,10927.665972822562,0.171411,5.085298559496171e-05,0.0053528552969925244,0.0002999488735460316
1335,0.78,0.06413655107480194,0.1100117,0.06413655,5.761725e+07,0.4412427,8.983528e+08,0.0020345858069060613,4.2214306180421036e-05,67048963.25597847,6569979.203614718,0.09798778,0.053483495205022956,0.050348984199734305,0.0049073142677062255
1336,0.78,0.06413655107480194,0.1100117,0.06413655,5.761725e+07,0.4412427,8.983528e+08,0.006024147406384747,0.006305819977015111,51000.9651804559,6398.618435864625,0.1254607,4.0682357253857134e-05,0.0009137092182972037,0.0004092102279391296
1337,0.78,0.06413655107480194,0.1100117,0.06413655,5.761725e+07,0.4412427,8.983528e+08,4.986227075756734e-07,0.0,54481149.87649882,7669538.255220524,0.1407742,0.04345842465989281,0.0406712236640474,0.005725447253226815
1338,0.78,0.06413655107480194,0.1100117,0.06413655,5.761725e+07,0.4412427,8.983528e+08,8.385539980874205e-06,1.7128324595910046e-09,202950941.31617475,24631829.654361144,0.1213684,0.16188953817672455,0.15150772041776903,0.018388100767742527
1339,0.78,0.06413655107480194,0.1100117,0.06413655,5.761725e+07,0.4412427,8.983528e+08,2.421098297517325e-06,0.0,213069154.62337276,21612355.26317903,0.1014335,0.16996061618628155,0.1590602803627374,0.016134009109753444
1340,0.78,0.06413655107480194,0.1100117,0.06413655,5.761725e+07,0.4412427,8.983528e+08,0.0,0.0,493511878.14995027,58700723.850785494,0.1189449,0.3936636584205682,0.3684154290859841,0.04382113850271707
1341,0.78,0.06413655107480194,0.1100117,0.06413655,5.761725e+07,0.4412427,8.983528e+08,0.0037086975065399454,3.1190345211237336e-06,121772795.59481841,17074543.1703833,0.1402164,0.0971355023706051,0.0914446416118714,0.01274665140035472
1342,0.78,0.06413655107480194,0.1100117,0.06413655,5.761725e+07,0.4412427,8.983528e+08,0.022516036340308195,0.0012890802650530437,166371.64201258248,20861.807562461046,0.1253928,0.00013271102916029566,0.0033970034397123737,9.825087410863515e-05
1343,0.78,0.06413655107480194,0.1100117,0.06413655,5.761725e+07,0.4412427,8.983528e+08,0.00037037780569266495,2.8818835772897113e-12,262404644.61549404,36808219.686404906,0.1402727,0.20931446021750602,0.1959435886777502,0.027477993236120078
1344,0.78,0.06413655107480194,0.1100117,0.06413655,5.761725e+07,0.4412427,8.983528e+08,0.0033424659812114174,1.1231667405099657e-07,165214056.82129237,24426593.437096745,0.1478482,0.13178764870784326,0.12382108544694714,0.018234895360647718
1345,0.78,0.06413655107480194,0.1100117,0.06413655,5.761725e+07,0.4412427,8.983528e+08,0.0006964265077542994,4.1874414018282556e-10,231392624.0816489,38070257.05007618,0.1645267,0.18457684801628996,0.17283995420516424,0.028420126689453405
1346,0.78,0.06413655107480194,0.1100117,0.06413655,5.761725e+07,0.4412427,8.983528e+08,0.0,0.0,390014620.9473066,43354873.30913147,0.1111622,0.3111061543142381,0.29115287855837774,0.03236518706100724
1347,0.78,0.06413655107480194,0.1100117,0.06413655,5.761725e+07,0.4412427,8.983528e+08,2.141105110989511e-17,0.0,501327829.9449089,63306975.214677095,0.1262786,0.3998982726494629,0.3742501766609556,0.047259787394143334
1348,0.78,0.06413655107480194,0.1100117,0.06413655,5.761725e+07,0.4412427,8.983528e+08,2.925871738832392e-07,0.0,209585017.11616918,33938623.68099123,0.1619325,0.16718139570902016,0.15645900011319314,0.025335788578975234
1349,0.78,0.06413655107480194,0.1100117,0.06413655,5.761725e+07,0.4412427,8.983528e+08,1.129214606412242e-09,0.0,274049882.9315453,38521979.79279238,0.1405656,0.2186036127620436,0.20458313115113083,0.02875734575590305
1350,0.78,0.06413655107480194,0.1100117,0.06413655,5.761725e+07,0.4412427,8.983528e+08,0.00013791905801358888,0.0,107437055.9775391,16733050.66011746,0.1557475,0.0857001956358235,0.08022372779763123,0.012491521099704063
1351,0.78,0.06413655107480194,0.1100117,0.06413655,5.761725e+07,0.4412427,8.983528e+08,0.036654319706961314,0.0002573010919044054,57640686.189513646,7953615.603207992,0.1379861,0.04597871784626295,0.04835766662065122,0.005954018470548948
1352,0.78,0.06413655107480194,0.1100117,0.06413655,5.761725e+07,0.4412427,8.983528e+08,1.763236357238237e-10,0.0,456617615.38405806,49899552.80063955,0.1092808,0.3642339099217127,0.34087320318047337,0.037250907161874944
1353,0.78,0.06413655107480194,0.1100117,0.06413655,5.761725e+07,0.4412427,8.983528e+08,0.0630456088992563,0.0008470097141865222,29042013.89544488,4739454.838195467,0.1631931,0.02316618088472439,0.030844336035119786,0.003592411945242848
1354,0.78,0.06413655107480194,0.1100117,0.06413655,5.761725e+07,0.4412427,8.983528e+08,2.3550317330834096e-07,0.0,185355344.7907555,22952406.638651606,0.1238292,0.14785391470550158,0.13837110878479564,0.017134381389226697
1355,0.78,0.06413655107480194,0.1100117,0.06413655,5.761725e+07,0.4412427,8.983528e+08,0.0006802490308291657,1.3913284169181436e-07,237848002.45742628,28513077.69936746,0.1198794,0.18972616251186813,0.17765665796180155,0.021285530549755564
1357,0.78,0.06413655107480194,0.1100117,0.06413655,5.761725e+07,0.4412427,8.983528e+08,3.93947416804618e-06,0.0,313584120.20565087,41764236.94083787,0.1331835,0.2501392113306811,0.23409671764710424,0.031177748609998765
1358,0.78,0.06413655107480194,0.1100117,0.06413655,5.761725e+07,0.4412427,8.983528e+08,0.005580476481809213,7.981322070109367e-07,55669833.77720414,8441480.594521275,0.1516347,0.044406611874375834,0.0423696715279415,0.006301767182606234
1359,0.78,0.06413655107480194,0.1100117,0.06413655,5.761725e+07,0.4412427,8.983528e+08,1.4105374958179168e-05,0.0,24845637.639499508,3027472.7280011885,0.1218513,0.01981882309626053,0.01854976241424576,0.002260062449386022
1360,0.78,0.06413655107480194,0.1100117,0.06413655,5.761725e+07,0.4412427,8.983528e+08,0.0,0.0,53471801.79419364,5376840.514975305,0.1005547,0.04265328971523944,0.039917654820909663,0.0040139074521923545
1361,0.78,0.06413655107480194,0.1100117,0.06413655,5.761725e+07,0.4412427,8.983528e+08,7.4799257245297106e-06,0.0,273670530.4795941,37356953.23320812,0.1365034,0.21830101158732465,0.20430102484778526,0.027887632626697696
1362,0.78,0.06413655107480194,0.1100117,0.06413655,5.761725e+07,0.4412427,8.983528e+08,0.006424068005167406,8.060052717801023e-07,80616978.95772293,11080449.029259382,0.1374456,0.06430640532155218,0.06111578056177975,0.008271804744969476
1363,0.78,0.06413655107480194,0.1100117,0.06413655,5.761725e+07,0.4412427,8.983528e+08,0.0,0.0,76079480.59800084,11980188.631438252,0.1574694,0.060686941873049766,0.05679469072603538,0.00894342472916383
1364,0.78,0.06413655107480194,0.1100117,0.06413655,5.761725e+07,0.4412427,8.983528e+08,0.0,0.0,22698225.146034483,2759630.0827230215,0.1215791,0.01810587899958649,0.016944630366375328,0.002060113132142439
1365,0.78,0.06413655107480194,0.1100117,0.06413655,5.761725e+07,0.4412427,8.983528e+08,1.3598111523331049e-08,0.0,296294961.8510664,47049141.45184805,0.1587916,0.2363480269028764,0.2211894815805362,0.035123024193640696
1366,0.78,0.06413655107480194,0.1100117,0.06413655,5.761725e+07,0.4412427,8.983528e+08,0.0,0.0,417071236.2290423,58208514.74572198,0.1395649,0.33268862603956834,0.3113511249835759,0.04345369561700216
1367,0.78,0.06413655107480194,0.1100117,0.06413655,5.761725e+07,0.4412427,8.983528e+08,0.0009788076130655716,1.038780611130293e-07,155838682.10711902,25654382.732977487,0.1646214,0.1243091168376868,0.11647863277012639,0.01915146145195343
1368,0.78,0.06413655107480194,0.1100117,0.06413655,5.761725e+07,0.4412427,8.983528e+08,7.508782258519548e-05,0.0,172309837.03332722,22115254.094400678,0.1283459,0.13744779777677646,0.12864328441689707,0.01650943206691896
1369,0.78,0.06413655107480194,0.1100117,0.06413655,5.761725e+07,0.4412427,8.983528e+08,0.0027720063004599703,0.00021375449667877106,50814732.84162567,7239930.288862827,0.142477,0.04053380378013942,0.038337028603767476,0.005418446711542619
1370,0.78,0.06413655107480194,0.1100117,0.06413655,5.761725e+07,0.4412427,8.983528e+08,0.0007808301791435431,2.6514039097966856e-07,158007262.36145407,23088174.81912277,0.146121,0.12603894599539708,0.11806873976863104,0.01723575176538748
1371,0.78,0.06413655107480194,0.1100117,0.06413655,5.761725e+07,0.4412427,8.983528e+08,0.01614706683654632,2.2271912168125574e-06,36651591.48390555,7324118.107848369,0.1998308,0.029236174911491043,0.029708114042105323,0.005467727789825307
1372,0.78,0.06413655107480194,0.1100117,0.06413655,5.761725e+07,0.4412427,8.983528e+08,5.875425302832e-05,0.0,224607041.80028087,32705848.672713112,0.1456136,0.17916413706916767,0.1676817074280686,0.024415500023117487
1373,0.78,0.06413655107480194,0.1100117,0.06413655,5.761725e+07,0.4412427,8.983528e+08,0.05307325411656124,0.003969954983046997,9868665.100305142,1125674.29579429,0.1140655,0.00787201884922635,0.015081563563107305,0.0010949551821550316
1374,0.78,0.06413655107480194,0.1100117,0.06413655,5.761725e+07,0.4412427,8.983528e+08,8.6502523629827e-06,0.0,27773157.882077184,3725869.3556379266,0.1341536,0.022154042125058112,0.020734415622681798,0.0027814280023440285
1375,0.78,0.06413655107480194,0.1100117,0.06413655,5.761725e+07,0.4412427,8.983528e+08,0.00043660503759879415,0.0,184598747.11039644,25640373.71122506,0.1388979,0.14725039324231165,0.13786972332088818,0.01914099680469245
1376,0.78,0.06413655107480194,0.1100117,0.06413655,5.761725e+07,0.4412427,8.983528e+08,0.017692913922415513,2.8079225347974032e-05,80752442.90084676,11833903.166880408,0.1465455,0.06441446195361161,0.06285488269350661,0.00883602092249877
1377,0.78,0.06413655107480194,0.1100117,0.06413655,5.761725e+07,0.4412427,8.983528e+08,9.720841849966948e-06,0.0,252294658.57448837,27567534.721378323,0.1092672,0.2012499449186992,0.18834388051435982,0.02057965690976426
1378,0.78,0.06413655107480194,0.1100117,0.06413655,5.761725e+07,0.4412427,8.983528e+08,0.06432950398104105,0.003148613452881292,19695744.165352207,2284144.8507059864,0.1159715,0.015710865425395622,0.02405379854366407,0.001907096123810308
1379,0.78,0.06413655107480194,0.1100117,0.06413655,5.761725e+07,0.4412427,8.983528e+08,0.0929230858323328,0.04369512882304406,1701650.5668155309,156175.55758882576,0.09177886,0.001357369532821047,0.014777088146171385,0.0029190427038580527
1380,0.78,0.06413655107480194,0.1100117,0.06413655,5.761725e+07,0.4412427,8.983528e+08,0.0,0.0,79616791.14329074,8949317.979766395,0.1124049,0.06350857732273467,0.0594353562095871,0.006680825669085026
1381,0.78,0.06413655107480194,0.1100117,0.06413655,5.761725e+07,0.4412427,8.983528e+08,0.016946145732416113,0.0004584901246718436,79797853.31724823,7687768.067406574,0.09634054,0.06365300666872911,0.06203371851252382,0.005768462108829803
1382,0.78,0.06413655107480194,0.1100117,0.06413655,5.761725e+07,0.4412427,8.983528e+08,0.0,0.0,93681750.92908008,10801782.633845234,0.115303,0.0747278888934476,0.06993509983072088,0.008063723610584437
1383,0.78,0.06413655107480194,0.1100117,0.06413655,5.761725e+07,0.4412427,8.983528e+08,0.0,0.0,136376379.19283965,19031577.107823264,0.1395519,0.10878446240536414,0.10180740217615765,0.014207412134934056
1384,0.78,0.06413655107480194,0.1100117,0.06413655,5.761725e+07,0.4412427,8.983528e+08,5.189847027291899e-07,0.0,248071126.85799617,36033723.94264229,0.1452556,0.1978809258117985,0.18518960114343003,0.02689981833397903
1385,0.78,0.06413655107480194,0.1100117,0.06413655,5.761725e+07,0.4412427,8.983528e+08,0.00016234765410916223,2.7055053719157148e-08,196117575.2563217,29809779.11730503,0.1519995,0.15643871115198707,0.14642886970337302,0.022253534123598196
1386,0.78,0.06413655107480194,0.1100117,0.06413655,5.761725e+07,0.4412427,8.983528e+08,0.0,0.0,248539178.61255255,29806691.776932064,0.1199275,0.19825428048508328,0.18553893469895363,0.02225122763366503
1387,0.78,0.06413655107480194,0.1100117,0.06413655,5.761725e+07,0.4412427,8.983528e+08,1.7444939605875564e-07,0.0,267036134.27470732,31048289.68490064,0.11627,0.21300889847503657,0.1993472677355853,0.02317810264168159
1388,0.78,0.06413655107480194,0.1100117,0.06413655,5.761725e+07,0.4412427,8.983528e+08,0.029124697965067937,1.1816119789611351e-05,62073823.49926154,10820715.896005599,0.1743201,0.04951493476201024,0.050572619434826674,0.008078615474025993
1389,0.78,0.06413655107480194,0.1100117,0.06413655,5.761725e+07,0.4412427,8.983528e+08,4.880983283665695e-07,1.3663564997937396e-10,198449221.08152848,24009461.639124826,0.1209854,0.158298614158036,0.14814595795323862,0.017923491830400946
1390,0.78,0.06413655107480194,0.1100117,0.06413655,5.761725e+07,0.4412427,8.983528e+08,2.1384651332811898e-05,1.1185040871322709e-15,217436909.0262901,31936944.161392886,0.1468791,0.1734446785836866,0.16232364344934663,0.02384149907601549
1391,0.78,0.06413655107480194,0.1100117,0.06413655,5.761725e+07,0.4412427,8.983528e+08,6.87190138335822e-05,0.0,221560820.9855449,27819316.15966024,0.1255606,0.17673423318360915,0.16540909761859635,0.020767616249199514
1392,0.78,0.06413655107480194,0.1100117,0.06413655,5.761725e+07,0.4412427,8.983528e+08,0.0,0.0,277446524.1359289,41392954.69448629,0.1491926,0.22131303934742239,0.20711878429579678,0.030900579783557543
1393,0.78,0.06413655107480194,0.1100117,0.06413655,5.761725e+07,0.4412427,8.983528e+08,0.057994947741955384,0.0006586152426128107,39464450.71808723,5151597.155527101,0.1305377,0.0314799313554111,0.03789073560710369,0.003888000572611444
1394,0.78,0.06413655107480194,0.1100117,0.06413655,5.761725e+07,0.4412427,8.983528e+08,8.02032668145611e-05,0.0,262622585.06292942,31921771.11138414,0.12155,0.20948830655769313,0.19606410697905072,0.02383017212325702
1395,0.78,0.06413655107480194,0.1100117,0.06413655,5.761725e+07,0.4412427,8.983528e+08,0.0,0.0,342061064.1224865,48050551.12731118,0.1404736,0.2728546482214071,0.2553546921397577,0.035870594397340035
1396,0.78,0.06413655107480194,0.1100117,0.06413655,5.761725e+07,0.4412427,8.983528e+08,8.505576306800512e-08,0.0,210791119.7399474,32548322.139093056,0.1544103,0.16814347745888011,0.1573593470921698,0.024297903653008587
1397,0.78,0.06413655107480194,0.1100117,0.06413655,5.761725e+07,0.4412427,8.983528e+08,0.01504207736125313,0.00016833473048920105,34270890.69847244,4164228.395498013,0.1215092,0.027337141833884842,0.027770263359159594,0.0031194672618885255
1398,0.78,0.06413655107480194,0.1100117,0.06413655,5.761725e+07,0.4412427,8.983528e+08,0.0,0.0,34925671.82104469,4480306.875440585,0.1282812,0.027859446450225197,0.026072637640054623,0.0033446290819585905
1399,0.78,0.06413655107480194,0.1100117,0.06413655,5.761725e+07,0.4412427,8.983528e+08,0.0,0.0,38024459.68969249,5009343.239634876,0.13174,0.03033128192785177,0.02838593811532189,0.003739564174194624
1400,0.78,0.06413655107480194,0.1100117,0.06413655,5.761725e+07,0.4412427,8.983528e+08,0.0,0.0,240277226.2407885,45013172.64676116,0.1873385,0.19166390132631275,0.17937123972970193,0.03360313712680122
1401,0.78,0.06413655107480194,0.1100117,0.06413655,5.761725e+07,0.4412427,8.983528e+08,0.0,0.0,187205485.95126966,26548111.210777413,0.1418127,0.14932973194534757,0.1397522379654483,0.019818639056483206
1402,0.78,0.06413655107480194,0.1100117,0.06413655,5.761725e+07,0.4412427,8.983528e+08,0.0,0.0,132409511.22184695,20465418.436395988,0.1545615,0.10562017836870338,0.09884606440422936,0.015277800289090768
1403,0.78,0.06413655107480194,0.1100117,0.06413655,5.761725e+07,0.4412427,8.983528e+08,1.8333851225566448e-08,0.0,349878231.45445544,52301964.44659775,0.1494862,0.279090232057656,0.26119034979971706,0.03904435035255318
1404,0.78,0.06413655107480194,0.1100117,0.06413655,5.761725e+07,0.4412427,8.983528e+08,2.062493634128037e-09,0.0,335279780.0639181,47904446.02921774,0.142879,0.26744536587283924,0.25029234280460927,0.03576152433279057
1405,0.78,0.06413655107480194,0.1100117,0.06413655,5.761725e+07,0.4412427,8.983528e+08,0.003148213109829551,6.851507457093332e-05,22364538.8520788,3260394.501634986,0.1457841,0.017839704722817647,0.017153134089506382,0.0024383370329867622
1406,0.78,0.06413655107480194,0.1100117,0.06413655,5.761725e+07,0.4412427,8.983528e+08,0.01785395230284162,0.00018841077434376437,78114160.68815562,9367820.202792527,0.1199247,0.06230996179104747,0.060908765543729766,0.0070053290685157775
1407,0.78,0.06413655107480194,0.1100117,0.06413655,5.761725e+07,0.4412427,8.983528e+08,0.00013425810120713314,0.0,103661048.67896584,16150045.660045529,0.1557967,0.08268815699360978,0.0774043387896018,0.012056297457132457
1408,0.78,0.06413655107480194,0.1100117,0.06413655,5.761725e+07,0.4412427,8.983528e+08,0.039051140645101255,0.0026278982192482134,2879702.170255622,366833.6676357353,0.127386,0.002297075595736788,0.007826002621393508,0.000442392211355128
1409,0.78,0.06413655107480194,0.1100117,0.06413655,5.761725e+07,0.4412427,8.983528e+08,0.0,0.0,322956841.32902884,44904525.26925139,0.1390419,0.25761562648935254,0.2410930487033511,0.033522029919504856
1410,0.78,0.06413655107480194,0.1100117,0.06413655,5.761725e+07,0.4412427,8.983528e+08,0.028458336039737086,7.614597380236132e-05,46376337.67918536,8159991.274030056,0.1759516,0.036993392790008156,0.03875730736826867,0.006096462929334726
1411,0.78,0.06413655107480194,0.1100117,0.06413655,5.761725e+07,0.4412427,8.983528e+08,0.0,0.0,298998203.7025505,33442752.982078012,0.1118493,0.23850434395210346,0.22320749791465727,0.024965612248070847
1412,0.78,0.06413655107480194,0.1100117,0.06413655,5.761725e+07,0.4412427,8.983528e+08,0.0003357185069561179,0.0,261943605.37597775,36145146.873957016,0.1379883,0.2089466992744791,0.19559437677306424,0.02698299754175052
1413,0.78,0.06413655107480194,0.1100117,0.06413655,5.761725e+07,0.4412427,8.983528e+08,0.0,0.0,64969375.91213373,8246499.528634263,0.126929,0.05182465375048295,0.04850079919828119,0.006156159145932532
1414,0.78,0.06413655107480194,0.1100117,0.06413655,5.761725e+07,0.4412427,8.983528e+08,0.007043472738801653,1.5625396087835277e-05,103270729.29165857,15720956.18952586,0.1522305,0.08237680773381917,0.07811724286505081,0.011736976664670051
1415,0.78,0.06413655107480194,0.1100117,0.06413655,5.761725e+07,0.4412427,8.983528e+08,2.626846527998754e-09,0.0,250304712.08867767,31992268.997256376,0.1278133,0.19966260802094904,0.18685693734570888,0.02388280005385646
1416,0.78,0.06413655107480194,0.1100117,0.06413655,5.761725e+07,0.4412427,8.983528e+08,0.0023920958231586895,4.115064639565244e-06,31941047.270728346,4415812.117670456,0.1382488,0.025478676560969606,0.024192263676373834,0.0032967465197314316
1417,0.78,0.06413655107480194,0.1100117,0.06413655,5.761725e+07,0.4412427,8.983528e+08,0.0003749223171680797,0.0,177429712.5381776,22132598.93721361,0.1247401,0.14153181076842497,0.13250894515159975,0.016522380301784777
1418,0.78,0.06413655107480194,0.1100117,0.06413655,5.761725e+07,0.4412427,8.983528e+08,4.59527072702363e-07,0.0,297403975.12776375,34767690.31879698,0.1169039,0.23723266259873496,0.22201744461162326,0.02595470162774135
1419,0.78,0.06413655107480194,0.1100117,0.06413655,5.761725e+07,0.4412427,8.983528e+08,0.016834236166206742,0.0003749795908023898,65357351.08855862,6819174.925525912,0.1043368,0.052134133084395524,0.051237359208850024,0.005114685741373796
1420,0.78,0.06413655107480194,0.1100117,0.06413655,5.761725e+07,0.4412427,8.983528e+08,1.1375855948360988e-11,0.0,350127522.65049493,49881646.09487665,0.1424671,0.27928908620603604,0.2613764474656014,0.03723753948628447
1421,0.78,0.06413655107480194,0.1100117,0.06413655,5.761725e+07,0.4412427,8.983528e+08,0.0017537609334715102,7.093669261228157e-06,65131867.32959552,8522440.031215174,0.130849,0.05195426960917261,0.04887701873983821,0.0063626086217271755
1422,0.78,0.06413655107480194,0.1100117,0.06413655,5.761725e+07,0.4412427,8.983528e+08,0.00024552454681859426,0.0,159380261.74241233,16880757.92682412,0.105915,0.12713415764733016,0.11901589931524763,0.012601787211731294
1423,0.78,0.06413655107480194,0.1100117,0.06413655,5.761725e+07,0.4412427,8.983528e+08,0.004274199641563788,4.5933842276008567e-08,153498407.03218114,24492658.26853748,0.1595629,0.12244233046738877,0.11521057523645464,0.01828420967939245
1424,0.78,0.06413655107480194,0.1100117,0.06413655,5.761725e+07,0.4412427,8.983528e+08,0.013786009042120538,1.324589724425693e-05,59393584.69163003,10103221.11885778,0.1701063,0.04737696673901483,0.04634222800485379,0.007543084512440064
1425,0.78,0.06413655107480194,0.1100117,0.06413655,5.761725e+07,0.4412427,8.983528e+08,1.756612708152656e-06,0.0,11998103.463863388,1379639.6876548594,0.1149881,0.00957062537460919,0.008957053802767664,0.0010299256613981245
1426,0.78,0.06413655107480194,0.1100117,0.06413655,5.761725e+07,0.4412427,8.983528e+08,0.0,0.0,344167708.378653,50567984.68177912,0.1469283,0.2745350723846148,0.2569273396927945,0.03774990349652844
1427,0.78,0.06413655107480194,0.1100117,0.06413655,5.761725e+07,0.4412427,8.983528e+08,0.002019831053273769,1.7538412204344125e-07,159328709.58277258,18797715.08855998,0.1179807,0.12709303561428134,0.11923531789317941,0.014032841210294383
1428,0.78,0.06413655107480194,0.1100117,0.06413655,5.761725e+07,0.4412427,8.983528e+08,0.014320090718018484,0.00011375009617142292,89337647.1198349,10164571.710881427,0.113777,0.07126269205863792,0.06877363638241837,0.00759532981753705
1429,0.78,0.06413655107480194,0.1100117,0.06413655,5.761725e+07,0.4412427,8.983528e+08,4.19249462531435e-09,0.0,29917017.833623603,3486726.4597212314,0.1165466,0.023864152436548273,0.02233358861434211,0.0026029035604556326
1430,0.78,0.06413655107480194,0.1100117,0.06413655,5.761725e+07,0.4412427,8.983528e+08,8.57053397266282e-10,0.0,243257621.80250138,37218646.8143362,0.1530009,0.19404129784362176,0.18159615835842993,0.027784384415438713
1431,0.78,0.06413655107480194,0.1100117,0.06413655,5.761725e+07,0.4412427,8.983528e+08,1.7712028174908034e-09,0.0,312633703.5461489,41075874.67829763,0.1313866,0.24938108469631118,0.23338664227804878,0.030663873889756867
1432,0.78,0.06413655107480194,0.1100117,0.06413655,5.761725e+07,0.4412427,8.983528e+08,1.1987616057498544e-12,0.0,519653059.49815595,63104947.154620014,0.1214367,0.41451590846883024,0.3879302877341754,0.047108969839939056
1433,0.78,0.06413655107480194,0.1100117,0.06413655,5.761725e+07,0.4412427,8.983528e+08,0.017874863041260826,0.0015407255909754014,4579610.645843874,496587.8858446776,0.1084345,0.0036530555003924424,0.006016950386262502,0.00046952854931250985
1434,0.78,0.06413655107480194,0.1100117,0.06413655,5.761725e+07,0.4412427,8.983528e+08,3.688783799705514e-11,0.0,441597733.6793932,75693820.74085444,0.171409,0.35225287796951726,0.32966059327574115,0.05650678875641215
1435,0.78,0.06413655107480194,0.1100117,0.06413655,5.761725e+07,0.4412427,8.983528e+08,0.0,0.0,81728180.09044741,12050917.4010523,0.1474512,0.06519278622243191,0.06101154575916827,0.008996225018599145
1436,0.78,0.06413655107480194,0.1100117,0.06413655,5.761725e+07,0.4412427,8.983528e+08,0.00035369383930652036,7.726002874482859e-08,134368040.27888116,16200332.275837412,0.1205669,0.10718245426894181,0.10035955225783187,0.012093842268920395
1437,0.78,0.06413655107480194,0.1100117,0.06413655,5.761725e+07,0.4412427,8.983528e+08,0.0,0.0,164689830.9663656,21908424.452510923,0.1330284,0.13136948518022412,0.12294389948429227,0.016355030046140525
1438,0.78,0.06413655107480194,0.1100117,0.06413655,5.761725e+07,0.4412427,8.983528e+08,0.0,0.0,222445844.86624596,34026530.416011006,0.1529655,0.17744019742498143,0.1660597951401112,0.025401412526312152
1439,0.78,0.06413655107480194,0.1100117,0.06413655,5.761725e+07,0.4412427,8.983528e+08,0.0,0.0,132454625.67032672,17194795.49347522,0.1298165,0.10565616518000923,0.09887974314557385,0.012836221862626828
1440,0.78,0.06413655107480194,0.1100117,0.06413655,5.761725e+07,0.4412427,8.983528e+08,0.0,0.0,26886882.43649732,4574073.863974079,0.1701229,0.021447079537686955,0.020071537825512756,0.0034146278131829914
1441,0.78,0.06413655107480194,0.1100117,0.06413655,5.761725e+07,0.4412427,8.983528e+08,3.04098532139823e-06,3.260539690082455e-10,185233996.19127506,22182288.16244678,0.1197528,0.14775711757511684,0.13828092767756817,0.016559474216573947
1442,0.78,0.06413655107480194,0.1100117,0.06413655,5.761725e+07,0.4412427,8.983528e+08,0.0,0.0,252335437.2751821,32444117.789908014,0.1285754,0.20128247319858764,0.18837290957582398,0.02422011324569043
1443,0.78,0.06413655107480194,0.1100117,0.06413655,5.761725e+07,0.4412427,8.983528e+08,0.011720912806759803,2.2608941185149345e-06,135632164.01635456,16131083.754927516,0.1189326,0.10819081819536965,0.1029555180308527,0.012042287062333073
1444,0.78,0.06413655107480194,0.1100117,0.06413655,5.761725e+07,0.4412427,8.983528e+08,0.0,0.0,103603692.66380112,16085172.125286693,0.1552567,0.08264240535162942,0.07734200649985015,0.012007868205066432
1445,0.78,0.06413655107480194,0.1100117,0.06413655,5.761725e+07,0.4412427,8.983528e+08,0.0,0.0,485482101.97524303,65961209.116126075,0.1358674,0.38725848114888134,0.36242105779352596,0.04924122039503208
1446,0.78,0.06413655107480194,0.1100117,0.06413655,5.761725e+07,0.4412427,8.983528e+08,0.0,0.0,301089127.2755063,34866063.943994164,0.1157998,0.24017222806928676,0.224768409696972,0.02602813929549036
1447,0.78,0.06413655107480194,0.1100117,0.06413655,5.761725e+07,0.4412427,8.983528e+08,0.0,0.0,172126261.61667642,26212448.82787354,0.1522862,0.13730136367191612,0.12849532774813233,0.019568061094126687
1448,0.78,0.06413655107480194,0.1100117,0.06413655,5.761725e+07,0.4412427,8.983528e+08,0.00010967968666660366,0.0,63265802.02582575,8146458.127519247,0.1287656,0.05046575002766318,0.04724499329407932,0.006081476453681399
1449,0.78,0.06413655107480194,0.1100117,0.06413655,5.761725e+07,0.4412427,8.983528e+08,1.6103710927095254e-05,1.8019442954579061e-10,244645694.37985668,25767907.89089837,0.1053275,0.195148533055474,0.18263471994257452,0.01923620335859982
1450,0.78,0.06413655107480194,0.1100117,0.06413655,5.761725e+07,0.4412427,8.983528e+08,5.235799253666188e-06,0.0,163728711.3631249,24261326.26622699,0.14818,0.1306028210411363,0.12222716758516466,0.01811151326301258
1451,0.78,0.06413655107480194,0.1100117,0.06413655,5.761725e+07,0.4412427,8.983528e+08,0.00048620375296722003,0.0,207083162.9799171,31719382.106152505,0.1531722,0.16518572124662684,0.15466195063411026,0.023679085117034968
1452,0.78,0.06413655107480194,0.1100117,0.06413655,5.761725e+07,0.4412427,8.983528e+08,0.0,0.0,50321651.86186586,9529506.256852666,0.1893719,0.0401404838399639,0.0375660116479948,0.007113946577653004
1453,0.78,0.06413655107480194,0.1100117,0.06413655,5.761725e+07,0.4412427,8.983528e+08,0.001977232727501597,7.489702857652193e-06,209595238.13440564,24788041.334772155,0.1182662,0.16718954879227893,0.15675398715346117,0.018505195830307828
1454,0.78,0.06413655107480194,0.1100117,0.06413655,5.761725e+07,0.4412427,8.983528e+08,0.02778733843265765,0.0007262156694137374,70407387.23193005,7645873.410851158,0.1085948,0.05616243674105371,0.056599382525563485,0.005754357992723143
1455,0.78,0.06413655107480194,0.1100117,0.06413655,5.761725e+07,0.4412427,8.983528e+08,0.064214352529461,0.004824820338770474,16499800.500046505,2347457.0490110056,0.1422718,0.013161530888389788,0.0216512317659204,0.00206186593888342
1456,0.78,0.06413655107480194,0.1100117,0.06413655,5.761725e+07,0.4412427,8.983528e+08,0.0,0.0,172815793.930714,22148155.149243347,0.1281605,0.13785138855553353,0.1290100759327092,0.016533993291833516
1457,0.78,0.06413655107480194,0.1100117,0.06413655,5.761725e+07,0.4412427,8.983528e+08,0.022262418998289676,0.00011494490451185322,81027825.10207252,10102559.749539161,0.1246801,0.06463412832761022,0.0637246579069238,0.007549113412008314
1458,0.78,0.06413655107480194,0.1100117,0.06413655,5.761725e+07,0.4412427,8.983528e+08,0.0,0.0,502865268.2269733,72664458.26098134,0.1445008,0.4011246536253012,0.3753979017906998,0.05424531557351072
1459,0.78,0.06413655107480194,0.1100117,0.06413655,5.761725e+07,0.4412427,8.983528e+08,0.03852820994809921,0.0004903863469050378,50122305.82353985,6345685.5144988075,0.126604,0.0399814698542555,0.043017439546359566,0.004768619232819243
1460,0.78,0.06413655107480194,0.1100117,0.06413655,5.761725e+07,0.4412427,8.983528e+08,0.01923529827113125,1.0521875440805471e-05,58588152.34551937,11102245.303293282,0.1894964,0.04673449092836404,0.046533036321861905,0.008288699195128922
1461,0.78,0.06413655107480194,0.1100117,0.06413655,5.761725e+07,0.4412427,8.983528e+08,0.0,0.0,173957270.9602835,26037194.760562878,0.1496758,0.13876191987880762,0.1298622089172629,0.019437230803578533
1462,0.78,0.06413655107480194,0.1100117,0.06413655,5.761725e+07,0.4412427,8.983528e+08,0.01501118627573805,1.2656661915097801e-05,78026931.65741956,14264068.11429758,0.1828095,0.0622403810962752,0.06043043907997571,0.010649193298246078
1463,0.78,0.06413655107480194,0.1100117,0.06413655,5.761725e+07,0.4412427,8.983528e+08,0.0001261652035173364,0.0,73268859.53232923,10397840.65727429,0.1419135,0.058444970767320845,0.05471485057697187,0.007762173712369004
1464,0.78,0.06413655107480194,0.1100117,0.06413655,5.761725e+07,0.4412427,8.983528e+08,0.0,0.0,129901556.17462419,12480557.368924221,0.09607704,0.10361963734273022,0.09697383117994575,0.009316958926178828
1465,0.78,0.06413655107480194,0.1100117,0.06413655,5.761725e+07,0.4412427,8.983528e+08,0.0,0.0,85972235.01373895,11887803.44749766,0.1382749,0.06857817624364865,0.0641798085403811,0.00887445753974125
1466,0.78,0.06413655107480194,0.1100117,0.06413655,5.761725e+07,0.4412427,8.983528e+08,0.0,0.0,126925378.9347056,16325823.340562174,0.1286254,0.10124560568868685,0.09475206172833514,0.012187518634288406
1467,0.78,0.06413655107480194,0.1100117,0.06413655,5.761725e+07,0.4412427,8.983528e+08,0.0,0.0,193372437.35345492,20628589.402078807,0.106678,0.15424897453660383,0.14435597730300112,0.015399610328520344
1468,0.78,0.06413655107480194,0.1100117,0.06413655,5.761725e+07,0.4412427,8.983528e+08,0.00028426733333889343,0.0,134081777.93676847,15762646.79831174,0.1175599,0.10695410904392601,0.10013576086270334,0.011767097289533433
1469,0.78,0.06413655107480194,0.1100117,0.06413655,5.761725e+07,0.4412427,8.983528e+08,8.342504191780675e-06,0.0,262719298.0574856,43466982.26129945,0.1654503,0.2095654524034963,0.196125859681258,0.032448878395595133
1470,0.78,0.06413655107480194,0.1100117,0.06413655,5.761725e+07,0.4412427,8.983528e+08,0.03095125354288817,0.00026292800954023416,61009889.06478002,8235704.764384129,0.1349897,0.04866625747511756,0.05004387119799545,0.00616496395738358
1471,0.78,0.06413655107480194,0.1100117,0.06413655,5.761725e+07,0.4412427,8.983528e+08,0.0,0.0,22737199.55317108,2446679.226406102,0.1076069,0.018136968033868058,0.016973725457221832,0.0018264897299154472
1472,0.78,0.06413655107480194,0.1100117,0.06413655,5.761725e+07,0.4412427,8.983528e+08,0.0,0.0,32964328.2469183,4747675.425459255,0.1440246,0.026294925471105686,0.024608459640620008,0.0035442244786256113
1473,0.78,0.06413655107480194,0.1100117,0.06413655,5.761725e+07,0.4412427,8.983528e+08,0.060675737124131636,0.021901431778852103,674424.4751497698,70449.05769294991,0.104458,0.0005379736901391473,0.009322952813291093,0.0014572737773873746
1474,0.78,0.06413655107480194,0.1100117,0.06413655,5.761725e+07,0.4412427,8.983528e+08,1.7396225492071394e-10,0.0,489206209.76460624,66170051.11168695,0.13526,0.39022912068487203,0.3652011707804779,0.049397124673758175
1475,0.78,0.06413655107480194,0.1100117,0.06413655,5.761725e+07,0.4412427,8.983528e+08,0.00150021054547314,3.4910762549327463e-06,204040094.09126517,24762394.14301818,0.1213604,0.16275833158374106,0.15253763568005857,0.018485793285593143
1476,0.78,0.06413655107480194,0.1100117,0.06413655,5.761725e+07,0.4412427,8.983528e+08,0.0036053752849865375,0.0011022345024387314,29142.92284413912,2671.512841815387,0.09166935,2.3246673751601806e-05,0.0005458127271836983,7.268785150047206e-05
1477,0.78,0.06413655107480194,0.1100117,0.06413655,5.761725e+07,0.4412427,8.983528e+08,0.0011699064187160836,2.1868369394895417e-07,209617001.2073015,23554668.244171243,0.11237,0.16720690872073043,0.15665288527754254,0.017583994457224927
1478,0.78,0.06413655107480194,0.1100117,0.06413655,5.761725e+07,0.4412427,8.983528e+08,0.0,0.0,364966330.1518969,49316841.91712863,0.1351271,0.2911256792167225,0.2724538822224528,0.036815903082567825
1479,0.78,0.06413655107480194,0.1100117,0.06413655,5.761725e+07,0.4412427,8.983528e+08,0.026039449823838667,5.585944275153471e-05,40534015.239119716,5181723.248069638,0.1278364,0.03233309963951582,0.03404431369109673,0.0038718315604763525
1480,0.78,0.06413655107480194,0.1100117,0.06413655,5.761725e+07,0.4412427,8.983528e+08,0.0,0.0,369850445.34270716,64438193.02244656,0.1742277,0.29502163134936327,0.2760999614221535,0.04810426168643679
1481,0.78,0.06413655107480194,0.1100117,0.06413655,5.761725e+07,0.4412427,8.983528e+08,0.037682180285119264,0.002004009230406118,52151773.97094632,4925734.903086875,0.09445,0.04160033231923004,0.044409499656478627,0.0038056792984285195
1482,0.78,0.06413655107480194,0.1100117,0.06413655,5.761725e+07,0.4412427,8.983528e+08,0.0,0.0,394515792.45950687,58561946.117871314,0.1484401,0.31469664062900277,0.29451308346423216,0.04371753844710985
1483,0.78,0.06413655107480194,0.1100117,0.06413655,5.761725e+07,0.4412427,8.983528e+08,1.930793079113292e-07,0.0,364833847.66400915,66026589.04106656,0.1809771,0.2910200008264595,0.27235500974458354,0.04929002767641069
1484,0.78,0.06413655107480194,0.1100117,0.06413655,5.761725e+07,0.4412427,8.983528e+08,0.0268150650913044,0.007605030290178678,206051.96834661445,21517.47502394259,0.1044274,0.00016436315978486147,0.004051508081945625,0.000503823592948462
1485,0.78,0.06413655107480194,0.1100117,0.06413655,5.761725e+07,0.4412427,8.983528e+08,6.265279181527098e-08,0.0,333446993.7257124,51015902.95287252,0.1529955,0.2659833921961245,0.24892414388434508,0.0380842824838366
1486,0.78,0.06413655107480194,0.1100117,0.06413655,5.761725e+07,0.4412427,8.983528e+08,0.0,0.0,216086470.6638885,30982521.433036752,0.1433802,0.17236746336405018,0.16131240874636774,0.023129005467320756
1487,0.78,0.06413655107480194,0.1100117,0.06413655,5.761725e+07,0.4412427,8.983528e+08,4.978023488404233e-07,0.0,290810081.55104697,36102906.616522215,0.124146,0.23197285754930613,0.21709499088086887,0.02695146443534206
1488,0.78,0.06413655107480194,0.1100117,0.06413655,5.761725e+07,0.4412427,8.983528e+08,0.0052733296307492334,0.0001636281535753055,69209363.47048439,7736682.751587817,0.1117866,0.05520679932342266,0.05243252706927055,0.005786066364112436
1489,0.78,0.06413655107480194,0.1100117,0.06413655,5.761725e+07,0.4412427,8.983528e+08,7.235361877533371e-05,0.0,172425898.67222822,20221389.507887263,0.1172758,0.13754037761405075,0.1287295290742663,0.015095628336628425
1490,0.78,0.06413655107480194,0.1100117,0.06413655,5.761725e+07,0.4412427,8.983528e+08,0.0016246651123905695,1.0407353215631171e-08,131731109.6435045,19335963.785524584,0.1467836,0.10507903223011453,0.09857577766923217,0.014434642892396023
1491,0.78,0.06413655107480194,0.1100117,0.06413655,5.761725e+07,0.4412427,8.983528e+08,0.0009129383110069868,2.5370441417486274e-08,142717450.3568488,26515173.904436328,0.1857879,0.1138425965319161,0.106673824588318,0.019794052396350396
1492,0.78,0.06413655107480194,0.1100117,0.06413655,5.761725e+07,0.4412427,8.983528e+08,0.006693737852069861,0.00018039740933053667,90938695.96029334,8392217.713204361,0.09228434,0.07253981378913733,0.06886032429450727,0.006276510440285467
1493,0.78,0.06413655107480194,0.1100117,0.06413655,5.761725e+07,0.4412427,8.983528e+08,0.00031401909758543655,8.802450182259639e-08,75430626.24115255,9298961.921979534,0.1232783,0.0601693649084252,0.05635595340760342,0.006941846760705731
1494,0.78,0.06413655107480194,0.1100117,0.06413655,5.761725e+07,0.4412427,8.983528e+08,4.701772872737633e-09,0.0,406078864.1303951,60327283.48695984,0.1485605,0.3239202506332953,0.30314512361781354,0.045035394314637024
1495,0.78,0.06413655107480194,0.1100117,0.06413655,5.761725e+07,0.4412427,8.983528e+08,0.0005794168916826857,4.1355200609651164e-07,137349207.99258605,14371490.976278827,0.1046347,0.10956046671504906,0.10261785701691059,0.010728601151991713
1496,0.78,0.06413655107480194,0.1100117,0.06413655,5.761725e+07,0.4412427,8.983528e+08,0.0,0.0,446498833.82719165,52565377.71663853,0.1177279,0.3561623786317925,0.33331935204375157,0.03924099306209204
1497,0.78,0.06413655107480194,0.1100117,0.06413655,5.761725e+07,0.4412427,8.983528e+08,0.0,0.0,424865262.69736385,59686928.18638621,0.1404844,0.338905750913742,0.3171695049107187,0.044557357648705685
1498,0.78,0.06413655107480194,0.1100117,0.06413655,5.761725e+07,0.4412427,8.983528e+08,0.006363475663515371,6.620350318535682e-07,131745109.50472775,21188003.799111716,0.1608257,0.10509019961398214,0.09927503558754426,0.015817265625337976
1499,0.78,0.06413655107480194,0.1100117,0.06413655,5.761725e+07,0.4412427,8.983528e+08,0.055678967442895105,0.0006935331413817702,40083045.999954715,6185065.555218391,0.1543063,0.03197337131607536,0.03801589019779822,0.004661742699978947
1500,0.78,0.06413655107480194,0.1100117,0.06413655,5.761725e+07,0.4412427,8.983528e+08,0.0,0.0,104653264.13094114,15201814.53133123,0.1452589,0.08347962561282572,0.0781255303410034,0.011348425988126356
1501,0.78,0.06413655107480194,0.1100117,0.06413655,5.761725e+07,0.4412427,8.983528e+08,1.1286567093722992e-05,7.39066083744825e-10,200376685.09526467,28118389.259279683,0.1403276,0.15983611015097102,0.14958641386040525,0.02099087970565461
1502,0.78,0.06413655107480194,0.1100117,0.06413655,5.761725e+07,0.4412427,8.983528e+08,0.0,0.0,534886033.46122944,67838017.11157668,0.126827,0.4266669194665974,0.3993019747942996,0.05064229107553523
1503,0.78,0.06413655107480194,0.1100117,0.06413655,5.761725e+07,0.4412427,8.983528e+08,5.391398942694503e-05,0.0,211103525.89376763,36762817.14711297,0.1741459,0.16839267703212443,0.15760038813442628,0.02744409942965537
1504,0.78,0.06413655107480194,0.1100117,0.06413655,5.761725e+07,0.4412427,8.983528e+08,0.0,0.0,74468771.64617054,11487827.780249206,0.1542637,0.05940211448246037,0.05559226773300482,0.008575868562256663
1505,0.78,0.06413655107480194,0.1100117,0.06413655,5.761725e+07,0.4412427,8.983528e+08,0.00018815792366214988,0.0,200244693.480085,26658757.878999654,0.1331309,0.15973082331915806,0.14951358878558685,0.019901238769995364
1506,0.78,0.06413655107480194,0.1100117,0.06413655,5.761725e+07,0.4412427,8.983528e+08,0.0036340103314802374,3.3480172376712435e-07,80274351.22728392,11390572.848490758,0.1418955,0.06403309865597286,0.060454455797295914,0.00850328749216269
1507,0.78,0.06413655107480194,0.1100117,0.06413655,5.761725e+07,0.4412427,8.983528e+08,5.469482281886818e-06,0.0,239294938.9140241,28612977.838719346,0.119572,0.19088035215597904,0.17863873971384425,0.02136009886407757
1508,0.78,0.06413655107480194,0.1100117,0.06413655,5.761725e+07,0.4412427,8.983528e+08,0.0005618989719366818,0.0,144869913.91838416,21518951.829801533,0.1485398,0.11555956975539243,0.10822965197270146,0.01606428177894456
1509,0.78,0.06413655107480194,0.1100117,0.06413655,5.761725e+07,0.4412427,8.983528e+08,0.016433625808906116,0.002619815636103719,86682.89935627895,10870.499879555986,0.1254054,6.914505768537222e-05,0.0024534094840734035,0.00017614096161303944
1510,0.78,0.06413655107480194,0.1100117,0.06413655,5.761725e+07,0.4412427,8.983528e+08,9.279548228794784e-12,0.0,505896352.7941864,57525775.313928016,0.1137106,0.403542483656433,0.37766066054389863,0.04294401844031246
1511,0.78,0.06413655107480194,0.1100117,0.06413655,5.761725e+07,0.4412427,8.983528e+08,6.736155159752729e-09,0.0,277340001.83800536,35248935.52487563,0.1270965,0.22122806883432924,0.20703926447748605,0.026313959767094927
1512,0.78,0.06413655107480194,0.1100117,0.06413655,5.761725e+07,0.4412427,8.983528e+08,0.0,0.0,109310527.53305037,10450877.852832865,0.09560724,0.08719462302276745,0.08160226062981965,0.007801766925874783
1513,0.78,0.06413655107480194,0.1100117,0.06413655,5.761725e+07,0.4412427,8.983528e+08,0.02530578434376687,0.006119929538240005,18606.939018217254,2332.7617266915686,0.1253705,1.4842349313615113e-05,0.0036921964843736306,0.00039425262168581014
1514,0.78,0.06413655107480194,0.1100117,0.06413655,5.761725e+07,0.4412427,8.983528e+08,0.05703190428248842,0.002055020307642671,37782945.969175816,4364899.391285127,0.1155256,0.030138631702017752,0.036495479722321075,0.0033902772492650137
1515,0.78,0.06413655107480194,0.1100117,0.06413655,5.761725e+07,0.4412427,8.983528e+08,0.001473247843373472,8.370875639235778e-07,116345000.73814368,16328280.008867988,0.1403436,0.09280586882977736,0.08706776348003153,0.012189406268953758
1516,0.78,0.06413655107480194,0.1100117,0.06413655,5.761725e+07,0.4412427,8.983528e+08,4.209399355782726e-08,0.0,121815780.07448089,17823320.448771812,0.1463137,0.09716979015225419,0.09093766106177183,0.013305426964568642
1517,0.78,0.06413655107480194,0.1100117,0.06413655,5.761725e+07,0.4412427,8.983528e+08,0.0001961161073843201,0.0,169953282.93266797,36485542.47503327,0.2146798,0.1355680259828144,0.1269016666914125,0.0272371089359881
1518,0.78,0.06413655107480194,0.1100117,0.06413655,5.761725e+07,0.4412427,8.983528e+08,0.0,0.0,54455936.175484285,8388937.808315607,0.15405,0.0434383122406722,0.04065232870904514,0.006262491865063412
1519,0.78,0.06413655107480194,0.1100117,0.06413655,5.761725e+07,0.4412427,8.983528e+08,4.1976844548109596e-08,0.0,320197289.9591109,38510279.03882193,0.1202705,0.25541439256575627,0.23903300043324052,0.028748610934137837
1520,0.78,0.06413655107480194,0.1100117,0.06413655,5.761725e+07,0.4412427,8.983528e+08,0.0,0.0,266798989.01766476,39839726.395055115,0.1493249,0.2128197328772106,0.1991702092098057,0.02974106712390569
1521,0.78,0.06413655107480194,0.1100117,0.06413655,5.761725e+07,0.4412427,8.983528e+08,0.03050428763352657,0.00015842457285370298,48351847.3086241,8020541.059181372,0.1658787,0.03856921372239435,0.040529448564198774,0.005997637919526119
1522,0.78,0.06413655107480194,0.1100117,0.06413655,5.761725e+07,0.4412427,8.983528e+08,1.8357093425615806e-05,0.0,305744932.18825287,46474165.51263778,0.1520031,0.24388606207408323,0.22824671948099168,0.03469379438836759
1523,0.78,0.06413655107480194,0.1100117,0.06413655,5.761725e+07,0.4412427,8.983528e+08,0.00011799441297422946,0.0,198972173.02665204,30420035.290625405,0.1528859,0.15871576151559755,0.14855343097308585,0.0227090995183733
1524,0.78,0.06413655107480194,0.1100117,0.06413655,5.761725e+07,0.4412427,8.983528e+08,0.017089795434002148,0.00027082190075561937,54915773.99606656,6923568.720583029,0.1260761,0.04380511483802642,0.043479682120298756,0.005185937258410645
1525,0.78,0.06413655107480194,0.1100117,0.06413655,5.761725e+07,0.4412427,8.983528e+08,4.010256971586516e-07,0.0,274776493.1248462,30398727.615644578,0.1106307,0.21918321386103395,0.20512561676132987,0.02269319295853463
1526,0.78,0.06413655107480194,0.1100117,0.06413655,5.761725e+07,0.4412427,8.983528e+08,0.00012851676206788686,0.0,177786312.63446265,30942627.926937684,0.1740439,0.14181626288540936,0.13273933736924307,0.02309922425268753
1527,0.78,0.06413655107480194,0.1100117,0.06413655,5.761725e+07,0.4412427,8.983528e+08,4.599187536577127e-09,0.0,86180001.95769396,8926042.057041775,0.1035744,0.0687439074020613,0.0643349109423995,0.006663449777160986
1528,0.78,0.06413655107480194,0.1100117,0.06413655,5.761725e+07,0.4412427,8.983528e+08,5.0930443305161285e-05,0.0,170520866.7709269,25460648.51994066,0.149311,0.1360207752278113,0.1273042747921387,0.019006828740262428
1529,0.78,0.06413655107480194,0.1100117,0.06413655,5.761725e+07,0.4412427,8.983528e+08,0.0,0.0,503414017.7375023,69369094.09647873,0.1377973,0.40156237913797,0.37580755309866865,0.051785267383361755
1530,0.78,0.06413655107480194,0.1100117,0.06413655,5.761725e+07,0.4412427,8.983528e+08,0.0,0.0,430053088.3613195,56778536.87120007,0.1320268,0.3430439662648634,0.3210423094016144,0.04238619160027942
1531,0.78,0.06413655107480194,0.1100117,0.06413655,5.761725e+07,0.4412427,8.983528e+08,0.00029867723607083835,6.992034886308658e-09,173609353.30046254,26332642.434337202,0.1516776,0.1384843935519689,0.1296458962101736,0.01965778821594924
1532,0.78,0.06413655107480194,0.1100117,0.06413655,5.761725e+07,0.4412427,8.983528e+08,1.7675833106900583e-07,1.0971372873932133e-10,374418925.539783,47021857.34527913,0.1255862,0.2986658083336026,0.27951043915571155,0.035102656127944235
1533,0.78,0.06413655107480194,0.1100117,0.06413655,5.761725e+07,0.4412427,8.983528e+08,0.0,0.0,245772639.20116818,33260518.303417828,0.1353304,0.19604747235326495,0.18347366362959397,0.02482957080650591
1534,0.78,0.06413655107480194,0.1100117,0.06413655,5.761725e+07,0.4412427,8.983528e+08,2.055344857028462e-06,0.0,131648440.06255208,16393535.545651862,0.1245251,0.10501308850896272,0.09827820994761997,0.012238067004443126
1535,0.78,0.06413655107480194,0.1100117,0.06413655,5.761725e+07,0.4412427,8.983528e+08,0.0,0.0,192189837.16639012,24946967.315213665,0.1298038,0.15330564016776554,0.14347314514709045,0.018623356548747316
1536,0.78,0.06413655107480194,0.1100117,0.06413655,5.761725e+07,0.4412427,8.983528e+08,0.9482053719806988,0.37459441173235364,84.88541763492003,13.388006025765991,0.1577186,6.771124573128738e-08,0.13782584778308266,0.024025203614793034
1537,0.78,0.06413655107480194,0.1100117,0.06413655,5.761725e+07,0.4412427,8.983528e+08,0.0,0.0,10901676.633556422,1266956.6987734346,0.1162167,0.00869602961244202,0.008138296265055644,0.000945805798153764
1538,0.78,0.06413655107480194,0.1100117,0.06413655,5.761725e+07,0.4412427,8.983528e+08,9.191069246808672e-09,0.0,434201166.8117796,62541073.26652715,0.1440371,0.3463527979475884,0.32413892536808436,0.04668802791406104
1539,0.78,0.06413655107480194,0.1100117,0.06413655,5.761725e+07,0.4412427,8.983528e+08,0.0,0.0,30731562.846361563,4063518.0487233303,0.1322262,0.024513897222559734,0.02294166040130259,0.00303348878071821
1540,0.78,0.06413655107480194,0.1100117,0.06413655,5.761725e+07,0.4412427,8.983528e+08,1.0402610353158324e-05,0.0,347826069.1852427,46661248.63018694,0.1341511,0.2774532669868265,0.2596598834226191,0.03483345527613588
1541,0.78,0.06413655107480194,0.1100117,0.06413655,5.761725e+07,0.4412427,8.983528e+08,0.02871146456081887,0.010206809228509549,322721.561444238,26783.91279295222,0.08299387,0.0002574279488582756,0.004414253946460561,0.000674624210543064
1542,0.78,0.06413655107480194,0.1100117,0.06413655,5.761725e+07,0.4412427,8.983528e+08,2.3732366606790818e-11,0.0,45226463.52653971,5539973.973529941,0.1224941,0.03607616326485335,0.0337623625804838,0.004135689491881024
1543,0.78,0.06413655107480194,0.1100117,0.06413655,5.761725e+07,0.4412427,8.983528e+08,0.002775691758715823,3.030256061504448e-07,128245474.35057577,22507152.373835057,0.1755006,0.10229861700185684,0.09614099542508847,0.016802010565189426
1544,0.78,0.06413655107480194,0.1100117,0.06413655,5.761725e+07,0.4412427,8.983528e+08,2.816516426894158e-05,0.0,279654998.643776,41478609.914923474,0.1483206,0.22307469128079993,0.20877154387938268,0.03096452293505598
1545,0.78,0.06413655107480194,0.1100117,0.06413655,5.761725e+07,0.4412427,8.983528e+08,0.02697258094367305,0.01243827160561965,595752.5016207973,54664.99276452777,0.09175789,0.000475218773214592,0.0043653221042625765,0.0008385562353017212
1546,0.78,0.06413655107480194,0.1100117,0.06413655,5.761725e+07,0.4412427,8.983528e+08,0.0,0.0,46793178.12643721,5288893.112907814,0.113027,0.03732589732071566,0.034931943000792776,0.003948253146178169
1547,0.78,0.06413655107480194,0.1100117,0.06413655,5.761725e+07,0.4412427,8.983528e+08,0.0,0.0,204452857.55573818,29046429.592354678,0.1420691,0.163087583994232,0.15262770883371993,0.021683678337792108
1548,0.78,0.06413655107480194,0.1100117,0.06413655,5.761725e+07,0.4412427,8.983528e+08,0.0031828500330272833,2.3161939547826343e-09,167837373.01378495,22552734.595885415,0.1343725,0.13388021080260354,0.12575623695214289,0.01683601922139227
1549,0.78,0.06413655107480194,0.1100117,0.06413655,5.761725e+07,0.4412427,8.983528e+08,0.0015601873012318936,5.032082534761573e-06,108704627.69269429,10941948.351797314,0.1006576,0.08671130993882474,0.08137672560586962,0.008168682562224527
1550,0.78,0.06413655107480194,0.1100117,0.06413655,5.761725e+07,0.4412427,8.983528e+08,0.0,0.0,240599472.77501598,35117705.089673236,0.1459592,0.19192095035632373,0.17961180252147088,0.026215993903992558
1551,0.78,0.06413655107480194,0.1100117,0.06413655,5.761725e+07,0.4412427,8.983528e+08,2.365563301586545e-12,0.0,526560891.04313487,57635108.894217245,0.1094557,0.4200261349864646,0.39308710732749746,0.0430256379102364
1552,0.78,0.06413655107480194,0.1100117,0.06413655,5.761725e+07,0.4412427,8.983528e+08,1.8024289991460558e-16,0.0,165693425.0857837,24089092.131927747,0.1453835,0.1321700303142147,0.12369310041440901,0.01798293740638076
1553,0.78,0.06413655107480194,0.1100117,0.06413655,5.761725e+07,0.4412427,8.983528e+08,0.04366975298405147,0.0007368281047607704,33636173.754763715,5040320.332057367,0.1498482,0.0268308419752906,0.03145759327828761,0.0038099467401829716
1554,0.78,0.06413655107480194,0.1100117,0.06413655,5.761725e+07,0.4412427,8.983528e+08,7.695412618967777e-09,0.0,444641887.3311315,65087640.5386343,0.1463822,0.35468113292425113,0.33193310944574805,0.04858908585367282
1555,0.78,0.06413655107480194,0.1100117,0.06413655,5.761725e+07,0.4412427,8.983528e+08,4.722689098849633e-05,3.037183956110052e-09,154507176.9218233,17732358.487039063,0.1147672,0.12324700420036906,0.11534923105514142,0.013237522430731487
1556,0.78,0.06413655107480194,0.1100117,0.06413655,5.761725e+07,0.4412427,8.983528e+08,0.0,0.0,388628198.2123559,49805615.758663274,0.1281575,0.310000235145678,0.29011788923105664,0.037180781482719076
1557,0.78,0.06413655107480194,0.1100117,0.06413655,5.761725e+07,0.4412427,8.983528e+08,0.0,0.0,311438490.6035095,42346934.88915972,0.1359721,0.2484276894075192,0.23249439421743884,0.03161274303295628
1558,0.78,0.06413655107480194,0.1100117,0.06413655,5.761725e+07,0.4412427,8.983528e+08,1.4260576237492474e-07,0.0,276890207.64515245,45109304.46818485,0.162914,0.22086927781969637,0.20670350483032804,0.03367490124800413
1559,0.78,0.06413655107480194,0.1100117,0.06413655,5.761725e+07,0.4412427,8.983528e+08,0.0,0.0,503702263.47095734,73476144.3128773,0.1458722,0.4017923064709886,0.3760227336855496,0.054851253704550997
1560,0.78,0.06413655107480194,0.1100117,0.06413655,5.761725e+07,0.4412427,8.983528e+08,3.75314133098472e-05,2.9291002230321785e-11,266451292.24427325,36397556.94719993,0.1366012,0.21254238274665763,0.19891610271460516,0.02717142617028757
1561,0.78,0.06413655107480194,0.1100117,0.06413655,5.761725e+07,0.4412427,8.983528e+08,0.0,0.0,185432766.24094483,28898460.964131605,0.1558433,0.14791567210724033,0.13842887104837068,0.021573217114726057
1562,0.78,0.06413655107480194,0.1100117,0.06413655,5.761725e+07,0.4412427,8.983528e+08,0.0,0.0,361813190.69941354,55481695.335435,0.1533435,0.28861048866644023,0.27010000731936157,0.04141807623769388
1563,0.78,0.06413655107480194,0.1100117,0.06413655,5.761725e+07,0.4412427,8.983528e+08,0.0,0.0,177688231.73605603,27068879.670913182,0.1523392,0.14173802589254778,0.1326474377556488,0.020207402010709554
1564,0.78,0.06413655107480194,0.1100117,0.06413655,5.761725e+07,0.4412427,8.983528e+08,0.021871347111020803,0.00039589288986471946,72719125.56217383,8744420.743493674,0.1202493,0.05800645997268565,0.05746522133830222,0.006553257428155302
1565,0.78,0.06413655107480194,0.1100117,0.06413655,5.761725e+07,0.4412427,8.983528e+08,0.00294961479013956,5.831950098839361e-07,116656867.76057817,19353766.52751337,0.1659034,0.09305463834967732,0.08751517415268463,0.014447969693797566
1566,0.78,0.06413655107480194,0.1100117,0.06413655,5.761725e+07,0.4412427,8.983528e+08,0.0,0.0,262300769.45708376,33714625.68529156,0.1285342,0.2092316012698509,0.19581220798854454,0.02516857007552308
1567,0.78,0.06413655107480194,0.1100117,0.06413655,5.761725e+07,0.4412427,8.983528e+08,0.0,0.0,118645815.2241502,15360237.962300599,0.129463,0.09464117834918301,0.08857121958021119,0.011466691908121336
1568,0.78,0.06413655107480194,0.1100117,0.06413655,5.761725e+07,0.4412427,8.983528e+08,3.7621072469542586e-06,0.0,260146488.87218684,43873549.06597391,0.1686494,0.20751317864648045,0.19420454590421482,0.03275238777485823
1569,0.78,0.06413655107480194,0.1100117,0.06413655,5.761725e+07,0.4412427,8.983528e+08,1.4123622606666303e-10,0.0,408443381.10649735,67067007.691497274,0.1642015,0.32580637423927494,0.30491027709791096,0.050066718776459615
1570,0.78,0.06413655107480194,0.1100117,0.06413655,5.761725e+07,0.4412427,8.983528e+08,7.40419213766791e-05,0.0,180672102.11146924,27806706.470579255,0.153907,0.1441181941929367,0.13488571258632295,0.020758202891144537
1571,0.78,0.06413655107480194,0.1100117,0.06413655,5.761725e+07,0.4412427,8.983528e+08,4.5556047106589954e-06,0.0,257228569.19144845,41749661.7598368,0.1623057,0.2051856177764099,0.19202638209908277,0.03116686797713002
1572,0.78,0.06413655107480194,0.1100117,0.06413655,5.761725e+07,0.4412427,8.983528e+08,0.00046695466977248335,0.0,116503310.8459252,18110472.770294003,0.1554503,0.09293214934895727,0.0870396757026358,0.013519791299918014
1573,0.78,0.06413655107480194,0.1100117,0.06413655,5.761725e+07,0.4412427,8.983528e+08,4.2705004445077114e-54,0.0,375668235.6029318,58060918.76676663,0.1545537,0.2996623557152066,0.2804430457326828,0.04334351258326841
1574,0.78,0.06413655107480194,0.1100117,0.06413655,5.761725e+07,0.4412427,8.983528e+08,0.013300649801043684,0.0008023906970700927,11720.752691678761,1469.2521825359595,0.1253548,9.349388714504335e-06,0.0019420571824718214,5.2559394913511156e-05
1575,0.78,0.06413655107480194,0.1100117,0.06413655,5.761725e+07,0.4412427,8.983528e+08,0.012756803780680524,8.427310446229264e-05,90033895.631303,12208534.923889892,0.1355993,0.07181807430642068,0.06906616775698034,0.0091192943000522
1576,0.78,0.06413655107480194,0.1100117,0.06413655,5.761725e+07,0.4412427,8.983528e+08,0.0,0.0,163123762.03519616,27520059.525282267,0.1687066,0.13012026616021985,0.12177480106376809,0.02054421582817117
1577,0.78,0.06413655107480194,0.1100117,0.06413655,5.761725e+07,0.4412427,8.983528e+08,0.04454637542048475,0.0016898013585504642,12835310.513762048,2445785.8116480648,0.1905514,0.010238447173253838,0.016056798345599785,0.001934200810984883
1578,0.78,0.06413655107480194,0.1100117,0.06413655,5.761725e+07,0.4412427,8.983528e+08,0.0,0.0,11215730.258507796,1361704.8902514637,0.1214103,0.00894654333746534,0.008372742903759067,0.0010165370148964195
1579,0.78,0.06413655107480194,0.1100117,0.06413655,5.761725e+07,0.4412427,8.983528e+08,0.07737435388442329,0.004754015802926702,33562765.35657899,3264119.5237343945,0.09725419,0.026772285697584528,0.03630190327065336,0.002741629685272414
1580,0.78,0.06413655107480194,0.1100117,0.06413655,5.761725e+07,0.4412427,8.983528e+08,0.0,0.0,409547995.5493718,55711984.326591104,0.1360329,0.3266875010813608,0.30573489148275673,0.041589991081584975
1581,0.78,0.06413655107480194,0.1100117,0.06413655,5.761725e+07,0.4412427,8.983528e+08,0.0,0.0,263590100.0803666,38383869.20047716,0.1456195,0.21026007217915893,0.19677471632084878,0.02865424373266528
1582,0.78,0.06413655107480194,0.1100117,0.06413655,5.761725e+07,0.4412427,8.983528e+08,0.0,0.0,481530608.08213323,71437121.1509492,0.1483543,0.38410646067873677,0.3594711970452536,0.053329086505791594
1583,0.78,0.06413655107480194,0.1100117,0.06413655,5.761725e+07,0.4412427,8.983528e+08,8.955165621863245e-09,0.0,300458690.1488765,39470659.612880245,0.131368,0.23966934212740504,0.22429777842665893,0.02946555218103126
1584,0.78,0.06413655107480194,0.1100117,0.06413655,5.761725e+07,0.4412427,8.983528e+08,0.0,0.0,67540647.33911082,11568284.039720954,0.1712788,0.05387570087123436,0.0504202992306157,0.008635930596562818
1585,0.78,0.06413655107480194,0.1100117,0.06413655,5.761725e+07,0.4412427,8.983528e+08,0.0,0.0,372462161.16614765,59386988.48164431,0.1594444,0.29710494008281196,0.2780496539186148,0.0443334473034539
1586,0.78,0.06413655107480194,0.1100117,0.06413655,5.761725e+07,0.4412427,8.983528e+08,5.166885340598567e-06,0.0,351607809.1269727,46566343.303993344,0.1324383,0.28046987843341914,0.2624822587796395,0.034762606755522285
1587,0.78,0.06413655107480194,0.1100117,0.06413655,5.761725e+07,0.4412427,8.983528e+08,0.0,0.0,267272491.3526102,34345304.37476122,0.128503,0.21319743535955826,0.19952368715760319,0.02563938297848172
1588,0.78,0.06413655107480194,0.1100117,0.06413655,5.761725e+07,0.4412427,8.983528e+08,0.0,0.0,210056715.7243334,31787181.410992526,0.1513267,0.16755765939786574,0.1568110890179203,0.023729698508708548
1589,0.78,0.06413655107480194,0.1100117,0.06413655,5.761725e+07,0.4412427,8.983528e+08,0.0,0.0,439216584.64736134,54658077.960119985,0.1244445,0.35035348733537847,0.327883023000658,0.040803231160678
0,0.72,0.07228927405616467,0.1239939,0.07228927,6.999545e+07,0.4416809,9.682689e+08,0.0,0.0,138757311.3868014,21555272.612039857,0.1553451,0.10253444534704338,0.0951223047271541,0.01477678681856016
1,0.72,0.07228927405616467,0.1239939,0.07228927,6.999545e+07,0.4416809,9.682689e+08,0.0,0.0,580385004.7227309,78777099.07275261,0.1357325,0.4288743703104564,0.39787135341941865,0.05400406759562194
2,0.72,0.07228927405616467,0.1239939,0.07228927,6.999545e+07,0.4416809,9.682689e+08,0.0,0.0,104434761.09312116,10221695.133698298,0.09787637,0.07717186356965348,0.07159316557464186,0.007007279037176589
3,0.72,0.07228927405616467,0.1239939,0.07228927,6.999545e+07,0.4416809,9.682689e+08,0.0,0.0,75354654.88988851,11249973.940659523,0.1492937,0.05568317565561831,0.05165787931033176,0.007712195045152396
4,0.72,0.07228927405616467,0.1239939,0.07228927,6.999545e+07,0.4416809,9.682689e+08,0.003022605789354794,0.0,261638577.39079234,42815027.096931465,0.1636419,0.19333731783957123,0.17985580897926573,0.02935098708465655
5,0.72,0.07228927405616467,0.1239939,0.07228927,6.999545e+07,0.4416809,9.682689e+08,0.05963877310248384,0.00033834946054844557,44729826.842635244,7485639.727749574,0.1673523,0.03305301853964253,0.040424631095223845,0.005156089911996998
6,0.72,0.07228927405616467,0.1239939,0.07228927,6.999545e+07,0.4416809,9.682689e+08,0.0,0.0,672072456.6838595,92441957.86151013,0.1375476,0.4966266345923098,0.46072585570067554,0.06337173873861701
7,0.72,0.07228927405616467,0.1239939,0.07228927,6.999545e+07,0.4416809,9.682689e+08,0.0,0.0,242314216.115111,32296319.61135851,0.1332828,0.17905761866347186,0.16611367339606392,0.022140097159085093
8,0.72,0.07228927405616467,0.1239939,0.07228927,6.999545e+07,0.4416809,9.682689e+08,4.051292617813681e-06,0.0,366160304.52746826,39728109.35039664,0.1084992,0.2705734447979485,0.2510145499638007,0.027234812249479715
9,0.72,0.07228927405616467,0.1239939,0.07228927,6.999545e+07,0.4416809,9.682689e+08,0.0007579197599500963,0.0,27967512.597532827,4096165.8448753073,0.1464616,0.020666539033252315,0.019296617554282566,0.002808044720778958
10,0.72,0.07228927405616467,0.1239939,0.07228927,6.999545e+07,0.4416809,9.682689e+08,0.004284206161302311,4.7147931647857034e-05,119430288.46005958,13620786.24825083,0.114048,0.08825277934907017,0.08257423978911627,0.009340866382448925
11,0.72,0.07228927405616467,0.1239939,0.07228927,6.999545e+07,0.4416809,9.682689e+08,1.3419208365281578e-07,0.0,255802977.32237145,34916578.01407687,0.1364979,0.18902511252006388,0.17536064632062678,0.023936362997304346
12,0.72,0.07228927405616467,0.1239939,0.07228927,6.999545e+07,0.4416809,9.682689e+08,0.0018137970151760568,3.7474928790875813e-06,244073082.81948444,25212382.998689283,0.1032985,0.18035732979342872,0.16761629087193136,0.01728411673861526
13,0.72,0.07228927405616467,0.1239939,0.07228927,6.999545e+07,0.4416809,9.682689e+08,0.004752931855101475,0.002288028068344339,86141.47674241175,8975.709375990948,0.1041973,6.365407668167438e-05,0.0008369580150331049,0.00017155300645607004
14,0.72,0.07228927405616467,0.1239939,0.07228927,6.999545e+07,0.4416809,9.682689e+08,0.0,0.0,37045493.01692774,5063082.536907867,0.136672,0.02737469500623203,0.025395798176722596,0.00347089515587352
15,0.72,0.07228927405616467,0.1239939,0.07228927,6.999545e+07,0.4416809,9.682689e+08,0.0,0.0,491361129.2815263,60184391.869656086,0.122485,0.36309035071697465,0.33684281284684625,0.04125820834972184
16,0.72,0.07228927405616467,0.1239939,0.07228927,6.999545e+07,0.4416809,9.682689e+08,0.0,0.0,579494951.5578867,69265214.66379836,0.1195269,0.4282166672555717,0.3972611952409162,0.047483385130423376
17,0.72,0.07228927405616467,0.1239939,0.07228927,6.999545e+07,0.4416809,9.682689e+08,0.0,0.0,328530704.84603274,53197432.42782886,0.1619253,0.24276712530814698,0.22521766605491905,0.036468437789170506
18,0.72,0.07228927405616467,0.1239939,0.07228927,6.999545e+07,0.4416809,9.682689e+08,0.0,0.0,8135.035954534593,1392.1145596863398,0.1711258,6.011368994829066e-06,5.576811494109136e-06,9.543363447887323e-07
19,0.72,0.07228927405616467,0.1239939,0.07228927,6.999545e+07,0.4416809,9.682689e+08,0.0,0.0,436317039.8773944,58169441.934821464,0.1333192,0.3224156279201867,0.29910843623347383,0.03987689964753024
20,0.72,0.07228927405616467,0.1239939,0.07228927,6.999545e+07,0.4416809,9.682689e+08,2.4235913189743103e-06,0.0,96261323.20722881,12332963.805308135,0.1281196,0.07113211754234469,0.06599042506879778,0.008454617126496672
21,0.72,0.07228927405616467,0.1239939,0.07228927,6.999545e+07,0.4416809,9.682689e+08,0.0702851929407894,0.006076566663660353,11450247.1915952,1433932.323311427,0.1252316,0.008461137889908916,0.019352963698996358,0.0014222742706791224
22,0.72,0.07228927405616467,0.1239939,0.07228927,6.999545e+07,0.4416809,9.682689e+08,0.0,0.0,142785378.2392258,16283898.739677882,0.1140446,0.10551097751249318,0.09788366554315872,0.011163101695908888
23,0.72,0.07228927405616467,0.1239939,0.07228927,6.999545e+07,0.4416809,9.682689e+08,0.01004266289769322,0.0,13845642.298184011,2041737.0026847974,0.1474642,0.010231210444546696,0.011135271701926427,0.0013996720417902482
24,0.72,0.07228927405616467,0.1239939,0.07228927,6.999545e+07,0.4416809,9.682689e+08,3.2295900438089062e-06,0.0,249207447.9365945,32273454.68763892,0.1295044,0.18415135890966425,0.1708397194399346,0.02212442256709509
25,0.72,0.07228927405616467,0.1239939,0.07228927,6.999545e+07,0.4416809,9.682689e+08,0.0,0.0,484280465.5078291,70607215.25223747,0.1457982,0.35785810799427514,0.3319888051522563,0.04840336684267834
26,0.72,0.07228927405616467,0.1239939,0.07228927,6.999545e+07,0.4416809,9.682689e+08,5.809946856272653e-05,0.0,535409331.64734143,65442416.37197327,0.1222288,0.3956396841753252,0.3670486876740161,0.04486274207824026
27,0.72,0.07228927405616467,0.1239939,0.07228927,6.999545e+07,0.4416809,9.682689e+08,1.1869233339421398e-05,0.0,49088402.51979055,5754924.773595941,0.1172359,0.036273779558241674,0.03365351698686429,0.003945173789580304
28,0.72,0.07228927405616467,0.1239939,0.07228927,6.999545e+07,0.4416809,9.682689e+08,0.03913819671784818,0.000664507034084143,27936193.79333779,3473482.1543980925,0.1243363,0.020643396063811815,0.025556791693104045,0.002429213078873329
29,0.72,0.07228927405616467,0.1239939,0.07228927,6.999545e+07,0.4416809,9.682689e+08,0.0010500176273909125,0.0,214904520.9860784,34456807.59097441,0.1603354,0.1588032777635354,0.14749535895448326,0.023621176562414654
30,0.72,0.07228927405616467,0.1239939,0.07228927,6.999545e+07,0.4416809,9.682689e+08,4.65959829013312e-06,0.0,251642057.21157297,40383696.05317375,0.1604807,0.1859504086977566,0.17250895127222507,0.02768423662570445
31,0.72,0.07228927405616467,0.1239939,0.07228927,6.999545e+07,0.4416809,9.682689e+08,0.00017598174223923968,0.0,267572145.2916891,35670228.180590026,0.1333107,0.1977219162983256,0.1834575451799779,0.024453012823394547
32,0.72,0.07228927405616467,0.1239939,0.07228927,6.999545e+07,0.4416809,9.682689e+08,0.0,0.0,116496109.41244487,14849460.484917324,0.1274674,0.08608457344922087,0.07986158212714209,0.010179751186894919
33,0.72,0.07228927405616467,0.1239939,0.07228927,6.999545e+07,0.4416809,9.682689e+08,0.0018205723726153712,1.3061083609723467e-06,174772443.64022067,24644407.781630397,0.1410085,0.12914775727127556,0.12010973008503101,0.01689457618147037
34,0.72,0.07228927405616467,0.1239939,0.07228927,6.999545e+07,0.4416809,9.682689e+08,0.0034216378206665095,5.160236428999921e-06,160984153.9612975,17151048.79306032,0.1065387,0.11895892743317286,0.1109194874131324,0.011757932133322537
35,0.72,0.07228927405616467,0.1239939,0.07228927,6.999545e+07,0.4416809,9.682689e+08,0.0,0.0,23442097.106591992,4287515.635785775,0.1828981,0.017322492058782953,0.016070261683009852,0.002939220749908866
36,0.72,0.07228927405616467,0.1239939,0.07228927,6.999545e+07,0.4416809,9.682689e+08,0.0,0.0,210660724.6973744,31285847.54589442,0.148513,0.1556673327507705,0.14441425427195784,0.021447388207256165
37,0.72,0.07228927405616467,0.1239939,0.07228927,6.999545e+07,0.4416809,9.682689e+08,1.5336841110399774e-07,0.0,32787237.326137286,4541899.552197088,0.1385264,0.024228065246420887,0.022476661099556556,0.0031136085653884434
38,0.72,0.07228927405616467,0.1239939,0.07228927,6.999545e+07,0.4416809,9.682689e+08,0.0004363430877271839,3.204191053248601e-06,92460238.17174554,11383777.659656031,0.1231208,0.06832331314901241,0.06345568607902718,0.007804153142153049
39,0.72,0.07228927405616467,0.1239939,0.07228927,6.999545e+07,0.4416809,9.682689e+08,0.0,0.0,598266803.0671008,80164319.87573268,0.1339943,0.4420880904144483,0.4101298632895117,0.05495504912319763
40,0.72,0.07228927405616467,0.1239939,0.07228927,6.999545e+07,0.4416809,9.682689e+08,0.0,0.0,426038713.8468027,64640436.89416978,0.1517243,0.31482047889265197,0.292062335015488,0.04431296105762152
41,0.72,0.07228927405616467,0.1239939,0.07228927,6.999545e+07,0.4416809,9.682689e+08,1.7241818963767075e-08,0.0,336047554.4249368,43286594.73227092,0.1288109,0.24832168668316218,0.2303706950423774,0.029674260862880605
42,0.72,0.07228927405616467,0.1239939,0.07228927,6.999545e+07,0.4416809,9.682689e+08,3.226108561877327e-14,0.0,464709216.6919503,68390710.51007122,0.1471688,0.3433959717505774,0.31857212623892217,0.04688388626607807
43,0.72,0.07228927405616467,0.1239939,0.07228927,6.999545e+07,0.4416809,9.682689e+08,0.004927441163055509,0.0005887770909924607,517.9852318630783,64.82704073106159,0.1251523,3.827641795320369e-07,0.0008068222244540061,4.260670937233811e-05
44,0.72,0.07228927405616467,0.1239939,0.07228927,6.999545e+07,0.4416809,9.682689e+08,0.08111184398878121,0.05251227668749524,18302.02494518545,2290.3053085664405,0.1251394,1.3524245733265507e-05,0.013288004146335962,0.0037976444338570616
45,0.72,0.07228927405616467,0.1239939,0.07228927,6.999545e+07,0.4416809,9.682689e+08,0.006800369786069701,4.842226252661585e-06,162519606.08381885,19959791.29550539,0.1228147,0.12009354679244247,0.11252507811025364,0.013683386494565358
46,0.72,0.07228927405616467,0.1239939,0.07228927,6.999545e+07,0.4416809,9.682689e+08,0.048635849295358684,0.016958498759108948,3298198.371313741,272723.70829826716,0.08268869,0.002437197271028587,0.010221172780916549,0.001412877858057949
47,0.72,0.07228927405616467,0.1239939,0.07228927,6.999545e+07,0.4416809,9.682689e+08,1.9381850510807716e-05,0.0,101687456.51110058,14731380.867697122,0.1448692,0.07514174819265819,0.06971297796378917,0.010098804062602669
48,0.72,0.07228927405616467,0.1239939,0.07228927,6.999545e+07,0.4416809,9.682689e+08,0.0,0.0,32667698.99797043,5113019.8857642105,0.1565161,0.024139732631340633,0.022394688883511107,0.0035051287084532307
49,0.72,0.07228927405616467,0.1239939,0.07228927,6.999545e+07,0.4416809,9.682689e+08,0.0,0.0,630314872.8854259,78158367.38027741,0.1239989,0.4657699492687548,0.4320997777589398,0.05357990843595136
50,0.72,0.07228927405616467,0.1239939,0.07228927,6.999545e+07,0.4416809,9.682689e+08,0.008598057771321459,0.0,1274.7323879608837,218.15936934842264,0.1711413,9.419610185522368e-07,0.001408105480082032,1.4955480041261697e-07
51,0.72,0.07228927405616467,0.1239939,0.07228927,6.999545e+07,0.4416809,9.682689e+08,0.0004404534038594495,3.668829445971411e-07,76155497.91796178,9879031.332345253,0.1297218,0.056274957053462187,0.05227896962865889,0.006772399230660359
52,0.72,0.07228927405616467,0.1239939,0.07228927,6.999545e+07,0.4416809,9.682689e+08,0.0,0.0,147789473.90759557,22116563.39656174,0.1496491,0.10920874427297426,0.10131412342889559,0.01516156851051007
53,0.72,0.07228927405616467,0.1239939,0.07228927,6.999545e+07,0.4416809,9.682689e+08,0.0,0.0,129032324.4294008,18422725.423128173,0.142776,0.09534818515132192,0.08845553406416005,0.012629331630089344
54,0.72,0.07228927405616467,0.1239939,0.07228927,6.999545e+07,0.4416809,9.682689e+08,0.02265242878916731,0.0003223866543600444,73728805.6853234,8608514.93252785,0.1167592,0.05448175754840733,0.05425080092628433,0.005924700652341327
55,0.72,0.07228927405616467,0.1239939,0.07228927,6.999545e+07,0.4416809,9.682689e+08,0.0,0.0,752228561.3063254,117743392.5667211,0.1565261,0.55585783218833,0.5156752730210021,0.0807166321933067
56,0.72,0.07228927405616467,0.1239939,0.07228927,6.999545e+07,0.4416809,9.682689e+08,3.158106463741803e-08,0.0,357682604.90419644,53875815.820223905,0.1506246,0.26430886515163443,0.24520217433204095,0.036933489980859054
57,0.72,0.07228927405616467,0.1239939,0.07228927,6.999545e+07,0.4416809,9.682689e+08,7.10281435652141e-05,0.0,360439438.57800466,56616078.534604765,0.1570751,0.2663460220324708,0.24710368652496942,0.038812022379221656
58,0.72,0.07228927405616467,0.1239939,0.07228927,6.999545e+07,0.4416809,9.682689e+08,0.009553031302979152,8.904725377711073e-06,156825917.00067896,22670990.839276787,0.1445615,0.11588620631947193,0.10907240733352719,0.01554228889163447
59,0.72,0.07228927405616467,0.1239939,0.07228927,6.999545e+07,0.4416809,9.682689e+08,0.028934477757955077,0.0001559967162494856,56488475.98102372,9611002.168907668,0.1701409,0.04174204944824973,0.04346021089618257,0.0065999075561611305
60,0.72,0.07228927405616467,0.1239939,0.07228927,6.999545e+07,0.4416809,9.682689e+08,0.00039818746971821846,0.0,267445574.23352605,29282035.553482685,0.1094878,0.1976283868610943,0.18340714500616748,0.020073714899139262
61,0.72,0.07228927405616467,0.1239939,0.07228927,6.999545e+07,0.4416809,9.682689e+08,0.0,0.0,199905632.24111366,28128857.28032461,0.1407107,0.14771987810036452,0.137041315348824,0.019283176555553932
62,0.72,0.07228927405616467,0.1239939,0.07228927,6.999545e+07,0.4416809,9.682689e+08,0.0029431904905365645,9.596585308827796e-05,148892765.22257522,20074762.771651182,0.134827,0.1100240192441237,0.10255217047203015,0.013768790155627013
63,0.72,0.07228927405616467,0.1239939,0.07228927,6.999545e+07,0.4416809,9.682689e+08,0.0,0.0,570124488.9495819,92533467.2473078,0.162304,0.4212923821380155,0.390837461667866,0.06343447117119476
64,0.72,0.07228927405616467,0.1239939,0.07228927,6.999545e+07,0.4416809,9.682689e+08,0.0002665794738920247,0.0,213643601.29352105,26915701.775252357,0.1259841,0.15787152360938397,0.14650273644837172,0.0184515220179907
65,0.72,0.07228927405616467,0.1239939,0.07228927,6.999545e+07,0.4416809,9.682689e+08,9.446089147904302e-05,0.0,334182196.94430536,39907442.59465002,0.1194182,0.24694328440122884,0.22910739391556897,0.027357750574942268
66,0.72,0.07228927405616467,0.1239939,0.07228927,6.999545e+07,0.4416809,9.682689e+08,0.0007778905078197217,9.371271462421847e-09,301098285.4708351,37801551.41732641,0.1255456,0.22249599237070863,0.20653923481008538,0.025914099596918434
67,0.72,0.07228927405616467,0.1239939,0.07228927,6.999545e+07,0.4416809,9.682689e+08,0.007753062119863507,2.8267764751714725e-08,111502752.5070419,20512408.422743775,0.1839632,0.08239474207674571,0.07770741838917361,0.014061874136357478
68,0.72,0.07228927405616467,0.1239939,0.07228927,6.999545e+07,0.4416809,9.682689e+08,0.0,0.0,272135444.00288725,33449920.969809778,0.1229164,0.201093957004716,0.18655702083576345,0.022930925540346873
69,0.72,0.07228927405616467,0.1239939,0.07228927,6.999545e+07,0.4416809,9.682689e+08,0.0005247502032837649,0.0,154074511.71326435,18421197.7388917,0.1195603,0.11385306073420215,0.10570859072737088,0.012628284356659091
70,0.72,0.07228927405616467,0.1239939,0.07228927,6.999545e+07,0.4416809,9.682689e+08,0.006998397296842572,6.035333011664215e-06,132645471.64455017,17855913.980713017,0.1346138,0.09801811325788361,0.09207787251511368,0.012241201651174953
71,0.72,0.07228927405616467,0.1239939,0.07228927,6.999545e+07,0.4416809,9.682689e+08,9.310430070994478e-08,0.0,286767504.03774136,35046635.9606155,0.1222127,0.21190628930608338,0.1965877527224565,0.024025521626130388
72,0.72,0.07228927405616467,0.1239939,0.07228927,6.999545e+07,0.4416809,9.682689e+08,0.0,0.0,100342086.80442093,17791534.31702838,0.1773088,0.07414758986483812,0.06878751442049473,0.012196631168143056
73,0.72,0.07228927405616467,0.1239939,0.07228927,6.999545e+07,0.4416809,9.682689e+08,3.707324773207944e-07,4.6413393811863726e-10,59620350.53600484,6132755.860126327,0.1028635,0.04405634205872224,0.0408716017509726,0.0042041883816382325
74,0.72,0.07228927405616467,0.1239939,0.07228927,6.999545e+07,0.4416809,9.682689e+08,0.009523096268272545,1.2191010894395079e-05,149959242.74080124,20107960.01718492,0.1340895,0.11081209073177,0.10436019645453627,0.013785491842040103
75,0.72,0.07228927405616467,0.1239939,0.07228927,6.999545e+07,0.4416809,9.682689e+08,0.008635821332389505,1.7910589055741826e-05,169521113.96870685,24935930.236690763,0.1470963,0.12526729742507564,0.11762522775110784,0.017095623906557753
76,0.72,0.07228927405616467,0.1239939,0.07228927,6.999545e+07,0.4416809,9.682689e+08,0.05692449081942432,0.0014638978274428259,56606078.874145284,6977556.141705343,0.1232651,0.04182895187736796,0.04812191594844972,0.004889148427114645
77,0.72,0.07228927405616467,0.1239939,0.07228927,6.999545e+07,0.4416809,9.682689e+08,0.002511152758658114,0.0,138347742.20646736,16226179.426391354,0.1172855,0.10223179499790447,0.09525252947251525,0.01112353337297001
78,0.72,0.07228927405616467,0.1239939,0.07228927,6.999545e+07,0.4416809,9.682689e+08,0.023986861323329164,0.00017741782107172344,72906853.40560804,10803883.241240822,0.1481875,0.05387437751012296,0.05390573258247213,0.007419211877227613
79,0.72,0.07228927405616467,0.1239939,0.07228927,6.999545e+07,0.4416809,9.682689e+08,0.0005414020137024966,1.5471422832228387e-09,282209658.7468681,41898393.43188851,0.1484655,0.2085382783940344,0.19355180811632122,0.02872260728672678
80,0.72,0.07228927405616467,0.1239939,0.07228927,6.999545e+07,0.4416809,9.682689e+08,0.0,0.0,511647872.6236785,66754078.420622386,0.1304688,0.3780812002491259,0.3507499847488331,0.04576192581020836
81,0.72,0.07228927405616467,0.1239939,0.07228927,6.999545e+07,0.4416809,9.682689e+08,0.0010877939294507756,4.926264880116715e-06,154088374.17490375,20776349.05156279,0.134834,0.11386330437326618,0.10581024640912645,0.014243167437897665
82,0.72,0.07228927405616467,0.1239939,0.07228927,6.999545e+07,0.4416809,9.682689e+08,0.0,0.0,183056729.25155407,24127798.90963081,0.131805,0.1352694140096848,0.12549088626892188,0.016540330865013487
83,0.72,0.07228927405616467,0.1239939,0.07228927,6.999545e+07,0.4416809,9.682689e+08,0.005308192858645399,7.072732505697395e-08,201231267.8805215,30517063.285590954,0.1516517,0.1486994539775596,0.13881886260334772,0.020920368618125844
84,0.72,0.07228927405616467,0.1239939,0.07228927,6.999545e+07,0.4416809,9.682689e+08,0.021441548404681644,0.0003978611218484882,40878269.48138051,5091647.003212515,0.1245563,0.030206917719357095,0.031532588614554075,0.0035192380471729783
85,0.72,0.07228927405616467,0.1239939,0.07228927,6.999545e+07,0.4416809,9.682689e+08,0.00015159195989681033,1.8418143872540076e-07,101175282.6537062,13173972.169984085,0.1302094,0.07476327831698586,0.0693835060370339,0.00903116693569663
86,0.72,0.07228927405616467,0.1239939,0.07228927,6.999545e+07,0.4416809,9.682689e+08,0.0001745250470613504,0.0,234675447.97640407,37431933.891583554,0.1595051,0.17341296580583887,0.16090563265647873,0.02566071500359573
87,0.72,0.07228927405616467,0.1239939,0.07228927,6.999545e+07,0.4416809,9.682689e+08,0.0,0.0,18908888.411227375,2408825.1999429,0.1273912,0.0139726863110635,0.012962610961022207,0.0016513220270222937
88,0.72,0.07228927405616467,0.1239939,0.07228927,6.999545e+07,0.4416809,9.682689e+08,0.00019959650790270293,0.0,184710972.4081396,20661190.909540113,0.1118569,0.13649181377251107,0.12665758731049626,0.014163866956491954
89,0.72,0.07228927405616467,0.1239939,0.07228927,6.999545e+07,0.4416809,9.682689e+08,0.00041513233008598033,0.0,241772103.17548892,31347385.25783694,0.1296568,0.17865702536122308,0.16580998279763537,0.02148957415716471
90,0.72,0.07228927405616467,0.1239939,0.07228927,6.999545e+07,0.4416809,9.682689e+08,1.8651506903704675e-13,0.0,537855854.0436375,75117609.66012935,0.1396612,0.3974475371412425,0.368716343205922,0.05149537768534413
91,0.72,0.07228927405616467,0.1239939,0.07228927,6.999545e+07,0.4416809,9.682689e+08,0.0,0.0,521057269.57606137,78536947.75241606,0.1507261,0.3850342558245059,0.35720040898419675,0.0538394366522477
92,0.72,0.07228927405616467,0.1239939,0.07228927,6.999545e+07,0.4416809,9.682689e+08,0.0,0.0,322989085.60401815,44007924.70364377,0.136252,0.23867215654847904,0.22141871961417017,0.030168754224419492
93,0.72,0.07228927405616467,0.1239939,0.07228927,6.999545e+07,0.4416809,9.682689e+08,0.07647198932976401,0.002289996451824228,21780411.44050929,2921565.5262750764,0.1341373,0.01609459266804044,0.027447185541255786,0.002168363102695256
94,0.72,0.07228927405616467,0.1239939,0.07228927,6.999545e+07,0.4416809,9.682689e+08,0.06830437235189839,0.017798384319900995,6166164.022746736,598143.1661506064,0.0970041,0.004556474910563664,0.015406367946448058,0.0016966773883279127
95,0.72,0.07228927405616467,0.1239939,0.07228927,6.999545e+07,0.4416809,9.682689e+08,0.003166846832861851,0.0,104091716.80711372,16371624.940083578,0.1572808,0.07691837166177705,0.07187631162889363,0.01122324064126712
96,0.72,0.07228927405616467,0.1239939,0.07228927,6.999545e+07,0.4416809,9.682689e+08,0.009199773675158143,0.00032668152326833486,48608996.979116395,4593606.329152468,0.09450115,0.03591952376647083,0.03482864104869923,0.003172670684241941
97,0.72,0.07228927405616467,0.1239939,0.07228927,6.999545e+07,0.4416809,9.682689e+08,0.00032020457900528023,0.0,257541284.6250625,41107260.26553497,0.1596143,0.1903096313201384,0.17660469364393605,0.028180261626549442
98,0.72,0.07228927405616467,0.1239939,0.07228927,6.999545e+07,0.4416809,9.682689e+08,0.0943655745261128,0.0066891590241355825,23091173.51379801,2572101.5293436027,0.1113889,0.017063177752482943,0.031274369382576474,0.0022468073049622603
99,0.72,0.07228927405616467,0.1239939,0.07228927,6.999545e+07,0.4416809,9.682689e+08,0.0,0.0,325836181.26413286,41456546.840542436,0.1272313,0.2407760123485245,0.2233704892057115,0.02841970806503185
100,0.72,0.07228927405616467,0.1239939,0.07228927,6.999545e+07,0.4416809,9.682689e+08,0.003013218248406804,6.465722032241956e-07,118667714.4896371,17488520.928850677,0.1473739,0.08768927679693872,0.08184345168388475,0.011988953129348058
101,0.72,0.07228927405616467,0.1239939,0.07228927,6.999545e+07,0.4416809,9.682689e+08,0.003427631007690815,3.46392973367288e-06,112921918.24015106,14955055.984286742,0.1324371,0.08344343183475236,0.07797236210547202,0.010252390478388202
102,0.72,0.07228927405616467,0.1239939,0.07228927,6.999545e+07,0.4416809,9.682689e+08,0.0004002773084680043,1.784083428982161e-08,130703573.45479457,18161594.14935857,0.1389525,0.09658315136782528,0.08966673827441038,0.012450319588175227
103,0.72,0.07228927405616467,0.1239939,0.07228927,6.999545e+07,0.4416809,9.682689e+08,2.2265402441518157e-07,0.0,458684404.7703589,68648733.40754119,0.1496644,0.338943948700213,0.3144419731444051,0.04706076871237528
104,0.72,0.07228927405616467,0.1239939,0.07228927,6.999545e+07,0.4416809,9.682689e+08,0.03398128516139592,0.0005509280983695396,38128514.202561036,5195269.606140717,0.1362568,0.028174991404729198,0.03169990925871502,0.0036013395545459307
105,0.72,0.07228927405616467,0.1239939,0.07228927,6.999545e+07,0.4416809,9.682689e+08,0.007022239652204704,0.0016505187058384124,12341.465525385884,1286.037580408324,0.1042046,9.11970194412016e-06,0.0011577801979406354,0.00012019641645050123
106,0.72,0.07228927405616467,0.1239939,0.07228927,6.999545e+07,0.4416809,9.682689e+08,0.0,0.0,107493221.30078253,14576776.576945057,0.1356065,0.07943190679097517,0.07368983191215862,0.009992818177534257
107,0.72,0.07228927405616467,0.1239939,0.07228927,6.999545e+07,0.4416809,9.682689e+08,0.03430499067191438,0.008152064192100223,95256.79875953915,9924.475078901196,0.1041865,7.038982615566392e-05,0.005679949336091094,0.0005961103282683694
108,0.72,0.07228927405616467,0.1239939,0.07228927,6.999545e+07,0.4416809,9.682689e+08,0.0,0.0,75765223.9083315,10080195.503566148,0.1330451,0.05598656483318302,0.05193933670449382,0.006910276790580087
109,0.72,0.07228927405616467,0.1239939,0.07228927,6.999545e+07,0.4416809,9.682689e+08,0.002406272400666358,7.279650531119234e-06,107938766.52303737,13216794.641218133,0.1224472,0.07976114156631307,0.07438909764937841,0.009061035952270651
110,0.72,0.07228927405616467,0.1239939,0.07228927,6.999545e+07,0.4416809,9.682689e+08,0.0,0.0,50478757.70340216,7242844.404598449,0.143483,0.037301179816737626,0.0346047046063472,0.004965187388396676
111,0.72,0.07228927405616467,0.1239939,0.07228927,6.999545e+07,0.4416809,9.682689e+08,0.0,0.0,606011392.596102,74178872.45273216,0.1224051,0.447810939782602,0.41543901203130873,0.05085184513337767
112,0.72,0.07228927405616467,0.1239939,0.07228927,6.999545e+07,0.4416809,9.682689e+08,0.06445838221723396,0.007708829507659324,24491575.81406937,2339313.5894763307,0.09551503,0.01809800230829158,0.027339520546210208,0.0021609354190996596
113,0.72,0.07228927405616467,0.1239939,0.07228927,6.999545e+07,0.4416809,9.682689e+08,0.03322206448513047,0.0012601906829433959,38927135.953943774,4462275.417482468,0.1146315,0.028765131394483296,0.03212312791293919,0.003150122099060732
114,0.72,0.07228927405616467,0.1239939,0.07228927,6.999545e+07,0.4416809,9.682689e+08,0.08575869817818163,0.0070551644199399145,20559024.526630092,2223534.996766811,0.1081537,0.015192051183796514,0.028129830258855525,0.0020343127415569026
115,0.72,0.07228927405616467,0.1239939,0.07228927,6.999545e+07,0.4416809,9.682689e+08,9.904793486264825e-08,0.0,485542619.59560025,59859884.14540666,0.1232845,0.35879077430236866,0.3328540659010326,0.04103574855770179
116,0.72,0.07228927405616467,0.1239939,0.07228927,6.999545e+07,0.4416809,9.682689e+08,0.0,0.0,293809690.87571305,38020507.15047709,0.1294052,0.21711009957197153,0.20141536808365204,0.02606419965119499
117,0.72,0.07228927405616467,0.1239939,0.07228927,6.999545e+07,0.4416809,9.682689e+08,0.0,0.0,409810750.28451025,73099696.40063398,0.1783743,0.30282885678393795,0.2809375785637688,0.05011203753508995
118,0.72,0.07228927405616467,0.1239939,0.07228927,6.999545e+07,0.4416809,9.682689e+08,0.0031073256614649373,9.995606540407607e-05,38.846242721183025,4.048612138264777,0.1042215,2.8705355497483307e-08,0.0005085981028238689,7.228526850797729e-06
119,0.72,0.07228927405616467,0.1239939,0.07228927,6.999545e+07,0.4416809,9.682689e+08,0.0,0.0,32617785.935343303,4445509.261865376,0.136291,0.024102849470800155,0.022360471979870997,0.0030475301261477694
120,0.72,0.07228927405616467,0.1239939,0.07228927,6.999545e+07,0.4416809,9.682689e+08,0.0,0.0,152341130.67416185,23701460.97423162,0.1555815,0.11257218218702411,0.10443442085780583,0.016248063404636297
121,0.72,0.07228927405616467,0.1239939,0.07228927,6.999545e+07,0.4416809,9.682689e+08,0.00030944825087276937,0.0,253674350.77651677,39006140.12570048,0.1537646,0.18745216807447868,0.17395203386936292,0.026739880660586825
122,0.72,0.07228927405616467,0.1239939,0.07228927,6.999545e+07,0.4416809,9.682689e+08,0.00021101428776490355,0.0,275058793.7822847,47133297.380490154,0.1713572,0.20325416063788057,0.18859560131810943,0.03231129106937296
123,0.72,0.07228927405616467,0.1239939,0.07228927,6.999545e+07,0.4416809,9.682689e+08,1.6326527610490804e-07,0.0,113223911.2385669,19454196.440289814,0.1718206,0.08366658897351345,0.07761841871525298,0.013336435994040071
124,0.72,0.07228927405616467,0.1239939,0.07228927,6.999545e+07,0.4416809,9.682689e+08,0.0,0.0,407427280.7297296,60463340.24696813,0.1484028,0.30106759659261195,0.2793036385930977,0.041449435840977086
125,0.72,0.07228927405616467,0.1239939,0.07228927,6.999545e+07,0.4416809,9.682689e+08,0.08259050935225656,0.0020519608387127323,16997574.8775044,3042800.69406809,0.1790138,0.012560324893089067,0.0251698166930359,0.002234266030015235
126,0.72,0.07228927405616467,0.1239939,0.07228927,6.999545e+07,0.4416809,9.682689e+08,0.011307249444946337,0.0001738919732012724,142090237.00947118,12617090.527128696,0.08879632,0.10499730425291219,0.09925776642506293,0.008661965052958302
127,0.72,0.07228927405616467,0.1239939,0.07228927,6.999545e+07,0.4416809,9.682689e+08,0.0006166905357802266,4.080442752129711e-08,282276106.2313031,34589589.77425868,0.1225381,0.20858737963340807,0.19360968222567454,0.023712205687078568
128,0.72,0.07228927405616467,0.1239939,0.07228927,6.999545e+07,0.4416809,9.682689e+08,0.03668817046295997,0.00566307684684921,6184892.609957454,648695.2609992772,0.1048838,0.004570314363653322,0.010244629166413631,0.0008540798000748626
129,0.72,0.07228927405616467,0.1239939,0.07228927,6.999545e+07,0.4416809,9.682689e+08,6.491205816484664e-07,0.0,348232636.7794375,51563449.913854845,0.1480718,0.2573258295873437,0.23872403841119594,0.035348293696872514
130,0.72,0.07228927405616467,0.1239939,0.07228927,6.999545e+07,0.4416809,9.682689e+08,0.0005348772759951734,0.0,217025888.4324512,28308365.5039111,0.1304377,0.16037085811167837,0.14886530778500218,0.019406234834605077
131,0.72,0.07228927405616467,0.1239939,0.07228927,6.999545e+07,0.4416809,9.682689e+08,0.021899593727346033,0.003784077873338878,498414.84654331947,68261.61378454613,0.1369574,0.0003683026813671174,0.003925953008404961,0.0003203436290187914
132,0.72,0.07228927405616467,0.1239939,0.07228927,6.999545e+07,0.4416809,9.682689e+08,0.04829469684360261,0.0011597369963136429,60993200.89106993,6869828.300002985,0.1126327,0.045070807158213065,0.0497169940332637,0.004793310190191404
133,0.72,0.07228927405616467,0.1239939,0.07228927,6.999545e+07,0.4416809,9.682689e+08,0.0,0.0,57013000.92276536,7593001.258379816,0.1331802,0.04212964613367589,0.039084124598429346,0.005205230429118643
134,0.72,0.07228927405616467,0.1239939,0.07228927,6.999545e+07,0.4416809,9.682689e+08,0.0,0.0,404720644.7268284,61207469.80347994,0.1512339,0.29906753318305085,0.2774481583154802,0.04195955900294642
135,0.72,0.07228927405616467,0.1239939,0.07228927,6.999545e+07,0.4416809,9.682689e+08,0.0502621000900298,0.005016369024358268,11694846.916183323,1459809.6194668615,0.124825,0.008641884380612887,0.016243493666387727,0.0013633730167535438
136,0.72,0.07228927405616467,0.1239939,0.07228927,6.999545e+07,0.4416809,9.682689e+08,0.0021313912092949697,2.885304928815107e-10,227008131.33168834,34311895.546532996,0.1511483,0.16774721708522147,0.15596973423709515,0.023521835024170133
137,0.72,0.07228927405616467,0.1239939,0.07228927,6.999545e+07,0.4416809,9.682689e+08,0.0009853018315567025,0.0,227948036.07954645,25224159.658074375,0.1106575,0.168441757870406,0.15642648839122436,0.01729191908881255
138,0.72,0.07228927405616467,0.1239939,0.07228927,6.999545e+07,0.4416809,9.682689e+08,0.01264801338567404,8.440006212608304e-06,117726578.38717926,14941767.898206908,0.1269192,0.08699382610466785,0.08277518752717554,0.010243640813210383
139,0.72,0.07228927405616467,0.1239939,0.07228927,6.999545e+07,0.4416809,9.682689e+08,0.0,0.0,140610408.58661476,19588436.640415456,0.13931,0.10390378791831416,0.09639265851801353,0.013428461683319895
140,0.72,0.07228927405616467,0.1239939,0.07228927,6.999545e+07,0.4416809,9.682689e+08,1.5618480435374108e-06,0.0,351992201.4423855,47456372.59179145,0.1348222,0.26010395258215396,0.24130148229624912,0.03253276883073952
141,0.72,0.07228927405616467,0.1239939,0.07228927,6.999545e+07,0.4416809,9.682689e+08,0.0,0.0,232861879.13641992,39256673.918855034,0.1685835,0.17207283263917575,0.1596338124829018,0.02691162910093001
142,0.72,0.07228927405616467,0.1239939,0.07228927,6.999545e+07,0.4416809,9.682689e+08,0.0,0.0,376099890.4489259,52532485.052483484,0.1396769,0.27791828248073513,0.25782777159326664,0.03601259639073922
143,0.72,0.07228927405616467,0.1239939,0.07228927,6.999545e+07,0.4416809,9.682689e+08,0.0003560644933384542,0.0,200145630.8470245,33821112.794222966,0.1689825,0.1478972246033717,0.13726411815973322,0.023185388685251957
144,0.72,0.07228927405616467,0.1239939,0.07228927,6.999545e+07,0.4416809,9.682689e+08,0.0,0.0,202844884.73877516,26367397.592679784,0.129988,0.14989183301625733,0.13905626122056422,0.018075643031747943
145,0.72,0.07228927405616467,0.1239939,0.07228927,6.999545e+07,0.4416809,9.682689e+08,0.002065943879408563,5.192732119310569e-07,112770377.1358464,14426831.448882937,0.127931,0.08333145083049492,0.07764561077450406,0.00989006382631785
146,0.72,0.07228927405616467,0.1239939,0.07228927,6.999545e+07,0.4416809,9.682689e+08,0.0,0.0,135361518.71670368,24326038.45399594,0.1797116,0.10002513095876284,0.09279438685438106,0.016676230027080026
147,0.72,0.07228927405616467,0.1239939,0.07228927,6.999545e+07,0.4416809,9.682689e+08,0.0,0.0,177707822.920695,24989651.40904418,0.1406221,0.13131685008086186,0.12182405031717414,0.017131156640316423
148,0.72,0.07228927405616467,0.1239939,0.07228927,6.999545e+07,0.4416809,9.682689e+08,3.951884009363208e-09,0.0,504530923.9946027,59133524.179357424,0.117205,0.37282214490312343,0.3458711033428135,0.04053780698372925
149,0.72,0.07228927405616467,0.1239939,0.07228927,6.999545e+07,0.4416809,9.682689e+08,0.0,0.0,544202077.9190302,59782748.74833116,0.109854,0.40213706692967743,0.3730668702902557,0.040982869926136124
150,0.72,0.07228927405616467,0.1239939,0.07228927,6.999545e+07,0.4416809,9.682689e+08,0.011115923942883597,4.448673497007248e-05,100178607.53824891,14982804.351847256,0.1495609,0.07402678717909017,0.07049477158094103,0.010274378326622566
151,0.72,0.07228927405616467,0.1239939,0.07228927,6.999545e+07,0.4416809,9.682689e+08,0.0,0.0,22727045.576380335,2910008.332088422,0.1280416,0.01679410612140754,0.015580072381468796,0.0019948981178501144
152,0.72,0.07228927405616467,0.1239939,0.07228927,6.999545e+07,0.4416809,9.682689e+08,0.0001386577158977003,0.0,106819187.41744843,17644118.76129927,0.1651774,0.07893383076397491,0.07325045534630968,0.012095573376856673
153,0.72,0.07228927405616467,0.1239939,0.07228927,6.999545e+07,0.4416809,9.682689e+08,0.0,0.0,337875916.2992015,50066097.0028479,0.1481789,0.2496727511337324,0.23162408920266941,0.03432181330127124
154,0.72,0.07228927405616467,0.1239939,0.07228927,6.999545e+07,0.4416809,9.682689e+08,2.1871643709835938e-08,0.0,441035585.0426885,69326086.36692055,0.1571893,0.32590238769185537,0.3023431442521405,0.047525114511281066
155,0.72,0.07228927405616467,0.1239939,0.07228927,6.999545e+07,0.4416809,9.682689e+08,0.0,0.0,110927943.12972538,14526199.916748008,0.1309517,0.0819699878054617,0.0760444368926122,0.009958146357827876
156,0.72,0.07228927405616467,0.1239939,0.07228927,6.999545e+07,0.4416809,9.682689e+08,0.0,0.0,46838740.84760595,6290706.190970723,0.1343056,0.03461139644148512,0.032109363718660036,0.004312468044141064
157,0.72,0.07228927405616467,0.1239939,0.07228927,6.999545e+07,0.4416809,9.682689e+08,0.0,0.0,108164540.01273032,13271433.687670626,0.1226967,0.0799279764473609,0.07415004105320294,0.009097966419122363
158,0.72,0.07228927405616467,0.1239939,0.07228927,6.999545e+07,0.4416809,9.682689e+08,0.04269723674545832,0.012572619268567451,1772881.0695766313,238964.02839823763,0.1347885,0.0013100670178638528,0.008203557874990053,0.0010726825389978242
159,0.72,0.07228927405616467,0.1239939,0.07228927,6.999545e+07,0.4416809,9.682689e+08,0.02814141381776613,0.0003402035439562219,41414674.57660265,5132219.050019156,0.1239227,0.030603293221089123,0.03299686764869903,0.003542883379447896
160,0.72,0.07228927405616467,0.1239939,0.07228927,6.999545e+07,0.4416809,9.682689e+08,0.0,0.0,820671453.4570903,125818271.61048025,0.1533114,0.6064335742122109,0.5625949313691248,0.08625220431818163
161,0.72,0.07228927405616467,0.1239939,0.07228927,6.999545e+07,0.4416809,9.682689e+08,0.0,0.0,597340789.1559343,81593969.71403907,0.1365953,0.4414038142360175,0.4094950529392736,0.055935117028905426
162,0.72,0.07228927405616467,0.1239939,0.07228927,6.999545e+07,0.4416809,9.682689e+08,0.0,0.0,92511929.96417227,13585925.449240483,0.1468559,0.06836151069847844,0.06341970671670269,0.009313559967882004
163,0.72,0.07228927405616467,0.1239939,0.07228927,6.999545e+07,0.4416809,9.682689e+08,0.0200600876265536,3.9524943522844344e-05,98461766.79779364,16487274.343701018,0.1674485,0.07275813105342432,0.0707817039497594,0.01130537901061416
164,0.72,0.07228927405616467,0.1239939,0.07228927,6.999545e+07,0.4416809,9.682689e+08,0.0013247617327767432,0.0,177200643.08246636,25363750.871932205,0.1431358,0.130942070525938,0.12169318513063511,0.017387613058731034
165,0.72,0.07228927405616467,0.1239939,0.07228927,6.999545e+07,0.4416809,9.682689e+08,0.04822775801833413,0.00043643271614020996,66745820.42642489,8667059.275672028,0.1298517,0.04932169417422001,0.05364963173259477,0.005973078865043611
166,0.72,0.07228927405616467,0.1239939,0.07228927,6.999545e+07,0.4416809,9.682689e+08,0.0,0.0,147411557.69881162,18887047.283089057,0.1281246,0.10892948382559284,0.101055050516528,0.01294763821165431
167,0.72,0.07228927405616467,0.1239939,0.07228927,6.999545e+07,0.4416809,9.682689e+08,0.0,0.0,79198861.95686138,13777985.125680186,0.173967,0.0585238449902415,0.05429319872092142,0.009445222644864616
168,0.72,0.07228927405616467,0.1239939,0.07228927,6.999545e+07,0.4416809,9.682689e+08,0.01844461044234952,9.871586808934286e-05,93100099.75903417,11983792.905003553,0.1287194,0.06879613762431973,0.06684171734783462,0.008222386084939545
169,0.72,0.07228927405616467,0.1239939,0.07228927,6.999545e+07,0.4416809,9.682689e+08,0.030203806221311063,0.0016787258167144943,2986202.9311037045,505390.9902167311,0.169242,0.0022066488473598245,0.006990544848080017,0.000467814574554218
170,0.72,0.07228927405616467,0.1239939,0.07228927,6.999545e+07,0.4416809,9.682689e+08,8.670292145346665e-06,9.414199829212568e-08,170864620.7702409,19129656.3281976,0.111958,0.126260079162762,0.11713424875191973,0.013113960804637689
171,0.72,0.07228927405616467,0.1239939,0.07228927,6.999545e+07,0.4416809,9.682689e+08,0.005463363918054144,9.634831514218609e-05,15030.895673921486,2571.987673840892,0.1711134,1.1107051121065545e-05,0.0009044849584872405,8.728124561857548e-06
172,0.72,0.07228927405616467,0.1239939,0.07228927,6.999545e+07,0.4416809,9.682689e+08,0.05379785488221204,0.013893724163017047,4290768.557828626,400150.5516440193,0.09325848,0.003170655079666956,0.011746467405192687,0.0012786824559191212
173,0.72,0.07228927405616467,0.1239939,0.07228927,6.999545e+07,0.4416809,9.682689e+08,0.022929208732460946,6.746224128676452e-05,93621069.84374349,12723284.174516156,0.1359019,0.06918110745505654,0.06793284566992927,0.00872707025986025
174,0.72,0.07228927405616467,0.1239939,0.07228927,6.999545e+07,0.4416809,9.682689e+08,1.812533600241353e-15,0.0,446599111.28284323,65462131.49743359,0.1465792,0.33001354458518684,0.3061571050184222,0.044876257388914896
175,0.72,0.07228927405616467,0.1239939,0.07228927,6.999545e+07,0.4416809,9.682689e+08,0.0052203524131172,3.0641712324138436e-05,13020155.436709486,2480971.0559503715,0.1905485,0.00962121853394664,0.009780115118977736,0.0017029952454576795
176,0.72,0.07228927405616467,0.1239939,0.07228927,6.999545e+07,0.4416809,9.682689e+08,0.006331989863314026,2.2504392579500788e-05,36959979.76526786,5208982.890996788,0.1409358,0.027311505155253102,0.026373523847593245,0.003572541057126984
177,0.72,0.07228927405616467,0.1239939,0.07228927,6.999545e+07,0.4416809,9.682689e+08,0.0,0.0,633103688.5933712,76621790.0035439,0.1210257,0.46783073921150725,0.43401159469274847,0.05252653849093238
178,0.72,0.07228927405616467,0.1239939,0.07228927,6.999545e+07,0.4416809,9.682689e+08,0.0,0.0,260194293.0156571,33735796.91904013,0.1296562,0.19227006670989866,0.17837100316470972,0.023126902090231514
179,0.72,0.07228927405616467,0.1239939,0.07228927,6.999545e+07,0.4416809,9.682689e+08,0.0003243548575789973,1.0960423208397035e-07,148349788.43283126,22794826.790867537,0.1536559,0.10962278760150763,0.10175132255366745,0.0156265463631145
180,0.72,0.07228927405616467,0.1239939,0.07228927,6.999545e+07,0.4416809,9.682689e+08,0.0012487546031952792,0.0,305953923.3511159,43479621.62981526,0.1421117,0.2260840565374524,0.20994498606474096,0.029806586598982297
181,0.72,0.07228927405616467,0.1239939,0.07228927,6.999545e+07,0.4416809,9.682689e+08,2.4597178842328373e-08,0.0,473892080.72651553,50146281.99520232,0.1058179,0.350181631266974,0.3248672593806653,0.0343767825219995
182,0.72,0.07228927405616467,0.1239939,0.07228927,6.999545e+07,0.4416809,9.682689e+08,4.738020535985977e-06,0.0,291750183.57614374,39271402.82489823,0.1346063,0.21558823065898242,0.200004289434523,0.026921726208426082
183,0.72,0.07228927405616467,0.1239939,0.07228927,6.999545e+07,0.4416809,9.682689e+08,0.0008048952306479206,1.9983706715195496e-08,284626678.68691295,37004567.839065336,0.1300109,0.21032433057729125,0.19525187343548817,0.02536774418266015
184,0.72,0.07228927405616467,0.1239939,0.07228927,6.999545e+07,0.4416809,9.682689e+08,0.005337148241993191,0.001928502938453341,2069191.3781425487,163666.99233964775,0.07909708,0.0015290249440139522,0.0022920161326590942,0.0002516087166536939
185,0.72,0.07228927405616467,0.1239939,0.07228927,6.999545e+07,0.4416809,9.682689e+08,0.017801037691649275,0.0004155856861137068,86755926.98231077,8506113.532603737,0.09804648,0.06410812349125675,0.06238726373694689,0.005861238707271121
186,0.72,0.07228927405616467,0.1239939,0.07228927,6.999545e+07,0.4416809,9.682689e+08,9.738452810613938e-06,0.0,217094337.31356946,31321418.624851417,0.1442756,0.16042143827923816,0.14882628284139673,0.021471773250308697
187,0.72,0.07228927405616467,0.1239939,0.07228927,6.999545e+07,0.4416809,9.682689e+08,0.04712193475550952,0.01333872536103436,637967.0771567711,66461.31227216883,0.1041767,0.0004714245307304657,0.008149724133664837,0.0010098079990055262
188,0.72,0.07228927405616467,0.1239939,0.07228927,6.999545e+07,0.4416809,9.682689e+08,0.013941481546367573,0.0,144261235.0739549,22015574.318504266,0.1526091,0.10660155904976983,0.10117719174477928,0.015092337464152313
189,0.72,0.07228927405616467,0.1239939,0.07228927,6.999545e+07,0.4416809,9.682689e+08,0.013421354085687391,0.019159013636634664,43885.08589317172,5491.708671983493,0.1251384,3.242879885817488e-05,0.0022267380513461377,0.0013887559186703375
190,0.72,0.07228927405616467,0.1239939,0.07228927,6.999545e+07,0.4416809,9.682689e+08,0.0,0.0,538391403.0093535,84880027.8605082,0.1576549,0.3978432800077412,0.3690834781078581,0.05818780858969994
191,0.72,0.07228927405616467,0.1239939,0.07228927,6.999545e+07,0.4416809,9.682689e+08,0.0,0.0,139632331.77651343,18517967.824287374,0.1326195,0.10318103996198495,0.09572215748677294,0.012694623156823792
192,0.72,0.07228927405616467,0.1239939,0.07228927,6.999545e+07,0.4416809,9.682689e+08,0.0,0.0,188495258.151867,22890093.252416044,0.1214359,0.13928820436187733,0.1292191611839705,0.01569184646075813
193,0.72,0.07228927405616467,0.1239939,0.07228927,6.999545e+07,0.4416809,9.682689e+08,0.0,0.0,290959511.40521306,35634048.45838803,0.1224708,0.2150039649962403,0.19946148444746503,0.024428210537116107
194,0.72,0.07228927405616467,0.1239939,0.07228927,6.999545e+07,0.4416809,9.682689e+08,0.06524458955224742,0.0009485542033526527,45796259.852796994,5635565.8945502,0.1230573,0.0338410571381413,0.04207319878225797,0.003931919987645501
195,0.72,0.07228927405616467,0.1239939,0.07228927,6.999545e+07,0.4416809,9.682689e+08,0.0017608776182401773,3.5368228987038596e-08,178340132.6798429,27558710.428420156,0.1545289,0.13178409414745393,0.12254571792861828,0.01889232632015239
196,0.72,0.07228927405616467,0.1239939,0.07228927,6.999545e+07,0.4416809,9.682689e+08,0.014253679940488042,1.7390563196392508e-05,30312063.928663407,3460017.136385037,0.1141465,0.022399040678913438,0.02311270935784176,0.0023732028246743146
197,0.72,0.07228927405616467,0.1239939,0.07228927,6.999545e+07,0.4416809,9.682689e+08,0.0018787684167229258,1.1285953849736846e-06,121181277.8653178,12403102.542767504,0.1023516,0.08954666956416826,0.0833809011220195,0.00850278092308203
198,0.72,0.07228927405616467,0.1239939,0.07228927,6.999545e+07,0.4416809,9.682689e+08,0.0,0.0,70530625.08889522,11455107.934979731,0.1624132,0.052118468217581974,0.04835086198521367,0.007852820559747667
199,0.72,0.07228927405616467,0.1239939,0.07228927,6.999545e+07,0.4416809,9.682689e+08,0.0,0.0,97851297.20273769,13400002.700800044,0.1369425,0.07230702573360584,0.06708000333416304,0.009186104339374175
200,0.72,0.07228927405616467,0.1239939,0.07228927,6.999545e+07,0.4416809,9.682689e+08,0.0003402541091972686,0.0,135115021.41915286,15998374.579861002,0.1184056,0.09984298226020911,0.0926810944482948,0.010967366308233676
201,0.72,0.07228927405616467,0.1239939,0.07228927,6.999545e+07,0.4416809,9.682689e+08,0.041950816853131345,0.01588107714422221,272736.93529108126,34109.898364469955,0.1250652,0.00020153842782214289,0.007052998553607082,0.0011714148978535105
202,0.72,0.07228927405616467,0.1239939,0.07228927,6.999545e+07,0.4416809,9.682689e+08,0.002569554613341373,1.0854162133576875e-05,130585372.03351714,16759404.581331009,0.1283406,0.09649580665749048,0.08994075011185657,0.011489859872351672
203,0.72,0.07228927405616467,0.1239939,0.07228927,6.999545e+07,0.4416809,9.682689e+08,2.2448385555199584e-19,0.0,682169142.618491,83854258.9839673,0.122923,0.50408756102425,0.46764743717706436,0.057484613214416565
204,0.72,0.07228927405616467,0.1239939,0.07228927,6.999545e+07,0.4416809,9.682689e+08,0.0,0.0,392986315.4257074,52697290.13202131,0.1340945,0.29039647337088703,0.2694039231224352,0.036125575222915346
205,0.72,0.07228927405616467,0.1239939,0.07228927,6.999545e+07,0.4416809,9.682689e+08,0.012639181057473131,5.029977934375722e-05,44886174.029972054,5821471.113141896,0.1296941,0.03316855098960808,0.032839456901743495,0.003994429438686143
206,0.72,0.07228927405616467,0.1239939,0.07228927,6.999545e+07,0.4416809,9.682689e+08,0.0023446918754172785,3.090349159304078e-06,236959707.09135583,32874196.372227136,0.1387333,0.17510091463563138,0.16282674893981477,0.02253647243510119
207,0.72,0.07228927405616467,0.1239939,0.07228927,6.999545e+07,0.4416809,9.682689e+08,0.006061242290553949,5.276022264992136e-06,160681109.79482797,20372542.06454005,0.1267887,0.11873499353582316,0.11114376175991811,0.013966370903088785
208,0.72,0.07228927405616467,0.1239939,0.07228927,6.999545e+07,0.4416809,9.682689e+08,0.0,0.0,85531144.16149788,14879867.047679795,0.1739702,0.06320307260818968,0.05863416837122457,0.01020059579897258
209,0.72,0.07228927405616467,0.1239939,0.07228927,6.999545e+07,0.4416809,9.682689e+08,8.21196188177718e-05,0.0,214715657.9231092,27816020.768427674,0.1295482,0.15866371777051919,0.14720747319243543,0.019068717730162832
210,0.72,0.07228927405616467,0.1239939,0.07228927,6.999545e+07,0.4416809,9.682689e+08,0.0,0.0,572079028.1713502,74788007.00073467,0.1307302,0.4227366850940911,0.39217735701172973,0.05126942516224845
211,0.72,0.07228927405616467,0.1239939,0.07228927,6.999545e+07,0.4416809,9.682689e+08,0.0028891453748978438,0.00042165429335367516,794.486551454618,135.9304883576422,0.1710922,5.870842918107535e-07,0.00047340686671220884,3.057426720183532e-05
212,0.72,0.07228927405616467,0.1239939,0.07228927,6.999545e+07,0.4416809,9.682689e+08,2.1318201097480592e-08,0.0,405049117.7522961,53555899.43968686,0.1322208,0.2993102576862946,0.27767333992970766,0.03671417769286132
213,0.72,0.07228927405616467,0.1239939,0.07228927,6.999545e+07,0.4416809,9.682689e+08,4.6863986037730065e-05,5.818081867450665e-13,286190372.94757956,39162847.136590734,0.1368419,0.21147981940960842,0.19619976694740746,0.026847308023510187
214,0.72,0.07228927405616467,0.1239939,0.07228927,6.999545e+07,0.4416809,9.682689e+08,0.0007589982935921211,3.079892402745694e-07,313349603.78032434,45083361.16311201,0.1438756,0.23154908020499085,0.2149347894356297,0.030906020483954046
215,0.72,0.07228927405616467,0.1239939,0.07228927,6.999545e+07,0.4416809,9.682689e+08,0.0,0.0,599998891.5401229,77002697.6725063,0.1283381,0.44336801382243546,0.41131726196348795,0.052787662139105046
216,0.72,0.07228927405616467,0.1239939,0.07228927,6.999545e+07,0.4416809,9.682689e+08,0.0,0.0,454937849.95188,64738122.461796634,0.142301,0.3361754393046672,0.3118735608418205,0.044379927448353486
217,0.72,0.07228927405616467,0.1239939,0.07228927,6.999545e+07,0.4416809,9.682689e+08,0.022731841553323143,0.0004373963312708612,52834283.44013645,6001111.309152547,0.1135837,0.039041790978072866,0.03993997570240373,0.004145561117526488
218,0.72,0.07228927405616467,0.1239939,0.07228927,6.999545e+07,0.4416809,9.682689e+08,0.02951238634398044,0.0008553350866513493,34288413.95721104,4368222.781816911,0.1273965,0.025337356797955894,0.028335987026613756,0.0030563794751549338
219,0.72,0.07228927405616467,0.1239939,0.07228927,6.999545e+07,0.4416809,9.682689e+08,0.0004043431581880272,2.5890851854308178e-08,231128081.3893972,33623992.252957456,0.1454777,0.17079164616649062,0.1585114203069909,0.023050258505051928
220,0.72,0.07228927405616467,0.1239939,0.07228927,6.999545e+07,0.4416809,9.682689e+08,1.6118243496516358e-07,0.0,309890139.4137924,42033859.29124016,0.1356412,0.2289927157404805,0.21243902493594619,0.02881547309037864
221,0.72,0.07228927405616467,0.1239939,0.07228927,6.999545e+07,0.4416809,9.682689e+08,0.0002420327648365847,0.0,80526238.36543827,12283741.855353279,0.1525433,0.059504707205428005,0.05524276826929677,0.008420874001351945
222,0.72,0.07228927405616467,0.1239939,0.07228927,6.999545e+07,0.4416809,9.682689e+08,0.00680263327671141,1.731198308962333e-05,168641012.85344782,18721186.739606466,0.1110121,0.12461694841787384,0.11672185677814001,0.012835187297931722
223,0.72,0.07228927405616467,0.1239939,0.07228927,6.999545e+07,0.4416809,9.682689e+08,0.018552752832428833,7.463440053773605e-06,48215779.44415428,8933228.131581485,0.185276,0.035628956433873274,0.036089867115866044,0.006124535732965756
224,0.72,0.07228927405616467,0.1239939,0.07228927,6.999545e+07,0.4416809,9.682689e+08,0.0,0.0,483486880.91728926,78232445.37648799,0.1618088,0.3572716902047279,0.33144477907900904,0.05363069112739078
225,0.72,0.07228927405616467,0.1239939,0.07228927,6.999545e+07,0.4416809,9.682689e+08,0.0,0.0,531456318.974393,75865155.52150558,0.1427496,0.3927186131498084,0.3643292696968649,0.05200784282691156
226,0.72,0.07228927405616467,0.1239939,0.07228927,6.999545e+07,0.4416809,9.682689e+08,5.494767082567107e-07,0.0,270551573.2810988,39100889.86400887,0.1445229,0.19992355881569884,0.18547131981424084,0.02680483445213922
227,0.72,0.07228927405616467,0.1239939,0.07228927,6.999545e+07,0.4416809,9.682689e+08,0.0,0.0,179190939.5046108,31738384.772207357,0.1771205,0.1324127961956788,0.12284077128294628,0.021757616068487372
228,0.72,0.07228927405616467,0.1239939,0.07228927,6.999545e+07,0.4416809,9.682689e+08,1.2247658492390704e-05,0.0,249978943.4251467,28134985.185761414,0.1125494,0.18472145400026407,0.17137007874444152,0.01928737741879114
229,0.72,0.07228927405616467,0.1239939,0.07228927,6.999545e+07,0.4416809,9.682689e+08,0.0576841617902103,0.00030765109574164783,66358404.86723037,9331980.082021007,0.14063,0.04903541420033027,0.05493176258470047,0.0064195925197794365
230,0.72,0.07228927405616467,0.1239939,0.07228927,6.999545e+07,0.4416809,9.682689e+08,0.000742471421372223,1.4521500404518953e-08,212666898.50896314,33360199.979063876,0.156866,0.15714979098655743,0.14591106589594746,0.022869420156042816
231,0.72,0.07228927405616467,0.1239939,0.07228927,6.999545e+07,0.4416809,9.682689e+08,0.04001595414235622,0.01336859380820568,781664.7159729564,59540.95982570766,0.07617199,0.0005776096214218297,0.007085207667296626,0.001007223057904133
232,0.72,0.07228927405616467,0.1239939,0.07228927,6.999545e+07,0.4416809,9.682689e+08,0.0,0.0,49693218.01695132,5723801.25479319,0.1151827,0.03672070679341852,0.03406619355649302,0.003923837682602246
233,0.72,0.07228927405616467,0.1239939,0.07228927,6.999545e+07,0.4416809,9.682689e+08,1.8204401617215813e-09,0.0,477043794.30786026,70897889.83726129,0.1486192,0.3525105838873882,0.3270278499790029,0.04860263300153319
234,0.72,0.07228927405616467,0.1239939,0.07228927,6.999545e+07,0.4416809,9.682689e+08,0.0005252740854332536,0.0,306391778.4899859,41941529.22937977,0.1368886,0.22640760874063134,0.2101267379097252,0.028752178059709744
235,0.72,0.07228927405616467,0.1239939,0.07228927,6.999545e+07,0.4416809,9.682689e+08,6.12410959489118e-09,0.0,343698563.7378281,47931827.784115285,0.1394589,0.25397538513264795,0.23561568991559806,0.03285870764604463
236,0.72,0.07228927405616467,0.1239939,0.07228927,6.999545e+07,0.4416809,9.682689e+08,0.0,0.0,309415295.0508148,33767190.72115792,0.1091323,0.22864183042209643,0.21211347848201034,0.02314842348454037
237,0.72,0.07228927405616467,0.1239939,0.07228927,6.999545e+07,0.4416809,9.682689e+08,0.00035912016797225356,0.0,217497300.41144738,28850522.003766127,0.1326477,0.16071920707659587,0.14915970894583108,0.019777899399690636
238,0.72,0.07228927405616467,0.1239939,0.07228927,6.999545e+07,0.4416809,9.682689e+08,0.000416462325571845,6.191547471777767e-12,305421728.16312784,34593107.33811074,0.1132634,0.22569079193848213,0.20944393021132446,0.02371461413347928
239,0.72,0.07228927405616467,0.1239939,0.07228927,6.999545e+07,0.4416809,9.682689e+08,0.009580704332531794,3.648428606623545e-05,124647826.54787102,18453707.157313082,0.1480468,0.09210826897022253,0.0870178890183147,0.012653207962007357
240,0.72,0.07228927405616467,0.1239939,0.07228927,6.999545e+07,0.4416809,9.682689e+08,0.006328275514892343,4.6730783694712744e-05,121986955.1365492,14458374.130405508,0.1185239,0.09014202321659057,0.08466146144769884,0.009915027878476328
241,0.72,0.07228927405616467,0.1239939,0.07228927,6.999545e+07,0.4416809,9.682689e+08,0.00080575092637674,0.0,282009363.9384787,46219964.94755841,0.1638951,0.20839027093497628,0.19345776561117312,0.031685174253370786
242,0.72,0.07228927405616467,0.1239939,0.07228927,6.999545e+07,0.4416809,9.682689e+08,0.006283505557211625,1.1126155908635293e-05,43536899.49796822,6800761.498432931,0.1562068,0.03217150719871012,0.03087426451553996,0.0046629305793704405
243,0.72,0.07228927405616467,0.1239939,0.07228927,6.999545e+07,0.4416809,9.682689e+08,0.002306784201904795,6.594850456336235e-07,233842342.3567409,27341166.736516617,0.1169214,0.17279734402869484,0.16068349748598965,0.01874323870207259
244,0.72,0.07228927405616467,0.1239939,0.07228927,6.999545e+07,0.4416809,9.682689e+08,0.00017372243859044707,4.713218010339586e-08,227887431.93838564,33834934.2856224,0.1484721,0.16839697455817867,0.15625211241302264,0.02319486713990534
245,0.72,0.07228927405616467,0.1239939,0.07228927,6.999545e+07,0.4416809,9.682689e+08,6.49750559242523e-06,0.0,389669752.55400497,54756829.554932155,0.1405211,0.2879457056880177,0.2671313830935329,0.03753745135849135
246,0.72,0.07228927405616467,0.1239939,0.07228927,6.999545e+07,0.4416809,9.682689e+08,0.0015157607593863532,3.81821349367857e-05,54137449.18090715,7482026.754891895,0.1382043,0.0400047627673771,0.03736092986751046,0.005131914232518477
247,0.72,0.07228927405616467,0.1239939,0.07228927,6.999545e+07,0.4416809,9.682689e+08,0.0,0.0,653760101.2274169,84800775.56152853,0.1297124,0.48309475514784517,0.44817218599786673,0.05813347875829483
248,0.72,0.07228927405616467,0.1239939,0.07228927,6.999545e+07,0.4416809,9.682689e+08,0.04982167426657314,0.0056613447696098294,26499030.490289837,2674326.225355106,0.1009217,0.019581407036506668,0.02632012231687706,0.002242585458216787
249,0.72,0.07228927405616467,0.1239939,0.07228927,6.999545e+07,0.4416809,9.682689e+08,0.09219378834319006,0.0022271688452792596,26494170.659336984,3661170.622631056,0.1381878,0.0195778158738771,0.03325177305316074,0.0026708428492614044
250,0.72,0.07228927405616467,0.1239939,0.07228927,6.999545e+07,0.4416809,9.682689e+08,0.00010314616007573907,3.486376727752435e-14,293329588.6107359,40029993.33780821,0.1364676,0.21675532893713223,0.20110312534249344,0.0274417627903641
251,0.72,0.07228927405616467,0.1239939,0.07228927,6.999545e+07,0.4416809,9.682689e+08,0.00640246378874965,0.0017326316744247234,197096.5676147209,20530.031882320065,0.1041623,0.00014564412525871223,0.0011829975554656315,0.00013932463945466657
252,0.72,0.07228927405616467,0.1239939,0.07228927,6.999545e+07,0.4416809,9.682689e+08,6.864882259913457e-10,0.0,602244604.7619933,84118687.58872242,0.1396753,0.44502747923951264,0.41285676594259985,0.05766588696546221
253,0.72,0.07228927405616467,0.1239939,0.07228927,6.999545e+07,0.4416809,9.682689e+08,0.0,0.0,555108506.5767732,62482358.49773688,0.1125588,0.4101963511717988,0.3805435547251018,0.04283353349593914
254,0.72,0.07228927405616467,0.1239939,0.07228927,6.999545e+07,0.4416809,9.682689e+08,8.535090523327004e-06,0.0,229824325.26469854,25959204.38203464,0.1129524,0.1698282381141312,0.157552874992478,0.017795814325192047
255,0.72,0.07228927405616467,0.1239939,0.07228927,6.999545e+07,0.4416809,9.682689e+08,0.0017200552630655416,0.0,185288170.3444164,23876801.128167693,0.1288631,0.13691833306479273,0.1273021251062813,0.016368264346748238
256,0.72,0.07228927405616467,0.1239939,0.07228927,6.999545e+07,0.4416809,9.682689e+08,0.0,0.0,22598922.14301853,2272791.5981672606,0.1005708,0.0166994295595427,0.015492239919531298,0.0015580669070440498
257,0.72,0.07228927405616467,0.1239939,0.07228927,6.999545e+07,0.4416809,9.682689e+08,0.040076630313708866,0.0009150109146929313,37912402.77164762,4699972.427596932,0.1239693,0.02801529628322246,0.032549374659269444,0.0032881177441933585
258,0.72,0.07228927405616467,0.1239939,0.07228927,6.999545e+07,0.4416809,9.682689e+08,0.0,0.0,152420264.86735925,23040793.16555548,0.1511662,0.11263065824516034,0.1044886697241497,0.015795155777699597
259,0.72,0.07228927405616467,0.1239939,0.07228927,6.999545e+07,0.4416809,9.682689e+08,0.0,0.0,54669546.23964551,10019500.016045302,0.1832739,0.04039795485392916,0.0374776160241849,0.006868668210809998
260,0.72,0.07228927405616467,0.1239939,0.07228927,6.999545e+07,0.4416809,9.682689e+08,2.912139652378855e-05,0.0,323915442.2592283,36425182.2016546,0.1124527,0.23935668599695428,0.22205853118236785,0.024970556480942853
261,0.72,0.07228927405616467,0.1239939,0.07228927,6.999545e+07,0.4416809,9.682689e+08,0.0,0.0,36800469.42552574,6172238.907072616,0.1677217,0.02719363529997042,0.02522782714518746,0.004231255162696995
262,0.72,0.07228927405616467,0.1239939,0.07228927,6.999545e+07,0.4416809,9.682689e+08,0.0,0.0,332121127.41621727,50002362.49466343,0.1505546,0.2454202610825145,0.2276790085701851,0.03427812138155496
263,0.72,0.07228927405616467,0.1239939,0.07228927,6.999545e+07,0.4416809,9.682689e+08,0.0,0.0,585214357.169616,99453999.59711702,0.1699446,0.4324430109073212,0.40118201957816874,0.06817870396493637
264,0.72,0.07228927405616467,0.1239939,0.07228927,6.999545e+07,0.4416809,9.682689e+08,0.0031335733102527004,2.0282466224132058e-05,90916732.04876354,11391260.287457645,0.1252933,0.06718274230176854,0.0628390180187386,0.007810517284376567
265,0.72,0.07228927405616467,0.1239939,0.07228927,6.999545e+07,0.4416809,9.682689e+08,0.0,0.0,337813361.5316077,49053596.84690767,0.1452092,0.2496265264098967,0.2315812060305632,0.03362771403250435
266,0.72,0.07228927405616467,0.1239939,0.07228927,6.999545e+07,0.4416809,9.682689e+08,0.0025821142086916967,2.8802487220073363e-08,247561773.15309712,37702437.40185861,0.1522951,0.1829352907294648,0.17013364224118613,0.025846155366954525
267,0.72,0.07228927405616467,0.1239939,0.07228927,6.999545e+07,0.4416809,9.682689e+08,0.04973359921775635,0.000952381584061956,26888119.54224763,3942109.103599321,0.1466116,0.019868923634618656,0.026572439433665128,0.002771281170659117
268,0.72,0.07228927405616467,0.1239939,0.07228927,6.999545e+07,0.4416809,9.682689e+08,0.0003979805796101937,9.40622517320373e-11,199319182.91744143,39030122.090733714,0.1958172,0.14728652251336227,0.13670442362536378,0.02675632102474893
269,0.72,0.07228927405616467,0.1239939,0.07228927,6.999545e+07,0.4416809,9.682689e+08,0.00023466443617301515,0.0,308038775.44667184,51922417.11006204,0.1685581,0.22762465393813672,0.21120824013469902,0.03559437649195845
270,0.72,0.07228927405616467,0.1239939,0.07228927,6.999545e+07,0.4416809,9.682689e+08,0.0,0.0,713213.1976948092,71049.08014034279,0.09961829,0.0005270275051378985,0.0004889290693838482,4.87062784955095e-05
271,0.72,0.07228927405616467,0.1239939,0.07228927,6.999545e+07,0.4416809,9.682689e+08,0.05308526625257015,0.017947957851552353,429202.6329070248,39271.7107814408,0.09149923,0.0003171584507279413,0.008982619631264134,0.0013243667812012463
272,0.72,0.07228927405616467,0.1239939,0.07228927,6.999545e+07,0.4416809,9.682689e+08,3.235453667641629e-05,0.0,174740436.62661195,32917723.712512784,0.1883807,0.12912410575082747,0.11979511330291884,0.022566088335174737
273,0.72,0.07228927405616467,0.1239939,0.07228927,6.999545e+07,0.4416809,9.682689e+08,0.0,0.0,46399047.63108681,7113443.941728418,0.1533101,0.03428648599440265,0.03180794081193042,0.004876479484373907
274,0.72,0.07228927405616467,0.1239939,0.07228927,6.999545e+07,0.4416809,9.682689e+08,0.08149688779552101,0.0010074584913225737,33667855.047476105,6389012.592342795,0.189766,0.02487879599868049,0.03641880301499887,0.0044526884780324285
275,0.72,0.07228927405616467,0.1239939,0.07228927,6.999545e+07,0.4416809,9.682689e+08,0.0,0.0,141401899.47721827,20812678.81139792,0.1471881,0.10448865857236596,0.09693524929706716,0.014267716463368219
276,0.72,0.07228927405616467,0.1239939,0.07228927,6.999545e+07,0.4416809,9.682689e+08,0.05256372692849762,0.0011469236106377428,16294379.390546042,2360404.8682442363,0.1448601,0.01204069995581403,0.01977331524879506,0.0017010387104807998
277,0.72,0.07228927405616467,0.1239939,0.07228927,6.999545e+07,0.4416809,9.682689e+08,0.002998874833288734,4.508563584537925e-05,163817678.00401357,17210088.659510694,0.1050564,0.12105275451294027,0.11279276024991232,0.011801291913260117
278,0.72,0.07228927405616467,0.1239939,0.07228927,6.999545e+07,0.4416809,9.682689e+08,0.0,0.0,118246320.77496967,13932690.962328074,0.1178277,0.08737788873115448,0.08106140458621898,0.00955127814269469
279,0.72,0.07228927405616467,0.1239939,0.07228927,6.999545e+07,0.4416809,9.682689e+08,0.0006708405410293228,2.948455252058333e-08,190348769.0106182,32819433.41452296,0.1724174,0.1406578526056156,0.1305995940463178,0.02249870951503192
280,0.72,0.07228927405616467,0.1239939,0.07228927,6.999545e+07,0.4416809,9.682689e+08,0.017477294748781763,0.0006161793171908915,25233.67695766264,4318.270975534487,0.1711313,1.8646376504860083e-05,0.0028777818607646785,4.7503459987239375e-05
281,0.72,0.07228927405616467,0.1239939,0.07228927,6.999545e+07,0.4416809,9.682689e+08,3.722233405515572e-08,0.0,528010952.3735501,80828602.59959516,0.1530813,0.39017266620183183,0.36196737349766844,0.05541043488307364
282,0.72,0.07228927405616467,0.1239939,0.07228927,6.999545e+07,0.4416809,9.682689e+08,0.00260658477732211,0.0,125995616.25658904,16573585.82401723,0.131541,0.09310421555384163,0.08680039534007791,0.011361690893383562
283,0.72,0.07228927405616467,0.1239939,0.07228927,6.999545e+07,0.4416809,9.682689e+08,0.012074321531310385,0.00016070519399091947,98229165.55370784,11088391.094703902,0.1128829,0.07258625081654883,0.0693152300859628,0.0076130424126918585
284,0.72,0.07228927405616467,0.1239939,0.07228927,6.999545e+07,0.4416809,9.682689e+08,0.0003129785636114169,1.4274519580950901e-06,131313038.02570593,16662129.176027212,0.1268886,0.09703351402700702,0.09007025648527088,0.011422493210176634
285,0.72,0.07228927405616467,0.1239939,0.07228927,6.999545e+07,0.4416809,9.682689e+08,0.0,0.0,94088529.2452258,11647649.88835293,0.1237946,0.06952653567050847,0.06450051287924737,0.007984813852054058
286,0.72,0.07228927405616467,0.1239939,0.07228927,6.999545e+07,0.4416809,9.682689e+08,0.0,0.0,319372260.0985159,49676564.79347748,0.1555444,0.2359995103764159,0.21893927709369446,0.03405477727159865
287,0.72,0.07228927405616467,0.1239939,0.07228927,6.999545e+07,0.4416809,9.682689e+08,2.0166973500815834e-05,0.0,381986336.05613804,48395602.20738454,0.1266946,0.28226806001223065,0.26186640756393204,0.03317663894331445
288,0.72,0.07228927405616467,0.1239939,0.07228927,6.999545e+07,0.4416809,9.682689e+08,2.02152772686062e-06,0.0,167353712.51474133,29374437.780331157,0.1755231,0.12366570033656453,0.11472632749409056,0.02013705940107506
289,0.72,0.07228927405616467,0.1239939,0.07228927,6.999545e+07,0.4416809,9.682689e+08,0.03148345919884445,0.0014632128478331732,12657595.883257557,1782379.8064256911,0.140815,0.009353305857152,0.013830014152757506,0.001327649488155049
290,0.72,0.07228927405616467,0.1239939,0.07228927,6.999545e+07,0.4416809,9.682689e+08,0.04778245994413422,0.0010629423483456866,33095620.25335724,3986725.344641016,0.1204608,0.02445594421064247,0.03050852749446317,0.002809859301394075
291,0.72,0.07228927405616467,0.1239939,0.07228927,6.999545e+07,0.4416809,9.682689e+08,0.0,0.0,77105346.81840847,10674817.528507957,0.1384446,0.0569768460508593,0.052858031211832815,0.007317908048988662
292,0.72,0.07228927405616467,0.1239939,0.07228927,6.999545e+07,0.4416809,9.682689e+08,0.03171476385899225,0.010189120016649582,1217040.9753793871,111493.87091128381,0.09161061,0.0008993300614429464,0.006025027427588081,0.0008129964866600442
293,0.72,0.07228927405616467,0.1239939,0.07228927,6.999545e+07,0.4416809,9.682689e+08,0.05218408116620502,0.0004150549727050583,77215666.85769624,9336466.387324242,0.1209141,0.0570583668293032,0.061474551594437155,0.006430432165113811
294,0.72,0.07228927405616467,0.1239939,0.07228927,6.999545e+07,0.4416809,9.682689e+08,0.08049837460335856,0.01496627644453485,8488880.117731553,820293.3966122023,0.09663152,0.00627284145094744,0.018994434212449823,0.0016442370215457853
295,0.72,0.07228927405616467,0.1239939,0.07228927,6.999545e+07,0.4416809,9.682689e+08,7.630973848895806e-05,6.109205895401588e-08,243171357.03885537,28600739.26478977,0.1176156,0.1796910012818147,0.16671375874866118,0.01960667024584617
296,0.72,0.07228927405616467,0.1239939,0.07228927,6.999545e+07,0.4416809,9.682689e+08,4.723980018106011e-10,0.0,53689261.02359336,5944900.842565909,0.1107279,0.039673575000318255,0.03680560114164914,0.004075408091058323
297,0.72,0.07228927405616467,0.1239939,0.07228927,6.999545e+07,0.4416809,9.682689e+08,0.04515921394683463,0.007642269302193556,4691210.982549557,552560.3862898061,0.1177863,0.003466561230498381,0.010607108915002198,0.0009312508417292844
298,0.72,0.07228927405616467,0.1239939,0.07228927,6.999545e+07,0.4416809,9.682689e+08,0.0037862708848824217,0.0003021804582735847,6472.418484146398,810.0090474547958,0.1251478,4.7827810491075016e-06,0.0006241304872791594,2.2399691494350746e-05
299,0.72,0.07228927405616467,0.1239939,0.07228927,6.999545e+07,0.4416809,9.682689e+08,3.7095773041883556e-08,0.0,348503215.79488397,46680856.34017287,0.1339467,0.2575257734244941,0.23890942828429632,0.03200112914653085
300,0.72,0.07228927405616467,0.1239939,0.07228927,6.999545e+07,0.4416809,9.682689e+08,0.007974419777643156,0.00012428514867922574,75875746.34644893,7225264.452169643,0.09522495,0.05606823517384841,0.05332026484468743,0.004962120286142052
301,0.72,0.07228927405616467,0.1239939,0.07228927,6.999545e+07,0.4416809,9.682689e+08,0.0,0.0,347880270.0132755,50846744.677996404,0.1461616,0.2570654488508906,0.23848237416853754,0.03485697073043921
302,0.72,0.07228927405616467,0.1239939,0.07228927,6.999545e+07,0.4416809,9.682689e+08,0.0,0.0,7215796.477898394,888898.507867591,0.1231879,0.005332098771617142,0.004946645222221171,0.0006093666264633057
303,0.72,0.07228927405616467,0.1239939,0.07228927,6.999545e+07,0.4416809,9.682689e+08,0.00048246005660376696,5.895638783252648e-08,218180017.76535094,26920136.717374954,0.123385,0.16122369973728287,0.1496479190585305,0.01845456656593996
304,0.72,0.07228927405616467,0.1239939,0.07228927,6.999545e+07,0.4416809,9.682689e+08,0.0007555056489274993,6.25966347205041e-07,270925732.9246325,44135608.92419121,0.1629067,0.2002000433564956,0.18585138006719867,0.030256330843433193
305,0.72,0.07228927405616467,0.1239939,0.07228927,6.999545e+07,0.4416809,9.682689e+08,0.0,0.0,14028232.367199494,2054457.6680269935,0.1464516,0.010366135020882655,0.00961677464545486,0.0014083924399654441
306,0.72,0.07228927405616467,0.1239939,0.07228927,6.999545e+07,0.4416809,9.682689e+08,0.05827855412868725,0.014510465213960653,6612837.288517583,830194.0785418215,0.1255428,0.00488654325146352,0.014071664796841622,0.0016180739734246254
307,0.72,0.07228927405616467,0.1239939,0.07228927,6.999545e+07,0.4416809,9.682689e+08,0.0,0.0,411974079.2387772,58011316.20705494,0.140813,0.3044274445067184,0.2824206055405543,0.03976849971161709
308,0.72,0.07228927405616467,0.1239939,0.07228927,6.999545e+07,0.4416809,9.682689e+08,1.94026670646103e-06,0.0,345945213.15112704,44415437.21621113,0.1283886,0.2556355423465602,0.23715615212800384,0.03044811629199735
309,0.72,0.07228927405616467,0.1239939,0.07228927,6.999545e+07,0.4416809,9.682689e+08,0.0,0.0,291121183.69796693,33108143.350930475,0.1137263,0.21512343242249574,0.1995723156602031,0.022696626716832407
310,0.72,0.07228927405616467,0.1239939,0.07228927,6.999545e+07,0.4416809,9.682689e+08,0.00024767643696490914,0.0,295399677.38565546,50391342.440430336,0.170587,0.21828501701074898,0.20254588843598878,0.034544778817939326
311,0.72,0.07228927405616467,0.1239939,0.07228927,6.999545e+07,0.4416809,9.682689e+08,0.0002015668417480065,0.0,322064173.174221,54101928.93532482,0.1679849,0.2379886943075635,0.2208176545143798,0.037088497312886964
312,0.72,0.07228927405616467,0.1239939,0.07228927,6.999545e+07,0.4416809,9.682689e+08,0.0,0.0,171076288.34625772,19410403.48503991,0.1134605,0.1264164905063368,0.11727793417890565,0.0133064146078331
313,0.72,0.07228927405616467,0.1239939,0.07228927,6.999545e+07,0.4416809,9.682689e+08,3.409932199247637e-08,0.0,504733770.9164013,77611160.43103683,0.1537665,0.3729720382414211,0.3460101659346871,0.05320478163611464
314,0.72,0.07228927405616467,0.1239939,0.07228927,6.999545e+07,0.4416809,9.682689e+08,5.471273933087638e-06,0.0,308094257.0617767,44292289.58416356,0.1437621,0.22766565196969898,0.2112087627367347,0.03036369489131597
315,0.72,0.07228927405616467,0.1239939,0.07228927,6.999545e+07,0.4416809,9.682689e+08,3.1036398604769125e-08,0.0,416455109.11929184,57272680.53948497,0.1375243,0.30773869282069943,0.28549249119738024,0.03926214277553409
316,0.72,0.07228927405616467,0.1239939,0.07228927,6.999545e+07,0.4416809,9.682689e+08,4.6661186822456776e-05,0.0,237728991.36809018,32490677.70235251,0.1366711,0.17566937575555952,0.16297800107688631,0.0222733354682808
317,0.72,0.07228927405616467,0.1239939,0.07228927,6.999545e+07,0.4416809,9.682689e+08,0.0,0.0,317545576.2312674,37926901.618063636,0.1194377,0.2346496858858663,0.21768703043566992,0.026000030247151414
318,0.72,0.07228927405616467,0.1239939,0.07228927,6.999545e+07,0.4416809,9.682689e+08,1.1120186416620808e-06,0.0,332289661.64810663,41514397.51526535,0.1249344,0.24554479912534669,0.22779472585078261,0.028459366440181
319,0.72,0.07228927405616467,0.1239939,0.07228927,6.999545e+07,0.4416809,9.682689e+08,0.0,0.0,351025666.8016711,50552436.98660302,0.1440135,0.25938973368944207,0.2406386381434104,0.03465521396804255
320,0.72,0.07228927405616467,0.1239939,0.07228927,6.999545e+07,0.4416809,9.682689e+08,0.0,0.0,495320926.4363482,63426649.69196565,0.1280516,0.3660164351221751,0.33955737273456776,0.04348087347270047
321,0.72,0.07228927405616467,0.1239939,0.07228927,6.999545e+07,0.4416809,9.682689e+08,0.0,0.0,253506147.76900306,29569503.10629808,0.1166422,0.18732787478925464,0.17378607871025528,0.020270782541087506
322,0.72,0.07228927405616467,0.1239939,0.07228927,6.999545e+07,0.4416809,9.682689e+08,0.0,0.0,144190788.74134728,18387670.98105031,0.1275232,0.10654950286931732,0.09884711665584911,0.012605300757135372
323,0.72,0.07228927405616467,0.1239939,0.07228927,6.999545e+07,0.4416809,9.682689e+08,0.0,0.0,64272145.063927844,7315350.56375827,0.1138184,0.047493776576744806,0.04406048594582624,0.0050148925383254606
324,0.72,0.07228927405616467,0.1239939,0.07228927,6.999545e+07,0.4416809,9.682689e+08,0.0,0.0,187220641.33060274,31007853.034620244,0.165622,0.13834632874111077,0.12834537306808033,0.021256814619820586
325,0.72,0.07228927405616467,0.1239939,0.07228927,6.999545e+07,0.4416809,9.682689e+08,0.0,0.0,491339172.9994179,77837353.17857742,0.1584188,0.36307412616501866,0.33682776115597307,0.053359843558571825
326,0.72,0.07228927405616467,0.1239939,0.07228927,6.999545e+07,0.4416809,9.682689e+08,0.0,0.0,469785471.9117633,59177708.08880616,0.1259675,0.3471470606712371,0.32205205166458195,0.04056809638078238
327,0.72,0.07228927405616467,0.1239939,0.07228927,6.999545e+07,0.4416809,9.682689e+08,0.0,0.0,153691852.61086047,18586377.55337961,0.1209327,0.11357029553480588,0.10536038131625067,0.012741520080899195
328,0.72,0.07228927405616467,0.1239939,0.07228927,6.999545e+07,0.4416809,9.682689e+08,0.0012981542482562321,0.0,268961021.4365895,40757268.51405452,0.151536,0.19874822362404282,0.18459332583643603,0.027940331768413835
329,0.72,0.07228927405616467,0.1239939,0.07228927,6.999545e+07,0.4416809,9.682689e+08,0.0,0.0,305228514.3216848,46488285.57468604,0.1523065,0.22554801694617554,0.20924331453632894,0.03186911610265516
330,0.72,0.07228927405616467,0.1239939,0.07228927,6.999545e+07,0.4416809,9.682689e+08,0.00033080897310031716,4.388072197661199e-13,234649505.24998158,29975543.048551247,0.127746,0.17339379547861117,0.16091342690120744,0.020549135117515972
331,0.72,0.07228927405616467,0.1239939,0.07228927,6.999545e+07,0.4416809,9.682689e+08,0.0,0.0,185632308.1875558,23236192.032331884,0.1251732,0.1371726330545847,0.1272565229906961,0.015929107569955307
332,0.72,0.07228927405616467,0.1239939,0.07228927,6.999545e+07,0.4416809,9.682689e+08,0.0,0.0,672913160.8805859,79717593.34249237,0.1184664,0.4972478713231945,0.4613021836792675,0.054648804666600076
333,0.72,0.07228927405616467,0.1239939,0.07228927,6.999545e+07,0.4416809,9.682689e+08,1.2204736097294884e-06,0.0,248657302.35219637,36650334.67092529,0.147393,0.1837448299001828,0.17046224928826606,0.0251249052613998
334,0.72,0.07228927405616467,0.1239939,0.07228927,6.999545e+07,0.4416809,9.682689e+08,0.004740567061459684,8.323586497077605e-06,143876262.09059387,18261037.794704054,0.1269218,0.10631708401254109,0.09940738090705632,0.012519091610314122
335,0.72,0.07228927405616467,0.1239939,0.07228927,6.999545e+07,0.4416809,9.682689e+08,8.327029353247881e-09,0.0,349934802.20495427,37491239.46686836,0.1071378,0.2585836414175813,0.2398908190595775,0.025701370756780043
336,0.72,0.07228927405616467,0.1239939,0.07228927,6.999545e+07,0.4416809,9.682689e+08,0.0,0.0,120304409.95973423,13526150.301926963,0.1124327,0.08889870973096708,0.08247228653998577,0.009272582308967752
337,0.72,0.07228927405616467,0.1239939,0.07228927,6.999545e+07,0.4416809,9.682689e+08,8.273846132797659e-06,0.0,222250472.36029613,33367545.34023929,0.1501349,0.16423155424261837,0.15236072857766916,0.022874454572008117
338,0.72,0.07228927405616467,0.1239939,0.07228927,6.999545e+07,0.4416809,9.682689e+08,1.973794885501649e-05,1.599457700477806e-10,407778422.69731987,46928591.786100164,0.1150836,0.3013270722665429,0.27954758744031255,0.03217095924735981
339,0.72,0.07228927405616467,0.1239939,0.07228927,6.999545e+07,0.4416809,9.682689e+08,0.0,0.0,301728447.51550037,39099073.95669238,0.1295837,0.2229616493878614,0.20684391361124776,0.02680358959313043
340,0.72,0.07228927405616467,0.1239939,0.07228927,6.999545e+07,0.4416809,9.682689e+08,3.858072731731876e-06,6.762136309943315e-08,13840552.537158774,2473748.212572862,0.1787319,0.010227449375537389,0.00948874592988748,0.0016958335905336106
341,0.72,0.07228927405616467,0.1239939,0.07228927,6.999545e+07,0.4416809,9.682689e+08,0.0,0.0,368208817.09627336,46241778.15841373,0.1255857,0.2720871891760257,0.25241820379050844,0.031700127864602655
342,0.72,0.07228927405616467,0.1239939,0.07228927,6.999545e+07,0.4416809,9.682689e+08,0.0,0.0,213523371.91585752,24595424.551031884,0.1151884,0.15778268034462234,0.1463766849238737,0.01686090228798944
343,0.72,0.07228927405616467,0.1239939,0.07228927,6.999545e+07,0.4416809,9.682689e+08,0.009789341887999368,9.782056132951725e-08,185236321.55379117,29542720.26695816,0.1594866,0.1368800195018133,0.1285872696110704,0.02025242917163701
344,0.72,0.07228927405616467,0.1239939,0.07228927,6.999545e+07,0.4416809,9.682689e+08,0.0020662277712694367,1.2435321717542307e-08,242551675.34778154,41299219.145643175,0.1702698,0.1792330887015626,0.16661463532724308,0.028311856103559633
345,0.72,0.07228927405616467,0.1239939,0.07228927,6.999545e+07,0.4416809,9.682689e+08,0.001981498641325119,1.8390260869657122e-05,172637461.55588764,17186579.4755899,0.09955301,0.1275701164128942,0.11867247430741547,0.011783245872273272
346,0.72,0.07228927405616467,0.1239939,0.07228927,6.999545e+07,0.4416809,9.682689e+08,0.004796621818163303,4.860575410165477e-06,119147315.61212896,13802732.159086369,0.1158459,0.08804367711351331,0.082464119727811,0.009462538847044495
347,0.72,0.07228927405616467,0.1239939,0.07228927,6.999545e+07,0.4416809,9.682689e+08,0.0,0.0,7422947.317097809,678164.6961998199,0.09136057,0.0054851724813064105,0.005088653344559917,0.00046490226887787065
348,0.72,0.07228927405616467,0.1239939,0.07228927,6.999545e+07,0.4416809,9.682689e+08,1.3079134900471894e-07,0.0,240388873.9824022,30663477.10975459,0.1275578,0.17763489083956444,0.16479381494015616,0.02102073457950869
349,0.72,0.07228927405616467,0.1239939,0.07228927,6.999545e+07,0.4416809,9.682689e+08,0.0047148125596568734,4.014540853085468e-06,57579047.194542214,7980175.191846581,0.1385951,0.04254792492516682,0.040243832835420754,0.005470939998069075
350,0.72,0.07228927405616467,0.1239939,0.07228927,6.999545e+07,0.4416809,9.682689e+08,8.255593290123995e-08,0.0,332318101.2720688,44842927.142015785,0.1349398,0.2455658145301545,0.2278140535765683,0.030741173476399142
351,0.72,0.07228927405616467,0.1239939,0.07228927,6.999545e+07,0.4416809,9.682689e+08,1.857949935985323e-08,0.0,410862270.97087854,51780571.22971816,0.126029,0.30360587594977606,0.2816584306190604,0.0354971368804417
352,0.72,0.07228927405616467,0.1239939,0.07228927,6.999545e+07,0.4416809,9.682689e+08,9.795844563611481e-05,0.0,368868771.3048017,55913875.10073329,0.151582,0.2725748610547152,0.2528866549394628,0.03833064083363248
353,0.72,0.07228927405616467,0.1239939,0.07228927,6.999545e+07,0.4416809,9.682689e+08,0.0016096391860103616,0.0,179327894.4669293,23792708.0841949,0.1326771,0.1325139987986876,0.12319810532820129,0.016310616039251734
354,0.72,0.07228927405616467,0.1239939,0.07228927,6.999545e+07,0.4416809,9.682689e+08,0.0004841082864255945,0.0,166486448.56508783,24674052.71885156,0.1482046,0.12302483732791686,0.11421069444588706,0.016914804258737714
355,0.72,0.07228927405616467,0.1239939,0.07228927,6.999545e+07,0.4416809,9.682689e+08,0.002247561731256993,2.324533813526063e-06,109395063.99165377,16501371.76391049,0.150842,0.08083726974804642,0.0753614573615865,0.011312354024991169
356,0.72,0.07228927405616467,0.1239939,0.07228927,6.999545e+07,0.4416809,9.682689e+08,0.0,0.0,383361345.64447194,50546039.39819005,0.1318496,0.28328412067294545,0.2628057172378593,0.03465082822902487
357,0.72,0.07228927405616467,0.1239939,0.07228927,6.999545e+07,0.4416809,9.682689e+08,6.350631630221383e-07,0.0,312612416.88068295,45747674.05001862,0.1463399,0.23100433737943168,0.21430530546631163,0.031361404657184205
358,0.72,0.07228927405616467,0.1239939,0.07228927,6.999545e+07,0.4416809,9.682689e+08,0.0,0.0,425180853.6403707,64301348.10351087,0.1512329,0.31418656476176626,0.29147424607693795,0.04408050550661488
359,0.72,0.07228927405616467,0.1239939,0.07228927,6.999545e+07,0.4416809,9.682689e+08,0.03248231359980981,0.0005295585672345487,76682534.1362509,10704767.297493245,0.1395985,0.056664409441808325,0.057884513451825235,0.007376720919607227
360,0.72,0.07228927405616467,0.1239939,0.07228927,6.999545e+07,0.4416809,9.682689e+08,0.0026874678641043335,1.4728635446414772e-05,158578842.1798198,20509906.18625142,0.1293357,0.11718152697091523,0.1091504134107862,0.014061221456991832
361,0.72,0.07228927405616467,0.1239939,0.07228927,6.999545e+07,0.4416809,9.682689e+08,0.00629700524524707,0.001313732207847802,53014.493535588284,9067.994790820057,0.1710475,3.917495687757335e-05,0.001066964719511453,0.00010118513040863703
362,0.72,0.07228927405616467,0.1239939,0.07228927,6.999545e+07,0.4416809,9.682689e+08,1.5139235826467568e-05,0.0,254996589.28720602,32249783.28609921,0.1264714,0.18842923365001504,0.17481029895520933,0.022108195110335696
363,0.72,0.07228927405616467,0.1239939,0.07228927,6.999545e+07,0.4416809,9.682689e+08,0.00020785773634975153,0.0,151042278.85550532,23513933.721028175,0.1556778,0.11161239816207497,0.10357803869672721,0.016119507839919864
364,0.72,0.07228927405616467,0.1239939,0.07228927,6.999545e+07,0.4416809,9.682689e+08,0.0,0.0,311812171.45461386,36868894.55443526,0.1182407,0.2304129975784264,0.2137566092503771,0.025274734626300168
365,0.72,0.07228927405616467,0.1239939,0.07228927,6.999545e+07,0.4416809,9.682689e+08,0.04196544205279248,0.00029799871505801286,89752039.56803988,11773827.138483874,0.1311817,0.06632209505862637,0.06839614183054253,0.008092854257711658
366,0.72,0.07228927405616467,0.1239939,0.07228927,6.999545e+07,0.4416809,9.682689e+08,1.4250019534875282e-07,0.0,107781656.91866674,17591260.380876664,0.163212,0.07964504572976339,0.0738875865145885,0.012059337369400987
367,0.72,0.07228927405616467,0.1239939,0.07228927,6.999545e+07,0.4416809,9.682689e+08,0.0,0.0,131227114.13602464,20758855.054259777,0.1581903,0.09697002073586093,0.08996012833165429,0.014230818661177582
368,0.72,0.07228927405616467,0.1239939,0.07228927,6.999545e+07,0.4416809,9.682689e+08,0.0,0.0,18061991.412818104,2203929.861743466,0.1220203,0.0133468734214212,0.01238203763086714,0.0015108601183661868
369,0.72,0.07228927405616467,0.1239939,0.07228927,6.999545e+07,0.4416809,9.682689e+08,0.0,0.0,494057400.76924336,74345706.1118521,0.1504799,0.36508275528820083,0.3386911879379923,0.05096621461778858
370,0.72,0.07228927405616467,0.1239939,0.07228927,6.999545e+07,0.4416809,9.682689e+08,9.851302417983388e-08,0.0,477301142.62674195,75524211.89527534,0.1582318,0.35270075092704767,0.3272042858069506,0.05177411573040817
371,0.72,0.07228927405616467,0.1239939,0.07228927,6.999545e+07,0.4416809,9.682689e+08,1.0671806285181538e-05,0.0,281198867.16738063,40907076.01076334,0.1454738,0.20779135592250209,0.19277201628673477,0.02804302930708713
372,0.72,0.07228927405616467,0.1239939,0.07228927,6.999545e+07,0.4416809,9.682689e+08,3.19928842300024e-06,0.0,315215366.9868864,47948329.51478525,0.1521129,0.2329277822973114,0.21609012563041038,0.03287002007807164
373,0.72,0.07228927405616467,0.1239939,0.07228927,6.999545e+07,0.4416809,9.682689e+08,0.0,0.0,716719355.5824312,97079206.13778631,0.1354494,0.529618373688993,0.4913326459282091,0.06655071171829506
374,0.72,0.07228927405616467,0.1239939,0.07228927,6.999545e+07,0.4416809,9.682689e+08,4.873014263474443e-07,0.0,219222741.4777646,37186088.68557871,0.169627,0.16199421839632858,0.150283853703078,0.025492180730571988
375,0.72,0.07228927405616467,0.1239939,0.07228927,6.999545e+07,0.4416809,9.682689e+08,8.013280956057602e-09,0.0,333012974.6499262,60298798.82034965,0.1810704,0.24607928986109703,0.2282903979483038,0.041336637750796365
376,0.72,0.07228927405616467,0.1239939,0.07228927,6.999545e+07,0.4416809,9.682689e+08,0.009800751034533048,0.0005007461899293782,74528940.6200486,7534087.991709056,0.1010894,0.05507301570204899,0.05269590204712375,0.005201042193829188
377,0.72,0.07228927405616467,0.1239939,0.07228927,6.999545e+07,0.4416809,9.682689e+08,0.0007628764007323513,0.0,81589630.04545526,14346168.957270471,0.1758332,0.06029049841893212,0.05605700092692986,0.009834729727622305
378,0.72,0.07228927405616467,0.1239939,0.07228927,6.999545e+07,0.4416809,9.682689e+08,0.03000997388606247,0.0008072608810333218,69573051.60755251,7368514.039227259,0.1059105,0.05141087115615714,0.052606105389223425,0.00510969400066324
379,0.72,0.07228927405616467,0.1239939,0.07228927,6.999545e+07,0.4416809,9.682689e+08,3.477990498465734e-05,0.0,252505362.62169254,37239455.461783476,0.1474799,0.18658834655131556,0.1731057028082552,0.02552876525860673
380,0.72,0.07228927405616467,0.1239939,0.07228927,6.999545e+07,0.4416809,9.682689e+08,0.005691767517586779,0.00015029202966268055,59604373.61843216,6755021.612988838,0.113331,0.04404453594655923,0.04179215172987749,0.004641634714023632
381,0.72,0.07228927405616467,0.1239939,0.07228927,6.999545e+07,0.4416809,9.682689e+08,0.0522291388322105,0.0018137232362015507,47516132.42084057,5606453.790091194,0.1179905,0.035111953626906195,0.041122003193253494,0.003974505206936267
382,0.72,0.07228927405616467,0.1239939,0.07228927,6.999545e+07,0.4416809,9.682689e+08,7.54708688218264e-07,0.0,450048668.73764646,66372244.02547799,0.1474779,0.33256258835654556,0.3085220037880853,0.045500166863402414
383,0.72,0.07228927405616467,0.1239939,0.07228927,6.999545e+07,0.4416809,9.682689e+08,0.008655494522139422,0.000960393855756188,38267.52688615708,6549.0050834864005,0.1711374,2.8277714556873524e-05,0.0014428657413271852,7.391571433394776e-05
384,0.72,0.07228927405616467,0.1239939,0.07228927,6.999545e+07,0.4416809,9.682689e+08,0.0449339544949174,0.00040696996481582676,38620704.179241806,5458237.329052256,0.1413293,0.02853869423061962,0.03382992773456621,0.0037712051982390672
385,0.72,0.07228927405616467,0.1239939,0.07228927,6.999545e+07,0.4416809,9.682689e+08,0.018372868472866483,8.830435373003115e-05,52743971.88562178,10504888.23674823,0.1991676,0.038975055430532764,0.039164637633582564,0.0072077998730486256
386,0.72,0.07228927405616467,0.1239939,0.07228927,6.999545e+07,0.4416809,9.682689e+08,0.003642299805224106,0.0021370793786750016,2657.9933255879,219.9513714930962,0.08275091,1.964118997777167e-06,0.0005979520470062643,0.00015463870015652338
387,0.72,0.07228927405616467,0.1239939,0.07228927,6.999545e+07,0.4416809,9.682689e+08,0.04619397277668332,0.011864064817315015,3909679.825439893,353148.1415054498,0.09032661,0.0028890503021387908,0.010240703305421095,0.0010997382913033574
388,0.72,0.07228927405616467,0.1239939,0.07228927,6.999545e+07,0.4416809,9.682689e+08,0.0,0.0,653297416.0764807,78624018.74439195,0.1203495,0.48275285485554775,0.44785500142949913,0.05389912643254719
389,0.72,0.07228927405616467,0.1239939,0.07228927,6.999545e+07,0.4416809,9.682689e+08,0.0,0.0,38714761.60017207,5566837.723761625,0.1437911,0.028608197778861297,0.02654013192937223,0.0038162344674591265
390,0.72,0.07228927405616467,0.1239939,0.07228927,6.999545e+07,0.4416809,9.682689e+08,0.0,0.0,33409106.98506168,4384294.979392758,0.1312305,0.024687594621260252,0.02290294632789647,0.0030055658968555013
391,0.72,0.07228927405616467,0.1239939,0.07228927,6.999545e+07,0.4416809,9.682689e+08,5.995364883266056e-05,0.0,243947679.11422622,35331112.33662681,0.1448307,0.18026466296935578,0.1672432738718459,0.02422053872653522
392,0.72,0.07228927405616467,0.1239939,0.07228927,6.999545e+07,0.4416809,9.682689e+08,0.009180112701078982,0.0002500034966750064,131174526.17529704,11679825.186903303,0.08904035,0.09693116096457215,0.09142657340173377,0.008024943556926938
393,0.72,0.07228927405616467,0.1239939,0.07228927,6.999545e+07,0.4416809,9.682689e+08,9.015390594408172e-06,0.0,115747652.79171637,15193813.59660384,0.1312667,0.08553150288518556,0.07934996816855178,0.010415815588087289
394,0.72,0.07228927405616467,0.1239939,0.07228927,6.999545e+07,0.4416809,9.682689e+08,0.003413869913631955,6.368125469426271e-08,214066207.43491498,31937835.766925324,0.1491961,0.1581838075955394,0.1473075581015726,0.021894350319630072
395,0.72,0.07228927405616467,0.1239939,0.07228927,6.999545e+07,0.4416809,9.682689e+08,0.0,0.0,430163407.74058014,65916027.04769896,0.1532349,0.3178684134223566,0.2948899365706696,0.045187416422014674
396,0.72,0.07228927405616467,0.1239939,0.07228927,6.999545e+07,0.4416809,9.682689e+08,0.006132941026137895,0.0020396101294184,221892.9900318989,18367.60661288718,0.08277687,0.000163967393371402,0.001155883849192485,0.00016003348164335415
397,0.72,0.07228927405616467,0.1239939,0.07228927,6.999545e+07,0.4416809,9.682689e+08,1.2122973093540886e-09,0.0,444465808.1707445,59484729.21265343,0.1338342,0.32843714440007216,0.3046946618567261,0.04077856858299206
398,0.72,0.07228927405616467,0.1239939,0.07228927,6.999545e+07,0.4416809,9.682689e+08,0.004027587015090937,0.0,189907949.29006833,29322377.475091968,0.1544031,0.1403321097305708,0.13084679270150415,0.02010137049812892
399,0.72,0.07228927405616467,0.1239939,0.07228927,6.999545e+07,0.4416809,9.682689e+08,0.0,0.0,127854843.50858884,20689853.902822375,0.161823,0.09447808791525177,0.0876483355256437,0.014183516299320364
400,0.72,0.07228927405616467,0.1239939,0.07228927,6.999545e+07,0.4416809,9.682689e+08,0.05228231905484996,0.0013194590105764224,50390898.25196567,5743281.864806375,0.1139746,0.03723625624599746,0.04310144544784351,0.004032574959915308
401,0.72,0.07228927405616467,0.1239939,0.07228927,6.999545e+07,0.4416809,9.682689e+08,0.001497176320258872,0.0,160754719.9453867,26497788.58743825,0.1648337,0.11878938761339658,0.1104472296884961,0.01816502997513226
402,0.72,0.07228927405616467,0.1239939,0.07228927,6.999545e+07,0.4416809,9.682689e+08,1.8238494169561769e-06,0.0,408546333.24543667,61419823.31499313,0.1503375,0.3018945182723812,0.28007108121171714,0.04210513371342586
403,0.72,0.07228927405616467,0.1239939,0.07228927,6.999545e+07,0.4416809,9.682689e+08,0.06512530309280778,0.00610217002439656,21090405.163007934,2871235.9254115084,0.1361394,0.015584713871438814,0.025117069875867044,0.0024094399097201007
404,0.72,0.07228927405616467,0.1239939,0.07228927,6.999545e+07,0.4416809,9.682689e+08,0.0013896057312571598,4.276019250346934e-09,199443223.68977067,32331609.21887089,0.1621093,0.14737818220079843,0.13695175514715352,0.02216428955411828
405,0.72,0.07228927405616467,0.1239939,0.07228927,6.999545e+07,0.4416809,9.682689e+08,7.925781464165443e-06,0.0,271362149.4273596,41763407.07922455,0.1539028,0.20052253248229512,0.1860282013783734,0.0286300699756284
406,0.72,0.07228927405616467,0.1239939,0.07228927,6.999545e+07,0.4416809,9.682689e+08,0.06127755961774648,0.0030097046148969686,24647400.84454186,3066688.248553054,0.1244224,0.01821314891145791,0.026925742675493854,0.0023198762684232275
407,0.72,0.07228927405616467,0.1239939,0.07228927,6.999545e+07,0.4416809,9.682689e+08,0.0071180637982075174,3.2238158794309284e-05,129591984.64356108,13283622.460530588,0.1025034,0.09576174497795883,0.09000420110241582,0.009108652662120994
408,0.72,0.07228927405616467,0.1239939,0.07228927,6.999545e+07,0.4416809,9.682689e+08,0.002099492618144507,0.000816866175232132,11720.653517823654,1638.6060895521764,0.139805,8.660954118697588e-06,0.0003516557639101309,6.0173976500799046e-05
409,0.72,0.07228927405616467,0.1239939,0.07228927,6.999545e+07,0.4416809,9.682689e+08,0.0,0.0,304658911.7796891,38906934.42746241,0.1277065,0.22512711025572382,0.20885283488497539,0.026671872174661593
410,0.72,0.07228927405616467,0.1239939,0.07228927,6.999545e+07,0.4416809,9.682689e+08,6.701189728240189e-05,2.1999128209511877e-07,267663513.1277174,34560622.46328178,0.1291197,0.1977894323830356,0.18350234563986928,0.023692360678617512
411,0.72,0.07228927405616467,0.1239939,0.07228927,6.999545e+07,0.4416809,9.682689e+08,0.0034992123397265254,5.123398613574959e-08,179068903.22150555,27640498.171287112,0.1543568,0.13232261772165568,0.12332982274068052,0.01894839542142194
412,0.72,0.07228927405616467,0.1239939,0.07228927,6.999545e+07,0.4416809,9.682689e+08,0.0,0.0,39604935.682122946,5477431.348596308,0.1383017,0.02926599018520673,0.02715037300018329,0.0037549437118367572
413,0.72,0.07228927405616467,0.1239939,0.07228927,6.999545e+07,0.4416809,9.682689e+08,0.0,0.0,221100117.22356874,24641805.666254908,0.1114509,0.1633815015519341,0.15157077141053862,0.016892697935597015
414,0.72,0.07228927405616467,0.1239939,0.07228927,6.999545e+07,0.4416809,9.682689e+08,0.0,0.0,468814123.07478,53456502.61944923,0.1140249,0.3464292843375566,0.3213861628609979,0.03664603818706478
415,0.72,0.07228927405616467,0.1239939,0.07228927,6.999545e+07,0.4416809,9.682689e+08,0.0,0.0,673043362.9910636,97216773.5994742,0.1444436,0.49734408391947077,0.4613914411368039,0.06664501834531479
416,0.72,0.07228927405616467,0.1239939,0.07228927,6.999545e+07,0.4416809,9.682689e+08,0.0,0.0,462405065.548272,55104781.823127404,0.1191699,0.3416933237448501,0.31699256142149684,0.0377759830895762
417,0.72,0.07228927405616467,0.1239939,0.07228927,6.999545e+07,0.4416809,9.682689e+08,7.262743785070523e-06,0.0,321854539.442275,41453844.93840019,0.1287968,0.23783378586910872,0.22064214282531583,0.0284178558299579
418,0.72,0.07228927405616467,0.1239939,0.07228927,6.999545e+07,0.4416809,9.682689e+08,0.0,0.0,280121174.69830805,38576167.99535928,0.1377124,0.20699499716874237,0.1920314790901561,0.026445121850418713
419,0.72,0.07228927405616467,0.1239939,0.07228927,6.999545e+07,0.4416809,9.682689e+08,0.005062267485165661,4.3442880542169846e-06,127631410.06338295,16272524.822757583,0.1274962,0.09431298220552595,0.08832369914592045,0.011155618579658121
420,0.72,0.07228927405616467,0.1239939,0.07228927,6.999545e+07,0.4416809,9.682689e+08,0.045466056039655374,0.00088180031990856,48623122.028293915,7026227.757642774,0.1445038,0.03592996144408538,0.040773973892898045,0.004880434875510813
421,0.72,0.07228927405616467,0.1239939,0.07228927,6.999545e+07,0.4416809,9.682689e+08,0.0,0.0,91224759.0063879,10881240.539950158,0.1192795,0.06741035822294988,0.06253731236314682,0.007459417223538505
422,0.72,0.07228927405616467,0.1239939,0.07228927,6.999545e+07,0.4416809,9.682689e+08,0.0,0.0,181674464.07310823,28799862.314874325,0.1585245,0.1342479918447699,0.12454330197081356,0.019743170661320118
423,0.72,0.07228927405616467,0.1239939,0.07228927,6.999545e+07,0.4416809,9.682689e+08,1.0852100924648607e-08,0.0,493154004.7632948,67437464.80476671,0.1367473,0.3644151925668358,0.33807188461728926,0.046230407703012955
424,0.72,0.07228927405616467,0.1239939,0.07228927,6.999545e+07,0.4416809,9.682689e+08,0.0,0.0,441751523.2575971,65269931.78371767,0.1477526,0.3264314288431629,0.302833937822974,0.044744498712173224
425,0.72,0.07228927405616467,0.1239939,0.07228927,6.999545e+07,0.4416809,9.682689e+08,8.231927157891057e-06,0.0,218816155.71575376,31055644.55909412,0.1419257,0.1616937726383564,0.15000639450247472,0.021289577145333253
426,0.72,0.07228927405616467,0.1239939,0.07228927,6.999545e+07,0.4416809,9.682689e+08,0.015777242858984106,0.00021954463857211317,92366608.8017269,10084742.40574509,0.1091817,0.06825412590815925,0.06590232309149412,0.006929264551141673
427,0.72,0.07228927405616467,0.1239939,0.07228927,6.999545e+07,0.4416809,9.682689e+08,0.0023517646105542978,0.0,60981865.951058224,8636083.277553141,0.1416172,0.04506243122633945,0.042189810679820354,0.0059202944837011984
428,0.72,0.07228927405616467,0.1239939,0.07228927,6.999545e+07,0.4416809,9.682689e+08,0.0,0.0,204624157.55506092,28786448.375106934,0.1406796,0.15120662320291905,0.140276006179096,0.019733975002702978
429,0.72,0.07228927405616467,0.1239939,0.07228927,6.999545e+07,0.4416809,9.682689e+08,0.0,0.0,621791657.0580152,92523458.90522896,0.1488014,0.4594717355119277,0.4262568573024443,0.06342761015208505
430,0.72,0.07228927405616467,0.1239939,0.07228927,6.999545e+07,0.4416809,9.682689e+08,0.0,0.0,377391501.26950985,46883110.75699383,0.1242294,0.2788727157842433,0.2587132096061292,0.03213978062425822
431,0.72,0.07228927405616467,0.1239939,0.07228927,6.999545e+07,0.4416809,9.682689e+08,0.01940966139428409,0.0007243831803062983,69486117.86278275,8204932.821333011,0.1180802,0.051346631634557716,0.05081157196470515,0.005677093029993242
432,0.72,0.07228927405616467,0.1239939,0.07228927,6.999545e+07,0.4416809,9.682689e+08,0.009865148417989732,5.479149578137323e-06,136112834.5025963,19553081.18995645,0.1436535,0.10058031429733467,0.09492405088880732,0.013404620543824889
433,0.72,0.07228927405616467,0.1239939,0.07228927,6.999545e+07,0.4416809,9.682689e+08,7.32344377421625e-10,0.0,362732722.44677997,43465584.11272301,0.1198281,0.26804063968654684,0.24866417654591805,0.02979696345937894
434,0.72,0.07228927405616467,0.1239939,0.07228927,6.999545e+07,0.4416809,9.682689e+08,0.022343541317145513,0.003974689493921955,183512.09572667084,19120.702292386602,0.1041931,0.00013560590618072132,0.0037827379706371414,0.0003004352338529681
435,0.72,0.07228927405616467,0.1239939,0.07228927,6.999545e+07,0.4416809,9.682689e+08,0.053241592997062104,0.00048494877190996235,21374219.80741495,3821204.227255384,0.1787763,0.015794438150864495,0.023366643788465244,0.0026546068677164064
436,0.72,0.07228927405616467,0.1239939,0.07228927,6.999545e+07,0.4416809,9.682689e+08,0.057765144739735846,0.0015979964802818485,51570993.188827306,6678554.188431534,0.1295021,0.03810828510414289,0.04480780207998362,0.0046938675014658185
437,0.72,0.07228927405616467,0.1239939,0.07228927,6.999545e+07,0.4416809,9.682689e+08,9.627223391428356e-10,0.0,390795139.9131841,60380030.982931845,0.1545056,0.2887773084880485,0.2679018066511216,0.041392324838169
438,0.72,0.07228927405616467,0.1239939,0.07228927,6.999545e+07,0.4416809,9.682689e+08,0.0,0.0,49959421.41410998,6172045.3979143305,0.1235412,0.03691741727594635,0.03424868398103967,0.0042311225063566705
439,0.72,0.07228927405616467,0.1239939,0.07228927,6.999545e+07,0.4416809,9.682689e+08,0.0010732862704412383,5.7492632899340676e-06,148231691.0580315,16938426.25740508,0.1142699,0.10953551977611514,0.10179293977132085,0.01161221557903738
440,0.72,0.07228927405616467,0.1239939,0.07228927,6.999545e+07,0.4416809,9.682689e+08,0.004125695151554905,9.438267110769272e-08,102364840.15047139,14866539.160629073,0.1452309,0.07564229951536604,0.07084941912162071,0.010191465954932206
441,0.72,0.07228927405616467,0.1239939,0.07228927,6.999545e+07,0.4416809,9.682689e+08,1.4548250851751343e-05,0.0,265121164.9083796,38351774.96444964,0.1446575,0.19591076911157615,0.18175090292377727,0.026291293687769068
442,0.72,0.07228927405616467,0.1239939,0.07228927,6.999545e+07,0.4416809,9.682689e+08,0.04831038065792733,0.037137109387219765,109761.65712723622,11439.672654050502,0.1042228,8.110816303251053e-05,0.007982134665534341,0.002692456917357545
443,0.72,0.07228927405616467,0.1239939,0.07228927,6.999545e+07,0.4416809,9.682689e+08,3.652092180038501e-22,1.3733826395263002e-24,131530049.87241924,15418795.158980029,0.1172264,0.09719387450901765,0.09016779987805479,0.010570047206734627
444,0.72,0.07228927405616467,0.1239939,0.07228927,6.999545e+07,0.4416809,9.682689e+08,3.1359542952784206e-13,0.0,366814763.28013855,48272447.110248506,0.131599,0.27105705582022105,0.2514625380272273,0.0330922124250907
445,0.72,0.07228927405616467,0.1239939,0.07228927,6.999545e+07,0.4416809,9.682689e+08,0.0,0.0,282215029.96134144,36053457.12800182,0.1277517,0.20854224744252173,0.19346687976486074,0.024715727777667132
446,0.72,0.07228927405616467,0.1239939,0.07228927,6.999545e+07,0.4416809,9.682689e+08,0.0,0.0,356733344.57602674,38459433.155071944,0.10781,0.26360741107857655,0.24455142269588126,0.026365096611106215
447,0.72,0.07228927405616467,0.1239939,0.07228927,6.999545e+07,0.4416809,9.682689e+08,0.04705463465840365,0.0005400369127141531,61836214.64635927,8480907.993414007,0.1371512,0.04569375053290534,0.05009194610898101,0.005852956041898997
448,0.72,0.07228927405616467,0.1239939,0.07228927,6.999545e+07,0.4416809,9.682689e+08,3.058806016040564e-09,0.0,383250718.82702935,55093556.49544463,0.1437533,0.28320237320138075,0.2627298797323003,0.03776828779028111
449,0.72,0.07228927405616467,0.1239939,0.07228927,6.999545e+07,0.4416809,9.682689e+08,0.0061751066143232195,1.4841342029314705e-05,138392047.86346617,17564360.882917944,0.1269174,0.10226453457696308,0.09588257633086371,0.012041969825427254
450,0.72,0.07228927405616467,0.1239939,0.07228927,6.999545e+07,0.4416809,9.682689e+08,0.010256078677551038,2.6473696847568695e-05,93920332.40212177,14099563.25066129,0.1501226,0.06940224694046296,0.06606380637475719,0.00966758787291828
451,0.72,0.07228927405616467,0.1239939,0.07228927,6.999545e+07,0.4416809,9.682689e+08,0.0,0.0,560548558.3338071,59814563.53787482,0.1067072,0.41421626683600316,0.38427287360417384,0.04100467991997036
452,0.72,0.07228927405616467,0.1239939,0.07228927,6.999545e+07,0.4416809,9.682689e+08,0.0,0.0,112572537.02799015,11135162.818966348,0.09891545,0.08318525726762102,0.07717185540756938,0.007633488572717796
453,0.72,0.07228927405616467,0.1239939,0.07228927,6.999545e+07,0.4416809,9.682689e+08,5.972519123250456e-06,0.0,296725518.66891164,48568320.62894427,0.163681,0.2192647448480658,0.203415233130409,0.033295042609134975
454,0.72,0.07228927405616467,0.1239939,0.07228927,6.999545e+07,0.4416809,9.682689e+08,0.0,0.0,349472139.89757687,47012317.535496734,0.1345238,0.25824175800548715,0.23957364878828272,0.032228355751829744
455,0.72,0.07228927405616467,0.1239939,0.07228927,6.999545e+07,0.4416809,9.682689e+08,0.010634308646659187,5.013943399024644e-07,165252806.504988,23588718.259724353,0.1427432,0.12211323992721117,0.1150262642927623,0.016170811132888013
456,0.72,0.07228927405616467,0.1239939,0.07228927,6.999545e+07,0.4416809,9.682689e+08,0.0,0.0,320443734.8530377,48133043.54445439,0.1502075,0.2367912745621026,0.21967380522117422,0.03299664709355617
457,0.72,0.07228927405616467,0.1239939,0.07228927,6.999545e+07,0.4416809,9.682689e+08,2.422604140758177e-06,1.0732355712001328e-09,459599738.68896854,66390882.440304145,0.1444537,0.339620332918918,0.3150698221015934,0.04551294413418023
458,0.72,0.07228927405616467,0.1239939,0.07228927,6.999545e+07,0.4416809,9.682689e+08,0.0,0.0,227703551.77942538,33898290.92453942,0.1488703,0.16826109667238742,0.1560976241420464,0.023238296611737853
459,0.72,0.07228927405616467,0.1239939,0.07228927,6.999545e+07,0.4416809,9.682689e+08,5.0923647800645285e-09,0.0,132516886.03772067,19578970.184761144,0.147747,0.09792309517383381,0.09084430654384457,0.013421972143630521
460,0.72,0.07228927405616467,0.1239939,0.07228927,6.999545e+07,0.4416809,9.682689e+08,0.0,0.0,69870593.56841174,8469510.961760208,0.1212171,0.05163073920937364,0.047898390552944856,0.005806104157990762
461,0.72,0.07228927405616467,0.1239939,0.07228927,6.999545e+07,0.4416809,9.682689e+08,4.3545330025554037e-07,0.0,393766832.1700296,64309770.023914546,0.1633194,0.2909732347008905,0.2699390620645975,0.04408627898601585
462,0.72,0.07228927405616467,0.1239939,0.07228927,6.999545e+07,0.4416809,9.682689e+08,0.0022472797844395724,3.043526610039827e-06,190492008.96145034,20100777.780740514,0.1055203,0.1407636994886614,0.13095580285364908,0.013779906938230507
463,0.72,0.07228927405616467,0.1239939,0.07228927,6.999545e+07,0.4416809,9.682689e+08,0.0030600602167251043,4.031615531779674e-08,246990598.36418495,39427254.64792043,0.1596306,0.1825132222302124,0.16982030949548607,0.027028570228762667
464,0.72,0.07228927405616467,0.1239939,0.07228927,6.999545e+07,0.4416809,9.682689e+08,0.0,0.0,217459045.2619972,31963362.534231722,0.1469857,0.16069093850832122,0.14907470721615088,0.021911845081879388
465,0.72,0.07228927405616467,0.1239939,0.07228927,6.999545e+07,0.4416809,9.682689e+08,0.03818521041079632,0.003969618173452542,69532.64678898151,8699.14050131106,0.1251087,5.1381014094067074e-05,0.006297384579574452,0.0002929243381436425
466,0.72,0.07228927405616467,0.1239939,0.07228927,6.999545e+07,0.4416809,9.682689e+08,0.05843351912313331,0.00185652130201533,43512336.94224827,5603888.264058136,0.1287885,0.032153356745938444,0.039392743033277916,0.0039758403028901
467,0.72,0.07228927405616467,0.1239939,0.07228927,6.999545e+07,0.4416809,9.682689e+08,8.593816918502752e-08,0.0,382384444.6053104,46646740.90499582,0.1219891,0.28256224155026516,0.26213603629828897,0.03197774199101179
468,0.72,0.07228927405616467,0.1239939,0.07228927,6.999545e+07,0.4416809,9.682689e+08,2.1971437740061132e-09,0.0,397285939.88970876,43011556.44084741,0.1082635,0.29357367250519434,0.2723514451973949,0.029485713852946894
469,0.72,0.07228927405616467,0.1239939,0.07228927,6.999545e+07,0.4416809,9.682689e+08,2.2366529056663167e-07,0.0,427217417.4591055,58146088.5962013,0.1361042,0.31569147963422095,0.2928704083527195,0.03986089023245566
470,0.72,0.07228927405616467,0.1239939,0.07228927,6.999545e+07,0.4416809,9.682689e+08,0.0,0.0,28549301.34424313,6204703.999841861,0.217333,0.021096450695974017,0.019571403590000383,0.004253510958925152
471,0.72,0.07228927405616467,0.1239939,0.07228927,6.999545e+07,0.4416809,9.682689e+08,0.0,0.0,261026278.9129287,28044062.362164922,0.1074377,0.19288486107035943,0.17894135448715895,0.019225047092220532
472,0.72,0.07228927405616467,0.1239939,0.07228927,6.999545e+07,0.4416809,9.682689e+08,0.01823262437473466,0.0001100780625286121,136426289.7519295,17718756.47077626,0.1298779,0.10081194144411547,0.09650842649974142,0.012154697231781699
473,0.72,0.07228927405616467,0.1239939,0.07228927,6.999545e+07,0.4416809,9.682689e+08,0.0,0.0,135561713.4773616,16350015.37392841,0.1206094,0.10017306448774439,0.09293162637594397,0.011208426634593961
474,0.72,0.07228927405616467,0.1239939,0.07228927,6.999545e+07,0.4416809,9.682689e+08,0.006606405020342436,0.0019513129999971588,11130.859118786524,1160.0413341701033,0.1042185,8.225126694761084e-06,0.001088891241367199,0.00014185424340420224
475,0.72,0.07228927405616467,0.1239939,0.07228927,6.999545e+07,0.4416809,9.682689e+08,0.006319635160649207,5.215563027060512e-06,142814111.3343305,21413791.072490327,0.1499417,0.10553220977723093,0.0989376884400668,0.014680174002866442
476,0.72,0.07228927405616467,0.1239939,0.07228927,6.999545e+07,0.4416809,9.682689e+08,0.05854479129537429,0.0037483105485177633,43649654.84439213,4457257.948972262,0.1021144,0.032254827542625264,0.039505090334360865,0.0033265468525373373
477,0.72,0.07228927405616467,0.1239939,0.07228927,6.999545e+07,0.4416809,9.682689e+08,0.0,0.0,105443878.74453464,19153899.190617006,0.1816502,0.07791754909529157,0.07228494603495736,0.013130573209538036
478,0.72,0.07228927405616467,0.1239939,0.07228927,6.999545e+07,0.4416809,9.682689e+08,4.4539460892912195e-05,0.0,309802433.7644601,54309346.052881904,0.1753032,0.22892790582150607,0.21238616340726954,0.03723068797703794
479,0.72,0.07228927405616467,0.1239939,0.07228927,6.999545e+07,0.4416809,9.682689e+08,2.8070246432359834e-18,0.0,147610826.23962784,26890719.823600426,0.1821731,0.10907673292622401,0.10119165508656912,0.01843439613976516
480,0.72,0.07228927405616467,0.1239939,0.07228927,6.999545e+07,0.4416809,9.682689e+08,0.0,0.0,308821756.0931722,46783382.94465992,0.1514899,0.22820323596386208,0.2117065896987668,0.032071414213437864
481,0.72,0.07228927405616467,0.1239939,0.07228927,6.999545e+07,0.4416809,9.682689e+08,0.055179890783612934,0.0017428529046410795,50831555.07169734,5493461.614606913,0.1080719,0.03756187874579949,0.04387777028492025,0.0038919225119418512
482,0.72,0.07228927405616467,0.1239939,0.07228927,6.999545e+07,0.4416809,9.682689e+08,0.00010771763072150259,0.0,256370463.69880545,30779849.316879187,0.12006,0.18944445547409,0.17576728330188737,0.021100511222895933
483,0.72,0.07228927405616467,0.1239939,0.07228927,6.999545e+07,0.4416809,9.682689e+08,7.5163920212191845e-06,0.0,386690165.18663526,55323453.214787975,0.1430692,0.2857439453986109,0.26508895321675324,0.0379258888966631
484,0.72,0.07228927405616467,0.1239939,0.07228927,6.999545e+07,0.4416809,9.682689e+08,5.629636232788467e-08,4.439018507033043e-13,523305931.15116024,62878118.00148629,0.1201556,0.3866958999214663,0.3587419432495919,0.043104838522986175
485,0.72,0.07228927405616467,0.1239939,0.07228927,6.999545e+07,0.4416809,9.682689e+08,0.0008773969670488983,8.917768681253518e-16,221400348.4147951,36452046.0443553,0.1646431,0.16360335680669946,0.15192019119573943,0.024988972452007648
486,0.72,0.07228927405616467,0.1239939,0.07228927,6.999545e+07,0.4416809,9.682689e+08,0.001307389802454779,1.8428517378883746e-06,169740499.1682612,22598454.758677907,0.1331353,0.12542941169155167,0.1165761891629311,0.015492052731941578
487,0.72,0.07228927405616467,0.1239939,0.07228927,6.999545e+07,0.4416809,9.682689e+08,0.0,0.0,100813755.37396279,11045906.66544733,0.1095675,0.07449612843684023,0.06911085739214623,0.007572300798546083
488,0.72,0.07228927405616467,0.1239939,0.07228927,6.999545e+07,0.4416809,9.682689e+08,2.9505944568138186e-06,0.0,345729417.586813,54938566.39974683,0.1589063,0.2554760806340627,0.23700838314581624,0.0376620374243342
489,0.72,0.07228927405616467,0.1239939,0.07228927,6.999545e+07,0.4416809,9.682689e+08,0.0,0.0,333505938.70725656,53103466.18162298,0.1592279,0.24644356469237777,0.2286283383049523,0.03640402110498767
490,0.72,0.07228927405616467,0.1239939,0.07228927,6.999545e+07,0.4416809,9.682689e+08,0.0,0.0,85257013.71733312,13566868.485009259,0.1591291,0.0630005044496959,0.05844624371785521,0.009300495846498709
491,0.72,0.07228927405616467,0.1239939,0.07228927,6.999545e+07,0.4416809,9.682689e+08,1.3301901462777879e-05,0.0,35498095.01446359,3864937.5281728203,0.1088773,0.026231248262215075,0.02433718747062224,0.0026495307644108686
492,0.72,0.07228927405616467,0.1239939,0.07228927,6.999545e+07,0.4416809,9.682689e+08,7.877545791440805e-06,0.0,234590017.36911616,43164168.35925619,0.1839983,0.17334983702475784,0.16081979245494835,0.029590333906930274
493,0.72,0.07228927405616467,0.1239939,0.07228927,6.999545e+07,0.4416809,9.682689e+08,0.0,0.0,324402381.94536334,44381590.96368838,0.1368103,0.23971650913085848,0.22238757670651074,0.030424913669273086
494,0.72,0.07228927405616467,0.1239939,0.07228927,6.999545e+07,0.4416809,9.682689e+08,0.02027026666979089,0.0010910540044859257,7601160.836504931,1118883.761627827,0.1471991,0.005616863014822267,0.00852842913525734,0.0008458999277876931
495,0.72,0.07228927405616467,0.1239939,0.07228927,6.999545e+07,0.4416809,9.682689e+08,0.00011181585333031273,0.0,55119007.83398072,8863148.461517489,0.1608002,0.040730083624797964,0.037804036185434264,0.006075954487531732
496,0.72,0.07228927405616467,0.1239939,0.07228927,6.999545e+07,0.4416809,9.682689e+08,0.0004931493283425995,0.0,207861243.8925788,27108712.12784594,0.1304173,0.1535986618554456,0.1425758391273839,0.018583836412031696
497,0.72,0.07228927405616467,0.1239939,0.07228927,6.999545e+07,0.4416809,9.682689e+08,2.2154438425015157e-22,0.0,486614386.99735934,55634357.83372939,0.1143295,0.3595827547391622,0.3335887784359522,0.03813902335140606
498,0.72,0.07228927405616467,0.1239939,0.07228927,6.999545e+07,0.4416809,9.682689e+08,0.05520093012662518,0.0010670878582688295,39965648.98239433,5816096.712645492,0.1455274,0.029532538576804823,0.036432308766569096,0.004064247997812616
499,0.72,0.07228927405616467,0.1239939,0.07228927,6.999545e+07,0.4416809,9.682689e+08,0.0,0.0,239841088.97845948,33151509.82286168,0.1382228,0.17723010617641885,0.16441827046002852,0.02272635573591438
500,0.72,0.07228927405616467,0.1239939,0.07228927,6.999545e+07,0.4416809,9.682689e+08,6.836002379036844e-05,0.0,245542353.32398367,44587155.5008226,0.1815864,0.1814430443747933,0.16833784680008845,0.03056583433389932
501,0.72,0.07228927405616467,0.1239939,0.07228927,6.999545e+07,0.4416809,9.682689e+08,2.4995711488324823e-05,1.0987084816433484e-07,131404551.31198695,19028875.32225692,0.1448114,0.09710113759189834,0.09008585785710452,0.013044873534992875
502,0.72,0.07228927405616467,0.1239939,0.07228927,6.999545e+07,0.4416809,9.682689e+08,0.0,0.0,158444849.59162146,22339342.974548135,0.1409913,0.11708251340850026,0.1086187035095286,0.015314290602718498
503,0.72,0.07228927405616467,0.1239939,0.07228927,6.999545e+07,0.4416809,9.682689e+08,0.0,0.0,87331259.37897347,13570880.92162828,0.1553955,0.06453326424666928,0.05986820142180289,0.009303246492320238
504,0.72,0.07228927405616467,0.1239939,0.07228927,6.999545e+07,0.4416809,9.682689e+08,0.004079515154224997,1.2117146972220962e-07,188310917.24563503,31759638.863849126,0.1686553,0.13915198600778586,0.12976047826895762,0.021772195146102
505,0.72,0.07228927405616467,0.1239939,0.07228927,6.999545e+07,0.4416809,9.682689e+08,0.0,0.0,507537730.46267414,57234118.06208131,0.1127682,0.37504401869404885,0.34793235884354934,0.0392357070389955
506,0.72,0.07228927405616467,0.1239939,0.07228927,6.999545e+07,0.4416809,9.682689e+08,0.0001924694804234122,0.0,207943350.95016956,32952966.315955106,0.1584709,0.15365933470594265,0.14258291414808213,0.022590248198395738
507,0.72,0.07228927405616467,0.1239939,0.07228927,6.999545e+07,0.4416809,9.682689e+08,3.092368209252875e-05,3.1382597857305254e-09,277028068.8700997,44369590.056702554,0.1601628,0.20470935263350806,0.18991612337320538,0.030416686913932657
508,0.72,0.07228927405616467,0.1239939,0.07228927,6.999545e+07,0.4416809,9.682689e+08,9.40753999910481e-08,0.0,126643372.98415466,17967507.465597734,0.1418748,0.09358287412769947,0.08681785149010256,0.012317266047088996
509,0.72,0.07228927405616467,0.1239939,0.07228927,6.999545e+07,0.4416809,9.682689e+08,0.0,0.0,19994834.40533141,2955190.4287726535,0.1477977,0.014775143991090962,0.013707059557899692,0.002025871802235138
510,0.72,0.07228927405616467,0.1239939,0.07228927,6.999545e+07,0.4416809,9.682689e+08,0.0006005089087234875,0.0,268453316.7942478,52111251.30009589,0.1941166,0.19837305626614046,0.1841310964562314,0.03572382800112782
511,0.72,0.07228927405616467,0.1239939,0.07228927,6.999545e+07,0.4416809,9.682689e+08,0.0027583607027820605,7.19176058772404e-05,11068236.01402158,1148748.2240630873,0.1037878,0.008178851473305661,0.008039065122897539,0.0007927002833886675
512,0.72,0.07228927405616467,0.1239939,0.07228927,6.999545e+07,0.4416809,9.682689e+08,0.0,0.0,86864936.33430028,11251217.630093059,0.1295254,0.06418867573987107,0.059548522968009235,0.007713047631615052
513,0.72,0.07228927405616467,0.1239939,0.07228927,6.999545e+07,0.4416809,9.682689e+08,0.0,0.0,505344267.08692694,61558072.176913805,0.1218141,0.3734231631991312,0.34642867381570924,0.04219990746077199
514,0.72,0.07228927405616467,0.1239939,0.07228927,6.999545e+07,0.4416809,9.682689e+08,0.0,0.0,419938121.12534094,59853996.517240785,0.1425305,0.31031245776762756,0.28788019546502147,0.04103171241175087
515,0.72,0.07228927405616467,0.1239939,0.07228927,6.999545e+07,0.4416809,9.682689e+08,5.198212509972478e-06,0.0,318955103.32964087,46938992.019266985,0.1471649,0.2356912531934835,0.21865415438262148,0.03217808890801897
516,0.72,0.07228927405616467,0.1239939,0.07228927,6.999545e+07,0.4416809,9.682689e+08,0.0,0.0,221458212.6177847,37187593.12913429,0.1679215,0.16364611544694474,0.15181625655917375,0.025493212071817425
517,0.72,0.07228927405616467,0.1239939,0.07228927,6.999545e+07,0.4416809,9.682689e+08,0.002772983441105914,1.392212918504321e-06,113393042.4588142,15488109.310687825,0.1365878,0.08379156815973149,0.07818818669296529,0.010617664781739814
518,0.72,0.07228927405616467,0.1239939,0.07228927,6.999545e+07,0.4416809,9.682689e+08,0.0,0.0,72381779.1144272,8425709.526500558,0.1164065,0.05348637488399726,0.04961988367173721,0.005776076958482403
519,0.72,0.07228927405616467,0.1239939,0.07228927,6.999545e+07,0.4416809,9.682689e+08,0.0,0.0,85868443.09364568,13162582.51194489,0.1532878,0.06345231899800705,0.05886539692046092,0.009023345668663823
520,0.72,0.07228927405616467,0.1239939,0.07228927,6.999545e+07,0.4416809,9.682689e+08,3.649515542342599e-08,0.0,275365716.6532032,44624905.0066561,0.1620569,0.2034809606963382,0.18877147573645794,0.03059171275400782
521,0.72,0.07228927405616467,0.1239939,0.07228927,6.999545e+07,0.4416809,9.682689e+08,0.0,0.0,109872375.9438611,18700167.014943358,0.170199,0.08118997848669202,0.07532081388125342,0.01281952617462807
522,0.72,0.07228927405616467,0.1239939,0.07228927,6.999545e+07,0.4416809,9.682689e+08,0.007537546407811178,3.263240458643071e-05,162600830.63308573,18996554.19441144,0.1168294,0.1201535675151302,0.11270141260420001,0.013025067461398556
523,0.72,0.07228927405616467,0.1239939,0.07228927,6.999545e+07,0.4416809,9.682689e+08,0.0,0.0,421736588.10925305,60995218.005967796,0.1446287,0.3116414314471215,0.28911309860198503,0.041814054020469824
524,0.72,0.07228927405616467,0.1239939,0.07228927,6.999545e+07,0.4416809,9.682689e+08,1.0155076699096027e-05,0.0,412534118.90579695,59339017.88189982,0.1438403,0.3048412847293077,0.28280619162051396,0.04067867908911518
525,0.72,0.07228927405616467,0.1239939,0.07228927,6.999545e+07,0.4416809,9.682689e+08,2.009443228959906e-09,0.0,335710805.76234645,42094747.54472289,0.1253899,0.24807284691396395,0.23013984122639003,0.028857213817005598
526,0.72,0.07228927405616467,0.1239939,0.07228927,6.999545e+07,0.4416809,9.682689e+08,0.0,0.0,237580442.0332008,32456319.89247246,0.1366119,0.1755596055134921,0.16286852907733507,0.02224978215762276
527,0.72,0.07228927405616467,0.1239939,0.07228927,6.999545e+07,0.4416809,9.682689e+08,0.0,0.0,267254694.42222258,34506076.31423394,0.1291131,0.19748733659581932,0.18321112039802206,0.02365495175206463
528,0.72,0.07228927405616467,0.1239939,0.07228927,6.999545e+07,0.4416809,9.682689e+08,0.0018031441899906023,2.528098694358279e-07,112467725.49930315,13604142.557903893,0.1209604,0.08310780699237073,0.07739512194406277,0.009326066618489254
529,0.72,0.07228927405616467,0.1239939,0.07228927,6.999545e+07,0.4416809,9.682689e+08,1.5086833231575418e-06,0.0,115698582.92464882,18286759.82057776,0.1580552,0.0854952428023637,0.07931510068893097,0.012536123125622446
530,0.72,0.07228927405616467,0.1239939,0.07228927,6.999545e+07,0.4416809,9.682689e+08,0.03946365642245367,0.0003219182300241784,29130903.281019766,4809570.40785783,0.165102,0.021526224315858603,0.026429068448286283,0.0033203762119693534
531,0.72,0.07228927405616467,0.1239939,0.07228927,6.999545e+07,0.4416809,9.682689e+08,1.8657362254850011e-06,0.0,290623267.8457896,39350853.97619805,0.1354016,0.21475549847204475,0.19923128475026586,0.026976192359069468
532,0.72,0.07228927405616467,0.1239939,0.07228927,6.999545e+07,0.4416809,9.682689e+08,0.0011563452489289012,7.388590612053606e-07,186444788.5798256,26938103.884943433,0.144483,0.13777301386006532,0.12800276004900757,0.01846693274864805
533,0.72,0.07228927405616467,0.1239939,0.07228927,6.999545e+07,0.4416809,9.682689e+08,0.0016193433036997625,1.461736600747817e-07,119326053.14589241,16518643.041010391,0.1384328,0.0881757548664185,0.08206662912155224,0.011324036532136187
534,0.72,0.07228927405616467,0.1239939,0.07228927,6.999545e+07,0.4416809,9.682689e+08,0.005209286050506896,0.001485387118780295,117654.98892000045,10549.200661396677,0.08966216,8.694092520714754e-05,0.000933252301747468,0.00011460935042250971
535,0.72,0.07228927405616467,0.1239939,0.07228927,6.999545e+07,0.4416809,9.682689e+08,7.602342450236669e-08,0.0,255729573.1085644,36882801.847831994,0.1442258,0.18897087061905254,0.1753103160068831,0.025284268493648798
536,0.72,0.07228927405616467,0.1239939,0.07228927,6.999545e+07,0.4416809,9.682689e+08,0.0,0.0,183626417.98607814,25718263.527966563,0.1400575,0.13569038439193767,0.12588142500784255,0.017630642132730086
537,0.72,0.07228927405616467,0.1239939,0.07228927,6.999545e+07,0.4416809,9.682689e+08,0.008334649741844368,3.930874720494484e-06,150049548.87683052,19020694.34908154,0.1267628,0.11087882227533086,0.10422759270843128,0.013039541449750182
538,0.72,0.07228927405616467,0.1239939,0.07228927,6.999545e+07,0.4416809,9.682689e+08,0.0,0.0,592517134.1924925,95396744.79146881,0.1610025,0.43783938378346066,0.40618829257655575,0.06539733393029552
539,0.72,0.07228927405616467,0.1239939,0.07228927,6.999545e+07,0.4416809,9.682689e+08,1.6660950336900162e-06,0.0,573352768.1226574,69123945.36538763,0.1205609,0.4236779127535085,0.3930508166942777,0.047386540783140245
540,0.72,0.07228927405616467,0.1239939,0.07228927,6.999545e+07,0.4416809,9.682689e+08,0.0,0.0,29026673.825022727,3048953.2946568225,0.1050397,0.02144920416209035,0.01989865676413037,0.0020901490630986226
541,0.72,0.07228927405616467,0.1239939,0.07228927,6.999545e+07,0.4416809,9.682689e+08,4.6407248660868255e-05,0.0,360041961.59904355,50780359.37547082,0.1410401,0.2660523071920154,0.24682717445104305,0.03481146161158175
542,0.72,0.07228927405616467,0.1239939,0.07228927,6.999545e+07,0.4416809,9.682689e+08,4.1465286870619615e-09,0.0,73762291.26132986,11502440.50988862,0.1559393,0.05450650164966321,0.050566266892724226,0.007885268461548339
543,0.72,0.07228927405616467,0.1239939,0.07228927,6.999545e+07,0.4416809,9.682689e+08,0.0,0.0,70362824.90595046,9702645.271814086,0.1378945,0.051994472598789594,0.048235829919689936,0.006651454766460475
544,0.72,0.07228927405616467,0.1239939,0.07228927,6.999545e+07,0.4416809,9.682689e+08,0.009057197862299454,0.0002551573382862163,120434285.10773136,12710032.110840661,0.105535,0.08899468071895437,0.08404369825870385,0.008731553914472273
545,0.72,0.07228927405616467,0.1239939,0.07228927,6.999545e+07,0.4416809,9.682689e+08,1.1547155241388057e-08,0.0,360378834.4051331,46515098.55450607,0.1290728,0.26630123869681094,0.24705051736106712,0.03188749720568745
546,0.72,0.07228927405616467,0.1239939,0.07228927,6.999545e+07,0.4416809,9.682689e+08,0.017084995750538123,4.0836065539691404e-05,86816626.39086382,13603352.206867568,0.1566906,0.06415297720113824,0.06231168146141846,0.009328458543205782
547,0.72,0.07228927405616467,0.1239939,0.07228927,6.999545e+07,0.4416809,9.682689e+08,0.004595580461352662,3.4498146844060884e-07,180519918.10593447,26258428.969539892,0.14546,0.13339484234807905,0.12450397800343978,0.018000966706019216
548,0.72,0.07228927405616467,0.1239939,0.07228927,6.999545e+07,0.4416809,9.682689e+08,3.637841704056268e-06,0.0,324703991.3547933,48247125.63659889,0.148588,0.23993938281728458,0.22259493441620065,0.03307485379433773
549,0.72,0.07228927405616467,0.1239939,0.07228927,6.999545e+07,0.4416809,9.682689e+08,1.5929585856372727e-08,0.0,552864794.7685472,73425994.68087849,0.13281,0.40853836469544114,0.3790054254946872,0.05033572480702651
550,0.72,0.07228927405616467,0.1239939,0.07228927,6.999545e+07,0.4416809,9.682689e+08,1.0908102075687358e-07,0.0,224084324.974948,27157607.82544981,0.1211937,0.16558667606511743,0.1536165533121288,0.01861735588139037
551,0.72,0.07228927405616467,0.1239939,0.07228927,6.999545e+07,0.4416809,9.682689e+08,5.1169491583607504e-05,0.0,363450451.9056253,51460200.70044921,0.1415879,0.26857100447407717,0.24916457636439154,0.03527751325984725
552,0.72,0.07228927405616467,0.1239939,0.07228927,6.999545e+07,0.4416809,9.682689e+08,0.004542729809627136,2.460159545859296e-07,118699126.25089724,13659816.83149075,0.1150793,0.08771248845682166,0.08211531832284198,0.009364232514161182
553,0.72,0.07228927405616467,0.1239939,0.07228927,6.999545e+07,0.4416809,9.682689e+08,1.3410588688777144e-05,0.0,383313184.7673908,51417346.92284935,0.1341393,0.2832485322865059,0.26277489640159024,0.0352481357081289
554,0.72,0.07228927405616467,0.1239939,0.07228927,6.999545e+07,0.4416809,9.682689e+08,0.0,0.0,271461281.3144168,34856543.65750654,0.1284034,0.20059578579741077,0.18609486206339004,0.02389520764265883
555,0.72,0.07228927405616467,0.1239939,0.07228927,6.999545e+07,0.4416809,9.682689e+08,0.00012072803824720511,0.0,250255144.69855937,36149507.0377293,0.1444506,0.18492555239400257,0.17157717783947052,0.024781572875779798
556,0.72,0.07228927405616467,0.1239939,0.07228927,6.999545e+07,0.4416809,9.682689e+08,0.0,0.0,149648090.56880957,17983487.54090979,0.1201718,0.11058216543951091,0.10258826097632995,0.012328220868699504
557,0.72,0.07228927405616467,0.1239939,0.07228927,6.999545e+07,0.4416809,9.682689e+08,0.0,0.0,287621025.74958783,36100866.05377311,0.1255154,0.21253699751483413,0.19717285225440986,0.02474822802027729
558,0.72,0.07228927405616467,0.1239939,0.07228927,6.999545e+07,0.4416809,9.682689e+08,5.538141359328432e-05,2.5925984070214393e-09,375350988.5664662,40815921.955111794,0.1087407,0.2773648828914097,0.2573234410539476,0.027980540651414455
559,0.72,0.07228927405616467,0.1239939,0.07228927,6.999545e+07,0.4416809,9.682689e+08,0.07293315537373102,0.005930368805016103,28569410.270488553,2973809.816110011,0.1040907,0.021111310147908416,0.03152205234869859,0.0024673380073143886
560,0.72,0.07228927405616467,0.1239939,0.07228927,6.999545e+07,0.4416809,9.682689e+08,0.001203323208014285,3.146452596541421e-07,127724294.85396746,19091375.2011156,0.1494733,0.09438161924085454,0.0877557866613556,0.01308773388221604
561,0.72,0.07228927405616467,0.1239939,0.07228927,6.999545e+07,0.4416809,9.682689e+08,0.0,0.0,162626583.3757699,26559400.545672935,0.1633152,0.12017259745424402,0.11148540762283302,0.018207266823104175
562,0.72,0.07228927405616467,0.1239939,0.07228927,6.999545e+07,0.4416809,9.682689e+08,9.394898690869877e-07,0.0,345416260.95292133,45385855.452544905,0.1313947,0.25524467414858154,0.236793375712619,0.031113367140884217
563,0.72,0.07228927405616467,0.1239939,0.07228927,6.999545e+07,0.4416809,9.682689e+08,0.0,0.0,217519602.23972663,33650617.022955894,0.1547015,0.16073568696922266,0.14911622084329862,0.02306850871296748
564,0.72,0.07228927405616467,0.1239939,0.07228927,6.999545e+07,0.4416809,9.682689e+08,2.14996536792499e-08,0.0,478589806.66734594,56220690.216556855,0.1174716,0.35365300671322153,0.32808769110895974,0.038540971811154165
565,0.72,0.07228927405616467,0.1239939,0.07228927,6.999545e+07,0.4416809,9.682689e+08,4.268616448626569e-05,0.0,389213727.0522531,57140898.33334933,0.1468111,0.2876087265305311,0.26682468685989125,0.03917180211496373
566,0.72,0.07228927405616467,0.1239939,0.07228927,6.999545e+07,0.4416809,9.682689e+08,0.0,0.0,435579810.1937275,66817628.87048427,0.1533993,0.3218708534794551,0.29860304314158714,0.045805491552416054
567,0.72,0.07228927405616467,0.1239939,0.07228927,6.999545e+07,0.4416809,9.682689e+08,0.0,0.0,80707628.79840572,10286414.87082635,0.1274528,0.05963874531303973,0.05532750370873959,0.007051646360926431
568,0.72,0.07228927405616467,0.1239939,0.07228927,6.999545e+07,0.4416809,9.682689e+08,2.067920208069161e-09,0.0,64843388.48750737,8945228.014591418,0.1379513,0.04791589579345114,0.04445209080924521,0.006132222486539022
569,0.72,0.07228927405616467,0.1239939,0.07228927,6.999545e+07,0.4416809,9.682689e+08,0.0100242325437676,8.344015897501265e-05,122133895.35845742,13347351.410081744,0.1092846,0.09025060440775051,0.0853671052958891,0.009156042126650459
570,0.72,0.07228927405616467,0.1239939,0.07228927,6.999545e+07,0.4416809,9.682689e+08,0.0,0.0,428661137.31056243,65440409.57820769,0.1526623,0.31675831361021956,0.29386008506808176,0.04486136636083707
571,0.72,0.07228927405616467,0.1239939,0.07228927,6.999545e+07,0.4416809,9.682689e+08,0.0029210127713426024,0.00025787215789804753,92797020.74889962,11017555.504066825,0.1187275,0.06857217797931156,0.06409322292549144,0.007571506616946385
572,0.72,0.07228927405616467,0.1239939,0.07228927,6.999545e+07,0.4416809,9.682689e+08,2.027782374211839e-08,0.0,528504664.2326702,77712759.35972428,0.1470427,0.3905374936197905,0.3623058250331437,0.05327443075339697
573,0.72,0.07228927405616467,0.1239939,0.07228927,6.999545e+07,0.4416809,9.682689e+08,0.0204912246545305,0.00019560932785528236,94919052.81564212,15113288.2450337,0.1592229,0.07014024944738396,0.06842363067502454,0.010374753497202752
574,0.72,0.07228927405616467,0.1239939,0.07228927,6.999545e+07,0.4416809,9.682689e+08,6.427870848439451e-11,0.0,541726321.2216917,62317556.9331007,0.1150351,0.40030761133386966,0.37136966472190724,0.04272055707333367
575,0.72,0.07228927405616467,0.1239939,0.07228927,6.999545e+07,0.4416809,9.682689e+08,1.8854748042664363e-09,0.0,581760549.7432904,80959734.18660535,0.1391633,0.42989082662777284,0.3988143311560395,0.05550032952469124
576,0.72,0.07228927405616467,0.1239939,0.07228927,6.999545e+07,0.4416809,9.682689e+08,0.009013784251868592,0.003992881632076108,276274.51686093205,25258.905570505653,0.09142684,0.00020415251684209688,0.001664667440895503,0.00030595825303040246
577,0.72,0.07228927405616467,0.1239939,0.07228927,6.999545e+07,0.4416809,9.682689e+08,0.0,0.0,546524470.4932586,89932236.38950755,0.164553,0.40385319440502754,0.374658940156225,0.06165124928653601
578,0.72,0.07228927405616467,0.1239939,0.07228927,6.999545e+07,0.4416809,9.682689e+08,0.0,0.0,454560769.8825645,59263282.78796046,0.1303748,0.3358967967209196,0.31161506112817317,0.04062676040740941
579,0.72,0.07228927405616467,0.1239939,0.07228927,6.999545e+07,0.4416809,9.682689e+08,1.528275684864211e-09,0.0,568825413.0321178,79779931.84842338,0.1402538,0.42033243251568847,0.38994690635699814,0.0546915395848407
580,0.72,0.07228927405616467,0.1239939,0.07228927,6.999545e+07,0.4416809,9.682689e+08,0.006050731152487468,1.497900219269046e-06,135619042.49132708,21588092.98889531,0.1591819,0.10021542765110131,0.09396124150615533,0.014799394454820328
581,0.72,0.07228927405616467,0.1239939,0.07228927,6.999545e+07,0.4416809,9.682689e+08,0.0,0.0,36130050.371755935,4367931.52956828,0.1208947,0.026698230444245352,0.02476823474684666,0.002994348260501533
582,0.72,0.07228927405616467,0.1239939,0.07228927,6.999545e+07,0.4416809,9.682689e+08,6.19941160335321e-07,0.0,455558193.14167106,72058513.88377672,0.1581763,0.3366338406981097,0.31229892619617294,0.049398275646399294
583,0.72,0.07228927405616467,0.1239939,0.07228927,6.999545e+07,0.4416809,9.682689e+08,0.0,0.0,91570940.215124,12465931.457039785,0.1361341,0.06766616815377491,0.06277462997977613,0.008545770445629626
584,0.72,0.07228927405616467,0.1239939,0.07228927,6.999545e+07,0.4416809,9.682689e+08,0.00015548992645863046,0.0,183762636.47280163,30913440.20640264,0.1682248,0.13579104277773812,0.12600025568216683,0.021192091790254997
585,0.72,0.07228927405616467,0.1239939,0.07228927,6.999545e+07,0.4416809,9.682689e+08,0.0,0.0,154228810.3880001,21425517.17637589,0.1389203,0.11396707943976579,0.10572848200076386,0.014687835570025037
586,0.72,0.07228927405616467,0.1239939,0.07228927,6.999545e+07,0.4416809,9.682689e+08,0.0,0.0,9064935.658918018,907217.4630293251,0.1000799,0.006698516572599181,0.006214285672312797,0.0006219248204623232
587,0.72,0.07228927405616467,0.1239939,0.07228927,6.999545e+07,0.4416809,9.682689e+08,0.012396176123344706,0.00013873792295818478,30884170.297437582,3225150.5100019453,0.1044273,0.022821797567292804,0.023200890508957406,0.002220966810284221
588,0.72,0.07228927405616467,0.1239939,0.07228927,6.999545e+07,0.4416809,9.682689e+08,0.0015096242425357222,1.9216001535288704e-06,239367538.76880994,25120331.947301693,0.1049446,0.17688017717011922,0.16434071557215196,0.01722088098554631
589,0.72,0.07228927405616467,0.1239939,0.07228927,6.999545e+07,0.4416809,9.682689e+08,0.015267677378490154,0.00010211586542230324,94443749.5405503,10930118.406290416,0.1157315,0.06978902501678573,0.06724286561659033,0.007500306350811383
590,0.72,0.07228927405616467,0.1239939,0.07228927,6.999545e+07,0.4416809,9.682689e+08,0.0,0.0,94135076.63343176,11233266.753265187,0.1193314,0.06956093177248213,0.06453242251197899,0.007700741766369648
591,0.72,0.07228927405616467,0.1239939,0.07228927,6.999545e+07,0.4416809,9.682689e+08,8.196151387335196e-05,1.0039552403245733e-08,55598373.47381622,8740022.730825357,0.1571993,0.0410843099319217,0.03812776951363759,0.005991548826639295
592,0.72,0.07228927405616467,0.1239939,0.07228927,6.999545e+07,0.4416809,9.682689e+08,0.0,0.0,79398205.6383122,12395505.693249278,0.1561182,0.058671149615898456,0.05442985480212452,0.008497491469214117
593,0.72,0.07228927405616467,0.1239939,0.07228927,6.999545e+07,0.4416809,9.682689e+08,3.8438781147098334e-05,0.0,161162895.16296232,22154938.396295376,0.1374692,0.11909100789646662,0.11048829660842943,0.015187875725474705
594,0.72,0.07228927405616467,0.1239939,0.07228927,6.999545e+07,0.4416809,9.682689e+08,0.0,0.0,114623230.3528773,16272879.547896035,0.1419684,0.08470061311116318,0.07857766727724512,0.01115554770896547
595,0.72,0.07228927405616467,0.1239939,0.07228927,6.999545e+07,0.4416809,9.682689e+08,0.00035356074118094946,0.0,77054275.66359666,12390368.975528384,0.1608005,0.05693910712035159,0.05288088717360112,0.008493970094927883
596,0.72,0.07228927405616467,0.1239939,0.07228927,6.999545e+07,0.4416809,9.682689e+08,0.0,0.0,275947118.46352446,36508110.46223018,0.1323011,0.20391058643316787,0.18917003816754732,0.025027406294434656
597,0.72,0.07228927405616467,0.1239939,0.07228927,6.999545e+07,0.4416809,9.682689e+08,0.0007281888910578587,0.0,215168662.14768103,43042787.47016015,0.2000421,0.15899846436111043,0.14762376241331915,0.02950712366160878
598,0.72,0.07228927405616467,0.1239939,0.07228927,6.999545e+07,0.4416809,9.682689e+08,0.0,0.0,467944251.47143227,64372952.043223955,0.1375654,0.3457864944082838,0.3207898397490829,0.044129592158013486
599,0.72,0.07228927405616467,0.1239939,0.07228927,6.999545e+07,0.4416809,9.682689e+08,0.004024624153956227,8.142342501277944e-06,135079397.20000702,17094770.367384028,0.1265535,0.09981665781276536,0.09325968846372076,0.011719567156402691
600,0.72,0.07228927405616467,0.1239939,0.07228927,6.999545e+07,0.4416809,9.682689e+08,0.0,0.0,291018254.520956,37580805.00344504,0.1291356,0.21504737310735503,0.1995017546177391,0.025762770622330535
601,0.72,0.07228927405616467,0.1239939,0.07228927,6.999545e+07,0.4416809,9.682689e+08,0.057060028350203906,0.0007412669888314091,45494948.47396886,7442124.646934086,0.1635813,0.033618403680848716,0.04052708555123357,0.005155385632685251
602,0.72,0.07228927405616467,0.1239939,0.07228927,6.999545e+07,0.4416809,9.682689e+08,2.261738661522561e-24,0.0,348323425.4422807,60617857.56327282,0.1740275,0.25739291769315514,0.2387861705259188,0.04155536210244943
603,0.72,0.07228927405616467,0.1239939,0.07228927,6.999545e+07,0.4416809,9.682689e+08,0.0,0.0,179386398.69160625,27988625.642209236,0.1560242,0.13255723038171383,0.12297476442652396,0.019187043555570854
604,0.72,0.07228927405616467,0.1239939,0.07228927,6.999545e+07,0.4416809,9.682689e+08,0.0,0.0,380313458.5507928,51210396.07540829,0.1346531,0.2810318904336348,0.26071629908755567,0.03510626468614755
605,0.72,0.07228927405616467,0.1239939,0.07228927,6.999545e+07,0.4416809,9.682689e+08,0.0,0.0,212393709.55945426,26003396.561025653,0.1224302,0.15694791854370826,0.1456022674475575,0.017826109391264795
606,0.72,0.07228927405616467,0.1239939,0.07228927,6.999545e+07,0.4416809,9.682689e+08,0.09015858464819163,0.001089063181261788,25863262.144689325,4798823.282544353,0.1855459,0.01911160725418286,0.0324861674868325,0.003368465086382721
607,0.72,0.07228927405616467,0.1239939,0.07228927,6.999545e+07,0.4416809,9.682689e+08,0.0,0.0,268908116.13498944,45745629.60040892,0.1701162,0.19870912935433363,0.18434459064497632,0.031360003125568824
608,0.72,0.07228927405616467,0.1239939,0.07228927,6.999545e+07,0.4416809,9.682689e+08,0.0,0.0,13938858.227830142,1864995.4294934028,0.1337983,0.01030009217444078,0.009555505988438873,0.0012785103846851826
609,0.72,0.07228927405616467,0.1239939,0.07228927,6.999545e+07,0.4416809,9.682689e+08,0.00556648626447738,0.00011220550881741272,117337127.39904486,12614558.939753667,0.107507,0.08670604205452219,0.08134918393063194,0.008655770304043521
610,0.72,0.07228927405616467,0.1239939,0.07228927,6.999545e+07,0.4416809,9.682689e+08,0.02219590199500382,0.007841896565956852,690707.747761488,57178.56938958218,0.08278258,0.0005103971466858952,0.004106271911275367,0.000606082636732066
611,0.72,0.07228927405616467,0.1239939,0.07228927,6.999545e+07,0.4416809,9.682689e+08,0.0,0.0,113830222.03595617,11651366.7260448,0.1023574,0.08411462115788558,0.07803403625687272,0.007987361855932296
612,0.72,0.07228927405616467,0.1239939,0.07228927,6.999545e+07,0.4416809,9.682689e+08,0.06720479488641777,0.00035324419724717607,28645627.885341085,6739322.4539569225,0.2352653,0.021167631006149854,0.03063674938180364,0.0046455437338236835
613,0.72,0.07228927405616467,0.1239939,0.07228927,6.999545e+07,0.4416809,9.682689e+08,0.0,0.0,77176671.50793791,11708206.110973433,0.1517065,0.05702955129145065,0.05290692642884287,0.008026326961551946
614,0.72,0.07228927405616467,0.1239939,0.07228927,6.999545e+07,0.4416809,9.682689e+08,0.0,0.0,295488606.19314235,44579676.38658117,0.1508677,0.21835073078006256,0.20256631496233876,0.030560707176441076
615,0.72,0.07228927405616467,0.1239939,0.07228927,6.999545e+07,0.4416809,9.682689e+08,1.1715058315764964e-05,0.0,306703622.32546246,34817353.29009605,0.1135212,0.2266380451362772,0.21025646276642676,0.023868341468660997
616,0.72,0.07228927405616467,0.1239939,0.07228927,6.999545e+07,0.4416809,9.682689e+08,0.0,0.0,173000130.170263,28115130.737339385,0.1625151,0.12783810968004608,0.11859678553456317,0.019273766598041482
617,0.72,0.07228927405616467,0.1239939,0.07228927,6.999545e+07,0.4416809,9.682689e+08,4.5892370908377234e-05,0.0,98930644.90753786,11494608.131112212,0.1161885,0.0731046076205868,0.06782743974314692,0.00787989913064057
618,0.72,0.07228927405616467,0.1239939,0.07228927,6.999545e+07,0.4416809,9.682689e+08,3.125676221702959e-05,1.1757184486701864e-08,278330637.48005044,32204524.495247222,0.115706,0.20567188317415439,0.1908091277945511,0.022077169699713392
619,0.72,0.07228927405616467,0.1239939,0.07228927,6.999545e+07,0.4416809,9.682689e+08,0.009326248723764311,0.007510338910165509,86016.24731921601,10763.260603757353,0.1251306,6.356153864299251e-05,0.0015853802882005864,0.0005502954861652161
620,0.72,0.07228927405616467,0.1239939,0.07228927,6.999545e+07,0.4416809,9.682689e+08,0.04237766682994327,0.00034689216313784466,59456706.89381983,8871127.796293322,0.1492031,0.04393541790763923,0.047695249549178004,0.006106501143840143
621,0.72,0.07228927405616467,0.1239939,0.07228927,6.999545e+07,0.4416809,9.682689e+08,0.0,0.0,88094007.81493592,11064248.441404738,0.1255959,0.06509689571977213,0.060391088384879936,0.007584874636885989
622,0.72,0.07228927405616467,0.1239939,0.07228927,6.999545e+07,0.4416809,9.682689e+08,0.0,0.0,182148204.77693814,25829866.765808437,0.1418069,0.13459806161637358,0.124868065452759,0.017707149504431308
623,0.72,0.07228927405616467,0.1239939,0.07228927,6.999545e+07,0.4416809,9.682689e+08,0.0,0.0,275190971.0002435,36587033.805456705,0.1329514,0.2033518327359882,0.18865167636951297,0.025081510616790335
624,0.72,0.07228927405616467,0.1239939,0.07228927,6.999545e+07,0.4416809,9.682689e+08,0.0002005447343527921,0.0,48529203.45956463,7512903.29861862,0.154812,0.035860560500407535,0.033301049479639376,0.005150320871847181
625,0.72,0.07228927405616467,0.1239939,0.07228927,6.999545e+07,0.4416809,9.682689e+08,0.005636552805100561,8.620546571488545e-08,188418469.57376635,20519441.72683736,0.1089036,0.1392314615914543,0.1300890467085617,0.014066699865843177
626,0.72,0.07228927405616467,0.1239939,0.07228927,6.999545e+07,0.4416809,9.682689e+08,0.0033134211837058704,0.0,203154027.87899885,24049510.58777505,0.1183807,0.15012027373839928,0.1398104909557309,0.016486661868881227
627,0.72,0.07228927405616467,0.1239939,0.07228927,6.999545e+07,0.4416809,9.682689e+08,4.149240739848919e-05,0.0,102100273.65504195,13923333.273736712,0.1363692,0.07544679861818701,0.06999959531820019,0.009544863166093938
628,0.72,0.07228927405616467,0.1239939,0.07228927,6.999545e+07,0.4416809,9.682689e+08,0.0,0.0,14697672.150496928,2030900.8805689276,0.1381784,0.010860816246596981,0.010075695724473085,0.0013922435546016123
629,0.72,0.07228927405616467,0.1239939,0.07228927,6.999545e+07,0.4416809,9.682689e+08,5.006066630224223e-08,0.0,341898311.3619966,51273458.833629854,0.149967,0.25264509214126807,0.2343815700298794,0.035149496101087294
630,0.72,0.07228927405616467,0.1239939,0.07228927,6.999545e+07,0.4416809,9.682689e+08,2.0175887507266652e-09,0.0,147388997.68041247,14330588.40471793,0.0972297,0.10891281314387916,0.10103958527650923,0.009824048790863672
631,0.72,0.07228927405616467,0.1239939,0.07228927,6.999545e+07,0.4416809,9.682689e+08,0.0,0.0,134949843.44866532,22183621.931190856,0.1643842,0.09972092432021144,0.09251217109289361,0.015207539150195971
632,0.72,0.07228927405616467,0.1239939,0.07228927,6.999545e+07,0.4416809,9.682689e+08,1.826674914418512e-08,0.0,156165260.98991054,24686405.658850472,0.1580787,0.11539801584538227,0.10705598004209006,0.01692327257014494
633,0.72,0.07228927405616467,0.1239939,0.07228927,6.999545e+07,0.4416809,9.682689e+08,0.030371029359763563,0.0008692419476412195,42247437.888099626,5129540.254601731,0.1214166,0.031218662050279563,0.03393266984555922,0.003579290786878074
634,0.72,0.07228927405616467,0.1239939,0.07228927,6.999545e+07,0.4416809,9.682689e+08,0.0,0.0,709385349.4108849,86548940.77826914,0.1220055,0.524198924094189,0.48630496441039744,0.0593318985229778
635,0.72,0.07228927405616467,0.1239939,0.07228927,6.999545e+07,0.4416809,9.682689e+08,0.00033803022485831693,4.71345407755741e-06,74126603.18373595,8335045.566896585,0.1124434,0.05477570923608793,0.050871337894862374,0.005714264823127576
636,0.72,0.07228927405616467,0.1239939,0.07228927,6.999545e+07,0.4416809,9.682689e+08,0.0,0.0,111728174.70095822,15996982.817817805,0.1431777,0.08256131736846271,0.07659301967077592,0.010966412213549527
637,0.72,0.07228927405616467,0.1239939,0.07228927,6.999545e+07,0.4416809,9.682689e+08,6.265487965844669e-08,0.0,406793438.80488485,45157964.58735321,0.1110096,0.30059922033515846,0.27886913116991374,0.030957141107771834
638,0.72,0.07228927405616467,0.1239939,0.07228927,6.999545e+07,0.4416809,9.682689e+08,8.97589373805984e-05,3.3469600285457153e-09,275398724.7087471,32808943.892731357,0.1191325,0.20350535193477712,0.1888087884916277,0.02249151674330861
639,0.72,0.07228927405616467,0.1239939,0.07228927,6.999545e+07,0.4416809,9.682689e+08,0.0,0.0,52272392.79546007,6955499.430385438,0.1330626,0.038626582979144564,0.03583429533631199,0.004768203777762187
640,0.72,0.07228927405616467,0.1239939,0.07228927,6.999545e+07,0.4416809,9.682689e+08,0.015120346871002282,0.005045413648076162,80419.35028809212,10063.576598045596,0.1251387,5.9425722468585216e-05,0.0025298550655637555,0.0003716281739641646
641,0.72,0.07228927405616467,0.1239939,0.07228927,6.999545e+07,0.4416809,9.682689e+08,0.035105016976029316,0.0008735428914922748,61375321.39125483,8974787.614385966,0.146228,0.04535317435854727,0.047820213389246934,0.0062156342615453455
642,0.72,0.07228927405616467,0.1239939,0.07228927,6.999545e+07,0.4416809,9.682689e+08,0.0,0.0,322733936.6452206,53661298.71781082,0.166271,0.23848361472167573,0.2212438073391557,0.036786432063831226
643,0.72,0.07228927405616467,0.1239939,0.07228927,6.999545e+07,0.4416809,9.682689e+08,0.007677427695762352,2.3568801458682137e-05,132720307.2358278,17801573.651651666,0.1341285,0.0980734128724926,0.09224031047871999,0.012205217205120711
644,0.72,0.07228927405616467,0.1239939,0.07228927,6.999545e+07,0.4416809,9.682689e+08,0.0,0.0,48698605.68461954,7455893.192700786,0.1531028,0.035985739945101014,0.03338435692809573,0.005111238731861587
645,0.72,0.07228927405616467,0.1239939,0.07228927,6.999545e+07,0.4416809,9.682689e+08,1.874679806369041e-05,0.0,68114241.26805308,10344110.313395767,0.1518641,0.050332886093372664,0.04669742655770993,0.007091198319771737
646,0.72,0.07228927405616467,0.1239939,0.07228927,6.999545e+07,0.4416809,9.682689e+08,0.011478965061634962,2.9962895334288715e-07,151380400.3098404,29075605.791945104,0.1920698,0.11186225235306271,0.10565455685590698,0.019932222757155806
647,0.72,0.07228927405616467,0.1239939,0.07228927,6.999545e+07,0.4416809,9.682689e+08,0.0,0.0,110392318.73879331,14759882.122232541,0.1337039,0.08157418920364626,0.07567725028439444,0.010118342528662068
648,0.72,0.07228927405616467,0.1239939,0.07228927,6.999545e+07,0.4416809,9.682689e+08,0.0006049969877242821,2.918080019860897e-07,205424016.36582732,27785883.228486735,0.1352611,0.15179767731529847,0.14092335239600037,0.019048078635898438
649,0.72,0.07228927405616467,0.1239939,0.07228927,6.999545e+07,0.4416809,9.682689e+08,5.733106787090625e-07,0.0,233594140.2300704,34020820.84404984,0.1456407,0.17261393554997928,0.16013589329001876,0.023322294551921155
650,0.72,0.07228927405616467,0.1239939,0.07228927,6.999545e+07,0.4416809,9.682689e+08,0.0,0.0,155793052.0761568,20911597.139423378,0.1342268,0.11512297279256195,0.10680081666220002,0.014335527948381131
651,0.72,0.07228927405616467,0.1239939,0.07228927,6.999545e+07,0.4416809,9.682689e+08,0.0003707979200054741,0.0,253452443.64878038,42225806.32284324,0.1666025,0.18728819023407806,0.1738099508791427,0.028947058545942296
652,0.72,0.07228927405616467,0.1239939,0.07228927,6.999545e+07,0.4416809,9.682689e+08,4.490302942116138e-10,0.0,463031695.2686582,65670072.57103994,0.1418263,0.34215637055784776,0.3174221349900209,0.0450188072406754
653,0.72,0.07228927405616467,0.1239939,0.07228927,6.999545e+07,0.4416809,9.682689e+08,0.0,0.0,578263983.5372537,72975822.34736128,0.1261981,0.42730704583112866,0.3964173296889121,0.05002711815083966
654,0.72,0.07228927405616467,0.1239939,0.07228927,6.999545e+07,0.4416809,9.682689e+08,0.04335839895121275,0.002028234993692454,57042695.895944,6137966.773857464,0.107603,0.0421515891763454,0.046200887502086486,0.0043543802212755
655,0.72,0.07228927405616467,0.1239939,0.07228927,6.999545e+07,0.4416809,9.682689e+08,0.0,0.0,303560315.30709636,52323513.34718981,0.1723661,0.2243153045292241,0.20809971400511895,0.03586934001000058
656,0.72,0.07228927405616467,0.1239939,0.07228927,6.999545e+07,0.4416809,9.682689e+08,0.0,0.0,12563.150141903316,1572.1885630545862,0.1251429,9.28351536028836e-06,8.612416774203861e-06,1.077782482874269e-06
657,0.72,0.07228927405616467,0.1239939,0.07228927,6.999545e+07,0.4416809,9.682689e+08,1.4399032232971621e-07,0.0,427215911.30347484,62243743.19303562,0.1456962,0.3156903666634474,0.29286936279750897,0.042669955537419285
658,0.72,0.07228927405616467,0.1239939,0.07228927,6.999545e+07,0.4416809,9.682689e+08,0.003172254122282992,0.0,38367990.573077366,4714797.719826123,0.1228836,0.028351952002907452,0.02682160819386742,0.003232135452538406
659,0.72,0.07228927405616467,0.1239939,0.07228927,6.999545e+07,0.4416809,9.682689e+08,0.0,0.0,152083080.86723828,23741775.115611102,0.1561106,0.11238149678414064,0.1042575199642699,0.01627569995944401
660,0.72,0.07228927405616467,0.1239939,0.07228927,6.999545e+07,0.4416809,9.682689e+08,0.003977407932881436,1.0140739477600475e-05,194181252.61546573,28584911.246910572,0.1472074,0.14348985891070504,0.13376805774833667,0.01959654831456778
661,0.72,0.07228927405616467,0.1239939,0.07228927,6.999545e+07,0.4416809,9.682689e+08,9.758749207282258e-06,0.0,378071233.52157885,41904713.2737771,0.1108381,0.2793750026097361,0.25918078368193137,0.028726939616324974
662,0.72,0.07228927405616467,0.1239939,0.07228927,6.999545e+07,0.4416809,9.682689e+08,0.0021780848633709657,3.4001082480988654e-07,148329380.17228016,24284207.13154815,0.1637181,0.1096077069570703,0.10204072937255305,0.01664757797821501
663,0.72,0.07228927405616467,0.1239939,0.07228927,6.999545e+07,0.4416809,9.682689e+08,1.0312369117983492e-06,0.0,413713066.30640185,55541051.59816737,0.1342502,0.3057124656177683,0.28361290218938545,0.038075059124343946
664,0.72,0.07228927405616467,0.1239939,0.07228927,6.999545e+07,0.4416809,9.682689e+08,0.0,0.0,327048077.1780141,46539128.14524628,0.1423006,0.24167154047678124,0.2242012802556797,0.031903970211902506
665,0.72,0.07228927405616467,0.1239939,0.07228927,6.999545e+07,0.4416809,9.682689e+08,0.07061199738893266,0.00668981059422613,17678824.69612818,1867984.3400866683,0.1056622,0.013063733121435637,0.02367632827127323,0.0017641609241028566
666,0.72,0.07228927405616467,0.1239939,0.07228927,6.999545e+07,0.4416809,9.682689e+08,0.04109412329447178,0.0005276870948313899,72526666.07230371,9460747.3102762,0.1304451,0.05359343881969487,0.05644502343666993,0.00652377256509406
667,0.72,0.07228927405616467,0.1239939,0.07228927,6.999545e+07,0.4416809,9.682689e+08,0.0,0.0,183386026.41231665,24441450.016352937,0.1332787,0.13551274750610162,0.12571662936352918,0.016755348119624758
668,0.72,0.07228927405616467,0.1239939,0.07228927,6.999545e+07,0.4416809,9.682689e+08,0.013467908886798576,4.8875114177391014e-05,111961208.1747965,13104893.628670998,0.1170485,0.08273351700067307,0.07895704417999812,0.00898733135293591
669,0.72,0.07228927405616467,0.1239939,0.07228927,6.999545e+07,0.4416809,9.682689e+08,0.014327523841058213,0.00017436880233365326,91103843.48220178,13627247.149568703,0.1495793,0.06732100793155002,0.06479938613243816,0.009354492228751277
670,0.72,0.07228927405616467,0.1239939,0.07228927,6.999545e+07,0.4416809,9.682689e+08,0.0,0.0,639303110.0978231,89260401.471448,0.1396214,0.47241178967348657,0.43826148434241663,0.06119068627069711
671,0.72,0.07228927405616467,0.1239939,0.07228927,6.999545e+07,0.4416809,9.682689e+08,0.0,0.0,80157407.09516281,12425298.332161812,0.1550112,0.059232160055685976,0.05495031020448188,0.008517915218052577
672,0.72,0.07228927405616467,0.1239939,0.07228927,6.999545e+07,0.4416809,9.682689e+08,3.51088735171821e-05,0.0,270781917.08312654,44320167.907448046,0.1636748,0.20009377092015657,0.1856348836954536,0.030382806319292233
673,0.72,0.07228927405616467,0.1239939,0.07228927,6.999545e+07,0.4416809,9.682689e+08,0.02254374220339842,0.00013172675533101164,81745559.55764118,11373947.728392523,0.1391384,0.06040572222865735,0.059728737924816304,0.007806705231887544
674,0.72,0.07228927405616467,0.1239939,0.07228927,6.999545e+07,0.4416809,9.682689e+08,0.0,0.0,34437568.22832972,6250443.364329267,0.1815007,0.025447574056473278,0.02360798740144033,0.004284866667127575
675,0.72,0.07228927405616467,0.1239939,0.07228927,6.999545e+07,0.4416809,9.682689e+08,0.0,0.0,180157631.54728532,27879152.31662486,0.1547487,0.13312713140026292,0.12350346771415824,0.01911199630269707
676,0.72,0.07228927405616467,0.1239939,0.07228927,6.999545e+07,0.4416809,9.682689e+08,0.01603551117404862,0.0001123459369901568,68147265.69553289,9795450.763406523,0.1437395,0.05035728942982177,0.04934150632964854,0.006723197124719069
677,0.72,0.07228927405616467,0.1239939,0.07228927,6.999545e+07,0.4416809,9.682689e+08,0.0,0.0,662508085.2144492,111258949.81715629,0.167936,0.48955906089901935,0.4541691917790115,0.07627135191909867
678,0.72,0.07228927405616467,0.1239939,0.07228927,6.999545e+07,0.4416809,9.682689e+08,2.1469842168541373e-06,0.0,239324142.0117143,39421734.280667014,0.1647211,0.17684810922087613,0.16406423918087842,0.027024782936772834
679,0.72,0.07228927405616467,0.1239939,0.07228927,6.999545e+07,0.4416809,9.682689e+08,0.0009590678239880484,0.0,166630258.86305168,23812740.12864355,0.1429077,0.12313110566786625,0.11438701666154648,0.016324348607411988
680,0.72,0.07228927405616467,0.1239939,0.07228927,6.999545e+07,0.4416809,9.682689e+08,0.0,0.0,209445371.8612578,25119519.684893686,0.1199335,0.1547692501365521,0.14358109339796377,0.017220185244188047
681,0.72,0.07228927405616467,0.1239939,0.07228927,6.999545e+07,0.4416809,9.682689e+08,0.06665539823868309,0.0035042612483666313,27192188.585850663,2878157.9921534066,0.105845,0.020093614862932617,0.029550454135463384,0.002226384254902364
682,0.72,0.07228927405616467,0.1239939,0.07228927,6.999545e+07,0.4416809,9.682689e+08,0.005841002556640221,7.003558449066476e-05,87171722.31636633,10596068.608593797,0.121554,0.06441537464457746,0.06071482236833554,0.007268986120613585
683,0.72,0.07228927405616467,0.1239939,0.07228927,6.999545e+07,0.4416809,9.682689e+08,9.273745989234529e-07,0.0,65531631.048693135,8197708.3304171,0.1250954,0.048424471295312035,0.044924053200872414,0.005619775290229776
684,0.72,0.07228927405616467,0.1239939,0.07228927,6.999545e+07,0.4416809,9.682689e+08,0.0007346097214246749,1.2021693020534644e-06,164962686.93768463,21530384.77269061,0.1305167,0.12189885663727516,0.11320710928757786,0.014759812361091041
685,0.72,0.07228927405616467,0.1239939,0.07228927,6.999545e+07,0.4416809,9.682689e+08,0.06318899316780763,0.0013253625548403762,33739705.880733356,5273454.922061249,0.1562982,0.024931890032156092,0.03347163242767182,0.0037109212416780207
686,0.72,0.07228927405616467,0.1239939,0.07228927,6.999545e+07,0.4416809,9.682689e+08,2.618667887175035e-08,0.0,64463833.723536246,9181623.233229924,0.1424306,0.047635424538901384,0.04419189856556263,0.006294278509379438
687,0.72,0.07228927405616467,0.1239939,0.07228927,6.999545e+07,0.4416809,9.682689e+08,0.0,0.0,206621049.54016826,35907498.826912306,0.1737843,0.152682222651082,0.14164493561435357,0.024615668978206894
688,0.72,0.07228927405616467,0.1239939,0.07228927,6.999545e+07,0.4416809,9.682689e+08,0.0005640733454916102,2.2577393648514028e-08,57962169.91952195,8988293.574970381,0.1550717,0.04283103271756371,0.03982712951955603,0.006161746853817029
689,0.72,0.07228927405616467,0.1239939,0.07228927,6.999545e+07,0.4416809,9.682689e+08,7.850025627313252e-10,0.0,326402438.12579256,45634615.527071685,0.1398109,0.24119444675499974,0.22375867542118275,0.03128389964383192
690,0.72,0.07228927405616467,0.1239939,0.07228927,6.999545e+07,0.4416809,9.682689e+08,0.0,0.0,621159843.8698858,92424593.9585686,0.1487936,0.45900485838552385,0.42582373038458154,0.0633598352616013
691,0.72,0.07228927405616467,0.1239939,0.07228927,6.999545e+07,0.4416809,9.682689e+08,0.011980480573239718,1.0401406150757548e-05,112496668.40328953,18539129.483642668,0.1647971,0.08312919429497351,0.07908067302076646,0.012709882020031925
692,0.72,0.07228927405616467,0.1239939,0.07228927,6.999545e+07,0.4416809,9.682689e+08,0.0002913753082208633,3.4442965981859924e-08,166873415.5842669,23036404.35265143,0.1380472,0.12331078585403467,0.11444442763435034,0.015792149604486695
693,0.72,0.07228927405616467,0.1239939,0.07228927,6.999545e+07,0.4416809,9.682689e+08,0.0006014552099594145,1.5851845665312567e-07,253432446.07962373,24113358.863993112,0.09514709,0.1872734130692478,0.1738339932880718,0.01653044323918587
694,0.72,0.07228927405616467,0.1239939,0.07228927,6.999545e+07,0.4416809,9.682689e+08,0.014293972809997786,9.693770551039221e-05,12589621.089271251,1910066.8487547801,0.1517176,0.009303076015356229,0.010970037148239891,0.0013164157527325035
695,0.72,0.07228927405616467,0.1239939,0.07228927,6.999545e+07,0.4416809,9.682689e+08,0.0002468612980800905,7.011455348795998e-09,206962159.22445562,28784525.946771953,0.1390811,0.15293428498878045,0.14191917997833134,0.019732657627189523
696,0.72,0.07228927405616467,0.1239939,0.07228927,6.999545e+07,0.4416809,9.682689e+08,0.0,0.0,642138679.0159086,78277268.16746888,0.1219009,0.47450712780993065,0.44020535200607497,0.05366141849692391
697,0.72,0.07228927405616467,0.1239939,0.07228927,6.999545e+07,0.4416809,9.682689e+08,0.006275510367779283,0.003387628805059742,153773.35357736782,16018.929416174562,0.1041723,0.0001136305205154758,0.0011325199091657143,0.0002558706843554414
698,0.72,0.07228927405616467,0.1239939,0.07228927,6.999545e+07,0.4416809,9.682689e+08,3.6857079959860065e-06,0.0,381960610.72742057,45091461.892963804,0.1180526,0.2822490503306142,0.2618460746136404,0.0309115515132657
699,0.72,0.07228927405616467,0.1239939,0.07228927,6.999545e+07,0.4416809,9.682689e+08,0.0,0.0,139673183.36913437,17429824.498132367,0.1247901,0.10321122716689018,0.09575016248054977,0.011948668222825401
700,0.72,0.07228927405616467,0.1239939,0.07228927,6.999545e+07,0.4416809,9.682689e+08,3.7529019542626096e-06,0.0,231517715.97012803,40195322.37086316,0.1736166,0.1710795658820283,0.1587129624905783,0.02755510080841138
701,0.72,0.07228927405616467,0.1239939,0.07228927,6.999545e+07,0.4416809,9.682689e+08,0.0,0.0,208912279.6533893,25238028.81109027,0.1208068,0.15437532268648604,0.14321564267729378,0.017301426809784512
702,0.72,0.07228927405616467,0.1239939,0.07228927,6.999545e+07,0.4416809,9.682689e+08,0.012970368895899632,5.874366342981424e-07,160146396.92082375,29172145.643648423,0.1821592,0.11833986849766852,0.11190800672866434,0.019998424530617325
703,0.72,0.07228927405616467,0.1239939,0.07228927,6.999545e+07,0.4416809,9.682689e+08,0.044999890161192484,0.0019609609784861795,41504516.844887346,4923473.162089766,0.118625,0.030669681990482412,0.035817659530866186,0.0035169451816585164
704,0.72,0.07228927405616467,0.1239939,0.07228927,6.999545e+07,0.4416809,9.682689e+08,0.0,0.0,408468477.2545759,58042231.84569553,0.1420972,0.3018369867393753,0.28001741008468567,0.039789693310500016
705,0.72,0.07228927405616467,0.1239939,0.07228927,6.999545e+07,0.4416809,9.682689e+08,0.00015905187533223015,1.4665883829570079e-10,335065615.9279664,34987676.12326251,0.1044204,0.24759608514083262,0.22972357567600704,0.02398510289728492
706,0.72,0.07228927405616467,0.1239939,0.07228927,6.999545e+07,0.4416809,9.682689e+08,0.0,0.0,329237439.9431462,49750619.863237746,0.1511086,0.2432893658334611,0.2257021541917755,0.03410554424626775
707,0.72,0.07228927405616467,0.1239939,0.07228927,6.999545e+07,0.4416809,9.682689e+08,0.0004618196454287283,3.339168361399195e-06,186288848.9853957,18620609.473025702,0.09995558,0.1376577826000855,0.12778218677756564,0.012765228476077363
708,0.72,0.07228927405616467,0.1239939,0.07228927,6.999545e+07,0.4416809,9.682689e+08,0.005060671026487635,5.781420730614341e-05,80585783.19231911,8418751.769774137,0.1044694,0.05954870773942865,0.056072247553996216,0.005775486554336701
709,0.72,0.07228927405616467,0.1239939,0.07228927,6.999545e+07,0.4416809,9.682689e+08,0.0,0.0,160057135.0184628,21225273.26541716,0.1326106,0.1182739085885457,0.10972397359689452,0.01455056235445461
710,0.72,0.07228927405616467,0.1239939,0.07228927,6.999545e+07,0.4416809,9.682689e+08,0.012105081787831777,6.417300608376164e-05,153836495.53660142,21808849.784712005,0.1417664,0.11367717914343159,0.10744075952025677,0.014955260606998652
711,0.72,0.07228927405616467,0.1239939,0.07228927,6.999545e+07,0.4416809,9.682689e+08,0.060523623236343645,0.010819435013785128,11291436.198032098,1039864.9814826254,0.09209324,0.00834378481512489,0.017646432073857743,0.0014949877814616932
712,0.72,0.07228927405616467,0.1239939,0.07228927,6.999545e+07,0.4416809,9.682689e+08,0.0014448402083552202,0.0,252037400.26209402,35652231.75499646,0.1414561,0.186242546675942,0.1730156830742833,0.02444067573310214
713,0.72,0.07228927405616467,0.1239939,0.07228927,6.999545e+07,0.4416809,9.682689e+08,0.003400843020655286,1.358966555051707e-06,49666006.94362477,6690284.495195279,0.1347055,0.03670059922371318,0.03460415058032879,0.004586489212290521
714,0.72,0.07228927405616467,0.1239939,0.07228927,6.999545e+07,0.4416809,9.682689e+08,0.004701075454118861,1.0427886361516032e-05,134521736.52329808,13474387.233636566,0.1001651,0.09940457554043872,0.09298810912036179,0.009237850995212954
715,0.72,0.07228927405616467,0.1239939,0.07228927,6.999545e+07,0.4416809,9.682689e+08,0.0026797487308747557,9.756291022436246e-08,245205942.76943865,31799334.69980933,0.1296842,0.1811944544498775,0.16853462945277334,0.0217994061273275
716,0.72,0.07228927405616467,0.1239939,0.07228927,6.999545e+07,0.4416809,9.682689e+08,0.05795237987554156,0.0010040736984322416,17863246.00213426,3161993.7090786216,0.1770111,0.013200010886783789,0.021730773426202457,0.0022402254212715604
717,0.72,0.07228927405616467,0.1239939,0.07228927,6.999545e+07,0.4416809,9.682689e+08,2.67280328887028e-07,0.0,405215153.979375,63762708.37822178,0.1573552,0.299432949833331,0.2777872030067663,0.043711251796125554
718,0.72,0.07228927405616467,0.1239939,0.07228927,6.999545e+07,0.4416809,9.682689e+08,0.0,0.0,189664845.10878807,27553678.443174154,0.1452756,0.14015246836868517,0.1300209481731333,0.01888887418637989
719,0.72,0.07228927405616467,0.1239939,0.07228927,6.999545e+07,0.4416809,9.682689e+08,0.029155322508326822,0.00013445465661622545,29440298.116457094,4885343.480545601,0.1659407,0.02175485102768911,0.024954017879017253,0.003358769323614267
720,0.72,0.07228927405616467,0.1239939,0.07228927,6.999545e+07,0.4416809,9.682689e+08,0.0008891650431757616,1.0559655852823656e-06,251563006.42451566,29499155.252804603,0.1172635,0.18589199427242534,0.17259952530327433,0.020222633309506344
721,0.72,0.07228927405616467,0.1239939,0.07228927,6.999545e+07,0.4416809,9.682689e+08,0.0,0.0,240759773.43394062,39666349.133430935,0.1647549,0.17790896626782782,0.16504805624824387,0.027192473765694523
722,0.72,0.07228927405616467,0.1239939,0.07228927,6.999545e+07,0.4416809,9.682689e+08,0.017616931255901223,0.00038879645876210064,88921795.82536256,9628768.616386954,0.1082836,0.0657085880599143,0.06384189945115931,0.00662891591393518
723,0.72,0.07228927405616467,0.1239939,0.07228927,6.999545e+07,0.4416809,9.682689e+08,0.0,0.0,265256086.16946262,37073903.11722473,0.1397665,0.19601046891501286,0.18184101440973813,0.025415274153813606
724,0.72,0.07228927405616467,0.1239939,0.07228927,6.999545e+07,0.4416809,9.682689e+08,0.0,0.0,526981809.4591553,72956356.91001478,0.1384419,0.38941218304706565,0.3612618590259669,0.05001377400886677
725,0.72,0.07228927405616467,0.1239939,0.07228927,6.999545e+07,0.4416809,9.682689e+08,0.05268952425668565,0.00014696963688354001,54014324.558276385,8114878.860315807,0.1502357,0.03991378006697858,0.045652059698793115,0.005573617528934021
726,0.72,0.07228927405616467,0.1239939,0.07228927,6.999545e+07,0.4416809,9.682689e+08,9.942933211585333e-06,0.0,346867324.5984156,44657085.3614717,0.128744,0.2563169348068993,0.23778959700682767,0.030613773353816248
727,0.72,0.07228927405616467,0.1239939,0.07228927,6.999545e+07,0.4416809,9.682689e+08,0.01393157943418082,0.00014066176441902186,102433876.8455831,13444907.035003953,0.1312545,0.07569331404693287,0.07250166067124485,0.00922705594607326
728,0.72,0.07228927405616467,0.1239939,0.07228927,6.999545e+07,0.4416809,9.682689e+08,8.276837222755496e-07,0.0,314516275.61726475,43709321.87361265,0.1389732,0.23241119008955927,0.21561048934124696,0.029964053015476118
729,0.72,0.07228927405616467,0.1239939,0.07228927,6.999545e+07,0.4416809,9.682689e+08,0.0041177974960173195,0.00011371516812483154,156999401.66345483,15965138.193767466,0.1016892,0.11601440247357842,0.10830175946706555,0.010952802154217752
730,0.72,0.07228927405616467,0.1239939,0.07228927,6.999545e+07,0.4416809,9.682689e+08,1.2946988632219376e-08,0.0,498116086.1714813,64881526.48701753,0.1302538,0.36808191297147796,0.3414735408085803,0.04447823521498452
731,0.72,0.07228927405616467,0.1239939,0.07228927,6.999545e+07,0.4416809,9.682689e+08,0.000811738715850943,4.474716775760912e-07,222420837.32295698,27679907.88505205,0.1244484,0.1643574451003931,0.15260902080360975,0.018975440607669196
732,0.72,0.07228927405616467,0.1239939,0.07228927,6.999545e+07,0.4416809,9.682689e+08,0.0,0.0,18753424.980758656,2344209.112418705,0.1250017,0.013857806911516593,0.012856036109872557,0.0016070257581891575
733,0.72,0.07228927405616467,0.1239939,0.07228927,6.999545e+07,0.4416809,9.682689e+08,0.0,0.0,388066413.2051824,54165704.59206301,0.1395784,0.28676092119492286,0.2660311823740648,0.037132217441172774
734,0.72,0.07228927405616467,0.1239939,0.07228927,6.999545e+07,0.4416809,9.682689e+08,0.00043682388236775533,0.0,384295600.645284,54544560.23808265,0.1419339,0.28397448658853985,0.2635176714322108,0.03739193436598277
735,0.72,0.07228927405616467,0.1239939,0.07228927,6.999545e+07,0.4416809,9.682689e+08,0.0,0.0,367903027.1535047,48598756.42907655,0.1320966,0.2718612262926207,0.2522085755999084,0.03331590726430783
736,0.72,0.07228927405616467,0.1239939,0.07228927,6.999545e+07,0.4416809,9.682689e+08,4.229027181906474e-05,0.0,295336862.909945,39041836.010769665,0.1321943,0.21823860037610562,0.2024692119711766,0.02676435126197799
737,0.72,0.07228927405616467,0.1239939,0.07228927,6.999545e+07,0.4416809,9.682689e+08,0.0007414185765998485,0.0,287115422.09401447,37357538.71283731,0.1301133,0.21216338267701748,0.196947592662309,0.02560971487400108
738,0.72,0.07228927405616467,0.1239939,0.07228927,6.999545e+07,0.4416809,9.682689e+08,0.0,0.0,643976817.7949723,78041815.67659082,0.1211873,0.47586541688528466,0.4414654513502132,0.05350000874227944
739,0.72,0.07228927405616467,0.1239939,0.07228927,6.999545e+07,0.4416809,9.682689e+08,1.5038731831303539e-06,0.0,408624737.0496996,59344619.183078185,0.1452301,0.301952454611035,0.28012477700446325,0.04068251894931593
740,0.72,0.07228927405616467,0.1239939,0.07228927,6.999545e+07,0.4416809,9.682689e+08,0.0114798499419054,1.987065120002786e-05,137726146.08445182,18517048.86037595,0.1344483,0.10177246775263184,0.09629430028669145,0.012695429614410406
741,0.72,0.07228927405616467,0.1239939,0.07228927,6.999545e+07,0.4416809,9.682689e+08,0.0010894728569631365,0.0,199043230.3584166,24609015.621822823,0.1236365,0.14708260790663688,0.13662842539304298,0.016870219375243602
742,0.72,0.07228927405616467,0.1239939,0.07228927,6.999545e+07,0.4416809,9.682689e+08,0.0,0.0,208324217.7664106,28445178.183022656,0.1365428,0.15394077549896512,0.14281250859050187,0.01950002403549778
743,0.72,0.07228927405616467,0.1239939,0.07228927,6.999545e+07,0.4416809,9.682689e+08,1.3530583111509327e-05,3.4924485274557585e-08,99709462.97860643,11944407.349575156,0.1197921,0.07368011371929366,0.06835604631701289,0.008188252529916371
744,0.72,0.07228927405616467,0.1239939,0.07228927,6.999545e+07,0.4416809,9.682689e+08,0.048793973520646405,0.01663334942275107,2280955.1020444515,188891.07632964125,0.08281227,0.0016855073358814224,0.009549701927516219,0.0013319032613269921
745,0.72,0.07228927405616467,0.1239939,0.07228927,6.999545e+07,0.4416809,9.682689e+08,0.0,0.0,291183468.7879021,40340537.57319752,0.1385399,0.21516945786855018,0.19961501396017417,0.027654650191354945
746,0.72,0.07228927405616467,0.1239939,0.07228927,6.999545e+07,0.4416809,9.682689e+08,0.0009384535995546636,0.0,218810593.61586702,29746709.424006503,0.1359473,0.16168966253546416,0.15015482954439513,0.02039226279451825
747,0.72,0.07228927405616467,0.1239939,0.07228927,6.999545e+07,0.4416809,9.682689e+08,0.0,0.0,248753108.6020246,40417383.15266488,0.1624799,0.18381562574213692,0.17052772759705817,0.027707330144245153
748,0.72,0.07228927405616467,0.1239939,0.07228927,6.999545e+07,0.4416809,9.682689e+08,7.549251979954021e-11,0.0,596864064.3967535,95764450.32451352,0.160446,0.4410515394025167,0.4091682438101105,0.06564940711775184
749,0.72,0.07228927405616467,0.1239939,0.07228927,6.999545e+07,0.4416809,9.682689e+08,0.002120413442011375,1.3619172367305974e-06,181511360.9808003,21616699.17493121,0.1190928,0.13412746713196713,0.12477853488670312,0.014818995024463981
750,0.72,0.07228927405616467,0.1239939,0.07228927,6.999545e+07,0.4416809,9.682689e+08,0.019262901116015054,4.491069875099776e-05,80652438.22532682,12765971.673756571,0.1582838,0.05959796234641641,0.05844239992807042,0.008754703588130028
751,0.72,0.07228927405616467,0.1239939,0.07228927,6.999545e+07,0.4416809,9.682689e+08,0.0,0.0,86221620.98135497,11248945.69651735,0.1304655,0.0637132991111498,0.059107510970681496,0.0077114901529081745
752,0.72,0.07228927405616467,0.1239939,0.07228927,6.999545e+07,0.4416809,9.682689e+08,0.00021610867180861675,0.0,190602298.87049276,28761541.534740157,0.1508982,0.14084519800241913,0.13069897107659234,0.019716900615519485
753,0.72,0.07228927405616467,0.1239939,0.07228927,6.999545e+07,0.4416809,9.682689e+08,0.056044621034826554,0.000262676159812778,23547172.99004499,4577025.373811805,0.1943769,0.017400137678473364,0.02531503598584576,0.00315667704006364
754,0.72,0.07228927405616467,0.1239939,0.07228927,6.999545e+07,0.4416809,9.682689e+08,0.0,0.0,501621912.60213256,80646799.24999362,0.1607721,0.37067253659308863,0.34387688801021704,0.055285803226201836
755,0.72,0.07228927405616467,0.1239939,0.07228927,6.999545e+07,0.4416809,9.682689e+08,4.270558585158881e-06,6.119779671535421e-11,214307627.9946478,27527423.266856495,0.1284482,0.15836220484855748,0.14691501497823528,0.018870875478826838
756,0.72,0.07228927405616467,0.1239939,0.07228927,6.999545e+07,0.4416809,9.682689e+08,0.00020475465384144675,0.0,241709983.39135352,32393599.581387777,0.1340185,0.17861112206756782,0.16573296561140072,0.02220678550048123
757,0.72,0.07228927405616467,0.1239939,0.07228927,6.999545e+07,0.4416809,9.682689e+08,3.952691015712578e-08,0.0,358074973.64218223,40516230.75817327,0.1131501,0.2645988052673574,0.24547115618776352,0.027775093146848367
758,0.72,0.07228927405616467,0.1239939,0.07228927,6.999545e+07,0.4416809,9.682689e+08,0.0,0.0,369667973.95371616,36793026.52851786,0.09952993,0.2731654302975704,0.2534184996441191,0.02522272481573065
759,0.72,0.07228927405616467,0.1239939,0.07228927,6.999545e+07,0.4416809,9.682689e+08,0.04601782681810229,4.94015968838476e-05,60204195.02600848,9959243.400286455,0.1654244,0.044487772808951845,0.04880345480765089,0.006830931696390837
760,0.72,0.07228927405616467,0.1239939,0.07228927,6.999545e+07,0.4416809,9.682689e+08,4.266777928964303e-06,0.0,336093569.7821808,50323695.88635426,0.1497312,0.24835568964189136,0.23040293546730006,0.03449840507326054
761,0.72,0.07228927405616467,0.1239939,0.07228927,6.999545e+07,0.4416809,9.682689e+08,0.012694525534095037,0.001181030830070044,3599056.2036267747,431883.6239214141,0.1199991,0.0026595155810060535,0.004544955664993805,0.00038144505777546286
762,0.72,0.07228927405616467,0.1239939,0.07228927,6.999545e+07,0.4416809,9.682689e+08,0.0023016953157031007,6.8846389485610555e-06,244617007.3725035,25809211.568266276,0.1055087,0.1807592617838734,0.1680690210959467,0.0176934874316599
763,0.72,0.07228927405616467,0.1239939,0.07228927,6.999545e+07,0.4416809,9.682689e+08,0.0,0.0,43153326.92575475,5848030.748827197,0.1355175,0.031888066992574876,0.02958290177862729,0.004009000732170579
764,0.72,0.07228927405616467,0.1239939,0.07228927,6.999545e+07,0.4416809,9.682689e+08,0.02642707876731322,0.006953188775323183,2088530.0650212117,238901.6536593657,0.1143875,0.0015433152290665096,0.005757031644965607,0.0006664152282751108
765,0.72,0.07228927405616467,0.1239939,0.07228927,6.999545e+07,0.4416809,9.682689e+08,0.0050399311486334685,0.001198539565786046,51488.67767957258,6441.53485375319,0.1251059,3.80474582186942e-05,0.0008601752374680544,9.105742076109409e-05
766,0.72,0.07228927405616467,0.1239939,0.07228927,6.999545e+07,0.4416809,9.682689e+08,3.014266982533298e-05,0.0,424867197.1875162,74441859.70907898,0.1752121,0.3139547889360348,0.29126415856433135,0.051032130796796485
767,0.72,0.07228927405616467,0.1239939,0.07228927,6.999545e+07,0.4416809,9.682689e+08,3.018783457656612e-05,0.0,353099288.23338175,53519449.74437936,0.1515705,0.26092203221292315,0.2420651087179798,0.03668919033191003
768,0.72,0.07228927405616467,0.1239939,0.07228927,6.999545e+07,0.4416809,9.682689e+08,2.0443743606319317e-07,0.0,378043313.1618421,58593219.10460026,0.1549908,0.2793543709142176,0.2591600796963901,0.040167411626158445
769,0.72,0.07228927405616467,0.1239939,0.07228927,6.999545e+07,0.4416809,9.682689e+08,0.004410540137867332,4.5983626637669865e-05,70673671.54540813,8542191.847107053,0.1208681,0.052224172118376974,0.049170791318622994,0.005859253210957006
770,0.72,0.07228927405616467,0.1239939,0.07228927,6.999545e+07,0.4416809,9.682689e+08,0.0058748692279426045,0.00010508265420656355,72713250.84724084,8467909.926747505,0.1164562,0.05373131527620136,0.05080864880451785,0.005812602949188697
771,0.72,0.07228927405616467,0.1239939,0.07228927,6.999545e+07,0.4416809,9.682689e+08,4.70217165862123e-09,0.0,581774222.2626812,73453096.27051528,0.126257,0.4299009299093817,0.3988237045397599,0.05035430376075698
772,0.72,0.07228927405616467,0.1239939,0.07228927,6.999545e+07,0.4416809,9.682689e+08,0.0,0.0,424934847.71813583,52183967.35245644,0.1228046,0.31400477916404645,0.2913056016281112,0.03577367703915014
773,0.72,0.07228927405616467,0.1239939,0.07228927,6.999545e+07,0.4416809,9.682689e+08,0.0,0.0,202230158.93114248,25903068.460807,0.1280871,0.1494375825764342,0.13863484821527558,0.01775733146506895
774,0.72,0.07228927405616467,0.1239939,0.07228927,6.999545e+07,0.4416809,9.682689e+08,0.0,0.0,536086869.37637883,78509364.95205404,0.146449,0.3961403493622924,0.3675036510825368,0.05382052781411123
775,0.72,0.07228927405616467,0.1239939,0.07228927,6.999545e+07,0.4416809,9.682689e+08,0.012682520589489876,4.926032549505023e-05,61831856.23131232,6566117.796206971,0.1061931,0.045690529890584114,0.044463324356405244,0.004504831965076226
776,0.72,0.07228927405616467,0.1239939,0.07228927,6.999545e+07,0.4416809,9.682689e+08,0.0,0.0,112574516.91567153,20488985.365889534,0.1820038,0.08318672030177202,0.07717321268004369,0.014045814883883161
777,0.72,0.07228927405616467,0.1239939,0.07228927,6.999545e+07,0.4416809,9.682689e+08,0.013652037624455512,0.004505865965168445,923033.5177711233,70358.1535957538,0.07622492,0.0006820738225286402,0.002867176347207677,0.0003739584072126473
778,0.72,0.07228927405616467,0.1239939,0.07228927,6.999545e+07,0.4416809,9.682689e+08,0.10986288603370765,0.00041396928834574456,42822477.116016895,6129710.624470448,0.1431424,0.0316435861692179,0.04733719309877161,0.004232026286912336
779,0.72,0.07228927405616467,0.1239939,0.07228927,6.999545e+07,0.4416809,9.682689e+08,0.0,0.0,231130871.6163719,29908581.757214833,0.1294011,0.17079370799928617,0.1584471548346572,0.020503231140996336
780,0.72,0.07228927405616467,0.1239939,0.07228927,6.999545e+07,0.4416809,9.682689e+08,0.0002523530374028937,0.0,15844763.484552508,2509655.9157766313,0.1583902,0.011708457156645462,0.01090336354315156,0.0017204445113190425
781,0.72,0.07228927405616467,0.1239939,0.07228927,6.999545e+07,0.4416809,9.682689e+08,0.0001138314786000008,9.430234637674197e-08,189279396.47201225,24355879.958715,0.1286769,0.13986764184829076,0.1297753421877069,0.016696694091944776
782,0.72,0.07228927405616467,0.1239939,0.07228927,6.999545e+07,0.4416809,9.682689e+08,3.3325640750800444e-05,0.0,238225393.79492518,38905918.311341085,0.1633156,0.1760361913632976,0.16331611724119463,0.026671175596539944
783,0.72,0.07228927405616467,0.1239939,0.07228927,6.999545e+07,0.4416809,9.682689e+08,0.00016175092013406402,0.0,181416965.9801011,19868329.77518616,0.1095175,0.13405771412981182,0.1243932528316304,0.013620336834190177
784,0.72,0.07228927405616467,0.1239939,0.07228927,6.999545e+07,0.4416809,9.682689e+08,0.005301742018226094,2.1103847868157874e-06,181248771.60762197,29737851.35028842,0.164072,0.13393342722542978,0.12511920540615223,0.020386342877103992
785,0.72,0.07228927405616467,0.1239939,0.07228927,6.999545e+07,0.4416809,9.682689e+08,0.01600226214570766,0.0001456664947719111,70182765.00565314,8644216.683223898,0.1231672,0.051861417685706394,0.05073146042570773,0.005936400302748177
786,0.72,0.07228927405616467,0.1239939,0.07228927,6.999545e+07,0.4416809,9.682689e+08,0.08242434550630992,0.001684047285546372,15383934.322095335,2980146.7179508996,0.1937181,0.01136792834342443,0.024036421829291284,0.0021647186438125627
787,0.72,0.07228927405616467,0.1239939,0.07228927,6.999545e+07,0.4416809,9.682689e+08,0.03427340381741941,0.0012152935586877288,78068348.24651866,7733005.112087961,0.09905429,0.05768845408298985,0.05912767578073347,0.005389059965171404
788,0.72,0.07228927405616467,0.1239939,0.07228927,6.999545e+07,0.4416809,9.682689e+08,0.00022429774539100457,0.0,303015342.7229711,38760067.54495768,0.1279145,0.22391259809823205,0.20776282941551122,0.0265711905153507
789,0.72,0.07228927405616467,0.1239939,0.07228927,6.999545e+07,0.4416809,9.682689e+08,1.2441599135798542e-06,0.0,424225089.1316771,59542913.45127908,0.1403569,0.31348030443716174,0.2908192444283377,0.04081845562621559
790,0.72,0.07228927405616467,0.1239939,0.07228927,6.999545e+07,0.4416809,9.682689e+08,0.014903106120211866,4.445161023647772e-05,57169723.67403549,7596317.519218025,0.1328731,0.042245456105879445,0.041630732459460876,0.005210717200166429
791,0.72,0.07228927405616467,0.1239939,0.07228927,6.999545e+07,0.4416809,9.682689e+08,1.3233127117447496e-06,0.0,280841883.8720514,30374260.762943484,0.1081543,0.20752756381080065,0.19252576346094072,0.020822468086748893
792,0.72,0.07228927405616467,0.1239939,0.07228927,6.999545e+07,0.4416809,9.682689e+08,0.0015273277773014712,0.0,214995261.547388,30410135.786846414,0.1414456,0.15887033032481213,0.14763568499294671,0.02084706149319128
793,0.72,0.07228927405616467,0.1239939,0.07228927,6.999545e+07,0.4416809,9.682689e+08,0.0007607907241217957,3.4002687039689065e-06,99511445.38814542,9704314.308787882,0.09751958,0.0735337890059942,0.06834260229168036,0.006652844744394097
794,0.72,0.07228927405616467,0.1239939,0.07228927,6.999545e+07,0.4416809,9.682689e+08,0.0,0.0,34503844.659149826,4150265.4796643574,0.1202841,0.025496548896110936,0.023653421885473567,0.002845131645385666
795,0.72,0.07228927405616467,0.1239939,0.07228927,6.999545e+07,0.4416809,9.682689e+08,0.0585705275233159,0.0019350736831973308,30892735.6394779,3970305.4101118785,0.1285191,0.02282812691013272,0.03076405125833938,0.002861648684156525
796,0.72,0.07228927405616467,0.1239939,0.07228927,6.999545e+07,0.4416809,9.682689e+08,0.0,0.0,250469245.43272337,30294126.76016668,0.1209495,0.1850837617150574,0.1717041909410917,0.020767533820907624
797,0.72,0.07228927405616467,0.1239939,0.07228927,6.999545e+07,0.4416809,9.682689e+08,0.0,0.0,645240213.2095355,100832831.9053958,0.1562718,0.47679900046939666,0.44233154685475895,0.06912393492743409
798,0.72,0.07228927405616467,0.1239939,0.07228927,6.999545e+07,0.4416809,9.682689e+08,0.0057298278650267445,1.7802852949769666e-05,174868034.1996541,22490415.26589045,0.1286136,0.129218393729232,0.12081508244659864,0.015419142151418812
799,0.72,0.07228927405616467,0.1239939,0.07228927,6.999545e+07,0.4416809,9.682689e+08,3.0375269079319734e-10,0.0,416714421.73268896,48510004.67649163,0.1164107,0.30793031137197024,0.2856702527527165,0.03325506527212683
800,0.72,0.07228927405616467,0.1239939,0.07228927,6.999545e+07,0.4416809,9.682689e+08,0.0001881616791473592,0.0,172349185.84527385,24577201.88639335,0.1426012,0.12735709563727243,0.11818133979616703,0.016848410104036295
801,0.72,0.07228927405616467,0.1239939,0.07228927,6.999545e+07,0.4416809,9.682689e+08,0.0,0.0,361835747.4425343,49471279.88744343,0.136723,0.26737782175190045,0.24804927311873692,0.033914048302490694
802,0.72,0.07228927405616467,0.1239939,0.07228927,6.999545e+07,0.4416809,9.682689e+08,0.0003347858033357249,3.2316880761564066e-07,144398526.1694618,18663505.29251401,0.12925,0.10670301003774439,0.09904432080811819,0.012794416824354725
803,0.72,0.07228927405616467,0.1239939,0.07228927,6.999545e+07,0.4416809,9.682689e+08,0.0014354264715867437,8.702348403988902e-08,127404473.94115435,15934530.712825991,0.1250704,0.09414528819942737,0.0875745278229908,0.010923605710605092
804,0.72,0.07228927405616467,0.1239939,0.07228927,6.999545e+07,0.4416809,9.682689e+08,8.152929799269458e-08,0.0,114172829.52069707,17294865.058675718,0.1514797,0.08436779029231574,0.07826891732214314,0.011856149473380805
805,0.72,0.07228927405616467,0.1239939,0.07228927,6.999545e+07,0.4416809,9.682689e+08,0.0,0.0,91179448.04416047,12617294.878291223,0.1383787,0.06737687577554803,0.06250625033756127,0.008649534617311275
806,0.72,0.07228927405616467,0.1239939,0.07228927,6.999545e+07,0.4416809,9.682689e+08,0.0024123732059530044,0.0,147798034.78648534,22181158.921653952,0.1500775,0.10921507031777776,0.1017148217832276,0.01520585068317846
807,0.72,0.07228927405616467,0.1239939,0.07228927,6.999545e+07,0.4416809,9.682689e+08,0.0006295781241310941,3.478943970709569e-07,179005973.00264478,20411239.738030512,0.1140255,0.13227611555883653,0.12281701332620722,0.013992543069819657
808,0.72,0.07228927405616467,0.1239939,0.07228927,6.999545e+07,0.4416809,9.682689e+08,0.019583574377679634,0.0,80062800.01899716,14070785.475502416,0.1757469,0.05916225034077727,0.05809066935345264,0.009645946079339125
809,0.72,0.07228927405616467,0.1239939,0.07228927,6.999545e+07,0.4416809,9.682689e+08,0.0,0.0,121842021.46227832,15905564.69934839,0.1305425,0.09003492475990421,0.08352636540930933,0.010903742347466652
810,0.72,0.07228927405616467,0.1239939,0.07228927,6.999545e+07,0.4416809,9.682689e+08,0.03398023757613619,4.835487796282008e-05,66047060.56808859,10510732.856354348,0.1591401,0.04880534693608733,0.05083873990843456,0.007208918616737874
811,0.72,0.07228927405616467,0.1239939,0.07228927,6.999545e+07,0.4416809,9.682689e+08,2.7417582606767926e-08,0.0,113971294.22751923,14718688.414563268,0.1291438,0.0842188661794361,0.07813074996888725,0.010090103004743688
812,0.72,0.07228927405616467,0.1239939,0.07228927,6.999545e+07,0.4416809,9.682689e+08,0.03266843337242766,0.00022027840328250442,69851509.99505,12486683.203947393,0.1787604,0.05161663743995818,0.053232103176131966,0.008575920157306315
813,0.72,0.07228927405616467,0.1239939,0.07228927,6.999545e+07,0.4416809,9.682689e+08,0.0,0.0,204460938.11253056,26411291.969814654,0.1291752,0.15108601251334572,0.1401641143487153,0.018105733945703407
814,0.72,0.07228927405616467,0.1239939,0.07228927,6.999545e+07,0.4416809,9.682689e+08,0.0007173711030445184,2.9788085239102875e-08,153202894.9061857,26204001.12020028,0.1710412,0.11320898119002706,0.10514259720844672,0.017963631995378853
815,0.72,0.07228927405616467,0.1239939,0.07228927,6.999545e+07,0.4416809,9.682689e+08,0.0,0.0,346956807.9915674,52112212.90793787,0.150198,0.25638305838621117,0.23784931321517266,0.03572448721218674
816,0.72,0.07228927405616467,0.1239939,0.07228927,6.999545e+07,0.4416809,9.682689e+08,0.02586797764038623,0.008434392728058914,986247.8433028609,81641.22735295861,0.08277963,0.0007287859254196788,0.004909876804938248,0.0006656836409758077
817,0.72,0.07228927405616467,0.1239939,0.07228927,6.999545e+07,0.4416809,9.682689e+08,0.0,0.0,23384905.831843384,2289475.168991212,0.09790397,0.01728023067755244,0.016031055346349105,0.0015695039959584425
818,0.72,0.07228927405616467,0.1239939,0.07228927,6.999545e+07,0.4416809,9.682689e+08,5.143175816718695e-05,0.0,245273957.55989027,35743546.76610854,0.1457291,0.1812447138469835,0.16815108281753854,0.024503274915994588
819,0.72,0.07228927405616467,0.1239939,0.07228927,6.999545e+07,0.4416809,9.682689e+08,0.0,0.0,308461880.3314469,39210160.69917359,0.1271151,0.22793730646974347,0.21145988405472818,0.026879742891748246
820,0.72,0.07228927405616467,0.1239939,0.07228927,6.999545e+07,0.4416809,9.682689e+08,4.046062559492575e-05,0.0,59496207.76190702,7416354.485099805,0.1246526,0.04396460699727758,0.04079305960503594,0.0050841337602002806
821,0.72,0.07228927405616467,0.1239939,0.07228927,6.999545e+07,0.4416809,9.682689e+08,0.0,0.0,63005153.65733705,8656759.927435987,0.1373976,0.04655753574131871,0.04319192528073484,0.005934468948248223
822,0.72,0.07228927405616467,0.1239939,0.07228927,6.999545e+07,0.4416809,9.682689e+08,5.115451015362744e-06,0.0,398332392.0764879,42205934.27378218,0.1059566,0.29434694631312003,0.2730696564819248,0.028933435659425924
823,0.72,0.07228927405616467,0.1239939,0.07228927,6.999545e+07,0.4416809,9.682689e+08,0.0012211525986751627,0.0,234550404.02446127,40166173.63454435,0.1712475,0.17332056482077857,0.16099121128099106,0.02753511847414144
824,0.72,0.07228927405616467,0.1239939,0.07228927,6.999545e+07,0.4416809,9.682689e+08,0.002004507317427104,1.6486463435473344e-08,209665167.57656625,37686769.42845786,0.1797474,0.15493166775284611,0.14405984476051176,0.025835413610262217
825,0.72,0.07228927405616467,0.1239939,0.07228927,6.999545e+07,0.4416809,9.682689e+08,9.183931315130943e-12,0.0,637094873.5488933,87801277.84718233,0.1378151,0.47078001757098153,0.4367476718621299,0.06019041319942751
826,0.72,0.07228927405616467,0.1239939,0.07228927,6.999545e+07,0.4416809,9.682689e+08,2.3280073811274025e-05,0.0,272743138.23030156,38240458.73482304,0.1402069,0.20154301147201414,0.1869774236974374,0.02621498306882012
827,0.72,0.07228927405616467,0.1239939,0.07228927,6.999545e+07,0.4416809,9.682689e+08,0.051510038740550844,0.0035830254784128684,28650507.25001071,3094358.1980234366,0.1080036,0.02117123660318143,0.02807135641665902,0.0023802897989159406
828,0.72,0.07228927405616467,0.1239939,0.07228927,6.999545e+07,0.4416809,9.682689e+08,0.0,0.0,67701383.3715501,11434292.340074113,0.168893,0.0500278055538177,0.04641133180770925,0.007838550844214122
829,0.72,0.07228927405616467,0.1239939,0.07228927,6.999545e+07,0.4416809,9.682689e+08,0.0046349367363189824,1.2025896611307248e-05,149788560.51560658,19023072.184879795,0.1269995,0.11068596543346301,0.10344315069990676,0.013041756710867493
830,0.72,0.07228927405616467,0.1239939,0.07228927,6.999545e+07,0.4416809,9.682689e+08,0.03673702376195386,0.0026152106137197666,2396596.482735301,399917.71553179616,0.166869,0.0017709603092043863,0.007655634132794292,0.0004632072828593136
831,0.72,0.07228927405616467,0.1239939,0.07228927,6.999545e+07,0.4416809,9.682689e+08,0.0,0.0,108092119.17124982,15122908.579647819,0.1399076,0.07987446120741748,0.07410039439110597,0.010367208069231772
832,0.72,0.07228927405616467,0.1239939,0.07228927,6.999545e+07,0.4416809,9.682689e+08,0.002802581342329897,0.0,207883548.22817114,32824851.4746781,0.1579002,0.15361514360084652,0.1429691107988904,0.022502421626590444
833,0.72,0.07228927405616467,0.1239939,0.07228927,6.999545e+07,0.4416809,9.682689e+08,0.0,0.0,475490748.8004644,61011701.99973955,0.1283131,0.3513629639305872,0.3259631903378226,0.041825354293320356
834,0.72,0.07228927405616467,0.1239939,0.07228927,6.999545e+07,0.4416809,9.682689e+08,0.0,0.0,125224653.01288952,15371462.803643063,0.1227511,0.0925345137645404,0.0858452609393616,0.010537599455457104
835,0.72,0.07228927405616467,0.1239939,0.07228927,6.999545e+07,0.4416809,9.682689e+08,0.0008083153871462144,2.72765533185607e-08,60729023.515380666,8603140.04869092,0.1416644,0.04487559380030915,0.04176386550566435,0.005897712882622054
836,0.72,0.07228927405616467,0.1239939,0.07228927,6.999545e+07,0.4416809,9.682689e+08,0.03671721619019122,0.0005808728869726898,73861928.55004987,8490776.180401415,0.1149547,0.05458012843035451,0.05664402395048889,0.005862672983418301
837,0.72,0.07228927405616467,0.1239939,0.07228927,6.999545e+07,0.4416809,9.682689e+08,0.0,0.0,70241045.95814037,7978774.682570961,0.1135913,0.05190448428218229,0.04815234679316372,0.005469689698650428
838,0.72,0.07228927405616467,0.1239939,0.07228927,6.999545e+07,0.4416809,9.682689e+08,0.0,0.0,182504909.7970713,20218664.566373307,0.1107842,0.1348616480971602,0.12511259745819853,0.01386050185634841
839,0.72,0.07228927405616467,0.1239939,0.07228927,6.999545e+07,0.4416809,9.682689e+08,2.1679694021604544e-09,0.0,524027598.76753336,64278765.60061778,0.1226629,0.3872291748028415,0.35923665921780473,0.04406502452258435
840,0.72,0.07228927405616467,0.1239939,0.07228927,6.999545e+07,0.4416809,9.682689e+08,3.062324474253658e-05,0.0,213212565.53805643,27677414.76893521,0.1298114,0.15755301057630777,0.14616862987832008,0.01897369915428411
841,0.72,0.07228927405616467,0.1239939,0.07228927,6.999545e+07,0.4416809,9.682689e+08,0.005051516338975672,4.319979784950816e-05,137719060.08383068,15808664.249299351,0.1147892,0.1017672315662561,0.09523732660726644,0.010840437060442298
842,0.72,0.07228927405616467,0.1239939,0.07228927,6.999545e+07,0.4416809,9.682689e+08,0.00038825039327368215,0.0,213154961.06822067,29051479.388186797,0.1362928,0.15751044386537133,0.14618767259938006,0.01991566172274941
843,0.72,0.07228927405616467,0.1239939,0.07228927,6.999545e+07,0.4416809,9.682689e+08,0.013010036367919206,4.713548103024717e-05,61420574.16556218,7892081.641967804,0.1284925,0.04538661380809877,0.04423498217810189,0.005413666405075213
844,0.72,0.07228927405616467,0.1239939,0.07228927,6.999545e+07,0.4416809,9.682689e+08,6.582134097111214e-19,2.0599935799845945e-20,137912257.3164884,16331196.81935719,0.1184173,0.10190999428553306,0.09454299477956399,0.01119552595019357
845,0.72,0.07228927405616467,0.1239939,0.07228927,6.999545e+07,0.4416809,9.682689e+08,0.0,0.0,561407652.8140792,65986267.01821158,0.1175372,0.41485109303114215,0.3848618086745144,0.045235568031557635
846,0.72,0.07228927405616467,0.1239939,0.07228927,6.999545e+07,0.4416809,9.682689e+08,0.00466080533207159,3.2183075878182344e-07,149277010.07478526,22884477.454442486,0.1533021,0.11030795623025473,0.10309670138303549,0.015688019927480763
847,0.72,0.07228927405616467,0.1239939,0.07228927,6.999545e+07,0.4416809,9.682689e+08,1.3311355438497494e-05,0.0,335821322.6022342,51983925.02273096,0.1547964,0.2481545131178284,0.23021778216096772,0.035636542013569875
848,0.72,0.07228927405616467,0.1239939,0.07228927,6.999545e+07,0.4416809,9.682689e+08,0.012530049280805337,0.0002794543407439038,71826722.91938516,8314740.017658244,0.1157611,0.05307621718833231,0.05129015092361404,0.0057202055784695465
849,0.72,0.07228927405616467,0.1239939,0.07228927,6.999545e+07,0.4416809,9.682689e+08,1.0062195829825848e-06,0.0,100149127.4152661,13777777.78686291,0.1375726,0.07400500289955494,0.06865539964991772,0.00944508050787766
850,0.72,0.07228927405616467,0.1239939,0.07228927,6.999545e+07,0.4416809,9.682689e+08,0.0,0.0,49100552.0337015,5915938.999889558,0.1204862,0.03628275741791368,0.03365990322341677,0.004055553877993902
851,0.72,0.07228927405616467,0.1239939,0.07228927,6.999545e+07,0.4416809,9.682689e+08,0.002449801232914785,0.0,253476490.18929705,41273667.238765314,0.1628304,0.18730595937841898,0.17416670295402223,0.028294338604966926
852,0.72,0.07228927405616467,0.1239939,0.07228927,6.999545e+07,0.4416809,9.682689e+08,0.0005414169269437646,2.664393150031965e-07,211426071.1341534,31749374.88045779,0.1501677,0.15623288401152327,0.14502753516377176,0.0217651693785011
853,0.72,0.07228927405616467,0.1239939,0.07228927,6.999545e+07,0.4416809,9.682689e+08,0.0,0.0,90371046.95917535,12085576.316263532,0.1337328,0.06677950936625061,0.06195206711233749,0.008285025572124535
854,0.72,0.07228927405616467,0.1239939,0.07228927,6.999545e+07,0.4416809,9.682689e+08,7.401533546599849e-08,0.0,379021800.850792,63604130.62509722,0.1678113,0.28007742248867273,0.2598308410514271,0.04360254198325225
855,0.72,0.07228927405616467,0.1239939,0.07228927,6.999545e+07,0.4416809,9.682689e+08,0.03453179864170979,0.0005047600162800087,38706824.64856258,5374812.970037056,0.1388596,0.028602332783907936,0.03218646018062378,0.0037210844661961524
856,0.72,0.07228927405616467,0.1239939,0.07228927,6.999545e+07,0.4416809,9.682689e+08,0.0,0.0,327136066.6131922,56997955.85884443,0.1742332,0.24173656009875444,0.224261599656381,0.03907381075521184
857,0.72,0.07228927405616467,0.1239939,0.07228927,6.999545e+07,0.4416809,9.682689e+08,7.431918125457519e-06,2.597537376521623e-10,260964791.35507733,43930662.57342522,0.1683394,0.192839424959087,0.17890041929061895,0.030115788732255063
858,0.72,0.07228927405616467,0.1239939,0.07228927,6.999545e+07,0.4416809,9.682689e+08,5.635402915680489e-08,0.0,372844485.47348154,42521301.1043129,0.1140457,0.27551270730634514,0.2555961029253028,0.029149629094242166
859,0.72,0.07228927405616467,0.1239939,0.07228927,6.999545e+07,0.4416809,9.682689e+08,0.0,0.0,229319950.83990684,27076405.52086074,0.1180726,0.16945553161400964,0.15720571424883142,0.018561689262568848
860,0.72,0.07228927405616467,0.1239939,0.07228927,6.999545e+07,0.4416809,9.682689e+08,0.00011896085063163219,5.373830307357595e-09,361237467.1737549,47517718.05828794,0.1315415,0.26693572371102403,0.24765860417373553,0.03257482337909075
861,0.72,0.07228927405616467,0.1239939,0.07228927,6.999545e+07,0.4416809,9.682689e+08,0.0,0.0,140567369.77119365,15661307.412707556,0.111415,0.1038719844693752,0.09636315411731085,0.01073629664086234
862,0.72,0.07228927405616467,0.1239939,0.07228927,6.999545e+07,0.4416809,9.682689e+08,0.0015592101256866379,1.828159151615045e-06,127512534.70961294,17449052.421986092,0.1368419,0.09422513949408666,0.08766886621619577,0.011961981698462864
863,0.72,0.07228927405616467,0.1239939,0.07228927,6.999545e+07,0.4416809,9.682689e+08,1.2383903074162713e-05,0.0,380582695.60155284,60058917.1228208,0.1578078,0.2812308426285905,0.2609028960281745,0.041172191641955305
864,0.72,0.07228927405616467,0.1239939,0.07228927,6.999545e+07,0.4416809,9.682689e+08,0.0005583424620455589,1.7401855177988621e-07,192777484.00552925,22638643.392050687,0.1174341,0.1424525468269173,0.1322461387282083,0.015519482608501344
865,0.72,0.07228927405616467,0.1239939,0.07228927,6.999545e+07,0.4416809,9.682689e+08,0.0017135241785370737,1.1292134552283972e-07,122799459.88054587,18565917.072453585,0.1511889,0.09074242201673238,0.08446316821365954,0.012727501969667102
866,0.72,0.07228927405616467,0.1239939,0.07228927,6.999545e+07,0.4416809,9.682689e+08,0.04801691603259964,0.0003034105720691667,30526949.643631037,6136983.741562518,0.2010349,0.022557830060006223,0.02878599972492174,0.004229020017797062
867,0.72,0.07228927405616467,0.1239939,0.07228927,6.999545e+07,0.4416809,9.682689e+08,0.025773242642448436,0.00013463100835292254,61527705.336395934,8197428.951358701,0.1332315,0.04546577817840137,0.04639735922514011,0.005629316145352981
868,0.72,0.07228927405616467,0.1239939,0.07228927,6.999545e+07,0.4416809,9.682689e+08,0.007053368026755696,1.4199483031025457e-05,68982390.26460318,7967861.465466791,0.1155057,0.05097440310570304,0.04844391499817319,0.00546323483085194
869,0.72,0.07228927405616467,0.1239939,0.07228927,6.999545e+07,0.4416809,9.682689e+08,0.0008107345718943048,3.918287955883116e-07,300181767.682862,32704095.571356393,0.1089476,0.22181873333404026,0.20591630987773327,0.022419668152808776
870,0.72,0.07228927405616467,0.1239939,0.07228927,6.999545e+07,0.4416809,9.682689e+08,0.04328327010709919,0.0016005892373201474,52010544.34256644,5342992.599665215,0.102729,0.038433090574210405,0.0427389002358097,0.0037784873454150872
871,0.72,0.07228927405616467,0.1239939,0.07228927,6.999545e+07,0.4416809,9.682689e+08,0.02040274336714155,0.00037114627378879734,34679699.227639064,4234705.896348125,0.1221091,0.02562649628743451,0.027113262812879454,0.002929847982010211
872,0.72,0.07228927405616467,0.1239939,0.07228927,6.999545e+07,0.4416809,9.682689e+08,0.0,0.0,579856317.2625504,89607177.92128983,0.1545334,0.42848369774012646,0.3975089222855916,0.061428411942983326
873,0.72,0.07228927405616467,0.1239939,0.07228927,6.999545e+07,0.4416809,9.682689e+08,0.0,0.0,89046475.4574649,12701076.703426678,0.1426342,0.06580071983153712,0.061044033562542226,0.008706969574946884
874,0.72,0.07228927405616467,0.1239939,0.07228927,6.999545e+07,0.4416809,9.682689e+08,0.0,0.0,325172955.85992235,43700977.61141758,0.134393,0.24028592322614864,0.222915828270215,0.029958332773109716
875,0.72,0.07228927405616467,0.1239939,0.07228927,6.999545e+07,0.4416809,9.682689e+08,0.0003195689294946419,0.0,156522190.08773345,26032100.675578587,0.1663157,0.11566176790794186,0.10735296605181988,0.017845786923959384
876,0.72,0.07228927405616467,0.1239939,0.07228927,6.999545e+07,0.4416809,9.682689e+08,0.002181614841291335,3.7211618459151916e-07,251856173.58044738,26463113.763922893,0.1050723,0.18610862957205027,0.17301203357342246,0.01814128624211411
877,0.72,0.07228927405616467,0.1239939,0.07228927,6.999545e+07,0.4416809,9.682689e+08,0.019687853538692707,7.954918790614208e-05,89745448.99189398,13563745.380226087,0.1511357,0.06631722496520294,0.06474548327503589,0.009304105417408481
878,0.72,0.07228927405616467,0.1239939,0.07228927,6.999545e+07,0.4416809,9.682689e+08,0.03910155825909017,0.002160485471002187,4396008.707950581,770318.9247947801,0.1752314,0.0032484220838928726,0.009413291191151462,0.0006842566868695525
879,0.72,0.07228927405616467,0.1239939,0.07228927,6.999545e+07,0.4416809,9.682689e+08,0.000272909255142616,1.8825656076213434e-07,130881437.62190405,15984557.930837145,0.1221301,0.09671458374814032,0.08976782335928686,0.0109579081892554
880,0.72,0.07228927405616467,0.1239939,0.07228927,6.999545e+07,0.4416809,9.682689e+08,0.001455392649205609,7.119914610784528e-07,174270315.35226226,22438302.042243965,0.1287557,0.1287767105495979,0.11970573762719254,0.01538218148534498
881,0.72,0.07228927405616467,0.1239939,0.07228927,6.999545e+07,0.4416809,9.682689e+08,1.5403990289357473e-05,0.0,187926889.26628578,27093395.645245045,0.1441699,0.13886820927943347,0.12883204838983492,0.01857333650315663
882,0.72,0.07228927405616467,0.1239939,0.07228927,6.999545e+07,0.4416809,9.682689e+08,0.008378348465789238,0.004200711682170212,100675.57610192499,12599.942341735574,0.1251539,7.439402113254575e-05,0.0014402882415418053,0.00031230403695562943
883,0.72,0.07228927405616467,0.1239939,0.07228927,6.999545e+07,0.4416809,9.682689e+08,0.02495132403589713,0.007110376249107243,45054.117260146624,4694.634629522723,0.1041999,3.329265231287268e-05,0.004114632873141706,0.0005172222503626663
884,0.72,0.07228927405616467,0.1239939,0.07228927,6.999545e+07,0.4416809,9.682689e+08,0.001018373387367877,4.693065962338155e-06,38270772.56075084,4863982.711234861,0.1270939,0.0282801129418013,0.026402439798475723,0.0033347455034621856
885,0.72,0.07228927405616467,0.1239939,0.07228927,6.999545e+07,0.4416809,9.682689e+08,0.00039716722795254185,2.54338936032924e-07,195538333.63136786,25944898.093008988,0.1326845,0.14449267128769494,0.13411240475653777,0.017786025320332445
886,0.72,0.07228927405616467,0.1239939,0.07228927,6.999545e+07,0.4416809,9.682689e+08,0.0,0.0,95037775.98833244,16305214.427176727,0.1715656,0.07022797970491042,0.06515125003361137,0.011177714239936076
887,0.72,0.07228927405616467,0.1239939,0.07228927,6.999545e+07,0.4416809,9.682689e+08,0.0,0.0,369454157.6272154,57256936.57088171,0.1549771,0.27300743113900505,0.253271922130028,0.03925134981216426
888,0.72,0.07228927405616467,0.1239939,0.07228927,6.999545e+07,0.4416809,9.682689e+08,0.013713238108071818,0.0013641943115703305,234192.19743059686,24389.966907338745,0.1041451,0.00017305586875500403,0.002404971525953936,0.00011533667135699628
889,0.72,0.07228927405616467,0.1239939,0.07228927,6.999545e+07,0.4416809,9.682689e+08,5.405256158783474,1.2491047444670136,233.87327543201712,24.37468326488715,0.1042218,1.728202019645011e-07,0.88467057589216,0.09029689190720896
890,0.72,0.07228927405616467,0.1239939,0.07228927,6.999545e+07,0.4416809,9.682689e+08,2.8944322145011144e-06,0.0,472745222.4874673,65195021.91623117,0.1379073,0.34933416260202776,0.32408152331202067,0.04469314574798773
891,0.72,0.07228927405616467,0.1239939,0.07228927,6.999545e+07,0.4416809,9.682689e+08,0.000313839291929242,0.0,225406824.9165712,40615231.88668358,0.1801863,0.1665639348245339,0.15457451451267704,0.027842961394080677
892,0.72,0.07228927405616467,0.1239939,0.07228927,6.999545e+07,0.4416809,9.682689e+08,0.00027307219401547634,0.0,58112704.867147446,8790562.42388066,0.1512675,0.042942270224300194,0.03988269801237402,0.006026194578507696
893,0.72,0.07228927405616467,0.1239939,0.07228927,6.999545e+07,0.4416809,9.682689e+08,0.0,0.0,73340262.33020611,8117684.643502843,0.1106852,0.05419464419191418,0.05027695270554855,0.005564916649225779
894,0.72,0.07228927405616467,0.1239939,0.07228927,6.999545e+07,0.4416809,9.682689e+08,0.0,0.0,90591698.16350459,10740265.89239782,0.1185568,0.06694255914449247,0.062103330140475234,0.007362774868269057
895,0.72,0.07228927405616467,0.1239939,0.07228927,6.999545e+07,0.4416809,9.682689e+08,0.0006764927031561566,4.106899605477054e-07,212811422.23651966,28921658.000434402,0.1359028,0.1572565865139166,0.1459993426112926,0.019826694950555817
896,0.72,0.07228927405616467,0.1239939,0.07228927,6.999545e+07,0.4416809,9.682689e+08,0.0040581649306947075,3.743029489004602e-06,205916283.61664784,23984641.4521962,0.1164776,0.15216143724276415,0.14182599135825102,0.016442462708890503
897,0.72,0.07228927405616467,0.1239939,0.07228927,6.999545e+07,0.4416809,9.682689e+08,0.0,0.0,149793337.9276728,25433506.253065936,0.1697906,0.11068949569281662,0.10268783240353992,0.017435432467699435
898,0.72,0.07228927405616467,0.1239939,0.07228927,6.999545e+07,0.4416809,9.682689e+08,0.0319668623311077,0.0029529237355644337,56754196.4699918,5851424.716470295,0.1031012,0.04193840308670946,0.04413867624626742,0.004224792112119698
899,0.72,0.07228927405616467,0.1239939,0.07228927,6.999545e+07,0.4416809,9.682689e+08,4.577859227543012e-05,0.0,43780141.14690187,4490613.96953783,0.1025719,0.03235125014205087,0.03002009427010232,0.0030784507580407317
900,0.72,0.07228927405616467,0.1239939,0.07228927,6.999545e+07,0.4416809,9.682689e+08,0.018716552456560297,0.006441281517861212,20302.85643810787,2540.3408562110576,0.1251223,1.5002756273065512e-05,0.003077229142185149,0.0004673770448772298
901,0.72,0.07228927405616467,0.1239939,0.07228927,6.999545e+07,0.4416809,9.682689e+08,0.0,0.0,417211681.69411284,49752304.52313818,0.1192495,0.30829776065322473,0.28601113934246186,0.034106699131230635
902,0.72,0.07228927405616467,0.1239939,0.07228927,6.999545e+07,0.4416809,9.682689e+08,6.715238562989009e-05,0.0,286378489.3131252,37010783.448972024,0.1292373,0.21161882763201592,0.19633204693918857,0.025372003725338137
903,0.72,0.07228927405616467,0.1239939,0.07228927,6.999545e+07,0.4416809,9.682689e+08,0.0002211867359672118,0.0,77678026.00923486,13613909.046080645,0.1752607,0.05740002622497993,0.053286821309812875,0.009332743564042725
904,0.72,0.07228927405616467,0.1239939,0.07228927,6.999545e+07,0.4416809,9.682689e+08,0.01538678540923726,0.009372302721515876,41009.52963216537,5132.084273735532,0.1251437,3.0303912152460356e-05,0.002546446057891334,0.0006810351578920323
905,0.72,0.07228927405616467,0.1239939,0.07228927,6.999545e+07,0.4416809,9.682689e+08,0.0,0.0,624071038.0007395,84821492.65818022,0.1359164,0.46115607962584143,0.4278194414031024,0.05814768095031678
906,0.72,0.07228927405616467,0.1239939,0.07228927,6.999545e+07,0.4416809,9.682689e+08,0.0,0.0,113588234.36701764,16180007.982729485,0.1424444,0.08393580484062306,0.07786814644137449,0.011091881461515386
907,0.72,0.07228927405616467,0.1239939,0.07228927,6.999545e+07,0.4416809,9.682689e+08,0.0,0.0,185262101.39350873,27437495.81465789,0.148101,0.13689906946422722,0.12700273511369375,0.018809227504822917
908,0.72,0.07228927405616467,0.1239939,0.07228927,6.999545e+07,0.4416809,9.682689e+08,4.976294846274197e-09,0.0,462289834.66686815,54212176.055437386,0.1172688,0.3416081741091768,0.3169135680056354,0.037164075025151844
909,0.72,0.07228927405616467,0.1239939,0.07228927,6.999545e+07,0.4416809,9.682689e+08,4.2422457555203876e-08,0.0,240030156.84765026,33572157.70953969,0.1398664,0.1773698175105941,0.16454788910650078,0.023014722496984566
910,0.72,0.07228927405616467,0.1239939,0.07228927,6.999545e+07,0.4416809,9.682689e+08,0.053149457360925224,0.012905375714386082,298463.0214524473,37351.35122850762,0.1251457,0.00022054866915027533,0.008903499766025726,0.0009585257149826706
911,0.72,0.07228927405616467,0.1239939,0.07228927,6.999545e+07,0.4416809,9.682689e+08,0.06187076753344789,0.0008520134628734031,26280914.440487124,4389597.104822193,0.167026,0.019420230605770947,0.028142654787360163,0.0030707920978113898
912,0.72,0.07228927405616467,0.1239939,0.07228927,6.999545e+07,0.4416809,9.682689e+08,0.0,0.0,607538832.5164702,73589868.05390383,0.1211278,0.44893963854067537,0.4164861179755329,0.050448064926403205
913,0.72,0.07228927405616467,0.1239939,0.07228927,6.999545e+07,0.4416809,9.682689e+08,0.003556973614729493,2.1376185340362907e-07,159699947.8417334,29223429.163142998,0.1829896,0.11800996581908013,0.1100612757578481,0.02003355391092504
914,0.72,0.07228927405616467,0.1239939,0.07228927,6.999545e+07,0.4416809,9.682689e+08,2.2979619365681628e-05,0.0,382884456.0013465,69462059.47186598,0.1814178,0.2829317239987745,0.26248255610433013,0.047618328158865096
915,0.72,0.07228927405616467,0.1239939,0.07228927,6.999545e+07,0.4416809,9.682689e+08,0.026850456612496725,0.001553237931854352,3424444.0783838597,386671.855247745,0.1129152,0.0025304862907026254,0.006742134463461714,0.00037735761353697647
916,0.72,0.07228927405616467,0.1239939,0.07228927,6.999545e+07,0.4416809,9.682689e+08,0.0,0.0,443684303.1718119,64037965.27555757,0.1443323,0.3278596528012466,0.3041589165079383,0.04389994866697827
917,0.72,0.07228927405616467,0.1239939,0.07228927,6.999545e+07,0.4416809,9.682689e+08,0.0,0.0,41762202.32105683,7611475.924452008,0.1822575,0.030860098171863828,0.028629244077717813,0.005217895367623777
918,0.72,0.07228927405616467,0.1239939,0.07228927,6.999545e+07,0.4416809,9.682689e+08,0.0,0.0,190010328.82698384,25508995.068877507,0.1342506,0.14040776289023213,0.13025778763904713,0.01748718231835129
919,0.72,0.07228927405616467,0.1239939,0.07228927,6.999545e+07,0.4416809,9.682689e+08,0.002347830621890409,3.0458212791493395e-07,198633929.3431979,29245315.155967437,0.1472322,0.14678015571758835,0.1365537908387478,0.02004856398171456
920,0.72,0.07228927405616467,0.1239939,0.07228927,6.999545e+07,0.4416809,9.682689e+08,0.0030936221811201825,7.987730876467281e-05,98011848.13314821,10213275.366996903,0.1042045,0.07242566453133885,0.06769639446318933,0.007007281306867376
921,0.72,0.07228927405616467,0.1239939,0.07228927,6.999545e+07,0.4416809,9.682689e+08,0.007696317772563818,6.447718463360443e-05,30746876.981392067,4003057.060408037,0.1301939,0.022720344938455532,0.022337552834940804,0.002748876861243364
922,0.72,0.07228927405616467,0.1239939,0.07228927,6.999545e+07,0.4416809,9.682689e+08,0.0008208576922745649,0.0,12335430.39866305,2627305.7523142216,0.2129886,0.00911524229896748,0.008590656635190166,0.0018010970080442929
923,0.72,0.07228927405616467,0.1239939,0.07228927,6.999545e+07,0.4416809,9.682689e+08,0.0,0.0,87236916.72055154,10435111.21119804,0.1196181,0.06446354992273795,0.059803526695739885,0.007153582168555476
924,0.72,0.07228927405616467,0.1239939,0.07228927,6.999545e+07,0.4416809,9.682689e+08,0.0,0.0,123654977.07368472,15302577.586451882,0.1237522,0.09137460478250263,0.08476920093560655,0.01049037657000792
925,0.72,0.07228927405616467,0.1239939,0.07228927,6.999545e+07,0.4416809,9.682689e+08,0.00434233606574941,2.5798536669491283e-05,14864969.538165519,2150162.4241852215,0.1446463,0.010984440325798043,0.01090108693829455,0.0014758658824267576
926,0.72,0.07228927405616467,0.1239939,0.07228927,6.999545e+07,0.4416809,9.682689e+08,0.005510688537315927,4.5843775017581525e-05,143409261.18400356,15403767.205979222,0.1074112,0.10597199460099777,0.09921328242065489,0.010563059106782832
927,0.72,0.07228927405616467,0.1239939,0.07228927,6.999545e+07,0.4416809,9.682689e+08,0.07829741804494834,0.0027706580555672176,42215091.56132265,5455180.027938364,0.1292235,0.031194759795025815,0.041754537811908875,0.003939978622670764
928,0.72,0.07228927405616467,0.1239939,0.07228927,6.999545e+07,0.4416809,9.682689e+08,0.0,0.0,313364310.35721546,41476244.905735284,0.1323579,0.2315599476013782,0.214820647088791,0.028433211680380713
929,0.72,0.07228927405616467,0.1239939,0.07228927,6.999545e+07,0.4416809,9.682689e+08,0.0,0.0,374824736.72137684,59247171.65389071,0.1580663,0.27697601011411377,0.2569536154119916,0.04061571574108396
930,0.72,0.07228927405616467,0.1239939,0.07228927,6.999545e+07,0.4416809,9.682689e+08,0.0,0.0,331381052.482616,36978656.52168429,0.1115895,0.24487338414987833,0.2271716649740073,0.025349979751704832
931,0.72,0.07228927405616467,0.1239939,0.07228927,6.999545e+07,0.4416809,9.682689e+08,2.303042803165402e-07,0.0,136042509.68289793,19212633.15533175,0.1412252,0.10052834790861011,0.09326126430979778,0.01317083710650744
932,0.72,0.07228927405616467,0.1239939,0.07228927,6.999545e+07,0.4416809,9.682689e+08,0.0,0.0,158518766.01148707,18717929.800881866,0.1180802,0.11713713380318225,0.10866937543553036,0.012831703097919239
933,0.72,0.07228927405616467,0.1239939,0.07228927,6.999545e+07,0.4416809,9.682689e+08,0.0022337795319177295,0.0,195421409.59123912,31546670.769784596,0.1614289,0.14440627049567528,0.13433284548016874,0.02162619036142618
934,0.72,0.07228927405616467,0.1239939,0.07228927,6.999545e+07,0.4416809,9.682689e+08,6.256505287516697e-06,0.0,225587174.9565152,33753038.12183981,0.149623,0.16669720413574468,0.154647808254702,0.023138721452614527
935,0.72,0.07228927405616467,0.1239939,0.07228927,6.999545e+07,0.4416809,9.682689e+08,0.0,0.0,232072376.49321115,38130331.013582245,0.1643036,0.17148943119666885,0.15909258470715706,0.02613948720806816
936,0.72,0.07228927405616467,0.1239939,0.07228927,6.999545e+07,0.4416809,9.682689e+08,0.042759226440076736,0.00016166433544543494,70729084.88010998,11150673.608857391,0.1576533,0.052265119694268274,0.055485252547100704,0.007655808282526674
937,0.72,0.07228927405616467,0.1239939,0.07228927,6.999545e+07,0.4416809,9.682689e+08,0.01370090231965042,5.0988233390848396e-05,112405703.11777057,14327615.310104152,0.1274634,0.08306197567417938,0.07929989251079143,0.009825696547582068
938,0.72,0.07228927405616467,0.1239939,0.07228927,6.999545e+07,0.4416809,9.682689e+08,0.0,0.0,412037602.0862225,53501814.161165245,0.1298469,0.30447438459127735,0.28246415236047634,0.03667710060990715
939,0.72,0.07228927405616467,0.1239939,0.07228927,6.999545e+07,0.4416809,9.682689e+08,3.488682411184938e-05,0.0,379500677.72084725,63811709.91948186,0.1681465,0.28043128762031805,0.26016482329138213,0.04374484382448972
940,0.72,0.07228927405616467,0.1239939,0.07228927,6.999545e+07,0.4416809,9.682689e+08,0.03577349128254633,0.0001990817100378539,47228133.01407396,7885906.632719092,0.1669748,0.034899137025474834,0.0382312990436377,0.0054204173333506425
941,0.72,0.07228927405616467,0.1239939,0.07228927,6.999545e+07,0.4416809,9.682689e+08,5.8675647249820373e-05,0.0,230155903.2909271,39121269.814948976,0.1699773,0.1700732570516475,0.15778838812087978,0.026818805520649223
942,0.72,0.07228927405616467,0.1239939,0.07228927,6.999545e+07,0.4416809,9.682689e+08,1.4754511211859999e-05,0.0,259841633.71472272,41927438.01698426,0.1613577,0.1920094698054445,0.17813165947069493,0.028742518110363185
943,0.72,0.07228927405616467,0.1239939,0.07228927,6.999545e+07,0.4416809,9.682689e+08,0.00019436238318608717,2.5425836318948635e-07,162787954.6659072,23329999.724153113,0.1433153,0.12029184245520141,0.11162784349786434,0.015993433940497556
944,0.72,0.07228927405616467,0.1239939,0.07228927,6.999545e+07,0.4416809,9.682689e+08,0.0005197006106318448,0.0,64614882.309510484,8187273.495525449,0.1267088,0.04774704159769658,0.04438050126549965,0.0056126218974865685
945,0.72,0.07228927405616467,0.1239939,0.07228927,6.999545e+07,0.4416809,9.682689e+08,0.0,0.0,223960673.59588304,36839970.466594785,0.164493,0.16549530411907648,0.15353176872460422,0.025254906295309756
946,0.72,0.07228927405616467,0.1239939,0.07228927,6.999545e+07,0.4416809,9.682689e+08,0.014148308589138158,0.000502902596773176,88625.15983267497,9234.72778778204,0.1041998,6.548938947011598e-05,0.0023763883023565848,4.268514691828808e-05
947,0.72,0.07228927405616467,0.1239939,0.07228927,6.999545e+07,0.4416809,9.682689e+08,0.014951627062105694,5.889016300324917e-06,107164966.07994376,16874734.758526597,0.157465,0.07918934323403834,0.07591191415831629,0.01156856324613587
948,0.72,0.07228927405616467,0.1239939,0.07228927,6.999545e+07,0.4416809,9.682689e+08,0.0,0.0,153350178.36845654,18914997.81229918,0.1233451,0.11331781601798534,0.10512615336041513,0.012966799138961406
949,0.72,0.07228927405616467,0.1239939,0.07228927,6.999545e+07,0.4416809,9.682689e+08,7.056550315984106e-05,0.0,221780324.04350695,26839833.513756182,0.1210199,0.16388413905843074,0.15204862296986799,0.01839951204592486
950,0.72,0.07228927405616467,0.1239939,0.07228927,6.999545e+07,0.4416809,9.682689e+08,0.008103928915953967,1.604895629426308e-05,32315151.45760999,4215510.021329207,0.13045,0.023879218312145192,0.023479365216842647,0.002891018905808599
951,0.72,0.07228927405616467,0.1239939,0.07228927,6.999545e+07,0.4416809,9.682689e+08,0.0,0.0,29511886.903979205,3547268.6956032324,0.120198,0.021807751422978444,0.020231284903814036,0.002431759238053102
952,0.72,0.07228927405616467,0.1239939,0.07228927,6.999545e+07,0.4416809,9.682689e+08,0.0,0.0,261125471.2318256,45126986.043719016,0.1728173,0.19295815904146546,0.1790093538011439,0.030935904385626354
953,0.72,0.07228927405616467,0.1239939,0.07228927,6.999545e+07,0.4416809,9.682689e+08,0.012083114153204013,1.041538401301332e-06,112425598.14225622,27173981.587764192,0.2417064,0.08307667706382446,0.07904875011092286,0.01862865587932085
954,0.72,0.07228927405616467,0.1239939,0.07228927,6.999545e+07,0.4416809,9.682689e+08,1.2379259828132432e-08,0.0,459208098.69105786,55120434.58870338,0.1200337,0.3393309313042561,0.3148009466415645,0.03778671353053141
955,0.72,0.07228927405616467,0.1239939,0.07228927,6.999545e+07,0.4416809,9.682689e+08,0.0,0.0,165914367.98933938,19477505.077501446,0.1173949,0.12260209949924368,0.11373928272868167,0.01335241476495643
956,0.72,0.07228927405616467,0.1239939,0.07228927,6.999545e+07,0.4416809,9.682689e+08,1.3312354219804397e-05,0.0,319777137.40307987,56412841.791708164,0.176413,0.23629869367308085,0.21921901146069103,0.03867269748746389
957,0.72,0.07228927405616467,0.1239939,0.07228927,6.999545e+07,0.4416809,9.682689e+08,0.001353213169596754,8.25414807291717e-07,197459254.21923175,27174962.84468606,0.1376231,0.14591213181963975,0.13558572816613113,0.018629312936996507
958,0.72,0.07228927405616467,0.1239939,0.07228927,6.999545e+07,0.4416809,9.682689e+08,0.0,0.0,66130285.66198016,7640022.234485892,0.1155299,0.04886684595733415,0.04533429713766403,0.005237464720580678
959,0.72,0.07228927405616467,0.1239939,0.07228927,6.999545e+07,0.4416809,9.682689e+08,3.9473577340695177e-26,0.0,95519537.23418795,12031724.53696016,0.1259609,0.07058397624044285,0.06548151183802364,0.008248108559897948
960,0.72,0.07228927405616467,0.1239939,0.07228927,6.999545e+07,0.4416809,9.682689e+08,0.0,0.0,111959989.30612059,16249038.146085387,0.1451325,0.08273261632003587,0.07675193554549327,0.01113920371191415
961,0.72,0.07228927405616467,0.1239939,0.07228927,6.999545e+07,0.4416809,9.682689e+08,3.814584741158559e-05,0.0,13022991.322927045,2710164.6265217275,0.2081062,0.009623314106550911,0.008933894991150743,0.0018578992550966598
962,0.72,0.07228927405616467,0.1239939,0.07228927,6.999545e+07,0.4416809,9.682689e+08,4.027605342474116e-07,0.0,325388287.0585681,54018820.403010055,0.1660134,0.24044504179653883,0.2230635101938938,0.037031523917703243
963,0.72,0.07228927405616467,0.1239939,0.07228927,6.999545e+07,0.4416809,9.682689e+08,0.028071185483341716,0.00033251237764877806,86263061.7666956,11324647.238016466,0.1312804,0.0637439216988692,0.06373028998268117,0.007787422911803279
964,0.72,0.07228927405616467,0.1239939,0.07228927,6.999545e+07,0.4416809,9.682689e+08,1.001696811327581e-06,0.0,221858211.49368286,27579108.853472717,0.1243096,0.1639416938382363,0.15209063174939272,0.018906307496477787
965,0.72,0.07228927405616467,0.1239939,0.07228927,6.999545e+07,0.4416809,9.682689e+08,0.0,0.0,182315944.26112035,28109625.893007893,0.1541808,0.13472201238193346,0.12498305590745783,0.019269992861906483
966,0.72,0.07228927405616467,0.1239939,0.07228927,6.999545e+07,0.4416809,9.682689e+08,3.546420877474129e-06,0.0,20003873.29461884,2571329.6610954436,0.1285416,0.014781823260748015,0.013713836425550071,0.001762723716192992
967,0.72,0.07228927405616467,0.1239939,0.07228927,6.999545e+07,0.4416809,9.682689e+08,0.0,0.0,131897897.94823243,14184550.331923272,0.1075419,0.09746569512912423,0.09041997078286038,0.009723935305503497
968,0.72,0.07228927405616467,0.1239939,0.07228927,6.999545e+07,0.4416809,9.682689e+08,0.018373180575956514,8.68913057445228e-05,88317223.26524858,13132676.062779749,0.1486989,0.06526184034259563,0.06355122102854077,0.00900912520889281
969,0.72,0.07228927405616467,0.1239939,0.07228927,6.999545e+07,0.4416809,9.682689e+08,0.0010437986268641054,2.8149174979935485e-07,199759807.47000983,39814829.69336935,0.1993135,0.14761212116940675,0.13711218509162007,0.027294281998189538
970,0.72,0.07228927405616467,0.1239939,0.07228927,6.999545e+07,0.4416809,9.682689e+08,0.0,0.0,271116070.51175123,40660425.546138406,0.1499742,0.20034069294626397,0.18585820968926955,0.027873943005092244
971,0.72,0.07228927405616467,0.1239939,0.07228927,6.999545e+07,0.4416809,9.682689e+08,0.0003297702092400168,1.0736464913784039e-08,294469073.18214357,42494851.50835884,0.1443101,0.21759734884471824,0.2019213674708052,0.02913149787789601
972,0.72,0.07228927405616467,0.1239939,0.07228927,6.999545e+07,0.4416809,9.682689e+08,0.001487365230616376,4.483772887832587e-06,34720204.17262459,4932936.231236296,0.1420768,0.02565642733774382,0.024045177735096724,0.003382000082894949
973,0.72,0.07228927405616467,0.1239939,0.07228927,6.999545e+07,0.4416809,9.682689e+08,0.0,0.0,262605496.77125472,31944186.071514513,0.1216432,0.19405182103497148,0.1800239557630766,0.021898699040694643
974,0.72,0.07228927405616467,0.1239939,0.07228927,6.999545e+07,0.4416809,9.682689e+08,0.0,0.0,215923137.46281284,35420719.533271536,0.1640432,0.15955598242766786,0.14802179628665355,0.024281967151313682
975,0.72,0.07228927405616467,0.1239939,0.07228927,6.999545e+07,0.4416809,9.682689e+08,2.4622162980187494e-05,0.0,335535992.0778693,47154918.901444644,0.1405361,0.24794366868185644,0.23002403073963396,0.03232611327142013
976,0.72,0.07228927405616467,0.1239939,0.07228927,6.999545e+07,0.4416809,9.682689e+08,7.011617615949964e-07,0.0,408126034.7515384,53602504.142977946,0.1313381,0.30158393951785395,0.27978277022123593,0.03674612661680533
977,0.72,0.07228927405616467,0.1239939,0.07228927,6.999545e+07,0.4416809,9.682689e+08,1.038311305695883e-09,0.0,486546313.9436615,62875171.41377592,0.1292275,0.3595324522885437,0.33354211248291105,0.043102818548573715
978,0.72,0.07228927405616467,0.1239939,0.07228927,6.999545e+07,0.4416809,9.682689e+08,0.0,0.0,43081081.15143274,5759953.702137115,0.1337003,0.03183468111816769,0.02953337513032585,0.0039486212711462385
979,0.72,0.07228927405616467,0.1239939,0.07228927,6.999545e+07,0.4416809,9.682689e+08,6.388837798017432e-06,0.0,168392319.42386585,23805913.367590122,0.1413717,0.12443317689182748,0.11543903851760713,0.01631966865765847
980,0.72,0.07228927405616467,0.1239939,0.07228927,6.999545e+07,0.4416809,9.682689e+08,0.0,0.0,150193473.27258307,19709386.45776829,0.1312267,0.11098517492761927,0.10296213720110521,0.013511376416013573
981,0.72,0.07228927405616467,0.1239939,0.07228927,6.999545e+07,0.4416809,9.682689e+08,0.005570107114718039,0.0009912895012586017,9272.01982481712,848.6552912632778,0.09152863,6.851541014182871e-06,0.0009180075798962588,7.224137711820114e-05
982,0.72,0.07228927405616467,0.1239939,0.07228927,6.999545e+07,0.4416809,9.682689e+08,1.571064992558735e-06,0.0,259027831.5524904,27973600.945748113,0.1079946,0.1914081122806211,0.17757161592931694,0.019176743674858814
983,0.72,0.07228927405616467,0.1239939,0.07228927,6.999545e+07,0.4416809,9.682689e+08,0.0,0.0,274961935.25782776,35946994.002519116,0.1307344,0.2031825872196364,0.1884946654886755,0.024642744107378652
984,0.72,0.07228927405616467,0.1239939,0.07228927,6.999545e+07,0.4416809,9.682689e+08,0.0003768608786211769,0.0,187640642.04083672,28207252.108938254,0.1503259,0.1386566874489785,0.12869497644225866,0.019336918565267803
985,0.72,0.07228927405616467,0.1239939,0.07228927,6.999545e+07,0.4416809,9.682689e+08,0.0,0.0,48615194.32755868,6504158.72611489,0.1337886,0.03592410328504756,0.03332717593745278,0.004458796168330261
986,0.72,0.07228927405616467,0.1239939,0.07228927,6.999545e+07,0.4416809,9.682689e+08,0.0040562573044759485,4.934757459692824e-06,123077632.61848888,18466657.592285007,0.1500407,0.09094797722035076,0.08503729570491468,0.012659805181645407
987,0.72,0.07228927405616467,0.1239939,0.07228927,6.999545e+07,0.4416809,9.682689e+08,0.013556668150456827,0.0001673991387889837,35378529.717639044,5008591.42463038,0.1415715,0.026142895718697677,0.02647184492849956,0.003445641023910594
988,0.72,0.07228927405616467,0.1239939,0.07228927,6.999545e+07,0.4416809,9.682689e+08,0.001070567497155845,0.0,166168417.6695628,19620656.621719528,0.1180769,0.12278982901628287,0.11408865964073077,0.013450549448276408
989,0.72,0.07228927405616467,0.1239939,0.07228927,6.999545e+07,0.4416809,9.682689e+08,0.010926644670766338,0.00023093022544513713,19685787.76942426,2506501.778316959,0.1273254,0.014546774580625983,0.01528354685084052,0.0017349760337065263
990,0.72,0.07228927405616467,0.1239939,0.07228927,6.999545e+07,0.4416809,9.682689e+08,0.0028534116515187735,1.5954597987801441e-06,176244937.22541332,20588861.10707783,0.1168196,0.13023585354184922,0.12128821196899763,0.014114398039007091
991,0.72,0.07228927405616467,0.1239939,0.07228927,6.999545e+07,0.4416809,9.682689e+08,5.641868837076323e-10,0.0,545220932.9801445,64221393.41676887,0.1177897,0.4028899478952733,0.3737653261297376,0.04402569416730148
992,0.72,0.07228927405616467,0.1239939,0.07228927,6.999545e+07,0.4416809,9.682689e+08,0.028551414598018,0.0011870171446603584,71472919.09649785,7003419.121395583,0.09798703,0.05281477454160728,0.05366980134035441,0.004886862772964848
993,0.72,0.07228927405616467,0.1239939,0.07228927,6.999545e+07,0.4416809,9.682689e+08,0.0,0.0,360908095.17560136,61008163.721792415,0.1690407,0.2666923349136628,0.24741333962641052,0.04182292869751043
994,0.72,0.07228927405616467,0.1239939,0.07228927,6.999545e+07,0.4416809,9.682689e+08,0.033140830319962164,0.0006621669831134105,60275501.49830886,7991757.327865764,0.1325872,0.044540464587957226,0.046744778244174674,0.005526457262465301
995,0.72,0.07228927405616467,0.1239939,0.07228927,6.999545e+07,0.4416809,9.682689e+08,0.011966139827438965,1.546859454907932e-05,123087521.0817676,21497820.08892746,0.1746547,0.09095528428105615,0.08633867351404508,0.01473851960176969
996,0.72,0.07228927405616467,0.1239939,0.07228927,6.999545e+07,0.4416809,9.682689e+08,0.0,0.0,31953450.826242752,3285745.1230553105,0.1028291,0.023611940334154317,0.021905050308340824,0.0022524769738422397
997,0.72,0.07228927405616467,0.1239939,0.07228927,6.999545e+07,0.4416809,9.682689e+08,0.024457009858538697,3.3196804553003374e-05,78663106.20213893,12732627.720151987,0.1618628,0.05812794931740867,0.057928765298764215,0.008730998517493479
998,0.72,0.07228927405616467,0.1239939,0.07228927,6.999545e+07,0.4416809,9.682689e+08,0.0012051585144956622,1.0232520553927154e-05,120566380.48483087,13624056.433279987,0.1130005,0.08909229234091821,0.08284912174520442,0.009340439604241565
999,0.72,0.07228927405616467,0.1239939,0.07228927,6.999545e+07,0.4416809,9.682689e+08,0.003271956016116376,8.676609147626795e-06,89838278.54866943,12457825.772038506,0.1386695,0.06638582118561578,0.06212235464779485,0.008540840980872124
1000,0.72,0.07228927405616467,0.1239939,0.07228927,6.999545e+07,0.4416809,9.682689e+08,0.020692755998944583,7.848986813252648e-05,84352512.74729273,13055765.105401322,0.1547762,0.06233212521726451,0.06121293441932833,0.008955793103654845
1001,0.72,0.07228927405616467,0.1239939,0.07228927,6.999545e+07,0.4416809,9.682689e+08,0.0013614587617739866,0.0,4587358.3987389915,433030.361823701,0.09439645,0.003389819565699256,0.003367599945915509,0.0002968553197076574
1002,0.72,0.07228927405616467,0.1239939,0.07228927,6.999545e+07,0.4416809,9.682689e+08,0.0022277943700670156,0.0,94848119.20262256,12221377.619589668,0.1288521,0.07008783319201889,0.06538585447544536,0.008378121444538231
1003,0.72,0.07228927405616467,0.1239939,0.07228927,6.999545e+07,0.4416809,9.682689e+08,9.327511687333233e-05,0.0,212216084.97556567,29875458.82938029,0.1407785,0.15681666320294826,0.1454957666628416,0.020480524379071913
1004,0.72,0.07228927405616467,0.1239939,0.07228927,6.999545e+07,0.4416809,9.682689e+08,5.3356988236649794e-09,0.0,452049838.00438786,68738384.10606895,0.1520593,0.3340413484936521,0.30989374277958964,0.04712222695900121
1005,0.72,0.07228927405616467,0.1239939,0.07228927,6.999545e+07,0.4416809,9.682689e+08,0.0,0.0,52150135.453142345,9439322.699549517,0.1810028,0.038536241153846386,0.03575048425598153,0.006470939233908358
1006,0.72,0.07228927405616467,0.1239939,0.07228927,6.999545e+07,0.4416809,9.682689e+08,0.012952787567757012,0.00014195593976231097,75169313.89543469,8309525.560149939,0.1105441,0.05554621828828062,0.053650786397838275,0.005706691251633177
1007,0.72,0.07228927405616467,0.1239939,0.07228927,6.999545e+07,0.4416809,9.682689e+08,0.0010994816619279415,0.0,147797645.95352173,19267814.739455454,0.1303662,0.10921478299041562,0.1014996761766558,0.013208665739880927
1008,0.72,0.07228927405616467,0.1239939,0.07228927,6.999545e+07,0.4416809,9.682689e+08,0.0002541147705410056,4.972274975447886e-06,1407314.4875157834,210601.0031550215,0.1496474,0.0010399323031277407,0.0010063469468457125,0.00014473275550923694
1009,0.72,0.07228927405616467,0.1239939,0.07228927,6.999545e+07,0.4416809,9.682689e+08,0.006564859010449527,7.24161841889616e-06,135740409.1000769,18324885.938756455,0.1349995,0.10030511127056209,0.09412858852077466,0.012562783216144154
1010,0.72,0.07228927405616467,0.1239939,0.07228927,6.999545e+07,0.4416809,9.682689e+08,6.498542263578592e-05,1.7010977221535486e-09,281172392.5052051,42321672.949542984,0.1505186,0.20777179252238437,0.1927627565412187,0.0290127781210054
1011,0.72,0.07228927405616467,0.1239939,0.07228927,6.999545e+07,0.4416809,9.682689e+08,0.0009026842703474875,1.764767898370038e-17,278279975.5519139,38883717.986077935,0.1397288,0.20563444664090236,0.19091702279419823,0.026655956606753985
1012,0.72,0.07228927405616467,0.1239939,0.07228927,6.999545e+07,0.4416809,9.682689e+08,1.5264892501996488e-08,0.0,445333648.5470475,58108051.9699957,0.1304821,0.3290784333580713,0.3052895948014591,0.03983481498270802
1013,0.72,0.07228927405616467,0.1239939,0.07228927,6.999545e+07,0.4416809,9.682689e+08,0.02226951330916688,0.0003912222113228296,44151583.79282539,6140029.743078362,0.139067,0.03262572696274854,0.03391205570560921,0.004237455982982453
1014,0.72,0.07228927405616467,0.1239939,0.07228927,6.999545e+07,0.4416809,9.682689e+08,0.0033943434447640413,1.4563193064977282e-05,21021390.2650924,2910137.419498094,0.138437,0.015533715446867687,0.014966341689607775,0.0019960393738013738
1015,0.72,0.07228927405616467,0.1239939,0.07228927,6.999545e+07,0.4416809,9.682689e+08,0.027127899925108577,3.5713270403532114e-05,86637920.00168943,14294505.676523294,0.1649913,0.06402092246246657,0.06383288038650854,0.009801894683282273
1016,0.72,0.07228927405616467,0.1239939,0.07228927,6.999545e+07,0.4416809,9.682689e+08,0.0,0.0,23603443.612077877,3582504.2199886544,0.1517789,0.017441718745170396,0.016180869558790223,0.0024559142483679673
1017,0.72,0.07228927405616467,0.1239939,0.07228927,6.999545e+07,0.4416809,9.682689e+08,0.0,0.0,131171794.14853232,21311356.76063339,0.162469,0.09692914213870853,0.08992220481861447,0.014609575176064498
1018,0.72,0.07228927405616467,0.1239939,0.07228927,6.999545e+07,0.4416809,9.682689e+08,0.0,0.0,33355778.30405009,4856025.070278521,0.1455827,0.02464818749615843,0.022866387915260893,0.0033289510432361327
1019,0.72,0.07228927405616467,0.1239939,0.07228927,6.999545e+07,0.4416809,9.682689e+08,0.0010076278247528744,2.399984543770967e-06,55308156.12780743,6227866.435471507,0.112603,0.04086985438860153,0.038080319264924195,0.004269562997406104
1020,0.72,0.07228927405616467,0.1239939,0.07228927,6.999545e+07,0.4416809,9.682689e+08,1.0929572901310742e-07,0.0,296046821.5703849,38742889.20385928,0.1308674,0.21876322294726955,0.20294900625849754,0.026559414246552046
1021,0.72,0.07228927405616467,0.1239939,0.07228927,6.999545e+07,0.4416809,9.682689e+08,2.0071963100736254e-06,1.2980989927204236e-15,407960284.7862984,61502512.641840026,0.1507561,0.30146145890344656,0.2796693573983054,0.04216181973067003
1022,0.72,0.07228927405616467,0.1239939,0.07228927,6.999545e+07,0.4416809,9.682689e+08,0.04093228764674721,4.2120353072372015e-05,64857679.55457571,12933797.830252387,0.1994181,0.04792645614966318,0.05116121542481063,0.00886955174723969
1023,0.72,0.07228927405616467,0.1239939,0.07228927,6.999545e+07,0.4416809,9.682689e+08,0.0,0.0,425844306.4601918,59931079.97718805,0.1407347,0.3146768219324652,0.29192906291266624,0.04108455543885513
1024,0.72,0.07228927405616467,0.1239939,0.07228927,6.999545e+07,0.4416809,9.682689e+08,0.01054650544085741,0.002435949550900377,6301522.399762767,707904.5799458032,0.1123387,0.004656497719968826,0.0060460140896672725,0.0006613828771371137
1025,0.72,0.07228927405616467,0.1239939,0.07228927,6.999545e+07,0.4416809,9.682689e+08,0.0010888158306678708,0.0,89096429.53255238,12326701.033663956,0.1383524,0.06583763329815541,0.06125648348518183,0.008450323808423409
1026,0.72,0.07228927405616467,0.1239939,0.07228927,6.999545e+07,0.4416809,9.682689e+08,3.069345048835661e-06,6.9894705992818e-11,352970842.3574495,38405806.12158881,0.1088073,0.26082711738274805,0.24197261676822804,0.026328333673942602
1027,0.72,0.07228927405616467,0.1239939,0.07228927,6.999545e+07,0.4416809,9.682689e+08,0.0007473304564408999,0.0,135167417.27046135,19102534.648068566,0.141325,0.09988170007261633,0.09278363897196165,0.013095361272814618
1028,0.72,0.07228927405616467,0.1239939,0.07228927,6.999545e+07,0.4416809,9.682689e+08,0.0004235141957567971,0.0,218709267.8195973,27320005.91873048,0.1249147,0.1616147880354034,0.15000108828415815,0.018728684652189992
1029,0.72,0.07228927405616467,0.1239939,0.07228927,6.999545e+07,0.4416809,9.682689e+08,0.0012045813882495325,0.0,202449443.8680894,26919966.860441085,0.1329713,0.14959962275405148,0.13898232671028232,0.01845444586199542
1030,0.72,0.07228927405616467,0.1239939,0.07228927,6.999545e+07,0.4416809,9.682689e+08,0.09170195046341766,0.02612115508744021,56630.064461623806,7086.579339404843,0.1251381,4.1846675980579914e-05,0.015047546495977433,0.0018931374017721102
1031,0.72,0.07228927405616467,0.1239939,0.07228927,6.999545e+07,0.4416809,9.682689e+08,0.0,0.0,340952663.97791165,46498326.84032074,0.1363777,0.2519463078462139,0.2337332921508801,0.03187599969185132
1032,0.72,0.07228927405616467,0.1239939,0.07228927,6.999545e+07,0.4416809,9.682689e+08,0.0007830453081426529,2.8953496240129694e-09,218541545.3783492,26864177.271692257,0.1229248,0.16149084986368656,0.1499449534472619,0.018416200632491858
1033,0.72,0.07228927405616467,0.1239939,0.07228927,6.999545e+07,0.4416809,9.682689e+08,5.911831412242384e-06,0.0,22416957.494409766,2686721.113333681,0.1198522,0.016564967136399756,0.015368465268195863,0.001841828022647279
1034,0.72,0.07228927405616467,0.1239939,0.07228927,6.999545e+07,0.4416809,9.682689e+08,0.015171804398162158,0.0004796715429611504,88198.60702934516,11036.885989372679,0.1251367,6.517418910579985e-05,0.002543609958365173,4.224122448021015e-05
1035,0.72,0.07228927405616467,0.1239939,0.07228927,6.999545e+07,0.4416809,9.682689e+08,0.09881231249094856,0.012236741397554523,17398867.55898416,1892613.2754281175,0.108778,0.012856859339498561,0.028099913810687084,0.002182028400056609
1036,0.72,0.07228927405616467,0.1239939,0.07228927,6.999545e+07,0.4416809,9.682689e+08,0.011573472659800611,0.0011244662996694767,30070.57652345899,3762.212058717528,0.1251127,2.222059403056416e-05,0.0019148277243191585,8.386596187332312e-05
1037,0.72,0.07228927405616467,0.1239939,0.07228927,6.999545e+07,0.4416809,9.682689e+08,1.2419100499623538e-07,0.0,387532713.52109575,54240150.19262136,0.1399628,0.28636654485148705,0.26566533553636207,0.03718325213643411
1038,0.72,0.07228927405616467,0.1239939,0.07228927,6.999545e+07,0.4416809,9.682689e+08,1.4219450455000754e-05,0.0,282054850.65241176,35007992.59191169,0.1241177,0.20842388325375913,0.1933593993141571,0.023999030436175853
1039,0.72,0.07228927405616467,0.1239939,0.07228927,6.999545e+07,0.4416809,9.682689e+08,0.0014470222984480782,0.0,202363819.4613451,27558876.251634493,0.1361848,0.14953635076523913,0.13896330855884098,0.01889243744020296
1040,0.72,0.07228927405616467,0.1239939,0.07228927,6.999545e+07,0.4416809,9.682689e+08,0.0,0.0,141669426.08663905,22179228.50507644,0.1565562,0.10468634684002105,0.09711864682336405,0.01520452732463179
1041,0.72,0.07228927405616467,0.1239939,0.07228927,6.999545e+07,0.4416809,9.682689e+08,0.0,0.0,140073544.48878345,19582340.205697197,0.1398004,0.10350707323749692,0.09602462205347999,0.013424282394205515
1042,0.72,0.07228927405616467,0.1239939,0.07228927,6.999545e+07,0.4416809,9.682689e+08,4.282651845117593e-06,0.0,82830000.11002055,11306539.510049138,0.136503,0.06120706746545067,0.056783153926666496,0.007750972441995615
1043,0.72,0.07228927405616467,0.1239939,0.07228927,6.999545e+07,0.4416809,9.682689e+08,1.1070606220831735e-05,0.0,440331331.1876331,58491018.71522133,0.1328341,0.3253819806755337,0.3018621654115644,0.04009735018950639
1044,0.72,0.07228927405616467,0.1239939,0.07228927,6.999545e+07,0.4416809,9.682689e+08,8.273344573130215e-05,2.090781810300773e-07,196566641.92846835,20776700.56719189,0.105698,0.14525253770363494,0.13476587806098114,0.014243067410417616
1045,0.72,0.07228927405616467,0.1239939,0.07228927,6.999545e+07,0.4416809,9.682689e+08,0.0,0.0,490164278.793955,57570517.10381436,0.1174515,0.3622059403772242,0.33602233588852415,0.03946631868632307
1046,0.72,0.07228927405616467,0.1239939,0.07228927,6.999545e+07,0.4416809,9.682689e+08,0.0033600205530434856,4.1035455583766653e-07,223646678.5978769,27662769.34471784,0.1236896,0.16526327812606373,0.15386644540019973,0.018963688940320085
1047,0.72,0.07228927405616467,0.1239939,0.07228927,6.999545e+07,0.4416809,9.682689e+08,0.06851368784993225,0.002502849775053398,16445193.496257072,2339174.761673953,0.1422406,0.012152143745874824,0.022487209758874877,0.0017845037528500518
1048,0.72,0.07228927405616467,0.1239939,0.07228927,6.999545e+07,0.4416809,9.682689e+08,0.0001521164983748799,0.0,50980693.28468928,7494500.2338935,0.1470066,0.03767208413819535,0.03497369320975436,0.005137705018216112
1049,0.72,0.07228927405616467,0.1239939,0.07228927,6.999545e+07,0.4416809,9.682689e+08,0.0,0.0,84958955.78378373,12782862.741044402,0.1504593,0.06278025511946364,0.05824191605181679,0.008763036360292796
1050,0.72,0.07228927405616467,0.1239939,0.07228927,6.999545e+07,0.4416809,9.682689e+08,0.0,0.0,606139156.0092769,81886225.97111131,0.1350948,0.44790535030824996,0.4155265976885944,0.05613546747145723
1051,0.72,0.07228927405616467,0.1239939,0.07228927,6.999545e+07,0.4416809,9.682689e+08,1.0412952952270857e-08,0.0,399059918.30815434,46687279.80757967,0.1169932,0.2948845504068704,0.2735675620318521,0.032005532626376114
1052,0.72,0.07228927405616467,0.1239939,0.07228927,6.999545e+07,0.4416809,9.682689e+08,0.0011521575638921903,2.119749812637792e-08,254239425.47627065,34771738.31129042,0.1367677,0.18786972892471307,0.17447733455671294,0.02383707256293128
1053,0.72,0.07228927405616467,0.1239939,0.07228927,6.999545e+07,0.4416809,9.682689e+08,0.0,0.0,158209871.92713577,20165350.32265681,0.1274595,0.11690887712039273,0.10845761926263817,0.013823953340912264
1054,0.72,0.07228927405616467,0.1239939,0.07228927,6.999545e+07,0.4416809,9.682689e+08,0.00022191367137047632,0.0,231740156.11231261,38669439.81404273,0.1668655,0.17124393759241865,0.15890115794524548,0.026509062483676814
1055,0.72,0.07228927405616467,0.1239939,0.07228927,6.999545e+07,0.4416809,9.682689e+08,0.025632951028961598,3.720970812572157e-05,72846678.46168609,9303750.251400042,0.1277169,0.053829911352360454,0.0541338939594674,0.0063806901113805
1056,0.72,0.07228927405616467,0.1239939,0.07228927,6.999545e+07,0.4416809,9.682689e+08,0.0,0.0,351494896.4428096,46503563.6764751,0.1323022,0.2597364700200446,0.24096030915638475,0.03187958970033089
1057,0.72,0.07228927405616467,0.1239939,0.07228927,6.999545e+07,0.4416809,9.682689e+08,1.792422897062796e-07,0.0,51485570.87243657,6916572.902299974,0.13434,0.038045162449604215,0.03529493461109838,0.004741518473546443
1058,0.72,0.07228927405616467,0.1239939,0.07228927,6.999545e+07,0.4416809,9.682689e+08,0.06223805023719691,0.00531142714009464,20772458.249022394,2100666.4094584994,0.1011275,0.015349767617800086,0.024426555239908145,0.001824029132321099
1059,0.72,0.07228927405616467,0.1239939,0.07228927,6.999545e+07,0.4416809,9.682689e+08,0.0002145218613214507,0.0,215897902.51557404,34369755.79694448,0.1591945,0.1595373351124912,0.14803960745345401,0.023561499942883753
1060,0.72,0.07228927405616467,0.1239939,0.07228927,6.999545e+07,0.4416809,9.682689e+08,5.515516576606263e-08,0.0,219803857.31617358,25290171.190006834,0.1150579,0.1624236328147699,0.15068215533619092,0.017337171976701694
1061,0.72,0.07228927405616467,0.1239939,0.07228927,6.999545e+07,0.4416809,9.682689e+08,0.045570605402398504,0.015161872284171127,1210573.3798837257,100173.55882508076,0.08274885,0.0008945508443317984,0.008288359133832152,0.0011647127241836955
1062,0.72,0.07228927405616467,0.1239939,0.07228927,6.999545e+07,0.4416809,9.682689e+08,0.0,0.0,125548660.55538361,19156497.894184776,0.1525823,0.09277393850782675,0.08606737784176469,0.013132354698889468
1063,0.72,0.07228927405616467,0.1239939,0.07228927,6.999545e+07,0.4416809,9.682689e+08,0.06327614782546831,0.0006849401813755189,21503095.731353603,4220222.0347726485,0.1962611,0.0158896707641774,0.02509733310251713,0.002942602793639708
1064,0.72,0.07228927405616467,0.1239939,0.07228927,6.999545e+07,0.4416809,9.682689e+08,0.00032574114844922627,0.0,79967043.54044086,10792837.515013572,0.1349661,0.05909149127720773,0.05487312384997902,0.007398814294634969
1065,0.72,0.07228927405616467,0.1239939,0.07228927,6.999545e+07,0.4416809,9.682689e+08,3.201500753429313e-05,0.0,255018866.7815128,32179010.723612744,0.1261829,0.18844569556110022,0.17482833287970845,0.022059678392997523
1066,0.72,0.07228927405616467,0.1239939,0.07228927,6.999545e+07,0.4416809,9.682689e+08,0.0134006904367053,0.004062338090422068,238681.01405254914,21682.729166023604,0.09084396,0.00017637287106642418,0.0023568945216884897,0.0003085276336419708
1067,0.72,0.07228927405616467,0.1239939,0.07228927,6.999545e+07,0.4416809,9.682689e+08,1.0049758798330962e-07,0.0,311694004.7660845,33262550.95394126,0.1067154,0.23032567853378821,0.2136756188843812,0.022802477766546377
1068,0.72,0.07228927405616467,0.1239939,0.07228927,6.999545e+07,0.4416809,9.682689e+08,0.0,0.0,494267910.92189467,69348499.18931563,0.1403055,0.365238311356031,0.33883549897060405,0.047540479174233624
1069,0.72,0.07228927405616467,0.1239939,0.07228927,6.999545e+07,0.4416809,9.682689e+08,0.0,0.0,279919301.50399137,39829605.34288854,0.1422896,0.20684582336447344,0.19189308895190596,0.02730439080090816
1070,0.72,0.07228927405616467,0.1239939,0.07228927,6.999545e+07,0.4416809,9.682689e+08,0.0,0.0,420736510.782936,56756770.34364756,0.1348986,0.3109024262521287,0.288427515556062,0.03890847084019736
1071,0.72,0.07228927405616467,0.1239939,0.07228927,6.999545e+07,0.4416809,9.682689e+08,0.0,0.0,80845153.07568954,8970087.163958956,0.1109539,0.059740368610234795,0.05542178073155323,0.0061492641801100725
1072,0.72,0.07228927405616467,0.1239939,0.07228927,6.999545e+07,0.4416809,9.682689e+08,0.0,0.0,575656090.9505179,90098917.91683474,0.1565152,0.42537994867687334,0.39462954098897357,0.061765514480033507
1073,0.72,0.07228927405616467,0.1239939,0.07228927,6.999545e+07,0.4416809,9.682689e+08,0.014834677671830969,0.0005098704277453074,37823362.16721763,4349509.03624511,0.1149953,0.027949499901775254,0.028357020966647436,0.0030185772510673515
1074,0.72,0.07228927405616467,0.1239939,0.07228927,6.999545e+07,0.4416809,9.682689e+08,0.025848036842191457,0.0010547629870269332,58969718.69421423,6758896.157963643,0.1146164,0.04357555892480033,0.04465602400710036,0.004709674379894027
1075,0.72,0.07228927405616467,0.1239939,0.07228927,6.999545e+07,0.4416809,9.682689e+08,0.017699446787633428,0.0005382080108051174,38505351.19083795,4355314.517827217,0.1131093,0.028453454364216167,0.02929341752227889,0.00302460558637561
1076,0.72,0.07228927405616467,0.1239939,0.07228927,6.999545e+07,0.4416809,9.682689e+08,0.013851437471320723,1.7600615651049357e-05,40439671.47050073,6211019.31707493,0.1535873,0.029882816572351503,0.029989654084728232,0.004259112634306235
1077,0.72,0.07228927405616467,0.1239939,0.07228927,6.999545e+07,0.4416809,9.682689e+08,0.05587430791574046,0.0005859922620680791,20172645.443801835,3950251.4716036166,0.1958222,0.014906537112101529,0.022973821093659516,0.002750376990384698
1078,0.72,0.07228927405616467,0.1239939,0.07228927,6.999545e+07,0.4416809,9.682689e+08,0.0,0.0,108143068.45048246,15230606.025020251,0.1408376,0.07991211007820301,0.07413532165235338,0.010441037902879206
1079,0.72,0.07228927405616467,0.1239939,0.07228927,6.999545e+07,0.4416809,9.682689e+08,0.005212139322894079,3.318014825586011e-05,90178959.44582872,10325806.752732998,0.1145035,0.0666375666719,0.06267344861617097,0.007081049247994647
1080,0.72,0.07228927405616467,0.1239939,0.07228927,6.999545e+07,0.4416809,9.682689e+08,0.00024401115758927125,0.0,110568767.73488465,14728319.913623882,0.1332051,0.08170457584609016,0.07583814832244823,0.010096705686645393
1081,0.72,0.07228927405616467,0.1239939,0.07228927,6.999545e+07,0.4416809,9.682689e+08,0.015658833071742657,7.26335202996307e-05,66661660.85988637,8217361.14221159,0.1232697,0.04925950462622841,0.0482614292353112,0.005638498507469417
1082,0.72,0.07228927405616467,0.1239939,0.07228927,6.999545e+07,0.4416809,9.682689e+08,0.0,0.0,291493110.2766452,46835027.75005409,0.1606728,0.2153982668443612,0.19982728250122625,0.032106818278760114
1083,0.72,0.07228927405616467,0.1239939,0.07228927,6.999545e+07,0.4416809,9.682689e+08,3.885976416197006e-05,8.168213175199402e-09,394948301.04622555,46064778.751145594,0.116635,0.29184627882883446,0.27075528331739823,0.03157879004496777
1084,0.72,0.07228927405616467,0.1239939,0.07228927,6.999545e+07,0.4416809,9.682689e+08,0.0,0.0,361288769.25127673,43860498.184937134,0.1214001,0.26697363328141915,0.2476743031393686,0.03006768891768273
1085,0.72,0.07228927405616467,0.1239939,0.07228927,6.999545e+07,0.4416809,9.682689e+08,0.04992105412757129,0.00686172644675306,4744318.237898731,618304.0181357539,0.1303252,0.0035058047335376685,0.01142287899174367,0.0009198951996728463
1086,0.72,0.07228927405616467,0.1239939,0.07228927,6.999545e+07,0.4416809,9.682689e+08,0.0001843925392726733,7.093840499730535e-06,59824843.47402593,5696637.565160441,0.09522194,0.04420745171750577,0.041041906383746427,0.003905728966039272
1087,0.72,0.07228927405616467,0.1239939,0.07228927,6.999545e+07,0.4416809,9.682689e+08,8.101902837339123e-07,0.0,243497390.28782436,32843275.07161311,0.1348814,0.1799319229169604,0.16692490743242913,0.022515051555668106
1088,0.72,0.07228927405616467,0.1239939,0.07228927,6.999545e+07,0.4416809,9.682689e+08,0.015613798534462698,5.448199386703934e-05,90815735.19279769,9934981.587605026,0.1093971,0.06710811087150549,0.06481240195497232,0.006814666753269795
1089,0.72,0.07228927405616467,0.1239939,0.07228927,6.999545e+07,0.4416809,9.682689e+08,0.0,0.0,393260939.1800606,57684652.27631695,0.1466829,0.290599406059985,0.26959218595475604,0.03954456177528443
1090,0.72,0.07228927405616467,0.1239939,0.07228927,6.999545e+07,0.4416809,9.682689e+08,0.0,0.0,188621706.03364572,19872061.388190128,0.1053541,0.13938164277815904,0.12930584500497022,0.013622894966988658
1091,0.72,0.07228927405616467,0.1239939,0.07228927,6.999545e+07,0.4416809,9.682689e+08,0.03401304418442411,0.002413073422851602,12511840.557266066,1673836.6480916291,0.1337802,0.00924560024252493,0.014144107995068968,0.0013219046242928915
1092,0.72,0.07228927405616467,0.1239939,0.07228927,6.999545e+07,0.4416809,9.682689e+08,0.0003281161085418611,0.0,181937878.96906465,22531937.05809637,0.1238441,0.13444264176975837,0.12477758308039122,0.015446319631825682
1093,0.72,0.07228927405616467,0.1239939,0.07228927,6.999545e+07,0.4416809,9.682689e+08,0.0,0.0,172700447.01267567,26011009.735683132,0.1506134,0.12761665939367225,0.11839134372863086,0.01783132845116493
1094,0.72,0.07228927405616467,0.1239939,0.07228927,6.999545e+07,0.4416809,9.682689e+08,3.779902476698984e-05,0.0,329380174.5616361,47956895.91630057,0.1455974,0.24339483930215555,0.22580618957140478,0.032875892603614336
1095,0.72,0.07228927405616467,0.1239939,0.07228927,6.999545e+07,0.4416809,9.682689e+08,0.005622570732713219,3.521192789817334e-08,194139675.11634,22488772.37075479,0.1158381,0.14345913529860008,0.13400881652701568,0.015416731487585484
1096,0.72,0.07228927405616467,0.1239939,0.07228927,6.999545e+07,0.4416809,9.682689e+08,3.437251209484965e-06,0.0,89347810.74172184,12802368.959060319,0.1432869,0.06602339095369983,0.06125117052083776,0.008776408458639468
1097,0.72,0.07228927405616467,0.1239939,0.07228927,6.999545e+07,0.4416809,9.682689e+08,2.4513173350223133e-05,0.0,167995363.08267397,18174695.643430084,0.1081857,0.12413984677563893,0.11516987940622135,0.012459299766182139
1098,0.72,0.07228927405616467,0.1239939,0.07228927,6.999545e+07,0.4416809,9.682689e+08,0.0,0.0,360272447.5945523,51626743.11216424,0.1432992,0.2662226243700693,0.24697758411702997,0.035391683085414065
1099,0.72,0.07228927405616467,0.1239939,0.07228927,6.999545e+07,0.4416809,9.682689e+08,1.95855959667387e-06,0.0,457184293.0162931,74548721.5921236,0.1630605,0.3378354440374717,0.31341388559216193,0.05110538782737091
1100,0.72,0.07228927405616467,0.1239939,0.07228927,6.999545e+07,0.4416809,9.682689e+08,0.022211284470851553,0.007301264890942194,123053.00502513752,15396.013759940131,0.1251169,9.092977870814787e-05,0.0037196451622728663,0.0005383575685313949
1101,0.72,0.07228927405616467,0.1239939,0.07228927,6.999545e+07,0.4416809,9.682689e+08,0.00014296774624830978,0.0,179222836.41489497,33224082.58852225,0.1853786,0.13243636635548936,0.12288603689614958,0.022776106546600047
1102,0.72,0.07228927405616467,0.1239939,0.07228927,6.999545e+07,0.4416809,9.682689e+08,0.0001856225966290291,1.4457152847462836e-07,236145612.6620617,37001801.14417061,0.1566906,0.17449934114063115,0.16191529102676683,0.025365856536571422
1103,0.72,0.07228927405616467,0.1239939,0.07228927,6.999545e+07,0.4416809,9.682689e+08,0.0,0.0,282750415.1942304,31651183.01062389,0.1119404,0.2089378693189664,0.1938339024230565,0.021697836641694036
1104,0.72,0.07228927405616467,0.1239939,0.07228927,6.999545e+07,0.4416809,9.682689e+08,1.5450786550985e-08,0.0,218698096.95998248,27005101.842520304,0.1234812,0.1616065333504199,0.14992411690059243,0.018512808449359954
1105,0.72,0.07228927405616467,0.1239939,0.07228927,6.999545e+07,0.4416809,9.682689e+08,0.0019580107527126475,3.7412296212139225e-06,74728862.41311507,10542131.379763497,0.1410717,0.055220747522159816,0.051549344543639165,0.007227218159382158
1106,0.72,0.07228927405616467,0.1239939,0.07228927,6.999545e+07,0.4416809,9.682689e+08,0.023439184751606962,0.0001071188396431704,75326958.96888633,10648729.336226597,0.1413668,0.05566270980866616,0.055475150209281406,0.007307767352739693
1107,0.72,0.07228927405616467,0.1239939,0.07228927,6.999545e+07,0.4416809,9.682689e+08,0.010344319990384964,0.00010146241611612379,78055668.45778275,10715782.642487355,0.1372838,0.0576790843777674,0.055202545050718525,0.007353325509471519
1108,0.72,0.07228927405616467,0.1239939,0.07228927,6.999545e+07,0.4416809,9.682689e+08,0.0,0.0,249475342.49336258,37108850.543328606,0.1487476,0.18434931907129593,0.17102284062288364,0.025439231664103033
1109,0.72,0.07228927405616467,0.1239939,0.07228927,6.999545e+07,0.4416809,9.682689e+08,9.537662798470261e-05,0.0,230436707.2591899,28649085.00982933,0.1243252,0.1702807565977926,0.15798689447161596,0.01963980828990282
1110,0.72,0.07228927405616467,0.1239939,0.07228927,6.999545e+07,0.4416809,9.682689e+08,2.4924138480691627e-10,0.0,488013172.4491168,59455169.65247293,0.1218311,0.36061638452790645,0.33454768791841827,0.04075830461662526
1111,0.72,0.07228927405616467,0.1239939,0.07228927,6.999545e+07,0.4416809,9.682689e+08,1.8432908844779862e-07,0.0,349565870.35566944,51761520.805884995,0.1480737,0.2583110199451759,0.23963793400150551,0.03548407724269772
1112,0.72,0.07228927405616467,0.1239939,0.07228927,6.999545e+07,0.4416809,9.682689e+08,0.031105677141610055,0.0002376248235337579,30412310.892762374,4639980.75090833,0.1525692,0.022473117978040108,0.025939573539709868,0.0031980238991030823
1113,0.72,0.07228927405616467,0.1239939,0.07228927,6.999545e+07,0.4416809,9.682689e+08,6.852635931676421e-05,0.0,177912475.27764076,29790983.611693516,0.1674474,0.1314680775419497,0.12197556126446572,0.020422614080015354
1114,0.72,0.07228927405616467,0.1239939,0.07228927,6.999545e+07,0.4416809,9.682689e+08,2.5738656568039636e-09,0.0,426196048.8291996,64800233.68794475,0.1520433,0.3149367412718558,0.29217019329295996,0.04442250655947628
1115,0.72,0.07228927405616467,0.1239939,0.07228927,6.999545e+07,0.4416809,9.682689e+08,1.6482615694316344e-17,0.0,244404004.6242339,38322989.50339533,0.1568018,0.1806018638173595,0.16754628618881223,0.026271560389604428
1116,0.72,0.07228927405616467,0.1239939,0.07228927,6.999545e+07,0.4416809,9.682689e+08,1.8185682866070384e-05,0.0,409581470.0876067,69828394.68155505,0.1704872,0.3026594306284179,0.2807833765263078,0.04786946194850152
1117,0.72,0.07228927405616467,0.1239939,0.07228927,6.999545e+07,0.4416809,9.682689e+08,0.0058730374592163,0.0,87649578.32976413,17354427.620657057,0.1979978,0.06476848541618148,0.06104765012452062,0.011896981398664547
1118,0.72,0.07228927405616467,0.1239939,0.07228927,6.999545e+07,0.4416809,9.682689e+08,0.0,0.0,84797669.99112067,9101720.105733054,0.1073346,0.06266107329669852,0.05813134979650006,0.006239502515477232
1119,0.72,0.07228927405616467,0.1239939,0.07228927,6.999545e+07,0.4416809,9.682689e+08,1.1113431354604373e-08,8.951975923340476e-21,561951395.912492,60777700.366089486,0.1081547,0.41525289093605855,0.38523456271948625,0.04166493914488422
1120,0.72,0.07228927405616467,0.1239939,0.07228927,6.999545e+07,0.4416809,9.682689e+08,5.843843660304242e-06,0.0,432964430.25153774,81988786.21000917,0.1893661,0.3199382235584511,0.2968110780879859,0.0562057755957631
1121,0.72,0.07228927405616467,0.1239939,0.07228927,6.999545e+07,0.4416809,9.682689e+08,0.044259375111365615,0.013381471676948779,1075599.3237596296,98170.33378487926,0.09127036,0.0007948120281021744,0.007981223209188442,0.0010346355858236902
1122,0.72,0.07228927405616467,0.1239939,0.07228927,6.999545e+07,0.4416809,9.682689e+08,0.0,0.0,172001482.79727635,22637073.244567264,0.1316098,0.12710016114628536,0.11791218276459883,0.015518393645565084
1123,0.72,0.07228927405616467,0.1239939,0.07228927,6.999545e+07,0.4416809,9.682689e+08,0.0,0.0,460087560.8739918,61172385.07999364,0.1329581,0.3399808081736591,0.31540384235775704,0.041935507371177426
1124,0.72,0.07228927405616467,0.1239939,0.07228927,6.999545e+07,0.4416809,9.682689e+08,1.002661744173776e-06,0.0,257394148.49324802,25805516.963164844,0.1002568,0.19020090536173428,0.1764515840924989,0.017690456983338466
1125,0.72,0.07228927405616467,0.1239939,0.07228927,6.999545e+07,0.4416809,9.682689e+08,0.02851913532143774,0.0009777713645107056,3833898.748511702,631474.4271226212,0.1647082,0.0028330520227474185,0.007295938156199955,0.0005035770691507682
1126,0.72,0.07228927405616467,0.1239939,0.07228927,6.999545e+07,0.4416809,9.682689e+08,0.0023788782911489887,0.0,207125591.87352112,30610664.36586953,0.1477879,0.1530550532269082,0.14238016208922233,0.02098452985727025
1127,0.72,0.07228927405616467,0.1239939,0.07228927,6.999545e+07,0.4416809,9.682689e+08,6.008847759353233e-05,0.0,258029283.60037124,38351157.10359757,0.148631,0.19067023721371704,0.176896658775172,0.026290870125596652
1128,0.72,0.07228927405616467,0.1239939,0.07228927,6.999545e+07,0.4416809,9.682689e+08,0.0,0.0,415154322.6412451,51355032.55462869,0.1237011,0.3067774791829571,0.28460075791604095,0.035205417337013725
1129,0.72,0.07228927405616467,0.1239939,0.07228927,6.999545e+07,0.4416809,9.682689e+08,9.828105138195069e-05,0.0,165241781.86887527,22256959.79117321,0.1346933,0.1221050932938001,0.1132942902577973,0.015257814456019909
1130,0.72,0.07228927405616467,0.1239939,0.07228927,6.999545e+07,0.4416809,9.682689e+08,0.06273097540665165,0.011832853477210838,1442869.478391085,150309.77923570003,0.1041742,0.0010662055944756518,0.011256217891893608,0.0009584302563127707
1131,0.72,0.07228927405616467,0.1239939,0.07228927,6.999545e+07,0.4416809,9.682689e+08,0.0003128891486173201,6.930604302932613e-07,94961015.49001096,9266188.781487932,0.09757887,0.07017125768398559,0.06514983851837501,0.006352300833591169
1132,0.72,0.07228927405616467,0.1239939,0.07228927,6.999545e+07,0.4416809,9.682689e+08,0.0,0.0,64111111.772977896,9073334.548390644,0.1415251,0.04737478133962945,0.04395009278801809,0.00622004336331877
1133,0.72,0.07228927405616467,0.1239939,0.07228927,6.999545e+07,0.4416809,9.682689e+08,0.0,0.0,56183024.35034905,6959242.307372519,0.1238673,0.04151633655990851,0.03851515072852131,0.0047707696323594185
1134,0.72,0.07228927405616467,0.1239939,0.07228927,6.999545e+07,0.4416809,9.682689e+08,0.0002696472852554023,0.0,265345801.6591418,41014095.62242562,0.1545685,0.1960767640016022,0.1819466498517201,0.028116394465366564
1135,0.72,0.07228927405616467,0.1239939,0.07228927,6.999545e+07,0.4416809,9.682689e+08,0.0012728753863985023,6.830600097094545e-07,105200924.0470529,13910809.631638482,0.1322309,0.07773801819416805,0.07232672295591275,0.009536327211182593
1136,0.72,0.07228927405616467,0.1239939,0.07228927,6.999545e+07,0.4416809,9.682689e+08,0.013836211377880221,0.00011084410635165459,47250330.23907509,7369969.925960419,0.1559771,0.03491553962171273,0.03465607320575272,0.005060348591666158
1137,0.72,0.07228927405616467,0.1239939,0.07228927,6.999545e+07,0.4416809,9.682689e+08,0.0,0.0,122578317.6873712,19627763.97511825,0.1601243,0.09057900942323821,0.08403111858730582,0.013455421752510612
1138,0.72,0.07228927405616467,0.1239939,0.07228927,6.999545e+07,0.4416809,9.682689e+08,2.1397402449807832e-08,0.0,522796156.3762155,64259738.104890496,0.1229155,0.3863192028431036,0.35839247161770116,0.04405198060274563
1139,0.72,0.07228927405616467,0.1239939,0.07228927,6.999545e+07,0.4416809,9.682689e+08,0.0,0.0,67387667.02239732,10094087.072945837,0.1497913,0.04979598546783311,0.046196269827452126,0.006919799878642739
1140,0.72,0.07228927405616467,0.1239939,0.07228927,6.999545e+07,0.4416809,9.682689e+08,0.0024089965276364615,3.635494513636937e-06,36817665.91991544,5686005.436764142,0.1544369,0.02720634261605012,0.02563389281729761,0.00389819032135187
1141,0.72,0.07228927405616467,0.1239939,0.07228927,6.999545e+07,0.4416809,9.682689e+08,0.0,0.0,531049265.560647,75618620.12956549,0.1423947,0.39241782182149615,0.3640502223553188,0.0518388354106985
1142,0.72,0.07228927405616467,0.1239939,0.07228927,6.999545e+07,0.4416809,9.682689e+08,5.730287199067839e-06,0.0,382395226.9407559,54499674.544267885,0.1425218,0.2825702091360695,0.26214435171549766,0.03736116387466765
1143,0.72,0.07228927405616467,0.1239939,0.07228927,6.999545e+07,0.4416809,9.682689e+08,0.0,0.0,264288025.13620418,30886826.76133763,0.1168681,0.19529512209749963,0.18117737949436133,0.021173847474290585
1144,0.72,0.07228927405616467,0.1239939,0.07228927,6.999545e+07,0.4416809,9.682689e+08,0.0,0.0,447765619.02423126,64613611.49981811,0.1443023,0.330875533211666,0.30695678111284824,0.04429457144405491
1145,0.72,0.07228927405616467,0.1239939,0.07228927,6.999545e+07,0.4416809,9.682689e+08,0.021745036836614433,0.00019612621154577395,88655725.2495003,10193532.193637986,0.1149788,0.06551197572542508,0.06433514111719554,0.007002150317307659
1146,0.72,0.07228927405616467,0.1239939,0.07228927,6.999545e+07,0.4416809,9.682689e+08,4.102684503199058e-05,0.0,249473550.61014923,37891545.40543873,0.151886,0.1843479949626809,0.17102832703718718,0.025975792501423338
1147,0.72,0.07228927405616467,0.1239939,0.07228927,6.999545e+07,0.4416809,9.682689e+08,0.055157250746132716,0.00837984055082093,5414806.154134245,548774.943571356,0.1013471,0.004001260475047824,0.012739519283824444,0.0009819742971726492
1148,0.72,0.07228927405616467,0.1239939,0.07228927,6.999545e+07,0.4416809,9.682689e+08,3.835378667643102e-05,0.0,207775635.35518768,29442320.989470735,0.1417025,0.1535354015932609,0.1424427161786563,0.02018359537990815
1149,0.72,0.07228927405616467,0.1239939,0.07228927,6.999545e+07,0.4416809,9.682689e+08,0.0,0.0,142605708.24095708,23461870.34620163,0.1645227,0.1053782107167556,0.09776049636270377,0.01608381683267939
1150,0.72,0.07228927405616467,0.1239939,0.07228927,6.999545e+07,0.4416809,9.682689e+08,0.00880518449798227,4.973550291108144e-08,139927940.9490584,20588267.694662023,0.1471348,0.10339947978503619,0.09736593819649601,0.01411387949768484
1151,0.72,0.07228927405616467,0.1239939,0.07228927,6.999545e+07,0.4416809,9.682689e+08,0.024968195631061698,0.0003170620998087722,43074648.67460173,4274259.837819594,0.09922913,0.03182992785192548,0.03361547374619272,0.002953053691272365
1152,0.72,0.07228927405616467,0.1239939,0.07228927,6.999545e+07,0.4416809,9.682689e+08,5.083002030693325e-06,0.0,112868270.26416233,18026589.778807618,0.1597135,0.08340378876724826,0.07737542135128118,0.012357768747414958
1153,0.72,0.07228927405616467,0.1239939,0.07228927,6.999545e+07,0.4416809,9.682689e+08,0.0,0.0,698249114.9196631,88857359.08660279,0.1272574,0.5159698252784227,0.4786707411741593,0.060914388609939384
1154,0.72,0.07228927405616467,0.1239939,0.07228927,6.999545e+07,0.4416809,9.682689e+08,5.358356494966419e-19,0.0,57695238.59971825,8579321.999966338,0.1487007,0.042633784338013236,0.03955181901795117,0.005881382923010436
1155,0.72,0.07228927405616467,0.1239939,0.07228927,6.999545e+07,0.4416809,9.682689e+08,0.0009116808793425052,3.178828446858332e-07,264194191.58445996,27910158.235982724,0.1056426,0.19522578397695753,0.1812622672600374,0.01913327477124347
1156,0.72,0.07228927405616467,0.1239939,0.07228927,6.999545e+07,0.4416809,9.682689e+08,0.0,0.0,272545040.15668046,43776123.91721366,0.1606198,0.2013966272858401,0.18683781130198673,0.030009847822858187
1157,0.72,0.07228927405616467,0.1239939,0.07228927,6.999545e+07,0.4416809,9.682689e+08,0.0,0.0,156715784.1172861,17757159.58914882,0.113308,0.11580482383951252,0.10743337719195212,0.012173066259688196
1158,0.72,0.07228927405616467,0.1239939,0.07228927,6.999545e+07,0.4416809,9.682689e+08,0.0,0.0,293225101.1132765,41565659.86989957,0.1417534,0.21667811810412727,0.20101461424252398,0.02849450832401986
1159,0.72,0.07228927405616467,0.1239939,0.07228927,6.999545e+07,0.4416809,9.682689e+08,6.116612553495932e-05,0.0,262680131.18157348,45356930.26094073,0.1726698,0.19410697198730223,0.18008513086392267,0.031093538053230636
1160,0.72,0.07228927405616467,0.1239939,0.07228927,6.999545e+07,0.4416809,9.682689e+08,0.0,0.0,27055603.19802474,3850193.2874780567,0.1423067,0.01999268535627619,0.018547428645437666,0.0026394231445505487
1161,0.72,0.07228927405616467,0.1239939,0.07228927,6.999545e+07,0.4416809,9.682689e+08,3.461985361863467e-08,0.0,443378727.5347935,50269823.2376943,0.113379,0.32763384827865893,0.3039494408965482,0.03446147375446317
1162,0.72,0.07228927405616467,0.1239939,0.07228927,6.999545e+07,0.4416809,9.682689e+08,0.00038322355656230896,0.0,184358355.37328565,27154884.26726684,0.147294,0.13623124810049483,0.1264459117137906,0.018615488800450036
1163,0.72,0.07228927405616467,0.1239939,0.07228927,6.999545e+07,0.4416809,9.682689e+08,0.06883547538058905,0.0010925266126821985,24267518.485412586,3944402.45605033,0.1625384,0.01793243558110326,0.027902314990723695,0.0027829843150298963
1164,0.72,0.07228927405616467,0.1239939,0.07228927,6.999545e+07,0.4416809,9.682689e+08,0.009256667556688615,0.0,126310385.95686042,18246054.995667804,0.1444541,0.0933368140115864,0.08810458880258229,0.01250821874551986
1165,0.72,0.07228927405616467,0.1239939,0.07228927,6.999545e+07,0.4416809,9.682689e+08,1.702314275491559e-07,0.0,391920201.06708694,62427975.72033691,0.1592875,0.28960867023932485,0.268673097568883,0.04279625246856806
1166,0.72,0.07228927405616467,0.1239939,0.07228927,6.999545e+07,0.4416809,9.682689e+08,0.0007854602467731264,7.989086455520544e-05,8027834.494216469,1186213.5086240794,0.1477626,0.005932152684248712,0.005631876809542391,0.0008189602423595692
1167,0.72,0.07228927405616467,0.1239939,0.07228927,6.999545e+07,0.4416809,9.682689e+08,0.08248942163829806,0.004172700807203682,19581183.68478749,2703897.7125081336,0.1380865,0.014469477595753108,0.026924413253613045,0.002155244609511069
1168,0.72,0.07228927405616467,0.1239939,0.07228927,6.999545e+07,0.4416809,9.682689e+08,0.0,0.0,420220437.70568794,55665942.19720065,0.1324684,0.31052107505553006,0.2880737319606259,0.038160675381246505
1169,0.72,0.07228927405616467,0.1239939,0.07228927,6.999545e+07,0.4416809,9.682689e+08,0.06341805097642703,0.0019060804438774622,38182553.98869527,4760453.373880065,0.1246761,0.028214923999578204,0.03655482781134425,0.0034012229463048836
1170,0.72,0.07228927405616467,0.1239939,0.07228927,6.999545e+07,0.4416809,9.682689e+08,0.03863275917662949,0.00029952908228868394,64784777.563976355,9879792.711838009,0.1525018,0.047872585365514274,0.05073487843964898,0.0067945473973873806
1171,0.72,0.07228927405616467,0.1239939,0.07228927,6.999545e+07,0.4416809,9.682689e+08,0.0005629275945467007,7.407301701040918e-09,189333805.20683667,33018184.984688442,0.1743914,0.13990784707705672,0.12988614391792516,0.022634958090215578
1172,0.72,0.07228927405616467,0.1239939,0.07228927,6.999545e+07,0.4416809,9.682689e+08,0.0,0.0,101490634.46586381,13474160.382687932,0.1327626,0.07499630692517668,0.06957487834066234,0.009236941657738862
1173,0.72,0.07228927405616467,0.1239939,0.07228927,6.999545e+07,0.4416809,9.682689e+08,0.0,0.0,338434999.33236146,49979154.44269258,0.1476773,0.25008588445359187,0.2320073574147478,0.03426221156484238
1174,0.72,0.07228927405616467,0.1239939,0.07228927,6.999545e+07,0.4416809,9.682689e+08,2.687219757635988e-09,0.0,539453454.1900141,89902571.4037132,0.1666549,0.3986280806618534,0.36981154653221904,0.06163091304774431
1175,0.72,0.07228927405616467,0.1239939,0.07228927,6.999545e+07,0.4416809,9.682689e+08,0.0,0.0,203917020.0323585,31156865.362706408,0.1527919,0.15068408530599875,0.1397912421674109,0.021358967046519038
1176,0.72,0.07228927405616467,0.1239939,0.07228927,6.999545e+07,0.4416809,9.682689e+08,0.0,0.0,736741760.0358667,88940914.13045299,0.120722,0.544413890513503,0.5050586055821894,0.06097166810219225
1177,0.72,0.07228927405616467,0.1239939,0.07228927,6.999545e+07,0.4416809,9.682689e+08,4.6003415996407975e-05,0.0,259321228.42120898,40079441.157793365,0.1545552,0.19162491732606304,0.17778002047369057,0.0274756607561964
1178,0.72,0.07228927405616467,0.1239939,0.07228927,6.999545e+07,0.4416809,9.682689e+08,0.03263346796787658,0.00019426367722867192,60706012.31306625,7166149.822851554,0.1180468,0.044858589717118896,0.046956867080295006,0.004926654129181615
1179,0.72,0.07228927405616467,0.1239939,0.07228927,6.999545e+07,0.4416809,9.682689e+08,0.00011909996301749999,0.0,251478144.20453295,41513243.19964756,0.1650769,0.1858292855000379,0.17241531427062468,0.028458575122153506
1180,0.72,0.07228927405616467,0.1239939,0.07228927,6.999545e+07,0.4416809,9.682689e+08,5.145711942478793e-06,0.0,160840040.80163786,19695977.597430006,0.1224569,0.11885243529416246,0.11026152121813125,0.013502184239497651
1181,0.72,0.07228927405616467,0.1239939,0.07228927,6.999545e+07,0.4416809,9.682689e+08,0.0,0.0,569429442.5277019,71062669.15324883,0.1247963,0.42077877893652904,0.3903609864689679,0.04871559417202176
1182,0.72,0.07228927405616467,0.1239939,0.07228927,6.999545e+07,0.4416809,9.682689e+08,0.0,0.0,256138811.7548338,33399838.322176225,0.1303974,0.18927327672068733,0.17559084894831725,0.02289659238109113
1183,0.72,0.07228927405616467,0.1239939,0.07228927,6.999545e+07,0.4416809,9.682689e+08,0.0016260482654985298,4.819648100547457e-07,134210741.87009025,22943260.99275516,0.1709495,0.09917476664637856,0.0922716277159515,0.015728329384614884
1184,0.72,0.07228927405616467,0.1239939,0.07228927,6.999545e+07,0.4416809,9.682689e+08,1.3497592527875983e-11,0.0,455731888.28899884,50323619.66977321,0.1104237,0.3367621923893664,0.31241789797418573,0.03449835282450496
1185,0.72,0.07228927405616467,0.1239939,0.07228927,6.999545e+07,0.4416809,9.682689e+08,3.2786704188539147e-07,0.0,440687421.8854943,46428550.02910988,0.1053548,0.3256451132040724,0.30210451803213445,0.03182816559192136
1186,0.72,0.07228927405616467,0.1239939,0.07228927,6.999545e+07,0.4416809,9.682689e+08,9.449847505516952e-05,0.0,460054877.8536728,71542465.83926381,0.1555085,0.3399566571193674,0.31539690359364697,0.04904450921165503
1187,0.72,0.07228927405616467,0.1239939,0.07228927,6.999545e+07,0.4416809,9.682689e+08,0.0,0.0,106254427.2246228,14169473.735661533,0.1333542,0.07851650231802339,0.07284060136402429,0.009713599845919248
1188,0.72,0.07228927405616467,0.1239939,0.07228927,6.999545e+07,0.4416809,9.682689e+08,0.03833436511454701,0.00026749695840437056,93579285.07773083,10056287.762835355,0.1074628,0.06915023068348866,0.07042554050172505,0.006913224477141711
1189,0.72,0.07228927405616467,0.1239939,0.07228927,6.999545e+07,0.4416809,9.682689e+08,0.0,0.0,328813300.0321506,41594965.935816646,0.1265003,0.24297594847124193,0.22541139354314776,0.02851459851245503
1190,0.72,0.07228927405616467,0.1239939,0.07228927,6.999545e+07,0.4416809,9.682689e+08,3.4103559773219253e-06,0.0,382334236.5922039,48221563.46425,0.1261241,0.2825251404366417,0.2621021612998646,0.03305733015739667
1191,0.72,0.07228927405616467,0.1239939,0.07228927,6.999545e+07,0.4416809,9.682689e+08,0.0,0.0,390981962.0002956,66952800.42567534,0.1712427,0.28891536030592463,0.268029878645734,0.045898155713567784
1192,0.72,0.07228927405616467,0.1239939,0.07228927,6.999545e+07,0.4416809,9.682689e+08,2.0498318414471066e-07,0.0,411302693.12456536,51457342.89298239,0.1251082,0.30393132504356074,0.2819603837425331,0.03527555414699046
1193,0.72,0.07228927405616467,0.1239939,0.07228927,6.999545e+07,0.4416809,9.682689e+08,4.177761348833603e-06,0.0,61285580.26474305,8903498.974862719,0.1452789,0.04528686032767035,0.04201378983842509,0.006103615976414451
1194,0.72,0.07228927405616467,0.1239939,0.07228927,6.999545e+07,0.4416809,9.682689e+08,0.041998620097823694,0.0010401657422195148,32258134.365947023,4600832.777693538,0.1426255,0.023837085643167003,0.028987773106381138,0.0032292018880119267
1195,0.72,0.07228927405616467,0.1239939,0.07228927,6.999545e+07,0.4416809,9.682689e+08,0.0,0.0,405744888.4953852,61039927.45306575,0.1504392,0.2998243961235296,0.27815030818343167,0.041844703689366755
1196,0.72,0.07228927405616467,0.1239939,0.07228927,6.999545e+07,0.4416809,9.682689e+08,3.4208829026666824e-06,0.0,316585772.71185714,46576838.55150683,0.1471223,0.23394044094214916,0.2170296161849924,0.03192982182807933
1197,0.72,0.07228927405616467,0.1239939,0.07228927,6.999545e+07,0.4416809,9.682689e+08,0.0008791098638376424,0.0,221154356.62177533,27864529.5007722,0.1259958,0.1634215816497357,0.15175183678024065,0.019101971923213182
1198,0.72,0.07228927405616467,0.1239939,0.07228927,6.999545e+07,0.4416809,9.682689e+08,0.051182245775174585,0.00040572272164894895,55429960.8451569,8271033.497110771,0.1492159,0.040959861747559834,0.046375826816791074,0.005699371295439154
1199,0.72,0.07228927405616467,0.1239939,0.07228927,6.999545e+07,0.4416809,9.682689e+08,0.03387454532919561,0.0002511755352428611,71372233.82092682,11339797.826922668,0.1588825,0.0527403733530709,0.05447200762597601,0.007791929314276238
1200,0.72,0.07228927405616467,0.1239939,0.07228927,6.999545e+07,0.4416809,9.682689e+08,8.405357994776641e-05,1.2934065835857862e-06,5987654.142473078,550272.2858586548,0.09190115,0.004424565381761943,0.0041184736895055855,0.00037732167958310996
1201,0.72,0.07228927405616467,0.1239939,0.07228927,6.999545e+07,0.4416809,9.682689e+08,0.0001001714295914562,0.0,297436496.5779541,48094892.3201903,0.161698,0.219790120591002,0.20391804724098053,0.03297049328339732
1202,0.72,0.07228927405616467,0.1239939,0.07228927,6.999545e+07,0.4416809,9.682689e+08,0.014508202751071238,0.01687912989196562,7362.1776906349005,1259.8889885139943,0.1711299,5.4402668840370035e-06,0.0023795834414007885,0.0012210437383340723
1204,0.72,0.07228927405616467,0.1239939,0.07228927,6.999545e+07,0.4416809,9.682689e+08,0.0028082965184214235,4.465195813844442e-06,66699296.34267434,7525061.607351971,0.1128207,0.04928731529302834,0.046184000857860896,0.005158978543439741
1205,0.72,0.07228927405616467,0.1239939,0.07228927,6.999545e+07,0.4416809,9.682689e+08,1.0124566742423418e-05,0.0,322384637.6407876,38394860.97816225,0.1190964,0.23822550090178501,0.22100600945304508,0.026320830444318242
1206,0.72,0.07228927405616467,0.1239939,0.07228927,6.999545e+07,0.4416809,9.682689e+08,0.012900023289792154,7.546564137379345e-05,66836128.3329373,8004515.84161632,0.1197633,0.049388427026075946,0.04792950154311936,0.005492791392779124
1207,0.72,0.07228927405616467,0.1239939,0.07228927,6.999545e+07,0.4416809,9.682689e+08,1.0387529409650073e-11,0.0,583100342.1417819,76105204.82904561,0.1305182,0.4308808636145559,0.3997327987808664,0.05217240383744968
1208,0.72,0.07228927405616467,0.1239939,0.07228927,6.999545e+07,0.4416809,9.682689e+08,8.4113304106615e-05,0.0,387252922.8061718,52028232.25334119,0.1343521,0.2861597940469257,0.26548727697338337,0.03566691595098334
1209,0.72,0.07228927405616467,0.1239939,0.07228927,6.999545e+07,0.4416809,9.682689e+08,0.005375409072104064,3.404004326018036e-06,189892654.9388058,21955815.637362357,0.1156222,0.140320807999455,0.13105690404048964,0.015051617166294896
1210,0.72,0.07228927405616467,0.1239939,0.07228927,6.999545e+07,0.4416809,9.682689e+08,0.010439852835539741,0.0031558158993839234,93293.43718783016,9713.205444926512,0.1041146,6.893900394126039e-05,0.0017726309860857405,0.00023479033450368497
1211,0.72,0.07228927405616467,0.1239939,0.07228927,6.999545e+07,0.4416809,9.682689e+08,0.00560440860531678,1.348620314880411e-05,146700360.32170424,16503012.204272732,0.1124947,0.10840394590715698,0.10148476875960048,0.011314285465105926
1212,0.72,0.07228927405616467,0.1239939,0.07228927,6.999545e+07,0.4416809,9.682689e+08,0.00013326497425907607,0.0,254844978.97031194,26939265.785118423,0.1057084,0.18831720150124928,0.17472569899698792,0.01846767585453215
1213,0.72,0.07228927405616467,0.1239939,0.07228927,6.999545e+07,0.4416809,9.682689e+08,0.020959988853711423,0.0007069705886447882,38005251.00912788,4877266.097820415,0.1283314,0.028083906307705787,0.0294842320052067,0.003394618796252505
1214,0.72,0.07228927405616467,0.1239939,0.07228927,6.999545e+07,0.4416809,9.682689e+08,0.0001373435872492028,0.0,75249253.38757418,9107414.252824387,0.12103,0.05560528942050369,0.05160810223982224,0.006243406024340078
1215,0.72,0.07228927405616467,0.1239939,0.07228927,6.999545e+07,0.4416809,9.682689e+08,0.0,0.0,69834694.68474951,8877917.496697616,0.1271276,0.051604211799119754,0.047873780789920814,0.006086079104756505
1216,0.72,0.07228927405616467,0.1239939,0.07228927,6.999545e+07,0.4416809,9.682689e+08,0.0,0.0,400734948.6823368,50200416.77998973,0.1252709,0.29612231084370594,0.2747158439609804,0.034413893542985866
1217,0.72,0.07228927405616467,0.1239939,0.07228927,6.999545e+07,0.4416809,9.682689e+08,1.5537032426797127e-07,0.0,351094501.90222293,51503342.641177714,0.1466937,0.25944059925310103,0.24068585210163307,0.03530708835604566
1218,0.72,0.07228927405616467,0.1239939,0.07228927,6.999545e+07,0.4416809,9.682689e+08,0.059246218081284996,0.0024986289296549343,31468558.795751713,3812042.0927149924,0.1211381,0.023253630311405277,0.031269384618706667,0.0027938934260760256
1219,0.72,0.07228927405616467,0.1239939,0.07228927,6.999545e+07,0.4416809,9.682689e+08,1.0427092002976327e-05,0.0,350156070.61454445,53727100.78551455,0.1534376,0.25874714727845016,0.24004421042457325,0.036831541357700025
1220,0.72,0.07228927405616467,0.1239939,0.07228927,6.999545e+07,0.4416809,9.682689e+08,8.781382350620734e-07,0.0,315059932.49363303,43532564.917233914,0.1381723,0.2328129242808635,0.21598319071731503,0.029842880812734077
1221,0.72,0.07228927405616467,0.1239939,0.07228927,6.999545e+07,0.4416809,9.682689e+08,0.004784348125247613,2.410212452082307e-07,152551446.30918536,23159707.261295773,0.1518157,0.11272759451643163,0.10536164584333804,0.015876692385332958
1222,0.72,0.07228927405616467,0.1239939,0.07228927,6.999545e+07,0.4416809,9.682689e+08,0.0008229595109305607,3.0073246595189935e-07,587677138.9735065,79850586.25139603,0.1358749,0.4342628787308535,0.403005023064324,0.054739997040014726
1223,0.72,0.07228927405616467,0.1239939,0.07228927,6.999545e+07,0.4416809,9.682689e+08,0.0027220087231062807,6.89637848916576e-06,159969434.79876947,22058440.234147713,0.1378916,0.11820910268179241,0.1101093596716523,0.015122221871058715
1224,0.72,0.07228927405616467,0.1239939,0.07228927,6.999545e+07,0.4416809,9.682689e+08,0.08636758740833203,0.006643357004464868,19724544.552121613,2411978.7500496795,0.1222831,0.01457541382981287,0.027657425186442125,0.002133727335490517
1225,0.72,0.07228927405616467,0.1239939,0.07228927,6.999545e+07,0.4416809,9.682689e+08,0.007321126117419115,1.2808090603665882e-05,139507707.37790537,21083788.84846538,0.1511299,0.10308894900504528,0.09683496178402923,0.014454496424521988
1226,0.72,0.07228927405616467,0.1239939,0.07228927,6.999545e+07,0.4416809,9.682689e+08,0.0,0.0,61896429.57700602,8987305.641497651,0.1451991,0.04573824623878035,0.04243186162157681,0.0061610679636441
1227,0.72,0.07228927405616467,0.1239939,0.07228927,6.999545e+07,0.4416809,9.682689e+08,0.0006878327914659549,0.0,25754660.02786446,2901040.2891599922,0.1126414,0.01903135593120132,0.017768169619411488,0.0019887502550548614
1228,0.72,0.07228927405616467,0.1239939,0.07228927,6.999545e+07,0.4416809,9.682689e+08,0.0008531737959224713,0.0,283562031.2437909,45927715.33468454,0.1619671,0.2095376114200833,0.19452992731761606,0.03148482836561654
1229,0.72,0.07228927405616467,0.1239939,0.07228927,6.999545e+07,0.4416809,9.682689e+08,0.005726756882157628,4.667596405991264e-05,30555934.144212447,3661657.1505129687,0.1198346,0.02257924810033198,0.02188430061788087,0.002513550131270025
1230,0.72,0.07228927405616467,0.1239939,0.07228927,6.999545e+07,0.4416809,9.682689e+08,9.487243548462853e-07,0.0,179878435.404383,22934711.329716764,0.1275012,0.1329208199535405,0.12331222564848444,0.015722433492914637
1231,0.72,0.07228927405616467,0.1239939,0.07228927,6.999545e+07,0.4416809,9.682689e+08,0.004888451154959427,1.9801970163092984e-05,103856648.00452317,12956838.34735747,0.1247569,0.07674466802734423,0.07199693738005673,0.008883733334071026
1232,0.72,0.07228927405616467,0.1239939,0.07228927,6.999545e+07,0.4416809,9.682689e+08,4.775474024998399e-05,0.0,181205219.25286716,22601189.114625435,0.124727,0.1339012442975991,0.12422943650100361,0.015493793996659521
1233,0.72,0.07228927405616467,0.1239939,0.07228927,6.999545e+07,0.4416809,9.682689e+08,0.0015115115292684137,0.0,113643955.8238516,14966622.020597864,0.1316975,0.08397698010276454,0.07815373206776838,0.010260068938715857
1234,0.72,0.07228927405616467,0.1239939,0.07228927,6.999545e+07,0.4416809,9.682689e+08,0.0,0.0,248476223.21450344,37872497.20715592,0.152419,0.18361102182360867,0.1703379143472694,0.02596273438936098
1235,0.72,0.07228927405616467,0.1239939,0.07228927,6.999545e+07,0.4416809,9.682689e+08,0.0002889596673978043,4.447120785952768e-07,217968116.74881813,22381154.35633692,0.1026809,0.16106711589329284,0.1494709846196247,0.015342985708711844
1236,0.72,0.07228927405616467,0.1239939,0.07228927,6.999545e+07,0.4416809,9.682689e+08,0.0,0.0,217835077.06524774,27455948.38931219,0.1260401,0.16096880647789916,0.14933248831192455,0.01882187729899754
1237,0.72,0.07228927405616467,0.1239939,0.07228927,6.999545e+07,0.4416809,9.682689e+08,0.00041246168192632263,3.5263798458849055e-07,175341721.03210455,17148488.418005805,0.09780039,0.1295684236926846,0.12026952340704695,0.01175582938151669
1238,0.72,0.07228927405616467,0.1239939,0.07228927,6.999545e+07,0.4416809,9.682689e+08,0.027310950979598153,0.0010086714271047034,65994961.17331306,6868945.882704424,0.1040829,0.04876684818965851,0.049711471769188956,0.004781784846295597
1239,0.72,0.07228927405616467,0.1239939,0.07228927,6.999545e+07,0.4416809,9.682689e+08,0.0,0.0,34129698.96295269,3598037.2221077974,0.1054225,0.02522007466167138,0.023396933772736883,0.0024665625878762605
1240,0.72,0.07228927405616467,0.1239939,0.07228927,6.999545e+07,0.4416809,9.682689e+08,0.011015245078481213,1.353538063296582e-05,144304806.19771346,19289769.3124318,0.1336738,0.10663375584691932,0.10072812819126409,0.0132246947219328
1241,0.72,0.07228927405616467,0.1239939,0.07228927,6.999545e+07,0.4416809,9.682689e+08,0.03078228546054715,0.0025172708028220704,34319980.93966061,3124429.161663784,0.0910382,0.025360683158234837,0.02856546968305232,0.0023238617158947714
1242,0.72,0.07228927405616467,0.1239939,0.07228927,6.999545e+07,0.4416809,9.682689e+08,3.5547359461067425e-09,0.0,421152923.42066425,49602083.34400323,0.1177769,0.31121013356079763,0.2887129795085639,0.034003718000828694
1243,0.72,0.07228927405616467,0.1239939,0.07228927,6.999545e+07,0.4416809,9.682689e+08,0.0,0.0,575527366.5244731,68838300.32837646,0.1196091,0.4252848280126344,0.3945412965285002,0.04719072253051763
1244,0.72,0.07228927405616467,0.1239939,0.07228927,6.999545e+07,0.4416809,9.682689e+08,0.0,0.0,226197038.6136694,25694161.82901297,0.1135919,0.16714786169892928,0.15506486411667347,0.017614119694168887
1245,0.72,0.07228927405616467,0.1239939,0.07228927,6.999545e+07,0.4416809,9.682689e+08,0.0038009830177041515,2.1386902741788882e-05,128052781.00914837,15628270.499151926,0.1220455,0.09462435344627432,0.08840612899099484,0.010715194887983188
1246,0.72,0.07228927405616467,0.1239939,0.07228927,6.999545e+07,0.4416809,9.682689e+08,6.103737856514524e-09,0.0,207012952.01343343,28994882.578085862,0.1400631,0.15297181822139658,0.14191359753011012,0.01987686290946022
1247,0.72,0.07228927405616467,0.1239939,0.07228927,6.999545e+07,0.4416809,9.682689e+08,0.0275818715076166,0.015194059037900502,13889.72070514008,1738.061935498928,0.125133,1.0263782097628263e-05,0.004523806622775984,0.0010995589914782606
1248,0.72,0.07228927405616467,0.1239939,0.07228927,6.999545e+07,0.4416809,9.682689e+08,0.0020199587685073204,2.00996329637338e-06,166558093.4424376,25020972.29280011,0.1502237,0.12307777917067524,0.11451117957634188,0.017152773345685598
1249,0.72,0.07228927405616467,0.1239939,0.07228927,6.999545e+07,0.4416809,9.682689e+08,0.0,0.0,391423207.22051644,57722862.00751266,0.1474692,0.2892414176031236,0.2683323654976178,0.039570755693702234
1250,0.72,0.07228927405616467,0.1239939,0.07228927,6.999545e+07,0.4416809,9.682689e+08,0.004602341646426072,0.0,124791793.492278,17359386.32626523,0.1391068,0.09221465306375637,0.08630178130130557,0.011900380740300665
1251,0.72,0.07228927405616467,0.1239939,0.07228927,6.999545e+07,0.4416809,9.682689e+08,0.006527754941457305,0.0020408899994032543,16721.835679902117,2092.835508508859,0.1251558,1.2356567949371877e-05,0.0010798514796889881,0.00014896915808769592
1252,0.72,0.07228927405616467,0.1239939,0.07228927,6.999545e+07,0.4416809,9.682689e+08,3.2759519222601923e-12,0.0,413311954.2340649,54591882.82297173,0.132084,0.3054160646321336,0.2833377590353221,0.0374243754193248
1253,0.72,0.07228927405616467,0.1239939,0.07228927,6.999545e+07,0.4416809,9.682689e+08,2.838244374821797e-05,0.0,137610232.41522864,19810130.10021773,0.1439583,0.10168681357222753,0.09434059295130316,0.013580439208890016
1254,0.72,0.07228927405616467,0.1239939,0.07228927,6.999545e+07,0.4416809,9.682689e+08,0.03305215881250147,0.0006164204090342112,74342821.00896476,8662439.239282625,0.1165202,0.05493548297746707,0.05637383556382015,0.00598292287098772
1255,0.72,0.07228927405616467,0.1239939,0.07228927,6.999545e+07,0.4416809,9.682689e+08,0.0,0.0,81091940.87273563,10690688.784765191,0.1318342,0.05992273197282548,0.0555909611790478,0.0073287882718685565
1256,0.72,0.07228927405616467,0.1239939,0.07228927,6.999545e+07,0.4416809,9.682689e+08,0.0,0.0,520969162.9666452,80436434.07054593,0.1543977,0.3849691496168574,0.3571400092570357,0.055141591577075655
1257,0.72,0.07228927405616467,0.1239939,0.07228927,6.999545e+07,0.4416809,9.682689e+08,1.2171474397658296e-06,0.0,421343248.2301119,64618881.122994095,0.153364,0.31135077370853076,0.28884365150906743,0.04429818392902261
1258,0.72,0.07228927405616467,0.1239939,0.07228927,6.999545e+07,0.4416809,9.682689e+08,3.1625432888471264e-07,0.0,293359283.8407362,42885508.54951565,0.1461877,0.21677727216957962,0.20110665229345118,0.029399304237412823
1259,0.72,0.07228927405616467,0.1239939,0.07228927,6.999545e+07,0.4416809,9.682689e+08,0.0,0.0,246631776.35431966,36385152.27278064,0.1475282,0.18224807140398108,0.1690734906240512,0.0249431147623444
1260,0.72,0.07228927405616467,0.1239939,0.07228927,6.999545e+07,0.4416809,9.682689e+08,5.253341979904993e-05,0.0,359155503.3656512,54649422.25358988,0.1521609,0.26539726060473445,0.2462204833675515,0.03746382042729148
1261,0.72,0.07228927405616467,0.1239939,0.07228927,6.999545e+07,0.4416809,9.682689e+08,0.0011100617280842755,5.850625313070208e-07,181265893.79231063,24034348.22296053,0.1325917,0.13394607963050043,0.12444489696020425,0.016476309906123535
1262,0.72,0.07228927405616467,0.1239939,0.07228927,6.999545e+07,0.4416809,9.682689e+08,0.0459696746030676,3.0461442379634564e-05,52028161.04594211,10955488.478259642,0.2105684,0.038446108402902926,0.04319065693259105,0.0075125184509475034
1263,0.72,0.07228927405616467,0.1239939,0.07228927,6.999545e+07,0.4416809,9.682689e+08,0.0073783550418080185,1.732842009469873e-05,142307366.746415,16617651.413350133,0.116773,0.10515775184967933,0.09876357894769579,0.011393151837352561
1264,0.72,0.07228927405616467,0.1239939,0.07228927,6.999545e+07,0.4416809,9.682689e+08,0.005224330265237355,3.6875979154432605e-05,5678283.849561453,1169427.2781559327,0.2059473,0.004195956805583065,0.004747692671794454,0.0008043432623363222
1265,0.72,0.07228927405616467,0.1239939,0.07228927,6.999545e+07,0.4416809,9.682689e+08,8.220860444478627e-07,0.0,284140436.7130215,48758449.70005108,0.1715998,0.2099650230164923,0.1947869384750716,0.033425381798173434
1266,0.72,0.07228927405616467,0.1239939,0.07228927,6.999545e+07,0.4416809,9.682689e+08,1.3919497393075139e-08,0.0,327867423.2825139,38542231.66430461,0.1175543,0.24227699468695948,0.22476296889871378,0.02642185747615518
1267,0.72,0.07228927405616467,0.1239939,0.07228927,6.999545e+07,0.4416809,9.682689e+08,0.011475964072005239,0.00011287627217987413,107971149.71290943,14168998.456981275,0.1312295,0.07978507106147924,0.0758957205460512,0.009721433771882317
1268,0.72,0.07228927405616467,0.1239939,0.07228927,6.999545e+07,0.4416809,9.682689e+08,0.004179809389288258,6.26394464694619e-07,232494174.71140853,27481954.39277763,0.1182049,0.1718011181695497,0.16006584337979574,0.018839750477101208
1269,0.72,0.07228927405616467,0.1239939,0.07228927,6.999545e+07,0.4416809,9.682689e+08,0.0002091051485263933,1.6996011383180703e-06,145836479.11900356,14596285.147298152,0.1000867,0.10776558257279018,0.10000951077595682,0.010006314751411196
1270,0.72,0.07228927405616467,0.1239939,0.07228927,6.999545e+07,0.4416809,9.682689e+08,1.7121677385866215e-09,0.0,195976408.46715733,25699394.689448554,0.1311351,0.1448163858354852,0.1343477147122285,0.01761770697717382
1271,0.72,0.07228927405616467,0.1239939,0.07228927,6.999545e+07,0.4416809,9.682689e+08,0.0,0.0,347139597.2025719,38514830.983228505,0.1109491,0.2565181301181326,0.237974620709648,0.02640307348625942
1272,0.72,0.07228927405616467,0.1239939,0.07228927,6.999545e+07,0.4416809,9.682689e+08,0.0,0.0,4891816.690866374,1055948.545168446,0.2158602,0.0036147984284531417,0.0033534872742008986,0.0007238844446164603
1273,0.72,0.07228927405616467,0.1239939,0.07228927,6.999545e+07,0.4416809,9.682689e+08,2.6395546776508348e-05,0.0,390971386.6671649,48396805.07413204,0.1237861,0.28890754568407817,0.2680269490579863,0.033177463544599654
1274,0.72,0.07228927405616467,0.1239939,0.07228927,6.999545e+07,0.4416809,9.682689e+08,4.224850357843525e-05,1.196304544082154e-09,275506733.00608057,39238137.48751085,0.1424217,0.20358516445600056,0.18887505546001726,0.026898921906955708
1275,0.72,0.07228927405616467,0.1239939,0.07228927,6.999545e+07,0.4416809,9.682689e+08,0.0016605629481045777,0.0,210689111.19759083,36703313.7213619,0.174206,0.15568830889988974,0.14470549599352725,0.02516122399177458
1276,0.72,0.07228927405616467,0.1239939,0.07228927,6.999545e+07,0.4416809,9.682689e+08,3.228023111292857e-05,0.0,250262575.91796315,41860744.959799424,0.1672673,0.18493104367912622,0.1715677960395999,0.028696798016442968
1277,0.72,0.07228927405616467,0.1239939,0.07228927,6.999545e+07,0.4416809,9.682689e+08,0.006192041814141259,4.154341867326365e-06,130033723.84389709,13649497.611715695,0.1049689,0.09608816730080307,0.09015546592092978,0.009357440909096073
1278,0.72,0.07228927405616467,0.1239939,0.07228927,6.999545e+07,0.4416809,9.682689e+08,0.0,0.0,44145475.00003701,5815718.2161708865,0.1317398,0.03262121288220002,0.030263049084114164,0.003986849520482198
1279,0.72,0.07228927405616467,0.1239939,0.07228927,6.999545e+07,0.4416809,9.682689e+08,4.79260942545929e-09,0.0,384254190.2698381,53448503.07048535,0.1390967,0.283943886472153,0.26341778983079445,0.036640554255972305
1280,0.72,0.07228927405616467,0.1239939,0.07228927,6.999545e+07,0.4416809,9.682689e+08,0.000673241285471658,2.2377173922985728e-08,167945357.1177086,26676403.90089165,0.1588398,0.12410289496509631,0.11524177520201408,0.018287477755097016
1281,0.72,0.07228927405616467,0.1239939,0.07228927,6.999545e+07,0.4416809,9.682689e+08,6.215668522762023e-06,0.0,270628981.54612005,39380468.34627072,0.1455146,0.19998075950256647,0.1855253128823542,0.026996493899263646
1282,0.72,0.07228927405616467,0.1239939,0.07228927,6.999545e+07,0.4416809,9.682689e+08,9.26544573280447e-07,0.0,140156200.0864216,13993790.604922574,0.09984425,0.10356815143059502,0.09608143659454135,0.009593163782907137
1283,0.72,0.07228927405616467,0.1239939,0.07228927,6.999545e+07,0.4416809,9.682689e+08,4.648218799745284e-05,0.0,103908447.20310687,11203458.018581942,0.1078205,0.07678294494438101,0.07123996926657566,0.007680306983396905
1284,0.72,0.07228927405616467,0.1239939,0.07228927,6.999545e+07,0.4416809,9.682689e+08,0.0,0.0,190057704.3660959,28348720.212845962,0.1491585,0.140442770952707,0.13029026499409957,0.01943389919969051
1285,0.72,0.07228927405616467,0.1239939,0.07228927,6.999545e+07,0.4416809,9.682689e+08,0.012681733574300406,0.008689730325426501,383004.36848269316,39924.785278953044,0.1042411,0.0002830203330936192,0.002338161891892467,0.0006555439364748653
1286,0.72,0.07228927405616467,0.1239939,0.07228927,6.999545e+07,0.4416809,9.682689e+08,0.0023740426811622987,0.0,183291410.38506097,31180415.40881743,0.1701139,0.13544283117680234,0.12604032334837967,0.021375111310486986
1287,0.72,0.07228927405616467,0.1239939,0.07228927,6.999545e+07,0.4416809,9.682689e+08,0.0,0.0,273724276.13743746,33344902.274252217,0.1218193,0.2022680214200428,0.1876462129868111,0.022858932070157566
1288,0.72,0.07228927405616467,0.1239939,0.07228927,6.999545e+07,0.4416809,9.682689e+08,1.2954050239795294e-07,0.0,299228666.06474257,43905145.95082089,0.1467277,0.22111444074724587,0.20513025954399824,0.030098296302254652
1289,0.72,0.07228927405616467,0.1239939,0.07228927,6.999545e+07,0.4416809,9.682689e+08,5.203669366842615e-06,0.0,87035096.84339589,13212729.203778034,0.1518092,0.06431441551708146,0.05966602478500357,0.009057722732142039
1290,0.72,0.07228927405616467,0.1239939,0.07228927,6.999545e+07,0.4416809,9.682689e+08,0.0,0.0,178577094.9725525,32986411.111645084,0.184718,0.13195919697272715,0.12241996241853424,0.022613175610402814
1291,0.72,0.07228927405616467,0.1239939,0.07228927,6.999545e+07,0.4416809,9.682689e+08,0.06347954852219295,0.00047788660540810257,16690506.804789662,3061324.495419403,0.1834171,0.01233341753804654,0.021831449136725113,0.002133175968593947
1292,0.72,0.07228927405616467,0.1239939,0.07228927,6.999545e+07,0.4416809,9.682689e+08,1.157816301630415e-06,0.0,463051538.895195,66351194.99341992,0.1432912,0.3421710339670785,0.3174359278166616,0.04548573711968925
1293,0.72,0.07228927405616467,0.1239939,0.07228927,6.999545e+07,0.4416809,9.682689e+08,0.0,0.0,408212974.8498627,60533987.867959246,0.1482902,0.30164818373440017,0.27984225551187975,0.04149786690716741
1294,0.72,0.07228927405616467,0.1239939,0.07228927,6.999545e+07,0.4416809,9.682689e+08,6.364475207397407e-07,0.0,437078431.3668988,71941838.2292945,0.1645971,0.3229782566803438,0.2996304971354363,0.049318290980733925
1295,0.72,0.07228927405616467,0.1239939,0.07228927,6.999545e+07,0.4416809,9.682689e+08,0.007370387927193295,1.3292234606475373e-05,62025313.199664265,10838181.296220127,0.174738,0.045833484541047124,0.0437265158906547,0.007430859704606754
1296,0.72,0.07228927405616467,0.1239939,0.07228927,6.999545e+07,0.4416809,9.682689e+08,0.0,0.0,97464521.42823243,16742919.139149133,0.1717848,0.07202121852736776,0.06681485692338393,0.011477773967071368
1297,0.72,0.07228927405616467,0.1239939,0.07228927,6.999545e+07,0.4416809,9.682689e+08,0.0008871648050827855,4.649030748532225e-09,214398004.44112635,38841541.77190674,0.1811656,0.15842898834788807,0.1471214727643619,0.026627043881192625
1298,0.72,0.07228927405616467,0.1239939,0.07228927,6.999545e+07,0.4416809,9.682689e+08,0.0005081720042759003,1.2630958998447695e-09,279520068.1705185,33756505.714329086,0.1207659,0.20655081066926795,0.1917025742832661,0.023141098682728248
1299,0.72,0.07228927405616467,0.1239939,0.07228927,6.999545e+07,0.4416809,9.682689e+08,0.011066679899685978,4.366669736513146e-05,110847320.00086078,14723071.073640935,0.132823,0.0819104115012104,0.07780043472294072,0.010096264083033726
1300,0.72,0.07228927405616467,0.1239939,0.07228927,6.999545e+07,0.4416809,9.682689e+08,8.066892246746895e-07,0.0,37227594.972428694,3981995.4315227875,0.1069635,0.027509258892035874,0.02552076656655988,0.002729777473156455
1301,0.72,0.07228927405616467,0.1239939,0.07228927,6.999545e+07,0.4416809,9.682689e+08,8.994996265471076e-06,0.0,333343302.68024904,47266010.3253153,0.1417938,0.24632338511657023,0.22851831862139513,0.03240226977927103
1302,0.72,0.07228927405616467,0.1239939,0.07228927,6.999545e+07,0.4416809,9.682689e+08,1.8431661930259205e-05,0.0,64987817.276532724,9584661.181608852,0.147484,0.04802262116616738,0.04455411742709703,0.006570573128806275
1303,0.72,0.07228927405616467,0.1239939,0.07228927,6.999545e+07,0.4416809,9.682689e+08,3.964433371562298e-08,0.0,358210329.85257274,53902355.90371657,0.1504768,0.26469882647573884,0.2455639469548194,0.0369516840052621
1304,0.72,0.07228927405616467,0.1239939,0.07228927,6.999545e+07,0.4416809,9.682689e+08,0.0,0.0,537095912.1518359,76845875.51723917,0.1430766,0.39688597955848814,0.3681953802131352,0.05268015584129486
1305,0.72,0.07228927405616467,0.1239939,0.07228927,6.999545e+07,0.4416809,9.682689e+08,7.295198829890597e-05,0.0,325018133.692372,35928141.07004616,0.110542,0.24017151768658793,0.22282163296990037,0.02462981985589403
1306,0.72,0.07228927405616467,0.1239939,0.07228927,6.999545e+07,0.4416809,9.682689e+08,0.0,0.0,131672373.83658479,24296369.363444477,0.1845214,0.09729904452549792,0.09026536723039123,0.01665589097435403
1307,0.72,0.07228927405616467,0.1239939,0.07228927,6.999545e+07,0.4416809,9.682689e+08,0.001950466425611017,0.0,85773396.71839534,14459204.027012417,0.1685745,0.06338208466389421,0.059119469779023666,0.009912218663098113
1308,0.72,0.07228927405616467,0.1239939,0.07228927,6.999545e+07,0.4416809,9.682689e+08,1.694032380977326e-06,0.0,235755339.80105463,32629274.440214448,0.1384031,0.17421094976912488,0.1616176439374963,0.022368347695033607
1309,0.72,0.07228927405616467,0.1239939,0.07228927,6.999545e+07,0.4416809,9.682689e+08,0.00803175591335165,1.074033271571487e-05,174576751.32667908,24017680.4368601,0.1375766,0.12900315081683272,0.12099215250445002,0.016465617755220704
1310,0.72,0.07228927405616467,0.1239939,0.07228927,6.999545e+07,0.4416809,9.682689e+08,0.024681268303831667,0.011499240273930008,18665.980423283287,2335.9121775398594,0.1251428,1.3793189925861974e-05,0.004052343383764022,0.0008328730695599318
1311,0.72,0.07228927405616467,0.1239939,0.07228927,6.999545e+07,0.4416809,9.682689e+08,0.013462066936328725,7.203957981848087e-05,127268082.06585743,14121650.734127538,0.1109599,0.09404450168847785,0.08944940985232265,0.009686023430864799
1312,0.72,0.07228927405616467,0.1239939,0.07228927,6.999545e+07,0.4416809,9.682689e+08,0.0,0.0,85574355.17949788,12641273.227815025,0.1477227,0.06323500330588935,0.05866379082196743,0.00866597249613338
1313,0.72,0.07228927405616467,0.1239939,0.07228927,6.999545e+07,0.4416809,9.682689e+08,0.0013443674367066367,8.780241342894378e-08,113612897.59045927,17326869.327541396,0.1525079,0.08395402968161185,0.07810508448531969,0.011878095708154297
1314,0.72,0.07228927405616467,0.1239939,0.07228927,6.999545e+07,0.4416809,9.682689e+08,0.004116613605585039,1.186990204462702e-05,82619955.0543077,11656141.696900079,0.1410814,0.06105185508009845,0.057312220959312286,0.007991493308478497
1315,0.72,0.07228927405616467,0.1239939,0.07228927,6.999545e+07,0.4416809,9.682689e+08,5.639583643585383e-07,0.0,331582784.47765875,37933701.05715721,0.1144019,0.24502245361521843,0.2273100506181594,0.026004691466880798
1316,0.72,0.07228927405616467,0.1239939,0.07228927,6.999545e+07,0.4416809,9.682689e+08,0.0,0.0,369526233.33158815,51977430.04532068,0.1406596,0.2730606913405541,0.2533213321902709,0.03563208951146933
1317,0.72,0.07228927405616467,0.1239939,0.07228927,6.999545e+07,0.4416809,9.682689e+08,0.052016866649842355,0.015119774571632667,404812.2084327662,33483.02997908287,0.0827125,0.00029913519400544947,0.008791035853299288,0.0011159511504368628
1318,0.72,0.07228927405616467,0.1239939,0.07228927,6.999545e+07,0.4416809,9.682689e+08,0.018968367779799575,2.6972445432835397e-05,58752895.288895406,9267255.023975268,0.1577327,0.0434153376911916,0.043381399618646475,0.006354931492506811
1319,0.72,0.07228927405616467,0.1239939,0.07228927,6.999545e+07,0.4416809,9.682689e+08,8.409664231060107e-07,0.0,161670255.17369333,19281488.58724133,0.1192643,0.11946592058951064,0.11082995355539507,0.013218039573251444
1320,0.72,0.07228927405616467,0.1239939,0.07228927,6.999545e+07,0.4416809,9.682689e+08,0.0,0.0,386794568.1774412,46448946.47799929,0.1200869,0.2858210937855886,0.2651592944058895,0.03184214797027115
1321,0.72,0.07228927405616467,0.1239939,0.07228927,6.999545e+07,0.4416809,9.682689e+08,1.1054555019906668e-07,0.0,114475438.03381811,13179600.304709932,0.1151304,0.08459140226447097,0.07847636929620881,0.009035011876757659
1322,0.72,0.07228927405616467,0.1239939,0.07228927,6.999545e+07,0.4416809,9.682689e+08,0.02566002489473196,0.015902032919028877,166921.74728285606,15271.365455265175,0.09148817,0.00012334650046869525,0.004314168833010965,0.0011600153954504097
1323,0.72,0.07228927405616467,0.1239939,0.07228927,6.999545e+07,0.4416809,9.682689e+08,2.3929182463533244e-06,0.0,340947134.25377554,50875913.100334264,0.1492194,0.2519422216673196,0.23372989300434147,0.03487696656006651
1324,0.72,0.07228927405616467,0.1239939,0.07228927,6.999545e+07,0.4416809,9.682689e+08,0.005342423614531436,0.001862017027505683,46850.446355459935,3568.0285690308206,0.07615784,3.462004620374498e-05,0.000906504092609823,0.0001370498499534432
1325,0.72,0.07228927405616467,0.1239939,0.07228927,6.999545e+07,0.4416809,9.682689e+08,0.019774716837920193,8.912061022480793e-07,71405726.1673462,11668025.124582386,0.1634046,0.052765122457310236,0.05218726920924755,0.007998846113130465
1326,0.72,0.07228927405616467,0.1239939,0.07228927,6.999545e+07,0.4416809,9.682689e+08,0.0,0.0,48830816.30335705,7349044.348918537,0.1505001,0.03608343672464909,0.03347499127837265,0.00503799064009317
1327,0.72,0.07228927405616467,0.1239939,0.07228927,6.999545e+07,0.4416809,9.682689e+08,0.0007727650510954843,0.0,177372171.98060384,28325239.14731392,0.1596938,0.13106882147156917,0.12172042884820462,0.019417802223981383
1328,0.72,0.07228927405616467,0.1239939,0.07228927,6.999545e+07,0.4416809,9.682689e+08,3.311077907143418e-08,0.0,427192637.7953554,66474833.027158566,0.1556086,0.3156731687498927,0.2928533899611468,0.04557049470545977
1329,0.72,0.07228927405616467,0.1239939,0.07228927,6.999545e+07,0.4416809,9.682689e+08,0.0194283544815287,0.0003920483943959718,68166362.1108143,7044717.806211887,0.103346,0.05037140068874879,0.049909899226413014,0.004857706548016707
1330,0.72,0.07228927405616467,0.1239939,0.07228927,6.999545e+07,0.4416809,9.682689e+08,1.84847418960605e-08,0.0,81950436.60295299,9718502.78970357,0.11859,0.06055711572277622,0.05617948881361239,0.006662325571276627
1331,0.72,0.07228927405616467,0.1239939,0.07228927,6.999545e+07,0.4416809,9.682689e+08,0.0,0.0,508658809.7415431,85291936.36520766,0.1676801,0.3758724380465142,0.348700892362411,0.05847018424192417
1332,0.72,0.07228927405616467,0.1239939,0.07228927,6.999545e+07,0.4416809,9.682689e+08,0.0,0.0,92670593.99010059,13801656.692759814,0.1489324,0.0684787551718146,0.06352847567217429,0.009461450215106595
1333,0.72,0.07228927405616467,0.1239939,0.07228927,6.999545e+07,0.4416809,9.682689e+08,5.33697655333044e-05,0.0,279790601.0824756,38345373.84698129,0.1370503,0.20675072043833456,0.19181359589917657,0.026286905529477923
1334,0.72,0.07228927405616467,0.1239939,0.07228927,6.999545e+07,0.4416809,9.682689e+08,0.028668967297035573,0.0038246008883723245,56143.78838837803,9604.998571234788,0.1710786,4.148734322212942e-05,0.004730696442409363,0.0002830621367952548
1335,0.72,0.07228927405616467,0.1239939,0.07228927,6.999545e+07,0.4416809,9.682689e+08,0.00438801303759225,8.556700459789292e-05,70711035.9014115,6871657.783443225,0.09717942,0.05225178243656681,0.049192718729209724,0.004716913387126755
1336,0.72,0.07228927405616467,0.1239939,0.07228927,6.999545e+07,0.4416809,9.682689e+08,0.005197183470029206,0.005732672937551224,45299.70633954341,5669.138963408226,0.1251474,3.347412988538808e-05,0.0008816697704975653,0.0004182971300969977
1337,0.72,0.07228927405616467,0.1239939,0.07228927,6.999545e+07,0.4416809,9.682689e+08,5.4455491040192175e-06,0.0,60126309.08295056,8381764.17948021,0.1394026,0.04443021914282817,0.04121928211994012,0.005745951103139491
1338,0.72,0.07228927405616467,0.1239939,0.07228927,6.999545e+07,0.4416809,9.682689e+08,5.457035146620493e-05,4.3252416866664315e-08,224793267.49374083,27012807.095724687,0.1201673,0.16611054776038778,0.15411146829978958,0.018518093758555523
1339,0.72,0.07228927405616467,0.1239939,0.07228927,6.999545e+07,0.4416809,9.682689e+08,1.1272184599575727e-05,0.0,238748677.15954244,23963277.514440328,0.1003703,0.17642287058772274,0.1636712342480937,0.016427546506978325
1340,0.72,0.07228927405616467,0.1239939,0.07228927,6.999545e+07,0.4416809,9.682689e+08,0.0,0.0,564230397.477578,66287856.3830341,0.1174837,0.4169369547096044,0.3867968849264591,0.0454423165998053
1341,0.72,0.07228927405616467,0.1239939,0.07228927,6.999545e+07,0.4416809,9.682689e+08,0.007469455504767704,1.8773123685959794e-05,131019739.58838265,18220969.781008407,0.1390704,0.09681678171725316,0.0910404817713676,0.012492379172884073
1342,0.72,0.07228927405616467,0.1239939,0.07228927,6.999545e+07,0.4416809,9.682689e+08,0.017103317185004074,0.0009965743713264074,147658.52896082998,18472.970262882674,0.125106,0.00010911198275926792,0.0029004994099642626,8.470541382308033e-05
1343,0.72,0.07228927405616467,0.1239939,0.07228927,6.999545e+07,0.4416809,9.682689e+08,0.0009452522406216623,7.74277957984338e-12,291920434.90394735,40532635.983981885,0.1388482,0.21571403754650043,0.20027493442824287,0.02778633942245398
1344,0.72,0.07228927405616467,0.1239939,0.07228927,6.999545e+07,0.4416809,9.682689e+08,0.0054190929104570166,9.106754851898273e-07,179245914.4074636,26264949.867824934,0.1465303,0.13245341979320807,0.12376539328669159,0.018005477871267796
1345,0.72,0.07228927405616467,0.1239939,0.07228927,6.999545e+07,0.4416809,9.682689e+08,0.0018126129385863223,5.257156678001009e-09,256234766.8186446,41743400.94361176,0.1629108,0.1893441825284444,0.17595329675058946,0.02861635554878938
1346,0.72,0.07228927405616467,0.1239939,0.07228927,6.999545e+07,0.4416809,9.682689e+08,0.0,0.0,445741124.2667165,48942205.42021883,0.1097996,0.3293795367485238,0.3055689291480172,0.03355135186371059
1347,0.72,0.07228927405616467,0.1239939,0.07228927,6.999545e+07,0.4416809,9.682689e+08,2.9628474159645845e-15,0.0,573979541.1021613,71581241.42433071,0.1247104,0.4241410654275524,0.3934802157103869,0.04907109103989776
1348,0.72,0.07228927405616467,0.1239939,0.07228927,6.999545e+07,0.4416809,9.682689e+08,4.3161496259764824e-06,0.0,234933079.92063156,37643671.383698076,0.1602315,0.17360334242989586,0.16105438924984794,0.025805867414274365
1349,0.72,0.07228927405616467,0.1239939,0.07228927,6.999545e+07,0.4416809,9.682689e+08,3.290875706206072e-08,0.0,309052453.4998985,42963166.08227564,0.1390158,0.228373709363824,0.211864745086528,0.02945254080867329
1350,0.72,0.07228927405616467,0.1239939,0.07228927,6.999545e+07,0.4416809,9.682689e+08,0.0006242504041600896,0.0,119536997.66534452,18431485.79526457,0.1541906,0.08833163190875126,0.08204837251777916,0.012635337128318973
1351,0.72,0.07228927405616467,0.1239939,0.07228927,6.999545e+07,0.4416809,9.682689e+08,0.04917996394698343,0.0005033050688753739,58390467.29436215,8000943.121566165,0.1370248,0.04314752222960402,0.04807763235546418,0.005521270387499753
1352,0.72,0.07228927405616467,0.1239939,0.07228927,6.999545e+07,0.4416809,9.682689e+08,6.129740481251254e-09,0.0,520413166.8704111,56189156.14241632,0.1079703,0.3845582973830348,0.3567588582361862,0.038519354256160446
1353,0.72,0.07228927405616467,0.1239939,0.07228927,6.999545e+07,0.4416809,9.682689e+08,0.07706147851854013,0.0015878762475981863,28505385.959550027,4622662.01976414,0.162168,0.021063999507876567,0.03215383840648371,0.0032837600839501495
1354,0.72,0.07228927405616467,0.1239939,0.07228927,6.999545e+07,0.4416809,9.682689e+08,5.278577360897546e-06,0.0,207381845.0269511,25414065.75611355,0.1225472,0.15324441099618735,0.14216734770918932,0.017422105423115838
1355,0.72,0.07228927405616467,0.1239939,0.07228927,6.999545e+07,0.4416809,9.682689e+08,0.0016767030236628981,6.929380008664615e-07,262267905.30211592,31130492.293204762,0.1186973,0.19380235847551364,0.18006695021668553,0.021340937607208378
1357,0.72,0.07228927405616467,0.1239939,0.07228927,6.999545e+07,0.4416809,9.682689e+08,1.0873162484558078e-05,0.0,352503696.07014394,46444318.78045583,0.1317556,0.260481920542408,0.24165365119633456,0.031838975544605685
1358,0.72,0.07228927405616467,0.1239939,0.07228927,6.999545e+07,0.4416809,9.682689e+08,0.010228184866720553,5.521624068693544e-06,58808476.58927443,8845121.658465216,0.1504056,0.04345640938499334,0.04198900924149424,0.006063995726774488
1359,0.72,0.07228927405616467,0.1239939,0.07228927,6.999545e+07,0.4416809,9.682689e+08,3.904257934452351e-05,0.0,26265454.78068751,3184061.9218593743,0.1212262,0.01940880672023321,0.018012148214319484,0.002182770085224099
1360,0.72,0.07228927405616467,0.1239939,0.07228927,6.999545e+07,0.4416809,9.682689e+08,0.0,0.0,57419981.44174321,5736663.8216037,0.0999071,0.042430383596540965,0.03936312196842241,0.00393265535849618
1361,0.72,0.07228927405616467,0.1239939,0.07228927,6.999545e+07,0.4416809,9.682689e+08,5.352214197406861e-05,0.0,307270481.4257259,41492502.03478464,0.1350358,0.2270569245657972,0.21065190421065913,0.02844435643064984
1362,0.72,0.07228927405616467,0.1239939,0.07228927,6.999545e+07,0.4416809,9.682689e+08,0.010569424816694687,6.092227966144338e-06,85629691.60961047,11671106.789326927,0.1362974,0.06327589405328402,0.06043160799735204,0.008001334664969885
1363,0.72,0.07228927405616467,0.1239939,0.07228927,6.999545e+07,0.4416809,9.682689e+08,0.0,0.0,83202994.00450775,12995296.227995107,0.1561878,0.06148269057825708,0.05703815150933507,0.008908665896336824
1364,0.72,0.07228927405616467,0.1239939,0.07228927,6.999545e+07,0.4416809,9.682689e+08,0.0,0.0,24215205.2404557,2926932.690453477,0.1208717,0.017893778810498893,0.016600250530166342,0.0020065002738563274
1365,0.72,0.07228927405616467,0.1239939,0.07228927,6.999545e+07,0.4416809,9.682689e+08,4.7048479039189226e-07,0.0,334054341.3924372,52460337.15251704,0.1570413,0.24684880578987267,0.22900436182125308,0.03596313683824832
1366,0.72,0.07228927405616467,0.1239939,0.07228927,6.999545e+07,0.4416809,9.682689e+08,0.0,0.0,475217054.2340025,65529545.76071513,0.1378939,0.35116071786307407,0.32577556449171075,0.04492247189127685
1367,0.72,0.07228927405616467,0.1239939,0.07228927,6.999545e+07,0.4416809,9.682689e+08,0.0024792910513222136,1.025987791423823e-06,169641305.9848216,27676439.216585174,0.1631468,0.12535611308159347,0.11669999262958192,0.018973104551758706
1368,0.72,0.07228927405616467,0.1239939,0.07228927,6.999545e+07,0.4416809,9.682689e+08,0.00033015411694849823,0.0,189365535.48414183,24072234.478683837,0.1271205,0.13993129410375157,0.12986979827948578,0.016502239778643304
1369,0.72,0.07228927405616467,0.1239939,0.07228927,6.999545e+07,0.4416809,9.682689e+08,0.003747362486418212,0.0001842939491844509,52091755.704991736,7371732.006552154,0.1415144,0.03849310155250721,0.03632378855410751,0.005066866186656291
1370,0.72,0.07228927405616467,0.1239939,0.07228927,6.999545e+07,0.4416809,9.682689e+08,0.002384309136370087,3.91722957883367e-06,171358070.99338704,24816692.35178145,0.1448236,0.12662471324532665,0.1178613410565071,0.017012871185176224
1371,0.72,0.07228927405616467,0.1239939,0.07228927,6.999545e+07,0.4416809,9.682689e+08,0.02115392810902382,4.44768593578305e-06,37279959.28721407,7396577.217757852,0.1984063,0.02754795340059067,0.02901876450057939,0.005070897369386788
1372,0.72,0.07228927405616467,0.1239939,0.07228927,6.999545e+07,0.4416809,9.682689e+08,0.00026721041185718766,0.0,252070769.86006618,36310769.39093685,0.1440499,0.18626720507545502,0.17284581797962967,0.02489212306264574
1373,0.72,0.07228927405616467,0.1239939,0.07228927,6.999545e+07,0.4416809,9.682689e+08,0.054510935284091,0.004374123884093024,9382153.160684539,1064489.542225351,0.113459,0.0069329238284974734,0.015353473309830248,0.0010459417948526747
1374,0.72,0.07228927405616467,0.1239939,0.07228927,6.999545e+07,0.4416809,9.682689e+08,4.660315696582135e-05,0.0,30650951.717470214,4073287.2376754987,0.1328927,0.022649461151268434,0.021019775517813498,0.002792360748352262
1375,0.72,0.07228927405616467,0.1239939,0.07228927,6.999545e+07,0.4416809,9.682689e+08,0.0004640400202394019,0.0,203731244.130852,28036922.106232002,0.1376172,0.15054680656494046,0.13973983596222528,0.019220152232310862
1376,0.72,0.07228927405616467,0.1239939,0.07228927,6.999545e+07,0.4416809,9.682689e+08,0.027698796433036237,8.430373610147071e-05,83904665.57338847,12201176.933628798,0.1454171,0.06200118941923288,0.06205259018005247,0.008370367523438968
1377,0.72,0.07228927405616467,0.1239939,0.07228927,6.999545e+07,0.4416809,9.682689e+08,6.544154195819336e-05,0.0,283118716.22622615,30603056.51158824,0.1080927,0.20921002465016306,0.19409709456494223,0.020979314444647793
1378,0.72,0.07228927405616467,0.1239939,0.07228927,6.999545e+07,0.4416809,9.682689e+08,0.06713346862128759,0.004188880059675649,18972729.334275816,2187613.794674655,0.1153031,0.014019861436970687,0.023994013019804958,0.0018024860629367325
1379,0.72,0.07228927405616467,0.1239939,0.07228927,6.999545e+07,0.4416809,9.682689e+08,0.0807733275529763,0.03714522853518034,1549168.4749787222,141678.71653362905,0.09145469,0.001144755031237781,0.014282054586764958,0.0027823266211623467
1380,0.72,0.07228927405616467,0.1239939,0.07228927,6.999545e+07,0.4416809,9.682689e+08,0.0,0.0,86576695.85971971,9657630.81390943,0.11155,0.0639756810018475,0.059350925464975175,0.0066205960034941185
1381,0.72,0.07228927405616467,0.1239939,0.07228927,6.999545e+07,0.4416809,9.682689e+08,0.030032286751936976,0.0010576064307439939,82525516.23296149,7889688.169901879,0.09560302,0.06098206969676129,0.06148906084979177,0.005485071819492362
1382,0.72,0.07228927405616467,0.1239939,0.07228927,6.999545e+07,0.4416809,9.682689e+08,0.0,0.0,101888271.26200798,11658425.794725861,0.1144236,0.07529013986222864,0.06984747030800102,0.007992201059542245
1383,0.72,0.07228927405616467,0.1239939,0.07228927,6.999545e+07,0.4416809,9.682689e+08,0.0,0.0,151738511.54963708,20968630.095069442,0.1381892,0.11212687795713439,0.10402130734742895,0.01437462575254175
1384,0.72,0.07228927405616467,0.1239939,0.07228927,6.999545e+07,0.4416809,9.682689e+08,8.649968763656756e-06,0.0,277249529.21688414,39854991.647340536,0.1437513,0.2048730003259933,0.19006429558652818,0.027321793875123457
1385,0.72,0.07228927405616467,0.1239939,0.07228927,6.999545e+07,0.4416809,9.682689e+08,0.0004948328746767265,3.62204135774229e-07,215688070.63796315,32475758.268621724,0.1505682,0.15938228025468276,0.14794163949470274,0.022263133931806154
1386,0.72,0.07228927405616467,0.1239939,0.07228927,6.999545e+07,0.4416809,9.682689e+08,0.0,0.0,279010754.14572614,33105062.82202165,0.1186516,0.2061744540613341,0.19127025244831417,0.022694514921737376
1387,0.72,0.07228927405616467,0.1239939,0.07228927,6.999545e+07,0.4416809,9.682689e+08,2.5347333995403136e-06,0.0,299361758.9293182,34436940.54250832,0.1150345,0.22121278946063994,0.2052218923547207,0.02360755710395633
1388,0.72,0.07228927405616467,0.1239939,0.07228927,6.999545e+07,0.4416809,9.682689e+08,0.0373921543980728,4.4815250656250425e-05,63006433.85629439,10903713.459132554,0.1730571,0.04655848174184808,0.049312722432865976,0.007478062746580439
1389,0.72,0.07228927405616467,0.1239939,0.07228927,6.999545e+07,0.4416809,9.682689e+08,5.201201078400531e-06,2.996790884619599e-09,221240628.06139806,26495835.576428063,0.1197603,0.16348533176223498,0.15166794708332904,0.018163691344059173
1390,0.72,0.07228927405616467,0.1239939,0.07228927,6.999545e+07,0.4416809,9.682689e+08,0.00015383055233780495,3.1835286831810913e-14,240849618.2381963,35034692.45641374,0.1454629,0.17797535691117197,0.16513482478298805,0.02401733399526239
1391,0.72,0.07228927405616467,0.1239939,0.07228927,6.999545e+07,0.4416809,9.682689e+08,0.00019584274729888342,0.0,245853845.85574362,30562182.32796343,0.1243104,0.18167322117524112,0.1685722491987075,0.02095129396405925
1392,0.72,0.07228927405616467,0.1239939,0.07228927,6.999545e+07,0.4416809,9.682689e+08,0.0,0.0,315699797.1795365,46542184.62525807,0.1474254,0.23328575104588625,0.21642169345513196,0.03190606552075627
1393,0.72,0.07228927405616467,0.1239939,0.07228927,6.999545e+07,0.4416809,9.682689e+08,0.0673524664777899,0.001221850200275584,38946804.00961459,5050779.942409167,0.1296841,0.028779665065964143,0.03772268421996939,0.00355078802180219
1394,0.72,0.07228927405616467,0.1239939,0.07228927,6.999545e+07,0.4416809,9.682689e+08,0.00041372237971387226,0.0,293616545.1833475,35318661.60551159,0.1202884,0.2169673749382932,0.20135067425041409,0.02421200337638047
1395,0.72,0.07228927405616467,0.1239939,0.07228927,6.999545e+07,0.4416809,9.682689e+08,0.0,0.0,385820106.64307487,53599503.88854088,0.1389236,0.28510101733023163,0.2644912717547551,0.036744069852271855
1396,0.72,0.07228927405616467,0.1239939,0.07228927,6.999545e+07,0.4416809,9.682689e+08,1.986076700411835e-06,0.0,237176571.6364701,36224262.275146216,0.1527312,0.17526116626941193,0.16259198884784487,0.024832819836408056
1397,0.72,0.07228927405616467,0.1239939,0.07228927,6.999545e+07,0.4416809,9.682689e+08,0.02066517015006877,0.0003081962067311887,34857045.278657444,4205695.916541416,0.1206555,0.025757545806871854,0.027277789867650403,0.002905410154847682
1398,0.72,0.07228927405616467,0.1239939,0.07228927,6.999545e+07,0.4416809,9.682689e+08,0.0,0.0,37541149.958703674,4784420.668598437,0.1274447,0.027740959739235793,0.02573558589806514,0.003279864075145265
1399,0.72,0.07228927405616467,0.1239939,0.07228927,6.999545e+07,0.4416809,9.682689e+08,0.0,0.0,41533589.093459174,5427697.710121207,0.1306821,0.030691164872015005,0.028472522843478974,0.0037208498088421166
1400,0.72,0.07228927405616467,0.1239939,0.07228927,6.999545e+07,0.4416809,9.682689e+08,0.0,0.0,267985375.8422447,49702728.220387086,0.1854681,0.19802727220986788,0.183712024458494,0.0340727130866006
1401,0.72,0.07228927405616467,0.1239939,0.07228927,6.999545e+07,0.4416809,9.682689e+08,0.0,0.0,210498531.065572,29530548.068938978,0.1402886,0.15554748008203922,0.14430306566564288,0.020244077692908365
1402,0.72,0.07228927405616467,0.1239939,0.07228927,6.999545e+07,0.4416809,9.682689e+08,0.0,0.0,145174127.69827956,22250214.790107228,0.1532657,0.10727613927881163,0.09952122504679832,0.015253190555193563
1403,0.72,0.07228927405616467,0.1239939,0.07228927,6.999545e+07,0.4416809,9.682689e+08,3.472690583263855e-07,0.0,395373897.3328761,58438596.94333924,0.1478059,0.29216077237701105,0.2710407390712103,0.04006141349031938
1404,0.72,0.07228927405616467,0.1239939,0.07228927,6.999545e+07,0.4416809,9.682689e+08,5.9303657744030015e-08,0.0,378136719.4791335,53431550.40947774,0.1413022,0.2794233933306918,0.25922408877864933,0.03662893269765451
1405,0.72,0.07228927405616467,0.1239939,0.07228927,6.999545e+07,0.4416809,9.682689e+08,0.003532795380472833,0.00010828377377271641,21695092.995223287,3144498.926552652,0.1449406,0.01603154676885257,0.015450845373714347,0.002163476219009083
1406,0.72,0.07228927405616467,0.1239939,0.07228927,6.999545e+07,0.4416809,9.682689e+08,0.02924080621784446,0.0005128431875794714,80990132.96291876,9641120.013505377,0.1190407,0.05984750121589682,0.06030696903267636,0.0066463504156267375
1407,0.72,0.07228927405616467,0.1239939,0.07228927,6.999545e+07,0.4416809,9.682689e+08,0.000572898524577726,0.0,114153626.20053487,17615029.183465898,0.1543099,0.084353600036235,0.0783495049940404,0.012075631597505406
1408,0.72,0.07228927405616467,0.1239939,0.07228927,6.999545e+07,0.4416809,9.682689e+08,0.04114100442575586,0.003050438933019982,2668418.660290483,338404.4678266861,0.1268184,0.001971822778576917,0.008562769511356497,0.0004525004431712265
1409,0.72,0.07228927405616467,0.1239939,0.07228927,6.999545e+07,0.4416809,9.682689e+08,0.0,0.0,363297314.58444256,49968727.70965267,0.1375422,0.26845784394846256,0.24905122129474502,0.03425506372616189
1410,0.72,0.07228927405616467,0.1239939,0.07228927,6.999545e+07,0.4416809,9.682689e+08,0.03886847219530997,0.00019755385415792275,46680256.4252618,8155711.895892928,0.1747144,0.03449428468586812,0.03836226421124969,0.005605266497645402
1411,0.72,0.07228927405616467,0.1239939,0.07228927,6.999545e+07,0.4416809,9.682689e+08,0.0,0.0,336620494.05570984,37241629.38626597,0.1106339,0.2487450593088748,0.23076345954637859,0.025530255549136367
1412,0.72,0.07228927405616467,0.1239939,0.07228927,6.999545e+07,0.4416809,9.682689e+08,0.0012104408002438442,0.0,291222486.7119237,39777446.14642465,0.1365878,0.21519829008761068,0.19983987300468742,0.027268634105057154
1413,0.72,0.07228927405616467,0.1239939,0.07228927,6.999545e+07,0.4416809,9.682689e+08,0.0,0.0,71037410.4036608,8943445.8561532,0.1258977,0.05249295624016021,0.048698278540497,0.006131000763399981
1414,0.72,0.07228927405616467,0.1239939,0.07228927,6.999545e+07,0.4416809,9.682689e+08,0.013472697352437106,7.686357219453933e-05,110362016.77147247,16667167.362283299,0.1510227,0.08155179762383605,0.07786153416025877,0.011431400260553714
1415,0.72,0.07228927405616467,0.1239939,0.07228927,6.999545e+07,0.4416809,9.682689e+08,1.046690811980304e-07,0.0,285400995.0129249,36038821.06382587,0.1262743,0.21089651012024502,0.1956509716337102,0.024705694316059696
1416,0.72,0.07228927405616467,0.1239939,0.07228927,6.999545e+07,0.4416809,9.682689e+08,0.003930443742637148,1.6975873371914214e-05,33488594.901757456,4591499.372172427,0.1371064,0.024746332062687563,0.023600727694305837,0.0031488379053445947
1417,0.72,0.07228927405616467,0.1239939,0.07228927,6.999545e+07,0.4416809,9.682689e+08,0.0007087569313895621,0.0,195771382.1965736,24189458.639396433,0.1235597,0.14466488207164188,0.1343231639815983,0.01658260046180475
1418,0.72,0.07228927405616467,0.1239939,0.07228927,6.999545e+07,0.4416809,9.682689e+08,8.058783811469542e-06,0.0,334830634.66733146,38715171.24119861,0.1156261,0.24742244619535758,0.2295377761441226,0.026540412750600064
1419,0.72,0.07228927405616467,0.1239939,0.07228927,6.999545e+07,0.4416809,9.682689e+08,0.024808573421900064,0.0007907742180231715,67328578.17349535,6973324.671619993,0.1035715,0.04975232187787301,0.05021614578379386,0.004837588010197955
1420,0.72,0.07228927405616467,0.1239939,0.07228927,6.999545e+07,0.4416809,9.682689e+08,1.304109325675069e-09,0.0,398862823.1923463,56145481.08903198,0.1407639,0.2947389073544214,0.27343244591910476,0.03848941369522366
1421,0.72,0.07228927405616467,0.1239939,0.07228927,6.999545e+07,0.4416809,9.682689e+08,0.003999953822229643,2.7105405228121714e-05,69040483.2678578,8958883.083280655,0.1297628,0.051017330817459086,0.04798399163401476,0.0061435428763416755
1422,0.72,0.07228927405616467,0.1239939,0.07228927,6.999545e+07,0.4416809,9.682689e+08,0.0010153717013539041,0.0,173843094.28704417,18244250.591020115,0.1049467,0.12846101637445928,0.11934084716611106,0.012506981771936031
1423,0.72,0.07228927405616467,0.1239939,0.07228927,6.999545e+07,0.4416809,9.682689e+08,0.0059510398632263255,4.831791776372026e-07,164232402.00242743,25974007.22754599,0.158154,0.12135921400487244,0.11356024256526437,0.017805997049086402
1424,0.72,0.07228927405616467,0.1239939,0.07228927,6.999545e+07,0.4416809,9.682689e+08,0.021917594647648638,3.583972456807091e-05,61172456.84691018,10328754.305665204,0.1688465,0.045203267998103494,0.0455227774145114,0.00708326214290449
1425,0.72,0.07228927405616467,0.1239939,0.07228927,6.999545e+07,0.4416809,9.682689e+08,1.2875912219949805e-05,0.0,12493418.164880583,1430668.7620889272,0.1145138,0.009231987051505788,0.008566720791286316,0.0009807664085655385
1426,0.72,0.07228927405616467,0.1239939,0.07228927,6.999545e+07,0.4416809,9.682689e+08,0.0,0.0,388944971.9742087,56505988.81156003,0.1452802,0.2874101304883761,0.2666334607989838,0.038736552567374426
1427,0.72,0.07228927405616467,0.1239939,0.07228927,6.999545e+07,0.4416809,9.682689e+08,0.003754959571391589,1.7715142564972396e-06,171956403.25796014,20107993.19467143,0.1169366,0.1270668497083936,0.11849584815922178,0.013784761368355653
1428,0.72,0.07228927405616467,0.1239939,0.07228927,6.999545e+07,0.4416809,9.682689e+08,0.023157130203673694,0.00031480398365580514,93308441.89126305,10534540.649564395,0.1129002,0.06895009163767589,0.06775583339404859,0.007244500986507461
1429,0.72,0.07228927405616467,0.1239939,0.07228927,6.999545e+07,0.4416809,9.682689e+08,4.3393982789766676e-07,0.0,31783870.45994399,3684115.4962073923,0.1159115,0.0234866292523352,0.021788868895958227,0.00252557183025387
1430,0.72,0.07228927405616467,0.1239939,0.07228927,6.999545e+07,0.4416809,9.682689e+08,3.659650171117762e-08,0.0,273465291.59006023,41389558.88260281,0.1513521,0.20207664529251929,0.18746867729031416,0.028373785807786465
1431,0.72,0.07228927405616467,0.1239939,0.07228927,6.999545e+07,0.4416809,9.682689e+08,5.75474185510079e-08,0.0,351381765.53314626,45672436.89567432,0.1299795,0.2596528721544042,0.24088276393846647,0.031309827328027166
1432,0.72,0.07228927405616467,0.1239939,0.07228927,6.999545e+07,0.4416809,9.682689e+08,1.2760480968857725e-10,0.0,595425180.4742966,71403755.02644797,0.1199206,0.43998827892684605,0.40818184567088794,0.04894941878309492
1433,0.72,0.07228927405616467,0.1239939,0.07228927,6.999545e+07,0.4416809,9.682689e+08,0.019280619346792954,0.0017814137398929543,4376312.755059623,471840.11891269457,0.1078168,0.003233867797815462,0.006155724774287686,0.00045223767994847917
1434,0.72,0.07228927405616467,0.1239939,0.07228927,6.999545e+07,0.4416809,9.682689e+08,3.1195094809312737e-09,0.0,503247653.36891586,85226777.05606037,0.1693536,0.37187387457041166,0.34499138264782886,0.05842551557835198
1435,0.72,0.07228927405616467,0.1239939,0.07228927,6.999545e+07,0.4416809,9.682689e+08,0.0,0.0,90250039.97217399,13186972.39736749,0.146116,0.06669009148858134,0.06186911318813258,0.009040065667705613
1436,0.72,0.07228927405616467,0.1239939,0.07228927,6.999545e+07,0.4416809,9.682689e+08,0.0014034493529187669,8.078470955840968e-07,146352507.4553067,17488990.10654492,0.1194991,0.10814690070815464,0.10055874027933295,0.011989286423194771
1437,0.72,0.07228927405616467,0.1239939,0.07228927,6.999545e+07,0.4416809,9.682689e+08,0.0,0.0,181916767.5356133,23980302.29713169,0.1318202,0.13442704151707416,0.12470940827228694,0.01643921750687661
1438,0.72,0.07228927405616467,0.1239939,0.07228927,6.999545e+07,0.4416809,9.682689e+08,0.0,0.0,253941496.93392336,38372523.072654925,0.1511077,0.18764957520785794,0.17408452363913418,0.02630551713914248
1439,0.72,0.07228927405616467,0.1239939,0.07228927,6.999545e+07,0.4416809,9.682689e+08,0.0,0.0,145606318.6943606,18738914.78546236,0.1286958,0.10759550597469425,0.09981750495607786,0.012846088935162769
1440,0.72,0.07228927405616467,0.1239939,0.07228927,6.999545e+07,0.4416809,9.682689e+08,0.0,0.0,28520039.440939352,4826268.468019073,0.1692238,0.021074827669446152,0.019551343676363117,0.0033085519986057743
1441,0.72,0.07228927405616467,0.1239939,0.07228927,6.999545e+07,0.4416809,9.682689e+08,1.8033375871924028e-05,6.957212616436439e-09,206282065.32140964,24453704.309015743,0.118545,0.15243173092200168,0.1414155032469316,0.016763749308251922
1442,0.72,0.07228927405616467,0.1239939,0.07228927,6.999545e+07,0.4416809,9.682689e+08,0.0,0.0,284407177.9150117,36165655.62834301,0.1271615,0.21016213090885427,0.19496966303135654,0.02479264321969118
1443,0.72,0.07228927405616467,0.1239939,0.07228927,6.999545e+07,0.4416809,9.682689e+08,0.016237213217216565,1.780822785417763e-05,145516319.14826822,17158869.161663167,0.1179171,0.10752900098517089,0.10241332864021739,0.011764207545013979
1444,0.72,0.07228927405616467,0.1239939,0.07228927,6.999545e+07,0.4416809,9.682689e+08,0.0,0.0,112833048.17105842,17382259.46873032,0.1540529,0.08337776147006097,0.0773504436209622,0.011916060966487571
1445,0.72,0.07228927405616467,0.1239939,0.07228927,6.999545e+07,0.4416809,9.682689e+08,0.0,0.0,556643004.8372487,74680402.03031911,0.1341621,0.41133026567656505,0.38159549937347675,0.051195658722961564
1446,0.72,0.07228927405616467,0.1239939,0.07228927,6.999545e+07,0.4416809,9.682689e+08,0.0,0.0,338902056.83347034,38819273.49064941,0.1145442,0.2504310156855446,0.23232753936048856,0.02661177796945644
1447,0.72,0.07228927405616467,0.1239939,0.07228927,6.999545e+07,0.4416809,9.682689e+08,0.0,0.0,189986134.18747112,28671615.49825932,0.1509143,0.14038988430842614,0.13024120148694104,0.019655253616456564
1448,0.72,0.07228927405616467,0.1239939,0.07228927,6.999545e+07,0.4416809,9.682689e+08,0.00048072166077333897,0.0,68405781.75794499,8731884.545593094,0.1276483,0.050548319371291554,0.04697289707436889,0.005985969130468755
1449,0.72,0.07228927405616467,0.1239939,0.07228927,6.999545e+07,0.4416809,9.682689e+08,6.414986702625044e-05,5.742162879911449e-09,271715581.47072417,28334219.357700508,0.104279,0.200783700403265,0.18627969177425646,0.01942395884303146
1450,0.72,0.07228927405616467,0.1239939,0.07228927,6.999545e+07,0.4416809,9.682689e+08,4.791780510539561e-05,0.0,181195986.90730315,26587701.19839033,0.1467345,0.13389442207380275,0.12422313413940073,0.01822666777059196
1451,0.72,0.07228927405616467,0.1239939,0.07228927,6.999545e+07,0.4416809,9.682689e+08,0.0017774638432869405,0.0,229020794.5473542,34740146.81581452,0.1516899,0.16923447065352837,0.15729154854727345,0.023815414111535683
1452,0.72,0.07228927405616467,0.1239939,0.07228927,6.999545e+07,0.4416809,9.682689e+08,0.0,0.0,54804354.8385344,10297955.674077662,0.187904,0.04049757140585667,0.03757003136788959,0.007059557928199504
1453,0.72,0.07228927405616467,0.1239939,0.07228927,6.999545e+07,0.4416809,9.682689e+08,0.005048618300454477,1.845402222427565e-05,231557332.6056856,27120994.79929314,0.1171243,0.17110884051781372,0.15956580666807885,0.018593590580106116
1454,0.72,0.07228927405616467,0.1239939,0.07228927,6.999545e+07,0.4416809,9.682689e+08,0.042405334822392185,0.0015234845470111832,72229328.47556491,7786547.6004085615,0.1078031,0.05337372178094763,0.05645579366725473,0.005448043851955865
1455,0.72,0.07228927405616467,0.1239939,0.07228927,6.999545e+07,0.4416809,9.682689e+08,0.06696013375872263,0.006521770446971093,15950375.56469094,2256968.3425751785,0.1414994,0.0117864989978336,0.021893729265192747,0.002018673641234373
1456,0.72,0.07228927405616467,0.1239939,0.07228927,6.999545e+07,0.4416809,9.682689e+08,0.0,0.0,196928296.08333904,24936155.03226687,0.1266256,0.1455197813379091,0.1350002619841798,0.01709448326719647
1457,0.72,0.07228927405616467,0.1239939,0.07228927,6.999545e+07,0.4416809,9.682689e+08,0.035446315430947575,0.00028900773827151,83470889.64717436,10328725.028226972,0.1237404,0.06168065154231136,0.0630232489220524,0.007101543404266056
1458,0.72,0.07228927405616467,0.1239939,0.07228927,6.999545e+07,0.4416809,9.682689e+08,0.0,0.0,577787205.2827713,82426958.42208311,0.1426597,0.42695473146737883,0.39609048387475726,0.056506155808260024
1459,0.72,0.07228927405616467,0.1239939,0.07228927,6.999545e+07,0.4416809,9.682689e+08,0.04898877889046861,0.0009666438795548575,50100838.89614486,6299019.544605141,0.1257268,0.037021917449219385,0.0423635521176166,0.004388045082084612
1460,0.72,0.07228927405616467,0.1239939,0.07228927,6.999545e+07,0.4416809,9.682689e+08,0.026879115546726173,2.695885923762709e-05,59179180.522321284,11134747.04743727,0.1881531,0.0437303403352477,0.04496837153399821,0.0076351523852099985
1461,0.72,0.07228927405616467,0.1239939,0.07228927,6.999545e+07,0.4416809,9.682689e+08,0.0,0.0,194571045.03217465,28824101.843902916,0.1481418,0.14377789525883172,0.13338429558524748,0.019759787586537653
1462,0.72,0.07228927405616467,0.1239939,0.07228927,6.999545e+07,0.4416809,9.682689e+08,0.022864759183800615,3.398581191030325e-05,81271681.09452373,14742389.546722542,0.1813964,0.06005555066009611,0.05945642038712359,0.010108807652406997
1463,0.72,0.07228927405616467,0.1239939,0.07228927,6.999545e+07,0.4416809,9.682689e+08,0.0004215038387677372,0.0,79940810.4391762,11242085.386035066,0.1406301,0.05907210637805524,0.05487081361138698,0.007706787204013471
1464,0.72,0.07228927405616467,0.1239939,0.07228927,6.999545e+07,0.4416809,9.682689e+08,0.0,0.0,142272970.91971684,13555927.427748073,0.09528112,0.1051323351204454,0.09753239493475897,0.009292995423116082
1465,0.72,0.07228927405616467,0.1239939,0.07228927,6.999545e+07,0.4416809,9.682689e+08,0.0,0.0,93451293.32113595,12824105.374823842,0.1372277,0.06905565142391461,0.06406366851300425,0.00879130942452926
1466,0.72,0.07228927405616467,0.1239939,0.07228927,6.999545e+07,0.4416809,9.682689e+08,0.0,0.0,138920941.5308109,17721888.716256868,0.1275682,0.10265535952367585,0.09523447810573472,0.012148887016910363
1467,0.72,0.07228927405616467,0.1239939,0.07228927,6.999545e+07,0.4416809,9.682689e+08,0.0,0.0,214270113.1416356,22643505.974580634,0.1056774,0.1583344833208957,0.14688859846357022,0.015522803475205366
1468,0.72,0.07228927405616467,0.1239939,0.07228927,6.999545e+07,0.4416809,9.682689e+08,0.0009349324833430741,0.0,147637050.14231238,17188374.661297634,0.1164232,0.10909611102810363,0.101362651399567,0.011783147107388887
1469,0.72,0.07228927405616467,0.1239939,0.07228927,6.999545e+07,0.4416809,9.682689e+08,6.799452124001293e-05,0.0,292346023.03100204,47876676.486046225,0.1637672,0.2160285250651595,0.20042310837719363,0.03282089977467128
1470,0.72,0.07228927405616467,0.1239939,0.07228927,6.999545e+07,0.4416809,9.682689e+08,0.04058546385457637,0.00035266078660852867,61806335.22533479,8284154.603044705,0.1340341,0.04567167119285892,0.049012663089948665,0.005704530398903698
1471,0.72,0.07228927405616467,0.1239939,0.07228927,6.999545e+07,0.4416809,9.682689e+08,0.0,0.0,24045474.58542412,2574509.3929309584,0.1070684,0.017768356673112995,0.016483895068042643,0.0017649035178739665
1472,0.72,0.07228927405616467,0.1239939,0.07228927,6.999545e+07,0.4416809,9.682689e+08,0.0,0.0,35689157.030089445,5103138.219309127,0.1429885,0.026372433167019656,0.024465989118281083,0.0034983545292884854
1473,0.72,0.07228927405616467,0.1239939,0.07228927,6.999545e+07,0.4416809,9.682689e+08,0.05429928159744153,0.020071331205795444,606909.5406849813,63207.81073125963,0.104147,0.0004484746245658566,0.0093031391803829,0.0014942728149997966
1474,0.72,0.07228927405616467,0.1239939,0.07228927,6.999545e+07,0.4416809,9.682689e+08,1.643767370363345e-09,0.0,559128302.5376276,74701052.92531744,0.1336027,0.41316677157801096,0.3832992458655403,0.05120981553176167
1475,0.72,0.07228927405616467,0.1239939,0.07228927,6.999545e+07,0.4416809,9.682689e+08,0.0028223768661331896,6.562194317337564e-06,223886889.97180912,26913787.690231502,0.1202115,0.16544078185358646,0.1539431221516846,0.018450684231480077
1476,0.72,0.07228927405616467,0.1239939,0.07228927,6.999545e+07,0.4416809,9.682689e+08,0.0031125939181194822,0.0009733074683580695,25505.630242377087,2334.020412180187,0.09151001,1.884733585561293e-05,0.000526918596092321,7.195973141919197e-05
1477,0.72,0.07228927405616467,0.1239939,0.07228927,6.999545e+07,0.4416809,9.682689e+08,0.0024524701053824658,1.3534077222231175e-06,231124787.5143266,25723994.932733156,0.1112992,0.17078921216391424,0.15884437621589909,0.017634669019710152
1478,0.72,0.07228927405616467,0.1239939,0.07228927,6.999545e+07,0.4416809,9.682689e+08,0.0,0.0,413680414.76550025,55257261.767216966,0.1335748,0.3056883378251309,0.2835903497963165,0.03788051267119972
1479,0.72,0.07228927405616467,0.1239939,0.07228927,6.999545e+07,0.4416809,9.682689e+08,0.03467999218334028,0.00014069343982683362,40453081.930224426,5137562.7016863795,0.1270005,0.02989272620547912,0.03340782661996878,0.003532124172575507
1480,0.72,0.07228927405616467,0.1239939,0.07228927,6.999545e+07,0.4416809,9.682689e+08,0.0,0.0,418118083.5775469,72028758.92592229,0.1722689,0.30896754456191083,0.28663250505861454,0.04937787772905797
1481,0.72,0.07228927405616467,0.1239939,0.07228927,6.999545e+07,0.4416809,9.682689e+08,0.04847103576546975,0.003322695044498172,52408152.07839278,4915699.525292423,0.09379647,0.03872690203719704,0.04386054634304945,0.0036100548872313514
1482,0.72,0.07228927405616467,0.1239939,0.07228927,6.999545e+07,0.4416809,9.682689e+08,0.0,0.0,457143342.9949356,66941274.77378585,0.1464339,0.337805184098843,0.3133854925679286,0.045890254533008344
1483,0.72,0.07228927405616467,0.1239939,0.07228927,6.999545e+07,0.4416809,9.682689e+08,2.7486622347448313e-06,0.0,412888511.28090906,73875073.43461445,0.1789226,0.30510316228555445,0.2830479260412425,0.050643581781426104
1484,0.72,0.07228927405616467,0.1239939,0.07228927,6.999545e+07,0.4416809,9.682689e+08,0.022705264160328135,0.006938315529200613,183276.19932794457,19093.34233247022,0.104178,0.0001354315909957338,0.003841778908322133,0.0005146548524428941
1485,0.72,0.07228927405616467,0.1239939,0.07228927,6.999545e+07,0.4416809,9.682689e+08,1.2115583648976312e-06,0.0,375360593.2330291,56801470.743627645,0.1513251,0.27737198024108395,0.25732115943993095,0.03893911430702325
1486,0.72,0.07228927405616467,0.1239939,0.07228927,6.999545e+07,0.4416809,9.682689e+08,0.0,0.0,240417896.53967226,34134752.10729628,0.1419809,0.17765633700180625,0.1648136893684683,0.02340039785496273
1487,0.72,0.07228927405616467,0.1239939,0.07228927,6.999545e+07,0.4416809,9.682689e+08,6.740169391349715e-06,0.0,325892658.66905975,40034561.73107736,0.1228459,0.24081774621703883,0.22341030931689054,0.027444894561165712
1488,0.72,0.07228927405616467,0.1239939,0.07228927,6.999545e+07,0.4416809,9.682689e+08,0.007575541325055844,0.00032311901993451863,74772497.60006303,8300148.84698241,0.1110054,0.055252991658678516,0.05249867083509417,0.005713359380665462
1489,0.72,0.07228927405616467,0.1239939,0.07228927,6.999545e+07,0.4416809,9.682689e+08,0.00020096508951194026,0.0,190566955.21317008,22132186.50183267,0.1161386,0.14081908087558886,0.13067226340980728,0.01517227861843529
1490,0.72,0.07228927405616467,0.1239939,0.07228927,6.999545e+07,0.4416809,9.682689e+08,0.004416164031483155,6.251089977783822e-08,141454037.59504122,20587997.978795048,0.1455455,0.10452718593311536,0.0976937786882346,0.014113695522880897
1491,0.72,0.07228927405616467,0.1239939,0.07228927,6.999545e+07,0.4416809,9.682689e+08,0.0028325179785957336,1.8959113171519525e-07,155689628.03810057,28662233.618953414,0.1840985,0.11504654780081441,0.10719351047633414,0.019648835761799672
1492,0.72,0.07228927405616467,0.1239939,0.07228927,6.999545e+07,0.4416809,9.682689e+08,0.011817387894121954,0.0004272358142661273,94810997.07198127,8680337.807096345,0.09155412,0.0700604018657892,0.0669299209674453,0.0059815168598143535
1493,0.72,0.07228927405616467,0.1239939,0.07228927,6.999545e+07,0.4416809,9.682689e+08,0.000994668680762465,7.570473155668475e-07,81276281.63960269,9929617.618162703,0.1221712,0.06005895022393351,0.055880128288273226,0.006807105853717785
1494,0.72,0.07228927405616467,0.1239939,0.07228927,6.999545e+07,0.4416809,9.682689e+08,1.5454069541953061e-07,0.0,460821445.416796,67664906.23049523,0.1468354,0.34052311072905694,0.3159069675485573,0.046386325631873775
1495,0.72,0.07228927405616467,0.1239939,0.07228927,6.999545e+07,0.4416809,9.682689e+08,0.0017381883836180393,2.830327750885886e-06,148318484.8229528,15381299.38114812,0.1037045,0.10959965585987781,0.1019612630661573,0.01054454732713075
1496,0.72,0.07228927405616467,0.1239939,0.07228927,6.999545e+07,0.4416809,9.682689e+08,0.0,0.0,512177719.1423438,59537987.91068502,0.1162448,0.3784727293034686,0.3511132104520655,0.04081507902019281
1497,0.72,0.07228927405616467,0.1239939,0.07228927,6.999545e+07,0.4416809,9.682689e+08,0.0,0.0,483083765.0918457,67066176.042721294,0.1388293,0.3569738085496326,0.3311684310725153,0.045975878104449315
1498,0.72,0.07228927405616467,0.1239939,0.07228927,6.999545e+07,0.4416809,9.682689e+08,0.009163269424283988,3.015531406691106e-06,141519183.16166505,22565207.389805146,0.1594498,0.10457532512285486,0.09851538976762736,0.015469345434109655
1499,0.72,0.07228927405616467,0.1239939,0.07228927,6.999545e+07,0.4416809,9.682689e+08,0.06730509207823854,0.0011817561450478198,39877330.82111554,6113438.833435147,0.1533061,0.029467276043318946,0.038352834599852115,0.004276374239912307
1500,0.72,0.07228927405616467,0.1239939,0.07228927,6.999545e+07,0.4416809,9.682689e+08,0.0,0.0,114128646.46849792,16447562.45883633,0.1441142,0.08433514131183535,0.07823861516897869,0.011275298091262582
1501,0.72,0.07228927405616467,0.1239939,0.07228927,6.999545e+07,0.4416809,9.682689e+08,6.322887299137973e-05,1.519069668817601e-08,221945938.08328152,30837197.622288015,0.1389401,0.16400651923097986,0.15216095559299342,0.021139826306915337
1502,0.72,0.07228927405616467,0.1239939,0.07228927,6.999545e+07,0.4416809,9.682689e+08,0.0,0.0,616697918.441414,77192730.10746375,0.1251711,0.455707727269219,0.4227649464831424,0.05291793508116051
1503,0.72,0.07228927405616467,0.1239939,0.07228927,6.999545e+07,0.4416809,9.682689e+08,0.00028228622088420803,0.0,236203426.53288525,40705241.23506561,0.1723313,0.1745420625880202,0.16197074496655792,0.02790466550595425
1504,0.72,0.07228927405616467,0.1239939,0.07228927,6.999545e+07,0.4416809,9.682689e+08,0.0,0.0,81849164.54277804,12517579.922828782,0.1529347,0.060482280930898163,0.056110060749142515,0.008581177020262482
1505,0.72,0.07228927405616467,0.1239939,0.07228927,6.999545e+07,0.4416809,9.682689e+08,0.00045324101747750925,0.0,221142557.09627068,29152036.87307366,0.1318246,0.16341286241331573,0.15167404651627658,0.019984596899025205
1506,0.72,0.07228927405616467,0.1239939,0.07228927,6.999545e+07,0.4416809,9.682689e+08,0.006108248255837137,2.6910893173353205e-06,84903504.6212371,11947148.464147277,0.1407144,0.06273927959076002,0.05920363072418537,0.008190323658516283
1507,0.72,0.07228927405616467,0.1239939,0.07228927,6.999545e+07,0.4416809,9.682689e+08,2.7012232726418986e-05,0.0,268054924.60545808,31712892.414743222,0.1183074,0.1980786651331624,0.18376412327752298,0.02174014029174681
1508,0.72,0.07228927405616467,0.1239939,0.07228927,6.999545e+07,0.4416809,9.682689e+08,0.0018576074516625898,0.0,157700303.95858908,23216685.64894696,0.1472203,0.1165323328612156,0.10841232702501856,0.015915735358243213
1509,0.72,0.07228927405616467,0.1239939,0.07228927,6.999545e+07,0.4416809,9.682689e+08,0.014066431630249798,0.0021690381844795235,76478.68774470367,9570.667322113519,0.1251416,5.6513777547284025e-05,0.0023546608481023173,0.00016335917567392302
1510,0.72,0.07228927405616467,0.1239939,0.07228927,6.999545e+07,0.4416809,9.682689e+08,1.250758663155869e-09,0.0,579313408.0314786,65054775.926103845,0.1122963,0.42808251601985986,0.3971367419053575,0.04459700290926938
1511,0.72,0.07228927405616467,0.1239939,0.07228927,6.999545e+07,0.4416809,9.682689e+08,2.1120275266734276e-07,0.0,312354197.6907904,39263763.528285116,0.1257027,0.23081352681133277,0.21412821908304583,0.026916489241140748
1512,0.72,0.07228927405616467,0.1239939,0.07228927,6.999545e+07,0.4416809,9.682689e+08,0.0,0.0,122014451.59892398,11548124.113810161,0.09464554,0.09016234167397796,0.08364457144716221,0.007916585944208016
1513,0.72,0.07228927405616467,0.1239939,0.07228927,6.999545e+07,0.4416809,9.682689e+08,0.022601242342998137,0.005540074959112399,16359.351457321578,2047.104078280143,0.1251336,1.2088710938178123e-05,0.003710327295942739,0.00040189134834428997
1514,0.72,0.07228927405616467,0.1239939,0.07228927,6.999545e+07,0.4416809,9.682689e+08,0.06594443929922351,0.003095444029382772,37328274.61214265,4284518.358350919,0.1147794,0.027583655915966628,0.0363826839423278,0.003160933427965388
1515,0.72,0.07228927405616467,0.1239939,0.07228927,6.999545e+07,0.4416809,9.682689e+08,0.0035050025548575775,3.587934871471904e-06,124768751.4699363,17363975.957846135,0.1391693,0.09219762620616691,0.08610638540944696,0.011903786439812651
1516,0.72,0.07228927405616467,0.1239939,0.07228927,6.999545e+07,0.4416809,9.682689e+08,1.1097478173499486e-06,0.0,135644684.49641302,19643157.82720494,0.1448133,0.1002343757608823,0.09298868713246683,0.01346597470049209
1517,0.72,0.07228927405616467,0.1239939,0.07228927,6.999545e+07,0.4416809,9.682689e+08,0.000742235238129257,0.0,189005811.95830134,40173490.08295643,0.2125516,0.13966547710404395,0.12969064171560307,0.027540134119287765
1518,0.72,0.07228927405616467,0.1239939,0.07228927,6.999545e+07,0.4416809,9.682689e+08,0.0,0.0,59093513.389005445,9035870.458447699,0.152908,0.04366703677371843,0.040510378385162464,0.006194360604376114
1519,0.72,0.07228927405616467,0.1239939,0.07228927,6.999545e+07,0.4416809,9.682689e+08,4.2499209003173214e-07,0.0,360810109.2830509,42917624.95379024,0.118948,0.26661992842895876,0.24734623691176008,0.029421320997204542
1520,0.72,0.07228927405616467,0.1239939,0.07228927,6.999545e+07,0.4416809,9.682689e+08,0.0,0.0,302322406.51980305,44626584.08269316,0.1476126,0.22340055423875815,0.20725109034909345,0.03059286381106464
1521,0.72,0.07228927405616467,0.1239939,0.07228927,6.999545e+07,0.4416809,9.682689e+08,0.03985717292631302,0.00026999168946825926,49019925.91394413,8077993.153325771,0.16479,0.03622317890354797,0.04012799713195781,0.005557224443752379
1522,0.72,0.07228927405616467,0.1239939,0.07228927,6.999545e+07,0.4416809,9.682689e+08,0.00010172775426491673,0.0,344604726.684793,51806307.45442509,0.1503355,0.25464499247969496,0.23625354046491542,0.035514779835502094
1523,0.72,0.07228927405616467,0.1239939,0.07228927,6.999545e+07,0.4416809,9.682689e+08,0.0003658242029334609,0.0,219603777.08944073,33254825.434684414,0.151431,0.1622757839204095,0.15060485921924632,0.022797181691048943
1524,0.72,0.07228927405616467,0.1239939,0.07228927,6.999545e+07,0.4416809,9.682689e+08,0.026202668964672722,0.0006188143731397774,56836056.26363995,7116583.66686501,0.1252125,0.04199889322199709,0.043251376447187455,0.004923365502070907
1525,0.72,0.07228927405616467,0.1239939,0.07228927,6.999545e+07,0.4416809,9.682689e+08,3.966834658172146e-06,0.0,307932824.3003281,33705105.15930915,0.109456,0.22754636154463567,0.21109784950051258,0.023105861967065645
1526,0.72,0.07228927405616467,0.1239939,0.07228927,6.999545e+07,0.4416809,9.682689e+08,0.0004558068690614102,0.0,196519191.54582432,33876581.23330986,0.1723831,0.14521747433567772,0.13479440978313884,0.023223413966318805
1527,0.72,0.07228927405616467,0.1239939,0.07228927,6.999545e+07,0.4416809,9.682689e+08,1.0433186378659511e-07,0.0,96859887.35156758,9923216.12130404,0.1024492,0.07157442535251347,0.06640037917863756,0.006802662708942318
1528,0.72,0.07228927405616467,0.1239939,0.07228927,6.999545e+07,0.4416809,9.682689e+08,0.00023647262315021914,0.0,188102355.55817026,27815041.997782633,0.1478718,0.13899786975451522,0.1289885177849771,0.0190680467534869
1529,0.72,0.07228927405616467,0.1239939,0.07228927,6.999545e+07,0.4416809,9.682689e+08,0.0,0.0,576372389.317334,78436856.31064284,0.1360871,0.4259092559617324,0.3951205850344575,0.053770820962524564
1530,0.72,0.07228927405616467,0.1239939,0.07228927,6.999545e+07,0.4416809,9.682689e+08,0.0,0.0,488905684.045663,63789753.20835566,0.1304746,0.36127590423611533,0.33515953138490207,0.04372979183951193
1531,0.72,0.07228927405616467,0.1239939,0.07228927,6.999545e+07,0.4416809,9.682689e+08,0.0008978615017074411,1.1058616842410493e-07,189596190.16208014,28497771.440252356,0.1503077,0.14010173592935873,0.13012083483139433,0.019536086287235212
1532,0.72,0.07228927405616467,0.1239939,0.07228927,6.999545e+07,0.4416809,9.682689e+08,3.397896297089299e-06,5.07033794101443e-09,423762098.6200106,52613961.39335222,0.1241592,0.31313817849914666,0.2905022030249195,0.036068451236192574
1533,0.72,0.07228927405616467,0.1239939,0.07228927,6.999545e+07,0.4416809,9.682689e+08,0.0,0.0,278874108.8679542,37302694.11012129,0.1337618,0.20607348029911857,0.19117657800606788,0.025572117251504274
1534,0.72,0.07228927405616467,0.1239939,0.07228927,6.999545e+07,0.4416809,9.682689e+08,1.4239648717121647e-05,0.0,147206064.92502338,18141120.274775025,0.1232362,0.10877763534011399,0.10091650963043017,0.012436282842485553
1535,0.72,0.07228927405616467,0.1239939,0.07228927,6.999545e+07,0.4416809,9.682689e+08,0.0,0.0,217470368.8060257,27908547.394165788,0.1283326,0.16069930601915525,0.14908246984570106,0.01913214751127398
1536,0.72,0.07228927405616467,0.1239939,0.07228927,6.999545e+07,0.4416809,9.682689e+08,0.9557849655471574,0.3830295830697707,68.43047790570135,10.786692019516186,0.1576299,5.0566568541638686e-08,0.15643198238702213,0.027688937896750514
1537,0.72,0.07228927405616467,0.1239939,0.07228927,6.999545e+07,0.4416809,9.682689e+08,0.0,0.0,11411072.214315733,1320773.8962782423,0.1157449,0.008432189616649021,0.007822632750557534,0.0009054301772050624
1538,0.72,0.07228927405616467,0.1239939,0.07228927,6.999545e+07,0.4416809,9.682689e+08,3.095092587008481e-07,0.0,493796821.57980806,70285870.1433965,0.1423376,0.3648902008030303,0.3385126037337014,0.0481830751185144
1539,0.72,0.07228927405616467,0.1239939,0.07228927,6.999545e+07,0.4416809,9.682689e+08,0.0,0.0,32888930.012294155,4322194.607338739,0.1314179,0.024303210859050114,0.022546349388815484,0.002962994226540232
1540,0.72,0.07228927405616467,0.1239939,0.07228927,6.999545e+07,0.4416809,9.682689e+08,4.504738836547674e-05,0.0,394209257.2198608,52275929.81107682,0.1326096,0.2913001638308851,0.2702496592956576,0.035836720066756526
1541,0.72,0.07228927405616467,0.1239939,0.07228927,6.999545e+07,0.4416809,9.682689e+08,0.02510343189740307,0.00907549380383417,288037.1498719611,23839.27068720482,0.08276457,0.00021284449162564266,0.004306100312843237,0.0006724033948825811
1542,0.72,0.07228927405616467,0.1239939,0.07228927,6.999545e+07,0.4416809,9.682689e+08,1.2634673638427056e-09,0.0,48401576.048957184,5892643.565409849,0.1217449,0.03576625047359219,0.03318073439793511,0.00403958415794684
1543,0.72,0.07228927405616467,0.1239939,0.07228927,6.999545e+07,0.4416809,9.682689e+08,0.005982639132808359,1.3643018233432529e-06,137642715.19860727,23952849.151084792,0.1740219,0.10171081666182165,0.09533738540901288,0.01642049617505591
1544,0.72,0.07228927405616467,0.1239939,0.07228927,6.999545e+07,0.4416809,9.682689e+08,0.00013544445278535438,0.0,313591112.56747067,46020035.624751344,0.1467517,0.2317275426534845,0.21499829481287874,0.03154811669742742
1545,0.72,0.07228927405616467,0.1239939,0.07228927,6.999545e+07,0.4416809,9.682689e+08,0.03005163997013691,0.011670392278494044,535947.9916120961,49026.59687263515,0.09147641,0.0003960377259085122,0.005285916661136218,0.0008772533905021622
1546,0.72,0.07228927405616467,0.1239939,0.07228927,6.999545e+07,0.4416809,9.682689e+08,0.0,0.0,50136450.323946185,5631514.644938366,0.1123238,0.03704823244452401,0.034370042616045315,0.0038605724395883076
1547,0.72,0.07228927405616467,0.1239939,0.07228927,6.999545e+07,0.4416809,9.682689e+08,0.0,0.0,230968854.5690817,32446993.358520538,0.1404821,0.17067398581733673,0.1583360872823293,0.022243388538463117
1548,0.72,0.07228927405616467,0.1239939,0.07228927,6.999545e+07,0.4416809,9.682689e+08,0.0052163906869069,1.980993137049265e-08,182806468.05514994,24339420.048479535,0.1331431,0.13508448398539474,0.12617308378025677,0.016685404944079146
1549,0.72,0.07228927405616467,0.1239939,0.07228927,6.999545e+07,0.4416809,9.682689e+08,0.0027559256122660705,2.176483610659612e-05,115403226.75074568,11520915.542197863,0.09983183,0.08527698993216674,0.07956343657376205,0.007899507015322068
1550,0.72,0.07228927405616467,0.1239939,0.07228927,6.999545e+07,0.4416809,9.682689e+08,0.0,0.0,269423351.0258323,38917366.128567345,0.1444469,0.19908986117471858,0.18469779963845553,0.026679023419099883
1551,0.72,0.07228927405616467,0.1239939,0.07228927,6.999545e+07,0.4416809,9.682689e+08,3.6452526018630683e-10,0.0,606212729.9061681,65495859.201488644,0.108041,0.4479597175962463,0.4155770348644704,0.044899378743103784
1552,0.72,0.07228927405616467,0.1239939,0.07228927,6.999545e+07,0.4416809,9.682689e+08,6.715747848200222e-16,0.0,182625103.23129863,26315011.729668833,0.1440931,0.13495046480158956,0.12519499366754075,0.018039730949170676
1553,0.72,0.07228927405616467,0.1239939,0.07228927,6.999545e+07,0.4416809,9.682689e+08,0.04920945326011601,0.0011602789043016696,33181074.466126394,4940992.882836596,0.14891,0.02451909043494793,0.03080066284504769,0.0034710747505674023
1554,0.72,0.07228927405616467,0.1239939,0.07228927,6.999545e+07,0.4416809,9.682689e+08,2.5035110350953356e-07,0.0,506143935.37941575,73209884.33835848,0.1446424,0.37401407652839996,0.3469769114239762,0.05018757467605017
1555,0.72,0.07228927405616467,0.1239939,0.07228927,6.999545e+07,0.4416809,9.682689e+08,0.00016875483743787124,4.6706197294185244e-08,170720715.6004339,19403307.423446763,0.1136553,0.12615374071744861,0.11706179824036668,0.01330155342082788
1556,0.72,0.07228927405616467,0.1239939,0.07228927,6.999545e+07,0.4416809,9.682689e+08,0.0,0.0,442718301.7335899,56059152.03882479,0.1266249,0.3271458279174794,0.3034966935068218,0.03843023253829189
1557,0.72,0.07228927405616467,0.1239939,0.07228927,6.999545e+07,0.4416809,9.682689e+08,0.0,0.0,353263129.15330577,47478803.69360843,0.1344007,0.26104310214200765,0.24217248579079262,0.03254814602478484
1558,0.72,0.07228927405616467,0.1239939,0.07228927,6.999545e+07,0.4416809,9.682689e+08,2.6946688642358063e-06,0.0,313343214.12877107,50468528.292464,0.1610647,0.2315443585844043,0.21480662602307202,0.034597692037894305
1559,0.72,0.07228927405616467,0.1239939,0.07228927,6.999545e+07,0.4416809,9.682689e+08,0.0,0.0,580456064.1685404,83570926.08688603,0.1439746,0.4289268795497168,0.39792006680389175,0.05729038000316428
1560,0.72,0.07228927405616467,0.1239939,0.07228927,6.999545e+07,0.4416809,9.682689e+08,0.00014626418501578926,6.798619388473664e-10,297471078.10943985,40220696.66601468,0.1352088,0.2198156745464275,0.20394929785377452,0.027572495699037202
1561,0.72,0.07228927405616467,0.1239939,0.07228927,6.999545e+07,0.4416809,9.682689e+08,0.0,0.0,207040922.4650452,31940370.66867466,0.1542708,0.15299248693220868,0.14193277111583205,0.021896083467446918
1562,0.72,0.07228927405616467,0.1239939,0.07228927,6.999545e+07,0.4416809,9.682689e+08,0.0,0.0,409881376.68406314,62133027.269033685,0.1515878,0.3028810460245094,0.28098599508202576,0.04259405644600707
1563,0.72,0.07228927405616467,0.1239939,0.07228927,6.999545e+07,0.4416809,9.682689e+08,0.0,0.0,196895480.33367205,29713689.329550605,0.150911,0.14549553220352388,0.1349777658021158,0.020369626527963633
1564,0.72,0.07228927405616467,0.1239939,0.07228927,6.999545e+07,0.4416809,9.682689e+08,0.03275795322668559,0.0009020821773532549,74846157.7997113,8933458.716563895,0.1193576,0.05530742271992929,0.05667073585188971,0.006189365144973565
1565,0.72,0.07228927405616467,0.1239939,0.07228927,6.999545e+07,0.4416809,9.682689e+08,0.007577169060182567,3.985452340545333e-06,124490046.03652191,20483216.52932749,0.164537,0.0919916773682661,0.08658181003399934,0.014042148278601221
1566,0.72,0.07228927405616467,0.1239939,0.07228927,6.999545e+07,0.4416809,9.682689e+08,0.0,0.0,296034093.43549776,37628006.03193205,0.127107,0.21875381751675266,0.20294026285145186,0.025795128345107825
1567,0.72,0.07228927405616467,0.1239939,0.07228927,6.999545e+07,0.4416809,9.682689e+08,0.0,0.0,130910616.56194742,16795855.47894777,0.1283002,0.09673614546912829,0.08974315973817344,0.011514063418020944
1568,0.72,0.07228927405616467,0.1239939,0.07228927,6.999545e+07,0.4416809,9.682689e+08,2.600551516788923e-05,0.0,290866150.2420086,48538406.74674266,0.1668754,0.21493497594629082,0.19940173885070636,0.033274535744380135
1569,0.72,0.07228927405616467,0.1239939,0.07228927,6.999545e+07,0.4416809,9.682689e+08,8.156775285281786e-09,0.0,464978338.97144485,75441886.12395073,0.1622482,0.3435948391355297,0.3187566189799851,0.05171767894139452
1570,0.72,0.07228927405616467,0.1239939,0.07228927,6.999545e+07,0.4416809,9.682689e+08,0.0003138841449727351,0.0,200870084.42778033,30601523.610964574,0.1523449,0.14843255816770845,0.13775384925304482,0.02097826359522744
1571,0.72,0.07228927405616467,0.1239939,0.07228927,6.999545e+07,0.4416809,9.682689e+08,3.2738433829401084e-05,0.0,287870396.465313,46237311.54614758,0.1606185,0.21272126952015857,0.19734916162209948,0.03169706586773321
1572,0.72,0.07228927405616467,0.1239939,0.07228927,6.999545e+07,0.4416809,9.682689e+08,0.0014434233245109636,0.0,128121036.54398118,19728316.034444477,0.1539819,0.09467479074097253,0.08806706184348641,0.013524353209401626
1573,0.72,0.07228927405616467,0.1239939,0.07228927,6.999545e+07,0.4416809,9.682689e+08,1.3434981045734524e-44,0.0,424942649.11050093,64934207.696800455,0.152807,0.31401054398775985,0.2913109497169033,0.04451434976664513
1574,0.72,0.07228927405616467,0.1239939,0.07228927,6.999545e+07,0.4416809,9.682689e+08,0.010134673712485213,0.0006219180615295261,10278.60863710629,1286.1317471620494,0.125127,7.5953578590689755e-06,0.001665773604346457,4.583968713384671e-05
1575,0.72,0.07228927405616467,0.1239939,0.07228927,6.999545e+07,0.4416809,9.682689e+08,0.02062384676003335,0.0001737887596871027,92664810.31366241,12467069.177056205,0.1345394,0.06847448133536067,0.06689998579772323,0.008559113450150809
1576,0.72,0.07228927405616467,0.1239939,0.07228927,6.999545e+07,0.4416809,9.682689e+08,0.0,0.0,183125381.60391116,30567257.644621283,0.1669198,0.1353201445319207,0.12553794951853287,0.0209547732460725
1577,0.72,0.07228927405616467,0.1239939,0.07228927,6.999545e+07,0.4416809,9.682689e+08,0.046126428283027626,0.0023222559048849695,12194263.657657268,2311426.5353855873,0.1895503,0.009010927410290167,0.015908979452504975,0.0017524265104988052
1578,0.72,0.07228927405616467,0.1239939,0.07228927,6.999545e+07,0.4416809,9.682689e+08,0.0,0.0,11779261.261347083,1423877.9554188815,0.1208801,0.008704262196774028,0.008075037401374715,0.0009761111066217684
1579,0.72,0.07228927405616467,0.1239939,0.07228927,6.999545e+07,0.4416809,9.682689e+08,0.08747205304672888,0.006907372368653797,32874343.75120418,3176869.535728121,0.09663674,0.024292432369789983,0.03685277379517421,0.00267716842266326
1580,0.72,0.07228927405616467,0.1239939,0.07228927,6.999545e+07,0.4416809,9.682689e+08,0.0,0.0,465994083.1429077,62639482.68810995,0.1344212,0.3443454213152687,0.3194529407838237,0.04294124684788649
1581,0.72,0.07228927405616467,0.1239939,0.07228927,6.999545e+07,0.4416809,9.682689e+08,0.0,0.0,294648063.79112375,42468828.24223734,0.1441341,0.21772961360706256,0.20199009789887876,0.029113657371192973
1582,0.72,0.07228927405616467,0.1239939,0.07228927,6.999545e+07,0.4416809,9.682689e+08,0.0,0.0,551563733.2291495,80808363.3744846,0.1465078,0.4075769478016485,0.37811350612304,0.05539656028634669
1583,0.72,0.07228927405616467,0.1239939,0.07228927,6.999545e+07,0.4416809,9.682689e+08,2.620740246733214e-07,0.0,337877490.9828351,43907071.56762285,0.1299497,0.24967391474314052,0.23162521158887261,0.030099616370411007
1584,0.72,0.07228927405616467,0.1239939,0.07228927,6.999545e+07,0.4416809,9.682689e+08,0.0,0.0,74375541.53075035,12626980.726369523,0.1697733,0.054959661743394575,0.05098666769359221,0.008656174557097053
1585,0.72,0.07228927405616467,0.1239939,0.07228927,6.999545e+07,0.4416809,9.682689e+08,0.0,0.0,427849467.73303545,67350117.49263857,0.1574155,0.316158531954716,0.2933036611930468,0.04617052849694942
1586,0.72,0.07228927405616467,0.1239939,0.07228927,6.999545e+07,0.4416809,9.682689e+08,3.4166229403323226e-05,0.0,396939992.0430634,51984093.43920367,0.1309621,0.29331803501683235,0.2721198791349691,0.03563665746812055
1587,0.72,0.07228927405616467,0.1239939,0.07228927,6.999545e+07,0.4416809,9.682689e+08,0.0,0.0,302339919.4198465,38412308.85738048,0.1270501,0.22341349536218022,0.20726309596809786,0.02633279148959399
1588,0.72,0.07228927405616467,0.1239939,0.07228927,6.999545e+07,0.4416809,9.682689e+08,0.0,0.0,239604682.59954438,35820673.15489866,0.1494991,0.17705541414256276,0.16425620678648328,0.02455614737211005
1589,0.72,0.07228927405616467,0.1239939,0.07228927,6.999545e+07,0.4416809,9.682689e+08,0.0,0.0,500771138.3242156,61567966.47081101,0.1229463,0.370043858595296,0.3432936566884999,0.04220669029642759
